{
  "FileInfo": {
    "filename": "K2-00480-CL40222-CP35148-05-04-S2.json",
    "sessionLevel": "2"
  },
  "participantsInfo": {
    "numberOfParticipants": "2",
    "speaker1": {
      "participantID": "4341",
      "gender": "남성",
      "age": "50대",
      "occupation": "관리직",
      "bPlace": "부산/대구/울산/경상",
      "gPlace": "부산/대구/울산/경상",
      "rPlace": "서울/경기/인천",
      "educationLevel": "대학원졸"
    },
    "speaker2": {
      "participantID": "4329",
      "gender": "여성",
      "age": "40대",
      "occupation": "주부",
      "bPlace": "서울/경기/인천",
      "gPlace": "서울/경기/인천",
      "rPlace": "서울/경기/인천",
      "educationLevel": "대학원졸"
    }
  },
  "multisessionInfo": {
    "multisessionID": "2-00480"
  },
  "personaInfo": {
    "clInfo": {
      "personaID": "40222",
      "personaFeatures": [
        "나는 남자이다.",
        "나는 40대이다.",
        "나의 거주지는 부천이다",
        "나는 에어로빅을 싫어한다",
        "나는 TV 시사 프로그램을 싫어한다"
      ],
      "speakerType": "speaker1"
    },
    "cpInfo": {
      "personaID": "35148",
      "personaFeatures": [
        "나는 여자이다.",
        "나는 30대이다.",
        "나는 햄스터 한 마리를 키운다",
        "나는 과학교육과를 전공했다",
        "나는 실내에서 수영하는 것을 좋아한다",
        "나는 가끔 만족스럽다",
        "나는 국내 주식에 관심이 많다"
      ],
      "speakerType": "speaker2"
    }
  },
  "topicInfo": {
    "topicID": "05-04",
    "topicType": "일과 직업>군대",
    "topicTitle": "훈련"
  },
  "sessionInfo": [
    {
      "prevSessionID": null,
      "prevTimeInfo": {
        "timeNum": null,
        "timeUnit": null
      },
      "nthSession": "1",
      "numberOfUtterances": "14",
      "numberOfTurns": "7",
      "sessionID": "2-00480-1",
      "dialog": [
        {
          "speaker": "speaker1",
          "personaID": "40222",
          "participantID": "4341",
          "utterance": "안녕하세요 저는 40대 남성입니다",
          "summary": "나는 40대 남성이다",
          "date": "2022-11-15",
          "time": "17:18:49",
          "terminate": "false"
        },
        {
          "speaker": "speaker2",
          "personaID": "35148",
          "participantID": "4329",
          "utterance": "안녕하세요. 저는 30대 여성입니다.",
          "summary": "나는 30대 여성이다",
          "date": "2022-11-15",
          "time": "17:19:30",
          "terminate": "false"
        },
        {
          "speaker": "speaker1",
          "personaID": "40222",
          "participantID": "4341",
          "utterance": "저는 부천에 거주하고 있어요 어디에 살고 계세요?",
          "summary": "나는 부천에 산다",
          "date": "2022-11-15",
          "time": "19:14:17",
          "terminate": "false"
        },
        {
          "speaker": "speaker2",
          "personaID": "35148",
          "participantID": "4329",
          "utterance": "서울에 살아요. 과학교육과를 전공하고 실내에서 수영하는것을 좋아합니다.",
          "summary": "나는 서울에 살고 과학교육과를 전공했다. 나는 실내에서 수영하는 것을 좋아한다",
          "date": "2022-11-15",
          "time": "19:58:48",
          "terminate": "false"
        },
        {
          "speaker": "speaker1",
          "personaID": "40222",
          "participantID": "4341",
          "utterance": "수영하시는거 보니 운동을 좋아하시나 봐요 저는 에어로빅을 싫어 합니다 몸이 힘들어해요",
          "summary": "나는 에어로빅을 싫어한다",
          "date": "2022-11-15",
          "time": "21:29:58",
          "terminate": "false"
        },
        {
          "speaker": "speaker2",
          "personaID": "35148",
          "participantID": "4329",
          "utterance": "수영하는것도 좋아하는데 저는 관심사가 많아요. 동물을 좋아해서 햄스터 한 마리를 키우고 국내 주식에도 관심이 있어요.",
          "summary": "나는 수영을 좋아하는데 나는 관심사가 많다. 나는 동물을 좋아해서 햄스터 한 마리 키운다. 나는 국내 주식도 관심이 있다",
          "date": "2022-11-15",
          "time": "22:03:04",
          "terminate": "false"
        },
        {
          "speaker": "speaker1",
          "personaID": "40222",
          "participantID": "4341",
          "utterance": "햄스터를 키우고 계시네요 저는 집에 구피가 있어요",
          "summary": "나는 구피를 키운다",
          "date": "2022-11-15",
          "time": "22:20:23",
          "terminate": "false"
        },
        {
          "speaker": "speaker2",
          "personaID": "35148",
          "participantID": "4329",
          "utterance": "저도 구피를 키우는데 집에 애완동물들이 있으니 행복해요. 가끔 만족스럽습니다. ",
          "summary": "나는 구피를 키우는데 집에 애완동물이 있어서 행복하다 가끔 만족스럽다",
          "date": "2022-11-16",
          "time": "00:51:29",
          "terminate": "false"
        },
        {
          "speaker": "speaker1",
          "personaID": "40222",
          "participantID": "4341",
          "utterance": "쿠피를 키우시고 계시군요 동료가 생겼네요^^",
          "summary": "",
          "date": "2022-11-16",
          "time": "07:31:33",
          "terminate": "false"
        },
        {
          "speaker": "speaker2",
          "personaID": "35148",
          "participantID": "4329",
          "utterance": "구피는 많은 신경을 안써서 잘 살더라고요. 새끼낳는것도 너무 신기해요.",
          "summary": "나는 구피가 새끼 낳는 것이 신기하다.",
          "date": "2022-11-16",
          "time": "10:17:56",
          "terminate": "false"
        },
        {
          "speaker": "speaker1",
          "personaID": "40222",
          "participantID": "4341",
          "utterance": "저는 TV시사프로그램을 싫어해요 좋아 하시는 프로그램이 있으세요?",
          "summary": "나는 TV 프로그램을 싫어한다",
          "date": "2022-11-16",
          "time": "20:41:30",
          "terminate": "false"
        },
        {
          "speaker": "speaker2",
          "personaID": "35148",
          "participantID": "4329",
          "utterance": "저는 예능프로그램을 좋아합니다",
          "summary": "나는 예능프로그램을 좋아한다",
          "date": "2022-11-16",
          "time": "22:15:14",
          "terminate": "false"
        },
        {
          "speaker": "speaker1",
          "personaID": "40222",
          "participantID": "4341",
          "utterance": "저도 @이름@을 좋아해서 예능프로를 가끔 봐요^^ ",
          "summary": "",
          "date": "2022-11-16",
          "time": "22:17:48",
          "terminate": "false"
        },
        {
          "speaker": "speaker2",
          "personaID": "35148",
          "participantID": "4329",
          "utterance": "TV보러 가야겠어요. 제가 좋아하는 프로그램하네요",
          "summary": "나는 TV 보러 가야겠다",
          "date": "2022-11-16",
          "time": "22:39:27",
          "terminate": "true"
        }
      ],
      "sessionPersonaSummary": {
        "speaker1": [
          "나는 40대 남성이다",
          "나는 부천에 산다",
          "나는 에어로빅을 싫어한다",
          "나는 구피를 키운다",
          "나는 TV 프로그램을 싫어한다"
        ],
        "speaker2": [
          "나는 30대 여성이다",
          "나는 서울에 살고 과학교육과를 전공했다. 나는 실내에서 수영하는 것을 좋아한다",
          "나는 수영을 좋아하는데 나는 관심사가 많다. 나는 동물을 좋아해서 햄스터 한 마리 키운다. 나는 국내 주식도 관심이 있다",
          "나는 구피를 키우는데 집에 애완동물이 있어서 행복하다 가끔 만족스럽다",
          "나는 구피가 새끼 낳는 것이 신기하다.",
          "나는 예능프로그램을 좋아한다",
          "나는 TV 보러 가야겠다"
        ]
      },
      "prevAggregatedpersonaSummary": {
        "speaker1": [],
        "speaker2": []
      }
    },
    {
      "prevSessionID": "2-00480-1",
      "prevTimeInfo": {
        "timeNum": "12",
        "timeUnit": "시간"
      },
      "nthSession": "2",
      "numberOfUtterances": "14",
      "numberOfTurns": "7",
      "sessionID": "2-00480-2",
      "dialog": [
        {
          "speaker": "speaker1",
          "personaID": "40222",
          "participantID": "4341",
          "utterance": "12시간 만이네요 잘 쉬셨어요 어제 좋아하는 TV프로 잘 보셨어요?",
          "summary": "",
          "date": "2022-11-16",
          "time": "22:44:35",
          "terminate": "false"
        },
        {
          "speaker": "speaker2",
          "personaID": "35148",
          "participantID": "4329",
          "utterance": "저 12시간 동안 본건 아닌지 모르겠어요. 하나에 빠져 너무 오래 시청했네요",
          "summary": "나는 하나에 빠지면 오래 시청한다",
          "date": "2022-11-16",
          "time": "22:46:06",
          "terminate": "false"
        },
        {
          "speaker": "speaker1",
          "personaID": "40222",
          "participantID": "4341",
          "utterance": "집중력이 대단하시네요 지금 하시는 일은 어떤 일이세요?",
          "summary": "",
          "date": "2022-11-16",
          "time": "22:49:57",
          "terminate": "false"
        },
        {
          "speaker": "speaker2",
          "personaID": "35148",
          "participantID": "4329",
          "utterance": "저는 결혼하고 집에서 쉬고 있어요. 전업주부랍니다",
          "summary": "나는 결혼하고 집에서 쉬고 있다 전업주부이다",
          "date": "2022-11-16",
          "time": "23:28:00",
          "terminate": "false"
        },
        {
          "speaker": "speaker1",
          "personaID": "40222",
          "participantID": "4341",
          "utterance": "남편분은 군대 다녀 오셨어요? 저는 군대를 다녀왔어요",
          "summary": "나는 군대를 다녀왔다",
          "date": "2022-11-16",
          "time": "23:30:40",
          "terminate": "false"
        },
        {
          "speaker": "speaker2",
          "personaID": "35148",
          "participantID": "4329",
          "utterance": "네 저희 신랑은 저와 연애할때 다녀왔습니다. ",
          "summary": "나는 연애할 때 신랑이 다녀왔다",
          "date": "2022-11-17",
          "time": "10:06:13",
          "terminate": "false"
        },
        {
          "speaker": "speaker1",
          "personaID": "40222",
          "participantID": "4341",
          "utterance": "연애하실 때 군대 면회 가보셨어요?",
          "summary": "",
          "date": "2022-11-17",
          "time": "10:07:11",
          "terminate": "false"
        },
        {
          "speaker": "speaker2",
          "personaID": "35148",
          "participantID": "4329",
          "utterance": "신랑은 장교로 출퇴근해서 면회를 해본적이 없네요",
          "summary": "나는 신랑이 장교로 출퇴근해서 면회를 해본 적이 없다",
          "date": "2022-11-17",
          "time": "10:07:50",
          "terminate": "false"
        },
        {
          "speaker": "speaker1",
          "personaID": "40222",
          "participantID": "4341",
          "utterance": "그러시군요 훈련하시는 모습은 한번도 보시지 못했겠네요?",
          "summary": "",
          "date": "2022-11-17",
          "time": "10:08:36",
          "terminate": "false"
        },
        {
          "speaker": "speaker2",
          "personaID": "35148",
          "participantID": "4329",
          "utterance": "네 어느 지역에 계셨어요? 육군이셨나요?",
          "summary": "",
          "date": "2022-11-17",
          "time": "10:09:37",
          "terminate": "false"
        },
        {
          "speaker": "speaker1",
          "personaID": "40222",
          "participantID": "4341",
          "utterance": "네 저는 육군 출신이고 저기 강원도 화천에 있었어요 남편분이 훈련사진 보여주세요?",
          "summary": "나는 육군 출신이고 강원도 화천에서 군생활을 했다",
          "date": "2022-11-17",
          "time": "10:11:09",
          "terminate": "false"
        },
        {
          "speaker": "speaker2",
          "personaID": "35148",
          "participantID": "4329",
          "utterance": "법무관이어서 훈련사진보다 책상에 앉아 있는 사진만 봤어요",
          "summary": "나는 신랑이 법무관이어서 훈련 사진보다는 책상에 앉아있는 사진만 봤다",
          "date": "2022-11-17",
          "time": "10:12:02",
          "terminate": "false"
        },
        {
          "speaker": "speaker1",
          "personaID": "40222",
          "participantID": "4341",
          "utterance": "법무관은 훈련을 안하나요? ^^",
          "summary": "",
          "date": "2022-11-17",
          "time": "10:13:43",
          "terminate": "false"
        },
        {
          "speaker": "speaker2",
          "personaID": "35148",
          "participantID": "4329",
          "utterance": "처음 훈련소에서만 했던것 같네요. 아 죄송해요 잠시 나갔다올게요",
          "summary": "",
          "date": "2022-11-17",
          "time": "10:14:36",
          "terminate": "true"
        }
      ],
      "sessionPersonaSummary": {
        "speaker1": [
          "나는 군대를 다녀왔다",
          "나는 육군 출신이고 강원도 화천에서 군생활을 했다"
        ],
        "speaker2": [
          "나는 하나에 빠지면 오래 시청한다",
          "나는 결혼하고 집에서 쉬고 있다 전업주부이다",
          "나는 연애할 때 신랑이 다녀왔다",
          "나는 신랑이 장교로 출퇴근해서 면회를 해본 적이 없다",
          "나는 신랑이 법무관이어서 훈련 사진보다는 책상에 앉아있는 사진만 봤다"
        ]
      },
      "prevAggregatedpersonaSummary": {
        "speaker1": [
          "나는 40대 남성이다",
          "나는 부천에 산다",
          "나는 에어로빅을 싫어한다",
          "나는 구피를 키운다",
          "나는 TV 프로그램을 싫어한다"
        ],
        "speaker2": [
          "나는 30대 여성이다",
          "나는 서울에 살고 과학교육과를 전공했다. 나는 실내에서 수영하는 것을 좋아한다",
          "나는 수영을 좋아하는데 나는 관심사가 많다. 나는 동물을 좋아해서 햄스터 한 마리 키운다. 나는 국내 주식도 관심이 있다",
          "나는 구피를 키우는데 집에 애완동물이 있어서 행복하다 가끔 만족스럽다",
          "나는 구피가 새끼 낳는 것이 신기하다.",
          "나는 예능프로그램을 좋아한다",
          "나는 TV 보러 가야겠다"
        ]
      }
    }
  ]
}