{
  "FileInfo": {
    "filename": "K2-00438-CL01531-CP02286-13-04-S2.json",
    "sessionLevel": "2"
  },
  "participantsInfo": {
    "numberOfParticipants": "2",
    "speaker1": {
      "participantID": "0077",
      "gender": "여성",
      "age": "20대",
      "occupation": "전문직",
      "bPlace": "대전/세종/충청/강원",
      "gPlace": "대전/세종/충청/강원",
      "rPlace": "대전/세종/충청/강원",
      "educationLevel": "대졸"
    },
    "speaker2": {
      "participantID": "0089",
      "gender": "남성",
      "age": "30대",
      "occupation": "기능직",
      "bPlace": "부산/대구/울산/경상",
      "gPlace": "부산/대구/울산/경상",
      "rPlace": "부산/대구/울산/경상",
      "educationLevel": "대졸"
    }
  },
  "multisessionInfo": {
    "multisessionID": "2-00438"
  },
  "personaInfo": {
    "clInfo": {
      "personaID": "01531",
      "personaFeatures": [
        "나는 여자이다.",
        "나는 20대이다.",
        "나는 가족과 주로 카톡으로 이야기를 한다.",
        "나는 측량사이다.",
        "나는 커피를 매일 2잔 이상 마신다."
      ],
      "speakerType": "speaker1"
    },
    "cpInfo": {
      "personaID": "02286",
      "personaFeatures": [
        "나는 남자이다.",
        "나는 30대이다.",
        "나의 거주지는 경기도이다.",
        "나는 음식 배달원이다.",
        "나는 체험 여행을 가끔 간다."
      ],
      "speakerType": "speaker2"
    }
  },
  "topicInfo": {
    "topicID": "13-04",
    "topicType": "기후>계절/날씨",
    "topicTitle": "단풍"
  },
  "sessionInfo": [
    {
      "prevSessionID": null,
      "prevTimeInfo": {
        "timeNum": null,
        "timeUnit": null
      },
      "nthSession": "1",
      "numberOfUtterances": "16",
      "numberOfTurns": "8",
      "sessionID": "2-00438-1",
      "dialog": [
        {
          "speaker": "speaker1",
          "personaID": "01531",
          "participantID": "0077",
          "utterance": "안녕하세요. 저는 측량사이고 20대 여성입니다.",
          "summary": "나는 20대 여성이고 측량사이다.",
          "date": "2022-08-16",
          "time": "17:09:55",
          "terminate": "false"
        },
        {
          "speaker": "speaker2",
          "personaID": "02286",
          "participantID": "0089",
          "utterance": "안녕하세요. 저는 30대 남자이고. 음식 배달원으로 일하고 있어요.",
          "summary": "나는 30대 남자이다. 나는 음식 배달원이다.",
          "date": "2022-08-16",
          "time": "17:09:55",
          "terminate": "false"
        },
        {
          "speaker": "speaker1",
          "personaID": "01531",
          "participantID": "0077",
          "utterance": "오 음식 배달원이시면 오토바이로 배달하세요?",
          "summary": "",
          "date": "2022-08-16",
          "time": "17:10:06",
          "terminate": "false"
        },
        {
          "speaker": "speaker2",
          "personaID": "02286",
          "participantID": "0089",
          "utterance": "네 오토바이로 일하죠. 배달을 해드립니다.",
          "summary": "",
          "date": "2022-08-16",
          "time": "17:10:27",
          "terminate": "false"
        },
        {
          "speaker": "speaker1",
          "personaID": "01531",
          "participantID": "0077",
          "utterance": "혹시 활동 반경이 어디세요?",
          "summary": "",
          "date": "2022-08-16",
          "time": "17:10:45",
          "terminate": "false"
        },
        {
          "speaker": "speaker2",
          "personaID": "02286",
          "participantID": "0089",
          "utterance": "저는 경기도에 살아서 경기도 안양쪽에서 활동하고 있네요.",
          "summary": "나는 경기도에 거주한다.",
          "date": "2022-08-16",
          "time": "17:11:02",
          "terminate": "false"
        },
        {
          "speaker": "speaker1",
          "personaID": "01531",
          "participantID": "0077",
          "utterance": "아 그러시구나. 저랑은 좀 거리가 있어서 아쉽네요..ㅎㅎ.",
          "summary": "",
          "date": "2022-08-16",
          "time": "17:11:27",
          "terminate": "false"
        },
        {
          "speaker": "speaker2",
          "personaID": "02286",
          "participantID": "0089",
          "utterance": "ㅎㅎ 배달시키면 아무래도 좀 좋죠. 음식 배달로 자주드시나 봐요.",
          "summary": "",
          "date": "2022-08-16",
          "time": "17:12:10",
          "terminate": "false"
        },
        {
          "speaker": "speaker1",
          "personaID": "01531",
          "participantID": "0077",
          "utterance": "네 제가 커피를 매 일 2잔 이상 마시는데요. 요즘은 음료도 배달을 하더라고요.",
          "summary": "나는 커피를 매일 2잔 이상 마신다.",
          "date": "2022-08-16",
          "time": "17:12:26",
          "terminate": "false"
        },
        {
          "speaker": "speaker2",
          "personaID": "02286",
          "participantID": "0089",
          "utterance": "맞죠. 저도 마카롱이나 커피 음료 같은 카페배달도 자주나가요.",
          "summary": "",
          "date": "2022-08-16",
          "time": "17:12:46",
          "terminate": "false"
        },
        {
          "speaker": "speaker1",
          "personaID": "01531",
          "participantID": "0077",
          "utterance": "오 그러시구나. 요즘 정말 배달이 대세인가봐요.",
          "summary": "",
          "date": "2022-08-16",
          "time": "17:13:05",
          "terminate": "false"
        },
        {
          "speaker": "speaker2",
          "personaID": "02286",
          "participantID": "0089",
          "utterance": "네 요즘 편의점이랑 마트배달도 자주해요.",
          "summary": "",
          "date": "2022-08-16",
          "time": "17:13:29",
          "terminate": "false"
        },
        {
          "speaker": "speaker1",
          "personaID": "01531",
          "participantID": "0077",
          "utterance": "오와 너무 편리하겠는걸요?? 전 아직 그건 이용 안 해봤네요.",
          "summary": "",
          "date": "2022-08-16",
          "time": "17:13:49",
          "terminate": "false"
        },
        {
          "speaker": "speaker2",
          "personaID": "02286",
          "participantID": "0089",
          "utterance": "그러니까요. 편의점은 많이 이용하시더라고요.",
          "summary": "",
          "date": "2022-08-16",
          "time": "17:14:21",
          "terminate": "false"
        },
        {
          "speaker": "speaker1",
          "personaID": "01531",
          "participantID": "0077",
          "utterance": "오 그렇군요. 저는 가족들이 카톡이 와서요. 가족과 주로 카톡으로 이야기하거든요. 수고하세요!",
          "summary": "나는 가족과 카톡 주로 이야기한다.",
          "date": "2022-08-16",
          "time": "17:14:31",
          "terminate": "false"
        },
        {
          "speaker": "speaker2",
          "personaID": "02286",
          "participantID": "0089",
          "utterance": "저도 이만 가볼게요. 배달이 밀려서 말이에요.",
          "summary": "",
          "date": "2022-08-16",
          "time": "17:14:38",
          "terminate": "true"
        }
      ],
      "sessionPersonaSummary": {
        "speaker1": [
          "나는 20대 여성이고 측량사이다.",
          "나는 커피를 매일 2잔 이상 마신다.",
          "나는 가족과 카톡 주로 이야기한다."
        ],
        "speaker2": [
          "나는 30대 남자이다. 나는 음식 배달원이다.",
          "나는 경기도에 거주한다."
        ]
      },
      "prevAggregatedpersonaSummary": {
        "speaker1": [],
        "speaker2": []
      }
    },
    {
      "prevSessionID": "2-00438-1",
      "prevTimeInfo": {
        "timeNum": "1",
        "timeUnit": "일"
      },
      "nthSession": "2",
      "numberOfUtterances": "16",
      "numberOfTurns": "8",
      "sessionID": "2-00438-2",
      "dialog": [
        {
          "speaker": "speaker1",
          "personaID": "01531",
          "participantID": "0077",
          "utterance": "안녕하세요. 어제는 배달 잘 하셨어요?",
          "summary": "",
          "date": "2022-08-16",
          "time": "17:14:46",
          "terminate": "false"
        },
        {
          "speaker": "speaker2",
          "personaID": "02286",
          "participantID": "0089",
          "utterance": "네 잘 다녀왔습니다.",
          "summary": "",
          "date": "2022-08-16",
          "time": "17:14:56",
          "terminate": "false"
        },
        {
          "speaker": "speaker1",
          "personaID": "01531",
          "participantID": "0077",
          "utterance": "고생하셨네요. 오늘도 배달 많으세요?",
          "summary": "",
          "date": "2022-08-16",
          "time": "17:15:16",
          "terminate": "false"
        },
        {
          "speaker": "speaker2",
          "personaID": "02286",
          "participantID": "0089",
          "utterance": "아뇨 오늘은 좀 쉬려고요. 곧 가을에 체험 여행이나 갈려고 좀 알아보고 있어요.",
          "summary": "나는 가을에 체험 여행을 가려고 알아보는 중이다.",
          "date": "2022-08-16",
          "time": "17:15:38",
          "terminate": "false"
        },
        {
          "speaker": "speaker1",
          "personaID": "01531",
          "participantID": "0077",
          "utterance": "아 정말요? 너무 좋은데요? 가을하면 단풍이잖아요!",
          "summary": "",
          "date": "2022-08-16",
          "time": "17:15:50",
          "terminate": "false"
        },
        {
          "speaker": "speaker2",
          "personaID": "02286",
          "participantID": "0089",
          "utterance": "그쵸. 단풍이 빨갛게 올라오면 그때 여행 가려고요. 원래 가끔씩 갔거든요. 한 6개월에 한번?",
          "summary": "나는 가끔 여행을 간다.",
          "date": "2022-08-16",
          "time": "17:16:09",
          "terminate": "false"
        },
        {
          "speaker": "speaker1",
          "personaID": "01531",
          "participantID": "0077",
          "utterance": "너무 좋네요! 아 그러시구나. 너무 좋다. 한 번씩 바람도 쐬면 너무 좋을거 같아요.",
          "summary": "",
          "date": "2022-08-16",
          "time": "17:16:47",
          "terminate": "false"
        },
        {
          "speaker": "speaker2",
          "personaID": "02286",
          "participantID": "0089",
          "utterance": "네 맞아요. 바람도 쐬면 너무 좋을거 같아서요. 약간 단풍 맞으면서 팜스테이 이런거 낭만있잖아요.",
          "summary": "",
          "date": "2022-08-16",
          "time": "17:17:33",
          "terminate": "false"
        },
        {
          "speaker": "speaker1",
          "personaID": "01531",
          "participantID": "0077",
          "utterance": "네 그러니까요. 너무 좋네요. 팜스테이는 아직 안 해봤지만요.",
          "summary": "",
          "date": "2022-08-16",
          "time": "17:17:50",
          "terminate": "false"
        },
        {
          "speaker": "speaker2",
          "personaID": "02286",
          "participantID": "0089",
          "utterance": "딱 옆에 있는 농장에서 수박 따먹고 그러는거죠. 바로 캐서 씻어서 먹어서 굉장히 신선해요.",
          "summary": "",
          "date": "2022-08-16",
          "time": "17:18:12",
          "terminate": "false"
        },
        {
          "speaker": "speaker1",
          "personaID": "01531",
          "participantID": "0077",
          "utterance": "와 정말 좋네요! 친구들이랑 한 번 추진해 볼까봐요!",
          "summary": "",
          "date": "2022-08-16",
          "time": "17:18:28",
          "terminate": "false"
        },
        {
          "speaker": "speaker2",
          "personaID": "02286",
          "participantID": "0089",
          "utterance": "관심있으시면 좋겠네요.",
          "summary": "",
          "date": "2022-08-16",
          "time": "17:18:42",
          "terminate": "false"
        },
        {
          "speaker": "speaker1",
          "personaID": "01531",
          "participantID": "0077",
          "utterance": "네 저도 여행을 좋아하는 편이라서요!",
          "summary": "",
          "date": "2022-08-16",
          "time": "17:18:49",
          "terminate": "false"
        },
        {
          "speaker": "speaker2",
          "personaID": "02286",
          "participantID": "0089",
          "utterance": "그렇죠. 저도 여행을 좋아하게 되더라고요.",
          "summary": "",
          "date": "2022-08-16",
          "time": "17:19:26",
          "terminate": "false"
        },
        {
          "speaker": "speaker1",
          "personaID": "01531",
          "participantID": "0077",
          "utterance": "네 ㅎㅎ 그럼 말씀하신 팜스테이 좀 알아보러 가볼게요! 정보 감사해요!",
          "summary": "",
          "date": "2022-08-16",
          "time": "17:19:33",
          "terminate": "false"
        },
        {
          "speaker": "speaker2",
          "personaID": "02286",
          "participantID": "0089",
          "utterance": "이만 저도 가보겠습니다. 안녕히 계세요~",
          "summary": "",
          "date": "2022-08-16",
          "time": "17:19:36",
          "terminate": "true"
        }
      ],
      "sessionPersonaSummary": {
        "speaker1": [],
        "speaker2": [
          "나는 가을에 체험 여행을 가려고 알아보는 중이다.",
          "나는 가끔 여행을 간다."
        ]
      },
      "prevAggregatedpersonaSummary": {
        "speaker1": [
          "나는 20대 여성이고 측량사이다.",
          "나는 커피를 매일 2잔 이상 마신다.",
          "나는 가족과 카톡 주로 이야기한다."
        ],
        "speaker2": [
          "나는 30대 남자이다. 나는 음식 배달원이다.",
          "나는 경기도에 거주한다."
        ]
      }
    }
  ]
}