{
  "FileInfo": {
    "filename": "K2-00354-CL01673-CP01450-12-04-S2.json",
    "sessionLevel": "2"
  },
  "participantsInfo": {
    "numberOfParticipants": "2",
    "speaker1": {
      "participantID": "0052",
      "gender": "여성",
      "age": "20대",
      "occupation": "무직",
      "bPlace": "부산/대구/울산/경상",
      "gPlace": "부산/대구/울산/경상",
      "rPlace": "부산/대구/울산/경상",
      "educationLevel": "대졸"
    },
    "speaker2": {
      "participantID": "0099",
      "gender": "남성",
      "age": "20대",
      "occupation": "학생",
      "bPlace": "서울/경기/인천",
      "gPlace": "서울/경기/인천",
      "rPlace": "서울/경기/인천",
      "educationLevel": "고졸"
    }
  },
  "multisessionInfo": {
    "multisessionID": "2-00354"
  },
  "personaInfo": {
    "clInfo": {
      "personaID": "01673",
      "personaFeatures": [
        "나는 여자이다.",
        "나는 20대이다.",
        "나의 가족은 1명이다.",
        "나는 위스키를 최근에 끊었다.",
        "나는 스릴러 영화를 자주 본다."
      ],
      "speakerType": "speaker1"
    },
    "cpInfo": {
      "personaID": "01450",
      "personaFeatures": [
        "나는 남자이다.",
        "나는 20대이다.",
        "나의 여자 형제는 유치원 선생님이다.",
        "나는 가을을 좋아한다.",
        "나는 김치찌개를 싫어한다."
      ],
      "speakerType": "speaker2"
    }
  },
  "topicInfo": {
    "topicID": "12-04",
    "topicType": "여가와 오락>여행",
    "topicTitle": "여행 팁"
  },
  "sessionInfo": [
    {
      "prevSessionID": null,
      "prevTimeInfo": {
        "timeNum": null,
        "timeUnit": null
      },
      "nthSession": "1",
      "numberOfUtterances": "14",
      "numberOfTurns": "7",
      "sessionID": "2-00354-1",
      "dialog": [
        {
          "speaker": "speaker1",
          "personaID": "01673",
          "participantID": "0052",
          "utterance": "반갑습니다~ 저는 20대 여자에요~",
          "summary": "나는 20대 여자이다.",
          "date": "2022-08-31",
          "time": "03:31:15",
          "terminate": "false"
        },
        {
          "speaker": "speaker2",
          "personaID": "01450",
          "participantID": "0099",
          "utterance": "반갑습니다. 저는 20대 남자입니다.",
          "summary": "나는 20대 남자이다.",
          "date": "2022-08-31",
          "time": "03:31:18",
          "terminate": "false"
        },
        {
          "speaker": "speaker1",
          "personaID": "01673",
          "participantID": "0052",
          "utterance": "오 나이대가 비슷하네요. 뭐 하시는 분인가요?",
          "summary": "",
          "date": "2022-08-31",
          "time": "03:31:34",
          "terminate": "false"
        },
        {
          "speaker": "speaker2",
          "personaID": "01450",
          "participantID": "0099",
          "utterance": "저는 유치원에서 일해요. 누나랑 같이 하고 누나는 선생이에요.",
          "summary": "나의 여자 형제는 유치원 선생이다.",
          "date": "2022-08-31",
          "time": "03:31:40",
          "terminate": "false"
        },
        {
          "speaker": "speaker1",
          "personaID": "01673",
          "participantID": "0052",
          "utterance": "그러시구나~ @이름1@ 좋아하시나봐요?",
          "summary": "",
          "date": "2022-08-31",
          "time": "03:31:55",
          "terminate": "false"
        },
        {
          "speaker": "speaker2",
          "personaID": "01450",
          "participantID": "0099",
          "utterance": "아뇨. 그냥 일 하는거에요. ㅋㅋ...",
          "summary": "",
          "date": "2022-08-31",
          "time": "03:32:00",
          "terminate": "false"
        },
        {
          "speaker": "speaker1",
          "personaID": "01673",
          "participantID": "0052",
          "utterance": "그렇군요... 저는 혼자 살아서 그런지 아이가 좋더라구요.ㅋㅋ.",
          "summary": "나의 가족은 1명이다.",
          "date": "2022-08-31",
          "time": "03:32:13",
          "terminate": "false"
        },
        {
          "speaker": "speaker2",
          "personaID": "01450",
          "participantID": "0099",
          "utterance": "혼자 사시는구나. 뭐 좋아하시는 거 있나요?",
          "summary": "",
          "date": "2022-08-31",
          "time": "03:32:27",
          "terminate": "false"
        },
        {
          "speaker": "speaker1",
          "personaID": "01673",
          "participantID": "0052",
          "utterance": "저는 스릴러 영화를 자주 봐요! 그리고 위스키도요!",
          "summary": "나는 스릴러 영화를 자주 본다.",
          "date": "2022-08-31",
          "time": "03:32:41",
          "terminate": "false"
        },
        {
          "speaker": "speaker2",
          "personaID": "01450",
          "participantID": "0099",
          "utterance": "그렇구나 ㅎㅎ. 완전 남자 같네요 ㅋㅋ.",
          "summary": "",
          "date": "2022-08-31",
          "time": "03:32:53",
          "terminate": "false"
        },
        {
          "speaker": "speaker1",
          "personaID": "01673",
          "participantID": "0052",
          "utterance": "그래요?ㅋㅋㅋ 근데 위스키는 최근에 끊었어요~",
          "summary": "나는 위스키를 최근에 끊었다.",
          "date": "2022-08-31",
          "time": "03:33:05",
          "terminate": "false"
        },
        {
          "speaker": "speaker2",
          "personaID": "01450",
          "participantID": "0099",
          "utterance": "저는 가을 갬성 좋아해요! 요즘 너무 좋네요~",
          "summary": "나는 가을을 좋아한다.",
          "date": "2022-08-31",
          "time": "03:33:06",
          "terminate": "false"
        },
        {
          "speaker": "speaker1",
          "personaID": "01673",
          "participantID": "0052",
          "utterance": "가을 좋죠~ 바바리 코트 하나 꺼내야겠어요.",
          "summary": "",
          "date": "2022-08-31",
          "time": "03:33:18",
          "terminate": "false"
        },
        {
          "speaker": "speaker2",
          "personaID": "01450",
          "participantID": "0099",
          "utterance": "네. 그러면 다음에 또 봐요. 저는 이제 갈래요.",
          "summary": "",
          "date": "2022-08-31",
          "time": "03:33:19",
          "terminate": "true"
        }
      ],
      "sessionPersonaSummary": {
        "speaker1": [
          "나는 20대 여자이다.",
          "나의 가족은 1명이다.",
          "나는 스릴러 영화를 자주 본다.",
          "나는 위스키를 최근에 끊었다."
        ],
        "speaker2": [
          "나는 20대 남자이다.",
          "나의 여자 형제는 유치원 선생이다.",
          "나는 가을을 좋아한다."
        ]
      },
      "prevAggregatedpersonaSummary": {
        "speaker1": [],
        "speaker2": []
      }
    },
    {
      "prevSessionID": "2-00354-1",
      "prevTimeInfo": {
        "timeNum": "4",
        "timeUnit": "일"
      },
      "nthSession": "2",
      "numberOfUtterances": "14",
      "numberOfTurns": "7",
      "sessionID": "2-00354-2",
      "dialog": [
        {
          "speaker": "speaker1",
          "personaID": "01673",
          "participantID": "0052",
          "utterance": "나흘만이네요~ 뭐 하시고 지냈나요?",
          "summary": "",
          "date": "2022-08-31",
          "time": "03:33:32",
          "terminate": "false"
        },
        {
          "speaker": "speaker2",
          "personaID": "01450",
          "participantID": "0099",
          "utterance": "저는 뭐 요즘 그냥 잘 있었어요. 님은요?",
          "summary": "",
          "date": "2022-08-31",
          "time": "03:33:47",
          "terminate": "false"
        },
        {
          "speaker": "speaker1",
          "personaID": "01673",
          "participantID": "0052",
          "utterance": "저도 그럭저럭 있었어요. 여행을 알아보고있어요.",
          "summary": "",
          "date": "2022-08-31",
          "time": "03:33:58",
          "terminate": "false"
        },
        {
          "speaker": "speaker2",
          "personaID": "01450",
          "participantID": "0099",
          "utterance": "그렇구나. 여행 가는거 짐 싸는거 너무 어려워요.",
          "summary": "나는 여행 짐 싸는 게 힘들다.",
          "date": "2022-08-31",
          "time": "03:34:08",
          "terminate": "false"
        },
        {
          "speaker": "speaker1",
          "personaID": "01673",
          "participantID": "0052",
          "utterance": "그래요? 그럴때는 배낭 하나 가져가세요~ㅋㅋ 캐리어랑 나누면 좋아요.",
          "summary": "",
          "date": "2022-08-31",
          "time": "03:34:23",
          "terminate": "false"
        },
        {
          "speaker": "speaker2",
          "personaID": "01450",
          "participantID": "0099",
          "utterance": "그렇게 해야겠네요. 다음에 꼭 해볼게요.",
          "summary": "",
          "date": "2022-08-31",
          "time": "03:34:31",
          "terminate": "false"
        },
        {
          "speaker": "speaker1",
          "personaID": "01673",
          "participantID": "0052",
          "utterance": "꿀팁이에요.ㅎㅎ 비행기 안으로 가방을 들고 갈수 있거든요.",
          "summary": "",
          "date": "2022-08-31",
          "time": "03:34:47",
          "terminate": "false"
        },
        {
          "speaker": "speaker2",
          "personaID": "01450",
          "participantID": "0099",
          "utterance": "여행은 어디로 알아 보고 있는데요?",
          "summary": "",
          "date": "2022-08-31",
          "time": "03:34:56",
          "terminate": "false"
        },
        {
          "speaker": "speaker1",
          "personaID": "01673",
          "participantID": "0052",
          "utterance": "저는 일본여행 알아보고 있어요.",
          "summary": "나는 일본 여행을 계획 중이다.",
          "date": "2022-08-31",
          "time": "03:35:03",
          "terminate": "false"
        },
        {
          "speaker": "speaker2",
          "personaID": "01450",
          "participantID": "0099",
          "utterance": "오 좋네요~ 일본 어디 가시는데요?",
          "summary": "",
          "date": "2022-08-31",
          "time": "03:35:12",
          "terminate": "false"
        },
        {
          "speaker": "speaker1",
          "personaID": "01673",
          "participantID": "0052",
          "utterance": "교토에 가보려구요~ 분위기가 참 좋거든요.",
          "summary": "",
          "date": "2022-08-31",
          "time": "03:35:22",
          "terminate": "false"
        },
        {
          "speaker": "speaker2",
          "personaID": "01450",
          "participantID": "0099",
          "utterance": "그렇군요. 여행 다녀오면 또 연락해요.",
          "summary": "",
          "date": "2022-08-31",
          "time": "03:35:28",
          "terminate": "false"
        },
        {
          "speaker": "speaker1",
          "personaID": "01673",
          "participantID": "0052",
          "utterance": "네~ 사진 찍어서 보여드릴게요.ㅋㅋ.",
          "summary": "",
          "date": "2022-08-31",
          "time": "03:35:36",
          "terminate": "false"
        },
        {
          "speaker": "speaker2",
          "personaID": "01450",
          "participantID": "0099",
          "utterance": "저는 이만 그러면 갈게요. 다음에 또 봐요.",
          "summary": "",
          "date": "2022-08-31",
          "time": "03:35:41",
          "terminate": "true"
        }
      ],
      "sessionPersonaSummary": {
        "speaker1": [
          "나는 일본 여행을 계획 중이다."
        ],
        "speaker2": [
          "나는 여행 짐 싸는 게 힘들다."
        ]
      },
      "prevAggregatedpersonaSummary": {
        "speaker1": [
          "나는 20대 여자이다.",
          "나의 가족은 1명이다.",
          "나는 스릴러 영화를 자주 본다.",
          "나는 위스키를 최근에 끊었다."
        ],
        "speaker2": [
          "나는 20대 남자이다.",
          "나의 여자 형제는 유치원 선생이다.",
          "나는 가을을 좋아한다."
        ]
      }
    }
  ]
}