{
  "FileInfo": {
    "filename": "K2-00196-CL25790-CP40828-11-03-S2.json",
    "sessionLevel": "2"
  },
  "participantsInfo": {
    "numberOfParticipants": "2",
    "speaker1": {
      "participantID": "0216",
      "gender": "여성",
      "age": "30대",
      "occupation": "자영업",
      "bPlace": "서울/경기/인천",
      "gPlace": "서울/경기/인천",
      "rPlace": "서울/경기/인천",
      "educationLevel": "고졸"
    },
    "speaker2": {
      "participantID": "0217",
      "gender": "남성",
      "age": "30대",
      "occupation": "기타",
      "bPlace": "서울/경기/인천",
      "gPlace": "서울/경기/인천",
      "rPlace": "서울/경기/인천",
      "educationLevel": "대졸"
    }
  },
  "multisessionInfo": {
    "multisessionID": "2-00196"
  },
  "personaInfo": {
    "clInfo": {
      "personaID": "25790",
      "personaFeatures": [
        "나는 여자이다.",
        "나는 20대이다.",
        "나는 일주일에 한두 번 버스로 출퇴근을 한다",
        "나는 통계학이 부전공이다",
        "나는 판타지 영화를 싫어한다",
        "나는 와인을 좋아한다",
        "나는 요즘, 자주 외롭다"
      ],
      "speakerType": "speaker1"
    },
    "cpInfo": {
      "personaID": "40828",
      "personaFeatures": [
        "나는 남자이다.",
        "나는 40대이다.",
        "나는 요즘, 가끔 화가 난다",
        "나는 1년 전에 빵 만들기를 배웠다",
        "나는 전쟁 영화를 자주 본다"
      ],
      "speakerType": "speaker2"
    }
  },
  "topicInfo": {
    "topicID": "11-03",
    "topicType": "여가와 오락>게임",
    "topicTitle": "전통/민속놀이"
  },
  "sessionInfo": [
    {
      "prevSessionID": null,
      "prevTimeInfo": {
        "timeNum": null,
        "timeUnit": null
      },
      "nthSession": "1",
      "numberOfUtterances": "15",
      "numberOfTurns": "7",
      "sessionID": "2-00196-1",
      "dialog": [
        {
          "speaker": "speaker1",
          "personaID": "25790",
          "participantID": "0216",
          "utterance": "안녕하세요! 저는 20대 여성이에요!",
          "summary": "나는 20대 여성이다.",
          "date": "2022-11-07",
          "time": "21:56:02",
          "terminate": "false"
        },
        {
          "speaker": "speaker2",
          "personaID": "40828",
          "participantID": "0217",
          "utterance": "네 안녕하세요! 저는 40대 남성이에요~",
          "summary": "나는 40대 남성이다.",
          "date": "2022-11-07",
          "time": "21:56:58",
          "terminate": "false"
        },
        {
          "speaker": "speaker1",
          "personaID": "25790",
          "participantID": "0216",
          "utterance": "반가워요! 저는 통계학이 부전공이였는데 지금 통계사무원으로 근무하고 있어요!",
          "summary": "나는 통계학이 부전공이다. 나는 통계 사무원으로 근무하고 있다.",
          "date": "2022-11-07",
          "time": "21:59:35",
          "terminate": "false"
        },
        {
          "speaker": "speaker2",
          "personaID": "40828",
          "participantID": "0217",
          "utterance": "어린나이에 취직하고 기특하네요! 저는 지금은 무직이라서, 요즘 가끔 화가난답니다..",
          "summary": "나는 무직이다. 나는 요즘 가끔 화가 난다.",
          "date": "2022-11-07",
          "time": "22:00:36",
          "terminate": "false"
        },
        {
          "speaker": "speaker1",
          "personaID": "25790",
          "participantID": "0216",
          "utterance": "아,그러시군요! 일자리 구하는게 쉽지 않죠 ㅜㅜ 저도 힘들었어요! 다행히 가까운거리의 회사여서 걸어서 가거나, 일주일에 한두 번 버스로 출퇴근해요!",
          "summary": "나는 회사와 가까운 거리다. 나는 일주일에 한두 번 버스로 출퇴근한다.",
          "date": "2022-11-07",
          "time": "22:01:57",
          "terminate": "false"
        },
        {
          "speaker": "speaker2",
          "personaID": "40828",
          "participantID": "0217",
          "utterance": "아아~ 운동삼아 걸어다니기 딱 좋은 거리네요! 저는 요즘 다시 빵 학원에 다니고있어요. 1년 전에 배웟었는데, 많이 까먹어서요.",
          "summary": "나는 요즘 다시 빵 학원에 다니고 있다. 나는 1년 전에 빵 만들기를 배웠다.",
          "date": "2022-11-07",
          "time": "22:02:51",
          "terminate": "false"
        },
        {
          "speaker": "speaker1",
          "personaID": "25790",
          "participantID": "0216",
          "utterance": "그렇군요! 제빵에 관심이 있으신가봐요! ㅎㅎ 저는 취직때문에 서울로 올라온거라 , 가족과 떨어져 살아서 요즘, 자주 외로워요!",
          "summary": "나는 요즘 자주 외롭다.",
          "date": "2022-11-07",
          "time": "22:04:09",
          "terminate": "false"
        },
        {
          "speaker": "speaker2",
          "personaID": "40828",
          "participantID": "0217",
          "utterance": "네네 무직이지만 창업을 준비하고있어요. 아이구 외로워서 어떻해요! 연애는 안하시나요?",
          "summary": "나는 무직이지만 창업을 준비하고 있다.",
          "date": "2022-11-07",
          "time": "22:05:20",
          "terminate": "false"
        },
        {
          "speaker": "speaker1",
          "personaID": "25790",
          "participantID": "0216",
          "utterance": "아직 인연이 안나타났네요! ㅎㅎ 제가 와인을 좋아하는데 , 와인바같은데 가서 한번 만나봐야겠어요!",
          "summary": "나는 와인을 좋아한다.",
          "date": "2022-11-07",
          "time": "22:06:28",
          "terminate": "false"
        },
        {
          "speaker": "speaker2",
          "personaID": "40828",
          "participantID": "0217",
          "utterance": "그거 좋은데요~ 혹시 취미는 있으신가요?",
          "summary": "",
          "date": "2022-11-07",
          "time": "22:07:02",
          "terminate": "false"
        },
        {
          "speaker": "speaker1",
          "personaID": "25790",
          "participantID": "0216",
          "utterance": "영화보는걸 좋아해요! 판타지영화는 싫어해서 그 장르는 빼고 다 좋아해요! 그쪽은요?",
          "summary": "나는 영화 보는 걸 좋아한다. 나는 판타지 영화를 싫어한다.",
          "date": "2022-11-07",
          "time": "22:08:41",
          "terminate": "false"
        },
        {
          "speaker": "speaker2",
          "personaID": "40828",
          "participantID": "0217",
          "utterance": "저는 전쟁 영화를 자주 봐요! 하하 다른 영화들도 좋아하긴 하는데 전쟁 영화가 제일 재미있더라구요.",
          "summary": "나는 전쟁영화를 자주 본다.",
          "date": "2022-11-07",
          "time": "22:09:34",
          "terminate": "false"
        },
        {
          "speaker": "speaker1",
          "personaID": "25790",
          "participantID": "0216",
          "utterance": "전쟁영화도 재밌죠! ㅎㅎ 식사는 하셨어요?",
          "summary": "",
          "date": "2022-11-07",
          "time": "22:10:21",
          "terminate": "false"
        },
        {
          "speaker": "speaker2",
          "personaID": "40828",
          "participantID": "0217",
          "utterance": "안그래도 이제 배달이 딱 도착했네요! 저 밥 먹고 올게요 ^^",
          "summary": "",
          "date": "2022-11-07",
          "time": "22:11:19",
          "terminate": "false"
        },
        {
          "speaker": "speaker1",
          "personaID": "25790",
          "participantID": "0216",
          "utterance": "네! 저도 밥먹어야겠네요 ! 식사 맛있게 하세요!",
          "summary": "",
          "date": "2022-11-07",
          "time": "22:11:54",
          "terminate": "true"
        }
      ],
      "sessionPersonaSummary": {
        "speaker1": [
          "나는 20대 여성이다.",
          "나는 통계학이 부전공이다. 나는 통계 사무원으로 근무하고 있다.",
          "나는 회사와 가까운 거리다. 나는 일주일에 한두 번 버스로 출퇴근한다.",
          "나는 요즘 자주 외롭다.",
          "나는 와인을 좋아한다.",
          "나는 영화 보는 걸 좋아한다. 나는 판타지 영화를 싫어한다."
        ],
        "speaker2": [
          "나는 40대 남성이다.",
          "나는 무직이다. 나는 요즘 가끔 화가 난다.",
          "나는 요즘 다시 빵 학원에 다니고 있다. 나는 1년 전에 빵 만들기를 배웠다.",
          "나는 무직이지만 창업을 준비하고 있다.",
          "나는 전쟁영화를 자주 본다."
        ]
      },
      "prevAggregatedpersonaSummary": {
        "speaker1": [],
        "speaker2": []
      }
    },
    {
      "prevSessionID": "2-00196-1",
      "prevTimeInfo": {
        "timeNum": "6",
        "timeUnit": "주"
      },
      "nthSession": "2",
      "numberOfUtterances": "15",
      "numberOfTurns": "7",
      "sessionID": "2-00196-2",
      "dialog": [
        {
          "speaker": "speaker1",
          "personaID": "25790",
          "participantID": "0216",
          "utterance": "잘지내시죠? 벌써 6주가 지났어요!제빵학원은 잘다니시나요?",
          "summary": "",
          "date": "2022-11-07",
          "time": "22:13:56",
          "terminate": "false"
        },
        {
          "speaker": "speaker2",
          "personaID": "40828",
          "participantID": "0217",
          "utterance": "학원은 잘 다니고있어요. 요즘도 많이 외로우신가요~",
          "summary": "",
          "date": "2022-11-07",
          "time": "22:14:14",
          "terminate": "false"
        },
        {
          "speaker": "speaker1",
          "personaID": "25790",
          "participantID": "0216",
          "utterance": "하하 , 제가 와인을 좋아해서 와인바에 자주가는데 , 정말 운명처럼 연락을 하게된 사람이 생겼어요! ㅎㅎ",
          "summary": "나는 와인을 좋아한다. 나는 와인바를 자주 간다. 나는 연락을 하게 된 사람이 생겼다.",
          "date": "2022-11-07",
          "time": "22:16:38",
          "terminate": "false"
        },
        {
          "speaker": "speaker2",
          "personaID": "40828",
          "participantID": "0217",
          "utterance": "오~ 축하드려요~ ㅎㅎ 주말인데, 이따가 그분과 데이트 하시나요?",
          "summary": "",
          "date": "2022-11-07",
          "time": "22:17:02",
          "terminate": "false"
        },
        {
          "speaker": "speaker1",
          "personaID": "25790",
          "participantID": "0216",
          "utterance": "하하 네 ㅎㅎ 한국 민속촌에 놀러가볼까해요! 가보셨나요?",
          "summary": "나는 한국 민속촌에 놀러 갈까 한다.",
          "date": "2022-11-07",
          "time": "22:18:43",
          "terminate": "false"
        },
        {
          "speaker": "speaker2",
          "personaID": "40828",
          "participantID": "0217",
          "utterance": "오 저도 와이프랑 어렸을때 갔었죠! 참여할 수 있는 놀이들이 많더라구요.",
          "summary": "나는 와이프랑 어렸을 때 갔었다.",
          "date": "2022-11-07",
          "time": "22:19:09",
          "terminate": "false"
        },
        {
          "speaker": "speaker1",
          "personaID": "25790",
          "participantID": "0216",
          "utterance": "그래요? 전통 민속놀이 같은게 많을것같은데! 재밌으셨나요?",
          "summary": "",
          "date": "2022-11-07",
          "time": "22:20:39",
          "terminate": "false"
        },
        {
          "speaker": "speaker2",
          "personaID": "40828",
          "participantID": "0217",
          "utterance": "네네! 요즘 해도 재미있는 전통/민속놀이가 얼마나 많은데요~ 혹시 해보신 적 있으신가요?",
          "summary": "",
          "date": "2022-11-07",
          "time": "22:21:05",
          "terminate": "false"
        },
        {
          "speaker": "speaker1",
          "personaID": "25790",
          "participantID": "0216",
          "utterance": "음, 예를들어 윷놀이 같은걸까요?! ㅎㅎㅎ 명절에 식구들끼리 해보긴 했어요!! ㅎㅎㅎ 다른건 또 뭐 있을까요?",
          "summary": "나는 윷놀이를 명절에 식구들끼리 해보긴 했다.",
          "date": "2022-11-07",
          "time": "22:21:58",
          "terminate": "false"
        },
        {
          "speaker": "speaker2",
          "personaID": "40828",
          "participantID": "0217",
          "utterance": "팽이치기도 있고, 오징어 게임 나온 딱지치기도 있어요! ㅎㅎ",
          "summary": "",
          "date": "2022-11-07",
          "time": "22:22:56",
          "terminate": "false"
        },
        {
          "speaker": "speaker1",
          "personaID": "25790",
          "participantID": "0216",
          "utterance": "그렇군요! 딱지치기는 어릴때 해봤던거같은데! ㅎㅎㅎ 가면 재밌는 놀이를 많이 할 수 있겠어요!",
          "summary": "나는 딱지치기를 어릴 때 해봤다.",
          "date": "2022-11-07",
          "time": "22:24:23",
          "terminate": "false"
        },
        {
          "speaker": "speaker2",
          "personaID": "40828",
          "participantID": "0217",
          "utterance": "그럼요~ 볼거리도 많고 즐길 민속놀이도 많아서 하루가 짧을거에요! ",
          "summary": "",
          "date": "2022-11-07",
          "time": "22:24:46",
          "terminate": "false"
        },
        {
          "speaker": "speaker1",
          "personaID": "25790",
          "participantID": "0216",
          "utterance": "그 분과 좋은 추억이 되겠네요! ㅎㅎ 다른게 뭐있나 행사같은것도 찾아봐야겠어요!",
          "summary": "",
          "date": "2022-11-07",
          "time": "22:25:50",
          "terminate": "false"
        },
        {
          "speaker": "speaker2",
          "personaID": "40828",
          "participantID": "0217",
          "utterance": "꼭 한번 찾아보고 가세요! 숨어있는 꿀잼 요소들이 많아요. 저 이제 운동을 가야해서 다음에 연락드릴게요!",
          "summary": "",
          "date": "2022-11-07",
          "time": "22:26:18",
          "terminate": "false"
        },
        {
          "speaker": "speaker1",
          "personaID": "25790",
          "participantID": "0216",
          "utterance": "네, 운동 잘 다녀오시고 , 다음에 대화해요^^",
          "summary": "",
          "date": "2022-11-07",
          "time": "22:27:06",
          "terminate": "true"
        }
      ],
      "sessionPersonaSummary": {
        "speaker1": [
          "나는 와인을 좋아한다. 나는 와인바를 자주 간다. 나는 연락을 하게 된 사람이 생겼다.",
          "나는 한국 민속촌에 놀러 갈까 한다.",
          "나는 윷놀이를 명절에 식구들끼리 해보긴 했다.",
          "나는 딱지치기를 어릴 때 해봤다."
        ],
        "speaker2": [
          "나는 와이프랑 어렸을 때 갔었다."
        ]
      },
      "prevAggregatedpersonaSummary": {
        "speaker1": [
          "나는 20대 여성이다.",
          "나는 통계학이 부전공이다. 나는 통계 사무원으로 근무하고 있다.",
          "나는 회사와 가까운 거리다. 나는 일주일에 한두 번 버스로 출퇴근한다.",
          "나는 요즘 자주 외롭다.",
          "나는 와인을 좋아한다.",
          "나는 영화 보는 걸 좋아한다. 나는 판타지 영화를 싫어한다."
        ],
        "speaker2": [
          "나는 40대 남성이다.",
          "나는 무직이다. 나는 요즘 가끔 화가 난다.",
          "나는 요즘 다시 빵 학원에 다니고 있다. 나는 1년 전에 빵 만들기를 배웠다.",
          "나는 무직이지만 창업을 준비하고 있다.",
          "나는 전쟁영화를 자주 본다."
        ]
      }
    }
  ]
}