{
  "FileInfo": {
    "filename": "K2-00353-CL20640-CP42137-17-02-S2.json",
    "sessionLevel": "2"
  },
  "participantsInfo": {
    "numberOfParticipants": "2",
    "speaker1": {
      "participantID": "3648",
      "gender": "남성",
      "age": "30대",
      "occupation": "전문직",
      "bPlace": "서울/경기/인천",
      "gPlace": "서울/경기/인천",
      "rPlace": "서울/경기/인천",
      "educationLevel": "대졸"
    },
    "speaker2": {
      "participantID": "3497",
      "gender": "여성",
      "age": "30대",
      "occupation": "전문직",
      "bPlace": "서울/경기/인천",
      "gPlace": "서울/경기/인천",
      "rPlace": "서울/경기/인천",
      "educationLevel": "대졸"
    }
  },
  "multisessionInfo": {
    "multisessionID": "2-00353"
  },
  "personaInfo": {
    "clInfo": {
      "personaID": "20640",
      "personaFeatures": [
        "나는 남자이다.",
        "나는 20대이다.",
        "나의 여자 형제는 학생이다",
        "나는 일주일에 한 두번 버스로 출퇴근을 한다",
        "나는 농구를 자주 한다"
      ],
      "speakerType": "speaker1"
    },
    "cpInfo": {
      "personaID": "42137",
      "personaFeatures": [
        "나는 여자이다.",
        "나는 40대이다.",
        "나는 매일 자차로 출퇴근한다",
        "나는 동화를 싫어한다",
        "나는 핸드폰 게임을 매일 한다"
      ],
      "speakerType": "speaker2"
    }
  },
  "topicInfo": {
    "topicID": "17-02",
    "topicType": "미용과 건강>건강",
    "topicTitle": "위생"
  },
  "sessionInfo": [
    {
      "prevSessionID": null,
      "prevTimeInfo": {
        "timeNum": null,
        "timeUnit": null
      },
      "nthSession": "1",
      "numberOfUtterances": "14",
      "numberOfTurns": "7",
      "sessionID": "2-00353-1",
      "dialog": [
        {
          "speaker": "speaker1",
          "personaID": "20640",
          "participantID": "3648",
          "utterance": "안녕하세요 저는 20대 남성입니다",
          "summary": "나는 20대 남성이다.",
          "date": "2022-10-27",
          "time": "08:34:14",
          "terminate": "false"
        },
        {
          "speaker": "speaker2",
          "personaID": "42137",
          "participantID": "3497",
          "utterance": "안녕하세요 저는 40대 여성입니다",
          "summary": "나는 40대 여성이다",
          "date": "2022-10-27",
          "time": "20:22:39",
          "terminate": "false"
        },
        {
          "speaker": "speaker1",
          "personaID": "20640",
          "participantID": "3648",
          "utterance": "저는 아직 대학을 다니고 있습니다 하시는 일 여쭤봐도 될싸요",
          "summary": "나는 대학을 다니고 있다.",
          "date": "2022-10-28",
          "time": "16:53:13",
          "terminate": "false"
        },
        {
          "speaker": "speaker2",
          "personaID": "42137",
          "participantID": "3497",
          "utterance": "저는 일반 회사원이고 매일 자차로 출퇴근을 합니다~",
          "summary": "나는 일반 회사원이다.\n나는 매일 자차로 출퇴근한다",
          "date": "2022-10-28",
          "time": "17:18:12",
          "terminate": "false"
        },
        {
          "speaker": "speaker1",
          "personaID": "20640",
          "participantID": "3648",
          "utterance": "아 그러시군요 저도 대학 마지막 학기라 회사 인턴을 겸하고 있는데 일주일에 한 두번 버스로 출퇴근 합니다",
          "summary": "나는 회사 인턴을 겸하고 있다. 나는 일주일에 한두 번 버스로 출퇴근한다. \n",
          "date": "2022-10-28",
          "time": "18:30:45",
          "terminate": "false"
        },
        {
          "speaker": "speaker2",
          "personaID": "42137",
          "participantID": "3497",
          "utterance": "그렇군요 대중교통이 역시 좋아요 !  저는 핸드폰 게임을 매일하는데 대중교통을 타야 게임을 할 수 있으니까요!",
          "summary": " 나는 핸드폰 게임을 매일 한다",
          "date": "2022-10-28",
          "time": "18:37:24",
          "terminate": "false"
        },
        {
          "speaker": "speaker1",
          "personaID": "20640",
          "participantID": "3648",
          "utterance": "오 대중교통에서 시간 보낼게 있어서 정말 좋겠네요!! 취미가 게임이신가보네요 저는 농구를 좋아해서 놀구를 자주합니다",
          "summary": "나는 농구를 좋아한다. 나는 농구를 자주 한다.",
          "date": "2022-10-30",
          "time": "13:21:38",
          "terminate": "false"
        },
        {
          "speaker": "speaker2",
          "personaID": "42137",
          "participantID": "3497",
          "utterance": "네 취미가 핸드폰 게임이에요! 농구 좋아하시는구나~ 좋은 취미인 것 같아요! 건강도 좋아지고",
          "summary": "",
          "date": "2022-10-30",
          "time": "13:32:48",
          "terminate": "false"
        },
        {
          "speaker": "speaker1",
          "personaID": "20640",
          "participantID": "3648",
          "utterance": "네! 농구를 자주하고 있어요 여자 형제가 있는데 함께 시박하개 돼서 같이 운동나가요 우애도 깊어지고 좋은 것 같아요",
          "summary": "나는 여자 형제가 있다. 나는 여자 형제와 운동을 같이한다. \n",
          "date": "2022-10-30",
          "time": "13:34:17",
          "terminate": "false"
        },
        {
          "speaker": "speaker2",
          "personaID": "42137",
          "participantID": "3497",
          "utterance": "오 여자형제와 같이 농구를 하시다니 보기 좋아요! 제가 아는 남매들은 사이가 엄청 안좋던데..ㅎㅎ 사이가 좋으신가봐요!",
          "summary": "",
          "date": "2022-10-30",
          "time": "13:38:37",
          "terminate": "false"
        },
        {
          "speaker": "speaker1",
          "personaID": "20640",
          "participantID": "3648",
          "utterance": "사이가 썩 좋진 않아요 지금도 같이 운동하면서도 다투긴 해요 그래도 관심사가 통하고 할 이야기가 생기니 전보다 더 대화를 하게 된 것 같아요 성인이 돼서 새롭게 친해지는 기분도 들어요",
          "summary": "나는 여자 형제와 다툼이 있다. 나는 여자 형제와 대화를 많이 한다. \n",
          "date": "2022-10-30",
          "time": "13:45:00",
          "terminate": "false"
        },
        {
          "speaker": "speaker2",
          "personaID": "42137",
          "participantID": "3497",
          "utterance": "좋아요! 노력한다는 것 자체가 멋지네요~ 정말 살아보면 가족밖에 없다는 생각이 들어요",
          "summary": "",
          "date": "2022-10-30",
          "time": "13:50:15",
          "terminate": "false"
        },
        {
          "speaker": "speaker1",
          "personaID": "20640",
          "participantID": "3648",
          "utterance": "좋은 말씀이네요 귀한 시간이였어요!",
          "summary": "",
          "date": "2022-11-02",
          "time": "19:34:08",
          "terminate": "false"
        },
        {
          "speaker": "speaker2",
          "personaID": "42137",
          "participantID": "3497",
          "utterance": "네 저도 좋은시간이었습니다! 좋은하루 되세요~",
          "summary": "",
          "date": "2022-11-02",
          "time": "20:20:30",
          "terminate": "false"
        }
      ],
      "sessionPersonaSummary": {
        "speaker1": [
          "나는 20대 남성이다.",
          "나는 대학을 다니고 있다.",
          "나는 회사 인턴을 겸하고 있다. 나는 일주일에 한두 번 버스로 출퇴근한다. \n",
          "나는 농구를 좋아한다. 나는 농구를 자주 한다.",
          "나는 여자 형제가 있다. 나는 여자 형제와 운동을 같이한다. \n",
          "나는 여자 형제와 다툼이 있다. 나는 여자 형제와 대화를 많이 한다. \n"
        ],
        "speaker2": [
          "나는 40대 여성이다",
          "나는 일반 회사원이다.\n나는 매일 자차로 출퇴근한다",
          "나는 핸드폰 게임을 매일 한다"
        ]
      },
      "prevAggregatedpersonaSummary": {
        "speaker1": [],
        "speaker2": []
      }
    },
    {
      "prevSessionID": "2-00353-1",
      "prevTimeInfo": {
        "timeNum": "4",
        "timeUnit": "일"
      },
      "nthSession": "2",
      "numberOfUtterances": "14",
      "numberOfTurns": "7",
      "sessionID": "2-00353-2",
      "dialog": [
        {
          "speaker": "speaker1",
          "personaID": "20640",
          "participantID": "3648",
          "utterance": "4일만에 연락드리네요 그간 잘 지내셨나요?",
          "summary": "",
          "date": "2022-11-03",
          "time": "23:00:49",
          "terminate": "false"
        },
        {
          "speaker": "speaker2",
          "personaID": "42137",
          "participantID": "3497",
          "utterance": "네 잘 지냈습니다! 그동안 뭐하고 지내셨나요?",
          "summary": "",
          "date": "2022-11-03",
          "time": "23:02:44",
          "terminate": "false"
        },
        {
          "speaker": "speaker1",
          "personaID": "20640",
          "participantID": "3648",
          "utterance": "머리가 많이 자라서 미용실을 다녀오고 요새 너무 피곤해서 건강을 챙기려고 비타민을 구매했습니다",
          "summary": "나는 요새 피곤하다. 나는 비타민을 구매했다. 나는 미용실에 다녀왔다. \n",
          "date": "2022-11-03",
          "time": "23:11:42",
          "terminate": "false"
        },
        {
          "speaker": "speaker2",
          "personaID": "42137",
          "participantID": "3497",
          "utterance": "아 저도 미용실가야하는데 ㅎㅎ 비타민은 뭐 구매하셨나요?",
          "summary": "나는 미용실에 가야 한다. \n",
          "date": "2022-11-03",
          "time": "23:14:22",
          "terminate": "false"
        },
        {
          "speaker": "speaker1",
          "personaID": "20640",
          "participantID": "3648",
          "utterance": "비타민C를 많이 먹어도 좋다는 소리가 있어서 많이 구매했습니다. 기관지를 위해서 위생을 신경쓰려고 청소도 좀 했네요",
          "summary": "나는 기관지를 위해 청소를 했다. 나는 비타민 C를 구매했다. \n",
          "date": "2022-11-03",
          "time": "23:16:53",
          "terminate": "false"
        },
        {
          "speaker": "speaker2",
          "personaID": "42137",
          "participantID": "3497",
          "utterance": "요즘 저도 집에 먼지가 너무 많아가지고 대청소를 해야하는데 ㅎㅎ 오 저도 비타민c로 한번 구매해볼까봐요",
          "summary": "나의 집에는 먼지가 많다. 나는 대청소를 해야 한다. \n",
          "date": "2022-11-03",
          "time": "23:17:45",
          "terminate": "false"
        },
        {
          "speaker": "speaker1",
          "personaID": "20640",
          "participantID": "3648",
          "utterance": "여동생이 방이 너무 더럽다며 뭐라허긴 하더라구요 플라시보효과인진 모르겠지만 몇일 먹어보니 생기가 도는 것 같아요",
          "summary": "나는 비타민C가 효과가 있다. \n",
          "date": "2022-11-03",
          "time": "23:19:38",
          "terminate": "false"
        },
        {
          "speaker": "speaker2",
          "personaID": "42137",
          "participantID": "3497",
          "utterance": "차라리 누가 말이라도 해주면 좋겠어요 저는 혼자 다 하려다 보니까 ...안치우게 되네요",
          "summary": "",
          "date": "2022-11-03",
          "time": "23:20:31",
          "terminate": "false"
        },
        {
          "speaker": "speaker1",
          "personaID": "20640",
          "participantID": "3648",
          "utterance": "아무래도 혼자서는 더 신경 못쓰게 되는 것 같긴해요 밖에선 위생에 엄청 신경쓰면서 정작 집에선 긴장이 풀려서 그런지 위생에 많이 신경 못 쓴거 같아요 건강에 영향을 주니 이제야 신경쓰이네요",
          "summary": "나는 위생에 신경을 많이 못쓴다. \n",
          "date": "2022-11-03",
          "time": "23:22:03",
          "terminate": "false"
        },
        {
          "speaker": "speaker2",
          "personaID": "42137",
          "participantID": "3497",
          "utterance": "건강을 위해서 제습기도 사고 공기청청기도 사긴했어요 공기가 나쁘면 위생이 별로인거 같은 느 낌이 들어라고요 워낙 요즘 공기가 안좋아서요 ㅎ",
          "summary": "나는 건강을 위해 제습기와 공기청정기를 샀다",
          "date": "2022-11-03",
          "time": "23:23:22",
          "terminate": "false"
        },
        {
          "speaker": "speaker1",
          "personaID": "20640",
          "participantID": "3648",
          "utterance": "역시 기계가 최고네요 너무 편리한 세상이에요 열심히 돈벌어서 저도 마련해야겠네요",
          "summary": "",
          "date": "2022-11-03",
          "time": "23:25:06",
          "terminate": "false"
        },
        {
          "speaker": "speaker2",
          "personaID": "42137",
          "participantID": "3497",
          "utterance": "네 좋은생각이에요 ㅎㅎ 이렇게 진짜 본인건강은 본인이 챙기는게 맞는거 같아요 ",
          "summary": "",
          "date": "2022-11-03",
          "time": "23:26:48",
          "terminate": "false"
        },
        {
          "speaker": "speaker1",
          "personaID": "20640",
          "participantID": "3648",
          "utterance": "맞아요 20대 가 되니 벌써부터 건강에 신경쓰게 되네요 옛날엔 준비운동 안하고 운동해도 무리가 없었는데 자주 농구하러 나가도 예전같지 않다는 것을 느껴요",
          "summary": "나는 건강에 신경을 쓴다.",
          "date": "2022-11-03",
          "time": "23:28:11",
          "terminate": "false"
        },
        {
          "speaker": "speaker2",
          "personaID": "42137",
          "participantID": "3497",
          "utterance": "맞아요 1년 1년이 다르죠 ㅎ 저는 운동하러 산책좀 나가봐야 할꺼 같아요 다음에 또 뵈요",
          "summary": "나는 산책을 할 것이다. \n",
          "date": "2022-11-03",
          "time": "23:29:13",
          "terminate": "true"
        }
      ],
      "sessionPersonaSummary": {
        "speaker1": [
          "나는 요새 피곤하다. 나는 비타민을 구매했다. 나는 미용실에 다녀왔다. \n",
          "나는 기관지를 위해 청소를 했다. 나는 비타민 C를 구매했다. \n",
          "나는 비타민C가 효과가 있다. \n",
          "나는 위생에 신경을 많이 못쓴다. \n",
          "나는 건강에 신경을 쓴다."
        ],
        "speaker2": [
          "나는 미용실에 가야 한다. \n",
          "나의 집에는 먼지가 많다. 나는 대청소를 해야 한다. \n",
          "나는 건강을 위해 제습기와 공기청정기를 샀다",
          "나는 산책을 할 것이다. \n"
        ]
      },
      "prevAggregatedpersonaSummary": {
        "speaker1": [
          "나는 20대 남성이다.",
          "나는 대학을 다니고 있다.",
          "나는 회사 인턴을 겸하고 있다. 나는 일주일에 한두 번 버스로 출퇴근한다. \n",
          "나는 농구를 좋아한다. 나는 농구를 자주 한다.",
          "나는 여자 형제가 있다. 나는 여자 형제와 운동을 같이한다. \n",
          "나는 여자 형제와 다툼이 있다. 나는 여자 형제와 대화를 많이 한다. \n"
        ],
        "speaker2": [
          "나는 40대 여성이다",
          "나는 일반 회사원이다.\n나는 매일 자차로 출퇴근한다",
          "나는 핸드폰 게임을 매일 한다"
        ]
      }
    }
  ]
}