{
  "FileInfo": {
    "filename": "K2-00345-CL03433-CP03054-20-06-S2.json",
    "sessionLevel": "2"
  },
  "participantsInfo": {
    "numberOfParticipants": "2",
    "speaker1": {
      "participantID": "2074",
      "gender": "남성",
      "age": "40대",
      "occupation": "서비스직",
      "bPlace": "서울/경기/인천",
      "gPlace": "서울/경기/인천",
      "rPlace": "서울/경기/인천",
      "educationLevel": "고졸"
    },
    "speaker2": {
      "participantID": "0091",
      "gender": "여성",
      "age": "30대",
      "occupation": "주부",
      "bPlace": "서울/경기/인천",
      "gPlace": "서울/경기/인천",
      "rPlace": "서울/경기/인천",
      "educationLevel": "대졸"
    }
  },
  "multisessionInfo": {
    "multisessionID": "2-00345"
  },
  "personaInfo": {
    "clInfo": {
      "personaID": "03433",
      "personaFeatures": [
        "나는 남자이다.",
        "나는 40대이다.",
        "나의 거주지는 경기도이다.",
        "나는 크림 스파게티를 즐겨 먹는다.",
        "나는 드럼 연주를 자주 한다."
      ],
      "speakerType": "speaker1"
    },
    "cpInfo": {
      "personaID": "03054",
      "personaFeatures": [
        "나는 여자이다.",
        "나는 30대이다.",
        "나의 여자 형제는 변호사이다.",
        "나는 신 음식을 즐겨 먹는다.",
        "나는 배당주에 관심이 있다."
      ],
      "speakerType": "speaker2"
    }
  },
  "topicInfo": {
    "topicID": "20-06",
    "topicType": "예술문화 생활>영화/만화",
    "topicTitle": "OTT서비스"
  },
  "sessionInfo": [
    {
      "prevSessionID": null,
      "prevTimeInfo": {
        "timeNum": null,
        "timeUnit": null
      },
      "nthSession": "1",
      "numberOfUtterances": "18",
      "numberOfTurns": "9",
      "sessionID": "2-00345-1",
      "dialog": [
        {
          "speaker": "speaker1",
          "personaID": "03433",
          "participantID": "2074",
          "utterance": "안녕하세요! 저는 40대 남자입니다! 반갑습니다! 잘 부탁드립니다!",
          "summary": "나는 40대 남자이다.",
          "date": "2022-09-04",
          "time": "15:00:06",
          "terminate": "false"
        },
        {
          "speaker": "speaker2",
          "personaID": "03054",
          "participantID": "0091",
          "utterance": "만나서 반갑습니다! 전 30대 여자입니다 ㅎㅎ 저도 잘 부탁드려요.",
          "summary": "나는 30대 여자이다.",
          "date": "2022-09-04",
          "time": "15:00:26",
          "terminate": "false"
        },
        {
          "speaker": "speaker1",
          "personaID": "03433",
          "participantID": "2074",
          "utterance": "저는 요즘 좋아하는 음식이 하나 있습니다~ 알려드릴까요? ㅎㅎ.",
          "summary": "",
          "date": "2022-09-04",
          "time": "15:00:39",
          "terminate": "false"
        },
        {
          "speaker": "speaker2",
          "personaID": "03054",
          "participantID": "0091",
          "utterance": "오 그래요?? 어떤 음식을 좋아하시는데요?? 단 음식을 좋아하시나요?",
          "summary": "",
          "date": "2022-09-04",
          "time": "15:00:50",
          "terminate": "false"
        },
        {
          "speaker": "speaker1",
          "personaID": "03433",
          "participantID": "2074",
          "utterance": "크림 스파게티를 즐겨 먹는데, 이거 맛있더라고요~ 제 취향에 딱 맞아요.",
          "summary": "나는 크림 스파게티를 즐겨 먹는다.",
          "date": "2022-09-04",
          "time": "15:00:56",
          "terminate": "false"
        },
        {
          "speaker": "speaker2",
          "personaID": "03054",
          "participantID": "0091",
          "utterance": "아하.. 크림 스파게티를 드시게 된 계기가 있나요? 뭐.. 추억이라던가.",
          "summary": "",
          "date": "2022-09-04",
          "time": "15:01:07",
          "terminate": "false"
        },
        {
          "speaker": "speaker1",
          "personaID": "03433",
          "participantID": "2074",
          "utterance": "제가 경기도에 사는데, 새로 연 맛집이 있더라고요~ 마음에 드네요~",
          "summary": "나의 거주지는 경기도이다.",
          "date": "2022-09-04",
          "time": "15:01:19",
          "terminate": "false"
        },
        {
          "speaker": "speaker2",
          "personaID": "03054",
          "participantID": "0091",
          "utterance": "ㅋㅋ 먹는거 외에 다른 취미는 없나요?? 저는 그게 궁금하네요 ㅎㅎ.",
          "summary": "",
          "date": "2022-09-04",
          "time": "15:01:39",
          "terminate": "false"
        },
        {
          "speaker": "speaker1",
          "personaID": "03433",
          "participantID": "2074",
          "utterance": "저는 악기 연주를 많이 좋아하는 편입니다. 이게 다른 취미입니다 ㅋㅋ.",
          "summary": "",
          "date": "2022-09-04",
          "time": "15:01:49",
          "terminate": "false"
        },
        {
          "speaker": "speaker2",
          "personaID": "03054",
          "participantID": "0091",
          "utterance": "오.. 어떤 악기 연주를 좋아하시나요?? 재능이 있으신가 봅니다 그럼?",
          "summary": "",
          "date": "2022-09-04",
          "time": "15:02:03",
          "terminate": "false"
        },
        {
          "speaker": "speaker1",
          "personaID": "03433",
          "participantID": "2074",
          "utterance": "저는 드럼 연주를 자주 합니다~ ㅎㅎ 재밌어요. 두들기는 게 너무 좋아요.",
          "summary": "나는 드럼 연주를 자주 한다.",
          "date": "2022-09-04",
          "time": "15:02:04",
          "terminate": "false"
        },
        {
          "speaker": "speaker2",
          "personaID": "03054",
          "participantID": "0091",
          "utterance": "아 ㅋㅋ 확실히 두드리는게 스트레스가 풀리겠어요! 좋은 방법이네요 ㅎㅎ.",
          "summary": "",
          "date": "2022-09-04",
          "time": "15:02:20",
          "terminate": "false"
        },
        {
          "speaker": "speaker1",
          "personaID": "03433",
          "participantID": "2074",
          "utterance": "그렇죠. 두드리면 기분이 좋더라고요~ ㅋㅋ 평소에 스트레스를 많이받아서.",
          "summary": "",
          "date": "2022-09-04",
          "time": "15:02:40",
          "terminate": "false"
        },
        {
          "speaker": "speaker2",
          "personaID": "03054",
          "participantID": "0091",
          "utterance": "그래요?? 왜 스트레스를 많이 받으시나요?? 특별히 이유가 있나요??",
          "summary": "",
          "date": "2022-09-04",
          "time": "15:03:16",
          "terminate": "false"
        },
        {
          "speaker": "speaker1",
          "personaID": "03433",
          "participantID": "2074",
          "utterance": "제가 일하는 게 있는데, 많이 바쁘거든요. ㅠㅠ 그래서 그렇습니다 ㅠㅠ.",
          "summary": "나는 많이 바쁘다.",
          "date": "2022-09-04",
          "time": "15:03:17",
          "terminate": "false"
        },
        {
          "speaker": "speaker2",
          "personaID": "03054",
          "participantID": "0091",
          "utterance": "그렇군요! ㅜㅜ 그럼 악기 연주가 도움이 되겠네요! 기회가 되면 해 볼게요.",
          "summary": "",
          "date": "2022-09-04",
          "time": "15:03:28",
          "terminate": "false"
        },
        {
          "speaker": "speaker1",
          "personaID": "03433",
          "participantID": "2074",
          "utterance": "저는 직장인인데, 오늘도 야근을 합니다. 힘들겠죠? 실제로도 힘들어요.",
          "summary": "",
          "date": "2022-09-04",
          "time": "15:03:32",
          "terminate": "false"
        },
        {
          "speaker": "speaker2",
          "personaID": "03054",
          "participantID": "0091",
          "utterance": "ㅜㅜ 정말 힘드시겠어요! 야근을 하면 머리도 아플 텐데.. 푹 쉬는게 중요하겠어요!",
          "summary": "",
          "date": "2022-09-04",
          "time": "15:03:48",
          "terminate": "true"
        }
      ],
      "sessionPersonaSummary": {
        "speaker1": [
          "나는 40대 남자이다.",
          "나는 크림 스파게티를 즐겨 먹는다.",
          "나의 거주지는 경기도이다.",
          "나는 드럼 연주를 자주 한다.",
          "나는 많이 바쁘다."
        ],
        "speaker2": [
          "나는 30대 여자이다."
        ]
      },
      "prevAggregatedpersonaSummary": {
        "speaker1": [],
        "speaker2": []
      }
    },
    {
      "prevSessionID": "2-00345-1",
      "prevTimeInfo": {
        "timeNum": "3",
        "timeUnit": "일"
      },
      "nthSession": "2",
      "numberOfUtterances": "18",
      "numberOfTurns": "9",
      "sessionID": "2-00345-2",
      "dialog": [
        {
          "speaker": "speaker1",
          "personaID": "03433",
          "participantID": "2074",
          "utterance": "며칠이 지났네요. 오늘은 뭐하시고 계시나요? 저는 야근 준비 중입니다.",
          "summary": "",
          "date": "2022-09-04",
          "time": "15:03:51",
          "terminate": "false"
        },
        {
          "speaker": "speaker2",
          "personaID": "03054",
          "participantID": "0091",
          "utterance": "저는 오늘, 제가 좋아하는 음식 먹으려구요 ㅎㅎ 제 소소한 삶의 행복이죠.",
          "summary": "",
          "date": "2022-09-04",
          "time": "15:04:03",
          "terminate": "false"
        },
        {
          "speaker": "speaker1",
          "personaID": "03433",
          "participantID": "2074",
          "utterance": "오호.. 그렇군요. 어떤 음식을 좋아하시는데요? 궁금해지긴 하네요.",
          "summary": "",
          "date": "2022-09-04",
          "time": "15:04:08",
          "terminate": "false"
        },
        {
          "speaker": "speaker2",
          "personaID": "03054",
          "participantID": "0091",
          "utterance": "전 신 음식 좋아해요! @브랜드명1@에 새로운 메뉴가 나와서, 그거 샀어요.",
          "summary": "나는 신 음식을 좋아한다.",
          "date": "2022-09-04",
          "time": "15:04:19",
          "terminate": "false"
        },
        {
          "speaker": "speaker1",
          "personaID": "03433",
          "participantID": "2074",
          "utterance": "그런가요? 어떤 메뉴가 나왔는지 궁금하네요~ ㅎㅎ 알려주세요!",
          "summary": "",
          "date": "2022-09-04",
          "time": "15:04:27",
          "terminate": "false"
        },
        {
          "speaker": "speaker2",
          "personaID": "03054",
          "participantID": "0091",
          "utterance": "ㅋㅋ 이름은 기억이 안 나는데, 조금 비쌌던걸로 기억해요. 미안해요!ㅜㅜ.",
          "summary": "",
          "date": "2022-09-04",
          "time": "15:04:41",
          "terminate": "false"
        },
        {
          "speaker": "speaker1",
          "personaID": "03433",
          "participantID": "2074",
          "utterance": "음.. 그런가요? 그런 금액이 충당이 되나요? 비싸다면서요 ㅠㅠ.",
          "summary": "",
          "date": "2022-09-04",
          "time": "15:04:50",
          "terminate": "false"
        },
        {
          "speaker": "speaker2",
          "personaID": "03054",
          "participantID": "0091",
          "utterance": "제가 돈을 많이 벌어서, 이정도 지출은 괜찮네요! 제가 자랑스러운 부분입니다.",
          "summary": "",
          "date": "2022-09-04",
          "time": "15:04:52",
          "terminate": "false"
        },
        {
          "speaker": "speaker1",
          "personaID": "03433",
          "participantID": "2074",
          "utterance": "아하! 그런가요? 어떤 일을 하고 계시나요? 일에 대한 질문을 할래요~",
          "summary": "",
          "date": "2022-09-04",
          "time": "15:05:04",
          "terminate": "false"
        },
        {
          "speaker": "speaker2",
          "personaID": "03054",
          "participantID": "0091",
          "utterance": "저는 지금 전업으로 투자하고 있습니다. 하루 종일 주식을 공부해요!",
          "summary": "",
          "date": "2022-09-04",
          "time": "15:05:45",
          "terminate": "false"
        },
        {
          "speaker": "speaker1",
          "personaID": "03433",
          "participantID": "2074",
          "utterance": "아하! 그런가요? 어떤 투자를 하고 있는지요? 알려주실수 있나요?",
          "summary": "",
          "date": "2022-09-04",
          "time": "15:05:47",
          "terminate": "false"
        },
        {
          "speaker": "speaker2",
          "personaID": "03054",
          "participantID": "0091",
          "utterance": "ㅎㅎ 최근에는 배당주에 관심이 있네요 ㅎㅎ그쪽도 한번 공부해 보세요~",
          "summary": "나는 배당주에 관심이 있다.",
          "date": "2022-09-04",
          "time": "15:05:48",
          "terminate": "false"
        },
        {
          "speaker": "speaker1",
          "personaID": "03433",
          "participantID": "2074",
          "utterance": "오~ 그렇군요. 그러면 가족들도 그런 일을 하나요? 대단하네요~",
          "summary": "",
          "date": "2022-09-04",
          "time": "15:05:49",
          "terminate": "false"
        },
        {
          "speaker": "speaker2",
          "personaID": "03054",
          "participantID": "0091",
          "utterance": "ㅋㅋ 가족은 다른 일 합니다! 여자 형제는 변호사에요. 엄청나죠? ㅎㅎ.",
          "summary": "나의 여자 형제는 변호사이다.",
          "date": "2022-09-04",
          "time": "15:06:01",
          "terminate": "false"
        },
        {
          "speaker": "speaker1",
          "personaID": "03433",
          "participantID": "2074",
          "utterance": "오~ 정말요? 여자 형제분도 돈을 많이 벌겠네요. 변호사라니요! ㅎㅎ.",
          "summary": "",
          "date": "2022-09-04",
          "time": "15:06:12",
          "terminate": "false"
        },
        {
          "speaker": "speaker2",
          "personaID": "03054",
          "participantID": "0091",
          "utterance": "ㅎㅎ 네. 저는 집에서 OTT서비스로 영화나 보려구요 그게 요즘 편하더라구요~",
          "summary": "",
          "date": "2022-09-04",
          "time": "15:06:21",
          "terminate": "false"
        },
        {
          "speaker": "speaker1",
          "personaID": "03433",
          "participantID": "2074",
          "utterance": "영화요?? 어떤 영화를 좋아하시나요? OTT 서비스로 보는 영화인가요?",
          "summary": "",
          "date": "2022-09-04",
          "time": "15:06:40",
          "terminate": "false"
        },
        {
          "speaker": "speaker2",
          "personaID": "03054",
          "participantID": "0091",
          "utterance": "저는 멜로 영화를 좋아합니다! ㅋㅋ 뭔가 은근한 분위기가 딱 제 취향이어서요.",
          "summary": "나는 멜로 영화를 좋아한다.",
          "date": "2022-09-04",
          "time": "15:06:33",
          "terminate": "true"
        }
      ],
      "sessionPersonaSummary": {
        "speaker1": [],
        "speaker2": [
          "나는 신 음식을 좋아한다.",
          "나는 배당주에 관심이 있다.",
          "나의 여자 형제는 변호사이다.",
          "나는 멜로 영화를 좋아한다."
        ]
      },
      "prevAggregatedpersonaSummary": {
        "speaker1": [
          "나는 40대 남자이다.",
          "나는 크림 스파게티를 즐겨 먹는다.",
          "나의 거주지는 경기도이다.",
          "나는 드럼 연주를 자주 한다.",
          "나는 많이 바쁘다."
        ],
        "speaker2": [
          "나는 30대 여자이다."
        ]
      }
    }
  ]
}