{
  "FileInfo": {
    "filename": "K2-00398-CL04275-CP03522-14-09-S2.json",
    "sessionLevel": "2"
  },
  "participantsInfo": {
    "numberOfParticipants": "2",
    "speaker1": {
      "participantID": "0048",
      "gender": "남성",
      "age": "50대",
      "occupation": "서비스직",
      "bPlace": "부산/대구/울산/경상",
      "gPlace": "부산/대구/울산/경상",
      "rPlace": "부산/대구/울산/경상",
      "educationLevel": "고졸"
    },
    "speaker2": {
      "participantID": "0124",
      "gender": "남성",
      "age": "30대",
      "occupation": "사무직",
      "bPlace": "부산/대구/울산/경상",
      "gPlace": "부산/대구/울산/경상",
      "rPlace": "부산/대구/울산/경상",
      "educationLevel": "대졸"
    }
  },
  "multisessionInfo": {
    "multisessionID": "2-00398"
  },
  "personaInfo": {
    "clInfo": {
      "personaID": "04275",
      "personaFeatures": [
        "나는 남자이다.",
        "나는 50대이다.",
        "나는 선후배와 잘 어울리지 않는다.",
        "나는 자전거를 싫어한다.",
        "내 인생에서 가장 기쁘던 때는 운전 면허증을 취득했을 때이다."
      ],
      "speakerType": "speaker1"
    },
    "cpInfo": {
      "personaID": "03522",
      "personaFeatures": [
        "나는 남자이다.",
        "나는 40대이다.",
        "나의 거주지는 제주도이다.",
        "나는 스포츠 영화를 싫어한다.",
        "나는 일본어에 관심 없다."
      ],
      "speakerType": "speaker2"
    }
  },
  "topicInfo": {
    "topicID": "14-09",
    "topicType": "시사/사회>사회이슈(국내)",
    "topicTitle": "방역"
  },
  "sessionInfo": [
    {
      "prevSessionID": null,
      "prevTimeInfo": {
        "timeNum": null,
        "timeUnit": null
      },
      "nthSession": "1",
      "numberOfUtterances": "16",
      "numberOfTurns": "8",
      "sessionID": "2-00398-1",
      "dialog": [
        {
          "speaker": "speaker1",
          "personaID": "04275",
          "participantID": "0048",
          "utterance": "안녕하세요~저는 50대 남자입니다!",
          "summary": "나는 50대 남자이다.",
          "date": "2022-08-30",
          "time": "17:30:16",
          "terminate": "false"
        },
        {
          "speaker": "speaker2",
          "personaID": "03522",
          "participantID": "0124",
          "utterance": "안녕하세요! 저는 40대 남자입니다!",
          "summary": "나는 40대 남자이다.",
          "date": "2022-08-30",
          "time": "17:30:20",
          "terminate": "false"
        },
        {
          "speaker": "speaker1",
          "personaID": "04275",
          "participantID": "0048",
          "utterance": "드디어 운전면허를 땄네요.. 휴..",
          "summary": "나는 드디어 운전면허를 땄다.",
          "date": "2022-08-30",
          "time": "17:30:01",
          "terminate": "false"
        },
        {
          "speaker": "speaker2",
          "personaID": "03522",
          "participantID": "0124",
          "utterance": "늦게 따셨네요! 정말 따고 싶으셨나봐요.",
          "summary": "",
          "date": "2022-08-30",
          "time": "17:30:01",
          "terminate": "false"
        },
        {
          "speaker": "speaker1",
          "personaID": "04275",
          "participantID": "0048",
          "utterance": "네. 제가 자전거를 진짜 싫어해가지구요.",
          "summary": "나는 자전거를 싫어한다.",
          "date": "2022-08-30",
          "time": "17:30:01",
          "terminate": "false"
        },
        {
          "speaker": "speaker2",
          "personaID": "03522",
          "participantID": "0124",
          "utterance": "왜 싫어하시는거에요 자전거는?",
          "summary": "",
          "date": "2022-08-30",
          "time": "17:30:01",
          "terminate": "false"
        },
        {
          "speaker": "speaker1",
          "personaID": "04275",
          "participantID": "0048",
          "utterance": "자전거로 출퇴근을 오래 했거든요.. 이제 끝 !",
          "summary": "",
          "date": "2022-08-30",
          "time": "17:30:01",
          "terminate": "false"
        },
        {
          "speaker": "speaker2",
          "personaID": "03522",
          "participantID": "0124",
          "utterance": "아~그렇구나! 정말 축하드립니다 진짜!",
          "summary": "",
          "date": "2022-08-30",
          "time": "17:30:06",
          "terminate": "false"
        },
        {
          "speaker": "speaker1",
          "personaID": "04275",
          "participantID": "0048",
          "utterance": "네! 내인생에서 가장 기쁜거 같은데요.. 최고에요 정말.",
          "summary": "내 인생에서 가장 기쁘던 때는 운전 면허증을 취득했을 때이다.",
          "date": "2022-08-30",
          "time": "17:30:14",
          "terminate": "false"
        },
        {
          "speaker": "speaker2",
          "personaID": "03522",
          "participantID": "0124",
          "utterance": "운전면허도 땄으니 뭐 하고싶은거 있으세요?",
          "summary": "",
          "date": "2022-08-30",
          "time": "17:30:28",
          "terminate": "false"
        },
        {
          "speaker": "speaker1",
          "personaID": "04275",
          "participantID": "0048",
          "utterance": "제주도 가서 차렌트 해서 놀고싶어요 !",
          "summary": "나는 제주도 가서 차 렌트해서 놀고 싶다.",
          "date": "2022-08-30",
          "time": "17:30:33",
          "terminate": "false"
        },
        {
          "speaker": "speaker2",
          "personaID": "03522",
          "participantID": "0124",
          "utterance": "제가 제주도 사는데 초보는 렌트 안해줘요.",
          "summary": "나의 거주지는 제주도이다.",
          "date": "2022-08-30",
          "time": "17:30:38",
          "terminate": "false"
        },
        {
          "speaker": "speaker1",
          "personaID": "04275",
          "participantID": "0048",
          "utterance": "아.. 뭐야.. 같이 갈사람도 없어요..",
          "summary": "",
          "date": "2022-08-30",
          "time": "17:30:45",
          "terminate": "false"
        },
        {
          "speaker": "speaker2",
          "personaID": "03522",
          "participantID": "0124",
          "utterance": "아...그렇군요..뭐 친구나 가족 없으세요?",
          "summary": "",
          "date": "2022-08-30",
          "time": "17:30:47",
          "terminate": "false"
        },
        {
          "speaker": "speaker1",
          "personaID": "04275",
          "participantID": "0048",
          "utterance": "그건 기본에.. 선후배와 잘 어울리지도 못해요.. 저잠이 와서 이만 자볼께요 !",
          "summary": "나는 선후배와 잘 어울리지 않는다.",
          "date": "2022-08-30",
          "time": "17:31:05",
          "terminate": "false"
        },
        {
          "speaker": "speaker2",
          "personaID": "03522",
          "participantID": "0124",
          "utterance": "아 그렇구나..알겠습니다! 그럼 나중에 또 연락해요!",
          "summary": "",
          "date": "2022-08-30",
          "time": "17:31:07",
          "terminate": "true"
        }
      ],
      "sessionPersonaSummary": {
        "speaker1": [
          "나는 50대 남자이다.",
          "나는 드디어 운전면허를 땄다.",
          "나는 자전거를 싫어한다.",
          "내 인생에서 가장 기쁘던 때는 운전 면허증을 취득했을 때이다.",
          "나는 제주도 가서 차 렌트해서 놀고 싶다.",
          "나는 선후배와 잘 어울리지 않는다."
        ],
        "speaker2": [
          "나는 40대 남자이다.",
          "나의 거주지는 제주도이다."
        ]
      },
      "prevAggregatedpersonaSummary": {
        "speaker1": [],
        "speaker2": []
      }
    },
    {
      "prevSessionID": "2-00398-1",
      "prevTimeInfo": {
        "timeNum": "1",
        "timeUnit": "일"
      },
      "nthSession": "2",
      "numberOfUtterances": "16",
      "numberOfTurns": "8",
      "sessionID": "2-00398-2",
      "dialog": [
        {
          "speaker": "speaker1",
          "personaID": "04275",
          "participantID": "0048",
          "utterance": "좋은아침 ! 어제는 잠이와서 바로 자버렸네요..",
          "summary": "",
          "date": "2022-08-30",
          "time": "17:31:23",
          "terminate": "false"
        },
        {
          "speaker": "speaker2",
          "personaID": "03522",
          "participantID": "0124",
          "utterance": "네~좋은아침이에요! 괜찮습니다~그럴수있죠!",
          "summary": "",
          "date": "2022-08-30",
          "time": "17:31:24",
          "terminate": "false"
        },
        {
          "speaker": "speaker1",
          "personaID": "04275",
          "participantID": "0048",
          "utterance": "요즘 제주도는 방역 어떤거 같아요?",
          "summary": "",
          "date": "2022-08-30",
          "time": "17:31:30",
          "terminate": "false"
        },
        {
          "speaker": "speaker2",
          "personaID": "03522",
          "participantID": "0124",
          "utterance": "한다고 하는데 그냥다 입방역이죠ㅋㅋ 입으로만 얘기하고.",
          "summary": "",
          "date": "2022-08-30",
          "time": "17:31:34",
          "terminate": "false"
        },
        {
          "speaker": "speaker1",
          "personaID": "04275",
          "participantID": "0048",
          "utterance": "그렇죠? 그냥 다들 그런거 같더라구요..",
          "summary": "",
          "date": "2022-08-30",
          "time": "17:31:38",
          "terminate": "false"
        },
        {
          "speaker": "speaker2",
          "personaID": "03522",
          "participantID": "0124",
          "utterance": "그러니까요! 다른나라들은 어떨려나 모르겠네요.",
          "summary": "",
          "date": "2022-08-30",
          "time": "17:31:43",
          "terminate": "false"
        },
        {
          "speaker": "speaker1",
          "personaID": "04275",
          "participantID": "0048",
          "utterance": "일본은 방역 완전 그냥 다 뚫려 버렸다는데요..",
          "summary": "",
          "date": "2022-08-30",
          "time": "17:31:49",
          "terminate": "false"
        },
        {
          "speaker": "speaker2",
          "personaID": "03522",
          "participantID": "0124",
          "utterance": "저는 일본에는 관심이 없어요~일본어에도 관심이 없고.",
          "summary": "나는 일본어에 관심 없다.",
          "date": "2022-08-30",
          "time": "17:33:30",
          "terminate": "false"
        },
        {
          "speaker": "speaker1",
          "personaID": "04275",
          "participantID": "0048",
          "utterance": "물어보셔서 말한거에요.. 제 탓은 하지 말아주세요.",
          "summary": "",
          "date": "2022-08-30",
          "time": "17:33:30",
          "terminate": "false"
        },
        {
          "speaker": "speaker2",
          "personaID": "03522",
          "participantID": "0124",
          "utterance": "저는 일본이 나올줄은 몰랐네요..ㅋ.ㅋ.",
          "summary": "",
          "date": "2022-08-30",
          "time": "17:33:30",
          "terminate": "false"
        },
        {
          "speaker": "speaker1",
          "personaID": "04275",
          "participantID": "0048",
          "utterance": "넵..여튼 자가방역도 중요 한거 같아요 !!",
          "summary": "",
          "date": "2022-08-30",
          "time": "17:33:30",
          "terminate": "false"
        },
        {
          "speaker": "speaker2",
          "personaID": "03522",
          "participantID": "0124",
          "utterance": "그래봤자 뭐 마스크 하는거죠!",
          "summary": "",
          "date": "2022-08-30",
          "time": "17:33:30",
          "terminate": "false"
        },
        {
          "speaker": "speaker1",
          "personaID": "04275",
          "participantID": "0048",
          "utterance": "가장 확실한건 손 씻기 아닐까요?",
          "summary": "",
          "date": "2022-08-30",
          "time": "17:33:30",
          "terminate": "false"
        },
        {
          "speaker": "speaker2",
          "personaID": "03522",
          "participantID": "0124",
          "utterance": "맞네요! 저도 코로나 이후 손을 자주 씻으니까!",
          "summary": "",
          "date": "2022-08-30",
          "time": "17:33:30",
          "terminate": "false"
        },
        {
          "speaker": "speaker1",
          "personaID": "04275",
          "participantID": "0048",
          "utterance": "일단 저는 잠이나 더자야겠어요 ~ 할꺼하고 대화 또 해요 !!",
          "summary": "",
          "date": "2022-08-30",
          "time": "17:33:30",
          "terminate": "false"
        },
        {
          "speaker": "speaker2",
          "personaID": "03522",
          "participantID": "0124",
          "utterance": "알겠습니다~저는 교육때매 싫어하는 스포츠 영화를 봐야되네요ㅜㅜ수고해요.",
          "summary": "나는 스포츠 영화를 싫어한다.",
          "date": "2022-08-30",
          "time": "17:33:30",
          "terminate": "true"
        }
      ],
      "sessionPersonaSummary": {
        "speaker1": [],
        "speaker2": [
          "나는 일본어에 관심 없다.",
          "나는 스포츠 영화를 싫어한다."
        ]
      },
      "prevAggregatedpersonaSummary": {
        "speaker1": [
          "나는 50대 남자이다.",
          "나는 드디어 운전면허를 땄다.",
          "나는 자전거를 싫어한다.",
          "내 인생에서 가장 기쁘던 때는 운전 면허증을 취득했을 때이다.",
          "나는 제주도 가서 차 렌트해서 놀고 싶다.",
          "나는 선후배와 잘 어울리지 않는다."
        ],
        "speaker2": [
          "나는 40대 남자이다.",
          "나의 거주지는 제주도이다."
        ]
      }
    }
  ]
}