{
  "FileInfo": {
    "filename": "K2-00252-CL40404-CP61827-18-07-S2.json",
    "sessionLevel": "2"
  },
  "participantsInfo": {
    "numberOfParticipants": "2",
    "speaker1": {
      "participantID": "3203",
      "gender": "남성",
      "age": "50대",
      "occupation": "기타",
      "bPlace": "부산/대구/울산/경상",
      "gPlace": "서울/경기/인천",
      "rPlace": "서울/경기/인천",
      "educationLevel": "대졸"
    },
    "speaker2": {
      "participantID": "1994",
      "gender": "여성",
      "age": "50대",
      "occupation": "주부",
      "bPlace": "광주/전라/제주",
      "gPlace": "광주/전라/제주",
      "rPlace": "광주/전라/제주",
      "educationLevel": "고졸"
    }
  },
  "multisessionInfo": {
    "multisessionID": "2-00252"
  },
  "personaInfo": {
    "clInfo": {
      "personaID": "40404",
      "personaFeatures": [
        "나는 남자이다.",
        "나는 40대이다.",
        "나는 응급구조 사이다",
        "나의 가족은 2명이다",
        "나는 주황색을 좋아한다"
      ],
      "speakerType": "speaker1"
    },
    "cpInfo": {
      "personaID": "61827",
      "personaFeatures": [
        "나는 여자이다.",
        "나는 60대 이상이다.",
        "나는 일이 안 풀려 비통하다",
        "나는 전자 음악을 자주 듣는다",
        "나는 석류를 즐겨 먹는다"
      ],
      "speakerType": "speaker2"
    }
  },
  "topicInfo": {
    "topicID": "18-07",
    "topicType": "상거래 전반",
    "topicTitle": "가성비"
  },
  "sessionInfo": [
    {
      "prevSessionID": null,
      "prevTimeInfo": {
        "timeNum": null,
        "timeUnit": null
      },
      "nthSession": "1",
      "numberOfUtterances": "14",
      "numberOfTurns": "7",
      "sessionID": "2-00252-1",
      "dialog": [
        {
          "speaker": "speaker1",
          "personaID": "40404",
          "participantID": "3203",
          "utterance": "안녕하세요 저는 40대 남성입니다",
          "summary": "40대 남성이다",
          "date": "2022-11-12",
          "time": "10:08:59",
          "terminate": "false"
        },
        {
          "speaker": "speaker2",
          "personaID": "61827",
          "participantID": "1994",
          "utterance": "안녕하세요  저는 50대 여성입니다",
          "summary": "나는 50대 여성이다",
          "date": "2022-11-12",
          "time": "10:09:21",
          "terminate": "false"
        },
        {
          "speaker": "speaker1",
          "personaID": "40404",
          "participantID": "3203",
          "utterance": "저는 응급구조사 입니다 어떤 직업을 갖고 계시나요",
          "summary": "나는 응급구조 사이다",
          "date": "2022-11-12",
          "time": "10:09:35",
          "terminate": "false"
        },
        {
          "speaker": "speaker2",
          "personaID": "61827",
          "participantID": "1994",
          "utterance": "저는 전업주부 4년차이며 지금은 데이터라벨러 입니다",
          "summary": "나는 4년 차 주부이다. 나는 현재 데이트 라벨르입니다",
          "date": "2022-11-12",
          "time": "10:10:27",
          "terminate": "false"
        },
        {
          "speaker": "speaker1",
          "personaID": "40404",
          "participantID": "3203",
          "utterance": "그렇군요 저는 가족이 두 명인데 가족은 어떻게 되시나요",
          "summary": "나는 두 명의 가족 구성원이다",
          "date": "2022-11-12",
          "time": "10:10:50",
          "terminate": "false"
        },
        {
          "speaker": "speaker2",
          "personaID": "61827",
          "participantID": "1994",
          "utterance": "친정어머니 와 남편 3명이 살아요",
          "summary": "나는 친정어머니와 남편과 같이 삽니다",
          "date": "2022-11-12",
          "time": "10:12:11",
          "terminate": "false"
        },
        {
          "speaker": "speaker1",
          "personaID": "40404",
          "participantID": "3203",
          "utterance": "내 저는 주황색을 좋아하는데 좋은 색깔이 있으신가요",
          "summary": "나는 주황색을 좋아한다",
          "date": "2022-11-12",
          "time": "10:12:38",
          "terminate": "false"
        },
        {
          "speaker": "speaker2",
          "personaID": "61827",
          "participantID": "1994",
          "utterance": "저는 화이트앤 블랙이었는데 나이들면서 소라색이 좋아요",
          "summary": "나는 소라 색을 좋아합니다",
          "date": "2022-11-12",
          "time": "10:14:15",
          "terminate": "false"
        },
        {
          "speaker": "speaker1",
          "personaID": "40404",
          "participantID": "3203",
          "utterance": "맞아요 나이에 따라서 색상도 변하는 것 같아요",
          "summary": "나는 나이에 따라 색상 선호도가 변하는 거 같다",
          "date": "2022-11-12",
          "time": "10:14:43",
          "terminate": "false"
        },
        {
          "speaker": "speaker2",
          "personaID": "61827",
          "participantID": "1994",
          "utterance": "그런거 같아요 어디에 사시나요?",
          "summary": ".",
          "date": "2022-11-12",
          "time": "10:15:52",
          "terminate": "false"
        },
        {
          "speaker": "speaker1",
          "personaID": "40404",
          "participantID": "3203",
          "utterance": "저는 서울에 살고 있어요 어디 사시나요",
          "summary": "나는 서울에 살고 있다",
          "date": "2022-11-12",
          "time": "10:19:23",
          "terminate": "false"
        },
        {
          "speaker": "speaker2",
          "personaID": "61827",
          "participantID": "1994",
          "utterance": "저는 전북 정읍에 살고 있어요",
          "summary": "나는 정읍에 살고 있습니다",
          "date": "2022-11-12",
          "time": "10:26:14",
          "terminate": "false"
        },
        {
          "speaker": "speaker1",
          "personaID": "40404",
          "participantID": "3203",
          "utterance": "정읍은 예전에 가본 적 있습니다 참 조용하고 좋은 도시 좋은 곳인 것 같아요",
          "summary": "나는 예전에 정읍을 방문한 적이 있다.",
          "date": "2022-11-12",
          "time": "10:27:03",
          "terminate": "false"
        },
        {
          "speaker": "speaker2",
          "personaID": "61827",
          "participantID": "1994",
          "utterance": "네 소도시에요 지금은 단풍철이라 관광객이 많이 오십니다~대화 즐거웠어요~",
          "summary": "나의 거주지는 단풍철이라 관광객이 많이 온다.",
          "date": "2022-11-12",
          "time": "10:28:02",
          "terminate": "true"
        }
      ],
      "sessionPersonaSummary": {
        "speaker1": [
          "40대 남성이다",
          "나는 응급구조 사이다",
          "나는 두 명의 가족 구성원이다",
          "나는 주황색을 좋아한다",
          "나는 나이에 따라 색상 선호도가 변하는 거 같다",
          "나는 서울에 살고 있다",
          "나는 예전에 정읍을 방문한 적이 있다."
        ],
        "speaker2": [
          "나는 50대 여성이다",
          "나는 4년 차 주부이다. 나는 현재 데이트 라벨르입니다",
          "나는 친정어머니와 남편과 같이 삽니다",
          "나는 소라 색을 좋아합니다",
          ".",
          "나는 정읍에 살고 있습니다",
          "나의 거주지는 단풍철이라 관광객이 많이 온다."
        ]
      },
      "prevAggregatedpersonaSummary": {
        "speaker1": [],
        "speaker2": []
      }
    },
    {
      "prevSessionID": "2-00252-1",
      "prevTimeInfo": {
        "timeNum": "3",
        "timeUnit": "일"
      },
      "nthSession": "2",
      "numberOfUtterances": "14",
      "numberOfTurns": "7",
      "sessionID": "2-00252-2",
      "dialog": [
        {
          "speaker": "speaker1",
          "personaID": "40404",
          "participantID": "3203",
          "utterance": "안녕하세요 3일 만에 인사드리네요",
          "summary": "",
          "date": "2022-11-12",
          "time": "10:31:54",
          "terminate": "false"
        },
        {
          "speaker": "speaker2",
          "personaID": "61827",
          "participantID": "1994",
          "utterance": "벌써요? 그동안 잘 지내셨나요? ",
          "summary": "",
          "date": "2022-11-12",
          "time": "10:33:23",
          "terminate": "false"
        },
        {
          "speaker": "speaker1",
          "personaID": "40404",
          "participantID": "3203",
          "utterance": "요즘은 고물가 시대라 가슴 비가 참 중요한 것 같아요",
          "summary": "나는 고물가 시대에 따른 가성비의 중요함을 느낀다.",
          "date": "2022-11-12",
          "time": "10:35:15",
          "terminate": "false"
        },
        {
          "speaker": "speaker2",
          "personaID": "61827",
          "participantID": "1994",
          "utterance": "그렇죠 가성비 갑인 제품들 많은것같아요",
          "summary": "나는 가슴 비가 빈 제품이 많은 것 같다고 생각한다",
          "date": "2022-11-12",
          "time": "10:36:24",
          "terminate": "false"
        },
        {
          "speaker": "speaker1",
          "personaID": "40404",
          "participantID": "3203",
          "utterance": "맞아요 가장 가장 좋은 가성비로 요즘은 당근을 많이 주는 이용해요",
          "summary": "나는 중고거래 플랫폼을 자주 이용한다.",
          "date": "2022-11-12",
          "time": "10:41:15",
          "terminate": "false"
        },
        {
          "speaker": "speaker2",
          "personaID": "61827",
          "participantID": "1994",
          "utterance": "당근도 가을 당근이 맛있는거 같아요",
          "summary": "나는 가을 당근이 맛있다",
          "date": "2022-11-12",
          "time": "10:46:42",
          "terminate": "false"
        },
        {
          "speaker": "speaker1",
          "personaID": "40404",
          "participantID": "3203",
          "utterance": "아 제가 말한 것은 당근 마켓인데요",
          "summary": "",
          "date": "2022-11-12",
          "time": "10:47:36",
          "terminate": "false"
        },
        {
          "speaker": "speaker2",
          "personaID": "61827",
          "participantID": "1994",
          "utterance": "하하 죄송합니다  제가 어제 당근을 수확해서 그만~~~ 저도 초여름에 식품건조기  구매했습니다 ",
          "summary": "나는 어제 당근을 수확하였다 나는 초여름에 식품건조기를 구매했다.",
          "date": "2022-11-12",
          "time": "10:49:37",
          "terminate": "false"
        },
        {
          "speaker": "speaker1",
          "personaID": "40404",
          "participantID": "3203",
          "utterance": "아 아닙니다 저는 판매도 많이 하고 있어서 괜찮은 수익 인 거 같아요",
          "summary": "",
          "date": "2022-11-12",
          "time": "10:53:23",
          "terminate": "false"
        },
        {
          "speaker": "speaker2",
          "personaID": "61827",
          "participantID": "1994",
          "utterance": "저는 판매는 못해봤는데 해보고 싶기도해요",
          "summary": "나는 판매는 못해봤지만 해보고 싶기도 하다",
          "date": "2022-11-12",
          "time": "10:55:29",
          "terminate": "false"
        },
        {
          "speaker": "speaker1",
          "personaID": "40404",
          "participantID": "3203",
          "utterance": "한번 해보세요 정말 재미있는 아르바이트해요",
          "summary": "",
          "date": "2022-11-12",
          "time": "11:01:36",
          "terminate": "false"
        },
        {
          "speaker": "speaker2",
          "personaID": "61827",
          "participantID": "1994",
          "utterance": "그렇군요  공부할게 점점 많아 지네요.",
          "summary": "",
          "date": "2022-11-13",
          "time": "18:02:23",
          "terminate": "false"
        },
        {
          "speaker": "speaker1",
          "personaID": "40404",
          "participantID": "3203",
          "utterance": "가승 비가 가장 좋은 곳은 정말 중고나라 같은 마켓이 제일 좋은 것 같아요",
          "summary": "나는 중고나라 같은 마켓이 가성비가 좋다",
          "date": "2022-11-13",
          "time": "18:18:40",
          "terminate": "false"
        },
        {
          "speaker": "speaker2",
          "personaID": "61827",
          "participantID": "1994",
          "utterance": "그렇죠? 제 주변에도 중고거래로 수익 좋으신분 있어요. 나중에 또 이야기 나눠요~",
          "summary": "",
          "date": "2022-11-13",
          "time": "18:28:02",
          "terminate": "true"
        }
      ],
      "sessionPersonaSummary": {
        "speaker1": [
          "나는 고물가 시대에 따른 가성비의 중요함을 느낀다.",
          "나는 중고거래 플랫폼을 자주 이용한다.",
          "나는 중고나라 같은 마켓이 가성비가 좋다"
        ],
        "speaker2": [
          "나는 가슴 비가 빈 제품이 많은 것 같다고 생각한다",
          "나는 가을 당근이 맛있다",
          "나는 어제 당근을 수확하였다",
          "나는 초여름에 식품건조기를 구매했다.",
          "나는 판매는 못해봤지만 해보고 싶기도 하다"
        ]
      },
      "prevAggregatedpersonaSummary": {
        "speaker1": [
          "40대 남성이다",
          "나는 응급구조 사이다",
          "나는 두 명의 가족 구성원이다",
          "나는 주황색을 좋아한다",
          "나는 나이에 따라 색상 선호도가 변하는 거 같다",
          "나는 서울에 살고 있다",
          "나는 예전에 정읍을 방문한 적이 있다."
        ],
        "speaker2": [
          "나는 50대 여성이다",
          "나는 4년 차 주부이다. 나는 현재 데이트 라벨르입니다",
          "나는 친정어머니와 남편과 같이 삽니다",
          "나는 소라 색을 좋아합니다",
          ".",
          "나는 정읍에 살고 있습니다",
          "나의 거주지는 단풍철이라 관광객이 많이 온다."
        ]
      }
    }
  ]
}