{
  "FileInfo": {
    "filename": "K2-00426-CL31761-CP32575-07-08-S2.json",
    "sessionLevel": "2"
  },
  "participantsInfo": {
    "numberOfParticipants": "2",
    "speaker1": {
      "participantID": "0187",
      "gender": "여성",
      "age": "30대",
      "occupation": "사무직",
      "bPlace": "서울/경기/인천",
      "gPlace": "서울/경기/인천",
      "rPlace": "서울/경기/인천",
      "educationLevel": "고졸"
    },
    "speaker2": {
      "participantID": "0480",
      "gender": "여성",
      "age": "30대",
      "occupation": "무직",
      "bPlace": "서울/경기/인천",
      "gPlace": "서울/경기/인천",
      "rPlace": "서울/경기/인천",
      "educationLevel": "대졸"
    }
  },
  "multisessionInfo": {
    "multisessionID": "2-00426"
  },
  "personaInfo": {
    "clInfo": {
      "personaID": "31761",
      "personaFeatures": [
        "나는 여자이다.",
        "나는 30대이다.",
        "나는 친구가 많지 않다.",
        "나는 일이 귀찮다.",
        "나는 단감을 좋아한다."
      ],
      "speakerType": "speaker1"
    },
    "cpInfo": {
      "personaID": "32575",
      "personaFeatures": [
        "나는 여자이다.",
        "나는 30대이다.",
        "나는 국사학과를 전공했다.",
        "나는 실외에서 자전거 타는 것을 싫어한다.",
        "나는 요리를 자주 한다."
      ],
      "speakerType": "speaker2"
    }
  },
  "topicInfo": {
    "topicID": "07-08",
    "topicType": "개인 및 관계>가족",
    "topicTitle": "가족 간 갈등"
  },
  "sessionInfo": [
    {
      "prevSessionID": null,
      "prevTimeInfo": {
        "timeNum": null,
        "timeUnit": null
      },
      "nthSession": "1",
      "numberOfUtterances": "16",
      "numberOfTurns": "8",
      "sessionID": "2-00426-1",
      "dialog": [
        {
          "speaker": "speaker1",
          "personaID": "31761",
          "participantID": "0187",
          "utterance": "안녕하세요 ! 30대 여자에요 ~ 여유롭게 대화 나누고 싶어요 !",
          "summary": "나는 30대이다. 나는 여자이다.",
          "date": "2022-09-28",
          "time": "16:04:54",
          "terminate": "false"
        },
        {
          "speaker": "speaker2",
          "personaID": "32575",
          "participantID": "0480",
          "utterance": "안녕하세요~저도 30대 여자입니다! 대화 좋아요!",
          "summary": "나는 30대이다. 나는 여자이다.",
          "date": "2022-09-28",
          "time": "16:04:55",
          "terminate": "false"
        },
        {
          "speaker": "speaker1",
          "personaID": "31761",
          "participantID": "0187",
          "utterance": "요즘 너무 바빠서 모든게 귀찮아서 여유로운 대화가 그립네요..",
          "summary": "나는 일이 귀찮다. 여유로운 대화가 그립다.",
          "date": "2022-09-28",
          "time": "16:05:10",
          "terminate": "false"
        },
        {
          "speaker": "speaker2",
          "personaID": "32575",
          "participantID": "0480",
          "utterance": "언제든지 환영입니다ㅎㅎ근데 왜 바쁘신거에요?",
          "summary": "",
          "date": "2022-09-28",
          "time": "16:05:21",
          "terminate": "false"
        },
        {
          "speaker": "speaker1",
          "personaID": "31761",
          "participantID": "0187",
          "utterance": "뭐 친구가 많지 않아서.. 주말은 여유로운데, 일이 너무 바빠서요 !",
          "summary": "나는 친구가 많지 않다.",
          "date": "2022-09-28",
          "time": "16:05:31",
          "terminate": "false"
        },
        {
          "speaker": "speaker2",
          "personaID": "32575",
          "participantID": "0480",
          "utterance": "아~그렇구나! 혹시 무슨일 하시는지 물어봐도 될까요?",
          "summary": "",
          "date": "2022-09-28",
          "time": "16:05:34",
          "terminate": "false"
        },
        {
          "speaker": "speaker1",
          "personaID": "31761",
          "participantID": "0187",
          "utterance": "과일 가게 하고있어요 ~ 아파트 단지내에서 해서 엄청 바빠요.",
          "summary": "나는 과일가게를 하고 있다.",
          "date": "2022-09-28",
          "time": "16:05:49",
          "terminate": "false"
        },
        {
          "speaker": "speaker2",
          "personaID": "32575",
          "participantID": "0480",
          "utterance": "아..그렇구나..근데 주말에는 안하시는거에요?",
          "summary": "",
          "date": "2022-09-28",
          "time": "16:06:06",
          "terminate": "false"
        },
        {
          "speaker": "speaker1",
          "personaID": "31761",
          "participantID": "0187",
          "utterance": "주말엔 과감하게 쉬죠. 평일을 위한 휴식 ~ 그나저나 그쪽은 뭐하고 계셨어요?",
          "summary": "",
          "date": "2022-09-28",
          "time": "16:06:15",
          "terminate": "false"
        },
        {
          "speaker": "speaker2",
          "personaID": "32575",
          "participantID": "0480",
          "utterance": "저는 요리를 자주 해서 요리하고 있었습니다!",
          "summary": "나는 요리를 자주 한다.",
          "date": "2022-09-28",
          "time": "16:06:28",
          "terminate": "false"
        },
        {
          "speaker": "speaker1",
          "personaID": "31761",
          "participantID": "0187",
          "utterance": "요리~ 저는 요리 완전 못해서, 다 시켜 먹거든요 ㅋㅋ 무슨요리 하고 계셨어요?",
          "summary": "",
          "date": "2022-09-28",
          "time": "16:06:38",
          "terminate": "false"
        },
        {
          "speaker": "speaker2",
          "personaID": "32575",
          "participantID": "0480",
          "utterance": "저는 그냥 볶음밥 하고 있었어요~",
          "summary": "나는 볶음밥을 하고 있다.",
          "date": "2022-09-28",
          "time": "16:06:41",
          "terminate": "false"
        },
        {
          "speaker": "speaker1",
          "personaID": "31761",
          "participantID": "0187",
          "utterance": "볶음밥이 가장쉬우면서 어렵다던데.. 아아! 그쪽은 가장 좋아하는 과일이 뭐에요?",
          "summary": "",
          "date": "2022-09-28",
          "time": "16:06:51",
          "terminate": "false"
        },
        {
          "speaker": "speaker2",
          "personaID": "32575",
          "participantID": "0480",
          "utterance": "저는 과일은 안먹습니다...그쪽은 무슨 과일 좋아하시는데요?",
          "summary": "",
          "date": "2022-09-28",
          "time": "16:06:54",
          "terminate": "false"
        },
        {
          "speaker": "speaker1",
          "personaID": "31761",
          "participantID": "0187",
          "utterance": "과일을 안먹다니.. 저는 단감 가장 좋아해요 ! 저 잠시만요 ~ 과일 들어와서요 ~",
          "summary": "나는 단감을 좋아한다.",
          "date": "2022-09-28",
          "time": "16:07:10",
          "terminate": "false"
        },
        {
          "speaker": "speaker2",
          "personaID": "32575",
          "participantID": "0480",
          "utterance": "네~그럼 과일 잘 받아오세요! 좀 있다 또 연락합시다!",
          "summary": "",
          "date": "2022-09-28",
          "time": "16:07:12",
          "terminate": "true"
        }
      ],
      "sessionPersonaSummary": {
        "speaker1": [
          "나는 30대이다. 나는 여자이다.",
          "나는 일이 귀찮다. 여유로운 대화가 그립다.",
          "나는 친구가 많지 않다.",
          "나는 과일가게를 하고 있다.",
          "나는 단감을 좋아한다."
        ],
        "speaker2": [
          "나는 30대이다. 나는 여자이다.",
          "나는 요리를 자주 한다.",
          "나는 볶음밥을 하고 있다."
        ]
      },
      "prevAggregatedpersonaSummary": {
        "speaker1": [],
        "speaker2": []
      }
    },
    {
      "prevSessionID": "2-00426-1",
      "prevTimeInfo": {
        "timeNum": "1",
        "timeUnit": "시간"
      },
      "nthSession": "2",
      "numberOfUtterances": "16",
      "numberOfTurns": "8",
      "sessionID": "2-00426-2",
      "dialog": [
        {
          "speaker": "speaker1",
          "personaID": "31761",
          "participantID": "0187",
          "utterance": "엄청 바빴네요. 1시간이 어떻게 흘러 갔는지도 모르겠어요.",
          "summary": "",
          "date": "2022-09-28",
          "time": "16:07:22",
          "terminate": "false"
        },
        {
          "speaker": "speaker2",
          "personaID": "32575",
          "participantID": "0480",
          "utterance": "수고하셨네요~혼자서 정리하실려면 힘드셨을텐데!",
          "summary": "",
          "date": "2022-09-28",
          "time": "16:10:39",
          "terminate": "false"
        },
        {
          "speaker": "speaker1",
          "personaID": "31761",
          "participantID": "0187",
          "utterance": "고마워요 ~ 볶음밥은 맛있게 드셨어요?",
          "summary": "",
          "date": "2022-09-28",
          "time": "16:10:45",
          "terminate": "false"
        },
        {
          "speaker": "speaker2",
          "personaID": "32575",
          "participantID": "0480",
          "utterance": "네~제가 했는데 정말 맜있더라고요ㅎㅎ.",
          "summary": "나는 볶음밥을 맛있게 먹었다.",
          "date": "2022-09-28",
          "time": "16:10:45",
          "terminate": "false"
        },
        {
          "speaker": "speaker1",
          "personaID": "31761",
          "participantID": "0187",
          "utterance": "그래도 음식도 잘하면 주변에서 꽤나 인기 많으시겠어요 !",
          "summary": "",
          "date": "2022-09-28",
          "time": "16:11:05",
          "terminate": "false"
        },
        {
          "speaker": "speaker2",
          "personaID": "32575",
          "participantID": "0480",
          "utterance": "흠...뭐 어느정도 인기가 있는 편이죠ㅎㅎ.",
          "summary": "나는 어느 정도 인기가 있는 편이다.",
          "date": "2022-09-28",
          "time": "16:11:11",
          "terminate": "false"
        },
        {
          "speaker": "speaker1",
          "personaID": "31761",
          "participantID": "0187",
          "utterance": "저는 일이 너무 바빠서 너무 못챙겨서, 가족이랑도 갈등 있거든요.",
          "summary": "나는 일이 너무 바빠서 가족이랑도 갈등이 있다.",
          "date": "2022-09-28",
          "time": "16:11:19",
          "terminate": "false"
        },
        {
          "speaker": "speaker2",
          "personaID": "32575",
          "participantID": "0480",
          "utterance": "아 진짜요? 가족분들이 조금 서운해 하실수도 있겠네요!",
          "summary": "",
          "date": "2022-09-28",
          "time": "16:11:22",
          "terminate": "false"
        },
        {
          "speaker": "speaker1",
          "personaID": "31761",
          "participantID": "0187",
          "utterance": "네. 연락도 잘 못하고, 가족행사에 참여도 못해가지구요.",
          "summary": "나는 가족과 연락도 잘 못한다. 나는 가족행사에 참여도 못한다.",
          "date": "2022-09-28",
          "time": "16:11:47",
          "terminate": "false"
        },
        {
          "speaker": "speaker2",
          "personaID": "32575",
          "participantID": "0480",
          "utterance": "서로 이해하면 좋을텐데 그런게 참 아쉽네요...",
          "summary": "",
          "date": "2022-09-28",
          "time": "16:11:50",
          "terminate": "false"
        },
        {
          "speaker": "speaker1",
          "personaID": "31761",
          "participantID": "0187",
          "utterance": "서로 이해만 했다면.. 세계 평화도 이루어 냈을꺼에요.. 우리도 분단국가가 아니겠죠..",
          "summary": "",
          "date": "2022-09-28",
          "time": "16:11:59",
          "terminate": "false"
        },
        {
          "speaker": "speaker2",
          "personaID": "32575",
          "participantID": "0480",
          "utterance": "아~제가 국사학과를 전공해서 너무 잘 알죠ㅎㅎ.",
          "summary": "나는 국사학과를 전공했다.",
          "date": "2022-09-28",
          "time": "16:12:00",
          "terminate": "false"
        },
        {
          "speaker": "speaker1",
          "personaID": "31761",
          "participantID": "0187",
          "utterance": "국사학과 면 우리나라 역사는 정말 빠삭 하시겠네요.",
          "summary": "",
          "date": "2022-09-28",
          "time": "16:12:03",
          "terminate": "false"
        },
        {
          "speaker": "speaker2",
          "personaID": "32575",
          "participantID": "0480",
          "utterance": "당연하죠~역사 물어보시는대로 바로바로 답할수있죠!ㅎㅎ.",
          "summary": "",
          "date": "2022-09-28",
          "time": "16:12:21",
          "terminate": "false"
        },
        {
          "speaker": "speaker1",
          "personaID": "31761",
          "participantID": "0187",
          "utterance": "하~ 진짜 1시간동안 과일박스 날랐더니, 웨이트 한거 같네요. 저좀 쉬러 가볼께요 !",
          "summary": "",
          "date": "2022-09-28",
          "time": "16:12:36",
          "terminate": "false"
        },
        {
          "speaker": "speaker2",
          "personaID": "32575",
          "participantID": "0480",
          "utterance": "저도 운동이나 해야겠네요! 실외에서 자전거타는 것을 싫어해서 집에서 사이클 타고있네요!또 연락해요~",
          "summary": "나는 실외에서 자전거 타는 것을 싫어한다.",
          "date": "2022-09-28",
          "time": "16:12:37",
          "terminate": "true"
        }
      ],
      "sessionPersonaSummary": {
        "speaker1": [
          "나는 일이 너무 바빠서 가족이랑도 갈등이 있다.",
          "나는 가족과 연락도 잘 못한다. 나는 가족행사에 참여도 못한다."
        ],
        "speaker2": [
          "나는 볶음밥을 맛있게 먹었다.",
          "나는 어느 정도 인기가 있는 편이다.",
          "나는 국사학과를 전공했다.",
          "나는 실외에서 자전거 타는 것을 싫어한다."
        ]
      },
      "prevAggregatedpersonaSummary": {
        "speaker1": [
          "나는 30대이다. 나는 여자이다.",
          "나는 일이 귀찮다. 여유로운 대화가 그립다.",
          "나는 친구가 많지 않다.",
          "나는 과일가게를 하고 있다.",
          "나는 단감을 좋아한다."
        ],
        "speaker2": [
          "나는 30대이다. 나는 여자이다.",
          "나는 요리를 자주 한다.",
          "나는 볶음밥을 하고 있다."
        ]
      }
    }
  ]
}