{
  "FileInfo": {
    "filename": "K2-00263-CL61100-CP33902-06-02-S2.json",
    "sessionLevel": "2"
  },
  "participantsInfo": {
    "numberOfParticipants": "2",
    "speaker1": {
      "participantID": "1028",
      "gender": "여성",
      "age": "60대 이상",
      "occupation": "주부",
      "bPlace": "서울/경기/인천",
      "gPlace": "서울/경기/인천",
      "rPlace": "서울/경기/인천",
      "educationLevel": "대졸"
    },
    "speaker2": {
      "participantID": "1015",
      "gender": "여성",
      "age": "30대",
      "occupation": "자영업",
      "bPlace": "서울/경기/인천",
      "gPlace": "서울/경기/인천",
      "rPlace": "서울/경기/인천",
      "educationLevel": "대졸"
    }
  },
  "multisessionInfo": {
    "multisessionID": "2-00263"
  },
  "personaInfo": {
    "clInfo": {
      "personaID": "61100",
      "personaFeatures": [
        "나는 여자이다.",
        "나는 60대 이상이다.",
        "나의 거주지는 양주이다.",
        "나는 그리스에 가봤다.",
        "나는 오렌지를 안 먹는다."
      ],
      "speakerType": "speaker1"
    },
    "cpInfo": {
      "personaID": "33902",
      "personaFeatures": [
        "나는 여자이다.",
        "나는 30대이다.",
        "나는 정치외교학과를 전공했다.",
        "나는 교도관이다.",
        "나는 실외에서 수상스키 타는 것을 좋아한다.",
        "나는 술을 마시지 않는다."
      ],
      "speakerType": "speaker2"
    }
  },
  "topicInfo": {
    "topicID": "06-02",
    "topicType": "교육",
    "topicTitle": "교수님"
  },
  "sessionInfo": [
    {
      "prevSessionID": null,
      "prevTimeInfo": {
        "timeNum": null,
        "timeUnit": null
      },
      "nthSession": "1",
      "numberOfUtterances": "14",
      "numberOfTurns": "7",
      "sessionID": "2-00263-1",
      "dialog": [
        {
          "speaker": "speaker1",
          "personaID": "61100",
          "participantID": "1028",
          "utterance": "안녕하세요. 저는 양주에 사는 60대 여자입니다.",
          "summary": "나는 양주에 사는 60세 이상의 여자이다.",
          "date": "2022-10-21",
          "time": "20:08:41",
          "terminate": "false"
        },
        {
          "speaker": "speaker2",
          "personaID": "33902",
          "participantID": "1015",
          "utterance": "안녕하세요 저는 30대 여자입니다 반가워요^^",
          "summary": "나는 30대 여자이다.",
          "date": "2022-10-21",
          "time": "20:08:48",
          "terminate": "false"
        },
        {
          "speaker": "speaker1",
          "personaID": "61100",
          "participantID": "1028",
          "utterance": "반갑습니다~~ 무슨 일 하시는 분인지 궁금해요! 말씀 좀 해주세요~",
          "summary": "",
          "date": "2022-10-21",
          "time": "20:09:08",
          "terminate": "false"
        },
        {
          "speaker": "speaker2",
          "personaID": "33902",
          "participantID": "1015",
          "utterance": "저는 정치외교학과를 전공했지만 교도관으로 일해요! 선생님은요?",
          "summary": "나는 교도관이다. 나는 정치외교학과를 전공했다.",
          "date": "2022-10-21",
          "time": "20:09:33",
          "terminate": "false"
        },
        {
          "speaker": "speaker1",
          "personaID": "61100",
          "participantID": "1028",
          "utterance": "아~~ 그렇군요! 저는 여행사에서 일하고 있어요! 여행 좋아하세요?",
          "summary": "나는 여행사에서 일하고 있다.",
          "date": "2022-10-21",
          "time": "20:09:53",
          "terminate": "false"
        },
        {
          "speaker": "speaker2",
          "personaID": "33902",
          "participantID": "1015",
          "utterance": "네 여행좋아해요! 저는 액티비티한걸 좋아해요!",
          "summary": "액티비티 한 것을 좋아한다.",
          "date": "2022-10-21",
          "time": "20:10:07",
          "terminate": "false"
        },
        {
          "speaker": "speaker1",
          "personaID": "61100",
          "participantID": "1028",
          "utterance": "오! 그렇군요! 그럼 혹시 그리스 가보셨어요? 제가 간 곳 중 제일 좋아하는 곳이거든요!",
          "summary": "나는 그리스에 가봤다.",
          "date": "2022-10-21",
          "time": "20:10:19",
          "terminate": "false"
        },
        {
          "speaker": "speaker2",
          "personaID": "33902",
          "participantID": "1015",
          "utterance": "아니요 ㅠㅠ 와 그리스 저도 가보고싶네요!",
          "summary": "나는 그리스에 가보고 싶다.",
          "date": "2022-10-21",
          "time": "20:10:38",
          "terminate": "false"
        },
        {
          "speaker": "speaker1",
          "personaID": "61100",
          "participantID": "1028",
          "utterance": "다음 여행지로 추천해요^^ 혹시 액티비티한거는 뭐 좋아하세요?",
          "summary": "",
          "date": "2022-10-21",
          "time": "20:10:45",
          "terminate": "false"
        },
        {
          "speaker": "speaker2",
          "personaID": "33902",
          "participantID": "1015",
          "utterance": "저는 실외에서 수상스키 타는것을좋아해요~ ㅎㅎ.",
          "summary": "나는 실외에서 수상스키 타는 것을 좋아한다.",
          "date": "2022-10-21",
          "time": "20:10:57",
          "terminate": "false"
        },
        {
          "speaker": "speaker1",
          "personaID": "61100",
          "participantID": "1028",
          "utterance": "와~ 진짜 활동적이신가봐요! 그거 체력 많이 요구하지 않나요?",
          "summary": "",
          "date": "2022-10-21",
          "time": "20:11:09",
          "terminate": "false"
        },
        {
          "speaker": "speaker2",
          "personaID": "33902",
          "participantID": "1015",
          "utterance": "제가 아직 체력이 너무 좋은거같아요^^",
          "summary": "",
          "date": "2022-10-21",
          "time": "20:11:30",
          "terminate": "false"
        },
        {
          "speaker": "speaker1",
          "personaID": "61100",
          "participantID": "1028",
          "utterance": "와~ 대단하세요! 평소에 운동으로 관리하시는 건가요?",
          "summary": "",
          "date": "2022-10-21",
          "time": "20:11:38",
          "terminate": "false"
        },
        {
          "speaker": "speaker2",
          "personaID": "33902",
          "participantID": "1015",
          "utterance": "저는 술도 안먹고 그래서 헬스에서 운동자주해요! 저 근무하고올게요^^",
          "summary": "나는 술을 마시지 않는다.",
          "date": "2022-10-21",
          "time": "20:11:55",
          "terminate": "true"
        }
      ],
      "sessionPersonaSummary": {
        "speaker1": [
          "나는 양주에 사는 60세 이상의 여자이다.",
          "나는 여행사에서 일하고 있다.",
          "나는 그리스에 가봤다."
        ],
        "speaker2": [
          "나는 30대 여자이다.",
          "나는 교도관이다. 나는 정치외교학과를 전공했다.",
          "액티비티 한 것을 좋아한다.",
          "나는 그리스에 가보고 싶다.",
          "나는 실외에서 수상스키 타는 것을 좋아한다.",
          "나는 술을 마시지 않는다."
        ]
      },
      "prevAggregatedpersonaSummary": {
        "speaker1": [],
        "speaker2": []
      }
    },
    {
      "prevSessionID": "2-00263-1",
      "prevTimeInfo": {
        "timeNum": "2",
        "timeUnit": "주"
      },
      "nthSession": "2",
      "numberOfUtterances": "14",
      "numberOfTurns": "7",
      "sessionID": "2-00263-2",
      "dialog": [
        {
          "speaker": "speaker1",
          "personaID": "61100",
          "participantID": "1028",
          "utterance": "잘지내시죠? 전 오늘 대학 교수님들 모시고 국내 여행을 가요!",
          "summary": "",
          "date": "2022-10-21",
          "time": "20:12:00",
          "terminate": "false"
        },
        {
          "speaker": "speaker2",
          "personaID": "33902",
          "participantID": "1015",
          "utterance": "오 선생님 ! 이주만인가요? 교수님들과 어디가세요?",
          "summary": "",
          "date": "2022-10-21",
          "time": "20:12:15",
          "terminate": "false"
        },
        {
          "speaker": "speaker1",
          "personaID": "61100",
          "participantID": "1028",
          "utterance": "저희 오늘은 경주로 간답니다! 교수님들이라 그런지 분위기가 되게 차분하네요..;",
          "summary": "나는 오늘 경주를 갈 것이다.",
          "date": "2022-10-21",
          "time": "20:12:28",
          "terminate": "false"
        },
        {
          "speaker": "speaker2",
          "personaID": "33902",
          "participantID": "1015",
          "utterance": "앗정말요? 선생님 직업이 교수님인가요?",
          "summary": "",
          "date": "2022-10-21",
          "time": "20:12:47",
          "terminate": "false"
        },
        {
          "speaker": "speaker1",
          "personaID": "61100",
          "participantID": "1028",
          "utterance": "아니요~ 전 여행사 직원이에요! 교수님들 모시고 가는 길이랍니다! 뭐하고 계셨나요?",
          "summary": "",
          "date": "2022-10-21",
          "time": "20:13:01",
          "terminate": "false"
        },
        {
          "speaker": "speaker2",
          "personaID": "33902",
          "participantID": "1015",
          "utterance": "아아! 가이드 하시는거군요! 저는 이제 밥먹으러가려구요~",
          "summary": "나는 밥을 먹을 것이다.",
          "date": "2022-10-21",
          "time": "20:13:19",
          "terminate": "false"
        },
        {
          "speaker": "speaker1",
          "personaID": "61100",
          "participantID": "1028",
          "utterance": "아~ 식사는 뭐로 하시게요? 저희는 단체 도시락을 주문했는데 제가 안먹는 오렌지가 있네요!",
          "summary": "나는 오렌지를 안 먹는다.",
          "date": "2022-10-21",
          "time": "20:13:37",
          "terminate": "false"
        },
        {
          "speaker": "speaker2",
          "personaID": "33902",
          "participantID": "1015",
          "utterance": "앗 오렌지안좋아하세요? ㅠㅠ 저는 제일좋아하는데..",
          "summary": "나는 오렌지를 제일 좋아한다.",
          "date": "2022-10-21",
          "time": "20:13:54",
          "terminate": "false"
        },
        {
          "speaker": "speaker1",
          "personaID": "61100",
          "participantID": "1028",
          "utterance": "전 신 과일을 못먹어요.. 신음식 잘 드세요?",
          "summary": "나는 신 과일을 못 먹는다.",
          "date": "2022-10-21",
          "time": "20:14:02",
          "terminate": "false"
        },
        {
          "speaker": "speaker2",
          "personaID": "33902",
          "participantID": "1015",
          "utterance": "네! 그래서 그런지 젤리자주먹어요^^",
          "summary": "나는 젤리를 자주 먹는다.",
          "date": "2022-10-21",
          "time": "20:14:25",
          "terminate": "false"
        },
        {
          "speaker": "speaker1",
          "personaID": "61100",
          "participantID": "1028",
          "utterance": "오~ 그렇군요! 그래도 오렌지 말고는 맛있는 김밥이 있어서 그래도 맛있게 먹으려구요!",
          "summary": "",
          "date": "2022-10-21",
          "time": "20:14:42",
          "terminate": "false"
        },
        {
          "speaker": "speaker2",
          "personaID": "33902",
          "participantID": "1015",
          "utterance": "교수님들도 김밥 드시나요?~갑자기 교수님생각이나네요 전화한통드려야겠어요!",
          "summary": "",
          "date": "2022-10-21",
          "time": "20:15:07",
          "terminate": "false"
        },
        {
          "speaker": "speaker1",
          "personaID": "61100",
          "participantID": "1028",
          "utterance": "좋죠^^~~ 앗 저 교수님들이 질문을 해서 잠시 가이드 역할 제대로 해보러 갈께요!",
          "summary": "",
          "date": "2022-10-21",
          "time": "20:15:12",
          "terminate": "false"
        },
        {
          "speaker": "speaker2",
          "personaID": "33902",
          "participantID": "1015",
          "utterance": "네 그럼 오늘하루도 좋은하루 보내세요!",
          "summary": "",
          "date": "2022-10-21",
          "time": "20:15:22",
          "terminate": "true"
        }
      ],
      "sessionPersonaSummary": {
        "speaker1": [
          "나는 오늘 경주를 갈 것이다.",
          "나는 오렌지를 안 먹는다.",
          "나는 신 과일을 못 먹는다."
        ],
        "speaker2": [
          "나는 밥을 먹을 것이다.",
          "나는 오렌지를 제일 좋아한다.",
          "나는 젤리를 자주 먹는다."
        ]
      },
      "prevAggregatedpersonaSummary": {
        "speaker1": [
          "나는 양주에 사는 60세 이상의 여자이다.",
          "나는 여행사에서 일하고 있다.",
          "나는 그리스에 가봤다."
        ],
        "speaker2": [
          "나는 30대 여자이다.",
          "나는 교도관이다. 나는 정치외교학과를 전공했다.",
          "액티비티 한 것을 좋아한다.",
          "나는 그리스에 가보고 싶다.",
          "나는 실외에서 수상스키 타는 것을 좋아한다.",
          "나는 술을 마시지 않는다."
        ]
      }
    }
  ]
}