{
  "FileInfo": {
    "filename": "K2-00460-CL01099-CP02542-02-09-S2.json",
    "sessionLevel": "2"
  },
  "participantsInfo": {
    "numberOfParticipants": "2",
    "speaker1": {
      "participantID": "0276",
      "gender": "남성",
      "age": "20대",
      "occupation": "무직",
      "bPlace": "서울/경기/인천",
      "gPlace": "서울/경기/인천",
      "rPlace": "서울/경기/인천",
      "educationLevel": "대졸"
    },
    "speaker2": {
      "participantID": "0177",
      "gender": "남성",
      "age": "30대",
      "occupation": "무직",
      "bPlace": "서울/경기/인천",
      "gPlace": "서울/경기/인천",
      "rPlace": "서울/경기/인천",
      "educationLevel": "대졸"
    }
  },
  "multisessionInfo": {
    "multisessionID": "2-00460"
  },
  "personaInfo": {
    "clInfo": {
      "personaID": "01099",
      "personaFeatures": [
        "나는 남자이다.",
        "나는 20대이다.",
        "나는 종교가 없다.",
        "나는 정원을 가꾸는 게 지루하다.",
        "나는 항공 관제사이다."
      ],
      "speakerType": "speaker1"
    },
    "cpInfo": {
      "personaID": "02542",
      "personaFeatures": [
        "나는 남자이다.",
        "나는 30대이다.",
        "나의 종교는 개신교이다.",
        "내 인생에서 가장 설레는 때는 시원한 바람이 불어올 때이다.",
        "나는 깐풍기를 좋아한다."
      ],
      "speakerType": "speaker2"
    }
  },
  "topicInfo": {
    "topicID": "02-09",
    "topicType": "주거와 생활",
    "topicTitle": "주거 형태"
  },
  "sessionInfo": [
    {
      "prevSessionID": null,
      "prevTimeInfo": {
        "timeNum": null,
        "timeUnit": null
      },
      "nthSession": "1",
      "numberOfUtterances": "14",
      "numberOfTurns": "7",
      "sessionID": "2-00460-1",
      "dialog": [
        {
          "speaker": "speaker1",
          "personaID": "01099",
          "participantID": "0276",
          "utterance": "자기소개를 하자면 저는 20대 남자에요. 반갑습니다~",
          "summary": "나는 20대 남자이다.",
          "date": "2022-09-03",
          "time": "14:55:09",
          "terminate": "false"
        },
        {
          "speaker": "speaker2",
          "personaID": "02542",
          "participantID": "0177",
          "utterance": "네, 안녕하세요~! 저는 30대 남자에요.",
          "summary": "나는 30대 남자이다.",
          "date": "2022-09-03",
          "time": "14:55:32",
          "terminate": "false"
        },
        {
          "speaker": "speaker1",
          "personaID": "01099",
          "participantID": "0276",
          "utterance": "우리 님은 무슨 일을 하실까요~",
          "summary": "",
          "date": "2022-09-03",
          "time": "14:55:36",
          "terminate": "false"
        },
        {
          "speaker": "speaker2",
          "personaID": "02542",
          "participantID": "0177",
          "utterance": "저는 교회에서 목사님을 하고 있어요. 제 종교가 개신교거든요.",
          "summary": "나는 목사님이다. 나는 종교가 개신교다.",
          "date": "2022-09-03",
          "time": "14:56:07",
          "terminate": "false"
        },
        {
          "speaker": "speaker1",
          "personaID": "01099",
          "participantID": "0276",
          "utterance": "오 저는 종교가 없어서요. 그 쪽은 잘 모르겠네요! 저는 항공 관제사에요! 직업이 신박하죠?",
          "summary": "나는 종교가 없다. 나는 항공 관제사이다.",
          "date": "2022-09-03",
          "time": "14:56:23",
          "terminate": "false"
        },
        {
          "speaker": "speaker2",
          "personaID": "02542",
          "participantID": "0177",
          "utterance": "항공 관제사라 특이하시네요.제 인생에서 가장 설레는 때는 시원한 바람이 불어올 때인데, 바람을 많이 맞으시나요?",
          "summary": "나는 인생에서 가장 설레는 때는 시원한 발림이 불어올 때다.",
          "date": "2022-09-03",
          "time": "14:57:44",
          "terminate": "false"
        },
        {
          "speaker": "speaker1",
          "personaID": "01099",
          "participantID": "0276",
          "utterance": "아뇨 관제사는 바람은 안맞아요. 유리창으로 닫혀있거든요! 주로 쉬실땐 어떤걸 하세요?",
          "summary": "",
          "date": "2022-09-03",
          "time": "14:58:04",
          "terminate": "false"
        },
        {
          "speaker": "speaker2",
          "personaID": "02542",
          "participantID": "0177",
          "utterance": "저는 집에서 주로 깐풍기를 해먹어요. 깐풍기를 좋아하거든요.",
          "summary": "나는 집에서 주로 깐풍기를 해 먹는다. 나는 깐풍기를 좋아한다.",
          "date": "2022-09-03",
          "time": "14:58:20",
          "terminate": "false"
        },
        {
          "speaker": "speaker1",
          "personaID": "01099",
          "participantID": "0276",
          "utterance": "저는 집에서 쉬면 아버지께서 매번 정원을 가꾸시라고 하는데 전 정원 가꾸는게 지루해요. 가족 관계는 어떻게 되세요?",
          "summary": "나는 정원을 가꾸는 게 지루하다.",
          "date": "2022-09-03",
          "time": "14:59:08",
          "terminate": "false"
        },
        {
          "speaker": "speaker2",
          "personaID": "02542",
          "participantID": "0177",
          "utterance": "아. 정원 가꾸는건 재밌을거 같긴 한데요. 저는 3남매입니다.제가 첫째예요.",
          "summary": "나는 3남매이다. 나는 첫째이다.",
          "date": "2022-09-03",
          "time": "15:00:14",
          "terminate": "false"
        },
        {
          "speaker": "speaker1",
          "personaID": "01099",
          "participantID": "0276",
          "utterance": "오 첫째면 힘드신 점은 없으신가요? 저는 외동이에요 ㅜㅜ.",
          "summary": "나는 외동이다.",
          "date": "2022-09-03",
          "time": "15:01:59",
          "terminate": "false"
        },
        {
          "speaker": "speaker2",
          "personaID": "02542",
          "participantID": "0177",
          "utterance": "힘든점 보단 사람이 많아서 좋은거 같아요. 외동이면 외로우시겠어요.",
          "summary": "",
          "date": "2022-09-03",
          "time": "15:02:28",
          "terminate": "false"
        },
        {
          "speaker": "speaker1",
          "personaID": "01099",
          "participantID": "0276",
          "utterance": "외롭긴 하죠... 아 근데 아버지가 또 정원 가꾸래요... 좀만 이따 오겠습니다!",
          "summary": "나는 외롭다. 나는 정원을 가꾸러 갈 것이다.",
          "date": "2022-09-03",
          "time": "15:02:45",
          "terminate": "false"
        },
        {
          "speaker": "speaker2",
          "personaID": "02542",
          "participantID": "0177",
          "utterance": "넵! 열심히 하세요. 화이팅!",
          "summary": "",
          "date": "2022-09-03",
          "time": "15:03:10",
          "terminate": "true"
        }
      ],
      "sessionPersonaSummary": {
        "speaker1": [
          "나는 20대 남자이다.",
          "나는 종교가 없다. 나는 항공 관제사이다.",
          "나는 정원을 가꾸는 게 지루하다.",
          "나는 외동이다.",
          "나는 외롭다. 나는 정원을 가꾸러 갈 것이다."
        ],
        "speaker2": [
          "나는 30대 남자이다.",
          "나는 목사님이다. 나는 종교가 개신교다.",
          "나는 인생에서 가장 설레는 때는 시원한 발림이 불어올 때다.",
          "나는 집에서 주로 깐풍기를 해 먹는다. 나는 깐풍기를 좋아한다.",
          "나는 3남매이다. 나는 첫째이다."
        ]
      },
      "prevAggregatedpersonaSummary": {
        "speaker1": [],
        "speaker2": []
      }
    },
    {
      "prevSessionID": "2-00460-1",
      "prevTimeInfo": {
        "timeNum": "5",
        "timeUnit": "시간"
      },
      "nthSession": "2",
      "numberOfUtterances": "14",
      "numberOfTurns": "7",
      "sessionID": "2-00460-2",
      "dialog": [
        {
          "speaker": "speaker1",
          "personaID": "01099",
          "participantID": "0276",
          "utterance": "정원을 가꾸다 보니 5시간이나 흐른 줄도 몰랐네요! 님은 사시는 곳에 정원이 있으신가요?",
          "summary": "",
          "date": "2022-09-03",
          "time": "15:03:24",
          "terminate": "false"
        },
        {
          "speaker": "speaker2",
          "personaID": "02542",
          "participantID": "0177",
          "utterance": "아니요. 저는 그냥 교회에서 빌려주는 아파트에서 살고 있어요.",
          "summary": "나는 교회에서 빌려주는 아파트에서 살고 있다.",
          "date": "2022-09-03",
          "time": "15:04:11",
          "terminate": "false"
        },
        {
          "speaker": "speaker1",
          "personaID": "01099",
          "participantID": "0276",
          "utterance": "저는 @이름1@택에서 살고 있어요! 저는 아파트에서 살아본 적이 없어서 아파트의 장점이 무엇인가요?",
          "summary": "나는 @이름1@택에서 살고 있다. 나는 아파트에서 살아본 적이 없다.",
          "date": "2022-09-03",
          "time": "15:05:57",
          "terminate": "false"
        },
        {
          "speaker": "speaker2",
          "personaID": "02542",
          "participantID": "0177",
          "utterance": "아무래도 상권이 밀집되어 있고 편리하죠. 안전하기도 하고.",
          "summary": "",
          "date": "2022-09-03",
          "time": "15:06:25",
          "terminate": "false"
        },
        {
          "speaker": "speaker1",
          "personaID": "01099",
          "participantID": "0276",
          "utterance": "매 번 엘레베이터 타시면 불편하지 않으세여?",
          "summary": "",
          "date": "2022-09-03",
          "time": "15:06:46",
          "terminate": "false"
        },
        {
          "speaker": "speaker2",
          "personaID": "02542",
          "participantID": "0177",
          "utterance": "아 3층이라서 딱히 불편하지 않습니다. 운동 겸 해서 계단으로 다녀요.",
          "summary": "나는 3층에서 산다. 나는 계단으로 다닌다.",
          "date": "2022-09-03",
          "time": "15:07:31",
          "terminate": "false"
        },
        {
          "speaker": "speaker1",
          "personaID": "01099",
          "participantID": "0276",
          "utterance": "저는 정원 가꾸는게 운동이죠... 그럼 아프거나 술에 취하셨을 땐 상당히 불편할 거 같은데요..?",
          "summary": "",
          "date": "2022-09-03",
          "time": "15:08:18",
          "terminate": "false"
        },
        {
          "speaker": "speaker2",
          "personaID": "02542",
          "participantID": "0177",
          "utterance": "저는 목사님이라 술을 안합니다. 아프면 엘레베이터 타죠. ㅎㅎ.",
          "summary": "나는 술을 안 마신다.",
          "date": "2022-09-03",
          "time": "15:08:40",
          "terminate": "false"
        },
        {
          "speaker": "speaker1",
          "personaID": "01099",
          "participantID": "0276",
          "utterance": "저는 나중에 기회가 되면 꼭 아파트에 살아보고 싶어요! 님은 @이름1@택 어떻게 생각하세요?",
          "summary": "나는 아파트에서 살아보고 싶다.",
          "date": "2022-09-03",
          "time": "15:10:39",
          "terminate": "false"
        },
        {
          "speaker": "speaker2",
          "personaID": "02542",
          "participantID": "0177",
          "utterance": "저는 나중에 은퇴하고 전원 주택에서 살거에요. 낭만이잖아요.",
          "summary": "나는 나중에 은퇴하고 @이름1@택에서 살 것이다.",
          "date": "2022-09-03",
          "time": "15:11:06",
          "terminate": "false"
        },
        {
          "speaker": "speaker1",
          "personaID": "01099",
          "participantID": "0276",
          "utterance": "꼭 낭만 이루시길 응원할게요 ㅎㅎ 저도 응원 한마디 부탁드립니다!",
          "summary": "",
          "date": "2022-09-03",
          "time": "15:11:36",
          "terminate": "false"
        },
        {
          "speaker": "speaker2",
          "personaID": "02542",
          "participantID": "0177",
          "utterance": "넵. 성령님이 함께 하심이 축복만 받을겁니다. 아멘.",
          "summary": "",
          "date": "2022-09-03",
          "time": "15:12:16",
          "terminate": "false"
        },
        {
          "speaker": "speaker1",
          "personaID": "01099",
          "participantID": "0276",
          "utterance": "아멘. 저는 그럼 게임을 좀 하러 가보겠습니다!",
          "summary": "나는 게임을 할 것이다.",
          "date": "2022-09-03",
          "time": "15:12:42",
          "terminate": "false"
        },
        {
          "speaker": "speaker2",
          "personaID": "02542",
          "participantID": "0177",
          "utterance": "넵. 저도 설교 준비하러 가겠습니다. 재밌었습니다.",
          "summary": "나는 설교 준비를 하러 갈 것이다.",
          "date": "2022-09-03",
          "time": "15:13:00",
          "terminate": "true"
        }
      ],
      "sessionPersonaSummary": {
        "speaker1": [
          "나는 @이름1@택에서 살고 있다. 나는 아파트에서 살아본 적이 없다.",
          "나는 아파트에서 살아보고 싶다.",
          "나는 게임을 할 것이다."
        ],
        "speaker2": [
          "나는 교회에서 빌려주는 아파트에서 살고 있다.",
          "나는 3층에서 산다. 나는 계단으로 다닌다.",
          "나는 술을 안 마신다.",
          "나는 나중에 은퇴하고 @이름1@택에서 살 것이다.",
          "나는 설교 준비를 하러 갈 것이다."
        ]
      },
      "prevAggregatedpersonaSummary": {
        "speaker1": [
          "나는 20대 남자이다.",
          "나는 종교가 없다. 나는 항공 관제사이다.",
          "나는 정원을 가꾸는 게 지루하다.",
          "나는 외동이다.",
          "나는 외롭다. 나는 정원을 가꾸러 갈 것이다."
        ],
        "speaker2": [
          "나는 30대 남자이다.",
          "나는 목사님이다. 나는 종교가 개신교다.",
          "나는 인생에서 가장 설레는 때는 시원한 발림이 불어올 때다.",
          "나는 집에서 주로 깐풍기를 해 먹는다. 나는 깐풍기를 좋아한다.",
          "나는 3남매이다. 나는 첫째이다."
        ]
      }
    }
  ]
}