{
  "FileInfo": {
    "filename": "K2-00497-CL20373-CP22099-04-03-S2.json",
    "sessionLevel": "2"
  },
  "participantsInfo": {
    "numberOfParticipants": "2",
    "speaker1": {
      "participantID": "0392",
      "gender": "남성",
      "age": "20대",
      "occupation": "서비스직",
      "bPlace": "서울/경기/인천",
      "gPlace": "서울/경기/인천",
      "rPlace": "서울/경기/인천",
      "educationLevel": "대졸"
    },
    "speaker2": {
      "participantID": "0463",
      "gender": "여성",
      "age": "20대",
      "occupation": "학생",
      "bPlace": "서울/경기/인천",
      "gPlace": "서울/경기/인천",
      "rPlace": "서울/경기/인천",
      "educationLevel": "고졸"
    }
  },
  "multisessionInfo": {
    "multisessionID": "2-00497"
  },
  "personaInfo": {
    "clInfo": {
      "personaID": "20373",
      "personaFeatures": [
        "나는 남자이다.",
        "나는 20대이다.",
        "나는 고양이를 키우고 싶다.",
        "나는 댄스스포츠부 동아리에 관심이 없다.",
        "나는 자전거를 좋아한다."
      ],
      "speakerType": "speaker1"
    },
    "cpInfo": {
      "personaID": "22099",
      "personaFeatures": [
        "나는 여자이다.",
        "나는 20대이다.",
        "나는 요즘, 가끔 평온하다.",
        "나는 오픽 자격증을 취득했다.",
        "나는 스포츠 TV를 자주 본다."
      ],
      "speakerType": "speaker2"
    }
  },
  "topicInfo": {
    "topicID": "04-03",
    "topicType": "일과 직업>회사/아르바이트",
    "topicTitle": "취업"
  },
  "sessionInfo": [
    {
      "prevSessionID": null,
      "prevTimeInfo": {
        "timeNum": null,
        "timeUnit": null
      },
      "nthSession": "1",
      "numberOfUtterances": "16",
      "numberOfTurns": "8",
      "sessionID": "2-00497-1",
      "dialog": [
        {
          "speaker": "speaker1",
          "personaID": "20373",
          "participantID": "0392",
          "utterance": "안녕하세요~ 온라인에서 대화하는건 처음인데 저는 20대 남자입니다.",
          "summary": "나는 20대 남자이다.",
          "date": "2022-09-15",
          "time": "23:25:56",
          "terminate": "false"
        },
        {
          "speaker": "speaker2",
          "personaID": "22099",
          "participantID": "0463",
          "utterance": "반갑습니다. 저도 20대 여자에요.",
          "summary": "나는 20대 여자이다.",
          "date": "2022-09-15",
          "time": "23:26:09",
          "terminate": "false"
        },
        {
          "speaker": "speaker1",
          "personaID": "20373",
          "participantID": "0392",
          "utterance": "오~ 반갑네요. 이렇게 비슷한 나이를 만나다니요~ㅋㅋ.",
          "summary": "",
          "date": "2022-09-15",
          "time": "23:27:10",
          "terminate": "false"
        },
        {
          "speaker": "speaker2",
          "personaID": "22099",
          "participantID": "0463",
          "utterance": "저도 같은 20대를 만난게 처음이네요.",
          "summary": "",
          "date": "2022-09-15",
          "time": "23:27:48",
          "terminate": "false"
        },
        {
          "speaker": "speaker1",
          "personaID": "20373",
          "participantID": "0392",
          "utterance": "이렇게 소개하는거 좀 쑥스럽네요. 저는 학교 다니는데 자전거를 좋아해서 관련 동아리 활동을 하고 있어요.",
          "summary": "나는 자전거를 좋아해서 관련 동아리 활동을 하고 있다.",
          "date": "2022-09-15",
          "time": "23:28:22",
          "terminate": "false"
        },
        {
          "speaker": "speaker2",
          "personaID": "22099",
          "participantID": "0463",
          "utterance": "네. 저는 취업준비중인데, 최근에 오픽 자격증을 취득했어요.",
          "summary": "나는 취업준비 중이고 최근 오픽 자격증을 취득했다.",
          "date": "2022-09-15",
          "time": "23:29:11",
          "terminate": "false"
        },
        {
          "speaker": "speaker1",
          "personaID": "20373",
          "participantID": "0392",
          "utterance": "오~ 축하드립니다. 전 아직 정신못차리고 놀고있네요. 동기들중에는 댄스스포츠에 심취해있는애가 있는대 거기까진 관심을 갖지 않고 있네요. ㅋㅋ.",
          "summary": "나는 댄스스포츠는 관심이 없다.",
          "date": "2022-09-15",
          "time": "23:30:37",
          "terminate": "false"
        },
        {
          "speaker": "speaker2",
          "personaID": "22099",
          "participantID": "0463",
          "utterance": "저도 스포츠 좋아하는데, 즐기진 못하고, 대신 스포츠TV를 자주 보는 것으로 대신하고 있어요.",
          "summary": "",
          "date": "2022-09-15",
          "time": "23:31:30",
          "terminate": "false"
        },
        {
          "speaker": "speaker1",
          "personaID": "20373",
          "participantID": "0392",
          "utterance": "아~ 어떤 종목을 좋아하세요? 전 축구 가끔 봐요.",
          "summary": "나는 축구를 가끔 본다.",
          "date": "2022-09-15",
          "time": "23:32:09",
          "terminate": "false"
        },
        {
          "speaker": "speaker2",
          "personaID": "22099",
          "participantID": "0463",
          "utterance": "저도 요즘 축구를 자주 봐요. @이름1@이 있어서 그런지 아무래도 축구가 인기가 많더라구요.",
          "summary": "나는 요즘 축구를 자주 본다. @이름1@때문이다.",
          "date": "2022-09-15",
          "time": "23:32:40",
          "terminate": "false"
        },
        {
          "speaker": "speaker1",
          "personaID": "20373",
          "participantID": "0392",
          "utterance": "네. 우리 나라에 자랑이죠!! ㅋㅋ 맥주한잔 먹으며 보고있으면 너무 좋더라구요.",
          "summary": "",
          "date": "2022-09-15",
          "time": "23:33:45",
          "terminate": "false"
        },
        {
          "speaker": "speaker2",
          "personaID": "22099",
          "participantID": "0463",
          "utterance": "맞아요. 스트레스도 풀리고, 기분도 좋아지고. 응원도 하게되고.... 좋아요.",
          "summary": "",
          "date": "2022-09-15",
          "time": "23:34:27",
          "terminate": "false"
        },
        {
          "speaker": "speaker1",
          "personaID": "20373",
          "participantID": "0392",
          "utterance": "그렇죠~ 보면서도 설마 이렇게 잘할까 싶을정도로 잘하더라구요. 넘 멋져요. 그런데 어느지역에 사세요?",
          "summary": "",
          "date": "2022-09-15",
          "time": "23:35:45",
          "terminate": "false"
        },
        {
          "speaker": "speaker2",
          "personaID": "22099",
          "participantID": "0463",
          "utterance": "저는 인천에 살아요. 최근에 자격증을 취득해서인지 요즘 가끔 평온하고 좋네요.",
          "summary": "나는 인천 산다. 나는 요즘 가끔 평온하다 자격증을 취득했기 때문이다.",
          "date": "2022-09-15",
          "time": "23:36:49",
          "terminate": "false"
        },
        {
          "speaker": "speaker1",
          "personaID": "20373",
          "participantID": "0392",
          "utterance": "오~ 정말 좋으신가보네요. 오늘 남은시간도 평온히 잘보내세요. 제가 약속이 있어서요~^^",
          "summary": "",
          "date": "2022-09-15",
          "time": "23:38:03",
          "terminate": "false"
        },
        {
          "speaker": "speaker2",
          "personaID": "22099",
          "participantID": "0463",
          "utterance": "네. 다음에 뵈요. 좋은 하루 보내세요.",
          "summary": "",
          "date": "2022-09-15",
          "time": "23:38:13",
          "terminate": "true"
        }
      ],
      "sessionPersonaSummary": {
        "speaker1": [
          "나는 20대 남자이다.",
          "나는 자전거를 좋아해서 관련 동아리 활동을 하고 있다.",
          "나는 댄스스포츠는 관심이 없다.",
          "나는 축구를 가끔 본다."
        ],
        "speaker2": [
          "나는 20대 여자이다.",
          "나는 취업준비 중이고 최근 오픽 자격증을 취득했다.",
          "나는 요즘 축구를 자주 본다. @이름1@때문이다.",
          "나는 인천 산다. 나는 요즘 가끔 평온하다 자격증을 취득했기 때문이다."
        ]
      },
      "prevAggregatedpersonaSummary": {
        "speaker1": [],
        "speaker2": []
      }
    },
    {
      "prevSessionID": "2-00497-1",
      "prevTimeInfo": {
        "timeNum": "5",
        "timeUnit": "일"
      },
      "nthSession": "2",
      "numberOfUtterances": "16",
      "numberOfTurns": "8",
      "sessionID": "2-00497-2",
      "dialog": [
        {
          "speaker": "speaker1",
          "personaID": "20373",
          "participantID": "0392",
          "utterance": "몇일 동안도 평온하셨나요?",
          "summary": "",
          "date": "2022-09-15",
          "time": "23:39:16",
          "terminate": "false"
        },
        {
          "speaker": "speaker2",
          "personaID": "22099",
          "participantID": "0463",
          "utterance": "네. 아주 잘 쉬었어요. 이제 힘내서 다시 취업준비를 해봐야죠.",
          "summary": "",
          "date": "2022-09-15",
          "time": "23:39:35",
          "terminate": "false"
        },
        {
          "speaker": "speaker1",
          "personaID": "20373",
          "participantID": "0392",
          "utterance": "취업준비하시는데 많이 힘드신가요? 저보다 한살 많은 누나가있는데 요즘 취업준비한다더니 너무 예민하네요.",
          "summary": "나는 한 살 많은 누나가 있다. 나의 누나는 취업준비를 하면서 너무 예민하다.",
          "date": "2022-09-15",
          "time": "23:40:51",
          "terminate": "false"
        },
        {
          "speaker": "speaker2",
          "personaID": "22099",
          "participantID": "0463",
          "utterance": "네.. 몸보다는 마음이 좀 힘든거 같아요. 주위에서는 괜찮다해도 눈치를 많이 보게되더라고요.",
          "summary": "나는 취업준비를 하면서 눈치를 보게 된다.",
          "date": "2022-09-15",
          "time": "23:41:25",
          "terminate": "false"
        },
        {
          "speaker": "speaker1",
          "personaID": "20373",
          "participantID": "0392",
          "utterance": "우리집은 그런 분위기도 아닌데 좀 즐기거 있는것 같은 기분이.. ㅡㅡ;;",
          "summary": "",
          "date": "2022-09-15",
          "time": "23:42:12",
          "terminate": "false"
        },
        {
          "speaker": "speaker2",
          "personaID": "22099",
          "participantID": "0463",
          "utterance": "ㅋㅋㅋ 그럴수도.... 그래도 마음이 편하진 않을거에요.",
          "summary": "",
          "date": "2022-09-15",
          "time": "23:42:30",
          "terminate": "false"
        },
        {
          "speaker": "speaker1",
          "personaID": "20373",
          "participantID": "0392",
          "utterance": "그렇군요. 저도 나중에 있을일이니.. 좀 애해해봐야겠네요.",
          "summary": "",
          "date": "2022-09-15",
          "time": "23:43:45",
          "terminate": "false"
        },
        {
          "speaker": "speaker2",
          "personaID": "22099",
          "participantID": "0463",
          "utterance": "네. 앞으로의 삶이 결정되는 일이니 불안하기도 하고 생각처럼 안되서 걱정되기도 하고 그렇거든요.",
          "summary": "",
          "date": "2022-09-15",
          "time": "23:44:31",
          "terminate": "false"
        },
        {
          "speaker": "speaker1",
          "personaID": "20373",
          "participantID": "0392",
          "utterance": "넘 말씀 들어보니 너무 속좁은 동생이었는데요. 취업 꼭 성공하세요. 화이팅!! ^^",
          "summary": "",
          "date": "2022-09-15",
          "time": "23:44:58",
          "terminate": "false"
        },
        {
          "speaker": "speaker2",
          "personaID": "22099",
          "participantID": "0463",
          "utterance": "누나한테 비타민 음료수라도 하나 줘보세요.. 은근 고마워할거에요..ㅋㅋㅋ.",
          "summary": "",
          "date": "2022-09-15",
          "time": "23:45:30",
          "terminate": "false"
        },
        {
          "speaker": "speaker1",
          "personaID": "20373",
          "participantID": "0392",
          "utterance": "허허허 그건 현실남매에겐 없는 일이네요. 혹시 반려동물 키우세요?",
          "summary": "",
          "date": "2022-09-15",
          "time": "23:46:38",
          "terminate": "false"
        },
        {
          "speaker": "speaker2",
          "personaID": "22099",
          "participantID": "0463",
          "utterance": "제가 너무 어려운 말을 했나요?하하하. 저는 반려동물은 안키워요. 혹시 반려동물 키우세요?",
          "summary": "나는 반려동물은 안 키운다.",
          "date": "2022-09-15",
          "time": "23:47:11",
          "terminate": "false"
        },
        {
          "speaker": "speaker1",
          "personaID": "20373",
          "participantID": "0392",
          "utterance": "저도 아직 안키우는데 요즘 고양이를 키우고싶어서요. ㅠㅠ.",
          "summary": "나는 반려동물을 아직 안 키운다. 나는 고양이를 키우고 싶다.",
          "date": "2022-09-15",
          "time": "23:47:37",
          "terminate": "false"
        },
        {
          "speaker": "speaker2",
          "personaID": "22099",
          "participantID": "0463",
          "utterance": "아.. 그러시구나. 강아지 말고 고양이요? 고민이 되실거 같아요. 끝까지 책임져야 하잖아요.",
          "summary": "",
          "date": "2022-09-15",
          "time": "23:48:15",
          "terminate": "false"
        },
        {
          "speaker": "speaker1",
          "personaID": "20373",
          "participantID": "0392",
          "utterance": "네. 그래서 망설이고 있네요. 학교에 가봐야하는 시간이됬네요. 대화 즐거웠습니다.",
          "summary": "",
          "date": "2022-09-15",
          "time": "23:48:48",
          "terminate": "false"
        },
        {
          "speaker": "speaker2",
          "personaID": "22099",
          "participantID": "0463",
          "utterance": "네. 잘 다녀오세요. 저도 즐거웠어요.",
          "summary": "",
          "date": "2022-09-15",
          "time": "23:49:00",
          "terminate": "true"
        }
      ],
      "sessionPersonaSummary": {
        "speaker1": [
          "나는 한 살 많은 누나가 있다. 나의 누나는 취업준비를 하면서 너무 예민하다.",
          "나는 반려동물을 아직 안 키운다. 나는 고양이를 키우고 싶다."
        ],
        "speaker2": [
          "나는 취업준비를 하면서 눈치를 보게 된다.",
          "나는 반려동물은 안 키운다."
        ]
      },
      "prevAggregatedpersonaSummary": {
        "speaker1": [
          "나는 20대 남자이다.",
          "나는 자전거를 좋아해서 관련 동아리 활동을 하고 있다.",
          "나는 댄스스포츠는 관심이 없다.",
          "나는 축구를 가끔 본다."
        ],
        "speaker2": [
          "나는 20대 여자이다.",
          "나는 취업준비 중이고 최근 오픽 자격증을 취득했다.",
          "나는 요즘 축구를 자주 본다. @이름1@때문이다.",
          "나는 인천 산다. 나는 요즘 가끔 평온하다 자격증을 취득했기 때문이다."
        ]
      }
    }
  ]
}