{
  "FileInfo": {
    "filename": "K2-00312-CL33779-CP33917-01-02-S2.json",
    "sessionLevel": "2"
  },
  "participantsInfo": {
    "numberOfParticipants": "2",
    "speaker1": {
      "participantID": "2184",
      "gender": "여성",
      "age": "30대",
      "occupation": "주부",
      "bPlace": "부산/대구/울산/경상",
      "gPlace": "부산/대구/울산/경상",
      "rPlace": "부산/대구/울산/경상",
      "educationLevel": "대졸"
    },
    "speaker2": {
      "participantID": "2199",
      "gender": "여성",
      "age": "30대",
      "occupation": "자영업",
      "bPlace": "서울/경기/인천",
      "gPlace": "서울/경기/인천",
      "rPlace": "서울/경기/인천",
      "educationLevel": "고졸"
    }
  },
  "multisessionInfo": {
    "multisessionID": "2-00312"
  },
  "personaInfo": {
    "clInfo": {
      "personaID": "33779",
      "personaFeatures": [
        "나는 여자이다.",
        "나는 30대이다.",
        "나는 과학교육과를 전공했다.",
        "나는 역사/문화 여행을 자주 간다.",
        "나는 다소 게으르다.",
        "나는 수박을 안 먹는다."
      ],
      "speakerType": "speaker1"
    },
    "cpInfo": {
      "personaID": "33917",
      "personaFeatures": [
        "나는 여자이다.",
        "나는 30대이다.",
        "나는 힙합 음악을 자주 듣는다.",
        "나는 사무관이다.",
        "나는 매일 편안하다.",
        "나는 딸기를 즐겨 먹는다."
      ],
      "speakerType": "speaker2"
    }
  },
  "topicInfo": {
    "topicID": "01-02",
    "topicType": "식음료",
    "topicTitle": "음식"
  },
  "sessionInfo": [
    {
      "prevSessionID": null,
      "prevTimeInfo": {
        "timeNum": null,
        "timeUnit": null
      },
      "nthSession": "1",
      "numberOfUtterances": "18",
      "numberOfTurns": "9",
      "sessionID": "2-00312-1",
      "dialog": [
        {
          "speaker": "speaker1",
          "personaID": "33779",
          "participantID": "2184",
          "utterance": "만나뵙게돼서 반갑습니다! 저는 여자이고 30대 입니다 ㅎㅎ.",
          "summary": "나는 30대 여자이다.",
          "date": "2022-10-18",
          "time": "16:10:45",
          "terminate": "false"
        },
        {
          "speaker": "speaker2",
          "personaID": "33917",
          "participantID": "2199",
          "utterance": "어머나 반가워요! 저도 30대 여자입니다ㅎㅎ.",
          "summary": "나는 30대 여자이다.",
          "date": "2022-10-18",
          "time": "16:13:11",
          "terminate": "false"
        },
        {
          "speaker": "speaker1",
          "personaID": "33779",
          "participantID": "2184",
          "utterance": "오 정말요? 우리 이것도 인연인데 말 편하게 친구할까요 ㅎㅎ.",
          "summary": "",
          "date": "2022-10-18",
          "time": "16:13:27",
          "terminate": "false"
        },
        {
          "speaker": "speaker2",
          "personaID": "33917",
          "participantID": "2199",
          "utterance": "ㅎㅎ그렇게 먼저 말해주시니까 좋네요! 친구해요!",
          "summary": "",
          "date": "2022-10-18",
          "time": "16:13:46",
          "terminate": "false"
        },
        {
          "speaker": "speaker1",
          "personaID": "33779",
          "participantID": "2184",
          "utterance": "아 좋지 좋지 ~~ 친구 한 명 더 생겼다 야호 !!!!!!",
          "summary": "",
          "date": "2022-10-18",
          "time": "16:13:49",
          "terminate": "false"
        },
        {
          "speaker": "speaker2",
          "personaID": "33917",
          "participantID": "2199",
          "utterance": "ㅎㅎ좋구만!! 뭐하구 있었어? 난 음악 듣는중~~ 음악 좋아해?",
          "summary": "나는 음악을 듣고 있다.",
          "date": "2022-10-18",
          "time": "16:14:07",
          "terminate": "false"
        },
        {
          "speaker": "speaker1",
          "personaID": "33779",
          "participantID": "2184",
          "utterance": "나 음악 좋아해! 내가 역사나 문화여행을 자주 가는데 음악 들으면서 가면 넘 좋더라구 ㅎㅎ 너는?",
          "summary": "나는 음악을 좋아한다. 나는 역사/문화 여행을 자주 간다.",
          "date": "2022-10-18",
          "time": "16:14:26",
          "terminate": "false"
        },
        {
          "speaker": "speaker2",
          "personaID": "33917",
          "participantID": "2199",
          "utterance": "나 힙합 음악 자주 듣거든ㅎㅎ 여행 자주가는구나 부럽다 이번 주말에도가?",
          "summary": "나는 힙합 음악을 자주 듣는다.",
          "date": "2022-10-18",
          "time": "16:14:48",
          "terminate": "false"
        },
        {
          "speaker": "speaker1",
          "personaID": "33779",
          "participantID": "2184",
          "utterance": "이번주는 안가 ! 여행 자주 가긴 하는데 내가 사실 다소 게으르거든 ^^..",
          "summary": "나는 다소 게으르다.",
          "date": "2022-10-18",
          "time": "16:15:11",
          "terminate": "false"
        },
        {
          "speaker": "speaker2",
          "personaID": "33917",
          "participantID": "2199",
          "utterance": "하하 게으를수 있쥐~ 난 거의 집에 있는 편이야! 집에있는게 매일 편안하거든..",
          "summary": "나는 거의 집에 있는 편이다. 매일 편안하다.",
          "date": "2022-10-18",
          "time": "16:15:39",
          "terminate": "false"
        },
        {
          "speaker": "speaker1",
          "personaID": "33779",
          "participantID": "2184",
          "utterance": "집 좋지.. 아니 얼마나 게으르냐면 수박씨 바르는것도 귀찮아서 나 수박도 안 먹어 ㅋㅋㅋㅋㅋㅋ.",
          "summary": "나는 수박을 안 먹는다.",
          "date": "2022-10-18",
          "time": "16:16:04",
          "terminate": "false"
        },
        {
          "speaker": "speaker2",
          "personaID": "33917",
          "participantID": "2199",
          "utterance": "미쳐버려ㅋㅋㅋㅋ딸기도 씨는 있지만 얘는 쪼그만하니까 먹지? 나는 딸기 즐겨 먹거든!",
          "summary": "나는 딸기를 즐겨 먹는다.",
          "date": "2022-10-18",
          "time": "16:16:27",
          "terminate": "false"
        },
        {
          "speaker": "speaker1",
          "personaID": "33779",
          "participantID": "2184",
          "utterance": "당연하지! 딸기는 너무 좋아해.. 하 일도 안할 수 있으면 좋겠당 ^^",
          "summary": "",
          "date": "2022-10-18",
          "time": "16:16:44",
          "terminate": "false"
        },
        {
          "speaker": "speaker2",
          "personaID": "33917",
          "participantID": "2199",
          "utterance": "아 무슨일해? 나는 사무관이야ㅎㅎ너는?",
          "summary": "나는 사무관이다.",
          "date": "2022-10-18",
          "time": "16:16:55",
          "terminate": "false"
        },
        {
          "speaker": "speaker1",
          "personaID": "33779",
          "participantID": "2184",
          "utterance": "나는 과학선생님이야! 과학교육과 전공했고 ㅎㅎ.",
          "summary": "나는 과학선생님이다. 나는 과학교육과를 전공했다.",
          "date": "2022-10-18",
          "time": "16:17:07",
          "terminate": "false"
        },
        {
          "speaker": "speaker2",
          "personaID": "33917",
          "participantID": "2199",
          "utterance": "이욜 너 공부 열심히 했나보다? 대단한걸~~~다시 보이는데!~",
          "summary": "",
          "date": "2022-10-18",
          "time": "16:17:21",
          "terminate": "false"
        },
        {
          "speaker": "speaker1",
          "personaID": "33779",
          "participantID": "2184",
          "utterance": "헤헤 고마워!! 하 점심시간 끝나간다.. 나 이제 수업 준비하러 가볼게 ~~",
          "summary": "",
          "date": "2022-10-18",
          "time": "16:17:37",
          "terminate": "false"
        },
        {
          "speaker": "speaker2",
          "personaID": "33917",
          "participantID": "2199",
          "utterance": "알겠어 ㅎㅎ수업 열심히하구와 나두 일하고 올게~",
          "summary": "",
          "date": "2022-10-18",
          "time": "16:17:48",
          "terminate": "true"
        }
      ],
      "sessionPersonaSummary": {
        "speaker1": [
          "나는 30대 여자이다.",
          "나는 음악을 좋아한다. 나는 역사/문화 여행을 자주 간다.",
          "나는 다소 게으르다.",
          "나는 수박을 안 먹는다.",
          "나는 과학선생님이다. 나는 과학교육과를 전공했다."
        ],
        "speaker2": [
          "나는 30대 여자이다.",
          "나는 음악을 듣고 있다.",
          "나는 힙합 음악을 자주 듣는다.",
          "나는 거의 집에 있는 편이다. 매일 편안하다.",
          "나는 딸기를 즐겨 먹는다.",
          "나는 사무관이다."
        ]
      },
      "prevAggregatedpersonaSummary": {
        "speaker1": [],
        "speaker2": []
      }
    },
    {
      "prevSessionID": "2-00312-1",
      "prevTimeInfo": {
        "timeNum": "2",
        "timeUnit": "시간"
      },
      "nthSession": "2",
      "numberOfUtterances": "18",
      "numberOfTurns": "9",
      "sessionID": "2-00312-2",
      "dialog": [
        {
          "speaker": "speaker1",
          "personaID": "33779",
          "participantID": "2184",
          "utterance": "오후 수업 한타임 하고 왔어! 뭐하고 있어?",
          "summary": "",
          "date": "2022-10-18",
          "time": "16:18:01",
          "terminate": "false"
        },
        {
          "speaker": "speaker2",
          "personaID": "33917",
          "participantID": "2199",
          "utterance": "나는 일하다가 너무 힘들어서 좀 쉬고 있는즁^^",
          "summary": "",
          "date": "2022-10-18",
          "time": "16:18:18",
          "terminate": "false"
        },
        {
          "speaker": "speaker1",
          "personaID": "33779",
          "participantID": "2184",
          "utterance": "쉬는거 좋지 아 맞다! 내가 아까 이 얘기 했었나?",
          "summary": "",
          "date": "2022-10-18",
          "time": "16:18:30",
          "terminate": "false"
        },
        {
          "speaker": "speaker2",
          "personaID": "33917",
          "participantID": "2199",
          "utterance": "무슨얘기? 뭔지를 모르겠네 ㅎㅎ말해봐바바.",
          "summary": "",
          "date": "2022-10-18",
          "time": "16:18:44",
          "terminate": "false"
        },
        {
          "speaker": "speaker1",
          "personaID": "33779",
          "participantID": "2184",
          "utterance": "아니 아까 급식에 수박이 나온거야.. 음식을 부실하게 먹었더니 배가 좀 고프네 ^^",
          "summary": "나는 음식을 부실하게 먹었더니 배가 고프다.",
          "date": "2022-10-18",
          "time": "16:19:02",
          "terminate": "false"
        },
        {
          "speaker": "speaker2",
          "personaID": "33917",
          "participantID": "2199",
          "utterance": "배고푸겠다.. 뭐라도 먹어야지! 나는 일을 너무 열심히 했나 당떨어져 아이스 초코 먹고싶네..",
          "summary": "나는 일을 너무 열심히 해서 당이 떨어진다.",
          "date": "2022-10-18",
          "time": "16:19:24",
          "terminate": "false"
        },
        {
          "speaker": "speaker1",
          "personaID": "33779",
          "participantID": "2184",
          "utterance": "아이스 초코 좋지 !! 나 선생님 하기전에는 카페 일 했었는데 아이스초코 장인이야 ^^",
          "summary": "",
          "date": "2022-10-18",
          "time": "16:19:41",
          "terminate": "false"
        },
        {
          "speaker": "speaker2",
          "personaID": "33917",
          "participantID": "2199",
          "utterance": "아 진짜?ㅎㅎㅎ다음에 한 잔 타주겠니..아니 지금 플리즈..",
          "summary": "",
          "date": "2022-10-18",
          "time": "16:19:57",
          "terminate": "false"
        },
        {
          "speaker": "speaker1",
          "personaID": "33779",
          "participantID": "2184",
          "utterance": "진짜 만들어서 주고 싶다 !! 하 아이스초코 얘기하니까 나도 당딸린다.",
          "summary": "나는 당이 딸린다.",
          "date": "2022-10-18",
          "time": "16:20:18",
          "terminate": "false"
        },
        {
          "speaker": "speaker2",
          "personaID": "33917",
          "participantID": "2199",
          "utterance": "ㅎㅎ오늘 저녁에 뭐 먹을꺼야? 벌써 퇴근하고 집에 있는 상상했어..",
          "summary": "",
          "date": "2022-10-18",
          "time": "16:20:31",
          "terminate": "false"
        },
        {
          "speaker": "speaker1",
          "personaID": "33779",
          "participantID": "2184",
          "utterance": "너도? 나도... 하 고민돼 이 세상에 맛있는 음식이 너무 많아.",
          "summary": "",
          "date": "2022-10-18",
          "time": "16:20:59",
          "terminate": "false"
        },
        {
          "speaker": "speaker2",
          "personaID": "33917",
          "participantID": "2199",
          "utterance": "그러니까.. 무슨 음식 제일 좋아해? 나는 매운 음식을 젤 좋아하거든.",
          "summary": "나는 매운 음식을 좋아한다.",
          "date": "2022-10-18",
          "time": "16:21:14",
          "terminate": "false"
        },
        {
          "speaker": "speaker1",
          "personaID": "33779",
          "participantID": "2184",
          "utterance": "진짜? 나는 완전 기름지고 느끼한거... 아 잠시만 나는 정했어.",
          "summary": "",
          "date": "2022-10-18",
          "time": "16:21:27",
          "terminate": "false"
        },
        {
          "speaker": "speaker2",
          "personaID": "33917",
          "participantID": "2199",
          "utterance": "어? 뭔데 나도 알려줘 같이 음식 공유하자...",
          "summary": "",
          "date": "2022-10-18",
          "time": "16:21:43",
          "terminate": "false"
        },
        {
          "speaker": "speaker1",
          "personaID": "33779",
          "participantID": "2184",
          "utterance": "내가 진짜 오늘 꼭 곱창에 소주 한 잔 한다... 물론 한잔은 아니지만 ^^",
          "summary": "",
          "date": "2022-10-18",
          "time": "16:21:46",
          "terminate": "false"
        },
        {
          "speaker": "speaker2",
          "personaID": "33917",
          "participantID": "2199",
          "utterance": "와 진짜 맛있겠다ㅠ 아니 이렇게 먹는 얘기하면 시간이 이렇게 잘가는데 일할땐 왜 안가는걸까..",
          "summary": "",
          "date": "2022-10-18",
          "time": "16:22:03",
          "terminate": "false"
        },
        {
          "speaker": "speaker1",
          "personaID": "33779",
          "participantID": "2184",
          "utterance": "그니까 ㅠㅠ우리 곱창을 위해 지금 열심히 일하자 ........ 나 다시 수업 들어가볼게 ㅠㅠ.",
          "summary": "",
          "date": "2022-10-18",
          "time": "16:22:18",
          "terminate": "false"
        },
        {
          "speaker": "speaker2",
          "personaID": "33917",
          "participantID": "2199",
          "utterance": "후.. 오후 화이팅하고..저녁에 맛있는거 먹자..!!",
          "summary": "",
          "date": "2022-10-18",
          "time": "16:22:21",
          "terminate": "true"
        }
      ],
      "sessionPersonaSummary": {
        "speaker1": [
          "나는 음식을 부실하게 먹었더니 배가 고프다.",
          "나는 당이 딸린다."
        ],
        "speaker2": [
          "나는 일을 너무 열심히 해서 당이 떨어진다.",
          "나는 매운 음식을 좋아한다."
        ]
      },
      "prevAggregatedpersonaSummary": {
        "speaker1": [
          "나는 30대 여자이다.",
          "나는 음악을 좋아한다. 나는 역사/문화 여행을 자주 간다.",
          "나는 다소 게으르다.",
          "나는 수박을 안 먹는다.",
          "나는 과학선생님이다. 나는 과학교육과를 전공했다."
        ],
        "speaker2": [
          "나는 30대 여자이다.",
          "나는 음악을 듣고 있다.",
          "나는 힙합 음악을 자주 듣는다.",
          "나는 거의 집에 있는 편이다. 매일 편안하다.",
          "나는 딸기를 즐겨 먹는다.",
          "나는 사무관이다."
        ]
      }
    }
  ]
}