{
  "FileInfo": {
    "filename": "K2-00496-CL22848-CP23352-01-05-S2.json",
    "sessionLevel": "2"
  },
  "participantsInfo": {
    "numberOfParticipants": "2",
    "speaker1": {
      "participantID": "0822",
      "gender": "남성",
      "age": "20대",
      "occupation": "무직",
      "bPlace": "부산/대구/울산/경상",
      "gPlace": "부산/대구/울산/경상",
      "rPlace": "부산/대구/울산/경상",
      "educationLevel": "대졸"
    },
    "speaker2": {
      "participantID": "0840",
      "gender": "남성",
      "age": "20대",
      "occupation": "학생",
      "bPlace": "서울/경기/인천",
      "gPlace": "서울/경기/인천",
      "rPlace": "서울/경기/인천",
      "educationLevel": "고졸"
    }
  },
  "multisessionInfo": {
    "multisessionID": "2-00496"
  },
  "personaInfo": {
    "clInfo": {
      "personaID": "22848",
      "personaFeatures": [
        "나는 남자이다.",
        "나는 20대이다.",
        "나는 요즘, 가끔 안도감이 든다.",
        "나는 유치원 교사이다.",
        "나는 걷기를 가끔 한다.",
        "나는 짠 음식을 좋아한다."
      ],
      "speakerType": "speaker1"
    },
    "cpInfo": {
      "personaID": "23352",
      "personaFeatures": [
        "나는 남자이다.",
        "나는 20대이다.",
        "나의 어머니는 물리치료사이다.",
        "나는 펜싱부 동아리에 관심 있다.",
        "나는 K-POP 음악을 가끔 듣는다.",
        "나는 아이스 카페라테를 좋아한다."
      ],
      "speakerType": "speaker2"
    }
  },
  "topicInfo": {
    "topicID": "01-05",
    "topicType": "식음료",
    "topicTitle": "디저트"
  },
  "sessionInfo": [
    {
      "prevSessionID": null,
      "prevTimeInfo": {
        "timeNum": null,
        "timeUnit": null
      },
      "nthSession": "1",
      "numberOfUtterances": "14",
      "numberOfTurns": "7",
      "sessionID": "2-00496-1",
      "dialog": [
        {
          "speaker": "speaker1",
          "personaID": "22848",
          "participantID": "0822",
          "utterance": "반갑습니다. 저는 20대 남자에요. 처음 뵙겠습니다.",
          "summary": "나는 20대 남자이다.",
          "date": "2022-10-31",
          "time": "19:50:03",
          "terminate": "false"
        },
        {
          "speaker": "speaker2",
          "personaID": "23352",
          "participantID": "0840",
          "utterance": "처음 뵙네요. 저도 20대 남자입니다. 반가워요.",
          "summary": "나는 20대 남자이다.",
          "date": "2022-10-31",
          "time": "19:50:19",
          "terminate": "false"
        },
        {
          "speaker": "speaker1",
          "personaID": "22848",
          "participantID": "0822",
          "utterance": "오~ 그러시구나. 그러면 어떤 일 하시는 분인가요?",
          "summary": "",
          "date": "2022-10-31",
          "time": "19:50:26",
          "terminate": "false"
        },
        {
          "speaker": "speaker2",
          "personaID": "23352",
          "participantID": "0840",
          "utterance": "저는 물리치료 전공하고 있어요. 어머니도 물리치료사라 따라하네요.",
          "summary": "나의 어머니는 물리치료사이다.",
          "date": "2022-10-31",
          "time": "19:50:39",
          "terminate": "false"
        },
        {
          "speaker": "speaker1",
          "personaID": "22848",
          "participantID": "0822",
          "utterance": "저는 유치원교사인데 ㅎㅎ. 요즘은 직업이 있는거만으로 가끔 안도감이 드네요.",
          "summary": "나는 요즘 가끔 안도감이 든다. 나는 유치원 교사이다.",
          "date": "2022-10-31",
          "time": "19:50:55",
          "terminate": "false"
        },
        {
          "speaker": "speaker2",
          "personaID": "23352",
          "participantID": "0840",
          "utterance": "요즘 취업이 참 힘들죠. 그러면 취미는 좀 있으신가요?",
          "summary": "",
          "date": "2022-10-31",
          "time": "19:51:13",
          "terminate": "false"
        },
        {
          "speaker": "speaker1",
          "personaID": "22848",
          "participantID": "0822",
          "utterance": "저는 걷기를 가끔해요 ㅎㅎ. 운동으로 이런게 좋다해서요~",
          "summary": "나는 걷기를 가끔 한다.",
          "date": "2022-10-31",
          "time": "19:51:32",
          "terminate": "false"
        },
        {
          "speaker": "speaker2",
          "personaID": "23352",
          "participantID": "0840",
          "utterance": "걷는거 좋다더라구요 ㅎㅎ.펜싱부 동아리에 관심이 있어서 그거 할까해요.",
          "summary": "나는 펜싱부 동아리에 관심이 있다.",
          "date": "2022-10-31",
          "time": "19:51:51",
          "terminate": "false"
        },
        {
          "speaker": "speaker1",
          "personaID": "22848",
          "participantID": "0822",
          "utterance": "멋진 운동하시네요~ 그러면 다른 좋아하시는거 있으세요?",
          "summary": "",
          "date": "2022-10-31",
          "time": "19:52:00",
          "terminate": "false"
        },
        {
          "speaker": "speaker2",
          "personaID": "23352",
          "participantID": "0840",
          "utterance": "저는 노래 좋아해서 케이팝 음악을 가끔 듣는데 좋더라고요!",
          "summary": "나는 케이팝 음악을 가끔 듣는다.",
          "date": "2022-10-31",
          "time": "19:52:12",
          "terminate": "false"
        },
        {
          "speaker": "speaker1",
          "personaID": "22848",
          "participantID": "0822",
          "utterance": "저는 음악은 잘 안듣네요 ㅎㅎ... 그러면 식사는 하셨어요?",
          "summary": "",
          "date": "2022-10-31",
          "time": "19:52:29",
          "terminate": "false"
        },
        {
          "speaker": "speaker2",
          "personaID": "23352",
          "participantID": "0840",
          "utterance": "아 그래요?ㅎ 그거 아쉽네요. 저는 오늘은 아이스 카페라떼로 때우려구요!",
          "summary": "나는 아이스 카페라테를 좋아한다.",
          "date": "2022-10-31",
          "time": "19:52:49",
          "terminate": "false"
        },
        {
          "speaker": "speaker1",
          "personaID": "22848",
          "participantID": "0822",
          "utterance": "저는 짠 음식이 좋아서 게장 하나 뚝딱하려고요~",
          "summary": "나는 짠 음식을 좋아한다.",
          "date": "2022-10-31",
          "time": "19:52:50",
          "terminate": "false"
        },
        {
          "speaker": "speaker2",
          "personaID": "23352",
          "participantID": "0840",
          "utterance": "그렇군요.ㅎ 그럼 다음에 또 봐요~ 식사 맛있게 하세요~",
          "summary": "",
          "date": "2022-10-31",
          "time": "19:53:05",
          "terminate": "true"
        }
      ],
      "sessionPersonaSummary": {
        "speaker1": [
          "나는 20대 남자이다.",
          "나는 요즘 가끔 안도감이 든다. 나는 유치원 교사이다.",
          "나는 걷기를 가끔 한다.",
          "나는 짠 음식을 좋아한다."
        ],
        "speaker2": [
          "나는 20대 남자이다.",
          "나의 어머니는 물리치료사이다.",
          "나는 펜싱부 동아리에 관심이 있다.",
          "나는 케이팝 음악을 가끔 듣는다.",
          "나는 아이스 카페라테를 좋아한다."
        ]
      },
      "prevAggregatedpersonaSummary": {
        "speaker1": [],
        "speaker2": []
      }
    },
    {
      "prevSessionID": "2-00496-1",
      "prevTimeInfo": {
        "timeNum": "1",
        "timeUnit": "시간"
      },
      "nthSession": "2",
      "numberOfUtterances": "14",
      "numberOfTurns": "7",
      "sessionID": "2-00496-2",
      "dialog": [
        {
          "speaker": "speaker1",
          "personaID": "22848",
          "participantID": "0822",
          "utterance": "저 밥 먹고 왔어요 ㅎㅎ. 1시간만이에요!",
          "summary": "",
          "date": "2022-10-31",
          "time": "19:53:07",
          "terminate": "false"
        },
        {
          "speaker": "speaker2",
          "personaID": "23352",
          "participantID": "0840",
          "utterance": "안녕하세요. 밥 맛있게 드셨나요.ㅎ 지금은 뭐 하세요?",
          "summary": "",
          "date": "2022-10-31",
          "time": "19:53:15",
          "terminate": "false"
        },
        {
          "speaker": "speaker1",
          "personaID": "22848",
          "participantID": "0822",
          "utterance": "지금은 디저트 사고 있어요! 맛있겠네요~",
          "summary": "나는 디저트를 산다.",
          "date": "2022-10-31",
          "time": "19:53:19",
          "terminate": "false"
        },
        {
          "speaker": "speaker2",
          "personaID": "23352",
          "participantID": "0840",
          "utterance": "아~ 그러시구나. 무슨 디저트를 사시는데요?",
          "summary": "",
          "date": "2022-10-31",
          "time": "19:53:29",
          "terminate": "false"
        },
        {
          "speaker": "speaker1",
          "personaID": "22848",
          "participantID": "0822",
          "utterance": "오늘은 마카롱 고르는데 지금 너무 고민되네요.",
          "summary": "",
          "date": "2022-10-31",
          "time": "19:53:44",
          "terminate": "false"
        },
        {
          "speaker": "speaker2",
          "personaID": "23352",
          "participantID": "0840",
          "utterance": "마카롱 그거 맛있나요? 저는 먹어본적이 없어요.",
          "summary": "나는 마카롱을 먹어본 적 없다.",
          "date": "2022-10-31",
          "time": "19:54:00",
          "terminate": "false"
        },
        {
          "speaker": "speaker1",
          "personaID": "22848",
          "participantID": "0822",
          "utterance": "진짜요? 맛있는데 ㅎㅎ. 라즈베리랑 딸기중 뭐가 나을까요?",
          "summary": "나는 고민이 된다.",
          "date": "2022-10-31",
          "time": "19:54:02",
          "terminate": "false"
        },
        {
          "speaker": "speaker2",
          "personaID": "23352",
          "participantID": "0840",
          "utterance": "둘 다 먹으면 안되나요?ㅋㅋ 그거 조그마하던데.",
          "summary": "",
          "date": "2022-10-31",
          "time": "19:54:11",
          "terminate": "false"
        },
        {
          "speaker": "speaker1",
          "personaID": "22848",
          "participantID": "0822",
          "utterance": "뚱카롱이라 이거 하나면 밥 한공기에요 ㅋㅋㅋ.",
          "summary": "",
          "date": "2022-10-31",
          "time": "19:54:16",
          "terminate": "false"
        },
        {
          "speaker": "speaker2",
          "personaID": "23352",
          "participantID": "0840",
          "utterance": "아 그래요? 뚱카롱은 얼마나 큰거에요? 햄버거 만한가?",
          "summary": "",
          "date": "2022-10-31",
          "time": "19:54:27",
          "terminate": "false"
        },
        {
          "speaker": "speaker1",
          "personaID": "22848",
          "participantID": "0822",
          "utterance": "아뇨. 한 애기 주먹만한데 칼로리 폭탄이거든요.",
          "summary": "",
          "date": "2022-10-31",
          "time": "19:54:30",
          "terminate": "false"
        },
        {
          "speaker": "speaker2",
          "personaID": "23352",
          "participantID": "0840",
          "utterance": "그렇군요.ㅎ 하긴 칼로리가 굉장히 높다고는 들었어요.",
          "summary": "",
          "date": "2022-10-31",
          "time": "19:54:47",
          "terminate": "false"
        },
        {
          "speaker": "speaker1",
          "personaID": "22848",
          "participantID": "0822",
          "utterance": "그냥 둘다 사야겠네요 ㅋㅋ. 똑똑하시네요~ 감사합니다.",
          "summary": "나는 마카롱을 산다.",
          "date": "2022-10-31",
          "time": "19:54:49",
          "terminate": "false"
        },
        {
          "speaker": "speaker2",
          "personaID": "23352",
          "participantID": "0840",
          "utterance": "그럼 맛있게 드세요~ㅋㅋ 저도 다음에 먹어봐야겠네요.",
          "summary": "",
          "date": "2022-10-31",
          "time": "19:55:05",
          "terminate": "true"
        }
      ],
      "sessionPersonaSummary": {
        "speaker1": [
          "나는 디저트를 산다.",
          "나는 고민이 된다.",
          "나는 마카롱을 산다."
        ],
        "speaker2": [
          "나는 마카롱을 먹어본 적 없다."
        ]
      },
      "prevAggregatedpersonaSummary": {
        "speaker1": [
          "나는 20대 남자이다.",
          "나는 요즘 가끔 안도감이 든다. 나는 유치원 교사이다.",
          "나는 걷기를 가끔 한다.",
          "나는 짠 음식을 좋아한다."
        ],
        "speaker2": [
          "나는 20대 남자이다.",
          "나의 어머니는 물리치료사이다.",
          "나는 펜싱부 동아리에 관심이 있다.",
          "나는 케이팝 음악을 가끔 듣는다.",
          "나는 아이스 카페라테를 좋아한다."
        ]
      }
    }
  ]
}