{
  "FileInfo": {
    "filename": "K2-00377-CL11204-CP22447-03-02-S2.json",
    "sessionLevel": "2"
  },
  "participantsInfo": {
    "numberOfParticipants": "2",
    "speaker1": {
      "participantID": "3488",
      "gender": "여성",
      "age": "20대",
      "occupation": "학생",
      "bPlace": "서울/경기/인천",
      "gPlace": "서울/경기/인천",
      "rPlace": "서울/경기/인천",
      "educationLevel": "고졸"
    },
    "speaker2": {
      "participantID": "3055",
      "gender": "여성",
      "age": "30대",
      "occupation": "사무직",
      "bPlace": "서울/경기/인천",
      "gPlace": "서울/경기/인천",
      "rPlace": "서울/경기/인천",
      "educationLevel": "대졸"
    }
  },
  "multisessionInfo": {
    "multisessionID": "2-00377"
  },
  "personaInfo": {
    "clInfo": {
      "personaID": "11204",
      "personaFeatures": [
        "나는 여자이다.",
        "나는 10대이다.",
        "나의 어머니는 사회복지사이다",
        "나는 통역가가 되고 싶다",
        "나는 봄을 좋아한다"
      ],
      "speakerType": "speaker1"
    },
    "cpInfo": {
      "personaID": "22447",
      "personaFeatures": [
        "나는 여자이다.",
        "나는 20대이다.",
        "나는 새를 싫어한다",
        "나는 건설환경공학부 전공이다",
        "나는 비올라 연주를 가끔 한다"
      ],
      "speakerType": "speaker2"
    }
  },
  "topicInfo": {
    "topicID": "03-02",
    "topicType": "교통",
    "topicTitle": "대중교통"
  },
  "sessionInfo": [
    {
      "prevSessionID": null,
      "prevTimeInfo": {
        "timeNum": null,
        "timeUnit": null
      },
      "nthSession": "1",
      "numberOfUtterances": "14",
      "numberOfTurns": "7",
      "sessionID": "2-00377-1",
      "dialog": [
        {
          "speaker": "speaker1",
          "personaID": "11204",
          "participantID": "3488",
          "utterance": "저는 사회복지사 어머니를 존경하는 10대 여성입니다",
          "summary": "나는 10대 여자이다. 나의 어머니는 사회복지사이다.",
          "date": "2022-10-15",
          "time": "01:50:14",
          "terminate": "false"
        },
        {
          "speaker": "speaker2",
          "personaID": "22447",
          "participantID": "3055",
          "utterance": "안녕하세요 저는 새를 싫어하는 20대 여자에요",
          "summary": "나는 새를 싫어하는 20대 여성이다.",
          "date": "2022-10-15",
          "time": "20:32:14",
          "terminate": "false"
        },
        {
          "speaker": "speaker1",
          "personaID": "11204",
          "participantID": "3488",
          "utterance": "안녕하세요~ 새를 싫어하시는 군요! 계기가 있을까요?",
          "summary": "",
          "date": "2022-10-15",
          "time": "23:16:18",
          "terminate": "false"
        },
        {
          "speaker": "speaker2",
          "personaID": "22447",
          "participantID": "3055",
          "utterance": "너무 더러운 느낌이더라구요 특히 비둘기요",
          "summary": "나는 비둘기가 더러운 느낌이어서 싫다",
          "date": "2022-10-17",
          "time": "21:06:05",
          "terminate": "false"
        },
        {
          "speaker": "speaker1",
          "personaID": "11204",
          "participantID": "3488",
          "utterance": "아하 비둘기를 떠올리니 바로 이해가 가네요ㅎㅎ 혹시 좋아하는 계절이 있으세요?",
          "summary": "",
          "date": "2022-10-17",
          "time": "23:03:31",
          "terminate": "false"
        },
        {
          "speaker": "speaker2",
          "personaID": "22447",
          "participantID": "3055",
          "utterance": "저는 봄가을이 좋아요 어떤 계절 좋아하시나요?",
          "summary": "나는 봄가을을 좋아한다",
          "date": "2022-10-18",
          "time": "17:06:35",
          "terminate": "false"
        },
        {
          "speaker": "speaker1",
          "personaID": "11204",
          "participantID": "3488",
          "utterance": "저는 봄을 특히 좋아하고 봄이 오기 직전인 겨울도 좋아합니다 ㅎㅎ",
          "summary": "나는 봄을 좋아한다",
          "date": "2022-10-21",
          "time": "00:04:46",
          "terminate": "false"
        },
        {
          "speaker": "speaker2",
          "personaID": "22447",
          "participantID": "3055",
          "utterance": "아 그러시구나 저는 건설환경공학부 전공으로 하고 있어요",
          "summary": "나는 건설환경공학부를 전공 중이다.",
          "date": "2022-10-21",
          "time": "13:47:38",
          "terminate": "false"
        },
        {
          "speaker": "speaker1",
          "personaID": "11204",
          "participantID": "3488",
          "utterance": "오! 그런 전공은 처음 듣는 것 같아요! 저는 통역가가 되는 것이 꿈이랍니다!",
          "summary": "나는 통역가가 되는 것이 꿈이다",
          "date": "2022-10-21",
          "time": "23:30:56",
          "terminate": "false"
        },
        {
          "speaker": "speaker2",
          "personaID": "22447",
          "participantID": "3055",
          "utterance": "통역가라니 공부를 많이 해야할것 같아요",
          "summary": "",
          "date": "2022-10-24",
          "time": "16:19:16",
          "terminate": "false"
        },
        {
          "speaker": "speaker1",
          "personaID": "11204",
          "participantID": "3488",
          "utterance": "맞아요ㅜㅜ 열심히 공부 중이긴한데 사실 어렵긴해요ㅋㅋ",
          "summary": "",
          "date": "2022-10-24",
          "time": "19:08:12",
          "terminate": "false"
        },
        {
          "speaker": "speaker2",
          "personaID": "22447",
          "participantID": "3055",
          "utterance": "통역 공부하려면 어려울것 같아요. 저는 요즘 취미로 비올라 연주를 가끔 하고 있어요.  통역만큼이나 어렵더라구요",
          "summary": "나는 취미로 비올라 연주를 한다.",
          "date": "2022-10-25",
          "time": "13:38:51",
          "terminate": "false"
        },
        {
          "speaker": "speaker1",
          "personaID": "11204",
          "participantID": "3488",
          "utterance": " 비올라라니 너무 멋있어요! 취미인가요?",
          "summary": "",
          "date": "2022-10-25",
          "time": "14:57:55",
          "terminate": "false"
        },
        {
          "speaker": "speaker2",
          "personaID": "22447",
          "participantID": "3055",
          "utterance": "네네 취미에요. 잘하진 못해서 가끔 연주하고 있어요^^ 제가 일이 있어서 다음에 또 연락해요!",
          "summary": "",
          "date": "2022-10-25",
          "time": "15:25:59",
          "terminate": "true"
        }
      ],
      "sessionPersonaSummary": {
        "speaker1": [
          "나는 10대 여자이다. 나의 어머니는 사회복지사이다.",
          "나는 봄을 좋아한다",
          "나는 통역가가 되는 것이 꿈이다"
        ],
        "speaker2": [
          "나는 새를 싫어하는 20대 여성이다.",
          "나는 비둘기가 더러운 느낌이어서 싫다",
          "나는 봄가을을 좋아한다",
          "나는 건설환경공학부를 전공 중이다.",
          "나는 취미로 비올라 연주를 한다."
        ]
      },
      "prevAggregatedpersonaSummary": {
        "speaker1": [],
        "speaker2": []
      }
    },
    {
      "prevSessionID": "2-00377-1",
      "prevTimeInfo": {
        "timeNum": "2",
        "timeUnit": "주"
      },
      "nthSession": "2",
      "numberOfUtterances": "14",
      "numberOfTurns": "7",
      "sessionID": "2-00377-2",
      "dialog": [
        {
          "speaker": "speaker1",
          "personaID": "11204",
          "participantID": "3488",
          "utterance": "2주만에 연락 드리네요 잘 지내셨나요?",
          "summary": "",
          "date": "2022-10-30",
          "time": "16:00:15",
          "terminate": "false"
        },
        {
          "speaker": "speaker2",
          "personaID": "22447",
          "participantID": "3055",
          "utterance": "안녕하세요. 10대 친구 오랜만이에요 잘있으셨어요?",
          "summary": "",
          "date": "2022-11-02",
          "time": "10:55:04",
          "terminate": "false"
        },
        {
          "speaker": "speaker1",
          "personaID": "11204",
          "participantID": "3488",
          "utterance": "네네~ 저는 지금 지하철 타고 학원 가고 있어요!",
          "summary": "나는 지하철을 타고 학원에 간다",
          "date": "2022-11-02",
          "time": "14:25:46",
          "terminate": "false"
        },
        {
          "speaker": "speaker2",
          "personaID": "22447",
          "participantID": "3055",
          "utterance": "아 학원가시는구나 어디역이세요?",
          "summary": "",
          "date": "2022-11-04",
          "time": "19:44:21",
          "terminate": "false"
        },
        {
          "speaker": "speaker1",
          "personaID": "11204",
          "participantID": "3488",
          "utterance": "군자역에 있어요~~군자역 잘 아시나요?",
          "summary": "나는 군자역에 있는 학원에 다닌다.",
          "date": "2022-11-05",
          "time": "20:58:08",
          "terminate": "false"
        },
        {
          "speaker": "speaker2",
          "personaID": "22447",
          "participantID": "3055",
          "utterance": "군자역 가본적은 없는것 같아요~ 지하철에 사람은 많은가요?",
          "summary": "나는 군자역에 가 본 적이 없다",
          "date": "2022-11-08",
          "time": "13:11:25",
          "terminate": "false"
        },
        {
          "speaker": "speaker1",
          "personaID": "11204",
          "participantID": "3488",
          "utterance": "군자역은 5,7호선 환승역이라서 사람들 엄~청 많아요! 특히 자녁시간대는요! 최근 @기타명@ 후에는 역무원들이 나와서 안전통제를 할만큼 사람들이 많아요!",
          "summary": "",
          "date": "2022-11-08",
          "time": "15:13:19",
          "terminate": "false"
        },
        {
          "speaker": "speaker2",
          "personaID": "22447",
          "participantID": "3055",
          "utterance": "진짜 지하철도 너무 위험한것 같아요 사람들이 많아서요~ 이럴때는 대중교통 너무 힘드네요",
          "summary": "",
          "date": "2022-11-11",
          "time": "13:17:47",
          "terminate": "false"
        },
        {
          "speaker": "speaker1",
          "personaID": "11204",
          "participantID": "3488",
          "utterance": "최근에는 지하철에서 또 장애인 시위가 있었어요",
          "summary": "",
          "date": "2022-11-12",
          "time": "15:18:17",
          "terminate": "false"
        },
        {
          "speaker": "speaker2",
          "personaID": "22447",
          "participantID": "3055",
          "utterance": "저도 그때 지하철이었어요 너무 심하더라구요 ㅠㅠ",
          "summary": "나도 장애인 시위 때 지하철에 있었다",
          "date": "2022-11-12",
          "time": "20:02:26",
          "terminate": "false"
        },
        {
          "speaker": "speaker1",
          "personaID": "11204",
          "participantID": "3488",
          "utterance": "장애인분들의 어려움을 모르는 건 아니지만 학교에 가는데 지각할까봐 마음이 너무 불편했어요",
          "summary": "",
          "date": "2022-11-14",
          "time": "01:36:37",
          "terminate": "false"
        },
        {
          "speaker": "speaker2",
          "personaID": "22447",
          "participantID": "3055",
          "utterance": "저도 마음이 조마조마해서 너무 괴로웠어요. 한두번도 아니고 너무 심하네요",
          "summary": "나는 지각할까 봐 마음이 조마조마했다",
          "date": "2022-11-14",
          "time": "09:16:18",
          "terminate": "false"
        },
        {
          "speaker": "speaker1",
          "personaID": "11204",
          "participantID": "3488",
          "utterance": "맞아요ㅠㅠ 지하철을 이용하는 시민들이 장애인 분들을 위한 직접적인 도움을 줄 수 있는게 아닌데…대상을 잘못 정한게 아닐까 하는 생각이 드네요ㅠㅠ",
          "summary": "",
          "date": "2022-11-14",
          "time": "15:40:29",
          "terminate": "false"
        },
        {
          "speaker": "speaker2",
          "personaID": "22447",
          "participantID": "3055",
          "utterance": "맞아요 아침마다 핸드폰으로 바로 확인하는일이 시위있나 확인하는 일이에요.",
          "summary": "나는 아침마다 시위가 있는지 확인한다",
          "date": "2022-11-14",
          "time": "16:00:13",
          "terminate": "true"
        }
      ],
      "sessionPersonaSummary": {
        "speaker1": [
          "나는 지하철을 타고 학원에 간다",
          "나는 군자역에 있는 학원에 다닌다."
        ],
        "speaker2": [
          "나는 군자역에 가 본 적이 없다",
          "나도 장애인 시위 때 지하철에 있었다",
          "나는 지각할까 봐 마음이 조마조마했다",
          "나는 아침마다 시위가 있는지 확인한다"
        ]
      },
      "prevAggregatedpersonaSummary": {
        "speaker1": [
          "나는 10대 여자이다. 나의 어머니는 사회복지사이다.",
          "나는 봄을 좋아한다",
          "나는 통역가가 되는 것이 꿈이다"
        ],
        "speaker2": [
          "나는 새를 싫어하는 20대 여성이다.",
          "나는 비둘기가 더러운 느낌이어서 싫다",
          "나는 봄가을을 좋아한다",
          "나는 건설환경공학부를 전공 중이다.",
          "나는 취미로 비올라 연주를 한다."
        ]
      }
    }
  ]
}