{
  "FileInfo": {
    "filename": "K2-00422-CL41264-CP11584-09-08-S2.json",
    "sessionLevel": "2"
  },
  "participantsInfo": {
    "numberOfParticipants": "2",
    "speaker1": {
      "participantID": "0037",
      "gender": "여성",
      "age": "40대",
      "occupation": "기타",
      "bPlace": "부산/대구/울산/경상",
      "gPlace": "부산/대구/울산/경상",
      "rPlace": "부산/대구/울산/경상",
      "educationLevel": "대졸"
    },
    "speaker2": {
      "participantID": "2876",
      "gender": "여성",
      "age": "20대",
      "occupation": "자영업",
      "bPlace": "광주/전라/제주",
      "gPlace": "광주/전라/제주",
      "rPlace": "광주/전라/제주",
      "educationLevel": "대졸"
    }
  },
  "multisessionInfo": {
    "multisessionID": "2-00422"
  },
  "personaInfo": {
    "clInfo": {
      "personaID": "41264",
      "personaFeatures": [
        "나는 여자이다.",
        "나는 40대이다.",
        "나는 군무원이다",
        "나는 테니스를 싫어한다",
        "나는 소주를 좋아한다"
      ],
      "speakerType": "speaker1"
    },
    "cpInfo": {
      "personaID": "11584",
      "personaFeatures": [
        "나는 여자이다.",
        "나는 10대이다.",
        "나는 동생과 자주 다툰다",
        "나는 매우 게으르다",
        "나는 고양이 세 마리를 키운다"
      ],
      "speakerType": "speaker2"
    }
  },
  "topicInfo": {
    "topicID": "09-08",
    "topicType": "개인 및 관계>반려동물",
    "topicTitle": "임시보호"
  },
  "sessionInfo": [
    {
      "prevSessionID": null,
      "prevTimeInfo": {
        "timeNum": null,
        "timeUnit": null
      },
      "nthSession": "1",
      "numberOfUtterances": "15",
      "numberOfTurns": "7",
      "sessionID": "2-00422-1",
      "dialog": [
        {
          "speaker": "speaker1",
          "personaID": "41264",
          "participantID": "0037",
          "utterance": "안녕하세요. 저는 40대 여성이예요",
          "summary": "나는 40대 여자이다",
          "date": "2022-10-26",
          "time": "16:24:05",
          "terminate": "false"
        },
        {
          "speaker": "speaker2",
          "personaID": "11584",
          "participantID": "2876",
          "utterance": "안녕하세요~ 저는 10대 여자입니다!",
          "summary": "나는 10대 여자이다",
          "date": "2022-10-26",
          "time": "16:24:23",
          "terminate": "false"
        },
        {
          "speaker": "speaker1",
          "personaID": "41264",
          "participantID": "0037",
          "utterance": "저는 군무원입니다. 학생인가요?",
          "summary": "나는 군무원이다",
          "date": "2022-10-26",
          "time": "16:24:30",
          "terminate": "false"
        },
        {
          "speaker": "speaker2",
          "personaID": "11584",
          "participantID": "2876",
          "utterance": "네. 저는 고등학생이에요! 고등학교 다니고 있어요~",
          "summary": "나는 고등학생이다",
          "date": "2022-10-26",
          "time": "16:25:13",
          "terminate": "false"
        },
        {
          "speaker": "speaker1",
          "personaID": "41264",
          "participantID": "0037",
          "utterance": "그렇군요. 저는 바쁜일을 끝내고 퇴근준비 하고 있어요. 학교 수업은 끝났나요?",
          "summary": "나는 퇴근 준비를 한다",
          "date": "2022-10-26",
          "time": "16:25:44",
          "terminate": "false"
        },
        {
          "speaker": "speaker2",
          "personaID": "11584",
          "participantID": "2876",
          "utterance": "네. 수업 끝나고 고양이들이랑 놀아주고 있어요~",
          "summary": "나는 수업이 끝나고 고양이들이랑 논다.",
          "date": "2022-10-26",
          "time": "16:26:14",
          "terminate": "false"
        },
        {
          "speaker": "speaker1",
          "personaID": "41264",
          "participantID": "0037",
          "utterance": "고양이를 키우나보네요? 키운지 오래 되었나요?",
          "summary": "",
          "date": "2022-10-26",
          "time": "16:26:35",
          "terminate": "false"
        },
        {
          "speaker": "speaker2",
          "personaID": "11584",
          "participantID": "2876",
          "utterance": "저 고양이 세 마리 키우고있어요! 어렸을 때부터 키웠어요ㅎㅎ",
          "summary": "나는 고양이 세 마리를 키운다",
          "date": "2022-10-26",
          "time": "16:26:52",
          "terminate": "false"
        },
        {
          "speaker": "speaker1",
          "personaID": "41264",
          "participantID": "0037",
          "utterance": "진짜 가족같겠네요! 저는 퇴근하고 운동을 가려고 하는데 동료가 테니스를 같이 치자고 하네요",
          "summary": "나는 퇴근을 하고 운동을 간다",
          "date": "2022-10-26",
          "time": "16:27:57",
          "terminate": "false"
        },
        {
          "speaker": "speaker2",
          "personaID": "11584",
          "participantID": "2876",
          "utterance": "저는 매우 게을러서 운동 꿈도 안꿨는데.. 님은 부지런 하시네요!",
          "summary": "나는 매우 게으르다",
          "date": "2022-10-26",
          "time": "16:28:22",
          "terminate": "false"
        },
        {
          "speaker": "speaker1",
          "personaID": "41264",
          "participantID": "0037",
          "utterance": "저는 부지런한편인거는 같아요. 저는 테니스를 싫어해서 거절하고 제가 원래 하려던 운동을 해야겠네요",
          "summary": "나는 테니스를 싫어한다",
          "date": "2022-10-26",
          "time": "16:29:22",
          "terminate": "false"
        },
        {
          "speaker": "speaker2",
          "personaID": "11584",
          "participantID": "2876",
          "utterance": "아 그럼 원래는 무슨 운동을 하세요?",
          "summary": "",
          "date": "2022-10-26",
          "time": "16:29:38",
          "terminate": "false"
        },
        {
          "speaker": "speaker1",
          "personaID": "41264",
          "participantID": "0037",
          "utterance": "오늘은 필라테스를 하려고 했어요. 원래 자주 하던 운동이었거든요",
          "summary": "나는 필라테스를 자주 한다",
          "date": "2022-10-26",
          "time": "16:30:43",
          "terminate": "false"
        },
        {
          "speaker": "speaker2",
          "personaID": "11584",
          "participantID": "2876",
          "utterance": "오.. 멋있으시네요! 저 엄마가 동생이랑 싸워서 부르네요ㅠㅠ 잠시 다녀올게요",
          "summary": "",
          "date": "2022-10-26",
          "time": "16:31:05",
          "terminate": "false"
        },
        {
          "speaker": "speaker1",
          "personaID": "41264",
          "participantID": "0037",
          "utterance": "네 그래요 그럼 다음에 또 대화해요",
          "summary": "",
          "date": "2022-10-26",
          "time": "16:31:41",
          "terminate": "true"
        }
      ],
      "sessionPersonaSummary": {
        "speaker1": [
          "나는 40대 여자이다",
          "나는 군무원이다",
          "나는 퇴근 준비를 한다",
          "나는 퇴근을 하고 운동을 간다",
          "나는 테니스를 싫어한다",
          "나는 필라테스를 자주 한다"
        ],
        "speaker2": [
          "나는 10대 여자이다",
          "나는 고등학생이다",
          "나는 수업이 끝나고 고양이들이랑 논다.",
          "나는 고양이 세 마리를 키운다",
          "나는 매우 게으르다"
        ]
      },
      "prevAggregatedpersonaSummary": {
        "speaker1": [],
        "speaker2": []
      }
    },
    {
      "prevSessionID": "2-00422-1",
      "prevTimeInfo": {
        "timeNum": "8",
        "timeUnit": "일"
      },
      "nthSession": "2",
      "numberOfUtterances": "15",
      "numberOfTurns": "7",
      "sessionID": "2-00422-2",
      "dialog": [
        {
          "speaker": "speaker1",
          "personaID": "41264",
          "participantID": "0037",
          "utterance": "안녕하세요! 8일만인거 같아요.잘 지냈나요? 고양이는 잘 있죠?",
          "summary": "",
          "date": "2022-10-26",
          "time": "16:34:03",
          "terminate": "false"
        },
        {
          "speaker": "speaker2",
          "personaID": "11584",
          "participantID": "2876",
          "utterance": "네! 오랜만이에요ㅎ 오늘도 고양이 놀아주고 있어요",
          "summary": "",
          "date": "2022-10-26",
          "time": "16:34:18",
          "terminate": "false"
        },
        {
          "speaker": "speaker1",
          "personaID": "41264",
          "participantID": "0037",
          "utterance": "그렇군요ㅎㅎ 저는 반려동물 임시보호소에 봉사활동을 왔어요",
          "summary": "나는 반려동물 임시 보호소에서 봉사활동을 한다",
          "date": "2022-10-26",
          "time": "16:35:44",
          "terminate": "false"
        },
        {
          "speaker": "speaker2",
          "personaID": "11584",
          "participantID": "2876",
          "utterance": "우와 임시 보호소 봉사활동도 하세요?",
          "summary": "",
          "date": "2022-10-26",
          "time": "16:36:33",
          "terminate": "false"
        },
        {
          "speaker": "speaker1",
          "personaID": "41264",
          "participantID": "0037",
          "utterance": "네 직장에서 같이 온거긴 하지만 보람이 있네요. 강아지와 고양이들을 보니까 안타까워요ㅠ",
          "summary": "나는 임시 보호된 강아지. 고양이가 안타깝다.",
          "date": "2022-10-26",
          "time": "16:37:14",
          "terminate": "false"
        },
        {
          "speaker": "speaker2",
          "personaID": "11584",
          "participantID": "2876",
          "utterance": "그럴 것 같아요. 마음도 아플 것 같네요ㅠㅠ",
          "summary": "",
          "date": "2022-10-26",
          "time": "16:37:34",
          "terminate": "false"
        },
        {
          "speaker": "speaker1",
          "personaID": "41264",
          "participantID": "0037",
          "utterance": "네 그래서 오늘 봉사활동 끝나면 술 한잔 해야겠네요",
          "summary": "나는 오늘 술 마실 예정이다",
          "date": "2022-10-26",
          "time": "16:38:41",
          "terminate": "false"
        },
        {
          "speaker": "speaker2",
          "personaID": "11584",
          "participantID": "2876",
          "utterance": "ㅠㅠ저도 어른이면 술 마시고 싶네요. 오늘도 동생이랑 싸웠어요",
          "summary": "나는 동생이랑 싸웠다",
          "date": "2022-10-26",
          "time": "16:39:01",
          "terminate": "false"
        },
        {
          "speaker": "speaker1",
          "personaID": "41264",
          "participantID": "0037",
          "utterance": "저는 소주를 좋아해요. 동생이랑 뭐 때문에 싸웠어요?",
          "summary": "나는 소주를 좋아한다",
          "date": "2022-10-26",
          "time": "16:39:34",
          "terminate": "false"
        },
        {
          "speaker": "speaker2",
          "personaID": "11584",
          "participantID": "2876",
          "utterance": "동생이랑 자주 다퉈요.. 오늘 안주는 뭔가요?",
          "summary": "",
          "date": "2022-10-26",
          "time": "16:39:51",
          "terminate": "false"
        },
        {
          "speaker": "speaker1",
          "personaID": "41264",
          "participantID": "0037",
          "utterance": "아직 안 정했어요. 그럼 집에서 쉬겠네요?",
          "summary": "",
          "date": "2022-10-26",
          "time": "16:40:08",
          "terminate": "false"
        },
        {
          "speaker": "speaker2",
          "personaID": "11584",
          "participantID": "2876",
          "utterance": "네. 오늘은 그냥 고양이들이랑 놀아야겠어요ㅎ",
          "summary": "",
          "date": "2022-10-26",
          "time": "16:41:33",
          "terminate": "false"
        },
        {
          "speaker": "speaker1",
          "personaID": "41264",
          "participantID": "0037",
          "utterance": "그럼 오늘 집에서 편안히 잘 쉬세요",
          "summary": "",
          "date": "2022-10-26",
          "time": "16:42:02",
          "terminate": "false"
        },
        {
          "speaker": "speaker2",
          "personaID": "11584",
          "participantID": "2876",
          "utterance": "네. 님도 봉사활동 열심하시고 푹 쉬세요~",
          "summary": "",
          "date": "2022-10-26",
          "time": "16:42:22",
          "terminate": "false"
        },
        {
          "speaker": "speaker1",
          "personaID": "41264",
          "participantID": "0037",
          "utterance": "네 그래요. 그럼 다음에 또 대화해요!",
          "summary": "",
          "date": "2022-10-26",
          "time": "16:42:33",
          "terminate": "true"
        }
      ],
      "sessionPersonaSummary": {
        "speaker1": [
          "나는 반려동물 임시 보호소에서 봉사활동을 한다",
          "나는 임시 보호된 강아지. 고양이가 안타깝다.",
          "나는 오늘 술 마실 예정이다",
          "나는 소주를 좋아한다"
        ],
        "speaker2": [
          "나는 동생이랑 싸웠다"
        ]
      },
      "prevAggregatedpersonaSummary": {
        "speaker1": [
          "나는 40대 여자이다",
          "나는 군무원이다",
          "나는 퇴근 준비를 한다",
          "나는 퇴근을 하고 운동을 간다",
          "나는 테니스를 싫어한다",
          "나는 필라테스를 자주 한다"
        ],
        "speaker2": [
          "나는 10대 여자이다",
          "나는 고등학생이다",
          "나는 수업이 끝나고 고양이들이랑 논다.",
          "나는 고양이 세 마리를 키운다",
          "나는 매우 게으르다"
        ]
      }
    }
  ]
}