{
  "FileInfo": {
    "filename": "K2-00494-CL32938-CP34011-16-12-S2.json",
    "sessionLevel": "2"
  },
  "participantsInfo": {
    "numberOfParticipants": "2",
    "speaker1": {
      "participantID": "0811",
      "gender": "남성",
      "age": "30대",
      "occupation": "교직",
      "bPlace": "부산/대구/울산/경상",
      "gPlace": "부산/대구/울산/경상",
      "rPlace": "부산/대구/울산/경상",
      "educationLevel": "대학원졸"
    },
    "speaker2": {
      "participantID": "0867",
      "gender": "여성",
      "age": "30대",
      "occupation": "주부",
      "bPlace": "서울/경기/인천",
      "gPlace": "서울/경기/인천",
      "rPlace": "서울/경기/인천",
      "educationLevel": "대졸"
    }
  },
  "multisessionInfo": {
    "multisessionID": "2-00494"
  },
  "personaInfo": {
    "clInfo": {
      "personaID": "32938",
      "personaFeatures": [
        "나는 남자이다.",
        "나는 30대이다.",
        "나는 체육교육과를 전공했다.",
        "나는 매일 자차로 출퇴근한다.",
        "나는 자신감이 넘친다.",
        "나는 앵무새를 키우고 싶다."
      ],
      "speakerType": "speaker1"
    },
    "cpInfo": {
      "personaID": "34011",
      "personaFeatures": [
        "나는 여자이다.",
        "나는 30대이다.",
        "나는 EDM 음악을 가끔 듣는다.",
        "나는 매일 자차로 출퇴근한다.",
        "나는 실외에서 승마하는 것을 싫어한다.",
        "나는 고슴도치를 키우고 싶다."
      ],
      "speakerType": "speaker2"
    }
  },
  "topicInfo": {
    "topicID": "16-12",
    "topicType": "미용과 건강>미용",
    "topicTitle": "탈모"
  },
  "sessionInfo": [
    {
      "prevSessionID": null,
      "prevTimeInfo": {
        "timeNum": null,
        "timeUnit": null
      },
      "nthSession": "1",
      "numberOfUtterances": "18",
      "numberOfTurns": "9",
      "sessionID": "2-00494-1",
      "dialog": [
        {
          "speaker": "speaker1",
          "personaID": "32938",
          "participantID": "0811",
          "utterance": "안녕하세요~^^ 저는 30대 남자입니다!",
          "summary": "나는 30대 남성이다.",
          "date": "2022-10-15",
          "time": "16:48:30",
          "terminate": "false"
        },
        {
          "speaker": "speaker2",
          "personaID": "34011",
          "participantID": "0867",
          "utterance": "네네 ^^ 안녕하세요~저는 30대 여자에요~",
          "summary": "나는 30대 여성이다.",
          "date": "2022-10-15",
          "time": "16:48:54",
          "terminate": "false"
        },
        {
          "speaker": "speaker1",
          "personaID": "32938",
          "participantID": "0811",
          "utterance": "오 반갑습니다~^^ 지금은 뭐하고 계셨어요?",
          "summary": "",
          "date": "2022-10-15",
          "time": "16:49:53",
          "terminate": "false"
        },
        {
          "speaker": "speaker2",
          "personaID": "34011",
          "participantID": "0867",
          "utterance": "저는 지금 막 출근했어요~ㅎ 그쪽은 뭐해요?",
          "summary": "",
          "date": "2022-10-15",
          "time": "16:50:09",
          "terminate": "false"
        },
        {
          "speaker": "speaker1",
          "personaID": "32938",
          "participantID": "0811",
          "utterance": "저도 조금전에 출근했습니다~ㅎ 뭐타고 출근하세요?",
          "summary": "",
          "date": "2022-10-15",
          "time": "16:50:26",
          "terminate": "false"
        },
        {
          "speaker": "speaker2",
          "personaID": "34011",
          "participantID": "0867",
          "utterance": "저는 매일 자차로 출퇴근해요~ㅎ 자차가 편해서..",
          "summary": "나는 매일 자차로 출퇴근한다.",
          "date": "2022-10-15",
          "time": "16:50:38",
          "terminate": "false"
        },
        {
          "speaker": "speaker1",
          "personaID": "32938",
          "participantID": "0811",
          "utterance": "그러시구나~ㅎ 저도 마찬가지에요..ㅋㅋ 매일 자차로 출퇴근해요.",
          "summary": "나는 매일 자차로 출퇴근한다.",
          "date": "2022-10-15",
          "time": "16:50:55",
          "terminate": "false"
        },
        {
          "speaker": "speaker2",
          "personaID": "34011",
          "participantID": "0867",
          "utterance": "매일 차를 타다보니까 대중교통은 불편하더라고요.",
          "summary": "나는 대중교통이 불편하다.",
          "date": "2022-10-15",
          "time": "16:51:35",
          "terminate": "false"
        },
        {
          "speaker": "speaker1",
          "personaID": "32938",
          "participantID": "0811",
          "utterance": "네네 맞아요..ㅋㅋ 무슨 일을 하고 계신가요?",
          "summary": "",
          "date": "2022-10-15",
          "time": "16:51:52",
          "terminate": "false"
        },
        {
          "speaker": "speaker2",
          "personaID": "34011",
          "participantID": "0867",
          "utterance": "저는 그냥 스트레스많은 평범한 직장인이에요~",
          "summary": "나는 직장인이다.",
          "date": "2022-10-15",
          "time": "16:52:14",
          "terminate": "false"
        },
        {
          "speaker": "speaker1",
          "personaID": "32938",
          "participantID": "0811",
          "utterance": "그렇군요~ ㅎㅎ 저는 체육교육과 전공해서 지금 중학교 체육교사에요.",
          "summary": "나는 체육교육과를 전공했고 체육교사이다.",
          "date": "2022-10-15",
          "time": "16:52:31",
          "terminate": "false"
        },
        {
          "speaker": "speaker2",
          "personaID": "34011",
          "participantID": "0867",
          "utterance": "오~ 체육선생님이구나..ㅋㅋ 나 학교다닐때 체육쌤은 무서웠는데.",
          "summary": "",
          "date": "2022-10-15",
          "time": "16:53:02",
          "terminate": "false"
        },
        {
          "speaker": "speaker1",
          "personaID": "32938",
          "participantID": "0811",
          "utterance": "그래요?ㅋㅋ 저는 그냥 서글서글한 성격이라..ㅋ.",
          "summary": "나는 서글서글하다.",
          "date": "2022-10-15",
          "time": "16:53:10",
          "terminate": "false"
        },
        {
          "speaker": "speaker2",
          "personaID": "34011",
          "participantID": "0867",
          "utterance": "좋네요~ ㅎ @이름1@이 많이 좋아하겠어요.",
          "summary": "",
          "date": "2022-10-15",
          "time": "16:53:22",
          "terminate": "false"
        },
        {
          "speaker": "speaker1",
          "personaID": "32938",
          "participantID": "0811",
          "utterance": "꼭 그렇지도 않아요..ㅋㅋ 회사에서 쉬엄쉬엄 농땡이 피면서 일하세요..ㅋㅋ.",
          "summary": "",
          "date": "2022-10-15",
          "time": "16:53:52",
          "terminate": "false"
        },
        {
          "speaker": "speaker2",
          "personaID": "34011",
          "participantID": "0867",
          "utterance": "그렇고 있어요..ㅋㅋ 가끔 EDM음악들으면서.. 일하는척..",
          "summary": "나는 EDM 음악을 가끔 듣는다.",
          "date": "2022-10-15",
          "time": "16:54:03",
          "terminate": "false"
        },
        {
          "speaker": "speaker1",
          "personaID": "32938",
          "participantID": "0811",
          "utterance": "잘하고 계시네요..ㅋㅋ 월급루팡 화이팅! 저는 일하러 갑니다!",
          "summary": "",
          "date": "2022-10-15",
          "time": "16:54:16",
          "terminate": "false"
        },
        {
          "speaker": "speaker2",
          "personaID": "34011",
          "participantID": "0867",
          "utterance": "네 저도 일하러 갈게요~ 또 연락해요~",
          "summary": "",
          "date": "2022-10-15",
          "time": "16:54:24",
          "terminate": "true"
        }
      ],
      "sessionPersonaSummary": {
        "speaker1": [
          "나는 30대 남성이다.",
          "나는 매일 자차로 출퇴근한다.",
          "나는 체육교육과를 전공했고 체육교사이다.",
          "나는 서글서글하다."
        ],
        "speaker2": [
          "나는 30대 여성이다.",
          "나는 매일 자차로 출퇴근한다.",
          "나는 대중교통이 불편하다.",
          "나는 직장인이다.",
          "나는 EDM 음악을 가끔 듣는다."
        ]
      },
      "prevAggregatedpersonaSummary": {
        "speaker1": [],
        "speaker2": []
      }
    },
    {
      "prevSessionID": "2-00494-1",
      "prevTimeInfo": {
        "timeNum": "3",
        "timeUnit": "시간"
      },
      "nthSession": "2",
      "numberOfUtterances": "18",
      "numberOfTurns": "9",
      "sessionID": "2-00494-2",
      "dialog": [
        {
          "speaker": "speaker1",
          "personaID": "32938",
          "participantID": "0811",
          "utterance": "저는 좀 아까 일 다하고 쉬고있어요~ 뭐하고 계세요?",
          "summary": "",
          "date": "2022-10-15",
          "time": "16:54:58",
          "terminate": "false"
        },
        {
          "speaker": "speaker2",
          "personaID": "34011",
          "participantID": "0867",
          "utterance": "저는 월급루팡중입니다~ㅋ 아 근데 요즘 자차로 출퇴근하려니 기름값이 무섭네요.",
          "summary": "",
          "date": "2022-10-15",
          "time": "16:55:22",
          "terminate": "false"
        },
        {
          "speaker": "speaker1",
          "personaID": "32938",
          "participantID": "0811",
          "utterance": "맞아요.. 기름값이 너무 올랐죠.. 힘내십쇼..ㅜㅜ.",
          "summary": "",
          "date": "2022-10-15",
          "time": "16:55:43",
          "terminate": "false"
        },
        {
          "speaker": "speaker2",
          "personaID": "34011",
          "participantID": "0867",
          "utterance": "네.. 진짜 여러가지로 스트레스라 요즘 탈모가 조금 있는것 같아요.",
          "summary": "나는 탈모가 조금 있다.",
          "date": "2022-10-15",
          "time": "16:55:54",
          "terminate": "false"
        },
        {
          "speaker": "speaker1",
          "personaID": "32938",
          "participantID": "0811",
          "utterance": "헉.. 여성분이 탈모라니.. 너무 스트레스겠다.. 그거에 또 스트레스받으면 더 나빠져요~",
          "summary": "",
          "date": "2022-10-15",
          "time": "16:56:15",
          "terminate": "false"
        },
        {
          "speaker": "speaker2",
          "personaID": "34011",
          "participantID": "0867",
          "utterance": "아.. 스트레스를 뭘로풀지.. 실내승마나 하러갈까..",
          "summary": "",
          "date": "2022-10-15",
          "time": "16:56:27",
          "terminate": "false"
        },
        {
          "speaker": "speaker1",
          "personaID": "32938",
          "participantID": "0811",
          "utterance": "아 승마도 하세요? 대박.. 승마는 야외가 좋지않아요?",
          "summary": "",
          "date": "2022-10-15",
          "time": "16:56:38",
          "terminate": "false"
        },
        {
          "speaker": "speaker2",
          "personaID": "34011",
          "participantID": "0867",
          "utterance": "실외승마는 뭔가 좀 싫더라고요~ㅎ 실내가 편해요..",
          "summary": "나는 실외에서 승마하는 것을 싫어한다.",
          "date": "2022-10-15",
          "time": "16:56:50",
          "terminate": "false"
        },
        {
          "speaker": "speaker1",
          "personaID": "32938",
          "participantID": "0811",
          "utterance": "그렇구나~ 좋아하는거 하시면서 스트레스 푸세요~",
          "summary": "",
          "date": "2022-10-15",
          "time": "16:57:03",
          "terminate": "false"
        },
        {
          "speaker": "speaker2",
          "personaID": "34011",
          "participantID": "0867",
          "utterance": "체육교사는 할만합니까~? 이제 30대 이신데.",
          "summary": "",
          "date": "2022-10-15",
          "time": "16:57:14",
          "terminate": "false"
        },
        {
          "speaker": "speaker1",
          "personaID": "32938",
          "participantID": "0811",
          "utterance": "아 괜찮습니다..ㅋㅋ 평소 관리를해서.. 자신감 넘쳐요!",
          "summary": "나는 자신감이 넘친다.",
          "date": "2022-10-15",
          "time": "16:57:26",
          "terminate": "false"
        },
        {
          "speaker": "speaker2",
          "personaID": "34011",
          "participantID": "0867",
          "utterance": "오.. 자기관리 철저한 남자라니..멋있네요 ㅎ.",
          "summary": "",
          "date": "2022-10-15",
          "time": "16:57:39",
          "terminate": "false"
        },
        {
          "speaker": "speaker1",
          "personaID": "32938",
          "participantID": "0811",
          "utterance": "동물 좋아하세요? 저는 앵무새 키우고싶은데 요즘.",
          "summary": "나는 앵무새를 키우고 싶다.",
          "date": "2022-10-15",
          "time": "16:57:47",
          "terminate": "false"
        },
        {
          "speaker": "speaker2",
          "personaID": "34011",
          "participantID": "0867",
          "utterance": "네 그럼요 ㅎㅎ 저는 고슴도치 키우고 있어요~",
          "summary": "나는 고슴도치를 키우고 싶다.",
          "date": "2022-10-15",
          "time": "16:57:58",
          "terminate": "false"
        },
        {
          "speaker": "speaker1",
          "personaID": "32938",
          "participantID": "0811",
          "utterance": "우왓.. 고슴도치..ㅋㅋ 찔리면 엄청 아프겠다..",
          "summary": "",
          "date": "2022-10-15",
          "time": "16:58:11",
          "terminate": "false"
        },
        {
          "speaker": "speaker2",
          "personaID": "34011",
          "participantID": "0867",
          "utterance": "네 맞아요..ㅋㅋ 한번 찔려봤는데 엄청 아프더라고요.. 이제 밥먹으러가야겠어요.",
          "summary": "",
          "date": "2022-10-15",
          "time": "16:58:28",
          "terminate": "false"
        },
        {
          "speaker": "speaker1",
          "personaID": "32938",
          "participantID": "0811",
          "utterance": "네 그래요~ 식사 맛있게 드시고~ 또 연락할게요.",
          "summary": "",
          "date": "2022-10-15",
          "time": "16:58:34",
          "terminate": "false"
        },
        {
          "speaker": "speaker2",
          "personaID": "34011",
          "participantID": "0867",
          "utterance": "네 감사합니다^^ 식사 챙겨드세요~ 바이바이!",
          "summary": "",
          "date": "2022-10-15",
          "time": "16:58:48",
          "terminate": "true"
        }
      ],
      "sessionPersonaSummary": {
        "speaker1": [
          "나는 자신감이 넘친다.",
          "나는 앵무새를 키우고 싶다."
        ],
        "speaker2": [
          "나는 탈모가 조금 있다.",
          "나는 실외에서 승마하는 것을 싫어한다.",
          "나는 고슴도치를 키우고 싶다."
        ]
      },
      "prevAggregatedpersonaSummary": {
        "speaker1": [
          "나는 30대 남성이다.",
          "나는 매일 자차로 출퇴근한다.",
          "나는 체육교육과를 전공했고 체육교사이다.",
          "나는 서글서글하다."
        ],
        "speaker2": [
          "나는 30대 여성이다.",
          "나는 매일 자차로 출퇴근한다.",
          "나는 대중교통이 불편하다.",
          "나는 직장인이다.",
          "나는 EDM 음악을 가끔 듣는다."
        ]
      }
    }
  ]
}