{
  "FileInfo": {
    "filename": "K2-00456-CL31852-CP32604-19-03-S2.json",
    "sessionLevel": "2"
  },
  "participantsInfo": {
    "numberOfParticipants": "2",
    "speaker1": {
      "participantID": "0694",
      "gender": "여성",
      "age": "30대",
      "occupation": "자영업",
      "bPlace": "서울/경기/인천",
      "gPlace": "서울/경기/인천",
      "rPlace": "서울/경기/인천",
      "educationLevel": "대졸"
    },
    "speaker2": {
      "participantID": "0693",
      "gender": "여성",
      "age": "30대",
      "occupation": "주부",
      "bPlace": "서울/경기/인천",
      "gPlace": "서울/경기/인천",
      "rPlace": "서울/경기/인천",
      "educationLevel": "대졸"
    }
  },
  "multisessionInfo": {
    "multisessionID": "2-00456"
  },
  "personaInfo": {
    "clInfo": {
      "personaID": "31852",
      "personaFeatures": [
        "나는 여자이다.",
        "나는 30대이다.",
        "나는 동료와 협력한다.",
        "나는 매일 평온하다.",
        "나는 배를 안 먹는다."
      ],
      "speakerType": "speaker1"
    },
    "cpInfo": {
      "personaID": "32604",
      "personaFeatures": [
        "나는 여자이다.",
        "나는 30대이다.",
        "나는 컴퓨터 하드웨어 기술자이다.",
        "나는 동물을 키우고 싶다.",
        "나는 록 음악을 자주 듣는다."
      ],
      "speakerType": "speaker2"
    }
  },
  "topicInfo": {
    "topicID": "19-03",
    "topicType": "예술문화 생활>방송/연예",
    "topicTitle": "예능"
  },
  "sessionInfo": [
    {
      "prevSessionID": null,
      "prevTimeInfo": {
        "timeNum": null,
        "timeUnit": null
      },
      "nthSession": "1",
      "numberOfUtterances": "14",
      "numberOfTurns": "7",
      "sessionID": "2-00456-1",
      "dialog": [
        {
          "speaker": "speaker1",
          "personaID": "31852",
          "participantID": "0694",
          "utterance": "안녕하신가요? 저는 30대 여자입니다. 그쪽은 나이가 어떻게 되시나요? ㅎㅎ.",
          "summary": "나는 30대 여자이다.",
          "date": "2022-09-30",
          "time": "11:02:44",
          "terminate": "false"
        },
        {
          "speaker": "speaker2",
          "personaID": "32604",
          "participantID": "0693",
          "utterance": "또래에요! 저도 30대 여자거든요! 저는 컴퓨터 하드웨어 기술자로 일합니다.",
          "summary": "나는 30대 여자이다. 나는 컴퓨터 하드웨어 기술자이다.",
          "date": "2022-09-30",
          "time": "11:03:23",
          "terminate": "false"
        },
        {
          "speaker": "speaker1",
          "personaID": "31852",
          "participantID": "0694",
          "utterance": "저는 요즘 매일 평온해서 기분도 좋고 무엇보다 행복한 기분이 들어서 좋네요.",
          "summary": "나는 매일 평온하다.",
          "date": "2022-09-30",
          "time": "11:03:25",
          "terminate": "false"
        },
        {
          "speaker": "speaker2",
          "personaID": "32604",
          "participantID": "0693",
          "utterance": "매일 평온하다면 좋은 일이죠ㅎㅎ 무슨 행복한 일이 있으셨던 건가 보네요.",
          "summary": "",
          "date": "2022-09-30",
          "time": "11:03:55",
          "terminate": "false"
        },
        {
          "speaker": "speaker1",
          "personaID": "31852",
          "participantID": "0694",
          "utterance": "제가 하는 일이 잘 되기 때문입니다. 요즘은 동료와 협력하는 추세거든요 ㅎㅎ.",
          "summary": "나는 동료와 협력한다.",
          "date": "2022-09-30",
          "time": "11:03:56",
          "terminate": "false"
        },
        {
          "speaker": "speaker2",
          "personaID": "32604",
          "participantID": "0693",
          "utterance": "동료와 협력하는 일이 잘되면 그보다 좋은일이 없죠ㅎㅎ 저는 혼자 일하거든요.",
          "summary": "나는 혼자 일한다.",
          "date": "2022-09-30",
          "time": "11:04:18",
          "terminate": "false"
        },
        {
          "speaker": "speaker1",
          "personaID": "31852",
          "participantID": "0694",
          "utterance": "그렇습니다 ㅎㅎ 혼자 일하시면 많이 힘들지 않으신가요? 어려울 것 같아요 ㅠㅠ.",
          "summary": "나는 많이 힘들 것 같다.",
          "date": "2022-09-30",
          "time": "11:04:33",
          "terminate": "false"
        },
        {
          "speaker": "speaker2",
          "personaID": "32604",
          "participantID": "0693",
          "utterance": "출장이 좀 잦은 편인거 같긴해요ㅎㅎ 그래서 동물을 키우고 싶은데 어려워요.",
          "summary": "나는 동물을 키우고 싶다.",
          "date": "2022-09-30",
          "time": "11:04:51",
          "terminate": "false"
        },
        {
          "speaker": "speaker1",
          "personaID": "31852",
          "participantID": "0694",
          "utterance": "그렇군요 ㅠㅠ 그러면 그럴수 있죠 ㅠㅠ 그러면 어떤 동물을 키우고 싶나요?",
          "summary": "",
          "date": "2022-09-30",
          "time": "11:05:10",
          "terminate": "false"
        },
        {
          "speaker": "speaker2",
          "personaID": "32604",
          "participantID": "0693",
          "utterance": "강아지를 키워보고 싶은데, 혼자 살기 때문에 키우기 더 어려울거 같네요.",
          "summary": "나는 강아지를 키우고 싶다. 나는 혼자 살고 있다.",
          "date": "2022-09-30",
          "time": "11:05:24",
          "terminate": "false"
        },
        {
          "speaker": "speaker1",
          "personaID": "31852",
          "participantID": "0694",
          "utterance": "오~ 강아지 좋죠. 그런데 혼자 살면 아무래도 어디 가게 되면 맡겨야 합니다!",
          "summary": "나는 강아지가 좋다.",
          "date": "2022-09-30",
          "time": "11:05:35",
          "terminate": "false"
        },
        {
          "speaker": "speaker2",
          "personaID": "32604",
          "participantID": "0693",
          "utterance": "맞아요ㅠㅠ 그리고 한 마리만 키우면 혼자 있을때 외로울거 같기도 하구요.",
          "summary": "",
          "date": "2022-09-30",
          "time": "11:05:53",
          "terminate": "false"
        },
        {
          "speaker": "speaker1",
          "personaID": "31852",
          "participantID": "0694",
          "utterance": "맞습니다. 외로워하면 강아지가 일찍 죽을 수도 있어서 걱정이 되겠네요 ㅠㅠ.",
          "summary": "",
          "date": "2022-09-30",
          "time": "11:06:07",
          "terminate": "false"
        },
        {
          "speaker": "speaker2",
          "personaID": "32604",
          "participantID": "0693",
          "utterance": "그러니까요ㅠㅠ 그래서 그냥 포기하고 있어요. 나중에 기회가 있겠죠.",
          "summary": "나는 동물 키우는 것을 포기하고 있다.",
          "date": "2022-09-30",
          "time": "11:06:22",
          "terminate": "true"
        }
      ],
      "sessionPersonaSummary": {
        "speaker1": [
          "나는 30대 여자이다.",
          "나는 매일 평온하다.",
          "나는 동료와 협력한다.",
          "나는 많이 힘들 것 같다.",
          "나는 강아지가 좋다."
        ],
        "speaker2": [
          "나는 30대 여자이다. 나는 컴퓨터 하드웨어 기술자이다.",
          "나는 혼자 일한다.",
          "나는 동물을 키우고 싶다.",
          "나는 강아지를 키우고 싶다. 나는 혼자 살고 있다.",
          "나는 동물 키우는 것을 포기하고 있다."
        ]
      },
      "prevAggregatedpersonaSummary": {
        "speaker1": [],
        "speaker2": []
      }
    },
    {
      "prevSessionID": "2-00456-1",
      "prevTimeInfo": {
        "timeNum": "2",
        "timeUnit": "일"
      },
      "nthSession": "2",
      "numberOfUtterances": "14",
      "numberOfTurns": "7",
      "sessionID": "2-00456-2",
      "dialog": [
        {
          "speaker": "speaker1",
          "personaID": "31852",
          "participantID": "0694",
          "utterance": "날짜가 이틀이 지났네요. 저는 오늘도 회사에서 일을 하고 있습니다 ㅎㅎ.",
          "summary": "나는 회사에서 일을 하고 있다.",
          "date": "2022-09-30",
          "time": "11:06:23",
          "terminate": "false"
        },
        {
          "speaker": "speaker2",
          "personaID": "32604",
          "participantID": "0693",
          "utterance": "오늘도 동료와 협력해서 일을 하시나요? 항상 협력하는게 부럽더라구요.",
          "summary": "나는 항상 협력해서 일하는 게 부럽다.",
          "date": "2022-09-30",
          "time": "11:06:43",
          "terminate": "false"
        },
        {
          "speaker": "speaker1",
          "personaID": "31852",
          "participantID": "0694",
          "utterance": "협력은 잘 되고 있습니다. 그런데 오늘 동료가 마음에 안 드는 행동을 했네요.",
          "summary": "나의 동료는 마음에 들지 않는 행동을 했다.",
          "date": "2022-09-30",
          "time": "11:06:54",
          "terminate": "false"
        },
        {
          "speaker": "speaker2",
          "personaID": "32604",
          "participantID": "0693",
          "utterance": "마음에 안드는 행동이라니 어떤 일인지 매우 궁금하네요.",
          "summary": "",
          "date": "2022-09-30",
          "time": "11:07:22",
          "terminate": "false"
        },
        {
          "speaker": "speaker1",
          "personaID": "31852",
          "participantID": "0694",
          "utterance": "저는 배를 안 먹는다고 말했는데, 그 이후에 장난식으로 배 먹자고 합니다.",
          "summary": "나는 배를 안 먹는다.",
          "date": "2022-09-30",
          "time": "11:07:22",
          "terminate": "false"
        },
        {
          "speaker": "speaker2",
          "personaID": "32604",
          "participantID": "0693",
          "utterance": "안 드시는 음식인데 왜 계속 먹자고 하나요. 그런 장난치는 사람들은 참 이상한거 같아요.",
          "summary": "나는 참 이상한 거 같다.",
          "date": "2022-09-30",
          "time": "11:07:42",
          "terminate": "false"
        },
        {
          "speaker": "speaker1",
          "personaID": "31852",
          "participantID": "0694",
          "utterance": "그러니까요. 저도 이해가 안 가서 하루하루 스트레스가 쌓여갑니다 ㅠㅠ.",
          "summary": "나는 하루하루 스트레스가 쌓인다.",
          "date": "2022-09-30",
          "time": "11:07:52",
          "terminate": "false"
        },
        {
          "speaker": "speaker2",
          "personaID": "32604",
          "participantID": "0693",
          "utterance": "협력하는 동료라서 뭐 화를 내기도 그렇겠네요ㅠㅠ 취미라도 있어야 하겠네요.",
          "summary": "",
          "date": "2022-09-30",
          "time": "11:08:19",
          "terminate": "false"
        },
        {
          "speaker": "speaker1",
          "personaID": "31852",
          "participantID": "0694",
          "utterance": "그러게요.. 저는 요즘 생각하고 있는게 하나 있는데, 이게 괜찮을지 모르겠어요.",
          "summary": "나는 생각하는 게 하나 있다.",
          "date": "2022-09-30",
          "time": "11:08:34",
          "terminate": "false"
        },
        {
          "speaker": "speaker2",
          "personaID": "32604",
          "participantID": "0693",
          "utterance": "생각하는게 있으시면 바로 실천하세요! 어떤거 때문에 고민하시나요ㅠㅠ.",
          "summary": "나는 생각하는 게 있다는 실천 하자고 한다.",
          "date": "2022-09-30",
          "time": "11:08:53",
          "terminate": "false"
        },
        {
          "speaker": "speaker1",
          "personaID": "31852",
          "participantID": "0694",
          "utterance": "TV 예능 같은 것을 보면 재밌어서 웃게 되던데, 그걸 보면 괜찮지 않을까요?",
          "summary": "나는 TV 예능을 보고 웃는다.",
          "date": "2022-09-30",
          "time": "11:08:56",
          "terminate": "false"
        },
        {
          "speaker": "speaker2",
          "personaID": "32604",
          "participantID": "0693",
          "utterance": "그런것도 괜찮은거 같아요! 저는 음악을 많이 들어서 록 음악을 자주 듣거든요.",
          "summary": "",
          "date": "2022-09-30",
          "time": "11:09:09",
          "terminate": "false"
        },
        {
          "speaker": "speaker1",
          "personaID": "31852",
          "participantID": "0694",
          "utterance": "그렇군요! 덕분에 좋은 조언이 되었습니다. 앞으로도 하드웨어 기술일 열심히 하세요!",
          "summary": "",
          "date": "2022-09-30",
          "time": "11:09:26",
          "terminate": "false"
        },
        {
          "speaker": "speaker2",
          "personaID": "32604",
          "participantID": "0693",
          "utterance": "네 감사합니다ㅎㅎ 님도 스트레스 받지 않고 일하시면 좋겠습니다.",
          "summary": "",
          "date": "2022-09-30",
          "time": "11:09:56",
          "terminate": "true"
        }
      ],
      "sessionPersonaSummary": {
        "speaker1": [
          "나는 회사에서 일을 하고 있다.",
          "나의 동료는 마음에 들지 않는 행동을 했다.",
          "나는 배를 안 먹는다.",
          "나는 하루하루 스트레스가 쌓인다.",
          "나는 생각하는 게 하나 있다.",
          "나는 TV 예능을 보고 웃는다."
        ],
        "speaker2": [
          "나는 항상 협력해서 일하는 게 부럽다.",
          "나는 참 이상한 거 같다.",
          "나는 생각하는 게 있다는 실천 하자고 한다."
        ]
      },
      "prevAggregatedpersonaSummary": {
        "speaker1": [
          "나는 30대 여자이다.",
          "나는 매일 평온하다.",
          "나는 동료와 협력한다.",
          "나는 많이 힘들 것 같다.",
          "나는 강아지가 좋다."
        ],
        "speaker2": [
          "나는 30대 여자이다. 나는 컴퓨터 하드웨어 기술자이다.",
          "나는 혼자 일한다.",
          "나는 동물을 키우고 싶다.",
          "나는 강아지를 키우고 싶다. 나는 혼자 살고 있다.",
          "나는 동물 키우는 것을 포기하고 있다."
        ]
      }
    }
  ]
}