{
  "FileInfo": {
    "filename": "K2-00218-CL03995-CP04336-17-12-S2.json",
    "sessionLevel": "2"
  },
  "participantsInfo": {
    "numberOfParticipants": "2",
    "speaker1": {
      "participantID": "0065",
      "gender": "여성",
      "age": "40대",
      "occupation": "서비스직",
      "bPlace": "서울/경기/인천",
      "gPlace": "서울/경기/인천",
      "rPlace": "서울/경기/인천",
      "educationLevel": "대졸"
    },
    "speaker2": {
      "participantID": "0059",
      "gender": "남성",
      "age": "50대",
      "occupation": "무직",
      "bPlace": "부산/대구/울산/경상",
      "gPlace": "부산/대구/울산/경상",
      "rPlace": "부산/대구/울산/경상",
      "educationLevel": "대졸"
    }
  },
  "multisessionInfo": {
    "multisessionID": "2-00218"
  },
  "personaInfo": {
    "clInfo": {
      "personaID": "03995",
      "personaFeatures": [
        "나는 여자이다.",
        "나는 40대이다.",
        "나의 거주지는 경상도이다.",
        "나는 컨트리 음악을 싫어한다.",
        "나는 매운탕을 즐겨 먹는다."
      ],
      "speakerType": "speaker1"
    },
    "cpInfo": {
      "personaID": "04336",
      "personaFeatures": [
        "나는 남자이다.",
        "나는 50대이다.",
        "나는 종교가 없다.",
        "나는 블루스 음악을 좋아한다.",
        "나는 오전에 책을 읽는다."
      ],
      "speakerType": "speaker2"
    }
  },
  "topicInfo": {
    "topicID": "17-12",
    "topicType": "미용과 건강>건강",
    "topicTitle": "한약"
  },
  "sessionInfo": [
    {
      "prevSessionID": null,
      "prevTimeInfo": {
        "timeNum": null,
        "timeUnit": null
      },
      "nthSession": "1",
      "numberOfUtterances": "16",
      "numberOfTurns": "8",
      "sessionID": "2-00218-1",
      "dialog": [
        {
          "speaker": "speaker1",
          "personaID": "03995",
          "participantID": "0065",
          "utterance": "안녕하세요~ 저는 40대 여자입니다 하영씨 소개로 연락드려요~",
          "summary": "나는 40대 여성이다.",
          "date": "2022-08-10",
          "time": "02:45:29",
          "terminate": "false"
        },
        {
          "speaker": "speaker2",
          "personaID": "04336",
          "participantID": "0059",
          "utterance": "네 반갑습니다 전 50대 남자입니다.",
          "summary": "나는 50대 남성이다.",
          "date": "2022-08-10",
          "time": "02:45:29",
          "terminate": "false"
        },
        {
          "speaker": "speaker1",
          "personaID": "03995",
          "participantID": "0065",
          "utterance": "독서 동아리 관심 있어서 연락드렸어요~혹시 따로 필요한게 있을까요?",
          "summary": "나는 독서 동아리에 관심이 있다.",
          "date": "2022-08-10",
          "time": "02:46:32",
          "terminate": "false"
        },
        {
          "speaker": "speaker2",
          "personaID": "04336",
          "participantID": "0059",
          "utterance": "아뇨 따로 조건은 없구 매주 금요 일 저녁에 모여서 감상 발표나 의견교환만 하면 돼요.",
          "summary": "나는 매주 금요 일에 모임이 있다.",
          "date": "2022-08-10",
          "time": "02:48:02",
          "terminate": "false"
        },
        {
          "speaker": "speaker1",
          "personaID": "03995",
          "participantID": "0065",
          "utterance": "그렇군요 주로 어떤 장르가 정해져 있나요?",
          "summary": "",
          "date": "2022-08-10",
          "time": "02:48:52",
          "terminate": "false"
        },
        {
          "speaker": "speaker2",
          "personaID": "04336",
          "participantID": "0059",
          "utterance": "특별히 정해진건 없고 매주 모임끝날때 쯤에 정하는 편이에요.",
          "summary": "",
          "date": "2022-08-10",
          "time": "02:51:12",
          "terminate": "false"
        },
        {
          "speaker": "speaker1",
          "personaID": "03995",
          "participantID": "0065",
          "utterance": "아 요즘 제가 건강에 관심이 많아져서 그쪽으로 많이 읽고있어서 여쭤봤어요ㅎ.",
          "summary": "나는 최근에 건강에 관심이 많다.",
          "date": "2022-08-10",
          "time": "02:52:27",
          "terminate": "false"
        },
        {
          "speaker": "speaker2",
          "personaID": "04336",
          "participantID": "0059",
          "utterance": "건강 좋죠 이번주 도서는 소설인데 좀있다 카톡으로 보내놓을게요 읽고 오시면 돼요.",
          "summary": "",
          "date": "2022-08-10",
          "time": "02:54:21",
          "terminate": "false"
        },
        {
          "speaker": "speaker1",
          "personaID": "03995",
          "participantID": "0065",
          "utterance": "네 알겠습니다~ 궁금한게 선생님은 독서 시간 정해놓고 읽으시나요?",
          "summary": "",
          "date": "2022-08-10",
          "time": "02:55:05",
          "terminate": "false"
        },
        {
          "speaker": "speaker2",
          "personaID": "04336",
          "participantID": "0059",
          "utterance": "음.. 주로 오전에 책을 읽는 편이죠?",
          "summary": "나는 주로 오전에 책을 읽는다.",
          "date": "2022-08-10",
          "time": "02:55:15",
          "terminate": "false"
        },
        {
          "speaker": "speaker1",
          "personaID": "03995",
          "participantID": "0065",
          "utterance": "아하 저는 자기전에 읽는편이라ㅎㅎ 조용하게 읽는게 좋아서요.",
          "summary": "나는 주로 자기 전에 책을 읽는다.",
          "date": "2022-08-10",
          "time": "02:55:33",
          "terminate": "false"
        },
        {
          "speaker": "speaker2",
          "personaID": "04336",
          "participantID": "0059",
          "utterance": "그건 저랑 다르시네요ㅎㅎ 전 블루스 음악 좋아해서 음악 들으면서 책 읽거든요.",
          "summary": "나는 블루스 음악을 좋아한다. 나는 책을 읽으면서 음악을 듣는다.",
          "date": "2022-08-10",
          "time": "02:57:28",
          "terminate": "false"
        },
        {
          "speaker": "speaker1",
          "personaID": "03995",
          "participantID": "0065",
          "utterance": "오 저도 컨트리음악은 싫어하는데 블루스 음악은 좋아해요~ 근데 전 여러가지 같이 못해서 책보면서는 못들어요.",
          "summary": "나는 컨트리음악을 싫어한다. 나는 블루스 음악을 좋아한다. 나는 여러 같이를 같이 못한다.",
          "date": "2022-08-10",
          "time": "02:58:04",
          "terminate": "false"
        },
        {
          "speaker": "speaker2",
          "personaID": "04336",
          "participantID": "0059",
          "utterance": "그럴 수 있죠 ㅎㅎ집중력이 좋은 편인거니 좋은게 아닐까요?",
          "summary": "",
          "date": "2022-08-10",
          "time": "02:58:14",
          "terminate": "false"
        },
        {
          "speaker": "speaker1",
          "personaID": "03995",
          "participantID": "0065",
          "utterance": "그런가요?ㅎㅎ 좋게 봐주셔서 감사합니다. 저는 친구랑 약속이 있어서 이만 가볼게요~",
          "summary": "",
          "date": "2022-08-10",
          "time": "02:58:44",
          "terminate": "false"
        },
        {
          "speaker": "speaker2",
          "personaID": "04336",
          "participantID": "0059",
          "utterance": "네 책은 카톡으로 전달 해 놓을게요~",
          "summary": "",
          "date": "2022-08-10",
          "time": "02:59:00",
          "terminate": "true"
        }
      ],
      "sessionPersonaSummary": {
        "speaker1": [
          "나는 40대 여성이다.",
          "나는 독서 동아리에 관심이 있다.",
          "나는 최근에 건강에 관심이 많다.",
          "나는 주로 자기 전에 책을 읽는다.",
          "나는 컨트리음악을 싫어한다. 나는 블루스 음악을 좋아한다. 나는 여러 같이를 같이 못한다."
        ],
        "speaker2": [
          "나는 50대 남성이다.",
          "나는 매주 금요 일에 모임이 있다.",
          "나는 주로 오전에 책을 읽는다.",
          "나는 블루스 음악을 좋아한다. 나는 책을 읽으면서 음악을 듣는다."
        ]
      },
      "prevAggregatedpersonaSummary": {
        "speaker1": [],
        "speaker2": []
      }
    },
    {
      "prevSessionID": "2-00218-1",
      "prevTimeInfo": {
        "timeNum": "4",
        "timeUnit": "일"
      },
      "nthSession": "2",
      "numberOfUtterances": "16",
      "numberOfTurns": "8",
      "sessionID": "2-00218-2",
      "dialog": [
        {
          "speaker": "speaker1",
          "personaID": "03995",
          "participantID": "0065",
          "utterance": "선생님 내 일 시간은 몇시까지 가면 되나요?",
          "summary": "",
          "date": "2022-08-10",
          "time": "02:59:32",
          "terminate": "false"
        },
        {
          "speaker": "speaker2",
          "personaID": "04336",
          "participantID": "0059",
          "utterance": "아 제가 시간을 말씀 안드렸구나! 특별한 일 없으면 7시30분까지 오시면 됩니다.",
          "summary": "",
          "date": "2022-08-10",
          "time": "02:59:59",
          "terminate": "false"
        },
        {
          "speaker": "speaker1",
          "personaID": "03995",
          "participantID": "0065",
          "utterance": "혹시 조금 늦을거 같으면 미리 말씀 드릴게요 퇴근 시간이라 차가 막힐 수 있어서 ..",
          "summary": "",
          "date": "2022-08-10",
          "time": "03:00:17",
          "terminate": "false"
        },
        {
          "speaker": "speaker2",
          "personaID": "04336",
          "participantID": "0059",
          "utterance": "늦으시면 미리 말씀주시고 자유롭게 들어 오시면 됩니다~",
          "summary": "",
          "date": "2022-08-10",
          "time": "03:03:23",
          "terminate": "false"
        },
        {
          "speaker": "speaker1",
          "personaID": "03995",
          "participantID": "0065",
          "utterance": "네~ 벌써 기대 되는걸요 ~ 경상도로 이사오고 처음 가는 모임이라.",
          "summary": "나는 경상도에 이사 왔다.",
          "date": "2022-08-10",
          "time": "03:03:51",
          "terminate": "false"
        },
        {
          "speaker": "speaker2",
          "personaID": "04336",
          "participantID": "0059",
          "utterance": "내 일 특별히 환영회 겸 회식 하려는데 혹시 매운탕 괜찮으세요 맛있는집이 있어서요.",
          "summary": "",
          "date": "2022-08-10",
          "time": "03:06:54",
          "terminate": "false"
        },
        {
          "speaker": "speaker1",
          "personaID": "03995",
          "participantID": "0065",
          "utterance": "저 매운탕 완전 좋아해서 자주먹어요 좋아요!",
          "summary": "나는 매운탕을 자주 먹는다.",
          "date": "2022-08-10",
          "time": "03:07:31",
          "terminate": "false"
        },
        {
          "speaker": "speaker2",
          "personaID": "04336",
          "participantID": "0059",
          "utterance": "저는 무교지만 모임에 한친구가 이집만 가면 하나님을 찾더라구요ㅎㅎ.",
          "summary": "나는 무교이다.",
          "date": "2022-08-10",
          "time": "03:08:18",
          "terminate": "false"
        },
        {
          "speaker": "speaker1",
          "personaID": "03995",
          "participantID": "0065",
          "utterance": "헉 벌써 침이 고이는걸요? 큰 일인데요 빨리 내 일이 왔으면 좋겠네요.",
          "summary": "",
          "date": "2022-08-10",
          "time": "03:08:44",
          "terminate": "false"
        },
        {
          "speaker": "speaker2",
          "personaID": "04336",
          "participantID": "0059",
          "utterance": "기대하셔도 좋습니다ㅎㅎ왠만한 보양식 보다 좋을거에요.",
          "summary": "",
          "date": "2022-08-10",
          "time": "03:09:17",
          "terminate": "false"
        },
        {
          "speaker": "speaker1",
          "personaID": "03995",
          "participantID": "0065",
          "utterance": "안그래도 몸이 허해서 한약 챙겨먹을까 고민중인데 잘됐어요.",
          "summary": "",
          "date": "2022-08-10",
          "time": "03:09:42",
          "terminate": "false"
        },
        {
          "speaker": "speaker2",
          "personaID": "04336",
          "participantID": "0059",
          "utterance": "한약도 아무대서나 막 먹으면 오히려 독이 될 수 있더라구요.",
          "summary": "",
          "date": "2022-08-10",
          "time": "03:10:09",
          "terminate": "false"
        },
        {
          "speaker": "speaker1",
          "personaID": "03995",
          "participantID": "0065",
          "utterance": "그쵸 저도 차이가 있나 싶었는데 부작용 오신분도 있고 해서 잘 알아보려구요.",
          "summary": "",
          "date": "2022-08-10",
          "time": "03:10:26",
          "terminate": "false"
        },
        {
          "speaker": "speaker2",
          "personaID": "04336",
          "participantID": "0059",
          "utterance": "모임에 한의사분도 계시니까 한번 여쭤보세요~",
          "summary": "모임에 한의사가 있다.",
          "date": "2022-08-10",
          "time": "03:10:41",
          "terminate": "false"
        },
        {
          "speaker": "speaker1",
          "personaID": "03995",
          "participantID": "0065",
          "utterance": "아 정말요? 내 일 정말 기대되는걸요 ㅎㅎ 전 그럼 일찍 자고 내 일 뵐게요~",
          "summary": "",
          "date": "2022-08-10",
          "time": "03:11:05",
          "terminate": "false"
        },
        {
          "speaker": "speaker2",
          "personaID": "04336",
          "participantID": "0059",
          "utterance": "네 안녕히 주무세요~ 내 일뵙겠습니다.",
          "summary": "",
          "date": "2022-08-10",
          "time": "03:11:14",
          "terminate": "true"
        }
      ],
      "sessionPersonaSummary": {
        "speaker1": [
          "나는 경상도에 이사 왔다.",
          "나는 매운탕을 자주 먹는다."
        ],
        "speaker2": [
          "나는 무교이다.",
          "모임에 한의사가 있다."
        ]
      },
      "prevAggregatedpersonaSummary": {
        "speaker1": [
          "나는 40대 여성이다.",
          "나는 독서 동아리에 관심이 있다.",
          "나는 최근에 건강에 관심이 많다.",
          "나는 주로 자기 전에 책을 읽는다.",
          "나는 컨트리음악을 싫어한다. 나는 블루스 음악을 좋아한다. 나는 여러 같이를 같이 못한다."
        ],
        "speaker2": [
          "나는 50대 남성이다.",
          "나는 매주 금요 일에 모임이 있다.",
          "나는 주로 오전에 책을 읽는다.",
          "나는 블루스 음악을 좋아한다. 나는 책을 읽으면서 음악을 듣는다."
        ]
      }
    }
  ]
}