{
  "FileInfo": {
    "filename": "K2-00383-CL21650-CP52175-11-06-S2.json",
    "sessionLevel": "2"
  },
  "participantsInfo": {
    "numberOfParticipants": "2",
    "speaker1": {
      "participantID": "4010",
      "gender": "여성",
      "age": "20대",
      "occupation": "사무직",
      "bPlace": "서울/경기/인천",
      "gPlace": "서울/경기/인천",
      "rPlace": "서울/경기/인천",
      "educationLevel": "대졸"
    },
    "speaker2": {
      "participantID": "3556",
      "gender": "여성",
      "age": "40대",
      "occupation": "주부",
      "bPlace": "서울/경기/인천",
      "gPlace": "서울/경기/인천",
      "rPlace": "서울/경기/인천",
      "educationLevel": "대졸"
    }
  },
  "multisessionInfo": {
    "multisessionID": "2-00383"
  },
  "personaInfo": {
    "clInfo": {
      "personaID": "21650",
      "personaFeatures": [
        "나는 여자이다.",
        "나는 20대이다.",
        "나는 햄스터 한 마리를 키운다",
        "나는 1년 전에 SNS를 시작했다",
        "나는 클라이밍을 가끔 한다"
      ],
      "speakerType": "speaker1"
    },
    "cpInfo": {
      "personaID": "52175",
      "personaFeatures": [
        "나는 여자이다.",
        "나는 50대이다.",
        "나는 종교가 없다",
        "내 인생에서 가장 슬펐던 때는 친구가 많이 아프다는 소식을 들었을 때이다",
        "나는 바람 부는 날을 싫어한다"
      ],
      "speakerType": "speaker2"
    }
  },
  "topicInfo": {
    "topicID": "11-06",
    "topicType": "여가와 오락>게임",
    "topicTitle": "가족게임"
  },
  "sessionInfo": [
    {
      "prevSessionID": null,
      "prevTimeInfo": {
        "timeNum": null,
        "timeUnit": null
      },
      "nthSession": "1",
      "numberOfUtterances": "15",
      "numberOfTurns": "7",
      "sessionID": "2-00383-1",
      "dialog": [
        {
          "speaker": "speaker1",
          "personaID": "21650",
          "participantID": "4010",
          "utterance": "안녕하세요 저는 20대 여자입니다,",
          "summary": "나는 20대 여자이다.",
          "date": "2022-10-28",
          "time": "18:28:53",
          "terminate": "false"
        },
        {
          "speaker": "speaker2",
          "personaID": "52175",
          "participantID": "3556",
          "utterance": "안녕하세요 저는 50대 여성입니다. ",
          "summary": "나는 50대 여성이다.",
          "date": "2022-10-28",
          "time": "18:29:14",
          "terminate": "false"
        },
        {
          "speaker": "speaker1",
          "personaID": "21650",
          "participantID": "4010",
          "utterance": "만나서 반가워요!! 애완동물 키우시나요!!?",
          "summary": "",
          "date": "2022-10-28",
          "time": "18:30:13",
          "terminate": "false"
        },
        {
          "speaker": "speaker2",
          "personaID": "52175",
          "participantID": "3556",
          "utterance": "아~아니요~저는 애완동물은 키우지 않고 있어요~ 저는 종교도 없고 주말이면 갈곳이 없어서 심심해서 애완동물을 키워볼까 생각은 했었어요. 키우시나요?",
          "summary": "나는 애완동물을 키우지 않고 종교도 없다.",
          "date": "2022-10-28",
          "time": "18:31:31",
          "terminate": "false"
        },
        {
          "speaker": "speaker1",
          "personaID": "21650",
          "participantID": "4010",
          "utterance": "네 저는 햄스터 한마리 키우고 있어요! 그럼 @이름@님은 취미가 무엇이신가요?",
          "summary": "나는 햄스터 한 마리 키우고 있다.",
          "date": "2022-10-28",
          "time": "18:33:29",
          "terminate": "false"
        },
        {
          "speaker": "speaker2",
          "personaID": "52175",
          "participantID": "3556",
          "utterance": "음 저는 산책하는 걸 좋아해요 그런데 바람 부는 날을 싫어해요. 산책에 방해가 되거든요.  특히나 제 인생에서 가장 슬펐던 때는 친구가 많이 아프다는 소식을 들었을 때인데 그때 유난히 바람이 많이 불었거든요. ",
          "summary": "나는 산책하는 걸 좋아하지만 바람 부는 날은 싫어한다. 내 인생에서 가장 슬펐던 때는 친구가 많이 아프다는 소식을 들었을 때이다.",
          "date": "2022-10-28",
          "time": "18:34:33",
          "terminate": "false"
        },
        {
          "speaker": "speaker1",
          "personaID": "21650",
          "participantID": "4010",
          "utterance": "아 저도 바람 부는 날은 별로인것 같아요 제 취미는 클라이밍이라 바람에 영향을 받거든요",
          "summary": "나는 취미로 클라이밍을 해서 바람 부는 날은 별로이다.",
          "date": "2022-10-28",
          "time": "18:36:56",
          "terminate": "false"
        },
        {
          "speaker": "speaker2",
          "personaID": "52175",
          "participantID": "3556",
          "utterance": "아~정말 멋지신데요 저도 기회가 되면 한번 도전해 보고 싶네요. 성취감도 클것 같아요. ",
          "summary": "",
          "date": "2022-10-28",
          "time": "18:37:40",
          "terminate": "false"
        },
        {
          "speaker": "speaker1",
          "personaID": "21650",
          "participantID": "4010",
          "utterance": "꼭 도전해보세요!! @브랜드명@ 하시나요?! 전 일년 전 부터 시작했는데 클라이밍 사진 많거든요 관심 있으시면 놀러오세요!",
          "summary": "나는 일 년 전부터 클라이밍 하는데 @브랜드명@에 사진이 많다.",
          "date": "2022-10-28",
          "time": "18:41:34",
          "terminate": "false"
        },
        {
          "speaker": "speaker2",
          "personaID": "52175",
          "participantID": "3556",
          "utterance": "아 제가@브랜드명@을 자주 하지는 않는데 기회가 되면 한번 보고 싶네요. 그런데 클라이밍은 꼭 해보고 싶네요. 운동도 되고 체력이 좋아질것 같아요. ",
          "summary": "나는 @브랜드명@을 자주 하지 않고 클라이밍을 꼭 해보고 싶다.",
          "date": "2022-10-28",
          "time": "18:43:33",
          "terminate": "false"
        },
        {
          "speaker": "speaker1",
          "personaID": "21650",
          "participantID": "4010",
          "utterance": "네 클라이밍 가끔 가는데 같이 가면 좋을것 같아요!",
          "summary": "나는 클라이밍 가끔 가는데 같이 가면 좋겠다.",
          "date": "2022-10-31",
          "time": "15:39:57",
          "terminate": "false"
        },
        {
          "speaker": "speaker2",
          "personaID": "52175",
          "participantID": "3556",
          "utterance": "네~좋은 취미를 가지고 계시네요. 건강에 좋은 운동이라 건강해지시겠어요..",
          "summary": "",
          "date": "2022-10-31",
          "time": "15:42:11",
          "terminate": "false"
        },
        {
          "speaker": "speaker1",
          "personaID": "21650",
          "participantID": "4010",
          "utterance": "네 @이름@님도 적절한 운동으로 체력 관리 잘 하셨으면 좋겠어요!",
          "summary": "",
          "date": "2022-10-31",
          "time": "15:45:09",
          "terminate": "false"
        },
        {
          "speaker": "speaker2",
          "personaID": "52175",
          "participantID": "3556",
          "utterance": "네~그래야죠. 건강관리 잘합시다. 산책이나 가봐야겠네요. 저는 이만 먼저 가볼께요.",
          "summary": "",
          "date": "2022-10-31",
          "time": "15:53:53",
          "terminate": "false"
        },
        {
          "speaker": "speaker1",
          "personaID": "21650",
          "participantID": "4010",
          "utterance": "네 안녕히가세요 또 연락 드리겠습니다.",
          "summary": "",
          "date": "2022-10-31",
          "time": "16:14:01",
          "terminate": "true"
        }
      ],
      "sessionPersonaSummary": {
        "speaker1": [
          "나는 20대 여자이다.",
          "나는 햄스터 한 마리 키우고 있다.",
          "나는 취미로 클라이밍을 해서 바람 부는 날은 별로이다.",
          "나는 일 년 전부터 클라이밍 하는데 @브랜드명@에 사진이 많다.",
          "나는 클라이밍 가끔 가는데 같이 가면 좋겠다."
        ],
        "speaker2": [
          "나는 50대 여성이다.",
          "나는 애완동물을 키우지 않고 종교도 없다.",
          "나는 산책하는 걸 좋아하지만 바람 부는 날은 싫어한다.",
          "내 인생에서 가장 슬펐던 때는 친구가 많이 아프다는 소식을 들었을 때이다.",
          "나는 @브랜드명@을 자주 하지 않고 클라이밍을 꼭 해보고 싶다."
        ]
      },
      "prevAggregatedpersonaSummary": {
        "speaker1": [],
        "speaker2": []
      }
    },
    {
      "prevSessionID": "2-00383-1",
      "prevTimeInfo": {
        "timeNum": "3",
        "timeUnit": "주"
      },
      "nthSession": "2",
      "numberOfUtterances": "15",
      "numberOfTurns": "7",
      "sessionID": "2-00383-2",
      "dialog": [
        {
          "speaker": "speaker1",
          "personaID": "21650",
          "participantID": "4010",
          "utterance": "안녕하세요 잘 지내셨나요? 벌써 3주나 지났네요!",
          "summary": "",
          "date": "2022-10-31",
          "time": "16:20:04",
          "terminate": "false"
        },
        {
          "speaker": "speaker2",
          "personaID": "52175",
          "participantID": "3556",
          "utterance": "안녕하세요 그러게요 벌써 3주나 지났어요. 잘지내셨나요? 저는 가족들과 캠핑도 다녀오고 캠핑장 가서 서로 게임도 하면서 즐겁게 보내다 왔네요.",
          "summary": " 나는 가족들과 캠핑을 가서 게임도 하고 즐겁게 지냈다.",
          "date": "2022-10-31",
          "time": "16:23:00",
          "terminate": "false"
        },
        {
          "speaker": "speaker1",
          "personaID": "21650",
          "participantID": "4010",
          "utterance": "우와 캠핑이요? 너무 좋으셨겠다~~ 날씨도 좋아서 더 좋았을 것 같아요  무슨 게임을 가족과 하셨나요?",
          "summary": "나는 캠핑이 너무 좋았을 것 같다.",
          "date": "2022-10-31",
          "time": "16:30:10",
          "terminate": "false"
        },
        {
          "speaker": "speaker2",
          "personaID": "52175",
          "participantID": "3556",
          "utterance": "아 저희는 마피아 게임을 했어요~보드게임도 가져가서 했구요. 캠핑가면 친구네도 같이가서 항상 마피아 게임을 하네요. 어찌나 웃기던지.",
          "summary": "나는 친구네 가족과 함께 캠핑에 가서 마피아 게임과 보드게임을 했다.",
          "date": "2022-10-31",
          "time": "17:51:42",
          "terminate": "false"
        },
        {
          "speaker": "speaker1",
          "personaID": "21650",
          "participantID": "4010",
          "utterance": "우와 여럿이서 마피아 게임하면 정말 재밌을 것 같아요 ~ 저도 가족끼리 모이면 마피아게임 제안 한번 해 봐야겠네요~",
          "summary": "나는 가족끼리 모이면 마피아 게임을 한번 해봐야겠다.",
          "date": "2022-11-01",
          "time": "11:53:03",
          "terminate": "false"
        },
        {
          "speaker": "speaker2",
          "personaID": "52175",
          "participantID": "3556",
          "utterance": "네~아이들이 더 좋아해서 안할 수가 없더라구요. 거짓말해서 얼굴에 티가 나는 사람도 있고 전혀 모르겠는 사람도 있고 게임을 하면서 가족들 성격도 볼 수 있고 좋더라구요.",
          "summary": "나는 마피아 게임을 하면 가족들의 성격을 볼 수 있어서 좋다",
          "date": "2022-11-01",
          "time": "11:56:07",
          "terminate": "false"
        },
        {
          "speaker": "speaker1",
          "personaID": "21650",
          "participantID": "4010",
          "utterance": "그렇겠네요 마피아 게임으로 인해서 가족끼리 더 친밀해질 수 있는 기회가 될 것 같아요 저도 꼭 마피아 게임 해 보고 싶네요",
          "summary": "",
          "date": "2022-11-01",
          "time": "11:57:45",
          "terminate": "false"
        },
        {
          "speaker": "speaker2",
          "personaID": "52175",
          "participantID": "3556",
          "utterance": "네~꼭 해보세요. 마피아게임도 했고 제로게임도 했어요. 역시 사람이 많을때 게임은 재미있더라구요. 뭔가 가족들의 승부욕이 대단하더라구요.",
          "summary": "나는 제로게임도 했다.",
          "date": "2022-11-01",
          "time": "12:00:29",
          "terminate": "false"
        },
        {
          "speaker": "speaker1",
          "personaID": "21650",
          "participantID": "4010",
          "utterance": "정말 즐거운 시간을 보내셨네요! 바람부는걸 싫어하신다고 하셨는데 캠핑때 바람은 많이 안불었나요?",
          "summary": "",
          "date": "2022-11-01",
          "time": "12:13:45",
          "terminate": "false"
        },
        {
          "speaker": "speaker2",
          "personaID": "52175",
          "participantID": "3556",
          "utterance": "네~다행이 바람 많이 안불었어요. 우중 캠핑하면 비바람 장난아니거든요. 어흑 우중캠핑은 다시 한번 생각해보게되네요. ",
          "summary": "나는 우중 캠핑은 좋아하지 않는다.",
          "date": "2022-11-01",
          "time": "12:21:19",
          "terminate": "false"
        },
        {
          "speaker": "speaker1",
          "personaID": "21650",
          "participantID": "4010",
          "utterance": "와 저도 친구가 캠핑갔을 때 비가 많이 와서 고생했다는 소리를 들었는데 비오면 정말 힘들 것 같아요~",
          "summary": "나는 친구가 캠핑 갔을 때 비가 많이 와서 고생했다는 소리를 들었는데 정말 힘들 것 같았다.",
          "date": "2022-11-01",
          "time": "12:22:40",
          "terminate": "false"
        },
        {
          "speaker": "speaker2",
          "personaID": "52175",
          "participantID": "3556",
          "utterance": "네~비오면 텐트 말리기도 힘들고 거동도 불편하고 잠잘때도 시끄럽고 그렇더라구요. 그래서 웬만하면 날씨 좋을때 가려고 해요. ",
          "summary": "나는 우중 캠핑은 텐트 말리기도 힘들고 잠잘 때도 시끄럽다고 생각한다.",
          "date": "2022-11-01",
          "time": "12:23:37",
          "terminate": "false"
        },
        {
          "speaker": "speaker1",
          "personaID": "21650",
          "participantID": "4010",
          "utterance": "네 캠핑은 꼭 날씨 좋은날 가는게 좋겠어요~",
          "summary": "",
          "date": "2022-11-01",
          "time": "12:50:29",
          "terminate": "false"
        },
        {
          "speaker": "speaker2",
          "personaID": "52175",
          "participantID": "3556",
          "utterance": "네~맞아요. 날씨 좋을때 부지런히 다녀야겠어요. 벌써 점심때가 되었네요. 저는 먼저 점심먹으러 가볼께요. 즐거운 식사되세요~",
          "summary": "나는 날씨 좋을 때 부지런히 캠핑을 다녀야겠다고 생각한다.",
          "date": "2022-11-01",
          "time": "12:52:51",
          "terminate": "false"
        },
        {
          "speaker": "speaker1",
          "personaID": "21650",
          "participantID": "4010",
          "utterance": "네 점심 맛있게 드세요 ~ 또 연락드릴게요",
          "summary": "",
          "date": "2022-11-01",
          "time": "12:57:13",
          "terminate": "true"
        }
      ],
      "sessionPersonaSummary": {
        "speaker1": [
          "나는 캠핑이 너무 좋았을 것 같다.",
          "나는 가족끼리 모이면 마피아 게임을 한번 해봐야겠다.",
          "나는 친구가 캠핑 갔을 때 비가 많이 와서 고생했다는 소리를 들었는데 정말 힘들 것 같았다."
        ],
        "speaker2": [
          "나는 가족들과 캠핑을 가서 게임도 하고 즐겁게 지냈다.",
          "나는 친구네 가족과 함께 캠핑에 가서 마피아 게임과 보드게임을 했다.",
          "나는 마피아 게임을 하면 가족들의 성격을 볼 수 있어서 좋다",
          "나는 제로게임도 했다.",
          "나는 우중 캠핑은 좋아하지 않는다.",
          "나는 우중 캠핑은 텐트 말리기도 힘들고 잠잘 때도 시끄럽다고 생각한다.",
          "나는 날씨 좋을 때 부지런히 캠핑을 다녀야겠다고 생각한다."
        ]
      },
      "prevAggregatedpersonaSummary": {
        "speaker1": [
          "나는 20대 여자이다.",
          "나는 햄스터 한 마리 키우고 있다.",
          "나는 취미로 클라이밍을 해서 바람 부는 날은 별로이다.",
          "나는 일 년 전부터 클라이밍 하는데 @브랜드명@에 사진이 많다.",
          "나는 클라이밍 가끔 가는데 같이 가면 좋겠다."
        ],
        "speaker2": [
          "나는 50대 여성이다.",
          "나는 애완동물을 키우지 않고 종교도 없다.",
          "나는 산책하는 걸 좋아하지만 바람 부는 날은 싫어한다.",
          "내 인생에서 가장 슬펐던 때는 친구가 많이 아프다는 소식을 들었을 때이다.",
          "나는 @브랜드명@을 자주 하지 않고 클라이밍을 꼭 해보고 싶다."
        ]
      }
    }
  ]
}