{
  "FileInfo": {
    "filename": "K2-00217-CL25790-CP61741-13-07-S2.json",
    "sessionLevel": "2"
  },
  "participantsInfo": {
    "numberOfParticipants": "2",
    "speaker1": {
      "participantID": "0216",
      "gender": "여성",
      "age": "30대",
      "occupation": "자영업",
      "bPlace": "서울/경기/인천",
      "gPlace": "서울/경기/인천",
      "rPlace": "서울/경기/인천",
      "educationLevel": "고졸"
    },
    "speaker2": {
      "participantID": "0269",
      "gender": "여성",
      "age": "50대",
      "occupation": "주부",
      "bPlace": "서울/경기/인천",
      "gPlace": "서울/경기/인천",
      "rPlace": "서울/경기/인천",
      "educationLevel": "고졸"
    }
  },
  "multisessionInfo": {
    "multisessionID": "2-00217"
  },
  "personaInfo": {
    "clInfo": {
      "personaID": "25790",
      "personaFeatures": [
        "나는 여자이다.",
        "나는 20대이다.",
        "나는 일주일에 한두 번 버스로 출퇴근을 한다",
        "나는 통계학이 부전공이다",
        "나는 판타지 영화를 싫어한다",
        "나는 와인을 좋아한다",
        "나는 요즘, 자주 외롭다"
      ],
      "speakerType": "speaker1"
    },
    "cpInfo": {
      "personaID": "61741",
      "personaFeatures": [
        "나는 여자이다.",
        "나는 60대 이상이다.",
        "나는 대학(2,3년)을 졸업했다",
        "나는 EDM 음악을 가끔 듣는다",
        "나는 초록색을 싫어한다"
      ],
      "speakerType": "speaker2"
    }
  },
  "topicInfo": {
    "topicID": "13-07",
    "topicType": "기후>계절/날씨",
    "topicTitle": "일기예보"
  },
  "sessionInfo": [
    {
      "prevSessionID": null,
      "prevTimeInfo": {
        "timeNum": null,
        "timeUnit": null
      },
      "nthSession": "1",
      "numberOfUtterances": "15",
      "numberOfTurns": "7",
      "sessionID": "2-00217-1",
      "dialog": [
        {
          "speaker": "speaker1",
          "personaID": "25790",
          "participantID": "0216",
          "utterance": "안녕하세요! 저는 20대 여성이에요!",
          "summary": "나는 20대 여자이다",
          "date": "2022-11-08",
          "time": "18:25:36",
          "terminate": "false"
        },
        {
          "speaker": "speaker2",
          "personaID": "61741",
          "participantID": "0269",
          "utterance": "안녕하세요! 저는 60대 여자에요. 반갑네요~~~",
          "summary": "나는 60대 여성이다.",
          "date": "2022-11-08",
          "time": "18:25:52",
          "terminate": "false"
        },
        {
          "speaker": "speaker1",
          "personaID": "25790",
          "participantID": "0216",
          "utterance": "그러시군요! 반가워요! ㅎㅎ 저는 통계학이 부전공이라 , 부전공을 살려 일을 하고 있습니다! ㅎㅎ 선생님은 일을 하시나요?",
          "summary": "나는 통계학이 부전공이다",
          "date": "2022-11-08",
          "time": "18:26:30",
          "terminate": "false"
        },
        {
          "speaker": "speaker2",
          "personaID": "61741",
          "participantID": "0269",
          "utterance": "저는 2년제 대학을 졸업하고 유치원을 운영했었어요. 지금은 주부로 있구요~",
          "summary": "나는 2년제 대학을 졸업했다. 나는 유치원을 운영했었다. 나는 지금 주부이다.",
          "date": "2022-11-08",
          "time": "18:27:02",
          "terminate": "false"
        },
        {
          "speaker": "speaker1",
          "personaID": "25790",
          "participantID": "0216",
          "utterance": "그렇군요! ㅎㅎ 지금은 은퇴하신거군요! ㅎㅎ 저는 일주일에 한두 번 버스로 출퇴근하는데, 오늘따라 막히네요 ㅜㅜ",
          "summary": "나는 일주일에 한두 번 버스로 출퇴근한다",
          "date": "2022-11-08",
          "time": "18:29:11",
          "terminate": "false"
        },
        {
          "speaker": "speaker2",
          "personaID": "61741",
          "participantID": "0269",
          "utterance": "출퇴근하느라 힘드시죠? 저는 집에서 운동을 하면서 가끔 EDM음악을 들으며해요~ 운동좀 하세요?",
          "summary": "나는 집에서 운동을 한다. 나는 가끔 edm음악을 듣는다.",
          "date": "2022-11-08",
          "time": "18:29:47",
          "terminate": "false"
        },
        {
          "speaker": "speaker1",
          "personaID": "25790",
          "participantID": "0216",
          "utterance": "오! edm음악이라니 신세대시네요! ㅎㅎ 운동은 잘 안해요 ㅠㅠ술먹기 바쁘네요 ㅜㅜ 제가 와인을 좋아하거든요! 와인 좋아하세요?",
          "summary": "나는 와인을 좋아한다",
          "date": "2022-11-08",
          "time": "18:30:35",
          "terminate": "false"
        },
        {
          "speaker": "speaker2",
          "personaID": "61741",
          "participantID": "0269",
          "utterance": "저는 와인보다 소주를 좋아하네요~ㅎㅎ. 저는 초록색을 싫어해서인지 여름보다 가을을 더 좋아해요~",
          "summary": "나는 소주를 좋아한다. 나는 초록색을 싫어한다. 나는 여름보다 가을을 더 좋아한다.",
          "date": "2022-11-08",
          "time": "18:31:24",
          "terminate": "false"
        },
        {
          "speaker": "speaker1",
          "personaID": "25790",
          "participantID": "0216",
          "utterance": "그렇군요! 하하 ㅎㅎㅎ 가을은 붉은느낌이에요! ㅎㅎ저는 판타지영화를 싫어하고 나머지 장르 영화는 다 보는데, 영화 좋아하시나요?",
          "summary": "나는 판타지 영화를 싫어한다",
          "date": "2022-11-08",
          "time": "18:32:36",
          "terminate": "false"
        },
        {
          "speaker": "speaker2",
          "personaID": "61741",
          "participantID": "0269",
          "utterance": "영화좋아해요~ 12월에 개봉하는 아바타가 정말 기다려져요~ 제가 좋아하는 영하거든요!!",
          "summary": "나는 12월에 개봉하는 아바타가 정말 기다려진다. 나는 영화를 좋아한다.",
          "date": "2022-11-08",
          "time": "18:33:15",
          "terminate": "false"
        },
        {
          "speaker": "speaker1",
          "personaID": "25790",
          "participantID": "0216",
          "utterance": "오! 12월에 아바타가 개봉하는군요! 몰랐어요! 저도 봐야겠네요! ㅎㅎ 저는 요즘 , 자주 외로워요 ㅜㅜ 혼자살거든요! 안외로우세요?",
          "summary": "나는 요즘 자주 외롭다",
          "date": "2022-11-08",
          "time": "18:34:16",
          "terminate": "false"
        },
        {
          "speaker": "speaker2",
          "personaID": "61741",
          "participantID": "0269",
          "utterance": "저도 가을을 타는지 쓸쓸하구 그러네요~ 저는 마음이 심란할때는 음악을 틀고 노래를 불러요~",
          "summary": "나는 가을을 타는지 쓸쓸하다. 나는 마음이 심란할 때는 음악을 틀고 노래를 부른다.",
          "date": "2022-11-08",
          "time": "18:35:34",
          "terminate": "false"
        },
        {
          "speaker": "speaker1",
          "personaID": "25790",
          "participantID": "0216",
          "utterance": "노래잘하시나봐요! ㅎㅎ 저는 오히려 발라드를 들어요! ㅎㅎㅎ 지금은 뭐하고 계세요?",
          "summary": "나는 발라드를 자주 듣는다",
          "date": "2022-11-08",
          "time": "18:36:34",
          "terminate": "false"
        },
        {
          "speaker": "speaker2",
          "personaID": "61741",
          "participantID": "0269",
          "utterance": "이제 정신좀 차리고 청소를 하려구요, 다음에 더 많은 이야기해요~",
          "summary": "나는 이제 정신 좀 차리고 청소를 하려 한다.",
          "date": "2022-11-08",
          "time": "18:37:07",
          "terminate": "false"
        },
        {
          "speaker": "speaker1",
          "personaID": "25790",
          "participantID": "0216",
          "utterance": "네! 청소 열심히 하세요! 저는 일하러 가볼게요! ㅎㅎㅎ ",
          "summary": "",
          "date": "2022-11-08",
          "time": "18:38:56",
          "terminate": "true"
        }
      ],
      "sessionPersonaSummary": {
        "speaker1": [
          "나는 20대 여자이다",
          "나는 통계학이 부전공이다",
          "나는 일주일에 한두 번 버스로 출퇴근한다",
          "나는 와인을 좋아한다",
          "나는 판타지 영화를 싫어한다",
          "나는 요즘 자주 외롭다",
          "나는 발라드를 자주 듣는다"
        ],
        "speaker2": [
          "나는 60대 여성이다.",
          "나는 2년제 대학을 졸업했다. 나는 유치원을 운영했었다. 나는 지금 주부이다.",
          "나는 집에서 운동을 한다. 나는 가끔 edm음악을 듣는다.",
          "나는 소주를 좋아한다. 나는 초록색을 싫어한다. 나는 여름보다 가을을 더 좋아한다.",
          "나는 12월에 개봉하는 아바타가 정말 기다려진다. 나는 영화를 좋아한다.",
          "나는 가을을 타는지 쓸쓸하다. 나는 마음이 심란할 때는 음악을 틀고 노래를 부른다.",
          "나는 이제 정신 좀 차리고 청소를 하려 한다."
        ]
      },
      "prevAggregatedpersonaSummary": {
        "speaker1": [],
        "speaker2": []
      }
    },
    {
      "prevSessionID": "2-00217-1",
      "prevTimeInfo": {
        "timeNum": "8",
        "timeUnit": "시간"
      },
      "nthSession": "2",
      "numberOfUtterances": "15",
      "numberOfTurns": "7",
      "sessionID": "2-00217-2",
      "dialog": [
        {
          "speaker": "speaker1",
          "personaID": "25790",
          "participantID": "0216",
          "utterance": "저는 이제 퇴근준비를해요! 오늘 하루 잘 보내셨나요? 8시간이지났네요.",
          "summary": "나는 퇴근 준비를 한다",
          "date": "2022-11-08",
          "time": "18:40:44",
          "terminate": "false"
        },
        {
          "speaker": "speaker2",
          "personaID": "61741",
          "participantID": "0269",
          "utterance": "오늘하루도 바빴네요. 퇴근하시고 집에서 쉬시나요?",
          "summary": "나는 오늘 하루도 바빴다.",
          "date": "2022-11-08",
          "time": "18:41:27",
          "terminate": "false"
        },
        {
          "speaker": "speaker1",
          "personaID": "25790",
          "participantID": "0216",
          "utterance": "네! 좋아하는 와인을 사들고 가려구요! ㅎㅎ 가서 와인한잔하며 쉬면 좋을것같아요! 아 그런데 비가오네요 ㅜㅜ 오늘 일기예보를 확인을 못해서 우산이 없는데 ㅜㅜ",
          "summary": "나는 와인을 사려한다. 나는 우산이 없다",
          "date": "2022-11-08",
          "time": "18:42:23",
          "terminate": "false"
        },
        {
          "speaker": "speaker2",
          "personaID": "61741",
          "participantID": "0269",
          "utterance": "어이쿠, 오늘 일기예보가 아주 오락가락하네요, 낮에는 햇볕이 봄날같더니 지금은 날이 꼭 초겨울 날씨네요~",
          "summary": "",
          "date": "2022-11-08",
          "time": "18:43:03",
          "terminate": "false"
        },
        {
          "speaker": "speaker1",
          "personaID": "25790",
          "participantID": "0216",
          "utterance": "그쵸 ㅜㅜ 아침 저녁으로 참 ㅎㅎㅎ 분명 어제보다 따뜻하다 했는데 , 이상하게 추운것같아요 ㅎㅎ 이제 뭐하시려구요?",
          "summary": "",
          "date": "2022-11-08",
          "time": "18:43:45",
          "terminate": "false"
        },
        {
          "speaker": "speaker2",
          "personaID": "61741",
          "participantID": "0269",
          "utterance": "날이 추워지니 저도 차츰 옷정리를 해야할거같아요. 일기예보가 자꾸 오락가락해서 준비를해야겠어요~ㅎ",
          "summary": "나는 날이 추워지니 차츰 옷 정리를 해야 할 거 같다.",
          "date": "2022-11-08",
          "time": "18:44:45",
          "terminate": "false"
        },
        {
          "speaker": "speaker1",
          "personaID": "25790",
          "participantID": "0216",
          "utterance": "저는 하도 날씨가 그날그날 모르겠어서 일부러 옷방에 옷들이 계절별로 다 있어요! ㅎㅎㅎ ",
          "summary": "나는 옷방이 따로 있다",
          "date": "2022-11-08",
          "time": "18:45:26",
          "terminate": "false"
        },
        {
          "speaker": "speaker2",
          "personaID": "61741",
          "participantID": "0269",
          "utterance": "그러시구나~ 저는 가족들이 많다보니 항상 수납도 어렵네요~ㅎㅎ",
          "summary": "나는 가족들이 많다.",
          "date": "2022-11-08",
          "time": "18:46:02",
          "terminate": "false"
        },
        {
          "speaker": "speaker1",
          "personaID": "25790",
          "participantID": "0216",
          "utterance": "아무래도 식구가 많으면 그렇죠! 저도 예전엔 옷장부족해서 항상 계절별로 꺼냈던 기억이 있어요! ㅎㅎ",
          "summary": "나는 예전에 옷장이 부족했다.",
          "date": "2022-11-08",
          "time": "18:47:02",
          "terminate": "false"
        },
        {
          "speaker": "speaker2",
          "personaID": "61741",
          "participantID": "0269",
          "utterance": "일기예보가 내일은 날이 좋다는데 내일은 운동을 갈수있을거같네요~ 내일 출근하시죠?",
          "summary": "나는 내일은 운동 갈 수 있을 것 같다.",
          "date": "2022-11-08",
          "time": "18:47:45",
          "terminate": "false"
        },
        {
          "speaker": "speaker1",
          "personaID": "25790",
          "participantID": "0216",
          "utterance": "네! 출근해요 ㅎㅎ 야외에서 운동하시나봐요! ㅎㅎ",
          "summary": "나는 내일 출근한다",
          "date": "2022-11-08",
          "time": "18:48:08",
          "terminate": "false"
        },
        {
          "speaker": "speaker2",
          "personaID": "61741",
          "participantID": "0269",
          "utterance": "네, 내일은 친구들과 산에 가기로 예정되어있는데 제발 일기예보가 맞았으면 좋겠어요!!1",
          "summary": "나는 내일 친구들과 산에 가기로 예정되어있다.",
          "date": "2022-11-08",
          "time": "18:48:44",
          "terminate": "false"
        },
        {
          "speaker": "speaker1",
          "personaID": "25790",
          "participantID": "0216",
          "utterance": "그렇군요! 그럼 비가 오지 말아야겠네요! 이번엔 일기예보를 믿어보세요! ㅎㅎㅎ ",
          "summary": "",
          "date": "2022-11-08",
          "time": "18:49:42",
          "terminate": "false"
        },
        {
          "speaker": "speaker2",
          "personaID": "61741",
          "participantID": "0269",
          "utterance": "그쵸? 내일 가져가야할 과일을 사러 다녀와야겠어요. 다음에 또 대화해요~",
          "summary": "나는 과일을 사러 다녀와야겠다.",
          "date": "2022-11-08",
          "time": "18:50:22",
          "terminate": "false"
        },
        {
          "speaker": "speaker1",
          "personaID": "25790",
          "participantID": "0216",
          "utterance": "네! 그럼 맛있는 과일사셔요! 다음에 대화할게요! ㅎㅎㅎ",
          "summary": "",
          "date": "2022-11-08",
          "time": "18:50:47",
          "terminate": "true"
        }
      ],
      "sessionPersonaSummary": {
        "speaker1": [
          "나는 퇴근 준비를 한다",
          "나는 와인을 사려한다. 나는 우산이 없다",
          "나는 옷방이 따로 있다",
          "나는 예전에 옷장이 부족했다.",
          "나는 내일 출근한다"
        ],
        "speaker2": [
          "나는 오늘 하루도 바빴다.",
          "나는 날이 추워지니 차츰 옷 정리를 해야 할 거 같다.",
          "나는 가족들이 많다.",
          "나는 내일은 운동 갈 수 있을 것 같다.",
          "나는 내일 친구들과 산에 가기로 예정되어있다.",
          "나는 과일을 사러 다녀와야겠다."
        ]
      },
      "prevAggregatedpersonaSummary": {
        "speaker1": [
          "나는 20대 여자이다",
          "나는 통계학이 부전공이다",
          "나는 일주일에 한두 번 버스로 출퇴근한다",
          "나는 와인을 좋아한다",
          "나는 판타지 영화를 싫어한다",
          "나는 요즘 자주 외롭다",
          "나는 발라드를 자주 듣는다"
        ],
        "speaker2": [
          "나는 60대 여성이다.",
          "나는 2년제 대학을 졸업했다. 나는 유치원을 운영했었다. 나는 지금 주부이다.",
          "나는 집에서 운동을 한다. 나는 가끔 edm음악을 듣는다.",
          "나는 소주를 좋아한다. 나는 초록색을 싫어한다. 나는 여름보다 가을을 더 좋아한다.",
          "나는 12월에 개봉하는 아바타가 정말 기다려진다. 나는 영화를 좋아한다.",
          "나는 가을을 타는지 쓸쓸하다. 나는 마음이 심란할 때는 음악을 틀고 노래를 부른다.",
          "나는 이제 정신 좀 차리고 청소를 하려 한다."
        ]
      }
    }
  ]
}