{
  "FileInfo": {
    "filename": "K2-00358-CL02945-CP02082-20-07-S2.json",
    "sessionLevel": "2"
  },
  "participantsInfo": {
    "numberOfParticipants": "2",
    "speaker1": {
      "participantID": "0014",
      "gender": "여성",
      "age": "30대",
      "occupation": "기능직",
      "bPlace": "서울/경기/인천",
      "gPlace": "서울/경기/인천",
      "rPlace": "서울/경기/인천",
      "educationLevel": "대졸"
    },
    "speaker2": {
      "participantID": "0049",
      "gender": "남성",
      "age": "30대",
      "occupation": "자영업",
      "bPlace": "서울/경기/인천",
      "gPlace": "서울/경기/인천",
      "rPlace": "서울/경기/인천",
      "educationLevel": "고졸"
    }
  },
  "multisessionInfo": {
    "multisessionID": "2-00358"
  },
  "personaInfo": {
    "clInfo": {
      "personaID": "02945",
      "personaFeatures": [
        "나는 여자이다.",
        "나는 30대이다.",
        "나의 거주지는 충청도이다.",
        "나는 포크음악을 좋아한다.",
        "나는 해외여행을 자주 한다."
      ],
      "speakerType": "speaker1"
    },
    "cpInfo": {
      "personaID": "02082",
      "personaFeatures": [
        "나는 남자이다.",
        "나는 30대이다.",
        "나는 동료와 잘 어울린다.",
        "나는 타코야키를 즐겨 먹는다.",
        "나는 에어로빅을 가끔 한다."
      ],
      "speakerType": "speaker2"
    }
  },
  "topicInfo": {
    "topicID": "20-07",
    "topicType": "예술문화 생활>영화/만화",
    "topicTitle": "영화제"
  },
  "sessionInfo": [
    {
      "prevSessionID": null,
      "prevTimeInfo": {
        "timeNum": null,
        "timeUnit": null
      },
      "nthSession": "1",
      "numberOfUtterances": "16",
      "numberOfTurns": "8",
      "sessionID": "2-00358-1",
      "dialog": [
        {
          "speaker": "speaker1",
          "personaID": "02945",
          "participantID": "0014",
          "utterance": "안녕하세요!! 저는 30대 여자입니당ㅎㅎ.",
          "summary": "나는 30대 여자이다.",
          "date": "2022-08-16",
          "time": "13:43:58",
          "terminate": "false"
        },
        {
          "speaker": "speaker2",
          "personaID": "02082",
          "participantID": "0049",
          "utterance": "네 안녕하세요 저는 30대 남자입니다~",
          "summary": "나는 30대 남자이다.",
          "date": "2022-08-16",
          "time": "13:44:03",
          "terminate": "false"
        },
        {
          "speaker": "speaker1",
          "personaID": "02945",
          "participantID": "0014",
          "utterance": "이번에 부산으로 여행 가려구요~ 부산국제 영화제 하잖아요 !",
          "summary": "나는 부산으로 여행을 간다.",
          "date": "2022-08-16",
          "time": "13:41:00",
          "terminate": "false"
        },
        {
          "speaker": "speaker2",
          "personaID": "02082",
          "participantID": "0049",
          "utterance": "아 부산국제영화제! 저도 들어본적은 있어요 ㅋㅋ.",
          "summary": "",
          "date": "2022-08-16",
          "time": "13:41:04",
          "terminate": "false"
        },
        {
          "speaker": "speaker1",
          "personaID": "02945",
          "participantID": "0014",
          "utterance": "네~ 제법 커요.. 유명 감독 배우들도 오고.. 왜 내가사는 충청도는 그런걸 안하는지..",
          "summary": "나의 거주지는 충청도이다.",
          "date": "2022-08-16",
          "time": "13:41:16",
          "terminate": "false"
        },
        {
          "speaker": "speaker2",
          "personaID": "02082",
          "participantID": "0049",
          "utterance": "ㅋㅋ도지사 출마해서 한번 충청국제 영화제 추진해보세요.",
          "summary": "",
          "date": "2022-08-16",
          "time": "13:41:28",
          "terminate": "false"
        },
        {
          "speaker": "speaker1",
          "personaID": "02945",
          "participantID": "0014",
          "utterance": "뭐래 ㅋㅋ원래 휴가때 해외여행 계획 하곤 하는데 부산으로 가려구요 !!",
          "summary": "",
          "date": "2022-08-16",
          "time": "13:41:43",
          "terminate": "false"
        },
        {
          "speaker": "speaker2",
          "personaID": "02082",
          "participantID": "0049",
          "utterance": "오 해외여행 좋아하시나봐요! 근데 이번에는 국내로 가시는구나ㅋㅋ.",
          "summary": "",
          "date": "2022-08-16",
          "time": "13:41:52",
          "terminate": "false"
        },
        {
          "speaker": "speaker1",
          "personaID": "02945",
          "participantID": "0014",
          "utterance": "네 ㅎㅎ. 좋아하죠~ 그래서 해외여행 자주가요 !! 일년에 한번씩 가는듯??",
          "summary": "나는 해외여행을 자주 한다.",
          "date": "2022-08-16",
          "time": "13:42:13",
          "terminate": "false"
        },
        {
          "speaker": "speaker2",
          "personaID": "02082",
          "participantID": "0049",
          "utterance": "아 저 타코야키 즐겨먹는데 일본가보신적 있으세요?",
          "summary": "나는 타코야키를 즐겨 먹는다.",
          "date": "2022-08-16",
          "time": "13:42:26",
          "terminate": "false"
        },
        {
          "speaker": "speaker1",
          "personaID": "02945",
          "participantID": "0014",
          "utterance": "일본~ 한두번 갔었었죠!!! 직접가서 타코야키도 먹었는데 맛있던데요~",
          "summary": "나는 일본 한두 번 갔었다.",
          "date": "2022-08-16",
          "time": "13:42:37",
          "terminate": "false"
        },
        {
          "speaker": "speaker2",
          "personaID": "02082",
          "participantID": "0049",
          "utterance": "아 진짜요? 저도 일본가서 타코야키 먹어보는게 소원인데.. 부럽네요.",
          "summary": "나는 일본 가서 타코야키를 먹어보는 게 소원이다.",
          "date": "2022-08-16",
          "time": "13:42:39",
          "terminate": "false"
        },
        {
          "speaker": "speaker1",
          "personaID": "02945",
          "participantID": "0014",
          "utterance": "부러울꺼 까지 있나요 님도 그냥 가시면되잖아요 !!",
          "summary": "",
          "date": "2022-08-16",
          "time": "13:42:45",
          "terminate": "false"
        },
        {
          "speaker": "speaker2",
          "personaID": "02082",
          "participantID": "0049",
          "utterance": "저는 일이 바빠서.. 여행갈 엄두 조차 안나네요..허허.",
          "summary": "나는 일이 바빠서 여행 갈 엄두가 안 난다.",
          "date": "2022-08-16",
          "time": "13:42:48",
          "terminate": "false"
        },
        {
          "speaker": "speaker1",
          "personaID": "02945",
          "participantID": "0014",
          "utterance": "바쁘게 일하고 벌어가지고 여행 가려고 하는건데 !! 저 잠시만요!!",
          "summary": "",
          "date": "2022-08-16",
          "time": "13:43:04",
          "terminate": "false"
        },
        {
          "speaker": "speaker2",
          "personaID": "02082",
          "participantID": "0049",
          "utterance": "그건 맞죠.. 저도 그런생활을해야되는데 ㅎㅎ 네 다녀오세요!",
          "summary": "",
          "date": "2022-08-16",
          "time": "13:43:06",
          "terminate": "true"
        }
      ],
      "sessionPersonaSummary": {
        "speaker1": [
          "나는 30대 여자이다.",
          "나는 부산으로 여행을 간다.",
          "나의 거주지는 충청도이다.",
          "나는 해외여행을 자주 한다.",
          "나는 일본 한두 번 갔었다."
        ],
        "speaker2": [
          "나는 30대 남자이다.",
          "나는 타코야키를 즐겨 먹는다.",
          "나는 일본 가서 타코야키를 먹어보는 게 소원이다.",
          "나는 일이 바빠서 여행 갈 엄두가 안 난다."
        ]
      },
      "prevAggregatedpersonaSummary": {
        "speaker1": [],
        "speaker2": []
      }
    },
    {
      "prevSessionID": "2-00358-1",
      "prevTimeInfo": {
        "timeNum": "1",
        "timeUnit": "시간"
      },
      "nthSession": "2",
      "numberOfUtterances": "20",
      "numberOfTurns": "10",
      "sessionID": "2-00358-2",
      "dialog": [
        {
          "speaker": "speaker1",
          "personaID": "02945",
          "participantID": "0014",
          "utterance": "영화제 티켓팅 방금 열려가지구요~ 한시간동안 했네;;",
          "summary": "나는 티켓팅을 하고 왔다.",
          "date": "2022-08-16",
          "time": "13:43:22",
          "terminate": "false"
        },
        {
          "speaker": "speaker2",
          "personaID": "02082",
          "participantID": "0049",
          "utterance": "아 그래요? 그래서 티켓팅은 잘하고 오셨어요?",
          "summary": "",
          "date": "2022-08-16",
          "time": "13:43:29",
          "terminate": "false"
        },
        {
          "speaker": "speaker1",
          "personaID": "02945",
          "participantID": "0014",
          "utterance": "네~ 보고싶어 하는 음악영화 하나있었거든요? 그거는 딱 좋은 시간대에 했어요 !!",
          "summary": "",
          "date": "2022-08-16",
          "time": "13:46:01",
          "terminate": "false"
        },
        {
          "speaker": "speaker2",
          "personaID": "02082",
          "participantID": "0049",
          "utterance": "오 축하해요! 다행히 티켓팅은 잘하셨네!!",
          "summary": "",
          "date": "2022-08-16",
          "time": "13:46:01",
          "terminate": "false"
        },
        {
          "speaker": "speaker1",
          "personaID": "02945",
          "participantID": "0014",
          "utterance": "고마워요 ㅎㅎ.. 제가 포크음악 또 좋아해서.. 포크음악에관한 영화거든요 !!",
          "summary": "나는 포크음악을 좋아한다.",
          "date": "2022-08-16",
          "time": "13:46:01",
          "terminate": "false"
        },
        {
          "speaker": "speaker2",
          "personaID": "02082",
          "participantID": "0049",
          "utterance": "근데 재밌나봐요 영화제가.. 저는 한번도 안가봐서!",
          "summary": "",
          "date": "2022-08-16",
          "time": "13:46:01",
          "terminate": "false"
        },
        {
          "speaker": "speaker1",
          "personaID": "02945",
          "participantID": "0014",
          "utterance": "네~ 저는 재작년에 한번 갔었는데 좋더라구요..",
          "summary": "나는 재작년에 한번 영화제를 갔었다.",
          "date": "2022-08-16",
          "time": "13:46:01",
          "terminate": "false"
        },
        {
          "speaker": "speaker2",
          "personaID": "02082",
          "participantID": "0049",
          "utterance": "아 저도 직장동료가 가자고해서 생각만 해보긴했는데 ㅋㅋ.",
          "summary": "",
          "date": "2022-08-16",
          "time": "13:46:01",
          "terminate": "false"
        },
        {
          "speaker": "speaker1",
          "personaID": "02945",
          "participantID": "0014",
          "utterance": "직장동료랑 여행도 떠나세요?ㅎㅎ.. 부산아니면 최소 1박2일일텐데..",
          "summary": "",
          "date": "2022-08-16",
          "time": "13:46:01",
          "terminate": "false"
        },
        {
          "speaker": "speaker2",
          "personaID": "02082",
          "participantID": "0049",
          "utterance": "네 저는 뭐 동료와 잘어울려서 그런거 없습니다~",
          "summary": "나는 동료와 잘 어울린다.",
          "date": "2022-08-16",
          "time": "13:46:01",
          "terminate": "false"
        },
        {
          "speaker": "speaker1",
          "personaID": "02945",
          "participantID": "0014",
          "utterance": "사교성이 좋으신가봐요 ~ 아니면 둘이 워낙 잘 맞거나요 ㅎㅎ..",
          "summary": "",
          "date": "2022-08-16",
          "time": "13:46:01",
          "terminate": "false"
        },
        {
          "speaker": "speaker2",
          "personaID": "02082",
          "participantID": "0049",
          "utterance": "네 뭐 둘다에요! ㅋㅋ 나름 재밌기도하고 동료가 ㅋㅋ.",
          "summary": "",
          "date": "2022-08-16",
          "time": "13:46:01",
          "terminate": "false"
        },
        {
          "speaker": "speaker1",
          "personaID": "02945",
          "participantID": "0014",
          "utterance": "그렇구나..너무 제얘기만 한거 같은데요~ 그쪽은 오늘 뭐하셨었나요?",
          "summary": "",
          "date": "2022-08-16",
          "time": "13:46:01",
          "terminate": "false"
        },
        {
          "speaker": "speaker2",
          "personaID": "02082",
          "participantID": "0049",
          "utterance": "저는 에어로빅했습니다! 에어로빅을 가끔 하거든요 ㅋㅋ.",
          "summary": "나는 에어로빅을 가끔 한다.",
          "date": "2022-08-16",
          "time": "13:46:01",
          "terminate": "false"
        },
        {
          "speaker": "speaker1",
          "personaID": "02945",
          "participantID": "0014",
          "utterance": "오.. 에어로빅하는 남자 ㅋㅋㅋㅋ 그냥 뭔가좀 웃기네요..",
          "summary": "",
          "date": "2022-08-16",
          "time": "13:46:01",
          "terminate": "false"
        },
        {
          "speaker": "speaker2",
          "personaID": "02082",
          "participantID": "0049",
          "utterance": "실제로 보면 더 웃길껄요ㅋㅋ 남자분들은 하는분들이 많이 없어서.",
          "summary": "",
          "date": "2022-08-16",
          "time": "13:46:01",
          "terminate": "false"
        },
        {
          "speaker": "speaker1",
          "personaID": "02945",
          "participantID": "0014",
          "utterance": "어쩌다가 하게 되셨어요 ㅋㅋ 실제로 보고싶긴 하네요..",
          "summary": "",
          "date": "2022-08-16",
          "time": "13:46:01",
          "terminate": "false"
        },
        {
          "speaker": "speaker2",
          "personaID": "02082",
          "participantID": "0049",
          "utterance": "그냥 집앞에 있어서 아무생각 없이 갔다가.. 여전히 아무생각 없이 가는중.",
          "summary": "",
          "date": "2022-08-16",
          "time": "13:46:01",
          "terminate": "false"
        },
        {
          "speaker": "speaker1",
          "personaID": "02945",
          "participantID": "0014",
          "utterance": "대답도 아무생각없이 하시네 ㅋㅋㅋ 저는 잘준비 하고 다시 연락 드릴께요 !!",
          "summary": "",
          "date": "2022-08-16",
          "time": "13:46:01",
          "terminate": "false"
        },
        {
          "speaker": "speaker2",
          "personaID": "02082",
          "participantID": "0049",
          "utterance": "네~ 저도 이빨닦고 올께요 !! 대화 너무 재밌네요 ~",
          "summary": "",
          "date": "2022-08-16",
          "time": "13:46:01",
          "terminate": "true"
        }
      ],
      "sessionPersonaSummary": {
        "speaker1": [
          "나는 티켓팅을 하고 왔다.",
          "나는 포크음악을 좋아한다.",
          "나는 재작년에 한번 영화제를 갔었다."
        ],
        "speaker2": [
          "나는 동료와 잘 어울린다.",
          "나는 에어로빅을 가끔 한다."
        ]
      },
      "prevAggregatedpersonaSummary": {
        "speaker1": [
          "나는 30대 여자이다.",
          "나는 부산으로 여행을 간다.",
          "나의 거주지는 충청도이다.",
          "나는 해외여행을 자주 한다.",
          "나는 일본 한두 번 갔었다."
        ],
        "speaker2": [
          "나는 30대 남자이다.",
          "나는 타코야키를 즐겨 먹는다.",
          "나는 일본 가서 타코야키를 먹어보는 게 소원이다.",
          "나는 일이 바빠서 여행 갈 엄두가 안 난다."
        ]
      }
    }
  ]
}