{
  "FileInfo": {
    "filename": "K2-00492-CL30226-CP31962-01-01-S2.json",
    "sessionLevel": "2"
  },
  "participantsInfo": {
    "numberOfParticipants": "2",
    "speaker1": {
      "participantID": "0244",
      "gender": "남성",
      "age": "30대",
      "occupation": "무직",
      "bPlace": "서울/경기/인천",
      "gPlace": "서울/경기/인천",
      "rPlace": "서울/경기/인천",
      "educationLevel": "고졸"
    },
    "speaker2": {
      "participantID": "0341",
      "gender": "여성",
      "age": "30대",
      "occupation": "무직",
      "bPlace": "서울/경기/인천",
      "gPlace": "서울/경기/인천",
      "rPlace": "서울/경기/인천",
      "educationLevel": "고졸"
    }
  },
  "multisessionInfo": {
    "multisessionID": "2-00492"
  },
  "personaInfo": {
    "clInfo": {
      "personaID": "30226",
      "personaFeatures": [
        "나는 남자이다.",
        "나는 30대이다.",
        "나는 과학교육과를 전공했다.",
        "나는 강아지를 키우고 싶다.",
        "나는 포도를 안 먹는다."
      ],
      "speakerType": "speaker1"
    },
    "cpInfo": {
      "personaID": "31962",
      "personaFeatures": [
        "나는 여자이다.",
        "나는 30대이다.",
        "나는 방과 후 교사이다.",
        "나는 식물을 키우고 싶다.",
        "나는 분홍색을 싫어한다."
      ],
      "speakerType": "speaker2"
    }
  },
  "topicInfo": {
    "topicID": "01-01",
    "topicType": "식음료",
    "topicTitle": "식사"
  },
  "sessionInfo": [
    {
      "prevSessionID": null,
      "prevTimeInfo": {
        "timeNum": null,
        "timeUnit": null
      },
      "nthSession": "1",
      "numberOfUtterances": "16",
      "numberOfTurns": "8",
      "sessionID": "2-00492-1",
      "dialog": [
        {
          "speaker": "speaker1",
          "personaID": "30226",
          "participantID": "0244",
          "utterance": "안녕하세요. 저는 30대 남자입니다. 만나서 반가워요.",
          "summary": "30대 남자이다.",
          "date": "2022-09-17",
          "time": "10:48:50",
          "terminate": "false"
        },
        {
          "speaker": "speaker2",
          "personaID": "31962",
          "participantID": "0341",
          "utterance": "안녕하세요. 저도 30대이구요. 여자입니다. 반가워요..",
          "summary": "30대 여자이다.",
          "date": "2022-09-17",
          "time": "10:49:03",
          "terminate": "false"
        },
        {
          "speaker": "speaker1",
          "personaID": "30226",
          "participantID": "0244",
          "utterance": "네 혹시 직업이 어떻게 되시나요? 저는 과학교사입니다. 과학교육과를 전공했습니다.",
          "summary": "나는 과학교육과를 전공했다.",
          "date": "2022-09-17",
          "time": "10:49:51",
          "terminate": "false"
        },
        {
          "speaker": "speaker2",
          "personaID": "31962",
          "participantID": "0341",
          "utterance": "저는 방과후 교사에요. 학생들 컴퓨터를 가르치고 있어요. 식사는 하셨나요?",
          "summary": "나는 방과 후 교사이다.",
          "date": "2022-09-17",
          "time": "10:50:36",
          "terminate": "false"
        },
        {
          "speaker": "speaker1",
          "personaID": "30226",
          "participantID": "0244",
          "utterance": "저는 미숫가루를 우유에 타먹었어요. 바빠서 제대로된 아침을 못 챙겨먹고 있어요.",
          "summary": "",
          "date": "2022-09-17",
          "time": "10:51:15",
          "terminate": "false"
        },
        {
          "speaker": "speaker2",
          "personaID": "31962",
          "participantID": "0341",
          "utterance": "그렇죠. 요즘 직장인들은 아침도 제대로 못먹고 다니는 것 같아요.",
          "summary": "",
          "date": "2022-09-17",
          "time": "10:51:37",
          "terminate": "false"
        },
        {
          "speaker": "speaker1",
          "personaID": "30226",
          "participantID": "0244",
          "utterance": "선생님은 아침식사를 하셨나요? 주위에 아침식사하시는 분이 거의 없더라구요.",
          "summary": "",
          "date": "2022-09-17",
          "time": "10:51:58",
          "terminate": "false"
        },
        {
          "speaker": "speaker2",
          "personaID": "31962",
          "participantID": "0341",
          "utterance": "네. 저는 어렸을 때부터 습관이 되서 아침은 꼭 챙겨먹어요.",
          "summary": "나는 아침을 꼭 챙겨 먹는다.",
          "date": "2022-09-17",
          "time": "10:52:16",
          "terminate": "false"
        },
        {
          "speaker": "speaker1",
          "personaID": "30226",
          "participantID": "0244",
          "utterance": "좋은 습관을 가지셨네요. 혹시 동물은 키우시나요? 저는 강아지를 키우고싶어요. 지금 키울지말지 고민중이에요.",
          "summary": "나는 강아지를 키우고 싶다.",
          "date": "2022-09-17",
          "time": "10:52:48",
          "terminate": "false"
        },
        {
          "speaker": "speaker2",
          "personaID": "31962",
          "participantID": "0341",
          "utterance": "저는 동물에는 별로 관심이 없어요. 저는 식물을 키우고 싶더라구요.",
          "summary": "나는 식물을 키우고 싶다.",
          "date": "2022-09-17",
          "time": "10:53:22",
          "terminate": "false"
        },
        {
          "speaker": "speaker1",
          "personaID": "30226",
          "participantID": "0244",
          "utterance": "저와 취향이 완전히 반대네요. 식물을 키우고 싶은 이유가 있을까요?",
          "summary": "",
          "date": "2022-09-17",
          "time": "10:53:51",
          "terminate": "false"
        },
        {
          "speaker": "speaker2",
          "personaID": "31962",
          "participantID": "0341",
          "utterance": "손이 많이 가지 않아서요. 일주일에 한번씩 물만 주면 되잖아요. 강아지를 왜 키우고 싶으세요?",
          "summary": "",
          "date": "2022-09-17",
          "time": "10:54:52",
          "terminate": "false"
        },
        {
          "speaker": "speaker1",
          "personaID": "30226",
          "participantID": "0244",
          "utterance": "집에 들어가면 외로워요. 누군가 저를 반겨줬으면 좋겠다라는 생각이 들더라구요.",
          "summary": "",
          "date": "2022-09-17",
          "time": "10:55:38",
          "terminate": "false"
        },
        {
          "speaker": "speaker2",
          "personaID": "31962",
          "participantID": "0341",
          "utterance": "그런 이유라면 강아지 키우는게 제일 좋은 방법이죠. 하지만 여러가지 신경써야 할 일이 많을거에요..",
          "summary": "",
          "date": "2022-09-17",
          "time": "10:55:50",
          "terminate": "false"
        },
        {
          "speaker": "speaker1",
          "personaID": "30226",
          "participantID": "0244",
          "utterance": "네 맞아요. 알아보니까 강아지는 포도를 먹으면 안된다고 하더라구요. 저도 포도를 먹지 않아서 행여 강아지가 포도를 실수로 먹을 일은 없을 것 같아요.",
          "summary": "나는 포도를 안 먹는다.",
          "date": "2022-09-17",
          "time": "10:57:19",
          "terminate": "false"
        },
        {
          "speaker": "speaker2",
          "personaID": "31962",
          "participantID": "0341",
          "utterance": "포도를 안좋아하는 이유가 따로 있으신가요? 죄송하지만 제가 잠깐 자리를 비워야겠네요. 다시 연락해요!",
          "summary": "",
          "date": "2022-09-17",
          "time": "10:57:51",
          "terminate": "true"
        }
      ],
      "sessionPersonaSummary": {
        "speaker1": [
          "30대 남자이다.",
          "나는 과학교육과를 전공했다.",
          "나는 강아지를 키우고 싶다.",
          "나는 포도를 안 먹는다."
        ],
        "speaker2": [
          "30대 여자이다.",
          "나는 방과 후 교사이다.",
          "나는 아침을 꼭 챙겨 먹는다.",
          "나는 식물을 키우고 싶다."
        ]
      },
      "prevAggregatedpersonaSummary": {
        "speaker1": [],
        "speaker2": []
      }
    },
    {
      "prevSessionID": "2-00492-1",
      "prevTimeInfo": {
        "timeNum": "2",
        "timeUnit": "일"
      },
      "nthSession": "2",
      "numberOfUtterances": "16",
      "numberOfTurns": "8",
      "sessionID": "2-00492-2",
      "dialog": [
        {
          "speaker": "speaker1",
          "personaID": "30226",
          "participantID": "0244",
          "utterance": "안녕하세요. 날이 굉장히 좋네요. 식사는 하셨나요?",
          "summary": "",
          "date": "2022-09-17",
          "time": "10:58:47",
          "terminate": "false"
        },
        {
          "speaker": "speaker2",
          "personaID": "31962",
          "participantID": "0341",
          "utterance": "오랜만이시네요. 네 방금 햄버거를 먹었어요. 식사 하셨나요?",
          "summary": "나는 햄버거를 먹었다.",
          "date": "2022-09-17",
          "time": "11:00:09",
          "terminate": "false"
        },
        {
          "speaker": "speaker1",
          "personaID": "30226",
          "participantID": "0244",
          "utterance": "네 저는 콩나물국밥을 먹었어요. 주말인데 오늘은 뭐하시나요?",
          "summary": "",
          "date": "2022-09-17",
          "time": "11:00:58",
          "terminate": "false"
        },
        {
          "speaker": "speaker2",
          "personaID": "31962",
          "participantID": "0341",
          "utterance": "다음주에 가족여행이 있는데 가족티를 주문하고 있어요. 저는 분홍색을 싫어하는데 자꾸 동생이 분홍색으로 하자고 하네요.",
          "summary": "나는 분홍생을 싫어한다.",
          "date": "2022-09-17",
          "time": "11:01:41",
          "terminate": "false"
        },
        {
          "speaker": "speaker1",
          "personaID": "30226",
          "participantID": "0244",
          "utterance": "가족여행을 가시는구나. 맛있는 음식 많이 드시겠네요. 분홍색을 왜 싫어하세요?",
          "summary": "",
          "date": "2022-09-17",
          "time": "11:02:11",
          "terminate": "false"
        },
        {
          "speaker": "speaker2",
          "personaID": "31962",
          "participantID": "0341",
          "utterance": "너무 여성스러운 느낌이 들어서요. 색 자체는 예쁜데 저는 싫어해요.",
          "summary": "",
          "date": "2022-09-17",
          "time": "11:02:40",
          "terminate": "false"
        },
        {
          "speaker": "speaker1",
          "personaID": "30226",
          "participantID": "0244",
          "utterance": "그럴수도 있을 것 같네요. 여행은 어디로 가세요?",
          "summary": "",
          "date": "2022-09-17",
          "time": "11:02:55",
          "terminate": "false"
        },
        {
          "speaker": "speaker2",
          "personaID": "31962",
          "participantID": "0341",
          "utterance": "전주여행을 하기로 했어요. 전주에는 맛있는 음식들이 굉장히 많다고 하더라구요.",
          "summary": "",
          "date": "2022-09-17",
          "time": "11:03:14",
          "terminate": "false"
        },
        {
          "speaker": "speaker1",
          "personaID": "30226",
          "participantID": "0244",
          "utterance": "전주 음식 굉장히 맛있어요. 저도 작년에 다녀왔는데 아무 음식점에 들어가도 다 맛있더라구요.",
          "summary": "",
          "date": "2022-09-17",
          "time": "11:03:48",
          "terminate": "false"
        },
        {
          "speaker": "speaker2",
          "personaID": "31962",
          "participantID": "0341",
          "utterance": "지금 엄청 기대중이에요. 먹방 여행이 되지 않을까 싶네요.",
          "summary": "",
          "date": "2022-09-17",
          "time": "11:04:06",
          "terminate": "false"
        },
        {
          "speaker": "speaker1",
          "personaID": "30226",
          "participantID": "0244",
          "utterance": "여행은 그게 묘미죠. 맛있는 음식 먹고 좋은 풍경 보고 그게 다죠.",
          "summary": "",
          "date": "2022-09-17",
          "time": "11:04:35",
          "terminate": "false"
        },
        {
          "speaker": "speaker2",
          "personaID": "31962",
          "participantID": "0341",
          "utterance": "저도 그렇게 생각해요. 전주에 가서 초코파이, 비빔밥, 물갈비, 식혜 전부 다 먹을거에요.",
          "summary": "",
          "date": "2022-09-17",
          "time": "11:04:52",
          "terminate": "false"
        },
        {
          "speaker": "speaker1",
          "personaID": "30226",
          "participantID": "0244",
          "utterance": "여행이 끝나면 살이 많이 쪄있겠어요. 하지만 그 음식들을 포기할 순 없죠.",
          "summary": "",
          "date": "2022-09-17",
          "time": "11:05:48",
          "terminate": "false"
        },
        {
          "speaker": "speaker2",
          "personaID": "31962",
          "participantID": "0341",
          "utterance": "맞아요.^^ 선생님은 어디 여행 안가시나요? 다음주가 연휴잖아요.",
          "summary": "",
          "date": "2022-09-17",
          "time": "11:06:16",
          "terminate": "false"
        },
        {
          "speaker": "speaker1",
          "personaID": "30226",
          "participantID": "0244",
          "utterance": "네 저는 집에만 있기로 했어요. 강아지를 분양받아거든요. 새끼 강아지와 하루종일 집에 있을거에요. 전주여행 즐겁게 하고 오세요!",
          "summary": "",
          "date": "2022-09-17",
          "time": "11:06:47",
          "terminate": "false"
        },
        {
          "speaker": "speaker2",
          "personaID": "31962",
          "participantID": "0341",
          "utterance": "강아지 키우고싶다고 하시더니 분양을 받으셨네요. 잘 됐네요. 연휴 잘 보내시고 남은 하루 마무리 잘 하세요.",
          "summary": "",
          "date": "2022-09-17",
          "time": "11:07:35",
          "terminate": "true"
        }
      ],
      "sessionPersonaSummary": {
        "speaker1": [],
        "speaker2": [
          "나는 햄버거를 먹었다.",
          "나는 분홍생을 싫어한다."
        ]
      },
      "prevAggregatedpersonaSummary": {
        "speaker1": [
          "30대 남자이다.",
          "나는 과학교육과를 전공했다.",
          "나는 강아지를 키우고 싶다.",
          "나는 포도를 안 먹는다."
        ],
        "speaker2": [
          "30대 여자이다.",
          "나는 방과 후 교사이다.",
          "나는 아침을 꼭 챙겨 먹는다.",
          "나는 식물을 키우고 싶다."
        ]
      }
    }
  ]
}