{
  "FileInfo": {
    "filename": "K2-00416-CL03051-CP04264-20-05-S2.json",
    "sessionLevel": "2"
  },
  "participantsInfo": {
    "numberOfParticipants": "2",
    "speaker1": {
      "participantID": "0032",
      "gender": "여성",
      "age": "30대",
      "occupation": "사무직",
      "bPlace": "서울/경기/인천",
      "gPlace": "서울/경기/인천",
      "rPlace": "서울/경기/인천",
      "educationLevel": "대졸"
    },
    "speaker2": {
      "participantID": "0059",
      "gender": "남성",
      "age": "50대",
      "occupation": "무직",
      "bPlace": "부산/대구/울산/경상",
      "gPlace": "부산/대구/울산/경상",
      "rPlace": "부산/대구/울산/경상",
      "educationLevel": "대졸"
    }
  },
  "multisessionInfo": {
    "multisessionID": "2-00416"
  },
  "personaInfo": {
    "clInfo": {
      "personaID": "03051",
      "personaFeatures": [
        "나는 여자이다.",
        "나는 30대이다.",
        "나의 여자 형제는 변호사이다.",
        "나는 라멘을 즐겨 먹는다.",
        "나는 검정색을 싫어한다."
      ],
      "speakerType": "speaker1"
    },
    "cpInfo": {
      "personaID": "04264",
      "personaFeatures": [
        "나는 남자이다.",
        "나는 50대이다.",
        "나는 동료와 협력한다.",
        "나는 공항에 가는 게 지루하다.",
        "나는 크림 스파게티를 좋아한다."
      ],
      "speakerType": "speaker2"
    }
  },
  "topicInfo": {
    "topicID": "20-05",
    "topicType": "예술문화 생활>영화/만화",
    "topicTitle": "영화관"
  },
  "sessionInfo": [
    {
      "prevSessionID": null,
      "prevTimeInfo": {
        "timeNum": null,
        "timeUnit": null
      },
      "nthSession": "1",
      "numberOfUtterances": "16",
      "numberOfTurns": "8",
      "sessionID": "2-00416-1",
      "dialog": [
        {
          "speaker": "speaker1",
          "personaID": "03051",
          "participantID": "0032",
          "utterance": "안녕하세요. 저는 30대 여자입니다. 저는 검정색을 싫어해요.",
          "summary": "나는 30대 여자이다. 나는 검은색을 싫어한다.",
          "date": "2022-08-30",
          "time": "09:35:17",
          "terminate": "false"
        },
        {
          "speaker": "speaker2",
          "personaID": "04264",
          "participantID": "0059",
          "utterance": "안녕하세요. 저는 50대 남자입니다. 저는 동료와 잘 협력해요.",
          "summary": "나는 50대 남자이다. 나는 동료와 잘 협력한다.",
          "date": "2022-08-30",
          "time": "09:35:27",
          "terminate": "false"
        },
        {
          "speaker": "speaker1",
          "personaID": "03051",
          "participantID": "0032",
          "utterance": "와 동료와 잘 협력하신다니 좋네요. 혹시 무슨 일 하시나요?",
          "summary": "",
          "date": "2022-08-30",
          "time": "09:35:47",
          "terminate": "false"
        },
        {
          "speaker": "speaker2",
          "personaID": "04264",
          "participantID": "0059",
          "utterance": "저는 생산직으로 일하고 있습니다.",
          "summary": "나는 생산직 직원이다.",
          "date": "2022-08-30",
          "time": "09:36:04",
          "terminate": "false"
        },
        {
          "speaker": "speaker1",
          "personaID": "03051",
          "participantID": "0032",
          "utterance": "그러시군요! 저는 언니가 변호사라서요. 언니 밑에서 비서로 일하고 있네요.",
          "summary": "나의 언니는 변호사이다. 나는 언니의 비서이다.",
          "date": "2022-08-30",
          "time": "09:36:25",
          "terminate": "false"
        },
        {
          "speaker": "speaker2",
          "personaID": "04264",
          "participantID": "0059",
          "utterance": "아 그래요? 비서는 좀 할만하세요?",
          "summary": "",
          "date": "2022-08-30",
          "time": "09:36:36",
          "terminate": "false"
        },
        {
          "speaker": "speaker1",
          "personaID": "03051",
          "participantID": "0032",
          "utterance": "네 저는 시간관리나 정리하는 거 좋아해서 나름 잘 맞네요. 님은요?",
          "summary": "",
          "date": "2022-08-30",
          "time": "09:36:54",
          "terminate": "false"
        },
        {
          "speaker": "speaker2",
          "personaID": "04264",
          "participantID": "0059",
          "utterance": "저는 아무래도 오래한 일이다 보니까 이제는 익숙해요.",
          "summary": "",
          "date": "2022-08-30",
          "time": "09:37:20",
          "terminate": "false"
        },
        {
          "speaker": "speaker1",
          "personaID": "03051",
          "participantID": "0032",
          "utterance": "그러시군요. 하시면서 어디 아프신데는 없으시죠?",
          "summary": "",
          "date": "2022-08-30",
          "time": "09:37:35",
          "terminate": "false"
        },
        {
          "speaker": "speaker2",
          "personaID": "04264",
          "participantID": "0059",
          "utterance": "여기저기 아프죠. 그래도 아직 팔팔합니다.",
          "summary": "",
          "date": "2022-08-30",
          "time": "09:37:54",
          "terminate": "false"
        },
        {
          "speaker": "speaker1",
          "personaID": "03051",
          "participantID": "0032",
          "utterance": "에고 너무 무리하시면 안 될텐데요. 그래도 팔팔하시다니 다행이에요.",
          "summary": "",
          "date": "2022-08-30",
          "time": "09:38:19",
          "terminate": "false"
        },
        {
          "speaker": "speaker2",
          "personaID": "04264",
          "participantID": "0059",
          "utterance": "무리는 젊었을 때는 많이했는데, 요즘에는 아프면 쉬고 동료들도 이해해줘요.",
          "summary": "",
          "date": "2022-08-30",
          "time": "09:38:36",
          "terminate": "false"
        },
        {
          "speaker": "speaker1",
          "personaID": "03051",
          "participantID": "0032",
          "utterance": "아 그러시군요. 다행이네요. ㅎㅎ동료분들과의 관계가 정말 중요하겠네요.",
          "summary": "",
          "date": "2022-08-30",
          "time": "09:38:44",
          "terminate": "false"
        },
        {
          "speaker": "speaker2",
          "personaID": "04264",
          "participantID": "0059",
          "utterance": "네 저도 이해해주는 동료들한테 고마워요.",
          "summary": "",
          "date": "2022-08-30",
          "time": "09:38:56",
          "terminate": "false"
        },
        {
          "speaker": "speaker1",
          "personaID": "03051",
          "participantID": "0032",
          "utterance": "그러시겠어요! 그럼 오늘도 수고하세요~",
          "summary": "",
          "date": "2022-08-30",
          "time": "09:39:02",
          "terminate": "false"
        },
        {
          "speaker": "speaker2",
          "personaID": "04264",
          "participantID": "0059",
          "utterance": "저도 그러면 좋아하는 크림 스파게티 먹으러 가볼게요.",
          "summary": "나는 크림 스파게티를 좋아한다.",
          "date": "2022-08-30",
          "time": "09:39:05",
          "terminate": "true"
        }
      ],
      "sessionPersonaSummary": {
        "speaker1": [
          "나는 30대 여자이다. 나는 검은색을 싫어한다.",
          "나의 언니는 변호사이다. 나는 언니의 비서이다."
        ],
        "speaker2": [
          "나는 50대 남자이다. 나는 동료와 잘 협력한다.",
          "나는 생산직 직원이다.",
          "나는 크림 스파게티를 좋아한다."
        ]
      },
      "prevAggregatedpersonaSummary": {
        "speaker1": [],
        "speaker2": []
      }
    },
    {
      "prevSessionID": "2-00416-1",
      "prevTimeInfo": {
        "timeNum": "4",
        "timeUnit": "시간"
      },
      "nthSession": "2",
      "numberOfUtterances": "16",
      "numberOfTurns": "8",
      "sessionID": "2-00416-2",
      "dialog": [
        {
          "speaker": "speaker1",
          "personaID": "03051",
          "participantID": "0032",
          "utterance": "몇시간만에 또 연락드려요. 저는 주말 맞아서 영화관에 왔네요.",
          "summary": "",
          "date": "2022-08-30",
          "time": "09:39:20",
          "terminate": "false"
        },
        {
          "speaker": "speaker2",
          "personaID": "04264",
          "participantID": "0059",
          "utterance": "아 그래요? 영화관 좋죠. 무슨 영화 보시려고요?",
          "summary": "",
          "date": "2022-08-30",
          "time": "09:39:33",
          "terminate": "false"
        },
        {
          "speaker": "speaker1",
          "personaID": "03051",
          "participantID": "0032",
          "utterance": "미니언즈 2 보러왔어요. ㅎㅎㅎ.",
          "summary": "",
          "date": "2022-08-30",
          "time": "09:39:50",
          "terminate": "false"
        },
        {
          "speaker": "speaker2",
          "personaID": "04264",
          "participantID": "0059",
          "utterance": "재밌겠네요. 저는 아마 이번 주말에 여행을 갈것 같아요.",
          "summary": "나는 아마 이번 주말에 여행을 갈 예정이다.",
          "date": "2022-08-30",
          "time": "09:40:10",
          "terminate": "false"
        },
        {
          "speaker": "speaker1",
          "personaID": "03051",
          "participantID": "0032",
          "utterance": "와 여행이요? 어디로 가세요?",
          "summary": "",
          "date": "2022-08-30",
          "time": "09:40:19",
          "terminate": "false"
        },
        {
          "speaker": "speaker2",
          "personaID": "04264",
          "participantID": "0059",
          "utterance": "해외 여행을 갈까했는데 제가 공항에 가는게 지루해서요. 국내인 군산으로 가볼까해요.",
          "summary": "나는 공항에 가는 게 지루하다.",
          "date": "2022-08-30",
          "time": "09:40:47",
          "terminate": "false"
        },
        {
          "speaker": "speaker1",
          "personaID": "03051",
          "participantID": "0032",
          "utterance": "그러시군요. 가족분들이랑 같이 가시는 거예요?",
          "summary": "",
          "date": "2022-08-30",
          "time": "09:41:02",
          "terminate": "false"
        },
        {
          "speaker": "speaker2",
          "personaID": "04264",
          "participantID": "0059",
          "utterance": "그렇죠. 저 혼자가기에는 너무 부담스러워요.",
          "summary": "",
          "date": "2022-08-30",
          "time": "09:41:11",
          "terminate": "false"
        },
        {
          "speaker": "speaker1",
          "personaID": "03051",
          "participantID": "0032",
          "utterance": "네 ㅎㅎ 좋네요. 그럼 내일 바로 가시는 거예요?",
          "summary": "",
          "date": "2022-08-30",
          "time": "09:41:48",
          "terminate": "false"
        },
        {
          "speaker": "speaker2",
          "personaID": "04264",
          "participantID": "0059",
          "utterance": "아뇨 오늘 저녁에 출발할것 같아요.",
          "summary": "",
          "date": "2022-08-30",
          "time": "09:42:04",
          "terminate": "false"
        },
        {
          "speaker": "speaker1",
          "personaID": "03051",
          "participantID": "0032",
          "utterance": "오 좋으시겠어요!!! ㅎㅎ 가서 맛있는 것도 많이 드시고 오세요!",
          "summary": "",
          "date": "2022-08-30",
          "time": "09:42:25",
          "terminate": "false"
        },
        {
          "speaker": "speaker2",
          "personaID": "04264",
          "participantID": "0059",
          "utterance": "감사합니다. 그쪽도 영화 재밌게 보셔요!",
          "summary": "",
          "date": "2022-08-30",
          "time": "09:42:44",
          "terminate": "false"
        },
        {
          "speaker": "speaker1",
          "personaID": "03051",
          "participantID": "0032",
          "utterance": "네 감사해요. 저는 영화 끝나면 제가 즐겨 먹는 라멘 먹으러 가려고요!",
          "summary": "나는 라멘을 즐겨먹는다.",
          "date": "2022-08-30",
          "time": "09:43:00",
          "terminate": "false"
        },
        {
          "speaker": "speaker2",
          "personaID": "04264",
          "participantID": "0059",
          "utterance": "라멘도 독특한 맛이 있어서 좋죠.",
          "summary": "",
          "date": "2022-08-30",
          "time": "09:43:12",
          "terminate": "false"
        },
        {
          "speaker": "speaker1",
          "personaID": "03051",
          "participantID": "0032",
          "utterance": "네 ㅎㅎ 그럼 이번 주말도 해피한 주말 되세요~~",
          "summary": "",
          "date": "2022-08-30",
          "time": "09:43:15",
          "terminate": "false"
        },
        {
          "speaker": "speaker2",
          "personaID": "04264",
          "participantID": "0059",
          "utterance": "네 저도 그러면 가보겠습니다!",
          "summary": "",
          "date": "2022-08-30",
          "time": "09:43:20",
          "terminate": "true"
        }
      ],
      "sessionPersonaSummary": {
        "speaker1": [
          "나는 라멘을 즐겨먹는다."
        ],
        "speaker2": [
          "나는 아마 이번 주말에 여행을 갈 예정이다.",
          "나는 공항에 가는 게 지루하다."
        ]
      },
      "prevAggregatedpersonaSummary": {
        "speaker1": [
          "나는 30대 여자이다. 나는 검은색을 싫어한다.",
          "나의 언니는 변호사이다. 나는 언니의 비서이다."
        ],
        "speaker2": [
          "나는 50대 남자이다. 나는 동료와 잘 협력한다.",
          "나는 생산직 직원이다.",
          "나는 크림 스파게티를 좋아한다."
        ]
      }
    }
  ]
}