{
  "FileInfo": {
    "filename": "K2-00272-CL41179-CP51774-14-01-S2.json",
    "sessionLevel": "2"
  },
  "participantsInfo": {
    "numberOfParticipants": "2",
    "speaker1": {
      "participantID": "0360",
      "gender": "여성",
      "age": "40대",
      "occupation": "사무직",
      "bPlace": "부산/대구/울산/경상",
      "gPlace": "부산/대구/울산/경상",
      "rPlace": "부산/대구/울산/경상",
      "educationLevel": "고졸"
    },
    "speaker2": {
      "participantID": "0460",
      "gender": "여성",
      "age": "50대",
      "occupation": "무직",
      "bPlace": "부산/대구/울산/경상",
      "gPlace": "부산/대구/울산/경상",
      "rPlace": "부산/대구/울산/경상",
      "educationLevel": "고졸"
    }
  },
  "multisessionInfo": {
    "multisessionID": "2-00272"
  },
  "personaInfo": {
    "clInfo": {
      "personaID": "41179",
      "personaFeatures": [
        "나는 여자이다.",
        "나는 40대이다.",
        "나는 드라마 PD이다.",
        "나는 점심에 뉴스 기사를 본다.",
        "나는 중식을 싫어한다."
      ],
      "speakerType": "speaker1"
    },
    "cpInfo": {
      "personaID": "51774",
      "personaFeatures": [
        "나는 여자이다.",
        "나는 50대이다.",
        "나는 아무 데서나 잘 잔다.",
        "나의 남자 형제는 선생님이다.",
        "나는 양주를 최근에 끊었다."
      ],
      "speakerType": "speaker2"
    }
  },
  "topicInfo": {
    "topicID": "14-01",
    "topicType": "시사/사회>사회이슈(국내)",
    "topicTitle": "물가"
  },
  "sessionInfo": [
    {
      "prevSessionID": null,
      "prevTimeInfo": {
        "timeNum": null,
        "timeUnit": null
      },
      "nthSession": "1",
      "numberOfUtterances": "16",
      "numberOfTurns": "8",
      "sessionID": "2-00272-1",
      "dialog": [
        {
          "speaker": "speaker1",
          "personaID": "41179",
          "participantID": "0360",
          "utterance": "저의 거주지는 대전이고 40대 여성입니다. 반갑습니다.",
          "summary": "나는 대전에 사는 40대 여성이다.",
          "date": "2022-09-29",
          "time": "12:00:54",
          "terminate": "false"
        },
        {
          "speaker": "speaker2",
          "personaID": "51774",
          "participantID": "0460",
          "utterance": "전 진주에 살고 있는 50대 여자에요~ 저도 반가워요~",
          "summary": "나는 진주에 사는 50대 여자이다.",
          "date": "2022-09-29",
          "time": "12:01:14",
          "terminate": "false"
        },
        {
          "speaker": "speaker1",
          "personaID": "41179",
          "participantID": "0360",
          "utterance": "오늘 촬영했던 드라마 편집을 하고 있는데 편집을 너무 많이해서 쓸 분량이 없네요. 무슨일 하세요?",
          "summary": "오늘 촬영했던 드라마 편집을 하고 있다.",
          "date": "2022-09-29",
          "time": "12:02:22",
          "terminate": "false"
        },
        {
          "speaker": "speaker2",
          "personaID": "51774",
          "participantID": "0460",
          "utterance": "전 중학교 수학 선생님이에요~ 저희 오빠와 같은 학교에 부임했어요~",
          "summary": "나는 중학교 수학 선생님이다. 나의 오빠와 같은 학교에 부임했다.",
          "date": "2022-09-29",
          "time": "12:03:02",
          "terminate": "false"
        },
        {
          "speaker": "speaker1",
          "personaID": "41179",
          "participantID": "0360",
          "utterance": "학교 선생님이셨구나. 저는 드라마 PD에요. 지금 일하고 계세요?",
          "summary": "",
          "date": "2022-09-29",
          "time": "12:04:49",
          "terminate": "false"
        },
        {
          "speaker": "speaker2",
          "personaID": "51774",
          "participantID": "0460",
          "utterance": "아뇨~ 요즘 학교 방학이라서 캠핑 왔어요~",
          "summary": "나는 요즘 학교 방학이다. 나는 캠핑 중이다.",
          "date": "2022-09-29",
          "time": "12:05:09",
          "terminate": "false"
        },
        {
          "speaker": "speaker1",
          "personaID": "41179",
          "participantID": "0360",
          "utterance": "방학이시구나. 부럽네요. 캠핑을 자주 다니세요?",
          "summary": "",
          "date": "2022-09-29",
          "time": "12:05:19",
          "terminate": "false"
        },
        {
          "speaker": "speaker2",
          "personaID": "51774",
          "participantID": "0460",
          "utterance": "캠핑 자주 다니죠~ 보통 한번 캠핑을 가면 2박 3일로 텐트치고 야외에서 자고 집에 들어와요~",
          "summary": "나는 캠핑 가면 2박 3일 텐트 치로 야외에서 잔다.",
          "date": "2022-09-29",
          "time": "12:05:39",
          "terminate": "false"
        },
        {
          "speaker": "speaker1",
          "personaID": "41179",
          "participantID": "0360",
          "utterance": "캠핑을 좋아하시는구나. 혼자 캠핑가서 주무세요?",
          "summary": "",
          "date": "2022-09-29",
          "time": "12:06:12",
          "terminate": "false"
        },
        {
          "speaker": "speaker2",
          "personaID": "51774",
          "participantID": "0460",
          "utterance": "방학이 친오빠와 겹쳐서 친오빠랑 캠핑 와요~ 저희 친오빠도 저처럼 아무데서 잘 자거든요~",
          "summary": "나는 친오빠와 캠핑을 온다.",
          "date": "2022-09-29",
          "time": "12:06:43",
          "terminate": "false"
        },
        {
          "speaker": "speaker1",
          "personaID": "41179",
          "participantID": "0360",
          "utterance": "친오빠가 있어서 든든하시겠어요. 점심 식사는 하셨어요?",
          "summary": "",
          "date": "2022-09-29",
          "time": "12:07:20",
          "terminate": "false"
        },
        {
          "speaker": "speaker2",
          "personaID": "51774",
          "participantID": "0460",
          "utterance": "아직 안먹었어요~ 지금 찌개 끓이고 있어요~",
          "summary": "나는 찌개를 끓이고 있다.",
          "date": "2022-09-29",
          "time": "12:07:45",
          "terminate": "false"
        },
        {
          "speaker": "speaker1",
          "personaID": "41179",
          "participantID": "0360",
          "utterance": "요리하고 계시는구나. 저는 밥먹고 뉴스 기사를 보고 있는데 택시기사님이 보이스피싱 범인을 잡았다네요. 대단하지 않아요?",
          "summary": "나는 밥 먹고 뉴스 기사를 보고 있다. 택시기사가 보이스 피싱 범인을 잡았다.",
          "date": "2022-09-29",
          "time": "12:08:36",
          "terminate": "false"
        },
        {
          "speaker": "speaker2",
          "personaID": "51774",
          "participantID": "0460",
          "utterance": "정말 대단한걸요~ 택사님 기지가 대단하시네요~",
          "summary": "",
          "date": "2022-09-29",
          "time": "12:08:48",
          "terminate": "false"
        },
        {
          "speaker": "speaker1",
          "personaID": "41179",
          "participantID": "0360",
          "utterance": "저는 이제 다시 일하러 가야되서 퇴근하고 연락드릴게요.",
          "summary": "나는 일하러 간다.",
          "date": "2022-09-29",
          "time": "12:09:26",
          "terminate": "false"
        },
        {
          "speaker": "speaker2",
          "personaID": "51774",
          "participantID": "0460",
          "utterance": "조심히 일하고 오세요~ 저도 캠핑 즐기고 있을게요~",
          "summary": "",
          "date": "2022-09-29",
          "time": "12:09:47",
          "terminate": "true"
        }
      ],
      "sessionPersonaSummary": {
        "speaker1": [
          "나는 대전에 사는 40대 여성이다.",
          "오늘 촬영했던 드라마 편집을 하고 있다.",
          "나는 밥 먹고 뉴스 기사를 보고 있다. 택시기사가 보이스 피싱 범인을 잡았다.",
          "나는 일하러 간다."
        ],
        "speaker2": [
          "나는 진주에 사는 50대 여자이다.",
          "나는 중학교 수학 선생님이다. 나의 오빠와 같은 학교에 부임했다.",
          "나는 요즘 학교 방학이다. 나는 캠핑 중이다.",
          "나는 캠핑 가면 2박 3일 텐트 치로 야외에서 잔다.",
          "나는 친오빠와 캠핑을 온다.",
          "나는 찌개를 끓이고 있다."
        ]
      },
      "prevAggregatedpersonaSummary": {
        "speaker1": [],
        "speaker2": []
      }
    },
    {
      "prevSessionID": "2-00272-1",
      "prevTimeInfo": {
        "timeNum": "5",
        "timeUnit": "시간"
      },
      "nthSession": "2",
      "numberOfUtterances": "16",
      "numberOfTurns": "8",
      "sessionID": "2-00272-2",
      "dialog": [
        {
          "speaker": "speaker1",
          "personaID": "41179",
          "participantID": "0360",
          "utterance": "전 이제 퇴근했어요. 캠핑 잘 즐기고 계세요?",
          "summary": "나는 퇴근했다.",
          "date": "2022-09-29",
          "time": "12:11:32",
          "terminate": "false"
        },
        {
          "speaker": "speaker2",
          "personaID": "51774",
          "participantID": "0460",
          "utterance": "캠핑 하고 있죠~ 일하시느라 고생 하셨어요~",
          "summary": "",
          "date": "2022-09-29",
          "time": "12:11:49",
          "terminate": "false"
        },
        {
          "speaker": "speaker1",
          "personaID": "41179",
          "participantID": "0360",
          "utterance": "고마워요. 저녁은 드셨어요? 저는 못먹어서 근처 중국집에 들어갔어요.",
          "summary": "나는 근처 중국집에 들어왔다.",
          "date": "2022-09-29",
          "time": "12:12:28",
          "terminate": "false"
        },
        {
          "speaker": "speaker2",
          "personaID": "51774",
          "participantID": "0460",
          "utterance": "저녁은 아직 안먹었어요~ 조금있다가 최근에 끊었던 양주를 오늘만 마시려구요~",
          "summary": "나는 조금 있다가 최근에 끊었던 양주를 마실 것이다.",
          "date": "2022-09-29",
          "time": "12:12:56",
          "terminate": "false"
        },
        {
          "speaker": "speaker1",
          "personaID": "41179",
          "participantID": "0360",
          "utterance": "하루정도는 양주 마셔두 되죠. 저는 중식을 싫어하는데 근처에 중국집 밖에 없어서 들어왔어요.",
          "summary": "나는 중식을 싫어한다.",
          "date": "2022-09-29",
          "time": "12:13:26",
          "terminate": "false"
        },
        {
          "speaker": "speaker2",
          "personaID": "51774",
          "participantID": "0460",
          "utterance": "너무 배고프신가보네요~ 중식에도 볶음밥류 드시면 되지 않나요?",
          "summary": "",
          "date": "2022-09-29",
          "time": "12:13:54",
          "terminate": "false"
        },
        {
          "speaker": "speaker1",
          "personaID": "41179",
          "participantID": "0360",
          "utterance": "안그래도 잡채밥 먹을까해요. 근데 물가가 많이 올랐나봐요. 잡채밥 가격이 너무 비싸네요.",
          "summary": "나는 잡채밥을 먹을 것이다.",
          "date": "2022-09-29",
          "time": "12:14:21",
          "terminate": "false"
        },
        {
          "speaker": "speaker2",
          "personaID": "51774",
          "participantID": "0460",
          "utterance": "잡채밥이 얼마인가요? 안사먹은지 오래되서 잘 모르겠네요~",
          "summary": "나는 잡채밥을 안 사 먹은 지 오래되었다.",
          "date": "2022-09-29",
          "time": "12:14:32",
          "terminate": "false"
        },
        {
          "speaker": "speaker1",
          "personaID": "41179",
          "participantID": "0360",
          "utterance": "12000원이에요. 밥 한끼에 만원이 넘어가고 있네요.",
          "summary": "잡채밥이 12000원이다.",
          "date": "2022-09-29",
          "time": "12:14:48",
          "terminate": "false"
        },
        {
          "speaker": "speaker2",
          "personaID": "51774",
          "participantID": "0460",
          "utterance": "엄청 비싸네요~ 원래는 얼마정도 했어요?",
          "summary": "",
          "date": "2022-09-29",
          "time": "12:15:06",
          "terminate": "false"
        },
        {
          "speaker": "speaker1",
          "personaID": "41179",
          "participantID": "0360",
          "utterance": "아주 오래전에 먹었던 기억이 있는데 그땐 6천원밖에 안했었거든요. 비록 몇년전이지만요.",
          "summary": "나는 몇 년 전에 잡채밥을 6천 원에 사 먹었다.",
          "date": "2022-09-29",
          "time": "12:15:20",
          "terminate": "false"
        },
        {
          "speaker": "speaker2",
          "personaID": "51774",
          "participantID": "0460",
          "utterance": "물가가 두배나 올랐네요. 무서워서 중식 가지 못하겠네요~",
          "summary": "",
          "date": "2022-09-29",
          "time": "12:15:36",
          "terminate": "false"
        },
        {
          "speaker": "speaker1",
          "personaID": "41179",
          "participantID": "0360",
          "utterance": "여기가 고급 중식레스토랑이라 더 비쌀 수도 있지만 전체적인 물가가 올랐을거에요.",
          "summary": "",
          "date": "2022-09-29",
          "time": "12:15:56",
          "terminate": "false"
        },
        {
          "speaker": "speaker2",
          "personaID": "51774",
          "participantID": "0460",
          "utterance": "그래도 배고프시니까 오늘은 가격 생각하지말고 먹어요~",
          "summary": "",
          "date": "2022-09-29",
          "time": "12:16:29",
          "terminate": "false"
        },
        {
          "speaker": "speaker1",
          "personaID": "41179",
          "participantID": "0360",
          "utterance": "마음편하게 먹어야죠. 저는 음식 주문 하고 올게요.",
          "summary": "나는 음식 주문하러 간다.",
          "date": "2022-09-29",
          "time": "12:16:39",
          "terminate": "false"
        },
        {
          "speaker": "speaker2",
          "personaID": "51774",
          "participantID": "0460",
          "utterance": "잡채밥 맛있게 드시고 식사 다하고 연락 주세요~",
          "summary": "",
          "date": "2022-09-29",
          "time": "12:16:52",
          "terminate": "true"
        }
      ],
      "sessionPersonaSummary": {
        "speaker1": [
          "나는 퇴근했다.",
          "나는 근처 중국집에 들어왔다.",
          "나는 중식을 싫어한다.",
          "나는 잡채밥을 먹을 것이다.",
          "잡채밥이 12000원이다.",
          "나는 몇 년 전에 잡채밥을 6천 원에 사 먹었다.",
          "나는 음식 주문하러 간다."
        ],
        "speaker2": [
          "나는 조금 있다가 최근에 끊었던 양주를 마실 것이다.",
          "나는 잡채밥을 안 사 먹은 지 오래되었다."
        ]
      },
      "prevAggregatedpersonaSummary": {
        "speaker1": [
          "나는 대전에 사는 40대 여성이다.",
          "오늘 촬영했던 드라마 편집을 하고 있다.",
          "나는 밥 먹고 뉴스 기사를 보고 있다. 택시기사가 보이스 피싱 범인을 잡았다.",
          "나는 일하러 간다."
        ],
        "speaker2": [
          "나는 진주에 사는 50대 여자이다.",
          "나는 중학교 수학 선생님이다. 나의 오빠와 같은 학교에 부임했다.",
          "나는 요즘 학교 방학이다. 나는 캠핑 중이다.",
          "나는 캠핑 가면 2박 3일 텐트 치로 야외에서 잔다.",
          "나는 친오빠와 캠핑을 온다.",
          "나는 찌개를 끓이고 있다."
        ]
      }
    }
  ]
}