{
  "FileInfo": {
    "filename": "K2-00293-CL20662-CP21296-09-07-S2.json",
    "sessionLevel": "2"
  },
  "participantsInfo": {
    "numberOfParticipants": "2",
    "speaker1": {
      "participantID": "0040",
      "gender": "남성",
      "age": "20대",
      "occupation": "학생",
      "bPlace": "서울/경기/인천",
      "gPlace": "서울/경기/인천",
      "rPlace": "서울/경기/인천",
      "educationLevel": "대졸"
    },
    "speaker2": {
      "participantID": "0042",
      "gender": "남성",
      "age": "20대",
      "occupation": "기타",
      "bPlace": "부산/대구/울산/경상",
      "gPlace": "부산/대구/울산/경상",
      "rPlace": "부산/대구/울산/경상",
      "educationLevel": "대졸"
    }
  },
  "multisessionInfo": {
    "multisessionID": "2-00293"
  },
  "personaInfo": {
    "clInfo": {
      "personaID": "20662",
      "personaFeatures": [
        "나는 남자이다.",
        "나는 20대이다.",
        "나는 아침에 야채 주스를 마신다.",
        "나는 자산운용가이다.",
        "나는 빨간색을 좋아한다."
      ],
      "speakerType": "speaker1"
    },
    "cpInfo": {
      "personaID": "21296",
      "personaFeatures": [
        "나는 남자이다.",
        "나는 20대이다.",
        "나는 역사/문화 여행 자주 간다.",
        "나는 중어중문학 전공이다.",
        "나는 여름을 싫어한다."
      ],
      "speakerType": "speaker2"
    }
  },
  "topicInfo": {
    "topicID": "09-07",
    "topicType": "개인 및 관계>반려동물",
    "topicTitle": "동물병원"
  },
  "sessionInfo": [
    {
      "prevSessionID": null,
      "prevTimeInfo": {
        "timeNum": null,
        "timeUnit": null
      },
      "nthSession": "1",
      "numberOfUtterances": "18",
      "numberOfTurns": "9",
      "sessionID": "2-00293-1",
      "dialog": [
        {
          "speaker": "speaker1",
          "personaID": "20662",
          "participantID": "0040",
          "utterance": "안녕하세요~ 20대 동물부모 모임에 오신 걸 환영합니다.",
          "summary": "나는 20대다.",
          "date": "2022-09-16",
          "time": "16:20:47",
          "terminate": "false"
        },
        {
          "speaker": "speaker2",
          "personaID": "21296",
          "participantID": "0042",
          "utterance": "안녕하세요^^ 저는 앵무아빠입니다.",
          "summary": "나는 20대 남자다. 나는 앵무새를 키운다.",
          "date": "2022-09-16",
          "time": "16:21:14",
          "terminate": "false"
        },
        {
          "speaker": "speaker1",
          "personaID": "20662",
          "participantID": "0040",
          "utterance": "반가워요~ 저는 냥이아빠예요. 저희 만나면 안되겠네요ㅋㅋ.",
          "summary": "나는 20대 남자다. 나는 고양이를 키운다.",
          "date": "2022-09-16",
          "time": "16:21:29",
          "terminate": "false"
        },
        {
          "speaker": "speaker2",
          "personaID": "21296",
          "participantID": "0042",
          "utterance": "새랑 고양이는 아무래도 만나게 하면 안되긴 하죠ㅋㅋ.",
          "summary": "",
          "date": "2022-09-16",
          "time": "16:21:39",
          "terminate": "false"
        },
        {
          "speaker": "speaker1",
          "personaID": "20662",
          "participantID": "0040",
          "utterance": "프사가 님이 키우는 앵무인가요?",
          "summary": "",
          "date": "2022-09-16",
          "time": "16:21:54",
          "terminate": "false"
        },
        {
          "speaker": "speaker2",
          "personaID": "21296",
          "participantID": "0042",
          "utterance": "네ㅎㅎ 저희 애 귀엽죠? 예쁘죠? 미조죠?",
          "summary": "나는 내 앵무새가 귀여워 죽겠다.",
          "date": "2022-09-16",
          "time": "16:22:01",
          "terminate": "false"
        },
        {
          "speaker": "speaker1",
          "personaID": "20662",
          "participantID": "0040",
          "utterance": "네! 제가 빨간색 좋아해서 그런지 더 예뻐보이네요ㅋㅋ.",
          "summary": "나는 빨간색을 좋아한다.",
          "date": "2022-09-16",
          "time": "16:22:13",
          "terminate": "false"
        },
        {
          "speaker": "speaker2",
          "personaID": "21296",
          "participantID": "0042",
          "utterance": "감사합니다ㅋㅋㅋ 님 프사는 녹즙인가요?",
          "summary": "",
          "date": "2022-09-16",
          "time": "16:22:26",
          "terminate": "false"
        },
        {
          "speaker": "speaker1",
          "personaID": "20662",
          "participantID": "0040",
          "utterance": "제가 직접 갈아 만든 야채 주스예요! 아침마다 마시거든요.",
          "summary": "나는 아침에 야채 주스를 마신다.",
          "date": "2022-09-16",
          "time": "16:22:41",
          "terminate": "false"
        },
        {
          "speaker": "speaker2",
          "personaID": "21296",
          "participantID": "0042",
          "utterance": "되게 부지런하시네요ㅋㅋㅋ 뭔가 저번에 문화 체험 여행 갔을 때 본 거랑 똑같다ㅋㅋ.",
          "summary": "",
          "date": "2022-09-16",
          "time": "16:23:04",
          "terminate": "false"
        },
        {
          "speaker": "speaker1",
          "personaID": "20662",
          "participantID": "0040",
          "utterance": "문화 체험 여행이요? 신기하다. 저는 그런 거 가본 적이 없는데.",
          "summary": "",
          "date": "2022-09-16",
          "time": "16:23:21",
          "terminate": "false"
        },
        {
          "speaker": "speaker2",
          "personaID": "21296",
          "participantID": "0042",
          "utterance": "저는 자주 다니고 있어요~ 중어중문학 전공이라 중국에 주로 가요.",
          "summary": "나는 문화 여행을 자주 간다. 나는 중어중문학 전공이다.",
          "date": "2022-09-16",
          "time": "16:23:34",
          "terminate": "false"
        },
        {
          "speaker": "speaker1",
          "personaID": "20662",
          "participantID": "0040",
          "utterance": "중국이요? 저도 중국 자주 가는데 반갑네요ㅎㅎ.",
          "summary": "나는 중국에 자주 간다.",
          "date": "2022-09-16",
          "time": "16:23:48",
          "terminate": "false"
        },
        {
          "speaker": "speaker2",
          "personaID": "21296",
          "participantID": "0042",
          "utterance": "어, 중국 자주 가세요? 일로 가세요, 여행으로 가세요?",
          "summary": "",
          "date": "2022-09-16",
          "time": "16:23:59",
          "terminate": "false"
        },
        {
          "speaker": "speaker1",
          "personaID": "20662",
          "participantID": "0040",
          "utterance": "저 일하러요~ 자산 운용가인데, 중국 부자들이 절 자주 불러서요ㅋㅋ.",
          "summary": "나는 중국에 자산 운용가로 일하러 간다.",
          "date": "2022-09-16",
          "time": "16:24:12",
          "terminate": "false"
        },
        {
          "speaker": "speaker2",
          "personaID": "21296",
          "participantID": "0042",
          "utterance": "지금 중국 가시는 거 되게 괴로우시겠다~;; 중국 여름 되게 덥잖아요. 전 여름 싫어해서 상상만 해도 싫네요.",
          "summary": "나는 여름을 싫어한다.",
          "date": "2022-09-16",
          "time": "16:24:35",
          "terminate": "false"
        },
        {
          "speaker": "speaker1",
          "personaID": "20662",
          "participantID": "0040",
          "utterance": "그렇긴 한데, 여기나 거기나 거기서 거기라서요ㅋㅋㅋ 아, 저 냥이 감자좀 치우고 올게요~",
          "summary": "나는 고양이 화장실을 치울 것이다.",
          "date": "2022-09-16",
          "time": "16:24:54",
          "terminate": "false"
        },
        {
          "speaker": "speaker2",
          "personaID": "21296",
          "participantID": "0042",
          "utterance": "하긴 그것도 그렇긴 해요ㅋㅋㅋㅋ 다녀오세요~",
          "summary": "",
          "date": "2022-09-16",
          "time": "16:25:02",
          "terminate": "true"
        }
      ],
      "sessionPersonaSummary": {
        "speaker1": [
          "나는 20대다.",
          "나는 20대 남자다. 나는 고양이를 키운다.",
          "나는 빨간색을 좋아한다.",
          "나는 아침에 야채 주스를 마신다.",
          "나는 중국에 자주 간다.",
          "나는 중국에 자산 운용가로 일하러 간다.",
          "나는 고양이 화장실을 치울 것이다."
        ],
        "speaker2": [
          "나는 20대 남자다. 나는 앵무새를 키운다.",
          "나는 내 앵무새가 귀여워 죽겠다.",
          "나는 문화 여행을 자주 간다. 나는 중어중문학 전공이다.",
          "나는 여름을 싫어한다."
        ]
      },
      "prevAggregatedpersonaSummary": {
        "speaker1": [],
        "speaker2": []
      }
    },
    {
      "prevSessionID": "2-00293-1",
      "prevTimeInfo": {
        "timeNum": "1",
        "timeUnit": "시간"
      },
      "nthSession": "2",
      "numberOfUtterances": "18",
      "numberOfTurns": "9",
      "sessionID": "2-00293-2",
      "dialog": [
        {
          "speaker": "speaker1",
          "personaID": "20662",
          "participantID": "0040",
          "utterance": "죄송해요;; 1시간만에 왔네요. 기다리셨어요?",
          "summary": "",
          "date": "2022-09-16",
          "time": "16:25:25",
          "terminate": "false"
        },
        {
          "speaker": "speaker2",
          "personaID": "21296",
          "participantID": "0042",
          "utterance": "아니에요, 괜찮아요^^ 무슨 일 있으셨어요?",
          "summary": "",
          "date": "2022-09-16",
          "time": "16:25:32",
          "terminate": "false"
        },
        {
          "speaker": "speaker1",
          "personaID": "20662",
          "participantID": "0040",
          "utterance": "아까 감자 치우다 혈흔이 보여가지고 정신 없었어요;;",
          "summary": "나는 아까 고양이 화장실을 치우다 혈흔을 발견했다.",
          "date": "2022-09-16",
          "time": "16:25:41",
          "terminate": "false"
        },
        {
          "speaker": "speaker2",
          "personaID": "21296",
          "participantID": "0042",
          "utterance": "헉;; 이 시간에 문 연 동물 병원이 있었던가요?",
          "summary": "",
          "date": "2022-09-16",
          "time": "16:25:54",
          "terminate": "false"
        },
        {
          "speaker": "speaker1",
          "personaID": "20662",
          "participantID": "0040",
          "utterance": "다행히 저희 집 앞 동물병원이 야간진료도 봐주셔서요!",
          "summary": "나의 집 앞 동물병원은 야간 진료를 한다.",
          "date": "2022-09-16",
          "time": "16:26:04",
          "terminate": "false"
        },
        {
          "speaker": "speaker2",
          "personaID": "21296",
          "participantID": "0042",
          "utterance": "흐아, 그거 진짜 다행이네요. 냥이는 지금 괜찮나요?",
          "summary": "",
          "date": "2022-09-16",
          "time": "16:26:15",
          "terminate": "false"
        },
        {
          "speaker": "speaker1",
          "personaID": "20662",
          "participantID": "0040",
          "utterance": "지금 애기 링거 맞추고 있어요. 무릎 무거워 죽겠네요.",
          "summary": "내 고양이는 지금 링거를 맞고 있다.",
          "date": "2022-09-16",
          "time": "16:26:32",
          "terminate": "false"
        },
        {
          "speaker": "speaker2",
          "personaID": "21296",
          "participantID": "0042",
          "utterance": "아이고;; 별 이상은 없대요? 안 아프면 좋으련만.",
          "summary": "",
          "date": "2022-09-16",
          "time": "16:26:47",
          "terminate": "false"
        },
        {
          "speaker": "speaker1",
          "personaID": "20662",
          "participantID": "0040",
          "utterance": "일단 지금 약 처방받고 링거 맞추고 있는데, 쉽게 완치 가능한 병이래요.",
          "summary": "내 고양이의 병은 완치하기 쉽다.",
          "date": "2022-09-16",
          "time": "16:27:04",
          "terminate": "false"
        },
        {
          "speaker": "speaker2",
          "personaID": "21296",
          "participantID": "0042",
          "utterance": "수의사 선생님이 그렇게 말씀하실 정도면 다행이네요, 진짜로.",
          "summary": "",
          "date": "2022-09-16",
          "time": "16:27:18",
          "terminate": "false"
        },
        {
          "speaker": "speaker1",
          "personaID": "20662",
          "participantID": "0040",
          "utterance": "그러니까요. 완전 한시름 놨어요.",
          "summary": "",
          "date": "2022-09-16",
          "time": "16:27:26",
          "terminate": "false"
        },
        {
          "speaker": "speaker2",
          "personaID": "21296",
          "participantID": "0042",
          "utterance": "그나저나 님을 보니까, 역시 집은 병세권이 제일인 것 같아요.",
          "summary": "",
          "date": "2022-09-16",
          "time": "16:27:45",
          "terminate": "false"
        },
        {
          "speaker": "speaker1",
          "personaID": "20662",
          "participantID": "0040",
          "utterance": "ㅋㅋㅋ그쵸. 특히 동물 집사면 동물 병원 근처에 있는지 꼭 확인해봐야 하는 것 같아요.",
          "summary": "",
          "date": "2022-09-16",
          "time": "16:28:05",
          "terminate": "false"
        },
        {
          "speaker": "speaker2",
          "personaID": "21296",
          "participantID": "0042",
          "utterance": "그니까요ㅋㅋㅋ 애기 아프면 응급실 데려갈 수도 없다보니까 더 중요한 것 같아요.",
          "summary": "",
          "date": "2022-09-16",
          "time": "16:28:19",
          "terminate": "false"
        },
        {
          "speaker": "speaker1",
          "personaID": "20662",
          "participantID": "0040",
          "utterance": "님 댁 근처에도 조류 진료하는 동물 병원이 있나요?",
          "summary": "",
          "date": "2022-09-16",
          "time": "16:28:31",
          "terminate": "false"
        },
        {
          "speaker": "speaker2",
          "personaID": "21296",
          "participantID": "0042",
          "utterance": "네ㅋㅋㅋ 그래서 일부러 여기로 이사 왔었어요~",
          "summary": "나는 동물병원 근처로 일부러 이사 왔다.",
          "date": "2022-09-16",
          "time": "16:28:39",
          "terminate": "false"
        },
        {
          "speaker": "speaker1",
          "personaID": "20662",
          "participantID": "0040",
          "utterance": "저라도 그럴 것 같아요ㅋㅋ 아, 저 의사선생님이 부르시네요!",
          "summary": "",
          "date": "2022-09-16",
          "time": "16:28:48",
          "terminate": "false"
        },
        {
          "speaker": "speaker2",
          "personaID": "21296",
          "participantID": "0042",
          "utterance": "전 신경쓰지 말고 얼른 가보세요~",
          "summary": "",
          "date": "2022-09-16",
          "time": "16:28:57",
          "terminate": "true"
        }
      ],
      "sessionPersonaSummary": {
        "speaker1": [
          "나는 아까 고양이 화장실을 치우다 혈흔을 발견했다.",
          "나의 집 앞 동물병원은 야간 진료를 한다.",
          "내 고양이는 지금 링거를 맞고 있다.",
          "내 고양이의 병은 완치하기 쉽다."
        ],
        "speaker2": [
          "나는 동물병원 근처로 일부러 이사 왔다."
        ]
      },
      "prevAggregatedpersonaSummary": {
        "speaker1": [
          "나는 20대다.",
          "나는 20대 남자다. 나는 고양이를 키운다.",
          "나는 빨간색을 좋아한다.",
          "나는 아침에 야채 주스를 마신다.",
          "나는 중국에 자주 간다.",
          "나는 중국에 자산 운용가로 일하러 간다.",
          "나는 고양이 화장실을 치울 것이다."
        ],
        "speaker2": [
          "나는 20대 남자다. 나는 앵무새를 키운다.",
          "나는 내 앵무새가 귀여워 죽겠다.",
          "나는 문화 여행을 자주 간다. 나는 중어중문학 전공이다.",
          "나는 여름을 싫어한다."
        ]
      }
    }
  ]
}