{
  "FileInfo": {
    "filename": "K2-00284-CL30285-CP31225-17-14-S2.json",
    "sessionLevel": "2"
  },
  "participantsInfo": {
    "numberOfParticipants": "2",
    "speaker1": {
      "participantID": "0608",
      "gender": "남성",
      "age": "30대",
      "occupation": "자영업",
      "bPlace": "서울/경기/인천",
      "gPlace": "서울/경기/인천",
      "rPlace": "서울/경기/인천",
      "educationLevel": "대졸"
    },
    "speaker2": {
      "participantID": "0585",
      "gender": "남성",
      "age": "30대",
      "occupation": "자영업",
      "bPlace": "부산/대구/울산/경상",
      "gPlace": "부산/대구/울산/경상",
      "rPlace": "부산/대구/울산/경상",
      "educationLevel": "대졸"
    }
  },
  "multisessionInfo": {
    "multisessionID": "2-00284"
  },
  "personaInfo": {
    "clInfo": {
      "personaID": "30285",
      "personaFeatures": [
        "나는 남자이다.",
        "나는 30대이다.",
        "나는 중학교 사회 교사이다.",
        "나는 홍콩에 가봤다.",
        "나는 오렌지를 즐겨 먹는다."
      ],
      "speakerType": "speaker1"
    },
    "cpInfo": {
      "personaID": "31225",
      "personaFeatures": [
        "나는 남자이다.",
        "나는 30대이다.",
        "나는 미장공이다.",
        "나는 뭐든지 열심히 한다.",
        "나는 복숭아를 싫어한다."
      ],
      "speakerType": "speaker2"
    }
  },
  "topicInfo": {
    "topicID": "17-14",
    "topicType": "미용과 건강>건강",
    "topicTitle": "건강식품"
  },
  "sessionInfo": [
    {
      "prevSessionID": null,
      "prevTimeInfo": {
        "timeNum": null,
        "timeUnit": null
      },
      "nthSession": "1",
      "numberOfUtterances": "16",
      "numberOfTurns": "8",
      "sessionID": "2-00284-1",
      "dialog": [
        {
          "speaker": "speaker1",
          "personaID": "30285",
          "participantID": "0608",
          "utterance": "안녕하세요 ! 30대 남자에요 ~ 편한소통 !기대합니다!",
          "summary": "나는 30대이다. 나는 남자이다.",
          "date": "2022-10-11",
          "time": "12:30:19",
          "terminate": "false"
        },
        {
          "speaker": "speaker2",
          "personaID": "31225",
          "participantID": "0585",
          "utterance": "안녕하세요~저도 30대 남자입니다! 편한 소통 해요.",
          "summary": "나는 30대이다. 나는 남자이다.",
          "date": "2022-10-11",
          "time": "12:30:20",
          "terminate": "false"
        },
        {
          "speaker": "speaker1",
          "personaID": "30285",
          "participantID": "0608",
          "utterance": "아 중국집 아무리 시켜 먹어도, 그 맛을 못잊겠네요..",
          "summary": "",
          "date": "2022-10-11",
          "time": "12:30:29",
          "terminate": "false"
        },
        {
          "speaker": "speaker2",
          "personaID": "31225",
          "participantID": "0585",
          "utterance": "무슨 맛을 못 잊겠다고 하시는거에요? 궁금하네요.",
          "summary": "",
          "date": "2022-10-11",
          "time": "12:30:31",
          "terminate": "false"
        },
        {
          "speaker": "speaker1",
          "personaID": "30285",
          "participantID": "0608",
          "utterance": "그 미국에서 먹은 중국음식 있잖아요. 미국식 중국음식..",
          "summary": "나는 미국식 중국음식 맛을 못 잊겠다.",
          "date": "2022-10-11",
          "time": "12:30:46",
          "terminate": "false"
        },
        {
          "speaker": "speaker2",
          "personaID": "31225",
          "participantID": "0585",
          "utterance": "아 그래요? 저는 안먹어봤는데..맛있나요?",
          "summary": "나는 미국식 중국음식을 안 먹어봤다.",
          "date": "2022-10-11",
          "time": "12:30:48",
          "terminate": "false"
        },
        {
          "speaker": "speaker1",
          "personaID": "30285",
          "participantID": "0608",
          "utterance": "제가 또 오렌지 즐겨먹는데, 베이스소스가 오렌지라 완전 맛있어요.",
          "summary": "나는 오렌지를 즐겨 먹는다.",
          "date": "2022-10-11",
          "time": "12:30:58",
          "terminate": "false"
        },
        {
          "speaker": "speaker2",
          "personaID": "31225",
          "participantID": "0585",
          "utterance": "그렇구나..근데 그런건 한국에 안파나요? 한번 먹어보고싶네요.",
          "summary": "",
          "date": "2022-10-11",
          "time": "12:31:00",
          "terminate": "false"
        },
        {
          "speaker": "speaker1",
          "personaID": "30285",
          "participantID": "0608",
          "utterance": "모르겠네요. 홍콩 가봤을때는 여기저기 팔던데..",
          "summary": "나는 홍콩에 가봤다.",
          "date": "2022-10-11",
          "time": "12:31:10",
          "terminate": "false"
        },
        {
          "speaker": "speaker2",
          "personaID": "31225",
          "participantID": "0585",
          "utterance": "아~홍콩도 갔다오셨구나! 경험이 참 많으시네요.",
          "summary": "",
          "date": "2022-10-11",
          "time": "12:31:12",
          "terminate": "false"
        },
        {
          "speaker": "speaker1",
          "personaID": "30285",
          "participantID": "0608",
          "utterance": "중학교 사회교사라, 방학때는 회사원보다는 시간이 많아가지구요 !",
          "summary": "나는 중학교 사회 교사이다.",
          "date": "2022-10-11",
          "time": "12:31:27",
          "terminate": "false"
        },
        {
          "speaker": "speaker2",
          "personaID": "31225",
          "participantID": "0585",
          "utterance": "부럽네요~저는 미장공이라서 맨날 작업하느라 바쁜데.",
          "summary": "나는 미장공이다.",
          "date": "2022-10-11",
          "time": "12:31:31",
          "terminate": "false"
        },
        {
          "speaker": "speaker1",
          "personaID": "30285",
          "participantID": "0608",
          "utterance": "그래도 저보다 지갑사정이 여유로우시잖아요.",
          "summary": "",
          "date": "2022-10-11",
          "time": "12:31:38",
          "terminate": "false"
        },
        {
          "speaker": "speaker2",
          "personaID": "31225",
          "participantID": "0585",
          "utterance": "그럼 뭐해요~시간이 없는데..자기 시간을 가지는게 좋죠.",
          "summary": "",
          "date": "2022-10-11",
          "time": "12:31:40",
          "terminate": "false"
        },
        {
          "speaker": "speaker1",
          "personaID": "30285",
          "participantID": "0608",
          "utterance": "다 장단이 있네요 ㅎㅎ..그러면 화이팅이에요 ! 다음에 또 연락 할께요 !",
          "summary": "",
          "date": "2022-10-11",
          "time": "12:31:52",
          "terminate": "false"
        },
        {
          "speaker": "speaker2",
          "personaID": "31225",
          "participantID": "0585",
          "utterance": "난 화이팅 필요 없어요 어차피 뭐든 열심히해서 ~ 제 화이팅 까지 가져가요 ~ 또연락줘요 !",
          "summary": "나는 뭐든지 열심히 한다.",
          "date": "2022-10-11",
          "time": "12:32:06",
          "terminate": "true"
        }
      ],
      "sessionPersonaSummary": {
        "speaker1": [
          "나는 30대이다. 나는 남자이다.",
          "나는 미국식 중국음식 맛을 못 잊겠다.",
          "나는 오렌지를 즐겨 먹는다.",
          "나는 홍콩에 가봤다.",
          "나는 중학교 사회 교사이다."
        ],
        "speaker2": [
          "나는 30대이다. 나는 남자이다.",
          "나는 미국식 중국음식을 안 먹어봤다.",
          "나는 미장공이다.",
          "나는 뭐든지 열심히 한다."
        ]
      },
      "prevAggregatedpersonaSummary": {
        "speaker1": [],
        "speaker2": []
      }
    },
    {
      "prevSessionID": "2-00284-1",
      "prevTimeInfo": {
        "timeNum": "1",
        "timeUnit": "일"
      },
      "nthSession": "2",
      "numberOfUtterances": "16",
      "numberOfTurns": "8",
      "sessionID": "2-00284-2",
      "dialog": [
        {
          "speaker": "speaker1",
          "personaID": "30285",
          "participantID": "0608",
          "utterance": "안녕하세요! 어제는 잘 주무셨어요? 작업 마무리 잘하셨구요?",
          "summary": "",
          "date": "2022-10-11",
          "time": "12:32:43",
          "terminate": "false"
        },
        {
          "speaker": "speaker2",
          "personaID": "31225",
          "participantID": "0585",
          "utterance": "네~안녕하세요! 하루 만이네요~ 저야 작업 잘 마무리 했고 잠도 잘 잤습니다!",
          "summary": "",
          "date": "2022-10-11",
          "time": "12:32:45",
          "terminate": "false"
        },
        {
          "speaker": "speaker1",
          "personaID": "30285",
          "participantID": "0608",
          "utterance": "근데 결국에 알아냈어요 ! 그 중국음식 파는곳이요 ~",
          "summary": "",
          "date": "2022-10-11",
          "time": "12:32:55",
          "terminate": "false"
        },
        {
          "speaker": "speaker2",
          "personaID": "31225",
          "participantID": "0585",
          "utterance": "아~어제 말했던거요? 어딘데요? 궁금하네요.",
          "summary": "",
          "date": "2022-10-11",
          "time": "12:32:57",
          "terminate": "false"
        },
        {
          "speaker": "speaker1",
          "personaID": "30285",
          "participantID": "0608",
          "utterance": "네~ 동네에서 조금 멀긴한데 그래도 가보려구요 !",
          "summary": "",
          "date": "2022-10-11",
          "time": "12:33:05",
          "terminate": "false"
        },
        {
          "speaker": "speaker2",
          "personaID": "31225",
          "participantID": "0585",
          "utterance": "저는 사실 기름진건 안먹어서..하하! 어쨋든 궁금하긴 했어요.",
          "summary": "나는 기름진걸 안 먹는다.",
          "date": "2022-10-11",
          "time": "12:33:15",
          "terminate": "false"
        },
        {
          "speaker": "speaker1",
          "personaID": "30285",
          "participantID": "0608",
          "utterance": "저도 좀 줄이려고해요 ~ 이게 몸에 좋은건 아니잖아요.",
          "summary": "",
          "date": "2022-10-11",
          "time": "12:33:20",
          "terminate": "false"
        },
        {
          "speaker": "speaker2",
          "personaID": "31225",
          "participantID": "0585",
          "utterance": "맞아요~자주 먹으면 안좋긴 하죠!",
          "summary": "",
          "date": "2022-10-11",
          "time": "12:33:22",
          "terminate": "false"
        },
        {
          "speaker": "speaker1",
          "personaID": "30285",
          "participantID": "0608",
          "utterance": "저는 요즘 건강식품 이것저것 좀 제법 챙겨 먹거든요 !",
          "summary": "나는 요즘 건강식품을 챙겨 먹는다.",
          "date": "2022-10-11",
          "time": "12:33:30",
          "terminate": "false"
        },
        {
          "speaker": "speaker2",
          "personaID": "31225",
          "participantID": "0585",
          "utterance": "오~건강 관리 하시네요! 뭐 드시는데요?",
          "summary": "",
          "date": "2022-10-11",
          "time": "12:33:32",
          "terminate": "false"
        },
        {
          "speaker": "speaker1",
          "personaID": "30285",
          "participantID": "0608",
          "utterance": "아 최근에는 흑마늘즙 시켰어요. 좀 체감되는거 같아요.",
          "summary": "나는 최근에 흑마늘즙을 시켰다.",
          "date": "2022-10-11",
          "time": "12:33:40",
          "terminate": "false"
        },
        {
          "speaker": "speaker2",
          "personaID": "31225",
          "participantID": "0585",
          "utterance": "몸에 흑마늘즙이 잘 받나봐요! 좋네요!",
          "summary": "",
          "date": "2022-10-11",
          "time": "12:33:42",
          "terminate": "false"
        },
        {
          "speaker": "speaker1",
          "personaID": "30285",
          "participantID": "0608",
          "utterance": "그러니까요. 즙 류 같은거 좋아하거든요 ! 석류즙도 먹구요.",
          "summary": "나는 석류즙을 먹는다.",
          "date": "2022-10-11",
          "time": "12:33:50",
          "terminate": "false"
        },
        {
          "speaker": "speaker2",
          "personaID": "31225",
          "participantID": "0585",
          "utterance": "많이먹네요~저는 진짜 과일을 많이 먹는편이에요.",
          "summary": "나는 과일을 많이 먹는 편이다.",
          "date": "2022-10-11",
          "time": "12:33:54",
          "terminate": "false"
        },
        {
          "speaker": "speaker1",
          "personaID": "30285",
          "participantID": "0608",
          "utterance": "어떤 과일 좋아하세요? 저 잠시만요 !! 갑자기 비가 내려가지구요 ~",
          "summary": "",
          "date": "2022-10-11",
          "time": "12:34:04",
          "terminate": "false"
        },
        {
          "speaker": "speaker2",
          "personaID": "31225",
          "participantID": "0585",
          "utterance": "그냥 싫어하는 복숭아 빼고는 다잘먹어요. 그럼 나중에 연락주세요 !",
          "summary": "나는 복숭아를 싫어한다.",
          "date": "2022-10-11",
          "time": "12:34:06",
          "terminate": "true"
        }
      ],
      "sessionPersonaSummary": {
        "speaker1": [
          "나는 요즘 건강식품을 챙겨 먹는다.",
          "나는 최근에 흑마늘즙을 시켰다.",
          "나는 석류즙을 먹는다."
        ],
        "speaker2": [
          "나는 기름진걸 안 먹는다.",
          "나는 과일을 많이 먹는 편이다.",
          "나는 복숭아를 싫어한다."
        ]
      },
      "prevAggregatedpersonaSummary": {
        "speaker1": [
          "나는 30대이다. 나는 남자이다.",
          "나는 미국식 중국음식 맛을 못 잊겠다.",
          "나는 오렌지를 즐겨 먹는다.",
          "나는 홍콩에 가봤다.",
          "나는 중학교 사회 교사이다."
        ],
        "speaker2": [
          "나는 30대이다. 나는 남자이다.",
          "나는 미국식 중국음식을 안 먹어봤다.",
          "나는 미장공이다.",
          "나는 뭐든지 열심히 한다."
        ]
      }
    }
  ]
}