{
  "FileInfo": {
    "filename": "K2-00451-CL10218-CP51926-18-05-S2.json",
    "sessionLevel": "2"
  },
  "participantsInfo": {
    "numberOfParticipants": "2",
    "speaker1": {
      "participantID": "3870",
      "gender": "남성",
      "age": "20대",
      "occupation": "무직",
      "bPlace": "광주/전라/제주",
      "gPlace": "광주/전라/제주",
      "rPlace": "서울/경기/인천",
      "educationLevel": "고졸"
    },
    "speaker2": {
      "participantID": "3787",
      "gender": "여성",
      "age": "40대",
      "occupation": "주부",
      "bPlace": "서울/경기/인천",
      "gPlace": "서울/경기/인천",
      "rPlace": "대전/세종/충청/강원",
      "educationLevel": "대졸"
    }
  },
  "multisessionInfo": {
    "multisessionID": "2-00451"
  },
  "personaInfo": {
    "clInfo": {
      "personaID": "10218",
      "personaFeatures": [
        "나는 남자이다.",
        "나는 10대이다.",
        "나의 아버지는 중학교 선생님이다",
        "내가 좋아하는 과목은 체육이다",
        "나는 음악 영화를 자주 본다"
      ],
      "speakerType": "speaker1"
    },
    "cpInfo": {
      "personaID": "51926",
      "personaFeatures": [
        "나는 여자이다.",
        "나는 50대이다.",
        "나는 다소 소극적이다",
        "나는 TV 음악 프로그램을 자주 본다",
        "나는 샤인 머스캣을 좋아한다"
      ],
      "speakerType": "speaker2"
    }
  },
  "topicInfo": {
    "topicID": "18-05",
    "topicType": "상거래 전반",
    "topicTitle": "배송"
  },
  "sessionInfo": [
    {
      "prevSessionID": null,
      "prevTimeInfo": {
        "timeNum": null,
        "timeUnit": null
      },
      "nthSession": "1",
      "numberOfUtterances": "14",
      "numberOfTurns": "7",
      "sessionID": "2-00451-1",
      "dialog": [
        {
          "speaker": "speaker1",
          "personaID": "10218",
          "participantID": "3870",
          "utterance": "안녕하세요 나는 10대 남성입니다.",
          "summary": "나는 10대 남성입니다.",
          "date": "2022-10-25",
          "time": "15:08:28",
          "terminate": "false"
        },
        {
          "speaker": "speaker2",
          "personaID": "51926",
          "participantID": "3787",
          "utterance": "안녕하세요. 반갑습니다. 저는 50대 여성입니다.",
          "summary": "나는 50대 여성이다",
          "date": "2022-10-25",
          "time": "15:08:46",
          "terminate": "false"
        },
        {
          "speaker": "speaker1",
          "personaID": "10218",
          "participantID": "3870",
          "utterance": "반갑습니다 제가 좋아하는 과목은 체육입니다",
          "summary": "내가 좋아하는 과목은 체육이다\n",
          "date": "2022-10-25",
          "time": "15:11:59",
          "terminate": "false"
        },
        {
          "speaker": "speaker2",
          "personaID": "51926",
          "participantID": "3787",
          "utterance": "체육을 좋아하신다니 성격이 적극적이실 것 같아요. 저는 다소 소극적이라 성격이 적극적인 사람들 부러워요. ",
          "summary": "나는 다소 소극적이다",
          "date": "2022-10-25",
          "time": "15:13:04",
          "terminate": "false"
        },
        {
          "speaker": "speaker1",
          "personaID": "10218",
          "participantID": "3870",
          "utterance": "감사합니다. 저는 평소에 음악영화를 자주봅니다 영화나 음악을 좋아하시나요?",
          "summary": "나는 음악 영화를 자주 본다\n",
          "date": "2022-10-25",
          "time": "15:21:35",
          "terminate": "false"
        },
        {
          "speaker": "speaker2",
          "personaID": "51926",
          "participantID": "3787",
          "utterance": "저는 영화도 좋아하지만 특히 음악을 좋아해서 집에서 TV음악 프로그램을 자주 봐요.  좋아하는 음악이나 영화 있으세요?",
          "summary": "나는 TV 음악 프로그램을 자주 본다\n",
          "date": "2022-10-25",
          "time": "15:22:34",
          "terminate": "false"
        },
        {
          "speaker": "speaker1",
          "personaID": "10218",
          "participantID": "3870",
          "utterance": "저는 좋아하는 음악과 영화가 있습니다. 나의 아버지는 중학교 선생님입니다",
          "summary": "나의 아버지는 중학교 선생님이다\n",
          "date": "2022-10-25",
          "time": "15:25:50",
          "terminate": "false"
        },
        {
          "speaker": "speaker2",
          "personaID": "51926",
          "participantID": "3787",
          "utterance": "아버지가 중학교선생님이시라니 무슨 과목을 가르치고 계세요?",
          "summary": "",
          "date": "2022-10-25",
          "time": "15:26:48",
          "terminate": "false"
        },
        {
          "speaker": "speaker1",
          "personaID": "10218",
          "participantID": "3870",
          "utterance": "제가 좋아하는 과목인 체육을 가르치십니다.  저녁에는 뭘 주로하시나요",
          "summary": "나의 아버지는 체육을 가르친다.",
          "date": "2022-10-25",
          "time": "15:31:35",
          "terminate": "false"
        },
        {
          "speaker": "speaker2",
          "personaID": "51926",
          "participantID": "3787",
          "utterance": "체육선생님 너무 멋진 아버님이네요. 저는 저녁에도 거의 TV 음악 프로그램을 보던지 아니면 산책을 나가요. 산책 좋아하세요?",
          "summary": "나는 저녁에 산책을 나간다",
          "date": "2022-10-25",
          "time": "15:33:50",
          "terminate": "false"
        },
        {
          "speaker": "speaker1",
          "personaID": "10218",
          "participantID": "3870",
          "utterance": "음악을 들으면서 산책하는걸 좋아합니다. ",
          "summary": "나는 음악을 들으면서 산책하는 걸 좋아한다.",
          "date": "2022-10-25",
          "time": "15:36:14",
          "terminate": "false"
        },
        {
          "speaker": "speaker2",
          "personaID": "51926",
          "participantID": "3787",
          "utterance": "저도 음악 들으면서 산책하는 거 좋아해요. 저는 샤인머스캣을 좋아하는데 좋아하는 과일 있어요?",
          "summary": "나는 샤인 머스캣을 좋아한다\n",
          "date": "2022-10-25",
          "time": "15:37:10",
          "terminate": "false"
        },
        {
          "speaker": "speaker1",
          "personaID": "10218",
          "participantID": "3870",
          "utterance": "저는 메론을 좋아합니다. 오늘도 산책을 하시나요?",
          "summary": "나는 멜론을 좋아한다.",
          "date": "2022-10-25",
          "time": "15:40:26",
          "terminate": "false"
        },
        {
          "speaker": "speaker2",
          "personaID": "51926",
          "participantID": "3787",
          "utterance": "네 오늘도 산책하면서 만보채울려고요^^ 저는 일이 있어서 먼저 가볼게요~",
          "summary": "",
          "date": "2022-10-25",
          "time": "15:41:35",
          "terminate": "true"
        }
      ],
      "sessionPersonaSummary": {
        "speaker1": [
          "나는 10대 남성입니다.",
          "내가 좋아하는 과목은 체육이다\n",
          "나는 음악 영화를 자주 본다\n",
          "나의 아버지는 중학교 선생님이다\n",
          "나의 아버지는 체육을 가르친다.",
          "나는 음악을 들으면서 산책하는 걸 좋아한다.",
          "나는 멜론을 좋아한다."
        ],
        "speaker2": [
          "나는 50대 여성이다",
          "나는 다소 소극적이다",
          "나는 TV 음악 프로그램을 자주 본다\n",
          "나는 저녁에 산책을 나간다",
          "나는 샤인 머스캣을 좋아한다\n"
        ]
      },
      "prevAggregatedpersonaSummary": {
        "speaker1": [],
        "speaker2": []
      }
    },
    {
      "prevSessionID": "2-00451-1",
      "prevTimeInfo": {
        "timeNum": "8",
        "timeUnit": "일"
      },
      "nthSession": "2",
      "numberOfUtterances": "14",
      "numberOfTurns": "7",
      "sessionID": "2-00451-2",
      "dialog": [
        {
          "speaker": "speaker1",
          "personaID": "10218",
          "participantID": "3870",
          "utterance": "8일만에 다시 뵙네요 잘 지내셨나요?",
          "summary": "",
          "date": "2022-10-25",
          "time": "16:14:14",
          "terminate": "false"
        },
        {
          "speaker": "speaker2",
          "personaID": "51926",
          "participantID": "3787",
          "utterance": "벌써 8일이 지났다니 요즘 따라 더 빨리 하루가 가는 것 같아요. 저는 그럭저럭 잘 지내고 있어요. 어떻게 지냈나요?",
          "summary": "",
          "date": "2022-10-25",
          "time": "16:14:59",
          "terminate": "false"
        },
        {
          "speaker": "speaker1",
          "personaID": "10218",
          "participantID": "3870",
          "utterance": "저는 자주 보는 음악영화를 보며 지냈고 지금은 집에서 택배를 기다리고있어요",
          "summary": "",
          "date": "2022-10-25",
          "time": "16:16:02",
          "terminate": "false"
        },
        {
          "speaker": "speaker2",
          "personaID": "51926",
          "participantID": "3787",
          "utterance": "저는 택배 기다리면 너무 설레이던데, 어떤 택배 기다리고 있어요?요즘에 배송이 너무 늦어요.",
          "summary": "",
          "date": "2022-10-25",
          "time": "16:17:06",
          "terminate": "false"
        },
        {
          "speaker": "speaker1",
          "personaID": "10218",
          "participantID": "3870",
          "utterance": "저도 게임기를 주문해서 설레는 마음을 가지고 기다리고있습니다. ",
          "summary": "나는 게임기를 주문했다.",
          "date": "2022-10-25",
          "time": "16:19:46",
          "terminate": "false"
        },
        {
          "speaker": "speaker2",
          "personaID": "51926",
          "participantID": "3787",
          "utterance": "게임기 주문이라니 너무 좋을 것 같아요. 저도 어릴 때 게임기 많이 했던 기억이 있네요. 저는 귤을 택배로 시켰는데 배송이 너무 늦어져서 골머리 썩고 있어요. ",
          "summary": "나는 귤을 택배로 시켰다",
          "date": "2022-10-25",
          "time": "16:20:47",
          "terminate": "false"
        },
        {
          "speaker": "speaker1",
          "personaID": "10218",
          "participantID": "3870",
          "utterance": "답답하시겠군요 하지만 귤을 시키셨다니 너무 맛있겠어요 귤을 좋아하시나요?",
          "summary": "",
          "date": "2022-10-25",
          "time": "16:21:54",
          "terminate": "false"
        },
        {
          "speaker": "speaker2",
          "personaID": "51926",
          "participantID": "3787",
          "utterance": "저는 샤인머스캣도 좋아하는데 날씨가 점점 추워지니 귤이 너무 먹고 싶어서 제주도에서 시켰는데 계속 배송이 지연되서 상태가 안 좋을까봐 걱정이예요. ",
          "summary": "",
          "date": "2022-10-25",
          "time": "16:23:24",
          "terminate": "false"
        },
        {
          "speaker": "speaker1",
          "personaID": "10218",
          "participantID": "3870",
          "utterance": "걱정이시겠어요. 혹시 전화는 해보셨나요??",
          "summary": "",
          "date": "2022-10-25",
          "time": "16:31:02",
          "terminate": "false"
        },
        {
          "speaker": "speaker2",
          "personaID": "51926",
          "participantID": "3787",
          "utterance": "네. 문의는 해봤는데, 지금 배송이 밀려 있다고 만 하고 대처가 미흡한 것 같아서 그냥 취소할 까 생각 중 이예요. ",
          "summary": "",
          "date": "2022-10-25",
          "time": "16:41:06",
          "terminate": "false"
        },
        {
          "speaker": "speaker1",
          "personaID": "10218",
          "participantID": "3870",
          "utterance": "그렇군요 너무 걱정입니다 귤을 환불하고 새로 주문하는것이 좋겠어요",
          "summary": "",
          "date": "2022-10-25",
          "time": "16:59:43",
          "terminate": "false"
        },
        {
          "speaker": "speaker2",
          "personaID": "51926",
          "participantID": "3787",
          "utterance": "네. 저도 그냥 환불하고 새로 주문하는 게 좋을 것 같아요. 그냥 당장 환불처리 해야겠네요. ",
          "summary": "",
          "date": "2022-10-25",
          "time": "17:00:22",
          "terminate": "false"
        },
        {
          "speaker": "speaker1",
          "personaID": "10218",
          "participantID": "3870",
          "utterance": "잘 생각하셨어요 새로 주문해서 더 싱싱한 귤을 받으셨으면 좋겠어요",
          "summary": "",
          "date": "2022-10-25",
          "time": "17:01:33",
          "terminate": "false"
        },
        {
          "speaker": "speaker2",
          "personaID": "51926",
          "participantID": "3787",
          "utterance": "빠르게 환불 처리 된다고 하니 맛있고 더 좋은 귤 주문 넣어서 배송 얼른 받고 싶네요. 저는 저녁 준비하러 갈게요. ",
          "summary": "",
          "date": "2022-10-25",
          "time": "17:02:35",
          "terminate": "true"
        }
      ],
      "sessionPersonaSummary": {
        "speaker1": [
          "나는 게임기를 주문했다."
        ],
        "speaker2": [
          "나는 귤을 택배로 시켰다"
        ]
      },
      "prevAggregatedpersonaSummary": {
        "speaker1": [
          "나는 10대 남성입니다.",
          "내가 좋아하는 과목은 체육이다\n",
          "나는 음악 영화를 자주 본다\n",
          "나의 아버지는 중학교 선생님이다\n",
          "나의 아버지는 체육을 가르친다.",
          "나는 음악을 들으면서 산책하는 걸 좋아한다.",
          "나는 멜론을 좋아한다."
        ],
        "speaker2": [
          "나는 50대 여성이다",
          "나는 다소 소극적이다",
          "나는 TV 음악 프로그램을 자주 본다\n",
          "나는 저녁에 산책을 나간다",
          "나는 샤인 머스캣을 좋아한다\n"
        ]
      }
    }
  ]
}