{
  "FileInfo": {
    "filename": "K2-00522-CL33692-CP34234-05-09-S2.json",
    "sessionLevel": "2"
  },
  "participantsInfo": {
    "numberOfParticipants": "2",
    "speaker1": {
      "participantID": "2196",
      "gender": "여성",
      "age": "20대",
      "occupation": "사무직",
      "bPlace": "서울/경기/인천",
      "gPlace": "서울/경기/인천",
      "rPlace": "서울/경기/인천",
      "educationLevel": "대졸"
    },
    "speaker2": {
      "participantID": "0742",
      "gender": "여성",
      "age": "30대",
      "occupation": "자영업",
      "bPlace": "서울/경기/인천",
      "gPlace": "서울/경기/인천",
      "rPlace": "서울/경기/인천",
      "educationLevel": "대졸"
    }
  },
  "multisessionInfo": {
    "multisessionID": "2-00522"
  },
  "personaInfo": {
    "clInfo": {
      "personaID": "33692",
      "personaFeatures": [
        "나는 여자이다.",
        "나는 30대이다.",
        "나는 TV 예능을 자주 본다.",
        "나는 반려동물 훈련사이다.",
        "나는 소설을 꾸준히 읽는다.",
        "나는 돈을 쓰는 것을 좋아한다."
      ],
      "speakerType": "speaker1"
    },
    "cpInfo": {
      "personaID": "34234",
      "personaFeatures": [
        "나는 여자이다.",
        "나는 30대이다.",
        "나는 수의학과를 전공했다.",
        "나는 캐나다에 가 보고 싶다.",
        "나는 2년 전에 해외 봉사활동을 다녀왔다.",
        "나는 배를 즐겨 먹는다."
      ],
      "speakerType": "speaker2"
    }
  },
  "topicInfo": {
    "topicID": "05-09",
    "topicType": "일과 직업>군대",
    "topicTitle": "면회"
  },
  "sessionInfo": [
    {
      "prevSessionID": null,
      "prevTimeInfo": {
        "timeNum": null,
        "timeUnit": null
      },
      "nthSession": "1",
      "numberOfUtterances": "14",
      "numberOfTurns": "7",
      "sessionID": "2-00522-1",
      "dialog": [
        {
          "speaker": "speaker1",
          "personaID": "33692",
          "participantID": "2196",
          "utterance": "안녕하세요~ 반려동물 훈련사로 일하고 있는 30대 여성이에요!",
          "summary": "나는 30대 여성이다. 나는 반려동물 훈련사이다.",
          "date": "2022-10-06",
          "time": "11:27:36",
          "terminate": "false"
        },
        {
          "speaker": "speaker2",
          "personaID": "34234",
          "participantID": "0742",
          "utterance": "안녕하세요! 저는 수의학과 나와서 수의사하는 30대 여성입니다~",
          "summary": "나는 수의학을 전공했다. 나는 수의사이다. 나는 30대 여성이다.",
          "date": "2022-10-06",
          "time": "11:28:12",
          "terminate": "false"
        },
        {
          "speaker": "speaker1",
          "personaID": "33692",
          "participantID": "2196",
          "utterance": "아 저희둘다 동물을 사랑한다는 공통점이있네요 ㅋㅋ지금은 뭐하고계셨나요~ 전 TV예능을 자주 보는데 아무래도 동물관련프로를 보게되네요ㅋㅋ.",
          "summary": "나는 TV 예능을 자주 본다. 나는 동물관련프로를 본다.",
          "date": "2022-10-06",
          "time": "11:29:03",
          "terminate": "false"
        },
        {
          "speaker": "speaker2",
          "personaID": "34234",
          "participantID": "0742",
          "utterance": "전 2년전에 해외봉사 다녀왔었는데 이제 코로나 풀리고 또 갈수 있대서 알아보고 있었어요!!",
          "summary": "나는 2년 전에 해외봉사활동을 다녀왔다.",
          "date": "2022-10-06",
          "time": "11:30:10",
          "terminate": "false"
        },
        {
          "speaker": "speaker1",
          "personaID": "33692",
          "participantID": "2196",
          "utterance": "아~ 해외봉사는 어디로 다녀오셨어요?? 멋져요!",
          "summary": "",
          "date": "2022-10-06",
          "time": "11:30:33",
          "terminate": "false"
        },
        {
          "speaker": "speaker2",
          "personaID": "34234",
          "participantID": "0742",
          "utterance": "인도네시아로 다녀왔어요! 동물관련 봉사였어요ㅋㅋㅋ 직업 살려서 봉사할 수 있어 좋습니다~",
          "summary": "나는 인도네시아로 봉사활동을 다녀왔다. 나는 동물 관련 봉사활동을 했다.",
          "date": "2022-10-06",
          "time": "11:31:30",
          "terminate": "false"
        },
        {
          "speaker": "speaker1",
          "personaID": "33692",
          "participantID": "2196",
          "utterance": "와... 저는 봉사가 아니라 그저 저한테 돈을 쓰는것만 좋아하는데 저랑 참 다른 삶을 살고계시네요...ㅎ 저도 그런거 한번 알아봐야겠어요 ㅎ.",
          "summary": "나는 나한테 돈을 쓰는 것을 좋아한다.",
          "date": "2022-10-06",
          "time": "11:31:50",
          "terminate": "false"
        },
        {
          "speaker": "speaker2",
          "personaID": "34234",
          "participantID": "0742",
          "utterance": "다음번엔 캐나다에 가보고 싶어서 그쪽 봉사를 알아보고 있어요! 꼭 가보셔요~ 외국 동물들 정말 귀여워요ㅋㅋ.",
          "summary": "나는 캐나다에 가보고 싶다.",
          "date": "2022-10-06",
          "time": "11:32:49",
          "terminate": "false"
        },
        {
          "speaker": "speaker1",
          "personaID": "33692",
          "participantID": "2196",
          "utterance": "저도 가고싶네요..ㅠㅠ 제가 소설을 꾸준히 읽는데 거기 배경이 캐나다거든요. 그래서 너무 가보고싶더라구요~",
          "summary": "나는 소설을 꾸준히 읽는다. 나는 캐나다에 가보고 싶다.",
          "date": "2022-10-06",
          "time": "11:33:26",
          "terminate": "false"
        },
        {
          "speaker": "speaker2",
          "personaID": "34234",
          "participantID": "0742",
          "utterance": "전 꼭 나이아가라 폭포를 직접 두눈으로 보고 싶어요ㅠㅠ 그 광경에 압도당하고 싶네요..",
          "summary": "나는 나이아가라 폭포를 보고 싶다.",
          "date": "2022-10-06",
          "time": "11:34:05",
          "terminate": "false"
        },
        {
          "speaker": "speaker1",
          "personaID": "33692",
          "participantID": "2196",
          "utterance": "그러니까요...ㅎㅎ실제로가서보면 책으로 본거랑 너무 다르겠죠? 벌써 설레네요 ㅋㅋ.",
          "summary": "",
          "date": "2022-10-06",
          "time": "11:34:24",
          "terminate": "false"
        },
        {
          "speaker": "speaker2",
          "personaID": "34234",
          "participantID": "0742",
          "utterance": "누가 나이아가라 폭포 asmr 안해주나요~ 캐나다 정부에서 해줘라!!!",
          "summary": "",
          "date": "2022-10-06",
          "time": "11:35:15",
          "terminate": "false"
        },
        {
          "speaker": "speaker1",
          "personaID": "33692",
          "participantID": "2196",
          "utterance": "ㅋㅋㅋ저는 조금 출출해서 야식먹으면서 보던 TV프로나 마저 봐야겠어요~",
          "summary": "나는 야식을 먹을 예정이다.",
          "date": "2022-10-06",
          "time": "11:35:34",
          "terminate": "false"
        },
        {
          "speaker": "speaker2",
          "personaID": "34234",
          "participantID": "0742",
          "utterance": "저도 야식을 좀 찾아봐야겠어요~ 맛있게드세요!",
          "summary": "",
          "date": "2022-10-06",
          "time": "11:36:09",
          "terminate": "true"
        }
      ],
      "sessionPersonaSummary": {
        "speaker1": [
          "나는 30대 여성이다. 나는 반려동물 훈련사이다.",
          "나는 나는 TV 예능을 자주 본다. 나는 동물 관련 프로를 본다.",
          "나는 나한테 돈을 쓰는 것을 좋아한다.",
          "나는 소설을 꾸준히 읽는다. 나는 캐나다에 가보고 싶다.",
          "나는 야식을 먹을 예정이다."
        ],
        "speaker2": [
          "나는 수의학을 전공했다. 나는 수의사이다. 나는 30대 여성이다.",
          "나는 2년 전에 해외봉사활동을 다녀왔다.",
          "나는 인도네시아로 봉사활동을 다녀왔다. 나는 동물 관련 봉사활동을 했다.",
          "나는 캐나다에 가보고 싶다.",
          "나는 나이아가라 폭포를 보고 싶다."
        ]
      },
      "prevAggregatedpersonaSummary": {
        "speaker1": [],
        "speaker2": []
      }
    },
    {
      "prevSessionID": "2-00522-1",
      "prevTimeInfo": {
        "timeNum": "2",
        "timeUnit": "시간"
      },
      "nthSession": "2",
      "numberOfUtterances": "14",
      "numberOfTurns": "7",
      "sessionID": "2-00522-2",
      "dialog": [
        {
          "speaker": "speaker1",
          "personaID": "33692",
          "participantID": "2196",
          "utterance": "야식은 드셨나요~ 전 집에 남은 닭발이 있더라구요 ㅎㅎ2시간동안 먹었더니 많이 맵네요 ㅋㅋㅋ.",
          "summary": "나는 닭발을 먹었다.",
          "date": "2022-10-06",
          "time": "11:36:33",
          "terminate": "false"
        },
        {
          "speaker": "speaker2",
          "personaID": "34234",
          "participantID": "0742",
          "utterance": "저는 배를 즐겨먹어서 배 깎아 먹었습니다ㅋㅋㅋ 야식치곤 소박하네요..",
          "summary": "나는 배를 즐겨먹는다. 나는 배를 먹었다.",
          "date": "2022-10-06",
          "time": "11:36:53",
          "terminate": "false"
        },
        {
          "speaker": "speaker1",
          "personaID": "33692",
          "participantID": "2196",
          "utterance": "배가 야식인가요..?ㅋㅋㅋ닭발정도는 되야 야식먹었다고 할수있죠~!",
          "summary": "",
          "date": "2022-10-06",
          "time": "11:37:14",
          "terminate": "false"
        },
        {
          "speaker": "speaker2",
          "personaID": "34234",
          "participantID": "0742",
          "utterance": "집에 먹을게 없었어요ㅠㅠ 그래도 배를 먹으니 배가 부르네요.. 하하!",
          "summary": "나는 집에 마땅히 먹을 것이 없다. 나는 배가 부르다.",
          "date": "2022-10-06",
          "time": "11:37:51",
          "terminate": "false"
        },
        {
          "speaker": "speaker1",
          "personaID": "33692",
          "participantID": "2196",
          "utterance": "ㅋㅋㅋ아 혹시 가족관계가 어떻게 되세요..? 저는 막둥이 남동생이있는데 지금 군대에 있거든요.. 다음주에 면회가야되는데 멀더라구요 ㅋㅋ.",
          "summary": "나는 나이가 어린 남동생이 있다. 나는 남동생이 군대에 가있다. 나는 다음 주에 면회 갈 예정이다.",
          "date": "2022-10-06",
          "time": "11:38:02",
          "terminate": "false"
        },
        {
          "speaker": "speaker2",
          "personaID": "34234",
          "participantID": "0742",
          "utterance": "저는 언니가 있어서 군대 면회 갈 일은 없었네요...",
          "summary": "나는 언니가 있다.",
          "date": "2022-10-06",
          "time": "11:38:52",
          "terminate": "false"
        },
        {
          "speaker": "speaker1",
          "personaID": "33692",
          "participantID": "2196",
          "utterance": "아 ㅋㅋㅋ그러시군요! 제가 말은 이렇게해도 또 돈쓰는거 좋아하니까 남동생 먹이려고 이것저것 싸들고가긴할거같아요..ㅎ.",
          "summary": "",
          "date": "2022-10-06",
          "time": "11:39:22",
          "terminate": "false"
        },
        {
          "speaker": "speaker2",
          "personaID": "34234",
          "participantID": "0742",
          "utterance": "ㅋㅋㅋㅋㅋ 남동생한텐 좋은 누나시네요! 막둥이니까 엄청 귀여워보이시겠어요~ 뭐 싸들고 가세요?",
          "summary": "",
          "date": "2022-10-06",
          "time": "11:40:14",
          "terminate": "false"
        },
        {
          "speaker": "speaker1",
          "personaID": "33692",
          "participantID": "2196",
          "utterance": "포장음식도 사가고 제가 재료사서 몇개는 해가볼까 생각중이에요~ㅋㅋㅋ엄마랑 이야기해봐야죠!",
          "summary": "",
          "date": "2022-10-06",
          "time": "11:40:48",
          "terminate": "false"
        },
        {
          "speaker": "speaker2",
          "personaID": "34234",
          "participantID": "0742",
          "utterance": "군대에서 못 먹는 음식 해가면 좋아하겠네요! 저도 20대때 친구 면회만 가보고 가본적이 없네요~",
          "summary": "나는 20대 이후로 군대 면회에 가본 적 없다.",
          "date": "2022-10-06",
          "time": "11:41:52",
          "terminate": "false"
        },
        {
          "speaker": "speaker1",
          "personaID": "33692",
          "participantID": "2196",
          "utterance": "맞아요~ 치킨..?ㅋㅋㅋ아 이번엔 제가 재밌는 소설있으면 동생한테 가져다줘야겠어요~ 그 캐나다 배경인 책 줄까봐요~ㅎㅎ.",
          "summary": "나는 동생한테 소설책을 가져다 줄 생각이다.",
          "date": "2022-10-06",
          "time": "11:42:25",
          "terminate": "false"
        },
        {
          "speaker": "speaker2",
          "personaID": "34234",
          "participantID": "0742",
          "utterance": "제대하면 봉사활동도 같이 다니세요~ㅋㅋㅋ남매가 같이 다니면 훨씬 편하고 돈독해질 것 같네요.",
          "summary": "",
          "date": "2022-10-06",
          "time": "11:43:24",
          "terminate": "false"
        },
        {
          "speaker": "speaker1",
          "personaID": "33692",
          "participantID": "2196",
          "utterance": "그것도 좋네요 ㅎㅎ저는 엄마랑 면회에 뭐가져갈지 한번 이야기해봐야겠어요~ 오늘 재밌었습니다^^",
          "summary": "나는 엄마랑 면회 음식에 대해서 이야기할 예정이다.",
          "date": "2022-10-06",
          "time": "11:43:39",
          "terminate": "false"
        },
        {
          "speaker": "speaker2",
          "personaID": "34234",
          "participantID": "0742",
          "utterance": "네 즐거웠어요! 안녕히주무세요~ 저도 자러가볼게요.",
          "summary": "",
          "date": "2022-10-06",
          "time": "11:44:05",
          "terminate": "true"
        }
      ],
      "sessionPersonaSummary": {
        "speaker1": [
          "나는 닭발을 먹었다.",
          "나는 나이가 어린 남동생이 있다. 나는 남동생이 군대에 가있다. 나는 다음 주에 면회 갈 예정이다.",
          "나는 동생한테 소설책을 가져다 줄 생각이다.",
          "나는 엄마랑 면회 음식에 대해서 이야기할 예정이다."
        ],
        "speaker2": [
          "나는 배를 즐겨먹는다. 나는 배를 먹었다.",
          "나는 집에 마땅히 먹을 것이 없다. 나는 배가 부르다.",
          "나는 언니가 있다.",
          "나는 20대 이후로 군대 면회에 가본 적 없다."
        ]
      },
      "prevAggregatedpersonaSummary": {
        "speaker1": [
          "나는 30대 여성이다. 나는 반려동물 훈련사이다.",
          "나는 나는 TV 예능을 자주 본다. 나는 동물 관련 프로를 본다.",
          "나는 나한테 돈을 쓰는 것을 좋아한다.",
          "나는 소설을 꾸준히 읽는다. 나는 캐나다에 가보고 싶다.",
          "나는 야식을 먹을 예정이다."
        ],
        "speaker2": [
          "나는 수의학을 전공했다. 나는 수의사이다. 나는 30대 여성이다.",
          "나는 2년 전에 해외봉사활동을 다녀왔다.",
          "나는 인도네시아로 봉사활동을 다녀왔다. 나는 동물 관련 봉사활동을 했다.",
          "나는 캐나다에 가보고 싶다.",
          "나는 나이아가라 폭포를 보고 싶다."
        ]
      }
    }
  ]
}