{
  "FileInfo": {
    "filename": "K2-00279-CL50167-CP12679-14-12-S2.json",
    "sessionLevel": "2"
  },
  "participantsInfo": {
    "numberOfParticipants": "2",
    "speaker1": {
      "participantID": "4341",
      "gender": "남성",
      "age": "50대",
      "occupation": "관리직",
      "bPlace": "부산/대구/울산/경상",
      "gPlace": "부산/대구/울산/경상",
      "rPlace": "서울/경기/인천",
      "educationLevel": "대학원졸"
    },
    "speaker2": {
      "participantID": "4375",
      "gender": "여성",
      "age": "20대",
      "occupation": "학생",
      "bPlace": "부산/대구/울산/경상",
      "gPlace": "부산/대구/울산/경상",
      "rPlace": "서울/경기/인천",
      "educationLevel": "고졸"
    }
  },
  "multisessionInfo": {
    "multisessionID": "2-00279"
  },
  "personaInfo": {
    "clInfo": {
      "personaID": "50167",
      "personaFeatures": [
        "나는 남자이다.",
        "나는 50대이다.",
        "나는 보석 감정사이다",
        "나는 낚시 동호회에 관심 있다",
        "나는 흐린 날을 좋아한다"
      ],
      "speakerType": "speaker1"
    },
    "cpInfo": {
      "personaID": "12679",
      "personaFeatures": [
        "나는 여자이다.",
        "나는 10대이다.",
        "나의 생일은 12월이다",
        "나는 조각가가 되고 싶다",
        "나는 딸기를 안 먹는다",
        "나는 자기 표현을 잘한다"
      ],
      "speakerType": "speaker2"
    }
  },
  "topicInfo": {
    "topicID": "14-12",
    "topicType": "시사/사회>사회이슈(국내)",
    "topicTitle": "코인"
  },
  "sessionInfo": [
    {
      "prevSessionID": null,
      "prevTimeInfo": {
        "timeNum": null,
        "timeUnit": null
      },
      "nthSession": "1",
      "numberOfUtterances": "14",
      "numberOfTurns": "7",
      "sessionID": "2-00279-1",
      "dialog": [
        {
          "speaker": "speaker1",
          "personaID": "50167",
          "participantID": "4341",
          "utterance": "안녕하세요 저는 50대 남성입니다 ",
          "summary": "나는 50대 남성이다.",
          "date": "2022-11-15",
          "time": "17:04:26",
          "terminate": "false"
        },
        {
          "speaker": "speaker2",
          "personaID": "12679",
          "participantID": "4375",
          "utterance": "안녕하세요 저는 10대 여성입니다",
          "summary": "나는 10대 여성이다",
          "date": "2022-11-16",
          "time": "10:29:01",
          "terminate": "false"
        },
        {
          "speaker": "speaker1",
          "personaID": "50167",
          "participantID": "4341",
          "utterance": "저는 보석감정사입니다 무엇을 하세요?",
          "summary": "나는 보석감정사이다.",
          "date": "2022-11-16",
          "time": "12:53:13",
          "terminate": "false"
        },
        {
          "speaker": "speaker2",
          "personaID": "12679",
          "participantID": "4375",
          "utterance": "저는 아직 직업은 없지만 조각가가 되고 싶습니다. 혹시 생일이 언제세요?",
          "summary": "나는 아직 직업이 없지만 조각가가 되고 싶다",
          "date": "2022-11-16",
          "time": "13:50:53",
          "terminate": "false"
        },
        {
          "speaker": "speaker1",
          "personaID": "50167",
          "participantID": "4341",
          "utterance": "저는 생일이 1월입니다 그래서 겨울을 좋아해요^^ 저는 낚시동호회에 관심이 있어요 ",
          "summary": "나는 생일이 1월이다. 나는 겨울을 좋아한다. 나는 낚시 동호회에 관심이 있다.",
          "date": "2022-11-16",
          "time": "20:59:11",
          "terminate": "false"
        },
        {
          "speaker": "speaker2",
          "personaID": "12679",
          "participantID": "4375",
          "utterance": "저의 생일은 12월이에요. 낚시 동호회면 사교성이 좋은 성격을 가지고 계실거 같은데 저는 자기 표현을 잘하는 성격을 가졌습니다!",
          "summary": "나는 12월 생이다 나는 자기표현을 잘하는 성격이다",
          "date": "2022-11-17",
          "time": "00:06:03",
          "terminate": "false"
        },
        {
          "speaker": "speaker1",
          "personaID": "50167",
          "participantID": "4341",
          "utterance": "그렇군요 저는 흐린 날을 좋아해요 그때 낚시가 잘 되거든요^^ 낚시 좋아하세요?",
          "summary": "나는 흐린 날을 좋아한다.",
          "date": "2022-11-17",
          "time": "00:17:23",
          "terminate": "false"
        },
        {
          "speaker": "speaker2",
          "personaID": "12679",
          "participantID": "4375",
          "utterance": "낚시를 좋아하지는 않지만 어렸을 때 삼촌 따라 낚시를 갔던게 기억에 남네요. 싫어하는 음식 있으세요?",
          "summary": "나는 낚시는 좋아하지 않지만 어릴 때 삼촌 따라갔던 기억이 있다",
          "date": "2022-11-17",
          "time": "00:20:13",
          "terminate": "false"
        },
        {
          "speaker": "speaker1",
          "personaID": "50167",
          "participantID": "4341",
          "utterance": "나는 내장을 좋아하지 않는다 비위가 좀 상하는 것 같다 좋아하는 음식이 있으세요?",
          "summary": "나는 내장을 좋아하지 않는다.",
          "date": "2022-11-17",
          "time": "00:23:40",
          "terminate": "false"
        },
        {
          "speaker": "speaker2",
          "personaID": "12679",
          "participantID": "4375",
          "utterance": "좋아하는 음식은 생각나는게 없네요. 그런데 저는 딸기를 안 먹어요. 어렸을 때 어떤 꿈을 가지셨나요?",
          "summary": "나는 딸기를 안 먹는다.",
          "date": "2022-11-17",
          "time": "00:25:23",
          "terminate": "false"
        },
        {
          "speaker": "speaker1",
          "personaID": "50167",
          "participantID": "4341",
          "utterance": "저는 경제적 자유를 누리고 노후를 보내는 꿈이 있어요 @이름@님의 꿈은요?",
          "summary": "나는 경제적 자유를 누리고 노후를 보내는 것이 어렸을 적 꿈이었다.",
          "date": "2022-11-17",
          "time": "00:27:38",
          "terminate": "false"
        },
        {
          "speaker": "speaker2",
          "personaID": "12679",
          "participantID": "4375",
          "utterance": "저는 나중에 조각가가 되고 싶어요. 저는 자기 표현을 잘합니다. 그래서 이걸 조각가로서 잘 녹여낼 수 있을거 같아요.",
          "summary": " 나는 자기표현을 잘한다",
          "date": "2022-11-17",
          "time": "00:28:26",
          "terminate": "false"
        },
        {
          "speaker": "speaker1",
          "personaID": "50167",
          "participantID": "4341",
          "utterance": "조각가 멋지네요 표현력이 좋은 모양입니다 성원합니다^^",
          "summary": "",
          "date": "2022-11-17",
          "time": "00:29:09",
          "terminate": "false"
        },
        {
          "speaker": "speaker2",
          "personaID": "12679",
          "participantID": "4375",
          "utterance": "감사합니다! 즐거운 대화였어요",
          "summary": "",
          "date": "2022-11-17",
          "time": "00:42:27",
          "terminate": "true"
        }
      ],
      "sessionPersonaSummary": {
        "speaker1": [
          "나는 50대 남성이다.",
          "나는 보석감정사이다.",
          "나는 생일이 1월이다. 나는 겨울을 좋아한다. 나는 낚시 동호회에 관심이 있다.",
          "나는 흐린 날을 좋아한다.",
          "나는 내장을 좋아하지 않는다.",
          "나는 경제적 자유를 누리고 노후를 보내는 것이 어렸을 적 꿈이었다."
        ],
        "speaker2": [
          "나는 10대 여성이다",
          "나는 아직 직업이 없지만 조각가가 되고 싶다",
          "나는 12월 생이다 나는 자기표현을 잘하는 성격이다",
          "나는 낚시는 좋아하지 않지만 어릴 때 삼촌 따라갔던 기억이 있다",
          "나는 딸기를 안 먹는다.",
          "나는 자기표현을 잘한다"
        ]
      },
      "prevAggregatedpersonaSummary": {
        "speaker1": [],
        "speaker2": []
      }
    },
    {
      "prevSessionID": "2-00279-1",
      "prevTimeInfo": {
        "timeNum": "5",
        "timeUnit": "주"
      },
      "nthSession": "2",
      "numberOfUtterances": "14",
      "numberOfTurns": "7",
      "sessionID": "2-00279-2",
      "dialog": [
        {
          "speaker": "speaker1",
          "personaID": "50167",
          "participantID": "4341",
          "utterance": "5주만에 다시 보네요 잘 지내세요? 조각가가 되기 위한 연습은 잘 하고 계시나요?",
          "summary": "",
          "date": "2022-11-17",
          "time": "06:20:11",
          "terminate": "false"
        },
        {
          "speaker": "speaker2",
          "personaID": "12679",
          "participantID": "4375",
          "utterance": "네 저는 잘 지내고 있습니다. 이것저것 도전해보고 있는 중입니다. 요즘 코인 이야기로 시끌 시끌 하네요. 학교에서 친구들이 코인 이야기 하는 것을 많이 들었습니다. 코인에 관심 있으세요?",
          "summary": " 나는 학교 친구들에게 코인 이야기를 많이 들었다",
          "date": "2022-11-17",
          "time": "23:18:09",
          "terminate": "false"
        },
        {
          "speaker": "speaker1",
          "personaID": "50167",
          "participantID": "4341",
          "utterance": "코인에 관심은 있는데 용기가 없어서 투자를 안해요 투자 하세요?",
          "summary": "나는 코인에 관심이 있지만 투자는 하지 않는다.",
          "date": "2022-11-17",
          "time": "23:37:44",
          "terminate": "false"
        },
        {
          "speaker": "speaker2",
          "personaID": "12679",
          "participantID": "4375",
          "utterance": "저는 10대라 아직 투자는 안하는데 주식 조금 해봤습니다. 저는 코인에 대해서 아는게 하나도 없답니다",
          "summary": "나는 10대라 아직 투자는 안 했는데 주식은 조금 했다 나는 코인에 대해서 아는 게 하나도 없다",
          "date": "2022-11-17",
          "time": "23:46:49",
          "terminate": "false"
        },
        {
          "speaker": "speaker1",
          "personaID": "50167",
          "participantID": "4341",
          "utterance": "코인을 안하시면 좋겠어요 아직은 정보가 없으니까요",
          "summary": "",
          "date": "2022-11-17",
          "time": "23:47:55",
          "terminate": "false"
        },
        {
          "speaker": "speaker2",
          "personaID": "12679",
          "participantID": "4375",
          "utterance": "아직 코인에는 관심이 가지 않네요. 코인에는 왜 관심이 있으신건가요?",
          "summary": "나는 코인에는 관심이 안 간다",
          "date": "2022-11-17",
          "time": "23:49:57",
          "terminate": "false"
        },
        {
          "speaker": "speaker1",
          "personaID": "50167",
          "participantID": "4341",
          "utterance": "코인에 관심이 있는 것은 코인으로 돈을 번다는 사람이 있어서죠 궁금하니까요^^ 그러나 투자생각은 없어요 아직",
          "summary": "",
          "date": "2022-11-17",
          "time": "23:51:49",
          "terminate": "false"
        },
        {
          "speaker": "speaker2",
          "personaID": "12679",
          "participantID": "4375",
          "utterance": "저의 어리석은 생각으로는 정말 운이 중요하다는 생각이 들어요. 저도 코인에 대해 공부를 해보면 좋을거 같긴하네요.",
          "summary": "",
          "date": "2022-11-17",
          "time": "23:57:20",
          "terminate": "false"
        },
        {
          "speaker": "speaker1",
          "personaID": "50167",
          "participantID": "4341",
          "utterance": "행운을 믿으시는군요 긍정적인 믿음은 중요하다고 생각해요^^ 로또를 사보셨어요?",
          "summary": "",
          "date": "2022-11-17",
          "time": "23:59:29",
          "terminate": "false"
        },
        {
          "speaker": "speaker2",
          "personaID": "12679",
          "participantID": "4375",
          "utterance": "아니요 10대로 로또 구매할 수 있나요?",
          "summary": "",
          "date": "2022-11-18",
          "time": "00:16:33",
          "terminate": "false"
        },
        {
          "speaker": "speaker1",
          "personaID": "50167",
          "participantID": "4341",
          "utterance": "10대는 로또를 살 수가 없나요? 저는 잘 몰랐네요 코인도 이렇게 통제를 해야 하지 않나 생각합니다 ",
          "summary": "나는 코인에 연령제한이 필요하다고 생각한다.",
          "date": "2022-11-18",
          "time": "00:21:26",
          "terminate": "false"
        },
        {
          "speaker": "speaker2",
          "personaID": "12679",
          "participantID": "4375",
          "utterance": "저도 잘 모르겠네요! 주변 친구들 중 코인으로 돈을 잃은 경우가 많아요",
          "summary": "나의 주변 친구들 중에 코인으로 돈을 잃은 경우가 있다.",
          "date": "2022-11-18",
          "time": "00:22:59",
          "terminate": "false"
        },
        {
          "speaker": "speaker1",
          "personaID": "50167",
          "participantID": "4341",
          "utterance": "너무 쉽게 번다는 것이 문제인 것 같아요 너도나도 쉽게 돈 벌려고 무리한 투자를 하거든요",
          "summary": "",
          "date": "2022-11-18",
          "time": "00:26:29",
          "terminate": "false"
        },
        {
          "speaker": "speaker2",
          "personaID": "12679",
          "participantID": "4375",
          "utterance": "공감하는 바입니다. 좋은 대화였습니다!",
          "summary": "",
          "date": "2022-11-18",
          "time": "00:35:59",
          "terminate": "true"
        }
      ],
      "sessionPersonaSummary": {
        "speaker1": [
          "나는 코인에 관심이 있지만 투자는 하지 않는다.",
          "나는 코인에 연령제한이 필요하다고 생각한다."
        ],
        "speaker2": [
          "나는 학교 친구들에게 코인 이야기를 많이 들었다",
          "나는 10대라 아직 투자는 안 했는데 주식은 조금 했다",
          "나는 코인에 대해서 아는 게 하나도 없다",
          "나는 코인에는 관심이 안 간다",
          "나의 주변 친구들 중에 코인으로 돈을 잃은 경우가 있다."
        ]
      },
      "prevAggregatedpersonaSummary": {
        "speaker1": [
          "나는 50대 남성이다.",
          "나는 보석감정사이다.",
          "나는 생일이 1월이다. 나는 겨울을 좋아한다. 나는 낚시 동호회에 관심이 있다.",
          "나는 흐린 날을 좋아한다.",
          "나는 내장을 좋아하지 않는다.",
          "나는 경제적 자유를 누리고 노후를 보내는 것이 어렸을 적 꿈이었다."
        ],
        "speaker2": [
          "나는 10대 여성이다",
          "나는 아직 직업이 없지만 조각가가 되고 싶다",
          "나는 12월 생이다 나는 자기표현을 잘하는 성격이다",
          "나는 낚시는 좋아하지 않지만 어릴 때 삼촌 따라갔던 기억이 있다",
          "나는 딸기를 안 먹는다.",
          "나는 자기표현을 잘한다"
        ]
      }
    }
  ]
}