{
  "FileInfo": {
    "filename": "K2-00238-CL21544-CP41963-12-13-S2.json",
    "sessionLevel": "2"
  },
  "participantsInfo": {
    "numberOfParticipants": "2",
    "speaker1": {
      "participantID": "3982",
      "gender": "여성",
      "age": "20대",
      "occupation": "학생",
      "bPlace": "광주/전라/제주",
      "gPlace": "광주/전라/제주",
      "rPlace": "광주/전라/제주",
      "educationLevel": "고졸"
    },
    "speaker2": {
      "participantID": "3277",
      "gender": "여성",
      "age": "30대",
      "occupation": "사무직",
      "bPlace": "부산/대구/울산/경상",
      "gPlace": "부산/대구/울산/경상",
      "rPlace": "부산/대구/울산/경상",
      "educationLevel": "고졸"
    }
  },
  "multisessionInfo": {
    "multisessionID": "2-00238"
  },
  "personaInfo": {
    "clInfo": {
      "personaID": "21544",
      "personaFeatures": [
        "나는 여자이다.",
        "나는 20대이다.",
        "나는 요즘, 가끔 열등감을 느낀다",
        "나는 주말에 청소를 한다",
        "나는 바나나를 좋아한다"
      ],
      "speakerType": "speaker1"
    },
    "cpInfo": {
      "personaID": "41963",
      "personaFeatures": [
        "나는 여자이다.",
        "나는 40대이다.",
        "나는 서비스 관련직에 종사한다",
        "나는 밤에 게임을 한다",
        "나는 팝 음악을 가끔 듣는다"
      ],
      "speakerType": "speaker2"
    }
  },
  "topicInfo": {
    "topicID": "12-13",
    "topicType": "여가와 오락>여행",
    "topicTitle": "놀이공원"
  },
  "sessionInfo": [
    {
      "prevSessionID": null,
      "prevTimeInfo": {
        "timeNum": null,
        "timeUnit": null
      },
      "nthSession": "1",
      "numberOfUtterances": "14",
      "numberOfTurns": "7",
      "sessionID": "2-00238-1",
      "dialog": [
        {
          "speaker": "speaker1",
          "personaID": "21544",
          "participantID": "3982",
          "utterance": "안녕하세요20대 여성이에요 반가워요",
          "summary": "나는 20대 여성이다",
          "date": "2022-10-30",
          "time": "16:15:54",
          "terminate": "false"
        },
        {
          "speaker": "speaker2",
          "personaID": "41963",
          "participantID": "3277",
          "utterance": "반갑습니다 저는 40대 여성입니다 서비스 관련직에 종사하고 있어요",
          "summary": "나는 서비스 관련직에 종사한다. 나는 40대 여성이다. \n",
          "date": "2022-10-30",
          "time": "16:48:31",
          "terminate": "false"
        },
        {
          "speaker": "speaker1",
          "personaID": "21544",
          "participantID": "3982",
          "utterance": "저는 주말이라 오늘 대청소 하네요 항상 주말에 몰아서 해요",
          "summary": "나는 주말에 청소를 한다. \n",
          "date": "2022-10-30",
          "time": "16:49:19",
          "terminate": "false"
        },
        {
          "speaker": "speaker2",
          "personaID": "41963",
          "participantID": "3277",
          "utterance": "저도 주말에는 밀린 집안일을 몰아서 하는 편이에요 취미가 어떻게 되시나요? ",
          "summary": "나는 주말에 밀린 집안일 한다",
          "date": "2022-10-30",
          "time": "16:54:51",
          "terminate": "false"
        },
        {
          "speaker": "speaker1",
          "personaID": "21544",
          "participantID": "3982",
          "utterance": "수영 배우는데 다른사람 실력보다 안늘어 가끔 열등감이 요즘 느껴져요",
          "summary": "나는 수영을 배운다. 나는 요즘 가끔 열등감을 느낀다. \n",
          "date": "2022-10-30",
          "time": "17:01:27",
          "terminate": "false"
        },
        {
          "speaker": "speaker2",
          "personaID": "41963",
          "participantID": "3277",
          "utterance": "수영은 취미로 많이들 하시지만 생명과 직결된 운동이기에 천천히 배우시는 것도 좋다고 생각해요~ 조금씩 하다보면 실력이 확 늘어있을거에요! 저는 게임을 좋아해서 밤에 게임을 하거나 음악을 좋아해서 가끔 팝 음악을 듣습니다 좋아하는 음악이 있으신가요?",
          "summary": " 나는 밤에 게임을 한다. 나는 팝 음악을 가끔 듣는다. \n",
          "date": "2022-10-30",
          "time": "20:39:03",
          "terminate": "false"
        },
        {
          "speaker": "speaker1",
          "personaID": "21544",
          "participantID": "3982",
          "utterance": "저는 발라드 음악 좋아해요 그리고 좋아하는건 바나나 노란색 좋아하네요",
          "summary": "나는 발라드 음악을 좋아한다. 나는 노란색을 좋아한다. 나는 바나나를 좋아한다. \n",
          "date": "2022-10-30",
          "time": "21:00:04",
          "terminate": "false"
        },
        {
          "speaker": "speaker2",
          "personaID": "41963",
          "participantID": "3277",
          "utterance": "발라드 음악 좋아요~ 요즘 노래들보다 저는 예전 노래들이 더 듣기가 좋더라고요~발라드 듣기 좋은 계절인 것 같아요",
          "summary": "나는 옛날 발라드 노래 좋아한다",
          "date": "2022-10-30",
          "time": "22:00:48",
          "terminate": "false"
        },
        {
          "speaker": "speaker1",
          "personaID": "21544",
          "participantID": "3982",
          "utterance": "네 그리고 저녁에 듣고 자기도 하네요 조용해서",
          "summary": "",
          "date": "2022-10-30",
          "time": "23:00:03",
          "terminate": "false"
        },
        {
          "speaker": "speaker2",
          "personaID": "41963",
          "participantID": "3277",
          "utterance": "맞아요 발라드를 틀면 라디오 듣는 기분이에요 예전에는 라디오를 많이 들었는데 요즘은 거의 듣지 않는 것 같아요",
          "summary": "나는 라디오를 많이 들었다. \n",
          "date": "2022-10-31",
          "time": "12:56:06",
          "terminate": "false"
        },
        {
          "speaker": "speaker1",
          "personaID": "21544",
          "participantID": "3982",
          "utterance": "네 요즘은 좀 인기가 덜하죠 전  오늘날이너무 좋아 산책나왔어요",
          "summary": "나는 날이 너무 좋아서 산책을 나왔다",
          "date": "2022-10-31",
          "time": "14:00:23",
          "terminate": "false"
        },
        {
          "speaker": "speaker2",
          "personaID": "41963",
          "participantID": "3277",
          "utterance": "맞아요 오늘 너무 춥지도 않고 날씨가 너무 좋더라고요~ 산책 좋아하시나요? 저도 잠시 쉬었다가 운동을 좀 해봐야겠네요~",
          "summary": "",
          "date": "2022-10-31",
          "time": "20:12:40",
          "terminate": "false"
        },
        {
          "speaker": "speaker1",
          "personaID": "21544",
          "participantID": "3982",
          "utterance": "네 걷기가 만병통치약이라고 하더라구요 ㅎㅎ",
          "summary": "",
          "date": "2022-10-31",
          "time": "20:23:34",
          "terminate": "false"
        },
        {
          "speaker": "speaker2",
          "personaID": "41963",
          "participantID": "3277",
          "utterance": "맞아요 그럼 저도 가볍게 좀 걷고 오겠습니다~ 즐거운 대화였습니다 다음에 또 대화해요",
          "summary": "",
          "date": "2022-10-31",
          "time": "20:37:41",
          "terminate": "true"
        }
      ],
      "sessionPersonaSummary": {
        "speaker1": [
          "나는 20대 여성이다",
          "나는 주말에 청소를 한다. \n",
          "나는 수영을 배운다. 나는 요즘 가끔 열등감을 느낀다. \n",
          "나는 발라드 음악을 좋아한다. 나는 노란색을 좋아한다. 나는 바나나를 좋아한다. \n",
          "나는 날이 너무 좋아서 산책을 나왔다"
        ],
        "speaker2": [
          "나는 서비스 관련직에 종사한다. 나는 40대 여성이다. \n",
          "나는 주말에 밀린 집안일 한다",
          "나는 밤에 게임을 한다. 나는 팝 음악을 가끔 듣는다. \n",
          "나는 옛날 발라드 노래 좋아한다",
          "나는 라디오를 많이 들었다. \n"
        ]
      },
      "prevAggregatedpersonaSummary": {
        "speaker1": [],
        "speaker2": []
      }
    },
    {
      "prevSessionID": "2-00238-1",
      "prevTimeInfo": {
        "timeNum": "29",
        "timeUnit": "시간"
      },
      "nthSession": "2",
      "numberOfUtterances": "14",
      "numberOfTurns": "7",
      "sessionID": "2-00238-2",
      "dialog": [
        {
          "speaker": "speaker1",
          "personaID": "21544",
          "participantID": "3982",
          "utterance": "29시간만이에요 잘 있으셨나요 깜빡하고 연락안했었네요",
          "summary": "",
          "date": "2022-10-31",
          "time": "20:53:14",
          "terminate": "false"
        },
        {
          "speaker": "speaker2",
          "personaID": "41963",
          "participantID": "3277",
          "utterance": "네~ 저는 잘 지냈습니다 저녁 식사는 하셨나요?",
          "summary": "",
          "date": "2022-10-31",
          "time": "21:10:26",
          "terminate": "false"
        },
        {
          "speaker": "speaker1",
          "personaID": "21544",
          "participantID": "3982",
          "utterance": "네 저녁먹고 이번 주말에는 뭐할까 고민중이네요",
          "summary": "",
          "date": "2022-10-31",
          "time": "21:10:41",
          "terminate": "false"
        },
        {
          "speaker": "speaker2",
          "personaID": "41963",
          "participantID": "3277",
          "utterance": "주말마다 청소하신다하셨잖아요 ㅎ 저이번 주말에 외출 계획있으신가봐요~ 요즘 날씨도 좋은데 놀이공원 어떠세요?",
          "summary": "",
          "date": "2022-10-31",
          "time": "21:15:51",
          "terminate": "false"
        },
        {
          "speaker": "speaker1",
          "personaID": "21544",
          "participantID": "3982",
          "utterance": "네 놀이공원좋네요 할로윈이라고 여러가지 하는거같더라구요",
          "summary": "",
          "date": "2022-10-31",
          "time": "21:26:12",
          "terminate": "false"
        },
        {
          "speaker": "speaker2",
          "personaID": "41963",
          "participantID": "3277",
          "utterance": "네~ 요즘 연말이 다가오기도 해서 그런지 놀이공원에서 행사가 많은 것 같더라고요 저도 놀이공원 안 간지 꽤 된 것 같아서 궁금하네요 저는 어릴 때 놀이공원에 가면 솜사탕 먹는 게 그렇게 설레고 재밌었어요 요즘은 여러 음식을 다양하게 팔죠?",
          "summary": "나는 놀이공원 안 간 지 오래다 나는 어릴 때 놀이공원 가면 솜사탕 먹는 게 설렜다",
          "date": "2022-10-31",
          "time": "22:02:26",
          "terminate": "false"
        },
        {
          "speaker": "speaker1",
          "personaID": "21544",
          "participantID": "3982",
          "utterance": "네 저는 가면 꼭 팝콘이랑 스무디 먹는거같아요 ㅎ",
          "summary": "나는 놀이공원에 가면 팝콘과 스무디를 먹는다",
          "date": "2022-10-31",
          "time": "22:03:34",
          "terminate": "false"
        },
        {
          "speaker": "speaker2",
          "personaID": "41963",
          "participantID": "3277",
          "utterance": "아 맞아요 팝콘은 꼭 영화관과 놀이공원에서 먹어야지만 그 맛이 나는 것 같아요 예전에는 가장 인기있는게 바이킹이랑 탬버린? 이었는데 요즘은 더 재밌는 것들이 많이 생겼죠?",
          "summary": "나는 팝콘은 영화관 놀이공원에서 먹어야 맛있다",
          "date": "2022-10-31",
          "time": "22:43:22",
          "terminate": "false"
        },
        {
          "speaker": "speaker1",
          "personaID": "21544",
          "participantID": "3982",
          "utterance": "이름이 아마존? 물튀기고 그거 젤 좋아해요 전",
          "summary": "나는 놀이공원에서 아마존을 가장 좋아한다",
          "date": "2022-11-01",
          "time": "08:43:40",
          "terminate": "false"
        },
        {
          "speaker": "speaker2",
          "personaID": "41963",
          "participantID": "3277",
          "utterance": "아 네~ TV에서 많이 본 것 같아요 놀이기구도 재밌지만 직원분들이 유쾌하고 재밌더라고요 흥이 많은 분들이 가면 좋을 것 같아요 저는 귀신의집 같은 공포스러운 것도 좋아해요",
          "summary": "나는 놀이기구도 재미있지만 직원분들이 유쾌해 재미있다 나는 귀신의 집도 좋아한다",
          "date": "2022-11-02",
          "time": "16:05:32",
          "terminate": "false"
        },
        {
          "speaker": "speaker1",
          "personaID": "21544",
          "participantID": "3982",
          "utterance": "아 저도 좋아해요 짜릿하더라구요 ㅎㅎ",
          "summary": "",
          "date": "2022-11-02",
          "time": "17:20:32",
          "terminate": "false"
        },
        {
          "speaker": "speaker2",
          "personaID": "41963",
          "participantID": "3277",
          "utterance": "저는 정말 오래전에 갔을 때도 재밌었은데 요즘 귀신의 집은 더 리얼하고 실감나겠죠? 궁금하네요~ 아 요즘은 여러 기념일에 맞춰 새로운 행사를 진행하던데 그럴 때마다 가는 재미가 있을거같아요",
          "summary": "",
          "date": "2022-11-02",
          "time": "18:18:08",
          "terminate": "false"
        },
        {
          "speaker": "speaker1",
          "personaID": "21544",
          "participantID": "3982",
          "utterance": "저는 가면 할로윈도 즐기고 코스프레한 사람들이랑 사진도 찍어야겠어요",
          "summary": "",
          "date": "2022-11-02",
          "time": "18:45:31",
          "terminate": "false"
        },
        {
          "speaker": "speaker2",
          "personaID": "41963",
          "participantID": "3277",
          "utterance": "좋은 추억이 될 것 같아요 사진 많이 남기고 오세요 그럼 저는 이만 일이 있어서 가봐야겠어요 다음에 또 대화해요~",
          "summary": "",
          "date": "2022-11-02",
          "time": "20:13:55",
          "terminate": "true"
        }
      ],
      "sessionPersonaSummary": {
        "speaker1": [
          "나는 놀이공원에 가면 팝콘과 스무디를 먹는다",
          "나는 놀이공원에서 아마존을 가장 좋아한다"
        ],
        "speaker2": [
          "나는 놀이공원 안 간 지 오래다",
          "나는 어릴 때 놀이공원 가면 솜사탕 먹는 게 설렜다",
          "나는 팝콘은 영화관 놀이공원에서 먹어야 맛있다",
          "나는 놀이기구도 재미있지만 직원분들이 유쾌해 재미있다",
          "나는 귀신의 집도 좋아한다"
        ]
      },
      "prevAggregatedpersonaSummary": {
        "speaker1": [
          "나는 20대 여성이다",
          "나는 주말에 청소를 한다. \n",
          "나는 수영을 배운다. 나는 요즘 가끔 열등감을 느낀다. \n",
          "나는 발라드 음악을 좋아한다. 나는 노란색을 좋아한다. 나는 바나나를 좋아한다. \n",
          "나는 날이 너무 좋아서 산책을 나왔다"
        ],
        "speaker2": [
          "나는 서비스 관련직에 종사한다. 나는 40대 여성이다. \n",
          "나는 주말에 밀린 집안일 한다",
          "나는 밤에 게임을 한다. 나는 팝 음악을 가끔 듣는다. \n",
          "나는 옛날 발라드 노래 좋아한다",
          "나는 라디오를 많이 들었다. \n"
        ]
      }
    }
  ]
}