{
  "FileInfo": {
    "filename": "K2-00441-CL01329-CP04410-01-08-S2.json",
    "sessionLevel": "2"
  },
  "participantsInfo": {
    "numberOfParticipants": "2",
    "speaker1": {
      "participantID": "0251",
      "gender": "남성",
      "age": "20대",
      "occupation": "학생",
      "bPlace": "부산/대구/울산/경상",
      "gPlace": "부산/대구/울산/경상",
      "rPlace": "부산/대구/울산/경상",
      "educationLevel": "고졸"
    },
    "speaker2": {
      "participantID": "0048",
      "gender": "남성",
      "age": "50대",
      "occupation": "서비스직",
      "bPlace": "부산/대구/울산/경상",
      "gPlace": "부산/대구/울산/경상",
      "rPlace": "부산/대구/울산/경상",
      "educationLevel": "고졸"
    }
  },
  "multisessionInfo": {
    "multisessionID": "2-00441"
  },
  "personaInfo": {
    "clInfo": {
      "personaID": "01329",
      "personaFeatures": [
        "나는 남자이다.",
        "나는 20대이다.",
        "나의 거주지는 충청도이다.",
        "나는 요즘, 매일 편안하다.",
        "나는 TV 교육 프로그램을 싫어한다."
      ],
      "speakerType": "speaker1"
    },
    "cpInfo": {
      "personaID": "04410",
      "personaFeatures": [
        "나는 남자이다.",
        "나는 50대이다.",
        "나의 거주지는 강원도이다.",
        "나는 전쟁 영화를 좋아한다.",
        "나는 서늘한 날씨를 싫어한다."
      ],
      "speakerType": "speaker2"
    }
  },
  "topicInfo": {
    "topicID": "01-08",
    "topicType": "식음료",
    "topicTitle": "레시피"
  },
  "sessionInfo": [
    {
      "prevSessionID": null,
      "prevTimeInfo": {
        "timeNum": null,
        "timeUnit": null
      },
      "nthSession": "1",
      "numberOfUtterances": "14",
      "numberOfTurns": "7",
      "sessionID": "2-00441-1",
      "dialog": [
        {
          "speaker": "speaker1",
          "personaID": "01329",
          "participantID": "0251",
          "utterance": "안녕하세요^^저는 20대 남자입니다!",
          "summary": "나는 20대 남자이다.",
          "date": "2022-08-31",
          "time": "22:59:02",
          "terminate": "false"
        },
        {
          "speaker": "speaker2",
          "personaID": "04410",
          "participantID": "0048",
          "utterance": "허허 반갑소이 저는 50대 남자네요^^",
          "summary": "나는 50대 남자이다.",
          "date": "2022-08-31",
          "time": "22:59:45",
          "terminate": "false"
        },
        {
          "speaker": "speaker1",
          "personaID": "01329",
          "participantID": "0251",
          "utterance": "반갑네요~ 어디에 거주하시는 분이신가요?",
          "summary": "",
          "date": "2022-08-31",
          "time": "22:59:10",
          "terminate": "false"
        },
        {
          "speaker": "speaker2",
          "personaID": "04410",
          "participantID": "0048",
          "utterance": "저는 강원도 춘천에 거주하네요!",
          "summary": "나는 강원도에 거주하고 있다.",
          "date": "2022-08-31",
          "time": "23:00:10",
          "terminate": "false"
        },
        {
          "speaker": "speaker1",
          "personaID": "01329",
          "participantID": "0251",
          "utterance": "저는 충청도에 거주하고있습니다! 무슨 일을 하시는지요!",
          "summary": "나는 충청도에 거주하고 있다.",
          "date": "2022-08-31",
          "time": "22:59:20",
          "terminate": "false"
        },
        {
          "speaker": "speaker2",
          "personaID": "04410",
          "participantID": "0048",
          "utterance": "충청도는 꽤나 머네요^^ 저는 펜션운영중입니다.",
          "summary": "나는 펜션을 운영 중이다.",
          "date": "2022-08-31",
          "time": "23:01:05",
          "terminate": "false"
        },
        {
          "speaker": "speaker1",
          "personaID": "01329",
          "participantID": "0251",
          "utterance": "자영업 하시는군요~저도 자영업하거든요~ 공통점이 있네요^^",
          "summary": "나는 자영업을 한다.",
          "date": "2022-08-31",
          "time": "23:01:34",
          "terminate": "false"
        },
        {
          "speaker": "speaker2",
          "personaID": "04410",
          "participantID": "0048",
          "utterance": "오 그러세요! 어떤 자영업하시나요? 젊으신데!",
          "summary": "",
          "date": "2022-08-31",
          "time": "23:01:58",
          "terminate": "false"
        },
        {
          "speaker": "speaker1",
          "personaID": "01329",
          "participantID": "0251",
          "utterance": "아 저 음식점하고있습니다~ 국밥집해요^^",
          "summary": "나는 국밥집을 운영하고 있다.",
          "date": "2022-08-31",
          "time": "23:02:05",
          "terminate": "false"
        },
        {
          "speaker": "speaker2",
          "personaID": "04410",
          "participantID": "0048",
          "utterance": "저도 국밥 참좋아하는데^^ 저희 펜션이 조식제공이라 아침마다 국밥주는것도 좋을텐데 레시피라도 알려줄수있나요!",
          "summary": "",
          "date": "2022-08-31",
          "time": "23:02:56",
          "terminate": "false"
        },
        {
          "speaker": "speaker1",
          "personaID": "01329",
          "participantID": "0251",
          "utterance": "육수에 비법이 있어서 말씀드려도 따라하시기 힘들 거에요ㅠㅠ.",
          "summary": "",
          "date": "2022-08-31",
          "time": "23:03:20",
          "terminate": "false"
        },
        {
          "speaker": "speaker2",
          "personaID": "04410",
          "participantID": "0048",
          "utterance": "아그렇군요~ 나중에 충청도 들리면 먹으러가볼게요^^",
          "summary": "",
          "date": "2022-08-31",
          "time": "23:03:39",
          "terminate": "false"
        },
        {
          "speaker": "speaker1",
          "personaID": "01329",
          "participantID": "0251",
          "utterance": "점심 장사 준비를 해야할 것같아서 재료 손질 좀 하고올게요^^",
          "summary": "",
          "date": "2022-08-31",
          "time": "23:04:04",
          "terminate": "false"
        },
        {
          "speaker": "speaker2",
          "personaID": "04410",
          "participantID": "0048",
          "utterance": "네네 수고하고오시죠^^ 애쓰시네요.",
          "summary": "",
          "date": "2022-08-31",
          "time": "23:04:32",
          "terminate": "true"
        }
      ],
      "sessionPersonaSummary": {
        "speaker1": [
          "나는 20대 남자이다.",
          "나는 충청도에 거주하고 있다.",
          "나는 자영업을 한다.",
          "나는 국밥집을 운영하고 있다."
        ],
        "speaker2": [
          "나는 50대 남자이다.",
          "나는 강원도에 거주하고 있다.",
          "나는 펜션을 운영 중이다."
        ]
      },
      "prevAggregatedpersonaSummary": {
        "speaker1": [],
        "speaker2": []
      }
    },
    {
      "prevSessionID": "2-00441-1",
      "prevTimeInfo": {
        "timeNum": "4",
        "timeUnit": "시간"
      },
      "nthSession": "2",
      "numberOfUtterances": "14",
      "numberOfTurns": "7",
      "sessionID": "2-00441-2",
      "dialog": [
        {
          "speaker": "speaker1",
          "personaID": "01329",
          "participantID": "0251",
          "utterance": "재료 손질하고 점심 준비하니 오전에는 네 시간이 훌쩍 가네요~",
          "summary": "",
          "date": "2022-08-31",
          "time": "23:04:18",
          "terminate": "false"
        },
        {
          "speaker": "speaker2",
          "personaID": "04410",
          "participantID": "0048",
          "utterance": "그러게요~ 그새 또 저녁이고 많이 바쁘신가요?",
          "summary": "",
          "date": "2022-08-31",
          "time": "23:05:15",
          "terminate": "false"
        },
        {
          "speaker": "speaker1",
          "personaID": "01329",
          "participantID": "0251",
          "utterance": "네 요즘 장사가 잘되서 마음이 편안하네요ㅎㅎ통장잔고소리가 좋습니다^^",
          "summary": "나는 요즘, 매일 편안하다.",
          "date": "2022-08-31",
          "time": "23:05:28",
          "terminate": "false"
        },
        {
          "speaker": "speaker2",
          "personaID": "04410",
          "participantID": "0048",
          "utterance": "저는 반대로 날이 서늘해지면 장사가 안되네요! 손님들이 안찾아오나? 그래서 서늘한 날씨를 싫어해요.",
          "summary": "나는 서늘한 날씨를 싫어한다.",
          "date": "2022-08-31",
          "time": "23:07:03",
          "terminate": "false"
        },
        {
          "speaker": "speaker1",
          "personaID": "01329",
          "participantID": "0251",
          "utterance": "그럼 쉬는날엔 보통 뭐하시나요?",
          "summary": "",
          "date": "2022-08-31",
          "time": "23:08:00",
          "terminate": "false"
        },
        {
          "speaker": "speaker2",
          "personaID": "04410",
          "participantID": "0048",
          "utterance": "저는 쉬는날이 보통 평일인데 그날은 혼자 영화보러다녀요^^",
          "summary": "",
          "date": "2022-08-31",
          "time": "23:08:25",
          "terminate": "false"
        },
        {
          "speaker": "speaker1",
          "personaID": "01329",
          "participantID": "0251",
          "utterance": "어떤 영화 장르를 좋아하세요?",
          "summary": "",
          "date": "2022-08-31",
          "time": "23:08:31",
          "terminate": "false"
        },
        {
          "speaker": "speaker2",
          "personaID": "04410",
          "participantID": "0048",
          "utterance": "저는 전쟁영화좋아해요! 너무 스릴넘치고 웅장하고!",
          "summary": "나는 전쟁영화를 좋아한다.",
          "date": "2022-08-31",
          "time": "23:09:11",
          "terminate": "false"
        },
        {
          "speaker": "speaker1",
          "personaID": "01329",
          "participantID": "0251",
          "utterance": "저도 가끔 영화 보는데 저는 코미디를 좋아해요.",
          "summary": "나는 코미디 영화를 좋아한다.",
          "date": "2022-08-31",
          "time": "23:09:39",
          "terminate": "false"
        },
        {
          "speaker": "speaker2",
          "personaID": "04410",
          "participantID": "0048",
          "utterance": "그럼 사장님은 쉬는날 뭐하시나요?",
          "summary": "",
          "date": "2022-08-31",
          "time": "23:10:01",
          "terminate": "false"
        },
        {
          "speaker": "speaker1",
          "personaID": "01329",
          "participantID": "0251",
          "utterance": "저는 조카들 놀아주느라..EBS강제 시청합니다^^ 교육방송 싫어하는데..",
          "summary": "나는 TV 교육 프로그램을 싫어한다.",
          "date": "2022-08-31",
          "time": "23:10:32",
          "terminate": "false"
        },
        {
          "speaker": "speaker2",
          "personaID": "04410",
          "participantID": "0048",
          "utterance": "허허 다정한 삼촌이네요^^ 교육방송 지루하긴하죠.",
          "summary": "",
          "date": "2022-08-31",
          "time": "23:10:53",
          "terminate": "false"
        },
        {
          "speaker": "speaker1",
          "personaID": "01329",
          "participantID": "0251",
          "utterance": "맞아요.. 슬슬 이제 또 손님 붐빌 시간이라 준비해야할 것같아요ㅠㅠ.",
          "summary": "",
          "date": "2022-08-31",
          "time": "23:11:14",
          "terminate": "false"
        },
        {
          "speaker": "speaker2",
          "personaID": "04410",
          "participantID": "0048",
          "utterance": "저도 펜션청소좀 하러가야겠어요^^ 수고하세요.",
          "summary": "",
          "date": "2022-08-31",
          "time": "23:11:57",
          "terminate": "true"
        }
      ],
      "sessionPersonaSummary": {
        "speaker1": [
          "나는 요즘, 매일 편안하다.",
          "나는 코미디 영화를 좋아한다.",
          "나는 TV 교육 프로그램을 싫어한다."
        ],
        "speaker2": [
          "나는 서늘한 날씨를 싫어한다.",
          "나는 전쟁영화를 좋아한다."
        ]
      },
      "prevAggregatedpersonaSummary": {
        "speaker1": [
          "나는 20대 남자이다.",
          "나는 충청도에 거주하고 있다.",
          "나는 자영업을 한다.",
          "나는 국밥집을 운영하고 있다."
        ],
        "speaker2": [
          "나는 50대 남자이다.",
          "나는 강원도에 거주하고 있다.",
          "나는 펜션을 운영 중이다."
        ]
      }
    }
  ]
}