{
  "FileInfo": {
    "filename": "K2-00299-CL22069-CP51871-14-10-S2.json",
    "sessionLevel": "2"
  },
  "participantsInfo": {
    "numberOfParticipants": "2",
    "speaker1": {
      "participantID": "6541",
      "gender": "여성",
      "age": "30대",
      "occupation": "무직",
      "bPlace": "서울/경기/인천",
      "gPlace": "서울/경기/인천",
      "rPlace": "서울/경기/인천",
      "educationLevel": "대졸"
    },
    "speaker2": {
      "participantID": "3180",
      "gender": "여성",
      "age": "40대",
      "occupation": "주부",
      "bPlace": "서울/경기/인천",
      "gPlace": "서울/경기/인천",
      "rPlace": "서울/경기/인천",
      "educationLevel": "대졸"
    }
  },
  "multisessionInfo": {
    "multisessionID": "2-00299"
  },
  "personaInfo": {
    "clInfo": {
      "personaID": "22069",
      "personaFeatures": [
        "나는 여자이다.",
        "나는 20대이다.",
        "나는 요즘, 가끔 안도감이 든다",
        "나는 학원 과학 강사이다",
        "나는 코미디 영화를 좋아한다"
      ],
      "speakerType": "speaker1"
    },
    "cpInfo": {
      "personaID": "51871",
      "personaFeatures": [
        "나는 여자이다.",
        "나는 50대이다.",
        "나는 매우 부정적이다",
        "나는 스포츠댄스 동호회에 관심 없다",
        "나는 홍시를 싫어한다"
      ],
      "speakerType": "speaker2"
    }
  },
  "topicInfo": {
    "topicID": "14-10",
    "topicType": "시사/사회>사회이슈(국내)",
    "topicTitle": "코로나"
  },
  "sessionInfo": [
    {
      "prevSessionID": null,
      "prevTimeInfo": {
        "timeNum": null,
        "timeUnit": null
      },
      "nthSession": "1",
      "numberOfUtterances": "14",
      "numberOfTurns": "7",
      "sessionID": "2-00299-1",
      "dialog": [
        {
          "speaker": "speaker1",
          "personaID": "22069",
          "participantID": "6541",
          "utterance": "안녕하세요 저는 코미디영화를 좋아하는 여성 20대입니다",
          "summary": "나는 코미디 영화 좋아하는 20대 여성이다.",
          "date": "2022-10-27",
          "time": "19:48:45",
          "terminate": "false"
        },
        {
          "speaker": "speaker2",
          "personaID": "51871",
          "participantID": "3180",
          "utterance": "안녕하세요 저는 50대 여성입니다.",
          "summary": "나는 50대 여성이다",
          "date": "2022-10-27",
          "time": "19:48:57",
          "terminate": "false"
        },
        {
          "speaker": "speaker1",
          "personaID": "22069",
          "participantID": "6541",
          "utterance": "반갑습니다 저는 학원 과학강사로 일하고 있습니다. 혹시 무슨일 하세요?",
          "summary": "나는 과학강사이다.",
          "date": "2022-10-27",
          "time": "19:54:26",
          "terminate": "false"
        },
        {
          "speaker": "speaker2",
          "personaID": "51871",
          "participantID": "3180",
          "utterance": "강사시군요 저는 주부입니다 저는 홍시를 싫어하는데 홍시 좋아하시나요?",
          "summary": "나는 홍시를 싫어한다",
          "date": "2022-10-27",
          "time": "19:56:28",
          "terminate": "false"
        },
        {
          "speaker": "speaker1",
          "personaID": "22069",
          "participantID": "6541",
          "utterance": "주부시군요~ 홍시 좋아합니다 홍시는 백설기와 함께 먹으면 찰떡궁합 입니다.  일하다 코미디 영화를보면서 홍시와 백설기를 같이 먹는다던지 하는 그런 일상적인 순간에  가끔 안도감이 들어요",
          "summary": "나는 일상적인 순간에 가끔 안도감이 든다.",
          "date": "2022-10-27",
          "time": "20:36:33",
          "terminate": "false"
        },
        {
          "speaker": "speaker2",
          "personaID": "51871",
          "participantID": "3180",
          "utterance": "백설기와 홍시도 잘 어울리나 보네요 저는 부정적인 성격인데요 어떤 성격이신가요?",
          "summary": "나는 부정적인 성격이다",
          "date": "2022-10-27",
          "time": "20:42:22",
          "terminate": "false"
        },
        {
          "speaker": "speaker1",
          "personaID": "22069",
          "participantID": "6541",
          "utterance": "저는 아주 긍정적인 편이랍니다 ㅎㅎ",
          "summary": "나는 긍정적이다.",
          "date": "2022-10-27",
          "time": "23:12:41",
          "terminate": "false"
        },
        {
          "speaker": "speaker2",
          "personaID": "51871",
          "participantID": "3180",
          "utterance": "저는 스포츠 댄스를 하고 있는데요  왠지모르게 스포츠댄스 동호회엔 관심이 없습니다 운동좋아하시나요>",
          "summary": "나는 스포츠댄스 하지만 동호회는 관심 없다",
          "date": "2022-10-27",
          "time": "23:16:54",
          "terminate": "false"
        },
        {
          "speaker": "speaker1",
          "personaID": "22069",
          "participantID": "6541",
          "utterance": "비슷한분을 만날때마다 가끔 안도감이 듭니다 ㅎ 저도 운동은 별로 안좋아하고 집에서 코미디 영화보는것을 좋아합니다",
          "summary": "나는 운동 별로 안 좋아한다.",
          "date": "2022-10-27",
          "time": "23:21:00",
          "terminate": "false"
        },
        {
          "speaker": "speaker2",
          "personaID": "51871",
          "participantID": "3180",
          "utterance": "저도 코미디 영화 좋아해요 로맨스 코미디가 가볍게 보기 딱좋은 것 같아요.",
          "summary": "나는 코미디 영화를 좋아한다",
          "date": "2022-10-27",
          "time": "23:22:11",
          "terminate": "false"
        },
        {
          "speaker": "speaker1",
          "personaID": "22069",
          "participantID": "6541",
          "utterance": "좋아하는 코미디 영화라던지 배우가 있나요?",
          "summary": "",
          "date": "2022-10-27",
          "time": "23:28:51",
          "terminate": "false"
        },
        {
          "speaker": "speaker2",
          "personaID": "51871",
          "participantID": "3180",
          "utterance": "딱히 좋아하는 배우는 없고요 저는 국회의원 거짓말 못하는 역할로 @이름@이 나왔었는데 너무 재밌게 봤었어요. ",
          "summary": "나는 국회의원 영화를 재밌게 봤다",
          "date": "2022-10-27",
          "time": "23:32:53",
          "terminate": "false"
        },
        {
          "speaker": "speaker1",
          "personaID": "22069",
          "participantID": "6541",
          "utterance": "아 이번에 속편이 새로나온 그영화 말씀이시군요!  저도알아요  @이름@씨가 코믹연기를 너무 잘하죠~",
          "summary": "",
          "date": "2022-10-27",
          "time": "23:40:53",
          "terminate": "false"
        },
        {
          "speaker": "speaker2",
          "personaID": "51871",
          "participantID": "3180",
          "utterance": "맞아요 그게 기대를 안하고 보러갔는데 너무 재미있더라고요. 이만 나가볼께요~",
          "summary": "기대 안 했는데 그 영화가 재미있었다",
          "date": "2022-10-27",
          "time": "23:43:00",
          "terminate": "true"
        }
      ],
      "sessionPersonaSummary": {
        "speaker1": [
          "나는 코미디 영화 좋아하는 20대 여성이다.",
          "나는 과학강사이다.",
          "나는 일상적인 순간에 가끔 안도감이 든다.",
          "나는 긍정적이다.",
          "나는 운동 별로 안 좋아한다."
        ],
        "speaker2": [
          "나는 50대 여성이다",
          "나는 홍시를 싫어한다",
          "나는 부정적인 성격이다",
          "나는 스포츠댄스 하지만 동호회는 관심 없다",
          "나는 코미디 영화를 좋아한다",
          "나는 국회의원 영화를 재밌게 봤다",
          "기대 안 했는데 그 영화가 재미있었다"
        ]
      },
      "prevAggregatedpersonaSummary": {
        "speaker1": [],
        "speaker2": []
      }
    },
    {
      "prevSessionID": "2-00299-1",
      "prevTimeInfo": {
        "timeNum": "3",
        "timeUnit": "주"
      },
      "nthSession": "2",
      "numberOfUtterances": "14",
      "numberOfTurns": "7",
      "sessionID": "2-00299-2",
      "dialog": [
        {
          "speaker": "speaker1",
          "personaID": "22069",
          "participantID": "6541",
          "utterance": "3주만에 인사드리네요 요즘 독감이 유행이라던데 잘지내셨나요?",
          "summary": "나는 독감 유행이라 걱정된다.",
          "date": "2022-11-05",
          "time": "02:59:06",
          "terminate": "false"
        },
        {
          "speaker": "speaker2",
          "personaID": "51871",
          "participantID": "3180",
          "utterance": "독감 많이 걸리더라고요 전 독감주사 맞았는데 맞으셨나요?",
          "summary": "나는 독감주사를 맞았다",
          "date": "2022-11-05",
          "time": "11:03:53",
          "terminate": "false"
        },
        {
          "speaker": "speaker1",
          "personaID": "22069",
          "participantID": "6541",
          "utterance": "네 저도 걱정되서 맞았습니다  지인이 걸렸는데 아주 고생했다고 하더라고요~",
          "summary": "나는 독감주사 맞았다.",
          "date": "2022-11-05",
          "time": "20:02:25",
          "terminate": "false"
        },
        {
          "speaker": "speaker2",
          "personaID": "51871",
          "participantID": "3180",
          "utterance": "독감 이번엔 별로 안아프더라고요 원래 맞으면 며칠간 팔이 아팠거든요.",
          "summary": "나는 이번 독감주사를 맞고 별로 아프지 않았다",
          "date": "2022-11-05",
          "time": "20:06:56",
          "terminate": "false"
        },
        {
          "speaker": "speaker1",
          "personaID": "22069",
          "participantID": "6541",
          "utterance": "예방접종할때 말씀이죠?  그렇다니 다행입니다 코로나 예방접종은 사람마다 부작용 편차가 심하더라고요 예방접종인데 거의 코로나 걸린것처럼 아파서 다음 차 예방접종 안하겠다는 분들이 꽤 많더라고요",
          "summary": "나는 예방접종 부작용이 편차가 심한 것 같다.",
          "date": "2022-11-07",
          "time": "21:21:51",
          "terminate": "false"
        },
        {
          "speaker": "speaker2",
          "personaID": "51871",
          "participantID": "3180",
          "utterance": "그러게요 코로나 예방주사 맞으셨나요?",
          "summary": "나는 코로나 예방 접종했는지 묻는다",
          "date": "2022-11-07",
          "time": "21:37:04",
          "terminate": "false"
        },
        {
          "speaker": "speaker1",
          "personaID": "22069",
          "participantID": "6541",
          "utterance": "네 저는 삼차까지 접종했는데 했을때마다 심하게 아파서 이제 더이상은 안맞으려고요 생활에 지장이 많더라고요  ㅠㅡㅠ 일도 못하고",
          "summary": "나는 코로나 주사 3차까지 맞았다. 나는 주사 맞고 생활에 지장 있을 정도로 아팠다.",
          "date": "2022-11-07",
          "time": "22:30:02",
          "terminate": "false"
        },
        {
          "speaker": "speaker2",
          "personaID": "51871",
          "participantID": "3180",
          "utterance": "저는 2차까지 맞았다가 코로나 걸린이후로 안맞았어요.",
          "summary": "나는 코로나 예방주사 2차까지 맞고 걸린 이후로 안 맞았다",
          "date": "2022-11-07",
          "time": "23:24:42",
          "terminate": "false"
        },
        {
          "speaker": "speaker1",
          "personaID": "22069",
          "participantID": "6541",
          "utterance": "예방접종 했을때 괜찮으셨어요?",
          "summary": "",
          "date": "2022-11-07",
          "time": "23:27:37",
          "terminate": "false"
        },
        {
          "speaker": "speaker2",
          "personaID": "51871",
          "participantID": "3180",
          "utterance": "저는 다행히 주사 후유증은 크게 없었어요 열 38도까지 나고 끝나더라고요.",
          "summary": "나는 코로나 주사 후유증을 없고 열이 38도까지 올랐다",
          "date": "2022-11-07",
          "time": "23:33:41",
          "terminate": "false"
        },
        {
          "speaker": "speaker1",
          "personaID": "22069",
          "participantID": "6541",
          "utterance": "열이 38도면 많이 아프셨네요ㅠ 열 많이나면 활동 못하게되는데 ..고생하셨습니다",
          "summary": "",
          "date": "2022-11-07",
          "time": "23:45:43",
          "terminate": "false"
        },
        {
          "speaker": "speaker2",
          "personaID": "51871",
          "participantID": "3180",
          "utterance": "일부러 금요일 저녁에 맞았어요 그래도 그 주사덕분인지 코로나도 가볍게 넘긴것 같더라고요.",
          "summary": "나는 코로나 예방주사를 이루러 금요일 저녁에 맞았다",
          "date": "2022-11-07",
          "time": "23:49:58",
          "terminate": "false"
        },
        {
          "speaker": "speaker1",
          "personaID": "22069",
          "participantID": "6541",
          "utterance": "그런거겠죠?  아무래도 긍정적인 마인드가 건강에 좋으니 좋게 생각해야겠네요~",
          "summary": "나는 예방주사가 건강에 좋으니 긍정적으로 생각해야겠다.",
          "date": "2022-11-07",
          "time": "23:51:24",
          "terminate": "false"
        },
        {
          "speaker": "speaker2",
          "personaID": "51871",
          "participantID": "3180",
          "utterance": "네~그렇죠 전 이만 나가봐야겠어요~",
          "summary": "나는 나가보겠다",
          "date": "2022-11-08",
          "time": "00:00:51",
          "terminate": "true"
        }
      ],
      "sessionPersonaSummary": {
        "speaker1": [
          "나는 독감 유행이라 걱정된다.",
          "나는 독감주사 맞았다.",
          "나는 예방접종 부작용이 편차가 심한 것 같다.",
          "나는 코로나 주사 3차까지 맞았다.",
          "나는 주사 맞고 생활에 지장 있을 정도로 아팠다.",
          "나는 예방주사가 건강에 좋으니 긍정적으로 생각해야겠다."
        ],
        "speaker2": [
          "나는 독감주사를 맞았다",
          "나는 이번 독감주사를 맞고 별로 아프지 않았다",
          "나는 코로나 예방 접종했는지 묻는다",
          "나는 코로나 예방주사 2차까지 맞고 걸린 이후로 안 맞았다",
          "나는 코로나 주사 후유증을 없고 열이 38도까지 올랐다",
          "나는 코로나 예방주사를 이루러 금요일 저녁에 맞았다",
          "나는 나가보겠다"
        ]
      },
      "prevAggregatedpersonaSummary": {
        "speaker1": [
          "나는 코미디 영화 좋아하는 20대 여성이다.",
          "나는 과학강사이다.",
          "나는 일상적인 순간에 가끔 안도감이 든다.",
          "나는 긍정적이다.",
          "나는 운동 별로 안 좋아한다."
        ],
        "speaker2": [
          "나는 50대 여성이다",
          "나는 홍시를 싫어한다",
          "나는 부정적인 성격이다",
          "나는 스포츠댄스 하지만 동호회는 관심 없다",
          "나는 코미디 영화를 좋아한다",
          "나는 국회의원 영화를 재밌게 봤다",
          "기대 안 했는데 그 영화가 재미있었다"
        ]
      }
    }
  ]
}