{
  "FileInfo": {
    "filename": "K2-00531-CL23953-CP24493-14-01-S2.json",
    "sessionLevel": "2"
  },
  "participantsInfo": {
    "numberOfParticipants": "2",
    "speaker1": {
      "participantID": "0956",
      "gender": "여성",
      "age": "20대",
      "occupation": "학생",
      "bPlace": "서울/경기/인천",
      "gPlace": "서울/경기/인천",
      "rPlace": "서울/경기/인천",
      "educationLevel": "고졸"
    },
    "speaker2": {
      "participantID": "0966",
      "gender": "여성",
      "age": "20대",
      "occupation": "무직",
      "bPlace": "서울/경기/인천",
      "gPlace": "서울/경기/인천",
      "rPlace": "서울/경기/인천",
      "educationLevel": "고졸"
    }
  },
  "multisessionInfo": {
    "multisessionID": "2-00531"
  },
  "personaInfo": {
    "clInfo": {
      "personaID": "23953",
      "personaFeatures": [
        "나는 여자이다.",
        "나는 20대이다.",
        "나의 남자 형제는 회사원이다.",
        "나는 축구부 동아리에 관심 없다.",
        "나는 액션 영화를 가끔 본다.",
        "나의 거주지는 천안이다."
      ],
      "speakerType": "speaker1"
    },
    "cpInfo": {
      "personaID": "24493",
      "personaFeatures": [
        "나는 여자이다.",
        "나는 20대이다.",
        "나는 요즘, 3년 전 일 때문에 부모님께 죄책감이 든다.",
        "나는 일주일에 한두 번 셔틀버스로 통학을 한다.",
        "나는 비올라 연주를 자주 한다.",
        "나는 아이스 바닐라라테를 매일 2잔 이상 마신다."
      ],
      "speakerType": "speaker2"
    }
  },
  "topicInfo": {
    "topicID": "14-01",
    "topicType": "시사/사회>사회이슈(국내)",
    "topicTitle": "물가"
  },
  "sessionInfo": [
    {
      "prevSessionID": null,
      "prevTimeInfo": {
        "timeNum": null,
        "timeUnit": null
      },
      "nthSession": "1",
      "numberOfUtterances": "14",
      "numberOfTurns": "7",
      "sessionID": "2-00531-1",
      "dialog": [
        {
          "speaker": "speaker1",
          "personaID": "23953",
          "participantID": "0956",
          "utterance": "반가워요~ 저는 20대 여자랍니다!! 간단하게 소개 해주세요~",
          "summary": "나는 20대 여자이다.",
          "date": "2022-10-27",
          "time": "20:49:11",
          "terminate": "false"
        },
        {
          "speaker": "speaker2",
          "personaID": "24493",
          "participantID": "0966",
          "utterance": "안녕하세용ㅎㅎ저는 20대구요 여자입니다~~",
          "summary": "나는 20대 여자이다.",
          "date": "2022-10-27",
          "time": "20:49:13",
          "terminate": "false"
        },
        {
          "speaker": "speaker1",
          "personaID": "23953",
          "participantID": "0956",
          "utterance": "저는 천안에 살고있는데 선생님은 어디분이신가요?",
          "summary": "나의 거주지는 천안이다.",
          "date": "2022-10-27",
          "time": "20:49:18",
          "terminate": "false"
        },
        {
          "speaker": "speaker2",
          "personaID": "24493",
          "participantID": "0966",
          "utterance": "ㅎㅎ저는 김제에 살고 있어요~~직업이 있으신가요~",
          "summary": "나의 거주지는 김제이다.",
          "date": "2022-10-27",
          "time": "20:49:43",
          "terminate": "false"
        },
        {
          "speaker": "speaker1",
          "personaID": "23953",
          "participantID": "0956",
          "utterance": "아 저는 대학생입니다!! 요즘 대학생활 지겨워요ㅠㅠ선생님은 어때요?",
          "summary": "나는 대학생이다. 나는 요즘 대학생활이 지겹다.",
          "date": "2022-10-27",
          "time": "20:49:53",
          "terminate": "false"
        },
        {
          "speaker": "speaker2",
          "personaID": "24493",
          "participantID": "0966",
          "utterance": "왜 지겨우신가요! 저는 일주일에 한두 번 셔틀버스로 통학을 한답니다..",
          "summary": "나는 일주일에 한두 번 셔틀버스로 통학을 한다.",
          "date": "2022-10-27",
          "time": "20:50:05",
          "terminate": "false"
        },
        {
          "speaker": "speaker1",
          "personaID": "23953",
          "participantID": "0956",
          "utterance": "그 똑같은 통학버스도 지겹고! 관심없는데 자꾸 축구부 동아리에서 들어오라고 하니까 더 진절머리나요ㅠㅠ.",
          "summary": "나는 축구부 동아리에 관심 없다.",
          "date": "2022-10-27",
          "time": "20:50:24",
          "terminate": "false"
        },
        {
          "speaker": "speaker2",
          "personaID": "24493",
          "participantID": "0966",
          "utterance": "아이구야.. 다른 관심있는 동아리는 있으신가요?ㅎㅎ.",
          "summary": "",
          "date": "2022-10-27",
          "time": "20:50:51",
          "terminate": "false"
        },
        {
          "speaker": "speaker1",
          "personaID": "23953",
          "participantID": "0956",
          "utterance": "저는 그냥 조용히 학교 다니고싶어요ㅠㅠ흑.. 너무 재미없죠..? 선생님은 취미생활이 있어요?",
          "summary": "나는 조용히 학교를 다니고 싶다.",
          "date": "2022-10-27",
          "time": "20:51:08",
          "terminate": "false"
        },
        {
          "speaker": "speaker2",
          "personaID": "24493",
          "participantID": "0966",
          "utterance": "전 비올라 연주를 자주 한답니다ㅎㅎ비올라만 생각하면 요즘, 3년 전 일 때문에 부모님께 죄책감이 들어요.",
          "summary": "나는 비올라 연주를 자주 한다. 나는 요즘, 3년 전 일 때문에 부모님께 죄책감이 든다.",
          "date": "2022-10-27",
          "time": "20:51:29",
          "terminate": "false"
        },
        {
          "speaker": "speaker1",
          "personaID": "23953",
          "participantID": "0956",
          "utterance": "오우.. 비올라 연주 하는데 어떤 일이 있었길래 그래요?",
          "summary": "",
          "date": "2022-10-27",
          "time": "20:51:37",
          "terminate": "false"
        },
        {
          "speaker": "speaker2",
          "personaID": "24493",
          "participantID": "0966",
          "utterance": "제 친구가 비올라 연주를 시작해서..저도 무작정 부모님한테 비올라 사달라고 쫄랐거든요..가격이 비싼데ㅠ.",
          "summary": "나는 부모님한테 비올라를 사달라고 졸랐다.",
          "date": "2022-10-27",
          "time": "20:52:24",
          "terminate": "false"
        },
        {
          "speaker": "speaker1",
          "personaID": "23953",
          "participantID": "0956",
          "utterance": "아이구.. 철부지처럼 굴었군요? 근데 그럴수있죠!! 저는 그맘 이해해요.",
          "summary": "",
          "date": "2022-10-27",
          "time": "20:52:39",
          "terminate": "false"
        },
        {
          "speaker": "speaker2",
          "personaID": "24493",
          "participantID": "0966",
          "utterance": "근데 지금은비올라 연주를 열심히하고 부모님도 좋아해주시네요~ㅎㅎ잠시만요~ 저 통화 좀 하고올게요^^",
          "summary": "",
          "date": "2022-10-27",
          "time": "20:53:02",
          "terminate": "true"
        }
      ],
      "sessionPersonaSummary": {
        "speaker1": [
          "나는 20대 여자이다.",
          "나의 거주지는 천안이다.",
          "나는 대학생이다. 나는 요즘 대학생활이 지겹다.",
          "나는 축구부 동아리에 관심 없다.",
          "나는 조용히 학교를 다니고 싶다."
        ],
        "speaker2": [
          "나는 20대 여자이다.",
          "나의 거주지는 김제이다.",
          "나는 일주일에 한두 번 셔틀버스로 통학을 한다.",
          "나는 비올라 연주를 자주 한다. 나는 요즘, 3년 전 일 때문에 부모님께 죄책감이 든다.",
          "나는 부모님한테 비올라를 사달라고 졸랐다."
        ]
      },
      "prevAggregatedpersonaSummary": {
        "speaker1": [],
        "speaker2": []
      }
    },
    {
      "prevSessionID": "2-00531-1",
      "prevTimeInfo": {
        "timeNum": "1",
        "timeUnit": "주"
      },
      "nthSession": "2",
      "numberOfUtterances": "14",
      "numberOfTurns": "7",
      "sessionID": "2-00531-2",
      "dialog": [
        {
          "speaker": "speaker1",
          "personaID": "23953",
          "participantID": "0956",
          "utterance": "일주일만에 연락드리네요~ 저 기억하시나요?ㅎㅎ.",
          "summary": "",
          "date": "2022-10-27",
          "time": "20:53:03",
          "terminate": "false"
        },
        {
          "speaker": "speaker2",
          "personaID": "24493",
          "participantID": "0966",
          "utterance": "네 기억해요!! 대학생활 아직도 지겨우신가요?~~",
          "summary": "",
          "date": "2022-10-27",
          "time": "20:53:29",
          "terminate": "false"
        },
        {
          "speaker": "speaker1",
          "personaID": "23953",
          "participantID": "0956",
          "utterance": "액션 영화 가끔 보면서 지내니까ㅎㅎ나름 괜찮아요~",
          "summary": "나는 액션 영화를 가끔 본다.",
          "date": "2022-10-27",
          "time": "20:53:39",
          "terminate": "false"
        },
        {
          "speaker": "speaker2",
          "personaID": "24493",
          "participantID": "0966",
          "utterance": "다행이네요! 영화가 힐링이 되었나보네요~ 저는 커피 마시러 카페 왔어요.",
          "summary": "",
          "date": "2022-10-27",
          "time": "20:53:53",
          "terminate": "false"
        },
        {
          "speaker": "speaker1",
          "personaID": "23953",
          "participantID": "0956",
          "utterance": "어우.. 저는 요즘 물가가 너무 올라서 커피 한잔 사먹는데도 손이 떨리더라구요.",
          "summary": "나는 요즘 물가가 올라서 커피 한잔 사 먹는데 손이 떨린다.",
          "date": "2022-10-27",
          "time": "20:54:04",
          "terminate": "false"
        },
        {
          "speaker": "speaker2",
          "personaID": "24493",
          "participantID": "0966",
          "utterance": "아이스 바닐라라떼를 매일 2잔 이상 마시는데.. 진짜 끊어야하려나봐요 너무 비싼데요?",
          "summary": "나는 아이스 바닐라라테를 매일 2잔 이상 마신다.",
          "date": "2022-10-27",
          "time": "20:54:18",
          "terminate": "false"
        },
        {
          "speaker": "speaker1",
          "personaID": "23953",
          "participantID": "0956",
          "utterance": "그쵸..? 그래서 저 먹고싶은거 있으면 저희 오빠 회사 기웃거려요..하핫.",
          "summary": "나는 먹고 싶은 게 생기면 오빠 회사를 기웃거린다.",
          "date": "2022-10-27",
          "time": "20:54:29",
          "terminate": "false"
        },
        {
          "speaker": "speaker2",
          "personaID": "24493",
          "participantID": "0966",
          "utterance": "아 왜요? 오빠 찬스 할라구요?ㅋㅋㅋㅋㅋㅋ아 웃겨라 만난적 있나요?",
          "summary": "",
          "date": "2022-10-27",
          "time": "20:54:43",
          "terminate": "false"
        },
        {
          "speaker": "speaker1",
          "personaID": "23953",
          "participantID": "0956",
          "utterance": "저희 오빠가 학교 근처에 있는 회사를 다니고있거든요! 회사원이에요!",
          "summary": "나의 남자 형제는 회사원이다.",
          "date": "2022-10-27",
          "time": "20:54:51",
          "terminate": "false"
        },
        {
          "speaker": "speaker2",
          "personaID": "24493",
          "participantID": "0966",
          "utterance": "그러시구나ㅎㅎ진짜 오빠 찬스 아니면 요즘 뭐 먹기 힘들어요.. 힝 다 올랐어요 물가가.",
          "summary": "",
          "date": "2022-10-27",
          "time": "20:55:09",
          "terminate": "false"
        },
        {
          "speaker": "speaker1",
          "personaID": "23953",
          "participantID": "0956",
          "utterance": "맞아요.. 근데 오빠가 요즘 연락을 잘 안받아요..흠.",
          "summary": "나의 오빠는 요즘 연락을 잘 안 받는다.",
          "date": "2022-10-27",
          "time": "20:55:31",
          "terminate": "false"
        },
        {
          "speaker": "speaker2",
          "personaID": "24493",
          "participantID": "0966",
          "utterance": "오빠도 힘들겠죠..ㅎㅎ저 오늘 삼겹살 먹었는데..3처넌 올랐더라구요..",
          "summary": "나는 오늘 삼겹살을 먹었다.",
          "date": "2022-10-27",
          "time": "20:55:58",
          "terminate": "false"
        },
        {
          "speaker": "speaker1",
          "personaID": "23953",
          "participantID": "0956",
          "utterance": "양도 엄청 줄었으면서.. 가격이 3천원이나 올랐다구요?하.. 오늘도오빠 회사 기웃거려야겠네요!",
          "summary": "",
          "date": "2022-10-27",
          "time": "20:56:14",
          "terminate": "false"
        },
        {
          "speaker": "speaker2",
          "personaID": "24493",
          "participantID": "0966",
          "utterance": "그래도 맛있는건 포기 못해요..하하 저 커피 먹고 올게요~",
          "summary": "",
          "date": "2022-10-27",
          "time": "20:56:28",
          "terminate": "true"
        }
      ],
      "sessionPersonaSummary": {
        "speaker1": [
          "나는 액션 영화를 가끔 본다.",
          "나는 요즘 물가가 올라서 커피 한잔 사 먹는데 손이 떨린다.",
          "나는 먹고 싶은 게 생기면 오빠 회사를 기웃거린다.",
          "나의 남자 형제는 회사원이다.",
          "나의 오빠는 요즘 연락을 잘 안 받는다."
        ],
        "speaker2": [
          "나는 아이스 바닐라라테를 매일 2잔 이상 마신다.",
          "나는 오늘 삼겹살을 먹었다."
        ]
      },
      "prevAggregatedpersonaSummary": {
        "speaker1": [
          "나는 20대 여자이다.",
          "나의 거주지는 천안이다.",
          "나는 대학생이다. 나는 요즘 대학생활이 지겹다.",
          "나는 축구부 동아리에 관심 없다.",
          "나는 조용히 학교를 다니고 싶다."
        ],
        "speaker2": [
          "나는 20대 여자이다.",
          "나의 거주지는 김제이다.",
          "나는 일주일에 한두 번 셔틀버스로 통학을 한다.",
          "나는 비올라 연주를 자주 한다. 나는 요즘, 3년 전 일 때문에 부모님께 죄책감이 든다.",
          "나는 부모님한테 비올라를 사달라고 졸랐다."
        ]
      }
    }
  ]
}