{
  "FileInfo": {
    "filename": "K2-00066-CL22003-CP22366-03-08-S2.json",
    "sessionLevel": "2"
  },
  "participantsInfo": {
    "numberOfParticipants": "2",
    "speaker1": {
      "participantID": "3622",
      "gender": "여성",
      "age": "20대",
      "occupation": "무직",
      "bPlace": "부산/대구/울산/경상",
      "gPlace": "부산/대구/울산/경상",
      "rPlace": "부산/대구/울산/경상",
      "educationLevel": "고졸"
    },
    "speaker2": {
      "participantID": "2182",
      "gender": "여성",
      "age": "30대",
      "occupation": "교직",
      "bPlace": "서울/경기/인천",
      "gPlace": "서울/경기/인천",
      "rPlace": "서울/경기/인천",
      "educationLevel": "대졸"
    }
  },
  "multisessionInfo": {
    "multisessionID": "2-00066"
  },
  "personaInfo": {
    "clInfo": {
      "personaID": "22003",
      "personaFeatures": [
        "나는 여자이다.",
        "나는 20대이다.",
        "나는 혼자 있는 것을 참지 못한다",
        "나는 검사이다",
        "나는 스마트폰을 리뷰하는 것을 좋아한다"
      ],
      "speakerType": "speaker1"
    },
    "cpInfo": {
      "personaID": "22366",
      "personaFeatures": [
        "나는 여자이다.",
        "나는 20대이다.",
        "나의 여자 형제는 변호사이다",
        "나는 회계사이다",
        "나는 TV 음악 프로그램을 좋아한다"
      ],
      "speakerType": "speaker2"
    }
  },
  "topicInfo": {
    "topicID": "03-08",
    "topicType": "교통",
    "topicTitle": "이동수단"
  },
  "sessionInfo": [
    {
      "prevSessionID": null,
      "prevTimeInfo": {
        "timeNum": null,
        "timeUnit": null
      },
      "nthSession": "1",
      "numberOfUtterances": "14",
      "numberOfTurns": "7",
      "sessionID": "2-00066-1",
      "dialog": [
        {
          "speaker": "speaker1",
          "personaID": "22003",
          "participantID": "3622",
          "utterance": "안녕하세요 저는 20대 여자입니다!",
          "summary": "나는 20대 여성이다",
          "date": "2022-10-21",
          "time": "16:44:58",
          "terminate": "false"
        },
        {
          "speaker": "speaker2",
          "personaID": "22366",
          "participantID": "2182",
          "utterance": "안녕하세요 저는 20대 여자입니다.",
          "summary": "나는 20대 여성이다",
          "date": "2022-10-21",
          "time": "17:09:57",
          "terminate": "false"
        },
        {
          "speaker": "speaker1",
          "personaID": "22003",
          "participantID": "3622",
          "utterance": "제 직업은 검사입니다. 혹시 직업이 어떻게 되시나요!",
          "summary": "나는 검사이다",
          "date": "2022-10-21",
          "time": "17:12:13",
          "terminate": "false"
        },
        {
          "speaker": "speaker2",
          "personaID": "22366",
          "participantID": "2182",
          "utterance": "좋은 직업이시네요^^ 저의 직업은 회계사 입니다. ",
          "summary": "나는 회계사다",
          "date": "2022-10-21",
          "time": "17:18:44",
          "terminate": "false"
        },
        {
          "speaker": "speaker1",
          "personaID": "22003",
          "participantID": "3622",
          "utterance": "오 님 직업도 만만치않으시게 좋으신데요? 전 직업 특성상 사람을 많이 만나다보니 혼자있는걸 참기가 힘든데 님도 그러신가요?",
          "summary": "나는 회계사 직업도 좋다고 생각한다 나는 직업상 사람을 많이 만난다 나는 혼자 있는 시간을 참기 힘들다",
          "date": "2022-10-21",
          "time": "17:21:01",
          "terminate": "false"
        },
        {
          "speaker": "speaker2",
          "personaID": "22366",
          "participantID": "2182",
          "utterance": "전 조용한 정적이 힘들어요. 그래서 TV음악프로그램을 좋아하고 주로 틀어놓고 생활합니다",
          "summary": "나는 TV 음악프로그램을 좋아하고 틀어놓고 생활을 한다",
          "date": "2022-10-21",
          "time": "17:21:45",
          "terminate": "false"
        },
        {
          "speaker": "speaker1",
          "personaID": "22003",
          "participantID": "3622",
          "utterance": "오 저도 정적이 있는걸 정말 싫어해요! 그렇다보니 손에서 스마트폰을 놓은적이없어요!",
          "summary": "나는 정적을 싫어한다 나는 스마트폰을 좋아한다",
          "date": "2022-10-21",
          "time": "17:23:34",
          "terminate": "false"
        },
        {
          "speaker": "speaker2",
          "personaID": "22366",
          "participantID": "2182",
          "utterance": "제 여동생은 변호사 인데 직업군이 비슷하네요.",
          "summary": "나의 여동생은 변호사이다.",
          "date": "2022-10-21",
          "time": "17:25:20",
          "terminate": "false"
        },
        {
          "speaker": "speaker1",
          "personaID": "22003",
          "participantID": "3622",
          "utterance": "오 정말 비슷한 직업군이네요! 동생분도 좋은 직업을 가지고계시네요! 혹시 님은 좋아하시는게 있으신가요? 저는 스마트폰을 사용하고 리뷰하는것을 좋아한답니다!",
          "summary": " 나는 스마트 폰을 사용하고 리뷰하는 것을 좋아한다",
          "date": "2022-10-21",
          "time": "17:29:22",
          "terminate": "false"
        },
        {
          "speaker": "speaker2",
          "personaID": "22366",
          "participantID": "2182",
          "utterance": "저는 TV나 미국드라마를 보는 것을 좋아합니다. ",
          "summary": "나는 TV나 미국 드라마를 보는 것을 좋아한다",
          "date": "2022-10-21",
          "time": "17:36:07",
          "terminate": "false"
        },
        {
          "speaker": "speaker1",
          "personaID": "22003",
          "participantID": "3622",
          "utterance": "오 멋있어요 ! 미국 드라마라니 재미있을거 같네요!",
          "summary": "",
          "date": "2022-10-21",
          "time": "17:37:07",
          "terminate": "false"
        },
        {
          "speaker": "speaker2",
          "personaID": "22366",
          "participantID": "2182",
          "utterance": "네! 범죄 수사물을 좋아하는데 볼때마다 흥미진진해서 계속 보게 되네요",
          "summary": "",
          "date": "2022-10-21",
          "time": "17:46:53",
          "terminate": "false"
        },
        {
          "speaker": "speaker1",
          "personaID": "22003",
          "participantID": "3622",
          "utterance": "FBI 가끔 보는데 너무 재미있었던거 같아요!",
          "summary": "나는 FBI 미국 드라마를 가끔 재미있게 봤다",
          "date": "2022-10-21",
          "time": "17:51:14",
          "terminate": "false"
        },
        {
          "speaker": "speaker2",
          "personaID": "22366",
          "participantID": "2182",
          "utterance": "제가 지금 일이 있어서 우리 다음에 이어서 이야기 해요~ ",
          "summary": "",
          "date": "2022-10-21",
          "time": "17:52:40",
          "terminate": "true"
        }
      ],
      "sessionPersonaSummary": {
        "speaker1": [
          "나는 20대 여성이다",
          "나는 검사이다",
          "나는 회계사 직업도 좋다고 생각한다",
          "나는 직업상 사람을 많이 만난다",
          "나는 혼자 있는 시간을 참기 힘들다",
          "나는 정적을 싫어한다",
          "나는 스마트폰을 좋아한다",
          "나는 스마트 폰을 사용하고 리뷰하는 것을 좋아한다",
          "나는 FBI 미국 드라마를 가끔 재미있게 봤다"
        ],
        "speaker2": [
          "나는 20대 여성이다",
          "나는 회계사다",
          "나는 TV 음악프로그램을 좋아하고 틀어놓고 생활을 한다",
          "나의 여동생은 변호사이다.",
          "나는 TV나 미국 드라마를 보는 것을 좋아한다"
        ]
      },
      "prevAggregatedpersonaSummary": {
        "speaker1": [],
        "speaker2": []
      }
    },
    {
      "prevSessionID": "2-00066-1",
      "prevTimeInfo": {
        "timeNum": "3",
        "timeUnit": "주"
      },
      "nthSession": "2",
      "numberOfUtterances": "16",
      "numberOfTurns": "8",
      "sessionID": "2-00066-2",
      "dialog": [
        {
          "speaker": "speaker1",
          "personaID": "22003",
          "participantID": "3622",
          "utterance": "오랜만이에요~ 저희 3주만인가요?ㅎㅎ",
          "summary": "",
          "date": "2022-10-21",
          "time": "17:57:06",
          "terminate": "false"
        },
        {
          "speaker": "speaker2",
          "personaID": "22366",
          "participantID": "2182",
          "utterance": "네~ 시간이 참 빨리가네요 잘지내셨죠? 검사일 바쁘시죠?",
          "summary": "",
          "date": "2022-10-21",
          "time": "17:57:49",
          "terminate": "false"
        },
        {
          "speaker": "speaker1",
          "personaID": "22003",
          "participantID": "3622",
          "utterance": "뭐 비슷비슷해요. 요즘 대중교통타기가 힘들어서 면허를 따려고해요 어떻게 생각해요?",
          "summary": "나는 요즘 대중교통 타기가 힘들어 면허를 따려고 한다.",
          "date": "2022-10-21",
          "time": "18:00:44",
          "terminate": "false"
        },
        {
          "speaker": "speaker2",
          "personaID": "22366",
          "participantID": "2182",
          "utterance": "전 좋다고 생각해요~ 기동성이 있으면 아무래도 편하더라구요. ",
          "summary": "나는 면허를 따는 게 좋다고 생각한다.",
          "date": "2022-10-21",
          "time": "18:08:53",
          "terminate": "false"
        },
        {
          "speaker": "speaker1",
          "personaID": "22003",
          "participantID": "3622",
          "utterance": "주변친구들이 면허따고 다니는거 보니까 저도 면허 따러 가고싶어졌거든요 그래서 요즘 면허시험 보려고 준비중이예요!",
          "summary": " 나도 면허를 따고 싶다 나는 면허시험 보려고 준비 중이다",
          "date": "2022-10-21",
          "time": "18:10:37",
          "terminate": "false"
        },
        {
          "speaker": "speaker2",
          "personaID": "22366",
          "participantID": "2182",
          "utterance": "너무 좋은 경험이될꺼에요. 근데 시내는 차가 너무 많아서 때론 대중교통이 더 편하더라구요",
          "summary": "나는 시내에 차가 너무 많아서 차보단 대중교통이 더 편한 거 같다",
          "date": "2022-10-21",
          "time": "18:11:25",
          "terminate": "false"
        },
        {
          "speaker": "speaker1",
          "personaID": "22003",
          "participantID": "3622",
          "utterance": "사람들을 만나러 자주 나가게 되니까 대중교통을 차만큼 많이 탈거같아서 차를 사는것도 나쁘지않다고 생각 중이예요 ..",
          "summary": "나는 사람을 자주 만나서 대중교통만큼 차를 탈 것 같다.",
          "date": "2022-10-21",
          "time": "18:13:09",
          "terminate": "false"
        },
        {
          "speaker": "speaker2",
          "personaID": "22366",
          "participantID": "2182",
          "utterance": "차가 있음 확실히 편해요! 대중교통도 버스는 자차보다 못하더라구요. ",
          "summary": "나는 대중교통은 자차보다 못하다고 생각한다.",
          "date": "2022-10-21",
          "time": "18:14:50",
          "terminate": "false"
        },
        {
          "speaker": "speaker1",
          "personaID": "22003",
          "participantID": "3622",
          "utterance": "제가 사는 지역이 차가 많은편이 아니라서 더 좋을거 같다고 생각해요!",
          "summary": "나는 내가 사는 지역에 차가 많지 않아 운전하기 더 좋을 것 같다고 생각한다.",
          "date": "2022-10-21",
          "time": "18:16:10",
          "terminate": "false"
        },
        {
          "speaker": "speaker2",
          "personaID": "22366",
          "participantID": "2182",
          "utterance": "도로가 복잡하지 않음 너무 좋죠! ",
          "summary": "",
          "date": "2022-10-21",
          "time": "18:17:30",
          "terminate": "false"
        },
        {
          "speaker": "speaker1",
          "personaID": "22003",
          "participantID": "3622",
          "utterance": "자차를 사게되면 친구들이랑 같이 더 놀러다녀야겠어요 이제 이동수단에 제약이 많이 없어져서 많이 돌아다닐수 있겠죠?",
          "summary": "나는 차를 사면 친구들과 놀러 가고 싶다",
          "date": "2022-10-21",
          "time": "18:18:34",
          "terminate": "false"
        },
        {
          "speaker": "speaker2",
          "personaID": "22366",
          "participantID": "2182",
          "utterance": "그럼요~ 여행도 자유롭고 운전을 하면 좋은점이 더 많아요^^",
          "summary": "",
          "date": "2022-10-21",
          "time": "18:20:37",
          "terminate": "false"
        },
        {
          "speaker": "speaker1",
          "personaID": "22003",
          "participantID": "3622",
          "utterance": "벌써 자차로 여행갈 생각하니까 설레네요!",
          "summary": "나는 자차로 여행 갈 생각 하니 설렌다",
          "date": "2022-10-21",
          "time": "18:21:17",
          "terminate": "false"
        },
        {
          "speaker": "speaker2",
          "personaID": "22366",
          "participantID": "2182",
          "utterance": "여행다녀오시고 좋은곳이 있음 나중에 소개해주세요^^",
          "summary": "",
          "date": "2022-10-21",
          "time": "18:26:01",
          "terminate": "false"
        },
        {
          "speaker": "speaker1",
          "personaID": "22003",
          "participantID": "3622",
          "utterance": "제가 가보고 나중에 소개해드릴게요! ",
          "summary": "",
          "date": "2022-10-21",
          "time": "18:27:17",
          "terminate": "false"
        },
        {
          "speaker": "speaker2",
          "personaID": "22366",
          "participantID": "2182",
          "utterance": "네 그럼 즐거운 여행 되시고 다음에 뵈어요^^",
          "summary": "",
          "date": "2022-10-21",
          "time": "18:28:02",
          "terminate": "true"
        }
      ],
      "sessionPersonaSummary": {
        "speaker1": [
          "나는 요즘 대중교통 타기가 힘들어 면허를 따려고 한다.",
          "나도 면허를 따고 싶다",
          "나는 면허시험 보려고 준비 중이다",
          "나는 사람을 자주 만나서 대중교통만큼 차를 탈 것 같다.",
          "나는 내가 사는 지역에 차가 많지 않아 운전하기 더 좋을 것 같다고 생각한다.",
          "나는 차를 사면 친구들과 놀러 가고 싶다",
          "나는 자차로 여행 갈 생각 하니 설렌다"
        ],
        "speaker2": [
          "나는 면허를 따는 게 좋다고 생각한다.",
          "나는 시내에 차가 너무 많아서 차보단 대중교통이 더 편한 거 같다",
          "나는 대중교통은 자차보다 못하다고 생각한다."
        ]
      },
      "prevAggregatedpersonaSummary": {
        "speaker1": [
          "나는 20대 여성이다",
          "나는 검사이다",
          "나는 회계사 직업도 좋다고 생각한다",
          "나는 직업상 사람을 많이 만난다",
          "나는 혼자 있는 시간을 참기 힘들다",
          "나는 정적을 싫어한다",
          "나는 스마트폰을 좋아한다",
          "나는 스마트 폰을 사용하고 리뷰하는 것을 좋아한다",
          "나는 FBI 미국 드라마를 가끔 재미있게 봤다"
        ],
        "speaker2": [
          "나는 20대 여성이다",
          "나는 회계사다",
          "나는 TV 음악프로그램을 좋아하고 틀어놓고 생활을 한다",
          "나의 여동생은 변호사이다.",
          "나는 TV나 미국 드라마를 보는 것을 좋아한다"
        ]
      }
    }
  ]
}