{
  "FileInfo": {
    "filename": "K2-00499-CL24275-CP24782-20-06-S2.json",
    "sessionLevel": "2"
  },
  "participantsInfo": {
    "numberOfParticipants": "2",
    "speaker1": {
      "participantID": "0778",
      "gender": "여성",
      "age": "20대",
      "occupation": "사무직",
      "bPlace": "부산/대구/울산/경상",
      "gPlace": "부산/대구/울산/경상",
      "rPlace": "부산/대구/울산/경상",
      "educationLevel": "고졸"
    },
    "speaker2": {
      "participantID": "0781",
      "gender": "여성",
      "age": "20대",
      "occupation": "사무직",
      "bPlace": "서울/경기/인천",
      "gPlace": "서울/경기/인천",
      "rPlace": "서울/경기/인천",
      "educationLevel": "대졸"
    }
  },
  "multisessionInfo": {
    "multisessionID": "2-00499"
  },
  "personaInfo": {
    "clInfo": {
      "personaID": "24275",
      "personaFeatures": [
        "나는 여자이다.",
        "나는 20대이다.",
        "나는 다소 덤벙댄다.",
        "나는 사회학이 부전공이다.",
        "나는 스포츠 영화를 자주 본다.",
        "나는 소주를 싫어한다."
      ],
      "speakerType": "speaker1"
    },
    "cpInfo": {
      "personaID": "24782",
      "personaFeatures": [
        "나는 여자이다.",
        "나는 20대이다.",
        "나는 매우 조용하다.",
        "나는 도예 만들기를 좋아한다.",
        "나는 TV 음악 프로그램을 싫어한다.",
        "나의 거주지는 부천이다."
      ],
      "speakerType": "speaker2"
    }
  },
  "topicInfo": {
    "topicID": "20-06",
    "topicType": "예술문화 생활>영화/만화",
    "topicTitle": "OTT서비스"
  },
  "sessionInfo": [
    {
      "prevSessionID": null,
      "prevTimeInfo": {
        "timeNum": null,
        "timeUnit": null
      },
      "nthSession": "1",
      "numberOfUtterances": "14",
      "numberOfTurns": "7",
      "sessionID": "2-00499-1",
      "dialog": [
        {
          "speaker": "speaker1",
          "personaID": "24275",
          "participantID": "0778",
          "utterance": "반가워요~ 저는 20대 여자에요~ 님도 여자신가요!",
          "summary": "나는 20대 여자이다.",
          "date": "2022-10-16",
          "time": "21:10:20",
          "terminate": "false"
        },
        {
          "speaker": "speaker2",
          "personaID": "24782",
          "participantID": "0781",
          "utterance": "안녕하세요~ 저는 20대 여자입니다~",
          "summary": "나는 20대 여자이다.",
          "date": "2022-10-16",
          "time": "21:10:43",
          "terminate": "false"
        },
        {
          "speaker": "speaker1",
          "personaID": "24275",
          "participantID": "0778",
          "utterance": "반갑습니다. ㅎㅎ 저는 대학생이구요. 사회학이 부전공이에요. 님은요?",
          "summary": "나는 대학생이다. 나는 사회학이 부전공이다.",
          "date": "2022-10-16",
          "time": "21:10:45",
          "terminate": "false"
        },
        {
          "speaker": "speaker2",
          "personaID": "24782",
          "participantID": "0781",
          "utterance": "저도 대학생이구요 도예과에요! 도예 만들기를 좋아해요 ㅎㅎ.",
          "summary": "나는 도예 만들기를 좋아한다. 나는 대학생이다.",
          "date": "2022-10-16",
          "time": "21:11:04",
          "terminate": "false"
        },
        {
          "speaker": "speaker1",
          "personaID": "24275",
          "participantID": "0778",
          "utterance": "그럼 님은 취미가 도예 만들기인가요? 저는 취미로 스포츠 영화를 자주 본답니다.",
          "summary": "나는 스포츠 영화를 자주 본다.",
          "date": "2022-10-16",
          "time": "21:11:20",
          "terminate": "false"
        },
        {
          "speaker": "speaker2",
          "personaID": "24782",
          "participantID": "0781",
          "utterance": "아하 스포츠 영화를 자주 본다니 다행이네요.. 저는 티비 음악 프로그램을 정말 싫어하거든요..",
          "summary": "나는 TV 음악 프로그램을 싫어한다.",
          "date": "2022-10-16",
          "time": "21:11:52",
          "terminate": "false"
        },
        {
          "speaker": "speaker1",
          "personaID": "24275",
          "participantID": "0778",
          "utterance": "다행인가요? ㅋㅋ 그럼 취미 말고 다른 이야기! 님이 좋아하는 음식은 뭐가 있나요?",
          "summary": "",
          "date": "2022-10-16",
          "time": "21:12:30",
          "terminate": "false"
        },
        {
          "speaker": "speaker2",
          "personaID": "24782",
          "participantID": "0781",
          "utterance": "저는 냉면 좋아해요! 그 냉면 맛집 아시나요? 제가 부천에 살아서 맨날 거기서 먹어요.",
          "summary": "나의 거주지는 부천이다. 나는 냉면을 좋아한다.",
          "date": "2022-10-16",
          "time": "21:13:09",
          "terminate": "false"
        },
        {
          "speaker": "speaker1",
          "personaID": "24275",
          "participantID": "0778",
          "utterance": "저는 서울에 살아서 부천 맛집은 잘 모르겠네요! 저도 냉면 좋아해요! 그리고 소주는 싫어합니다. 님은 술 좋아하세요?",
          "summary": "나는 서울에 거주한다. 나는 냉면을 좋아한다. 나는 소주를 싫어한다.",
          "date": "2022-10-16",
          "time": "21:13:37",
          "terminate": "false"
        },
        {
          "speaker": "speaker2",
          "personaID": "24782",
          "participantID": "0781",
          "utterance": "아니요 저도 소주 싫어해요 ㅎㅎ 제가 매우 조용해서 술집 같은 곳을 또 안좋아해요.",
          "summary": "나는 매우 조용하다. 나는 소주를 싫어한다. 나는 술집을 싫어한다.",
          "date": "2022-10-16",
          "time": "21:14:03",
          "terminate": "false"
        },
        {
          "speaker": "speaker1",
          "personaID": "24275",
          "participantID": "0778",
          "utterance": "저는 제가 다소 덤벙대서 술을 걍 안 마셔요. ㅎㅎ 이유는 다르지만 싫어하는 건 같네요! 이것이 운명?",
          "summary": "나는 다소 덤벙댄다.",
          "date": "2022-10-16",
          "time": "21:18:46",
          "terminate": "false"
        },
        {
          "speaker": "speaker2",
          "personaID": "24782",
          "participantID": "0781",
          "utterance": "헛 그러네요!! ㅎㅎ 저희 완전 절친 될 수 있을 거 같은데요? ㅎㅎ.",
          "summary": "",
          "date": "2022-10-16",
          "time": "21:19:18",
          "terminate": "false"
        },
        {
          "speaker": "speaker1",
          "personaID": "24275",
          "participantID": "0778",
          "utterance": "ㅎㅎ 그런가요? 그럼 제가 집가서 다시 연락해도 되나요? 지금은 짐이 많아서 힘들어요. ㅜㅜ.",
          "summary": "나는 짐이 많다.",
          "date": "2022-10-16",
          "time": "21:19:40",
          "terminate": "false"
        },
        {
          "speaker": "speaker2",
          "personaID": "24782",
          "participantID": "0781",
          "utterance": "넵넵! 조심히 집 가시구 편하게 연락 주세요!",
          "summary": "",
          "date": "2022-10-16",
          "time": "21:19:59",
          "terminate": "true"
        }
      ],
      "sessionPersonaSummary": {
        "speaker1": [
          "나는 20대 여자이다.",
          "나는 대학생이다. 나는 사회학이 부전공이다.",
          "나는 스포츠 영화를 자주 본다.",
          "나는 서울에 거주한다. 나는 냉면을 좋아한다. 나는 소주를 싫어한다.",
          "나는 다소 덤벙댄다.",
          "나는 짐이 많다."
        ],
        "speaker2": [
          "나는 20대 여자이다.",
          "나는 도예 만들기를 좋아한다. 나는 대학생이다.",
          "나는 TV 음악 프로그램을 싫어한다.",
          "나의 거주지는 부천이다. 나는 냉면을 좋아한다.",
          "나는 매우 조용하다. 나는 소주를 싫어한다. 나는 술집을 싫어한다."
        ]
      },
      "prevAggregatedpersonaSummary": {
        "speaker1": [],
        "speaker2": []
      }
    },
    {
      "prevSessionID": "2-00499-1",
      "prevTimeInfo": {
        "timeNum": "3",
        "timeUnit": "시간"
      },
      "nthSession": "2",
      "numberOfUtterances": "14",
      "numberOfTurns": "7",
      "sessionID": "2-00499-2",
      "dialog": [
        {
          "speaker": "speaker1",
          "personaID": "24275",
          "participantID": "0778",
          "utterance": "3시간만에 집 도착! 님은 어디세요?!",
          "summary": "",
          "date": "2022-10-16",
          "time": "21:20:02",
          "terminate": "false"
        },
        {
          "speaker": "speaker2",
          "personaID": "24782",
          "participantID": "0781",
          "utterance": "저는 학교 실습실에서 도예 만들고 있어요! ㅎㅎ.",
          "summary": "나는 학교에서 도예를 만들고 있다.",
          "date": "2022-10-16",
          "time": "21:20:28",
          "terminate": "false"
        },
        {
          "speaker": "speaker1",
          "personaID": "24275",
          "participantID": "0778",
          "utterance": "그러시군요! 도예 만들기 좋아한다 하셨으니... 집은 언제 가시게요?",
          "summary": "",
          "date": "2022-10-16",
          "time": "21:20:48",
          "terminate": "false"
        },
        {
          "speaker": "speaker2",
          "personaID": "24782",
          "participantID": "0781",
          "utterance": "제가 곧 졸억작품 전시회를 해서 야작을 신청했거든요 아마 밤샐거같아요 ㅜㅜ.",
          "summary": "나는 곧 졸업작품 전시회 때문에 밤을 새울 거 같다.",
          "date": "2022-10-16",
          "time": "21:21:06",
          "terminate": "false"
        },
        {
          "speaker": "speaker1",
          "personaID": "24275",
          "participantID": "0778",
          "utterance": "하이고~ 고생하십니다. ㅜㅜ 님은 그럼 보통 집에서 뭐하고 쉬시나요?",
          "summary": "",
          "date": "2022-10-16",
          "time": "21:21:21",
          "terminate": "false"
        },
        {
          "speaker": "speaker2",
          "personaID": "24782",
          "participantID": "0781",
          "utterance": "그냥 @브랜드명1@ 구경하거나 애니를 봐여!",
          "summary": "나는 쉬는 날에 @브랜드명1@ 구경하거나 애니를 본다.",
          "date": "2022-10-16",
          "time": "21:21:41",
          "terminate": "false"
        },
        {
          "speaker": "speaker1",
          "personaID": "24275",
          "participantID": "0778",
          "utterance": "저는 보통 집에 있으면 드라마를 봐요! @브랜드명2@로! 님은 어느 플랫폼 이용하세요?",
          "summary": "나는 보통 집에 있으면 드라마를 본다. 나는 @브랜드명2@를 이용한다.",
          "date": "2022-10-16",
          "time": "21:22:03",
          "terminate": "false"
        },
        {
          "speaker": "speaker2",
          "personaID": "24782",
          "participantID": "0781",
          "utterance": "아.. 저는 불법 다운로드 사이트에서 애니를 봐여.. 돈이 없어서요....",
          "summary": "나는 불법 다운로드 사이트에서 본다.",
          "date": "2022-10-16",
          "time": "21:22:29",
          "terminate": "false"
        },
        {
          "speaker": "speaker1",
          "personaID": "24275",
          "participantID": "0778",
          "utterance": "아... 혹시 @브랜드명2@랑 @브랜드명3@ 같은거는 이용해 보신 적 있으신가요?",
          "summary": "",
          "date": "2022-10-16",
          "time": "21:23:18",
          "terminate": "false"
        },
        {
          "speaker": "speaker2",
          "personaID": "24782",
          "participantID": "0781",
          "utterance": "한 번 이용 해본 적이 있어요 @브랜드명2@요 ㅎㅎ 한참 오징어게임 유행 했었가지구..",
          "summary": "나는 @브랜드명2@를 이용한 적이 있다.",
          "date": "2022-10-16",
          "time": "21:23:56",
          "terminate": "false"
        },
        {
          "speaker": "speaker1",
          "personaID": "24275",
          "participantID": "0778",
          "utterance": "오 오징어 게임 보셨나요? 어느 캐릭터가 제일 맘에 드세요?",
          "summary": "",
          "date": "2022-10-16",
          "time": "21:24:03",
          "terminate": "false"
        },
        {
          "speaker": "speaker2",
          "personaID": "24782",
          "participantID": "0781",
          "utterance": "저는 @이름1@ 배우님이요! ㅋㅋㅋ 뭔가 현실적인거 같아서요.",
          "summary": "나는 @이름1@ 배우가 제일 마음에 든다.",
          "date": "2022-10-16",
          "time": "21:24:32",
          "terminate": "false"
        },
        {
          "speaker": "speaker1",
          "personaID": "24275",
          "participantID": "0778",
          "utterance": "그렇군요! 저도 @이름2@ 형이요! 혹시 근데 제가 시간 뺏는거 같은데 연락하는 거 괜찮으세요 지금?",
          "summary": "나는 @이름2@ 제일 마음에 든다.",
          "date": "2022-10-16",
          "time": "21:24:58",
          "terminate": "false"
        },
        {
          "speaker": "speaker2",
          "personaID": "24782",
          "participantID": "0781",
          "utterance": "아.. 여기까지 하고 저는 다시 하러 가봐야 할 거 같아요 ㅋㅋ 재밌었습니다! 나중에 초대 해드릴게요!",
          "summary": "나는 다시 하러 가봐야 할 거 같다.",
          "date": "2022-10-16",
          "time": "21:25:21",
          "terminate": "true"
        }
      ],
      "sessionPersonaSummary": {
        "speaker1": [
          "나는 보통 집에 있으면 드라마를 본다. 나는 @브랜드명2@를 이용한다.",
          "나는 @이름2@ 제일 마음에 든다."
        ],
        "speaker2": [
          "나는 학교에서 도예를 만들고 있다.",
          "나는 곧 졸업작품 전시회 때문에 밤을 새울 거 같다.",
          "나는 쉬는 날에 @브랜드명1@ 구경하거나 애니를 본다.",
          "나는 불법 다운로드 사이트에서 본다.",
          "나는 @브랜드명2@를 이용한 적이 있다.",
          "나는 @이름1@ 배우가 제일 마음에 든다.",
          "나는 다시 하러 가봐야 할 거 같다."
        ]
      },
      "prevAggregatedpersonaSummary": {
        "speaker1": [
          "나는 20대 여자이다.",
          "나는 대학생이다. 나는 사회학이 부전공이다.",
          "나는 스포츠 영화를 자주 본다.",
          "나는 서울에 거주한다. 나는 냉면을 좋아한다. 나는 소주를 싫어한다.",
          "나는 다소 덤벙댄다.",
          "나는 짐이 많다."
        ],
        "speaker2": [
          "나는 20대 여자이다.",
          "나는 도예 만들기를 좋아한다. 나는 대학생이다.",
          "나는 TV 음악 프로그램을 싫어한다.",
          "나의 거주지는 부천이다. 나는 냉면을 좋아한다.",
          "나는 매우 조용하다. 나는 소주를 싫어한다. 나는 술집을 싫어한다."
        ]
      }
    }
  ]
}