{
  "FileInfo": {
    "filename": "K2-00149-CL05177-CP03958-07-11-S2.json",
    "sessionLevel": "2"
  },
  "participantsInfo": {
    "numberOfParticipants": "2",
    "speaker1": {
      "participantID": "25050",
      "gender": "여성",
      "age": "50대",
      "occupation": "사무직",
      "bPlace": "서울/경기/인천",
      "gPlace": "서울/경기/인천",
      "rPlace": "서울/경기/인천",
      "educationLevel": "대졸"
    },
    "speaker2": {
      "participantID": "25901",
      "gender": "여성",
      "age": "40대",
      "occupation": "주부",
      "bPlace": "부산/대구/울산/경상",
      "gPlace": "부산/대구/울산/경상",
      "rPlace": "부산/대구/울산/경상",
      "educationLevel": "고졸"
    }
  },
  "multisessionInfo": {
    "multisessionID": "2-00149"
  },
  "personaInfo": {
    "clInfo": {
      "personaID": "05177",
      "personaFeatures": [
        "나는 여자이다.",
        "나는 50대이다.",
        "나의 종교는 개신교이다.",
        "나는 첼로를 배우고 있다.",
        "나는 화분에 물을 주는 게 짜증 난다."
      ],
      "speakerType": "speaker1"
    },
    "cpInfo": {
      "personaID": "03958",
      "personaFeatures": [
        "나는 여자이다.",
        "나는 40대이다.",
        "나의 거주지는 경기도이다.",
        "나는 웹 개발자이다.",
        "나는 색소폰을 배우고 싶다."
      ],
      "speakerType": "speaker2"
    }
  },
  "topicInfo": {
    "topicID": "07-11",
    "topicType": "개인 및 관계>가족",
    "topicTitle": "자녀"
  },
  "sessionInfo": [
    {
      "prevSessionID": null,
      "prevTimeInfo": {
        "timeNum": null,
        "timeUnit": null
      },
      "nthSession": "1",
      "numberOfUtterances": "16",
      "numberOfTurns": "8",
      "sessionID": "2-00149-1",
      "dialog": [
        {
          "speaker": "speaker1",
          "personaID": "05177",
          "participantID": "25050",
          "utterance": "안녕하세요! 저는 50대 여자입니다~",
          "summary": "나는 50대 여자이다.",
          "date": "2022-09-06",
          "time": "01:38:31",
          "terminate": "false"
        },
        {
          "speaker": "speaker2",
          "personaID": "03958",
          "participantID": "25901",
          "utterance": "네~안녕하세요! 저는 40대 여자입니다!!",
          "summary": "나는 40대 여자이다.",
          "date": "2022-09-06",
          "time": "01:38:36",
          "terminate": "false"
        },
        {
          "speaker": "speaker1",
          "personaID": "05177",
          "participantID": "25050",
          "utterance": "뜬금없지만 ㅎㅎ..제가 우리 교회에서 화분에 물주기 담당이에요.",
          "summary": "나의 종교는 개신교이다.",
          "date": "2022-09-06",
          "time": "01:38:53",
          "terminate": "false"
        },
        {
          "speaker": "speaker2",
          "personaID": "03958",
          "participantID": "25901",
          "utterance": "뜬금없는게 뭐가 있어요~ 근데, 교회에 그런것도 있어요?",
          "summary": "",
          "date": "2022-09-06",
          "time": "01:39:14",
          "terminate": "false"
        },
        {
          "speaker": "speaker1",
          "personaID": "05177",
          "participantID": "25050",
          "utterance": "네. 왜했을까요. 물주는게 이렇게나 짜증난데..",
          "summary": "나는 화분에 물을 주는 게 짜증 난다.",
          "date": "2022-09-06",
          "time": "01:39:20",
          "terminate": "false"
        },
        {
          "speaker": "speaker2",
          "personaID": "03958",
          "participantID": "25901",
          "utterance": "에이..그렇게 말하시면 안돼요..하나님이 보고 계시잖아요.",
          "summary": "",
          "date": "2022-09-06",
          "time": "01:39:33",
          "terminate": "false"
        },
        {
          "speaker": "speaker1",
          "personaID": "05177",
          "participantID": "25050",
          "utterance": "보면 좀 물이라도 내려주지그래요..",
          "summary": "",
          "date": "2022-09-06",
          "time": "01:39:45",
          "terminate": "false"
        },
        {
          "speaker": "speaker2",
          "personaID": "03958",
          "participantID": "25901",
          "utterance": "네..?교회 다니시는거 맞으시죠..?하하.",
          "summary": "",
          "date": "2022-09-06",
          "time": "01:40:02",
          "terminate": "false"
        },
        {
          "speaker": "speaker1",
          "personaID": "05177",
          "participantID": "25050",
          "utterance": "농담이에요. 저는 요즘 첼로 배워요..첼로담당하려고.",
          "summary": "나는 첼로를 배우고 있다.",
          "date": "2022-09-06",
          "time": "01:40:08",
          "terminate": "false"
        },
        {
          "speaker": "speaker2",
          "personaID": "03958",
          "participantID": "25901",
          "utterance": "오~그렇구나! 저는 섹소폰이 배우고싶어요..",
          "summary": "나는 색소폰을 배우고 싶다.",
          "date": "2022-09-06",
          "time": "01:40:30",
          "terminate": "false"
        },
        {
          "speaker": "speaker1",
          "personaID": "05177",
          "participantID": "25050",
          "utterance": "그렇구나. 그나저나 뭐하고 계셨어요?",
          "summary": "",
          "date": "2022-09-06",
          "time": "01:40:49",
          "terminate": "false"
        },
        {
          "speaker": "speaker2",
          "personaID": "03958",
          "participantID": "25901",
          "utterance": "저는 웹 개발자인데 요즘 너무 바쁘네요..",
          "summary": "나는 웹 개발자이다.",
          "date": "2022-09-06",
          "time": "01:41:05",
          "terminate": "false"
        },
        {
          "speaker": "speaker1",
          "personaID": "05177",
          "participantID": "25050",
          "utterance": "바쁘신 분이네..지금 시간 늦었는데 출퇴근 괜찮으세요?",
          "summary": "",
          "date": "2022-09-06",
          "time": "01:41:14",
          "terminate": "false"
        },
        {
          "speaker": "speaker2",
          "personaID": "03958",
          "participantID": "25901",
          "utterance": "저는 경기도 사는데 진짜 회사는 가까워요!",
          "summary": "나의 거주지는 경기도이다.",
          "date": "2022-09-06",
          "time": "01:41:31",
          "terminate": "false"
        },
        {
          "speaker": "speaker1",
          "personaID": "05177",
          "participantID": "25050",
          "utterance": "다행이네요. 그러면 저는 먼저 자볼께요 !",
          "summary": "",
          "date": "2022-09-06",
          "time": "01:41:47",
          "terminate": "false"
        },
        {
          "speaker": "speaker2",
          "personaID": "03958",
          "participantID": "25901",
          "utterance": "알겠습니다~그럼 잘 주무시고 또 연락해요!",
          "summary": "",
          "date": "2022-09-06",
          "time": "01:42:07",
          "terminate": "true"
        }
      ],
      "sessionPersonaSummary": {
        "speaker1": [
          "나는 50대 여자이다.",
          "나의 종교는 개신교이다.",
          "나는 화분에 물을 주는 게 짜증 난다.",
          "나는 첼로를 배우고 있다."
        ],
        "speaker2": [
          "나는 40대 여자이다.",
          "나는 색소폰을 배우고 싶다.",
          "나는 웹 개발자이다.",
          "나의 거주지는 경기도이다."
        ]
      },
      "prevAggregatedpersonaSummary": {
        "speaker1": [],
        "speaker2": []
      }
    },
    {
      "prevSessionID": "2-00149-1",
      "prevTimeInfo": {
        "timeNum": "2",
        "timeUnit": "일"
      },
      "nthSession": "2",
      "numberOfUtterances": "16",
      "numberOfTurns": "8",
      "sessionID": "2-00149-2",
      "dialog": [
        {
          "speaker": "speaker1",
          "personaID": "05177",
          "participantID": "25050",
          "utterance": "안녕하세요 ! 엊그제는 잘 주무셨습니까?",
          "summary": "",
          "date": "2022-09-06",
          "time": "01:42:29",
          "terminate": "false"
        },
        {
          "speaker": "speaker2",
          "personaID": "03958",
          "participantID": "25901",
          "utterance": "안녕하세요~저야 너무 잘 잤습니다~",
          "summary": "",
          "date": "2022-09-06",
          "time": "01:42:38",
          "terminate": "false"
        },
        {
          "speaker": "speaker1",
          "personaID": "05177",
          "participantID": "25050",
          "utterance": "저는 아침부터 딸이 전화오네요. 귀여운 우리딸 ~",
          "summary": "나는 아침부터 딸한테 전화가 왔다.",
          "date": "2022-09-06",
          "time": "01:42:47",
          "terminate": "false"
        },
        {
          "speaker": "speaker2",
          "personaID": "03958",
          "participantID": "25901",
          "utterance": "아~진짜요! 따님이 엄청 착하시네요!",
          "summary": "",
          "date": "2022-09-06",
          "time": "01:43:09",
          "terminate": "false"
        },
        {
          "speaker": "speaker1",
          "personaID": "05177",
          "participantID": "25050",
          "utterance": "착하긴요 돈 보내달라는데요? 정말 귀엽죠?",
          "summary": "",
          "date": "2022-09-06",
          "time": "01:43:19",
          "terminate": "false"
        },
        {
          "speaker": "speaker2",
          "personaID": "03958",
          "participantID": "25901",
          "utterance": "원래 그게 딸 아니겠어요?ㅎㅎ다 그런거죠.",
          "summary": "",
          "date": "2022-09-06",
          "time": "01:43:39",
          "terminate": "false"
        },
        {
          "speaker": "speaker1",
          "personaID": "05177",
          "participantID": "25050",
          "utterance": "그런가요. 철이 없어도 귀여운 제딸..",
          "summary": "나는 딸이 철이 없어도 귀엽다.",
          "date": "2022-09-06",
          "time": "01:43:58",
          "terminate": "false"
        },
        {
          "speaker": "speaker2",
          "personaID": "03958",
          "participantID": "25901",
          "utterance": "그게 엄마지요~좋네요! 그런 엄마의 마음ㅎㅎ.",
          "summary": "",
          "date": "2022-09-06",
          "time": "01:44:07",
          "terminate": "false"
        },
        {
          "speaker": "speaker1",
          "personaID": "05177",
          "participantID": "25050",
          "utterance": "네~ 여튼 아침부터 즐거운대화했어요 !",
          "summary": "나는 아침부터 딸과 즐거운 대화를 했다.",
          "date": "2022-09-06",
          "time": "01:44:13",
          "terminate": "false"
        },
        {
          "speaker": "speaker2",
          "personaID": "03958",
          "participantID": "25901",
          "utterance": "정말 잘하셨네요!! 두분 사이가 좋아보여서 좋네요!",
          "summary": "",
          "date": "2022-09-06",
          "time": "01:44:21",
          "terminate": "false"
        },
        {
          "speaker": "speaker1",
          "personaID": "05177",
          "participantID": "25050",
          "utterance": "그쪽은 자녀가 있으신가요? 궁금해요 !",
          "summary": "",
          "date": "2022-09-06",
          "time": "01:44:32",
          "terminate": "false"
        },
        {
          "speaker": "speaker2",
          "personaID": "03958",
          "participantID": "25901",
          "utterance": "저는 없습니다..하하! 아직 결혼도 안했어요.",
          "summary": "나는 아직 결혼도 안 했다.",
          "date": "2022-09-06",
          "time": "01:44:45",
          "terminate": "false"
        },
        {
          "speaker": "speaker1",
          "personaID": "05177",
          "participantID": "25050",
          "utterance": "그렇구나..자녀 유무와 행복과는 무관하니까요 ~",
          "summary": "",
          "date": "2022-09-06",
          "time": "01:44:52",
          "terminate": "false"
        },
        {
          "speaker": "speaker2",
          "personaID": "03958",
          "participantID": "25901",
          "utterance": "네~맞아요! 저는 그래도 행복합니다!!",
          "summary": "나는 행복하다.",
          "date": "2022-09-06",
          "time": "01:45:12",
          "terminate": "false"
        },
        {
          "speaker": "speaker1",
          "personaID": "05177",
          "participantID": "25050",
          "utterance": "행복하면 오케이죠.. 그럼 또 연락 드릴께요 !",
          "summary": "",
          "date": "2022-09-06",
          "time": "01:45:23",
          "terminate": "false"
        },
        {
          "speaker": "speaker2",
          "personaID": "03958",
          "participantID": "25901",
          "utterance": "알겠습니다~그럼 또 연락주세요~!!",
          "summary": "",
          "date": "2022-09-06",
          "time": "01:45:43",
          "terminate": "true"
        }
      ],
      "sessionPersonaSummary": {
        "speaker1": [
          "나는 아침부터 딸한테 전화가 왔다.",
          "나는 딸이 철이 없어도 귀엽다.",
          "나는 아침부터 딸과 즐거운 대화를 했다."
        ],
        "speaker2": [
          "나는 아직 결혼도 안 했다.",
          "나는 행복하다."
        ]
      },
      "prevAggregatedpersonaSummary": {
        "speaker1": [
          "나는 50대 여자이다.",
          "나의 종교는 개신교이다.",
          "나는 화분에 물을 주는 게 짜증 난다.",
          "나는 첼로를 배우고 있다."
        ],
        "speaker2": [
          "나는 40대 여자이다.",
          "나는 색소폰을 배우고 싶다.",
          "나는 웹 개발자이다.",
          "나의 거주지는 경기도이다."
        ]
      }
    }
  ]
}