{
  "FileInfo": {
    "filename": "K2-00084-CL21454-CP22581-02-02-S2.json",
    "sessionLevel": "2"
  },
  "participantsInfo": {
    "numberOfParticipants": "2",
    "speaker1": {
      "participantID": "25862",
      "gender": "여성",
      "age": "20대",
      "occupation": "무직",
      "bPlace": "서울/경기/인천",
      "gPlace": "서울/경기/인천",
      "rPlace": "서울/경기/인천",
      "educationLevel": "대졸"
    },
    "speaker2": {
      "participantID": "27796",
      "gender": "여성",
      "age": "20대",
      "occupation": "학생",
      "bPlace": "부산/대구/울산/경상",
      "gPlace": "부산/대구/울산/경상",
      "rPlace": "부산/대구/울산/경상",
      "educationLevel": "대학원졸"
    }
  },
  "multisessionInfo": {
    "multisessionID": "2-00084"
  },
  "personaInfo": {
    "clInfo": {
      "personaID": "21454",
      "personaFeatures": [
        "나는 여자이다.",
        "나는 20대이다.",
        "나는 소주를 일주일에 서너 번 마신다.",
        "나는 대학생이다.",
        "나는 멜로 영화를 좋아한다."
      ],
      "speakerType": "speaker1"
    },
    "cpInfo": {
      "personaID": "22581",
      "personaFeatures": [
        "나는 여자이다.",
        "나는 20대이다.",
        "나는 선후배가 없다.",
        "나는 조선해양공학과가 부전공이다.",
        "나는 전자책을 잘 활용한다."
      ],
      "speakerType": "speaker2"
    }
  },
  "topicInfo": {
    "topicID": "02-02",
    "topicType": "주거와 생활",
    "topicTitle": "아파트"
  },
  "sessionInfo": [
    {
      "prevSessionID": null,
      "prevTimeInfo": {
        "timeNum": null,
        "timeUnit": null
      },
      "nthSession": "1",
      "numberOfUtterances": "18",
      "numberOfTurns": "9",
      "sessionID": "2-00084-1",
      "dialog": [
        {
          "speaker": "speaker1",
          "personaID": "21454",
          "participantID": "25862",
          "utterance": "안녕하세요. 저는 20대 여자 대학생입니다. 소개좀 부탁드립니다.",
          "summary": "나는 20대 여자이다. 나는 대학생이다.",
          "date": "2022-09-07",
          "time": "14:49:02",
          "terminate": "false"
        },
        {
          "speaker": "speaker2",
          "personaID": "22581",
          "participantID": "27796",
          "utterance": "안녕하세요. 저는 20대 여자 직장인입니다. 반가워요.",
          "summary": "나는 20대 여자이다. 나는 직장인이다.",
          "date": "2022-09-07",
          "time": "14:49:39",
          "terminate": "false"
        },
        {
          "speaker": "speaker1",
          "personaID": "21454",
          "participantID": "25862",
          "utterance": "직장인이라니 너무 부러워요.ㅠㅠ 저도 얼른 취업하고 싶어요. 무슨일 하세요?",
          "summary": "나는 취업을 하고 싶다.",
          "date": "2022-09-07",
          "time": "14:50:08",
          "terminate": "false"
        },
        {
          "speaker": "speaker2",
          "personaID": "22581",
          "participantID": "27796",
          "utterance": "해양기업체에서 일하고 있어요. 대학생때 조선해양공학과 부전공으로 공부 하다가 중간에 그만두고 취직했어요.^^",
          "summary": "나는 해양 기업체에서 일한다. 나는 조선해양공학과가 부전공이다.",
          "date": "2022-09-07",
          "time": "14:51:06",
          "terminate": "false"
        },
        {
          "speaker": "speaker1",
          "personaID": "21454",
          "participantID": "25862",
          "utterance": "와, 졸업하기전에 취직을 먼저 하신거네요. 멋지네요. ㅎㅎ 직장다니신지 얼마나 되셨어요?",
          "summary": "나는 상대방이 멋있다고 생각한다.",
          "date": "2022-09-07",
          "time": "14:51:39",
          "terminate": "false"
        },
        {
          "speaker": "speaker2",
          "personaID": "22581",
          "participantID": "27796",
          "utterance": "벌써 3년차에요. 그래서 졸업을 먼저해서 학교 선후배가 없어요.ㅠㅠ.",
          "summary": "나는 선후배가 없다. 나는 직장 다닌 지 3년 차다.",
          "date": "2022-09-07",
          "time": "14:51:57",
          "terminate": "false"
        },
        {
          "speaker": "speaker1",
          "personaID": "21454",
          "participantID": "25862",
          "utterance": "직장에서는 선후배 있는거 아닌가요??",
          "summary": "",
          "date": "2022-09-07",
          "time": "14:52:22",
          "terminate": "false"
        },
        {
          "speaker": "speaker2",
          "personaID": "22581",
          "participantID": "27796",
          "utterance": "그렇죠. 직장에는 있어서 그나마 위안이 되요. ㅎㅎ.",
          "summary": "",
          "date": "2022-09-07",
          "time": "14:52:37",
          "terminate": "false"
        },
        {
          "speaker": "speaker1",
          "personaID": "21454",
          "participantID": "25862",
          "utterance": "그럼 된거죠. ㅎㅎ 전 취업 고민때문에 요즘 소주를 일주일에 서너번 마시는것 같아요.ㅠㅠ 취직전에 혹시 고민 있을때 어떻게 하셨어요?",
          "summary": "나는 소주를 일주일에 서너 번 마신다.",
          "date": "2022-09-07",
          "time": "14:53:20",
          "terminate": "false"
        },
        {
          "speaker": "speaker2",
          "personaID": "22581",
          "participantID": "27796",
          "utterance": "하하, ㅎㅎ 저도 별반 다를거 없어요. 매일 술마셨죠^^;",
          "summary": "나는 과거 매일 술 마셨다.",
          "date": "2022-09-07",
          "time": "14:53:45",
          "terminate": "false"
        },
        {
          "speaker": "speaker1",
          "personaID": "21454",
          "participantID": "25862",
          "utterance": "그래도 취직하셨다고 하니 더 부럽네요. ㅎㅎ 퇴근하면 뭐하세요?",
          "summary": "",
          "date": "2022-09-07",
          "time": "14:54:10",
          "terminate": "false"
        },
        {
          "speaker": "speaker2",
          "personaID": "22581",
          "participantID": "27796",
          "utterance": "요즘 소설 읽는거에 빠졌어요. 전자책 활용해서 집에서 책 읽어요. ㅎㅎ.",
          "summary": "나는 전자책을 잘 활용한다. 나는 소설책을 자주 읽는다.",
          "date": "2022-09-07",
          "time": "14:54:29",
          "terminate": "false"
        },
        {
          "speaker": "speaker1",
          "personaID": "21454",
          "participantID": "25862",
          "utterance": "어떤 소설 보세요? 전 로맨스 소설을 자주 읽어요.",
          "summary": "나는 로맨스 소설을 자주 읽는다.",
          "date": "2022-09-07",
          "time": "14:55:05",
          "terminate": "false"
        },
        {
          "speaker": "speaker2",
          "personaID": "22581",
          "participantID": "27796",
          "utterance": "전 추리 소설 좋아해요. 특히 일본 특유 느낌의 추리 소설을 많이 읽어요. ㅎㅎ.",
          "summary": "나는 추리 소설을 좋아한다.",
          "date": "2022-09-07",
          "time": "14:55:26",
          "terminate": "false"
        },
        {
          "speaker": "speaker1",
          "personaID": "21454",
          "participantID": "25862",
          "utterance": "저도 예전에 영화 검은집이 일본 추리 소설인걸로 아는데 섬뜩 하더라구요. 그거 읽어보셨어요?",
          "summary": "나는 영화 검은 집을 봤다.",
          "date": "2022-09-07",
          "time": "14:56:16",
          "terminate": "false"
        },
        {
          "speaker": "speaker2",
          "personaID": "22581",
          "participantID": "27796",
          "utterance": "그소설은 추리소설이 아니고 미스터리나 공포쪽에 가까워요. ㅠㅠ 저도 그 책 읽고 너무 무서웠어요.",
          "summary": "나는 소설 검은 집 읽고 무서웠다.",
          "date": "2022-09-07",
          "time": "14:56:46",
          "terminate": "false"
        },
        {
          "speaker": "speaker1",
          "personaID": "21454",
          "participantID": "25862",
          "utterance": "아, 어쩐지 너무 무서웠어요.^^; 다음에 책 추천해주세요. ㅎㅎ 전 술 약속 있거든요.",
          "summary": "",
          "date": "2022-09-07",
          "time": "14:57:28",
          "terminate": "false"
        },
        {
          "speaker": "speaker2",
          "personaID": "22581",
          "participantID": "27796",
          "utterance": "그래요. 취업문제 때문에 힘들겠지만 술 너무 많이 마시지 마요.ㅠㅠ.",
          "summary": "",
          "date": "2022-09-07",
          "time": "14:57:39",
          "terminate": "true"
        }
      ],
      "sessionPersonaSummary": {
        "speaker1": [
          "나는 20대 여자이다. 나는 대학생이다.",
          "나는 취업을 하고 싶다.",
          "나는 상대방이 멋있다고 생각한다.",
          "나는 소주를 일주일에 서너 번 마신다.",
          "나는 로맨스 소설을 자주 읽는다.",
          "나는 영화 검은 집을 봤다."
        ],
        "speaker2": [
          "나는 20대 여자이다. 나는 직장인이다.",
          "나는 해양 기업체에서 일한다. 나는 조선해양공학과가 부전공이다.",
          "나는 선후배가 없다. 나는 직장 다닌 지 3년 차다.",
          "나는 과거 매일 술 마셨다.",
          "나는 전자책을 잘 활용한다. 나는 소설책을 자주 읽는다.",
          "나는 추리 소설을 좋아한다.",
          "나는 소설 검은 집 읽고 무서웠다."
        ]
      },
      "prevAggregatedpersonaSummary": {
        "speaker1": [],
        "speaker2": []
      }
    },
    {
      "prevSessionID": "2-00084-1",
      "prevTimeInfo": {
        "timeNum": "5",
        "timeUnit": "일"
      },
      "nthSession": "2",
      "numberOfUtterances": "18",
      "numberOfTurns": "9",
      "sessionID": "2-00084-2",
      "dialog": [
        {
          "speaker": "speaker1",
          "personaID": "21454",
          "participantID": "25862",
          "utterance": "5일만이네요. ㅎㅎ 잘지내셨어요?",
          "summary": "",
          "date": "2022-09-07",
          "time": "14:58:03",
          "terminate": "false"
        },
        {
          "speaker": "speaker2",
          "personaID": "22581",
          "participantID": "27796",
          "utterance": "네, 저 이번에 아파트로 이사하게 되서 이사 준비 하고 있어요.",
          "summary": "나는 아파트로 이사 갈 예정이다.",
          "date": "2022-09-07",
          "time": "14:58:29",
          "terminate": "false"
        },
        {
          "speaker": "speaker1",
          "personaID": "21454",
          "participantID": "25862",
          "utterance": "벌써 본인집 장만 하신거에요? 언제 이사하세요?",
          "summary": "",
          "date": "2022-09-07",
          "time": "14:58:46",
          "terminate": "false"
        },
        {
          "speaker": "speaker2",
          "personaID": "22581",
          "participantID": "27796",
          "utterance": "하하, ㅋㅋ 내집 마련은 아니고 전세로 들어가요. ㅎㅎ 아직 2주 정도 남았어요.",
          "summary": "나는 아파트 전세로 들어간다.",
          "date": "2022-09-07",
          "time": "14:59:01",
          "terminate": "false"
        },
        {
          "speaker": "speaker1",
          "personaID": "21454",
          "participantID": "25862",
          "utterance": "부러워요.ㅠㅠ 전 아직 자취하고 월세방이라서 전세가 너무 부러워요. 전세 자금도 모으기 힘들잖아요.",
          "summary": "나는 자취한다. 나는 월세로 산다.",
          "date": "2022-09-07",
          "time": "14:59:26",
          "terminate": "false"
        },
        {
          "speaker": "speaker2",
          "personaID": "22581",
          "participantID": "27796",
          "utterance": "취직 하고 나면 돈 조금 모으고 아파트 전세 자금 대출 받으면 전세로 살수 있어요. ㅎㅎ.",
          "summary": "",
          "date": "2022-09-07",
          "time": "14:59:55",
          "terminate": "false"
        },
        {
          "speaker": "speaker1",
          "personaID": "21454",
          "participantID": "25862",
          "utterance": "아파트 전세 대출 받아서 가시는거에요? 그래도 3년차인데 대단하세요.",
          "summary": "나는 상대방이 대단하다고 생각한다.",
          "date": "2022-09-07",
          "time": "15:00:11",
          "terminate": "false"
        },
        {
          "speaker": "speaker2",
          "personaID": "22581",
          "participantID": "27796",
          "utterance": "고마워요. ㅎㅎ 아마 취직하면 금방 전세 들어갈거에요.",
          "summary": "",
          "date": "2022-09-07",
          "time": "15:00:33",
          "terminate": "false"
        },
        {
          "speaker": "speaker1",
          "personaID": "21454",
          "participantID": "25862",
          "utterance": "네, 일단 그전에 취직부터 먼저 해보겠습니다. 이사준비로 바쁘시겠어요. ㅠㅠ.",
          "summary": "",
          "date": "2022-09-07",
          "time": "15:00:47",
          "terminate": "false"
        },
        {
          "speaker": "speaker2",
          "personaID": "22581",
          "participantID": "27796",
          "utterance": "포장 이사 할거긴 한데 그래도 대충 정리도 해야되고 이사 들어가는 집에 가구도 새로 사야 되서 그게 힘드네요.ㅠㅠ.",
          "summary": "나는 포장이사를 할 예정이다.",
          "date": "2022-09-07",
          "time": "15:01:15",
          "terminate": "false"
        },
        {
          "speaker": "speaker1",
          "personaID": "21454",
          "participantID": "25862",
          "utterance": "가구도 새로 하셔야 되요? ㅠㅠ 그럼 방이랑 가구 사이즈 다 확인해야 되면 검색도 많이 해야겠어요.",
          "summary": "",
          "date": "2022-09-07",
          "time": "15:01:51",
          "terminate": "false"
        },
        {
          "speaker": "speaker2",
          "personaID": "22581",
          "participantID": "27796",
          "utterance": "맨날 오늘의집 어플 접속해서 가구만 보고 있어요.ㅋㅋ.",
          "summary": "나는 오늘의 집 어플에서 가구를 본다.",
          "date": "2022-09-07",
          "time": "15:02:03",
          "terminate": "false"
        },
        {
          "speaker": "speaker1",
          "personaID": "21454",
          "participantID": "25862",
          "utterance": "앗,ㅋ저도 오늘의집 어플이용한적 있어요. 너무 좋던데요. 오늘도 그럼 계속 가구만 보는거에요?",
          "summary": "나는 오늘의 집 어플을 이용한 적이 있다.",
          "date": "2022-09-07",
          "time": "15:02:42",
          "terminate": "false"
        },
        {
          "speaker": "speaker2",
          "personaID": "22581",
          "participantID": "27796",
          "utterance": "이제 그만 보고 쉬려구요.ㅠㅠ 너무 많이 봐서 머리가 아프네요.ㅋㅋ.",
          "summary": "",
          "date": "2022-09-07",
          "time": "15:02:58",
          "terminate": "false"
        },
        {
          "speaker": "speaker1",
          "personaID": "21454",
          "participantID": "25862",
          "utterance": "그렇겠어요. ㅎㅎ 전 멜로 영화 좋아해서 볼려구요. 영화 좋아하세요?",
          "summary": "나는 멜로 영화를 좋아한다.",
          "date": "2022-09-07",
          "time": "15:03:23",
          "terminate": "false"
        },
        {
          "speaker": "speaker2",
          "personaID": "22581",
          "participantID": "27796",
          "utterance": "좋아해요. ㅋㅋ 그래서 이사가는 집에 영화 보는 방 만들거에요.",
          "summary": "나는 이사 가는 곳에 영화 보는 방을 만들 예정이다.",
          "date": "2022-09-07",
          "time": "15:03:39",
          "terminate": "false"
        },
        {
          "speaker": "speaker1",
          "personaID": "21454",
          "participantID": "25862",
          "utterance": "편하게 쉬기 좋은방이겠어요. ㅎㅎ 영화보고 나중에 연락할게요.",
          "summary": "",
          "date": "2022-09-07",
          "time": "15:04:36",
          "terminate": "false"
        },
        {
          "speaker": "speaker2",
          "personaID": "22581",
          "participantID": "27796",
          "utterance": "영화 재밌게 봐요.!ㅎㅎ.",
          "summary": "",
          "date": "2022-09-07",
          "time": "15:04:45",
          "terminate": "true"
        }
      ],
      "sessionPersonaSummary": {
        "speaker1": [
          "나는 자취한다. 나는 월세로 산다.",
          "나는 상대방이 대단하다고 생각한다.",
          "나는 오늘의 집 어플을 이용한 적이 있다.",
          "나는 멜로 영화를 좋아한다."
        ],
        "speaker2": [
          "나는 아파트로 이사 갈 예정이다.",
          "나는 아파트 전세로 들어간다.",
          "나는 포장이사를 할 예정이다.",
          "나는 오늘의 집 어플에서 가구를 본다.",
          "나는 이사 가는 곳에 영화 보는 방을 만들 예정이다."
        ]
      },
      "prevAggregatedpersonaSummary": {
        "speaker1": [
          "나는 20대 여자이다. 나는 대학생이다.",
          "나는 취업을 하고 싶다.",
          "나는 상대방이 멋있다고 생각한다.",
          "나는 소주를 일주일에 서너 번 마신다.",
          "나는 로맨스 소설을 자주 읽는다.",
          "나는 영화 검은 집을 봤다."
        ],
        "speaker2": [
          "나는 20대 여자이다. 나는 직장인이다.",
          "나는 해양 기업체에서 일한다. 나는 조선해양공학과가 부전공이다.",
          "나는 선후배가 없다. 나는 직장 다닌 지 3년 차다.",
          "나는 과거 매일 술 마셨다.",
          "나는 전자책을 잘 활용한다. 나는 소설책을 자주 읽는다.",
          "나는 추리 소설을 좋아한다.",
          "나는 소설 검은 집 읽고 무서웠다."
        ]
      }
    }
  ]
}