{
  "FileInfo": {
    "filename": "K2-00454-CL02939-CP02596-13-09-S2.json",
    "sessionLevel": "2"
  },
  "participantsInfo": {
    "numberOfParticipants": "2",
    "speaker1": {
      "participantID": "0039",
      "gender": "여성",
      "age": "30대",
      "occupation": "주부",
      "bPlace": "서울/경기/인천",
      "gPlace": "서울/경기/인천",
      "rPlace": "서울/경기/인천",
      "educationLevel": "대졸"
    },
    "speaker2": {
      "participantID": "0106",
      "gender": "여성",
      "age": "30대",
      "occupation": "전문직",
      "bPlace": "부산/대구/울산/경상",
      "gPlace": "부산/대구/울산/경상",
      "rPlace": "부산/대구/울산/경상",
      "educationLevel": "대학원졸"
    }
  },
  "multisessionInfo": {
    "multisessionID": "2-00454"
  },
  "personaInfo": {
    "clInfo": {
      "personaID": "02939",
      "personaFeatures": [
        "나는 여자이다.",
        "나는 30대이다.",
        "나의 거주지는 제주도이다.",
        "나는 요즘, 매일 환멸을 느낀다.",
        "나는 늘 주가에 관심을 갖고 있다."
      ],
      "speakerType": "speaker1"
    },
    "cpInfo": {
      "personaID": "02596",
      "personaFeatures": [
        "나는 여자이다.",
        "나는 30대이다.",
        "나는 가족과 사진을 많이 찍는다.",
        "나는 맛집 여행에 관심 없다.",
        "나는 요즘, 자주 외롭다."
      ],
      "speakerType": "speaker2"
    }
  },
  "topicInfo": {
    "topicID": "13-09",
    "topicType": "기후>계절/날씨",
    "topicTitle": "폭염"
  },
  "sessionInfo": [
    {
      "prevSessionID": null,
      "prevTimeInfo": {
        "timeNum": null,
        "timeUnit": null
      },
      "nthSession": "1",
      "numberOfUtterances": "18",
      "numberOfTurns": "9",
      "sessionID": "2-00454-1",
      "dialog": [
        {
          "speaker": "speaker1",
          "personaID": "02939",
          "participantID": "0039",
          "utterance": "반가워용! 저는 33살 여자예요!",
          "summary": "나는 30대 여자이다.",
          "date": "2022-08-07",
          "time": "23:21:05",
          "terminate": "false"
        },
        {
          "speaker": "speaker2",
          "personaID": "02596",
          "participantID": "0106",
          "utterance": "오 반갑습니다!! 저도 33살 여자예요 ㅎㅎㅎ.",
          "summary": "나는 30대 여자이다.",
          "date": "2022-08-07",
          "time": "23:21:05",
          "terminate": "false"
        },
        {
          "speaker": "speaker1",
          "personaID": "02939",
          "participantID": "0039",
          "utterance": "그럼 저희 말 놓을까요~? ㅎㅎㅎ 처음 뵙지만 말은 빨리 놓는게 좋잖아요~",
          "summary": "",
          "date": "2022-08-07",
          "time": "23:21:05",
          "terminate": "false"
        },
        {
          "speaker": "speaker2",
          "personaID": "02596",
          "participantID": "0106",
          "utterance": "그래~ 너만 괜찮으면 빨리 놓자! ㅎㅎㅎㅎ 그게 편하지~",
          "summary": "",
          "date": "2022-08-07",
          "time": "23:21:05",
          "terminate": "false"
        },
        {
          "speaker": "speaker1",
          "personaID": "02939",
          "participantID": "0039",
          "utterance": "좋아! 아 근데 요즘 진짜 너무 덥다 ㅜㅠㅠ 폭염이 나까지 말라비틀어지게 하고있어...",
          "summary": "오늘 날씨가 폭염으로 너무 덥다.",
          "date": "2022-08-07",
          "time": "23:21:05",
          "terminate": "false"
        },
        {
          "speaker": "speaker2",
          "personaID": "02596",
          "participantID": "0106",
          "utterance": "그러니까 ㅜㅠㅠ 안 그래도 요즘 자주 외로운데 폭염때문에 나가지도 않으니까 더 외로워...",
          "summary": "나는 요즘 자주 외로운 편이다.",
          "date": "2022-08-07",
          "time": "23:21:05",
          "terminate": "false"
        },
        {
          "speaker": "speaker1",
          "personaID": "02939",
          "participantID": "0039",
          "utterance": "ㅋㅋㅋㅋ 무슨 말인지 알겠어... 내가 사는 제주도도 이렇게 더운데 윗지방은 얼마나 더 더울까싶네 ㅋㅋㅋ.",
          "summary": "나는 제주도에 산다.",
          "date": "2022-08-07",
          "time": "23:21:05",
          "terminate": "false"
        },
        {
          "speaker": "speaker2",
          "personaID": "02596",
          "participantID": "0106",
          "utterance": "어우 말도 마.. 진짜 나가지도 못해 ㅋㅋㅋㅋㅋㅋ 근데 제주도 살아? 부럽다...",
          "summary": "",
          "date": "2022-08-07",
          "time": "23:21:05",
          "terminate": "false"
        },
        {
          "speaker": "speaker1",
          "personaID": "02939",
          "participantID": "0039",
          "utterance": "일때문에 와서 눌러앉았는데 좋아 ㅎㅎㅎ 맛있는 곳도 많고 좋은 곳도 많아~",
          "summary": "",
          "date": "2022-08-07",
          "time": "23:21:05",
          "terminate": "false"
        },
        {
          "speaker": "speaker2",
          "personaID": "02596",
          "participantID": "0106",
          "utterance": "그렇구만... 근데 나는 맛집 여행에 관심이 없어서 ㅎㅎㅎ 제주도에 있는 좋은 곳은 가보고 싶다!",
          "summary": "나는 맛집 여행에 관심이 없다.",
          "date": "2022-08-07",
          "time": "23:21:05",
          "terminate": "false"
        },
        {
          "speaker": "speaker1",
          "personaID": "02939",
          "participantID": "0039",
          "utterance": "맛집 여행에 관심이 없다니… 나는 맛있는 음식 찾으러 가는게 내 삶의 낙인데 ㅋㅋㅋㅋㅋ.",
          "summary": "",
          "date": "2022-08-09",
          "time": "16:07:37",
          "terminate": "false"
        },
        {
          "speaker": "speaker2",
          "personaID": "02596",
          "participantID": "0106",
          "utterance": "진짜? 우리 가족들은 사진찍는거를 좋아해서 무조건 예쁜 곳 가야해! 추억을 남긴다고 사진을 많이 찍거든 ㅋㅋㅋㅋ.",
          "summary": "우리 가족들은 사진 찍는 걸 좋아한다.",
          "date": "2022-08-09",
          "time": "16:07:37",
          "terminate": "false"
        },
        {
          "speaker": "speaker1",
          "personaID": "02939",
          "participantID": "0039",
          "utterance": "가족들과 잘 지내는 편이구나…부럽다 나는 지금 가족들하고 돈문제로 사이가 안좋거든ㅠㅠ요즘 환멸이나서 미치겠어.",
          "summary": "나는 요즘 가족들과의 문재로 매일 환멸이 난다.",
          "date": "2022-08-09",
          "time": "16:07:37",
          "terminate": "false"
        },
        {
          "speaker": "speaker2",
          "personaID": "02596",
          "participantID": "0106",
          "utterance": "돈문제가 제일 힘들다고 하던데 ㅠㅠ 힘내 친구야! 너무 힘들면 가족이라도 연끊을수밖에…",
          "summary": "",
          "date": "2022-08-09",
          "time": "16:07:37",
          "terminate": "false"
        },
        {
          "speaker": "speaker1",
          "personaID": "02939",
          "participantID": "0039",
          "utterance": "맞아 ㅠㅠ 나도 거기까지 생각중이야 한번만 더 그러다간 내가 진짜 그래버릴거야.",
          "summary": "",
          "date": "2022-08-09",
          "time": "16:07:37",
          "terminate": "false"
        },
        {
          "speaker": "speaker2",
          "personaID": "02596",
          "participantID": "0106",
          "utterance": "그래그래 잘 생각했어! 너무 환멸이 나면 밖이 돌아다니면서 경차구경도 하고 ㅎㅎ.",
          "summary": "",
          "date": "2022-08-09",
          "time": "16:07:37",
          "terminate": "false"
        },
        {
          "speaker": "speaker1",
          "personaID": "02939",
          "participantID": "0039",
          "utterance": "폭염 날씨에 경치구경은 아닌 것 같아 ㅋㅋㅋㅋㅋ 그냥 집에서 휴가보낼게!",
          "summary": "",
          "date": "2022-08-09",
          "time": "16:07:37",
          "terminate": "false"
        },
        {
          "speaker": "speaker2",
          "personaID": "02596",
          "participantID": "0106",
          "utterance": "폭염은 집에만 있어야지 ㅋㅋㅋㅋ 그러면 잘 쉬고 다음에 연락하자~",
          "summary": "",
          "date": "2022-08-09",
          "time": "16:07:37",
          "terminate": "true"
        }
      ],
      "sessionPersonaSummary": {
        "speaker1": [
          "나는 30대 여자이다.",
          "오늘 날씨가 폭염으로 너무 덥다.",
          "나는 제주도에 산다.",
          "나는 요즘 가족들과의 문재로 매일 환멸이 난다."
        ],
        "speaker2": [
          "나는 30대 여자이다.",
          "나는 요즘 자주 외로운 편이다.",
          "나는 맛집 여행에 관심이 없다.",
          "우리 가족들은 사진 찍는 걸 좋아한다."
        ]
      },
      "prevAggregatedpersonaSummary": {
        "speaker1": [],
        "speaker2": []
      }
    },
    {
      "prevSessionID": "2-00454-1",
      "prevTimeInfo": {
        "timeNum": "7",
        "timeUnit": "일"
      },
      "nthSession": "2",
      "numberOfUtterances": "18",
      "numberOfTurns": "9",
      "sessionID": "2-00454-2",
      "dialog": [
        {
          "speaker": "speaker1",
          "personaID": "02939",
          "participantID": "0039",
          "utterance": "시간이 지나면 괜찮을 줄 알았는데 날씨 봐 ㅜㅜ 진짜 너무 덥다.",
          "summary": "",
          "date": "2022-08-09",
          "time": "16:07:37",
          "terminate": "false"
        },
        {
          "speaker": "speaker2",
          "personaID": "02596",
          "participantID": "0106",
          "utterance": "그러게 장마철이라고 생각했는데 아직도 폭염이라니… 집에서 휴가는 잘 보냈어?",
          "summary": "",
          "date": "2022-08-09",
          "time": "16:07:37",
          "terminate": "false"
        },
        {
          "speaker": "speaker1",
          "personaID": "02939",
          "participantID": "0039",
          "utterance": "응응! 집에서 주식만 봤어 ㅋㅋㅋㅋ 내가 주식을 하니까 주가에 관심이 갈 수 밖에 없어!",
          "summary": "나는 주식을 하면서 주가에 늘 관심이 많다.",
          "date": "2022-08-09",
          "time": "16:07:37",
          "terminate": "false"
        },
        {
          "speaker": "speaker2",
          "personaID": "02596",
          "participantID": "0106",
          "utterance": "너도 주식하는구나? 나도 주식 시작하고나서 하루종일 핸드폰만 봐 ㅋㅋㅋㅋㅋ.",
          "summary": "주식을 하는데 하루 종일 폰만 본다.",
          "date": "2022-08-09",
          "time": "16:07:37",
          "terminate": "false"
        },
        {
          "speaker": "speaker1",
          "personaID": "02939",
          "participantID": "0039",
          "utterance": "그치? 너는 좀 올랐어? 나는 하락세야 ㅠㅠ 안그래도 기분 안좋은데 다 안좋아졌어.",
          "summary": "주가가 하락세이다.",
          "date": "2022-08-09",
          "time": "16:07:37",
          "terminate": "false"
        },
        {
          "speaker": "speaker2",
          "personaID": "02596",
          "participantID": "0106",
          "utterance": "나도 하락세야ㅠㅠ 폭염처럼 내 주가도 올라갔으면 좋겠네 빨간색이면 좋겠어 ㅋㅋㅋㅋ.",
          "summary": "",
          "date": "2022-08-09",
          "time": "16:07:37",
          "terminate": "false"
        },
        {
          "speaker": "speaker1",
          "personaID": "02939",
          "participantID": "0039",
          "utterance": "그러게 날씨는 자꾸 올라가면서 주식만 안올라가 ㅠㅠ 이런게 현실인가…",
          "summary": "",
          "date": "2022-08-09",
          "time": "16:07:37",
          "terminate": "false"
        },
        {
          "speaker": "speaker2",
          "personaID": "02596",
          "participantID": "0106",
          "utterance": "폭염이 끝나야 우리 주식이 오르려나 ㅋㅋㅋㅋ 주식 시작하지 말걸 피말리네.",
          "summary": "",
          "date": "2022-08-09",
          "time": "16:07:37",
          "terminate": "false"
        },
        {
          "speaker": "speaker1",
          "personaID": "02939",
          "participantID": "0039",
          "utterance": "그거 인정~ㅋㅋㅋㅋ 원래 몇년에 한번 보라고하더라 관심을 끊어야한다고하는데 그게 마음처럼 쉽지가 않아 ㅋㅋㅋ.",
          "summary": "",
          "date": "2022-08-09",
          "time": "16:07:37",
          "terminate": "false"
        },
        {
          "speaker": "speaker2",
          "personaID": "02596",
          "participantID": "0106",
          "utterance": "ㅋㅋㅋㅋ맞아 그나저나 저녁을 뭐 먹어야 하지? 폭염이 심하니까 냉면같은거 먹을까?",
          "summary": "",
          "date": "2022-08-09",
          "time": "16:07:37",
          "terminate": "false"
        },
        {
          "speaker": "speaker1",
          "personaID": "02939",
          "participantID": "0039",
          "utterance": "냉면좋네 아니면 콩국수먹어! 나는 콩국수 먹을예정 ㅎㅎ.",
          "summary": "",
          "date": "2022-08-09",
          "time": "16:07:37",
          "terminate": "false"
        },
        {
          "speaker": "speaker2",
          "personaID": "02596",
          "participantID": "0106",
          "utterance": "콩국수? 나는 콩국수 별로 안좋아해 맛이… 콩국수를 좋아하다니 어렸을때 우유도 잘먹었겠어 ㅋㅋㅋㅋ.",
          "summary": "",
          "date": "2022-08-09",
          "time": "16:07:37",
          "terminate": "false"
        },
        {
          "speaker": "speaker1",
          "personaID": "02939",
          "participantID": "0039",
          "utterance": "ㅋㅋㅋㅋㅋ콩국수가 호불호가 삼한 음식이라더니 싫어하는사람아 많네! 우유드립뭐야 ㅋㅋㅋㅋ.",
          "summary": "",
          "date": "2022-08-09",
          "time": "16:07:37",
          "terminate": "false"
        },
        {
          "speaker": "speaker2",
          "personaID": "02596",
          "participantID": "0106",
          "utterance": "ㅋㅋㅋㅋㅋ웃겼어? 너는 콩국수 먹고 나는 냉명먹어야겠다 사원하겠어~",
          "summary": "",
          "date": "2022-08-09",
          "time": "16:07:37",
          "terminate": "false"
        },
        {
          "speaker": "speaker1",
          "personaID": "02939",
          "participantID": "0039",
          "utterance": "그래그래 폭염이랑 잘 어울리는 저녁 메뉴다 ㅎㅎ 벌써 저녁해먹을 시간이네.",
          "summary": "",
          "date": "2022-08-09",
          "time": "16:07:37",
          "terminate": "false"
        },
        {
          "speaker": "speaker2",
          "personaID": "02596",
          "participantID": "0106",
          "utterance": "콩국수 직접 해먹어? 그거 보통 일 아니라고 하던데 대단하다! 빨리 만들으러 가.",
          "summary": "",
          "date": "2022-08-09",
          "time": "16:07:37",
          "terminate": "false"
        },
        {
          "speaker": "speaker1",
          "personaID": "02939",
          "participantID": "0039",
          "utterance": "만드는게 어렵긴 한데 직접 만들어먹어야 맛있어! 이제 요리하러 가볼게 다음에 연락하자!",
          "summary": "",
          "date": "2022-08-09",
          "time": "16:07:37",
          "terminate": "false"
        },
        {
          "speaker": "speaker2",
          "personaID": "02596",
          "participantID": "0106",
          "utterance": "응응! 조심히 만들고 폭염에 더위 조심하고 화이팅!",
          "summary": "",
          "date": "2022-08-09",
          "time": "16:07:37",
          "terminate": "true"
        }
      ],
      "sessionPersonaSummary": {
        "speaker1": [
          "나는 주식을 하면서 주가에 늘 관심이 많다.",
          "주가가 하락세이다."
        ],
        "speaker2": [
          "주식을 하는데 하루 종일 폰만 본다."
        ]
      },
      "prevAggregatedpersonaSummary": {
        "speaker1": [
          "나는 30대 여자이다.",
          "오늘 날씨가 폭염으로 너무 덥다.",
          "나는 제주도에 산다.",
          "나는 요즘 가족들과의 문재로 매일 환멸이 난다."
        ],
        "speaker2": [
          "나는 30대 여자이다.",
          "나는 요즘 자주 외로운 편이다.",
          "나는 맛집 여행에 관심이 없다.",
          "우리 가족들은 사진 찍는 걸 좋아한다."
        ]
      }
    }
  ]
}