{
  "FileInfo": {
    "filename": "K2-00367-CL51626-CP61636-04-15-S2.json",
    "sessionLevel": "2"
  },
  "participantsInfo": {
    "numberOfParticipants": "2",
    "speaker1": {
      "participantID": "4262",
      "gender": "여성",
      "age": "40대",
      "occupation": "주부",
      "bPlace": "서울/경기/인천",
      "gPlace": "서울/경기/인천",
      "rPlace": "서울/경기/인천",
      "educationLevel": "대졸"
    },
    "speaker2": {
      "participantID": "4567",
      "gender": "여성",
      "age": "50대",
      "occupation": "주부",
      "bPlace": "서울/경기/인천",
      "gPlace": "서울/경기/인천",
      "rPlace": "광주/전라/제주",
      "educationLevel": "고졸"
    }
  },
  "multisessionInfo": {
    "multisessionID": "2-00367"
  },
  "personaInfo": {
    "clInfo": {
      "personaID": "51626",
      "personaFeatures": [
        "나는 여자이다.",
        "나는 50대이다.",
        "나는 초등학교 교장이다",
        "나는 맛집 여행을 가끔 간다",
        "나는 파란색을 싫어한다"
      ],
      "speakerType": "speaker1"
    },
    "cpInfo": {
      "personaID": "61636",
      "personaFeatures": [
        "나는 여자이다.",
        "나는 60대 이상이다.",
        "나는 가끔 안도감이 든다",
        "나는 고양이를 키우고 싶다",
        "나는 신 음식을 싫어한다"
      ],
      "speakerType": "speaker2"
    }
  },
  "topicInfo": {
    "topicID": "04-15",
    "topicType": "일과 직업>회사/아르바이트",
    "topicTitle": "휴직"
  },
  "sessionInfo": [
    {
      "prevSessionID": null,
      "prevTimeInfo": {
        "timeNum": null,
        "timeUnit": null
      },
      "nthSession": "1",
      "numberOfUtterances": "16",
      "numberOfTurns": "8",
      "sessionID": "2-00367-1",
      "dialog": [
        {
          "speaker": "speaker1",
          "personaID": "51626",
          "participantID": "4262",
          "utterance": "안녕하세요. 저는 서울 사는 50대 여성입니다. ",
          "summary": "나는 서울 사는 50대 여성이다.",
          "date": "2022-12-01",
          "time": "23:20:56",
          "terminate": "false"
        },
        {
          "speaker": "speaker2",
          "personaID": "61636",
          "participantID": "4567",
          "utterance": "안녕하세요. 저는 60대 여성입니다.",
          "summary": "나는 60대 여성이다",
          "date": "2022-12-01",
          "time": "23:21:38",
          "terminate": "false"
        },
        {
          "speaker": "speaker1",
          "personaID": "51626",
          "participantID": "4262",
          "utterance": "네 반갑습니다. 저는 서울서 초등학교 교장으로 일하고 있어요. 어디 사시나요?",
          "summary": "나는 서울에서 초등학교 교장으로 일하고 있다.",
          "date": "2022-12-01",
          "time": "23:23:11",
          "terminate": "false"
        },
        {
          "speaker": "speaker2",
          "personaID": "61636",
          "participantID": "4567",
          "utterance": "저는 순천에 삽니다. 저는 고양이를 키우고 싶어요!",
          "summary": "나는 순천에 살고 있고 고양이를 키우고 싶다",
          "date": "2022-12-01",
          "time": "23:29:48",
          "terminate": "false"
        },
        {
          "speaker": "speaker1",
          "personaID": "51626",
          "participantID": "4262",
          "utterance": "저도 키워본 적은 없는데 고양이 키우는 친구네서 보니까 고양이 은근 매력있더라고요. ",
          "summary": "나도 키워본 적은 없는데 고양이 키우는 친구네서 보니까 고양이 은근 매력 있었다.",
          "date": "2022-12-01",
          "time": "23:38:56",
          "terminate": "false"
        },
        {
          "speaker": "speaker2",
          "personaID": "61636",
          "participantID": "4567",
          "utterance": "고양이 너무 귀엽지 않나요? 저는 신 음식을 싫어하는데 좋아하세요?",
          "summary": "나는 고양이가 너무 귀엽다고 생각한다. \n나는 신 음식을 싫어한다. ",
          "date": "2022-12-01",
          "time": "23:41:08",
          "terminate": "false"
        },
        {
          "speaker": "speaker1",
          "personaID": "51626",
          "participantID": "4262",
          "utterance": "네 맞아요. 그리고 고양이는 도도한 매력이 있더라고요. 전 맛집 여행 가끔 가는 게 취미인데 새콤한 음식 좋아해서 비빔냉면이나 비빔국수집도 잘 다녀요. ",
          "summary": "나는 맛집 여행을 가끔가끔 가는 게 취미다.",
          "date": "2022-12-01",
          "time": "23:47:23",
          "terminate": "false"
        },
        {
          "speaker": "speaker2",
          "personaID": "61636",
          "participantID": "4567",
          "utterance": "그렇군요. 저는 가끔 안도감이 들어요.",
          "summary": "나는 가끔 안도감을 느낀다",
          "date": "2022-12-01",
          "time": "23:57:26",
          "terminate": "false"
        },
        {
          "speaker": "speaker1",
          "personaID": "51626",
          "participantID": "4262",
          "utterance": "저는 초록색을 좋아하는데 초록 풀이나 나무 보면 저도 안도감이 들어요. 파란색은 싫은데 초록색은 좋더라고요. ",
          "summary": "나는 파란색은 싫은데 초록색은 좋아한다.",
          "date": "2022-12-02",
          "time": "00:04:46",
          "terminate": "false"
        },
        {
          "speaker": "speaker2",
          "personaID": "61636",
          "participantID": "4567",
          "utterance": "저는 자연에 있는 색을 다 좋아요. 초록 파랑 둘다 좋아해요.",
          "summary": "나는 자연에 있는 책을 다 좋아하는데 초록색과 파란색 둘 다 좋아한다.",
          "date": "2022-12-02",
          "time": "00:19:08",
          "terminate": "false"
        },
        {
          "speaker": "speaker1",
          "personaID": "51626",
          "participantID": "4262",
          "utterance": "혹시 그럼 화초 키우시는 것도 좋아하세요? 저는 잘 키우고 싶은데 관리를 잘 못하나봐요. 계속 죽네요. ",
          "summary": "나는 화초를 잘 키우고 싶은데 관리를 잘 못한다.",
          "date": "2022-12-02",
          "time": "01:23:22",
          "terminate": "false"
        },
        {
          "speaker": "speaker2",
          "personaID": "61636",
          "participantID": "4567",
          "utterance": "저도 좋아하긴 하는데 관리를 잘 못하네요..",
          "summary": "나는 화초를 좋아하지만 관리를 잘 못한다",
          "date": "2022-12-02",
          "time": "08:57:35",
          "terminate": "false"
        },
        {
          "speaker": "speaker1",
          "personaID": "51626",
          "participantID": "4262",
          "utterance": "화초 키우는 것도 소질이 따로 있나봐요. 제 친구네 가보면 정말 베란다가 작은 식물원 같더라고요. 눈도 맘도 참 편해지는 공간으로 꾸며놔서 좋더라고요. ",
          "summary": "내 친구네 베란다는 작은 식물원 같다.",
          "date": "2022-12-02",
          "time": "09:37:37",
          "terminate": "false"
        },
        {
          "speaker": "speaker2",
          "personaID": "61636",
          "participantID": "4567",
          "utterance": "제대로 공부를 하고 키워야하나봐요!",
          "summary": "",
          "date": "2022-12-02",
          "time": "09:41:09",
          "terminate": "false"
        },
        {
          "speaker": "speaker1",
          "personaID": "51626",
          "participantID": "4262",
          "utterance": "맞아요. 한번 동영상도 보고 공부 좀 해봐야겠어요. ",
          "summary": "한 번 동영상도 보고 공부 좀 해봐야겠다.",
          "date": "2022-12-02",
          "time": "09:44:59",
          "terminate": "false"
        },
        {
          "speaker": "speaker2",
          "personaID": "61636",
          "participantID": "4567",
          "utterance": "네 대화 너무 즐거웠어요. 또 얘기 나눠요!",
          "summary": "나는 오늘 대화가 참 즐거웠다.",
          "date": "2022-12-02",
          "time": "09:45:18",
          "terminate": "true"
        }
      ],
      "sessionPersonaSummary": {
        "speaker1": [
          "나는 서울 사는 50대 여성이다.",
          "나는 서울에서 초등학교 교장으로 일하고 있다.",
          "나도 키워본 적은 없는데 고양이 키우는 친구네서 보니까 고양이 은근 매력 있었다.",
          "나는 맛집 여행을 가끔가끔 가는 게 취미다.",
          "나는 파란색은 싫은데 초록색은 좋아한다.",
          "나는 화초를 잘 키우고 싶은데 관리를 잘 못한다.",
          "내 친구네 베란다는 작은 식물원 같다.",
          "한 번 동영상도 보고 공부 좀 해봐야겠다."
        ],
        "speaker2": [
          "나는 60대 여성이다",
          "나는 순천에 살고 있고 고양이를 키우고 싶다",
          "나는 고양이가 너무 귀엽다고 생각한다. \n나는 신 음식을 싫어한다. ",
          "나는 가끔 안도감을 느낀다",
          "나는 자연에 있는 책을 다 좋아하는데 초록색과 파란색 둘 다 좋아한다.",
          "나는 화초를 좋아하지만 관리를 잘 못한다",
          "나는 오늘 대화가 참 즐거웠다."
        ]
      },
      "prevAggregatedpersonaSummary": {
        "speaker1": [],
        "speaker2": []
      }
    },
    {
      "prevSessionID": "2-00367-1",
      "prevTimeInfo": {
        "timeNum": "8",
        "timeUnit": "일"
      },
      "nthSession": "2",
      "numberOfUtterances": "14",
      "numberOfTurns": "7",
      "sessionID": "2-00367-2",
      "dialog": [
        {
          "speaker": "speaker1",
          "personaID": "51626",
          "participantID": "4262",
          "utterance": "안녕하세요. 8일 만에 다시 뵙네요. 날이 너무 추워졌어요. 잘 계셨지요? ",
          "summary": "",
          "date": "2022-12-02",
          "time": "10:09:59",
          "terminate": "false"
        },
        {
          "speaker": "speaker2",
          "personaID": "61636",
          "participantID": "4567",
          "utterance": "네. 저는 잘 지냈습니다. 잘 지내셨나요?",
          "summary": "",
          "date": "2022-12-02",
          "time": "10:10:40",
          "terminate": "false"
        },
        {
          "speaker": "speaker1",
          "personaID": "51626",
          "participantID": "4262",
          "utterance": "네 저는 주말에 남편이랑 근교 맛집여행 다녀왔어요. 오리고기 먹었는데 몸 보양 되는 기분이었어요. ",
          "summary": "나는 주말에 남편이랑 근교 맛집 여행에 다녀왔다.",
          "date": "2022-12-02",
          "time": "11:03:32",
          "terminate": "false"
        },
        {
          "speaker": "speaker2",
          "personaID": "61636",
          "participantID": "4567",
          "utterance": "부럽네요. 교장으로 일하고 계신다했는데 휴직은 안하세요?",
          "summary": "나는 맛집 여행 다녀왔던 얘기를 듣고 부럽다고 느꼈다",
          "date": "2022-12-02",
          "time": "11:07:42",
          "terminate": "false"
        },
        {
          "speaker": "speaker1",
          "personaID": "51626",
          "participantID": "4262",
          "utterance": "네 저는 이제 크게 아프거나 한 거 아니면 휴직할 기회는 없을 것 같아요. 저희 학교에 지금 두 분 쌤이 육아휴직 중이신데 저도 아이 낳을 때만 해봤어요. ",
          "summary": "나는 이제 크게 아프거나 한 거 아니면 휴직할 기회는 없을 것 같다.",
          "date": "2022-12-02",
          "time": "11:16:14",
          "terminate": "false"
        },
        {
          "speaker": "speaker2",
          "personaID": "61636",
          "participantID": "4567",
          "utterance": "그렇군요. 일하는 건 어떠세요?",
          "summary": "",
          "date": "2022-12-02",
          "time": "11:18:27",
          "terminate": "false"
        },
        {
          "speaker": "speaker1",
          "personaID": "51626",
          "participantID": "4262",
          "utterance": "아무래도 학생과 선생님 뿐 아니라 직원분들 부모님들까지 관계하시는 분들이 많아서 힘들 때도 있지만 그래도 보람은 있어요.  육아휴직 들어간 두 분 중 한분은 남자쌤이세요. ",
          "summary": "",
          "date": "2022-12-02",
          "time": "11:26:26",
          "terminate": "false"
        },
        {
          "speaker": "speaker2",
          "personaID": "61636",
          "participantID": "4567",
          "utterance": "아 그렇군요. 저는 주부라서 뭔가 신기하네요.",
          "summary": "나는 주부라서 남성의 육아 휴직 얘기가 신기하게 느껴진다",
          "date": "2022-12-02",
          "time": "11:27:35",
          "terminate": "false"
        },
        {
          "speaker": "speaker1",
          "personaID": "51626",
          "participantID": "4262",
          "utterance": "네 저희 때는 사실 생각도 못햇던 건데 요즘은 남자쌤들도 당당히 육아휴직 내고 쉬고 오세요. 일과 가정의 균형을 잘 지킬 수 있게 제도가 많이 개선되고 있는 듯 해요. ",
          "summary": "",
          "date": "2022-12-02",
          "time": "11:36:03",
          "terminate": "false"
        },
        {
          "speaker": "speaker2",
          "personaID": "61636",
          "participantID": "4567",
          "utterance": "그렇게 해야 공평한게 맞죠. 요즘 저출산 문제도 심각하니까요.",
          "summary": "나는 남성도 육아 휴직을 써 육아에 참여하는 것이 공평하다고 생각한다",
          "date": "2022-12-02",
          "time": "11:39:30",
          "terminate": "false"
        },
        {
          "speaker": "speaker1",
          "personaID": "51626",
          "participantID": "4262",
          "utterance": "맞아요. 저는 가끔 주부도 휴직이 됐으면 좋겠다 생각한 적이 있어요. 퇴근하고 집에 오면 다시 또 집안일로 출근하는 느낌이에요. ",
          "summary": "나는 가끔 주부도 휴직이 됐으면 좋겠다 생각한 적이 있다.",
          "date": "2022-12-02",
          "time": "11:41:46",
          "terminate": "false"
        },
        {
          "speaker": "speaker2",
          "personaID": "61636",
          "participantID": "4567",
          "utterance": "결혼하면 여성분들이 많이 고생하죠. 아기도 대부분 여자가 키우니까요..",
          "summary": "나는 결혼하면 주로 여자들이 아기도 키우고 고생을 많이 한다고 생각한다",
          "date": "2022-12-02",
          "time": "11:44:14",
          "terminate": "false"
        },
        {
          "speaker": "speaker1",
          "personaID": "51626",
          "participantID": "4262",
          "utterance": "저는 학교 퇴직하면 정말 주부 휴직하고 한 몇달 제주도 같은 데 가서 제주살이 해보고 싶더라고요. ",
          "summary": "나는 학교 퇴직하면 정말 주부 휴직하고 한몇 달 제주도 같은 데 가서 제주살이 해보고 싶다.",
          "date": "2022-12-02",
          "time": "11:56:00",
          "terminate": "false"
        },
        {
          "speaker": "speaker2",
          "personaID": "61636",
          "participantID": "4567",
          "utterance": "그렇게 하셨으면 좋겠네요. 저는 이만 먼저 가볼게요!",
          "summary": "",
          "date": "2022-12-02",
          "time": "11:57:41",
          "terminate": "true"
        }
      ],
      "sessionPersonaSummary": {
        "speaker1": [
          "나는 주말에 남편이랑 근교 맛집 여행에 다녀왔다.",
          "나는 이제 크게 아프거나 한 거 아니면 휴직할 기회는 없을 것 같다.",
          "나는 가끔 주부도 휴직이 됐으면 좋겠다 생각한 적이 있다.",
          "나는 학교 퇴직하면 정말 주부 휴직하고 한몇 달 제주도 같은 데 가서 제주살이 해보고 싶다."
        ],
        "speaker2": [
          "나는 맛집 여행 다녀왔던 얘기를 듣고 부럽다고 느꼈다",
          "나는 주부라서 남성의 육아 휴직 얘기가 신기하게 느껴진다",
          "나는 남성도 육아 휴직을 써 육아에 참여하는 것이 공평하다고 생각한다",
          "나는 결혼하면 주로 여자들이 아기도 키우고 고생을 많이 한다고 생각한다"
        ]
      },
      "prevAggregatedpersonaSummary": {
        "speaker1": [
          "나는 서울 사는 50대 여성이다.",
          "나는 서울에서 초등학교 교장으로 일하고 있다.",
          "나도 키워본 적은 없는데 고양이 키우는 친구네서 보니까 고양이 은근 매력 있었다.",
          "나는 맛집 여행을 가끔가끔 가는 게 취미다.",
          "나는 파란색은 싫은데 초록색은 좋아한다.",
          "나는 화초를 잘 키우고 싶은데 관리를 잘 못한다.",
          "내 친구네 베란다는 작은 식물원 같다.",
          "한 번 동영상도 보고 공부 좀 해봐야겠다."
        ],
        "speaker2": [
          "나는 60대 여성이다",
          "나는 순천에 살고 있고 고양이를 키우고 싶다",
          "나는 고양이가 너무 귀엽다고 생각한다. \n나는 신 음식을 싫어한다. ",
          "나는 가끔 안도감을 느낀다",
          "나는 자연에 있는 책을 다 좋아하는데 초록색과 파란색 둘 다 좋아한다.",
          "나는 화초를 좋아하지만 관리를 잘 못한다",
          "나는 오늘 대화가 참 즐거웠다."
        ]
      }
    }
  ]
}