{
  "FileInfo": {
    "filename": "K2-00203-CL35720-CP35244-04-12-S2.json",
    "sessionLevel": "2"
  },
  "participantsInfo": {
    "numberOfParticipants": "2",
    "speaker1": {
      "participantID": "3778",
      "gender": "여성",
      "age": "40대",
      "occupation": "기타",
      "bPlace": "서울/경기/인천",
      "gPlace": "서울/경기/인천",
      "rPlace": "서울/경기/인천",
      "educationLevel": "대학원졸"
    },
    "speaker2": {
      "participantID": "4005",
      "gender": "여성",
      "age": "40대",
      "occupation": "주부",
      "bPlace": "부산/대구/울산/경상",
      "gPlace": "부산/대구/울산/경상",
      "rPlace": "서울/경기/인천",
      "educationLevel": "고졸"
    }
  },
  "multisessionInfo": {
    "multisessionID": "2-00203"
  },
  "personaInfo": {
    "clInfo": {
      "personaID": "35720",
      "personaFeatures": [
        "나는 여자이다.",
        "나는 30대이다.",
        "나는 결혼을 안했다",
        "나는 매일 걸어서 출퇴근한다",
        "나는 운전하는 것을 싫어한다",
        "나의 생일은 6월이다",
        "나는 치킨을 안 먹는다"
      ],
      "speakerType": "speaker1"
    },
    "cpInfo": {
      "personaID": "35244",
      "personaFeatures": [
        "나는 여자이다.",
        "나는 30대이다.",
        "나는 결혼을 안했다",
        "나는 약사이다",
        "나는 실내에서 수영하는 것을 싫어한다",
        "나는 다소 부지런하다",
        "나는 배를 즐겨 먹는다"
      ],
      "speakerType": "speaker2"
    }
  },
  "topicInfo": {
    "topicID": "04-12",
    "topicType": "일과 직업>회사/아르바이트",
    "topicTitle": "취직"
  },
  "sessionInfo": [
    {
      "prevSessionID": null,
      "prevTimeInfo": {
        "timeNum": null,
        "timeUnit": null
      },
      "nthSession": "1",
      "numberOfUtterances": "14",
      "numberOfTurns": "7",
      "sessionID": "2-00203-1",
      "dialog": [
        {
          "speaker": "speaker1",
          "personaID": "35720",
          "participantID": "3778",
          "utterance": "안녕하세요. 저는 30대 여성이에요.",
          "summary": "나는 30대 여성이다",
          "date": "2022-11-26",
          "time": "17:14:11",
          "terminate": "false"
        },
        {
          "speaker": "speaker2",
          "personaID": "35244",
          "participantID": "4005",
          "utterance": "안녕하세요~ 저도 30대 여성입니다",
          "summary": "나는 30대 여성이다.",
          "date": "2022-11-26",
          "time": "17:44:51",
          "terminate": "false"
        },
        {
          "speaker": "speaker1",
          "personaID": "35720",
          "participantID": "3778",
          "utterance": "반갑습니다. 저는 사무직 직장인이에요. 요즘 건강을 신경쓰고 있는데다 운전하는 걸 싫어해서 매일 걸어서 출퇴근을 하고 있어요. 치킨도 안 먹은지 좀 됐고요.",
          "summary": "나는 사무직 직장인인데 요즘 건강을 신경 쓰고 또 운전하는 걸 싫어해서 매일 걸어서 출퇴근을 하고 있다",
          "date": "2022-11-26",
          "time": "19:10:13",
          "terminate": "false"
        },
        {
          "speaker": "speaker2",
          "personaID": "35244",
          "participantID": "4005",
          "utterance": "결심이 대단하시네요! 저는 아직 미혼인 약사예요~ 만나서 반가워요^^",
          "summary": "나는 미혼이고 약사이다.",
          "date": "2022-11-26",
          "time": "19:21:31",
          "terminate": "false"
        },
        {
          "speaker": "speaker1",
          "personaID": "35720",
          "participantID": "3778",
          "utterance": "저도 아직 결혼을 하지 않았어요. 6월에 친구가 생일 선물이라며 소개팅을 해줬는데 잘 안돼서 아직 솔로에요.",
          "summary": "나는 아직 결혼을 하지 않았다",
          "date": "2022-11-26",
          "time": "19:23:22",
          "terminate": "false"
        },
        {
          "speaker": "speaker2",
          "personaID": "35244",
          "participantID": "4005",
          "utterance": "네~ 저는 해양스포츠를 즐기는데 지금은 날씨가 추워서 실내에서 수영하는걸 싫어하지만 어쩔 수 없이 실내수영장을 다니고 있어요~ㅎㅎ 좋아하는 운동 있으세요? ",
          "summary": "나는 해양스포츠를 즐긴다. 나는 실내에서 수영하는 걸 싫어하지만 추워서 어쩔 수 없이 실내수영장을 다닌다.",
          "date": "2022-11-26",
          "time": "19:44:13",
          "terminate": "false"
        },
        {
          "speaker": "speaker1",
          "personaID": "35720",
          "participantID": "3778",
          "utterance": "저는 운동을 별로 좋아하지 않아요. 그래도 건강을 위해서 요가를 하고 있어요. 혹시 취미가 있으신가요?",
          "summary": "나는 운동을 별로 좋아하지 않지만 건강을 위해서 요가를 하고 있다",
          "date": "2022-11-26",
          "time": "19:45:53",
          "terminate": "false"
        },
        {
          "speaker": "speaker2",
          "personaID": "35244",
          "participantID": "4005",
          "utterance": "제가 다소 부지런한 편이라 이것저것 조금씩 해보는데 최근에 동영상 채널 보고 뜨개질해보고 있네요 ㅎㅎ",
          "summary": "나는 다소 부지런한 편이다. 나는 최근 동영상 채널을 보고 뜨개질을 하고 있다.",
          "date": "2022-11-26",
          "time": "21:12:45",
          "terminate": "false"
        },
        {
          "speaker": "speaker1",
          "personaID": "35720",
          "participantID": "3778",
          "utterance": "그러시군요. 겨울이 다가오고 있으니 뜨개질이 지금 딱이네요.",
          "summary": "",
          "date": "2022-11-27",
          "time": "01:13:49",
          "terminate": "false"
        },
        {
          "speaker": "speaker2",
          "personaID": "35244",
          "participantID": "4005",
          "utterance": "간단하게 수세미 정도 떠보려구요 ㅎㅎ 저는 배를 즐겨 먹는데 무슨 과일 좋아하세요?",
          "summary": "나는 배를 즐겨먹는다.",
          "date": "2022-11-27",
          "time": "22:19:39",
          "terminate": "false"
        },
        {
          "speaker": "speaker1",
          "personaID": "35720",
          "participantID": "3778",
          "utterance": "과일이라면 특별히 가릴 것 없이 두루 좋아해요.",
          "summary": "나는 과일은 두루 다 좋아한다",
          "date": "2022-11-28",
          "time": "01:32:39",
          "terminate": "false"
        },
        {
          "speaker": "speaker2",
          "personaID": "35244",
          "participantID": "4005",
          "utterance": "네~ 그래도 이런 환절기엔 배가 기관지에 좋다쟈나요~ 배를 많이 드셔요~ 귤도 좋구요^^",
          "summary": "",
          "date": "2022-11-28",
          "time": "11:37:10",
          "terminate": "false"
        },
        {
          "speaker": "speaker1",
          "personaID": "35720",
          "participantID": "3778",
          "utterance": "네 약사님이 추천해주시니 왠지 신뢰가 가네요. 챙겨먹어볼게요^^",
          "summary": "",
          "date": "2022-11-29",
          "time": "01:12:05",
          "terminate": "false"
        },
        {
          "speaker": "speaker2",
          "personaID": "35244",
          "participantID": "4005",
          "utterance": "ㅎㅎㅎ 네 ~꼭 챙겨드셔 보세요~~ 좋은저녁 보내시구요~~",
          "summary": "",
          "date": "2022-11-29",
          "time": "19:29:25",
          "terminate": "true"
        }
      ],
      "sessionPersonaSummary": {
        "speaker1": [
          "나는 30대 여성이다",
          "나는 사무직 직장인인데 요즘 건강을 신경 쓰고 또 운전하는 걸 싫어해서 매일 걸어서 출퇴근을 하고 있다",
          "나는 아직 결혼을 하지 않았다",
          "나는 운동을 별로 좋아하지 않지만 건강을 위해서 요가를 하고 있다",
          "나는 과일은 두루 다 좋아한다"
        ],
        "speaker2": [
          "나는 30대 여성이다.",
          "나는 미혼이고 약사이다.",
          "나는 해양스포츠를 즐긴다. 나는 실내에서 수영하는 걸 싫어하지만 추워서 어쩔 수 없이 실내수영장을 다닌다.",
          "나는 다소 부지런한 편이다. 나는 최근 동영상 채널을 보고 뜨개질을 하고 있다.",
          "나는 배를 즐겨먹는다."
        ]
      },
      "prevAggregatedpersonaSummary": {
        "speaker1": [],
        "speaker2": []
      }
    },
    {
      "prevSessionID": "2-00203-1",
      "prevTimeInfo": {
        "timeNum": "8",
        "timeUnit": "일"
      },
      "nthSession": "2",
      "numberOfUtterances": "14",
      "numberOfTurns": "7",
      "sessionID": "2-00203-2",
      "dialog": [
        {
          "speaker": "speaker1",
          "personaID": "35720",
          "participantID": "3778",
          "utterance": "안녕하세요. 8일만에 뵙네요.",
          "summary": "",
          "date": "2022-11-29",
          "time": "19:41:53",
          "terminate": "false"
        },
        {
          "speaker": "speaker2",
          "personaID": "35244",
          "participantID": "4005",
          "utterance": "네~ 시간 참 빠르네요~ 잘 지내셨어요?^^",
          "summary": "",
          "date": "2022-11-29",
          "time": "19:45:29",
          "terminate": "false"
        },
        {
          "speaker": "speaker1",
          "personaID": "35720",
          "participantID": "3778",
          "utterance": "네, 저는 이번 주에 신입 사원 면접 준비로 조금 바빴어요.",
          "summary": "나는 신입사원 면접 준비로 조금 바빴다",
          "date": "2022-11-29",
          "time": "19:49:45",
          "terminate": "false"
        },
        {
          "speaker": "speaker2",
          "personaID": "35244",
          "participantID": "4005",
          "utterance": "신입사원 면접 준비하신다면.. 인사과에 계시는거예요?",
          "summary": "",
          "date": "2022-11-29",
          "time": "21:06:08",
          "terminate": "false"
        },
        {
          "speaker": "speaker1",
          "personaID": "35720",
          "participantID": "3778",
          "utterance": "저희는 직장이 작아서 업무 경계가 분명하지 않아요. 필요하면 누구라도 나서서 해야하거든요.",
          "summary": "나는 다니는 회사가 작아서 업무경계가 분명하지 않다",
          "date": "2022-11-29",
          "time": "21:52:54",
          "terminate": "false"
        },
        {
          "speaker": "speaker2",
          "personaID": "35244",
          "participantID": "4005",
          "utterance": "네~ 그래도 면접관할 정도라면 어느정도 짬이 돼야하는거 아녜요?ㅎㅎ 근무하신지는 얼마나 되셨어요?",
          "summary": "",
          "date": "2022-11-29",
          "time": "22:53:09",
          "terminate": "false"
        },
        {
          "speaker": "speaker1",
          "personaID": "35720",
          "participantID": "3778",
          "utterance": "아, 제가 면접관이 된 건 아니고요. 면접 볼 사람들이 제출한 서류와 면접 당일 다른 분들 업무에 관련된 준비를 했어요. 저는 이 회사에 온 지 아직 3년이 안되었거든요.",
          "summary": "나는 면접 볼 사람들이 제출한 서류와 업무에 관련된 준비를 했다",
          "date": "2022-11-29",
          "time": "23:00:51",
          "terminate": "false"
        },
        {
          "speaker": "speaker2",
          "personaID": "35244",
          "participantID": "4005",
          "utterance": "아~그렇군요~~ ^^ 이번에 면접 지원하신분들은 많으세요?",
          "summary": "",
          "date": "2022-11-29",
          "time": "23:19:21",
          "terminate": "false"
        },
        {
          "speaker": "speaker1",
          "personaID": "35720",
          "participantID": "3778",
          "utterance": "네, 저희가 작은 기업인데도 불구하고 경쟁률이 5대 1이 넘었어요. 취업난이 심각하다더니 정말 그런가보더라고요.",
          "summary": "나는 다니는 회사가 작지만 경쟁률이 5대 1이 넘었다",
          "date": "2022-11-29",
          "time": "23:52:08",
          "terminate": "false"
        },
        {
          "speaker": "speaker2",
          "personaID": "35244",
          "participantID": "4005",
          "utterance": "와~5대1이면 경쟁률이 센데요! 취업난도 있겠지만 괜찮은 회사인가보네요~^^",
          "summary": "나는 5대 1의 취업 경쟁률을 가질 정도의 회사는 괜찮은 회사라고 생각한다.",
          "date": "2022-11-30",
          "time": "11:10:34",
          "terminate": "false"
        },
        {
          "speaker": "speaker1",
          "personaID": "35720",
          "participantID": "3778",
          "utterance": "나름대로 탄탄한 기업이에요. 면접보러 온 분들을 보니 다들 준비를 많이 한 것 같더라고요. 오랜만에 저 면접 볼 때 생각도 나고 그랬네요.",
          "summary": "나는 면접 온 사람들을 보니 예전 나의 면접 볼 때가 생각났다",
          "date": "2022-11-30",
          "time": "18:17:34",
          "terminate": "false"
        },
        {
          "speaker": "speaker2",
          "personaID": "35244",
          "participantID": "4005",
          "utterance": "벌써 면접이 끝났나 보네요~ 이번에 신입사원으로 몇명 뽑으시는 거예요?",
          "summary": "",
          "date": "2022-11-30",
          "time": "18:38:37",
          "terminate": "false"
        },
        {
          "speaker": "speaker1",
          "personaID": "35720",
          "participantID": "3778",
          "utterance": "3명이요. 이제 마지막 면접만 남겨두고 있어요. 그러고보니 시간이 벌써 이렇게 됐네요.",
          "summary": "",
          "date": "2022-11-30",
          "time": "18:44:36",
          "terminate": "false"
        },
        {
          "speaker": "speaker2",
          "personaID": "35244",
          "participantID": "4005",
          "utterance": "그렇군요.. 어떤분이 뽑힐지 기대 되시겠어요 ㅎ 편안한 저녁 보내시구요~",
          "summary": "",
          "date": "2022-11-30",
          "time": "19:12:37",
          "terminate": "true"
        }
      ],
      "sessionPersonaSummary": {
        "speaker1": [
          "나는 신입사원 면접 준비로 조금 바빴다",
          "나는 다니는 회사가 작아서 업무경계가 분명하지 않다",
          "나는 면접 볼 사람들이 제출한 서류와 업무에 관련된 준비를 했다",
          "나는 다니는 회사가 작지만 경쟁률이 5대 1이 넘었다",
          "나는 면접 온 사람들을 보니 예전 나의 면접 볼 때가 생각났다"
        ],
        "speaker2": [
          "나는 5대 1의 취업 경쟁률을 가질 정도의 회사는 괜찮은 회사라고 생각한다."
        ]
      },
      "prevAggregatedpersonaSummary": {
        "speaker1": [
          "나는 30대 여성이다",
          "나는 사무직 직장인인데 요즘 건강을 신경 쓰고 또 운전하는 걸 싫어해서 매일 걸어서 출퇴근을 하고 있다",
          "나는 아직 결혼을 하지 않았다",
          "나는 운동을 별로 좋아하지 않지만 건강을 위해서 요가를 하고 있다",
          "나는 과일은 두루 다 좋아한다"
        ],
        "speaker2": [
          "나는 30대 여성이다.",
          "나는 미혼이고 약사이다.",
          "나는 해양스포츠를 즐긴다. 나는 실내에서 수영하는 걸 싫어하지만 추워서 어쩔 수 없이 실내수영장을 다닌다.",
          "나는 다소 부지런한 편이다. 나는 최근 동영상 채널을 보고 뜨개질을 하고 있다.",
          "나는 배를 즐겨먹는다."
        ]
      }
    }
  ]
}