{
  "FileInfo": {
    "filename": "K2-00436-CL51343-CP41761-06-03-S2.json",
    "sessionLevel": "2"
  },
  "participantsInfo": {
    "numberOfParticipants": "2",
    "speaker1": {
      "participantID": "3404",
      "gender": "여성",
      "age": "50대",
      "occupation": "자영업",
      "bPlace": "서울/경기/인천",
      "gPlace": "서울/경기/인천",
      "rPlace": "서울/경기/인천",
      "educationLevel": "대학원졸"
    },
    "speaker2": {
      "participantID": "3421",
      "gender": "여성",
      "age": "40대",
      "occupation": "자영업",
      "bPlace": "부산/대구/울산/경상",
      "gPlace": "부산/대구/울산/경상",
      "rPlace": "서울/경기/인천",
      "educationLevel": "대졸"
    }
  },
  "multisessionInfo": {
    "multisessionID": "2-00436"
  },
  "personaInfo": {
    "clInfo": {
      "personaID": "51343",
      "personaFeatures": [
        "나는 여자이다.",
        "나는 50대이다.",
        "나는 다소 내성적이다",
        "나는 아침에 신문을 본다",
        "나는 하얀색을 싫어한다"
      ],
      "speakerType": "speaker1"
    },
    "cpInfo": {
      "personaID": "41761",
      "personaFeatures": [
        "나는 여자이다.",
        "나는 40대이다.",
        "나는 아무한테나 말을 잘 건다",
        "내가 가장 기쁘던 때는 아이가 태어났을 때이다",
        "나는 오보에 연주를 배우고 있다"
      ],
      "speakerType": "speaker2"
    }
  },
  "topicInfo": {
    "topicID": "06-03",
    "topicType": "교육",
    "topicTitle": "진로"
  },
  "sessionInfo": [
    {
      "prevSessionID": null,
      "prevTimeInfo": {
        "timeNum": null,
        "timeUnit": null
      },
      "nthSession": "1",
      "numberOfUtterances": "14",
      "numberOfTurns": "7",
      "sessionID": "2-00436-1",
      "dialog": [
        {
          "speaker": "speaker1",
          "personaID": "51343",
          "participantID": "3404",
          "utterance": "안녕하세요 저는 50대 여성입니다",
          "summary": "나는 50대 여성입니다.",
          "date": "2022-10-11",
          "time": "23:01:00",
          "terminate": "false"
        },
        {
          "speaker": "speaker2",
          "personaID": "41761",
          "participantID": "3421",
          "utterance": "안녕하세요 저는 40대 여성입니다",
          "summary": "나는 40대 여성이다",
          "date": "2022-10-11",
          "time": "23:01:20",
          "terminate": "false"
        },
        {
          "speaker": "speaker1",
          "personaID": "51343",
          "participantID": "3404",
          "utterance": "저는 노후를 위해 어떤 일을 해야할 지 고민입니다",
          "summary": "나는 노후를 위해 어떤 일을 해야 할지 고민이다.",
          "date": "2022-10-11",
          "time": "23:03:24",
          "terminate": "false"
        },
        {
          "speaker": "speaker2",
          "personaID": "41761",
          "participantID": "3421",
          "utterance": "그렇군요. 저는 오보에 연주를 배우고 있어요",
          "summary": "나는 오보에 연주를 배우고 있다,",
          "date": "2022-10-11",
          "time": "23:03:38",
          "terminate": "false"
        },
        {
          "speaker": "speaker1",
          "personaID": "51343",
          "participantID": "3404",
          "utterance": "노후에 취미생활을 갖는 것도 중요한 거 같아요",
          "summary": "",
          "date": "2022-10-11",
          "time": "23:04:44",
          "terminate": "false"
        },
        {
          "speaker": "speaker2",
          "personaID": "41761",
          "participantID": "3421",
          "utterance": "네 나는 아무한테나 말을 잘 거는데 들어주기도 잘해요 고민을 이야기해보시겠어요?",
          "summary": "나는 아무한테나 말을 잘 건다.",
          "date": "2022-10-11",
          "time": "23:05:28",
          "terminate": "false"
        },
        {
          "speaker": "speaker1",
          "personaID": "51343",
          "participantID": "3404",
          "utterance": "취미생활을 하면서 살 수 있는 고정소득이 나올 일을 갖는게 고민이죠",
          "summary": " 나는 고소득 일을 갖고 싶다.",
          "date": "2022-10-11",
          "time": "23:06:50",
          "terminate": "false"
        },
        {
          "speaker": "speaker2",
          "personaID": "41761",
          "participantID": "3421",
          "utterance": "제가 오보에를 배우는것 처럼 악기를 배워서 연주를 해보시는건 어떤가요?",
          "summary": "",
          "date": "2022-10-11",
          "time": "23:07:29",
          "terminate": "false"
        },
        {
          "speaker": "speaker1",
          "personaID": "51343",
          "participantID": "3404",
          "utterance": "저는 요즘 그림을 배우고 있습니다",
          "summary": "나는 그림을 배우고 있다.",
          "date": "2022-10-11",
          "time": "23:08:47",
          "terminate": "false"
        },
        {
          "speaker": "speaker2",
          "personaID": "41761",
          "participantID": "3421",
          "utterance": "그렇군요. 그럼 가장 기쁘던 때를 그리기도 하셨나요? 내가 가장 기쁘던 때는 아이가 태어났을 때예요. ",
          "summary": "나는 아이가 태어났을 때 가장 기뻤다",
          "date": "2022-10-11",
          "time": "23:10:11",
          "terminate": "false"
        },
        {
          "speaker": "speaker1",
          "personaID": "51343",
          "participantID": "3404",
          "utterance": "저는 주로 풍경을 그리고 싶어요",
          "summary": "나는 풍경을 그린다.",
          "date": "2022-10-11",
          "time": "23:11:07",
          "terminate": "false"
        },
        {
          "speaker": "speaker2",
          "personaID": "41761",
          "participantID": "3421",
          "utterance": "멋진 풍경을 그리면 전시회를 열면 좋겠군요. 이일로 노후를 설계하시는건 어때요?",
          "summary": "",
          "date": "2022-10-11",
          "time": "23:12:01",
          "terminate": "false"
        },
        {
          "speaker": "speaker1",
          "personaID": "51343",
          "participantID": "3404",
          "utterance": "취미생활이 그렇게 발전하면 너무 좋을 것 같아요",
          "summary": "",
          "date": "2022-10-11",
          "time": "23:13:44",
          "terminate": "false"
        },
        {
          "speaker": "speaker2",
          "personaID": "41761",
          "participantID": "3421",
          "utterance": "이제 그만 나가봐야 할 것 같아요.",
          "summary": "",
          "date": "2022-10-11",
          "time": "23:15:56",
          "terminate": "true"
        }
      ],
      "sessionPersonaSummary": {
        "speaker1": [
          "나는 50대 여성입니다.",
          "나는 노후를 위해 어떤 일을 해야 할지 고민이다.",
          "나는 고소득 일을 갖고 싶다.",
          "나는 그림을 배우고 있다.",
          "나는 풍경을 그린다."
        ],
        "speaker2": [
          "나는 40대 여성이다",
          "나는 오보에 연주를 배우고 있다,",
          "나는 아무한테나 말을 잘 건다.",
          "나는 아이가 태어났을 때 가장 기뻤다"
        ]
      },
      "prevAggregatedpersonaSummary": {
        "speaker1": [],
        "speaker2": []
      }
    },
    {
      "prevSessionID": "2-00436-1",
      "prevTimeInfo": {
        "timeNum": "41",
        "timeUnit": "시간"
      },
      "nthSession": "2",
      "numberOfUtterances": "14",
      "numberOfTurns": "7",
      "sessionID": "2-00436-2",
      "dialog": [
        {
          "speaker": "speaker1",
          "personaID": "51343",
          "participantID": "3404",
          "utterance": "안녕하세요 잘 지내셨나요 41시간 만이네요",
          "summary": "",
          "date": "2022-10-21",
          "time": "09:25:33",
          "terminate": "false"
        },
        {
          "speaker": "speaker2",
          "personaID": "41761",
          "participantID": "3421",
          "utterance": "잘 지내셨어요? 오랜만이예요.",
          "summary": "",
          "date": "2022-10-21",
          "time": "09:46:01",
          "terminate": "false"
        },
        {
          "speaker": "speaker1",
          "personaID": "51343",
          "participantID": "3404",
          "utterance": "네 저는 요즘 산책을 하면서 이후 뭘 하면서 살 지 고민중이에요",
          "summary": "나는 산책을 하며 뭘 할지 고민 중이다.",
          "date": "2022-10-22",
          "time": "14:45:41",
          "terminate": "false"
        },
        {
          "speaker": "speaker2",
          "personaID": "41761",
          "participantID": "3421",
          "utterance": "그러시군요. 저는 아이들이 점점 커 가며 어떤 일을 다시 해야할까 고민해 보고 있었답니다.",
          "summary": "나는 아이들이 커서 할 일을 고민 중이다",
          "date": "2022-10-24",
          "time": "09:55:12",
          "terminate": "false"
        },
        {
          "speaker": "speaker1",
          "personaID": "51343",
          "participantID": "3404",
          "utterance": "저도 하던 일을 그만두고 인생 이막을 준비중인데 쉽지가 않네요",
          "summary": "나는 인생 이 막을 준비 중이다.",
          "date": "2022-10-24",
          "time": "16:10:12",
          "terminate": "false"
        },
        {
          "speaker": "speaker2",
          "personaID": "41761",
          "participantID": "3421",
          "utterance": "맞아요 처음 진로를 정하는것 보다 더 고민을 많이 하게 되는것 같아요.",
          "summary": "나는 처음 진로를 정할 때보다 고민이 된다",
          "date": "2022-10-26",
          "time": "07:19:30",
          "terminate": "false"
        },
        {
          "speaker": "speaker1",
          "personaID": "51343",
          "participantID": "3404",
          "utterance": "맞아요 나이가 드니 아는 건 많아지고 호기심은 없어져서 뭔가 시작하는 게 어렵네요",
          "summary": "나는 나이가 들어 호기심이 없어졌다.",
          "date": "2022-10-26",
          "time": "15:59:16",
          "terminate": "false"
        },
        {
          "speaker": "speaker2",
          "personaID": "41761",
          "participantID": "3421",
          "utterance": "네 그래도 시간대비 효율을 따져도 보고 아이들 돌보는 것도 생각하다 보니 풀근무는 힘이 들더라고요",
          "summary": "나는 풀 근무는 힘이 든다",
          "date": "2022-10-26",
          "time": "16:04:15",
          "terminate": "false"
        },
        {
          "speaker": "speaker1",
          "personaID": "51343",
          "participantID": "3404",
          "utterance": "아무래도 나이가 드니 오랜시간 일하는 건 힘이 들죠",
          "summary": "나는 오랜 시간 일하는 건 힘들다.",
          "date": "2022-10-26",
          "time": "16:06:50",
          "terminate": "false"
        },
        {
          "speaker": "speaker2",
          "personaID": "41761",
          "participantID": "3421",
          "utterance": "네 그래서 시간 파트를 알아보려고요. 요즘엔 어린이집도 파트를 많이 구하더라고요",
          "summary": "나는 파트타임 일자리를 알아보고 있다",
          "date": "2022-10-26",
          "time": "16:07:41",
          "terminate": "false"
        },
        {
          "speaker": "speaker1",
          "personaID": "51343",
          "participantID": "3404",
          "utterance": "저도 그런 걸 알아봐야 될까 싶네요 파트로 하면서 휴식과 취미도 즐길 수 있는",
          "summary": "나는 휴식과 취미도 즐길 수 있는 파트일을 알아볼 것이다.",
          "date": "2022-10-26",
          "time": "16:09:24",
          "terminate": "false"
        },
        {
          "speaker": "speaker2",
          "personaID": "41761",
          "participantID": "3421",
          "utterance": "맞아요 일을 안하기에는 뭔가 부족하고 풀근무는 너무 좆기는것 같고 4~6시간 이 적당하고 좋은것 같아요.",
          "summary": "나는 4-6시간 정도 하는 일이 좋다",
          "date": "2022-10-26",
          "time": "16:10:16",
          "terminate": "false"
        },
        {
          "speaker": "speaker1",
          "personaID": "51343",
          "participantID": "3404",
          "utterance": "젊은 시절 일을 고르던 것과는 다른 기준으로 일을 골라야 할 거 같아요",
          "summary": "나는 젊은 시절과 다른 기준으로 일을 고를 것이다.",
          "date": "2022-10-26",
          "time": "16:11:33",
          "terminate": "false"
        },
        {
          "speaker": "speaker2",
          "personaID": "41761",
          "participantID": "3421",
          "utterance": "네 몸도 많이 힘들지 않은것으로요. 좋은 선택을 하시길 바래요 반가웠어요.^^",
          "summary": "",
          "date": "2022-10-26",
          "time": "16:11:58",
          "terminate": "true"
        }
      ],
      "sessionPersonaSummary": {
        "speaker1": [
          "나는 산책을 하며 뭘 할지 고민 중이다.",
          "나는 인생 이 막을 준비 중이다.",
          "나는 나이가 들어 호기심이 없어졌다.",
          "나는 오랜 시간 일하는 건 힘들다.",
          "나는 휴식과 취미도 즐길 수 있는 파트일을 알아볼 것이다.",
          "나는 젊은 시절과 다른 기준으로 일을 고를 것이다."
        ],
        "speaker2": [
          "나는 아이들이 커서 할 일을 고민 중이다",
          "나는 처음 진로를 정할 때보다 고민이 된다",
          "나는 풀 근무는 힘이 든다",
          "나는 파트타임 일자리를 알아보고 있다",
          "나는 4-6시간 정도 하는 일이 좋다"
        ]
      },
      "prevAggregatedpersonaSummary": {
        "speaker1": [
          "나는 50대 여성입니다.",
          "나는 노후를 위해 어떤 일을 해야 할지 고민이다.",
          "나는 고소득 일을 갖고 싶다.",
          "나는 그림을 배우고 있다.",
          "나는 풍경을 그린다."
        ],
        "speaker2": [
          "나는 40대 여성이다",
          "나는 오보에 연주를 배우고 있다,",
          "나는 아무한테나 말을 잘 건다.",
          "나는 아이가 태어났을 때 가장 기뻤다"
        ]
      }
    }
  ]
}