{
  "FileInfo": {
    "filename": "K2-00273-CL20004-CP20694-06-19-S2.json",
    "sessionLevel": "2"
  },
  "participantsInfo": {
    "numberOfParticipants": "2",
    "speaker1": {
      "participantID": "25821",
      "gender": "남성",
      "age": "20대",
      "occupation": "사무직",
      "bPlace": "광주/전라/제주",
      "gPlace": "광주/전라/제주",
      "rPlace": "광주/전라/제주",
      "educationLevel": "대졸"
    },
    "speaker2": {
      "participantID": "24253",
      "gender": "남성",
      "age": "20대",
      "occupation": "학생",
      "bPlace": "대전/세종/충청/강원",
      "gPlace": "대전/세종/충청/강원",
      "rPlace": "대전/세종/충청/강원",
      "educationLevel": "고졸"
    }
  },
  "multisessionInfo": {
    "multisessionID": "2-00273"
  },
  "personaInfo": {
    "clInfo": {
      "personaID": "20004",
      "personaFeatures": [
        "나는 남자이다.",
        "나는 20대이다.",
        "나는 힐링 여행을 자주 간다.",
        "나는 산업공학과 전공이다.",
        "나는 분홍색을 좋아한다."
      ],
      "speakerType": "speaker1"
    },
    "cpInfo": {
      "personaID": "20694",
      "personaFeatures": [
        "나는 남자이다.",
        "나는 20대이다.",
        "나의 가족은 4명이다.",
        "나는 국내 주식에 관심이 많다.",
        "나는 TV 뉴스를 자주 본다."
      ],
      "speakerType": "speaker2"
    }
  },
  "topicInfo": {
    "topicID": "06-19",
    "topicType": "교육",
    "topicTitle": "교환학생"
  },
  "sessionInfo": [
    {
      "prevSessionID": null,
      "prevTimeInfo": {
        "timeNum": null,
        "timeUnit": null
      },
      "nthSession": "1",
      "numberOfUtterances": "16",
      "numberOfTurns": "8",
      "sessionID": "2-00273-1",
      "dialog": [
        {
          "speaker": "speaker1",
          "personaID": "20004",
          "participantID": "25821",
          "utterance": "안녕하세요. 저는 20대 남자입니다. 대학생입니다!",
          "summary": "나는 20대 남자이다. 나는 대학생이다.",
          "date": "2022-09-14",
          "time": "21:06:46",
          "terminate": "false"
        },
        {
          "speaker": "speaker2",
          "personaID": "20694",
          "participantID": "24253",
          "utterance": "안녕하세요. 저는 20대 남자이고 대학을 다녀요!",
          "summary": "나는 20대 남자이다.",
          "date": "2022-09-14",
          "time": "21:06:46",
          "terminate": "false"
        },
        {
          "speaker": "speaker1",
          "personaID": "20004",
          "participantID": "25821",
          "utterance": "반갑습니다. 저는 산업공학과 전공으로 공부하고 있어요! 어떤 전공이세요?",
          "summary": "나는 산업공학과 전공이다.",
          "date": "2022-09-14",
          "time": "21:06:46",
          "terminate": "false"
        },
        {
          "speaker": "speaker2",
          "personaID": "20694",
          "participantID": "24253",
          "utterance": "저는 사회복지학과를 다니고있어요!",
          "summary": "나는 사회복지학과를 다닌다.",
          "date": "2022-09-14",
          "time": "21:06:46",
          "terminate": "false"
        },
        {
          "speaker": "speaker1",
          "personaID": "20004",
          "participantID": "25821",
          "utterance": "오. 그러시군요. 요즘 시험기간이라서 많이 바쁘시죠?",
          "summary": "",
          "date": "2022-09-14",
          "time": "21:06:46",
          "terminate": "false"
        },
        {
          "speaker": "speaker2",
          "personaID": "20694",
          "participantID": "24253",
          "utterance": "네, 시험기간이라 많이 피곤하네요. 시험끝나고 뭐하시나요?",
          "summary": "나는 시험기간이라 많이 피곤하다.",
          "date": "2022-09-14",
          "time": "21:06:46",
          "terminate": "false"
        },
        {
          "speaker": "speaker1",
          "personaID": "20004",
          "participantID": "25821",
          "utterance": "저는 여행을 좋아해서 여행을 가려구요. 저는 힐링 여행을 자주 가요.",
          "summary": "나는 힐링여행을 자주 간다.",
          "date": "2022-09-14",
          "time": "21:06:46",
          "terminate": "false"
        },
        {
          "speaker": "speaker2",
          "personaID": "20694",
          "participantID": "24253",
          "utterance": "저도 여행을 가고싶네요. 힐리여행을 어디로 많이 가시나요?",
          "summary": "",
          "date": "2022-09-14",
          "time": "21:06:46",
          "terminate": "false"
        },
        {
          "speaker": "speaker1",
          "personaID": "20004",
          "participantID": "25821",
          "utterance": "최근에는 강원도로 많이 가고 있어요. 바다를 보며 힐링해요.",
          "summary": "나는 강원도로 많이 간다.",
          "date": "2022-09-14",
          "time": "21:06:46",
          "terminate": "false"
        },
        {
          "speaker": "speaker2",
          "personaID": "20694",
          "participantID": "24253",
          "utterance": "바다구경 저도 가보고싶어요. 저는 외할머니댁이 강원도예요.",
          "summary": "나는 외할머니댁이 강원도이다.",
          "date": "2022-09-14",
          "time": "21:06:46",
          "terminate": "false"
        },
        {
          "speaker": "speaker1",
          "personaID": "20004",
          "participantID": "25821",
          "utterance": "그럼 강원도 자주 가시겠네요. 부러워요.ㅎㅎ.",
          "summary": "",
          "date": "2022-09-14",
          "time": "21:06:46",
          "terminate": "false"
        },
        {
          "speaker": "speaker2",
          "personaID": "20694",
          "participantID": "24253",
          "utterance": "저는 가족이 4명인데 여름휴가를 강원도로 자주 가요.",
          "summary": "나는 가족이 4명이다.",
          "date": "2022-09-14",
          "time": "21:06:46",
          "terminate": "false"
        },
        {
          "speaker": "speaker1",
          "personaID": "20004",
          "participantID": "25821",
          "utterance": "가족여행이 강원도로 가는건 참 좋죠. 요즘 관심사 있으세요?",
          "summary": "",
          "date": "2022-09-14",
          "time": "21:06:46",
          "terminate": "false"
        },
        {
          "speaker": "speaker2",
          "personaID": "20694",
          "participantID": "24253",
          "utterance": "저는 국내주식에 관심이 많아서 티비뉴스를 자주봐요.",
          "summary": "나는 국내 주식에 관심이 많다. 나는 티브이 뉴스를 자주 본다.",
          "date": "2022-09-14",
          "time": "21:06:46",
          "terminate": "false"
        },
        {
          "speaker": "speaker1",
          "personaID": "20004",
          "participantID": "25821",
          "utterance": "오. 시험공부도 하시고 주식도 하시느라고 굉장히 바쁘시겠어요. 또 얘기해요.",
          "summary": "",
          "date": "2022-09-14",
          "time": "21:06:46",
          "terminate": "false"
        },
        {
          "speaker": "speaker2",
          "personaID": "20694",
          "participantID": "24253",
          "utterance": "주식은 시험때문에 잠시 쉬고있어요. 공부하고올께요!",
          "summary": "",
          "date": "2022-09-14",
          "time": "21:06:46",
          "terminate": "true"
        }
      ],
      "sessionPersonaSummary": {
        "speaker1": [
          "나는 20대 남자이다. 나는 대학생이다.",
          "나는 산업공학과 전공이다.",
          "나는 힐링여행을 자주 간다.",
          "나는 강원도로 많이 간다."
        ],
        "speaker2": [
          "나는 20대 남자이다.",
          "나는 사회복지학과를 다닌다.",
          "나는 시험기간이라 많이 피곤하다.",
          "나는 외할머니댁이 강원도이다.",
          "나는 가족이 4명이다.",
          "나는 국내 주식에 관심이 많다. 나는 티브이 뉴스를 자주 본다."
        ]
      },
      "prevAggregatedpersonaSummary": {
        "speaker1": [],
        "speaker2": []
      }
    },
    {
      "prevSessionID": "2-00273-1",
      "prevTimeInfo": {
        "timeNum": "7",
        "timeUnit": "일"
      },
      "nthSession": "2",
      "numberOfUtterances": "20",
      "numberOfTurns": "10",
      "sessionID": "2-00273-2",
      "dialog": [
        {
          "speaker": "speaker1",
          "personaID": "20004",
          "participantID": "25821",
          "utterance": "저는 일주일간의 시험이 이제 끝났네요. 시험끝나셨어요?",
          "summary": "",
          "date": "2022-09-14",
          "time": "21:06:46",
          "terminate": "false"
        },
        {
          "speaker": "speaker2",
          "personaID": "20694",
          "participantID": "24253",
          "utterance": "저는 오늘 시험이 끝나요. 이제 해방된거같아요.",
          "summary": "나는 오늘 시험이 끝난다.",
          "date": "2022-09-14",
          "time": "21:06:46",
          "terminate": "false"
        },
        {
          "speaker": "speaker1",
          "personaID": "20004",
          "participantID": "25821",
          "utterance": "그러시군요. 저는 이번을 좀 잘본것같아서 다행이에요.",
          "summary": "",
          "date": "2022-09-14",
          "time": "21:06:46",
          "terminate": "false"
        },
        {
          "speaker": "speaker2",
          "personaID": "20694",
          "participantID": "24253",
          "utterance": "시험결과가 좋게나오시겠어요. 시험끝나고 계획이있으신가요?",
          "summary": "",
          "date": "2022-09-14",
          "time": "21:06:46",
          "terminate": "false"
        },
        {
          "speaker": "speaker1",
          "personaID": "20004",
          "participantID": "25821",
          "utterance": "여행다녀와서 교환학생 준비를 하려구요. 그래서 이번 성적이 중요했어요.",
          "summary": "나는 교환학생 준비를 한다.",
          "date": "2022-09-14",
          "time": "21:06:46",
          "terminate": "false"
        },
        {
          "speaker": "speaker2",
          "personaID": "20694",
          "participantID": "24253",
          "utterance": "그렇군요. 교환학생을 계획하고 계신데 어디로가실 생각이에요?",
          "summary": "",
          "date": "2022-09-14",
          "time": "21:06:46",
          "terminate": "false"
        },
        {
          "speaker": "speaker1",
          "personaID": "20004",
          "participantID": "25821",
          "utterance": "호주로 가려고 계획중이에요. 교환학생 관심 없으세요?",
          "summary": "나는 호주로 가려고 계획 중이다.",
          "date": "2022-09-14",
          "time": "21:06:46",
          "terminate": "false"
        },
        {
          "speaker": "speaker2",
          "personaID": "20694",
          "participantID": "24253",
          "utterance": "제 과가 사회복지과라 독일로 유학을 가고싶긴해요.",
          "summary": "나는 독일로 유학을 가고 싶다.",
          "date": "2022-09-14",
          "time": "21:06:46",
          "terminate": "false"
        },
        {
          "speaker": "speaker1",
          "personaID": "20004",
          "participantID": "25821",
          "utterance": "독일로 가고싶으신 이유가 있을까요?",
          "summary": "",
          "date": "2022-09-14",
          "time": "21:06:46",
          "terminate": "false"
        },
        {
          "speaker": "speaker2",
          "personaID": "20694",
          "participantID": "24253",
          "utterance": "독일이 사회복지 시스템이 잘되있어서 다녀오고싶네요.",
          "summary": "",
          "date": "2022-09-14",
          "time": "21:06:46",
          "terminate": "false"
        },
        {
          "speaker": "speaker1",
          "personaID": "20004",
          "participantID": "25821",
          "utterance": "오. 처음 알게 된 사실이에요. 지금부터라도 교환학생 준비하셔서 다녀오세요.",
          "summary": "",
          "date": "2022-09-14",
          "time": "21:06:46",
          "terminate": "false"
        },
        {
          "speaker": "speaker2",
          "personaID": "20694",
          "participantID": "24253",
          "utterance": "교환학생은 비용이 부담이되서 계획이 없어요.",
          "summary": "",
          "date": "2022-09-14",
          "time": "21:06:46",
          "terminate": "false"
        },
        {
          "speaker": "speaker1",
          "personaID": "20004",
          "participantID": "25821",
          "utterance": "비용이 부담되긴 하죠. 저는 교환학생을 가려고 아르바이트를 열심히 했어요.",
          "summary": "",
          "date": "2022-09-14",
          "time": "21:06:46",
          "terminate": "false"
        },
        {
          "speaker": "speaker2",
          "personaID": "20694",
          "participantID": "24253",
          "utterance": "아르바이트도 하셨다니 어떤 아르바이트를 하셨나요?",
          "summary": "",
          "date": "2022-09-14",
          "time": "21:06:54",
          "terminate": "false"
        },
        {
          "speaker": "speaker1",
          "personaID": "20004",
          "participantID": "25821",
          "utterance": "식당에서 서빙을 했는데 유니폼이 분홍색이라서 좋았어요. 제가 분홍색을 좋아하거든요.",
          "summary": "나는 분홍색을 좋아한다.",
          "date": "2022-09-14",
          "time": "21:06:54",
          "terminate": "false"
        },
        {
          "speaker": "speaker2",
          "personaID": "20694",
          "participantID": "24253",
          "utterance": "분홍색 유니폼에 만족하셨다니 다행이에요. 대부분 남자분들은 분홍색을 꺼려하잖아요.",
          "summary": "",
          "date": "2022-09-14",
          "time": "21:07:12",
          "terminate": "false"
        },
        {
          "speaker": "speaker1",
          "personaID": "20004",
          "participantID": "25821",
          "utterance": "네. 근데 저는 잘 어울려서 좋더라구요. 점심식사는 하셨어요?",
          "summary": "",
          "date": "2022-09-14",
          "time": "21:07:18",
          "terminate": "false"
        },
        {
          "speaker": "speaker2",
          "personaID": "20694",
          "participantID": "24253",
          "utterance": "아직 시험이 한교시 남아서 끝나고 식사하려고해요.",
          "summary": "",
          "date": "2022-09-14",
          "time": "21:07:33",
          "terminate": "false"
        },
        {
          "speaker": "speaker1",
          "personaID": "20004",
          "participantID": "25821",
          "utterance": "마지막 교시 시험 잘 보시고 맛있게 점심 드세요!",
          "summary": "",
          "date": "2022-09-14",
          "time": "21:07:43",
          "terminate": "false"
        },
        {
          "speaker": "speaker2",
          "personaID": "20694",
          "participantID": "24253",
          "utterance": "덕담해주셔서 감사합니다. 즐거운 시간이었어요.",
          "summary": "",
          "date": "2022-09-14",
          "time": "21:07:48",
          "terminate": "true"
        }
      ],
      "sessionPersonaSummary": {
        "speaker1": [
          "나는 교환학생 준비를 한다.",
          "나는 호주로 가려고 계획 중이다.",
          "나는 분홍색을 좋아한다."
        ],
        "speaker2": [
          "나는 오늘 시험이 끝난다.",
          "나는 독일로 유학을 가고 싶다."
        ]
      },
      "prevAggregatedpersonaSummary": {
        "speaker1": [
          "나는 20대 남자이다. 나는 대학생이다.",
          "나는 산업공학과 전공이다.",
          "나는 힐링여행을 자주 간다.",
          "나는 강원도로 많이 간다."
        ],
        "speaker2": [
          "나는 20대 남자이다.",
          "나는 사회복지학과를 다닌다.",
          "나는 시험기간이라 많이 피곤하다.",
          "나는 외할머니댁이 강원도이다.",
          "나는 가족이 4명이다.",
          "나는 국내 주식에 관심이 많다. 나는 티브이 뉴스를 자주 본다."
        ]
      }
    }
  ]
}