{
  "FileInfo": {
    "filename": "K2-00427-CL01825-CP02604-03-05-S2.json",
    "sessionLevel": "2"
  },
  "participantsInfo": {
    "numberOfParticipants": "2",
    "speaker1": {
      "participantID": "0081",
      "gender": "여성",
      "age": "20대",
      "occupation": "학생",
      "bPlace": "대전/세종/충청/강원",
      "gPlace": "대전/세종/충청/강원",
      "rPlace": "대전/세종/충청/강원",
      "educationLevel": "고졸"
    },
    "speaker2": {
      "participantID": "0088",
      "gender": "여성",
      "age": "30대",
      "occupation": "주부",
      "bPlace": "서울/경기/인천",
      "gPlace": "서울/경기/인천",
      "rPlace": "서울/경기/인천",
      "educationLevel": "대졸"
    }
  },
  "multisessionInfo": {
    "multisessionID": "2-00427"
  },
  "personaInfo": {
    "clInfo": {
      "personaID": "01825",
      "personaFeatures": [
        "나는 여자이다.",
        "나는 20대이다.",
        "나의 거주지는 서울이다.",
        "나는 요즘, 가끔 부끄러운 감정이 든다.",
        "나는 요가를 싫어한다."
      ],
      "speakerType": "speaker1"
    },
    "cpInfo": {
      "personaID": "02604",
      "personaFeatures": [
        "나는 여자이다.",
        "나는 30대이다.",
        "나는 가족과 여행을 많이 간다.",
        "나는 야근을 하는 게 지루하다.",
        "나는 전자기기를 잘 활용한다."
      ],
      "speakerType": "speaker2"
    }
  },
  "topicInfo": {
    "topicID": "03-05",
    "topicType": "교통",
    "topicTitle": "운전면허"
  },
  "sessionInfo": [
    {
      "prevSessionID": null,
      "prevTimeInfo": {
        "timeNum": null,
        "timeUnit": null
      },
      "nthSession": "1",
      "numberOfUtterances": "14",
      "numberOfTurns": "7",
      "sessionID": "2-00427-1",
      "dialog": [
        {
          "speaker": "speaker1",
          "personaID": "01825",
          "participantID": "0081",
          "utterance": "반갑습니다 저는 20대 여자입니다.",
          "summary": "나는 20대 여자이다.",
          "date": "2022-08-20",
          "time": "22:31:35",
          "terminate": "false"
        },
        {
          "speaker": "speaker2",
          "personaID": "02604",
          "participantID": "0088",
          "utterance": "반가워요 저는 30대 여자에요~",
          "summary": "나는 30대 여자이다.",
          "date": "2022-08-20",
          "time": "22:34:25",
          "terminate": "false"
        },
        {
          "speaker": "speaker1",
          "personaID": "01825",
          "participantID": "0081",
          "utterance": "네 처음뵙겠습니다 어디 사시나요?",
          "summary": "",
          "date": "2022-08-20",
          "time": "22:34:38",
          "terminate": "false"
        },
        {
          "speaker": "speaker2",
          "personaID": "02604",
          "participantID": "0088",
          "utterance": "저는 서울에 살아요~님은 어디 사세요?",
          "summary": "나의 거주지는 서울이다.",
          "date": "2022-08-20",
          "time": "22:34:45",
          "terminate": "false"
        },
        {
          "speaker": "speaker1",
          "personaID": "01825",
          "participantID": "0081",
          "utterance": "저도 그래요 ㅎㅎ 어떤 일 하시나요?",
          "summary": "나의 거주지는 서울이다.",
          "date": "2022-08-20",
          "time": "22:34:52",
          "terminate": "false"
        },
        {
          "speaker": "speaker2",
          "personaID": "02604",
          "participantID": "0088",
          "utterance": "오 그렇군요~ 저는 회사원이에요ㅎㅎ 님은요?",
          "summary": "나는 회사원이다.",
          "date": "2022-08-20",
          "time": "22:35:04",
          "terminate": "false"
        },
        {
          "speaker": "speaker1",
          "personaID": "01825",
          "participantID": "0081",
          "utterance": "저는 아직 학생이에요 회사원 멋지네요.",
          "summary": "나는 학생이다.",
          "date": "2022-08-20",
          "time": "22:35:11",
          "terminate": "false"
        },
        {
          "speaker": "speaker2",
          "personaID": "02604",
          "participantID": "0088",
          "utterance": "아 그러시군요.. 하나도 안멋져요ㅠ 야근하는거 지루하기만 해요.",
          "summary": "나는 야근을 하는 게 지루하다.",
          "date": "2022-08-20",
          "time": "22:35:28",
          "terminate": "false"
        },
        {
          "speaker": "speaker1",
          "personaID": "01825",
          "participantID": "0081",
          "utterance": "그러시구나 ㅠㅠ.. 저도 과제 하다 밤새면 너무 힘들어요.",
          "summary": "",
          "date": "2022-08-20",
          "time": "22:35:39",
          "terminate": "false"
        },
        {
          "speaker": "speaker2",
          "personaID": "02604",
          "participantID": "0088",
          "utterance": "언제쯤 티비속 사람들처럼 편히 쉬어보나 싶네요 인생이.",
          "summary": "",
          "date": "2022-08-20",
          "time": "22:35:57",
          "terminate": "false"
        },
        {
          "speaker": "speaker1",
          "personaID": "01825",
          "participantID": "0081",
          "utterance": "맞아요 드라이브도 하고 싶고 ㅎㅎ... 면허도 따야해요.",
          "summary": "나는 드라이브를 하고 싶다 나는 면허가 없다.",
          "date": "2022-08-20",
          "time": "22:36:06",
          "terminate": "false"
        },
        {
          "speaker": "speaker2",
          "personaID": "02604",
          "participantID": "0088",
          "utterance": "아 면허 아직 없군요ㅎㅎ 저도 면허 딴다딴다 하고 결국 못땄어요.",
          "summary": "",
          "date": "2022-08-20",
          "time": "22:36:24",
          "terminate": "false"
        },
        {
          "speaker": "speaker1",
          "personaID": "01825",
          "participantID": "0081",
          "utterance": "서울에 살면 많이 그런거같아요 ㅎㅎ 또 연락해요.",
          "summary": "",
          "date": "2022-08-20",
          "time": "22:36:33",
          "terminate": "false"
        },
        {
          "speaker": "speaker2",
          "personaID": "02604",
          "participantID": "0088",
          "utterance": "지하철이 워낙 잘 되어있으니까요ㅎ 그래요 다음에 봐요.",
          "summary": "",
          "date": "2022-08-20",
          "time": "22:36:47",
          "terminate": "true"
        }
      ],
      "sessionPersonaSummary": {
        "speaker1": [
          "나는 20대 여자이다.",
          "나의 거주지는 서울이다.",
          "나는 학생이다.",
          "나는 드라이브를 하고 싶다 나는 면허가 없다."
        ],
        "speaker2": [
          "나는 30대 여자이다.",
          "나의 거주지는 서울이다.",
          "나는 회사원이다.",
          "나는 야근을 하는 게 지루하다."
        ]
      },
      "prevAggregatedpersonaSummary": {
        "speaker1": [],
        "speaker2": []
      }
    },
    {
      "prevSessionID": "2-00427-1",
      "prevTimeInfo": {
        "timeNum": "7",
        "timeUnit": "일"
      },
      "nthSession": "2",
      "numberOfUtterances": "14",
      "numberOfTurns": "7",
      "sessionID": "2-00427-2",
      "dialog": [
        {
          "speaker": "speaker1",
          "personaID": "01825",
          "participantID": "0081",
          "utterance": "일주일만이네요 저번주 잘 지내셨나요?",
          "summary": "",
          "date": "2022-08-20",
          "time": "22:36:51",
          "terminate": "false"
        },
        {
          "speaker": "speaker2",
          "personaID": "02604",
          "participantID": "0088",
          "utterance": "오랜만이네~ 그래요 님도 잘 지냈죠?",
          "summary": "",
          "date": "2022-08-20",
          "time": "22:36:59",
          "terminate": "false"
        },
        {
          "speaker": "speaker1",
          "personaID": "01825",
          "participantID": "0081",
          "utterance": "저는 친구 따라 억지로 요가 나왔어요...",
          "summary": "",
          "date": "2022-08-20",
          "time": "22:37:11",
          "terminate": "false"
        },
        {
          "speaker": "speaker2",
          "personaID": "02604",
          "participantID": "0088",
          "utterance": "그렇군요 저도 군살이 좀 많아서 요가를 자주 하는데.",
          "summary": "나는 요가를 자주 한다.",
          "date": "2022-08-20",
          "time": "22:37:19",
          "terminate": "false"
        },
        {
          "speaker": "speaker1",
          "personaID": "01825",
          "participantID": "0081",
          "utterance": "요가 부끄럽네요 옷도 그렇고... 싫어요.",
          "summary": "나는 요가를 싫어한다 나는 요즘 가끔 부끄러운 감정이 든다.",
          "date": "2022-08-20",
          "time": "22:37:21",
          "terminate": "false"
        },
        {
          "speaker": "speaker2",
          "personaID": "02604",
          "participantID": "0088",
          "utterance": "아 그래요..?ㅎㅎ 하다보면 익숙해져요.",
          "summary": "",
          "date": "2022-08-20",
          "time": "22:37:35",
          "terminate": "false"
        },
        {
          "speaker": "speaker1",
          "personaID": "01825",
          "participantID": "0081",
          "utterance": "그런가요 ㅎㅎ... 아직인가봐요 저는.",
          "summary": "",
          "date": "2022-08-20",
          "time": "22:37:44",
          "terminate": "false"
        },
        {
          "speaker": "speaker2",
          "personaID": "02604",
          "participantID": "0088",
          "utterance": "전 가족과 여행을 좀 다녀왔어요 자주 가거든요.",
          "summary": "나는 가족과 여행을 많이 간다.",
          "date": "2022-08-20",
          "time": "22:37:56",
          "terminate": "false"
        },
        {
          "speaker": "speaker1",
          "personaID": "01825",
          "participantID": "0081",
          "utterance": "그러면 가족분들이 운전하나보네요.",
          "summary": "",
          "date": "2022-08-20",
          "time": "22:38:10",
          "terminate": "false"
        },
        {
          "speaker": "speaker2",
          "personaID": "02604",
          "participantID": "0088",
          "utterance": "네 보통은 오빠가 운전해요 저는 면허가 없으니까요.",
          "summary": "나의 오빠는 운전면허증을 소지하고 있다.",
          "date": "2022-08-20",
          "time": "22:38:21",
          "terminate": "false"
        },
        {
          "speaker": "speaker1",
          "personaID": "01825",
          "participantID": "0081",
          "utterance": "저희 빨리 따서 가족 여행때 운전해요~",
          "summary": "",
          "date": "2022-08-20",
          "time": "22:44:46",
          "terminate": "false"
        },
        {
          "speaker": "speaker2",
          "personaID": "02604",
          "participantID": "0088",
          "utterance": "그래야하는데~ 일을 하니까 시간이 없네요 전자기기는 잘 다루니까 차도 잘 다루겠죠?",
          "summary": "나는 전자기기를 잘 활용한다.",
          "date": "2022-08-20",
          "time": "22:44:46",
          "terminate": "false"
        },
        {
          "speaker": "speaker1",
          "personaID": "01825",
          "participantID": "0081",
          "utterance": "그러게요? 저는 요가 하러갈게요 또 연락해요.",
          "summary": "",
          "date": "2022-08-20",
          "time": "22:44:46",
          "terminate": "false"
        },
        {
          "speaker": "speaker2",
          "personaID": "02604",
          "participantID": "0088",
          "utterance": "그래요 요가 열심히 해요~",
          "summary": "",
          "date": "2022-08-20",
          "time": "22:44:46",
          "terminate": "true"
        }
      ],
      "sessionPersonaSummary": {
        "speaker1": [
          "나는 요가를 싫어한다 나는 요즘 가끔 부끄러운 감정이 든다."
        ],
        "speaker2": [
          "나는 요가를 자주 한다.",
          "나는 가족과 여행을 많이 간다.",
          "나의 오빠는 운전면허증을 소지하고 있다.",
          "나는 전자기기를 잘 활용한다."
        ]
      },
      "prevAggregatedpersonaSummary": {
        "speaker1": [
          "나는 20대 여자이다.",
          "나의 거주지는 서울이다.",
          "나는 학생이다.",
          "나는 드라이브를 하고 싶다 나는 면허가 없다."
        ],
        "speaker2": [
          "나는 30대 여자이다.",
          "나의 거주지는 서울이다.",
          "나는 회사원이다.",
          "나는 야근을 하는 게 지루하다."
        ]
      }
    }
  ]
}