{
  "FileInfo": {
    "filename": "K2-00411-CL33559-CP33046-07-05-S2.json",
    "sessionLevel": "2"
  },
  "participantsInfo": {
    "numberOfParticipants": "2",
    "speaker1": {
      "participantID": "0612",
      "gender": "여성",
      "age": "30대",
      "occupation": "사무직",
      "bPlace": "부산/대구/울산/경상",
      "gPlace": "부산/대구/울산/경상",
      "rPlace": "부산/대구/울산/경상",
      "educationLevel": "대졸"
    },
    "speaker2": {
      "participantID": "0579",
      "gender": "남성",
      "age": "30대",
      "occupation": "사무직",
      "bPlace": "서울/경기/인천",
      "gPlace": "서울/경기/인천",
      "rPlace": "서울/경기/인천",
      "educationLevel": "대졸"
    }
  },
  "multisessionInfo": {
    "multisessionID": "2-00411"
  },
  "personaInfo": {
    "clInfo": {
      "personaID": "33559",
      "personaFeatures": [
        "나는 여자이다.",
        "나는 30대이다.",
        "나는 팝 음악을 가끔 듣는다.",
        "나는 주말에 근교 카페에 간다.",
        "나는 가끔 화가 난다.",
        "나는 와인을 일주일에 서너 번 마신다."
      ],
      "speakerType": "speaker1"
    },
    "cpInfo": {
      "personaID": "33046",
      "personaFeatures": [
        "나는 남자이다.",
        "나는 30대이다.",
        "나는 기계공학과를 전공했다.",
        "나는 물리치료사이다.",
        "나는 소설을 싫어한다.",
        "나는 요리를 자주 한다."
      ],
      "speakerType": "speaker2"
    }
  },
  "topicInfo": {
    "topicID": "07-05",
    "topicType": "개인 및 관계>가족",
    "topicTitle": "친척"
  },
  "sessionInfo": [
    {
      "prevSessionID": null,
      "prevTimeInfo": {
        "timeNum": null,
        "timeUnit": null
      },
      "nthSession": "1",
      "numberOfUtterances": "18",
      "numberOfTurns": "9",
      "sessionID": "2-00411-1",
      "dialog": [
        {
          "speaker": "speaker1",
          "personaID": "33559",
          "participantID": "0612",
          "utterance": "안녕하세용~ 30대 여자에용.",
          "summary": "나는 30대 여자다.",
          "date": "2022-10-04",
          "time": "17:05:10",
          "terminate": "false"
        },
        {
          "speaker": "speaker2",
          "personaID": "33046",
          "participantID": "0579",
          "utterance": "전 남자고 30대입니다. 반가워요. 뭐하고 계셨나요?",
          "summary": "나는 30대 남자다.",
          "date": "2022-10-04",
          "time": "17:05:17",
          "terminate": "false"
        },
        {
          "speaker": "speaker1",
          "personaID": "33559",
          "participantID": "0612",
          "utterance": "주말이라 근교 카페에 와서 가끔 듣는 팝음악을 듣고 있어요ㅎ 그쪽은요?",
          "summary": "나는 주말에 근교 카페에 간다. 나는 팝 음악을 가끔 듣는다.",
          "date": "2022-10-04",
          "time": "17:06:05",
          "terminate": "false"
        },
        {
          "speaker": "speaker2",
          "personaID": "33046",
          "participantID": "0579",
          "utterance": "저는 점심에 먹을 음식을 준비 중이예요. 요리를 좋아해서 자주 해먹어요ㅎ.",
          "summary": "나는 요리를 자주 한다.",
          "date": "2022-10-04",
          "time": "17:07:07",
          "terminate": "false"
        },
        {
          "speaker": "speaker1",
          "personaID": "33559",
          "participantID": "0612",
          "utterance": "어머 정말요? 어떤 요리 하시려구요? 와인에 어울리는 요리도 할 줄 아시려나?",
          "summary": "",
          "date": "2022-10-04",
          "time": "17:07:36",
          "terminate": "false"
        },
        {
          "speaker": "speaker2",
          "personaID": "33046",
          "participantID": "0579",
          "utterance": "와인이면 치즈나 카나페가 잘 어울려요. 와인 좋아하세요?",
          "summary": "",
          "date": "2022-10-04",
          "time": "17:08:02",
          "terminate": "false"
        },
        {
          "speaker": "speaker1",
          "personaID": "33559",
          "participantID": "0612",
          "utterance": "그럼요! 와인을 일주일에 서너 번 이나 마시는걸요ㅎ 직업이 혹시 요리사?",
          "summary": "나는 와인을 일주일에 서너 번 마신다.",
          "date": "2022-10-04",
          "time": "17:08:44",
          "terminate": "false"
        },
        {
          "speaker": "speaker2",
          "personaID": "33046",
          "participantID": "0579",
          "utterance": "그랬으면 좋겠네요. 저는 물리치료사예요ㅋ 전공은 기계공학과였구요. 부모님이 시키는대로 하다보니 좋아하는 일을 포기했어요ㅎ.",
          "summary": "나는 물리치료사이다. 나는 기계공학과를 전공했다.",
          "date": "2022-10-04",
          "time": "17:09:36",
          "terminate": "false"
        },
        {
          "speaker": "speaker1",
          "personaID": "33559",
          "participantID": "0612",
          "utterance": "하.. 정말 그럴때 가끔 화나요 뭔가 그럴때면 저도 비슷한 경험을 해서..",
          "summary": "나는 가끔 화가 난다.",
          "date": "2022-10-04",
          "time": "17:10:09",
          "terminate": "false"
        },
        {
          "speaker": "speaker2",
          "personaID": "33046",
          "participantID": "0579",
          "utterance": "효도한다는 생각으로 버텼는데 조금 후회되네요.",
          "summary": "나는 후회된다.",
          "date": "2022-10-04",
          "time": "17:10:48",
          "terminate": "false"
        },
        {
          "speaker": "speaker1",
          "personaID": "33559",
          "participantID": "0612",
          "utterance": "아우 화나! 이럴 땐 소설책을 읽으면 마음이 차분해지고 가라앉아서 소설책을 즐겨 읽는 것 같아요.",
          "summary": "나는 소설책을 즐겨 읽는다.",
          "date": "2022-10-04",
          "time": "17:11:29",
          "terminate": "false"
        },
        {
          "speaker": "speaker2",
          "personaID": "33046",
          "participantID": "0579",
          "utterance": "저는 제 인생이 소설같아서 소설책은 싫더라구요ㅎ 카페는 혼자 가신거예요?",
          "summary": "나는 소설을 싫어한다.",
          "date": "2022-10-04",
          "time": "17:12:25",
          "terminate": "false"
        },
        {
          "speaker": "speaker1",
          "personaID": "33559",
          "participantID": "0612",
          "utterance": "네~ 혼자 오니 좀 쓸쓸하기도 하고 외롭네요ㅎ.",
          "summary": "나는 쓸쓸하고 외롭다.",
          "date": "2022-10-04",
          "time": "17:12:49",
          "terminate": "false"
        },
        {
          "speaker": "speaker2",
          "personaID": "33046",
          "participantID": "0579",
          "utterance": "남자친구분은 없으신가요?",
          "summary": "",
          "date": "2022-10-04",
          "time": "17:13:24",
          "terminate": "false"
        },
        {
          "speaker": "speaker1",
          "personaID": "33559",
          "participantID": "0612",
          "utterance": "고백은 많이 받았었는데, 사귄 적은 없었네요;; 그쪽은요?",
          "summary": "나는 소싯적 고백을 많이 받았다.",
          "date": "2022-10-04",
          "time": "17:13:53",
          "terminate": "false"
        },
        {
          "speaker": "speaker2",
          "personaID": "33046",
          "participantID": "0579",
          "utterance": "인기쟁이시구나?! 저는 없어요. 그냥 없어요. 계속 없었어요...",
          "summary": "나는 연애를 안 해봤다.",
          "date": "2022-10-04",
          "time": "17:14:22",
          "terminate": "false"
        },
        {
          "speaker": "speaker1",
          "personaID": "33559",
          "participantID": "0612",
          "utterance": "아.. 모.. 모태솔로 중에 찐 모태 솔로 인가요.. 이유가 있던데;;",
          "summary": "",
          "date": "2022-10-04",
          "time": "17:14:43",
          "terminate": "false"
        },
        {
          "speaker": "speaker2",
          "personaID": "33046",
          "participantID": "0579",
          "utterance": "부모님께서 원하시는대로 살다보니 연애를 못했어요ㅎ 저 점심 만들어 먹고 올께요!",
          "summary": "",
          "date": "2022-10-04",
          "time": "17:14:56",
          "terminate": "true"
        }
      ],
      "sessionPersonaSummary": {
        "speaker1": [
          "나는 30대 여자다.",
          "나는 주말에 근교 카페에 간다. 나는 팝 음악을 가끔 듣는다.",
          "나는 와인을 일주일에 서너 번 마신다.",
          "나는 가끔 화가 난다.",
          "나는 소설책을 즐겨 읽는다.",
          "나는 쓸쓸하고 외롭다.",
          "나는 소싯적 고백을 많이 받았다."
        ],
        "speaker2": [
          "나는 30대 남자다.",
          "나는 요리를 자주 한다.",
          "나는 물리치료사이다. 나는 기계공학과를 전공했다.",
          "나는 후회된다.",
          "나는 소설을 싫어한다.",
          "나는 연애를 안 해봤다."
        ]
      },
      "prevAggregatedpersonaSummary": {
        "speaker1": [],
        "speaker2": []
      }
    },
    {
      "prevSessionID": "2-00411-1",
      "prevTimeInfo": {
        "timeNum": "5",
        "timeUnit": "시간"
      },
      "nthSession": "2",
      "numberOfUtterances": "18",
      "numberOfTurns": "9",
      "sessionID": "2-00411-2",
      "dialog": [
        {
          "speaker": "speaker1",
          "personaID": "33559",
          "participantID": "0612",
          "utterance": "제가 너무 오래 걸렸죠;; 5시간만이네요. 집에 친척들 왔다고 해서 하아..",
          "summary": "",
          "date": "2022-10-04",
          "time": "17:15:25",
          "terminate": "false"
        },
        {
          "speaker": "speaker2",
          "personaID": "33046",
          "participantID": "0579",
          "utterance": "무슨일 생기신지 알았어요; 친척분들은 잘 가셨나요?",
          "summary": "",
          "date": "2022-10-04",
          "time": "17:15:46",
          "terminate": "false"
        },
        {
          "speaker": "speaker1",
          "personaID": "33559",
          "participantID": "0612",
          "utterance": "네.. 아오 잔소리 잔소리 정말 싫어요! 말씀 드리기는 죄송하지만 저희 친척분들도 저한테 그쪽 부모님 처럼 원하는걸 요구하거든요..",
          "summary": "나는 친척들의 잔소리가 너무 싫다.",
          "date": "2022-10-04",
          "time": "17:16:25",
          "terminate": "false"
        },
        {
          "speaker": "speaker2",
          "personaID": "33046",
          "participantID": "0579",
          "utterance": "아. 그렇죠. 그런 친척분들 꼭 계시죠. 저도 너무 싫었어요! 어떤걸 요구하세요?",
          "summary": "나는 친척들의 잔소리가 너무 싫다.",
          "date": "2022-10-04",
          "time": "17:17:19",
          "terminate": "false"
        },
        {
          "speaker": "speaker1",
          "personaID": "33559",
          "participantID": "0612",
          "utterance": "빨리 결혼하라고..결혼은 언제 할꺼냐.. 만나는 남자는 있냐 미치겠어요 정말!",
          "summary": "",
          "date": "2022-10-04",
          "time": "17:17:51",
          "terminate": "false"
        },
        {
          "speaker": "speaker2",
          "personaID": "33046",
          "participantID": "0579",
          "utterance": "래퍼토리가 똑같네요ㅎㅎ 그럴때 슬프죠.. 친척분들은 잔소리 교과서가 따로 있나봐요.",
          "summary": "나는 잔소리를 들으면 슬프다.",
          "date": "2022-10-04",
          "time": "17:18:15",
          "terminate": "false"
        },
        {
          "speaker": "speaker1",
          "personaID": "33559",
          "participantID": "0612",
          "utterance": "우리가 벌써 결혼할 나이라고 하잖아요.ㅎ 저는 혼자가 편한데..",
          "summary": "나는 결혼할 나이다. 나는 혼자가 편하다.",
          "date": "2022-10-04",
          "time": "17:18:42",
          "terminate": "false"
        },
        {
          "speaker": "speaker2",
          "personaID": "33046",
          "participantID": "0579",
          "utterance": "저는 연애하고 싶은데 해본 적이 없다보니 어떻게 해야할지를 모르겠어요.",
          "summary": "나는 연애방법을 모른다.",
          "date": "2022-10-04",
          "time": "17:19:09",
          "terminate": "false"
        },
        {
          "speaker": "speaker1",
          "personaID": "33559",
          "participantID": "0612",
          "utterance": "주변 친척들은 벌써 결혼해서 더 그런 것 같아요.ㅎ.",
          "summary": "나의 주변 친척들은 결혼을 했다.",
          "date": "2022-10-04",
          "time": "17:20:12",
          "terminate": "false"
        },
        {
          "speaker": "speaker2",
          "personaID": "33046",
          "participantID": "0579",
          "utterance": "친척분들이 많으신가봐요? 저희는 그래도 소가족이거든요;",
          "summary": "나는 소가족이다.",
          "date": "2022-10-04",
          "time": "17:21:09",
          "terminate": "false"
        },
        {
          "speaker": "speaker1",
          "personaID": "33559",
          "participantID": "0612",
          "utterance": "아주 그냥 맨날와요 맨날! 근처에 살아서..",
          "summary": "나의 친척들은 근처에 거주한다.",
          "date": "2022-10-04",
          "time": "17:21:39",
          "terminate": "false"
        },
        {
          "speaker": "speaker2",
          "personaID": "33046",
          "participantID": "0579",
          "utterance": "이사를 가심이...ㅎㅎ 저희는 명절 때만 만나서 그래도 편안한 날이 많아요.",
          "summary": "나는 명절에만 친척을 만난다.",
          "date": "2022-10-04",
          "time": "17:22:05",
          "terminate": "false"
        },
        {
          "speaker": "speaker1",
          "personaID": "33559",
          "participantID": "0612",
          "utterance": "와 부럽네요! 명절 때만 만나는게 당연한건데 이런게 부럽다니..",
          "summary": "나는 명절에만 친척을 만나는 사람들이 부럽다.",
          "date": "2022-10-04",
          "time": "17:22:30",
          "terminate": "false"
        },
        {
          "speaker": "speaker2",
          "personaID": "33046",
          "participantID": "0579",
          "utterance": "그래서 카페에 피신 가신 거예요?ㅎㅎ.",
          "summary": "",
          "date": "2022-10-04",
          "time": "17:22:44",
          "terminate": "false"
        },
        {
          "speaker": "speaker1",
          "personaID": "33559",
          "participantID": "0612",
          "utterance": "네ㅠ 근데 언제오냐고 하도 연락와서 실수로 전화 받아버려서 끌려서 왔던거에요.. 아휴.",
          "summary": "",
          "date": "2022-10-04",
          "time": "17:23:08",
          "terminate": "false"
        },
        {
          "speaker": "speaker2",
          "personaID": "33046",
          "participantID": "0579",
          "utterance": "아이쿠. 그런 날에는 저희 병원으로 피신오세요~ 물리치료 해드릴께요ㅋㅋ.",
          "summary": "",
          "date": "2022-10-04",
          "time": "17:23:53",
          "terminate": "false"
        },
        {
          "speaker": "speaker1",
          "personaID": "33559",
          "participantID": "0612",
          "utterance": "어!? 어!? 그런 좋은 방법이 있었네요? 하하 제 은인이 되실 수도 있겠는데요? ㅎ.",
          "summary": "",
          "date": "2022-10-04",
          "time": "17:24:20",
          "terminate": "false"
        },
        {
          "speaker": "speaker2",
          "personaID": "33046",
          "participantID": "0579",
          "utterance": "ㅎ제가 오지라퍼라ㅎ 병원 약도 보내드릴께요! 가까운지 한번 확인해보세요!",
          "summary": "나는 오지랖이 넓다.",
          "date": "2022-10-04",
          "time": "17:24:42",
          "terminate": "true"
        }
      ],
      "sessionPersonaSummary": {
        "speaker1": [
          "나는 친척들의 잔소리가 너무 싫다.",
          "나는 결혼할 나이다. 나는 혼자가 편하다.",
          "나의 주변 친척들은 결혼을 했다.",
          "나의 친척들은 근처에 거주한다.",
          "나는 명절에만 친척을 만나는 사람들이 부럽다."
        ],
        "speaker2": [
          "나는 친척들의 잔소리가 너무 싫다.",
          "나는 잔소리를 들으면 슬프다.",
          "나는 연애방법을 모른다.",
          "나는 소가족이다.",
          "나는 명절에만 친척을 만난다.",
          "나는 오지랖이 넓다."
        ]
      },
      "prevAggregatedpersonaSummary": {
        "speaker1": [
          "나는 30대 여자다.",
          "나는 주말에 근교 카페에 간다. 나는 팝 음악을 가끔 듣는다.",
          "나는 와인을 일주일에 서너 번 마신다.",
          "나는 가끔 화가 난다.",
          "나는 소설책을 즐겨 읽는다.",
          "나는 쓸쓸하고 외롭다.",
          "나는 소싯적 고백을 많이 받았다."
        ],
        "speaker2": [
          "나는 30대 남자다.",
          "나는 요리를 자주 한다.",
          "나는 물리치료사이다. 나는 기계공학과를 전공했다.",
          "나는 후회된다.",
          "나는 소설을 싫어한다.",
          "나는 연애를 안 해봤다."
        ]
      }
    }
  ]
}