{
  "FileInfo": {
    "filename": "K2-00215-CL31872-CP10714-09-01-S2.json",
    "sessionLevel": "2"
  },
  "participantsInfo": {
    "numberOfParticipants": "2",
    "speaker1": {
      "participantID": "0112",
      "gender": "여성",
      "age": "30대",
      "occupation": "서비스직",
      "bPlace": "부산/대구/울산/경상",
      "gPlace": "부산/대구/울산/경상",
      "rPlace": "부산/대구/울산/경상",
      "educationLevel": "고졸"
    },
    "speaker2": {
      "participantID": "0096",
      "gender": "남성",
      "age": "20대",
      "occupation": "판매직",
      "bPlace": "부산/대구/울산/경상",
      "gPlace": "부산/대구/울산/경상",
      "rPlace": "부산/대구/울산/경상",
      "educationLevel": "고졸"
    }
  },
  "multisessionInfo": {
    "multisessionID": "2-00215"
  },
  "personaInfo": {
    "clInfo": {
      "personaID": "31872",
      "personaFeatures": [
        "나는 여자이다.",
        "나는 30대이다.",
        "나는 도배공이다",
        "나는 한 달에 한 번은 꼭 국내 여행을 간다",
        "나는 위인 전기를 꾸준히 읽는다"
      ],
      "speakerType": "speaker1"
    },
    "cpInfo": {
      "personaID": "10714",
      "personaFeatures": [
        "나는 남자이다.",
        "나는 10대이다.",
        "나는 아버지와 진학 문제로 갈등이 있다",
        "나는 매일 짜증이 난다",
        "나는 댄스 음악을 싫어한다"
      ],
      "speakerType": "speaker2"
    }
  },
  "topicInfo": {
    "topicID": "09-01",
    "topicType": "개인 및 관계>반려동물",
    "topicTitle": "강아지"
  },
  "sessionInfo": [
    {
      "prevSessionID": null,
      "prevTimeInfo": {
        "timeNum": null,
        "timeUnit": null
      },
      "nthSession": "1",
      "numberOfUtterances": "15",
      "numberOfTurns": "7",
      "sessionID": "2-00215-1",
      "dialog": [
        {
          "speaker": "speaker1",
          "personaID": "31872",
          "participantID": "0112",
          "utterance": "안녕하세요! 저는 30대 여자에요. ㅎㅎ 소개 부탁드려요.",
          "summary": "나는 30대 여자이다",
          "date": "2022-10-26",
          "time": "16:55:39",
          "terminate": "false"
        },
        {
          "speaker": "speaker2",
          "personaID": "10714",
          "participantID": "0096",
          "utterance": "안녕하세요 저는 10대 남자입니다 반가워요",
          "summary": "나는 10대 남자이다.",
          "date": "2022-10-26",
          "time": "16:55:48",
          "terminate": "false"
        },
        {
          "speaker": "speaker1",
          "personaID": "31872",
          "participantID": "0112",
          "utterance": "저도 너무 반가워요.^^ 저는 도배공을 하고 있어요. ㅎㅎ 학생이에요?",
          "summary": "나는 도배공으로 일하고 있다",
          "date": "2022-10-26",
          "time": "16:56:04",
          "terminate": "false"
        },
        {
          "speaker": "speaker2",
          "personaID": "10714",
          "participantID": "0096",
          "utterance": "네 저는 학생이에요 요즘 아버지와 진학문제로 갈등이 있네요..",
          "summary": "나는 학생이다. 나는 요즘 아버지와 갈등이 있다.",
          "date": "2022-10-26",
          "time": "16:56:52",
          "terminate": "false"
        },
        {
          "speaker": "speaker1",
          "personaID": "31872",
          "participantID": "0112",
          "utterance": "가족과 갈등 생기면 머리 아프던데 속상하겠어요. ㅜㅜ 진학 문제면 꿈이 뭐에요?",
          "summary": "",
          "date": "2022-10-26",
          "time": "16:57:30",
          "terminate": "false"
        },
        {
          "speaker": "speaker2",
          "personaID": "10714",
          "participantID": "0096",
          "utterance": "저는 체육 쪽으로 하고 싶은데 아버지는 댄스음악 쪽으로 하라고 하셔서 저는 그래서 댄스음악을 싫어해요 매일 짜증이 나네요..",
          "summary": "나는 댄스 음악을 싫어한다. 나는 매일 짜증이 난다.",
          "date": "2022-10-26",
          "time": "16:58:17",
          "terminate": "false"
        },
        {
          "speaker": "speaker1",
          "personaID": "31872",
          "participantID": "0112",
          "utterance": "마찰이 많이 심하겠어요! 그래도 이야기 해서 잘 풀어보세요.^^ 저도 그렇게 스트레스 해소를 위해서 한달에 한번은 꼭 국내 여행을 하고 있어요! 가족 여행 가셔서 대화 해보는것도 좋을것 같아요.",
          "summary": "나는 스트레스 해소를 위해 한 달에 한번 꼭 국내여행을 한다",
          "date": "2022-10-26",
          "time": "16:59:09",
          "terminate": "false"
        },
        {
          "speaker": "speaker2",
          "personaID": "10714",
          "participantID": "0096",
          "utterance": "여행 부럽네요 최근에 어디 다녀오셨나요? 저는 여행을 자주가본적이없어서",
          "summary": "나는 여행을 자주 가본 적이 없다.",
          "date": "2022-10-26",
          "time": "17:00:06",
          "terminate": "false"
        },
        {
          "speaker": "speaker1",
          "personaID": "31872",
          "participantID": "0112",
          "utterance": "최근에 제주도 여행 다녀왔어요! 역시 여행 가면 리프레쉬 되서 너무 좋은것 같아요! 위인 전기도 꾸준히 읽는데 여행지 가서 읽으면 더 분위기 나더라구요. ㅎㅎ",
          "summary": "나는 최근에 제주도 여행을 다녀왔다 나는 위인전기를 꾸준히 읽는다",
          "date": "2022-10-26",
          "time": "17:00:48",
          "terminate": "false"
        },
        {
          "speaker": "speaker2",
          "personaID": "10714",
          "participantID": "0096",
          "utterance": "제주도 좋네요 위인 전기라.. 저는 책을 별로 좋아하지 않아서 ㅎㅎ 위인 전기 읽으면 먼가 깨달음 같은 게 생기고 그러나요?",
          "summary": "나는 책을 안 좋아한다.",
          "date": "2022-10-26",
          "time": "17:01:33",
          "terminate": "false"
        },
        {
          "speaker": "speaker1",
          "personaID": "31872",
          "participantID": "0112",
          "utterance": "역사를 좋아해서 그런지 그 인물에 대해서 더 잘알수 있어서 재밌더라구요. ㅎㅎ 역사 안좋아해요? ㅎㅎ",
          "summary": "나는 역사를 좋아한다",
          "date": "2022-10-26",
          "time": "17:02:00",
          "terminate": "false"
        },
        {
          "speaker": "speaker2",
          "personaID": "10714",
          "participantID": "0096",
          "utterance": "네 역사는 별로 관심이없네요 ㅜㅜ 좋아하시는 음악같은거 있으신가요?",
          "summary": "나는 역사에 관심이 없다.",
          "date": "2022-10-26",
          "time": "17:02:43",
          "terminate": "false"
        },
        {
          "speaker": "speaker1",
          "personaID": "31872",
          "participantID": "0112",
          "utterance": "저는 좋아하는 음악 장르는 없어요. ㅋㅋ 그냥 TOP100 플레이리스트에 추가 해서 들어요. ㅋㅋ",
          "summary": "나는 좋아하는 음악 장르가 없다",
          "date": "2022-10-26",
          "time": "17:04:25",
          "terminate": "false"
        },
        {
          "speaker": "speaker2",
          "personaID": "10714",
          "participantID": "0096",
          "utterance": "그렇구나 다음에 제가 음악 추천하나 해드려 볼게요 ㅎㅎ 저 잠시 전화가 와서 받고 올게요!",
          "summary": "",
          "date": "2022-10-26",
          "time": "17:04:55",
          "terminate": "false"
        },
        {
          "speaker": "speaker1",
          "personaID": "31872",
          "participantID": "0112",
          "utterance": "아! 그래요. ㅎㅎ 다음에 꼭 음악 추천 해주세요.^^",
          "summary": "",
          "date": "2022-10-26",
          "time": "17:05:06",
          "terminate": "true"
        }
      ],
      "sessionPersonaSummary": {
        "speaker1": [
          "나는 30대 여자이다",
          "나는 도배공으로 일하고 있다",
          "나는 스트레스 해소를 위해 한 달에 한번 꼭 국내여행을 한다",
          "나는 최근에 제주도 여행을 다녀왔다 나는 위인전기를 꾸준히 읽는다",
          "나는 역사를 좋아한다",
          "나는 좋아하는 음악 장르가 없다"
        ],
        "speaker2": [
          "나는 10대 남자이다.",
          "나는 학생이다. 나는 요즘 아버지와 갈등이 있다.",
          "나는 댄스 음악을 싫어한다. 나는 매일 짜증이 난다.",
          "나는 여행을 자주 가본 적이 없다.",
          "나는 책을 안 좋아한다.",
          "나는 역사에 관심이 없다."
        ]
      },
      "prevAggregatedpersonaSummary": {
        "speaker1": [],
        "speaker2": []
      }
    },
    {
      "prevSessionID": "2-00215-1",
      "prevTimeInfo": {
        "timeNum": "47",
        "timeUnit": "시간"
      },
      "nthSession": "2",
      "numberOfUtterances": "15",
      "numberOfTurns": "7",
      "sessionID": "2-00215-2",
      "dialog": [
        {
          "speaker": "speaker1",
          "personaID": "31872",
          "participantID": "0112",
          "utterance": "이틀만에 연락 드리네요.^^ 아버지랑 갈등은 잘 해결 됐나요?",
          "summary": "",
          "date": "2022-10-26",
          "time": "17:06:35",
          "terminate": "false"
        },
        {
          "speaker": "speaker2",
          "personaID": "10714",
          "participantID": "0096",
          "utterance": "아직 해결은 안된거같아요 ㅜㅜ 근데 아버지가 저 풀어주실려고 강아지를 키우자고 하시더라고요 ㅎㅎ",
          "summary": "나는 강아지를 키울 예정이다.",
          "date": "2022-10-26",
          "time": "17:07:36",
          "terminate": "false"
        },
        {
          "speaker": "speaker1",
          "personaID": "31872",
          "participantID": "0112",
          "utterance": "아버지가 잘 해결할려고 해서 다행이에요! 강아지 키우면 너무 좋죠. 저도 강아지 한마리 키우고 있어요! ",
          "summary": "나는 강아지 한 마리를 키우고 있다",
          "date": "2022-10-26",
          "time": "17:07:58",
          "terminate": "false"
        },
        {
          "speaker": "speaker2",
          "personaID": "10714",
          "participantID": "0096",
          "utterance": "오 그래요? 어떤종 키우고 있으신가요? 저는 작은강아지를 좋아해요",
          "summary": "나는 작은 강아지를 좋아한다.",
          "date": "2022-10-26",
          "time": "17:08:26",
          "terminate": "false"
        },
        {
          "speaker": "speaker1",
          "personaID": "31872",
          "participantID": "0112",
          "utterance": "저 말티즈 키우고 있어요. ㅎㅎ 키운지 이제 3년차 됐거든요! 작은 강아지 너무 귀엽죠! 저희집 강아지도 엄청 작아요. ㅎㅎ",
          "summary": "나는 몰티즈를 키우고 있다",
          "date": "2022-10-26",
          "time": "17:08:54",
          "terminate": "false"
        },
        {
          "speaker": "speaker2",
          "personaID": "10714",
          "participantID": "0096",
          "utterance": "그렇구나 말티즈 성격 사납지 않나요? 저는 푸들같은종 키우고싶어요 푸들은 어떤거같아요?",
          "summary": "나는 푸들을 키우고 싶다.",
          "date": "2022-10-26",
          "time": "17:09:19",
          "terminate": "false"
        },
        {
          "speaker": "speaker1",
          "personaID": "31872",
          "participantID": "0112",
          "utterance": "푸들도 너무 사랑스럽죠! 엄청 똑똑하다고 들었어요. ㅎㅎ 그래도 가족들이랑 같이 키워야 되니 가족들 의견도 한번 들어봐요.^^",
          "summary": "나는 푸들이 똑똑하여도 생각한다",
          "date": "2022-10-26",
          "time": "17:09:47",
          "terminate": "false"
        },
        {
          "speaker": "speaker2",
          "personaID": "10714",
          "participantID": "0096",
          "utterance": "네 그래야 할듯하네요 산책을 하루에 한 번 꼭 하시는 편이신가요?",
          "summary": "",
          "date": "2022-10-26",
          "time": "17:10:34",
          "terminate": "false"
        },
        {
          "speaker": "speaker1",
          "personaID": "31872",
          "participantID": "0112",
          "utterance": "저는 하루에 한번 꼭 해주고 있어요. ^^ 여행갈 때도 애견 호텔에 맡기거나 가족들한테 부탁해서라도 산책은 꼭 시켜주거든요. ^^ 산책 부담스러우면 횟수 조정해도 되요! 아니면 가족들이랑 분담하셔도 되구요.^^",
          "summary": "나는 하루에 한 번 산책을 하고 있다",
          "date": "2022-10-26",
          "time": "17:11:28",
          "terminate": "false"
        },
        {
          "speaker": "speaker2",
          "personaID": "10714",
          "participantID": "0096",
          "utterance": "그래야겠어요 간식은 어떤 식으로 주시는 편인가요? 너무 자주 주면 안 될 거 같아서",
          "summary": "",
          "date": "2022-10-26",
          "time": "17:12:34",
          "terminate": "false"
        },
        {
          "speaker": "speaker1",
          "personaID": "31872",
          "participantID": "0112",
          "utterance": "요즘에 수제 간식으로 주려고 노력하고 있어요! 하루에 2번정도 주고 있어요.^^ ㅎㅎ 작아도 워낙 잘먹거든요! 강아지는 분양 받으세요 아님 입양하세요?",
          "summary": "나는 수제간식을 주려고 노력하고 있다",
          "date": "2022-10-26",
          "time": "17:13:29",
          "terminate": "false"
        },
        {
          "speaker": "speaker2",
          "personaID": "10714",
          "participantID": "0096",
          "utterance": "아마도 분양으로 할듯하네요 아직 정확히는 정해진 게 없어요 큰 개 키워보신 적은 없으신가요?",
          "summary": "",
          "date": "2022-10-26",
          "time": "17:14:31",
          "terminate": "false"
        },
        {
          "speaker": "speaker1",
          "personaID": "31872",
          "participantID": "0112",
          "utterance": "저도 큰개는 키워본적이 없어요. ㅜㅜ 큰 개들은 산책할때도 입마개 해야되고 제가 잘 훈련이 안될것 같더라구요.;; 큰개 키우고 싶으신건 아니죠?",
          "summary": "나는 큰 개 키워 본 적 없다",
          "date": "2022-10-26",
          "time": "17:15:01",
          "terminate": "false"
        },
        {
          "speaker": "speaker2",
          "personaID": "10714",
          "participantID": "0096",
          "utterance": "아 그건 아니에요 ㅎㅎ 저도 부담스러워서 그냥 아시는가 해서 물어봤어요 일단 아버지랑 정하고 대화 좀 하고 올게요!",
          "summary": "",
          "date": "2022-10-26",
          "time": "17:15:40",
          "terminate": "false"
        },
        {
          "speaker": "speaker1",
          "personaID": "31872",
          "participantID": "0112",
          "utterance": "네! 강아지 분양 받으시고 모르는거 있으면 언제든지 연락 주세요.^^",
          "summary": "",
          "date": "2022-10-26",
          "time": "17:15:55",
          "terminate": "true"
        }
      ],
      "sessionPersonaSummary": {
        "speaker1": [
          "나는 강아지 한 마리를 키우고 있다",
          "나는 몰티즈를 키우고 있다",
          "나는 푸들이 똑똑하여도 생각한다",
          "나는 하루에 한 번 산책을 하고 있다",
          "나는 수제간식을 주려고 노력하고 있다",
          "나는 큰 개 키워 본 적 없다"
        ],
        "speaker2": [
          "나는 강아지를 키울 예정이다.",
          "나는 작은 강아지를 좋아한다.",
          "나는 푸들을 키우고 싶다."
        ]
      },
      "prevAggregatedpersonaSummary": {
        "speaker1": [
          "나는 30대 여자이다",
          "나는 도배공으로 일하고 있다",
          "나는 스트레스 해소를 위해 한 달에 한번 꼭 국내여행을 한다",
          "나는 최근에 제주도 여행을 다녀왔다 나는 위인전기를 꾸준히 읽는다",
          "나는 역사를 좋아한다",
          "나는 좋아하는 음악 장르가 없다"
        ],
        "speaker2": [
          "나는 10대 남자이다.",
          "나는 학생이다. 나는 요즘 아버지와 갈등이 있다.",
          "나는 댄스 음악을 싫어한다. 나는 매일 짜증이 난다.",
          "나는 여행을 자주 가본 적이 없다.",
          "나는 책을 안 좋아한다.",
          "나는 역사에 관심이 없다."
        ]
      }
    }
  ]
}