{
  "FileInfo": {
    "filename": "K2-00235-CL20152-CP22204-12-05-S2.json",
    "sessionLevel": "2"
  },
  "participantsInfo": {
    "numberOfParticipants": "2",
    "speaker1": {
      "participantID": "25598",
      "gender": "남성",
      "age": "20대",
      "occupation": "무직",
      "bPlace": "부산/대구/울산/경상",
      "gPlace": "부산/대구/울산/경상",
      "rPlace": "부산/대구/울산/경상",
      "educationLevel": "고졸"
    },
    "speaker2": {
      "participantID": "25046",
      "gender": "여성",
      "age": "20대",
      "occupation": "기능직",
      "bPlace": "대전/세종/충청/강원",
      "gPlace": "대전/세종/충청/강원",
      "rPlace": "대전/세종/충청/강원",
      "educationLevel": "고졸"
    }
  },
  "multisessionInfo": {
    "multisessionID": "2-00235"
  },
  "personaInfo": {
    "clInfo": {
      "personaID": "20152",
      "personaFeatures": [
        "나는 남자이다.",
        "나는 20대이다.",
        "나는 매우 상냥하다.",
        "나는 중국으로 유학을 간다.",
        "나는 비올라 연주를 자주 한다."
      ],
      "speakerType": "speaker1"
    },
    "cpInfo": {
      "personaID": "22204",
      "personaFeatures": [
        "나는 여자이다.",
        "나는 20대이다.",
        "나는 요즘, 매일 기쁘다.",
        "나는 주부이다.",
        "나는 방탈출 게임을 자주 한다."
      ],
      "speakerType": "speaker2"
    }
  },
  "topicInfo": {
    "topicID": "12-05",
    "topicType": "여가와 오락>여행",
    "topicTitle": "여행 상품"
  },
  "sessionInfo": [
    {
      "prevSessionID": null,
      "prevTimeInfo": {
        "timeNum": null,
        "timeUnit": null
      },
      "nthSession": "1",
      "numberOfUtterances": "14",
      "numberOfTurns": "7",
      "sessionID": "2-00235-1",
      "dialog": [
        {
          "speaker": "speaker1",
          "personaID": "20152",
          "participantID": "25598",
          "utterance": "안녕하십니까. 저는 20대 남자에요...! 반갑습니다!",
          "summary": "나는 20대 남자이다.",
          "date": "2022-09-12",
          "time": "00:15:55",
          "terminate": "false"
        },
        {
          "speaker": "speaker2",
          "personaID": "22204",
          "participantID": "25046",
          "utterance": "반가워요. 저도 20대 여자입니다. 안녕하세요~",
          "summary": "나는 20대 여자이다.",
          "date": "2022-09-12",
          "time": "00:16:10",
          "terminate": "false"
        },
        {
          "speaker": "speaker1",
          "personaID": "20152",
          "participantID": "25598",
          "utterance": "오 ㅎㅎ. 같은 20대군요. 어떤 일 하시는가요?",
          "summary": "",
          "date": "2022-09-12",
          "time": "00:16:18",
          "terminate": "false"
        },
        {
          "speaker": "speaker2",
          "personaID": "22204",
          "participantID": "25046",
          "utterance": "저는 주부에요!ㅋㅋ 님은 무슨일 하세요?",
          "summary": "나는 주부이다.",
          "date": "2022-09-12",
          "time": "00:16:25",
          "terminate": "false"
        },
        {
          "speaker": "speaker1",
          "personaID": "20152",
          "participantID": "25598",
          "utterance": "그러시구나. 저는 비올라 연주를 자주해요.",
          "summary": "나는 비올라 연주를 자주 한다.",
          "date": "2022-09-12",
          "time": "00:16:27",
          "terminate": "false"
        },
        {
          "speaker": "speaker2",
          "personaID": "22204",
          "participantID": "25046",
          "utterance": "우오아 쩐다. 저는 방탈출 게임 좋아하는데.ㅎㅎ.",
          "summary": "나는 방탈출 게임을 자주 한다.",
          "date": "2022-09-12",
          "time": "00:16:39",
          "terminate": "false"
        },
        {
          "speaker": "speaker1",
          "personaID": "20152",
          "participantID": "25598",
          "utterance": "ㅎㅎ. 저는 곧 이제 중국으로 유학도 가야해요 ㅠㅠ.",
          "summary": "나는 중국으로 유학을 간다.",
          "date": "2022-09-12",
          "time": "00:16:44",
          "terminate": "false"
        },
        {
          "speaker": "speaker2",
          "personaID": "22204",
          "participantID": "25046",
          "utterance": "아 그래요?ㅎㅎ 아쉽겠어요. 유학가서 뭐 배워요?",
          "summary": "",
          "date": "2022-09-12",
          "time": "00:17:07",
          "terminate": "false"
        },
        {
          "speaker": "speaker1",
          "personaID": "20152",
          "participantID": "25598",
          "utterance": "가서 비올라를 배워요. 거기 선생님이 있어요.",
          "summary": "",
          "date": "2022-09-12",
          "time": "00:17:10",
          "terminate": "false"
        },
        {
          "speaker": "speaker2",
          "personaID": "22204",
          "participantID": "25046",
          "utterance": "아 그렇구나.. 그래도 중국이라니 참 싫겠어요.",
          "summary": "",
          "date": "2022-09-12",
          "time": "00:17:33",
          "terminate": "false"
        },
        {
          "speaker": "speaker1",
          "personaID": "20152",
          "participantID": "25598",
          "utterance": "그래도 제가 상냥하니까 교수님이랑 주변 사람도 괜찮더라고요.",
          "summary": "나는 매우 상냥하다.",
          "date": "2022-09-12",
          "time": "00:17:37",
          "terminate": "false"
        },
        {
          "speaker": "speaker2",
          "personaID": "22204",
          "participantID": "25046",
          "utterance": "그래요?ㅎㅎ 중국에 괜찮은 사람이 있어요?",
          "summary": "",
          "date": "2022-09-12",
          "time": "00:17:58",
          "terminate": "false"
        },
        {
          "speaker": "speaker1",
          "personaID": "20152",
          "participantID": "25598",
          "utterance": "그럼요 ㅎㅎ... 좋은 사람이랑 같이 가니까 괜찮습니다~",
          "summary": "",
          "date": "2022-09-12",
          "time": "00:18:08",
          "terminate": "false"
        },
        {
          "speaker": "speaker2",
          "personaID": "22204",
          "participantID": "25046",
          "utterance": "다행이네요.ㅎㅎ 낯선곳 가면 힘든데. 다음에 봐용.",
          "summary": "",
          "date": "2022-09-12",
          "time": "00:18:13",
          "terminate": "true"
        }
      ],
      "sessionPersonaSummary": {
        "speaker1": [
          "나는 20대 남자이다.",
          "나는 비올라 연주를 자주 한다.",
          "나는 중국으로 유학을 간다.",
          "나는 매우 상냥하다."
        ],
        "speaker2": [
          "나는 20대 여자이다.",
          "나는 주부이다.",
          "나는 방탈출 게임을 자주 한다."
        ]
      },
      "prevAggregatedpersonaSummary": {
        "speaker1": [],
        "speaker2": []
      }
    },
    {
      "prevSessionID": "2-00235-1",
      "prevTimeInfo": {
        "timeNum": "7",
        "timeUnit": "일"
      },
      "nthSession": "2",
      "numberOfUtterances": "14",
      "numberOfTurns": "7",
      "sessionID": "2-00235-2",
      "dialog": [
        {
          "speaker": "speaker1",
          "personaID": "20152",
          "participantID": "25598",
          "utterance": "일주일만입니다! 잘 지내셨는가요?",
          "summary": "",
          "date": "2022-09-12",
          "time": "00:18:43",
          "terminate": "false"
        },
        {
          "speaker": "speaker2",
          "personaID": "22204",
          "participantID": "25046",
          "utterance": "오랜만이에용. 전 요즘 여행 갈 생각에 매일 신나요.",
          "summary": "나는 요즘 매일 기쁘다.",
          "date": "2022-09-12",
          "time": "00:18:51",
          "terminate": "false"
        },
        {
          "speaker": "speaker1",
          "personaID": "20152",
          "participantID": "25598",
          "utterance": "오~ 부럽다~ 어디로 가시는데요?",
          "summary": "",
          "date": "2022-09-12",
          "time": "00:18:55",
          "terminate": "false"
        },
        {
          "speaker": "speaker2",
          "personaID": "22204",
          "participantID": "25046",
          "utterance": "일본이요~ㅎㅎ 좋겠죠? 4박5일로 놀러가요.",
          "summary": "나는 일본 여행에 간다.",
          "date": "2022-09-12",
          "time": "00:19:07",
          "terminate": "false"
        },
        {
          "speaker": "speaker1",
          "personaID": "20152",
          "participantID": "25598",
          "utterance": "그렇구나. 일본이라니 중국도 좋은데요 ㅎㅎ.",
          "summary": "",
          "date": "2022-09-12",
          "time": "00:19:09",
          "terminate": "false"
        },
        {
          "speaker": "speaker2",
          "personaID": "22204",
          "participantID": "25046",
          "utterance": "그래요? 전 중국은 싫어서요.ㅋㅋ 1박당 100만원 주면 갈듯!",
          "summary": "나는 중국을 싫어한다.",
          "date": "2022-09-12",
          "time": "00:19:22",
          "terminate": "false"
        },
        {
          "speaker": "speaker1",
          "personaID": "20152",
          "participantID": "25598",
          "utterance": "지금 청도에 있는데 여기 되게 좋아요~",
          "summary": "나는 중국 청도에 있다.",
          "date": "2022-09-12",
          "time": "00:19:23",
          "terminate": "false"
        },
        {
          "speaker": "speaker2",
          "personaID": "22204",
          "participantID": "25046",
          "utterance": "거기가 어디에요? 중국이에요? 뭐가 좋은데요?",
          "summary": "",
          "date": "2022-09-12",
          "time": "00:19:38",
          "terminate": "false"
        },
        {
          "speaker": "speaker1",
          "personaID": "20152",
          "participantID": "25598",
          "utterance": "@브랜드명1@라고 하는 곳인데 ㅋㅋ. 맥주도 유명하잖아요!",
          "summary": "",
          "date": "2022-09-12",
          "time": "00:19:40",
          "terminate": "false"
        },
        {
          "speaker": "speaker2",
          "personaID": "22204",
          "participantID": "25046",
          "utterance": "아 그렇구나. 전 맥주를 못마셔서요.ㅋㅋ.",
          "summary": "나는 맥주를 못 마신다.",
          "date": "2022-09-12",
          "time": "00:19:50",
          "terminate": "false"
        },
        {
          "speaker": "speaker1",
          "personaID": "20152",
          "participantID": "25598",
          "utterance": "여기 상품이 맥주 여행인데 ㅎㅎ... 아쉽네요.",
          "summary": "",
          "date": "2022-09-12",
          "time": "00:20:00",
          "terminate": "false"
        },
        {
          "speaker": "speaker2",
          "personaID": "22204",
          "participantID": "25046",
          "utterance": "전 온천여행 패키지를 구매해서용.ㅎㅎ 온천 갈거에요.",
          "summary": "나는 온천에 간다.",
          "date": "2022-09-12",
          "time": "00:20:18",
          "terminate": "false"
        },
        {
          "speaker": "speaker1",
          "personaID": "20152",
          "participantID": "25598",
          "utterance": "그러면 일본 여행 잘 다녀오시고요~ 다음에 봐요.",
          "summary": "",
          "date": "2022-09-12",
          "time": "00:20:19",
          "terminate": "false"
        },
        {
          "speaker": "speaker2",
          "personaID": "22204",
          "participantID": "25046",
          "utterance": "그래요~ 그쪽도 중국에서 잘 지내요! 빠이!",
          "summary": "",
          "date": "2022-09-12",
          "time": "00:20:28",
          "terminate": "true"
        }
      ],
      "sessionPersonaSummary": {
        "speaker1": [
          "나는 중국 청도에 있다."
        ],
        "speaker2": [
          "나는 요즘 매일 기쁘다.",
          "나는 일본 여행에 간다.",
          "나는 중국을 싫어한다.",
          "나는 맥주를 못 마신다.",
          "나는 온천에 간다."
        ]
      },
      "prevAggregatedpersonaSummary": {
        "speaker1": [
          "나는 20대 남자이다.",
          "나는 비올라 연주를 자주 한다.",
          "나는 중국으로 유학을 간다.",
          "나는 매우 상냥하다."
        ],
        "speaker2": [
          "나는 20대 여자이다.",
          "나는 주부이다.",
          "나는 방탈출 게임을 자주 한다."
        ]
      }
    }
  ]
}