{
  "FileInfo": {
    "filename": "K2-00155-CL20277-CP22232-12-02-S2.json",
    "sessionLevel": "2"
  },
  "participantsInfo": {
    "numberOfParticipants": "2",
    "speaker1": {
      "participantID": "25987",
      "gender": "남성",
      "age": "20대",
      "occupation": "기능직",
      "bPlace": "광주/전라/제주",
      "gPlace": "광주/전라/제주",
      "rPlace": "광주/전라/제주",
      "educationLevel": "고졸"
    },
    "speaker2": {
      "participantID": "25792",
      "gender": "여성",
      "age": "20대",
      "occupation": "사무직",
      "bPlace": "서울/경기/인천",
      "gPlace": "서울/경기/인천",
      "rPlace": "서울/경기/인천",
      "educationLevel": "대졸"
    }
  },
  "multisessionInfo": {
    "multisessionID": "2-00155"
  },
  "personaInfo": {
    "clInfo": {
      "personaID": "20277",
      "personaFeatures": [
        "나는 남자이다.",
        "나는 20대이다.",
        "나의 아버지는 의사이다.",
        "나는 변리사이다.",
        "나는 발라드 음악을 싫어한다."
      ],
      "speakerType": "speaker1"
    },
    "cpInfo": {
      "personaID": "22232",
      "personaFeatures": [
        "나는 여자이다.",
        "나는 20대이다.",
        "나는 종교 여행을 자주 간다.",
        "나는 원자핵공학과 전공이다.",
        "나는 일렉기타 연주를 자주 한다."
      ],
      "speakerType": "speaker2"
    }
  },
  "topicInfo": {
    "topicID": "12-02",
    "topicType": "여가와 오락>여행",
    "topicTitle": "여행지"
  },
  "sessionInfo": [
    {
      "prevSessionID": null,
      "prevTimeInfo": {
        "timeNum": null,
        "timeUnit": null
      },
      "nthSession": "1",
      "numberOfUtterances": "18",
      "numberOfTurns": "9",
      "sessionID": "2-00155-1",
      "dialog": [
        {
          "speaker": "speaker1",
          "personaID": "20277",
          "participantID": "25987",
          "utterance": "안녕하세요! 저는 20대 남성입니다.",
          "summary": "나는 20대 남자다.",
          "date": "2022-09-10",
          "time": "19:27:56",
          "terminate": "false"
        },
        {
          "speaker": "speaker2",
          "personaID": "22232",
          "participantID": "25792",
          "utterance": "안녕하세요. 저는 원자핵공학과가 전공인 20대 여자입니다. 만나서 반갑습니다.",
          "summary": "나는 20대 여자이다. 나는 원자핵공학과 전공이다.",
          "date": "2022-09-10",
          "time": "19:28:24",
          "terminate": "false"
        },
        {
          "speaker": "speaker1",
          "personaID": "20277",
          "participantID": "25987",
          "utterance": "대학생이군요? 저는 변리사로 일하고 있어요.",
          "summary": "나는 변리사다.",
          "date": "2022-09-10",
          "time": "19:28:44",
          "terminate": "false"
        },
        {
          "speaker": "speaker2",
          "personaID": "22232",
          "participantID": "25792",
          "utterance": "네. 맞아요. 학교에서 원자핵공학이 뭔지 열심히 배우고 있어요.",
          "summary": "",
          "date": "2022-09-10",
          "time": "19:29:10",
          "terminate": "false"
        },
        {
          "speaker": "speaker1",
          "personaID": "20277",
          "participantID": "25987",
          "utterance": "어려운 전공 같은데 공부 하실려면 힘드시지 않나요?",
          "summary": "",
          "date": "2022-09-10",
          "time": "19:29:32",
          "terminate": "false"
        },
        {
          "speaker": "speaker2",
          "personaID": "22232",
          "participantID": "25792",
          "utterance": "어렸을 때부터 원자핵공학에 관심이 많아서 힘들지는 않아요. 버틸만 해요.",
          "summary": "나는 어릴 때부터 원자핵공학에 관심이 많았다.",
          "date": "2022-09-10",
          "time": "19:30:06",
          "terminate": "false"
        },
        {
          "speaker": "speaker1",
          "personaID": "20277",
          "participantID": "25987",
          "utterance": "저는 오늘 일이 좀 바빴었는데 지금은 좀 한가해졌네요.",
          "summary": "",
          "date": "2022-09-10",
          "time": "19:30:57",
          "terminate": "false"
        },
        {
          "speaker": "speaker2",
          "personaID": "22232",
          "participantID": "25792",
          "utterance": "지금은 좀 한가해지셨다니 다행이예요. 계속 바쁘면 힘들 잖아요. 전 힘들 때는 일렉기타 연주를 자주해요.",
          "summary": "나는 일렉기타 연주를 자주 한다.",
          "date": "2022-09-10",
          "time": "19:31:31",
          "terminate": "false"
        },
        {
          "speaker": "speaker1",
          "personaID": "20277",
          "participantID": "25987",
          "utterance": "힘들때 연주를 한다고요? 쉬는게 낫지 않나요?",
          "summary": "",
          "date": "2022-09-10",
          "time": "19:31:54",
          "terminate": "false"
        },
        {
          "speaker": "speaker2",
          "personaID": "22232",
          "participantID": "25792",
          "utterance": "육체적으로 힘들 때는 쉬지만 정신적으로 힘들 때는 일렉기타 연주를 해요. 다른 곳에 집중해야 좀 해소가 되는 것 같거든요.",
          "summary": "",
          "date": "2022-09-10",
          "time": "19:32:42",
          "terminate": "false"
        },
        {
          "speaker": "speaker1",
          "personaID": "20277",
          "participantID": "25987",
          "utterance": "그렇군요. 저는 쉴 때 발라드 음악을 싫어해서 댄스 음악을 자주 들어요.",
          "summary": "나는 발라드 음악을 싫어한다, 나는 댄스 음악을 자주 듣는다.",
          "date": "2022-09-10",
          "time": "19:33:28",
          "terminate": "false"
        },
        {
          "speaker": "speaker2",
          "personaID": "22232",
          "participantID": "25792",
          "utterance": "댄스 음악을 들으면 신나니까 저도 댄스 음악 들어요.",
          "summary": "나는 댄스 음악을 듣는다.",
          "date": "2022-09-10",
          "time": "19:34:26",
          "terminate": "false"
        },
        {
          "speaker": "speaker1",
          "personaID": "20277",
          "participantID": "25987",
          "utterance": "그렇군요. 빠른 음악을 들으면 연주를 해보고 싶기도 하나요?",
          "summary": "",
          "date": "2022-09-10",
          "time": "19:35:18",
          "terminate": "false"
        },
        {
          "speaker": "speaker2",
          "personaID": "22232",
          "participantID": "25792",
          "utterance": "제가 연주에 소질은 없어서 전 듣기만 해요. ㅎㅎㅎ.",
          "summary": "",
          "date": "2022-09-10",
          "time": "19:35:41",
          "terminate": "false"
        },
        {
          "speaker": "speaker1",
          "personaID": "20277",
          "participantID": "25987",
          "utterance": "그렇군요. 저는 이제 다시 일하러 가봐야겠네요.",
          "summary": "",
          "date": "2022-09-10",
          "time": "19:36:00",
          "terminate": "false"
        },
        {
          "speaker": "speaker2",
          "personaID": "22232",
          "participantID": "25792",
          "utterance": "수고하세요. 저는 과제할게 뭐 남은게 있나 살펴봐야 겠어요.",
          "summary": "",
          "date": "2022-09-10",
          "time": "19:36:49",
          "terminate": "false"
        },
        {
          "speaker": "speaker1",
          "personaID": "20277",
          "participantID": "25987",
          "utterance": "그럼 다음에 또 연락되면 대화하죠.",
          "summary": "",
          "date": "2022-09-10",
          "time": "19:37:05",
          "terminate": "false"
        },
        {
          "speaker": "speaker2",
          "personaID": "22232",
          "participantID": "25792",
          "utterance": "네. 시간되실 때 연락주세요. 제가 확인할게요.",
          "summary": "",
          "date": "2022-09-10",
          "time": "19:37:22",
          "terminate": "true"
        }
      ],
      "sessionPersonaSummary": {
        "speaker1": [
          "나는 20대 남자다.",
          "나는 변리사다.",
          "나는 발라드 음악을 싫어한다, 나는 댄스 음악을 자주 듣는다."
        ],
        "speaker2": [
          "나는 20대 여자이다. 나는 원자핵공학과 전공이다.",
          "나는 어릴 때부터 원자핵공학에 관심이 많았다.",
          "나는 일렉기타 연주를 자주 한다.",
          "나는 댄스 음악을 듣는다."
        ]
      },
      "prevAggregatedpersonaSummary": {
        "speaker1": [],
        "speaker2": []
      }
    },
    {
      "prevSessionID": "2-00155-1",
      "prevTimeInfo": {
        "timeNum": "6",
        "timeUnit": "일"
      },
      "nthSession": "2",
      "numberOfUtterances": "18",
      "numberOfTurns": "9",
      "sessionID": "2-00155-2",
      "dialog": [
        {
          "speaker": "speaker1",
          "personaID": "20277",
          "participantID": "25987",
          "utterance": "6일이 지났네요. 이제 연락을 하게 됐네요.",
          "summary": "",
          "date": "2022-09-10",
          "time": "19:37:31",
          "terminate": "false"
        },
        {
          "speaker": "speaker2",
          "personaID": "22232",
          "participantID": "25792",
          "utterance": "저는 종교 여행을 자주 가기 때문에 그동안 종교 여행 다녀왔어요.",
          "summary": "나는 종교 여행을 자주 간다.",
          "date": "2022-09-10",
          "time": "19:37:56",
          "terminate": "false"
        },
        {
          "speaker": "speaker1",
          "personaID": "20277",
          "participantID": "25987",
          "utterance": "그렇군요. 그동안 바쁘게 지냈나보네요.",
          "summary": "",
          "date": "2022-09-10",
          "time": "19:38:17",
          "terminate": "false"
        },
        {
          "speaker": "speaker2",
          "personaID": "22232",
          "participantID": "25792",
          "utterance": "혼자서 다녀왔기 때문에 심적으로는 많이 바쁘지 않았어요. ㅎㅎㅎ.",
          "summary": "",
          "date": "2022-09-10",
          "time": "19:38:53",
          "terminate": "false"
        },
        {
          "speaker": "speaker1",
          "personaID": "20277",
          "participantID": "25987",
          "utterance": "저는 아버지가 의사인데 휴가일정이 맞아서 가족 여행을 가요.",
          "summary": "나의 아버지는 의사다.",
          "date": "2022-09-10",
          "time": "19:39:22",
          "terminate": "false"
        },
        {
          "speaker": "speaker2",
          "personaID": "22232",
          "participantID": "25792",
          "utterance": "가족여행이라니 낭만적이예요. 저도 오랜만에 가족 여행을 가고 싶어요.",
          "summary": "",
          "date": "2022-09-10",
          "time": "19:39:56",
          "terminate": "false"
        },
        {
          "speaker": "speaker1",
          "personaID": "20277",
          "participantID": "25987",
          "utterance": "여행지를 남해나 부산쪽으로 생각중이예요.",
          "summary": "",
          "date": "2022-09-10",
          "time": "19:40:29",
          "terminate": "false"
        },
        {
          "speaker": "speaker2",
          "personaID": "22232",
          "participantID": "25792",
          "utterance": "둘 다 바다를 볼 수 있는 곳이네요. ㅎㅎㅎ 바다를 보러 가실건가 봐요.",
          "summary": "",
          "date": "2022-09-10",
          "time": "19:41:07",
          "terminate": "false"
        },
        {
          "speaker": "speaker1",
          "personaID": "20277",
          "participantID": "25987",
          "utterance": "네 바다가 보고 싶네요. 종교 여행은 어디로 다녀오셨어요? 여행지가 궁금하네요.",
          "summary": "나는 바다가 보고 싶다.",
          "date": "2022-09-10",
          "time": "19:41:46",
          "terminate": "false"
        },
        {
          "speaker": "speaker2",
          "personaID": "22232",
          "participantID": "25792",
          "utterance": "저는 해인사에 다녀왔어요. ㅎㅎㅎ 제가 종교 여행으로 절 보는 것을 좋아해서요.",
          "summary": "나는 종교 여행할 때 절로 가는 것을 좋아한다.",
          "date": "2022-09-10",
          "time": "19:42:36",
          "terminate": "false"
        },
        {
          "speaker": "speaker1",
          "personaID": "20277",
          "participantID": "25987",
          "utterance": "해인사 너무 좋죠! 절은 언제 가도 힐링인거 같아요.",
          "summary": "나는 절에 언제 가도 힐링된다.",
          "date": "2022-09-10",
          "time": "19:43:13",
          "terminate": "false"
        },
        {
          "speaker": "speaker2",
          "personaID": "22232",
          "participantID": "25792",
          "utterance": "맞아요! 절은 언제든지 힐링이 되어서 마음이 편안해지죠.",
          "summary": "",
          "date": "2022-09-10",
          "time": "19:43:43",
          "terminate": "false"
        },
        {
          "speaker": "speaker1",
          "personaID": "20277",
          "participantID": "25987",
          "utterance": "맞아요. 그리고 방금 가족들이 부산으로 가자고 하네요 여행지를 부산으로 정했어요.",
          "summary": "나는 여행지를 부산으로 정했다.",
          "date": "2022-09-10",
          "time": "19:44:17",
          "terminate": "false"
        },
        {
          "speaker": "speaker2",
          "personaID": "22232",
          "participantID": "25792",
          "utterance": "바다보고 싶다고 하셨고 부산간다고 하셨으니 해운대가실 것 같은데 제 추측이 맞는지 궁금해요. ㅋㅋㅋ.",
          "summary": "",
          "date": "2022-09-10",
          "time": "19:44:56",
          "terminate": "false"
        },
        {
          "speaker": "speaker1",
          "personaID": "20277",
          "participantID": "25987",
          "utterance": "부산하면 해운대가 생각이 나는데 아무래도 사람이 많을거 같아서 고민이네요ㅋㅋ 더 생각해봐야겠어요.",
          "summary": "",
          "date": "2022-09-10",
          "time": "19:45:37",
          "terminate": "false"
        },
        {
          "speaker": "speaker2",
          "personaID": "22232",
          "participantID": "25792",
          "utterance": "그럴 수 있죠. ㅋㅋㅋ 저 같아도 사람이 적은 바다 보고 싶을 것 같아요.",
          "summary": "",
          "date": "2022-09-10",
          "time": "19:46:06",
          "terminate": "false"
        },
        {
          "speaker": "speaker1",
          "personaID": "20277",
          "participantID": "25987",
          "utterance": "그래도 여행가기전 계획 세울때가 설레네요! 그럼 다시 연락해요.",
          "summary": "",
          "date": "2022-09-10",
          "time": "19:46:49",
          "terminate": "false"
        },
        {
          "speaker": "speaker2",
          "personaID": "22232",
          "participantID": "25792",
          "utterance": "네. 열심히 계획 세우세요. 저는 다음 연락 때까지 기다리고 있을게요.",
          "summary": "",
          "date": "2022-09-10",
          "time": "19:47:15",
          "terminate": "true"
        }
      ],
      "sessionPersonaSummary": {
        "speaker1": [
          "나의 아버지는 의사다.",
          "나는 바다가 보고 싶다.",
          "나는 절에 언제 가도 힐링된다.",
          "나는 여행지를 부산으로 정했다."
        ],
        "speaker2": [
          "나는 종교 여행을 자주 간다.",
          "나는 종교 여행할 때 절로 가는 것을 좋아한다."
        ]
      },
      "prevAggregatedpersonaSummary": {
        "speaker1": [
          "나는 20대 남자다.",
          "나는 변리사다.",
          "나는 발라드 음악을 싫어한다, 나는 댄스 음악을 자주 듣는다."
        ],
        "speaker2": [
          "나는 20대 여자이다. 나는 원자핵공학과 전공이다.",
          "나는 어릴 때부터 원자핵공학에 관심이 많았다.",
          "나는 일렉기타 연주를 자주 한다.",
          "나는 댄스 음악을 듣는다."
        ]
      }
    }
  ]
}