{
  "FileInfo": {
    "filename": "K2-00124-CL35432-CP26622-04-13-S2.json",
    "sessionLevel": "2"
  },
  "participantsInfo": {
    "numberOfParticipants": "2",
    "speaker1": {
      "participantID": "4512",
      "gender": "여성",
      "age": "40대",
      "occupation": "주부",
      "bPlace": "서울/경기/인천",
      "gPlace": "서울/경기/인천",
      "rPlace": "서울/경기/인천",
      "educationLevel": "대졸"
    },
    "speaker2": {
      "participantID": "5156",
      "gender": "여성",
      "age": "20대",
      "occupation": "학생",
      "bPlace": "부산/대구/울산/경상",
      "gPlace": "부산/대구/울산/경상",
      "rPlace": "부산/대구/울산/경상",
      "educationLevel": "고졸"
    }
  },
  "multisessionInfo": {
    "multisessionID": "2-00124"
  },
  "personaInfo": {
    "clInfo": {
      "personaID": "35432",
      "personaFeatures": [
        "나는 여자이다.",
        "나는 30대이다.",
        "나는 음식 배달원이다",
        "나는 요가를 싫어한다",
        "나는 잔치국수를 좋아한다",
        "나는 혈액형이 AB형이다"
      ],
      "speakerType": "speaker1"
    },
    "cpInfo": {
      "personaID": "26622",
      "personaFeatures": [
        "나는 여자이다.",
        "나는 20대이다.",
        "나의 남자 형제는 미용사이다",
        "나는 사진을 찍는 게 괴롭다",
        "나는 동화책을 가끔 읽는다",
        "나의 생일은 7월이다"
      ],
      "speakerType": "speaker2"
    }
  },
  "topicInfo": {
    "topicID": "04-13",
    "topicType": "일과 직업>회사/아르바이트",
    "topicTitle": "출퇴근"
  },
  "sessionInfo": [
    {
      "prevSessionID": null,
      "prevTimeInfo": {
        "timeNum": null,
        "timeUnit": null
      },
      "nthSession": "1",
      "numberOfUtterances": "14",
      "numberOfTurns": "7",
      "sessionID": "2-00124-1",
      "dialog": [
        {
          "speaker": "speaker1",
          "personaID": "35432",
          "participantID": "4512",
          "utterance": "안녕하세요 저는 30대 여성이예요",
          "summary": "나는 30대 여성이다.",
          "date": "2022-11-23",
          "time": "15:30:29",
          "terminate": "false"
        },
        {
          "speaker": "speaker2",
          "personaID": "26622",
          "participantID": "5156",
          "utterance": "안녕하세요~ 저는 20대 여성이에요~",
          "summary": "나는 20대 여성이다",
          "date": "2022-11-23",
          "time": "15:31:09",
          "terminate": "false"
        },
        {
          "speaker": "speaker1",
          "personaID": "35432",
          "participantID": "4512",
          "utterance": "저는 음식 배달원이구요 음식은 잔치국수를 좋아해요",
          "summary": "나의 직업은 음식 배달원이다. 나는 잔치 국수를 좋아한다.",
          "date": "2022-11-23",
          "time": "17:14:23",
          "terminate": "false"
        },
        {
          "speaker": "speaker2",
          "personaID": "26622",
          "participantID": "5156",
          "utterance": "그렇군요 취미가 무엇인가요? 저는 동화책을 가끔 읽는 것을 좋아합니다",
          "summary": "나는 동화책을 가끔 읽는 것을 좋아한다",
          "date": "2022-11-23",
          "time": "17:16:04",
          "terminate": "false"
        },
        {
          "speaker": "speaker1",
          "personaID": "35432",
          "participantID": "4512",
          "utterance": "저는 신나는 음악을 듣는 편이예요. 저는 혈액형이 AB형인데 혈액형이 어떻게 되시나요?",
          "summary": "나는 신나는 음악 듣는 것을 좋아한다. 나는 혈액형은 AB형이다.",
          "date": "2022-11-23",
          "time": "17:36:53",
          "terminate": "false"
        },
        {
          "speaker": "speaker2",
          "personaID": "26622",
          "participantID": "5156",
          "utterance": "저는 B형입니다~ 생일이 어떻게 되세요~? 저는 7월이 생일이에요!",
          "summary": "나는 B형이다. 나는 생일이 7월이다",
          "date": "2022-11-23",
          "time": "17:38:00",
          "terminate": "false"
        },
        {
          "speaker": "speaker1",
          "personaID": "35432",
          "participantID": "4512",
          "utterance": "아 그러시군요. 저는 9월생입니다. 저는 요가를 싫어하는데요. 유연성도 없고 음악도 넘 졸리기도 하구요",
          "summary": "나의 생일은 9월이다. 나는 요가를 싫어한다.",
          "date": "2022-11-23",
          "time": "17:40:01",
          "terminate": "false"
        },
        {
          "speaker": "speaker2",
          "personaID": "26622",
          "participantID": "5156",
          "utterance": "그렇군요~ 저는 사진 찍는 걸 괴로워해요ㅠㅠ 다들 싫어하는 게 하나씩은 있군요~",
          "summary": "나는 사진 찍는걸 괴로워한다",
          "date": "2022-11-23",
          "time": "17:41:09",
          "terminate": "false"
        },
        {
          "speaker": "speaker1",
          "personaID": "35432",
          "participantID": "4512",
          "utterance": "아 저도 제가 사진찍으면 다 각도가 이상하다고 하는데 무슨 차이인지 모르겠더라구요",
          "summary": "나는 사진을 찍으면 각도가 이상하다는 말을 자주 듣는다.",
          "date": "2022-11-23",
          "time": "17:42:00",
          "terminate": "false"
        },
        {
          "speaker": "speaker2",
          "personaID": "26622",
          "participantID": "5156",
          "utterance": "그러니까요~ 제 남동생이 미용사인데, 항상 사진 못 찍는다고 혼내서 서러워요ㅠㅠ",
          "summary": "나의 남동생은 미용사이다. 나는 항상 사진 못 찍는다고 혼내서 서럽다",
          "date": "2022-11-23",
          "time": "17:46:07",
          "terminate": "false"
        },
        {
          "speaker": "speaker1",
          "personaID": "35432",
          "participantID": "4512",
          "utterance": "아 옆에서 자꾸 못찍는다 그러면 점점 더 자신감을 잃어서 다른사람 찍기가 두려워지더라구요. 그래서 전 이번에 사진기술에 대해 온라인 강의를 신청했어요",
          "summary": "나는 최근 사진 기술에 대한 온라인 강의를 신청했다.",
          "date": "2022-11-23",
          "time": "17:48:25",
          "terminate": "false"
        },
        {
          "speaker": "speaker2",
          "personaID": "26622",
          "participantID": "5156",
          "utterance": "그렇군요~ 참 좋은 강의인 것 같네요! 저도 한 번 신청해봐야겠어요~",
          "summary": "",
          "date": "2022-11-23",
          "time": "17:49:31",
          "terminate": "false"
        },
        {
          "speaker": "speaker1",
          "personaID": "35432",
          "participantID": "4512",
          "utterance": "네네 요즘 각종 도서관이랑 복지센터, 여성회관 등에서 하고 있으니 한번 살펴보세요",
          "summary": "",
          "date": "2022-11-23",
          "time": "18:13:01",
          "terminate": "false"
        },
        {
          "speaker": "speaker2",
          "personaID": "26622",
          "participantID": "5156",
          "utterance": "좋은 정보 정말로 감사합니다^^",
          "summary": "",
          "date": "2022-11-23",
          "time": "18:13:48",
          "terminate": "true"
        }
      ],
      "sessionPersonaSummary": {
        "speaker1": [
          "나는 30대 여성이다.",
          "나의 직업은 음식 배달원이다. 나는 잔치 국수를 좋아한다.",
          "나는 신나는 음악 듣는 것을 좋아한다. 나는 혈액형은 AB형이다.",
          "나의 생일은 9월이다. 나는 요가를 싫어한다.",
          "나는 사진을 찍으면 각도가 이상하다는 말을 자주 듣는다.",
          "나는 최근 사진 기술에 대한 온라인 강의를 신청했다."
        ],
        "speaker2": [
          "나는 20대 여성이다",
          "나는 동화책을 가끔 읽는 것을 좋아한다",
          "나는 B형이다. 나는 생일이 7월이다",
          "나는 사진 찍는걸 괴로워한다",
          "나의 남동생은 미용사이다. 나는 항상 사진 못 찍는다고 혼내서 서럽다"
        ]
      },
      "prevAggregatedpersonaSummary": {
        "speaker1": [],
        "speaker2": []
      }
    },
    {
      "prevSessionID": "2-00124-1",
      "prevTimeInfo": {
        "timeNum": "4",
        "timeUnit": "주"
      },
      "nthSession": "2",
      "numberOfUtterances": "16",
      "numberOfTurns": "8",
      "sessionID": "2-00124-2",
      "dialog": [
        {
          "speaker": "speaker1",
          "personaID": "35432",
          "participantID": "4512",
          "utterance": "벌써 4주나 흘렀네요. 그동안 잘 지내셨나요?",
          "summary": "",
          "date": "2022-11-23",
          "time": "18:41:07",
          "terminate": "false"
        },
        {
          "speaker": "speaker2",
          "personaID": "26622",
          "participantID": "5156",
          "utterance": "정말 오랜만이에요~ 저는 최근 아르바이트를 구했어요 생각보다 꾸준하게 출퇴근 하는 일이 쉽지 않군요!ㅠㅠ",
          "summary": "나는 최근 아르바이트를 구했다. 나의 생각보다 꾸준하게 출퇴근하는 일이 쉽지 않다",
          "date": "2022-11-23",
          "time": "18:42:12",
          "terminate": "false"
        },
        {
          "speaker": "speaker1",
          "personaID": "35432",
          "participantID": "4512",
          "utterance": "아 네 맞아요. 경단녀에게 꾸준히 일하는건 쉽지 않죠. 저도 지금 음식 배달을 하고 있어요. 저녁시간이 피크시간이거든요",
          "summary": "나는 지금 음식 배달을 하고 있다.",
          "date": "2022-11-23",
          "time": "19:02:51",
          "terminate": "false"
        },
        {
          "speaker": "speaker2",
          "personaID": "26622",
          "participantID": "5156",
          "utterance": "우와~ 고생이 많으시네요! 오토바이를 이용하시나요~?",
          "summary": "",
          "date": "2022-11-23",
          "time": "19:03:56",
          "terminate": "false"
        },
        {
          "speaker": "speaker1",
          "personaID": "35432",
          "participantID": "4512",
          "utterance": "아 네 오토바이가 빨라서요. 배달엔 오토바이만한게 없네요. 출퇴근시에도 편해서 좋아요",
          "summary": "나는 배달을 위해 오토바이를 타는데, 출퇴근 시에도 편해서 좋다고 생각한다.",
          "date": "2022-11-23",
          "time": "19:09:26",
          "terminate": "false"
        },
        {
          "speaker": "speaker2",
          "personaID": "26622",
          "participantID": "5156",
          "utterance": "그렇군요! 오토바이 배워보고 싶은데 위험하지는 않은지 걱정되네요ㅠㅠ",
          "summary": "나는 오토바이 배워보고 싶은데 위험하지 않은지 걱정이 된다",
          "date": "2022-11-23",
          "time": "19:25:10",
          "terminate": "false"
        },
        {
          "speaker": "speaker1",
          "personaID": "35432",
          "participantID": "4512",
          "utterance": "네 오토바이는 헬멧과 보호장비가 필수인거 같아요. 살짝만 넘어져도 부상이 심할 수 있으니까요",
          "summary": "나는 오토바이를 타기 위해 헬멧과 보호장비가 필수라고 생각한다.",
          "date": "2022-11-23",
          "time": "20:41:00",
          "terminate": "false"
        },
        {
          "speaker": "speaker2",
          "personaID": "26622",
          "participantID": "5156",
          "utterance": "그렇군요! 저는 걸어서 출퇴큰하거나 대중교통을 이용하는데 항상 러시아워와 시간이 맞물려서 힘들어요ㅠㅠ",
          "summary": "나는 걸어서 출퇴근하거나 대중교통을 이용하는데 항상 러시아워와 시간이 맞물려서 힘이 든다",
          "date": "2022-11-23",
          "time": "20:43:04",
          "terminate": "false"
        },
        {
          "speaker": "speaker1",
          "personaID": "35432",
          "participantID": "4512",
          "utterance": "네 맞아요. 러시아워시간에 오토바이를 타고 출퇴근을 할 때 가장 좋더라구요. 혼자만 빨리 가는 느낌이 들어서 좋은가봐요",
          "summary": "나는 러시아워 시간에 오토바이를 타고 출퇴근하는 것을 혼자만 빨리 가는 느낌이 들어 좋아한다.",
          "date": "2022-11-23",
          "time": "20:47:13",
          "terminate": "false"
        },
        {
          "speaker": "speaker2",
          "personaID": "26622",
          "participantID": "5156",
          "utterance": "맞아요ㅎㅎ 저도 출퇴근 버스에서 요리조리 빠져나가는 오토바이를 보면서 부럽다는 생각을 하거든요ㅎㅎ",
          "summary": "나는 출퇴근 버스에서 요리조리 빠져나가는 오토바이를 보면서 부럽다는 생각을 한다",
          "date": "2022-11-23",
          "time": "20:54:13",
          "terminate": "false"
        },
        {
          "speaker": "speaker1",
          "personaID": "35432",
          "participantID": "4512",
          "utterance": "아 그러시군요. 오토바이는 음식 배달할 때는 없어서는 안될 수단이죠. 요즘 사람들이 전기 자전거도 참 많이 이용하는거 같기도해요",
          "summary": "나는 오토바이가 음식 배달할 때 없어서는 안 될 수단이라고 생각한다.",
          "date": "2022-11-23",
          "time": "20:56:04",
          "terminate": "false"
        },
        {
          "speaker": "speaker2",
          "personaID": "26622",
          "participantID": "5156",
          "utterance": "요즘 전기 자동차, 전기 자동차 등 전기를 활용하는 운송 수단이 참 많이 나오는 것 같아요!",
          "summary": "나는 요즘은 전기 자동차 전기 자전거 등 전기를 활용하는 운송 수단이 참 많이 나오는 것 같다고 생각한다.",
          "date": "2022-11-23",
          "time": "20:56:40",
          "terminate": "false"
        },
        {
          "speaker": "speaker1",
          "personaID": "35432",
          "participantID": "4512",
          "utterance": "네 맞아요 많이 다양해졌죠. 전동 킥보드들도 많이 타더라구요. 근데 전 운동신경이 없어서 타기 넘 힘들더라구요. 제 친구는 출퇴근시 이용하는데 편하다면서 권하더라구요\n",
          "summary": "나는 운동신경이 없어서 전동 킥보드를 타는 게 힘들다고 생각하지만, 나의 친구는 전동 킥보드가 출퇴근 시 편하다고 권유한다.",
          "date": "2022-11-23",
          "time": "21:50:06",
          "terminate": "false"
        },
        {
          "speaker": "speaker2",
          "personaID": "26622",
          "participantID": "5156",
          "utterance": "그렇군요! 저도 출퇴근할 때 전동 킥보드 활용해봐야겠어요ㅎㅎ",
          "summary": "나도 출퇴근할 때 전동 킥보드를 활용해봐야겠다",
          "date": "2022-11-23",
          "time": "21:50:47",
          "terminate": "false"
        },
        {
          "speaker": "speaker1",
          "personaID": "35432",
          "participantID": "4512",
          "utterance": "네 좋은 꿈 세요. 다음에 또 대화해요 우리",
          "summary": "",
          "date": "2022-11-23",
          "time": "21:52:37",
          "terminate": "false"
        },
        {
          "speaker": "speaker2",
          "personaID": "26622",
          "participantID": "5156",
          "utterance": "네~ 수고하셨습니다!! 좋은 밤 되세요~",
          "summary": "",
          "date": "2022-11-23",
          "time": "21:54:02",
          "terminate": "true"
        }
      ],
      "sessionPersonaSummary": {
        "speaker1": [
          "나는 지금 음식 배달을 하고 있다.",
          "나는 배달을 위해 오토바이를 타는데, 출퇴근 시에도 편해서 좋다고 생각한다.",
          "나는 오토바이를 타기 위해 헬멧과 보호장비가 필수라고 생각한다.",
          "나는 러시아워 시간에 오토바이를 타고 출퇴근하는 것을 혼자만 빨리 가는 느낌이 들어 좋아한다.",
          "나는 오토바이가 음식 배달할 때 없어서는 안 될 수단이라고 생각한다.",
          "나는 운동신경이 없어서 전동 킥보드를 타는 게 힘들다고 생각하지만, 나의 친구는 전동 킥보드가 출퇴근 시 편하다고 권유한다."
        ],
        "speaker2": [
          "나는 최근 아르바이트를 구했다. 나의 생각보다 꾸준하게 출퇴근하는 일이 쉽지 않다",
          "나는 오토바이 배워보고 싶은데 위험하지 않은지 걱정이 된다",
          "나는 걸어서 출퇴근하거나 대중교통을 이용하는데 항상 러시아워와 시간이 맞물려서 힘이 든다",
          "나는 출퇴근 버스에서 요리조리 빠져나가는 오토바이를 보면서 부럽다는 생각을 한다",
          "나는 요즘은 전기 자동차 전기 자전거 등 전기를 활용하는 운송 수단이 참 많이 나오는 것 같다고 생각한다.",
          "나도 출퇴근할 때 전동 킥보드를 활용해봐야겠다"
        ]
      },
      "prevAggregatedpersonaSummary": {
        "speaker1": [
          "나는 30대 여성이다.",
          "나의 직업은 음식 배달원이다. 나는 잔치 국수를 좋아한다.",
          "나는 신나는 음악 듣는 것을 좋아한다. 나는 혈액형은 AB형이다.",
          "나의 생일은 9월이다. 나는 요가를 싫어한다.",
          "나는 사진을 찍으면 각도가 이상하다는 말을 자주 듣는다.",
          "나는 최근 사진 기술에 대한 온라인 강의를 신청했다."
        ],
        "speaker2": [
          "나는 20대 여성이다",
          "나는 동화책을 가끔 읽는 것을 좋아한다",
          "나는 B형이다. 나는 생일이 7월이다",
          "나는 사진 찍는걸 괴로워한다",
          "나의 남동생은 미용사이다. 나는 항상 사진 못 찍는다고 혼내서 서럽다"
        ]
      }
    }
  ]
}