{
  "FileInfo": {
    "filename": "K2-00484-CL02011-CP01884-17-06-S2.json",
    "sessionLevel": "2"
  },
  "participantsInfo": {
    "numberOfParticipants": "2",
    "speaker1": {
      "participantID": "0031",
      "gender": "여성",
      "age": "20대",
      "occupation": "전문직",
      "bPlace": "서울/경기/인천",
      "gPlace": "서울/경기/인천",
      "rPlace": "서울/경기/인천",
      "educationLevel": "대졸"
    },
    "speaker2": {
      "participantID": "0114",
      "gender": "여성",
      "age": "20대",
      "occupation": "사무직",
      "bPlace": "광주/전라/제주",
      "gPlace": "광주/전라/제주",
      "rPlace": "광주/전라/제주",
      "educationLevel": "대졸"
    }
  },
  "multisessionInfo": {
    "multisessionID": "2-00484"
  },
  "personaInfo": {
    "clInfo": {
      "personaID": "02011",
      "personaFeatures": [
        "나는 여자이다.",
        "나는 20대이다.",
        "나의 종교는 불교이다.",
        "나는 라자냐를 안 먹는다.",
        "나는 영어에 관심 있지만 배울 시간이 없다."
      ],
      "speakerType": "speaker1"
    },
    "cpInfo": {
      "personaID": "01884",
      "personaFeatures": [
        "나는 여자이다.",
        "나는 20대이다.",
        "나의 남자 형제는 선생님이다.",
        "나는 베이비시터이다.",
        "나는 매우 조용하다."
      ],
      "speakerType": "speaker2"
    }
  },
  "topicInfo": {
    "topicID": "17-06",
    "topicType": "미용과 건강>건강",
    "topicTitle": "수술"
  },
  "sessionInfo": [
    {
      "prevSessionID": null,
      "prevTimeInfo": {
        "timeNum": null,
        "timeUnit": null
      },
      "nthSession": "1",
      "numberOfUtterances": "16",
      "numberOfTurns": "8",
      "sessionID": "2-00484-1",
      "dialog": [
        {
          "speaker": "speaker1",
          "personaID": "02011",
          "participantID": "0031",
          "utterance": "안녕하세요 저는 20대 여자에요!",
          "summary": "나는 20대 여자이다.",
          "date": "2022-08-22",
          "time": "12:04:06",
          "terminate": "false"
        },
        {
          "speaker": "speaker2",
          "personaID": "01884",
          "participantID": "0114",
          "utterance": "반갑습니다!! 저도 20대 여자입니다^^",
          "summary": "나는 20대 여자이다.",
          "date": "2022-08-22",
          "time": "12:04:16",
          "terminate": "false"
        },
        {
          "speaker": "speaker1",
          "personaID": "02011",
          "participantID": "0031",
          "utterance": "맹장 터지신적 있으신가요? 전 요번에 터졌는데 너무 아프네요.",
          "summary": "나는 맹장 수술했다.",
          "date": "2022-08-22",
          "time": "12:04:42",
          "terminate": "false"
        },
        {
          "speaker": "speaker2",
          "personaID": "01884",
          "participantID": "0114",
          "utterance": "헐 맹장이요? 제가 아파본 적은 없지만 저희 친오빠가 맹장 수술을 한적이있어서 그 고통은 알아요ㅠㅠ지금은 괜찮으세요?",
          "summary": "나의 친오빠는 맹장 수술을 했다.",
          "date": "2022-08-22",
          "time": "12:05:43",
          "terminate": "false"
        },
        {
          "speaker": "speaker1",
          "personaID": "02011",
          "participantID": "0031",
          "utterance": "네.. 방구도 아침에 뀌었어요 ㅋㅋ점심에 친구들 만나서 수다떨고 있는데 갑자기 맹장이 터져가지고 병원에 입원하게 되었네요.",
          "summary": "",
          "date": "2022-08-22",
          "time": "12:05:46",
          "terminate": "false"
        },
        {
          "speaker": "speaker2",
          "personaID": "01884",
          "participantID": "0114",
          "utterance": "갑자기 그러셔서 많이 놀라셨겠어요ㅠㅠ그래도 회복기간에 너무 무리하지는 마세요~푹 쉬셔야죠!",
          "summary": "",
          "date": "2022-08-22",
          "time": "12:06:55",
          "terminate": "false"
        },
        {
          "speaker": "speaker1",
          "personaID": "02011",
          "participantID": "0031",
          "utterance": "오늘 첫 점심 병원밥이 라자냐라고 하는데.. 실망스러워요..전 라자냐를 안먹거든요....기대했는데..",
          "summary": "나는 라자냐를 안 먹는다.",
          "date": "2022-08-22",
          "time": "12:07:10",
          "terminate": "false"
        },
        {
          "speaker": "speaker2",
          "personaID": "01884",
          "participantID": "0114",
          "utterance": "오우 근데 병원밥 치고 고퀄리티네요?",
          "summary": "",
          "date": "2022-08-22",
          "time": "12:08:30",
          "terminate": "false"
        },
        {
          "speaker": "speaker1",
          "personaID": "02011",
          "participantID": "0031",
          "utterance": "일반식이라서 그런가봐요 ㅋㅋ 친오빠는 맹장 수술하시고 괜찮으셨어요?",
          "summary": "",
          "date": "2022-08-22",
          "time": "12:08:46",
          "terminate": "false"
        },
        {
          "speaker": "speaker2",
          "personaID": "01884",
          "participantID": "0114",
          "utterance": "오빠가 고등학교 선생님이신데 학교에 있을때 그래가지고 그 학교 최대 이슈였어요ㅋㅋ아픈건 둘째치고 사람들의 관심때문에 더 힘들어했어요ㅠㅠ.",
          "summary": "나의 남자 형제는 선생님이다.",
          "date": "2022-08-22",
          "time": "12:09:49",
          "terminate": "false"
        },
        {
          "speaker": "speaker1",
          "personaID": "02011",
          "participantID": "0031",
          "utterance": "헉 수업하다가 쓰러지신건 아니시죠???",
          "summary": "",
          "date": "2022-08-22",
          "time": "12:10:09",
          "terminate": "false"
        },
        {
          "speaker": "speaker2",
          "personaID": "01884",
          "participantID": "0114",
          "utterance": "맞아요ㅠㅠ수업 도중에 그래가지구.. 저희 가족들이 모두 좀 내성적인 편이라서.. 그렇게 이목이 집중된걸 무척 힘들어했어요ㅋㅋㅠㅠ.",
          "summary": "나의 가족들은 내성적인 편이다.",
          "date": "2022-08-22",
          "time": "12:11:18",
          "terminate": "false"
        },
        {
          "speaker": "speaker1",
          "personaID": "02011",
          "participantID": "0031",
          "utterance": "아이고 오빠분이 학교나가길 불편해 하셨겠어요~ 선생님은 직업이 뭔지 여쭤봐도 될까요?",
          "summary": "",
          "date": "2022-08-22",
          "time": "12:11:58",
          "terminate": "false"
        },
        {
          "speaker": "speaker2",
          "personaID": "01884",
          "participantID": "0114",
          "utterance": "아 저도 굉장히 조용한 성격이어서.. 회사생활이 어려웠거든요ㅠㅠ사표쓰고 지금은.. 그냥 베이비시터하고있어요!",
          "summary": "나는 매우 조용하다. 나는 베이비시터이다.",
          "date": "2022-08-22",
          "time": "12:13:47",
          "terminate": "false"
        },
        {
          "speaker": "speaker1",
          "personaID": "02011",
          "participantID": "0031",
          "utterance": "우와~!!20대이신데 베이비시터!! 되게 특색있는 직업이네요 멋있어요~!! 안 힘드세요?",
          "summary": "",
          "date": "2022-08-22",
          "time": "12:13:56",
          "terminate": "false"
        },
        {
          "speaker": "speaker2",
          "personaID": "01884",
          "participantID": "0114",
          "utterance": "제 적성에 딱 맞는것 같아요ㅎㅎ저 잠시 은행에 와서 업무 좀 보고올게요~",
          "summary": "",
          "date": "2022-08-22",
          "time": "12:14:40",
          "terminate": "true"
        }
      ],
      "sessionPersonaSummary": {
        "speaker1": [
          "나는 20대 여자이다.",
          "나는 맹장 수술했다.",
          "나는 라자냐를 안 먹는다."
        ],
        "speaker2": [
          "나는 20대 여자이다.",
          "나의 친오빠는 맹장 수술을 했다.",
          "나의 남자 형제는 선생님이다.",
          "나의 가족들은 내성적인 편이다.",
          "나는 매우 조용하다. 나는 베이비시터이다."
        ]
      },
      "prevAggregatedpersonaSummary": {
        "speaker1": [],
        "speaker2": []
      }
    },
    {
      "prevSessionID": "2-00484-1",
      "prevTimeInfo": {
        "timeNum": "5",
        "timeUnit": "일"
      },
      "nthSession": "2",
      "numberOfUtterances": "20",
      "numberOfTurns": "10",
      "sessionID": "2-00484-2",
      "dialog": [
        {
          "speaker": "speaker1",
          "personaID": "02011",
          "participantID": "0031",
          "utterance": "즐거운 주말입니다~!! 주말에 뭐하실계획이신가요?",
          "summary": "오늘은 주말이다.",
          "date": "2022-08-22",
          "time": "12:15:03",
          "terminate": "false"
        },
        {
          "speaker": "speaker2",
          "personaID": "01884",
          "participantID": "0114",
          "utterance": "오늘은 그냥 집에서 좀 쉬다가 저녁에 영화 한편 보러 나가려구요~ 선생님은 일정있으신가요?",
          "summary": "나는 저녁에 영화를 볼 것이다.",
          "date": "2022-08-22",
          "time": "12:15:31",
          "terminate": "false"
        },
        {
          "speaker": "speaker1",
          "personaID": "02011",
          "participantID": "0031",
          "utterance": "오~!저는 어제 2일전에 퇴원하고 오늘 가족들이랑 함께 절에가서 삼배올리기로 했답니다.",
          "summary": "나는 오늘 절에 가서 삼배를 올린다.",
          "date": "2022-08-22",
          "time": "12:17:00",
          "terminate": "false"
        },
        {
          "speaker": "speaker2",
          "personaID": "01884",
          "participantID": "0114",
          "utterance": "불교이신가보네요? 우와 가족들이랑 함께 삼배올리러가는건 주변에서 처음봐요! 되게 멋있으세요!",
          "summary": "",
          "date": "2022-08-22",
          "time": "12:17:46",
          "terminate": "false"
        },
        {
          "speaker": "speaker1",
          "personaID": "02011",
          "participantID": "0031",
          "utterance": "네! 저는 불교 신자랍니다! ㅎㅎ 중요한 시험을 코 앞에 두고 있어서 함께 가기로 했어요~! 절 가보신적 있어요?",
          "summary": "나의 종교는 불교이다.",
          "date": "2022-08-22",
          "time": "12:18:29",
          "terminate": "false"
        },
        {
          "speaker": "speaker2",
          "personaID": "01884",
          "participantID": "0114",
          "utterance": "어렸을때 갔던 기억이 어렴풋이 있긴한데 제대로 가본적은 없는 것같아요ㅠ종교가 없어서.. 어떤 시험을 준비중이세요?",
          "summary": "",
          "date": "2022-08-22",
          "time": "12:19:16",
          "terminate": "false"
        },
        {
          "speaker": "speaker1",
          "personaID": "02011",
          "participantID": "0031",
          "utterance": "앗 저는 매달 영어 시험을 보구 있어요 요즘 영어 시험 왜이렇게 어려운가요?",
          "summary": "나는 매달 영어시험 보는 중이다.",
          "date": "2022-08-22",
          "time": "12:20:10",
          "terminate": "false"
        },
        {
          "speaker": "speaker2",
          "personaID": "01884",
          "participantID": "0114",
          "utterance": "영어 공부를 하시는구나~ 영어는 항상 어려웠어요... 배워도 어렵고...ㅠㅠ.",
          "summary": "나는 영어를 어려워한다.",
          "date": "2022-08-22",
          "time": "12:20:48",
          "terminate": "false"
        },
        {
          "speaker": "speaker1",
          "personaID": "02011",
          "participantID": "0031",
          "utterance": "네..영어에 관심이 많아서 독학하고 있어요 ㅠㅠ 학원다니고 싶은데 배울 시간이 안나네요.",
          "summary": "나는 영어에 관심 있지만 배울 시간이 없다.",
          "date": "2022-08-22",
          "time": "12:21:14",
          "terminate": "false"
        },
        {
          "speaker": "speaker2",
          "personaID": "01884",
          "participantID": "0114",
          "utterance": "와 독학하신다니.. 열정 대단한데요? 근데 수술하셨던거는 거의 완쾌 되신건가요?",
          "summary": "",
          "date": "2022-08-22",
          "time": "12:22:11",
          "terminate": "false"
        },
        {
          "speaker": "speaker1",
          "personaID": "02011",
          "participantID": "0031",
          "utterance": "네! 회복력이 좋다고 그래서 그런지 금방 괜찮아지더라구요.그래도 몸에 무리는 오더라구요 ㅠㅠ수술해보신적 있으세요?",
          "summary": "",
          "date": "2022-08-22",
          "time": "12:23:32",
          "terminate": "false"
        },
        {
          "speaker": "speaker2",
          "personaID": "01884",
          "participantID": "0114",
          "utterance": "저는..수술은..쌍꺼풀 수술밖에....ㅋㅋㅋㅋㅋ하하하하.",
          "summary": "나는 쌍꺼풀 수술을 했다.",
          "date": "2022-08-22",
          "time": "12:23:54",
          "terminate": "false"
        },
        {
          "speaker": "speaker1",
          "personaID": "02011",
          "participantID": "0031",
          "utterance": "아!!!!!!!!!!!!ㅋㅋ 쌍꺼풀 수술 중요하죠 어떤수술이든 수술은 아프잖아요 저도 일년전에 코 수술했는데 진짜 아프더라구요.",
          "summary": "",
          "date": "2022-08-22",
          "time": "12:24:46",
          "terminate": "false"
        },
        {
          "speaker": "speaker2",
          "personaID": "01884",
          "participantID": "0114",
          "utterance": "ㅋㅋㅋㅋ쌍꺼풀 수술로 대동단결이 된건가요 우리?ㅎㅎ.",
          "summary": "",
          "date": "2022-08-22",
          "time": "12:25:12",
          "terminate": "false"
        },
        {
          "speaker": "speaker1",
          "personaID": "02011",
          "participantID": "0031",
          "utterance": "아직 쌍거플 수술 안해봤는데 할 의향은 있어요 만족도가 좋은가요?",
          "summary": "나는 쌍꺼풀 수술할 의향이 있다.",
          "date": "2022-08-22",
          "time": "12:25:43",
          "terminate": "false"
        },
        {
          "speaker": "speaker2",
          "personaID": "01884",
          "participantID": "0114",
          "utterance": "아 일년전에 쌍꺼풀 수술하셨다 얘긴 줄 알았네요ㅎㅎ아 네 저는 되게 만족스러워요~^^의향있으시면 적극 추천이에요!",
          "summary": "나는 쌍꺼풀 수술을 장려한다.",
          "date": "2022-08-22",
          "time": "12:26:13",
          "terminate": "false"
        },
        {
          "speaker": "speaker1",
          "personaID": "02011",
          "participantID": "0031",
          "utterance": "추천 감사해요 맹장수술 한지 얼마안됬는데 쌍꺼풀 수술까지 생각하다니 ㅋㅋ 한번 병원 알아봐야겠어요.",
          "summary": "",
          "date": "2022-08-22",
          "time": "12:27:04",
          "terminate": "false"
        },
        {
          "speaker": "speaker2",
          "personaID": "01884",
          "participantID": "0114",
          "utterance": "앗! 무리하라는 말은 아니였어요! 그냥 좋~다~ 괜찮다~이런거였어요^^",
          "summary": "",
          "date": "2022-08-22",
          "time": "12:28:09",
          "terminate": "false"
        },
        {
          "speaker": "speaker1",
          "personaID": "02011",
          "participantID": "0031",
          "utterance": "ㅋㅋ 좋아요 좋아요 전 이제 절에 도착했네요~! 저녁에 즐거운 영화 관람시간 되세요~!",
          "summary": "",
          "date": "2022-08-22",
          "time": "12:28:12",
          "terminate": "false"
        },
        {
          "speaker": "speaker2",
          "personaID": "01884",
          "participantID": "0114",
          "utterance": "네네~ 마음휴식 잘 하고오세요~ 나중에 또 대화 나눠요^^",
          "summary": "",
          "date": "2022-08-22",
          "time": "12:28:36",
          "terminate": "true"
        }
      ],
      "sessionPersonaSummary": {
        "speaker1": [
          "오늘은 주말이다.",
          "나는 오늘 절에 가서 삼배를 올린다.",
          "나의 종교는 불교이다.",
          "나는 매달 영어시험 보는 중이다.",
          "나는 영어에 관심 있지만 배울 시간이 없다.",
          "나는 쌍꺼풀 수술할 의향이 있다."
        ],
        "speaker2": [
          "나는 저녁에 영화를 볼 것이다.",
          "나는 영어를 어려워한다.",
          "나는 쌍꺼풀 수술을 했다.",
          "나는 쌍꺼풀 수술을 장려한다."
        ]
      },
      "prevAggregatedpersonaSummary": {
        "speaker1": [
          "나는 20대 여자이다.",
          "나는 맹장 수술했다.",
          "나는 라자냐를 안 먹는다."
        ],
        "speaker2": [
          "나는 20대 여자이다.",
          "나의 친오빠는 맹장 수술을 했다.",
          "나의 남자 형제는 선생님이다.",
          "나의 가족들은 내성적인 편이다.",
          "나는 매우 조용하다. 나는 베이비시터이다."
        ]
      }
    }
  ]
}