{
  "FileInfo": {
    "filename": "K2-00251-CL31942-CP41791-20-04-S2.json",
    "sessionLevel": "2"
  },
  "participantsInfo": {
    "numberOfParticipants": "2",
    "speaker1": {
      "participantID": "3158",
      "gender": "여성",
      "age": "40대",
      "occupation": "주부",
      "bPlace": "부산/대구/울산/경상",
      "gPlace": "부산/대구/울산/경상",
      "rPlace": "부산/대구/울산/경상",
      "educationLevel": "대졸"
    },
    "speaker2": {
      "participantID": "3265",
      "gender": "여성",
      "age": "40대",
      "occupation": "주부",
      "bPlace": "서울/경기/인천",
      "gPlace": "서울/경기/인천",
      "rPlace": "서울/경기/인천",
      "educationLevel": "고졸"
    }
  },
  "multisessionInfo": {
    "multisessionID": "2-00251"
  },
  "personaInfo": {
    "clInfo": {
      "personaID": "31942",
      "personaFeatures": [
        "나는 여자이다.",
        "나는 30대이다.",
        "나는 검사이다",
        "나는 거북이를 키우고 싶다",
        "나는 댄스 음악을 가끔 듣는다"
      ],
      "speakerType": "speaker1"
    },
    "cpInfo": {
      "personaID": "41791",
      "personaFeatures": [
        "나는 여자이다.",
        "나는 40대이다.",
        "나는 작가이다",
        "나는 헬스를 좋아한다",
        "나는 도마뱀 두 마리를 키운다"
      ],
      "speakerType": "speaker2"
    }
  },
  "topicInfo": {
    "topicID": "20-04",
    "topicType": "예술문화 생활>영화/만화",
    "topicTitle": "애니메이션"
  },
  "sessionInfo": [
    {
      "prevSessionID": null,
      "prevTimeInfo": {
        "timeNum": null,
        "timeUnit": null
      },
      "nthSession": "1",
      "numberOfUtterances": "14",
      "numberOfTurns": "7",
      "sessionID": "2-00251-1",
      "dialog": [
        {
          "speaker": "speaker1",
          "personaID": "31942",
          "participantID": "3158",
          "utterance": "안녕하세요.저는 30대 여성입니다",
          "summary": "나는 30대 여성입니다",
          "date": "2022-10-10",
          "time": "08:17:46",
          "terminate": "false"
        },
        {
          "speaker": "speaker2",
          "personaID": "41791",
          "participantID": "3265",
          "utterance": "안녕하세요 저는 40대 여성입니다",
          "summary": "나는 40대 여성이다",
          "date": "2022-10-10",
          "time": "12:27:17",
          "terminate": "false"
        },
        {
          "speaker": "speaker1",
          "personaID": "31942",
          "participantID": "3158",
          "utterance": "저는 검사입니다 어떤 일을 하시나요?",
          "summary": "나는 검사입니다",
          "date": "2022-10-10",
          "time": "18:39:04",
          "terminate": "false"
        },
        {
          "speaker": "speaker2",
          "personaID": "41791",
          "participantID": "3265",
          "utterance": "저는 작가 입니다. 좋아하는 운동 있으세요?",
          "summary": "나는 작가다",
          "date": "2022-10-10",
          "time": "18:47:02",
          "terminate": "false"
        },
        {
          "speaker": "speaker1",
          "personaID": "31942",
          "participantID": "3158",
          "utterance": "따로 운동은 못하고 가끔 댄스 음악  들으며  춤을 추는 걸로 대신합니다. 작가님  멋진 직업이네요.",
          "summary": "나는 댄스 음악 들으며 춤을 추는 걸로 운동을 대신한다",
          "date": "2022-10-10",
          "time": "18:49:07",
          "terminate": "false"
        },
        {
          "speaker": "speaker2",
          "personaID": "41791",
          "participantID": "3265",
          "utterance": "저는 핼스를 좋아합니다. 저는 오히려 댄스는 어려운데요.반려동물 있으세요?",
          "summary": "나는 헬스를 좋아한다",
          "date": "2022-10-10",
          "time": "19:29:46",
          "terminate": "false"
        },
        {
          "speaker": "speaker1",
          "personaID": "31942",
          "participantID": "3158",
          "utterance": "멋진 댄스 아니고 그냥 흔들기입니다. 지금은 없는데 거북이를 키우고 싶어요.반려 동물 기르시나요?",
          "summary": "나는 거북이를 키우고 싶다",
          "date": "2022-10-10",
          "time": "19:32:11",
          "terminate": "false"
        },
        {
          "speaker": "speaker2",
          "personaID": "41791",
          "participantID": "3265",
          "utterance": "저는 도마뱀 두마리를 키우고 있어요",
          "summary": "나는 도마뱀 두 마리를 키운다",
          "date": "2022-10-10",
          "time": "21:05:11",
          "terminate": "false"
        },
        {
          "speaker": "speaker1",
          "personaID": "31942",
          "participantID": "3158",
          "utterance": "도마뱀  키우기 어렵지 않나요?",
          "summary": "",
          "date": "2022-10-10",
          "time": "21:10:07",
          "terminate": "false"
        },
        {
          "speaker": "speaker2",
          "personaID": "41791",
          "participantID": "3265",
          "utterance": "생각보다 쉬워요 밀웜이 비싼것만 빼고요",
          "summary": "나는 도마뱀 키우는 게 쉽다",
          "date": "2022-10-10",
          "time": "21:12:21",
          "terminate": "false"
        },
        {
          "speaker": "speaker1",
          "personaID": "31942",
          "participantID": "3158",
          "utterance": "주기적으로  교체해줄 건 없나요?",
          "summary": "",
          "date": "2022-10-10",
          "time": "21:16:31",
          "terminate": "false"
        },
        {
          "speaker": "speaker2",
          "personaID": "41791",
          "participantID": "3265",
          "utterance": "온습도 마추기가 좀 까다로워요.",
          "summary": "나는 도마뱀 키울 때 온습도 맞추는 게 까다롭다",
          "date": "2022-10-10",
          "time": "21:51:58",
          "terminate": "false"
        },
        {
          "speaker": "speaker1",
          "personaID": "31942",
          "participantID": "3158",
          "utterance": "저도 빨리 거북이  키우고 싶네요",
          "summary": "",
          "date": "2022-10-10",
          "time": "22:13:34",
          "terminate": "false"
        },
        {
          "speaker": "speaker2",
          "personaID": "41791",
          "participantID": "3265",
          "utterance": "잘키우실수 있을꺼예요. 저 미팅이 있어서 이만 나가볼깨요",
          "summary": "",
          "date": "2022-10-11",
          "time": "08:59:31",
          "terminate": "true"
        }
      ],
      "sessionPersonaSummary": {
        "speaker1": [
          "나는 30대 여성입니다",
          "나는 검사입니다",
          "나는 댄스 음악 들으며 춤을 추는 걸로 운동을 대신한다",
          "나는 거북이를 키우고 싶다"
        ],
        "speaker2": [
          "나는 40대 여성이다",
          "나는 작가다",
          "나는 헬스를 좋아한다",
          "나는 도마뱀 두 마리를 키운다",
          "나는 도마뱀 키우는 게 쉽다",
          "나는 도마뱀 키울 때 온습도 맞추는 게 까다롭다"
        ]
      },
      "prevAggregatedpersonaSummary": {
        "speaker1": [],
        "speaker2": []
      }
    },
    {
      "prevSessionID": "2-00251-1",
      "prevTimeInfo": {
        "timeNum": "3",
        "timeUnit": "시간"
      },
      "nthSession": "2",
      "numberOfUtterances": "14",
      "numberOfTurns": "7",
      "sessionID": "2-00251-2",
      "dialog": [
        {
          "speaker": "speaker1",
          "personaID": "31942",
          "participantID": "3158",
          "utterance": "점심 드셨어요? 저는 요 3시간 동안 영화 한 편 봤어요.",
          "summary": "",
          "date": "2022-10-11",
          "time": "12:57:29",
          "terminate": "false"
        },
        {
          "speaker": "speaker2",
          "personaID": "41791",
          "participantID": "3265",
          "utterance": "영화는 예술이죠 . 우리나라가 상을 많이 받았으면 좋겠어요. 제가 작가로 일하다보니 그런 욕심이 생기네요.",
          "summary": "",
          "date": "2022-10-11",
          "time": "13:32:33",
          "terminate": "false"
        },
        {
          "speaker": "speaker1",
          "personaID": "31942",
          "participantID": "3158",
          "utterance": "맞아요.저는 애니메이션을 좋아해서  애니메이션도 해외에서 인기 끌면 좋겠어요.",
          "summary": "나는 애니메이션을 좋아한다",
          "date": "2022-10-11",
          "time": "21:30:11",
          "terminate": "false"
        },
        {
          "speaker": "speaker2",
          "personaID": "41791",
          "participantID": "3265",
          "utterance": "애니메이션도 우리나라 많이 발전했죠",
          "summary": "",
          "date": "2022-10-11",
          "time": "21:31:56",
          "terminate": "false"
        },
        {
          "speaker": "speaker1",
          "personaID": "31942",
          "participantID": "3158",
          "utterance": "외국 하청물 제작하다가 이정도면 많이 발전하긴 했죠.",
          "summary": "",
          "date": "2022-10-12",
          "time": "04:21:51",
          "terminate": "false"
        },
        {
          "speaker": "speaker2",
          "personaID": "41791",
          "participantID": "3265",
          "utterance": "애니메이션이나 CG 물 봐도 감쪽같이요",
          "summary": "",
          "date": "2022-10-12",
          "time": "12:38:53",
          "terminate": "false"
        },
        {
          "speaker": "speaker1",
          "personaID": "31942",
          "participantID": "3158",
          "utterance": "그죠.저는 클레이 애니메이션이 특히 좋아요",
          "summary": "나는 클레이 애니메이션을 특히 좋아한다",
          "date": "2022-10-12",
          "time": "12:55:35",
          "terminate": "false"
        },
        {
          "speaker": "speaker2",
          "personaID": "41791",
          "participantID": "3265",
          "utterance": "순간순간 화면이 너무 이쁜 에니메이션이네요. 저는 딸아이때문에 만화를 주로 봅니다..",
          "summary": "나는 딸 때문에 만화를 자주 본다",
          "date": "2022-10-12",
          "time": "16:32:08",
          "terminate": "false"
        },
        {
          "speaker": "speaker1",
          "personaID": "31942",
          "participantID": "3158",
          "utterance": "딸이랑 같이 할 수 있는 취미 좋네요",
          "summary": "",
          "date": "2022-10-12",
          "time": "16:35:06",
          "terminate": "false"
        },
        {
          "speaker": "speaker2",
          "personaID": "41791",
          "participantID": "3265",
          "utterance": "딸이 요즘 핑크리셔스를 보는데 화면도 핑크핑크하니 재미있네요",
          "summary": "나는 딸과 핑크리셔스를 본다",
          "date": "2022-10-12",
          "time": "16:35:53",
          "terminate": "false"
        },
        {
          "speaker": "speaker1",
          "personaID": "31942",
          "participantID": "3158",
          "utterance": "처음 들어보는 제목이지만 제목만 봐도 감이 옵니다.",
          "summary": "",
          "date": "2022-10-12",
          "time": "16:42:58",
          "terminate": "false"
        },
        {
          "speaker": "speaker2",
          "personaID": "41791",
          "participantID": "3265",
          "utterance": "아이들 만화를 보니 생각보다 교훈적인 내용이 많더라구요. 어른들은 만화를 별로 안좋아 하잖아요",
          "summary": "",
          "date": "2022-10-12",
          "time": "16:58:40",
          "terminate": "false"
        },
        {
          "speaker": "speaker1",
          "personaID": "31942",
          "participantID": "3158",
          "utterance": "요즘은  내용면에서도 퀄리티가 좋은가 보네요.,",
          "summary": "",
          "date": "2022-10-12",
          "time": "17:06:01",
          "terminate": "false"
        },
        {
          "speaker": "speaker2",
          "personaID": "41791",
          "participantID": "3265",
          "utterance": "넵~~아이 하원시간이라 나가봐야 할것 같아요",
          "summary": "",
          "date": "2022-10-12",
          "time": "17:37:58",
          "terminate": "true"
        }
      ],
      "sessionPersonaSummary": {
        "speaker1": [
          "나는 애니메이션을 좋아한다",
          "나는 클레이 애니메이션을 특히 좋아한다"
        ],
        "speaker2": [
          "나는 딸 때문에 만화를 자주 본다",
          "나는 딸과 핑크리셔스를 본다"
        ]
      },
      "prevAggregatedpersonaSummary": {
        "speaker1": [
          "나는 30대 여성입니다",
          "나는 검사입니다",
          "나는 댄스 음악 들으며 춤을 추는 걸로 운동을 대신한다",
          "나는 거북이를 키우고 싶다"
        ],
        "speaker2": [
          "나는 40대 여성이다",
          "나는 작가다",
          "나는 헬스를 좋아한다",
          "나는 도마뱀 두 마리를 키운다",
          "나는 도마뱀 키우는 게 쉽다",
          "나는 도마뱀 키울 때 온습도 맞추는 게 까다롭다"
        ]
      }
    }
  ]
}