{
  "FileInfo": {
    "filename": "K2-00468-CL30530-CP32354-12-10-S2.json",
    "sessionLevel": "2"
  },
  "participantsInfo": {
    "numberOfParticipants": "2",
    "speaker1": {
      "participantID": "0043",
      "gender": "남성",
      "age": "30대",
      "occupation": "사무직",
      "bPlace": "서울/경기/인천",
      "gPlace": "서울/경기/인천",
      "rPlace": "서울/경기/인천",
      "educationLevel": "고졸"
    },
    "speaker2": {
      "participantID": "0426",
      "gender": "여성",
      "age": "30대",
      "occupation": "사무직",
      "bPlace": "서울/경기/인천",
      "gPlace": "서울/경기/인천",
      "rPlace": "서울/경기/인천",
      "educationLevel": "대졸"
    }
  },
  "multisessionInfo": {
    "multisessionID": "2-00468"
  },
  "personaInfo": {
    "clInfo": {
      "personaID": "30530",
      "personaFeatures": [
        "나는 남자이다.",
        "나는 30대이다.",
        "나는 번역가이다.",
        "나는 매우 꼼꼼하다.",
        "나는 족발을 좋아한다."
      ],
      "speakerType": "speaker1"
    },
    "cpInfo": {
      "personaID": "32354",
      "personaFeatures": [
        "나는 여자이다.",
        "나는 30대이다.",
        "나의 거주지는 남양주다.",
        "나는 다소 소극적이다.",
        "나는 초밥을 즐겨 먹는다."
      ],
      "speakerType": "speaker2"
    }
  },
  "topicInfo": {
    "topicID": "12-10",
    "topicType": "여가와 오락>여행",
    "topicTitle": "호캉스"
  },
  "sessionInfo": [
    {
      "prevSessionID": null,
      "prevTimeInfo": {
        "timeNum": null,
        "timeUnit": null
      },
      "nthSession": "1",
      "numberOfUtterances": "18",
      "numberOfTurns": "9",
      "sessionID": "2-00468-1",
      "dialog": [
        {
          "speaker": "speaker1",
          "personaID": "30530",
          "participantID": "0043",
          "utterance": "저는 30대 남자입니다! ㅎㅎ 그쪽을 만나서 참 반갑네용~",
          "summary": "나는 30대 남자이다.",
          "date": "2022-09-27",
          "time": "16:11:59",
          "terminate": "false"
        },
        {
          "speaker": "speaker2",
          "personaID": "32354",
          "participantID": "0426",
          "utterance": "안녕하세요 저는 30대 여자입니다! 만나서 반갑습니다 ㅎㅎ.",
          "summary": "나는 30대 여자이다.",
          "date": "2022-09-27",
          "time": "16:12:00",
          "terminate": "false"
        },
        {
          "speaker": "speaker1",
          "personaID": "30530",
          "participantID": "0043",
          "utterance": "ㅜㅜ 저는 요즘 제가 하는 일이 너무 잘 되긴 하는데 힘드네요!",
          "summary": "",
          "date": "2022-09-27",
          "time": "16:12:16",
          "terminate": "false"
        },
        {
          "speaker": "speaker2",
          "personaID": "32354",
          "participantID": "0426",
          "utterance": "그러시군요, 너무 좋으실 것 같아요! 어떤 게 힘든데요?",
          "summary": "",
          "date": "2022-09-27",
          "time": "16:12:10",
          "terminate": "false"
        },
        {
          "speaker": "speaker1",
          "personaID": "30530",
          "participantID": "0043",
          "utterance": "제가 번역가를 하고 있는데, 번역을 아무리 잘 해도 페이가 적습니다 ㅜㅜ.",
          "summary": "나는 번역가이다.",
          "date": "2022-09-27",
          "time": "16:12:23",
          "terminate": "false"
        },
        {
          "speaker": "speaker2",
          "personaID": "32354",
          "participantID": "0426",
          "utterance": "아하..! 번역가면 힘들 것 같네요..! 그러면 스트레스를 받으시겠어요 ㅜㅜ.",
          "summary": "",
          "date": "2022-09-27",
          "time": "16:12:45",
          "terminate": "false"
        },
        {
          "speaker": "speaker1",
          "personaID": "30530",
          "participantID": "0043",
          "utterance": "ㅜㅜ 대충하고 싶은 마음도 들거든요! ? 그런데 성격 때문에 대충 못 하겠어요.",
          "summary": "",
          "date": "2022-09-27",
          "time": "16:12:52",
          "terminate": "false"
        },
        {
          "speaker": "speaker2",
          "personaID": "32354",
          "participantID": "0426",
          "utterance": "오오..! 어떤 성격을 지니고 계신지 여줘봐도 될까요?",
          "summary": "",
          "date": "2022-09-27",
          "time": "16:13:03",
          "terminate": "false"
        },
        {
          "speaker": "speaker1",
          "personaID": "30530",
          "participantID": "0043",
          "utterance": "저는 매우 꼼꼼한 성격이거든요..ㅜㅜ 그래서 틀린게 자꾸 거슬려요!",
          "summary": "나는 매우 꼼꼼하다.",
          "date": "2022-09-27",
          "time": "16:13:05",
          "terminate": "false"
        },
        {
          "speaker": "speaker2",
          "personaID": "32354",
          "participantID": "0426",
          "utterance": "그러시군요, 제가 보기엔 너무 좋은 성격인데요?",
          "summary": "",
          "date": "2022-09-27",
          "time": "16:13:13",
          "terminate": "false"
        },
        {
          "speaker": "speaker1",
          "personaID": "30530",
          "participantID": "0043",
          "utterance": "아..ㅜㅜ 그런가요? 그래서 저도 사실 후회가 되는게 하나 있어요.",
          "summary": "",
          "date": "2022-09-27",
          "time": "16:13:20",
          "terminate": "false"
        },
        {
          "speaker": "speaker2",
          "personaID": "32354",
          "participantID": "0426",
          "utterance": "어떤 부분이 후회가 되시나요? 궁금하네요 ㅎㅎ...",
          "summary": "",
          "date": "2022-09-27",
          "time": "16:13:34",
          "terminate": "false"
        },
        {
          "speaker": "speaker1",
          "personaID": "30530",
          "participantID": "0043",
          "utterance": "제가 가끔은 다른 일을 했으면 정말 잘 했을 거라는 생각이 듭니다!",
          "summary": "",
          "date": "2022-09-27",
          "time": "16:13:36",
          "terminate": "false"
        },
        {
          "speaker": "speaker2",
          "personaID": "32354",
          "participantID": "0426",
          "utterance": "그러시군요, 어떤 일을 하셨으면 하는 생각이 드시나요?",
          "summary": "",
          "date": "2022-09-27",
          "time": "16:13:48",
          "terminate": "false"
        },
        {
          "speaker": "speaker1",
          "personaID": "30530",
          "participantID": "0043",
          "utterance": "영화배우요. .ㅜㅜ 이제 이런 생각은 그만하고 스트레스나 풀려구요!",
          "summary": "",
          "date": "2022-09-27",
          "time": "16:13:56",
          "terminate": "false"
        },
        {
          "speaker": "speaker2",
          "personaID": "32354",
          "participantID": "0426",
          "utterance": "오! 그러시군요 ㅎㅎ 어떤 방식으로 스트레스를 푸시나요?",
          "summary": "",
          "date": "2022-09-27",
          "time": "16:14:10",
          "terminate": "false"
        },
        {
          "speaker": "speaker1",
          "personaID": "30530",
          "participantID": "0043",
          "utterance": "저는 족발을 좋아해요! 그것만 먹으면 정말 기분이 좋아지거든요 ㅎㅎ.",
          "summary": "나는 족발을 좋아한다.",
          "date": "2022-09-27",
          "time": "16:14:11",
          "terminate": "false"
        },
        {
          "speaker": "speaker2",
          "personaID": "32354",
          "participantID": "0426",
          "utterance": "너무 좋네요, 다행이에요 ㅎㅎ 또 연락주세요~!",
          "summary": "",
          "date": "2022-09-27",
          "time": "16:14:19",
          "terminate": "true"
        }
      ],
      "sessionPersonaSummary": {
        "speaker1": [
          "나는 30대 남자이다.",
          "나는 번역가이다.",
          "나는 매우 꼼꼼하다.",
          "나는 족발을 좋아한다."
        ],
        "speaker2": [
          "나는 30대 여자이다."
        ]
      },
      "prevAggregatedpersonaSummary": {
        "speaker1": [],
        "speaker2": []
      }
    },
    {
      "prevSessionID": "2-00468-1",
      "prevTimeInfo": {
        "timeNum": "9",
        "timeUnit": "일"
      },
      "nthSession": "2",
      "numberOfUtterances": "18",
      "numberOfTurns": "9",
      "sessionID": "2-00468-2",
      "dialog": [
        {
          "speaker": "speaker1",
          "personaID": "30530",
          "participantID": "0043",
          "utterance": "안녕하세요~ 9일이 지났는데 그쪽은 지금 어떻게 지내고 계신가요?",
          "summary": "",
          "date": "2022-09-27",
          "time": "16:14:22",
          "terminate": "false"
        },
        {
          "speaker": "speaker2",
          "personaID": "32354",
          "participantID": "0426",
          "utterance": "안녕하세요 저는 요즘 너무너무 행복한 4일을 보냈어요!!",
          "summary": "",
          "date": "2022-09-27",
          "time": "16:18:15",
          "terminate": "false"
        },
        {
          "speaker": "speaker1",
          "personaID": "30530",
          "participantID": "0043",
          "utterance": "아하. .ㅎㅎ 축하드립니다! 그쪽에게는 어떤 좋은 일들이 있으셨나요?",
          "summary": "",
          "date": "2022-09-27",
          "time": "16:18:15",
          "terminate": "false"
        },
        {
          "speaker": "speaker2",
          "personaID": "32354",
          "participantID": "0426",
          "utterance": "제가 사는 곳에서 멀리 떨어진 곳에서 호캉스를 다녀왔거든요~",
          "summary": "",
          "date": "2022-09-27",
          "time": "16:18:15",
          "terminate": "false"
        },
        {
          "speaker": "speaker1",
          "personaID": "30530",
          "participantID": "0043",
          "utterance": "오호.. 그렇군요! 그럼 그쪽은 원래는 어디에 살고 계셨나요??",
          "summary": "",
          "date": "2022-09-27",
          "time": "16:18:15",
          "terminate": "false"
        },
        {
          "speaker": "speaker2",
          "personaID": "32354",
          "participantID": "0426",
          "utterance": "저는 남양주에 거주해요, 여기선 볼 수 없는 것을 보고 와서 좋네요!!",
          "summary": "나는 남양주에 거주한다.",
          "date": "2022-09-27",
          "time": "16:18:15",
          "terminate": "false"
        },
        {
          "speaker": "speaker1",
          "personaID": "30530",
          "participantID": "0043",
          "utterance": "거기도 원래 호텔이 많지 않나요? 왜 굳이 멀리에 가셨나요?",
          "summary": "",
          "date": "2022-09-27",
          "time": "16:18:15",
          "terminate": "false"
        },
        {
          "speaker": "speaker2",
          "personaID": "32354",
          "participantID": "0426",
          "utterance": "사실 제가 성격 때문에 무얼 할 때 주도적으로 못 하는데 친구 덕분에 멀리 갔어요.",
          "summary": "",
          "date": "2022-09-27",
          "time": "16:18:15",
          "terminate": "false"
        },
        {
          "speaker": "speaker1",
          "personaID": "30530",
          "participantID": "0043",
          "utterance": "오 ㅋㅋ 그렇군요! 그럼 그쪽은 어떤 성격을 가지고 있으신 건가요?",
          "summary": "",
          "date": "2022-09-27",
          "time": "16:18:15",
          "terminate": "false"
        },
        {
          "speaker": "speaker2",
          "personaID": "32354",
          "participantID": "0426",
          "utterance": "저는 다소 소극적인 성격을 가지고 있어요, 그러다보니 여러모로 스트레스를 받네요.",
          "summary": "나는 다소 소극적이다.",
          "date": "2022-09-27",
          "time": "16:18:15",
          "terminate": "false"
        },
        {
          "speaker": "speaker1",
          "personaID": "30530",
          "participantID": "0043",
          "utterance": "아하.. 사실 그 친구분 이야기를 들으니 제 생각이 납니다.",
          "summary": "",
          "date": "2022-09-27",
          "time": "16:18:15",
          "terminate": "false"
        },
        {
          "speaker": "speaker2",
          "personaID": "32354",
          "participantID": "0426",
          "utterance": "어떤 생각이 나시는지 여쭤봐도 괜찮을까요?",
          "summary": "",
          "date": "2022-09-27",
          "time": "16:18:15",
          "terminate": "false"
        },
        {
          "speaker": "speaker1",
          "personaID": "30530",
          "participantID": "0043",
          "utterance": "저는 약간 남들에게 강요를 하는 스타일이어서 문제가 많이 생기거든요.",
          "summary": "",
          "date": "2022-09-27",
          "time": "16:18:15",
          "terminate": "false"
        },
        {
          "speaker": "speaker2",
          "personaID": "32354",
          "participantID": "0426",
          "utterance": "그러시군요!! 그럴 땐 어떻게 해결하셨을까요?",
          "summary": "",
          "date": "2022-09-27",
          "time": "16:18:15",
          "terminate": "false"
        },
        {
          "speaker": "speaker1",
          "personaID": "30530",
          "participantID": "0043",
          "utterance": "제 멋대로 안되면 화를 내요! 그래서 음식점도 제가 가고싶은 곳만 갑니다.",
          "summary": "",
          "date": "2022-09-27",
          "time": "16:18:15",
          "terminate": "false"
        },
        {
          "speaker": "speaker2",
          "personaID": "32354",
          "participantID": "0426",
          "utterance": "오호..! 독불장군이셨군요..ㅠㅠ 어떤 음식점을 가셨나요?",
          "summary": "",
          "date": "2022-09-27",
          "time": "16:18:15",
          "terminate": "false"
        },
        {
          "speaker": "speaker1",
          "personaID": "30530",
          "participantID": "0043",
          "utterance": "저는 일식을 좋아해서 그걸 먹어요! 그쪽은 뭐 좋아하시나요?? ㅎㅎ.",
          "summary": "",
          "date": "2022-09-27",
          "time": "16:18:15",
          "terminate": "false"
        },
        {
          "speaker": "speaker2",
          "personaID": "32354",
          "participantID": "0426",
          "utterance": "저는 초밥을 즐겨 먹어요 ㅎㅎ 공통점이 있네요! 오늘 즐거웠습니다.",
          "summary": "나는 초밥을 즐겨 먹는다.",
          "date": "2022-09-27",
          "time": "16:18:15",
          "terminate": "true"
        }
      ],
      "sessionPersonaSummary": {
        "speaker1": [],
        "speaker2": [
          "나는 남양주에 거주한다.",
          "나는 다소 소극적이다.",
          "나는 초밥을 즐겨 먹는다."
        ]
      },
      "prevAggregatedpersonaSummary": {
        "speaker1": [
          "나는 30대 남자이다.",
          "나는 번역가이다.",
          "나는 매우 꼼꼼하다.",
          "나는 족발을 좋아한다."
        ],
        "speaker2": [
          "나는 30대 여자이다."
        ]
      }
    }
  ]
}