{
  "FileInfo": {
    "filename": "K2-00326-CL03825-CP04210-12-07-S2.json",
    "sessionLevel": "2"
  },
  "participantsInfo": {
    "numberOfParticipants": "2",
    "speaker1": {
      "participantID": "0037",
      "gender": "여성",
      "age": "40대",
      "occupation": "무직",
      "bPlace": "부산/대구/울산/경상",
      "gPlace": "부산/대구/울산/경상",
      "rPlace": "부산/대구/울산/경상",
      "educationLevel": "대졸"
    },
    "speaker2": {
      "participantID": "0048",
      "gender": "남성",
      "age": "50대",
      "occupation": "서비스직",
      "bPlace": "부산/대구/울산/경상",
      "gPlace": "부산/대구/울산/경상",
      "rPlace": "부산/대구/울산/경상",
      "educationLevel": "고졸"
    }
  },
  "multisessionInfo": {
    "multisessionID": "2-00326"
  },
  "personaInfo": {
    "clInfo": {
      "personaID": "03825",
      "personaFeatures": [
        "나는 여자이다.",
        "나는 40대이다.",
        "나는 종교가 없다.",
        "나는 축구를 싫어한다.",
        "나는 SF 영화를 가끔 본다."
      ],
      "speakerType": "speaker1"
    },
    "cpInfo": {
      "personaID": "04210",
      "personaFeatures": [
        "나는 남자이다.",
        "나는 50대이다.",
        "나는 가족과 갈등 있을 때가 많다.",
        "나는 다소 털털하다.",
        "나는 간호사이다."
      ],
      "speakerType": "speaker2"
    }
  },
  "topicInfo": {
    "topicID": "12-07",
    "topicType": "여가와 오락>여행",
    "topicTitle": "가족여행"
  },
  "sessionInfo": [
    {
      "prevSessionID": null,
      "prevTimeInfo": {
        "timeNum": null,
        "timeUnit": null
      },
      "nthSession": "1",
      "numberOfUtterances": "16",
      "numberOfTurns": "8",
      "sessionID": "2-00326-1",
      "dialog": [
        {
          "speaker": "speaker1",
          "personaID": "03825",
          "participantID": "0037",
          "utterance": "안녕하세요. 저는 40대 입니다. 반갑습니다.",
          "summary": "나는 40대이다.",
          "date": "2022-08-27",
          "time": "21:36:35",
          "terminate": "false"
        },
        {
          "speaker": "speaker2",
          "personaID": "04210",
          "participantID": "0048",
          "utterance": "안녕하세요? 저는 50대 남자입니다. 반갑습니다.",
          "summary": "나는 50대 남자이다.",
          "date": "2022-08-27",
          "time": "21:36:49",
          "terminate": "false"
        },
        {
          "speaker": "speaker1",
          "personaID": "03825",
          "participantID": "0037",
          "utterance": "저는 여자에요. 이렇게 만난게 인연이네요. 저는 대전에 살아요.",
          "summary": "나는 여자이다. 나는 대전에 산다.",
          "date": "2022-08-27",
          "time": "21:37:34",
          "terminate": "false"
        },
        {
          "speaker": "speaker2",
          "personaID": "04210",
          "participantID": "0048",
          "utterance": "네. 저는 서울에 살고 있구요. 간호사로 일하고 있습니다.",
          "summary": "나는 서울에 살고 간호사로 일하고 있다.",
          "date": "2022-08-27",
          "time": "21:38:03",
          "terminate": "false"
        },
        {
          "speaker": "speaker1",
          "personaID": "03825",
          "participantID": "0037",
          "utterance": "남자분이 간호사시군요. 요즘 병원에서 종종 볼수있던데. 저는 방송쪽에서 일하고 있습니다.",
          "summary": "나는 방송 쪽에서 일하고 있다.",
          "date": "2022-08-27",
          "time": "21:38:38",
          "terminate": "false"
        },
        {
          "speaker": "speaker2",
          "personaID": "04210",
          "participantID": "0048",
          "utterance": "방송쪽 일은 하시는 분은 왠지 다른 세상에서 사는 사람들 같아요. 약간 우러러보게 된다고 할까요.",
          "summary": "",
          "date": "2022-08-27",
          "time": "21:39:28",
          "terminate": "false"
        },
        {
          "speaker": "speaker1",
          "personaID": "03825",
          "participantID": "0037",
          "utterance": "아하하 좋게 봐주시니 감사하네요. 간호사분들이 더 고생하시죠. 취미활동 하시는거 있으세요?",
          "summary": "",
          "date": "2022-08-27",
          "time": "21:40:01",
          "terminate": "false"
        },
        {
          "speaker": "speaker2",
          "personaID": "04210",
          "participantID": "0048",
          "utterance": "저는 스포츠댄스를 배우고 있어요. 활동적인 것을 좋아하는데, 운동도하고, 춤도추고... 좋더라구요.",
          "summary": "나는 스포츠댄스를 배운다. 나는 활동적인 게 좋아한다.",
          "date": "2022-08-27",
          "time": "21:40:34",
          "terminate": "false"
        },
        {
          "speaker": "speaker1",
          "personaID": "03825",
          "participantID": "0037",
          "utterance": "우와 멋지시다. 저는 영화보는거 좋아합니다. 그래서 SF영화를 가끔 봅니다.",
          "summary": "나는 영화 보는 것을 좋아한다. 나는 SF영화를 가끔 본다.",
          "date": "2022-08-27",
          "time": "21:41:07",
          "terminate": "false"
        },
        {
          "speaker": "speaker2",
          "personaID": "04210",
          "participantID": "0048",
          "utterance": "그러시군요. 요즘 영화관이 다시 활성화되는것 같아 좋더라구요. 그동안 코로나 때문에 잠잠했었잖아요.",
          "summary": "",
          "date": "2022-08-27",
          "time": "21:42:15",
          "terminate": "false"
        },
        {
          "speaker": "speaker1",
          "personaID": "03825",
          "participantID": "0037",
          "utterance": "네. 그동안 못했던거 많이 개봉하더라구요. 한국영화도 많구요.",
          "summary": "",
          "date": "2022-08-27",
          "time": "21:43:06",
          "terminate": "false"
        },
        {
          "speaker": "speaker2",
          "personaID": "04210",
          "participantID": "0048",
          "utterance": "저도 그동안 영화관에 못가봤는데, 한번 가봐야겠어요. 그동안 무인시스템으로 바뀐 것들도 많다고 하더라구요.",
          "summary": "",
          "date": "2022-08-27",
          "time": "21:43:43",
          "terminate": "false"
        },
        {
          "speaker": "speaker1",
          "personaID": "03825",
          "participantID": "0037",
          "utterance": "그래요? 저도 정말 오랫동안 안갔어요. 전 TV로 스포츠 보는거 좋아하는데 축구는 싫어해서 안봐요.",
          "summary": "나는 TV로 스포츠 보는 것을 좋아한다. 하지만 축구는 싫어해서 안 본다.",
          "date": "2022-08-27",
          "time": "21:44:41",
          "terminate": "false"
        },
        {
          "speaker": "speaker2",
          "personaID": "04210",
          "participantID": "0048",
          "utterance": "저는 운동은 이것저것 다 좋아하는 편이에요. 제가 성격이 좀 털털해서 아무거나 괜찮다고 하거든요.",
          "summary": "나는 운동을 좋아하는 편이다. 나는 성격이 털털하다.",
          "date": "2022-08-27",
          "time": "21:45:33",
          "terminate": "false"
        },
        {
          "speaker": "speaker1",
          "personaID": "03825",
          "participantID": "0037",
          "utterance": "그러신가봐요. 활동적이시고.^^ 전 좀 소극적인편이라 부럽네요. 회의가 있어서 다음에 뵈요.",
          "summary": "나는 조금 소극적인 편이다.",
          "date": "2022-08-27",
          "time": "21:46:15",
          "terminate": "false"
        },
        {
          "speaker": "speaker2",
          "personaID": "04210",
          "participantID": "0048",
          "utterance": "네. 다음에 또 봅시다.",
          "summary": "",
          "date": "2022-08-27",
          "time": "21:46:23",
          "terminate": "true"
        }
      ],
      "sessionPersonaSummary": {
        "speaker1": [
          "나는 40대이다.",
          "나는 여자이다. 나는 대전에 산다.",
          "나는 방송 쪽에서 일하고 있다.",
          "나는 영화 보는 것을 좋아한다. 나는 SF영화를 가끔 본다.",
          "나는 TV로 스포츠 보는 것을 좋아한다. 하지만 축구는 싫어해서 안 본다.",
          "나는 조금 소극적인 편이다."
        ],
        "speaker2": [
          "나는 50대 남자이다.",
          "나는 서울에 살고 간호사로 일하고 있다.",
          "나는 스포츠댄스를 배운다. 나는 활동적인 게 좋아한다.",
          "나는 운동을 좋아하는 편이다. 나는 성격이 털털하다."
        ]
      },
      "prevAggregatedpersonaSummary": {
        "speaker1": [],
        "speaker2": []
      }
    },
    {
      "prevSessionID": "2-00326-1",
      "prevTimeInfo": {
        "timeNum": "7",
        "timeUnit": "일"
      },
      "nthSession": "2",
      "numberOfUtterances": "16",
      "numberOfTurns": "8",
      "sessionID": "2-00326-2",
      "dialog": [
        {
          "speaker": "speaker1",
          "personaID": "03825",
          "participantID": "0037",
          "utterance": "일주일이 지났네요. 저는 주말에 가족들하고 여행 다녀왔어요. 별일 없으셨죠?",
          "summary": "",
          "date": "2022-08-27",
          "time": "21:46:54",
          "terminate": "false"
        },
        {
          "speaker": "speaker2",
          "personaID": "04210",
          "participantID": "0048",
          "utterance": "가족들하고 여행도 다녀오시고 부럽네요. 저는 가족들과 갈등 있을 때가 많아서 가족여행은 생각지도 못합니다.",
          "summary": "나는 가족과 갈등이 있어서 가족여행은 안 간다.",
          "date": "2022-08-27",
          "time": "21:47:50",
          "terminate": "false"
        },
        {
          "speaker": "speaker1",
          "personaID": "03825",
          "participantID": "0037",
          "utterance": "그러시구나. 힘드시겠네요. 날씨가 시원해서 외부활동하기 딱 좋더라구요.",
          "summary": "",
          "date": "2022-08-27",
          "time": "21:49:02",
          "terminate": "false"
        },
        {
          "speaker": "speaker2",
          "personaID": "04210",
          "participantID": "0048",
          "utterance": "그렇죠. 요즘 같은 날씨는 여행가기 딱 좋은 날씨에요. 저는 혼자라도 다녀오고 싶네요.",
          "summary": "",
          "date": "2022-08-27",
          "time": "21:49:26",
          "terminate": "false"
        },
        {
          "speaker": "speaker1",
          "personaID": "03825",
          "participantID": "0037",
          "utterance": "그럼 기분전환도 되고 좋죠. 저는 아직 애들이 어려서 놀이터가 있는 카페에 갔는데 @이름1@도 어른들도 만족할수 있는 곳이였어요.",
          "summary": "나는 @이름1@이 아직 어리다.",
          "date": "2022-08-27",
          "time": "21:50:24",
          "terminate": "false"
        },
        {
          "speaker": "speaker2",
          "personaID": "04210",
          "participantID": "0048",
          "utterance": "요즘은 가족여행으로 어른 @이름1@이 함께 놀 수 있는 곳이 참 많더라구요. 저희때는 생각도 못했는데...",
          "summary": "",
          "date": "2022-08-27",
          "time": "21:50:55",
          "terminate": "false"
        },
        {
          "speaker": "speaker1",
          "personaID": "03825",
          "participantID": "0037",
          "utterance": "네. 그런곳을 찾아가지 않으면 @이름1@ 데리고 식당이나 카페 가는게 힘들어요. 불편해 사는 사람들이 있어서요.",
          "summary": "",
          "date": "2022-08-27",
          "time": "21:51:29",
          "terminate": "false"
        },
        {
          "speaker": "speaker2",
          "personaID": "04210",
          "participantID": "0048",
          "utterance": "전에는 듣도보도 못한 말들이 많이 생기는거 같아요. 노키즈존 같은거요. 그러면서 또 출산율을 이야기하니... 참...",
          "summary": "",
          "date": "2022-08-27",
          "time": "21:52:34",
          "terminate": "false"
        },
        {
          "speaker": "speaker1",
          "personaID": "03825",
          "participantID": "0037",
          "utterance": "그러시죠? 요즘 사람들은 불편한걸 싫어해서 그런것도 생기나봐요.",
          "summary": "",
          "date": "2022-08-27",
          "time": "21:53:56",
          "terminate": "false"
        },
        {
          "speaker": "speaker2",
          "personaID": "04210",
          "participantID": "0048",
          "utterance": "아이 하나를 키울려면 온 마을사람들이 필요하다고 그러던데... 요즘 사람들 인식이 그렇게 바뀌면 좋겠네요.",
          "summary": "",
          "date": "2022-08-27",
          "time": "21:54:41",
          "terminate": "false"
        },
        {
          "speaker": "speaker1",
          "personaID": "03825",
          "participantID": "0037",
          "utterance": "요즘은 애들보다 반려동물을 더 키우는듯합니다. 반려동물 안키우세요?",
          "summary": "",
          "date": "2022-08-27",
          "time": "21:55:10",
          "terminate": "false"
        },
        {
          "speaker": "speaker2",
          "personaID": "04210",
          "participantID": "0048",
          "utterance": "저는 동물을 별로 좋아하진 않는데, 저희 @이름1@과 아내가 좋아해서 강아지한마리 키우고 있어요.",
          "summary": "나는 동물을 좋아하지 않는다. 하지만 아내와 @이름1@이 좋아해서 강아지 한 마리를 키운다.",
          "date": "2022-08-27",
          "time": "21:55:54",
          "terminate": "false"
        },
        {
          "speaker": "speaker1",
          "personaID": "03825",
          "participantID": "0037",
          "utterance": "저는 강아지보다는 고양이가 좋더라구요. 왠지 도도한 맛이 있어요. ^^ 그런데 저희는 애들 키우기도 힘들어서 동물은 안키워요.",
          "summary": "나는 강아지보다 고양이가 좋다. 나는 애들 키우기도 힘들어서 동물은 안 키운다.",
          "date": "2022-08-27",
          "time": "21:56:53",
          "terminate": "false"
        },
        {
          "speaker": "speaker2",
          "personaID": "04210",
          "participantID": "0048",
          "utterance": "ㅋㅋ 그렇죠. 둘다 하려면 정말 힘들거 같긴 하네요.",
          "summary": "",
          "date": "2022-08-27",
          "time": "21:57:45",
          "terminate": "false"
        },
        {
          "speaker": "speaker1",
          "personaID": "03825",
          "participantID": "0037",
          "utterance": "^^네~. 저는 종교가없는데 꼭 절에 같이가보자고하는 친구가 있어서 함께 가기로한 약속이 있어서요. 나가봐야겠습니다. 다음에 뵐게요.",
          "summary": "나는 종교가 없다.",
          "date": "2022-08-27",
          "time": "21:58:22",
          "terminate": "false"
        },
        {
          "speaker": "speaker2",
          "personaID": "04210",
          "participantID": "0048",
          "utterance": "아. 그래요. 잘 다녀오세요.",
          "summary": "",
          "date": "2022-08-27",
          "time": "21:58:41",
          "terminate": "true"
        }
      ],
      "sessionPersonaSummary": {
        "speaker1": [
          "나는 @이름1@이 아직 어리다.",
          "나는 강아지보다 고양이가 좋다. 나는 애들 키우기도 힘들어서 동물은 안 키운다.",
          "나는 종교가 없다."
        ],
        "speaker2": [
          "나는 가족과 갈등이 있어서 가족여행은 안 간다.",
          "나는 동물을 좋아하지 않는다. 하지만 아내와 @이름1@이 좋아해서 강아지 한 마리를 키운다."
        ]
      },
      "prevAggregatedpersonaSummary": {
        "speaker1": [
          "나는 40대이다.",
          "나는 여자이다. 나는 대전에 산다.",
          "나는 방송 쪽에서 일하고 있다.",
          "나는 영화 보는 것을 좋아한다. 나는 SF영화를 가끔 본다.",
          "나는 TV로 스포츠 보는 것을 좋아한다. 하지만 축구는 싫어해서 안 본다.",
          "나는 조금 소극적인 편이다."
        ],
        "speaker2": [
          "나는 50대 남자이다.",
          "나는 서울에 살고 간호사로 일하고 있다.",
          "나는 스포츠댄스를 배운다. 나는 활동적인 게 좋아한다.",
          "나는 운동을 좋아하는 편이다. 나는 성격이 털털하다."
        ]
      }
    }
  ]
}