{
  "FileInfo": {
    "filename": "K2-00302-CL31342-CP30671-08-03-S2.json",
    "sessionLevel": "2"
  },
  "participantsInfo": {
    "numberOfParticipants": "2",
    "speaker1": {
      "participantID": "0168",
      "gender": "여성",
      "age": "30대",
      "occupation": "주부",
      "bPlace": "대전/세종/충청/강원",
      "gPlace": "대전/세종/충청/강원",
      "rPlace": "대전/세종/충청/강원",
      "educationLevel": "대졸"
    },
    "speaker2": {
      "participantID": "0437",
      "gender": "남성",
      "age": "30대",
      "occupation": "사무직",
      "bPlace": "서울/경기/인천",
      "gPlace": "서울/경기/인천",
      "rPlace": "서울/경기/인천",
      "educationLevel": "대졸"
    }
  },
  "multisessionInfo": {
    "multisessionID": "2-00302"
  },
  "personaInfo": {
    "clInfo": {
      "personaID": "31342",
      "personaFeatures": [
        "나는 여자이다.",
        "나는 30대이다.",
        "나는 보험설계사이다.",
        "나는 오후에 복권을 산다.",
        "나는 소주를 싫어한다."
      ],
      "speakerType": "speaker1"
    },
    "cpInfo": {
      "personaID": "30671",
      "personaFeatures": [
        "나는 남자이다.",
        "나는 30대이다.",
        "나는 쇼핑호스트이다.",
        "나는 베트남에 가봤다.",
        "나는 오보에 연주를 가끔 한다."
      ],
      "speakerType": "speaker2"
    }
  },
  "topicInfo": {
    "topicID": "08-03",
    "topicType": "개인 및 관계>연애/결혼",
    "topicTitle": "여자/남자친구"
  },
  "sessionInfo": [
    {
      "prevSessionID": null,
      "prevTimeInfo": {
        "timeNum": null,
        "timeUnit": null
      },
      "nthSession": "1",
      "numberOfUtterances": "16",
      "numberOfTurns": "8",
      "sessionID": "2-00302-1",
      "dialog": [
        {
          "speaker": "speaker1",
          "personaID": "31342",
          "participantID": "0168",
          "utterance": "안녕하세요! 현재 보험설계를 해주고 있는 30대 여성이에요~!",
          "summary": "나는 30대 여성이다. 나는 보험설계사이다.",
          "date": "2022-09-24",
          "time": "14:09:32",
          "terminate": "false"
        },
        {
          "speaker": "speaker2",
          "personaID": "30671",
          "participantID": "0437",
          "utterance": "안녕하세요, 저는 쇼핑호스트를 하고있는 30대 남성이에요, 만나서 반가워요.",
          "summary": "나는 30대 남성이다. 나는 쇼핑호스트이다.",
          "date": "2022-09-24",
          "time": "14:10:17",
          "terminate": "false"
        },
        {
          "speaker": "speaker1",
          "personaID": "31342",
          "participantID": "0168",
          "utterance": "네,반가워요! 지인 소개로 이렇게 연락드리게 되었네요! 주말인데 오후에 뭐 할 예정이세요?",
          "summary": "",
          "date": "2022-09-24",
          "time": "14:12:05",
          "terminate": "false"
        },
        {
          "speaker": "speaker2",
          "personaID": "30671",
          "participantID": "0437",
          "utterance": "주말에도 가끔 일은 하는데, 이번주에는 일이 없어서 오늘은 조금 쉴까해요! 이번주에 너무 힘들었었거든요..ㅠㅠ.",
          "summary": "나는 이번 주에 힘들었었다.",
          "date": "2022-09-24",
          "time": "14:13:26",
          "terminate": "false"
        },
        {
          "speaker": "speaker1",
          "personaID": "31342",
          "participantID": "0168",
          "utterance": "그러시구나! 저는 오후에 복권을 사고 일정이 없어서 저녁식사나 같이할까 했어요!",
          "summary": "나는 오후에 복권을 산다.",
          "date": "2022-09-24",
          "time": "14:15:17",
          "terminate": "false"
        },
        {
          "speaker": "speaker2",
          "personaID": "30671",
          "participantID": "0437",
          "utterance": "아 저 오늘은 너무 피곤해서요.. 다음주에 베트남 출장이 있어서 이번 주말은 푹 쉴까했어요!",
          "summary": "나는 다음 주에 베트남 출장이 있다.",
          "date": "2022-09-24",
          "time": "14:18:22",
          "terminate": "false"
        },
        {
          "speaker": "speaker1",
          "personaID": "31342",
          "participantID": "0168",
          "utterance": "어머! 그럼 쉬셔야죠! 다음주에 베트남 출장가서 어떤 업무를 보시는 건가요?",
          "summary": "",
          "date": "2022-09-24",
          "time": "14:22:47",
          "terminate": "false"
        },
        {
          "speaker": "speaker2",
          "personaID": "30671",
          "participantID": "0437",
          "utterance": "쇼핑호스트다 보니 그쪽에도 스튜디오가 있어서요! 저번달에도 다녀왔는데, 그 쪽 에선 쉬는시간이 많아서 좋았어요.",
          "summary": "나는 베트남에 가봤다.",
          "date": "2022-09-24",
          "time": "14:23:31",
          "terminate": "false"
        },
        {
          "speaker": "speaker1",
          "personaID": "31342",
          "participantID": "0168",
          "utterance": "자주 가시나@이름1@요! 저도 직업이 해외에 자주가는 일 이라면 좋았을텐데... 취미는 어떻게 되세요?",
          "summary": "",
          "date": "2022-09-24",
          "time": "14:25:00",
          "terminate": "false"
        },
        {
          "speaker": "speaker2",
          "personaID": "30671",
          "participantID": "0437",
          "utterance": "해외여행 좋아하시는구나! 저는 가끔 오보에 연주를 가끔하는게 유일한 취미에요! 그쪽은요?",
          "summary": "나는 오보에 연주를 가끔 한다.",
          "date": "2022-09-24",
          "time": "14:25:31",
          "terminate": "false"
        },
        {
          "speaker": "speaker1",
          "personaID": "31342",
          "participantID": "0168",
          "utterance": "저는 국내, 해외 상관없이 여행을 하는걸 좋아해요! 시간만 나면 언제든이죠! 생각하니 가고 싶어지네요..",
          "summary": "나는 국내, 해외 상관없이 여행하는 걸 좋아한다.",
          "date": "2022-09-24",
          "time": "14:26:55",
          "terminate": "false"
        },
        {
          "speaker": "speaker2",
          "personaID": "30671",
          "participantID": "0437",
          "utterance": "그마음 알죠! 이제 코로나도 종식되어가니 편하게 다니는 날이 올거에요!",
          "summary": "",
          "date": "2022-09-24",
          "time": "14:28:40",
          "terminate": "false"
        },
        {
          "speaker": "speaker1",
          "personaID": "31342",
          "participantID": "0168",
          "utterance": "그렇겠죠? 오늘은 피곤하시니까 내일 저녁에 식사하는건 어때요?",
          "summary": "",
          "date": "2022-09-24",
          "time": "14:29:10",
          "terminate": "false"
        },
        {
          "speaker": "speaker2",
          "personaID": "30671",
          "participantID": "0437",
          "utterance": "네~ 너무 좋아요! 이런건 남자가 매너있게 먼저 해줘야하는데 적극적이시네요!",
          "summary": "",
          "date": "2022-09-24",
          "time": "14:30:56",
          "terminate": "false"
        },
        {
          "speaker": "speaker1",
          "personaID": "31342",
          "participantID": "0168",
          "utterance": "여자가 먼저 적극적일 수 도 있죠! 일단 내일 점심쯤 연락드릴게요!",
          "summary": "나는 여자가 먼저 적극적일 수 있다고 생각한다.",
          "date": "2022-09-24",
          "time": "14:33:41",
          "terminate": "false"
        },
        {
          "speaker": "speaker2",
          "personaID": "30671",
          "participantID": "0437",
          "utterance": "네! 내일 연락주세요! 기다리겠습니다!",
          "summary": "",
          "date": "2022-09-24",
          "time": "14:34:07",
          "terminate": "true"
        }
      ],
      "sessionPersonaSummary": {
        "speaker1": [
          "나는 30대 여성이다. 나는 보험설계사이다.",
          "나는 오후에 복권을 산다.",
          "나는 국내, 해외 상관없이 여행하는 걸 좋아한다.",
          "나는 여자가 먼저 적극적일 수 있다고 생각한다."
        ],
        "speaker2": [
          "나는 30대 남성이다. 나는 쇼핑호스트이다.",
          "나는 이번 주에 힘들었었다.",
          "나는 다음 주에 베트남 출장이 있다.",
          "나는 베트남에 가봤다.",
          "나는 오보에 연주를 가끔 한다."
        ]
      },
      "prevAggregatedpersonaSummary": {
        "speaker1": [],
        "speaker2": []
      }
    },
    {
      "prevSessionID": "2-00302-1",
      "prevTimeInfo": {
        "timeNum": "1",
        "timeUnit": "일"
      },
      "nthSession": "2",
      "numberOfUtterances": "16",
      "numberOfTurns": "8",
      "sessionID": "2-00302-2",
      "dialog": [
        {
          "speaker": "speaker1",
          "personaID": "31342",
          "participantID": "0168",
          "utterance": "잘잤어요? 어제 오후 나름 바쁘게 보내고 늦잠자서 벌써 점심시간이네요!",
          "summary": "나는 늦잠을 잤다.",
          "date": "2022-09-24",
          "time": "14:35:24",
          "terminate": "false"
        },
        {
          "speaker": "speaker2",
          "personaID": "30671",
          "participantID": "0437",
          "utterance": "네! 저는 진작에 일어나서 방금 점심먹었어요.",
          "summary": "나는 방금 점심을 먹었다.",
          "date": "2022-09-24",
          "time": "14:35:58",
          "terminate": "false"
        },
        {
          "speaker": "speaker1",
          "personaID": "31342",
          "participantID": "0168",
          "utterance": "저도 얼른 점심을 먹고 준비를 해야겠어요! 남자친구를 만난다면 해보고싶은게 많았는데 뭐 부터 해야할지 모르겠네요!",
          "summary": "",
          "date": "2022-09-24",
          "time": "14:37:47",
          "terminate": "false"
        },
        {
          "speaker": "speaker2",
          "personaID": "30671",
          "participantID": "0437",
          "utterance": "저는 왠만한음식은 괜찮은데 여자친구랑 해보고싶은 로망이 있기는 해요!",
          "summary": "나는 웬만한 음식은 괜찮다.",
          "date": "2022-09-24",
          "time": "14:46:01",
          "terminate": "false"
        },
        {
          "speaker": "speaker1",
          "personaID": "31342",
          "participantID": "0168",
          "utterance": "그게 뭔데요? 제가 로망실현을 해줄 수 있으면 해드릴게요!^^",
          "summary": "",
          "date": "2022-09-24",
          "time": "14:46:48",
          "terminate": "false"
        },
        {
          "speaker": "speaker2",
          "personaID": "30671",
          "participantID": "0437",
          "utterance": "삼겹살에 소주하기에요! 보통 여자친구랑은 예쁜데 가야하고 그러는데 , 남자친구들끼리 가는 허름한 가게에서 술한잔 하고싶어요!",
          "summary": "나는 허름한 가게에서 술 한잔 하고 싶다.",
          "date": "2022-09-24",
          "time": "14:47:32",
          "terminate": "false"
        },
        {
          "speaker": "speaker1",
          "personaID": "31342",
          "participantID": "0168",
          "utterance": "앗! 제가 소주를 싫어해서요..ㅠㅠ 혹시 저는 맥주가 괜찮다면 여자친구 로망을 들어드릴 수 있을거같아요!",
          "summary": "나는 소주를 싫어한다.",
          "date": "2022-09-24",
          "time": "14:48:09",
          "terminate": "false"
        },
        {
          "speaker": "speaker2",
          "personaID": "30671",
          "participantID": "0437",
          "utterance": "저는 너무 좋죠! 그런데 첫만남에 실례가아닌지 생각이 드네요!",
          "summary": "",
          "date": "2022-09-24",
          "time": "14:49:26",
          "terminate": "false"
        },
        {
          "speaker": "speaker1",
          "personaID": "31342",
          "participantID": "0168",
          "utterance": "저는 괜찮아요! 제가 워낙 남자친구한테 잘 맞추는 성격이라~~ ㅎㅎ 이런 성격싫어하시려나!",
          "summary": "나는 남자 친구한테 잘 맞추는 성격이다.",
          "date": "2022-09-24",
          "time": "14:50:42",
          "terminate": "false"
        },
        {
          "speaker": "speaker2",
          "personaID": "30671",
          "participantID": "0437",
          "utterance": "아니요! 최고죠! 남자들이 원하는 최고의 성격을 가진 여자친구 아닐까요? 삼겹살은 제가 사겠습니다!",
          "summary": "나는 삼겹살을 살 예정이다.",
          "date": "2022-09-24",
          "time": "14:50:46",
          "terminate": "false"
        },
        {
          "speaker": "speaker1",
          "personaID": "31342",
          "participantID": "0168",
          "utterance": "그렇게 생각해주시다니 고마워요! 제가 그럼 다음에 영화를 예매할게요!",
          "summary": "나는 영화를 예매할 예정이다.",
          "date": "2022-09-24",
          "time": "14:51:35",
          "terminate": "false"
        },
        {
          "speaker": "speaker2",
          "personaID": "30671",
          "participantID": "0437",
          "utterance": "두번째 만남도 미리 잡아주시는 건가요? ㅎㅎ 두번째일땐 여자친구가 되어있으실지도 몰라요~",
          "summary": "",
          "date": "2022-09-24",
          "time": "14:52:09",
          "terminate": "false"
        },
        {
          "speaker": "speaker1",
          "personaID": "31342",
          "participantID": "0168",
          "utterance": "아이참! 부끄럽네요! ㅎㅎ 이따가 몇시쯤에 뵐까요?",
          "summary": "",
          "date": "2022-09-24",
          "time": "14:58:03",
          "terminate": "false"
        },
        {
          "speaker": "speaker2",
          "personaID": "30671",
          "participantID": "0437",
          "utterance": "다음날 출근하니까 5시가 좋을 것 같아요! 제가 그쪽으로 갈게요!",
          "summary": "나는 다음날 출근한다.",
          "date": "2022-09-24",
          "time": "14:58:23",
          "terminate": "false"
        },
        {
          "speaker": "speaker1",
          "personaID": "31342",
          "participantID": "0168",
          "utterance": "알겠어요! 그럼 이따가 나가기전에 연락드릴게요! 이따뵈어요!!",
          "summary": "",
          "date": "2022-09-24",
          "time": "14:58:45",
          "terminate": "false"
        },
        {
          "speaker": "speaker2",
          "personaID": "30671",
          "participantID": "0437",
          "utterance": "넵! 기다려지네요! 이따가 뵙겠습니다~!!!",
          "summary": "나는 기다려진다.",
          "date": "2022-09-24",
          "time": "14:59:24",
          "terminate": "true"
        }
      ],
      "sessionPersonaSummary": {
        "speaker1": [
          "나는 늦잠을 잤다.",
          "나는 소주를 싫어한다.",
          "나는 남자 친구한테 잘 맞추는 성격이다.",
          "나는 영화를 예매할 예정이다."
        ],
        "speaker2": [
          "나는 방금 점심을 먹었다.",
          "나는 웬만한 음식은 괜찮다.",
          "나는 허름한 가게에서 술 한잔 하고 싶다.",
          "나는 삼겹살을 살 예정이다.",
          "나는 다음날 출근한다.",
          "나는 기다려진다."
        ]
      },
      "prevAggregatedpersonaSummary": {
        "speaker1": [
          "나는 30대 여성이다. 나는 보험설계사이다.",
          "나는 오후에 복권을 산다.",
          "나는 국내, 해외 상관없이 여행하는 걸 좋아한다.",
          "나는 여자가 먼저 적극적일 수 있다고 생각한다."
        ],
        "speaker2": [
          "나는 30대 남성이다. 나는 쇼핑호스트이다.",
          "나는 이번 주에 힘들었었다.",
          "나는 다음 주에 베트남 출장이 있다.",
          "나는 베트남에 가봤다.",
          "나는 오보에 연주를 가끔 한다."
        ]
      }
    }
  ]
}