{
  "FileInfo": {
    "filename": "K2-00486-CL25939-CP62702-04-11-S2.json",
    "sessionLevel": "2"
  },
  "participantsInfo": {
    "numberOfParticipants": "2",
    "speaker1": {
      "participantID": "4695",
      "gender": "여성",
      "age": "30대",
      "occupation": "사무직",
      "bPlace": "부산/대구/울산/경상",
      "gPlace": "부산/대구/울산/경상",
      "rPlace": "부산/대구/울산/경상",
      "educationLevel": "대졸"
    },
    "speaker2": {
      "participantID": "4803",
      "gender": "여성",
      "age": "50대",
      "occupation": "주부",
      "bPlace": "광주/전라/제주",
      "gPlace": "광주/전라/제주",
      "rPlace": "서울/경기/인천",
      "educationLevel": "고졸"
    }
  },
  "multisessionInfo": {
    "multisessionID": "2-00486"
  },
  "personaInfo": {
    "clInfo": {
      "personaID": "25939",
      "personaFeatures": [
        "나는 여자이다.",
        "나는 20대이다.",
        "나는 따뜻한 날씨를 싫어한다",
        "나는 응급구조사이다",
        "나는 홈트레이닝을 좋아한다",
        "나는 수박을 좋아한다",
        "나는 저녁에 친구를 만난다"
      ],
      "speakerType": "speaker1"
    },
    "cpInfo": {
      "personaID": "62702",
      "personaFeatures": [
        "나는 여자이다.",
        "나는 60대 이상이다.",
        "나는 병원에 가는 것을 싫어한다",
        "나는 참외를 즐겨 먹는다",
        "나는 소설을 가끔 읽는다",
        "나의 거주지는 김해이다"
      ],
      "speakerType": "speaker2"
    }
  },
  "topicInfo": {
    "topicID": "04-11",
    "topicType": "일과 직업>회사/아르바이트",
    "topicTitle": "야근"
  },
  "sessionInfo": [
    {
      "prevSessionID": null,
      "prevTimeInfo": {
        "timeNum": null,
        "timeUnit": null
      },
      "nthSession": "1",
      "numberOfUtterances": "14",
      "numberOfTurns": "7",
      "sessionID": "2-00486-1",
      "dialog": [
        {
          "speaker": "speaker1",
          "personaID": "25939",
          "participantID": "4695",
          "utterance": "안녕하세요 응급구조사로 일하는 20대 여자입니다",
          "summary": "나는 20대 응급구조사입니다",
          "date": "2022-12-03",
          "time": "09:59:17",
          "terminate": "false"
        },
        {
          "speaker": "speaker2",
          "personaID": "62702",
          "participantID": "4803",
          "utterance": "안녕하세요.60대 여성이고 김해에 거주하고 있습니다.우리에게 도움이 꼭 필요한 맛진 직업이네요",
          "summary": "나는 김해에 거주하는 60대 여자다",
          "date": "2022-12-03",
          "time": "10:04:43",
          "terminate": "false"
        },
        {
          "speaker": "speaker1",
          "personaID": "25939",
          "participantID": "4695",
          "utterance": "감사합니다! 이번주에 계속 추운데 감기 조심하세요. 저는 원래 따뜻한 날씨를 싫어해서 요즘 날씨가 좋지만 추울때는 사고가 많이 일어나니 일도 많네요",
          "summary": "나는 따뜻한 날씨를 싫어한다",
          "date": "2022-12-04",
          "time": "11:20:52",
          "terminate": "false"
        },
        {
          "speaker": "speaker2",
          "personaID": "62702",
          "participantID": "4803",
          "utterance": "길이 얼고 눈이 오는날은 힘드시겠네요. .우리곁엔 도움을 주시는 분들이 참 많네요. . 좋은 음식 잘 드셔서 체력 보충하셔야겠네요. 전 과일중에서 참외와 복숭아를 좋아하는데 좋아하는 과일 있으세요?",
          "summary": "나는 과일 중에 참외와 복숭아를 가장 좋아한다.",
          "date": "2022-12-04",
          "time": "12:20:49",
          "terminate": "false"
        },
        {
          "speaker": "speaker1",
          "personaID": "25939",
          "participantID": "4695",
          "utterance": "맞아요. 길이 얼어서 넘어지는 사고도 많아서 몸이 굳지않도록 관리가 필요해요. 저는 좋아하는 홈트레이닝을 하면서 관리하고 있는데 제 성격에 잘맞아서 좋더라구요!  과일 중에서는 수박을 가장  좋아한답니다. ",
          "summary": "나는 홈트레이닝을 좋아한다. 나는 수박을 좋아한다",
          "date": "2022-12-04",
          "time": "13:25:05",
          "terminate": "false"
        },
        {
          "speaker": "speaker2",
          "personaID": "62702",
          "participantID": "4803",
          "utterance": "여름엔 수박과 참외죠. 병워가는걸 싫어하는데  병원 갈 알이 생기더라구요. 트라우마 같은 것은 없으셨나요?",
          "summary": "나는 병원 가는 것을 싫어하는데 병원 갈 일이 생긴다.",
          "date": "2022-12-04",
          "time": "13:52:41",
          "terminate": "false"
        },
        {
          "speaker": "speaker1",
          "personaID": "25939",
          "participantID": "4695",
          "utterance": "맞아요 병원은 가기싫지만 갈 일이 생기면 어쩔 수 없이 가야죠! 아프거나 위급하고 그럴때는 또 고마운게 병원이잖아요",
          "summary": "나는 병원을 가기 싫어한다",
          "date": "2022-12-04",
          "time": "20:15:10",
          "terminate": "false"
        },
        {
          "speaker": "speaker2",
          "personaID": "62702",
          "participantID": "4803",
          "utterance": "소설을  가끔씩 읽는데 노환이 왔는지  글씨가 침침하네요.세월앞에 장사없다고 하잖아요",
          "summary": "나는 가끔 소설을 읽는데 노환이 왔는지 눈이 침침하다",
          "date": "2022-12-04",
          "time": "20:41:36",
          "terminate": "false"
        },
        {
          "speaker": "speaker1",
          "personaID": "25939",
          "participantID": "4695",
          "utterance": "맞아요. 세월 앞에 장사 없다라는 말을 체감할때 정말 슬픈 것 같아요. 오늘은 뭐하시나요? 저는 저녁에 친구를 만나기로 했는데 아마 새벽까지  있다가 16강 축구 경기도 같이 볼 예정이에요!",
          "summary": "나는 세월 앞에 장사가 없다는 것을 알았다 나는 저녁에 친구와 축구 경기를 볼 것이다",
          "date": "2022-12-05",
          "time": "12:59:21",
          "terminate": "false"
        },
        {
          "speaker": "speaker2",
          "personaID": "62702",
          "participantID": "4803",
          "utterance": "일찍 잠자리에 들어서 축구 할 시간에 일어날 예정입니다. 전 친구와  순두부찌개 먹고 왔는데 너무 매콤해서 몇숟갈 먹다 포기했어요. 혀가 아직도 얼얼합니다.",
          "summary": "나는 일찍 잠자리에 들어 축구 경기하는 시간에 맞춰 일어날 예정이다. 나는 친구와 순두부찌개를 먹고 왔는데 매콤해서 먹다 포기했다",
          "date": "2022-12-05",
          "time": "16:08:10",
          "terminate": "false"
        },
        {
          "speaker": "speaker1",
          "personaID": "25939",
          "participantID": "4695",
          "utterance": "매운 음식을 잘 못드시나보네요! 저는 스트레스 받으면 매운 음식이 가장 먼저 생각나더라구요.",
          "summary": "나는 스트레스를 받으면 매운 음식이 생각난다",
          "date": "2022-12-05",
          "time": "16:36:00",
          "terminate": "false"
        },
        {
          "speaker": "speaker2",
          "personaID": "62702",
          "participantID": "4803",
          "utterance": "젊을땐 잘먹는다 생각했는데 입맛이 변하더라구요. 매콤은 좀 힘드네요",
          "summary": "나는 젊을 때 매운 음식은 다 잘 먹는다 생각했는데 입맛이 변해서 매콤은 힘들다",
          "date": "2022-12-05",
          "time": "16:38:15",
          "terminate": "false"
        },
        {
          "speaker": "speaker1",
          "personaID": "25939",
          "participantID": "4695",
          "utterance": "맞아요. 입맛은 자꾸 자꾸 변한다고 하잖아요. 저도 가지를 못먹었었는데 지금은 없어서 못먹을 지경이에요.",
          "summary": "나는 가지를 못 먹었는데 지금은 먹을 수 있다",
          "date": "2022-12-05",
          "time": "16:38:52",
          "terminate": "false"
        },
        {
          "speaker": "speaker2",
          "personaID": "62702",
          "participantID": "4803",
          "utterance": "그러니까요.자꾸 변하나봅니다. 잠시만 나겁니다.",
          "summary": "",
          "date": "2022-12-05",
          "time": "16:41:42",
          "terminate": "true"
        }
      ],
      "sessionPersonaSummary": {
        "speaker1": [
          "나는 20대 응급구조사입니다",
          "나는 따뜻한 날씨를 싫어한다",
          "나는 홈트레이닝을 좋아한다.",
          "나는 수박을 좋아한다",
          "나는 병원을 가기 싫어한다",
          "나는 세월 앞에 장사가 없다는 것을 알았다",
          "나는 저녁에 친구와 축구 경기를 볼 것이다",
          "나는 스트레스를 받으면 매운 음식이 생각난다",
          "나는 가지를 못 먹었는데 지금은 먹을 수 있다"
        ],
        "speaker2": [
          "나는 김해에 거주하는 60대 여자다",
          "나는 과일 중에 참외와 복숭아를 가장 좋아한다.",
          "나는 병원 가는 것을 싫어하는데 병원 갈 일이 생긴다.",
          "나는 가끔 소설을 읽는데 노환이 왔는지 눈이 침침하다",
          "나는 일찍 잠자리에 들어 축구 경기하는 시간에 맞춰 일어날 예정이다. 나는 친구와 순두부찌개를 먹고 왔는데 매콤해서 먹다 포기했다",
          "나는 젊을 때 매운 음식은 다 잘 먹는다 생각했는데 입맛이 변해서 매콤은 힘들다"
        ]
      },
      "prevAggregatedpersonaSummary": {
        "speaker1": [],
        "speaker2": []
      }
    },
    {
      "prevSessionID": "2-00486-1",
      "prevTimeInfo": {
        "timeNum": "34",
        "timeUnit": "시간"
      },
      "nthSession": "2",
      "numberOfUtterances": "14",
      "numberOfTurns": "7",
      "sessionID": "2-00486-2",
      "dialog": [
        {
          "speaker": "speaker1",
          "personaID": "25939",
          "participantID": "4695",
          "utterance": "34시간만이네요. 어제 동생이 야근하고 새벽에 들어오는 소리에 잠을 설쳤더니 피곤하네요",
          "summary": "나는 34시간 만이다.",
          "date": "2022-12-06",
          "time": "08:56:59",
          "terminate": "false"
        },
        {
          "speaker": "speaker2",
          "personaID": "62702",
          "participantID": "4803",
          "utterance": "그러게요. 34시간만에 뵈니  밖은  찬바람이 쌩쌩하네요.반가워요",
          "summary": "",
          "date": "2022-12-06",
          "time": "09:04:11",
          "terminate": "false"
        },
        {
          "speaker": "speaker1",
          "personaID": "25939",
          "participantID": "4695",
          "utterance": "그러니까요 이 한파에 새벽까지 야근하고 온 동생이 가엾기도 하고 그러네요 회계팀에서 일하다보니 월말월초에는 항상 야근을 하더라구요",
          "summary": "나는 이 한파에 새벽까지 야근하고 온 동생이 가엾기도 하고 그렇다. 나는 획켸팀에서 일하다 보니 월말 월초에 는 항상 야근을 한다.",
          "date": "2022-12-06",
          "time": "09:48:54",
          "terminate": "false"
        },
        {
          "speaker": "speaker2",
          "personaID": "62702",
          "participantID": "4803",
          "utterance": "멋진 일을 하시는 동생분을 두셨네요..야근이 없어졌다 하지만 일이 밀리면 어쩔수 없나봐요",
          "summary": "나는 야근이 없어졌다고 들었는데 일이 밀리면 어쩔 수 없나 보다 싶다",
          "date": "2022-12-06",
          "time": "09:54:40",
          "terminate": "false"
        },
        {
          "speaker": "speaker1",
          "personaID": "25939",
          "participantID": "4695",
          "utterance": "맞아요. 회사에서도 워라밸을 지켜주기위해서 다양한 제도를 도입하고 있지만 업무량이 많으면 야근이 불가피한 것 같아요",
          "summary": "나는 회사에서도 워라벨을 지켜주기 위해서 다양한 제도를 도입하고 있지만 업무량이 많으면 야근은 불가피하다.",
          "date": "2022-12-06",
          "time": "13:40:41",
          "terminate": "false"
        },
        {
          "speaker": "speaker2",
          "personaID": "62702",
          "participantID": "4803",
          "utterance": "말씀을 참 고급지고 멋지게 말씀하시는 거 같아요.듣는 사람 기분이 좋으실거 같아요",
          "summary": "",
          "date": "2022-12-06",
          "time": "15:13:26",
          "terminate": "false"
        },
        {
          "speaker": "speaker1",
          "personaID": "25939",
          "participantID": "4695",
          "utterance": "감사합니다 .특급칭찬을 해주시니 몸 둘 바를 모르겠습니다  저는 스 응급 구조사 케쥴 근무이다보니 야근은 웬만하면 안해도 되서 좋네요. ",
          "summary": "나는 툭 급칭찬에 몸 둘 바를 모르겠다. 나는 스케줄 근무이다 보니 야근은 웬만하면 안 해도 돼서 좋다.",
          "date": "2022-12-06",
          "time": "17:35:27",
          "terminate": "false"
        },
        {
          "speaker": "speaker2",
          "personaID": "62702",
          "participantID": "4803",
          "utterance": "제 조카는  설계를 하는데 거의 늦게 들어 오더라구요",
          "summary": "나의 조카는 설계하는 일을 하는데 일이 거의 대부분 늦게 끝난다",
          "date": "2022-12-06",
          "time": "17:37:16",
          "terminate": "false"
        },
        {
          "speaker": "speaker1",
          "personaID": "25939",
          "participantID": "4695",
          "utterance": "직업에 따라서 야근을 하기도 안하기도 하지만 야근을 하다보면 건강을 해칠 것 같아요",
          "summary": "나는 야근을 하다 보면 건강을 해칠 거 같다.",
          "date": "2022-12-06",
          "time": "17:38:20",
          "terminate": "false"
        },
        {
          "speaker": "speaker2",
          "personaID": "62702",
          "participantID": "4803",
          "utterance": "여자 조카인데 늦게 끝나고 나서 술 약속도 엄청 있더라구요",
          "summary": "나의 조카의 여자인데 일이 늦게 끝난 후 술 약속도 엄청 있었다",
          "date": "2022-12-06",
          "time": "17:48:08",
          "terminate": "false"
        },
        {
          "speaker": "speaker1",
          "personaID": "25939",
          "participantID": "4695",
          "utterance": "맞아요. 제 동생도 그렇더라구요. 회식도 야근이죠 뭐!",
          "summary": "나는 회식도 야근이다",
          "date": "2022-12-06",
          "time": "18:59:23",
          "terminate": "false"
        },
        {
          "speaker": "speaker2",
          "personaID": "62702",
          "participantID": "4803",
          "utterance": "서빙알바도 저의 아이는 했는데  밤마다 팔이 아프다 하더라구요",
          "summary": "나의 자녀는 서빙 아르바이트할 때는 밤마다 팔이 아프다고 했었다",
          "date": "2022-12-06",
          "time": "20:11:05",
          "terminate": "false"
        },
        {
          "speaker": "speaker1",
          "personaID": "25939",
          "participantID": "4695",
          "utterance": "팔이 아플 법해요. 저도 서빙 아르바이트는 해본적 있는데 보통일이 아니죠. 팔에 생활근육 생기더라고요",
          "summary": "나는 팔이 아플법하다는 걸 안다.",
          "date": "2022-12-06",
          "time": "20:57:11",
          "terminate": "false"
        },
        {
          "speaker": "speaker2",
          "personaID": "62702",
          "participantID": "4803",
          "utterance": "요즘 배달알바 하시는 분들 많이 계시잖아요. 오늘 눈 때문에 길이 미끄럽지는 않았는지 걱정되더라구요. 그럼 다음에 연락드릴게요.",
          "summary": "나는 요즘 배달 아르바이트하는 사람들이 많은데 길이 미끄럽지 않은지 걱정이 된다",
          "date": "2022-12-06",
          "time": "21:09:39",
          "terminate": "true"
        }
      ],
      "sessionPersonaSummary": {
        "speaker1": [
          "나는 34시간 만이다.",
          "나는 이 한파에 새벽까지 야근하고 온 동생이 가엾기도 하고 그렇다.",
          "나는 획켸팀에서 일하다 보니 월말 월초에 는 항상 야근을 한다.",
          "나는 회사에서도 워라벨을 지켜주기 위해서 다양한 제도를 도입하고 있지만 업무량이 많으면 야근은 불가피하다.",
          "나는 툭 급칭찬에 몸 둘 바를 모르겠다.",
          "나는 스케줄 근무이다 보니 야근은 웬만하면 안 해도 돼서 좋다.",
          "나는 야근을 하다 보면 건강을 해칠 거 같다.",
          "나는 회식도 야근이다",
          "나는 팔이 아플법하다는 걸 안다."
        ],
        "speaker2": [
          "나는 야근이 없어졌다고 들었는데 일이 밀리면 어쩔 수 없나 보다 싶다",
          "나의 조카는 설계하는 일을 하는데 일이 거의 대부분 늦게 끝난다",
          "나의 조카의 여자인데 일이 늦게 끝난 후 술 약속도 엄청 있었다",
          "나의 자녀는 서빙 아르바이트할 때는 밤마다 팔이 아프다고 했었다",
          "나는 요즘 배달 아르바이트하는 사람들이 많은데 길이 미끄럽지 않은지 걱정이 된다"
        ]
      },
      "prevAggregatedpersonaSummary": {
        "speaker1": [
          "나는 20대 응급구조사입니다",
          "나는 따뜻한 날씨를 싫어한다",
          "나는 홈트레이닝을 좋아한다.",
          "나는 수박을 좋아한다",
          "나는 병원을 가기 싫어한다",
          "나는 세월 앞에 장사가 없다는 것을 알았다",
          "나는 저녁에 친구와 축구 경기를 볼 것이다",
          "나는 스트레스를 받으면 매운 음식이 생각난다",
          "나는 가지를 못 먹었는데 지금은 먹을 수 있다"
        ],
        "speaker2": [
          "나는 김해에 거주하는 60대 여자다",
          "나는 과일 중에 참외와 복숭아를 가장 좋아한다.",
          "나는 병원 가는 것을 싫어하는데 병원 갈 일이 생긴다.",
          "나는 가끔 소설을 읽는데 노환이 왔는지 눈이 침침하다",
          "나는 일찍 잠자리에 들어 축구 경기하는 시간에 맞춰 일어날 예정이다. 나는 친구와 순두부찌개를 먹고 왔는데 매콤해서 먹다 포기했다",
          "나는 젊을 때 매운 음식은 다 잘 먹는다 생각했는데 입맛이 변해서 매콤은 힘들다"
        ]
      }
    }
  ]
}