{
  "FileInfo": {
    "filename": "K2-00219-CL02459-CP02012-09-06-S2.json",
    "sessionLevel": "2"
  },
  "participantsInfo": {
    "numberOfParticipants": "2",
    "speaker1": {
      "participantID": "0041",
      "gender": "남성",
      "age": "30대",
      "occupation": "기타",
      "bPlace": "서울/경기/인천",
      "gPlace": "서울/경기/인천",
      "rPlace": "서울/경기/인천",
      "educationLevel": "대졸"
    },
    "speaker2": {
      "participantID": "0108",
      "gender": "여성",
      "age": "20대",
      "occupation": "무직",
      "bPlace": "광주/전라/제주",
      "gPlace": "광주/전라/제주",
      "rPlace": "광주/전라/제주",
      "educationLevel": "대졸"
    }
  },
  "multisessionInfo": {
    "multisessionID": "2-00219"
  },
  "personaInfo": {
    "clInfo": {
      "personaID": "02459",
      "personaFeatures": [
        "나는 남자이다.",
        "나는 30대이다.",
        "나의 아버지는 회사원이다.",
        "나는 클래식 음악을 싫어한다.",
        "나는 홈트레이닝을 가끔 한다."
      ],
      "speakerType": "speaker1"
    },
    "cpInfo": {
      "personaID": "02012",
      "personaFeatures": [
        "나는 여자이다.",
        "나는 20대이다.",
        "나의 종교는 불교이다.",
        "나는 순두부찌개를 싫어한다.",
        "나는 고양이와 강아지 세 마리를 키운다."
      ],
      "speakerType": "speaker2"
    }
  },
  "topicInfo": {
    "topicID": "09-06",
    "topicType": "개인 및 관계>반려동물",
    "topicTitle": "반려동물 산책"
  },
  "sessionInfo": [
    {
      "prevSessionID": null,
      "prevTimeInfo": {
        "timeNum": null,
        "timeUnit": null
      },
      "nthSession": "1",
      "numberOfUtterances": "16",
      "numberOfTurns": "8",
      "sessionID": "2-00219-1",
      "dialog": [
        {
          "speaker": "speaker1",
          "personaID": "02459",
          "participantID": "0041",
          "utterance": "안녕하세요 30대 남성입니다.",
          "summary": "나는 30대 남성이다.",
          "date": "2022-08-04",
          "time": "20:45:10",
          "terminate": "false"
        },
        {
          "speaker": "speaker2",
          "personaID": "02012",
          "participantID": "0108",
          "utterance": "반가워요 저는 20대 여성입니다.",
          "summary": "나는 20대 여성이다.",
          "date": "2022-08-04",
          "time": "20:45:28",
          "terminate": "false"
        },
        {
          "speaker": "speaker1",
          "personaID": "02459",
          "participantID": "0041",
          "utterance": "안녕하세요. 저희 아버지가 회사원인데 반려동물을 키우겠다고 하시네요.",
          "summary": "아버지는 회사원이다.",
          "date": "2022-08-04",
          "time": "20:45:55",
          "terminate": "false"
        },
        {
          "speaker": "speaker2",
          "personaID": "02012",
          "participantID": "0108",
          "utterance": "어머 그래요? 요즘 외로우신가봐요 ㅎㅎ.",
          "summary": "",
          "date": "2022-08-04",
          "time": "20:46:10",
          "terminate": "false"
        },
        {
          "speaker": "speaker1",
          "personaID": "02459",
          "participantID": "0041",
          "utterance": "근데 개는 산책을 시켜줘야하잔아요? 저는 나가야해서 산책시킬사람이 없어요.",
          "summary": "",
          "date": "2022-08-04",
          "time": "20:46:14",
          "terminate": "false"
        },
        {
          "speaker": "speaker2",
          "personaID": "02012",
          "participantID": "0108",
          "utterance": "그럼 고양이는 어때요. 집에 혼자 둬도 잘 놀아요.",
          "summary": "",
          "date": "2022-08-04",
          "time": "20:46:45",
          "terminate": "false"
        },
        {
          "speaker": "speaker1",
          "personaID": "02459",
          "participantID": "0041",
          "utterance": "근데 아버지는 고양이알레르기가 있어서 곤란하네요. 자기가 할수있다고 고집을 피우시는데.",
          "summary": "아버지는 고양이 알레르기가 있다.",
          "date": "2022-08-04",
          "time": "20:47:04",
          "terminate": "false"
        },
        {
          "speaker": "speaker2",
          "personaID": "02012",
          "participantID": "0108",
          "utterance": "잘생각하고 결정하시는게 좋아요. 저는 고양이와 강아지 세마리를 키우거든요. 근데 산책안나가면 우울해하고 그래요.",
          "summary": "나는 고양이와 강아지 3마리를 키운다.",
          "date": "2022-08-04",
          "time": "20:47:35",
          "terminate": "false"
        },
        {
          "speaker": "speaker1",
          "personaID": "02459",
          "participantID": "0041",
          "utterance": "세마리씩이나...저흰 한마리도 벅찰꺼같네요. 자세히 물어보고싶은데 만나볼수 있을까요?",
          "summary": "",
          "date": "2022-08-04",
          "time": "20:48:04",
          "terminate": "false"
        },
        {
          "speaker": "speaker2",
          "personaID": "02012",
          "participantID": "0108",
          "utterance": "네 좋아요 다음주 월요일 괜찮을까요?",
          "summary": "",
          "date": "2022-08-04",
          "time": "20:48:15",
          "terminate": "false"
        },
        {
          "speaker": "speaker1",
          "personaID": "02459",
          "participantID": "0041",
          "utterance": "더 빨리볼순없을까요? 이번 주말에만 시간이 나는데.",
          "summary": "",
          "date": "2022-08-04",
          "time": "20:48:31",
          "terminate": "false"
        },
        {
          "speaker": "speaker2",
          "personaID": "02012",
          "participantID": "0108",
          "utterance": "주말 괜찮습니다 그럼 어디서 만날까요?",
          "summary": "",
          "date": "2022-08-04",
          "time": "20:48:40",
          "terminate": "false"
        },
        {
          "speaker": "speaker1",
          "personaID": "02459",
          "participantID": "0041",
          "utterance": "제가 순두부찌개 잘하는집 알아요.",
          "summary": "",
          "date": "2022-08-04",
          "time": "20:48:48",
          "terminate": "false"
        },
        {
          "speaker": "speaker2",
          "personaID": "02012",
          "participantID": "0108",
          "utterance": "순두부찌개요? 저 그거 싫어하는데 다른데가면안될까요?",
          "summary": "나는 순두부찌개를 싫어한다.",
          "date": "2022-08-04",
          "time": "20:49:02",
          "terminate": "false"
        },
        {
          "speaker": "speaker1",
          "personaID": "02459",
          "participantID": "0041",
          "utterance": "그럼 파스타는 어떨까요? 아빠의파스타라는집이 맛있는데.",
          "summary": "",
          "date": "2022-08-04",
          "time": "20:49:31",
          "terminate": "false"
        },
        {
          "speaker": "speaker2",
          "personaID": "02012",
          "participantID": "0108",
          "utterance": "네 좋네요. 그럼 주말에 만나요.",
          "summary": "",
          "date": "2022-08-04",
          "time": "20:49:38",
          "terminate": "true"
        }
      ],
      "sessionPersonaSummary": {
        "speaker1": [
          "나는 30대 남성이다.",
          "아버지는 회사원이다.",
          "아버지는 고양이 알레르기가 있다."
        ],
        "speaker2": [
          "나는 20대 여성이다.",
          "나는 고양이와 강아지 3마리를 키운다.",
          "나는 순두부찌개를 싫어한다."
        ]
      },
      "prevAggregatedpersonaSummary": {
        "speaker1": [],
        "speaker2": []
      }
    },
    {
      "prevSessionID": "2-00219-1",
      "prevTimeInfo": {
        "timeNum": "4",
        "timeUnit": "일"
      },
      "nthSession": "2",
      "numberOfUtterances": "16",
      "numberOfTurns": "8",
      "sessionID": "2-00219-2",
      "dialog": [
        {
          "speaker": "speaker1",
          "personaID": "02459",
          "participantID": "0041",
          "utterance": "4일만이네요 반갑습니다.",
          "summary": "",
          "date": "2022-08-04",
          "time": "20:49:51",
          "terminate": "false"
        },
        {
          "speaker": "speaker2",
          "personaID": "02012",
          "participantID": "0108",
          "utterance": "우리 저번에 갔던곳있잔아요 거기 클래식음악 좀 웃기지않았어요?",
          "summary": "",
          "date": "2022-08-04",
          "time": "20:50:13",
          "terminate": "false"
        },
        {
          "speaker": "speaker1",
          "personaID": "02459",
          "participantID": "0041",
          "utterance": "웃겨요? 난 클래식음악이라면 질색이에요. 그냥 분위기 별로였어요.",
          "summary": "나는 클래식 음악을 싫어한다.",
          "date": "2022-08-04",
          "time": "20:50:35",
          "terminate": "false"
        },
        {
          "speaker": "speaker2",
          "personaID": "02012",
          "participantID": "0108",
          "utterance": "좀 화장실음악같다고해야하나? 센스가 없었죠.",
          "summary": "",
          "date": "2022-08-04",
          "time": "20:50:52",
          "terminate": "false"
        },
        {
          "speaker": "speaker1",
          "personaID": "02459",
          "participantID": "0041",
          "utterance": "제가 주말에는 집에있을수있는데 평일에 산책시킬사람이없는게 문제네요.",
          "summary": "",
          "date": "2022-08-04",
          "time": "20:51:16",
          "terminate": "false"
        },
        {
          "speaker": "speaker2",
          "personaID": "02012",
          "participantID": "0108",
          "utterance": "그러네요. 잠깐도 시간 안나시나요?",
          "summary": "",
          "date": "2022-08-04",
          "time": "20:51:36",
          "terminate": "false"
        },
        {
          "speaker": "speaker1",
          "personaID": "02459",
          "participantID": "0041",
          "utterance": "홈트레이닝 하는 시간을 줄일순 없어요. 제가 유일하게 갖는 취미인데.",
          "summary": "",
          "date": "2022-08-04",
          "time": "20:51:57",
          "terminate": "false"
        },
        {
          "speaker": "speaker2",
          "personaID": "02012",
          "participantID": "0108",
          "utterance": "홈트레이닝 하시나요? 그시간에 산책나가면 딱인데.",
          "summary": "",
          "date": "2022-08-04",
          "time": "20:52:09",
          "terminate": "false"
        },
        {
          "speaker": "speaker1",
          "personaID": "02459",
          "participantID": "0041",
          "utterance": "홈트랑 산책은 다르죠 가끔하는건데 그거도 못하면 안돼요.",
          "summary": "가끔 홈 트레이닝을 한다.",
          "date": "2022-08-04",
          "time": "20:52:33",
          "terminate": "false"
        },
        {
          "speaker": "speaker2",
          "personaID": "02012",
          "participantID": "0108",
          "utterance": "제가다니는 사찰에 강아지키우시는스님분이있는데...",
          "summary": "",
          "date": "2022-08-04",
          "time": "20:53:15",
          "terminate": "false"
        },
        {
          "speaker": "speaker1",
          "personaID": "02459",
          "participantID": "0041",
          "utterance": "사찰에 다니세요? 특이하네.",
          "summary": "",
          "date": "2022-08-04",
          "time": "20:53:24",
          "terminate": "false"
        },
        {
          "speaker": "speaker2",
          "personaID": "02012",
          "participantID": "0108",
          "utterance": "저희집이 불교거든요. 거기 스님한테 맡겨보는건 어때요?",
          "summary": "나의 종교는 불교이다.",
          "date": "2022-08-04",
          "time": "20:53:38",
          "terminate": "false"
        },
        {
          "speaker": "speaker1",
          "personaID": "02459",
          "participantID": "0041",
          "utterance": "근데 그건 주제를 벗어난거같군요. 저희 아버지가 키우는거잔아요.",
          "summary": "",
          "date": "2022-08-04",
          "time": "20:53:57",
          "terminate": "false"
        },
        {
          "speaker": "speaker2",
          "personaID": "02012",
          "participantID": "0108",
          "utterance": "그렇긴하네요...그럼 물고기 키워보면 어떨까요?",
          "summary": "",
          "date": "2022-08-04",
          "time": "20:54:23",
          "terminate": "false"
        },
        {
          "speaker": "speaker1",
          "personaID": "02459",
          "participantID": "0041",
          "utterance": "글쎄요 아버지가 납득을 하실지...물어보고 올게요.",
          "summary": "",
          "date": "2022-08-04",
          "time": "20:54:35",
          "terminate": "false"
        },
        {
          "speaker": "speaker2",
          "personaID": "02012",
          "participantID": "0108",
          "utterance": "좋은답변 들으시면 좋겠네요.",
          "summary": "",
          "date": "2022-08-04",
          "time": "20:54:41",
          "terminate": "true"
        }
      ],
      "sessionPersonaSummary": {
        "speaker1": [
          "나는 클래식 음악을 싫어한다.",
          "가끔 홈 트레이닝을 한다."
        ],
        "speaker2": [
          "나의 종교는 불교이다."
        ]
      },
      "prevAggregatedpersonaSummary": {
        "speaker1": [
          "나는 30대 남성이다.",
          "아버지는 회사원이다.",
          "아버지는 고양이 알레르기가 있다."
        ],
        "speaker2": [
          "나는 20대 여성이다.",
          "나는 고양이와 강아지 3마리를 키운다.",
          "나는 순두부찌개를 싫어한다."
        ]
      }
    }
  ]
}