{
  "FileInfo": {
    "filename": "K2-00479-CL02505-CP04352-06-21-S2.json",
    "sessionLevel": "2"
  },
  "participantsInfo": {
    "numberOfParticipants": "2",
    "speaker1": {
      "participantID": "0029",
      "gender": "남성",
      "age": "30대",
      "occupation": "사무직",
      "bPlace": "서울/경기/인천",
      "gPlace": "서울/경기/인천",
      "rPlace": "서울/경기/인천",
      "educationLevel": "대졸"
    },
    "speaker2": {
      "participantID": "0048",
      "gender": "남성",
      "age": "50대",
      "occupation": "서비스직",
      "bPlace": "부산/대구/울산/경상",
      "gPlace": "부산/대구/울산/경상",
      "rPlace": "부산/대구/울산/경상",
      "educationLevel": "고졸"
    }
  },
  "multisessionInfo": {
    "multisessionID": "2-00479"
  },
  "personaInfo": {
    "clInfo": {
      "personaID": "02505",
      "personaFeatures": [
        "나는 남자이다.",
        "나는 30대이다.",
        "나의 여자 형제는 스튜어디스이다.",
        "나는 도배공이다.",
        "나는 사진을 찍는 게 괴롭다."
      ],
      "speakerType": "speaker1"
    },
    "cpInfo": {
      "personaID": "04352",
      "personaFeatures": [
        "나는 남자이다.",
        "나는 50대이다.",
        "나는 종교가 없다.",
        "나는 재즈 음악을 자주 듣는다.",
        "나는 TV 시사 프로그램을 자주 본다."
      ],
      "speakerType": "speaker2"
    }
  },
  "topicInfo": {
    "topicID": "06-21",
    "topicType": "교육",
    "topicTitle": "동아리"
  },
  "sessionInfo": [
    {
      "prevSessionID": null,
      "prevTimeInfo": {
        "timeNum": null,
        "timeUnit": null
      },
      "nthSession": "1",
      "numberOfUtterances": "16",
      "numberOfTurns": "8",
      "sessionID": "2-00479-1",
      "dialog": [
        {
          "speaker": "speaker1",
          "personaID": "02505",
          "participantID": "0029",
          "utterance": "반갑습니다~저는 30대 남자입니다~",
          "summary": "나는 30대 남자이다.",
          "date": "2022-08-24",
          "time": "15:35:50",
          "terminate": "false"
        },
        {
          "speaker": "speaker2",
          "personaID": "04352",
          "participantID": "0048",
          "utterance": "반가워요~! 저는 50대 남자입니다!",
          "summary": "나는 50대 남자이다.",
          "date": "2022-08-24",
          "time": "15:36:00",
          "terminate": "false"
        },
        {
          "speaker": "speaker1",
          "personaID": "02505",
          "participantID": "0029",
          "utterance": "도배공인데 요즘 일이 너무 힘드네요..",
          "summary": "나는 도배공이다, 나는 요즘 일이 너무 힘들다.",
          "date": "2022-08-24",
          "time": "15:35:34",
          "terminate": "false"
        },
        {
          "speaker": "speaker2",
          "personaID": "04352",
          "participantID": "0048",
          "utterance": "요즘 작업이 많은가봐요~! 힘드시겠네요!",
          "summary": "",
          "date": "2022-08-24",
          "time": "15:35:37",
          "terminate": "false"
        },
        {
          "speaker": "speaker1",
          "personaID": "02505",
          "participantID": "0029",
          "utterance": "네. 어쩌다가 입소문이 나서 여기저기 다나가네요.",
          "summary": "",
          "date": "2022-08-24",
          "time": "15:35:44",
          "terminate": "false"
        },
        {
          "speaker": "speaker2",
          "personaID": "04352",
          "participantID": "0048",
          "utterance": "그래도 장사 잘되면 좋은거죠~안그래요?",
          "summary": "",
          "date": "2022-08-24",
          "time": "15:35:50",
          "terminate": "false"
        },
        {
          "speaker": "speaker1",
          "personaID": "02505",
          "participantID": "0029",
          "utterance": "그렇긴 한데 몸이 힘드니까요.. 그래서 하는말이죠.",
          "summary": "",
          "date": "2022-08-24",
          "time": "15:36:01",
          "terminate": "false"
        },
        {
          "speaker": "speaker2",
          "personaID": "04352",
          "participantID": "0048",
          "utterance": "어린데! 고생좀 더 해야되는거 아니에요~!!ㅋㅋㅋ.",
          "summary": "",
          "date": "2022-08-24",
          "time": "15:36:06",
          "terminate": "false"
        },
        {
          "speaker": "speaker1",
          "personaID": "02505",
          "participantID": "0029",
          "utterance": "이게 몸만 고생이면 되는데 이제는 sns까지 해야해서.",
          "summary": "나는 SNS를 한다.",
          "date": "2022-08-24",
          "time": "15:36:21",
          "terminate": "false"
        },
        {
          "speaker": "speaker2",
          "personaID": "04352",
          "participantID": "0048",
          "utterance": "SNS홍보용으로 하는거잖아요! 그정도야 감수해야죠!",
          "summary": "",
          "date": "2022-08-24",
          "time": "15:36:24",
          "terminate": "false"
        },
        {
          "speaker": "speaker1",
          "personaID": "02505",
          "participantID": "0029",
          "utterance": "그러니까요.. 다힘든데 사진도 이쁘게 찍어야 되는게 괴롭네요.",
          "summary": "나는 사진을 찍는 게 괴롭다.",
          "date": "2022-08-24",
          "time": "15:36:31",
          "terminate": "false"
        },
        {
          "speaker": "speaker2",
          "personaID": "04352",
          "participantID": "0048",
          "utterance": "힘내세요~ 싫어도 돈 많이 벌려면 해야죠~",
          "summary": "",
          "date": "2022-08-24",
          "time": "15:36:38",
          "terminate": "false"
        },
        {
          "speaker": "speaker1",
          "personaID": "02505",
          "participantID": "0029",
          "utterance": "예 형님 힘내겠습니다. 응원 감사해요.",
          "summary": "",
          "date": "2022-08-24",
          "time": "15:36:45",
          "terminate": "false"
        },
        {
          "speaker": "speaker2",
          "personaID": "04352",
          "participantID": "0048",
          "utterance": "뭘 이런걸가지고~ 슬슬 잠이오네요~ 시간이 벌써 이렇게됬네.",
          "summary": "",
          "date": "2022-08-24",
          "time": "15:36:51",
          "terminate": "false"
        },
        {
          "speaker": "speaker1",
          "personaID": "02505",
          "participantID": "0029",
          "utterance": "그러니까요.. 시간 보니까 벌써 늦었네요 . 다음에 또 대화하죠 !!",
          "summary": "",
          "date": "2022-08-24",
          "time": "15:36:58",
          "terminate": "false"
        },
        {
          "speaker": "speaker2",
          "personaID": "04352",
          "participantID": "0048",
          "utterance": "그래요~ 그럼 잘자고 또 연락합시다~",
          "summary": "",
          "date": "2022-08-24",
          "time": "15:36:59",
          "terminate": "true"
        }
      ],
      "sessionPersonaSummary": {
        "speaker1": [
          "나는 30대 남자이다.",
          "나는 도배공이다, 나는 요즘 일이 너무 힘들다.",
          "나는 SNS를 한다.",
          "나는 사진을 찍는 게 괴롭다."
        ],
        "speaker2": [
          "나는 50대 남자이다."
        ]
      },
      "prevAggregatedpersonaSummary": {
        "speaker1": [],
        "speaker2": []
      }
    },
    {
      "prevSessionID": "2-00479-1",
      "prevTimeInfo": {
        "timeNum": "1",
        "timeUnit": "일"
      },
      "nthSession": "2",
      "numberOfUtterances": "16",
      "numberOfTurns": "8",
      "sessionID": "2-00479-2",
      "dialog": [
        {
          "speaker": "speaker1",
          "personaID": "02505",
          "participantID": "0029",
          "utterance": "좋은아침 ! 일어 나셨어요? 저는 어제 푹잤네요.",
          "summary": "",
          "date": "2022-08-24",
          "time": "15:37:10",
          "terminate": "false"
        },
        {
          "speaker": "speaker2",
          "personaID": "04352",
          "participantID": "0048",
          "utterance": "좋은아침~ 저야 벌써 일어났지요~ 잘자서 다행이네요.",
          "summary": "",
          "date": "2022-08-24",
          "time": "15:37:12",
          "terminate": "false"
        },
        {
          "speaker": "speaker1",
          "personaID": "02505",
          "participantID": "0029",
          "utterance": "저는 오늘 오랜만에 일이 없어요.",
          "summary": "나는 오늘 오랜만에 일이 없다.",
          "date": "2022-08-24",
          "time": "15:37:25",
          "terminate": "false"
        },
        {
          "speaker": "speaker2",
          "personaID": "04352",
          "participantID": "0048",
          "utterance": "그렇구나~ 다행이네요! 쉴때 푹쉬어요!",
          "summary": "",
          "date": "2022-08-24",
          "time": "15:37:29",
          "terminate": "false"
        },
        {
          "speaker": "speaker1",
          "personaID": "02505",
          "participantID": "0029",
          "utterance": "네 오랜만에 스튜어디스여동생이랑 식사나 할려구요.",
          "summary": "나의 여자 형제는 스튜어디스이다.",
          "date": "2022-08-24",
          "time": "15:37:43",
          "terminate": "false"
        },
        {
          "speaker": "speaker2",
          "personaID": "04352",
          "participantID": "0048",
          "utterance": "사이가 좋으신가부네요~ 좋겠어요! 오랜만에 여동생도 보고!",
          "summary": "",
          "date": "2022-08-24",
          "time": "15:37:47",
          "terminate": "false"
        },
        {
          "speaker": "speaker1",
          "personaID": "02505",
          "participantID": "0029",
          "utterance": "사이 좋죠. 얼굴 보기도 힘들어서 오늘 먹으려구요. 형님은 뭐하시고 계세요?",
          "summary": "",
          "date": "2022-08-24",
          "time": "15:38:06",
          "terminate": "false"
        },
        {
          "speaker": "speaker2",
          "personaID": "04352",
          "participantID": "0048",
          "utterance": "저는 티비보고 있었어요! TV 시사 프로그램을 자주봐서~",
          "summary": "나는 TV 시사 프로그램을 자주 본다.",
          "date": "2022-08-24",
          "time": "15:38:26",
          "terminate": "false"
        },
        {
          "speaker": "speaker1",
          "personaID": "02505",
          "participantID": "0029",
          "utterance": "그렇구나.. 지금 뭐 @이름1@ 이야기 하는거 보고 계세요?",
          "summary": "",
          "date": "2022-08-24",
          "time": "15:38:44",
          "terminate": "false"
        },
        {
          "speaker": "speaker2",
          "personaID": "04352",
          "participantID": "0048",
          "utterance": "맞아요~저도 재즈음악을 자주 들어서 @이름1@ 팬이였는데..",
          "summary": "나는 재즈 음악을 자주 듣는다, 나는 @이름1@ 팬이었다.",
          "date": "2022-08-24",
          "time": "15:38:48",
          "terminate": "false"
        },
        {
          "speaker": "speaker1",
          "personaID": "02505",
          "participantID": "0029",
          "utterance": "저도 말 아끼겠습니다.. 형님도 이런거 말 아끼셔야 해요..",
          "summary": "",
          "date": "2022-08-24",
          "time": "15:38:58",
          "terminate": "false"
        },
        {
          "speaker": "speaker2",
          "personaID": "04352",
          "participantID": "0048",
          "utterance": "그래야지요~ 이게 뭐 좋은 일이라고! 허허.",
          "summary": "",
          "date": "2022-08-24",
          "time": "15:39:00",
          "terminate": "false"
        },
        {
          "speaker": "speaker1",
          "personaID": "02505",
          "participantID": "0029",
          "utterance": "저는 이제 약속 갔다 오면 내일까지 집에서 쉬려구요.",
          "summary": "",
          "date": "2022-08-24",
          "time": "15:39:17",
          "terminate": "false"
        },
        {
          "speaker": "speaker2",
          "personaID": "04352",
          "participantID": "0048",
          "utterance": "그래요~! 쉴때 잘 쉬어야지요! ㅎㅎ.",
          "summary": "",
          "date": "2022-08-24",
          "time": "15:39:19",
          "terminate": "false"
        },
        {
          "speaker": "speaker1",
          "personaID": "02505",
          "participantID": "0029",
          "utterance": "종교도 없고 하니. 일요일까지 푹 쉴꺼같네요. 그러면 또 연락 드릴께요 !",
          "summary": "나는 종교가 없다.",
          "date": "2022-08-24",
          "time": "15:39:42",
          "terminate": "false"
        },
        {
          "speaker": "speaker2",
          "personaID": "04352",
          "participantID": "0048",
          "utterance": "저도 종교가 없어요~ 그럼 또 연락해요!",
          "summary": "나는 종교가 없다.",
          "date": "2022-08-24",
          "time": "15:39:43",
          "terminate": "true"
        }
      ],
      "sessionPersonaSummary": {
        "speaker1": [
          "나는 오늘 오랜만에 일이 없다.",
          "나의 여자 형제는 스튜어디스이다.",
          "나는 종교가 없다."
        ],
        "speaker2": [
          "나는 TV 시사 프로그램을 자주 본다.",
          "나는 재즈 음악을 자주 듣는다, 나는 @이름1@ 팬이었다.",
          "나는 종교가 없다."
        ]
      },
      "prevAggregatedpersonaSummary": {
        "speaker1": [
          "나는 30대 남자이다.",
          "나는 도배공이다, 나는 요즘 일이 너무 힘들다.",
          "나는 SNS를 한다.",
          "나는 사진을 찍는 게 괴롭다."
        ],
        "speaker2": [
          "나는 50대 남자이다."
        ]
      }
    }
  ]
}