{
  "FileInfo": {
    "filename": "K2-00417-CL20661-CP32529-17-13-S2.json",
    "sessionLevel": "2"
  },
  "participantsInfo": {
    "numberOfParticipants": "2",
    "speaker1": {
      "participantID": "9006",
      "gender": "남성",
      "age": "30대",
      "occupation": "기타",
      "bPlace": "서울/경기/인천",
      "gPlace": "서울/경기/인천",
      "rPlace": "서울/경기/인천",
      "educationLevel": "고졸"
    },
    "speaker2": {
      "participantID": "9022",
      "gender": "여성",
      "age": "30대",
      "occupation": "주부",
      "bPlace": "광주/전라/제주",
      "gPlace": "서울/경기/인천",
      "rPlace": "서울/경기/인천",
      "educationLevel": "대졸"
    }
  },
  "multisessionInfo": {
    "multisessionID": "2-00417"
  },
  "personaInfo": {
    "clInfo": {
      "personaID": "20661",
      "personaFeatures": [
        "나는 남자이다.",
        "나는 20대이다.",
        "나는 다소 긍정적이다",
        "나는 영업사원이다",
        "나는 플루트 연주를 배우고 있다"
      ],
      "speakerType": "speaker1"
    },
    "cpInfo": {
      "personaID": "32529",
      "personaFeatures": [
        "나는 여자이다.",
        "나는 30대이다.",
        "나는 영어에 관심 있지만 배울 시간이 없다",
        "나는 다소 활발하다",
        "나는 복숭아를 안 먹는다"
      ],
      "speakerType": "speaker2"
    }
  },
  "topicInfo": {
    "topicID": "17-13",
    "topicType": "미용과 건강>건강",
    "topicTitle": "영양제"
  },
  "sessionInfo": [
    {
      "prevSessionID": null,
      "prevTimeInfo": {
        "timeNum": null,
        "timeUnit": null
      },
      "nthSession": "1",
      "numberOfUtterances": "14",
      "numberOfTurns": "7",
      "sessionID": "2-00417-1",
      "dialog": [
        {
          "speaker": "speaker1",
          "personaID": "20661",
          "participantID": "9006",
          "utterance": "안녕하세요, 20대 남성입니다. 반가워요!",
          "summary": "나는 20대 남성이다.",
          "date": "2022-10-06",
          "time": "14:30:59",
          "terminate": "false"
        },
        {
          "speaker": "speaker2",
          "personaID": "32529",
          "participantID": "9022",
          "utterance": "안녕하세요. 저는 30대 여성 이예요. 반가워요! 저는 다소 활발한 편이라 사람 만나는 걸 좋아하는데 이렇게 대화를 나누니 좋네요^^",
          "summary": "나는 30대이다.\n나는 여자이다.나는 활발한 편이다.",
          "date": "2022-10-06",
          "time": "14:33:54",
          "terminate": "false"
        },
        {
          "speaker": "speaker1",
          "personaID": "20661",
          "participantID": "9006",
          "utterance": "오 벌써부터 활발한 게 느껴지는 것 같아요! 혹시 취미도 아웃도어로 즐기는 게 있으신가요?",
          "summary": "",
          "date": "2022-10-06",
          "time": "14:36:32",
          "terminate": "false"
        },
        {
          "speaker": "speaker2",
          "personaID": "32529",
          "participantID": "9022",
          "utterance": "여름 스포츠, 겨울 스포츠 다 좋아하는 편인데 요새는 너무 바빠서 거의 못하고 있어요. 요즘 제 최대 관심사는 영어예요! 외국인 친구를 사귀고 싶거든요. 그런데 배울 시간이 없어서 너무 슬프네요.",
          "summary": "나는 스포츠를 좋아한다.\n나는 영어에 관심이 있다.",
          "date": "2022-10-06",
          "time": "14:38:58",
          "terminate": "false"
        },
        {
          "speaker": "speaker1",
          "personaID": "20661",
          "participantID": "9006",
          "utterance": "아이고 바쁘시구나. 저도 영업사원으로 일하다보니까 바빠서 시간 내서 해야하는 운동들은 영 못 하고 있습니다. 영어 공부도 좋을 것 같아요! 저는 클래식을 좋아해서 플루트를 좀 배우고 있는데, 아무래도 클래식 악기다보니까 영어나 외국어로 된 교재나 정보가 많아서 힘들더라고요.",
          "summary": "나는 영업사원이다. 바빠서 시간 내서 해야 하는 운동은 못 하고 있다. 나는 클래식을 좋아해서 플루트를 배우고 있다.",
          "date": "2022-10-06",
          "time": "14:41:19",
          "terminate": "false"
        },
        {
          "speaker": "speaker2",
          "personaID": "32529",
          "participantID": "9022",
          "utterance": "와 클래식 악기 다루시는 분들 멋있더라고요. 그런데 아무래도 독학으로는 조금 힘들겠죠? 바쁘셔서 배우러 다니기도 힘드시겠어요.",
          "summary": "",
          "date": "2022-10-06",
          "time": "14:46:40",
          "terminate": "false"
        },
        {
          "speaker": "speaker1",
          "personaID": "20661",
          "participantID": "9006",
          "utterance": "네, 혼자 해보려고 하다가 교재가 한글로 거의 없어서 돈 주고 배우고 있습니다. 그래도 제가 긍정적인 편이라 그런지 취미에 돈 쓰고 시간 쓰고 하는 거는 기분이 좋아지더라고요.",
          "summary": "나는 긍정적인 편이다. 취미에 돈과 시간 투자는 기분이 좋다.",
          "date": "2022-10-06",
          "time": "14:47:47",
          "terminate": "false"
        },
        {
          "speaker": "speaker2",
          "personaID": "32529",
          "participantID": "9022",
          "utterance": "워낙 부지런하시고 긍정적이신가봐요. 바쁘신데 취미 생활도 하시고 멋지세요! 저도 자기전에 짬내서 영어공부를 해야겠어요. 오늘 점심은 잘 챙겨드셨어요? 저는 점심에 갑자기 회의가 생겨서 동료가 과일샐러드랑 김밥을 사다줬는데 샐러드에 복숭아가 너무 많이 들어 있어서 거의 못 먹었어요. 저는 복숭아를 안 먹거든요. 김밥 한 줄만 먹었더니 좀 허기지네요.",
          "summary": " 나는 복숭아를 안 먹는다.",
          "date": "2022-10-06",
          "time": "14:51:46",
          "terminate": "false"
        },
        {
          "speaker": "speaker1",
          "personaID": "20661",
          "participantID": "9006",
          "utterance": "아이고, 챙겨줬는데 못 먹는 음식이면 괜히 더 미안해지는 거 같아요. 저는 좀 늦게 점심 먹었습니다.",
          "summary": "",
          "date": "2022-10-06",
          "time": "14:52:54",
          "terminate": "false"
        },
        {
          "speaker": "speaker2",
          "personaID": "32529",
          "participantID": "9022",
          "utterance": "맞아요. 동료한테는 너무 미안해서 몰래 남겼네요~ 늦게 챙겨 드셨군요. 커피는 드셨어요? 저는 벌써 두 잔 마셨어요.",
          "summary": "",
          "date": "2022-10-06",
          "time": "14:56:42",
          "terminate": "false"
        },
        {
          "speaker": "speaker1",
          "personaID": "20661",
          "participantID": "9006",
          "utterance": "네 커피 매일 마십니다. 일이 힘드니까 운전하면서 꼭 챙겨 마시는 거 같아요.",
          "summary": "나는 커피를 매일 마신다.",
          "date": "2022-10-06",
          "time": "14:57:15",
          "terminate": "false"
        },
        {
          "speaker": "speaker2",
          "personaID": "32529",
          "participantID": "9022",
          "utterance": "맞아요. 직장인에게 커피는 생명수예요. 커피 없이 어떻게 일하는지 모를 정도예요.ㅎㅎ",
          "summary": "",
          "date": "2022-10-06",
          "time": "15:02:11",
          "terminate": "false"
        },
        {
          "speaker": "speaker1",
          "personaID": "20661",
          "participantID": "9006",
          "utterance": "그러게 말입니다! 커피 정말 중요해요!",
          "summary": "",
          "date": "2022-10-06",
          "time": "15:03:36",
          "terminate": "false"
        },
        {
          "speaker": "speaker2",
          "personaID": "32529",
          "participantID": "9022",
          "utterance": "네네. 우리 커피 힘으로 오늘도 힘내 보아요. 일찍 퇴근하시길 기도 할게요! 그럼 다음에 또 대화 나눠요^^",
          "summary": "",
          "date": "2022-10-06",
          "time": "15:06:51",
          "terminate": "true"
        }
      ],
      "sessionPersonaSummary": {
        "speaker1": [
          "나는 20대 남성이다.",
          "나는 영업사원이다. 바빠서 시간 내서 해야 하는 운동은 못 하고 있다.",
          "나는 클래식을 좋아해서 플루트를 배우고 있다.",
          "나는 긍정적인 편이다. 취미에 돈과 시간 투자는 기분이 좋다.",
          "나는 커피를 매일 마신다."
        ],
        "speaker2": [
          "나는 30대이다.\n나는 여자이다.나는 활발한 편이다.",
          "나는 스포츠를 좋아한다.\n나는 영어에 관심이 있다.",
          "나는 복숭아를 안 먹는다."
        ]
      },
      "prevAggregatedpersonaSummary": {
        "speaker1": [],
        "speaker2": []
      }
    },
    {
      "prevSessionID": "2-00417-1",
      "prevTimeInfo": {
        "timeNum": "6",
        "timeUnit": "주"
      },
      "nthSession": "2",
      "numberOfUtterances": "14",
      "numberOfTurns": "7",
      "sessionID": "2-00417-2",
      "dialog": [
        {
          "speaker": "speaker1",
          "personaID": "20661",
          "participantID": "9006",
          "utterance": "안녕하세요, 일이 바빠서 통 연락을 못 드렸네요. 전에 연락한 날부터 얼마나 지났죠?",
          "summary": "나는 일이 바빠서 연락을 못했다.",
          "date": "2022-10-06",
          "time": "15:21:47",
          "terminate": "false"
        },
        {
          "speaker": "speaker2",
          "personaID": "32529",
          "participantID": "9022",
          "utterance": "안녕하세요. 벌써 한 달 반이나 지났네요! 와 시간 정말 빠른 것 같아요. 우리 바쁠수록 더 건강 챙겨야 하는데 영양제는 드시고 계세요? ",
          "summary": "",
          "date": "2022-10-06",
          "time": "15:24:47",
          "terminate": "false"
        },
        {
          "speaker": "speaker1",
          "personaID": "20661",
          "participantID": "9006",
          "utterance": "와 진짜 시간 빠르네요. 저는 컴퓨터랑 핸드폰을 많이 보다보니까 루테인은 챙겨먹고 있습니다.",
          "summary": "나는 컴퓨터, 핸드폰을 많이 보기 때문에 루테인을 챙겨 먹는다.",
          "date": "2022-10-06",
          "time": "15:25:22",
          "terminate": "false"
        },
        {
          "speaker": "speaker2",
          "personaID": "32529",
          "participantID": "9022",
          "utterance": "오 저도 루테인은 챙겨 먹어요. 아무래도 PC작업이 많다 보니 눈이 점점 침침해 지는 것 같아요. ",
          "summary": "나는 루테인을 먹는다.",
          "date": "2022-10-06",
          "time": "15:30:19",
          "terminate": "false"
        },
        {
          "speaker": "speaker1",
          "personaID": "20661",
          "participantID": "9006",
          "utterance": "그러게요. 제가 영업사원이라 그런지 뭐 하나 사면 엄청 찾아보고 사는데, 루테인이랑 자이잔틴이 20 : 4 비율로 들어간 게 좋다고 하더라고요.",
          "summary": "나는 영업사원이다. \n루테인과 자이잔틴 비율은 20 : 4가 좋다.",
          "date": "2022-10-06",
          "time": "15:31:21",
          "terminate": "false"
        },
        {
          "speaker": "speaker2",
          "personaID": "32529",
          "participantID": "9022",
          "utterance": "아 정말요? 다음에 살 때 참고해야겠어요. 또 챙겨 드시는 영양제 있으세요? 저는 마그네슘이랑 오메가3 도 챙겨 먹어요. ",
          "summary": "나는 마그네슘을 먹는다.\n나는 오메가3를 먹는다.",
          "date": "2022-10-06",
          "time": "15:33:52",
          "terminate": "false"
        },
        {
          "speaker": "speaker1",
          "personaID": "20661",
          "participantID": "9006",
          "utterance": "아 저는 제가 먹는 루테인에 아연이 들어있고, 그 외에는 안 챙겨먹고 있습니다.",
          "summary": "나는 먹는 루테인에 아연이 들어있다.",
          "date": "2022-10-06",
          "time": "15:35:16",
          "terminate": "false"
        },
        {
          "speaker": "speaker2",
          "personaID": "32529",
          "participantID": "9022",
          "utterance": "아무래도 아직 20대 이시니까 영양제 없어도 건강하실 것 같아요! 저는 30대가 되니 만성피로에 시달리는 것 같아요. 몸도 여기저기 아픈 것 같구요. 눈 떨림도 심해서 마그네슘은 꼭 챙겨 먹고 있어요.",
          "summary": "",
          "date": "2022-10-06",
          "time": "15:38:43",
          "terminate": "false"
        },
        {
          "speaker": "speaker1",
          "personaID": "20661",
          "participantID": "9006",
          "utterance": "아이고 큰 일이네요. 확실히 무기질은 식사로 챙기기 어려우니까 따로 챙겨먹는 게 좋을 것 같아요.",
          "summary": "무기질은 식사로 챙겨 먹는 게 좋다.",
          "date": "2022-10-06",
          "time": "15:40:43",
          "terminate": "false"
        },
        {
          "speaker": "speaker2",
          "personaID": "32529",
          "participantID": "9022",
          "utterance": "네 맞아요. 저는 식사도 제대로 못할 때가 많아서 저 같은 사람은 영양제가 필수 인 것 같더라고요. 그런데 시중에 나오는 영양제가 워낙 다양해서 잘 모르고 사면 안되겠더라고요.",
          "summary": "나는 식사를 제대로 못할 때가 많다.",
          "date": "2022-10-06",
          "time": "15:43:39",
          "terminate": "false"
        },
        {
          "speaker": "speaker1",
          "personaID": "20661",
          "participantID": "9006",
          "utterance": "그러니까요. 과하게 이거저거 넣어놓고 파는 제품들이 참 많은 거 같아요.",
          "summary": "",
          "date": "2022-10-06",
          "time": "15:45:35",
          "terminate": "false"
        },
        {
          "speaker": "speaker2",
          "personaID": "32529",
          "participantID": "9022",
          "utterance": "네. 그래서 저도 직구를 많이 하는데 성분표 다 보고 리뷰도 꼼꼼히 살피면서 사는 편 이예요. 요새는 약사분들이 영양제 관련 동영상을 많이 올려주셔서 동영상 보면서 참고도 하고요.",
          "summary": "",
          "date": "2022-10-06",
          "time": "15:49:48",
          "terminate": "false"
        },
        {
          "speaker": "speaker1",
          "personaID": "20661",
          "participantID": "9006",
          "utterance": "아 그렇군요. 영어 공부 하고 계시면 직구하고 그럴 때도 도움이 될 거 같아요!",
          "summary": "영어공부는 직구에 도움이 된다.",
          "date": "2022-10-06",
          "time": "15:51:43",
          "terminate": "false"
        },
        {
          "speaker": "speaker2",
          "personaID": "32529",
          "participantID": "9022",
          "utterance": "어려운 용어가 많아서 사전 찾아보고 번역 된 거 보면서 구매 하고 있어요~ 그래도 영양제에 너무 의지 하지는 말아야 할 텐데 말이에요. 오늘 대화도 즐거웠어요!",
          "summary": "",
          "date": "2022-10-06",
          "time": "15:57:03",
          "terminate": "true"
        }
      ],
      "sessionPersonaSummary": {
        "speaker1": [
          "나는 일이 바빠서 연락을 못했다.",
          "나는 컴퓨터, 핸드폰을 많이 보기 때문에 루테인을 챙겨 먹는다.",
          "나는 영업사원이다. \n루테인과 자이잔틴 비율은 20 : 4가 좋다.",
          "나는 먹는 루테인에 아연이 들어있다.",
          "무기질은 식사로 챙겨 먹는 게 좋다.",
          "영어공부는 직구에 도움이 된다."
        ],
        "speaker2": [
          "나는 루테인을 먹는다.",
          "나는 마그네슘을 먹는다.\n나는 오메가3를 먹는다.",
          "나는 식사를 제대로 못할 때가 많다."
        ]
      },
      "prevAggregatedpersonaSummary": {
        "speaker1": [
          "나는 20대 남성이다.",
          "나는 영업사원이다. 바빠서 시간 내서 해야 하는 운동은 못 하고 있다.",
          "나는 클래식을 좋아해서 플루트를 배우고 있다.",
          "나는 긍정적인 편이다. 취미에 돈과 시간 투자는 기분이 좋다.",
          "나는 커피를 매일 마신다."
        ],
        "speaker2": [
          "나는 30대이다.\n나는 여자이다.나는 활발한 편이다.",
          "나는 스포츠를 좋아한다.\n나는 영어에 관심이 있다.",
          "나는 복숭아를 안 먹는다."
        ]
      }
    }
  ]
}