{
  "FileInfo": {
    "filename": "K2-00259-CL33754-CP61487-11-06-S2.json",
    "sessionLevel": "2"
  },
  "participantsInfo": {
    "numberOfParticipants": "2",
    "speaker1": {
      "participantID": "1221",
      "gender": "여성",
      "age": "30대",
      "occupation": "기타",
      "bPlace": "부산/대구/울산/경상",
      "gPlace": "부산/대구/울산/경상",
      "rPlace": "부산/대구/울산/경상",
      "educationLevel": "대졸"
    },
    "speaker2": {
      "participantID": "1212",
      "gender": "여성",
      "age": "60대 이상",
      "occupation": "자영업",
      "bPlace": "부산/대구/울산/경상",
      "gPlace": "부산/대구/울산/경상",
      "rPlace": "부산/대구/울산/경상",
      "educationLevel": "대졸"
    }
  },
  "multisessionInfo": {
    "multisessionID": "2-00259"
  },
  "personaInfo": {
    "clInfo": {
      "personaID": "33754",
      "personaFeatures": [
        "나는 여자이다.",
        "나는 30대이다.",
        "나는 발라드 음악을 자주 듣는다.",
        "나는 매일 버스로 출퇴근한다.",
        "나는 호기심이 많다.",
        "나는 화분에 물을 주는 것을 좋아한다."
      ],
      "speakerType": "speaker1"
    },
    "cpInfo": {
      "personaID": "61487",
      "personaFeatures": [
        "나는 여자이다.",
        "나는 60대 이상이다.",
        "나는 매우 긍정적이다.",
        "나는 음악 영화를 자주 본다.",
        "나는 중식을 안 먹는다."
      ],
      "speakerType": "speaker2"
    }
  },
  "topicInfo": {
    "topicID": "11-06",
    "topicType": "여가와 오락>게임",
    "topicTitle": "가족게임"
  },
  "sessionInfo": [
    {
      "prevSessionID": null,
      "prevTimeInfo": {
        "timeNum": null,
        "timeUnit": null
      },
      "nthSession": "1",
      "numberOfUtterances": "14",
      "numberOfTurns": "7",
      "sessionID": "2-00259-1",
      "dialog": [
        {
          "speaker": "speaker1",
          "personaID": "33754",
          "participantID": "1221",
          "utterance": "안녕하십니까. 저는30대 여자입니다. 자기소개 부탁드릴게요.",
          "summary": "나는 30대 여자이다.",
          "date": "2022-10-30",
          "time": "11:01:04",
          "terminate": "false"
        },
        {
          "speaker": "speaker2",
          "personaID": "61487",
          "participantID": "1212",
          "utterance": "안녕하세요. 저는 60대 여자입니다. 반갑습니다!!",
          "summary": "나는 60세 이상 여자이다.",
          "date": "2022-10-30",
          "time": "11:01:06",
          "terminate": "false"
        },
        {
          "speaker": "speaker1",
          "personaID": "33754",
          "participantID": "1221",
          "utterance": "반갑습니다. 저는 매일 버스로 출퇴근을 해요. 대중교통 많이 이용하세요?",
          "summary": "나는 매일 버스로 출퇴근한다.",
          "date": "2022-10-30",
          "time": "11:01:21",
          "terminate": "false"
        },
        {
          "speaker": "speaker2",
          "personaID": "61487",
          "participantID": "1212",
          "utterance": "저는 차가 있어서 출퇴근할때 자차를 이용해요.",
          "summary": "나는 출퇴근할 때 자차를 이용한다.",
          "date": "2022-10-30",
          "time": "11:01:28",
          "terminate": "false"
        },
        {
          "speaker": "speaker1",
          "personaID": "33754",
          "participantID": "1221",
          "utterance": "그러시군요. 저는 사고영상을 자주 보다보니 자동차 운전이 무섭더라구요.",
          "summary": "나는 사고영상을 자주 본다.",
          "date": "2022-10-30",
          "time": "11:01:49",
          "terminate": "false"
        },
        {
          "speaker": "speaker2",
          "personaID": "61487",
          "participantID": "1212",
          "utterance": "저는 매우 긍정적이라 그런 부정적이고 무서운 영상을 잘 안봐요.",
          "summary": "나는 매우 긍정적이다.",
          "date": "2022-10-30",
          "time": "11:02:02",
          "terminate": "false"
        },
        {
          "speaker": "speaker1",
          "personaID": "33754",
          "participantID": "1221",
          "utterance": "그러시구나. 저는 호기심이 많다보니 그런 영상을 자주 찾아보는것 같아요.",
          "summary": "나는 호기심이 많다.",
          "date": "2022-10-30",
          "time": "11:02:17",
          "terminate": "false"
        },
        {
          "speaker": "speaker2",
          "personaID": "61487",
          "participantID": "1212",
          "utterance": "호기심이 많은 분이군요! 저는 일이 바쁘다보니 다른 생각할 여유가 없어요.",
          "summary": "나는 일이 바쁘다.",
          "date": "2022-10-30",
          "time": "11:02:31",
          "terminate": "false"
        },
        {
          "speaker": "speaker1",
          "personaID": "33754",
          "participantID": "1221",
          "utterance": "어떤일을 하시길래 그렇게 바쁘게 지내시나요?",
          "summary": "",
          "date": "2022-10-30",
          "time": "11:02:46",
          "terminate": "false"
        },
        {
          "speaker": "speaker2",
          "personaID": "61487",
          "participantID": "1212",
          "utterance": "저는 남편이 중식당을 운영하고 있어요. 그래서 너무 바빠요.",
          "summary": "나의 남편이 중식당을 운영한다.",
          "date": "2022-10-30",
          "time": "11:02:53",
          "terminate": "false"
        },
        {
          "speaker": "speaker1",
          "personaID": "33754",
          "participantID": "1221",
          "utterance": "중식당 하신다니 너무 바쁘시겠어요~ 중식을 자주 드시겠네요.ㅎㅎ.",
          "summary": "",
          "date": "2022-10-30",
          "time": "11:03:16",
          "terminate": "false"
        },
        {
          "speaker": "speaker2",
          "personaID": "61487",
          "participantID": "1212",
          "utterance": "부러워하시는분들이 많은데 저는 중식을 안 먹어요.",
          "summary": "나는 중식을 안 먹는다.",
          "date": "2022-10-30",
          "time": "11:03:18",
          "terminate": "false"
        },
        {
          "speaker": "speaker1",
          "personaID": "33754",
          "participantID": "1221",
          "utterance": "너무 많이 보셔서 질리셨나보네요.ㅎㅎ 오늘도 장사 잘하시고 또 대화해요~",
          "summary": "",
          "date": "2022-10-30",
          "time": "11:03:37",
          "terminate": "false"
        },
        {
          "speaker": "speaker2",
          "personaID": "61487",
          "participantID": "1212",
          "utterance": "제가 기름진 음식은 안좋아해요. 다음에 더 많은 이야기해요.",
          "summary": "나는 기름진 음식은 안 좋아한다.",
          "date": "2022-10-30",
          "time": "11:03:40",
          "terminate": "true"
        }
      ],
      "sessionPersonaSummary": {
        "speaker1": [
          "나는 30대 여자이다.",
          "나는 매일 버스로 출퇴근한다.",
          "나는 사고영상을 자주 본다.",
          "나는 호기심이 많다."
        ],
        "speaker2": [
          "나는 60세 이상 여자이다.",
          "나는 출퇴근할 때 자차를 이용한다.",
          "나는 매우 긍정적이다.",
          "나는 일이 바쁘다.",
          "나의 남편이 중식당을 운영한다.",
          "나는 중식을 안 먹는다.",
          "나는 기름진 음식은 안 좋아한다."
        ]
      },
      "prevAggregatedpersonaSummary": {
        "speaker1": [],
        "speaker2": []
      }
    },
    {
      "prevSessionID": "2-00259-1",
      "prevTimeInfo": {
        "timeNum": "6",
        "timeUnit": "일"
      },
      "nthSession": "2",
      "numberOfUtterances": "14",
      "numberOfTurns": "7",
      "sessionID": "2-00259-2",
      "dialog": [
        {
          "speaker": "speaker1",
          "personaID": "33754",
          "participantID": "1221",
          "utterance": "지난번에 남편이 중식당을 운영하신다고 하셨는데, 지난 6일간 가게는 여전히 바쁘셨나요?",
          "summary": "",
          "date": "2022-10-30",
          "time": "11:04:24",
          "terminate": "false"
        },
        {
          "speaker": "speaker2",
          "personaID": "61487",
          "participantID": "1212",
          "utterance": "저의 가게는 주변에 회사들이 많아 배달주문이 많아요.",
          "summary": "",
          "date": "2022-10-30",
          "time": "11:04:33",
          "terminate": "false"
        },
        {
          "speaker": "speaker1",
          "personaID": "33754",
          "participantID": "1221",
          "utterance": "항상 정신없으시겠네요. 그럼 가게 끝나고 집에 와서 아무것도 못하실것같아요.",
          "summary": "",
          "date": "2022-10-30",
          "time": "11:04:53",
          "terminate": "false"
        },
        {
          "speaker": "speaker2",
          "personaID": "61487",
          "participantID": "1212",
          "utterance": "네, 일이 힘들어 집안일은 잘안하고 쉬면서 음악영화를 자주 봐요.",
          "summary": "나는 음악 영화를 자주 본다.",
          "date": "2022-10-30",
          "time": "11:05:24",
          "terminate": "false"
        },
        {
          "speaker": "speaker1",
          "personaID": "33754",
          "participantID": "1221",
          "utterance": "힘들면 그럴수 있죠. 저는 영화는 잘 안보고 발라드 음악을 자주 들어요.",
          "summary": "나는 발라드 음악을 자주 듣는다.",
          "date": "2022-10-30",
          "time": "11:05:59",
          "terminate": "false"
        },
        {
          "speaker": "speaker2",
          "personaID": "61487",
          "participantID": "1212",
          "utterance": "그렇군요. 집안일을 해야할때는 가족들과 게임을 해서 당번을 정해요.",
          "summary": "나의 가족은 게임으로 집안일 당번을 정한다.",
          "date": "2022-10-30",
          "time": "11:06:19",
          "terminate": "false"
        },
        {
          "speaker": "speaker1",
          "personaID": "33754",
          "participantID": "1221",
          "utterance": "ㅎㅎ그러세요? 그럼 가족게임은 뭘로 하시나요?",
          "summary": "",
          "date": "2022-10-30",
          "time": "11:06:30",
          "terminate": "false"
        },
        {
          "speaker": "speaker2",
          "personaID": "61487",
          "participantID": "1212",
          "utterance": "저의 가족은 다트게임으로 가족게임을 해요.",
          "summary": "나는 가족과 다트게임을 한다.",
          "date": "2022-10-30",
          "time": "11:07:08",
          "terminate": "false"
        },
        {
          "speaker": "speaker1",
          "personaID": "33754",
          "participantID": "1221",
          "utterance": "다트게임기가 집에 있으신가봐요. 가족게임으로 즐기기 좋죠.",
          "summary": "",
          "date": "2022-10-30",
          "time": "11:07:17",
          "terminate": "false"
        },
        {
          "speaker": "speaker2",
          "personaID": "61487",
          "participantID": "1212",
          "utterance": "가족게임을 하며 집안일을 정하니 가족분위기도 좋아요.",
          "summary": "",
          "date": "2022-10-30",
          "time": "11:07:35",
          "terminate": "false"
        },
        {
          "speaker": "speaker1",
          "personaID": "33754",
          "participantID": "1221",
          "utterance": "가족게임을 즐기는 집이 드문데, 즐겁게 사시네요.",
          "summary": "",
          "date": "2022-10-30",
          "time": "11:07:47",
          "terminate": "false"
        },
        {
          "speaker": "speaker2",
          "personaID": "61487",
          "participantID": "1212",
          "utterance": "맞아요. 집에서 쉬는날 하는 꼭해야하는 일이있나요?",
          "summary": "",
          "date": "2022-10-30",
          "time": "11:08:11",
          "terminate": "false"
        },
        {
          "speaker": "speaker1",
          "personaID": "33754",
          "participantID": "1221",
          "utterance": "저는 화분에 물을 주는 것을 좋아해서 집에서 쉴때는 화분에 물을 줘요.ㅎㅎ.",
          "summary": "나는 화분에 물을 주는 것을 좋아한다.",
          "date": "2022-10-30",
          "time": "11:08:18",
          "terminate": "false"
        },
        {
          "speaker": "speaker2",
          "personaID": "61487",
          "participantID": "1212",
          "utterance": "화분에 물을 주면 마음이 평화로워질거같네요. 즐거웠어요.",
          "summary": "",
          "date": "2022-10-30",
          "time": "11:08:30",
          "terminate": "true"
        }
      ],
      "sessionPersonaSummary": {
        "speaker1": [
          "나는 발라드 음악을 자주 듣는다.",
          "나는 화분에 물을 주는 것을 좋아한다."
        ],
        "speaker2": [
          "나는 음악 영화를 자주 본다.",
          "나의 가족은 게임으로 집안일 당번을 정한다.",
          "나는 가족과 다트게임을 한다."
        ]
      },
      "prevAggregatedpersonaSummary": {
        "speaker1": [
          "나는 30대 여자이다.",
          "나는 매일 버스로 출퇴근한다.",
          "나는 사고영상을 자주 본다.",
          "나는 호기심이 많다."
        ],
        "speaker2": [
          "나는 60세 이상 여자이다.",
          "나는 출퇴근할 때 자차를 이용한다.",
          "나는 매우 긍정적이다.",
          "나는 일이 바쁘다.",
          "나의 남편이 중식당을 운영한다.",
          "나는 중식을 안 먹는다.",
          "나는 기름진 음식은 안 좋아한다."
        ]
      }
    }
  ]
}