{
  "FileInfo": {
    "filename": "K2-00505-CL33786-CP34164-02-05-S2.json",
    "sessionLevel": "2"
  },
  "participantsInfo": {
    "numberOfParticipants": "2",
    "speaker1": {
      "participantID": "0607",
      "gender": "여성",
      "age": "30대",
      "occupation": "자영업",
      "bPlace": "서울/경기/인천",
      "gPlace": "서울/경기/인천",
      "rPlace": "서울/경기/인천",
      "educationLevel": "대졸"
    },
    "speaker2": {
      "participantID": "0602",
      "gender": "여성",
      "age": "30대",
      "occupation": "주부",
      "bPlace": "서울/경기/인천",
      "gPlace": "서울/경기/인천",
      "rPlace": "서울/경기/인천",
      "educationLevel": "대졸"
    }
  },
  "multisessionInfo": {
    "multisessionID": "2-00505"
  },
  "personaInfo": {
    "clInfo": {
      "personaID": "33786",
      "personaFeatures": [
        "나는 여자이다.",
        "나는 30대이다.",
        "나는 코미디 영화를 자주 본다.",
        "나는 택시 운전원이다.",
        "나는 실외에서 축구하는 것을 좋아한다.",
        "나는 오렌지를 좋아한다."
      ],
      "speakerType": "speaker1"
    },
    "cpInfo": {
      "personaID": "34164",
      "personaFeatures": [
        "나는 여자이다.",
        "나는 30대이다.",
        "나는 K-POP 음악을 가끔 듣는다.",
        "나는 섹소폰을 배우고 싶다.",
        "나는 실내에서 수영하는 것을 싫어한다.",
        "나는 김치찌개를 안 먹는다."
      ],
      "speakerType": "speaker2"
    }
  },
  "topicInfo": {
    "topicID": "02-05",
    "topicType": "주거와 생활",
    "topicTitle": "청약"
  },
  "sessionInfo": [
    {
      "prevSessionID": null,
      "prevTimeInfo": {
        "timeNum": null,
        "timeUnit": null
      },
      "nthSession": "1",
      "numberOfUtterances": "16",
      "numberOfTurns": "8",
      "sessionID": "2-00505-1",
      "dialog": [
        {
          "speaker": "speaker1",
          "personaID": "33786",
          "participantID": "0607",
          "utterance": "안녕하세요. 반갑습니다. 전 30대 여자이구요, 택시 운전원이에요.",
          "summary": "나는 30대 여자이다. 나는 택시 운전원이다.",
          "date": "2022-10-12",
          "time": "14:04:57",
          "terminate": "false"
        },
        {
          "speaker": "speaker2",
          "personaID": "34164",
          "participantID": "0602",
          "utterance": "안녕하세요. 저도 30대 여자입니다. 지금 백수구요 ㅎㅎ.",
          "summary": "나는 30대 여자이다. 나는 백수이다.",
          "date": "2022-10-12",
          "time": "14:05:06",
          "terminate": "false"
        },
        {
          "speaker": "speaker1",
          "personaID": "33786",
          "participantID": "0607",
          "utterance": "좋겠네요. 그럼 집에서 뭐하면서 지내요? 안심심하세요?",
          "summary": "",
          "date": "2022-10-12",
          "time": "14:05:17",
          "terminate": "false"
        },
        {
          "speaker": "speaker2",
          "personaID": "34164",
          "participantID": "0602",
          "utterance": "가끔 K-POP 음악도 듣기도 하고, 지금은 섹소폰 배우고 싶어서 찾아보는중이예요.",
          "summary": "나는 색소폰을 배우고 싶다. 나는 K-POP 음악을 가끔 듣는다.",
          "date": "2022-10-12",
          "time": "14:05:29",
          "terminate": "false"
        },
        {
          "speaker": "speaker1",
          "personaID": "33786",
          "participantID": "0607",
          "utterance": "하고싶은게 많아서 좋겠네요. ㅋㅋ 전 하고싶은게 딱히 없어요.",
          "summary": "나는 하고 싶은 게 없다.",
          "date": "2022-10-12",
          "time": "14:06:11",
          "terminate": "false"
        },
        {
          "speaker": "speaker2",
          "personaID": "34164",
          "participantID": "0602",
          "utterance": "님도 멋지시네요. 여자 택시운전사는 잘 없던데, 솔직히 처음 봤어요.",
          "summary": "나는 여자 택시운전사를 처음 봤다.",
          "date": "2022-10-12",
          "time": "14:06:18",
          "terminate": "false"
        },
        {
          "speaker": "speaker1",
          "personaID": "33786",
          "participantID": "0607",
          "utterance": "제가 겉만 여자라는말을 많이 들었어요. 실외에서 축구하는것도 좋아하고. ㅋㅋ.",
          "summary": "나는 실외에서 축구하는 것을 좋아한다.",
          "date": "2022-10-12",
          "time": "14:06:38",
          "terminate": "false"
        },
        {
          "speaker": "speaker2",
          "personaID": "34164",
          "participantID": "0602",
          "utterance": "그러시구나, 저도 취미가 수영인데, 실내에서 하는걸 섫어해요. 야외스포츠 좋아하거든요.",
          "summary": "나는 실내에서 수영하는 것을 싫어한다. 나는 야외 스포츠 좋아한다.",
          "date": "2022-10-12",
          "time": "14:07:01",
          "terminate": "false"
        },
        {
          "speaker": "speaker1",
          "personaID": "33786",
          "participantID": "0607",
          "utterance": "지금은 뭐하세요? 전 코미디 영화 보는중이었는데 재밌네요. 심심하면 알려줄까요?",
          "summary": "나는 코미디 영화를 보고 있다.",
          "date": "2022-10-12",
          "time": "14:07:14",
          "terminate": "false"
        },
        {
          "speaker": "speaker2",
          "personaID": "34164",
          "participantID": "0602",
          "utterance": "오 뭐보던 중이셨는데요?? 자주 보는가봐요??",
          "summary": "",
          "date": "2022-10-12",
          "time": "14:07:24",
          "terminate": "false"
        },
        {
          "speaker": "speaker1",
          "personaID": "33786",
          "participantID": "0607",
          "utterance": "네 ㅎㅎ 손님 없으면 코미디 영화 자주봐요. 공조라고 아세요?",
          "summary": "나는 코미디 영화를 자주 본다.",
          "date": "2022-10-12",
          "time": "14:07:34",
          "terminate": "false"
        },
        {
          "speaker": "speaker2",
          "personaID": "34164",
          "participantID": "0602",
          "utterance": "들어는 봤어요. 님이 말하니까 저도 한번 봐야겠네요.",
          "summary": "나는 공조라는 영화를 들어봤다.",
          "date": "2022-10-12",
          "time": "14:07:42",
          "terminate": "false"
        },
        {
          "speaker": "speaker1",
          "personaID": "33786",
          "participantID": "0607",
          "utterance": "아까 밥먹으면서 봤는데 시간이 잘 가더라구요. ㅋㅋ.",
          "summary": "",
          "date": "2022-10-12",
          "time": "14:08:12",
          "terminate": "false"
        },
        {
          "speaker": "speaker2",
          "personaID": "34164",
          "participantID": "0602",
          "utterance": "밥은 뭐 드셨나요?? 저는 음식을 좀 가리는편이라... 김치찌개 안먹거든요.",
          "summary": "나는 김치찌개를 안 먹는다.",
          "date": "2022-10-12",
          "time": "14:08:56",
          "terminate": "false"
        },
        {
          "speaker": "speaker1",
          "personaID": "33786",
          "participantID": "0607",
          "utterance": "전 싫어하는것 보다 유달리 좋아하는게 있는데, 오렌지를 엄청 좋아해요. 아 손님이 왔네요, 잠시만요.",
          "summary": "나는 오렌지를 좋아한다.",
          "date": "2022-10-12",
          "time": "14:09:15",
          "terminate": "false"
        },
        {
          "speaker": "speaker2",
          "personaID": "34164",
          "participantID": "0602",
          "utterance": "넵. 돈 많이 벌고 오세요. 화이팅입니다.",
          "summary": "",
          "date": "2022-10-12",
          "time": "14:09:20",
          "terminate": "true"
        }
      ],
      "sessionPersonaSummary": {
        "speaker1": [
          "나는 30대 여자이다. 나는 택시 운전원이다.",
          "나는 하고 싶은 게 없다.",
          "나는 실외에서 축구하는 것을 좋아한다.",
          "나는 코미디 영화를 보고 있다.",
          "나는 코미디 영화를 자주 본다.",
          "나는 오렌지를 좋아한다."
        ],
        "speaker2": [
          "나는 30대 여자이다. 나는 백수이다.",
          "나는 색소폰을 배우고 싶다. 나는 K-POP 음악을 가끔 듣는다.",
          "나는 여자 택시운전사를 처음 봤다.",
          "나는 실내에서 수영하는 것을 싫어한다. 나는 야외 스포츠 좋아한다.",
          "나는 공조라는 영화를 들어봤다.",
          "나는 김치찌개를 안 먹는다."
        ]
      },
      "prevAggregatedpersonaSummary": {
        "speaker1": [],
        "speaker2": []
      }
    },
    {
      "prevSessionID": "2-00505-1",
      "prevTimeInfo": {
        "timeNum": "2",
        "timeUnit": "시간"
      },
      "nthSession": "2",
      "numberOfUtterances": "16",
      "numberOfTurns": "8",
      "sessionID": "2-00505-2",
      "dialog": [
        {
          "speaker": "speaker1",
          "personaID": "33786",
          "participantID": "0607",
          "utterance": "와, 2시간동안 손님이 끊이질 않네요. 이제 그만 집에 가도 되겠어요.",
          "summary": "",
          "date": "2022-10-12",
          "time": "14:09:34",
          "terminate": "false"
        },
        {
          "speaker": "speaker2",
          "personaID": "34164",
          "participantID": "0602",
          "utterance": "그정도로 많았나요 ㅎ 괜히 제가 다 뿌듯하네요.",
          "summary": "",
          "date": "2022-10-12",
          "time": "14:09:38",
          "terminate": "false"
        },
        {
          "speaker": "speaker1",
          "personaID": "33786",
          "participantID": "0607",
          "utterance": "얼른 부지런히 돈을 모아서 내집마련하는게 꿈입니다. ㅎㅎ.",
          "summary": "나는 내 집 마련하는 것이 꿈이다.",
          "date": "2022-10-12",
          "time": "14:09:57",
          "terminate": "false"
        },
        {
          "speaker": "speaker2",
          "personaID": "34164",
          "participantID": "0602",
          "utterance": "다들 내집마련이 꿈이라고 하지만, 현실가능성을 보면... 전 포기요.",
          "summary": "",
          "date": "2022-10-12",
          "time": "14:10:59",
          "terminate": "false"
        },
        {
          "speaker": "speaker1",
          "personaID": "33786",
          "participantID": "0607",
          "utterance": "청약이라도 넣어봐야죠. ㅋㅋ 그게 제 목표에요.",
          "summary": "나는 청약을 넣는 것이 목표이다.",
          "date": "2022-10-12",
          "time": "14:11:20",
          "terminate": "false"
        },
        {
          "speaker": "speaker2",
          "personaID": "34164",
          "participantID": "0602",
          "utterance": "청약을 내더라도 돈이... 한두푼 드는게 아니던데요 ㅠㅠ.",
          "summary": "",
          "date": "2022-10-12",
          "time": "14:11:25",
          "terminate": "false"
        },
        {
          "speaker": "speaker1",
          "personaID": "33786",
          "participantID": "0607",
          "utterance": "열심히 하면 언젠가는 이루어지지 않겠어요?",
          "summary": "",
          "date": "2022-10-12",
          "time": "14:11:50",
          "terminate": "false"
        },
        {
          "speaker": "speaker2",
          "personaID": "34164",
          "participantID": "0602",
          "utterance": "가고 싶은 아파트가 있으신가요?? 점찍어둔 ㅎㅎ.",
          "summary": "",
          "date": "2022-10-12",
          "time": "14:12:05",
          "terminate": "false"
        },
        {
          "speaker": "speaker1",
          "personaID": "33786",
          "participantID": "0607",
          "utterance": "ㅎㅎ 점찍어둔 아파트가 있습니다. 비밀이지만요.",
          "summary": "나는 점찍어둔 아파트가 있다.",
          "date": "2022-10-12",
          "time": "14:12:14",
          "terminate": "false"
        },
        {
          "speaker": "speaker2",
          "personaID": "34164",
          "participantID": "0602",
          "utterance": "비밀이라고 하니 더 궁금해지는데요!!",
          "summary": "",
          "date": "2022-10-12",
          "time": "14:12:18",
          "terminate": "false"
        },
        {
          "speaker": "speaker1",
          "personaID": "33786",
          "participantID": "0607",
          "utterance": "ㅋㅋ 청약 되면 제가 자랑하겠습니다. 너무 성급히 알려고 하지 마세요!",
          "summary": "",
          "date": "2022-10-12",
          "time": "14:12:29",
          "terminate": "false"
        },
        {
          "speaker": "speaker2",
          "personaID": "34164",
          "participantID": "0602",
          "utterance": "ㅋㅋ 알겠어요. 그럼 그동안 우리 더 친해져@이름1@요. 님의 아파트가 궁금하네요.",
          "summary": "나는 상대방이 점찍어둔 아파트가 궁금하다.",
          "date": "2022-10-12",
          "time": "14:12:36",
          "terminate": "false"
        },
        {
          "speaker": "speaker1",
          "personaID": "33786",
          "participantID": "0607",
          "utterance": "부지런히 일해서 돈부터 모아야겠습니다. ㅋㅋ코미디 영화 그만보구요.",
          "summary": "",
          "date": "2022-10-12",
          "time": "14:12:45",
          "terminate": "false"
        },
        {
          "speaker": "speaker2",
          "personaID": "34164",
          "participantID": "0602",
          "utterance": "그럼 오늘 만족하지말고, 더 손님을 받아야 하는거 아닌가요 ㅎㅎ.",
          "summary": "",
          "date": "2022-10-12",
          "time": "14:13:00",
          "terminate": "false"
        },
        {
          "speaker": "speaker1",
          "personaID": "33786",
          "participantID": "0607",
          "utterance": "님 말이 맞아요. ㅎㅎ 그럼 저 일좀 더 하고 오겠습니다. 다음에 또 연락해요.",
          "summary": "",
          "date": "2022-10-12",
          "time": "14:13:09",
          "terminate": "false"
        },
        {
          "speaker": "speaker2",
          "personaID": "34164",
          "participantID": "0602",
          "utterance": "넵. 알겠어요. 화이팅하시고, 나중에 또 심심하시면 연락하세요.",
          "summary": "",
          "date": "2022-10-12",
          "time": "14:13:16",
          "terminate": "true"
        }
      ],
      "sessionPersonaSummary": {
        "speaker1": [
          "나는 내 집 마련하는 것이 꿈이다.",
          "나는 청약을 넣는 것이 목표이다.",
          "나는 점찍어둔 아파트가 있다."
        ],
        "speaker2": [
          "나는 상대방이 점찍어둔 아파트가 궁금하다."
        ]
      },
      "prevAggregatedpersonaSummary": {
        "speaker1": [
          "나는 30대 여자이다. 나는 택시 운전원이다.",
          "나는 하고 싶은 게 없다.",
          "나는 실외에서 축구하는 것을 좋아한다.",
          "나는 코미디 영화를 보고 있다.",
          "나는 코미디 영화를 자주 본다.",
          "나는 오렌지를 좋아한다."
        ],
        "speaker2": [
          "나는 30대 여자이다. 나는 백수이다.",
          "나는 색소폰을 배우고 싶다. 나는 K-POP 음악을 가끔 듣는다.",
          "나는 여자 택시운전사를 처음 봤다.",
          "나는 실내에서 수영하는 것을 싫어한다. 나는 야외 스포츠 좋아한다.",
          "나는 공조라는 영화를 들어봤다.",
          "나는 김치찌개를 안 먹는다."
        ]
      }
    }
  ]
}