{
  "FileInfo": {
    "filename": "K2-00445-CL12490-CP31262-16-09-S2.json",
    "sessionLevel": "2"
  },
  "participantsInfo": {
    "numberOfParticipants": "2",
    "speaker1": {
      "participantID": "4575",
      "gender": "여성",
      "age": "20대",
      "occupation": "학생",
      "bPlace": "부산/대구/울산/경상",
      "gPlace": "부산/대구/울산/경상",
      "rPlace": "부산/대구/울산/경상",
      "educationLevel": "대졸"
    },
    "speaker2": {
      "participantID": "4288",
      "gender": "남성",
      "age": "30대",
      "occupation": "전문직",
      "bPlace": "서울/경기/인천",
      "gPlace": "서울/경기/인천",
      "rPlace": "서울/경기/인천",
      "educationLevel": "대졸"
    }
  },
  "multisessionInfo": {
    "multisessionID": "2-00445"
  },
  "personaInfo": {
    "clInfo": {
      "personaID": "12490",
      "personaFeatures": [
        "나는 여자이다.",
        "나는 10대이다.",
        "나의 아버지는 운수업을 한다",
        "나는 학교에 가는 게 즐겁다",
        "나는 딸기를 싫어한다",
        "나는 항상 꼼꼼하다"
      ],
      "speakerType": "speaker1"
    },
    "cpInfo": {
      "personaID": "31262",
      "personaFeatures": [
        "나는 남자이다.",
        "나는 30대이다.",
        "나는 지구환경과학과를 전공했다",
        "나는 배구를 가끔 한다",
        "나는 로큰롤 음악을 가끔 듣는다"
      ],
      "speakerType": "speaker2"
    }
  },
  "topicInfo": {
    "topicID": "16-09",
    "topicType": "미용과 건강>미용",
    "topicTitle": "여드름"
  },
  "sessionInfo": [
    {
      "prevSessionID": null,
      "prevTimeInfo": {
        "timeNum": null,
        "timeUnit": null
      },
      "nthSession": "1",
      "numberOfUtterances": "14",
      "numberOfTurns": "7",
      "sessionID": "2-00445-1",
      "dialog": [
        {
          "speaker": "speaker1",
          "personaID": "12490",
          "participantID": "4575",
          "utterance": "안녕하세요. 저는 10대 여성입니다.",
          "summary": "나는 10대 여성이다",
          "date": "2022-11-14",
          "time": "14:38:55",
          "terminate": "false"
        },
        {
          "speaker": "speaker2",
          "personaID": "31262",
          "participantID": "4288",
          "utterance": "안녕하세요 저는 30대 남성입니다",
          "summary": "나는 30대 남성이다",
          "date": "2022-11-14",
          "time": "14:39:25",
          "terminate": "false"
        },
        {
          "speaker": "speaker1",
          "personaID": "12490",
          "participantID": "4575",
          "utterance": "반가워요 오늘 뭐하셨어요? 저는 학교 갔다 왔는데 학교 가는건 항상 즐거운 것 같아요. ",
          "summary": "나는 오늘 학교를 갔다 왔다",
          "date": "2022-11-14",
          "time": "14:42:49",
          "terminate": "false"
        },
        {
          "speaker": "speaker2",
          "personaID": "31262",
          "participantID": "4288",
          "utterance": "학교 다니는거 재밌죠! 저는 지구환경과학과를 전공했습니다",
          "summary": "나는 지구환경과학과를 전공했다",
          "date": "2022-11-14",
          "time": "14:43:44",
          "terminate": "false"
        },
        {
          "speaker": "speaker1",
          "personaID": "12490",
          "participantID": "4575",
          "utterance": "저희 아버지도 지구환경학과 나왔어요. 지금은 전혀 상관없는 운수업을 하고 계시긴하지만요 ",
          "summary": "나는 아버지가 운수업을 하신다.",
          "date": "2022-11-14",
          "time": "14:44:50",
          "terminate": "false"
        },
        {
          "speaker": "speaker2",
          "personaID": "31262",
          "participantID": "4288",
          "utterance": "아 그러시군요! 운동 좋아하세요? 저는 가끔씩 배구를 하거든요!",
          "summary": "나는 가끔 배구를 한다",
          "date": "2022-11-14",
          "time": "14:45:30",
          "terminate": "false"
        },
        {
          "speaker": "speaker1",
          "personaID": "12490",
          "participantID": "4575",
          "utterance": "네 저도 배구 좋아해요. 항상 꼼꼼한 성격이라 배구 경기도 다 챙겨봐요. 좋아하는 과일 있으세요? ",
          "summary": "나는 꼼꼼한 성격이며 배구를 좋아한다",
          "date": "2022-11-14",
          "time": "14:46:41",
          "terminate": "false"
        },
        {
          "speaker": "speaker2",
          "personaID": "31262",
          "participantID": "4288",
          "utterance": "저는 딸기 좋아해요 근데 요즘은 철이 아니라서 너무 비싸더라구요. 음악 좋아하세요?",
          "summary": "나는 딸기를 좋아하는데 철이 아니라 비싸다고 생각한다",
          "date": "2022-11-14",
          "time": "14:47:24",
          "terminate": "false"
        },
        {
          "speaker": "speaker1",
          "personaID": "12490",
          "participantID": "4575",
          "utterance": "저는 딸기를 싫어해요. 저는 댄스 음악 좋아해요. 어떤 음악 좋아하세요?",
          "summary": "나는 딸기를 싫어하며 댄스 음악을 좋아한다",
          "date": "2022-11-14",
          "time": "14:47:53",
          "terminate": "false"
        },
        {
          "speaker": "speaker2",
          "personaID": "31262",
          "participantID": "4288",
          "utterance": "저는 로큰롤 음악을 가끔 듣는데 괜찮더라구요 무슨 과일 좋아하세요?",
          "summary": "나는 로큰롤 음악을 가끔 듣는다",
          "date": "2022-11-14",
          "time": "14:48:30",
          "terminate": "false"
        },
        {
          "speaker": "speaker1",
          "personaID": "12490",
          "participantID": "4575",
          "utterance": "저는 수박을 좋아해요. 제가 이제 학원에 가야할 것 같아요.",
          "summary": "나는 수박을 좋아한다",
          "date": "2022-11-14",
          "time": "14:50:48",
          "terminate": "false"
        },
        {
          "speaker": "speaker2",
          "personaID": "31262",
          "participantID": "4288",
          "utterance": "아 학원 가지마시고 저랑 더 대화나눠요 ㅋㅋ",
          "summary": "나는 대화를 더 하고 싶다",
          "date": "2022-11-14",
          "time": "14:51:38",
          "terminate": "false"
        },
        {
          "speaker": "speaker1",
          "personaID": "12490",
          "participantID": "4575",
          "utterance": "네 알겠어요. 로큰롤 음악 저도 좋아해요.",
          "summary": "나는 로큰롤 음악을 좋아한다",
          "date": "2022-11-14",
          "time": "14:55:26",
          "terminate": "false"
        },
        {
          "speaker": "speaker2",
          "personaID": "31262",
          "participantID": "4288",
          "utterance": "저는 일이 좀 생겨서.. 나중에 또 대화해요~ 가볼게요",
          "summary": "나는 일이 생겨서 가야 한다",
          "date": "2022-11-14",
          "time": "14:56:10",
          "terminate": "true"
        }
      ],
      "sessionPersonaSummary": {
        "speaker1": [
          "나는 10대 여성이다",
          "나는 오늘 학교를 갔다 왔다",
          "나는 아버지가 운수업을 하신다.",
          "나는 꼼꼼한 성격이며 배구를 좋아한다",
          "나는 딸기를 싫어하며 댄스 음악을 좋아한다",
          "나는 수박을 좋아한다",
          "나는 로큰롤 음악을 좋아한다"
        ],
        "speaker2": [
          "나는 30대 남성이다",
          "나는 지구환경과학과를 전공했다",
          "나는 가끔 배구를 한다",
          "나는 딸기를 좋아하는데 철이 아니라 비싸다고 생각한다",
          "나는 로큰롤 음악을 가끔 듣는다",
          "나는 대화를 더 하고 싶다",
          "나는 일이 생겨서 가야 한다"
        ]
      },
      "prevAggregatedpersonaSummary": {
        "speaker1": [],
        "speaker2": []
      }
    },
    {
      "prevSessionID": "2-00445-1",
      "prevTimeInfo": {
        "timeNum": "5",
        "timeUnit": "일"
      },
      "nthSession": "2",
      "numberOfUtterances": "14",
      "numberOfTurns": "7",
      "sessionID": "2-00445-2",
      "dialog": [
        {
          "speaker": "speaker1",
          "personaID": "12490",
          "participantID": "4575",
          "utterance": "5일만에 뵙네요 잘지내셨어요? 저는 그동안 잠을 잘못자서 얼굴에 여드름이 많이 생겼어요ㅠ",
          "summary": "나는 잠을 못 자서 얼굴에 여드름이 많이 생겼다",
          "date": "2022-11-14",
          "time": "22:40:42",
          "terminate": "false"
        },
        {
          "speaker": "speaker2",
          "personaID": "31262",
          "participantID": "4288",
          "utterance": "바쁘셨나봐요 저도 요즘 늦게 자서 얼굴이 푸석해졌더라구요. 여드름도 한두개씩 나고 학생분이라 학원을 계속 다니면서 스트레스 받아서 아닐까요.",
          "summary": "나는 요즘 늦게 자서 얼굴이 푸석해졌다",
          "date": "2022-11-15",
          "time": "08:34:21",
          "terminate": "false"
        },
        {
          "speaker": "speaker1",
          "personaID": "12490",
          "participantID": "4575",
          "utterance": "운동을 해야 피부건강에 좋다해서 이번 주말에 배구하려구요. 요즘도 배구하세요?",
          "summary": "나는 주말에 배구를 하려고 한다",
          "date": "2022-11-15",
          "time": "08:40:35",
          "terminate": "false"
        },
        {
          "speaker": "speaker2",
          "personaID": "31262",
          "participantID": "4288",
          "utterance": "네 배구 가끔하는데 요즘은 일이 바빠서 못하고 있어요 피부가 영 안좋아져서 피부과를 좀 다녀볼까 해요",
          "summary": "나는 피부가 안 좋아져서 피부과를 가려한다",
          "date": "2022-11-15",
          "time": "08:49:15",
          "terminate": "false"
        },
        {
          "speaker": "speaker1",
          "personaID": "12490",
          "participantID": "4575",
          "utterance": "좋은 피부과 있으면 저도 소개해주세요~ 저희 집 주변에는 괜찮은 피부과가 없거든요",
          "summary": "나는 집 주변에 피부과가 없다",
          "date": "2022-11-15",
          "time": "08:57:05",
          "terminate": "false"
        },
        {
          "speaker": "speaker2",
          "personaID": "31262",
          "participantID": "4288",
          "utterance": "저도 잘하는 곳은 모르고 시간이 영 안되서 가까운 집 근처 피부과로 다니고 있어요",
          "summary": "나는 시간이 없어서 집 근처 피부과를 다닌다",
          "date": "2022-11-15",
          "time": "08:58:56",
          "terminate": "false"
        },
        {
          "speaker": "speaker1",
          "personaID": "12490",
          "participantID": "4575",
          "utterance": "시간이 없으시다니 요즘 많이 바쁘신가봐요? ",
          "summary": "",
          "date": "2022-11-15",
          "time": "09:00:39",
          "terminate": "false"
        },
        {
          "speaker": "speaker2",
          "personaID": "31262",
          "participantID": "4288",
          "utterance": "네 요즘 회사일 때문에 정신이 없네요 피부도 완전 안좋아지구요 ㅜㅜ",
          "summary": "나는 회사일 때문에 바빠서 피부가 안 좋아졌다",
          "date": "2022-11-15",
          "time": "09:08:56",
          "terminate": "false"
        },
        {
          "speaker": "speaker1",
          "personaID": "12490",
          "participantID": "4575",
          "utterance": "일 때문에 스트레스를 많이 받아서 피부가 안좋아지셨나봐요ㅠ 일하는 동안 물을 많이 마셔보세요. 피부건강에 물이 좋다고해요  ",
          "summary": "나는 피부 건강에 물이 좋다고 해서 물을 많이 마신다",
          "date": "2022-11-15",
          "time": "09:11:34",
          "terminate": "false"
        },
        {
          "speaker": "speaker2",
          "personaID": "31262",
          "participantID": "4288",
          "utterance": "아 그런가요? 물을 자주 마시진 않았는데 오늘부터 자주 마셔야겠네요 물 자주 마시세요?",
          "summary": "나는 오늘부터 물을 자주 마시려고 한다",
          "date": "2022-11-15",
          "time": "09:20:12",
          "terminate": "false"
        },
        {
          "speaker": "speaker1",
          "personaID": "12490",
          "participantID": "4575",
          "utterance": "저도 물을 자주 안마시는 편인데 여드름이 많이 나서 인터넷을 찾아보니 물이 좋다고 해서 앞으로 많이 마시려구요",
          "summary": "나는 물을 자주 먹지 않지만 피부 건강에 좋다고 해서 자주 마신다",
          "date": "2022-11-15",
          "time": "09:21:43",
          "terminate": "false"
        },
        {
          "speaker": "speaker2",
          "personaID": "31262",
          "participantID": "4288",
          "utterance": "좋은 정보 알려주셔서 감사합니다. 저도 여드름 때문에 고민 중 이었는데 손 쉬운 방법이 있었네요",
          "summary": "나는 여드름 때문에 고민이다",
          "date": "2022-11-15",
          "time": "09:22:52",
          "terminate": "false"
        },
        {
          "speaker": "speaker1",
          "personaID": "12490",
          "participantID": "4575",
          "utterance": "그리고 저는 자기 전에 트러블 전용 마스크팩도 하고 있는데 효과 좋아요. 추천할게요",
          "summary": "나는 자기 전에 트러블 전용 마스크팩도 사용한다",
          "date": "2022-11-15",
          "time": "09:25:28",
          "terminate": "false"
        },
        {
          "speaker": "speaker2",
          "personaID": "31262",
          "participantID": "4288",
          "utterance": "대화 즐거웠습니다. 일이 생겨서 먼저 가볼게요~ 다음에 또 대화 나눠요.!",
          "summary": "",
          "date": "2022-11-15",
          "time": "09:25:51",
          "terminate": "true"
        }
      ],
      "sessionPersonaSummary": {
        "speaker1": [
          "나는 잠을 못 자서 얼굴에 여드름이 많이 생겼다",
          "나는 주말에 배구를 하려고 한다",
          "나는 집 주변에 피부과가 없다",
          "나는 피부 건강에 물이 좋다고 해서 물을 많이 마신다",
          "나는 물을 자주 먹지 않지만 피부 건강에 좋다고 해서 자주 마신다",
          "나는 자기 전에 트러블 전용 마스크팩도 사용한다"
        ],
        "speaker2": [
          "나는 요즘 늦게 자서 얼굴이 푸석해졌다",
          "나는 피부가 안 좋아져서 피부과를 가려한다",
          "나는 시간이 없어서 집 근처 피부과를 다닌다",
          "나는 회사일 때문에 바빠서 피부가 안 좋아졌다",
          "나는 오늘부터 물을 자주 마시려고 한다",
          "나는 여드름 때문에 고민이다"
        ]
      },
      "prevAggregatedpersonaSummary": {
        "speaker1": [
          "나는 10대 여성이다",
          "나는 오늘 학교를 갔다 왔다",
          "나는 아버지가 운수업을 하신다.",
          "나는 꼼꼼한 성격이며 배구를 좋아한다",
          "나는 딸기를 싫어하며 댄스 음악을 좋아한다",
          "나는 수박을 좋아한다",
          "나는 로큰롤 음악을 좋아한다"
        ],
        "speaker2": [
          "나는 30대 남성이다",
          "나는 지구환경과학과를 전공했다",
          "나는 가끔 배구를 한다",
          "나는 딸기를 좋아하는데 철이 아니라 비싸다고 생각한다",
          "나는 로큰롤 음악을 가끔 듣는다",
          "나는 대화를 더 하고 싶다",
          "나는 일이 생겨서 가야 한다"
        ]
      }
    }
  ]
}