{
  "FileInfo": {
    "filename": "K2-00407-CL02755-CP03136-11-01-S2.json",
    "sessionLevel": "2"
  },
  "participantsInfo": {
    "numberOfParticipants": "2",
    "speaker1": {
      "participantID": "0021",
      "gender": "여성",
      "age": "30대",
      "occupation": "주부",
      "bPlace": "서울/경기/인천",
      "gPlace": "서울/경기/인천",
      "rPlace": "서울/경기/인천",
      "educationLevel": "대졸"
    },
    "speaker2": {
      "participantID": "0029",
      "gender": "남성",
      "age": "30대",
      "occupation": "사무직",
      "bPlace": "서울/경기/인천",
      "gPlace": "서울/경기/인천",
      "rPlace": "서울/경기/인천",
      "educationLevel": "대졸"
    }
  },
  "multisessionInfo": {
    "multisessionID": "2-00407"
  },
  "personaInfo": {
    "clInfo": {
      "personaID": "02755",
      "personaFeatures": [
        "나는 여자이다.",
        "나는 30대이다.",
        "나의 거주지는 강원도이다.",
        "나는 소설을 가끔 읽는다.",
        "나는 건축가이다."
      ],
      "speakerType": "speaker1"
    },
    "cpInfo": {
      "personaID": "03136",
      "personaFeatures": [
        "나는 남자이다.",
        "나는 40대이다.",
        "나는 가족과 데면데면하다.",
        "나는 김밥과 떡볶이를 안 먹는다.",
        "나는 매사에 관심이 없다."
      ],
      "speakerType": "speaker2"
    }
  },
  "topicInfo": {
    "topicID": "11-01",
    "topicType": "여가와 오락>게임",
    "topicTitle": "게임"
  },
  "sessionInfo": [
    {
      "prevSessionID": null,
      "prevTimeInfo": {
        "timeNum": null,
        "timeUnit": null
      },
      "nthSession": "1",
      "numberOfUtterances": "18",
      "numberOfTurns": "9",
      "sessionID": "2-00407-1",
      "dialog": [
        {
          "speaker": "speaker1",
          "personaID": "02755",
          "participantID": "0021",
          "utterance": "안녕하세요 저는 강원도에 사는 30대 여자입니다.",
          "summary": "나는 강원도 거주하는 30대 여자다.",
          "date": "2022-08-25",
          "time": "09:05:38",
          "terminate": "false"
        },
        {
          "speaker": "speaker2",
          "personaID": "03136",
          "participantID": "0029",
          "utterance": "안녕하세요 저는 40대 남자입니다.",
          "summary": "나는 40대 남자다.",
          "date": "2022-08-25",
          "time": "09:05:47",
          "terminate": "false"
        },
        {
          "speaker": "speaker1",
          "personaID": "02755",
          "participantID": "0021",
          "utterance": "저는 건축가예요. 오늘은 휴무라 쉬고있네요.",
          "summary": "나는 건축가이다.",
          "date": "2022-08-25",
          "time": "09:06:28",
          "terminate": "false"
        },
        {
          "speaker": "speaker2",
          "personaID": "03136",
          "participantID": "0029",
          "utterance": "그렇군요. 저는 그냥 직장인이에요. 건축가라는 일은 멋있는거 같아요.",
          "summary": "나는 직장인이다.",
          "date": "2022-08-25",
          "time": "09:06:52",
          "terminate": "false"
        },
        {
          "speaker": "speaker1",
          "personaID": "02755",
          "participantID": "0021",
          "utterance": "쉬는날이라 집에서 책을 읽고 있었어요.",
          "summary": "나는 쉬는 날이라 집에서 책을 읽고 있다.",
          "date": "2022-08-25",
          "time": "09:07:13",
          "terminate": "false"
        },
        {
          "speaker": "speaker2",
          "personaID": "03136",
          "participantID": "0029",
          "utterance": "쉬는날 책 좋죠 어떤 책을 읽고 계셨어요?",
          "summary": "",
          "date": "2022-08-25",
          "time": "09:07:29",
          "terminate": "false"
        },
        {
          "speaker": "speaker1",
          "personaID": "02755",
          "participantID": "0021",
          "utterance": "저는 소설을 가끔 읽어요. 재밌는 소설은 한번 시작하면 끝까지 읽는거 같아요.",
          "summary": "나는 소설을 가끔 읽는다.",
          "date": "2022-08-25",
          "time": "09:08:18",
          "terminate": "false"
        },
        {
          "speaker": "speaker2",
          "personaID": "03136",
          "participantID": "0029",
          "utterance": "저도 소설을 좋아해요. 저는 매사에 관심이 없어요. 근데 소설엔 관심이 많은거 같아요.",
          "summary": "나는 소설을 좋아한다. 나는 매사에 관심이 없다.",
          "date": "2022-08-25",
          "time": "09:09:01",
          "terminate": "false"
        },
        {
          "speaker": "speaker1",
          "personaID": "02755",
          "participantID": "0021",
          "utterance": "그렇군요. 저는 가족과 함께 사는데 님은 가족과 살고 있으세요?",
          "summary": "나는 가족과 함께 산다.",
          "date": "2022-08-25",
          "time": "09:09:59",
          "terminate": "false"
        },
        {
          "speaker": "speaker2",
          "personaID": "03136",
          "participantID": "0029",
          "utterance": "저는 가족과 데면데면 해요. 그래서 가족과는 같이 안살고 혼자 살고 있어요.",
          "summary": "나는 가족과 데면데면하다.",
          "date": "2022-08-25",
          "time": "09:10:18",
          "terminate": "false"
        },
        {
          "speaker": "speaker1",
          "personaID": "02755",
          "participantID": "0021",
          "utterance": "저는 가족과 살아서 편하게 지내는거 같아요.",
          "summary": "나는 가족과 살아서 편하게 지내는 거 같다.",
          "date": "2022-08-25",
          "time": "09:11:03",
          "terminate": "false"
        },
        {
          "speaker": "speaker2",
          "personaID": "03136",
          "participantID": "0029",
          "utterance": "가족과 사이가 괜찮으면 그렇게 살면 편할거 같긴 하네요.",
          "summary": "",
          "date": "2022-08-25",
          "time": "09:11:16",
          "terminate": "false"
        },
        {
          "speaker": "speaker1",
          "personaID": "02755",
          "participantID": "0021",
          "utterance": "네 그렇네요. 지금 일하고 계세요?",
          "summary": "나는 지금 일하고 있는지 궁금하다.",
          "date": "2022-08-25",
          "time": "09:12:23",
          "terminate": "false"
        },
        {
          "speaker": "speaker2",
          "personaID": "03136",
          "participantID": "0029",
          "utterance": "네 저는 일을 하고있어요. 점심으로 김밥과 떡볶이가 나와서 안 먹고 다른걸 사러 가는 중이에요.",
          "summary": "나는 김밥과 떡볶이를 안 먹어서 다른 걸 사러 가는 중이다.",
          "date": "2022-08-25",
          "time": "09:12:47",
          "terminate": "false"
        },
        {
          "speaker": "speaker1",
          "personaID": "02755",
          "participantID": "0021",
          "utterance": "그렇군요. 저도 이제 슬슬 식사를 해야겠네요.",
          "summary": "",
          "date": "2022-08-25",
          "time": "09:13:22",
          "terminate": "false"
        },
        {
          "speaker": "speaker2",
          "personaID": "03136",
          "participantID": "0029",
          "utterance": "네 제가 김밥과 떡볶이를 안 먹어요. 그래서 저도 다른걸 찾아봐야겠네요. 식사 맛있게 하세요.",
          "summary": "",
          "date": "2022-08-25",
          "time": "09:13:56",
          "terminate": "false"
        },
        {
          "speaker": "speaker1",
          "personaID": "02755",
          "participantID": "0021",
          "utterance": "네 그럼 식사하세요 다음에 다시 얘기해요.",
          "summary": "",
          "date": "2022-08-25",
          "time": "09:14:47",
          "terminate": "false"
        },
        {
          "speaker": "speaker2",
          "personaID": "03136",
          "participantID": "0029",
          "utterance": "네 오늘 만나서 반가웠습니다. 다음에 또 연락해요.",
          "summary": "",
          "date": "2022-08-25",
          "time": "09:15:07",
          "terminate": "true"
        }
      ],
      "sessionPersonaSummary": {
        "speaker1": [
          "나는 강원도 거주하는 30대 여자다.",
          "나는 건축가이다.",
          "나는 쉬는 날이라 집에서 책을 읽고 있다.",
          "나는 소설을 가끔 읽는다.",
          "나는 가족과 함께 산다.",
          "나는 가족과 살아서 편하게 지내는 거 같다.",
          "나는 지금 일하고 있는지 궁금하다."
        ],
        "speaker2": [
          "나는 40대 남자다.",
          "나는 직장인이다.",
          "나는 소설을 좋아한다. 나는 매사에 관심이 없다.",
          "나는 가족과 데면데면하다.",
          "나는 김밥과 떡볶이를 안 먹어서 다른 걸 사러 가는 중이다."
        ]
      },
      "prevAggregatedpersonaSummary": {
        "speaker1": [],
        "speaker2": []
      }
    },
    {
      "prevSessionID": "2-00407-1",
      "prevTimeInfo": {
        "timeNum": "3",
        "timeUnit": "일"
      },
      "nthSession": "2",
      "numberOfUtterances": "18",
      "numberOfTurns": "9",
      "sessionID": "2-00407-2",
      "dialog": [
        {
          "speaker": "speaker1",
          "personaID": "02755",
          "participantID": "0021",
          "utterance": "잘 지냈나요? 3일동안 별일은 없었나요?",
          "summary": "",
          "date": "2022-08-25",
          "time": "09:15:24",
          "terminate": "false"
        },
        {
          "speaker": "speaker2",
          "personaID": "03136",
          "participantID": "0029",
          "utterance": "네 저는 별일 없이 잘 지냈어요. 오늘은 쉬는 날이라 게임을 좀 하려구요.",
          "summary": "나는 쉬는 날이라 게임을 하려고 한다.",
          "date": "2022-08-25",
          "time": "09:15:40",
          "terminate": "false"
        },
        {
          "speaker": "speaker1",
          "personaID": "02755",
          "participantID": "0021",
          "utterance": "게임을 좋아하시나봐요? 어떤 게임을 하세요?",
          "summary": "나는 게임을 좋아하는지 궁금하다.",
          "date": "2022-08-25",
          "time": "09:15:54",
          "terminate": "false"
        },
        {
          "speaker": "speaker2",
          "personaID": "03136",
          "participantID": "0029",
          "utterance": "네 제가 평소에 RPG 게임을 좋아하는데 바빠서 통 못했거든요.",
          "summary": "나는 RPG 게임을 좋아한다.",
          "date": "2022-08-25",
          "time": "09:16:12",
          "terminate": "false"
        },
        {
          "speaker": "speaker1",
          "personaID": "02755",
          "participantID": "0021",
          "utterance": "그렇군요. 저도 해본적 있는데 재밌었던거 같아요.",
          "summary": "나는 해본 적 있는데 재밌었던 거 같다.",
          "date": "2022-08-25",
          "time": "09:16:42",
          "terminate": "false"
        },
        {
          "speaker": "speaker2",
          "personaID": "03136",
          "participantID": "0029",
          "utterance": "게임할때는 스트레스가 다 풀리는거 같아서 좋아요.",
          "summary": "나는 게임할 때 스트레스가 풀리는 거 같아서 좋다.",
          "date": "2022-08-25",
          "time": "09:17:01",
          "terminate": "false"
        },
        {
          "speaker": "speaker1",
          "personaID": "02755",
          "participantID": "0021",
          "utterance": "맞아요. 저는 가끔 핸드폰 게임을 하면서 시간을 보내는거 같아요.",
          "summary": "나는 가끔 핸드폰 게임을 하면서 시간을 보낸다.",
          "date": "2022-08-25",
          "time": "09:17:25",
          "terminate": "false"
        },
        {
          "speaker": "speaker2",
          "personaID": "03136",
          "participantID": "0029",
          "utterance": "그렇군요. 요즘은 핸드폰 게임도 잘 나오는거 같아요.",
          "summary": "나는 요즘은 핸드폰 게임도 잘 나오는 거 같다.",
          "date": "2022-08-25",
          "time": "09:17:43",
          "terminate": "false"
        },
        {
          "speaker": "speaker1",
          "personaID": "02755",
          "participantID": "0021",
          "utterance": "핸드폰으로 하면 언제 어디서나 해서 쉽게 게임을 할수 있네요.",
          "summary": "나는 핸드폰으로 하면 언제 어디서나 해서 쉽게 게임을 할 수 있는 거 같다.",
          "date": "2022-08-25",
          "time": "09:18:08",
          "terminate": "false"
        },
        {
          "speaker": "speaker2",
          "personaID": "03136",
          "participantID": "0029",
          "utterance": "그런거 같아요. 요즘 폰게임은 퀄리티도 나쁘지 않아서 괜찮은거 같아요.",
          "summary": "",
          "date": "2022-08-25",
          "time": "09:18:31",
          "terminate": "false"
        },
        {
          "speaker": "speaker1",
          "personaID": "02755",
          "participantID": "0021",
          "utterance": "그런거 같네요. 그럼 오늘도 일하는 중인가요?",
          "summary": "",
          "date": "2022-08-25",
          "time": "09:18:59",
          "terminate": "false"
        },
        {
          "speaker": "speaker2",
          "personaID": "03136",
          "participantID": "0029",
          "utterance": "아니요 저는 오늘은 쉬는 날이에요.",
          "summary": "",
          "date": "2022-08-25",
          "time": "09:19:50",
          "terminate": "false"
        },
        {
          "speaker": "speaker1",
          "personaID": "02755",
          "participantID": "0021",
          "utterance": "아 쉬는날이라고 하셨었네요. 그럼 다른 계획은 있으신가요?",
          "summary": "나는 다른 계획이 있는지 궁금하다.",
          "date": "2022-08-25",
          "time": "09:20:06",
          "terminate": "false"
        },
        {
          "speaker": "speaker2",
          "personaID": "03136",
          "participantID": "0029",
          "utterance": "그냥 집에서 뒹굴 거릴 계획이였는데 친구가 불러서 나가봐야 할거 같아요.",
          "summary": "나는 친구가 불러서 나가봐야 할거 같다.",
          "date": "2022-08-25",
          "time": "09:20:40",
          "terminate": "false"
        },
        {
          "speaker": "speaker1",
          "personaID": "02755",
          "participantID": "0021",
          "utterance": "그럼 외출하는군요? 친구랑 식사 하시나요?",
          "summary": "나는 친구랑 식사하는지 궁금하다.",
          "date": "2022-08-25",
          "time": "09:21:16",
          "terminate": "false"
        },
        {
          "speaker": "speaker2",
          "personaID": "03136",
          "participantID": "0029",
          "utterance": "네 친구 만나서 간만에 소주도 한잔 하면서 맛있는거 먹으려구요.",
          "summary": "나는 친구와 소주 한잔 하면서 맛있는 걸 먹을 거다.",
          "date": "2022-08-25",
          "time": "09:21:41",
          "terminate": "false"
        },
        {
          "speaker": "speaker1",
          "personaID": "02755",
          "participantID": "0021",
          "utterance": "그렇군요. 친구와 좋은 시간 보내세요. 또 연락할게요.",
          "summary": "나는 친구와 좋은 시간 보내라 했다.",
          "date": "2022-08-25",
          "time": "09:22:02",
          "terminate": "false"
        },
        {
          "speaker": "speaker2",
          "personaID": "03136",
          "participantID": "0029",
          "utterance": "네 다음에 또 연락해요. 오늘도 대화 즐거웠습니다.",
          "summary": "",
          "date": "2022-08-25",
          "time": "09:22:11",
          "terminate": "true"
        }
      ],
      "sessionPersonaSummary": {
        "speaker1": [
          "나는 게임을 좋아하는지 궁금하다.",
          "나는 해본 적 있는데 재밌었던 거 같다.",
          "나는 가끔 핸드폰 게임을 하면서 시간을 보낸다.",
          "나는 핸드폰으로 하면 언제 어디서나 해서 쉽게 게임을 할 수 있는 거 같다.",
          "나는 다른 계획이 있는지 궁금하다.",
          "나는 친구랑 식사하는지 궁금하다.",
          "나는 친구와 좋은 시간 보내라 했다."
        ],
        "speaker2": [
          "나는 쉬는 날이라 게임을 하려고 한다.",
          "나는 RPG 게임을 좋아한다.",
          "나는 게임할 때 스트레스가 풀리는 거 같아서 좋다.",
          "나는 요즘은 핸드폰 게임도 잘 나오는 거 같다.",
          "나는 친구가 불러서 나가봐야 할거 같다.",
          "나는 친구와 소주 한잔 하면서 맛있는 걸 먹을 거다."
        ]
      },
      "prevAggregatedpersonaSummary": {
        "speaker1": [
          "나는 강원도 거주하는 30대 여자다.",
          "나는 건축가이다.",
          "나는 쉬는 날이라 집에서 책을 읽고 있다.",
          "나는 소설을 가끔 읽는다.",
          "나는 가족과 함께 산다.",
          "나는 가족과 살아서 편하게 지내는 거 같다.",
          "나는 지금 일하고 있는지 궁금하다."
        ],
        "speaker2": [
          "나는 40대 남자다.",
          "나는 직장인이다.",
          "나는 소설을 좋아한다. 나는 매사에 관심이 없다.",
          "나는 가족과 데면데면하다.",
          "나는 김밥과 떡볶이를 안 먹어서 다른 걸 사러 가는 중이다."
        ]
      }
    }
  ]
}