{
  "FileInfo": {
    "filename": "K2-00520-CL12006-CP32580-16-04-S2.json",
    "sessionLevel": "2"
  },
  "participantsInfo": {
    "numberOfParticipants": "2",
    "speaker1": {
      "participantID": "4537",
      "gender": "남성",
      "age": "20대",
      "occupation": "학생",
      "bPlace": "서울/경기/인천",
      "gPlace": "서울/경기/인천",
      "rPlace": "서울/경기/인천",
      "educationLevel": "고졸"
    },
    "speaker2": {
      "participantID": "3621",
      "gender": "여성",
      "age": "20대",
      "occupation": "사무직",
      "bPlace": "서울/경기/인천",
      "gPlace": "서울/경기/인천",
      "rPlace": "서울/경기/인천",
      "educationLevel": "대졸"
    }
  },
  "multisessionInfo": {
    "multisessionID": "2-00520"
  },
  "personaInfo": {
    "clInfo": {
      "personaID": "12006",
      "personaFeatures": [
        "나는 남자이다.",
        "나는 10대이다.",
        "나의 어머니는 학원 선생님이다",
        "나는 가구 디자이너가 되고 싶다",
        "나는 피자를 안 먹는다",
        "나는 생각하는 게 귀찮다"
      ],
      "speakerType": "speaker1"
    },
    "cpInfo": {
      "personaID": "32580",
      "personaFeatures": [
        "나는 여자이다.",
        "나는 30대이다.",
        "나는 자산운용가이다",
        "나는 항상 평온하다",
        "나는 R&B 음악을 자주 듣는다"
      ],
      "speakerType": "speaker2"
    }
  },
  "topicInfo": {
    "topicID": "16-04",
    "topicType": "미용과 건강>미용",
    "topicTitle": "다이어트"
  },
  "sessionInfo": [
    {
      "prevSessionID": null,
      "prevTimeInfo": {
        "timeNum": null,
        "timeUnit": null
      },
      "nthSession": "1",
      "numberOfUtterances": "14",
      "numberOfTurns": "7",
      "sessionID": "2-00520-1",
      "dialog": [
        {
          "speaker": "speaker1",
          "personaID": "12006",
          "participantID": "4537",
          "utterance": "안녕하세요 저는 10대 남자입니다.",
          "summary": "나는 10대 남자이다.",
          "date": "2022-11-13",
          "time": "16:34:09",
          "terminate": "false"
        },
        {
          "speaker": "speaker2",
          "personaID": "32580",
          "participantID": "3621",
          "utterance": "반가워요~ 저는 30대 여성이예요.",
          "summary": "나는 30대 여성이다",
          "date": "2022-11-13",
          "time": "16:38:16",
          "terminate": "false"
        },
        {
          "speaker": "speaker1",
          "personaID": "12006",
          "participantID": "4537",
          "utterance": "네 반갑습니다 저희 어머니는 학원 선생님이세요",
          "summary": "나의 어머니는 학원 선생님이다.",
          "date": "2022-11-13",
          "time": "16:42:05",
          "terminate": "false"
        },
        {
          "speaker": "speaker2",
          "personaID": "32580",
          "participantID": "3621",
          "utterance": "아아 그러실까요~? 저는 자산운용가예요. 평소에 자주 듣는 음악 장르 있으세요?",
          "summary": "나는 자산운용 가다",
          "date": "2022-11-13",
          "time": "16:45:12",
          "terminate": "false"
        },
        {
          "speaker": "speaker1",
          "personaID": "12006",
          "participantID": "4537",
          "utterance": "저는 인디음악을 좋아합니다. 요즘 검정치마 노래가 좋더라고요. 혹시 어떤 음악을 좋아하시나요?",
          "summary": "나는 인디음악을 좋아한다.",
          "date": "2022-11-13",
          "time": "16:46:58",
          "terminate": "false"
        },
        {
          "speaker": "speaker2",
          "personaID": "32580",
          "participantID": "3621",
          "utterance": "인디음악 좋죠. 저는 R&B 음악을 자주 들어요.",
          "summary": "나는 R&B 음악을 자주 듣는다",
          "date": "2022-11-13",
          "time": "17:13:38",
          "terminate": "false"
        },
        {
          "speaker": "speaker1",
          "personaID": "12006",
          "participantID": "4537",
          "utterance": "저도 R&B도 좋아합니다. 저는 요즘 생각하는게 귀찮아서 조용한 노래를 틀어놓고 가만히 아무생각없이 있고는 해요. 혹시 어떤 음식 좋아하시나요?",
          "summary": "나는 R&B도 좋아한다. 나는 요즘 생각하는 게 귀찮아서 조용한 노래를 틀어놓고 가만히 있는다.",
          "date": "2022-11-13",
          "time": "17:48:53",
          "terminate": "false"
        },
        {
          "speaker": "speaker2",
          "personaID": "32580",
          "participantID": "3621",
          "utterance": "음식은 양식류와 초밥 좋아해요. 님은 어떤 음식 좋아하세요?",
          "summary": "나는 음식은 양식류와 초밥을 좋아한다",
          "date": "2022-11-13",
          "time": "17:53:37",
          "terminate": "false"
        },
        {
          "speaker": "speaker1",
          "personaID": "12006",
          "participantID": "4537",
          "utterance": "저도 초밥 좋아해요. 일식 좋아합니다. 그런데 제 친구들은 해산물은 별로  안 좋아하고 피자를 좋아하는데 제가 피자를 안 먹어서 메뉴 고르기가 힘들더라고요. 혹시 어떤 초밥 좋아하시나요?",
          "summary": "나는 초밥과 일식을 좋아한다. 나는 피자를 안 먹는다.",
          "date": "2022-11-13",
          "time": "17:54:37",
          "terminate": "false"
        },
        {
          "speaker": "speaker2",
          "personaID": "32580",
          "participantID": "3621",
          "utterance": "연어 초밥 좋아하고 도로 좋아해요. 초밥을 먹으면 맛있어서 마음이 평온해지는 거 같아요!",
          "summary": "나는 연어초밥과 도로를 좋아한다. 초밥을 먹으면 마음이 평온해지는 것 같다",
          "date": "2022-11-13",
          "time": "18:14:54",
          "terminate": "false"
        },
        {
          "speaker": "speaker1",
          "personaID": "12006",
          "participantID": "4537",
          "utterance": "연어 초밥 정말 맛있죠. 혹시 지금 어떤 일을 하고 계시는지 알 수 있을까요?",
          "summary": "",
          "date": "2022-11-13",
          "time": "18:25:18",
          "terminate": "false"
        },
        {
          "speaker": "speaker2",
          "personaID": "32580",
          "participantID": "3621",
          "utterance": "저는 자산운용가예요~ 혹시 성격은 어떤 성격이세요? 저는 항상 평온해요. 평온하려고 노력하는 것도 있구요.",
          "summary": "나는 평온한 성격이고 평온하려고 노력한다.",
          "date": "2022-11-13",
          "time": "18:32:40",
          "terminate": "false"
        },
        {
          "speaker": "speaker1",
          "personaID": "12006",
          "participantID": "4537",
          "utterance": "자산운용가 멋지네요 저도 조용한 성격이에요 나중에 가구 디자이너가 되고싶어요. 저는 슬슬 저녁식사를 하러 가야겠네요 다음에 또 연락해요",
          "summary": "나는 조용한 성격이다. 나는 가구 디자이너가 되고 싶다.",
          "date": "2022-11-13",
          "time": "18:39:08",
          "terminate": "false"
        },
        {
          "speaker": "speaker2",
          "personaID": "32580",
          "participantID": "3621",
          "utterance": "네~ 맛저하세요! 또 연락드릴께요!",
          "summary": "",
          "date": "2022-11-13",
          "time": "18:50:06",
          "terminate": "true"
        }
      ],
      "sessionPersonaSummary": {
        "speaker1": [
          "나는 10대 남자이다.",
          "나의 어머니는 학원 선생님이다.",
          "나는 인디음악을 좋아한다.",
          "나는 R&B도 좋아한다. 나는 요즘 생각하는 게 귀찮아서 조용한 노래를 틀어놓고 가만히 있는다.",
          "나는 초밥과 일식을 좋아한다. 나는 피자를 안 먹는다.",
          "나는 조용한 성격이다. 나는 가구 디자이너가 되고 싶다."
        ],
        "speaker2": [
          "나는 30대 여성이다",
          "나는 자산운용 가다",
          "나는 R&B 음악을 자주 듣는다",
          "나는 음식은 양식류와 초밥을 좋아한다",
          "나는 연어초밥과 도로를 좋아한다. 초밥을 먹으면 마음이 평온해지는 것 같다",
          "나는 평온한 성격이고 평온하려고 노력한다."
        ]
      },
      "prevAggregatedpersonaSummary": {
        "speaker1": [],
        "speaker2": []
      }
    },
    {
      "prevSessionID": "2-00520-1",
      "prevTimeInfo": {
        "timeNum": "6",
        "timeUnit": "주"
      },
      "nthSession": "2",
      "numberOfUtterances": "14",
      "numberOfTurns": "7",
      "sessionID": "2-00520-2",
      "dialog": [
        {
          "speaker": "speaker1",
          "personaID": "12006",
          "participantID": "4537",
          "utterance": "안녕하세요 6주만에 연락드리네요 잘 지내셨나요? 운용가님",
          "summary": "",
          "date": "2022-11-13",
          "time": "18:59:46",
          "terminate": "false"
        },
        {
          "speaker": "speaker2",
          "personaID": "32580",
          "participantID": "3621",
          "utterance": "네~ 오랜만이네요. 저는 그 사이에 고민이 하나 생겼어요ㅠㅠ",
          "summary": "나는 고민이 하나 생겼다",
          "date": "2022-11-13",
          "time": "19:12:04",
          "terminate": "false"
        },
        {
          "speaker": "speaker1",
          "personaID": "12006",
          "participantID": "4537",
          "utterance": "네 오랜만이에요! 어떤 고민이 생기셨나요?",
          "summary": "",
          "date": "2022-11-13",
          "time": "19:13:00",
          "terminate": "false"
        },
        {
          "speaker": "speaker2",
          "personaID": "32580",
          "participantID": "3621",
          "utterance": "요즘 일이 고되서 저녁마다 폭식을 하고 바로 누워있었더니 살이 붙었네요ㅠ 다이어트를 해야하나 생각중이예요!",
          "summary": "나는 저녁마다 폭식을 하고 바로 누웠더니 살이 쪘다",
          "date": "2022-11-13",
          "time": "19:20:36",
          "terminate": "false"
        },
        {
          "speaker": "speaker1",
          "personaID": "12006",
          "participantID": "4537",
          "utterance": "폭식하고 바로 누우시면 위 건강에도 안좋으실텐데 다이어트도 하면 건강에 좋지만 다른 부분도 신경 쓰셔서 바로 눕는 습관은 고치시는게 좋을 것 같아요",
          "summary": "",
          "date": "2022-11-13",
          "time": "19:28:00",
          "terminate": "false"
        },
        {
          "speaker": "speaker2",
          "personaID": "32580",
          "participantID": "3621",
          "utterance": "맞아요! 원래는 밥 먹고 바로 눕는 습관이 없었는데 요새 만성피로처럼 몸이 너무 피곤해서 바로 눕게되네요ㅠ 우선 홈트부터 시작해야 할 것 같아요",
          "summary": "나는 요즘 몸이 너무 피곤해서 밥을 먹고 바로 눕게 된다",
          "date": "2022-11-13",
          "time": "19:30:18",
          "terminate": "false"
        },
        {
          "speaker": "speaker1",
          "personaID": "12006",
          "participantID": "4537",
          "utterance": "저도 권장되는 체형을 만드려면 다이어트가 좀 필요할 것 같은데 저도 홈트부터 좀 해봐야 할 것 같아요 기구 어떤거 구매하실 건가요?",
          "summary": "나는 권장되는 체형을 만들려면 다이어트가 필요하다. 나는 홈트부터 해봐야 할 것 같다.",
          "date": "2022-11-13",
          "time": "20:02:08",
          "terminate": "false"
        },
        {
          "speaker": "speaker2",
          "personaID": "32580",
          "participantID": "3621",
          "utterance": "저는 원래 유튜브 보면서 맨몸운동같은 동작따라하면서 하는 운동들 주로 했었는데 이번에 런닝머신이랑 바이크부터 구매하려구요.",
          "summary": "나는 맨몸 운동을 주로 했고 이번에 러닝머신과 바이크를 구매하려고 한다",
          "date": "2022-11-13",
          "time": "22:50:15",
          "terminate": "false"
        },
        {
          "speaker": "speaker1",
          "personaID": "12006",
          "participantID": "4537",
          "utterance": "런닝머신은 꽤나 비싸던데 저도 실내 자전거부터 구매해서 운동해봐야겠어요 식단조절은 생각하고 계신가요?",
          "summary": "나는 실내 자전거를 구매해서 운동해보려고 한다.",
          "date": "2022-11-14",
          "time": "01:09:35",
          "terminate": "false"
        },
        {
          "speaker": "speaker2",
          "personaID": "32580",
          "participantID": "3621",
          "utterance": "살을뺄때는 식단조절이 8 운동이 2 정도 라고 하니 먹는양은 그대로 하면서 운동만 할 수는 없겠더라구요! 될 수 있으면 조금씩 여러번 먹는게 좋은데 회사다니면서 그러기 쉽지 않네요.",
          "summary": "나는 회사 다니느라 힘들어서 식단 조절을 하기 어렵다",
          "date": "2022-11-14",
          "time": "01:15:08",
          "terminate": "false"
        },
        {
          "speaker": "speaker1",
          "personaID": "12006",
          "participantID": "4537",
          "utterance": "그러게요 바쁠때에는 그냥 밥시간에 빠르게 많이 먹고 남은시간을 버티는 것 같아요 다이어트가 쉽지가 않네요",
          "summary": "나는 다이어트가 쉽지 않다.",
          "date": "2022-11-14",
          "time": "01:17:21",
          "terminate": "false"
        },
        {
          "speaker": "speaker2",
          "personaID": "32580",
          "participantID": "3621",
          "utterance": "쉽지 않은거 같아요 정말. 다이어트 한 후에 유지하는 것도 힘들구요. ",
          "summary": "나는 다이어트를 한 후 유지하는 것이 힘들다",
          "date": "2022-11-14",
          "time": "01:28:28",
          "terminate": "false"
        },
        {
          "speaker": "speaker1",
          "personaID": "12006",
          "participantID": "4537",
          "utterance": "그러게요 우리 서로 화이팅해봐요 저는 이제 자러가야 할 것 같습니다 대화 나눠서 즐거웠어요",
          "summary": "",
          "date": "2022-11-14",
          "time": "01:29:39",
          "terminate": "false"
        },
        {
          "speaker": "speaker2",
          "personaID": "32580",
          "participantID": "3621",
          "utterance": "네 원하는 목표치로 몸 만들어봐요. 굿밤 되세요!",
          "summary": "",
          "date": "2022-11-14",
          "time": "01:41:40",
          "terminate": "true"
        }
      ],
      "sessionPersonaSummary": {
        "speaker1": [
          "나는 권장되는 체형을 만들려면 다이어트가 필요하다. 나는 홈트부터 해봐야 할 것 같다.",
          "나는 실내 자전거를 구매해서 운동해보려고 한다.",
          "나는 다이어트가 쉽지 않다."
        ],
        "speaker2": [
          "나는 고민이 하나 생겼다",
          "나는 저녁마다 폭식을 하고 바로 누웠더니 살이 쪘다",
          "나는 요즘 몸이 너무 피곤해서 밥을 먹고 바로 눕게 된다",
          "나는 맨몸 운동을 주로 했고 이번에 러닝머신과 바이크를 구매하려고 한다",
          "나는 회사 다니느라 힘들어서 식단 조절을 하기 어렵다",
          "나는 다이어트를 한 후 유지하는 것이 힘들다"
        ]
      },
      "prevAggregatedpersonaSummary": {
        "speaker1": [
          "나는 10대 남자이다.",
          "나의 어머니는 학원 선생님이다.",
          "나는 인디음악을 좋아한다.",
          "나는 R&B도 좋아한다. 나는 요즘 생각하는 게 귀찮아서 조용한 노래를 틀어놓고 가만히 있는다.",
          "나는 초밥과 일식을 좋아한다. 나는 피자를 안 먹는다.",
          "나는 조용한 성격이다. 나는 가구 디자이너가 되고 싶다."
        ],
        "speaker2": [
          "나는 30대 여성이다",
          "나는 자산운용 가다",
          "나는 R&B 음악을 자주 듣는다",
          "나는 음식은 양식류와 초밥을 좋아한다",
          "나는 연어초밥과 도로를 좋아한다. 초밥을 먹으면 마음이 평온해지는 것 같다",
          "나는 평온한 성격이고 평온하려고 노력한다."
        ]
      }
    }
  ]
}