{
  "FileInfo": {
    "filename": "K2-00461-CL33466-CP34058-08-07-S2.json",
    "sessionLevel": "2"
  },
  "participantsInfo": {
    "numberOfParticipants": "2",
    "speaker1": {
      "participantID": "0648",
      "gender": "여성",
      "age": "30대",
      "occupation": "사무직",
      "bPlace": "서울/경기/인천",
      "gPlace": "서울/경기/인천",
      "rPlace": "서울/경기/인천",
      "educationLevel": "고졸"
    },
    "speaker2": {
      "participantID": "0649",
      "gender": "여성",
      "age": "30대",
      "occupation": "사무직",
      "bPlace": "대전/세종/충청/강원",
      "gPlace": "대전/세종/충청/강원",
      "rPlace": "대전/세종/충청/강원",
      "educationLevel": "대졸"
    }
  },
  "multisessionInfo": {
    "multisessionID": "2-00461"
  },
  "personaInfo": {
    "clInfo": {
      "personaID": "33466",
      "personaFeatures": [
        "나는 여자이다.",
        "나는 30대이다.",
        "나는 20년 후 창업하는 것이 목표이다.",
        "나는 관세사이다.",
        "나는 눈치가 없는 편이다.",
        "나는 샌드위치를 좋아한다."
      ],
      "speakerType": "speaker1"
    },
    "cpInfo": {
      "personaID": "34058",
      "personaFeatures": [
        "나는 여자이다.",
        "나는 30대이다.",
        "나는 추운 날씨를 싫어한다.",
        "나는 이탈리아에 가봤다.",
        "나는 실외에서 마라톤 하는 것을 좋아한다.",
        "나는 블루베리를 싫어한다."
      ],
      "speakerType": "speaker2"
    }
  },
  "topicInfo": {
    "topicID": "08-07",
    "topicType": "개인 및 관계>연애/결혼",
    "topicTitle": "소개팅/미팅"
  },
  "sessionInfo": [
    {
      "prevSessionID": null,
      "prevTimeInfo": {
        "timeNum": null,
        "timeUnit": null
      },
      "nthSession": "1",
      "numberOfUtterances": "14",
      "numberOfTurns": "7",
      "sessionID": "2-00461-1",
      "dialog": [
        {
          "speaker": "speaker1",
          "personaID": "33466",
          "participantID": "0648",
          "utterance": "안녕하세요 저는 관세사인 30대 여자입니다~!",
          "summary": "나는 30대 여자이다. 나는 관세사이다.",
          "date": "2022-10-06",
          "time": "20:23:34",
          "terminate": "false"
        },
        {
          "speaker": "speaker2",
          "personaID": "34058",
          "participantID": "0649",
          "utterance": "반갑습니다! 저도 30대 여자입니다!!",
          "summary": "나는 30대 여자이다.",
          "date": "2022-10-06",
          "time": "20:24:01",
          "terminate": "false"
        },
        {
          "speaker": "speaker1",
          "personaID": "33466",
          "participantID": "0648",
          "utterance": "으아 오늘 너무 추워요 ㅠ 투잡하러 나가야하는데 나가기 싫네요 ㅠ.",
          "summary": "나는 투잡을 한다. 나는 외출하기 싫다.",
          "date": "2022-10-06",
          "time": "20:24:17",
          "terminate": "false"
        },
        {
          "speaker": "speaker2",
          "personaID": "34058",
          "participantID": "0649",
          "utterance": "그러게요ㅠㅠ 저는 추운 날씨를 싫어해요.. 님은 왜 투잡하세요?",
          "summary": "나는 추운 날씨를 싫어한다.",
          "date": "2022-10-06",
          "time": "20:24:43",
          "terminate": "false"
        },
        {
          "speaker": "speaker1",
          "personaID": "33466",
          "participantID": "0648",
          "utterance": "제가 20년 후 창업하는게 목표거든요! 돈 많이 벌어야죠 ㅋㅋ.",
          "summary": "나는 20년 후 창업하는 것이 목표이다.",
          "date": "2022-10-06",
          "time": "20:24:59",
          "terminate": "false"
        },
        {
          "speaker": "speaker2",
          "personaID": "34058",
          "participantID": "0649",
          "utterance": "그렇긴 해요 ㅋㅋ 아.. 제가 실외에서 마라톤하는 것을 좋아하는데 오늘은 집에 있어야겠어요ㅠ.",
          "summary": "나는 실외에서 마라톤 하는 것을 좋아한다.",
          "date": "2022-10-06",
          "time": "20:25:14",
          "terminate": "false"
        },
        {
          "speaker": "speaker1",
          "personaID": "33466",
          "participantID": "0648",
          "utterance": "집에서 뭐 할지 계획 세우셨어요? ㅎㅎ.",
          "summary": "",
          "date": "2022-10-06",
          "time": "20:25:42",
          "terminate": "false"
        },
        {
          "speaker": "speaker2",
          "personaID": "34058",
          "participantID": "0649",
          "utterance": "음 계획은 안세웠는데 사진이나 정리할까봐요! 최근에 이탈리아 여행을 갔거든요!",
          "summary": "나는 이탈리아에 가봤다.",
          "date": "2022-10-06",
          "time": "20:26:04",
          "terminate": "false"
        },
        {
          "speaker": "speaker1",
          "personaID": "33466",
          "participantID": "0648",
          "utterance": "오 해외여행 가셨다니 부럽네요 ㅠ 재미있던가요?",
          "summary": "나는 해외여행을 간 것이 부럽다.",
          "date": "2022-10-06",
          "time": "20:26:18",
          "terminate": "false"
        },
        {
          "speaker": "speaker2",
          "personaID": "34058",
          "participantID": "0649",
          "utterance": "네! 완전 재미있었어요ㅠ 또 가고 싶네요.. 님은 여행 자주가요?",
          "summary": "나는 여행이 재미있었다.",
          "date": "2022-10-06",
          "time": "20:26:31",
          "terminate": "false"
        },
        {
          "speaker": "speaker1",
          "personaID": "33466",
          "participantID": "0648",
          "utterance": "아뇨 여행은 자주 못가고 그냥 종종 피크닉이나 다녀요 ㅋㅋ.",
          "summary": "나는 여행을 자주 못 간다. 나는 종종 피크닉을 간다.",
          "date": "2022-10-06",
          "time": "20:26:47",
          "terminate": "false"
        },
        {
          "speaker": "speaker2",
          "personaID": "34058",
          "participantID": "0649",
          "utterance": "피크닉 좋죠! 피크닉은 도시락인데 도시락도 직접 싸가시나요?",
          "summary": "",
          "date": "2022-10-06",
          "time": "20:27:09",
          "terminate": "false"
        },
        {
          "speaker": "speaker1",
          "personaID": "33466",
          "participantID": "0648",
          "utterance": "아뇨 제가 샌드위치를 좋아해서 사가요! 아 말한김에 오늘도 샌드위치 먹어야겠네요!",
          "summary": "나는 샌드위치를 좋아한다. 나는 오늘 샌드위치를 먹을 것이다.",
          "date": "2022-10-06",
          "time": "20:27:30",
          "terminate": "false"
        },
        {
          "speaker": "speaker2",
          "personaID": "34058",
          "participantID": "0649",
          "utterance": "저는 방금 밥을 먹어서 과일 먹어야겠네요 ㅋㅋ 맛있게 드세요!",
          "summary": "나는 과일을 먹을 것이다. 나는 밥을 먹었다.",
          "date": "2022-10-06",
          "time": "20:27:45",
          "terminate": "true"
        }
      ],
      "sessionPersonaSummary": {
        "speaker1": [
          "나는 30대 여자이다. 나는 관세사이다.",
          "나는 투잡을 한다. 나는 외출하기 싫다.",
          "나는 20년 후 창업하는 것이 목표이다.",
          "나는 해외여행을 간 것이 부럽다.",
          "나는 여행을 자주 못 간다. 나는 종종 피크닉을 간다.",
          "나는 샌드위치를 좋아한다. 나는 오늘 샌드위치를 먹을 것이다."
        ],
        "speaker2": [
          "나는 30대 여자이다.",
          "나는 추운 날씨를 싫어한다.",
          "나는 실외에서 마라톤 하는 것을 좋아한다.",
          "나는 이탈리아에 가봤다.",
          "나는 여행이 재미있었다.",
          "나는 과일을 먹을 것이다. 나는 밥을 먹었다."
        ]
      },
      "prevAggregatedpersonaSummary": {
        "speaker1": [],
        "speaker2": []
      }
    },
    {
      "prevSessionID": "2-00461-1",
      "prevTimeInfo": {
        "timeNum": "3",
        "timeUnit": "시간"
      },
      "nthSession": "2",
      "numberOfUtterances": "14",
      "numberOfTurns": "7",
      "sessionID": "2-00461-2",
      "dialog": [
        {
          "speaker": "speaker1",
          "personaID": "33466",
          "participantID": "0648",
          "utterance": "저는 샌드위치 먹고 왔습니다 ㅋㅋ 님은 무슨 과일 드셨어요?",
          "summary": "나는 샌드위치를 먹었다.",
          "date": "2022-10-06",
          "time": "20:27:59",
          "terminate": "false"
        },
        {
          "speaker": "speaker2",
          "personaID": "34058",
          "participantID": "0649",
          "utterance": "집에 블루베리가 있었는데 제가 블루베리를 싫어해서 포도 사와서 먹었어요!",
          "summary": "나는 블루베리를 싫어한다. 나는 포도를 먹었다.",
          "date": "2022-10-06",
          "time": "20:28:13",
          "terminate": "false"
        },
        {
          "speaker": "speaker1",
          "personaID": "33466",
          "participantID": "0648",
          "utterance": "맛있겠네요 ㅋㅋ 아 혹시 님 소개팅 많이 해 보셨어요?",
          "summary": "",
          "date": "2022-10-06",
          "time": "20:28:29",
          "terminate": "false"
        },
        {
          "speaker": "speaker2",
          "personaID": "34058",
          "participantID": "0649",
          "utterance": "음 아니요 한번도 안해봤어요 ㅋㅋ 님은요?",
          "summary": "나는 소개팅을 해본 적 없다.",
          "date": "2022-10-06",
          "time": "20:28:42",
          "terminate": "false"
        },
        {
          "speaker": "speaker1",
          "personaID": "33466",
          "participantID": "0648",
          "utterance": "아 저 요새 소개팅 엄청 많이 하고 있거든요 ㅋㅋ 근데 에프터가 안 들어와요 ㅠ.",
          "summary": "나는 요즘 소개팅을 많이 한다.",
          "date": "2022-10-06",
          "time": "20:29:06",
          "terminate": "false"
        },
        {
          "speaker": "speaker2",
          "personaID": "34058",
          "participantID": "0649",
          "utterance": "정말요? ㅋㅋ 왜 애프터가 안들어와요ㅠㅠ.",
          "summary": "",
          "date": "2022-10-06",
          "time": "20:29:18",
          "terminate": "false"
        },
        {
          "speaker": "speaker1",
          "personaID": "33466",
          "participantID": "0648",
          "utterance": "제가 좀 눈치가 없는 편인데... 그래서 일까요?",
          "summary": "나는 눈치가 없는 편이다.",
          "date": "2022-10-06",
          "time": "20:29:45",
          "terminate": "false"
        },
        {
          "speaker": "speaker2",
          "personaID": "34058",
          "participantID": "0649",
          "utterance": "음 그럴수도 있을 것 같네요..ㅋㅋ 주로 소개팅은 어디서해요?",
          "summary": "",
          "date": "2022-10-06",
          "time": "20:29:59",
          "terminate": "false"
        },
        {
          "speaker": "speaker1",
          "personaID": "33466",
          "participantID": "0648",
          "utterance": "저는 일식집에서 주로 해요! 님은 왜 소개팅 안 해보셨어요?",
          "summary": "나는 주로 일식집에서 소개팅을 한다.",
          "date": "2022-10-06",
          "time": "20:30:24",
          "terminate": "false"
        },
        {
          "speaker": "speaker2",
          "personaID": "34058",
          "participantID": "0649",
          "utterance": "남자친구가 있다보니 나갈수 없어요... ㅋㅋ 소개팅 재미있나요??",
          "summary": "나는 남자 친구가 있다.",
          "date": "2022-10-06",
          "time": "20:30:45",
          "terminate": "false"
        },
        {
          "speaker": "speaker1",
          "personaID": "33466",
          "participantID": "0648",
          "utterance": "아하..그러면 나가면 큰일나죠 ㅋㅋ... 소개팅 하면 재미있어요.",
          "summary": "나는 소개팅이 재미있다.",
          "date": "2022-10-06",
          "time": "20:31:07",
          "terminate": "false"
        },
        {
          "speaker": "speaker2",
          "personaID": "34058",
          "participantID": "0649",
          "utterance": "오! 게임 같은것도 많이해요?? 드라마에서 보면 술게임 하더라고요!",
          "summary": "나는 드라마에서 미팅하는 모습을 본 적 있다.",
          "date": "2022-10-06",
          "time": "20:31:19",
          "terminate": "false"
        },
        {
          "speaker": "speaker1",
          "personaID": "33466",
          "participantID": "0648",
          "utterance": "초면이라 게임은 잘 안해요 ㅋㅋ 님도..다음에 남친 몰래 나가보세요!",
          "summary": "나는 소개팅에서 게임을 안 한다.",
          "date": "2022-10-06",
          "time": "20:31:34",
          "terminate": "false"
        },
        {
          "speaker": "speaker2",
          "personaID": "34058",
          "participantID": "0649",
          "utterance": "다음에 기회가 되면..? 저도 한번 해보고 싶네요 ㅋㅋㅋ.",
          "summary": "",
          "date": "2022-10-06",
          "time": "20:31:38",
          "terminate": "true"
        }
      ],
      "sessionPersonaSummary": {
        "speaker1": [
          "나는 샌드위치를 먹었다.",
          "나는 요즘 소개팅을 많이 한다.",
          "나는 눈치가 없는 편이다.",
          "나는 주로 일식집에서 소개팅을 한다.",
          "나는 소개팅이 재미있다.",
          "나는 소개팅에서 게임을 안 한다."
        ],
        "speaker2": [
          "나는 블루베리를 싫어한다. 나는 포도를 먹었다.",
          "나는 소개팅을 해본 적 없다.",
          "나는 남자 친구가 있다.",
          "나는 드라마에서 미팅하는 모습을 본 적 있다."
        ]
      },
      "prevAggregatedpersonaSummary": {
        "speaker1": [
          "나는 30대 여자이다. 나는 관세사이다.",
          "나는 투잡을 한다. 나는 외출하기 싫다.",
          "나는 20년 후 창업하는 것이 목표이다.",
          "나는 해외여행을 간 것이 부럽다.",
          "나는 여행을 자주 못 간다. 나는 종종 피크닉을 간다.",
          "나는 샌드위치를 좋아한다. 나는 오늘 샌드위치를 먹을 것이다."
        ],
        "speaker2": [
          "나는 30대 여자이다.",
          "나는 추운 날씨를 싫어한다.",
          "나는 실외에서 마라톤 하는 것을 좋아한다.",
          "나는 이탈리아에 가봤다.",
          "나는 여행이 재미있었다.",
          "나는 과일을 먹을 것이다. 나는 밥을 먹었다."
        ]
      }
    }
  ]
}