{
  "FileInfo": {
    "filename": "K2-00337-CL43198-CP35539-16-04-S2.json",
    "sessionLevel": "2"
  },
  "participantsInfo": {
    "numberOfParticipants": "2",
    "speaker1": {
      "participantID": "4205",
      "gender": "남성",
      "age": "50대",
      "occupation": "자영업",
      "bPlace": "서울/경기/인천",
      "gPlace": "서울/경기/인천",
      "rPlace": "서울/경기/인천",
      "educationLevel": "대졸"
    },
    "speaker2": {
      "participantID": "4873",
      "gender": "여성",
      "age": "20대",
      "occupation": "사무직",
      "bPlace": "서울/경기/인천",
      "gPlace": "서울/경기/인천",
      "rPlace": "서울/경기/인천",
      "educationLevel": "대졸"
    }
  },
  "multisessionInfo": {
    "multisessionID": "2-00337"
  },
  "personaInfo": {
    "clInfo": {
      "personaID": "43198",
      "personaFeatures": [
        "나는 남자이다.",
        "나는 40대이다.",
        "나는 만화가이다",
        "나는 자녀가 없다",
        "나는 TV 음악 프로그램을 좋아한다",
        "나는 따뜻한 날씨를 싫어한다",
        "나는 요즘, 가끔 화가 난다"
      ],
      "speakerType": "speaker1"
    },
    "cpInfo": {
      "personaID": "35539",
      "personaFeatures": [
        "나는 여자이다.",
        "나는 30대이다.",
        "나의 거주지는 강원도이다",
        "나는 트로트 음악을 가끔 듣는다",
        "나는 단 음식을 좋아한다",
        "나의 생일은 5월이다"
      ],
      "speakerType": "speaker2"
    }
  },
  "topicInfo": {
    "topicID": "16-04",
    "topicType": "미용과 건강>미용",
    "topicTitle": "다이어트"
  },
  "sessionInfo": [
    {
      "prevSessionID": null,
      "prevTimeInfo": {
        "timeNum": null,
        "timeUnit": null
      },
      "nthSession": "1",
      "numberOfUtterances": "14",
      "numberOfTurns": "7",
      "sessionID": "2-00337-1",
      "dialog": [
        {
          "speaker": "speaker1",
          "personaID": "43198",
          "participantID": "4205",
          "utterance": "저는 40대 남자 만화가 입니다.",
          "summary": "나는 40대 남자이다. 나는 만화가이다.",
          "date": "2022-11-30",
          "time": "10:42:09",
          "terminate": "false"
        },
        {
          "speaker": "speaker2",
          "personaID": "35539",
          "participantID": "4873",
          "utterance": "안녕하세요 저는 강원도 살고 있는 30대 여성입니다",
          "summary": "나는 강원도 살고 있는 30대 여성이다.",
          "date": "2022-11-30",
          "time": "10:44:59",
          "terminate": "false"
        },
        {
          "speaker": "speaker1",
          "personaID": "43198",
          "participantID": "4205",
          "utterance": "저는 자녀가 없어 , 혼자 tv음악프로그램을 틀어놓고 만화를 그리는걸 좋아 합니다. 요즘 날씨가 추워 졌네요. 추운날씨 좋아 하시나요.?",
          "summary": "나는 자녀가 없다. 나는 TV 음악프로그램을 틀어놓고 만화 그리기를 좋아한다.",
          "date": "2022-11-30",
          "time": "10:49:40",
          "terminate": "false"
        },
        {
          "speaker": "speaker2",
          "personaID": "35539",
          "participantID": "4873",
          "utterance": "특별히 좋아하는 날씨는 없어요. 근데 추운 날에는 창가에서 따뜻한 코코아 마시는 걸 좋아해요. 제가 단 음식을 좋아해서요. 그리고 음악은 트로트 음악을 가끔 듣는걸 좋아해요.",
          "summary": "나는 특별히 좋아하는 날씨는 없다. 나는 추운 날에는 창가에서 따뜻한 코코아 마시는 걸 좋아한다. 나는 단 음식을 좋아한다. 나는 음악은 트로트 음악을 가끔 듣는 걸 좋아한다.",
          "date": "2022-11-30",
          "time": "10:55:22",
          "terminate": "false"
        },
        {
          "speaker": "speaker1",
          "personaID": "43198",
          "participantID": "4205",
          "utterance": "저는 따뜻한 날씨보다.  추운게 좋아요...요즘가끔 화가 날때가 많은데 .마음을 안정시키는 좋은 방법 없을까요.?",
          "summary": "나는 따뜻한 날씨보다 추운 날씨가 좋다. 나는 요즘 가끔 화가 날 때가 많다.",
          "date": "2022-11-30",
          "time": "11:01:24",
          "terminate": "false"
        },
        {
          "speaker": "speaker2",
          "personaID": "35539",
          "participantID": "4873",
          "utterance": "저는 화가 나거나 기분이 안 좋을 때는 베이킹을 해요. 단 음식을 먹으면 기분이 나아지거든요.",
          "summary": "나는 화가 나거나 기분이 안 좋을 때는 베이킹을 한다. 나는 단 음식을 먹으면 기분이 나아진다.",
          "date": "2022-11-30",
          "time": "12:13:22",
          "terminate": "false"
        },
        {
          "speaker": "speaker1",
          "personaID": "43198",
          "participantID": "4205",
          "utterance": "와우...좋은 방법이네요...제빵을 배우신건가요.?",
          "summary": "",
          "date": "2022-12-01",
          "time": "00:55:54",
          "terminate": "false"
        },
        {
          "speaker": "speaker2",
          "personaID": "35539",
          "participantID": "4873",
          "utterance": "전문적으로 배운 것은 아니에요. 홈베이킹 책을 보며 따라 하는 수준이에요.",
          "summary": "나는 전문적으로 배운 것은 아니다. 나는 홈베이킹 책을 보며 따라 하는 수준이다.",
          "date": "2022-12-01",
          "time": "07:38:33",
          "terminate": "false"
        },
        {
          "speaker": "speaker1",
          "personaID": "43198",
          "participantID": "4205",
          "utterance": "저는 요즘 빵값이 올라 유튜브 보고 아침에 먹을 빵을 만들어요.  주로 어떤 빵 만드세요.?",
          "summary": "나는 요새 빵값이 많이 올라, 아침에 먹을 빵을 유튜브를 보며 스스로 만든다.",
          "date": "2022-12-01",
          "time": "09:16:01",
          "terminate": "false"
        },
        {
          "speaker": "speaker2",
          "personaID": "35539",
          "participantID": "4873",
          "utterance": "제가 단 걸 좋아하다 보니 케익이나 쿠키 위주로 만들어요. 특히 제 생일이었던 5월에는 2단으로 당근 케익을 만들어봤어요. 제가 당근 케익을 좋아해서요.",
          "summary": "나는 단 걸 좋아하다 보니 케이크이나 쿠키 위주로 만든다. 나는 내 생일이었던 5월에는 2단으로 당근 케이크를 만들어봤다. 나는 당근 케이크를 좋아한다.",
          "date": "2022-12-01",
          "time": "09:58:58",
          "terminate": "false"
        },
        {
          "speaker": "speaker1",
          "personaID": "43198",
          "participantID": "4205",
          "utterance": "자녀가 없으니 언제나, 저만을 위한 빵을 만드니, 재미가 없네요. 당근 케익은 진짜 당근을 갈아넣어 만드는 건가요.? 통채로 깍두기 처럼 썰어 넣는 건가요.? ",
          "summary": "나는 나만을 위해 빵을 만드니 재미가 없다.",
          "date": "2022-12-01",
          "time": "18:34:29",
          "terminate": "false"
        },
        {
          "speaker": "speaker2",
          "personaID": "35539",
          "participantID": "4873",
          "utterance": "아 혼자 만들어서 혼자 먹으면 아무래도 재미가 떨어지긴 하죠. 음, 혹시 SNS 하시면 완성 된 빵을 올려보시는 건 어때요? 당근 케익은 진짜 당근을 넣어서 만들고요, 케익 반죽에 채썰거나 입자가 굵게 갈은 당근을 넣어서 만들어요. 케익과 당근이 안 어울릴 것 같다고 생각하실 수도 있는데, 당근이 고온에 익으면서 단맛이 강해지기 때문에 의외로 어울린답니다.",
          "summary": " 나는 당근 케이크는 진짜 당근을 넣어서 만든다. 나는 케이크 반죽에 채 썰거나 입자가 굵게 간 당근을 넣어서 만든다.",
          "date": "2022-12-02",
          "time": "07:59:50",
          "terminate": "false"
        },
        {
          "speaker": "speaker1",
          "personaID": "43198",
          "participantID": "4205",
          "utterance": "당근 케익 꼭 한번 먹어 보고 싶네요. 바쁘시면 먼저 체팅창 나가셔도 됩니다. 다음에 계속 이야기 해도 되니까요.^^",
          "summary": "",
          "date": "2022-12-02",
          "time": "13:29:28",
          "terminate": "false"
        },
        {
          "speaker": "speaker2",
          "personaID": "35539",
          "participantID": "4873",
          "utterance": "네 이제 식사 준비 곧 해야해서요. 다음에 또 연락드릴게요. 평안한 저녁 되세요.",
          "summary": "나는 이제 식사 준비 곧 해야 한다.",
          "date": "2022-12-03",
          "time": "09:52:48",
          "terminate": "true"
        }
      ],
      "sessionPersonaSummary": {
        "speaker1": [
          "나는 40대 남자이다. 나는 만화가이다.",
          "나는 자녀가 없다. 나는 TV 음악프로그램을 틀어놓고 만화 그리기를 좋아한다.",
          "나는 따뜻한 날씨보다 추운 날씨가 좋다. 나는 요즘 가끔 화가 날 때가 많다.",
          "나는 요새 빵값이 많이 올라, 아침에 먹을 빵을 유튜브를 보며 스스로 만든다.",
          "나는 나만을 위해 빵을 만드니 재미가 없다."
        ],
        "speaker2": [
          "나는 강원도 살고 있는 30대 여성이다.",
          "나는 특별히 좋아하는 날씨는 없다. 나는 추운 날에는 창가에서 따뜻한 코코아 마시는 걸 좋아한다. 나는 단 음식을 좋아한다.",
          "나는 음악은 트로트 음악을 가끔 듣는 걸 좋아한다.",
          "나는 화가 나거나 기분이 안 좋을 때는 베이킹을 한다. 나는 단 음식을 먹으면 기분이 나아진다.",
          "나는 전문적으로 배운 것은 아니다. 나는 홈베이킹 책을 보며 따라 하는 수준이다.",
          "나는 단 걸 좋아하다 보니 케이크이나 쿠키 위주로 만든다. 나는 내 생일이었던 5월에는 2단으로 당근 케이크를 만들어봤다. 나는 당근 케이크를 좋아한다.",
          "나는 당근 케이크는 진짜 당근을 넣어서 만든다. 나는 케이크 반죽에 채 썰거나 입자가 굵게 간 당근을 넣어서 만든다.",
          "나는 이제 식사 준비 곧 해야 한다."
        ]
      },
      "prevAggregatedpersonaSummary": {
        "speaker1": [],
        "speaker2": []
      }
    },
    {
      "prevSessionID": "2-00337-1",
      "prevTimeInfo": {
        "timeNum": "4",
        "timeUnit": "일"
      },
      "nthSession": "2",
      "numberOfUtterances": "14",
      "numberOfTurns": "7",
      "sessionID": "2-00337-2",
      "dialog": [
        {
          "speaker": "speaker1",
          "personaID": "43198",
          "participantID": "4205",
          "utterance": "벌써 4일이나 지났네요. 잘 지네셨나요.?",
          "summary": "",
          "date": "2022-12-04",
          "time": "16:58:55",
          "terminate": "false"
        },
        {
          "speaker": "speaker2",
          "personaID": "35539",
          "participantID": "4873",
          "utterance": "안녕하세요. 그간 잘 지내셨나요? 저는 얼마 전에 병원에서 피 검사 결과가 좋지 않아서 다이어트 중이에요.",
          "summary": " 나는 얼마 전에 병원에서 피검사 결과가 좋지 않아서 다이어트 중이다.",
          "date": "2022-12-05",
          "time": "09:03:23",
          "terminate": "false"
        },
        {
          "speaker": "speaker1",
          "personaID": "43198",
          "participantID": "4205",
          "utterance": "저도 중성지방이 너무 많이 나와 체중조절이 심각합니다. 직업이 만화가라 더 위험하다고 하네요.",
          "summary": "나는 중성지방이 너무 많아 체중조절을 해야 한다.",
          "date": "2022-12-05",
          "time": "11:12:27",
          "terminate": "false"
        },
        {
          "speaker": "speaker2",
          "personaID": "35539",
          "participantID": "4873",
          "utterance": "아무래도 많이 앉아계시니까 그럴 수 밖에 없겠네요. 저는 공복혈당이 좀 높게 나왔어요. 활동적인 편이긴 해도 단걸 너무 좋아해서 그런 것 같아요.",
          "summary": "나는 공복혈당이 좀 높게 나왔다.",
          "date": "2022-12-05",
          "time": "12:45:22",
          "terminate": "false"
        },
        {
          "speaker": "speaker1",
          "personaID": "43198",
          "participantID": "4205",
          "utterance": "저도 단걸 너무 많이 먹는거 같아요. 특히 커피에 이것저것 너무 많이 넣는거 같고, 요즘 도 당근 케이크 만들어 드시나요.?",
          "summary": "나는 단 걸 너무 많이 먹는다. 나는 커피에 첨가를 너무 많이 한다.",
          "date": "2022-12-05",
          "time": "15:00:50",
          "terminate": "false"
        },
        {
          "speaker": "speaker2",
          "personaID": "35539",
          "participantID": "4873",
          "utterance": "일단 다이어트 중이라 베이킹도 자연스럽게 중단했어요. 만들면 아무래도 먹게 되니까요. 님은 요새도 유튜브 보면서 아침에 먹을 빵 만드세요?",
          "summary": "나는 일단 다이어트 중이라 베이킹도 자연스럽게 중단했다.",
          "date": "2022-12-05",
          "time": "15:10:05",
          "terminate": "false"
        },
        {
          "speaker": "speaker1",
          "personaID": "43198",
          "participantID": "4205",
          "utterance": "먹고는 살아야 해서, 근데 요즘은 이스트 안쓰고 베이킹파우더 넣서 만들어요. 이스트는 설탕을 많이 넣어야 해서요. 근데 맛은 이스트로 발효시킨게 맛있네요.",
          "summary": "나는 요즘 이스트를 사용하지 않고 베이킹파우더를 이용해서 빵을 만든다.",
          "date": "2022-12-05",
          "time": "15:14:40",
          "terminate": "false"
        },
        {
          "speaker": "speaker2",
          "personaID": "35539",
          "participantID": "4873",
          "utterance": "아무래도 이스트로 발효시킨 게 맛있긴 하죠. 저는 원래 쿠키도 자주 만들었는데, 사실 들어가는 설탕 양 생각하면 못 먹죠. 다이어트 하신다고 하셨는데 혹시 운동도 하시나요?",
          "summary": "나는 이스트로 발효시킨 게 맛있긴 하다. 나는 원래 쿠키도 자주 만들었는데, 사실 들어가는 설탕 양 생각하면 못 먹는다.",
          "date": "2022-12-05",
          "time": "15:26:12",
          "terminate": "false"
        },
        {
          "speaker": "speaker1",
          "personaID": "43198",
          "participantID": "4205",
          "utterance": "오래 앉아서 만화만 그리니 살만 찌고 큰일 입니다. 런닝 머싱 이라도 사야할거 같아요. 혹시 다이어트 목적으로 운동하시는 거 있으신지.?",
          "summary": "나는 오래 앉아서 만화만 그리다 보니 살이 많이 쪘다. 나는 러닝 머신을 사야 할 것 같다.",
          "date": "2022-12-05",
          "time": "15:30:27",
          "terminate": "false"
        },
        {
          "speaker": "speaker2",
          "personaID": "35539",
          "participantID": "4873",
          "utterance": "저는 이번에 문화센터에서 줌바 수강하고 있어요. 에어로빅 비슷한 건데 재밌더라고요.",
          "summary": "나는 이번에 문화센터에서 줌바 수강하고 있다.",
          "date": "2022-12-05",
          "time": "16:17:36",
          "terminate": "false"
        },
        {
          "speaker": "speaker1",
          "personaID": "43198",
          "participantID": "4205",
          "utterance": "유산소 운동에는 춤이 최고라고 하던데 부럽네요. 혹시 남자들도 수강하는 사람들 있나요. 남자가 춤 배우러 가는건 좀 얼굴빨게 질거 같아서요. ",
          "summary": "나는 남자가 춤을 배우러 가면 얼굴이 빨개질 정도로 부끄러울 것 같다.",
          "date": "2022-12-05",
          "time": "16:44:59",
          "terminate": "false"
        },
        {
          "speaker": "speaker2",
          "personaID": "35539",
          "participantID": "4873",
          "utterance": "아쉽게도 남자 분은 줌바 수업에는 없으세요. 음 춤에 관심이 있으시면 방송 댄스같은거 배워보시면 어때요? 방송 댄스는 남성 회원도 많더라고요.",
          "summary": "",
          "date": "2022-12-06",
          "time": "10:16:52",
          "terminate": "false"
        },
        {
          "speaker": "speaker1",
          "personaID": "43198",
          "participantID": "4205",
          "utterance": "아 그거 좋은 아이디어 이네요. 방송댄스 학원 찾아 봐야 겠어요. 오전 시간이라 바쁘실텐데 먼저 일 보셔도 됩니다.",
          "summary": "나는 방송댄스 학원을 찾아볼 것이다.",
          "date": "2022-12-06",
          "time": "10:26:23",
          "terminate": "false"
        },
        {
          "speaker": "speaker2",
          "personaID": "35539",
          "participantID": "4873",
          "utterance": "네 저는 이제 운동 갈 준비해야겠네요. 만화가님도 작업하시느라 바쁘실텐데 일 보셔요. 나중에 또 연락 드릴게요.",
          "summary": "나는 이제 운동 갈 준비 해야겠다.",
          "date": "2022-12-06",
          "time": "10:31:00",
          "terminate": "true"
        }
      ],
      "sessionPersonaSummary": {
        "speaker1": [
          "나는 중성지방이 너무 많아 체중조절을 해야 한다.",
          "나는 단 걸 너무 많이 먹는다. 나는 커피에 첨가를 너무 많이 한다.",
          "나는 요즘 이스트를 사용하지 않고 베이킹파우더를 이용해서 빵을 만든다.",
          "나는 오래 앉아서 만화만 그리다 보니 살이 많이 쪘다. 나는 러닝 머신을 사야 할 것 같다.",
          "나는 남자가 춤을 배우러 가면 얼굴이 빨개질 정도로 부끄러울 것 같다.",
          "나는 방송댄스 학원을 찾아볼 것이다."
        ],
        "speaker2": [
          "나는 얼마 전에 병원에서 피검사 결과가 좋지 않아서 다이어트 중이다.",
          "나는 공복혈당이 좀 높게 나왔다.",
          "나는 일단 다이어트 중이라 베이킹도 자연스럽게 중단했다.",
          "나는 이스트로 발효시킨 게 맛있긴 하다. 나는 원래 쿠키도 자주 만들었는데, 사실 들어가는 설탕 양 생각하면 못 먹는다.",
          "나는 이번에 문화센터에서 줌바 수강하고 있다.",
          "나는 이제 운동 갈 준비 해야겠다."
        ]
      },
      "prevAggregatedpersonaSummary": {
        "speaker1": [
          "나는 40대 남자이다. 나는 만화가이다.",
          "나는 자녀가 없다. 나는 TV 음악프로그램을 틀어놓고 만화 그리기를 좋아한다.",
          "나는 따뜻한 날씨보다 추운 날씨가 좋다. 나는 요즘 가끔 화가 날 때가 많다.",
          "나는 요새 빵값이 많이 올라, 아침에 먹을 빵을 유튜브를 보며 스스로 만든다.",
          "나는 나만을 위해 빵을 만드니 재미가 없다."
        ],
        "speaker2": [
          "나는 강원도 살고 있는 30대 여성이다.",
          "나는 특별히 좋아하는 날씨는 없다. 나는 추운 날에는 창가에서 따뜻한 코코아 마시는 걸 좋아한다. 나는 단 음식을 좋아한다.",
          "나는 음악은 트로트 음악을 가끔 듣는 걸 좋아한다.",
          "나는 화가 나거나 기분이 안 좋을 때는 베이킹을 한다. 나는 단 음식을 먹으면 기분이 나아진다.",
          "나는 전문적으로 배운 것은 아니다. 나는 홈베이킹 책을 보며 따라 하는 수준이다.",
          "나는 단 걸 좋아하다 보니 케이크이나 쿠키 위주로 만든다. 나는 내 생일이었던 5월에는 2단으로 당근 케이크를 만들어봤다. 나는 당근 케이크를 좋아한다.",
          "나는 당근 케이크는 진짜 당근을 넣어서 만든다. 나는 케이크 반죽에 채 썰거나 입자가 굵게 간 당근을 넣어서 만든다.",
          "나는 이제 식사 준비 곧 해야 한다."
        ]
      }
    }
  ]
}