{
  "FileInfo": {
    "filename": "K2-00355-CL31904-CP32603-14-05-S2.json",
    "sessionLevel": "2"
  },
  "participantsInfo": {
    "numberOfParticipants": "2",
    "speaker1": {
      "participantID": "0237",
      "gender": "여성",
      "age": "30대",
      "occupation": "주부",
      "bPlace": "서울/경기/인천",
      "gPlace": "서울/경기/인천",
      "rPlace": "서울/경기/인천",
      "educationLevel": "고졸"
    },
    "speaker2": {
      "participantID": "0499",
      "gender": "여성",
      "age": "30대",
      "occupation": "주부",
      "bPlace": "부산/대구/울산/경상",
      "gPlace": "부산/대구/울산/경상",
      "rPlace": "부산/대구/울산/경상",
      "educationLevel": "대졸"
    }
  },
  "multisessionInfo": {
    "multisessionID": "2-00355"
  },
  "personaInfo": {
    "clInfo": {
      "personaID": "31904",
      "personaFeatures": [
        "나는 여자이다.",
        "나는 30대이다.",
        "나는 실용음악과를 전공했다.",
        "나는 역사/문화 여행을 가끔 간다.",
        "나는 장마철을 싫어한다."
      ],
      "speakerType": "speaker1"
    },
    "cpInfo": {
      "personaID": "32603",
      "personaFeatures": [
        "나는 여자이다.",
        "나는 30대이다.",
        "나는 치위생과를 전공했다.",
        "나는 햄스터 두 마리를 키운다.",
        "나는 딸기를 안 먹는다."
      ],
      "speakerType": "speaker2"
    }
  },
  "topicInfo": {
    "topicID": "14-05",
    "topicType": "시사/사회>사회이슈(국내)",
    "topicTitle": "재해 및 재난"
  },
  "sessionInfo": [
    {
      "prevSessionID": null,
      "prevTimeInfo": {
        "timeNum": null,
        "timeUnit": null
      },
      "nthSession": "1",
      "numberOfUtterances": "16",
      "numberOfTurns": "8",
      "sessionID": "2-00355-1",
      "dialog": [
        {
          "speaker": "speaker1",
          "personaID": "31904",
          "participantID": "0237",
          "utterance": "반가워요. 저는 30대 여자입니다.",
          "summary": "나는 30대 여자이다.",
          "date": "2022-09-24",
          "time": "09:06:30",
          "terminate": "false"
        },
        {
          "speaker": "speaker2",
          "personaID": "32603",
          "participantID": "0499",
          "utterance": "안녕하세요. 저도 30대 여자입니다.",
          "summary": "나는 30대 여자이다.",
          "date": "2022-09-24",
          "time": "09:07:26",
          "terminate": "false"
        },
        {
          "speaker": "speaker1",
          "personaID": "31904",
          "participantID": "0237",
          "utterance": "혹시 지금 직장 다니시나요? 저는 실용음악과 전공해서 작곡가로 활동중이에요.",
          "summary": "나는 실용음악과 전공이다. 나는 작곡가이다.",
          "date": "2022-09-24",
          "time": "09:07:27",
          "terminate": "false"
        },
        {
          "speaker": "speaker2",
          "personaID": "32603",
          "participantID": "0499",
          "utterance": "저는 치위생과를 전공해서 치과에서 근무하고있어요.",
          "summary": "나는 치위생과를 전공했다.",
          "date": "2022-09-24",
          "time": "09:08:10",
          "terminate": "false"
        },
        {
          "speaker": "speaker1",
          "personaID": "31904",
          "participantID": "0237",
          "utterance": "아 치과의사선생님은 아니시겠죠?",
          "summary": "",
          "date": "2022-09-24",
          "time": "09:08:21",
          "terminate": "false"
        },
        {
          "speaker": "speaker2",
          "personaID": "32603",
          "participantID": "0499",
          "utterance": "의사는 아니고 간호사로 보조로 일하고 있어요.",
          "summary": "나는 간호사이다.",
          "date": "2022-09-24",
          "time": "09:08:37",
          "terminate": "false"
        },
        {
          "speaker": "speaker1",
          "personaID": "31904",
          "participantID": "0237",
          "utterance": "ㅎㅎ 그렇군요. 저희 나름다 좋은 직업을 가지고 있네요.",
          "summary": "",
          "date": "2022-09-24",
          "time": "09:08:39",
          "terminate": "false"
        },
        {
          "speaker": "speaker2",
          "personaID": "32603",
          "participantID": "0499",
          "utterance": "그러네요. 작곡가시면 어떤 곡 쓰세요?",
          "summary": "",
          "date": "2022-09-24",
          "time": "09:08:52",
          "terminate": "false"
        },
        {
          "speaker": "speaker1",
          "personaID": "31904",
          "participantID": "0237",
          "utterance": "저는 발라드 위주로 작곡하고 있어요.",
          "summary": "나는 발라드를 작곡한다.",
          "date": "2022-09-24",
          "time": "09:09:09",
          "terminate": "false"
        },
        {
          "speaker": "speaker2",
          "personaID": "32603",
          "participantID": "0499",
          "utterance": "오 발라드라니.. 저 엄청 자주들어요. 너무 좋아요.",
          "summary": "나는 발라드를 엄청 자주 듣는다.",
          "date": "2022-09-24",
          "time": "09:09:26",
          "terminate": "false"
        },
        {
          "speaker": "speaker1",
          "personaID": "31904",
          "participantID": "0237",
          "utterance": "ㅎㅎ 발라드 좋아하시는구나. 그럼 그거 말고 다른 취미는 있어요?",
          "summary": "",
          "date": "2022-09-24",
          "time": "09:09:34",
          "terminate": "false"
        },
        {
          "speaker": "speaker2",
          "personaID": "32603",
          "participantID": "0499",
          "utterance": "저는 동물 키우는게 취미라서 햄스터 두 마리를 키우고 있어요.",
          "summary": "나는 햄스터 두 마리를 키운다.",
          "date": "2022-09-24",
          "time": "09:09:50",
          "terminate": "false"
        },
        {
          "speaker": "speaker1",
          "personaID": "31904",
          "participantID": "0237",
          "utterance": "아 저는 역사 문화 여행을 가끔 가는 취미가 있는데 말이죠. 서로 좋은 취미를 가지고 있네요.",
          "summary": "나는 역사 문화 여행을 가끔 간다.",
          "date": "2022-09-24",
          "time": "09:09:58",
          "terminate": "false"
        },
        {
          "speaker": "speaker2",
          "personaID": "32603",
          "participantID": "0499",
          "utterance": "그러네요. 저도 문화여행 한번쯤은 가보고 싶어요.",
          "summary": "나는 문화 여행을 한 번쯤 가보고 싶다.",
          "date": "2022-09-24",
          "time": "09:10:09",
          "terminate": "false"
        },
        {
          "speaker": "speaker1",
          "personaID": "31904",
          "participantID": "0237",
          "utterance": "자기소개 시간 즐거웠어요. 다음엔 더 건설적인 대화 나눠봅시다.",
          "summary": "",
          "date": "2022-09-24",
          "time": "09:10:10",
          "terminate": "false"
        },
        {
          "speaker": "speaker2",
          "personaID": "32603",
          "participantID": "0499",
          "utterance": "좋아요. 다음에 또 연락주세요.",
          "summary": "",
          "date": "2022-09-24",
          "time": "09:10:18",
          "terminate": "true"
        }
      ],
      "sessionPersonaSummary": {
        "speaker1": [
          "나는 30대 여자이다.",
          "나는 실용음악과 전공이다. 나는 작곡가이다.",
          "나는 발라드를 작곡한다.",
          "나는 역사 문화 여행을 가끔 간다."
        ],
        "speaker2": [
          "나는 30대 여자이다.",
          "나는 치위생과를 전공했다.",
          "나는 간호사이다.",
          "나는 발라드를 엄청 자주 듣는다.",
          "나는 햄스터 두 마리를 키운다.",
          "나는 문화 여행을 한 번쯤 가보고 싶다."
        ]
      },
      "prevAggregatedpersonaSummary": {
        "speaker1": [],
        "speaker2": []
      }
    },
    {
      "prevSessionID": "2-00355-1",
      "prevTimeInfo": {
        "timeNum": "1",
        "timeUnit": "일"
      },
      "nthSession": "2",
      "numberOfUtterances": "16",
      "numberOfTurns": "8",
      "sessionID": "2-00355-2",
      "dialog": [
        {
          "speaker": "speaker1",
          "personaID": "31904",
          "participantID": "0237",
          "utterance": "하루만이네요. 반가워요. 또 갑자기 비가오네요?",
          "summary": "",
          "date": "2022-09-24",
          "time": "09:10:24",
          "terminate": "false"
        },
        {
          "speaker": "speaker2",
          "personaID": "32603",
          "participantID": "0499",
          "utterance": "그러네요.. 날씨가 갑자기 왜 이러는지 모르겠어요.",
          "summary": "",
          "date": "2022-09-24",
          "time": "09:10:33",
          "terminate": "false"
        },
        {
          "speaker": "speaker1",
          "personaID": "31904",
          "participantID": "0237",
          "utterance": "저는 장마철을 싫어해서 비를 싫어하는데 말이죠.",
          "summary": "나는 장마철을 싫어한다.",
          "date": "2022-09-24",
          "time": "09:10:46",
          "terminate": "false"
        },
        {
          "speaker": "speaker2",
          "personaID": "32603",
          "participantID": "0499",
          "utterance": "저도 장마철 엄청 싫어해요. 좋아하는 사람이 있을까 싶어요.",
          "summary": "나는 장마철을 엄청 싫어한다.",
          "date": "2022-09-24",
          "time": "09:11:00",
          "terminate": "false"
        },
        {
          "speaker": "speaker1",
          "personaID": "31904",
          "participantID": "0237",
          "utterance": "이번 장마철때 폭우 온거 보셨죠?",
          "summary": "",
          "date": "2022-09-24",
          "time": "09:11:07",
          "terminate": "false"
        },
        {
          "speaker": "speaker2",
          "personaID": "32603",
          "participantID": "0499",
          "utterance": "네 정말 엄청나더라고요. 피해가 장난 아니였어요.",
          "summary": "",
          "date": "2022-09-24",
          "time": "09:11:20",
          "terminate": "false"
        },
        {
          "speaker": "speaker1",
          "personaID": "31904",
          "participantID": "0237",
          "utterance": "그떄 장마는 정말 재해 및 재난 같은 느낌이었어요.",
          "summary": "",
          "date": "2022-09-24",
          "time": "09:11:34",
          "terminate": "false"
        },
        {
          "speaker": "speaker2",
          "personaID": "32603",
          "participantID": "0499",
          "utterance": "맞아요. 태풍소식도 요즘 간간히 돌던데 무섭네요.",
          "summary": "",
          "date": "2022-09-24",
          "time": "09:11:49",
          "terminate": "false"
        },
        {
          "speaker": "speaker1",
          "personaID": "31904",
          "participantID": "0237",
          "utterance": "태풍 며칠전에 힌남노인가도 왔었잖아요.",
          "summary": "",
          "date": "2022-09-24",
          "time": "09:11:58",
          "terminate": "false"
        },
        {
          "speaker": "speaker2",
          "personaID": "32603",
          "participantID": "0499",
          "utterance": "네 맞아요. 저희 지역에는 피해가 없어서 다행이지만.. 밑에는 난리더라고요.",
          "summary": "나의 지역에는 태풍 피해가 없었다.",
          "date": "2022-09-24",
          "time": "09:12:15",
          "terminate": "false"
        },
        {
          "speaker": "speaker1",
          "personaID": "31904",
          "participantID": "0237",
          "utterance": "그러게요. 밑에 지방에서 완전히 피해가 심각했죠.",
          "summary": "",
          "date": "2022-09-24",
          "time": "09:12:37",
          "terminate": "false"
        },
        {
          "speaker": "speaker2",
          "personaID": "32603",
          "participantID": "0499",
          "utterance": "엄청 심각하더라고요. 빨리 괜찮아졌으면 좋겠어요.",
          "summary": "",
          "date": "2022-09-24",
          "time": "09:12:55",
          "terminate": "false"
        },
        {
          "speaker": "speaker1",
          "personaID": "31904",
          "participantID": "0237",
          "utterance": "그러니까요.. ㅠㅠ 그러고보니 식사시간인데 식사는 하셨어요?",
          "summary": "",
          "date": "2022-09-24",
          "time": "09:12:54",
          "terminate": "false"
        },
        {
          "speaker": "speaker2",
          "personaID": "32603",
          "participantID": "0499",
          "utterance": "아니요. 제가 딸기를 안 먹는데 이번 식사로 딸기가 나와서 거르게요.",
          "summary": "나는 딸기를 안 먹는다.",
          "date": "2022-09-24",
          "time": "09:13:15",
          "terminate": "false"
        },
        {
          "speaker": "speaker1",
          "personaID": "31904",
          "participantID": "0237",
          "utterance": "이런 ㅠㅠ 그래도 식사 찾아서 맛있게 드시고, 다음에 또 이야기하시는걸로 하시죠.",
          "summary": "",
          "date": "2022-09-24",
          "time": "09:13:16",
          "terminate": "false"
        },
        {
          "speaker": "speaker2",
          "personaID": "32603",
          "participantID": "0499",
          "utterance": "감사합니다. 열심히 찾아볼게요. 다음에 뵈요.",
          "summary": "",
          "date": "2022-09-24",
          "time": "09:13:26",
          "terminate": "true"
        }
      ],
      "sessionPersonaSummary": {
        "speaker1": [
          "나는 장마철을 싫어한다."
        ],
        "speaker2": [
          "나는 장마철을 엄청 싫어한다.",
          "나의 지역에는 태풍 피해가 없었다.",
          "나는 딸기를 안 먹는다."
        ]
      },
      "prevAggregatedpersonaSummary": {
        "speaker1": [
          "나는 30대 여자이다.",
          "나는 실용음악과 전공이다. 나는 작곡가이다.",
          "나는 발라드를 작곡한다.",
          "나는 역사 문화 여행을 가끔 간다."
        ],
        "speaker2": [
          "나는 30대 여자이다.",
          "나는 치위생과를 전공했다.",
          "나는 간호사이다.",
          "나는 발라드를 엄청 자주 듣는다.",
          "나는 햄스터 두 마리를 키운다.",
          "나는 문화 여행을 한 번쯤 가보고 싶다."
        ]
      }
    }
  ]
}