{
  "FileInfo": {
    "filename": "K2-00301-CL34307-CP42291-09-02-S2.json",
    "sessionLevel": "2"
  },
  "participantsInfo": {
    "numberOfParticipants": "2",
    "speaker1": {
      "participantID": "0179",
      "gender": "여성",
      "age": "20대",
      "occupation": "기타",
      "bPlace": "부산/대구/울산/경상",
      "gPlace": "부산/대구/울산/경상",
      "rPlace": "부산/대구/울산/경상",
      "educationLevel": "고졸"
    },
    "speaker2": {
      "participantID": "0175",
      "gender": "여성",
      "age": "30대",
      "occupation": "주부",
      "bPlace": "서울/경기/인천",
      "gPlace": "서울/경기/인천",
      "rPlace": "서울/경기/인천",
      "educationLevel": "대졸"
    }
  },
  "multisessionInfo": {
    "multisessionID": "2-00301"
  },
  "personaInfo": {
    "clInfo": {
      "personaID": "34307",
      "personaFeatures": [
        "나는 여자이다.",
        "나는 30대이다.",
        "나는 밤에 게임을 한다",
        "나는 혈액형이 O형이다",
        "나는 매우 부정적이다"
      ],
      "speakerType": "speaker1"
    },
    "cpInfo": {
      "personaID": "42291",
      "personaFeatures": [
        "나는 여자이다.",
        "나는 40대이다.",
        "나는 혈액형이 A형이다",
        "내가 가장 기쁘던 때는 아이가 혼자서 자전거를 타게 되었을 때이다",
        "나는 키위를 즐겨 먹는다"
      ],
      "speakerType": "speaker2"
    }
  },
  "topicInfo": {
    "topicID": "09-02",
    "topicType": "개인 및 관계>반려동물",
    "topicTitle": "고양이"
  },
  "sessionInfo": [
    {
      "prevSessionID": null,
      "prevTimeInfo": {
        "timeNum": null,
        "timeUnit": null
      },
      "nthSession": "1",
      "numberOfUtterances": "15",
      "numberOfTurns": "7",
      "sessionID": "2-00301-1",
      "dialog": [
        {
          "speaker": "speaker1",
          "personaID": "34307",
          "participantID": "0179",
          "utterance": "반갑습니다. 저는 30대 여성입니다. ",
          "summary": "나는 30대 여자이다",
          "date": "2022-11-05",
          "time": "15:38:55",
          "terminate": "false"
        },
        {
          "speaker": "speaker2",
          "personaID": "42291",
          "participantID": "0175",
          "utterance": "만나서 반가워요. 저는 40대 여자입니다. 반갑습니다.",
          "summary": "나는 40대 여자이다.",
          "date": "2022-11-05",
          "time": "15:39:47",
          "terminate": "false"
        },
        {
          "speaker": "speaker1",
          "personaID": "34307",
          "participantID": "0179",
          "utterance": "네~! 반가워요~! 제가 매우 부정적이라서 요즘 회사 동료들 한테 미안하네요. 하시는 일은 뭔가요?",
          "summary": "나는 매우 부정적이다. 나는 회사 동료에게 미안하다.",
          "date": "2022-11-05",
          "time": "15:40:54",
          "terminate": "false"
        },
        {
          "speaker": "speaker2",
          "personaID": "42291",
          "participantID": "0175",
          "utterance": "그런 시기가 있는 것 같아요. 저는 가정주부이고 요즘 아이와 자전거 타는걸 가장 좋아해요.ㅎㅎ",
          "summary": "나는 가정주부이다, 나는 요즘 아이와 자전거 타는 걸 가장 좋아한다.",
          "date": "2022-11-05",
          "time": "15:41:19",
          "terminate": "false"
        },
        {
          "speaker": "speaker1",
          "personaID": "34307",
          "participantID": "0179",
          "utterance": "아이와 함께 자전거를 타시군요! 아이가 지금 몇살인가요? ",
          "summary": "",
          "date": "2022-11-05",
          "time": "15:41:55",
          "terminate": "false"
        },
        {
          "speaker": "speaker2",
          "personaID": "42291",
          "participantID": "0175",
          "utterance": "아이가 9살이에요, 제가 가장 기쁘던 때가 아이가 혼자 자전거를 타게 되었을 때에요! 아직도 생생하네요. ㅎㅎ",
          "summary": "나의 아이는 9살이다, 나는 가장 기쁘던 때가 아이가 혼자 자전거를 타게 되었을 때이다.",
          "date": "2022-11-05",
          "time": "15:42:46",
          "terminate": "false"
        },
        {
          "speaker": "speaker1",
          "personaID": "34307",
          "participantID": "0179",
          "utterance": "그렇군요! 저는 혈액형이 O형인데 혹시 혈액형은 어떻게 되시나요?",
          "summary": "나의 혈액형은 O형이다",
          "date": "2022-11-05",
          "time": "15:43:13",
          "terminate": "false"
        },
        {
          "speaker": "speaker2",
          "personaID": "42291",
          "participantID": "0175",
          "utterance": "저는 O형과 궁합이 좋다는 A형입니다. ㅎㅎ",
          "summary": "나는 혈액형이 A형이다\n",
          "date": "2022-11-05",
          "time": "15:43:41",
          "terminate": "false"
        },
        {
          "speaker": "speaker1",
          "personaID": "34307",
          "participantID": "0179",
          "utterance": "그렇군요! 저는 오늘도 밤에 게임을 하려고요. 제가 아무래도 게임에 중독된것같아요ㅠ 혹시 게임 좋아하시나요?",
          "summary": "나는 밤에 게임을 한다. 나는 게임에 중독된 것 같다.",
          "date": "2022-11-05",
          "time": "15:45:40",
          "terminate": "false"
        },
        {
          "speaker": "speaker2",
          "personaID": "42291",
          "participantID": "0175",
          "utterance": "저는 게임은 아이를 키우다보니 할 시간이 없어서 하지 않고 있어요.ㅠ 어떤 게임 하세요?",
          "summary": "나는 게임을 하지 않는다.",
          "date": "2022-11-05",
          "time": "15:46:12",
          "terminate": "false"
        },
        {
          "speaker": "speaker1",
          "personaID": "34307",
          "participantID": "0179",
          "utterance": "저는 지금 메이플 스토리를 한답니다. 어렸을때 하던 게임인데ㅠ 아... 또 중독 되버렸네요. 폰게임도 안하세요?",
          "summary": "나는 메이플스토리를 한다.",
          "date": "2022-11-05",
          "time": "15:47:06",
          "terminate": "false"
        },
        {
          "speaker": "speaker2",
          "personaID": "42291",
          "participantID": "0175",
          "utterance": "폰 게임은 가끔 하는데 퍼즐게임같은 걸 하곤 해요. 과일은 좋아해요? 저는 키위를 즐겨 먹어요.",
          "summary": "나는 퍼즐게임과 같은 폰 게임은 가끔 한다, 나는 키위를 즐겨 먹는다.",
          "date": "2022-11-05",
          "time": "15:48:00",
          "terminate": "false"
        },
        {
          "speaker": "speaker1",
          "personaID": "34307",
          "participantID": "0179",
          "utterance": "네 저도 키위를 좋아해요. 제가 제일 좋아하는 과일은 딸기랍니다. 카페에서도 거의 딸기라떼만 먹을 정도 예요~! 카페 가시면 커피를 드시나요?",
          "summary": "나는 키위를 좋아한다. 나는 딸기를 좋아한다. 나는 카페에서 딸기 라테만 먹는다.",
          "date": "2022-11-05",
          "time": "15:49:01",
          "terminate": "false"
        },
        {
          "speaker": "speaker2",
          "personaID": "42291",
          "participantID": "0175",
          "utterance": "네, 이야기하다보니 커피 한 잔 마시고 싶네요. 카페가서 커피 한 잔 사올게요. 또 대화해요!",
          "summary": "나는 커피 한 잔 마시고 싶다, 나는 카페 가서 커피 한 잔 사 올 거다.",
          "date": "2022-11-05",
          "time": "15:49:37",
          "terminate": "false"
        },
        {
          "speaker": "speaker1",
          "personaID": "34307",
          "participantID": "0179",
          "utterance": "네 그럼 커피 드시고 다음에 연락주세요~!",
          "summary": "",
          "date": "2022-11-05",
          "time": "15:49:52",
          "terminate": "true"
        }
      ],
      "sessionPersonaSummary": {
        "speaker1": [
          "나는 30대 여자이다",
          "나는 매우 부정적이다. 나는 회사 동료에게 미안하다.",
          "나의 혈액형은 O형이다",
          "나는 밤에 게임을 한다. 나는 게임에 중독된 것 같다.",
          "나는 메이플스토리를 한다.",
          "나는 키위를 좋아한다. 나는 딸기를 좋아한다. 나는 카페에서 딸기 라테만 먹는다."
        ],
        "speaker2": [
          "나는 40대 여자이다.",
          "나는 가정주부이다, 나는 요즘 아이와 자전거 타는 걸 가장 좋아한다.",
          "나의 아이는 9살이다, 나는 가장 기쁘던 때가 아이가 혼자 자전거를 타게 되었을 때이다.",
          "나는 혈액형이 A형이다\n",
          "나는 게임을 하지 않는다.",
          "나는 퍼즐게임과 같은 폰 게임은 가끔 한다, 나는 키위를 즐겨 먹는다.",
          "나는 커피 한 잔 마시고 싶다, 나는 카페 가서 커피 한 잔 사 올 거다."
        ]
      },
      "prevAggregatedpersonaSummary": {
        "speaker1": [],
        "speaker2": []
      }
    },
    {
      "prevSessionID": "2-00301-1",
      "prevTimeInfo": {
        "timeNum": "12",
        "timeUnit": "시간"
      },
      "nthSession": "2",
      "numberOfUtterances": "15",
      "numberOfTurns": "7",
      "sessionID": "2-00301-2",
      "dialog": [
        {
          "speaker": "speaker1",
          "personaID": "34307",
          "participantID": "0179",
          "utterance": "12시간이 지났나요~! 커피는 맛있게 드셨나요?",
          "summary": "",
          "date": "2022-11-05",
          "time": "15:51:51",
          "terminate": "false"
        },
        {
          "speaker": "speaker2",
          "personaID": "42291",
          "participantID": "0175",
          "utterance": "네, 커피를 많이 마셨더니 잠이 잘 안오네요. 잘 있었어요?",
          "summary": "나는 커피를 많이 마셨더니 잠이 잘 안 온다.",
          "date": "2022-11-05",
          "time": "15:52:07",
          "terminate": "false"
        },
        {
          "speaker": "speaker1",
          "personaID": "34307",
          "participantID": "0179",
          "utterance": "네 저는 잘 있었어요~! 오늘도 저희집 마당에 고양이들이 왔네요.",
          "summary": "나는 집 마당에 고양이가 왔다",
          "date": "2022-11-05",
          "time": "15:54:35",
          "terminate": "false"
        },
        {
          "speaker": "speaker2",
          "personaID": "42291",
          "participantID": "0175",
          "utterance": "저희 집에도 고양이가 자주 와서 우는데 고양이 좋아하세요?",
          "summary": "나의 집에도 고양이가 자주 와서 운다.",
          "date": "2022-11-05",
          "time": "15:55:11",
          "terminate": "false"
        },
        {
          "speaker": "speaker1",
          "personaID": "34307",
          "participantID": "0179",
          "utterance": "네 고양이가 좋아서 오면 사료도 주고 있어요~! 근데 사료를 준 이후로 매일 와서 사료를 매번 구입하네요.",
          "summary": "나는 고양이를 좋아해 오면 사료를 준다. 나는 사료를 준 이후로 고양이가 매일 온다",
          "date": "2022-11-05",
          "time": "15:55:53",
          "terminate": "false"
        },
        {
          "speaker": "speaker2",
          "personaID": "42291",
          "participantID": "0175",
          "utterance": "그러시구나- 저는 고양이 때문에 즐겨먹는 키위도 조심히 먹고 있어요. 키위는 먹으면 안된다더라구요.",
          "summary": "나는 고양이 때문에 즐겨 먹는 키위도 조심히 먹는다.",
          "date": "2022-11-05",
          "time": "15:56:49",
          "terminate": "false"
        },
        {
          "speaker": "speaker1",
          "personaID": "34307",
          "participantID": "0179",
          "utterance": "아 그렇군요! 그건 몰랐네요ㅠ 저희 집에 오는 고양이들 사진도 많이 찍어놨는데 보여드릴까요?",
          "summary": "나는 고양이 사진을 많이 찍었다",
          "date": "2022-11-05",
          "time": "15:57:52",
          "terminate": "false"
        },
        {
          "speaker": "speaker2",
          "personaID": "42291",
          "participantID": "0175",
          "utterance": "너무 귀엽겠네요~ 그정도면 데려다 키우셔야 하는 거 아닌가요?ㅎㅎ",
          "summary": "",
          "date": "2022-11-05",
          "time": "15:58:42",
          "terminate": "false"
        },
        {
          "speaker": "speaker1",
          "personaID": "34307",
          "participantID": "0179",
          "utterance": "ㅋㅋ 키우고 싶은데 고양이들이 저한테 오지를 않네요ㅠ 그냥 밥만 먹고 가요ㅠ",
          "summary": "나는 고양이를 키우고 싶다. 나의 집 마당에 오는 고양이는 밥만 먹고 간다.",
          "date": "2022-11-05",
          "time": "15:59:20",
          "terminate": "false"
        },
        {
          "speaker": "speaker2",
          "personaID": "42291",
          "participantID": "0175",
          "utterance": "아- 알고보면 다른 집에서도 밥 먹고 다니고 있는 거 아닐까요?",
          "summary": "",
          "date": "2022-11-05",
          "time": "16:00:07",
          "terminate": "false"
        },
        {
          "speaker": "speaker1",
          "personaID": "34307",
          "participantID": "0179",
          "utterance": "그런것같네요ㅠ 고양이 한테 밥 준지 거의 1년이 되가는데 고양이들이 저한테 애교도 부렸으면 좋겠어요! 님 집에 오는 고양이들은 어떤가요?",
          "summary": "나는 고양이 밥을 준 지 1년이 되어간다.",
          "date": "2022-11-05",
          "time": "16:01:18",
          "terminate": "false"
        },
        {
          "speaker": "speaker2",
          "personaID": "42291",
          "participantID": "0175",
          "utterance": "저희 집 오는 고양이는 아예 보기만 하면 도망가는 진짜 찐 길고양이에요. ㅎㅎ",
          "summary": "나의 집에 오는 고양이는 찐 길고양이다.",
          "date": "2022-11-05",
          "time": "16:01:40",
          "terminate": "false"
        },
        {
          "speaker": "speaker1",
          "personaID": "34307",
          "participantID": "0179",
          "utterance": "아 그렇군요! 근데 길고양이 중에서도 보면 사람한테 오는 고양이도 있더라고요. 그런 고양이들은 왜 그런거죠? 혹시 아시나요? 아마 버려진 고양이일까요?ㅠ",
          "summary": "나는 길고양이 중에도 사람을 따르는 고양이를 본 적이 있다.",
          "date": "2022-11-05",
          "time": "16:02:52",
          "terminate": "false"
        },
        {
          "speaker": "speaker2",
          "personaID": "42291",
          "participantID": "0175",
          "utterance": "그럴 수도 있을 것 같네요. 저는 아이가 울어서 가 볼게요. 다음에 대화해요~",
          "summary": "",
          "date": "2022-11-05",
          "time": "16:03:20",
          "terminate": "false"
        },
        {
          "speaker": "speaker1",
          "personaID": "34307",
          "participantID": "0179",
          "utterance": "네~ 그럼 아이한테 가보세요~! 그럼 다음에 연락드릴게요~!",
          "summary": "",
          "date": "2022-11-05",
          "time": "16:03:46",
          "terminate": "true"
        }
      ],
      "sessionPersonaSummary": {
        "speaker1": [
          "나는 집 마당에 고양이가 왔다",
          "나는 고양이를 좋아해 오면 사료를 준다. 나는 사료를 준 이후로 고양이가 매일 온다",
          "나는 고양이 사진을 많이 찍었다",
          "나는 고양이를 키우고 싶다. 나의 집 마당에 오는 고양이는 밥만 먹고 간다.",
          "나는 고양이 밥을 준 지 1년이 되어간다.",
          "나는 길고양이 중에도 사람을 따르는 고양이를 본 적이 있다."
        ],
        "speaker2": [
          "나는 커피를 많이 마셨더니 잠이 잘 안 온다.",
          "나의 집에도 고양이가 자주 와서 운다.",
          "나는 고양이 때문에 즐겨 먹는 키위도 조심히 먹는다.",
          "나의 집에 오는 고양이는 찐 길고양이다."
        ]
      },
      "prevAggregatedpersonaSummary": {
        "speaker1": [
          "나는 30대 여자이다",
          "나는 매우 부정적이다. 나는 회사 동료에게 미안하다.",
          "나의 혈액형은 O형이다",
          "나는 밤에 게임을 한다. 나는 게임에 중독된 것 같다.",
          "나는 메이플스토리를 한다.",
          "나는 키위를 좋아한다. 나는 딸기를 좋아한다. 나는 카페에서 딸기 라테만 먹는다."
        ],
        "speaker2": [
          "나는 40대 여자이다.",
          "나는 가정주부이다, 나는 요즘 아이와 자전거 타는 걸 가장 좋아한다.",
          "나의 아이는 9살이다, 나는 가장 기쁘던 때가 아이가 혼자 자전거를 타게 되었을 때이다.",
          "나는 혈액형이 A형이다\n",
          "나는 게임을 하지 않는다.",
          "나는 퍼즐게임과 같은 폰 게임은 가끔 한다, 나는 키위를 즐겨 먹는다.",
          "나는 커피 한 잔 마시고 싶다, 나는 카페 가서 커피 한 잔 사 올 거다."
        ]
      }
    }
  ]
}