{
  "FileInfo": {
    "filename": "K2-00352-CL00891-CP04644-01-07-S2.json",
    "sessionLevel": "2"
  },
  "participantsInfo": {
    "numberOfParticipants": "2",
    "speaker1": {
      "participantID": "0013",
      "gender": "여성",
      "age": "50대",
      "occupation": "주부",
      "bPlace": "부산/대구/울산/경상",
      "gPlace": "부산/대구/울산/경상",
      "rPlace": "부산/대구/울산/경상",
      "educationLevel": "대졸"
    },
    "speaker2": {
      "participantID": "0059",
      "gender": "남성",
      "age": "50대",
      "occupation": "무직",
      "bPlace": "부산/대구/울산/경상",
      "gPlace": "부산/대구/울산/경상",
      "rPlace": "부산/대구/울산/경상",
      "educationLevel": "대졸"
    }
  },
  "multisessionInfo": {
    "multisessionID": "2-00352"
  },
  "personaInfo": {
    "clInfo": {
      "personaID": "00891",
      "personaFeatures": [
        "나는 여자이다.",
        "나는 60대 이상이다.",
        "나는 번역가이다.",
        "나는 액션 영화를 좋아한다.",
        "나는 일본어에 관심 있지만 배울 시간이 없다."
      ],
      "speakerType": "speaker1"
    },
    "cpInfo": {
      "personaID": "04644",
      "personaFeatures": [
        "나는 남자이다.",
        "나는 50대이다.",
        "나의 여자 형제는 학생이다.",
        "나는 깐풍기를 좋아한다.",
        "나는 슬랩스틱 영화를 자주 본다."
      ],
      "speakerType": "speaker2"
    }
  },
  "topicInfo": {
    "topicID": "01-07",
    "topicType": "식음료",
    "topicTitle": "뷔페"
  },
  "sessionInfo": [
    {
      "prevSessionID": null,
      "prevTimeInfo": {
        "timeNum": null,
        "timeUnit": null
      },
      "nthSession": "1",
      "numberOfUtterances": "16",
      "numberOfTurns": "8",
      "sessionID": "2-00352-1",
      "dialog": [
        {
          "speaker": "speaker1",
          "personaID": "00891",
          "participantID": "0013",
          "utterance": "안녕하십니까? 저는 60대 여자입니다~ ㅎㅎ.",
          "summary": "나는 60세 이상 여자이다.",
          "date": "2022-09-01",
          "time": "11:17:23",
          "terminate": "false"
        },
        {
          "speaker": "speaker2",
          "personaID": "04644",
          "participantID": "0059",
          "utterance": "저는 50대 남자에요 ㅎㅎ 만나서 반가워요!",
          "summary": "나는 50대 남자이다.",
          "date": "2022-09-01",
          "time": "11:17:32",
          "terminate": "false"
        },
        {
          "speaker": "speaker1",
          "personaID": "00891",
          "participantID": "0013",
          "utterance": "저는 요즘 외국어를 조금 배워보고 싶네요~ ㅎㅎ.",
          "summary": "",
          "date": "2022-09-01",
          "time": "11:17:32",
          "terminate": "false"
        },
        {
          "speaker": "speaker2",
          "personaID": "04644",
          "participantID": "0059",
          "utterance": "오.. 어떤 외국어를 배우고 싶으신가요?",
          "summary": "",
          "date": "2022-09-01",
          "time": "11:17:40",
          "terminate": "false"
        },
        {
          "speaker": "speaker1",
          "personaID": "00891",
          "participantID": "0013",
          "utterance": "일본어에 관심은 있는데, 배울 시간이 없어요 ㅠㅠ.",
          "summary": "나는 일본어에 관심 있지만 배울 시간이 없다.",
          "date": "2022-09-01",
          "time": "11:17:41",
          "terminate": "false"
        },
        {
          "speaker": "speaker2",
          "personaID": "04644",
          "participantID": "0059",
          "utterance": "아하.. 시간이 없으신 이유가 무엇이죠??",
          "summary": "",
          "date": "2022-09-01",
          "time": "11:17:51",
          "terminate": "false"
        },
        {
          "speaker": "speaker1",
          "personaID": "00891",
          "participantID": "0013",
          "utterance": "직업이 직업이라, 시간이 너무 부족합니다.",
          "summary": "",
          "date": "2022-09-01",
          "time": "11:17:58",
          "terminate": "false"
        },
        {
          "speaker": "speaker2",
          "personaID": "04644",
          "participantID": "0059",
          "utterance": "아하.. 그쪽 직업이 어떻게 되시는데요?",
          "summary": "",
          "date": "2022-09-01",
          "time": "11:18:07",
          "terminate": "false"
        },
        {
          "speaker": "speaker1",
          "personaID": "00891",
          "participantID": "0013",
          "utterance": "제가 번역가라, 하루에 번역할 분량만 수천페이지거든요.",
          "summary": "나는 번역가이다.",
          "date": "2022-09-01",
          "time": "11:18:09",
          "terminate": "false"
        },
        {
          "speaker": "speaker2",
          "personaID": "04644",
          "participantID": "0059",
          "utterance": "와.. 정말요? 돈은 많이 벌고 계세요?",
          "summary": "",
          "date": "2022-09-01",
          "time": "11:18:16",
          "terminate": "false"
        },
        {
          "speaker": "speaker1",
          "personaID": "00891",
          "participantID": "0013",
          "utterance": "네 ㅎㅎ 그래서 제가 좋아하는 취미 생활 합니다.",
          "summary": "",
          "date": "2022-09-01",
          "time": "11:18:22",
          "terminate": "false"
        },
        {
          "speaker": "speaker2",
          "personaID": "04644",
          "participantID": "0059",
          "utterance": "좋네요! 어떤 취미 생활을 하고 계시나요??",
          "summary": "",
          "date": "2022-09-01",
          "time": "11:18:33",
          "terminate": "false"
        },
        {
          "speaker": "speaker1",
          "personaID": "00891",
          "participantID": "0013",
          "utterance": "저는 영화를 좋아합니다! 장르는 여러가지가 있죠.",
          "summary": "",
          "date": "2022-09-01",
          "time": "11:18:41",
          "terminate": "false"
        },
        {
          "speaker": "speaker2",
          "personaID": "04644",
          "participantID": "0059",
          "utterance": "오.. 대표적인 장르는 무엇일까요??",
          "summary": "",
          "date": "2022-09-01",
          "time": "11:19:05",
          "terminate": "false"
        },
        {
          "speaker": "speaker1",
          "personaID": "00891",
          "participantID": "0013",
          "utterance": "저는 액션 영화를 좋아합니다! 특별하게 좋아해요!",
          "summary": "나는 액션 영화를 좋아한다.",
          "date": "2022-09-01",
          "time": "11:19:05",
          "terminate": "false"
        },
        {
          "speaker": "speaker2",
          "personaID": "04644",
          "participantID": "0059",
          "utterance": "아하! 저도 슬랩스틱 영화를 자주 보네요 ㅋㅋ.",
          "summary": "나는 슬랩스틱 영화를 자주 본다.",
          "date": "2022-09-01",
          "time": "11:19:05",
          "terminate": "true"
        }
      ],
      "sessionPersonaSummary": {
        "speaker1": [
          "나는 60세 이상 여자이다.",
          "나는 일본어에 관심 있지만 배울 시간이 없다.",
          "나는 번역가이다.",
          "나는 액션 영화를 좋아한다."
        ],
        "speaker2": [
          "나는 50대 남자이다.",
          "나는 슬랩스틱 영화를 자주 본다."
        ]
      },
      "prevAggregatedpersonaSummary": {
        "speaker1": [],
        "speaker2": []
      }
    },
    {
      "prevSessionID": "2-00352-1",
      "prevTimeInfo": {
        "timeNum": "2",
        "timeUnit": "일"
      },
      "nthSession": "2",
      "numberOfUtterances": "20",
      "numberOfTurns": "10",
      "sessionID": "2-00352-2",
      "dialog": [
        {
          "speaker": "speaker1",
          "personaID": "00891",
          "participantID": "0013",
          "utterance": "2일이 지났군요. 오늘은 어떻게 지내시나요?",
          "summary": "",
          "date": "2022-09-01",
          "time": "11:19:06",
          "terminate": "false"
        },
        {
          "speaker": "speaker2",
          "personaID": "04644",
          "participantID": "0059",
          "utterance": "저는 곧 친했던 친구랑 식사 약속이 있습니다.",
          "summary": "나는 식사 약속이 있다.",
          "date": "2022-09-01",
          "time": "11:19:20",
          "terminate": "false"
        },
        {
          "speaker": "speaker1",
          "personaID": "00891",
          "participantID": "0013",
          "utterance": "그런가요? 어떤 식사 약속이 있는지 궁금하네요~",
          "summary": "",
          "date": "2022-09-01",
          "time": "11:19:26",
          "terminate": "false"
        },
        {
          "speaker": "speaker2",
          "personaID": "04644",
          "participantID": "0059",
          "utterance": "제가 친구랑 뷔페 식당을 가기로 했거든요!",
          "summary": "",
          "date": "2022-09-01",
          "time": "11:19:38",
          "terminate": "false"
        },
        {
          "speaker": "speaker1",
          "personaID": "00891",
          "participantID": "0013",
          "utterance": "왜 뷔페 식당을 가기로 한 건가요? ㅠㅠ.",
          "summary": "",
          "date": "2022-09-01",
          "time": "11:19:58",
          "terminate": "false"
        },
        {
          "speaker": "speaker2",
          "personaID": "04644",
          "participantID": "0059",
          "utterance": "제 여자 형제가 학생인데, 축하해줄 일이 생겨서요.",
          "summary": "나의 여자 형제는 학생이다.",
          "date": "2022-09-01",
          "time": "11:20:05",
          "terminate": "false"
        },
        {
          "speaker": "speaker1",
          "personaID": "00891",
          "participantID": "0013",
          "utterance": "그렇군요. 어떤 축하해 줄 일이 생긴건가요?",
          "summary": "",
          "date": "2022-09-01",
          "time": "11:20:12",
          "terminate": "false"
        },
        {
          "speaker": "speaker2",
          "personaID": "04644",
          "participantID": "0059",
          "utterance": "이 애가 논문을 잘 써서 상을 탔다고 하네요!",
          "summary": "",
          "date": "2022-09-01",
          "time": "11:20:23",
          "terminate": "false"
        },
        {
          "speaker": "speaker1",
          "personaID": "00891",
          "participantID": "0013",
          "utterance": "오~ 그런가요? 축하드립니다! ㅎㅎ 어떤 논문으로요?",
          "summary": "",
          "date": "2022-09-01",
          "time": "11:20:30",
          "terminate": "false"
        },
        {
          "speaker": "speaker2",
          "personaID": "04644",
          "participantID": "0059",
          "utterance": "ㅋㅋ 과학 논문이요. 물리학과 교수겸 학생이라.",
          "summary": "",
          "date": "2022-09-01",
          "time": "11:20:43",
          "terminate": "false"
        },
        {
          "speaker": "speaker1",
          "personaID": "00891",
          "participantID": "0013",
          "utterance": "대단하네요. 그러면 뷔페에서 뭐 드실 건가요?",
          "summary": "",
          "date": "2022-09-01",
          "time": "11:20:55",
          "terminate": "false"
        },
        {
          "speaker": "speaker2",
          "personaID": "04644",
          "participantID": "0059",
          "utterance": "제가 좋아하는 음식이 많아서.. 고민이 되네요!",
          "summary": "",
          "date": "2022-09-01",
          "time": "11:21:05",
          "terminate": "false"
        },
        {
          "speaker": "speaker1",
          "personaID": "00891",
          "participantID": "0013",
          "utterance": "아하~ 그런가요? 그래도 대표적인건 어떤가요?",
          "summary": "",
          "date": "2022-09-01",
          "time": "11:21:11",
          "terminate": "false"
        },
        {
          "speaker": "speaker2",
          "personaID": "04644",
          "participantID": "0059",
          "utterance": "저는 깐풍기를 가장 좋아합니다 ㅋㅋ.",
          "summary": "나는 깐풍기를 좋아한다.",
          "date": "2022-09-01",
          "time": "11:21:12",
          "terminate": "false"
        },
        {
          "speaker": "speaker1",
          "personaID": "00891",
          "participantID": "0013",
          "utterance": "아하! 그런가요? 그러면 먹고 뭐하실 건가요?",
          "summary": "",
          "date": "2022-09-01",
          "time": "11:21:14",
          "terminate": "false"
        },
        {
          "speaker": "speaker2",
          "personaID": "04644",
          "participantID": "0059",
          "utterance": "뭐.. 제가 좋아하는 영화나 좀 보려구요!",
          "summary": "",
          "date": "2022-09-01",
          "time": "11:21:30",
          "terminate": "false"
        },
        {
          "speaker": "speaker1",
          "personaID": "00891",
          "participantID": "0013",
          "utterance": "그런가요? 어떤 영화를 좋아하시는데요?",
          "summary": "",
          "date": "2022-09-01",
          "time": "11:23:37",
          "terminate": "false"
        },
        {
          "speaker": "speaker2",
          "personaID": "04644",
          "participantID": "0059",
          "utterance": "저는 슬랩스틱 영화를 자주 보고 있죠 ㅎㅎ.",
          "summary": "나는 슬랩스틱 영화를 자주 본다.",
          "date": "2022-09-01",
          "time": "11:23:43",
          "terminate": "false"
        },
        {
          "speaker": "speaker1",
          "personaID": "00891",
          "participantID": "0013",
          "utterance": "아하! 그렇군요~ 저도 하나 추천해주세요!",
          "summary": "",
          "date": "2022-09-01",
          "time": "11:23:49",
          "terminate": "false"
        },
        {
          "speaker": "speaker2",
          "personaID": "04644",
          "participantID": "0059",
          "utterance": "ㅎㅎ 뭐 찰리 채플린 나오는 영화는 다 좋아요!",
          "summary": "",
          "date": "2022-09-01",
          "time": "11:23:58",
          "terminate": "true"
        }
      ],
      "sessionPersonaSummary": {
        "speaker1": [],
        "speaker2": [
          "나는 식사 약속이 있다.",
          "나의 여자 형제는 학생이다.",
          "나는 깐풍기를 좋아한다.",
          "나는 슬랩스틱 영화를 자주 본다."
        ]
      },
      "prevAggregatedpersonaSummary": {
        "speaker1": [
          "나는 60세 이상 여자이다.",
          "나는 일본어에 관심 있지만 배울 시간이 없다.",
          "나는 번역가이다.",
          "나는 액션 영화를 좋아한다."
        ],
        "speaker2": [
          "나는 50대 남자이다.",
          "나는 슬랩스틱 영화를 자주 본다."
        ]
      }
    }
  ]
}