{
  "FileInfo": {
    "filename": "K2-00476-CL20448-CP20827-18-11-S2.json",
    "sessionLevel": "2"
  },
  "participantsInfo": {
    "numberOfParticipants": "2",
    "speaker1": {
      "participantID": "24337",
      "gender": "남성",
      "age": "20대",
      "occupation": "학생",
      "bPlace": "광주/전라/제주",
      "gPlace": "광주/전라/제주",
      "rPlace": "광주/전라/제주",
      "educationLevel": "고졸"
    },
    "speaker2": {
      "participantID": "25967",
      "gender": "남성",
      "age": "20대",
      "occupation": "학생",
      "bPlace": "부산/대구/울산/경상",
      "gPlace": "부산/대구/울산/경상",
      "rPlace": "부산/대구/울산/경상",
      "educationLevel": "고졸"
    }
  },
  "multisessionInfo": {
    "multisessionID": "2-00476"
  },
  "personaInfo": {
    "clInfo": {
      "personaID": "20448",
      "personaFeatures": [
        "나는 남자이다.",
        "나는 20대이다.",
        "나는 가족과 애틋하지 않다.",
        "나는 기계항공 공학부 전공이다.",
        "나는 힙합 음악을 싫어한다."
      ],
      "speakerType": "speaker1"
    },
    "cpInfo": {
      "personaID": "20827",
      "personaFeatures": [
        "나는 남자이다.",
        "나는 20대이다.",
        "나는 토끼 두 마리를 키운다.",
        "나는 창업 동아리에 참여한다.",
        "나는 발라드 음악을 가끔 듣는다."
      ],
      "speakerType": "speaker2"
    }
  },
  "topicInfo": {
    "topicID": "18-11",
    "topicType": "상거래 전반",
    "topicTitle": "시장"
  },
  "sessionInfo": [
    {
      "prevSessionID": null,
      "prevTimeInfo": {
        "timeNum": null,
        "timeUnit": null
      },
      "nthSession": "1",
      "numberOfUtterances": "14",
      "numberOfTurns": "7",
      "sessionID": "2-00476-1",
      "dialog": [
        {
          "speaker": "speaker1",
          "personaID": "20448",
          "participantID": "24337",
          "utterance": "안녕하세요. 저는 20대 남자입니다. 소개부탁드립니다.",
          "summary": "나는 20대 남자이다.",
          "date": "2022-09-10",
          "time": "16:27:08",
          "terminate": "false"
        },
        {
          "speaker": "speaker2",
          "personaID": "20827",
          "participantID": "25967",
          "utterance": "만나서 반갑습니다. 저도 20대 남자입니다~",
          "summary": "나는 20대 남자이다.",
          "date": "2022-09-10",
          "time": "16:28:05",
          "terminate": "false"
        },
        {
          "speaker": "speaker1",
          "personaID": "20448",
          "participantID": "24337",
          "utterance": "반갑습니다. 저는 대학생인데, 직장다니시나요?",
          "summary": "나는 대학생이다.",
          "date": "2022-09-10",
          "time": "16:28:12",
          "terminate": "false"
        },
        {
          "speaker": "speaker2",
          "personaID": "20827",
          "participantID": "25967",
          "utterance": "아뇨. 저도 대학생이에요! 직장 안 다녀요.",
          "summary": "나는 직장에 안 다닌다.",
          "date": "2022-09-10",
          "time": "16:28:34",
          "terminate": "false"
        },
        {
          "speaker": "speaker1",
          "personaID": "20448",
          "participantID": "24337",
          "utterance": "오. 그렇군요. 저는 기계항공공학부 전공이에요. 전공이 어떻게 되시나요?",
          "summary": "나는 기계항공 공학부 전공이다.",
          "date": "2022-09-10",
          "time": "16:28:36",
          "terminate": "false"
        },
        {
          "speaker": "speaker2",
          "personaID": "20827",
          "participantID": "25967",
          "utterance": "저는 건축도시시스템공학 전공이에요.",
          "summary": "나는 건축도시 시스템공학 전공이다.",
          "date": "2022-09-10",
          "time": "16:28:46",
          "terminate": "false"
        },
        {
          "speaker": "speaker1",
          "personaID": "20448",
          "participantID": "24337",
          "utterance": "오. 같은 이과계열이라니 더 반가워요. 동아리 활동은 하시나요?",
          "summary": "",
          "date": "2022-09-10",
          "time": "16:28:56",
          "terminate": "false"
        },
        {
          "speaker": "speaker2",
          "personaID": "20827",
          "participantID": "25967",
          "utterance": "그러게요. 반가워요~ 저는 창업 동아리에 참여하는 중이에요.",
          "summary": "나는 창업 동아리에 참여한다.",
          "date": "2022-09-10",
          "time": "16:29:09",
          "terminate": "false"
        },
        {
          "speaker": "speaker1",
          "personaID": "20448",
          "participantID": "24337",
          "utterance": "저는 동아리활동은 따로 하지 않아요. 관심있는게 없어요.",
          "summary": "나는 동아리 활동은 하지 않는다.",
          "date": "2022-09-10",
          "time": "16:29:21",
          "terminate": "false"
        },
        {
          "speaker": "speaker2",
          "personaID": "20827",
          "participantID": "25967",
          "utterance": "그래도 좋을 것 같아요. 관심있는걸 하는게 동아리니까요~",
          "summary": "",
          "date": "2022-09-10",
          "time": "16:29:26",
          "terminate": "false"
        },
        {
          "speaker": "speaker1",
          "personaID": "20448",
          "participantID": "24337",
          "utterance": "그렇죠? 음악듣는거 좋아하시나요? 저는 음악을 자주 들어요.",
          "summary": "나는 음악을 자주 듣는다.",
          "date": "2022-09-10",
          "time": "16:29:39",
          "terminate": "false"
        },
        {
          "speaker": "speaker2",
          "personaID": "20827",
          "participantID": "25967",
          "utterance": "보통이에요. 저는 발라드 음악을 가끔 들어요.",
          "summary": "나는 발라드 음악을 가끔 듣는다.",
          "date": "2022-09-10",
          "time": "16:29:44",
          "terminate": "false"
        },
        {
          "speaker": "speaker1",
          "personaID": "20448",
          "participantID": "24337",
          "utterance": "ㅎㅎ발라드 좋아하시는군요. 저는 힙합 음악을 싫어해서 힙합 음악 빼고 다 들어요.",
          "summary": "나는 힙합 음악을 싫어한다.",
          "date": "2022-09-10",
          "time": "16:29:58",
          "terminate": "false"
        },
        {
          "speaker": "speaker2",
          "personaID": "20827",
          "participantID": "25967",
          "utterance": "그러시구나. 저도 힙합 음악은 잘 안듣는 편인 것 같아요.",
          "summary": "",
          "date": "2022-09-10",
          "time": "16:30:01",
          "terminate": "true"
        }
      ],
      "sessionPersonaSummary": {
        "speaker1": [
          "나는 20대 남자이다.",
          "나는 대학생이다.",
          "나는 기계항공 공학부 전공이다.",
          "나는 동아리 활동은 하지 않는다.",
          "나는 음악을 자주 듣는다.",
          "나는 힙합 음악을 싫어한다."
        ],
        "speaker2": [
          "나는 20대 남자이다.",
          "나는 직장에 안 다닌다.",
          "나는 건축도시 시스템공학 전공이다.",
          "나는 창업 동아리에 참여한다.",
          "나는 발라드 음악을 가끔 듣는다."
        ]
      },
      "prevAggregatedpersonaSummary": {
        "speaker1": [],
        "speaker2": []
      }
    },
    {
      "prevSessionID": "2-00476-1",
      "prevTimeInfo": {
        "timeNum": "3",
        "timeUnit": "시간"
      },
      "nthSession": "2",
      "numberOfUtterances": "14",
      "numberOfTurns": "7",
      "sessionID": "2-00476-2",
      "dialog": [
        {
          "speaker": "speaker1",
          "personaID": "20448",
          "participantID": "24337",
          "utterance": "잠깐 시장 다녀오느라고 3시간이나 지난줄 몰랐네요.",
          "summary": "",
          "date": "2022-09-10",
          "time": "16:32:13",
          "terminate": "false"
        },
        {
          "speaker": "speaker2",
          "personaID": "20827",
          "participantID": "25967",
          "utterance": "장을 직접 보시나봐요~ 자취하시나요?",
          "summary": "",
          "date": "2022-09-10",
          "time": "16:32:15",
          "terminate": "false"
        },
        {
          "speaker": "speaker1",
          "personaID": "20448",
          "participantID": "24337",
          "utterance": "네. 자취를 하고있어요. 인터넷보다는 시장에 직접가서 사는걸 좋아해요.",
          "summary": "나는 자취를 한다.",
          "date": "2022-09-10",
          "time": "16:32:26",
          "terminate": "false"
        },
        {
          "speaker": "speaker2",
          "personaID": "20827",
          "participantID": "25967",
          "utterance": "저도 직접 장 보는게 좋은 것 같아요! 특히 식재료요.",
          "summary": "",
          "date": "2022-09-10",
          "time": "16:32:38",
          "terminate": "false"
        },
        {
          "speaker": "speaker1",
          "personaID": "20448",
          "participantID": "24337",
          "utterance": "맞아요. 식재료를 직접보고 사는걸 좋아해요.",
          "summary": "나는 식재료를 직접 보고 사는 걸 좋아한다.",
          "date": "2022-09-10",
          "time": "16:33:00",
          "terminate": "false"
        },
        {
          "speaker": "speaker2",
          "personaID": "20827",
          "participantID": "25967",
          "utterance": "저는 토끼 두 마리를 키워서 신선한 야채를 사는게 정말 중요해요.",
          "summary": "나는 토끼 두 마리를 키운다.",
          "date": "2022-09-10",
          "time": "16:33:10",
          "terminate": "false"
        },
        {
          "speaker": "speaker1",
          "personaID": "20448",
          "participantID": "24337",
          "utterance": "오. 반려동물이 있으시군요. 저도 반려동물이 있으면 좋겠네요.",
          "summary": "",
          "date": "2022-09-10",
          "time": "16:33:15",
          "terminate": "false"
        },
        {
          "speaker": "speaker2",
          "personaID": "20827",
          "participantID": "25967",
          "utterance": "혼자 살면 아무래도 외로우실 것 같아요. 가족들도 많이 보고싶으시겠어요.",
          "summary": "",
          "date": "2022-09-10",
          "time": "16:33:41",
          "terminate": "false"
        },
        {
          "speaker": "speaker1",
          "personaID": "20448",
          "participantID": "24337",
          "utterance": "저는 가족과 애틋하지 않아서 딱히 외롭지는 않아요.",
          "summary": "나는 가족과 애틋하지 않다.",
          "date": "2022-09-10",
          "time": "16:33:48",
          "terminate": "false"
        },
        {
          "speaker": "speaker2",
          "personaID": "20827",
          "participantID": "25967",
          "utterance": "그러시군요~ 반려동물 키우는 거 한 번 고려해보세요~",
          "summary": "",
          "date": "2022-09-10",
          "time": "16:34:08",
          "terminate": "false"
        },
        {
          "speaker": "speaker1",
          "personaID": "20448",
          "participantID": "24337",
          "utterance": "그래야겠네요. 오늘 시장에 가보니 반려동물 옷들도 많이 팔더라구요.",
          "summary": "",
          "date": "2022-09-10",
          "time": "16:34:27",
          "terminate": "false"
        },
        {
          "speaker": "speaker2",
          "personaID": "20827",
          "participantID": "25967",
          "utterance": "맞아요. 시장엔 다양한 게 정말 많아서 참 좋아요.",
          "summary": "",
          "date": "2022-09-10",
          "time": "16:34:43",
          "terminate": "false"
        },
        {
          "speaker": "speaker1",
          "personaID": "20448",
          "participantID": "24337",
          "utterance": "그러게요. 이만 장본걸 정리하러 다녀와야겠어요!",
          "summary": "",
          "date": "2022-09-10",
          "time": "16:34:50",
          "terminate": "false"
        },
        {
          "speaker": "speaker2",
          "personaID": "20827",
          "participantID": "25967",
          "utterance": "네. 재료 소분하는게 중요하죠. 다녀오세요~",
          "summary": "",
          "date": "2022-09-10",
          "time": "16:34:56",
          "terminate": "true"
        }
      ],
      "sessionPersonaSummary": {
        "speaker1": [
          "나는 자취를 한다.",
          "나는 식재료를 직접 보고 사는 걸 좋아한다.",
          "나는 가족과 애틋하지 않다."
        ],
        "speaker2": [
          "나는 토끼 두 마리를 키운다."
        ]
      },
      "prevAggregatedpersonaSummary": {
        "speaker1": [
          "나는 20대 남자이다.",
          "나는 대학생이다.",
          "나는 기계항공 공학부 전공이다.",
          "나는 동아리 활동은 하지 않는다.",
          "나는 음악을 자주 듣는다.",
          "나는 힙합 음악을 싫어한다."
        ],
        "speaker2": [
          "나는 20대 남자이다.",
          "나는 직장에 안 다닌다.",
          "나는 건축도시 시스템공학 전공이다.",
          "나는 창업 동아리에 참여한다.",
          "나는 발라드 음악을 가끔 듣는다."
        ]
      }
    }
  ]
}