{
  "FileInfo": {
    "filename": "K2-00258-CL43675-CP26337-10-06-S2.json",
    "sessionLevel": "2"
  },
  "participantsInfo": {
    "numberOfParticipants": "2",
    "speaker1": {
      "participantID": "4217",
      "gender": "여성",
      "age": "40대",
      "occupation": "자영업",
      "bPlace": "서울/경기/인천",
      "gPlace": "서울/경기/인천",
      "rPlace": "서울/경기/인천",
      "educationLevel": "대졸"
    },
    "speaker2": {
      "participantID": "3678",
      "gender": "여성",
      "age": "30대",
      "occupation": "사무직",
      "bPlace": "서울/경기/인천",
      "gPlace": "서울/경기/인천",
      "rPlace": "서울/경기/인천",
      "educationLevel": "대졸"
    }
  },
  "multisessionInfo": {
    "multisessionID": "2-00258"
  },
  "personaInfo": {
    "clInfo": {
      "personaID": "43675",
      "personaFeatures": [
        "나는 여자이다.",
        "나는 40대이다.",
        "나는 매일 버스로 출퇴근한다",
        "나는 가족과 주로 메신저로 이야기를 한다",
        "나는 TV 드라마를 자주 본다",
        "나는 농구를 가끔 한다",
        "나는 와인을 좋아한다"
      ],
      "speakerType": "speaker1"
    },
    "cpInfo": {
      "personaID": "26337",
      "personaFeatures": [
        "나는 여자이다.",
        "나는 20대이다.",
        "나는 대학생이다",
        "나는 워드프로세서 자격증을 취득했다",
        "나의 어머니는 물리치료사이다",
        "나의 거주지는 서울이다",
        "나는 요즘, 매일 눈물이 난다"
      ],
      "speakerType": "speaker2"
    }
  },
  "topicInfo": {
    "topicID": "10-06",
    "topicType": "여가와 오락>스포츠/레져",
    "topicTitle": "월드컵"
  },
  "sessionInfo": [
    {
      "prevSessionID": null,
      "prevTimeInfo": {
        "timeNum": null,
        "timeUnit": null
      },
      "nthSession": "1",
      "numberOfUtterances": "14",
      "numberOfTurns": "7",
      "sessionID": "2-00258-1",
      "dialog": [
        {
          "speaker": "speaker1",
          "personaID": "43675",
          "participantID": "4217",
          "utterance": "안녕하세요. 저는 40대 여성입니다.",
          "summary": "나는 40대 여성이다",
          "date": "2022-12-01",
          "time": "20:44:22",
          "terminate": "false"
        },
        {
          "speaker": "speaker2",
          "personaID": "26337",
          "participantID": "3678",
          "utterance": "안녕하세요 20대 여성입니다 반가워요",
          "summary": "나는 20대 여성이다.",
          "date": "2022-12-01",
          "time": "20:45:42",
          "terminate": "false"
        },
        {
          "speaker": "speaker1",
          "personaID": "43675",
          "participantID": "4217",
          "utterance": "반갑습니다. 저는 TV드라마를 자주 보고 농구를 가끔하는데 취미가 어떻게 되세요?",
          "summary": "나는 tv 드라마를 자주 보고 농구를 가끔 한다",
          "date": "2022-12-01",
          "time": "20:46:38",
          "terminate": "false"
        },
        {
          "speaker": "speaker2",
          "personaID": "26337",
          "participantID": "3678",
          "utterance": "저는 그냥 아직 대학생이라 취미는 자격증 따기입니다. 최근에 워드프로세서 자격증을 취득했어요",
          "summary": "나는 대학생이라 자격증을 따고 있다. 나는 워드프로세서 자격증을 최근 취득했다.",
          "date": "2022-12-01",
          "time": "20:49:39",
          "terminate": "false"
        },
        {
          "speaker": "speaker1",
          "personaID": "43675",
          "participantID": "4217",
          "utterance": "이것저것 스팩 쌓으시려면 힘드시겠어요. 저는 매일 버스로 출퇴근 하는데 요즘 추워서 정말 자차를 이용하고 싶어요.",
          "summary": "나는 매일 버스로 출퇴근하는데 자차를 이용하고 싶다",
          "date": "2022-12-01",
          "time": "20:51:40",
          "terminate": "false"
        },
        {
          "speaker": "speaker2",
          "personaID": "26337",
          "participantID": "3678",
          "utterance": "춥죠ㅠㅠ 저도 서울거주하는데 북쪽이라 너무 춥네여! ",
          "summary": "나는 서울에 산다.",
          "date": "2022-12-01",
          "time": "21:02:13",
          "terminate": "false"
        },
        {
          "speaker": "speaker1",
          "personaID": "43675",
          "participantID": "4217",
          "utterance": "저는 직업때문에 저 혼자  가족들과 떨어져서 서울 올라왔습니다. 그래서 가족들과 주로 메신저로 이야기를 나누네요.",
          "summary": "나는 직업 때문에 가족들과 떨어져 서울에 올라왔고 가족들과 메신저로 이야기를 나눈다",
          "date": "2022-12-01",
          "time": "21:04:23",
          "terminate": "false"
        },
        {
          "speaker": "speaker2",
          "personaID": "26337",
          "participantID": "3678",
          "utterance": "엇 저도 그래여 그래서 요즘 매일 눈물나요 외로워서요...",
          "summary": "나는 요즘 외로워서 매일 눈물이 난다.",
          "date": "2022-12-01",
          "time": "21:05:29",
          "terminate": "false"
        },
        {
          "speaker": "speaker1",
          "personaID": "43675",
          "participantID": "4217",
          "utterance": "그럼 혼자 사시나요? 저는 혼자 지내는데 외로워서 인지 좋아하는 와인을 즐겨 마십니다.",
          "summary": "나는 외로워서 와인을 즐겨마신다",
          "date": "2022-12-01",
          "time": "21:06:40",
          "terminate": "false"
        },
        {
          "speaker": "speaker2",
          "personaID": "26337",
          "participantID": "3678",
          "utterance": "네 어머니는 타지에서 물리치료사로 일하시고 저 혼자 살아요",
          "summary": "나는 혼자 살고 어머니는 타지에서 물리치료사로 일한다.",
          "date": "2022-12-01",
          "time": "21:07:16",
          "terminate": "false"
        },
        {
          "speaker": "speaker1",
          "personaID": "43675",
          "participantID": "4217",
          "utterance": "혼자 사시니 힘들지는 않으신지요? 저야 뭐 가정에서 집안일을 했었지만 10대때까지 어머님이  집안일을 다하셨을텐데 집안일이 많죠?",
          "summary": "",
          "date": "2022-12-01",
          "time": "21:10:08",
          "terminate": "false"
        },
        {
          "speaker": "speaker2",
          "personaID": "26337",
          "participantID": "3678",
          "utterance": "네 빨래가 너무 귀찮아요 정말 ㅠㅠ",
          "summary": "나는 빨래가 귀찮다.",
          "date": "2022-12-01",
          "time": "21:21:38",
          "terminate": "false"
        },
        {
          "speaker": "speaker1",
          "personaID": "43675",
          "participantID": "4217",
          "utterance": "저는 요즘 화장실청소가 너무 싫더라구요. 화장실청소는 남편 담당이였는데 말이죠.",
          "summary": "나는 요즘 화장실 청소가 너무 싫다",
          "date": "2022-12-01",
          "time": "21:23:01",
          "terminate": "false"
        },
        {
          "speaker": "speaker2",
          "personaID": "26337",
          "participantID": "3678",
          "utterance": "휴 남편이 화장실 청소 안하시나요 ? 저 잠깐 일이잇어서 다음에 다시 대화해요",
          "summary": "",
          "date": "2022-12-01",
          "time": "21:31:44",
          "terminate": "true"
        }
      ],
      "sessionPersonaSummary": {
        "speaker1": [
          "나는 40대 여성이다",
          "나는 tv 드라마를 자주 보고 농구를 가끔 한다",
          "나는 매일 버스로 출퇴근하는데 자차를 이용하고 싶다",
          "나는 직업 때문에 가족들과 떨어져 서울에 올라왔고 가족들과 메신저로 이야기를 나눈다",
          "나는 외로워서 와인을 즐겨마신다",
          "나는 요즘 화장실 청소가 너무 싫다"
        ],
        "speaker2": [
          "나는 20대 여성이다.",
          "나는 대학생이라 자격증을 따고 있다. 나는 워드프로세서 자격증을 최근 취득했다.",
          "나는 서울에 산다.",
          "나는 요즘 외로워서 매일 눈물이 난다.",
          "나는 혼자 살고 어머니는 타지에서 물리치료사로 일한다.",
          "나는 빨래가 귀찮다."
        ]
      },
      "prevAggregatedpersonaSummary": {
        "speaker1": [],
        "speaker2": []
      }
    },
    {
      "prevSessionID": "2-00258-1",
      "prevTimeInfo": {
        "timeNum": "8",
        "timeUnit": "일"
      },
      "nthSession": "2",
      "numberOfUtterances": "14",
      "numberOfTurns": "7",
      "sessionID": "2-00258-2",
      "dialog": [
        {
          "speaker": "speaker1",
          "personaID": "43675",
          "participantID": "4217",
          "utterance": "8일만에 뵙네요. 요즘 월드컵 보시나요?",
          "summary": "",
          "date": "2022-12-01",
          "time": "21:34:53",
          "terminate": "false"
        },
        {
          "speaker": "speaker2",
          "personaID": "26337",
          "participantID": "3678",
          "utterance": "네 가나전 너무 아쉬웠어요ㅠ 정말... 아직도 아쉽네요",
          "summary": "나는 가나전 너무 아쉬웠다.",
          "date": "2022-12-01",
          "time": "21:35:10",
          "terminate": "false"
        },
        {
          "speaker": "speaker1",
          "personaID": "43675",
          "participantID": "4217",
          "utterance": "정말 2골까진 너무 좋았는데요. 저는 막 눈물이 났었거든요. 이제 하면 된다 이생각에.....",
          "summary": "나는 월드컵 가나전 보다가 눈물이 났다",
          "date": "2022-12-01",
          "time": "21:37:20",
          "terminate": "false"
        },
        {
          "speaker": "speaker2",
          "personaID": "26337",
          "participantID": "3678",
          "utterance": "맞아요 내일 포루투갈전... 이길수있을까요?ㅠ",
          "summary": "",
          "date": "2022-12-01",
          "time": "21:38:02",
          "terminate": "false"
        },
        {
          "speaker": "speaker1",
          "personaID": "43675",
          "participantID": "4217",
          "utterance": "정말 간절히 바라는데 이길 수 있다고 말하고 싶은데 힘들겠죠?",
          "summary": "나는 정말 이길 수 있다고 간절히 바란다",
          "date": "2022-12-01",
          "time": "21:39:31",
          "terminate": "false"
        },
        {
          "speaker": "speaker2",
          "personaID": "26337",
          "participantID": "3678",
          "utterance": "@이름@가 두골 정도 넣어주면 좋겠어요 정말",
          "summary": "나는 @이름@이 두골 넣어주길 바란다.",
          "date": "2022-12-01",
          "time": "21:40:12",
          "terminate": "false"
        },
        {
          "speaker": "speaker1",
          "personaID": "43675",
          "participantID": "4217",
          "utterance": "진짜 열심히 뛰고 있는데 이상한 댓글 다는 사람들 너무 한  것 같아요. ",
          "summary": "나는 월드컵 경기 중 이상한 댓글 다는 사람들 너무 한 것 같다",
          "date": "2022-12-01",
          "time": "21:44:55",
          "terminate": "false"
        },
        {
          "speaker": "speaker2",
          "personaID": "26337",
          "participantID": "3678",
          "utterance": "맞아요. 그리고 어떻게 매번 잘하나요? 전 그냥 뛰는것 자체가 존경스러워여!모든 선수들이요",
          "summary": "나는 모든 선수들이 뛰는 것 자체가 존경스럽다.",
          "date": "2022-12-01",
          "time": "21:45:59",
          "terminate": "false"
        },
        {
          "speaker": "speaker1",
          "personaID": "43675",
          "participantID": "4217",
          "utterance": "그러니까요. 근데 솔직히 경기내용은 너무 좋잖아요. 이번 경기처럼 우와 하고  본 적이 드문 것 같거든요.",
          "summary": "나는 솔직히 이번처럼 경기를 우아하고 본적이 드물다",
          "date": "2022-12-01",
          "time": "21:47:39",
          "terminate": "false"
        },
        {
          "speaker": "speaker2",
          "personaID": "26337",
          "participantID": "3678",
          "utterance": "맞아요 이번에 잘한다고 느끼긴했아요 저도!@이름1@감독도 멋지던데요",
          "summary": "나는 이번에 경기를 잘한다고 느꼈다. 나는!@이름1@감독도 멋있다.",
          "date": "2022-12-01",
          "time": "21:48:23",
          "terminate": "false"
        },
        {
          "speaker": "speaker1",
          "personaID": "43675",
          "participantID": "4217",
          "utterance": "어느 기사에서 !@이름1@감독 4년 더 맡기자라는 댓글을 봤을땐 정말 투표해주고 싶었어요. 선수들이 엄청 믿고 있다던데 진짜 막 믿음이 생기더라구요.",
          "summary": "나는!@이름1@감독에게 4년 더 맡기자는 기사에 투표하고 싶다",
          "date": "2022-12-01",
          "time": "21:49:27",
          "terminate": "false"
        },
        {
          "speaker": "speaker2",
          "personaID": "26337",
          "participantID": "3678",
          "utterance": "아 정말요? 저도 뭔가 이미지가 좋다고 느끼긴 했어요. 내일 경기 12시던데 안자고 버틸수 있을지ㅠㅠ",
          "summary": "나는 벤투 감독 이미지가 좋다고 느꼈다.",
          "date": "2022-12-01",
          "time": "21:49:59",
          "terminate": "false"
        },
        {
          "speaker": "speaker1",
          "personaID": "43675",
          "participantID": "4217",
          "utterance": "저는 버티렵니다. 꼭 보렵니다. 그럼 내일 화이팅이요!!!!!!",
          "summary": "나는 내일 늦게까지 안 자고 버텨서 경기를 볼 것이다",
          "date": "2022-12-01",
          "time": "21:51:22",
          "terminate": "false"
        },
        {
          "speaker": "speaker2",
          "personaID": "26337",
          "participantID": "3678",
          "utterance": "네 화이팅요 대~한민국!! 16강 가즈아~~~!!! ",
          "summary": "",
          "date": "2022-12-01",
          "time": "21:52:24",
          "terminate": "true"
        }
      ],
      "sessionPersonaSummary": {
        "speaker1": [
          "나는 월드컵 가나전 보다가 눈물이 났다",
          "나는 정말 이길 수 있다고 간절히 바란다",
          "나는 월드컵 경기 중 이상한 댓글 다는 사람들 너무 한 것 같다",
          "나는 솔직히 이번처럼 경기를 우아하고 본적이 드물다",
          "나는!@이름1@감독에게 4년 더 맡기자는 기사에 투표하고 싶다",
          "나는 내일 늦게까지 안 자고 버텨서 경기를 볼 것이다"
        ],
        "speaker2": [
          "나는 가나전 너무 아쉬웠다.",
          "나는 @이름@이 두골 넣어주길 바란다.",
          "나는 모든 선수들이 뛰는 것 자체가 존경스럽다.",
          "나는 이번에 경기를 잘한다고 느꼈다. 나는!@이름1@감독도 멋있다.",
          "나는 벤투 감독 이미지가 좋다고 느꼈다."
        ]
      },
      "prevAggregatedpersonaSummary": {
        "speaker1": [
          "나는 40대 여성이다",
          "나는 tv 드라마를 자주 보고 농구를 가끔 한다",
          "나는 매일 버스로 출퇴근하는데 자차를 이용하고 싶다",
          "나는 직업 때문에 가족들과 떨어져 서울에 올라왔고 가족들과 메신저로 이야기를 나눈다",
          "나는 외로워서 와인을 즐겨마신다",
          "나는 요즘 화장실 청소가 너무 싫다"
        ],
        "speaker2": [
          "나는 20대 여성이다.",
          "나는 대학생이라 자격증을 따고 있다. 나는 워드프로세서 자격증을 최근 취득했다.",
          "나는 서울에 산다.",
          "나는 요즘 외로워서 매일 눈물이 난다.",
          "나는 혼자 살고 어머니는 타지에서 물리치료사로 일한다.",
          "나는 빨래가 귀찮다."
        ]
      }
    }
  ]
}