{
  "FileInfo": {
    "filename": "K2-00313-CL31743-CP32203-01-06-S2.json",
    "sessionLevel": "2"
  },
  "participantsInfo": {
    "numberOfParticipants": "2",
    "speaker1": {
      "participantID": "0273",
      "gender": "여성",
      "age": "30대",
      "occupation": "주부",
      "bPlace": "서울/경기/인천",
      "gPlace": "서울/경기/인천",
      "rPlace": "서울/경기/인천",
      "educationLevel": "대졸"
    },
    "speaker2": {
      "participantID": "0522",
      "gender": "여성",
      "age": "30대",
      "occupation": "자영업",
      "bPlace": "서울/경기/인천",
      "gPlace": "서울/경기/인천",
      "rPlace": "서울/경기/인천",
      "educationLevel": "대졸"
    }
  },
  "multisessionInfo": {
    "multisessionID": "2-00313"
  },
  "personaInfo": {
    "clInfo": {
      "personaID": "31743",
      "personaFeatures": [
        "나는 여자이다.",
        "나는 30대이다.",
        "나는 10년 후 현재 직장에서 오래 일하는 것이 목표이다.",
        "나는 매일 상처를 받는다.",
        "나는 쌀국수를 좋아한다."
      ],
      "speakerType": "speaker1"
    },
    "cpInfo": {
      "personaID": "32203",
      "personaFeatures": [
        "나는 여자이다.",
        "나는 30대이다.",
        "나는 귀금속 디자이너이다.",
        "나는 지인의 부고 소식에 비통하다.",
        "나는 범죄 영화를 자주 본다."
      ],
      "speakerType": "speaker2"
    }
  },
  "topicInfo": {
    "topicID": "01-06",
    "topicType": "식음료",
    "topicTitle": "배달"
  },
  "sessionInfo": [
    {
      "prevSessionID": null,
      "prevTimeInfo": {
        "timeNum": null,
        "timeUnit": null
      },
      "nthSession": "1",
      "numberOfUtterances": "16",
      "numberOfTurns": "8",
      "sessionID": "2-00313-1",
      "dialog": [
        {
          "speaker": "speaker1",
          "personaID": "31743",
          "participantID": "0273",
          "utterance": "반갑습니다! 평범한 30대 직장여성입니다!",
          "summary": "나는 30대 여성이다. 나는 직장인이다.",
          "date": "2022-09-21",
          "time": "17:03:53",
          "terminate": "false"
        },
        {
          "speaker": "speaker2",
          "personaID": "32203",
          "participantID": "0522",
          "utterance": "즐거운 대화 나눠요~ 저는 귀금속 디자이너로 일하고있는 30대 여성입니다.",
          "summary": "나는 귀금속 디자이너다. 나는 30대 여자다.",
          "date": "2022-09-21",
          "time": "17:07:47",
          "terminate": "false"
        },
        {
          "speaker": "speaker1",
          "personaID": "31743",
          "participantID": "0273",
          "utterance": "와우! 되게 반짝반짝한 직업이네요! 오래 일하셨어요?",
          "summary": "",
          "date": "2022-09-21",
          "time": "17:08:40",
          "terminate": "false"
        },
        {
          "speaker": "speaker2",
          "personaID": "32203",
          "participantID": "0522",
          "utterance": "이제 4년차 접어들고 있어요. ㅎㅎ 님은 무슨 일 하시나요?",
          "summary": "나는 4년째 일을 하고 있다.",
          "date": "2022-09-21",
          "time": "17:15:00",
          "terminate": "false"
        },
        {
          "speaker": "speaker1",
          "personaID": "31743",
          "participantID": "0273",
          "utterance": "오래 되셨구나! 저는 건설회사에서 일반 사무봐요. 이제 2년차인데 10년후에도 여기서 일하고 있는게 제 조그마한 목표랍니다!",
          "summary": "나는 건설회사에서 일한다. 나는 10년 후에도 지금 직장에서 일하는 것이 목표다.",
          "date": "2022-09-21",
          "time": "17:15:49",
          "terminate": "false"
        },
        {
          "speaker": "speaker2",
          "personaID": "32203",
          "participantID": "0522",
          "utterance": "우와 계속 다니고 싶을만큼 좋은 회사인가봐요. 저는 제 사업이 아니다 보니 때려치고 싶을때가 많은데 ㅋㅋㅋ.",
          "summary": "나는 직원으로 일한다.",
          "date": "2022-09-21",
          "time": "17:17:05",
          "terminate": "false"
        },
        {
          "speaker": "speaker1",
          "personaID": "31743",
          "participantID": "0273",
          "utterance": "직장인들은 다 그 마음일것 같아요! 전 회사는 좋아요! 바로 위 사수 때문에 매일 상처를 받긴 하지만 좀 더 시간이 지나면 익숙해지겠죠!",
          "summary": "나는 사수 때문에 매일 상처를 받는다.",
          "date": "2022-09-21",
          "time": "17:17:48",
          "terminate": "false"
        },
        {
          "speaker": "speaker2",
          "personaID": "32203",
          "participantID": "0522",
          "utterance": "맘 안맞으면 진짜 힘든데! 매일 상처받는데도 2년이나 다니신거면 정말 대단하시네요!",
          "summary": "",
          "date": "2022-09-21",
          "time": "17:20:02",
          "terminate": "false"
        },
        {
          "speaker": "speaker1",
          "personaID": "31743",
          "participantID": "0273",
          "utterance": "생활은 해야 하니까요! 노처녀 히스테린지 뭔지 정말 미칠것 같아요 ㅋㅋㅋㅋㅋ.",
          "summary": "나의 사수는 히스테릭하다.",
          "date": "2022-09-21",
          "time": "17:20:33",
          "terminate": "false"
        },
        {
          "speaker": "speaker2",
          "personaID": "32203",
          "participantID": "0522",
          "utterance": "헉.. 쪼꼼 찔린다. ㅋㅋㅋ 님은 결혼 하셨나요?",
          "summary": "나는 노처녀다.",
          "date": "2022-09-21",
          "time": "17:21:33",
          "terminate": "false"
        },
        {
          "speaker": "speaker1",
          "personaID": "31743",
          "participantID": "0273",
          "utterance": "아니요! 저는 비혼주의자예요! ㅎㅎ 스트레스는 뭘로 푸세요?",
          "summary": "나는 비혼 주의자다.",
          "date": "2022-09-21",
          "time": "17:22:41",
          "terminate": "false"
        },
        {
          "speaker": "speaker2",
          "personaID": "32203",
          "participantID": "0522",
          "utterance": "저는 술 마셔요. 요즘엔 하이볼 자주 마시고 있어요. 저희 회사 어린친구가 알려줬는데 아주 제 취향이더라구요.",
          "summary": "나는 하이볼을 자주 마신다.",
          "date": "2022-09-21",
          "time": "17:26:14",
          "terminate": "false"
        },
        {
          "speaker": "speaker1",
          "personaID": "31743",
          "participantID": "0273",
          "utterance": "요즘 하이볼 유행하던데 저도 도전해봐야겠네요! 저는 맥주파라서 4캔에 만원짜리 사놓고 먹거든요 ㅎㅎ.",
          "summary": "나는 맥주 파다.",
          "date": "2022-09-21",
          "time": "17:27:36",
          "terminate": "false"
        },
        {
          "speaker": "speaker2",
          "personaID": "32203",
          "participantID": "0522",
          "utterance": "얘기중에 죄송한데 저 급히 나가봐야 할것 같아요. 저희 고등학교 은사님이 돌아가셨다고 연락이 와서요ㅠ 이렇게 갑자기 돌아가시다니 너무 비통하네요. ㅠ.",
          "summary": "나는 고등학교 은사님의 부고 소식에 비통하다.",
          "date": "2022-09-21",
          "time": "17:29:52",
          "terminate": "false"
        },
        {
          "speaker": "speaker1",
          "personaID": "31743",
          "participantID": "0273",
          "utterance": "아 어떡해요ㅠㅠ 저는 신경쓰지 않아도 되니 조심히 다녀오세요. 정신 없으실텐데 상황 말해줘서 고마워요.",
          "summary": "",
          "date": "2022-09-21",
          "time": "17:31:02",
          "terminate": "false"
        },
        {
          "speaker": "speaker2",
          "personaID": "32203",
          "participantID": "0522",
          "utterance": "이해해줘서 고마워요. 담에 또 얘기해요.",
          "summary": "",
          "date": "2022-09-21",
          "time": "17:31:31",
          "terminate": "true"
        }
      ],
      "sessionPersonaSummary": {
        "speaker1": [
          "나는 30대 여성이다. 나는 직장인이다.",
          "나는 건설회사에서 일한다. 나는 10년 후에도 지금 직장에서 일하는 것이 목표다.",
          "나는 사수 때문에 매일 상처를 받는다.",
          "나의 사수는 히스테릭하다.",
          "나는 비혼 주의자다.",
          "나는 맥주 파다."
        ],
        "speaker2": [
          "나는 귀금속 디자이너다. 나는 30대 여자다.",
          "나는 4년째 일을 하고 있다.",
          "나는 직원으로 일한다.",
          "나는 노처녀다.",
          "나는 하이볼을 자주 마신다.",
          "나는 고등학교 은사님의 부고 소식에 비통하다."
        ]
      },
      "prevAggregatedpersonaSummary": {
        "speaker1": [],
        "speaker2": []
      }
    },
    {
      "prevSessionID": "2-00313-1",
      "prevTimeInfo": {
        "timeNum": "5",
        "timeUnit": "주"
      },
      "nthSession": "2",
      "numberOfUtterances": "16",
      "numberOfTurns": "8",
      "sessionID": "2-00313-2",
      "dialog": [
        {
          "speaker": "speaker1",
          "personaID": "31743",
          "participantID": "0273",
          "utterance": "오랜만이에요. 요즘 어떻게 지내요?",
          "summary": "",
          "date": "2022-09-21",
          "time": "17:31:59",
          "terminate": "false"
        },
        {
          "speaker": "speaker2",
          "personaID": "32203",
          "participantID": "0522",
          "utterance": "님! 진짜 오랜만이네요. 5주전에 제가 너무 정신없이 나가버렸죠? ㅠ.",
          "summary": "",
          "date": "2022-09-21",
          "time": "17:37:39",
          "terminate": "false"
        },
        {
          "speaker": "speaker1",
          "personaID": "31743",
          "participantID": "0273",
          "utterance": "괜찮아요! 고등학교 은사님 부고 들으면 저라도 그랬을듯 하네요. 주말인데 뭐하고 계세요?",
          "summary": "",
          "date": "2022-09-21",
          "time": "17:38:04",
          "terminate": "false"
        },
        {
          "speaker": "speaker2",
          "personaID": "32203",
          "participantID": "0522",
          "utterance": "저는 뭐 시켜먹을지 배달 앱 보고있었어요. 님은 뭐하세요?",
          "summary": "나는 배달 앱을 사용한다.",
          "date": "2022-09-21",
          "time": "17:40:00",
          "terminate": "false"
        },
        {
          "speaker": "speaker1",
          "personaID": "31743",
          "participantID": "0273",
          "utterance": "저는 쌀국수 좋아해서 쌀국수 먹고 집에 가기전에 산책하고 있어요! 요즘 배달 엄청 잘되죠?ㅎㅎ.",
          "summary": "나는 쌀국수를 좋아한다.",
          "date": "2022-09-21",
          "time": "17:41:15",
          "terminate": "false"
        },
        {
          "speaker": "speaker2",
          "personaID": "32203",
          "participantID": "0522",
          "utterance": "배달 완전 잘되죠. @브랜드명1@이잖아요 ㅋㅋㅋ 진짜 세상 편해졌다. 그쵸?",
          "summary": "",
          "date": "2022-09-21",
          "time": "17:41:57",
          "terminate": "false"
        },
        {
          "speaker": "speaker1",
          "personaID": "31743",
          "participantID": "0273",
          "utterance": "그러게요!ㅎㅎ 그래서 그런지 오토바이가 너무 많아져서 너무 시끄러워지기도 했어요. 안 그래요?",
          "summary": "",
          "date": "2022-09-21",
          "time": "17:42:30",
          "terminate": "false"
        },
        {
          "speaker": "speaker2",
          "personaID": "32203",
          "participantID": "0522",
          "utterance": "맞아요. 오토바이 소리 너무 싫어요. 배달이 편하긴 하지만 밤 낮 없이 부아앙 거리는건 진짜 못참겠어요.",
          "summary": "나는 오토바이 소리를 싫어한다.",
          "date": "2022-09-21",
          "time": "17:43:22",
          "terminate": "false"
        },
        {
          "speaker": "speaker1",
          "personaID": "31743",
          "participantID": "0273",
          "utterance": "저두요ㅠㅠ 저희집이 꽤 높은층인데도 불구하고 나더라고요. 뭐 먹을진 정했어요?",
          "summary": "나는 높은 층수에 산다.",
          "date": "2022-09-21",
          "time": "17:44:14",
          "terminate": "false"
        },
        {
          "speaker": "speaker2",
          "personaID": "32203",
          "participantID": "0522",
          "utterance": "고민중이였는데 님이 쌀국수 드셨다고 하셔서 저두 베트남음식 먹으려구요. 반쎄오 좋아하거든요.",
          "summary": "나는 반쎄오를 좋아한다.",
          "date": "2022-09-21",
          "time": "17:45:11",
          "terminate": "false"
        },
        {
          "speaker": "speaker1",
          "personaID": "31743",
          "participantID": "0273",
          "utterance": "오 그거 너~무 맛있죠! 부담도 없고!! ㅎㅎ 술과 함께 하시나요?",
          "summary": "",
          "date": "2022-09-21",
          "time": "17:46:00",
          "terminate": "false"
        },
        {
          "speaker": "speaker2",
          "personaID": "32203",
          "participantID": "0522",
          "utterance": "아뇨, 오늘은 술없어요! 영화 보면서 먹을려구요. 제가 범죄, 액션, 스릴러 영화를 엄청 좋아해서 자주 보거든요. 님도 영화 좋아하세요?",
          "summary": "나는 범죄, 액션, 스릴러 영화를 자주 본다.",
          "date": "2022-09-21",
          "time": "17:47:36",
          "terminate": "false"
        },
        {
          "speaker": "speaker1",
          "personaID": "31743",
          "participantID": "0273",
          "utterance": "아하! 저는 범죄나 액션도 좋아하지만 재난영화 엄청 좋아합니다!! ㅎㅎ.",
          "summary": "나는 재난영화를 좋아한다.",
          "date": "2022-09-21",
          "time": "17:48:30",
          "terminate": "false"
        },
        {
          "speaker": "speaker2",
          "personaID": "32203",
          "participantID": "0522",
          "utterance": "재난영화도 좋아해요! ㅋㅋ 샌 안드레아스 재밌게봤어요!",
          "summary": "나는 영화 샌 안드레아스를 재밌게 봤다.",
          "date": "2022-09-21",
          "time": "17:49:39",
          "terminate": "false"
        },
        {
          "speaker": "speaker1",
          "personaID": "31743",
          "participantID": "0273",
          "utterance": "저 그거 다섯번 봤어요 ㅎㅎ 그럼 맛있고 즐거운 저녁 보내요! 전 집에 이제와서 좀 쉬어야겠네요!",
          "summary": "나는 샌 안드레아스를 5번 봤다.",
          "date": "2022-09-21",
          "time": "17:51:02",
          "terminate": "false"
        },
        {
          "speaker": "speaker2",
          "personaID": "32203",
          "participantID": "0522",
          "utterance": "네~ 편하게 쉬시고 담에 또 즐거운 대화 나눠요!",
          "summary": "",
          "date": "2022-09-21",
          "time": "17:53:31",
          "terminate": "true"
        }
      ],
      "sessionPersonaSummary": {
        "speaker1": [
          "나는 쌀국수를 좋아한다.",
          "나는 높은 층수에 산다.",
          "나는 재난영화를 좋아한다.",
          "나는 샌 안드레아스를 5번 봤다."
        ],
        "speaker2": [
          "나는 배달 앱을 사용한다.",
          "나는 오토바이 소리를 싫어한다.",
          "나는 반쎄오를 좋아한다.",
          "나는 범죄, 액션, 스릴러 영화를 자주 본다.",
          "나는 영화 샌 안드레아스를 재밌게 봤다."
        ]
      },
      "prevAggregatedpersonaSummary": {
        "speaker1": [
          "나는 30대 여성이다. 나는 직장인이다.",
          "나는 건설회사에서 일한다. 나는 10년 후에도 지금 직장에서 일하는 것이 목표다.",
          "나는 사수 때문에 매일 상처를 받는다.",
          "나의 사수는 히스테릭하다.",
          "나는 비혼 주의자다.",
          "나는 맥주 파다."
        ],
        "speaker2": [
          "나는 귀금속 디자이너다. 나는 30대 여자다.",
          "나는 4년째 일을 하고 있다.",
          "나는 직원으로 일한다.",
          "나는 노처녀다.",
          "나는 하이볼을 자주 마신다.",
          "나는 고등학교 은사님의 부고 소식에 비통하다."
        ]
      }
    }
  ]
}