{
  "FileInfo": {
    "filename": "K2-00408-CL33451-CP41621-01-08-S2.json",
    "sessionLevel": "2"
  },
  "participantsInfo": {
    "numberOfParticipants": "2",
    "speaker1": {
      "participantID": "0103",
      "gender": "여성",
      "age": "30대",
      "occupation": "무직",
      "bPlace": "서울/경기/인천",
      "gPlace": "서울/경기/인천",
      "rPlace": "서울/경기/인천",
      "educationLevel": "대졸"
    },
    "speaker2": {
      "participantID": "0486",
      "gender": "여성",
      "age": "40대",
      "occupation": "무직",
      "bPlace": "부산/대구/울산/경상",
      "gPlace": "부산/대구/울산/경상",
      "rPlace": "부산/대구/울산/경상",
      "educationLevel": "대졸"
    }
  },
  "multisessionInfo": {
    "multisessionID": "2-00408"
  },
  "personaInfo": {
    "clInfo": {
      "personaID": "33451",
      "personaFeatures": [
        "나는 여자이다.",
        "나는 30대이다.",
        "나는 중국어를 싫어한다.",
        "나는 매일 걸어서 출퇴근한다.",
        "내가 가장 기쁘던 때는 취업을 했을 때이다.",
        "나는 가족과 함께하는 시간이 많다."
      ],
      "speakerType": "speaker1"
    },
    "cpInfo": {
      "personaID": "41621",
      "personaFeatures": [
        "나는 여자이다.",
        "나는 40대이다.",
        "나는 세관원이다.",
        "나는 헬스를 좋아한다.",
        "나는 콘솔 게임에 관심 없다."
      ],
      "speakerType": "speaker2"
    }
  },
  "topicInfo": {
    "topicID": "01-08",
    "topicType": "식음료",
    "topicTitle": "레시피"
  },
  "sessionInfo": [
    {
      "prevSessionID": null,
      "prevTimeInfo": {
        "timeNum": null,
        "timeUnit": null
      },
      "nthSession": "1",
      "numberOfUtterances": "14",
      "numberOfTurns": "7",
      "sessionID": "2-00408-1",
      "dialog": [
        {
          "speaker": "speaker1",
          "personaID": "33451",
          "participantID": "0103",
          "utterance": "반갑습니다 저는 서울에 사는 30대 여자예요.",
          "summary": "서울에 사는 30대 여자이다.",
          "date": "2022-09-30",
          "time": "08:05:00",
          "terminate": "false"
        },
        {
          "speaker": "speaker2",
          "personaID": "41621",
          "participantID": "0486",
          "utterance": "안녕하세요. 반갑습니다. 저는 인천에 사는 40대 여자예요.",
          "summary": "나는 인천에 사는 40대 여자이다.",
          "date": "2022-09-30",
          "time": "08:05:21",
          "terminate": "false"
        },
        {
          "speaker": "speaker1",
          "personaID": "33451",
          "participantID": "0103",
          "utterance": "안녕하세요 저는 회사에 다니고 있어요. 무슨 일 하세요?",
          "summary": "나는 회사에 다니고 있다.",
          "date": "2022-09-30",
          "time": "08:05:40",
          "terminate": "false"
        },
        {
          "speaker": "speaker2",
          "personaID": "41621",
          "participantID": "0486",
          "utterance": "저는 세관원 일을 하고 있어요.",
          "summary": "나는 세관 원이다.",
          "date": "2022-09-30",
          "time": "08:06:00",
          "terminate": "false"
        },
        {
          "speaker": "speaker1",
          "personaID": "33451",
          "participantID": "0103",
          "utterance": "아 그러세요 저는 회사에 취업했을 때가 가장 기뻤어요.",
          "summary": "나는 회사에 취직했을 때가 가장 기뻤다.",
          "date": "2022-09-30",
          "time": "08:06:18",
          "terminate": "false"
        },
        {
          "speaker": "speaker2",
          "personaID": "41621",
          "participantID": "0486",
          "utterance": "그러셨군요. 저는 첫 아이가 태어날 때 가장 기뻤어요..",
          "summary": "나는 첫 아이가 태어났을 때 가장 기뻤다.",
          "date": "2022-09-30",
          "time": "08:06:41",
          "terminate": "false"
        },
        {
          "speaker": "speaker1",
          "personaID": "33451",
          "participantID": "0103",
          "utterance": "아 그러세요 아이가 몇 살인가요?",
          "summary": "",
          "date": "2022-09-30",
          "time": "08:06:57",
          "terminate": "false"
        },
        {
          "speaker": "speaker2",
          "personaID": "41621",
          "participantID": "0486",
          "utterance": "첫 아이는 중학교를 다니고 있고 둘째 아이는 초등학생이에요.",
          "summary": "첫아이는 중 학생이고 둘째 아이는 초등학교를 다니고 있다.",
          "date": "2022-09-30",
          "time": "08:07:16",
          "terminate": "false"
        },
        {
          "speaker": "speaker1",
          "personaID": "33451",
          "participantID": "0103",
          "utterance": "둘 다 딸인가요? 저는 가족과 함께 하는 시간이 많은데 그 시간이 즐거워요.",
          "summary": "",
          "date": "2022-09-30",
          "time": "08:07:36",
          "terminate": "false"
        },
        {
          "speaker": "speaker2",
          "personaID": "41621",
          "participantID": "0486",
          "utterance": "아니요. 딸 하나 아들 하나에요.",
          "summary": "나는 남매를 두고 있다.",
          "date": "2022-09-30",
          "time": "08:08:00",
          "terminate": "false"
        },
        {
          "speaker": "speaker1",
          "personaID": "33451",
          "participantID": "0103",
          "utterance": "아 그러시구나 운전 하시나요?",
          "summary": "",
          "date": "2022-09-30",
          "time": "08:08:21",
          "terminate": "false"
        },
        {
          "speaker": "speaker2",
          "personaID": "41621",
          "participantID": "0486",
          "utterance": "네 운전을 하고 있어요 @이름1@의 학원을 라이드 하거든요.",
          "summary": "나는 운전을 하고 있고 @이름1@의 학원을 라이드 한다.",
          "date": "2022-09-30",
          "time": "08:08:54",
          "terminate": "false"
        },
        {
          "speaker": "speaker1",
          "personaID": "33451",
          "participantID": "0103",
          "utterance": "저는 운전을 못 해서 매일 아침 일찍 일어나서 걸어서 출퇴근 해요. 다음 주에 봐요.",
          "summary": "나는 운전을 못 해서 매일 걸어서 출퇴근한다.",
          "date": "2022-09-30",
          "time": "08:09:27",
          "terminate": "false"
        },
        {
          "speaker": "speaker2",
          "personaID": "41621",
          "participantID": "0486",
          "utterance": "운전을 해 보세요 많이 편해요. 오늘 대화 즐거웠어요.",
          "summary": "운전을 하면 편하다.",
          "date": "2022-09-30",
          "time": "08:09:46",
          "terminate": "true"
        }
      ],
      "sessionPersonaSummary": {
        "speaker1": [
          "서울에 사는 30대 여자이다.",
          "나는 회사에 다니고 있다.",
          "나는 회사에 취직했을 때가 가장 기뻤다.",
          "나는 운전을 못 해서 매일 걸어서 출퇴근한다."
        ],
        "speaker2": [
          "나는 인천에 사는 40대 여자이다.",
          "나는 세관 원이다.",
          "나는 첫 아이가 태어났을 때 가장 기뻤다.",
          "첫아이는 중 학생이고 둘째 아이는 초등학교를 다니고 있다.",
          "나는 남매를 두고 있다.",
          "나는 운전을 하고 있고 @이름1@의 학원을 라이드 한다.",
          "운전을 하면 편하다."
        ]
      },
      "prevAggregatedpersonaSummary": {
        "speaker1": [],
        "speaker2": []
      }
    },
    {
      "prevSessionID": "2-00408-1",
      "prevTimeInfo": {
        "timeNum": "1",
        "timeUnit": "일"
      },
      "nthSession": "2",
      "numberOfUtterances": "14",
      "numberOfTurns": "7",
      "sessionID": "2-00408-2",
      "dialog": [
        {
          "speaker": "speaker1",
          "personaID": "33451",
          "participantID": "0103",
          "utterance": "어제 저녁은 가족과 함께 외식을 했어요.",
          "summary": "나는 어제저녁 가족과 함께 외식을 했다.",
          "date": "2022-09-30",
          "time": "08:10:24",
          "terminate": "false"
        },
        {
          "speaker": "speaker2",
          "personaID": "41621",
          "participantID": "0486",
          "utterance": "요즘 중학교 다니는 아이가 중간고사 준비를 하고 있어 많이 힘들어해요.",
          "summary": "",
          "date": "2022-09-30",
          "time": "08:10:51",
          "terminate": "false"
        },
        {
          "speaker": "speaker1",
          "personaID": "33451",
          "participantID": "0103",
          "utterance": "아이가 많이 힘들겠네요. 저는 영어는 좀 하겠는데 중국어는 배워도 잘 못 해서 중국어가 싫어요.",
          "summary": "나는 중국어를 싫어한다.",
          "date": "2022-09-30",
          "time": "08:11:28",
          "terminate": "false"
        },
        {
          "speaker": "speaker2",
          "personaID": "41621",
          "participantID": "0486",
          "utterance": "그러시군요. 저희 남매는 콘솔게임을 즐겨 하던데 저는 그 게임에 관심이 없어요.",
          "summary": "나의 @이름1@은 콘솔게임을 즐겨하는데 나는 콘솔게임에 관심이 없다.",
          "date": "2022-09-30",
          "time": "08:11:57",
          "terminate": "false"
        },
        {
          "speaker": "speaker1",
          "personaID": "33451",
          "participantID": "0103",
          "utterance": "아 그러세요 그럼 여가시간에 무엇을 하면서 보내나요?",
          "summary": "",
          "date": "2022-09-30",
          "time": "08:12:15",
          "terminate": "false"
        },
        {
          "speaker": "speaker2",
          "personaID": "41621",
          "participantID": "0486",
          "utterance": "저는 헬스를 좋아해서 틈만 나면 휘트니스 장에 가서 살아요.",
          "summary": "나는 여가시간에 좋아하는 헬스를 한다.",
          "date": "2022-09-30",
          "time": "08:12:33",
          "terminate": "false"
        },
        {
          "speaker": "speaker1",
          "personaID": "33451",
          "participantID": "0103",
          "utterance": "아 그러시구나 저는 아침 저녁으로 걸어서 출퇴근하기 때문에 운동은 따로 안 해요.",
          "summary": "나는 아침저녁으로 걸어서 출퇴근하기 때문에 운동은 따로 안 한다.",
          "date": "2022-09-30",
          "time": "08:12:52",
          "terminate": "false"
        },
        {
          "speaker": "speaker2",
          "personaID": "41621",
          "participantID": "0486",
          "utterance": "맞아요. 걷기 운동이 제일 좋다고 하더라고요.",
          "summary": "걷기 운동이 제일 좋다고 한다.",
          "date": "2022-09-30",
          "time": "08:13:08",
          "terminate": "false"
        },
        {
          "speaker": "speaker1",
          "personaID": "33451",
          "participantID": "0103",
          "utterance": "요리는 잘 하시나요?",
          "summary": "",
          "date": "2022-09-30",
          "time": "08:13:23",
          "terminate": "false"
        },
        {
          "speaker": "speaker2",
          "personaID": "41621",
          "participantID": "0486",
          "utterance": "저는 @이름2@의 레시피를 많이 이용해서 요리를 하는데 제맛이 안 나는 것 같아요.",
          "summary": "나는 @이름2@의 레시피를 이용하는데 맛이 없다.",
          "date": "2022-09-30",
          "time": "08:13:39",
          "terminate": "false"
        },
        {
          "speaker": "speaker1",
          "personaID": "33451",
          "participantID": "0103",
          "utterance": "똑같은 레시피인데도 사람에 따라 손맛이 다른지 그 맛이 안 나지요.",
          "summary": "사람에 따라 손맛이 다른지 그 맛이 안 난다.",
          "date": "2022-09-30",
          "time": "08:14:17",
          "terminate": "false"
        },
        {
          "speaker": "speaker2",
          "personaID": "41621",
          "participantID": "0486",
          "utterance": "저희 어머니께서도 요리에서 제일 중요한 것은 손 맛이라고 하더라고요.",
          "summary": "요리에서 제일 중요한 것은 손맛이다.",
          "date": "2022-09-30",
          "time": "08:14:36",
          "terminate": "false"
        },
        {
          "speaker": "speaker1",
          "personaID": "33451",
          "participantID": "0103",
          "utterance": "그런 거 같아요. 유익한 대화 였어요.",
          "summary": "",
          "date": "2022-09-30",
          "time": "08:14:57",
          "terminate": "false"
        },
        {
          "speaker": "speaker2",
          "personaID": "41621",
          "participantID": "0486",
          "utterance": "아이고. 아이를 데리러 가야겠네요. 다음에 또 봬요.",
          "summary": "나는 아이를 데리러 가야겠다.",
          "date": "2022-09-30",
          "time": "08:15:17",
          "terminate": "true"
        }
      ],
      "sessionPersonaSummary": {
        "speaker1": [
          "나는 어제저녁 가족과 함께 외식을 했다.",
          "나는 중국어를 싫어한다.",
          "나는 아침저녁으로 걸어서 출퇴근하기 때문에 운동은 따로 안 한다.",
          "사람에 따라 손맛이 다른지 그 맛이 안 난다."
        ],
        "speaker2": [
          "나의 @이름1@은 콘솔게임을 즐겨하는데 나는 콘솔게임에 관심이 없다.",
          "나는 여가시간에 좋아하는 헬스를 한다.",
          "걷기 운동이 제일 좋다고 한다.",
          "나는 @이름2@의 레시피를 이용하는데 맛이 없다.",
          "요리에서 제일 중요한 것은 손맛이다.",
          "나는 아이를 데리러 가야겠다."
        ]
      },
      "prevAggregatedpersonaSummary": {
        "speaker1": [
          "서울에 사는 30대 여자이다.",
          "나는 회사에 다니고 있다.",
          "나는 회사에 취직했을 때가 가장 기뻤다.",
          "나는 운전을 못 해서 매일 걸어서 출퇴근한다."
        ],
        "speaker2": [
          "나는 인천에 사는 40대 여자이다.",
          "나는 세관 원이다.",
          "나는 첫 아이가 태어났을 때 가장 기뻤다.",
          "첫아이는 중 학생이고 둘째 아이는 초등학교를 다니고 있다.",
          "나는 남매를 두고 있다.",
          "나는 운전을 하고 있고 @이름1@의 학원을 라이드 한다.",
          "운전을 하면 편하다."
        ]
      }
    }
  ]
}