{
  "FileInfo": {
    "filename": "K2-00141-CL20681-CP21365-01-01-S2.json",
    "sessionLevel": "2"
  },
  "participantsInfo": {
    "numberOfParticipants": "2",
    "speaker1": {
      "participantID": "25003",
      "gender": "남성",
      "age": "20대",
      "occupation": "기능직",
      "bPlace": "부산/대구/울산/경상",
      "gPlace": "부산/대구/울산/경상",
      "rPlace": "부산/대구/울산/경상",
      "educationLevel": "고졸"
    },
    "speaker2": {
      "participantID": "25171",
      "gender": "남성",
      "age": "20대",
      "occupation": "학생",
      "bPlace": "서울/경기/인천",
      "gPlace": "서울/경기/인천",
      "rPlace": "서울/경기/인천",
      "educationLevel": "고졸"
    }
  },
  "multisessionInfo": {
    "multisessionID": "2-00141"
  },
  "personaInfo": {
    "clInfo": {
      "personaID": "20681",
      "personaFeatures": [
        "나는 남자이다.",
        "나는 20대이다.",
        "나는 가족과 별로 연락을 하지 않는다.",
        "나는 경호원이다.",
        "나는 피아노 연주를 가끔 한다."
      ],
      "speakerType": "speaker1"
    },
    "cpInfo": {
      "personaID": "21365",
      "personaFeatures": [
        "나는 남자이다.",
        "나는 20대이다.",
        "나의 아버지는 회사원이다.",
        "나는 철학 전공이다.",
        "나는 블루투스 스피커를 잘 활용한다."
      ],
      "speakerType": "speaker2"
    }
  },
  "topicInfo": {
    "topicID": "01-01",
    "topicType": "식음료",
    "topicTitle": "식사"
  },
  "sessionInfo": [
    {
      "prevSessionID": null,
      "prevTimeInfo": {
        "timeNum": null,
        "timeUnit": null
      },
      "nthSession": "1",
      "numberOfUtterances": "14",
      "numberOfTurns": "7",
      "sessionID": "2-00141-1",
      "dialog": [
        {
          "speaker": "speaker1",
          "personaID": "20681",
          "participantID": "25003",
          "utterance": "안녕하십니까 27살 경호원일을 하고 있는 남자입니다^^",
          "summary": "나는 27살 경호원이다.",
          "date": "2022-09-12",
          "time": "08:11:54",
          "terminate": "false"
        },
        {
          "speaker": "speaker2",
          "personaID": "21365",
          "participantID": "25171",
          "utterance": "저는 20살 철학과 전공인 남대생이예요.",
          "summary": "나는 20살 철학과 남대생이다.",
          "date": "2022-09-12",
          "time": "08:12:06",
          "terminate": "false"
        },
        {
          "speaker": "speaker1",
          "personaID": "20681",
          "participantID": "25003",
          "utterance": "말만들어도 어렵습니다 철학..",
          "summary": "나는 철학이 어렵다.",
          "date": "2022-09-12",
          "time": "08:12:20",
          "terminate": "false"
        },
        {
          "speaker": "speaker2",
          "personaID": "21365",
          "participantID": "25171",
          "utterance": "사실 저도 잘 몰라요 ㅎㅎ 성적 맞춰서 온거라 ㅎㅎ 아버지 의견에 따라 그냥 대학만 보고 왔어요 ㅠㅠ.",
          "summary": "나는 성적 맞춰서 학교를 왔다.",
          "date": "2022-09-12",
          "time": "08:12:33",
          "terminate": "false"
        },
        {
          "speaker": "speaker1",
          "personaID": "20681",
          "participantID": "25003",
          "utterance": "아하 그럼 관심사는 무엇인가요.",
          "summary": "",
          "date": "2022-09-12",
          "time": "08:12:40",
          "terminate": "false"
        },
        {
          "speaker": "speaker2",
          "personaID": "21365",
          "participantID": "25171",
          "utterance": "저는 전자기기쪽이요 ㅎㅎ 그런회사에서 일하고 싶어요 블루투스 스피커나 이런 ai쪽을 잘 활용하거든요.",
          "summary": "나는 전자기기에 관심이 있다.",
          "date": "2022-09-12",
          "time": "08:12:51",
          "terminate": "false"
        },
        {
          "speaker": "speaker1",
          "personaID": "20681",
          "participantID": "25003",
          "utterance": "부모님이랑 같이 사시죠?",
          "summary": "",
          "date": "2022-09-12",
          "time": "08:13:16",
          "terminate": "false"
        },
        {
          "speaker": "speaker2",
          "personaID": "21365",
          "participantID": "25171",
          "utterance": "네 아버지가 아직 회사원이시고 어머니는 주부세요 ㅎㅎ.",
          "summary": "나는 부모님과 같이 산다.",
          "date": "2022-09-12",
          "time": "08:13:24",
          "terminate": "false"
        },
        {
          "speaker": "speaker1",
          "personaID": "20681",
          "participantID": "25003",
          "utterance": "저는 혼자 살고 있거든요 타지에서 ㅋㅋ.",
          "summary": "나는 혼자 산다.",
          "date": "2022-09-12",
          "time": "08:13:34",
          "terminate": "false"
        },
        {
          "speaker": "speaker2",
          "personaID": "21365",
          "participantID": "25171",
          "utterance": "연락을 자주 드려야겠네요 ㅎㅎ.",
          "summary": "",
          "date": "2022-09-12",
          "time": "08:13:37",
          "terminate": "false"
        },
        {
          "speaker": "speaker1",
          "personaID": "20681",
          "participantID": "25003",
          "utterance": "그런데 연락을 잘 안하게 되네요 ㅋㅋ 바쁜것도 있고........",
          "summary": "나는 가족과 연락을 잘 안 한다.",
          "date": "2022-09-12",
          "time": "08:13:50",
          "terminate": "false"
        },
        {
          "speaker": "speaker2",
          "personaID": "21365",
          "participantID": "25171",
          "utterance": "혼자 사시면 외롭진않으세요?",
          "summary": "",
          "date": "2022-09-12",
          "time": "08:14:00",
          "terminate": "false"
        },
        {
          "speaker": "speaker1",
          "personaID": "20681",
          "participantID": "25003",
          "utterance": "저 약간 그럴 때마다 피아노를 가끔 쳐요 ㅋㅋ 안어울리죠 사실 어릴 적 음대를 준비했엇는데 진로를 바꿔서요.",
          "summary": "나는 피아노를 가끔 친다.",
          "date": "2022-09-12",
          "time": "08:14:15",
          "terminate": "false"
        },
        {
          "speaker": "speaker2",
          "personaID": "21365",
          "participantID": "25171",
          "utterance": "우와.. 아니요 정말 멋지신데요!!",
          "summary": "",
          "date": "2022-09-12",
          "time": "08:14:27",
          "terminate": "true"
        }
      ],
      "sessionPersonaSummary": {
        "speaker1": [
          "나는 27살 경호원이다.",
          "나는 철학이 어렵다.",
          "나는 혼자 산다.",
          "나는 가족과 연락을 잘 안 한다.",
          "나는 피아노를 가끔 친다."
        ],
        "speaker2": [
          "나는 20살 철학과 남대생이다.",
          "나는 성적 맞춰서 학교를 왔다.",
          "나는 전자기기에 관심이 있다.",
          "나는 부모님과 같이 산다."
        ]
      },
      "prevAggregatedpersonaSummary": {
        "speaker1": [],
        "speaker2": []
      }
    },
    {
      "prevSessionID": "2-00141-1",
      "prevTimeInfo": {
        "timeNum": "5",
        "timeUnit": "시간"
      },
      "nthSession": "2",
      "numberOfUtterances": "14",
      "numberOfTurns": "7",
      "sessionID": "2-00141-2",
      "dialog": [
        {
          "speaker": "speaker1",
          "personaID": "20681",
          "participantID": "25003",
          "utterance": "퇴근하고 있는 중입니다~ 저녁시간이네요 저녁은 드셨나요?",
          "summary": "나는 퇴근 중이다.",
          "date": "2022-09-12",
          "time": "08:14:47",
          "terminate": "false"
        },
        {
          "speaker": "speaker2",
          "personaID": "21365",
          "participantID": "25171",
          "utterance": "오늘 어머니 아버지랑 외식하려고요.",
          "summary": "나는 외식할 거다.",
          "date": "2022-09-12",
          "time": "09:36:56",
          "terminate": "false"
        },
        {
          "speaker": "speaker1",
          "personaID": "20681",
          "participantID": "25003",
          "utterance": "아.. 혹시 무슨 기념일이신가요?",
          "summary": "",
          "date": "2022-09-12",
          "time": "09:36:57",
          "terminate": "false"
        },
        {
          "speaker": "speaker2",
          "personaID": "21365",
          "participantID": "25171",
          "utterance": "네 어머니 아버지 결혼기념일이라 제가 식당에 가자고 했어요 ㅋㅋ 아르바이트로 번 돈으로 저녁사드리려고요.",
          "summary": "나는 부모님 결혼기념일이다.",
          "date": "2022-09-12",
          "time": "09:36:58",
          "terminate": "false"
        },
        {
          "speaker": "speaker1",
          "personaID": "20681",
          "participantID": "25003",
          "utterance": "효자시네요 ㅎㅎ 뭐 드실건가요.",
          "summary": "",
          "date": "2022-09-12",
          "time": "09:36:59",
          "terminate": "false"
        },
        {
          "speaker": "speaker2",
          "personaID": "21365",
          "participantID": "25171",
          "utterance": "아무래도 기념일이니까 레스토랑에서 고기썰기 아니겠어요 ㅎㅎ.",
          "summary": "나는 레스토랑에 간다.",
          "date": "2022-09-12",
          "time": "09:37:00",
          "terminate": "false"
        },
        {
          "speaker": "speaker1",
          "personaID": "20681",
          "participantID": "25003",
          "utterance": "우와....... 스테이크 ㅠㅠ 맛잇겠습니다 저는 혼자 살다보니 그런데 안간지 정말 오래됐네요.",
          "summary": "나는 레스토랑 안 간 지 오래다.",
          "date": "2022-09-12",
          "time": "09:37:02",
          "terminate": "false"
        },
        {
          "speaker": "speaker2",
          "personaID": "21365",
          "participantID": "25171",
          "utterance": "하긴 혼자서 스테이크 집은 가기가 많이 힘들죠. ㅎㅎ.",
          "summary": "",
          "date": "2022-09-12",
          "time": "09:37:03",
          "terminate": "false"
        },
        {
          "speaker": "speaker1",
          "personaID": "20681",
          "participantID": "25003",
          "utterance": "매일 퇴근하고 밥 차리기도 귀찮습니다 이제 ㅋㅋ.",
          "summary": "나는 밥하기 귀찮다.",
          "date": "2022-09-12",
          "time": "09:37:06",
          "terminate": "false"
        },
        {
          "speaker": "speaker2",
          "personaID": "21365",
          "participantID": "25171",
          "utterance": "오늘은 뭐 드실 생각이세요?",
          "summary": "",
          "date": "2022-09-12",
          "time": "09:37:10",
          "terminate": "false"
        },
        {
          "speaker": "speaker1",
          "personaID": "20681",
          "participantID": "25003",
          "utterance": "저 오늘은 집 주변에 낚지볶음 사서 가서 밥이랑 비벼먹을라고요 ㅋㅋ.",
          "summary": "나는 낙지볶음이 저녁이다.",
          "date": "2022-09-12",
          "time": "09:37:11",
          "terminate": "false"
        },
        {
          "speaker": "speaker2",
          "personaID": "21365",
          "participantID": "25171",
          "utterance": "낚지볶음.. 완전 술안주인데요?!",
          "summary": "",
          "date": "2022-09-12",
          "time": "09:37:14",
          "terminate": "false"
        },
        {
          "speaker": "speaker1",
          "personaID": "20681",
          "participantID": "25003",
          "utterance": "오 전 식사와 반주하는걸 좋아합니다^^ 제 생각을 간파했네요.",
          "summary": "나는 반주할 거다.",
          "date": "2022-09-12",
          "time": "09:37:16",
          "terminate": "false"
        },
        {
          "speaker": "speaker2",
          "personaID": "21365",
          "participantID": "25171",
          "utterance": "ㅋㅋ 그럼 각자 즐거운 반주와 외식이 되길..!",
          "summary": "",
          "date": "2022-09-12",
          "time": "09:37:28",
          "terminate": "true"
        }
      ],
      "sessionPersonaSummary": {
        "speaker1": [
          "나는 퇴근 중이다.",
          "나는 레스토랑 안 간 지 오래다.",
          "나는 밥하기 귀찮다.",
          "나는 낙지볶음이 저녁이다.",
          "나는 반주할 거다."
        ],
        "speaker2": [
          "나는 외식할 거다.",
          "나는 부모님 결혼기념일이다.",
          "나는 레스토랑에 간다."
        ]
      },
      "prevAggregatedpersonaSummary": {
        "speaker1": [
          "나는 27살 경호원이다.",
          "나는 철학이 어렵다.",
          "나는 혼자 산다.",
          "나는 가족과 연락을 잘 안 한다.",
          "나는 피아노를 가끔 친다."
        ],
        "speaker2": [
          "나는 20살 철학과 남대생이다.",
          "나는 성적 맞춰서 학교를 왔다.",
          "나는 전자기기에 관심이 있다.",
          "나는 부모님과 같이 산다."
        ]
      }
    }
  ]
}