{
  "FileInfo": {
    "filename": "K2-00444-CL40037-CP41656-16-02-S2.json",
    "sessionLevel": "2"
  },
  "participantsInfo": {
    "numberOfParticipants": "2",
    "speaker1": {
      "participantID": "0403",
      "gender": "남성",
      "age": "40대",
      "occupation": "판매직",
      "bPlace": "광주/전라/제주",
      "gPlace": "광주/전라/제주",
      "rPlace": "광주/전라/제주",
      "educationLevel": "대졸"
    },
    "speaker2": {
      "participantID": "0399",
      "gender": "여성",
      "age": "40대",
      "occupation": "주부",
      "bPlace": "서울/경기/인천",
      "gPlace": "서울/경기/인천",
      "rPlace": "서울/경기/인천",
      "educationLevel": "대졸"
    }
  },
  "multisessionInfo": {
    "multisessionID": "2-00444"
  },
  "personaInfo": {
    "clInfo": {
      "personaID": "40037",
      "personaFeatures": [
        "나는 남자이다.",
        "나는 40대이다.",
        "나는 요즘, 매일 초조하다.",
        "나는 선후배와 잘 어울리지 않는다.",
        "나는 TV 애니메이션을 싫어한다."
      ],
      "speakerType": "speaker1"
    },
    "cpInfo": {
      "personaID": "41656",
      "personaFeatures": [
        "나는 여자이다.",
        "나는 40대이다.",
        "나는 요즘, 가끔 열등감을 느낀다.",
        "나는 흐린 날을 좋아한다.",
        "나는 TV 애니메이션을 가끔 본다."
      ],
      "speakerType": "speaker2"
    }
  },
  "topicInfo": {
    "topicID": "16-02",
    "topicType": "미용과 건강>미용",
    "topicTitle": "피부"
  },
  "sessionInfo": [
    {
      "prevSessionID": null,
      "prevTimeInfo": {
        "timeNum": null,
        "timeUnit": null
      },
      "nthSession": "1",
      "numberOfUtterances": "16",
      "numberOfTurns": "8",
      "sessionID": "2-00444-1",
      "dialog": [
        {
          "speaker": "speaker1",
          "personaID": "40037",
          "participantID": "0403",
          "utterance": "헬로헬로~ 저는 40대 남자입니다.",
          "summary": "나는 40대 남자이다.",
          "date": "2022-09-29",
          "time": "12:28:06",
          "terminate": "false"
        },
        {
          "speaker": "speaker2",
          "personaID": "41656",
          "participantID": "0399",
          "utterance": "네 하이~~ 저는 40대 여자입니다.",
          "summary": "나는 40대 여자이다.",
          "date": "2022-09-29",
          "time": "12:28:06",
          "terminate": "false"
        },
        {
          "speaker": "speaker1",
          "personaID": "40037",
          "participantID": "0403",
          "utterance": "아 혹시 그쪽 요즘 기분은 어떠세요?",
          "summary": "",
          "date": "2022-09-29",
          "time": "12:28:06",
          "terminate": "false"
        },
        {
          "speaker": "speaker2",
          "personaID": "41656",
          "participantID": "0399",
          "utterance": "아 저는 사실 요즘 가끔 열등감을 느껴요.",
          "summary": "나는 요즘 가끔 열등감을 느낀다.",
          "date": "2022-09-29",
          "time": "12:28:06",
          "terminate": "false"
        },
        {
          "speaker": "speaker1",
          "personaID": "40037",
          "participantID": "0403",
          "utterance": "열등감이요? 갑자기 왜 그러세요?",
          "summary": "",
          "date": "2022-09-29",
          "time": "12:28:06",
          "terminate": "false"
        },
        {
          "speaker": "speaker2",
          "personaID": "41656",
          "participantID": "0399",
          "utterance": "제가 가방끈이 조금 짧아서요.. 친구들 만나면 좀 그렇더라고요.",
          "summary": "",
          "date": "2022-09-29",
          "time": "12:28:06",
          "terminate": "false"
        },
        {
          "speaker": "speaker1",
          "personaID": "40037",
          "participantID": "0403",
          "utterance": "아 고등학교 졸업정도 이신가요?",
          "summary": "",
          "date": "2022-09-29",
          "time": "12:28:06",
          "terminate": "false"
        },
        {
          "speaker": "speaker2",
          "personaID": "41656",
          "participantID": "0399",
          "utterance": "네 맞아요. 그렇답니다. 그쪽은 기분이 어떠세요?",
          "summary": "나는 고졸 출신이다.",
          "date": "2022-09-29",
          "time": "12:28:06",
          "terminate": "false"
        },
        {
          "speaker": "speaker1",
          "personaID": "40037",
          "participantID": "0403",
          "utterance": "저는 요즘 매일 초조해요. 저희 서로 기분이 다 안좋네요.",
          "summary": "나는 요즘 매일 초조하다.",
          "date": "2022-09-29",
          "time": "12:28:06",
          "terminate": "false"
        },
        {
          "speaker": "speaker2",
          "personaID": "41656",
          "participantID": "0399",
          "utterance": "아 정말요? 무슨 일 있으세요??",
          "summary": "",
          "date": "2022-09-29",
          "time": "12:28:06",
          "terminate": "false"
        },
        {
          "speaker": "speaker1",
          "personaID": "40037",
          "participantID": "0403",
          "utterance": "그게 요즘 짤릴것 같더라고요...",
          "summary": "",
          "date": "2022-09-29",
          "time": "12:28:06",
          "terminate": "false"
        },
        {
          "speaker": "speaker2",
          "personaID": "41656",
          "participantID": "0399",
          "utterance": "아 회사에서요? ㅠㅠ 그걸 직감하셨나요?",
          "summary": "",
          "date": "2022-09-29",
          "time": "12:28:06",
          "terminate": "false"
        },
        {
          "speaker": "speaker1",
          "personaID": "40037",
          "participantID": "0403",
          "utterance": "네.. 제가 선후배와 잘 어울리지 않아서요. 그게 문제였나봐요.",
          "summary": "나는 선후배와 잘 어울리지 않는다.",
          "date": "2022-09-29",
          "time": "12:28:06",
          "terminate": "false"
        },
        {
          "speaker": "speaker2",
          "personaID": "41656",
          "participantID": "0399",
          "utterance": "아 그렇군요... 고민이 많으시겠네요.",
          "summary": "",
          "date": "2022-09-29",
          "time": "12:28:06",
          "terminate": "false"
        },
        {
          "speaker": "speaker1",
          "personaID": "40037",
          "participantID": "0403",
          "utterance": "네 맞아요.. 저는 이만 가볼게요. 안녕히 계세요..",
          "summary": "",
          "date": "2022-09-29",
          "time": "12:28:06",
          "terminate": "false"
        },
        {
          "speaker": "speaker2",
          "personaID": "41656",
          "participantID": "0399",
          "utterance": "네 그럼 저도 날이 흐려서 산책 좀 하러 나가볼게요.",
          "summary": "",
          "date": "2022-09-29",
          "time": "12:28:06",
          "terminate": "true"
        }
      ],
      "sessionPersonaSummary": {
        "speaker1": [
          "나는 40대 남자이다.",
          "나는 요즘 매일 초조하다.",
          "나는 선후배와 잘 어울리지 않는다."
        ],
        "speaker2": [
          "나는 40대 여자이다.",
          "나는 요즘 가끔 열등감을 느낀다.",
          "나는 고졸 출신이다."
        ]
      },
      "prevAggregatedpersonaSummary": {
        "speaker1": [],
        "speaker2": []
      }
    },
    {
      "prevSessionID": "2-00444-1",
      "prevTimeInfo": {
        "timeNum": "36",
        "timeUnit": "시간"
      },
      "nthSession": "2",
      "numberOfUtterances": "16",
      "numberOfTurns": "8",
      "sessionID": "2-00444-2",
      "dialog": [
        {
          "speaker": "speaker1",
          "personaID": "40037",
          "participantID": "0403",
          "utterance": "아 하루하고 절반이 벌써 지났습니다.",
          "summary": "",
          "date": "2022-09-29",
          "time": "12:28:06",
          "terminate": "false"
        },
        {
          "speaker": "speaker2",
          "personaID": "41656",
          "participantID": "0399",
          "utterance": "네 그러네요. 어떻게 초조한 건 좀 어떠세요?",
          "summary": "",
          "date": "2022-09-29",
          "time": "12:28:06",
          "terminate": "false"
        },
        {
          "speaker": "speaker1",
          "personaID": "40037",
          "participantID": "0403",
          "utterance": "그나마 좀 다행이에요. 요즘 피부가 괜찮더라고요. 조금씩 긍정적으로 생각해보려고요.",
          "summary": "나는 요즘 피부가 괜찮다.",
          "date": "2022-09-29",
          "time": "12:28:06",
          "terminate": "false"
        },
        {
          "speaker": "speaker2",
          "personaID": "41656",
          "participantID": "0399",
          "utterance": "아 그래요? 피부가요? 원래 안 좋으셨어요??",
          "summary": "",
          "date": "2022-09-29",
          "time": "12:28:06",
          "terminate": "false"
        },
        {
          "speaker": "speaker1",
          "personaID": "40037",
          "participantID": "0403",
          "utterance": "네. 원래 여드름 엄청 올라왔는데, 최근엔 안 올라와요.",
          "summary": "나는 최근엔 여드름이 안 올라온다.",
          "date": "2022-09-29",
          "time": "12:28:06",
          "terminate": "false"
        },
        {
          "speaker": "speaker2",
          "personaID": "41656",
          "participantID": "0399",
          "utterance": "아 그러셨구나. 다행이네요. 저는 지난번에 흐린 날을 좋아해서 산책 좀 하고 와썽요.",
          "summary": "나는 흐린 날을 좋아한다.",
          "date": "2022-09-29",
          "time": "12:28:06",
          "terminate": "false"
        },
        {
          "speaker": "speaker1",
          "personaID": "40037",
          "participantID": "0403",
          "utterance": "아 산책 하시고 오셨구나~ 나름대로 괜찮은데요? 저는 OTT 서비스 좀 둘러보고 있었어요.",
          "summary": "",
          "date": "2022-09-29",
          "time": "12:28:06",
          "terminate": "false"
        },
        {
          "speaker": "speaker2",
          "personaID": "41656",
          "participantID": "0399",
          "utterance": "아 그러세요? 뭐 영화 이런거 보시게요?",
          "summary": "",
          "date": "2022-09-29",
          "time": "12:28:06",
          "terminate": "false"
        },
        {
          "speaker": "speaker1",
          "personaID": "40037",
          "participantID": "0403",
          "utterance": "네. 근데 자꾸 추천에 애니메이션이 틀더라고요.",
          "summary": "",
          "date": "2022-09-29",
          "time": "12:28:06",
          "terminate": "false"
        },
        {
          "speaker": "speaker2",
          "personaID": "41656",
          "participantID": "0399",
          "utterance": "아 그래요? 저는 TV 애니메이션 가끔 보는데, 안 좋아하세요?",
          "summary": "나는 TV 애니메이션을 가끔 본다.",
          "date": "2022-09-29",
          "time": "12:28:06",
          "terminate": "false"
        },
        {
          "speaker": "speaker1",
          "personaID": "40037",
          "participantID": "0403",
          "utterance": "네.. 저는 TV 애니메이션 사실 싫어해요.",
          "summary": "나는 TV 애니메이션을 싫어한다.",
          "date": "2022-09-29",
          "time": "12:28:06",
          "terminate": "false"
        },
        {
          "speaker": "speaker2",
          "personaID": "41656",
          "participantID": "0399",
          "utterance": "아 그러시구나. 그 요즘에 연령대별로 추천도 있더라고요. 40대 시니까 한 번 보세요.",
          "summary": "",
          "date": "2022-09-29",
          "time": "12:28:06",
          "terminate": "false"
        },
        {
          "speaker": "speaker1",
          "personaID": "40037",
          "participantID": "0403",
          "utterance": "그래요? 그런 기능이.. 역시 요즘 시대가 빠르네요.",
          "summary": "",
          "date": "2022-09-29",
          "time": "12:28:22",
          "terminate": "false"
        },
        {
          "speaker": "speaker2",
          "personaID": "41656",
          "participantID": "0399",
          "utterance": "그죠. 저도 얼마전에 알았는데 신박하더라고요.",
          "summary": "",
          "date": "2022-09-29",
          "time": "12:28:29",
          "terminate": "false"
        },
        {
          "speaker": "speaker1",
          "personaID": "40037",
          "participantID": "0403",
          "utterance": "그럼 저는 이만 OTT 서비스 보러 가볼게요. 다음에 또 이야기 나눠요~!",
          "summary": "",
          "date": "2022-09-29",
          "time": "12:28:36",
          "terminate": "false"
        },
        {
          "speaker": "speaker2",
          "personaID": "41656",
          "participantID": "0399",
          "utterance": "네 그러세요~ 저도 그럼 애니메이션 보러 가볼게요!",
          "summary": "",
          "date": "2022-09-29",
          "time": "12:28:48",
          "terminate": "true"
        }
      ],
      "sessionPersonaSummary": {
        "speaker1": [
          "나는 요즘 피부가 괜찮다.",
          "나는 최근엔 여드름이 안 올라온다.",
          "나는 TV 애니메이션을 싫어한다."
        ],
        "speaker2": [
          "나는 흐린 날을 좋아한다.",
          "나는 TV 애니메이션을 가끔 본다."
        ]
      },
      "prevAggregatedpersonaSummary": {
        "speaker1": [
          "나는 40대 남자이다.",
          "나는 요즘 매일 초조하다.",
          "나는 선후배와 잘 어울리지 않는다."
        ],
        "speaker2": [
          "나는 40대 여자이다.",
          "나는 요즘 가끔 열등감을 느낀다.",
          "나는 고졸 출신이다."
        ]
      }
    }
  ]
}