{
  "FileInfo": {
    "filename": "K2-00310-CL32741-CP34111-08-01-S2.json",
    "sessionLevel": "2"
  },
  "participantsInfo": {
    "numberOfParticipants": "2",
    "speaker1": {
      "participantID": "0672",
      "gender": "남성",
      "age": "30대",
      "occupation": "서비스직",
      "bPlace": "서울/경기/인천",
      "gPlace": "서울/경기/인천",
      "rPlace": "서울/경기/인천",
      "educationLevel": "대졸"
    },
    "speaker2": {
      "participantID": "0736",
      "gender": "여성",
      "age": "30대",
      "occupation": "주부",
      "bPlace": "서울/경기/인천",
      "gPlace": "서울/경기/인천",
      "rPlace": "서울/경기/인천",
      "educationLevel": "대졸"
    }
  },
  "multisessionInfo": {
    "multisessionID": "2-00310"
  },
  "personaInfo": {
    "clInfo": {
      "personaID": "32741",
      "personaFeatures": [
        "나는 남자이다.",
        "나는 30대이다.",
        "나는 저녁에 TV를 본다.",
        "나는 보험설계사이다.",
        "나는 요가를 가끔 한다.",
        "나는 곱창을 즐겨 먹는다."
      ],
      "speakerType": "speaker1"
    },
    "cpInfo": {
      "personaID": "34111",
      "personaFeatures": [
        "나는 여자이다.",
        "나는 30대이다.",
        "나는 레게 음악을 가끔 듣는다.",
        "나는 일본에 가 보고 싶다.",
        "나는 실외에서 등산하는 것을 좋아한다.",
        "나는 블루베리를 즐겨 먹는다."
      ],
      "speakerType": "speaker2"
    }
  },
  "topicInfo": {
    "topicID": "08-01",
    "topicType": "개인 및 관계>연애/결혼",
    "topicTitle": "결혼식"
  },
  "sessionInfo": [
    {
      "prevSessionID": null,
      "prevTimeInfo": {
        "timeNum": null,
        "timeUnit": null
      },
      "nthSession": "1",
      "numberOfUtterances": "16",
      "numberOfTurns": "8",
      "sessionID": "2-00310-1",
      "dialog": [
        {
          "speaker": "speaker1",
          "personaID": "32741",
          "participantID": "0672",
          "utterance": "반갑습니다. 저는 보험설계사 이구요 30대 남자예요.",
          "summary": "나는 보험설계사다. 난 30대 남자다.",
          "date": "2022-10-09",
          "time": "13:30:48",
          "terminate": "false"
        },
        {
          "speaker": "speaker2",
          "personaID": "34111",
          "participantID": "0736",
          "utterance": "안녕하세요. 저는 30대 여자예요 방가방가?",
          "summary": "나는 30대 여자다.",
          "date": "2022-10-09",
          "time": "13:30:54",
          "terminate": "false"
        },
        {
          "speaker": "speaker1",
          "personaID": "32741",
          "participantID": "0672",
          "utterance": "ᄏᄏ 나이비슷할거같은데 우리 편하게대화해요.",
          "summary": "",
          "date": "2022-10-09",
          "time": "13:31:00",
          "terminate": "false"
        },
        {
          "speaker": "speaker2",
          "personaID": "34111",
          "participantID": "0736",
          "utterance": "좋아요, 우리 말 편하게 해요. 레게 음악 좋아하세요? 전 레게 가끔 들어요.",
          "summary": "나는 레게 음악을 가끔 듣는다.",
          "date": "2022-10-09",
          "time": "13:31:11",
          "terminate": "false"
        },
        {
          "speaker": "speaker1",
          "personaID": "32741",
          "participantID": "0672",
          "utterance": "저는 음악은 별로 안 듣는데. 운동하는 거 좋아해요 요가 가끔 해요.",
          "summary": "나는 요가를 가끔 한다.",
          "date": "2022-10-09",
          "time": "13:31:25",
          "terminate": "false"
        },
        {
          "speaker": "speaker2",
          "personaID": "34111",
          "participantID": "0736",
          "utterance": "요가하고나서 블루베리 드셔보세요. 블루베리 요새 맛있더라구요.",
          "summary": "나는 블루베리를 즐겨 먹는다.",
          "date": "2022-10-09",
          "time": "13:31:44",
          "terminate": "false"
        },
        {
          "speaker": "speaker1",
          "personaID": "32741",
          "participantID": "0672",
          "utterance": "에 그럴게요. 저는 요가하고 블루베리 먹으면서 tv 봐야겠다.",
          "summary": "난 블루베리 먹으면서 tv를 볼 거다.",
          "date": "2022-10-09",
          "time": "13:31:58",
          "terminate": "false"
        },
        {
          "speaker": "speaker2",
          "personaID": "34111",
          "participantID": "0736",
          "utterance": "저는 빨리 내일이 됐으면 좋겠어요. 저 내일 등산하러 가거든요.",
          "summary": "나는 내일 등산하러 간다.",
          "date": "2022-10-09",
          "time": "13:32:11",
          "terminate": "false"
        },
        {
          "speaker": "speaker1",
          "personaID": "32741",
          "participantID": "0672",
          "utterance": "등산하는 거 좋아하시나 봐요?",
          "summary": "",
          "date": "2022-10-09",
          "time": "13:32:17",
          "terminate": "false"
        },
        {
          "speaker": "speaker2",
          "personaID": "34111",
          "participantID": "0736",
          "utterance": "등산도 좋지만 등산하고 나서 먹는 걸 좋아해요.",
          "summary": "나는 등산하고 먹는 음식을 좋아한다.",
          "date": "2022-10-09",
          "time": "13:32:23",
          "terminate": "false"
        },
        {
          "speaker": "speaker1",
          "personaID": "32741",
          "participantID": "0672",
          "utterance": "아 등산을 한 다음에 먹는 막걸리랑 파전. 그런거요?",
          "summary": "",
          "date": "2022-10-09",
          "time": "13:32:31",
          "terminate": "false"
        },
        {
          "speaker": "speaker2",
          "personaID": "34111",
          "participantID": "0736",
          "utterance": "그렇죠? 완전 그거예요. 막걸리 먹고 싶다.",
          "summary": "나는 막걸리가 먹고 싶다.",
          "date": "2022-10-09",
          "time": "13:32:37",
          "terminate": "false"
        },
        {
          "speaker": "speaker1",
          "personaID": "32741",
          "participantID": "0672",
          "utterance": "저는 곱창 좋아해요. 다음에 저랑 곱창 드실래요?",
          "summary": "나는 곱창을 좋아한다.",
          "date": "2022-10-09",
          "time": "13:32:48",
          "terminate": "false"
        },
        {
          "speaker": "speaker2",
          "personaID": "34111",
          "participantID": "0736",
          "utterance": "좋죠. 저 가리는 거 없이 다 잘 먹어요.",
          "summary": "",
          "date": "2022-10-09",
          "time": "13:32:56",
          "terminate": "false"
        },
        {
          "speaker": "speaker1",
          "personaID": "32741",
          "participantID": "0672",
          "utterance": "그러면은 저 시간보고 다음에 연락드릴게요.",
          "summary": "",
          "date": "2022-10-09",
          "time": "13:33:02",
          "terminate": "false"
        },
        {
          "speaker": "speaker2",
          "personaID": "34111",
          "participantID": "0736",
          "utterance": "알겠어요? 꼭 연락주세요. 곱창 먹고 싶으니까.",
          "summary": "나는 곱창이 먹고 싶다.",
          "date": "2022-10-09",
          "time": "13:33:08",
          "terminate": "true"
        }
      ],
      "sessionPersonaSummary": {
        "speaker1": [
          "나는 보험설계사다. 난 30대 남자다.",
          "나는 요가를 가끔 한다.",
          "난 블루베리 먹으면서 tv를 볼 거다.",
          "나는 곱창을 좋아한다."
        ],
        "speaker2": [
          "나는 30대 여자다.",
          "나는 레게 음악을 가끔 듣는다.",
          "나는 블루베리를 즐겨 먹는다.",
          "나는 내일 등산하러 간다.",
          "나는 등산하고 먹는 음식을 좋아한다.",
          "나는 막걸리가 먹고 싶다.",
          "나는 곱창이 먹고 싶다."
        ]
      },
      "prevAggregatedpersonaSummary": {
        "speaker1": [],
        "speaker2": []
      }
    },
    {
      "prevSessionID": "2-00310-1",
      "prevTimeInfo": {
        "timeNum": "3",
        "timeUnit": "주"
      },
      "nthSession": "2",
      "numberOfUtterances": "16",
      "numberOfTurns": "8",
      "sessionID": "2-00310-2",
      "dialog": [
        {
          "speaker": "speaker1",
          "personaID": "32741",
          "participantID": "0672",
          "utterance": "잘 지내고 있어요? 지금도 곱창 먹고 싶어요.?",
          "summary": "",
          "date": "2022-10-09",
          "time": "13:33:25",
          "terminate": "false"
        },
        {
          "speaker": "speaker2",
          "personaID": "34111",
          "participantID": "0736",
          "utterance": "말했잖아요. 저 가리는 거 없이 다 잘 먹는다고ㅋㅋ.",
          "summary": "나는 가리는 거 없이 다 잘 먹는다.",
          "date": "2022-10-09",
          "time": "13:33:37",
          "terminate": "false"
        },
        {
          "speaker": "speaker1",
          "personaID": "32741",
          "participantID": "0672",
          "utterance": "그러면은 오늘 저 친구 결혼식 있거든요. 결혼식 갔다가 갑자기 곱창 먹을래요?",
          "summary": "나는 오늘 친구 결혼식에 있다.",
          "date": "2022-10-09",
          "time": "13:33:48",
          "terminate": "false"
        },
        {
          "speaker": "speaker2",
          "personaID": "34111",
          "participantID": "0736",
          "utterance": "좋죠? 결혼식 끝나면 몇시쯤 되세요?",
          "summary": "",
          "date": "2022-10-09",
          "time": "13:33:59",
          "terminate": "false"
        },
        {
          "speaker": "speaker1",
          "personaID": "32741",
          "participantID": "0672",
          "utterance": "한 다섯시 정도 될 것 같아요, 괜찮죠?",
          "summary": "",
          "date": "2022-10-09",
          "time": "13:34:09",
          "terminate": "false"
        },
        {
          "speaker": "speaker2",
          "personaID": "34111",
          "participantID": "0736",
          "utterance": "네 딱 저녁 먹기 좋은 시간이네요. 오늘 요가 하셨어요?",
          "summary": "",
          "date": "2022-10-09",
          "time": "13:34:28",
          "terminate": "false"
        },
        {
          "speaker": "speaker1",
          "personaID": "32741",
          "participantID": "0672",
          "utterance": "아니요. 요가 귀찮아가지고 오늘은 안 했어요.",
          "summary": "나는 오늘 요가를 안 했다.",
          "date": "2022-10-09",
          "time": "13:34:37",
          "terminate": "false"
        },
        {
          "speaker": "speaker2",
          "personaID": "34111",
          "participantID": "0736",
          "utterance": "전 저번에 등산 갔다 왔을 때 너무 좋았어요. 등산 좋아하세요?",
          "summary": "",
          "date": "2022-10-09",
          "time": "13:34:56",
          "terminate": "false"
        },
        {
          "speaker": "speaker1",
          "personaID": "32741",
          "participantID": "0672",
          "utterance": "사실 제가 큰 산은 아직 섭렵해 보지 못해서. 등산이 좀 겁이 나네요.",
          "summary": "나는 등산이 겁이 난다.",
          "date": "2022-10-09",
          "time": "13:35:21",
          "terminate": "false"
        },
        {
          "speaker": "speaker2",
          "personaID": "34111",
          "participantID": "0736",
          "utterance": "겁낼 거 없어요. 일단 등산화 만 좀 사고 저랑 같이 등산가봐요.",
          "summary": "",
          "date": "2022-10-09",
          "time": "13:35:39",
          "terminate": "false"
        },
        {
          "speaker": "speaker1",
          "personaID": "32741",
          "participantID": "0672",
          "utterance": "알겠어요. 친구가 벌써 결혼 하다니 믿겨지지가 않네요.",
          "summary": "나는 친구가 결혼한다는 게 믿기지 않는다.",
          "date": "2022-10-09",
          "time": "13:36:00",
          "terminate": "false"
        },
        {
          "speaker": "speaker2",
          "personaID": "34111",
          "participantID": "0736",
          "utterance": "저도 제 친구들 다 결혼하고 혼자 남았어요.",
          "summary": "나의 친구들은 다 결혼했다.",
          "date": "2022-10-09",
          "time": "13:36:07",
          "terminate": "false"
        },
        {
          "speaker": "speaker1",
          "personaID": "32741",
          "participantID": "0672",
          "utterance": "아, 진짜요? 다들 일찍 했네요. 아닌가. 내가 늦은 건가?",
          "summary": "",
          "date": "2022-10-09",
          "time": "13:36:15",
          "terminate": "false"
        },
        {
          "speaker": "speaker2",
          "personaID": "34111",
          "participantID": "0736",
          "utterance": "아니죠. 그게 뭐 나이 상관 있어요? 근데 아마 평균 나이가 30대 중반이래요.",
          "summary": "",
          "date": "2022-10-09",
          "time": "13:36:33",
          "terminate": "false"
        },
        {
          "speaker": "speaker1",
          "personaID": "32741",
          "participantID": "0672",
          "utterance": "그렇군요. 저는 일단 결혼식에 갔다 올께요 갔다 와서 연락드릴게요.",
          "summary": "",
          "date": "2022-10-09",
          "time": "13:36:53",
          "terminate": "false"
        },
        {
          "speaker": "speaker2",
          "personaID": "34111",
          "participantID": "0736",
          "utterance": "오케이 알겠습니다. 저는 곱창맛집 찾아보고 있을게요.",
          "summary": "나는 곱창 맛집을 찾아볼 것이다.",
          "date": "2022-10-09",
          "time": "13:36:59",
          "terminate": "true"
        }
      ],
      "sessionPersonaSummary": {
        "speaker1": [
          "나는 오늘 친구 결혼식에 있다.",
          "나는 오늘 요가를 안 했다.",
          "나는 등산이 겁이 난다.",
          "나는 친구가 결혼한다는 게 믿기지 않는다."
        ],
        "speaker2": [
          "나는 가리는 거 없이 다 잘 먹는다.",
          "나의 친구들은 다 결혼했다.",
          "나는 곱창 맛집을 찾아볼 것이다."
        ]
      },
      "prevAggregatedpersonaSummary": {
        "speaker1": [
          "나는 보험설계사다. 난 30대 남자다.",
          "나는 요가를 가끔 한다.",
          "난 블루베리 먹으면서 tv를 볼 거다.",
          "나는 곱창을 좋아한다."
        ],
        "speaker2": [
          "나는 30대 여자다.",
          "나는 레게 음악을 가끔 듣는다.",
          "나는 블루베리를 즐겨 먹는다.",
          "나는 내일 등산하러 간다.",
          "나는 등산하고 먹는 음식을 좋아한다.",
          "나는 막걸리가 먹고 싶다.",
          "나는 곱창이 먹고 싶다."
        ]
      }
    }
  ]
}