{
  "FileInfo": {
    "filename": "K2-00270-CL20147-CP51883-11-02-S2.json",
    "sessionLevel": "2"
  },
  "participantsInfo": {
    "numberOfParticipants": "2",
    "speaker1": {
      "participantID": "4174",
      "gender": "남성",
      "age": "20대",
      "occupation": "생산/노무직",
      "bPlace": "부산/대구/울산/경상",
      "gPlace": "부산/대구/울산/경상",
      "rPlace": "부산/대구/울산/경상",
      "educationLevel": "고졸"
    },
    "speaker2": {
      "participantID": "3777",
      "gender": "여성",
      "age": "40대",
      "occupation": "주부",
      "bPlace": "서울/경기/인천",
      "gPlace": "서울/경기/인천",
      "rPlace": "서울/경기/인천",
      "educationLevel": "고졸"
    }
  },
  "multisessionInfo": {
    "multisessionID": "2-00270"
  },
  "personaInfo": {
    "clInfo": {
      "personaID": "20147",
      "personaFeatures": [
        "나는 남자이다.",
        "나는 20대이다.",
        "나의 거주지는 청주이다",
        "나는 어린이집 교사이다",
        "나는 멜로 영화를 싫어한다"
      ],
      "speakerType": "speaker1"
    },
    "cpInfo": {
      "personaID": "51883",
      "personaFeatures": [
        "나는 여자이다.",
        "나는 50대이다.",
        "나의 거주지는 천안이다",
        "나는 자전거 동호회에 관심 있다",
        "나는 샤인머스캣을 즐겨 먹는다"
      ],
      "speakerType": "speaker2"
    }
  },
  "topicInfo": {
    "topicID": "11-02",
    "topicType": "여가와 오락>게임",
    "topicTitle": "플레이 경험"
  },
  "sessionInfo": [
    {
      "prevSessionID": null,
      "prevTimeInfo": {
        "timeNum": null,
        "timeUnit": null
      },
      "nthSession": "1",
      "numberOfUtterances": "14",
      "numberOfTurns": "7",
      "sessionID": "2-00270-1",
      "dialog": [
        {
          "speaker": "speaker1",
          "personaID": "20147",
          "participantID": "4174",
          "utterance": "안녕하세요~ 저는 청주에사는 20대 남성이에요",
          "summary": "나는 청주에 사는 20대 남성이다",
          "date": "2022-11-02",
          "time": "11:14:45",
          "terminate": "false"
        },
        {
          "speaker": "speaker2",
          "personaID": "51883",
          "participantID": "3777",
          "utterance": "안녕하세요 저는 50대 여성입니다",
          "summary": "나는 50대 여성이다.\n",
          "date": "2022-11-02",
          "time": "11:37:29",
          "terminate": "false"
        },
        {
          "speaker": "speaker1",
          "personaID": "20147",
          "participantID": "4174",
          "utterance": "반가워요~ 어디에 거주하시나요? 저는 청주에서 어린이집 교사로 일하고있어요~",
          "summary": "나는 청주에서 어린이집 교사로 일하고 있다",
          "date": "2022-11-02",
          "time": "12:20:19",
          "terminate": "false"
        },
        {
          "speaker": "speaker2",
          "personaID": "51883",
          "participantID": "3777",
          "utterance": "저의거주지는 천안이에요 저는 주부입니다",
          "summary": "나는 천안에 거주하며 주부다.",
          "date": "2022-11-02",
          "time": "12:27:02",
          "terminate": "false"
        },
        {
          "speaker": "speaker1",
          "personaID": "20147",
          "participantID": "4174",
          "utterance": "그러시군요 주부님들도 하루하루 할일이많아 바쁘시죠? 저희부모님도 그렇더라구요 혹시 좋아하시는 영화있으신가요?",
          "summary": "",
          "date": "2022-11-02",
          "time": "12:28:43",
          "terminate": "false"
        },
        {
          "speaker": "speaker2",
          "personaID": "51883",
          "participantID": "3777",
          "utterance": "영화는 어떤장르던 다 좋아해요 어떤장노좋아하세요?  저는 자전거 타는 것도 좋아해요 그래서 잔전거동호회에 관심있어요",
          "summary": "나는 자전거를 타며 자전거 동호회에 관심 있다.",
          "date": "2022-11-02",
          "time": "12:30:27",
          "terminate": "false"
        },
        {
          "speaker": "speaker1",
          "personaID": "20147",
          "participantID": "4174",
          "utterance": "저는 멜로영화를싫어해요 그외에는 다 골고루보는편인것같아요 멜로는 눈물이 안나더라구요~ 저는 어릴때 자전거타다 넘어진 트라우마가있어서 잘못타겠어요 무섭더라구요",
          "summary": "나는 멜로 영화를 싫어한다 멜로는 눈물이 안 나온다 나는 어릴 때 자전거 타다 넘어진 트라우마로 무서워서 자전거를 못 탄다",
          "date": "2022-11-02",
          "time": "12:45:05",
          "terminate": "false"
        },
        {
          "speaker": "speaker2",
          "personaID": "51883",
          "participantID": "3777",
          "utterance": "그러시구나 전동바이크도 재밌던데 두발이 무서우시낸가봐요",
          "summary": "나는 전동바이크가 재밌다.",
          "date": "2022-11-02",
          "time": "13:05:13",
          "terminate": "false"
        },
        {
          "speaker": "speaker1",
          "personaID": "20147",
          "participantID": "4174",
          "utterance": "자전거는 균형을잡아야해서 그게좀 무섭더라구요 전동바이크는 한번도안타봤어요",
          "summary": "나는 자전거는 균형을 잡아야 해서 무섭다 전동 바이크도 한 번도 안 타봤다",
          "date": "2022-11-02",
          "time": "13:09:01",
          "terminate": "false"
        },
        {
          "speaker": "speaker2",
          "personaID": "51883",
          "participantID": "3777",
          "utterance": "막상 해 보면 무섭지 않을꺼에요  과일 뭐 좋아하세요? 저는 샤인머스켓을 즐겨 먹어요",
          "summary": "나는 샤인 머스켓이 좋다.",
          "date": "2022-11-02",
          "time": "13:13:32",
          "terminate": "false"
        },
        {
          "speaker": "speaker1",
          "personaID": "20147",
          "participantID": "4174",
          "utterance": "샤인머스켓맛있죠! 저는 과즙많은 달달한 멜론을 좋아해요",
          "summary": "나는 과즙 많은 달달한 멜론을 좋아한다",
          "date": "2022-11-02",
          "time": "13:18:58",
          "terminate": "false"
        },
        {
          "speaker": "speaker2",
          "personaID": "51883",
          "participantID": "3777",
          "utterance": "멜론도 너무 맛있죠  요즘 과일은 다 맛있어요",
          "summary": "나느 멜론이 좋다.",
          "date": "2022-11-02",
          "time": "13:32:14",
          "terminate": "false"
        },
        {
          "speaker": "speaker1",
          "personaID": "20147",
          "participantID": "4174",
          "utterance": "그런가요? 과일은 이상하게 많이 먹어도 양심에 안찔리더라구요",
          "summary": "나는 과일은 많이 먹어도 양심에 안 찔린다",
          "date": "2022-11-02",
          "time": "13:43:09",
          "terminate": "false"
        },
        {
          "speaker": "speaker2",
          "personaID": "51883",
          "participantID": "3777",
          "utterance": "하하 맞아요 저는 약속있어 나갑니다~",
          "summary": "",
          "date": "2022-11-02",
          "time": "13:47:43",
          "terminate": "true"
        }
      ],
      "sessionPersonaSummary": {
        "speaker1": [
          "나는 청주에 사는 20대 남성이다",
          "나는 청주에서 어린이집 교사로 일하고 있다",
          "나는 멜로 영화를 싫어한다 멜로는 눈물이 안 나온다",
          "나는 어릴 때 자전거 타다 넘어진 트라우마로 무서워서 자전거를 못 탄다",
          "나는 자전거는 균형을 잡아야 해서 무섭다 전동 바이크도 한 번도 안 타봤다",
          "나는 과즙 많은 달달한 멜론을 좋아한다",
          "나는 과일은 많이 먹어도 양심에 안 찔린다"
        ],
        "speaker2": [
          "나는 50대 여성이다.\n",
          "나는 천안에 거주하며 주부다.",
          "나는 자전거를 타며 자전거 동호회에 관심 있다.",
          "나는 전동바이크가 재밌다.",
          "나는 샤인 머스켓이 좋다.",
          "나느 멜론이 좋다."
        ]
      },
      "prevAggregatedpersonaSummary": {
        "speaker1": [],
        "speaker2": []
      }
    },
    {
      "prevSessionID": "2-00270-1",
      "prevTimeInfo": {
        "timeNum": "1",
        "timeUnit": "시간"
      },
      "nthSession": "2",
      "numberOfUtterances": "14",
      "numberOfTurns": "7",
      "sessionID": "2-00270-2",
      "dialog": [
        {
          "speaker": "speaker1",
          "personaID": "20147",
          "participantID": "4174",
          "utterance": "좀전까지 어린이집 아이들낮잠시간에 혼자 오락을했어요~ 혹시 게임좋아하시나요? ",
          "summary": "나는 어린이집 아이들 낮잠 시간에 혼자 오락을 했다",
          "date": "2022-11-02",
          "time": "13:56:05",
          "terminate": "false"
        },
        {
          "speaker": "speaker2",
          "personaID": "51883",
          "participantID": "3777",
          "utterance": "아니요 핸드폰게임이나 가끔해요  아들들이 롤에 진심들이구요",
          "summary": "나는 자녀들이 있다.",
          "date": "2022-11-02",
          "time": "14:46:36",
          "terminate": "false"
        },
        {
          "speaker": "speaker1",
          "personaID": "20147",
          "participantID": "4174",
          "utterance": "아들이 있으시군요? 저도 롤 좋아해요~ 가끔 퇴근하고 집에서 한답니다 저희어머니는 요즘 휴대폰으로 고스톱을 치세요~ 돈많이땃다고 얼마나좋아하시던지",
          "summary": "나는 롤을 좋아해서 가끔 퇴근하고 집에서 한다 나의 어머니는 요즘 휴대폰으로 고스톱을 친다 재미있어하신다",
          "date": "2022-11-02",
          "time": "14:49:19",
          "terminate": "false"
        },
        {
          "speaker": "speaker2",
          "personaID": "51883",
          "participantID": "3777",
          "utterance": "하하 제친정엄마도 고스톱하세요  패드에도 깔아드리고 폰에도 깔아드렸죠",
          "summary": "",
          "date": "2022-11-02",
          "time": "14:51:33",
          "terminate": "false"
        },
        {
          "speaker": "speaker1",
          "personaID": "20147",
          "participantID": "4174",
          "utterance": "그러시군요~ 저도 휴대폰에 게임깔아서하는데 시간도잘가고 재밌더라구요 휴대폰은 어떤거쓰시나요? 기종에따라서 게임할수있는게 다르더라구요",
          "summary": "나는 휴대폰에 게임을 깔아서 하는데 시간도 잘 가고 재밌다",
          "date": "2022-11-02",
          "time": "14:52:42",
          "terminate": "false"
        },
        {
          "speaker": "speaker2",
          "personaID": "51883",
          "participantID": "3777",
          "utterance": "기종에 따라 할수있는게 다른지는 몰랐네요 저는 z플립이요 역시 젊은 남성분이셔서 잘아시네요",
          "summary": "나는 Z플립을 사용한다.",
          "date": "2022-11-02",
          "time": "14:53:49",
          "terminate": "false"
        },
        {
          "speaker": "speaker1",
          "personaID": "20147",
          "participantID": "4174",
          "utterance": "저희부모님이 연식이좀된 휴대폰을쓰시는데 구동안되는 게임들이 꽤있더라구요~ 게임할때 아무래도 속도랑 그래픽이중요해서그런지 사양이딸리면 작동이안되는 경험을했어요",
          "summary": "나의 부모님이 오래된 휴대폰을 쓰는데 구동이 안 되는 게임이 많다 나는 게임할 때 속도랑 그래픽이 사양이 달려 작동이 안 되는 경험을 했다",
          "date": "2022-11-02",
          "time": "14:55:02",
          "terminate": "false"
        },
        {
          "speaker": "speaker2",
          "personaID": "51883",
          "participantID": "3777",
          "utterance": "그러시구나 제아들들은 pc방보다 좋게 집컴퓨터를 바꿔서 두아들들이 쟁탈전이에요",
          "summary": "",
          "date": "2022-11-02",
          "time": "14:56:21",
          "terminate": "false"
        },
        {
          "speaker": "speaker1",
          "personaID": "20147",
          "participantID": "4174",
          "utterance": "우와 비용이 만만치않을텐데 부럽네요~ 저는 어린이집교사로일하다보니 집에서 PC게임할시간이 많지가않아요",
          "summary": "나는 어린이집 교사로 일해서 집에서 PC 게임할 시간이 많지 않다",
          "date": "2022-11-02",
          "time": "14:57:48",
          "terminate": "false"
        },
        {
          "speaker": "speaker2",
          "personaID": "51883",
          "participantID": "3777",
          "utterance": "님이 효율적인 삶을 사시는 거죠 엄마가 봤을 때는 게임에 시간을 많이 투자하는 건 어리석은 짓 같아요",
          "summary": "",
          "date": "2022-11-02",
          "time": "14:59:22",
          "terminate": "false"
        },
        {
          "speaker": "speaker1",
          "personaID": "20147",
          "participantID": "4174",
          "utterance": "아 부모님이 생각하시기에는 그럴수도있겠어요 @이름@님은 따로 게임을 해보실생각은없으신가요? 한번해보면 스트레스도풀리고 재밌답니다",
          "summary": "나는 게임하면 스트레스도 풀리고 재밌다고 생각한다",
          "date": "2022-11-02",
          "time": "15:05:00",
          "terminate": "false"
        },
        {
          "speaker": "speaker2",
          "personaID": "51883",
          "participantID": "3777",
          "utterance": "절대로요 전략세우고 협업하고 생각만해도 머리 복잡해요",
          "summary": "나는 전략과 협업이 머리 아프다.",
          "date": "2022-11-02",
          "time": "15:16:51",
          "terminate": "false"
        },
        {
          "speaker": "speaker1",
          "personaID": "20147",
          "participantID": "4174",
          "utterance": "간단한 블럭맞추기같은 그런게임은어떠세요? 저희어머니는 고스톱말고 애니팡처럼 같은그림3개맞추는게임도 좋아하시더라구요",
          "summary": "나의 어머니는 그림 맞추는 게임도 좋아하신다",
          "date": "2022-11-02",
          "time": "15:17:32",
          "terminate": "false"
        },
        {
          "speaker": "speaker2",
          "personaID": "51883",
          "participantID": "3777",
          "utterance": "그런거라면  저도 가끔은 해요 심심풀이라고나 할까  전 이만 시장보러 갑니다",
          "summary": "",
          "date": "2022-11-02",
          "time": "15:19:06",
          "terminate": "true"
        }
      ],
      "sessionPersonaSummary": {
        "speaker1": [
          "나는 어린이집 아이들 낮잠 시간에 혼자 오락을 했다",
          "나는 롤을 좋아해서 가끔 퇴근하고 집에서 한다",
          "나의 어머니는 요즘 휴대폰으로 고스톱을 친다 재미있어하신다",
          "나는 휴대폰에 게임을 깔아서 하는데 시간도 잘 가고 재밌다",
          "나의 부모님이 오래된 휴대폰을 쓰는데 구동이 안 되는 게임이 많다",
          "나는 게임할 때 속도랑 그래픽이 사양이 달려 작동이 안 되는 경험을 했다",
          "나는 어린이집 교사로 일해서 집에서 PC 게임할 시간이 많지 않다",
          "나는 게임하면 스트레스도 풀리고 재밌다고 생각한다",
          "나의 어머니는 그림 맞추는 게임도 좋아하신다"
        ],
        "speaker2": [
          "나는 자녀들이 있다.",
          "나는 Z플립을 사용한다.",
          "나는 전략과 협업이 머리 아프다."
        ]
      },
      "prevAggregatedpersonaSummary": {
        "speaker1": [
          "나는 청주에 사는 20대 남성이다",
          "나는 청주에서 어린이집 교사로 일하고 있다",
          "나는 멜로 영화를 싫어한다 멜로는 눈물이 안 나온다",
          "나는 어릴 때 자전거 타다 넘어진 트라우마로 무서워서 자전거를 못 탄다",
          "나는 자전거는 균형을 잡아야 해서 무섭다 전동 바이크도 한 번도 안 타봤다",
          "나는 과즙 많은 달달한 멜론을 좋아한다",
          "나는 과일은 많이 먹어도 양심에 안 찔린다"
        ],
        "speaker2": [
          "나는 50대 여성이다.\n",
          "나는 천안에 거주하며 주부다.",
          "나는 자전거를 타며 자전거 동호회에 관심 있다.",
          "나는 전동바이크가 재밌다.",
          "나는 샤인 머스켓이 좋다.",
          "나느 멜론이 좋다."
        ]
      }
    }
  ]
}