{
  "FileInfo": {
    "filename": "K2-00201-CL61428-CP35105-07-04-S2.json",
    "sessionLevel": "2"
  },
  "participantsInfo": {
    "numberOfParticipants": "2",
    "speaker1": {
      "participantID": "4450",
      "gender": "여성",
      "age": "60대 이상",
      "occupation": "주부",
      "bPlace": "서울/경기/인천",
      "gPlace": "서울/경기/인천",
      "rPlace": "서울/경기/인천",
      "educationLevel": "고졸"
    },
    "speaker2": {
      "participantID": "4500",
      "gender": "여성",
      "age": "40대",
      "occupation": "주부",
      "bPlace": "광주/전라/제주",
      "gPlace": "광주/전라/제주",
      "rPlace": "서울/경기/인천",
      "educationLevel": "대졸"
    }
  },
  "multisessionInfo": {
    "multisessionID": "2-00201"
  },
  "personaInfo": {
    "clInfo": {
      "personaID": "61428",
      "personaFeatures": [
        "나는 여자이다.",
        "나는 60대 이상이다.",
        "나는 은퇴했다",
        "나는 운전하는 것을 싫어한다",
        "나는 체리를 좋아한다"
      ],
      "speakerType": "speaker1"
    },
    "cpInfo": {
      "personaID": "35105",
      "personaFeatures": [
        "나는 여자이다.",
        "나는 30대이다.",
        "나의 거주지는 서울이다",
        "나는 심리학과를 전공했다",
        "나는 첼로를 배우고 싶다",
        "나는 다소 성격이 급하다",
        "나는 부동산 투자에 관심이 없다"
      ],
      "speakerType": "speaker2"
    }
  },
  "topicInfo": {
    "topicID": "07-04",
    "topicType": "개인 및 관계>가족",
    "topicTitle": "형제"
  },
  "sessionInfo": [
    {
      "prevSessionID": null,
      "prevTimeInfo": {
        "timeNum": null,
        "timeUnit": null
      },
      "nthSession": "1",
      "numberOfUtterances": "14",
      "numberOfTurns": "7",
      "sessionID": "2-00201-1",
      "dialog": [
        {
          "speaker": "speaker1",
          "personaID": "61428",
          "participantID": "4450",
          "utterance": "안녕하세요. 저는 60대 여성입니다.",
          "summary": "나는 60대 여성이다.",
          "date": "2022-11-19",
          "time": "18:23:33",
          "terminate": "false"
        },
        {
          "speaker": "speaker2",
          "personaID": "35105",
          "participantID": "4500",
          "utterance": "안녕하세요. 저는 서울에 사는 30대 여성입니다. ",
          "summary": "나는 서울에 사는 30대 여성이다.",
          "date": "2022-11-19",
          "time": "18:32:26",
          "terminate": "false"
        },
        {
          "speaker": "speaker1",
          "personaID": "61428",
          "participantID": "4450",
          "utterance": "저는 얼마전에 다니던 회사를 은퇴했습니다. 혹시 무슨 일하는지 물어봐도 될까요?",
          "summary": "나는 얼마 전에 다니던 회사를 은퇴했다.",
          "date": "2022-11-19",
          "time": "19:25:06",
          "terminate": "false"
        },
        {
          "speaker": "speaker2",
          "personaID": "35105",
          "participantID": "4500",
          "utterance": "저느심리학전공을 해서 관련 일을 하다 지금은 전업주부입니다. ",
          "summary": "나는 심리학 전공을 해서 관련 일을 하다 지금은 전업주부이다.",
          "date": "2022-11-19",
          "time": "19:46:39",
          "terminate": "false"
        },
        {
          "speaker": "speaker1",
          "personaID": "61428",
          "participantID": "4450",
          "utterance": "아 그러시군요.저는 체리를 좋아합니다.  @이름@님은 어떤 과일을 좋아하시나요?",
          "summary": "나는 체리를 좋아한다.",
          "date": "2022-11-19",
          "time": "20:08:28",
          "terminate": "false"
        },
        {
          "speaker": "speaker2",
          "personaID": "35105",
          "participantID": "4500",
          "utterance": "저는 복숭아와 수박을 좋아합니다. ",
          "summary": "나는 복숭아와 수박을 좋아한다.",
          "date": "2022-11-19",
          "time": "20:18:52",
          "terminate": "false"
        },
        {
          "speaker": "speaker1",
          "personaID": "61428",
          "participantID": "4450",
          "utterance": "복숭아 정말 맛있죠. 저는 운전하는 것을 싫어합니다.   @이름@님은 직접 운전하고 다니시나요?",
          "summary": "나는 운전하는 것을 싫어한다.",
          "date": "2022-11-20",
          "time": "10:57:35",
          "terminate": "false"
        },
        {
          "speaker": "speaker2",
          "personaID": "35105",
          "participantID": "4500",
          "utterance": "네. 직접운전하고 다닌답니다. 다소 성격이 급한편이라 멀리갈 때는 차가 막히는게 싫어서  대중교통을 이용합니다. ",
          "summary": "나는 성격이 급해 멀리 이동할 때는 차가 막히는 게 싫어서 대중교통을 이용한다.",
          "date": "2022-11-20",
          "time": "13:10:28",
          "terminate": "false"
        },
        {
          "speaker": "speaker1",
          "personaID": "61428",
          "participantID": "4450",
          "utterance": "교통체증이 심할때는 대중교통이 가장 빠르긴 하죠.",
          "summary": "나는 교통체증이 심할 때는 대중교통이 가장 빠르다고 생각한다",
          "date": "2022-11-20",
          "time": "13:58:59",
          "terminate": "false"
        },
        {
          "speaker": "speaker2",
          "personaID": "35105",
          "participantID": "4500",
          "utterance": "네. 맞아요. 서울은 출 퇴근 시간엔 차가 막혀도 너무 막혀서요. ",
          "summary": "나는 서울 출퇴근 시간에 차가 너무 막히는 것 같다.",
          "date": "2022-11-20",
          "time": "14:30:56",
          "terminate": "false"
        },
        {
          "speaker": "speaker1",
          "personaID": "61428",
          "participantID": "4450",
          "utterance": "사실 지하철이 가장 빠르긴 해요.",
          "summary": "나는 지하철이 가장 빠르다고 생각한다.",
          "date": "2022-11-20",
          "time": "15:17:32",
          "terminate": "false"
        },
        {
          "speaker": "speaker2",
          "personaID": "35105",
          "participantID": "4500",
          "utterance": "맞아요. 요즘 첼로연주곡에 빠져서 첼로를 배우고 싶은데 혹시 다루시는 악기 있으신가요?",
          "summary": "나는 요즘 첼로를 배우고 싶다.",
          "date": "2022-11-20",
          "time": "15:34:02",
          "terminate": "false"
        },
        {
          "speaker": "speaker1",
          "personaID": "61428",
          "participantID": "4450",
          "utterance": "아니요. 악기는 못다룹니다. 음악을  좋아하시나봐요",
          "summary": "나는 악기를 다루지 못한다.",
          "date": "2022-11-20",
          "time": "15:56:31",
          "terminate": "false"
        },
        {
          "speaker": "speaker2",
          "personaID": "35105",
          "participantID": "4500",
          "utterance": "네~좋아합니다. 그런데 제가 다소 성격이 급한편이라 잘 배울 수 있을지는 모르겠어요. ",
          "summary": "나는 성격이 급한 편이라 잘 배울 수 있을지는 모르겠다.",
          "date": "2022-11-20",
          "time": "21:03:40",
          "terminate": "true"
        }
      ],
      "sessionPersonaSummary": {
        "speaker1": [
          "나는 60대 여성이다.",
          "나는 얼마 전에 다니던 회사를 은퇴했다.",
          "나는 체리를 좋아한다.",
          "나는 운전하는 것을 싫어한다.",
          "나는 교통체증이 심할 때는 대중교통이 가장 빠르다고 생각한다",
          "나는 지하철이 가장 빠르다고 생각한다.",
          "나는 악기를 다루지 못한다."
        ],
        "speaker2": [
          "나는 서울에 사는 30대 여성이다.",
          "나는 심리학 전공을 해서 관련 일을 하다 지금은 전업주부이다.",
          "나는 복숭아와 수박을 좋아한다.",
          "나는 성격이 급해 멀리 이동할 때는 차가 막히는 게 싫어서 대중교통을 이용한다.",
          "나는 서울 출퇴근 시간에 차가 너무 막히는 것 같다.",
          "나는 요즘 첼로를 배우고 싶다.",
          "나는 성격이 급한 편이라 잘 배울 수 있을지는 모르겠다."
        ]
      },
      "prevAggregatedpersonaSummary": {
        "speaker1": [],
        "speaker2": []
      }
    },
    {
      "prevSessionID": "2-00201-1",
      "prevTimeInfo": {
        "timeNum": "15",
        "timeUnit": "시간"
      },
      "nthSession": "2",
      "numberOfUtterances": "14",
      "numberOfTurns": "7",
      "sessionID": "2-00201-2",
      "dialog": [
        {
          "speaker": "speaker1",
          "personaID": "61428",
          "participantID": "4450",
          "utterance": "15시간만에 다시 뵙네요.모하고 계셨나요?",
          "summary": "",
          "date": "2022-11-21",
          "time": "15:21:51",
          "terminate": "false"
        },
        {
          "speaker": "speaker2",
          "personaID": "35105",
          "participantID": "4500",
          "utterance": "그렇네요. 뭐하고 보내셨어요?",
          "summary": "",
          "date": "2022-11-22",
          "time": "09:53:11",
          "terminate": "false"
        },
        {
          "speaker": "speaker1",
          "personaID": "61428",
          "participantID": "4450",
          "utterance": "언니네가족들이 놀러와서 오랜만에 수다 떨었어요.",
          "summary": "나는 언니네 가족들이 놀러 와서 오랜만에 수다 떨었다",
          "date": "2022-11-22",
          "time": "15:20:26",
          "terminate": "false"
        },
        {
          "speaker": "speaker2",
          "personaID": "35105",
          "participantID": "4500",
          "utterance": "너무 좋으셨겠어요. 저도 일주일 후에 언니가족이 집에 놀러 온답니다. ",
          "summary": "나는 일주일 후 언니 가족이 집에 놀러 온다.",
          "date": "2022-11-22",
          "time": "16:53:42",
          "terminate": "false"
        },
        {
          "speaker": "speaker1",
          "personaID": "61428",
          "participantID": "4450",
          "utterance": "와 좋으시겠네요. 언니랑 나이 차이가 얼마나나요?",
          "summary": "",
          "date": "2022-11-22",
          "time": "18:04:59",
          "terminate": "false"
        },
        {
          "speaker": "speaker2",
          "personaID": "35105",
          "participantID": "4500",
          "utterance": "6살 차이가 나지만,, 얘기가 잘 통해요. 형제가 어떻게 되세요?",
          "summary": "나는 형제와 얘기가 잘 통한다.",
          "date": "2022-11-22",
          "time": "19:23:05",
          "terminate": "false"
        },
        {
          "speaker": "speaker1",
          "personaID": "61428",
          "participantID": "4450",
          "utterance": "저는 한 살 차이나는 언니 하나입니다.",
          "summary": "나는 한 살 차이 나는 언니 한 명이다",
          "date": "2022-11-22",
          "time": "19:54:38",
          "terminate": "false"
        },
        {
          "speaker": "speaker2",
          "personaID": "35105",
          "participantID": "4500",
          "utterance": "그러시군요. 자매시면 사이가 엄청 좋으시겠어요. ",
          "summary": "나는 자매는 사이가 엄청 좋을 것 같다.",
          "date": "2022-11-22",
          "time": "20:20:36",
          "terminate": "false"
        },
        {
          "speaker": "speaker1",
          "personaID": "61428",
          "participantID": "4450",
          "utterance": "연연생이다 보니깐 친구같은 느낌이 많이 나요.  @이름@님도 나이차 상관없이 언니와 말이 잘 통한다니 다행이네요.",
          "summary": "나는 연년생이다 보이 친구 같은 느낌이 많이 난다",
          "date": "2022-11-22",
          "time": "20:23:41",
          "terminate": "false"
        },
        {
          "speaker": "speaker2",
          "personaID": "35105",
          "participantID": "4500",
          "utterance": "네네. 언니지만 친구 같은 느낌이 더 있답니다. ",
          "summary": "나는 언니가 친구 같은 느낌이 있다.",
          "date": "2022-11-22",
          "time": "20:41:58",
          "terminate": "false"
        },
        {
          "speaker": "speaker1",
          "personaID": "61428",
          "participantID": "4450",
          "utterance": "그런게 좋은 거죠. 그래서 형제가 있는게 좋긴한것 같아요.",
          "summary": "나는 형제가 있는 게 좋은 것 같다",
          "date": "2022-11-23",
          "time": "10:51:58",
          "terminate": "false"
        },
        {
          "speaker": "speaker2",
          "personaID": "35105",
          "participantID": "4500",
          "utterance": "맞아요. 형제가 있는 건 행복인 것 같아요. 의지도 많이 되고 ",
          "summary": "나는 형제가 있어 의지가 되고 행복하다.",
          "date": "2022-11-23",
          "time": "22:02:36",
          "terminate": "false"
        },
        {
          "speaker": "speaker1",
          "personaID": "61428",
          "participantID": "4450",
          "utterance": "요즘은 형제지간에도 사이가 안 좋으면 남 보다 못한것 같더라구요.",
          "summary": "나는 형제지간에도 사이구 안 좋으면 남 조드 못 한 것 같다",
          "date": "2022-11-23",
          "time": "22:09:56",
          "terminate": "false"
        },
        {
          "speaker": "speaker2",
          "personaID": "35105",
          "participantID": "4500",
          "utterance": "맞아요. 잘 통하는 형제자매가 있음에 감사하며 저는 이만 잘 준비 하러 가볼께요. 좋은 밤 되세요 ",
          "summary": "나는 잘 통하는 형제자매가 있음에 감사한다.",
          "date": "2022-11-23",
          "time": "22:12:52",
          "terminate": "true"
        }
      ],
      "sessionPersonaSummary": {
        "speaker1": [
          "나는 언니네 가족들이 놀러 와서 오랜만에 수다 떨었다",
          "나는 한 살 차이 나는 언니 한 명이다",
          "나는 연년생이다 보이 친구 같은 느낌이 많이 난다",
          "나는 형제가 있는 게 좋은 것 같다",
          "나는 형제지간에도 사이구 안 좋으면 남 조드 못 한 것 같다"
        ],
        "speaker2": [
          "나는 일주일 후 언니 가족이 집에 놀러 온다.",
          "나는 형제와 얘기가 잘 통한다.",
          "나는 자매는 사이가 엄청 좋을 것 같다.",
          "나는 언니가 친구 같은 느낌이 있다.",
          "나는 형제가 있어 의지가 되고 행복하다.",
          "나는 잘 통하는 형제자매가 있음에 감사한다."
        ]
      },
      "prevAggregatedpersonaSummary": {
        "speaker1": [
          "나는 60대 여성이다.",
          "나는 얼마 전에 다니던 회사를 은퇴했다.",
          "나는 체리를 좋아한다.",
          "나는 운전하는 것을 싫어한다.",
          "나는 교통체증이 심할 때는 대중교통이 가장 빠르다고 생각한다",
          "나는 지하철이 가장 빠르다고 생각한다.",
          "나는 악기를 다루지 못한다."
        ],
        "speaker2": [
          "나는 서울에 사는 30대 여성이다.",
          "나는 심리학 전공을 해서 관련 일을 하다 지금은 전업주부이다.",
          "나는 복숭아와 수박을 좋아한다.",
          "나는 성격이 급해 멀리 이동할 때는 차가 막히는 게 싫어서 대중교통을 이용한다.",
          "나는 서울 출퇴근 시간에 차가 너무 막히는 것 같다.",
          "나는 요즘 첼로를 배우고 싶다.",
          "나는 성격이 급한 편이라 잘 배울 수 있을지는 모르겠다."
        ]
      }
    }
  ]
}