{
  "FileInfo": {
    "filename": "K2-00244-CL30559-CP50906-19-07-S2.json",
    "sessionLevel": "2"
  },
  "participantsInfo": {
    "numberOfParticipants": "2",
    "speaker1": {
      "participantID": "3900",
      "gender": "남성",
      "age": "40대",
      "occupation": "서비스직",
      "bPlace": "서울/경기/인천",
      "gPlace": "서울/경기/인천",
      "rPlace": "서울/경기/인천",
      "educationLevel": "대졸"
    },
    "speaker2": {
      "participantID": "4838",
      "gender": "남성",
      "age": "40대",
      "occupation": "자영업",
      "bPlace": "부산/대구/울산/경상",
      "gPlace": "부산/대구/울산/경상",
      "rPlace": "부산/대구/울산/경상",
      "educationLevel": "고졸"
    }
  },
  "multisessionInfo": {
    "multisessionID": "2-00244"
  },
  "personaInfo": {
    "clInfo": {
      "personaID": "30559",
      "personaFeatures": [
        "나는 남자이다.",
        "나는 30대이다.",
        "나는 중학교 과학 교사이다",
        "나는 실내에서 테니스 치는 것을 싫어한다",
        "나는 돈가스를 좋아한다"
      ],
      "speakerType": "speaker1"
    },
    "cpInfo": {
      "personaID": "50906",
      "personaFeatures": [
        "나는 남자이다.",
        "나는 50대이다.",
        "나는 대기업에 다닌다",
        "나는 저녁에 친구를 만난다",
        "나는 사과를 싫어한다"
      ],
      "speakerType": "speaker2"
    }
  },
  "topicInfo": {
    "topicID": "19-07",
    "topicType": "예술문화 생활>방송/연예",
    "topicTitle": "뉴스"
  },
  "sessionInfo": [
    {
      "prevSessionID": null,
      "prevTimeInfo": {
        "timeNum": null,
        "timeUnit": null
      },
      "nthSession": "1",
      "numberOfUtterances": "14",
      "numberOfTurns": "7",
      "sessionID": "2-00244-1",
      "dialog": [
        {
          "speaker": "speaker1",
          "personaID": "30559",
          "participantID": "3900",
          "utterance": "안녕하세요. 저는 돈가스를 좋아하는 30대 남성입니다.",
          "summary": "나는 돈가스를 좋아하는 30대 남성이다",
          "date": "2022-11-29",
          "time": "11:29:32",
          "terminate": "false"
        },
        {
          "speaker": "speaker2",
          "personaID": "50906",
          "participantID": "4838",
          "utterance": "안녕하세요 저는 사과를 싫어하는 50대 남성입니다",
          "summary": "나는 사과를 싫어하는 50대 남성이다.",
          "date": "2022-11-29",
          "time": "11:30:26",
          "terminate": "false"
        },
        {
          "speaker": "speaker1",
          "personaID": "30559",
          "participantID": "3900",
          "utterance": "저는 중학교 과학 교사입니다. 무슨일하세요?",
          "summary": "나는 중학교 과학교사다",
          "date": "2022-11-29",
          "time": "11:30:58",
          "terminate": "false"
        },
        {
          "speaker": "speaker2",
          "personaID": "50906",
          "participantID": "4838",
          "utterance": "저는 대기업에 다니고 있습니다 저희 아들이 중학생인데 선생님이시군요 반가워요",
          "summary": "나는 대기업에 다니고 있다.",
          "date": "2022-11-29",
          "time": "11:32:47",
          "terminate": "false"
        },
        {
          "speaker": "speaker1",
          "personaID": "30559",
          "participantID": "3900",
          "utterance": "반갑습니다. 저는 실내에서 테니스 치는 것을 싫어해요. 싫어하는 운동도있으신가요?",
          "summary": "나는 실내에서 테니스 치는 것을 싫어한다",
          "date": "2022-11-29",
          "time": "11:44:31",
          "terminate": "false"
        },
        {
          "speaker": "speaker2",
          "personaID": "50906",
          "participantID": "4838",
          "utterance": "하는 것보다 보는 것을 좋아해요 ",
          "summary": "나는 스포츠 보는 것을 좋아한다.",
          "date": "2022-11-29",
          "time": "15:23:25",
          "terminate": "false"
        },
        {
          "speaker": "speaker1",
          "personaID": "30559",
          "participantID": "3900",
          "utterance": "그러시군요. 어떤 운동을 시청하시나요?",
          "summary": "",
          "date": "2022-11-29",
          "time": "15:24:03",
          "terminate": "false"
        },
        {
          "speaker": "speaker2",
          "personaID": "50906",
          "participantID": "4838",
          "utterance": "야구 좋아합니다 어제는 축구보느라 잠을 설쳤네요",
          "summary": "나는 야구를 좋아한다.",
          "date": "2022-11-29",
          "time": "15:25:05",
          "terminate": "false"
        },
        {
          "speaker": "speaker1",
          "personaID": "30559",
          "participantID": "3900",
          "utterance": "어제 축구는 너무 아쉬웠던거 같아요. 수비만 견고했더라면 이겼을텐데 말이죠.",
          "summary": "나는 어제 축구는 너무 아쉬웠던 것 같다",
          "date": "2022-11-29",
          "time": "15:26:07",
          "terminate": "false"
        },
        {
          "speaker": "speaker2",
          "personaID": "50906",
          "participantID": "4838",
          "utterance": "그러게요 잘하던데 걸맞게 바로 조급해짐이 보이더군요 그런데 골을 너무 허무하게 먹었어요 골키퍼가 많이 아쉬웠습니다",
          "summary": "나는 축구에서 우리나라가 진 것이 아쉽다.",
          "date": "2022-11-29",
          "time": "15:27:57",
          "terminate": "false"
        },
        {
          "speaker": "speaker1",
          "personaID": "30559",
          "participantID": "3900",
          "utterance": "맞아요. 하나만 선방했더라면 하는 아쉬움이 컸어요. 비기기만 했어요. 상당히 16강 진출에 유리한 경기 였는데 말이죠.",
          "summary": "나는 하나만 선방했더하면 하는 아쉬움이 컸다",
          "date": "2022-11-29",
          "time": "15:30:37",
          "terminate": "false"
        },
        {
          "speaker": "speaker2",
          "personaID": "50906",
          "participantID": "4838",
          "utterance": "오늘  저녁에 친구를 만나는데 이 얘기가 안주거리가 되겠네요 ",
          "summary": "나는 오늘 저녁에 친구를 만난다.",
          "date": "2022-11-30",
          "time": "07:05:24",
          "terminate": "false"
        },
        {
          "speaker": "speaker1",
          "personaID": "30559",
          "participantID": "3900",
          "utterance": "오늘 이야기 재미있었어요. 다음에 또 이야기 해요.",
          "summary": "",
          "date": "2022-11-30",
          "time": "08:56:43",
          "terminate": "false"
        },
        {
          "speaker": "speaker2",
          "personaID": "50906",
          "participantID": "4838",
          "utterance": "오늘 업무가 많네요 즐거운하루 되세요",
          "summary": "",
          "date": "2022-11-30",
          "time": "09:02:25",
          "terminate": "true"
        }
      ],
      "sessionPersonaSummary": {
        "speaker1": [
          "나는 돈가스를 좋아하는 30대 남성이다",
          "나는 중학교 과학교사다",
          "나는 실내에서 테니스 치는 것을 싫어한다",
          "나는 어제 축구는 너무 아쉬웠던 것 같다",
          "나는 하나만 선방했더하면 하는 아쉬움이 컸다"
        ],
        "speaker2": [
          "나는 사과를 싫어하는 50대 남성이다.",
          "나는 대기업에 다니고 있다.",
          "나는 스포츠 보는 것을 좋아한다.",
          "나는 야구를 좋아한다.",
          "나는 축구에서 우리나라가 진 것이 아쉽다.",
          "나는 오늘 저녁에 친구를 만난다."
        ]
      },
      "prevAggregatedpersonaSummary": {
        "speaker1": [],
        "speaker2": []
      }
    },
    {
      "prevSessionID": "2-00244-1",
      "prevTimeInfo": {
        "timeNum": "9",
        "timeUnit": "일"
      },
      "nthSession": "2",
      "numberOfUtterances": "14",
      "numberOfTurns": "7",
      "sessionID": "2-00244-2",
      "dialog": [
        {
          "speaker": "speaker1",
          "personaID": "30559",
          "participantID": "3900",
          "utterance": "안녕하세요. 9일만이네요. 잘 지내셨어요?",
          "summary": "",
          "date": "2022-11-30",
          "time": "09:46:18",
          "terminate": "false"
        },
        {
          "speaker": "speaker2",
          "personaID": "50906",
          "participantID": "4838",
          "utterance": "네 잘 지냈어요 벌써 9일이나 지났나요",
          "summary": "",
          "date": "2022-11-30",
          "time": "09:47:04",
          "terminate": "false"
        },
        {
          "speaker": "speaker1",
          "personaID": "30559",
          "participantID": "3900",
          "utterance": "피겨요정이 최근 결혼한 소식 들으셨나요? 너무 행복해보여요. 결혼식 뉴스로 접했어요. 제가 중학교 교사라 소식이 빠르기도 하고요.",
          "summary": "",
          "date": "2022-11-30",
          "time": "09:55:07",
          "terminate": "false"
        },
        {
          "speaker": "speaker2",
          "personaID": "50906",
          "participantID": "4838",
          "utterance": "저도 대기업에 다녀서 소식이 빠른 편입니다. 10월 11월에 결혼한 연예인이 수두룩하더군요 ",
          "summary": "나는 10월 11월에 결혼한 연예인들이 많다고 생각한다.",
          "date": "2022-11-30",
          "time": "09:56:28",
          "terminate": "false"
        },
        {
          "speaker": "speaker1",
          "personaID": "30559",
          "participantID": "3900",
          "utterance": "코로나가 많이 풀려서 결혼 많이하나봐요. 다들 행복해 보여 좋아보이네요.",
          "summary": "나는 코로나가 많이 풀려서 결혼 많이 하는 것 같다",
          "date": "2022-11-30",
          "time": "09:58:11",
          "terminate": "false"
        },
        {
          "speaker": "speaker2",
          "personaID": "50906",
          "participantID": "4838",
          "utterance": "맞아요 결혼장려라도 하듯 우루루 결혼하네요 그리고 어제 득남소식도 들리더라구요",
          "summary": "나는 연예인이 득남했다는 소식을 들었다.",
          "date": "2022-11-30",
          "time": "10:03:16",
          "terminate": "false"
        },
        {
          "speaker": "speaker1",
          "personaID": "30559",
          "participantID": "3900",
          "utterance": "연예인들은 결혼하면 끼가 많아서 자녀들도 노래든 연기든 잘할거 같아 부러워요. 전 끼가 없어서 물려줄게 없네요.",
          "summary": "나는 끼가 없어서 물려줄 게 없다",
          "date": "2022-11-30",
          "time": "10:06:02",
          "terminate": "false"
        },
        {
          "speaker": "speaker2",
          "personaID": "50906",
          "participantID": "4838",
          "utterance": "진짜 그렇죠 우리딸이 끼가 많은데 아이돌 함 시켜 볼까 생각하는데 잘 커주길 바랍니다",
          "summary": "나는 딸아이의 연예계 진출을 고민하다고 있다.\n",
          "date": "2022-11-30",
          "time": "10:10:59",
          "terminate": "false"
        },
        {
          "speaker": "speaker1",
          "personaID": "30559",
          "participantID": "3900",
          "utterance": "요즘에는 예전처럼 판검사, 의사로 키우기보다는 방송쪽으로 진출하는게 경제적으로 더 큰 부를 쌓을 수 있게된거같아요. 시대가 많이 변한거 같아요. 그렇다고 쉬운길은 아닌거 같아요. 경쟁이 그만큼 치열하니까 말이에요. ",
          "summary": "나는 요즘은 예전처럼 의사 판검사로 키우기보다는 방송 쪽이 더 큰 부를 쌓을 것 같다",
          "date": "2022-11-30",
          "time": "10:14:42",
          "terminate": "false"
        },
        {
          "speaker": "speaker2",
          "personaID": "50906",
          "participantID": "4838",
          "utterance": "경쟁이 치열한 그 어린나이부터 그 전쟁속에 들어간 초등학생들 보면 안쓰럽기도 하죠",
          "summary": "나는 연예인들이 경쟁을 하는 것이 안쓰러워 보인다.",
          "date": "2022-11-30",
          "time": "10:16:16",
          "terminate": "false"
        },
        {
          "speaker": "speaker1",
          "personaID": "30559",
          "participantID": "3900",
          "utterance": "맞아요. 예전에는 점잖고, 공부잘하는 사람이 사회적으로 성공했다면 요즘은 끼많고 자기자신을 남들에게 잘 표현하는 사람들이 사회적으로 성공하더라고요. 하지만 어디든 경쟁이 존재하니 성공한 사람들은 대단해보여요.\n",
          "summary": "나는 요즘은 끼 많고 자기표현 잘하는 사람들이 사회적으로 성공하는 것 같다",
          "date": "2022-11-30",
          "time": "10:24:25",
          "terminate": "false"
        },
        {
          "speaker": "speaker2",
          "personaID": "50906",
          "participantID": "4838",
          "utterance": "그럼요 그런데 연예계는 사람들 사이도 조심해야하고 말 많고 탈 많은 곳이죠",
          "summary": "나는 연예계가 탈도 많고 말도 많은 곳이라 여긴다.",
          "date": "2022-11-30",
          "time": "13:12:33",
          "terminate": "false"
        },
        {
          "speaker": "speaker1",
          "personaID": "30559",
          "participantID": "3900",
          "utterance": "그런거 같습니다. 부럽기도 하고 대단하기도 해요. 오늘 말씀 감사해요.",
          "summary": "",
          "date": "2022-11-30",
          "time": "13:46:10",
          "terminate": "false"
        },
        {
          "speaker": "speaker2",
          "personaID": "50906",
          "participantID": "4838",
          "utterance": "네 저도 즐거웠습니다 오후 미팅이 있어서 나가볼께요",
          "summary": "",
          "date": "2022-11-30",
          "time": "13:46:55",
          "terminate": "true"
        }
      ],
      "sessionPersonaSummary": {
        "speaker1": [
          "나는 코로나가 많이 풀려서 결혼 많이 하는 것 같다",
          "나는 끼가 없어서 물려줄 게 없다",
          "나는 요즘은 예전처럼 의사 판검사로 키우기보다는 방송 쪽이 더 큰 부를 쌓을 것 같다",
          "나는 요즘은 끼 많고 자기표현 잘하는 사람들이 사회적으로 성공하는 것 같다"
        ],
        "speaker2": [
          "나는 10월 11월에 결혼한 연예인들이 많다고 생각한다.",
          "나는 연예인이 득남했다는 소식을 들었다.",
          "나는 딸아이의 연예계 진출을 고민하다고 있다.\n",
          "나는 연예인들이 경쟁을 하는 것이 안쓰러워 보인다.",
          "나는 연예계가 탈도 많고 말도 많은 곳이라 여긴다."
        ]
      },
      "prevAggregatedpersonaSummary": {
        "speaker1": [
          "나는 돈가스를 좋아하는 30대 남성이다",
          "나는 중학교 과학교사다",
          "나는 실내에서 테니스 치는 것을 싫어한다",
          "나는 어제 축구는 너무 아쉬웠던 것 같다",
          "나는 하나만 선방했더하면 하는 아쉬움이 컸다"
        ],
        "speaker2": [
          "나는 사과를 싫어하는 50대 남성이다.",
          "나는 대기업에 다니고 있다.",
          "나는 스포츠 보는 것을 좋아한다.",
          "나는 야구를 좋아한다.",
          "나는 축구에서 우리나라가 진 것이 아쉽다.",
          "나는 오늘 저녁에 친구를 만난다."
        ]
      }
    }
  ]
}