{
  "FileInfo": {
    "filename": "K2-00026-CL51512-CP41037-11-03-S2.json",
    "sessionLevel": "2"
  },
  "participantsInfo": {
    "numberOfParticipants": "2",
    "speaker1": {
      "participantID": "3558",
      "gender": "여성",
      "age": "40대",
      "occupation": "사무직",
      "bPlace": "서울/경기/인천",
      "gPlace": "서울/경기/인천",
      "rPlace": "서울/경기/인천",
      "educationLevel": "대졸"
    },
    "speaker2": {
      "participantID": "3565",
      "gender": "남성",
      "age": "40대",
      "occupation": "기타",
      "bPlace": "서울/경기/인천",
      "gPlace": "서울/경기/인천",
      "rPlace": "서울/경기/인천",
      "educationLevel": "대졸"
    }
  },
  "multisessionInfo": {
    "multisessionID": "2-00026"
  },
  "personaInfo": {
    "clInfo": {
      "personaID": "51512",
      "personaFeatures": [
        "나는 여자이다.",
        "나는 50대이다.",
        "나는 조경기술자이다",
        "나는 결혼하지 않았다",
        "나는 고량주를 좋아한다"
      ],
      "speakerType": "speaker1"
    },
    "cpInfo": {
      "personaID": "41037",
      "personaFeatures": [
        "나는 남자이다.",
        "나는 40대이다.",
        "나는 요즘, 가끔 우울하다",
        "내가 가장 슬펐던 때는 친구가 많이 아프다는 소식을 들었을 때이다",
        "나는 와인을 일주일에 서너 번 마신다"
      ],
      "speakerType": "speaker2"
    }
  },
  "topicInfo": {
    "topicID": "11-03",
    "topicType": "여가와 오락>게임",
    "topicTitle": "전통/민속놀이"
  },
  "sessionInfo": [
    {
      "prevSessionID": null,
      "prevTimeInfo": {
        "timeNum": null,
        "timeUnit": null
      },
      "nthSession": "1",
      "numberOfUtterances": "14",
      "numberOfTurns": "7",
      "sessionID": "2-00026-1",
      "dialog": [
        {
          "speaker": "speaker1",
          "personaID": "51512",
          "participantID": "3558",
          "utterance": "반갑습니다 저는50대 여성입니다  ",
          "summary": "나는 50대 여성이다",
          "date": "2022-10-20",
          "time": "21:49:07",
          "terminate": "false"
        },
        {
          "speaker": "speaker2",
          "personaID": "41037",
          "participantID": "3565",
          "utterance": "반갑습니다 저는 40대 남성입니다",
          "summary": "나는 40대 남성이다",
          "date": "2022-10-20",
          "time": "21:49:47",
          "terminate": "false"
        },
        {
          "speaker": "speaker1",
          "personaID": "51512",
          "participantID": "3558",
          "utterance": "저는 조경시술회사 다니고 있습니다 무슨일하세요?",
          "summary": "나는 조경 시술 회사 다니고 있다",
          "date": "2022-10-20",
          "time": "21:50:03",
          "terminate": "false"
        },
        {
          "speaker": "speaker2",
          "personaID": "41037",
          "participantID": "3565",
          "utterance": "네 저는 술집에서 일해서 와인을 일주일에 서너 번 마셔요",
          "summary": "나는 술집에서 일해서 와인을 일주일에 서너 번 마신다",
          "date": "2022-10-20",
          "time": "21:52:24",
          "terminate": "false"
        },
        {
          "speaker": "speaker1",
          "personaID": "51512",
          "participantID": "3558",
          "utterance": "아 그러세요? 저는 고량주를 좋아해서 즐겨마시는데 ..",
          "summary": "나는 고량주를 좋아해서 즐겨마신다",
          "date": "2022-10-20",
          "time": "21:52:52",
          "terminate": "false"
        },
        {
          "speaker": "speaker2",
          "personaID": "41037",
          "participantID": "3565",
          "utterance": "요즘 가끔 우울해서 고량주도 마실까 생각 중입니다.",
          "summary": "나는 요즘 가끔 우울해서 마실까 생각 중이다",
          "date": "2022-10-20",
          "time": "21:53:50",
          "terminate": "false"
        },
        {
          "speaker": "speaker1",
          "personaID": "51512",
          "participantID": "3558",
          "utterance": "고량주 맛있어요 저는 아직 결혼을안해서 혼술자주해요",
          "summary": "나는 아직 결혼을 안 해서 혼술 자주 한다",
          "date": "2022-10-20",
          "time": "21:54:25",
          "terminate": "false"
        },
        {
          "speaker": "speaker2",
          "personaID": "41037",
          "participantID": "3565",
          "utterance": "제가 가장 슬펐던 때는 친구가 많이 아프다는 소식을 들었을 때라서 저도 혼술을 자주 합니다.",
          "summary": "나는 가장 슬펐던 때는 친구가 많이 아프다는 소식을 들었을 때고 , 혼술을 자주 한다",
          "date": "2022-10-20",
          "time": "21:56:10",
          "terminate": "false"
        },
        {
          "speaker": "speaker1",
          "personaID": "51512",
          "participantID": "3558",
          "utterance": "아 슬프셨겠어요 심심한 위로를 보냅니다",
          "summary": "",
          "date": "2022-10-20",
          "time": "21:56:42",
          "terminate": "false"
        },
        {
          "speaker": "speaker2",
          "personaID": "41037",
          "participantID": "3565",
          "utterance": "네 감사합니다. 조금 위로가 되었습니다.",
          "summary": "",
          "date": "2022-10-20",
          "time": "21:57:08",
          "terminate": "false"
        },
        {
          "speaker": "speaker1",
          "personaID": "51512",
          "participantID": "3558",
          "utterance": "네 밤인데 조금 졸리시지 않아요?",
          "summary": "",
          "date": "2022-10-20",
          "time": "21:57:57",
          "terminate": "false"
        },
        {
          "speaker": "speaker2",
          "personaID": "41037",
          "participantID": "3565",
          "utterance": "많이 졸리긴 하지만 꾹 참고 있습니다.",
          "summary": "나는 많이 졸리다",
          "date": "2022-10-20",
          "time": "21:58:49",
          "terminate": "false"
        },
        {
          "speaker": "speaker1",
          "personaID": "51512",
          "participantID": "3558",
          "utterance": "ㅎㅎ 요샌 나이들어서 초저녁부터 졸려요",
          "summary": "나는 나이 들어서 초저녁부터 졸린다",
          "date": "2022-10-20",
          "time": "22:04:14",
          "terminate": "false"
        },
        {
          "speaker": "speaker2",
          "personaID": "41037",
          "participantID": "3565",
          "utterance": "이제 진짜 졸려서 그만 가봐야 할 거 같아요",
          "summary": "",
          "date": "2022-10-20",
          "time": "22:04:45",
          "terminate": "true"
        }
      ],
      "sessionPersonaSummary": {
        "speaker1": [
          "나는 50대 여성이다",
          "나는 조경 시술 회사 다니고 있다",
          "나는 고량주를 좋아해서 즐겨마신다",
          "나는 아직 결혼을 안 해서 혼술 자주 한다",
          "나는 나이 들어서 초저녁부터 졸린다"
        ],
        "speaker2": [
          "나는 40대 남성이다",
          "나는 술집에서 일해서 와인을 일주일에 서너 번 마신다",
          "나는 요즘 가끔 우울해서 마실까 생각 중이다",
          "나는 가장 슬펐던 때는 친구가 많이 아프다는 소식을 들었을 때고 , 혼술을 자주 한다",
          "나는 많이 졸리다"
        ]
      },
      "prevAggregatedpersonaSummary": {
        "speaker1": [],
        "speaker2": []
      }
    },
    {
      "prevSessionID": "2-00026-1",
      "prevTimeInfo": {
        "timeNum": "5",
        "timeUnit": "주"
      },
      "nthSession": "2",
      "numberOfUtterances": "14",
      "numberOfTurns": "7",
      "sessionID": "2-00026-2",
      "dialog": [
        {
          "speaker": "speaker1",
          "personaID": "51512",
          "participantID": "3558",
          "utterance": "안녕하세요 5주만에 만나서 반가워요",
          "summary": "",
          "date": "2022-10-20",
          "time": "22:09:01",
          "terminate": "false"
        },
        {
          "speaker": "speaker2",
          "personaID": "41037",
          "participantID": "3565",
          "utterance": "네 반가워요. 요즘 영월에서 전통 민속놀이를 하고 있는데, 보신적 있나요?",
          "summary": "",
          "date": "2022-10-20",
          "time": "22:12:02",
          "terminate": "false"
        },
        {
          "speaker": "speaker1",
          "personaID": "51512",
          "participantID": "3558",
          "utterance": "무슨민속놀이 하는데요 궁금해요",
          "summary": "",
          "date": "2022-10-20",
          "time": "22:12:18",
          "terminate": "false"
        },
        {
          "speaker": "speaker2",
          "personaID": "41037",
          "participantID": "3565",
          "utterance": "단종의 죽음을 기리는 민속놀이라고 합니다.",
          "summary": "",
          "date": "2022-10-20",
          "time": "22:12:52",
          "terminate": "false"
        },
        {
          "speaker": "speaker1",
          "personaID": "51512",
          "participantID": "3558",
          "utterance": "아 슬픈거내요 전 생소해서 그런건",
          "summary": "나는 그런 건 생소하다",
          "date": "2022-10-20",
          "time": "22:13:21",
          "terminate": "false"
        },
        {
          "speaker": "speaker2",
          "personaID": "41037",
          "participantID": "3565",
          "utterance": "슬프긴 하지만 한 번쯤 가서 볼만 합니다. 보러 가세요.",
          "summary": "",
          "date": "2022-10-20",
          "time": "22:13:45",
          "terminate": "false"
        },
        {
          "speaker": "speaker1",
          "personaID": "51512",
          "participantID": "3558",
          "utterance": "민속놀이는 투구던지기 알아요?",
          "summary": "",
          "date": "2022-10-20",
          "time": "22:14:05",
          "terminate": "false"
        },
        {
          "speaker": "speaker2",
          "personaID": "41037",
          "participantID": "3565",
          "utterance": "투구던지기 알죠. 잘 던지시나요?",
          "summary": "나는 투구 던지기를 안다",
          "date": "2022-10-20",
          "time": "22:15:01",
          "terminate": "false"
        },
        {
          "speaker": "speaker1",
          "personaID": "51512",
          "participantID": "3558",
          "utterance": "잘던져요 저는 소질이 있나봐요",
          "summary": "나는 투구를 잘 던지고 소질이 있다",
          "date": "2022-10-20",
          "time": "22:15:20",
          "terminate": "false"
        },
        {
          "speaker": "speaker2",
          "personaID": "41037",
          "participantID": "3565",
          "utterance": "최고 잘 던진 기록은 얼마인가요?",
          "summary": "",
          "date": "2022-10-20",
          "time": "22:16:21",
          "terminate": "false"
        },
        {
          "speaker": "speaker1",
          "personaID": "51512",
          "participantID": "3558",
          "utterance": "백미터정도요 ㅋㅋ 농담이고요 ",
          "summary": "나는 투구를 백 미터 정도 던진다",
          "date": "2022-10-20",
          "time": "22:16:39",
          "terminate": "false"
        },
        {
          "speaker": "speaker2",
          "personaID": "41037",
          "participantID": "3565",
          "utterance": "저는 시속 150키로로 던집니다. ㅋㅋ 저도 농담입니다.",
          "summary": "",
          "date": "2022-10-20",
          "time": "22:17:15",
          "terminate": "false"
        },
        {
          "speaker": "speaker1",
          "personaID": "51512",
          "participantID": "3558",
          "utterance": "ㅋㅋ 야구선수군요 너무 재밌내요",
          "summary": "나는 재밌다고 생각한다",
          "date": "2022-10-20",
          "time": "22:17:50",
          "terminate": "false"
        },
        {
          "speaker": "speaker2",
          "personaID": "41037",
          "participantID": "3565",
          "utterance": "친구랑 투구던지기로 약속해서 가봐야 할거 같아요. 다음에 만나서 얘기해요.",
          "summary": "나는 친구랑 투구 던지기 약속이 있다",
          "date": "2022-10-20",
          "time": "22:18:56",
          "terminate": "true"
        }
      ],
      "sessionPersonaSummary": {
        "speaker1": [
          "나는 그런 건 생소하다",
          "나는 투구를 잘 던지고 소질이 있다",
          "나는 투구를 백 미터 정도 던진다",
          "나는 재밌다고 생각한다"
        ],
        "speaker2": [
          "나는 투구 던지기를 안다",
          "나는 친구랑 투구 던지기 약속이 있다"
        ]
      },
      "prevAggregatedpersonaSummary": {
        "speaker1": [
          "나는 50대 여성이다",
          "나는 조경 시술 회사 다니고 있다",
          "나는 고량주를 좋아해서 즐겨마신다",
          "나는 아직 결혼을 안 해서 혼술 자주 한다",
          "나는 나이 들어서 초저녁부터 졸린다"
        ],
        "speaker2": [
          "나는 40대 남성이다",
          "나는 술집에서 일해서 와인을 일주일에 서너 번 마신다",
          "나는 요즘 가끔 우울해서 마실까 생각 중이다",
          "나는 가장 슬펐던 때는 친구가 많이 아프다는 소식을 들었을 때고 , 혼술을 자주 한다",
          "나는 많이 졸리다"
        ]
      }
    }
  ]
}