{
  "FileInfo": {
    "filename": "K2-00305-CL31576-CP31141-06-07-S2.json",
    "sessionLevel": "2"
  },
  "participantsInfo": {
    "numberOfParticipants": "2",
    "speaker1": {
      "participantID": "0088",
      "gender": "여성",
      "age": "30대",
      "occupation": "주부",
      "bPlace": "서울/경기/인천",
      "gPlace": "서울/경기/인천",
      "rPlace": "서울/경기/인천",
      "educationLevel": "대졸"
    },
    "speaker2": {
      "participantID": "0451",
      "gender": "남성",
      "age": "30대",
      "occupation": "기타",
      "bPlace": "서울/경기/인천",
      "gPlace": "서울/경기/인천",
      "rPlace": "서울/경기/인천",
      "educationLevel": "대졸"
    }
  },
  "multisessionInfo": {
    "multisessionID": "2-00305"
  },
  "personaInfo": {
    "clInfo": {
      "personaID": "31576",
      "personaFeatures": [
        "나는 여자이다.",
        "나는 30대이다.",
        "나는 학원 국어 강사이다.",
        "나는 혼자 있는 것을 참지 못한다.",
        "나는 해물찜을 즐겨 먹는다."
      ],
      "speakerType": "speaker1"
    },
    "cpInfo": {
      "personaID": "31141",
      "personaFeatures": [
        "나는 남자이다.",
        "나는 30대이다.",
        "나는 미장공이다.",
        "나는 운전하는 것을 싫어한다.",
        "나는 비빔밥을 좋아한다."
      ],
      "speakerType": "speaker2"
    }
  },
  "topicInfo": {
    "topicID": "06-07",
    "topicType": "교육",
    "topicTitle": "자격증"
  },
  "sessionInfo": [
    {
      "prevSessionID": null,
      "prevTimeInfo": {
        "timeNum": null,
        "timeUnit": null
      },
      "nthSession": "1",
      "numberOfUtterances": "16",
      "numberOfTurns": "8",
      "sessionID": "2-00305-1",
      "dialog": [
        {
          "speaker": "speaker1",
          "personaID": "31576",
          "participantID": "0088",
          "utterance": "안녕하세요. 저는 30대 여자입니다.",
          "summary": "나는 30대 여자이다.",
          "date": "2022-09-23",
          "time": "11:09:28",
          "terminate": "false"
        },
        {
          "speaker": "speaker2",
          "personaID": "31141",
          "participantID": "0451",
          "utterance": "안녕하세요. 저는 30대 남자입니다.",
          "summary": "나는 30대 남자이다.",
          "date": "2022-09-23",
          "time": "11:09:43",
          "terminate": "false"
        },
        {
          "speaker": "speaker1",
          "personaID": "31576",
          "participantID": "0088",
          "utterance": "반갑습니다 ~ 비가 많이 내려서 출근하기 싫어요. 아 제가 학원 국어 강사라 출근 시간이 늦어요.",
          "summary": "나는 비가 많이 내려서 출근하기 싫다. 나는 학원 국어 강사이다. 나는 출근 시간이 늦은 편이다.",
          "date": "2022-09-23",
          "time": "11:10:01",
          "terminate": "false"
        },
        {
          "speaker": "speaker2",
          "personaID": "31141",
          "participantID": "0451",
          "utterance": "그러시군요. 저는 미장공인데 비오면 일하기 힘들어서 오늘 쉬네요.",
          "summary": "나는 미장공이다. 나는 비가 오면 일하기 힘들어서 오늘 쉰다.",
          "date": "2022-09-23",
          "time": "11:10:41",
          "terminate": "false"
        },
        {
          "speaker": "speaker1",
          "personaID": "31576",
          "participantID": "0088",
          "utterance": "미장공으로 근무하신지 얼마나 되셨어요? 제 남동생이 호주에 있는데 호주에선 미장공이 시급이 쎄다고 하더라고요.",
          "summary": "나는 남동생이 있다. 나는 호주에 있는 남동생을 통해 호주에선 미장공의 시급이 세다는 정보를 알게 됐다.",
          "date": "2022-09-23",
          "time": "11:11:21",
          "terminate": "false"
        },
        {
          "speaker": "speaker2",
          "personaID": "31141",
          "participantID": "0451",
          "utterance": "이제 5년 되었어요ㅎㅎ 처음에는 일이 힘들어서 부모님이 반대하셨는데 제 적성에 너무 맞아서 시작했네요.",
          "summary": "나는 미장공으로 일한 지 5년이 되었다. 나는 미장공 일이 힘들어서 부모님이 반대했으나 적성에 맞아서 시작했다.",
          "date": "2022-09-23",
          "time": "11:11:53",
          "terminate": "false"
        },
        {
          "speaker": "speaker1",
          "personaID": "31576",
          "participantID": "0088",
          "utterance": "원래 회사 생활도 하셨던 건가요? 전 요즘 전문 기술 있는 사람들이 너무 부럽더라고요.",
          "summary": "나는 요즘 전문 기술이 있는 사람들이 너무 부럽다.",
          "date": "2022-09-23",
          "time": "11:12:08",
          "terminate": "false"
        },
        {
          "speaker": "speaker2",
          "personaID": "31141",
          "participantID": "0451",
          "utterance": "원래는 영업직을 했었어요. 그런데 제가 운전하는 것을 싫어해서 전 회사는 금방 그만뒀죠.",
          "summary": "나는 원래 영업직을 했었다. 나는 운전하는 것을 싫어해서 전 회사를 그만뒀다.",
          "date": "2022-09-23",
          "time": "11:12:33",
          "terminate": "false"
        },
        {
          "speaker": "speaker1",
          "personaID": "31576",
          "participantID": "0088",
          "utterance": "영업 직무하려면 운전 많이 하긴 해야죠. 저는 혼자 있는 것을 참지 못 하는 성격이라 학원에서 일 하는 게 잘 맞긴 해요.",
          "summary": "나는 혼자 있는 것을 참지 못한다. 나는 학원에서 일하는 게 잘 맞는다고 생각한다.",
          "date": "2022-09-23",
          "time": "11:13:11",
          "terminate": "false"
        },
        {
          "speaker": "speaker2",
          "personaID": "31141",
          "participantID": "0451",
          "utterance": "그렇군요. 국어국문학과를 전공하셨나요??",
          "summary": "",
          "date": "2022-09-23",
          "time": "11:13:58",
          "terminate": "false"
        },
        {
          "speaker": "speaker1",
          "personaID": "31576",
          "participantID": "0088",
          "utterance": "네. 어릴 때부터 소설 읽는 걸 좋아했거든요. 전공 어떤 거 하셨어요?",
          "summary": "나는 국어국문학과를 전공했다. 나는 어릴 때부터 소설 읽는 것을 좋아했다.",
          "date": "2022-09-23",
          "time": "11:14:18",
          "terminate": "false"
        },
        {
          "speaker": "speaker2",
          "personaID": "31141",
          "participantID": "0451",
          "utterance": "전공은 경영학을 했어요ㅎㅎ 알바로 시작한 미장공일이 재밌어 직업으로 선택했네요.",
          "summary": "나는 경영학을 전공했다. 나는 아르바이트로 미장 공일을 시작했지만 재밌어서 직업으로 선택했다.",
          "date": "2022-09-23",
          "time": "11:14:53",
          "terminate": "false"
        },
        {
          "speaker": "speaker1",
          "personaID": "31576",
          "participantID": "0088",
          "utterance": "역시 사람마다 잘 맞는 일이 다 따로 있나 봐요. 그래도 본인 적성 잘 찾으신 거 같아서 보기 좋아요.",
          "summary": "나는 사람마다 잘 맞는 일이 다 따로 있다고 생각한다. 나는 본인 적성을 잘 찾은 상대방이 보기 좋다.",
          "date": "2022-09-23",
          "time": "11:15:18",
          "terminate": "false"
        },
        {
          "speaker": "speaker2",
          "personaID": "31141",
          "participantID": "0451",
          "utterance": "감사합니다. 오늘 비오는데 점심은 뭐 드실건가요??",
          "summary": "",
          "date": "2022-09-23",
          "time": "11:15:43",
          "terminate": "false"
        },
        {
          "speaker": "speaker1",
          "personaID": "31576",
          "participantID": "0088",
          "utterance": "학원 출근하기 전에 쌀국수 먹고 가려고요. 오늘 하루 잘 쉬시면서 보내세요 ~ 또 연락 드릴게요.",
          "summary": "나는 학원에 출근하기 전에 점심으로 쌀국수를 먹을 것이다.",
          "date": "2022-09-23",
          "time": "11:16:06",
          "terminate": "false"
        },
        {
          "speaker": "speaker2",
          "personaID": "31141",
          "participantID": "0451",
          "utterance": "네 오늘 즐거운 하루 되시길 바랍니다^^",
          "summary": "",
          "date": "2022-09-23",
          "time": "11:16:27",
          "terminate": "true"
        }
      ],
      "sessionPersonaSummary": {
        "speaker1": [
          "나는 30대 여자이다.",
          "나는 비가 많이 내려서 출근하기 싫다. 나는 학원 국어 강사이다. 나는 출근 시간이 늦은 편이다.",
          "나는 남동생이 있다. 나는 호주에 있는 남동생을 통해 호주에선 미장공의 시급이 세다는 정보를 알게 됐다.",
          "나는 요즘 전문 기술이 있는 사람들이 너무 부럽다.",
          "나는 혼자 있는 것을 참지 못한다. 나는 학원에서 일하는 게 잘 맞는다고 생각한다.",
          "나는 국어국문학과를 전공했다. 나는 어릴 때부터 소설 읽는 것을 좋아했다.",
          "나는 사람마다 잘 맞는 일이 다 따로 있다고 생각한다. 나는 본인 적성을 잘 찾은 상대방이 보기 좋다.",
          "나는 학원에 출근하기 전에 점심으로 쌀국수를 먹을 것이다."
        ],
        "speaker2": [
          "나는 30대 남자이다.",
          "나는 미장공이다. 나는 비가 오면 일하기 힘들어서 오늘 쉰다.",
          "나는 미장공으로 일한 지 5년이 되었다. 나는 미장공 일이 힘들어서 부모님이 반대했으나 적성에 맞아서 시작했다.",
          "나는 원래 영업직을 했었다. 나는 운전하는 것을 싫어해서 전 회사를 그만뒀다.",
          "나는 경영학을 전공했다. 나는 아르바이트로 미장 공일을 시작했지만 재밌어서 직업으로 선택했다."
        ]
      },
      "prevAggregatedpersonaSummary": {
        "speaker1": [],
        "speaker2": []
      }
    },
    {
      "prevSessionID": "2-00305-1",
      "prevTimeInfo": {
        "timeNum": "2",
        "timeUnit": "주"
      },
      "nthSession": "2",
      "numberOfUtterances": "16",
      "numberOfTurns": "8",
      "sessionID": "2-00305-2",
      "dialog": [
        {
          "speaker": "speaker1",
          "personaID": "31576",
          "participantID": "0088",
          "utterance": "안녕하세요. 벌써 2주나 지났네요? 잘 지내셨죠?",
          "summary": "",
          "date": "2022-09-23",
          "time": "11:16:40",
          "terminate": "false"
        },
        {
          "speaker": "speaker2",
          "personaID": "31141",
          "participantID": "0451",
          "utterance": "네 잘 지냈습니다^^ 저 그 동안 바리스타 자격증 따려고 학원 등록했어요! 커피 좋아하세요?",
          "summary": "나는 그동안 바리스타 자격증을 따려고 학원을 등록했다.",
          "date": "2022-09-23",
          "time": "11:17:02",
          "terminate": "false"
        },
        {
          "speaker": "speaker1",
          "personaID": "31576",
          "participantID": "0088",
          "utterance": "그럼요 ~ 커피 하루에 3잔은 마셔요. 학원에서 라떼 아트같은 것도 배우는 거예요?",
          "summary": "나는 커피를 좋아해서 하루에 커피를 3잔은 마신다.",
          "date": "2022-09-23",
          "time": "11:17:24",
          "terminate": "false"
        },
        {
          "speaker": "speaker2",
          "personaID": "31141",
          "participantID": "0451",
          "utterance": "네 배우는데 쉽지 않네요ㅠㅠ 가르쳐주시는 선생님도 라떼아트 완벽하게 하는데 1년 걸렸데요.",
          "summary": "나는 학원에서 라테 아트를 배우는데 쉽지 않다. 나의 바리스타 선생님은 라테 아트를 완벽하게 습득하는데 1년이 걸렸다고 한다.",
          "date": "2022-09-23",
          "time": "11:17:50",
          "terminate": "false"
        },
        {
          "speaker": "speaker1",
          "personaID": "31576",
          "participantID": "0088",
          "utterance": "저는 손재주가 원래 없어서 라떼아트 제대로 하려면 5년은 걸릴 거 같네요 하하. 저도 최근에 자격증 공부해요.",
          "summary": "나는 손재주가 없어서 라테아트를 제대로 하려면 5년은 걸릴 것 같다. 나는 최근에 자격증 공부하고 있다.",
          "date": "2022-09-23",
          "time": "11:18:17",
          "terminate": "false"
        },
        {
          "speaker": "speaker2",
          "personaID": "31141",
          "participantID": "0451",
          "utterance": "그러시군요. 어떤 자격증을 공부하시나요??",
          "summary": "",
          "date": "2022-09-23",
          "time": "11:18:35",
          "terminate": "false"
        },
        {
          "speaker": "speaker1",
          "personaID": "31576",
          "participantID": "0088",
          "utterance": "노인 체육 지도사 자격증 따려고 준비하고 있어요. 평소에 노인 복지에 관심이 많았는데 공부하는 거 너무 재미있네요.",
          "summary": "나는 노인 체육 지도사 자격증을 따려고 준비하고 있다. 나는 평소에 노인 복지에 관심이 많았으며 공부하는 게 너무 재미있다.",
          "date": "2022-09-23",
          "time": "11:19:02",
          "terminate": "false"
        },
        {
          "speaker": "speaker2",
          "personaID": "31141",
          "participantID": "0451",
          "utterance": "좋은 생각이네요. 저도 요즘 부모님 생각하면 노인분들 공경 해야겠다고 생각해요.",
          "summary": "나는 요즘 부모님을 생각하면 노인분들을 공경해야 한다고 생각한다.",
          "date": "2022-09-23",
          "time": "11:19:28",
          "terminate": "false"
        },
        {
          "speaker": "speaker1",
          "personaID": "31576",
          "participantID": "0088",
          "utterance": "맞아요. 30대 되니까 하루 하루 시간이 정말 빨리 지나더라고요. 저도 곧 금방 노인이 될 거 같아요.",
          "summary": "나는 30대가 된 후로 하루하루 시간이 정말 빨리 지난다고 생각한다. 나는 곧 내가 금방 노인이 될 것 같다.",
          "date": "2022-09-23",
          "time": "11:19:50",
          "terminate": "false"
        },
        {
          "speaker": "speaker2",
          "personaID": "31141",
          "participantID": "0451",
          "utterance": "그러니까요. 시간 정말 빨라요. 자격증 공부하다 보면 배고프지 않아요?",
          "summary": "나는 시간이 정말 빠르다고 생각한다.",
          "date": "2022-09-23",
          "time": "11:20:20",
          "terminate": "false"
        },
        {
          "speaker": "speaker1",
          "personaID": "31576",
          "participantID": "0088",
          "utterance": "맞아요. 오랜만에 머리 좀 쓴다고 공부할 때마다 배가 계속 고파요. 제가 해물찜을 즐겨 먹어서 저녁으로 해물찜 시켜놨어요.",
          "summary": "나는 공부할 때마다 배가 계속 고프다. 나는 해물찜을 즐겨 먹는다. 나는 저녁으로 먹을 해물찜을 시켜놨다.",
          "date": "2022-09-23",
          "time": "11:20:54",
          "terminate": "false"
        },
        {
          "speaker": "speaker2",
          "personaID": "31141",
          "participantID": "0451",
          "utterance": "맛있겠네요. 저는 바리스타 배우면 우유냄새를 너무 많이 맡아서 한식이 먹고 싶더라구요. 특히 비빔밥을 좋아해서 자주 먹어요.",
          "summary": "나는 바리스타를 배우면 우유냄새를 너무 많이 맡아서 한식이 먹고 싶다. 나는 비빔밥을 좋아해서 자주 먹는다.",
          "date": "2022-09-23",
          "time": "11:21:35",
          "terminate": "false"
        },
        {
          "speaker": "speaker1",
          "personaID": "31576",
          "participantID": "0088",
          "utterance": "아 뭔지 알 거 같아요. 저 유럽 유행 자주 가는데 유럽 갈 때마다 한식 먹고 싶어지더라고요.",
          "summary": "나는 유럽 여행을 자주 간다. 나는 유럽에 갈 때마다 한식이 먹고 싶어 진다.",
          "date": "2022-09-23",
          "time": "11:21:59",
          "terminate": "false"
        },
        {
          "speaker": "speaker2",
          "personaID": "31141",
          "participantID": "0451",
          "utterance": "네 유럽 여행에 김치는 필수죠. 저는 바리스타 자격증 2급 따면 1급도 준비하려고 해요ㅎㅎ.",
          "summary": "나는 유럽 여행에 김치는 필수라고 생각한다. 나는 바리스타 자격증 2급을 따면 1급도 준비할 것이다.",
          "date": "2022-09-23",
          "time": "11:22:47",
          "terminate": "false"
        },
        {
          "speaker": "speaker1",
          "personaID": "31576",
          "participantID": "0088",
          "utterance": "이왕 자격증 따는 거 최고 등급 따야죠. 오늘 대화 나눠서 즐거웠어요. 편안한 하루 되길 바랍니다.",
          "summary": "나는 이왕 자격증을 따는 거 최고 등급을 따야 한다고 생각한다.",
          "date": "2022-09-23",
          "time": "11:23:36",
          "terminate": "false"
        },
        {
          "speaker": "speaker2",
          "personaID": "31141",
          "participantID": "0451",
          "utterance": "네 저도 즐거웠습니다^^ 좋은 하루 보내세요~~",
          "summary": "",
          "date": "2022-09-23",
          "time": "11:23:50",
          "terminate": "true"
        }
      ],
      "sessionPersonaSummary": {
        "speaker1": [
          "나는 커피를 좋아해서 하루에 커피를 3잔은 마신다.",
          "나는 손재주가 없어서 라테아트를 제대로 하려면 5년은 걸릴 것 같다. 나는 최근에 자격증 공부하고 있다.",
          "나는 노인 체육 지도사 자격증을 따려고 준비하고 있다. 나는 평소에 노인 복지에 관심이 많았으며 공부하는 게 너무 재미있다.",
          "나는 30대가 된 후로 하루하루 시간이 정말 빨리 지난다고 생각한다. 나는 곧 내가 금방 노인이 될 것 같다.",
          "나는 공부할 때마다 배가 계속 고프다. 나는 해물찜을 즐겨 먹는다. 나는 저녁으로 먹을 해물찜을 시켜놨다.",
          "나는 유럽 여행을 자주 간다. 나는 유럽에 갈 때마다 한식이 먹고 싶어 진다.",
          "나는 이왕 자격증을 따는 거 최고 등급을 따야 한다고 생각한다."
        ],
        "speaker2": [
          "나는 그동안 바리스타 자격증을 따려고 학원을 등록했다.",
          "나는 학원에서 라테 아트를 배우는데 쉽지 않다. 나의 바리스타 선생님은 라테 아트를 완벽하게 습득하는데 1년이 걸렸다고 한다.",
          "나는 요즘 부모님을 생각하면 노인분들을 공경해야 한다고 생각한다.",
          "나는 시간이 정말 빠르다고 생각한다.",
          "나는 바리스타를 배우면 우유냄새를 너무 많이 맡아서 한식이 먹고 싶다. 나는 비빔밥을 좋아해서 자주 먹는다.",
          "나는 유럽 여행에 김치는 필수라고 생각한다. 나는 바리스타 자격증 2급을 따면 1급도 준비할 것이다."
        ]
      },
      "prevAggregatedpersonaSummary": {
        "speaker1": [
          "나는 30대 여자이다.",
          "나는 비가 많이 내려서 출근하기 싫다. 나는 학원 국어 강사이다. 나는 출근 시간이 늦은 편이다.",
          "나는 남동생이 있다. 나는 호주에 있는 남동생을 통해 호주에선 미장공의 시급이 세다는 정보를 알게 됐다.",
          "나는 요즘 전문 기술이 있는 사람들이 너무 부럽다.",
          "나는 혼자 있는 것을 참지 못한다. 나는 학원에서 일하는 게 잘 맞는다고 생각한다.",
          "나는 국어국문학과를 전공했다. 나는 어릴 때부터 소설 읽는 것을 좋아했다.",
          "나는 사람마다 잘 맞는 일이 다 따로 있다고 생각한다. 나는 본인 적성을 잘 찾은 상대방이 보기 좋다.",
          "나는 학원에 출근하기 전에 점심으로 쌀국수를 먹을 것이다."
        ],
        "speaker2": [
          "나는 30대 남자이다.",
          "나는 미장공이다. 나는 비가 오면 일하기 힘들어서 오늘 쉰다.",
          "나는 미장공으로 일한 지 5년이 되었다. 나는 미장공 일이 힘들어서 부모님이 반대했으나 적성에 맞아서 시작했다.",
          "나는 원래 영업직을 했었다. 나는 운전하는 것을 싫어해서 전 회사를 그만뒀다.",
          "나는 경영학을 전공했다. 나는 아르바이트로 미장 공일을 시작했지만 재밌어서 직업으로 선택했다."
        ]
      }
    }
  ]
}