{
  "FileInfo": {
    "filename": "K2-00477-CL43307-CP21361-15-02-S2.json",
    "sessionLevel": "2"
  },
  "participantsInfo": {
    "numberOfParticipants": "2",
    "speaker1": {
      "participantID": "3463",
      "gender": "남성",
      "age": "30대",
      "occupation": "기타",
      "bPlace": "서울/경기/인천",
      "gPlace": "서울/경기/인천",
      "rPlace": "서울/경기/인천",
      "educationLevel": "대졸"
    },
    "speaker2": {
      "participantID": "4388",
      "gender": "남성",
      "age": "10대",
      "occupation": "학생",
      "bPlace": "부산/대구/울산/경상",
      "gPlace": "부산/대구/울산/경상",
      "rPlace": "부산/대구/울산/경상",
      "educationLevel": "중졸"
    }
  },
  "multisessionInfo": {
    "multisessionID": "2-00477"
  },
  "personaInfo": {
    "clInfo": {
      "personaID": "43307",
      "personaFeatures": [
        "나는 남자이다.",
        "나는 40대이다.",
        "나는 간호조무사이다",
        "나의 가족은 4명이다",
        "나는 클래식 음악을 싫어한다",
        "나는 콘솔게임을 좋아한다",
        "나는 양식을 안 먹는다"
      ],
      "speakerType": "speaker1"
    },
    "cpInfo": {
      "personaID": "21361",
      "personaFeatures": [
        "나는 남자이다.",
        "나는 20대이다.",
        "나는 요즘, 자주 부끄러운 감정이 든다",
        "나는 창업 동아리에 관심 있다",
        "나는 하얀색을 싫어한다"
      ],
      "speakerType": "speaker2"
    }
  },
  "topicInfo": {
    "topicID": "15-02",
    "topicType": "시사/사회>타국가이슈(해외)",
    "topicTitle": "재해 및 재난"
  },
  "sessionInfo": [
    {
      "prevSessionID": null,
      "prevTimeInfo": {
        "timeNum": null,
        "timeUnit": null
      },
      "nthSession": "1",
      "numberOfUtterances": "14",
      "numberOfTurns": "7",
      "sessionID": "2-00477-1",
      "dialog": [
        {
          "speaker": "speaker1",
          "personaID": "43307",
          "participantID": "3463",
          "utterance": "안녕하세요 저는 40대 남성입니다.",
          "summary": "나는 40대 남성이다.",
          "date": "2022-12-02",
          "time": "14:40:24",
          "terminate": "false"
        },
        {
          "speaker": "speaker2",
          "personaID": "21361",
          "participantID": "4388",
          "utterance": "안녕하세요 저는 20대 남성입니다.",
          "summary": "나는 20대 남성이다.",
          "date": "2022-12-02",
          "time": "14:41:15",
          "terminate": "false"
        },
        {
          "speaker": "speaker1",
          "personaID": "43307",
          "participantID": "3463",
          "utterance": "저는 현재 간호조무사로 일하고 있습니다.",
          "summary": "나는 현재 간호조무사로 일하고 있다.",
          "date": "2022-12-02",
          "time": "16:02:28",
          "terminate": "false"
        },
        {
          "speaker": "speaker2",
          "personaID": "21361",
          "participantID": "4388",
          "utterance": "저는 창업 동아리에 관심있습니다. 싫어하는 색중에 하얀색을 싫어합니다",
          "summary": "나는 창업동아리에 관심이 있고 하얀색을 싫어한다.",
          "date": "2022-12-02",
          "time": "22:42:34",
          "terminate": "false"
        },
        {
          "speaker": "speaker1",
          "personaID": "43307",
          "participantID": "3463",
          "utterance": "창업을 하실건가봐요.  저는 클래식음악을 싫어해요",
          "summary": "나는 클래식 음악을 싫어한다.",
          "date": "2022-12-02",
          "time": "23:06:44",
          "terminate": "false"
        },
        {
          "speaker": "speaker2",
          "personaID": "21361",
          "participantID": "4388",
          "utterance": "네 창업을 할생각이에요 근데 요즘 주변친구들을 보고 자주 부끄러운 감정이 듭니다.",
          "summary": "나는 자주 부끄러운 감정이 든다.",
          "date": "2022-12-02",
          "time": "23:09:41",
          "terminate": "false"
        },
        {
          "speaker": "speaker1",
          "personaID": "43307",
          "participantID": "3463",
          "utterance": "열심히 하고 계시는걸요. 저도 콘솔게임을 너무 좋아해서 가끔 반성하게 돼요",
          "summary": "나는 콘솔게임을 너무 좋아한다.",
          "date": "2022-12-02",
          "time": "23:10:10",
          "terminate": "false"
        },
        {
          "speaker": "speaker2",
          "personaID": "21361",
          "participantID": "4388",
          "utterance": "그렇군요 저도 옛날에 PC게임을 좋아했어요 지금은 게임은 접어둔 상태에요",
          "summary": "나는 게임을 접었다.",
          "date": "2022-12-03",
          "time": "15:15:24",
          "terminate": "false"
        },
        {
          "speaker": "speaker1",
          "personaID": "43307",
          "participantID": "3463",
          "utterance": "가끔하는것도 재밌답니다. 음식은 뭘좋아하세요? 저는 양식을 안먹어요",
          "summary": "나는 양식을 안 먹는다.",
          "date": "2022-12-03",
          "time": "17:09:14",
          "terminate": "false"
        },
        {
          "speaker": "speaker2",
          "personaID": "21361",
          "participantID": "4388",
          "utterance": "저는 음식중에 짜장면 좋아해요!",
          "summary": "나는 짜장면을 좋아한다.",
          "date": "2022-12-03",
          "time": "18:43:08",
          "terminate": "false"
        },
        {
          "speaker": "speaker1",
          "personaID": "43307",
          "participantID": "3463",
          "utterance": "저의 가족은 총4명이에요. 아내, 아이둘..",
          "summary": "나는 가족이 총 4명이다.",
          "date": "2022-12-03",
          "time": "18:43:52",
          "terminate": "false"
        },
        {
          "speaker": "speaker2",
          "personaID": "21361",
          "participantID": "4388",
          "utterance": "그렇군요 저는 누나가 한명 있어요",
          "summary": "나는 누나가 한 명 있다.",
          "date": "2022-12-03",
          "time": "18:54:10",
          "terminate": "false"
        },
        {
          "speaker": "speaker1",
          "personaID": "43307",
          "participantID": "3463",
          "utterance": "누나가 있으시구나.. 저희랑 가족구성원이 비슷하겠네요!",
          "summary": "",
          "date": "2022-12-03",
          "time": "20:56:16",
          "terminate": "false"
        },
        {
          "speaker": "speaker2",
          "personaID": "21361",
          "participantID": "4388",
          "utterance": "네 맞아요 덕분에 좋은 대화 나눴습니다",
          "summary": "",
          "date": "2022-12-03",
          "time": "21:13:51",
          "terminate": "true"
        }
      ],
      "sessionPersonaSummary": {
        "speaker1": [
          "나는 40대 남성이다.",
          "나는 현재 간호조무사로 일하고 있다.",
          "나는 클래식 음악을 싫어한다.",
          "나는 콘솔게임을 너무 좋아한다.",
          "나는 양식을 안 먹는다.",
          "나는 가족이 총 4명이다."
        ],
        "speaker2": [
          "나는 20대 남성이다.",
          "나는 창업동아리에 관심이 있고 하얀색을 싫어한다.",
          "나는 자주 부끄러운 감정이 든다.",
          "나는 게임을 접었다.",
          "나는 짜장면을 좋아한다.",
          "나는 누나가 한 명 있다."
        ]
      },
      "prevAggregatedpersonaSummary": {
        "speaker1": [],
        "speaker2": []
      }
    },
    {
      "prevSessionID": "2-00477-1",
      "prevTimeInfo": {
        "timeNum": "5",
        "timeUnit": "주"
      },
      "nthSession": "2",
      "numberOfUtterances": "14",
      "numberOfTurns": "7",
      "sessionID": "2-00477-2",
      "dialog": [
        {
          "speaker": "speaker1",
          "personaID": "43307",
          "participantID": "3463",
          "utterance": "안녕하세요 벌써 5주가 지났네요",
          "summary": "",
          "date": "2022-12-03",
          "time": "21:51:09",
          "terminate": "false"
        },
        {
          "speaker": "speaker2",
          "personaID": "21361",
          "participantID": "4388",
          "utterance": "네 벌써 이렇게 시간이 지났네요 그동안 머하고 지내셨나요? 저는 콘솔게임을 자주 했어요.",
          "summary": "",
          "date": "2022-12-03",
          "time": "21:52:29",
          "terminate": "false"
        },
        {
          "speaker": "speaker1",
          "personaID": "43307",
          "participantID": "3463",
          "utterance": "별일없었어요. 요즘 일본은 지진이 있었더라구요",
          "summary": "나는 별일 없었다. 나는 요즘 일본이 지진이 있었다는 거를 안다.",
          "date": "2022-12-03",
          "time": "21:53:43",
          "terminate": "false"
        },
        {
          "speaker": "speaker2",
          "personaID": "21361",
          "participantID": "4388",
          "utterance": "그렇군요 어느정도의 지진 강도가 일어났나요?",
          "summary": "",
          "date": "2022-12-03",
          "time": "21:55:39",
          "terminate": "false"
        },
        {
          "speaker": "speaker1",
          "personaID": "43307",
          "participantID": "3463",
          "utterance": "7점이던데 일본은 지진이 자주일어나는것 같아요",
          "summary": "나는 일본은 지진이 자주 일어나는 거 같다고 생각한다.",
          "date": "2022-12-03",
          "time": "21:56:00",
          "terminate": "false"
        },
        {
          "speaker": "speaker2",
          "personaID": "21361",
          "participantID": "4388",
          "utterance": "맞아요 지진때문에 피해가 나오는 사례를 저도 종종 봤던거같네요",
          "summary": "",
          "date": "2022-12-03",
          "time": "21:58:45",
          "terminate": "false"
        },
        {
          "speaker": "speaker1",
          "personaID": "43307",
          "participantID": "3463",
          "utterance": "우리나라도 얼마전에 포항에서 난리였잖아요",
          "summary": "나는 우리나라도 얼마 전에 포항에서 난리였었던거를 안다.",
          "date": "2022-12-03",
          "time": "21:58:55",
          "terminate": "false"
        },
        {
          "speaker": "speaker2",
          "personaID": "21361",
          "participantID": "4388",
          "utterance": "맞아요 걱정이 되는 소식이네요 일본에는 지진말고도 해일사고도 많이 나는거 같아요",
          "summary": "",
          "date": "2022-12-03",
          "time": "22:04:38",
          "terminate": "false"
        },
        {
          "speaker": "speaker1",
          "personaID": "43307",
          "participantID": "3463",
          "utterance": "지진이후에 오는 쓰나미도 무시하지 못하죠 위험해요 매우",
          "summary": "나는 지진 이후에 오는 쓰나미도 위험하다고 생각한다.",
          "date": "2022-12-03",
          "time": "22:04:55",
          "terminate": "false"
        },
        {
          "speaker": "speaker2",
          "personaID": "21361",
          "participantID": "4388",
          "utterance": "맞아요 뉴스나 동영상채널을 통해 그당시 일어난 장소와 상황을 봤는데 위험천만하더라구요",
          "summary": "",
          "date": "2022-12-03",
          "time": "22:07:01",
          "terminate": "false"
        },
        {
          "speaker": "speaker1",
          "personaID": "43307",
          "participantID": "3463",
          "utterance": "그래도 우리나라는 일본에 비해 안전해서 다행인것 같아요",
          "summary": "나는 우리나라가 일본에 비해 안전하다고 다행이라고 생각한다.",
          "date": "2022-12-03",
          "time": "22:09:49",
          "terminate": "false"
        },
        {
          "speaker": "speaker2",
          "personaID": "21361",
          "participantID": "4388",
          "utterance": "맞아요 미세먼지로 인한 문제를 신문으로 봤지만 재해사고로 따지면 일본에 비해서는 나은 편이라고 생각하네요",
          "summary": "나는 미세먼지가 다른 재해사고보다 낫다고 생각한다.",
          "date": "2022-12-03",
          "time": "22:12:06",
          "terminate": "false"
        },
        {
          "speaker": "speaker1",
          "personaID": "43307",
          "participantID": "3463",
          "utterance": "미세먼지가 차라리 낫지요.. 미세먼지는 중국때문에..",
          "summary": "",
          "date": "2022-12-03",
          "time": "22:15:50",
          "terminate": "false"
        },
        {
          "speaker": "speaker2",
          "personaID": "21361",
          "participantID": "4388",
          "utterance": "맞아요 ㅠㅠ 덕분에 좋은 대화를 나눴습니다",
          "summary": "",
          "date": "2022-12-03",
          "time": "22:16:58",
          "terminate": "true"
        }
      ],
      "sessionPersonaSummary": {
        "speaker1": [
          "나는 별일 없었다. 나는 요즘 일본이 지진이 있었다는 거를 안다.",
          "나는 일본은 지진이 자주 일어나는 거 같다고 생각한다.",
          "나는 우리나라도 얼마 전에 포항에서 난리였었던거를 안다.",
          "나는 지진 이후에 오는 쓰나미도 위험하다고 생각한다.",
          "나는 우리나라가 일본에 비해 안전하다고 다행이라고 생각한다."
        ],
        "speaker2": [
          "나는 미세먼지가 다른 재해사고보다 낫다고 생각한다."
        ]
      },
      "prevAggregatedpersonaSummary": {
        "speaker1": [
          "나는 40대 남성이다.",
          "나는 현재 간호조무사로 일하고 있다.",
          "나는 클래식 음악을 싫어한다.",
          "나는 콘솔게임을 너무 좋아한다.",
          "나는 양식을 안 먹는다.",
          "나는 가족이 총 4명이다."
        ],
        "speaker2": [
          "나는 20대 남성이다.",
          "나는 창업동아리에 관심이 있고 하얀색을 싫어한다.",
          "나는 자주 부끄러운 감정이 든다.",
          "나는 게임을 접었다.",
          "나는 짜장면을 좋아한다.",
          "나는 누나가 한 명 있다."
        ]
      }
    }
  ]
}