{
  "FileInfo": {
    "filename": "K2-00159-CL01817-CP00208-06-05-S2.json",
    "sessionLevel": "2"
  },
  "participantsInfo": {
    "numberOfParticipants": "2",
    "speaker1": {
      "participantID": "0031",
      "gender": "여성",
      "age": "20대",
      "occupation": "전문직",
      "bPlace": "서울/경기/인천",
      "gPlace": "서울/경기/인천",
      "rPlace": "서울/경기/인천",
      "educationLevel": "대졸"
    },
    "speaker2": {
      "participantID": "0114",
      "gender": "여성",
      "age": "20대",
      "occupation": "사무직",
      "bPlace": "광주/전라/제주",
      "gPlace": "광주/전라/제주",
      "rPlace": "광주/전라/제주",
      "educationLevel": "대졸"
    }
  },
  "multisessionInfo": {
    "multisessionID": "2-00159"
  },
  "personaInfo": {
    "clInfo": {
      "personaID": "01817",
      "personaFeatures": [
        "나는 여자이다.",
        "나는 20대이다.",
        "나의 거주지는 서울이다.",
        "나는 봉사활동을 하는 게 지루하다.",
        "나는 순대국밥을 즐겨 먹는다."
      ],
      "speakerType": "speaker1"
    },
    "cpInfo": {
      "personaID": "00208",
      "personaFeatures": [
        "나는 여자이다.",
        "나는 20대이다.",
        "나는 자산운용 가이다.",
        "나는 요즘, 가끔 기쁘다.",
        "나는 딤섬을 좋아한다."
      ],
      "speakerType": "speaker2"
    }
  },
  "topicInfo": {
    "topicID": "06-05",
    "topicType": "교육",
    "topicTitle": "입시준비"
  },
  "sessionInfo": [
    {
      "prevSessionID": null,
      "prevTimeInfo": {
        "timeNum": null,
        "timeUnit": null
      },
      "nthSession": "1",
      "numberOfUtterances": "16",
      "numberOfTurns": "8",
      "sessionID": "2-00159-1",
      "dialog": [
        {
          "speaker": "speaker1",
          "personaID": "01817",
          "participantID": "0031",
          "utterance": "안녕하세요^^ 저는 서울 살고있는 20대 여자입니다~!!",
          "summary": "나는 서울에 거주하고 있는 20대 여자이다.",
          "date": "2022-08-19",
          "time": "16:45:21",
          "terminate": "false"
        },
        {
          "speaker": "speaker2",
          "personaID": "00208",
          "participantID": "0114",
          "utterance": "안녕하세요 저는 29살 여자에요~! 반가워요.",
          "summary": "나는 29살 여자이다.",
          "date": "2022-08-19",
          "time": "16:45:21",
          "terminate": "false"
        },
        {
          "speaker": "speaker1",
          "personaID": "01817",
          "participantID": "0031",
          "utterance": "저는 서울에서 영어강사하고있어요~^^요즘 수능이 얼마안남아서 바쁘네요ㅎㅎ실례가 안된다면 무슨 일 하시는지 여쭤봐도 될까요?",
          "summary": "나는 영어 강사이다.",
          "date": "2022-08-19",
          "time": "16:45:21",
          "terminate": "false"
        },
        {
          "speaker": "speaker2",
          "personaID": "00208",
          "participantID": "0114",
          "utterance": "우와~ 멋있는 직업이네요~요즘 입시준비때문에 많이 바쁘시겠어요 ㅠ 저는 펀드 매니저를 하고 있어요~!! ㅎㅎ.",
          "summary": "나는 자산운용 가이다.",
          "date": "2022-08-19",
          "time": "16:45:21",
          "terminate": "false"
        },
        {
          "speaker": "speaker1",
          "personaID": "01817",
          "participantID": "0031",
          "utterance": "오~ 펀드매니저님도 요즘 바쁘실 것같은데요? 너무 바쁘게만 사는 것같아서 소통도 좀 하면서 세상사는 얘기 좀 나눠보고싶었어요~",
          "summary": "",
          "date": "2022-08-19",
          "time": "16:45:21",
          "terminate": "false"
        },
        {
          "speaker": "speaker2",
          "personaID": "00208",
          "participantID": "0114",
          "utterance": "그러게요~ 항상 눈코 뜰새 없이 바쁜 저에게도 이런 시간이 주어지니 좋네요 ㅋㅋㅋ.",
          "summary": "",
          "date": "2022-08-19",
          "time": "16:45:21",
          "terminate": "false"
        },
        {
          "speaker": "speaker1",
          "personaID": "01817",
          "participantID": "0031",
          "utterance": "요즘 기쁘세요? 무슨 좋은일 있으셨어요?ㅎㅎ.",
          "summary": "",
          "date": "2022-08-19",
          "time": "16:45:21",
          "terminate": "false"
        },
        {
          "speaker": "speaker2",
          "personaID": "00208",
          "participantID": "0114",
          "utterance": "요즘 20대 초반 청년친구들이 자산관리에 굉장히 관심이 많은지 무료상담을 하는데 기특하면서도 신기하네요 ㅋㅋ.",
          "summary": "",
          "date": "2022-08-19",
          "time": "16:45:21",
          "terminate": "false"
        },
        {
          "speaker": "speaker1",
          "personaID": "01817",
          "participantID": "0031",
          "utterance": "우와~ 뿌듯하네요!! 저도 입시강사로서 @이름1@ 눈빛에 야망이 느껴져서 뿌듯함을 느껴요! 요즘 애들 참 열심히 사는 것같아요!",
          "summary": "",
          "date": "2022-08-19",
          "time": "16:45:21",
          "terminate": "false"
        },
        {
          "speaker": "speaker2",
          "personaID": "00208",
          "participantID": "0114",
          "utterance": "입시때부터 키워온 야망이 청년되서 까지 있나봐요 ㅋㅋ 저도 보면서 반성하게 되네요 ㅋㅋ.",
          "summary": "",
          "date": "2022-08-19",
          "time": "16:45:21",
          "terminate": "false"
        },
        {
          "speaker": "speaker1",
          "personaID": "01817",
          "participantID": "0031",
          "utterance": "저도 그래요ㅠㅠ근데 가끔은 안쓰럽기도해요 우리나라 입시교육이 항상 채찍질만 하는 것같아서요ㅠㅠ.",
          "summary": "",
          "date": "2022-08-19",
          "time": "16:45:21",
          "terminate": "false"
        },
        {
          "speaker": "speaker2",
          "personaID": "00208",
          "participantID": "0114",
          "utterance": "그러게요 ㅠㅠ 우리나라 교육은 참..스파르타 인것 같아요 ㅠ.",
          "summary": "",
          "date": "2022-08-19",
          "time": "16:45:21",
          "terminate": "false"
        },
        {
          "speaker": "speaker1",
          "personaID": "01817",
          "participantID": "0031",
          "utterance": "그쵸,,그래도 @이름1@한테 본보기가 되고싶은 마음에 제가 봉사활동도 다녀와보고 @이름1@한테 후기도 얘기해주고하는데,,ㅎ좋은 본보기는 못될것같네요ㅠㅠ.",
          "summary": "",
          "date": "2022-08-19",
          "time": "16:45:21",
          "terminate": "false"
        },
        {
          "speaker": "speaker2",
          "personaID": "00208",
          "participantID": "0114",
          "utterance": "우와~ 봉사활동도 다니시는거에요? 대단하시다 @이름1@ 입시 챙기시는것도 바쁘실텐데 봉사활동 까지..!! 프로패셔널 하세요!",
          "summary": "",
          "date": "2022-08-19",
          "time": "16:45:21",
          "terminate": "false"
        },
        {
          "speaker": "speaker1",
          "personaID": "01817",
          "participantID": "0031",
          "utterance": "근데.. 제 스스로가 봉사활동을 하면서 지루함을 느끼고있더라구요.. 제가 이런데 @이름1@에게 봉사활동을 강요하기엔.. 부끄럽죠ㅠㅠ.",
          "summary": "나는 봉사활동을 하는 게 지루하다.",
          "date": "2022-08-19",
          "time": "16:45:21",
          "terminate": "false"
        },
        {
          "speaker": "speaker2",
          "personaID": "00208",
          "participantID": "0114",
          "utterance": "그럴수 있죠ㅋㅋ 그래도 이것저것 경험 해보는게 참 중요하잖아요~ 뭐가 맞는지 안맞는지 알수도 있고! 앗!! 고객님한테 전화가 갑자기 왔네요~ 잠시만요!",
          "summary": "",
          "date": "2022-08-19",
          "time": "16:45:21",
          "terminate": "true"
        }
      ],
      "sessionPersonaSummary": {
        "speaker1": [
          "나는 서울에 거주하고 있는 20대 여자이다.",
          "나는 영어 강사이다.",
          "나는 봉사활동을 하는 게 지루하다."
        ],
        "speaker2": [
          "나는 29살 여자이다.",
          "나는 자산운용 가이다."
        ]
      },
      "prevAggregatedpersonaSummary": {
        "speaker1": [],
        "speaker2": []
      }
    },
    {
      "prevSessionID": "2-00159-1",
      "prevTimeInfo": {
        "timeNum": "2",
        "timeUnit": "시간"
      },
      "nthSession": "2",
      "numberOfUtterances": "16",
      "numberOfTurns": "8",
      "sessionID": "2-00159-2",
      "dialog": [
        {
          "speaker": "speaker1",
          "personaID": "01817",
          "participantID": "0031",
          "utterance": "제가 강의시간이 촘촘히 짜여서있어서 정신이 하나도 없었네요ㅠㅠ.",
          "summary": "",
          "date": "2022-08-19",
          "time": "16:45:21",
          "terminate": "false"
        },
        {
          "speaker": "speaker2",
          "personaID": "00208",
          "participantID": "0114",
          "utterance": "저도 갑자기 고객님한테 전화가 와가지고 잠깐 너무 바빳네요 ㅠㅠ ㅋㅋ.",
          "summary": "",
          "date": "2022-08-19",
          "time": "16:45:21",
          "terminate": "false"
        },
        {
          "speaker": "speaker1",
          "personaID": "01817",
          "participantID": "0031",
          "utterance": "펀드매니저님은 끼니는 잘 챙겨드시나요?",
          "summary": "",
          "date": "2022-08-19",
          "time": "16:45:21",
          "terminate": "false"
        },
        {
          "speaker": "speaker2",
          "personaID": "00208",
          "participantID": "0114",
          "utterance": "네네 저는 차이나식을 자주 먹는데 오늘도 제가 제일 좋아하는 딤섬을 먹었네요 ㅋㅋ.",
          "summary": "나는 딤섬을 좋아한다.",
          "date": "2022-08-19",
          "time": "16:45:21",
          "terminate": "false"
        },
        {
          "speaker": "speaker1",
          "personaID": "01817",
          "participantID": "0031",
          "utterance": "우와 딤섬 맛있겠네요! 저는 학원 앞에 있는 순대국밥 집을 자주가요~ 제가 국밥을 좋아해서ㅎㅎ.",
          "summary": "나는 순대국밥을 즐겨 먹는다.",
          "date": "2022-08-19",
          "time": "16:45:21",
          "terminate": "false"
        },
        {
          "speaker": "speaker2",
          "personaID": "00208",
          "participantID": "0114",
          "utterance": "오 ㅎㅎ 저도 국밥 참 좋아하는데 고객님들이랑 같이 먹거나 그럴땐 국밥먹으러 못가겠더라구요 ㅠㅠ.",
          "summary": "",
          "date": "2022-08-19",
          "time": "16:45:21",
          "terminate": "false"
        },
        {
          "speaker": "speaker1",
          "personaID": "01817",
          "participantID": "0031",
          "utterance": "아 하긴 메뉴가 너무ㅎㅎ그렇긴 하겠네요~ 근데 보통 쉬는날에는 뭐하세요?",
          "summary": "",
          "date": "2022-08-19",
          "time": "16:45:21",
          "terminate": "false"
        },
        {
          "speaker": "speaker2",
          "personaID": "00208",
          "participantID": "0114",
          "utterance": "저는 쉬는날 운동을 하러 가거나 아니면 책을 보러 서점에 가요 ㅋㅋㅋ.",
          "summary": "",
          "date": "2022-08-19",
          "time": "16:45:21",
          "terminate": "false"
        },
        {
          "speaker": "speaker1",
          "personaID": "01817",
          "participantID": "0031",
          "utterance": "저는 일만 하면서 살다보니.. 쉬는 법도 모르는 것같아요 뭘해야할지도 모르겠고ㅠㅠ.",
          "summary": "",
          "date": "2022-08-19",
          "time": "16:45:21",
          "terminate": "false"
        },
        {
          "speaker": "speaker2",
          "personaID": "00208",
          "participantID": "0114",
          "utterance": "저도 그러는데.. 요즘은 가끔 바쁜 일상에서 벗어나 소소한 공간에 있는것도 참 좋은것같아요 ㅋㅋ.",
          "summary": "나는 요즘, 가끔 기쁘다.",
          "date": "2022-08-19",
          "time": "16:45:21",
          "terminate": "false"
        },
        {
          "speaker": "speaker1",
          "personaID": "01817",
          "participantID": "0031",
          "utterance": "소소한 공간이.. 음~ 이번주 쉬는날에는 @이름1@ 입시 걱정을 조금 내려놓고 카페가서 혼자만의 시간을 즐겨봐야겠어요!",
          "summary": "",
          "date": "2022-08-19",
          "time": "16:45:21",
          "terminate": "false"
        },
        {
          "speaker": "speaker2",
          "personaID": "00208",
          "participantID": "0114",
          "utterance": "그것도 좋은 방법이에요! ㅋㅋ @이름1@ 입시 준비만 잘 끝나면 한번 소소한 행복을 찾아보시는 것도 참 좋은것같아요 !!",
          "summary": "",
          "date": "2022-08-19",
          "time": "16:45:21",
          "terminate": "false"
        },
        {
          "speaker": "speaker1",
          "personaID": "01817",
          "participantID": "0031",
          "utterance": "그래도 조금 대화 나눴더니 마음이 좀 편해지긴하네요^^ 고마워요~",
          "summary": "",
          "date": "2022-08-19",
          "time": "16:45:21",
          "terminate": "false"
        },
        {
          "speaker": "speaker2",
          "personaID": "00208",
          "participantID": "0114",
          "utterance": "제가 제대로 조언도 못드렸는데.. 도움이 되었다니 다행이네요~",
          "summary": "",
          "date": "2022-08-19",
          "time": "16:45:21",
          "terminate": "false"
        },
        {
          "speaker": "speaker1",
          "personaID": "01817",
          "participantID": "0031",
          "utterance": "저는 또 수업준비하러 가봐야할 것 같아요! 다음에 또 시간되면 얘기 나눠요^^",
          "summary": "",
          "date": "2022-08-19",
          "time": "16:45:21",
          "terminate": "false"
        },
        {
          "speaker": "speaker2",
          "personaID": "00208",
          "participantID": "0114",
          "utterance": "네! 오늘도 화이팅 하세요!",
          "summary": "",
          "date": "2022-08-19",
          "time": "16:45:21",
          "terminate": "true"
        }
      ],
      "sessionPersonaSummary": {
        "speaker1": [
          "나는 순대국밥을 즐겨 먹는다."
        ],
        "speaker2": [
          "나는 딤섬을 좋아한다.",
          "나는 요즘, 가끔 기쁘다."
        ]
      },
      "prevAggregatedpersonaSummary": {
        "speaker1": [
          "나는 서울에 거주하고 있는 20대 여자이다.",
          "나는 영어 강사이다.",
          "나는 봉사활동을 하는 게 지루하다."
        ],
        "speaker2": [
          "나는 29살 여자이다.",
          "나는 자산운용 가이다."
        ]
      }
    }
  ]
}