{
  "FileInfo": {
    "filename": "K2-00350-CL20405-CP21041-08-01-S2.json",
    "sessionLevel": "2"
  },
  "participantsInfo": {
    "numberOfParticipants": "2",
    "speaker1": {
      "participantID": "0142",
      "gender": "남성",
      "age": "20대",
      "occupation": "학생",
      "bPlace": "부산/대구/울산/경상",
      "gPlace": "부산/대구/울산/경상",
      "rPlace": "부산/대구/울산/경상",
      "educationLevel": "고졸"
    },
    "speaker2": {
      "participantID": "0225",
      "gender": "남성",
      "age": "20대",
      "occupation": "무직",
      "bPlace": "서울/경기/인천",
      "gPlace": "서울/경기/인천",
      "rPlace": "서울/경기/인천",
      "educationLevel": "대졸"
    }
  },
  "multisessionInfo": {
    "multisessionID": "2-00350"
  },
  "personaInfo": {
    "clInfo": {
      "personaID": "20405",
      "personaFeatures": [
        "나는 남자이다.",
        "나는 20대이다.",
        "나의 종교는 개신교이다.",
        "나는 사진부 동아리에 관심 있다.",
        "나는 가야금 연주를 가끔 한다."
      ],
      "speakerType": "speaker1"
    },
    "cpInfo": {
      "personaID": "21041",
      "personaFeatures": [
        "나는 남자이다.",
        "나는 20대이다.",
        "나는 요즘, 가끔 걱정스럽다.",
        "나는 매일 자전거로 출퇴근을 한다.",
        "나는 딸기를 싫어한다."
      ],
      "speakerType": "speaker2"
    }
  },
  "topicInfo": {
    "topicID": "08-01",
    "topicType": "개인 및 관계>연애/결혼",
    "topicTitle": "결혼식"
  },
  "sessionInfo": [
    {
      "prevSessionID": null,
      "prevTimeInfo": {
        "timeNum": null,
        "timeUnit": null
      },
      "nthSession": "1",
      "numberOfUtterances": "14",
      "numberOfTurns": "7",
      "sessionID": "2-00350-1",
      "dialog": [
        {
          "speaker": "speaker1",
          "personaID": "20405",
          "participantID": "0142",
          "utterance": "안녕하세요ㅎㅎ! 저는 20대이구 군대 전역하고 복학한 대학생이예요~",
          "summary": "나는 20대이다. 군대 전역했다. 학교 복학했다. 대학생이다.",
          "date": "2022-09-16",
          "time": "12:13:28",
          "terminate": "false"
        },
        {
          "speaker": "speaker2",
          "personaID": "21041",
          "participantID": "0225",
          "utterance": "만나서 반가워요 저는 20대 남자입니다ㅋㅋ군대 전역 부럽네요ㅠ.",
          "summary": "나는 20대 남자이다.",
          "date": "2022-09-16",
          "time": "12:13:41",
          "terminate": "false"
        },
        {
          "speaker": "speaker1",
          "personaID": "20405",
          "participantID": "0142",
          "utterance": "설마 선생님 아직 군대 안 다녀오셨어요?",
          "summary": "",
          "date": "2022-09-16",
          "time": "12:13:47",
          "terminate": "false"
        },
        {
          "speaker": "speaker2",
          "personaID": "21041",
          "participantID": "0225",
          "utterance": "네.. 저는 산업체로 일하고 있어요 지금ㅋㅋㅋㅋ.",
          "summary": "나는 산업체로 일하고 있다.",
          "date": "2022-09-16",
          "time": "12:14:09",
          "terminate": "false"
        },
        {
          "speaker": "speaker1",
          "personaID": "20405",
          "participantID": "0142",
          "utterance": "아하~ 그것도 좋긴하던데 기간이 너무 길어서 못하겠더라구요.",
          "summary": "",
          "date": "2022-09-16",
          "time": "12:14:21",
          "terminate": "false"
        },
        {
          "speaker": "speaker2",
          "personaID": "21041",
          "participantID": "0225",
          "utterance": "맞아요ㅠ 매일 자전거로 출퇴근 하면서 다니고 있답니다..",
          "summary": "나는 매일 자전거로 출퇴근한다.",
          "date": "2022-09-16",
          "time": "12:15:56",
          "terminate": "false"
        },
        {
          "speaker": "speaker1",
          "personaID": "20405",
          "participantID": "0142",
          "utterance": "그래도 생각보다 거리가 가깝나봐요! 가까우면 좋죠~",
          "summary": "",
          "date": "2022-09-16",
          "time": "12:16:15",
          "terminate": "false"
        },
        {
          "speaker": "speaker2",
          "personaID": "21041",
          "participantID": "0225",
          "utterance": "네ㅋㅋㅋ자전거로 20분정도? 출퇴근하기 괜찮더라구요!",
          "summary": "",
          "date": "2022-09-16",
          "time": "12:16:20",
          "terminate": "false"
        },
        {
          "speaker": "speaker1",
          "personaID": "20405",
          "participantID": "0142",
          "utterance": "그렇네요ㅋㅋ! 저는 요즘 사진동아리에 관심이 가는데 복학생 안끼워줄까봐 걱정이네요..",
          "summary": "나는 사진동아리에 관심이 간다. 요즘 걱정스럽다.",
          "date": "2022-09-16",
          "time": "12:16:48",
          "terminate": "false"
        },
        {
          "speaker": "speaker2",
          "personaID": "21041",
          "participantID": "0225",
          "utterance": "아ㅋㅋㅋㅋ살짝 눈치가 보이긴 할 거 같은데요..?",
          "summary": "",
          "date": "2022-09-16",
          "time": "12:16:54",
          "terminate": "false"
        },
        {
          "speaker": "speaker1",
          "personaID": "20405",
          "participantID": "0142",
          "utterance": "맞아요..ㅠ 그래서 들어갈까 말까 하루에 백 번도 더 고민하는 거 같아요.",
          "summary": "",
          "date": "2022-09-16",
          "time": "12:17:11",
          "terminate": "false"
        },
        {
          "speaker": "speaker2",
          "personaID": "21041",
          "participantID": "0225",
          "utterance": "그래도 좋아해줄지 몰라요ㅎㅎㅎ도전해보세요!",
          "summary": "",
          "date": "2022-09-16",
          "time": "12:17:12",
          "terminate": "false"
        },
        {
          "speaker": "speaker1",
          "personaID": "20405",
          "participantID": "0142",
          "utterance": "한 번 고민해볼게요.. 선생님 혹시 종교 있으세요? 저는 개신교 거든요!!",
          "summary": "나는 개신교이다.",
          "date": "2022-09-16",
          "time": "12:18:16",
          "terminate": "false"
        },
        {
          "speaker": "speaker2",
          "personaID": "21041",
          "participantID": "0225",
          "utterance": "저는 종교가 없어요ㅎㅎ!!!!! 화이팅하세용!!!",
          "summary": "나는 종교가 없다.",
          "date": "2022-09-16",
          "time": "12:18:33",
          "terminate": "true"
        }
      ],
      "sessionPersonaSummary": {
        "speaker1": [
          "나는 20대이다. 군대 전역했다. 학교 복학했다. 대학생이다.",
          "나는 사진동아리에 관심이 간다. 요즘 걱정스럽다.",
          "나는 개신교이다."
        ],
        "speaker2": [
          "나는 20대 남자이다.",
          "나는 산업체로 일하고 있다.",
          "나는 매일 자전거로 출퇴근한다.",
          "나는 종교가 없다."
        ]
      },
      "prevAggregatedpersonaSummary": {
        "speaker1": [],
        "speaker2": []
      }
    },
    {
      "prevSessionID": "2-00350-1",
      "prevTimeInfo": {
        "timeNum": "2",
        "timeUnit": "일"
      },
      "nthSession": "2",
      "numberOfUtterances": "14",
      "numberOfTurns": "7",
      "sessionID": "2-00350-2",
      "dialog": [
        {
          "speaker": "speaker1",
          "personaID": "20405",
          "participantID": "0142",
          "utterance": "선생님~ 오늘은 주말인데 출근 안하시죠?",
          "summary": "",
          "date": "2022-09-16",
          "time": "12:19:14",
          "terminate": "false"
        },
        {
          "speaker": "speaker2",
          "personaID": "21041",
          "participantID": "0225",
          "utterance": "네 안해요~~오늘은 누나 결혼식에 왔답니다!!",
          "summary": "나는 누나 결혼식에 왔다.",
          "date": "2022-09-16",
          "time": "12:19:21",
          "terminate": "false"
        },
        {
          "speaker": "speaker1",
          "personaID": "20405",
          "participantID": "0142",
          "utterance": "오 선생님 누나 분 결혼하시는 거예요?",
          "summary": "",
          "date": "2022-09-16",
          "time": "12:19:30",
          "terminate": "false"
        },
        {
          "speaker": "speaker2",
          "personaID": "21041",
          "participantID": "0225",
          "utterance": "작년부터 한다고 얘기 나왔더니 드디어 결혼을 하네요!!^^",
          "summary": "",
          "date": "2022-09-16",
          "time": "12:19:38",
          "terminate": "false"
        },
        {
          "speaker": "speaker1",
          "personaID": "20405",
          "participantID": "0142",
          "utterance": "축하드려요!!!! 저도 얼른 취업해서 결혼도 하고 싶네요..",
          "summary": "나는 얼른 취업해서 결혼하고 싶다.",
          "date": "2022-09-16",
          "time": "12:19:53",
          "terminate": "false"
        },
        {
          "speaker": "speaker2",
          "personaID": "21041",
          "participantID": "0225",
          "utterance": "오~~결혼생각 있으시구나! 여자친구가 혹시 계신가요?",
          "summary": "",
          "date": "2022-09-16",
          "time": "12:19:56",
          "terminate": "false"
        },
        {
          "speaker": "speaker1",
          "personaID": "20405",
          "participantID": "0142",
          "utterance": "네ㅎㅎ! 군대 기다려준 여친이 있어서 너무 고맙네요!",
          "summary": "나는 군대 기다려준 여자 친구가 너무 고맙다.",
          "date": "2022-09-16",
          "time": "12:20:06",
          "terminate": "false"
        },
        {
          "speaker": "speaker2",
          "personaID": "21041",
          "participantID": "0225",
          "utterance": "군대 기다려준 여자친구는 진짜 평생 잘해야한다는데..대단하네요!!",
          "summary": "",
          "date": "2022-09-16",
          "time": "12:20:14",
          "terminate": "false"
        },
        {
          "speaker": "speaker1",
          "personaID": "20405",
          "participantID": "0142",
          "utterance": "그쵸. 기다리는 거 진짜 힘들텐데 너무 고마워요!! 결혼식은 시작했어요?",
          "summary": "",
          "date": "2022-09-16",
          "time": "12:20:36",
          "terminate": "false"
        },
        {
          "speaker": "speaker2",
          "personaID": "21041",
          "participantID": "0225",
          "utterance": "끝나고 밥 먹고 있어요ㅋㅋ후식과일이 다 떨어지고 딸기만 있어서 슬프네요ㅠ제가 딸기 싫어하거든요..",
          "summary": "나는 딸기를 싫어한다.",
          "date": "2022-09-16",
          "time": "12:20:48",
          "terminate": "false"
        },
        {
          "speaker": "speaker1",
          "personaID": "20405",
          "participantID": "0142",
          "utterance": "ㅋㅋㅋㅋ 딸기 싫어하시는구나. 달달하고 맛있지 않아요?",
          "summary": "",
          "date": "2022-09-16",
          "time": "12:21:09",
          "terminate": "false"
        },
        {
          "speaker": "speaker2",
          "personaID": "21041",
          "participantID": "0225",
          "utterance": "제 입맛에는 별로더라구요ㅋㅋㅋㅋ주말인데 뭐하세요!!?",
          "summary": "",
          "date": "2022-09-16",
          "time": "12:21:16",
          "terminate": "false"
        },
        {
          "speaker": "speaker1",
          "personaID": "20405",
          "participantID": "0142",
          "utterance": "저는 가야금 연주하러 왔어요ㅎㅎ 이제 들어가봐야 할 것 같네요! 수고하세요~",
          "summary": "나는 가야금 연주를 배우다.",
          "date": "2022-09-16",
          "time": "12:21:30",
          "terminate": "false"
        },
        {
          "speaker": "speaker2",
          "personaID": "21041",
          "participantID": "0225",
          "utterance": "앗 알겠습니다ㅎㅎㅎ남은 주말 잘 보내세요!",
          "summary": "",
          "date": "2022-09-16",
          "time": "12:21:31",
          "terminate": "true"
        }
      ],
      "sessionPersonaSummary": {
        "speaker1": [
          "나는 얼른 취업해서 결혼하고 싶다.",
          "나는 군대 기다려준 여자 친구가 너무 고맙다.",
          "나는 가야금 연주를 배우다."
        ],
        "speaker2": [
          "나는 누나 결혼식에 왔다.",
          "나는 딸기를 싫어한다."
        ]
      },
      "prevAggregatedpersonaSummary": {
        "speaker1": [
          "나는 20대이다. 군대 전역했다. 학교 복학했다. 대학생이다.",
          "나는 사진동아리에 관심이 간다. 요즘 걱정스럽다.",
          "나는 개신교이다."
        ],
        "speaker2": [
          "나는 20대 남자이다.",
          "나는 산업체로 일하고 있다.",
          "나는 매일 자전거로 출퇴근한다.",
          "나는 종교가 없다."
        ]
      }
    }
  ]
}