{
  "FileInfo": {
    "filename": "K2-00347-CL20409-CP22337-05-11-S2.json",
    "sessionLevel": "2"
  },
  "participantsInfo": {
    "numberOfParticipants": "2",
    "speaker1": {
      "participantID": "24864",
      "gender": "남성",
      "age": "20대",
      "occupation": "학생",
      "bPlace": "서울/경기/인천",
      "gPlace": "서울/경기/인천",
      "rPlace": "서울/경기/인천",
      "educationLevel": "대졸"
    },
    "speaker2": {
      "participantID": "27911",
      "gender": "여성",
      "age": "20대",
      "occupation": "학생",
      "bPlace": "부산/대구/울산/경상",
      "gPlace": "부산/대구/울산/경상",
      "rPlace": "부산/대구/울산/경상",
      "educationLevel": "대졸"
    }
  },
  "multisessionInfo": {
    "multisessionID": "2-00347"
  },
  "personaInfo": {
    "clInfo": {
      "personaID": "20409",
      "personaFeatures": [
        "나는 남자이다.",
        "나는 20대이다.",
        "나는 요즘, 가끔 감사하다.",
        "나는 봉사단 동아리에 참여한다.",
        "나는 줄넘기를 싫어한다."
      ],
      "speakerType": "speaker1"
    },
    "cpInfo": {
      "personaID": "22337",
      "personaFeatures": [
        "나는 여자이다.",
        "나는 20대이다.",
        "나의 종교는 원불교이다.",
        "나는 유치원 교사이다.",
        "나는 봄을 좋아한다."
      ],
      "speakerType": "speaker2"
    }
  },
  "topicInfo": {
    "topicID": "05-11",
    "topicType": "일과 직업>군대",
    "topicTitle": "깔깔이"
  },
  "sessionInfo": [
    {
      "prevSessionID": null,
      "prevTimeInfo": {
        "timeNum": null,
        "timeUnit": null
      },
      "nthSession": "1",
      "numberOfUtterances": "18",
      "numberOfTurns": "9",
      "sessionID": "2-00347-1",
      "dialog": [
        {
          "speaker": "speaker1",
          "personaID": "20409",
          "participantID": "24864",
          "utterance": "반갑습니다. 저는 20대 남자입니다.",
          "summary": "나는 20대 남자이다.",
          "date": "2022-09-07",
          "time": "16:43:12",
          "terminate": "false"
        },
        {
          "speaker": "speaker2",
          "personaID": "22337",
          "participantID": "27911",
          "utterance": "아 반가워요. 저는 20대 여성입니다.",
          "summary": "나는 20대 여성이다.",
          "date": "2022-09-07",
          "time": "16:43:33",
          "terminate": "false"
        },
        {
          "speaker": "speaker1",
          "personaID": "20409",
          "participantID": "24864",
          "utterance": "제가 봉사단 동아리에 참여하는데요. 그래서 요즘 가끔 감사해요.",
          "summary": "나는 봉사단 동아리에 참여한다. 나는 요즘 가끔 감사하다.",
          "date": "2022-09-07",
          "time": "16:43:52",
          "terminate": "false"
        },
        {
          "speaker": "speaker2",
          "personaID": "22337",
          "participantID": "27911",
          "utterance": "아 그래요? 봉사 활동 다니신다니 너무좋네요. 저는 대학생이 아니라서요.",
          "summary": "",
          "date": "2022-09-07",
          "time": "16:44:22",
          "terminate": "false"
        },
        {
          "speaker": "speaker1",
          "personaID": "20409",
          "participantID": "24864",
          "utterance": "오호~ 그럼 일 하시는군요?",
          "summary": "",
          "date": "2022-09-07",
          "time": "16:44:31",
          "terminate": "false"
        },
        {
          "speaker": "speaker2",
          "personaID": "22337",
          "participantID": "27911",
          "utterance": "네 저는 유치원 교사로 일하고 있습니다.",
          "summary": "나는 유치원 교사이다.",
          "date": "2022-09-07",
          "time": "16:44:44",
          "terminate": "false"
        },
        {
          "speaker": "speaker1",
          "personaID": "20409",
          "participantID": "24864",
          "utterance": "와 그러시구나. 대단하시네요. 아이 돌보는 거 정말 어렵던데..",
          "summary": "",
          "date": "2022-09-07",
          "time": "16:45:02",
          "terminate": "false"
        },
        {
          "speaker": "speaker2",
          "personaID": "22337",
          "participantID": "27911",
          "utterance": "그렇긴하죠. 근데 저는 워낙 아이를 좋아해서 상관없어요.",
          "summary": "",
          "date": "2022-09-07",
          "time": "16:45:23",
          "terminate": "false"
        },
        {
          "speaker": "speaker1",
          "personaID": "20409",
          "participantID": "24864",
          "utterance": "그렇다면 다행이에요. 일 하신지는 얼마나 되셨어요?",
          "summary": "",
          "date": "2022-09-07",
          "time": "16:45:33",
          "terminate": "false"
        },
        {
          "speaker": "speaker2",
          "personaID": "22337",
          "participantID": "27911",
          "utterance": "아 한지 한 4년정도요? 얼마 안됬어요.",
          "summary": "나는 일한 지 4년 정도 됐다.",
          "date": "2022-09-07",
          "time": "16:45:43",
          "terminate": "false"
        },
        {
          "speaker": "speaker1",
          "personaID": "20409",
          "participantID": "24864",
          "utterance": "오 꽤 되셨는데요? 같은 유치원에 쭉 계신거예요?",
          "summary": "",
          "date": "2022-09-07",
          "time": "16:45:58",
          "terminate": "false"
        },
        {
          "speaker": "speaker2",
          "personaID": "22337",
          "participantID": "27911",
          "utterance": "아 2년 다니고 유치원은 바뀌었었어요.",
          "summary": "",
          "date": "2022-09-07",
          "time": "16:46:12",
          "terminate": "false"
        },
        {
          "speaker": "speaker1",
          "personaID": "20409",
          "participantID": "24864",
          "utterance": "그랬군요. 그전 유치원은 별로였나요?",
          "summary": "",
          "date": "2022-09-07",
          "time": "16:46:20",
          "terminate": "false"
        },
        {
          "speaker": "speaker2",
          "personaID": "22337",
          "participantID": "27911",
          "utterance": "아 그전 유치원은 솔직히 학부모님들이 좀..",
          "summary": "",
          "date": "2022-09-07",
          "time": "16:46:37",
          "terminate": "false"
        },
        {
          "speaker": "speaker1",
          "personaID": "20409",
          "participantID": "24864",
          "utterance": "아.. 학부모님들도 힘들게 하는군요.. ㅠㅠ.",
          "summary": "",
          "date": "2022-09-07",
          "time": "16:46:49",
          "terminate": "false"
        },
        {
          "speaker": "speaker2",
          "personaID": "22337",
          "participantID": "27911",
          "utterance": "그니까요. 학부모님들이 저를 많이 괴롭히세요.",
          "summary": "",
          "date": "2022-09-07",
          "time": "16:47:02",
          "terminate": "false"
        },
        {
          "speaker": "speaker1",
          "personaID": "20409",
          "participantID": "24864",
          "utterance": "ㅠㅠ 고생하십니다. 그럼 저는 이만 가볼게요~ 오늘도 수고하세요!",
          "summary": "",
          "date": "2022-09-07",
          "time": "16:47:09",
          "terminate": "false"
        },
        {
          "speaker": "speaker2",
          "personaID": "22337",
          "participantID": "27911",
          "utterance": "저도 그러면 원불교 모임시간이라 가볼게요. 오늘 모임은 꼭 가야하거든요.",
          "summary": "나는 원불교를 믿는다.",
          "date": "2022-09-07",
          "time": "16:47:10",
          "terminate": "true"
        }
      ],
      "sessionPersonaSummary": {
        "speaker1": [
          "나는 20대 남자이다.",
          "나는 봉사단 동아리에 참여한다. 나는 요즘 가끔 감사하다."
        ],
        "speaker2": [
          "나는 20대 여성이다.",
          "나는 유치원 교사이다.",
          "나는 일한 지 4년 정도 됐다.",
          "나는 원불교를 믿는다."
        ]
      },
      "prevAggregatedpersonaSummary": {
        "speaker1": [],
        "speaker2": []
      }
    },
    {
      "prevSessionID": "2-00347-1",
      "prevTimeInfo": {
        "timeNum": "2",
        "timeUnit": "일"
      },
      "nthSession": "2",
      "numberOfUtterances": "18",
      "numberOfTurns": "9",
      "sessionID": "2-00347-2",
      "dialog": [
        {
          "speaker": "speaker1",
          "personaID": "20409",
          "participantID": "24864",
          "utterance": "이틀만이네요. 날이 추워져서 깔깔이를 꺼냈네요.",
          "summary": "",
          "date": "2022-09-07",
          "time": "16:47:21",
          "terminate": "false"
        },
        {
          "speaker": "speaker2",
          "personaID": "22337",
          "participantID": "27911",
          "utterance": "아 그래요? 저도 날이 요즘 추워진것 같긴한데 말이죠.",
          "summary": "",
          "date": "2022-09-07",
          "time": "16:47:47",
          "terminate": "false"
        },
        {
          "speaker": "speaker1",
          "personaID": "20409",
          "participantID": "24864",
          "utterance": "네 아침 저녁으로는 특히 더 쌀쌀하더라고요.",
          "summary": "",
          "date": "2022-09-07",
          "time": "16:47:54",
          "terminate": "false"
        },
        {
          "speaker": "speaker2",
          "personaID": "22337",
          "participantID": "27911",
          "utterance": "아 그렇죠.. 깔깔이가 그 군대용품이죠?",
          "summary": "",
          "date": "2022-09-07",
          "time": "16:48:19",
          "terminate": "false"
        },
        {
          "speaker": "speaker1",
          "personaID": "20409",
          "participantID": "24864",
          "utterance": "아 네 맞아요. ㅎㅎ 그만한 옷이 없거든요!",
          "summary": "",
          "date": "2022-09-07",
          "time": "16:48:45",
          "terminate": "false"
        },
        {
          "speaker": "speaker2",
          "personaID": "22337",
          "participantID": "27911",
          "utterance": "아 제가 입어본적이 없어서요. 본적도 없거든요.",
          "summary": "",
          "date": "2022-09-07",
          "time": "16:48:57",
          "terminate": "false"
        },
        {
          "speaker": "speaker1",
          "personaID": "20409",
          "participantID": "24864",
          "utterance": "그러시겠네요. 남자 형제 없으시면 더더욱이요.",
          "summary": "",
          "date": "2022-09-07",
          "time": "16:49:06",
          "terminate": "false"
        },
        {
          "speaker": "speaker2",
          "personaID": "22337",
          "participantID": "27911",
          "utterance": "네 그 푸른 거탑인가 거기서 나온것만 봤어요.",
          "summary": "나는 푸른 거탑을 봤다.",
          "date": "2022-09-07",
          "time": "16:49:15",
          "terminate": "false"
        },
        {
          "speaker": "speaker1",
          "personaID": "20409",
          "participantID": "24864",
          "utterance": "아 푸른 거탑이요? 제가 안 봐서 모르겠네요..ㅠ.",
          "summary": "",
          "date": "2022-09-07",
          "time": "16:49:25",
          "terminate": "false"
        },
        {
          "speaker": "speaker2",
          "personaID": "22337",
          "participantID": "27911",
          "utterance": "무슨 군대에서 치뤄지는 시트콤 같은거였어요.",
          "summary": "",
          "date": "2022-09-07",
          "time": "16:49:47",
          "terminate": "false"
        },
        {
          "speaker": "speaker1",
          "personaID": "20409",
          "participantID": "24864",
          "utterance": "재밌었나요? 나중에 볼까 봐요.",
          "summary": "",
          "date": "2022-09-07",
          "time": "16:49:55",
          "terminate": "false"
        },
        {
          "speaker": "speaker2",
          "personaID": "22337",
          "participantID": "27911",
          "utterance": "좀오래된 작품이라서요. 재미는 모르겠네요?",
          "summary": "",
          "date": "2022-09-07",
          "time": "16:50:09",
          "terminate": "false"
        },
        {
          "speaker": "speaker1",
          "personaID": "20409",
          "participantID": "24864",
          "utterance": "그렇군요. 그나저나 으 저는 싫어하는 줄넘기 하러 가게 생겼어요...",
          "summary": "나는 줄넘기를 싫어한다.",
          "date": "2022-09-07",
          "time": "16:50:29",
          "terminate": "false"
        },
        {
          "speaker": "speaker2",
          "personaID": "22337",
          "participantID": "27911",
          "utterance": "아 줄넘기요. 줄넘기힘들죠. 학창시절 이후로 해본적이 없어요.",
          "summary": "",
          "date": "2022-09-07",
          "time": "16:50:46",
          "terminate": "false"
        },
        {
          "speaker": "speaker1",
          "personaID": "20409",
          "participantID": "24864",
          "utterance": "저도요. 여자친구가 하도 하자 그래서요..",
          "summary": "",
          "date": "2022-09-07",
          "time": "16:50:58",
          "terminate": "false"
        },
        {
          "speaker": "speaker2",
          "personaID": "22337",
          "participantID": "27911",
          "utterance": "하이고 그러시구나. 그나저나 곧 가을지나 겨울이네요. 제가 좋아하는 봄까진 아직 멀었어요.",
          "summary": "나는 봄을 좋아한다.",
          "date": "2022-09-07",
          "time": "16:51:18",
          "terminate": "false"
        },
        {
          "speaker": "speaker1",
          "personaID": "20409",
          "participantID": "24864",
          "utterance": "그래도 시간 금방 가더라고요. 조금만 참으셔요. 저는 그럼 이만 실례할게요!",
          "summary": "",
          "date": "2022-09-07",
          "time": "16:51:42",
          "terminate": "false"
        },
        {
          "speaker": "speaker2",
          "personaID": "22337",
          "participantID": "27911",
          "utterance": "네 저도 그러면 가볼게요. 다음에 만나기로 해요.",
          "summary": "",
          "date": "2022-09-07",
          "time": "16:51:56",
          "terminate": "true"
        }
      ],
      "sessionPersonaSummary": {
        "speaker1": [
          "나는 줄넘기를 싫어한다."
        ],
        "speaker2": [
          "나는 푸른 거탑을 봤다.",
          "나는 봄을 좋아한다."
        ]
      },
      "prevAggregatedpersonaSummary": {
        "speaker1": [
          "나는 20대 남자이다.",
          "나는 봉사단 동아리에 참여한다. 나는 요즘 가끔 감사하다."
        ],
        "speaker2": [
          "나는 20대 여성이다.",
          "나는 유치원 교사이다.",
          "나는 일한 지 4년 정도 됐다.",
          "나는 원불교를 믿는다."
        ]
      }
    }
  ]
}