{
  "FileInfo": {
    "filename": "K2-00384-CL20048-CP22224-17-10-S2.json",
    "sessionLevel": "2"
  },
  "participantsInfo": {
    "numberOfParticipants": "2",
    "speaker1": {
      "participantID": "0225",
      "gender": "남성",
      "age": "20대",
      "occupation": "무직",
      "bPlace": "서울/경기/인천",
      "gPlace": "서울/경기/인천",
      "rPlace": "서울/경기/인천",
      "educationLevel": "대졸"
    },
    "speaker2": {
      "participantID": "0300",
      "gender": "여성",
      "age": "20대",
      "occupation": "학생",
      "bPlace": "서울/경기/인천",
      "gPlace": "서울/경기/인천",
      "rPlace": "서울/경기/인천",
      "educationLevel": "고졸"
    }
  },
  "multisessionInfo": {
    "multisessionID": "2-00384"
  },
  "personaInfo": {
    "clInfo": {
      "personaID": "20048",
      "personaFeatures": [
        "나는 남자이다.",
        "나는 20대이다.",
        "나의 남자 형제는 운수업을 한다.",
        "나는 중어중문학 전공이다.",
        "나는 겨울을 좋아한다."
      ],
      "speakerType": "speaker1"
    },
    "cpInfo": {
      "personaID": "22224",
      "personaFeatures": [
        "나는 여자이다.",
        "나는 20대이다.",
        "나는 요즘, 가끔 행복하다.",
        "나는 국어국문학 전공이다.",
        "나는 줄넘기를 자주 한다."
      ],
      "speakerType": "speaker2"
    }
  },
  "topicInfo": {
    "topicID": "17-10",
    "topicType": "미용과 건강>건강",
    "topicTitle": "물리치료"
  },
  "sessionInfo": [
    {
      "prevSessionID": null,
      "prevTimeInfo": {
        "timeNum": null,
        "timeUnit": null
      },
      "nthSession": "1",
      "numberOfUtterances": "14",
      "numberOfTurns": "7",
      "sessionID": "2-00384-1",
      "dialog": [
        {
          "speaker": "speaker1",
          "personaID": "20048",
          "participantID": "0225",
          "utterance": "안녕하세요ㅎㅎ 저는 중어중문학과 20대 남성입니다.",
          "summary": "나는 20대 남자다. 나는 중어중문학과이다.",
          "date": "2022-09-05",
          "time": "13:54:24",
          "terminate": "false"
        },
        {
          "speaker": "speaker2",
          "personaID": "22224",
          "participantID": "0300",
          "utterance": "앗! 같은 인문대다! 저는 국어국문학과 다니는 20대 여성이에요ㅎㅎ.",
          "summary": "나는 인문대학에 다닌다. 나는 20대 여자다. 나는 국어국문학과이다.",
          "date": "2022-09-05",
          "time": "13:54:33",
          "terminate": "false"
        },
        {
          "speaker": "speaker1",
          "personaID": "20048",
          "participantID": "0225",
          "utterance": "인문대 동지~ 반가워요ㅎㅎ 제가 또 국어에도 관심이 많아서요!",
          "summary": "나는 국어에 관심이 많다.",
          "date": "2022-09-05",
          "time": "13:54:52",
          "terminate": "false"
        },
        {
          "speaker": "speaker2",
          "personaID": "22224",
          "participantID": "0300",
          "utterance": "앜ㅋㅋㅋㅋ그러세요? 저는 중국어는 아니고 일본어에 관심이 많아요!",
          "summary": "나는 중국어에 관심이 없다. 나는 일본어에 관심이 있다.",
          "date": "2022-09-05",
          "time": "13:55:23",
          "terminate": "false"
        },
        {
          "speaker": "speaker1",
          "personaID": "20048",
          "participantID": "0225",
          "utterance": "일본어 잘하시면 한자도 많이 아시겠는데요? 중국어도 배우러 오세요~ㅎㅎ 두 팔 벌려 환영해요ㅋㅋ.",
          "summary": "",
          "date": "2022-09-05",
          "time": "13:55:54",
          "terminate": "false"
        },
        {
          "speaker": "speaker2",
          "personaID": "22224",
          "participantID": "0300",
          "utterance": "ㅋㅋㅋㅋㅋㅋㅋ 일본어부터 마스터 해야할 것 같아요ㅋㅋㅋㅋ.",
          "summary": "",
          "date": "2022-09-05",
          "time": "13:56:13",
          "terminate": "false"
        },
        {
          "speaker": "speaker1",
          "personaID": "20048",
          "participantID": "0225",
          "utterance": "근데 요즘 날씨 좋지 않나요? 춥지만 따뜻한 춥따춥따... 마치, 단짠단짠 같은... 제가 겨울을 좋아해서요.",
          "summary": "나는 겨울을 좋아한다.",
          "date": "2022-09-05",
          "time": "13:56:33",
          "terminate": "false"
        },
        {
          "speaker": "speaker2",
          "personaID": "22224",
          "participantID": "0300",
          "utterance": "저도 겨울 좋아해요ㅋㅋㅋ 겨울에 태어났거든요! 곧 생일이라 요즘 가끔 행복해져요 ㅎㅎ.",
          "summary": "나는 겨울을 좋아한다. 나는 겨울에 태어났다. 나의 생일은 곧 다가온다.",
          "date": "2022-09-05",
          "time": "13:56:57",
          "terminate": "false"
        },
        {
          "speaker": "speaker1",
          "personaID": "20048",
          "participantID": "0225",
          "utterance": "저는 여름태생이지만 겨울이 좋은데 왜일까요ㅋㅋ 근데 한 가지 단점! 운동을 잘 못해서 슬퍼요ㅜㅜ.",
          "summary": "나는 여름에 태어났다. 난 운동을 잘 못한다.",
          "date": "2022-09-05",
          "time": "13:57:23",
          "terminate": "false"
        },
        {
          "speaker": "speaker2",
          "personaID": "22224",
          "participantID": "0300",
          "utterance": "운동이용?! 님, 실내 운동 해보세요! 전 요즘 줄넘기 자주 하는데 넘 좋더라고요ㅋㅋ.",
          "summary": "나는 줄넘기를 자주 한다.",
          "date": "2022-09-05",
          "time": "13:57:49",
          "terminate": "false"
        },
        {
          "speaker": "speaker1",
          "personaID": "20048",
          "participantID": "0225",
          "utterance": "줄넘기가 좋긴 하죠! 다이어트에도 유산소가 최고잖아요ㅎㅎ 힘들어서 그렇지 효과는 갑!",
          "summary": "",
          "date": "2022-09-05",
          "time": "13:58:14",
          "terminate": "false"
        },
        {
          "speaker": "speaker2",
          "personaID": "22224",
          "participantID": "0300",
          "utterance": "네 맞아요ㅎㅎ근데 의외로 근육을 많이 쓰더라고요? 오래 앉아 있는 사람한테도 추천해요!",
          "summary": "",
          "date": "2022-09-05",
          "time": "13:58:31",
          "terminate": "false"
        },
        {
          "speaker": "speaker1",
          "personaID": "20048",
          "participantID": "0225",
          "utterance": "저희 형이 운수업을 해서 맨날 운전대만 잡고 있는데 추천해줘야겠어요ㅋㅋ 생각난 김에 바로 갑니다!",
          "summary": "나의 형은 운수업을 한다.",
          "date": "2022-09-05",
          "time": "13:58:50",
          "terminate": "false"
        },
        {
          "speaker": "speaker2",
          "personaID": "22224",
          "participantID": "0300",
          "utterance": "앜ㅋㅋ 님 실천력 있으시다ㅋㅋㅋ 다녀오세요~",
          "summary": "",
          "date": "2022-09-05",
          "time": "13:59:09",
          "terminate": "true"
        }
      ],
      "sessionPersonaSummary": {
        "speaker1": [
          "나는 20대 남자다. 나는 중어중문학과이다.",
          "나는 국어에 관심이 많다.",
          "나는 겨울을 좋아한다.",
          "나는 여름에 태어났다. 난 운동을 잘 못한다.",
          "나의 형은 운수업을 한다."
        ],
        "speaker2": [
          "나는 인문대학에 다닌다. 나는 20대 여자다. 나는 국어국문학과이다.",
          "나는 중국어에 관심이 없다. 나는 일본어에 관심이 있다.",
          "나는 겨울을 좋아한다. 나는 겨울에 태어났다. 나의 생일은 곧 다가온다.",
          "나는 줄넘기를 자주 한다."
        ]
      },
      "prevAggregatedpersonaSummary": {
        "speaker1": [],
        "speaker2": []
      }
    },
    {
      "prevSessionID": "2-00384-1",
      "prevTimeInfo": {
        "timeNum": "1",
        "timeUnit": "시간"
      },
      "nthSession": "2",
      "numberOfUtterances": "14",
      "numberOfTurns": "7",
      "sessionID": "2-00384-2",
      "dialog": [
        {
          "speaker": "speaker1",
          "personaID": "20048",
          "participantID": "0225",
          "utterance": "형님이 한 시간만에 연락을 줬네요...ㅠㅠ 근데 어쩌죠?",
          "summary": "",
          "date": "2022-09-05",
          "time": "13:59:24",
          "terminate": "false"
        },
        {
          "speaker": "speaker2",
          "personaID": "22224",
          "participantID": "0300",
          "utterance": "형님분한테 무슨 일이라도 생겼다고 하나요? 설마 교통사고...?",
          "summary": "",
          "date": "2022-09-05",
          "time": "13:59:41",
          "terminate": "false"
        },
        {
          "speaker": "speaker1",
          "personaID": "20048",
          "participantID": "0225",
          "utterance": "아ㅜㅜ 그건 아니고요. 너무 근육이 뭉쳐있다 보니까, 물리치료를 최근 받기 시작했다네요.",
          "summary": "나의 형은 물리치료를 받기 시작했다.",
          "date": "2022-09-05",
          "time": "13:59:57",
          "terminate": "false"
        },
        {
          "speaker": "speaker2",
          "personaID": "22224",
          "participantID": "0300",
          "utterance": "어머,벌써부터 물리치료라니... 너무 고생이신데요ㅜㅜ.",
          "summary": "",
          "date": "2022-09-05",
          "time": "14:00:23",
          "terminate": "false"
        },
        {
          "speaker": "speaker1",
          "personaID": "20048",
          "participantID": "0225",
          "utterance": "계속 앉아만 있다보니 허리가 나가버렸다고 해요;; 디스크는 아닐까 걱정되네요.",
          "summary": "나의 형은 허리가 나갔다.",
          "date": "2022-09-05",
          "time": "14:01:02",
          "terminate": "false"
        },
        {
          "speaker": "speaker2",
          "personaID": "22224",
          "participantID": "0300",
          "utterance": "플로피 디스크요...? 아, 농담이에요. 제가 눈치가 없었죠.",
          "summary": "",
          "date": "2022-09-05",
          "time": "14:01:34",
          "terminate": "false"
        },
        {
          "speaker": "speaker1",
          "personaID": "20048",
          "participantID": "0225",
          "utterance": "아ㅋㅋㅋ 아니에요ㅜㅜ 심각한 상황이었는데 좀 웃겼네요ㅋㅋㅋ.",
          "summary": "",
          "date": "2022-09-05",
          "time": "14:01:56",
          "terminate": "false"
        },
        {
          "speaker": "speaker2",
          "personaID": "22224",
          "participantID": "0300",
          "utterance": "허리 디스크라는 거, 한 번 터지면 고생이라고 하던데! 비수술적 방법은 어떠세용?ㅜㅜ.",
          "summary": "",
          "date": "2022-09-05",
          "time": "14:02:11",
          "terminate": "false"
        },
        {
          "speaker": "speaker1",
          "personaID": "20048",
          "participantID": "0225",
          "utterance": "비수술적 방법 좋죠. 아무래도 몸에 칼 대는 건 후유증도 많이 남으니까요ㅎㅎ.",
          "summary": "",
          "date": "2022-09-05",
          "time": "14:02:33",
          "terminate": "false"
        },
        {
          "speaker": "speaker2",
          "personaID": "22224",
          "participantID": "0300",
          "utterance": "맞아요~ 음, 아니면 물리치료 계속 받기 보다는 한의원에서 침 맞는 건 어떨까요?",
          "summary": "",
          "date": "2022-09-05",
          "time": "14:02:58",
          "terminate": "false"
        },
        {
          "speaker": "speaker1",
          "personaID": "20048",
          "participantID": "0225",
          "utterance": "그것도 나쁘지 않네요!ㅋㅋ 침술은 진짜 인정할 만하다고 봐요.",
          "summary": "",
          "date": "2022-09-05",
          "time": "14:03:14",
          "terminate": "false"
        },
        {
          "speaker": "speaker2",
          "personaID": "22224",
          "participantID": "0300",
          "utterance": "네네ㅎㅎ 저도 예전에 발 삐었을 때 한의원 갔었는데 도움 많이 됐어요.",
          "summary": "나는 한의원에 침 맞으러 간 적 있다.",
          "date": "2022-09-05",
          "time": "14:03:25",
          "terminate": "false"
        },
        {
          "speaker": "speaker1",
          "personaID": "20048",
          "participantID": "0225",
          "utterance": "형더러 물리치료 끝나고 한 번 한의원 알아보라고 해야겠네요.",
          "summary": "",
          "date": "2022-09-05",
          "time": "14:03:58",
          "terminate": "false"
        },
        {
          "speaker": "speaker2",
          "personaID": "22224",
          "participantID": "0300",
          "utterance": "형님분께서 차도가 있으셨음 좋겠네요~ㅠㅠ.",
          "summary": "",
          "date": "2022-09-05",
          "time": "14:04:13",
          "terminate": "true"
        }
      ],
      "sessionPersonaSummary": {
        "speaker1": [
          "나의 형은 물리치료를 받기 시작했다.",
          "나의 형은 허리가 나갔다."
        ],
        "speaker2": [
          "나는 한의원에 침 맞으러 간 적 있다."
        ]
      },
      "prevAggregatedpersonaSummary": {
        "speaker1": [
          "나는 20대 남자다. 나는 중어중문학과이다.",
          "나는 국어에 관심이 많다.",
          "나는 겨울을 좋아한다.",
          "나는 여름에 태어났다. 난 운동을 잘 못한다.",
          "나의 형은 운수업을 한다."
        ],
        "speaker2": [
          "나는 인문대학에 다닌다. 나는 20대 여자다. 나는 국어국문학과이다.",
          "나는 중국어에 관심이 없다. 나는 일본어에 관심이 있다.",
          "나는 겨울을 좋아한다. 나는 겨울에 태어났다. 나의 생일은 곧 다가온다.",
          "나는 줄넘기를 자주 한다."
        ]
      }
    }
  ]
}