{
  "FileInfo": {
    "filename": "K2-00596-CL50499-CP26123-19-02-S2.json",
    "sessionLevel": "2"
  },
  "participantsInfo": {
    "numberOfParticipants": "2",
    "speaker1": {
      "participantID": "4306",
      "gender": "남성",
      "age": "40대",
      "occupation": "기타",
      "bPlace": "광주/전라/제주",
      "gPlace": "광주/전라/제주",
      "rPlace": "광주/전라/제주",
      "educationLevel": "대졸"
    },
    "speaker2": {
      "participantID": "4399",
      "gender": "여성",
      "age": "10대",
      "occupation": "학생",
      "bPlace": "대전/세종/충청/강원",
      "gPlace": "대전/세종/충청/강원",
      "rPlace": "대전/세종/충청/강원",
      "educationLevel": "중졸"
    }
  },
  "multisessionInfo": {
    "multisessionID": "2-00596"
  },
  "personaInfo": {
    "clInfo": {
      "personaID": "50499",
      "personaFeatures": [
        "나는 남자이다.",
        "나는 50대이다.",
        "나는 조경기술자이다",
        "나는 약을 먹는 것을 싫어한다",
        "나는 바람 부는 날을 좋아한다"
      ],
      "speakerType": "speaker1"
    },
    "cpInfo": {
      "personaID": "26123",
      "personaFeatures": [
        "나는 여자이다.",
        "나는 20대이다.",
        "나는 가족과 애틋하지 않다",
        "나는 가방 디자이너이다",
        "나는 헬스를 자주 한다",
        "나는 인생에서 가장 슬펐던 때는 친구가 많이 아프다는 소식을 들었을 때이다",
        "나는 요즘, 매일 우울하다"
      ],
      "speakerType": "speaker2"
    }
  },
  "topicInfo": {
    "topicID": "19-02",
    "topicType": "예술문화 생활>방송/연예",
    "topicTitle": "드라마"
  },
  "sessionInfo": [
    {
      "prevSessionID": null,
      "prevTimeInfo": {
        "timeNum": null,
        "timeUnit": null
      },
      "nthSession": "1",
      "numberOfUtterances": "14",
      "numberOfTurns": "7",
      "sessionID": "2-00596-1",
      "dialog": [
        {
          "speaker": "speaker1",
          "personaID": "50499",
          "participantID": "4306",
          "utterance": "안녕하세요. 저는 바람 부는 날을 좋아하는 50대 남성입니다.",
          "summary": "나는 50대 남자고 바람 부는 날을 좋아한다.",
          "date": "2022-11-08",
          "time": "19:29:18",
          "terminate": "false"
        },
        {
          "speaker": "speaker2",
          "personaID": "26123",
          "participantID": "4399",
          "utterance": "안녕하세요 저는 20대 여성입니다. 저는 요즘 매일 우울해요...",
          "summary": "나는 20대 여성이다. 나는 요즘 매일 우울하다",
          "date": "2022-11-08",
          "time": "19:39:53",
          "terminate": "false"
        },
        {
          "speaker": "speaker1",
          "personaID": "50499",
          "participantID": "4306",
          "utterance": "날씨때문일까요? 그래도 매일 우울하면 병원가시는걸 추천합니다.",
          "summary": "",
          "date": "2022-11-08",
          "time": "19:40:32",
          "terminate": "false"
        },
        {
          "speaker": "speaker2",
          "personaID": "26123",
          "participantID": "4399",
          "utterance": "저는 가족과 애틋하지 않아요. 우울해서 헬스를 자주 하고있어요",
          "summary": "나는 가족과 애틋하지 않아 우울하고 헬스를 자주 한다",
          "date": "2022-11-08",
          "time": "19:57:38",
          "terminate": "false"
        },
        {
          "speaker": "speaker1",
          "personaID": "50499",
          "participantID": "4306",
          "utterance": "저도 약을 먹는 것을 싫어해서 병원가는게 두렵네요. 헬스로라도 풀 수 있으니 다행입니다.",
          "summary": "나는 약 먹는 것을 싫어한다",
          "date": "2022-11-08",
          "time": "20:03:30",
          "terminate": "false"
        },
        {
          "speaker": "speaker2",
          "personaID": "26123",
          "participantID": "4399",
          "utterance": "맞아요 그리고 가방 디자인도 하는 가방 디자이너에요",
          "summary": "나는 가방 디자이너이다",
          "date": "2022-11-08",
          "time": "20:16:14",
          "terminate": "false"
        },
        {
          "speaker": "speaker1",
          "personaID": "50499",
          "participantID": "4306",
          "utterance": "저는 조경기술자입니다. 그리고 바람 부는 날을 좋아하죠~",
          "summary": "나는 조경기술자이다.",
          "date": "2022-11-08",
          "time": "20:24:01",
          "terminate": "false"
        },
        {
          "speaker": "speaker2",
          "personaID": "26123",
          "participantID": "4399",
          "utterance": "바람 부는 날 좋겠네요. 제가 가장 슬펐을 때 바람이 불었었어요.",
          "summary": "나는 가장 슬펐을 때 바람이 불고 있었다",
          "date": "2022-11-08",
          "time": "20:25:31",
          "terminate": "false"
        },
        {
          "speaker": "speaker1",
          "personaID": "50499",
          "participantID": "4306",
          "utterance": "언제가 가장 슬펐는지 물어봐도 돼나요? 그런날 바람불면 진짜 슬프겠네요ㅜㅜ",
          "summary": "",
          "date": "2022-11-08",
          "time": "20:27:44",
          "terminate": "false"
        },
        {
          "speaker": "speaker2",
          "personaID": "26123",
          "participantID": "4399",
          "utterance": "친구가 많이 아프다는 소식을 들었을때 인생에서 가장 슬펐어요..",
          "summary": "나는 친구가 많이 아프다는 소식이 내 인생에서 가장 슬펐다",
          "date": "2022-11-08",
          "time": "21:42:02",
          "terminate": "false"
        },
        {
          "speaker": "speaker1",
          "personaID": "50499",
          "participantID": "4306",
          "utterance": "친한 친구가 아프면 정말 속상하죠. 그런데 조금더 세월을 살다보면 더더욱 슬픈 일들이 많이 생기니 마음에 계속 담고 있지 마세요.",
          "summary": "",
          "date": "2022-11-08",
          "time": "22:15:19",
          "terminate": "false"
        },
        {
          "speaker": "speaker2",
          "personaID": "26123",
          "participantID": "4399",
          "utterance": "위로 감사합니다. 저도 뭐든 좋으니 당신 얘기를 듣고싶어요...",
          "summary": "나는 위로가 감사하다",
          "date": "2022-11-08",
          "time": "23:42:23",
          "terminate": "false"
        },
        {
          "speaker": "speaker1",
          "personaID": "50499",
          "participantID": "4306",
          "utterance": "제 이야기도 천천히 말해드릴께요.",
          "summary": "",
          "date": "2022-11-09",
          "time": "00:01:39",
          "terminate": "false"
        },
        {
          "speaker": "speaker2",
          "personaID": "26123",
          "participantID": "4399",
          "utterance": "네 감사합니다 기다리고 있겠어요",
          "summary": "",
          "date": "2022-11-09",
          "time": "00:16:11",
          "terminate": "true"
        }
      ],
      "sessionPersonaSummary": {
        "speaker1": [
          "나는 50대 남자고 바람 부는 날을 좋아한다.",
          "나는 약 먹는 것을 싫어한다",
          "나는 조경기술자이다."
        ],
        "speaker2": [
          "나는 20대 여성이다.",
          "나는 요즘 매일 우울하다",
          "나는 가족과 애틋하지 않아 우울하고 헬스를 자주 한다",
          "나는 가방 디자이너이다",
          "나는 가장 슬펐을 때 바람이 불고 있었다",
          "나는 친구가 많이 아프다는 소식이 내 인생에서 가장 슬펐다",
          "나는 위로가 감사하다"
        ]
      },
      "prevAggregatedpersonaSummary": {
        "speaker1": [],
        "speaker2": []
      }
    },
    {
      "prevSessionID": "2-00596-1",
      "prevTimeInfo": {
        "timeNum": "11",
        "timeUnit": "시간"
      },
      "nthSession": "2",
      "numberOfUtterances": "14",
      "numberOfTurns": "7",
      "sessionID": "2-00596-2",
      "dialog": [
        {
          "speaker": "speaker1",
          "personaID": "50499",
          "participantID": "4306",
          "utterance": "뭐하고 계셨나요? 마지막 대화하고 벌써 11시간이나 지났네요.",
          "summary": "",
          "date": "2022-11-09",
          "time": "00:28:03",
          "terminate": "false"
        },
        {
          "speaker": "speaker2",
          "personaID": "26123",
          "participantID": "4399",
          "utterance": "와 그러게요. 저는 문화생활좀 즐기고 있었어요",
          "summary": "나는 문화생활을 즐기고 있다",
          "date": "2022-11-09",
          "time": "00:59:26",
          "terminate": "false"
        },
        {
          "speaker": "speaker1",
          "personaID": "50499",
          "participantID": "4306",
          "utterance": "저는 TV를 보고 있었어요. 혹시 즐겨보는 프로그램이 있으신가요?",
          "summary": "",
          "date": "2022-11-09",
          "time": "01:05:07",
          "terminate": "false"
        },
        {
          "speaker": "speaker2",
          "personaID": "26123",
          "participantID": "4399",
          "utterance": "저는 방송중에 헬스에 관련된 방송을 많이 봐요",
          "summary": "나는 헬스에 관련된 방송을 많이 본다",
          "date": "2022-11-09",
          "time": "01:09:56",
          "terminate": "false"
        },
        {
          "speaker": "speaker1",
          "personaID": "50499",
          "participantID": "4306",
          "utterance": "헬스를 많이 하시니 그런 방송도 많이 보시나봐요. 저는 드라마도 너무 좋아합니다.",
          "summary": "나는 드라마를 좋아한다",
          "date": "2022-11-09",
          "time": "01:11:36",
          "terminate": "false"
        },
        {
          "speaker": "speaker2",
          "personaID": "26123",
          "participantID": "4399",
          "utterance": "무슨 드라마 장르 즐겨 보세요?",
          "summary": "",
          "date": "2022-11-09",
          "time": "01:14:12",
          "terminate": "false"
        },
        {
          "speaker": "speaker1",
          "personaID": "50499",
          "participantID": "4306",
          "utterance": "요즘에는 코믹이 제일 좋은것 같아요. 삭막한 세상이라 드라마 보며 웃기도 합니다.",
          "summary": "나는 요즘 코믹 드라마가 좋다",
          "date": "2022-11-09",
          "time": "01:16:23",
          "terminate": "false"
        },
        {
          "speaker": "speaker2",
          "personaID": "26123",
          "participantID": "4399",
          "utterance": "맞아요 저도 요즘 우울했었는데 코미디 보면 기분좋아져요",
          "summary": "나는 코미디 보면 기분이 좋아진다",
          "date": "2022-11-09",
          "time": "01:18:37",
          "terminate": "false"
        },
        {
          "speaker": "speaker1",
          "personaID": "50499",
          "participantID": "4306",
          "utterance": "저는 주말에만 드라마를 보는 편인데 요즘 드라마 재밌네요. 드라마 2회보고 나면 아~주말이 끝났구나 하고 우울하지만요.",
          "summary": "",
          "date": "2022-11-09",
          "time": "01:21:32",
          "terminate": "false"
        },
        {
          "speaker": "speaker2",
          "personaID": "26123",
          "participantID": "4399",
          "utterance": "맞아요 요즘은 연예인도 참 예쁘고 멋진 사람들이 많은것같아요",
          "summary": "",
          "date": "2022-11-09",
          "time": "08:55:34",
          "terminate": "false"
        },
        {
          "speaker": "speaker1",
          "personaID": "50499",
          "participantID": "4306",
          "utterance": "연예인들은 그들만의 사는 세상이 다른것 같아요. 같은 나이라도 너무 젊어보여 가끔 자괴감이 듭니다.",
          "summary": "나는 가끔 연예인 때문에 자괴감이 든다",
          "date": "2022-11-09",
          "time": "10:47:58",
          "terminate": "false"
        },
        {
          "speaker": "speaker2",
          "personaID": "26123",
          "participantID": "4399",
          "utterance": "맞아요 요즘 매일 우울하기도 해요. 하지만 배우들이 없으면 드라마도 없죠.",
          "summary": "나는 요즘 매일 우울하다",
          "date": "2022-11-09",
          "time": "17:14:12",
          "terminate": "false"
        },
        {
          "speaker": "speaker1",
          "personaID": "50499",
          "participantID": "4306",
          "utterance": "제가 즐겨본 드라마가 이번주에 끝나는데 다음주 부터는 더 대박칠 드라마라 너무 기대하고 있습니다.",
          "summary": "나는 즐겨보는 드라마를 기대하고 있다",
          "date": "2022-11-09",
          "time": "17:22:59",
          "terminate": "false"
        },
        {
          "speaker": "speaker2",
          "personaID": "26123",
          "participantID": "4399",
          "utterance": "헉 뭔지 궁금하네요. 저는 이만 바빠서 가볼게요 다음에 꼭 알려주세요!",
          "summary": "",
          "date": "2022-11-09",
          "time": "22:49:51",
          "terminate": "true"
        }
      ],
      "sessionPersonaSummary": {
        "speaker1": [
          "나는 드라마를 좋아한다",
          "나는 요즘 코믹 드라마가 좋다",
          "나는 가끔 연예인 때문에 자괴감이 든다",
          "나는 즐겨보는 드라마를 기대하고 있다"
        ],
        "speaker2": [
          "나는 문화생활을 즐기고 있다",
          "나는 헬스에 관련된 방송을 많이 본다",
          "나는 코미디 보면 기분이 좋아진다",
          "나는 요즘 매일 우울하다"
        ]
      },
      "prevAggregatedpersonaSummary": {
        "speaker1": [
          "나는 50대 남자고 바람 부는 날을 좋아한다.",
          "나는 약 먹는 것을 싫어한다",
          "나는 조경기술자이다."
        ],
        "speaker2": [
          "나는 20대 여성이다.",
          "나는 요즘 매일 우울하다",
          "나는 가족과 애틋하지 않아 우울하고 헬스를 자주 한다",
          "나는 가방 디자이너이다",
          "나는 가장 슬펐을 때 바람이 불고 있었다",
          "나는 친구가 많이 아프다는 소식이 내 인생에서 가장 슬펐다",
          "나는 위로가 감사하다"
        ]
      }
    }
  ]
}