{
  "FileInfo": {
    "filename": "K2-00509-CL40522-CP20818-14-04-S2.json",
    "sessionLevel": "2"
  },
  "participantsInfo": {
    "numberOfParticipants": "2",
    "speaker1": {
      "participantID": "4214",
      "gender": "남성",
      "age": "30대",
      "occupation": "기타",
      "bPlace": "서울/경기/인천",
      "gPlace": "서울/경기/인천",
      "rPlace": "서울/경기/인천",
      "educationLevel": "기타"
    },
    "speaker2": {
      "participantID": "4083",
      "gender": "남성",
      "age": "20대",
      "occupation": "서비스직",
      "bPlace": "서울/경기/인천",
      "gPlace": "서울/경기/인천",
      "rPlace": "서울/경기/인천",
      "educationLevel": "대졸"
    }
  },
  "multisessionInfo": {
    "multisessionID": "2-00509"
  },
  "personaInfo": {
    "clInfo": {
      "personaID": "40522",
      "personaFeatures": [
        "나는 남자이다.",
        "나는 40대이다.",
        "나는 간호조무사이다",
        "나는 밤에 일기를 쓴다",
        "나는 핸드폰 게임에 관심 없다"
      ],
      "speakerType": "speaker1"
    },
    "cpInfo": {
      "personaID": "20818",
      "personaFeatures": [
        "나는 남자이다.",
        "나는 20대이다.",
        "나는 맛집 여행을 자주 간다",
        "나는 봉사단 동아리에 관심이 없다",
        "나는 전자 음악을 싫어한다"
      ],
      "speakerType": "speaker2"
    }
  },
  "topicInfo": {
    "topicID": "14-04",
    "topicType": "시사/사회>사회이슈(국내)",
    "topicTitle": "법과 제도"
  },
  "sessionInfo": [
    {
      "prevSessionID": null,
      "prevTimeInfo": {
        "timeNum": null,
        "timeUnit": null
      },
      "nthSession": "1",
      "numberOfUtterances": "14",
      "numberOfTurns": "7",
      "sessionID": "2-00509-1",
      "dialog": [
        {
          "speaker": "speaker1",
          "personaID": "40522",
          "participantID": "4214",
          "utterance": "안녕하세요 저는 40대 남성 간호조무사입니다",
          "summary": "나는 40대 남성 간호조무사입니다.",
          "date": "2022-11-04",
          "time": "23:02:07",
          "terminate": "false"
        },
        {
          "speaker": "speaker2",
          "personaID": "20818",
          "participantID": "4083",
          "utterance": "안녕하세요. 저는 20대 남성입니다. 반가워요.",
          "summary": "나는 20대 남성이다.",
          "date": "2022-11-04",
          "time": "23:05:49",
          "terminate": "false"
        },
        {
          "speaker": "speaker1",
          "personaID": "40522",
          "participantID": "4214",
          "utterance": "뭐라고 계셨어요? 저는 밤이 되어서 일기를 쓰고 있었어요",
          "summary": "나는 밤에 일기를 쓴다.",
          "date": "2022-11-04",
          "time": "23:08:38",
          "terminate": "false"
        },
        {
          "speaker": "speaker2",
          "personaID": "20818",
          "participantID": "4083",
          "utterance": "저는 친구들 부탁을 거절하고 있었어요. 친구들이 봉사단 동아리도 들어오라고 하고 전자 음악 동아리도 가입하라는데요. 저는 봉사단 동아리에 관심이 없고, 전자 음악은 싫어하거든요.",
          "summary": "나는 봉사단 동아리에 관심이 없다. 나는 전자음악을 싫어한다.",
          "date": "2022-11-04",
          "time": "23:09:37",
          "terminate": "false"
        },
        {
          "speaker": "speaker1",
          "personaID": "40522",
          "participantID": "4214",
          "utterance": "곤란했겠어요. 저도 비슷한 상황이 있었어요. 저는 핸드폰 게임에 관심이 없는데 친구들이 같이 하자고 해서요.",
          "summary": "나는 핸드폰 게임에 관심이 없다.",
          "date": "2022-11-04",
          "time": "23:17:49",
          "terminate": "false"
        },
        {
          "speaker": "speaker2",
          "personaID": "20818",
          "participantID": "4083",
          "utterance": "저는 그냥 맛집 여행을 자주 가거든요. 정말 한번 싫다고 하면 강요 안했으면 좋겠네요 ㅜㅜ",
          "summary": "나는 맛집 여행을 자주 간다.",
          "date": "2022-11-04",
          "time": "23:19:50",
          "terminate": "false"
        },
        {
          "speaker": "speaker1",
          "personaID": "40522",
          "participantID": "4214",
          "utterance": "강요하는건 좋지 않다고 생각해요. 잘 마무리 되면 좋겠네요. 저도 맛집 좋아해요",
          "summary": "나는 맛집 좋아한다.",
          "date": "2022-11-05",
          "time": "00:23:00",
          "terminate": "false"
        },
        {
          "speaker": "speaker2",
          "personaID": "20818",
          "participantID": "4083",
          "utterance": "좋아하는 맛집 하나만 추천해줄 수 있으세요?",
          "summary": "",
          "date": "2022-11-05",
          "time": "00:39:01",
          "terminate": "false"
        },
        {
          "speaker": "speaker1",
          "personaID": "40522",
          "participantID": "4214",
          "utterance": "합정에 @브랜드명@ 돈까스 집 추천이요. 서울 사세요?",
          "summary": "",
          "date": "2022-11-05",
          "time": "00:42:53",
          "terminate": "false"
        },
        {
          "speaker": "speaker2",
          "personaID": "20818",
          "participantID": "4083",
          "utterance": "맛집 추천 감사합니다. ㅋㅋ 네. 검색해보니 @브랜드명1@ 나오고 @브랜드명2@라고 나오는데요. 분점인건가요?",
          "summary": "",
          "date": "2022-11-05",
          "time": "00:46:16",
          "terminate": "false"
        },
        {
          "speaker": "speaker1",
          "personaID": "40522",
          "participantID": "4214",
          "utterance": "@브랜드명@는 모르겠네요. 분점도 있긴해요. ",
          "summary": "",
          "date": "2022-11-05",
          "time": "11:32:48",
          "terminate": "false"
        },
        {
          "speaker": "speaker2",
          "personaID": "20818",
          "participantID": "4083",
          "utterance": "남자 간호조무사는 별로 없지 않나요? 저도 병원 원무과에서 일하거든요.",
          "summary": "나는 병원 원무과에서 일한다.",
          "date": "2022-11-05",
          "time": "15:55:44",
          "terminate": "false"
        },
        {
          "speaker": "speaker1",
          "personaID": "40522",
          "participantID": "4214",
          "utterance": "많지 않죠. 동종계통 근무자를 만나서 반갑네요.",
          "summary": "",
          "date": "2022-11-05",
          "time": "18:01:45",
          "terminate": "false"
        },
        {
          "speaker": "speaker2",
          "personaID": "20818",
          "participantID": "4083",
          "utterance": "제가 많이 배우겠습니다. 나중에 또 연락주세요. 지금은 일 중이라서요.",
          "summary": "",
          "date": "2022-11-06",
          "time": "14:48:36",
          "terminate": "true"
        }
      ],
      "sessionPersonaSummary": {
        "speaker1": [
          "나는 40대 남성 간호조무사입니다.",
          "나는 밤에 일기를 쓴다.",
          "나는 핸드폰 게임에 관심이 없다.",
          "나는 맛집 좋아한다."
        ],
        "speaker2": [
          "나는 20대 남성이다.",
          "나는 봉사단 동아리에 관심이 없다. 나는 전자음악을 싫어한다.",
          "나는 맛집 여행을 자주 간다.",
          "나는 병원 원무과에서 일한다."
        ]
      },
      "prevAggregatedpersonaSummary": {
        "speaker1": [],
        "speaker2": []
      }
    },
    {
      "prevSessionID": "2-00509-1",
      "prevTimeInfo": {
        "timeNum": "7",
        "timeUnit": "일"
      },
      "nthSession": "2",
      "numberOfUtterances": "14",
      "numberOfTurns": "7",
      "sessionID": "2-00509-2",
      "dialog": [
        {
          "speaker": "speaker1",
          "personaID": "40522",
          "participantID": "4214",
          "utterance": "한 주가 지났네요. 7일만이에요. 잘 지내셨어요??",
          "summary": "",
          "date": "2022-11-06",
          "time": "21:24:05",
          "terminate": "false"
        },
        {
          "speaker": "speaker2",
          "personaID": "20818",
          "participantID": "4083",
          "utterance": "네. 알려주신 맛집도 다녀오고 그랬습니다.",
          "summary": "나는 알려준 맛집을 다녀왔다.",
          "date": "2022-11-06",
          "time": "22:48:48",
          "terminate": "false"
        },
        {
          "speaker": "speaker1",
          "personaID": "40522",
          "participantID": "4214",
          "utterance": "입에는 잘 맞으셨나요? 추천하기가 쉽지 않네요.",
          "summary": "",
          "date": "2022-11-06",
          "time": "22:49:16",
          "terminate": "false"
        },
        {
          "speaker": "speaker2",
          "personaID": "20818",
          "participantID": "4083",
          "utterance": "네. 돈까스 좋아해서요. 덕분에 잘 먹었습니다. 끝나고 오는 길에 장애인 분들 이동권 관련 법과 제도를 만들어 달라는 시위가 있어서 조금 애먹었네요.",
          "summary": "나는 돈가스를 좋아한다.",
          "date": "2022-11-06",
          "time": "22:50:16",
          "terminate": "false"
        },
        {
          "speaker": "speaker1",
          "personaID": "40522",
          "participantID": "4214",
          "utterance": "옳바른 시위였다면 정말 좋았을텐데 어떤거 같으세요? 법과 제도가 제대로 되면 사회가 나아지겠죠.",
          "summary": "",
          "date": "2022-11-06",
          "time": "22:51:43",
          "terminate": "false"
        },
        {
          "speaker": "speaker2",
          "personaID": "20818",
          "participantID": "4083",
          "utterance": "조금 안타깝기도 하지만 그 분들도 정말 오랜 기간동안 목소리 냈는데. 정부에서 들어주지 않아서 정말 안타까워요.",
          "summary": "나는 정부에서 그들의 요구를 들어주지 않아서 마음이 아팠다.",
          "date": "2022-11-06",
          "time": "22:53:49",
          "terminate": "false"
        },
        {
          "speaker": "speaker1",
          "personaID": "40522",
          "participantID": "4214",
          "utterance": "필요한 법과 제도를 꼭 국회에서 상정해주면 좋을텐데 말이예요. 안타깝네요.",
          "summary": "나는 필요한 법과 제도를 국회가 상정해주면 좋겠다고 생각한다.",
          "date": "2022-11-06",
          "time": "22:55:04",
          "terminate": "false"
        },
        {
          "speaker": "speaker2",
          "personaID": "20818",
          "participantID": "4083",
          "utterance": "그러게요. 저는 좌담회 활동도 다니는데요. 시각 / 청각 장애인 분들은 일반적으로 영화를 보기 어렵잖아요. 그래서 그 분들이 영화를 접할 수 있도록 만드는 것은 인권위원회에서 몇 년전에 시정요청해서 영화기업들이 시행하고 있다고 하더라구요. 근데 원래 코로나 시기에 딱 시작하기로 다 준비가 되어있었는데. 영화사들이 코로나 핑계로 안하겠다고 미뤄서 이번년도에야 시범사업 시작하고 도입 관련 설문을 진행했다고 하더라구요. 법과 제도가 있어도 지키지 않는 사람들도 문제 인것같아요.",
          "summary": "나는 좌담회 활동을 다닌다. 나는 법과 제도가 있어도 지키지 않는 사람들이 문제인 것 같다.",
          "date": "2022-11-06",
          "time": "22:58:49",
          "terminate": "false"
        },
        {
          "speaker": "speaker1",
          "personaID": "40522",
          "participantID": "4214",
          "utterance": "생각해보니 맞네요. 법과 제도가 있더라도 지키지 않는다면 아무 소용이 없으니까요.",
          "summary": "",
          "date": "2022-11-06",
          "time": "23:00:01",
          "terminate": "false"
        },
        {
          "speaker": "speaker2",
          "personaID": "20818",
          "participantID": "4083",
          "utterance": "맞아요. 좋은 법과 제도도 필요하고 또 그것을 강제할 힘도 필요하고. 세상이 참 만만치 않은 것 같아요. 간호조무사로서 느낀 법과 제도 문제도 있으신가요?",
          "summary": "",
          "date": "2022-11-06",
          "time": "23:00:59",
          "terminate": "false"
        },
        {
          "speaker": "speaker1",
          "personaID": "40522",
          "participantID": "4214",
          "utterance": "부당하게 느낀 부분도다는 간호사와의 차별이 있다보니 어렵긴하죠.",
          "summary": "",
          "date": "2022-11-07",
          "time": "14:04:41",
          "terminate": "false"
        },
        {
          "speaker": "speaker2",
          "personaID": "20818",
          "participantID": "4083",
          "utterance": "그래서 중간에 그만두시는 분도 많더라구요. 업무 강도는 간호사보다 높은데. 페이는 적어서요 ㅜ",
          "summary": "",
          "date": "2022-11-07",
          "time": "17:32:48",
          "terminate": "false"
        },
        {
          "speaker": "speaker1",
          "personaID": "40522",
          "participantID": "4214",
          "utterance": "맞아요 되기힘든게 맞지만 차별은 안했으면 좋겠네요. 인권에 대한 법과 제도도 필요해보여요.",
          "summary": "",
          "date": "2022-11-07",
          "time": "18:27:02",
          "terminate": "false"
        },
        {
          "speaker": "speaker2",
          "personaID": "20818",
          "participantID": "4083",
          "utterance": "네. 법에 대해서 이야기 나누는게 쉽지 않다고 생각했는데. 이렇게 유익한 대화 즐거웠습니다. 나중에 또 연락주세요.",
          "summary": "",
          "date": "2022-11-07",
          "time": "18:34:43",
          "terminate": "true"
        }
      ],
      "sessionPersonaSummary": {
        "speaker1": [
          "나는 필요한 법과 제도를 국회가 상정해주면 좋겠다고 생각한다."
        ],
        "speaker2": [
          "나는 알려준 맛집을 다녀왔다.",
          "나는 돈가스를 좋아한다.",
          "나는 정부에서 그들의 요구를 들어주지 않아서 마음이 아팠다.",
          "나는 좌담회 활동을 다닌다.",
          "나는 법과 제도가 있어도 지키지 않는 사람들이 문제인 것 같다."
        ]
      },
      "prevAggregatedpersonaSummary": {
        "speaker1": [
          "나는 40대 남성 간호조무사입니다.",
          "나는 밤에 일기를 쓴다.",
          "나는 핸드폰 게임에 관심이 없다.",
          "나는 맛집 좋아한다."
        ],
        "speaker2": [
          "나는 20대 남성이다.",
          "나는 봉사단 동아리에 관심이 없다. 나는 전자음악을 싫어한다.",
          "나는 맛집 여행을 자주 간다.",
          "나는 병원 원무과에서 일한다."
        ]
      }
    }
  ]
}