{
  "FileInfo": {
    "filename": "K2-00501-CL13299-CP30972-19-05-S2.json",
    "sessionLevel": "2"
  },
  "participantsInfo": {
    "numberOfParticipants": "2",
    "speaker1": {
      "participantID": "4679",
      "gender": "여성",
      "age": "20대",
      "occupation": "학생",
      "bPlace": "부산/대구/울산/경상",
      "gPlace": "부산/대구/울산/경상",
      "rPlace": "부산/대구/울산/경상",
      "educationLevel": "고졸"
    },
    "speaker2": {
      "participantID": "3872",
      "gender": "남성",
      "age": "30대",
      "occupation": "자영업",
      "bPlace": "서울/경기/인천",
      "gPlace": "서울/경기/인천",
      "rPlace": "서울/경기/인천",
      "educationLevel": "대졸"
    }
  },
  "multisessionInfo": {
    "multisessionID": "2-00501"
  },
  "personaInfo": {
    "clInfo": {
      "personaID": "13299",
      "personaFeatures": [
        "나는 여자이다.",
        "나는 10대이다.",
        "우리 가족은 외식을 자주 한다",
        "내가 좋아하는 과목은 물리이다",
        "나는 중식을 좋아한다",
        "나는 가끔 괴롭다",
        "나는 전자 음악을 가끔 듣는다"
      ],
      "speakerType": "speaker1"
    },
    "cpInfo": {
      "personaID": "30972",
      "personaFeatures": [
        "나는 남자이다.",
        "나는 30대이다.",
        "나의 거주지는 파주이다",
        "나는 다소 우유부단하다",
        "나는 파란색을 좋아한다"
      ],
      "speakerType": "speaker2"
    }
  },
  "topicInfo": {
    "topicID": "19-05",
    "topicType": "예술문화 생활>방송/연예",
    "topicTitle": "방송채널"
  },
  "sessionInfo": [
    {
      "prevSessionID": null,
      "prevTimeInfo": {
        "timeNum": null,
        "timeUnit": null
      },
      "nthSession": "1",
      "numberOfUtterances": "15",
      "numberOfTurns": "7",
      "sessionID": "2-00501-1",
      "dialog": [
        {
          "speaker": "speaker1",
          "personaID": "13299",
          "participantID": "4679",
          "utterance": "안녕하세요. 저는 10대 여성입니다.",
          "summary": "나는 10대 여성이다.",
          "date": "2022-11-18",
          "time": "19:22:37",
          "terminate": "false"
        },
        {
          "speaker": "speaker2",
          "personaID": "30972",
          "participantID": "3872",
          "utterance": "반갑습니다. 저는 30대 남성입니다.",
          "summary": "나는 30대 남성이다.",
          "date": "2022-11-18",
          "time": "22:05:37",
          "terminate": "false"
        },
        {
          "speaker": "speaker1",
          "personaID": "13299",
          "participantID": "4679",
          "utterance": "저는 가끔 괴로워요. 그럴때마다 전자 음악을 가끔 들어요.",
          "summary": "나는 가끔 괴로울 때 전자 음악을 듣는다.",
          "date": "2022-11-18",
          "time": "23:35:13",
          "terminate": "false"
        },
        {
          "speaker": "speaker2",
          "personaID": "30972",
          "participantID": "3872",
          "utterance": "저는 취미로 컬러링을 하는데 파란색을 좋아해서 유독 파란색을 많이 쓰게되네요.",
          "summary": "나는 취미로 컬러링을 한다. 나는 파란색을 좋아한다.",
          "date": "2022-11-18",
          "time": "23:43:13",
          "terminate": "false"
        },
        {
          "speaker": "speaker1",
          "personaID": "13299",
          "participantID": "4679",
          "utterance": "미술을 좋아하시나봐요. 제가 가장 좋아하는 과목은 물리예요.",
          "summary": "나는 물리 과목을 좋아한다.",
          "date": "2022-11-18",
          "time": "23:44:52",
          "terminate": "false"
        },
        {
          "speaker": "speaker2",
          "personaID": "30972",
          "participantID": "3872",
          "utterance": "고등학교때 물리 과목이 어려웠던 기억이 있네요 ㅎㅎ 성격은 어떤 편이세요?",
          "summary": "나는 고등학교 때 물리 과목을 어려워했다.",
          "date": "2022-11-19",
          "time": "00:13:56",
          "terminate": "false"
        },
        {
          "speaker": "speaker1",
          "personaID": "13299",
          "participantID": "4679",
          "utterance": "성격은 소심해요. 저희 가족은 외식을 자주 해요. 저가 중식을 좋아해요. 그래서 중국집에 자주 가요.",
          "summary": "나는 소심한 성격을 가지고 있다. 나는 중식을 좋아한다. 나의 가족 외식을 중국집에서 자주 한다.",
          "date": "2022-11-19",
          "time": "10:20:59",
          "terminate": "false"
        },
        {
          "speaker": "speaker2",
          "personaID": "30972",
          "participantID": "3872",
          "utterance": "저는 파주에 사는데 파주에도 유명한 중국집이 있어서 가족 모임할 때마다 자주 가고 있어요.",
          "summary": "나는 파주에 산다. 나는 파주에 있는 유명한 중식당에서 가족 모임을 종종 한다.",
          "date": "2022-11-19",
          "time": "15:08:20",
          "terminate": "false"
        },
        {
          "speaker": "speaker1",
          "personaID": "13299",
          "participantID": "4679",
          "utterance": "저는 파주를 한 번도 안가봤네요. 한 번 파주 가보고 싶어요!",
          "summary": "나는 파주를 한 번도 안 가봐서 가보고 싶다.",
          "date": "2022-11-19",
          "time": "15:22:11",
          "terminate": "false"
        },
        {
          "speaker": "speaker2",
          "personaID": "30972",
          "participantID": "3872",
          "utterance": "성격은 어떤 편이세요? 저는 다소 우유부단한 편이라서 답답하는 얘기를 종종 듣곤 해요.",
          "summary": "나는 다소 우유부단한 편이다. 나는 답답하다는 얘기를 종종 듣는다.",
          "date": "2022-11-19",
          "time": "21:08:47",
          "terminate": "false"
        },
        {
          "speaker": "speaker1",
          "personaID": "13299",
          "participantID": "4679",
          "utterance": "저는 내향적이지만 활발해요! 그리고 저도 결정을 잘 못해요.",
          "summary": "나는 내향적이지만 활발하고 결정을 잘 못한다.",
          "date": "2022-11-19",
          "time": "21:11:26",
          "terminate": "false"
        },
        {
          "speaker": "speaker2",
          "personaID": "30972",
          "participantID": "3872",
          "utterance": "성격을 좀 바꿔보려고 해도 쉽게 바뀌진 않더라구요. 이젠 그냥 스트레스 받지 않으려고 노력만 하고 있어요. ㅎㅎ",
          "summary": "나는 성격을 바꾸고 싶지만 쉽지 않다. 나는 스트레스받지 않으려고 노력한다.",
          "date": "2022-11-19",
          "time": "21:14:40",
          "terminate": "false"
        },
        {
          "speaker": "speaker1",
          "personaID": "13299",
          "participantID": "4679",
          "utterance": "맞아요! 스트레스 안 받는게 제일 좋은 거 같아요!",
          "summary": "나는 스트레스를 안 받는 게 제일 좋은 것 같다고 생각한다.",
          "date": "2022-11-19",
          "time": "21:15:24",
          "terminate": "false"
        },
        {
          "speaker": "speaker2",
          "personaID": "30972",
          "participantID": "3872",
          "utterance": "네 편안하게 생각해야죠. ㅎㅎ오늘 대화 즐거웠어요. 다음에 또 연락주세요.",
          "summary": "",
          "date": "2022-11-19",
          "time": "21:27:09",
          "terminate": "false"
        },
        {
          "speaker": "speaker1",
          "personaID": "13299",
          "participantID": "4679",
          "utterance": "저도 대화 즐거웠어요. 다음에 연락 드릴께요~",
          "summary": "",
          "date": "2022-11-19",
          "time": "22:36:44",
          "terminate": "true"
        }
      ],
      "sessionPersonaSummary": {
        "speaker1": [
          "나는 10대 여성이다.",
          "나는 가끔 괴로울 때 전자 음악을 듣는다.",
          "나는 물리 과목을 좋아한다.",
          "나는 소심한 성격을 가지고 있다. 나는 중식을 좋아한다. 나의 가족 외식을 중국집에서 자주 한다.",
          "나는 파주를 한 번도 안 가봐서 가보고 싶다.",
          "나는 내향적이지만 활발하고 결정을 잘 못한다.",
          "나는 스트레스를 안 받는 게 제일 좋은 것 같다고 생각한다."
        ],
        "speaker2": [
          "나는 30대 남성이다.",
          "나는 취미로 컬러링을 한다. 나는 파란색을 좋아한다.",
          "나는 고등학교 때 물리 과목을 어려워했다.",
          "나는 파주에 산다. 나는 파주에 있는 유명한 중식당에서 가족 모임을 종종 한다.",
          "나는 다소 우유부단한 편이다. 나는 답답하다는 얘기를 종종 듣는다.",
          "나는 성격을 바꾸고 싶지만 쉽지 않다. 나는 스트레스받지 않으려고 노력한다."
        ]
      },
      "prevAggregatedpersonaSummary": {
        "speaker1": [],
        "speaker2": []
      }
    },
    {
      "prevSessionID": "2-00501-1",
      "prevTimeInfo": {
        "timeNum": "2",
        "timeUnit": "시간"
      },
      "nthSession": "2",
      "numberOfUtterances": "15",
      "numberOfTurns": "7",
      "sessionID": "2-00501-2",
      "dialog": [
        {
          "speaker": "speaker1",
          "personaID": "13299",
          "participantID": "4679",
          "utterance": "드라마 보고 왔어요! tvN에서 하는 슈룹보고 오니 벌써 2시간이 지났네요.",
          "summary": "나는 tvN에서 하는 슈룹이라는 드라마를 봤다.",
          "date": "2022-11-19",
          "time": "22:52:22",
          "terminate": "false"
        },
        {
          "speaker": "speaker2",
          "personaID": "30972",
          "participantID": "3872",
          "utterance": "벌써 2시간이나 지났네요! 저도 그 드라마 좋아하는데 지난주부터 못봐서 몰아서 봐야겠네요 ㅎ",
          "summary": "나느 슈룹이란 드라마를 좋아한다.",
          "date": "2022-11-19",
          "time": "22:56:41",
          "terminate": "false"
        },
        {
          "speaker": "speaker1",
          "personaID": "13299",
          "participantID": "4679",
          "utterance": "요즘에는 OTT로 콘텐츠를 많이 봐서 방송채널을 잘 모르겠어요.",
          "summary": "나는 요즘에 OTT로 콘텐츠를 많이 봐서 방송채널을 잘 모르겠다.",
          "date": "2022-11-19",
          "time": "23:00:33",
          "terminate": "false"
        },
        {
          "speaker": "speaker2",
          "personaID": "30972",
          "participantID": "3872",
          "utterance": "네 저는 아예 일반 TV는 계약이 안되어있고 OTT만 봐서 특정 프로그램이 궁금하면 어느 방송채널에서 하는 프로그램인지 찾아보곤 해요. ㅎ",
          "summary": "나는 OTT로만 방송을 본다. 나는 특정 프로그램이 궁금하면 어느 방송 채널인지 찾아본다.",
          "date": "2022-11-19",
          "time": "23:11:33",
          "terminate": "false"
        },
        {
          "speaker": "speaker1",
          "personaID": "13299",
          "participantID": "4679",
          "utterance": "저도 유명한 채널들만 알고 있어요. 요즘에는 tvN 채널에서 하는 프로그램들을 많이 봐요.",
          "summary": "나는 유명한 채널들만 알고 있고 요즘에는 tvn 채널에서 하는 프로그램을 많이 본다.",
          "date": "2022-11-19",
          "time": "23:13:47",
          "terminate": "false"
        },
        {
          "speaker": "speaker2",
          "personaID": "30972",
          "participantID": "3872",
          "utterance": "저도 tvN도 많이보고 가끔 OTT에서 흥미로운 드라마나 프로그램이 있어서 찾아보면 sbs, kbs, mbc 같은 지상파에서 하는 것들도 많더라구요.",
          "summary": "나는 tvN을 많이 본다. 나는 지상파 채널 프로그램들도 많이 본다.",
          "date": "2022-11-19",
          "time": "23:52:47",
          "terminate": "false"
        },
        {
          "speaker": "speaker1",
          "personaID": "13299",
          "participantID": "4679",
          "utterance": "저는 jtbc에서 하는 예능 프로그램 많이 봐요. 하하.",
          "summary": "나는 jtbc에서 하는 예능 프로그램을 많이 본다.",
          "date": "2022-11-19",
          "time": "23:53:34",
          "terminate": "false"
        },
        {
          "speaker": "speaker2",
          "personaID": "30972",
          "participantID": "3872",
          "utterance": "jtbc에서 교양 예능 프로그램들을 많이 하더라구요. 상식에도 도움되는 좋은 프로그램들이 많은 것 같아요,",
          "summary": "나는 jtbc의 교양 예능 프로그램이 도움이 된다.",
          "date": "2022-11-20",
          "time": "00:02:42",
          "terminate": "false"
        },
        {
          "speaker": "speaker1",
          "personaID": "13299",
          "participantID": "4679",
          "utterance": "맞아요. 그리고 저희 가족이 외식을 자주 해서 그런지 음식 관련 프로그램도 자주 봐요.",
          "summary": "나는 가족들이랑 외식을 자주 해서 그런지 음식 관련 프로그램도 자주 본다.",
          "date": "2022-11-20",
          "time": "00:48:29",
          "terminate": "false"
        },
        {
          "speaker": "speaker2",
          "personaID": "30972",
          "participantID": "3872",
          "utterance": "그러고보면 방송채널마다 유행이 있어 비슷한 부분도 있지만, 방송 채널 자체 강점들이 있는 것 같아요.",
          "summary": "나는 방송 채널들이 비슷한 점도 많지만 자체적으로 강점이 있다고 생각한다.",
          "date": "2022-11-20",
          "time": "01:54:45",
          "terminate": "false"
        },
        {
          "speaker": "speaker1",
          "personaID": "13299",
          "participantID": "4679",
          "utterance": "방송 채널 각각 다른 점이 있는 게 시청자 입장에서는 좋다고 생각해요.",
          "summary": "나는 방송 채널이 각각 다른 점이 있는 게 시청자 입장에서 좋다고 생각한다.",
          "date": "2022-11-20",
          "time": "02:01:21",
          "terminate": "false"
        },
        {
          "speaker": "speaker2",
          "personaID": "30972",
          "participantID": "3872",
          "utterance": "맞아요. 서로 경쟁하면서 시청자들에게는 그만큼 더 양질의 컨텐츠를 보여줘야 방송채널이 살아 남을테니까요.",
          "summary": "",
          "date": "2022-11-20",
          "time": "02:17:32",
          "terminate": "false"
        },
        {
          "speaker": "speaker1",
          "personaID": "13299",
          "participantID": "4679",
          "utterance": "요즘 어떤 방송을 재밌게 보세요?",
          "summary": "",
          "date": "2022-11-20",
          "time": "10:09:37",
          "terminate": "false"
        },
        {
          "speaker": "speaker2",
          "personaID": "30972",
          "participantID": "3872",
          "utterance": "저는 tvN에서 하는 유퀴즈온더블럭 재밌게 보고 있어요. 일반인 분들 나와서 본인의 얘기를 들려주는데 흥미롭더라구요. 오늘 대화도 즐거웠어요. 다음에 또 연락주세요.",
          "summary": "나는 tvN에서 하는 유 퀴즈 온 더 블록을 재밌게 보고 있다. 나는 유 퀴즈 온 더 블록에 나오는 일반인들의 이야기가 흥미롭다.",
          "date": "2022-11-20",
          "time": "15:36:12",
          "terminate": "false"
        },
        {
          "speaker": "speaker1",
          "personaID": "13299",
          "participantID": "4679",
          "utterance": "네 저도 재밌었어요~ 다음에 연락할게요~",
          "summary": "",
          "date": "2022-11-20",
          "time": "15:43:45",
          "terminate": "true"
        }
      ],
      "sessionPersonaSummary": {
        "speaker1": [
          "나는 tvN에서 하는 슈룹이라는 드라마를 봤다.",
          "나는 요즘에 OTT로 콘텐츠를 많이 봐서 방송채널을 잘 모르겠다.",
          "나는 유명한 채널들만 알고 있고 요즘에는 tvn 채널에서 하는 프로그램을 많이 본다.",
          "나는 jtbc에서 하는 예능 프로그램을 많이 본다.",
          "나는 가족들이랑 외식을 자주 해서 그런지 음식 관련 프로그램도 자주 본다.",
          "나는 방송 채널이 각각 다른 점이 있는 게 시청자 입장에서 좋다고 생각한다."
        ],
        "speaker2": [
          "나느 슈룹이란 드라마를 좋아한다.",
          "나는 OTT로만 방송을 본다. 나는 특정 프로그램이 궁금하면 어느 방송 채널인지 찾아본다.",
          "나는 tvN을 많이 본다. 나는 지상파 채널 프로그램들도 많이 본다.",
          "나는 jtbc의 교양 예능 프로그램이 도움이 된다.",
          "나는 방송 채널들이 비슷한 점도 많지만 자체적으로 강점이 있다고 생각한다.",
          "나는 tvN에서 하는 유 퀴즈 온 더 블록을 재밌게 보고 있다. 나는 유 퀴즈 온 더 블록에 나오는 일반인들의 이야기가 흥미롭다."
        ]
      },
      "prevAggregatedpersonaSummary": {
        "speaker1": [
          "나는 10대 여성이다.",
          "나는 가끔 괴로울 때 전자 음악을 듣는다.",
          "나는 물리 과목을 좋아한다.",
          "나는 소심한 성격을 가지고 있다. 나는 중식을 좋아한다. 나의 가족 외식을 중국집에서 자주 한다.",
          "나는 파주를 한 번도 안 가봐서 가보고 싶다.",
          "나는 내향적이지만 활발하고 결정을 잘 못한다.",
          "나는 스트레스를 안 받는 게 제일 좋은 것 같다고 생각한다."
        ],
        "speaker2": [
          "나는 30대 남성이다.",
          "나는 취미로 컬러링을 한다. 나는 파란색을 좋아한다.",
          "나는 고등학교 때 물리 과목을 어려워했다.",
          "나는 파주에 산다. 나는 파주에 있는 유명한 중식당에서 가족 모임을 종종 한다.",
          "나는 다소 우유부단한 편이다. 나는 답답하다는 얘기를 종종 듣는다.",
          "나는 성격을 바꾸고 싶지만 쉽지 않다. 나는 스트레스받지 않으려고 노력한다."
        ]
      }
    }
  ]
}