{
  "FileInfo": {
    "filename": "K2-00379-CL61133-CP26211-02-09-S2.json",
    "sessionLevel": "2"
  },
  "participantsInfo": {
    "numberOfParticipants": "2",
    "speaker1": {
      "participantID": "4675",
      "gender": "여성",
      "age": "50대",
      "occupation": "자영업",
      "bPlace": "서울/경기/인천",
      "gPlace": "서울/경기/인천",
      "rPlace": "서울/경기/인천",
      "educationLevel": "대졸"
    },
    "speaker2": {
      "participantID": "4355",
      "gender": "여성",
      "age": "30대",
      "occupation": "사무직",
      "bPlace": "서울/경기/인천",
      "gPlace": "서울/경기/인천",
      "rPlace": "서울/경기/인천",
      "educationLevel": "대졸"
    }
  },
  "multisessionInfo": {
    "multisessionID": "2-00379"
  },
  "personaInfo": {
    "clInfo": {
      "personaID": "61133",
      "personaFeatures": [
        "나는 여자이다.",
        "나는 60대 이상이다.",
        "나는 항상 안도감이 든다",
        "나는 컨트리 음악을 자주 듣는다",
        "나는 파란색을 싫어한다"
      ],
      "speakerType": "speaker1"
    },
    "cpInfo": {
      "personaID": "26211",
      "personaFeatures": [
        "나는 여자이다.",
        "나는 20대이다.",
        "나는 대학생이다",
        "나는 심리학이 부전공이다",
        "나의 가족은 1명이다",
        "나의 거주지는 서울이다",
        "나는 매우 상냥하다"
      ],
      "speakerType": "speaker2"
    }
  },
  "topicInfo": {
    "topicID": "02-09",
    "topicType": "주거와 생활",
    "topicTitle": "주거 형태"
  },
  "sessionInfo": [
    {
      "prevSessionID": null,
      "prevTimeInfo": {
        "timeNum": null,
        "timeUnit": null
      },
      "nthSession": "1",
      "numberOfUtterances": "14",
      "numberOfTurns": "7",
      "sessionID": "2-00379-1",
      "dialog": [
        {
          "speaker": "speaker1",
          "personaID": "61133",
          "participantID": "4675",
          "utterance": "안녕하세요 저는 60대 여성입니다.",
          "summary": "나는 60대 여성이다",
          "date": "2022-11-19",
          "time": "23:19:48",
          "terminate": "false"
        },
        {
          "speaker": "speaker2",
          "personaID": "26211",
          "participantID": "4355",
          "utterance": "안녕하세요 저는 20대 여성입니다~",
          "summary": "나는 20대 여성이다.",
          "date": "2022-11-20",
          "time": "01:48:01",
          "terminate": "false"
        },
        {
          "speaker": "speaker1",
          "personaID": "61133",
          "participantID": "4675",
          "utterance": "반가워요. 지금 무엇을 하고 계신가요?",
          "summary": "",
          "date": "2022-11-20",
          "time": "10:33:41",
          "terminate": "false"
        },
        {
          "speaker": "speaker2",
          "personaID": "26211",
          "participantID": "4355",
          "utterance": "저는 대학생이라 과제를 하고 있어요~ 심리학을 부전공하고 있는데 과제가 있어서요! 혹시 무슨일을 하시나요?",
          "summary": "나는 대학생이라 과제를 하고 있다. 나는 심리학을 부전공하고 있다.",
          "date": "2022-11-20",
          "time": "13:06:18",
          "terminate": "false"
        },
        {
          "speaker": "speaker1",
          "personaID": "61133",
          "participantID": "4675",
          "utterance": "저는 컨트리 음악을 듣고 있었어요. 저는 컨트리 음악을 자주 듣거든요. 음악을 들으면 안도감이 들어서요. 그래서인지 저는 항상 안도감이 들어요. 저는 은퇴했어요. 오 저도 심리학에 관심이 있어요.",
          "summary": "나는 컨트리 음악을 들으면 안도감이 들어서 자주 듣는다. 나는 은퇴했다",
          "date": "2022-11-20",
          "time": "13:26:15",
          "terminate": "false"
        },
        {
          "speaker": "speaker2",
          "personaID": "26211",
          "participantID": "4355",
          "utterance": "음악을 좋아하시는군요! 아 사는 곳은 어디세요? 저는 서울에 살아요~",
          "summary": "나는 서울에 산다.",
          "date": "2022-11-20",
          "time": "16:39:27",
          "terminate": "false"
        },
        {
          "speaker": "speaker1",
          "personaID": "61133",
          "participantID": "4675",
          "utterance": "오 저도 서울에 살아요. 반갑네요. 좋아하거나 싫어하는 것이 있으신가요? ",
          "summary": "나는 서울에 산다",
          "date": "2022-11-21",
          "time": "16:43:41",
          "terminate": "false"
        },
        {
          "speaker": "speaker2",
          "personaID": "26211",
          "participantID": "4355",
          "utterance": "저는 가족을 좋아하고 싫어하는건 추어탕이요! 가족이 부모님 한분이라 너무 소중하거든요~ 혹시 음식은 어떤걸 좋아하세요?",
          "summary": "나는 가족을 좋아한다. 나는 추어탕을 싫어한다. 나는 가족이 1명이다.",
          "date": "2022-11-21",
          "time": "21:21:14",
          "terminate": "false"
        },
        {
          "speaker": "speaker1",
          "personaID": "61133",
          "participantID": "4675",
          "utterance": "아하 저도 가족을 좋아해요. 그리고 저는 파란색을 싫어해요. 저는 음식은 다 좋아하는데 인스턴트 음식을 특히 좋아해요. 건강에 좋진 않지만요.",
          "summary": "나는 가족을 좋아하고 파란색을 싫어한다. 나는 음식 중 인스턴트를 특히 좋아한다",
          "date": "2022-11-22",
          "time": "15:48:15",
          "terminate": "false"
        },
        {
          "speaker": "speaker2",
          "personaID": "26211",
          "participantID": "4355",
          "utterance": "인스턴트가 건강에 좋지는 않죠~ 성격은 어떠세요? 저는 매우 상냥한 편이예요",
          "summary": "나는 매우 상냥한 편이다.",
          "date": "2022-11-22",
          "time": "16:01:03",
          "terminate": "false"
        },
        {
          "speaker": "speaker1",
          "personaID": "61133",
          "participantID": "4675",
          "utterance": "맞아요. 오 좋은 성격을 지니셨군요. 저는 차분한 편이예요.",
          "summary": "나는 성격이 차분한 편이다",
          "date": "2022-11-23",
          "time": "21:29:52",
          "terminate": "false"
        },
        {
          "speaker": "speaker2",
          "personaID": "26211",
          "participantID": "4355",
          "utterance": "차분한 성격이시라니 좋은 것 같아요! 신중하기도 하실 것 같고요",
          "summary": "",
          "date": "2022-11-23",
          "time": "22:51:05",
          "terminate": "false"
        },
        {
          "speaker": "speaker1",
          "personaID": "61133",
          "participantID": "4675",
          "utterance": "네 좋지만 저는 외향적인 성격을 지니고 싶어요.",
          "summary": "나는 외향적인 성격을 지니고 싶다",
          "date": "2022-11-25",
          "time": "18:25:50",
          "terminate": "false"
        },
        {
          "speaker": "speaker2",
          "personaID": "26211",
          "participantID": "4355",
          "utterance": "그렇군요 아 저는 이만 일이 있어서 다음에 또 대화해요!",
          "summary": "나는 일이 있어서 이만 간다.",
          "date": "2022-11-26",
          "time": "12:55:53",
          "terminate": "true"
        }
      ],
      "sessionPersonaSummary": {
        "speaker1": [
          "나는 60대 여성이다",
          "나는 컨트리 음악을 들으면 안도감이 들어서 자주 듣는다. 나는 은퇴했다",
          "나는 서울에 산다",
          "나는 가족을 좋아하고 파란색을 싫어한다. 나는 음식 중 인스턴트를 특히 좋아한다",
          "나는 성격이 차분한 편이다",
          "나는 외향적인 성격을 지니고 싶다"
        ],
        "speaker2": [
          "나는 20대 여성이다.",
          "나는 대학생이라 과제를 하고 있다. 나는 심리학을 부전공하고 있다.",
          "나는 서울에 산다.",
          "나는 가족을 좋아한다. 나는 추어탕을 싫어한다. 나는 가족이 1명이다.",
          "나는 매우 상냥한 편이다.",
          "나는 일이 있어서 이만 간다."
        ]
      },
      "prevAggregatedpersonaSummary": {
        "speaker1": [],
        "speaker2": []
      }
    },
    {
      "prevSessionID": "2-00379-1",
      "prevTimeInfo": {
        "timeNum": "2",
        "timeUnit": "주"
      },
      "nthSession": "2",
      "numberOfUtterances": "14",
      "numberOfTurns": "7",
      "sessionID": "2-00379-2",
      "dialog": [
        {
          "speaker": "speaker1",
          "personaID": "61133",
          "participantID": "4675",
          "utterance": "벌써 2주만이네요. 뭐하고계세요?",
          "summary": "",
          "date": "2022-11-27",
          "time": "14:23:25",
          "terminate": "false"
        },
        {
          "speaker": "speaker2",
          "personaID": "26211",
          "participantID": "4355",
          "utterance": "오랜만이네요~ 저는 주말이라 집청소를 하고 있었어요! 님은 뭐하셨어요?",
          "summary": "나는 주말이라 집 청소를 하고 있었다.",
          "date": "2022-11-27",
          "time": "14:55:32",
          "terminate": "false"
        },
        {
          "speaker": "speaker1",
          "personaID": "61133",
          "participantID": "4675",
          "utterance": "오 저도 컨트리 음악을 들으면서 집 청소중이였어요.",
          "summary": "나는 컨트리 음악을 들으며 집 청소를 하고 있다",
          "date": "2022-11-27",
          "time": "15:05:49",
          "terminate": "false"
        },
        {
          "speaker": "speaker2",
          "personaID": "26211",
          "participantID": "4355",
          "utterance": "그렇군요! 저희집은 테라스가 있는 집이어서 청소가 너무 힘들어요~ 집은 어떤 형태세요?",
          "summary": "나는 집에 테라스가 있어서 집 청소가 힘들다.",
          "date": "2022-11-27",
          "time": "15:31:13",
          "terminate": "false"
        },
        {
          "speaker": "speaker1",
          "personaID": "61133",
          "participantID": "4675",
          "utterance": "저희 집은 테라스가 없고 그냥 단일화된 구조라서 청소하기는 쉬워요.",
          "summary": "나의 집은 테라스가 없어서 청소가 쉽다",
          "date": "2022-11-27",
          "time": "15:43:35",
          "terminate": "false"
        },
        {
          "speaker": "speaker2",
          "personaID": "26211",
          "participantID": "4355",
          "utterance": "그렇군요~ 저희는 테라스가 있어서 가끔 고기도 구워먹고 그러거든요! 아파트가 아닌 건 불편하지만 나름 좋은 점도 있더라구요",
          "summary": "나는 테라스가 있어서 가끔 고기도 구워 먹는다.",
          "date": "2022-11-27",
          "time": "16:44:55",
          "terminate": "false"
        },
        {
          "speaker": "speaker1",
          "personaID": "61133",
          "participantID": "4675",
          "utterance": "헐 그렇군요 너무 좋은데요? 저는 마당있는 집에 살고 싶어요. 제가 동물을 좋아해서요.",
          "summary": "나는 마당 있은 집에 살고 싶은데 동물을 좋아해서다",
          "date": "2022-11-27",
          "time": "20:40:38",
          "terminate": "false"
        },
        {
          "speaker": "speaker2",
          "personaID": "26211",
          "participantID": "4355",
          "utterance": "마당있으면 동물키우기 너무 좋죠! 그래도 종합적으로는 아파트가 편한 것 같아요~ ",
          "summary": "나는 종합적으로 아파트가 편하다.",
          "date": "2022-11-27",
          "time": "21:20:50",
          "terminate": "false"
        },
        {
          "speaker": "speaker1",
          "personaID": "61133",
          "participantID": "4675",
          "utterance": "맞아요. 요즘은 아파트에 헬스장부터 마트 탁구장까지 싹 잘해놓는것 같더라고요.",
          "summary": "",
          "date": "2022-11-27",
          "time": "23:37:19",
          "terminate": "false"
        },
        {
          "speaker": "speaker2",
          "personaID": "26211",
          "participantID": "4355",
          "utterance": "맞아요~ 아파트로 이사가고 싶네요! 다음에는 이사가게 되면 아파트로 가야겠어요~",
          "summary": "나는 아파트로 이사 가고 싶다. 나는 다음에 아파트로 이사 갈 것이다.",
          "date": "2022-11-29",
          "time": "11:38:28",
          "terminate": "false"
        },
        {
          "speaker": "speaker1",
          "personaID": "61133",
          "participantID": "4675",
          "utterance": "확실히 아파트가 편하긴 한거 같아요. 마당있는 주택은 관리도 좀 힘들거고요.",
          "summary": "나는 마당 있는 주택보다 아파트가 편하다",
          "date": "2022-11-29",
          "time": "11:55:19",
          "terminate": "false"
        },
        {
          "speaker": "speaker2",
          "personaID": "26211",
          "participantID": "4355",
          "utterance": "맞아요~ 테라스만 빼면 아파트가 훨씬 좋은 것 같아요! 집에서는 가족 분들과 같이 사시나요?",
          "summary": "나는 테라스만 빼면 아파트가 훨씬 좋은 것 같다.",
          "date": "2022-11-29",
          "time": "21:29:49",
          "terminate": "false"
        },
        {
          "speaker": "speaker1",
          "personaID": "61133",
          "participantID": "4675",
          "utterance": "네 같이 살아요. 경제적 여유가 좀 더 생기면 좀더 큰 집으로 이사갈까 싶네요. 저는 이만 일이 있어서 가볼게요.",
          "summary": "나는 가족들과 같이 사는데 여유가 생기면 큰 집으로 이사 가고 싶다",
          "date": "2022-11-30",
          "time": "09:08:15",
          "terminate": "false"
        },
        {
          "speaker": "speaker2",
          "personaID": "26211",
          "participantID": "4355",
          "utterance": "저도 일이 있어서 다음에 또 얘기해요!",
          "summary": "나는 일이 있다.",
          "date": "2022-11-30",
          "time": "13:57:32",
          "terminate": "true"
        }
      ],
      "sessionPersonaSummary": {
        "speaker1": [
          "나는 컨트리 음악을 들으며 집 청소를 하고 있다",
          "나의 집은 테라스가 없어서 청소가 쉽다",
          "나는 마당 있은 집에 살고 싶은데 동물을 좋아해서다",
          "나는 마당 있는 주택보다 아파트가 편하다",
          "나는 가족들과 같이 사는데 여유가 생기면 큰 집으로 이사 가고 싶다"
        ],
        "speaker2": [
          "나는 주말이라 집 청소를 하고 있었다.",
          "나는 집에 테라스가 있어서 집 청소가 힘들다.",
          "나는 테라스가 있어서 가끔 고기도 구워 먹는다.",
          "나는 종합적으로 아파트가 편하다.",
          "나는 아파트로 이사 가고 싶다. 나는 다음에 아파트로 이사 갈 것이다.",
          "나는 테라스만 빼면 아파트가 훨씬 좋은 것 같다.",
          "나는 일이 있다."
        ]
      },
      "prevAggregatedpersonaSummary": {
        "speaker1": [
          "나는 60대 여성이다",
          "나는 컨트리 음악을 들으면 안도감이 들어서 자주 듣는다. 나는 은퇴했다",
          "나는 서울에 산다",
          "나는 가족을 좋아하고 파란색을 싫어한다. 나는 음식 중 인스턴트를 특히 좋아한다",
          "나는 성격이 차분한 편이다",
          "나는 외향적인 성격을 지니고 싶다"
        ],
        "speaker2": [
          "나는 20대 여성이다.",
          "나는 대학생이라 과제를 하고 있다. 나는 심리학을 부전공하고 있다.",
          "나는 서울에 산다.",
          "나는 가족을 좋아한다. 나는 추어탕을 싫어한다. 나는 가족이 1명이다.",
          "나는 매우 상냥한 편이다.",
          "나는 일이 있어서 이만 간다."
        ]
      }
    }
  ]
}