{
  "FileInfo": {
    "filename": "K2-00222-CL26958-CP26796-12-01-S2.json",
    "sessionLevel": "2"
  },
  "participantsInfo": {
    "numberOfParticipants": "2",
    "speaker1": {
      "participantID": "4497",
      "gender": "여성",
      "age": "30대",
      "occupation": "사무직",
      "bPlace": "부산/대구/울산/경상",
      "gPlace": "부산/대구/울산/경상",
      "rPlace": "부산/대구/울산/경상",
      "educationLevel": "대졸"
    },
    "speaker2": {
      "participantID": "4776",
      "gender": "여성",
      "age": "30대",
      "occupation": "사무직",
      "bPlace": "서울/경기/인천",
      "gPlace": "서울/경기/인천",
      "rPlace": "서울/경기/인천",
      "educationLevel": "대학원졸"
    }
  },
  "multisessionInfo": {
    "multisessionID": "2-00222"
  },
  "personaInfo": {
    "clInfo": {
      "personaID": "26958",
      "personaFeatures": [
        "나는 여자이다.",
        "나는 20대이다.",
        "나는 선후배와 친한 사람 한두 명이 있다",
        "나는 반려동물 미용사이다",
        "나는 보드 게임에 관심 없다",
        "나는 위스키를 일주일에 서너 번 마신다",
        "나의 생일은 3월이다"
      ],
      "speakerType": "speaker1"
    },
    "cpInfo": {
      "personaID": "26796",
      "personaFeatures": [
        "나는 여자이다.",
        "나는 20대이다.",
        "나의 종교는 개신교이다",
        "나는 매일 걸어서 출퇴근한다",
        "나는 한 달에 한 번은 꼭 국내 여행을 간다",
        "나의 생일은 1월이다"
      ],
      "speakerType": "speaker2"
    }
  },
  "topicInfo": {
    "topicID": "12-01",
    "topicType": "여가와 오락>여행",
    "topicTitle": "휴양지"
  },
  "sessionInfo": [
    {
      "prevSessionID": null,
      "prevTimeInfo": {
        "timeNum": null,
        "timeUnit": null
      },
      "nthSession": "1",
      "numberOfUtterances": "14",
      "numberOfTurns": "7",
      "sessionID": "2-00222-1",
      "dialog": [
        {
          "speaker": "speaker1",
          "personaID": "26958",
          "participantID": "4497",
          "utterance": "안녕하세요 저는 20대 여자에요",
          "summary": "나는 20대 여자이다.",
          "date": "2022-12-07",
          "time": "17:50:44",
          "terminate": "false"
        },
        {
          "speaker": "speaker2",
          "personaID": "26796",
          "participantID": "4776",
          "utterance": "안녕하세요 저도 20대 여성이에요. ",
          "summary": "나는 20대 여성이다.",
          "date": "2022-12-07",
          "time": "17:56:21",
          "terminate": "false"
        },
        {
          "speaker": "speaker1",
          "personaID": "26958",
          "participantID": "4497",
          "utterance": "저는3월 생이라 그런지 봄을 좋아해요",
          "summary": "나는 3월 생이다. 나는 봄을 좋아한다.",
          "date": "2022-12-07",
          "time": "17:57:31",
          "terminate": "false"
        },
        {
          "speaker": "speaker2",
          "personaID": "26796",
          "participantID": "4776",
          "utterance": "저는 1월 생이라 겨울을 좋아해요. ",
          "summary": "나는 1월생이고 겨울을 좋아한다.",
          "date": "2022-12-07",
          "time": "18:25:29",
          "terminate": "false"
        },
        {
          "speaker": "speaker1",
          "personaID": "26958",
          "participantID": "4497",
          "utterance": "전 친한 선후배가 2명 정도 있어요. 깊게 사귀는걸 좋아해요",
          "summary": "나는 친한 선후배가 2명 정도 있다. 나는 깊게 사귀는 걸 좋아한다.",
          "date": "2022-12-07",
          "time": "21:44:31",
          "terminate": "false"
        },
        {
          "speaker": "speaker2",
          "personaID": "26796",
          "participantID": "4776",
          "utterance": "진중한 성격이시네요. 저는 종교는 개신교에요. 종교가 있으신가요?",
          "summary": "나는 개신교이다.",
          "date": "2022-12-07",
          "time": "22:38:08",
          "terminate": "false"
        },
        {
          "speaker": "speaker1",
          "personaID": "26958",
          "participantID": "4497",
          "utterance": "저는 종교는 없어요. ㅎㅎ저 자신을 믿는 편이에요",
          "summary": "나는 무교이다.",
          "date": "2022-12-08",
          "time": "09:43:32",
          "terminate": "false"
        },
        {
          "speaker": "speaker2",
          "personaID": "26796",
          "participantID": "4776",
          "utterance": "운동 좋아하세요? 저는 운동삼아 매일 걸어서 출퇴근해요.",
          "summary": "나는 매일 걸어서 출퇴근한다.",
          "date": "2022-12-08",
          "time": "09:44:20",
          "terminate": "false"
        },
        {
          "speaker": "speaker1",
          "personaID": "26958",
          "participantID": "4497",
          "utterance": "저는 필라테스를 좋아해서 일주일에 한두번 해요. 허리가 안좋아서 시작하게 되었네요",
          "summary": "나는 필라테스 한다.",
          "date": "2022-12-08",
          "time": "09:45:34",
          "terminate": "false"
        },
        {
          "speaker": "speaker2",
          "personaID": "26796",
          "participantID": "4776",
          "utterance": "지금은 괜찮으세요? 그리고 저는 여행을 좋아해서 한 달에 한 번은 꼭 국내여행을 가요.",
          "summary": "나는 한 달에 한번 국내여행을 간다\n",
          "date": "2022-12-08",
          "time": "09:46:08",
          "terminate": "false"
        },
        {
          "speaker": "speaker1",
          "personaID": "26958",
          "participantID": "4497",
          "utterance": "저도 여행 정말 좋아합니다. 한달에 한번 정도는 나가려고 해요.",
          "summary": "나도 한 달에 한 번 정도는 여행한다.",
          "date": "2022-12-08",
          "time": "09:46:54",
          "terminate": "false"
        },
        {
          "speaker": "speaker2",
          "personaID": "26796",
          "participantID": "4776",
          "utterance": "취미가 비슷하네요. 오늘 대화 즐거웠어요!! ^^ ",
          "summary": "오늘 대화 즐거웠다",
          "date": "2022-12-08",
          "time": "09:48:28",
          "terminate": "true"
        }
      ],
      "sessionPersonaSummary": {
        "speaker1": [
          "나는 20대 여자이다.",
          "나는 3월 생이다. 나는 봄을 좋아한다.",
          "나는 친한 선후배가 2명 정도 있다. 나는 깊게 사귀는 걸 좋아한다.",
          "나는 무교이다.",
          "나는 필라테스 한다.",
          "나도 한 달에 한 번 정도는 여행한다."
        ],
        "speaker2": [
          "나는 20대 여성이다.",
          "나는 1월생이고 겨울을 좋아한다.",
          "나는 개신교이다.",
          "나는 매일 걸어서 출퇴근한다.",
          "나는 한 달에 한번 국내여행을 간다\n",
          "오늘 대화 즐거웠다"
        ]
      },
      "prevAggregatedpersonaSummary": {
        "speaker1": [],
        "speaker2": []
      }
    },
    {
      "prevSessionID": "2-00222-1",
      "prevTimeInfo": {
        "timeNum": "43",
        "timeUnit": "시간"
      },
      "nthSession": "2",
      "numberOfUtterances": "14",
      "numberOfTurns": "7",
      "sessionID": "2-00222-2",
      "dialog": [
        {
          "speaker": "speaker1",
          "personaID": "26958",
          "participantID": "4497",
          "utterance": "잘 지내셧어요?43시간만이네요! 요즘 날씨가 좋으니 휴양지로 여행 가고 싶네요 국내여행 한번은 국내 여행 가신다 그랬죠? 조만간 여행 계획은 없으신가요?",
          "summary": "나는 날씨가 좋아 휴양지로 여행을 가고 싶다.",
          "date": "2022-12-08",
          "time": "10:26:21",
          "terminate": "false"
        },
        {
          "speaker": "speaker2",
          "personaID": "26796",
          "participantID": "4776",
          "utterance": "네 저도 휴양지 여행을 좋아해요. 계획이 있으세요?",
          "summary": "나도 휴양지 여행 좋아한다.",
          "date": "2022-12-08",
          "time": "10:56:32",
          "terminate": "false"
        },
        {
          "speaker": "speaker1",
          "personaID": "26958",
          "participantID": "4497",
          "utterance": "저는 작년에는 코타키나발루에 다녀왔어요. 조용하게 쉬기 좋더라구요",
          "summary": "나는 코타키나발루에 다녀왔다.",
          "date": "2022-12-08",
          "time": "11:11:18",
          "terminate": "false"
        },
        {
          "speaker": "speaker2",
          "personaID": "26796",
          "participantID": "4776",
          "utterance": "저도 꼭 가고 싶었는데요. 기억에 남는 게 어떤게 있어요 ?",
          "summary": "나도 휴양지 여행 가보고 싶다",
          "date": "2022-12-08",
          "time": "11:14:36",
          "terminate": "false"
        },
        {
          "speaker": "speaker1",
          "personaID": "26958",
          "participantID": "4497",
          "utterance": "흰두교를 믿는 국가이다보니 여성분들이 히잡을 쓰고 있는게 신기했어요",
          "summary": "나는 코타키나발루 여성분들이 히잡 쓰고 있는 것이 신기했다.",
          "date": "2022-12-08",
          "time": "11:22:46",
          "terminate": "false"
        },
        {
          "speaker": "speaker2",
          "personaID": "26796",
          "participantID": "4776",
          "utterance": "우와 히잡은 생각도 못했어요. 이번 월드컵도 히잡이 이슈이던데요. 더웠을텐데.. 그나라 여성분들 고생이네요",
          "summary": "히잡을 쓰고 있을 것이라 생각하지 못했다",
          "date": "2022-12-08",
          "time": "11:30:58",
          "terminate": "false"
        },
        {
          "speaker": "speaker1",
          "personaID": "26958",
          "participantID": "4497",
          "utterance": "그렇겠네요. 종교적인 이유이지만 더운 나라에서의 히잡은 덥고 불편할거 같아요",
          "summary": "",
          "date": "2022-12-08",
          "time": "11:32:00",
          "terminate": "false"
        },
        {
          "speaker": "speaker2",
          "personaID": "26796",
          "participantID": "4776",
          "utterance": "저도 그렇게 생각해요. 문화라 존중은 하겠지만. 음식은 괜찮았어요? ",
          "summary": "",
          "date": "2022-12-08",
          "time": "11:33:23",
          "terminate": "false"
        },
        {
          "speaker": "speaker1",
          "personaID": "26958",
          "participantID": "4497",
          "utterance": "음식은 별로 맛이 없었네요^^; 코타키나발루는 석양이 아름다운 곳이에요",
          "summary": "나는 그곳 음식은 별로였다.",
          "date": "2022-12-08",
          "time": "11:33:44",
          "terminate": "false"
        },
        {
          "speaker": "speaker2",
          "personaID": "26796",
          "participantID": "4776",
          "utterance": "하하 참고하겠습니다. 저도 석양 좋아해요.. 석양은 아직 국내 석모도에서만 봤어요..^^요즘 사람은 많이 없나요?",
          "summary": "나는 석양 보는 것을 좋아한다",
          "date": "2022-12-08",
          "time": "11:35:45",
          "terminate": "false"
        },
        {
          "speaker": "speaker1",
          "personaID": "26958",
          "participantID": "4497",
          "utterance": "아직 중국인들이 많이 안와서 여행하기 쾌적했어요! ",
          "summary": "나는 그곳에 중국인들이 많이 안 와서 쾌적했다.",
          "date": "2022-12-08",
          "time": "11:36:41",
          "terminate": "false"
        },
        {
          "speaker": "speaker2",
          "personaID": "26796",
          "participantID": "4776",
          "utterance": "맞아요.. 이런말 하긴 그렇지만 중국인 들이 없으면.. 여행 컨디션이 훨신 낫죠! ㅎ",
          "summary": "나는 중국인들이 없으면 여행 컨디션이 좋다",
          "date": "2022-12-08",
          "time": "11:37:33",
          "terminate": "false"
        },
        {
          "speaker": "speaker1",
          "personaID": "26958",
          "participantID": "4497",
          "utterance": "ㅎㅎㅎ맞아요.... 미안한 말이지만 확실히 다른것 같아요",
          "summary": "",
          "date": "2022-12-08",
          "time": "11:38:03",
          "terminate": "false"
        },
        {
          "speaker": "speaker2",
          "personaID": "26796",
          "participantID": "4776",
          "utterance": "네 오랜만에 휴양지 얘기해서 즐거웠어요. 일이 있어서 이만 나가볼게요., 즐거운 오후 보내세요^^",
          "summary": "나는 오랜만에 휴양지 얘기해서 즐거웠다\n",
          "date": "2022-12-08",
          "time": "13:10:31",
          "terminate": "true"
        }
      ],
      "sessionPersonaSummary": {
        "speaker1": [
          "나는 날씨가 좋아 휴양지로 여행을 가고 싶다.",
          "나는 코타키나발루에 다녀왔다.",
          "나는 코타키나발루 여성분들이 히잡 쓰고 있는 것이 신기했다.",
          "나는 그곳 음식은 별로였다.",
          "나는 그곳에 중국인들이 많이 안 와서 쾌적했다."
        ],
        "speaker2": [
          "나도 휴양지 여행 좋아한다.",
          "나도 휴양지 여행 가보고 싶다",
          "히잡을 쓰고 있을 것이라 생각하지 못했다",
          "나는 석양 보는 것을 좋아한다",
          "나는 중국인들이 없으면 여행 컨디션이 좋다",
          "나는 오랜만에 휴양지 얘기해서 즐거웠다\n"
        ]
      },
      "prevAggregatedpersonaSummary": {
        "speaker1": [
          "나는 20대 여자이다.",
          "나는 3월 생이다. 나는 봄을 좋아한다.",
          "나는 친한 선후배가 2명 정도 있다. 나는 깊게 사귀는 걸 좋아한다.",
          "나는 무교이다.",
          "나는 필라테스 한다.",
          "나도 한 달에 한 번 정도는 여행한다."
        ],
        "speaker2": [
          "나는 20대 여성이다.",
          "나는 1월생이고 겨울을 좋아한다.",
          "나는 개신교이다.",
          "나는 매일 걸어서 출퇴근한다.",
          "나는 한 달에 한번 국내여행을 간다\n",
          "오늘 대화 즐거웠다"
        ]
      }
    }
  ]
}