{
  "FileInfo": {
    "filename": "K2-00340-CL26401-CP13109-12-02-S2.json",
    "sessionLevel": "2"
  },
  "participantsInfo": {
    "numberOfParticipants": "2",
    "speaker1": {
      "participantID": "4950",
      "gender": "여성",
      "age": "30대",
      "occupation": "전문직",
      "bPlace": "서울/경기/인천",
      "gPlace": "광주/전라/제주",
      "rPlace": "서울/경기/인천",
      "educationLevel": "대졸"
    },
    "speaker2": {
      "participantID": "4818",
      "gender": "남성",
      "age": "20대",
      "occupation": "학생",
      "bPlace": "대전/세종/충청/강원",
      "gPlace": "대전/세종/충청/강원",
      "rPlace": "대전/세종/충청/강원",
      "educationLevel": "고졸"
    }
  },
  "multisessionInfo": {
    "multisessionID": "2-00340"
  },
  "personaInfo": {
    "clInfo": {
      "personaID": "26401",
      "personaFeatures": [
        "나는 여자이다.",
        "나는 20대이다.",
        "나는 선후배가 없다",
        "나는 요즘, 매일 평온하다",
        "나는 맛있는 음식을 먹으면 스트레스가 풀린다",
        "나의 생일은 11월이다"
      ],
      "speakerType": "speaker1"
    },
    "cpInfo": {
      "personaID": "13109",
      "personaFeatures": [
        "나는 남자이다.",
        "나는 10대이다.",
        "우리 가족은 여행을 자주 간다",
        "나는 중간고사를 보는 게 즐겁다",
        "나는 햄버거를 좋아한다",
        "나는 파란색을 좋아한다",
        "나는 방송 중에 드라마 보는 것을 좋아한다"
      ],
      "speakerType": "speaker2"
    }
  },
  "topicInfo": {
    "topicID": "12-02",
    "topicType": "여가와 오락>여행",
    "topicTitle": "여행지"
  },
  "sessionInfo": [
    {
      "prevSessionID": null,
      "prevTimeInfo": {
        "timeNum": null,
        "timeUnit": null
      },
      "nthSession": "1",
      "numberOfUtterances": "14",
      "numberOfTurns": "7",
      "sessionID": "2-00340-1",
      "dialog": [
        {
          "speaker": "speaker1",
          "personaID": "26401",
          "participantID": "4950",
          "utterance": "안녕하세요. 서울 사는 20대 여성입니다.",
          "summary": "나는 서울에 거주하는 20대 여자다.",
          "date": "2022-12-01",
          "time": "20:33:25",
          "terminate": "false"
        },
        {
          "speaker": "speaker2",
          "personaID": "13109",
          "participantID": "4818",
          "utterance": "안녕하세요 저는 10대 남성이에요.",
          "summary": "나는 10대 남성이다",
          "date": "2022-12-01",
          "time": "20:33:44",
          "terminate": "false"
        },
        {
          "speaker": "speaker1",
          "personaID": "26401",
          "participantID": "4950",
          "utterance": "저는 선후배가 없고 친구도 없습니다. 친구많으세요?",
          "summary": "나는 선후배가 없고 친구도 없다.",
          "date": "2022-12-01",
          "time": "20:34:29",
          "terminate": "false"
        },
        {
          "speaker": "speaker2",
          "personaID": "13109",
          "participantID": "4818",
          "utterance": "네 주변에 친구가 너무 많아서 인간관계가 힘드네요. ",
          "summary": "나는 친구가 많아서 인간관계가 힘들다.",
          "date": "2022-12-01",
          "time": "20:35:25",
          "terminate": "false"
        },
        {
          "speaker": "speaker1",
          "personaID": "26401",
          "participantID": "4950",
          "utterance": "친구가 많은 것은 참 부럽네요. 저는 요즘 매일 평온합니다. 평온하신가요?",
          "summary": "나는 요즘 매일 평온하다.",
          "date": "2022-12-01",
          "time": "20:36:02",
          "terminate": "false"
        },
        {
          "speaker": "speaker2",
          "personaID": "13109",
          "participantID": "4818",
          "utterance": "요새는 즐거운일이 많아요. 중간고사 기간이거든요. 저는 중간고사를 보는게 즐거워요.",
          "summary": "나는 요새 즐거운 일이 많다. 나는 요즘 중간고사 기간이다. 나는 중간고사를 보는 게 즐겁다.",
          "date": "2022-12-01",
          "time": "20:36:46",
          "terminate": "false"
        },
        {
          "speaker": "speaker1",
          "personaID": "26401",
          "participantID": "4950",
          "utterance": "어떤 과목을 가장 좋아하시나요?",
          "summary": "",
          "date": "2022-12-01",
          "time": "20:38:18",
          "terminate": "false"
        },
        {
          "speaker": "speaker2",
          "personaID": "13109",
          "participantID": "4818",
          "utterance": "저는 역사나 지리를 좋아해요. 저희 가족은 여행을 자주 다녀서 그런것같아요.",
          "summary": "나는 역사나 지리를 좋아한다. 나의 가족은 여행을 자주 다닌다.",
          "date": "2022-12-01",
          "time": "20:39:08",
          "terminate": "false"
        },
        {
          "speaker": "speaker1",
          "personaID": "26401",
          "participantID": "4950",
          "utterance": "역사나 지리 과목은 점수가 좋으실 것 같다고 예상이 되네요.",
          "summary": "",
          "date": "2022-12-01",
          "time": "20:40:33",
          "terminate": "false"
        },
        {
          "speaker": "speaker2",
          "personaID": "13109",
          "participantID": "4818",
          "utterance": "맞아요. 나쁘지않아요. 좋아하는 색은 있으신가요? 저는 파란색을 좋아해요.",
          "summary": "나는 파란색을 좋아한다.\n",
          "date": "2022-12-01",
          "time": "20:46:33",
          "terminate": "false"
        },
        {
          "speaker": "speaker1",
          "personaID": "26401",
          "participantID": "4950",
          "utterance": "저는 노란색을 좋아해요. 저는 맛있는 음식을 먹으면 스트레스가 풀려요. 스트레스 해소법이 있으세요?",
          "summary": "나는 노란색을 좋아한다. \n나는 맛있는 음식을 먹으면 스트레스가 풀린다",
          "date": "2022-12-01",
          "time": "20:48:15",
          "terminate": "false"
        },
        {
          "speaker": "speaker2",
          "personaID": "13109",
          "participantID": "4818",
          "utterance": "네 저는 방송 중에 드라마 보는것을 좋아해서 드라마를 보면 풀려요.",
          "summary": "나는 드라마를 보는 것을 좋아한다.",
          "date": "2022-12-01",
          "time": "20:49:00",
          "terminate": "false"
        },
        {
          "speaker": "speaker1",
          "personaID": "26401",
          "participantID": "4950",
          "utterance": "저는 생일이 11월입니다. 언제가 생일이세요?",
          "summary": "나는 11월이 생일이다.",
          "date": "2022-12-01",
          "time": "20:49:47",
          "terminate": "false"
        },
        {
          "speaker": "speaker2",
          "personaID": "13109",
          "participantID": "4818",
          "utterance": "12월이에요. 좋아하는 햄버거를 먹고싶네요. 먹으러 가봐야겠어요.",
          "summary": "나는 12월이 생일이다. 나는 햄버거를 좋아한다.",
          "date": "2022-12-01",
          "time": "20:53:27",
          "terminate": "true"
        }
      ],
      "sessionPersonaSummary": {
        "speaker1": [
          "나는 서울에 거주하는 20대 여자다.",
          "나는 선후배가 없고 친구도 없다.",
          "나는 요즘 매일 평온하다.",
          "나는 노란색을 좋아한다. \n나는 맛있는 음식을 먹으면 스트레스가 풀린다",
          "나는 11월이 생일이다."
        ],
        "speaker2": [
          "나는 10대 남성이다",
          "나는 친구가 많아서 인간관계가 힘들다.",
          "나는 요새 즐거운 일이 많다. 나는 요즘 중간고사 기간이다. 나는 중간고사를 보는 게 즐겁다.",
          "나는 역사나 지리를 좋아한다. 나의 가족은 여행을 자주 다닌다.",
          "나는 파란색을 좋아한다.\n",
          "나는 드라마를 보는 것을 좋아한다.",
          "나는 12월이 생일이다. 나는 햄버거를 좋아한다."
        ]
      },
      "prevAggregatedpersonaSummary": {
        "speaker1": [],
        "speaker2": []
      }
    },
    {
      "prevSessionID": "2-00340-1",
      "prevTimeInfo": {
        "timeNum": "1",
        "timeUnit": "주"
      },
      "nthSession": "2",
      "numberOfUtterances": "14",
      "numberOfTurns": "7",
      "sessionID": "2-00340-2",
      "dialog": [
        {
          "speaker": "speaker1",
          "personaID": "26401",
          "participantID": "4950",
          "utterance": "1주일 만입니다. 잘 지내셨죠?",
          "summary": "",
          "date": "2022-12-01",
          "time": "21:20:33",
          "terminate": "false"
        },
        {
          "speaker": "speaker2",
          "personaID": "13109",
          "participantID": "4818",
          "utterance": "그럼요! 저는 여행중이에요. ",
          "summary": "나는 여행 중이다.",
          "date": "2022-12-01",
          "time": "21:40:36",
          "terminate": "false"
        },
        {
          "speaker": "speaker1",
          "personaID": "26401",
          "participantID": "4950",
          "utterance": "와 어디로 여행을 가신거에요~? 가족 여행 자주 간다고 하셔는데 가족끼리 가신 거예요?",
          "summary": "",
          "date": "2022-12-02",
          "time": "11:06:21",
          "terminate": "false"
        },
        {
          "speaker": "speaker2",
          "personaID": "13109",
          "participantID": "4818",
          "utterance": "네 맞아요 ~ 저는 미국에 와있어요. 역시 미국은 좋네요. ",
          "summary": "나는 미국에 와있다. 나는 미국이 좋다.",
          "date": "2022-12-02",
          "time": "21:20:00",
          "terminate": "false"
        },
        {
          "speaker": "speaker1",
          "personaID": "26401",
          "participantID": "4950",
          "utterance": "미국에 가니 어떤게 가장 좋으세요? 저는 미국은 안가봤어요.",
          "summary": "나는 미국을 안 가봤다.",
          "date": "2022-12-03",
          "time": "22:59:23",
          "terminate": "false"
        },
        {
          "speaker": "speaker2",
          "personaID": "13109",
          "participantID": "4818",
          "utterance": "모든 거리가 신기해요. 드라마 볼때 나올만한 거리가 여기는 일상이구나를 느껴요.",
          "summary": "나는 미국 모든 거리가 신기하다. 나는 드라마 볼 때 나올만한 거리가 미국은 일상이구나를 느낀다.",
          "date": "2022-12-03",
          "time": "23:08:08",
          "terminate": "false"
        },
        {
          "speaker": "speaker1",
          "personaID": "26401",
          "participantID": "4950",
          "utterance": "신기하네요~ 미국 어디로 가신거에요?",
          "summary": "",
          "date": "2022-12-03",
          "time": "23:11:53",
          "terminate": "false"
        },
        {
          "speaker": "speaker2",
          "personaID": "13109",
          "participantID": "4818",
          "utterance": "뉴욕이에요! 역시 선진국은 다르네요. 여행 가보신 나라 있으신가요?",
          "summary": "나는 뉴욕에 여행 왔다. 나는 선진국은 다르다고 생각한다.",
          "date": "2022-12-03",
          "time": "23:12:22",
          "terminate": "false"
        },
        {
          "speaker": "speaker1",
          "personaID": "26401",
          "participantID": "4950",
          "utterance": "저는 서유럽과 일본만 다녀왔어요~ ",
          "summary": "나는 서유럽과 일본을 다녀왔었다.",
          "date": "2022-12-03",
          "time": "23:15:54",
          "terminate": "false"
        },
        {
          "speaker": "speaker2",
          "personaID": "13109",
          "participantID": "4818",
          "utterance": "좋은데 가셨네요. 여행도 여행지가 엄청 중요한것같아요. 물론 어디든 좋지만 위험한 곳도 있으니말이죠.",
          "summary": "나는 여행도 여행지가 엄청 중요하다. 나는 여행지는 위험한 곳도 있다고 생각한다.",
          "date": "2022-12-03",
          "time": "23:26:56",
          "terminate": "false"
        },
        {
          "speaker": "speaker1",
          "personaID": "26401",
          "participantID": "4950",
          "utterance": "맞아요 여행지마다 치안이 안좋은 곳이 많아서 조심해야해요.",
          "summary": "",
          "date": "2022-12-03",
          "time": "23:47:23",
          "terminate": "false"
        },
        {
          "speaker": "speaker2",
          "personaID": "13109",
          "participantID": "4818",
          "utterance": "얼마전에는 인도에서 성추행도 일어나서 무섭더라구요.",
          "summary": "나는 얼마 전 인도 성추행이 일어나 무서웠다.",
          "date": "2022-12-04",
          "time": "00:05:15",
          "terminate": "false"
        },
        {
          "speaker": "speaker1",
          "personaID": "26401",
          "participantID": "4950",
          "utterance": "여행은 참 좋은데 위험요소 때문에 겁이나기도 해요.",
          "summary": "나는 여행이 좋지만 위험요소가 있어서 겁난다.",
          "date": "2022-12-04",
          "time": "00:42:09",
          "terminate": "false"
        },
        {
          "speaker": "speaker2",
          "personaID": "13109",
          "participantID": "4818",
          "utterance": "맞아요. 저는 그럼 일이 있어서 가봐야겠어요. 다음에 또 연락해요.",
          "summary": "",
          "date": "2022-12-04",
          "time": "12:57:04",
          "terminate": "true"
        }
      ],
      "sessionPersonaSummary": {
        "speaker1": [
          "나는 미국을 안 가봤다.",
          "나는 서유럽과 일본을 다녀왔었다.",
          "나는 여행이 좋지만 위험요소가 있어서 겁난다."
        ],
        "speaker2": [
          "나는 여행 중이다.",
          "나는 미국에 와있다. 나는 미국이 좋다.",
          "나는 미국 모든 거리가 신기하다. 나는 드라마 볼 때 나올만한 거리가 미국은 일상이구나를 느낀다.",
          "나는 뉴욕에 여행 왔다. 나는 선진국은 다르다고 생각한다.",
          "나는 여행도 여행지가 엄청 중요하다. 나는 여행지는 위험한 곳도 있다고 생각한다.",
          "나는 얼마 전 인도 성추행이 일어나 무서웠다."
        ]
      },
      "prevAggregatedpersonaSummary": {
        "speaker1": [
          "나는 서울에 거주하는 20대 여자다.",
          "나는 선후배가 없고 친구도 없다.",
          "나는 요즘 매일 평온하다.",
          "나는 노란색을 좋아한다. \n나는 맛있는 음식을 먹으면 스트레스가 풀린다",
          "나는 11월이 생일이다."
        ],
        "speaker2": [
          "나는 10대 남성이다",
          "나는 친구가 많아서 인간관계가 힘들다.",
          "나는 요새 즐거운 일이 많다. 나는 요즘 중간고사 기간이다. 나는 중간고사를 보는 게 즐겁다.",
          "나는 역사나 지리를 좋아한다. 나의 가족은 여행을 자주 다닌다.",
          "나는 파란색을 좋아한다.\n",
          "나는 드라마를 보는 것을 좋아한다.",
          "나는 12월이 생일이다. 나는 햄버거를 좋아한다."
        ]
      }
    }
  ]
}