{
  "FileInfo": {
    "filename": "K2-00504-CL05083-CP02650-14-01-S2.json",
    "sessionLevel": "2"
  },
  "participantsInfo": {
    "numberOfParticipants": "2",
    "speaker1": {
      "participantID": "0008",
      "gender": "여성",
      "age": "50대",
      "occupation": "자영업",
      "bPlace": "부산/대구/울산/경상",
      "gPlace": "부산/대구/울산/경상",
      "rPlace": "부산/대구/울산/경상",
      "educationLevel": "대졸"
    },
    "speaker2": {
      "participantID": "0034",
      "gender": "여성",
      "age": "30대",
      "occupation": "사무직",
      "bPlace": "서울/경기/인천",
      "gPlace": "서울/경기/인천",
      "rPlace": "서울/경기/인천",
      "educationLevel": "대졸"
    }
  },
  "multisessionInfo": {
    "multisessionID": "2-00504"
  },
  "personaInfo": {
    "clInfo": {
      "personaID": "05083",
      "personaFeatures": [
        "나는 여자이다.",
        "나는 50대이다.",
        "나의 거주지는 충청도이다.",
        "나는 회사원이다.",
        "나는 여름을 좋아한다."
      ],
      "speakerType": "speaker1"
    },
    "cpInfo": {
      "personaID": "02650",
      "personaFeatures": [
        "나는 여자이다.",
        "나는 30대이다.",
        "나는 선후배와 잘 어울리지 않는다.",
        "나는 블루스 음악을 싫어한다.",
        "나는 오전에 커피를 마신다."
      ],
      "speakerType": "speaker2"
    }
  },
  "topicInfo": {
    "topicID": "14-01",
    "topicType": "시사/사회>사회이슈(국내)",
    "topicTitle": "물가"
  },
  "sessionInfo": [
    {
      "prevSessionID": null,
      "prevTimeInfo": {
        "timeNum": null,
        "timeUnit": null
      },
      "nthSession": "1",
      "numberOfUtterances": "14",
      "numberOfTurns": "7",
      "sessionID": "2-00504-1",
      "dialog": [
        {
          "speaker": "speaker1",
          "personaID": "05083",
          "participantID": "0008",
          "utterance": "안녕하세요 50대 여자입니다 반가워요~",
          "summary": "나는 50대 여자이다.",
          "date": "2022-08-17",
          "time": "18:04:16",
          "terminate": "false"
        },
        {
          "speaker": "speaker2",
          "personaID": "02650",
          "participantID": "0034",
          "utterance": "안녕하세요 저는 30대 여자입니다!! 반가워요!!",
          "summary": "나는 30대 여자이다.",
          "date": "2022-08-17",
          "time": "09:18:50",
          "terminate": "false"
        },
        {
          "speaker": "speaker1",
          "personaID": "05083",
          "participantID": "0008",
          "utterance": "요즘 물가가 너무 올라서 장볼때 몇개 담지도 않았는데 5만원이 나오네요..",
          "summary": "",
          "date": "2022-08-17",
          "time": "18:07:44",
          "terminate": "false"
        },
        {
          "speaker": "speaker2",
          "personaID": "02650",
          "participantID": "0034",
          "utterance": "그러게요 요즘 진짜 물가가 많이올라서.. 장보기가 무섭네요.",
          "summary": "",
          "date": "2022-08-17",
          "time": "18:07:44",
          "terminate": "false"
        },
        {
          "speaker": "speaker1",
          "personaID": "05083",
          "participantID": "0008",
          "utterance": "그러니까요.. 나는 충청도에 살지만 서울은 오죽하겄어~",
          "summary": "나의 거주지는 충청도이다.",
          "date": "2022-08-17",
          "time": "18:07:44",
          "terminate": "false"
        },
        {
          "speaker": "speaker2",
          "personaID": "02650",
          "participantID": "0034",
          "utterance": "그렇겠네요.. 진짜 충청도도 그러면 서울은.. 장난아니죠.",
          "summary": "",
          "date": "2022-08-17",
          "time": "18:07:44",
          "terminate": "false"
        },
        {
          "speaker": "speaker1",
          "personaID": "05083",
          "participantID": "0008",
          "utterance": "진짜 혼자 사는 사람들이 왜 시켜 먹는지 알겠어~ 시켜먹는게 더싸!",
          "summary": "",
          "date": "2022-08-17",
          "time": "18:07:44",
          "terminate": "false"
        },
        {
          "speaker": "speaker2",
          "personaID": "02650",
          "participantID": "0034",
          "utterance": "네 그렇긴해요 요즘은.. 뭐 배달팁이 비싸긴하지만..",
          "summary": "",
          "date": "2022-08-17",
          "time": "18:07:44",
          "terminate": "false"
        },
        {
          "speaker": "speaker1",
          "personaID": "05083",
          "participantID": "0008",
          "utterance": "나야 회사원이라 시간은 없긴하지만.. 애있는 엄마라서 시켜 먹긴 좀그렇지..",
          "summary": "나는 회사원이다.",
          "date": "2022-08-17",
          "time": "18:07:44",
          "terminate": "false"
        },
        {
          "speaker": "speaker2",
          "personaID": "02650",
          "participantID": "0034",
          "utterance": "아 힘드시겠네요.. 회사도 다니면서 집에서 밥도 하실려면.",
          "summary": "",
          "date": "2022-08-17",
          "time": "18:07:44",
          "terminate": "false"
        },
        {
          "speaker": "speaker1",
          "personaID": "05083",
          "participantID": "0008",
          "utterance": "힘들어도~ 내가 선택한 삶 나는 행복해요!!",
          "summary": "",
          "date": "2022-08-17",
          "time": "18:07:44",
          "terminate": "false"
        },
        {
          "speaker": "speaker2",
          "personaID": "02650",
          "participantID": "0034",
          "utterance": "더운데 건강 조심하십시요! 그래도 행복하시니 다행이네요.",
          "summary": "",
          "date": "2022-08-17",
          "time": "18:07:44",
          "terminate": "false"
        },
        {
          "speaker": "speaker1",
          "personaID": "05083",
          "participantID": "0008",
          "utterance": "많이 덥긴한데~ 난뭐 여름 좋아 하니까!! 일단 저녁좀 먹고 다시 연락해요~",
          "summary": "나는 여름을 좋아한다.",
          "date": "2022-08-17",
          "time": "18:07:44",
          "terminate": "false"
        },
        {
          "speaker": "speaker2",
          "personaID": "02650",
          "participantID": "0034",
          "utterance": "다행이네요~ 네 그럼 식사 맛있게 하시고 연락해요!!",
          "summary": "",
          "date": "2022-08-17",
          "time": "18:07:44",
          "terminate": "true"
        }
      ],
      "sessionPersonaSummary": {
        "speaker1": [
          "나는 50대 여자이다.",
          "나의 거주지는 충청도이다.",
          "나는 회사원이다.",
          "나는 여름을 좋아한다."
        ],
        "speaker2": [
          "나는 30대 여자이다."
        ]
      },
      "prevAggregatedpersonaSummary": {
        "speaker1": [],
        "speaker2": []
      }
    },
    {
      "prevSessionID": "2-00504-1",
      "prevTimeInfo": {
        "timeNum": "1",
        "timeUnit": "일"
      },
      "nthSession": "2",
      "numberOfUtterances": "14",
      "numberOfTurns": "7",
      "sessionID": "2-00504-2",
      "dialog": [
        {
          "speaker": "speaker1",
          "personaID": "05083",
          "participantID": "0008",
          "utterance": "좋은아침!! 어제 저녁먹고 가족끼리 이야기 하다가 시간이 너무 늦어졌어 그냥 잤어요~",
          "summary": "",
          "date": "2022-08-17",
          "time": "18:07:44",
          "terminate": "false"
        },
        {
          "speaker": "speaker2",
          "personaID": "02650",
          "participantID": "0034",
          "utterance": "네 굳모닝~ 그럴수도있죠~ 괜찮아요!!ㅎㅎ.",
          "summary": "",
          "date": "2022-08-17",
          "time": "18:07:44",
          "terminate": "false"
        },
        {
          "speaker": "speaker1",
          "personaID": "05083",
          "participantID": "0008",
          "utterance": "주말인데 뭐 할 예정이신거에요~ 나는 집에서 쉬려고.",
          "summary": "나는 오늘 집에서 쉰다.",
          "date": "2022-08-17",
          "time": "18:07:44",
          "terminate": "false"
        },
        {
          "speaker": "speaker2",
          "personaID": "02650",
          "participantID": "0034",
          "utterance": "저도 뭐 계획은 딱히 없습니다! ㅎㅎ.",
          "summary": "",
          "date": "2022-08-17",
          "time": "18:07:44",
          "terminate": "false"
        },
        {
          "speaker": "speaker1",
          "personaID": "05083",
          "participantID": "0008",
          "utterance": "그러시구만.. 근데 왜이렇게 일찍 일어 나셨대요?",
          "summary": "",
          "date": "2022-08-17",
          "time": "18:07:44",
          "terminate": "false"
        },
        {
          "speaker": "speaker2",
          "personaID": "02650",
          "participantID": "0034",
          "utterance": "저는 아침에 일어나서 오전에 커피를 마시거든요~",
          "summary": "나는 오전에 커피를 마신다.",
          "date": "2022-08-17",
          "time": "18:07:44",
          "terminate": "false"
        },
        {
          "speaker": "speaker1",
          "personaID": "05083",
          "participantID": "0008",
          "utterance": "그러면 회사 가서 모닝커피 한잔씩 하겠네~ 나도 가면 동료들하고 한잔 하거든..",
          "summary": "",
          "date": "2022-08-17",
          "time": "18:07:44",
          "terminate": "false"
        },
        {
          "speaker": "speaker2",
          "personaID": "02650",
          "participantID": "0034",
          "utterance": "저는 선후배와 잘 어울리지 않아서.. 커피는 안마셔요 같이.",
          "summary": "나는 선후배와 잘 어울리지 않는다.",
          "date": "2022-08-17",
          "time": "18:07:44",
          "terminate": "false"
        },
        {
          "speaker": "speaker1",
          "personaID": "05083",
          "participantID": "0008",
          "utterance": "그렇구만.. 또 성격상 안그럴수도 있는거니까 뭐..",
          "summary": "",
          "date": "2022-08-17",
          "time": "18:07:44",
          "terminate": "false"
        },
        {
          "speaker": "speaker2",
          "personaID": "02650",
          "participantID": "0034",
          "utterance": "네 ㅎㅎ 근데 왜이렇게 일찍 일어나셨어요?",
          "summary": "",
          "date": "2022-08-17",
          "time": "18:07:44",
          "terminate": "false"
        },
        {
          "speaker": "speaker1",
          "personaID": "05083",
          "participantID": "0008",
          "utterance": "나는~ 음악 듣고있었어요~ 째즈 좋아 하거든 ~",
          "summary": "나는 재즈를 좋아한다.",
          "date": "2022-08-17",
          "time": "18:07:44",
          "terminate": "false"
        },
        {
          "speaker": "speaker2",
          "personaID": "02650",
          "participantID": "0034",
          "utterance": "아 저도 재즈를 좋아하는데! 근데 블루스음악은 싫어해요ㅋㅋ.",
          "summary": "나는 블루스 음악을 싫어한다.",
          "date": "2022-08-17",
          "time": "18:07:44",
          "terminate": "false"
        },
        {
          "speaker": "speaker1",
          "personaID": "05083",
          "participantID": "0008",
          "utterance": "둘은 뗄레야 뗼수없는데 특이하구먼 ㅎㅎ 일단 나는 좀 쉬어야겠어요~ 또 연락해요 !",
          "summary": "",
          "date": "2022-08-17",
          "time": "18:08:06",
          "terminate": "false"
        },
        {
          "speaker": "speaker2",
          "personaID": "02650",
          "participantID": "0034",
          "utterance": "그런가요?ㅎㅎ 네 알겠습니다 그럼 푹쉬세요!!",
          "summary": "",
          "date": "2022-08-17",
          "time": "18:08:06",
          "terminate": "true"
        }
      ],
      "sessionPersonaSummary": {
        "speaker1": [
          "나는 오늘 집에서 쉰다.",
          "나는 재즈를 좋아한다."
        ],
        "speaker2": [
          "나는 오전에 커피를 마신다.",
          "나는 선후배와 잘 어울리지 않는다.",
          "나는 블루스 음악을 싫어한다."
        ]
      },
      "prevAggregatedpersonaSummary": {
        "speaker1": [
          "나는 50대 여자이다.",
          "나의 거주지는 충청도이다.",
          "나는 회사원이다.",
          "나는 여름을 좋아한다."
        ],
        "speaker2": [
          "나는 30대 여자이다."
        ]
      }
    }
  ]
}