{
  "FileInfo": {
    "filename": "K2-00482-CL33818-CP61556-09-02-S2.json",
    "sessionLevel": "2"
  },
  "participantsInfo": {
    "numberOfParticipants": "2",
    "speaker1": {
      "participantID": "7522",
      "gender": "여성",
      "age": "30대",
      "occupation": "서비스직",
      "bPlace": "광주/전라/제주",
      "gPlace": "광주/전라/제주",
      "rPlace": "광주/전라/제주",
      "educationLevel": "대졸"
    },
    "speaker2": {
      "participantID": "7370",
      "gender": "여성",
      "age": "50대",
      "occupation": "사무직",
      "bPlace": "부산/대구/울산/경상",
      "gPlace": "부산/대구/울산/경상",
      "rPlace": "부산/대구/울산/경상",
      "educationLevel": "고졸"
    }
  },
  "multisessionInfo": {
    "multisessionID": "2-00482"
  },
  "personaInfo": {
    "clInfo": {
      "personaID": "33818",
      "personaFeatures": [
        "나는 여자이다.",
        "나는 30대이다.",
        "나는 뮤지컬 영화를 가끔 본다.",
        "나는 농구 선수이다.",
        "나는 동화책을 좋아한다.",
        "나는 칼국수를 좋아한다."
      ],
      "speakerType": "speaker1"
    },
    "cpInfo": {
      "personaID": "61556",
      "personaFeatures": [
        "나는 여자이다.",
        "나는 60대 이상이다.",
        "나는 유치원 원장이다.",
        "나는 베트남에 가 보고 싶다.",
        "나는 소설을 꾸준히 읽는다."
      ],
      "speakerType": "speaker2"
    }
  },
  "topicInfo": {
    "topicID": "09-02",
    "topicType": "개인 및 관계>반려동물",
    "topicTitle": "고양이"
  },
  "sessionInfo": [
    {
      "prevSessionID": null,
      "prevTimeInfo": {
        "timeNum": null,
        "timeUnit": null
      },
      "nthSession": "1",
      "numberOfUtterances": "16",
      "numberOfTurns": "8",
      "sessionID": "2-00482-1",
      "dialog": [
        {
          "speaker": "speaker1",
          "personaID": "33818",
          "participantID": "7522",
          "utterance": "안녕하세요! 저는 30대 여자입니다. 반갑습니다.",
          "summary": "나는 30대 여자이다.",
          "date": "2022-10-19",
          "time": "20:40:03",
          "terminate": "false"
        },
        {
          "speaker": "speaker2",
          "personaID": "61556",
          "participantID": "7370",
          "utterance": "안녕하세요. 저는 60대 여자입니다. 반가워요.",
          "summary": "나는 60세 이상 여자이다.",
          "date": "2022-10-19",
          "time": "20:40:05",
          "terminate": "false"
        },
        {
          "speaker": "speaker1",
          "personaID": "33818",
          "participantID": "7522",
          "utterance": "저는 농구 선수로 선수생활중인 사람입니다.",
          "summary": "나는 농구 선수이다.",
          "date": "2022-10-19",
          "time": "20:40:14",
          "terminate": "false"
        },
        {
          "speaker": "speaker2",
          "personaID": "61556",
          "participantID": "7370",
          "utterance": "농구선수이시군요, 저는 유치원에서 원장을 하고있어요.",
          "summary": "나는 유치원 원장이다.",
          "date": "2022-10-19",
          "time": "20:40:19",
          "terminate": "false"
        },
        {
          "speaker": "speaker1",
          "personaID": "33818",
          "participantID": "7522",
          "utterance": "와. @이름1@에 대해 전문가이시네요. 동화책 많이 읽으시겠네요.",
          "summary": "",
          "date": "2022-10-19",
          "time": "20:40:47",
          "terminate": "false"
        },
        {
          "speaker": "speaker2",
          "personaID": "61556",
          "participantID": "7370",
          "utterance": "그러세요? 직업이 @이름1@과 함께하다보니 동화책을 많이 읽네요.",
          "summary": "",
          "date": "2022-10-19",
          "time": "20:41:10",
          "terminate": "false"
        },
        {
          "speaker": "speaker1",
          "personaID": "33818",
          "participantID": "7522",
          "utterance": "저는 직업과 관련 없지만 동화책을 좋아해서 자주 읽어요.",
          "summary": "나는 동화책을 좋아한다.",
          "date": "2022-10-19",
          "time": "20:41:22",
          "terminate": "false"
        },
        {
          "speaker": "speaker2",
          "personaID": "61556",
          "participantID": "7370",
          "utterance": "요즘에는 어른들을 위한 동화책도 많이 나와있어요.",
          "summary": "",
          "date": "2022-10-19",
          "time": "20:41:36",
          "terminate": "false"
        },
        {
          "speaker": "speaker1",
          "personaID": "33818",
          "participantID": "7522",
          "utterance": "그렇더라구요. 동화책을 보면 힐링이 돼요. 책 좋아하시나요?",
          "summary": "",
          "date": "2022-10-19",
          "time": "20:41:46",
          "terminate": "false"
        },
        {
          "speaker": "speaker2",
          "personaID": "61556",
          "participantID": "7370",
          "utterance": "저는 동화책도 많이 보지만 평소에 소설을 꾸준히 읽고있어요.",
          "summary": "나는 소설을 꾸준히 읽는다.",
          "date": "2022-10-19",
          "time": "20:42:02",
          "terminate": "false"
        },
        {
          "speaker": "speaker1",
          "personaID": "33818",
          "participantID": "7522",
          "utterance": "저랑 책읽는걸 좋아하는게 공통점이네요. 저는 뮤지컬 영화를 가끔 보는 취미도 있어요.",
          "summary": "나는 뮤지컬 영화를 가끔 본다.",
          "date": "2022-10-19",
          "time": "20:42:19",
          "terminate": "false"
        },
        {
          "speaker": "speaker2",
          "personaID": "61556",
          "participantID": "7370",
          "utterance": "저도 뮤지컬을 보고싶은데 바쁘다보니 볼시간이 나질않네요.",
          "summary": "",
          "date": "2022-10-19",
          "time": "20:42:38",
          "terminate": "false"
        },
        {
          "speaker": "speaker1",
          "personaID": "33818",
          "participantID": "7522",
          "utterance": "아무래도 원장님이시다보니 바쁘실것 같네요. 오늘 퇴근은 언제 하시나요?",
          "summary": "",
          "date": "2022-10-19",
          "time": "20:42:54",
          "terminate": "false"
        },
        {
          "speaker": "speaker2",
          "personaID": "61556",
          "participantID": "7370",
          "utterance": "내일 @이름1@이 체험학습을 가는날이라 아직 퇴근을 못했어요.",
          "summary": "나는 내일 @이름1@과 체험학습을 간다.",
          "date": "2022-10-19",
          "time": "20:43:10",
          "terminate": "false"
        },
        {
          "speaker": "speaker1",
          "personaID": "33818",
          "participantID": "7522",
          "utterance": "고생많으시네요. 빨리 일 마무리 하시고 퇴근하시길 바래요!",
          "summary": "",
          "date": "2022-10-19",
          "time": "20:43:20",
          "terminate": "false"
        },
        {
          "speaker": "speaker2",
          "personaID": "61556",
          "participantID": "7370",
          "utterance": "네, 즐거운 저녁되시고 편안한 시간되세요~ 다음에 대화해요.",
          "summary": "",
          "date": "2022-10-19",
          "time": "20:43:33",
          "terminate": "true"
        }
      ],
      "sessionPersonaSummary": {
        "speaker1": [
          "나는 30대 여자이다.",
          "나는 농구 선수이다.",
          "나는 동화책을 좋아한다.",
          "나는 뮤지컬 영화를 가끔 본다."
        ],
        "speaker2": [
          "나는 60세 이상 여자이다.",
          "나는 유치원 원장이다.",
          "나는 소설을 꾸준히 읽는다.",
          "나는 내일 @이름1@과 체험학습을 간다."
        ]
      },
      "prevAggregatedpersonaSummary": {
        "speaker1": [],
        "speaker2": []
      }
    },
    {
      "prevSessionID": "2-00482-1",
      "prevTimeInfo": {
        "timeNum": "2",
        "timeUnit": "일"
      },
      "nthSession": "2",
      "numberOfUtterances": "16",
      "numberOfTurns": "8",
      "sessionID": "2-00482-2",
      "dialog": [
        {
          "speaker": "speaker1",
          "personaID": "33818",
          "participantID": "7522",
          "utterance": "며칠전에 체험학습 간다고 하셨는데, 잘 다녀오셨나요?",
          "summary": "",
          "date": "2022-10-19",
          "time": "20:43:46",
          "terminate": "false"
        },
        {
          "speaker": "speaker2",
          "personaID": "61556",
          "participantID": "7370",
          "utterance": "네, 오랫만에 다녀왔더니 너무 힘들어서 집에서 일찍 쉬고있어요.",
          "summary": "",
          "date": "2022-10-19",
          "time": "20:44:03",
          "terminate": "false"
        },
        {
          "speaker": "speaker1",
          "personaID": "33818",
          "participantID": "7522",
          "utterance": "쉬는날에는 집에서 주로 쉬는 집순이이신가봐요.",
          "summary": "",
          "date": "2022-10-19",
          "time": "20:44:14",
          "terminate": "false"
        },
        {
          "speaker": "speaker2",
          "personaID": "61556",
          "participantID": "7370",
          "utterance": "제가 고양이한마리를 키우고있는데 쉬는날에는 고양이와 편안히 쉬고있어요.",
          "summary": "나는 고양이 한 마리를 키운다.",
          "date": "2022-10-19",
          "time": "20:44:50",
          "terminate": "false"
        },
        {
          "speaker": "speaker1",
          "personaID": "33818",
          "participantID": "7522",
          "utterance": "고양이를 키우시는군요. 고양이의 털색이 궁금하네요!",
          "summary": "",
          "date": "2022-10-19",
          "time": "20:45:03",
          "terminate": "false"
        },
        {
          "speaker": "speaker2",
          "personaID": "61556",
          "participantID": "7370",
          "utterance": "저의 고양이는 흰털만있는 고양이라 매우 귀여워요.",
          "summary": "나의 고양이는 흰털이다.",
          "date": "2022-10-19",
          "time": "20:45:09",
          "terminate": "false"
        },
        {
          "speaker": "speaker1",
          "personaID": "33818",
          "participantID": "7522",
          "utterance": "너무 이쁘겠네요. 저는 검정털의 고양이를 키우고 있어요.",
          "summary": "나의 고양이는 검정털이다.",
          "date": "2022-10-19",
          "time": "20:45:20",
          "terminate": "false"
        },
        {
          "speaker": "speaker2",
          "personaID": "61556",
          "participantID": "7370",
          "utterance": "저랑 같은 고양이 집사네요. 반갑네요~",
          "summary": "",
          "date": "2022-10-19",
          "time": "20:45:32",
          "terminate": "false"
        },
        {
          "speaker": "speaker1",
          "personaID": "33818",
          "participantID": "7522",
          "utterance": "그러게요. 책읽는것도 좋아하고 공통점이 참 많네요. 집에서만 있으면 답답하지 않으세요?",
          "summary": "",
          "date": "2022-10-19",
          "time": "20:45:50",
          "terminate": "false"
        },
        {
          "speaker": "speaker2",
          "personaID": "61556",
          "participantID": "7370",
          "utterance": "저는 활동적인 편이라 여행하는걸 좋아해요.",
          "summary": "나는 활동적이다.",
          "date": "2022-10-19",
          "time": "20:45:57",
          "terminate": "false"
        },
        {
          "speaker": "speaker1",
          "personaID": "33818",
          "participantID": "7522",
          "utterance": "여행도 좋아하세요? 그럼 해외여행을 자주 다니시나요?",
          "summary": "",
          "date": "2022-10-19",
          "time": "20:46:13",
          "terminate": "false"
        },
        {
          "speaker": "speaker2",
          "personaID": "61556",
          "participantID": "7370",
          "utterance": "해외여행도 많이 다녔는데 요즘에는 베트남에 가보고싶네요.",
          "summary": "나는 베트남에 가 보고 싶다.",
          "date": "2022-10-19",
          "time": "20:46:24",
          "terminate": "false"
        },
        {
          "speaker": "speaker1",
          "personaID": "33818",
          "participantID": "7522",
          "utterance": "베트남 참 여행하기 좋은나라이죠. 근데 저는 베트남음식인 쌀국수보다는 칼국수를 좋아해요.",
          "summary": "나는 칼국수를 좋아한다.",
          "date": "2022-10-19",
          "time": "20:46:43",
          "terminate": "false"
        },
        {
          "speaker": "speaker2",
          "personaID": "61556",
          "participantID": "7370",
          "utterance": "그러세요? 저는 쌀국수도 좋아하는데 특히 베트남과일을 좋아해요.",
          "summary": "나는 베트남 과일을 좋아한다.",
          "date": "2022-10-19",
          "time": "20:46:56",
          "terminate": "false"
        },
        {
          "speaker": "speaker1",
          "personaID": "33818",
          "participantID": "7522",
          "utterance": "동남아가 역시 과일이 맛있죠. 다음에 또 많은 이야기 나눠요.",
          "summary": "",
          "date": "2022-10-19",
          "time": "20:47:06",
          "terminate": "false"
        },
        {
          "speaker": "speaker2",
          "personaID": "61556",
          "participantID": "7370",
          "utterance": "즐겁게 대화하다보니 시간이 많이 흘렀네요. 즐거웠어요.",
          "summary": "",
          "date": "2022-10-19",
          "time": "20:47:09",
          "terminate": "true"
        }
      ],
      "sessionPersonaSummary": {
        "speaker1": [
          "나의 고양이는 검정털이다.",
          "나는 칼국수를 좋아한다."
        ],
        "speaker2": [
          "나는 고양이 한 마리를 키운다.",
          "나의 고양이는 흰털이다.",
          "나는 활동적이다.",
          "나는 베트남에 가 보고 싶다.",
          "나는 베트남 과일을 좋아한다."
        ]
      },
      "prevAggregatedpersonaSummary": {
        "speaker1": [
          "나는 30대 여자이다.",
          "나는 농구 선수이다.",
          "나는 동화책을 좋아한다.",
          "나는 뮤지컬 영화를 가끔 본다."
        ],
        "speaker2": [
          "나는 60세 이상 여자이다.",
          "나는 유치원 원장이다.",
          "나는 소설을 꾸준히 읽는다.",
          "나는 내일 @이름1@과 체험학습을 간다."
        ]
      }
    }
  ]
}