{
  "FileInfo": {
    "filename": "K2-00260-CL41444-CP30842-18-09-S2.json",
    "sessionLevel": "2"
  },
  "participantsInfo": {
    "numberOfParticipants": "2",
    "speaker1": {
      "participantID": "3589",
      "gender": "여성",
      "age": "30대",
      "occupation": "무직",
      "bPlace": "서울/경기/인천",
      "gPlace": "서울/경기/인천",
      "rPlace": "서울/경기/인천",
      "educationLevel": "고졸"
    },
    "speaker2": {
      "participantID": "3883",
      "gender": "남성",
      "age": "20대",
      "occupation": "학생",
      "bPlace": "부산/대구/울산/경상",
      "gPlace": "대전/세종/충청/강원",
      "rPlace": "부산/대구/울산/경상",
      "educationLevel": "대졸"
    }
  },
  "multisessionInfo": {
    "multisessionID": "2-00260"
  },
  "personaInfo": {
    "clInfo": {
      "personaID": "41444",
      "personaFeatures": [
        "나는 여자이다.",
        "나는 40대이다.",
        "나는 번역가이다",
        "나는 시를 좋아한다",
        "나는 컨트리 음악을 싫어한다"
      ],
      "speakerType": "speaker1"
    },
    "cpInfo": {
      "personaID": "30842",
      "personaFeatures": [
        "나는 남자이다.",
        "나는 30대이다.",
        "나는 항공기 정비원이다",
        "나는 체험 여행을 좋아한다",
        "나는 치킨을 좋아한다"
      ],
      "speakerType": "speaker2"
    }
  },
  "topicInfo": {
    "topicID": "18-09",
    "topicType": "상거래 전반",
    "topicTitle": "교환/환불"
  },
  "sessionInfo": [
    {
      "prevSessionID": null,
      "prevTimeInfo": {
        "timeNum": null,
        "timeUnit": null
      },
      "nthSession": "1",
      "numberOfUtterances": "14",
      "numberOfTurns": "7",
      "sessionID": "2-00260-1",
      "dialog": [
        {
          "speaker": "speaker1",
          "personaID": "41444",
          "participantID": "3589",
          "utterance": "안녕하세요 저는 40대 여성입니다",
          "summary": "나는 40대 여성이다.",
          "date": "2022-10-27",
          "time": "15:20:48",
          "terminate": "false"
        },
        {
          "speaker": "speaker2",
          "personaID": "30842",
          "participantID": "3883",
          "utterance": "안녕하세요 저는 30대 남성입니다. 반갑습니다.",
          "summary": "나는 30대 남성이다",
          "date": "2022-10-27",
          "time": "16:19:23",
          "terminate": "false"
        },
        {
          "speaker": "speaker1",
          "personaID": "41444",
          "participantID": "3589",
          "utterance": "반가워요 저는 번역가 입니다 직업이 어떻게 되세요?",
          "summary": "나는 번역가이다.",
          "date": "2022-10-27",
          "time": "16:36:22",
          "terminate": "false"
        },
        {
          "speaker": "speaker2",
          "personaID": "30842",
          "participantID": "3883",
          "utterance": "저는 항공기 정비원입니다. 멋있네요. 어떤 언어를 번역하시나요?",
          "summary": "나는 항공기 정비원이다",
          "date": "2022-10-27",
          "time": "16:43:09",
          "terminate": "false"
        },
        {
          "speaker": "speaker1",
          "personaID": "41444",
          "participantID": "3589",
          "utterance": "독일어 번역을 해요. 제가 시를 좋아해서 번역일을 시작했어요",
          "summary": "나는 독일어 번역을 한다. 나는 시를 좋아한다.",
          "date": "2022-10-27",
          "time": "16:43:40",
          "terminate": "false"
        },
        {
          "speaker": "speaker2",
          "personaID": "30842",
          "participantID": "3883",
          "utterance": "독일어라니 더 멋져요. 저는 여행을 좋아해서 외국어를 잘했으면 좋겠다는 생각이 항상 들거든요. 저는 체험여행을 좋아해서 현지 분들과 말이 통하면 훨씬 좋거든요.",
          "summary": "나는 체험여행을 좋아해서 현지인과 말이 통하면 좋다",
          "date": "2022-10-27",
          "time": "16:45:26",
          "terminate": "false"
        },
        {
          "speaker": "speaker1",
          "personaID": "41444",
          "participantID": "3589",
          "utterance": "아 그러시군요. 저는 컨트리음악을 싫어해요.@이름@ 님은 어떤걸 싫어하세요",
          "summary": "나는 컨트리음악을 싫어한다.",
          "date": "2022-10-27",
          "time": "16:46:37",
          "terminate": "false"
        },
        {
          "speaker": "speaker2",
          "personaID": "30842",
          "participantID": "3883",
          "utterance": "딱히 싫어하는게 안 떠오르네요. 먹는 것도 딱히 안 가려서요. 먹는건 치킨을 좋아합니다.",
          "summary": "나는 치킨을 좋아한다",
          "date": "2022-10-27",
          "time": "16:48:52",
          "terminate": "false"
        },
        {
          "speaker": "speaker1",
          "personaID": "41444",
          "participantID": "3589",
          "utterance": "치킨 좋지요. 일 끝나고 치킨에 맥주면 하루피로가 풀려요",
          "summary": "",
          "date": "2022-10-27",
          "time": "17:02:56",
          "terminate": "false"
        },
        {
          "speaker": "speaker2",
          "personaID": "30842",
          "participantID": "3883",
          "utterance": "맞아요. 차가운 맥주 한 잔 따라 마시는 게 낙이에요.",
          "summary": "나는 차가운 맥주 한잔 마시는 게 낙이다",
          "date": "2022-10-27",
          "time": "18:06:21",
          "terminate": "false"
        },
        {
          "speaker": "speaker1",
          "personaID": "41444",
          "participantID": "3589",
          "utterance": "그죠. 그래서 항상 집 냉장고에 맥주를 가득 채워놔요. 시원하게 해서 마셔야 좋거든요",
          "summary": "나는 항상 집 냉장고에 맥주를 채워놓는다.",
          "date": "2022-10-27",
          "time": "18:19:05",
          "terminate": "false"
        },
        {
          "speaker": "speaker2",
          "personaID": "30842",
          "participantID": "3883",
          "utterance": "맞아요. 저도 한 때 맥주잔을 냉동고에 얼려놓고 따라마시곤 했었어요. 요즘은 귀찮아서 그냥 따마시지만요.",
          "summary": "나는 한때 맥주잔을 냉동고에 얼려놓고 마셨다",
          "date": "2022-10-27",
          "time": "18:19:46",
          "terminate": "false"
        },
        {
          "speaker": "speaker1",
          "personaID": "41444",
          "participantID": "3589",
          "utterance": "저도 캔맥주를 선호해요. 잔에따라 마시면 설거지 해야하는데 캔은 그냥 버리면 되서 편해요",
          "summary": "나는 캔맥주를 선호한다.",
          "date": "2022-10-27",
          "time": "18:20:46",
          "terminate": "false"
        },
        {
          "speaker": "speaker2",
          "personaID": "30842",
          "participantID": "3883",
          "utterance": "그렇죠. 저 근데 근무 들어갈 시간이라 가봐야 할 것 같아요. 다음에 또 이야기 해요!",
          "summary": "나는 근무 들어가야 한다",
          "date": "2022-10-27",
          "time": "18:21:40",
          "terminate": "true"
        }
      ],
      "sessionPersonaSummary": {
        "speaker1": [
          "나는 40대 여성이다.",
          "나는 번역가이다.",
          "나는 독일어 번역을 한다. 나는 시를 좋아한다.",
          "나는 컨트리음악을 싫어한다.",
          "나는 항상 집 냉장고에 맥주를 채워놓는다.",
          "나는 캔맥주를 선호한다."
        ],
        "speaker2": [
          "나는 30대 남성이다",
          "나는 항공기 정비원이다",
          "나는 체험여행을 좋아해서 현지인과 말이 통하면 좋다",
          "나는 치킨을 좋아한다",
          "나는 차가운 맥주 한잔 마시는 게 낙이다",
          "나는 한때 맥주잔을 냉동고에 얼려놓고 마셨다",
          "나는 근무 들어가야 한다"
        ]
      },
      "prevAggregatedpersonaSummary": {
        "speaker1": [],
        "speaker2": []
      }
    },
    {
      "prevSessionID": "2-00260-1",
      "prevTimeInfo": {
        "timeNum": "19",
        "timeUnit": "시간"
      },
      "nthSession": "2",
      "numberOfUtterances": "14",
      "numberOfTurns": "7",
      "sessionID": "2-00260-2",
      "dialog": [
        {
          "speaker": "speaker1",
          "personaID": "41444",
          "participantID": "3589",
          "utterance": "안녕하세요 19시간만이네요. 근무는 끝나셨어요?",
          "summary": "나는 상대와 대화한 지 19시간이 지났다.",
          "date": "2022-10-27",
          "time": "18:24:38",
          "terminate": "false"
        },
        {
          "speaker": "speaker2",
          "personaID": "30842",
          "participantID": "3883",
          "utterance": "예 끝났습니다. 쉬고 있으니 시간이 금방 가네요.",
          "summary": "",
          "date": "2022-10-27",
          "time": "18:26:29",
          "terminate": "false"
        },
        {
          "speaker": "speaker1",
          "personaID": "41444",
          "participantID": "3589",
          "utterance": "저는 얼마전에 산 옷 환불하러 다녀오는데 환불을 못해준다고 해서 화가나요",
          "summary": "나는 얼마 전에 산 옷의 환불을 거절당해 화가 난다.",
          "date": "2022-10-27",
          "time": "18:31:06",
          "terminate": "false"
        },
        {
          "speaker": "speaker2",
          "personaID": "30842",
          "participantID": "3883",
          "utterance": "이런. 7일 내에는 환불이 가능하지 않나요?",
          "summary": "",
          "date": "2022-10-27",
          "time": "18:31:39",
          "terminate": "false"
        },
        {
          "speaker": "speaker1",
          "personaID": "41444",
          "participantID": "3589",
          "utterance": "그렇고 알고 있는데 교환만 가능하고 환불은 금액권으로만 해준다며 막무가내이더라구요  개인 옷가게는 이런경우가 많은가봐요",
          "summary": "나는 개인 옷가게는 환불을 거절하는 경우가 많다고 생각한다.",
          "date": "2022-10-27",
          "time": "18:33:25",
          "terminate": "false"
        },
        {
          "speaker": "speaker2",
          "personaID": "30842",
          "participantID": "3883",
          "utterance": "그렇죠. 그래서 자꾸 대기업을 이용하게 되는 것 같아요. 아니면 입어보고 온라인으로 구매하는 일도 많고요. 아무튼 속상하시겠어요.",
          "summary": "나는 쇼핑 시 대기업을 이용하거나 입어보고 구매한다.",
          "date": "2022-10-27",
          "time": "18:34:34",
          "terminate": "false"
        },
        {
          "speaker": "speaker1",
          "personaID": "41444",
          "participantID": "3589",
          "utterance": "맞아요. 요샌 인터넷에서도 교환반품 무료인곳도 있는데 자기들 맘대로 하니 화가나네요. 소비자 보호원에 접수를 하려구요",
          "summary": "나는 소비자보호원에 접수를 할 예정이다.",
          "date": "2022-10-27",
          "time": "18:35:47",
          "terminate": "false"
        },
        {
          "speaker": "speaker2",
          "personaID": "30842",
          "participantID": "3883",
          "utterance": "멋지네요. 저는 귀찮아서 그냥 속상하고 말곤 해요. 꼭 환불 받으셨으면 좋겠어요.",
          "summary": "나는 환불이 귀찮아서 그냥 속상하고 만다.",
          "date": "2022-10-27",
          "time": "18:36:49",
          "terminate": "false"
        },
        {
          "speaker": "speaker1",
          "personaID": "41444",
          "participantID": "3589",
          "utterance": "네네 소액이라 그냥 넘어갈까 싶었는데, 그냥 두면 이런 악습관이 계속될거같더라구요",
          "summary": "나는 이런 상황을 방치하면 악습이 계속될 것이라고 생각해서 그냥 넘어가지 않을 것이다.",
          "date": "2022-10-28",
          "time": "12:32:53",
          "terminate": "false"
        },
        {
          "speaker": "speaker2",
          "personaID": "30842",
          "participantID": "3883",
          "utterance": "그렇죠. 뭔가 괘씸한 마음에 더 악착같이 받아내고 싶을 때가 있죠.",
          "summary": "",
          "date": "2022-10-31",
          "time": "21:19:44",
          "terminate": "false"
        },
        {
          "speaker": "speaker1",
          "personaID": "41444",
          "participantID": "3589",
          "utterance": "맞아요. 교환환불관련규정이 있음에도 자기맘대로 장사하는곳이 많은것 같아요",
          "summary": "나는 교환 환불 관련 규정을 어기는 곳이 많다고 생각한다.",
          "date": "2022-11-01",
          "time": "13:20:26",
          "terminate": "false"
        },
        {
          "speaker": "speaker2",
          "personaID": "30842",
          "participantID": "3883",
          "utterance": "그러게 말이에요. 아직도 카드 안 받는 곳도 종종 보이고요.",
          "summary": "",
          "date": "2022-11-01",
          "time": "14:27:57",
          "terminate": "false"
        },
        {
          "speaker": "speaker1",
          "personaID": "41444",
          "participantID": "3589",
          "utterance": "이런 불합리한 상거래 문화가 빨리 개선되면 좋겠어요",
          "summary": "나는 불합리한 상거래 문화가 개선되면 좋겠다.",
          "date": "2022-11-01",
          "time": "14:57:19",
          "terminate": "false"
        },
        {
          "speaker": "speaker2",
          "personaID": "30842",
          "participantID": "3883",
          "utterance": "정말 공감해요. 저는 이만 근무 들어가봐야겠네요. 다음에 또 뵈어요.",
          "summary": "나는 이만 근무 들어간다.",
          "date": "2022-11-02",
          "time": "12:50:39",
          "terminate": "true"
        }
      ],
      "sessionPersonaSummary": {
        "speaker1": [
          "나는 상대와 대화한 지 19시간이 지났다.",
          "나는 얼마 전에 산 옷의 환불을 거절당해 화가 난다.",
          "나는 개인 옷가게는 환불을 거절하는 경우가 많다고 생각한다.",
          "나는 소비자보호원에 접수를 할 예정이다.",
          "나는 이런 상황을 방치하면 악습이 계속될 것이라고 생각해서 그냥 넘어가지 않을 것이다.",
          "나는 교환 환불 관련 규정을 어기는 곳이 많다고 생각한다.",
          "나는 불합리한 상거래 문화가 개선되면 좋겠다."
        ],
        "speaker2": [
          "나는 쇼핑 시 대기업을 이용하거나 입어보고 구매한다.",
          "나는 환불이 귀찮아서 그냥 속상하고 만다.",
          "나는 이만 근무 들어간다."
        ]
      },
      "prevAggregatedpersonaSummary": {
        "speaker1": [
          "나는 40대 여성이다.",
          "나는 번역가이다.",
          "나는 독일어 번역을 한다. 나는 시를 좋아한다.",
          "나는 컨트리음악을 싫어한다.",
          "나는 항상 집 냉장고에 맥주를 채워놓는다.",
          "나는 캔맥주를 선호한다."
        ],
        "speaker2": [
          "나는 30대 남성이다",
          "나는 항공기 정비원이다",
          "나는 체험여행을 좋아해서 현지인과 말이 통하면 좋다",
          "나는 치킨을 좋아한다",
          "나는 차가운 맥주 한잔 마시는 게 낙이다",
          "나는 한때 맥주잔을 냉동고에 얼려놓고 마셨다",
          "나는 근무 들어가야 한다"
        ]
      }
    }
  ]
}