{
  "FileInfo": {
    "filename": "K2-00403-CL02147-CP02488-12-13-S2.json",
    "sessionLevel": "2"
  },
  "participantsInfo": {
    "numberOfParticipants": "2",
    "speaker1": {
      "participantID": "0041",
      "gender": "남성",
      "age": "30대",
      "occupation": "기타",
      "bPlace": "서울/경기/인천",
      "gPlace": "서울/경기/인천",
      "rPlace": "서울/경기/인천",
      "educationLevel": "대졸"
    },
    "speaker2": {
      "participantID": "0079",
      "gender": "남성",
      "age": "20대",
      "occupation": "서비스직",
      "bPlace": "서울/경기/인천",
      "gPlace": "서울/경기/인천",
      "rPlace": "서울/경기/인천",
      "educationLevel": "고졸"
    }
  },
  "multisessionInfo": {
    "multisessionID": "2-00403"
  },
  "personaInfo": {
    "clInfo": {
      "personaID": "02147",
      "personaFeatures": [
        "나는 남자이다.",
        "나는 30대이다.",
        "나는 종교가 없다.",
        "나는 로큰롤 음악을 가끔 듣는다.",
        "나는 동화책을 싫어한다."
      ],
      "speakerType": "speaker1"
    },
    "cpInfo": {
      "personaID": "02488",
      "personaFeatures": [
        "나는 남자이다.",
        "나는 30대이다.",
        "나의 여자 형제는 간호사이다.",
        "나는 첼로를 배우고 있다.",
        "나는 걷기를 싫어한다."
      ],
      "speakerType": "speaker2"
    }
  },
  "topicInfo": {
    "topicID": "12-13",
    "topicType": "여가와 오락>여행",
    "topicTitle": "놀이공원"
  },
  "sessionInfo": [
    {
      "prevSessionID": null,
      "prevTimeInfo": {
        "timeNum": null,
        "timeUnit": null
      },
      "nthSession": "1",
      "numberOfUtterances": "16",
      "numberOfTurns": "8",
      "sessionID": "2-00403-1",
      "dialog": [
        {
          "speaker": "speaker1",
          "personaID": "02147",
          "participantID": "0041",
          "utterance": "안녕하세요 30대 남자입니다.",
          "summary": "나는 30대 남자이다.",
          "date": "2022-08-08",
          "time": "14:40:24",
          "terminate": "false"
        },
        {
          "speaker": "speaker2",
          "personaID": "02488",
          "participantID": "0079",
          "utterance": "저도 30대남자에요 반갑습니다.",
          "summary": "나는 30대 남자이다.",
          "date": "2022-08-08",
          "time": "14:40:30",
          "terminate": "false"
        },
        {
          "speaker": "speaker1",
          "personaID": "02147",
          "participantID": "0041",
          "utterance": "이번에 여자친구랑 @브랜드명1@ 갔다왔어요~~~",
          "summary": "",
          "date": "2022-08-08",
          "time": "14:40:54",
          "terminate": "false"
        },
        {
          "speaker": "speaker2",
          "personaID": "02488",
          "participantID": "0079",
          "utterance": "헉 부럽습니다. 저는 언제 여친을 사귈지....",
          "summary": "",
          "date": "2022-08-08",
          "time": "14:41:04",
          "terminate": "false"
        },
        {
          "speaker": "speaker1",
          "personaID": "02147",
          "participantID": "0041",
          "utterance": "으허헣. 제가 얼마나 재밌었는지 이야기해도 될까요?",
          "summary": "",
          "date": "2022-08-08",
          "time": "14:41:27",
          "terminate": "false"
        },
        {
          "speaker": "speaker2",
          "personaID": "02488",
          "participantID": "0079",
          "utterance": "하하 염장질은 적당히 하세요. 저는 이나이되도록 여친이 없답니다.",
          "summary": "나는 여자 친구가 없다.",
          "date": "2022-08-08",
          "time": "14:42:13",
          "terminate": "false"
        },
        {
          "speaker": "speaker1",
          "personaID": "02147",
          "participantID": "0041",
          "utterance": "아니 여자친구가 없다니 그거 참 불쌍한 삶을 살고 계시는군요. 그럼 뭘 하시나요?",
          "summary": "",
          "date": "2022-08-08",
          "time": "14:42:45",
          "terminate": "false"
        },
        {
          "speaker": "speaker2",
          "personaID": "02488",
          "participantID": "0079",
          "utterance": "저는 첼로를 배우고 있어요. 그래도 괜찮아요 저는 여동생이 있거든요.",
          "summary": "나는 첼로를 배우고 있다.",
          "date": "2022-08-08",
          "time": "14:43:01",
          "terminate": "false"
        },
        {
          "speaker": "speaker1",
          "personaID": "02147",
          "participantID": "0041",
          "utterance": "여동생이랑 데이트 하시나요? @브랜드명1@로?",
          "summary": "",
          "date": "2022-08-08",
          "time": "14:43:22",
          "terminate": "false"
        },
        {
          "speaker": "speaker2",
          "personaID": "02488",
          "participantID": "0079",
          "utterance": "아뇨 저는 걷는건 싫어하거든요. 집근처 책방으로 가요.",
          "summary": "나는 걷는 걸 싫어한다.",
          "date": "2022-08-08",
          "time": "14:43:39",
          "terminate": "false"
        },
        {
          "speaker": "speaker1",
          "personaID": "02147",
          "participantID": "0041",
          "utterance": "책방이요? 으으 저는 동화책이 싫어요. 그런것보다 로큰록 음악이 좋아요.",
          "summary": "나는 동화책을 싫어한다. 나는 로큰롤 음악이 좋다.",
          "date": "2022-08-08",
          "time": "14:44:13",
          "terminate": "false"
        },
        {
          "speaker": "speaker2",
          "personaID": "02488",
          "participantID": "0079",
          "utterance": "누가 동화책 읽으려고 책방 간답니까. 여동생이 간호사인데 관련 자료 찾는거에요.",
          "summary": "내 여동생은 간호사이다.",
          "date": "2022-08-08",
          "time": "14:44:48",
          "terminate": "false"
        },
        {
          "speaker": "speaker1",
          "personaID": "02147",
          "participantID": "0041",
          "utterance": "아하 그러셨군요. 그럼 이제 제가 얼마나 재밌게 놀았는지 이야기해볼까요?",
          "summary": "",
          "date": "2022-08-08",
          "time": "14:45:12",
          "terminate": "false"
        },
        {
          "speaker": "speaker2",
          "personaID": "02488",
          "participantID": "0079",
          "utterance": "꼭 말하고 싶으신것 같군요.",
          "summary": "",
          "date": "2022-08-08",
          "time": "14:45:19",
          "terminate": "false"
        },
        {
          "speaker": "speaker1",
          "personaID": "02147",
          "participantID": "0041",
          "utterance": "네 맞아요. 제가 @브랜드명2@에 갔는데 여자친구랑 함께였어요. 정말 즐거웠어요.",
          "summary": "",
          "date": "2022-08-08",
          "time": "14:45:46",
          "terminate": "false"
        },
        {
          "speaker": "speaker2",
          "personaID": "02488",
          "participantID": "0079",
          "utterance": "정말 퍽이나 즐거우셨겠어요. 저 응가좀 하고 올테니 기다리세요.",
          "summary": "",
          "date": "2022-08-08",
          "time": "14:46:01",
          "terminate": "true"
        }
      ],
      "sessionPersonaSummary": {
        "speaker1": [
          "나는 30대 남자이다.",
          "나는 동화책을 싫어한다. 나는 로큰롤 음악이 좋다."
        ],
        "speaker2": [
          "나는 30대 남자이다.",
          "나는 여자 친구가 없다.",
          "나는 첼로를 배우고 있다.",
          "나는 걷는 걸 싫어한다.",
          "내 여동생은 간호사이다."
        ]
      },
      "prevAggregatedpersonaSummary": {
        "speaker1": [],
        "speaker2": []
      }
    },
    {
      "prevSessionID": "2-00403-1",
      "prevTimeInfo": {
        "timeNum": "1",
        "timeUnit": "시간"
      },
      "nthSession": "2",
      "numberOfUtterances": "16",
      "numberOfTurns": "8",
      "sessionID": "2-00403-2",
      "dialog": [
        {
          "speaker": "speaker1",
          "personaID": "02147",
          "participantID": "0041",
          "utterance": "응가를 1시간이나 싸는걸 보니 배가 많이 아프셨나봐요.",
          "summary": "",
          "date": "2022-08-08",
          "time": "14:46:14",
          "terminate": "false"
        },
        {
          "speaker": "speaker2",
          "personaID": "02488",
          "participantID": "0079",
          "utterance": "제가 변비에 걸려서 말이죠. 어쩌면 이상한소리를 너무 들어서 그런가봐요.",
          "summary": "나는 변비에 걸렸다.",
          "date": "2022-08-08",
          "time": "14:46:29",
          "terminate": "false"
        },
        {
          "speaker": "speaker1",
          "personaID": "02147",
          "participantID": "0041",
          "utterance": "분명 많이 안 걸으시는게 원인인거 같아요. 건강에 안 좋거든요.",
          "summary": "",
          "date": "2022-08-08",
          "time": "14:46:46",
          "terminate": "false"
        },
        {
          "speaker": "speaker2",
          "personaID": "02488",
          "participantID": "0079",
          "utterance": "그럼 @브랜드명1@가서 많이 걸으신 이야기를 마저 해 주세요.",
          "summary": "",
          "date": "2022-08-08",
          "time": "14:46:58",
          "terminate": "false"
        },
        {
          "speaker": "speaker1",
          "personaID": "02147",
          "participantID": "0041",
          "utterance": "네그럴게요. 제가 로큰롤을 좋아하지만 가끔 듣거든요. 그날은 안 듣는 날이었어요.",
          "summary": "나는 로큰롤 음악을 가끔 듣는다.",
          "date": "2022-08-08",
          "time": "14:47:21",
          "terminate": "false"
        },
        {
          "speaker": "speaker2",
          "personaID": "02488",
          "participantID": "0079",
          "utterance": "정말 세부적인 내용까지 말씀하셔서 현장감이 여기까지 전해지고 있어요.",
          "summary": "",
          "date": "2022-08-08",
          "time": "14:47:40",
          "terminate": "false"
        },
        {
          "speaker": "speaker1",
          "personaID": "02147",
          "participantID": "0041",
          "utterance": "다음으로 제 여자친구가 얼마나 귀여운지 말씀드리고 싶어요.",
          "summary": "",
          "date": "2022-08-08",
          "time": "14:47:55",
          "terminate": "false"
        },
        {
          "speaker": "speaker2",
          "personaID": "02488",
          "participantID": "0079",
          "utterance": "그것보단 놀이공원에 대한 이야기를 하시는게 어떨까요?",
          "summary": "",
          "date": "2022-08-08",
          "time": "14:48:07",
          "terminate": "false"
        },
        {
          "speaker": "speaker1",
          "personaID": "02147",
          "participantID": "0041",
          "utterance": "알았어요. 저는 제트 코스터를 타고 그뒤엔 솜사탕을 먹었어요.",
          "summary": "",
          "date": "2022-08-08",
          "time": "14:48:20",
          "terminate": "false"
        },
        {
          "speaker": "speaker2",
          "personaID": "02488",
          "participantID": "0079",
          "utterance": "토하지 않은것만으로 기적이군요.",
          "summary": "",
          "date": "2022-08-08",
          "time": "14:48:28",
          "terminate": "false"
        },
        {
          "speaker": "speaker1",
          "personaID": "02147",
          "participantID": "0041",
          "utterance": "사실 바지에 토했어요. 그리고 유령의 집에가서 비명을 질렀죠.",
          "summary": "",
          "date": "2022-08-08",
          "time": "14:48:46",
          "terminate": "false"
        },
        {
          "speaker": "speaker2",
          "personaID": "02488",
          "participantID": "0079",
          "utterance": "데이트의 정석이라고 할수있네요.",
          "summary": "",
          "date": "2022-08-08",
          "time": "14:49:06",
          "terminate": "false"
        },
        {
          "speaker": "speaker1",
          "personaID": "02147",
          "participantID": "0041",
          "utterance": "마지막으로는 저녁노을을 보며 관람차에 탓습니다. 관람차가 가장 높은곳에 올랏을때 보는 경치는 환상적이더군요.",
          "summary": "",
          "date": "2022-08-08",
          "time": "14:49:33",
          "terminate": "false"
        },
        {
          "speaker": "speaker2",
          "personaID": "02488",
          "participantID": "0079",
          "utterance": "저도 그런 청춘을 보냈으면 했는데 참 부럽습니다.",
          "summary": "",
          "date": "2022-08-08",
          "time": "14:49:46",
          "terminate": "false"
        },
        {
          "speaker": "speaker1",
          "personaID": "02147",
          "participantID": "0041",
          "utterance": "이렇게 제 파란만장한 데이트는 끝이 났습니다.",
          "summary": "",
          "date": "2022-08-08",
          "time": "14:50:02",
          "terminate": "false"
        },
        {
          "speaker": "speaker2",
          "personaID": "02488",
          "participantID": "0079",
          "utterance": "우리의 황당무계한 이야기도 끝이 날 시간이에요.",
          "summary": "",
          "date": "2022-08-08",
          "time": "14:50:12",
          "terminate": "true"
        }
      ],
      "sessionPersonaSummary": {
        "speaker1": [
          "나는 로큰롤 음악을 가끔 듣는다."
        ],
        "speaker2": [
          "나는 변비에 걸렸다."
        ]
      },
      "prevAggregatedpersonaSummary": {
        "speaker1": [
          "나는 30대 남자이다.",
          "나는 동화책을 싫어한다. 나는 로큰롤 음악이 좋다."
        ],
        "speaker2": [
          "나는 30대 남자이다.",
          "나는 여자 친구가 없다.",
          "나는 첼로를 배우고 있다.",
          "나는 걷는 걸 싫어한다.",
          "내 여동생은 간호사이다."
        ]
      }
    }
  ]
}