{
  "FileInfo": {
    "filename": "K2-00249-CL33586-CP23757-14-04-S2.json",
    "sessionLevel": "2"
  },
  "participantsInfo": {
    "numberOfParticipants": "2",
    "speaker1": {
      "participantID": "1016",
      "gender": "여성",
      "age": "30대",
      "occupation": "서비스직",
      "bPlace": "서울/경기/인천",
      "gPlace": "서울/경기/인천",
      "rPlace": "서울/경기/인천",
      "educationLevel": "고졸"
    },
    "speaker2": {
      "participantID": "1023",
      "gender": "남성",
      "age": "20대",
      "occupation": "학생",
      "bPlace": "부산/대구/울산/경상",
      "gPlace": "부산/대구/울산/경상",
      "rPlace": "부산/대구/울산/경상",
      "educationLevel": "대졸"
    }
  },
  "multisessionInfo": {
    "multisessionID": "2-00249"
  },
  "personaInfo": {
    "clInfo": {
      "personaID": "33586",
      "personaFeatures": [
        "나는 여자이다.",
        "나는 30대이다.",
        "나는 새벽에 산책한다.",
        "나는 야구 선수이다.",
        "나는 축구를 자주 한다.",
        "나는 단감을 안 먹는다."
      ],
      "speakerType": "speaker1"
    },
    "cpInfo": {
      "personaID": "23757",
      "personaFeatures": [
        "나는 남자이다.",
        "나는 20대이다.",
        "나는 요즘, 자주 슬프다.",
        "나는 수화 통역가이다.",
        "나는 뮤지컬 영화를 싫어한다.",
        "나는 맥주를 싫어한다."
      ],
      "speakerType": "speaker2"
    }
  },
  "topicInfo": {
    "topicID": "14-04",
    "topicType": "시사/사회>사회이슈(국내)",
    "topicTitle": "법과 제도"
  },
  "sessionInfo": [
    {
      "prevSessionID": null,
      "prevTimeInfo": {
        "timeNum": null,
        "timeUnit": null
      },
      "nthSession": "1",
      "numberOfUtterances": "18",
      "numberOfTurns": "9",
      "sessionID": "2-00249-1",
      "dialog": [
        {
          "speaker": "speaker1",
          "personaID": "33586",
          "participantID": "1016",
          "utterance": "안녕하세요~ 저는 30대 여자입니다. 소개 부탁드릴게요~",
          "summary": "나는 30대 여자이다.",
          "date": "2022-10-27",
          "time": "12:41:49",
          "terminate": "false"
        },
        {
          "speaker": "speaker2",
          "personaID": "23757",
          "participantID": "1023",
          "utterance": "만나서 반갑습니다. 저는 20대이고 남자입니다.",
          "summary": "나는 20대 남자이다.",
          "date": "2022-10-27",
          "time": "12:42:36",
          "terminate": "false"
        },
        {
          "speaker": "speaker1",
          "personaID": "33586",
          "participantID": "1016",
          "utterance": "저는 야구선수인데 하시는 일 있으신가요?",
          "summary": "나는 야구 선수이다.",
          "date": "2022-10-27",
          "time": "12:43:31",
          "terminate": "false"
        },
        {
          "speaker": "speaker2",
          "personaID": "23757",
          "participantID": "1023",
          "utterance": "저는 수화 통역가로 일하고 있어요. 프리랜서 입니다.",
          "summary": "나는 수화 통역가이다. 난 프리랜서이다.",
          "date": "2022-10-27",
          "time": "12:43:59",
          "terminate": "false"
        },
        {
          "speaker": "speaker1",
          "personaID": "33586",
          "participantID": "1016",
          "utterance": "그러시구나- 수화는 어떤 계기로 배우게 되셨어요?",
          "summary": "",
          "date": "2022-10-27",
          "time": "12:44:21",
          "terminate": "false"
        },
        {
          "speaker": "speaker2",
          "personaID": "23757",
          "participantID": "1023",
          "utterance": "학교 다닐 때 봉사활동 하면서 배우게 되었는데 관심이 생기더라구요.",
          "summary": "나는 학창 시절 봉사활동을 하며 수화를 배우게 되었다.",
          "date": "2022-10-27",
          "time": "12:44:41",
          "terminate": "false"
        },
        {
          "speaker": "speaker1",
          "personaID": "33586",
          "participantID": "1016",
          "utterance": "그렇군요. 저는 축구를 자주 하는데 운동은 좋아 하시나요?",
          "summary": "나는 축구를 자주 한다.",
          "date": "2022-10-27",
          "time": "12:45:05",
          "terminate": "false"
        },
        {
          "speaker": "speaker2",
          "personaID": "23757",
          "participantID": "1023",
          "utterance": "저는 요즘 자주 슬퍼서 운동을 하는 것도 좋을 것 같다고 생각은 하는데 하지는 않고있어요.",
          "summary": "나는 요즘, 자주 슬프다.",
          "date": "2022-10-27",
          "time": "12:45:43",
          "terminate": "false"
        },
        {
          "speaker": "speaker1",
          "personaID": "33586",
          "participantID": "1016",
          "utterance": "새벽 산책이라도 나가보시는 건 어때요? 저는 새벽 산책 하는데 너무 좋아요!",
          "summary": "나는 새벽에 산책한다.",
          "date": "2022-10-27",
          "time": "12:46:00",
          "terminate": "false"
        },
        {
          "speaker": "speaker2",
          "personaID": "23757",
          "participantID": "1023",
          "utterance": "산책도 좋겠네요. 내일 부터 산책을 해 봐야 겠어요.",
          "summary": "나는 내일부터 새벽 산책을 해 보려고 한다.",
          "date": "2022-10-27",
          "time": "12:46:31",
          "terminate": "false"
        },
        {
          "speaker": "speaker1",
          "personaID": "33586",
          "participantID": "1016",
          "utterance": "네! 꼭 해보세요~ 너무 좋더라구요. 취미는 없으세요?",
          "summary": "",
          "date": "2022-10-27",
          "time": "12:47:09",
          "terminate": "false"
        },
        {
          "speaker": "speaker2",
          "personaID": "23757",
          "participantID": "1023",
          "utterance": "영화를 보는 걸 좋아하는데 뮤지컬 영화는 싫어해서 그거 빼고 봐요.",
          "summary": "나는 영화 보는 걸 좋아한다. 나는 뮤지컬 영화를 싫어한다.",
          "date": "2022-10-27",
          "time": "12:47:26",
          "terminate": "false"
        },
        {
          "speaker": "speaker1",
          "personaID": "33586",
          "participantID": "1016",
          "utterance": "영화 좋아하시는구나- 가리는 음식은 있어요?",
          "summary": "",
          "date": "2022-10-27",
          "time": "12:49:11",
          "terminate": "false"
        },
        {
          "speaker": "speaker2",
          "personaID": "23757",
          "participantID": "1023",
          "utterance": "저는 맥주를 싫어해서 맥주를 안 먹어요.",
          "summary": "나는 맥주를 싫어한다.",
          "date": "2022-10-27",
          "time": "12:49:23",
          "terminate": "false"
        },
        {
          "speaker": "speaker1",
          "personaID": "33586",
          "participantID": "1016",
          "utterance": "저는 단감을 안 먹는데 과일은 좋아하세요?",
          "summary": "나는 단감을 안 먹는다.",
          "date": "2022-10-27",
          "time": "12:50:08",
          "terminate": "false"
        },
        {
          "speaker": "speaker2",
          "personaID": "23757",
          "participantID": "1023",
          "utterance": "네, 과일은 너무 좋아해서 식후에 후식으로 자주 먹어요.",
          "summary": "나는 식후에 후식으로 과일을 먹는다.",
          "date": "2022-10-27",
          "time": "12:55:15",
          "terminate": "false"
        },
        {
          "speaker": "speaker1",
          "personaID": "33586",
          "participantID": "1016",
          "utterance": "그렇군요. 밤이 많이 늦었어요~ 주무시고 다음에 또 대화해요.",
          "summary": "나는 잠을 자러 간다.",
          "date": "2022-10-27",
          "time": "12:57:15",
          "terminate": "false"
        },
        {
          "speaker": "speaker2",
          "personaID": "23757",
          "participantID": "1023",
          "utterance": "네, 안녕히 주무시고 다음에 또 대화하도록 해요~",
          "summary": "",
          "date": "2022-10-27",
          "time": "12:57:31",
          "terminate": "true"
        }
      ],
      "sessionPersonaSummary": {
        "speaker1": [
          "나는 30대 여자이다.",
          "나는 야구 선수이다.",
          "나는 축구를 자주 한다.",
          "나는 새벽에 산책한다.",
          "나는 단감을 안 먹는다.",
          "나는 잠을 자러 간다."
        ],
        "speaker2": [
          "나는 20대 남자이다.",
          "나는 수화 통역가이다. 난 프리랜서이다.",
          "나는 학창 시절 봉사활동을 하며 수화를 배우게 되었다.",
          "나는 요즘, 자주 슬프다.",
          "나는 내일부터 새벽 산책을 해 보려고 한다.",
          "나는 영화 보는 걸 좋아한다. 나는 뮤지컬 영화를 싫어한다.",
          "나는 맥주를 싫어한다.",
          "나는 식후에 후식으로 과일을 먹는다."
        ]
      },
      "prevAggregatedpersonaSummary": {
        "speaker1": [],
        "speaker2": []
      }
    },
    {
      "prevSessionID": "2-00249-1",
      "prevTimeInfo": {
        "timeNum": "2",
        "timeUnit": "주"
      },
      "nthSession": "2",
      "numberOfUtterances": "18",
      "numberOfTurns": "9",
      "sessionID": "2-00249-2",
      "dialog": [
        {
          "speaker": "speaker1",
          "personaID": "33586",
          "participantID": "1016",
          "utterance": "보름만에 연락하는 것 같네요, 그동안 잘 지내셨죠?",
          "summary": "",
          "date": "2022-10-27",
          "time": "12:58:19",
          "terminate": "false"
        },
        {
          "speaker": "speaker2",
          "personaID": "23757",
          "participantID": "1023",
          "utterance": "네, 잘 지냈습니다. 오늘은 수화 통역 업무가 있어서 잠시 후 나가봐야해요.",
          "summary": "나는 수화 통역 업무가 있다.",
          "date": "2022-10-27",
          "time": "13:23:51",
          "terminate": "false"
        },
        {
          "speaker": "speaker1",
          "personaID": "33586",
          "participantID": "1016",
          "utterance": "그러시군요. 저도 오늘 야구 훈련이 있어요. 오늘은 무슨 통역을 하시나요?",
          "summary": "나는 야구 훈련이 있다.",
          "date": "2022-10-27",
          "time": "13:24:48",
          "terminate": "false"
        },
        {
          "speaker": "speaker2",
          "personaID": "23757",
          "participantID": "1023",
          "utterance": "오늘은 법원에 가서 재판에 수화를 해야해요.",
          "summary": "나는 법원에 재판을 수화하러 간다.",
          "date": "2022-10-27",
          "time": "13:25:32",
          "terminate": "false"
        },
        {
          "speaker": "speaker1",
          "personaID": "33586",
          "participantID": "1016",
          "utterance": "그렇구나- 어떤 재판이길래 수화까지 하시나요?",
          "summary": "",
          "date": "2022-10-27",
          "time": "13:25:49",
          "terminate": "false"
        },
        {
          "speaker": "speaker2",
          "personaID": "23757",
          "participantID": "1023",
          "utterance": "청소년 범죄 관련 재판인데 피해자가 청각 장애가 있어서요.",
          "summary": "나는 청소년 범죄 관련 재판을 통역한다.",
          "date": "2022-10-27",
          "time": "13:27:36",
          "terminate": "false"
        },
        {
          "speaker": "speaker1",
          "personaID": "33586",
          "participantID": "1016",
          "utterance": "아- 요즘 청소년 범죄 정말 심각하다고 하던데, 장애가 있는 아이에게 너무했네요!! 형량이 좀 올라가야 하지 않아요?",
          "summary": "나는 청소년 범죄가 심각하다고 생각한다.",
          "date": "2022-10-27",
          "time": "13:28:27",
          "terminate": "false"
        },
        {
          "speaker": "speaker2",
          "personaID": "23757",
          "participantID": "1023",
          "utterance": "네, 맞아요. 요즘 청소년 범죄가 심각하더라구요. 연령 하향을 한다고 해요.",
          "summary": "나는 청소년 범죄 연령을 하향한다고 들었다.",
          "date": "2022-10-27",
          "time": "13:29:26",
          "terminate": "false"
        },
        {
          "speaker": "speaker1",
          "personaID": "33586",
          "participantID": "1016",
          "utterance": "아- 처벌 가능한 나이가 좀 내려간다고 하던가요? 다행이네요!",
          "summary": "",
          "date": "2022-10-27",
          "time": "13:29:50",
          "terminate": "false"
        },
        {
          "speaker": "speaker2",
          "personaID": "23757",
          "participantID": "1023",
          "utterance": "네, 최근에 만 14세 남자아이가 편의점 점주랑 직원 폭행도 했잖아요.",
          "summary": "나는 최근 만 14세 남자의 범죄사건을 알고 있다.",
          "date": "2022-10-27",
          "time": "13:30:57",
          "terminate": "false"
        },
        {
          "speaker": "speaker1",
          "personaID": "33586",
          "participantID": "1016",
          "utterance": "어머, 진짜요? 그래서 어떻게 되었다고 하던가요?",
          "summary": "",
          "date": "2022-10-27",
          "time": "13:31:29",
          "terminate": "false"
        },
        {
          "speaker": "speaker2",
          "personaID": "23757",
          "participantID": "1023",
          "utterance": "처음엔 촉법소년이라고 경찰이 갔다가 재 신고해서 잡아갔다고 하더라구요.",
          "summary": "나는 경찰이 첫 신고에 대응을 하지 않았다고 알고 있다.",
          "date": "2022-10-27",
          "time": "13:32:01",
          "terminate": "false"
        },
        {
          "speaker": "speaker1",
          "personaID": "33586",
          "participantID": "1016",
          "utterance": "헐, 만 14세면 촉법소년 아니지 않나요? 14세 부터 아니에요?",
          "summary": "나는 현재 촉법소년 나이가 14세라고 알고 있다.",
          "date": "2022-10-27",
          "time": "13:32:43",
          "terminate": "false"
        },
        {
          "speaker": "speaker2",
          "personaID": "23757",
          "participantID": "1023",
          "utterance": "그렇죠. 확인도 안하고 그냥 훈방조치 했다더라구요.",
          "summary": "",
          "date": "2022-10-27",
          "time": "13:33:04",
          "terminate": "false"
        },
        {
          "speaker": "speaker1",
          "personaID": "33586",
          "participantID": "1016",
          "utterance": "대박이네요. 법이나 제도도 중요하지만, 그걸 제대로 이행되는 것도 중요한 것 같은데, 그렇지 않아요?",
          "summary": "나는 법과 제도도 중요하지만 이행이 되는 것이 먼저라고 생각한다.",
          "date": "2022-10-27",
          "time": "13:34:36",
          "terminate": "false"
        },
        {
          "speaker": "speaker2",
          "personaID": "23757",
          "participantID": "1023",
          "utterance": "그렇죠. 만들어 놓은 거나 잘 지켜졌으면 좋겠어요.",
          "summary": "",
          "date": "2022-10-27",
          "time": "13:38:32",
          "terminate": "false"
        },
        {
          "speaker": "speaker1",
          "personaID": "33586",
          "participantID": "1016",
          "utterance": "그러니까요, 재판 가셔야해서 바쁘시겠어요. 빨리 다녀오세요^^",
          "summary": "",
          "date": "2022-10-27",
          "time": "13:39:01",
          "terminate": "false"
        },
        {
          "speaker": "speaker2",
          "personaID": "23757",
          "participantID": "1023",
          "utterance": "네, 재판 잘 다녀오겠습니다. 훈련 열심히 하고 오세요!",
          "summary": "",
          "date": "2022-10-27",
          "time": "13:39:14",
          "terminate": "true"
        }
      ],
      "sessionPersonaSummary": {
        "speaker1": [
          "나는 야구 훈련이 있다.",
          "나는 청소년 범죄가 심각하다고 생각한다.",
          "나는 현재 촉법소년 나이가 14세라고 알고 있다.",
          "나는 법과 제도도 중요하지만 이행이 되는 것이 먼저라고 생각한다."
        ],
        "speaker2": [
          "나는 수화 통역 업무가 있다.",
          "나는 법원에 재판을 수화하러 간다.",
          "나는 청소년 범죄 관련 재판을 통역한다.",
          "나는 청소년 범죄 연령을 하향한다고 들었다.",
          "나는 최근 만 14세 남자의 범죄사건을 알고 있다.",
          "나는 경찰이 첫 신고에 대응을 하지 않았다고 알고 있다."
        ]
      },
      "prevAggregatedpersonaSummary": {
        "speaker1": [
          "나는 30대 여자이다.",
          "나는 야구 선수이다.",
          "나는 축구를 자주 한다.",
          "나는 새벽에 산책한다.",
          "나는 단감을 안 먹는다.",
          "나는 잠을 자러 간다."
        ],
        "speaker2": [
          "나는 20대 남자이다.",
          "나는 수화 통역가이다. 난 프리랜서이다.",
          "나는 학창 시절 봉사활동을 하며 수화를 배우게 되었다.",
          "나는 요즘, 자주 슬프다.",
          "나는 내일부터 새벽 산책을 해 보려고 한다.",
          "나는 영화 보는 걸 좋아한다. 나는 뮤지컬 영화를 싫어한다.",
          "나는 맥주를 싫어한다.",
          "나는 식후에 후식으로 과일을 먹는다."
        ]
      }
    }
  ]
}