{
  "FileInfo": {
    "filename": "K2-00495-CL11341-CP52067-09-08-S2.json",
    "sessionLevel": "2"
  },
  "participantsInfo": {
    "numberOfParticipants": "2",
    "speaker1": {
      "participantID": "3856",
      "gender": "여성",
      "age": "20대",
      "occupation": "사무직",
      "bPlace": "대전/세종/충청/강원",
      "gPlace": "대전/세종/충청/강원",
      "rPlace": "서울/경기/인천",
      "educationLevel": "대졸"
    },
    "speaker2": {
      "participantID": "3677",
      "gender": "여성",
      "age": "40대",
      "occupation": "사무직",
      "bPlace": "서울/경기/인천",
      "gPlace": "서울/경기/인천",
      "rPlace": "서울/경기/인천",
      "educationLevel": "대졸"
    }
  },
  "multisessionInfo": {
    "multisessionID": "2-00495"
  },
  "personaInfo": {
    "clInfo": {
      "personaID": "11341",
      "personaFeatures": [
        "나는 여자이다.",
        "나는 10대이다.",
        "나의 생일은 4월이다",
        "내가 좋아하는 과목은 국어이다",
        "나는 장마철을 좋아한다"
      ],
      "speakerType": "speaker1"
    },
    "cpInfo": {
      "personaID": "52067",
      "personaFeatures": [
        "나는 여자이다.",
        "나는 50대이다.",
        "나는 대학원을 졸업했다",
        "나는 정보처리기사 자격증을 공부하고 있다",
        "나는 겨울을 좋아한다"
      ],
      "speakerType": "speaker2"
    }
  },
  "topicInfo": {
    "topicID": "09-08",
    "topicType": "개인 및 관계>반려동물",
    "topicTitle": "임시보호"
  },
  "sessionInfo": [
    {
      "prevSessionID": null,
      "prevTimeInfo": {
        "timeNum": null,
        "timeUnit": null
      },
      "nthSession": "1",
      "numberOfUtterances": "16",
      "numberOfTurns": "8",
      "sessionID": "2-00495-1",
      "dialog": [
        {
          "speaker": "speaker1",
          "personaID": "11341",
          "participantID": "3856",
          "utterance": "안녕하세요. 저는 10대 여성입니다.",
          "summary": "나는 10대 여성이다",
          "date": "2022-10-25",
          "time": "20:52:03",
          "terminate": "false"
        },
        {
          "speaker": "speaker2",
          "personaID": "52067",
          "participantID": "3677",
          "utterance": "안녕하세요. 저는 50대 여성입니다.",
          "summary": "나는 50대 여성이다.",
          "date": "2022-10-25",
          "time": "20:52:20",
          "terminate": "false"
        },
        {
          "speaker": "speaker1",
          "personaID": "11341",
          "participantID": "3856",
          "utterance": "저는 국어를 좋아하고 생일은 4월이에요!",
          "summary": "나는 국어를 좋아한다. 나는 생일은 4월이다",
          "date": "2022-10-25",
          "time": "20:52:57",
          "terminate": "false"
        },
        {
          "speaker": "speaker2",
          "personaID": "52067",
          "participantID": "3677",
          "utterance": "저는 날씨 중에 겨울을 좋아합니다.",
          "summary": "나는 겨울을 좋아한다.",
          "date": "2022-10-25",
          "time": "20:53:33",
          "terminate": "false"
        },
        {
          "speaker": "speaker1",
          "personaID": "11341",
          "participantID": "3856",
          "utterance": "왜 겨울을 좋아하시나요? 저는 비가 오는 여름을 좋아해요!",
          "summary": "나는 비 오는 여름을 좋아한다",
          "date": "2022-10-25",
          "time": "20:54:01",
          "terminate": "false"
        },
        {
          "speaker": "speaker2",
          "personaID": "52067",
          "participantID": "3677",
          "utterance": "머리가 시원해지는 겨울이 마음에 듭니다.",
          "summary": "나는 머리가 시원해지는 겨울을 좋아한다.",
          "date": "2022-10-25",
          "time": "20:54:35",
          "terminate": "false"
        },
        {
          "speaker": "speaker1",
          "personaID": "11341",
          "participantID": "3856",
          "utterance": "그럼 요즘 날씨도 좋아하시겠네요!",
          "summary": "",
          "date": "2022-10-25",
          "time": "20:54:53",
          "terminate": "false"
        },
        {
          "speaker": "speaker2",
          "personaID": "52067",
          "participantID": "3677",
          "utterance": "요즘 날씨가 좋아서 정보처리가사 자격증 공부를 하는데 자꾸 딴 생각이 나네요.",
          "summary": "나는 정보처리기사 자격증을 공부하고 있다.",
          "date": "2022-10-25",
          "time": "20:55:44",
          "terminate": "false"
        },
        {
          "speaker": "speaker1",
          "personaID": "11341",
          "participantID": "3856",
          "utterance": "맞아요. 저도 공부해야 하는데 오늘은 너무 날씨가 좋더라구요.",
          "summary": "나는 오늘 날씨가 좋다고 생각한다",
          "date": "2022-10-25",
          "time": "20:56:42",
          "terminate": "false"
        },
        {
          "speaker": "speaker2",
          "personaID": "52067",
          "participantID": "3677",
          "utterance": "저는 대학원 졸업 후 회사에 다니고 있습니다.",
          "summary": "나는 대학원을 졸업하고 회사에 다니고 있다.",
          "date": "2022-10-25",
          "time": "20:57:24",
          "terminate": "false"
        },
        {
          "speaker": "speaker1",
          "personaID": "11341",
          "participantID": "3856",
          "utterance": "오 멋있어요. 무슨 회사에 다니시나요?",
          "summary": "",
          "date": "2022-10-25",
          "time": "20:57:40",
          "terminate": "false"
        },
        {
          "speaker": "speaker2",
          "personaID": "52067",
          "participantID": "3677",
          "utterance": "저는 의약품 연구소에서 일합니다.",
          "summary": "나는 의약품 연구소에서 일한다.",
          "date": "2022-10-25",
          "time": "20:59:08",
          "terminate": "false"
        },
        {
          "speaker": "speaker1",
          "personaID": "11341",
          "participantID": "3856",
          "utterance": "신기하네요. 아 그리고 저는 장마철을 좋아해요.",
          "summary": "나는 장마철을 좋아한다",
          "date": "2022-10-25",
          "time": "20:59:51",
          "terminate": "false"
        },
        {
          "speaker": "speaker2",
          "personaID": "52067",
          "participantID": "3677",
          "utterance": "저랑은 반대로 비오는 날을 좋아하시는군요.",
          "summary": "",
          "date": "2022-10-25",
          "time": "21:00:23",
          "terminate": "false"
        },
        {
          "speaker": "speaker1",
          "personaID": "11341",
          "participantID": "3856",
          "utterance": "그렇죠! 저는 슬슬 공부해야할 거 같아요.",
          "summary": "",
          "date": "2022-10-25",
          "time": "21:01:49",
          "terminate": "false"
        },
        {
          "speaker": "speaker2",
          "personaID": "52067",
          "participantID": "3677",
          "utterance": "그러시군요. 저는 일이 있어서 이만 가볼게요.",
          "summary": "",
          "date": "2022-10-25",
          "time": "21:02:27",
          "terminate": "true"
        }
      ],
      "sessionPersonaSummary": {
        "speaker1": [
          "나는 10대 여성이다",
          "나는 국어를 좋아한다. 나는 생일은 4월이다",
          "나는 비 오는 여름을 좋아한다",
          "나는 오늘 날씨가 좋다고 생각한다",
          "나는 장마철을 좋아한다"
        ],
        "speaker2": [
          "나는 50대 여성이다.",
          "나는 겨울을 좋아한다.",
          "나는 머리가 시원해지는 겨울을 좋아한다.",
          "나는 정보처리기사 자격증을 공부하고 있다.",
          "나는 대학원을 졸업하고 회사에 다니고 있다.",
          "나는 의약품 연구소에서 일한다."
        ]
      },
      "prevAggregatedpersonaSummary": {
        "speaker1": [],
        "speaker2": []
      }
    },
    {
      "prevSessionID": "2-00495-1",
      "prevTimeInfo": {
        "timeNum": "8",
        "timeUnit": "일"
      },
      "nthSession": "2",
      "numberOfUtterances": "14",
      "numberOfTurns": "7",
      "sessionID": "2-00495-2",
      "dialog": [
        {
          "speaker": "speaker1",
          "personaID": "11341",
          "participantID": "3856",
          "utterance": "와 안녕하세요! 벌써 일주일이 지났어요!\n정보처리기사 자격증 공부는 잘되고계시나요?",
          "summary": "",
          "date": "2022-10-25",
          "time": "21:05:20",
          "terminate": "false"
        },
        {
          "speaker": "speaker2",
          "personaID": "52067",
          "participantID": "3677",
          "utterance": "오랜만이네요. 저는 공부도하고 강아지를 돌보며 지냈어요.",
          "summary": "",
          "date": "2022-10-25",
          "time": "21:06:05",
          "terminate": "false"
        },
        {
          "speaker": "speaker1",
          "personaID": "11341",
          "participantID": "3856",
          "utterance": "오! 강아지를 기르시는군요! 이름은 뭔가요?",
          "summary": "",
          "date": "2022-10-25",
          "time": "21:06:42",
          "terminate": "false"
        },
        {
          "speaker": "speaker2",
          "personaID": "52067",
          "participantID": "3677",
          "utterance": "아지요. 임시보호 하다가 기르게 됐어요.",
          "summary": "나는 임시 보호하던 아지라는 강아지를 기르고 있다.",
          "date": "2022-10-25",
          "time": "21:07:40",
          "terminate": "false"
        },
        {
          "speaker": "speaker1",
          "personaID": "11341",
          "participantID": "3856",
          "utterance": "저는 임시보호에 관심이 많아요. 저번에는 보호소에 가봤어요!",
          "summary": "나는 임시보호에 관심이 많아서 보호소에 가봤다",
          "date": "2022-10-25",
          "time": "21:09:19",
          "terminate": "false"
        },
        {
          "speaker": "speaker2",
          "personaID": "52067",
          "participantID": "3677",
          "utterance": "그러셨군요. 강아지들이 참 많죠.",
          "summary": "",
          "date": "2022-10-25",
          "time": "21:10:44",
          "terminate": "false"
        },
        {
          "speaker": "speaker1",
          "personaID": "11341",
          "participantID": "3856",
          "utterance": "그렇죠! 다들 불쌍했어요... 저는 고양이도 좋아해요. ",
          "summary": "나는 고양이도 좋아한다",
          "date": "2022-10-25",
          "time": "21:11:15",
          "terminate": "false"
        },
        {
          "speaker": "speaker2",
          "personaID": "52067",
          "participantID": "3677",
          "utterance": "고양이도 귀엽죠. 저도 강아지 고양이 좋아해요.",
          "summary": "나는 강아지, 고양이를 좋아한다.",
          "date": "2022-10-25",
          "time": "21:12:02",
          "terminate": "false"
        },
        {
          "speaker": "speaker1",
          "personaID": "11341",
          "participantID": "3856",
          "utterance": "진짜요? 저는 계속 키우고 싶었는데 부모님이 안 좋아하세요.",
          "summary": "나는 부모님 때문에 계속 키우지 못했다",
          "date": "2022-10-25",
          "time": "21:13:13",
          "terminate": "false"
        },
        {
          "speaker": "speaker2",
          "personaID": "52067",
          "participantID": "3677",
          "utterance": "케어가 쉽지 않아서 안 좋아하는 사람도 있을 것 같아요.",
          "summary": "",
          "date": "2022-10-25",
          "time": "21:15:31",
          "terminate": "false"
        },
        {
          "speaker": "speaker1",
          "personaID": "11341",
          "participantID": "3856",
          "utterance": "맞아요! 어른이 되면 꼭 기르고 싶어요. 그전에 임시보호도 해보고 싶고요...",
          "summary": "나는 임시보호도 해보고 어른이 되면 기르고 싶다",
          "date": "2022-10-25",
          "time": "21:16:22",
          "terminate": "false"
        },
        {
          "speaker": "speaker2",
          "personaID": "52067",
          "participantID": "3677",
          "utterance": "임시보호하면 다시 보내기가 힘든 것 같아요.",
          "summary": "",
          "date": "2022-10-25",
          "time": "21:18:12",
          "terminate": "false"
        },
        {
          "speaker": "speaker1",
          "personaID": "11341",
          "participantID": "3856",
          "utterance": "진짜요? 정이 많이 들 것 같기는 해요....",
          "summary": "",
          "date": "2022-10-25",
          "time": "21:18:30",
          "terminate": "false"
        },
        {
          "speaker": "speaker2",
          "personaID": "52067",
          "participantID": "3677",
          "utterance": "맞아요. 그래서 저도 기르게 됐어요. 전 일이 있어서 그만 가볼게요.",
          "summary": "",
          "date": "2022-10-25",
          "time": "21:20:21",
          "terminate": "true"
        }
      ],
      "sessionPersonaSummary": {
        "speaker1": [
          "나는 임시보호에 관심이 많아서 보호소에 가봤다",
          "나는 고양이도 좋아한다",
          "나는 부모님 때문에 계속 키우지 못했다",
          "나는 임시보호도 해보고 어른이 되면 기르고 싶다"
        ],
        "speaker2": [
          "나는 임시 보호하던 아지라는 강아지를 기르고 있다.",
          "나는 강아지, 고양이를 좋아한다."
        ]
      },
      "prevAggregatedpersonaSummary": {
        "speaker1": [
          "나는 10대 여성이다",
          "나는 국어를 좋아한다. 나는 생일은 4월이다",
          "나는 비 오는 여름을 좋아한다",
          "나는 오늘 날씨가 좋다고 생각한다",
          "나는 장마철을 좋아한다"
        ],
        "speaker2": [
          "나는 50대 여성이다.",
          "나는 겨울을 좋아한다.",
          "나는 머리가 시원해지는 겨울을 좋아한다.",
          "나는 정보처리기사 자격증을 공부하고 있다.",
          "나는 대학원을 졸업하고 회사에 다니고 있다.",
          "나는 의약품 연구소에서 일한다."
        ]
      }
    }
  ]
}