{
  "FileInfo": {
    "filename": "K2-00257-CL41087-CP50558-01-03-S2.json",
    "sessionLevel": "2"
  },
  "participantsInfo": {
    "numberOfParticipants": "2",
    "speaker1": {
      "participantID": "0263",
      "gender": "여성",
      "age": "40대",
      "occupation": "무직",
      "bPlace": "서울/경기/인천",
      "gPlace": "서울/경기/인천",
      "rPlace": "서울/경기/인천",
      "educationLevel": "대졸"
    },
    "speaker2": {
      "participantID": "0491",
      "gender": "남성",
      "age": "50대",
      "occupation": "무직",
      "bPlace": "서울/경기/인천",
      "gPlace": "서울/경기/인천",
      "rPlace": "서울/경기/인천",
      "educationLevel": "대졸"
    }
  },
  "multisessionInfo": {
    "multisessionID": "2-00257"
  },
  "personaInfo": {
    "clInfo": {
      "personaID": "41087",
      "personaFeatures": [
        "나는 여자이다.",
        "나는 40대이다.",
        "나는 영업 관련직에 종사한다.",
        "나는 주말에 브런치를 먹는다.",
        "나는 레게 음악을 가끔 듣는다."
      ],
      "speakerType": "speaker1"
    },
    "cpInfo": {
      "personaID": "50558",
      "personaFeatures": [
        "나는 남자이다.",
        "나는 50대이다.",
        "나는 법무사이다.",
        "나는 컴퓨터에 관심 없다.",
        "나는 양주를 최근에 끊었다."
      ],
      "speakerType": "speaker2"
    }
  },
  "topicInfo": {
    "topicID": "01-03",
    "topicType": "식음료",
    "topicTitle": "음료"
  },
  "sessionInfo": [
    {
      "prevSessionID": null,
      "prevTimeInfo": {
        "timeNum": null,
        "timeUnit": null
      },
      "nthSession": "1",
      "numberOfUtterances": "14",
      "numberOfTurns": "7",
      "sessionID": "2-00257-1",
      "dialog": [
        {
          "speaker": "speaker1",
          "personaID": "41087",
          "participantID": "0263",
          "utterance": "반가워요! 저는 40대 여자입니다 자기소개 해주세요~",
          "summary": "나는 40대 여자이다.",
          "date": "2022-09-28",
          "time": "13:00:27",
          "terminate": "false"
        },
        {
          "speaker": "speaker2",
          "personaID": "50558",
          "participantID": "0491",
          "utterance": "안녕하세요!! 저는 50대 남자입니다. 하하.. 제가 나이가 좀 있죠..?",
          "summary": "나는 50대 남자이다.",
          "date": "2022-09-28",
          "time": "13:00:29",
          "terminate": "false"
        },
        {
          "speaker": "speaker1",
          "personaID": "41087",
          "participantID": "0263",
          "utterance": "저보다 나이가 더 있으시네요~ 편하게 대화 나눠요. 저희!",
          "summary": "",
          "date": "2022-09-28",
          "time": "13:00:45",
          "terminate": "false"
        },
        {
          "speaker": "speaker2",
          "personaID": "50558",
          "participantID": "0491",
          "utterance": "하하 감사합니다~ 저는 법무사로 일하고 있어요.",
          "summary": "나는 법무사이다.",
          "date": "2022-09-28",
          "time": "13:00:49",
          "terminate": "false"
        },
        {
          "speaker": "speaker1",
          "personaID": "41087",
          "participantID": "0263",
          "utterance": "저는 영양관련직에 종사하구 있어요ㅎㅎ경주에 산답니다.",
          "summary": "나는 영양 관련직에 종사하고 경주에 산다.",
          "date": "2022-09-28",
          "time": "13:01:03",
          "terminate": "false"
        },
        {
          "speaker": "speaker2",
          "personaID": "50558",
          "participantID": "0491",
          "utterance": "그러시구나! 전 강원도에 거주하고 있어요~",
          "summary": "나는 강원도에 거주한다.",
          "date": "2022-09-28",
          "time": "13:01:06",
          "terminate": "false"
        },
        {
          "speaker": "speaker1",
          "personaID": "41087",
          "participantID": "0263",
          "utterance": "강원도 바다 매일 볼 수 있겠네요? 어렸을 때 가보고 안가봐서 가보고 싶네요.",
          "summary": "나는 강원도를 가보고 싶다.",
          "date": "2022-09-28",
          "time": "13:01:18",
          "terminate": "false"
        },
        {
          "speaker": "speaker2",
          "personaID": "50558",
          "participantID": "0491",
          "utterance": "저는 살쪄서 최근에 양주 끊고 바닷가 산책을 매일하고 있는데 되게 좋아요.",
          "summary": "나는 살쪄서 양주를 끊고 바닷가 산책을 매일 한다.",
          "date": "2022-09-28",
          "time": "13:02:11",
          "terminate": "false"
        },
        {
          "speaker": "speaker1",
          "personaID": "41087",
          "participantID": "0263",
          "utterance": "그럴거같아요ㅠ저 바다 앞에 살았으면 맨날 산책했을거 같아요..^^",
          "summary": "",
          "date": "2022-09-28",
          "time": "13:02:21",
          "terminate": "false"
        },
        {
          "speaker": "speaker2",
          "personaID": "50558",
          "participantID": "0491",
          "utterance": "ㅋㅋㅋ 저도 그럴 줄 알았는데 막상 살아보니 그렇지는 않더라구요..?",
          "summary": "",
          "date": "2022-09-28",
          "time": "13:02:28",
          "terminate": "false"
        },
        {
          "speaker": "speaker1",
          "personaID": "41087",
          "participantID": "0263",
          "utterance": "하하 그렇겠죠..?ㅎㅎ저는 요즘 레게음악에 빠져가지고 가끔 듣는데 좋더라구요. 음악 좋아하세요?",
          "summary": "나는 레게음악에 빠져 가끔 듣는다.",
          "date": "2022-09-28",
          "time": "13:02:48",
          "terminate": "false"
        },
        {
          "speaker": "speaker2",
          "personaID": "50558",
          "participantID": "0491",
          "utterance": "전 신나는 음악을 좋아해요~ 그래야 빨리 산책을 하거든요.",
          "summary": "나는 신나는 음악을 좋아한다.",
          "date": "2022-09-28",
          "time": "13:03:05",
          "terminate": "false"
        },
        {
          "speaker": "speaker1",
          "personaID": "41087",
          "participantID": "0263",
          "utterance": "그럴거 같네요ㅎㅎ저는 마저 일 하고 올게요!!",
          "summary": "",
          "date": "2022-09-28",
          "time": "13:03:13",
          "terminate": "false"
        },
        {
          "speaker": "speaker2",
          "personaID": "50558",
          "participantID": "0491",
          "utterance": "ㅋㅋㅋㅋ 네네 저도 일하러 가보겠습니다!",
          "summary": "",
          "date": "2022-09-28",
          "time": "13:03:14",
          "terminate": "true"
        }
      ],
      "sessionPersonaSummary": {
        "speaker1": [
          "나는 40대 여자이다.",
          "나는 영양 관련직에 종사하고 경주에 산다.",
          "나는 강원도를 가보고 싶다.",
          "나는 레게음악에 빠져 가끔 듣는다."
        ],
        "speaker2": [
          "나는 50대 남자이다.",
          "나는 법무사이다.",
          "나는 강원도에 거주한다.",
          "나는 살쪄서 양주를 끊고 바닷가 산책을 매일 한다.",
          "나는 신나는 음악을 좋아한다."
        ]
      },
      "prevAggregatedpersonaSummary": {
        "speaker1": [],
        "speaker2": []
      }
    },
    {
      "prevSessionID": "2-00257-1",
      "prevTimeInfo": {
        "timeNum": "6",
        "timeUnit": "시간"
      },
      "nthSession": "2",
      "numberOfUtterances": "14",
      "numberOfTurns": "7",
      "sessionID": "2-00257-2",
      "dialog": [
        {
          "speaker": "speaker1",
          "personaID": "41087",
          "participantID": "0263",
          "utterance": "선생님 드디어 내일 주말이네요!! 오늘도 수고하셨어요.",
          "summary": "",
          "date": "2022-09-28",
          "time": "13:03:26",
          "terminate": "false"
        },
        {
          "speaker": "speaker2",
          "personaID": "50558",
          "participantID": "0491",
          "utterance": "그러네요~ 선생님은 주말에 무엇을 하실 에정이신가요?",
          "summary": "",
          "date": "2022-09-28",
          "time": "13:03:41",
          "terminate": "false"
        },
        {
          "speaker": "speaker1",
          "personaID": "41087",
          "participantID": "0263",
          "utterance": "저 주말에 브런치 먹으려고요ㅎㅎ맛있는 브런치집 생겼다고 해서요!",
          "summary": "나는 브런치를 먹을 것이다.",
          "date": "2022-09-28",
          "time": "13:03:51",
          "terminate": "false"
        },
        {
          "speaker": "speaker2",
          "personaID": "50558",
          "participantID": "0491",
          "utterance": "아하! 저는 내일 전자상가에 갈 예정입니다.",
          "summary": "나는 전자상가를 갈 것이다.",
          "date": "2022-09-28",
          "time": "13:04:03",
          "terminate": "false"
        },
        {
          "speaker": "speaker1",
          "personaID": "41087",
          "participantID": "0263",
          "utterance": "전자상가는 무슨일로 가시는건가요!!? 뭐 사시려구요?",
          "summary": "",
          "date": "2022-09-28",
          "time": "13:04:10",
          "terminate": "false"
        },
        {
          "speaker": "speaker2",
          "personaID": "50558",
          "participantID": "0491",
          "utterance": "전 컴퓨터에 관심이 없어서 모르는데 아들이 같이 가달라고 하더라구요.",
          "summary": "나는 컴퓨터에 관심이 없다.",
          "date": "2022-09-28",
          "time": "13:04:18",
          "terminate": "false"
        },
        {
          "speaker": "speaker1",
          "personaID": "41087",
          "participantID": "0263",
          "utterance": "아들이랑 사이가 좋으신가봐요ㅎㅎ!!요즘엔 부모님이랑 같이 안다니려고 한다던데.",
          "summary": "",
          "date": "2022-09-28",
          "time": "13:04:35",
          "terminate": "false"
        },
        {
          "speaker": "speaker2",
          "personaID": "50558",
          "participantID": "0491",
          "utterance": "네 ㅎㅎ 저는 아들이랑 사이가 정말 좋습니다.",
          "summary": "나는 아들과 사이가 좋다.",
          "date": "2022-09-28",
          "time": "13:04:40",
          "terminate": "false"
        },
        {
          "speaker": "speaker1",
          "personaID": "41087",
          "participantID": "0263",
          "utterance": "그럼 내일 나간김에 맛있는것도 먹고 데이트해요!!",
          "summary": "",
          "date": "2022-09-28",
          "time": "13:04:47",
          "terminate": "false"
        },
        {
          "speaker": "speaker2",
          "personaID": "50558",
          "participantID": "0491",
          "utterance": "안그래도 아들이 카페를 좋아해서 자주 카페데이트를 합니다.",
          "summary": "아들은 카페를 좋아한다.",
          "date": "2022-09-28",
          "time": "13:04:53",
          "terminate": "false"
        },
        {
          "speaker": "speaker1",
          "personaID": "41087",
          "participantID": "0263",
          "utterance": "아들분이 너무 착하고 좋은데요!? 그래서 선생님 최애 음료는 뭐예요?",
          "summary": "",
          "date": "2022-09-28",
          "time": "13:05:06",
          "terminate": "false"
        },
        {
          "speaker": "speaker2",
          "personaID": "50558",
          "participantID": "0491",
          "utterance": "저는 @브랜드명1@ 쿨라임피지오를 최근에 먹었는데 괜찮더라구요?",
          "summary": "나는 @브랜드명1@에 쿨 라임 피지오를 좋아한다.",
          "date": "2022-09-28",
          "time": "13:05:35",
          "terminate": "false"
        },
        {
          "speaker": "speaker1",
          "personaID": "41087",
          "participantID": "0263",
          "utterance": "아 그거 뭔가 청량감있고 시원하니 맛있잖아요!ㅎㅎ내일 아들분이랑 데이트 재밌게하세요!",
          "summary": "",
          "date": "2022-09-28",
          "time": "13:05:55",
          "terminate": "false"
        },
        {
          "speaker": "speaker2",
          "personaID": "50558",
          "participantID": "0491",
          "utterance": "오 선생님도 아시는구나! 선생님도 브런치 맛있게 드세요~",
          "summary": "",
          "date": "2022-09-28",
          "time": "13:05:56",
          "terminate": "true"
        }
      ],
      "sessionPersonaSummary": {
        "speaker1": [
          "나는 브런치를 먹을 것이다."
        ],
        "speaker2": [
          "나는 전자상가를 갈 것이다.",
          "나는 컴퓨터에 관심이 없다.",
          "나는 아들과 사이가 좋다.",
          "아들은 카페를 좋아한다.",
          "나는 @브랜드명1@에 쿨 라임 피지오를 좋아한다."
        ]
      },
      "prevAggregatedpersonaSummary": {
        "speaker1": [
          "나는 40대 여자이다.",
          "나는 영양 관련직에 종사하고 경주에 산다.",
          "나는 강원도를 가보고 싶다.",
          "나는 레게음악에 빠져 가끔 듣는다."
        ],
        "speaker2": [
          "나는 50대 남자이다.",
          "나는 법무사이다.",
          "나는 강원도에 거주한다.",
          "나는 살쪄서 양주를 끊고 바닷가 산책을 매일 한다.",
          "나는 신나는 음악을 좋아한다."
        ]
      }
    }
  ]
}