{
  "FileInfo": {
    "filename": "K2-00248-CL11336-CP32430-06-08-S2.json",
    "sessionLevel": "2"
  },
  "participantsInfo": {
    "numberOfParticipants": "2",
    "speaker1": {
      "participantID": "3982",
      "gender": "여성",
      "age": "20대",
      "occupation": "학생",
      "bPlace": "광주/전라/제주",
      "gPlace": "광주/전라/제주",
      "rPlace": "광주/전라/제주",
      "educationLevel": "고졸"
    },
    "speaker2": {
      "participantID": "3562",
      "gender": "여성",
      "age": "30대",
      "occupation": "학생",
      "bPlace": "부산/대구/울산/경상",
      "gPlace": "부산/대구/울산/경상",
      "rPlace": "부산/대구/울산/경상",
      "educationLevel": "대학원졸"
    }
  },
  "multisessionInfo": {
    "multisessionID": "2-00248"
  },
  "personaInfo": {
    "clInfo": {
      "personaID": "11336",
      "personaFeatures": [
        "나는 여자이다.",
        "나는 10대이다.",
        "내가 사는 곳은 천안이다",
        "나는 조경학과에 진학하고 싶다",
        "나는 핸드폰 게임을 매일 한다"
      ],
      "speakerType": "speaker1"
    },
    "cpInfo": {
      "personaID": "32430",
      "personaFeatures": [
        "나는 여자이다.",
        "나는 30대이다.",
        "나는 무역학과를 전공했다",
        "나는 가끔 내 자신이 한심하다",
        "나는 배를 싫어한다"
      ],
      "speakerType": "speaker2"
    }
  },
  "topicInfo": {
    "topicID": "06-08",
    "topicType": "교육",
    "topicTitle": "성적"
  },
  "sessionInfo": [
    {
      "prevSessionID": null,
      "prevTimeInfo": {
        "timeNum": null,
        "timeUnit": null
      },
      "nthSession": "1",
      "numberOfUtterances": "14",
      "numberOfTurns": "7",
      "sessionID": "2-00248-1",
      "dialog": [
        {
          "speaker": "speaker1",
          "personaID": "11336",
          "participantID": "3982",
          "utterance": "10대 여자아이입니다 잘부탁해요",
          "summary": "나는 10대 여자아이이다.",
          "date": "2022-10-29",
          "time": "19:13:19",
          "terminate": "false"
        },
        {
          "speaker": "speaker2",
          "personaID": "32430",
          "participantID": "3562",
          "utterance": "안녕하세요. 저는 무역학과를 전공했던 30대 여성입니다.",
          "summary": "나는 무역학 전공한 30대 여성이다",
          "date": "2022-10-30",
          "time": "00:11:20",
          "terminate": "false"
        },
        {
          "speaker": "speaker1",
          "personaID": "11336",
          "participantID": "3982",
          "utterance": "반가워요 저는 학생인데 나중에 조경학과에 진학하고싶어요",
          "summary": "나는 학생인데 나중에 조경학과에 진학하고 싶다.",
          "date": "2022-10-30",
          "time": "12:01:53",
          "terminate": "false"
        },
        {
          "speaker": "speaker2",
          "personaID": "32430",
          "participantID": "3562",
          "utterance": "안목이 중요한 진로이죠~ 타고난 감각이 좋으시겠어요~ 저는 오늘 저녁 선물 들어온 배를 왕창 깎아먹고 TV를 보고 있어요. 사실 저는 배를 싫어해요. 나중에는 요리에 써야겠어요.",
          "summary": "나는 배 싫어한다",
          "date": "2022-10-30",
          "time": "18:14:38",
          "terminate": "false"
        },
        {
          "speaker": "speaker1",
          "personaID": "11336",
          "participantID": "3982",
          "utterance": "그러군요 전 요즘 핸드폰게임에 푹 빠져 게임만 매일 하네요",
          "summary": "나는 요즘 핸드폰 게임에 푹 빠져 게임만 매일 한다.",
          "date": "2022-10-30",
          "time": "18:23:35",
          "terminate": "false"
        },
        {
          "speaker": "speaker2",
          "personaID": "32430",
          "participantID": "3562",
          "utterance": "게임을 좋아하시나봐요! 저도 5-6년 전쯤 롤이라는 게임을 해봤는데 휴~ 가끔 제 자신이 한심해요. 친구들이 안끼워주더라구요 ㅋㅋ",
          "summary": "나는 5~6년 전 롤 해봤다",
          "date": "2022-10-30",
          "time": "18:48:39",
          "terminate": "false"
        },
        {
          "speaker": "speaker1",
          "personaID": "11336",
          "participantID": "3982",
          "utterance": "네 전 천안에 거주중인데 가까우면 같이 해드리고 싶어요 ",
          "summary": "나는 천안에 거주 중이다.",
          "date": "2022-10-30",
          "time": "19:22:07",
          "terminate": "false"
        },
        {
          "speaker": "speaker2",
          "personaID": "32430",
          "participantID": "3562",
          "utterance": "어머, 롤 하세요? 저는 영~ 게임에 소질이 없어요~ 손가락도 꼬이고 눈이 제 캐릭터를 쫓아가질못해요 ㅎㅎㅎ",
          "summary": "나는 게임에 소질이 없다",
          "date": "2022-10-30",
          "time": "19:24:27",
          "terminate": "false"
        },
        {
          "speaker": "speaker1",
          "personaID": "11336",
          "participantID": "3982",
          "utterance": "롤 해봤는데 너무 어렵더라구요 근데 재미있어 좋아해요",
          "summary": "나는 롤이 어렵지만 재미있어서 좋아한다.",
          "date": "2022-10-30",
          "time": "19:26:11",
          "terminate": "false"
        },
        {
          "speaker": "speaker2",
          "personaID": "32430",
          "participantID": "3562",
          "utterance": "저는 제 주변 친구들이 괴로워해서 제가 빠져줘요~ 술한잔하면 저를 서로 팀에 넣으라고 ㅋㅋㅋ 이것들이",
          "summary": "",
          "date": "2022-10-30",
          "time": "19:29:42",
          "terminate": "false"
        },
        {
          "speaker": "speaker1",
          "personaID": "11336",
          "participantID": "3982",
          "utterance": "아 친구들이 참 재미있네요 내 친구도 속으로 그럴꺼같아요",
          "summary": "",
          "date": "2022-10-30",
          "time": "21:01:38",
          "terminate": "false"
        },
        {
          "speaker": "speaker2",
          "personaID": "32430",
          "participantID": "3562",
          "utterance": "오히려 친구들이 저한테 거는 기대가 없어서 그런지 맘편히 여기저기 맵을 누비고 다녀요~~",
          "summary": "나는 친구들이 기대는 게 없어 맘 편히 다녔다",
          "date": "2022-10-30",
          "time": "21:02:33",
          "terminate": "false"
        },
        {
          "speaker": "speaker1",
          "personaID": "11336",
          "participantID": "3982",
          "utterance": "간만에 게임이야기 하니까 너무 재미있네여 오늘",
          "summary": "나는 오랜만에 게임 이야기를 하니까 너무 재미있다.",
          "date": "2022-10-30",
          "time": "21:10:11",
          "terminate": "false"
        },
        {
          "speaker": "speaker2",
          "personaID": "32430",
          "participantID": "3562",
          "utterance": "게임을 하고 계시군요~ 저는 시간이 많이 늦어 이제 자러 가 봐야 겠어요. 다음에 또 봬요!",
          "summary": "",
          "date": "2022-10-30",
          "time": "21:10:44",
          "terminate": "true"
        }
      ],
      "sessionPersonaSummary": {
        "speaker1": [
          "나는 10대 여자아이이다.",
          "나는 학생인데 나중에 조경학과에 진학하고 싶다.",
          "나는 요즘 핸드폰 게임에 푹 빠져 게임만 매일 한다.",
          "나는 천안에 거주 중이다.",
          "나는 롤이 어렵지만 재미있어서 좋아한다.",
          "나는 오랜만에 게임 이야기를 하니까 너무 재미있다."
        ],
        "speaker2": [
          "나는 무역학 전공한 30대 여성이다",
          "나는 배 싫어한다",
          "나는 5~6년 전 롤 해봤다",
          "나는 게임에 소질이 없다",
          "나는 친구들이 기대는 게 없어 맘 편히 다녔다"
        ]
      },
      "prevAggregatedpersonaSummary": {
        "speaker1": [],
        "speaker2": []
      }
    },
    {
      "prevSessionID": "2-00248-1",
      "prevTimeInfo": {
        "timeNum": "24",
        "timeUnit": "시간"
      },
      "nthSession": "2",
      "numberOfUtterances": "14",
      "numberOfTurns": "7",
      "sessionID": "2-00248-2",
      "dialog": [
        {
          "speaker": "speaker1",
          "personaID": "11336",
          "participantID": "3982",
          "utterance": "24시간 하루가 지났네요 잘있으셨나요",
          "summary": "",
          "date": "2022-10-30",
          "time": "23:07:19",
          "terminate": "false"
        },
        {
          "speaker": "speaker2",
          "personaID": "32430",
          "participantID": "3562",
          "utterance": "네 그렇네요~ 저는 잘 보냈습니다.  잘 지내셨나요?",
          "summary": "",
          "date": "2022-10-31",
          "time": "09:46:22",
          "terminate": "false"
        },
        {
          "speaker": "speaker1",
          "personaID": "11336",
          "participantID": "3982",
          "utterance": "네 잘지냈어요 그냥 평소처럼 학교집 이네요 뭐하고지내셨나요?",
          "summary": "나는 그냥 평소처럼 학교 집이다.",
          "date": "2022-10-31",
          "time": "09:53:34",
          "terminate": "false"
        },
        {
          "speaker": "speaker2",
          "personaID": "32430",
          "participantID": "3562",
          "utterance": "저도 회사 집 하면서 시간 보냈습니다~ 학생이라고 하셨죠? 얼마전에 시험 끝나셨겠어요!",
          "summary": "나는 회사 집 반복하며 시간 보냈다",
          "date": "2022-10-31",
          "time": "09:59:40",
          "terminate": "false"
        },
        {
          "speaker": "speaker1",
          "personaID": "11336",
          "participantID": "3982",
          "utterance": "네 이번에 생각보다 성적이 잘나왔어요",
          "summary": "나는 이번에 생각보다 성적이 잘 나왔다.",
          "date": "2022-10-31",
          "time": "10:30:49",
          "terminate": "false"
        },
        {
          "speaker": "speaker2",
          "personaID": "32430",
          "participantID": "3562",
          "utterance": "부모님께서 좋아하시겠어요~ 스트레스는 많지 않나요?",
          "summary": "",
          "date": "2022-10-31",
          "time": "10:43:15",
          "terminate": "false"
        },
        {
          "speaker": "speaker1",
          "personaID": "11336",
          "participantID": "3982",
          "utterance": "아무래도 시험기간에 스트레스 받아요 자녀 공부 어떻게 시키세요 ?",
          "summary": "나는 시험기간에 스트레스를 받는다.",
          "date": "2022-10-31",
          "time": "11:09:31",
          "terminate": "false"
        },
        {
          "speaker": "speaker2",
          "personaID": "32430",
          "participantID": "3562",
          "utterance": "저는 아직 미혼이라서요~ 자녀도 없답니다 ㅎㅎ 저는 학업위주보다는 본인이 잘 하는 거 위주로 찾아주고 발달시켜주는 교육을 하고싶네요~",
          "summary": "나는 아직 미혼이다",
          "date": "2022-10-31",
          "time": "11:14:08",
          "terminate": "false"
        },
        {
          "speaker": "speaker1",
          "personaID": "11336",
          "participantID": "3982",
          "utterance": "네 너무 멋진 부모님이 될거같으세요 정말 부럽네요",
          "summary": "",
          "date": "2022-10-31",
          "time": "14:14:40",
          "terminate": "false"
        },
        {
          "speaker": "speaker2",
          "personaID": "32430",
          "participantID": "3562",
          "utterance": "또 막상 현실이 닥치면 다를 수도 있겠지만요~ 저는 어릴때 악기를 이것저것 다뤘어서 아이 낳으면 같이 연주하는 로망도 있어요! 악기를 많이 다룰 줄 아는 것 좋은 것같아요.",
          "summary": "나는 어릴 때 여러 악기 배웠다 아이가 생기면 같이 하고 싶은 로망이 있다",
          "date": "2022-10-31",
          "time": "14:45:16",
          "terminate": "false"
        },
        {
          "speaker": "speaker1",
          "personaID": "11336",
          "participantID": "3982",
          "utterance": "네 저도 어릴적에 피아노 배운적 있는데 부모님이 공부뿐만 아니라 다양한 교육을 접하면 하시는거같어요",
          "summary": "나는 어릴 적에 피아노를 배운 적이 있다.",
          "date": "2022-10-31",
          "time": "15:50:42",
          "terminate": "false"
        },
        {
          "speaker": "speaker2",
          "personaID": "32430",
          "participantID": "3562",
          "utterance": "맞아요. 어릴때는 습득이 빠르니 이것저것 진로를 정하기에 좋죠. 성적에 연연하지 않고 경험하는 것에 의미를 둔다면 참 좋은 것 같아요.",
          "summary": "나는 성적보다 경험에 의미가 중요하다",
          "date": "2022-10-31",
          "time": "16:13:05",
          "terminate": "false"
        },
        {
          "speaker": "speaker1",
          "personaID": "11336",
          "participantID": "3982",
          "utterance": "어릴적엔 수능 필요성이 못느껴서 그랬는데 지금은 좀 알거같아요",
          "summary": "나는 수능 필요성을 못 느꼈었다.",
          "date": "2022-10-31",
          "time": "16:14:51",
          "terminate": "false"
        },
        {
          "speaker": "speaker2",
          "personaID": "32430",
          "participantID": "3562",
          "utterance": "그렇죠. 남은 공부 화이팅 하시고 성적에 크게 연연해 하지 않는 학창시절을 보냈으면 좋겠네요. 다음에 기회가 되면 또 대화해요!",
          "summary": "",
          "date": "2022-10-31",
          "time": "16:17:43",
          "terminate": "true"
        }
      ],
      "sessionPersonaSummary": {
        "speaker1": [
          "나는 그냥 평소처럼 학교 집이다.",
          "나는 이번에 생각보다 성적이 잘 나왔다.",
          "나는 시험기간에 스트레스를 받는다.",
          "나는 어릴 적에 피아노를 배운 적이 있다.",
          "나는 수능 필요성을 못 느꼈었다."
        ],
        "speaker2": [
          "나는 회사 집 반복하며 시간 보냈다",
          "나는 아직 미혼이다",
          "나는 어릴 때 여러 악기 배웠다 아이가 생기면 같이 하고 싶은 로망이 있다",
          "나는 성적보다 경험에 의미가 중요하다"
        ]
      },
      "prevAggregatedpersonaSummary": {
        "speaker1": [
          "나는 10대 여자아이이다.",
          "나는 학생인데 나중에 조경학과에 진학하고 싶다.",
          "나는 요즘 핸드폰 게임에 푹 빠져 게임만 매일 한다.",
          "나는 천안에 거주 중이다.",
          "나는 롤이 어렵지만 재미있어서 좋아한다.",
          "나는 오랜만에 게임 이야기를 하니까 너무 재미있다."
        ],
        "speaker2": [
          "나는 무역학 전공한 30대 여성이다",
          "나는 배 싫어한다",
          "나는 5~6년 전 롤 해봤다",
          "나는 게임에 소질이 없다",
          "나는 친구들이 기대는 게 없어 맘 편히 다녔다"
        ]
      }
    }
  ]
}