{
  "FileInfo": {
    "filename": "K2-00228-CL01643-CP01974-16-05-S2.json",
    "sessionLevel": "2"
  },
  "participantsInfo": {
    "numberOfParticipants": "2",
    "speaker1": {
      "participantID": "0031",
      "gender": "여성",
      "age": "20대",
      "occupation": "전문직",
      "bPlace": "서울/경기/인천",
      "gPlace": "서울/경기/인천",
      "rPlace": "서울/경기/인천",
      "educationLevel": "대졸"
    },
    "speaker2": {
      "participantID": "0114",
      "gender": "여성",
      "age": "20대",
      "occupation": "사무직",
      "bPlace": "광주/전라/제주",
      "gPlace": "광주/전라/제주",
      "rPlace": "광주/전라/제주",
      "educationLevel": "대졸"
    }
  },
  "multisessionInfo": {
    "multisessionID": "2-00228"
  },
  "personaInfo": {
    "clInfo": {
      "personaID": "01643",
      "personaFeatures": [
        "나는 여자이다.",
        "나는 20대이다.",
        "나는 종교가 없다.",
        "나는 택시 운전원이다.",
        "나는 신 음식을 싫어한다."
      ],
      "speakerType": "speaker1"
    },
    "cpInfo": {
      "personaID": "01974",
      "personaFeatures": [
        "나는 여자이다.",
        "나는 20대이다.",
        "나의 여자 형제는 물리치료사이다.",
        "나는 오코노미야키를 즐겨 먹는다.",
        "나는 로큰롤 음악을 좋아한다."
      ],
      "speakerType": "speaker2"
    }
  },
  "topicInfo": {
    "topicID": "16-05",
    "topicType": "미용과 건강>미용",
    "topicTitle": "성형수술"
  },
  "sessionInfo": [
    {
      "prevSessionID": null,
      "prevTimeInfo": {
        "timeNum": null,
        "timeUnit": null
      },
      "nthSession": "1",
      "numberOfUtterances": "18",
      "numberOfTurns": "9",
      "sessionID": "2-00228-1",
      "dialog": [
        {
          "speaker": "speaker1",
          "personaID": "01643",
          "participantID": "0031",
          "utterance": "안녕하세요~ 저는 20대 여자입니다.",
          "summary": "나는 20대 여자이다,.",
          "date": "2022-08-19",
          "time": "18:42:40",
          "terminate": "false"
        },
        {
          "speaker": "speaker2",
          "personaID": "01974",
          "participantID": "0114",
          "utterance": "저도 20대인데 동년배네요^^!반가워요~~",
          "summary": "나는 20대 여자이다.",
          "date": "2022-08-19",
          "time": "18:42:55",
          "terminate": "false"
        },
        {
          "speaker": "speaker1",
          "personaID": "01643",
          "participantID": "0031",
          "utterance": "오 그러겠네요 혹시 미용에 관심 있으세요?",
          "summary": "",
          "date": "2022-08-19",
          "time": "18:43:46",
          "terminate": "false"
        },
        {
          "speaker": "speaker2",
          "personaID": "01974",
          "participantID": "0114",
          "utterance": "여자라면 최대 관심사 아닐까요? 관심 많죠~ㅎㅎ.",
          "summary": "나는 미용을 전공했다.",
          "date": "2022-08-19",
          "time": "18:44:14",
          "terminate": "false"
        },
        {
          "speaker": "speaker1",
          "personaID": "01643",
          "participantID": "0031",
          "utterance": "오~! 제가 요번에 코를 좀 높여볼까하는데 괜찮은 성형외과 아시나요?",
          "summary": "나는 코성형을 할 예정이다.",
          "date": "2022-08-19",
          "time": "18:44:43",
          "terminate": "false"
        },
        {
          "speaker": "speaker2",
          "personaID": "01974",
          "participantID": "0114",
          "utterance": "제 친한친구 언니가 성형외과에서 일하고 계신데 강남에 있어요! 견적 물어봐드릴까요?",
          "summary": "나의 지인은 성형외과에서 일한다.",
          "date": "2022-08-19",
          "time": "18:45:34",
          "terminate": "false"
        },
        {
          "speaker": "speaker1",
          "personaID": "01643",
          "participantID": "0031",
          "utterance": "오! 정말요~ 감사해요! 이런 인연이 닿네요~!",
          "summary": "",
          "date": "2022-08-19",
          "time": "18:46:29",
          "terminate": "false"
        },
        {
          "speaker": "speaker2",
          "personaID": "01974",
          "participantID": "0114",
          "utterance": "사실 저도..거기서 성형 했거든요^^..눈이랑 코..ㅎㅎ근데 강남에 있다보니까 좀 가격이 쎄요ㅠㅠ.",
          "summary": "",
          "date": "2022-08-19",
          "time": "18:46:42",
          "terminate": "false"
        },
        {
          "speaker": "speaker1",
          "personaID": "01643",
          "participantID": "0031",
          "utterance": "오~그렇군요 돈을 많이 모아야겠네요 ..제 직업 한달 수익으로는 택도 없을 것같아요 ㅠ.",
          "summary": "",
          "date": "2022-08-19",
          "time": "18:47:31",
          "terminate": "false"
        },
        {
          "speaker": "speaker2",
          "personaID": "01974",
          "participantID": "0114",
          "utterance": "저도.. 몇년 동안 모아모아했어요ㅠㅠ 무슨 일 하시는지 여쭤봐도 될까요?",
          "summary": "",
          "date": "2022-08-19",
          "time": "18:48:23",
          "terminate": "false"
        },
        {
          "speaker": "speaker1",
          "personaID": "01643",
          "participantID": "0031",
          "utterance": "저는 택시운수업을 하고있어요~ ㅎㅎ신기하죠?",
          "summary": "나는 택시운전원이다.",
          "date": "2022-08-19",
          "time": "18:48:47",
          "terminate": "false"
        },
        {
          "speaker": "speaker2",
          "personaID": "01974",
          "participantID": "0114",
          "utterance": "우와~ 대단하시네요 택시 운전사하려면 몇년 무사고여야하고 젊은나이에 하기 되게 힘들던데 멋있으세요!!",
          "summary": "",
          "date": "2022-08-19",
          "time": "18:49:33",
          "terminate": "false"
        },
        {
          "speaker": "speaker1",
          "personaID": "01643",
          "participantID": "0031",
          "utterance": "요즘은 여성분들도 많이 택시 운수업을 하더라구요! ㅎㅎ 선생님은 어떤 직업을 갖고계세요?",
          "summary": "",
          "date": "2022-08-19",
          "time": "18:50:52",
          "terminate": "false"
        },
        {
          "speaker": "speaker2",
          "personaID": "01974",
          "participantID": "0114",
          "utterance": "운전을 오래 하시다보면 몸도 많이 뻐근하시겠어요ㅠㅠ저는 물리치료사에요! 저희 친언니도 물리치료사구! 자매가 같은 직업입니다!",
          "summary": "나는 물리치료사이다. 나의 여자 형제는 물리치료사이다.",
          "date": "2022-08-19",
          "time": "18:50:04",
          "terminate": "false"
        },
        {
          "speaker": "speaker1",
          "personaID": "01643",
          "participantID": "0031",
          "utterance": "우와 저도 한때 꿈이였는데 부럽네요~!멋있으세요 앗참! 식사는 드셨나요?",
          "summary": "",
          "date": "2022-08-19",
          "time": "18:52:12",
          "terminate": "false"
        },
        {
          "speaker": "speaker2",
          "personaID": "01974",
          "participantID": "0114",
          "utterance": "가까이 살면 여기와서 물리치료 받고 가세요! 잘해드릴게요~ 이제 곧 점심시간이라 먹으러 나갈 것 같아요!",
          "summary": "",
          "date": "2022-08-19",
          "time": "18:53:05",
          "terminate": "false"
        },
        {
          "speaker": "speaker1",
          "personaID": "01643",
          "participantID": "0031",
          "utterance": "오 그렇군요~ 맛있는 점심식사 드세요~!",
          "summary": "",
          "date": "2022-08-19",
          "time": "18:54:23",
          "terminate": "false"
        },
        {
          "speaker": "speaker2",
          "personaID": "01974",
          "participantID": "0114",
          "utterance": "네~ 선생님도 식사 맛있게 하세요~",
          "summary": "",
          "date": "2022-08-19",
          "time": "18:55:28",
          "terminate": "true"
        }
      ],
      "sessionPersonaSummary": {
        "speaker1": [
          "나는 20대 여자이다,.",
          "나는 코성형을 할 예정이다.",
          "나는 택시운전원이다."
        ],
        "speaker2": [
          "나는 20대 여자이다.",
          "나는 미용을 전공했다.",
          "나의 지인은 성형외과에서 일한다.",
          "나는 물리치료사이다. 나의 여자 형제는 물리치료사이다."
        ]
      },
      "prevAggregatedpersonaSummary": {
        "speaker1": [],
        "speaker2": []
      }
    },
    {
      "prevSessionID": "2-00228-1",
      "prevTimeInfo": {
        "timeNum": "3",
        "timeUnit": "시간"
      },
      "nthSession": "2",
      "numberOfUtterances": "18",
      "numberOfTurns": "9",
      "sessionID": "2-00228-2",
      "dialog": [
        {
          "speaker": "speaker1",
          "personaID": "01643",
          "participantID": "0031",
          "utterance": "식사는 맛있게 드셨어요? 어떤 식사 드셨나요?",
          "summary": "",
          "date": "2022-08-19",
          "time": "18:55:39",
          "terminate": "false"
        },
        {
          "speaker": "speaker2",
          "personaID": "01974",
          "participantID": "0114",
          "utterance": "언니랑 저희 병원 앞에 노점에서 파는 오코노미야끼가 진짜 맛있거든요 그걸로 떼웠어요!ㅎㅎ 선생님은요?",
          "summary": "나는 오코노미야키를 즐겨 먹는다.",
          "date": "2022-08-19",
          "time": "18:56:08",
          "terminate": "false"
        },
        {
          "speaker": "speaker1",
          "personaID": "01643",
          "participantID": "0031",
          "utterance": "우아 맛있겠네요~! 저는 기사식당에서 신김치로 만든 김치찌개가 나왔어요ㅠㅠ 전 신 음식을 잘 못먹거든요.",
          "summary": "나는 신 음식을 싫어한다.",
          "date": "2022-08-19",
          "time": "18:56:56",
          "terminate": "false"
        },
        {
          "speaker": "speaker2",
          "personaID": "01974",
          "participantID": "0114",
          "utterance": "아 김치가 너무 시면 찌개 맛도 시긴 하죠ㅠㅠ흡족한 한 끼를 드셨어야했는데ㅠㅠ.",
          "summary": "",
          "date": "2022-08-19",
          "time": "18:58:16",
          "terminate": "false"
        },
        {
          "speaker": "speaker1",
          "personaID": "01643",
          "participantID": "0031",
          "utterance": "거기다 플러스로 다른 기사분이 기독교 다니라고 어찌나 전도를 하던지... 전 사실 소속감이 싫어서 무교거든요..",
          "summary": "나는 종교가 없다.",
          "date": "2022-08-19",
          "time": "18:58:32",
          "terminate": "false"
        },
        {
          "speaker": "speaker2",
          "personaID": "01974",
          "participantID": "0114",
          "utterance": "오늘 모든게 뜻대로 되지 않아서 하루가 길다고 느껴지시겠어요ㅠㅠ.",
          "summary": "",
          "date": "2022-08-19",
          "time": "18:59:55",
          "terminate": "false"
        },
        {
          "speaker": "speaker1",
          "personaID": "01643",
          "participantID": "0031",
          "utterance": "네...ㅠㅠ 피곤하네요 아주.. 손님 탑승안하셨을때 음악크게 들어놓고 있어야겠어요 ㅠ.",
          "summary": "",
          "date": "2022-08-19",
          "time": "19:01:10",
          "terminate": "false"
        },
        {
          "speaker": "speaker2",
          "personaID": "01974",
          "participantID": "0114",
          "utterance": "저번에 택시 탔을때 아주 유쾌한 기사님을 만난적이 있는데 로큰롤 음악을 틀어주시더라구요ㅋㅋㅋ이벤트 받는줄알았어요 제가 좋아하는 노래여서..",
          "summary": "나는 로큰롤 음악을 좋아한다.",
          "date": "2022-08-19",
          "time": "19:02:00",
          "terminate": "false"
        },
        {
          "speaker": "speaker1",
          "personaID": "01643",
          "participantID": "0031",
          "utterance": "오 세련된 음악을 틀어주시네요~ 저한테 음악 하나만 추천해주실수 있나요?",
          "summary": "",
          "date": "2022-08-19",
          "time": "19:02:29",
          "terminate": "false"
        },
        {
          "speaker": "speaker2",
          "personaID": "01974",
          "participantID": "0114",
          "utterance": "The champion - The score이란 노래 한번 들어보세요! 스트레스 확 풀릴거에요!",
          "summary": "",
          "date": "2022-08-19",
          "time": "19:04:56",
          "terminate": "false"
        },
        {
          "speaker": "speaker1",
          "personaID": "01643",
          "participantID": "0031",
          "utterance": "오 좋네요~! 오늘의 노래 픽이에요ㅋㅋ 오늘은 영업 그만 하고 소개시켜주신 성형외과나 가볼까봐요.",
          "summary": "나는 오늘 성형외과가 갈 예정이다.",
          "date": "2022-08-19",
          "time": "19:06:09",
          "terminate": "false"
        },
        {
          "speaker": "speaker2",
          "personaID": "01974",
          "participantID": "0114",
          "utterance": "일이 너무 안될땐 관심을 다른 쪽으로 돌려보는 것도 나쁘지 않을 것 같아요! 기분전환겸 성형외과상담 다녀와보세요!",
          "summary": "",
          "date": "2022-08-19",
          "time": "19:07:21",
          "terminate": "false"
        },
        {
          "speaker": "speaker1",
          "personaID": "01643",
          "participantID": "0031",
          "utterance": "그러게요 ㅋㅋ코만 하러 가는데 이곳 저곳 욕심나서 더 견적받는거 아닌가 모르겠네요 ㅋㅋ.",
          "summary": "",
          "date": "2022-08-19",
          "time": "19:07:35",
          "terminate": "false"
        },
        {
          "speaker": "speaker2",
          "personaID": "01974",
          "participantID": "0114",
          "utterance": "근데 금전적인거 생각하면 바로 정신이 들거에요! 걱정하지말구 견적정도는 받아보러 다녀와보세요~",
          "summary": "",
          "date": "2022-08-19",
          "time": "19:08:49",
          "terminate": "false"
        },
        {
          "speaker": "speaker1",
          "personaID": "01643",
          "participantID": "0031",
          "utterance": "네~! 오늘도 역시나 조언과 응원만 받다 가네요 ㅋㅋ.",
          "summary": "",
          "date": "2022-08-19",
          "time": "19:09:37",
          "terminate": "false"
        },
        {
          "speaker": "speaker2",
          "personaID": "01974",
          "participantID": "0114",
          "utterance": "저도 마찬가지입니다! 좋은 얘기 나눠서 즐거웠어요~",
          "summary": "",
          "date": "2022-08-19",
          "time": "19:10:14",
          "terminate": "false"
        },
        {
          "speaker": "speaker1",
          "personaID": "01643",
          "participantID": "0031",
          "utterance": "네 다녀와서 후기 말씀드릴게요~!",
          "summary": "",
          "date": "2022-08-19",
          "time": "19:10:35",
          "terminate": "false"
        },
        {
          "speaker": "speaker2",
          "personaID": "01974",
          "participantID": "0114",
          "utterance": "네네~ 상담후기 기대되네요^^!! 잘 다녀오세요!!",
          "summary": "",
          "date": "2022-08-19",
          "time": "19:11:18",
          "terminate": "true"
        }
      ],
      "sessionPersonaSummary": {
        "speaker1": [
          "나는 신 음식을 싫어한다.",
          "나는 종교가 없다.",
          "나는 오늘 성형외과가 갈 예정이다."
        ],
        "speaker2": [
          "나는 오코노미야키를 즐겨 먹는다.",
          "나는 로큰롤 음악을 좋아한다."
        ]
      },
      "prevAggregatedpersonaSummary": {
        "speaker1": [
          "나는 20대 여자이다,.",
          "나는 코성형을 할 예정이다.",
          "나는 택시운전원이다."
        ],
        "speaker2": [
          "나는 20대 여자이다.",
          "나는 미용을 전공했다.",
          "나의 지인은 성형외과에서 일한다.",
          "나는 물리치료사이다. 나의 여자 형제는 물리치료사이다."
        ]
      }
    }
  ]
}