{
  "FileInfo": {
    "filename": "K2-00286-CL32859-CP33336-01-10-S2.json",
    "sessionLevel": "2"
  },
  "participantsInfo": {
    "numberOfParticipants": "2",
    "speaker1": {
      "participantID": "7756",
      "gender": "남성",
      "age": "30대",
      "occupation": "자영업",
      "bPlace": "광주/전라/제주",
      "gPlace": "광주/전라/제주",
      "rPlace": "광주/전라/제주",
      "educationLevel": "고졸"
    },
    "speaker2": {
      "participantID": "7759",
      "gender": "남성",
      "age": "30대",
      "occupation": "자영업",
      "bPlace": "대전/세종/충청/강원",
      "gPlace": "대전/세종/충청/강원",
      "rPlace": "대전/세종/충청/강원",
      "educationLevel": "고졸"
    }
  },
  "multisessionInfo": {
    "multisessionID": "2-00286"
  },
  "personaInfo": {
    "clInfo": {
      "personaID": "32859",
      "personaFeatures": [
        "나는 남자이다.",
        "나는 30대이다.",
        "나는 저녁에 운동한다.",
        "나는 힐링 여행을 가끔 간다.",
        "나는 자주 화가 난다.",
        "나는 토마토파스타를 좋아한다."
      ],
      "speakerType": "speaker1"
    },
    "cpInfo": {
      "personaID": "33336",
      "personaFeatures": [
        "나는 남자이다.",
        "나는 30대이다.",
        "나는 밤에 SNS를 한다.",
        "나는 방송 리포터이다.",
        "나는 가끔 눈물이 난다.",
        "나는 술을 마시지 않는다."
      ],
      "speakerType": "speaker2"
    }
  },
  "topicInfo": {
    "topicID": "01-10",
    "topicType": "식음료",
    "topicTitle": "커피"
  },
  "sessionInfo": [
    {
      "prevSessionID": null,
      "prevTimeInfo": {
        "timeNum": null,
        "timeUnit": null
      },
      "nthSession": "1",
      "numberOfUtterances": "18",
      "numberOfTurns": "9",
      "sessionID": "2-00286-1",
      "dialog": [
        {
          "speaker": "speaker1",
          "personaID": "32859",
          "participantID": "7756",
          "utterance": "안녕하세요? 저는 30대 남자에요.",
          "summary": "나는 남자이다. 나는 30대이다.",
          "date": "2022-10-08",
          "time": "09:10:38",
          "terminate": "false"
        },
        {
          "speaker": "speaker2",
          "personaID": "33336",
          "participantID": "7759",
          "utterance": "안녕하세요? 저는 30대 남자에요. 제 직업은 방송 리포터에요.",
          "summary": "나는 남자이다. 나는 30대이다. 나는 방송 리포터이다.",
          "date": "2022-10-08",
          "time": "09:11:39",
          "terminate": "false"
        },
        {
          "speaker": "speaker1",
          "personaID": "32859",
          "participantID": "7756",
          "utterance": "반가워요. 지금 뭐하고 계세요? 저는 힐링 여행을 가끔 가서 다음에 힐링 여행 갈 곳을 알아보려고요.",
          "summary": "나는 힐링 여행을 가끔 간다.",
          "date": "2022-10-08",
          "time": "09:12:40",
          "terminate": "false"
        },
        {
          "speaker": "speaker2",
          "personaID": "33336",
          "participantID": "7759",
          "utterance": "저는 집에서 쉬려고요. 요즘 피곤하더라고요.",
          "summary": "나는 요즘 피곤하다.",
          "date": "2022-10-08",
          "time": "09:13:41",
          "terminate": "false"
        },
        {
          "speaker": "speaker1",
          "personaID": "32859",
          "participantID": "7756",
          "utterance": "그렇군요. 오전에는 뭐 하실 건가요? 저는 명상 수업을 들으면서 마음을 비우려고요. 최근에 친구랑 싸웠는데 아직도 자주 화가 나서요.",
          "summary": "나는 자주 화가 난다.",
          "date": "2022-10-08",
          "time": "09:14:42",
          "terminate": "false"
        },
        {
          "speaker": "speaker2",
          "personaID": "33336",
          "participantID": "7759",
          "utterance": "저는 병원에 가보려고요. 가끔 이유없이 눈물이 나더라고요.",
          "summary": "나는 가끔 눈물이 난다.",
          "date": "2022-10-08",
          "time": "09:15:43",
          "terminate": "false"
        },
        {
          "speaker": "speaker1",
          "personaID": "32859",
          "participantID": "7756",
          "utterance": "오늘 오후에는 뭐 하실 거에요? 저는 운동을 하려고요. 저는 보통 저녁에 운동을 해요.",
          "summary": "나는 저녁에 운동한다.",
          "date": "2022-10-08",
          "time": "09:16:44",
          "terminate": "false"
        },
        {
          "speaker": "speaker2",
          "personaID": "33336",
          "participantID": "7759",
          "utterance": "저는 SNS를 하려고요. 저는 보통 밤에 SNS를 하거든요.",
          "summary": "나는 밤에 SNS를 한다.",
          "date": "2022-10-08",
          "time": "09:17:45",
          "terminate": "false"
        },
        {
          "speaker": "speaker1",
          "personaID": "32859",
          "participantID": "7756",
          "utterance": "혹시 이번 주말에 뭐 하실 계획이세요? 저는 제가 좋아하는 토마토파스타를 먹으려고요.",
          "summary": "나는 토마토파스타를 좋아한다.",
          "date": "2022-10-08",
          "time": "09:18:46",
          "terminate": "false"
        },
        {
          "speaker": "speaker2",
          "personaID": "33336",
          "participantID": "7759",
          "utterance": "친구들하고 바에서 만나려고요. 근데 제가 술을 안마셔서 술 말고 다른 걸 마시려고요.",
          "summary": "나는 술을 마시지 않는다.",
          "date": "2022-10-08",
          "time": "09:19:47",
          "terminate": "false"
        },
        {
          "speaker": "speaker1",
          "personaID": "32859",
          "participantID": "7756",
          "utterance": "그렇군요. 근데 식사는 하셨나요??",
          "summary": "",
          "date": "2022-10-08",
          "time": "09:20:48",
          "terminate": "false"
        },
        {
          "speaker": "speaker2",
          "personaID": "33336",
          "participantID": "7759",
          "utterance": "저는 아직 안먹었어요. 그쪽은요?",
          "summary": "",
          "date": "2022-10-08",
          "time": "09:21:49",
          "terminate": "false"
        },
        {
          "speaker": "speaker1",
          "personaID": "32859",
          "participantID": "7756",
          "utterance": "저도 아직 안먹었어요. 저는 카스테라랑 야채 고로케를 먹으려고요.",
          "summary": "나는 카스텔라와 야채 크로켓을 먹을 생각이다.",
          "date": "2022-10-08",
          "time": "09:22:50",
          "terminate": "false"
        },
        {
          "speaker": "speaker2",
          "personaID": "33336",
          "participantID": "7759",
          "utterance": "그렇군요. 저는 굶으려고요. 배가 안고프네요.",
          "summary": "나는 배가 안고파서 굶을 생각이다.",
          "date": "2022-10-08",
          "time": "09:23:51",
          "terminate": "false"
        },
        {
          "speaker": "speaker1",
          "personaID": "32859",
          "participantID": "7756",
          "utterance": "저는 이제 힐링 여행 갈 곳을 알아보러 가봐야겠네요.",
          "summary": "",
          "date": "2022-10-08",
          "time": "09:24:52",
          "terminate": "false"
        },
        {
          "speaker": "speaker2",
          "personaID": "33336",
          "participantID": "7759",
          "utterance": "그렇군요. 그러면 얼른 가보세요.",
          "summary": "",
          "date": "2022-10-08",
          "time": "09:25:53",
          "terminate": "false"
        },
        {
          "speaker": "speaker1",
          "personaID": "32859",
          "participantID": "7756",
          "utterance": "죄송해요. 제가 나중에 다시 연락드릴게요.",
          "summary": "",
          "date": "2022-10-08",
          "time": "09:26:54",
          "terminate": "false"
        },
        {
          "speaker": "speaker2",
          "personaID": "33336",
          "participantID": "7759",
          "utterance": "아니에요. 괜찮아요. 나중에 꼭 다시 연락주세요.",
          "summary": "",
          "date": "2022-10-08",
          "time": "09:27:55",
          "terminate": "true"
        }
      ],
      "sessionPersonaSummary": {
        "speaker1": [
          "나는 남자이다. 나는 30대이다.",
          "나는 힐링 여행을 가끔 간다.",
          "나는 자주 화가 난다.",
          "나는 저녁에 운동한다.",
          "나는 토마토파스타를 좋아한다.",
          "나는 카스텔라와 야채 크로켓을 먹을 생각이다."
        ],
        "speaker2": [
          "나는 남자이다. 나는 30대이다. 나는 방송 리포터이다.",
          "나는 요즘 피곤하다.",
          "나는 가끔 눈물이 난다.",
          "나는 밤에 SNS를 한다.",
          "나는 술을 마시지 않는다.",
          "나는 배가 안고파서 굶을 생각이다."
        ]
      },
      "prevAggregatedpersonaSummary": {
        "speaker1": [],
        "speaker2": []
      }
    },
    {
      "prevSessionID": "2-00286-1",
      "prevTimeInfo": {
        "timeNum": "1",
        "timeUnit": "시간"
      },
      "nthSession": "2",
      "numberOfUtterances": "18",
      "numberOfTurns": "9",
      "sessionID": "2-00286-2",
      "dialog": [
        {
          "speaker": "speaker1",
          "personaID": "32859",
          "participantID": "7756",
          "utterance": "안녕하세요? 제가 다시 연락 드린다는게 벌써 한시간이나 지났네요.",
          "summary": "",
          "date": "2022-10-08",
          "time": "09:29:57",
          "terminate": "false"
        },
        {
          "speaker": "speaker2",
          "personaID": "33336",
          "participantID": "7759",
          "utterance": "다시 연락주실 줄 알았는데 연락이 안오더라고요. 근데 여행 갈 곳은 잘 알아보셨나요?",
          "summary": "나는 금방 연락이 올 줄 알았다.",
          "date": "2022-10-08",
          "time": "09:30:58",
          "terminate": "false"
        },
        {
          "speaker": "speaker1",
          "personaID": "32859",
          "participantID": "7756",
          "utterance": "네. 죄송해요. 제가 연락드리는 걸 까먹었어요.",
          "summary": "나는 연락하는 것을 까먹었다.",
          "date": "2022-10-08",
          "time": "09:31:59",
          "terminate": "false"
        },
        {
          "speaker": "speaker2",
          "personaID": "33336",
          "participantID": "7759",
          "utterance": "아니에요. 그럴 수 있죠. 괜찮아요.",
          "summary": "",
          "date": "2022-10-08",
          "time": "09:33:00",
          "terminate": "false"
        },
        {
          "speaker": "speaker1",
          "personaID": "32859",
          "participantID": "7756",
          "utterance": "이해해 주셔서 정말 감사합니다. 근데 너튜브 인기영상에 올라온 거 보셨나요?",
          "summary": "",
          "date": "2022-10-08",
          "time": "09:34:01",
          "terminate": "false"
        },
        {
          "speaker": "speaker2",
          "personaID": "33336",
          "participantID": "7759",
          "utterance": "아니요. 못 본 것 같아요. 무슨 내용이에요?",
          "summary": "",
          "date": "2022-10-08",
          "time": "09:35:02",
          "terminate": "false"
        },
        {
          "speaker": "speaker1",
          "personaID": "32859",
          "participantID": "7756",
          "utterance": "요즘 커피를 마시는 사람들이 엄청 늘었대요.",
          "summary": "요즘 커피를 마시는 사람들이 늘었다.",
          "date": "2022-10-08",
          "time": "09:36:03",
          "terminate": "false"
        },
        {
          "speaker": "speaker2",
          "personaID": "33336",
          "participantID": "7759",
          "utterance": "요즘은 다들 아침에 출근할 때 모두 한잔씩 들도 출근 하는 것 같아요.",
          "summary": "",
          "date": "2022-10-08",
          "time": "09:37:04",
          "terminate": "false"
        },
        {
          "speaker": "speaker1",
          "personaID": "32859",
          "participantID": "7756",
          "utterance": "저도 원래는 안마시는 편이었는데 요즘은 더 마시게 된 것 같아요.",
          "summary": "",
          "date": "2022-10-08",
          "time": "09:38:05",
          "terminate": "false"
        },
        {
          "speaker": "speaker2",
          "personaID": "33336",
          "participantID": "7759",
          "utterance": "그리고 밥 먹고 나서 산책하면서 또 한잔 마시고요.",
          "summary": "",
          "date": "2022-10-08",
          "time": "09:39:06",
          "terminate": "false"
        },
        {
          "speaker": "speaker1",
          "personaID": "32859",
          "participantID": "7756",
          "utterance": "저는 커피값이 부담되서 제가 직접 만들어서 마시고 있어요.",
          "summary": "나는 직접 커피를 만들어서 마신다.",
          "date": "2022-10-08",
          "time": "09:40:07",
          "terminate": "false"
        },
        {
          "speaker": "speaker2",
          "personaID": "33336",
          "participantID": "7759",
          "utterance": "저도 그러고 싶은데 귀찮아서 사먹게 되네요.",
          "summary": "",
          "date": "2022-10-08",
          "time": "09:41:08",
          "terminate": "false"
        },
        {
          "speaker": "speaker1",
          "personaID": "32859",
          "participantID": "7756",
          "utterance": "훨씬 저렴하고 생각보다 시간이 얼마 안걸려요.",
          "summary": "",
          "date": "2022-10-08",
          "time": "09:42:09",
          "terminate": "false"
        },
        {
          "speaker": "speaker2",
          "personaID": "33336",
          "participantID": "7759",
          "utterance": "그럼 저도 한번 해봐야겠네요.",
          "summary": "",
          "date": "2022-10-08",
          "time": "09:43:10",
          "terminate": "false"
        },
        {
          "speaker": "speaker1",
          "personaID": "32859",
          "participantID": "7756",
          "utterance": "저는 졸려서 이제 자러 가봐야겠네요.",
          "summary": "나는 졸리다.",
          "date": "2022-10-08",
          "time": "09:44:11",
          "terminate": "false"
        },
        {
          "speaker": "speaker2",
          "personaID": "33336",
          "participantID": "7759",
          "utterance": "저도 그 말을 들으니까 괜히 졸리네요.",
          "summary": "",
          "date": "2022-10-08",
          "time": "09:45:12",
          "terminate": "false"
        },
        {
          "speaker": "speaker1",
          "personaID": "32859",
          "participantID": "7756",
          "utterance": "제가 그쪽한테 잠기운을 옮겼나봐요. 하하.",
          "summary": "",
          "date": "2022-10-08",
          "time": "09:46:13",
          "terminate": "false"
        },
        {
          "speaker": "speaker2",
          "personaID": "33336",
          "participantID": "7759",
          "utterance": "그런 것 같네요. 아무튼 잘 주무시고 다음에 다시 얘기해요.",
          "summary": "",
          "date": "2022-10-08",
          "time": "09:47:14",
          "terminate": "true"
        }
      ],
      "sessionPersonaSummary": {
        "speaker1": [
          "나는 연락하는 것을 까먹었다.",
          "요즘 커피를 마시는 사람들이 늘었다.",
          "나는 직접 커피를 만들어서 마신다.",
          "나는 졸리다."
        ],
        "speaker2": [
          "나는 금방 연락이 올 줄 알았다."
        ]
      },
      "prevAggregatedpersonaSummary": {
        "speaker1": [
          "나는 남자이다. 나는 30대이다.",
          "나는 힐링 여행을 가끔 간다.",
          "나는 자주 화가 난다.",
          "나는 저녁에 운동한다.",
          "나는 토마토파스타를 좋아한다.",
          "나는 카스텔라와 야채 크로켓을 먹을 생각이다."
        ],
        "speaker2": [
          "나는 남자이다. 나는 30대이다. 나는 방송 리포터이다.",
          "나는 요즘 피곤하다.",
          "나는 가끔 눈물이 난다.",
          "나는 밤에 SNS를 한다.",
          "나는 술을 마시지 않는다.",
          "나는 배가 안고파서 굶을 생각이다."
        ]
      }
    }
  ]
}