{
  "FileInfo": {
    "filename": "K2-00277-CL41613-CP11659-20-06-S2.json",
    "sessionLevel": "2"
  },
  "participantsInfo": {
    "numberOfParticipants": "2",
    "speaker1": {
      "participantID": "0024",
      "gender": "여성",
      "age": "50대",
      "occupation": "주부",
      "bPlace": "부산/대구/울산/경상",
      "gPlace": "대전/세종/충청/강원",
      "rPlace": "부산/대구/울산/경상",
      "educationLevel": "대졸"
    },
    "speaker2": {
      "participantID": "0165",
      "gender": "여성",
      "age": "20대",
      "occupation": "무직",
      "bPlace": "부산/대구/울산/경상",
      "gPlace": "부산/대구/울산/경상",
      "rPlace": "부산/대구/울산/경상",
      "educationLevel": "대졸"
    }
  },
  "multisessionInfo": {
    "multisessionID": "2-00277"
  },
  "personaInfo": {
    "clInfo": {
      "personaID": "41613",
      "personaFeatures": [
        "나는 여자이다.",
        "나는 40대이다.",
        "나의 거주지는 김해이다",
        "나는 주식은 어떻게 하는지도 모른다",
        "나는 포크음악을 싫어한다"
      ],
      "speakerType": "speaker1"
    },
    "cpInfo": {
      "personaID": "11659",
      "personaFeatures": [
        "나는 여자이다.",
        "나는 10대이다.",
        "나의 어머니는 학원 선생님이다",
        "나는 부모님께 죄책감이 든다",
        "나는 치킨을 즐겨 먹는다"
      ],
      "speakerType": "speaker2"
    }
  },
  "topicInfo": {
    "topicID": "20-06",
    "topicType": "예술문화 생활>영화/만화",
    "topicTitle": "OTT서비스"
  },
  "sessionInfo": [
    {
      "prevSessionID": null,
      "prevTimeInfo": {
        "timeNum": null,
        "timeUnit": null
      },
      "nthSession": "1",
      "numberOfUtterances": "14",
      "numberOfTurns": "7",
      "sessionID": "2-00277-1",
      "dialog": [
        {
          "speaker": "speaker1",
          "personaID": "41613",
          "participantID": "0024",
          "utterance": "안녕하세요. 반갑습니다.저는40대여자입니다.",
          "summary": "나는 40대 여자이다.",
          "date": "2022-10-26",
          "time": "18:26:53",
          "terminate": "false"
        },
        {
          "speaker": "speaker2",
          "personaID": "11659",
          "participantID": "0165",
          "utterance": "만나서 반가워요! 저는 10대 여자입니다. ㅎㅎ",
          "summary": "나는 10대 여자이다.",
          "date": "2022-10-26",
          "time": "18:27:02",
          "terminate": "false"
        },
        {
          "speaker": "speaker1",
          "personaID": "41613",
          "participantID": "0024",
          "utterance": "반가워요. 저는울산에 사는데 어디사세요?",
          "summary": "나는 울사에 산다.",
          "date": "2022-10-26",
          "time": "18:27:30",
          "terminate": "false"
        },
        {
          "speaker": "speaker2",
          "personaID": "11659",
          "participantID": "0165",
          "utterance": "저는 부산에 살아요. 울산사시면 가깝네요! ",
          "summary": "나는 부산에 산다.",
          "date": "2022-10-26",
          "time": "18:27:51",
          "terminate": "false"
        },
        {
          "speaker": "speaker1",
          "personaID": "41613",
          "participantID": "0024",
          "utterance": "네 가까운데사네요. 저는요즘 트롯을즐겨들어요. 어떤 음악좋아하시나요?",
          "summary": "나는 트로트를 즐겨 듣는다.",
          "date": "2022-10-26",
          "time": "18:28:50",
          "terminate": "false"
        },
        {
          "speaker": "speaker2",
          "personaID": "11659",
          "participantID": "0165",
          "utterance": "저희 어머니도  트로트 좋아해요. 어머니가 학원선생님인데 학원가기전에 자주들어요.. 저는 트로트도 좋아하고 발라드도 좋아한답니다!",
          "summary": "나의 어머니는 트롯을 좋아하시고 학원 선생님이다. 학원 거기 전에 트롯을 자주 들으시고 나는 트롯도 좋아하고 발라드도 좋아한다",
          "date": "2022-10-26",
          "time": "18:29:32",
          "terminate": "false"
        },
        {
          "speaker": "speaker1",
          "personaID": "41613",
          "participantID": "0024",
          "utterance": "아그러세요. 요새 학생들도 트롯 좋아하더라구요. 좋아하는가수 있나요?",
          "summary": "",
          "date": "2022-10-26",
          "time": "18:30:14",
          "terminate": "false"
        },
        {
          "speaker": "speaker2",
          "personaID": "11659",
          "participantID": "0165",
          "utterance": "저는 트롯가수는 @이름@ 좋아해요 ㅎㅎ 그리고 방탄소년단 좋아하구요.. 방탄소년단 때문에 공부를 안해서 부모님께 죄책감이 들어요 ㅠ",
          "summary": "나는 트롯가수 @이름@ 좋아한다. 방탄소년단 때문에 공부를 안 해서 부모님께 죄책감이 든다.",
          "date": "2022-10-26",
          "time": "18:31:06",
          "terminate": "false"
        },
        {
          "speaker": "speaker1",
          "personaID": "41613",
          "participantID": "0024",
          "utterance": "아그러시구나. 얼마전에 부산에서 방탄소년공연했는데 보셨겠네요?",
          "summary": "",
          "date": "2022-10-26",
          "time": "18:31:44",
          "terminate": "false"
        },
        {
          "speaker": "speaker2",
          "personaID": "11659",
          "participantID": "0165",
          "utterance": "네. 직접보지는 못했지만 화면으로라도 볼수 있어서 좋았어요.. 제가 치킨을 즐겨먹어서 치킨먹으면서 봤네요 ㅋㅋ",
          "summary": "나는 방탄 소년 직접 보지는 안았지만 화면으로 볼 수 있어서 치킨을 머금면서 봤다\n",
          "date": "2022-10-26",
          "time": "18:32:14",
          "terminate": "false"
        },
        {
          "speaker": "speaker1",
          "personaID": "41613",
          "participantID": "0024",
          "utterance": "정말공연 멋있더라구요. 저는 포크음악은 싫어해요.  포크음악도 좋아하시나요?",
          "summary": "나는 포크음악을 싫어한다.",
          "date": "2022-10-26",
          "time": "18:33:08",
          "terminate": "false"
        },
        {
          "speaker": "speaker2",
          "personaID": "11659",
          "participantID": "0165",
          "utterance": "포크음악 저도 싫어해요. 제취향은 아닌거 같아요..",
          "summary": "나는 포크음악 싫어한다",
          "date": "2022-10-26",
          "time": "18:33:24",
          "terminate": "false"
        },
        {
          "speaker": "speaker1",
          "personaID": "41613",
          "participantID": "0024",
          "utterance": "저랑 취향이 같네요. 오늘 즐거웠어요",
          "summary": "",
          "date": "2022-10-26",
          "time": "18:33:57",
          "terminate": "false"
        },
        {
          "speaker": "speaker2",
          "personaID": "11659",
          "participantID": "0165",
          "utterance": "네~ 저도 오늘 대화해서 즐거웠어요! 이만가볼게요!",
          "summary": "",
          "date": "2022-10-26",
          "time": "18:34:27",
          "terminate": "true"
        }
      ],
      "sessionPersonaSummary": {
        "speaker1": [
          "나는 40대 여자이다.",
          "나는 울사에 산다.",
          "나는 트로트를 즐겨 듣는다.",
          "나는 포크음악을 싫어한다."
        ],
        "speaker2": [
          "나는 10대 여자이다.",
          "나는 부산에 산다.",
          "나의 어머니는 트롯을 좋아하시고 학원 선생님이다. 학원 거기 전에 트롯을 자주 들으시고 나는 트롯도 좋아하고 발라드도 좋아한다",
          "나는 트롯가수 @이름@ 좋아한다. 방탄소년단 때문에 공부를 안 해서 부모님께 죄책감이 든다.",
          "나는 방탄 소년 직접 보지는 안았지만 화면으로 볼 수 있어서 치킨을 머금면서 봤다\n",
          "나는 포크음악 싫어한다"
        ]
      },
      "prevAggregatedpersonaSummary": {
        "speaker1": [],
        "speaker2": []
      }
    },
    {
      "prevSessionID": "2-00277-1",
      "prevTimeInfo": {
        "timeNum": "6",
        "timeUnit": "일"
      },
      "nthSession": "2",
      "numberOfUtterances": "15",
      "numberOfTurns": "7",
      "sessionID": "2-00277-2",
      "dialog": [
        {
          "speaker": "speaker1",
          "personaID": "41613",
          "participantID": "0024",
          "utterance": "6일만이네요.  그동안 잘 지내셨나요?",
          "summary": "",
          "date": "2022-10-26",
          "time": "18:38:17",
          "terminate": "false"
        },
        {
          "speaker": "speaker2",
          "personaID": "11659",
          "participantID": "0165",
          "utterance": "네 정말 오랜만이네요! 잘니내셨죠?",
          "summary": "",
          "date": "2022-10-26",
          "time": "18:38:28",
          "terminate": "false"
        },
        {
          "speaker": "speaker1",
          "personaID": "41613",
          "participantID": "0024",
          "utterance": "네 저는 넷플리스로 지난간 영화를보면서 지냈어요. 영화좋아하시나요?",
          "summary": "나는 넷플릭스로 영화를 보며 지냈다.",
          "date": "2022-10-26",
          "time": "18:39:29",
          "terminate": "false"
        },
        {
          "speaker": "speaker2",
          "personaID": "11659",
          "participantID": "0165",
          "utterance": "영화 좋아하죠. '요즘 다양한 ott 서비스가 많아서 멀 이용할지 고민되요.",
          "summary": "다양한 ott서비스가 있어서 무엇을 이용할지 고민이다.",
          "date": "2022-10-26",
          "time": "18:40:21",
          "terminate": "false"
        },
        {
          "speaker": "speaker1",
          "personaID": "41613",
          "participantID": "0024",
          "utterance": "아그러시구나 저는 넷플릭스를이용하는데 다른것도 많더라구요.저는코믹영화 좋아하는데 어떤 장르를 주로 보시나요?",
          "summary": "나는 코믹영화를 좋아한다.",
          "date": "2022-10-26",
          "time": "18:41:33",
          "terminate": "false"
        },
        {
          "speaker": "speaker2",
          "personaID": "11659",
          "participantID": "0165",
          "utterance": "저는 유튜브 프리미엄을 주로 이용해요.. 아 저는 로맨틱 코미디를 즐겨봐요 ㅎㅎ 코믹영화도 좋아하구요.",
          "summary": "나는피리미엄을 주로 이용하고 로맨틱 코미디 즐겨본다. 코믹영화도 좋아한다",
          "date": "2022-10-26",
          "time": "18:42:07",
          "terminate": "false"
        },
        {
          "speaker": "speaker1",
          "personaID": "41613",
          "participantID": "0024",
          "utterance": "저도  코믹영화  좋아해요. 정직한 후보 보셨나요?",
          "summary": "",
          "date": "2022-10-26",
          "time": "18:42:57",
          "terminate": "false"
        },
        {
          "speaker": "speaker2",
          "personaID": "11659",
          "participantID": "0165",
          "utterance": "아니요. 정직한후보가 재미있나보네요 ㅎㅎ",
          "summary": "",
          "date": "2022-10-26",
          "time": "18:43:12",
          "terminate": "false"
        },
        {
          "speaker": "speaker1",
          "personaID": "41613",
          "participantID": "0024",
          "utterance": "네 @이름@ 나오는데 정말 재밌게  봤어요.",
          "summary": "",
          "date": "2022-10-26",
          "time": "18:43:46",
          "terminate": "false"
        },
        {
          "speaker": "speaker2",
          "personaID": "11659",
          "participantID": "0165",
          "utterance": "아 정말요?! ㅎㅎ @이름@ 나오면 재미있죠!  저도 다음에 봐야겠네요!",
          "summary": "나는 라미란 나오면 재미있어서 다음에 봐야겠다.",
          "date": "2022-10-26",
          "time": "18:44:08",
          "terminate": "false"
        },
        {
          "speaker": "speaker1",
          "personaID": "41613",
          "participantID": "0024",
          "utterance": "그러세요  .부모님께 서는 무슨일 하시나요?",
          "summary": "",
          "date": "2022-10-26",
          "time": "18:44:49",
          "terminate": "false"
        },
        {
          "speaker": "speaker2",
          "personaID": "11659",
          "participantID": "0165",
          "utterance": "어머니는 저번에 말씀드렸듯이 학원선생님이고 아버지는 건축가세요 ㅎㅎ",
          "summary": "나의 어머니는 학원 선생님이고 ㅇ버지는 건축가이다.",
          "date": "2022-10-26",
          "time": "18:45:11",
          "terminate": "false"
        },
        {
          "speaker": "speaker1",
          "personaID": "41613",
          "participantID": "0024",
          "utterance": "아그랬지요 제가 건망즈이 있어서  주식을 좀 하고 싶은데 어떻게 하는지 모라서 유튜브 로 고부하고 있어요",
          "summary": "나는 건망증이 있다. 나는 유튜브로 주식공부를 하고 있다.\n",
          "date": "2022-10-26",
          "time": "18:46:33",
          "terminate": "false"
        },
        {
          "speaker": "speaker2",
          "personaID": "11659",
          "participantID": "0165",
          "utterance": "요즘 주식 핫하더라구요.. 주식 성공하셨으면 좋겠어요! 저는 이만 숙제하러 가볼게요ㅠㅠ 오늘즐거웠어요!",
          "summary": "나는 주식이 성공하셨으면 좋겠다",
          "date": "2022-10-26",
          "time": "18:47:00",
          "terminate": "false"
        },
        {
          "speaker": "speaker1",
          "personaID": "41613",
          "participantID": "0024",
          "utterance": "감사합니다. 대화 즐거웠습니다",
          "summary": "",
          "date": "2022-10-26",
          "time": "18:47:27",
          "terminate": "true"
        }
      ],
      "sessionPersonaSummary": {
        "speaker1": [
          "나는 넷플릭스로 영화를 보며 지냈다.",
          "나는 코믹영화를 좋아한다.",
          "나는 건망증이 있다. 나는 유튜브로 주식공부를 하고 있다.\n"
        ],
        "speaker2": [
          "다양한 ott서비스가 있어서 무엇을 이용할지 고민이다.",
          "나는피리미엄을 주로 이용하고 로맨틱 코미디 즐겨본다. 코믹영화도 좋아한다",
          "나는 라미란 나오면 재미있어서 다음에 봐야겠다.",
          "나의 어머니는 학원 선생님이고 ㅇ버지는 건축가이다.",
          "나는 주식이 성공하셨으면 좋겠다"
        ]
      },
      "prevAggregatedpersonaSummary": {
        "speaker1": [
          "나는 40대 여자이다.",
          "나는 울사에 산다.",
          "나는 트로트를 즐겨 듣는다.",
          "나는 포크음악을 싫어한다."
        ],
        "speaker2": [
          "나는 10대 여자이다.",
          "나는 부산에 산다.",
          "나의 어머니는 트롯을 좋아하시고 학원 선생님이다. 학원 거기 전에 트롯을 자주 들으시고 나는 트롯도 좋아하고 발라드도 좋아한다",
          "나는 트롯가수 @이름@ 좋아한다. 방탄소년단 때문에 공부를 안 해서 부모님께 죄책감이 든다.",
          "나는 방탄 소년 직접 보지는 안았지만 화면으로 볼 수 있어서 치킨을 머금면서 봤다\n",
          "나는 포크음악 싫어한다"
        ]
      }
    }
  ]
}