{
  "FileInfo": {
    "filename": "K2-00168-CL25765-CP52915-15-06-S2.json",
    "sessionLevel": "2"
  },
  "participantsInfo": {
    "numberOfParticipants": "2",
    "speaker1": {
      "participantID": "3863",
      "gender": "여성",
      "age": "30대",
      "occupation": "사무직",
      "bPlace": "서울/경기/인천",
      "gPlace": "서울/경기/인천",
      "rPlace": "서울/경기/인천",
      "educationLevel": "대졸"
    },
    "speaker2": {
      "participantID": "4454",
      "gender": "여성",
      "age": "60대 이상",
      "occupation": "무직",
      "bPlace": "서울/경기/인천",
      "gPlace": "서울/경기/인천",
      "rPlace": "서울/경기/인천",
      "educationLevel": "고졸"
    }
  },
  "multisessionInfo": {
    "multisessionID": "2-00168"
  },
  "personaInfo": {
    "clInfo": {
      "personaID": "25765",
      "personaFeatures": [
        "나는 여자이다.",
        "나는 20대이다.",
        "나는 더운 날씨를 좋아한다",
        "나는 건설환경공학 전공이다",
        "나는 단소 연주를 배우고 있다",
        "나는 맥주를 싫어한다",
        "나는 오후에 낮잠을 잔다"
      ],
      "speakerType": "speaker1"
    },
    "cpInfo": {
      "personaID": "52915",
      "personaFeatures": [
        "나는 여자이다.",
        "나는 50대이다.",
        "나는 미술품 감정사이다",
        "나는 양식을 싫어한다",
        "나는 커피를 싫어한다",
        "나는 자전거를 가끔 탄다"
      ],
      "speakerType": "speaker2"
    }
  },
  "topicInfo": {
    "topicID": "15-06",
    "topicType": "시사/사회>타국가이슈(해외)",
    "topicTitle": "전쟁"
  },
  "sessionInfo": [
    {
      "prevSessionID": null,
      "prevTimeInfo": {
        "timeNum": null,
        "timeUnit": null
      },
      "nthSession": "1",
      "numberOfUtterances": "14",
      "numberOfTurns": "7",
      "sessionID": "2-00168-1",
      "dialog": [
        {
          "speaker": "speaker1",
          "personaID": "25765",
          "participantID": "3863",
          "utterance": " 안녕하세요 저는 20대 여성입니다~",
          "summary": "나는 20대 여성이다",
          "date": "2022-11-23",
          "time": "15:49:45",
          "terminate": "false"
        },
        {
          "speaker": "speaker2",
          "personaID": "52915",
          "participantID": "4454",
          "utterance": "안녕하세요 저는 미술품 감정사일을 하는 50대 여성입니다.",
          "summary": "나는 미술품 감정사일 하는 50대 여성이다.",
          "date": "2022-11-23",
          "time": "15:51:25",
          "terminate": "false"
        },
        {
          "speaker": "speaker1",
          "personaID": "25765",
          "participantID": "3863",
          "utterance": "저는 건설환경공학을 전공하고 있는 학생이에요 반갑습니다",
          "summary": "나는 건설환경공학을 전공하고 있다",
          "date": "2022-11-23",
          "time": "15:53:46",
          "terminate": "false"
        },
        {
          "speaker": "speaker2",
          "personaID": "52915",
          "participantID": "4454",
          "utterance": "조금은 생소한 과네요. 저는 양식을 싫어하는데 님은 싫어하시는 음식이 있나요",
          "summary": "나는 양식을 싫어한다.",
          "date": "2022-11-23",
          "time": "16:00:39",
          "terminate": "false"
        },
        {
          "speaker": "speaker1",
          "personaID": "25765",
          "participantID": "3863",
          "utterance": "저는 딱히 없지만 술을 안좋아해서 특히 맥주를 싫어해요!",
          "summary": "나는 맥주를 싫어한다",
          "date": "2022-11-23",
          "time": "17:29:57",
          "terminate": "false"
        },
        {
          "speaker": "speaker2",
          "personaID": "52915",
          "participantID": "4454",
          "utterance": "그러시군요. 저는 자전거를 가끔 타는데 좋아하시는 운동이 있으신가요?",
          "summary": "나는 자전거를 가끔 탄다.",
          "date": "2022-11-23",
          "time": "21:38:30",
          "terminate": "false"
        },
        {
          "speaker": "speaker1",
          "personaID": "25765",
          "participantID": "3863",
          "utterance": "자전거 재밌죠 전 집에 있는거 좋아해서 운동같은거 안하고 오후에 낮잠자요..",
          "summary": "나는 오후에 낮잠을 잔다",
          "date": "2022-11-24",
          "time": "15:13:37",
          "terminate": "false"
        },
        {
          "speaker": "speaker2",
          "personaID": "52915",
          "participantID": "4454",
          "utterance": "저도 집순이 인데 자전거는 딸과 함께 살살 타고 있어요",
          "summary": "나는 집순이고 딸과 함께 자전거를 탄다.",
          "date": "2022-11-25",
          "time": "00:26:38",
          "terminate": "false"
        },
        {
          "speaker": "speaker1",
          "personaID": "25765",
          "participantID": "3863",
          "utterance": "그렇군요! 저는 요즘 취미로 단소 연주를 배우고 있어요 생각보다 재밌더라구요",
          "summary": "나는 취미로 단소 연주를 배운다",
          "date": "2022-11-25",
          "time": "16:48:53",
          "terminate": "false"
        },
        {
          "speaker": "speaker2",
          "personaID": "52915",
          "participantID": "4454",
          "utterance": "저는 악기하나 다룰줄아시는 분들이 부럽더라그요 그 흔한 피아노도 못쳐서요",
          "summary": "나는 악기를 다루지 못해 다룰 줄 아는 분들이 부럽다.",
          "date": "2022-11-25",
          "time": "17:54:14",
          "terminate": "false"
        },
        {
          "speaker": "speaker1",
          "personaID": "25765",
          "participantID": "3863",
          "utterance": "저도 이제 막 배운거라 잘 하진 못해요!! 점점 날씨가 추워지네요.. 저는 더운 날씨를 좋아하는데 말이죠",
          "summary": "나는 더운 날을 좋아한다",
          "date": "2022-11-25",
          "time": "18:26:52",
          "terminate": "false"
        },
        {
          "speaker": "speaker2",
          "personaID": "52915",
          "participantID": "4454",
          "utterance": "저는 더위엔 너무 취약해요 에어컨을 끄면 큰일나요",
          "summary": "나는 더운걸 잘 못 참는다.",
          "date": "2022-11-25",
          "time": "20:23:39",
          "terminate": "false"
        },
        {
          "speaker": "speaker1",
          "personaID": "25765",
          "participantID": "3863",
          "utterance": "맞아요 더운 날씨를 좋아하긴 하지만 저도 에어컨 없이는 살지 못한답니다..",
          "summary": "나는 에어컨 없이 못 산다",
          "date": "2022-11-28",
          "time": "12:28:33",
          "terminate": "false"
        },
        {
          "speaker": "speaker2",
          "personaID": "52915",
          "participantID": "4454",
          "utterance": "저 이제 저녁먹은거 치워야 겠어요 나중에 이야기 나눠요",
          "summary": "나는 이제 저녁 먹은 거 치워야 한다.",
          "date": "2022-11-28",
          "time": "20:22:23",
          "terminate": "true"
        }
      ],
      "sessionPersonaSummary": {
        "speaker1": [
          "나는 20대 여성이다",
          "나는 건설환경공학을 전공하고 있다",
          "나는 맥주를 싫어한다",
          "나는 오후에 낮잠을 잔다",
          "나는 취미로 단소 연주를 배운다",
          "나는 더운 날을 좋아한다",
          "나는 에어컨 없이 못 산다"
        ],
        "speaker2": [
          "나는 미술품 감정사일 하는 50대 여성이다.",
          "나는 양식을 싫어한다.",
          "나는 자전거를 가끔 탄다.",
          "나는 집순이고 딸과 함께 자전거를 탄다.",
          "나는 악기를 다루지 못해 다룰 줄 아는 분들이 부럽다.",
          "나는 더운걸 잘 못 참는다.",
          "나는 이제 저녁 먹은 거 치워야 한다."
        ]
      },
      "prevAggregatedpersonaSummary": {
        "speaker1": [],
        "speaker2": []
      }
    },
    {
      "prevSessionID": "2-00168-1",
      "prevTimeInfo": {
        "timeNum": "3",
        "timeUnit": "일"
      },
      "nthSession": "2",
      "numberOfUtterances": "14",
      "numberOfTurns": "7",
      "sessionID": "2-00168-2",
      "dialog": [
        {
          "speaker": "speaker1",
          "personaID": "25765",
          "participantID": "3863",
          "utterance": "3일만이네요! 감정사님은 3일동안 별일 없으셨죠?",
          "summary": "",
          "date": "2022-11-29",
          "time": "13:50:11",
          "terminate": "false"
        },
        {
          "speaker": "speaker2",
          "personaID": "52915",
          "participantID": "4454",
          "utterance": "네. 잘 지내셨나요? 전쟁이 너무 안끝나서 큰일이네요",
          "summary": "나는 전쟁이 너무 안 끝나서 걱정이다.",
          "date": "2022-11-29",
          "time": "15:40:09",
          "terminate": "false"
        },
        {
          "speaker": "speaker1",
          "personaID": "25765",
          "participantID": "3863",
          "utterance": "조금 잊고 있었네요.. 맞아요 아직도 우크라이나랑 러시아 전쟁중이죠..ㅜㅜ",
          "summary": "나는 아직 전쟁 중이라 걱정이다",
          "date": "2022-11-29",
          "time": "15:50:54",
          "terminate": "false"
        },
        {
          "speaker": "speaker2",
          "personaID": "52915",
          "participantID": "4454",
          "utterance": "그쪽 일반 시민들 불쌍해요. ",
          "summary": "나는 우르라이나 일반 시민들이 불쌍하다.",
          "date": "2022-11-29",
          "time": "19:48:27",
          "terminate": "false"
        },
        {
          "speaker": "speaker1",
          "personaID": "25765",
          "participantID": "3863",
          "utterance": "한참 뉴스 보다가 슬퍼서 보지 못했네요 근데 또 러시아가 후퇴 하고 있다는 소식이 들려 오긴 하는데.. 아예 후퇴 해주었으면 좋겠네요 ",
          "summary": "나는 러시아가 후퇴하고 있다는 소식을 들었다",
          "date": "2022-11-29",
          "time": "19:59:30",
          "terminate": "false"
        },
        {
          "speaker": "speaker2",
          "personaID": "52915",
          "participantID": "4454",
          "utterance": "20대 청년들은 무작위로 잡아서 전쟁에 내보낸다는 기사도 봤어요",
          "summary": "나는 젊은 청년들을 무작위로 잡아 전쟁에 내보낸다는 기사를 봤다.",
          "date": "2022-11-29",
          "time": "21:33:03",
          "terminate": "false"
        },
        {
          "speaker": "speaker1",
          "personaID": "25765",
          "participantID": "3863",
          "utterance": "이게 진짜 2022년에 일어나는 일이 맞는지요..",
          "summary": "",
          "date": "2022-11-30",
          "time": "13:17:41",
          "terminate": "false"
        },
        {
          "speaker": "speaker2",
          "personaID": "52915",
          "participantID": "4454",
          "utterance": "그쵸. 너무 무섭지요? 우리나라도 분단국가라 언제 전쟁이 일어날지 모르는 일이잖아요",
          "summary": "나는 우리나라도 언제 전쟁이 일어날지 몰라 무섭다.",
          "date": "2022-11-30",
          "time": "13:57:20",
          "terminate": "false"
        },
        {
          "speaker": "speaker1",
          "personaID": "25765",
          "participantID": "3863",
          "utterance": "그쵸.. 우리도 언제든 전쟁이 일어날 수 있으니까요.. 안그래도 저희 친척분중에 무역회사 운영하시는 분이 계시거든요 우크라이나 전쟁으로 피해가 이만 저만 아니라고 들었어요",
          "summary": "나는 무역회사 하시는 피해가 많다고 들었다",
          "date": "2022-11-30",
          "time": "16:21:21",
          "terminate": "false"
        },
        {
          "speaker": "speaker2",
          "personaID": "52915",
          "participantID": "4454",
          "utterance": "맞아요 그리고 기름값이 오르니까 물건들 다 운반해서 판매하는건데 당연이 물건값도 오르죠. 물가 안정이 꼭 필요한데 유가가 너무 상승하네요",
          "summary": "나는 전쟁으로 인해 물가가 더 오르는 것 같다.",
          "date": "2022-11-30",
          "time": "20:48:30",
          "terminate": "false"
        },
        {
          "speaker": "speaker1",
          "personaID": "25765",
          "participantID": "3863",
          "utterance": "그러게요 여러모로 전쟁때문에 간접적으로 우리도 피해 보고 있잖아요.. 요즘 물건 하나 사는것도 무섭네요",
          "summary": "나는 우리나라도 피해를 보고 있어서 물건 사는 것도 무섭다",
          "date": "2022-11-30",
          "time": "21:06:40",
          "terminate": "false"
        },
        {
          "speaker": "speaker2",
          "personaID": "52915",
          "participantID": "4454",
          "utterance": "내년에는 경기가 더 않좋다는데 정말 무섭네요",
          "summary": "나는 내년 경기가 더 좋지 않다고 들었다.",
          "date": "2022-11-30",
          "time": "21:33:40",
          "terminate": "false"
        },
        {
          "speaker": "speaker1",
          "personaID": "25765",
          "participantID": "3863",
          "utterance": "네 그렇다고 하더라구요.. 일년은 더 버텨봐야 하나봐요 어서 하루빨리 전쟁이 끝나길 바래봅니다..",
          "summary": "나는 어서 전쟁이 끝나길 바란다",
          "date": "2022-12-01",
          "time": "15:50:55",
          "terminate": "false"
        },
        {
          "speaker": "speaker2",
          "personaID": "52915",
          "participantID": "4454",
          "utterance": "저도 빨리 전쟁이 끝이길요. 저 외근을 나가봐야해서 나중에 이야기 나눠요",
          "summary": "나는 빨리 전쟁이 끝나길 바란다.",
          "date": "2022-12-01",
          "time": "16:38:24",
          "terminate": "true"
        }
      ],
      "sessionPersonaSummary": {
        "speaker1": [
          "나는 아직 전쟁 중이라 걱정이다",
          "나는 러시아가 후퇴하고 있다는 소식을 들었다",
          "나는 무역회사 하시는 피해가 많다고 들었다",
          "나는 우리나라도 피해를 보고 있어서 물건 사는 것도 무섭다",
          "나는 어서 전쟁이 끝나길 바란다"
        ],
        "speaker2": [
          "나는 전쟁이 너무 안 끝나서 걱정이다.",
          "나는 우르라이나 일반 시민들이 불쌍하다.",
          "나는 젊은 청년들을 무작위로 잡아 전쟁에 내보낸다는 기사를 봤다.",
          "나는 우리나라도 언제 전쟁이 일어날지 몰라 무섭다.",
          "나는 전쟁으로 인해 물가가 더 오르는 것 같다.",
          "나는 내년 경기가 더 좋지 않다고 들었다.",
          "나는 빨리 전쟁이 끝나길 바란다."
        ]
      },
      "prevAggregatedpersonaSummary": {
        "speaker1": [
          "나는 20대 여성이다",
          "나는 건설환경공학을 전공하고 있다",
          "나는 맥주를 싫어한다",
          "나는 오후에 낮잠을 잔다",
          "나는 취미로 단소 연주를 배운다",
          "나는 더운 날을 좋아한다",
          "나는 에어컨 없이 못 산다"
        ],
        "speaker2": [
          "나는 미술품 감정사일 하는 50대 여성이다.",
          "나는 양식을 싫어한다.",
          "나는 자전거를 가끔 탄다.",
          "나는 집순이고 딸과 함께 자전거를 탄다.",
          "나는 악기를 다루지 못해 다룰 줄 아는 분들이 부럽다.",
          "나는 더운걸 잘 못 참는다.",
          "나는 이제 저녁 먹은 거 치워야 한다."
        ]
      }
    }
  ]
}