{
  "FileInfo": {
    "filename": "K2-00204-CL30476-CP30928-09-02-S2.json",
    "sessionLevel": "2"
  },
  "participantsInfo": {
    "numberOfParticipants": "2",
    "speaker1": {
      "participantID": "0244",
      "gender": "남성",
      "age": "30대",
      "occupation": "무직",
      "bPlace": "서울/경기/인천",
      "gPlace": "서울/경기/인천",
      "rPlace": "서울/경기/인천",
      "educationLevel": "고졸"
    },
    "speaker2": {
      "participantID": "0254",
      "gender": "남성",
      "age": "30대",
      "occupation": "사무직",
      "bPlace": "서울/경기/인천",
      "gPlace": "서울/경기/인천",
      "rPlace": "서울/경기/인천",
      "educationLevel": "고졸"
    }
  },
  "multisessionInfo": {
    "multisessionID": "2-00204"
  },
  "personaInfo": {
    "clInfo": {
      "personaID": "30476",
      "personaFeatures": [
        "나는 남자이다.",
        "나는 30대이다.",
        "나는 과일 재배원이다.",
        "나는 달리기를 자주 한다.",
        "나는 블루베리를 좋아한다."
      ],
      "speakerType": "speaker1"
    },
    "cpInfo": {
      "personaID": "30928",
      "personaFeatures": [
        "나는 남자이다.",
        "나는 30대이다.",
        "나는 택시 운전원이다.",
        "나는 자주 화가 난다.",
        "나는 순댓국을 즐겨 먹는다."
      ],
      "speakerType": "speaker2"
    }
  },
  "topicInfo": {
    "topicID": "09-02",
    "topicType": "개인 및 관계>반려동물",
    "topicTitle": "고양이"
  },
  "sessionInfo": [
    {
      "prevSessionID": null,
      "prevTimeInfo": {
        "timeNum": null,
        "timeUnit": null
      },
      "nthSession": "1",
      "numberOfUtterances": "14",
      "numberOfTurns": "7",
      "sessionID": "2-00204-1",
      "dialog": [
        {
          "speaker": "speaker1",
          "personaID": "30476",
          "participantID": "0244",
          "utterance": "안녕하십니까. 저는 30대 남자입니다. 그리고 과일 재배원을 하고 있어요!",
          "summary": "나는 30대 남자이다. 나는 과일 재배원이다.",
          "date": "2022-09-28",
          "time": "11:38:02",
          "terminate": "false"
        },
        {
          "speaker": "speaker2",
          "personaID": "30928",
          "participantID": "0254",
          "utterance": "저는 택시 운전원으로 일하고 있는 30대 중반 남성입니다!",
          "summary": "나는 30대 남자이다. 나는 택시 운전원이다.",
          "date": "2022-09-28",
          "time": "11:38:15",
          "terminate": "false"
        },
        {
          "speaker": "speaker1",
          "personaID": "30476",
          "participantID": "0244",
          "utterance": "택시 운전원이군요 ㅎㅎ 그러면 취미는 있으신가요? 저는 있어요.",
          "summary": "나는 취미가 있다.",
          "date": "2022-09-28",
          "time": "11:38:26",
          "terminate": "false"
        },
        {
          "speaker": "speaker2",
          "personaID": "30928",
          "participantID": "0254",
          "utterance": "아 그렇군요! 어떤 취미가 있으신지 궁금하네요!",
          "summary": "",
          "date": "2022-09-28",
          "time": "11:39:11",
          "terminate": "false"
        },
        {
          "speaker": "speaker1",
          "personaID": "30476",
          "participantID": "0244",
          "utterance": "저는 취미가 달리기 자주 하기입니다. 혹시 운동을 좋아하시는 편이신가요?",
          "summary": "나는 달리기를 자주 한다.",
          "date": "2022-09-28",
          "time": "11:39:22",
          "terminate": "false"
        },
        {
          "speaker": "speaker2",
          "personaID": "30928",
          "participantID": "0254",
          "utterance": "저도 운동을 좋아해요! 근데 일을 오래해서 시간이 별로 없어요ㅠㅠ.",
          "summary": "나는 일을 오래 해서 시간이 별로 없다.",
          "date": "2022-09-28",
          "time": "11:39:50",
          "terminate": "false"
        },
        {
          "speaker": "speaker1",
          "personaID": "30476",
          "participantID": "0244",
          "utterance": "일을 오래해서 시간이 없다니요? 하루 종일 택시를 타는 것인가요?",
          "summary": "",
          "date": "2022-09-28",
          "time": "11:40:00",
          "terminate": "false"
        },
        {
          "speaker": "speaker2",
          "personaID": "30928",
          "participantID": "0254",
          "utterance": "네 맞아요. 그래서 몸이 힘든데 요즘 진상들 때문에 자주 화가 나요.",
          "summary": "나는 자주 화가 난다.",
          "date": "2022-09-28",
          "time": "11:40:40",
          "terminate": "false"
        },
        {
          "speaker": "speaker1",
          "personaID": "30476",
          "participantID": "0244",
          "utterance": "진상들 때문에 화가 난다고요? 그러면 스트레스를 좀 풀어보세요~",
          "summary": "",
          "date": "2022-09-28",
          "time": "11:40:50",
          "terminate": "false"
        },
        {
          "speaker": "speaker2",
          "personaID": "30928",
          "participantID": "0254",
          "utterance": "스트레스를 뭘로 풀어야 할지 고민이 되네요. 님은 뭘로 푸세요?",
          "summary": "나는 뭘로 풀어야 할지 고민된다.",
          "date": "2022-09-28",
          "time": "11:41:07",
          "terminate": "false"
        },
        {
          "speaker": "speaker1",
          "personaID": "30476",
          "participantID": "0244",
          "utterance": "저는 저만의 스트레스 해소법이 따로 있는데, 알려드릴까요? ㅎㅎ.",
          "summary": "나는 스트레스 해소법이 있다.",
          "date": "2022-09-28",
          "time": "11:41:15",
          "terminate": "false"
        },
        {
          "speaker": "speaker2",
          "personaID": "30928",
          "participantID": "0254",
          "utterance": "네 그럼 좋겠네요! 저도 나중에 참고 해보고 싶어요.",
          "summary": "나는 나중에 참고해보고 싶다.",
          "date": "2022-09-28",
          "time": "11:41:40",
          "terminate": "false"
        },
        {
          "speaker": "speaker1",
          "personaID": "30476",
          "participantID": "0244",
          "utterance": "저는 블루베리를 좋아해서, 그걸 먹어서 스트레스를 풉니다.",
          "summary": "나는 블루베리를 좋아한다.",
          "date": "2022-09-28",
          "time": "11:41:42",
          "terminate": "false"
        },
        {
          "speaker": "speaker2",
          "personaID": "30928",
          "participantID": "0254",
          "utterance": "아하! 그럼 저는 즐겨먹는 순대국을 먹으며 풀어봐야겠네요ㅎㅎ.",
          "summary": "나는 순댓국을 즐겨 먹는다.",
          "date": "2022-09-28",
          "time": "11:42:02",
          "terminate": "true"
        }
      ],
      "sessionPersonaSummary": {
        "speaker1": [
          "나는 30대 남자이다. 나는 과일 재배원이다.",
          "나는 취미가 있다.",
          "나는 달리기를 자주 한다.",
          "나는 스트레스 해소법이 있다.",
          "나는 블루베리를 좋아한다."
        ],
        "speaker2": [
          "나는 30대 남자이다. 나는 택시 운전원이다.",
          "나는 일을 오래 해서 시간이 별로 없다.",
          "나는 자주 화가 난다.",
          "나는 뭘로 풀어야 할지 고민된다.",
          "나는 나중에 참고해보고 싶다.",
          "나는 순댓국을 즐겨 먹는다."
        ]
      },
      "prevAggregatedpersonaSummary": {
        "speaker1": [],
        "speaker2": []
      }
    },
    {
      "prevSessionID": "2-00204-1",
      "prevTimeInfo": {
        "timeNum": "6",
        "timeUnit": "시간"
      },
      "nthSession": "2",
      "numberOfUtterances": "14",
      "numberOfTurns": "7",
      "sessionID": "2-00204-2",
      "dialog": [
        {
          "speaker": "speaker1",
          "personaID": "30476",
          "participantID": "0244",
          "utterance": "시간이 6시간 지났네요. 퇴근은 하셨나요? 알고 싶습니다 ㅠㅠ.",
          "summary": "",
          "date": "2022-09-28",
          "time": "11:42:03",
          "terminate": "false"
        },
        {
          "speaker": "speaker2",
          "personaID": "30928",
          "participantID": "0254",
          "utterance": "저도 오늘은 일찍 퇴근했어요ㅎㅎ 좋아하는 블루베리는 오늘도 드셨나요?",
          "summary": "",
          "date": "2022-09-28",
          "time": "11:42:25",
          "terminate": "false"
        },
        {
          "speaker": "speaker1",
          "personaID": "30476",
          "participantID": "0244",
          "utterance": "블루베리 먹었죠~ 항상 먹는 편입니다. 퇴근하셨는데 지금은 뭐하시나요?",
          "summary": "나는 블루베리를 항상 먹는 편이다.",
          "date": "2022-09-28",
          "time": "11:42:39",
          "terminate": "false"
        },
        {
          "speaker": "speaker2",
          "personaID": "30928",
          "participantID": "0254",
          "utterance": "저는 반려동물에게 필요한 간식을 사서 집에 가려구요!",
          "summary": "나는 반려동물 간식을 사서 집에 갈 거다.",
          "date": "2022-09-28",
          "time": "11:43:00",
          "terminate": "false"
        },
        {
          "speaker": "speaker1",
          "personaID": "30476",
          "participantID": "0244",
          "utterance": "반려동물한테 간식을 사서 퇴근한다고요? 어떤 반려동물을 키우는데요?",
          "summary": "",
          "date": "2022-09-28",
          "time": "11:43:11",
          "terminate": "false"
        },
        {
          "speaker": "speaker2",
          "personaID": "30928",
          "participantID": "0254",
          "utterance": "고양이를 키우고 있습니다ㅎㅎ 너무 예쁘답니다.",
          "summary": "나는 고양이를 키운다.",
          "date": "2022-09-28",
          "time": "11:43:35",
          "terminate": "false"
        },
        {
          "speaker": "speaker1",
          "personaID": "30476",
          "participantID": "0244",
          "utterance": "고양이를 키우시는군요~ 그러면 고양이는 언제부터 키우셨나요?",
          "summary": "",
          "date": "2022-09-28",
          "time": "11:43:40",
          "terminate": "false"
        },
        {
          "speaker": "speaker2",
          "personaID": "30928",
          "participantID": "0254",
          "utterance": "한 3년정도 됐어요ㅎㅎ 아기 고양이때부터 키워서 정이 많이 들었어요.",
          "summary": "나는 3년 정도 키웠다.",
          "date": "2022-09-28",
          "time": "11:44:06",
          "terminate": "false"
        },
        {
          "speaker": "speaker1",
          "personaID": "30476",
          "participantID": "0244",
          "utterance": "저도 나중에 고양이를 키우고 싶은데, 여건이 안 되어서 너무 아쉽네요.",
          "summary": "나는 고양이를 키울 여건이 안 된다.",
          "date": "2022-09-28",
          "time": "11:44:08",
          "terminate": "false"
        },
        {
          "speaker": "speaker2",
          "personaID": "30928",
          "participantID": "0254",
          "utterance": "여건이 안되면 어쩔수 없지요ㅠㅠ 저는 아내가 집에 있어서 케어가 가능해요.",
          "summary": "",
          "date": "2022-09-28",
          "time": "11:44:38",
          "terminate": "false"
        },
        {
          "speaker": "speaker1",
          "personaID": "30476",
          "participantID": "0244",
          "utterance": "그래요? 아내가 있다니 부럽네요. 저는 혼자 살아서 속상합니다.",
          "summary": "나는 부럽다. 나는 혼자 산다.",
          "date": "2022-09-28",
          "time": "11:44:48",
          "terminate": "false"
        },
        {
          "speaker": "speaker2",
          "personaID": "30928",
          "participantID": "0254",
          "utterance": "저희가 자식이 없다보니 고양이를 키우게 됐어요ㅎㅎ.",
          "summary": "나는 자식이 없다.",
          "date": "2022-09-28",
          "time": "11:45:11",
          "terminate": "false"
        },
        {
          "speaker": "speaker1",
          "personaID": "30476",
          "participantID": "0244",
          "utterance": "그렇군요 ㅎㅎ 그러면 이해가 가네요! 앞으로도 고양이 잘 키우세요!",
          "summary": "",
          "date": "2022-09-28",
          "time": "11:45:26",
          "terminate": "false"
        },
        {
          "speaker": "speaker2",
          "personaID": "30928",
          "participantID": "0254",
          "utterance": "네 감사합니다! 다음에 저희집 고양이 사진보내드릴게요! 한번 보세요!",
          "summary": "",
          "date": "2022-09-28",
          "time": "11:45:50",
          "terminate": "true"
        }
      ],
      "sessionPersonaSummary": {
        "speaker1": [
          "나는 블루베리를 항상 먹는 편이다.",
          "나는 고양이를 키울 여건이 안 된다.",
          "나는 부럽다. 나는 혼자 산다."
        ],
        "speaker2": [
          "나는 반려동물 간식을 사서 집에 갈 거다.",
          "나는 고양이를 키운다.",
          "나는 3년 정도 키웠다.",
          "나는 자식이 없다."
        ]
      },
      "prevAggregatedpersonaSummary": {
        "speaker1": [
          "나는 30대 남자이다. 나는 과일 재배원이다.",
          "나는 취미가 있다.",
          "나는 달리기를 자주 한다.",
          "나는 스트레스 해소법이 있다.",
          "나는 블루베리를 좋아한다."
        ],
        "speaker2": [
          "나는 30대 남자이다. 나는 택시 운전원이다.",
          "나는 일을 오래 해서 시간이 별로 없다.",
          "나는 자주 화가 난다.",
          "나는 뭘로 풀어야 할지 고민된다.",
          "나는 나중에 참고해보고 싶다.",
          "나는 순댓국을 즐겨 먹는다."
        ]
      }
    }
  ]
}