{
  "FileInfo": {
    "filename": "K2-00341-CL21595-CP11584-17-01-S2.json",
    "sessionLevel": "2"
  },
  "participantsInfo": {
    "numberOfParticipants": "2",
    "speaker1": {
      "participantID": "0150",
      "gender": "여성",
      "age": "30대",
      "occupation": "사무직",
      "bPlace": "광주/전라/제주",
      "gPlace": "광주/전라/제주",
      "rPlace": "광주/전라/제주",
      "educationLevel": "고졸"
    },
    "speaker2": {
      "participantID": "2876",
      "gender": "여성",
      "age": "20대",
      "occupation": "자영업",
      "bPlace": "광주/전라/제주",
      "gPlace": "광주/전라/제주",
      "rPlace": "광주/전라/제주",
      "educationLevel": "대졸"
    }
  },
  "multisessionInfo": {
    "multisessionID": "2-00341"
  },
  "personaInfo": {
    "clInfo": {
      "personaID": "21595",
      "personaFeatures": [
        "나는 여자이다.",
        "나는 20대이다.",
        "나는 물고기 한 마리를 키운다",
        "나는 마케팅 및 홍보담당이다",
        "나는 일식을 싫어한다"
      ],
      "speakerType": "speaker1"
    },
    "cpInfo": {
      "personaID": "11584",
      "personaFeatures": [
        "나는 여자이다.",
        "나는 10대이다.",
        "나는 동생 과자 주 다툰다",
        "나는 매우 게으르다",
        "나는 고양이 세 마리를 키운다"
      ],
      "speakerType": "speaker2"
    }
  },
  "topicInfo": {
    "topicID": "17-01",
    "topicType": "미용과건강>건강",
    "topicTitle": "신체증상"
  },
  "sessionInfo": [
    {
      "prevSessionID": null,
      "prevTimeInfo": {
        "timeNum": null,
        "timeUnit": null
      },
      "nthSession": "1",
      "numberOfUtterances": "14",
      "numberOfTurns": "7",
      "sessionID": "2-00341-1",
      "dialog": [
        {
          "speaker": "speaker1",
          "personaID": "21595",
          "participantID": "0150",
          "utterance": "만나서반가워요~20대여자입니다",
          "summary": "나는 20대 여자이다",
          "date": "2022-10-25",
          "time": "10:37:51",
          "terminate": "false"
        },
        {
          "speaker": "speaker2",
          "personaID": "11584",
          "participantID": "2876",
          "utterance": "안녕하세요.저는10대여자입니다!",
          "summary": "나는 10대 여자이다.",
          "date": "2022-10-25",
          "time": "10:38:05",
          "terminate": "false"
        },
        {
          "speaker": "speaker1",
          "personaID": "21595",
          "participantID": "0150",
          "utterance": "파릇파릇하네요10대ㅎㅎ학교다는다닐만해요??",
          "summary": "",
          "date": "2022-10-25",
          "time": "10:38:48",
          "terminate": "false"
        },
        {
          "speaker": "speaker2",
          "personaID": "11584",
          "participantID": "2876",
          "utterance": "아침에일어나는게너무힘들어요..ㅎ제가매우게을러서...",
          "summary": "나는 아침에 일어나는 게 힘들다. 나는 매우 게으르다.",
          "date": "2022-10-25",
          "time": "10:39:14",
          "terminate": "false"
        },
        {
          "speaker": "speaker1",
          "personaID": "21595",
          "participantID": "0150",
          "utterance": "그건나이를먹어도똑같은거같아요ㅎㅎ저는뭐하는사람일꺼같아요??",
          "summary": "",
          "date": "2022-10-25",
          "time": "10:39:53",
          "terminate": "false"
        },
        {
          "speaker": "speaker2",
          "personaID": "11584",
          "participantID": "2876",
          "utterance": "아침에일어나는게힘들면..출퇴근하는직장인인가요?",
          "summary": "",
          "date": "2022-10-25",
          "time": "10:40:14",
          "terminate": "false"
        },
        {
          "speaker": "speaker1",
          "personaID": "21595",
          "participantID": "0150",
          "utterance": "네저는마케팅및홍보담당을하고있어요~싫어하는음식있어요??",
          "summary": "나는 마케팅 및 홍보를 담당하는 일을 한다",
          "date": "2022-10-25",
          "time": "10:41:04",
          "terminate": "false"
        },
        {
          "speaker": "speaker2",
          "personaID": "11584",
          "participantID": "2876",
          "utterance": "오!멋있네요.음..저는중식싫어해요.님은요?",
          "summary": "나는 중식을 싫어한다.",
          "date": "2022-10-25",
          "time": "10:41:22",
          "terminate": "false"
        },
        {
          "speaker": "speaker1",
          "personaID": "21595",
          "participantID": "0150",
          "utterance": "저는일식을싫어해요~학교생활은재밌나요?",
          "summary": "나는 일식을 싫어한다",
          "date": "2022-10-25",
          "time": "10:42:46",
          "terminate": "false"
        },
        {
          "speaker": "speaker2",
          "personaID": "11584",
          "participantID": "2876",
          "utterance": "저는일식좋아하는데!다르네요ㅎ학교에서노는건좋아요..ㅎ",
          "summary": "나는 일식을 좋아한다.",
          "date": "2022-10-25",
          "time": "10:43:45",
          "terminate": "false"
        },
        {
          "speaker": "speaker1",
          "personaID": "21595",
          "participantID": "0150",
          "utterance": "취미가뭐에요?10대의취미가궁금하네요",
          "summary": "",
          "date": "2022-10-25",
          "time": "10:47:36",
          "terminate": "false"
        },
        {
          "speaker": "speaker2",
          "personaID": "11584",
          "participantID": "2876",
          "utterance": "저는고양이랑노는거요ㅎ고양이세마리를키우거든요!님은요?",
          "summary": "나는 고양이 세 마리를 키운다.",
          "date": "2022-10-25",
          "time": "10:48:01",
          "terminate": "false"
        },
        {
          "speaker": "speaker1",
          "personaID": "21595",
          "participantID": "0150",
          "utterance": "저는물고기한마리를키워요!지금어항청소를하러가야겠어요이따대화해요ㅎㅎ",
          "summary": "나는 물고기 한 마리를 키운다",
          "date": "2022-10-25",
          "time": "10:49:20",
          "terminate": "false"
        },
        {
          "speaker": "speaker2",
          "personaID": "11584",
          "participantID": "2876",
          "utterance": "우와!네.그럼나중에다시이야기해요~",
          "summary": "",
          "date": "2022-10-25",
          "time": "10:49:40",
          "terminate": "true"
        }
      ],
      "sessionPersonaSummary": {
        "speaker1": [
          "나는 20대 여자이다",
          "나는 마케팅 및 홍보를 담당하는 일을 한다",
          "나는 일식을 싫어한다",
          "나는 물고기 한 마리를 키운다"
        ],
        "speaker2": [
          "나는 10대 여자이다.",
          "나는 아침에 일어나는 게 힘들다. 나는 매우 게으르다.",
          "나는 중식을 싫어한다.",
          "나는 일식을 좋아한다.",
          "나는 고양이 세 마리를 키운다."
        ]
      },
      "prevAggregatedpersonaSummary": {
        "speaker1": [],
        "speaker2": []
      }
    },
    {
      "prevSessionID": "2-00341-1",
      "prevTimeInfo": {
        "timeNum": "3",
        "timeUnit": "일"
      },
      "nthSession": "2",
      "numberOfUtterances": "14",
      "numberOfTurns": "7",
      "sessionID": "2-00341-2",
      "dialog": [
        {
          "speaker": "speaker1",
          "personaID": "21595",
          "participantID": "0150",
          "utterance": "3일이지났네요~잘지냈어요?",
          "summary": "",
          "date": "2022-10-25",
          "time": "10:54:03",
          "terminate": "false"
        },
        {
          "speaker": "speaker2",
          "personaID": "11584",
          "participantID": "2876",
          "utterance": "오랜만이에요!전잘지냈어요.님도잘지내셨나요?",
          "summary": "",
          "date": "2022-10-25",
          "time": "10:54:46",
          "terminate": "false"
        },
        {
          "speaker": "speaker1",
          "personaID": "21595",
          "participantID": "0150",
          "utterance": "그럼요3일동안뭐하고지냈어요?",
          "summary": "",
          "date": "2022-10-25",
          "time": "10:55:17",
          "terminate": "false"
        },
        {
          "speaker": "speaker2",
          "personaID": "11584",
          "participantID": "2876",
          "utterance": "저는동생이랑싸우면서3일을보냈네요..ㅎ",
          "summary": "나는 3일 동안 동생이랑 싸웠다.",
          "date": "2022-10-25",
          "time": "10:56:14",
          "terminate": "false"
        },
        {
          "speaker": "speaker1",
          "personaID": "21595",
          "participantID": "0150",
          "utterance": "동생이랑웬수사이인가봐요ㅎㅎ왜싸웠어요?",
          "summary": "",
          "date": "2022-10-25",
          "time": "10:57:21",
          "terminate": "false"
        },
        {
          "speaker": "speaker2",
          "personaID": "11584",
          "participantID": "2876",
          "utterance": "평소에도동생이랑자주다투거든요.제물건을자꾸써서ㅋㅋ",
          "summary": "나의 동생을 내 물건을 자꾸 쓴다. 나는 평소에도 동생이랑 자주 다툰다.",
          "date": "2022-10-25",
          "time": "10:57:59",
          "terminate": "false"
        },
        {
          "speaker": "speaker1",
          "personaID": "21595",
          "participantID": "0150",
          "utterance": "자매면그럴수있죠저는지금병원에가고있어요ㅠ",
          "summary": "나는 병원을 가고 있다",
          "date": "2022-10-25",
          "time": "10:58:30",
          "terminate": "false"
        },
        {
          "speaker": "speaker2",
          "personaID": "11584",
          "participantID": "2876",
          "utterance": "병원은왜요?어디다치신건가요?",
          "summary": "",
          "date": "2022-10-25",
          "time": "10:59:02",
          "terminate": "false"
        },
        {
          "speaker": "speaker1",
          "personaID": "21595",
          "participantID": "0150",
          "utterance": "기침을너무심하게해서갈비뼈에금간거같아요",
          "summary": "나는 격한 기침으로 갈비뼈에 금이 갔다 고추 정한다.",
          "date": "2022-10-25",
          "time": "11:02:31",
          "terminate": "false"
        },
        {
          "speaker": "speaker2",
          "personaID": "11584",
          "participantID": "2876",
          "utterance": "얼른병원가봐야겠네요.심하신건아니겠죠..",
          "summary": "",
          "date": "2022-10-25",
          "time": "11:03:10",
          "terminate": "false"
        },
        {
          "speaker": "speaker1",
          "personaID": "21595",
          "participantID": "0150",
          "utterance": "건강생각해서운동하려고헬스등록도해놨는데갈비뼈때매운동도못하겠네요운동좋아해요?",
          "summary": "나는 헬스 등록을 했다",
          "date": "2022-10-25",
          "time": "11:04:12",
          "terminate": "false"
        },
        {
          "speaker": "speaker2",
          "personaID": "11584",
          "participantID": "2876",
          "utterance": "네.저도요즘운동하면서관리중이에요",
          "summary": "나는 운동하면서 관리를 한다.",
          "date": "2022-10-25",
          "time": "11:05:08",
          "terminate": "false"
        },
        {
          "speaker": "speaker1",
          "personaID": "21595",
          "participantID": "0150",
          "utterance": "이제진료제차례네요진료보러갈께요대화즐거웠어요",
          "summary": "나는 진료를 보러 간다",
          "date": "2022-10-25",
          "time": "11:05:54",
          "terminate": "false"
        },
        {
          "speaker": "speaker2",
          "personaID": "11584",
          "participantID": "2876",
          "utterance": "네.치료잘받으시고나중에다시이야기해요~",
          "summary": "",
          "date": "2022-10-25",
          "time": "11:06:21",
          "terminate": "true"
        }
      ],
      "sessionPersonaSummary": {
        "speaker1": [
          "",
          "나는 병원을 가고 있다",
          "나는 격한 기침으로 갈비뼈에 금이 갔다 고추 정한다.",
          "나는 헬스 등록을 했다",
          "나는 진료를 보러 간다"
        ],
        "speaker2": [
          "나는 3일 동안 동생이랑 싸웠다.",
          "나의 동생을 내 물건을 자꾸 쓴다. 나는 평소에도 동생이랑 자주 다툰다.",
          "나는 운동하면서 관리를 한다."
        ]
      },
      "prevAggregatedpersonaSummary": {
        "speaker1": [
          "나는 20대 여자이다",
          "나는 마케팅 및 홍보를 담당하는 일을 한다",
          "나는 일식을 싫어한다",
          "나는 물고기 한 마리를 키운다"
        ],
        "speaker2": [
          "나는 10대 여자이다.",
          "나는 아침에 일어나는 게 힘들다. 나는 매우 게으르다.",
          "나는 중식을 싫어한다.",
          "나는 일식을 좋아한다.",
          "나는 고양이 세 마리를 키운다."
        ]
      }
    }
  ]
}