{
  "FileInfo": {
    "filename": "K2-00491-CL04675-CP04986-03-03-S2.json",
    "sessionLevel": "2"
  },
  "participantsInfo": {
    "numberOfParticipants": "2",
    "speaker1": {
      "participantID": "0491",
      "gender": "남성",
      "age": "50대",
      "occupation": "무직",
      "bPlace": "서울/경기/인천",
      "gPlace": "서울/경기/인천",
      "rPlace": "서울/경기/인천",
      "educationLevel": "대졸"
    },
    "speaker2": {
      "participantID": "0471",
      "gender": "여성",
      "age": "50대",
      "occupation": "사무직",
      "bPlace": "서울/경기/인천",
      "gPlace": "서울/경기/인천",
      "rPlace": "서울/경기/인천",
      "educationLevel": "대졸"
    }
  },
  "multisessionInfo": {
    "multisessionID": "2-00491"
  },
  "personaInfo": {
    "clInfo": {
      "personaID": "04675",
      "personaFeatures": [
        "나는 남자이다.",
        "나는 50대이다.",
        "나의 종교는 개신교이다.",
        "나는 음악 영화를 자주 본다.",
        "나는 함박스테이크를 싫어한다."
      ],
      "speakerType": "speaker1"
    },
    "cpInfo": {
      "personaID": "04986",
      "personaFeatures": [
        "나는 여자이다.",
        "나는 50대이다.",
        "나의 거주지는 경기도이다.",
        "내 인생에서 가장 슬펐던 때는 친구가 많이 아프다는 소식을 들었을 때이다.",
        "나는 컨트리 음악을 싫어한다."
      ],
      "speakerType": "speaker2"
    }
  },
  "topicInfo": {
    "topicID": "03-03",
    "topicType": "교통",
    "topicTitle": "택시"
  },
  "sessionInfo": [
    {
      "prevSessionID": null,
      "prevTimeInfo": {
        "timeNum": null,
        "timeUnit": null
      },
      "nthSession": "1",
      "numberOfUtterances": "14",
      "numberOfTurns": "7",
      "sessionID": "2-00491-1",
      "dialog": [
        {
          "speaker": "speaker1",
          "personaID": "04675",
          "participantID": "0491",
          "utterance": "반갑습니다. 저는 50대 남자입니다.",
          "summary": "나는 50대 남자이다.",
          "date": "2022-09-02",
          "time": "01:58:27",
          "terminate": "false"
        },
        {
          "speaker": "speaker2",
          "personaID": "04986",
          "participantID": "0471",
          "utterance": "반가워요. 저는 50대 여자에요.",
          "summary": "나는 50대 여자이다.",
          "date": "2022-09-02",
          "time": "01:58:27",
          "terminate": "false"
        },
        {
          "speaker": "speaker1",
          "personaID": "04675",
          "participantID": "0491",
          "utterance": "안녕하세요. 어디 사시는 분인지요?",
          "summary": "",
          "date": "2022-09-02",
          "time": "01:58:27",
          "terminate": "false"
        },
        {
          "speaker": "speaker2",
          "personaID": "04986",
          "participantID": "0471",
          "utterance": "저는 경기도에 살아요. 님는 어디 사시나요.",
          "summary": "나의 거주지는 경기도이다.",
          "date": "2022-09-02",
          "time": "01:58:27",
          "terminate": "false"
        },
        {
          "speaker": "speaker1",
          "personaID": "04675",
          "participantID": "0491",
          "utterance": "저도 그래요. 어떤거 좋아하시는거 있나요?",
          "summary": "",
          "date": "2022-09-02",
          "time": "01:58:27",
          "terminate": "false"
        },
        {
          "speaker": "speaker2",
          "personaID": "04986",
          "participantID": "0471",
          "utterance": "저는 좋아하는건 딱히 없어요. 컨트리 음악은 싫어요.",
          "summary": "나는 컨트리 음악을 싫어한다.",
          "date": "2022-09-02",
          "time": "01:58:27",
          "terminate": "false"
        },
        {
          "speaker": "speaker1",
          "personaID": "04675",
          "participantID": "0491",
          "utterance": "저는 음악 영화를 자주 보는데요 ㅎㅎ. 그러시구나~",
          "summary": "나는 음악영화를 자주 본다.",
          "date": "2022-09-02",
          "time": "01:58:27",
          "terminate": "false"
        },
        {
          "speaker": "speaker2",
          "personaID": "04986",
          "participantID": "0471",
          "utterance": "님은 종교같은건 있으신가요?",
          "summary": "",
          "date": "2022-09-02",
          "time": "01:58:27",
          "terminate": "false"
        },
        {
          "speaker": "speaker1",
          "personaID": "04675",
          "participantID": "0491",
          "utterance": "저는 개신교를 믿고있어요. 님은요?",
          "summary": "나의 종교는 개신교이다.",
          "date": "2022-09-02",
          "time": "01:58:27",
          "terminate": "false"
        },
        {
          "speaker": "speaker2",
          "personaID": "04986",
          "participantID": "0471",
          "utterance": "저는 바닥교를 믿어요. 좀 특이하죠?",
          "summary": "",
          "date": "2022-09-02",
          "time": "01:58:27",
          "terminate": "false"
        },
        {
          "speaker": "speaker1",
          "personaID": "04675",
          "participantID": "0491",
          "utterance": "뭔지 잘 모르겠네요~ 저는 식사를 좀 해야겠어요.",
          "summary": "",
          "date": "2022-09-02",
          "time": "02:01:19",
          "terminate": "false"
        },
        {
          "speaker": "speaker2",
          "personaID": "04986",
          "participantID": "0471",
          "utterance": "바닥을 보면서 기도를 하는건데 머리가 비워지고 좋아요.",
          "summary": "",
          "date": "2022-09-02",
          "time": "02:01:19",
          "terminate": "false"
        },
        {
          "speaker": "speaker1",
          "personaID": "04675",
          "participantID": "0491",
          "utterance": "그렇군요. 신기하네요. 저는 식사 하고 올게요.",
          "summary": "",
          "date": "2022-09-02",
          "time": "02:01:19",
          "terminate": "false"
        },
        {
          "speaker": "speaker2",
          "personaID": "04986",
          "participantID": "0471",
          "utterance": "네. 식사 맛있게 하세요. 다음에 봐요.",
          "summary": "",
          "date": "2022-09-02",
          "time": "02:01:19",
          "terminate": "true"
        }
      ],
      "sessionPersonaSummary": {
        "speaker1": [
          "나는 50대 남자이다.",
          "나는 음악영화를 자주 본다.",
          "나의 종교는 개신교이다."
        ],
        "speaker2": [
          "나는 50대 여자이다.",
          "나의 거주지는 경기도이다.",
          "나는 컨트리 음악을 싫어한다."
        ]
      },
      "prevAggregatedpersonaSummary": {
        "speaker1": [],
        "speaker2": []
      }
    },
    {
      "prevSessionID": "2-00491-1",
      "prevTimeInfo": {
        "timeNum": "2",
        "timeUnit": "시간"
      },
      "nthSession": "2",
      "numberOfUtterances": "14",
      "numberOfTurns": "7",
      "sessionID": "2-00491-2",
      "dialog": [
        {
          "speaker": "speaker1",
          "personaID": "04675",
          "participantID": "0491",
          "utterance": "저는 식사 좀 하고 왔는데 님은 식사 하셨나요?",
          "summary": "",
          "date": "2022-09-02",
          "time": "02:01:19",
          "terminate": "false"
        },
        {
          "speaker": "speaker2",
          "personaID": "04986",
          "participantID": "0471",
          "utterance": "아뇨. 저는 귀찮아서 밥을 잘안먹어요.",
          "summary": "나는 밥을 잘 안 먹는다.",
          "date": "2022-09-02",
          "time": "02:01:19",
          "terminate": "false"
        },
        {
          "speaker": "speaker1",
          "personaID": "04675",
          "participantID": "0491",
          "utterance": "그러시군요. 저는 이제 택시 타고 좀 나갔다 와야해요.",
          "summary": "나는 택시를 탄다.",
          "date": "2022-09-02",
          "time": "02:01:19",
          "terminate": "false"
        },
        {
          "speaker": "speaker2",
          "personaID": "04986",
          "participantID": "0471",
          "utterance": "어디를 나가시길래 택시를 타시나요.",
          "summary": "",
          "date": "2022-09-02",
          "time": "02:01:19",
          "terminate": "false"
        },
        {
          "speaker": "speaker1",
          "personaID": "04675",
          "participantID": "0491",
          "utterance": "제가 차가 없는데 급하게 병원을 가야해서요.",
          "summary": "나는 병원에 간다.",
          "date": "2022-09-02",
          "time": "02:01:19",
          "terminate": "false"
        },
        {
          "speaker": "speaker2",
          "personaID": "04986",
          "participantID": "0471",
          "utterance": "어디가 아프신가봐요? 왜그러세요?",
          "summary": "",
          "date": "2022-09-02",
          "time": "02:01:19",
          "terminate": "false"
        },
        {
          "speaker": "speaker1",
          "personaID": "04675",
          "participantID": "0491",
          "utterance": "친구가 어디 사고가 나서 입원을 했다는거같아요.",
          "summary": "",
          "date": "2022-09-02",
          "time": "02:01:19",
          "terminate": "false"
        },
        {
          "speaker": "speaker2",
          "personaID": "04986",
          "participantID": "0471",
          "utterance": "아 그렇군요. 저도 인생에서 가장 슬펐을떄가 친구가 많이 아팠을때에요.",
          "summary": "내 인생에서 가장 슬펐던 때는 친구가 많이 아프다는 소식을 들었을 때이다.",
          "date": "2022-09-02",
          "time": "02:01:19",
          "terminate": "false"
        },
        {
          "speaker": "speaker1",
          "personaID": "04675",
          "participantID": "0491",
          "utterance": "택시라도 빨리 타고 가야죠... 참 착잡하네요.",
          "summary": "",
          "date": "2022-09-02",
          "time": "02:01:19",
          "terminate": "false"
        },
        {
          "speaker": "speaker2",
          "personaID": "04986",
          "participantID": "0471",
          "utterance": "그래요. 어서 가보세요. 택시 타면 얼마나 걸리나요?",
          "summary": "",
          "date": "2022-09-02",
          "time": "02:01:19",
          "terminate": "false"
        },
        {
          "speaker": "speaker1",
          "personaID": "04675",
          "participantID": "0491",
          "utterance": "한 20분 걸릴거같아요. 금방 가봐야죠.",
          "summary": "",
          "date": "2022-09-02",
          "time": "02:01:19",
          "terminate": "false"
        },
        {
          "speaker": "speaker2",
          "personaID": "04986",
          "participantID": "0471",
          "utterance": "그렇군요. 늦지 않게 어서 가보셔요.",
          "summary": "",
          "date": "2022-09-02",
          "time": "02:01:38",
          "terminate": "false"
        },
        {
          "speaker": "speaker1",
          "personaID": "04675",
          "participantID": "0491",
          "utterance": "감사합니다. 그러면 다음에 또 연락합시다.",
          "summary": "",
          "date": "2022-09-02",
          "time": "02:01:46",
          "terminate": "false"
        },
        {
          "speaker": "speaker2",
          "personaID": "04986",
          "participantID": "0471",
          "utterance": "그래요. 별일 아니기를 바랄게요. 다음에 또 봐요.",
          "summary": "",
          "date": "2022-09-02",
          "time": "02:01:56",
          "terminate": "true"
        }
      ],
      "sessionPersonaSummary": {
        "speaker1": [
          "나는 택시를 탄다.",
          "나는 병원에 간다."
        ],
        "speaker2": [
          "나는 밥을 잘 안 먹는다.",
          "내 인생에서 가장 슬펐던 때는 친구가 많이 아프다는 소식을 들었을 때이다."
        ]
      },
      "prevAggregatedpersonaSummary": {
        "speaker1": [
          "나는 50대 남자이다.",
          "나는 음악영화를 자주 본다.",
          "나의 종교는 개신교이다."
        ],
        "speaker2": [
          "나는 50대 여자이다.",
          "나의 거주지는 경기도이다.",
          "나는 컨트리 음악을 싫어한다."
        ]
      }
    }
  ]
}