{
  "FileInfo": {
    "filename": "K2-00210-CL01835-CP01568-06-12-S2.json",
    "sessionLevel": "2"
  },
  "participantsInfo": {
    "numberOfParticipants": "2",
    "speaker1": {
      "participantID": "0031",
      "gender": "여성",
      "age": "20대",
      "occupation": "전문직",
      "bPlace": "서울/경기/인천",
      "gPlace": "서울/경기/인천",
      "rPlace": "서울/경기/인천",
      "educationLevel": "대졸"
    },
    "speaker2": {
      "participantID": "0052",
      "gender": "여성",
      "age": "20대",
      "occupation": "무직",
      "bPlace": "부산/대구/울산/경상",
      "gPlace": "부산/대구/울산/경상",
      "rPlace": "부산/대구/울산/경상",
      "educationLevel": "대졸"
    }
  },
  "multisessionInfo": {
    "multisessionID": "2-00210"
  },
  "personaInfo": {
    "clInfo": {
      "personaID": "01835",
      "personaFeatures": [
        "나는 여자이다.",
        "나는 20대이다.",
        "나의 거주지는 서울이다.",
        "나는 조용하지만 한번 친해지면 말을 많이 한다.",
        "나는 야근을 하는 게 지루하다."
      ],
      "speakerType": "speaker1"
    },
    "cpInfo": {
      "personaID": "01568",
      "personaFeatures": [
        "나는 여자이다.",
        "나는 20대이다.",
        "나는 아버지와 갈등이 있다.",
        "나는 야구를 가끔 한다.",
        "나는 일본어에 관심 있지만 배울 시간이 없다."
      ],
      "speakerType": "speaker2"
    }
  },
  "topicInfo": {
    "topicID": "06-12",
    "topicType": "교육",
    "topicTitle": "도서관"
  },
  "sessionInfo": [
    {
      "prevSessionID": null,
      "prevTimeInfo": {
        "timeNum": null,
        "timeUnit": null
      },
      "nthSession": "1",
      "numberOfUtterances": "16",
      "numberOfTurns": "8",
      "sessionID": "2-00210-1",
      "dialog": [
        {
          "speaker": "speaker1",
          "personaID": "01835",
          "participantID": "0031",
          "utterance": "안녕하세요! 저는 서울에 사는 25살 여자입니다ㅎㅎ.",
          "summary": "나는 25살 여자이다. 나는 서울에 산다.",
          "date": "2022-09-01",
          "time": "15:05:49",
          "terminate": "false"
        },
        {
          "speaker": "speaker2",
          "personaID": "01568",
          "participantID": "0052",
          "utterance": "안녕하세요 서울사는 21살 여자입니당~ㅎㅎ 만나서 반가워용!",
          "summary": "나는 21살 여자이다. 나는 서울에 산다.",
          "date": "2022-09-01",
          "time": "15:06:15",
          "terminate": "false"
        },
        {
          "speaker": "speaker1",
          "personaID": "01835",
          "participantID": "0031",
          "utterance": "학생이신가요? 저는 이번에 취업해서 완전 신입이네요ㅎㅎ.",
          "summary": "나는 회사 신입이다.",
          "date": "2022-09-01",
          "time": "15:07:21",
          "terminate": "false"
        },
        {
          "speaker": "speaker2",
          "personaID": "01568",
          "participantID": "0052",
          "utterance": "아니요 저는 직장인이라서 바빠요. 일본어 좋아하는데 배울 시간도 없어요 ㅠㅠ.",
          "summary": "나는 직장인이다. 나는 일본어를 좋아한다. 나는 바쁘다.",
          "date": "2022-09-01",
          "time": "15:07:50",
          "terminate": "false"
        },
        {
          "speaker": "speaker1",
          "personaID": "01835",
          "participantID": "0031",
          "utterance": "어린데 직장인이시네요 대단하세요ㅎㅎ 야근하는거 지루해서 싫어요ㅋㅋ 일본 애니메이션 좋아하시나요?",
          "summary": "나는 야근하는 게 지루하다.",
          "date": "2022-09-01",
          "time": "15:09:24",
          "terminate": "false"
        },
        {
          "speaker": "speaker2",
          "personaID": "01568",
          "participantID": "0052",
          "utterance": "유명한거만 좋아해용! 짱구 도라에몽 같은거요 ㅎㅎ.",
          "summary": "나는 짱구와 도라에몽을 좋아한다.",
          "date": "2022-09-01",
          "time": "15:10:20",
          "terminate": "false"
        },
        {
          "speaker": "speaker1",
          "personaID": "01835",
          "participantID": "0031",
          "utterance": "짱구 너무 귀여워요ㅎㅎ 외국인이랑 대화해보셨나요? 저는 조용해서 처음보는 사람이랑 말하는게 불편하던데. 그래도 한번 친해지면 말 많아요ㅎㅎ.",
          "summary": "나는 조용하지만 친해지면 말을 많이 하는 편이다.",
          "date": "2022-09-01",
          "time": "15:10:47",
          "terminate": "false"
        },
        {
          "speaker": "speaker2",
          "personaID": "01568",
          "participantID": "0052",
          "utterance": "일본인하고 해봤어요..ㅋㅋㅋㅋㅋㅋ 저도 낯많이 가리는데 취미가 같아서 친해졌어요.",
          "summary": "나는 일본인과 얘기를 해봤다. 나는 낯을 많이 가린다.",
          "date": "2022-09-01",
          "time": "15:13:33",
          "terminate": "false"
        },
        {
          "speaker": "speaker1",
          "personaID": "01835",
          "participantID": "0031",
          "utterance": "오... 역시 취미가 같아야 말이 통하는 것 같아요. 무슨 취미가 있으신가요?",
          "summary": "",
          "date": "2022-09-01",
          "time": "15:14:40",
          "terminate": "false"
        },
        {
          "speaker": "speaker2",
          "personaID": "01568",
          "participantID": "0052",
          "utterance": "저는 가끔씩 야구를 해요.. 근데 제가 여자라 아버지가 야구하는걸 싫어하세요 ㅠㅠ.",
          "summary": "나는 가끔씩 야구를 한다. 나의 아버지는 내가 야구를 하는 것을 싫어한다.",
          "date": "2022-09-01",
          "time": "15:14:56",
          "terminate": "false"
        },
        {
          "speaker": "speaker1",
          "personaID": "01835",
          "participantID": "0031",
          "utterance": "요즘 세상에 그런게 어딨어요ㅡㅡ 저는 야구룰을 잘 몰라서 야구장가면 치킨만 먹어요ㅋㅋㅋ.",
          "summary": "나는 야구 룰을 모른다.",
          "date": "2022-09-01",
          "time": "15:15:35",
          "terminate": "false"
        },
        {
          "speaker": "speaker2",
          "personaID": "01568",
          "participantID": "0052",
          "utterance": "그러니깐요. 너무 보수적이세요 .. ㅠ 야구룰 제가 다음에 가르쳐 드릴게요 ㅎㅎ.",
          "summary": "나의 아버지는 보수적이다.",
          "date": "2022-09-01",
          "time": "15:15:59",
          "terminate": "false"
        },
        {
          "speaker": "speaker1",
          "personaID": "01835",
          "participantID": "0031",
          "utterance": "좋아요! 야구 좋아하시는 분들은 응원복도 입고 다니시던데ㅋㅋ 응원복 있으신가요?",
          "summary": "",
          "date": "2022-09-01",
          "time": "15:16:58",
          "terminate": "false"
        },
        {
          "speaker": "speaker2",
          "personaID": "01568",
          "participantID": "0052",
          "utterance": "네 있어요! 야구장에 가면 팔거든요 ㅎㅎㅎ 좀 비싸긴 해서 많이는 못사요 ㅠ.",
          "summary": "나는 야구 응원복이 있다. 야구 응원복은 비싸다.",
          "date": "2022-09-01",
          "time": "15:17:43",
          "terminate": "false"
        },
        {
          "speaker": "speaker1",
          "personaID": "01835",
          "participantID": "0031",
          "utterance": "아 그렇군요~ 다음에 저랑 같이 응원하면서 치킨먹어요ㅎㅎ.",
          "summary": "",
          "date": "2022-09-01",
          "time": "15:18:26",
          "terminate": "false"
        },
        {
          "speaker": "speaker2",
          "personaID": "01568",
          "participantID": "0052",
          "utterance": "네네 다음에 저랑 같이가요 제가 룰가르쳐 드릴게요~!!",
          "summary": "",
          "date": "2022-09-01",
          "time": "15:18:40",
          "terminate": "true"
        }
      ],
      "sessionPersonaSummary": {
        "speaker1": [
          "나는 25살 여자이다. 나는 서울에 산다.",
          "나는 회사 신입이다.",
          "나는 야근하는 게 지루하다.",
          "나는 조용하지만 친해지면 말을 많이 하는 편이다.",
          "나는 야구 룰을 모른다."
        ],
        "speaker2": [
          "나는 21살 여자이다. 나는 서울에 산다.",
          "나는 직장인이다. 나는 일본어를 좋아한다. 나는 바쁘다.",
          "나는 짱구와 도라에몽을 좋아한다.",
          "나는 일본인과 얘기를 해봤다. 나는 낯을 많이 가린다.",
          "나는 가끔씩 야구를 한다. 나의 아버지는 내가 야구를 하는 것을 싫어한다.",
          "나의 아버지는 보수적이다.",
          "나는 야구 응원복이 있다. 야구 응원복은 비싸다."
        ]
      },
      "prevAggregatedpersonaSummary": {
        "speaker1": [],
        "speaker2": []
      }
    },
    {
      "prevSessionID": "2-00210-1",
      "prevTimeInfo": {
        "timeNum": "2",
        "timeUnit": "일"
      },
      "nthSession": "2",
      "numberOfUtterances": "16",
      "numberOfTurns": "8",
      "sessionID": "2-00210-2",
      "dialog": [
        {
          "speaker": "speaker1",
          "personaID": "01835",
          "participantID": "0031",
          "utterance": "안녕하세요~ 오늘은 주말인데 뭐하고 계세요?",
          "summary": "",
          "date": "2022-09-01",
          "time": "15:19:44",
          "terminate": "false"
        },
        {
          "speaker": "speaker2",
          "personaID": "01568",
          "participantID": "0052",
          "utterance": "저는 야구 보고 있었어요. 우리팀 지고 있어서 슬퍼요 ㅠㅠ.",
          "summary": "나는 야구를 보고 있다. 응원하는 야구팀이 지고 있다.",
          "date": "2022-09-01",
          "time": "15:33:20",
          "terminate": "false"
        },
        {
          "speaker": "speaker1",
          "personaID": "01835",
          "participantID": "0031",
          "utterance": "아이고ㅠㅠ 야구 매회 경기마다 챙겨보시나봐요. 저는 오늘 집 앞에 새로 생긴 도서관에 갈려고요!",
          "summary": "나는 도서관에 갈 예정이다. 집 앞에 도서관이 새로 생겼다.",
          "date": "2022-09-01",
          "time": "15:35:01",
          "terminate": "false"
        },
        {
          "speaker": "speaker2",
          "personaID": "01568",
          "participantID": "0052",
          "utterance": "우와 새로 생겼어요? 너무 좋으시겠어요!ㅎㅎ.",
          "summary": "",
          "date": "2022-09-01",
          "time": "15:36:20",
          "terminate": "false"
        },
        {
          "speaker": "speaker1",
          "personaID": "01835",
          "participantID": "0031",
          "utterance": "네 진짜 엄청 넓대요! 가보면 읽고 싶은책은 웬만하면 다 있을 것 같네요. 책 좋아하세요?",
          "summary": "",
          "date": "2022-09-01",
          "time": "15:37:33",
          "terminate": "false"
        },
        {
          "speaker": "speaker2",
          "personaID": "01568",
          "participantID": "0052",
          "utterance": "네 저는 에세이를 좋아해요 ㅋㅋㅋㅋㅋ 심리학도 좋아하구요.",
          "summary": "나는 에세이를 좋아한다. 나는 심리학을 좋아한다.",
          "date": "2022-09-01",
          "time": "15:38:04",
          "terminate": "false"
        },
        {
          "speaker": "speaker1",
          "personaID": "01835",
          "participantID": "0031",
          "utterance": "에세이 힐링되죠ㅎㅎ 저는 SF장르요. 혹시 추천할만한 책 있나요? 빌려오고 싶어서요.",
          "summary": "나는 SF 장르를 좋아한다.",
          "date": "2022-09-01",
          "time": "15:40:55",
          "terminate": "false"
        },
        {
          "speaker": "speaker2",
          "personaID": "01568",
          "participantID": "0052",
          "utterance": "죽고 싶지만 떡볶이는 먹고 싶어 추천해 드릴게요 베스트셀러에요!",
          "summary": "죽고 싶지만 떡볶이는 먹고 싶어는 베스트셀러이다.",
          "date": "2022-09-01",
          "time": "15:41:46",
          "terminate": "false"
        },
        {
          "speaker": "speaker1",
          "personaID": "01835",
          "participantID": "0031",
          "utterance": "아~ 그 책 이름 되게 많이 들어본 것 같은데 한번 찾아봐야겠네요!",
          "summary": "",
          "date": "2022-09-01",
          "time": "15:42:31",
          "terminate": "false"
        },
        {
          "speaker": "speaker2",
          "personaID": "01568",
          "participantID": "0052",
          "utterance": "ㅋㅋㅋㅋㅋ네 제가 SF장르는 잘몰라서 그냥 유명한거 추천해드린거에요.",
          "summary": "나는 SF 장르 책을 잘 모른다.",
          "date": "2022-09-01",
          "time": "15:43:54",
          "terminate": "false"
        },
        {
          "speaker": "speaker1",
          "personaID": "01835",
          "participantID": "0031",
          "utterance": "베스트셀러라서 읽어보고 싶어요ㅎㅎ 도서관 집 앞에 생겨서 좋네요. 선생님은 자주 가시나요?",
          "summary": "",
          "date": "2022-09-01",
          "time": "15:50:13",
          "terminate": "false"
        },
        {
          "speaker": "speaker2",
          "personaID": "01568",
          "participantID": "0052",
          "utterance": "네 저도 주말에 자주가요. ㅎㅎ 요즘은 열람실도 잘되어있더라구요.",
          "summary": "나는 주말에 도서관을 자주 간다. 요즘 도서관은 열람실이 잘되어있다.",
          "date": "2022-09-01",
          "time": "15:51:56",
          "terminate": "false"
        },
        {
          "speaker": "speaker1",
          "personaID": "01835",
          "participantID": "0031",
          "utterance": "열람실은 자격증 공부하기 진짜 좋은 것 같아요! 조용하고 요즘은 칸막이도 있더라고요.",
          "summary": "도서관은 조용하다. 요즘 도서관 열람실에는 칸막이가 설치되어있다.",
          "date": "2022-09-01",
          "time": "15:52:51",
          "terminate": "false"
        },
        {
          "speaker": "speaker2",
          "personaID": "01568",
          "participantID": "0052",
          "utterance": "네 ㅋㅋㅋ 콘센트도 다구비되어 있어서 노트북 하기에도 정말 좋은거 같아요 아이패드나 ㅎㅎ.",
          "summary": "도서관에 콘센트가 구비되어있다.",
          "date": "2022-09-01",
          "time": "15:55:34",
          "terminate": "false"
        },
        {
          "speaker": "speaker1",
          "personaID": "01835",
          "participantID": "0031",
          "utterance": "맞아요 저는 이제 도서관에 가볼게요~ 다음에 만나요!",
          "summary": "",
          "date": "2022-09-01",
          "time": "15:57:06",
          "terminate": "false"
        },
        {
          "speaker": "speaker2",
          "personaID": "01568",
          "participantID": "0052",
          "utterance": "네 잘다녀와요~ 다음에 또 만나서 수다떨어요 ㅎㅎ.",
          "summary": "",
          "date": "2022-09-01",
          "time": "15:58:14",
          "terminate": "true"
        }
      ],
      "sessionPersonaSummary": {
        "speaker1": [
          "나는 도서관에 갈 예정이다. 집 앞에 도서관이 새로 생겼다.",
          "나는 SF 장르를 좋아한다.",
          "도서관은 조용하다. 요즘 도서관 열람실에는 칸막이가 설치되어있다."
        ],
        "speaker2": [
          "나는 야구를 보고 있다. 응원하는 야구팀이 지고 있다.",
          "나는 에세이를 좋아한다. 나는 심리학을 좋아한다.",
          "죽고 싶지만 떡볶이는 먹고 싶어는 베스트셀러이다.",
          "나는 SF 장르 책을 잘 모른다.",
          "나는 주말에 도서관을 자주 간다. 요즘 도서관은 열람실이 잘되어있다.",
          "도서관에 콘센트가 구비되어있다."
        ]
      },
      "prevAggregatedpersonaSummary": {
        "speaker1": [
          "나는 25살 여자이다. 나는 서울에 산다.",
          "나는 회사 신입이다.",
          "나는 야근하는 게 지루하다.",
          "나는 조용하지만 친해지면 말을 많이 하는 편이다.",
          "나는 야구 룰을 모른다."
        ],
        "speaker2": [
          "나는 21살 여자이다. 나는 서울에 산다.",
          "나는 직장인이다. 나는 일본어를 좋아한다. 나는 바쁘다.",
          "나는 짱구와 도라에몽을 좋아한다.",
          "나는 일본인과 얘기를 해봤다. 나는 낯을 많이 가린다.",
          "나는 가끔씩 야구를 한다. 나의 아버지는 내가 야구를 하는 것을 싫어한다.",
          "나의 아버지는 보수적이다.",
          "나는 야구 응원복이 있다. 야구 응원복은 비싸다."
        ]
      }
    }
  ]
}