{
  "FileInfo": {
    "filename": "K2-00243-CL12434-CP50970-08-07-S2.json",
    "sessionLevel": "2"
  },
  "participantsInfo": {
    "numberOfParticipants": "2",
    "speaker1": {
      "participantID": "4423",
      "gender": "여성",
      "age": "20대",
      "occupation": "학생",
      "bPlace": "부산/대구/울산/경상",
      "gPlace": "부산/대구/울산/경상",
      "rPlace": "부산/대구/울산/경상",
      "educationLevel": "대졸"
    },
    "speaker2": {
      "participantID": "4735",
      "gender": "남성",
      "age": "40대",
      "occupation": "사무직",
      "bPlace": "서울/경기/인천",
      "gPlace": "서울/경기/인천",
      "rPlace": "서울/경기/인천",
      "educationLevel": "대졸"
    }
  },
  "multisessionInfo": {
    "multisessionID": "2-00243"
  },
  "personaInfo": {
    "clInfo": {
      "personaID": "12434",
      "personaFeatures": [
        "나는 여자이다.",
        "나는 10대이다.",
        "나의 생일은 7월이다",
        "나는 노래방에 가는 게 즐겁다",
        "나는 탕수육을 싫어한다",
        "나는 노란색을 싫어한다"
      ],
      "speakerType": "speaker1"
    },
    "cpInfo": {
      "personaID": "50970",
      "personaFeatures": [
        "나는 남자이다.",
        "나는 50대이다.",
        "나는 요즘, 항상 편안하다",
        "나는 주말에 빨래를 한다",
        "나는 양주를 좋아한다"
      ],
      "speakerType": "speaker2"
    }
  },
  "topicInfo": {
    "topicID": "08-07",
    "topicType": "개인 및 관계>연애/결혼",
    "topicTitle": "소개팅/미팅"
  },
  "sessionInfo": [
    {
      "prevSessionID": null,
      "prevTimeInfo": {
        "timeNum": null,
        "timeUnit": null
      },
      "nthSession": "1",
      "numberOfUtterances": "14",
      "numberOfTurns": "7",
      "sessionID": "2-00243-1",
      "dialog": [
        {
          "speaker": "speaker1",
          "personaID": "12434",
          "participantID": "4423",
          "utterance": "안녕하세요 생일이 7월인 10대 여성입니다",
          "summary": "나는 7월생이다. 나는 10대 여성이다",
          "date": "2022-11-23",
          "time": "14:28:54",
          "terminate": "false"
        },
        {
          "speaker": "speaker2",
          "personaID": "50970",
          "participantID": "4735",
          "utterance": "안녕하세요 저는 12월생 50대 남성입니다",
          "summary": "나는 12월생이다. 나는 50대 남성이다",
          "date": "2022-11-23",
          "time": "14:30:02",
          "terminate": "false"
        },
        {
          "speaker": "speaker1",
          "personaID": "12434",
          "participantID": "4423",
          "utterance": "반가워요 좋아하는 취미 있으신가요? 저는 노래방에 가는 걸 좋아해서 노래방에 자주 가는 것 같아요",
          "summary": "나는 노래방에 가는 것이 취미이다",
          "date": "2022-11-23",
          "time": "15:30:51",
          "terminate": "false"
        },
        {
          "speaker": "speaker2",
          "personaID": "50970",
          "participantID": "4735",
          "utterance": "네 반가워요 저는 낚시하는 걸 좋아해요 집사람은 싫어하지만 대신 낚시 안가는 주말엔 빨래를 해요 그래야 다음에 또 허락해 주거든요 ",
          "summary": "나는 낚시를 좋아한다. 나는 주말에는 빨래를 한다",
          "date": "2022-11-23",
          "time": "15:34:23",
          "terminate": "false"
        },
        {
          "speaker": "speaker1",
          "personaID": "12434",
          "participantID": "4423",
          "utterance": "빨래를 해준다면 허락 안 해주기 힘들겠어요! ㅋㅋ 싫어하는 음식은 있으신가요? 전 탕수육을 싫어해요 ",
          "summary": "나는 탕수육을 싫어한다",
          "date": "2022-11-23",
          "time": "16:07:49",
          "terminate": "false"
        },
        {
          "speaker": "speaker2",
          "personaID": "50970",
          "participantID": "4735",
          "utterance": "요즘은 와이프말을 잘들어서 항상 편안하게 지내지요~  저는 싫어하는 음식 별로 없어요 먹는 양이 많지는 않지만 가리는 것 없이 잘먹어요 특히 술안주 종류의 음식들 좋아해요",
          "summary": "나는 술안주의 음식을 좋아한다",
          "date": "2022-11-23",
          "time": "16:10:49",
          "terminate": "false"
        },
        {
          "speaker": "speaker1",
          "personaID": "12434",
          "participantID": "4423",
          "utterance": "그렇군요! 저도 얼른 성인이 되어 술과 맛있는 술안주를 먹어보고 싶어요~ 좋아하는 색은 있으세요? 전 다 좋아하지만 노란색은 싫어해요",
          "summary": "나는 노란색을 싫어한다",
          "date": "2022-11-23",
          "time": "17:34:53",
          "terminate": "false"
        },
        {
          "speaker": "speaker2",
          "personaID": "50970",
          "participantID": "4735",
          "utterance": "좋아하는 양주에 과일 안주 한입이면 너무 행복하지만 성년이 되셔도 술은 천천히 시작하세요 저는 보라색 좋아해요",
          "summary": "나는 양주를 좋아한다. 나는 보라색을 좋아한다",
          "date": "2022-11-23",
          "time": "17:38:05",
          "terminate": "false"
        },
        {
          "speaker": "speaker1",
          "personaID": "12434",
          "participantID": "4423",
          "utterance": "네 그래야겠어요! 저는 아직 제 주량도 모르니 섣불리 많이 먹었다가는 큰일날듯 싶어요",
          "summary": "",
          "date": "2022-11-23",
          "time": "18:03:21",
          "terminate": "false"
        },
        {
          "speaker": "speaker2",
          "personaID": "50970",
          "participantID": "4735",
          "utterance": "맞아요 처음 접하게 될 때가 되면 믿을만한 사람 혹은 보호자와 함께 시작을 배우는게 좋아요~",
          "summary": "",
          "date": "2022-11-23",
          "time": "18:05:02",
          "terminate": "false"
        },
        {
          "speaker": "speaker1",
          "personaID": "12434",
          "participantID": "4423",
          "utterance": "조언 감사해요! 저녁은 드셨나요? 저는 오늘 김치찌개를 먹었어요~",
          "summary": "나는 오늘 저녁 김치찌개를 먹었다",
          "date": "2022-11-23",
          "time": "18:59:43",
          "terminate": "false"
        },
        {
          "speaker": "speaker2",
          "personaID": "50970",
          "participantID": "4735",
          "utterance": "저는 집에 남는재료로 볶음밥을 해 먹었습니다.",
          "summary": "나는 집에 남는 재료로 볶음밥을 해 먹었다",
          "date": "2022-11-23",
          "time": "19:00:55",
          "terminate": "false"
        },
        {
          "speaker": "speaker1",
          "personaID": "12434",
          "participantID": "4423",
          "utterance": "볶음밥 맛있었겠어요! 요리를 잘 하시나봐요!",
          "summary": "",
          "date": "2022-11-23",
          "time": "19:03:09",
          "terminate": "false"
        },
        {
          "speaker": "speaker2",
          "personaID": "50970",
          "participantID": "4735",
          "utterance": "아니요 와이프가 해주셨어요 ㅎ 저는 이제 설겆이를 하러 가야겠네요~",
          "summary": "",
          "date": "2022-11-23",
          "time": "19:05:29",
          "terminate": "true"
        }
      ],
      "sessionPersonaSummary": {
        "speaker1": [
          "나는 7월생이다. 나는 10대 여성이다",
          "나는 노래방에 가는 것이 취미이다",
          "나는 탕수육을 싫어한다",
          "나는 노란색을 싫어한다",
          "나는 오늘 저녁 김치찌개를 먹었다"
        ],
        "speaker2": [
          "나는 12월생이다. 나는 50대 남성이다",
          "나는 낚시를 좋아한다. 나는 주말에는 빨래를 한다",
          "나는 술안주의 음식을 좋아한다",
          "나는 양주를 좋아한다. 나는 보라색을 좋아한다",
          "나는 집에 남는 재료로 볶음밥을 해 먹었다"
        ]
      },
      "prevAggregatedpersonaSummary": {
        "speaker1": [],
        "speaker2": []
      }
    },
    {
      "prevSessionID": "2-00243-1",
      "prevTimeInfo": {
        "timeNum": "34",
        "timeUnit": "시간"
      },
      "nthSession": "2",
      "numberOfUtterances": "14",
      "numberOfTurns": "7",
      "sessionID": "2-00243-2",
      "dialog": [
        {
          "speaker": "speaker1",
          "personaID": "12434",
          "participantID": "4423",
          "utterance": "거의 이틀만에 뵙네요 낚시좋아하시는데 혹시 낚시다녀오셨나요? 잘 지내셨어요?",
          "summary": "",
          "date": "2022-11-23",
          "time": "19:46:49",
          "terminate": "false"
        },
        {
          "speaker": "speaker2",
          "personaID": "50970",
          "participantID": "4735",
          "utterance": "이번주에는 주말에 빨래를 했어요. 저는  별 탈없이 잘 지냈어요~ 잘 지내셨나요?",
          "summary": "",
          "date": "2022-11-23",
          "time": "19:57:03",
          "terminate": "false"
        },
        {
          "speaker": "speaker1",
          "personaID": "12434",
          "participantID": "4423",
          "utterance": "네 잘 지냈어요~ 저희 언니가 내일 소개팅을 간다해서 옷 고르길래 도와주고 있었어요!",
          "summary": "",
          "date": "2022-11-23",
          "time": "19:57:42",
          "terminate": "false"
        },
        {
          "speaker": "speaker2",
          "personaID": "50970",
          "participantID": "4735",
          "utterance": "무척 옛날이지만 저도 소개팅 전날 설레는 마음이 떠올라 덩달아 기분이 좋아지네요~ ",
          "summary": "나는 소개팅에 설레던 마음이 떠올라 기분이 좋아졌다",
          "date": "2022-11-23",
          "time": "20:00:01",
          "terminate": "false"
        },
        {
          "speaker": "speaker1",
          "personaID": "12434",
          "participantID": "4423",
          "utterance": "그러시군요! 전 10대라 아직 소개팅은 안 해봤는데 좀 궁금하긴 해요 만나면 어떤 이야기를 하는지",
          "summary": "나는 아직 10대라 소개팅을 해보지 못했다",
          "date": "2022-11-23",
          "time": "20:00:41",
          "terminate": "false"
        },
        {
          "speaker": "speaker2",
          "personaID": "50970",
          "participantID": "4735",
          "utterance": "제가 기억하는 건 설레이면서도 무척 어색했던게 싫었던 것 같아요~ 그래서 소개팅 보다는 주변 지인들과 많이 연애를 했어요 ㅎ",
          "summary": "",
          "date": "2022-11-23",
          "time": "20:05:37",
          "terminate": "false"
        },
        {
          "speaker": "speaker1",
          "personaID": "12434",
          "participantID": "4423",
          "utterance": "헉 그렇군요 확실히 소개팅은 아예 처음 보는 사람과 갑자기 대화를 시작해야하니 진짜 어색할 것 같아요 그리고 막상 만났는데 본인 스타일이 아니면 그것도 난처할 것 같아요 ㅠ",
          "summary": "",
          "date": "2022-11-23",
          "time": "20:10:00",
          "terminate": "false"
        },
        {
          "speaker": "speaker2",
          "personaID": "50970",
          "participantID": "4735",
          "utterance": "맞아요 정말 맘에 안드는 상대가 나와도 주선자 체면을 봐서 매너지키며 마무리 했던것도 기억나네요~ ",
          "summary": "",
          "date": "2022-11-23",
          "time": "20:11:18",
          "terminate": "false"
        },
        {
          "speaker": "speaker1",
          "personaID": "12434",
          "participantID": "4423",
          "utterance": "맞아요! 저는 언니가 두명인데 큰언니는 소개팅으로 만난 분과 결혼까지 했어요 전 신기하더라구요 첫만남때부터 잘맞았다고 해서",
          "summary": "나는 큰언니가 소개팅으로 결혼까지 했다",
          "date": "2022-11-23",
          "time": "20:14:59",
          "terminate": "false"
        },
        {
          "speaker": "speaker2",
          "personaID": "50970",
          "participantID": "4735",
          "utterance": "각자 인연이 다 있나봐요~ 서로 내성적이고 말도 잘 안하는 성격끼리도 첫 만남에 서로 반하고 잘 될 경우도 있으니까요",
          "summary": "",
          "date": "2022-11-23",
          "time": "20:16:17",
          "terminate": "false"
        },
        {
          "speaker": "speaker1",
          "personaID": "12434",
          "participantID": "4423",
          "utterance": "전 낯을 엄청 가리는데 대화를 나누다 보니 나중에 소개팅 한 번 가보고 싶어요! 대학교 때는 미팅도 많이 하니까 그것도 궁금하구요",
          "summary": "나는 낯을 많이 가린다",
          "date": "2022-11-23",
          "time": "20:17:30",
          "terminate": "false"
        },
        {
          "speaker": "speaker2",
          "personaID": "50970",
          "participantID": "4735",
          "utterance": "인연이 어디에 있을지 모르니 소개팅도 미팅도 많이 해보시는 걸 추천드려요~ ㅎ 물론 빠른시기에 사랑하는 사람을 만난다면 그럴 필요 없겠지만요",
          "summary": "",
          "date": "2022-11-23",
          "time": "20:20:19",
          "terminate": "false"
        },
        {
          "speaker": "speaker1",
          "personaID": "12434",
          "participantID": "4423",
          "utterance": "맞아요~ 조언 감사해요! 저도 잘 맞는 사람을 만나고 싶네요!",
          "summary": "나는 잘 맞는 사람을 만나고 싶다",
          "date": "2022-11-23",
          "time": "20:21:41",
          "terminate": "false"
        },
        {
          "speaker": "speaker2",
          "personaID": "50970",
          "participantID": "4735",
          "utterance": "네 좋은사람 만나실 거에요~ 저는 집사람 심부름 가야해서 잠시 나가볼게요~",
          "summary": "",
          "date": "2022-11-23",
          "time": "20:24:38",
          "terminate": "true"
        }
      ],
      "sessionPersonaSummary": {
        "speaker1": [
          "나는 아직 10대라 소개팅을 해보지 못했다",
          "나는 큰언니가 소개팅으로 결혼까지 했다",
          "나는 낯을 많이 가린다",
          "나는 잘 맞는 사람을 만나고 싶다"
        ],
        "speaker2": [
          "나는 소개팅에 설레던 마음이 떠올라 기분이 좋아졌다"
        ]
      },
      "prevAggregatedpersonaSummary": {
        "speaker1": [
          "나는 7월생이다. 나는 10대 여성이다",
          "나는 노래방에 가는 것이 취미이다",
          "나는 탕수육을 싫어한다",
          "나는 노란색을 싫어한다",
          "나는 오늘 저녁 김치찌개를 먹었다"
        ],
        "speaker2": [
          "나는 12월생이다. 나는 50대 남성이다",
          "나는 낚시를 좋아한다. 나는 주말에는 빨래를 한다",
          "나는 술안주의 음식을 좋아한다",
          "나는 양주를 좋아한다. 나는 보라색을 좋아한다",
          "나는 집에 남는 재료로 볶음밥을 해 먹었다"
        ]
      }
    }
  ]
}