{
  "FileInfo": {
    "filename": "K2-00455-CL20388-CP21061-16-03-S2.json",
    "sessionLevel": "2"
  },
  "participantsInfo": {
    "numberOfParticipants": "2",
    "speaker1": {
      "participantID": "0020",
      "gender": "남성",
      "age": "20대",
      "occupation": "무직",
      "bPlace": "부산/대구/울산/경상",
      "gPlace": "부산/대구/울산/경상",
      "rPlace": "부산/대구/울산/경상",
      "educationLevel": "고졸"
    },
    "speaker2": {
      "participantID": "0042",
      "gender": "남성",
      "age": "20대",
      "occupation": "기타",
      "bPlace": "부산/대구/울산/경상",
      "gPlace": "부산/대구/울산/경상",
      "rPlace": "부산/대구/울산/경상",
      "educationLevel": "대졸"
    }
  },
  "multisessionInfo": {
    "multisessionID": "2-00455"
  },
  "personaInfo": {
    "clInfo": {
      "personaID": "20388",
      "personaFeatures": [
        "나는 남자이다.",
        "나는 20대이다.",
        "나는 가족과 여행을 많이 간다.",
        "나는 만화부 동아리에 관심이 없다.",
        "나는 수영을 자주 한다."
      ],
      "speakerType": "speaker1"
    },
    "cpInfo": {
      "personaID": "21061",
      "personaFeatures": [
        "나는 남자이다.",
        "나는 20대이다.",
        "나는 요즘, 가끔 자신감이 생긴다.",
        "나는 미국으로 어학연수를 간다.",
        "나는 EDM 음악을 싫어한다."
      ],
      "speakerType": "speaker2"
    }
  },
  "topicInfo": {
    "topicID": "16-03",
    "topicType": "미용과 건강>미용",
    "topicTitle": "외모"
  },
  "sessionInfo": [
    {
      "prevSessionID": null,
      "prevTimeInfo": {
        "timeNum": null,
        "timeUnit": null
      },
      "nthSession": "1",
      "numberOfUtterances": "14",
      "numberOfTurns": "7",
      "sessionID": "2-00455-1",
      "dialog": [
        {
          "speaker": "speaker1",
          "personaID": "20388",
          "participantID": "0020",
          "utterance": "처음뵙겠습니다. 저는 전주에서 생활하는 20대 남자입니다.",
          "summary": "나는 전주에 사는 20대 남자이다.",
          "date": "2022-09-12",
          "time": "16:24:23",
          "terminate": "false"
        },
        {
          "speaker": "speaker2",
          "personaID": "21061",
          "participantID": "0042",
          "utterance": "전 경기도에 거주하고 있는 20대 남자에요. 반가워요~",
          "summary": "나는 경기도에 사는 20대 남자이다.",
          "date": "2022-09-12",
          "time": "16:24:42",
          "terminate": "false"
        },
        {
          "speaker": "speaker1",
          "personaID": "20388",
          "participantID": "0020",
          "utterance": "요즘 수영을 매일 다니고 있는데 폐활량이 좋아진게 느껴지네요. 수영 해보셨어요?",
          "summary": "나는 수영을 매일 한다. 수영을 해서 폐활량이 좋아졌다.",
          "date": "2022-09-12",
          "time": "16:25:16",
          "terminate": "false"
        },
        {
          "speaker": "speaker2",
          "personaID": "21061",
          "participantID": "0042",
          "utterance": "수영 해봤어요~ 20살 때 수영을 배웠었거든요~",
          "summary": "나는 20살 때 수영을 배웠다.",
          "date": "2022-09-12",
          "time": "16:25:58",
          "terminate": "false"
        },
        {
          "speaker": "speaker1",
          "personaID": "20388",
          "participantID": "0020",
          "utterance": "수영을 해보셨구나. 저희 가족들이 수영을 좋아해서 풀장이 있는 여행지를 자주 가요. 여행은 좋아하세요?",
          "summary": "나의 가족들은 수영을 좋아해서 풀장이 있는 여행을 자주 간다.",
          "date": "2022-09-12",
          "time": "16:26:42",
          "terminate": "false"
        },
        {
          "speaker": "speaker2",
          "personaID": "21061",
          "participantID": "0042",
          "utterance": "해외에 가는걸 좋아해요~ 다음달에 미국 어학연수가 잡혀있어서 다녀올 예정이에요~",
          "summary": "나는 해외 가는 걸 좋아한다. 나는 다음 달에 미국 어학연수를 간다.",
          "date": "2022-09-12",
          "time": "16:27:05",
          "terminate": "false"
        },
        {
          "speaker": "speaker1",
          "personaID": "20388",
          "participantID": "0020",
          "utterance": "미국 어학연수를 가시나봐요. 얼마나 있다가 오세요?",
          "summary": "",
          "date": "2022-09-12",
          "time": "16:27:16",
          "terminate": "false"
        },
        {
          "speaker": "speaker2",
          "personaID": "21061",
          "participantID": "0042",
          "utterance": "6개월정도 다녀와요~ 해외에 자주 어학연수를 다니는데 영어회화가 잘되니까 요즘 자신감이 생겨요~",
          "summary": "나는 어학연수 6개월 정도 다녀온다. 나는 영어회화가 잘돼서 자신감이 생긴다.",
          "date": "2022-09-12",
          "time": "16:27:51",
          "terminate": "false"
        },
        {
          "speaker": "speaker1",
          "personaID": "20388",
          "participantID": "0020",
          "utterance": "해외에 자주나가시는구나. 회화를 잘하시는게 너무 부러워요. 대학생이세요?",
          "summary": "",
          "date": "2022-09-12",
          "time": "16:28:50",
          "terminate": "false"
        },
        {
          "speaker": "speaker2",
          "personaID": "21061",
          "participantID": "0042",
          "utterance": "아뇨 전 졸업하고 어학 공부하고 있어요~ 음악을 들을 때도 EDM처럼 빠른곡은 싫어하고 가사가 잘들리는 팝송을 많이 들어요~",
          "summary": "나는 졸업했다. 나는 EDM처럼 빠른 곡을 싫어한다. 나는 가사가 잘 들리는 팝송을 많이 듣는다.",
          "date": "2022-09-12",
          "time": "16:30:03",
          "terminate": "false"
        },
        {
          "speaker": "speaker1",
          "personaID": "20388",
          "participantID": "0020",
          "utterance": "팝송을 들으면 공부에 도움되나봐요. 저는 요즘 친구따라서 만화동아리부에 가입했는데 재미가 없어서 관심이 없어졌어요.",
          "summary": "나는 친구 따라서 만화동아리에 가입했다. 나는 만화동아리가 재미없어서 관심 없다.",
          "date": "2022-09-12",
          "time": "16:31:12",
          "terminate": "false"
        },
        {
          "speaker": "speaker2",
          "personaID": "21061",
          "participantID": "0042",
          "utterance": "팝송을 자주 들으면 확실히 공부가 되요~ 재미없으시면 탈퇴하시면 되죠~",
          "summary": "팝송을 자주 들으면 영어공부가 된다.",
          "date": "2022-09-12",
          "time": "16:31:35",
          "terminate": "false"
        },
        {
          "speaker": "speaker1",
          "personaID": "20388",
          "participantID": "0020",
          "utterance": "다음주에 탈퇴 하려구요. 저는 이제 수영하러 가야되서 다음에 연락드릴게요.",
          "summary": "",
          "date": "2022-09-12",
          "time": "16:31:53",
          "terminate": "false"
        },
        {
          "speaker": "speaker2",
          "personaID": "21061",
          "participantID": "0042",
          "utterance": "수영 잘 하시고 오늘 대화 즐거웠습니다~",
          "summary": "",
          "date": "2022-09-12",
          "time": "16:32:01",
          "terminate": "true"
        }
      ],
      "sessionPersonaSummary": {
        "speaker1": [
          "나는 전주에 사는 20대 남자이다.",
          "나는 수영을 매일 한다. 수영을 해서 폐활량이 좋아졌다.",
          "나의 가족들은 수영을 좋아해서 풀장이 있는 여행을 자주 간다.",
          "나는 친구 따라서 만화동아리에 가입했다. 나는 만화동아리가 재미없어서 관심 없다."
        ],
        "speaker2": [
          "나는 경기도에 사는 20대 남자이다.",
          "나는 20살 때 수영을 배웠다.",
          "나는 해외 가는 걸 좋아한다. 나는 다음 달에 미국 어학연수를 간다.",
          "나는 어학연수 6개월 정도 다녀온다. 나는 영어회화가 잘돼서 자신감이 생긴다.",
          "나는 졸업했다. 나는 EDM처럼 빠른 곡을 싫어한다. 나는 가사가 잘 들리는 팝송을 많이 듣는다.",
          "팝송을 자주 들으면 영어공부가 된다."
        ]
      },
      "prevAggregatedpersonaSummary": {
        "speaker1": [],
        "speaker2": []
      }
    },
    {
      "prevSessionID": "2-00455-1",
      "prevTimeInfo": {
        "timeNum": "2",
        "timeUnit": "일"
      },
      "nthSession": "2",
      "numberOfUtterances": "14",
      "numberOfTurns": "7",
      "sessionID": "2-00455-2",
      "dialog": [
        {
          "speaker": "speaker1",
          "personaID": "20388",
          "participantID": "0020",
          "utterance": "저번에 말씀드렸던 만화동아리 탈퇴하고 오는길이에요. 잘 지내고 계셨어요?",
          "summary": "나는 만화동아리를 탈퇴했다.",
          "date": "2022-09-12",
          "time": "16:34:30",
          "terminate": "false"
        },
        {
          "speaker": "speaker2",
          "personaID": "21061",
          "participantID": "0042",
          "utterance": "잘 지내고 있었죠~ 동아리 탈퇴 잘 하셨어요~",
          "summary": "",
          "date": "2022-09-12",
          "time": "16:34:44",
          "terminate": "false"
        },
        {
          "speaker": "speaker1",
          "personaID": "20388",
          "participantID": "0020",
          "utterance": "잘지내셨다니 다행이에요. 저는 요즘 외모에 신경을 많이 쓰는데 외모에 신경 많이 쓰세요?",
          "summary": "나는 요즘 외모에 신경을 많이 쓴다.",
          "date": "2022-09-12",
          "time": "16:35:10",
          "terminate": "false"
        },
        {
          "speaker": "speaker2",
          "personaID": "21061",
          "participantID": "0042",
          "utterance": "네~ 피부관리도 꾸준히 받고 헤어스타일로 자주 바꿔요~",
          "summary": "나는 피부관리를 꾸준히 받는다. 나는 헤어스타일을 자주 바꾼다.",
          "date": "2022-09-12",
          "time": "16:35:34",
          "terminate": "false"
        },
        {
          "speaker": "speaker1",
          "personaID": "20388",
          "participantID": "0020",
          "utterance": "저는 외모관리를 최근에 하기 시작했는데 지금 헤어스타일은 어떠세요?",
          "summary": "",
          "date": "2022-09-12",
          "time": "16:35:59",
          "terminate": "false"
        },
        {
          "speaker": "speaker2",
          "personaID": "21061",
          "participantID": "0042",
          "utterance": "요즘은 쉼표머리를 하고 있어요~ 펌도 자주 하고 머리 색도 자주 바꿔요~",
          "summary": "나는 쉼표 머리를 하고 있다.",
          "date": "2022-09-12",
          "time": "16:42:58",
          "terminate": "false"
        },
        {
          "speaker": "speaker1",
          "personaID": "20388",
          "participantID": "0020",
          "utterance": "쉼표머리시구나. 그럼 옷 스타일은 어떤식으로 입으세요?",
          "summary": "",
          "date": "2022-09-12",
          "time": "16:43:25",
          "terminate": "false"
        },
        {
          "speaker": "speaker2",
          "personaID": "21061",
          "participantID": "0042",
          "utterance": "깔끔한걸 좋아해서 슬랙스에 셔츠 입는걸 좋아해요~",
          "summary": "나는 슬랙스에 셔츠 입는 걸 좋아한다.",
          "date": "2022-09-12",
          "time": "16:43:38",
          "terminate": "false"
        },
        {
          "speaker": "speaker1",
          "personaID": "20388",
          "participantID": "0020",
          "utterance": "저는 청바지를 좋아해서 청바지에 티셔츠를 자주 입는데 청바지는 안입으세요?",
          "summary": "나는 청바지를 좋아한다.",
          "date": "2022-09-12",
          "time": "16:44:02",
          "terminate": "false"
        },
        {
          "speaker": "speaker2",
          "personaID": "21061",
          "participantID": "0042",
          "utterance": "청바지는 불편해서 가끔 청바지를 입어요~",
          "summary": "나는 청바지가 불편해서 가끔 청바지를 입는다.",
          "date": "2022-09-12",
          "time": "16:44:34",
          "terminate": "false"
        },
        {
          "speaker": "speaker1",
          "personaID": "20388",
          "participantID": "0020",
          "utterance": "옷은 어디서 사세요? 저는 인터넷 쇼핑몰에서 자주 사요.",
          "summary": "나는 인터넷 쇼핑몰에서 옷을 산다.",
          "date": "2022-09-12",
          "time": "16:45:02",
          "terminate": "false"
        },
        {
          "speaker": "speaker2",
          "personaID": "21061",
          "participantID": "0042",
          "utterance": "전 매장을 직접 가서 입고 마음에 들어야 사요~ 백화점에 자주 가요~",
          "summary": "나는 백화점에서 옷을 산다.",
          "date": "2022-09-12",
          "time": "16:45:22",
          "terminate": "false"
        },
        {
          "speaker": "speaker1",
          "personaID": "20388",
          "participantID": "0020",
          "utterance": "백화점을 자주 가시는구나. 저는 이제 친구와 약속이 잡혀있어서 가볼게요.",
          "summary": "나는 친구와 약속이 있다.",
          "date": "2022-09-12",
          "time": "16:45:43",
          "terminate": "false"
        },
        {
          "speaker": "speaker2",
          "personaID": "21061",
          "participantID": "0042",
          "utterance": "오늘 친구와 좋은 하루 보내세요~ 다음에 연락 주세요~",
          "summary": "",
          "date": "2022-09-12",
          "time": "16:46:18",
          "terminate": "true"
        }
      ],
      "sessionPersonaSummary": {
        "speaker1": [
          "나는 만화동아리를 탈퇴했다.",
          "나는 요즘 외모에 신경을 많이 쓴다.",
          "나는 청바지를 좋아한다.",
          "나는 인터넷 쇼핑몰에서 옷을 산다.",
          "나는 친구와 약속이 있다."
        ],
        "speaker2": [
          "나는 피부관리를 꾸준히 받는다. 나는 헤어스타일을 자주 바꾼다.",
          "나는 쉼표 머리를 하고 있다.",
          "나는 슬랙스에 셔츠 입는 걸 좋아한다.",
          "나는 청바지가 불편해서 가끔 청바지를 입는다.",
          "나는 백화점에서 옷을 산다."
        ]
      },
      "prevAggregatedpersonaSummary": {
        "speaker1": [
          "나는 전주에 사는 20대 남자이다.",
          "나는 수영을 매일 한다. 수영을 해서 폐활량이 좋아졌다.",
          "나의 가족들은 수영을 좋아해서 풀장이 있는 여행을 자주 간다.",
          "나는 친구 따라서 만화동아리에 가입했다. 나는 만화동아리가 재미없어서 관심 없다."
        ],
        "speaker2": [
          "나는 경기도에 사는 20대 남자이다.",
          "나는 20살 때 수영을 배웠다.",
          "나는 해외 가는 걸 좋아한다. 나는 다음 달에 미국 어학연수를 간다.",
          "나는 어학연수 6개월 정도 다녀온다. 나는 영어회화가 잘돼서 자신감이 생긴다.",
          "나는 졸업했다. 나는 EDM처럼 빠른 곡을 싫어한다. 나는 가사가 잘 들리는 팝송을 많이 듣는다.",
          "팝송을 자주 들으면 영어공부가 된다."
        ]
      }
    }
  ]
}