{
  "FileInfo": {
    "filename": "K2-00378-CL31649-CP52085-09-06-S2.json",
    "sessionLevel": "2"
  },
  "participantsInfo": {
    "numberOfParticipants": "2",
    "speaker1": {
      "participantID": "3356",
      "gender": "여성",
      "age": "40대",
      "occupation": "기타",
      "bPlace": "부산/대구/울산/경상",
      "gPlace": "부산/대구/울산/경상",
      "rPlace": "부산/대구/울산/경상",
      "educationLevel": "기타"
    },
    "speaker2": {
      "participantID": "1687",
      "gender": "여성",
      "age": "50대",
      "occupation": "사무직",
      "bPlace": "서울/경기/인천",
      "gPlace": "서울/경기/인천",
      "rPlace": "서울/경기/인천",
      "educationLevel": "대학원졸"
    }
  },
  "multisessionInfo": {
    "multisessionID": "2-00378"
  },
  "personaInfo": {
    "clInfo": {
      "personaID": "31649",
      "personaFeatures": [
        "나는 여자이다.",
        "나는 30대이다.",
        "나는 만화가이다",
        "나는 병원에 가는 것을 싫어한다",
        "나는 비 오는 날씨를 좋아한다"
      ],
      "speakerType": "speaker1"
    },
    "cpInfo": {
      "personaID": "52085",
      "personaFeatures": [
        "나는 여자이다.",
        "나는 50대이다.",
        "나는 다른 사람을 잘 배려한다",
        "나는 체험 여행을 가끔 간다",
        "나는 딸기를 즐겨 먹는다"
      ],
      "speakerType": "speaker2"
    }
  },
  "topicInfo": {
    "topicID": "09-06",
    "topicType": "개인 및 관계>반려동물",
    "topicTitle": "반려동물 산책"
  },
  "sessionInfo": [
    {
      "prevSessionID": null,
      "prevTimeInfo": {
        "timeNum": null,
        "timeUnit": null
      },
      "nthSession": "1",
      "numberOfUtterances": "14",
      "numberOfTurns": "7",
      "sessionID": "2-00378-1",
      "dialog": [
        {
          "speaker": "speaker1",
          "personaID": "31649",
          "participantID": "3356",
          "utterance": "안녕하세요 저는 30대 여성이에요",
          "summary": "나는 30대 여성이다.",
          "date": "2022-10-23",
          "time": "09:48:15",
          "terminate": "false"
        },
        {
          "speaker": "speaker2",
          "personaID": "52085",
          "participantID": "1687",
          "utterance": "안녕하세요, 저는 50대 여성입니다",
          "summary": "나는 50대 여성이다.",
          "date": "2022-10-23",
          "time": "09:53:08",
          "terminate": "false"
        },
        {
          "speaker": "speaker1",
          "personaID": "31649",
          "participantID": "3356",
          "utterance": "반갑습니다~ 혹시 직장 다니시나요? 저는 만화가에요. ",
          "summary": "나는 만화가이다.",
          "date": "2022-10-23",
          "time": "10:32:30",
          "terminate": "false"
        },
        {
          "speaker": "speaker2",
          "personaID": "52085",
          "participantID": "1687",
          "utterance": "재미있는 일을 하시네요, 저는 지금은 쉬고 있어요 오랜동안 일을 하다 쉬게 되서 요즘은 체험 여행을 가끔 가는데 넘 좋아요",
          "summary": "나는 지금은 쉬고 있다. 나는 오랫동안 일을 하다 쉬게 됐다. 나는 요즘 체험 여행을 가끔 간다.",
          "date": "2022-10-23",
          "time": "10:44:30",
          "terminate": "false"
        },
        {
          "speaker": "speaker1",
          "personaID": "31649",
          "participantID": "3356",
          "utterance": "오, 체험 여행이요? 어떤거 체험 하시나요? ",
          "summary": "",
          "date": "2022-10-23",
          "time": "11:03:25",
          "terminate": "false"
        },
        {
          "speaker": "speaker2",
          "personaID": "52085",
          "participantID": "1687",
          "utterance": "여름엔 딸기 체험, 가을엔 고구마체험이요 저는 딸기를 즐겨 먹는데 딸기체험할때 실컷 먹어 좋았어요 ",
          "summary": "나는 딸기를 즐겨 먹는다.",
          "date": "2022-10-23",
          "time": "11:08:27",
          "terminate": "false"
        },
        {
          "speaker": "speaker1",
          "personaID": "31649",
          "participantID": "3356",
          "utterance": "좋아하는 딸기도 먹고 체험도 하고 일석이조군요! 그나저나 오늘 비도 오고 너무 좋네요~ 저는 비 오는 날씨를 좋아한답니다.",
          "summary": "나는 비 오는 날씨를 좋아한다.",
          "date": "2022-10-23",
          "time": "11:11:26",
          "terminate": "false"
        },
        {
          "speaker": "speaker2",
          "personaID": "52085",
          "participantID": "1687",
          "utterance": "체험여행으로 배운것이 있다면 제자랑이지만 다른 사람을 잘 배려한다는 소릴 자주 들어요",
          "summary": "나는 다른 사람을 배려한다는 소릴 자주 듣는다.",
          "date": "2022-10-23",
          "time": "11:14:15",
          "terminate": "false"
        },
        {
          "speaker": "speaker1",
          "personaID": "31649",
          "participantID": "3356",
          "utterance": "그렇군요. 저는 병원에 가야하는데 큰일이네요. 제가 병원에 가는 것을 싫어해서요.",
          "summary": "나는 병원에 가는 것을 싫어한다.",
          "date": "2022-10-23",
          "time": "11:19:51",
          "terminate": "false"
        },
        {
          "speaker": "speaker2",
          "personaID": "52085",
          "participantID": "1687",
          "utterance": "어디가 아프세요? 저도 어제 독감예방접종 하고 왔더니 근육통이 좀 있긴해요",
          "summary": "나는 독감 예방접종을 하고 왔다. 나는 근육통이 좀 있다.",
          "date": "2022-10-23",
          "time": "11:21:25",
          "terminate": "false"
        },
        {
          "speaker": "speaker1",
          "personaID": "31649",
          "participantID": "3356",
          "utterance": "허리가 안좋아서 검사를 받아봐야 할 것같은데 병원을 싫어해서 참고있어요~그러고보니 독감의 계절이 오는군요.",
          "summary": "나는 허리가 안 좋아서 검사를 받아봐야 할 것 같은데 병원을 싫어해서 참고 있다.",
          "date": "2022-10-23",
          "time": "11:30:18",
          "terminate": "false"
        },
        {
          "speaker": "speaker2",
          "personaID": "52085",
          "participantID": "1687",
          "utterance": "전 생리통이 허리로 와서 힘들었는데 아이 낳고 나니 절로 나아지더라구요",
          "summary": "나는 생리통이 허리로 와서 힘들었는데 아이 낳고 낳았다.",
          "date": "2022-10-23",
          "time": "12:06:53",
          "terminate": "false"
        },
        {
          "speaker": "speaker1",
          "personaID": "31649",
          "participantID": "3356",
          "utterance": "제가 지금 그래요..저는 없던 생리통이 허리때문에 더 생겼네요ㅠㅠ",
          "summary": "나는 없던 생리통이 허리 때문에 더 생겼다.",
          "date": "2022-10-23",
          "time": "12:24:41",
          "terminate": "false"
        },
        {
          "speaker": "speaker2",
          "personaID": "52085",
          "participantID": "1687",
          "utterance": "참지 마시고 진통제 드시거나 병원에 가보실 것 추천드려요, 전 일이 생겨 다음에 또 얘기해요~안녕~~",
          "summary": "",
          "date": "2022-10-23",
          "time": "12:55:26",
          "terminate": "true"
        }
      ],
      "sessionPersonaSummary": {
        "speaker1": [
          "나는 30대 여성이다.",
          "나는 만화가이다.",
          "나는 비 오는 날씨를 좋아한다.",
          "나는 병원에 가는 것을 싫어한다.",
          "나는 허리가 안 좋아서 검사를 받아봐야 할 것 같은데 병원을 싫어해서 참고 있다.",
          "나는 없던 생리통이 허리 때문에 더 생겼다."
        ],
        "speaker2": [
          "나는 50대 여성이다.",
          "나는 지금은 쉬고 있다.",
          "나는 오랫동안 일을 하다 쉬게 됐다. 나는 요즘 체험 여행을 가끔 간다.",
          "나는 딸기를 즐겨 먹는다.",
          "나는 다른 사람을 배려한다는 소릴 자주 듣는다.",
          "나는 독감 예방접종을 하고 왔다. 나는 근육통이 좀 있다.",
          "나는 생리통이 허리로 와서 힘들었는데 아이 낳고 낳았다."
        ]
      },
      "prevAggregatedpersonaSummary": {
        "speaker1": [],
        "speaker2": []
      }
    },
    {
      "prevSessionID": "2-00378-1",
      "prevTimeInfo": {
        "timeNum": "27",
        "timeUnit": "시간"
      },
      "nthSession": "2",
      "numberOfUtterances": "14",
      "numberOfTurns": "7",
      "sessionID": "2-00378-2",
      "dialog": [
        {
          "speaker": "speaker1",
          "personaID": "31649",
          "participantID": "3356",
          "utterance": "어제 하루 잘 보내셨어요? 시간이 잘 가네요~^^",
          "summary": "",
          "date": "2022-10-23",
          "time": "13:06:52",
          "terminate": "false"
        },
        {
          "speaker": "speaker2",
          "personaID": "52085",
          "participantID": "1687",
          "utterance": "네 오늘 아침에 공원 산책 갔는데요 정말 너무 인형같은 강아지가 주인따라 산책 왔더라구요",
          "summary": "나는 오늘 아침에 공원에 산책을 갔다.",
          "date": "2022-10-23",
          "time": "13:12:38",
          "terminate": "false"
        },
        {
          "speaker": "speaker1",
          "personaID": "31649",
          "participantID": "3356",
          "utterance": "일찍 산책 다녀오셨군요! 저두 오늘 오전에 강아지 데리고 산책 다녀왔어요~! 노견이라 오래는 못하구요~",
          "summary": "나는 오늘 오전에 강아지 데리고 산책 다녀왔다.",
          "date": "2022-10-23",
          "time": "13:26:17",
          "terminate": "false"
        },
        {
          "speaker": "speaker2",
          "personaID": "52085",
          "participantID": "1687",
          "utterance": "아 강아지가 몇살일까요? 요즘 강아지 유모차도 다양하더군요",
          "summary": "",
          "date": "2022-10-23",
          "time": "13:27:06",
          "terminate": "false"
        },
        {
          "speaker": "speaker1",
          "personaID": "31649",
          "participantID": "3356",
          "utterance": "13살이요~ 맞아요 유모차도 많이 태우시더라구요. 강아지 키우셔요?",
          "summary": "내가 키우는 강아지는 13살이다",
          "date": "2022-10-23",
          "time": "13:28:52",
          "terminate": "false"
        },
        {
          "speaker": "speaker2",
          "personaID": "52085",
          "participantID": "1687",
          "utterance": "아뇨 고양이를 키웠었는데 쓰레기 버리러 가는 틈에 도망가더니 안돌아와요",
          "summary": "나는 고양이를 키웠었다.",
          "date": "2022-10-23",
          "time": "13:29:48",
          "terminate": "false"
        },
        {
          "speaker": "speaker1",
          "personaID": "31649",
          "participantID": "3356",
          "utterance": "어머, 어떡해요.. 저도 아주 어릴적에 저희 엄마가 고양이를 혼낸 후에 집나가서 안돌아온 경우가 있었어요. 동물들이 참 신기하죠~",
          "summary": "나는 어렸을 때 고양이를 키운 적이 있다",
          "date": "2022-10-23",
          "time": "13:32:08",
          "terminate": "false"
        },
        {
          "speaker": "speaker2",
          "personaID": "52085",
          "participantID": "1687",
          "utterance": "집 나가면 고생인데... 어디서든 건강하게 잘 살아주면 좋겠어요,키우는 강아지는 어떤 종류예요?",
          "summary": "",
          "date": "2022-10-23",
          "time": "13:34:33",
          "terminate": "false"
        },
        {
          "speaker": "speaker1",
          "personaID": "31649",
          "participantID": "3356",
          "utterance": "저희 강아지는 포메라니언이에요~ 지금 피부병 때문에 털이 빠져 걱정이랍니다. 그래서 더 열심히 산책 시켜주고 있어요~",
          "summary": "나는 우리 강아지가 피부병 때문에 털이 빠져 걱정이다.",
          "date": "2022-10-23",
          "time": "13:42:25",
          "terminate": "false"
        },
        {
          "speaker": "speaker2",
          "personaID": "52085",
          "participantID": "1687",
          "utterance": "포메라니안 키워 봤어요 마당살 때요, 정말 똑똑한 녀석이었죠",
          "summary": "나는 포메라니안을 키워 봤다",
          "date": "2022-10-23",
          "time": "13:44:47",
          "terminate": "false"
        },
        {
          "speaker": "speaker1",
          "personaID": "31649",
          "participantID": "3356",
          "utterance": "포메가 눈치도 정말 빠르고 똑똑하죠. 집에 누가 오면 잘 짖는편이긴 하지만 산책하러 밖에 나가서는 짖지 않아요~",
          "summary": "",
          "date": "2022-10-23",
          "time": "13:48:37",
          "terminate": "false"
        },
        {
          "speaker": "speaker2",
          "personaID": "52085",
          "participantID": "1687",
          "utterance": "아파트에서 반려견이나 반려묘를 키우게 되면 털이 장난 아니잖아요, 청소를 해도해도 끝고 없어서 전 성격상 그게 가장 스트레스였던 것 같아요",
          "summary": "",
          "date": "2022-10-23",
          "time": "13:56:44",
          "terminate": "false"
        },
        {
          "speaker": "speaker1",
          "personaID": "31649",
          "participantID": "3356",
          "utterance": "털 빠지고 그런건 어디 살든 매 한가지인거 같아요ㅠ 산책 나가는거도 좋지만 저도 마당있는집에 살고 싶네요~",
          "summary": "나는 마당 있는 집에 살고 싶다.",
          "date": "2022-10-23",
          "time": "14:00:42",
          "terminate": "false"
        },
        {
          "speaker": "speaker2",
          "personaID": "52085",
          "participantID": "1687",
          "utterance": "하하 오늘 대화 즐거웠어요 다음에 또 대화하고 싶네요 안녕~",
          "summary": "",
          "date": "2022-10-23",
          "time": "14:01:40",
          "terminate": "true"
        }
      ],
      "sessionPersonaSummary": {
        "speaker1": [
          "나는 오늘 오전에 강아지 데리고 산책 다녀왔다.",
          "내가 키우는 강아지는 13살이다",
          "나는 어렸을 때 고양이를 키운 적이 있다",
          "나는 우리 강아지가 피부병 때문에 털이 빠져 걱정이다.",
          "나는 마당 있는 집에 살고 싶다."
        ],
        "speaker2": [
          "나는 오늘 아침에 공원에 산책을 갔다.",
          "나는 고양이를 키웠었다.",
          "나는 포메라니안을 키워 봤다"
        ]
      },
      "prevAggregatedpersonaSummary": {
        "speaker1": [
          "나는 30대 여성이다.",
          "나는 만화가이다.",
          "나는 비 오는 날씨를 좋아한다.",
          "나는 병원에 가는 것을 싫어한다.",
          "나는 허리가 안 좋아서 검사를 받아봐야 할 것 같은데 병원을 싫어해서 참고 있다.",
          "나는 없던 생리통이 허리 때문에 더 생겼다."
        ],
        "speaker2": [
          "나는 50대 여성이다.",
          "나는 지금은 쉬고 있다.",
          "나는 오랫동안 일을 하다 쉬게 됐다. 나는 요즘 체험 여행을 가끔 간다.",
          "나는 딸기를 즐겨 먹는다.",
          "나는 다른 사람을 배려한다는 소릴 자주 듣는다.",
          "나는 독감 예방접종을 하고 왔다. 나는 근육통이 좀 있다.",
          "나는 생리통이 허리로 와서 힘들었는데 아이 낳고 낳았다."
        ]
      }
    }
  ]
}