{
  "FileInfo": {
    "filename": "K2-00315-CL33022-CP33086-13-09-S2.json",
    "sessionLevel": "2"
  },
  "participantsInfo": {
    "numberOfParticipants": "2",
    "speaker1": {
      "participantID": "0918",
      "gender": "남성",
      "age": "30대",
      "occupation": "자영업",
      "bPlace": "서울/경기/인천",
      "gPlace": "서울/경기/인천",
      "rPlace": "서울/경기/인천",
      "educationLevel": "대졸"
    },
    "speaker2": {
      "participantID": "0931",
      "gender": "남성",
      "age": "30대",
      "occupation": "자영업",
      "bPlace": "서울/경기/인천",
      "gPlace": "서울/경기/인천",
      "rPlace": "서울/경기/인천",
      "educationLevel": "대졸"
    }
  },
  "multisessionInfo": {
    "multisessionID": "2-00315"
  },
  "personaInfo": {
    "clInfo": {
      "personaID": "33022",
      "personaFeatures": [
        "나는 남자이다.",
        "나는 30대이다.",
        "나는 새벽에 운동한다.",
        "나는 대만에 가 보고 싶다.",
        "나는 항상 느긋해진다.",
        "나는 콩국수를 즐겨 먹는다."
      ],
      "speakerType": "speaker1"
    },
    "cpInfo": {
      "personaID": "33086",
      "personaFeatures": [
        "나는 남자이다.",
        "나는 30대이다.",
        "나는 조경학과를 전공했다.",
        "나는 피아노 연주를 가끔 한다.",
        "나는 정이 많다.",
        "나는 비빔밥을 즐겨 먹는다."
      ],
      "speakerType": "speaker2"
    }
  },
  "topicInfo": {
    "topicID": "13-09",
    "topicType": "기후>계절/날씨",
    "topicTitle": "폭염"
  },
  "sessionInfo": [
    {
      "prevSessionID": null,
      "prevTimeInfo": {
        "timeNum": null,
        "timeUnit": null
      },
      "nthSession": "1",
      "numberOfUtterances": "14",
      "numberOfTurns": "7",
      "sessionID": "2-00315-1",
      "dialog": [
        {
          "speaker": "speaker1",
          "personaID": "33022",
          "participantID": "0918",
          "utterance": "안녕하세요? 저는 30대 남자에요.",
          "summary": "나는 남자이다. 나는 30대이다.",
          "date": "2022-10-07",
          "time": "22:00:39",
          "terminate": "false"
        },
        {
          "speaker": "speaker2",
          "personaID": "33086",
          "participantID": "0931",
          "utterance": "안녕하세요? 저는 30대 남자에요.",
          "summary": "나는 남자이다. 나는 30대이다.",
          "date": "2022-10-07",
          "time": "22:01:40",
          "terminate": "false"
        },
        {
          "speaker": "speaker1",
          "personaID": "33022",
          "participantID": "0918",
          "utterance": "반가워요. 지금 뭐하고 계세요? 저는 운동을 하려고요. 원래 새벽에 운동을 하거든요.",
          "summary": "나는 새벽에 운동한다.",
          "date": "2022-10-07",
          "time": "22:02:41",
          "terminate": "false"
        },
        {
          "speaker": "speaker2",
          "personaID": "33086",
          "participantID": "0931",
          "utterance": "저는 오랜만에 전공 책을 보려고요. 저는 조경학과를 전공했어요.",
          "summary": "나는 조경학과를 전공했다.",
          "date": "2022-10-07",
          "time": "22:03:42",
          "terminate": "false"
        },
        {
          "speaker": "speaker1",
          "personaID": "33022",
          "participantID": "0918",
          "utterance": "그렇군요. 오전에는 뭐 하실 건가요? 저는 대만에 가 보고 싶어서 여행사를 알아보려고요.",
          "summary": "나는 대만에 가 보고 싶다.",
          "date": "2022-10-07",
          "time": "22:04:43",
          "terminate": "false"
        },
        {
          "speaker": "speaker2",
          "personaID": "33086",
          "participantID": "0931",
          "utterance": "저는 유학가는 친구랑 만나러 가려고요. 제가 정이 많아서 그런지 자꾸 눈물이 나네요.",
          "summary": "나는 정이 많다.",
          "date": "2022-10-07",
          "time": "22:05:44",
          "terminate": "false"
        },
        {
          "speaker": "speaker1",
          "personaID": "33022",
          "participantID": "0918",
          "utterance": "오늘 오후에는 뭐 하실 거에요? 저는 제가 즐겨먹는 콩국수를 먹으려고요.",
          "summary": "나는 콩국수를 즐겨 먹는다.",
          "date": "2022-10-07",
          "time": "22:06:45",
          "terminate": "false"
        },
        {
          "speaker": "speaker2",
          "personaID": "33086",
          "participantID": "0931",
          "utterance": "저는 제가 즐겨먹는 비빔밥을 먹으려고요.",
          "summary": "나는 비빔밥을 즐겨 먹는다.",
          "date": "2022-10-07",
          "time": "22:07:46",
          "terminate": "false"
        },
        {
          "speaker": "speaker1",
          "personaID": "33022",
          "participantID": "0918",
          "utterance": "혹시 이번 주말에 뭐 하실 계획이세요? 저는 산책을 가려고요. 한가해서 항상 마음이 느긋해지네요.",
          "summary": "나는 항상 느긋해진다.",
          "date": "2022-10-07",
          "time": "22:08:47",
          "terminate": "false"
        },
        {
          "speaker": "speaker2",
          "personaID": "33086",
          "participantID": "0931",
          "utterance": "저는 피아노 연주를 하려고요. 가끔 해요.",
          "summary": "나는 피아노 연주를 가끔 한다.",
          "date": "2022-10-07",
          "time": "22:09:48",
          "terminate": "false"
        },
        {
          "speaker": "speaker1",
          "personaID": "33022",
          "participantID": "0918",
          "utterance": "저는 이제 운동을 하러 가봐야겠네요.",
          "summary": "",
          "date": "2022-10-07",
          "time": "22:10:49",
          "terminate": "false"
        },
        {
          "speaker": "speaker2",
          "personaID": "33086",
          "participantID": "0931",
          "utterance": "그렇군요. 그러면 다음에 또 연락하는 걸로 할까요?",
          "summary": "",
          "date": "2022-10-07",
          "time": "22:11:50",
          "terminate": "false"
        },
        {
          "speaker": "speaker1",
          "personaID": "33022",
          "participantID": "0918",
          "utterance": "네. 그게 좋겠네요. 좋은 하루 보내세요.",
          "summary": "",
          "date": "2022-10-07",
          "time": "22:12:51",
          "terminate": "false"
        },
        {
          "speaker": "speaker2",
          "personaID": "33086",
          "participantID": "0931",
          "utterance": "네. 알겠습니다. 그쪽도 좋은 하루 보내세요.",
          "summary": "",
          "date": "2022-10-07",
          "time": "22:13:52",
          "terminate": "true"
        }
      ],
      "sessionPersonaSummary": {
        "speaker1": [
          "나는 남자이다. 나는 30대이다.",
          "나는 새벽에 운동한다.",
          "나는 대만에 가 보고 싶다.",
          "나는 콩국수를 즐겨 먹는다.",
          "나는 항상 느긋해진다."
        ],
        "speaker2": [
          "나는 남자이다. 나는 30대이다.",
          "나는 조경학과를 전공했다.",
          "나는 정이 많다.",
          "나는 비빔밥을 즐겨 먹는다.",
          "나는 피아노 연주를 가끔 한다."
        ]
      },
      "prevAggregatedpersonaSummary": {
        "speaker1": [],
        "speaker2": []
      }
    },
    {
      "prevSessionID": "2-00315-1",
      "prevTimeInfo": {
        "timeNum": "1",
        "timeUnit": "시간"
      },
      "nthSession": "2",
      "numberOfUtterances": "14",
      "numberOfTurns": "7",
      "sessionID": "2-00315-2",
      "dialog": [
        {
          "speaker": "speaker1",
          "personaID": "33022",
          "participantID": "0918",
          "utterance": "안녕하세요? 1시간 만이네요. 식사는 하셨나요?",
          "summary": "",
          "date": "2022-10-07",
          "time": "22:15:54",
          "terminate": "false"
        },
        {
          "speaker": "speaker2",
          "personaID": "33086",
          "participantID": "0931",
          "utterance": "네. 방금 먹었어요. 그쪽은요? 근데 운동은 잘 하셨나요?",
          "summary": "나는 방금 전에 식사를 했다.",
          "date": "2022-10-07",
          "time": "22:16:55",
          "terminate": "false"
        },
        {
          "speaker": "speaker1",
          "personaID": "33022",
          "participantID": "0918",
          "utterance": "네. 저도 방금 먹었어요. SNS에 사진도 찍어서 올렸어요.",
          "summary": "나는 음식 사진을 SNS에 올렸다.",
          "date": "2022-10-07",
          "time": "22:17:56",
          "terminate": "false"
        },
        {
          "speaker": "speaker2",
          "personaID": "33086",
          "participantID": "0931",
          "utterance": "그러셨군요. 저도 나중에 해봐야겠네요.",
          "summary": "",
          "date": "2022-10-07",
          "time": "22:18:57",
          "terminate": "false"
        },
        {
          "speaker": "speaker1",
          "personaID": "33022",
          "participantID": "0918",
          "utterance": "요즘 SNS에서 이슈인 게시물 보셨나요?",
          "summary": "",
          "date": "2022-10-07",
          "time": "22:19:58",
          "terminate": "false"
        },
        {
          "speaker": "speaker2",
          "personaID": "33086",
          "participantID": "0931",
          "utterance": "못 본 것 같아요. 어떤 건데요?",
          "summary": "",
          "date": "2022-10-07",
          "time": "22:20:59",
          "terminate": "false"
        },
        {
          "speaker": "speaker1",
          "personaID": "33022",
          "participantID": "0918",
          "utterance": "올해 여름은 폭염이 길게 이어질 거라고 하네요.",
          "summary": "올해 여름에 폭염이 길게 이어질 예정이다.",
          "date": "2022-10-07",
          "time": "22:22:00",
          "terminate": "false"
        },
        {
          "speaker": "speaker2",
          "personaID": "33086",
          "participantID": "0931",
          "utterance": "큰일이네요. 매년 점점 더워지네요.",
          "summary": "매년 점점 더워지고 있다.",
          "date": "2022-10-07",
          "time": "22:23:01",
          "terminate": "false"
        },
        {
          "speaker": "speaker1",
          "personaID": "33022",
          "participantID": "0918",
          "utterance": "지구온난화 때문에 그런 것 같아요.",
          "summary": "",
          "date": "2022-10-07",
          "time": "22:24:02",
          "terminate": "false"
        },
        {
          "speaker": "speaker2",
          "personaID": "33086",
          "participantID": "0931",
          "utterance": "점점 미룰 수 없는 문제가 되는 것 같아요.",
          "summary": "",
          "date": "2022-10-07",
          "time": "22:25:03",
          "terminate": "false"
        },
        {
          "speaker": "speaker1",
          "personaID": "33022",
          "participantID": "0918",
          "utterance": "저는 이제 운동하러 가봐야겠네요.",
          "summary": "",
          "date": "2022-10-07",
          "time": "22:26:04",
          "terminate": "false"
        },
        {
          "speaker": "speaker2",
          "personaID": "33086",
          "participantID": "0931",
          "utterance": "네. 운동을 좋아하시나봐요?",
          "summary": "",
          "date": "2022-10-07",
          "time": "22:27:05",
          "terminate": "false"
        },
        {
          "speaker": "speaker1",
          "personaID": "33022",
          "participantID": "0918",
          "utterance": "딱히 그런 건 아니고 그냥 건강을 챙기려고요.",
          "summary": "나는 건강을 챙기기 위해 운동을 한다.",
          "date": "2022-10-07",
          "time": "22:28:06",
          "terminate": "false"
        },
        {
          "speaker": "speaker2",
          "personaID": "33086",
          "participantID": "0931",
          "utterance": "저도 그쪽은 본 받아서 운동 좀 해야겠네요. 그럼 다음에 또 연락주세요.",
          "summary": "",
          "date": "2022-10-07",
          "time": "22:29:07",
          "terminate": "true"
        }
      ],
      "sessionPersonaSummary": {
        "speaker1": [
          "나는 음식 사진을 SNS에 올렸다.",
          "올해 여름에 폭염이 길게 이어질 예정이다.",
          "나는 건강을 챙기기 위해 운동을 한다."
        ],
        "speaker2": [
          "나는 방금 전에 식사를 했다.",
          "매년 점점 더워지고 있다."
        ]
      },
      "prevAggregatedpersonaSummary": {
        "speaker1": [
          "나는 남자이다. 나는 30대이다.",
          "나는 새벽에 운동한다.",
          "나는 대만에 가 보고 싶다.",
          "나는 콩국수를 즐겨 먹는다.",
          "나는 항상 느긋해진다."
        ],
        "speaker2": [
          "나는 남자이다. 나는 30대이다.",
          "나는 조경학과를 전공했다.",
          "나는 정이 많다.",
          "나는 비빔밥을 즐겨 먹는다.",
          "나는 피아노 연주를 가끔 한다."
        ]
      }
    }
  ]
}