{
  "FileInfo": {
    "filename": "K2-00514-CL21859-CP20927-11-02-S2.json",
    "sessionLevel": "2"
  },
  "participantsInfo": {
    "numberOfParticipants": "2",
    "speaker1": {
      "participantID": "0126",
      "gender": "여성",
      "age": "20대",
      "occupation": "사무직",
      "bPlace": "서울/경기/인천",
      "gPlace": "서울/경기/인천",
      "rPlace": "서울/경기/인천",
      "educationLevel": "고졸"
    },
    "speaker2": {
      "participantID": "0353",
      "gender": "남성",
      "age": "20대",
      "occupation": "서비스직",
      "bPlace": "광주/전라/제주",
      "gPlace": "광주/전라/제주",
      "rPlace": "광주/전라/제주",
      "educationLevel": "고졸"
    }
  },
  "multisessionInfo": {
    "multisessionID": "2-00514"
  },
  "personaInfo": {
    "clInfo": {
      "personaID": "21859",
      "personaFeatures": [
        "나는 여자이다.",
        "나는 20대이다.",
        "나의 여자 형제는 유치원 선생님이다.",
        "나는 지리학과가 부전공이다.",
        "나는 포도를 싫어한다."
      ],
      "speakerType": "speaker1"
    },
    "cpInfo": {
      "personaID": "20927",
      "personaFeatures": [
        "나는 남자이다.",
        "나는 20대이다.",
        "나는 바닐라라떼를 자주 마신다.",
        "나는 오픽 자격증을 준비한다.",
        "나는 싱거운 음식을 즐겨 먹는다."
      ],
      "speakerType": "speaker2"
    }
  },
  "topicInfo": {
    "topicID": "11-02",
    "topicType": "여가와 오락>게임",
    "topicTitle": "플레이 경험"
  },
  "sessionInfo": [
    {
      "prevSessionID": null,
      "prevTimeInfo": {
        "timeNum": null,
        "timeUnit": null
      },
      "nthSession": "1",
      "numberOfUtterances": "16",
      "numberOfTurns": "8",
      "sessionID": "2-00514-1",
      "dialog": [
        {
          "speaker": "speaker1",
          "personaID": "21859",
          "participantID": "0126",
          "utterance": "안녕하세요. 저는 20대 여자에요. 소개좀 부탁드립니다.",
          "summary": "나는 20대 여자이다.",
          "date": "2022-09-06",
          "time": "12:20:21",
          "terminate": "false"
        },
        {
          "speaker": "speaker2",
          "personaID": "20927",
          "participantID": "0353",
          "utterance": "안녕하세요. 저는 20대 남자입니다.",
          "summary": "나는 20대 남자이다.",
          "date": "2022-09-06",
          "time": "12:20:35",
          "terminate": "false"
        },
        {
          "speaker": "speaker1",
          "personaID": "21859",
          "participantID": "0126",
          "utterance": "전 지리학과를 부전공으로 공부하는 대학생이에요. 무슨일 하세요?",
          "summary": "나는 지리학과가 부전공이다. 나는 대학생이다.",
          "date": "2022-09-06",
          "time": "12:21:40",
          "terminate": "false"
        },
        {
          "speaker": "speaker2",
          "personaID": "20927",
          "participantID": "0353",
          "utterance": "저도 대학생이에요. 지금은 오픽자격증을 준비하고 있어요.",
          "summary": "나는 대학생이다. 나는 오픽 자격증을 준비한다.",
          "date": "2022-09-06",
          "time": "12:22:13",
          "terminate": "false"
        },
        {
          "speaker": "speaker1",
          "personaID": "21859",
          "participantID": "0126",
          "utterance": "어떤 언어로 준비하고 있어요? 저는 외국어가 약한데 부럽네요.",
          "summary": "나는 외국어가 약하다.",
          "date": "2022-09-06",
          "time": "12:23:59",
          "terminate": "false"
        },
        {
          "speaker": "speaker2",
          "personaID": "20927",
          "participantID": "0353",
          "utterance": "중국어로 준비하고 있어요. 저는 어렸을때 중국에 살아서 자연스럽게 하게 됐어요.",
          "summary": "나는 어렸을 때 중국에 살았다.",
          "date": "2022-09-06",
          "time": "12:25:13",
          "terminate": "false"
        },
        {
          "speaker": "speaker1",
          "personaID": "21859",
          "participantID": "0126",
          "utterance": "유학 간거에요? 부럽네요. 저희 언니가 유치원 선생님인데 캐나다 유학연수 갔다와서 그런지 영어가 유창하거든요.",
          "summary": "나의 여자 형제는 유치원 선생님이다.",
          "date": "2022-09-06",
          "time": "12:26:15",
          "terminate": "false"
        },
        {
          "speaker": "speaker2",
          "personaID": "20927",
          "participantID": "0353",
          "utterance": "아니요. 저는 아버지가 중국에서 일하게 되서 가게 됐어요.",
          "summary": "",
          "date": "2022-09-06",
          "time": "12:26:37",
          "terminate": "false"
        },
        {
          "speaker": "speaker1",
          "personaID": "21859",
          "participantID": "0126",
          "utterance": "자연스럽게 언어를 배울수 있다는게 부럽네요. 점심은 먹었어요?",
          "summary": "",
          "date": "2022-09-06",
          "time": "12:27:12",
          "terminate": "false"
        },
        {
          "speaker": "speaker2",
          "personaID": "20927",
          "participantID": "0353",
          "utterance": "아직이요. 싱거운 음식을 즐겨 먹어서 먹을까 생각중이에요.",
          "summary": "나는 싱거운 음식을 즐겨 먹는다.",
          "date": "2022-09-06",
          "time": "12:28:06",
          "terminate": "false"
        },
        {
          "speaker": "speaker1",
          "personaID": "21859",
          "participantID": "0126",
          "utterance": "와, 싱거운 음식을 좋아하세요? 저는 단짠단짠을 좋아해서 싱거운 음식을 싫어해요.",
          "summary": "나는 싱거운 음식을 싫어한다.",
          "date": "2022-09-06",
          "time": "12:32:18",
          "terminate": "false"
        },
        {
          "speaker": "speaker2",
          "personaID": "20927",
          "participantID": "0353",
          "utterance": "저한테는 딱인데 남들이 먹었을때 싱겁다고 하네요.",
          "summary": "",
          "date": "2022-09-06",
          "time": "12:32:54",
          "terminate": "false"
        },
        {
          "speaker": "speaker1",
          "personaID": "21859",
          "participantID": "0126",
          "utterance": "디저트류는 드세요? 전 디저트로 제가 싫어하는 포도가 나왔네요.ㅠㅠ.",
          "summary": "나는 포도를 싫어한다.",
          "date": "2022-09-06",
          "time": "12:33:38",
          "terminate": "false"
        },
        {
          "speaker": "speaker2",
          "personaID": "20927",
          "participantID": "0353",
          "utterance": "디저트는 안먹어요. 대신 커피를 바닐라라떼를 자주 마셔요.",
          "summary": "나는 바닐라 라테를 자주 마신다.",
          "date": "2022-09-06",
          "time": "12:34:03",
          "terminate": "false"
        },
        {
          "speaker": "speaker1",
          "personaID": "21859",
          "participantID": "0126",
          "utterance": "커피를 달달한거 좋아하시네요. 맛있게 식사 하시고 챙겨드세요. 저도 식사하러 가요.",
          "summary": "",
          "date": "2022-09-06",
          "time": "12:34:58",
          "terminate": "false"
        },
        {
          "speaker": "speaker2",
          "personaID": "20927",
          "participantID": "0353",
          "utterance": "네, 맛있게 드시고 다음에 연락해요.",
          "summary": "",
          "date": "2022-09-06",
          "time": "12:35:10",
          "terminate": "true"
        }
      ],
      "sessionPersonaSummary": {
        "speaker1": [
          "나는 20대 여자이다.",
          "나는 지리학과가 부전공이다. 나는 대학생이다.",
          "나는 외국어가 약하다.",
          "나의 여자 형제는 유치원 선생님이다.",
          "나는 싱거운 음식을 싫어한다.",
          "나는 포도를 싫어한다."
        ],
        "speaker2": [
          "나는 20대 남자이다.",
          "나는 대학생이다. 나는 오픽 자격증을 준비한다.",
          "나는 어렸을 때 중국에 살았다.",
          "나는 싱거운 음식을 즐겨 먹는다.",
          "나는 바닐라 라테를 자주 마신다."
        ]
      },
      "prevAggregatedpersonaSummary": {
        "speaker1": [],
        "speaker2": []
      }
    },
    {
      "prevSessionID": "2-00514-1",
      "prevTimeInfo": {
        "timeNum": "1",
        "timeUnit": "일"
      },
      "nthSession": "2",
      "numberOfUtterances": "20",
      "numberOfTurns": "10",
      "sessionID": "2-00514-2",
      "dialog": [
        {
          "speaker": "speaker1",
          "personaID": "21859",
          "participantID": "0126",
          "utterance": "안녕하세요. 하루만에 연락드리네요.ㅎ 뭐하고 계셨어요?",
          "summary": "",
          "date": "2022-09-06",
          "time": "12:35:53",
          "terminate": "false"
        },
        {
          "speaker": "speaker2",
          "personaID": "20927",
          "participantID": "0353",
          "utterance": "저는 오늘 강의가 없어서 PC방 와서 게임하고 있어요.",
          "summary": "나는 오늘 강의가 없다. 나는 PC방에서 게임을 한다.",
          "date": "2022-09-06",
          "time": "12:36:14",
          "terminate": "false"
        },
        {
          "speaker": "speaker1",
          "personaID": "21859",
          "participantID": "0126",
          "utterance": "게임 좋아하세요? 저도 게임 좋아해서 PC방 자주 가거든요.",
          "summary": "나는 게임을 좋아한다. 나는 PC방을 자주 간다.",
          "date": "2022-09-06",
          "time": "12:37:06",
          "terminate": "false"
        },
        {
          "speaker": "speaker2",
          "personaID": "20927",
          "participantID": "0353",
          "utterance": "오, 저는 리그오브레전드 게임 해요. 무슨게임해요.",
          "summary": "나는 리그 오브 레전드 게임을 한다.",
          "date": "2022-09-06",
          "time": "12:38:07",
          "terminate": "false"
        },
        {
          "speaker": "speaker1",
          "personaID": "21859",
          "participantID": "0126",
          "utterance": "저는 배틀그라운드 하고 있어요. ㅋㅋ 그래서 총쏘다보면 과격해져서 친구들이랑 PC방에서 늘 시끄럽네요.",
          "summary": "나는 배틀그라운드 게임을 한다.",
          "date": "2022-09-06",
          "time": "12:39:01",
          "terminate": "false"
        },
        {
          "speaker": "speaker2",
          "personaID": "20927",
          "participantID": "0353",
          "utterance": "아, ㅋㅋ 저도 가끔 배틀 그라운드 하고 있어요. 다음에 같이 해요.",
          "summary": "나는 배틀그라운드 게임을 가끔 한다.",
          "date": "2022-09-06",
          "time": "12:39:29",
          "terminate": "false"
        },
        {
          "speaker": "speaker1",
          "personaID": "21859",
          "participantID": "0126",
          "utterance": "너무 좋죠. 게임만큼 친해지기 좋은거 없죠. 계속 PC방에 있는거에요?",
          "summary": "",
          "date": "2022-09-06",
          "time": "12:40:09",
          "terminate": "false"
        },
        {
          "speaker": "speaker2",
          "personaID": "20927",
          "participantID": "0353",
          "utterance": "아니요. 자격증 준비도 있고 약속 있어서 나가봐야 되요.",
          "summary": "",
          "date": "2022-09-06",
          "time": "12:40:36",
          "terminate": "false"
        },
        {
          "speaker": "speaker1",
          "personaID": "21859",
          "participantID": "0126",
          "utterance": "무슨 약속이요? 저도 친구들과 술약속 있어서 나가볼 예정이에요.",
          "summary": "나는 친구들과 술 약속이 있다.",
          "date": "2022-09-06",
          "time": "12:40:51",
          "terminate": "false"
        },
        {
          "speaker": "speaker2",
          "personaID": "20927",
          "participantID": "0353",
          "utterance": "저도 친구들이랑 술약속 있어요. ㅋㅋ.",
          "summary": "나는 친구들과 술 약속이 있다.",
          "date": "2022-09-06",
          "time": "12:41:24",
          "terminate": "false"
        },
        {
          "speaker": "speaker1",
          "personaID": "21859",
          "participantID": "0126",
          "utterance": "술 좋아해요? 저는 소주 좋아해서 자주 마시거든요.",
          "summary": "나는 소주를 좋아한다.",
          "date": "2022-09-06",
          "time": "12:41:43",
          "terminate": "false"
        },
        {
          "speaker": "speaker2",
          "personaID": "20927",
          "participantID": "0353",
          "utterance": "전 맥주를 좋아해요. 친구들이랑 많이 친한가봐요.",
          "summary": "나는 맥주를 좋아한다.",
          "date": "2022-09-06",
          "time": "12:42:06",
          "terminate": "false"
        },
        {
          "speaker": "speaker1",
          "personaID": "21859",
          "participantID": "0126",
          "utterance": "그래보여요? ㅋㅋ 고등학교때 친구들이랑 자주 놀거든요.",
          "summary": "나는 고등학교 때 친구들이랑 자주 논다.",
          "date": "2022-09-06",
          "time": "12:42:27",
          "terminate": "false"
        },
        {
          "speaker": "speaker2",
          "personaID": "20927",
          "participantID": "0353",
          "utterance": "게임할때도 친구들이랑 하고 술약속도 친구들과 있다고 해서 친해보였어요.",
          "summary": "",
          "date": "2022-09-06",
          "time": "12:42:47",
          "terminate": "false"
        },
        {
          "speaker": "speaker1",
          "personaID": "21859",
          "participantID": "0126",
          "utterance": "하하, 이야기 하다 보니 그렇네요. 동네 친구들이기도 해서 자주 봐요. 친구들 자주 안봐요?",
          "summary": "나는 친구들을 자주 본다.",
          "date": "2022-09-06",
          "time": "12:43:25",
          "terminate": "false"
        },
        {
          "speaker": "speaker2",
          "personaID": "20927",
          "participantID": "0353",
          "utterance": "고등학교 친구들은 가끔 봐요. 대학교 동기들을 더 자주 봐요.",
          "summary": "나는 고등학교 친구들을 가끔 본다. 나는 대학교 동기들을 자주 본다.",
          "date": "2022-09-06",
          "time": "12:44:00",
          "terminate": "false"
        },
        {
          "speaker": "speaker1",
          "personaID": "21859",
          "participantID": "0126",
          "utterance": "오늘 술약속도 대학 동기들 보는거에요?",
          "summary": "",
          "date": "2022-09-06",
          "time": "12:44:41",
          "terminate": "false"
        },
        {
          "speaker": "speaker2",
          "personaID": "20927",
          "participantID": "0353",
          "utterance": "맞아요. ㅋㅋ 대부분 술약속은 대학동기들이에요.",
          "summary": "",
          "date": "2022-09-06",
          "time": "12:44:53",
          "terminate": "false"
        },
        {
          "speaker": "speaker1",
          "personaID": "21859",
          "participantID": "0126",
          "utterance": "전 오늘도 대학 친구들과 술약속이에요. 약속장소에 나가야겠어요.",
          "summary": "",
          "date": "2022-09-06",
          "time": "12:45:40",
          "terminate": "false"
        },
        {
          "speaker": "speaker2",
          "personaID": "20927",
          "participantID": "0353",
          "utterance": "재밌게 놀아요.^^ 저도 PC방 나가야겠어요.",
          "summary": "",
          "date": "2022-09-06",
          "time": "12:45:51",
          "terminate": "true"
        }
      ],
      "sessionPersonaSummary": {
        "speaker1": [
          "나는 게임을 좋아한다. 나는 PC방을 자주 간다.",
          "나는 배틀그라운드 게임을 한다.",
          "나는 친구들과 술 약속이 있다.",
          "나는 소주를 좋아한다.",
          "나는 고등학교 때 친구들이랑 자주 논다.",
          "나는 친구들을 자주 본다."
        ],
        "speaker2": [
          "나는 오늘 강의가 없다. 나는 PC방에서 게임을 한다.",
          "나는 리그 오브 레전드 게임을 한다.",
          "나는 배틀그라운드 게임을 가끔 한다.",
          "나는 친구들과 술 약속이 있다.",
          "나는 맥주를 좋아한다.",
          "나는 고등학교 친구들을 가끔 본다. 나는 대학교 동기들을 자주 본다."
        ]
      },
      "prevAggregatedpersonaSummary": {
        "speaker1": [
          "나는 20대 여자이다.",
          "나는 지리학과가 부전공이다. 나는 대학생이다.",
          "나는 외국어가 약하다.",
          "나의 여자 형제는 유치원 선생님이다.",
          "나는 싱거운 음식을 싫어한다.",
          "나는 포도를 싫어한다."
        ],
        "speaker2": [
          "나는 20대 남자이다.",
          "나는 대학생이다. 나는 오픽 자격증을 준비한다.",
          "나는 어렸을 때 중국에 살았다.",
          "나는 싱거운 음식을 즐겨 먹는다.",
          "나는 바닐라 라테를 자주 마신다."
        ]
      }
    }
  ]
}