{
  "FileInfo": {
    "filename": "K2-00448-CL25997-CP52844-07-03-S2.json",
    "sessionLevel": "2"
  },
  "participantsInfo": {
    "numberOfParticipants": "2",
    "speaker1": {
      "participantID": "6444",
      "gender": "여성",
      "age": "30대",
      "occupation": "사무직",
      "bPlace": "서울/경기/인천",
      "gPlace": "서울/경기/인천",
      "rPlace": "서울/경기/인천",
      "educationLevel": "고졸"
    },
    "speaker2": {
      "participantID": "4824",
      "gender": "여성",
      "age": "40대",
      "occupation": "주부",
      "bPlace": "서울/경기/인천",
      "gPlace": "서울/경기/인천",
      "rPlace": "서울/경기/인천",
      "educationLevel": "고졸"
    }
  },
  "multisessionInfo": {
    "multisessionID": "2-00448"
  },
  "personaInfo": {
    "clInfo": {
      "personaID": "25997",
      "personaFeatures": [
        "나는 여자이다.",
        "나는 20대이다.",
        "나의 거주지는 포항이다",
        "나는 통계학과 전공이다",
        "나는 전쟁 영화를 싫어한다",
        "나는 바나나를 싫어한다",
        "나는 점심에 차를 마신다"
      ],
      "speakerType": "speaker1"
    },
    "cpInfo": {
      "personaID": "52844",
      "personaFeatures": [
        "나는 여자이다.",
        "나는 50대이다.",
        "나의 거주지는 진주이다",
        "나는 맛집 여행을 좋아한다",
        "나는 요즘, 항상 자신감이 생긴다",
        "나는 위인 전기를 좋아한다"
      ],
      "speakerType": "speaker2"
    }
  },
  "topicInfo": {
    "topicID": "07-03",
    "topicType": "개인 및 관계>가족",
    "topicTitle": "아버지"
  },
  "sessionInfo": [
    {
      "prevSessionID": null,
      "prevTimeInfo": {
        "timeNum": null,
        "timeUnit": null
      },
      "nthSession": "1",
      "numberOfUtterances": "14",
      "numberOfTurns": "7",
      "sessionID": "2-00448-1",
      "dialog": [
        {
          "speaker": "speaker1",
          "personaID": "25997",
          "participantID": "6444",
          "utterance": "안녕하세요? 저는 30대 여성입니다. 소개 부탁드려요~",
          "summary": "나는 30대 여성이다",
          "date": "2022-11-28",
          "time": "14:45:59",
          "terminate": "false"
        },
        {
          "speaker": "speaker2",
          "personaID": "52844",
          "participantID": "4824",
          "utterance": "안녕하세요? 저는 진주에 사는 50대 여성입니다. ^^",
          "summary": "나는 진주에 사는 50대 여성이다.",
          "date": "2022-11-28",
          "time": "14:46:32",
          "terminate": "false"
        },
        {
          "speaker": "speaker1",
          "personaID": "25997",
          "participantID": "6444",
          "utterance": "저는 포항에 거주하고 있어요. 오신 적 있나요?",
          "summary": "나는 포항에 거주하고 있다",
          "date": "2022-11-28",
          "time": "14:47:12",
          "terminate": "false"
        },
        {
          "speaker": "speaker2",
          "personaID": "52844",
          "participantID": "4824",
          "utterance": "네네....   저는 맛집 여행을 좋아해서 여기저기 자주 다니는 편입니다. ",
          "summary": "나는 맛집 여행을 좋아해서 여기저기 자주 다니는 편이다.",
          "date": "2022-11-28",
          "time": "14:49:14",
          "terminate": "false"
        },
        {
          "speaker": "speaker1",
          "personaID": "25997",
          "participantID": "6444",
          "utterance": "저는 진주에서 냉면을 맛있게 먹었습니다. 혹시 경기도 맛집 좀 추천해주시겠어요~?",
          "summary": "나는 진주에서 냉면을 맛있게 먹었다",
          "date": "2022-11-28",
          "time": "14:49:47",
          "terminate": "false"
        },
        {
          "speaker": "speaker2",
          "personaID": "52844",
          "participantID": "4824",
          "utterance": "경기도 일산에 @브랜드명@라고 혹시 가보셨어요?",
          "summary": "",
          "date": "2022-11-28",
          "time": "14:57:43",
          "terminate": "false"
        },
        {
          "speaker": "speaker1",
          "personaID": "25997",
          "participantID": "6444",
          "utterance": "아직 못 가본 곳이에요! 기회되면 꼭 가보도록 할게요~ 저는 여행을 좋아해요. 여행 좋아하시나요?",
          "summary": "나는 여행을 좋아한다",
          "date": "2022-11-28",
          "time": "14:58:31",
          "terminate": "false"
        },
        {
          "speaker": "speaker2",
          "personaID": "52844",
          "participantID": "4824",
          "utterance": "여행 좋아합니다. 주말마다 여행을 다녀와서 그런지 기분탓인지 저는 요즘, 항상 자신감이 생기는 것 같아요. 여행 말고 즐겨하는게 또 있으신가요?",
          "summary": "나는 여행을 좋아한다.",
          "date": "2022-11-28",
          "time": "15:00:26",
          "terminate": "false"
        },
        {
          "speaker": "speaker1",
          "personaID": "25997",
          "participantID": "6444",
          "utterance": "저는 야구 중계 보는 것도 좋아해요. 스포츠 좋아하세요? ",
          "summary": "나는 야구 중계 보는 것과 스포츠를 좋아한다",
          "date": "2022-11-28",
          "time": "15:02:39",
          "terminate": "false"
        },
        {
          "speaker": "speaker2",
          "personaID": "52844",
          "participantID": "4824",
          "utterance": "저는 민첩성도 없고 몸도 둔해서 할 수 있는 운동도 없고 스포츠를 별로 좋아하지 않습니다. 대신 책 읽는 것을 좋아해요. 위인 전기를 찾아보는 편입니다. 애들에게 추천해주고 싶어서 읽게 되네요.  좋아하는 스포츠는 어떤거예요?",
          "summary": "나는 스포츠를 별로 좋아하지 않고 책 읽는 것을 좋아한다.",
          "date": "2022-11-28",
          "time": "15:04:27",
          "terminate": "false"
        },
        {
          "speaker": "speaker1",
          "personaID": "25997",
          "participantID": "6444",
          "utterance": "저는 기본 4대 스포츠 중계는 다 재미있게 보고 있어요. 어떤 위인 전기를 감명깊게 보셨어요?",
          "summary": "나는 기본 4대 스포츠 중계는 다 재미있게 보고 있다",
          "date": "2022-11-28",
          "time": "15:07:20",
          "terminate": "false"
        },
        {
          "speaker": "speaker2",
          "personaID": "52844",
          "participantID": "4824",
          "utterance": "저는 최 근래에 스티브잡스 재미있게 읽었어요. 오늘 우리나라 축구 경기가 있는데... 신나시겠어요. ^^",
          "summary": "나는 근래에 잡스를 재미있게 읽었다.",
          "date": "2022-11-28",
          "time": "15:10:16",
          "terminate": "false"
        },
        {
          "speaker": "speaker1",
          "personaID": "25997",
          "participantID": "6444",
          "utterance": "저는 오늘 경기 결과에 대해 회사 팀원들과 내기를 했습니다. 월드컵 중계는 시청하시나요?",
          "summary": "나는 오늘 경기 결과에 대해 회사 팀원들과 내기를 했다",
          "date": "2022-11-28",
          "time": "15:16:16",
          "terminate": "false"
        },
        {
          "speaker": "speaker2",
          "personaID": "52844",
          "participantID": "4824",
          "utterance": "네 오늘 열심히 응원해야죠~ ^^ 대한민국~~~~~!!!! 이만 치킨 예약하러 치킨집 가야겠어요. 나중에 또 대화 나눠요~ ^^",
          "summary": "",
          "date": "2022-11-28",
          "time": "15:17:35",
          "terminate": "true"
        }
      ],
      "sessionPersonaSummary": {
        "speaker1": [
          "나는 30대 여성이다",
          "나는 포항에 거주하고 있다",
          "나는 진주에서 냉면을 맛있게 먹었다",
          "나는 여행을 좋아한다",
          "나는 야구 중계 보는 것과 스포츠를 좋아한다",
          "나는 기본 4대 스포츠 중계는 다 재미있게 보고 있다",
          "나는 오늘 경기 결과에 대해 회사 팀원들과 내기를 했다"
        ],
        "speaker2": [
          "나는 진주에 사는 50대 여성이다.",
          "나는 맛집 여행을 좋아해서 여기저기 자주 다니는 편이다.",
          "나는 여행을 좋아한다.",
          "나는 스포츠를 별로 좋아하지 않고 책 읽는 것을 좋아한다.",
          "나는 근래에 잡스를 재미있게 읽었다."
        ]
      },
      "prevAggregatedpersonaSummary": {
        "speaker1": [],
        "speaker2": []
      }
    },
    {
      "prevSessionID": "2-00448-1",
      "prevTimeInfo": {
        "timeNum": "5",
        "timeUnit": "주"
      },
      "nthSession": "2",
      "numberOfUtterances": "14",
      "numberOfTurns": "7",
      "sessionID": "2-00448-2",
      "dialog": [
        {
          "speaker": "speaker1",
          "personaID": "25997",
          "participantID": "6444",
          "utterance": "5주만의 대화네요. 그동안 잘 지내셨어요?",
          "summary": "",
          "date": "2022-11-28",
          "time": "15:23:59",
          "terminate": "false"
        },
        {
          "speaker": "speaker2",
          "personaID": "52844",
          "participantID": "4824",
          "utterance": "시간이 벌써 이렇게 지났네요.... 이젠 벌써 겨울이네요. 포항도 춥죠? 님네 가족분들 모두 안녕하시지요?",
          "summary": "",
          "date": "2022-11-28",
          "time": "15:25:05",
          "terminate": "false"
        },
        {
          "speaker": "speaker1",
          "personaID": "25997",
          "participantID": "6444",
          "utterance": "덕분에요! 저희 아버지는 나이가 70이 넘으셨는데 여전히 일을 하고 계세요. 님 가족분들은 잘 지내시나요?",
          "summary": "나는 아버지가 70이 넘으셨는데 여전히 일을 하고 계신다",
          "date": "2022-11-28",
          "time": "15:26:04",
          "terminate": "false"
        },
        {
          "speaker": "speaker2",
          "personaID": "52844",
          "participantID": "4824",
          "utterance": "어머니가 연로하시다 보니 항상 걱정이네요. 피해갈 수 없는 이별이지만, 마음의 준비를 항상 하고 있다는게 ... 사람을 참 우울하게 만들어요. ",
          "summary": "나는 어머니가 연로하시다 보니 항상 걱정이다.",
          "date": "2022-11-28",
          "time": "15:26:55",
          "terminate": "false"
        },
        {
          "speaker": "speaker1",
          "personaID": "25997",
          "participantID": "6444",
          "utterance": "저는 저희 어머니가 몸이 안좋으셔서 아버지께서 마사지를 해주세요. 그런 남편을 만나야 할 텐데 말이죠~  아무리 부모님께 효도해도 나중에 이별하게 되면 후회한다고 하던데 그럼 너무 슬플거 같죠..?",
          "summary": "나는 어머니가 몸이 안 좋으셔서 아버지가 마사지를 해주셔서 그런 남편을 만나고 싶다 나는 부모님께 아무리 효도해도 이별하게 되면 후회되는 게 너무 슬프다",
          "date": "2022-11-28",
          "time": "15:33:50",
          "terminate": "false"
        },
        {
          "speaker": "speaker2",
          "personaID": "52844",
          "participantID": "4824",
          "utterance": "네.... 이건 어쩔 수 없는 부분이라서  ㅜㅠ 아무리 잘해도 후회는 다 똑같을 것 같아요. 부모님 뿐만 아니라 주위에 모든 가족... 모든 사람... 떠나버리면 너무 슬프잖아요. ㅜㅠ",
          "summary": "나는 부모님께 아무리 잘해도 후회는 다 똑같이 하는 것 같다.",
          "date": "2022-11-28",
          "time": "15:36:23",
          "terminate": "false"
        },
        {
          "speaker": "speaker1",
          "personaID": "25997",
          "participantID": "6444",
          "utterance": "저는 아직 이별을 많이 경험해보지 못해서 상상만해도 너무 싫으네요. 이별 경험이 많으신가요?",
          "summary": "나는 이별을 아직 경험해보지 못해서 생각만 해도 싫다",
          "date": "2022-11-28",
          "time": "15:39:04",
          "terminate": "false"
        },
        {
          "speaker": "speaker2",
          "personaID": "52844",
          "participantID": "4824",
          "utterance": "저는 20년 전에 아버지랑 이별을 경험했던터라.... 그 상실감을 알기에 더 두려워요. 근대 그때는 없던 제 가족이 있어서.... 그 곳에서 아픔을 아이들이 치료해줄것 같은 맘도 있어요. ",
          "summary": "나는 20년 전에 아버지와 이별을 경험했다.",
          "date": "2022-11-28",
          "time": "15:41:51",
          "terminate": "false"
        },
        {
          "speaker": "speaker1",
          "personaID": "25997",
          "participantID": "6444",
          "utterance": "아버지와 일찍 이별 하셨군요.. 저는 요즘 아버지께서 조금만 걸으셔도 힘들어하셔서 걱정입니다. 어떤게 제일 후회되세요?",
          "summary": "나는 아버지가 조금만 걸으셔도 힘들어하셔서 걱정이다",
          "date": "2022-11-28",
          "time": "15:45:27",
          "terminate": "false"
        },
        {
          "speaker": "speaker2",
          "personaID": "52844",
          "participantID": "4824",
          "utterance": "사람들마다 각기 사연이 다 틀려서 후회되는 부분도 여러가지일테지만, 저는 아직도 제일 슬픈게 아빠한테 대든거요. ㅜㅠ 그게 제일 후회되요. 아빠랑은 사이가 정말 좋았었는데... 님은 결혼은 하셨나요?",
          "summary": "나는 아직도 아버지께 대든 기억이 너무 슬프다.",
          "date": "2022-11-28",
          "time": "15:49:22",
          "terminate": "false"
        },
        {
          "speaker": "speaker1",
          "personaID": "25997",
          "participantID": "6444",
          "utterance": "저는 아직 미혼입니다. 항상 잘하고 싶은데 상황마다 마음대로 안되지 않나요..?",
          "summary": "나는 아직 미혼이다",
          "date": "2022-11-28",
          "time": "15:54:00",
          "terminate": "false"
        },
        {
          "speaker": "speaker2",
          "personaID": "52844",
          "participantID": "4824",
          "utterance": "아... 미혼이시구나.... 요즘 결혼을 다들 늦게 하시더라구요. 결혼 하기 전에 세상을 더 많이 알아보는 것도 좋을 것 같아요. 안해도 상관없구요~ ^^",
          "summary": "나는 결혼하기 전에 세상을 더 많이 알아보는 것도 좋을 것 같다.",
          "date": "2022-11-28",
          "time": "15:55:30",
          "terminate": "false"
        },
        {
          "speaker": "speaker1",
          "personaID": "25997",
          "participantID": "6444",
          "utterance": "저는 결혼하면 부모님이 더 생기는거 같은 기분이 들거 같아요. 어떠세요?",
          "summary": "나는 결혼하면 부모님이 더 생기는 것 같은 기분이 들 것 같다",
          "date": "2022-11-28",
          "time": "15:57:45",
          "terminate": "false"
        },
        {
          "speaker": "speaker2",
          "personaID": "52844",
          "participantID": "4824",
          "utterance": "그쵸.... 맞아요. 저는 친정아버지만 돌아가셨을 뿐이지만, 아직 시댁에는 아버님, 어머님.... 다 계시거든요. 역시 다 연로하셔서 걱정이 이만저만이 아닙니다. 어깨의 짐이 무겁게만 느껴져요. 다음에 또 대화 해요.",
          "summary": "나는 시댁 아버님, 어머님 다 계시는데 연로하셔서 걱정이 이만저만이 아니다.",
          "date": "2022-11-28",
          "time": "16:00:33",
          "terminate": "true"
        }
      ],
      "sessionPersonaSummary": {
        "speaker1": [
          "나는 아버지가 70이 넘으셨는데 여전히 일을 하고 계신다",
          "나는 어머니가 몸이 안 좋으셔서 아버지가 마사지를 해주셔서 그런 남편을 만나고 싶다",
          "나는 부모님께 아무리 효도해도 이별하게 되면 후회되는 게 너무 슬프다",
          "나는 이별을 아직 경험해보지 못해서 생각만 해도 싫다",
          "나는 아버지가 조금만 걸으셔도 힘들어하셔서 걱정이다",
          "나는 아직 미혼이다",
          "나는 결혼하면 부모님이 더 생기는 것 같은 기분이 들 것 같다"
        ],
        "speaker2": [
          "나는 어머니가 연로하시다 보니 항상 걱정이다.",
          "나는 부모님께 아무리 잘해도 후회는 다 똑같이 하는 것 같다.",
          "나는 20년 전에 아버지와 이별을 경험했다.",
          "나는 아직도 아버지께 대든 기억이 너무 슬프다.",
          "나는 결혼하기 전에 세상을 더 많이 알아보는 것도 좋을 것 같다.",
          "나는 시댁 아버님, 어머님 다 계시는데 연로하셔서 걱정이 이만저만이 아니다."
        ]
      },
      "prevAggregatedpersonaSummary": {
        "speaker1": [
          "나는 30대 여성이다",
          "나는 포항에 거주하고 있다",
          "나는 진주에서 냉면을 맛있게 먹었다",
          "나는 여행을 좋아한다",
          "나는 야구 중계 보는 것과 스포츠를 좋아한다",
          "나는 기본 4대 스포츠 중계는 다 재미있게 보고 있다",
          "나는 오늘 경기 결과에 대해 회사 팀원들과 내기를 했다"
        ],
        "speaker2": [
          "나는 진주에 사는 50대 여성이다.",
          "나는 맛집 여행을 좋아해서 여기저기 자주 다니는 편이다.",
          "나는 여행을 좋아한다.",
          "나는 스포츠를 별로 좋아하지 않고 책 읽는 것을 좋아한다.",
          "나는 근래에 잡스를 재미있게 읽었다."
        ]
      }
    }
  ]
}