{
  "FileInfo": {
    "filename": "K2-00138-CL42877-CP26236-20-04-S2.json",
    "sessionLevel": "2"
  },
  "participantsInfo": {
    "numberOfParticipants": "2",
    "speaker1": {
      "participantID": "1074",
      "gender": "여성",
      "age": "50대",
      "occupation": "사무직",
      "bPlace": "서울/경기/인천",
      "gPlace": "서울/경기/인천",
      "rPlace": "서울/경기/인천",
      "educationLevel": "대졸"
    },
    "speaker2": {
      "participantID": "3024",
      "gender": "여성",
      "age": "30대",
      "occupation": "주부",
      "bPlace": "부산/대구/울산/경상",
      "gPlace": "부산/대구/울산/경상",
      "rPlace": "부산/대구/울산/경상",
      "educationLevel": "대졸"
    }
  },
  "multisessionInfo": {
    "multisessionID": "2-00138"
  },
  "personaInfo": {
    "clInfo": {
      "personaID": "42877",
      "personaFeatures": [
        "나는 여자이다.",
        "나는 40대이다.",
        "나는 체험 여행에 관심 없다",
        "나는 고객상담 관련직에 종사한다",
        "나는 요즘, 가끔 안도감이 든다",
        "나는 커피를 마시지 않는다"
      ],
      "speakerType": "speaker1"
    },
    "cpInfo": {
      "personaID": "26236",
      "personaFeatures": [
        "나는 여자이다.",
        "나는 20대이다.",
        "나는 대학생이다",
        "나는 전기정보공학 전공이다",
        "나는 종교 여행을 좋아한다",
        "나의 거주지는 광주이다",
        "나는 요즘, 매일 짜증이 난다"
      ],
      "speakerType": "speaker2"
    }
  },
  "topicInfo": {
    "topicID": "20-04",
    "topicType": "예술문화 생활>영화/만화",
    "topicTitle": "애니메이션"
  },
  "sessionInfo": [
    {
      "prevSessionID": null,
      "prevTimeInfo": {
        "timeNum": null,
        "timeUnit": null
      },
      "nthSession": "1",
      "numberOfUtterances": "14",
      "numberOfTurns": "7",
      "sessionID": "2-00138-1",
      "dialog": [
        {
          "speaker": "speaker1",
          "personaID": "42877",
          "participantID": "1074",
          "utterance": "안녕하세요 저는 40대 여성입니다",
          "summary": "나는 40대 여성입니다.",
          "date": "2022-11-30",
          "time": "09:11:48",
          "terminate": "false"
        },
        {
          "speaker": "speaker2",
          "personaID": "26236",
          "participantID": "3024",
          "utterance": "안녕하세요 전 광주에 살고있는 20대 여대생입니다.",
          "summary": "나는 광주에 사는 20대 여대생이다.",
          "date": "2022-11-30",
          "time": "09:53:11",
          "terminate": "false"
        },
        {
          "speaker": "speaker1",
          "personaID": "42877",
          "participantID": "1074",
          "utterance": "여행을 좋아하시나요? 저는 여행을 좋아하는데 체험 여행은 관심이 없어요.",
          "summary": "나는 여행을 좋아하지만 체험여행은 관심이 없다.\n",
          "date": "2022-11-30",
          "time": "09:57:37",
          "terminate": "false"
        },
        {
          "speaker": "speaker2",
          "personaID": "26236",
          "participantID": "3024",
          "utterance": "저는 기독교인데 스트레스 받거나 하면 종교관련지로 여행을 떠나곤 합니다.",
          "summary": "나는 기독교인인데 스트레사를 받으면 종교 관련지로 여행을 떠난다.",
          "date": "2022-11-30",
          "time": "09:58:57",
          "terminate": "false"
        },
        {
          "speaker": "speaker1",
          "personaID": "42877",
          "participantID": "1074",
          "utterance": "저는 고객상담 관력직에 종사해서 체험보다는 보는 것을 즐겨요",
          "summary": "나는 고객상담 관련직에 종사한다.",
          "date": "2022-11-30",
          "time": "09:59:41",
          "terminate": "false"
        },
        {
          "speaker": "speaker2",
          "personaID": "26236",
          "participantID": "3024",
          "utterance": "아 직업이 그러시면 많이 피곤하시겠어요. 보는것을 즐긴다는말에공감이 되네요.",
          "summary": "",
          "date": "2022-11-30",
          "time": "10:01:18",
          "terminate": "false"
        },
        {
          "speaker": "speaker1",
          "personaID": "42877",
          "participantID": "1074",
          "utterance": "피곤하지만 커피를 마시지는 않아요",
          "summary": "나는 커피를 마시지 않는다.",
          "date": "2022-11-30",
          "time": "10:03:55",
          "terminate": "false"
        },
        {
          "speaker": "speaker2",
          "personaID": "26236",
          "participantID": "3024",
          "utterance": "저는 커피를 좋아해서 스트레스 받을땐 달달한 커피를 자주 마셔요.",
          "summary": "나는 달달한 커피를 좋아한다.",
          "date": "2022-11-30",
          "time": "10:05:00",
          "terminate": "false"
        },
        {
          "speaker": "speaker1",
          "personaID": "42877",
          "participantID": "1074",
          "utterance": "저는 뉴스를 자주 보는데 해외의 위험한 상황들을 보면서 요즘 우리 나라의 치안에 가끔 안도감이 듭니다. ",
          "summary": "나는 해외 뉴스를 보며 우리나라 치안에 안도감이 든다.",
          "date": "2022-11-30",
          "time": "10:06:45",
          "terminate": "false"
        },
        {
          "speaker": "speaker2",
          "personaID": "26236",
          "participantID": "3024",
          "utterance": "그러게요. 예전에 유럽여행을 간적이 있는데 좀 도둑들때문에 가방간수 하느라 힘들었었네요.",
          "summary": "나는 예전에 유럽여행을 가나 적이 있다",
          "date": "2022-11-30",
          "time": "10:09:28",
          "terminate": "false"
        },
        {
          "speaker": "speaker1",
          "personaID": "42877",
          "participantID": "1074",
          "utterance": "해외에서 소매치기를 조심해야 한다는 이야기 들었어요",
          "summary": "나는 해외에서 소매치기를 조심해야 한다고 들었다.",
          "date": "2022-11-30",
          "time": "10:09:58",
          "terminate": "false"
        },
        {
          "speaker": "speaker2",
          "personaID": "26236",
          "participantID": "3024",
          "utterance": "맞아요, 종교여행으로 다른 나라를 가도 우리나라만큼 치안이 잘 되어있는곳은 드문거 같아요.",
          "summary": "",
          "date": "2022-11-30",
          "time": "10:12:46",
          "terminate": "false"
        },
        {
          "speaker": "speaker1",
          "personaID": "42877",
          "participantID": "1074",
          "utterance": "오늘 날씨가 너무 추워졌어요. 따뜻하게 입으셨죠?",
          "summary": "나는 오늘 날씨가 너무 추워졌다고 생각한다.",
          "date": "2022-11-30",
          "time": "10:13:41",
          "terminate": "false"
        },
        {
          "speaker": "speaker2",
          "personaID": "26236",
          "participantID": "3024",
          "utterance": "그러게요. 전 오늘 약속이 있어서 잠시 나가봐야할꺼 같아요. 날이 추워서 따뜻하게 입고 나가야겠네요.",
          "summary": "",
          "date": "2022-11-30",
          "time": "10:15:09",
          "terminate": "true"
        }
      ],
      "sessionPersonaSummary": {
        "speaker1": [
          "나는 40대 여성입니다.",
          "나는 여행을 좋아하지만 체험여행은 관심이 없다.\n",
          "나는 고객상담 관련직에 종사한다.",
          "나는 커피를 마시지 않는다.",
          "나는 해외 뉴스를 보며 우리나라 치안에 안도감이 든다.",
          "나는 해외에서 소매치기를 조심해야 한다고 들었다.",
          "나는 오늘 날씨가 너무 추워졌다고 생각한다."
        ],
        "speaker2": [
          "나는 광주에 사는 20대 여대생이다.",
          "나는 기독교인인데 스트레사를 받으면 종교 관련지로 여행을 떠난다.",
          "나는 달달한 커피를 좋아한다.",
          "나는 예전에 유럽여행을 가나 적이 있다"
        ]
      },
      "prevAggregatedpersonaSummary": {
        "speaker1": [],
        "speaker2": []
      }
    },
    {
      "prevSessionID": "2-00138-1",
      "prevTimeInfo": {
        "timeNum": "1",
        "timeUnit": "주"
      },
      "nthSession": "2",
      "numberOfUtterances": "14",
      "numberOfTurns": "7",
      "sessionID": "2-00138-2",
      "dialog": [
        {
          "speaker": "speaker1",
          "personaID": "42877",
          "participantID": "1074",
          "utterance": "일주일 만입니다. 잘 지내셨죠?",
          "summary": "",
          "date": "2022-11-30",
          "time": "10:19:32",
          "terminate": "false"
        },
        {
          "speaker": "speaker2",
          "personaID": "26236",
          "participantID": "3024",
          "utterance": "네 일주일 만이네요. 날씨가 너무 추워졌어요",
          "summary": "",
          "date": "2022-11-30",
          "time": "10:24:15",
          "terminate": "false"
        },
        {
          "speaker": "speaker1",
          "personaID": "42877",
          "participantID": "1074",
          "utterance": "추우니까 집에서 영화를 보게 되네요",
          "summary": "나는 추우니 집에서 영화를 본다",
          "date": "2022-11-30",
          "time": "10:24:34",
          "terminate": "false"
        },
        {
          "speaker": "speaker2",
          "personaID": "26236",
          "participantID": "3024",
          "utterance": "저도 집에서 밀린 영화나 봐야겠어요. 추천할 만한 영화가 있으세요?",
          "summary": "나는 영화를 볼 계획이다.",
          "date": "2022-11-30",
          "time": "10:25:07",
          "terminate": "false"
        },
        {
          "speaker": "speaker1",
          "personaID": "42877",
          "participantID": "1074",
          "utterance": "저는 하울의 움직이는성이라는 애니메이션 너무 좋아해요",
          "summary": "나는 하울의 움직이는 성을 좋아한다.",
          "date": "2022-11-30",
          "time": "10:25:25",
          "terminate": "false"
        },
        {
          "speaker": "speaker2",
          "personaID": "26236",
          "participantID": "3024",
          "utterance": "하울! 저도 하울좋아해요, 센과 치히로의 행방불명도 너무 좋아합니다.",
          "summary": "나는 하울과 센과 치히로의 행방불명을 좋아한다.",
          "date": "2022-11-30",
          "time": "10:27:20",
          "terminate": "false"
        },
        {
          "speaker": "speaker1",
          "personaID": "42877",
          "participantID": "1074",
          "utterance": "저는 일본 애니메이션 좋아해요.",
          "summary": "나는 일본 애니가 좋다.",
          "date": "2022-11-30",
          "time": "10:28:38",
          "terminate": "false"
        },
        {
          "speaker": "speaker2",
          "personaID": "26236",
          "participantID": "3024",
          "utterance": "저도 제가 딱히 접한 애니가 일본쪽이라. 토토로나 이런 애니를 좋아해요.",
          "summary": "나는 토로로를 좋아한다.",
          "date": "2022-11-30",
          "time": "10:30:25",
          "terminate": "false"
        },
        {
          "speaker": "speaker1",
          "personaID": "42877",
          "participantID": "1074",
          "utterance": "저도 토토르 2번이나 봤어요.",
          "summary": "나는 토토로 2번이나 봤다.",
          "date": "2022-11-30",
          "time": "10:31:13",
          "terminate": "false"
        },
        {
          "speaker": "speaker2",
          "personaID": "26236",
          "participantID": "3024",
          "utterance": "전 ott로 일본 애니메이션이 다 제스타일인거 같아요. 음악도 그렇고",
          "summary": "나는 일본 애니메이션을 좋아한다.",
          "date": "2022-11-30",
          "time": "10:32:18",
          "terminate": "false"
        },
        {
          "speaker": "speaker1",
          "personaID": "42877",
          "participantID": "1074",
          "utterance": "저는 우리나라 애니메이션도 좋아해요",
          "summary": "나는 우리나라 애니도 좋아한다.",
          "date": "2022-11-30",
          "time": "10:33:49",
          "terminate": "false"
        },
        {
          "speaker": "speaker2",
          "personaID": "26236",
          "participantID": "3024",
          "utterance": "우리나라 애니는 뭐가 있나요?",
          "summary": "",
          "date": "2022-11-30",
          "time": "10:34:30",
          "terminate": "false"
        },
        {
          "speaker": "speaker1",
          "personaID": "42877",
          "participantID": "1074",
          "utterance": "한국 애니메이션 마당을 나온 암탉 보셨나요?",
          "summary": "나는 한국 애니 중 마당을 나온 암탉을 좋아한다.",
          "date": "2022-11-30",
          "time": "10:35:49",
          "terminate": "false"
        },
        {
          "speaker": "speaker2",
          "personaID": "26236",
          "participantID": "3024",
          "utterance": "아니요 첨듣는 애니메이션이네요 . 다음에 만나면 무슨내용인지 알려주세요. 즐거운 대화였습니다.",
          "summary": "",
          "date": "2022-11-30",
          "time": "10:37:00",
          "terminate": "true"
        }
      ],
      "sessionPersonaSummary": {
        "speaker1": [
          "나는 추우니 집에서 영화를 본다",
          "나는 하울의 움직이는 성을 좋아한다.",
          "나는 일본 애니가 좋다.",
          "나는 토토로 2번이나 봤다.",
          "나는 우리나라 애니도 좋아한다.",
          "나는 한국 애니 중 마당을 나온 암탉을 좋아한다."
        ],
        "speaker2": [
          "나는 영화를 볼 계획이다.",
          "나는 하울과 센과 치히로의 행방불명을 좋아한다.",
          "나는 토로로를 좋아한다.",
          "나는 일본 애니메이션을 좋아한다."
        ]
      },
      "prevAggregatedpersonaSummary": {
        "speaker1": [
          "나는 40대 여성입니다.",
          "나는 여행을 좋아하지만 체험여행은 관심이 없다.\n",
          "나는 고객상담 관련직에 종사한다.",
          "나는 커피를 마시지 않는다.",
          "나는 해외 뉴스를 보며 우리나라 치안에 안도감이 든다.",
          "나는 해외에서 소매치기를 조심해야 한다고 들었다.",
          "나는 오늘 날씨가 너무 추워졌다고 생각한다."
        ],
        "speaker2": [
          "나는 광주에 사는 20대 여대생이다.",
          "나는 기독교인인데 스트레사를 받으면 종교 관련지로 여행을 떠난다.",
          "나는 달달한 커피를 좋아한다.",
          "나는 예전에 유럽여행을 가나 적이 있다"
        ]
      }
    }
  ]
}