{
  "FileInfo": {
    "filename": "K2-00344-CL41389-CP32441-12-05-S2.json",
    "sessionLevel": "2"
  },
  "participantsInfo": {
    "numberOfParticipants": "2",
    "speaker1": {
      "participantID": "1177",
      "gender": "여성",
      "age": "40대",
      "occupation": "주부",
      "bPlace": "광주/전라/제주",
      "gPlace": "광주/전라/제주",
      "rPlace": "광주/전라/제주",
      "educationLevel": "고졸"
    },
    "speaker2": {
      "participantID": "3335",
      "gender": "여성",
      "age": "40대",
      "occupation": "주부",
      "bPlace": "서울/경기/인천",
      "gPlace": "서울/경기/인천",
      "rPlace": "서울/경기/인천",
      "educationLevel": "대학원졸"
    }
  },
  "multisessionInfo": {
    "multisessionID": "2-00344"
  },
  "personaInfo": {
    "clInfo": {
      "personaID": "41389",
      "personaFeatures": [
        "나는 여자이다.",
        "나는 40대이다.",
        "나는 중견기업 대리이다 ",
        "나의 자녀는 학생이다",
        "나는 짠 음식을 싫어한다"
      ],
      "speakerType": "speaker1"
    },
    "cpInfo": {
      "personaID": "32441",
      "personaFeatures": [
        "나는 여자이다.",
        "나는 30대이다.",
        "나는 매일 걸어서 출퇴근한다",
        "나는 저녁에 청소를 한다",
        "나는 드럼 연주를 가끔 한다"
      ],
      "speakerType": "speaker2"
    }
  },
  "topicInfo": {
    "topicID": "12-05",
    "topicType": "여가와 오락>여행",
    "topicTitle": "여행 상품"
  },
  "sessionInfo": [
    {
      "prevSessionID": null,
      "prevTimeInfo": {
        "timeNum": null,
        "timeUnit": null
      },
      "nthSession": "1",
      "numberOfUtterances": "16",
      "numberOfTurns": "8",
      "sessionID": "2-00344-1",
      "dialog": [
        {
          "speaker": "speaker1",
          "personaID": "41389",
          "participantID": "1177",
          "utterance": "안녕하세요 저는 40대 여성입니다 ",
          "summary": "나는 40대 여성이다",
          "date": "2022-10-14",
          "time": "18:51:38",
          "terminate": "false"
        },
        {
          "speaker": "speaker2",
          "personaID": "32441",
          "participantID": "3335",
          "utterance": "안녕하세요~저는 30대여성입니다",
          "summary": "나는 30대 여성이다",
          "date": "2022-10-14",
          "time": "18:52:14",
          "terminate": "false"
        },
        {
          "speaker": "speaker1",
          "personaID": "41389",
          "participantID": "1177",
          "utterance": "저는 중견기업 대리로 일하는 있는데 일하시나요?",
          "summary": "나는 중견기업 대리이다",
          "date": "2022-10-14",
          "time": "18:56:18",
          "terminate": "false"
        },
        {
          "speaker": "speaker2",
          "personaID": "32441",
          "participantID": "3335",
          "utterance": "전 반도체회사에 다니고 있어요. 회사가 가까워서 걸어서 출퇴근해요",
          "summary": "나는 반도체 회사에 다니고 있다 나는 매일 갈아서 출퇴근한다",
          "date": "2022-10-14",
          "time": "18:57:41",
          "terminate": "false"
        },
        {
          "speaker": "speaker1",
          "personaID": "41389",
          "participantID": "1177",
          "utterance": "걷는거 넘 좋죠 저희 아이는 학생인데 걷는거 넘 싫어하거든요",
          "summary": "나의 아이는 학생인데 걷는 것을 싫어한다",
          "date": "2022-10-14",
          "time": "18:59:19",
          "terminate": "false"
        },
        {
          "speaker": "speaker2",
          "personaID": "32441",
          "participantID": "3335",
          "utterance": "저도 옛날엔 걷는거 좋아하지 않았는데 코로나때 걷기를 많이 하니까 습관이 돤거 같아요",
          "summary": "나는 코로나 때 긛기를 많이 해 걷는 게 습관이 됐다",
          "date": "2022-10-14",
          "time": "19:00:08",
          "terminate": "false"
        },
        {
          "speaker": "speaker1",
          "personaID": "41389",
          "participantID": "1177",
          "utterance": "맞아요 건강에는  꾸준한 운동 먹는 식습관이 중요하죠 그래서 저도 짠 음식을 싫어해요",
          "summary": "나는 짠 음식을 싫어한다",
          "date": "2022-10-14",
          "time": "19:03:42",
          "terminate": "false"
        },
        {
          "speaker": "speaker2",
          "personaID": "32441",
          "participantID": "3335",
          "utterance": "네~저도 너무 짠 음식은 싫어요~전 청소를 주로 저녁에 해요  좀 전에 청소 다 끝냈어요",
          "summary": "나는 청소를 주로 저녁에 한다",
          "date": "2022-10-14",
          "time": "19:33:02",
          "terminate": "false"
        },
        {
          "speaker": "speaker1",
          "personaID": "41389",
          "participantID": "1177",
          "utterance": "저도 퇴근하고 집에 오면 젤 먼저 하는게 청소네요 집이 깨끗하면 마음이 안전이 되거든요",
          "summary": "나는 집이 깨끗하면 마음이 안전된다",
          "date": "2022-10-14",
          "time": "22:30:56",
          "terminate": "false"
        },
        {
          "speaker": "speaker2",
          "personaID": "32441",
          "participantID": "3335",
          "utterance": "네!맞아여~그런거 같아요^^ 전 청소끝나고 드럼연주 가끔해요 드럼치는 거 재미있더라구요~전 이만 나가봐야 겠어요",
          "summary": "나는 청소가 끝나면 드럼 연주를 한다 나는 드럼 치는 게 재밌다",
          "date": "2022-10-14",
          "time": "23:48:23",
          "terminate": "false"
        },
        {
          "speaker": "speaker2",
          "personaID": "32441",
          "participantID": "3335",
          "utterance": "어떤 취미를 좋아하세요? 전 드럼연주요 ㅎㅎ ",
          "summary": "",
          "date": "2022-10-14",
          "time": "23:54:26",
          "terminate": "false"
        },
        {
          "speaker": "speaker1",
          "personaID": "41389",
          "participantID": "1177",
          "utterance": "악기를 다루줄아는거 좋은거 같아요 저는 시간나면 동네산책하는거 좋아해요^^",
          "summary": "나는 시간 나면 동네 산책하는 거 좋아한다",
          "date": "2022-10-14",
          "time": "23:56:34",
          "terminate": "false"
        },
        {
          "speaker": "speaker2",
          "personaID": "32441",
          "participantID": "3335",
          "utterance": "걷는것도 너무좋죠!전 만보걷기 실천중인데 생각보다 어렵더러구요",
          "summary": "나는 만보 걷기를 실천 중이다",
          "date": "2022-10-14",
          "time": "23:58:33",
          "terminate": "false"
        },
        {
          "speaker": "speaker1",
          "personaID": "41389",
          "participantID": "1177",
          "utterance": "만보 쉽지 않죠^^제가 바쁘신데 말이 너무 길어죠",
          "summary": "나는 만보가 쉽지 않다",
          "date": "2022-10-15",
          "time": "00:07:55",
          "terminate": "false"
        },
        {
          "speaker": "speaker2",
          "personaID": "32441",
          "participantID": "3335",
          "utterance": "괜찮아요! 오늘 대화 재미있었어요^^담에 또봐요!",
          "summary": "",
          "date": "2022-10-15",
          "time": "00:11:00",
          "terminate": "true"
        }
      ],
      "sessionPersonaSummary": {
        "speaker1": [
          "나는 40대 여성이다",
          "나는 중견기업 대리이다",
          "나의 아이는 학생인데 걷는 것을 싫어한다",
          "나는 짠 음식을 싫어한다",
          "나는 집이 깨끗하면 마음이 안전된다",
          "나는 시간 나면 동네 산책하는 거 좋아한다",
          "나는 만보가 쉽지 않다"
        ],
        "speaker2": [
          "나는 30대 여성이다",
          "나는 반도체 회사에 다니고 있다 나는 매일 갈아서 출퇴근한다",
          "나는 코로나 때 긛기를 많이 해 걷는 게 습관이 됐다",
          "나는 청소를 주로 저녁에 한다",
          "나는 청소가 끝나면 드럼 연주를 한다",
          "나는 드럼 치는 게 재밌다",
          "나는 만보 걷기를 실천 중이다"
        ]
      },
      "prevAggregatedpersonaSummary": {
        "speaker1": [],
        "speaker2": []
      }
    },
    {
      "prevSessionID": "2-00344-1",
      "prevTimeInfo": {
        "timeNum": "3",
        "timeUnit": "주"
      },
      "nthSession": "2",
      "numberOfUtterances": "16",
      "numberOfTurns": "8",
      "sessionID": "2-00344-2",
      "dialog": [
        {
          "speaker": "speaker1",
          "personaID": "41389",
          "participantID": "1177",
          "utterance": "3주만에 뵙네요 별일없이 잘 계시죠?",
          "summary": "나는 3주 만에 연락한다",
          "date": "2022-10-15",
          "time": "00:16:35",
          "terminate": "false"
        },
        {
          "speaker": "speaker2",
          "personaID": "32441",
          "participantID": "3335",
          "utterance": "네~안녕하세요! 잘지내셨죠? 저도 잘지냈어요",
          "summary": "",
          "date": "2022-10-15",
          "time": "00:17:33",
          "terminate": "false"
        },
        {
          "speaker": "speaker1",
          "personaID": "41389",
          "participantID": "1177",
          "utterance": "코로나가 끝나가니 홈쇼핑에서 여행상품을 엄청 파네요",
          "summary": "나는 코로나가 끝나가니 홈쇼핑에서 여행상품을 많이 판다고 생각한다",
          "date": "2022-10-15",
          "time": "00:18:43",
          "terminate": "false"
        },
        {
          "speaker": "speaker2",
          "personaID": "32441",
          "participantID": "3335",
          "utterance": "네!맞아요~홈쇼핑에 많이 나오더라구요!!! 너무많아서 깜짝놀랐어요",
          "summary": "나는 홈쇼핑에 많이 나와 놀랐다",
          "date": "2022-10-15",
          "time": "00:19:35",
          "terminate": "false"
        },
        {
          "speaker": "speaker1",
          "personaID": "41389",
          "participantID": "1177",
          "utterance": "그중히라 골라서 가볼려고요 유럽쪽으로요",
          "summary": "나는 유럽 쪽으로 여행을 가보려고 한다",
          "date": "2022-10-15",
          "time": "00:22:13",
          "terminate": "false"
        },
        {
          "speaker": "speaker2",
          "personaID": "32441",
          "participantID": "3335",
          "utterance": "유럽 좋죠!! 유럽 어디쪽이요?전 너무 오래전에 유럽을 가봐서 또 다시 가보고 싶어요~~~ 좋은상품 찾으셨나요?",
          "summary": "나는 오래전에 유럽을 가봤다 나는 다시 가고 싶다",
          "date": "2022-10-15",
          "time": "00:23:23",
          "terminate": "false"
        },
        {
          "speaker": "speaker1",
          "personaID": "41389",
          "participantID": "1177",
          "utterance": "여행삼품을 보니 서유럽쪽 프랑스 이태리 스위스 묶어서 파는데 확 땡기느타고요",
          "summary": "나는 서유럽 쪽으로 여행을 하려고 한다",
          "date": "2022-10-15",
          "time": "00:24:44",
          "terminate": "false"
        },
        {
          "speaker": "speaker2",
          "personaID": "32441",
          "participantID": "3335",
          "utterance": "좋지요!서유럽은 기본으로도 많이 가니깐요! 전 요즘 일본도 가고싶더라구요",
          "summary": "나는 요즘 일본에 가고 싶다",
          "date": "2022-10-15",
          "time": "00:29:50",
          "terminate": "false"
        },
        {
          "speaker": "speaker1",
          "personaID": "41389",
          "participantID": "1177",
          "utterance": "일본여행 상품도 많이 나오드라고요 이제 그리고 비자발급없이 갈수 있어서 더 다양한 코스가 나올꺼 같아요",
          "summary": "나는 일본 여행에 대해 더 다양한 코스가 나올 거 같다고 생각한다",
          "date": "2022-10-15",
          "time": "09:51:35",
          "terminate": "false"
        },
        {
          "speaker": "speaker2",
          "personaID": "32441",
          "participantID": "3335",
          "utterance": "네!!그런거 같아요~엔화도 떨어져서 사람들이 많이 갈꺼같아요~",
          "summary": "",
          "date": "2022-10-15",
          "time": "09:55:15",
          "terminate": "false"
        },
        {
          "speaker": "speaker1",
          "personaID": "41389",
          "participantID": "1177",
          "utterance": "저는 매번 짜여져있는 패키지 상품만 가봐서 자유여행은 한번도 못 했는데 주로 어떤거를 좋아하시나요",
          "summary": "나는 매번 짜여있는 패키지 상품만 가보았다",
          "date": "2022-10-15",
          "time": "10:02:26",
          "terminate": "false"
        },
        {
          "speaker": "speaker2",
          "personaID": "32441",
          "participantID": "3335",
          "utterance": "전 패키지는 편해서 좋긴한데 자유여행은 가끔 무섭기도 해요 ~~혼자서는 못갈꺼같아요",
          "summary": "나는 패키지여행이 편해서 좋다 나는 혼자서는 못 갈 거 같다",
          "date": "2022-10-15",
          "time": "10:46:23",
          "terminate": "false"
        },
        {
          "speaker": "speaker1",
          "personaID": "41389",
          "participantID": "1177",
          "utterance": "그래도 자유여행에 대한 로망은 있잖아요",
          "summary": "나는 자유여행에 대한 로망이 있다",
          "date": "2022-10-15",
          "time": "12:56:23",
          "terminate": "false"
        },
        {
          "speaker": "speaker2",
          "personaID": "32441",
          "participantID": "3335",
          "utterance": "네~~맞아요!자유여행하면 더 기억에 남는거 같아요^^ ",
          "summary": "나는 자유여행이 더 기억에 남는다",
          "date": "2022-10-15",
          "time": "13:09:18",
          "terminate": "false"
        },
        {
          "speaker": "speaker1",
          "personaID": "41389",
          "participantID": "1177",
          "utterance": "바쁘신데 제가 말이 길어졌네요^^",
          "summary": "",
          "date": "2022-10-15",
          "time": "15:09:37",
          "terminate": "false"
        },
        {
          "speaker": "speaker2",
          "personaID": "32441",
          "participantID": "3335",
          "utterance": "아니에요~여행얘기하니까 즐거웠어요! 다음에 또 아야기 해요!",
          "summary": "나는 여행 얘기가 즐겁다",
          "date": "2022-10-15",
          "time": "15:21:56",
          "terminate": "true"
        }
      ],
      "sessionPersonaSummary": {
        "speaker1": [
          "나는 3주 만에 연락한다",
          "나는 코로나가 끝나가니 홈쇼핑에서 여행상품을 많이 판다고 생각한다",
          "나는 유럽 쪽으로 여행을 가보려고 한다",
          "나는 서유럽 쪽으로 여행을 하려고 한다",
          "나는 일본 여행에 대해 더 다양한 코스가 나올 거 같다고 생각한다",
          "나는 매번 짜여있는 패키지 상품만 가보았다",
          "나는 자유여행에 대한 로망이 있다"
        ],
        "speaker2": [
          "나는 홈쇼핑에 많이 나와 놀랐다",
          "나는 오래전에 유럽을 가봤다",
          "나는 다시 가고 싶다",
          "나는 요즘 일본에 가고 싶다",
          "나는 패키지여행이 편해서 좋다",
          "나는 혼자서는 못 갈 거 같다",
          "나는 자유여행이 더 기억에 남는다",
          "나는 여행 얘기가 즐겁다"
        ]
      },
      "prevAggregatedpersonaSummary": {
        "speaker1": [
          "나는 40대 여성이다",
          "나는 중견기업 대리이다",
          "나의 아이는 학생인데 걷는 것을 싫어한다",
          "나는 짠 음식을 싫어한다",
          "나는 집이 깨끗하면 마음이 안전된다",
          "나는 시간 나면 동네 산책하는 거 좋아한다",
          "나는 만보가 쉽지 않다"
        ],
        "speaker2": [
          "나는 30대 여성이다",
          "나는 반도체 회사에 다니고 있다 나는 매일 갈아서 출퇴근한다",
          "나는 코로나 때 긛기를 많이 해 걷는 게 습관이 됐다",
          "나는 청소를 주로 저녁에 한다",
          "나는 청소가 끝나면 드럼 연주를 한다",
          "나는 드럼 치는 게 재밌다",
          "나는 만보 걷기를 실천 중이다"
        ]
      }
    }
  ]
}