{
  "FileInfo": {
    "filename": "K2-00452-CL02177-CP02852-09-01-S2.json",
    "sessionLevel": "2"
  },
  "participantsInfo": {
    "numberOfParticipants": "2",
    "speaker1": {
      "participantID": "0431",
      "gender": "남성",
      "age": "30대",
      "occupation": "사무직",
      "bPlace": "부산/대구/울산/경상",
      "gPlace": "부산/대구/울산/경상",
      "rPlace": "부산/대구/울산/경상",
      "educationLevel": "대졸"
    },
    "speaker2": {
      "participantID": "0032",
      "gender": "여성",
      "age": "30대",
      "occupation": "사무직",
      "bPlace": "서울/경기/인천",
      "gPlace": "서울/경기/인천",
      "rPlace": "서울/경기/인천",
      "educationLevel": "대졸"
    }
  },
  "multisessionInfo": {
    "multisessionID": "2-00452"
  },
  "personaInfo": {
    "clInfo": {
      "personaID": "02177",
      "personaFeatures": [
        "나는 남자이다.",
        "나는 30대이다.",
        "나는 친구가 많다.",
        "나는 요즘, 매일 상처를 받는다.",
        "나는 손톱 관리사이다."
      ],
      "speakerType": "speaker1"
    },
    "cpInfo": {
      "personaID": "02852",
      "personaFeatures": [
        "나는 여자이다.",
        "나는 30대이다.",
        "나의 거주지는 경기도이다.",
        "나는 학원 과학 강사이다.",
        "나는 피아노를 배우고 있다."
      ],
      "speakerType": "speaker2"
    }
  },
  "topicInfo": {
    "topicID": "09-01",
    "topicType": "개인 및 관계>반려동물",
    "topicTitle": "강아지"
  },
  "sessionInfo": [
    {
      "prevSessionID": null,
      "prevTimeInfo": {
        "timeNum": null,
        "timeUnit": null
      },
      "nthSession": "1",
      "numberOfUtterances": "16",
      "numberOfTurns": "8",
      "sessionID": "2-00452-1",
      "dialog": [
        {
          "speaker": "speaker1",
          "personaID": "02177",
          "participantID": "0431",
          "utterance": "안녕하세요. 저는 30대 남자에요. 반가워요.",
          "summary": "나는 30대 남자이다.",
          "date": "2022-09-01",
          "time": "16:40:30",
          "terminate": "false"
        },
        {
          "speaker": "speaker2",
          "personaID": "02852",
          "participantID": "0032",
          "utterance": "안녕하세요. 저는 30대 여자입니다. 반갑습니다.",
          "summary": "나는 30대 여자이다.",
          "date": "2022-09-01",
          "time": "16:40:44",
          "terminate": "false"
        },
        {
          "speaker": "speaker1",
          "personaID": "02177",
          "participantID": "0431",
          "utterance": "전 손톱관리사를 하고 있어요. 무슨일 하세요?",
          "summary": "나는 손톱 관리사이다.",
          "date": "2022-09-01",
          "time": "16:41:01",
          "terminate": "false"
        },
        {
          "speaker": "speaker2",
          "personaID": "02852",
          "participantID": "0032",
          "utterance": "손재주가 좋으신가봐요. 저는 학원 과학강사에요.",
          "summary": "나는 학원 과학강사이다.",
          "date": "2022-09-01",
          "time": "16:41:20",
          "terminate": "false"
        },
        {
          "speaker": "speaker1",
          "personaID": "02177",
          "participantID": "0431",
          "utterance": "네, 여자들이 많이 하는 직업이다보니 손님들때문에 요즘, 매일 상처 받네요. 학원이면 중고등학생 대상인가요?",
          "summary": "나는 요즘, 매일 상처를 받는다.",
          "date": "2022-09-01",
          "time": "16:42:19",
          "terminate": "false"
        },
        {
          "speaker": "speaker2",
          "personaID": "02852",
          "participantID": "0032",
          "utterance": "직업 선택하는데 남자,여자가 어딨어요. 상처 받지 마세요. 중학생들 대상으로 수업하고 있어요.",
          "summary": "나는 중학생 과학 수업을 한다.",
          "date": "2022-09-01",
          "time": "16:42:42",
          "terminate": "false"
        },
        {
          "speaker": "speaker1",
          "personaID": "02177",
          "participantID": "0431",
          "utterance": "감사해요. 그래도 친구가 많아서 위로 받고 자존감 높이는 연습중이에요. 학원은 몇시에 마치세요?",
          "summary": "나는 친구가 많다. 나는 자존감 높이는 연습을 하고 있다.",
          "date": "2022-09-01",
          "time": "16:43:32",
          "terminate": "false"
        },
        {
          "speaker": "speaker2",
          "personaID": "02852",
          "participantID": "0032",
          "utterance": "그나마 중학생들 수업이라서 밤 8시에 마쳐요. 손톱관리사면 네일샵도 늦게 마치치 않나요.",
          "summary": "나는 학원 밤 8시에 마친다.",
          "date": "2022-09-01",
          "time": "16:44:08",
          "terminate": "false"
        },
        {
          "speaker": "speaker1",
          "personaID": "02177",
          "participantID": "0431",
          "utterance": "맞아요. 저희 매장도 밤 9시되야 마쳐요. 그래서 마치고 나면 집에 가서 쉬네요. 마치면 뭐하세요?",
          "summary": "나는 가게가 밤 9시에 마친다.",
          "date": "2022-09-01",
          "time": "16:44:49",
          "terminate": "false"
        },
        {
          "speaker": "speaker2",
          "personaID": "02852",
          "participantID": "0032",
          "utterance": "피아노를 배우고 있어요. 다행히 요즘은 학원을 늦게까지 많이 하거든요.",
          "summary": "나는 피아노를 배우고 있다.",
          "date": "2022-09-01",
          "time": "16:45:19",
          "terminate": "false"
        },
        {
          "speaker": "speaker1",
          "personaID": "02177",
          "participantID": "0431",
          "utterance": "아, 늦게까지 해요? 저는 찾아볼 생각도 안해봤네요.",
          "summary": "",
          "date": "2022-09-01",
          "time": "16:45:40",
          "terminate": "false"
        },
        {
          "speaker": "speaker2",
          "personaID": "02852",
          "participantID": "0032",
          "utterance": "네, 직장인들도 많고 하니 밤늦게 하는 공간도 많아요. 배우고 싶은거 있으면 검색해봐요.",
          "summary": "",
          "date": "2022-09-01",
          "time": "16:46:01",
          "terminate": "false"
        },
        {
          "speaker": "speaker1",
          "personaID": "02177",
          "participantID": "0431",
          "utterance": "도자기 물레 체험해봤었는데 너무 좋았어서 배우고 싶긴 하네요. 해보신적 있어요?",
          "summary": "나는 도자기 물레체험을 해봤다. 나는 도자기를 배우고 싶다.",
          "date": "2022-09-01",
          "time": "16:46:22",
          "terminate": "false"
        },
        {
          "speaker": "speaker2",
          "personaID": "02852",
          "participantID": "0032",
          "utterance": "아니요. 저는 도자기 물레 해본적 없어요.",
          "summary": "나는 도자기 물레 체험을 해본 적이 없다.",
          "date": "2022-09-01",
          "time": "16:46:39",
          "terminate": "false"
        },
        {
          "speaker": "speaker1",
          "personaID": "02177",
          "participantID": "0431",
          "utterance": "다음에 해보세요. 전 손님와서 다음에 또 대화해요.",
          "summary": "",
          "date": "2022-09-01",
          "time": "16:47:11",
          "terminate": "false"
        },
        {
          "speaker": "speaker2",
          "personaID": "02852",
          "participantID": "0032",
          "utterance": "대화 재밌었어요. 시간날때 또 연락해요.",
          "summary": "",
          "date": "2022-09-01",
          "time": "16:47:26",
          "terminate": "true"
        }
      ],
      "sessionPersonaSummary": {
        "speaker1": [
          "나는 30대 남자이다.",
          "나는 손톱 관리사이다.",
          "나는 요즘, 매일 상처를 받는다.",
          "나는 친구가 많다. 나는 자존감 높이는 연습을 하고 있다.",
          "나는 가게가 밤 9시에 마친다.",
          "나는 도자기 물레체험을 해봤다. 나는 도자기를 배우고 싶다."
        ],
        "speaker2": [
          "나는 30대 여자이다.",
          "나는 학원 과학강사이다.",
          "나는 중학생 과학 수업을 한다.",
          "나는 학원 밤 8시에 마친다.",
          "나는 피아노를 배우고 있다.",
          "나는 도자기 물레 체험을 해본 적이 없다."
        ]
      },
      "prevAggregatedpersonaSummary": {
        "speaker1": [],
        "speaker2": []
      }
    },
    {
      "prevSessionID": "2-00452-1",
      "prevTimeInfo": {
        "timeNum": "3",
        "timeUnit": "일"
      },
      "nthSession": "2",
      "numberOfUtterances": "16",
      "numberOfTurns": "8",
      "sessionID": "2-00452-2",
      "dialog": [
        {
          "speaker": "speaker1",
          "personaID": "02177",
          "participantID": "0431",
          "utterance": "3일동안 예약손님이 꽉차서 이제 연락하네요.",
          "summary": "",
          "date": "2022-09-01",
          "time": "16:47:56",
          "terminate": "false"
        },
        {
          "speaker": "speaker2",
          "personaID": "02852",
          "participantID": "0032",
          "utterance": "많이 바쁘셨나봐요. 전 이제 학원 끝나고 집 가는길이에요.",
          "summary": "나는 학원 끝나고 집에 간다.",
          "date": "2022-09-01",
          "time": "16:48:20",
          "terminate": "false"
        },
        {
          "speaker": "speaker1",
          "personaID": "02177",
          "participantID": "0431",
          "utterance": "네, 저도 이제 퇴근했어요. 강아지 산책도 가야되는데 마음이 급하네요.",
          "summary": "나는 퇴근했다. 나는 마음이 급하다.",
          "date": "2022-09-01",
          "time": "16:48:36",
          "terminate": "false"
        },
        {
          "speaker": "speaker2",
          "personaID": "02852",
          "participantID": "0032",
          "utterance": "강아지 키우시나봐요. 저도 강아지 두마리 키우고 있어요.",
          "summary": "나는 강아지 두 마리를 키운다.",
          "date": "2022-09-01",
          "time": "16:49:04",
          "terminate": "false"
        },
        {
          "speaker": "speaker1",
          "personaID": "02177",
          "participantID": "0431",
          "utterance": "저 한마리 키우고 있어요. 근데 혼자 살다보니 늦게 마쳐서 산책을 자주 못하네요. 산책 자주 해주세요?",
          "summary": "나는 강아지 한 마리를 키운다. 나는 강아지 산책을 자주 못한다. 나는 혼자 산다.",
          "date": "2022-09-01",
          "time": "16:49:30",
          "terminate": "false"
        },
        {
          "speaker": "speaker2",
          "personaID": "02852",
          "participantID": "0032",
          "utterance": "저는 가족들과 같이 살고 있어서 가족들과 돌아가면서 산책 해주고 있어요.",
          "summary": "나는 가족과 같이 산다. 나는 가족들과 강아지 산책을 해준다.",
          "date": "2022-09-01",
          "time": "16:50:18",
          "terminate": "false"
        },
        {
          "speaker": "speaker1",
          "personaID": "02177",
          "participantID": "0431",
          "utterance": "그 말들으니 강아지한테 너무 미안하네요. 아침에라도 일찍 일어나서 시켜야겠어요. 강아지 몇살이에요?",
          "summary": "",
          "date": "2022-09-01",
          "time": "16:50:52",
          "terminate": "false"
        },
        {
          "speaker": "speaker2",
          "personaID": "02852",
          "participantID": "0032",
          "utterance": "저희 집 강아지 9살,10살이에요. 나이가 드니 얌전하네요.",
          "summary": "나의 집 강아지는 9살과 10살이다.",
          "date": "2022-09-01",
          "time": "16:51:18",
          "terminate": "false"
        },
        {
          "speaker": "speaker1",
          "personaID": "02177",
          "participantID": "0431",
          "utterance": "저희 아이는 7살이에요. 그래도 아직 에너지 넘치네요. 산책 주로 어디 다니세요?",
          "summary": "나의 집 강아지는 7살이다.",
          "date": "2022-09-01",
          "time": "16:52:04",
          "terminate": "false"
        },
        {
          "speaker": "speaker2",
          "personaID": "02852",
          "participantID": "0032",
          "utterance": "다행히 집앞에 공원이 있어서 산책 다니고 있어요.",
          "summary": "나는 집 앞에 공원에 산책을 간다.",
          "date": "2022-09-01",
          "time": "16:52:23",
          "terminate": "false"
        },
        {
          "speaker": "speaker1",
          "personaID": "02177",
          "participantID": "0431",
          "utterance": "그렇군요. 저는 집근처 산책로가 있어서 다니고 있어요. 어디 살아요?",
          "summary": "나는 집 근처에 산책로가 있다.",
          "date": "2022-09-01",
          "time": "16:52:49",
          "terminate": "false"
        },
        {
          "speaker": "speaker2",
          "personaID": "02852",
          "participantID": "0032",
          "utterance": "저 경기도에 살고 있어요. 공원이나 산책로 잘되어있으면 좋죠.",
          "summary": "나의 거주지는 경기도이다.",
          "date": "2022-09-01",
          "time": "16:53:14",
          "terminate": "false"
        },
        {
          "speaker": "speaker1",
          "personaID": "02177",
          "participantID": "0431",
          "utterance": "전 대구에 살고 있어요, 다음에 혹시 대구에 놀러오면 말씀해주세요.",
          "summary": "나의 거주지는 대구이다.",
          "date": "2022-09-01",
          "time": "16:53:49",
          "terminate": "false"
        },
        {
          "speaker": "speaker2",
          "personaID": "02852",
          "participantID": "0032",
          "utterance": "대구는 딱 한번 가봤어요. KTX 잘되어있어서 금방이긴 하겠네요.",
          "summary": "나는 대구를 한번 가봤다.",
          "date": "2022-09-01",
          "time": "16:54:06",
          "terminate": "false"
        },
        {
          "speaker": "speaker1",
          "personaID": "02177",
          "participantID": "0431",
          "utterance": "맞아요. 전 이제 집 도착해서 산책하러 가볼게요.",
          "summary": "",
          "date": "2022-09-01",
          "time": "16:54:21",
          "terminate": "false"
        },
        {
          "speaker": "speaker2",
          "personaID": "02852",
          "participantID": "0032",
          "utterance": "어두우니 산책 조심히 해요.",
          "summary": "",
          "date": "2022-09-01",
          "time": "16:54:32",
          "terminate": "true"
        }
      ],
      "sessionPersonaSummary": {
        "speaker1": [
          "나는 퇴근했다. 나는 마음이 급하다.",
          "나는 강아지 한 마리를 키운다. 나는 강아지 산책을 자주 못한다. 나는 혼자 산다.",
          "나의 집 강아지는 7살이다.",
          "나는 집 근처에 산책로가 있다.",
          "나의 거주지는 대구이다."
        ],
        "speaker2": [
          "나는 학원 끝나고 집에 간다.",
          "나는 강아지 두 마리를 키운다.",
          "나는 가족과 같이 산다. 나는 가족들과 강아지 산책을 해준다.",
          "나의 집 강아지는 9살과 10살이다.",
          "나는 집 앞에 공원에 산책을 간다.",
          "나의 거주지는 경기도이다.",
          "나는 대구를 한번 가봤다."
        ]
      },
      "prevAggregatedpersonaSummary": {
        "speaker1": [
          "나는 30대 남자이다.",
          "나는 손톱 관리사이다.",
          "나는 요즘, 매일 상처를 받는다.",
          "나는 친구가 많다. 나는 자존감 높이는 연습을 하고 있다.",
          "나는 가게가 밤 9시에 마친다.",
          "나는 도자기 물레체험을 해봤다. 나는 도자기를 배우고 싶다."
        ],
        "speaker2": [
          "나는 30대 여자이다.",
          "나는 학원 과학강사이다.",
          "나는 중학생 과학 수업을 한다.",
          "나는 학원 밤 8시에 마친다.",
          "나는 피아노를 배우고 있다.",
          "나는 도자기 물레 체험을 해본 적이 없다."
        ]
      }
    }
  ]
}