{
  "FileInfo": {
    "filename": "K2-00346-CL31835-CP51868-10-01-S2.json",
    "sessionLevel": "2"
  },
  "participantsInfo": {
    "numberOfParticipants": "2",
    "speaker1": {
      "participantID": "3210",
      "gender": "여성",
      "age": "20대",
      "occupation": "학생",
      "bPlace": "광주/전라/제주",
      "gPlace": "광주/전라/제주",
      "rPlace": "광주/전라/제주",
      "educationLevel": "대졸"
    },
    "speaker2": {
      "participantID": "3035",
      "gender": "여성",
      "age": "40대",
      "occupation": "주부",
      "bPlace": "광주/전라/제주",
      "gPlace": "광주/전라/제주",
      "rPlace": "광주/전라/제주",
      "educationLevel": "대졸"
    }
  },
  "multisessionInfo": {
    "multisessionID": "2-00346"
  },
  "personaInfo": {
    "clInfo": {
      "personaID": "31835",
      "personaFeatures": [
        "나는 여자이다.",
        "나는 30대이다.",
        "나는 번역가이다",
        "나는 매우 꼼꼼하다",
        "나는 족발을 좋아한다"
      ],
      "speakerType": "speaker1"
    },
    "cpInfo": {
      "personaID": "51868",
      "personaFeatures": [
        "나는 여자이다.",
        "나는 50대이다.",
        "나의 거주지는 성남이다",
        "나는 주말에 친구를 만난다",
        "나는 피아노 연주를 배우고 싶다"
      ],
      "speakerType": "speaker2"
    }
  },
  "topicInfo": {
    "topicID": "10-01",
    "topicType": "여가와 오락>스포츠/레져",
    "topicTitle": "운동"
  },
  "sessionInfo": [
    {
      "prevSessionID": null,
      "prevTimeInfo": {
        "timeNum": null,
        "timeUnit": null
      },
      "nthSession": "1",
      "numberOfUtterances": "14",
      "numberOfTurns": "7",
      "sessionID": "2-00346-1",
      "dialog": [
        {
          "speaker": "speaker1",
          "personaID": "31835",
          "participantID": "3210",
          "utterance": "안녕하세요 저는 30대 여성입니다.",
          "summary": "나는 30대 여성이다.",
          "date": "2022-10-10",
          "time": "16:21:25",
          "terminate": "false"
        },
        {
          "speaker": "speaker2",
          "personaID": "51868",
          "participantID": "3035",
          "utterance": "안녕하세요.저는 성남에 사는 50대 여성입니다.",
          "summary": "나는 성남에 사는 50대 여성이다.",
          "date": "2022-10-10",
          "time": "16:22:05",
          "terminate": "false"
        },
        {
          "speaker": "speaker1",
          "personaID": "31835",
          "participantID": "3210",
          "utterance": "반가워요. 저는 번역가 인데 직업이 뭐에요?",
          "summary": "나는 번역가이다.",
          "date": "2022-10-10",
          "time": "16:22:21",
          "terminate": "false"
        },
        {
          "speaker": "speaker2",
          "personaID": "51868",
          "participantID": "3035",
          "utterance": "저는 기타를 가르치는 선생님이구요.최근에는 피아노에도 관심이 생겨 연주를 배워보려해요.어떤걸 번역하세요?",
          "summary": "나는 기타를 가르치는 선생님이다. 최근에 피아노에 관심이 생겨 연주를 배우고 싶다.",
          "date": "2022-10-10",
          "time": "16:25:52",
          "terminate": "false"
        },
        {
          "speaker": "speaker1",
          "personaID": "31835",
          "participantID": "3210",
          "utterance": "저는 영어를 번역해요 프리랜서라서 주로 혼자 일을하죠. 저는 꼼꼼한 성격이라서 저랑 잘 맞는것같아요",
          "summary": "나는 꼼꼼한 성격이다.",
          "date": "2022-10-10",
          "time": "16:26:20",
          "terminate": "false"
        },
        {
          "speaker": "speaker2",
          "personaID": "51868",
          "participantID": "3035",
          "utterance": "영어 잘 하시는분 부러워요.방법이 있나요?",
          "summary": "나는 영어 잘하는 사람이 부럽다.",
          "date": "2022-10-10",
          "time": "16:32:20",
          "terminate": "false"
        },
        {
          "speaker": "speaker1",
          "personaID": "31835",
          "participantID": "3210",
          "utterance": "저는 영화나 드라마로 공부를 하는데요. 사실 번역가라고 해도 회화부분이 부족하다고 느낄 때가 많거든요. 그래서 회화 공부를 꾸준히 하고있어요.",
          "summary": "나는 영어회화 공부를 꾸준히 한다.",
          "date": "2022-10-10",
          "time": "16:33:29",
          "terminate": "false"
        },
        {
          "speaker": "speaker2",
          "personaID": "51868",
          "participantID": "3035",
          "utterance": "그래요~~끊임없는 노력이 필요한거 같아요.그래서 저도 이번 주말에 피아노연주하는 친구를 만나서 좀 배워보려구요.",
          "summary": "나는 이번 주말에 친구를 만난다. 나는 피아노 연주하는 친구에게 피아노를 배우려고 한다.",
          "date": "2022-10-10",
          "time": "16:38:16",
          "terminate": "false"
        },
        {
          "speaker": "speaker1",
          "personaID": "31835",
          "participantID": "3210",
          "utterance": "피아노 배우는거 좋네요. 저도 악기를 한개 배우고 싶은데 생각보다 시간투자를 많이해야할 거 같아서 아직 도전해보지는 못했어요. 취미가 뭐에요? 저는 먹는걸 좋아하는 그중에 족발을 가장 좋아해요. ",
          "summary": "나는 족발을 좋아한다.",
          "date": "2022-10-10",
          "time": "16:39:12",
          "terminate": "false"
        },
        {
          "speaker": "speaker2",
          "personaID": "51868",
          "participantID": "3035",
          "utterance": "악기를 배우는건 진짜 시간이 많이 걸려요.전 등산하는걸 좋아해요.실은 전 족발보다는 보쌈을 좋아해요.",
          "summary": "나는 등산하는 것을 좋아하고 보쌈을 좋아한다.",
          "date": "2022-10-10",
          "time": "16:42:34",
          "terminate": "false"
        },
        {
          "speaker": "speaker1",
          "personaID": "31835",
          "participantID": "3210",
          "utterance": "보쌈도 좋죠! 등산이 취미라니 부럽네요. 저도 운동을 하나 하고싶은데 생각보다 게을러서 쉽게 도전하지 못하겠어요. 그래도 오늘 아침에는 산책하고 왔답니다.ㅎㅎ",
          "summary": "나는 오늘 아침 산책을 했다.",
          "date": "2022-10-10",
          "time": "16:43:12",
          "terminate": "false"
        },
        {
          "speaker": "speaker2",
          "personaID": "51868",
          "participantID": "3035",
          "utterance": "전 오늘 아침에 레슨이 있어 수업하구요.멋진 카페가서 차한잔 하고 왔어요.코스모스 많이 폈드라구요.",
          "summary": "나는 아침에 레슨 수업을 하고 카페에서 차 한잔 했다.",
          "date": "2022-10-10",
          "time": "16:44:55",
          "terminate": "false"
        },
        {
          "speaker": "speaker1",
          "personaID": "31835",
          "participantID": "3210",
          "utterance": "맞아요 요즘 코스모스가 이쁘더라구요. 곧 갈대축제가 하길래 이번주말에 가족들과 같이 축제에 가려고요",
          "summary": "나는 이번 주말 가족들과 축제에 간다.",
          "date": "2022-10-10",
          "time": "16:45:31",
          "terminate": "false"
        },
        {
          "speaker": "speaker2",
          "personaID": "51868",
          "participantID": "3035",
          "utterance": "갔다 와서 어땠는지 알려주세요.저도 주말에 피아노레슨 잘 하고 올게요.그럼 담에 또 봐요.",
          "summary": "",
          "date": "2022-10-10",
          "time": "16:47:39",
          "terminate": "true"
        }
      ],
      "sessionPersonaSummary": {
        "speaker1": [
          "나는 30대 여성이다.",
          "나는 번역가이다.",
          "나는 꼼꼼한 성격이다.",
          "나는 영어회화 공부를 꾸준히 한다.",
          "나는 족발을 좋아한다.",
          "나는 오늘 아침 산책을 했다.",
          "나는 이번 주말 가족들과 축제에 간다."
        ],
        "speaker2": [
          "나는 성남에 사는 50대 여성이다.",
          "나는 기타를 가르치는 선생님이다. 최근에 피아노에 관심이 생겨 연주를 배우고 싶다.",
          "나는 영어 잘하는 사람이 부럽다.",
          "나는 이번 주말에 친구를 만난다. 나는 피아노 연주하는 친구에게 피아노를 배우려고 한다.",
          "나는 등산하는 것을 좋아하고 보쌈을 좋아한다.",
          "나는 아침에 레슨 수업을 하고 카페에서 차 한잔 했다."
        ]
      },
      "prevAggregatedpersonaSummary": {
        "speaker1": [],
        "speaker2": []
      }
    },
    {
      "prevSessionID": "2-00346-1",
      "prevTimeInfo": {
        "timeNum": "8",
        "timeUnit": "일"
      },
      "nthSession": "2",
      "numberOfUtterances": "14",
      "numberOfTurns": "7",
      "sessionID": "2-00346-2",
      "dialog": [
        {
          "speaker": "speaker1",
          "personaID": "31835",
          "participantID": "3210",
          "utterance": "8일만이네요. 잘 지내셨나요? 저는 저번주 주말에 갈대축제에 갔다왔어요.",
          "summary": "나는 8일 만이고 갈대축제에 갔다.",
          "date": "2022-10-10",
          "time": "16:53:10",
          "terminate": "false"
        },
        {
          "speaker": "speaker2",
          "personaID": "51868",
          "participantID": "3035",
          "utterance": "오랫만이에요 번역가 선생님. 주말을 다 보내고 8일 만이네요.사람 많던가요?",
          "summary": "",
          "date": "2022-10-10",
          "time": "17:00:25",
          "terminate": "false"
        },
        {
          "speaker": "speaker1",
          "personaID": "31835",
          "participantID": "3210",
          "utterance": "네 주말에 갔더니 사람이 정말 많았어요. 푸드코트도 엄청 많아서 맛있는 간식도 먹었어요. 산책길이 너무 잘 되어있어서 오랜만에 기분좋게 산책도 했어요. ",
          "summary": "나는 기분 좋게 산책을 했다.",
          "date": "2022-10-10",
          "time": "17:01:12",
          "terminate": "false"
        },
        {
          "speaker": "speaker2",
          "personaID": "51868",
          "participantID": "3035",
          "utterance": "좋았겠네요.축제도 즐기고 운동도 됐겠어요~~",
          "summary": "",
          "date": "2022-10-10",
          "time": "17:02:50",
          "terminate": "false"
        },
        {
          "speaker": "speaker1",
          "personaID": "31835",
          "participantID": "3210",
          "utterance": "네! 저는 주로 실내 헬스장에서 운동을 해서 실외에서 산책하니 기분이 다르더라구요. 가을에 실외런닝은 기분을 좋게 만들어 주는것 같아요.",
          "summary": "나는 실외 러닝이 기분 좋다.",
          "date": "2022-10-10",
          "time": "17:03:51",
          "terminate": "false"
        },
        {
          "speaker": "speaker2",
          "personaID": "51868",
          "participantID": "3035",
          "utterance": "런닝을 하시는구나.전 나이가 들면서 관절이 좀 약해졌어요.그래서 천천히 등산을 많이 해요.",
          "summary": "나는 나이가 들면서 관절이 약해졌다. 나는 등산을 천천히 많이 한다.",
          "date": "2022-10-10",
          "time": "17:06:10",
          "terminate": "false"
        },
        {
          "speaker": "speaker1",
          "personaID": "31835",
          "participantID": "3210",
          "utterance": "등산좋은거같아요. 예전에는 등산을 했었는데 생각보다 에너지 소비도 많이되더라구요. 한번 갔다오면 근육이 막 아파요 ㅎㅎ 지금 가을에 등산가면 경치가 너무 좋겠어요",
          "summary": "나는 등산하면 근육이 아프다.",
          "date": "2022-10-10",
          "time": "17:07:01",
          "terminate": "false"
        },
        {
          "speaker": "speaker2",
          "personaID": "51868",
          "participantID": "3035",
          "utterance": "꽃도 피고 단풍에~~제가 사는 곳이 성남이니까 내일은 당장 남한산성 한번 다녀와야겠어요.",
          "summary": "나는 내일 남한산성에 가야겠다.",
          "date": "2022-10-10",
          "time": "17:08:37",
          "terminate": "false"
        },
        {
          "speaker": "speaker1",
          "personaID": "31835",
          "participantID": "3210",
          "utterance": "오 너무 좋네요 지금 가면 단풍을 볼 수 있을까요? 아직은 이르려나요?",
          "summary": "나는 단풍이 궁금하다.",
          "date": "2022-10-10",
          "time": "17:09:48",
          "terminate": "false"
        },
        {
          "speaker": "speaker2",
          "personaID": "51868",
          "participantID": "3035",
          "utterance": "아직은 좀 이른거같아요.그래도 운동겸 꽃구경 할겸 가면 좋겠어요.산채비빔밥도 한그릇 먹고 와야겠네요.",
          "summary": "나는 운동 겸 꽃구경할 겸 남한산성에 갈 것이다. 나는 산채비빔밥을 먹을 것이다.",
          "date": "2022-10-10",
          "time": "17:14:02",
          "terminate": "false"
        },
        {
          "speaker": "speaker1",
          "personaID": "31835",
          "participantID": "3210",
          "utterance": "산채비빔밥 맛있겠어요! 저는 어제 친구 따라 요가를 시작 했어요.",
          "summary": "나는 요가를 시작했다.",
          "date": "2022-10-10",
          "time": "17:14:44",
          "terminate": "false"
        },
        {
          "speaker": "speaker2",
          "personaID": "51868",
          "participantID": "3035",
          "utterance": "런닝도 하시고 요가도~~유연하신가봐요.운동도 친구랑 하면 더 재밌죠?",
          "summary": "",
          "date": "2022-10-10",
          "time": "17:15:50",
          "terminate": "false"
        },
        {
          "speaker": "speaker1",
          "personaID": "31835",
          "participantID": "3210",
          "utterance": "맞아요! 혼자 하면 가기싫을 때도 있는데 친구랑 같이 하면 재미있기도 하고 뭔가 더 으쌰으쌰 하게 되더라구요",
          "summary": "나는 친구와 함께 운동한다.",
          "date": "2022-10-10",
          "time": "17:16:45",
          "terminate": "false"
        },
        {
          "speaker": "speaker2",
          "personaID": "51868",
          "participantID": "3035",
          "utterance": "우리 건강도 잘 챙기고 재밌게 지내다가 또 만나요.운동 열심히 하시구요",
          "summary": "",
          "date": "2022-10-10",
          "time": "17:18:39",
          "terminate": "true"
        }
      ],
      "sessionPersonaSummary": {
        "speaker1": [
          "나는 8일 만이고 갈대축제에 갔다.",
          "나는 기분 좋게 산책을 했다.",
          "나는 실외 러닝이 기분 좋다.",
          "나는 등산하면 근육이 아프다.",
          "나는 단풍이 궁금하다.",
          "나는 요가를 시작했다.",
          "나는 친구와 함께 운동한다."
        ],
        "speaker2": [
          "나는 나이가 들면서 관절이 약해졌다. 나는 등산을 천천히 많이 한다.",
          "나는 내일 남한산성에 가야겠다.",
          "나는 운동 겸 꽃구경할 겸 남한산성에 갈 것이다. 나는 산채비빔밥을 먹을 것이다."
        ]
      },
      "prevAggregatedpersonaSummary": {
        "speaker1": [
          "나는 30대 여성이다.",
          "나는 번역가이다.",
          "나는 꼼꼼한 성격이다.",
          "나는 영어회화 공부를 꾸준히 한다.",
          "나는 족발을 좋아한다.",
          "나는 오늘 아침 산책을 했다.",
          "나는 이번 주말 가족들과 축제에 간다."
        ],
        "speaker2": [
          "나는 성남에 사는 50대 여성이다.",
          "나는 기타를 가르치는 선생님이다. 최근에 피아노에 관심이 생겨 연주를 배우고 싶다.",
          "나는 영어 잘하는 사람이 부럽다.",
          "나는 이번 주말에 친구를 만난다. 나는 피아노 연주하는 친구에게 피아노를 배우려고 한다.",
          "나는 등산하는 것을 좋아하고 보쌈을 좋아한다.",
          "나는 아침에 레슨 수업을 하고 카페에서 차 한잔 했다."
        ]
      }
    }
  ]
}