{
  "FileInfo": {
    "filename": "K2-00253-CL41299-CP10673-09-10-S2.json",
    "sessionLevel": "2"
  },
  "participantsInfo": {
    "numberOfParticipants": "2",
    "speaker1": {
      "participantID": "3322",
      "gender": "여성",
      "age": "30대",
      "occupation": "사무직",
      "bPlace": "대전/세종/충청/강원",
      "gPlace": "대전/세종/충청/강원",
      "rPlace": "대전/세종/충청/강원",
      "educationLevel": "대졸"
    },
    "speaker2": {
      "participantID": "7411",
      "gender": "남성",
      "age": "20대",
      "occupation": "전문직",
      "bPlace": "대전/세종/충청/강원",
      "gPlace": "대전/세종/충청/강원",
      "rPlace": "대전/세종/충청/강원",
      "educationLevel": "대졸"
    }
  },
  "multisessionInfo": {
    "multisessionID": "2-00253"
  },
  "personaInfo": {
    "clInfo": {
      "personaID": "41299",
      "personaFeatures": [
        "나는 여자이다.",
        "나는 40대이다.",
        "나는 대학교를 졸업했다",
        "나는 요가를 싫어한다",
        "나는 TV 교육 프로그램을 가끔 본다"
      ],
      "speakerType": "speaker1"
    },
    "cpInfo": {
      "personaID": "10673",
      "personaFeatures": [
        "나는 남자이다.",
        "나는 10대이다.",
        "나의 아버지는 자동차 엔지니어이다",
        "나는 가끔 감사하다",
        "나는 추운 날씨를 싫어한다"
      ],
      "speakerType": "speaker2"
    }
  },
  "topicInfo": {
    "topicID": "09-10",
    "topicType": "개인 및 관계>반려동물",
    "topicTitle": "특수 반려동물"
  },
  "sessionInfo": [
    {
      "prevSessionID": null,
      "prevTimeInfo": {
        "timeNum": null,
        "timeUnit": null
      },
      "nthSession": "1",
      "numberOfUtterances": "16",
      "numberOfTurns": "8",
      "sessionID": "2-00253-1",
      "dialog": [
        {
          "speaker": "speaker1",
          "personaID": "41299",
          "participantID": "3322",
          "utterance": "안녕하세요 대학교를 졸업한 40대 여성입니다.",
          "summary": "나는 대학교 졸업한 40대 여성이다",
          "date": "2022-10-09",
          "time": "11:07:04",
          "terminate": "false"
        },
        {
          "speaker": "speaker2",
          "personaID": "10673",
          "participantID": "7411",
          "utterance": "안녕하세요 10대 남성 입니다 반갑습니다",
          "summary": "나는 10대 남성이다.",
          "date": "2022-10-09",
          "time": "23:53:35",
          "terminate": "false"
        },
        {
          "speaker": "speaker1",
          "personaID": "41299",
          "participantID": "3322",
          "utterance": "혹시 싫어하시는 운동 있으세요? 저는 요가를 싫어해요.",
          "summary": "나는 요가를 싫어한다",
          "date": "2022-10-10",
          "time": "21:36:41",
          "terminate": "false"
        },
        {
          "speaker": "speaker2",
          "personaID": "10673",
          "participantID": "7411",
          "utterance": "저는 여럿이서 하는 운동을 별로 안좋아해요",
          "summary": "나는 여럿이서 하는 운동을 좋아하지 않는다.",
          "date": "2022-10-11",
          "time": "14:40:28",
          "terminate": "false"
        },
        {
          "speaker": "speaker1",
          "personaID": "41299",
          "participantID": "3322",
          "utterance": "혹시 tv 교육프로그램 보시나요? 저는 가끔 보거든요.",
          "summary": "나는 tv교육프로그램을 가끔 본다",
          "date": "2022-10-12",
          "time": "16:52:37",
          "terminate": "false"
        },
        {
          "speaker": "speaker2",
          "personaID": "10673",
          "participantID": "7411",
          "utterance": "저는 tv를 많이 안봐서요 어떤 프로그램 보시나요?",
          "summary": "나는 tv를 많이 보지 않는다.",
          "date": "2022-10-12",
          "time": "17:02:14",
          "terminate": "false"
        },
        {
          "speaker": "speaker1",
          "personaID": "41299",
          "participantID": "3322",
          "utterance": "자녀 교육에 도움이 되는 프로그램을 보려고 합니다.",
          "summary": "나는 자녀 교육에 도움이 되는 프로그램을 보려고 한다",
          "date": "2022-10-13",
          "time": "23:39:55",
          "terminate": "false"
        },
        {
          "speaker": "speaker2",
          "personaID": "10673",
          "participantID": "7411",
          "utterance": "그러시군요 요새는 정말 다양하게 프로그램이 형성돼있죠 요새 날씨가 많이 춥네요 전 추운 날씨를 싫어하는데 괜찮으세요?",
          "summary": " 나는 추운 날씨를 싫어한다.",
          "date": "2022-10-14",
          "time": "18:12:02",
          "terminate": "false"
        },
        {
          "speaker": "speaker1",
          "personaID": "41299",
          "participantID": "3322",
          "utterance": "여름의 무더운 날씨보단 나은 것 같아요 ",
          "summary": "나는 추운 것보다 더운 게 낫다",
          "date": "2022-10-14",
          "time": "21:52:45",
          "terminate": "false"
        },
        {
          "speaker": "speaker2",
          "personaID": "10673",
          "participantID": "7411",
          "utterance": "그렇군요 저는 아버지가 자동차 엔지니어셔서 가끔 일을 도와드려요",
          "summary": "나는 아버지 일을 도와드린다.",
          "date": "2022-10-14",
          "time": "22:53:42",
          "terminate": "false"
        },
        {
          "speaker": "speaker1",
          "personaID": "41299",
          "participantID": "3322",
          "utterance": "그럼 자동차에 대해서 잘아시겠네요 부럽습니다. 저는 차에 대해서 잘 모르거든요.",
          "summary": "나는 차에 대해서 잘 모른다",
          "date": "2022-10-16",
          "time": "15:39:48",
          "terminate": "false"
        },
        {
          "speaker": "speaker2",
          "personaID": "10673",
          "participantID": "7411",
          "utterance": "저도 많이는 모르지만 차차 배워가고 있어요 그래도 아버지 따라서 일을 할 수 있는 것에 가끔 감사해요",
          "summary": "",
          "date": "2022-10-17",
          "time": "02:19:22",
          "terminate": "false"
        },
        {
          "speaker": "speaker1",
          "personaID": "41299",
          "participantID": "3322",
          "utterance": "든든한 아들이 있어서 아버님은 좋으시겠어요.",
          "summary": "나는 상대의 아버지가 든든한 아들이 있어 좋을 거라 생각한다",
          "date": "2022-10-17",
          "time": "22:45:56",
          "terminate": "false"
        },
        {
          "speaker": "speaker2",
          "personaID": "10673",
          "participantID": "7411",
          "utterance": "저야 든든한 아버지 있어서 감사하죠",
          "summary": "",
          "date": "2022-10-18",
          "time": "22:35:27",
          "terminate": "false"
        },
        {
          "speaker": "speaker1",
          "personaID": "41299",
          "participantID": "3322",
          "utterance": "가족 분위기가 매우 화목하실 것 같아요.",
          "summary": "나는 상대의 가족 분위기가 화목할 것 같다",
          "date": "2022-10-19",
          "time": "23:20:25",
          "terminate": "false"
        },
        {
          "speaker": "speaker2",
          "personaID": "10673",
          "participantID": "7411",
          "utterance": "네 화목해요 저는 슬슬 공부하러 가봐야겠네요",
          "summary": "",
          "date": "2022-10-20",
          "time": "02:14:20",
          "terminate": "true"
        }
      ],
      "sessionPersonaSummary": {
        "speaker1": [
          "나는 대학교 졸업한 40대 여성이다",
          "나는 요가를 싫어한다",
          "나는 tv교육프로그램을 가끔 본다",
          "나는 자녀 교육에 도움이 되는 프로그램을 보려고 한다",
          "나는 추운 것보다 더운 게 낫다",
          "나는 차에 대해서 잘 모른다",
          "나는 상대의 아버지가 든든한 아들이 있어 좋을 거라 생각한다",
          "나는 상대의 가족 분위기가 화목할 것 같다"
        ],
        "speaker2": [
          "나는 10대 남성이다.",
          "나는 여럿이서 하는 운동을 좋아하지 않는다.",
          "나는 tv를 많이 보지 않는다.",
          "나는 추운 날씨를 싫어한다.",
          "나는 아버지 일을 도와드린다."
        ]
      },
      "prevAggregatedpersonaSummary": {
        "speaker1": [],
        "speaker2": []
      }
    },
    {
      "prevSessionID": "2-00253-1",
      "prevTimeInfo": {
        "timeNum": "4",
        "timeUnit": "주"
      },
      "nthSession": "2",
      "numberOfUtterances": "14",
      "numberOfTurns": "7",
      "sessionID": "2-00253-2",
      "dialog": [
        {
          "speaker": "speaker1",
          "personaID": "41299",
          "participantID": "3322",
          "utterance": "4주 동안 잘지내셨어요? 오랜만이에요",
          "summary": "",
          "date": "2022-10-22",
          "time": "21:45:07",
          "terminate": "false"
        },
        {
          "speaker": "speaker2",
          "personaID": "10673",
          "participantID": "7411",
          "utterance": "잘 지냈습니다 시간이 정말 빠르네요 잘 지내셨나요?",
          "summary": "",
          "date": "2022-10-23",
          "time": "02:33:03",
          "terminate": "false"
        },
        {
          "speaker": "speaker1",
          "personaID": "41299",
          "participantID": "3322",
          "utterance": "네. 혹시 애완동물 기르시나요?",
          "summary": "나는 애완동물을 키우는지 묻는다",
          "date": "2022-10-23",
          "time": "15:08:39",
          "terminate": "false"
        },
        {
          "speaker": "speaker2",
          "personaID": "10673",
          "participantID": "7411",
          "utterance": "저는 부모님께서 동물을 질색하셔서 못 키워요",
          "summary": "나는 부모님이 동물을 싫어하셔서 애완동물을 못 기른다.",
          "date": "2022-10-24",
          "time": "02:49:58",
          "terminate": "false"
        },
        {
          "speaker": "speaker1",
          "personaID": "41299",
          "participantID": "3322",
          "utterance": "그래도 개인적으로 키워보고 싶은 동물 없으세요?",
          "summary": "나는 키우고 싶은 동물이 있는지 묻는다",
          "date": "2022-10-24",
          "time": "13:06:30",
          "terminate": "false"
        },
        {
          "speaker": "speaker2",
          "personaID": "10673",
          "participantID": "7411",
          "utterance": "저는 기니피그 같은 귀여운 동물 키워보고 싶네요",
          "summary": "",
          "date": "2022-10-25",
          "time": "00:00:15",
          "terminate": "false"
        },
        {
          "speaker": "speaker1",
          "personaID": "41299",
          "participantID": "3322",
          "utterance": "기니피그 너무 깜찍하더라구요. 저는 사막여우 길러보고 싶어요.",
          "summary": "나는 사막여우를 길러보고 싶다",
          "date": "2022-10-25",
          "time": "00:59:57",
          "terminate": "false"
        },
        {
          "speaker": "speaker2",
          "personaID": "10673",
          "participantID": "7411",
          "utterance": "사막여우도 너무 귀여울 것 같아요",
          "summary": "",
          "date": "2022-10-25",
          "time": "01:05:28",
          "terminate": "false"
        },
        {
          "speaker": "speaker1",
          "personaID": "41299",
          "participantID": "3322",
          "utterance": "요즘 뱀을 키우시는 분들도 많더라구요.",
          "summary": "나는 뱀을 키우는 사람들을 많이 봤다",
          "date": "2022-10-25",
          "time": "19:52:23",
          "terminate": "false"
        },
        {
          "speaker": "speaker2",
          "personaID": "10673",
          "participantID": "7411",
          "utterance": "뱀도 키우는군요 제 주변에선 못 봤어요",
          "summary": "",
          "date": "2022-10-26",
          "time": "16:48:08",
          "terminate": "false"
        },
        {
          "speaker": "speaker1",
          "personaID": "41299",
          "participantID": "3322",
          "utterance": "저도 영상에서만 봤어요. 햄스터도 많이 키우시더라구요.",
          "summary": "나는 햄스터도 많이 키우는 것을 봤다",
          "date": "2022-10-26",
          "time": "23:55:41",
          "terminate": "false"
        },
        {
          "speaker": "speaker2",
          "personaID": "10673",
          "participantID": "7411",
          "utterance": "미어캣을 키우는 것도 본 기억이 있네요",
          "summary": "",
          "date": "2022-10-27",
          "time": "19:11:50",
          "terminate": "false"
        },
        {
          "speaker": "speaker1",
          "personaID": "41299",
          "participantID": "3322",
          "utterance": "미어캣을 집에서 키우려면 집이 넓어야겠어요.",
          "summary": "나는 미어캣을 집에서 키우려면 집이 넓어야 할 것 같다",
          "date": "2022-10-27",
          "time": "22:28:49",
          "terminate": "false"
        },
        {
          "speaker": "speaker2",
          "personaID": "10673",
          "participantID": "7411",
          "utterance": "작아서 그렇게 크지 않아도 되는 것 같아요 저는 이만 공부하러 가봐야 할 것 같아요 나중에 뵈여",
          "summary": "",
          "date": "2022-10-28",
          "time": "04:31:23",
          "terminate": "true"
        }
      ],
      "sessionPersonaSummary": {
        "speaker1": [
          "나는 애완동물을 키우는지 묻는다",
          "나는 키우고 싶은 동물이 있는지 묻는다",
          "나는 사막여우를 길러보고 싶다",
          "나는 뱀을 키우는 사람들을 많이 봤다",
          "나는 햄스터도 많이 키우는 것을 봤다",
          "나는 미어캣을 집에서 키우려면 집이 넓어야 할 것 같다"
        ],
        "speaker2": [
          "나는 부모님이 동물을 싫어하셔서 애완동물을 못 기른다."
        ]
      },
      "prevAggregatedpersonaSummary": {
        "speaker1": [
          "나는 대학교 졸업한 40대 여성이다",
          "나는 요가를 싫어한다",
          "나는 tv교육프로그램을 가끔 본다",
          "나는 자녀 교육에 도움이 되는 프로그램을 보려고 한다",
          "나는 추운 것보다 더운 게 낫다",
          "나는 차에 대해서 잘 모른다",
          "나는 상대의 아버지가 든든한 아들이 있어 좋을 거라 생각한다",
          "나는 상대의 가족 분위기가 화목할 것 같다"
        ],
        "speaker2": [
          "나는 10대 남성이다.",
          "나는 여럿이서 하는 운동을 좋아하지 않는다.",
          "나는 tv를 많이 보지 않는다.",
          "나는 추운 날씨를 싫어한다.",
          "나는 아버지 일을 도와드린다."
        ]
      }
    }
  ]
}