{
  "FileInfo": {
    "filename": "K2-00234-CL23837-CP23595-03-05-S2.json",
    "sessionLevel": "2"
  },
  "participantsInfo": {
    "numberOfParticipants": "2",
    "speaker1": {
      "participantID": "0781",
      "gender": "여성",
      "age": "20대",
      "occupation": "사무직",
      "bPlace": "서울/경기/인천",
      "gPlace": "서울/경기/인천",
      "rPlace": "서울/경기/인천",
      "educationLevel": "대졸"
    },
    "speaker2": {
      "participantID": "0808",
      "gender": "남성",
      "age": "20대",
      "occupation": "학생",
      "bPlace": "부산/대구/울산/경상",
      "gPlace": "부산/대구/울산/경상",
      "rPlace": "부산/대구/울산/경상",
      "educationLevel": "고졸"
    }
  },
  "multisessionInfo": {
    "multisessionID": "2-00234"
  },
  "personaInfo": {
    "clInfo": {
      "personaID": "23837",
      "personaFeatures": [
        "나는 여자이다.",
        "나는 20대이다.",
        "나는 호랑이를 좋아한다.",
        "나는 방사선사이다.",
        "나는 록 음악을 싫어한다.",
        "나는 딸기를 좋아한다."
      ],
      "speakerType": "speaker1"
    },
    "cpInfo": {
      "personaID": "23595",
      "personaFeatures": [
        "나는 남자이다.",
        "나는 20대이다.",
        "나는 역사/문화 여행을 좋아한다.",
        "나는 금속공예 만들기를 좋아한다.",
        "나는 배구를 자주 한다.",
        "나는 커피를 매일 2잔 이상 마신다."
      ],
      "speakerType": "speaker2"
    }
  },
  "topicInfo": {
    "topicID": "03-05",
    "topicType": "교통",
    "topicTitle": "운전면허"
  },
  "sessionInfo": [
    {
      "prevSessionID": null,
      "prevTimeInfo": {
        "timeNum": null,
        "timeUnit": null
      },
      "nthSession": "1",
      "numberOfUtterances": "14",
      "numberOfTurns": "7",
      "sessionID": "2-00234-1",
      "dialog": [
        {
          "speaker": "speaker1",
          "personaID": "23837",
          "participantID": "0781",
          "utterance": "안녕하세요! 저는 20대 여성에요.",
          "summary": "나는 20대 여성이다.",
          "date": "2022-08-26",
          "time": "19:20:13",
          "terminate": "false"
        },
        {
          "speaker": "speaker2",
          "personaID": "23595",
          "participantID": "0808",
          "utterance": "네 안녕하세요. 저는 20대 남성이에요~",
          "summary": "나는 20대 남성이다.",
          "date": "2022-08-26",
          "time": "19:20:53",
          "terminate": "false"
        },
        {
          "speaker": "speaker1",
          "personaID": "23837",
          "participantID": "0781",
          "utterance": "저는 호랑이를 좋아해서, 이번 주말에 동물원에 가려구요!",
          "summary": "나는 호랑이를 좋아한다.",
          "date": "2022-08-26",
          "time": "19:22:01",
          "terminate": "false"
        },
        {
          "speaker": "speaker2",
          "personaID": "23595",
          "participantID": "0808",
          "utterance": "호랑이 멋있죠! 저는 금속공예 만들기를 좋아해서, 이번 주말에 공방에 가요!",
          "summary": "나는 금속공예 만들기를 좋아한다.",
          "date": "2022-08-26",
          "time": "19:22:25",
          "terminate": "false"
        },
        {
          "speaker": "speaker1",
          "personaID": "23837",
          "participantID": "0781",
          "utterance": "금속공예 저도 해보고싶어요! 아 저는 방사선사로 일하고 있어요. 직업이 어떻게 되시나요?",
          "summary": "나는 금속공예를 해보고 싶다. 나는 방사선사이다.",
          "date": "2022-08-26",
          "time": "19:22:48",
          "terminate": "false"
        },
        {
          "speaker": "speaker2",
          "personaID": "23595",
          "participantID": "0808",
          "utterance": "저는 카페를 운영하고 있어요! 한번 놀러오세요~",
          "summary": "나는 카페를 운영한다.",
          "date": "2022-08-26",
          "time": "19:23:54",
          "terminate": "false"
        },
        {
          "speaker": "speaker1",
          "personaID": "23837",
          "participantID": "0781",
          "utterance": "저 커피 좋아해요! 꼭 놀러갈게요!",
          "summary": "",
          "date": "2022-08-26",
          "time": "19:24:47",
          "terminate": "false"
        },
        {
          "speaker": "speaker2",
          "personaID": "23595",
          "participantID": "0808",
          "utterance": "네! 저도 커피를 좋아해서, 카페를 차렸어요. 저는 커피를 매일 2장 이상 마시는 것 같아요.",
          "summary": "나는 커피를 매일 2잔 이상 마신다.",
          "date": "2022-08-26",
          "time": "19:25:31",
          "terminate": "false"
        },
        {
          "speaker": "speaker1",
          "personaID": "23837",
          "participantID": "0781",
          "utterance": "저는 아침에 한잔 마시면서 하루를 시작해요. 취미는 있으신가요?",
          "summary": "나는 아침에 커피를 한잔 마시며 하루를 시작한다.",
          "date": "2022-08-26",
          "time": "19:25:51",
          "terminate": "false"
        },
        {
          "speaker": "speaker2",
          "personaID": "23595",
          "participantID": "0808",
          "utterance": "저는 역사/문화 여행을 좋아해요! 배구도 자주 하구요. 그리고 메뉴개발을 하는걸 좋아해요. 그쪽은요?",
          "summary": "나는 역사/문화 여행을 좋아한다. 나는 배구를 자주 한다. 나는 메뉴 개발을 하는 걸 좋아한다.",
          "date": "2022-08-26",
          "time": "19:26:05",
          "terminate": "false"
        },
        {
          "speaker": "speaker1",
          "personaID": "23837",
          "participantID": "0781",
          "utterance": "오 메뉴개발! 딸기음료 만들어주세요. 저는 딸기를 너무 좋아해요. 그리고 저는 음악듣늘걸 좋아해요. 록 음악은 시끄러워서 싫어하구요.",
          "summary": "나는 록 음악을 싫어한다. 나는 딸기를 좋아한다.",
          "date": "2022-08-26",
          "time": "19:26:26",
          "terminate": "false"
        },
        {
          "speaker": "speaker2",
          "personaID": "23595",
          "participantID": "0808",
          "utterance": "내년 초 되면 딸기메뉴가 엄청 많이 나올거에요! 그때 드시러 오세요!",
          "summary": "",
          "date": "2022-08-26",
          "time": "19:26:45",
          "terminate": "false"
        },
        {
          "speaker": "speaker1",
          "personaID": "23837",
          "participantID": "0781",
          "utterance": "꼭 갈게요!! 저 밥 먹고 올게요~",
          "summary": "나는 밥을 먹으러 간다.",
          "date": "2022-08-26",
          "time": "19:27:11",
          "terminate": "false"
        },
        {
          "speaker": "speaker2",
          "personaID": "23595",
          "participantID": "0808",
          "utterance": "네 식사 맛있게 하세요. 저는 시장보러 다녀올게요!",
          "summary": "나는 시장을 보러 간다.",
          "date": "2022-08-26",
          "time": "19:27:25",
          "terminate": "true"
        }
      ],
      "sessionPersonaSummary": {
        "speaker1": [
          "나는 20대 여성이다.",
          "나는 호랑이를 좋아한다.",
          "나는 금속공예를 해보고 싶다. 나는 방사선사이다.",
          "나는 아침에 커피를 한잔 마시며 하루를 시작한다.",
          "나는 록 음악을 싫어한다. 나는 딸기를 좋아한다.",
          "나는 밥을 먹으러 간다."
        ],
        "speaker2": [
          "나는 20대 남성이다.",
          "나는 금속공예 만들기를 좋아한다.",
          "나는 카페를 운영한다.",
          "나는 커피를 매일 2잔 이상 마신다.",
          "나는 역사/문화 여행을 좋아한다. 나는 배구를 자주 한다. 나는 메뉴 개발을 하는 걸 좋아한다.",
          "나는 시장을 보러 간다."
        ]
      },
      "prevAggregatedpersonaSummary": {
        "speaker1": [],
        "speaker2": []
      }
    },
    {
      "prevSessionID": "2-00234-1",
      "prevTimeInfo": {
        "timeNum": "2",
        "timeUnit": "시간"
      },
      "nthSession": "2",
      "numberOfUtterances": "14",
      "numberOfTurns": "7",
      "sessionID": "2-00234-2",
      "dialog": [
        {
          "speaker": "speaker1",
          "personaID": "23837",
          "participantID": "0781",
          "utterance": "시장 다 보셨어요? 저는 밥 먹고 왔어요.",
          "summary": "",
          "date": "2022-08-26",
          "time": "19:28:11",
          "terminate": "false"
        },
        {
          "speaker": "speaker2",
          "personaID": "23595",
          "participantID": "0808",
          "utterance": "네~ 다녀왔어요. 식사 맛있게 하셨어요? 어떤거 드셨어요?",
          "summary": "",
          "date": "2022-08-26",
          "time": "19:28:25",
          "terminate": "false"
        },
        {
          "speaker": "speaker1",
          "personaID": "23837",
          "participantID": "0781",
          "utterance": "저는 짜장면을 맛있게 먹고 왔습니다! 카페에 쓰실거 장 보러 가신거에요?",
          "summary": "나는 짜장면을 먹었다.",
          "date": "2022-08-26",
          "time": "19:29:10",
          "terminate": "false"
        },
        {
          "speaker": "speaker2",
          "personaID": "23595",
          "participantID": "0808",
          "utterance": "네네 근처에 @브랜드명1@가 있어서 거기로 자주 다녀와요!",
          "summary": "나는 근처 @브랜드명1@에 자주 간다.",
          "date": "2022-08-26",
          "time": "19:29:51",
          "terminate": "false"
        },
        {
          "speaker": "speaker1",
          "personaID": "23837",
          "participantID": "0781",
          "utterance": "저는 운전면허가 없어서 장을 직접 보러가는 것보단 배달을 많이 시키는 것 같아요..",
          "summary": "나는 면허가 없어서, 배달을 많이 시킨다.",
          "date": "2022-08-26",
          "time": "19:31:10",
          "terminate": "false"
        },
        {
          "speaker": "speaker2",
          "personaID": "23595",
          "participantID": "0808",
          "utterance": "빨리 면허를 따셔야겠네요! 직접 가는게 싱싱한거 고를 수 있고 좋아요.",
          "summary": "",
          "date": "2022-08-26",
          "time": "19:31:28",
          "terminate": "false"
        },
        {
          "speaker": "speaker1",
          "personaID": "23837",
          "participantID": "0781",
          "utterance": "그렇겠네요. 면허 요즘은 많이 쉬워졌다고 하는데 다시 한번 도전 해봐야 겠어요.",
          "summary": "",
          "date": "2022-08-26",
          "time": "19:32:35",
          "terminate": "false"
        },
        {
          "speaker": "speaker2",
          "personaID": "23595",
          "participantID": "0808",
          "utterance": "면허는 어려울때 따야해요! 그래야 도로에서도 운전을 잘 하실 수 있어요.",
          "summary": "나는 면허는 어려울 때 따야 한다고 생각한다.",
          "date": "2022-08-26",
          "time": "19:32:56",
          "terminate": "false"
        },
        {
          "speaker": "speaker1",
          "personaID": "23837",
          "participantID": "0781",
          "utterance": "저 사실은 전에 운전면허를 따려고 했었는데, 도로주행에서 탈락을 두번 해서 포기했었어요.",
          "summary": "나는 전에 면허를 취득하려 했으나, 도로주행에서 떨어졌다.",
          "date": "2022-08-26",
          "time": "19:33:50",
          "terminate": "false"
        },
        {
          "speaker": "speaker2",
          "personaID": "23595",
          "participantID": "0808",
          "utterance": "아이구.. 어디부분에서 감점되셨어요?",
          "summary": "",
          "date": "2022-08-26",
          "time": "19:34:50",
          "terminate": "false"
        },
        {
          "speaker": "speaker1",
          "personaID": "23837",
          "participantID": "0781",
          "utterance": "제가 1종 보통을 따려고 하다보니, 중간에 시동이 꺼지기도 했구요.. 차선변경도 어려웠어요.",
          "summary": "나는 1종 보통 취득 중에, 차량 시동이 꺼졌다.",
          "date": "2022-08-26",
          "time": "19:35:52",
          "terminate": "false"
        },
        {
          "speaker": "speaker2",
          "personaID": "23595",
          "participantID": "0808",
          "utterance": "2종으로 취득하려고 해보세요! 요즘 트럭도 오토로 나오다보니 1종이 굳이 필요가 없어요.",
          "summary": "나는 2종을 취득하는 게 나을 것 같다고 생각한다.",
          "date": "2022-08-26",
          "time": "19:36:12",
          "terminate": "false"
        },
        {
          "speaker": "speaker1",
          "personaID": "23837",
          "participantID": "0781",
          "utterance": "그래야겠네요.. 다시한번 파이팅해서 해볼께요! 저 이제 일 조금만 하다가 올게요!",
          "summary": "",
          "date": "2022-08-26",
          "time": "19:36:29",
          "terminate": "false"
        },
        {
          "speaker": "speaker2",
          "personaID": "23595",
          "participantID": "0808",
          "utterance": "네 다녀오세요~ 편하실때 연락 주세요!",
          "summary": "",
          "date": "2022-08-26",
          "time": "19:36:45",
          "terminate": "true"
        }
      ],
      "sessionPersonaSummary": {
        "speaker1": [
          "나는 짜장면을 먹었다.",
          "나는 면허가 없어서, 배달을 많이 시킨다.",
          "나는 전에 면허를 취득하려 했으나, 도로주행에서 떨어졌다.",
          "나는 1종 보통 취득 중에, 차량 시동이 꺼졌다."
        ],
        "speaker2": [
          "나는 근처 @브랜드명1@에 자주 간다.",
          "나는 면허는 어려울 때 따야 한다고 생각한다.",
          "나는 2종을 취득하는 게 나을 것 같다고 생각한다."
        ]
      },
      "prevAggregatedpersonaSummary": {
        "speaker1": [
          "나는 20대 여성이다.",
          "나는 호랑이를 좋아한다.",
          "나는 금속공예를 해보고 싶다. 나는 방사선사이다.",
          "나는 아침에 커피를 한잔 마시며 하루를 시작한다.",
          "나는 록 음악을 싫어한다. 나는 딸기를 좋아한다.",
          "나는 밥을 먹으러 간다."
        ],
        "speaker2": [
          "나는 20대 남성이다.",
          "나는 금속공예 만들기를 좋아한다.",
          "나는 카페를 운영한다.",
          "나는 커피를 매일 2잔 이상 마신다.",
          "나는 역사/문화 여행을 좋아한다. 나는 배구를 자주 한다. 나는 메뉴 개발을 하는 걸 좋아한다.",
          "나는 시장을 보러 간다."
        ]
      }
    }
  ]
}