{
  "FileInfo": {
    "filename": "K2-00391-CL20186-CP22508-08-14-S2.json",
    "sessionLevel": "2"
  },
  "participantsInfo": {
    "numberOfParticipants": "2",
    "speaker1": {
      "participantID": "0139",
      "gender": "남성",
      "age": "20대",
      "occupation": "학생",
      "bPlace": "서울/경기/인천",
      "gPlace": "서울/경기/인천",
      "rPlace": "서울/경기/인천",
      "educationLevel": "고졸"
    },
    "speaker2": {
      "participantID": "0517",
      "gender": "여성",
      "age": "20대",
      "occupation": "학생",
      "bPlace": "부산/대구/울산/경상",
      "gPlace": "부산/대구/울산/경상",
      "rPlace": "부산/대구/울산/경상",
      "educationLevel": "고졸"
    }
  },
  "multisessionInfo": {
    "multisessionID": "2-00391"
  },
  "personaInfo": {
    "clInfo": {
      "personaID": "20186",
      "personaFeatures": [
        "나는 남자이다.",
        "나는 20대이다.",
        "나의 종교는 카톨릭이다.",
        "나는 홈쇼핑 MD이다.",
        "나는 댄스 음악을 자주 듣는다."
      ],
      "speakerType": "speaker1"
    },
    "cpInfo": {
      "personaID": "22508",
      "personaFeatures": [
        "나는 여자이다.",
        "나는 20대이다.",
        "나는 요즘, 지인의 부고 소식에 비통하다.",
        "나는 토익스피킹 자격증을 취득했다.",
        "나는 홈트레이닝을 좋아한다."
      ],
      "speakerType": "speaker2"
    }
  },
  "topicInfo": {
    "topicID": "08-14",
    "topicType": "개인 및 관계>연애/결혼",
    "topicTitle": "딩크"
  },
  "sessionInfo": [
    {
      "prevSessionID": null,
      "prevTimeInfo": {
        "timeNum": null,
        "timeUnit": null
      },
      "nthSession": "1",
      "numberOfUtterances": "16",
      "numberOfTurns": "8",
      "sessionID": "2-00391-1",
      "dialog": [
        {
          "speaker": "speaker1",
          "personaID": "20186",
          "participantID": "0139",
          "utterance": "안녕하세요! 저는 20대 남자입니다. 반가워요.",
          "summary": "나는 20대 남자이다.",
          "date": "2022-09-06",
          "time": "19:00:13",
          "terminate": "false"
        },
        {
          "speaker": "speaker2",
          "personaID": "22508",
          "participantID": "0517",
          "utterance": "안녕하세요~ 저는 20대 여자입니다.",
          "summary": "나는 20대 여자다.",
          "date": "2022-09-06",
          "time": "19:00:36",
          "terminate": "false"
        },
        {
          "speaker": "speaker1",
          "personaID": "20186",
          "participantID": "0139",
          "utterance": "저는 홈쇼핑 MD로 일을 하고 있어요.",
          "summary": "나는 홈쇼핑 MD이다.",
          "date": "2022-09-06",
          "time": "19:02:57",
          "terminate": "false"
        },
        {
          "speaker": "speaker2",
          "personaID": "22508",
          "participantID": "0517",
          "utterance": "저는 지금 취업준비생이구요. 저번주에 취업에 필요한 @브랜드명1@ 스피킹 자격증을 취득했어요.",
          "summary": "나는 @브랜드명2@ 자격증을 취득했다.",
          "date": "2022-09-06",
          "time": "19:03:44",
          "terminate": "false"
        },
        {
          "speaker": "speaker1",
          "personaID": "20186",
          "participantID": "0139",
          "utterance": "그렇군요. 자격증 따기도 쉽지 않은거 같아요.",
          "summary": "",
          "date": "2022-09-06",
          "time": "19:04:35",
          "terminate": "false"
        },
        {
          "speaker": "speaker2",
          "personaID": "22508",
          "participantID": "0517",
          "utterance": "맞아요. 어느정도 점수를 받아야하는데 그점수를 넘기려고 1년정도 열심히 공부했어요.",
          "summary": "나는 1년 정도 공부했다.",
          "date": "2022-09-06",
          "time": "19:05:07",
          "terminate": "false"
        },
        {
          "speaker": "speaker1",
          "personaID": "20186",
          "participantID": "0139",
          "utterance": "와 오래 하셨네요! 그래도 자격증 취득을 해서 진짜 다행이예요.",
          "summary": "",
          "date": "2022-09-06",
          "time": "19:05:46",
          "terminate": "false"
        },
        {
          "speaker": "speaker2",
          "personaID": "22508",
          "participantID": "0517",
          "utterance": "네 그래서 기분은 좋긴한데 마냥 좋을수가 없는게 요즘 지인의 부고소식에 비통하네요.",
          "summary": "나는 요즘, 지인의 부고 소식에 비통하다.",
          "date": "2022-09-06",
          "time": "19:06:46",
          "terminate": "false"
        },
        {
          "speaker": "speaker1",
          "personaID": "20186",
          "participantID": "0139",
          "utterance": "지인이라도 나이가 젊은데 안타깝네요.",
          "summary": "",
          "date": "2022-09-06",
          "time": "19:07:26",
          "terminate": "false"
        },
        {
          "speaker": "speaker2",
          "personaID": "22508",
          "participantID": "0517",
          "utterance": "네 취업이 잘 안되는게 이유인 친구도 있고 연락을 잘안하고 살다보니 외로워서 간 친구도 있더라구요ㅜ 장례식장에 갔다오니 마음이 안좋았어요.",
          "summary": "나는 장례식에 갔다 오니 마음이 안 좋다.",
          "date": "2022-09-06",
          "time": "19:08:30",
          "terminate": "false"
        },
        {
          "speaker": "speaker1",
          "personaID": "20186",
          "participantID": "0139",
          "utterance": "아이고ㅠ 너무 속상하네요. 우리 사회의 문제 같아요.",
          "summary": "",
          "date": "2022-09-06",
          "time": "19:08:58",
          "terminate": "false"
        },
        {
          "speaker": "speaker2",
          "personaID": "22508",
          "participantID": "0517",
          "utterance": "그런것 같아요. 취업을 못해도 무시받는 사회가 되면 안되는데 이 사회는 왜 이렇게 모질까요?",
          "summary": "",
          "date": "2022-09-06",
          "time": "19:09:35",
          "terminate": "false"
        },
        {
          "speaker": "speaker1",
          "personaID": "20186",
          "participantID": "0139",
          "utterance": "맞아요. 마음이 무겁네요. 제가 카톨릭 이예요. 요즘 우리 성당에도 그렇게 일찍 떠나신분들을 위한 기도를 많이 해요.",
          "summary": "나는 종교가 가톨릭이다.",
          "date": "2022-09-06",
          "time": "19:10:06",
          "terminate": "false"
        },
        {
          "speaker": "speaker2",
          "personaID": "22508",
          "participantID": "0517",
          "utterance": "아 그러시군요. 저는 기독교인데 먼저간 친구들을 위해 기도롤 해야겠어요ㅠ.",
          "summary": "나는 기독교다.",
          "date": "2022-09-06",
          "time": "19:10:50",
          "terminate": "false"
        },
        {
          "speaker": "speaker1",
          "personaID": "20186",
          "participantID": "0139",
          "utterance": "다들 거기서는 행복했으면 좋겠네요. 그럼 또 봐요.",
          "summary": "",
          "date": "2022-09-06",
          "time": "19:11:23",
          "terminate": "false"
        },
        {
          "speaker": "speaker2",
          "personaID": "22508",
          "participantID": "0517",
          "utterance": "맞아요. 하늘나라에서는 행복했으면 좋겠네요. 네 다음에 봐요.",
          "summary": "",
          "date": "2022-09-06",
          "time": "19:12:05",
          "terminate": "true"
        }
      ],
      "sessionPersonaSummary": {
        "speaker1": [
          "나는 20대 남자이다.",
          "나는 홈쇼핑 MD이다.",
          "나는 종교가 가톨릭이다."
        ],
        "speaker2": [
          "나는 20대 여자다.",
          "나는 @브랜드명2@ 자격증을 취득했다.",
          "나는 1년 정도 공부했다.",
          "나는 요즘, 지인의 부고 소식에 비통하다.",
          "나는 장례식에 갔다 오니 마음이 안 좋다.",
          "나는 기독교다."
        ]
      },
      "prevAggregatedpersonaSummary": {
        "speaker1": [],
        "speaker2": []
      }
    },
    {
      "prevSessionID": "2-00391-1",
      "prevTimeInfo": {
        "timeNum": "4",
        "timeUnit": "일"
      },
      "nthSession": "2",
      "numberOfUtterances": "16",
      "numberOfTurns": "8",
      "sessionID": "2-00391-2",
      "dialog": [
        {
          "speaker": "speaker1",
          "personaID": "20186",
          "participantID": "0139",
          "utterance": "4일동안 잘 지내셨어요? 오늘은 바쁘신가요?",
          "summary": "",
          "date": "2022-09-06",
          "time": "19:12:41",
          "terminate": "false"
        },
        {
          "speaker": "speaker2",
          "personaID": "22508",
          "participantID": "0517",
          "utterance": "오늘 바쁜건 없는데 제가 홈트레이닝을 좋아해서 홈트레이닝을 좀 하고 있었어요.",
          "summary": "나는 홈 트레이닝을 좋아한다.",
          "date": "2022-09-06",
          "time": "19:13:24",
          "terminate": "false"
        },
        {
          "speaker": "speaker1",
          "personaID": "20186",
          "participantID": "0139",
          "utterance": "그렇군요? 저는 여자친구랑 내년에 결혼 예정인데 딩크로 생활할거 같아요.",
          "summary": "나는 내년에 결혼 예정인 여자 친구가 있다, 딩크로 생활할 것 같다.",
          "date": "2022-09-06",
          "time": "19:14:00",
          "terminate": "false"
        },
        {
          "speaker": "speaker2",
          "personaID": "22508",
          "participantID": "0517",
          "utterance": "아 좋은 생각 인것 같아요. 저도 남친이랑 혹시 결혼하게 된다면 딩크로 생활하려고 생각하고 있었거든요.",
          "summary": "나는 남자 친구와 결혼하면 딩크로 생활할 거다.",
          "date": "2022-09-06",
          "time": "19:14:41",
          "terminate": "false"
        },
        {
          "speaker": "speaker1",
          "personaID": "20186",
          "participantID": "0139",
          "utterance": "아이 낳은 후 양육비와 교육비 생각하면 둘이 편하게 지내는게 좋은거 같아요.",
          "summary": "나는 양육비와 교육비를 생각해서 둘이 편하게 지내고 싶다.",
          "date": "2022-09-06",
          "time": "19:16:12",
          "terminate": "false"
        },
        {
          "speaker": "speaker2",
          "personaID": "22508",
          "participantID": "0517",
          "utterance": "맞아요. 저는 제가 병이 있어서 혹시나 아이한테 유전적으로 물려줄것 같아서 안낳고 지내려고요.",
          "summary": "나는 병이 있어서 유전이 될까 봐 아이를 안 낳고 싶다.",
          "date": "2022-09-06",
          "time": "19:17:22",
          "terminate": "false"
        },
        {
          "speaker": "speaker1",
          "personaID": "20186",
          "participantID": "0139",
          "utterance": "병이요? 아 그러면 진짜 걱정이 될거 같네요.",
          "summary": "",
          "date": "2022-09-06",
          "time": "19:17:39",
          "terminate": "false"
        },
        {
          "speaker": "speaker2",
          "personaID": "22508",
          "participantID": "0517",
          "utterance": "당뇨요. 먹는것을 안가리고 먹다보니 이 나이에 당뇨가 생겼네요ㅜ.",
          "summary": "나는 당뇨가 있다.",
          "date": "2022-09-06",
          "time": "19:19:12",
          "terminate": "false"
        },
        {
          "speaker": "speaker1",
          "personaID": "20186",
          "participantID": "0139",
          "utterance": "요즘은 젊은 나이에도 당뇨가 많더라구요. 그게 꼭 그 사람들만의 문제도 아닌거 같아요.",
          "summary": "",
          "date": "2022-09-06",
          "time": "19:19:50",
          "terminate": "false"
        },
        {
          "speaker": "speaker2",
          "personaID": "22508",
          "participantID": "0517",
          "utterance": "그래도 식습관이 참 중요한 것 같아요. 먹고싶은걸 다먹다보니 이렇게 안좋은 병도 얻었네요ㅠ.",
          "summary": "나는 식습관이 참 중요한 거 같다.",
          "date": "2022-09-06",
          "time": "19:20:24",
          "terminate": "false"
        },
        {
          "speaker": "speaker1",
          "personaID": "20186",
          "participantID": "0139",
          "utterance": "그래도 이제부터라도 관리 하면 되죠! 너무 상심하지 마세요.",
          "summary": "",
          "date": "2022-09-06",
          "time": "19:20:39",
          "terminate": "false"
        },
        {
          "speaker": "speaker2",
          "personaID": "22508",
          "participantID": "0517",
          "utterance": "네 그래야 겠어요 머하세요? 저는 지금 소파에 앉아서 명상음악 듣고 있어요. 마음을 편안하게 하고싶어서요.",
          "summary": "나는 명상 음악을 듣고 있다.",
          "date": "2022-09-06",
          "time": "19:21:49",
          "terminate": "false"
        },
        {
          "speaker": "speaker1",
          "personaID": "20186",
          "participantID": "0139",
          "utterance": "그래서 딩크로 생활하는것도 좋은거 같아요. 다른 걱정거리 없이 살고 싶어요.",
          "summary": "나는 딩크로 생활하는 게 좋을 것 같다.",
          "date": "2022-09-06",
          "time": "19:22:10",
          "terminate": "false"
        },
        {
          "speaker": "speaker2",
          "personaID": "22508",
          "participantID": "0517",
          "utterance": "그렇죠 저도 그렇게 생각해요. 애들 키우면 걱정거리가 많이 늘어나니깐요ㅠ.",
          "summary": "",
          "date": "2022-09-06",
          "time": "19:22:54",
          "terminate": "false"
        },
        {
          "speaker": "speaker1",
          "personaID": "20186",
          "participantID": "0139",
          "utterance": "저는 퇴근해요. 댄스 음악을 자주 듣는데 음악 들으니까 기분이 좋아지네요! 그럼 또 연락드릴게요.",
          "summary": "나는 댄스음악을 자주 듣는다.",
          "date": "2022-09-06",
          "time": "19:23:47",
          "terminate": "false"
        },
        {
          "speaker": "speaker2",
          "personaID": "22508",
          "participantID": "0517",
          "utterance": "네 댄스음악 들으시면서 퇴근 즐겁게 하시길 바랄게요~!",
          "summary": "",
          "date": "2022-09-06",
          "time": "19:24:20",
          "terminate": "true"
        }
      ],
      "sessionPersonaSummary": {
        "speaker1": [
          "나는 내년에 결혼 예정인 여자 친구가 있다, 딩크로 생활할 것 같다.",
          "나는 양육비와 교육비를 생각해서 둘이 편하게 지내고 싶다.",
          "나는 딩크로 생활하는 게 좋을 것 같다.",
          "나는 댄스음악을 자주 듣는다."
        ],
        "speaker2": [
          "나는 홈 트레이닝을 좋아한다.",
          "나는 남자 친구와 결혼하면 딩크로 생활할 거다.",
          "나는 병이 있어서 유전이 될까 봐 아이를 안 낳고 싶다.",
          "나는 당뇨가 있다.",
          "나는 식습관이 참 중요한 거 같다.",
          "나는 명상 음악을 듣고 있다."
        ]
      },
      "prevAggregatedpersonaSummary": {
        "speaker1": [
          "나는 20대 남자이다.",
          "나는 홈쇼핑 MD이다.",
          "나는 종교가 가톨릭이다."
        ],
        "speaker2": [
          "나는 20대 여자다.",
          "나는 @브랜드명2@ 자격증을 취득했다.",
          "나는 1년 정도 공부했다.",
          "나는 요즘, 지인의 부고 소식에 비통하다.",
          "나는 장례식에 갔다 오니 마음이 안 좋다.",
          "나는 기독교다."
        ]
      }
    }
  ]
}