{
  "FileInfo": {
    "filename": "K2-00537-CL31635-CP30913-07-03-S2.json",
    "sessionLevel": "2"
  },
  "participantsInfo": {
    "numberOfParticipants": "2",
    "speaker1": {
      "participantID": "0428",
      "gender": "여성",
      "age": "30대",
      "occupation": "주부",
      "bPlace": "광주/전라/제주",
      "gPlace": "광주/전라/제주",
      "rPlace": "광주/전라/제주",
      "educationLevel": "대졸"
    },
    "speaker2": {
      "participantID": "0481",
      "gender": "남성",
      "age": "30대",
      "occupation": "기타",
      "bPlace": "서울/경기/인천",
      "gPlace": "서울/경기/인천",
      "rPlace": "서울/경기/인천",
      "educationLevel": "대졸"
    }
  },
  "multisessionInfo": {
    "multisessionID": "2-00537"
  },
  "personaInfo": {
    "clInfo": {
      "personaID": "31635",
      "personaFeatures": [
        "나는 여자이다.",
        "나는 30대이다.",
        "나는 20년 후 아프지 않은 것이 목표이다.",
        "나는 식물에 관심 없다.",
        "나는 더운 날씨를 싫어한다."
      ],
      "speakerType": "speaker1"
    },
    "cpInfo": {
      "personaID": "30913",
      "personaFeatures": [
        "나는 남자이다.",
        "나는 30대이다.",
        "나는 결혼을 안 했다.",
        "나는 고슴도치 두 마리를 키운다.",
        "나는 댄스 음악을 가끔 듣는다."
      ],
      "speakerType": "speaker2"
    }
  },
  "topicInfo": {
    "topicID": "07-03",
    "topicType": "개인 및 관계>가족",
    "topicTitle": "아버지"
  },
  "sessionInfo": [
    {
      "prevSessionID": null,
      "prevTimeInfo": {
        "timeNum": null,
        "timeUnit": null
      },
      "nthSession": "1",
      "numberOfUtterances": "16",
      "numberOfTurns": "8",
      "sessionID": "2-00537-1",
      "dialog": [
        {
          "speaker": "speaker1",
          "personaID": "31635",
          "participantID": "0428",
          "utterance": "안녕하세요! 30대 여자랍니다. 편하게 대화해요 !",
          "summary": "나는 여자이다. 나는 30대이다.",
          "date": "2022-09-21",
          "time": "22:25:19",
          "terminate": "false"
        },
        {
          "speaker": "speaker2",
          "personaID": "30913",
          "participantID": "0481",
          "utterance": "네~안녕하세요! 저는 30대 남자입니다~편한 대화 좋아요!",
          "summary": "나는 남자이다. 나는 30대이다.",
          "date": "2022-09-21",
          "time": "22:25:21",
          "terminate": "false"
        },
        {
          "speaker": "speaker1",
          "personaID": "31635",
          "participantID": "0428",
          "utterance": "요즘 진짜 덥네요. 초복 중복 다챙겼고. 마지막 말복만 챙기면 끝이네요.",
          "summary": "",
          "date": "2022-09-21",
          "time": "22:25:33",
          "terminate": "false"
        },
        {
          "speaker": "speaker2",
          "personaID": "30913",
          "participantID": "0481",
          "utterance": "오~잘 챙겨드시네요..초복, 중복까지 다 챙겨드시고...ㅋㅋ.",
          "summary": "",
          "date": "2022-09-21",
          "time": "22:25:35",
          "terminate": "false"
        },
        {
          "speaker": "speaker1",
          "personaID": "31635",
          "participantID": "0428",
          "utterance": "저는 진짜 몸관리를 잘하려고 노력중이거든요.. 더운날씨도 싫고..",
          "summary": "나는 더운 날씨를 싫어한다.",
          "date": "2022-09-21",
          "time": "22:25:48",
          "terminate": "false"
        },
        {
          "speaker": "speaker2",
          "personaID": "30913",
          "participantID": "0481",
          "utterance": "정말 그래 보이네요! 그렇게 잘 챙겨드시는데!",
          "summary": "",
          "date": "2022-09-21",
          "time": "22:25:51",
          "terminate": "false"
        },
        {
          "speaker": "speaker1",
          "personaID": "31635",
          "participantID": "0428",
          "utterance": "저는 20년후에 아프지 않는것이 제 목표입니다.",
          "summary": "나는 20년 후 아프지 않은 것이 목표이다.",
          "date": "2022-09-21",
          "time": "22:25:56",
          "terminate": "false"
        },
        {
          "speaker": "speaker2",
          "personaID": "30913",
          "participantID": "0481",
          "utterance": "50대에는 아프면 정말 큰일나죠..건강관리 잘해야되요!",
          "summary": "",
          "date": "2022-09-21",
          "time": "22:26:01",
          "terminate": "false"
        },
        {
          "speaker": "speaker1",
          "personaID": "31635",
          "participantID": "0428",
          "utterance": "그런가요. 그쪽은 뭐 따로 챙기거나 운동하는거있어요?",
          "summary": "",
          "date": "2022-09-21",
          "time": "22:26:12",
          "terminate": "false"
        },
        {
          "speaker": "speaker2",
          "personaID": "30913",
          "participantID": "0481",
          "utterance": "저는 댄스 음악을 가끔듣고 들으면서 춤도 춰요~",
          "summary": "나는 댄스 음악을 가끔 듣는다. 나는 춤을 춘다.",
          "date": "2022-09-21",
          "time": "22:26:14",
          "terminate": "false"
        },
        {
          "speaker": "speaker1",
          "personaID": "31635",
          "participantID": "0428",
          "utterance": "오.. 무슨춤 추시는데요? 케이팝 댄스?",
          "summary": "",
          "date": "2022-09-21",
          "time": "22:26:21",
          "terminate": "false"
        },
        {
          "speaker": "speaker2",
          "personaID": "30913",
          "participantID": "0481",
          "utterance": "그냥 몸 가는대로 추는거에요! 따로 배운건 아니고~",
          "summary": "",
          "date": "2022-09-21",
          "time": "22:26:24",
          "terminate": "false"
        },
        {
          "speaker": "speaker1",
          "personaID": "31635",
          "participantID": "0428",
          "utterance": "그렇구나.. 그나저나 뭐하고 계셨어요? 주말이잖아요 !",
          "summary": "",
          "date": "2022-09-21",
          "time": "22:26:48",
          "terminate": "false"
        },
        {
          "speaker": "speaker2",
          "personaID": "30913",
          "participantID": "0481",
          "utterance": "저는 고슴도치 두마리를 키우는데 돌보고 있습니다ㅎㅎ.",
          "summary": "나는 고슴도치 두 마리를 키운다.",
          "date": "2022-09-21",
          "time": "22:26:59",
          "terminate": "false"
        },
        {
          "speaker": "speaker1",
          "personaID": "31635",
          "participantID": "0428",
          "utterance": "꽤나 특이하신 분이시네.. 저는 점심이나 먹으러 가겠습니다 ~",
          "summary": "",
          "date": "2022-09-21",
          "time": "22:27:17",
          "terminate": "false"
        },
        {
          "speaker": "speaker2",
          "personaID": "30913",
          "participantID": "0481",
          "utterance": "특이한가요...알겠습니다! 그럼 점심 식사 맛있게 하세요~",
          "summary": "",
          "date": "2022-09-21",
          "time": "22:27:19",
          "terminate": "true"
        }
      ],
      "sessionPersonaSummary": {
        "speaker1": [
          "나는 여자이다. 나는 30대이다.",
          "나는 더운 날씨를 싫어한다.",
          "나는 20년 후 아프지 않은 것이 목표이다."
        ],
        "speaker2": [
          "나는 남자이다. 나는 30대이다.",
          "나는 댄스 음악을 가끔 듣는다. 나는 춤을 춘다.",
          "나는 고슴도치 두 마리를 키운다."
        ]
      },
      "prevAggregatedpersonaSummary": {
        "speaker1": [],
        "speaker2": []
      }
    },
    {
      "prevSessionID": "2-00537-1",
      "prevTimeInfo": {
        "timeNum": "4",
        "timeUnit": "주"
      },
      "nthSession": "2",
      "numberOfUtterances": "16",
      "numberOfTurns": "8",
      "sessionID": "2-00537-2",
      "dialog": [
        {
          "speaker": "speaker1",
          "personaID": "31635",
          "participantID": "0428",
          "utterance": "안녕하세요 ! 한달만에 연락드리네요 ! 기억나세요?",
          "summary": "",
          "date": "2022-09-21",
          "time": "22:27:50",
          "terminate": "false"
        },
        {
          "speaker": "speaker2",
          "personaID": "30913",
          "participantID": "0481",
          "utterance": "네~안녕하세요! 진짜 오랜만에 연락하셨네요!기억나죠 당연히~",
          "summary": "",
          "date": "2022-09-21",
          "time": "22:27:51",
          "terminate": "false"
        },
        {
          "speaker": "speaker1",
          "personaID": "31635",
          "participantID": "0428",
          "utterance": "다행이네요. 한달간 뭐하면서 지내셨어요?",
          "summary": "",
          "date": "2022-09-21",
          "time": "22:28:06",
          "terminate": "false"
        },
        {
          "speaker": "speaker2",
          "personaID": "30913",
          "participantID": "0481",
          "utterance": "저는 이번에 결혼을 했습니다~! 축하해 주세요~",
          "summary": "",
          "date": "2022-09-21",
          "time": "22:28:08",
          "terminate": "false"
        },
        {
          "speaker": "speaker1",
          "personaID": "31635",
          "participantID": "0428",
          "utterance": "와.. 축하드려요~ 진짜 그때 말하는거 보면서 짝도 없을꺼라 생각 했는데..",
          "summary": "",
          "date": "2022-09-21",
          "time": "22:28:22",
          "terminate": "false"
        },
        {
          "speaker": "speaker2",
          "personaID": "30913",
          "participantID": "0481",
          "utterance": "농담인데..저 미혼이에요..좀 기분이 나쁘네요..",
          "summary": "나는 결혼을 안 했다.",
          "date": "2022-09-21",
          "time": "22:28:27",
          "terminate": "false"
        },
        {
          "speaker": "speaker1",
          "personaID": "31635",
          "participantID": "0428",
          "utterance": "허허.. 그런농담은 함부로 하는거아니에요. 제가 드린 축하좀 돌려주시죠?",
          "summary": "",
          "date": "2022-09-21",
          "time": "22:28:41",
          "terminate": "false"
        },
        {
          "speaker": "speaker2",
          "personaID": "30913",
          "participantID": "0481",
          "utterance": "이미 축하받은건데 뭘 돌려줘요! 안돌려 줄거에요.",
          "summary": "",
          "date": "2022-09-21",
          "time": "22:28:47",
          "terminate": "false"
        },
        {
          "speaker": "speaker1",
          "personaID": "31635",
          "participantID": "0428",
          "utterance": "참내..주말인데 뭐해요? 저는 오늘 아버지 생신 파티 하거든요.",
          "summary": "나는 오늘 아버지 생신 파티를 한다.",
          "date": "2022-09-21",
          "time": "22:29:01",
          "terminate": "false"
        },
        {
          "speaker": "speaker2",
          "personaID": "30913",
          "participantID": "0481",
          "utterance": "오..!그렇구나! 그럼 뭐라도 사셨어요 선물?",
          "summary": "",
          "date": "2022-09-21",
          "time": "22:29:02",
          "terminate": "false"
        },
        {
          "speaker": "speaker1",
          "personaID": "31635",
          "participantID": "0428",
          "utterance": "저는 뭐 딱히 식물에 관심없는데, 아버지가 난을 참 좋아하셔서 비싼놈으로 골랐어요.",
          "summary": "나는 식물에 관심 없다. 나의 아버지는 난을 좋아하셔서 생신 선물로 골랐다.",
          "date": "2022-09-21",
          "time": "22:29:14",
          "terminate": "false"
        },
        {
          "speaker": "speaker2",
          "personaID": "30913",
          "participantID": "0481",
          "utterance": "오...꽤 착하시네요~! 아버지가 좋아하시겠어요!",
          "summary": "",
          "date": "2022-09-21",
          "time": "22:29:14",
          "terminate": "false"
        },
        {
          "speaker": "speaker1",
          "personaID": "31635",
          "participantID": "0428",
          "utterance": "이래봬도 효녀랍니다.. 그쪽은 뭐하냐고 제가 물었을텐데요?",
          "summary": "",
          "date": "2022-09-21",
          "time": "22:29:33",
          "terminate": "false"
        },
        {
          "speaker": "speaker2",
          "personaID": "30913",
          "participantID": "0481",
          "utterance": "저는 집에 그냥 있습니다! 주말인데 쉬어야죠~",
          "summary": "나는 집에서 쉬고 있다.",
          "date": "2022-09-21",
          "time": "22:29:36",
          "terminate": "false"
        },
        {
          "speaker": "speaker1",
          "personaID": "31635",
          "participantID": "0428",
          "utterance": "그렇구만요. 일단 저는 생신 파티좀 갔다 와서 후기 말씀 드릴께요 !",
          "summary": "",
          "date": "2022-09-21",
          "time": "22:29:49",
          "terminate": "false"
        },
        {
          "speaker": "speaker2",
          "personaID": "30913",
          "participantID": "0481",
          "utterance": "알겠습니다~그럼 잘 다녀오시고! 좋은시간 보내세요~",
          "summary": "",
          "date": "2022-09-21",
          "time": "22:31:42",
          "terminate": "true"
        }
      ],
      "sessionPersonaSummary": {
        "speaker1": [
          "나는 오늘 아버지 생신 파티를 한다.",
          "나는 식물에 관심 없다. 나의 아버지는 난을 좋아하셔서 생신 선물로 골랐다."
        ],
        "speaker2": [
          "나는 결혼을 안 했다.",
          "나는 집에서 쉬고 있다."
        ]
      },
      "prevAggregatedpersonaSummary": {
        "speaker1": [
          "나는 여자이다. 나는 30대이다.",
          "나는 더운 날씨를 싫어한다.",
          "나는 20년 후 아프지 않은 것이 목표이다."
        ],
        "speaker2": [
          "나는 남자이다. 나는 30대이다.",
          "나는 댄스 음악을 가끔 듣는다. 나는 춤을 춘다.",
          "나는 고슴도치 두 마리를 키운다."
        ]
      }
    }
  ]
}