{
  "FileInfo": {
    "filename": "K2-00360-CL24808-CP50750-03-03-S2.json",
    "sessionLevel": "2"
  },
  "participantsInfo": {
    "numberOfParticipants": "2",
    "speaker1": {
      "participantID": "0726",
      "gender": "여성",
      "age": "30대",
      "occupation": "사무직",
      "bPlace": "서울/경기/인천",
      "gPlace": "부산/대구/울산/경상",
      "rPlace": "서울/경기/인천",
      "educationLevel": "고졸"
    },
    "speaker2": {
      "participantID": "3760",
      "gender": "남성",
      "age": "40대",
      "occupation": "사무직",
      "bPlace": "광주/전라/제주",
      "gPlace": "광주/전라/제주",
      "rPlace": "서울/경기/인천",
      "educationLevel": "대졸"
    }
  },
  "multisessionInfo": {
    "multisessionID": "2-00360"
  },
  "personaInfo": {
    "clInfo": {
      "personaID": "24808",
      "personaFeatures": [
        "나는 여자이다.",
        "나는 20대이다.",
        "나는 새벽에 따뜻한 물을 마신다",
        "나는 혈액형이 A형이다",
        "나는 아이스 카페모카를 자주 마신다"
      ],
      "speakerType": "speaker1"
    },
    "cpInfo": {
      "personaID": "50750",
      "personaFeatures": [
        "나는 남자이다.",
        "나는 50대이다.",
        "나는 중소기업 이사이다 ",
        "나는 가족과 별로 연락을 하지 않는다",
        "나는 커피를 매일 2잔 이상 마신다"
      ],
      "speakerType": "speaker2"
    }
  },
  "topicInfo": {
    "topicID": "03-03",
    "topicType": "교통",
    "topicTitle": "택시"
  },
  "sessionInfo": [
    {
      "prevSessionID": null,
      "prevTimeInfo": {
        "timeNum": null,
        "timeUnit": null
      },
      "nthSession": "1",
      "numberOfUtterances": "14",
      "numberOfTurns": "7",
      "sessionID": "2-00360-1",
      "dialog": [
        {
          "speaker": "speaker1",
          "personaID": "24808",
          "participantID": "0726",
          "utterance": "안녕하세요~! 20대 여성이에요 ㅎㅎ",
          "summary": "나는 20대 여자다.",
          "date": "2022-11-11",
          "time": "15:34:32",
          "terminate": "false"
        },
        {
          "speaker": "speaker2",
          "personaID": "50750",
          "participantID": "3760",
          "utterance": "안녕하세요. 50대 남성입니다.",
          "summary": "나는 50대 남성이다",
          "date": "2022-11-11",
          "time": "15:37:01",
          "terminate": "false"
        },
        {
          "speaker": "speaker1",
          "personaID": "24808",
          "participantID": "0726",
          "utterance": "반갑습니다~ ㅎㅎ 식사는 하셨나요? ",
          "summary": ".",
          "date": "2022-11-11",
          "time": "16:47:50",
          "terminate": "false"
        },
        {
          "speaker": "speaker2",
          "personaID": "50750",
          "participantID": "3760",
          "utterance": "네 식사는 했습니다. ㅎㅎ 저는 중소기업 이사입니다. 어떤 일을 하시나요?",
          "summary": "나는 중소기업 이사이다",
          "date": "2022-11-11",
          "time": "16:48:40",
          "terminate": "false"
        },
        {
          "speaker": "speaker1",
          "personaID": "24808",
          "participantID": "0726",
          "utterance": "저는 프리랜서에요 ㅎㅎ 새벽에 따뜻한 물 한잔 마시고 지금까지 일하고 있네요 ! ",
          "summary": "나는 프리랜서다.",
          "date": "2022-11-11",
          "time": "17:25:07",
          "terminate": "false"
        },
        {
          "speaker": "speaker2",
          "personaID": "50750",
          "participantID": "3760",
          "utterance": "아 프리랜서시군요. 저도 예전에 프리랜서를 1년정도 했었어요. 시간관리가 제일 힘들더라구요. ",
          "summary": "나는 예전에 프리랜서를 1년 정도 했다",
          "date": "2022-11-11",
          "time": "17:26:59",
          "terminate": "false"
        },
        {
          "speaker": "speaker1",
          "personaID": "24808",
          "participantID": "0726",
          "utterance": "그렇죠 ..! 가끔 회사에 들어가고 싶기도 하더라구요 ㅎㅎ @이름@님은 혈액형이 어떻게 되세요? 저는 a형이에요 ",
          "summary": "나는 가끔 회사에 들어가고 싶다.",
          "date": "2022-11-11",
          "time": "17:52:11",
          "terminate": "false"
        },
        {
          "speaker": "speaker2",
          "personaID": "50750",
          "participantID": "3760",
          "utterance": "저도 그래서 다시 회사에 들어갔어요. 제가 디자인이나 개발 등 뚜렷한 기술이 있으면 프리랜서 하겠는데 그게 아니었어서요. 저도 A형입니다. ",
          "summary": "내 혈액형은 a형이다",
          "date": "2022-11-11",
          "time": "17:52:58",
          "terminate": "false"
        },
        {
          "speaker": "speaker1",
          "personaID": "24808",
          "participantID": "0726",
          "utterance": "그렇군요..! ㅎㅎ 프리여도 은근 바빠서 밥 대신 아이스 카페모카를 자주 마시기는 해요 ㅠ ",
          "summary": "나는 밥 대신 아이스 카페모카를 자주 마신다.",
          "date": "2022-11-11",
          "time": "17:55:17",
          "terminate": "false"
        },
        {
          "speaker": "speaker2",
          "personaID": "50750",
          "participantID": "3760",
          "utterance": "ㅎㅎ 저도 그랬었어요. 엄청 바빴던 기억이 있네요 ㅎㅎ",
          "summary": "",
          "date": "2022-11-11",
          "time": "17:55:56",
          "terminate": "false"
        },
        {
          "speaker": "speaker1",
          "personaID": "24808",
          "participantID": "0726",
          "utterance": "프리랜서로 일 하시다가 회사에서의 생활은 괜찮으신가요? ",
          "summary": "나는 프리랜서 하다가 회사에서 생활이 궁금하다.",
          "date": "2022-11-11",
          "time": "17:56:57",
          "terminate": "false"
        },
        {
          "speaker": "speaker2",
          "personaID": "50750",
          "participantID": "3760",
          "utterance": "네 프리랜서 한건 오래전 일이라 이제 뭐 완전 회사원이죠 ",
          "summary": "",
          "date": "2022-11-11",
          "time": "17:57:34",
          "terminate": "false"
        },
        {
          "speaker": "speaker1",
          "personaID": "24808",
          "participantID": "0726",
          "utterance": "ㅎㅎ 그래도 안정적인 수익이 있으니 심적으론 안정적일 것 같아요~ ㅠ ",
          "summary": "나는 회사를 다니면 안정적인 수익이 있어서 심적인 안정이 될 것 같다.",
          "date": "2022-11-11",
          "time": "17:58:29",
          "terminate": "false"
        },
        {
          "speaker": "speaker2",
          "personaID": "50750",
          "participantID": "3760",
          "utterance": "저는 아무래도 회사생활 하다보니 바빠서 가족과 연락을 잘 안하게 되더라구요.  그리고 직장인이라면 누구나 달고 사는 커피를 매일 2잔 이상은 마시는 것 같아요.",
          "summary": "나는 회사생활이 바빠서 가족과 연락을 잘 안 하게 된다 나는 매일 커피를 2잔 이상 마신다",
          "date": "2022-11-11",
          "time": "17:59:44",
          "terminate": "false"
        }
      ],
      "sessionPersonaSummary": {
        "speaker1": [
          "나는 20대 여자다.",
          ".",
          "나는 프리랜서다.",
          "나는 가끔 회사에 들어가고 싶다.",
          "나는 밥 대신 아이스 카페모카를 자주 마신다.",
          "나는 프리랜서 하다가 회사에서 생활이 궁금하다.",
          "나는 회사를 다니면 안정적인 수익이 있어서 심적인 안정이 될 것 같다.",
          "."
        ],
        "speaker2": [
          "나는 50대 남성이다",
          "나는 중소기업 이사이다",
          "나는 예전에 프리랜서를 1년 정도 했다",
          "내 혈액형은 a형이다",
          "나는 회사생활이 바빠서 가족과 연락을 잘 안 하게 된다",
          "나는 매일 커피를 2잔 이상 마신다"
        ]
      },
      "prevAggregatedpersonaSummary": {
        "speaker1": [],
        "speaker2": []
      }
    },
    {
      "prevSessionID": "2-00360-1",
      "prevTimeInfo": {
        "timeNum": "5",
        "timeUnit": "일"
      },
      "nthSession": "2",
      "numberOfUtterances": "14",
      "numberOfTurns": "7",
      "sessionID": "2-00360-2",
      "dialog": [
        {
          "speaker": "speaker1",
          "personaID": "24808",
          "participantID": "0726",
          "utterance": "안녕하세요 잘지내셨어요? 5일만이네요~",
          "summary": ".",
          "date": "2022-11-12",
          "time": "23:35:55",
          "terminate": "false"
        },
        {
          "speaker": "speaker2",
          "personaID": "50750",
          "participantID": "3760",
          "utterance": "그러게요. 정말 시간이 빠르네요. 잘 지내셨나요?",
          "summary": "",
          "date": "2022-11-13",
          "time": "00:51:25",
          "terminate": "false"
        },
        {
          "speaker": "speaker1",
          "personaID": "24808",
          "participantID": "0726",
          "utterance": "네 ㅎㅎ 오늘 날씨가 우중충해서.. 약속있는데 택시타고 가려구요",
          "summary": "나는 약속에 택시를 타고 가려고 한다.",
          "date": "2022-11-13",
          "time": "14:22:28",
          "terminate": "false"
        },
        {
          "speaker": "speaker2",
          "personaID": "50750",
          "participantID": "3760",
          "utterance": "요즘 택시 기본요금이 올랐던데 얼마인가요?",
          "summary": "",
          "date": "2022-11-13",
          "time": "23:34:13",
          "terminate": "false"
        },
        {
          "speaker": "speaker1",
          "personaID": "24808",
          "participantID": "0726",
          "utterance": "이제 3,800원정도더라구요 ..! 할증시간도 당겨졌더라구요 ㅠㅠ",
          "summary": "나는 택시 기본료가 3,800원으로 알고 있다.",
          "date": "2022-11-14",
          "time": "14:53:38",
          "terminate": "false"
        },
        {
          "speaker": "speaker2",
          "personaID": "50750",
          "participantID": "3760",
          "utterance": "많이 올랐네요. 오르지 않는 건 월급뿐이라는게 너무 실감됩니다. ",
          "summary": "택시비는 오르는데 내 월급은 오르지 않는 게 실감된다",
          "date": "2022-11-14",
          "time": "15:17:35",
          "terminate": "false"
        },
        {
          "speaker": "speaker1",
          "personaID": "24808",
          "participantID": "0726",
          "utterance": "ㅋㅋㅋㅋ 정말.. 극공감입니다 ㅠ 연말되면 약속도 많을텐데 택시대란이 또 일어나는거 아닌지...걱정되네요",
          "summary": "나는 택시 대란이 일어날까 봐 걱정이다.",
          "date": "2022-11-14",
          "time": "15:24:50",
          "terminate": "false"
        },
        {
          "speaker": "speaker2",
          "personaID": "50750",
          "participantID": "3760",
          "utterance": "그렇죠 너무 공감이예요. 저는 약속도 최소화하고 되도록이면 지하철 다닐때 집에가려구요",
          "summary": "나는 택시비가 올라 약속도 최소화하고 되도록 지하철을 이용한다",
          "date": "2022-11-14",
          "time": "15:27:40",
          "terminate": "false"
        },
        {
          "speaker": "speaker1",
          "personaID": "24808",
          "participantID": "0726",
          "utterance": "맞아요...ㅠ 진짜 저녁약속이면 택시잡으면서 술먹은적도 있어요 ㅋㅋ",
          "summary": "나는 택시 잡으면서 술 먹은 적도 있다.",
          "date": "2022-11-14",
          "time": "15:56:27",
          "terminate": "false"
        },
        {
          "speaker": "speaker2",
          "personaID": "50750",
          "participantID": "3760",
          "utterance": "ㅎㅎ 그래서 전 되도록이면 복잡한 곳은 자제하는 편이예요 ",
          "summary": "나는 택시 대란 때문에 되도록 복잡한 곳은 자제하는 편이다",
          "date": "2022-11-14",
          "time": "16:03:28",
          "terminate": "false"
        },
        {
          "speaker": "speaker1",
          "personaID": "24808",
          "participantID": "0726",
          "utterance": "그쵸.. 저도 그래서 동네쪽으로만 가게 되더라구요 ㅎㅎ 연말엔 아예 숙박을 잡고놀까 싶어요",
          "summary": "나는 연말에 아예 숙박 잡고 놀까 생각 중이다.",
          "date": "2022-11-15",
          "time": "09:03:34",
          "terminate": "false"
        },
        {
          "speaker": "speaker2",
          "personaID": "50750",
          "participantID": "3760",
          "utterance": "그것도 괜찮네요. 택시탈일도 없고 집이 가까우니 심리적인 안정감도 들구요",
          "summary": "",
          "date": "2022-11-15",
          "time": "09:30:54",
          "terminate": "false"
        },
        {
          "speaker": "speaker1",
          "personaID": "24808",
          "participantID": "0726",
          "utterance": "그러게요 택시비가 비싸니 안타려는 노력이 더 생기네요 ㅎㅎ ",
          "summary": "나느 택시비가 비싸서 안 타려고 노력 중이다.",
          "date": "2022-11-15",
          "time": "10:33:33",
          "terminate": "false"
        },
        {
          "speaker": "speaker2",
          "personaID": "50750",
          "participantID": "3760",
          "utterance": "그렇죠. 저는 택시 안탄지 몇년 된 것 같아요. 아 물론 회사업무로 급하게 가야할때를 제외하구요.",
          "summary": "나는 택시 안 탄 지 몇 년 된 것 같다.",
          "date": "2022-11-15",
          "time": "10:38:00",
          "terminate": "true"
        }
      ],
      "sessionPersonaSummary": {
        "speaker1": [
          ".",
          "나는 약속에 택시를 타고 가려고 한다.",
          "나는 택시 기본료가 3,800원으로 알고 있다.",
          "나는 택시 대란이 일어날까 봐 걱정이다.",
          "나는 택시 잡으면서 술 먹은 적도 있다.",
          "나는 연말에 아예 숙박 잡고 놀까 생각 중이다.",
          "나느 택시비가 비싸서 안 타려고 노력 중이다."
        ],
        "speaker2": [
          "택시비는 오르는데 내 월급은 오르지 않는 게 실감된다",
          "나는 택시비가 올라 약속도 최소화하고 되도록 지하철을 이용한다",
          "나는 택시 대란 때문에 되도록 복잡한 곳은 자제하는 편이다",
          "나는 택시 안 탄 지 몇 년 된 것 같다."
        ]
      },
      "prevAggregatedpersonaSummary": {
        "speaker1": [
          "나는 20대 여자다.",
          ".",
          "나는 프리랜서다.",
          "나는 가끔 회사에 들어가고 싶다.",
          "나는 밥 대신 아이스 카페모카를 자주 마신다.",
          "나는 프리랜서 하다가 회사에서 생활이 궁금하다.",
          "나는 회사를 다니면 안정적인 수익이 있어서 심적인 안정이 될 것 같다.",
          "."
        ],
        "speaker2": [
          "나는 50대 남성이다",
          "나는 중소기업 이사이다",
          "나는 예전에 프리랜서를 1년 정도 했다",
          "내 혈액형은 a형이다",
          "나는 회사생활이 바빠서 가족과 연락을 잘 안 하게 된다",
          "나는 매일 커피를 2잔 이상 마신다"
        ]
      }
    }
  ]
}