{
  "FileInfo": {
    "filename": "K2-00493-CL00803-CP00826-03-05-S2.json",
    "sessionLevel": "2"
  },
  "participantsInfo": {
    "numberOfParticipants": "2",
    "speaker1": {
      "participantID": "0048",
      "gender": "남성",
      "age": "50대",
      "occupation": "서비스직",
      "bPlace": "부산/대구/울산/경상",
      "gPlace": "부산/대구/울산/경상",
      "rPlace": "부산/대구/울산/경상",
      "educationLevel": "고졸"
    },
    "speaker2": {
      "participantID": "0059",
      "gender": "남성",
      "age": "50대",
      "occupation": "무직",
      "bPlace": "부산/대구/울산/경상",
      "gPlace": "부산/대구/울산/경상",
      "rPlace": "부산/대구/울산/경상",
      "educationLevel": "대졸"
    }
  },
  "multisessionInfo": {
    "multisessionID": "2-00493"
  },
  "personaInfo": {
    "clInfo": {
      "personaID": "00803",
      "personaFeatures": [
        "나는 남자이다.",
        "나는 60대 이상이다.",
        "나는 물고기 한 마리를 키운다.",
        "나는 맛집 여행을 좋아한다.",
        "나는 잔치국수를 싫어한다."
      ],
      "speakerType": "speaker1"
    },
    "cpInfo": {
      "personaID": "00826",
      "personaFeatures": [
        "나는 남자이다.",
        "나는 60대 이상이다.",
        "나는 설거지하는 게 지루하다.",
        "나는 시를 좋아한다.",
        "나는 순대국밥을 안 먹는다."
      ],
      "speakerType": "speaker2"
    }
  },
  "topicInfo": {
    "topicID": "03-05",
    "topicType": "교통",
    "topicTitle": "운전면허"
  },
  "sessionInfo": [
    {
      "prevSessionID": null,
      "prevTimeInfo": {
        "timeNum": null,
        "timeUnit": null
      },
      "nthSession": "1",
      "numberOfUtterances": "18",
      "numberOfTurns": "9",
      "sessionID": "2-00493-1",
      "dialog": [
        {
          "speaker": "speaker1",
          "personaID": "00803",
          "participantID": "0048",
          "utterance": "안녕하세요! 저는 61세 남자입니다~!!",
          "summary": "나는 61세 남자이다.",
          "date": "2022-08-31",
          "time": "11:10:06",
          "terminate": "false"
        },
        {
          "speaker": "speaker2",
          "personaID": "00826",
          "participantID": "0059",
          "utterance": "네~안녕하세요! 저는 65세 남자입니다!!",
          "summary": "나는 65세 남자이다.",
          "date": "2022-08-31",
          "time": "11:10:16",
          "terminate": "false"
        },
        {
          "speaker": "speaker1",
          "personaID": "00803",
          "participantID": "0048",
          "utterance": "저는 잔치국수가 참 싫은거 같아요.",
          "summary": "나는 잔치국수를 싫어한다.",
          "date": "2022-08-31",
          "time": "11:09:00",
          "terminate": "false"
        },
        {
          "speaker": "speaker2",
          "personaID": "00826",
          "participantID": "0059",
          "utterance": "저는 순대국밥을 안먹는데! 취향이 다있는거죠!",
          "summary": "나는 순대국밥을 안 먹는다.",
          "date": "2022-08-31",
          "time": "11:09:03",
          "terminate": "false"
        },
        {
          "speaker": "speaker1",
          "personaID": "00803",
          "participantID": "0048",
          "utterance": "음식이라는게 원래 그런거니까요. 싫을수있죠.",
          "summary": "",
          "date": "2022-08-31",
          "time": "11:09:17",
          "terminate": "false"
        },
        {
          "speaker": "speaker2",
          "personaID": "00826",
          "participantID": "0059",
          "utterance": "맞아요 호불호 가 다 갈릴수 밖에요..",
          "summary": "",
          "date": "2022-08-31",
          "time": "11:09:27",
          "terminate": "false"
        },
        {
          "speaker": "speaker1",
          "personaID": "00803",
          "participantID": "0048",
          "utterance": "특히, 맛집여행을 좋아하는 저에겐 이해가 갑니다.",
          "summary": "나는 맛집 여행을 좋아한다.",
          "date": "2022-08-31",
          "time": "11:09:42",
          "terminate": "false"
        },
        {
          "speaker": "speaker2",
          "personaID": "00826",
          "participantID": "0059",
          "utterance": "맛집 실패 많이 하셨나보네요?",
          "summary": "",
          "date": "2022-08-31",
          "time": "11:09:56",
          "terminate": "false"
        },
        {
          "speaker": "speaker1",
          "personaID": "00803",
          "participantID": "0048",
          "utterance": "제법 했죠.. 다 맛있다고 해도 내입에 안맞으면..",
          "summary": "",
          "date": "2022-08-31",
          "time": "11:10:06",
          "terminate": "false"
        },
        {
          "speaker": "speaker2",
          "personaID": "00826",
          "participantID": "0059",
          "utterance": "그렇긴 하죠~ 맞아요! 본인 입맛에 맞는게 중요하니까.",
          "summary": "",
          "date": "2022-08-31",
          "time": "11:10:07",
          "terminate": "false"
        },
        {
          "speaker": "speaker1",
          "personaID": "00803",
          "participantID": "0048",
          "utterance": "그나저나 뭐하고 계셨었나요?",
          "summary": "",
          "date": "2022-08-31",
          "time": "11:10:16",
          "terminate": "false"
        },
        {
          "speaker": "speaker2",
          "personaID": "00826",
          "participantID": "0059",
          "utterance": "저는 설거지해야되는데..설거지 하는게 지루합니다.",
          "summary": "나는 설거지하는 게 지루하다.",
          "date": "2022-08-31",
          "time": "11:10:20",
          "terminate": "false"
        },
        {
          "speaker": "speaker1",
          "personaID": "00803",
          "participantID": "0048",
          "utterance": "아니아니 ㅎㅎ.. 뭐하고 계셨었냐구요 !!",
          "summary": "",
          "date": "2022-08-31",
          "time": "11:10:30",
          "terminate": "false"
        },
        {
          "speaker": "speaker2",
          "personaID": "00826",
          "participantID": "0059",
          "utterance": "아! 저는 책읽고 있었어요~ 뭐하는지 묻는줄.",
          "summary": "나는 책 읽고 있다.",
          "date": "2022-08-31",
          "time": "11:10:36",
          "terminate": "false"
        },
        {
          "speaker": "speaker1",
          "personaID": "00803",
          "participantID": "0048",
          "utterance": "아하.. 무슨책 읽고 계셨었나요?",
          "summary": "",
          "date": "2022-08-31",
          "time": "11:10:46",
          "terminate": "false"
        },
        {
          "speaker": "speaker2",
          "personaID": "00826",
          "participantID": "0059",
          "utterance": "저는 시를 좋아해서 시집 읽고 있었어요.",
          "summary": "나는 시를 좋아한다.",
          "date": "2022-08-31",
          "time": "11:10:48",
          "terminate": "false"
        },
        {
          "speaker": "speaker1",
          "personaID": "00803",
          "participantID": "0048",
          "utterance": "시집 참 좋죠.. 저도 집안일이나 하러 가야겠어요 ! 또연락해요 ~",
          "summary": "",
          "date": "2022-08-31",
          "time": "11:11:00",
          "terminate": "false"
        },
        {
          "speaker": "speaker2",
          "personaID": "00826",
          "participantID": "0059",
          "utterance": "알겠습니다~그럼 저도 설거지나 빨리해야겠어요! 연락해요.",
          "summary": "",
          "date": "2022-08-31",
          "time": "11:11:02",
          "terminate": "true"
        }
      ],
      "sessionPersonaSummary": {
        "speaker1": [
          "나는 61세 남자이다.",
          "나는 잔치국수를 싫어한다.",
          "나는 맛집 여행을 좋아한다."
        ],
        "speaker2": [
          "나는 65세 남자이다.",
          "나는 순대국밥을 안 먹는다.",
          "나는 설거지하는 게 지루하다.",
          "나는 책 읽고 있다.",
          "나는 시를 좋아한다."
        ]
      },
      "prevAggregatedpersonaSummary": {
        "speaker1": [],
        "speaker2": []
      }
    },
    {
      "prevSessionID": "2-00493-1",
      "prevTimeInfo": {
        "timeNum": "1",
        "timeUnit": "일"
      },
      "nthSession": "2",
      "numberOfUtterances": "18",
      "numberOfTurns": "9",
      "sessionID": "2-00493-2",
      "dialog": [
        {
          "speaker": "speaker1",
          "personaID": "00803",
          "participantID": "0048",
          "utterance": "좋은아침 ! 어제 설거지는 잘하셨어요?",
          "summary": "",
          "date": "2022-08-31",
          "time": "11:11:25",
          "terminate": "false"
        },
        {
          "speaker": "speaker2",
          "personaID": "00826",
          "participantID": "0059",
          "utterance": "네~!좋은아침입니다! 지루해도 어쩔수없이 잘 했지요.",
          "summary": "",
          "date": "2022-08-31",
          "time": "11:11:28",
          "terminate": "false"
        },
        {
          "speaker": "speaker1",
          "personaID": "00803",
          "participantID": "0048",
          "utterance": "그쪽은 운전면허 언제 따셨어요?",
          "summary": "",
          "date": "2022-08-31",
          "time": "11:11:35",
          "terminate": "false"
        },
        {
          "speaker": "speaker2",
          "personaID": "00826",
          "participantID": "0059",
          "utterance": "저는 기억도 안나는데요..언제 땃는지..",
          "summary": "",
          "date": "2022-08-31",
          "time": "11:11:37",
          "terminate": "false"
        },
        {
          "speaker": "speaker1",
          "personaID": "00803",
          "participantID": "0048",
          "utterance": "저는 이제야 딸려고 하거든요..? 놀랍죠..?",
          "summary": "나는 이제야 운전면허를 따려고 한다.",
          "date": "2022-08-31",
          "time": "11:11:42",
          "terminate": "false"
        },
        {
          "speaker": "speaker2",
          "personaID": "00826",
          "participantID": "0059",
          "utterance": "네..? 이제서야 딸려고 하신다고요?",
          "summary": "",
          "date": "2022-08-31",
          "time": "11:11:51",
          "terminate": "false"
        },
        {
          "speaker": "speaker1",
          "personaID": "00803",
          "participantID": "0048",
          "utterance": "원래는 필요가 없었는데 운전이 필요 해서요..",
          "summary": "",
          "date": "2022-08-31",
          "time": "11:12:05",
          "terminate": "false"
        },
        {
          "speaker": "speaker2",
          "personaID": "00826",
          "participantID": "0059",
          "utterance": "아니..이제와서 왜 운전이 필요하신가요...",
          "summary": "",
          "date": "2022-08-31",
          "time": "11:12:06",
          "terminate": "false"
        },
        {
          "speaker": "speaker1",
          "personaID": "00803",
          "participantID": "0048",
          "utterance": "그건 좀더 친해지면 알려드릴께요..",
          "summary": "",
          "date": "2022-08-31",
          "time": "11:12:10",
          "terminate": "false"
        },
        {
          "speaker": "speaker2",
          "personaID": "00826",
          "participantID": "0059",
          "utterance": "아이고..눈도 잘 안보이실텐데..알겠어요.",
          "summary": "",
          "date": "2022-08-31",
          "time": "11:12:12",
          "terminate": "false"
        },
        {
          "speaker": "speaker1",
          "personaID": "00803",
          "participantID": "0048",
          "utterance": "그냥 운전 안하면 너무 손해 보는 일이라..",
          "summary": "",
          "date": "2022-08-31",
          "time": "11:12:20",
          "terminate": "false"
        },
        {
          "speaker": "speaker2",
          "personaID": "00826",
          "participantID": "0059",
          "utterance": "그게 뭔지 참 궁금하네요 정말...",
          "summary": "",
          "date": "2022-08-31",
          "time": "11:12:21",
          "terminate": "false"
        },
        {
          "speaker": "speaker1",
          "personaID": "00803",
          "participantID": "0048",
          "utterance": "뭐 여튼. 오늘 학원 등록 하러 갑니다.",
          "summary": "나는 운전면허학원에 등록하러 간다.",
          "date": "2022-08-31",
          "time": "11:12:26",
          "terminate": "false"
        },
        {
          "speaker": "speaker2",
          "personaID": "00826",
          "participantID": "0059",
          "utterance": "뭐 어쨌든 하는거 잘 하세요! 화이팅.",
          "summary": "",
          "date": "2022-08-31",
          "time": "11:12:32",
          "terminate": "false"
        },
        {
          "speaker": "speaker1",
          "personaID": "00803",
          "participantID": "0048",
          "utterance": "고마워요! 갔다 오는길에 물고기 한마리키우는데 친구 사러 가야겠어요 !",
          "summary": "나는 물고기 한 마리를 키운다.",
          "date": "2022-08-31",
          "time": "11:12:47",
          "terminate": "false"
        },
        {
          "speaker": "speaker2",
          "personaID": "00826",
          "participantID": "0059",
          "utterance": "한 마리면 외롭긴하죠! 몇마리 사시게요?",
          "summary": "",
          "date": "2022-08-31",
          "time": "11:12:50",
          "terminate": "false"
        },
        {
          "speaker": "speaker1",
          "personaID": "00803",
          "participantID": "0048",
          "utterance": "잘모르겠네요.. 여튼 일단 오늘 저녁에 다시 연락 드릴께요 !",
          "summary": "",
          "date": "2022-08-31",
          "time": "11:12:56",
          "terminate": "false"
        },
        {
          "speaker": "speaker2",
          "personaID": "00826",
          "participantID": "0059",
          "utterance": "알겠습니다~그럼 저녁에 또 연락주세요!",
          "summary": "",
          "date": "2022-08-31",
          "time": "11:12:57",
          "terminate": "true"
        }
      ],
      "sessionPersonaSummary": {
        "speaker1": [
          "나는 이제야 운전면허를 따려고 한다.",
          "나는 운전면허학원에 등록하러 간다.",
          "나는 물고기 한 마리를 키운다."
        ],
        "speaker2": []
      },
      "prevAggregatedpersonaSummary": {
        "speaker1": [
          "나는 61세 남자이다.",
          "나는 잔치국수를 싫어한다.",
          "나는 맛집 여행을 좋아한다."
        ],
        "speaker2": [
          "나는 65세 남자이다.",
          "나는 순대국밥을 안 먹는다.",
          "나는 설거지하는 게 지루하다.",
          "나는 책 읽고 있다.",
          "나는 시를 좋아한다."
        ]
      }
    }
  ]
}