{
  "FileInfo": {
    "filename": "K2-00357-CL61342-CP12613-06-09-S2.json",
    "sessionLevel": "2"
  },
  "participantsInfo": {
    "numberOfParticipants": "2",
    "speaker1": {
      "participantID": "9632",
      "gender": "여성",
      "age": "50대",
      "occupation": "주부",
      "bPlace": "대전/세종/충청/강원",
      "gPlace": "서울/경기/인천",
      "rPlace": "대전/세종/충청/강원",
      "educationLevel": "대졸"
    },
    "speaker2": {
      "participantID": "2487",
      "gender": "여성",
      "age": "20대",
      "occupation": "무직",
      "bPlace": "광주/전라/제주",
      "gPlace": "광주/전라/제주",
      "rPlace": "광주/전라/제주",
      "educationLevel": "대졸"
    }
  },
  "multisessionInfo": {
    "multisessionID": "2-00357"
  },
  "personaInfo": {
    "clInfo": {
      "personaID": "61342",
      "personaFeatures": [
        "나는 여자이다.",
        "나는 60대 이상이다.",
        "나는 이웃이 없다",
        "나는 뮤지컬 영화를 가끔 본다",
        "나는 요리를 다른 사람에게 자주 해 준다"
      ],
      "speakerType": "speaker1"
    },
    "cpInfo": {
      "personaID": "12613",
      "personaFeatures": [
        "나는 여자이다.",
        "나는 10대이다.",
        "내가 사는 곳은 청주이다",
        "나는 검사가 되고 싶다",
        "나는 아이스크림을 안 먹는다",
        "나는 모든 게 귀찮다"
      ],
      "speakerType": "speaker2"
    }
  },
  "topicInfo": {
    "topicID": "06-09",
    "topicType": "교육",
    "topicTitle": "전공"
  },
  "sessionInfo": [
    {
      "prevSessionID": null,
      "prevTimeInfo": {
        "timeNum": null,
        "timeUnit": null
      },
      "nthSession": "1",
      "numberOfUtterances": "14",
      "numberOfTurns": "7",
      "sessionID": "2-00357-1",
      "dialog": [
        {
          "speaker": "speaker1",
          "personaID": "61342",
          "participantID": "9632",
          "utterance": "안녕하세요? 저는 60대 여성입니다",
          "summary": "나는 60대 여성이다.",
          "date": "2022-11-18",
          "time": "11:32:53",
          "terminate": "false"
        },
        {
          "speaker": "speaker2",
          "personaID": "12613",
          "participantID": "2487",
          "utterance": "안녕하세요 저는 10대 여성입니다",
          "summary": "나는 10대 여성이다",
          "date": "2022-11-18",
          "time": "11:34:58",
          "terminate": "false"
        },
        {
          "speaker": "speaker1",
          "personaID": "61342",
          "participantID": "9632",
          "utterance": "네~ 저는 이사온지 별로 안되서 이웃이 없어서 뮤지컬영화를 가끔보는데 영화 좋아하세요?",
          "summary": "나는 이사 온 지 얼마 안 됐다. 나는 뮤지컬 영화를 가끔 본다.",
          "date": "2022-11-18",
          "time": "11:38:47",
          "terminate": "false"
        },
        {
          "speaker": "speaker2",
          "personaID": "12613",
          "participantID": "2487",
          "utterance": "예전에는 영화를 자주 봤는데 집중력이 떨어져서인지 보는 것도 귀찮고 모든 게 귀찮네요 영화 보시면서 뭐 드시나요?",
          "summary": "나는 집중력이 떨어져서 영화보기도 귀찮다. 나는 모든 게 귀찮다.",
          "date": "2022-11-18",
          "time": "11:47:32",
          "terminate": "false"
        },
        {
          "speaker": "speaker1",
          "personaID": "61342",
          "participantID": "9632",
          "utterance": "네~ 저는 치맥을 먹으면서 보면 행복해요~~",
          "summary": "나는 치킨과 맥주를 먹으면서 보면 행복하다.",
          "date": "2022-11-18",
          "time": "12:33:36",
          "terminate": "false"
        },
        {
          "speaker": "speaker2",
          "personaID": "12613",
          "participantID": "2487",
          "utterance": "치킨 맛있죠 저도 예전에는 아이스크림 통을 안고 먹으면서 봤는데 날이 추워져서 그런지 아이스크림을 안 먹어요 어디 사시나요?",
          "summary": "나는 아이스크림을 안 먹는다",
          "date": "2022-11-18",
          "time": "12:34:57",
          "terminate": "false"
        },
        {
          "speaker": "speaker1",
          "personaID": "61342",
          "participantID": "9632",
          "utterance": "네~ 저는 서울에 사는데 어디 사시나요?",
          "summary": "나는 서울에 산다.",
          "date": "2022-11-18",
          "time": "12:45:45",
          "terminate": "false"
        },
        {
          "speaker": "speaker2",
          "personaID": "12613",
          "participantID": "2487",
          "utterance": "저는 청주에 살고 있어요 하지만 저도 서울에 있는 학교에 다니면서 검사가 되고 싶어요",
          "summary": "나는 청주에 살고 있다",
          "date": "2022-11-18",
          "time": "13:34:54",
          "terminate": "false"
        },
        {
          "speaker": "speaker1",
          "personaID": "61342",
          "participantID": "9632",
          "utterance": "네~ 검사 멋있어요~~ 어떤 음식을 좋아하나요? 저는 요리흘 다른사람에게 자주해줘요~",
          "summary": "나는 다른 사람에게 요리를 자주 해 준다.",
          "date": "2022-11-18",
          "time": "14:07:20",
          "terminate": "false"
        },
        {
          "speaker": "speaker2",
          "personaID": "12613",
          "participantID": "2487",
          "utterance": "정말요? 저는 요리해 주는 사람이 이상형이에요 먹는 것을 좋아하거든요 다 좋아해요 제일 자신 있는 요리가 무엇인가요?",
          "summary": "나는 요리해주는 사람이 이상형이다",
          "date": "2022-11-18",
          "time": "14:18:45",
          "terminate": "false"
        },
        {
          "speaker": "speaker1",
          "personaID": "61342",
          "participantID": "9632",
          "utterance": "네~ 저는 갈비찜, 잡채, 샌드위치, 감밥, 등등이요~~",
          "summary": "나는 갈비찜, 잡채, 샌드위치, 김밥을 잘 만든다.",
          "date": "2022-11-18",
          "time": "14:38:22",
          "terminate": "false"
        },
        {
          "speaker": "speaker2",
          "personaID": "12613",
          "participantID": "2487",
          "utterance": "와 다 제가 좋아하는 것들이에요 자녀 분들이 맛있는 거 많이 먹을 수 있어서 부러워요",
          "summary": "",
          "date": "2022-11-18",
          "time": "14:48:15",
          "terminate": "false"
        },
        {
          "speaker": "speaker1",
          "personaID": "61342",
          "participantID": "9632",
          "utterance": "저도 첨부터 잘한건 아니에요~~ 마트 타임세일 시간이네요~ 담에 또 뵈요~~",
          "summary": "",
          "date": "2022-11-18",
          "time": "15:12:45",
          "terminate": "false"
        },
        {
          "speaker": "speaker2",
          "personaID": "12613",
          "participantID": "2487",
          "utterance": "네 다음에 또 봬요 안녕히계세요",
          "summary": "",
          "date": "2022-11-18",
          "time": "15:13:51",
          "terminate": "true"
        }
      ],
      "sessionPersonaSummary": {
        "speaker1": [
          "나는 60대 여성이다.",
          "나는 이사 온 지 얼마 안 됐다. 나는 뮤지컬 영화를 가끔 본다.",
          "나는 치킨과 맥주를 먹으면서 보면 행복하다.",
          "나는 서울에 산다.",
          "나는 다른 사람에게 요리를 자주 해 준다.",
          "나는 갈비찜, 잡채, 샌드위치, 김밥을 잘 만든다."
        ],
        "speaker2": [
          "나는 10대 여성이다",
          "나는 집중력이 떨어져서 영화보기도 귀찮다. 나는 모든 게 귀찮다.",
          "나는 아이스크림을 안 먹는다",
          "나는 청주에 살고 있다",
          "나는 요리해주는 사람이 이상형이다"
        ]
      },
      "prevAggregatedpersonaSummary": {
        "speaker1": [],
        "speaker2": []
      }
    },
    {
      "prevSessionID": "2-00357-1",
      "prevTimeInfo": {
        "timeNum": "4",
        "timeUnit": "일"
      },
      "nthSession": "2",
      "numberOfUtterances": "14",
      "numberOfTurns": "7",
      "sessionID": "2-00357-2",
      "dialog": [
        {
          "speaker": "speaker1",
          "personaID": "61342",
          "participantID": "9632",
          "utterance": "안녕하세요? 4일만이네요~ 잘지내셨나요?",
          "summary": "",
          "date": "2022-11-19",
          "time": "00:06:55",
          "terminate": "false"
        },
        {
          "speaker": "speaker2",
          "personaID": "12613",
          "participantID": "2487",
          "utterance": "네 주말이 다가오고 있네요 잘 지내셨나요? 맛있는 거 많이 만드셨나요?",
          "summary": "나는 주말이 다가오고 있어서 좋다",
          "date": "2022-11-19",
          "time": "00:08:08",
          "terminate": "false"
        },
        {
          "speaker": "speaker1",
          "personaID": "61342",
          "participantID": "9632",
          "utterance": "네~ 주말에는 저녁 약속이 있어서 요리는 안했어요~제가 음악을 성악을 전공했는데 오늘 동창 모임이 있어요~",
          "summary": "나는 주말에 약속이 있다. 나는 성악 전공을 했다.",
          "date": "2022-11-19",
          "time": "00:11:29",
          "terminate": "false"
        },
        {
          "speaker": "speaker2",
          "personaID": "12613",
          "participantID": "2487",
          "utterance": "오 정말요? 성악 전공 너무 멋있어요 드레스 입고 홀에서 노래도 하셨나요? 동창 모임에 가셔서 맥주 드셨나요?",
          "summary": "",
          "date": "2022-11-19",
          "time": "00:16:00",
          "terminate": "false"
        },
        {
          "speaker": "speaker1",
          "personaID": "61342",
          "participantID": "9632",
          "utterance": "네~ 예전엔 했는데 지금은 하지 않아요~ 동창들은 거의다 해요~",
          "summary": "나는 성악 전공을 했었지만 지금은 하지 않는다.",
          "date": "2022-11-19",
          "time": "00:22:27",
          "terminate": "false"
        },
        {
          "speaker": "speaker2",
          "personaID": "12613",
          "participantID": "2487",
          "utterance": "진짜요? 왜 안 하세요? 무대에 올라가는 일이 그립지 않으신가요?",
          "summary": "나는 무대가 그리울 것 같다",
          "date": "2022-11-19",
          "time": "00:26:00",
          "terminate": "false"
        },
        {
          "speaker": "speaker1",
          "personaID": "61342",
          "participantID": "9632",
          "utterance": "결혼하고 아이들 키우고 하다보니 그렇게 되었네요.",
          "summary": "나는 결혼하고 아이들을 키우고 일을 하지 않게 되었다.",
          "date": "2022-11-19",
          "time": "07:51:32",
          "terminate": "false"
        },
        {
          "speaker": "speaker2",
          "personaID": "12613",
          "participantID": "2487",
          "utterance": "너무 아쉬울 것 같아요 성악하는 거 멋있잖아요 저는 피아노 연주 듣는 것을 좋아하거든요",
          "summary": "나는 피아노 연주 듣는 것이 좋다",
          "date": "2022-11-19",
          "time": "10:54:21",
          "terminate": "false"
        },
        {
          "speaker": "speaker1",
          "personaID": "61342",
          "participantID": "9632",
          "utterance": "네~ 저는 파아노가 부전공이라서 학교에서 방과후 피아노를 가르치고 았어요~",
          "summary": "나는 피아노가 부전공이다. 나는 학교에서 방과 후 피아노를 가르친다.",
          "date": "2022-11-19",
          "time": "11:58:58",
          "terminate": "false"
        },
        {
          "speaker": "speaker2",
          "personaID": "12613",
          "participantID": "2487",
          "utterance": "정말요? 너무 멋있어요 성악과 피아노를 전공하다니 우아한 것 같아요",
          "summary": "",
          "date": "2022-11-19",
          "time": "15:21:12",
          "terminate": "false"
        },
        {
          "speaker": "speaker1",
          "personaID": "61342",
          "participantID": "9632",
          "utterance": "@이름@님은 어떤거에 관심이 있으세요? ",
          "summary": "",
          "date": "2022-11-20",
          "time": "07:50:09",
          "terminate": "false"
        },
        {
          "speaker": "speaker2",
          "personaID": "12613",
          "participantID": "2487",
          "utterance": "저는 모든게 귀찮지만 검사가 되고 싶어요 그래서 로스쿨에 가려면 열심히 해야 될 것 같아요",
          "summary": "나는 검사가 되고 싶다",
          "date": "2022-11-20",
          "time": "17:04:10",
          "terminate": "false"
        },
        {
          "speaker": "speaker1",
          "personaID": "61342",
          "participantID": "9632",
          "utterance": "와~ 그러시군요~~ 그럼 법학전공을 하시는거네요~",
          "summary": "",
          "date": "2022-11-20",
          "time": "17:22:03",
          "terminate": "false"
        },
        {
          "speaker": "speaker2",
          "personaID": "12613",
          "participantID": "2487",
          "utterance": "네 로스쿨이 생기면서 법학과들이 없어지고 있지만 한다면 법학과 전공을 할 것 같아요 검사가 될 수 있으면 좋겠어요 다음에 뵈어요",
          "summary": "나는 법학과를 전공할 것 같다",
          "date": "2022-11-20",
          "time": "17:27:36",
          "terminate": "true"
        }
      ],
      "sessionPersonaSummary": {
        "speaker1": [
          "나는 주말에 약속이 있다. 나는 성악 전공을 했다.",
          "나는 성악 전공을 했었지만 지금은 하지 않는다.",
          "나는 결혼하고 아이들을 키우고 일을 하지 않게 되었다.",
          "나는 피아노가 부전공이다. 나는 학교에서 방과 후 피아노를 가르친다."
        ],
        "speaker2": [
          "나는 주말이 다가오고 있어서 좋다",
          "나는 무대가 그리울 것 같다",
          "나는 피아노 연주 듣는 것이 좋다",
          "나는 검사가 되고 싶다",
          "나는 법학과를 전공할 것 같다"
        ]
      },
      "prevAggregatedpersonaSummary": {
        "speaker1": [
          "나는 60대 여성이다.",
          "나는 이사 온 지 얼마 안 됐다. 나는 뮤지컬 영화를 가끔 본다.",
          "나는 치킨과 맥주를 먹으면서 보면 행복하다.",
          "나는 서울에 산다.",
          "나는 다른 사람에게 요리를 자주 해 준다.",
          "나는 갈비찜, 잡채, 샌드위치, 김밥을 잘 만든다."
        ],
        "speaker2": [
          "나는 10대 여성이다",
          "나는 집중력이 떨어져서 영화보기도 귀찮다. 나는 모든 게 귀찮다.",
          "나는 아이스크림을 안 먹는다",
          "나는 청주에 살고 있다",
          "나는 요리해주는 사람이 이상형이다"
        ]
      }
    }
  ]
}