{
  "FileInfo": {
    "filename": "K2-00325-CL05057-CP01178-09-07-S2.json",
    "sessionLevel": "2"
  },
  "participantsInfo": {
    "numberOfParticipants": "2",
    "speaker1": {
      "participantID": "0289",
      "gender": "여성",
      "age": "50대",
      "occupation": "서비스직",
      "bPlace": "서울/경기/인천",
      "gPlace": "서울/경기/인천",
      "rPlace": "서울/경기/인천",
      "educationLevel": "대졸"
    },
    "speaker2": {
      "participantID": "0099",
      "gender": "남성",
      "age": "20대",
      "occupation": "학생",
      "bPlace": "서울/경기/인천",
      "gPlace": "서울/경기/인천",
      "rPlace": "서울/경기/인천",
      "educationLevel": "고졸"
    }
  },
  "multisessionInfo": {
    "multisessionID": "2-00325"
  },
  "personaInfo": {
    "clInfo": {
      "personaID": "05057",
      "personaFeatures": [
        "나는 여자이다.",
        "나는 50대이다.",
        "나의 거주지는 전라도이다.",
        "나는 가끔 국내 여행을 한다.",
        "나는 비숑 세 마리를 키운다."
      ],
      "speakerType": "speaker1"
    },
    "cpInfo": {
      "personaID": "01178",
      "personaFeatures": [
        "나는 남자이다.",
        "나는 20대이다.",
        "나의 거주지는 경기도이다.",
        "나는 맛집 여행을 좋아한다.",
        "나는 판사이다."
      ],
      "speakerType": "speaker2"
    }
  },
  "topicInfo": {
    "topicID": "09-07",
    "topicType": "개인 및 관계>반려동물",
    "topicTitle": "동물병원"
  },
  "sessionInfo": [
    {
      "prevSessionID": null,
      "prevTimeInfo": {
        "timeNum": null,
        "timeUnit": null
      },
      "nthSession": "1",
      "numberOfUtterances": "16",
      "numberOfTurns": "8",
      "sessionID": "2-00325-1",
      "dialog": [
        {
          "speaker": "speaker1",
          "personaID": "05057",
          "participantID": "0289",
          "utterance": "50대 시골여자에요~ 어서오세요~",
          "summary": "나는 50대 여자이다.",
          "date": "2022-09-04",
          "time": "09:27:14",
          "terminate": "false"
        },
        {
          "speaker": "speaker2",
          "personaID": "01178",
          "participantID": "0099",
          "utterance": "저는 경기도에 거주하는 20대 남자입니다. 처음 뵙네요~",
          "summary": "나는 경기도에 거주한다. 나는 20대 남자이다.",
          "date": "2022-09-04",
          "time": "09:27:19",
          "terminate": "false"
        },
        {
          "speaker": "speaker1",
          "personaID": "05057",
          "participantID": "0289",
          "utterance": "반가워요~ 저는 전라도에 살고있어요~ 학생이신가요?",
          "summary": "나는 전라도에 산다.",
          "date": "2022-09-04",
          "time": "09:28:22",
          "terminate": "false"
        },
        {
          "speaker": "speaker2",
          "personaID": "01178",
          "participantID": "0099",
          "utterance": "아뇨. 판사입니다~ 운 좋게 일찍 판사 자리를 맡게 됐네요 ㅎㅎ.",
          "summary": "나는 판사이다.",
          "date": "2022-09-04",
          "time": "09:28:51",
          "terminate": "false"
        },
        {
          "speaker": "speaker1",
          "personaID": "05057",
          "participantID": "0289",
          "utterance": "젊은나이에 대단하시네요~ 휴가철인데~ 휴가는 가시나요?",
          "summary": "",
          "date": "2022-09-04",
          "time": "09:29:05",
          "terminate": "false"
        },
        {
          "speaker": "speaker2",
          "personaID": "01178",
          "participantID": "0099",
          "utterance": "네~ 가려고요! 제가 맛집 여행을 좋아해서 맛집 여행 계획 중입니다!",
          "summary": "나는 맛집 여행을 좋아한다. 나는 맛집 여행을 계획 중이다.",
          "date": "2022-09-04",
          "time": "09:29:34",
          "terminate": "false"
        },
        {
          "speaker": "speaker1",
          "personaID": "05057",
          "participantID": "0289",
          "utterance": "그렇군요~ 저도 가끔 국내여행을 가는데~ 어디로 가시나요?",
          "summary": "나는 국내여행을 가끔 떠난다.",
          "date": "2022-09-04",
          "time": "09:29:51",
          "terminate": "false"
        },
        {
          "speaker": "speaker2",
          "personaID": "01178",
          "participantID": "0099",
          "utterance": "전국으로 가려고요! 휴가 기간동안 맛집이란 맛집은 다 가보고 싶어서요 ㅎㅎ.",
          "summary": "",
          "date": "2022-09-04",
          "time": "09:30:16",
          "terminate": "false"
        },
        {
          "speaker": "speaker1",
          "personaID": "05057",
          "participantID": "0289",
          "utterance": "전국여행이라~ 그것도 좋네요~ 저는 이번에 해남으로 가보려고요~ㅎㅎ 해남 가보셨나요?",
          "summary": "나는 해남으로 가려고 한다.",
          "date": "2022-09-04",
          "time": "09:30:42",
          "terminate": "false"
        },
        {
          "speaker": "speaker2",
          "personaID": "01178",
          "participantID": "0099",
          "utterance": "해남도 가봤네요~ 해남에서 국밥을 먹었는데 엄청 맛있더라고요~",
          "summary": "나는 해남에 가봤다. 나는 해남에서 국밥을 먹었다.",
          "date": "2022-09-04",
          "time": "09:31:12",
          "terminate": "false"
        },
        {
          "speaker": "speaker1",
          "personaID": "05057",
          "participantID": "0289",
          "utterance": "전라도 살면서 해남을 안 가봤더라고요~ 국밥이 맛있다니 의외네요~ㅎㅎ.",
          "summary": "",
          "date": "2022-09-04",
          "time": "09:31:23",
          "terminate": "false"
        },
        {
          "speaker": "speaker2",
          "personaID": "01178",
          "participantID": "0099",
          "utterance": "네. 의외로 국밥이 맛있어어요! 국밥 꼭 드셔보세요!",
          "summary": "",
          "date": "2022-09-04",
          "time": "09:31:44",
          "terminate": "false"
        },
        {
          "speaker": "speaker1",
          "personaID": "05057",
          "participantID": "0289",
          "utterance": "그래야겠네요~ 저도 국밥을 좋아해서~ 꼭 먹어 봐야겠어요~ 어떤음식을 가장 좋아하나요?",
          "summary": "",
          "date": "2022-09-04",
          "time": "09:32:13",
          "terminate": "false"
        },
        {
          "speaker": "speaker2",
          "personaID": "01178",
          "participantID": "0099",
          "utterance": "저는 역시 한국인이라서 그런지 한식이 제일 좋네요!",
          "summary": "나는 한식을 좋아한다.",
          "date": "2022-09-04",
          "time": "09:32:24",
          "terminate": "false"
        },
        {
          "speaker": "speaker1",
          "personaID": "05057",
          "participantID": "0289",
          "utterance": "그건 저도 그렇네요~ㅎㅎ 이제 애들 점심 챙겨줘야겠어요~ 다음에 또 이야기 해요!",
          "summary": "",
          "date": "2022-09-04",
          "time": "09:32:49",
          "terminate": "false"
        },
        {
          "speaker": "speaker2",
          "personaID": "01178",
          "participantID": "0099",
          "utterance": "네~ 알겠습니다! 다음에 또 이야기해요~",
          "summary": "",
          "date": "2022-09-04",
          "time": "09:33:00",
          "terminate": "true"
        }
      ],
      "sessionPersonaSummary": {
        "speaker1": [
          "나는 50대 여자이다.",
          "나는 전라도에 산다.",
          "나는 국내여행을 가끔 떠난다.",
          "나는 해남으로 가려고 한다."
        ],
        "speaker2": [
          "나는 경기도에 거주한다. 나는 20대 남자이다.",
          "나는 판사이다.",
          "나는 맛집 여행을 좋아한다. 나는 맛집 여행을 계획 중이다.",
          "나는 해남에 가봤다. 나는 해남에서 국밥을 먹었다.",
          "나는 한식을 좋아한다."
        ]
      },
      "prevAggregatedpersonaSummary": {
        "speaker1": [],
        "speaker2": []
      }
    },
    {
      "prevSessionID": "2-00325-1",
      "prevTimeInfo": {
        "timeNum": "6",
        "timeUnit": "일"
      },
      "nthSession": "2",
      "numberOfUtterances": "16",
      "numberOfTurns": "8",
      "sessionID": "2-00325-2",
      "dialog": [
        {
          "speaker": "speaker1",
          "personaID": "05057",
          "participantID": "0289",
          "utterance": "저번에 이야기하던거 생각나서 연락 드려요~ 여행은 다녀 오셨나요?",
          "summary": "",
          "date": "2022-09-04",
          "time": "09:33:19",
          "terminate": "false"
        },
        {
          "speaker": "speaker2",
          "personaID": "01178",
          "participantID": "0099",
          "utterance": "네~ 다녀왔습니다! 즐거운 시간이었어요! @이름1@님이 솔루션해주신 맛집들도 다녀왔네요 ㅎㅎ.",
          "summary": "",
          "date": "2022-09-04",
          "time": "09:33:46",
          "terminate": "false"
        },
        {
          "speaker": "speaker1",
          "personaID": "05057",
          "participantID": "0289",
          "utterance": "오~ 그래요? 어떻던가요~ TV에서랑 다르던가요?",
          "summary": "",
          "date": "2022-09-04",
          "time": "09:34:03",
          "terminate": "false"
        },
        {
          "speaker": "speaker2",
          "personaID": "01178",
          "participantID": "0099",
          "utterance": "정말 맛있었던 곳도 있는데 생각보다 별로였던 곳도 많았어요..",
          "summary": "",
          "date": "2022-09-04",
          "time": "09:34:21",
          "terminate": "false"
        },
        {
          "speaker": "speaker1",
          "personaID": "05057",
          "participantID": "0289",
          "utterance": "그렇군요~ 저는 푸들 3마리를 키우는데 이번에 애들이 좀 아파서 동물병원에 좀 다녀왔네요.",
          "summary": "나는 푸들 3마리를 키운다.",
          "date": "2022-09-04",
          "time": "09:34:39",
          "terminate": "false"
        },
        {
          "speaker": "speaker2",
          "personaID": "01178",
          "participantID": "0099",
          "utterance": "아, 그러시구나.. 푸들들은 많이 아픈가요?",
          "summary": "",
          "date": "2022-09-04",
          "time": "09:34:54",
          "terminate": "false"
        },
        {
          "speaker": "speaker1",
          "personaID": "05057",
          "participantID": "0289",
          "utterance": "다행히도 큰 이상은 없어서 사료줄때 약이랑 섞어 주는 정도에요.",
          "summary": "",
          "date": "2022-09-04",
          "time": "09:35:16",
          "terminate": "false"
        },
        {
          "speaker": "speaker2",
          "personaID": "01178",
          "participantID": "0099",
          "utterance": "그렇다면 다행이네요~ 동물병원은 비싼가요?",
          "summary": "",
          "date": "2022-09-04",
          "time": "09:35:33",
          "terminate": "false"
        },
        {
          "speaker": "speaker1",
          "personaID": "05057",
          "participantID": "0289",
          "utterance": "절대 싸지는 않죠~ㅠㅠ 반려동물 키우세요?",
          "summary": "",
          "date": "2022-09-04",
          "time": "09:35:44",
          "terminate": "false"
        },
        {
          "speaker": "speaker2",
          "personaID": "01178",
          "participantID": "0099",
          "utterance": "저는 반려동물이 없네요.. 키울 여건이 안 돼서요~",
          "summary": "",
          "date": "2022-09-04",
          "time": "09:35:56",
          "terminate": "false"
        },
        {
          "speaker": "speaker1",
          "personaID": "05057",
          "participantID": "0289",
          "utterance": "그렇군요~ 유지비가 생각보다 많아요~ 그나저나 이녀석들 동물병원 갈때면 사시나무 떨듯 떨어서...ㅎㅎ.",
          "summary": "",
          "date": "2022-09-04",
          "time": "09:36:22",
          "terminate": "false"
        },
        {
          "speaker": "speaker2",
          "personaID": "01178",
          "participantID": "0099",
          "utterance": "역시 동물들도 그런 감각을 느끼나 보네요..",
          "summary": "",
          "date": "2022-09-04",
          "time": "09:36:50",
          "terminate": "false"
        },
        {
          "speaker": "speaker1",
          "personaID": "05057",
          "participantID": "0289",
          "utterance": "다 알고 있어요~ 그리고 몇 년전에 중성화 수술기억이 있어서 그런지 그때 이후로 너무 떨어요...ㅠㅠ.",
          "summary": "",
          "date": "2022-09-04",
          "time": "09:37:16",
          "terminate": "false"
        },
        {
          "speaker": "speaker2",
          "personaID": "01178",
          "participantID": "0099",
          "utterance": "아.. 트라우마 같은 건가 보네요.. 불쌍해라 ㅠㅠ.",
          "summary": "",
          "date": "2022-09-04",
          "time": "09:37:35",
          "terminate": "false"
        },
        {
          "speaker": "speaker1",
          "personaID": "05057",
          "participantID": "0289",
          "utterance": "네 아무래도 트라우가 생긴것 같아요. 애들 밥줄 시간이네요~ 다음에 또 이야기 해요!",
          "summary": "",
          "date": "2022-09-04",
          "time": "09:37:54",
          "terminate": "false"
        },
        {
          "speaker": "speaker2",
          "personaID": "01178",
          "participantID": "0099",
          "utterance": "그래도 주인이 옆에 있으면 행복해하는 애들이니까 잘 보살펴 주세요! 다음에 또 이야기해요~",
          "summary": "",
          "date": "2022-09-04",
          "time": "09:38:20",
          "terminate": "true"
        }
      ],
      "sessionPersonaSummary": {
        "speaker1": [
          "나는 푸들 3마리를 키운다."
        ],
        "speaker2": []
      },
      "prevAggregatedpersonaSummary": {
        "speaker1": [
          "나는 50대 여자이다.",
          "나는 전라도에 산다.",
          "나는 국내여행을 가끔 떠난다.",
          "나는 해남으로 가려고 한다."
        ],
        "speaker2": [
          "나는 경기도에 거주한다. 나는 20대 남자이다.",
          "나는 판사이다.",
          "나는 맛집 여행을 좋아한다. 나는 맛집 여행을 계획 중이다.",
          "나는 해남에 가봤다. 나는 해남에서 국밥을 먹었다.",
          "나는 한식을 좋아한다."
        ]
      }
    }
  ]
}