{
  "FileInfo": {
    "filename": "K2-00185-CL31820-CP22272-08-04-S2.json",
    "sessionLevel": "2"
  },
  "participantsInfo": {
    "numberOfParticipants": "2",
    "speaker1": {
      "participantID": "9944",
      "gender": "여성",
      "age": "40대",
      "occupation": "무직",
      "bPlace": "서울/경기/인천",
      "gPlace": "서울/경기/인천",
      "rPlace": "서울/경기/인천",
      "educationLevel": "대졸"
    },
    "speaker2": {
      "participantID": "9019",
      "gender": "여성",
      "age": "30대",
      "occupation": "서비스직",
      "bPlace": "서울/경기/인천",
      "gPlace": "서울/경기/인천",
      "rPlace": "서울/경기/인천",
      "educationLevel": "대졸"
    }
  },
  "multisessionInfo": {
    "multisessionID": "2-00185"
  },
  "personaInfo": {
    "clInfo": {
      "personaID": "31820",
      "personaFeatures": [
        "나는 여자이다.",
        "나는 30대이다.",
        "나는 사회복지사이다",
        "나는 항상 적극적이다",
        "나는 칼국수를 즐겨 먹는다"
      ],
      "speakerType": "speaker1"
    },
    "cpInfo": {
      "personaID": "22272",
      "personaFeatures": [
        "나는 여자이다.",
        "나는 20대이다.",
        "나는 호랑이를 싫어한다",
        "나는 주말에 공원에 간다",
        "나는 포도를 좋아한다"
      ],
      "speakerType": "speaker2"
    }
  },
  "topicInfo": {
    "topicID": "08-04",
    "topicType": "개인 및 관계>연애/결혼",
    "topicTitle": "남편/아내"
  },
  "sessionInfo": [
    {
      "prevSessionID": null,
      "prevTimeInfo": {
        "timeNum": null,
        "timeUnit": null
      },
      "nthSession": "1",
      "numberOfUtterances": "14",
      "numberOfTurns": "7",
      "sessionID": "2-00185-1",
      "dialog": [
        {
          "speaker": "speaker1",
          "personaID": "31820",
          "participantID": "9944",
          "utterance": "안녕하세요. 저는 30대 여성이에요. 반가워요.",
          "summary": "나는 30대 여성이다.",
          "date": "2022-10-20",
          "time": "13:22:58",
          "terminate": "false"
        },
        {
          "speaker": "speaker2",
          "personaID": "22272",
          "participantID": "9019",
          "utterance": "안녕하세요, 반갑습니다 저는 20대 여성이에요.",
          "summary": "나는 20대 여성이다.",
          "date": "2022-10-20",
          "time": "13:23:34",
          "terminate": "false"
        },
        {
          "speaker": "speaker1",
          "personaID": "31820",
          "participantID": "9944",
          "utterance": "저는 사회복지사로 일하고 있어요. 항상 적극적이라 일이 적성에 잘 맞고, 즐기는 편이에요. 혹시 대학생이신가요?",
          "summary": "나는 사회복지사로 일하고 있다. 나는 항상 적극적이다.",
          "date": "2022-10-20",
          "time": "13:25:30",
          "terminate": "false"
        },
        {
          "speaker": "speaker2",
          "personaID": "22272",
          "participantID": "9019",
          "utterance": "네, 저는 아직 학생이에요. 가끔 공부나 취업 걱정으로 답답해서 저는 주말에 공원에 가요. 산책하다보면 한결 낫더라고요.",
          "summary": "나는 학생이다. 나는 가끔 공부나 취업 걱정으로 답답하다. 나는 주말에 공원에 가서 산책한다.",
          "date": "2022-10-20",
          "time": "13:32:15",
          "terminate": "false"
        },
        {
          "speaker": "speaker1",
          "personaID": "31820",
          "participantID": "9944",
          "utterance": "그렇죠. 학생 때는 시험이랑 취업 걱정이 크죠. 저도 답답할 땐 주변 탄천을 걷거나 자전거를 타요. 그러다보면 가슴이 뻥 뚫리더라구요. 저는 칼국수를 좋아해서 즐겨 먹어요. @이름@님은 좋아하는 음식 있으세요?",
          "summary": "나는 답답할 땐 주변 탄천을 걷거나 자전거를 탄다. 나는 칼국수를 좋아한다.",
          "date": "2022-10-20",
          "time": "13:35:28",
          "terminate": "false"
        },
        {
          "speaker": "speaker2",
          "personaID": "22272",
          "participantID": "9019",
          "utterance": "저는 포도를 좋아해요. 여름철 내내 포도를 매일 먹었어요. 톡톡 터지면서 상큼해서 너무 맛있어요.",
          "summary": "나는 포도를 좋아한다.",
          "date": "2022-10-20",
          "time": "13:39:01",
          "terminate": "false"
        },
        {
          "speaker": "speaker1",
          "personaID": "31820",
          "participantID": "9944",
          "utterance": "여름이 다 지나면 포도가 들어가잖아요. 좀 아쉽겠어요. 저는 포도 씨 뱉기가 귀찮아 잘 안 먹게 돼요. 잘못 사면 엄청 시기도 하구요. 과일 중에서는 달달한 수박을 좋아해요. 저도 여름이 지나가니 아쉽네요. 저는 가끔 등산을 가요. 등산도 해보신 적 있나요?",
          "summary": "나는 포도 씨 뱉기가 귀찮아 잘 안 먹게 된다. 나는 수박을 좋아한다. 나는 가끔 등산을 간다.",
          "date": "2022-10-20",
          "time": "13:41:02",
          "terminate": "false"
        },
        {
          "speaker": "speaker2",
          "personaID": "22272",
          "participantID": "9019",
          "utterance": "등산은 가끔 해요. 산에서 한번 미끄러진 적이 있어서 내려오는 게 무섭더라고요. 저는 동물들을 좋아해서 동물원에 자주 가요. 그런데 호랑이는 무서워서 안 보고 지나쳐요. 저는 호랑이를 싫어해요.",
          "summary": "나는 가끔 등산을 한다. 나는 산에서 한 번 미끄러진 적이 있어서 내려오는 게 무섭다. 나는 동물들을 좋아해서 동물원에 자주 간다. 나는 호랑이를 싫어한다.",
          "date": "2022-10-20",
          "time": "13:42:57",
          "terminate": "false"
        },
        {
          "speaker": "speaker1",
          "personaID": "31820",
          "participantID": "9944",
          "utterance": "미끄러진 적 있으면 저도 무서울 것 같긴 해요. 저도 동물원에서 호랑이 발자국에 긁힌 유리창을 보는 순간 몸이 굳어있었죠. 맹수는 언제나 무섭죠. 강아지, 고양이도 좋아하시나요?",
          "summary": "",
          "date": "2022-10-20",
          "time": "13:49:43",
          "terminate": "false"
        },
        {
          "speaker": "speaker2",
          "personaID": "22272",
          "participantID": "9019",
          "utterance": "네, 저는 강아지를 좋아해서 강아지를 키우고 있어요. 강아지, 고양이도 좋아하세요?",
          "summary": "나는 강아지를 키운다.\n",
          "date": "2022-10-20",
          "time": "13:51:42",
          "terminate": "false"
        },
        {
          "speaker": "speaker1",
          "personaID": "31820",
          "participantID": "9944",
          "utterance": "강아지, 고양이 모두 좋아하는데 일하느라 집을 자주 비워서 키우지는 못하고 예뻐만 하고 있어요. 나중에 은퇴하면 키우고 싶어요. 학생이시면 주말엔 주로 뭐하시나요? 저는 주말에 영화를 봐요.",
          "summary": "나는 강아지, 고양이 모두 좋아해서 은퇴하고 키우고 싶다. 나는 주말에 영화를 본다.",
          "date": "2022-10-20",
          "time": "13:56:22",
          "terminate": "false"
        },
        {
          "speaker": "speaker2",
          "personaID": "22272",
          "participantID": "9019",
          "utterance": "영화도 좋죠. 저는 주말에 공원에 가요. 산책도 하고 책을 읽기도 하고 공원은 항상 좋더라고요.",
          "summary": "나는 영화를 좋아한다. 나는 주말에 공원에 가서 산책하거나 책을 본다.",
          "date": "2022-10-20",
          "time": "13:57:36",
          "terminate": "false"
        },
        {
          "speaker": "speaker1",
          "personaID": "31820",
          "participantID": "9944",
          "utterance": "산책은 언제나 힐링이죠.  전 공원에서 자전거 타는 것도 좋아해요. 하하",
          "summary": "나는 공원에서 자전거 타는 것도 좋아한다.",
          "date": "2022-10-20",
          "time": "13:59:29",
          "terminate": "false"
        },
        {
          "speaker": "speaker2",
          "personaID": "22272",
          "participantID": "9019",
          "utterance": "자전거도 재밌을 거 같아요. 저 약속이 있어서 오늘은 이만 나가보겠습니다. 또 뵙겠습니다.",
          "summary": "",
          "date": "2022-10-20",
          "time": "14:00:35",
          "terminate": "true"
        }
      ],
      "sessionPersonaSummary": {
        "speaker1": [
          "나는 30대 여성이다.",
          "나는 사회복지사로 일하고 있다. 나는 항상 적극적이다.",
          "나는 답답할 땐 주변 탄천을 걷거나 자전거를 탄다.",
          "나는 칼국수를 좋아한다.",
          "나는 포도 씨 뱉기가 귀찮아 잘 안 먹게 된다.",
          "나는 수박을 좋아한다.",
          "나는 가끔 등산을 간다.",
          "나는 강아지, 고양이 모두 좋아해서 은퇴하고 키우고 싶다.",
          "나는 주말에 영화를 본다.",
          "나는 공원에서 자전거 타는 것도 좋아한다."
        ],
        "speaker2": [
          "나는 20대 여성이다.",
          "나는 학생이다. 나는 가끔 공부나 취업 걱정으로 답답하다. 나는 주말에 공원에 가서 산책한다.",
          "나는 포도를 좋아한다.",
          "나는 가끔 등산을 한다. 나는 산에서 한 번 미끄러진 적이 있어서 내려오는 게 무섭다. 나는 동물들을 좋아해서 동물원에 자주 간다.",
          "나는 호랑이를 싫어한다.",
          "나는 강아지를 키운다.\n",
          "나는 영화를 좋아한다. 나는 주말에 공원에 가서 산책하거나 책을 본다."
        ]
      },
      "prevAggregatedpersonaSummary": {
        "speaker1": [],
        "speaker2": []
      }
    },
    {
      "prevSessionID": "2-00185-1",
      "prevTimeInfo": {
        "timeNum": "22",
        "timeUnit": "시간"
      },
      "nthSession": "2",
      "numberOfUtterances": "14",
      "numberOfTurns": "7",
      "sessionID": "2-00185-2",
      "dialog": [
        {
          "speaker": "speaker1",
          "personaID": "31820",
          "participantID": "9944",
          "utterance": "안녕하세요. 22시간만이네요. 자주 보게 되어 반갑습니다. 저는 오늘 점심 칼국수를 먹었어요. @이름@님은 그동안 뭐하면서 보냈나요?",
          "summary": "나는 오늘 점심으로 칼국수를 먹었다.",
          "date": "2022-10-20",
          "time": "14:10:55",
          "terminate": "false"
        },
        {
          "speaker": "speaker2",
          "personaID": "22272",
          "participantID": "9019",
          "utterance": "저는 쉬면서 소설책 보고 있었어요. 연애소설 보는데, 저는 남자친구가 없거든요. 혹시 결혼 하셨어요?",
          "summary": "나는 쉬면서 소설책 보고 있었다. 나는 연애 소설을 본다. 나는 남자 친구가 없다.",
          "date": "2022-10-20",
          "time": "14:12:19",
          "terminate": "false"
        },
        {
          "speaker": "speaker1",
          "personaID": "31820",
          "participantID": "9944",
          "utterance": "저는 결혼을 아직 하지 않았지만 만나는 사람이 있어요. 나이가 나이인지라 결혼을 고민하고 있어요.  @이름@님께 결혼은 아직 관심사 밖이시죠? 학생이니까요.",
          "summary": "나는 결혼을 하지 않았지만 만나는 사람이 있다. 나는 결혼을 고민하고 있다.",
          "date": "2022-10-20",
          "time": "14:15:06",
          "terminate": "false"
        },
        {
          "speaker": "speaker2",
          "personaID": "22272",
          "participantID": "9019",
          "utterance": "네, 결혼은 사실 하고 싶지 않고 연애만 하고 싶어요. 제 주변 친구들도 결혼은 다들 생각 없고 연애만 하고 싶다고도 많이하네요.",
          "summary": "나는 결혼은 하고 싶지 않고 연애만 하고 싶다.",
          "date": "2022-10-20",
          "time": "14:17:41",
          "terminate": "false"
        },
        {
          "speaker": "speaker1",
          "personaID": "31820",
          "participantID": "9944",
          "utterance": "저는 반대로 안정적인 삶을 위해 결혼은 꼭 하고 싶어요. 30대가 되니 마음도 조급해져요. 주변 친구들이 하나 둘씩 결혼하기 시작하니까 더 그런 것 같아요. 또 사회복지 일 하면서 보면 나이들어서 배우자가 최고더라구요. 힘들면 의지도 하구요. 원하시는 남편의 모습 있으세요?",
          "summary": "나는 결혼을 꼭 하고 싶다. 나는 30대가 되니 마음도 조급해진다. 나는 사회복지 일 하면서 보면 나이 들어서 배우자가 최고인 것 같다.",
          "date": "2022-10-20",
          "time": "14:19:41",
          "terminate": "false"
        },
        {
          "speaker": "speaker2",
          "personaID": "22272",
          "participantID": "9019",
          "utterance": "네, 진짜 힘들면 의지 한다고 하니 결혼을 하는 것도 좋겠네요. 아직 구체적으로 생각해 본 적은 없어요. 저는 착한 사람을 좋아해요. @이름@님께서는 미래의 남편은 어떤 분을 원하세요?",
          "summary": "나는 결혼을 구체적으로 생각해 본 적이 없다. 나는 착한 사람이 좋다.",
          "date": "2022-10-20",
          "time": "14:23:23",
          "terminate": "false"
        },
        {
          "speaker": "speaker1",
          "personaID": "31820",
          "participantID": "9944",
          "utterance": "가장 중요한 게 성실함인 것 같아요. 회사에 늦지 않고, 매일 빠지지 않는 거, 요령피우지 않는 거요. 결혼했는데 그러면 정말 괴로울 것 같아요.",
          "summary": "나는 배우자를 볼 때 가장 중요한 것은 성실함인 것 같다.",
          "date": "2022-10-20",
          "time": "14:26:53",
          "terminate": "false"
        },
        {
          "speaker": "speaker2",
          "personaID": "22272",
          "participantID": "9019",
          "utterance": "아, 그렇죠. 성실함이라니 한 마디로 이해가 되네요. 지금 만나시는 분도 성실함을 우선으로 보셨겠어요.",
          "summary": "",
          "date": "2022-10-20",
          "time": "14:28:28",
          "terminate": "false"
        },
        {
          "speaker": "speaker1",
          "personaID": "31820",
          "participantID": "9944",
          "utterance": "네. 우선은 기본적으로 사람이 착해야 성실한 것 같더라구요. 시간 약속도 잘 지켜요. 약속 시간에 늦는 걸 극도로 싫어하죠.  또 다음으로는 거짓말 하지 않는 거요. 거짓말하면 신뢰가 떨어질 것 같아서요.",
          "summary": "나는 성실하고 시간 약속도 잘 지키고 약속 시간에 늦는 걸 극도로 싫어한다. 나는 거짓말하지 않는 것도 중요하게 생각한다.",
          "date": "2022-10-20",
          "time": "14:29:30",
          "terminate": "false"
        },
        {
          "speaker": "speaker2",
          "personaID": "22272",
          "participantID": "9019",
          "utterance": "결혼이나 연애를 할 때 중요한 부분을 집어서 이야기를 해주시니까 이해가 정말 잘 되네요. 사소한 거짓말이라도 신뢰를 잃기 때문에 사람 관계에서는 최악인 거 같아요.",
          "summary": "나는 사소한 거짓말이라도 신뢰를 잃기 때문에 사람 관계에서는 최악이라 생각한다.",
          "date": "2022-10-20",
          "time": "14:31:45",
          "terminate": "false"
        },
        {
          "speaker": "speaker1",
          "personaID": "31820",
          "participantID": "9944",
          "utterance": "저는 20대 때는 키 큰 사람, 잘 생긴 사람이 좋았는데, 결혼할 때가 되니까 푸근하고 귀여운 사람으로 이상형이 좀 바뀌더라구요. @이름@님 이상형은 어떻게 되시나요?",
          "summary": "나는 결혼할 때가 되니 푸근하고 귀여운 사람으로 이상형이 바뀌었다.",
          "date": "2022-10-20",
          "time": "14:32:40",
          "terminate": "false"
        },
        {
          "speaker": "speaker2",
          "personaID": "22272",
          "participantID": "9019",
          "utterance": "저도 외형적으로 푸근하고 귀여운 사람 좋아해요. 같이 있으면 자주 웃게 되고 귀여울 거 같아요. 아직 남자친구가 없어서 뭐라고 이야기 하기가 어렵네요. ",
          "summary": "나는 외형적으로 푸근하고 귀여운 사람 좋아한다.",
          "date": "2022-10-20",
          "time": "14:34:54",
          "terminate": "false"
        },
        {
          "speaker": "speaker1",
          "personaID": "31820",
          "participantID": "9944",
          "utterance": "가장 조심해야 할 건 폭력성이 없는 사람을 만나야 할 것 같아요. 가끔 뉴스 보면 가정 폭력, 데이트 폭력 등 사건 사고가 많잖아요. 얘기가 심오하게 흘러갔네요. 반대로 저도 남편감이 바라는 아내가 되도록 노력해야겠죠? 하하",
          "summary": "나도 남편감이 바라는 아내가 되도록 노력해야겠다.",
          "date": "2022-10-20",
          "time": "14:38:26",
          "terminate": "false"
        },
        {
          "speaker": "speaker2",
          "personaID": "22272",
          "participantID": "9019",
          "utterance": "네, 지금 만나시는 분이 있으시니까 서로 이상형에 가까우셔서 관계도 이어가시는 거 아닐까 싶어요. 저도 @이름@님 말씀 잘 듣고 좋은 인연을 만나려고 노력해봐야겠어요. 폭력성 없는 사람으로요. 하하",
          "summary": "나는 좋은 인연을 만나기 위해 노력할 것이다.",
          "date": "2022-10-20",
          "time": "14:40:13",
          "terminate": "true"
        }
      ],
      "sessionPersonaSummary": {
        "speaker1": [
          "나는 오늘 점심으로 칼국수를 먹었다.",
          "나는 결혼을 하지 않았지만 만나는 사람이 있다. 나는 결혼을 고민하고 있다.",
          "나는 결혼을 꼭 하고 싶다. 나는 30대가 되니 마음도 조급해진다.",
          "나는 사회복지 일 하면서 보면 나이 들어서 배우자가 최고인 것 같다.",
          "나는 배우자를 볼 때 가장 중요한 것은 성실함인 것 같다.",
          "나는 성실하고 시간 약속도 잘 지키고 약속 시간에 늦는 걸 극도로 싫어한다.",
          "나는 거짓말하지 않는 것도 중요하게 생각한다.",
          "나는 결혼할 때가 되니 푸근하고 귀여운 사람으로 이상형이 바뀌었다.",
          "나도 남편감이 바라는 아내가 되도록 노력해야겠다."
        ],
        "speaker2": [
          "나는 쉬면서 소설책 보고 있었다. 나는 연애 소설을 본다. 나는 남자 친구가 없다.",
          "나는 결혼은 하고 싶지 않고 연애만 하고 싶다.",
          "나는 결혼을 구체적으로 생각해 본 적이 없다. 나는 착한 사람이 좋다.",
          "나는 사소한 거짓말이라도 신뢰를 잃기 때문에 사람 관계에서는 최악이라 생각한다.",
          "나는 외형적으로 푸근하고 귀여운 사람 좋아한다.",
          "나는 좋은 인연을 만나기 위해 노력할 것이다."
        ]
      },
      "prevAggregatedpersonaSummary": {
        "speaker1": [
          "나는 30대 여성이다.",
          "나는 사회복지사로 일하고 있다. 나는 항상 적극적이다.",
          "나는 답답할 땐 주변 탄천을 걷거나 자전거를 탄다.",
          "나는 칼국수를 좋아한다.",
          "나는 포도 씨 뱉기가 귀찮아 잘 안 먹게 된다.",
          "나는 수박을 좋아한다.",
          "나는 가끔 등산을 간다.",
          "나는 강아지, 고양이 모두 좋아해서 은퇴하고 키우고 싶다.",
          "나는 주말에 영화를 본다.",
          "나는 공원에서 자전거 타는 것도 좋아한다."
        ],
        "speaker2": [
          "나는 20대 여성이다.",
          "나는 학생이다. 나는 가끔 공부나 취업 걱정으로 답답하다. 나는 주말에 공원에 가서 산책한다.",
          "나는 포도를 좋아한다.",
          "나는 가끔 등산을 한다. 나는 산에서 한 번 미끄러진 적이 있어서 내려오는 게 무섭다. 나는 동물들을 좋아해서 동물원에 자주 간다.",
          "나는 호랑이를 싫어한다.",
          "나는 강아지를 키운다.\n",
          "나는 영화를 좋아한다. 나는 주말에 공원에 가서 산책하거나 책을 본다."
        ]
      }
    }
  ]
}