{
  "FileInfo": {
    "filename": "K2-00519-CL30605-CP30991-03-01-S2.json",
    "sessionLevel": "2"
  },
  "participantsInfo": {
    "numberOfParticipants": "2",
    "speaker1": {
      "participantID": "0093",
      "gender": "남성",
      "age": "30대",
      "occupation": "사무직",
      "bPlace": "대전/세종/충청/강원",
      "gPlace": "대전/세종/충청/강원",
      "rPlace": "대전/세종/충청/강원",
      "educationLevel": "대졸"
    },
    "speaker2": {
      "participantID": "0291",
      "gender": "남성",
      "age": "30대",
      "occupation": "무직",
      "bPlace": "서울/경기/인천",
      "gPlace": "서울/경기/인천",
      "rPlace": "서울/경기/인천",
      "educationLevel": "대졸"
    }
  },
  "multisessionInfo": {
    "multisessionID": "2-00519"
  },
  "personaInfo": {
    "clInfo": {
      "personaID": "30605",
      "personaFeatures": [
        "나는 남자이다.",
        "나는 30대이다.",
        "나는 간호학과를 전공했다.",
        "나는 자주 괴롭다.",
        "나는 시를 싫어한다."
      ],
      "speakerType": "speaker1"
    },
    "cpInfo": {
      "personaID": "30991",
      "personaFeatures": [
        "나는 남자이다.",
        "나는 30대이다.",
        "나는 화물차 운전원이다.",
        "나는 매일 화가 난다.",
        "나는 바이올린 연주를 가끔 한다."
      ],
      "speakerType": "speaker2"
    }
  },
  "topicInfo": {
    "topicID": "03-01",
    "topicType": "교통",
    "topicTitle": "자동차"
  },
  "sessionInfo": [
    {
      "prevSessionID": null,
      "prevTimeInfo": {
        "timeNum": null,
        "timeUnit": null
      },
      "nthSession": "1",
      "numberOfUtterances": "14",
      "numberOfTurns": "7",
      "sessionID": "2-00519-1",
      "dialog": [
        {
          "speaker": "speaker1",
          "personaID": "30605",
          "participantID": "0093",
          "utterance": "만나서 정말로 반가운 기분이 드는 것 같습니다! 저는 30대 남자에요!",
          "summary": "나는 30대 남자이다.",
          "date": "2022-09-23",
          "time": "16:42:42",
          "terminate": "false"
        },
        {
          "speaker": "speaker2",
          "personaID": "30991",
          "participantID": "0291",
          "utterance": "안녕하세요! 저는 30대 남자입니다, 만나서 반갑습니다 ~^O^~",
          "summary": "나는 30대 남자이다.",
          "date": "2022-09-23",
          "time": "16:42:43",
          "terminate": "false"
        },
        {
          "speaker": "speaker1",
          "personaID": "30605",
          "participantID": "0093",
          "utterance": "저는 요즘 들어서 자주 몸이 괴롭다는 생각이 들고 있습니다!ㅜㅜ.",
          "summary": "나는 자주 괴롭다.",
          "date": "2022-09-23",
          "time": "16:42:56",
          "terminate": "false"
        },
        {
          "speaker": "speaker2",
          "personaID": "30991",
          "participantID": "0291",
          "utterance": "그러시군요, 어떤 일 때문에 몸이 괴로운 느낌을 받으시나요?",
          "summary": "",
          "date": "2022-09-23",
          "time": "16:43:03",
          "terminate": "false"
        },
        {
          "speaker": "speaker1",
          "personaID": "30605",
          "participantID": "0093",
          "utterance": "제가 하는 일이 육체적으로 너무 힘든 것 같아서 그렇습니다 ㅜㅜ.",
          "summary": "",
          "date": "2022-09-23",
          "time": "16:43:16",
          "terminate": "false"
        },
        {
          "speaker": "speaker2",
          "personaID": "30991",
          "participantID": "0291",
          "utterance": "많이 슬프시겠어요, 어떤 직업을 가지고 계시는데요?",
          "summary": "",
          "date": "2022-09-23",
          "time": "16:43:16",
          "terminate": "false"
        },
        {
          "speaker": "speaker1",
          "personaID": "30605",
          "participantID": "0093",
          "utterance": "저는 간호사에요! 간호학과를 전공했었거든요 ㅎㅎ 돈은 뭐 적당히 버네요!",
          "summary": "나는 간호학과를 전공했다.",
          "date": "2022-09-23",
          "time": "16:43:29",
          "terminate": "false"
        },
        {
          "speaker": "speaker2",
          "personaID": "30991",
          "participantID": "0291",
          "utterance": "간호학과를 졸업하시고, 간호사가 되어 환자를 돌보면 여러모로 힘드셨을 것 같아요..!!",
          "summary": "",
          "date": "2022-09-23",
          "time": "16:43:48",
          "terminate": "false"
        },
        {
          "speaker": "speaker1",
          "personaID": "30605",
          "participantID": "0093",
          "utterance": "ㅋㅋ 맞습니다! 그래서 스트레스를 많이 받아 짜증이 많이 나네요.",
          "summary": "",
          "date": "2022-09-23",
          "time": "16:44:05",
          "terminate": "false"
        },
        {
          "speaker": "speaker2",
          "personaID": "30991",
          "participantID": "0291",
          "utterance": "그럴 땐 좋아하는 일들을 해보시면서 풀어보시면 어떨까요?",
          "summary": "",
          "date": "2022-09-23",
          "time": "16:44:07",
          "terminate": "false"
        },
        {
          "speaker": "speaker1",
          "personaID": "30605",
          "participantID": "0093",
          "utterance": "오.. 제가 책읽기를 참 좋아하고 있는데 그거 해 보면 딱이겠네요!",
          "summary": "",
          "date": "2022-09-23",
          "time": "16:44:14",
          "terminate": "false"
        },
        {
          "speaker": "speaker2",
          "personaID": "30991",
          "participantID": "0291",
          "utterance": "저도 독서를 정말 좋아하는데요, 어떤 종류의 독서를 많이 하시나요?",
          "summary": "",
          "date": "2022-09-23",
          "time": "16:44:26",
          "terminate": "false"
        },
        {
          "speaker": "speaker1",
          "personaID": "30605",
          "participantID": "0093",
          "utterance": "저는 시를 싫어합니다! 그래서 시 빼고 아무거나 다 잘 읽어요 ㅋㅋ.",
          "summary": "",
          "date": "2022-09-23",
          "time": "16:44:40",
          "terminate": "false"
        },
        {
          "speaker": "speaker2",
          "personaID": "30991",
          "participantID": "0291",
          "utterance": "그러시군요, 알겠습니다 ㅎㅎ 나중에 또 연락드릴게요~",
          "summary": "",
          "date": "2022-09-23",
          "time": "16:44:36",
          "terminate": "true"
        }
      ],
      "sessionPersonaSummary": {
        "speaker1": [
          "나는 30대 남자이다.",
          "나는 자주 괴롭다.",
          "나는 간호학과를 전공했다."
        ],
        "speaker2": [
          "나는 30대 남자이다."
        ]
      },
      "prevAggregatedpersonaSummary": {
        "speaker1": [],
        "speaker2": []
      }
    },
    {
      "prevSessionID": "2-00519-1",
      "prevTimeInfo": {
        "timeNum": "8",
        "timeUnit": "시간"
      },
      "nthSession": "2",
      "numberOfUtterances": "14",
      "numberOfTurns": "7",
      "sessionID": "2-00519-2",
      "dialog": [
        {
          "speaker": "speaker1",
          "personaID": "30605",
          "participantID": "0093",
          "utterance": "ㅎㅎ 이제 점심 시간이 되었네요! 그쪽은 뭐 밥 드셨나요??",
          "summary": "",
          "date": "2022-09-23",
          "time": "16:44:54",
          "terminate": "false"
        },
        {
          "speaker": "speaker2",
          "personaID": "30991",
          "participantID": "0291",
          "utterance": "네 안녕하세요, 저는 아직 식사를 못 했어요..!!",
          "summary": "",
          "date": "2022-09-23",
          "time": "16:45:01",
          "terminate": "false"
        },
        {
          "speaker": "speaker1",
          "personaID": "30605",
          "participantID": "0093",
          "utterance": "아하.. ㅜㅜ 그러시다면 참 배가 고프실 것 같네요! 왜 못 하셨나요?",
          "summary": "",
          "date": "2022-09-23",
          "time": "16:45:14",
          "terminate": "false"
        },
        {
          "speaker": "speaker2",
          "personaID": "30991",
          "participantID": "0291",
          "utterance": "제가 하는 직업이 너무 고되다 보니까 식사할 시간도 없네요.",
          "summary": "",
          "date": "2022-09-23",
          "time": "16:45:18",
          "terminate": "false"
        },
        {
          "speaker": "speaker1",
          "personaID": "30605",
          "participantID": "0093",
          "utterance": "ㅜㅜ 정말이신가요?? 그럼 참 안타깝네요! 무슨 일 하시는데요??",
          "summary": "",
          "date": "2022-09-23",
          "time": "16:45:38",
          "terminate": "false"
        },
        {
          "speaker": "speaker2",
          "personaID": "30991",
          "participantID": "0291",
          "utterance": "저는 화물차 운전원이에요, 매일 자동차를 운전하고 있어요.",
          "summary": "나는 화물차 운전원이다.",
          "date": "2022-09-23",
          "time": "16:45:40",
          "terminate": "false"
        },
        {
          "speaker": "speaker1",
          "personaID": "30605",
          "participantID": "0093",
          "utterance": "정말이세요?? 오.. 자동차를 운전하시면 허리도 아프시겠네요!",
          "summary": "",
          "date": "2022-09-23",
          "time": "16:45:54",
          "terminate": "false"
        },
        {
          "speaker": "speaker2",
          "personaID": "30991",
          "participantID": "0291",
          "utterance": "네 근데 최근에 정말 매일 화가 나게 만드는 일이 있었어요.",
          "summary": "나는 매일 화가 난다.",
          "date": "2022-09-23",
          "time": "16:45:55",
          "terminate": "false"
        },
        {
          "speaker": "speaker1",
          "personaID": "30605",
          "participantID": "0093",
          "utterance": "오.. 저한테 얼마든지 말씀 해 주시면 제가 들어드릴게요~",
          "summary": "",
          "date": "2022-09-23",
          "time": "16:46:10",
          "terminate": "false"
        },
        {
          "speaker": "speaker2",
          "personaID": "30991",
          "participantID": "0291",
          "utterance": "임금 체불 문제가 심각했거든요, 스트레스를 정말 많이 받네요.",
          "summary": "",
          "date": "2022-09-23",
          "time": "16:46:09",
          "terminate": "false"
        },
        {
          "speaker": "speaker1",
          "personaID": "30605",
          "participantID": "0093",
          "utterance": "아하.. ㅜㅜ 그러면 화를 낼만 하군요! 그 화를 좀 푸셔야 할 텐데..",
          "summary": "",
          "date": "2022-09-23",
          "time": "16:46:25",
          "terminate": "false"
        },
        {
          "speaker": "speaker2",
          "personaID": "30991",
          "participantID": "0291",
          "utterance": "네 그래서 제가 좋아하는 악기 연주를 해보려고요.",
          "summary": "",
          "date": "2022-09-23",
          "time": "16:46:26",
          "terminate": "false"
        },
        {
          "speaker": "speaker1",
          "personaID": "30605",
          "participantID": "0093",
          "utterance": "ㅋㅋ 좋군요! 그쪽은 어떤 악기를 연주하는 것이 좋나요??",
          "summary": "",
          "date": "2022-09-23",
          "time": "16:46:39",
          "terminate": "false"
        },
        {
          "speaker": "speaker2",
          "personaID": "30991",
          "participantID": "0291",
          "utterance": "제가 어렸을 적에 바이올린을 배워서, 가끔 바이올린 연주를 해요. 오늘 즐거웠어요!",
          "summary": "나는 바이올린 연주를 가끔 한다.",
          "date": "2022-09-23",
          "time": "16:46:42",
          "terminate": "true"
        }
      ],
      "sessionPersonaSummary": {
        "speaker1": [],
        "speaker2": [
          "나는 화물차 운전원이다.",
          "나는 매일 화가 난다.",
          "나는 바이올린 연주를 가끔 한다."
        ]
      },
      "prevAggregatedpersonaSummary": {
        "speaker1": [
          "나는 30대 남자이다.",
          "나는 자주 괴롭다.",
          "나는 간호학과를 전공했다."
        ],
        "speaker2": [
          "나는 30대 남자이다."
        ]
      }
    }
  ]
}