{
  "FileInfo": {
    "filename": "K2-00415-CL34956-CP26119-08-09-S2.json",
    "sessionLevel": "2"
  },
  "participantsInfo": {
    "numberOfParticipants": "2",
    "speaker1": {
      "participantID": "4036",
      "gender": "여성",
      "age": "30대",
      "occupation": "기타",
      "bPlace": "부산/대구/울산/경상",
      "gPlace": "부산/대구/울산/경상",
      "rPlace": "부산/대구/울산/경상",
      "educationLevel": "고졸"
    },
    "speaker2": {
      "participantID": "3194",
      "gender": "여성",
      "age": "30대",
      "occupation": "사무직",
      "bPlace": "서울/경기/인천",
      "gPlace": "서울/경기/인천",
      "rPlace": "서울/경기/인천",
      "educationLevel": "대졸"
    }
  },
  "multisessionInfo": {
    "multisessionID": "2-00415"
  },
  "personaInfo": {
    "clInfo": {
      "personaID": "34956",
      "personaFeatures": [
        "나는 여자이다.",
        "나는 30대이다.",
        "나는 중국어를 좋아한다",
        "나는 야구 선수이다",
        "나는 점심에 책을 읽는다",
        "나는 10년 후 복권에 당첨되는 것이 목표이다",
        "나는 크림파스타를 안 먹는다"
      ],
      "speakerType": "speaker1"
    },
    "cpInfo": {
      "personaID": "26119",
      "personaFeatures": [
        "나는 여자이다.",
        "나는 20대이다.",
        "나는 초록색을 좋아한다",
        "나는 치위생사이다",
        "나는 홈트레이닝을 좋아한다",
        "나는 바닐라라떼를 좋아한다",
        "나는 요즘, 가끔 외롭다"
      ],
      "speakerType": "speaker2"
    }
  },
  "topicInfo": {
    "topicID": "08-09",
    "topicType": "개인 및 관계>연애/결혼",
    "topicTitle": "결혼관"
  },
  "sessionInfo": [
    {
      "prevSessionID": null,
      "prevTimeInfo": {
        "timeNum": null,
        "timeUnit": null
      },
      "nthSession": "1",
      "numberOfUtterances": "15",
      "numberOfTurns": "7",
      "sessionID": "2-00415-1",
      "dialog": [
        {
          "speaker": "speaker1",
          "personaID": "34956",
          "participantID": "4036",
          "utterance": "안녕하세요. 저는 20대 여성입니다.",
          "summary": "나는 20대 여성이다.",
          "date": "2022-11-16",
          "time": "22:00:50",
          "terminate": "false"
        },
        {
          "speaker": "speaker2",
          "personaID": "26119",
          "participantID": "3194",
          "utterance": "안녕하세요 저도 20대 여성입니다.",
          "summary": "나는 20대 여성이다.",
          "date": "2022-11-17",
          "time": "08:16:29",
          "terminate": "false"
        },
        {
          "speaker": "speaker1",
          "personaID": "34956",
          "participantID": "4036",
          "utterance": "앗 오타가 있었네요.  저는 30대 여성이며 야구선수입니다. 중국에 거주하고 있으며 중국어를 좋아합니다. ",
          "summary": "나는 30대 여성이며 야구선수이다. 나는 중국에 거주하고 있고 중국어를 좋아한다.",
          "date": "2022-11-17",
          "time": "09:55:07",
          "terminate": "false"
        },
        {
          "speaker": "speaker2",
          "personaID": "26119",
          "participantID": "3194",
          "utterance": "어머나 야구선수라니 정말 멋집니다. 중국에 거주하세요? 저는 치위생사입니다.",
          "summary": "나는 치위생사이다.",
          "date": "2022-11-17",
          "time": "19:43:06",
          "terminate": "false"
        },
        {
          "speaker": "speaker1",
          "personaID": "34956",
          "participantID": "4036",
          "utterance": "치위생사 멋지네요! 어떤 음식을 좋아하시나요? 저는 크림파스타를 제외한 모든 음식을 좋아해요^^",
          "summary": "나는 크림 파스타를 좋아하지 않는다.",
          "date": "2022-11-17",
          "time": "21:15:00",
          "terminate": "false"
        },
        {
          "speaker": "speaker2",
          "personaID": "26119",
          "participantID": "3194",
          "utterance": "저는 크리미한 음식을 좋아해요. 바닐라라떼도 좋아하고요. 저는 홈트레이닝을 좋아해서 방금도 하고 왔답니다.",
          "summary": "나는 크리미 한 음식을 좋아한다. 나는 바닐라 라테를 좋아한다. 나는 홈트레이닝을 좋아한다.",
          "date": "2022-11-17",
          "time": "23:08:54",
          "terminate": "false"
        },
        {
          "speaker": "speaker1",
          "personaID": "34956",
          "participantID": "4036",
          "utterance": "부지런 하시네요! 저는 오늘 점심시간엔 책을 읽고왔어요! ",
          "summary": "나는 오늘 점심시간에 독서를 했다.",
          "date": "2022-11-19",
          "time": "03:32:08",
          "terminate": "false"
        },
        {
          "speaker": "speaker2",
          "personaID": "26119",
          "participantID": "3194",
          "utterance": "그러시군요. 저는 초록색을 좋아합니다. 그래서 봄을 좋아하고요. 겨울이라 그런지 저는 요즘, 가끔 외롭다고 느낍니다.",
          "summary": "나는 초록색을 좋아한다. 나는 봄을 좋아한다. 나는 요즘, 가끔 외롭다고 느낀다.",
          "date": "2022-11-19",
          "time": "11:26:49",
          "terminate": "false"
        },
        {
          "speaker": "speaker1",
          "personaID": "34956",
          "participantID": "4036",
          "utterance": "많이 외로우실 땐 책을 읽어 보시는게 어떨까요? 저는 주로 점심을 먹고 난 후 잠깐의 여유시간에 책을 읽는데 좋아요!",
          "summary": "나는 점심 이후 여유시간에 독서를 한다.",
          "date": "2022-11-20",
          "time": "03:30:57",
          "terminate": "false"
        },
        {
          "speaker": "speaker2",
          "personaID": "26119",
          "participantID": "3194",
          "utterance": "좋은 습관이시네요. 저는 그런데 책을 읽으면 왜그렇게 잠이 올까요^^;;",
          "summary": "",
          "date": "2022-11-20",
          "time": "14:40:18",
          "terminate": "false"
        },
        {
          "speaker": "speaker1",
          "personaID": "34956",
          "participantID": "4036",
          "utterance": "점심시간이다보니 책읽으면 노곤해지곤하죠. 삶의 목표는 어떻게 되시나요? 저는 10년 후 복권에 당첨되는 것이 목표예요!",
          "summary": "나는 10년 후 복권에 당첨되는 것이 삶의 목표이다.",
          "date": "2022-11-21",
          "time": "06:35:42",
          "terminate": "false"
        },
        {
          "speaker": "speaker2",
          "personaID": "26119",
          "participantID": "3194",
          "utterance": "달성된다면 정말 부러울 목표를 가지고 계시군요.  저는 세계일주가 꿈입니다",
          "summary": "나는 세계일주가 꿈이다.",
          "date": "2022-11-21",
          "time": "09:17:01",
          "terminate": "false"
        },
        {
          "speaker": "speaker1",
          "personaID": "34956",
          "participantID": "4036",
          "utterance": "세계일주 너무 좋죠. 전 결혼하면서 해외여행을 이곳저곳 다녔어요^^",
          "summary": "난 결혼하면서 해외여행을 많이 다녔다.",
          "date": "2022-11-22",
          "time": "02:54:36",
          "terminate": "false"
        },
        {
          "speaker": "speaker2",
          "personaID": "26119",
          "participantID": "3194",
          "utterance": "어머나 그러셨군요. 다음번엔 다녀오신 여행지 소개 부탁드려요. 저는 출근 준비좀 할게요",
          "summary": "",
          "date": "2022-11-22",
          "time": "08:38:27",
          "terminate": "false"
        },
        {
          "speaker": "speaker1",
          "personaID": "34956",
          "participantID": "4036",
          "utterance": "네 저도 이제 운동하러 출발합니다. 다음에 여행지 소개 해드릴꼐요!",
          "summary": "나는 이제 운동할 것이다.",
          "date": "2022-11-23",
          "time": "03:40:01",
          "terminate": "true"
        }
      ],
      "sessionPersonaSummary": {
        "speaker1": [
          "나는 20대 여성이다.",
          "나는 30대 여성이며 야구선수이다. 나는 중국에 거주하고 있고 중국어를 좋아한다.",
          "나는 크림 파스타를 좋아하지 않는다.",
          "나는 오늘 점심시간에 독서를 했다.",
          "나는 점심 이후 여유시간에 독서를 한다.",
          "나는 10년 후 복권에 당첨되는 것이 삶의 목표이다.",
          "난 결혼하면서 해외여행을 많이 다녔다.",
          "나는 이제 운동할 것이다."
        ],
        "speaker2": [
          "나는 20대 여성이다.",
          "나는 치위생사이다.",
          "나는 크리미 한 음식을 좋아한다. 나는 바닐라 라테를 좋아한다. 나는 홈트레이닝을 좋아한다.",
          "나는 초록색을 좋아한다. 나는 봄을 좋아한다. 나는 요즘, 가끔 외롭다고 느낀다.",
          "나는 세계일주가 꿈이다."
        ]
      },
      "prevAggregatedpersonaSummary": {
        "speaker1": [],
        "speaker2": []
      }
    },
    {
      "prevSessionID": "2-00415-1",
      "prevTimeInfo": {
        "timeNum": "4",
        "timeUnit": "주"
      },
      "nthSession": "2",
      "numberOfUtterances": "14",
      "numberOfTurns": "7",
      "sessionID": "2-00415-2",
      "dialog": [
        {
          "speaker": "speaker1",
          "personaID": "34956",
          "participantID": "4036",
          "utterance": "그동안 운동하느라 시간이 어떻게 가는지 몰랐네요. ",
          "summary": "나는 운동하느라 바빴다.",
          "date": "2022-11-23",
          "time": "11:04:32",
          "terminate": "false"
        },
        {
          "speaker": "speaker2",
          "personaID": "26119",
          "participantID": "3194",
          "utterance": "안녕하세요. 운동 열심히 하시네요^^ ",
          "summary": "-",
          "date": "2022-11-23",
          "time": "21:35:57",
          "terminate": "false"
        },
        {
          "speaker": "speaker1",
          "personaID": "34956",
          "participantID": "4036",
          "utterance": "한달 내 많은 일들이 있었어요.. 결혼 기념일도 있었구요~~",
          "summary": "",
          "date": "2022-11-23",
          "time": "23:32:58",
          "terminate": "false"
        },
        {
          "speaker": "speaker2",
          "personaID": "26119",
          "participantID": "3194",
          "utterance": "결혼 기념일 넘 축하드려요~  처음에 결혼을 결심하시게 된 계기가 있나요?",
          "summary": "나는 결혼을 결심한 계기가 궁금하다.",
          "date": "2022-11-24",
          "time": "07:49:36",
          "terminate": "false"
        },
        {
          "speaker": "speaker1",
          "personaID": "34956",
          "participantID": "4036",
          "utterance": "음.. 특별한 계기는 아니지만..연애를 오래했는데, 솔직히 별로 결혼까지는 생각이 없었어요.. 그러다 남자친구가 프로포즈를 하더라구요... 고민 후에 결혼하기로 결심했어요.",
          "summary": "",
          "date": "2022-11-24",
          "time": "20:11:23",
          "terminate": "false"
        },
        {
          "speaker": "speaker2",
          "personaID": "26119",
          "participantID": "3194",
          "utterance": "오래 연애를 하셨군요. 저는 주변에 결혼하신 분들 보면 늘 어떤 계기로 결혼을 하시게 됐는지 너무 궁금했거든요^^",
          "summary": "",
          "date": "2022-11-24",
          "time": "20:40:34",
          "terminate": "false"
        },
        {
          "speaker": "speaker1",
          "personaID": "34956",
          "participantID": "4036",
          "utterance": "저도 예전에는 그렇게 결혼을 결심하게 되는건지 몰랐어요. 결혼생각은 없으신가요?",
          "summary": "",
          "date": "2022-11-26",
          "time": "00:49:36",
          "terminate": "false"
        },
        {
          "speaker": "speaker2",
          "personaID": "26119",
          "participantID": "3194",
          "utterance": "네 아직은요. 저는 결혼을 꼭 해야하나 싶기도 해요. 아직 어려서 그런건지는 모르겠지만, 이제는 결혼은 정말 선택 같아요^^",
          "summary": "나는 결혼을 꼭 해야 하는지 모르겠다.",
          "date": "2022-11-26",
          "time": "13:39:52",
          "terminate": "false"
        },
        {
          "speaker": "speaker1",
          "personaID": "34956",
          "participantID": "4036",
          "utterance": "맞아요. 요즘에는 결혼이 필수도 아니고, 주변에도 생각없으신 분들 많더라구요. 저 또한 그랬구요.. ㅎㅎ ",
          "summary": "나는 요즘 결혼이 필수가 아니라고 생각한다.",
          "date": "2022-11-29",
          "time": "19:14:15",
          "terminate": "false"
        },
        {
          "speaker": "speaker2",
          "personaID": "26119",
          "participantID": "3194",
          "utterance": "남편 분은 어떤 분이세요? @이름@님의 이상형과 맞는 분인가요?",
          "summary": "",
          "date": "2022-11-30",
          "time": "20:11:14",
          "terminate": "false"
        },
        {
          "speaker": "speaker1",
          "personaID": "34956",
          "participantID": "4036",
          "utterance": "네, 제가 좋아하는 이상형이에요.. 주변분들은 저희 둘 닮았다고도 하더라구요. 마음씨가 좋아요.",
          "summary": "나는 남편이 나의 이상형이다. 나와 남편은 닮았다는 이야기를 많이 듣는다.",
          "date": "2022-12-01",
          "time": "06:25:55",
          "terminate": "false"
        },
        {
          "speaker": "speaker2",
          "personaID": "26119",
          "participantID": "3194",
          "utterance": "마음씨 좋은 사람이 최고 아닌가요? 저는 마음이 건강한 사람이 좋아요",
          "summary": "나는 마음이 건강한 사람이 좋다.",
          "date": "2022-12-01",
          "time": "08:09:38",
          "terminate": "false"
        },
        {
          "speaker": "speaker1",
          "personaID": "34956",
          "participantID": "4036",
          "utterance": "맞아요. 마음씨 좋고 대화가 잘 통해야 된다고 저도 생각해요. 이 점에서 아무래도 많이 끌리지 않았나 싶어요.",
          "summary": "나는 결혼 상대방으로 마음씨 좋고 대화가 잘 통해야 한다고 생각한다.",
          "date": "2022-12-02",
          "time": "00:56:52",
          "terminate": "false"
        },
        {
          "speaker": "speaker2",
          "personaID": "26119",
          "participantID": "3194",
          "utterance": "다시한번 결혼기념일 축하드려요^^ 저는 출근준비할게요!",
          "summary": "나는 출근 준비를 한다.",
          "date": "2022-12-02",
          "time": "07:07:56",
          "terminate": "false"
        }
      ],
      "sessionPersonaSummary": {
        "speaker1": [
          "나는 운동하느라 바빴다.",
          "나는 요즘 결혼이 필수가 아니라고 생각한다.",
          "나는 남편이 나의 이상형이다. 나와 남편은 닮았다는 이야기를 많이 듣는다.",
          "나는 결혼 상대방으로 마음씨 좋고 대화가 잘 통해야 한다고 생각한다."
        ],
        "speaker2": [
          "-",
          "나는 결혼을 결심한 계기가 궁금하다.",
          "나는 결혼을 꼭 해야 하는지 모르겠다.",
          "나는 마음이 건강한 사람이 좋다.",
          "나는 출근 준비를 한다."
        ]
      },
      "prevAggregatedpersonaSummary": {
        "speaker1": [
          "나는 20대 여성이다.",
          "나는 30대 여성이며 야구선수이다. 나는 중국에 거주하고 있고 중국어를 좋아한다.",
          "나는 크림 파스타를 좋아하지 않는다.",
          "나는 오늘 점심시간에 독서를 했다.",
          "나는 점심 이후 여유시간에 독서를 한다.",
          "나는 10년 후 복권에 당첨되는 것이 삶의 목표이다.",
          "난 결혼하면서 해외여행을 많이 다녔다.",
          "나는 이제 운동할 것이다."
        ],
        "speaker2": [
          "나는 20대 여성이다.",
          "나는 치위생사이다.",
          "나는 크리미 한 음식을 좋아한다. 나는 바닐라 라테를 좋아한다. 나는 홈트레이닝을 좋아한다.",
          "나는 초록색을 좋아한다. 나는 봄을 좋아한다. 나는 요즘, 가끔 외롭다고 느낀다.",
          "나는 세계일주가 꿈이다."
        ]
      }
    }
  ]
}