{
  "FileInfo": {
    "filename": "K2-00220-CL33726-CP33044-03-07-S2.json",
    "sessionLevel": "2"
  },
  "participantsInfo": {
    "numberOfParticipants": "2",
    "speaker1": {
      "participantID": "0769",
      "gender": "여성",
      "age": "30대",
      "occupation": "자영업",
      "bPlace": "광주/전라/제주",
      "gPlace": "광주/전라/제주",
      "rPlace": "광주/전라/제주",
      "educationLevel": "고졸"
    },
    "speaker2": {
      "participantID": "0741",
      "gender": "남성",
      "age": "30대",
      "occupation": "사무직",
      "bPlace": "서울/경기/인천",
      "gPlace": "서울/경기/인천",
      "rPlace": "서울/경기/인천",
      "educationLevel": "대졸"
    }
  },
  "multisessionInfo": {
    "multisessionID": "2-00220"
  },
  "personaInfo": {
    "clInfo": {
      "personaID": "33726",
      "personaFeatures": [
        "나는 여자이다.",
        "나는 30대이다.",
        "나는 흐린 날을 좋아한다.",
        "나는 직업이 없다.",
        "나는 매우 게으르다.",
        "나는 커피를 매일 2잔 이상 마신다."
      ],
      "speakerType": "speaker1"
    },
    "cpInfo": {
      "personaID": "33044",
      "personaFeatures": [
        "나는 남자이다.",
        "나는 30대이다.",
        "나는 사학과를 전공했다.",
        "나는 바이올린 연주를 가끔 한다.",
        "나는 야구를 자주 한다.",
        "나는 식물을 키우는 것을 좋아한다."
      ],
      "speakerType": "speaker2"
    }
  },
  "topicInfo": {
    "topicID": "03-07",
    "topicType": "교통",
    "topicTitle": "KTX"
  },
  "sessionInfo": [
    {
      "prevSessionID": null,
      "prevTimeInfo": {
        "timeNum": null,
        "timeUnit": null
      },
      "nthSession": "1",
      "numberOfUtterances": "16",
      "numberOfTurns": "8",
      "sessionID": "2-00220-1",
      "dialog": [
        {
          "speaker": "speaker1",
          "personaID": "33726",
          "participantID": "0769",
          "utterance": "반갑습니다 ㅎㅎ 저는 30대 여자입니다. 그런데 직업은 없어요 ㅠㅠ.",
          "summary": "나는 30대 여자이다. 나는 직업이 없다.",
          "date": "2022-10-13",
          "time": "14:00:40",
          "terminate": "false"
        },
        {
          "speaker": "speaker2",
          "personaID": "33044",
          "participantID": "0741",
          "utterance": "네 반갑습니다ㅎㅎ 저는 사학과를 전공한 30대 남자입니다.",
          "summary": "나는 30대 남자이다. 나는 사학과를 전공했다.",
          "date": "2022-10-13",
          "time": "14:00:42",
          "terminate": "false"
        },
        {
          "speaker": "speaker1",
          "personaID": "33726",
          "participantID": "0769",
          "utterance": "그렇군요. 저는 직업이 없는 이유가 있는데, 이걸 알려드리고자 합니다.",
          "summary": "",
          "date": "2022-10-13",
          "time": "14:00:55",
          "terminate": "false"
        },
        {
          "speaker": "speaker2",
          "personaID": "33044",
          "participantID": "0741",
          "utterance": "아 그렇군요! 저는 어떤 이유가 있는지 매우 궁금한거 같아요.",
          "summary": "나는 이유가 궁금하다.",
          "date": "2022-10-13",
          "time": "14:01:07",
          "terminate": "false"
        },
        {
          "speaker": "speaker1",
          "personaID": "33726",
          "participantID": "0769",
          "utterance": "제가 직업이 없는 이유는 애우 게으르기 때문입니다. 그래서 이 성격을 고치고 싶어요.",
          "summary": "나는 매우 게으르다.",
          "date": "2022-10-13",
          "time": "14:01:18",
          "terminate": "false"
        },
        {
          "speaker": "speaker2",
          "personaID": "33044",
          "participantID": "0741",
          "utterance": "그럼 아무래도 활동적인 무언가라도 하면서 고치면 좋겠네요.",
          "summary": "",
          "date": "2022-10-13",
          "time": "14:01:25",
          "terminate": "false"
        },
        {
          "speaker": "speaker1",
          "personaID": "33726",
          "participantID": "0769",
          "utterance": "그럴까요? 그러면 운동 같은 것을 하는 것이 괜찮을 것 같다는 생각이 드네요.",
          "summary": "",
          "date": "2022-10-13",
          "time": "14:01:31",
          "terminate": "false"
        },
        {
          "speaker": "speaker2",
          "personaID": "33044",
          "participantID": "0741",
          "utterance": "저는 운동을 좋아해서, 야구를 자주 하는데 여성분이라 다른 운동이 좋겠어요.",
          "summary": "나는 야구를 자주 한다.",
          "date": "2022-10-13",
          "time": "14:01:44",
          "terminate": "false"
        },
        {
          "speaker": "speaker1",
          "personaID": "33726",
          "participantID": "0769",
          "utterance": "일단 한 번 도전을 해봐야겠네요. 저는 필라테스를 좋아하는 편입니다.",
          "summary": "나는 필라테스를 좋아하는 편이다.",
          "date": "2022-10-13",
          "time": "14:01:50",
          "terminate": "false"
        },
        {
          "speaker": "speaker2",
          "personaID": "33044",
          "participantID": "0741",
          "utterance": "필라테스도 스케줄을 다 짜서 하는거라 아무래도 게으른게 고쳐질거 같아요.",
          "summary": "나는 게으른 게 고쳐질 거 같다.",
          "date": "2022-10-13",
          "time": "14:02:10",
          "terminate": "false"
        },
        {
          "speaker": "speaker1",
          "personaID": "33726",
          "participantID": "0769",
          "utterance": "그런가요? 제가 원래 흐린 날을 좋아하는데, 이런 날에 운동을 하면 더 잘 되더라고요!",
          "summary": "나는 흐린 날을 좋아한다.",
          "date": "2022-10-13",
          "time": "14:02:24",
          "terminate": "false"
        },
        {
          "speaker": "speaker2",
          "personaID": "33044",
          "participantID": "0741",
          "utterance": "그런가요? 흐린날에는 운동하는것이 별로라서 식물을 더 돌보고 있어요.",
          "summary": "",
          "date": "2022-10-13",
          "time": "14:02:49",
          "terminate": "false"
        },
        {
          "speaker": "speaker1",
          "personaID": "33726",
          "participantID": "0769",
          "utterance": "음~ 그렇군요! 운동하는 것이 별로일 수 있죠. 그러면 어떤 식물인가요?",
          "summary": "",
          "date": "2022-10-13",
          "time": "14:03:02",
          "terminate": "false"
        },
        {
          "speaker": "speaker2",
          "personaID": "33044",
          "participantID": "0741",
          "utterance": "저는 식물을 키우는것을 좋아해서, 여러 식물을 키우고 있어요.",
          "summary": "나는 식물을 키우는 것을 좋아한다.",
          "date": "2022-10-13",
          "time": "14:03:16",
          "terminate": "false"
        },
        {
          "speaker": "speaker1",
          "personaID": "33726",
          "participantID": "0769",
          "utterance": "식물에 대한 호감 수치가 높은 것 같아요 ㅎㅎ 저도 나중에 키워보고 싶네요.",
          "summary": "",
          "date": "2022-10-13",
          "time": "14:03:19",
          "terminate": "false"
        },
        {
          "speaker": "speaker2",
          "personaID": "33044",
          "participantID": "0741",
          "utterance": "오 그렇군요ㅎㅎ 그럼 다육이 같은 것도 한번 키워보는게 좋을거 같아요.",
          "summary": "",
          "date": "2022-10-13",
          "time": "14:03:41",
          "terminate": "true"
        }
      ],
      "sessionPersonaSummary": {
        "speaker1": [
          "나는 30대 여자이다. 나는 직업이 없다.",
          "나는 매우 게으르다.",
          "나는 필라테스를 좋아하는 편이다.",
          "나는 흐린 날을 좋아한다."
        ],
        "speaker2": [
          "나는 30대 남자이다. 나는 사학과를 전공했다.",
          "나는 이유가 궁금하다.",
          "나는 야구를 자주 한다.",
          "나는 게으른 게 고쳐질 거 같다.",
          "나는 식물을 키우는 것을 좋아한다."
        ]
      },
      "prevAggregatedpersonaSummary": {
        "speaker1": [],
        "speaker2": []
      }
    },
    {
      "prevSessionID": "2-00220-1",
      "prevTimeInfo": {
        "timeNum": "1",
        "timeUnit": "일"
      },
      "nthSession": "2",
      "numberOfUtterances": "16",
      "numberOfTurns": "8",
      "sessionID": "2-00220-2",
      "dialog": [
        {
          "speaker": "speaker1",
          "personaID": "33726",
          "participantID": "0769",
          "utterance": "하루가 지났습니다. 오늘도 식물을 키우고 있으신지 궁금하네요 ㅎㅎ.",
          "summary": "",
          "date": "2022-10-13",
          "time": "14:03:42",
          "terminate": "false"
        },
        {
          "speaker": "speaker2",
          "personaID": "33044",
          "participantID": "0741",
          "utterance": "저는 오늘은 연주를 하러 연습실에 왔어요. 제가 바이올린 연주를 가끔 하거든요.",
          "summary": "나는 바이올린 연주를 가끔 한다.",
          "date": "2022-10-13",
          "time": "14:04:09",
          "terminate": "false"
        },
        {
          "speaker": "speaker1",
          "personaID": "33726",
          "participantID": "0769",
          "utterance": "저는 요즘 하루에 커피를 2잔 이상 마시는데, 그 때문에 불면증이 생겼습니다 ㅠㅠ.",
          "summary": "나는 커피를 매일 2잔 이상 마신다.",
          "date": "2022-10-13",
          "time": "14:04:11",
          "terminate": "false"
        },
        {
          "speaker": "speaker2",
          "personaID": "33044",
          "participantID": "0741",
          "utterance": "커피를 너무 많이 먹으면 아무래도 불면증이 고쳐지지 않을거 같아요.",
          "summary": "나는 고쳐지지 않을 거 같다.",
          "date": "2022-10-13",
          "time": "14:04:30",
          "terminate": "false"
        },
        {
          "speaker": "speaker1",
          "personaID": "33726",
          "participantID": "0769",
          "utterance": "좀 줄이고는 싶은데, 못 줄이는 이유가 있어요. 바이올린이라니 너무 멋지네요!",
          "summary": "",
          "date": "2022-10-13",
          "time": "14:04:32",
          "terminate": "false"
        },
        {
          "speaker": "speaker2",
          "personaID": "33044",
          "participantID": "0741",
          "utterance": "바이올린에 관심을 가지는걸 보니 아무래도 악기에 관심이 있나봅니다ㅎㅎ.",
          "summary": "나는 악기에 관심이 있는 거 같다.",
          "date": "2022-10-13",
          "time": "14:05:10",
          "terminate": "false"
        },
        {
          "speaker": "speaker1",
          "personaID": "33726",
          "participantID": "0769",
          "utterance": "그렇죠. 요즘은 습관을 바꿔보고자 매일 공부를 하거든요. 그래서 잠을 안 자려고 마셔요.",
          "summary": "나는 매일 공부를 한다.",
          "date": "2022-10-13",
          "time": "14:05:12",
          "terminate": "false"
        },
        {
          "speaker": "speaker2",
          "personaID": "33044",
          "participantID": "0741",
          "utterance": "아 그렇군요! 그때 말씀한 필라테스 같은 것도 알아보고 계셨나요?",
          "summary": "",
          "date": "2022-10-13",
          "time": "14:05:34",
          "terminate": "false"
        },
        {
          "speaker": "speaker1",
          "personaID": "33726",
          "participantID": "0769",
          "utterance": "그래도 매우 게으른 습관이 쉽게 변하지는 않네요. 필라테스를 알아보고 있습니다 ㅎㅎ.",
          "summary": "",
          "date": "2022-10-13",
          "time": "14:05:44",
          "terminate": "false"
        },
        {
          "speaker": "speaker2",
          "personaID": "33044",
          "participantID": "0741",
          "utterance": "그럼 운동이라도 하는게 좋을거 같기는한데ㅎㅎ 활동적이게 변하긴 하더라구요.",
          "summary": "",
          "date": "2022-10-13",
          "time": "14:06:10",
          "terminate": "false"
        },
        {
          "speaker": "speaker1",
          "personaID": "33726",
          "participantID": "0769",
          "utterance": "그럴까요? 그런데 저는 오늘 친구를 만날 것 같아요! ㅎㅎ.",
          "summary": "나는 친구를 만날 것 같다.",
          "date": "2022-10-13",
          "time": "14:06:18",
          "terminate": "false"
        },
        {
          "speaker": "speaker2",
          "personaID": "33044",
          "participantID": "0741",
          "utterance": "친구를 만난다니 너무 즐거울거 같아요ㅎㅎ그럼 차를 타고 가시나요?",
          "summary": "",
          "date": "2022-10-13",
          "time": "14:06:41",
          "terminate": "false"
        },
        {
          "speaker": "speaker1",
          "personaID": "33726",
          "participantID": "0769",
          "utterance": "친구가 부산에 사는데, 저를 보러 온다고 KTX를 타서, 이따가 밥을 먹으려고 합니다.",
          "summary": "",
          "date": "2022-10-13",
          "time": "14:06:42",
          "terminate": "false"
        },
        {
          "speaker": "speaker2",
          "personaID": "33044",
          "participantID": "0741",
          "utterance": "그렇군요! 굉장히 멀리 가시네요ㅎㅎ 친구랑 거리가 먼거 같다는 생각이 들어요.",
          "summary": "",
          "date": "2022-10-13",
          "time": "14:06:58",
          "terminate": "false"
        },
        {
          "speaker": "speaker1",
          "personaID": "33726",
          "participantID": "0769",
          "utterance": "아마 저녁을 먹을 것 같은데, 나중에 돌아오면 다시 연락을 드리겠습니다!",
          "summary": "",
          "date": "2022-10-13",
          "time": "14:07:02",
          "terminate": "false"
        },
        {
          "speaker": "speaker2",
          "personaID": "33044",
          "participantID": "0741",
          "utterance": "네 알겠습니다ㅎㅎ 나중에 또 연락주세요! 밥 맛있게 드시구요.",
          "summary": "",
          "date": "2022-10-13",
          "time": "14:07:16",
          "terminate": "true"
        }
      ],
      "sessionPersonaSummary": {
        "speaker1": [
          "나는 커피를 매일 2잔 이상 마신다.",
          "나는 매일 공부를 한다.",
          "나는 친구를 만날 것 같다."
        ],
        "speaker2": [
          "나는 바이올린 연주를 가끔 한다.",
          "나는 고쳐지지 않을 거 같다.",
          "나는 악기에 관심이 있는 거 같다."
        ]
      },
      "prevAggregatedpersonaSummary": {
        "speaker1": [
          "나는 30대 여자이다. 나는 직업이 없다.",
          "나는 매우 게으르다.",
          "나는 필라테스를 좋아하는 편이다.",
          "나는 흐린 날을 좋아한다."
        ],
        "speaker2": [
          "나는 30대 남자이다. 나는 사학과를 전공했다.",
          "나는 이유가 궁금하다.",
          "나는 야구를 자주 한다.",
          "나는 게으른 게 고쳐질 거 같다.",
          "나는 식물을 키우는 것을 좋아한다."
        ]
      }
    }
  ]
}