{
  "FileInfo": {
    "filename": "K2-00254-CL21544-CP21224-06-09-S2.json",
    "sessionLevel": "2"
  },
  "participantsInfo": {
    "numberOfParticipants": "2",
    "speaker1": {
      "participantID": "0501",
      "gender": "여성",
      "age": "20대",
      "occupation": "학생",
      "bPlace": "부산/대구/울산/경상",
      "gPlace": "부산/대구/울산/경상",
      "rPlace": "부산/대구/울산/경상",
      "educationLevel": "고졸"
    },
    "speaker2": {
      "participantID": "0259",
      "gender": "남성",
      "age": "20대",
      "occupation": "학생",
      "bPlace": "서울/경기/인천",
      "gPlace": "서울/경기/인천",
      "rPlace": "서울/경기/인천",
      "educationLevel": "고졸"
    }
  },
  "multisessionInfo": {
    "multisessionID": "2-00254"
  },
  "personaInfo": {
    "clInfo": {
      "personaID": "21544",
      "personaFeatures": [
        "나는 여자이다.",
        "나는 20대이다.",
        "나는 요즘, 가끔 열등감을 느낀다.",
        "나는 주말에 청소를 한다.",
        "나는 바나나를 좋아한다."
      ],
      "speakerType": "speaker1"
    },
    "cpInfo": {
      "personaID": "21224",
      "personaFeatures": [
        "나는 남자이다.",
        "나는 20대이다.",
        "나의 종교는 개신교이다.",
        "나는 한국어능력시험 자격증을 준비한다.",
        "나는 맛있는 음식을 먹으면 스트레스가 풀린다."
      ],
      "speakerType": "speaker2"
    }
  },
  "topicInfo": {
    "topicID": "06-09",
    "topicType": "교육",
    "topicTitle": "전공"
  },
  "sessionInfo": [
    {
      "prevSessionID": null,
      "prevTimeInfo": {
        "timeNum": null,
        "timeUnit": null
      },
      "nthSession": "1",
      "numberOfUtterances": "18",
      "numberOfTurns": "9",
      "sessionID": "2-00254-1",
      "dialog": [
        {
          "speaker": "speaker1",
          "personaID": "21544",
          "participantID": "0501",
          "utterance": "안녕하세요? 저는 20대 여자입니다. 소개 부탁드려요.",
          "summary": "나는 20대 여자이다.",
          "date": "2022-09-18",
          "time": "12:28:15",
          "terminate": "false"
        },
        {
          "speaker": "speaker2",
          "personaID": "21224",
          "participantID": "0259",
          "utterance": "안녕하세요? 저는 20대 남자입니다. 저는 취준생입니다.",
          "summary": "나는 20대 남자이다. 나는 취준생이다.",
          "date": "2022-09-18",
          "time": "12:28:28",
          "terminate": "false"
        },
        {
          "speaker": "speaker1",
          "personaID": "21544",
          "participantID": "0501",
          "utterance": "반갑습니다. 취준생이시면 어떤걸 준비하고 계신가요?",
          "summary": "",
          "date": "2022-09-18",
          "time": "12:28:41",
          "terminate": "false"
        },
        {
          "speaker": "speaker2",
          "personaID": "21224",
          "participantID": "0259",
          "utterance": "저는 한국어능력시험 자격증을 준비하고 있어요.",
          "summary": "나는 한국어 능력시험 자격증을 준비하고 있다.",
          "date": "2022-09-18",
          "time": "12:28:51",
          "terminate": "false"
        },
        {
          "speaker": "speaker1",
          "personaID": "21544",
          "participantID": "0501",
          "utterance": "한국어 능력시험이요? 그게 어느 분야에 필요한가요?",
          "summary": "",
          "date": "2022-09-18",
          "time": "12:29:03",
          "terminate": "false"
        },
        {
          "speaker": "speaker2",
          "personaID": "21224",
          "participantID": "0259",
          "utterance": "저는 공기업에 취업을 준비하고 있는데 가산점에 필요해요.",
          "summary": "나는 공기업에 취업을 하고 싶다.",
          "date": "2022-09-18",
          "time": "12:29:54",
          "terminate": "false"
        },
        {
          "speaker": "speaker1",
          "personaID": "21544",
          "participantID": "0501",
          "utterance": "오. 공기업 준비하는건 정말 힘드시겠어요. 경쟁률이 높잖아요.",
          "summary": "",
          "date": "2022-09-18",
          "time": "12:30:04",
          "terminate": "false"
        },
        {
          "speaker": "speaker2",
          "personaID": "21224",
          "participantID": "0259",
          "utterance": "맞아요. 아버지도 공기업에 근무하시는데 저도 공기업에 취업이 꿈이에요.",
          "summary": "나는 공기업에 취업이 꿈이다.",
          "date": "2022-09-18",
          "time": "12:30:21",
          "terminate": "false"
        },
        {
          "speaker": "speaker1",
          "personaID": "21544",
          "participantID": "0501",
          "utterance": "저도 공기업을 가고 싶어요. 근데 저는 공기업에 취직할 스펙이 안돼서, 요즘 가끔 열등감을 느껴요.",
          "summary": "나는 요즘 , 가끔 열등감을 느낀다.",
          "date": "2022-09-18",
          "time": "12:30:46",
          "terminate": "false"
        },
        {
          "speaker": "speaker2",
          "personaID": "21224",
          "participantID": "0259",
          "utterance": "그러시군요. 저는 요즘에 공부를 하다보니 스트레스가 만땅이에요.",
          "summary": "나는 공부를 하다 보니 스트레스가 가득이다.",
          "date": "2022-09-18",
          "time": "12:30:47",
          "terminate": "false"
        },
        {
          "speaker": "speaker1",
          "personaID": "21544",
          "participantID": "0501",
          "utterance": "스트레스가 심하실땐 스트레를 어떻게 푸시나요?",
          "summary": "",
          "date": "2022-09-18",
          "time": "12:31:00",
          "terminate": "false"
        },
        {
          "speaker": "speaker2",
          "personaID": "21224",
          "participantID": "0259",
          "utterance": "저는 맛있는 음식을 먹으면 스트레스가 풀려요.",
          "summary": "나는 맛있는 음식을 먹으면 스트레스가 풀린다.",
          "date": "2022-09-18",
          "time": "12:31:10",
          "terminate": "false"
        },
        {
          "speaker": "speaker1",
          "personaID": "21544",
          "participantID": "0501",
          "utterance": "맛있는 음식 중에 어떤걸 좋아하시나요?ㅎㅎ.",
          "summary": "",
          "date": "2022-09-18",
          "time": "12:31:16",
          "terminate": "false"
        },
        {
          "speaker": "speaker2",
          "personaID": "21224",
          "participantID": "0259",
          "utterance": "주로 매운음식을 먹는데 땀을 흘리면 스트레스가 풀리는 기분이에요.",
          "summary": "나는 매운 음식을 먹으면 기분이 좋다.",
          "date": "2022-09-18",
          "time": "12:31:31",
          "terminate": "false"
        },
        {
          "speaker": "speaker1",
          "personaID": "21544",
          "participantID": "0501",
          "utterance": "매운 음식 너무 좋죠. 저는 매운 음식 먹은 뒤에 꼭 바나나를 먹어요. 바나나를 좋아해서요.",
          "summary": "나는 바나나를 먹는다.",
          "date": "2022-09-18",
          "time": "12:31:48",
          "terminate": "false"
        },
        {
          "speaker": "speaker2",
          "personaID": "21224",
          "participantID": "0259",
          "utterance": "바나나를 좋아하시는군요. 저는 매운음식먹은뒤에 항상 콜라를 마셔요.",
          "summary": "나는 매운 음식 뒤에 콜라를 마신다.",
          "date": "2022-09-18",
          "time": "12:31:57",
          "terminate": "false"
        },
        {
          "speaker": "speaker1",
          "personaID": "21544",
          "participantID": "0501",
          "utterance": "ㅎㅎ각자 취향이 다르네요. 오늘 즐거웠어요!!",
          "summary": "",
          "date": "2022-09-18",
          "time": "12:32:11",
          "terminate": "false"
        },
        {
          "speaker": "speaker2",
          "personaID": "21224",
          "participantID": "0259",
          "utterance": "즐겁게 대화하다보니 시간이 빨리갔네요. 다음에 또 대화해요!",
          "summary": "",
          "date": "2022-09-18",
          "time": "12:32:21",
          "terminate": "true"
        }
      ],
      "sessionPersonaSummary": {
        "speaker1": [
          "나는 20대 여자이다.",
          "나는 요즘 , 가끔 열등감을 느낀다.",
          "나는 바나나를 먹는다."
        ],
        "speaker2": [
          "나는 20대 남자이다. 나는 취준생이다.",
          "나는 한국어 능력시험 자격증을 준비하고 있다.",
          "나는 공기업에 취업을 하고 싶다.",
          "나는 공기업에 취업이 꿈이다.",
          "나는 공부를 하다 보니 스트레스가 가득이다.",
          "나는 맛있는 음식을 먹으면 스트레스가 풀린다.",
          "나는 매운 음식을 먹으면 기분이 좋다.",
          "나는 매운 음식 뒤에 콜라를 마신다."
        ]
      },
      "prevAggregatedpersonaSummary": {
        "speaker1": [],
        "speaker2": []
      }
    },
    {
      "prevSessionID": "2-00254-1",
      "prevTimeInfo": {
        "timeNum": "5",
        "timeUnit": "일"
      },
      "nthSession": "2",
      "numberOfUtterances": "18",
      "numberOfTurns": "9",
      "sessionID": "2-00254-2",
      "dialog": [
        {
          "speaker": "speaker1",
          "personaID": "21544",
          "participantID": "0501",
          "utterance": "5일동안 취업준비 잘되고 계세요? 공기업 준비하시면, 전공은 어떻게 되세요?",
          "summary": "",
          "date": "2022-09-18",
          "time": "12:32:36",
          "terminate": "false"
        },
        {
          "speaker": "speaker2",
          "personaID": "21224",
          "participantID": "0259",
          "utterance": "제가 전공이 이과전공을 해서 공기업취업에 도움이 되요.",
          "summary": "나는 전공이 이과이다.",
          "date": "2022-09-18",
          "time": "12:32:52",
          "terminate": "false"
        },
        {
          "speaker": "speaker1",
          "personaID": "21544",
          "participantID": "0501",
          "utterance": "오. 그러시구나. 저는 체육학을 전공했어요.",
          "summary": "나는 체육학을 전공했다.",
          "date": "2022-09-18",
          "time": "12:33:08",
          "terminate": "false"
        },
        {
          "speaker": "speaker2",
          "personaID": "21224",
          "participantID": "0259",
          "utterance": "체육학 전공이면 운동을 잘하시겠어요. 어떤 운동을 전공하셨나요?",
          "summary": "",
          "date": "2022-09-18",
          "time": "12:33:27",
          "terminate": "false"
        },
        {
          "speaker": "speaker1",
          "personaID": "21544",
          "participantID": "0501",
          "utterance": "저는 유도학과를 전공했어요. 그러다보니 취업이 쉽지 않네요.",
          "summary": "나는 유도학과를 전공했다.",
          "date": "2022-09-18",
          "time": "12:33:34",
          "terminate": "false"
        },
        {
          "speaker": "speaker2",
          "personaID": "21224",
          "participantID": "0259",
          "utterance": "유도를 전공하셨으면 체육관을 운영하시는게 좋을듯하네요.",
          "summary": "",
          "date": "2022-09-18",
          "time": "12:33:51",
          "terminate": "false"
        },
        {
          "speaker": "speaker1",
          "personaID": "21544",
          "participantID": "0501",
          "utterance": "그렇겠죠? 전공 살리는거 말고는 취업하기가 힘들것같아요.",
          "summary": "",
          "date": "2022-09-18",
          "time": "12:34:04",
          "terminate": "false"
        },
        {
          "speaker": "speaker2",
          "personaID": "21224",
          "participantID": "0259",
          "utterance": "맞아요. 모든사람들이 전공대로 취업을 하진않아요.",
          "summary": "",
          "date": "2022-09-18",
          "time": "12:34:12",
          "terminate": "false"
        },
        {
          "speaker": "speaker1",
          "personaID": "21544",
          "participantID": "0501",
          "utterance": "그렇다고 하더라구요. 선배들 보면 전공대로 일 안하고 있는사람이 더 많아요.",
          "summary": "",
          "date": "2022-09-18",
          "time": "12:35:36",
          "terminate": "false"
        },
        {
          "speaker": "speaker2",
          "personaID": "21224",
          "participantID": "0259",
          "utterance": "제 친구도 이과를 전공했는데 취업은 영업을 하고있거든요.",
          "summary": "",
          "date": "2022-09-18",
          "time": "12:35:53",
          "terminate": "false"
        },
        {
          "speaker": "speaker1",
          "personaID": "21544",
          "participantID": "0501",
          "utterance": "그렇군요. 이번주는 정말 시간이 빨리간 느낌이네요.",
          "summary": "",
          "date": "2022-09-18",
          "time": "12:36:06",
          "terminate": "false"
        },
        {
          "speaker": "speaker2",
          "personaID": "21224",
          "participantID": "0259",
          "utterance": "저도 하루하루 열심히 살다보니 벌써 주말이 되었네요.",
          "summary": "",
          "date": "2022-09-18",
          "time": "12:36:14",
          "terminate": "false"
        },
        {
          "speaker": "speaker1",
          "personaID": "21544",
          "participantID": "0501",
          "utterance": "그러게요. 주말에는 뭘하시나요? 저는 주말에 밀린 청소를 해요.",
          "summary": "나는 주말에 청소를 한다.",
          "date": "2022-09-18",
          "time": "12:36:22",
          "terminate": "false"
        },
        {
          "speaker": "speaker2",
          "personaID": "21224",
          "participantID": "0259",
          "utterance": "저는 종교가 개신교라 교회를 다녀오고 오후에는 공부를 해요.",
          "summary": "나는 종교가 개신교이다.",
          "date": "2022-09-18",
          "time": "12:36:53",
          "terminate": "false"
        },
        {
          "speaker": "speaker1",
          "personaID": "21544",
          "participantID": "0501",
          "utterance": "주말에도 쉬지않으시고 자격증 공부를 하시나봐요.",
          "summary": "",
          "date": "2022-09-18",
          "time": "12:37:02",
          "terminate": "false"
        },
        {
          "speaker": "speaker2",
          "personaID": "21224",
          "participantID": "0259",
          "utterance": "공부는 항상해도 안심되질 않아요. 취업을 하려면 열공해야죠!",
          "summary": "",
          "date": "2022-09-18",
          "time": "12:37:16",
          "terminate": "false"
        },
        {
          "speaker": "speaker1",
          "personaID": "21544",
          "participantID": "0501",
          "utterance": "열심히 하시니 취업 성공하실것같네요. 주말 잘보내세요!",
          "summary": "",
          "date": "2022-09-18",
          "time": "12:37:28",
          "terminate": "false"
        },
        {
          "speaker": "speaker2",
          "personaID": "21224",
          "participantID": "0259",
          "utterance": "좋은 말씀감사해요. 좋은소식 전할께요!",
          "summary": "",
          "date": "2022-09-18",
          "time": "12:37:34",
          "terminate": "true"
        }
      ],
      "sessionPersonaSummary": {
        "speaker1": [
          "나는 체육학을 전공했다.",
          "나는 유도학과를 전공했다.",
          "나는 주말에 청소를 한다."
        ],
        "speaker2": [
          "나는 전공이 이과이다.",
          "나는 종교가 개신교이다."
        ]
      },
      "prevAggregatedpersonaSummary": {
        "speaker1": [
          "나는 20대 여자이다.",
          "나는 요즘 , 가끔 열등감을 느낀다.",
          "나는 바나나를 먹는다."
        ],
        "speaker2": [
          "나는 20대 남자이다. 나는 취준생이다.",
          "나는 한국어 능력시험 자격증을 준비하고 있다.",
          "나는 공기업에 취업을 하고 싶다.",
          "나는 공기업에 취업이 꿈이다.",
          "나는 공부를 하다 보니 스트레스가 가득이다.",
          "나는 맛있는 음식을 먹으면 스트레스가 풀린다.",
          "나는 매운 음식을 먹으면 기분이 좋다.",
          "나는 매운 음식 뒤에 콜라를 마신다."
        ]
      }
    }
  ]
}