{
  "FileInfo": {
    "filename": "K2-00343-CL51573-CP32592-20-08-S2.json",
    "sessionLevel": "2"
  },
  "participantsInfo": {
    "numberOfParticipants": "2",
    "speaker1": {
      "participantID": "3816",
      "gender": "여성",
      "age": "40대",
      "occupation": "주부",
      "bPlace": "서울/경기/인천",
      "gPlace": "서울/경기/인천",
      "rPlace": "서울/경기/인천",
      "educationLevel": "대졸"
    },
    "speaker2": {
      "participantID": "3210",
      "gender": "여성",
      "age": "30대",
      "occupation": "사무직",
      "bPlace": "서울/경기/인천",
      "gPlace": "서울/경기/인천",
      "rPlace": "서울/경기/인천",
      "educationLevel": "대졸"
    }
  },
  "multisessionInfo": {
    "multisessionID": "2-00343"
  },
  "personaInfo": {
    "clInfo": {
      "personaID": "51573",
      "personaFeatures": [
        "나는 여자이다.",
        "나는 50대이다.",
        "나는 고등학교를 졸업했다",
        "나는 골프를 좋아한다",
        "나는 가야금 연주를 배우고 있다"
      ],
      "speakerType": "speaker1"
    },
    "cpInfo": {
      "personaID": "32592",
      "personaFeatures": [
        "나는 여자이다.",
        "나는 30대이다.",
        "나는 항공기 조종사이다",
        "나는 청소하는 것을 좋아한다",
        "나는 하얀색을 좋아한다"
      ],
      "speakerType": "speaker2"
    }
  },
  "topicInfo": {
    "topicID": "20-08",
    "topicType": "예술문화 생활>영화/만화",
    "topicTitle": "문화 생활"
  },
  "sessionInfo": [
    {
      "prevSessionID": null,
      "prevTimeInfo": {
        "timeNum": null,
        "timeUnit": null
      },
      "nthSession": "1",
      "numberOfUtterances": "15",
      "numberOfTurns": "7",
      "sessionID": "2-00343-1",
      "dialog": [
        {
          "speaker": "speaker1",
          "personaID": "51573",
          "participantID": "3816",
          "utterance": "안녕하세요. 저는 50대이고요 여성입니다.",
          "summary": "나는 50대 여성이다",
          "date": "2022-10-26",
          "time": "15:01:44",
          "terminate": "false"
        },
        {
          "speaker": "speaker2",
          "personaID": "32592",
          "participantID": "3210",
          "utterance": "안녕하세요 저는 30대 여성 입니다. 만나서 반갑습니다.",
          "summary": "나는 30대 여성이다",
          "date": "2022-10-26",
          "time": "15:02:03",
          "terminate": "false"
        },
        {
          "speaker": "speaker1",
          "personaID": "51573",
          "participantID": "3816",
          "utterance": "반가워요. 요즘 어떤 취미 있으세요? 저는 가야금 연주 배우고 있고 골프도 좋아해요.",
          "summary": "나는 가야금 연주를 배우고 있고 골프도 좋아한다",
          "date": "2022-10-26",
          "time": "15:02:38",
          "terminate": "false"
        },
        {
          "speaker": "speaker2",
          "personaID": "32592",
          "participantID": "3210",
          "utterance": "골프를 하고 계시는군요? 저는 청소하는것을 좋아해요!  어떤 일을 하고 계시나요? 저는 항공기 조종사 입니다.",
          "summary": "나는 청소하는 것을 좋아한다 나는 항공기 조종사이다",
          "date": "2022-10-26",
          "time": "15:07:10",
          "terminate": "false"
        },
        {
          "speaker": "speaker1",
          "personaID": "51573",
          "participantID": "3816",
          "utterance": "아 멋진 일을 하시는군요! 저는 고등학교 졸업 후에 쭉 디자인 회사에 다니고 있어요",
          "summary": "나는 고등학교 졸업 후에 쭉 디자인 회사에 다니고 있다",
          "date": "2022-10-26",
          "time": "15:07:36",
          "terminate": "false"
        },
        {
          "speaker": "speaker2",
          "personaID": "32592",
          "participantID": "3210",
          "utterance": "그렇군요ㅎㅎ 좋아하는 색깔이 있으신가요? 저는 하얀색을 좋아해요",
          "summary": "나는 하얀색을 좋아한다",
          "date": "2022-10-26",
          "time": "15:13:20",
          "terminate": "false"
        },
        {
          "speaker": "speaker1",
          "personaID": "51573",
          "participantID": "3816",
          "utterance": "저는 보라색 좋아해요. 뭔가 오묘한 매력이 있거든요. ",
          "summary": "나는 뭔가 오묘한 매력이 있는 보라색을 좋아한다",
          "date": "2022-10-26",
          "time": "15:13:51",
          "terminate": "false"
        },
        {
          "speaker": "speaker2",
          "personaID": "32592",
          "participantID": "3210",
          "utterance": "맞아요 보라색은 그런 오묘한 매력이 있죠 ㅎㅎ 좋아하는 음식이 있으신가요?",
          "summary": "",
          "date": "2022-10-26",
          "time": "15:23:32",
          "terminate": "false"
        },
        {
          "speaker": "speaker1",
          "personaID": "51573",
          "participantID": "3816",
          "utterance": "저는 다 좋아하는데 밀가루, 단 음식 좋아해요. 어떤 음식 좋아하세요?",
          "summary": "나는 밀가루, 단 음식을 좋아한다",
          "date": "2022-10-26",
          "time": "15:25:06",
          "terminate": "false"
        },
        {
          "speaker": "speaker2",
          "personaID": "32592",
          "participantID": "3210",
          "utterance": "저는 요즘은 해산물을 좋아하는것같아요. 점심 식사는 하셨나요?",
          "summary": "나는 해산물을 좋아한다",
          "date": "2022-10-26",
          "time": "15:28:34",
          "terminate": "false"
        },
        {
          "speaker": "speaker1",
          "personaID": "51573",
          "participantID": "3816",
          "utterance": "저는 아직이요. 아침을 든든하게 먹었더니 배가 불러서 ㅎㅎ 해산물도 맛있죠",
          "summary": "나는 아침을 든든하게 먹었더니 배가 부르다",
          "date": "2022-10-26",
          "time": "15:29:12",
          "terminate": "false"
        },
        {
          "speaker": "speaker2",
          "personaID": "32592",
          "participantID": "3210",
          "utterance": "맞아요. 저는 오랜만에 부대찌게를 먹었어요. 요즘은 밀키트도 잘 나오더라구요!",
          "summary": "나는 밀 키트로 된 부대찌개를 먹었다.",
          "date": "2022-10-26",
          "time": "15:30:56",
          "terminate": "false"
        },
        {
          "speaker": "speaker1",
          "personaID": "51573",
          "participantID": "3816",
          "utterance": "맞아요. 요즘 밀키트 정말 잘 나와서 주부 입장에서 정말 반가워요",
          "summary": "나는 요즘 밀키트가 정말 잘 나와서 주부 입장에서 정말 반갑다",
          "date": "2022-10-26",
          "time": "15:31:54",
          "terminate": "false"
        },
        {
          "speaker": "speaker2",
          "personaID": "32592",
          "participantID": "3210",
          "utterance": "맞아요!! 진짜 너무 편리한 것 같아요. 저는 잠시 일이 생겨서 나가봐야할것같아요. 담에 또 연락해요 ㅎㅎ",
          "summary": "",
          "date": "2022-10-26",
          "time": "15:33:19",
          "terminate": "false"
        },
        {
          "speaker": "speaker1",
          "personaID": "51573",
          "participantID": "3816",
          "utterance": "네 반가웠어요. 다음에 또 만나요 ",
          "summary": "",
          "date": "2022-10-26",
          "time": "15:33:39",
          "terminate": "true"
        }
      ],
      "sessionPersonaSummary": {
        "speaker1": [
          "나는 50대 여성이다",
          "나는 가야금 연주를 배우고 있고 골프도 좋아한다",
          "나는 고등학교 졸업 후에 쭉 디자인 회사에 다니고 있다",
          "나는 뭔가 오묘한 매력이 있는 보라색을 좋아한다",
          "나는 밀가루, 단 음식을 좋아한다",
          "나는 아침을 든든하게 먹었더니 배가 부르다",
          "나는 요즘 밀키트가 정말 잘 나와서 주부 입장에서 정말 반갑다"
        ],
        "speaker2": [
          "나는 30대 여성이다",
          "나는 청소하는 것을 좋아한다",
          "나는 항공기 조종사이다",
          "나는 하얀색을 좋아한다",
          "나는 해산물을 좋아한다",
          "나는 밀 키트로 된 부대찌개를 먹었다."
        ]
      },
      "prevAggregatedpersonaSummary": {
        "speaker1": [],
        "speaker2": []
      }
    },
    {
      "prevSessionID": "2-00343-1",
      "prevTimeInfo": {
        "timeNum": "28",
        "timeUnit": "시간"
      },
      "nthSession": "2",
      "numberOfUtterances": "15",
      "numberOfTurns": "7",
      "sessionID": "2-00343-2",
      "dialog": [
        {
          "speaker": "speaker1",
          "personaID": "51573",
          "participantID": "3816",
          "utterance": "안녕하세요. 하루만에 날씨가 부쩍 추워졌네요",
          "summary": "",
          "date": "2022-10-26",
          "time": "15:35:33",
          "terminate": "false"
        },
        {
          "speaker": "speaker2",
          "personaID": "32592",
          "participantID": "3210",
          "utterance": "그러니까요 날씨가 너무 추워요 ㅠㅠ 잘 지내셨나요?",
          "summary": "",
          "date": "2022-10-26",
          "time": "15:41:18",
          "terminate": "false"
        },
        {
          "speaker": "speaker1",
          "personaID": "51573",
          "participantID": "3816",
          "utterance": "네 저는 잘 지냈어요. 오늘 문화 생활 좀 즐기고 왔어요 ㅎㅎ ",
          "summary": "나는 오늘 문화생활 좀 즐기고 왔다",
          "date": "2022-10-26",
          "time": "15:42:03",
          "terminate": "false"
        },
        {
          "speaker": "speaker2",
          "personaID": "32592",
          "participantID": "3210",
          "utterance": "오 문화생활로 어떤거 하셨나요? ",
          "summary": "",
          "date": "2022-10-26",
          "time": "15:43:12",
          "terminate": "false"
        },
        {
          "speaker": "speaker1",
          "personaID": "51573",
          "participantID": "3816",
          "utterance": "저 오래간만에 영화 보고 왔어요. 극장에 3년 만에 간 것 같아요 ",
          "summary": "나는 오래간만에 영화를 보고 왔고 극장에 3년 만에 간 것 같다",
          "date": "2022-10-26",
          "time": "15:43:58",
          "terminate": "false"
        },
        {
          "speaker": "speaker2",
          "personaID": "32592",
          "participantID": "3210",
          "utterance": "오 저도 최근에 영화 봤는데 ! 어떤거 보셨나요?",
          "summary": "나는 최근 영화를 봤다",
          "date": "2022-10-26",
          "time": "15:46:32",
          "terminate": "false"
        },
        {
          "speaker": "speaker1",
          "personaID": "51573",
          "participantID": "3816",
          "utterance": "저는 좀 와일드한 액션을 좋아해서 액션 영화 봤어요. ",
          "summary": "나는 좀 와일드한 액션을 좋아해서 액션 영화를 봤다",
          "date": "2022-10-26",
          "time": "15:47:03",
          "terminate": "false"
        },
        {
          "speaker": "speaker2",
          "personaID": "32592",
          "participantID": "3210",
          "utterance": "너무 재밌으셨을 것 같아요. 저도 액션 영화를 좋아해요 요즘 영화가 많이 개봉하는것같아서 기뻐요 ",
          "summary": "나는 액션 영화를 좋아한다",
          "date": "2022-10-26",
          "time": "15:49:12",
          "terminate": "false"
        },
        {
          "speaker": "speaker1",
          "personaID": "51573",
          "participantID": "3816",
          "utterance": "맞아요. 한동안 영화관에 가는게 어려웠는데 지금은 그래도 많이 나아진 것 같아요",
          "summary": "나는 한동안 영화관에 가는 게 어려웠는데 지금은 그래도 많이 나아진 것 같다",
          "date": "2022-10-26",
          "time": "15:50:11",
          "terminate": "false"
        },
        {
          "speaker": "speaker2",
          "personaID": "32592",
          "participantID": "3210",
          "utterance": "맞아요 이제는 영화관에서 식음료도 먹을 수 있잖아요.ㅎㅎ 또 어떤 문화 생활을 좋아하시나요?",
          "summary": "나는 영화관에서 식음료를 먹을 수 있어서 좋다",
          "date": "2022-10-26",
          "time": "15:51:48",
          "terminate": "false"
        },
        {
          "speaker": "speaker1",
          "personaID": "51573",
          "participantID": "3816",
          "utterance": "저는 연극도 좋아해요. 영화와는 다른 현장감이 느껴져서요. 어떤 문화 생활 즐기시나요?",
          "summary": "나는 영화와는 다른 현장감이 느껴져서 연극도 좋아한다",
          "date": "2022-10-26",
          "time": "15:53:04",
          "terminate": "false"
        },
        {
          "speaker": "speaker2",
          "personaID": "32592",
          "participantID": "3210",
          "utterance": "맞아요 연극은 그런 재미가 있는것같아요, 저는 방탈출을 좋아해요! ",
          "summary": "나는 방탈출을 좋아한다",
          "date": "2022-10-26",
          "time": "16:04:07",
          "terminate": "false"
        },
        {
          "speaker": "speaker1",
          "personaID": "51573",
          "participantID": "3816",
          "utterance": "방탈출도 너무 좋죠. 저는 가족이 한번 했는데 그게 재밌더라고요",
          "summary": "",
          "date": "2022-10-26",
          "time": "16:04:35",
          "terminate": "false"
        },
        {
          "speaker": "speaker2",
          "personaID": "32592",
          "participantID": "3210",
          "utterance": "맞아요 진짜 재밌어요 비싸기는 하지만 충분히 즐길만한 취미라고 생각해요 ! 저는 잠시 약속이 있어서 나가봐야할것같아요 담에 또 봬요 !",
          "summary": "나는 방탈출이 비싸지만 즐길만한 취미라고 생각한다",
          "date": "2022-10-26",
          "time": "16:07:12",
          "terminate": "false"
        },
        {
          "speaker": "speaker1",
          "personaID": "51573",
          "participantID": "3816",
          "utterance": "네 반가웠어요. 다음에 또 만나요 ",
          "summary": "",
          "date": "2022-10-26",
          "time": "16:07:55",
          "terminate": "true"
        }
      ],
      "sessionPersonaSummary": {
        "speaker1": [
          "나는 오늘 문화생활 좀 즐기고 왔다",
          "나는 오래간만에 영화를 보고 왔고 극장에 3년 만에 간 것 같다",
          "나는 좀 와일드한 액션을 좋아해서 액션 영화를 봤다",
          "나는 한동안 영화관에 가는 게 어려웠는데 지금은 그래도 많이 나아진 것 같다",
          "나는 영화와는 다른 현장감이 느껴져서 연극도 좋아한다"
        ],
        "speaker2": [
          "나는 최근 영화를 봤다",
          "나는 액션 영화를 좋아한다",
          "나는 영화관에서 식음료를 먹을 수 있어서 좋다",
          "나는 방탈출을 좋아한다",
          "나는 방탈출이 비싸지만 즐길만한 취미라고 생각한다"
        ]
      },
      "prevAggregatedpersonaSummary": {
        "speaker1": [
          "나는 50대 여성이다",
          "나는 가야금 연주를 배우고 있고 골프도 좋아한다",
          "나는 고등학교 졸업 후에 쭉 디자인 회사에 다니고 있다",
          "나는 뭔가 오묘한 매력이 있는 보라색을 좋아한다",
          "나는 밀가루, 단 음식을 좋아한다",
          "나는 아침을 든든하게 먹었더니 배가 부르다",
          "나는 요즘 밀키트가 정말 잘 나와서 주부 입장에서 정말 반갑다"
        ],
        "speaker2": [
          "나는 30대 여성이다",
          "나는 청소하는 것을 좋아한다",
          "나는 항공기 조종사이다",
          "나는 하얀색을 좋아한다",
          "나는 해산물을 좋아한다",
          "나는 밀 키트로 된 부대찌개를 먹었다."
        ]
      }
    }
  ]
}