{
  "FileInfo": {
    "filename": "K2-00410-CL23903-CP24613-16-01-S2.json",
    "sessionLevel": "2"
  },
  "participantsInfo": {
    "numberOfParticipants": "2",
    "speaker1": {
      "participantID": "1101",
      "gender": "여성",
      "age": "20대",
      "occupation": "전문직",
      "bPlace": "서울/경기/인천",
      "gPlace": "서울/경기/인천",
      "rPlace": "서울/경기/인천",
      "educationLevel": "대졸"
    },
    "speaker2": {
      "participantID": "1147",
      "gender": "여성",
      "age": "20대",
      "occupation": "무직",
      "bPlace": "광주/전라/제주",
      "gPlace": "광주/전라/제주",
      "rPlace": "광주/전라/제주",
      "educationLevel": "대졸"
    }
  },
  "multisessionInfo": {
    "multisessionID": "2-00410"
  },
  "personaInfo": {
    "clInfo": {
      "personaID": "23903",
      "personaFeatures": [
        "나는 여자이다.",
        "나는 20대이다.",
        "나는 매우 털털하다.",
        "나는 주말에 집에서 시간을 보낸다.",
        "나는 오보에 연주를 배우고 있다.",
        "나는 카페라테를 좋아한다."
      ],
      "speakerType": "speaker1"
    },
    "cpInfo": {
      "personaID": "24613",
      "personaFeatures": [
        "나는 여자이다.",
        "나는 20대이다.",
        "나는 요즘, 매일 짜증이 난다.",
        "나는 홈쇼핑 MD이다.",
        "나는 스릴러 영화를 자주 본다.",
        "나는 카페라테를 좋아한다."
      ],
      "speakerType": "speaker2"
    }
  },
  "topicInfo": {
    "topicID": "16-01",
    "topicType": "미용과 건강>미용",
    "topicTitle": "미용"
  },
  "sessionInfo": [
    {
      "prevSessionID": null,
      "prevTimeInfo": {
        "timeNum": null,
        "timeUnit": null
      },
      "nthSession": "1",
      "numberOfUtterances": "18",
      "numberOfTurns": "9",
      "sessionID": "2-00410-1",
      "dialog": [
        {
          "speaker": "speaker1",
          "personaID": "23903",
          "participantID": "1101",
          "utterance": "처음 뵙겠습니다. 저는 20대 여성입니다.",
          "summary": "나는 20대 여성이다.",
          "date": "2022-10-28",
          "time": "14:01:46",
          "terminate": "false"
        },
        {
          "speaker": "speaker2",
          "personaID": "24613",
          "participantID": "1147",
          "utterance": "반갑습니다. 저도 20대 여성입니다.",
          "summary": "나는 20대 여성이다.",
          "date": "2022-10-28",
          "time": "14:01:57",
          "terminate": "false"
        },
        {
          "speaker": "speaker1",
          "personaID": "23903",
          "participantID": "1101",
          "utterance": "저는 직장을 다니고 있어요! 어떤 일을 하시나요?",
          "summary": "나는 직장인이다.",
          "date": "2022-10-28",
          "time": "14:02:07",
          "terminate": "false"
        },
        {
          "speaker": "speaker2",
          "personaID": "24613",
          "participantID": "1147",
          "utterance": "저는 지금 홈쇼핑 MD로 일을 하고 있습니다.",
          "summary": "나는 홈쇼핑 MD이다.",
          "date": "2022-10-28",
          "time": "14:02:10",
          "terminate": "false"
        },
        {
          "speaker": "speaker1",
          "personaID": "23903",
          "participantID": "1101",
          "utterance": "그러시군요! 홈쇼핑일은 바쁘실거 같아요.",
          "summary": "",
          "date": "2022-10-28",
          "time": "14:02:43",
          "terminate": "false"
        },
        {
          "speaker": "speaker2",
          "personaID": "24613",
          "participantID": "1147",
          "utterance": "네 오늘도 일이 바뻐서 정신이 하나도 없네요ㅠ.",
          "summary": "",
          "date": "2022-10-28",
          "time": "14:02:58",
          "terminate": "false"
        },
        {
          "speaker": "speaker1",
          "personaID": "23903",
          "participantID": "1101",
          "utterance": "아이고ㅠ 그러시군요. 저는 악기 연주가 취미인데 혹시 취미생활이 있으세요?",
          "summary": "",
          "date": "2022-10-28",
          "time": "14:03:24",
          "terminate": "false"
        },
        {
          "speaker": "speaker2",
          "personaID": "24613",
          "participantID": "1147",
          "utterance": "네 저는 영화보는게 취미예요. 퇴근후에 항상 영화 한 편은 보고 있어요.",
          "summary": "나는 퇴근 후에 항상 영화 한 편을 본다.",
          "date": "2022-10-28",
          "time": "14:03:45",
          "terminate": "false"
        },
        {
          "speaker": "speaker1",
          "personaID": "23903",
          "participantID": "1101",
          "utterance": "아하 그렇군요. 어떤 영화를 좋아하시나요?",
          "summary": "",
          "date": "2022-10-28",
          "time": "14:04:18",
          "terminate": "false"
        },
        {
          "speaker": "speaker2",
          "personaID": "24613",
          "participantID": "1147",
          "utterance": "저는 스릴러 영화를 좋아해서 자주 봐요. 근데 어떤 악기를 연주하세요?",
          "summary": "나는 스릴러 영화를 자주 본다.",
          "date": "2022-10-28",
          "time": "14:04:37",
          "terminate": "false"
        },
        {
          "speaker": "speaker1",
          "personaID": "23903",
          "participantID": "1101",
          "utterance": "스릴러 영화 좋죠. 저는 오보에 연주를 배우고 있어요.",
          "summary": "나는 오보에 연주를 배우고 있다.",
          "date": "2022-10-28",
          "time": "14:04:55",
          "terminate": "false"
        },
        {
          "speaker": "speaker2",
          "personaID": "24613",
          "participantID": "1147",
          "utterance": "오보에를 연주하는군요. 연주하는건 어렵지 않나요?",
          "summary": "",
          "date": "2022-10-28",
          "time": "14:05:21",
          "terminate": "false"
        },
        {
          "speaker": "speaker1",
          "personaID": "23903",
          "participantID": "1101",
          "utterance": "솔직히 좀 어려워요ㅠ 그래도 제가 매우 털털해서 그런지 그냥 대충 즐겁게 배우고 있어요.",
          "summary": "나는 매우 털털하다.",
          "date": "2022-10-28",
          "time": "14:06:13",
          "terminate": "false"
        },
        {
          "speaker": "speaker2",
          "personaID": "24613",
          "participantID": "1147",
          "utterance": "그러면 다행이네요. 잠시 여유가 나서 카페에 좀 갔다와야겠어요.",
          "summary": "",
          "date": "2022-10-28",
          "time": "14:06:30",
          "terminate": "false"
        },
        {
          "speaker": "speaker1",
          "personaID": "23903",
          "participantID": "1101",
          "utterance": "커피를 좋아하시나요? 저도 커피 한잔 해야겠어요.",
          "summary": "",
          "date": "2022-10-28",
          "time": "14:06:46",
          "terminate": "false"
        },
        {
          "speaker": "speaker2",
          "personaID": "24613",
          "participantID": "1147",
          "utterance": "네 카페라떼를 좋아하는데 한 잔 마시고 와서 일을 해야겠네요.",
          "summary": "나는 카페라테를 좋아한다.",
          "date": "2022-10-28",
          "time": "14:06:57",
          "terminate": "false"
        },
        {
          "speaker": "speaker1",
          "personaID": "23903",
          "participantID": "1101",
          "utterance": "헐 신기하네요! 저도 카페라떼를 좋아해요. 매일마시고 있어요ㅋㅋ 그럼 또 연락할게요.",
          "summary": "나는 카페라테를 좋아한다.",
          "date": "2022-10-28",
          "time": "14:07:35",
          "terminate": "false"
        },
        {
          "speaker": "speaker2",
          "personaID": "24613",
          "participantID": "1147",
          "utterance": "정말 신기하네요. 그럼 다음에 또 연락주세요~!",
          "summary": "",
          "date": "2022-10-28",
          "time": "14:07:47",
          "terminate": "true"
        }
      ],
      "sessionPersonaSummary": {
        "speaker1": [
          "나는 20대 여성이다.",
          "나는 직장인이다.",
          "나는 오보에 연주를 배우고 있다.",
          "나는 매우 털털하다.",
          "나는 카페라테를 좋아한다."
        ],
        "speaker2": [
          "나는 20대 여성이다.",
          "나는 홈쇼핑 MD이다.",
          "나는 퇴근 후에 항상 영화 한 편을 본다.",
          "나는 스릴러 영화를 자주 본다.",
          "나는 카페라테를 좋아한다."
        ]
      },
      "prevAggregatedpersonaSummary": {
        "speaker1": [],
        "speaker2": []
      }
    },
    {
      "prevSessionID": "2-00410-1",
      "prevTimeInfo": {
        "timeNum": "2",
        "timeUnit": "주"
      },
      "nthSession": "2",
      "numberOfUtterances": "18",
      "numberOfTurns": "9",
      "sessionID": "2-00410-2",
      "dialog": [
        {
          "speaker": "speaker1",
          "personaID": "23903",
          "participantID": "1101",
          "utterance": "반갑습니다. 2주일만인데 별일은 없으셨나요?",
          "summary": "",
          "date": "2022-10-28",
          "time": "14:08:15",
          "terminate": "false"
        },
        {
          "speaker": "speaker2",
          "personaID": "24613",
          "participantID": "1147",
          "utterance": "요즘 매일 짜증이나요ㅠ 엄마가 잔소리가 너무 심하시네요ㅠ.",
          "summary": "나는 요즘 매일 짜증이 난다.",
          "date": "2022-10-28",
          "time": "14:08:33",
          "terminate": "false"
        },
        {
          "speaker": "speaker1",
          "personaID": "23903",
          "participantID": "1101",
          "utterance": "헐 그래요? 왜 잔소리가 심하신건가요?",
          "summary": "",
          "date": "2022-10-28",
          "time": "14:09:13",
          "terminate": "false"
        },
        {
          "speaker": "speaker2",
          "personaID": "24613",
          "participantID": "1147",
          "utterance": "아 사실 제가 잘못하긴했네요ㅠ 제가 카드값이 많이 나왔거든요ㅠ 이번달에 좀 많이쓰긴했어요ㅠ.",
          "summary": "나는 카드값이 많이 나왔다.",
          "date": "2022-10-28",
          "time": "14:09:39",
          "terminate": "false"
        },
        {
          "speaker": "speaker1",
          "personaID": "23903",
          "participantID": "1101",
          "utterance": "그럼 잔소리 들어도 어쩔수 없긴하네요ㅠ 오늘은 미용실에 왔어요.",
          "summary": "",
          "date": "2022-10-28",
          "time": "14:10:40",
          "terminate": "false"
        },
        {
          "speaker": "speaker2",
          "personaID": "24613",
          "participantID": "1147",
          "utterance": "네ㅠ 그런것같긴한데 너무 심해서 좀 짜증이나긴해요ㅠ 근데 미용실에는 어떤 머리 하러 가셨나요?",
          "summary": "",
          "date": "2022-10-28",
          "time": "14:11:02",
          "terminate": "false"
        },
        {
          "speaker": "speaker1",
          "personaID": "23903",
          "participantID": "1101",
          "utterance": "엄마는 걱정이 되어서 그러신걸거예요ㅠ 제가 원래 주말에 집에서 시간을 보내거든요. 오늘은 결혼식이 있어서 어쩔수 없이 나왔어요.",
          "summary": "나는 주말에 집에서 시간을 보낸다.",
          "date": "2022-10-28",
          "time": "14:12:26",
          "terminate": "false"
        },
        {
          "speaker": "speaker2",
          "personaID": "24613",
          "participantID": "1147",
          "utterance": "네ㅠ 그럼 결혼식 때문에 미용실에 가신거군요.",
          "summary": "",
          "date": "2022-10-28",
          "time": "14:12:46",
          "terminate": "false"
        },
        {
          "speaker": "speaker1",
          "personaID": "23903",
          "participantID": "1101",
          "utterance": "네 머리 드라이도 하고.. 제가 화장을 못해서 가볍게 화장도 받으려고 해요. 여기 미용실은 미용관련 다 가능하네요.",
          "summary": "나는 화장을 못한다.",
          "date": "2022-10-28",
          "time": "14:13:33",
          "terminate": "false"
        },
        {
          "speaker": "speaker2",
          "personaID": "24613",
          "participantID": "1147",
          "utterance": "그렇군요. 맞아요 그렇다고 들었어요. 근데 저는 한번도 미용실에서 화장을 받아본 적은 없네요.",
          "summary": "나는 미용실에서 화장을 받아본 적이 없다.",
          "date": "2022-10-28",
          "time": "14:13:51",
          "terminate": "false"
        },
        {
          "speaker": "speaker1",
          "personaID": "23903",
          "participantID": "1101",
          "utterance": "너무 과하지 않게 해달라고 했는데 지금까지는 마음에 드는거 같아요. 화장을 평소에 하시나요?",
          "summary": "",
          "date": "2022-10-28",
          "time": "14:14:17",
          "terminate": "false"
        },
        {
          "speaker": "speaker2",
          "personaID": "24613",
          "participantID": "1147",
          "utterance": "네 잘하는편은 아니지만 평소에 제가 화장을 해요. 돈주고는 화장받기가 아깝네요.",
          "summary": "",
          "date": "2022-10-28",
          "time": "14:14:36",
          "terminate": "false"
        },
        {
          "speaker": "speaker1",
          "personaID": "23903",
          "participantID": "1101",
          "utterance": "그래도 특별한 날에는 좀 신경을 쓰고 싶더라구요.",
          "summary": "",
          "date": "2022-10-28",
          "time": "14:15:07",
          "terminate": "false"
        },
        {
          "speaker": "speaker2",
          "personaID": "24613",
          "participantID": "1147",
          "utterance": "그렇군요. 머리는 어떤 스타일로 하시나요?",
          "summary": "",
          "date": "2022-10-28",
          "time": "14:15:21",
          "terminate": "false"
        },
        {
          "speaker": "speaker1",
          "personaID": "23903",
          "participantID": "1101",
          "utterance": "그냥 드라이만 할려고 해요. 저는 미용관련은 손재주가 없어서요.",
          "summary": "나는 미용 관련 손재주가 없다.",
          "date": "2022-10-28",
          "time": "14:15:39",
          "terminate": "false"
        },
        {
          "speaker": "speaker2",
          "personaID": "24613",
          "participantID": "1147",
          "utterance": "근데 오늘 누구 결혼식에 가시는 거예요?",
          "summary": "",
          "date": "2022-10-28",
          "time": "14:15:58",
          "terminate": "false"
        },
        {
          "speaker": "speaker1",
          "personaID": "23903",
          "participantID": "1101",
          "utterance": "친구 결혼식을 가요. 그럼 다음에 또 대화해요!",
          "summary": "나는 친구 결혼식을 간다.",
          "date": "2022-10-28",
          "time": "14:16:18",
          "terminate": "false"
        },
        {
          "speaker": "speaker2",
          "personaID": "24613",
          "participantID": "1147",
          "utterance": "네 그럼 오늘 결혼식 잘 다녀오시고 다음에 또 연락주세요~!",
          "summary": "",
          "date": "2022-10-28",
          "time": "14:16:20",
          "terminate": "true"
        }
      ],
      "sessionPersonaSummary": {
        "speaker1": [
          "나는 주말에 집에서 시간을 보낸다.",
          "나는 화장을 못한다.",
          "나는 미용 관련 손재주가 없다.",
          "나는 친구 결혼식을 간다."
        ],
        "speaker2": [
          "나는 요즘 매일 짜증이 난다.",
          "나는 카드값이 많이 나왔다.",
          "나는 미용실에서 화장을 받아본 적이 없다."
        ]
      },
      "prevAggregatedpersonaSummary": {
        "speaker1": [
          "나는 20대 여성이다.",
          "나는 직장인이다.",
          "나는 오보에 연주를 배우고 있다.",
          "나는 매우 털털하다.",
          "나는 카페라테를 좋아한다."
        ],
        "speaker2": [
          "나는 20대 여성이다.",
          "나는 홈쇼핑 MD이다.",
          "나는 퇴근 후에 항상 영화 한 편을 본다.",
          "나는 스릴러 영화를 자주 본다.",
          "나는 카페라테를 좋아한다."
        ]
      }
    }
  ]
}