{
  "FileInfo": {
    "filename": "K2-00338-CL33016-CP33259-02-02-S2.json",
    "sessionLevel": "2"
  },
  "participantsInfo": {
    "numberOfParticipants": "2",
    "speaker1": {
      "participantID": "0666",
      "gender": "남성",
      "age": "30대",
      "occupation": "무직",
      "bPlace": "서울/경기/인천",
      "gPlace": "서울/경기/인천",
      "rPlace": "서울/경기/인천",
      "educationLevel": "대졸"
    },
    "speaker2": {
      "participantID": "0717",
      "gender": "남성",
      "age": "30대",
      "occupation": "무직",
      "bPlace": "서울/경기/인천",
      "gPlace": "서울/경기/인천",
      "rPlace": "서울/경기/인천",
      "educationLevel": "대졸"
    }
  },
  "multisessionInfo": {
    "multisessionID": "2-00338"
  },
  "personaInfo": {
    "clInfo": {
      "personaID": "33016",
      "personaFeatures": [
        "나는 남자이다.",
        "나는 30대이다.",
        "나는 범죄 영화를 자주 본다.",
        "나는 자동차 정비원이다.",
        "나는 가끔 짜증이 난다.",
        "나는 다림질하는 것을 싫어한다."
      ],
      "speakerType": "speaker1"
    },
    "cpInfo": {
      "personaID": "33259",
      "personaFeatures": [
        "나는 남자이다.",
        "나는 30대이다.",
        "나는 SF 영화를 자주 본다.",
        "나는 주말에 공부를 한다.",
        "나는 다소 사교적이다.",
        "나는 사과를 즐겨 먹는다."
      ],
      "speakerType": "speaker2"
    }
  },
  "topicInfo": {
    "topicID": "02-02",
    "topicType": "주거와 생활",
    "topicTitle": "아파트"
  },
  "sessionInfo": [
    {
      "prevSessionID": null,
      "prevTimeInfo": {
        "timeNum": null,
        "timeUnit": null
      },
      "nthSession": "1",
      "numberOfUtterances": "18",
      "numberOfTurns": "9",
      "sessionID": "2-00338-1",
      "dialog": [
        {
          "speaker": "speaker1",
          "personaID": "33016",
          "participantID": "0666",
          "utterance": "반갑습니다. 저는 자동차 정비원이고 남양주에 사는 30대 남성입니다.",
          "summary": "나는 자동차 정비원이다. 나는 남양주에 사는 30대 남성이다.",
          "date": "2022-10-16",
          "time": "20:23:25",
          "terminate": "false"
        },
        {
          "speaker": "speaker2",
          "personaID": "33259",
          "participantID": "0717",
          "utterance": "전 안산에 거주중인 30대 남성이에요~ 저도 반가워요~",
          "summary": "나는 안산에 사는 30대 남성이다.",
          "date": "2022-10-16",
          "time": "20:23:37",
          "terminate": "false"
        },
        {
          "speaker": "speaker1",
          "personaID": "33016",
          "participantID": "0666",
          "utterance": "저는 자동차 정비일을 퇴근하고 집에 가고 있어요. 뭐하고 계세요?",
          "summary": "나는 퇴근하고 집에 간다.",
          "date": "2022-10-16",
          "time": "20:23:58",
          "terminate": "false"
        },
        {
          "speaker": "speaker2",
          "personaID": "33259",
          "participantID": "0717",
          "utterance": "전 SF영화를 보고 있어요~ SF 영화를 좋아해서 자주 봐요~",
          "summary": "나는 SF영화를 좋아한다.",
          "date": "2022-10-16",
          "time": "20:25:50",
          "terminate": "false"
        },
        {
          "speaker": "speaker1",
          "personaID": "33016",
          "participantID": "0666",
          "utterance": "SF영화를 좋아하시나봐요. 저는 범죄 영화를 좋아해서 자주 봐요. 범죄영화는 안좋아하세요?",
          "summary": "나는 범죄 영화를 좋아한다.",
          "date": "2022-10-16",
          "time": "20:26:08",
          "terminate": "false"
        },
        {
          "speaker": "speaker2",
          "personaID": "33259",
          "participantID": "0717",
          "utterance": "범죄 영화도 좋아하죠~ 친구들과 범죄영화보러 자주 다녀요~",
          "summary": "나는 범죄영화를 좋아한다.",
          "date": "2022-10-16",
          "time": "20:26:38",
          "terminate": "false"
        },
        {
          "speaker": "speaker1",
          "personaID": "33016",
          "participantID": "0666",
          "utterance": "범죄영화도 좋아하시는구나. 지금은 무슨 영화 봐요?",
          "summary": "",
          "date": "2022-10-16",
          "time": "20:26:49",
          "terminate": "false"
        },
        {
          "speaker": "speaker2",
          "personaID": "33259",
          "participantID": "0717",
          "utterance": "블레이드 러너라는 영화를 보고 있어요~",
          "summary": "나는 블레이드 러너라는 영화를 보고 있다.",
          "date": "2022-10-16",
          "time": "20:27:12",
          "terminate": "false"
        },
        {
          "speaker": "speaker1",
          "personaID": "33016",
          "participantID": "0666",
          "utterance": "그 영화 처음 들어보는데 재미있어요?",
          "summary": "",
          "date": "2022-10-16",
          "time": "20:27:29",
          "terminate": "false"
        },
        {
          "speaker": "speaker2",
          "personaID": "33259",
          "participantID": "0717",
          "utterance": "네~ 볼만해요~ 사과 먹으면서 영화보고 있는데 사과가 꿀맛있네요~ 사과 좋아하시나요?",
          "summary": "나는 사과 먹으면서 영화를 보고 있다.",
          "date": "2022-10-16",
          "time": "20:29:33",
          "terminate": "false"
        },
        {
          "speaker": "speaker1",
          "personaID": "33016",
          "participantID": "0666",
          "utterance": "사과는 별로 안좋아해요~ 사과 좋아하시나봐요?",
          "summary": "나는 사과를 별로 안 좋아한다.",
          "date": "2022-10-16",
          "time": "20:29:43",
          "terminate": "false"
        },
        {
          "speaker": "speaker2",
          "personaID": "33259",
          "participantID": "0717",
          "utterance": "맞아요~ 사과를 좋아해서 사과를 즐겨 먹어요~",
          "summary": "나는 사과를 좋아한다.",
          "date": "2022-10-16",
          "time": "20:29:58",
          "terminate": "false"
        },
        {
          "speaker": "speaker1",
          "personaID": "33016",
          "participantID": "0666",
          "utterance": "식사 할 시간이 되었는데 저녁밥은 먹었어요?",
          "summary": "",
          "date": "2022-10-16",
          "time": "20:30:13",
          "terminate": "false"
        },
        {
          "speaker": "speaker2",
          "personaID": "33259",
          "participantID": "0717",
          "utterance": "아직 안먹었어요~ 영화 다 보고 친구들과 먹을 생각이에요~",
          "summary": "나는 영화 다 보고 친구들과 밥을 먹을 것이다.",
          "date": "2022-10-16",
          "time": "20:31:12",
          "terminate": "false"
        },
        {
          "speaker": "speaker1",
          "personaID": "33016",
          "participantID": "0666",
          "utterance": "저는 집에 가서 밥 먹을 생각인데 요즘 가스불이 잘 안들어와서 가끔 짜증이나요.",
          "summary": "나는 집에 가서 밥 먹을 생각이다. 요즘 가스불이 잘 안 들어와서 가끔 짜증 난다.",
          "date": "2022-10-16",
          "time": "20:31:46",
          "terminate": "false"
        },
        {
          "speaker": "speaker2",
          "personaID": "33259",
          "participantID": "0717",
          "utterance": "가스가 다 된거 아니에요? 가스 점검 해보셔야 할 것 같아요~",
          "summary": "",
          "date": "2022-10-16",
          "time": "20:32:01",
          "terminate": "false"
        },
        {
          "speaker": "speaker1",
          "personaID": "33016",
          "participantID": "0666",
          "utterance": "가스 교체한지 얼마안되었는데 다시 불러야겠네요. 저는 방금 집에 와서 샤워하러 가볼게요.",
          "summary": "나는 샤워하러 간다.",
          "date": "2022-10-16",
          "time": "20:32:19",
          "terminate": "false"
        },
        {
          "speaker": "speaker2",
          "personaID": "33259",
          "participantID": "0717",
          "utterance": "점검 다시 한번 해보세요~ 샤워 천천히 하고 와요~",
          "summary": "",
          "date": "2022-10-16",
          "time": "20:32:32",
          "terminate": "true"
        }
      ],
      "sessionPersonaSummary": {
        "speaker1": [
          "나는 자동차 정비원이다. 나는 남양주에 사는 30대 남성이다.",
          "나는 퇴근하고 집에 간다.",
          "나는 범죄 영화를 좋아한다.",
          "나는 사과를 별로 안 좋아한다.",
          "나는 집에 가서 밥 먹을 생각이다. 요즘 가스불이 잘 안 들어와서 가끔 짜증 난다.",
          "나는 샤워하러 간다."
        ],
        "speaker2": [
          "나는 안산에 사는 30대 남성이다.",
          "나는 SF영화를 좋아한다.",
          "나는 범죄영화를 좋아한다.",
          "나는 블레이드 러너라는 영화를 보고 있다.",
          "나는 사과 먹으면서 영화를 보고 있다.",
          "나는 사과를 좋아한다.",
          "나는 영화 다 보고 친구들과 밥을 먹을 것이다."
        ]
      },
      "prevAggregatedpersonaSummary": {
        "speaker1": [],
        "speaker2": []
      }
    },
    {
      "prevSessionID": "2-00338-1",
      "prevTimeInfo": {
        "timeNum": "1",
        "timeUnit": "시간"
      },
      "nthSession": "2",
      "numberOfUtterances": "18",
      "numberOfTurns": "9",
      "sessionID": "2-00338-2",
      "dialog": [
        {
          "speaker": "speaker1",
          "personaID": "33016",
          "participantID": "0666",
          "utterance": "오늘은 가스 불이 들어와서 닭볶음탕 먹고 왔어요. 식사 하셨어요?",
          "summary": "나는 닭볶음탕을 먹었다.",
          "date": "2022-10-16",
          "time": "20:35:57",
          "terminate": "false"
        },
        {
          "speaker": "speaker2",
          "personaID": "33259",
          "participantID": "0717",
          "utterance": "전 이제 친구만나러 가고 있어요~ 제가 사교적이라서 항상 저녁에는 친구들과 같이 밥을 먹어요~",
          "summary": "나는 친구 만나러 가고 있다. 나는 사교적이라서 친구들과 항상 저녁에 같이 밥을 먹는다.",
          "date": "2022-10-16",
          "time": "20:36:17",
          "terminate": "false"
        },
        {
          "speaker": "speaker1",
          "personaID": "33016",
          "participantID": "0666",
          "utterance": "친구들과 뭐 드시려고 하시는거에요?",
          "summary": "",
          "date": "2022-10-16",
          "time": "20:37:06",
          "terminate": "false"
        },
        {
          "speaker": "speaker2",
          "personaID": "33259",
          "participantID": "0717",
          "utterance": "부대찌개 먹을 생각이에요~ 가스불이 들어왔다니 다행이시네요~",
          "summary": "나는 친구들과 부대찌개 먹을 것이다.",
          "date": "2022-10-16",
          "time": "20:37:59",
          "terminate": "false"
        },
        {
          "speaker": "speaker1",
          "personaID": "33016",
          "participantID": "0666",
          "utterance": "가스불이 안들어왔으면 짜증날뻔 했어요. 저는 내일 친구 결혼식이 있어서 정장을 다려야해요.",
          "summary": "내일 친구 결혼식이 있어서 정장을 다려야 한다.",
          "date": "2022-10-16",
          "time": "20:38:29",
          "terminate": "false"
        },
        {
          "speaker": "speaker2",
          "personaID": "33259",
          "participantID": "0717",
          "utterance": "내일 친구분 결혼하면 친구분께 축하드릴 일이네요~",
          "summary": "",
          "date": "2022-10-16",
          "time": "20:38:43",
          "terminate": "false"
        },
        {
          "speaker": "speaker1",
          "personaID": "33016",
          "participantID": "0666",
          "utterance": "맞아요. 근데 다림질은 항상 할 때 마다 하기 싫어요. 제가 결혼을 못해서 심술나는 것 같아요.",
          "summary": "나는 다림질은 할 때마다 하기 싫다.",
          "date": "2022-10-16",
          "time": "20:39:12",
          "terminate": "false"
        },
        {
          "speaker": "speaker2",
          "personaID": "33259",
          "participantID": "0717",
          "utterance": "그 마음 알죠~ 전 요즘 취업 준비하기 위해서 평일에 아르바이트하고 주말에는 디자인 공부 하고 있어요~",
          "summary": "나는 평일에는 아르바이트를 하고 주말에는 디자인 공부를 한다.",
          "date": "2022-10-16",
          "time": "20:39:36",
          "terminate": "false"
        },
        {
          "speaker": "speaker1",
          "personaID": "33016",
          "participantID": "0666",
          "utterance": "디자인쪽으로 취업하시려고 하시나봐요. 공부한지 오래 되셨어요?",
          "summary": "",
          "date": "2022-10-16",
          "time": "20:39:54",
          "terminate": "false"
        },
        {
          "speaker": "speaker2",
          "personaID": "33259",
          "participantID": "0717",
          "utterance": "8개월째 공부하고 있어요~ 집에서는 공부 집중이 안되더라구요~",
          "summary": "나는 8개월째 공부하고 있다.",
          "date": "2022-10-16",
          "time": "20:40:10",
          "terminate": "false"
        },
        {
          "speaker": "speaker1",
          "personaID": "33016",
          "participantID": "0666",
          "utterance": "집에서 집중하기 힘들긴 하죠. 도서관 가서 공부하시는거에요?",
          "summary": "",
          "date": "2022-10-16",
          "time": "20:40:21",
          "terminate": "false"
        },
        {
          "speaker": "speaker2",
          "personaID": "33259",
          "participantID": "0717",
          "utterance": "네~ 도서관 가요~ 제가 아파트에 사는데 윗집 소음 때문에 집중이 안되요~",
          "summary": "나는 아파트에 산다. 윗집 소음 때문에 공부에 집중이 안된다.",
          "date": "2022-10-16",
          "time": "20:42:32",
          "terminate": "false"
        },
        {
          "speaker": "speaker1",
          "personaID": "33016",
          "participantID": "0666",
          "utterance": "아파트에 사시는구나. 윗집 소음이 많이 심해요?",
          "summary": "",
          "date": "2022-10-16",
          "time": "20:43:37",
          "terminate": "false"
        },
        {
          "speaker": "speaker2",
          "personaID": "33259",
          "participantID": "0717",
          "utterance": "윗집에 @이름1@이 사는데 계속 쿵쿵 소리가 심하더라구요~",
          "summary": "윗집에 @이름1@이 산다.",
          "date": "2022-10-16",
          "time": "20:44:00",
          "terminate": "false"
        },
        {
          "speaker": "speaker1",
          "personaID": "33016",
          "participantID": "0666",
          "utterance": "그러면 집중하기 힘들 것 같아요. 자격증 준비 하시는거에요?",
          "summary": "",
          "date": "2022-10-16",
          "time": "20:44:17",
          "terminate": "false"
        },
        {
          "speaker": "speaker2",
          "personaID": "33259",
          "participantID": "0717",
          "utterance": "자격증도 준비하고 있고 실무에 필요한 기술 공부도 하고 있어요~",
          "summary": "나는 자격증 준비를 한다. 나는 실무에 필요한 기술 공부를 한다.",
          "date": "2022-10-16",
          "time": "20:45:22",
          "terminate": "false"
        },
        {
          "speaker": "speaker1",
          "personaID": "33016",
          "participantID": "0666",
          "utterance": "열심히 공부하시는 것 같아요. 저는 이제 설거지 하러 가볼게요.",
          "summary": "나는 설거지하러 간다.",
          "date": "2022-10-16",
          "time": "20:45:35",
          "terminate": "false"
        },
        {
          "speaker": "speaker2",
          "personaID": "33259",
          "participantID": "0717",
          "utterance": "설거지 천천히 하고 오세요~ 오늘 좋은 하루 보내세요~",
          "summary": "",
          "date": "2022-10-16",
          "time": "20:45:45",
          "terminate": "true"
        }
      ],
      "sessionPersonaSummary": {
        "speaker1": [
          "나는 닭볶음탕을 먹었다.",
          "내일 친구 결혼식이 있어서 정장을 다려야 한다.",
          "나는 다림질은 할 때마다 하기 싫다.",
          "나는 설거지하러 간다."
        ],
        "speaker2": [
          "나는 친구 만나러 가고 있다. 나는 사교적이라서 친구들과 항상 저녁에 같이 밥을 먹는다.",
          "나는 친구들과 부대찌개 먹을 것이다.",
          "나는 평일에는 아르바이트를 하고 주말에는 디자인 공부를 한다.",
          "나는 8개월째 공부하고 있다.",
          "나는 아파트에 산다. 윗집 소음 때문에 공부에 집중이 안된다.",
          "윗집에 @이름1@이 산다.",
          "나는 자격증 준비를 한다. 나는 실무에 필요한 기술 공부를 한다."
        ]
      },
      "prevAggregatedpersonaSummary": {
        "speaker1": [
          "나는 자동차 정비원이다. 나는 남양주에 사는 30대 남성이다.",
          "나는 퇴근하고 집에 간다.",
          "나는 범죄 영화를 좋아한다.",
          "나는 사과를 별로 안 좋아한다.",
          "나는 집에 가서 밥 먹을 생각이다. 요즘 가스불이 잘 안 들어와서 가끔 짜증 난다.",
          "나는 샤워하러 간다."
        ],
        "speaker2": [
          "나는 안산에 사는 30대 남성이다.",
          "나는 SF영화를 좋아한다.",
          "나는 범죄영화를 좋아한다.",
          "나는 블레이드 러너라는 영화를 보고 있다.",
          "나는 사과 먹으면서 영화를 보고 있다.",
          "나는 사과를 좋아한다.",
          "나는 영화 다 보고 친구들과 밥을 먹을 것이다."
        ]
      }
    }
  ]
}