{
  "FileInfo": {
    "filename": "K2-00540-CL21943-CP22599-06-08-S2.json",
    "sessionLevel": "2"
  },
  "participantsInfo": {
    "numberOfParticipants": "2",
    "speaker1": {
      "participantID": "3436",
      "gender": "여성",
      "age": "30대",
      "occupation": "주부",
      "bPlace": "광주/전라/제주",
      "gPlace": "광주/전라/제주",
      "rPlace": "서울/경기/인천",
      "educationLevel": "대졸"
    },
    "speaker2": {
      "participantID": "3429",
      "gender": "여성",
      "age": "30대",
      "occupation": "전문직",
      "bPlace": "서울/경기/인천",
      "gPlace": "서울/경기/인천",
      "rPlace": "서울/경기/인천",
      "educationLevel": "대졸"
    }
  },
  "multisessionInfo": {
    "multisessionID": "2-00540"
  },
  "personaInfo": {
    "clInfo": {
      "personaID": "21943",
      "personaFeatures": [
        "나는 여자이다.",
        "나는 20대이다.",
        "나는 걱정이 많다",
        "나는 축구부 동아리에 참여한다",
        "나는 EDM 음악을 자주 듣는다"
      ],
      "speakerType": "speaker1"
    },
    "cpInfo": {
      "personaID": "22599",
      "personaFeatures": [
        "나는 여자이다.",
        "나는 20대이다.",
        "나의 거주지는 춘천이다",
        "나는 중국으로 유학을 간다",
        "나는 스마트폰의 장단점을 분석한다"
      ],
      "speakerType": "speaker2"
    }
  },
  "topicInfo": {
    "topicID": "06-08",
    "topicType": "교육",
    "topicTitle": "성적"
  },
  "sessionInfo": [
    {
      "prevSessionID": null,
      "prevTimeInfo": {
        "timeNum": null,
        "timeUnit": null
      },
      "nthSession": "1",
      "numberOfUtterances": "18",
      "numberOfTurns": "9",
      "sessionID": "2-00540-1",
      "dialog": [
        {
          "speaker": "speaker1",
          "personaID": "21943",
          "participantID": "3436",
          "utterance": "안녕하세요. 저는 20대 여성입니다.",
          "summary": "나는 20대 여성이다.",
          "date": "2022-10-11",
          "time": "17:56:27",
          "terminate": "false"
        },
        {
          "speaker": "speaker2",
          "personaID": "22599",
          "participantID": "3429",
          "utterance": "안녕하세요 저도 20대 여성이예요",
          "summary": "나는 20대 여성이다.",
          "date": "2022-10-11",
          "time": "17:56:46",
          "terminate": "false"
        },
        {
          "speaker": "speaker1",
          "personaID": "21943",
          "participantID": "3436",
          "utterance": "반가워요. 요즘 전 걱정이 많아요..",
          "summary": "나는 요즘 걱정이 많다.",
          "date": "2022-10-11",
          "time": "17:59:43",
          "terminate": "false"
        },
        {
          "speaker": "speaker2",
          "personaID": "22599",
          "participantID": "3429",
          "utterance": "어머 어떤 걱정을 하고 계신가요?",
          "summary": "",
          "date": "2022-10-11",
          "time": "18:00:23",
          "terminate": "false"
        },
        {
          "speaker": "speaker1",
          "personaID": "21943",
          "participantID": "3436",
          "utterance": "축구부 동아리에 참여하고 있는데 별로네요.",
          "summary": "나는 축구부 동아리에 참여하고 있다.",
          "date": "2022-10-11",
          "time": "18:02:57",
          "terminate": "false"
        },
        {
          "speaker": "speaker2",
          "personaID": "22599",
          "participantID": "3429",
          "utterance": "원래 취미가 축구는 아니셨나요?  저도 중국으로 유학을 가게 되었어요 준비할 것이 많아서 걱정이네요",
          "summary": " 나는 중국으로 유학을 간다. 나는 준비할 것이 많아서 걱정이다.",
          "date": "2022-10-11",
          "time": "18:04:12",
          "terminate": "false"
        },
        {
          "speaker": "speaker1",
          "personaID": "21943",
          "participantID": "3436",
          "utterance": "축구보단 EDM 음악을 자주 들어요! 중국으로 유학가시는구나 준비하시기 힘들겠어요.",
          "summary": "나는 EDM 음악을 자주 듣는다.",
          "date": "2022-10-11",
          "time": "18:08:41",
          "terminate": "false"
        },
        {
          "speaker": "speaker2",
          "personaID": "22599",
          "participantID": "3429",
          "utterance": "저의 원래 거주지가 춘천이거든요. 멀리가는 것은 처음이라 떨리네요  음악 말고 좋아하시는게 있나요?",
          "summary": "저는 거주지가 춘천이다. 나는 멀리 가는 게 처음이라 걱정이다.",
          "date": "2022-10-11",
          "time": "18:10:25",
          "terminate": "false"
        },
        {
          "speaker": "speaker1",
          "personaID": "21943",
          "participantID": "3436",
          "utterance": "따로 없어요. 좋은 취미 추천해주세요.",
          "summary": "",
          "date": "2022-10-11",
          "time": "18:15:17",
          "terminate": "false"
        },
        {
          "speaker": "speaker2",
          "personaID": "22599",
          "participantID": "3429",
          "utterance": "저는 스마트폰의 장단점을 분석해요 스마트폰의 다양한 게임을 하시는것도 추천드려요",
          "summary": "나는 스마트폰 장단점을 분석한다.",
          "date": "2022-10-11",
          "time": "18:19:03",
          "terminate": "false"
        },
        {
          "speaker": "speaker1",
          "personaID": "21943",
          "participantID": "3436",
          "utterance": "게임은 재미가 없더라고요. 웹툰을 자주보는편이에요.",
          "summary": "나는 웹툰을 자주 보는 편이다.",
          "date": "2022-10-11",
          "time": "18:21:28",
          "terminate": "false"
        },
        {
          "speaker": "speaker2",
          "personaID": "22599",
          "participantID": "3429",
          "utterance": "아하~ 주로 어떤 장르를 보시는 편인가요?",
          "summary": "",
          "date": "2022-10-11",
          "time": "18:22:19",
          "terminate": "false"
        },
        {
          "speaker": "speaker1",
          "personaID": "21943",
          "participantID": "3436",
          "utterance": "액션 빼고 다 좋아해요. 한번 봐보세요 시간가는줄 몰라요~",
          "summary": "나는 웹툰을 액션 빼고 다 좋아한다.",
          "date": "2022-10-11",
          "time": "18:24:56",
          "terminate": "false"
        },
        {
          "speaker": "speaker2",
          "personaID": "22599",
          "participantID": "3429",
          "utterance": "시간 될 때 한번 볼게요. 재미 있을것 같아요 ",
          "summary": "",
          "date": "2022-10-11",
          "time": "18:27:07",
          "terminate": "false"
        },
        {
          "speaker": "speaker1",
          "personaID": "21943",
          "participantID": "3436",
          "utterance": "전 밥먹을때 주로봐요. 저녁식사는 하셨어요?",
          "summary": "",
          "date": "2022-10-11",
          "time": "18:30:00",
          "terminate": "false"
        },
        {
          "speaker": "speaker2",
          "personaID": "22599",
          "participantID": "3429",
          "utterance": "방금 먹고 디저트 먹으려구요~ 좋아하는 음식 있으세요?",
          "summary": "",
          "date": "2022-10-11",
          "time": "18:34:26",
          "terminate": "false"
        },
        {
          "speaker": "speaker1",
          "personaID": "21943",
          "participantID": "3436",
          "utterance": "전 육식파라 고기 많이 먹어요 지금도요.",
          "summary": "나는 고기를 많이 먹는다.",
          "date": "2022-10-11",
          "time": "18:41:46",
          "terminate": "false"
        },
        {
          "speaker": "speaker2",
          "personaID": "22599",
          "participantID": "3429",
          "utterance": "식사 중이신가봐요~ 다음에 또 얘기 나눠요.",
          "summary": "",
          "date": "2022-10-11",
          "time": "18:56:20",
          "terminate": "true"
        }
      ],
      "sessionPersonaSummary": {
        "speaker1": [
          "나는 20대 여성이다.",
          "나는 요즘 걱정이 많다.",
          "나는 축구부 동아리에 참여하고 있다.",
          "나는 EDM 음악을 자주 듣는다.",
          "나는 웹툰을 자주 보는 편이다.",
          "나는 웹툰을 액션 빼고 다 좋아한다.",
          "나는 고기를 많이 먹는다."
        ],
        "speaker2": [
          "나는 20대 여성이다.",
          "나는 중국으로 유학을 간다.",
          "나는 준비할 것이 많아서 걱정이다.",
          "저는 거주지가 춘천이다.",
          "나는 멀리 가는 게 처음이라 걱정이다.",
          "나는 스마트폰 장단점을 분석한다."
        ]
      },
      "prevAggregatedpersonaSummary": {
        "speaker1": [],
        "speaker2": []
      }
    },
    {
      "prevSessionID": "2-00540-1",
      "prevTimeInfo": {
        "timeNum": "21",
        "timeUnit": "시간"
      },
      "nthSession": "2",
      "numberOfUtterances": "14",
      "numberOfTurns": "7",
      "sessionID": "2-00540-2",
      "dialog": [
        {
          "speaker": "speaker1",
          "personaID": "21943",
          "participantID": "3436",
          "utterance": "안녕하세요 어제 저녁 식사후엔 뭐하셨나요? ",
          "summary": "",
          "date": "2022-10-11",
          "time": "19:08:52",
          "terminate": "false"
        },
        {
          "speaker": "speaker2",
          "personaID": "22599",
          "participantID": "3429",
          "utterance": "안녕하세요. 저는 중국에서 공부 할 책을 보고 있었어요.",
          "summary": "나는 중국에서 공부할 책을 본다.",
          "date": "2022-10-11",
          "time": "19:11:28",
          "terminate": "false"
        },
        {
          "speaker": "speaker1",
          "personaID": "21943",
          "participantID": "3436",
          "utterance": " 전 요즘 영어 공부를 해요. 공부는 역시 힘드네요.",
          "summary": "나는 영어 공부를 한다.",
          "date": "2022-10-11",
          "time": "19:15:56",
          "terminate": "false"
        },
        {
          "speaker": "speaker2",
          "personaID": "22599",
          "participantID": "3429",
          "utterance": "맞아요. 영어 잘하시나요? 저는 영어는 정말 어려워요.",
          "summary": "나는 영어가 어렵다.",
          "date": "2022-10-11",
          "time": "19:19:15",
          "terminate": "false"
        },
        {
          "speaker": "speaker1",
          "personaID": "21943",
          "participantID": "3436",
          "utterance": "토익 준비 중인데 성적이 잘 안나와요. 중국어는 자격증이 없나요?",
          "summary": "나는 토익 준비 중이다.",
          "date": "2022-10-11",
          "time": "19:21:17",
          "terminate": "false"
        },
        {
          "speaker": "speaker2",
          "personaID": "22599",
          "participantID": "3429",
          "utterance": "중국어도 자격증이 있어요~ 저도 영어 성적은 좋지 않네요.",
          "summary": "나는 영어 성적이 좋지 않다.",
          "date": "2022-10-11",
          "time": "19:22:37",
          "terminate": "false"
        },
        {
          "speaker": "speaker1",
          "personaID": "21943",
          "participantID": "3436",
          "utterance": "영어 교육을 제대로 듣고 싶어요. 집에서 독학중이라 아무래도 힘드네요.",
          "summary": "나는 영어 교육을 독학한다.",
          "date": "2022-10-11",
          "time": "19:29:07",
          "terminate": "false"
        },
        {
          "speaker": "speaker2",
          "personaID": "22599",
          "participantID": "3429",
          "utterance": "혼자서는 아무래도 무리가 있는것 같아요.",
          "summary": "",
          "date": "2022-10-11",
          "time": "19:31:59",
          "terminate": "false"
        },
        {
          "speaker": "speaker1",
          "personaID": "21943",
          "participantID": "3436",
          "utterance": "따로 중국어 학원은 안다니시나요? 중국어도 관심이 있어요.",
          "summary": "나는 중국어에 관심이 있다.",
          "date": "2022-10-11",
          "time": "20:11:49",
          "terminate": "false"
        },
        {
          "speaker": "speaker2",
          "personaID": "22599",
          "participantID": "3429",
          "utterance": "저는 중국어를 전공했어요. 중국으로 유학가는 이유도 중국어를 더 배우고 싶어서예요. 지금은 학원에 다니지 않아요. 학교에서 중국어를 배워보신적 있나요?",
          "summary": "나는 지금 학원에 다니지 않는다.",
          "date": "2022-10-11",
          "time": "20:16:07",
          "terminate": "false"
        },
        {
          "speaker": "speaker1",
          "personaID": "21943",
          "participantID": "3436",
          "utterance": "배워보진 않았는데 친구들이 중국어 성적때문에 고민하는걸 몇번 봤어요. 어렵다던데 중국 유학까지 대단하세요.",
          "summary": "나는 중국어를 배워본 적 없다.",
          "date": "2022-10-11",
          "time": "20:18:52",
          "terminate": "false"
        },
        {
          "speaker": "speaker2",
          "personaID": "22599",
          "participantID": "3429",
          "utterance": "어릴적부터 배웠거든요. 저는 영어를 공부하는게 더 대단하다고 생각해요. ",
          "summary": "나는 중국어를 어릴 때부터 배웠다.",
          "date": "2022-10-11",
          "time": "20:20:50",
          "terminate": "false"
        },
        {
          "speaker": "speaker1",
          "personaID": "21943",
          "participantID": "3436",
          "utterance": "뭐든 배우는거는 좋은거 같아요. 생활에 활력이 생겨요!",
          "summary": "나는 배우는 것을 좋아한다.",
          "date": "2022-10-11",
          "time": "21:07:18",
          "terminate": "false"
        },
        {
          "speaker": "speaker2",
          "personaID": "22599",
          "participantID": "3429",
          "utterance": "전 다시 공부하러 가볼게요~ 담에 또 이야기 해요~",
          "summary": "나는 공부하러 간다.",
          "date": "2022-10-11",
          "time": "21:08:36",
          "terminate": "true"
        }
      ],
      "sessionPersonaSummary": {
        "speaker1": [
          "나는 영어 공부를 한다.",
          "나는 토익 준비 중이다.",
          "나는 영어 교육을 독학한다.",
          "나는 중국어에 관심이 있다.",
          "나는 중국어를 배워본 적 없다.",
          "나는 배우는 것을 좋아한다."
        ],
        "speaker2": [
          "나는 중국에서 공부할 책을 본다.",
          "나는 영어가 어렵다.",
          "나는 영어 성적이 좋지 않다.",
          "나는 지금 학원에 다니지 않는다.",
          "나는 중국어를 어릴 때부터 배웠다.",
          "나는 공부하러 간다."
        ]
      },
      "prevAggregatedpersonaSummary": {
        "speaker1": [
          "나는 20대 여성이다.",
          "나는 요즘 걱정이 많다.",
          "나는 축구부 동아리에 참여하고 있다.",
          "나는 EDM 음악을 자주 듣는다.",
          "나는 웹툰을 자주 보는 편이다.",
          "나는 웹툰을 액션 빼고 다 좋아한다.",
          "나는 고기를 많이 먹는다."
        ],
        "speaker2": [
          "나는 20대 여성이다.",
          "나는 중국으로 유학을 간다.",
          "나는 준비할 것이 많아서 걱정이다.",
          "저는 거주지가 춘천이다.",
          "나는 멀리 가는 게 처음이라 걱정이다.",
          "나는 스마트폰 장단점을 분석한다."
        ]
      }
    }
  ]
}