{
  "FileInfo": {
    "filename": "K2-00291-CL31418-CP32549-11-05-S2.json",
    "sessionLevel": "2"
  },
  "participantsInfo": {
    "numberOfParticipants": "2",
    "speaker1": {
      "participantID": "0187",
      "gender": "여성",
      "age": "30대",
      "occupation": "사무직",
      "bPlace": "서울/경기/인천",
      "gPlace": "서울/경기/인천",
      "rPlace": "서울/경기/인천",
      "educationLevel": "고졸"
    },
    "speaker2": {
      "participantID": "0191",
      "gender": "여성",
      "age": "30대",
      "occupation": "무직",
      "bPlace": "서울/경기/인천",
      "gPlace": "서울/경기/인천",
      "rPlace": "서울/경기/인천",
      "educationLevel": "대졸"
    }
  },
  "multisessionInfo": {
    "multisessionID": "2-00291"
  },
  "personaInfo": {
    "clInfo": {
      "personaID": "31418",
      "personaFeatures": [
        "나는 여자이다.",
        "나는 30대이다.",
        "나는 여행 안내원이다.",
        "나는 실외에서 스키 타는 것을 싫어한다.",
        "나는 된장찌개를 즐겨 먹는다."
      ],
      "speakerType": "speaker1"
    },
    "cpInfo": {
      "personaID": "32549",
      "personaFeatures": [
        "나는 여자이다.",
        "나는 30대이다.",
        "나의 거주지는 속초이다.",
        "나는 실내에서 스크린 골프 치는 것을 좋아한다.",
        "나는 짬뽕을 즐겨 먹는다."
      ],
      "speakerType": "speaker2"
    }
  },
  "topicInfo": {
    "topicID": "11-05",
    "topicType": "여가와 오락>게임",
    "topicTitle": "모바일게임"
  },
  "sessionInfo": [
    {
      "prevSessionID": null,
      "prevTimeInfo": {
        "timeNum": null,
        "timeUnit": null
      },
      "nthSession": "1",
      "numberOfUtterances": "18",
      "numberOfTurns": "9",
      "sessionID": "2-00291-1",
      "dialog": [
        {
          "speaker": "speaker1",
          "personaID": "31418",
          "participantID": "0187",
          "utterance": "안녕하세요! 저는 여행안내원인 30대 여성입니다 반갑습니다~!",
          "summary": "나는 30대 여성이다. 나는 여행 안내원이다.",
          "date": "2022-09-18",
          "time": "14:38:52",
          "terminate": "false"
        },
        {
          "speaker": "speaker2",
          "personaID": "32549",
          "participantID": "0191",
          "utterance": "저는 속초에 살고 있는 30대 여자입니다! 만나서 반가워요!",
          "summary": "나의 거주지는 속초이다. 나는 30대 여자이다.",
          "date": "2022-09-18",
          "time": "14:39:46",
          "terminate": "false"
        },
        {
          "speaker": "speaker1",
          "personaID": "31418",
          "participantID": "0187",
          "utterance": "반갑습니다 ㅎㅎ 취미활동이 어떤거세요?",
          "summary": "",
          "date": "2022-09-18",
          "time": "14:40:09",
          "terminate": "false"
        },
        {
          "speaker": "speaker2",
          "personaID": "32549",
          "participantID": "0191",
          "utterance": "저는 실내에서 스크린 골프 치는 것을 좋아해요! 님은 어떤 취미활동 좋아해요?",
          "summary": "나는 실내에서 스크린 골프 치는 것을 좋아한다.",
          "date": "2022-09-18",
          "time": "14:40:27",
          "terminate": "false"
        },
        {
          "speaker": "speaker1",
          "personaID": "31418",
          "participantID": "0187",
          "utterance": "오! 골프 좋죠 저는 스키 타는건 싫어하고 보드타는걸 좋아해요! 타보셨어요?",
          "summary": "나는 실외에서 스키 타는 것을 싫어한다.",
          "date": "2022-09-18",
          "time": "14:41:03",
          "terminate": "false"
        },
        {
          "speaker": "speaker2",
          "personaID": "32549",
          "participantID": "0191",
          "utterance": "저는 보드는 한번도 안타봤어요! 여행안내원이시면 맛집 많이 알고 계시겠네요?",
          "summary": "나는 보드를 한 번도 타보지 않았다.",
          "date": "2022-09-18",
          "time": "14:42:22",
          "terminate": "false"
        },
        {
          "speaker": "speaker1",
          "personaID": "31418",
          "participantID": "0187",
          "utterance": "당연하죠~! 평소에도 맛집 탐방을 많이 다니거든요 ㅎㅎ 특별히 좋아하는 음식 있으세요?",
          "summary": "나는 맛집 탐방을 많이 다닌다.",
          "date": "2022-09-18",
          "time": "14:42:50",
          "terminate": "false"
        },
        {
          "speaker": "speaker2",
          "personaID": "32549",
          "participantID": "0191",
          "utterance": "저는 짬뽕을 좋아해서 즐겨 먹어요! 짬뽕 맛집 추천해주실 만한 곳 있어요?",
          "summary": "나는 짬뽕을 즐겨 먹는다.",
          "date": "2022-09-18",
          "time": "14:43:22",
          "terminate": "false"
        },
        {
          "speaker": "speaker1",
          "personaID": "31418",
          "participantID": "0187",
          "utterance": "속초에서 조금 떨어져 있어도 괜찮나요? 강릉정도요!",
          "summary": "",
          "date": "2022-09-18",
          "time": "14:43:38",
          "terminate": "false"
        },
        {
          "speaker": "speaker2",
          "personaID": "32549",
          "participantID": "0191",
          "utterance": "네네! 괜찮아요! 강릉 여행도 하고 싶었으니까 추천 부탁드려요!",
          "summary": "나는 강릉 여행을 가고 싶다.",
          "date": "2022-09-18",
          "time": "14:43:50",
          "terminate": "false"
        },
        {
          "speaker": "speaker1",
          "personaID": "31418",
          "participantID": "0187",
          "utterance": "혹시 순두부는 좋아하세요? 강릉에 짬뽕 순두부 유명하거든요!",
          "summary": "",
          "date": "2022-09-18",
          "time": "14:44:03",
          "terminate": "false"
        },
        {
          "speaker": "speaker2",
          "personaID": "32549",
          "participantID": "0191",
          "utterance": "헉 순두부도 제가 좋아하는 음식 중 하나랍니다 ㅎㅎ 님은 어떤 음식 좋아하세요?",
          "summary": "나는 순두부를 좋아한다.",
          "date": "2022-09-18",
          "time": "14:45:01",
          "terminate": "false"
        },
        {
          "speaker": "speaker1",
          "personaID": "31418",
          "participantID": "0187",
          "utterance": "저는 된장찌개 좋아해요! 더울때 이열치열로 찌개 종류 먹으면 끝내주죠!",
          "summary": "나는 된장찌개를 즐겨 먹는다.",
          "date": "2022-09-18",
          "time": "14:45:28",
          "terminate": "false"
        },
        {
          "speaker": "speaker2",
          "personaID": "32549",
          "participantID": "0191",
          "utterance": "저희 입맛이 정말 비슷하네요! 다음에 저도 맛집탐방 한번 시켜주세요!",
          "summary": "나는 된장찌개를 좋아한다.",
          "date": "2022-09-18",
          "time": "14:46:29",
          "terminate": "false"
        },
        {
          "speaker": "speaker1",
          "personaID": "31418",
          "participantID": "0187",
          "utterance": "저야 대환영이죠! 곧 점심시간인데 오늘은 어떤 메뉴 드실거세요?",
          "summary": "",
          "date": "2022-09-18",
          "time": "14:47:12",
          "terminate": "false"
        },
        {
          "speaker": "speaker2",
          "personaID": "32549",
          "participantID": "0191",
          "utterance": "음.. 오늘은 간단하게 국밥 먹으러 갈까 생각중이에요! 님은요?",
          "summary": "나는 오늘 점심으로 국밥을 먹을 것이다.",
          "date": "2022-09-18",
          "time": "14:47:29",
          "terminate": "false"
        },
        {
          "speaker": "speaker1",
          "personaID": "31418",
          "participantID": "0187",
          "utterance": "저는 오늘도 찌개 먹으러 갑니다 ㅎㅎ 점심 맛있게 드시고 오세요!",
          "summary": "나는 오늘 점심으로 찌개를 먹을 것이다.",
          "date": "2022-09-18",
          "time": "14:48:00",
          "terminate": "false"
        },
        {
          "speaker": "speaker2",
          "personaID": "32549",
          "participantID": "0191",
          "utterance": "네네~! 님도 오늘 점심 맛있게 드시고 점심시간 잘 보내세요!",
          "summary": "",
          "date": "2022-09-18",
          "time": "14:48:32",
          "terminate": "true"
        }
      ],
      "sessionPersonaSummary": {
        "speaker1": [
          "나는 30대 여성이다. 나는 여행 안내원이다.",
          "나는 실외에서 스키 타는 것을 싫어한다.",
          "나는 맛집 탐방을 많이 다닌다.",
          "나는 된장찌개를 즐겨 먹는다.",
          "나는 오늘 점심으로 찌개를 먹을 것이다."
        ],
        "speaker2": [
          "나의 거주지는 속초이다. 나는 30대 여자이다.",
          "나는 실내에서 스크린 골프 치는 것을 좋아한다.",
          "나는 보드를 한 번도 타보지 않았다.",
          "나는 짬뽕을 즐겨 먹는다.",
          "나는 강릉 여행을 가고 싶다.",
          "나는 순두부를 좋아한다.",
          "나는 된장찌개를 좋아한다.",
          "나는 오늘 점심으로 국밥을 먹을 것이다."
        ]
      },
      "prevAggregatedpersonaSummary": {
        "speaker1": [],
        "speaker2": []
      }
    },
    {
      "prevSessionID": "2-00291-1",
      "prevTimeInfo": {
        "timeNum": "6",
        "timeUnit": "시간"
      },
      "nthSession": "2",
      "numberOfUtterances": "18",
      "numberOfTurns": "9",
      "sessionID": "2-00291-2",
      "dialog": [
        {
          "speaker": "speaker1",
          "personaID": "31418",
          "participantID": "0187",
          "utterance": "점심 맛있게 드셨나요? 간만에 쉬는날 인데 오후엔 뭐하셨어요 ㅎㅎ.",
          "summary": "",
          "date": "2022-09-18",
          "time": "14:49:08",
          "terminate": "false"
        },
        {
          "speaker": "speaker2",
          "personaID": "32549",
          "participantID": "0191",
          "utterance": "저는 친구들 만났어요! 친구들이 다들 모바일게임을 하는데 저는 잘 안해서 함께 말하기가 어렵더라고요.",
          "summary": "나는 오후에 친구를 만났다. 나는 모바일 게임을 하지 않는다.",
          "date": "2022-09-18",
          "time": "14:49:48",
          "terminate": "false"
        },
        {
          "speaker": "speaker1",
          "personaID": "31418",
          "participantID": "0187",
          "utterance": "헐 요새 모바일겜 안하는 사람 찾기 힘든데! 아예 안하시는 거예요? 전 맨날 하거든요.",
          "summary": "나는 모바일 게임을 매일 한다.",
          "date": "2022-09-18",
          "time": "14:50:14",
          "terminate": "false"
        },
        {
          "speaker": "speaker2",
          "personaID": "32549",
          "participantID": "0191",
          "utterance": "네네 평소에 게임을 좋아하지 않아서 모바일 게임은 안하는 편이에요.",
          "summary": "나는 평소에 게임을 하지 않는다.",
          "date": "2022-09-18",
          "time": "14:50:33",
          "terminate": "false"
        },
        {
          "speaker": "speaker1",
          "personaID": "31418",
          "participantID": "0187",
          "utterance": "헐 왜 안하시는 건지 여쭤봐도 될까요?",
          "summary": "",
          "date": "2022-09-18",
          "time": "14:50:50",
          "terminate": "false"
        },
        {
          "speaker": "speaker2",
          "personaID": "32549",
          "participantID": "0191",
          "utterance": "음.. 특별한 이유는 없는데 제가 게임을 잘 못하다 보니깐 자연스럽게 안하게 된 것 같아요 ㅎㅎ.",
          "summary": "나는 게임을 잘하지 못한다.",
          "date": "2022-09-18",
          "time": "14:51:19",
          "terminate": "false"
        },
        {
          "speaker": "speaker1",
          "personaID": "31418",
          "participantID": "0187",
          "utterance": "게임 해보면 재밌는데요! 이전에도 안하셨어요? 저도 예전엔 안하다가 최근에 매일 해요.",
          "summary": "나는 예전에는 게임을 하지 않았다.",
          "date": "2022-09-18",
          "time": "14:51:47",
          "terminate": "false"
        },
        {
          "speaker": "speaker2",
          "personaID": "32549",
          "participantID": "0191",
          "utterance": "네네 ㅎㅎ 님은 모바일게임중에 어떤 게임을 주로 하세요??",
          "summary": "나는 예전에 게임을 하지 않았다.",
          "date": "2022-09-18",
          "time": "14:52:28",
          "terminate": "false"
        },
        {
          "speaker": "speaker1",
          "personaID": "31418",
          "participantID": "0187",
          "utterance": "저 RPG겜 많이해요! 해보셨어요?",
          "summary": "나는 RPG 게임을 많이 한다.",
          "date": "2022-09-18",
          "time": "14:53:07",
          "terminate": "false"
        },
        {
          "speaker": "speaker2",
          "personaID": "32549",
          "participantID": "0191",
          "utterance": "음 저는 한번도 한적은 없는데 제 남동생이 하는건 많이 봤어요!",
          "summary": "나는 남동생이 있다.",
          "date": "2022-09-18",
          "time": "14:53:47",
          "terminate": "false"
        },
        {
          "speaker": "speaker1",
          "personaID": "31418",
          "participantID": "0187",
          "utterance": "남동생은 겜 많이 하나봐요 ㅎㅎ 보면 재밌어 보이지 않나요?",
          "summary": "",
          "date": "2022-09-18",
          "time": "14:54:17",
          "terminate": "false"
        },
        {
          "speaker": "speaker2",
          "personaID": "32549",
          "participantID": "0191",
          "utterance": "맞아요 ㅎㅎ 핸드폰으로 어찌나 게임을 재미있게 하시던지 보고 있으면 저도 가끔 하고싶어지긴 하더라고요.",
          "summary": "나는 가끔 게임을 하고 싶어 한다.",
          "date": "2022-09-18",
          "time": "14:54:43",
          "terminate": "false"
        },
        {
          "speaker": "speaker1",
          "personaID": "31418",
          "participantID": "0187",
          "utterance": "이 기회에 해보는건 어떠세요? 아님 농장키우는 겜도 재밌어요 ㅋㅋ 저도 가끔 하거든요.",
          "summary": "나는 가끔 농장 키우기 게임을 한다.",
          "date": "2022-09-18",
          "time": "14:55:07",
          "terminate": "false"
        },
        {
          "speaker": "speaker2",
          "personaID": "32549",
          "participantID": "0191",
          "utterance": "음.. 그럴까요? ㅋㅋ 농장키우기 게임도 종류가 되게 많던데 추천해주실 만한거 있으실까요?",
          "summary": "나는 농장 키우기 게임을 해볼 생각이 있다.",
          "date": "2022-09-18",
          "time": "14:55:33",
          "terminate": "false"
        },
        {
          "speaker": "speaker1",
          "personaID": "31418",
          "participantID": "0187",
          "utterance": "당근팜이라고 겜에서 채집하면 진짜 현실로 당근을 보내줘요 ㅋㅋ 어떠세요?",
          "summary": "",
          "date": "2022-09-18",
          "time": "14:55:59",
          "terminate": "false"
        },
        {
          "speaker": "speaker2",
          "personaID": "32549",
          "participantID": "0191",
          "utterance": "현실로 당근을 준다고요? 정말 재미있겠네요! 지금 바로 다운받아 봐야겠어요!",
          "summary": "나는 지금 당근 팜 게임을 다운로드할 것이다.",
          "date": "2022-09-18",
          "time": "14:56:36",
          "terminate": "false"
        },
        {
          "speaker": "speaker1",
          "personaID": "31418",
          "participantID": "0187",
          "utterance": "제가 추천인 링크 보내드릴게요 오늘 해보고 후기 말해주세요 ㅎㅎ.",
          "summary": "나는 추천인 링크를 보내 줄 것이다.",
          "date": "2022-09-18",
          "time": "14:56:48",
          "terminate": "false"
        },
        {
          "speaker": "speaker2",
          "personaID": "32549",
          "participantID": "0191",
          "utterance": "네네! 알겠습니다 ㅎㅎ 게임 해보고 후기 알려드릴께요!",
          "summary": "나는 게임을 해보고 후기를 말해 줄 것이다.",
          "date": "2022-09-18",
          "time": "14:57:14",
          "terminate": "true"
        }
      ],
      "sessionPersonaSummary": {
        "speaker1": [
          "나는 모바일 게임을 매일 한다.",
          "나는 예전에는 게임을 하지 않았다.",
          "나는 RPG 게임을 많이 한다.",
          "나는 가끔 농장 키우기 게임을 한다.",
          "나는 추천인 링크를 보내 줄 것이다."
        ],
        "speaker2": [
          "나는 오후에 친구를 만났다. 나는 모바일 게임을 하지 않는다.",
          "나는 평소에 게임을 하지 않는다.",
          "나는 게임을 잘하지 못한다.",
          "나는 예전에 게임을 하지 않았다.",
          "나는 남동생이 있다.",
          "나는 가끔 게임을 하고 싶어 한다.",
          "나는 농장 키우기 게임을 해볼 생각이 있다.",
          "나는 지금 당근 팜 게임을 다운로드할 것이다.",
          "나는 게임을 해보고 후기를 말해 줄 것이다."
        ]
      },
      "prevAggregatedpersonaSummary": {
        "speaker1": [
          "나는 30대 여성이다. 나는 여행 안내원이다.",
          "나는 실외에서 스키 타는 것을 싫어한다.",
          "나는 맛집 탐방을 많이 다닌다.",
          "나는 된장찌개를 즐겨 먹는다.",
          "나는 오늘 점심으로 찌개를 먹을 것이다."
        ],
        "speaker2": [
          "나의 거주지는 속초이다. 나는 30대 여자이다.",
          "나는 실내에서 스크린 골프 치는 것을 좋아한다.",
          "나는 보드를 한 번도 타보지 않았다.",
          "나는 짬뽕을 즐겨 먹는다.",
          "나는 강릉 여행을 가고 싶다.",
          "나는 순두부를 좋아한다.",
          "나는 된장찌개를 좋아한다.",
          "나는 오늘 점심으로 국밥을 먹을 것이다."
        ]
      }
    }
  ]
}