{
  "FileInfo": {
    "filename": "K2-00394-CL20051-CP20714-04-04-S2.json",
    "sessionLevel": "2"
  },
  "participantsInfo": {
    "numberOfParticipants": "2",
    "speaker1": {
      "participantID": "0063",
      "gender": "남성",
      "age": "20대",
      "occupation": "무직",
      "bPlace": "서울/경기/인천",
      "gPlace": "서울/경기/인천",
      "rPlace": "서울/경기/인천",
      "educationLevel": "고졸"
    },
    "speaker2": {
      "participantID": "0076",
      "gender": "남성",
      "age": "20대",
      "occupation": "무직",
      "bPlace": "서울/경기/인천",
      "gPlace": "서울/경기/인천",
      "rPlace": "서울/경기/인천",
      "educationLevel": "고졸"
    }
  },
  "multisessionInfo": {
    "multisessionID": "2-00394"
  },
  "personaInfo": {
    "clInfo": {
      "personaID": "20051",
      "personaFeatures": [
        "나는 남자이다.",
        "나는 20대이다.",
        "나는 라쿤 두 마리를 키운다.",
        "나는 중어중문학이 부전공이다.",
        "나는 시원한 날씨를 좋아한다."
      ],
      "speakerType": "speaker1"
    },
    "cpInfo": {
      "personaID": "20714",
      "personaFeatures": [
        "나는 남자이다.",
        "나는 20대이다.",
        "나는 매우 부정적이다.",
        "나는 국악인이다.",
        "나는 비 오는 날씨를 싫어한다."
      ],
      "speakerType": "speaker2"
    }
  },
  "topicInfo": {
    "topicID": "04-04",
    "topicType": "일과 직업>회사/아르바이트",
    "topicTitle": "스펙"
  },
  "sessionInfo": [
    {
      "prevSessionID": null,
      "prevTimeInfo": {
        "timeNum": null,
        "timeUnit": null
      },
      "nthSession": "1",
      "numberOfUtterances": "16",
      "numberOfTurns": "8",
      "sessionID": "2-00394-1",
      "dialog": [
        {
          "speaker": "speaker1",
          "personaID": "20051",
          "participantID": "0063",
          "utterance": "안녕! 20대 남자입니다! 그쪽은요?",
          "summary": "나는 20대 남자이다.",
          "date": "2022-09-14",
          "time": "20:57:10",
          "terminate": "false"
        },
        {
          "speaker": "speaker2",
          "personaID": "20714",
          "participantID": "0076",
          "utterance": "반가워요. 저도 20대 남자입니다.",
          "summary": "나는 20대 남자이다.",
          "date": "2022-09-14",
          "time": "20:57:21",
          "terminate": "false"
        },
        {
          "speaker": "speaker1",
          "personaID": "20051",
          "participantID": "0063",
          "utterance": "오~ 다행이다 ㅋㅋ. 같은 20대네요. 뭐 하시는 분인가요?",
          "summary": "",
          "date": "2022-09-14",
          "time": "20:57:23",
          "terminate": "false"
        },
        {
          "speaker": "speaker2",
          "personaID": "20714",
          "participantID": "0076",
          "utterance": "그러네요.ㅋㅋ 전 국악 하는데. 그쪽은 무슨일 해요?",
          "summary": "나는 국악인이다.",
          "date": "2022-09-14",
          "time": "20:57:34",
          "terminate": "false"
        },
        {
          "speaker": "speaker1",
          "personaID": "20051",
          "participantID": "0063",
          "utterance": "저는 영어영문학 전공 중어중문학 부전공입니다.",
          "summary": "나는 중어중문학이 부전공이다.",
          "date": "2022-09-14",
          "time": "20:57:40",
          "terminate": "false"
        },
        {
          "speaker": "speaker2",
          "personaID": "20714",
          "participantID": "0076",
          "utterance": "아 그래요? 그런걸 부전공 삼다니..ㅋㅋ 중국 좋아하시나요?",
          "summary": "",
          "date": "2022-09-14",
          "time": "20:57:53",
          "terminate": "false"
        },
        {
          "speaker": "speaker1",
          "personaID": "20051",
          "participantID": "0063",
          "utterance": "그냥 해보고싶어서요~ 한번 해봤어요.",
          "summary": "",
          "date": "2022-09-14",
          "time": "20:58:00",
          "terminate": "false"
        },
        {
          "speaker": "speaker2",
          "personaID": "20714",
          "participantID": "0076",
          "utterance": "제가 좀 부정적이라 중국 관련된건 다 싫어해요.",
          "summary": "나는 매우 부정적이다.",
          "date": "2022-09-14",
          "time": "20:58:06",
          "terminate": "false"
        },
        {
          "speaker": "speaker1",
          "personaID": "20051",
          "participantID": "0063",
          "utterance": "그러시구나... 그러면 요즘 날씨도 시원하고 좋은데 밖은 나가시나요?",
          "summary": "나는 시원한 날씨를 좋아한다.",
          "date": "2022-09-14",
          "time": "20:58:20",
          "terminate": "false"
        },
        {
          "speaker": "speaker2",
          "personaID": "20714",
          "participantID": "0076",
          "utterance": "네, 비 안오는 날은 좀 밖에 나가는 편이에요. 비 올땐 잘 안나가요.ㅋㅋ.",
          "summary": "나는 비 오는 날씨를 싫어한다.",
          "date": "2022-09-14",
          "time": "20:58:46",
          "terminate": "false"
        },
        {
          "speaker": "speaker1",
          "personaID": "20051",
          "participantID": "0063",
          "utterance": "그렇구나. 저도 비오면 집에서 라쿤이랑 놀아요.",
          "summary": "",
          "date": "2022-09-14",
          "time": "20:58:53",
          "terminate": "false"
        },
        {
          "speaker": "speaker2",
          "personaID": "20714",
          "participantID": "0076",
          "utterance": "헐 라쿤을 키워요? 되게 특이한걸 키우시네요?",
          "summary": "",
          "date": "2022-09-14",
          "time": "20:59:14",
          "terminate": "false"
        },
        {
          "speaker": "speaker1",
          "personaID": "20051",
          "participantID": "0063",
          "utterance": "제가 라쿤을 두마리 키우거든요. 너무 귀여워요.",
          "summary": "나는 라쿤을 두 마리 키운다.",
          "date": "2022-09-14",
          "time": "20:59:14",
          "terminate": "false"
        },
        {
          "speaker": "speaker2",
          "personaID": "20714",
          "participantID": "0076",
          "utterance": "와 두마리나 키우시는군요. 되게 귀엽겠어요. 쩐다.",
          "summary": "",
          "date": "2022-09-14",
          "time": "20:59:25",
          "terminate": "false"
        },
        {
          "speaker": "speaker1",
          "personaID": "20051",
          "participantID": "0063",
          "utterance": "그러면 다음에 사진 보여드릴게요 ㅋㅋ. 다음에 봐요.",
          "summary": "",
          "date": "2022-09-14",
          "time": "20:59:28",
          "terminate": "false"
        },
        {
          "speaker": "speaker2",
          "personaID": "20714",
          "participantID": "0076",
          "utterance": "그래요. 기대되네요.ㅋㅋ 그럼 다음에 또 봐요~",
          "summary": "",
          "date": "2022-09-14",
          "time": "20:59:42",
          "terminate": "true"
        }
      ],
      "sessionPersonaSummary": {
        "speaker1": [
          "나는 20대 남자이다.",
          "나는 중어중문학이 부전공이다.",
          "나는 시원한 날씨를 좋아한다.",
          "나는 라쿤을 두 마리 키운다."
        ],
        "speaker2": [
          "나는 20대 남자이다.",
          "나는 국악인이다.",
          "나는 매우 부정적이다.",
          "나는 비 오는 날씨를 싫어한다."
        ]
      },
      "prevAggregatedpersonaSummary": {
        "speaker1": [],
        "speaker2": []
      }
    },
    {
      "prevSessionID": "2-00394-1",
      "prevTimeInfo": {
        "timeNum": "5",
        "timeUnit": "일"
      },
      "nthSession": "2",
      "numberOfUtterances": "16",
      "numberOfTurns": "8",
      "sessionID": "2-00394-2",
      "dialog": [
        {
          "speaker": "speaker1",
          "personaID": "20051",
          "participantID": "0063",
          "utterance": "5일만입니다~ 국악인 님~ 잘 계셨나요?",
          "summary": "",
          "date": "2022-09-14",
          "time": "20:59:43",
          "terminate": "false"
        },
        {
          "speaker": "speaker2",
          "personaID": "20714",
          "participantID": "0076",
          "utterance": "네~ 저는 잘 있었습니다.ㅋㅋ 님도 잘 계셨죠?",
          "summary": "",
          "date": "2022-09-14",
          "time": "21:00:11",
          "terminate": "false"
        },
        {
          "speaker": "speaker1",
          "personaID": "20051",
          "participantID": "0063",
          "utterance": "저는 요즘 스펙 때문에 고민이 많아요.",
          "summary": "나는 스펙 때문에 고민이 많다.",
          "date": "2022-09-14",
          "time": "21:00:11",
          "terminate": "false"
        },
        {
          "speaker": "speaker2",
          "personaID": "20714",
          "participantID": "0076",
          "utterance": "그래요? 그럼 스펙을 쌓으시면 되죠 뭐~",
          "summary": "",
          "date": "2022-09-14",
          "time": "21:00:19",
          "terminate": "false"
        },
        {
          "speaker": "speaker1",
          "personaID": "20051",
          "participantID": "0063",
          "utterance": "그런데 하려하니 그게 쉽지않네요 ㅎㅎ...",
          "summary": "",
          "date": "2022-09-14",
          "time": "21:00:28",
          "terminate": "false"
        },
        {
          "speaker": "speaker2",
          "personaID": "20714",
          "participantID": "0076",
          "utterance": "영문학과면 취업도 유리하지 않아요?",
          "summary": "",
          "date": "2022-09-14",
          "time": "21:00:42",
          "terminate": "false"
        },
        {
          "speaker": "speaker1",
          "personaID": "20051",
          "participantID": "0063",
          "utterance": "제가 다른 인턴 경험이 없는게 걸려요.",
          "summary": "나는 인턴 경험이 없다.",
          "date": "2022-09-14",
          "time": "21:00:48",
          "terminate": "false"
        },
        {
          "speaker": "speaker2",
          "personaID": "20714",
          "participantID": "0076",
          "utterance": "그렇군요. 그러면 경험해보시면 되죠~ 천천히 하세요.",
          "summary": "",
          "date": "2022-09-14",
          "time": "21:01:04",
          "terminate": "false"
        },
        {
          "speaker": "speaker1",
          "personaID": "20051",
          "participantID": "0063",
          "utterance": "요즘은 다들 하는데 제가 좀 늦은거 아닌가 싶네요.",
          "summary": "",
          "date": "2022-09-14",
          "time": "21:01:05",
          "terminate": "false"
        },
        {
          "speaker": "speaker2",
          "personaID": "20714",
          "participantID": "0076",
          "utterance": "요새 경쟁이 심해서 더 초조하게 만드나봐요.",
          "summary": "",
          "date": "2022-09-14",
          "time": "21:01:23",
          "terminate": "false"
        },
        {
          "speaker": "speaker1",
          "personaID": "20051",
          "participantID": "0063",
          "utterance": "ㅎㅎ. 그러면 님 말 듣고 힘내볼게요.",
          "summary": "",
          "date": "2022-09-14",
          "time": "21:01:25",
          "terminate": "false"
        },
        {
          "speaker": "speaker2",
          "personaID": "20714",
          "participantID": "0076",
          "utterance": "그래요.ㅎㅎ 그냥 느긋하게 하세요. 5 6년 늦는다고 큰일 안나요.",
          "summary": "",
          "date": "2022-09-14",
          "time": "21:01:38",
          "terminate": "false"
        },
        {
          "speaker": "speaker1",
          "personaID": "20051",
          "participantID": "0063",
          "utterance": "님은 그러면 뭐 하고 계셨나요?",
          "summary": "",
          "date": "2022-09-14",
          "time": "21:01:39",
          "terminate": "false"
        },
        {
          "speaker": "speaker2",
          "personaID": "20714",
          "participantID": "0076",
          "utterance": "전 집에서 게임 좀 하고 있었어요.",
          "summary": "나는 게임을 한다.",
          "date": "2022-09-14",
          "time": "21:01:47",
          "terminate": "false"
        },
        {
          "speaker": "speaker1",
          "personaID": "20051",
          "participantID": "0063",
          "utterance": "그렇군요~ 다음에 또 봐요. 저도 게임이나 한판할래요 ㅋㅋ.",
          "summary": "나는 게임을 한다.",
          "date": "2022-09-14",
          "time": "21:01:48",
          "terminate": "false"
        },
        {
          "speaker": "speaker2",
          "personaID": "20714",
          "participantID": "0076",
          "utterance": "그래요~ 그럼 다음에 또 봐요.ㅋㅋ 스트레스 푸세요.",
          "summary": "",
          "date": "2022-09-14",
          "time": "21:02:03",
          "terminate": "true"
        }
      ],
      "sessionPersonaSummary": {
        "speaker1": [
          "나는 스펙 때문에 고민이 많다.",
          "나는 인턴 경험이 없다.",
          "나는 게임을 한다."
        ],
        "speaker2": [
          "나는 게임을 한다."
        ]
      },
      "prevAggregatedpersonaSummary": {
        "speaker1": [
          "나는 20대 남자이다.",
          "나는 중어중문학이 부전공이다.",
          "나는 시원한 날씨를 좋아한다.",
          "나는 라쿤을 두 마리 키운다."
        ],
        "speaker2": [
          "나는 20대 남자이다.",
          "나는 국악인이다.",
          "나는 매우 부정적이다.",
          "나는 비 오는 날씨를 싫어한다."
        ]
      }
    }
  ]
}