{
  "FileInfo": {
    "filename": "K2-00381-CL31469-CP31196-14-02-S2.json",
    "sessionLevel": "2"
  },
  "participantsInfo": {
    "numberOfParticipants": "2",
    "speaker1": {
      "participantID": "3016",
      "gender": "여성",
      "age": "30대",
      "occupation": "사무직",
      "bPlace": "부산/대구/울산/경상",
      "gPlace": "부산/대구/울산/경상",
      "rPlace": "부산/대구/울산/경상",
      "educationLevel": "대졸"
    },
    "speaker2": {
      "participantID": "3259",
      "gender": "남성",
      "age": "30대",
      "occupation": "자영업",
      "bPlace": "부산/대구/울산/경상",
      "gPlace": "서울/경기/인천",
      "rPlace": "서울/경기/인천",
      "educationLevel": "대졸"
    }
  },
  "multisessionInfo": {
    "multisessionID": "2-00381"
  },
  "personaInfo": {
    "clInfo": {
      "personaID": "31469",
      "personaFeatures": [
        "나는 여자이다.",
        "나는 30대이다.",
        "나는 번역가이다",
        "나는 병원에 가는 것을 좋아한다",
        "나는 소설을 꾸준히 읽는다"
      ],
      "speakerType": "speaker1"
    },
    "cpInfo": {
      "personaID": "31196",
      "personaFeatures": [
        "나는 남자이다.",
        "나는 30대이다.",
        "나는 시스템 소프트웨어 개발자이다",
        "나는 가끔 부끄러운 감정이 든다",
        "나는 팝 음악을 자주 듣는다"
      ],
      "speakerType": "speaker2"
    }
  },
  "topicInfo": {
    "topicID": "14-02",
    "topicType": "시사/사회>사회이슈(국내)",
    "topicTitle": "환경 문제"
  },
  "sessionInfo": [
    {
      "prevSessionID": null,
      "prevTimeInfo": {
        "timeNum": null,
        "timeUnit": null
      },
      "nthSession": "1",
      "numberOfUtterances": "14",
      "numberOfTurns": "7",
      "sessionID": "2-00381-1",
      "dialog": [
        {
          "speaker": "speaker1",
          "personaID": "31469",
          "participantID": "3016",
          "utterance": "안녕하세요 저는 30대 여성입니다.",
          "summary": "나는 30대이다. \n나는 여자이다.",
          "date": "2022-10-05",
          "time": "08:38:57",
          "terminate": "false"
        },
        {
          "speaker": "speaker2",
          "personaID": "31196",
          "participantID": "3259",
          "utterance": "안녕하세요. 저는 30대 남성입니다.",
          "summary": "나는 30대 남자다.",
          "date": "2022-10-05",
          "time": "10:01:17",
          "terminate": "false"
        },
        {
          "speaker": "speaker1",
          "personaID": "31469",
          "participantID": "3016",
          "utterance": "안녕하세요~ 실례지만 무슨일을 하고 계시나요~? 저는 번역가일을 하고있습니다.",
          "summary": "나는 번역가이다.",
          "date": "2022-10-05",
          "time": "10:05:27",
          "terminate": "false"
        },
        {
          "speaker": "speaker2",
          "personaID": "31196",
          "participantID": "3259",
          "utterance": "저는 시스템 소프트웨어 개발자입니다. ",
          "summary": "나는 시스템 소프트웨어 개발자다.",
          "date": "2022-10-05",
          "time": "15:40:33",
          "terminate": "false"
        },
        {
          "speaker": "speaker1",
          "personaID": "31469",
          "participantID": "3016",
          "utterance": "개발자 멋진데요? 그럼 취미도 프로그램 관련된 취미를 가지고 계신가요?",
          "summary": "",
          "date": "2022-10-05",
          "time": "17:01:14",
          "terminate": "false"
        },
        {
          "speaker": "speaker2",
          "personaID": "31196",
          "participantID": "3259",
          "utterance": "아니요. 저는 팝 음악을 자주 듣습니다. 취미가 있으신가요?",
          "summary": "나는 팝 음악을 자주 듣는다.",
          "date": "2022-10-05",
          "time": "17:24:16",
          "terminate": "false"
        },
        {
          "speaker": "speaker1",
          "personaID": "31469",
          "participantID": "3016",
          "utterance": "저는 번역가다 보니까 소설을 어쩔 수 없아 꾸준히 읽다보니 취미가됐구요 진짜 저의 취미는 병원가기입니다. 병원에 분기별로 다니는걸 좋아해요~ 약간의 건강염려증 같은거죠 ㅎㅎ",
          "summary": "나는 소설을 꾸준히 읽는다. \n나의 취미는 병원가기이다.  나는 건강염려증이 있다.",
          "date": "2022-10-05",
          "time": "17:28:28",
          "terminate": "false"
        },
        {
          "speaker": "speaker2",
          "personaID": "31196",
          "participantID": "3259",
          "utterance": "아 그러시구나. 저는 좀 소심한 편이에요. 종종 부끄러운 감정이 듭니다. ",
          "summary": "나는 소심한 편이라 종종 부끄러워한다.",
          "date": "2022-10-05",
          "time": "17:34:27",
          "terminate": "false"
        },
        {
          "speaker": "speaker1",
          "personaID": "31469",
          "participantID": "3016",
          "utterance": "그건 누구나 다 그런 모습을 가지고 있는 것 같아요~ 그런데 그 성격이 직업이랑 잘 어울리는 것 같아요 차분한 모습같아요.",
          "summary": "",
          "date": "2022-10-05",
          "time": "17:53:35",
          "terminate": "false"
        },
        {
          "speaker": "speaker2",
          "personaID": "31196",
          "participantID": "3259",
          "utterance": "좋게 봐 주셔서 감사합니다. ㅎㅎ",
          "summary": "",
          "date": "2022-10-05",
          "time": "18:00:15",
          "terminate": "false"
        },
        {
          "speaker": "speaker1",
          "personaID": "31469",
          "participantID": "3016",
          "utterance": "저녁식사는 하셨어요~? 저는 이제 막 먹으려고 앉았어요~",
          "summary": "나는 이제 저녁을 먹으려고 한다.",
          "date": "2022-10-05",
          "time": "20:42:54",
          "terminate": "false"
        },
        {
          "speaker": "speaker2",
          "personaID": "31196",
          "participantID": "3259",
          "utterance": "네 식사하셔야겠네요! 다음에 또 이야기 나눠요! ",
          "summary": "",
          "date": "2022-10-05",
          "time": "21:54:21",
          "terminate": "false"
        },
        {
          "speaker": "speaker1",
          "personaID": "31469",
          "participantID": "3016",
          "utterance": "넵 저녁식사 맛있게하시고 오늘 하루 마무리 잘 하세요~",
          "summary": "",
          "date": "2022-10-05",
          "time": "22:02:24",
          "terminate": "false"
        },
        {
          "speaker": "speaker2",
          "personaID": "31196",
          "participantID": "3259",
          "utterance": "네 감사합니다. 좋은 하루 보내세요!",
          "summary": "",
          "date": "2022-10-06",
          "time": "08:33:40",
          "terminate": "true"
        }
      ],
      "sessionPersonaSummary": {
        "speaker1": [
          "나는 30대이다. \n나는 여자이다.",
          "나는 번역가이다.",
          "나는 소설을 꾸준히 읽는다. \n나의 취미는 병원가기이다. ",
          "나는 건강염려증이 있다.",
          "나는 이제 저녁을 먹으려고 한다."
        ],
        "speaker2": [
          "나는 30대 남자다.",
          "나는 시스템 소프트웨어 개발자다.",
          "나는 팝 음악을 자주 듣는다.",
          "나는 소심한 편이라 종종 부끄러워한다."
        ]
      },
      "prevAggregatedpersonaSummary": {
        "speaker1": [],
        "speaker2": []
      }
    },
    {
      "prevSessionID": "2-00381-1",
      "prevTimeInfo": {
        "timeNum": "4",
        "timeUnit": "주"
      },
      "nthSession": "2",
      "numberOfUtterances": "14",
      "numberOfTurns": "7",
      "sessionID": "2-00381-2",
      "dialog": [
        {
          "speaker": "speaker1",
          "personaID": "31469",
          "participantID": "3016",
          "utterance": "안녕하세요 거의 한달만에 연락드리네요~ 잘 지내셨어요?",
          "summary": "",
          "date": "2022-10-06",
          "time": "08:39:08",
          "terminate": "false"
        },
        {
          "speaker": "speaker2",
          "personaID": "31196",
          "participantID": "3259",
          "utterance": "네 시간이 금방 가네요. 잘 지냈어요! 잘 지내셨어요?",
          "summary": "",
          "date": "2022-10-06",
          "time": "08:41:11",
          "terminate": "false"
        },
        {
          "speaker": "speaker1",
          "personaID": "31469",
          "participantID": "3016",
          "utterance": "네 저는 잘 지냈어요~ 최근에 태풍 왔었잖아요 별 피해는 없으셨어요?",
          "summary": "",
          "date": "2022-10-06",
          "time": "08:43:01",
          "terminate": "false"
        },
        {
          "speaker": "speaker2",
          "personaID": "31196",
          "participantID": "3259",
          "utterance": "피해는 없었는데 제가 사는 동네가 침수 지역이라서 그날 물 건너 집으로 돌아 온 거 생각나네요. ",
          "summary": "나는 침수 피해는 없었다.",
          "date": "2022-10-06",
          "time": "08:45:26",
          "terminate": "false"
        },
        {
          "speaker": "speaker1",
          "personaID": "31469",
          "participantID": "3016",
          "utterance": "큰일날뻔 하셨네요! 그래도 큰피해는 없어서 다행이에요... 근데 또 태풍 하나가 북상한다고 하더라구요.. 기후변화 때문에 그렇다는데... 갑자기 변화가 너무 크니까 무섭네요",
          "summary": " 나는 기후 변화가 커서 무섭다.",
          "date": "2022-10-06",
          "time": "09:53:48",
          "terminate": "false"
        },
        {
          "speaker": "speaker2",
          "personaID": "31196",
          "participantID": "3259",
          "utterance": "그렇군요 요즈음 환경 문제에 대해 사람들이 관심이 많죠. 커피를 자주 사 마시는데 플라스틱 용기 볼 때마다 부끄러운 마음이 듭니다. ",
          "summary": "나는 요즘 사람들이 환경문제에 관심이 많다는 걸 느낀다.",
          "date": "2022-10-06",
          "time": "12:44:36",
          "terminate": "false"
        },
        {
          "speaker": "speaker1",
          "personaID": "31469",
          "participantID": "3016",
          "utterance": "저도요..그래서 의식적으로라도 텀블러 들고다니기 손수건 들고다니기 이런 소소한 정도로 실천은 하고있는데 제 생각은 기업들이 먼저 바뀌어야 한다고 생각해요.",
          "summary": "나는 텀블러를 들고 다닌다. \n나는 손수건을 들고 다닌다. ",
          "date": "2022-10-06",
          "time": "12:58:01",
          "terminate": "false"
        },
        {
          "speaker": "speaker2",
          "personaID": "31196",
          "participantID": "3259",
          "utterance": "멋지네요. 저는 잘 안 돼요. 재활용 분리수거도 좀 더 철저히 해야겠어요. 부끄럽네요.",
          "summary": "나는 분리수거를 열심히 해야겠다고 생각한다.",
          "date": "2022-10-06",
          "time": "15:57:53",
          "terminate": "false"
        },
        {
          "speaker": "speaker1",
          "personaID": "31469",
          "participantID": "3016",
          "utterance": "분리수거 하는 법도 요즘 얼마나 세세하게 나눠놨는지 저도 헷갈리더라구요.. 그래도 계속 공부하고 개선을 해나가야 할 것 같아요",
          "summary": "",
          "date": "2022-10-06",
          "time": "16:10:30",
          "terminate": "false"
        },
        {
          "speaker": "speaker2",
          "personaID": "31196",
          "participantID": "3259",
          "utterance": "맞아요. 요즈음은 플로깅이라고 조깅하며 쓰레기 줍는 운동도 있더라고요. ",
          "summary": "나는 플로깅이라는 운동을 알고 있다.",
          "date": "2022-10-07",
          "time": "12:21:32",
          "terminate": "false"
        },
        {
          "speaker": "speaker1",
          "personaID": "31469",
          "participantID": "3016",
          "utterance": "맞아요 저 그거 참여 해본적 있어요! 정말 상상이상으로 담배꽁초가 많더라구요.. 하면서 많이 속상했던 기억이 나네요",
          "summary": "나는 플로깅을 해 봤다. \n나는 플로깅을 하며 상상 이상으로 담배 꽁초가 많은 것을 보고 속이 상했다. ",
          "date": "2022-10-07",
          "time": "13:52:47",
          "terminate": "false"
        },
        {
          "speaker": "speaker2",
          "personaID": "31196",
          "participantID": "3259",
          "utterance": "아 멋지네요. 저도 동참해야겠어요. 일이 있어서 저는 먼저 가볼게요. ",
          "summary": "",
          "date": "2022-10-07",
          "time": "14:01:55",
          "terminate": "false"
        },
        {
          "speaker": "speaker1",
          "personaID": "31469",
          "participantID": "3016",
          "utterance": "네 오늘 하루도 고생하셨구요~ 같이 이번주에 제로웨이스트 실천해보는걸로 해요! ",
          "summary": "나는 이번 주에 제로 웨이스트를 실천할 것이다.",
          "date": "2022-10-07",
          "time": "15:51:52",
          "terminate": "false"
        },
        {
          "speaker": "speaker2",
          "personaID": "31196",
          "participantID": "3259",
          "utterance": "네 대화 할 수록 멋진 분인 것 같아요. 많이 배우고 갑니다. ",
          "summary": "",
          "date": "2022-10-07",
          "time": "19:01:14",
          "terminate": "true"
        }
      ],
      "sessionPersonaSummary": {
        "speaker1": [
          "나는 기후 변화가 커서 무섭다.",
          "나는 텀블러를 들고 다닌다. \n나는 손수건을 들고 다닌다. ",
          "나는 플로깅을 해 봤다. \n나는 플로깅을 하며 상상 이상으로 담배 꽁초가 많은 것을 보고 속이 상했다. ",
          "나는 이번 주에 제로 웨이스트를 실천할 것이다."
        ],
        "speaker2": [
          "나는 침수 피해는 없었다.",
          "나는 요즘 사람들이 환경문제에 관심이 많다는 걸 느낀다.",
          "나는 분리수거를 열심히 해야겠다고 생각한다.",
          "나는 플로깅이라는 운동을 알고 있다."
        ]
      },
      "prevAggregatedpersonaSummary": {
        "speaker1": [
          "나는 30대이다. \n나는 여자이다.",
          "나는 번역가이다.",
          "나는 소설을 꾸준히 읽는다. \n나의 취미는 병원가기이다. ",
          "나는 건강염려증이 있다.",
          "나는 이제 저녁을 먹으려고 한다."
        ],
        "speaker2": [
          "나는 30대 남자다.",
          "나는 시스템 소프트웨어 개발자다.",
          "나는 팝 음악을 자주 듣는다.",
          "나는 소심한 편이라 종종 부끄러워한다."
        ]
      }
    }
  ]
}