{
  "FileInfo": {
    "filename": "K2-00231-CL11184-CP35213-14-04-S2.json",
    "sessionLevel": "2"
  },
  "participantsInfo": {
    "numberOfParticipants": "2",
    "speaker1": {
      "participantID": "0108",
      "gender": "여성",
      "age": "20대",
      "occupation": "무직",
      "bPlace": "광주/전라/제주",
      "gPlace": "광주/전라/제주",
      "rPlace": "광주/전라/제주",
      "educationLevel": "대졸"
    },
    "speaker2": {
      "participantID": "0214",
      "gender": "여성",
      "age": "20대",
      "occupation": "무직",
      "bPlace": "광주/전라/제주",
      "gPlace": "광주/전라/제주",
      "rPlace": "광주/전라/제주",
      "educationLevel": "고졸"
    }
  },
  "multisessionInfo": {
    "multisessionID": "2-00231"
  },
  "personaInfo": {
    "clInfo": {
      "personaID": "11184",
      "personaFeatures": [
        "나는 여자이다.",
        "나는 10대이다.",
        "내가 사는 곳은 남양주이다",
        "나는 정치외교학과에 진학하고 싶다",
        "나는 재즈 음악을 싫어한다"
      ],
      "speakerType": "speaker1"
    },
    "cpInfo": {
      "personaID": "35213",
      "personaFeatures": [
        "나는 여자이다.",
        "나는 30대이다.",
        "나는 결혼을 안했다",
        "나는 일어일문학과를 전공했다",
        "나는 오후에 인터넷 쇼핑을 한다",
        "나는 매우 유머러스하다",
        "나는 눈 오는 날씨를 좋아한다"
      ],
      "speakerType": "speaker2"
    }
  },
  "topicInfo": {
    "topicID": "14-04",
    "topicType": "시사/사회>사회이슈(국내)",
    "topicTitle": "법과 제도"
  },
  "sessionInfo": [
    {
      "prevSessionID": null,
      "prevTimeInfo": {
        "timeNum": null,
        "timeUnit": null
      },
      "nthSession": "1",
      "numberOfUtterances": "15",
      "numberOfTurns": "7",
      "sessionID": "2-00231-1",
      "dialog": [
        {
          "speaker": "speaker1",
          "personaID": "11184",
          "participantID": "0108",
          "utterance": "안녕하세용~~가뤼~! 저는 10대 여자랍니당당 숭구리 당당 숭당당",
          "summary": "나는 10대 여자이다.",
          "date": "2022-11-07",
          "time": "22:30:16",
          "terminate": "false"
        },
        {
          "speaker": "speaker2",
          "personaID": "35213",
          "participantID": "0214",
          "utterance": "와우 ㅋㅋㅋ혹시 10대..10살이신가요?ㅎㅎ 저는 30대 여자랍니다~ 반가워요^^ㅎ..",
          "summary": "나는 30대 여자이다.",
          "date": "2022-11-07",
          "time": "22:30:39",
          "terminate": "false"
        },
        {
          "speaker": "speaker1",
          "personaID": "11184",
          "participantID": "0108",
          "utterance": "앗.. 이모.... 저 10살 아니거덩요..? 저 고딩이거든요?ㅋ 뭐래 진짜ㅋ",
          "summary": "나는 고등학생이다.",
          "date": "2022-11-07",
          "time": "22:32:07",
          "terminate": "false"
        },
        {
          "speaker": "speaker2",
          "personaID": "35213",
          "participantID": "0214",
          "utterance": "ㅋㅋㅋㅋㅋㅋㅋ아 ㅋㅋㅋㅋㅋㅋ이모ㅋㅋㅋ너무해요 고딩이면 그냥 성인이구만 뭐~저 결혼도 안한 30대 초 아리따운 여성이라구요^^*",
          "summary": "나는 결혼을 안 했다.",
          "date": "2022-11-07",
          "time": "22:32:37",
          "terminate": "false"
        },
        {
          "speaker": "speaker1",
          "personaID": "11184",
          "participantID": "0108",
          "utterance": "어쩔티비~~~아리따운은 무슨 그냥 아줌마일듯요~~~~캬캬캬캬캬 나 남양주 사는데 찾아와보시지~~~",
          "summary": "나는 남양주에 산다.",
          "date": "2022-11-07",
          "time": "22:33:09",
          "terminate": "false"
        },
        {
          "speaker": "speaker2",
          "personaID": "35213",
          "participantID": "0214",
          "utterance": "ㅋㅋㅋㅋㅋㅋ아 ㅋㅋㅋ캐 킹받네요 진짜 ㅋㅋㅋ내가 매우 유머러스하니까 봐줍니다?ㅎㅎㅎ",
          "summary": "나는 매우 유머러스하다.",
          "date": "2022-11-07",
          "time": "22:34:01",
          "terminate": "false"
        },
        {
          "speaker": "speaker1",
          "personaID": "11184",
          "participantID": "0108",
          "utterance": "근데 혹시 결혼 안했다고해서 궁금한건데 미래 남편 찾으러 채팅 왔어요..? 설마~ 아니죠?ㅎㅎ",
          "summary": "",
          "date": "2022-11-07",
          "time": "22:34:31",
          "terminate": "false"
        },
        {
          "speaker": "speaker2",
          "personaID": "35213",
          "participantID": "0214",
          "utterance": "ㅋㅋㅋ오 혹시 잼민씨는 영적인 능력을 타고 났을까요? 정답인데요 ㅋ 잼민씨가 나와서 굉장히 우울해요. 저 눈 오는 날씨 좋아하는데 오늘 눈 온다니까 이따가 기분이 괜찮아지길 바라볼게요^^",
          "summary": "나는 눈 오는 날씨를 좋아한다.",
          "date": "2022-11-07",
          "time": "22:35:41",
          "terminate": "false"
        },
        {
          "speaker": "speaker1",
          "personaID": "11184",
          "participantID": "0108",
          "utterance": "제가 영적인 능력뿐만 아니라 좀 공부도 잘해가지고 정치외교학과 진학하고 싶어해요~ 상위권이니까 이런 꿈도 꾸겠죠? 우후훗",
          "summary": "나는 정치외교학과에 진학하고 싶다.",
          "date": "2022-11-07",
          "time": "22:36:15",
          "terminate": "false"
        },
        {
          "speaker": "speaker2",
          "personaID": "35213",
          "participantID": "0214",
          "utterance": "오 정말요..?꽤나..대단한 잼민씨였네요..?ㅋㅋ 저는 일어일문학과 전공했는데 인생 사는데 별로 도움 안되거든요~우리 잼민씨는 꼭 원하는 학과 가서 그 분야를 영원히 써먹었으면 좋겠네요^^",
          "summary": "나는 일어일문학과를 전공했다.",
          "date": "2022-11-07",
          "time": "22:37:32",
          "terminate": "false"
        },
        {
          "speaker": "speaker1",
          "personaID": "11184",
          "participantID": "0108",
          "utterance": "오.. 약간 으른같긴 하네요? 아줌마 인정!!!!!ㅎㅎ근데 혹시 아줌마도 재즈 음악 이런거 좋아해요?",
          "summary": "",
          "date": "2022-11-07",
          "time": "22:38:20",
          "terminate": "false"
        },
        {
          "speaker": "speaker2",
          "personaID": "35213",
          "participantID": "0214",
          "utterance": "ㅋㅋㅋ아 아줌마 ㅋㅋㅋ미치고 팔짝 뛰겠네요 증말 ㅋㅋㅋ흠냐 재즈 음악 별루 안 좋아해요 저는 힙합 좋아한답니다? 어때요 완전 젊게 살죠 ㅋㅋ 저는 오후에 인터넷 쇼핑도 할거라구요~어때요? 완 전 젊 죠?",
          "summary": "나는 재즈 음악 별로 안 좋아한다.",
          "date": "2022-11-07",
          "time": "22:39:00",
          "terminate": "false"
        },
        {
          "speaker": "speaker1",
          "personaID": "11184",
          "participantID": "0108",
          "utterance": "올~ㅋ 혹시 창모 알아요? 창모 알면 인정! 혹시 지그재그 알아요? 직잭 알면 인정~!",
          "summary": "",
          "date": "2022-11-07",
          "time": "22:39:49",
          "terminate": "false"
        },
        {
          "speaker": "speaker2",
          "personaID": "35213",
          "participantID": "0214",
          "utterance": "창모요?? 뭐 어디 자진모리장단에 맞춰서 춤 출때 돌리는 상모 그런건가?ㅎ..직잭은 뭐 새가 내는 소린가요? 와하하 와하하 잼민씨 저 이만 남편 찾으러 가볼게요.",
          "summary": "나는 남편을 찾으러 갈 것이다.",
          "date": "2022-11-07",
          "time": "22:40:52",
          "terminate": "false"
        },
        {
          "speaker": "speaker1",
          "personaID": "11184",
          "participantID": "0108",
          "utterance": "...할많하않.... 우선 남편 찾으면 연락주세요!!! 기다릴게요 그래도 노처녀는 좀 그렇잖아요~ 다음에 연락줘요^^",
          "summary": "",
          "date": "2022-11-07",
          "time": "22:42:21",
          "terminate": "true"
        }
      ],
      "sessionPersonaSummary": {
        "speaker1": [
          "나는 10대 여자이다.",
          "나는 고등학생이다.",
          "나는 남양주에 산다.",
          "나는 정치외교학과에 진학하고 싶다."
        ],
        "speaker2": [
          "나는 30대 여자이다.",
          "나는 결혼을 안 했다.",
          "나는 매우 유머러스하다.",
          "나는 눈 오는 날씨를 좋아한다.",
          "나는 일어일문학과를 전공했다.",
          "나는 재즈 음악 별로 안 좋아한다.",
          "나는 남편을 찾으러 갈 것이다."
        ]
      },
      "prevAggregatedpersonaSummary": {
        "speaker1": [],
        "speaker2": []
      }
    },
    {
      "prevSessionID": "2-00231-1",
      "prevTimeInfo": {
        "timeNum": "39",
        "timeUnit": "시간"
      },
      "nthSession": "2",
      "numberOfUtterances": "17",
      "numberOfTurns": "8",
      "sessionID": "2-00231-2",
      "dialog": [
        {
          "speaker": "speaker1",
          "personaID": "11184",
          "participantID": "0108",
          "utterance": "39시간만인가요? 아직도 남편 못 찾았죠....? 저랑 수다나 떨어요~! 저 카페인데 싫어하는 재즈 음악 계속 나와서 킹받아요ㅠㅠ",
          "summary": "나는 재즈음악을 싫어한다.",
          "date": "2022-11-07",
          "time": "22:44:25",
          "terminate": "false"
        },
        {
          "speaker": "speaker2",
          "personaID": "35213",
          "participantID": "0214",
          "utterance": "ㅋㅋㅋㅋㅋ아놔 ㅋㅋㅋㅋ진짜 어떻게 알았어요?ㅋㅋ저도 잼민이랑만 놀으라는 팔자인가봐요~ 그럼 그 당당한 성격으로 카운터에 가서 음악 좀 바꿔달라고 해봐요~!",
          "summary": "",
          "date": "2022-11-07",
          "time": "22:45:10",
          "terminate": "false"
        },
        {
          "speaker": "speaker1",
          "personaID": "11184",
          "participantID": "0108",
          "utterance": "아 또 그런 거는 잘 못해가지고..근데 요즘 대부분 다 금연 아닌가요? 어디서 자꾸 담배 냄새가 들어와서 짱나요",
          "summary": "나는 담배 냄새가 어디서 들어와서 짜증이 난다.",
          "date": "2022-11-07",
          "time": "22:46:32",
          "terminate": "false"
        },
        {
          "speaker": "speaker2",
          "personaID": "35213",
          "participantID": "0214",
          "utterance": "어머 맞아요 실내에서도 금연일텐데! 감히 우리 잼민이가 있는 곳 근처에서 누군가 피고 있단 말이에요? 발견하면 바로 112에 신고 넣어요 10만원 벌금 맞게~",
          "summary": "",
          "date": "2022-11-07",
          "time": "22:47:27",
          "terminate": "false"
        },
        {
          "speaker": "speaker1",
          "personaID": "11184",
          "participantID": "0108",
          "utterance": "근데 어디서 들어오는지를 못 찾겠다 꾀꼬리~!!!! 요즘 법과 제도가 세져가지고 단속반 언니 오빠들 많이 뜨던데 오늘은 왜 잠잠할까요ㅠㅠ",
          "summary": "요즘 법과 제도가 세져서 단속이 많이 뜨는데 오늘은 잠잠하다.",
          "date": "2022-11-07",
          "time": "22:48:42",
          "terminate": "false"
        },
        {
          "speaker": "speaker2",
          "personaID": "35213",
          "participantID": "0214",
          "utterance": "그러니까 말이에요~! 오늘 무궁화호 사고난 거 알아요??",
          "summary": "",
          "date": "2022-11-07",
          "time": "22:49:18",
          "terminate": "false"
        },
        {
          "speaker": "speaker1",
          "personaID": "11184",
          "participantID": "0108",
          "utterance": "진짜요? 못 봤는뎅..!!! 어떤 사고인데요??",
          "summary": "",
          "date": "2022-11-07",
          "time": "22:49:59",
          "terminate": "false"
        },
        {
          "speaker": "speaker2",
          "personaID": "35213",
          "participantID": "0214",
          "utterance": "무궁화호가 탈선해서 30명이 경상입는 일이 있었어요. 저도 기차를 진짜 많이 타는데 그런 일이 있었다니까 너무 무서운 거 있죠ㅠ",
          "summary": "나는 기차를 많이 탄다.",
          "date": "2022-11-07",
          "time": "22:50:32",
          "terminate": "false"
        },
        {
          "speaker": "speaker1",
          "personaID": "11184",
          "participantID": "0108",
          "utterance": "헐.... 어쩌면 좋아.... 이제 무서워서 기차 타기도 겁나는데요? 근데 왜 기차 탈 일이 많아요??어디 가시길래?ㅎㅎ",
          "summary": "나는 이제 무서워서 기차 타기도 겁 난다.",
          "date": "2022-11-07",
          "time": "22:51:52",
          "terminate": "false"
        },
        {
          "speaker": "speaker2",
          "personaID": "35213",
          "participantID": "0214",
          "utterance": "ㅋㅋㅋㅋ아 친구들이 서울에 있어서 놀러 자주 가거든요~~지방에는 놀 곳이 별로 없잖아요. 인정? 아 우리 잼민이는 아직 모를 때긴 하져~",
          "summary": "나는 친구들이 서울에 있어서 자주 놀러 간다.",
          "date": "2022-11-07",
          "time": "22:52:29",
          "terminate": "false"
        },
        {
          "speaker": "speaker1",
          "personaID": "11184",
          "participantID": "0108",
          "utterance": "아줌마!! 또또또!!! 무시해요? 저도 서울에 친구있거덩요? 제 짱친 서울로 전학갔거덩요?",
          "summary": "나는 서울에 친구가 있다.",
          "date": "2022-11-07",
          "time": "22:54:13",
          "terminate": "false"
        },
        {
          "speaker": "speaker2",
          "personaID": "35213",
          "participantID": "0214",
          "utterance": "ㅋㅋㅋㅋㅋㅋㅋㅋㅋ정말 저 아줌마 아니란 말이에요~!!제가 동안 소리를 얼마나 듣는데!! 저 장나라 닮았거든요?? 그래서 잼민씨는 짱친 보러 서울 자주 가요? 그 짱친은 잼민씨를 친하다고 생각 안하는 거 아녜여??ㅎ",
          "summary": "나는 동안 소리를 듣는다. 나는 장나라를 닮았다.",
          "date": "2022-11-07",
          "time": "22:55:00",
          "terminate": "false"
        },
        {
          "speaker": "speaker1",
          "personaID": "11184",
          "participantID": "0108",
          "utterance": "저 최근에 엄마가 서울까지 데려다줘서  친구만나고 왔거덩요??거기서 지하철도 탔거덩요?? 근데 다들 줄도 잘 서고 준법을 너무 잘 지켜서 깜놀했어여..헤헷",
          "summary": "나는 지하철을 탔다.",
          "date": "2022-11-07",
          "time": "22:56:10",
          "terminate": "false"
        },
        {
          "speaker": "speaker2",
          "personaID": "35213",
          "participantID": "0214",
          "utterance": "ㅋㅋㅋㅋ아이고 많은 것을 했네요 ㅋㅋㅋ 어머 잼민이 사는 곳은 줄도 잘 안 서고 그래요??",
          "summary": "",
          "date": "2022-11-07",
          "time": "22:56:43",
          "terminate": "false"
        },
        {
          "speaker": "speaker1",
          "personaID": "11184",
          "participantID": "0108",
          "utterance": "제 거주지는.. 제가 짱이라 뭐 그냥..ㅎㅎ^^ 알아서 다 비켜주던데욤?",
          "summary": "내 거주지에서는 내가 짱이라 알아서 다 비켜준다.",
          "date": "2022-11-07",
          "time": "22:58:24",
          "terminate": "false"
        },
        {
          "speaker": "speaker2",
          "personaID": "35213",
          "participantID": "0214",
          "utterance": "아핰ㅋㅋㅋㅋㅋㅋㅋ아 너무 멋지다 진짜..우리 대화 너무 즐거웠고..다시는 만나지..아니 또 대화 나눠요~~^^*",
          "summary": "",
          "date": "2022-11-07",
          "time": "22:58:57",
          "terminate": "false"
        },
        {
          "speaker": "speaker1",
          "personaID": "11184",
          "participantID": "0108",
          "utterance": "저는 잊을만 하면 다시 찾아오겠습니다 아줌마!!!!!!ㅎㅎ잘 지내고 계시라요~!",
          "summary": "",
          "date": "2022-11-07",
          "time": "23:00:01",
          "terminate": "true"
        }
      ],
      "sessionPersonaSummary": {
        "speaker1": [
          "나는 재즈음악을 싫어한다.",
          "나는 담배 냄새가 어디서 들어와서 짜증이 난다.",
          "요즘 법과 제도가 세져서 단속이 많이 뜨는데 오늘은 잠잠하다.",
          "나는 이제 무서워서 기차 타기도 겁 난다.",
          "나는 서울에 친구가 있다.",
          "나는 지하철을 탔다.",
          "내 거주지에서는 내가 짱이라 알아서 다 비켜준다."
        ],
        "speaker2": [
          "나는 기차를 많이 탄다.",
          "나는 친구들이 서울에 있어서 자주 놀러 간다.",
          "나는 동안 소리를 듣는다. 나는 장나라를 닮았다."
        ]
      },
      "prevAggregatedpersonaSummary": {
        "speaker1": [
          "나는 10대 여자이다.",
          "나는 고등학생이다.",
          "나는 남양주에 산다.",
          "나는 정치외교학과에 진학하고 싶다."
        ],
        "speaker2": [
          "나는 30대 여자이다.",
          "나는 결혼을 안 했다.",
          "나는 매우 유머러스하다.",
          "나는 눈 오는 날씨를 좋아한다.",
          "나는 일어일문학과를 전공했다.",
          "나는 재즈 음악 별로 안 좋아한다.",
          "나는 남편을 찾으러 갈 것이다."
        ]
      }
    }
  ]
}