{
  "FileInfo": {
    "filename": "K2-00229-CL13289-CP35673-09-09-S2.json",
    "sessionLevel": "2"
  },
  "participantsInfo": {
    "numberOfParticipants": "2",
    "speaker1": {
      "participantID": "4686",
      "gender": "여성",
      "age": "20대",
      "occupation": "무직",
      "bPlace": "광주/전라/제주",
      "gPlace": "광주/전라/제주",
      "rPlace": "광주/전라/제주",
      "educationLevel": "대졸"
    },
    "speaker2": {
      "participantID": "4126",
      "gender": "여성",
      "age": "20대",
      "occupation": "자영업",
      "bPlace": "서울/경기/인천",
      "gPlace": "서울/경기/인천",
      "rPlace": "서울/경기/인천",
      "educationLevel": "대졸"
    }
  },
  "multisessionInfo": {
    "multisessionID": "2-00229"
  },
  "personaInfo": {
    "clInfo": {
      "personaID": "13289",
      "personaFeatures": [
        "나는 여자이다.",
        "나는 10대이다.",
        "나의 생일은 3월이다",
        "나는 행정학과에 진학하고 싶다",
        "나는 햄버거를 안 먹는다",
        "나는 겨울을 좋아한다",
        "나는 록 음악을 싫어한다"
      ],
      "speakerType": "speaker1"
    },
    "cpInfo": {
      "personaID": "35673",
      "personaFeatures": [
        "나는 여자이다.",
        "나는 30대이다.",
        "나는 연인이 없지만 신경 쓰지 않는다",
        "나는 작은 것까지 확인한다",
        "나는 초등학교 교사이다",
        "나는 혈액형이 O형이다"
      ],
      "speakerType": "speaker2"
    }
  },
  "topicInfo": {
    "topicID": "09-09",
    "topicType": "개인 및 관계>반려동물",
    "topicTitle": "반려동물 미용"
  },
  "sessionInfo": [
    {
      "prevSessionID": null,
      "prevTimeInfo": {
        "timeNum": null,
        "timeUnit": null
      },
      "nthSession": "1",
      "numberOfUtterances": "14",
      "numberOfTurns": "7",
      "sessionID": "2-00229-1",
      "dialog": [
        {
          "speaker": "speaker1",
          "personaID": "13289",
          "participantID": "4686",
          "utterance": "안녕하세요 저는 10대 여성입니다~",
          "summary": "나는 10대 여성이다.",
          "date": "2022-12-01",
          "time": "19:10:47",
          "terminate": "false"
        },
        {
          "speaker": "speaker2",
          "personaID": "35673",
          "participantID": "4126",
          "utterance": "안녕하세요 저는 30대 여성입니다.",
          "summary": "나는 30대 여성이다.",
          "date": "2022-12-01",
          "time": "19:12:03",
          "terminate": "false"
        },
        {
          "speaker": "speaker1",
          "personaID": "13289",
          "participantID": "4686",
          "utterance": "직업이 있으신가요? 저는 행정학과에 진학하고 싶어요",
          "summary": "나는 행정학과에 진학하고 싶다.",
          "date": "2022-12-01",
          "time": "19:13:25",
          "terminate": "false"
        },
        {
          "speaker": "speaker2",
          "personaID": "35673",
          "participantID": "4126",
          "utterance": "저는 초등학교 교사로 일하고 있어요~",
          "summary": "나는 초등학교 교사다.",
          "date": "2022-12-01",
          "time": "19:14:04",
          "terminate": "false"
        },
        {
          "speaker": "speaker1",
          "personaID": "13289",
          "participantID": "4686",
          "utterance": "멋지시네요 생일은 언제신가요 저는 3월입니다",
          "summary": "나는 3월생이다.",
          "date": "2022-12-01",
          "time": "19:14:52",
          "terminate": "false"
        },
        {
          "speaker": "speaker2",
          "personaID": "35673",
          "participantID": "4126",
          "utterance": "저는 2월이에요 비슷한 시기네요~ 혈액형은 어떻게 되시나요? 전 o형입니다",
          "summary": "나는 생일이 2월이다. 나는 o형이다.",
          "date": "2022-12-01",
          "time": "19:16:02",
          "terminate": "false"
        },
        {
          "speaker": "speaker1",
          "personaID": "13289",
          "participantID": "4686",
          "utterance": "저는 ab형입니다 날이 많이 추워져서 좋아요 저는 겨울을 좋아하거든요 좋아하는 음식이 있으신가요? 저는 햄버거는 안 먹어요",
          "summary": "나는 ab형이다. 나는 겨울을 좋아한다. 나는 햄버거를 안 먹는다.",
          "date": "2022-12-01",
          "time": "19:17:58",
          "terminate": "false"
        },
        {
          "speaker": "speaker2",
          "personaID": "35673",
          "participantID": "4126",
          "utterance": "저는 동남아 음식을 좋아해요~ 연인은 있으신가요? 저는 없지만 신경쓰지 않아요",
          "summary": "나는 동남아 음식을 좋아한다. 나는 연인이 없지만 신경 쓰지 않는다.",
          "date": "2022-12-01",
          "time": "19:21:43",
          "terminate": "false"
        },
        {
          "speaker": "speaker1",
          "personaID": "13289",
          "participantID": "4686",
          "utterance": "아니요? 저는 혼자 친구들이랑 놀기에도 바빠서 그런 거는 싫어해요 그리고 록 음악도 싫어해요",
          "summary": "나는 록 음악을 싫어한다.",
          "date": "2022-12-01",
          "time": "19:26:07",
          "terminate": "false"
        },
        {
          "speaker": "speaker2",
          "personaID": "35673",
          "participantID": "4126",
          "utterance": "그러시군요 @이름@은 습관이 있으신가요? 저는 작은것까지 확인하는 습관이 있어서 좀 피곤하네요",
          "summary": "나는 작은 것까지 확인하는 습관이 있어서 피곤하다.",
          "date": "2022-12-01",
          "time": "19:26:52",
          "terminate": "false"
        },
        {
          "speaker": "speaker1",
          "personaID": "13289",
          "participantID": "4686",
          "utterance": "피곤한 습관이시겠네요 저는 할 일을 빨리 처리하는 게 습관이에요 할 일이 쌓이는 게 싫어서요",
          "summary": "나는 할 일을 빨리 처리하는 게 습관이다.",
          "date": "2022-12-01",
          "time": "19:28:55",
          "terminate": "false"
        },
        {
          "speaker": "speaker2",
          "personaID": "35673",
          "participantID": "4126",
          "utterance": "그건 정말 좋은 습관이시네요 저도 본받아야 겠어요",
          "summary": "",
          "date": "2022-12-01",
          "time": "19:29:12",
          "terminate": "false"
        },
        {
          "speaker": "speaker1",
          "personaID": "13289",
          "participantID": "4686",
          "utterance": "그런데 그렇게 할 일이 많으면 정말 마음이 급해서 그래요 저는 좀 고치고 싶어요",
          "summary": "나는 할 일이 많으면 마음이 급해진다.",
          "date": "2022-12-01",
          "time": "19:31:53",
          "terminate": "false"
        },
        {
          "speaker": "speaker2",
          "personaID": "35673",
          "participantID": "4126",
          "utterance": "그러시군요 저는 이만 저녁식사하러 가봐야 겠네요~",
          "summary": "",
          "date": "2022-12-01",
          "time": "19:32:59",
          "terminate": "true"
        }
      ],
      "sessionPersonaSummary": {
        "speaker1": [
          "나는 10대 여성이다.",
          "나는 행정학과에 진학하고 싶다.",
          "나는 3월생이다.",
          "나는 ab형이다. 나는 겨울을 좋아한다. 나는 햄버거를 안 먹는다.",
          "나는 록 음악을 싫어한다.",
          "나는 할 일을 빨리 처리하는 게 습관이다.",
          "나는 할 일이 많으면 마음이 급해진다."
        ],
        "speaker2": [
          "나는 30대 여성이다.",
          "나는 초등학교 교사다.",
          "나는 생일이 2월이다. 나는 o형이다.",
          "나는 동남아 음식을 좋아한다. 나는 연인이 없지만 신경 쓰지 않는다.",
          "나는 작은 것까지 확인하는 습관이 있어서 피곤하다."
        ]
      },
      "prevAggregatedpersonaSummary": {
        "speaker1": [],
        "speaker2": []
      }
    },
    {
      "prevSessionID": "2-00229-1",
      "prevTimeInfo": {
        "timeNum": "9",
        "timeUnit": "일"
      },
      "nthSession": "2",
      "numberOfUtterances": "14",
      "numberOfTurns": "7",
      "sessionID": "2-00229-2",
      "dialog": [
        {
          "speaker": "speaker1",
          "personaID": "13289",
          "participantID": "4686",
          "utterance": "안녕하세요 9일만이네요 잘 지내시나요~?",
          "summary": "",
          "date": "2022-12-01",
          "time": "19:37:26",
          "terminate": "false"
        },
        {
          "speaker": "speaker2",
          "personaID": "35673",
          "participantID": "4126",
          "utterance": "네 일이 바빠 정신없이 보냈네요~ 잘 지내셨나요?",
          "summary": "나는 일이 바빴다.",
          "date": "2022-12-01",
          "time": "19:37:45",
          "terminate": "false"
        },
        {
          "speaker": "speaker1",
          "personaID": "13289",
          "participantID": "4686",
          "utterance": "네 오늘 뭐하셨나요? 저는 오늘 강아지 미용을 다녀왔어요 비숑이라서 관리해야 되거든요",
          "summary": "나는 오늘 강아지 미용을 다녀왔다. 나는 비숑을 키운다.",
          "date": "2022-12-01",
          "time": "19:38:45",
          "terminate": "false"
        },
        {
          "speaker": "speaker2",
          "personaID": "35673",
          "participantID": "4126",
          "utterance": "강아지 키우시는군요! 저희 강아지도 미용할 때가 되었는데 일이 바빠서 틈이 나질 않네요",
          "summary": "나는 강아지가 미용할 때가 됐다. 나는 너무 바빠서 시간이 없다.",
          "date": "2022-12-01",
          "time": "19:39:52",
          "terminate": "false"
        },
        {
          "speaker": "speaker1",
          "personaID": "13289",
          "participantID": "4686",
          "utterance": "네 너무 귀여운 강아지예요 그런데 얼굴이 엄청 커져서 가서 둥그렇게 해 줘야 돼요 제가 햄버거를 안 먹는데 햄버거처럼 생겼거든요",
          "summary": "나는 햄버거를 안 먹는다.",
          "date": "2022-12-01",
          "time": "19:42:19",
          "terminate": "false"
        },
        {
          "speaker": "speaker2",
          "personaID": "35673",
          "participantID": "4126",
          "utterance": "저는 말티즈를 3마리 키우고 있어서 한번 미용하러 가는게 일이에요",
          "summary": "나는 강아지를 3마리 키운다. 나는 강아지가 많아서 미용하러 가는 게 일이다.",
          "date": "2022-12-01",
          "time": "19:43:14",
          "terminate": "false"
        },
        {
          "speaker": "speaker1",
          "personaID": "13289",
          "participantID": "4686",
          "utterance": "와 너무 귀여울 것 같아요 진심으로 부러워요 저도 여러마리랑 살고 싶거든요 미용하러 데리고 가기 진짜 힘들겠네요",
          "summary": "나는 강아지 여러 마리와 살고 싶다.",
          "date": "2022-12-01",
          "time": "19:44:05",
          "terminate": "false"
        },
        {
          "speaker": "speaker2",
          "personaID": "35673",
          "participantID": "4126",
          "utterance": "네 그래서 되도록이면 돌아가면서 미용하려고해요 그런데 미용비도 만만치 않아서 이제 직접 배워보려구요",
          "summary": "나는 돌아가면서 미용을 시킨다. 나는 강아지 미용비가 비싸서 직접 배울 것이다.",
          "date": "2022-12-01",
          "time": "19:45:25",
          "terminate": "false"
        },
        {
          "speaker": "speaker1",
          "personaID": "13289",
          "participantID": "4686",
          "utterance": "맞아요 미용하는 게 강아지들한테도 스트레스인데 돈도 많이 들잖아요 초등학교 교사신데 시간이 없으실 것 같아요",
          "summary": "나는 강아지가 미용할 때 스트레스를 받는다고 생각한다.",
          "date": "2022-12-01",
          "time": "19:48:43",
          "terminate": "false"
        },
        {
          "speaker": "speaker2",
          "personaID": "35673",
          "participantID": "4126",
          "utterance": "네 그리고 제가 작은것까지 확인하는 성격이라 남에게 더 못맡기겠더라구요..",
          "summary": "나는 작은 것까지 확인하는 성격이라서 남에게 맡기기 어렵다.",
          "date": "2022-12-01",
          "time": "19:50:55",
          "terminate": "false"
        },
        {
          "speaker": "speaker1",
          "personaID": "13289",
          "participantID": "4686",
          "utterance": "아 그런 성격이면 정말 남한테 맡기기 힘드실 것 같아요 저도 해보고 싶은데 저는 행정학과에 진학하고 싶어서 공부해야 돼서 할 수 없거든요 배워보시는 거 추천해요",
          "summary": "나는 공부 때문에 강아지 미용을 배울 수 없다.",
          "date": "2022-12-01",
          "time": "19:52:01",
          "terminate": "false"
        },
        {
          "speaker": "speaker2",
          "personaID": "35673",
          "participantID": "4126",
          "utterance": "이번 주말에는 시간을 내서 배워봐야 겠네요~",
          "summary": "나는 주말에 시간을 내서 미용을 배울 것이다.",
          "date": "2022-12-01",
          "time": "19:52:33",
          "terminate": "false"
        },
        {
          "speaker": "speaker1",
          "personaID": "13289",
          "participantID": "4686",
          "utterance": "네 꼭 배우셔서 강아지 미용 다치지 말고 성공하세요",
          "summary": "",
          "date": "2022-12-01",
          "time": "19:53:39",
          "terminate": "false"
        },
        {
          "speaker": "speaker2",
          "personaID": "35673",
          "participantID": "4126",
          "utterance": "네 저는 이만 저녁먹으러 가볼게요",
          "summary": "",
          "date": "2022-12-01",
          "time": "19:53:56",
          "terminate": "true"
        }
      ],
      "sessionPersonaSummary": {
        "speaker1": [
          "나는 오늘 강아지 미용을 다녀왔다. 나는 비숑을 키운다.",
          "나는 햄버거를 안 먹는다.",
          "나는 강아지 여러 마리와 살고 싶다.",
          "나는 강아지가 미용할 때 스트레스를 받는다고 생각한다.",
          "나는 공부 때문에 강아지 미용을 배울 수 없다."
        ],
        "speaker2": [
          "나는 일이 바빴다.",
          "나는 강아지가 미용할 때가 됐다. 나는 너무 바빠서 시간이 없다.",
          "나는 강아지를 3마리 키운다. 나는 강아지가 많아서 미용하러 가는 게 일이다.",
          "나는 돌아가면서 미용을 시킨다. 나는 강아지 미용비가 비싸서 직접 배울 것이다.",
          "나는 작은 것까지 확인하는 성격이라서 남에게 맡기기 어렵다.",
          "나는 주말에 시간을 내서 미용을 배울 것이다."
        ]
      },
      "prevAggregatedpersonaSummary": {
        "speaker1": [
          "나는 10대 여성이다.",
          "나는 행정학과에 진학하고 싶다.",
          "나는 3월생이다.",
          "나는 ab형이다. 나는 겨울을 좋아한다. 나는 햄버거를 안 먹는다.",
          "나는 록 음악을 싫어한다.",
          "나는 할 일을 빨리 처리하는 게 습관이다.",
          "나는 할 일이 많으면 마음이 급해진다."
        ],
        "speaker2": [
          "나는 30대 여성이다.",
          "나는 초등학교 교사다.",
          "나는 생일이 2월이다. 나는 o형이다.",
          "나는 동남아 음식을 좋아한다. 나는 연인이 없지만 신경 쓰지 않는다.",
          "나는 작은 것까지 확인하는 습관이 있어서 피곤하다."
        ]
      }
    }
  ]
}