{
  "FileInfo": {
    "filename": "K2-00042-CL10471-CP11632-19-05-S2.json",
    "sessionLevel": "2"
  },
  "participantsInfo": {
    "numberOfParticipants": "2",
    "speaker1": {
      "participantID": "0208",
      "gender": "남성",
      "age": "20대",
      "occupation": "학생",
      "bPlace": "서울/경기/인천",
      "gPlace": "서울/경기/인천",
      "rPlace": "서울/경기/인천",
      "educationLevel": "고졸"
    },
    "speaker2": {
      "participantID": "0197",
      "gender": "여성",
      "age": "20대",
      "occupation": "기타",
      "bPlace": "부산/대구/울산/경상",
      "gPlace": "부산/대구/울산/경상",
      "rPlace": "부산/대구/울산/경상",
      "educationLevel": "대졸"
    }
  },
  "multisessionInfo": {
    "multisessionID": "2-00042"
  },
  "personaInfo": {
    "clInfo": {
      "personaID": "10471",
      "personaFeatures": [
        "나는 남자이다.",
        "나는 10대이다.",
        "나의 종교는 카톨릭이다",
        "나는 항상 조용하다",
        "나는 동화를 가끔 읽는다"
      ],
      "speakerType": "speaker1"
    },
    "cpInfo": {
      "personaID": "11632",
      "personaFeatures": [
        "나는 여자이다.",
        "나는 10대이다.",
        "나의 종교는 카톨릭이다",
        "나는 미술교육과에 진학하고 싶다",
        "나는 수영을 가끔 한다"
      ],
      "speakerType": "speaker2"
    }
  },
  "topicInfo": {
    "topicID": "19-05",
    "topicType": "예술문화 생활>방송/연예",
    "topicTitle": "방송채널"
  },
  "sessionInfo": [
    {
      "prevSessionID": null,
      "prevTimeInfo": {
        "timeNum": null,
        "timeUnit": null
      },
      "nthSession": "1",
      "numberOfUtterances": "15",
      "numberOfTurns": "7",
      "sessionID": "2-00042-1",
      "dialog": [
        {
          "speaker": "speaker1",
          "personaID": "10471",
          "participantID": "0208",
          "utterance": "안녕하세요! 저는 10대 남자에요~ 잘부탁드려요!",
          "summary": "나는 10대 남자다.",
          "date": "2022-11-04",
          "time": "13:14:11",
          "terminate": "false"
        },
        {
          "speaker": "speaker2",
          "personaID": "11632",
          "participantID": "0197",
          "utterance": "안녕요~! 두 10대고 여자예용 ㅎㅎ",
          "summary": "나는 10대 여자다.",
          "date": "2022-11-04",
          "time": "13:14:23",
          "terminate": "false"
        },
        {
          "speaker": "speaker1",
          "personaID": "10471",
          "participantID": "0208",
          "utterance": "또래네요! 취미같은거 있으세요? ㅋㅋ 저는 동화를 가끔 읽어요!",
          "summary": "나는 동화를 가끔 읽는다.",
          "date": "2022-11-04",
          "time": "13:14:55",
          "terminate": "false"
        },
        {
          "speaker": "speaker2",
          "personaID": "11632",
          "participantID": "0197",
          "utterance": "우아 저도 예술쪽 관심있어서, 미술교육과 진학하고싶어요~ㅎ 취미로는 수영을가끔해요.",
          "summary": "나는 미술교육과에 진학하고 싶다. 나는 수영이 취미다.",
          "date": "2022-11-04",
          "time": "13:15:13",
          "terminate": "false"
        },
        {
          "speaker": "speaker1",
          "personaID": "10471",
          "participantID": "0208",
          "utterance": "우와... 미술교육과라니 나중에 미술선생님하시겠네요. 수영은 다이어트에도 좋다는데 잘선택하셨네요!",
          "summary": "",
          "date": "2022-11-04",
          "time": "13:16:06",
          "terminate": "false"
        },
        {
          "speaker": "speaker2",
          "personaID": "11632",
          "participantID": "0197",
          "utterance": "헤헷. 꿈은 아직 잘 모르겠어요, 님은 꿈이 있어요?",
          "summary": "",
          "date": "2022-11-04",
          "time": "13:16:23",
          "terminate": "false"
        },
        {
          "speaker": "speaker1",
          "personaID": "10471",
          "participantID": "0208",
          "utterance": "저는 꿈은 교사가 되는거에요. 근데 제가 소극적이고 항상 조용한 성격이라서 될까모르겠네요.",
          "summary": "나는 교사가 되고 싶다. 나는 소극적이다. 나는 조용한 성격이다.",
          "date": "2022-11-04",
          "time": "13:17:20",
          "terminate": "false"
        },
        {
          "speaker": "speaker2",
          "personaID": "11632",
          "participantID": "0197",
          "utterance": "잘할수있을거예요! 성격은 장단점이 있자나요 ㅎㅎ",
          "summary": "",
          "date": "2022-11-04",
          "time": "13:17:33",
          "terminate": "false"
        },
        {
          "speaker": "speaker1",
          "personaID": "10471",
          "participantID": "0208",
          "utterance": "맞아요. 그래서 다니는 성당에서 주최하는 행사같은거 꾸준히 나가면서 성격을 고쳐보려고 해요.",
          "summary": "나는 성격을 고치고 싶다.",
          "date": "2022-11-04",
          "time": "13:18:26",
          "terminate": "false"
        },
        {
          "speaker": "speaker2",
          "personaID": "11632",
          "participantID": "0197",
          "utterance": "아아 성당다니세요! 저 종교 가톨릭인데 님두요?",
          "summary": "나는 종교가 가톨릭이다.",
          "date": "2022-11-04",
          "time": "13:19:03",
          "terminate": "false"
        },
        {
          "speaker": "speaker1",
          "personaID": "10471",
          "participantID": "0208",
          "utterance": "네! 저도 카톨릭이에요! 동년배에 종교도 같다니 되게 신기하네요!",
          "summary": "나는 가톨릭이다.",
          "date": "2022-11-04",
          "time": "13:19:50",
          "terminate": "false"
        },
        {
          "speaker": "speaker2",
          "personaID": "11632",
          "participantID": "0197",
          "utterance": "그러게요 신기하네요 ㅎㅎ 잘부탁드려요 성당어디다니세요?",
          "summary": "",
          "date": "2022-11-04",
          "time": "13:20:33",
          "terminate": "false"
        },
        {
          "speaker": "speaker1",
          "personaID": "10471",
          "participantID": "0208",
          "utterance": "저는 과천성당에 다니고 있어요! ㅋㅋ 어디에 다니시고 계신가요?",
          "summary": "나는 과천성당에 다닌다.",
          "date": "2022-11-04",
          "time": "13:20:54",
          "terminate": "false"
        },
        {
          "speaker": "speaker2",
          "personaID": "11632",
          "participantID": "0197",
          "utterance": "엇 저는 이곡성당이요! 아 저 성당에 가봐야할거같아요~",
          "summary": "나는 이곡성당에 다닌다.",
          "date": "2022-11-04",
          "time": "13:21:13",
          "terminate": "false"
        },
        {
          "speaker": "speaker1",
          "personaID": "10471",
          "participantID": "0208",
          "utterance": "넵~ 성당 잘 다녀오세요! 저는 이제 좀 쉬어야겠네여~~",
          "summary": "나는 쉴 것이다.",
          "date": "2022-11-04",
          "time": "13:21:47",
          "terminate": "true"
        }
      ],
      "sessionPersonaSummary": {
        "speaker1": [
          "나는 10대 남자다.",
          "나는 동화를 가끔 읽는다.",
          "나는 교사가 되고 싶다. 나는 소극적이다. 나는 조용한 성격이다.",
          "나는 성격을 고치고 싶다.",
          "나는 가톨릭이다.",
          "나는 과천성당에 다닌다.",
          "나는 쉴 것이다."
        ],
        "speaker2": [
          "나는 10대 여자다.",
          "나는 미술교육과에 진학하고 싶다. 나는 수영이 취미다.",
          "나는 종교가 가톨릭이다.",
          "나는 이곡성당에 다닌다."
        ]
      },
      "prevAggregatedpersonaSummary": {
        "speaker1": [],
        "speaker2": []
      }
    },
    {
      "prevSessionID": "2-00042-1",
      "prevTimeInfo": {
        "timeNum": "1",
        "timeUnit": "시간"
      },
      "nthSession": "2",
      "numberOfUtterances": "15",
      "numberOfTurns": "7",
      "sessionID": "2-00042-2",
      "dialog": [
        {
          "speaker": "speaker1",
          "personaID": "10471",
          "participantID": "0208",
          "utterance": "1시간 지났네요! 성당 잘 다녀오셨을까요?",
          "summary": "",
          "date": "2022-11-04",
          "time": "13:23:46",
          "terminate": "false"
        },
        {
          "speaker": "speaker2",
          "personaID": "11632",
          "participantID": "0197",
          "utterance": "네 다녀왔어요 ㅎㅎ 오늘따라 기분이 좋네요. 집가서 방송이나 봐야지~",
          "summary": "나는 방송을 볼 것이다.",
          "date": "2022-11-04",
          "time": "13:24:12",
          "terminate": "false"
        },
        {
          "speaker": "speaker1",
          "personaID": "10471",
          "participantID": "0208",
          "utterance": "어떤 방송 즐겨보세요? 저는 음악 방송을 보려고 준비중이에요!",
          "summary": "나는 음악방송을 본다.\n\n",
          "date": "2022-11-04",
          "time": "13:24:53",
          "terminate": "false"
        },
        {
          "speaker": "speaker2",
          "personaID": "11632",
          "participantID": "0197",
          "utterance": "저는 다큐멘터리 자주봐요 ㅎㅎ 음악뭐봐요?",
          "summary": "나는 다큐멘터리를 자주 본다.",
          "date": "2022-11-04",
          "time": "13:25:10",
          "terminate": "false"
        },
        {
          "speaker": "speaker1",
          "personaID": "10471",
          "participantID": "0208",
          "utterance": "저는 음악중심을 보려고 해요! 요즘 대중가요가 너무 즐겁더라구요~",
          "summary": "나는 음악중심을 본다. 나는 대중가요가 좋다.",
          "date": "2022-11-04",
          "time": "13:25:36",
          "terminate": "false"
        },
        {
          "speaker": "speaker2",
          "personaID": "11632",
          "participantID": "0197",
          "utterance": "아아~ 어떤 연예인 주로 좋아하세요?",
          "summary": "",
          "date": "2022-11-04",
          "time": "13:25:52",
          "terminate": "false"
        },
        {
          "speaker": "speaker1",
          "personaID": "10471",
          "participantID": "0208",
          "utterance": "저는 @이름@를 좋아해요! 비쥬얼이 너무 좋아서 최애돌이에요! 님은 좋아하는 연예인 없으세요?",
          "summary": "나는 @이름@를 좋아한다.",
          "date": "2022-11-04",
          "time": "13:26:48",
          "terminate": "false"
        },
        {
          "speaker": "speaker2",
          "personaID": "11632",
          "participantID": "0197",
          "utterance": "우아 저도 @이름@ 좋아함. @이름1@짱이뻐..",
          "summary": "나는 @이름@를 좋아한다.",
          "date": "2022-11-04",
          "time": "13:28:35",
          "terminate": "false"
        },
        {
          "speaker": "speaker1",
          "personaID": "10471",
          "participantID": "0208",
          "utterance": "취향도 잘 맞으시네요! ㅋㅋ 오늘 그러고보니 공중파에서 야구한다는데 야구는 안좋아하세요?",
          "summary": "",
          "date": "2022-11-04",
          "time": "13:29:10",
          "terminate": "false"
        },
        {
          "speaker": "speaker2",
          "personaID": "11632",
          "participantID": "0197",
          "utterance": "네 야구는 안좋아해요..ㅋㅋ야구 좋아하세요?",
          "summary": "나는 야구를 좋아하지 않는다.",
          "date": "2022-11-04",
          "time": "13:29:41",
          "terminate": "false"
        },
        {
          "speaker": "speaker1",
          "personaID": "10471",
          "participantID": "0208",
          "utterance": "네. 전 야구도 좋아해서 음악중심보고나서 그것도 있다가 챙겨보려구요 ㅎㅎ",
          "summary": "나는 야구를 좋아한다.",
          "date": "2022-11-04",
          "time": "13:30:24",
          "terminate": "false"
        },
        {
          "speaker": "speaker2",
          "personaID": "11632",
          "participantID": "0197",
          "utterance": "좋다좋당. 여유로운 시간을 보내고 계시네요 ㅎㅎ",
          "summary": "",
          "date": "2022-11-04",
          "time": "13:30:47",
          "terminate": "false"
        },
        {
          "speaker": "speaker1",
          "personaID": "10471",
          "participantID": "0208",
          "utterance": "그럼요! 학생이라도 여유를 부릴줄 알아야한다고 생각합니다. 맨날 공부만 하면 너무 지쳐요. 퓨",
          "summary": "",
          "date": "2022-11-04",
          "time": "13:31:26",
          "terminate": "false"
        },
        {
          "speaker": "speaker2",
          "personaID": "11632",
          "participantID": "0197",
          "utterance": "마자마장 ㅠ 저이제배고파서 밥머그러 가보려고요..",
          "summary": "나는 밥 먹으러 갈 것이다.",
          "date": "2022-11-04",
          "time": "13:31:42",
          "terminate": "false"
        },
        {
          "speaker": "speaker1",
          "personaID": "10471",
          "participantID": "0208",
          "utterance": "넹! 밥 맛있게 드세요! 저는 음악프로를 보러갈게요!",
          "summary": "나는 음악프로를 보러 갈 것이다.",
          "date": "2022-11-04",
          "time": "13:32:08",
          "terminate": "true"
        }
      ],
      "sessionPersonaSummary": {
        "speaker1": [
          "나는 음악방송을 본다.\n\n",
          "나는 음악중심을 본다. 나는 대중가요가 좋다.",
          "나는 @이름@를 좋아한다.",
          "나는 야구를 좋아한다.",
          "나는 음악프로를 보러 갈 것이다."
        ],
        "speaker2": [
          "나는 방송을 볼 것이다.",
          "나는 다큐멘터리를 자주 본다.",
          "나는 @이름@를 좋아한다.",
          "나는 야구를 좋아하지 않는다.",
          "나는 밥 먹으러 갈 것이다."
        ]
      },
      "prevAggregatedpersonaSummary": {
        "speaker1": [
          "나는 10대 남자다.",
          "나는 동화를 가끔 읽는다.",
          "나는 교사가 되고 싶다. 나는 소극적이다. 나는 조용한 성격이다.",
          "나는 성격을 고치고 싶다.",
          "나는 가톨릭이다.",
          "나는 과천성당에 다닌다.",
          "나는 쉴 것이다."
        ],
        "speaker2": [
          "나는 10대 여자다.",
          "나는 미술교육과에 진학하고 싶다. 나는 수영이 취미다.",
          "나는 종교가 가톨릭이다.",
          "나는 이곡성당에 다닌다."
        ]
      }
    }
  ]
}