{
  "FileInfo": {
    "filename": "K2-00498-CL03273-CP02718-14-05-S2.json",
    "sessionLevel": "2"
  },
  "participantsInfo": {
    "numberOfParticipants": "2",
    "speaker1": {
      "participantID": "25367",
      "gender": "남성",
      "age": "40대",
      "occupation": "사무직",
      "bPlace": "서울/경기/인천",
      "gPlace": "서울/경기/인천",
      "rPlace": "서울/경기/인천",
      "educationLevel": "고졸"
    },
    "speaker2": {
      "participantID": "25785",
      "gender": "여성",
      "age": "30대",
      "occupation": "사무직",
      "bPlace": "부산/대구/울산/경상",
      "gPlace": "부산/대구/울산/경상",
      "rPlace": "부산/대구/울산/경상",
      "educationLevel": "고졸"
    }
  },
  "multisessionInfo": {
    "multisessionID": "2-00498"
  },
  "personaInfo": {
    "clInfo": {
      "personaID": "03273",
      "personaFeatures": [
        "나는 남자이다.",
        "나는 40대이다.",
        "나는 종교가 없다.",
        "나는 요즘, 가끔 초조하다.",
        "나는 환경미화원이다."
      ],
      "speakerType": "speaker1"
    },
    "cpInfo": {
      "personaID": "02718",
      "personaFeatures": [
        "나는 여자이다.",
        "나는 30대이다.",
        "나는 종교가 없다.",
        "나는 요즘, 가끔 눈물이 난다.",
        "나는 해외 주식에 관심이 많다."
      ],
      "speakerType": "speaker2"
    }
  },
  "topicInfo": {
    "topicID": "14-05",
    "topicType": "시사/사회>사회이슈(국내)",
    "topicTitle": "재해 및 재난"
  },
  "sessionInfo": [
    {
      "prevSessionID": null,
      "prevTimeInfo": {
        "timeNum": null,
        "timeUnit": null
      },
      "nthSession": "1",
      "numberOfUtterances": "16",
      "numberOfTurns": "8",
      "sessionID": "2-00498-1",
      "dialog": [
        {
          "speaker": "speaker1",
          "personaID": "03273",
          "participantID": "25367",
          "utterance": "안녕하세요~저는 40대 남자입니다~",
          "summary": "나는 40대 남자이다.",
          "date": "2022-09-02",
          "time": "10:15:48",
          "terminate": "false"
        },
        {
          "speaker": "speaker2",
          "personaID": "02718",
          "participantID": "25785",
          "utterance": "네~안녕하세요! 저는 30대 여자입니다!",
          "summary": "나는 30대 여자이다.",
          "date": "2022-09-02",
          "time": "10:15:55",
          "terminate": "false"
        },
        {
          "speaker": "speaker1",
          "personaID": "03273",
          "participantID": "25367",
          "utterance": "저는 환경 미화원인데, 요즘 너무 널널하네요..",
          "summary": "나는 환경미화원이다.",
          "date": "2022-09-02",
          "time": "10:16:06",
          "terminate": "false"
        },
        {
          "speaker": "speaker2",
          "personaID": "02718",
          "participantID": "25785",
          "utterance": "오~요즘 거리가 깨끗해서 그런가요?",
          "summary": "",
          "date": "2022-09-02",
          "time": "10:16:14",
          "terminate": "false"
        },
        {
          "speaker": "speaker1",
          "personaID": "03273",
          "participantID": "25367",
          "utterance": "네..근데, 곧 연말이라 요즘 초조하네요..",
          "summary": "나는 요즘, 가끔 초조하다.",
          "date": "2022-09-02",
          "time": "10:16:35",
          "terminate": "false"
        },
        {
          "speaker": "speaker2",
          "personaID": "02718",
          "participantID": "25785",
          "utterance": "저도 해외주식에 관심이 많은데 다른 의미로 요즘 초조해요...",
          "summary": "나는 해외 주식에 관심이 많다, 나는 요즘 초조하다.",
          "date": "2022-09-02",
          "time": "10:16:50",
          "terminate": "false"
        },
        {
          "speaker": "speaker1",
          "personaID": "03273",
          "participantID": "25367",
          "utterance": "투자를 제법 들어가셨나 보네요..? 아닌가..",
          "summary": "",
          "date": "2022-09-02",
          "time": "10:16:58",
          "terminate": "false"
        },
        {
          "speaker": "speaker2",
          "personaID": "02718",
          "participantID": "25785",
          "utterance": "네..이미 들어갔습니다..그래서 요즘 가끔 눈물이 나네요.",
          "summary": "나는 요즘, 가끔 눈물이 난다.",
          "date": "2022-09-02",
          "time": "10:17:03",
          "terminate": "false"
        },
        {
          "speaker": "speaker1",
          "personaID": "03273",
          "participantID": "25367",
          "utterance": "아이고.. 묻지는 않을께요. 힘내요 !!",
          "summary": "",
          "date": "2022-09-02",
          "time": "10:17:19",
          "terminate": "false"
        },
        {
          "speaker": "speaker2",
          "personaID": "02718",
          "participantID": "25785",
          "utterance": "응원 정말 감사하고 안물어봐 주시는것도 감사해요.",
          "summary": "",
          "date": "2022-09-02",
          "time": "10:17:25",
          "terminate": "false"
        },
        {
          "speaker": "speaker1",
          "personaID": "03273",
          "participantID": "25367",
          "utterance": "정말 뭔가 힘들때 이상하게 절대자를 찾게 되지 않나요?",
          "summary": "",
          "date": "2022-09-02",
          "time": "10:17:38",
          "terminate": "false"
        },
        {
          "speaker": "speaker2",
          "personaID": "02718",
          "participantID": "25785",
          "utterance": "저는 그런거 잘 모르겠네요...종교가 없어서.",
          "summary": "나는 종교가 없다.",
          "date": "2022-09-02",
          "time": "10:17:52",
          "terminate": "false"
        },
        {
          "speaker": "speaker1",
          "personaID": "03273",
          "participantID": "25367",
          "utterance": "저도 없는데 그냥 그렇게 되지않냐 묻는거였어요..",
          "summary": "나는 종교가 없다.",
          "date": "2022-09-02",
          "time": "10:18:07",
          "terminate": "false"
        },
        {
          "speaker": "speaker2",
          "personaID": "02718",
          "participantID": "25785",
          "utterance": "그렇긴 한데 저는 사실 무의미한거라고 생각해서..",
          "summary": "",
          "date": "2022-09-02",
          "time": "10:18:15",
          "terminate": "false"
        },
        {
          "speaker": "speaker1",
          "personaID": "03273",
          "participantID": "25367",
          "utterance": "그렇긴하죠. 음.. 저는 다시 일하러가볼께요 !",
          "summary": "",
          "date": "2022-09-02",
          "time": "10:18:24",
          "terminate": "false"
        },
        {
          "speaker": "speaker2",
          "personaID": "02718",
          "participantID": "25785",
          "utterance": "알겠습니다~그럼 오늘도 수고하세요~",
          "summary": "",
          "date": "2022-09-02",
          "time": "10:18:31",
          "terminate": "true"
        }
      ],
      "sessionPersonaSummary": {
        "speaker1": [
          "나는 40대 남자이다.",
          "나는 환경미화원이다.",
          "나는 요즘, 가끔 초조하다.",
          "나는 종교가 없다."
        ],
        "speaker2": [
          "나는 30대 여자이다.",
          "나는 해외 주식에 관심이 많다, 나는 요즘 초조하다.",
          "나는 요즘, 가끔 눈물이 난다.",
          "나는 종교가 없다."
        ]
      },
      "prevAggregatedpersonaSummary": {
        "speaker1": [],
        "speaker2": []
      }
    },
    {
      "prevSessionID": "2-00498-1",
      "prevTimeInfo": {
        "timeNum": "1",
        "timeUnit": "일"
      },
      "nthSession": "2",
      "numberOfUtterances": "20",
      "numberOfTurns": "10",
      "sessionID": "2-00498-2",
      "dialog": [
        {
          "speaker": "speaker1",
          "personaID": "03273",
          "participantID": "25367",
          "utterance": "좋은아침 ! 어제는 잘잤어요?",
          "summary": "",
          "date": "2022-09-02",
          "time": "10:19:15",
          "terminate": "false"
        },
        {
          "speaker": "speaker2",
          "personaID": "02718",
          "participantID": "25785",
          "utterance": "네~좋은아침입니다! 저는 잘 잤어요.",
          "summary": "",
          "date": "2022-09-02",
          "time": "10:19:20",
          "terminate": "false"
        },
        {
          "speaker": "speaker1",
          "personaID": "03273",
          "participantID": "25367",
          "utterance": "아침부터 티비 보고 있었어요 ! 잠 다깼어요..",
          "summary": "나는 아침부터 티브이를 보고 있는데 잠이 다 깼다.",
          "date": "2022-09-02",
          "time": "10:19:35",
          "terminate": "false"
        },
        {
          "speaker": "speaker2",
          "personaID": "02718",
          "participantID": "25785",
          "utterance": "아~그러시구나! 뭐 보고 계시는데요?",
          "summary": "",
          "date": "2022-09-02",
          "time": "10:19:41",
          "terminate": "false"
        },
        {
          "speaker": "speaker1",
          "personaID": "03273",
          "participantID": "25367",
          "utterance": "그냥 다큐멘터리인데.. 재해 재난? 뭐이런거네요.",
          "summary": "나는 다큐멘터리를 보고 있다.",
          "date": "2022-09-02",
          "time": "10:19:48",
          "terminate": "false"
        },
        {
          "speaker": "speaker2",
          "personaID": "02718",
          "participantID": "25785",
          "utterance": "아~그래요? 어디서 보고있어요? 궁금하네요.",
          "summary": "",
          "date": "2022-09-02",
          "time": "10:19:59",
          "terminate": "false"
        },
        {
          "speaker": "speaker1",
          "personaID": "03273",
          "participantID": "25367",
          "utterance": "KBS2 보시겠어요? 지금 하고 있는데..",
          "summary": "",
          "date": "2022-09-02",
          "time": "10:20:09",
          "terminate": "false"
        },
        {
          "speaker": "speaker2",
          "personaID": "02718",
          "participantID": "25785",
          "utterance": "아! 재해,재난 자연의 신비! 이거 보고계시는구나?",
          "summary": "",
          "date": "2022-09-02",
          "time": "10:20:19",
          "terminate": "false"
        },
        {
          "speaker": "speaker1",
          "personaID": "03273",
          "participantID": "25367",
          "utterance": "네.. 와 우리 나라에도 재해 재난 엄청 났네요..",
          "summary": "",
          "date": "2022-09-02",
          "time": "10:20:40",
          "terminate": "false"
        },
        {
          "speaker": "speaker2",
          "personaID": "02718",
          "participantID": "25785",
          "utterance": "그러니까요..진짜 심각했죠 저희도.",
          "summary": "",
          "date": "2022-09-02",
          "time": "10:20:50",
          "terminate": "false"
        },
        {
          "speaker": "speaker1",
          "personaID": "03273",
          "participantID": "25367",
          "utterance": "진짜 매미 이거 기억나요.. 장난 아니였잖아요.",
          "summary": "",
          "date": "2022-09-02",
          "time": "10:21:07",
          "terminate": "false"
        },
        {
          "speaker": "speaker2",
          "personaID": "02718",
          "participantID": "25785",
          "utterance": "태풍 매미요? 그게 한국 태풍중 가장 강력한거 아니였나요?",
          "summary": "",
          "date": "2022-09-02",
          "time": "10:21:23",
          "terminate": "false"
        },
        {
          "speaker": "speaker1",
          "personaID": "03273",
          "participantID": "25367",
          "utterance": "네.. 진짜 막 방파제 날아 다니고 그랬는데..",
          "summary": "",
          "date": "2022-09-02",
          "time": "10:21:41",
          "terminate": "false"
        },
        {
          "speaker": "speaker2",
          "personaID": "02718",
          "participantID": "25785",
          "utterance": "에이~거짓말! 무슨 방파제까지 날라다녀요..",
          "summary": "",
          "date": "2022-09-02",
          "time": "10:21:57",
          "terminate": "false"
        },
        {
          "speaker": "speaker1",
          "personaID": "03273",
          "participantID": "25367",
          "utterance": "거짓말 아니에요.. 진짜 날아 다니고 그랬어요..",
          "summary": "",
          "date": "2022-09-02",
          "time": "10:22:17",
          "terminate": "false"
        },
        {
          "speaker": "speaker2",
          "personaID": "02718",
          "participantID": "25785",
          "utterance": "그 무거운 돌덩이 같은게 어떻게 날라다녀요..",
          "summary": "",
          "date": "2022-09-02",
          "time": "10:22:24",
          "terminate": "false"
        },
        {
          "speaker": "speaker1",
          "personaID": "03273",
          "participantID": "25367",
          "utterance": "봐봐요 ! 지금 화면에 나오잖아요. 사람을 못믿네.",
          "summary": "",
          "date": "2022-09-02",
          "time": "10:22:45",
          "terminate": "false"
        },
        {
          "speaker": "speaker2",
          "personaID": "02718",
          "participantID": "25785",
          "utterance": "아;;진짜 그렇네요.. 정말 심하긴했네요..알고는있었지만..",
          "summary": "",
          "date": "2022-09-02",
          "time": "10:22:58",
          "terminate": "false"
        },
        {
          "speaker": "speaker1",
          "personaID": "03273",
          "participantID": "25367",
          "utterance": "ㅎㅎ. 저는 프로그램 마저 보고 다시 연락 드릴께요 !",
          "summary": "",
          "date": "2022-09-02",
          "time": "10:23:15",
          "terminate": "false"
        },
        {
          "speaker": "speaker2",
          "personaID": "02718",
          "participantID": "25785",
          "utterance": "알겠습니다~그럼 저도 이거나 봐야겠어요!",
          "summary": "",
          "date": "2022-09-02",
          "time": "10:23:35",
          "terminate": "true"
        }
      ],
      "sessionPersonaSummary": {
        "speaker1": [
          "나는 아침부터 티브이를 보고 있는데 잠이 다 깼다.",
          "나는 다큐멘터리를 보고 있다."
        ],
        "speaker2": []
      },
      "prevAggregatedpersonaSummary": {
        "speaker1": [
          "나는 40대 남자이다.",
          "나는 환경미화원이다.",
          "나는 요즘, 가끔 초조하다.",
          "나는 종교가 없다."
        ],
        "speaker2": [
          "나는 30대 여자이다.",
          "나는 해외 주식에 관심이 많다, 나는 요즘 초조하다.",
          "나는 요즘, 가끔 눈물이 난다.",
          "나는 종교가 없다."
        ]
      }
    }
  ]
}