{
  "FileInfo": {
    "filename": "K2-00245-CL25927-CP30975-13-03-S2.json",
    "sessionLevel": "2"
  },
  "participantsInfo": {
    "numberOfParticipants": "2",
    "speaker1": {
      "participantID": "4293",
      "gender": "여성",
      "age": "30대",
      "occupation": "서비스직",
      "bPlace": "광주/전라/제주",
      "gPlace": "대전/세종/충청/강원",
      "rPlace": "서울/경기/인천",
      "educationLevel": "고졸"
    },
    "speaker2": {
      "participantID": "5495",
      "gender": "남성",
      "age": "20대",
      "occupation": "학생",
      "bPlace": "서울/경기/인천",
      "gPlace": "서울/경기/인천",
      "rPlace": "서울/경기/인천",
      "educationLevel": "대졸"
    }
  },
  "multisessionInfo": {
    "multisessionID": "2-00245"
  },
  "personaInfo": {
    "clInfo": {
      "personaID": "25927",
      "personaFeatures": [
        "나는 여자이다.",
        "나는 20대이다.",
        "나의 거주지는 전주이다",
        "나는 측량사이다",
        "나는 에세이를 좋아한다",
        "나는 짠 음식을 안 먹는다",
        "나는 물고기 두 마리를 키운다"
      ],
      "speakerType": "speaker1"
    },
    "cpInfo": {
      "personaID": "30975",
      "personaFeatures": [
        "나는 남자이다.",
        "나는 30대이다.",
        "나는 전기전자과를 전공했다",
        "나는 국내 여행에 관심 없다",
        "나는 더운 날씨를 좋아한다"
      ],
      "speakerType": "speaker2"
    }
  },
  "topicInfo": {
    "topicID": "13-03",
    "topicType": "기후>계절/날씨",
    "topicTitle": "천재지변"
  },
  "sessionInfo": [
    {
      "prevSessionID": null,
      "prevTimeInfo": {
        "timeNum": null,
        "timeUnit": null
      },
      "nthSession": "1",
      "numberOfUtterances": "14",
      "numberOfTurns": "7",
      "sessionID": "2-00245-1",
      "dialog": [
        {
          "speaker": "speaker1",
          "personaID": "25927",
          "participantID": "4293",
          "utterance": "안녕하세요 저는 전주에 살고있는 20대 여성입니다",
          "summary": "나는 전주에 살고 있고 20대 여성이다.",
          "date": "2022-11-24",
          "time": "14:35:14",
          "terminate": "false"
        },
        {
          "speaker": "speaker2",
          "personaID": "30975",
          "participantID": "5495",
          "utterance": "안녕하세요 저는 30대 남성입니다. ",
          "summary": "나는 30대 남성이다",
          "date": "2022-11-24",
          "time": "14:38:19",
          "terminate": "false"
        },
        {
          "speaker": "speaker1",
          "personaID": "25927",
          "participantID": "4293",
          "utterance": "반가워요 저는 측량사 일을하고있어요 무슨일을 하시나요?",
          "summary": "나는 측량사다.",
          "date": "2022-11-24",
          "time": "15:01:21",
          "terminate": "false"
        },
        {
          "speaker": "speaker2",
          "personaID": "30975",
          "participantID": "5495",
          "utterance": "반갑습니다. 저는 전기전자과를 전공해서 전력관련 기업에서 평일에 일하고 있어요.  쉴때는 틈틈히 여행다니는걸 좋아해요. 더운날씨를 좋아해서, 가까운 동남아 해외여행이요. 국내여행은 관심이 없어서요. 쉴때는 주로 뭐하세요? ",
          "summary": "나는 전기전자과를 전공한 전력 관련 기업에서 평일에 일하고 있다 나는 더운 날씨를 좋아해 동남아 여행 다니는 걸 좋아한다. 나는 국내 여행에 관심 없다",
          "date": "2022-11-24",
          "time": "15:08:06",
          "terminate": "false"
        },
        {
          "speaker": "speaker1",
          "personaID": "25927",
          "participantID": "4293",
          "utterance": "그러시군요 전 에세이를 좋아해서 쉴때마다 읽고있고 물고기 두마리를 키우고 있어서 물고기 보며 시간을 보낸답니다",
          "summary": "나는 에세이를 좋아하고 물고기를 두 마리 키우고 있다.",
          "date": "2022-11-24",
          "time": "15:11:48",
          "terminate": "false"
        },
        {
          "speaker": "speaker2",
          "personaID": "30975",
          "participantID": "5495",
          "utterance": "에세이라니 멋있네요. 저도 글쓰기 배워보고 싶어요. 물고기 키우시나요? 물고기 키우시는 분은 오랜만에 보는 것 같아요. 저는 고양이 키우고 있습니다.",
          "summary": "나는 글쓰기 배워보고 싶다 나는 고양이 키운다",
          "date": "2022-11-24",
          "time": "15:15:08",
          "terminate": "false"
        },
        {
          "speaker": "speaker1",
          "personaID": "25927",
          "participantID": "4293",
          "utterance": "아 고양이를 키우시는군요 저는 강아지 고양이는 무서워해서하하 그리고 전 짠음식은 먹지 않아요 음식 짜게드시는 편인가요?",
          "summary": "나는 짠 음식은 먹지 않는다.",
          "date": "2022-11-24",
          "time": "15:19:08",
          "terminate": "false"
        },
        {
          "speaker": "speaker2",
          "personaID": "30975",
          "participantID": "5495",
          "utterance": "아니요. 짠 것도 좋아하는데 몸에 안 좋아서 선호하지는 않아요. 싱겁게 드시는 편이세요?",
          "summary": "나는 짠 음식은 선호하지 않는다",
          "date": "2022-11-24",
          "time": "15:24:00",
          "terminate": "false"
        },
        {
          "speaker": "speaker1",
          "personaID": "25927",
          "participantID": "4293",
          "utterance": "네 좀 그런편이에요 어떤음식 좋아하세요?",
          "summary": "",
          "date": "2022-11-24",
          "time": "15:36:36",
          "terminate": "false"
        },
        {
          "speaker": "speaker2",
          "personaID": "30975",
          "participantID": "5495",
          "utterance": "저는 양식이랑 한식 좋아해요. 어떤 음식 좋아하세요?",
          "summary": "나는 양식 한식 좋아한다",
          "date": "2022-11-24",
          "time": "15:37:50",
          "terminate": "false"
        },
        {
          "speaker": "speaker1",
          "personaID": "25927",
          "participantID": "4293",
          "utterance": "저는 한식 국물종류의 찌개류를 제일 좋아해요",
          "summary": "나는 국물 종류의 찌개를 좋아한다.",
          "date": "2022-11-24",
          "time": "15:39:36",
          "terminate": "false"
        },
        {
          "speaker": "speaker2",
          "personaID": "30975",
          "participantID": "5495",
          "utterance": "저도 찌개류 정말 좋아해요. 특히 김치찌개 좋아합니다. 어떤 찌개 좋아하세요? ",
          "summary": "나는 김치찌개 좋아한다",
          "date": "2022-11-24",
          "time": "15:43:15",
          "terminate": "false"
        },
        {
          "speaker": "speaker1",
          "personaID": "25927",
          "participantID": "4293",
          "utterance": "저도 김치찌개를 제일 좋아해요 하하",
          "summary": "나는 김치찌개를 좋아한다.",
          "date": "2022-11-24",
          "time": "15:58:07",
          "terminate": "false"
        },
        {
          "speaker": "speaker2",
          "personaID": "30975",
          "participantID": "5495",
          "utterance": "그렇군요. 저랑 비슷하시네요!",
          "summary": "",
          "date": "2022-11-24",
          "time": "16:00:53",
          "terminate": "true"
        }
      ],
      "sessionPersonaSummary": {
        "speaker1": [
          "나는 전주에 살고 있고 20대 여성이다.",
          "나는 측량사다.",
          "나는 에세이를 좋아하고 물고기를 두 마리 키우고 있다.",
          "나는 짠 음식은 먹지 않는다.",
          "나는 국물 종류의 찌개를 좋아한다.",
          "나는 김치찌개를 좋아한다."
        ],
        "speaker2": [
          "나는 30대 남성이다",
          "나는 전기전자과를 전공한 전력 관련 기업에서 평일에 일하고 있다",
          "나는 더운 날씨를 좋아해 동남아 여행 다니는 걸 좋아한다. 나는 국내 여행에 관심 없다",
          "나는 글쓰기 배워보고 싶다",
          "나는 고양이 키운다",
          "나는 짠 음식은 선호하지 않는다",
          "나는 양식 한식 좋아한다",
          "나는 김치찌개 좋아한다"
        ]
      },
      "prevAggregatedpersonaSummary": {
        "speaker1": [],
        "speaker2": []
      }
    },
    {
      "prevSessionID": "2-00245-1",
      "prevTimeInfo": {
        "timeNum": "2",
        "timeUnit": "일"
      },
      "nthSession": "2",
      "numberOfUtterances": "14",
      "numberOfTurns": "7",
      "sessionID": "2-00245-2",
      "dialog": [
        {
          "speaker": "speaker1",
          "personaID": "25927",
          "participantID": "4293",
          "utterance": "2일만이네요 어떻게 뭐하며 보내셨나요?",
          "summary": "",
          "date": "2022-11-24",
          "time": "16:03:53",
          "terminate": "false"
        },
        {
          "speaker": "speaker2",
          "personaID": "30975",
          "participantID": "5495",
          "utterance": "이번에 동남아 다녀오려고 했는데 태풍이라서 가지를 못했어요. 우리나라도 날씨가 우중충 하더라고요. 뭐하고 보내셨나요? ",
          "summary": "나는 동남아 다녀오려 한다",
          "date": "2022-11-24",
          "time": "16:07:10",
          "terminate": "false"
        },
        {
          "speaker": "speaker1",
          "personaID": "25927",
          "participantID": "4293",
          "utterance": "저는 일하면서 지냈습니다 이젠 날씨가 제법추워졌죠?",
          "summary": "",
          "date": "2022-11-24",
          "time": "16:12:00",
          "terminate": "false"
        },
        {
          "speaker": "speaker2",
          "personaID": "30975",
          "participantID": "5495",
          "utterance": "네 날씨가 많이 쌀쌀해진것 같아요. 전주는 많이 춥나요? ",
          "summary": "",
          "date": "2022-11-24",
          "time": "16:13:46",
          "terminate": "false"
        },
        {
          "speaker": "speaker1",
          "personaID": "25927",
          "participantID": "4293",
          "utterance": "전주도 적당히 추워진거 같아요 님은 어디에 사세요?",
          "summary": "",
          "date": "2022-11-24",
          "time": "16:15:20",
          "terminate": "false"
        },
        {
          "speaker": "speaker2",
          "personaID": "30975",
          "participantID": "5495",
          "utterance": "저는 서울에 살고 있어요. 겨울에 많이 추워질 것 같아요. 추운 날씨 좋아하세요? ",
          "summary": "",
          "date": "2022-11-24",
          "time": "16:16:32",
          "terminate": "false"
        },
        {
          "speaker": "speaker1",
          "personaID": "25927",
          "participantID": "4293",
          "utterance": "저는 더운날씨보다 추운날씨가 좋긴한데 또 너무 추운건 싫으네요",
          "summary": "나는 추운 날씨가 좋지만, 너무 추운 날씨는 싫다.",
          "date": "2022-11-24",
          "time": "16:33:15",
          "terminate": "false"
        },
        {
          "speaker": "speaker2",
          "personaID": "30975",
          "participantID": "5495",
          "utterance": "그래도 날이 추워져서 찌개가 더 맛있게 느껴질 것 같네요.  조만간 여행갈 것 같은데, 어디 여행 안가시나요? ",
          "summary": "",
          "date": "2022-11-24",
          "time": "16:34:43",
          "terminate": "false"
        },
        {
          "speaker": "speaker1",
          "personaID": "25927",
          "participantID": "4293",
          "utterance": "저는 아직은 여행계획 없네요 어디로 가시나요?",
          "summary": "",
          "date": "2022-11-24",
          "time": "18:08:56",
          "terminate": "false"
        },
        {
          "speaker": "speaker2",
          "personaID": "30975",
          "participantID": "5495",
          "utterance": "저는 베트남 갈 것 같습니다. 날씨가 좋다고 하더라고요. 기후도 안정적이고. ",
          "summary": "나는 베트남 갈 것 같다",
          "date": "2022-11-24",
          "time": "22:24:34",
          "terminate": "false"
        },
        {
          "speaker": "speaker1",
          "personaID": "25927",
          "participantID": "4293",
          "utterance": "베트남 너무 좋을것같아요 근데 베트남은 여러가지로 위험하지않나요?",
          "summary": "",
          "date": "2022-11-25",
          "time": "00:48:55",
          "terminate": "false"
        },
        {
          "speaker": "speaker2",
          "personaID": "30975",
          "participantID": "5495",
          "utterance": "저도 알아봤는데 생각보다 안위험하다고 하더라고요. 한국인 관광객도 많아서.  가고싶은 여행지는 따로 없으세요? ",
          "summary": "",
          "date": "2022-11-25",
          "time": "10:02:17",
          "terminate": "false"
        },
        {
          "speaker": "speaker1",
          "personaID": "25927",
          "participantID": "4293",
          "utterance": "저도 해외 가고싶긴 한데 아직은 날씨만 따라주면 제주도가 좋더라구요",
          "summary": "나는 해외에 가고 싶지만, 날씨만 좋다면 아직은 제주도가 좋다.",
          "date": "2022-11-25",
          "time": "10:21:36",
          "terminate": "false"
        },
        {
          "speaker": "speaker2",
          "personaID": "30975",
          "participantID": "5495",
          "utterance": "저도 예전에 제주도 갔었을 때 날씨가 안 좋고, 태풍이 와서 제대로 놀지 못했던 기억이 있어요. ",
          "summary": "나는 제주도 갔을 때 태풍 와서 놀지 못한 기억이 있다",
          "date": "2022-11-25",
          "time": "10:26:27",
          "terminate": "true"
        }
      ],
      "sessionPersonaSummary": {
        "speaker1": [
          "나는 추운 날씨가 좋지만, 너무 추운 날씨는 싫다.",
          "나는 해외에 가고 싶지만, 날씨만 좋다면 아직은 제주도가 좋다."
        ],
        "speaker2": [
          "나는 동남아 다녀오려 한다",
          "나는 베트남 갈 것 같다",
          "나는 제주도 갔을 때 태풍 와서 놀지 못한 기억이 있다"
        ]
      },
      "prevAggregatedpersonaSummary": {
        "speaker1": [
          "나는 전주에 살고 있고 20대 여성이다.",
          "나는 측량사다.",
          "나는 에세이를 좋아하고 물고기를 두 마리 키우고 있다.",
          "나는 짠 음식은 먹지 않는다.",
          "나는 국물 종류의 찌개를 좋아한다.",
          "나는 김치찌개를 좋아한다."
        ],
        "speaker2": [
          "나는 30대 남성이다",
          "나는 전기전자과를 전공한 전력 관련 기업에서 평일에 일하고 있다",
          "나는 더운 날씨를 좋아해 동남아 여행 다니는 걸 좋아한다. 나는 국내 여행에 관심 없다",
          "나는 글쓰기 배워보고 싶다",
          "나는 고양이 키운다",
          "나는 짠 음식은 선호하지 않는다",
          "나는 양식 한식 좋아한다",
          "나는 김치찌개 좋아한다"
        ]
      }
    }
  ]
}