{
  "FileInfo": {
    "filename": "K2-00056-CL30530-CP21074-07-02-S2.json",
    "sessionLevel": "2"
  },
  "participantsInfo": {
    "numberOfParticipants": "2",
    "speaker1": {
      "participantID": "0224",
      "gender": "남성",
      "age": "30대",
      "occupation": "서비스직",
      "bPlace": "광주/전라/제주",
      "gPlace": "광주/전라/제주",
      "rPlace": "서울/경기/인천",
      "educationLevel": "대졸"
    },
    "speaker2": {
      "participantID": "0169",
      "gender": "남성",
      "age": "20대",
      "occupation": "학생",
      "bPlace": "서울/경기/인천",
      "gPlace": "서울/경기/인천",
      "rPlace": "서울/경기/인천",
      "educationLevel": "고졸"
    }
  },
  "multisessionInfo": {
    "multisessionID": "2-00056"
  },
  "personaInfo": {
    "clInfo": {
      "personaID": "30530",
      "personaFeatures": [
        "나는 남자이다.",
        "나는 30대이다.",
        "나는 번역가이다",
        "나는 매우 꼼꼼하다",
        "나는 족발을 좋아한다"
      ],
      "speakerType": "speaker1"
    },
    "cpInfo": {
      "personaID": "21074",
      "personaFeatures": [
        "나는 남자이다.",
        "나는 20대이다.",
        "나는 요즘, 매일 걱정스럽다",
        "나는 보석 감정사이다",
        "나는 바람 부는 날을 좋아한다"
      ],
      "speakerType": "speaker2"
    }
  },
  "topicInfo": {
    "topicID": "07-02",
    "topicType": "개인 및 관계>가족",
    "topicTitle": "어머니"
  },
  "sessionInfo": [
    {
      "prevSessionID": null,
      "prevTimeInfo": {
        "timeNum": null,
        "timeUnit": null
      },
      "nthSession": "1",
      "numberOfUtterances": "15",
      "numberOfTurns": "7",
      "sessionID": "2-00056-1",
      "dialog": [
        {
          "speaker": "speaker1",
          "personaID": "30530",
          "participantID": "0224",
          "utterance": "안녕하세요, 저는 30대 남성입니다. 반가워요",
          "summary": "나는 30대 남성이다.",
          "date": "2022-11-03",
          "time": "12:58:05",
          "terminate": "false"
        },
        {
          "speaker": "speaker2",
          "personaID": "21074",
          "participantID": "0169",
          "utterance": "안녕하세요. 저는 20대 남성입니다! 저보다 더 형임이신데 형님이신데, 말씀 편하게 하세요 ㅎㅎ.",
          "summary": "나는 20대 남성이다.",
          "date": "2022-11-03",
          "time": "12:58:53",
          "terminate": "false"
        },
        {
          "speaker": "speaker1",
          "personaID": "30530",
          "participantID": "0224",
          "utterance": "ㅎㅎ 제가 낯을 가리는 성격이라.. 조금 더 친해지면 편하게 이야기 나눠요~ 저는 번역가로 일하고 있는데, 직업이 어떻게 되시나요?",
          "summary": "나는 낯을 가리는 성격이다.",
          "date": "2022-11-03",
          "time": "12:59:38",
          "terminate": "false"
        },
        {
          "speaker": "speaker2",
          "personaID": "21074",
          "participantID": "0169",
          "utterance": "저는 보석감정사에요. 근데 요즘 경기가 안좋아서 일감이 많이 없어서 그런가, 동료 보석 감정사들이 자끄 해고당해서 저도 많이 걱정스럽네요.",
          "summary": "나는 보석감정사이다. 나는 경제가 좋지 않아 많이 걱정스럽다.",
          "date": "2022-11-03",
          "time": "13:00:19",
          "terminate": "false"
        },
        {
          "speaker": "speaker1",
          "personaID": "30530",
          "participantID": "0224",
          "utterance": "너무 속상해 하지 말아요 ㅠ 언제가는 잘 풀리실 꺼에요! 그래도 업무 하실 때는 매우 꼼꼼하시겠어요~ 저도 매우 꼼꼼한 성격이거든요",
          "summary": "나는 매우 꼼꼼한 성격이다.",
          "date": "2022-11-03",
          "time": "13:01:13",
          "terminate": "false"
        },
        {
          "speaker": "speaker2",
          "personaID": "21074",
          "participantID": "0169",
          "utterance": " 휴우 위로 고마워요. 덕분에 림이 나네요. 맞아요. 저도 님처럼 매우 꼼꼼해요.",
          "summary": "나는 상대 덕분에 힘이 난다. 나는 매우 꼼꼼하다.\n",
          "date": "2022-11-03",
          "time": "13:01:59",
          "terminate": "false"
        },
        {
          "speaker": "speaker1",
          "personaID": "30530",
          "participantID": "0224",
          "utterance": "힘을 내기 위해서는 식사를 잘 챙겨 먹어야 하는데, 식사는 하셨나요? 저는 족발을 좋아해서 주문 하려고 해요~",
          "summary": "나는 족발을 좋아한다.",
          "date": "2022-11-03",
          "time": "13:02:31",
          "terminate": "false"
        },
        {
          "speaker": "speaker2",
          "personaID": "21074",
          "participantID": "0169",
          "utterance": "직장 때문에 밥이 목구멍으로 안 넘어가서요. 그래서 아직 못 먹었네요. 헌끼도요.",
          "summary": "나는 직장 때문에 입 맛이 없다.",
          "date": "2022-11-03",
          "time": "13:03:00",
          "terminate": "false"
        },
        {
          "speaker": "speaker1",
          "personaID": "30530",
          "participantID": "0224",
          "utterance": "너무 굶으면 속 배려요 ㅠ 얼른 식사 챙겨 드세요 ㅠㅠ 너무 그러시면 집에서 많이 걱정하실꺼에요",
          "summary": "너무 굶으면 속아 쓰인다.",
          "date": "2022-11-03",
          "time": "13:03:43",
          "terminate": "false"
        },
        {
          "speaker": "speaker2",
          "personaID": "21074",
          "participantID": "0169",
          "utterance": "아 진짜 오타 더럽게 많네! 미안해요. 제가 손에 살쪄서 오타가 많네요. 걱정해줘서 고마워요. 근데 아직 20대라 굶어도 충분히 버틸 수 있어요.",
          "summary": "나는 손에 살이 쪄서 오타를 종종 낸다. 나는 20대라 굶어도 충분히 버틸 수 있다.",
          "date": "2022-11-03",
          "time": "13:04:25",
          "terminate": "false"
        },
        {
          "speaker": "speaker1",
          "personaID": "30530",
          "participantID": "0224",
          "utterance": "집에서 많이 걱정하실 텐데 ㅠ 제가 다 속상하네요 ㅠ 집에서는 걱정 많이 하지 않나요 ㅠㅠ?",
          "summary": "내가 다 속상하다.",
          "date": "2022-11-03",
          "time": "13:05:06",
          "terminate": "false"
        },
        {
          "speaker": "speaker2",
          "personaID": "21074",
          "participantID": "0169",
          "utterance": "아버지가 처음부터 이 직업을 갖는걸 반대하셨는데, 제가 억지로 하게 된 직업이라서요. 부모님에게 이런 상황을 아직 알리지 않았죠.",
          "summary": "나는 아버지가 보석감정사 일을 반대했다. 나는 현재 내 상황을 부모님께 알리지 않았다.",
          "date": "2022-11-03",
          "time": "13:05:54",
          "terminate": "false"
        },
        {
          "speaker": "speaker1",
          "personaID": "30530",
          "participantID": "0224",
          "utterance": "아 그러시구나 ㅠ 저는 어머니가 적극적으로 일을 추천 해주셨는데, 마음 고생 많으셨겠어요",
          "summary": "나의 직업은 어머니가 적극 추천해준 직업이다.",
          "date": "2022-11-03",
          "time": "13:06:48",
          "terminate": "false"
        },
        {
          "speaker": "speaker2",
          "personaID": "21074",
          "participantID": "0169",
          "utterance": "휴우. 이제라도 다른 직업을 찾아보려고요. 조금 늦은 감이 있긴하지만... 하아. 마음도 착잡하니, 밖에 산책이나 가봐야겠네요. 바람 부는 날을 좋아해서 기분전환도 할 겸요.",
          "summary": "나는 다른 직업을 찾아보려고 한다. 나는 기분 전환 겸 산책을 종종 나간다. 나는 바람 부는 날을 좋아한다.",
          "date": "2022-11-03",
          "time": "13:08:09",
          "terminate": "false"
        },
        {
          "speaker": "speaker1",
          "personaID": "30530",
          "participantID": "0224",
          "utterance": "네 ㅠ 가끔 바람 쐐면서 머리 식히는 것도 좋아요~ 저도 어머니랑 같이 산책 좀 나가봐야겠네요, 산책 잘 하시고 잘 풀리셨으면 좋겠습니다~ 다음에 또 이야기 나눠요~",
          "summary": "나는 어머니와 같이 산책을 다녀올 것이다.",
          "date": "2022-11-03",
          "time": "13:09:00",
          "terminate": "true"
        }
      ],
      "sessionPersonaSummary": {
        "speaker1": [
          "나는 30대 남성이다.",
          "나는 낯을 가리는 성격이다.",
          "나는 매우 꼼꼼한 성격이다.",
          "나는 족발을 좋아한다.",
          "너무 굶으면 속아 쓰인다.",
          "내가 다 속상하다.",
          "나의 직업은 어머니가 적극 추천해준 직업이다.",
          "나는 어머니와 같이 산책을 다녀올 것이다."
        ],
        "speaker2": [
          "나는 20대 남성이다.",
          "나는 보석감정사이다. 나는 경제가 좋지 않아 많이 걱정스럽다.",
          "나는 상대 덕분에 힘이 난다.",
          "나는 매우 꼼꼼하다.\n",
          "나는 직장 때문에 입 맛이 없다.",
          "나는 손에 살이 쪄서 오타를 종종 낸다.",
          "나는 20대라 굶어도 충분히 버틸 수 있다.",
          "나는 아버지가 보석감정사 일을 반대했다. 나는 현재 내 상황을 부모님께 알리지 않았다.",
          "나는 다른 직업을 찾아보려고 한다.",
          "나는 기분 전환 겸 산책을 종종 나간다. 나는 바람 부는 날을 좋아한다."
        ]
      },
      "prevAggregatedpersonaSummary": {
        "speaker1": [],
        "speaker2": []
      }
    },
    {
      "prevSessionID": "2-00056-1",
      "prevTimeInfo": {
        "timeNum": "2",
        "timeUnit": "주"
      },
      "nthSession": "2",
      "numberOfUtterances": "15",
      "numberOfTurns": "7",
      "sessionID": "2-00056-2",
      "dialog": [
        {
          "speaker": "speaker1",
          "personaID": "30530",
          "participantID": "0224",
          "utterance": "2주 만이네요~ 잘 지내셨어요? 좀 괜찮아졌나요?",
          "summary": "",
          "date": "2022-11-03",
          "time": "13:10:54",
          "terminate": "false"
        },
        {
          "speaker": "speaker2",
          "personaID": "21074",
          "participantID": "0169",
          "utterance": "아니요. 회사 분위기가 살얼음 판이네요. 그 사이에 벌써 2명이 더 짤렸어요.",
          "summary": "나는 회사 분위기가 좋지 않아 심난하다.",
          "date": "2022-11-03",
          "time": "13:11:31",
          "terminate": "false"
        },
        {
          "speaker": "speaker1",
          "personaID": "30530",
          "participantID": "0224",
          "utterance": "에구 ㅠ 그럴 때마다 부모님과 이야기 나눠봐요.. 허심탄하게 ㅠㅠ 저는 어머니랑 종종 산책도 하고 티타임을 갖으면서 이야기 많이 나누는데 도움이 되더라고요~",
          "summary": "나는 종종 어머니와 티타임을 가지며 산책을 하며 이야기를 나눈다.",
          "date": "2022-11-03",
          "time": "13:12:21",
          "terminate": "false"
        },
        {
          "speaker": "speaker2",
          "personaID": "21074",
          "participantID": "0169",
          "utterance": "하아. 그런가요? 그럼 어머니께 고민상담좀 해봐야겠네요.",
          "summary": "나는 어머니께 고민 상담을 해봐야겠다.",
          "date": "2022-11-03",
          "time": "13:12:56",
          "terminate": "false"
        },
        {
          "speaker": "speaker1",
          "personaID": "30530",
          "participantID": "0224",
          "utterance": "네 ㅠ 혼자 해결 하고 힘들어하면 득이 되는게 없더라고요~ 저도 그랬거든요",
          "summary": "나는 혼자 해결하려고 하면 득이 될 것이 없다고 생각한다.",
          "date": "2022-11-03",
          "time": "13:13:35",
          "terminate": "false"
        },
        {
          "speaker": "speaker2",
          "personaID": "21074",
          "participantID": "0169",
          "utterance": "좋은 조언 감사드려요. 미리 어머니께 카톡 보내놓을 게요.",
          "summary": "나는 어머니께 메신저를 보낸다.",
          "date": "2022-11-03",
          "time": "13:14:02",
          "terminate": "false"
        },
        {
          "speaker": "speaker1",
          "personaID": "30530",
          "participantID": "0224",
          "utterance": "식사는 좀 하셨나요? 저는 오늘도 족발을 먹었어요 ㅠ 너무 좋아해서..",
          "summary": "나는 족발을 너무 좋아한다.",
          "date": "2022-11-03",
          "time": "13:14:33",
          "terminate": "false"
        },
        {
          "speaker": "speaker2",
          "personaID": "21074",
          "participantID": "0169",
          "utterance": "오늘은 그냥 라면 먹었어요. 혹시 모르니 최대한 돈을 아끼려고요.",
          "summary": "나는 생활 절약을 위해 라면을 먹었다.",
          "date": "2022-11-03",
          "time": "13:14:56",
          "terminate": "false"
        },
        {
          "speaker": "speaker1",
          "personaID": "30530",
          "participantID": "0224",
          "utterance": "그러다 몸 너무 상하는거 아니에요? 밥심으로 힘내야죠! 저는 밀가루 음식을 별로 좋아하지 않아서 밥은 꼭 챙겨 먹거든요",
          "summary": "나는 밀가루 음식을 좋아하지 않는다. 나는 밥은 꼭 챙겨 먹는다.",
          "date": "2022-11-03",
          "time": "13:15:32",
          "terminate": "false"
        },
        {
          "speaker": "speaker2",
          "personaID": "21074",
          "participantID": "0169",
          "utterance": "라면에 밥도 말아서 먹었으니 걱정마요. ",
          "summary": "나는 라면에 밥을 말아먹는다.",
          "date": "2022-11-03",
          "time": "13:15:51",
          "terminate": "false"
        },
        {
          "speaker": "speaker1",
          "personaID": "30530",
          "participantID": "0224",
          "utterance": "네네 ㅠ 그래도 더 맛있는 식사 챙기면서 힘내세요. 어머니와 식사 데이트도 괜찮고요~",
          "summary": "",
          "date": "2022-11-03",
          "time": "13:16:24",
          "terminate": "false"
        },
        {
          "speaker": "speaker2",
          "personaID": "21074",
          "participantID": "0169",
          "utterance": "알겠어요. 어머니께 그 문자도 같이 보내드릴게요.",
          "summary": "나는 어머니와 식사를 하자고 연락을 한다.",
          "date": "2022-11-03",
          "time": "13:16:56",
          "terminate": "false"
        },
        {
          "speaker": "speaker1",
          "personaID": "30530",
          "participantID": "0224",
          "utterance": "네네, 이야기 잘 나눠서 좋은 생각 많이 얻으셨으면 좋겠네요!",
          "summary": "",
          "date": "2022-11-03",
          "time": "13:17:17",
          "terminate": "false"
        },
        {
          "speaker": "speaker2",
          "personaID": "21074",
          "participantID": "0169",
          "utterance": "고마워요. 아! 어머니께 답장이 왔네요. 목소리 듣고 싶으니 전화하자고 하시는데, 저 전화 한통만 하고 올게요.",
          "summary": "나는 어머니와 통화를 한다.",
          "date": "2022-11-03",
          "time": "13:17:56",
          "terminate": "false"
        },
        {
          "speaker": "speaker1",
          "personaID": "30530",
          "participantID": "0224",
          "utterance": "네네 ! 힘내시고요! 다음에 또 이야기 나눌 땐 좋은 이야기 들려주셨으면 좋겠네요~ 이만 들어가세요~",
          "summary": "나는 상대가 다음엔 좋은 이야기를 나누길 바란다.",
          "date": "2022-11-03",
          "time": "13:18:40",
          "terminate": "true"
        }
      ],
      "sessionPersonaSummary": {
        "speaker1": [
          "나는 종종 어머니와 티타임을 가지며 산책을 하며 이야기를 나눈다.",
          "나는 혼자 해결하려고 하면 득이 될 것이 없다고 생각한다.",
          "나는 족발을 너무 좋아한다.",
          "나는 밀가루 음식을 좋아하지 않는다. 나는 밥은 꼭 챙겨 먹는다.",
          "나는 상대가 다음엔 좋은 이야기를 나누길 바란다."
        ],
        "speaker2": [
          "나는 회사 분위기가 좋지 않아 심난하다.",
          "나는 어머니께 고민 상담을 해봐야겠다.",
          "나는 어머니께 메신저를 보낸다.",
          "나는 생활 절약을 위해 라면을 먹었다.",
          "나는 라면에 밥을 말아먹는다.",
          "나는 어머니와 식사를 하자고 연락을 한다.",
          "나는 어머니와 통화를 한다."
        ]
      },
      "prevAggregatedpersonaSummary": {
        "speaker1": [
          "나는 30대 남성이다.",
          "나는 낯을 가리는 성격이다.",
          "나는 매우 꼼꼼한 성격이다.",
          "나는 족발을 좋아한다.",
          "너무 굶으면 속아 쓰인다.",
          "내가 다 속상하다.",
          "나의 직업은 어머니가 적극 추천해준 직업이다.",
          "나는 어머니와 같이 산책을 다녀올 것이다."
        ],
        "speaker2": [
          "나는 20대 남성이다.",
          "나는 보석감정사이다. 나는 경제가 좋지 않아 많이 걱정스럽다.",
          "나는 상대 덕분에 힘이 난다.",
          "나는 매우 꼼꼼하다.\n",
          "나는 직장 때문에 입 맛이 없다.",
          "나는 손에 살이 쪄서 오타를 종종 낸다.",
          "나는 20대라 굶어도 충분히 버틸 수 있다.",
          "나는 아버지가 보석감정사 일을 반대했다. 나는 현재 내 상황을 부모님께 알리지 않았다.",
          "나는 다른 직업을 찾아보려고 한다.",
          "나는 기분 전환 겸 산책을 종종 나간다. 나는 바람 부는 날을 좋아한다."
        ]
      }
    }
  ]
}