{
  "FileInfo": {
    "filename": "K2-00471-CL33494-CP34218-03-10-S2.json",
    "sessionLevel": "2"
  },
  "participantsInfo": {
    "numberOfParticipants": "2",
    "speaker1": {
      "participantID": "0529",
      "gender": "여성",
      "age": "30대",
      "occupation": "주부",
      "bPlace": "광주/전라/제주",
      "gPlace": "광주/전라/제주",
      "rPlace": "광주/전라/제주",
      "educationLevel": "대졸"
    },
    "speaker2": {
      "participantID": "0550",
      "gender": "여성",
      "age": "30대",
      "occupation": "자영업",
      "bPlace": "서울/경기/인천",
      "gPlace": "서울/경기/인천",
      "rPlace": "서울/경기/인천",
      "educationLevel": "대졸"
    }
  },
  "multisessionInfo": {
    "multisessionID": "2-00471"
  },
  "personaInfo": {
    "clInfo": {
      "personaID": "33494",
      "personaFeatures": [
        "나는 여자이다.",
        "나는 30대이다.",
        "나는 환경공학과를 전공했다.",
        "나는 과일 재배원이다.",
        "나는 매우 적극적이다.",
        "나는 다림질하는 것을 싫어한다."
      ],
      "speakerType": "speaker1"
    },
    "cpInfo": {
      "personaID": "34218",
      "personaFeatures": [
        "나는 여자이다.",
        "나는 30대이다.",
        "나는 저녁에 데이트를 한다.",
        "나는 헤드헌터이다.",
        "나는 작은 것까지 확인한다.",
        "나는 포도를 싫어한다."
      ],
      "speakerType": "speaker2"
    }
  },
  "topicInfo": {
    "topicID": "03-10",
    "topicType": "교통",
    "topicTitle": "교통"
  },
  "sessionInfo": [
    {
      "prevSessionID": null,
      "prevTimeInfo": {
        "timeNum": null,
        "timeUnit": null
      },
      "nthSession": "1",
      "numberOfUtterances": "16",
      "numberOfTurns": "8",
      "sessionID": "2-00471-1",
      "dialog": [
        {
          "speaker": "speaker1",
          "personaID": "33494",
          "participantID": "0529",
          "utterance": "반가워요~ 저는 30대 여자랍니다~^^",
          "summary": "나는 30대 여자이다.",
          "date": "2022-09-30",
          "time": "10:41:29",
          "terminate": "false"
        },
        {
          "speaker": "speaker2",
          "personaID": "34218",
          "participantID": "0550",
          "utterance": "처음뵙겠습니다 저는 30대 여자입니다^^",
          "summary": "나는 30대 여자이다.",
          "date": "2022-09-30",
          "time": "10:41:07",
          "terminate": "false"
        },
        {
          "speaker": "speaker1",
          "personaID": "33494",
          "participantID": "0529",
          "utterance": "선생님은 무슨 일을 하시는분이신가요?",
          "summary": "",
          "date": "2022-09-30",
          "time": "10:42:52",
          "terminate": "false"
        },
        {
          "speaker": "speaker2",
          "personaID": "34218",
          "participantID": "0550",
          "utterance": "저는 헤드헌터로 일하고있어요 선생님은요?",
          "summary": "나는 헤드헌터이다.",
          "date": "2022-09-30",
          "time": "10:42:22",
          "terminate": "false"
        },
        {
          "speaker": "speaker1",
          "personaID": "33494",
          "participantID": "0529",
          "utterance": "저는 과일 재배원으로 일하고있어요!",
          "summary": "나는 과일 재배원이다.",
          "date": "2022-09-30",
          "time": "10:42:58",
          "terminate": "false"
        },
        {
          "speaker": "speaker2",
          "personaID": "34218",
          "participantID": "0550",
          "utterance": "어떤과일 재배하시나요? 저는 포도싫어하는데.. 포도아니죠?",
          "summary": "나는 포도를 싫어한다.",
          "date": "2022-09-30",
          "time": "10:42:38",
          "terminate": "false"
        },
        {
          "speaker": "speaker1",
          "personaID": "33494",
          "participantID": "0529",
          "utterance": "하하 아니에요^^제가 제주도에서 귤 농장를 하고 있답니다~",
          "summary": "나는 제주도에서 귤 농장을 한다.",
          "date": "2022-09-30",
          "time": "10:43:05",
          "terminate": "false"
        },
        {
          "speaker": "speaker2",
          "personaID": "34218",
          "participantID": "0550",
          "utterance": "정말요? 제주도 공기 너무 좋지않나요?",
          "summary": "",
          "date": "2022-09-30",
          "time": "10:43:27",
          "terminate": "false"
        },
        {
          "speaker": "speaker1",
          "personaID": "33494",
          "participantID": "0529",
          "utterance": "요즘 미세먼지도 없고 최상이네요^^제가 환경공학과를 전공해서 환경에 관심이 많습니다 하하.",
          "summary": "나는 환경공학과를 전공했다.",
          "date": "2022-09-30",
          "time": "10:43:46",
          "terminate": "false"
        },
        {
          "speaker": "speaker2",
          "personaID": "34218",
          "participantID": "0550",
          "utterance": "와 그러시군요~ 선생님은 그럼 보통 언제 쉬세요~?",
          "summary": "",
          "date": "2022-09-30",
          "time": "10:43:49",
          "terminate": "false"
        },
        {
          "speaker": "speaker1",
          "personaID": "33494",
          "participantID": "0529",
          "utterance": "저는 주일은 쉬어요^^교회를 가거든요~ 선생님은 쉬는날이 정해져있으신가요?",
          "summary": "나는 주일에 쉰다. 나는 기독교이다.",
          "date": "2022-09-30",
          "time": "10:44:15",
          "terminate": "false"
        },
        {
          "speaker": "speaker2",
          "personaID": "34218",
          "participantID": "0550",
          "utterance": "네 저는 퇴근하고나 주말에 쉬어요~ 저녁에 데이트를하거든요~",
          "summary": "나는 저녁에 데이트를 한다.",
          "date": "2022-09-30",
          "time": "10:44:50",
          "terminate": "false"
        },
        {
          "speaker": "speaker1",
          "personaID": "33494",
          "participantID": "0529",
          "utterance": "오.. 데이트라면.. 애인이 있으신가보네요? 만나신지는 얼마나 되셨나요?",
          "summary": "",
          "date": "2022-09-30",
          "time": "10:45:22",
          "terminate": "false"
        },
        {
          "speaker": "speaker2",
          "personaID": "34218",
          "participantID": "0550",
          "utterance": "저는 이제 일년정도 되었네요~ 선생님은 애인없나요?",
          "summary": "나는 애인과 만난 지 1년 정도 되었다.",
          "date": "2022-09-30",
          "time": "10:46:00",
          "terminate": "false"
        },
        {
          "speaker": "speaker1",
          "personaID": "33494",
          "participantID": "0529",
          "utterance": "제가 매우 적극적인데 남자친구분 친구중에 누구 없나요? 하하.",
          "summary": "나는 매우 적극적이다.",
          "date": "2022-09-30",
          "time": "10:45:35",
          "terminate": "false"
        },
        {
          "speaker": "speaker2",
          "personaID": "34218",
          "participantID": "0550",
          "utterance": "한번 친구들 연락돌려볼게요~ 이따가 연락드리죠!",
          "summary": "",
          "date": "2022-09-30",
          "time": "10:46:11",
          "terminate": "true"
        }
      ],
      "sessionPersonaSummary": {
        "speaker1": [
          "나는 30대 여자이다.",
          "나는 과일 재배원이다.",
          "나는 제주도에서 귤 농장을 한다.",
          "나는 환경공학과를 전공했다.",
          "나는 주일에 쉰다. 나는 기독교이다.",
          "나는 매우 적극적이다."
        ],
        "speaker2": [
          "나는 30대 여자이다.",
          "나는 헤드헌터이다.",
          "나는 포도를 싫어한다.",
          "나는 저녁에 데이트를 한다.",
          "나는 애인과 만난 지 1년 정도 되었다."
        ]
      },
      "prevAggregatedpersonaSummary": {
        "speaker1": [],
        "speaker2": []
      }
    },
    {
      "prevSessionID": "2-00471-1",
      "prevTimeInfo": {
        "timeNum": "2",
        "timeUnit": "주"
      },
      "nthSession": "2",
      "numberOfUtterances": "16",
      "numberOfTurns": "8",
      "sessionID": "2-00471-2",
      "dialog": [
        {
          "speaker": "speaker1",
          "personaID": "33494",
          "participantID": "0529",
          "utterance": "2주만에 연락을 드리네요~ 어떻게 지내고 계셨어요?",
          "summary": "",
          "date": "2022-09-30",
          "time": "10:45:52",
          "terminate": "false"
        },
        {
          "speaker": "speaker2",
          "personaID": "34218",
          "participantID": "0550",
          "utterance": "저 남자친구와 헤어졌어요~ 바람을 피웠더라구요!",
          "summary": "",
          "date": "2022-09-30",
          "time": "10:46:38",
          "terminate": "false"
        },
        {
          "speaker": "speaker1",
          "personaID": "33494",
          "participantID": "0529",
          "utterance": "아이고.. 정말요? 그런 놈은 곤장으로 맞아야돼요!",
          "summary": "",
          "date": "2022-09-30",
          "time": "10:47:21",
          "terminate": "false"
        },
        {
          "speaker": "speaker2",
          "personaID": "34218",
          "participantID": "0550",
          "utterance": "제가 작은것까지 확인을 하는스타일인데 딱걸렸죠!",
          "summary": "나는 작은 것까지 확인한다.",
          "date": "2022-09-30",
          "time": "10:46:47",
          "terminate": "false"
        },
        {
          "speaker": "speaker1",
          "personaID": "33494",
          "participantID": "0529",
          "utterance": "혹시 핸드폰을 뒤졌다는 말씀이신가요?",
          "summary": "",
          "date": "2022-09-30",
          "time": "10:47:27",
          "terminate": "false"
        },
        {
          "speaker": "speaker2",
          "personaID": "34218",
          "participantID": "0550",
          "utterance": "아니 글쎄 차 블루투스 보고 알게되었어요 어떤 여자기기가 연결되어있더라구요!",
          "summary": "",
          "date": "2022-09-30",
          "time": "10:47:24",
          "terminate": "false"
        },
        {
          "speaker": "speaker1",
          "personaID": "33494",
          "participantID": "0529",
          "utterance": "진짜 아뿔사네요! 그렇게 심란할때는 여행 많이 다니시는게 좋을텐데.. 여행 가보시는거 어때요?",
          "summary": "",
          "date": "2022-09-30",
          "time": "10:47:49",
          "terminate": "false"
        },
        {
          "speaker": "speaker2",
          "personaID": "34218",
          "participantID": "0550",
          "utterance": "그래야겠어요~ 기차타고 쭉 국내여행 투어해야겠어요~",
          "summary": "나는 국내여행 투어를 할 것이다.",
          "date": "2022-09-30",
          "time": "10:49:10",
          "terminate": "false"
        },
        {
          "speaker": "speaker1",
          "personaID": "33494",
          "participantID": "0529",
          "utterance": "선생님은 자차가 있으신가요? 저는 아직 차가 없어서 매일 대중교통을 이용하거든요.",
          "summary": "나는 차가 없어서 대중교통을 이용한다.",
          "date": "2022-09-30",
          "time": "10:49:30",
          "terminate": "false"
        },
        {
          "speaker": "speaker2",
          "personaID": "34218",
          "participantID": "0550",
          "utterance": "네 저는 자가용이 하나있는데 차밀리는게 너무 싫어서 가끔 대중교통이용해요~",
          "summary": "나는 자가용이 있다.",
          "date": "2022-09-30",
          "time": "10:50:32",
          "terminate": "false"
        },
        {
          "speaker": "speaker1",
          "personaID": "33494",
          "participantID": "0529",
          "utterance": "그쵸 교통체증은.. 못참죠! 그러면 국내 여행으론 제일 먼저 어디로 가시려구요?",
          "summary": "",
          "date": "2022-09-30",
          "time": "10:50:55",
          "terminate": "false"
        },
        {
          "speaker": "speaker2",
          "personaID": "34218",
          "participantID": "0550",
          "utterance": "저는 전주여행가려구요~ 맛집이 많다길래요!",
          "summary": "나는 전주여행을 갈 것이다.",
          "date": "2022-09-30",
          "time": "10:51:19",
          "terminate": "false"
        },
        {
          "speaker": "speaker1",
          "personaID": "33494",
          "participantID": "0529",
          "utterance": "오~ 전주 여행까지 교통편이 괜찮은가요?",
          "summary": "",
          "date": "2022-09-30",
          "time": "10:51:48",
          "terminate": "false"
        },
        {
          "speaker": "speaker2",
          "personaID": "34218",
          "participantID": "0550",
          "utterance": "ktx타면 1시간 30분이면 가더라구요 엄청 가깝지 않나요?",
          "summary": "",
          "date": "2022-09-30",
          "time": "10:52:13",
          "terminate": "false"
        },
        {
          "speaker": "speaker1",
          "personaID": "33494",
          "participantID": "0529",
          "utterance": "오! 그렇네요! 저는 다림질을 좀 하러 가봐야겠어요.. 하하 너무 하기싫네요^^",
          "summary": "나는 다림질하는 것을 싫어한다.",
          "date": "2022-09-30",
          "time": "10:53:35",
          "terminate": "false"
        },
        {
          "speaker": "speaker2",
          "personaID": "34218",
          "participantID": "0550",
          "utterance": "집안일은 정말 해도해도 끝이 없는거 같아요 그럼 내일을 위해 일찍자러가볼게요^^",
          "summary": "",
          "date": "2022-09-30",
          "time": "10:52:33",
          "terminate": "true"
        }
      ],
      "sessionPersonaSummary": {
        "speaker1": [
          "나는 차가 없어서 대중교통을 이용한다.",
          "나는 다림질하는 것을 싫어한다."
        ],
        "speaker2": [
          "나는 작은 것까지 확인한다.",
          "나는 국내여행 투어를 할 것이다.",
          "나는 자가용이 있다.",
          "나는 전주여행을 갈 것이다."
        ]
      },
      "prevAggregatedpersonaSummary": {
        "speaker1": [
          "나는 30대 여자이다.",
          "나는 과일 재배원이다.",
          "나는 제주도에서 귤 농장을 한다.",
          "나는 환경공학과를 전공했다.",
          "나는 주일에 쉰다. 나는 기독교이다.",
          "나는 매우 적극적이다."
        ],
        "speaker2": [
          "나는 30대 여자이다.",
          "나는 헤드헌터이다.",
          "나는 포도를 싫어한다.",
          "나는 저녁에 데이트를 한다.",
          "나는 애인과 만난 지 1년 정도 되었다."
        ]
      }
    }
  ]
}