{
  "FileInfo": {
    "filename": "K2-00333-CL32743-CP50562-06-08-S2.json",
    "sessionLevel": "2"
  },
  "participantsInfo": {
    "numberOfParticipants": "2",
    "speaker1": {
      "participantID": "1055",
      "gender": "남성",
      "age": "30대",
      "occupation": "무직",
      "bPlace": "서울/경기/인천",
      "gPlace": "서울/경기/인천",
      "rPlace": "서울/경기/인천",
      "educationLevel": "대졸"
    },
    "speaker2": {
      "participantID": "1124",
      "gender": "남성",
      "age": "50대",
      "occupation": "무직",
      "bPlace": "서울/경기/인천",
      "gPlace": "서울/경기/인천",
      "rPlace": "서울/경기/인천",
      "educationLevel": "대졸"
    }
  },
  "multisessionInfo": {
    "multisessionID": "2-00333"
  },
  "personaInfo": {
    "clInfo": {
      "personaID": "32743",
      "personaFeatures": [
        "나는 남자이다.",
        "나는 30대이다.",
        "나는 대학에 진학하지 않았다.",
        "나는 영국에 가봤다.",
        "나는 전자기기의 장단점을 분석한다.",
        "나는 가족과 함께하는 시간이 많다."
      ],
      "speakerType": "speaker1"
    },
    "cpInfo": {
      "personaID": "50562",
      "personaFeatures": [
        "나는 남자이다.",
        "나는 50대이다.",
        "나의 거주지는 여수이다.",
        "나는 동료와 잘 어울린다.",
        "나는 맛있는 음식을 먹으면 기분이 좋아진다."
      ],
      "speakerType": "speaker2"
    }
  },
  "topicInfo": {
    "topicID": "06-08",
    "topicType": "교육",
    "topicTitle": "성적"
  },
  "sessionInfo": [
    {
      "prevSessionID": null,
      "prevTimeInfo": {
        "timeNum": null,
        "timeUnit": null
      },
      "nthSession": "1",
      "numberOfUtterances": "14",
      "numberOfTurns": "7",
      "sessionID": "2-00333-1",
      "dialog": [
        {
          "speaker": "speaker1",
          "personaID": "32743",
          "participantID": "1055",
          "utterance": "안녕하세요 저는 30대 남자에요!",
          "summary": "나는 30대 남자이다.",
          "date": "2022-10-21",
          "time": "20:41:03",
          "terminate": "false"
        },
        {
          "speaker": "speaker2",
          "personaID": "50562",
          "participantID": "1124",
          "utterance": "안녕하세요 저는 50대 남자입니다. 반갑습니다. 어디사세요?",
          "summary": "나는 50대 남자이다.",
          "date": "2022-10-21",
          "time": "20:41:14",
          "terminate": "false"
        },
        {
          "speaker": "speaker1",
          "personaID": "32743",
          "participantID": "1055",
          "utterance": "저는 서울에 살고 있어요! 선생님은요?",
          "summary": "나는 서울에 거주한다.",
          "date": "2022-10-21",
          "time": "20:41:26",
          "terminate": "false"
        },
        {
          "speaker": "speaker2",
          "personaID": "50562",
          "participantID": "1124",
          "utterance": "아 저는 여수에서 횟집하고 있습니다. 나중에 여수오면 놀러오세요.",
          "summary": "나의 거주지는 여수이다.",
          "date": "2022-10-21",
          "time": "20:42:15",
          "terminate": "false"
        },
        {
          "speaker": "speaker1",
          "personaID": "32743",
          "participantID": "1055",
          "utterance": "네 감사합니다. 저는 블로거로 전자기기 장단점 분석하는 일을 하는데 선생님은 직업이 있으세요?",
          "summary": "나는 전자기기의 장단점을 분석한다. 나는 블로거이다.",
          "date": "2022-10-21",
          "time": "20:42:40",
          "terminate": "false"
        },
        {
          "speaker": "speaker2",
          "personaID": "50562",
          "participantID": "1124",
          "utterance": "횟집에서 회써는게 제 일이죠 뭐. 하하 같이 일하는 동료들도 착해서 좋아요. 그럼 전자기기 뭐 다루세요?",
          "summary": "나는 동료와 잘 어울린다.",
          "date": "2022-10-21",
          "time": "20:43:04",
          "terminate": "false"
        },
        {
          "speaker": "speaker1",
          "personaID": "32743",
          "participantID": "1055",
          "utterance": "전자기기는 다 다룹니다. 저는 고등학교 졸업하고 대학을 진학 안했는데 요즘 후회되네요...",
          "summary": "나는 대학에 진학하지 않았다. 대학에 안 간 걸 후회한다.",
          "date": "2022-10-21",
          "time": "20:45:27",
          "terminate": "false"
        },
        {
          "speaker": "speaker2",
          "personaID": "50562",
          "participantID": "1124",
          "utterance": "그래도 전문직을 얻으신거니 좋은거같은데요? 어떤점이 후회되세요?",
          "summary": "",
          "date": "2022-10-21",
          "time": "20:45:52",
          "terminate": "false"
        },
        {
          "speaker": "speaker1",
          "personaID": "32743",
          "participantID": "1055",
          "utterance": "얼마전에 영국에 갔었는데 거기서 유학하는 친구들이 부럽더라구요...",
          "summary": "나는 영국에 가 봤다. 나는 유학생이 부럽다.",
          "date": "2022-10-21",
          "time": "20:46:26",
          "terminate": "false"
        },
        {
          "speaker": "speaker2",
          "personaID": "50562",
          "participantID": "1124",
          "utterance": "그렇게 저도 남들 많이 부러워했었는데, 그땐 전 맛있는 음식 먹고 기분 푸니까 좋더라구요.",
          "summary": "나는 맛있는 음식을 먹으면 기분이 좋아진다.",
          "date": "2022-10-21",
          "time": "20:47:14",
          "terminate": "false"
        },
        {
          "speaker": "speaker1",
          "personaID": "32743",
          "participantID": "1055",
          "utterance": "그러시군요! 저는 그래도 가족과 시간을 많이 보내서 위안을 하고 있어요!",
          "summary": "나는 가족과 함께 하는 시간이 많다.",
          "date": "2022-10-21",
          "time": "20:47:36",
          "terminate": "false"
        },
        {
          "speaker": "speaker2",
          "personaID": "50562",
          "participantID": "1124",
          "utterance": "행복한 가정을 이루고 사시는거 같아 보기 좋네요.",
          "summary": "",
          "date": "2022-10-21",
          "time": "20:47:54",
          "terminate": "false"
        },
        {
          "speaker": "speaker1",
          "personaID": "32743",
          "participantID": "1055",
          "utterance": "하하하 아닙니다. 저 잠시 일 좀 보고 올게요!",
          "summary": "",
          "date": "2022-10-21",
          "time": "20:48:11",
          "terminate": "false"
        },
        {
          "speaker": "speaker2",
          "personaID": "50562",
          "participantID": "1124",
          "utterance": "네 또 우리 나중에 연락합시다.",
          "summary": "",
          "date": "2022-10-21",
          "time": "20:48:22",
          "terminate": "true"
        }
      ],
      "sessionPersonaSummary": {
        "speaker1": [
          "나는 30대 남자이다.",
          "나는 서울에 거주한다.",
          "나는 전자기기의 장단점을 분석한다. 나는 블로거이다.",
          "나는 대학에 진학하지 않았다. 대학에 안 간 걸 후회한다.",
          "나는 영국에 가 봤다. 나는 유학생이 부럽다.",
          "나는 가족과 함께 하는 시간이 많다."
        ],
        "speaker2": [
          "나는 50대 남자이다.",
          "나의 거주지는 여수이다.",
          "나는 동료와 잘 어울린다.",
          "나는 맛있는 음식을 먹으면 기분이 좋아진다."
        ]
      },
      "prevAggregatedpersonaSummary": {
        "speaker1": [],
        "speaker2": []
      }
    },
    {
      "prevSessionID": "2-00333-1",
      "prevTimeInfo": {
        "timeNum": "1",
        "timeUnit": "일"
      },
      "nthSession": "2",
      "numberOfUtterances": "14",
      "numberOfTurns": "7",
      "sessionID": "2-00333-2",
      "dialog": [
        {
          "speaker": "speaker1",
          "personaID": "32743",
          "participantID": "1055",
          "utterance": "어제 너무 바빠서 오늘 연락드리네요! 뭐하시나요?",
          "summary": "",
          "date": "2022-10-21",
          "time": "20:48:24",
          "terminate": "false"
        },
        {
          "speaker": "speaker2",
          "personaID": "50562",
          "participantID": "1124",
          "utterance": "네 저는 지금 아들이 중학생인데 시험을 망치고 와서 고민이 많네요.",
          "summary": "나는 아들이 있다. 나의 아들이 시험을 망했다.",
          "date": "2022-10-21",
          "time": "20:48:49",
          "terminate": "false"
        },
        {
          "speaker": "speaker1",
          "personaID": "32743",
          "participantID": "1055",
          "utterance": "이런...아드님이 실수 하신게 아닐까요?",
          "summary": "",
          "date": "2022-10-21",
          "time": "20:49:09",
          "terminate": "false"
        },
        {
          "speaker": "speaker2",
          "personaID": "50562",
          "participantID": "1124",
          "utterance": "아닙니다. 성적이 그렇게 좋진않았는데, 아예 0점을 받아왔어요.",
          "summary": "",
          "date": "2022-10-21",
          "time": "20:49:39",
          "terminate": "false"
        },
        {
          "speaker": "speaker1",
          "personaID": "32743",
          "participantID": "1055",
          "utterance": "앗...0점은 100점 보다 더 힘든거 아닌가요?!",
          "summary": "",
          "date": "2022-10-21",
          "time": "20:49:56",
          "terminate": "false"
        },
        {
          "speaker": "speaker2",
          "personaID": "50562",
          "participantID": "1124",
          "utterance": "그 힘든걸 제 아들이 해냈어요. 엄마는 아직 모르는데 어떻하죠?",
          "summary": "나의 아내는 아들 성적을 아직 모른다.",
          "date": "2022-10-21",
          "time": "20:50:40",
          "terminate": "false"
        },
        {
          "speaker": "speaker1",
          "personaID": "32743",
          "participantID": "1055",
          "utterance": "어머니가 알면 많이 화를 내실까요?",
          "summary": "",
          "date": "2022-10-21",
          "time": "20:50:53",
          "terminate": "false"
        },
        {
          "speaker": "speaker2",
          "personaID": "50562",
          "participantID": "1124",
          "utterance": "일단 아들은 오늘 집에서 잠을 못잘수도 있네요? 하하.",
          "summary": "",
          "date": "2022-10-21",
          "time": "20:51:37",
          "terminate": "false"
        },
        {
          "speaker": "speaker1",
          "personaID": "32743",
          "participantID": "1055",
          "utterance": "아드님은 원래 공부에는 관심이 없나요?",
          "summary": "",
          "date": "2022-10-21",
          "time": "20:51:57",
          "terminate": "false"
        },
        {
          "speaker": "speaker2",
          "personaID": "50562",
          "participantID": "1124",
          "utterance": "원래는 저 닮아서 잘했는데, 갑자기 이제 여자를 만나고 다니나봐요.",
          "summary": "나의 아들은 공부를 잘했다. 나의 아들은 여자에 관심이 많다.",
          "date": "2022-10-21",
          "time": "20:52:42",
          "terminate": "false"
        },
        {
          "speaker": "speaker1",
          "personaID": "32743",
          "participantID": "1055",
          "utterance": "학생은 공부를 해야하는데... 걱정이 많으시겠네요.",
          "summary": "",
          "date": "2022-10-21",
          "time": "20:55:15",
          "terminate": "false"
        },
        {
          "speaker": "speaker2",
          "personaID": "50562",
          "participantID": "1124",
          "utterance": "건강한거라 생각해서 긍정적으로 보는데, 이제 엄마가 문제네요 하하.",
          "summary": "",
          "date": "2022-10-21",
          "time": "20:55:30",
          "terminate": "false"
        },
        {
          "speaker": "speaker1",
          "personaID": "32743",
          "participantID": "1055",
          "utterance": "어머니를 잘 설득시키시는게 큰일이네요! 저는 일 좀 하러 갈게요!",
          "summary": "",
          "date": "2022-10-21",
          "time": "20:55:50",
          "terminate": "false"
        },
        {
          "speaker": "speaker2",
          "personaID": "50562",
          "participantID": "1124",
          "utterance": "네 들어가세요. 나중에 후기 들려드릴께요.",
          "summary": "",
          "date": "2022-10-21",
          "time": "20:56:01",
          "terminate": "true"
        }
      ],
      "sessionPersonaSummary": {
        "speaker1": [],
        "speaker2": [
          "나는 아들이 있다. 나의 아들이 시험을 망했다.",
          "나의 아내는 아들 성적을 아직 모른다.",
          "나의 아들은 공부를 잘했다. 나의 아들은 여자에 관심이 많다."
        ]
      },
      "prevAggregatedpersonaSummary": {
        "speaker1": [
          "나는 30대 남자이다.",
          "나는 서울에 거주한다.",
          "나는 전자기기의 장단점을 분석한다. 나는 블로거이다.",
          "나는 대학에 진학하지 않았다. 대학에 안 간 걸 후회한다.",
          "나는 영국에 가 봤다. 나는 유학생이 부럽다.",
          "나는 가족과 함께 하는 시간이 많다."
        ],
        "speaker2": [
          "나는 50대 남자이다.",
          "나의 거주지는 여수이다.",
          "나는 동료와 잘 어울린다.",
          "나는 맛있는 음식을 먹으면 기분이 좋아진다."
        ]
      }
    }
  ]
}