{
  "FileInfo": {
    "filename": "K2-00213-CL31849-CP11705-01-09-S2.json",
    "sessionLevel": "2"
  },
  "participantsInfo": {
    "numberOfParticipants": "2",
    "speaker1": {
      "participantID": "3015",
      "gender": "여성",
      "age": "40대",
      "occupation": "자영업",
      "bPlace": "광주/전라/제주",
      "gPlace": "광주/전라/제주",
      "rPlace": "광주/전라/제주",
      "educationLevel": "대졸"
    },
    "speaker2": {
      "participantID": "3773",
      "gender": "여성",
      "age": "20대",
      "occupation": "사무직",
      "bPlace": "부산/대구/울산/경상",
      "gPlace": "부산/대구/울산/경상",
      "rPlace": "부산/대구/울산/경상",
      "educationLevel": "대졸"
    }
  },
  "multisessionInfo": {
    "multisessionID": "2-00213"
  },
  "personaInfo": {
    "clInfo": {
      "personaID": "31849",
      "personaFeatures": [
        "나는 여자이다.",
        "나는 30대이다.",
        "나는 학원 수학 강사이다",
        "나는 눈치가 없는 편이다",
        "나는 CCM 음악을 가끔 듣는다"
      ],
      "speakerType": "speaker1"
    },
    "cpInfo": {
      "personaID": "11705",
      "personaFeatures": [
        "나는 여자이다.",
        "나는 10대이다.",
        "나의 생일은 3월이다",
        "나는 가끔 외롭다",
        "나는 소설 읽는 것을 좋아한다"
      ],
      "speakerType": "speaker2"
    }
  },
  "topicInfo": {
    "topicID": "01-09",
    "topicType": "식음료",
    "topicTitle": "주류"
  },
  "sessionInfo": [
    {
      "prevSessionID": null,
      "prevTimeInfo": {
        "timeNum": null,
        "timeUnit": null
      },
      "nthSession": "1",
      "numberOfUtterances": "14",
      "numberOfTurns": "7",
      "sessionID": "2-00213-1",
      "dialog": [
        {
          "speaker": "speaker1",
          "personaID": "31849",
          "participantID": "3015",
          "utterance": "안녕하세요 ~저는 30대 여성입니다. ",
          "summary": "나는 30대 여성이다.",
          "date": "2022-10-25",
          "time": "14:24:48",
          "terminate": "false"
        },
        {
          "speaker": "speaker2",
          "personaID": "11705",
          "participantID": "3773",
          "utterance": "안녕하세요 10대 여성입니다.",
          "summary": "나는 10대 여자다",
          "date": "2022-10-25",
          "time": "14:56:07",
          "terminate": "false"
        },
        {
          "speaker": "speaker1",
          "personaID": "31849",
          "participantID": "3015",
          "utterance": "저는 학원 수학 강사로 일하고 있어요~수학 어렵지 않나요?",
          "summary": "나는 학원 수학 강사다.",
          "date": "2022-10-25",
          "time": "15:06:33",
          "terminate": "false"
        },
        {
          "speaker": "speaker2",
          "personaID": "11705",
          "participantID": "3773",
          "utterance": "수학 어려워요! 지금 열심히 공부 중인데도 참 어렵네요 취미가 어떻게 되세요?",
          "summary": "나는 수학이 어렵다",
          "date": "2022-10-25",
          "time": "15:50:48",
          "terminate": "false"
        },
        {
          "speaker": "speaker1",
          "personaID": "31849",
          "participantID": "3015",
          "utterance": "저는 CCM 음악을 가끔 들어요~들으면 마음이 좀 차분해지는 것 같아요~무슨 취미가 있으세요?",
          "summary": "나는 ccm 음악을 가끔 듣는다.",
          "date": "2022-10-25",
          "time": "16:23:19",
          "terminate": "false"
        },
        {
          "speaker": "speaker2",
          "personaID": "11705",
          "participantID": "3773",
          "utterance": "저는 소설 읽는 것을 좋아해요! ",
          "summary": "나는 소설 읽는 것을 좋아한다",
          "date": "2022-10-25",
          "time": "17:00:40",
          "terminate": "false"
        },
        {
          "speaker": "speaker1",
          "personaID": "31849",
          "participantID": "3015",
          "utterance": "저도 추리소설 좋아해요 ~@이름@님 성격은 어떠신 가요? 저는 눈치가 없는 편이어서 친구들이 저 보고 센스 없다는 소리를 한번씩 해요",
          "summary": "나는 눈치가 없는 편이다.",
          "date": "2022-10-25",
          "time": "19:02:41",
          "terminate": "false"
        },
        {
          "speaker": "speaker2",
          "personaID": "11705",
          "participantID": "3773",
          "utterance": "저는 날이 갑자기 추워져서 그런가 가끔 외로워요",
          "summary": "나는 가끔 외롭다",
          "date": "2022-10-26",
          "time": "10:27:12",
          "terminate": "false"
        },
        {
          "speaker": "speaker1",
          "personaID": "31849",
          "participantID": "3015",
          "utterance": "저도 가을 타는 편인데~괜히 센치해질때가 있어요",
          "summary": "나는 가을을 타는 편이다.",
          "date": "2022-10-26",
          "time": "12:20:22",
          "terminate": "false"
        },
        {
          "speaker": "speaker2",
          "personaID": "11705",
          "participantID": "3773",
          "utterance": "네네 맞아요 생일은 언제세요?",
          "summary": "나는 @이름@님의 생일이 궁금하다",
          "date": "2022-10-26",
          "time": "14:00:15",
          "terminate": "false"
        },
        {
          "speaker": "speaker1",
          "personaID": "31849",
          "participantID": "3015",
          "utterance": "저는 겨울이에요~갑자기 수지가 부른 겨울아이 노래가 떠 오르네요 ㅋ",
          "summary": "나는 겨울에 태어났다.",
          "date": "2022-10-26",
          "time": "14:29:53",
          "terminate": "false"
        },
        {
          "speaker": "speaker2",
          "personaID": "11705",
          "participantID": "3773",
          "utterance": "아아 저는 @날짜@에 태어났어요! 겨울아이 노래 너무 좋",
          "summary": "나는 @날짜@에 태어났다",
          "date": "2022-10-26",
          "time": "16:04:36",
          "terminate": "false"
        },
        {
          "speaker": "speaker1",
          "personaID": "31849",
          "participantID": "3015",
          "utterance": "곧 겨울이 다가오네요~솔직히 추운건 싫은데ㅜㅜ",
          "summary": "",
          "date": "2022-10-26",
          "time": "22:12:29",
          "terminate": "false"
        },
        {
          "speaker": "speaker2",
          "personaID": "11705",
          "participantID": "3773",
          "utterance": "맞아요 겨울이 다가오니까 가끔 외로워요",
          "summary": "나는 겨울이 다가오니까 가끔 외롭다",
          "date": "2022-10-28",
          "time": "09:16:53",
          "terminate": "true"
        }
      ],
      "sessionPersonaSummary": {
        "speaker1": [
          "나는 30대 여성이다.",
          "나는 학원 수학 강사다.",
          "나는 ccm 음악을 가끔 듣는다.",
          "나는 눈치가 없는 편이다.",
          "나는 가을을 타는 편이다.",
          "나는 겨울에 태어났다."
        ],
        "speaker2": [
          "나는 10대 여자다",
          "나는 수학이 어렵다",
          "나는 소설 읽는 것을 좋아한다",
          "나는 가끔 외롭다",
          "나는 @이름@님의 생일이 궁금하다",
          "나는 @날짜@에 태어났다",
          "나는 겨울이 다가오니까 가끔 외롭다"
        ]
      },
      "prevAggregatedpersonaSummary": {
        "speaker1": [],
        "speaker2": []
      }
    },
    {
      "prevSessionID": "2-00213-1",
      "prevTimeInfo": {
        "timeNum": "8",
        "timeUnit": "일"
      },
      "nthSession": "2",
      "numberOfUtterances": "14",
      "numberOfTurns": "7",
      "sessionID": "2-00213-2",
      "dialog": [
        {
          "speaker": "speaker1",
          "personaID": "31849",
          "participantID": "3015",
          "utterance": "반가워요 ~8일만이네요~잘 지내셨어요?",
          "summary": "",
          "date": "2022-10-29",
          "time": "15:05:38",
          "terminate": "false"
        },
        {
          "speaker": "speaker2",
          "personaID": "11705",
          "participantID": "3773",
          "utterance": "네 오랜만에 이렇게 대화하니 더 반갑네요! 저는 잘지냈어요",
          "summary": "나는 반갑다. 나는 잘 지냈다.",
          "date": "2022-10-31",
          "time": "10:17:25",
          "terminate": "false"
        },
        {
          "speaker": "speaker1",
          "personaID": "31849",
          "participantID": "3015",
          "utterance": "ㅎㅎ 요즘은 잘 지냈다는 말이 듣기 좋네요 ~",
          "summary": "나는 잘 지냈다는 말이 듣기 좋다.",
          "date": "2022-10-31",
          "time": "13:57:11",
          "terminate": "false"
        },
        {
          "speaker": "speaker2",
          "personaID": "11705",
          "participantID": "3773",
          "utterance": "네네 어제 너무 비극적인 일이있어서 마음이 너무 안좋네요",
          "summary": "나는 어제 일 때문에 마음이 안 좋다",
          "date": "2022-10-31",
          "time": "14:20:17",
          "terminate": "false"
        },
        {
          "speaker": "speaker1",
          "personaID": "31849",
          "participantID": "3015",
          "utterance": "맞아요 ~마음이 슬프고 먹먹해져요~",
          "summary": "나는 마음이 슬프고 먹먹하다.",
          "date": "2022-10-31",
          "time": "16:22:05",
          "terminate": "false"
        },
        {
          "speaker": "speaker2",
          "personaID": "11705",
          "participantID": "3773",
          "utterance": "네 일어나서는 안될 일이 일어났어요. 퇴근하고는 보통 뭐하시나요? 저는 맥주 한잔하고 자는데 기분이 너무 좋아져요",
          "summary": "나는 일어나서는 안될 일이 일어났다고 생각한다 나는 맥주 한잔 하고 잔다",
          "date": "2022-10-31",
          "time": "17:14:13",
          "terminate": "false"
        },
        {
          "speaker": "speaker1",
          "personaID": "31849",
          "participantID": "3015",
          "utterance": "저는 술을 잘 못마시는 편이어서 거의 안 먹는데 여름에는 치맥으로 조금씩 먹었네요",
          "summary": "나는 술을 잘 못 마시는 편이어서 거의 안 먹는데 여름에는 치맥으로 조금씩 먹었다.",
          "date": "2022-10-31",
          "time": "22:26:52",
          "terminate": "false"
        },
        {
          "speaker": "speaker2",
          "personaID": "11705",
          "participantID": "3773",
          "utterance": "아아 저는 밥보다 술을 좋아해요 술마시려고 안주 먹는 전형적인 술고래에요",
          "summary": "나는 밥보다 술을 좋아한다",
          "date": "2022-11-01",
          "time": "09:50:29",
          "terminate": "false"
        },
        {
          "speaker": "speaker1",
          "personaID": "31849",
          "participantID": "3015",
          "utterance": "ㅎㅎ 저는 술을 못 마시니 언주발만 세우는 스타일이에요 ",
          "summary": "나는 술 마실 때 안주만 먹는 스타일이다.",
          "date": "2022-11-01",
          "time": "15:21:23",
          "terminate": "false"
        },
        {
          "speaker": "speaker2",
          "personaID": "11705",
          "participantID": "3773",
          "utterance": "아 저는 술 마시느라 안주를 항상 다 남겨서 안주 먹는 친구랑 가면 너무 좋아요",
          "summary": "나는 술 마시느라 안주를 남긴다",
          "date": "2022-11-01",
          "time": "16:09:44",
          "terminate": "false"
        },
        {
          "speaker": "speaker1",
          "personaID": "31849",
          "participantID": "3015",
          "utterance": "저는 술마시러 가면 도수가 좀 낮은 약한술 위주로 먹게되요",
          "summary": "나는 도수가 낮은 약한 술 위주로 마신다.",
          "date": "2022-11-02",
          "time": "13:07:49",
          "terminate": "false"
        },
        {
          "speaker": "speaker2",
          "personaID": "11705",
          "participantID": "3773",
          "utterance": "아 맛있는 술 위주로 드시는 구나 그것도 맛있죠",
          "summary": "",
          "date": "2022-11-02",
          "time": "13:57:16",
          "terminate": "false"
        },
        {
          "speaker": "speaker1",
          "personaID": "31849",
          "participantID": "3015",
          "utterance": "술보다도 좋은 사람들과 함께하는  술자리가 좋아서 항상 기분이 좋은거 같아요 ",
          "summary": "나는 술보다도 좋은 사람들과 함께하는 술자리가 좋다.",
          "date": "2022-11-02",
          "time": "15:20:30",
          "terminate": "false"
        },
        {
          "speaker": "speaker2",
          "personaID": "11705",
          "participantID": "3773",
          "utterance": "네 맞아요 평소 못했던 말도 할 수 있고 좋은 거 같아요",
          "summary": "나는 술자리가 좋다",
          "date": "2022-11-02",
          "time": "16:00:26",
          "terminate": "true"
        }
      ],
      "sessionPersonaSummary": {
        "speaker1": [
          "나는 잘 지냈다는 말이 듣기 좋다.",
          "나는 마음이 슬프고 먹먹하다.",
          "나는 술을 잘 못 마시는 편이어서 거의 안 먹는데 여름에는 치맥으로 조금씩 먹었다.",
          "나는 술 마실 때 안주만 먹는 스타일이다.",
          "나는 도수가 낮은 약한 술 위주로 마신다.",
          "나는 술보다도 좋은 사람들과 함께하는 술자리가 좋다."
        ],
        "speaker2": [
          "나는 반갑다. 나는 잘 지냈다.",
          "나는 어제 일 때문에 마음이 안 좋다",
          "나는 일어나서는 안될 일이 일어났다고 생각한다",
          "나는 맥주 한잔 하고 잔다",
          "나는 밥보다 술을 좋아한다",
          "나는 술 마시느라 안주를 남긴다",
          "나는 술자리가 좋다"
        ]
      },
      "prevAggregatedpersonaSummary": {
        "speaker1": [
          "나는 30대 여성이다.",
          "나는 학원 수학 강사다.",
          "나는 ccm 음악을 가끔 듣는다.",
          "나는 눈치가 없는 편이다.",
          "나는 가을을 타는 편이다.",
          "나는 겨울에 태어났다."
        ],
        "speaker2": [
          "나는 10대 여자다",
          "나는 수학이 어렵다",
          "나는 소설 읽는 것을 좋아한다",
          "나는 가끔 외롭다",
          "나는 @이름@님의 생일이 궁금하다",
          "나는 @날짜@에 태어났다",
          "나는 겨울이 다가오니까 가끔 외롭다"
        ]
      }
    }
  ]
}