{
  "FileInfo": {
    "filename": "K2-00440-CL11350-CP10641-19-02-S2.json",
    "sessionLevel": "2"
  },
  "participantsInfo": {
    "numberOfParticipants": "2",
    "speaker1": {
      "participantID": "3530",
      "gender": "여성",
      "age": "10대",
      "occupation": "학생",
      "bPlace": "서울/경기/인천",
      "gPlace": "서울/경기/인천",
      "rPlace": "서울/경기/인천",
      "educationLevel": "중졸"
    },
    "speaker2": {
      "participantID": "3505",
      "gender": "남성",
      "age": "20대",
      "occupation": "무직",
      "bPlace": "서울/경기/인천",
      "gPlace": "서울/경기/인천",
      "rPlace": "서울/경기/인천",
      "educationLevel": "고졸"
    }
  },
  "multisessionInfo": {
    "multisessionID": "2-00440"
  },
  "personaInfo": {
    "clInfo": {
      "personaID": "11350",
      "personaFeatures": [
        "나는 여자이다.",
        "나는 10대이다.",
        "내가 사는 곳은 파주이다",
        "나는 중어중문학과에 진학하고 싶다",
        "나는 기말고사를 보는 게 힘들다"
      ],
      "speakerType": "speaker1"
    },
    "cpInfo": {
      "personaID": "10641",
      "personaFeatures": [
        "나는 남자이다.",
        "나는 10대이다.",
        "나의 생일은 8월이다",
        "나는 작은 것까지 확인한다",
        "나는 아침 일찍 일어나는 게 좋다"
      ],
      "speakerType": "speaker2"
    }
  },
  "topicInfo": {
    "topicID": "19-02",
    "topicType": "예술문화 생활>방송/연예",
    "topicTitle": "드라마"
  },
  "sessionInfo": [
    {
      "prevSessionID": null,
      "prevTimeInfo": {
        "timeNum": null,
        "timeUnit": null
      },
      "nthSession": "1",
      "numberOfUtterances": "14",
      "numberOfTurns": "7",
      "sessionID": "2-00440-1",
      "dialog": [
        {
          "speaker": "speaker1",
          "personaID": "11350",
          "participantID": "3530",
          "utterance": "안녕하세요! 저는 여자고 10대예요!",
          "summary": "나는 10대 여자다",
          "date": "2022-10-18",
          "time": "18:36:37",
          "terminate": "false"
        },
        {
          "speaker": "speaker2",
          "personaID": "10641",
          "participantID": "3505",
          "utterance": "안녕하세요. 저는 10대 남성입니다.",
          "summary": "나는 10대 남성이다",
          "date": "2022-10-18",
          "time": "18:42:15",
          "terminate": "false"
        },
        {
          "speaker": "speaker1",
          "personaID": "11350",
          "participantID": "3530",
          "utterance": "남성분이시구나! 10대라니 저랑 비슷하네요~ ㅎㅎ 꿈이 뭐예요? 저는 중어중문학과에 진학하고 싶어요.",
          "summary": "나는 중어중문학과에 진학하고 싶다",
          "date": "2022-10-18",
          "time": "18:42:48",
          "terminate": "false"
        },
        {
          "speaker": "speaker2",
          "personaID": "10641",
          "participantID": "3505",
          "utterance": "저는 꿈이 의사입니다. 생일이 언제세요? 저는 8월이에요.",
          "summary": "나는 꿈이 의사이고 8월생이다",
          "date": "2022-10-18",
          "time": "19:10:58",
          "terminate": "false"
        },
        {
          "speaker": "speaker1",
          "personaID": "11350",
          "participantID": "3530",
          "utterance": "어머 의사라니 멋진 꿈을 가지고 게시네요!! 공부를 잘 하시나 봐요. 저는 이번 기말고사 보는 것도 힘들었는데 ㅠㅠ 아, 저는 9월생이에요.",
          "summary": "나는 9월생이다",
          "date": "2022-10-18",
          "time": "19:11:57",
          "terminate": "false"
        },
        {
          "speaker": "speaker2",
          "personaID": "10641",
          "participantID": "3505",
          "utterance": "아 9월생이시구나~ 저는 성격이 작은 것까지 꼼꼼하게 확인하는 성격이라 의사라는 직업이 체질에 맞는 거 같아서 꿈을 의사로 정했어요~",
          "summary": "나는 작은 것까지 꼼꼼히 확인하는 성격이다",
          "date": "2022-10-19",
          "time": "00:17:42",
          "terminate": "false"
        },
        {
          "speaker": "speaker1",
          "personaID": "11350",
          "participantID": "3530",
          "utterance": "어디에서 근무하고 싶으세요? 나중에 병원을 차리게 되면 파주로 와주세요~ 제가 파주에 살고 있거든요 ㅎㅎ",
          "summary": "나는 파주에 살고 있다",
          "date": "2022-10-19",
          "time": "08:42:27",
          "terminate": "false"
        },
        {
          "speaker": "speaker2",
          "personaID": "10641",
          "participantID": "3505",
          "utterance": "저는 아침 일찍 일어나는 게 좋아서 집에서 멀리 있는 곳으로 출퇴근해도 괜찮을 거 같아서 멀리 있는 지역도 괜찮을 거 같아요",
          "summary": "나는 아침 일찍 일어나는 걸 좋아한다",
          "date": "2022-10-19",
          "time": "12:02:36",
          "terminate": "false"
        },
        {
          "speaker": "speaker1",
          "personaID": "11350",
          "participantID": "3530",
          "utterance": "헐, 일찍 일어나는 걸 좋아하신다니 완전 종달새시네요. 부러워요. 저는 완전 올빼미라 자주 지각해요 ㅠㅠ",
          "summary": "나는 지각을 자주 한다",
          "date": "2022-10-19",
          "time": "13:29:48",
          "terminate": "false"
        },
        {
          "speaker": "speaker2",
          "personaID": "10641",
          "participantID": "3505",
          "utterance": "일찍 일어나는 습관을 들이면 익숙해지더라고요!",
          "summary": "",
          "date": "2022-10-20",
          "time": "02:33:32",
          "terminate": "false"
        },
        {
          "speaker": "speaker1",
          "personaID": "11350",
          "participantID": "3530",
          "utterance": "저도 일찍 일어나는 습관을 들여봐야겠네요. 일찍 일어나는 팁이 있을까요?",
          "summary": "",
          "date": "2022-10-20",
          "time": "08:48:32",
          "terminate": "false"
        },
        {
          "speaker": "speaker2",
          "personaID": "10641",
          "participantID": "3505",
          "utterance": "일찍 자면 일찍 일어나더라고요",
          "summary": "",
          "date": "2022-10-20",
          "time": "12:51:17",
          "terminate": "false"
        },
        {
          "speaker": "speaker1",
          "personaID": "11350",
          "participantID": "3530",
          "utterance": "그렇죠. 제가 당연한 걸 물어봤네요~ 저도 실천해야겠어요",
          "summary": "",
          "date": "2022-10-20",
          "time": "12:51:35",
          "terminate": "false"
        },
        {
          "speaker": "speaker2",
          "personaID": "10641",
          "participantID": "3505",
          "utterance": "벌써 점심시간이네요 저는 이만 가볼게요",
          "summary": "나는 이만 가봐야 한다",
          "date": "2022-10-20",
          "time": "12:51:59",
          "terminate": "true"
        }
      ],
      "sessionPersonaSummary": {
        "speaker1": [
          "나는 10대 여자다",
          "나는 중어중문학과에 진학하고 싶다",
          "나는 9월생이다",
          "나는 파주에 살고 있다",
          "나는 지각을 자주 한다"
        ],
        "speaker2": [
          "나는 10대 남성이다",
          "나는 꿈이 의사이고 8월생이다",
          "나는 작은 것까지 꼼꼼히 확인하는 성격이다",
          "나는 아침 일찍 일어나는 걸 좋아한다",
          "나는 이만 가봐야 한다"
        ]
      },
      "prevAggregatedpersonaSummary": {
        "speaker1": [],
        "speaker2": []
      }
    },
    {
      "prevSessionID": "2-00440-1",
      "prevTimeInfo": {
        "timeNum": "44",
        "timeUnit": "시간"
      },
      "nthSession": "2",
      "numberOfUtterances": "14",
      "numberOfTurns": "7",
      "sessionID": "2-00440-2",
      "dialog": [
        {
          "speaker": "speaker1",
          "personaID": "11350",
          "participantID": "3530",
          "utterance": "안녕하세요, 벌써 44시간이나 지났어요. 잘 지내셨어요?",
          "summary": "",
          "date": "2022-10-20",
          "time": "12:54:11",
          "terminate": "false"
        },
        {
          "speaker": "speaker2",
          "personaID": "10641",
          "participantID": "3505",
          "utterance": "그러네요 44시간 만이네요 저는 그동안 드라마를 봤어요",
          "summary": "나는 그동안 드라마를 봤다",
          "date": "2022-10-20",
          "time": "12:54:30",
          "terminate": "false"
        },
        {
          "speaker": "speaker1",
          "personaID": "11350",
          "participantID": "3530",
          "utterance": "드라마 좋아하시는군요! 어떤 드라마 보세요?",
          "summary": "",
          "date": "2022-10-20",
          "time": "12:54:50",
          "terminate": "false"
        },
        {
          "speaker": "speaker2",
          "personaID": "10641",
          "participantID": "3505",
          "utterance": "저는 주로 연애드라마를 봐요 재밌더라고요",
          "summary": "나는 주로 연애드라마를 본다",
          "date": "2022-10-20",
          "time": "12:56:07",
          "terminate": "false"
        },
        {
          "speaker": "speaker1",
          "personaID": "11350",
          "participantID": "3530",
          "utterance": "연애드라마 재밌죠~ 그러고 보면 요즘 자극적인 드라마들이 상당히 많이 방송되는 것 같아요. ",
          "summary": "",
          "date": "2022-10-20",
          "time": "14:14:55",
          "terminate": "false"
        },
        {
          "speaker": "speaker2",
          "personaID": "10641",
          "participantID": "3505",
          "utterance": "맞아요 사람들의 입맛에 맞게 너무 자극적인 거 같아요",
          "summary": "",
          "date": "2022-10-20",
          "time": "14:26:40",
          "terminate": "false"
        },
        {
          "speaker": "speaker1",
          "personaID": "11350",
          "participantID": "3530",
          "utterance": "네, 펜트하우스 보셨나요? 제가 제일 최근에 본 거인데 정말... 사람들 시선을 끄는 내용이 많더라고요.",
          "summary": "나는 최근에 펜트하우스를 봤다",
          "date": "2022-10-20",
          "time": "14:28:53",
          "terminate": "false"
        },
        {
          "speaker": "speaker2",
          "personaID": "10641",
          "participantID": "3505",
          "utterance": "너무 자극적인 드라마여서 저는 안 봤어요",
          "summary": "나는 펜트하우스 드라마를 보지 않았다",
          "date": "2022-10-20",
          "time": "14:30:49",
          "terminate": "false"
        },
        {
          "speaker": "speaker1",
          "personaID": "11350",
          "participantID": "3530",
          "utterance": "그럼 어떤 거 보셨어요? 스카이캐슬?",
          "summary": "",
          "date": "2022-10-20",
          "time": "14:31:36",
          "terminate": "false"
        },
        {
          "speaker": "speaker2",
          "personaID": "10641",
          "participantID": "3505",
          "utterance": "네 그게 제 또래들이 공감하기 쉽더라고여",
          "summary": "나는 스카이캐슬 드라마가 공감하기 쉬웠다",
          "date": "2022-10-20",
          "time": "14:32:07",
          "terminate": "false"
        },
        {
          "speaker": "speaker1",
          "personaID": "11350",
          "participantID": "3530",
          "utterance": "그렇군요 어느 배우를 가장 좋아하세요?",
          "summary": "",
          "date": "2022-10-20",
          "time": "14:32:35",
          "terminate": "false"
        },
        {
          "speaker": "speaker2",
          "personaID": "10641",
          "participantID": "3505",
          "utterance": "제가 배우 이름은 잘 몰라서요 거기 나오는 모든 배우가 다 좋았던 거 같아요!",
          "summary": "나는 배우 이름을 잘 모른다",
          "date": "2022-10-20",
          "time": "14:33:13",
          "terminate": "false"
        },
        {
          "speaker": "speaker1",
          "personaID": "11350",
          "participantID": "3530",
          "utterance": "그러시군요! 저도 드라마 배우들은 연기력이 너무 좋아서 한명만 고를 수 없더라고요 ㅎㅎ",
          "summary": "나는 드라마를 볼 때 다수의 배우들을 좋아한다",
          "date": "2022-10-20",
          "time": "14:33:55",
          "terminate": "false"
        },
        {
          "speaker": "speaker2",
          "personaID": "10641",
          "participantID": "3505",
          "utterance": "맞아요 저는 이만 일이생겨서 가보겠습니다",
          "summary": "",
          "date": "2022-10-20",
          "time": "14:34:49",
          "terminate": "true"
        }
      ],
      "sessionPersonaSummary": {
        "speaker1": [
          "나는 최근에 펜트하우스를 봤다",
          "나는 드라마를 볼 때 다수의 배우들을 좋아한다"
        ],
        "speaker2": [
          "나는 그동안 드라마를 봤다",
          "나는 주로 연애드라마를 본다",
          "나는 펜트하우스 드라마를 보지 않았다",
          "나는 스카이캐슬 드라마가 공감하기 쉬웠다",
          "나는 배우 이름을 잘 모른다"
        ]
      },
      "prevAggregatedpersonaSummary": {
        "speaker1": [
          "나는 10대 여자다",
          "나는 중어중문학과에 진학하고 싶다",
          "나는 9월생이다",
          "나는 파주에 살고 있다",
          "나는 지각을 자주 한다"
        ],
        "speaker2": [
          "나는 10대 남성이다",
          "나는 꿈이 의사이고 8월생이다",
          "나는 작은 것까지 꼼꼼히 확인하는 성격이다",
          "나는 아침 일찍 일어나는 걸 좋아한다",
          "나는 이만 가봐야 한다"
        ]
      }
    }
  ]
}