{
  "FileInfo": {
    "filename": "K2-00364-CL33571-CP34134-07-11-S2.json",
    "sessionLevel": "2"
  },
  "participantsInfo": {
    "numberOfParticipants": "2",
    "speaker1": {
      "participantID": "0529",
      "gender": "여성",
      "age": "30대",
      "occupation": "주부",
      "bPlace": "광주/전라/제주",
      "gPlace": "광주/전라/제주",
      "rPlace": "광주/전라/제주",
      "educationLevel": "대졸"
    },
    "speaker2": {
      "participantID": "0567",
      "gender": "여성",
      "age": "20대",
      "occupation": "학생",
      "bPlace": "대전/세종/충청/강원",
      "gPlace": "대전/세종/충청/강원",
      "rPlace": "대전/세종/충청/강원",
      "educationLevel": "고졸"
    }
  },
  "multisessionInfo": {
    "multisessionID": "2-00364"
  },
  "personaInfo": {
    "clInfo": {
      "personaID": "33571",
      "personaFeatures": [
        "나는 여자이다.",
        "나는 30대이다.",
        "나는 빨간색을 좋아한다.",
        "나는 몽골에 가 보고 싶다.",
        "나는 농구를 가끔 한다.",
        "나는 맥주를 최근에 끊었다."
      ],
      "speakerType": "speaker1"
    },
    "cpInfo": {
      "personaID": "34134",
      "personaFeatures": [
        "나는 여자이다.",
        "나는 30대이다.",
        "나는 오후에 낮잠을 잔다.",
        "나는 바이올린을 배우고 싶다.",
        "나는 실내에서 스크린 골프 치는 것을 좋아한다.",
        "나는 앵무새를 키우고 싶다."
      ],
      "speakerType": "speaker2"
    }
  },
  "topicInfo": {
    "topicID": "07-11",
    "topicType": "개인 및 관계>가족",
    "topicTitle": "자녀"
  },
  "sessionInfo": [
    {
      "prevSessionID": null,
      "prevTimeInfo": {
        "timeNum": null,
        "timeUnit": null
      },
      "nthSession": "1",
      "numberOfUtterances": "14",
      "numberOfTurns": "7",
      "sessionID": "2-00364-1",
      "dialog": [
        {
          "speaker": "speaker1",
          "personaID": "33571",
          "participantID": "0529",
          "utterance": "안녕하세요~ 저는 30대 여자입니다^^ 잘부탁드려요!!",
          "summary": "나는 30대 여자이다.",
          "date": "2022-10-02",
          "time": "22:32:52",
          "terminate": "false"
        },
        {
          "speaker": "speaker2",
          "personaID": "34134",
          "participantID": "0567",
          "utterance": "반가워요! 저도 30대 여자예요ㅎㅎ 친하게 지내용!",
          "summary": "나는 30대 여자이다.",
          "date": "2022-10-02",
          "time": "22:33:08",
          "terminate": "false"
        },
        {
          "speaker": "speaker1",
          "personaID": "33571",
          "participantID": "0529",
          "utterance": "지금 뭐하고 계셨어요?ㅎㅎ 저는 농구를 가끔 해서요~ 농구를 하고 왔어요!",
          "summary": "나는 농구를 가끔 한다.",
          "date": "2022-10-02",
          "time": "22:33:46",
          "terminate": "false"
        },
        {
          "speaker": "speaker2",
          "personaID": "34134",
          "participantID": "0567",
          "utterance": "아하ㅋㅋ 그러셨구나. 저는 오후에 낮잠을 자서, 지금 자다 일어났어요ㅎㅎ.",
          "summary": "나는 오후에 낮잠을 잔다.",
          "date": "2022-10-02",
          "time": "22:33:56",
          "terminate": "false"
        },
        {
          "speaker": "speaker1",
          "personaID": "33571",
          "participantID": "0529",
          "utterance": "집순이신가봐요ㅋㅋㅋ! 저는 돌아다니는 걸 좋아하는데 반대네요~",
          "summary": "나는 돌아다니는 걸 좋아한다.",
          "date": "2022-10-02",
          "time": "22:35:25",
          "terminate": "false"
        },
        {
          "speaker": "speaker2",
          "personaID": "34134",
          "participantID": "0567",
          "utterance": "앗ㅎㅎ 네ㅋㅋ 그래서 골프도 실내에서 스크린 골프 치는 걸 좋아해요.",
          "summary": "나는 실내에서 스크린 골프 치는 것을 좋아한다.",
          "date": "2022-10-02",
          "time": "22:35:37",
          "terminate": "false"
        },
        {
          "speaker": "speaker1",
          "personaID": "33571",
          "participantID": "0529",
          "utterance": "저도 예전에 골프친 적 있는데ㅎㅎ 모임할 때 맥주를 너무 많이 마셨어서 최근엔 맥주를 끊었어요.",
          "summary": "나는 골프를 쳤다. 나는 맥주를 최근에 끊었다.",
          "date": "2022-10-02",
          "time": "22:36:10",
          "terminate": "false"
        },
        {
          "speaker": "speaker2",
          "personaID": "34134",
          "participantID": "0567",
          "utterance": "ㅋㅋㅋ전 술은 안 마셔서, 술 모임 보다는 클래식 모임에 가서 바이올린 배우고 싶어요!",
          "summary": "나는 바이올린을 배우고 싶다.",
          "date": "2022-10-02",
          "time": "22:37:34",
          "terminate": "false"
        },
        {
          "speaker": "speaker1",
          "personaID": "33571",
          "participantID": "0529",
          "utterance": "왠지 클래식 모임은 술 안 마실 것 같네요ㅋㅋ 근데 빨간색 악기도 있나요?",
          "summary": "나는 클래식 모임은 술을 안 마실 것 같다고 생각한다.",
          "date": "2022-10-02",
          "time": "22:37:57",
          "terminate": "false"
        },
        {
          "speaker": "speaker2",
          "personaID": "34134",
          "participantID": "0567",
          "utterance": "글쎄요ㅎㅎ 원래 빨간색은 없고, 튜닝을 하지 않을까요?",
          "summary": "",
          "date": "2022-10-02",
          "time": "22:38:07",
          "terminate": "false"
        },
        {
          "speaker": "speaker1",
          "personaID": "33571",
          "participantID": "0529",
          "utterance": "제가 빨간색을 좋아해서요ㅋㅋ 빨간 악기가 있다면 재밌을 것 같네요.",
          "summary": "나는 빨간색을 좋아한다. 나는 빨간 악기가 있으면 재밌을 것 같다.",
          "date": "2022-10-02",
          "time": "22:38:15",
          "terminate": "false"
        },
        {
          "speaker": "speaker2",
          "personaID": "34134",
          "participantID": "0567",
          "utterance": "그러셨구나ㅋㅋ 저도 빨간색 좋아해요! 빨간 앵무새 키우고 싶어요~",
          "summary": "나는 빨간색을 좋아한다. 나는 빨간 앵무새를 키우고 싶다.",
          "date": "2022-10-02",
          "time": "22:38:30",
          "terminate": "false"
        },
        {
          "speaker": "speaker1",
          "personaID": "33571",
          "participantID": "0529",
          "utterance": "우와ㅠㅠ 귀엽겠다... 저도 빨간 옷입고 몽골에 가보고 싶은데~ 말 나온 김에 찾아보러 갈게요ㅎㅎ.",
          "summary": "나는 빨간 옷을 입고 몽골에 가 보고 싶다.",
          "date": "2022-10-02",
          "time": "22:39:10",
          "terminate": "false"
        },
        {
          "speaker": "speaker2",
          "personaID": "34134",
          "participantID": "0567",
          "utterance": "앗ㅋㅋㅋ 다녀오세요~! ㅎㅎ 기다리고 있을게요.",
          "summary": "",
          "date": "2022-10-02",
          "time": "22:39:19",
          "terminate": "true"
        }
      ],
      "sessionPersonaSummary": {
        "speaker1": [
          "나는 30대 여자이다.",
          "나는 농구를 가끔 한다.",
          "나는 돌아다니는 걸 좋아한다.",
          "나는 골프를 쳤다. 나는 맥주를 최근에 끊었다.",
          "나는 클래식 모임은 술을 안 마실 것 같다고 생각한다.",
          "나는 빨간색을 좋아한다. 나는 빨간 악기가 있으면 재밌을 것 같다.",
          "나는 빨간 옷을 입고 몽골에 가 보고 싶다."
        ],
        "speaker2": [
          "나는 30대 여자이다.",
          "나는 오후에 낮잠을 잔다.",
          "나는 실내에서 스크린 골프 치는 것을 좋아한다.",
          "나는 바이올린을 배우고 싶다.",
          "나는 빨간색을 좋아한다. 나는 빨간 앵무새를 키우고 싶다."
        ]
      },
      "prevAggregatedpersonaSummary": {
        "speaker1": [],
        "speaker2": []
      }
    },
    {
      "prevSessionID": "2-00364-1",
      "prevTimeInfo": {
        "timeNum": "1",
        "timeUnit": "일"
      },
      "nthSession": "2",
      "numberOfUtterances": "14",
      "numberOfTurns": "7",
      "sessionID": "2-00364-2",
      "dialog": [
        {
          "speaker": "speaker1",
          "personaID": "33571",
          "participantID": "0529",
          "utterance": "하루가 지났어요. 어제 빨간 옷 찾다가 예쁜 빨간 드레스를 샀어요^^",
          "summary": "나는 빨간 드레스를 샀다.",
          "date": "2022-10-02",
          "time": "22:40:46",
          "terminate": "false"
        },
        {
          "speaker": "speaker2",
          "personaID": "34134",
          "participantID": "0567",
          "utterance": "님~ㅎㅎ 완전 잘 어울릴 것 같은데요?!ㅎㅎ 예뻐요.",
          "summary": "",
          "date": "2022-10-02",
          "time": "22:41:05",
          "terminate": "false"
        },
        {
          "speaker": "speaker1",
          "personaID": "33571",
          "participantID": "0529",
          "utterance": "감사합니다^^ㅎㅎ 이제 몽골에만 가면 끝이네요!",
          "summary": "나는 몽골에 가면 목표를 달성한다.",
          "date": "2022-10-02",
          "time": "22:41:25",
          "terminate": "false"
        },
        {
          "speaker": "speaker2",
          "personaID": "34134",
          "participantID": "0567",
          "utterance": "근데 혹시 결혼은 하셨나요?ㅎㅎ 갑자기 궁금해지네요.",
          "summary": "",
          "date": "2022-10-02",
          "time": "22:41:31",
          "terminate": "false"
        },
        {
          "speaker": "speaker1",
          "personaID": "33571",
          "participantID": "0529",
          "utterance": "아~ 아뇨! 전 비혼주의자예요ㅎㅎ 님은요?",
          "summary": "나는 비혼 주의자이다.",
          "date": "2022-10-02",
          "time": "22:41:38",
          "terminate": "false"
        },
        {
          "speaker": "speaker2",
          "personaID": "34134",
          "participantID": "0567",
          "utterance": "전 결혼은 할 거지만 자녀는 낳지 않을 거예요.",
          "summary": "나는 결혼은 하고 싶지만 자녀는 낳고 싶지 않다.",
          "date": "2022-10-02",
          "time": "22:41:48",
          "terminate": "false"
        },
        {
          "speaker": "speaker1",
          "personaID": "33571",
          "participantID": "0529",
          "utterance": "지금 혹시 남자친구 있으세요?ㅎㅎ 결혼하고 싶다고 하셔서...!",
          "summary": "",
          "date": "2022-10-02",
          "time": "22:42:09",
          "terminate": "false"
        },
        {
          "speaker": "speaker2",
          "personaID": "34134",
          "participantID": "0567",
          "utterance": "앜ㅋㅋㅋ아니요! 남자친구도 없어요~ 얼마 전에 오래 사귄 남자친구랑 헤어져서요.",
          "summary": "나는 남자 친구가 없다. 나는 얼마 전에 오래 사귄 남자 친구와 헤어졌다.",
          "date": "2022-10-02",
          "time": "22:42:28",
          "terminate": "false"
        },
        {
          "speaker": "speaker1",
          "personaID": "33571",
          "participantID": "0529",
          "utterance": "그러시구나. 근데 왜 자녀는 안 가질 생각이세요?",
          "summary": "",
          "date": "2022-10-02",
          "time": "22:42:40",
          "terminate": "false"
        },
        {
          "speaker": "speaker2",
          "personaID": "34134",
          "participantID": "0567",
          "utterance": "음...ㅎㅎ 제가 엄마가 될 자신이 없어서요.",
          "summary": "나는 엄마가 될 자신이 없다.",
          "date": "2022-10-02",
          "time": "22:42:57",
          "terminate": "false"
        },
        {
          "speaker": "speaker1",
          "personaID": "33571",
          "participantID": "0529",
          "utterance": "하긴 제가 비혼주의자인 이유랑도 비슷한 것 같네요..ㅎㅎ.",
          "summary": "",
          "date": "2022-10-02",
          "time": "22:43:05",
          "terminate": "false"
        },
        {
          "speaker": "speaker2",
          "personaID": "34134",
          "participantID": "0567",
          "utterance": "그쵸~ 자녀 낳아서 키우시는 분들 정말 존경스러워요.",
          "summary": "나는 자녀를 낳아서 키우는 사람들이 존경스럽다.",
          "date": "2022-10-02",
          "time": "22:43:13",
          "terminate": "false"
        },
        {
          "speaker": "speaker1",
          "personaID": "33571",
          "participantID": "0529",
          "utterance": "맞아요ㅠㅠ 저희 부모님도 존경스럽지 않나요?",
          "summary": "나는 부모님이 존경스럽다.",
          "date": "2022-10-02",
          "time": "22:43:20",
          "terminate": "false"
        },
        {
          "speaker": "speaker2",
          "personaID": "34134",
          "participantID": "0567",
          "utterance": "그러게요. 항상 감사하며 살아야겠어요~",
          "summary": "나는 부모님께 항상 감사하며 살 것이다.",
          "date": "2022-10-02",
          "time": "22:43:34",
          "terminate": "true"
        }
      ],
      "sessionPersonaSummary": {
        "speaker1": [
          "나는 빨간 드레스를 샀다.",
          "나는 몽골에 가면 목표를 달성한다.",
          "나는 비혼 주의자이다.",
          "나는 부모님이 존경스럽다."
        ],
        "speaker2": [
          "나는 결혼은 하고 싶지만 자녀는 낳고 싶지 않다.",
          "나는 남자 친구가 없다. 나는 얼마 전에 오래 사귄 남자 친구와 헤어졌다.",
          "나는 엄마가 될 자신이 없다.",
          "나는 자녀를 낳아서 키우는 사람들이 존경스럽다.",
          "나는 부모님께 항상 감사하며 살 것이다."
        ]
      },
      "prevAggregatedpersonaSummary": {
        "speaker1": [
          "나는 30대 여자이다.",
          "나는 농구를 가끔 한다.",
          "나는 돌아다니는 걸 좋아한다.",
          "나는 골프를 쳤다. 나는 맥주를 최근에 끊었다.",
          "나는 클래식 모임은 술을 안 마실 것 같다고 생각한다.",
          "나는 빨간색을 좋아한다. 나는 빨간 악기가 있으면 재밌을 것 같다.",
          "나는 빨간 옷을 입고 몽골에 가 보고 싶다."
        ],
        "speaker2": [
          "나는 30대 여자이다.",
          "나는 오후에 낮잠을 잔다.",
          "나는 실내에서 스크린 골프 치는 것을 좋아한다.",
          "나는 바이올린을 배우고 싶다.",
          "나는 빨간색을 좋아한다. 나는 빨간 앵무새를 키우고 싶다."
        ]
      }
    }
  ]
}