{
  "FileInfo": {
    "filename": "K2-00487-CL21766-CP21144-08-05-S2.json",
    "sessionLevel": "2"
  },
  "participantsInfo": {
    "numberOfParticipants": "2",
    "speaker1": {
      "participantID": "0133",
      "gender": "여성",
      "age": "20대",
      "occupation": "무직",
      "bPlace": "부산/대구/울산/경상",
      "gPlace": "부산/대구/울산/경상",
      "rPlace": "부산/대구/울산/경상",
      "educationLevel": "고졸"
    },
    "speaker2": {
      "participantID": "0251",
      "gender": "남성",
      "age": "20대",
      "occupation": "학생",
      "bPlace": "부산/대구/울산/경상",
      "gPlace": "부산/대구/울산/경상",
      "rPlace": "부산/대구/울산/경상",
      "educationLevel": "고졸"
    }
  },
  "multisessionInfo": {
    "multisessionID": "2-00487"
  },
  "personaInfo": {
    "clInfo": {
      "personaID": "21766",
      "personaFeatures": [
        "나는 여자이다.",
        "나는 20대이다.",
        "나는 작은 것까지 확인한다.",
        "나는 주말에 공원에 간다.",
        "나는 에세이를 꾸준히 읽는다."
      ],
      "speakerType": "speaker1"
    },
    "cpInfo": {
      "personaID": "21144",
      "personaFeatures": [
        "나는 남자이다.",
        "나는 20대이다.",
        "나는 점심에 인스타에 사진을 올린다.",
        "나는 청소하는 것을 싫어한다.",
        "나는 헬스를 싫어한다."
      ],
      "speakerType": "speaker2"
    }
  },
  "topicInfo": {
    "topicID": "08-05",
    "topicType": "개인 및 관계>연애/결혼",
    "topicTitle": "육아"
  },
  "sessionInfo": [
    {
      "prevSessionID": null,
      "prevTimeInfo": {
        "timeNum": null,
        "timeUnit": null
      },
      "nthSession": "1",
      "numberOfUtterances": "16",
      "numberOfTurns": "8",
      "sessionID": "2-00487-1",
      "dialog": [
        {
          "speaker": "speaker1",
          "personaID": "21766",
          "participantID": "0133",
          "utterance": "안녕하세요~^^ 저는 20대 여자랍니다! 잘부탁드립니다.",
          "summary": "나는 20대 여자다.",
          "date": "2022-09-29",
          "time": "08:30:07",
          "terminate": "false"
        },
        {
          "speaker": "speaker2",
          "personaID": "21144",
          "participantID": "0251",
          "utterance": "반가워요! 저는 20대 남자이에요~ㅋㅋ 친해져요.",
          "summary": "나는 20대 남자다.",
          "date": "2022-09-29",
          "time": "08:30:21",
          "terminate": "false"
        },
        {
          "speaker": "speaker1",
          "personaID": "21766",
          "participantID": "0133",
          "utterance": "네ㅎㅎ 저도 반가워요! 혹시 좋아하는 게 있으신가요?",
          "summary": "",
          "date": "2022-09-29",
          "time": "08:30:33",
          "terminate": "false"
        },
        {
          "speaker": "speaker2",
          "personaID": "21144",
          "participantID": "0251",
          "utterance": "사실 제가 인플루언서라서요...ㅋㅋ 점심에 @브랜드명1@ 사진을 올려요.",
          "summary": "나는 인플루언서다. 나는 점심에 @브랜드명1@그램에 사진을 올린다.",
          "date": "2022-09-29",
          "time": "08:30:40",
          "terminate": "false"
        },
        {
          "speaker": "speaker1",
          "personaID": "21766",
          "participantID": "0133",
          "utterance": "우와ㅋㅋ 대단하시다. 저는 @브랜드명1@는 안 해요. 대신 에세이를 꾸준히 읽어요.",
          "summary": "나는 @브랜드명1@그램을 안 한다. 나는 에세이를 꾸준히 읽는다.",
          "date": "2022-09-29",
          "time": "08:30:52",
          "terminate": "false"
        },
        {
          "speaker": "speaker2",
          "personaID": "21144",
          "participantID": "0251",
          "utterance": "사실 그게 가장 좋은 것 같아요ㅎㅎ 전 중독이 돼서 못 끊지만요..",
          "summary": "나는 SNS 중독이다.",
          "date": "2022-09-29",
          "time": "08:31:02",
          "terminate": "false"
        },
        {
          "speaker": "speaker1",
          "personaID": "21766",
          "participantID": "0133",
          "utterance": "헉ㅠㅠ 속상하네요. 그럼 주말에 같이 공원에 가실래요? 저도 주말에 공원 가거든요.",
          "summary": "나는 주말에 공원을 간다.",
          "date": "2022-09-29",
          "time": "08:31:18",
          "terminate": "false"
        },
        {
          "speaker": "speaker2",
          "personaID": "21144",
          "participantID": "0251",
          "utterance": "그럴까요?ㅎㅎ 근데 거기 가서 @브랜드명1@용 사진만 찍을 것 같은...",
          "summary": "",
          "date": "2022-09-29",
          "time": "08:31:31",
          "terminate": "false"
        },
        {
          "speaker": "speaker1",
          "personaID": "21766",
          "participantID": "0133",
          "utterance": "앜ㅋㅋㅋ 카메라는 압수예요! 저 되게 작은 것까지 확인합니다~?",
          "summary": "나는 작은 것까지 확인한다.",
          "date": "2022-09-29",
          "time": "08:31:45",
          "terminate": "false"
        },
        {
          "speaker": "speaker2",
          "personaID": "21144",
          "participantID": "0251",
          "utterance": "앗ㅠㅠ 알겠습니다. 근데 주말에 나가려면 집안 청소를 미리 해놔야겠네요.",
          "summary": "나는 집안 청소를 미리 해놔야겠다고 생각한다.",
          "date": "2022-09-29",
          "time": "08:32:08",
          "terminate": "false"
        },
        {
          "speaker": "speaker1",
          "personaID": "21766",
          "participantID": "0133",
          "utterance": "그렇죠ㅎㅎ 집안 청소하면 마음이 개운해지지 않나요?",
          "summary": "나는 집안 청소를 하면 마음이 개운해진다.",
          "date": "2022-09-29",
          "time": "08:32:25",
          "terminate": "false"
        },
        {
          "speaker": "speaker2",
          "personaID": "21144",
          "participantID": "0251",
          "utterance": "앗.. 전 사실 청소하는 것을 싫어해서요ㅠㅠ.",
          "summary": "나는 청소하는 걸 싫어한다.",
          "date": "2022-09-29",
          "time": "08:32:33",
          "terminate": "false"
        },
        {
          "speaker": "speaker1",
          "personaID": "21766",
          "participantID": "0133",
          "utterance": "그러시구나. 그럼 운동은 좋아하세요?ㅎㅎ.",
          "summary": "",
          "date": "2022-09-29",
          "time": "08:32:36",
          "terminate": "false"
        },
        {
          "speaker": "speaker2",
          "personaID": "21144",
          "participantID": "0251",
          "utterance": "아뇨ㅠㅠ 운동 젬병이에요. 특히 헬스를 너무 싫어해요.",
          "summary": "나는 헬스를 너무 싫어한다.",
          "date": "2022-09-29",
          "time": "08:32:47",
          "terminate": "false"
        },
        {
          "speaker": "speaker1",
          "personaID": "21766",
          "participantID": "0133",
          "utterance": "흠~ 그럼 가볍게 같이 공원 산책이라도 해요^^ 다음에 봬요.",
          "summary": "",
          "date": "2022-09-29",
          "time": "08:32:59",
          "terminate": "false"
        },
        {
          "speaker": "speaker2",
          "personaID": "21144",
          "participantID": "0251",
          "utterance": "네! ㅎㅎ 그럼 그동안 기다리고 있겠습니다~",
          "summary": "",
          "date": "2022-09-29",
          "time": "08:33:06",
          "terminate": "true"
        }
      ],
      "sessionPersonaSummary": {
        "speaker1": [
          "나는 20대 여자다.",
          "나는 @브랜드명1@그램을 안 한다. 나는 에세이를 꾸준히 읽는다.",
          "나는 주말에 공원을 간다.",
          "나는 작은 것까지 확인한다.",
          "나는 집안 청소를 하면 마음이 개운해진다."
        ],
        "speaker2": [
          "나는 20대 남자다.",
          "나는 인플루언서다. 나는 점심에 @브랜드명1@그램에 사진을 올린다.",
          "나는 SNS 중독이다.",
          "나는 집안 청소를 미리 해놔야겠다고 생각한다.",
          "나는 청소하는 걸 싫어한다.",
          "나는 헬스를 너무 싫어한다."
        ]
      },
      "prevAggregatedpersonaSummary": {
        "speaker1": [],
        "speaker2": []
      }
    },
    {
      "prevSessionID": "2-00487-1",
      "prevTimeInfo": {
        "timeNum": "1",
        "timeUnit": "주"
      },
      "nthSession": "2",
      "numberOfUtterances": "16",
      "numberOfTurns": "8",
      "sessionID": "2-00487-2",
      "dialog": [
        {
          "speaker": "speaker1",
          "personaID": "21766",
          "participantID": "0133",
          "utterance": "이번 주에 같이 공원 가기로 한 거 잊지 않으셨죠?",
          "summary": "",
          "date": "2022-09-29",
          "time": "08:33:27",
          "terminate": "false"
        },
        {
          "speaker": "speaker2",
          "personaID": "21144",
          "participantID": "0251",
          "utterance": "앗ㅎㅎ네네 물론이죠! 폰 뺴앗길까봐 DSLR 갖고 가려고요ㅋㅋ.",
          "summary": "나는 DSLR을 갖고 공원에 갈 것이다.",
          "date": "2022-09-29",
          "time": "08:38:07",
          "terminate": "false"
        },
        {
          "speaker": "speaker1",
          "personaID": "21766",
          "participantID": "0133",
          "utterance": "앜ㅋㅋ 뭐예요! 청소는 다 하셨고요?ㅎㅎ.",
          "summary": "",
          "date": "2022-09-29",
          "time": "08:38:17",
          "terminate": "false"
        },
        {
          "speaker": "speaker2",
          "personaID": "21144",
          "participantID": "0251",
          "utterance": "제가 청소를 싫어하긴 하지만 어쩔 수 없이 했답니다ㅠㅠ.",
          "summary": "나는 청소를 어쩔 수 없이 했다.",
          "date": "2022-09-29",
          "time": "08:38:30",
          "terminate": "false"
        },
        {
          "speaker": "speaker1",
          "personaID": "21766",
          "participantID": "0133",
          "utterance": "ㅋㅋㅋ 잘하셨어요! 사실 저는 지금 벌써 공원이에요.",
          "summary": "나는 지금 공원이다.",
          "date": "2022-09-29",
          "time": "08:38:41",
          "terminate": "false"
        },
        {
          "speaker": "speaker2",
          "personaID": "21144",
          "participantID": "0251",
          "utterance": "정말요?ㅎㅎ 사람은 거기 많이 있나요??",
          "summary": "",
          "date": "2022-09-29",
          "time": "08:38:49",
          "terminate": "false"
        },
        {
          "speaker": "speaker1",
          "personaID": "21766",
          "participantID": "0133",
          "utterance": "막 육아를 시작한 신혼부부들이 많더라고요!",
          "summary": "",
          "date": "2022-09-29",
          "time": "08:39:07",
          "terminate": "false"
        },
        {
          "speaker": "speaker2",
          "personaID": "21144",
          "participantID": "0251",
          "utterance": "우와ㅋㅋㅋ 저도 가끔가다 보는데 참 대단하더라고요.",
          "summary": "나는 육아를 시작한 신혼부부를 대단하다고 생각한다.",
          "date": "2022-09-29",
          "time": "08:39:21",
          "terminate": "false"
        },
        {
          "speaker": "speaker1",
          "personaID": "21766",
          "participantID": "0133",
          "utterance": "그쵸? 전 아직 결혼도 안 했는데 육아하는 커플들이 너무 많더라고요.",
          "summary": "나는 아직 결혼을 안 했다.",
          "date": "2022-09-29",
          "time": "08:39:46",
          "terminate": "false"
        },
        {
          "speaker": "speaker2",
          "personaID": "21144",
          "participantID": "0251",
          "utterance": "저도 사실 아직까진 결혼 생각이 없어요ㅎㅎ 즐길 게 너무 많아서요.",
          "summary": "나는 아직 결혼 생각이 없다.",
          "date": "2022-09-29",
          "time": "08:39:55",
          "terminate": "false"
        },
        {
          "speaker": "speaker1",
          "personaID": "21766",
          "participantID": "0133",
          "utterance": "육아가 힘들긴 하지만 내 아이라면 가능할 것 같기도 해요ㅋㅋ.",
          "summary": "나는 내 아이라면 육아할 수 있겠다고 생각한다.",
          "date": "2022-09-29",
          "time": "08:40:09",
          "terminate": "false"
        },
        {
          "speaker": "speaker2",
          "personaID": "21144",
          "participantID": "0251",
          "utterance": "그런가요?ㅎㅎ 전 가능만 하다면 비혼을 하고 싶었는데...",
          "summary": "나는 비혼을 하고 싶다.",
          "date": "2022-09-29",
          "time": "08:40:23",
          "terminate": "false"
        },
        {
          "speaker": "speaker1",
          "personaID": "21766",
          "participantID": "0133",
          "utterance": "그것도 나쁘지 않죠ㅋㅋㅋ 이번엔 육아 관련 에세이 읽어봐야겠어요.",
          "summary": "나는 육아 관련 에세이를 읽을 것이다.",
          "date": "2022-09-29",
          "time": "08:40:31",
          "terminate": "false"
        },
        {
          "speaker": "speaker2",
          "personaID": "21144",
          "participantID": "0251",
          "utterance": "육아 관련 에세이 좋죠!! 현실적으로 다가올 것 같네요.",
          "summary": "",
          "date": "2022-09-29",
          "time": "08:40:48",
          "terminate": "false"
        },
        {
          "speaker": "speaker1",
          "personaID": "21766",
          "participantID": "0133",
          "utterance": "네네ㅎㅎㅎ 같이 공원 산책 끝나고 서점에 가실래요?",
          "summary": "나는 산책 끝나고 서점에 가고 싶다.",
          "date": "2022-09-29",
          "time": "08:40:57",
          "terminate": "false"
        },
        {
          "speaker": "speaker2",
          "personaID": "21144",
          "participantID": "0251",
          "utterance": "좋아요!ㅋㅋ 함께 육아 에세이 찾아봅시다.",
          "summary": "",
          "date": "2022-09-29",
          "time": "08:41:21",
          "terminate": "true"
        }
      ],
      "sessionPersonaSummary": {
        "speaker1": [
          "나는 지금 공원이다.",
          "나는 아직 결혼을 안 했다.",
          "나는 내 아이라면 육아할 수 있겠다고 생각한다.",
          "나는 육아 관련 에세이를 읽을 것이다.",
          "나는 산책 끝나고 서점에 가고 싶다."
        ],
        "speaker2": [
          "나는 DSLR을 갖고 공원에 갈 것이다.",
          "나는 청소를 어쩔 수 없이 했다.",
          "나는 육아를 시작한 신혼부부를 대단하다고 생각한다.",
          "나는 아직 결혼 생각이 없다.",
          "나는 비혼을 하고 싶다."
        ]
      },
      "prevAggregatedpersonaSummary": {
        "speaker1": [
          "나는 20대 여자다.",
          "나는 @브랜드명1@그램을 안 한다. 나는 에세이를 꾸준히 읽는다.",
          "나는 주말에 공원을 간다.",
          "나는 작은 것까지 확인한다.",
          "나는 집안 청소를 하면 마음이 개운해진다."
        ],
        "speaker2": [
          "나는 20대 남자다.",
          "나는 인플루언서다. 나는 점심에 @브랜드명1@그램에 사진을 올린다.",
          "나는 SNS 중독이다.",
          "나는 집안 청소를 미리 해놔야겠다고 생각한다.",
          "나는 청소하는 걸 싫어한다.",
          "나는 헬스를 너무 싫어한다."
        ]
      }
    }
  ]
}