{
  "FileInfo": {
    "filename": "K2-00216-CL40064-CP34155-04-02-S2.json",
    "sessionLevel": "2"
  },
  "participantsInfo": {
    "numberOfParticipants": "2",
    "speaker1": {
      "participantID": "0665",
      "gender": "남성",
      "age": "40대",
      "occupation": "자영업",
      "bPlace": "부산/대구/울산/경상",
      "gPlace": "부산/대구/울산/경상",
      "rPlace": "부산/대구/울산/경상",
      "educationLevel": "대졸"
    },
    "speaker2": {
      "participantID": "0736",
      "gender": "여성",
      "age": "30대",
      "occupation": "주부",
      "bPlace": "서울/경기/인천",
      "gPlace": "서울/경기/인천",
      "rPlace": "서울/경기/인천",
      "educationLevel": "대졸"
    }
  },
  "multisessionInfo": {
    "multisessionID": "2-00216"
  },
  "personaInfo": {
    "clInfo": {
      "personaID": "40064",
      "personaFeatures": [
        "나는 남자이다.",
        "나는 40대이다.",
        "나는 의상 디자이너이다.",
        "나는 배구를 싫어한다.",
        "나는 커피를 매일 2잔 이상 마신다."
      ],
      "speakerType": "speaker1"
    },
    "cpInfo": {
      "personaID": "34155",
      "personaFeatures": [
        "나는 여자이다.",
        "나는 30대이다.",
        "나는 K-POP 음악을 가끔 듣는다.",
        "나는 경리사무원이다.",
        "나는 가끔 만족스럽다.",
        "나는 해물찜을 안 먹는다."
      ],
      "speakerType": "speaker2"
    }
  },
  "topicInfo": {
    "topicID": "04-02",
    "topicType": "일과 직업>회사/아르바이트",
    "topicTitle": "아르바이트"
  },
  "sessionInfo": [
    {
      "prevSessionID": null,
      "prevTimeInfo": {
        "timeNum": null,
        "timeUnit": null
      },
      "nthSession": "1",
      "numberOfUtterances": "16",
      "numberOfTurns": "8",
      "sessionID": "2-00216-1",
      "dialog": [
        {
          "speaker": "speaker1",
          "personaID": "40064",
          "participantID": "0665",
          "utterance": "안녕하십니까~ 저는 의상디자이너일을하고있는 40대 남자입니다.",
          "summary": "나는 의상 디자이너이다. 나는 40대 남자다.",
          "date": "2022-10-11",
          "time": "00:19:49",
          "terminate": "false"
        },
        {
          "speaker": "speaker2",
          "personaID": "34155",
          "participantID": "0736",
          "utterance": "안녕하세요. 저는 경리일을 하고 30대 여자입니다^^",
          "summary": "나는 경리 일을 한다. 나는 30대 여자다.",
          "date": "2022-10-11",
          "time": "00:19:56",
          "terminate": "false"
        },
        {
          "speaker": "speaker1",
          "personaID": "40064",
          "participantID": "0665",
          "utterance": "반갑습니다. 저 커피 매일2잔이상씩 마시는데, 줄여야겠죠?",
          "summary": "나는 커피를 매일 2잔 이상씩 마신다.",
          "date": "2022-10-11",
          "time": "00:20:06",
          "terminate": "false"
        },
        {
          "speaker": "speaker2",
          "personaID": "34155",
          "participantID": "0736",
          "utterance": "2잔이면 컵 크기가 어느정돈데요?",
          "summary": "",
          "date": "2022-10-11",
          "time": "00:20:12",
          "terminate": "false"
        },
        {
          "speaker": "speaker1",
          "personaID": "40064",
          "participantID": "0665",
          "utterance": "500미리정도? 될거같아요. 보온병에다가 마셔서요.",
          "summary": "나는 500미리 보온병에다가 커피를 마신다.",
          "date": "2022-10-11",
          "time": "00:20:23",
          "terminate": "false"
        },
        {
          "speaker": "speaker2",
          "personaID": "34155",
          "participantID": "0736",
          "utterance": "아 그러면 좀 줄이시는게.. 부작용없어요?",
          "summary": "",
          "date": "2022-10-11",
          "time": "00:20:31",
          "terminate": "false"
        },
        {
          "speaker": "speaker1",
          "personaID": "40064",
          "participantID": "0665",
          "utterance": "딱히 없네요. 근데 건강이 걱정되어서요.",
          "summary": "나는 건강이 걱정된다.",
          "date": "2022-10-11",
          "time": "00:20:40",
          "terminate": "false"
        },
        {
          "speaker": "speaker2",
          "personaID": "34155",
          "participantID": "0736",
          "utterance": "그럼 조금 줄여봐요~ 저는 케이팝음악 들으면서 퇴근하는중~",
          "summary": "나는 케이팝 음악을 듣는다.",
          "date": "2022-10-11",
          "time": "00:20:54",
          "terminate": "false"
        },
        {
          "speaker": "speaker1",
          "personaID": "40064",
          "participantID": "0665",
          "utterance": "오오 퇴근이 이르네요. 저녁은먹었어요?",
          "summary": "",
          "date": "2022-10-11",
          "time": "00:21:32",
          "terminate": "false"
        },
        {
          "speaker": "speaker2",
          "personaID": "34155",
          "participantID": "0736",
          "utterance": "아녀, 동료들이 해물찜시켜먹어서 안먹었어요. 배고프네요.",
          "summary": "나는 해물찜을 안 먹는다.",
          "date": "2022-10-11",
          "time": "00:21:41",
          "terminate": "false"
        },
        {
          "speaker": "speaker1",
          "personaID": "40064",
          "participantID": "0665",
          "utterance": "얼른가서저녁먹어요. 배고프겟다.",
          "summary": "",
          "date": "2022-10-11",
          "time": "00:21:46",
          "terminate": "false"
        },
        {
          "speaker": "speaker2",
          "personaID": "34155",
          "participantID": "0736",
          "utterance": "네 그럴려고요. 퇴근이 이른거 너무 만족스러워요 헤헤.",
          "summary": "나는 가끔 만족스럽다.",
          "date": "2022-10-11",
          "time": "00:21:59",
          "terminate": "false"
        },
        {
          "speaker": "speaker1",
          "personaID": "40064",
          "participantID": "0665",
          "utterance": "ㅋㅋ 그럴거같아요 부럽당. 나도빨리퇴근..ㅠㅠ.",
          "summary": "나는 빨리 퇴근하고 싶다.",
          "date": "2022-10-11",
          "time": "00:22:05",
          "terminate": "false"
        },
        {
          "speaker": "speaker2",
          "personaID": "34155",
          "participantID": "0736",
          "utterance": "허리업!! 님은 몇시에 퇴근하세요?",
          "summary": "",
          "date": "2022-10-11",
          "time": "00:22:11",
          "terminate": "false"
        },
        {
          "speaker": "speaker1",
          "personaID": "40064",
          "participantID": "0665",
          "utterance": "저는 아직 멀어써요.. 조심히들어가세요.",
          "summary": "나는 퇴근시간이 늦다.",
          "date": "2022-10-11",
          "time": "00:22:35",
          "terminate": "false"
        },
        {
          "speaker": "speaker2",
          "personaID": "34155",
          "participantID": "0736",
          "utterance": "넹 나중에 또 연락해요~들어갈게요~",
          "summary": "",
          "date": "2022-10-11",
          "time": "00:22:39",
          "terminate": "true"
        }
      ],
      "sessionPersonaSummary": {
        "speaker1": [
          "나는 의상 디자이너이다. 나는 40대 남자다.",
          "나는 커피를 매일 2잔 이상씩 마신다.",
          "나는 500미리 보온병에다가 커피를 마신다.",
          "나는 건강이 걱정된다.",
          "나는 빨리 퇴근하고 싶다.",
          "나는 퇴근시간이 늦다."
        ],
        "speaker2": [
          "나는 경리 일을 한다. 나는 30대 여자다.",
          "나는 케이팝 음악을 듣는다.",
          "나는 해물찜을 안 먹는다.",
          "나는 가끔 만족스럽다."
        ]
      },
      "prevAggregatedpersonaSummary": {
        "speaker1": [],
        "speaker2": []
      }
    },
    {
      "prevSessionID": "2-00216-1",
      "prevTimeInfo": {
        "timeNum": "3",
        "timeUnit": "시간"
      },
      "nthSession": "2",
      "numberOfUtterances": "16",
      "numberOfTurns": "8",
      "sessionID": "2-00216-2",
      "dialog": [
        {
          "speaker": "speaker1",
          "personaID": "40064",
          "participantID": "0665",
          "utterance": "집에 조심히 가셨어요? 3시간지났는뎅.",
          "summary": "",
          "date": "2022-10-11",
          "time": "00:23:27",
          "terminate": "false"
        },
        {
          "speaker": "speaker2",
          "personaID": "34155",
          "participantID": "0736",
          "utterance": "저는 집에서 스파게티해먹고있어요. 님은 지금 일중이에요?",
          "summary": "나는 스파게티를 해 먹고 있다.",
          "date": "2022-10-11",
          "time": "00:23:33",
          "terminate": "false"
        },
        {
          "speaker": "speaker1",
          "personaID": "40064",
          "participantID": "0665",
          "utterance": "저도 퇴근햇지롱요 근데 또 가야돼요.",
          "summary": "",
          "date": "2022-10-11",
          "time": "00:23:41",
          "terminate": "false"
        },
        {
          "speaker": "speaker2",
          "personaID": "34155",
          "participantID": "0736",
          "utterance": "에엥 ~어디가요? 약속있으세요?",
          "summary": "",
          "date": "2022-10-11",
          "time": "00:23:47",
          "terminate": "false"
        },
        {
          "speaker": "speaker1",
          "personaID": "40064",
          "participantID": "0665",
          "utterance": "아뇨..저 아르바이트하러요..",
          "summary": "나는 아르바이트를 한다.",
          "date": "2022-10-11",
          "time": "00:23:56",
          "terminate": "false"
        },
        {
          "speaker": "speaker2",
          "personaID": "34155",
          "participantID": "0736",
          "utterance": "몸이 남아도나요?ㄷ ㄷ 그래서 커피를 많이 드시는건가..",
          "summary": "",
          "date": "2022-10-11",
          "time": "00:24:01",
          "terminate": "false"
        },
        {
          "speaker": "speaker1",
          "personaID": "40064",
          "participantID": "0665",
          "utterance": "자꾸 커피를 마시게되더라구요. 피곤해서그런가봐요.",
          "summary": "나는 자꾸 커피를 마시게 된다.",
          "date": "2022-10-11",
          "time": "00:24:09",
          "terminate": "false"
        },
        {
          "speaker": "speaker2",
          "personaID": "34155",
          "participantID": "0736",
          "utterance": "ㅠㅠ 힘들거같아요. 돈때문에 하는거죠?",
          "summary": "",
          "date": "2022-10-11",
          "time": "00:24:16",
          "terminate": "false"
        },
        {
          "speaker": "speaker1",
          "personaID": "40064",
          "participantID": "0665",
          "utterance": "그렇죠뭐.. 님은 일이 만족스러우세요?",
          "summary": "나는 돈 때문에 아르바이트를 한다.",
          "date": "2022-10-11",
          "time": "00:24:22",
          "terminate": "false"
        },
        {
          "speaker": "speaker2",
          "personaID": "34155",
          "participantID": "0736",
          "utterance": "네 저는 이정도만 벌어도 만족해요.",
          "summary": "나는 급여에 만족한다.",
          "date": "2022-10-11",
          "time": "00:24:34",
          "terminate": "false"
        },
        {
          "speaker": "speaker1",
          "personaID": "40064",
          "participantID": "0665",
          "utterance": "에효. 저는 욕심이 많아서그런가.. 아 그리고 사장이 자꾸 배구같이하는데 짜증나 죽겠어요.",
          "summary": "나는 배구를 싫어한다.",
          "date": "2022-10-11",
          "time": "00:24:40",
          "terminate": "false"
        },
        {
          "speaker": "speaker2",
          "personaID": "34155",
          "participantID": "0736",
          "utterance": "사장님이 배구같이하재요? 왜요?",
          "summary": "",
          "date": "2022-10-11",
          "time": "00:24:47",
          "terminate": "false"
        },
        {
          "speaker": "speaker1",
          "personaID": "40064",
          "participantID": "0665",
          "utterance": "몰라요.. 같이할 사람이 없나봐요..ㅋㅋ.",
          "summary": "",
          "date": "2022-10-11",
          "time": "00:24:58",
          "terminate": "false"
        },
        {
          "speaker": "speaker2",
          "personaID": "34155",
          "participantID": "0736",
          "utterance": "허 ㅋㅋ 그래도 직원한테... 많이하고싶으신가보다.",
          "summary": "",
          "date": "2022-10-11",
          "time": "00:25:13",
          "terminate": "false"
        },
        {
          "speaker": "speaker1",
          "personaID": "40064",
          "participantID": "0665",
          "utterance": "그러게요. 에휴. 오늘도 하루가 마무리되려면 멀었네요..다녀올게요.",
          "summary": "",
          "date": "2022-10-11",
          "time": "00:25:27",
          "terminate": "false"
        },
        {
          "speaker": "speaker2",
          "personaID": "34155",
          "participantID": "0736",
          "utterance": "고생이많으셔요 ㅠ 커피줄이라는말 취소할게요 ㅠ 조심히다녀오세요.",
          "summary": "",
          "date": "2022-10-11",
          "time": "00:25:50",
          "terminate": "true"
        }
      ],
      "sessionPersonaSummary": {
        "speaker1": [
          "나는 아르바이트를 한다.",
          "나는 자꾸 커피를 마시게 된다.",
          "나는 돈 때문에 아르바이트를 한다.",
          "나는 배구를 싫어한다."
        ],
        "speaker2": [
          "나는 스파게티를 해 먹고 있다.",
          "나는 급여에 만족한다."
        ]
      },
      "prevAggregatedpersonaSummary": {
        "speaker1": [
          "나는 의상 디자이너이다. 나는 40대 남자다.",
          "나는 커피를 매일 2잔 이상씩 마신다.",
          "나는 500미리 보온병에다가 커피를 마신다.",
          "나는 건강이 걱정된다.",
          "나는 빨리 퇴근하고 싶다.",
          "나는 퇴근시간이 늦다."
        ],
        "speaker2": [
          "나는 경리 일을 한다. 나는 30대 여자다.",
          "나는 케이팝 음악을 듣는다.",
          "나는 해물찜을 안 먹는다.",
          "나는 가끔 만족스럽다."
        ]
      }
    }
  ]
}