{
  "FileInfo": {
    "filename": "K2-00458-CL31938-CP31147-19-06-S2.json",
    "sessionLevel": "2"
  },
  "participantsInfo": {
    "numberOfParticipants": "2",
    "speaker1": {
      "participantID": "0287",
      "gender": "여성",
      "age": "30대",
      "occupation": "판매직",
      "bPlace": "서울/경기/인천",
      "gPlace": "서울/경기/인천",
      "rPlace": "서울/경기/인천",
      "educationLevel": "대졸"
    },
    "speaker2": {
      "participantID": "0451",
      "gender": "남성",
      "age": "30대",
      "occupation": "기타",
      "bPlace": "서울/경기/인천",
      "gPlace": "서울/경기/인천",
      "rPlace": "서울/경기/인천",
      "educationLevel": "대졸"
    }
  },
  "multisessionInfo": {
    "multisessionID": "2-00458"
  },
  "personaInfo": {
    "clInfo": {
      "personaID": "31938",
      "personaFeatures": [
        "나는 여자이다.",
        "나는 30대이다.",
        "나는 수학교육과를 전공했다.",
        "나는 자주 상처를 받는다.",
        "나는 하얀색을 좋아한다."
      ],
      "speakerType": "speaker1"
    },
    "cpInfo": {
      "personaID": "31147",
      "personaFeatures": [
        "나는 남자이다.",
        "나는 30대이다.",
        "나의 거주지는 동해이다.",
        "나는 자주 화가 난다.",
        "나는 TV 시사 프로그램을 자주 본다."
      ],
      "speakerType": "speaker2"
    }
  },
  "topicInfo": {
    "topicID": "19-06",
    "topicType": "예술문화 생활>방송/연예",
    "topicTitle": "라디오"
  },
  "sessionInfo": [
    {
      "prevSessionID": null,
      "prevTimeInfo": {
        "timeNum": null,
        "timeUnit": null
      },
      "nthSession": "1",
      "numberOfUtterances": "18",
      "numberOfTurns": "9",
      "sessionID": "2-00458-1",
      "dialog": [
        {
          "speaker": "speaker1",
          "personaID": "31938",
          "participantID": "0287",
          "utterance": "반가워요 저는 30대 여자입니다 이렇게 인사하는게 맞나요?",
          "summary": "나는 30대 여자이다.",
          "date": "2022-09-28",
          "time": "15:11:46",
          "terminate": "false"
        },
        {
          "speaker": "speaker2",
          "personaID": "31147",
          "participantID": "0451",
          "utterance": "안녕하세요~ 저는 30대 남자입니다 처음뵙겠습니다!",
          "summary": "나는 30대 남자이다.",
          "date": "2022-09-28",
          "time": "15:12:10",
          "terminate": "false"
        },
        {
          "speaker": "speaker1",
          "personaID": "31938",
          "participantID": "0287",
          "utterance": "오 남성분이시군요~ 그래도 동년배를 만난거 같아 마음은 편안하네요.",
          "summary": "",
          "date": "2022-09-28",
          "time": "15:12:34",
          "terminate": "false"
        },
        {
          "speaker": "speaker2",
          "personaID": "31147",
          "participantID": "0451",
          "utterance": "저도 왠지 대화가 잘통할거 같아서 좋네요!",
          "summary": "",
          "date": "2022-09-28",
          "time": "15:12:58",
          "terminate": "false"
        },
        {
          "speaker": "speaker1",
          "personaID": "31938",
          "participantID": "0287",
          "utterance": "제가 호칭을 그냥 선생님이라고 부르겠습니다.",
          "summary": "",
          "date": "2022-09-28",
          "time": "15:13:22",
          "terminate": "false"
        },
        {
          "speaker": "speaker2",
          "personaID": "31147",
          "participantID": "0451",
          "utterance": "네 좋아요~ 저는 동해에 사는데 선생님은 어디 사시나요?",
          "summary": "나의 거주지는 동해이다.",
          "date": "2022-09-28",
          "time": "15:13:46",
          "terminate": "false"
        },
        {
          "speaker": "speaker1",
          "personaID": "31938",
          "participantID": "0287",
          "utterance": "동해요? 그 동해바다할때 동해인가? 저는 서울에 살고있어요.",
          "summary": "나의 거주지는 서울이다.",
          "date": "2022-09-28",
          "time": "15:14:10",
          "terminate": "false"
        },
        {
          "speaker": "speaker2",
          "personaID": "31147",
          "participantID": "0451",
          "utterance": "선생님은 어떤일하시는 분이세요~?",
          "summary": "",
          "date": "2022-09-28",
          "time": "15:14:34",
          "terminate": "false"
        },
        {
          "speaker": "speaker1",
          "personaID": "31938",
          "participantID": "0287",
          "utterance": "저는 수학교육과를 나와서~ 지금 수학강사로 일하고 있습니다.",
          "summary": "",
          "date": "2022-09-28",
          "time": "15:14:58",
          "terminate": "false"
        },
        {
          "speaker": "speaker2",
          "personaID": "31147",
          "participantID": "0451",
          "utterance": "강사로 일하시면 힘들지 않나요? 기빨릴거 같아요!",
          "summary": "나는 수학교육과를 전공했다. 나는 수학강사이다.",
          "date": "2022-09-28",
          "time": "15:15:22",
          "terminate": "false"
        },
        {
          "speaker": "speaker1",
          "personaID": "31938",
          "participantID": "0287",
          "utterance": "힘들긴하죠~ 요즘애들은 옛날같지 않아서 제 앞에서 욕도 합니다..",
          "summary": "",
          "date": "2022-09-28",
          "time": "15:15:46",
          "terminate": "false"
        },
        {
          "speaker": "speaker2",
          "personaID": "31147",
          "participantID": "0451",
          "utterance": "욕도하나요? 갑자기 화가나네요! 버릇을 고쳐주고싶네요.",
          "summary": "나는 자주 화가 난다.",
          "date": "2022-09-28",
          "time": "15:16:10",
          "terminate": "false"
        },
        {
          "speaker": "speaker1",
          "personaID": "31938",
          "participantID": "0287",
          "utterance": "워워 진정해주세요 그래서 요즘 상처를 밥먹듯이 받고 있네요.",
          "summary": "나는 자주 상처를 받는다.",
          "date": "2022-09-28",
          "time": "15:16:34",
          "terminate": "false"
        },
        {
          "speaker": "speaker2",
          "personaID": "31147",
          "participantID": "0451",
          "utterance": "그런거는 신경쓰지말고 한귀로 듣고 흘리세요~",
          "summary": "",
          "date": "2022-09-28",
          "time": "15:16:58",
          "terminate": "false"
        },
        {
          "speaker": "speaker1",
          "personaID": "31938",
          "participantID": "0287",
          "utterance": "밥얘기나와서 배고픈걸 보니 벌써 점심시간이네요~ 식사는 하셨나요?",
          "summary": "",
          "date": "2022-09-28",
          "time": "15:17:22",
          "terminate": "false"
        },
        {
          "speaker": "speaker2",
          "personaID": "31147",
          "participantID": "0451",
          "utterance": "아니요~ 너무 배고프네요 밥먹고와야겠어요^^",
          "summary": "",
          "date": "2022-09-28",
          "time": "15:17:46",
          "terminate": "false"
        },
        {
          "speaker": "speaker1",
          "personaID": "31938",
          "participantID": "0287",
          "utterance": "그럼 우리 식사하고 다시 이야기 나눠봐요.",
          "summary": "",
          "date": "2022-09-28",
          "time": "15:18:10",
          "terminate": "false"
        },
        {
          "speaker": "speaker2",
          "personaID": "31147",
          "participantID": "0451",
          "utterance": "네 좋아요 그럼 식사 맛있게 드세요^^",
          "summary": "",
          "date": "2022-09-28",
          "time": "15:18:34",
          "terminate": "true"
        }
      ],
      "sessionPersonaSummary": {
        "speaker1": [
          "나는 30대 여자이다.",
          "나의 거주지는 서울이다.",
          "나는 자주 상처를 받는다."
        ],
        "speaker2": [
          "나는 30대 남자이다.",
          "나의 거주지는 동해이다.",
          "나는 수학교육과를 전공했다. 나는 수학강사이다.",
          "나는 자주 화가 난다."
        ]
      },
      "prevAggregatedpersonaSummary": {
        "speaker1": [],
        "speaker2": []
      }
    },
    {
      "prevSessionID": "2-00458-1",
      "prevTimeInfo": {
        "timeNum": "1",
        "timeUnit": "시간"
      },
      "nthSession": "2",
      "numberOfUtterances": "18",
      "numberOfTurns": "9",
      "sessionID": "2-00458-2",
      "dialog": [
        {
          "speaker": "speaker1",
          "personaID": "31938",
          "participantID": "0287",
          "utterance": "점심시간 한시간은 너무 짧아요~ 식사는 맛있게 했나요?",
          "summary": "",
          "date": "2022-09-28",
          "time": "15:19:22",
          "terminate": "false"
        },
        {
          "speaker": "speaker2",
          "personaID": "31147",
          "participantID": "0451",
          "utterance": "네 밥먹고 지금 커피한잔마시고있었어요^^",
          "summary": "",
          "date": "2022-09-28",
          "time": "15:19:46",
          "terminate": "false"
        },
        {
          "speaker": "speaker1",
          "personaID": "31938",
          "participantID": "0287",
          "utterance": "저는 너무 졸려서 라디오를 듣고있어요~ 선생님도 라디오 들으시나요?",
          "summary": "",
          "date": "2022-09-28",
          "time": "15:20:10",
          "terminate": "false"
        },
        {
          "speaker": "speaker2",
          "personaID": "31147",
          "participantID": "0451",
          "utterance": "저는tv 시사프로그램을 좋아하는데 시사프로그램만 들어요!",
          "summary": "나는 TV 시사 프로그램을 자주 본다.",
          "date": "2022-09-28",
          "time": "15:20:34",
          "terminate": "false"
        },
        {
          "speaker": "speaker1",
          "personaID": "31938",
          "participantID": "0287",
          "utterance": "아 시사프로그램만 들으시는군요~ 정말 유식한거 같아요!",
          "summary": "",
          "date": "2022-09-28",
          "time": "15:20:58",
          "terminate": "false"
        },
        {
          "speaker": "speaker2",
          "personaID": "31147",
          "participantID": "0451",
          "utterance": "선생님은 어떤 라디오 자주들으세요?",
          "summary": "",
          "date": "2022-09-28",
          "time": "15:21:22",
          "terminate": "false"
        },
        {
          "speaker": "speaker1",
          "personaID": "31938",
          "participantID": "0287",
          "utterance": "저는 @이름1@쇼들어요~ 그냥 생각없이 들으면 피식하고 웃게 되더라구요.",
          "summary": "",
          "date": "2022-09-28",
          "time": "15:21:46",
          "terminate": "false"
        },
        {
          "speaker": "speaker2",
          "personaID": "31147",
          "participantID": "0451",
          "utterance": "@이름1@쇼 굉장히 유명하잖아요! sns짤로 가끔봤어요!",
          "summary": "",
          "date": "2022-09-28",
          "time": "15:22:10",
          "terminate": "false"
        },
        {
          "speaker": "speaker1",
          "personaID": "31938",
          "participantID": "0287",
          "utterance": "지금 라디오 사연에서 하얀 와이셔츠입은 여자분이 데이트로 떡볶이 먹으러갔대요.",
          "summary": "",
          "date": "2022-09-28",
          "time": "15:22:34",
          "terminate": "false"
        },
        {
          "speaker": "speaker2",
          "personaID": "31147",
          "participantID": "0451",
          "utterance": "정말요? 하얀색을 좋아하지만 떡볶이먹을대 불안할거같아요!",
          "summary": "나는 하얀색을 좋아한다.",
          "date": "2022-09-28",
          "time": "15:22:58",
          "terminate": "false"
        },
        {
          "speaker": "speaker1",
          "personaID": "31938",
          "participantID": "0287",
          "utterance": "하얀색을 좋아해도 떡볶이는 먹는건 불가능할 일이네요~",
          "summary": "",
          "date": "2022-09-28",
          "time": "15:23:22",
          "terminate": "false"
        },
        {
          "speaker": "speaker2",
          "personaID": "31147",
          "participantID": "0451",
          "utterance": "왜요? 먹을수 있지않나요? 저는 상관없을거 같은데요?",
          "summary": "",
          "date": "2022-09-28",
          "time": "15:23:46",
          "terminate": "false"
        },
        {
          "speaker": "speaker1",
          "personaID": "31938",
          "participantID": "0287",
          "utterance": "저같이 털렁이들은 옷에 뭘 잘 흘리거든요~ 그런데 꼭 하얀색을 좋아해서 하얀옷만 입어요~",
          "summary": "나는 하얀색을 좋아한다.",
          "date": "2022-09-28",
          "time": "15:24:10",
          "terminate": "false"
        },
        {
          "speaker": "speaker2",
          "personaID": "31147",
          "participantID": "0451",
          "utterance": "그러시군요 그럼 음식먹을때 신경많이 쓰겠어요!",
          "summary": "",
          "date": "2022-09-28",
          "time": "15:24:34",
          "terminate": "false"
        },
        {
          "speaker": "speaker1",
          "personaID": "31938",
          "participantID": "0287",
          "utterance": "떡볶이 얘기나오니까 갑자기 떡볶이가 먹고싶네요~",
          "summary": "나는 떡볶이를 좋아한다.",
          "date": "2022-09-28",
          "time": "15:24:58",
          "terminate": "false"
        },
        {
          "speaker": "speaker2",
          "personaID": "31147",
          "participantID": "0451",
          "utterance": "저도요~ 그럼 오늘 저녁을 떡볶이 먹는걸로 해야겠어요!",
          "summary": "",
          "date": "2022-09-28",
          "time": "15:25:22",
          "terminate": "false"
        },
        {
          "speaker": "speaker1",
          "personaID": "31938",
          "participantID": "0287",
          "utterance": "그럼 우리 퇴근시간까지 조금만 버팁시다~ 저는 업무 끝내고 올게요!",
          "summary": "",
          "date": "2022-09-28",
          "time": "15:25:46",
          "terminate": "false"
        },
        {
          "speaker": "speaker2",
          "personaID": "31147",
          "participantID": "0451",
          "utterance": "네! 힘냅시다 그럼 오늘 하루로 마무리 잘하세요~",
          "summary": "",
          "date": "2022-09-28",
          "time": "15:26:10",
          "terminate": "true"
        }
      ],
      "sessionPersonaSummary": {
        "speaker1": [
          "나는 하얀색을 좋아한다.",
          "나는 떡볶이를 좋아한다."
        ],
        "speaker2": [
          "나는 TV 시사 프로그램을 자주 본다.",
          "나는 하얀색을 좋아한다."
        ]
      },
      "prevAggregatedpersonaSummary": {
        "speaker1": [
          "나는 30대 여자이다.",
          "나의 거주지는 서울이다.",
          "나는 자주 상처를 받는다."
        ],
        "speaker2": [
          "나는 30대 남자이다.",
          "나의 거주지는 동해이다.",
          "나는 수학교육과를 전공했다. 나는 수학강사이다.",
          "나는 자주 화가 난다."
        ]
      }
    }
  ]
}