{
  "FileInfo": {
    "filename": "K2-00437-CL04041-CP00366-01-06-S2.json",
    "sessionLevel": "2"
  },
  "participantsInfo": {
    "numberOfParticipants": "2",
    "speaker1": {
      "participantID": "0037",
      "gender": "여성",
      "age": "40대",
      "occupation": "무직",
      "bPlace": "부산/대구/울산/경상",
      "gPlace": "부산/대구/울산/경상",
      "rPlace": "부산/대구/울산/경상",
      "educationLevel": "대졸"
    },
    "speaker2": {
      "participantID": "0087",
      "gender": "여성",
      "age": "30대",
      "occupation": "사무직",
      "bPlace": "서울/경기/인천",
      "gPlace": "서울/경기/인천",
      "rPlace": "서울/경기/인천",
      "educationLevel": "대졸"
    }
  },
  "multisessionInfo": {
    "multisessionID": "2-00437"
  },
  "personaInfo": {
    "clInfo": {
      "personaID": "04041",
      "personaFeatures": [
        "나는 여자이다.",
        "나는 40대이다.",
        "나의 거주지는 서울이다.",
        "나는 요즘, 항상 편안하다.",
        "나는 파전을 좋아한다."
      ],
      "speakerType": "speaker1"
    },
    "cpInfo": {
      "personaID": "00366",
      "personaFeatures": [
        "나는 여자이다.",
        "나는 30대이다.",
        "나는 응급 구조사이다.",
        "나는 팝 음악을 자주 듣는다.",
        "나는 김치찌개를 좋아한다."
      ],
      "speakerType": "speaker2"
    }
  },
  "topicInfo": {
    "topicID": "01-06",
    "topicType": "식음료",
    "topicTitle": "배달"
  },
  "sessionInfo": [
    {
      "prevSessionID": null,
      "prevTimeInfo": {
        "timeNum": null,
        "timeUnit": null
      },
      "nthSession": "1",
      "numberOfUtterances": "14",
      "numberOfTurns": "7",
      "sessionID": "2-00437-1",
      "dialog": [
        {
          "speaker": "speaker1",
          "personaID": "04041",
          "participantID": "0037",
          "utterance": "안녕하세요 저는 서울에 살고 있는 40대 여자 입니다.",
          "summary": "너는 서울에 사는 40대 여자이다.",
          "date": "2022-08-18",
          "time": "23:32:19",
          "terminate": "false"
        },
        {
          "speaker": "speaker2",
          "personaID": "00366",
          "participantID": "0087",
          "utterance": "반갑습니다 저는 응급구조사 30대 여자 입니다.",
          "summary": "나는 응급 구조사 30대 여자이다.",
          "date": "2022-08-18",
          "time": "23:32:31",
          "terminate": "false"
        },
        {
          "speaker": "speaker1",
          "personaID": "04041",
          "participantID": "0037",
          "utterance": "엄청 보람된 일을 하시네요 많은 사람을 구조 하셨겠네요.",
          "summary": "나는 응급구조사가 보람된 일이라고 생각한다.",
          "date": "2022-08-18",
          "time": "23:32:53",
          "terminate": "false"
        },
        {
          "speaker": "speaker2",
          "personaID": "00366",
          "participantID": "0087",
          "utterance": "그렇지요 정말 보람된 일이라고 생각합니다.",
          "summary": "나는 보람된 일이라고 생각한다.",
          "date": "2022-08-18",
          "time": "23:33:07",
          "terminate": "false"
        },
        {
          "speaker": "speaker1",
          "personaID": "04041",
          "participantID": "0037",
          "utterance": "저는 전업주부입니다 좋아하는 음식이 있으신가요.",
          "summary": "나는 전업주부이다.",
          "date": "2022-08-18",
          "time": "23:33:47",
          "terminate": "false"
        },
        {
          "speaker": "speaker2",
          "personaID": "00366",
          "participantID": "0087",
          "utterance": "네 저는 김치찌개를 정말 좋아합니다.",
          "summary": "나는 김치찌개를 정말 좋아한다.",
          "date": "2022-08-18",
          "time": "23:33:58",
          "terminate": "false"
        },
        {
          "speaker": "speaker1",
          "personaID": "04041",
          "participantID": "0037",
          "utterance": "저는 파전을 좋아해요 가끔 동동주도 마시고요.",
          "summary": "나는 파전과 동동주를 좋아한다.",
          "date": "2022-08-18",
          "time": "23:34:22",
          "terminate": "false"
        },
        {
          "speaker": "speaker2",
          "personaID": "00366",
          "participantID": "0087",
          "utterance": "우와 맛있겠네요 도토리묵도 좋지요.",
          "summary": "나는 도토리묵도 좋다.",
          "date": "2022-08-18",
          "time": "23:34:46",
          "terminate": "false"
        },
        {
          "speaker": "speaker1",
          "personaID": "04041",
          "participantID": "0037",
          "utterance": "맞아요 배달 음식도 많이 시켜 먹나요.",
          "summary": "",
          "date": "2022-08-18",
          "time": "23:35:07",
          "terminate": "false"
        },
        {
          "speaker": "speaker2",
          "personaID": "00366",
          "participantID": "0087",
          "utterance": "저는 피자도 좋아해서 자주 배달시켜 먹는 편이에요.",
          "summary": "나는 피자를 좋아해서 자주 배달시켜 먹는 편이다.",
          "date": "2022-08-18",
          "time": "23:35:26",
          "terminate": "false"
        },
        {
          "speaker": "speaker1",
          "personaID": "04041",
          "participantID": "0037",
          "utterance": "저는 통닭을 주로 배달해서 먹어요 요즘 배달 시스템이 정말 다양해졌어요.",
          "summary": "나는 통닭을 주로 배달시켜 먹는다.",
          "date": "2022-08-18",
          "time": "23:36:05",
          "terminate": "false"
        },
        {
          "speaker": "speaker2",
          "personaID": "00366",
          "participantID": "0087",
          "utterance": "그래서 우리가 @브랜드명1@ 아닙니까 히히.",
          "summary": "우리는 @브랜드명1@이다.",
          "date": "2022-08-18",
          "time": "23:36:22",
          "terminate": "false"
        },
        {
          "speaker": "speaker1",
          "personaID": "04041",
          "participantID": "0037",
          "utterance": "네 맞네요 참 재미있으시네요 대화 즐거웠습니다.",
          "summary": "",
          "date": "2022-08-18",
          "time": "23:36:54",
          "terminate": "false"
        },
        {
          "speaker": "speaker2",
          "personaID": "00366",
          "participantID": "0087",
          "utterance": "갑자기 파전 먹고 싶네요 즐거운 대화였습니다.",
          "summary": "",
          "date": "2022-08-18",
          "time": "23:37:09",
          "terminate": "true"
        }
      ],
      "sessionPersonaSummary": {
        "speaker1": [
          "너는 서울에 사는 40대 여자이다.",
          "나는 응급구조사가 보람된 일이라고 생각한다.",
          "나는 전업주부이다.",
          "나는 파전과 동동주를 좋아한다.",
          "나는 통닭을 주로 배달시켜 먹는다."
        ],
        "speaker2": [
          "나는 응급 구조사 30대 여자이다.",
          "나는 보람된 일이라고 생각한다.",
          "나는 김치찌개를 정말 좋아한다.",
          "나는 도토리묵도 좋다.",
          "나는 피자를 좋아해서 자주 배달시켜 먹는 편이다.",
          "우리는 @브랜드명1@이다."
        ]
      },
      "prevAggregatedpersonaSummary": {
        "speaker1": [],
        "speaker2": []
      }
    },
    {
      "prevSessionID": "2-00437-1",
      "prevTimeInfo": {
        "timeNum": "5",
        "timeUnit": "일"
      },
      "nthSession": "2",
      "numberOfUtterances": "14",
      "numberOfTurns": "7",
      "sessionID": "2-00437-2",
      "dialog": [
        {
          "speaker": "speaker1",
          "personaID": "04041",
          "participantID": "0037",
          "utterance": "잘 지내시죠 홈쇼핑에서 복숭아를 배송받았는데 상태가 너무 안 좋아서 속상했어요.",
          "summary": "나는 홈쇼핑에서 복숭아 배송받았는데 상태가 안 좋아서 속상하다.",
          "date": "2022-08-18",
          "time": "23:38:06",
          "terminate": "false"
        },
        {
          "speaker": "speaker2",
          "personaID": "00366",
          "participantID": "0087",
          "utterance": "바로 서비스 센터 전화해서 환불 받으셔야 해요.",
          "summary": "서비스 센터에 전화를 해서 환불받아야 한다.",
          "date": "2022-08-18",
          "time": "23:38:19",
          "terminate": "false"
        },
        {
          "speaker": "speaker1",
          "personaID": "04041",
          "participantID": "0037",
          "utterance": "네 그렇게 했어요 너무 친절히 처리해 주시더라고요.",
          "summary": "나는 서비스 센터에서 친절한 환불을 받았다.",
          "date": "2022-08-20",
          "time": "17:11:18",
          "terminate": "false"
        },
        {
          "speaker": "speaker2",
          "personaID": "00366",
          "participantID": "0087",
          "utterance": "다행이네요 좋아하는 음악 있나요.",
          "summary": "",
          "date": "2022-08-20",
          "time": "17:11:18",
          "terminate": "false"
        },
        {
          "speaker": "speaker1",
          "personaID": "04041",
          "participantID": "0037",
          "utterance": "저는 트로트 음악을 좋아합니다 @이름1@ 팬이거든요.",
          "summary": "나는 트로트 음악을 좋아하고 @이름1@ 팬이다.",
          "date": "2022-08-20",
          "time": "17:11:18",
          "terminate": "false"
        },
        {
          "speaker": "speaker2",
          "personaID": "00366",
          "participantID": "0087",
          "utterance": "저는 팝 음악을 자주 듣는 편이에요.",
          "summary": "나는 팝 음악을 자주 듣는 편이다.",
          "date": "2022-08-20",
          "time": "17:11:18",
          "terminate": "false"
        },
        {
          "speaker": "speaker1",
          "personaID": "04041",
          "participantID": "0037",
          "utterance": "그러시군요 최근에 꾼꿈 중에서 인상깊은 것이 있나요.",
          "summary": "",
          "date": "2022-08-20",
          "time": "17:11:18",
          "terminate": "false"
        },
        {
          "speaker": "speaker2",
          "personaID": "00366",
          "participantID": "0087",
          "utterance": "남친에게 활짝 핀 꽃을 선물받은 기억이 나네요.",
          "summary": "나는 남자 친구에게서 활짝 핀 꽃을 선물 받은 기억이 난다.",
          "date": "2022-08-20",
          "time": "17:11:18",
          "terminate": "false"
        },
        {
          "speaker": "speaker1",
          "personaID": "04041",
          "participantID": "0037",
          "utterance": "정말 설레 였겠는데요 저는 자두를 먹는 꿈을 꾸었어요.",
          "summary": "나는 자두 먹는 꿈을 꾸었다.",
          "date": "2022-08-20",
          "time": "17:11:18",
          "terminate": "false"
        },
        {
          "speaker": "speaker2",
          "personaID": "00366",
          "participantID": "0087",
          "utterance": "과일 먹는 꿈 그거 혹시 태몽 아닌가요.",
          "summary": "과일 먹는 꿈은 태몽이다.",
          "date": "2022-08-20",
          "time": "17:11:18",
          "terminate": "false"
        },
        {
          "speaker": "speaker1",
          "personaID": "04041",
          "participantID": "0037",
          "utterance": "그런가요 아유 무서워라 하지만 괜찮아요 남편이 수술해서 항상 편안하게 지내고 있어요.",
          "summary": "남편이 정관수술을 해서 편안하게 지낸다.",
          "date": "2022-08-20",
          "time": "17:11:18",
          "terminate": "false"
        },
        {
          "speaker": "speaker2",
          "personaID": "00366",
          "participantID": "0087",
          "utterance": "좋은 꿈인 건 확실하네요 복권 한번 사 보세요.",
          "summary": "좋은 꿈인 게 확실하다.",
          "date": "2022-08-20",
          "time": "17:11:18",
          "terminate": "false"
        },
        {
          "speaker": "speaker1",
          "personaID": "04041",
          "participantID": "0037",
          "utterance": "그럴게요 1등 되면 한턱 쏘겠습니다 다음에 또 봬요.",
          "summary": "복권 1등을 하면 한턱 쏘겠다.",
          "date": "2022-08-20",
          "time": "17:11:18",
          "terminate": "false"
        },
        {
          "speaker": "speaker2",
          "personaID": "00366",
          "participantID": "0087",
          "utterance": "기대하고 있을게요 즐거운 대화였습니다.",
          "summary": "",
          "date": "2022-08-20",
          "time": "17:11:18",
          "terminate": "true"
        }
      ],
      "sessionPersonaSummary": {
        "speaker1": [
          "나는 홈쇼핑에서 복숭아 배송받았는데 상태가 안 좋아서 속상하다.",
          "나는 서비스 센터에서 친절한 환불을 받았다.",
          "나는 트로트 음악을 좋아하고 @이름1@ 팬이다.",
          "나는 자두 먹는 꿈을 꾸었다.",
          "남편이 정관수술을 해서 편안하게 지낸다.",
          "복권 1등을 하면 한턱 쏘겠다."
        ],
        "speaker2": [
          "서비스 센터에 전화를 해서 환불받아야 한다.",
          "나는 팝 음악을 자주 듣는 편이다.",
          "나는 남자 친구에게서 활짝 핀 꽃을 선물 받은 기억이 난다.",
          "과일 먹는 꿈은 태몽이다.",
          "좋은 꿈인 게 확실하다."
        ]
      },
      "prevAggregatedpersonaSummary": {
        "speaker1": [
          "너는 서울에 사는 40대 여자이다.",
          "나는 응급구조사가 보람된 일이라고 생각한다.",
          "나는 전업주부이다.",
          "나는 파전과 동동주를 좋아한다.",
          "나는 통닭을 주로 배달시켜 먹는다."
        ],
        "speaker2": [
          "나는 응급 구조사 30대 여자이다.",
          "나는 보람된 일이라고 생각한다.",
          "나는 김치찌개를 정말 좋아한다.",
          "나는 도토리묵도 좋다.",
          "나는 피자를 좋아해서 자주 배달시켜 먹는 편이다.",
          "우리는 @브랜드명1@이다."
        ]
      }
    }
  ]
}