{
  "FileInfo": {
    "filename": "K2-00392-CL40510-CP26250-07-10-S2.json",
    "sessionLevel": "2"
  },
  "participantsInfo": {
    "numberOfParticipants": "2",
    "speaker1": {
      "participantID": "4641",
      "gender": "남성",
      "age": "40대",
      "occupation": "기타",
      "bPlace": "서울/경기/인천",
      "gPlace": "서울/경기/인천",
      "rPlace": "서울/경기/인천",
      "educationLevel": "대졸"
    },
    "speaker2": {
      "participantID": "4131",
      "gender": "여성",
      "age": "30대",
      "occupation": "자영업",
      "bPlace": "서울/경기/인천",
      "gPlace": "서울/경기/인천",
      "rPlace": "서울/경기/인천",
      "educationLevel": "고졸"
    }
  },
  "multisessionInfo": {
    "multisessionID": "2-00392"
  },
  "personaInfo": {
    "clInfo": {
      "personaID": "40510",
      "personaFeatures": [
        "나는 남자이다.",
        "나는 40대이다.",
        "나는 중학교 수학 교사이다",
        "나는 점심에 인터넷 쇼핑을 한다",
        "나는 피아노 연주를 배우고 있다"
      ],
      "speakerType": "speaker1"
    },
    "cpInfo": {
      "personaID": "26250",
      "personaFeatures": [
        "나는 여자이다.",
        "나는 20대이다.",
        "나는 대학생이다",
        "나는 펜싱부 동아리에 관심 없다",
        "나의 어머니는 요리사이다",
        "나의 거주지는 경기도이다",
        "나는 자기 주장이 강하다"
      ],
      "speakerType": "speaker2"
    }
  },
  "topicInfo": {
    "topicID": "07-10",
    "topicType": "개인 및 관계>가족",
    "topicTitle": "가족사진"
  },
  "sessionInfo": [
    {
      "prevSessionID": null,
      "prevTimeInfo": {
        "timeNum": null,
        "timeUnit": null
      },
      "nthSession": "1",
      "numberOfUtterances": "14",
      "numberOfTurns": "7",
      "sessionID": "2-00392-1",
      "dialog": [
        {
          "speaker": "speaker1",
          "personaID": "40510",
          "participantID": "4641",
          "utterance": "안녕하세요. 저는 40대 남성입니다.",
          "summary": "나는 40대 남성이다",
          "date": "2022-11-17",
          "time": "14:19:48",
          "terminate": "false"
        },
        {
          "speaker": "speaker2",
          "personaID": "26250",
          "participantID": "4131",
          "utterance": "안녕하세요~ 저는 20대 여성입니다.",
          "summary": "나는 20대 여성이다.",
          "date": "2022-11-17",
          "time": "14:20:10",
          "terminate": "false"
        },
        {
          "speaker": "speaker1",
          "personaID": "40510",
          "participantID": "4641",
          "utterance": "저는 중학교 수학 교사 입니다.",
          "summary": "나는 중학교 수학 교사다",
          "date": "2022-11-17",
          "time": "14:20:34",
          "terminate": "false"
        },
        {
          "speaker": "speaker2",
          "personaID": "26250",
          "participantID": "4131",
          "utterance": "선생님이시군요! 저는 대학생이구요, 경기도에 거주하고 있어요~!",
          "summary": "나는 대학생이고, 경기도에 거주한다.",
          "date": "2022-11-17",
          "time": "14:21:37",
          "terminate": "false"
        },
        {
          "speaker": "speaker1",
          "personaID": "40510",
          "participantID": "4641",
          "utterance": "요즘에 피아노 연주를 배우고 있습니다.",
          "summary": "나는 요즘 피아노 연주를 배우고 있다",
          "date": "2022-11-17",
          "time": "14:22:10",
          "terminate": "false"
        },
        {
          "speaker": "speaker2",
          "personaID": "26250",
          "participantID": "4131",
          "utterance": "그러시구나~ 저도 새로운 걸 좀 해보려고 동아리에 가입해보려는데, 최근 권유 받은 펜싱부에는 관심이 안 가더라구요.",
          "summary": "나는 펜싱부 동아리에 관심 없다.",
          "date": "2022-11-17",
          "time": "14:23:41",
          "terminate": "false"
        },
        {
          "speaker": "speaker1",
          "personaID": "40510",
          "participantID": "4641",
          "utterance": "저는 점심에 인터넷 쇼핑을 즐겨하는데 인터넷 보시면 여러가지 취미 활동 찾으실수 있을거에요.",
          "summary": "나는 점심에 인터넷 쇼핑을 즐겨한다",
          "date": "2022-11-17",
          "time": "14:24:40",
          "terminate": "false"
        },
        {
          "speaker": "speaker2",
          "personaID": "26250",
          "participantID": "4131",
          "utterance": "네, 한번 찾아봐야겠어요! 저는 사실 어머니가 요리사이셔서 요리에는 일찍부터 관심이 많았어요.",
          "summary": "나는 어머니가 요리사 이시다.",
          "date": "2022-11-17",
          "time": "14:33:41",
          "terminate": "false"
        },
        {
          "speaker": "speaker1",
          "personaID": "40510",
          "participantID": "4641",
          "utterance": "맛있는 요리 많이 드시겠어요. 어떤거 좋아하세요?",
          "summary": "",
          "date": "2022-11-17",
          "time": "14:36:41",
          "terminate": "false"
        },
        {
          "speaker": "speaker2",
          "personaID": "26250",
          "participantID": "4131",
          "utterance": "양식, 한식, 중식 등 가리지 않고 다 좋아해요! 제가 자기 주장이 강한 편이라 그때그때 먹고 싶은 걸 말씀드리면 해주시기도 하고 같이 만들기도 해요.",
          "summary": "나는 자기주장이 강하다.",
          "date": "2022-11-17",
          "time": "14:47:52",
          "terminate": "false"
        },
        {
          "speaker": "speaker1",
          "personaID": "40510",
          "participantID": "4641",
          "utterance": "정말 행복하시겠네요. 모든 사람이 먹을때가 가장 행복하다고 하죠.",
          "summary": "",
          "date": "2022-11-17",
          "time": "14:48:41",
          "terminate": "false"
        },
        {
          "speaker": "speaker2",
          "personaID": "26250",
          "participantID": "4131",
          "utterance": "맞아요~! 먹는 기쁨이 정말 크죠!",
          "summary": "",
          "date": "2022-11-17",
          "time": "14:49:30",
          "terminate": "false"
        },
        {
          "speaker": "speaker1",
          "personaID": "40510",
          "participantID": "4641",
          "utterance": "가장 행복한 순간인거죠. 누구나 다 공감하실거에요.",
          "summary": "",
          "date": "2022-11-17",
          "time": "14:50:13",
          "terminate": "false"
        },
        {
          "speaker": "speaker2",
          "personaID": "26250",
          "participantID": "4131",
          "utterance": "맞아요~ 저는 이만 외출 준비를 해야해서 가볼게요! 다음에 또 이야기 나눠요!",
          "summary": "",
          "date": "2022-11-17",
          "time": "14:51:26",
          "terminate": "true"
        }
      ],
      "sessionPersonaSummary": {
        "speaker1": [
          "나는 40대 남성이다",
          "나는 중학교 수학 교사다",
          "나는 요즘 피아노 연주를 배우고 있다",
          "나는 점심에 인터넷 쇼핑을 즐겨한다"
        ],
        "speaker2": [
          "나는 20대 여성이다.",
          "나는 대학생이고, 경기도에 거주한다.",
          "나는 펜싱부 동아리에 관심 없다.",
          "나는 어머니가 요리사 이시다.",
          "나는 자기주장이 강하다."
        ]
      },
      "prevAggregatedpersonaSummary": {
        "speaker1": [],
        "speaker2": []
      }
    },
    {
      "prevSessionID": "2-00392-1",
      "prevTimeInfo": {
        "timeNum": "8",
        "timeUnit": "일"
      },
      "nthSession": "2",
      "numberOfUtterances": "14",
      "numberOfTurns": "7",
      "sessionID": "2-00392-2",
      "dialog": [
        {
          "speaker": "speaker1",
          "personaID": "40510",
          "participantID": "4641",
          "utterance": "벌써 8일이나 지났네요. 뭐하고 지내셨나요?",
          "summary": "",
          "date": "2022-11-17",
          "time": "16:47:42",
          "terminate": "false"
        },
        {
          "speaker": "speaker2",
          "personaID": "26250",
          "participantID": "4131",
          "utterance": "오랜만이에요~ 저는 평소처럼 학교 다니며 지냈고, 특별한 일이라면 엄마와 가족사진을 찍었어요.",
          "summary": "나는 엄마와 가족사진을 찍었다.",
          "date": "2022-11-18",
          "time": "11:00:54",
          "terminate": "false"
        },
        {
          "speaker": "speaker1",
          "personaID": "40510",
          "participantID": "4641",
          "utterance": "가족사진. 항상 생각만하고 실천하기 힘든거 같아요.",
          "summary": "",
          "date": "2022-11-18",
          "time": "11:02:56",
          "terminate": "false"
        },
        {
          "speaker": "speaker2",
          "personaID": "26250",
          "participantID": "4131",
          "utterance": "네~ 저도 이번에 큰 맘 먹었죠! ",
          "summary": "",
          "date": "2022-11-18",
          "time": "11:03:30",
          "terminate": "false"
        },
        {
          "speaker": "speaker1",
          "personaID": "40510",
          "participantID": "4641",
          "utterance": "사람 대부분이 생각이 비슷한거 같아요.",
          "summary": "",
          "date": "2022-11-18",
          "time": "11:04:14",
          "terminate": "false"
        },
        {
          "speaker": "speaker2",
          "personaID": "26250",
          "participantID": "4131",
          "utterance": "가족에 대해서라면 아무래도 비슷하겠죠? 저도 굉장히 어색하더라구요. 집 근처인 경기도 쪽 사진관에 예약해서 다녀왔어요.",
          "summary": "나는 집 근처인 경기도 쪽 사진관에 예약했다.",
          "date": "2022-11-18",
          "time": "11:05:21",
          "terminate": "false"
        },
        {
          "speaker": "speaker1",
          "personaID": "40510",
          "participantID": "4641",
          "utterance": "정말 효녀인 거 같아요. 가족 사진도 찍어 드리고.",
          "summary": "",
          "date": "2022-11-18",
          "time": "11:06:00",
          "terminate": "false"
        },
        {
          "speaker": "speaker2",
          "personaID": "26250",
          "participantID": "4131",
          "utterance": "평소에는 절대 효녀라고 할 수 없지만... 한번씩 그래도 이런 이벤트라도 하려고 노력하는 편인 것 같아요!",
          "summary": "나는 효녀는 아니지만 이벤트를 하며 노력하고 있다.",
          "date": "2022-11-18",
          "time": "11:06:45",
          "terminate": "false"
        },
        {
          "speaker": "speaker1",
          "personaID": "40510",
          "participantID": "4641",
          "utterance": "저도 가족 사진 한번 추진해 봐야겠네요.",
          "summary": "",
          "date": "2022-11-18",
          "time": "11:07:17",
          "terminate": "false"
        },
        {
          "speaker": "speaker2",
          "personaID": "26250",
          "participantID": "4131",
          "utterance": "네 추천드려요! 저희는 엄마랑 저 둘 뿐이었는데 가족이 많으신가요?",
          "summary": "나는 엄마랑 가족이 둘 뿐이다.",
          "date": "2022-11-18",
          "time": "11:08:09",
          "terminate": "false"
        },
        {
          "speaker": "speaker1",
          "personaID": "40510",
          "participantID": "4641",
          "utterance": "저희는 가족 구성원이 4인입니다.",
          "summary": "나는 가족 구성원이 4인이다",
          "date": "2022-11-18",
          "time": "11:10:00",
          "terminate": "false"
        },
        {
          "speaker": "speaker2",
          "personaID": "26250",
          "participantID": "4131",
          "utterance": "그러시군요! 멋지게 차려 입고 나들이 가듯이 가보시면 정말 좋을 거에요.",
          "summary": "",
          "date": "2022-11-18",
          "time": "11:10:39",
          "terminate": "false"
        },
        {
          "speaker": "speaker1",
          "personaID": "40510",
          "participantID": "4641",
          "utterance": "좋은 조언 감사합니다. 저도 가족 사진 찍으러 가 봐야겠어요.",
          "summary": "",
          "date": "2022-11-18",
          "time": "11:11:34",
          "terminate": "false"
        },
        {
          "speaker": "speaker2",
          "personaID": "26250",
          "participantID": "4131",
          "utterance": "네~ 좋은 하루 되시고 행복한 경험 되시길 바랄게요!",
          "summary": "",
          "date": "2022-11-18",
          "time": "11:12:06",
          "terminate": "true"
        }
      ],
      "sessionPersonaSummary": {
        "speaker1": [
          "나는 가족 구성원이 4인이다"
        ],
        "speaker2": [
          "나는 엄마와 가족사진을 찍었다.",
          "나는 집 근처인 경기도 쪽 사진관에 예약했다.",
          "나는 효녀는 아니지만 이벤트를 하며 노력하고 있다.",
          "나는 엄마랑 가족이 둘 뿐이다."
        ]
      },
      "prevAggregatedpersonaSummary": {
        "speaker1": [
          "나는 40대 남성이다",
          "나는 중학교 수학 교사다",
          "나는 요즘 피아노 연주를 배우고 있다",
          "나는 점심에 인터넷 쇼핑을 즐겨한다"
        ],
        "speaker2": [
          "나는 20대 여성이다.",
          "나는 대학생이고, 경기도에 거주한다.",
          "나는 펜싱부 동아리에 관심 없다.",
          "나는 어머니가 요리사 이시다.",
          "나는 자기주장이 강하다."
        ]
      }
    }
  ]
}