{
  "FileInfo": {
    "filename": "K2-00359-CL01083-CP04142-19-07-S2.json",
    "sessionLevel": "2"
  },
  "participantsInfo": {
    "numberOfParticipants": "2",
    "speaker1": {
      "participantID": "2104",
      "gender": "남성",
      "age": "10대",
      "occupation": "학생",
      "bPlace": "서울/경기/인천",
      "gPlace": "서울/경기/인천",
      "rPlace": "서울/경기/인천",
      "educationLevel": "고졸"
    },
    "speaker2": {
      "participantID": "2099",
      "gender": "여성",
      "age": "40대",
      "occupation": "주부",
      "bPlace": "서울/경기/인천",
      "gPlace": "서울/경기/인천",
      "rPlace": "서울/경기/인천",
      "educationLevel": "대졸"
    }
  },
  "multisessionInfo": {
    "multisessionID": "2-00359"
  },
  "personaInfo": {
    "clInfo": {
      "personaID": "01083",
      "personaFeatures": [
        "나는 남자이다.",
        "나는 20대이다.",
        "나는 종교가 없다.",
        "나는 쇼핑호스트이다.",
        "나는 발라드 음악을 자주 듣는다."
      ],
      "speakerType": "speaker1"
    },
    "cpInfo": {
      "personaID": "04142",
      "personaFeatures": [
        "나는 여자이다.",
        "나는 40대이다.",
        "나의 여자 형제는 스튜어디스이다.",
        "나는 싱거운 음식을 즐겨 먹는다.",
        "나는 요즘, 가끔 감사하다."
      ],
      "speakerType": "speaker2"
    }
  },
  "topicInfo": {
    "topicID": "19-07",
    "topicType": "예술문화 생활>방송/연예",
    "topicTitle": "뉴스"
  },
  "sessionInfo": [
    {
      "prevSessionID": null,
      "prevTimeInfo": {
        "timeNum": null,
        "timeUnit": null
      },
      "nthSession": "1",
      "numberOfUtterances": "14",
      "numberOfTurns": "7",
      "sessionID": "2-00359-1",
      "dialog": [
        {
          "speaker": "speaker1",
          "personaID": "01083",
          "participantID": "2104",
          "utterance": "안녕하세요! 저는 20대 남자입니다~ 종교는 무교에요!",
          "summary": "나는 20대 남자이다. 나는 종교가 없다.",
          "date": "2022-08-14",
          "time": "12:23:24",
          "terminate": "false"
        },
        {
          "speaker": "speaker2",
          "personaID": "04142",
          "participantID": "2099",
          "utterance": "안녕하세요^^ 저는 40대 여자에요~ 저는 교회 다녀요^^",
          "summary": "나는 40대 여자이다. 나의 종교는 개신교이다.",
          "date": "2022-08-14",
          "time": "12:23:47",
          "terminate": "false"
        },
        {
          "speaker": "speaker1",
          "personaID": "01083",
          "participantID": "2104",
          "utterance": "저는 지금 티비 보고 있어요! 뭐하고 계세요?",
          "summary": "나는 지금 티브이를 본다.",
          "date": "2022-08-14",
          "time": "12:26:04",
          "terminate": "false"
        },
        {
          "speaker": "speaker2",
          "personaID": "04142",
          "participantID": "2099",
          "utterance": "어머 저도 티비보는데~ 뉴스보고 있어요^^",
          "summary": "나는 지금 티브이 뉴스를 본다.",
          "date": "2022-08-14",
          "time": "12:26:15",
          "terminate": "false"
        },
        {
          "speaker": "speaker1",
          "personaID": "01083",
          "participantID": "2104",
          "utterance": "오늘 무슨 주요 뉴스 있나요~?",
          "summary": "",
          "date": "2022-08-14",
          "time": "12:26:35",
          "terminate": "false"
        },
        {
          "speaker": "speaker2",
          "personaID": "04142",
          "participantID": "2099",
          "utterance": "코로나 확진자가 다시 또 점점 늘고 있다던데요~~ 걱정이에요.",
          "summary": "나는 코로나 확진자가 늘어 걱정이다.",
          "date": "2022-08-14",
          "time": "12:26:49",
          "terminate": "false"
        },
        {
          "speaker": "speaker1",
          "personaID": "01083",
          "participantID": "2104",
          "utterance": "그러니까요! 매일 아침 뉴스 볼 때마다 점점 늘어있더라구요.",
          "summary": "",
          "date": "2022-08-14",
          "time": "12:27:00",
          "terminate": "false"
        },
        {
          "speaker": "speaker2",
          "personaID": "04142",
          "participantID": "2099",
          "utterance": "아직 저희 가족은 한명도 안걸려서 요즘 늘 너무 감사해요^^ 끝까지 안 걸렸으면~~",
          "summary": "나는 요즘 감사하다. 나는 아직 코로나를 걸리지 않았다.",
          "date": "2022-08-14",
          "time": "12:27:25",
          "terminate": "false"
        },
        {
          "speaker": "speaker1",
          "personaID": "01083",
          "participantID": "2104",
          "utterance": "저도 아직 안 걸렸는데 잘 버텨@이름1@요! 뉴스만 보세요? 혹시 홈쇼핑은..?",
          "summary": "나는 아직 코로나를 걸리지 않았다.",
          "date": "2022-08-14",
          "time": "12:27:48",
          "terminate": "false"
        },
        {
          "speaker": "speaker2",
          "personaID": "04142",
          "participantID": "2099",
          "utterance": "저 홈쇼핑 너~~무 좋아해서 오히려 덜 봐야돼요ㅎㅎ 매번 보면 주문을 참을 수가 없는..^^",
          "summary": "나는 홈쇼핑을 좋아한다.",
          "date": "2022-08-14",
          "time": "12:28:09",
          "terminate": "false"
        },
        {
          "speaker": "speaker1",
          "personaID": "01083",
          "participantID": "2104",
          "utterance": "하하 제 직업이 쇼핑호스트거든요~ 다음에 언제 제 방송도 봐주세요!ㅋㅋ.",
          "summary": "나는 쇼핑호스트이다.",
          "date": "2022-08-14",
          "time": "12:28:28",
          "terminate": "false"
        },
        {
          "speaker": "speaker2",
          "personaID": "04142",
          "participantID": "2099",
          "utterance": "어머나 쇼핑호스트에요? 그럼 언제라도 한 번은 꼭 볼 수 있겠어요~ 이미 봤을수도~~~?",
          "summary": "",
          "date": "2022-08-14",
          "time": "12:28:58",
          "terminate": "false"
        },
        {
          "speaker": "speaker1",
          "personaID": "01083",
          "participantID": "2104",
          "utterance": "ㅋㅋㅋ맞아요~ 다음 방송날 알려드릴게요! 오늘도 좋은 하루 보내세요!",
          "summary": "",
          "date": "2022-08-14",
          "time": "12:29:21",
          "terminate": "false"
        },
        {
          "speaker": "speaker2",
          "personaID": "04142",
          "participantID": "2099",
          "utterance": "그래요~^^ 좋은 하루 보내요~~",
          "summary": "",
          "date": "2022-08-14",
          "time": "12:29:27",
          "terminate": "true"
        }
      ],
      "sessionPersonaSummary": {
        "speaker1": [
          "나는 20대 남자이다. 나는 종교가 없다.",
          "나는 지금 티브이를 본다.",
          "나는 아직 코로나를 걸리지 않았다.",
          "나는 쇼핑호스트이다."
        ],
        "speaker2": [
          "나는 40대 여자이다. 나의 종교는 개신교이다.",
          "나는 지금 티브이 뉴스를 본다.",
          "나는 코로나 확진자가 늘어 걱정이다.",
          "나는 요즘 감사하다. 나는 아직 코로나를 걸리지 않았다.",
          "나는 홈쇼핑을 좋아한다."
        ]
      },
      "prevAggregatedpersonaSummary": {
        "speaker1": [],
        "speaker2": []
      }
    },
    {
      "prevSessionID": "2-00359-1",
      "prevTimeInfo": {
        "timeNum": "1",
        "timeUnit": "일"
      },
      "nthSession": "2",
      "numberOfUtterances": "14",
      "numberOfTurns": "7",
      "sessionID": "2-00359-2",
      "dialog": [
        {
          "speaker": "speaker1",
          "personaID": "01083",
          "participantID": "2104",
          "utterance": "오늘 뉴스도 보셨어요? 확진자 15만명 돌파래요!",
          "summary": "",
          "date": "2022-08-14",
          "time": "12:30:13",
          "terminate": "false"
        },
        {
          "speaker": "speaker2",
          "personaID": "04142",
          "participantID": "2099",
          "utterance": "그러니까요~~~ 100일만에 최대치라면서요? 제 동생도 어제 밤에 확진되서 난리에요ㅜㅜ.",
          "summary": "나는 동생이 어제 코로나에 걸렸다.",
          "date": "2022-08-14",
          "time": "12:30:36",
          "terminate": "false"
        },
        {
          "speaker": "speaker1",
          "personaID": "01083",
          "participantID": "2104",
          "utterance": "헉 동생분도 걸리셨어요? 괜찮으시대요?",
          "summary": "",
          "date": "2022-08-14",
          "time": "12:30:51",
          "terminate": "false"
        },
        {
          "speaker": "speaker2",
          "personaID": "04142",
          "participantID": "2099",
          "utterance": "어제 비행 끝나고 와서 뭔가 이상해서 검사해보니까 확진이었다고 하더라구요.",
          "summary": "",
          "date": "2022-08-14",
          "time": "12:31:02",
          "terminate": "false"
        },
        {
          "speaker": "speaker1",
          "personaID": "01083",
          "participantID": "2104",
          "utterance": "동생분이 비행하는 일을 하시나봐요!?",
          "summary": "",
          "date": "2022-08-14",
          "time": "12:31:21",
          "terminate": "false"
        },
        {
          "speaker": "speaker2",
          "personaID": "04142",
          "participantID": "2099",
          "utterance": "아 제 여동생이 스튜어디스여서요~ 어제 비행하고 왔는데 그랬다네요.",
          "summary": "나의 여자 형제는 스튜어디스이다.",
          "date": "2022-08-14",
          "time": "12:31:33",
          "terminate": "false"
        },
        {
          "speaker": "speaker1",
          "personaID": "01083",
          "participantID": "2104",
          "utterance": "아이고 안 아프게 넘어가야 할텐데 걱정이네요.",
          "summary": "",
          "date": "2022-08-14",
          "time": "12:31:56",
          "terminate": "false"
        },
        {
          "speaker": "speaker2",
          "personaID": "04142",
          "participantID": "2099",
          "utterance": "그러니까요ㅜㅠ 오늘 요리해다 준다했더니 싫다네요~~ 저는 싱거운 음식을 자주 먹어서 싱겁게 하니까 맛 없어서 싫다구^^",
          "summary": "나는 싱거운 음식을 즐겨 먹는다.",
          "date": "2022-08-14",
          "time": "12:32:18",
          "terminate": "false"
        },
        {
          "speaker": "speaker1",
          "personaID": "01083",
          "participantID": "2104",
          "utterance": "앜ㅋㅋㅋㅋ저도 짠 음식을 좋아하는데 동생분도 그러시나봐요ㅋㅋ 지금은 뭐하세요~/",
          "summary": "나는 짠 음식을 좋아한다.",
          "date": "2022-08-14",
          "time": "12:32:55",
          "terminate": "false"
        },
        {
          "speaker": "speaker2",
          "personaID": "04142",
          "participantID": "2099",
          "utterance": "아침부터 동생 전화받고 놀라서~ 지금 노래 들으면서 진정중이에요~~",
          "summary": "나는 노래를 들으며 진정 중이다.",
          "date": "2022-08-14",
          "time": "15:17:21",
          "terminate": "false"
        },
        {
          "speaker": "speaker1",
          "personaID": "01083",
          "participantID": "2104",
          "utterance": "아 무슨 노래요? 저도 발라드 좋아해서 자주 듣는데... 진정에 좋죠!",
          "summary": "나는 발라드 음악을 자주 듣는다.",
          "date": "2022-08-14",
          "time": "15:17:21",
          "terminate": "false"
        },
        {
          "speaker": "speaker2",
          "personaID": "04142",
          "participantID": "2099",
          "utterance": "어머 저도 발라드 좋아요~ 요즘 잔잔한 노래 들으면서 릴렉스하구~",
          "summary": "나는 발라드 음악을 좋아한다.",
          "date": "2022-08-14",
          "time": "15:17:21",
          "terminate": "false"
        },
        {
          "speaker": "speaker1",
          "personaID": "01083",
          "participantID": "2104",
          "utterance": "오늘도 코로나에서 잘 살아남아 보자구요! 좋은 하루 되세요!",
          "summary": "",
          "date": "2022-08-14",
          "time": "15:17:21",
          "terminate": "false"
        },
        {
          "speaker": "speaker2",
          "personaID": "04142",
          "participantID": "2099",
          "utterance": "네~ 코로나 걸리지 않게 조심해요~^^",
          "summary": "",
          "date": "2022-08-14",
          "time": "15:17:21",
          "terminate": "true"
        }
      ],
      "sessionPersonaSummary": {
        "speaker1": [
          "나는 짠 음식을 좋아한다.",
          "나는 발라드 음악을 자주 듣는다."
        ],
        "speaker2": [
          "나는 동생이 어제 코로나에 걸렸다.",
          "나의 여자 형제는 스튜어디스이다.",
          "나는 싱거운 음식을 즐겨 먹는다.",
          "나는 노래를 들으며 진정 중이다.",
          "나는 발라드 음악을 좋아한다."
        ]
      },
      "prevAggregatedpersonaSummary": {
        "speaker1": [
          "나는 20대 남자이다. 나는 종교가 없다.",
          "나는 지금 티브이를 본다.",
          "나는 아직 코로나를 걸리지 않았다.",
          "나는 쇼핑호스트이다."
        ],
        "speaker2": [
          "나는 40대 여자이다. 나의 종교는 개신교이다.",
          "나는 지금 티브이 뉴스를 본다.",
          "나는 코로나 확진자가 늘어 걱정이다.",
          "나는 요즘 감사하다. 나는 아직 코로나를 걸리지 않았다.",
          "나는 홈쇼핑을 좋아한다."
        ]
      }
    }
  ]
}