{
  "FileInfo": {
    "filename": "K2-00401-CL10415-CP41801-06-07-S2.json",
    "sessionLevel": "2"
  },
  "participantsInfo": {
    "numberOfParticipants": "2",
    "speaker1": {
      "participantID": "1704",
      "gender": "남성",
      "age": "20대",
      "occupation": "학생",
      "bPlace": "서울/경기/인천",
      "gPlace": "부산/대구/울산/경상",
      "rPlace": "대전/세종/충청/강원",
      "educationLevel": "고졸"
    },
    "speaker2": {
      "participantID": "0034",
      "gender": "여성",
      "age": "30대",
      "occupation": "사무직",
      "bPlace": "서울/경기/인천",
      "gPlace": "서울/경기/인천",
      "rPlace": "서울/경기/인천",
      "educationLevel": "대졸"
    }
  },
  "multisessionInfo": {
    "multisessionID": "2-00401"
  },
  "personaInfo": {
    "clInfo": {
      "personaID": "10415",
      "personaFeatures": [
        "나는 남자이다.",
        "나는 10대이다.",
        "내가 사는 곳은 의정부이다",
        "나는 유치원 교사가 되고 싶다",
        "나는 단감을 안 먹는다"
      ],
      "speakerType": "speaker1"
    },
    "cpInfo": {
      "personaID": "41801",
      "personaFeatures": [
        "나는 여자이다.",
        "나는 40대이다.",
        "나는 노무사이다",
        "나는 골프를 싫어한다",
        "나는 배를 좋아한다"
      ],
      "speakerType": "speaker2"
    }
  },
  "topicInfo": {
    "topicID": "06-07",
    "topicType": "교육",
    "topicTitle": "자격증"
  },
  "sessionInfo": [
    {
      "prevSessionID": null,
      "prevTimeInfo": {
        "timeNum": null,
        "timeUnit": null
      },
      "nthSession": "1",
      "numberOfUtterances": "15",
      "numberOfTurns": "7",
      "sessionID": "2-00401-1",
      "dialog": [
        {
          "speaker": "speaker1",
          "personaID": "10415",
          "participantID": "1704",
          "utterance": "안녕하세요 10대 남자입니다. 반가워요!",
          "summary": "나는 10대 남자이다.",
          "date": "2022-10-31",
          "time": "19:25:19",
          "terminate": "false"
        },
        {
          "speaker": "speaker2",
          "personaID": "41801",
          "participantID": "0034",
          "utterance": "안녕하세요. 저는 40대 여자입니다. 엄청 어리시네요! 학생인가요?",
          "summary": "나는 40대 여자이다.",
          "date": "2022-10-31",
          "time": "19:25:31",
          "terminate": "false"
        },
        {
          "speaker": "speaker1",
          "personaID": "10415",
          "participantID": "1704",
          "utterance": "네 맞아요. 지금 의정부에서 고등학교를 다니고 있어요! 의정부에서 거주하고요!",
          "summary": "나는 의정부에 있는 고등학교를 다니고 있다. 나는 의정부에 거주 중이다.",
          "date": "2022-10-31",
          "time": "19:25:59",
          "terminate": "false"
        },
        {
          "speaker": "speaker2",
          "personaID": "41801",
          "participantID": "0034",
          "utterance": "저는 서울에 거주 중이에요. 직업은 노무사이고요. 장래희망이 뭐예요?",
          "summary": "나는 노무사이다.",
          "date": "2022-10-31",
          "time": "19:26:13",
          "terminate": "false"
        },
        {
          "speaker": "speaker1",
          "personaID": "10415",
          "participantID": "1704",
          "utterance": "네 저는 유치원 교사가 꿈입니다. 노무사라니 정말 대단한거같아요!",
          "summary": "나는 유치원 교사가 되는 게 꿈이다.",
          "date": "2022-10-31",
          "time": "19:26:29",
          "terminate": "false"
        },
        {
          "speaker": "speaker2",
          "personaID": "41801",
          "participantID": "0034",
          "utterance": "아이들 좋아해요? 남자분이 유치원 교사가 꿈이라고 하는 분은 처음 봤어요.",
          "summary": "",
          "date": "2022-10-31",
          "time": "19:26:57",
          "terminate": "false"
        },
        {
          "speaker": "speaker1",
          "personaID": "10415",
          "participantID": "1704",
          "utterance": "아직 학생이라 그런것 같아요! 하지만 요즘 아이들과 다르게 단감을 싫어해서 걱정이네요.",
          "summary": "나는 단감을 싫어한다. 나는 요즘 아이들과 다르게 단감을 싫어하는 게 걱정이다.",
          "date": "2022-10-31",
          "time": "19:27:22",
          "terminate": "false"
        },
        {
          "speaker": "speaker2",
          "personaID": "41801",
          "participantID": "0034",
          "utterance": "저도 단감은 안 좋아해요. 대신 배를 좋아해요. 가을에 배 먹으면 맛있잖아요. 배는 먹어요?",
          "summary": "나는 배를 좋아한다.",
          "date": "2022-10-31",
          "time": "19:27:37",
          "terminate": "false"
        },
        {
          "speaker": "speaker1",
          "personaID": "10415",
          "participantID": "1704",
          "utterance": "배도 좋아하죠! 달달한게 식혜랑 먹으면 시너지가 두배인거같아요!",
          "summary": "나는 배를 좋아하며 배가 달달해서 식혜랑 먹으면 시너지가 두배라고 생각한다.",
          "date": "2022-10-31",
          "time": "19:28:10",
          "terminate": "false"
        },
        {
          "speaker": "speaker2",
          "personaID": "41801",
          "participantID": "0034",
          "utterance": "식혜도 좋죠. 요즘 관심사가 뭐예요? 저는 골프를 싫어하는데 일하다 보면 억지로 할 때가 있어서 이직하는데 관심이 많아요.",
          "summary": "나는 골프를 싫어한다.\n",
          "date": "2022-10-31",
          "time": "19:28:33",
          "terminate": "false"
        },
        {
          "speaker": "speaker1",
          "personaID": "10415",
          "participantID": "1704",
          "utterance": "저는 공부하느라 바빠서 관심사가 딱히 없네요. 저도 골프 말고 다른 스포츠에 취미를 들여야할까봐요.",
          "summary": "나는 공부하느라 바빠서 관심사가 딱히 없다.",
          "date": "2022-10-31",
          "time": "19:29:27",
          "terminate": "false"
        },
        {
          "speaker": "speaker2",
          "personaID": "41801",
          "participantID": "0034",
          "utterance": "그래요? 공부할 때 운동도 잘해야 되는데 운동은 따로 안 해요?",
          "summary": "",
          "date": "2022-10-31",
          "time": "19:29:59",
          "terminate": "false"
        },
        {
          "speaker": "speaker1",
          "personaID": "10415",
          "participantID": "1704",
          "utterance": "가끔 헬스장에 나가서 헬스를 해요! 좀 있으면 헬스장 가야할 시간이네요!",
          "summary": "나는 가끔 헬스장에 나가서 헬스를 한다. 나는 좀 있으면 헬스장에 갈 시간이다.",
          "date": "2022-10-31",
          "time": "19:30:34",
          "terminate": "false"
        },
        {
          "speaker": "speaker2",
          "personaID": "41801",
          "participantID": "0034",
          "utterance": "헬스도 좋죠. 저는 전화가 와서 나중에 대화해야겠어요. 오늘 대화 즐거웠어요.",
          "summary": "",
          "date": "2022-10-31",
          "time": "19:30:50",
          "terminate": "false"
        },
        {
          "speaker": "speaker1",
          "personaID": "10415",
          "participantID": "1704",
          "utterance": "네 오늘 덕분에 즐거웠습니다. 다음에 또 봐요!",
          "summary": "",
          "date": "2022-10-31",
          "time": "19:31:06",
          "terminate": "true"
        }
      ],
      "sessionPersonaSummary": {
        "speaker1": [
          "나는 10대 남자이다.",
          "나는 의정부에 있는 고등학교를 다니고 있다. 나는 의정부에 거주 중이다.",
          "나는 유치원 교사가 되는 게 꿈이다.",
          "나는 단감을 싫어한다. 나는 요즘 아이들과 다르게 단감을 싫어하는 게 걱정이다.",
          "나는 배를 좋아하며 배가 달달해서 식혜랑 먹으면 시너지가 두배라고 생각한다.",
          "나는 공부하느라 바빠서 관심사가 딱히 없다.",
          "나는 가끔 헬스장에 나가서 헬스를 한다. 나는 좀 있으면 헬스장에 갈 시간이다."
        ],
        "speaker2": [
          "나는 40대 여자이다.",
          "나는 노무사이다.",
          "나는 배를 좋아한다.",
          "나는 골프를 싫어한다.\n"
        ]
      },
      "prevAggregatedpersonaSummary": {
        "speaker1": [],
        "speaker2": []
      }
    },
    {
      "prevSessionID": "2-00401-1",
      "prevTimeInfo": {
        "timeNum": "1",
        "timeUnit": "주"
      },
      "nthSession": "2",
      "numberOfUtterances": "15",
      "numberOfTurns": "7",
      "sessionID": "2-00401-2",
      "dialog": [
        {
          "speaker": "speaker1",
          "personaID": "10415",
          "participantID": "1704",
          "utterance": "일주일 만인가요? 반가워요! 어떻게 지내셨나요?",
          "summary": "",
          "date": "2022-10-31",
          "time": "19:32:39",
          "terminate": "false"
        },
        {
          "speaker": "speaker2",
          "personaID": "41801",
          "participantID": "0034",
          "utterance": "벌써 일주일이나 지났어요? 저는 일에 치여 살았죠. 학교 잘 다니고 있었어요?",
          "summary": "",
          "date": "2022-10-31",
          "time": "19:32:52",
          "terminate": "false"
        },
        {
          "speaker": "speaker1",
          "personaID": "10415",
          "participantID": "1704",
          "utterance": "네 요즘 수능이 다가오니까 모두가 예민한 시기인것같아요.",
          "summary": "나는 요즘 수능이 다가와서 모두가 예민한 시기라고 생각한다.",
          "date": "2022-10-31",
          "time": "19:33:13",
          "terminate": "false"
        },
        {
          "speaker": "speaker2",
          "personaID": "41801",
          "participantID": "0034",
          "utterance": "그러게요. 수능이 벌써 한달도 안 남았네요. 그런데 대학 가면 또 공부해야 돼요 하하.",
          "summary": "",
          "date": "2022-10-31",
          "time": "19:33:51",
          "terminate": "false"
        },
        {
          "speaker": "speaker1",
          "personaID": "10415",
          "participantID": "1704",
          "utterance": "요즘 수시전형이 다양해져서 자격증도 취득해야하네요. 한국사 자격증도 같이 준비중이에요!",
          "summary": "나는 요즘 수시전형이 다양해져서 자격증도 취득해야 한다. 나는 한국사 자격증 준비를 하고 있다.",
          "date": "2022-10-31",
          "time": "19:34:27",
          "terminate": "false"
        },
        {
          "speaker": "speaker2",
          "personaID": "41801",
          "participantID": "0034",
          "utterance": "저는 한국사 자격증 대학교 때 땄어요. 한국사 자격증 따러 갔을 때 초등학생도 많아서 놀랐었네요 하하.",
          "summary": "나는 한국사 자격증 대학교 때 취득하였다.",
          "date": "2022-10-31",
          "time": "19:34:48",
          "terminate": "false"
        },
        {
          "speaker": "speaker2",
          "personaID": "41801",
          "participantID": "0034",
          "utterance": "보통 학교에서 몇시까지 공부해요?",
          "summary": "",
          "date": "2022-10-31",
          "time": "19:37:13",
          "terminate": "false"
        },
        {
          "speaker": "speaker1",
          "personaID": "10415",
          "participantID": "1704",
          "utterance": "저는 7시부터 수업해서 야자까지 밤 12시에 집에 갑니다.",
          "summary": "나는 오전 7시부터 수업을 듣고 야자를 밤 12시까지 하고 집에 간다.",
          "date": "2022-10-31",
          "time": "19:38:03",
          "terminate": "false"
        },
        {
          "speaker": "speaker2",
          "personaID": "41801",
          "participantID": "0034",
          "utterance": "저보다 일정이 타이트한데요? 저도 가끔 일 많을 때 12시까지 일하기도 해요.",
          "summary": "나는 가끔 12시까지 일한다.\n",
          "date": "2022-10-31",
          "time": "19:38:50",
          "terminate": "false"
        },
        {
          "speaker": "speaker1",
          "personaID": "10415",
          "participantID": "1704",
          "utterance": "노무사가 되어도 힘들게 일을해야하는군요.  존경스러워요.",
          "summary": "나는 노무사가 되어도 힘들게 일을 한다고 생각하며 상대방이 존경스럽다.",
          "date": "2022-10-31",
          "time": "19:39:22",
          "terminate": "false"
        },
        {
          "speaker": "speaker2",
          "personaID": "41801",
          "participantID": "0034",
          "utterance": "다시 학생 때로 돌아가고 싶어요. 나이 먹을 수록 책임져야 되는 게 많아서 힘드네요. 나중에 공인중개사 자격증 따서 좀 여유롭게 일하고 싶어요.",
          "summary": "나는 공인중개사 자격증 취득할 예정이다.",
          "date": "2022-10-31",
          "time": "19:40:08",
          "terminate": "false"
        },
        {
          "speaker": "speaker1",
          "personaID": "10415",
          "participantID": "1704",
          "utterance": "대화를 해보니 꼭 금방 공인중개사 자격증을 취득하실수 있을거 같네요.",
          "summary": "나는 상대방과 대화를 해보니 상대방이 금방 공인중개사 자격증을 취득할 것 같다.",
          "date": "2022-10-31",
          "time": "19:40:38",
          "terminate": "false"
        },
        {
          "speaker": "speaker2",
          "personaID": "41801",
          "participantID": "0034",
          "utterance": "응원 감사해요. 거래처에서 계속 전화가 와서 다시 일하러 가볼게요. 공부 힘내요.",
          "summary": "",
          "date": "2022-10-31",
          "time": "19:41:03",
          "terminate": "false"
        },
        {
          "speaker": "speaker1",
          "personaID": "10415",
          "participantID": "1704",
          "utterance": "네 즐거웠습니다. 다음에 다시 뵙도록 할게요!",
          "summary": "",
          "date": "2022-10-31",
          "time": "19:41:31",
          "terminate": "true"
        }
      ],
      "sessionPersonaSummary": {
        "speaker1": [
          "나는 요즘 수능이 다가와서 모두가 예민한 시기라고 생각한다.",
          "나는 요즘 수시전형이 다양해져서 자격증도 취득해야 한다. 나는 한국사 자격증 준비를 하고 있다.",
          "나는 오전 7시부터 수업을 듣고 야자를 밤 12시까지 하고 집에 간다.",
          "나는 노무사가 되어도 힘들게 일을 한다고 생각하며 상대방이 존경스럽다.",
          "나는 상대방과 대화를 해보니 상대방이 금방 공인중개사 자격증을 취득할 것 같다."
        ],
        "speaker2": [
          "나는 한국사 자격증 대학교 때 취득하였다.",
          "나는 가끔 12시까지 일한다.\n",
          "나는 공인중개사 자격증 취득할 예정이다."
        ]
      },
      "prevAggregatedpersonaSummary": {
        "speaker1": [
          "나는 10대 남자이다.",
          "나는 의정부에 있는 고등학교를 다니고 있다. 나는 의정부에 거주 중이다.",
          "나는 유치원 교사가 되는 게 꿈이다.",
          "나는 단감을 싫어한다. 나는 요즘 아이들과 다르게 단감을 싫어하는 게 걱정이다.",
          "나는 배를 좋아하며 배가 달달해서 식혜랑 먹으면 시너지가 두배라고 생각한다.",
          "나는 공부하느라 바빠서 관심사가 딱히 없다.",
          "나는 가끔 헬스장에 나가서 헬스를 한다. 나는 좀 있으면 헬스장에 갈 시간이다."
        ],
        "speaker2": [
          "나는 40대 여자이다.",
          "나는 노무사이다.",
          "나는 배를 좋아한다.",
          "나는 골프를 싫어한다.\n"
        ]
      }
    }
  ]
}