{
  "FileInfo": {
    "filename": "K2-00464-CL52664-CP43855-08-02-S2.json",
    "sessionLevel": "2"
  },
  "participantsInfo": {
    "numberOfParticipants": "2",
    "speaker1": {
      "participantID": "0293",
      "gender": "여성",
      "age": "60대 이상",
      "occupation": "주부",
      "bPlace": "부산/대구/울산/경상",
      "gPlace": "부산/대구/울산/경상",
      "rPlace": "서울/경기/인천",
      "educationLevel": "대졸"
    },
    "speaker2": {
      "participantID": "4751",
      "gender": "여성",
      "age": "40대",
      "occupation": "사무직",
      "bPlace": "서울/경기/인천",
      "gPlace": "서울/경기/인천",
      "rPlace": "서울/경기/인천",
      "educationLevel": "대졸"
    }
  },
  "multisessionInfo": {
    "multisessionID": "2-00464"
  },
  "personaInfo": {
    "clInfo": {
      "personaID": "52664",
      "personaFeatures": [
        "나는 여자이다.",
        "나는 50대이다.",
        "나는 저녁에 뉴스를 읽는다",
        "나는 아동 한자지도사 자격증을 공부하고 있다",
        "나는 요즘, 가끔 괴롭다",
        "나는 장구 연주를 배우고 싶다"
      ],
      "speakerType": "speaker1"
    },
    "cpInfo": {
      "personaID": "43855",
      "personaFeatures": [
        "나는 여자이다.",
        "나는 40대이다.",
        "나는 외식 관련직에 종사한다",
        "나는 밤에 SNS를 한다",
        "나는 컨트리음악을 좋아한다",
        "나는 주식은 어떻게 하는지도 모른다",
        "나는 요즘, 가끔 괴롭다"
      ],
      "speakerType": "speaker2"
    }
  },
  "topicInfo": {
    "topicID": "08-02",
    "topicType": "개인 및 관계>연애/결혼",
    "topicTitle": "기념일"
  },
  "sessionInfo": [
    {
      "prevSessionID": null,
      "prevTimeInfo": {
        "timeNum": null,
        "timeUnit": null
      },
      "nthSession": "1",
      "numberOfUtterances": "14",
      "numberOfTurns": "7",
      "sessionID": "2-00464-1",
      "dialog": [
        {
          "speaker": "speaker1",
          "personaID": "52664",
          "participantID": "0293",
          "utterance": "안녕하세요. 아동 한자지도사 자격증을 공부하고 있는 50대 여성입니다.",
          "summary": "나는 아동한자지도사 자격증을 공부한다. 나는 50대 여성이다",
          "date": "2022-11-25",
          "time": "12:55:01",
          "terminate": "false"
        },
        {
          "speaker": "speaker2",
          "personaID": "43855",
          "participantID": "4751",
          "utterance": "안녕하세요 저는 외식관련직애 종사하는 40대 여성입니다 @이름@님은 주로 밤에 뭐하며 시간 보내세요?",
          "summary": "나는 외식 관련직에 종사하는 40대 여성이다.",
          "date": "2022-11-25",
          "time": "12:56:28",
          "terminate": "false"
        },
        {
          "speaker": "speaker1",
          "personaID": "52664",
          "participantID": "0293",
          "utterance": "저는 저녁에 주로 뉴스를 읽으면서 시간을 보내요. 요즘 가끔 괴롭고 힘들다는 생각에 밤시간이 더 힘드네요.",
          "summary": "나는 주로 저녁에 뉴스를 읽는다. 나는 요즘 가끔 괴롭고 힘들다.",
          "date": "2022-11-25",
          "time": "13:02:22",
          "terminate": "false"
        },
        {
          "speaker": "speaker2",
          "personaID": "43855",
          "participantID": "4751",
          "utterance": "뉴스를 읽어야 세상 돌아가는걸 알죠 저도 뉴스좀 봐야하는데 밤에 sns를 주로해서 . 그래도 거기서 얻는 정보도 많아요 ㅋ 음악 좋아하세요?",
          "summary": "나는 뉴스를 봐야 하는데 밤에 sns를 한다. 나는 sns에서 주로 정보를 얻는다.",
          "date": "2022-11-25",
          "time": "13:06:32",
          "terminate": "false"
        },
        {
          "speaker": "speaker1",
          "personaID": "52664",
          "participantID": "0293",
          "utterance": "저는 조용한 발라드 음악을 좋아하는데, 요즘은 장구 연주를 배우고 싶어서 알아보고 있답니다. ",
          "summary": "나는 발라드를 좋아하고 요즘 장구 연주를 배우고 싶다",
          "date": "2022-11-25",
          "time": "20:21:05",
          "terminate": "false"
        },
        {
          "speaker": "speaker2",
          "personaID": "43855",
          "participantID": "4751",
          "utterance": "장구연주요? ㅋㅋ 뭔가 컨트리 한데요? 사실 제가 컨트리 음악을 좋아해요 뭔가 통할거 같아요 ㅋ",
          "summary": "나는 컨트리 음악을 좋아한다.",
          "date": "2022-11-25",
          "time": "20:45:05",
          "terminate": "false"
        },
        {
          "speaker": "speaker1",
          "personaID": "52664",
          "participantID": "0293",
          "utterance": "나이드니까 전통 음악이 왠지 끌리네요 ㅎ 장구를 배워서 이 담에 봉사 활동 다니는 것도 재미있을 것 같아요.",
          "summary": "나는 나이가 들면서 전통음악이 좋다 나는 장구를 배워서 봉사황동 다니는 것이 재밌을 거 같다.",
          "date": "2022-11-25",
          "time": "20:52:22",
          "terminate": "false"
        },
        {
          "speaker": "speaker2",
          "personaID": "43855",
          "participantID": "4751",
          "utterance": "봉사 좋죠!! 저는 몇년동안 해외 결식아동 기부를  했었는데 회사 사정이 안좋아져 급여가 삭감되는 바람에 그만하게 됬어요 그래서 요즘 기부해주던 인도네시아 아이 생각하면 괴로워요 내가 힘들더라도 그냥 할껄 그랬나 싶고 ㅠ",
          "summary": "나는 몇 년 동안 해외 결식아동 기부를 했었다. 나는 기부를 그만둔 인도네시아 아이를 생각하면 마음이 괴롭다.",
          "date": "2022-11-25",
          "time": "20:56:03",
          "terminate": "false"
        },
        {
          "speaker": "speaker1",
          "personaID": "52664",
          "participantID": "0293",
          "utterance": "훌륭한 일을 하셨네요. 경제가 다시 좋아져서 봉사 활동도 다시 활성화 되었으면 좋겠네요.",
          "summary": "",
          "date": "2022-11-25",
          "time": "21:01:23",
          "terminate": "false"
        },
        {
          "speaker": "speaker2",
          "personaID": "43855",
          "participantID": "4751",
          "utterance": "맞아요 경기가 안좋으니 주식시장도 엉망이고ㅠ 제가 주식은 어떻게 하는지도 모르는데 덕컥 투자를 했지 뭐예요  아마 이게 심리적 작용으로 기부를 그만 둔 계기가 된거 같아요 ㅠ 주식 공부를 했어야 했어요",
          "summary": "나는 주식 울 어떻게 하는지도 모르는데 투자를 했다. 나는 주식 공부 안 하고 투자한 게 후회된다.",
          "date": "2022-11-25",
          "time": "21:04:50",
          "terminate": "false"
        },
        {
          "speaker": "speaker1",
          "personaID": "52664",
          "participantID": "0293",
          "utterance": "주식은 저한테는 넘 어려웠어요ㅜ 저는 주식에서 손해만 보고 접었답니다.",
          "summary": "나는 주식이 어렵다 나는 주식에서 손해만 보고 접었다.",
          "date": "2022-11-25",
          "time": "21:07:07",
          "terminate": "false"
        },
        {
          "speaker": "speaker2",
          "personaID": "43855",
          "participantID": "4751",
          "utterance": "주식도 그렇고 기부 그만둔것도 그렇고 요즘 가끔 괴로워요 ",
          "summary": "나는 주식도 그렇고 기부 그만둔 것도 그렇고 요즘 가끔 괴롭다.",
          "date": "2022-11-25",
          "time": "21:09:50",
          "terminate": "false"
        },
        {
          "speaker": "speaker1",
          "personaID": "52664",
          "participantID": "0293",
          "utterance": "저도 맘이 힘들 때는 동영상채널에서 심리 강연도 찾아 듣곤 하는데. . 가을이라 더 맘이 울쩍해 지는 듯 해요.",
          "summary": "나는 힘들 때면 동영상 채널에서 심리 강연을 찾아본다 나는 가을이라 더 맘이 울쩐해지는거 같다",
          "date": "2022-11-25",
          "time": "21:21:07",
          "terminate": "false"
        },
        {
          "speaker": "speaker2",
          "personaID": "43855",
          "participantID": "4751",
          "utterance": "저도  동영상채널에서 심리강연이라도 들어야 할까뵈요 얘기하다 보니 잘 시간이 됐네요 좋은밤 되세요",
          "summary": "나는 동영상 채널에서 심리 강연을 들어봐야 할 것 같다.",
          "date": "2022-11-25",
          "time": "21:24:36",
          "terminate": "true"
        }
      ],
      "sessionPersonaSummary": {
        "speaker1": [
          "나는 아동한자지도사 자격증을 공부한다. 나는 50대 여성이다",
          "나는 주로 저녁에 뉴스를 읽는다. 나는 요즘 가끔 괴롭고 힘들다.",
          "나는 발라드를 좋아하고 요즘 장구 연주를 배우고 싶다",
          "나는 나이가 들면서 전통음악이 좋다 나는 장구를 배워서 봉사황동 다니는 것이 재밌을 거 같다.",
          "나는 주식이 어렵다 나는 주식에서 손해만 보고 접었다.",
          "나는 힘들 때면 동영상 채널에서 심리 강연을 찾아본다 나는 가을이라 더 맘이 울쩐해지는거 같다"
        ],
        "speaker2": [
          "나는 외식 관련직에 종사하는 40대 여성이다.",
          "나는 뉴스를 봐야 하는데 밤에 sns를 한다. 나는 sns에서 주로 정보를 얻는다.",
          "나는 컨트리 음악을 좋아한다.",
          "나는 몇 년 동안 해외 결식아동 기부를 했었다.",
          "나는 기부를 그만둔 인도네시아 아이를 생각하면 마음이 괴롭다.",
          "나는 주식 울 어떻게 하는지도 모르는데 투자를 했다.",
          "나는 주식 공부 안 하고 투자한 게 후회된다.",
          "나는 주식도 그렇고 기부 그만둔 것도 그렇고 요즘 가끔 괴롭다.",
          "나는 동영상 채널에서 심리 강연을 들어봐야 할 것 같다."
        ]
      },
      "prevAggregatedpersonaSummary": {
        "speaker1": [],
        "speaker2": []
      }
    },
    {
      "prevSessionID": "2-00464-1",
      "prevTimeInfo": {
        "timeNum": "1",
        "timeUnit": "주"
      },
      "nthSession": "2",
      "numberOfUtterances": "14",
      "numberOfTurns": "7",
      "sessionID": "2-00464-2",
      "dialog": [
        {
          "speaker": "speaker1",
          "personaID": "52664",
          "participantID": "0293",
          "utterance": "잘 지내셨나요? 어느새 1주일이 지났네요. 아직도 밤에 sns를 하시나요?",
          "summary": "",
          "date": "2022-11-25",
          "time": "23:02:16",
          "terminate": "false"
        },
        {
          "speaker": "speaker2",
          "personaID": "43855",
          "participantID": "4751",
          "utterance": "네 그렇죠! 일주일이 너무 빠르게 지나갔네요 며칠전 결혼기념일이라 남편이랑 가까운데로 바람쐬러 다녀왔어요 잘지내셨죠?",
          "summary": "나는 며칠 전 결혼기념일이라 남편이랑 가까운 데로 바람 쐬러 다녀왔다.",
          "date": "2022-11-26",
          "time": "07:34:22",
          "terminate": "false"
        },
        {
          "speaker": "speaker1",
          "personaID": "52664",
          "participantID": "0293",
          "utterance": "결혼 기념일이셨군요. 축하 드려요. 남편 분과는 연애 결혼이신가요?",
          "summary": "",
          "date": "2022-11-26",
          "time": "07:43:12",
          "terminate": "false"
        },
        {
          "speaker": "speaker2",
          "personaID": "43855",
          "participantID": "4751",
          "utterance": "네 연애결혼이요 첫만남은 우연히 sns 하다가 취미와 관심사가 같아서 가까워졌어요  남편도 컨트리 음악을 좋아하더라고요 ㅋㅋ 연애할때 컨트리음악 틀어주는 카페 찾아다니고 그랬어요 그땐 너무 좋있는데 요즘은 가끔 싸워서 괴롭네요 ㅋㅋ",
          "summary": "나는 남편과 연애결혼했다. 나는 남편과 첫 만남은 sns 하다가 취미와 관심사가 같아서 가까워졌다. 나의 남편은 컨트리 음악을 좋아한다 나는 요즘 남편과 가끔 싸워서 괴롭다.",
          "date": "2022-11-26",
          "time": "07:50:01",
          "terminate": "false"
        },
        {
          "speaker": "speaker1",
          "personaID": "52664",
          "participantID": "0293",
          "utterance": "우스개 소리로 너 없으면 못 살 것 같아서 결혼 했는데 결혼 후에는 너 때문에 못 살겠다고 한다잖아요ㅎ",
          "summary": "",
          "date": "2022-11-26",
          "time": "07:56:08",
          "terminate": "false"
        },
        {
          "speaker": "speaker2",
          "personaID": "43855",
          "participantID": "4751",
          "utterance": "ㅋㅋ 부부관계란 참 웃겨요 그쵸? 안보면 못살겠어서 같이 살려고 결혼했는데 결혼하면 서로 꼴보기 싫어지니 말이예요 ",
          "summary": "나는 안 보면 못살겠어서 결혼했는데 결혼하면 서로 꼴 보기 싫어지는 부부 관계가 참 아이러니하다고 생각한다.",
          "date": "2022-11-26",
          "time": "07:57:45",
          "terminate": "false"
        },
        {
          "speaker": "speaker1",
          "personaID": "52664",
          "participantID": "0293",
          "utterance": "그렇죠 ㅎ 결혼 기념일은 주로 두 분이서 만 시간을 보내시나 보네요.",
          "summary": "",
          "date": "2022-11-26",
          "time": "08:00:40",
          "terminate": "false"
        },
        {
          "speaker": "speaker2",
          "personaID": "43855",
          "participantID": "4751",
          "utterance": "그쵸 기념일이니 단둘이 보내죠 맛집 예약해서 맛있는거 먹고 분위기 좋은 카페가고 . 그런데 직업병이 있어 그런가 맛집가면 이 음식 저 음식 비교하기 바빠요 ㅋㅋ",
          "summary": "나는 결혼기념일에는 맛집 예약해서 맛있는 거 먹고 분위기 좋은 카페에 간다.",
          "date": "2022-11-26",
          "time": "08:07:24",
          "terminate": "false"
        },
        {
          "speaker": "speaker1",
          "personaID": "52664",
          "participantID": "0293",
          "utterance": "일거양득이죠 . 결혼 기념일도 챙기고 직업에도 도움이 되고. 외식 관련직이시면  맛난 음식 진짜 많이 드셨겠네요.",
          "summary": "",
          "date": "2022-11-26",
          "time": "08:10:02",
          "terminate": "false"
        },
        {
          "speaker": "speaker2",
          "personaID": "43855",
          "participantID": "4751",
          "utterance": "음식을 일단 편견있게 먹죠 모든음식이 그냥 다 비교대상 ㅋㅋ @이름@님은 연애결혼인가요? 남편과 관계는 좋으세요?",
          "summary": "나는 직업 상 음식을 일단 편견 있게 먹는다. 모든 음식이 나에게는 비교 대상이 된다.",
          "date": "2022-11-26",
          "time": "08:13:36",
          "terminate": "false"
        },
        {
          "speaker": "speaker1",
          "personaID": "52664",
          "participantID": "0293",
          "utterance": "저도 연애 결혼인데 살수록 서로 참 다르구나. . 싶네요.",
          "summary": "나는 연애결혼을 했다",
          "date": "2022-11-26",
          "time": "08:20:19",
          "terminate": "false"
        },
        {
          "speaker": "speaker2",
          "personaID": "43855",
          "participantID": "4751",
          "utterance": "결혼은 해도 후회 안해도 후회인거 같아요 연애시절처럼 관계 유지하려면 서로 엄청 노력해야해요",
          "summary": "나는 결혼 후 연애 시절처럼 관계를 유지하려면 서로 엄청 노력해야 한다고 생각한다.",
          "date": "2022-11-26",
          "time": "08:21:10",
          "terminate": "false"
        },
        {
          "speaker": "speaker1",
          "personaID": "52664",
          "participantID": "0293",
          "utterance": "맞아요 서로 엄청 노력해야 하는데 한 사람만 노력하면 왠지 억울할 것 같아요.",
          "summary": "나는 결혼 후 서로 노력해야 좋은 관계를 유지할 수 있다고 생각한다",
          "date": "2022-11-26",
          "time": "08:22:34",
          "terminate": "false"
        },
        {
          "speaker": "speaker2",
          "personaID": "43855",
          "participantID": "4751",
          "utterance": "그래서 싸움이 나는거죠 부부관계든 친구와의 관계든 쉬운건 없어요 . 지금 급하게 해야할 일이 있어서 가봐야 할거 같아요 . 다음에 또 수다 떨어요",
          "summary": "나는 해야 할 일이 있어서 가봐야 한다.",
          "date": "2022-11-26",
          "time": "08:24:09",
          "terminate": "true"
        }
      ],
      "sessionPersonaSummary": {
        "speaker1": [
          "나는 연애결혼을 했다",
          "나는 결혼 후 서로 노력해야 좋은 관계를 유지할 수 있다고 생각한다"
        ],
        "speaker2": [
          "나는 며칠 전 결혼기념일이라 남편이랑 가까운 데로 바람 쐬러 다녀왔다.",
          "나는 남편과 연애결혼했다. 나는 남편과 첫 만남은 sns 하다가 취미와 관심사가 같아서 가까워졌다. 나의 남편은 컨트리 음악을 좋아한다",
          "나는 요즘 남편과 가끔 싸워서 괴롭다.",
          "나는 안 보면 못살겠어서 결혼했는데 결혼하면 서로 꼴 보기 싫어지는 부부 관계가 참 아이러니하다고 생각한다.",
          "나는 결혼기념일에는 맛집 예약해서 맛있는 거 먹고 분위기 좋은 카페에 간다.",
          "나는 직업 상 음식을 일단 편견 있게 먹는다. 모든 음식이 나에게는 비교 대상이 된다.",
          "나는 결혼 후 연애 시절처럼 관계를 유지하려면 서로 엄청 노력해야 한다고 생각한다.",
          "나는 해야 할 일이 있어서 가봐야 한다."
        ]
      },
      "prevAggregatedpersonaSummary": {
        "speaker1": [
          "나는 아동한자지도사 자격증을 공부한다. 나는 50대 여성이다",
          "나는 주로 저녁에 뉴스를 읽는다. 나는 요즘 가끔 괴롭고 힘들다.",
          "나는 발라드를 좋아하고 요즘 장구 연주를 배우고 싶다",
          "나는 나이가 들면서 전통음악이 좋다 나는 장구를 배워서 봉사황동 다니는 것이 재밌을 거 같다.",
          "나는 주식이 어렵다 나는 주식에서 손해만 보고 접었다.",
          "나는 힘들 때면 동영상 채널에서 심리 강연을 찾아본다 나는 가을이라 더 맘이 울쩐해지는거 같다"
        ],
        "speaker2": [
          "나는 외식 관련직에 종사하는 40대 여성이다.",
          "나는 뉴스를 봐야 하는데 밤에 sns를 한다. 나는 sns에서 주로 정보를 얻는다.",
          "나는 컨트리 음악을 좋아한다.",
          "나는 몇 년 동안 해외 결식아동 기부를 했었다.",
          "나는 기부를 그만둔 인도네시아 아이를 생각하면 마음이 괴롭다.",
          "나는 주식 울 어떻게 하는지도 모르는데 투자를 했다.",
          "나는 주식 공부 안 하고 투자한 게 후회된다.",
          "나는 주식도 그렇고 기부 그만둔 것도 그렇고 요즘 가끔 괴롭다.",
          "나는 동영상 채널에서 심리 강연을 들어봐야 할 것 같다."
        ]
      }
    }
  ]
}