{
  "FileInfo": {
    "filename": "K2-00366-CL20572-CP26040-03-10-S2.json",
    "sessionLevel": "2"
  },
  "participantsInfo": {
    "numberOfParticipants": "2",
    "speaker1": {
      "participantID": "0196",
      "gender": "남성",
      "age": "30대",
      "occupation": "기타",
      "bPlace": "부산/대구/울산/경상",
      "gPlace": "부산/대구/울산/경상",
      "rPlace": "부산/대구/울산/경상",
      "educationLevel": "대졸"
    },
    "speaker2": {
      "participantID": "0157",
      "gender": "여성",
      "age": "10대",
      "occupation": "무직",
      "bPlace": "광주/전라/제주",
      "gPlace": "광주/전라/제주",
      "rPlace": "광주/전라/제주",
      "educationLevel": "대졸"
    }
  },
  "multisessionInfo": {
    "multisessionID": "2-00366"
  },
  "personaInfo": {
    "clInfo": {
      "personaID": "20572",
      "personaFeatures": [
        "나는 남자이다.",
        "나는 20대이다.",
        "나는 커피를 마시지 않는다",
        "나는 항공기 조종사이다",
        "나는 달리기를 가끔 한다"
      ],
      "speakerType": "speaker1"
    },
    "cpInfo": {
      "personaID": "26040",
      "personaFeatures": [
        "나는 여자이다.",
        "나는 20대이다.",
        "나의 거주지는 부천이다",
        "나는 영어영문학 전공이다",
        "나는 일렉기타 연주를 가끔 한다",
        "나는 매운 음식을 싫어한다",
        "나는 저녁에 TV를 본다"
      ],
      "speakerType": "speaker2"
    }
  },
  "topicInfo": {
    "topicID": "03-10",
    "topicType": "교통",
    "topicTitle": "교통"
  },
  "sessionInfo": [
    {
      "prevSessionID": null,
      "prevTimeInfo": {
        "timeNum": null,
        "timeUnit": null
      },
      "nthSession": "1",
      "numberOfUtterances": "15",
      "numberOfTurns": "7",
      "sessionID": "2-00366-1",
      "dialog": [
        {
          "speaker": "speaker1",
          "personaID": "20572",
          "participantID": "0196",
          "utterance": "반가워요. 전 항공기조종사로 일하고있고 20대남자입니다.",
          "summary": "나는 항공기 조종사이다. 나는 20대 남성이다.",
          "date": "2022-11-10",
          "time": "13:13:37",
          "terminate": "false"
        },
        {
          "speaker": "speaker2",
          "personaID": "26040",
          "participantID": "0157",
          "utterance": "안녕하세요. 저는 20대 여자예요. ",
          "summary": "나는 20대 여자다.",
          "date": "2022-11-10",
          "time": "13:13:58",
          "terminate": "false"
        },
        {
          "speaker": "speaker1",
          "personaID": "20572",
          "participantID": "0196",
          "utterance": "혹시 하시는일이 어떻게되세요? ",
          "summary": "",
          "date": "2022-11-10",
          "time": "13:14:57",
          "terminate": "false"
        },
        {
          "speaker": "speaker2",
          "personaID": "26040",
          "participantID": "0157",
          "utterance": "저는 영어영문학을 전공하는 대학생이에요! ",
          "summary": "나는 영어영문학을 전공한다. 나는 대학생이다.",
          "date": "2022-11-10",
          "time": "13:15:42",
          "terminate": "false"
        },
        {
          "speaker": "speaker1",
          "personaID": "20572",
          "participantID": "0196",
          "utterance": "아하. 그러시군요 ㅎㅎ 운동은 좋아하세요? 전 달리기 가끔해요.",
          "summary": "나는 달리기를 가끔 한다.",
          "date": "2022-11-10",
          "time": "13:16:04",
          "terminate": "false"
        },
        {
          "speaker": "speaker2",
          "personaID": "26040",
          "participantID": "0157",
          "utterance": "음. 저는 운동에는 관심이 없어요! 대신 일렉기타 연주를 가끔 한답니다.",
          "summary": "나는 운동에 관심 없다. 나는 일렉기타 연주를 가끔 한다.",
          "date": "2022-11-10",
          "time": "13:17:23",
          "terminate": "false"
        },
        {
          "speaker": "speaker1",
          "personaID": "20572",
          "participantID": "0196",
          "utterance": "우와. 저는 베이스기타 배우고싶은데. 기타는 언제부터 치셨어요?",
          "summary": "나는 베이스 기타를 배우고 싶다.",
          "date": "2022-11-10",
          "time": "13:17:42",
          "terminate": "false"
        },
        {
          "speaker": "speaker2",
          "personaID": "26040",
          "participantID": "0157",
          "utterance": "저는 독학으로 친지 1년 됐어요. 혹시 어디 살아요? 제가 부천 살거든요. ",
          "summary": "나는 기타를 친지 1년 됐다. 나는 부천에 산다.",
          "date": "2022-11-10",
          "time": "13:18:35",
          "terminate": "false"
        },
        {
          "speaker": "speaker1",
          "personaID": "20572",
          "participantID": "0196",
          "utterance": "저는 대구살아요. 독학으로가능해요? 저는 배워야겠다 생각해도 실천이 안되던데.. ",
          "summary": "나의 거주지는 대구이다. 나는 배우려고 해도 실천이 안 된다.",
          "date": "2022-11-10",
          "time": "13:19:16",
          "terminate": "false"
        },
        {
          "speaker": "speaker2",
          "personaID": "26040",
          "participantID": "0157",
          "utterance": "ㅎㅎ감사해요. 대구 사시니까 아쉽네요. 만나뵙고 싶었는데 말이죠. 그나저나 배고프지 않으세요?",
          "summary": "나는 상대방을 만나보고 싶었다.",
          "date": "2022-11-10",
          "time": "13:20:39",
          "terminate": "false"
        },
        {
          "speaker": "speaker1",
          "personaID": "20572",
          "participantID": "0196",
          "utterance": "저는 간식 먹으면서 일중이라 ㅎㅎ 배고프세요?",
          "summary": "나는 간식을 먹으며 일 중이다.",
          "date": "2022-11-10",
          "time": "13:22:24",
          "terminate": "false"
        },
        {
          "speaker": "speaker2",
          "personaID": "26040",
          "participantID": "0157",
          "utterance": "네. 완전요. 무슨 간식 드세요? 궁금하네요. ",
          "summary": "",
          "date": "2022-11-10",
          "time": "13:22:55",
          "terminate": "false"
        },
        {
          "speaker": "speaker1",
          "personaID": "20572",
          "participantID": "0196",
          "utterance": "땅콩샌드랑 매새먹고있어요. 매운새우깡 ㅋㅋ 식사하셔야겠네요. 배고프시겠어요.",
          "summary": "나는 땅콩샌드를 먹는다. 나는 매운 새우깡을 먹는다.",
          "date": "2022-11-10",
          "time": "13:23:36",
          "terminate": "false"
        },
        {
          "speaker": "speaker2",
          "personaID": "26040",
          "participantID": "0157",
          "utterance": "전 매운 음식은 싫어해서 매운 새우깡은 안 좋아하는데. 전 이따 저녁에 TV 보면서 먹으려구요. 제가 저녁엔 TV를 봐요. 그럼 전 이만 일이 있어서 가볼게요.",
          "summary": "나는 매운 음식을 싫어한다. 나는 저녁에 tv를 본다.",
          "date": "2022-11-10",
          "time": "13:24:26",
          "terminate": "false"
        },
        {
          "speaker": "speaker1",
          "personaID": "20572",
          "participantID": "0196",
          "utterance": "네. 저는 동료가 카페가자고하네요 ㅠ 전 커피안마시는데.. 차나 마셔야겠어요. 열일하세요!",
          "summary": "나는 동료가 카페에 가자고 한다. 나는 커피를 안 마신다. 나는 차를 마실 예정이다.",
          "date": "2022-11-10",
          "time": "13:25:20",
          "terminate": "true"
        }
      ],
      "sessionPersonaSummary": {
        "speaker1": [
          "나는 항공기 조종사이다. 나는 20대 남성이다.",
          "나는 달리기를 가끔 한다.",
          "나는 베이스 기타를 배우고 싶다.",
          "나의 거주지는 대구이다. 나는 배우려고 해도 실천이 안 된다.",
          "나는 간식을 먹으며 일 중이다.",
          "나는 땅콩샌드를 먹는다. 나는 매운 새우깡을 먹는다.",
          "나는 동료가 카페에 가자고 한다. 나는 커피를 안 마신다. 나는 차를 마실 예정이다."
        ],
        "speaker2": [
          "나는 20대 여자다.",
          "나는 영어영문학을 전공한다. 나는 대학생이다.",
          "나는 운동에 관심 없다. 나는 일렉기타 연주를 가끔 한다.",
          "나는 기타를 친지 1년 됐다. 나는 부천에 산다.",
          "나는 상대방을 만나보고 싶었다.",
          "나는 매운 음식을 싫어한다. 나는 저녁에 tv를 본다."
        ]
      },
      "prevAggregatedpersonaSummary": {
        "speaker1": [],
        "speaker2": []
      }
    },
    {
      "prevSessionID": "2-00366-1",
      "prevTimeInfo": {
        "timeNum": "2",
        "timeUnit": "일"
      },
      "nthSession": "2",
      "numberOfUtterances": "15",
      "numberOfTurns": "7",
      "sessionID": "2-00366-2",
      "dialog": [
        {
          "speaker": "speaker1",
          "personaID": "20572",
          "participantID": "0196",
          "utterance": "이틀동안 잘지내셧어요? 대학다니니까 공부하고지내셨겠죠?",
          "summary": "",
          "date": "2022-11-10",
          "time": "13:27:19",
          "terminate": "false"
        },
        {
          "speaker": "speaker2",
          "personaID": "26040",
          "participantID": "0157",
          "utterance": "네. 영어영문학 전공이 저랑 적성에 잘 맞아서 잘 하고 있어요.",
          "summary": "나는 전공이 적성에 맞다.",
          "date": "2022-11-10",
          "time": "13:27:37",
          "terminate": "false"
        },
        {
          "speaker": "speaker1",
          "personaID": "20572",
          "participantID": "0196",
          "utterance": "다행이네요~ 영어를 그럼 꽤나 잘하시겠어요. ",
          "summary": "",
          "date": "2022-11-10",
          "time": "13:28:38",
          "terminate": "false"
        },
        {
          "speaker": "speaker2",
          "personaID": "26040",
          "participantID": "0157",
          "utterance": "그렇죠. 전공이니까 비전공자보다는 잘 해요!",
          "summary": "나는 영어를 잘한다.",
          "date": "2022-11-10",
          "time": "13:28:55",
          "terminate": "false"
        },
        {
          "speaker": "speaker1",
          "personaID": "20572",
          "participantID": "0196",
          "utterance": "아 ㅎㅎ 현답이네요. 저도 영어좀 하는데.그나저나 대학은 그럼 버스타고다녀요?\n",
          "summary": "나는 영어를 좀 한다.",
          "date": "2022-11-10",
          "time": "13:29:46",
          "terminate": "false"
        },
        {
          "speaker": "speaker2",
          "personaID": "26040",
          "participantID": "0157",
          "utterance": "정말요? 나중에 영어로 대화 해봐요! 네. 저 학교 항상 버스 타고 가요.",
          "summary": "나는 버스를 타고 간다.",
          "date": "2022-11-10",
          "time": "13:30:39",
          "terminate": "false"
        },
        {
          "speaker": "speaker1",
          "personaID": "20572",
          "participantID": "0196",
          "utterance": "버스타고 몇분정도 걸려요? 저는 학교다닐때 한시간 걸려서 힘들었어요.",
          "summary": "나는 학교 다닐 때 동학 시간이 버스 타고 한 시간 걸렸다.",
          "date": "2022-11-10",
          "time": "13:30:54",
          "terminate": "false"
        },
        {
          "speaker": "speaker2",
          "personaID": "26040",
          "participantID": "0157",
          "utterance": "저는 버스타고 30분 정도 걸려요!",
          "summary": "나의 대학교는 버스 타고 30분이 걸린다.",
          "date": "2022-11-10",
          "time": "13:31:40",
          "terminate": "false"
        },
        {
          "speaker": "speaker1",
          "personaID": "20572",
          "participantID": "0196",
          "utterance": "아하. 그렇게 멀진 않네요. 교통편은 괜찮은편이에요? 환승안하고 한번에 쭉 가요?",
          "summary": "",
          "date": "2022-11-10",
          "time": "13:32:51",
          "terminate": "false"
        },
        {
          "speaker": "speaker2",
          "personaID": "26040",
          "participantID": "0157",
          "utterance": "아뇨ㅠㅠ 환승해야해요. 가끔 교통체증이 있으면 지각할 위기라니까요.",
          "summary": "나는 환승하고 가야 한다.",
          "date": "2022-11-10",
          "time": "13:33:25",
          "terminate": "false"
        },
        {
          "speaker": "speaker1",
          "personaID": "20572",
          "participantID": "0196",
          "utterance": "헉.. 환승해서 30분이면 되게 애매한 거리네요. 지각안하게 시간잘보고 가야겠어요.",
          "summary": "",
          "date": "2022-11-10",
          "time": "13:34:33",
          "terminate": "false"
        },
        {
          "speaker": "speaker2",
          "personaID": "26040",
          "participantID": "0157",
          "utterance": "맞아요. 환승하는 거 너무 번거로워요. 님은 출근 뭐로 하시나요?",
          "summary": "나는 환승하는 것이 번거롭다.",
          "date": "2022-11-10",
          "time": "13:35:03",
          "terminate": "false"
        },
        {
          "speaker": "speaker1",
          "personaID": "20572",
          "participantID": "0196",
          "utterance": "저는 회사 기숙사가 있어서요. 그냥 걸어서가요. 5분거리 ㅋㅋ ",
          "summary": "나는 회사 기숙사가 있다. 나는 회사를 걸어서 출퇴근한다.",
          "date": "2022-11-10",
          "time": "13:35:44",
          "terminate": "false"
        },
        {
          "speaker": "speaker2",
          "personaID": "26040",
          "participantID": "0157",
          "utterance": "아. 그럼 편하겠네요. 근데 저 이만 가봐야겠어요. 다음에 볼까요?",
          "summary": "",
          "date": "2022-11-10",
          "time": "13:36:16",
          "terminate": "false"
        },
        {
          "speaker": "speaker1",
          "personaID": "20572",
          "participantID": "0196",
          "utterance": "네 알겠습니다. 다음에 연락하기로해요~",
          "summary": "",
          "date": "2022-11-10",
          "time": "13:36:28",
          "terminate": "true"
        }
      ],
      "sessionPersonaSummary": {
        "speaker1": [
          "나는 영어를 좀 한다.",
          "나는 학교 다닐 때 동학 시간이 버스 타고 한 시간 걸렸다.",
          "나는 회사 기숙사가 있다. 나는 회사를 걸어서 출퇴근한다."
        ],
        "speaker2": [
          "나는 전공이 적성에 맞다.",
          "나는 영어를 잘한다.",
          "나는 버스를 타고 간다.",
          "나의 대학교는 버스 타고 30분이 걸린다.",
          "나는 환승하고 가야 한다.",
          "나는 환승하는 것이 번거롭다."
        ]
      },
      "prevAggregatedpersonaSummary": {
        "speaker1": [
          "나는 항공기 조종사이다. 나는 20대 남성이다.",
          "나는 달리기를 가끔 한다.",
          "나는 베이스 기타를 배우고 싶다.",
          "나의 거주지는 대구이다. 나는 배우려고 해도 실천이 안 된다.",
          "나는 간식을 먹으며 일 중이다.",
          "나는 땅콩샌드를 먹는다. 나는 매운 새우깡을 먹는다.",
          "나는 동료가 카페에 가자고 한다. 나는 커피를 안 마신다. 나는 차를 마실 예정이다."
        ],
        "speaker2": [
          "나는 20대 여자다.",
          "나는 영어영문학을 전공한다. 나는 대학생이다.",
          "나는 운동에 관심 없다. 나는 일렉기타 연주를 가끔 한다.",
          "나는 기타를 친지 1년 됐다. 나는 부천에 산다.",
          "나는 상대방을 만나보고 싶었다.",
          "나는 매운 음식을 싫어한다. 나는 저녁에 tv를 본다."
        ]
      }
    }
  ]
}