{
  "FileInfo": {
    "filename": "K2-00423-CL02913-CP01072-18-01-S2.json",
    "sessionLevel": "2"
  },
  "participantsInfo": {
    "numberOfParticipants": "2",
    "speaker1": {
      "participantID": "0011",
      "gender": "여성",
      "age": "30대",
      "occupation": "사무직",
      "bPlace": "부산/대구/울산/경상",
      "gPlace": "부산/대구/울산/경상",
      "rPlace": "부산/대구/울산/경상",
      "educationLevel": "고졸"
    },
    "speaker2": {
      "participantID": "0207",
      "gender": "남성",
      "age": "20대",
      "occupation": "사무직",
      "bPlace": "서울/경기/인천",
      "gPlace": "서울/경기/인천",
      "rPlace": "서울/경기/인천",
      "educationLevel": "대졸"
    }
  },
  "multisessionInfo": {
    "multisessionID": "2-00423"
  },
  "personaInfo": {
    "clInfo": {
      "personaID": "02913",
      "personaFeatures": [
        "나는 여자이다.",
        "나는 30대이다.",
        "나의 거주지는 서울이다.",
        "나는 저녁에 걸레질을 한다.",
        "나는 외환 딜러이다."
      ],
      "speakerType": "speaker1"
    },
    "cpInfo": {
      "personaID": "01072",
      "personaFeatures": [
        "나는 남자이다.",
        "나는 20대이다.",
        "나는 종교가 없다.",
        "나는 바이올린 연주를 가끔 한다.",
        "나는 요즘, 가끔 행복하다."
      ],
      "speakerType": "speaker2"
    }
  },
  "topicInfo": {
    "topicID": "18-01",
    "topicType": "상거래 전반",
    "topicTitle": "쇼핑"
  },
  "sessionInfo": [
    {
      "prevSessionID": null,
      "prevTimeInfo": {
        "timeNum": null,
        "timeUnit": null
      },
      "nthSession": "1",
      "numberOfUtterances": "16",
      "numberOfTurns": "8",
      "sessionID": "2-00423-1",
      "dialog": [
        {
          "speaker": "speaker1",
          "personaID": "02913",
          "participantID": "0011",
          "utterance": "안녕하세요. 이번에 채용된 신입사원님 맞으신가요? 저는 당신의 선임 외환딜러 입니다.",
          "summary": "나는 외환 딜러이다.",
          "date": "2022-09-06",
          "time": "10:59:12",
          "terminate": "false"
        },
        {
          "speaker": "speaker2",
          "personaID": "01072",
          "participantID": "0207",
          "utterance": "안녕하세요. 저는 20살 남자 신입사원 169입니다. 잘 부탁 드립니다.",
          "summary": "나는 20살 남자 신입사원이다.",
          "date": "2022-09-06",
          "time": "10:59:12",
          "terminate": "false"
        },
        {
          "speaker": "speaker1",
          "personaID": "02913",
          "participantID": "0011",
          "utterance": "네, 저는 30대 여자에요. 저도 잘 부탁드려요. 회사생활 하면서 궁금한점 있으면 편하게 물어보세요~",
          "summary": "나는 30대 여자이다.",
          "date": "2022-09-06",
          "time": "10:59:12",
          "terminate": "false"
        },
        {
          "speaker": "speaker2",
          "personaID": "01072",
          "participantID": "0207",
          "utterance": "선망하던 대기업에 취업해서 기분이 좋네요. 덕분에 요즘 가끔 행복해졌어요.",
          "summary": "나는 대기업에 취업했다. 나는 요즘 가끔 행복하다.",
          "date": "2022-09-06",
          "time": "10:59:12",
          "terminate": "false"
        },
        {
          "speaker": "speaker1",
          "personaID": "02913",
          "participantID": "0011",
          "utterance": "제 신입 시절이 생각나네요. 처음에는 그렇죠. 점차 퇴근시간이 늦어지면 또 달라질거에요.",
          "summary": "",
          "date": "2022-09-06",
          "time": "10:59:12",
          "terminate": "false"
        },
        {
          "speaker": "speaker2",
          "personaID": "01072",
          "participantID": "0207",
          "utterance": "그래도 이 한 몸 불사질러 봐야죠! 그리고 그만큼 많은 대우를 해주는 회사잖아요. 혹시 어디에서 사세요?",
          "summary": "",
          "date": "2022-09-06",
          "time": "10:59:12",
          "terminate": "false"
        },
        {
          "speaker": "speaker1",
          "personaID": "02913",
          "participantID": "0011",
          "utterance": "저는 서울에 살아요. 님은 어디서 출퇴근하세요?",
          "summary": "나의 거주지는 서울이다.",
          "date": "2022-09-06",
          "time": "10:59:12",
          "terminate": "false"
        },
        {
          "speaker": "speaker2",
          "personaID": "01072",
          "participantID": "0207",
          "utterance": "전 인천이요. 생각보다 가까운데 사시네요. 퇴근하시면 뭐 하시면서 시간을 보내시나요?",
          "summary": "나는 인천에서 산다.",
          "date": "2022-09-06",
          "time": "10:59:12",
          "terminate": "false"
        },
        {
          "speaker": "speaker1",
          "personaID": "02913",
          "participantID": "0011",
          "utterance": "저는 퇴근하면 주로 밀린 집안일만해요. 저녁에 걸레질하고 그러죠.",
          "summary": "나는 퇴근하고 집안일을 한다. 나는 저녁에 걸레질을 한다.",
          "date": "2022-09-06",
          "time": "10:59:12",
          "terminate": "false"
        },
        {
          "speaker": "speaker2",
          "personaID": "01072",
          "participantID": "0207",
          "utterance": "저는가끔 바이올린 연주요. 그런데 이제 늦게 퇴근하면 더이상 못하게 되겠네요.",
          "summary": "나는 가끔 바이올린 연주를 한다.",
          "date": "2022-09-06",
          "time": "10:59:12",
          "terminate": "false"
        },
        {
          "speaker": "speaker1",
          "personaID": "02913",
          "participantID": "0011",
          "utterance": "그러게요. 인천이면 출퇴근시간이 길어서 더 힘들겠어요. 아쉬워서 어쩌죠?",
          "summary": "",
          "date": "2022-09-06",
          "time": "10:59:12",
          "terminate": "false"
        },
        {
          "speaker": "speaker2",
          "personaID": "01072",
          "participantID": "0207",
          "utterance": "주말에라도 열심히 즐겨야죠. 마침 종교가 없는 무교라 할게 없거든요.",
          "summary": "나는 종교가 없다.",
          "date": "2022-09-06",
          "time": "10:59:12",
          "terminate": "false"
        },
        {
          "speaker": "speaker1",
          "personaID": "02913",
          "participantID": "0011",
          "utterance": "ㅎㅎ마인드가 좋네요. 일을 맡길 믿음이 가는 분 같아요.",
          "summary": "",
          "date": "2022-09-06",
          "time": "10:59:12",
          "terminate": "false"
        },
        {
          "speaker": "speaker2",
          "personaID": "01072",
          "participantID": "0207",
          "utterance": "제 좌우명이 모든일에 최선을 다하자 이거든요. 최대한 지키려고 노력하고 있어요.",
          "summary": "내 좌우명은 모든 일에 최선을 다하자 이다.",
          "date": "2022-09-06",
          "time": "10:59:12",
          "terminate": "false"
        },
        {
          "speaker": "speaker1",
          "personaID": "02913",
          "participantID": "0011",
          "utterance": "우리 같이 화이팅 합시다. 신입사원 OT날에 보겠네요. 그때까지 푹 쉬어요~",
          "summary": "나는 신입사원 OT날 169를 만날 예정이다.",
          "date": "2022-09-06",
          "time": "10:59:12",
          "terminate": "false"
        },
        {
          "speaker": "speaker2",
          "personaID": "01072",
          "participantID": "0207",
          "utterance": "넵 선임 딜러님! 그럼 그때 뵙도록 하겠습니다!",
          "summary": "",
          "date": "2022-09-06",
          "time": "10:59:12",
          "terminate": "true"
        }
      ],
      "sessionPersonaSummary": {
        "speaker1": [
          "나는 외환 딜러이다.",
          "나는 30대 여자이다.",
          "나의 거주지는 서울이다.",
          "나는 퇴근하고 집안일을 한다. 나는 저녁에 걸레질을 한다.",
          "나는 신입사원 OT날 169를 만날 예정이다."
        ],
        "speaker2": [
          "나는 20살 남자 신입사원이다.",
          "나는 대기업에 취업했다. 나는 요즘 가끔 행복하다.",
          "나는 인천에서 산다.",
          "나는 가끔 바이올린 연주를 한다.",
          "나는 종교가 없다.",
          "내 좌우명은 모든 일에 최선을 다하자 이다."
        ]
      },
      "prevAggregatedpersonaSummary": {
        "speaker1": [],
        "speaker2": []
      }
    },
    {
      "prevSessionID": "2-00423-1",
      "prevTimeInfo": {
        "timeNum": "4",
        "timeUnit": "일"
      },
      "nthSession": "2",
      "numberOfUtterances": "16",
      "numberOfTurns": "8",
      "sessionID": "2-00423-2",
      "dialog": [
        {
          "speaker": "speaker1",
          "personaID": "02913",
          "participantID": "0011",
          "utterance": "님 점심 맛있게 먹었어요? 회사일은 어때요 할만한가요?",
          "summary": "",
          "date": "2022-09-06",
          "time": "10:59:12",
          "terminate": "false"
        },
        {
          "speaker": "speaker2",
          "personaID": "01072",
          "participantID": "0207",
          "utterance": "뭐, 한창 배우는 중이죠 이리 치이고 저리 치이느라 정신이 없네요.",
          "summary": "나는 일을 배우느라 너무 바쁘다.",
          "date": "2022-09-06",
          "time": "10:59:12",
          "terminate": "false"
        },
        {
          "speaker": "speaker1",
          "personaID": "02913",
          "participantID": "0011",
          "utterance": "밥 먹을 시간도 없이 바쁘죠.^^ 다름이 아니라~ 이번 주말에 다른 직원들이랑 쇼핑을 갈 까 하는데 님도 시간되면 같이 갈래요?",
          "summary": "나는 이번 주말에 직원들과 쇼핑을 할 예정이다.",
          "date": "2022-09-06",
          "time": "10:59:12",
          "terminate": "false"
        },
        {
          "speaker": "speaker2",
          "personaID": "01072",
          "participantID": "0207",
          "utterance": "아 정말요? 당연히 시간 되죠. 안그래도 다른 분들이랑 어떻하면 친해질 수 있을지 고민하고 있었는데 잘 됐네요.",
          "summary": "나는 다른 직원들과 친해지고 싶다.",
          "date": "2022-09-06",
          "time": "10:59:12",
          "terminate": "false"
        },
        {
          "speaker": "speaker1",
          "personaID": "02913",
          "participantID": "0011",
          "utterance": "회사는 잘 적응하고 계신것 같은데요~ ^^ 같이 쇼핑하고 맛있는것도 먹어요!",
          "summary": "",
          "date": "2022-09-06",
          "time": "10:59:12",
          "terminate": "false"
        },
        {
          "speaker": "speaker2",
          "personaID": "01072",
          "participantID": "0207",
          "utterance": "선임 딜러님 말씀을 들으니 다행이네요. 지난 OT에 불참하신 분들도 있나요? 그 분들과도 친해지고 싶어서요.",
          "summary": "나는 지난 ot때 불참했던 이들과도 친해지고 싶다.",
          "date": "2022-09-06",
          "time": "10:59:12",
          "terminate": "false"
        },
        {
          "speaker": "speaker1",
          "personaID": "02913",
          "participantID": "0011",
          "utterance": "네 한 분 오실 예정이에요! 이 기회에 친해지면 좋을 것 같아요~ 혹시 사고싶은 물건 있나요?",
          "summary": "",
          "date": "2022-09-06",
          "time": "10:59:12",
          "terminate": "false"
        },
        {
          "speaker": "speaker2",
          "personaID": "01072",
          "participantID": "0207",
          "utterance": "시계요! 옛날부터 사고 싶던 브랜드가 있었거든요. 다른건 딱히 필요 없을 것 같네요.",
          "summary": "나는 시계를 사려한다.",
          "date": "2022-09-06",
          "time": "10:59:12",
          "terminate": "false"
        },
        {
          "speaker": "speaker1",
          "personaID": "02913",
          "participantID": "0011",
          "utterance": "마침 사고싶은게 있으셨네요. 그럼 시계사고, 저희 회사에서 다같이 입을 단체티도 살까 하는데 어떠세요?",
          "summary": "나는 회사에서 입을 단체티를 구매할 예정이다.",
          "date": "2022-09-06",
          "time": "10:59:12",
          "terminate": "false"
        },
        {
          "speaker": "speaker2",
          "personaID": "01072",
          "participantID": "0207",
          "utterance": "전 찬성이에요. 어떤 브랜드의 옷인데요?",
          "summary": "",
          "date": "2022-09-06",
          "time": "10:59:12",
          "terminate": "false"
        },
        {
          "speaker": "speaker1",
          "personaID": "02913",
          "participantID": "0011",
          "utterance": "그냥 스파브랜드로 할까 생각중이에요. 그럼 다른분들 한테도 님 가능하다고 알릴게요!",
          "summary": "",
          "date": "2022-09-06",
          "time": "10:59:12",
          "terminate": "false"
        },
        {
          "speaker": "speaker2",
          "personaID": "01072",
          "participantID": "0207",
          "utterance": "무난한 선택이네요. 혹시 단톡방 있나요? 있으면 들어가고 싶은데.",
          "summary": "",
          "date": "2022-09-06",
          "time": "10:59:12",
          "terminate": "false"
        },
        {
          "speaker": "speaker1",
          "personaID": "02913",
          "participantID": "0011",
          "utterance": "좋은 생각이네요. 단톡방 없는데 만들어서 초대할게요~",
          "summary": "나는 단체톡 방을 만들어서 169를 초대할 예정이다.",
          "date": "2022-09-06",
          "time": "10:59:12",
          "terminate": "false"
        },
        {
          "speaker": "speaker2",
          "personaID": "01072",
          "participantID": "0207",
          "utterance": "넵...어 벌써 만드셨네요? 어디보자... 생각보다 가시는 분이 많으시네요?",
          "summary": "",
          "date": "2022-09-06",
          "time": "10:59:12",
          "terminate": "false"
        },
        {
          "speaker": "speaker1",
          "personaID": "02913",
          "participantID": "0011",
          "utterance": "네 좀 많죠 ㅎㅎ 그럼 이제 단톡에서 얘기해요~!",
          "summary": "",
          "date": "2022-09-06",
          "time": "10:59:12",
          "terminate": "false"
        },
        {
          "speaker": "speaker2",
          "personaID": "01072",
          "participantID": "0207",
          "utterance": "넵 다시 한 번 알려 주셔서 감사합니다. 168님은 최고의 회사 선배세요!",
          "summary": "",
          "date": "2022-09-06",
          "time": "10:59:12",
          "terminate": "true"
        }
      ],
      "sessionPersonaSummary": {
        "speaker1": [
          "나는 이번 주말에 직원들과 쇼핑을 할 예정이다.",
          "나는 회사에서 입을 단체티를 구매할 예정이다.",
          "나는 단체톡 방을 만들어서 169를 초대할 예정이다."
        ],
        "speaker2": [
          "나는 일을 배우느라 너무 바쁘다.",
          "나는 다른 직원들과 친해지고 싶다.",
          "나는 지난 ot때 불참했던 이들과도 친해지고 싶다.",
          "나는 시계를 사려한다."
        ]
      },
      "prevAggregatedpersonaSummary": {
        "speaker1": [
          "나는 외환 딜러이다.",
          "나는 30대 여자이다.",
          "나의 거주지는 서울이다.",
          "나는 퇴근하고 집안일을 한다. 나는 저녁에 걸레질을 한다.",
          "나는 신입사원 OT날 169를 만날 예정이다."
        ],
        "speaker2": [
          "나는 20살 남자 신입사원이다.",
          "나는 대기업에 취업했다. 나는 요즘 가끔 행복하다.",
          "나는 인천에서 산다.",
          "나는 가끔 바이올린 연주를 한다.",
          "나는 종교가 없다.",
          "내 좌우명은 모든 일에 최선을 다하자 이다."
        ]
      }
    }
  ]
}