{
  "FileInfo": {
    "filename": "K2-00489-CL04803-CP00706-18-12-S2.json",
    "sessionLevel": "2"
  },
  "participantsInfo": {
    "numberOfParticipants": "2",
    "speaker1": {
      "participantID": "0051",
      "gender": "여성",
      "age": "50대",
      "occupation": "주부",
      "bPlace": "부산/대구/울산/경상",
      "gPlace": "부산/대구/울산/경상",
      "rPlace": "부산/대구/울산/경상",
      "educationLevel": "고졸"
    },
    "speaker2": {
      "participantID": "0067",
      "gender": "여성",
      "age": "50대",
      "occupation": "자영업",
      "bPlace": "서울/경기/인천",
      "gPlace": "서울/경기/인천",
      "rPlace": "서울/경기/인천",
      "educationLevel": "대졸"
    }
  },
  "multisessionInfo": {
    "multisessionID": "2-00489"
  },
  "personaInfo": {
    "clInfo": {
      "personaID": "04803",
      "personaFeatures": [
        "나는 여자이다.",
        "나는 50대이다.",
        "나는 연인이 있지만 사이가 좋지 않다.",
        "나는 국회의원 보좌관이다.",
        "나는 K-POP 음악을 가끔 듣는다."
      ],
      "speakerType": "speaker1"
    },
    "cpInfo": {
      "personaID": "00706",
      "personaFeatures": [
        "나는 여자이다.",
        "나는 50대이다.",
        "나는 반려동물 훈련사이다.",
        "나는 등산을 자주 한다.",
        "나는 주황색을 싫어한다."
      ],
      "speakerType": "speaker2"
    }
  },
  "topicInfo": {
    "topicID": "18-12",
    "topicType": "상거래 전반",
    "topicTitle": "아울렛"
  },
  "sessionInfo": [
    {
      "prevSessionID": null,
      "prevTimeInfo": {
        "timeNum": null,
        "timeUnit": null
      },
      "nthSession": "1",
      "numberOfUtterances": "16",
      "numberOfTurns": "8",
      "sessionID": "2-00489-1",
      "dialog": [
        {
          "speaker": "speaker1",
          "personaID": "04803",
          "participantID": "0051",
          "utterance": "안녕하세요^^ 저는 50대 여자입니다!",
          "summary": "나는 50대 여자이다.",
          "date": "2022-08-30",
          "time": "22:41:44",
          "terminate": "false"
        },
        {
          "speaker": "speaker2",
          "personaID": "00706",
          "participantID": "0067",
          "utterance": "안녕하세요 저도 50대 여자입니다^^",
          "summary": "나는 50대 여자이다.",
          "date": "2022-08-30",
          "time": "22:42:06",
          "terminate": "false"
        },
        {
          "speaker": "speaker1",
          "personaID": "04803",
          "participantID": "0051",
          "utterance": "반갑습니다^^어디에 거주하시나요?",
          "summary": "",
          "date": "2022-08-30",
          "time": "22:42:11",
          "terminate": "false"
        },
        {
          "speaker": "speaker2",
          "personaID": "00706",
          "participantID": "0067",
          "utterance": "저는 여주에 거주하고있어요 선생님은요?",
          "summary": "나는 경기도 여주이다.",
          "date": "2022-08-30",
          "time": "22:42:51",
          "terminate": "false"
        },
        {
          "speaker": "speaker1",
          "personaID": "04803",
          "participantID": "0051",
          "utterance": "저는 경기도 시흥에 거주하고있습니다~ 무슨일을 하시나요?",
          "summary": "나의 거주지는 경기도 시흥이다.",
          "date": "2022-08-30",
          "time": "22:42:55",
          "terminate": "false"
        },
        {
          "speaker": "speaker2",
          "personaID": "00706",
          "participantID": "0067",
          "utterance": "저는 반려동물 훈련사입니다^^",
          "summary": "나는 반려동물 훈련사이다.",
          "date": "2022-08-30",
          "time": "22:43:27",
          "terminate": "false"
        },
        {
          "speaker": "speaker1",
          "personaID": "04803",
          "participantID": "0051",
          "utterance": "오~ 멋지십니다! 저는 국회의원 보좌관입니다^^",
          "summary": "나는 국회의원 보좌관이다.",
          "date": "2022-08-30",
          "time": "22:43:44",
          "terminate": "false"
        },
        {
          "speaker": "speaker2",
          "personaID": "00706",
          "participantID": "0067",
          "utterance": "어머 선생님이 더 멋진 직업이신데요?",
          "summary": "",
          "date": "2022-08-30",
          "time": "22:44:00",
          "terminate": "false"
        },
        {
          "speaker": "speaker1",
          "personaID": "04803",
          "participantID": "0051",
          "utterance": "허허 아닙니다~ 혹시 쇼핑 좋아하시나요?",
          "summary": "",
          "date": "2022-08-30",
          "time": "22:44:58",
          "terminate": "false"
        },
        {
          "speaker": "speaker2",
          "personaID": "00706",
          "participantID": "0067",
          "utterance": "당연하죠^^ 저희동네에 아웃렛이 있는데 주말마다 갑니다.",
          "summary": "나는 주말마다 아웃렛에 간다.",
          "date": "2022-08-30",
          "time": "22:45:28",
          "terminate": "false"
        },
        {
          "speaker": "speaker1",
          "personaID": "04803",
          "participantID": "0051",
          "utterance": "아 저희 동네에도 아웃렛이 있는데 여주가 훨씬 더 크죠?",
          "summary": "",
          "date": "2022-08-30",
          "time": "22:45:22",
          "terminate": "false"
        },
        {
          "speaker": "speaker2",
          "personaID": "00706",
          "participantID": "0067",
          "utterance": "그렇죠^^ 여주하면 아웃렛이라 덕분에 집값도 오르고 좋네요.",
          "summary": "",
          "date": "2022-08-30",
          "time": "22:46:54",
          "terminate": "false"
        },
        {
          "speaker": "speaker1",
          "personaID": "04803",
          "participantID": "0051",
          "utterance": "오 나중에 여주도 한번 가봐야겠네요~ 아줌마라 그런지 아웃렛밖에 안가게되네요^^",
          "summary": "",
          "date": "2022-08-30",
          "time": "22:48:25",
          "terminate": "false"
        },
        {
          "speaker": "speaker2",
          "personaID": "00706",
          "participantID": "0067",
          "utterance": "같은 지역 이웃주민끼리 오시면 쇼핑같이해요^^",
          "summary": "",
          "date": "2022-08-30",
          "time": "22:49:05",
          "terminate": "false"
        },
        {
          "speaker": "speaker1",
          "personaID": "04803",
          "participantID": "0051",
          "utterance": "아 저 점심에 국회의원분들과 식사자리가 있어서 선약 좀 다녀오겠습니다! 다시연락드릴게요.",
          "summary": "",
          "date": "2022-08-30",
          "time": "22:49:08",
          "terminate": "false"
        },
        {
          "speaker": "speaker2",
          "personaID": "00706",
          "participantID": "0067",
          "utterance": "네네 다녀오세요 바쁘신가봐요!",
          "summary": "",
          "date": "2022-08-30",
          "time": "22:49:36",
          "terminate": "true"
        }
      ],
      "sessionPersonaSummary": {
        "speaker1": [
          "나는 50대 여자이다.",
          "나의 거주지는 경기도 시흥이다.",
          "나는 국회의원 보좌관이다."
        ],
        "speaker2": [
          "나는 50대 여자이다.",
          "나는 경기도 여주이다.",
          "나는 반려동물 훈련사이다.",
          "나는 주말마다 아웃렛에 간다."
        ]
      },
      "prevAggregatedpersonaSummary": {
        "speaker1": [],
        "speaker2": []
      }
    },
    {
      "prevSessionID": "2-00489-1",
      "prevTimeInfo": {
        "timeNum": "1",
        "timeUnit": "일"
      },
      "nthSession": "2",
      "numberOfUtterances": "20",
      "numberOfTurns": "10",
      "sessionID": "2-00489-2",
      "dialog": [
        {
          "speaker": "speaker1",
          "personaID": "04803",
          "participantID": "0051",
          "utterance": "어제 일정이 너무 타이트해서 연락을 못드렸네요 죄송해요ㅠㅠ.",
          "summary": "",
          "date": "2022-08-30",
          "time": "22:49:23",
          "terminate": "false"
        },
        {
          "speaker": "speaker2",
          "personaID": "00706",
          "participantID": "0067",
          "utterance": "아니에요~ 바쁘신데 그럴수있죠!",
          "summary": "",
          "date": "2022-08-30",
          "time": "22:49:54",
          "terminate": "false"
        },
        {
          "speaker": "speaker1",
          "personaID": "04803",
          "participantID": "0051",
          "utterance": "오늘은 일정이 없어서 쉬고있습니다 제가 돌싱이라 데이트 좀 해볼까합니다^^",
          "summary": "",
          "date": "2022-08-30",
          "time": "22:49:52",
          "terminate": "false"
        },
        {
          "speaker": "speaker2",
          "personaID": "00706",
          "participantID": "0067",
          "utterance": "어머 갑자기 돌싱아웃인가요?ㅋㅋㅋㅋ부럽네요^^",
          "summary": "",
          "date": "2022-08-30",
          "time": "22:50:26",
          "terminate": "false"
        },
        {
          "speaker": "speaker1",
          "personaID": "04803",
          "participantID": "0051",
          "utterance": "근데 우리 아저씨가 삐져가지고 같이 쇼핑을 가줄지 모르겠네요 호호호.",
          "summary": "나는 연인이 있지만 사이가 좋지 않다.",
          "date": "2022-08-30",
          "time": "22:50:20",
          "terminate": "false"
        },
        {
          "speaker": "speaker2",
          "personaID": "00706",
          "participantID": "0067",
          "utterance": "새로운 인연만나셨나봐요^^ 멋지네요.",
          "summary": "",
          "date": "2022-08-30",
          "time": "22:51:14",
          "terminate": "false"
        },
        {
          "speaker": "speaker1",
          "personaID": "04803",
          "participantID": "0051",
          "utterance": "민망하네요^^근데 선생님은 쉬는날 뭐하시나요?",
          "summary": "",
          "date": "2022-08-30",
          "time": "22:51:30",
          "terminate": "false"
        },
        {
          "speaker": "speaker2",
          "personaID": "00706",
          "participantID": "0067",
          "utterance": "저는 이앞에 인왕산다녀요^^ 제가 등산을 좋아하거든요.",
          "summary": "나는 등산을 좋아한다.",
          "date": "2022-08-30",
          "time": "22:53:32",
          "terminate": "false"
        },
        {
          "speaker": "speaker1",
          "personaID": "04803",
          "participantID": "0051",
          "utterance": "취미가 되게 멋지시네요! 등산하면서 음악 듣는 것도 좋겠네요!",
          "summary": "",
          "date": "2022-08-30",
          "time": "22:53:32",
          "terminate": "false"
        },
        {
          "speaker": "speaker2",
          "personaID": "00706",
          "participantID": "0067",
          "utterance": "저는 혼자 등산 좋아하는데 아들놈이 위험하다고 등산복하나 사다줬는데 제가 안어울리는 주황색이네요.",
          "summary": "나는 주황색을 싫어한다.",
          "date": "2022-08-30",
          "time": "22:53:32",
          "terminate": "false"
        },
        {
          "speaker": "speaker1",
          "personaID": "04803",
          "participantID": "0051",
          "utterance": "아이고 아웃렛에서 산거면 도로 가서 교환해오세요^^",
          "summary": "나는 K-POP 음악을 가끔 듣는다.",
          "date": "2022-08-30",
          "time": "22:54:04",
          "terminate": "false"
        },
        {
          "speaker": "speaker2",
          "personaID": "00706",
          "participantID": "0067",
          "utterance": "에이 그래도 사줬는데 입고다녀야지요~",
          "summary": "",
          "date": "2022-08-30",
          "time": "22:54:40",
          "terminate": "false"
        },
        {
          "speaker": "speaker1",
          "personaID": "04803",
          "participantID": "0051",
          "utterance": "아들이 선물 사줄 맛이 나겠네요^^아들이랑도 아웃렛 쇼핑 자주가시나요?",
          "summary": "",
          "date": "2022-08-30",
          "time": "22:55:12",
          "terminate": "false"
        },
        {
          "speaker": "speaker2",
          "personaID": "00706",
          "participantID": "0067",
          "utterance": "어릴적엔 자주갔는데 요놈이 연애한뒤로 엄마도 뒷전이네요^^",
          "summary": "",
          "date": "2022-08-30",
          "time": "22:55:39",
          "terminate": "false"
        },
        {
          "speaker": "speaker1",
          "personaID": "04803",
          "participantID": "0051",
          "utterance": "아들 키워봐야 소용없다더니 정말 그짝이네요 서운하시겠어요.",
          "summary": "",
          "date": "2022-08-30",
          "time": "22:56:05",
          "terminate": "false"
        },
        {
          "speaker": "speaker2",
          "personaID": "00706",
          "participantID": "0067",
          "utterance": "네네 그러니까 맞네요^^ 선생님 주말에 시간되면 같이 쇼핑하러가요.",
          "summary": "",
          "date": "2022-08-30",
          "time": "22:56:54",
          "terminate": "false"
        },
        {
          "speaker": "speaker1",
          "personaID": "04803",
          "participantID": "0051",
          "utterance": "웃기긴한데 그럴땐 K-POP노래 한번 들어보세요^^ 차에서 이동할때 가끔 들으니 좋더라구요~",
          "summary": "나는 K-POP을 가끔 듣는다.",
          "date": "2022-08-30",
          "time": "22:56:31",
          "terminate": "false"
        },
        {
          "speaker": "speaker2",
          "personaID": "00706",
          "participantID": "0067",
          "utterance": "이정도까지 추천해주는거면 꼭 들어봐야겠어요!",
          "summary": "",
          "date": "2022-08-30",
          "time": "22:57:21",
          "terminate": "false"
        },
        {
          "speaker": "speaker1",
          "personaID": "04803",
          "participantID": "0051",
          "utterance": "그리고 진짜 쇼핑 한번 같이해요~ 마음이 잘 맞을 것같네요^^일단 저 우리아저씨 만나고올게요^^",
          "summary": "",
          "date": "2022-08-30",
          "time": "22:57:53",
          "terminate": "false"
        },
        {
          "speaker": "speaker2",
          "personaID": "00706",
          "participantID": "0067",
          "utterance": "네네 연인같이 풋풋하고 좋네요^^ 즐데해요.",
          "summary": "",
          "date": "2022-08-30",
          "time": "22:58:16",
          "terminate": "true"
        }
      ],
      "sessionPersonaSummary": {
        "speaker1": [
          "나는 연인이 있지만 사이가 좋지 않다.",
          "나는 K-POP 음악을 가끔 듣는다.",
          "나는 K-POP을 가끔 듣는다."
        ],
        "speaker2": [
          "나는 등산을 좋아한다.",
          "나는 주황색을 싫어한다."
        ]
      },
      "prevAggregatedpersonaSummary": {
        "speaker1": [
          "나는 50대 여자이다.",
          "나의 거주지는 경기도 시흥이다.",
          "나는 국회의원 보좌관이다."
        ],
        "speaker2": [
          "나는 50대 여자이다.",
          "나는 경기도 여주이다.",
          "나는 반려동물 훈련사이다.",
          "나는 주말마다 아웃렛에 간다."
        ]
      }
    }
  ]
}