{
  "FileInfo": {
    "filename": "K2-00535-CL21859-CP21248-04-08-S2.json",
    "sessionLevel": "2"
  },
  "participantsInfo": {
    "numberOfParticipants": "2",
    "speaker1": {
      "participantID": "3282",
      "gender": "여성",
      "age": "20대",
      "occupation": "무직",
      "bPlace": "광주/전라/제주",
      "gPlace": "광주/전라/제주",
      "rPlace": "광주/전라/제주",
      "educationLevel": "고졸"
    },
    "speaker2": {
      "participantID": "3259",
      "gender": "남성",
      "age": "30대",
      "occupation": "자영업",
      "bPlace": "부산/대구/울산/경상",
      "gPlace": "서울/경기/인천",
      "rPlace": "서울/경기/인천",
      "educationLevel": "대졸"
    }
  },
  "multisessionInfo": {
    "multisessionID": "2-00535"
  },
  "personaInfo": {
    "clInfo": {
      "personaID": "21859",
      "personaFeatures": [
        "나는 여자이다.",
        "나는 20대이다.",
        "나의 여자 형제는 유치원 선생님이다",
        "나는 지리학과가 부전공이다",
        "나는 포도를 싫어한다"
      ],
      "speakerType": "speaker1"
    },
    "cpInfo": {
      "personaID": "21248",
      "personaFeatures": [
        "나는 남자이다.",
        "나는 20대이다.",
        "나는 도마뱀을 키우고 싶다",
        "나는 주말에 브런치를 먹는다",
        "나는 스마트폰을 수집한다"
      ],
      "speakerType": "speaker2"
    }
  },
  "topicInfo": {
    "topicID": "04-08",
    "topicType": "일과 직업>회사/아르바이트",
    "topicTitle": "급여"
  },
  "sessionInfo": [
    {
      "prevSessionID": null,
      "prevTimeInfo": {
        "timeNum": null,
        "timeUnit": null
      },
      "nthSession": "1",
      "numberOfUtterances": "14",
      "numberOfTurns": "7",
      "sessionID": "2-00535-1",
      "dialog": [
        {
          "speaker": "speaker1",
          "personaID": "21859",
          "participantID": "3282",
          "utterance": "안녕하세요 저는 여행을 좋아하는 20대 여성입니다.",
          "summary": "나는 여행을 좋아한다. \n나는 20대이다. \n나는 여자이다. ",
          "date": "2022-10-07",
          "time": "14:43:06",
          "terminate": "false"
        },
        {
          "speaker": "speaker2",
          "personaID": "21248",
          "participantID": "3259",
          "utterance": "안녕하세요 저는 20대 남자입니다. ",
          "summary": "나는 20대 남자이다",
          "date": "2022-10-07",
          "time": "14:45:32",
          "terminate": "false"
        },
        {
          "speaker": "speaker1",
          "personaID": "21859",
          "participantID": "3282",
          "utterance": "날씨가 추워져서 감기에 조심하셔야 될 것 같아요. 유치원선생님으로 일하는 저의 언니도 감기에 걸렸더라구요.",
          "summary": "나의 언니는 유치원 선생님이다.",
          "date": "2022-10-07",
          "time": "14:53:18",
          "terminate": "false"
        },
        {
          "speaker": "speaker2",
          "personaID": "21248",
          "participantID": "3259",
          "utterance": "맞아요. 저는 주말에 브런치를 먹는데 이번 주말엔 날씨가 좋았으면 좋겠네요. ",
          "summary": "나는 주말에 브런치를 먹는다",
          "date": "2022-10-07",
          "time": "15:30:22",
          "terminate": "false"
        },
        {
          "speaker": "speaker1",
          "personaID": "21859",
          "participantID": "3282",
          "utterance": "여유롭게 주말 아침에 브런치 먹으면 기분이 좋을 것 같아요. 물론 과일로 포도가 나오면 안 먹겠지만요. 저는 포도를 싫어하거든요.",
          "summary": "나는 포도를 싫어한다.",
          "date": "2022-10-07",
          "time": "15:33:57",
          "terminate": "false"
        },
        {
          "speaker": "speaker2",
          "personaID": "21248",
          "participantID": "3259",
          "utterance": "네 저는 스마트폰을 수집합니다. 좋아하는 취미 생활이 있나요?",
          "summary": "나는 스마트폰을 수집하는 취미가 있다",
          "date": "2022-10-07",
          "time": "15:49:20",
          "terminate": "false"
        },
        {
          "speaker": "speaker1",
          "personaID": "21859",
          "participantID": "3282",
          "utterance": "가벼운 운동을 좋아하고 등산도 취미입니다. 제가 지리학과가 부전공이라 등산 같은 지형을 탐방하는게 취미거든요.",
          "summary": "나는 가벼운 운동을 좋아하고 등산도 취미이다. 나는 지리학과가 부전공이다.",
          "date": "2022-10-07",
          "time": "15:52:26",
          "terminate": "false"
        },
        {
          "speaker": "speaker2",
          "personaID": "21248",
          "participantID": "3259",
          "utterance": "멋집니다. 저는 도마뱀을 한 마리 키우고 싶어졌습니다. ",
          "summary": "나는 도마뱀을 한 마리 키우고 싶다",
          "date": "2022-10-07",
          "time": "17:32:04",
          "terminate": "false"
        },
        {
          "speaker": "speaker1",
          "personaID": "21859",
          "participantID": "3282",
          "utterance": "도마뱀도 온순하니 좋죠! 동물에 관심이 있으신가요?",
          "summary": "",
          "date": "2022-10-07",
          "time": "20:16:13",
          "terminate": "false"
        },
        {
          "speaker": "speaker2",
          "personaID": "21248",
          "participantID": "3259",
          "utterance": "네 저는 어릴 적부터 동물을 좋아했어요. ",
          "summary": "나는 어릴 적부터 동물을 좋아했다",
          "date": "2022-10-07",
          "time": "20:30:22",
          "terminate": "false"
        },
        {
          "speaker": "speaker1",
          "personaID": "21859",
          "participantID": "3282",
          "utterance": "몸집이 작은 동물이 좋으신건가요?",
          "summary": "",
          "date": "2022-10-07",
          "time": "22:49:18",
          "terminate": "false"
        },
        {
          "speaker": "speaker2",
          "personaID": "21248",
          "participantID": "3259",
          "utterance": "꼭 그런 건 아니고 호기심 때문 입니다. ",
          "summary": "",
          "date": "2022-10-08",
          "time": "15:23:47",
          "terminate": "false"
        },
        {
          "speaker": "speaker1",
          "personaID": "21859",
          "participantID": "3282",
          "utterance": "그렇군요~ 오늘대화 즐거웠습니다 또 봬요!",
          "summary": "",
          "date": "2022-10-19",
          "time": "10:37:19",
          "terminate": "false"
        },
        {
          "speaker": "speaker2",
          "personaID": "21248",
          "participantID": "3259",
          "utterance": "네 감사합니다. 저도 즐거웠습니다. ",
          "summary": "",
          "date": "2022-10-19",
          "time": "12:46:55",
          "terminate": "true"
        }
      ],
      "sessionPersonaSummary": {
        "speaker1": [
          "나는 여행을 좋아한다. \n나는 20대이다. \n나는 여자이다. ",
          "나의 언니는 유치원 선생님이다.",
          "나는 포도를 싫어한다.",
          "나는 가벼운 운동을 좋아하고 등산도 취미이다. 나는 지리학과가 부전공이다."
        ],
        "speaker2": [
          "나는 20대 남자이다",
          "나는 주말에 브런치를 먹는다",
          "나는 스마트폰을 수집하는 취미가 있다",
          "나는 도마뱀을 한 마리 키우고 싶다",
          "나는 어릴 적부터 동물을 좋아했다"
        ]
      },
      "prevAggregatedpersonaSummary": {
        "speaker1": [],
        "speaker2": []
      }
    },
    {
      "prevSessionID": "2-00535-1",
      "prevTimeInfo": {
        "timeNum": "22",
        "timeUnit": "시간"
      },
      "nthSession": "2",
      "numberOfUtterances": "14",
      "numberOfTurns": "7",
      "sessionID": "2-00535-2",
      "dialog": [
        {
          "speaker": "speaker1",
          "personaID": "21859",
          "participantID": "3282",
          "utterance": "안녕하세요! 벌써 22시간이 지났네요",
          "summary": "",
          "date": "2022-10-19",
          "time": "12:57:09",
          "terminate": "false"
        },
        {
          "speaker": "speaker2",
          "personaID": "21248",
          "participantID": "3259",
          "utterance": "네 어제 잘 쉬셨어요? 날씨가 좋네요. ",
          "summary": "",
          "date": "2022-10-19",
          "time": "15:05:17",
          "terminate": "false"
        },
        {
          "speaker": "speaker1",
          "personaID": "21859",
          "participantID": "3282",
          "utterance": "맞아요 낮에는 좋은데 아침저녁은 너무 추워요ㅠㅠ  유치원 선생님인 저희 언니가 감기 조심하라고 하더라구요.. ",
          "summary": "",
          "date": "2022-10-19",
          "time": "15:05:44",
          "terminate": "false"
        },
        {
          "speaker": "speaker2",
          "personaID": "21248",
          "participantID": "3259",
          "utterance": "네 옷 따뜻하게 입어야 될 것 같아요. 내일은 급여 날이라 오늘부터 기분이 좋습니다. ",
          "summary": "나는 내일 급여날이라 기분이 좋다",
          "date": "2022-10-19",
          "time": "15:06:52",
          "terminate": "false"
        },
        {
          "speaker": "speaker1",
          "personaID": "21859",
          "participantID": "3282",
          "utterance": "저는 5일이라 아직 멀었네요ㅠㅠ 오늘 맛있는거 드세요!",
          "summary": "나는 급여 일이 5일이다.",
          "date": "2022-10-19",
          "time": "15:08:54",
          "terminate": "false"
        },
        {
          "speaker": "speaker2",
          "personaID": "21248",
          "participantID": "3259",
          "utterance": "네 오늘은 아직 월급 전이라 내일 들어오면 먹으려고요. ㅎ",
          "summary": "나는 내일 맛있는 걸 먹을 예정이다",
          "date": "2022-10-19",
          "time": "15:09:40",
          "terminate": "false"
        },
        {
          "speaker": "speaker1",
          "personaID": "21859",
          "participantID": "3282",
          "utterance": "저도 늘 월급만 생각하면서 힘내서 일하네요ㅠ 매우 적지만",
          "summary": "나는 늘 월급만 생각하면서 힘내서 일한다. \n나는 급여가 매우 적다. ",
          "date": "2022-10-19",
          "time": "15:11:27",
          "terminate": "false"
        },
        {
          "speaker": "speaker2",
          "personaID": "21248",
          "participantID": "3259",
          "utterance": "저도 아직은 아르바이트라 급여가 적지만 그래도 제 힘으로 번 돈이라 뿌듯하기도 하고 그렇네요. ",
          "summary": "나는 아직 급여가 적지만 그래도 뿌듯하다",
          "date": "2022-10-19",
          "time": "15:15:29",
          "terminate": "false"
        },
        {
          "speaker": "speaker1",
          "personaID": "21859",
          "participantID": "3282",
          "utterance": "맞아요ㅎㅎ 직접 벌면 그래도 돈을 좀 아껴서 쓰게 되더라구요",
          "summary": "나는 돈을 버니 돈을 좀 아껴서 쓰게 되었다.",
          "date": "2022-10-19",
          "time": "15:18:59",
          "terminate": "false"
        },
        {
          "speaker": "speaker2",
          "personaID": "21248",
          "participantID": "3259",
          "utterance": "네 그래도 순식간에 없어지더라고요. 월급 관리도 직접 하고 계세요? ",
          "summary": "",
          "date": "2022-10-19",
          "time": "15:21:00",
          "terminate": "false"
        },
        {
          "speaker": "speaker1",
          "personaID": "21859",
          "participantID": "3282",
          "utterance": "네 직접하고 있습니다 적지만 이곳저곳 나눠서 관리중이에요!",
          "summary": "나는 돈 관리를 직접 하고 있다.",
          "date": "2022-10-19",
          "time": "15:23:02",
          "terminate": "false"
        },
        {
          "speaker": "speaker2",
          "personaID": "21248",
          "participantID": "3259",
          "utterance": "멋지네요. 저는 급여 들어오면 스마트폰 수집하는데 일부 쓰고 브런치 먹을 때 쓰고 그러는 것 같아요. ",
          "summary": "나는 급여를 주로 취미에 사용한다",
          "date": "2022-10-19",
          "time": "15:24:25",
          "terminate": "false"
        },
        {
          "speaker": "speaker1",
          "personaID": "21859",
          "participantID": "3282",
          "utterance": "아 취미에 많이 쓰시는군요! 저 잠시 친구한테 전화가 와서 먼저 나가볼게요",
          "summary": "",
          "date": "2022-10-19",
          "time": "15:25:09",
          "terminate": "false"
        },
        {
          "speaker": "speaker2",
          "personaID": "21248",
          "participantID": "3259",
          "utterance": "네 다음에 또 이야기 나눠요! 감사합니다. ",
          "summary": "",
          "date": "2022-10-19",
          "time": "15:25:52",
          "terminate": "true"
        }
      ],
      "sessionPersonaSummary": {
        "speaker1": [
          "나는 급여 일이 5일이다.",
          "나는 늘 월급만 생각하면서 힘내서 일한다. \n나는 급여가 매우 적다. ",
          "나는 돈을 버니 돈을 좀 아껴서 쓰게 되었다.",
          "나는 돈 관리를 직접 하고 있다."
        ],
        "speaker2": [
          "나는 내일 급여날이라 기분이 좋다",
          "나는 내일 맛있는 걸 먹을 예정이다",
          "나는 아직 급여가 적지만 그래도 뿌듯하다",
          "나는 급여를 주로 취미에 사용한다"
        ]
      },
      "prevAggregatedpersonaSummary": {
        "speaker1": [
          "나는 여행을 좋아한다. \n나는 20대이다. \n나는 여자이다. ",
          "나의 언니는 유치원 선생님이다.",
          "나는 포도를 싫어한다.",
          "나는 가벼운 운동을 좋아하고 등산도 취미이다. 나는 지리학과가 부전공이다."
        ],
        "speaker2": [
          "나는 20대 남자이다",
          "나는 주말에 브런치를 먹는다",
          "나는 스마트폰을 수집하는 취미가 있다",
          "나는 도마뱀을 한 마리 키우고 싶다",
          "나는 어릴 적부터 동물을 좋아했다"
        ]
      }
    }
  ]
}