{
  "FileInfo": {
    "filename": "K2-00319-CL33486-CP33910-05-08-S2.json",
    "sessionLevel": "2"
  },
  "participantsInfo": {
    "numberOfParticipants": "2",
    "speaker1": {
      "participantID": "0715",
      "gender": "여성",
      "age": "30대",
      "occupation": "자영업",
      "bPlace": "서울/경기/인천",
      "gPlace": "서울/경기/인천",
      "rPlace": "서울/경기/인천",
      "educationLevel": "대졸"
    },
    "speaker2": {
      "participantID": "0710",
      "gender": "여성",
      "age": "30대",
      "occupation": "주부",
      "bPlace": "서울/경기/인천",
      "gPlace": "서울/경기/인천",
      "rPlace": "서울/경기/인천",
      "educationLevel": "대졸"
    }
  },
  "multisessionInfo": {
    "multisessionID": "2-00319"
  },
  "personaInfo": {
    "clInfo": {
      "personaID": "33486",
      "personaFeatures": [
        "나는 여자이다.",
        "나는 30대이다.",
        "나는 블루스 음악을 좋아한다.",
        "나는 안경사이다.",
        "나는 다소 낙천적이다.",
        "나는 물고기 한 마리를 키운다."
      ],
      "speakerType": "speaker1"
    },
    "cpInfo": {
      "personaID": "33910",
      "personaFeatures": [
        "나는 여자이다.",
        "나는 30대이다.",
        "나는 디스코 음악을 자주 듣는다.",
        "나는 조경기술자이다.",
        "나는 일을 할 때 자신감이 생긴다.",
        "나는 돈가스를 좋아한다."
      ],
      "speakerType": "speaker2"
    }
  },
  "topicInfo": {
    "topicID": "05-08",
    "topicType": "일과 직업>군대",
    "topicTitle": "편지"
  },
  "sessionInfo": [
    {
      "prevSessionID": null,
      "prevTimeInfo": {
        "timeNum": null,
        "timeUnit": null
      },
      "nthSession": "1",
      "numberOfUtterances": "16",
      "numberOfTurns": "8",
      "sessionID": "2-00319-1",
      "dialog": [
        {
          "speaker": "speaker1",
          "personaID": "33486",
          "participantID": "0715",
          "utterance": "안녕하세요 저는 30대 여자 안경사입니다 반가워요 ㅎㅎ.",
          "summary": "나는 30대 여자이다. 나는 안경사이다.",
          "date": "2022-10-04",
          "time": "16:50:04",
          "terminate": "false"
        },
        {
          "speaker": "speaker2",
          "personaID": "33910",
          "participantID": "0710",
          "utterance": "반가워요 ㅎㅎ 저는 조경기술자로 일하고 있는 30대 여자입니다!",
          "summary": "나는 30대 여자이다. 나는 조경기술자이다.",
          "date": "2022-10-04",
          "time": "16:50:18",
          "terminate": "false"
        },
        {
          "speaker": "speaker1",
          "personaID": "33486",
          "participantID": "0715",
          "utterance": "저는 음악 들으며 쉬고있었어요! 님은 뭐하세요?",
          "summary": "나는 음악을 들으며 쉬고 있다.",
          "date": "2022-10-04",
          "time": "16:50:36",
          "terminate": "false"
        },
        {
          "speaker": "speaker2",
          "personaID": "33910",
          "participantID": "0710",
          "utterance": "저도 디스코 음악을 자주 들어서 음악듣고 있었어요! 님은 어떤음악 들어요?",
          "summary": "나는 디스코 음악을 자주 듣는다.",
          "date": "2022-10-04",
          "time": "16:50:50",
          "terminate": "false"
        },
        {
          "speaker": "speaker1",
          "personaID": "33486",
          "participantID": "0715",
          "utterance": "저는 블루스 음악을 좋아하거든요! 마음이 차분해져서 좋더라구요.",
          "summary": "나는 블루스 음악을 좋아한다.",
          "date": "2022-10-04",
          "time": "16:51:08",
          "terminate": "false"
        },
        {
          "speaker": "speaker2",
          "personaID": "33910",
          "participantID": "0710",
          "utterance": "저는 오히려 반대로 신나는 음악을 들으니깐 일을 할 때 자심감이 생겨요! ㅋㅋ.",
          "summary": "나는 일을 할 때 자신감이 생긴다.",
          "date": "2022-10-04",
          "time": "16:51:34",
          "terminate": "false"
        },
        {
          "speaker": "speaker1",
          "personaID": "33486",
          "participantID": "0715",
          "utterance": "오 자신감이 솟는다니 저도 신나는 음악을 한 번 들어봐야겠네요 ㅋㅋ 님은 오늘 저녁 뭐 드실거에요?",
          "summary": "나는 신나는 음악을 들어볼 것이다.",
          "date": "2022-10-04",
          "time": "16:52:08",
          "terminate": "false"
        },
        {
          "speaker": "speaker2",
          "personaID": "33910",
          "participantID": "0710",
          "utterance": "저는 돈까스를 좋아해서 돈까스 시켜먹으려고요! 님은요?",
          "summary": "나는 돈가스를 좋아한다. 나는 저녁에 돈가스를 배달시킬 것이다.",
          "date": "2022-10-04",
          "time": "16:52:21",
          "terminate": "false"
        },
        {
          "speaker": "speaker1",
          "personaID": "33486",
          "participantID": "0715",
          "utterance": "저는 그냥 가족들이 먹자는거 먹으려구요 ㅋㅋ 제가 좀 낙천적이라.. 아무 생각이 없어요 ㅋㅋ.",
          "summary": "나는 다소 낙천적이다.",
          "date": "2022-10-04",
          "time": "16:52:46",
          "terminate": "false"
        },
        {
          "speaker": "speaker2",
          "personaID": "33910",
          "participantID": "0710",
          "utterance": "ㅋㅋ 님은 좋아하는 음식 따로 없어요?? 과일이라던가..!",
          "summary": "",
          "date": "2022-10-04",
          "time": "16:53:05",
          "terminate": "false"
        },
        {
          "speaker": "speaker1",
          "personaID": "33486",
          "participantID": "0715",
          "utterance": "아무거나 잘 먹어요 ㅋㅋ 님은 과일 뭐 좋아하세요?",
          "summary": "나는 아무거나 잘 먹는다.",
          "date": "2022-10-04",
          "time": "16:53:27",
          "terminate": "false"
        },
        {
          "speaker": "speaker2",
          "personaID": "33910",
          "participantID": "0710",
          "utterance": "저는 딸기 좋아해요! ㅋㅋ 요즘 딸기가 제철이라서 원없이 많이먹고 있어요.",
          "summary": "나는 딸기를 좋아한다.",
          "date": "2022-10-04",
          "time": "16:53:42",
          "terminate": "false"
        },
        {
          "speaker": "speaker1",
          "personaID": "33486",
          "participantID": "0715",
          "utterance": "딸기 좋죠 ㅋㅋ 저번에 딸기 따기 체험 해봤는데 재미있더라구요! 해보셨어요?",
          "summary": "나는 딸기 따기 체험을 해봤다.",
          "date": "2022-10-04",
          "time": "16:54:11",
          "terminate": "false"
        },
        {
          "speaker": "speaker2",
          "personaID": "33910",
          "participantID": "0710",
          "utterance": "아니요 안해봤어요! 어디서 했어요??",
          "summary": "나는 딸기 따기 체험을 해본 적 없다.",
          "date": "2022-10-04",
          "time": "16:54:25",
          "terminate": "false"
        },
        {
          "speaker": "speaker1",
          "personaID": "33486",
          "participantID": "0715",
          "utterance": "저기 밀양에 밭에서요! 시간나시면 님도 가서 해보세요!",
          "summary": "",
          "date": "2022-10-04",
          "time": "16:54:54",
          "terminate": "false"
        },
        {
          "speaker": "speaker2",
          "personaID": "33910",
          "participantID": "0710",
          "utterance": "네! 저도 시간되면 가봐야겠어요~ ㅋㅋ 저는 이제 다시 일하로 갈께요!",
          "summary": "나는 딸기 따기 체험을 가볼 것이다.",
          "date": "2022-10-04",
          "time": "16:55:18",
          "terminate": "true"
        }
      ],
      "sessionPersonaSummary": {
        "speaker1": [
          "나는 30대 여자이다. 나는 안경사이다.",
          "나는 음악을 들으며 쉬고 있다.",
          "나는 블루스 음악을 좋아한다.",
          "나는 신나는 음악을 들어볼 것이다.",
          "나는 다소 낙천적이다.",
          "나는 아무거나 잘 먹는다.",
          "나는 딸기 따기 체험을 해봤다."
        ],
        "speaker2": [
          "나는 30대 여자이다. 나는 조경기술자이다.",
          "나는 디스코 음악을 자주 듣는다.",
          "나는 일을 할 때 자신감이 생긴다.",
          "나는 돈가스를 좋아한다. 나는 저녁에 돈가스를 배달시킬 것이다.",
          "나는 딸기를 좋아한다.",
          "나는 딸기 따기 체험을 해본 적 없다.",
          "나는 딸기 따기 체험을 가볼 것이다."
        ]
      },
      "prevAggregatedpersonaSummary": {
        "speaker1": [],
        "speaker2": []
      }
    },
    {
      "prevSessionID": "2-00319-1",
      "prevTimeInfo": {
        "timeNum": "2",
        "timeUnit": "주"
      },
      "nthSession": "2",
      "numberOfUtterances": "16",
      "numberOfTurns": "8",
      "sessionID": "2-00319-2",
      "dialog": [
        {
          "speaker": "speaker1",
          "personaID": "33486",
          "participantID": "0715",
          "utterance": "거진 2주가 지났네요 ㅋㅋ 딸기 체험은 해보셨어요?",
          "summary": "",
          "date": "2022-10-04",
          "time": "16:55:41",
          "terminate": "false"
        },
        {
          "speaker": "speaker2",
          "personaID": "33910",
          "participantID": "0710",
          "utterance": "네! 밀양에 가서 했어요 ㅋㅋ 재미있더라고요~!",
          "summary": "나는 딸기 따기 체험을 했다.",
          "date": "2022-10-04",
          "time": "16:55:50",
          "terminate": "false"
        },
        {
          "speaker": "speaker1",
          "personaID": "33486",
          "participantID": "0715",
          "utterance": "맞죠 ㅋㅋ 추천해드린 보람을 느끼네요 ㅎㅎ 아 님 혹시 남자 형제 있으세요?",
          "summary": "나는 딸기 체험을 추천한 보람을 느낀다.",
          "date": "2022-10-04",
          "time": "16:56:33",
          "terminate": "false"
        },
        {
          "speaker": "speaker2",
          "personaID": "33910",
          "participantID": "0710",
          "utterance": "저는 남동생 한명 있어요! 왜요??",
          "summary": "나는 남동생이 한 명 있다.",
          "date": "2022-10-04",
          "time": "16:56:54",
          "terminate": "false"
        },
        {
          "speaker": "speaker1",
          "personaID": "33486",
          "participantID": "0715",
          "utterance": "저희 남동생이 이번에 군대를 갔는데... 편지를 어떻게 보내야 할지 모르겠어서요.",
          "summary": "나의 남동생은 군대를 갔다. 나는 군대에 어떻게 편지를 보내야 할지 모른다.",
          "date": "2022-10-04",
          "time": "16:57:11",
          "terminate": "false"
        },
        {
          "speaker": "speaker2",
          "personaID": "33910",
          "participantID": "0710",
          "utterance": "오.. 동생에게 편지 써주는거에요?? 저는 동생 군대에 있을 때 한번도 안썼어요.. ㅋㅋ.",
          "summary": "나는 남동생에게 편지를 써준 적 없다.",
          "date": "2022-10-04",
          "time": "16:57:29",
          "terminate": "false"
        },
        {
          "speaker": "speaker1",
          "personaID": "33486",
          "participantID": "0715",
          "utterance": "ㅋㅋㅋㅋ 사이가 안좋으신가봐요? 저희는 애틋한 편이라서요.",
          "summary": "나는 남동생과 애틋하다.",
          "date": "2022-10-04",
          "time": "16:57:48",
          "terminate": "false"
        },
        {
          "speaker": "speaker2",
          "personaID": "33910",
          "participantID": "0710",
          "utterance": "네 ㅋㅋ 사이안좋아요.. 님이 부럽네요 ㅋㅋ 그럼 편지는 지금 다 쓰신거에요??",
          "summary": "나는 남동생과 사이가 좋지 않다.",
          "date": "2022-10-04",
          "time": "16:57:59",
          "terminate": "false"
        },
        {
          "speaker": "speaker1",
          "personaID": "33486",
          "participantID": "0715",
          "utterance": "네 ㅋㅋ 내용은 썻는데 대충 찾아보니 요샌 온라인으로 보낸 다더라구요?",
          "summary": "나는 남동생에게 줄 편지를 썼다.",
          "date": "2022-10-04",
          "time": "16:58:23",
          "terminate": "false"
        },
        {
          "speaker": "speaker2",
          "personaID": "33910",
          "participantID": "0710",
          "utterance": "아~ 온라인으로도 편치를 보낼 수 있어요?? 그건 처음알았어요!",
          "summary": "나는 온라인으로 편지를 쓸 수 있는 것을 몰랐다.",
          "date": "2022-10-04",
          "time": "16:58:37",
          "terminate": "false"
        },
        {
          "speaker": "speaker1",
          "personaID": "33486",
          "participantID": "0715",
          "utterance": "요새 세상 좋아졌더라구요 ㅋㅋ 님 남동생은 제대 했어요?",
          "summary": "",
          "date": "2022-10-04",
          "time": "16:59:07",
          "terminate": "false"
        },
        {
          "speaker": "speaker2",
          "personaID": "33910",
          "participantID": "0710",
          "utterance": "네네 작년에 재대했어요~! 님 동생은 군대간지 얼마나 됬어요?",
          "summary": "나의 남동생은 제대를 했다.",
          "date": "2022-10-04",
          "time": "16:59:19",
          "terminate": "false"
        },
        {
          "speaker": "speaker1",
          "personaID": "33486",
          "participantID": "0715",
          "utterance": "이제 세달 됐어요 ㅠㅠ 아직 애긴데 잘 지낼지 걱정이네요..",
          "summary": "나는 남동생이 걱정된다.",
          "date": "2022-10-04",
          "time": "16:59:41",
          "terminate": "false"
        },
        {
          "speaker": "speaker2",
          "personaID": "33910",
          "participantID": "0710",
          "utterance": "오.. 정말 얼마 안됬네요~ 동생이 편지받으면 엄청 좋아하겠어요!!",
          "summary": "",
          "date": "2022-10-04",
          "time": "16:59:46",
          "terminate": "false"
        },
        {
          "speaker": "speaker1",
          "personaID": "33486",
          "participantID": "0715",
          "utterance": "네 ㅋㅋ 아 저 이제 물고기 밥 줄 시간이라! 나중에 연락드릴게요!",
          "summary": "나는 물고기 한 마리를 키운다.",
          "date": "2022-10-04",
          "time": "17:00:16",
          "terminate": "false"
        },
        {
          "speaker": "speaker2",
          "personaID": "33910",
          "participantID": "0710",
          "utterance": "물고기 귀엽겠네요 ㅎㅎ 네! 다음에 또 연락해요!",
          "summary": "",
          "date": "2022-10-04",
          "time": "17:00:30",
          "terminate": "true"
        }
      ],
      "sessionPersonaSummary": {
        "speaker1": [
          "나는 딸기 체험을 추천한 보람을 느낀다.",
          "나의 남동생은 군대를 갔다. 나는 군대에 어떻게 편지를 보내야 할지 모른다.",
          "나는 남동생과 애틋하다.",
          "나는 남동생에게 줄 편지를 썼다.",
          "나는 남동생이 걱정된다.",
          "나는 물고기 한 마리를 키운다."
        ],
        "speaker2": [
          "나는 딸기 따기 체험을 했다.",
          "나는 남동생이 한 명 있다.",
          "나는 남동생에게 편지를 써준 적 없다.",
          "나는 남동생과 사이가 좋지 않다.",
          "나는 온라인으로 편지를 쓸 수 있는 것을 몰랐다.",
          "나의 남동생은 제대를 했다."
        ]
      },
      "prevAggregatedpersonaSummary": {
        "speaker1": [
          "나는 30대 여자이다. 나는 안경사이다.",
          "나는 음악을 들으며 쉬고 있다.",
          "나는 블루스 음악을 좋아한다.",
          "나는 신나는 음악을 들어볼 것이다.",
          "나는 다소 낙천적이다.",
          "나는 아무거나 잘 먹는다.",
          "나는 딸기 따기 체험을 해봤다."
        ],
        "speaker2": [
          "나는 30대 여자이다. 나는 조경기술자이다.",
          "나는 디스코 음악을 자주 듣는다.",
          "나는 일을 할 때 자신감이 생긴다.",
          "나는 돈가스를 좋아한다. 나는 저녁에 돈가스를 배달시킬 것이다.",
          "나는 딸기를 좋아한다.",
          "나는 딸기 따기 체험을 해본 적 없다.",
          "나는 딸기 따기 체험을 가볼 것이다."
        ]
      }
    }
  ]
}