{
  "FileInfo": {
    "filename": "K2-00450-CL32805-CP33162-08-05-S2.json",
    "sessionLevel": "2"
  },
  "participantsInfo": {
    "numberOfParticipants": "2",
    "speaker1": {
      "participantID": "1796",
      "gender": "남성",
      "age": "30대",
      "occupation": "사무직",
      "bPlace": "서울/경기/인천",
      "gPlace": "서울/경기/인천",
      "rPlace": "서울/경기/인천",
      "educationLevel": "대졸"
    },
    "speaker2": {
      "participantID": "1794",
      "gender": "남성",
      "age": "30대",
      "occupation": "자영업",
      "bPlace": "서울/경기/인천",
      "gPlace": "서울/경기/인천",
      "rPlace": "서울/경기/인천",
      "educationLevel": "대졸"
    }
  },
  "multisessionInfo": {
    "multisessionID": "2-00450"
  },
  "personaInfo": {
    "clInfo": {
      "personaID": "32805",
      "personaFeatures": [
        "나는 남자이다.",
        "나는 30대이다.",
        "나는 스릴러 영화를 가끔 본다.",
        "나는 이탈리아에 가 보고 싶다.",
        "나는 다소 상냥하다.",
        "나는 블루베리를 좋아한다."
      ],
      "speakerType": "speaker1"
    },
    "cpInfo": {
      "personaID": "33162",
      "personaFeatures": [
        "나는 남자이다.",
        "나는 30대이다.",
        "나는 장마철을 좋아한다.",
        "나는 홈쇼핑 MD이다.",
        "나는 뭐든지 열심히 한다.",
        "나는 청소하는 것을 좋아한다."
      ],
      "speakerType": "speaker2"
    }
  },
  "topicInfo": {
    "topicID": "08-05",
    "topicType": "개인 및 관계>연애/결혼",
    "topicTitle": "육아"
  },
  "sessionInfo": [
    {
      "prevSessionID": null,
      "prevTimeInfo": {
        "timeNum": null,
        "timeUnit": null
      },
      "nthSession": "1",
      "numberOfUtterances": "16",
      "numberOfTurns": "8",
      "sessionID": "2-00450-1",
      "dialog": [
        {
          "speaker": "speaker1",
          "personaID": "32805",
          "participantID": "1796",
          "utterance": "안녕하십니까! 저는 30대 남자입니다!",
          "summary": "나는 30대 남자다.",
          "date": "2022-10-18",
          "time": "21:33:10",
          "terminate": "false"
        },
        {
          "speaker": "speaker2",
          "personaID": "33162",
          "participantID": "1794",
          "utterance": "반갑습니다! 저도 30대 남자입니다!",
          "summary": "나는 30대 남자다.",
          "date": "2022-10-18",
          "time": "21:33:33",
          "terminate": "false"
        },
        {
          "speaker": "speaker1",
          "personaID": "32805",
          "participantID": "1796",
          "utterance": "직업은 어떤 일 하고 계시나요? 저는 농사를 하고 있답니다.",
          "summary": "나는 농부다.",
          "date": "2022-10-18",
          "time": "21:34:10",
          "terminate": "false"
        },
        {
          "speaker": "speaker2",
          "personaID": "33162",
          "participantID": "1794",
          "utterance": "저는 홈쇼핑 MD일을 하고 있어요. 어떤 농사 지으세요?",
          "summary": "나는 홈쇼핑 MD이다.",
          "date": "2022-10-18",
          "time": "21:34:21",
          "terminate": "false"
        },
        {
          "speaker": "speaker1",
          "personaID": "32805",
          "participantID": "1796",
          "utterance": "저는 블루베리 과수원을 운영하고 있어요. 제가 블루베리를 엄청 좋아하거든요!",
          "summary": "나는 블루베리를 좋아한다.",
          "date": "2022-10-18",
          "time": "21:34:50",
          "terminate": "false"
        },
        {
          "speaker": "speaker2",
          "personaID": "33162",
          "participantID": "1794",
          "utterance": "헉 제가 몇일전에 홈쇼핑에서 블루베리 선전을 맡았거든요. 엄청 열심히 했어요 ㅋㅋㅋ 뭐든 열심히 하는 성격이라.",
          "summary": "나는 뭐든지 열심히 한다.",
          "date": "2022-10-18",
          "time": "21:35:10",
          "terminate": "false"
        },
        {
          "speaker": "speaker1",
          "personaID": "32805",
          "participantID": "1796",
          "utterance": "우와. 제 농장일진 모르지만 감사합니다. 뭐든 열정적인게 좋죠!",
          "summary": "",
          "date": "2022-10-18",
          "time": "21:36:23",
          "terminate": "false"
        },
        {
          "speaker": "speaker2",
          "personaID": "33162",
          "participantID": "1794",
          "utterance": "그렇죠. 블루베리 과수원 운영하시면 주로 어떤일을 하세요?",
          "summary": "",
          "date": "2022-10-18",
          "time": "21:36:43",
          "terminate": "false"
        },
        {
          "speaker": "speaker1",
          "personaID": "32805",
          "participantID": "1796",
          "utterance": "저는 농사도 짓고 블루베리 따기 체험도 운영하고 있어요. 사람을 워낙 많이 접하다 보니 제가 상냥하다는 말이 많네요 ㅎㅎㅎ.",
          "summary": "나는 다소 상냥하다.",
          "date": "2022-10-18",
          "time": "21:37:10",
          "terminate": "false"
        },
        {
          "speaker": "speaker2",
          "personaID": "33162",
          "participantID": "1794",
          "utterance": "나중에 저도 한번 놀러갈게요!! 농사하시면 비오는게 중요하지 않아요? 저는 비를 좋아해서 장마철이 오면 기분이 좋더라구요.",
          "summary": "나는 장마철을 좋아한다.",
          "date": "2022-10-18",
          "time": "21:37:50",
          "terminate": "false"
        },
        {
          "speaker": "speaker1",
          "personaID": "32805",
          "participantID": "1796",
          "utterance": "농사할때 물은 중요하죠! 비가 적당히 오면 좋은데 너무 와버리면 당도가 떨어져서 적당한 게 중요한 것 같아요.",
          "summary": "",
          "date": "2022-10-18",
          "time": "21:38:23",
          "terminate": "false"
        },
        {
          "speaker": "speaker2",
          "personaID": "33162",
          "participantID": "1794",
          "utterance": "그렇군요. 하나 배워갑니다 ㅋㅋㅋ 오늘은 뭐 하세요?",
          "summary": "",
          "date": "2022-10-18",
          "time": "21:38:55",
          "terminate": "false"
        },
        {
          "speaker": "speaker1",
          "personaID": "32805",
          "participantID": "1796",
          "utterance": "농장 다녀왔다가 스릴러 영화를 보고 있었어요. 영화를 가끔 보는게 재미있더라구요!",
          "summary": "나는 스릴러 영화를 가끔 본다.",
          "date": "2022-10-18",
          "time": "21:39:30",
          "terminate": "false"
        },
        {
          "speaker": "speaker2",
          "personaID": "33162",
          "participantID": "1794",
          "utterance": "매력있으시네요. 저는 청소하는걸 좋아해요. 깔끔한걸 보면 맘이 편해지잖아요!",
          "summary": "나는 청소하는 것을 좋아한다.",
          "date": "2022-10-18",
          "time": "21:39:57",
          "terminate": "false"
        },
        {
          "speaker": "speaker1",
          "personaID": "32805",
          "participantID": "1796",
          "utterance": "저는 청소하는게 안되요 ㅠㅠ 어지럽히는 걸 더 잘하는 쪽입니다..",
          "summary": "나는 청소를 잘 못한다.",
          "date": "2022-10-18",
          "time": "21:40:15",
          "terminate": "false"
        },
        {
          "speaker": "speaker2",
          "personaID": "33162",
          "participantID": "1794",
          "utterance": "저랑 반반 섞으면 딱 맞겠네요 ㅋㅋㅋ 친구가 전화와서 잠깐 다녀올게요!",
          "summary": "",
          "date": "2022-10-18",
          "time": "21:41:10",
          "terminate": "true"
        }
      ],
      "sessionPersonaSummary": {
        "speaker1": [
          "나는 30대 남자다.",
          "나는 농부다.",
          "나는 블루베리를 좋아한다.",
          "나는 다소 상냥하다.",
          "나는 스릴러 영화를 가끔 본다.",
          "나는 청소를 잘 못한다."
        ],
        "speaker2": [
          "나는 30대 남자다.",
          "나는 홈쇼핑 MD이다.",
          "나는 뭐든지 열심히 한다.",
          "나는 장마철을 좋아한다.",
          "나는 청소하는 것을 좋아한다."
        ]
      },
      "prevAggregatedpersonaSummary": {
        "speaker1": [],
        "speaker2": []
      }
    },
    {
      "prevSessionID": "2-00450-1",
      "prevTimeInfo": {
        "timeNum": "3",
        "timeUnit": "시간"
      },
      "nthSession": "2",
      "numberOfUtterances": "20",
      "numberOfTurns": "10",
      "sessionID": "2-00450-2",
      "dialog": [
        {
          "speaker": "speaker1",
          "personaID": "32805",
          "participantID": "1796",
          "utterance": "친구분은 잘 만나고 오셨나요? 저도 잠깐 쉬고 있었네요.",
          "summary": "",
          "date": "2022-10-18",
          "time": "21:41:10",
          "terminate": "false"
        },
        {
          "speaker": "speaker2",
          "personaID": "33162",
          "participantID": "1794",
          "utterance": "친구가 출산을 해서 일찍 아빠가 되었는데 고민이 많더라구요. 결혼은 하셨어요?",
          "summary": "",
          "date": "2022-10-18",
          "time": "21:41:44",
          "terminate": "false"
        },
        {
          "speaker": "speaker1",
          "personaID": "32805",
          "participantID": "1796",
          "utterance": "네 저도 일찍 결혼을 해서 아들이 한명 있어요. 육아 하기가 쉽지는 않죠!",
          "summary": "나는 아들이 한 명 있다. 나는 결혼을 했다.",
          "date": "2022-10-18",
          "time": "21:42:20",
          "terminate": "false"
        },
        {
          "speaker": "speaker2",
          "personaID": "33162",
          "participantID": "1794",
          "utterance": "우와 아들이라니 든든할 것 같네요. 원래는 자녀 계획이 있으셨어요?",
          "summary": "",
          "date": "2022-10-18",
          "time": "21:43:10",
          "terminate": "false"
        },
        {
          "speaker": "speaker1",
          "personaID": "32805",
          "participantID": "1796",
          "utterance": "전 없었는데 와이프가 생각이 있어서 지금은 이렇게 되었네요. 아기를 보면 엄청 귀엽더라구요 ㅎㅎ.",
          "summary": "나는 자녀 계획이 없었다.",
          "date": "2022-10-18",
          "time": "21:43:55",
          "terminate": "false"
        },
        {
          "speaker": "speaker2",
          "personaID": "33162",
          "participantID": "1794",
          "utterance": "육아 할때는 어떠셨어요? 제 친구 선배로 소개시켜드려야 겠네요 ㅎㅎ.",
          "summary": "",
          "date": "2022-10-18",
          "time": "21:44:27",
          "terminate": "false"
        },
        {
          "speaker": "speaker1",
          "personaID": "32805",
          "participantID": "1796",
          "utterance": "ㅋㅋㅋ 저도 출산 막 하고나선 아무것도 모른채로 육아를 했었어요. 지금 생각하면 조금 후회되네요.",
          "summary": "나는 예전 일을 후회하고 있다.",
          "date": "2022-10-18",
          "time": "21:45:10",
          "terminate": "false"
        },
        {
          "speaker": "speaker2",
          "personaID": "33162",
          "participantID": "1794",
          "utterance": "뭐든 처음 하는 일은 어렵답니다. 너무 후회하지 않으셔도 괜찮을거예요!",
          "summary": "",
          "date": "2022-10-18",
          "time": "21:45:44",
          "terminate": "false"
        },
        {
          "speaker": "speaker1",
          "personaID": "32805",
          "participantID": "1796",
          "utterance": "감사합니다. 육아 이야기 하니 신혼때가 생각이 나네요!",
          "summary": "",
          "date": "2022-10-18",
          "time": "21:46:20",
          "terminate": "false"
        },
        {
          "speaker": "speaker2",
          "personaID": "33162",
          "participantID": "1794",
          "utterance": "신혼때 여행은 어디로 가셨어요? 신혼여행!",
          "summary": "",
          "date": "2022-10-18",
          "time": "21:47:11",
          "terminate": "false"
        },
        {
          "speaker": "speaker1",
          "personaID": "32805",
          "participantID": "1796",
          "utterance": "저는 하와이로 갔어요. 딱 적절한 시기에 바다 보러!!",
          "summary": "나는 하와이에 신혼여행을 다녀왔다.",
          "date": "2022-10-18",
          "time": "21:47:31",
          "terminate": "false"
        },
        {
          "speaker": "speaker2",
          "personaID": "33162",
          "participantID": "1794",
          "utterance": "우와.. 하와이라니 엄청 기억에 남을 것 같네요. 저는 이탈리아에 가보고 싶어요!",
          "summary": "나는 이탈리아에 가 보고 싶다.",
          "date": "2022-10-18",
          "time": "21:48:01",
          "terminate": "false"
        },
        {
          "speaker": "speaker1",
          "personaID": "32805",
          "participantID": "1796",
          "utterance": "이탈리아도 좋죠! 맛있는 음식이 엄청 많다고 하더라구요. 혹시 결혼은 하셨어요?",
          "summary": "",
          "date": "2022-10-18",
          "time": "21:48:40",
          "terminate": "false"
        },
        {
          "speaker": "speaker2",
          "personaID": "33162",
          "participantID": "1794",
          "utterance": "저는 아직 결혼은 안했구 만나는 사람은 있어요!",
          "summary": "",
          "date": "2022-10-18",
          "time": "21:49:10",
          "terminate": "false"
        },
        {
          "speaker": "speaker1",
          "personaID": "32805",
          "participantID": "1796",
          "utterance": "우와 그럼 그분이랑 결혼 생각은 있으세요?",
          "summary": "",
          "date": "2022-10-18",
          "time": "21:49:33",
          "terminate": "false"
        },
        {
          "speaker": "speaker2",
          "personaID": "33162",
          "participantID": "1794",
          "utterance": "네 연애를 이제 3년차가 되어서 결혼까지 저는 생각하고 있어요.",
          "summary": "나는 연애 중이다.",
          "date": "2022-10-18",
          "time": "21:49:54",
          "terminate": "false"
        },
        {
          "speaker": "speaker1",
          "personaID": "32805",
          "participantID": "1796",
          "utterance": "엄청 좋을 시기네요. 연애 할때랑 결혼하고 난 후는 많이 다르지만 그것도 나름의 매력이 있더라구요!",
          "summary": "나는 결혼 후에 많이 달라졌다.",
          "date": "2022-10-18",
          "time": "21:50:22",
          "terminate": "false"
        },
        {
          "speaker": "speaker2",
          "personaID": "33162",
          "participantID": "1794",
          "utterance": "제 연애 선배님이네요!! ㅎㅎ 결혼하고 나선 환경도 많이 달라지겠죠?",
          "summary": "",
          "date": "2022-10-18",
          "time": "21:51:10",
          "terminate": "false"
        },
        {
          "speaker": "speaker1",
          "personaID": "32805",
          "participantID": "1796",
          "utterance": "그쵸 집에 놀러온 여자친구가 자기집을 안가고 쭉 같이 산다고 생각하면 되겠네요 ㅋㅋㅋ.",
          "summary": "",
          "date": "2022-10-18",
          "time": "21:52:05",
          "terminate": "false"
        },
        {
          "speaker": "speaker2",
          "personaID": "33162",
          "participantID": "1794",
          "utterance": "으악 그건좀 고민 해 봐야겠네요 ㅋㅋㅋ 농담입니다. 여자친구 전화가 와서 다녀올게요!",
          "summary": "",
          "date": "2022-10-18",
          "time": "21:53:00",
          "terminate": "true"
        }
      ],
      "sessionPersonaSummary": {
        "speaker1": [
          "나는 아들이 한 명 있다. 나는 결혼을 했다.",
          "나는 자녀 계획이 없었다.",
          "나는 예전 일을 후회하고 있다.",
          "나는 하와이에 신혼여행을 다녀왔다.",
          "나는 결혼 후에 많이 달라졌다."
        ],
        "speaker2": [
          "나는 이탈리아에 가 보고 싶다.",
          "나는 연애 중이다."
        ]
      },
      "prevAggregatedpersonaSummary": {
        "speaker1": [
          "나는 30대 남자다.",
          "나는 농부다.",
          "나는 블루베리를 좋아한다.",
          "나는 다소 상냥하다.",
          "나는 스릴러 영화를 가끔 본다.",
          "나는 청소를 잘 못한다."
        ],
        "speaker2": [
          "나는 30대 남자다.",
          "나는 홈쇼핑 MD이다.",
          "나는 뭐든지 열심히 한다.",
          "나는 장마철을 좋아한다.",
          "나는 청소하는 것을 좋아한다."
        ]
      }
    }
  ]
}