{
  "FileInfo": {
    "filename": "K2-00266-CL43732-CP26088-09-06-S2.json",
    "sessionLevel": "2"
  },
  "participantsInfo": {
    "numberOfParticipants": "2",
    "speaker1": {
      "participantID": "3367",
      "gender": "여성",
      "age": "30대",
      "occupation": "무직",
      "bPlace": "부산/대구/울산/경상",
      "gPlace": "부산/대구/울산/경상",
      "rPlace": "부산/대구/울산/경상",
      "educationLevel": "고졸"
    },
    "speaker2": {
      "participantID": "4690",
      "gender": "여성",
      "age": "30대",
      "occupation": "사무직",
      "bPlace": "서울/경기/인천",
      "gPlace": "대전/세종/충청/강원",
      "rPlace": "서울/경기/인천",
      "educationLevel": "대학원졸"
    }
  },
  "multisessionInfo": {
    "multisessionID": "2-00266"
  },
  "personaInfo": {
    "clInfo": {
      "personaID": "43732",
      "personaFeatures": [
        "나는 여자이다.",
        "나는 40대이다.",
        "나는 벤처기업 팀장이다 ",
        "내가 가장 기쁘던 때는 아이의 편지를 받았을 때이다",
        "나는 힙합 음악을 자주 듣는다",
        "나는 분홍색을 싫어한다",
        "나는 새로운 음식을 찾는 게 재미있다"
      ],
      "speakerType": "speaker1"
    },
    "cpInfo": {
      "personaID": "26088",
      "personaFeatures": [
        "나는 여자이다.",
        "나는 20대이다.",
        "나는 주로 메신저로 이야기를 한다",
        "나는 금융 상품 개발자이다",
        "나는 K-POP 음악을 좋아한다",
        "나는 카페라떼를 매일 2잔 이상 마신다",
        "나는 원숭이에 관심 없다"
      ],
      "speakerType": "speaker2"
    }
  },
  "topicInfo": {
    "topicID": "09-06",
    "topicType": "개인 및 관계>반려동물",
    "topicTitle": "반려동물 산책"
  },
  "sessionInfo": [
    {
      "prevSessionID": null,
      "prevTimeInfo": {
        "timeNum": null,
        "timeUnit": null
      },
      "nthSession": "1",
      "numberOfUtterances": "14",
      "numberOfTurns": "7",
      "sessionID": "2-00266-1",
      "dialog": [
        {
          "speaker": "speaker1",
          "personaID": "43732",
          "participantID": "3367",
          "utterance": "반갑습니다 저는 40대 여성 입니다 벤처기업 팀장을 맡고 있어요",
          "summary": "나는 40대 여성이며 벤처기업 팀장을 맡고 있다.",
          "date": "2022-12-02",
          "time": "08:31:43",
          "terminate": "false"
        },
        {
          "speaker": "speaker2",
          "personaID": "26088",
          "participantID": "4690",
          "utterance": "안녕하세요. 20대 여성입니다. 저는 금융 상품 개발자로 일하고 있어요.",
          "summary": "나는 20대 여성이다 나는 금융상품 개발자로 일하고 있다",
          "date": "2022-12-02",
          "time": "08:33:11",
          "terminate": "false"
        },
        {
          "speaker": "speaker1",
          "personaID": "43732",
          "participantID": "3367",
          "utterance": "예 그러시군요 혹시 음악 자주 들으세요? 저는 힙합 음악을 자주 들어요",
          "summary": "나는 힙합 음악을 자주 듣는다.",
          "date": "2022-12-02",
          "time": "08:33:50",
          "terminate": "false"
        },
        {
          "speaker": "speaker2",
          "personaID": "26088",
          "participantID": "4690",
          "utterance": "오 저는 K-POP음악을 좋아해요. 힙합은 라디오에 나올 때만 듣고 있어요.",
          "summary": "나는 K-Pop 음악을 좋아하고 힙합은 라디오에 나올 때만 듣는다",
          "date": "2022-12-02",
          "time": "08:36:44",
          "terminate": "false"
        },
        {
          "speaker": "speaker1",
          "personaID": "43732",
          "participantID": "3367",
          "utterance": "그러시군요 혹시 좋아하는 색깔은 어떤 건가요? 저는 푸른색을 좋아하고 분홍색을 싫어해요",
          "summary": "나는 푸른색을 좋아하고 분홍색을 싫어한다.",
          "date": "2022-12-02",
          "time": "08:39:09",
          "terminate": "false"
        },
        {
          "speaker": "speaker2",
          "personaID": "26088",
          "participantID": "4690",
          "utterance": "아 저 분홍색 좋아하는데요. 커피는 좋아하세요? 전 매일 2잔 이상 꼭 카페라떼를 마셔요.",
          "summary": "나는 분홍색을 좋아하고 매일 두 잔 이상 카페라테를 마신다",
          "date": "2022-12-02",
          "time": "08:40:31",
          "terminate": "false"
        },
        {
          "speaker": "speaker1",
          "personaID": "43732",
          "participantID": "3367",
          "utterance": "예 저도 커피 좋아해요 저는 두 잔까진 아니고 아메리카노 한 잔 씩은 꼭 마셔요 저는 새로운 음식을 찾는데 취미가 있어요 재밌더라구요",
          "summary": "나는 커피를 좋아해서 아메리카노 한 잔은 꼭 마신다. 나는 새로운 음식을 찾는데 취미가 있다.",
          "date": "2022-12-02",
          "time": "08:55:28",
          "terminate": "false"
        },
        {
          "speaker": "speaker2",
          "personaID": "26088",
          "participantID": "4690",
          "utterance": "맛집 탐방 너무 재밌죠. 전 선곡 좋은 카페 투어를 자주 한답니다. 동물원 잘 가시나요? 전 자주 가는데 영 원숭이에는 관심이 없어서 바로 사자 보러 가요.",
          "summary": "나는 카페 투어를 자주 한다 나는 동물원에 자주 가고 원숭이에는 관심이 없어서 사자를 보러 간다",
          "date": "2022-12-02",
          "time": "10:02:21",
          "terminate": "false"
        },
        {
          "speaker": "speaker1",
          "personaID": "43732",
          "participantID": "3367",
          "utterance": "사자는 저희 아이가 참좋아해요 저는 아이와 보내는 시간이좋아요 제가 가장 기뻤던 때가 아이의 편지를 받았을 때이거든요 가족과 함께 하는 모든 게 제일 행복해요",
          "summary": "나는 아이와 보내는 시간이 좋다. 나는 가족과 함께 하는 모든 게 제일 행복하다.\n",
          "date": "2022-12-02",
          "time": "10:16:04",
          "terminate": "false"
        },
        {
          "speaker": "speaker2",
          "personaID": "26088",
          "participantID": "4690",
          "utterance": "와 정말 기쁘셨겠어요. 저도 언젠가는 받아볼 날이 오겠죠. ",
          "summary": "",
          "date": "2022-12-02",
          "time": "12:58:16",
          "terminate": "false"
        },
        {
          "speaker": "speaker1",
          "personaID": "43732",
          "participantID": "3367",
          "utterance": "예 분명 그런 날이 올 거예요!",
          "summary": "",
          "date": "2022-12-02",
          "time": "13:26:39",
          "terminate": "false"
        },
        {
          "speaker": "speaker2",
          "personaID": "26088",
          "participantID": "4690",
          "utterance": "대화를 주로 뭐로 하세요? 전 주로 메신저로 이야기하는 것 같아요.",
          "summary": "나는 주로 메신저로 이야기한다",
          "date": "2022-12-02",
          "time": "13:36:37",
          "terminate": "false"
        },
        {
          "speaker": "speaker1",
          "personaID": "43732",
          "participantID": "3367",
          "utterance": "저는 전화를 자주 해요! 의사 전달에  말보다 편한 건 없더라구요",
          "summary": "나는 전화를 자주 한다.",
          "date": "2022-12-02",
          "time": "13:37:15",
          "terminate": "false"
        },
        {
          "speaker": "speaker2",
          "personaID": "26088",
          "participantID": "4690",
          "utterance": "목소리 들으면서 하는게 가장 좋긴 하죠. 전 그만 일하러 가야겠어요. 누가 찾네요.",
          "summary": "",
          "date": "2022-12-02",
          "time": "13:37:55",
          "terminate": "true"
        }
      ],
      "sessionPersonaSummary": {
        "speaker1": [
          "나는 40대 여성이며 벤처기업 팀장을 맡고 있다.",
          "나는 힙합 음악을 자주 듣는다.",
          "나는 푸른색을 좋아하고 분홍색을 싫어한다.",
          "나는 커피를 좋아해서 아메리카노 한 잔은 꼭 마신다.",
          "나는 새로운 음식을 찾는데 취미가 있다.",
          "나는 아이와 보내는 시간이 좋다.",
          "나는 가족과 함께 하는 모든 게 제일 행복하다.\n",
          "나는 전화를 자주 한다."
        ],
        "speaker2": [
          "나는 20대 여성이다",
          "나는 금융상품 개발자로 일하고 있다",
          "나는 K-Pop 음악을 좋아하고 힙합은 라디오에 나올 때만 듣는다",
          "나는 분홍색을 좋아하고 매일 두 잔 이상 카페라테를 마신다",
          "나는 카페 투어를 자주 한다",
          "나는 동물원에 자주 가고 원숭이에는 관심이 없어서 사자를 보러 간다",
          "나는 주로 메신저로 이야기한다"
        ]
      },
      "prevAggregatedpersonaSummary": {
        "speaker1": [],
        "speaker2": []
      }
    },
    {
      "prevSessionID": "2-00266-1",
      "prevTimeInfo": {
        "timeNum": "9",
        "timeUnit": "시간"
      },
      "nthSession": "2",
      "numberOfUtterances": "14",
      "numberOfTurns": "7",
      "sessionID": "2-00266-2",
      "dialog": [
        {
          "speaker": "speaker1",
          "personaID": "43732",
          "participantID": "3367",
          "utterance": "9시간 만에 연락 드리네요! 혹시 뭘 하고 계셨나요?",
          "summary": "",
          "date": "2022-12-02",
          "time": "13:47:59",
          "terminate": "false"
        },
        {
          "speaker": "speaker2",
          "personaID": "26088",
          "participantID": "4690",
          "utterance": "이웃집 부탁으로 반려동물 산책을 시키고 왔어요. 집에서 강아지를 한 마리 키우는데 이 녀석이 바깥에서 싸버릇 해서 참고 기다린다고 하네요.",
          "summary": "나는 이웃집 부탁으로 반려동물 산책을 시키고 왔다 나는 옆집 강아지가 바깥에서 써 싸 버릇해서 참고 기다린다고 한다",
          "date": "2022-12-02",
          "time": "13:54:55",
          "terminate": "false"
        },
        {
          "speaker": "speaker1",
          "personaID": "43732",
          "participantID": "3367",
          "utterance": "종종 이유 대신해서 산책을 시켜주시나봐요 너무 좋은 이웃인 걸요?",
          "summary": "",
          "date": "2022-12-02",
          "time": "15:46:25",
          "terminate": "false"
        },
        {
          "speaker": "speaker2",
          "personaID": "26088",
          "participantID": "4690",
          "utterance": "네 친해진 언니가 있는데 그 분 강아지에요. 저도 강아지를 좋아하니 운동도 할겸 도와주고 있어요.",
          "summary": "나는 친한 언니 강아지를 운동도 할 겸 산책시키는 걸 도와준다",
          "date": "2022-12-02",
          "time": "15:55:47",
          "terminate": "false"
        },
        {
          "speaker": "speaker1",
          "personaID": "43732",
          "participantID": "3367",
          "utterance": "저도 강아지 한마리를 키우고 있어요 언니분은 좋겠어요 ~ 저도 누가 대신 산책을 도와줬으면 좋겠어요 ",
          "summary": "나는 강아지 한 마리를 키우고 있다.",
          "date": "2022-12-03",
          "time": "02:14:44",
          "terminate": "false"
        },
        {
          "speaker": "speaker2",
          "personaID": "26088",
          "participantID": "4690",
          "utterance": "반려동물 산책 해주시는 분들도 계시죠? 일정부분 페이를 드리면요.",
          "summary": "",
          "date": "2022-12-03",
          "time": "08:50:51",
          "terminate": "false"
        },
        {
          "speaker": "speaker1",
          "personaID": "43732",
          "participantID": "3367",
          "utterance": "저희 강아지는 바깥에서 배변 활동을 해서 눈이 오든 비가 오든 꼭 나가야 해요",
          "summary": "나는 매일같이 강아지를 데리고 산책을 가야 한다.",
          "date": "2022-12-03",
          "time": "09:39:12",
          "terminate": "false"
        },
        {
          "speaker": "speaker2",
          "personaID": "26088",
          "participantID": "4690",
          "utterance": "주인 없을 때 계속 참는다는게 신기한 것 같아요. 여행 가시거나 할 땐 어떻게 하나요?",
          "summary": "나는 강아지가 주인이 없을 때 계속 참는다는 게 신기하다",
          "date": "2022-12-03",
          "time": "14:17:12",
          "terminate": "false"
        },
        {
          "speaker": "speaker1",
          "personaID": "43732",
          "participantID": "3367",
          "utterance": "그래서 어디 멀리 가지 못해요 가끔 짧게 친구에게 맡기긴 해요",
          "summary": "나는 강아지를 가끔 친구에게 맡긴다.",
          "date": "2022-12-03",
          "time": "15:51:24",
          "terminate": "false"
        },
        {
          "speaker": "speaker2",
          "personaID": "26088",
          "participantID": "4690",
          "utterance": "애견 호텔도 있다고 하는데 많이 비싸겠죠? 요즘 쇼핑몰도 애완견 출입이 가능한 곳이 많더라고요.",
          "summary": "나는 애견호텔도 있다고 들었는데 많이 비쌀 것 같다 생각한다 요즘 쇼핑몰도 연경 출입이 가능한 곳이 많다는 걸 봤다",
          "date": "2022-12-03",
          "time": "16:03:42",
          "terminate": "false"
        },
        {
          "speaker": "speaker1",
          "personaID": "43732",
          "participantID": "3367",
          "utterance": "마음같아선 애완견 유치원이라도 보내고싶은데 비용이 비싸더라구요",
          "summary": "",
          "date": "2022-12-03",
          "time": "16:13:59",
          "terminate": "false"
        },
        {
          "speaker": "speaker2",
          "personaID": "26088",
          "participantID": "4690",
          "utterance": "애완견 유치원도 있어요? 아이들 유치원처럼 매일같이 가는 그런 곳이에요?",
          "summary": "",
          "date": "2022-12-03",
          "time": "16:23:15",
          "terminate": "false"
        },
        {
          "speaker": "speaker1",
          "personaID": "43732",
          "participantID": "3367",
          "utterance": "예 ㅎㅎ 산책도 하고 간식도 주고 노즈워크같은 아이들 발달 놀이도 하고 친구들이 많으니 사회성도 기르지요 ^^",
          "summary": "",
          "date": "2022-12-03",
          "time": "16:32:20",
          "terminate": "false"
        },
        {
          "speaker": "speaker2",
          "personaID": "26088",
          "participantID": "4690",
          "utterance": "와 신세계네요. 강아지만 좋아했지 반려동물 케어에 대해 많이 알지는 못하고 있었네요. 이젠 일하러 가봐야겠어요. 오늘도 즐거웠어요.",
          "summary": "나는 강아지를 좋아하지만 반려동물 케어에 대해 많이 알지 못했다",
          "date": "2022-12-03",
          "time": "16:39:28",
          "terminate": "true"
        }
      ],
      "sessionPersonaSummary": {
        "speaker1": [
          "나는 강아지 한 마리를 키우고 있다.",
          "나는 매일같이 강아지를 데리고 산책을 가야 한다.",
          "나는 강아지를 가끔 친구에게 맡긴다."
        ],
        "speaker2": [
          "나는 이웃집 부탁으로 반려동물 산책을 시키고 왔다",
          "나는 옆집 강아지가 바깥에서 써 싸 버릇해서 참고 기다린다고 한다",
          "나는 친한 언니 강아지를 운동도 할 겸 산책시키는 걸 도와준다",
          "나는 강아지가 주인이 없을 때 계속 참는다는 게 신기하다",
          "나는 애견호텔도 있다고 들었는데 많이 비쌀 것 같다 생각한다 요즘 쇼핑몰도 연경 출입이 가능한 곳이 많다는 걸 봤다",
          "나는 강아지를 좋아하지만 반려동물 케어에 대해 많이 알지 못했다"
        ]
      },
      "prevAggregatedpersonaSummary": {
        "speaker1": [
          "나는 40대 여성이며 벤처기업 팀장을 맡고 있다.",
          "나는 힙합 음악을 자주 듣는다.",
          "나는 푸른색을 좋아하고 분홍색을 싫어한다.",
          "나는 커피를 좋아해서 아메리카노 한 잔은 꼭 마신다.",
          "나는 새로운 음식을 찾는데 취미가 있다.",
          "나는 아이와 보내는 시간이 좋다.",
          "나는 가족과 함께 하는 모든 게 제일 행복하다.\n",
          "나는 전화를 자주 한다."
        ],
        "speaker2": [
          "나는 20대 여성이다",
          "나는 금융상품 개발자로 일하고 있다",
          "나는 K-Pop 음악을 좋아하고 힙합은 라디오에 나올 때만 듣는다",
          "나는 분홍색을 좋아하고 매일 두 잔 이상 카페라테를 마신다",
          "나는 카페 투어를 자주 한다",
          "나는 동물원에 자주 가고 원숭이에는 관심이 없어서 사자를 보러 간다",
          "나는 주로 메신저로 이야기한다"
        ]
      }
    }
  ]
}