{
  "FileInfo": {
    "filename": "K2-00387-CL12434-CP13363-19-04-S2.json",
    "sessionLevel": "2"
  },
  "participantsInfo": {
    "numberOfParticipants": "2",
    "speaker1": {
      "participantID": "4423",
      "gender": "여성",
      "age": "20대",
      "occupation": "학생",
      "bPlace": "부산/대구/울산/경상",
      "gPlace": "부산/대구/울산/경상",
      "rPlace": "부산/대구/울산/경상",
      "educationLevel": "대졸"
    },
    "speaker2": {
      "participantID": "3762",
      "gender": "여성",
      "age": "20대",
      "occupation": "사무직",
      "bPlace": "부산/대구/울산/경상",
      "gPlace": "부산/대구/울산/경상",
      "rPlace": "서울/경기/인천",
      "educationLevel": "대졸"
    }
  },
  "multisessionInfo": {
    "multisessionID": "2-00387"
  },
  "personaInfo": {
    "clInfo": {
      "personaID": "12434",
      "personaFeatures": [
        "나는 여자이다.",
        "나는 10대이다.",
        "나의 생일은 7월이다",
        "나는 노래방에 가는 게 즐겁다",
        "나는 탕수육을 싫어한다",
        "나는 노란색을 싫어한다"
      ],
      "speakerType": "speaker1"
    },
    "cpInfo": {
      "personaID": "13363",
      "personaFeatures": [
        "나는 여자이다.",
        "나는 10대이다.",
        "내가 사는 곳은 충주이다",
        "나는 영어영문학과에 진학하고 싶다",
        "나는 김밥을 즐겨 먹는다",
        "나는 시원한 날씨를 좋아한다",
        "나는 트로트 음악을 가끔 듣는다"
      ],
      "speakerType": "speaker2"
    }
  },
  "topicInfo": {
    "topicID": "19-04",
    "topicType": "예술문화 생활>방송/연예",
    "topicTitle": "노래"
  },
  "sessionInfo": [
    {
      "prevSessionID": null,
      "prevTimeInfo": {
        "timeNum": null,
        "timeUnit": null
      },
      "nthSession": "1",
      "numberOfUtterances": "14",
      "numberOfTurns": "7",
      "sessionID": "2-00387-1",
      "dialog": [
        {
          "speaker": "speaker1",
          "personaID": "12434",
          "participantID": "4423",
          "utterance": "안녕하세요 7월이 생일인 10대 여성입니다",
          "summary": "나는 7월이 생일이며 10대 여성이다",
          "date": "2022-11-23",
          "time": "14:29:10",
          "terminate": "false"
        },
        {
          "speaker": "speaker2",
          "personaID": "13363",
          "participantID": "3762",
          "utterance": "안녕하세요 충주에 사는 10대 여성입니다.",
          "summary": "나는 충주에 거주하는 10대 여성이다",
          "date": "2022-11-23",
          "time": "14:29:38",
          "terminate": "false"
        },
        {
          "speaker": "speaker1",
          "personaID": "12434",
          "participantID": "4423",
          "utterance": "반가워요 좋아하는 취미 있으신가요? 저는 노래방에 가는 걸 즐겨서 노래방에 자주 가서 스트레스를 풀어요",
          "summary": "나는 노래방에 가는 걸 즐겨서 노래방에 자주 가서 스트레스를 푼다",
          "date": "2022-11-23",
          "time": "15:30:18",
          "terminate": "false"
        },
        {
          "speaker": "speaker2",
          "personaID": "13363",
          "participantID": "3762",
          "utterance": "저는 트로트 음악을 가끔 들어요! 또 저는 시원한 날씨를 좋아합니다",
          "summary": "나는 트로트 음악을 듣는다 나는 시원한 날씨를 좋아한다",
          "date": "2022-11-23",
          "time": "15:34:12",
          "terminate": "false"
        },
        {
          "speaker": "speaker1",
          "personaID": "12434",
          "participantID": "4423",
          "utterance": "그럼 요즘 같은 날씨 좋아하시겠어요! 싫어하는 것들은 있으신가요? 전 탕수육과 노란색을 싫어해요!",
          "summary": "나는 탕수육과 노란색을 싫어한다",
          "date": "2022-11-23",
          "time": "16:10:18",
          "terminate": "false"
        },
        {
          "speaker": "speaker2",
          "personaID": "13363",
          "participantID": "3762",
          "utterance": "노란색을 싫어하시는군요? 갑자기 김밥의 단무지 생각이 나네요. 저는 김밥을 즐겨 먹어요",
          "summary": "나는 김밥을 즐겨 먹는다",
          "date": "2022-11-23",
          "time": "16:21:54",
          "terminate": "false"
        },
        {
          "speaker": "speaker1",
          "personaID": "12434",
          "participantID": "4423",
          "utterance": "김밥 저도 정말 좋아해요 최근 드라마 때문에 김밥이 더 좋아졌어요",
          "summary": "나는 김밥을 좋아한다 최근 드라마 때문에 김밥이 더 좋아졌다",
          "date": "2022-11-23",
          "time": "16:25:26",
          "terminate": "false"
        },
        {
          "speaker": "speaker2",
          "personaID": "13363",
          "participantID": "3762",
          "utterance": "저도 그 드라마를 봤습니다. 요즘은 미드도 즐겨보고 있어요~ 저는 영어영문학과에 진학하고 싶어요",
          "summary": "나는 미드도 즐겨본다 나는 영어영문학과에 진학하고 싶다",
          "date": "2022-11-23",
          "time": "16:31:16",
          "terminate": "false"
        },
        {
          "speaker": "speaker1",
          "personaID": "12434",
          "participantID": "4423",
          "utterance": "그래서 미드를 자주 보시는군요! 미드를 보면 확실히 실력이 늘어난다고 하던데 진짜인가요?",
          "summary": "",
          "date": "2022-11-23",
          "time": "16:46:51",
          "terminate": "false"
        },
        {
          "speaker": "speaker2",
          "personaID": "13363",
          "participantID": "3762",
          "utterance": "아무래도 일상회화를 좀 접할수 있는거 같아요! 제대로 공부하려면 영어자막 또는 자막없이 보는 방법도 쓰더라구요~",
          "summary": "나는 미드를 통해 일상회화를 접한다",
          "date": "2022-11-23",
          "time": "16:48:18",
          "terminate": "false"
        },
        {
          "speaker": "speaker1",
          "personaID": "12434",
          "participantID": "4423",
          "utterance": "저도 영어공부를 하고 싶어서 미드를 찾아볼까 했는데 정말 좋은 방법인 것 같네요! 저도 한 번 도전 해봐야겠어요",
          "summary": "나는 영어공부를 미드로 해볼 계획이다",
          "date": "2022-11-23",
          "time": "17:37:00",
          "terminate": "false"
        },
        {
          "speaker": "speaker2",
          "personaID": "13363",
          "participantID": "3762",
          "utterance": "좋은생각이에요! 검색하시면 영어공부 하기에 좀 편한 미드를 추천받아볼수 있을거에요~",
          "summary": "",
          "date": "2022-11-23",
          "time": "17:38:53",
          "terminate": "false"
        },
        {
          "speaker": "speaker1",
          "personaID": "12434",
          "participantID": "4423",
          "utterance": "그러면 그 전에 한 번 좋은 미드를 찾아보고 해봐야겠네요! 조언 고마워요!",
          "summary": "나는 영어 공부하기 좋은 미드를 찾아볼 예정이다",
          "date": "2022-11-23",
          "time": "18:00:39",
          "terminate": "false"
        },
        {
          "speaker": "speaker2",
          "personaID": "13363",
          "participantID": "3762",
          "utterance": "도움이 되면 좋겠네요~ 오늘 대화즐거웠어요 다음에 또 대화해요!",
          "summary": "나는 다음에 또 대화할 것이다",
          "date": "2022-11-23",
          "time": "18:12:21",
          "terminate": "true"
        }
      ],
      "sessionPersonaSummary": {
        "speaker1": [
          "나는 7월이 생일이며 10대 여성이다",
          "나는 노래방에 가는 걸 즐겨서 노래방에 자주 가서 스트레스를 푼다",
          "나는 탕수육과 노란색을 싫어한다",
          "나는 김밥을 좋아한다 최근 드라마 때문에 김밥이 더 좋아졌다",
          "나는 영어공부를 미드로 해볼 계획이다",
          "나는 영어 공부하기 좋은 미드를 찾아볼 예정이다"
        ],
        "speaker2": [
          "나는 충주에 거주하는 10대 여성이다",
          "나는 트로트 음악을 듣는다",
          "나는 시원한 날씨를 좋아한다",
          "나는 김밥을 즐겨 먹는다",
          "나는 미드도 즐겨본다",
          "나는 영어영문학과에 진학하고 싶다",
          "나는 미드를 통해 일상회화를 접한다",
          "나는 다음에 또 대화할 것이다"
        ]
      },
      "prevAggregatedpersonaSummary": {
        "speaker1": [],
        "speaker2": []
      }
    },
    {
      "prevSessionID": "2-00387-1",
      "prevTimeInfo": {
        "timeNum": "5",
        "timeUnit": "주"
      },
      "nthSession": "2",
      "numberOfUtterances": "16",
      "numberOfTurns": "8",
      "sessionID": "2-00387-2",
      "dialog": [
        {
          "speaker": "speaker1",
          "personaID": "12434",
          "participantID": "4423",
          "utterance": "5주만이네요 오랜만에 뵙네요 저는 미드보며 지냈어요 그동안 잘 지내셨나요? ",
          "summary": "",
          "date": "2022-11-23",
          "time": "19:35:53",
          "terminate": "false"
        },
        {
          "speaker": "speaker2",
          "personaID": "13363",
          "participantID": "3762",
          "utterance": "네 저는 요즘 빠진 곡이 있어서 노래를 듣고있어요",
          "summary": "나는 요즘 빠진 곡이 있다",
          "date": "2022-11-24",
          "time": "00:35:07",
          "terminate": "false"
        },
        {
          "speaker": "speaker1",
          "personaID": "12434",
          "participantID": "4423",
          "utterance": "어떤 노래를 듣고 계셨나요? 저도 요즘 빠진 노래들이 많아요!",
          "summary": "나는 요즘 빠진 노래들이 많다",
          "date": "2022-11-24",
          "time": "00:51:36",
          "terminate": "false"
        },
        {
          "speaker": "speaker2",
          "personaID": "13363",
          "participantID": "3762",
          "utterance": "겨울엔 재즈 듣는걸 좋아해요! 요즘 어떤 노래에 빠져있으신가요?",
          "summary": "나는 겨울에 재즈 듣는 것을 좋아한다",
          "date": "2022-11-24",
          "time": "09:38:25",
          "terminate": "false"
        },
        {
          "speaker": "speaker1",
          "personaID": "12434",
          "participantID": "4423",
          "utterance": "저는 날씨가 점점 겨울이 되다보니 잔잔한 발라드도 자주 듣는데 크리스마스 캐롤도 듣고 있어요 들으면 너무 설레더라구요!",
          "summary": "나는 겨울이라 크리스마스 캐럴을 듣고 있는데 너무 설렌다",
          "date": "2022-11-24",
          "time": "11:27:35",
          "terminate": "false"
        },
        {
          "speaker": "speaker2",
          "personaID": "13363",
          "participantID": "3762",
          "utterance": "맞아요 캐롤도 너무 좋아요 들으면 뭔가 설레는 기분이에요  #저는 지금부터 오후6시까지 쭉 대화 가능합니다",
          "summary": "나는 캐럴을 좋아한다",
          "date": "2022-11-24",
          "time": "11:59:59",
          "terminate": "false"
        },
        {
          "speaker": "speaker1",
          "personaID": "12434",
          "participantID": "4423",
          "utterance": "그쵸 요즘에는 전 케이팝도 좋은 노래들이 많아서 가리지 않고 다 잘 듣는데 요즘 들을 노래가 많아서 너무 좋아요",
          "summary": "나는 케이팝도 좋은 노래들이 많아서 가리지 않고 다 잘 듣는데 요즘 들을 노래가 많아서 너무 좋다",
          "date": "2022-11-24",
          "time": "12:41:05",
          "terminate": "false"
        },
        {
          "speaker": "speaker2",
          "personaID": "13363",
          "participantID": "3762",
          "utterance": "저는 좋아하는 노래가 생기면 한곡 반복재생으로 듣습니다",
          "summary": "나는 좋아하는 노래가 생기면 반복 재생한다",
          "date": "2022-11-24",
          "time": "12:56:02",
          "terminate": "false"
        },
        {
          "speaker": "speaker1",
          "personaID": "12434",
          "participantID": "4423",
          "utterance": "저랑 똑같으시네요! 저도 좋아하는 노래는 한곡 반복 재생해서 들어요 그러다 쉽게 질려서 그러면 또 다른 노래를 찾아 듣구요!",
          "summary": "나는 아하는 노래는 한곡 반복 재생해서 듣는다",
          "date": "2022-11-24",
          "time": "13:00:19",
          "terminate": "false"
        },
        {
          "speaker": "speaker2",
          "personaID": "13363",
          "participantID": "3762",
          "utterance": "작년이맘때는 스노우맨 노래를 정말 많이 들었어요",
          "summary": "나는 작년 이맘때 스노우맨을 많이 들었다",
          "date": "2022-11-24",
          "time": "13:01:26",
          "terminate": "false"
        },
        {
          "speaker": "speaker1",
          "personaID": "12434",
          "participantID": "4423",
          "utterance": "아 스노우맨 정말 좋죠! 저는@이름@ 노래를 많이 들었어요 캐롤의 대표곡이죠!",
          "summary": "나는 @이름@ 노래를 많이 들었다",
          "date": "2022-11-24",
          "time": "13:05:45",
          "terminate": "false"
        },
        {
          "speaker": "speaker2",
          "personaID": "13363",
          "participantID": "3762",
          "utterance": "맞아요 @이름@ 노래는 대표적인 캐롤이라고 생각해요",
          "summary": "나는 @이름@의 대표곡은 캐럴이라고 생각한다",
          "date": "2022-11-24",
          "time": "13:06:52",
          "terminate": "false"
        },
        {
          "speaker": "speaker1",
          "personaID": "12434",
          "participantID": "4423",
          "utterance": "대화를 나누다 보니 또 그 노래가 듣고싶어서 틀었어요! ",
          "summary": "나는 대화를 나누다 보니 머라이어 캐리 노래를 듣고 싶어서 틀었다",
          "date": "2022-11-24",
          "time": "13:07:55",
          "terminate": "false"
        },
        {
          "speaker": "speaker2",
          "personaID": "13363",
          "participantID": "3762",
          "utterance": "이제부터 열심히 캐롤을 들어야 딱 한달 즐길수 있겠네요 캐롤을 많이 들어야 겠어요~",
          "summary": "나는 캐럴을 많이 들을 것이다",
          "date": "2022-11-24",
          "time": "13:09:41",
          "terminate": "false"
        },
        {
          "speaker": "speaker1",
          "personaID": "12434",
          "participantID": "4423",
          "utterance": "맞아요! 한달동안 질리도록 한 번 들어보자구요",
          "summary": "",
          "date": "2022-11-24",
          "time": "13:16:41",
          "terminate": "false"
        },
        {
          "speaker": "speaker2",
          "personaID": "13363",
          "participantID": "3762",
          "utterance": "네 오늘 대화즐거웠어요 다음에 또 대화해요!",
          "summary": "",
          "date": "2022-11-24",
          "time": "13:17:10",
          "terminate": "true"
        }
      ],
      "sessionPersonaSummary": {
        "speaker1": [
          "나는 요즘 빠진 노래들이 많다",
          "나는 겨울이라 크리스마스 캐럴을 듣고 있는데 너무 설렌다",
          "나는 케이팝도 좋은 노래들이 많아서 가리지 않고 다 잘 듣는데 요즘 들을 노래가 많아서 너무 좋다",
          "나는 아하는 노래는 한곡 반복 재생해서 듣는다",
          "나는 @이름@ 노래를 많이 들었다",
          "나는 대화를 나누다 보니 머라이어 캐리 노래를 듣고 싶어서 틀었다"
        ],
        "speaker2": [
          "나는 요즘 빠진 곡이 있다",
          "나는 겨울에 재즈 듣는 것을 좋아한다",
          "나는 캐럴을 좋아한다",
          "나는 좋아하는 노래가 생기면 반복 재생한다",
          "나는 작년 이맘때 스노우맨을 많이 들었다",
          "나는 @이름@의 대표곡은 캐럴이라고 생각한다",
          "나는 캐럴을 많이 들을 것이다"
        ]
      },
      "prevAggregatedpersonaSummary": {
        "speaker1": [
          "나는 7월이 생일이며 10대 여성이다",
          "나는 노래방에 가는 걸 즐겨서 노래방에 자주 가서 스트레스를 푼다",
          "나는 탕수육과 노란색을 싫어한다",
          "나는 김밥을 좋아한다 최근 드라마 때문에 김밥이 더 좋아졌다",
          "나는 영어공부를 미드로 해볼 계획이다",
          "나는 영어 공부하기 좋은 미드를 찾아볼 예정이다"
        ],
        "speaker2": [
          "나는 충주에 거주하는 10대 여성이다",
          "나는 트로트 음악을 듣는다",
          "나는 시원한 날씨를 좋아한다",
          "나는 김밥을 즐겨 먹는다",
          "나는 미드도 즐겨본다",
          "나는 영어영문학과에 진학하고 싶다",
          "나는 미드를 통해 일상회화를 접한다",
          "나는 다음에 또 대화할 것이다"
        ]
      }
    }
  ]
}