{
  "FileInfo": {
    "filename": "K2-00397-CL43198-CP35537-07-05-S2.json",
    "sessionLevel": "2"
  },
  "participantsInfo": {
    "numberOfParticipants": "2",
    "speaker1": {
      "participantID": "4205",
      "gender": "남성",
      "age": "50대",
      "occupation": "자영업",
      "bPlace": "서울/경기/인천",
      "gPlace": "서울/경기/인천",
      "rPlace": "서울/경기/인천",
      "educationLevel": "대졸"
    },
    "speaker2": {
      "participantID": "4789",
      "gender": "여성",
      "age": "40대",
      "occupation": "자영업",
      "bPlace": "서울/경기/인천",
      "gPlace": "서울/경기/인천",
      "rPlace": "서울/경기/인천",
      "educationLevel": "대졸"
    }
  },
  "multisessionInfo": {
    "multisessionID": "2-00397"
  },
  "personaInfo": {
    "clInfo": {
      "personaID": "43198",
      "personaFeatures": [
        "나는 남자이다.",
        "나는 40대이다.",
        "나는 만화가이다",
        "나는 자녀가 없다",
        "나는 TV 음악 프로그램을 좋아한다",
        "나는 따뜻한 날씨를 싫어한다",
        "나는 요즘, 가끔 화가 난다"
      ],
      "speakerType": "speaker1"
    },
    "cpInfo": {
      "personaID": "35537",
      "personaFeatures": [
        "나는 여자이다.",
        "나는 30대이다.",
        "나의 종교는 개신교이다",
        "나는 시스템 소프트웨어 개발자(프로그래머)이다",
        "나는 단 음식을 싫어한다",
        "나의 생일은 2월이다"
      ],
      "speakerType": "speaker2"
    }
  },
  "topicInfo": {
    "topicID": "07-05",
    "topicType": "개인 및 관계>가족",
    "topicTitle": "친척"
  },
  "sessionInfo": [
    {
      "prevSessionID": null,
      "prevTimeInfo": {
        "timeNum": null,
        "timeUnit": null
      },
      "nthSession": "1",
      "numberOfUtterances": "14",
      "numberOfTurns": "7",
      "sessionID": "2-00397-1",
      "dialog": [
        {
          "speaker": "speaker1",
          "personaID": "43198",
          "participantID": "4205",
          "utterance": "안녕하세요...저는 40대 남성이고,  만화가 입니다",
          "summary": "나는 40대다. 나는 남자이다. 나의 직업은 만화가이다.",
          "date": "2022-11-30",
          "time": "10:28:05",
          "terminate": "false"
        },
        {
          "speaker": "speaker2",
          "personaID": "35537",
          "participantID": "4789",
          "utterance": "안녕하세요. 저는 여자이며 30대 입니다. 시스템 소프트웨어를 개발하는 일을 하고 있어요. 저 만화 좋아하는데 무슨 만화 그리셨는지 알수 있을까요?",
          "summary": "나는 30대 여자다. 나는 소프트웨어 개발자다. 나는 만화를 좋아한다,",
          "date": "2022-11-30",
          "time": "10:31:03",
          "terminate": "false"
        },
        {
          "speaker": "speaker1",
          "personaID": "43198",
          "participantID": "4205",
          "utterance": "저는 주로 하청받아서 스토리에 맞게 그려요.아이들 있으신가요.?",
          "summary": "나는 하청 받아 만화를 그린다.",
          "date": "2022-11-30",
          "time": "10:33:39",
          "terminate": "false"
        },
        {
          "speaker": "speaker2",
          "personaID": "35537",
          "participantID": "4789",
          "utterance": "네~ 아들 한 명 있어요. 자녀가 있으신가요? ",
          "summary": "나는 아들 한 명 있다",
          "date": "2022-11-30",
          "time": "10:34:29",
          "terminate": "false"
        },
        {
          "speaker": "speaker1",
          "personaID": "43198",
          "participantID": "4205",
          "utterance": "저는 씽글이라 아이가 없어요. 그래서 저녁에는 tv보는것을 좋아 합니다.",
          "summary": "나는 미혼이다. 나는 아이가 없다. 나는 저녁에 TV 보는 것을 좋아한다.",
          "date": "2022-11-30",
          "time": "10:35:50",
          "terminate": "false"
        },
        {
          "speaker": "speaker2",
          "personaID": "35537",
          "participantID": "4789",
          "utterance": "아 그러시군요. 저는 TV보다는 남편과 아이랑 영화관에 자주 가는 편이예요.  단 음식이 너무 싫은데 자꾸 아이랑 캐러멀 팝콘을 시키네요. 단 음식 좋아하시나요?",
          "summary": "나는 아이랑 남편이랑 영화관에 자주 간다. 나는 단 음식을 싫어한다 나의 남편과 아이는 영화관에서 캐러멜 팝콘을 시킨다.",
          "date": "2022-11-30",
          "time": "10:37:40",
          "terminate": "false"
        },
        {
          "speaker": "speaker1",
          "personaID": "43198",
          "participantID": "4205",
          "utterance": "네...요즘 가끔 화가날때가 있어..그때 마다 단걸로 마음을 가라 앉혀요. 날씨가 추워 졌는데 겨울날씨 좋아 하시나요.?",
          "summary": "요즘 나는 가끔 화가 난다. 나는 단 걸로 스트레스를 푼다.",
          "date": "2022-11-30",
          "time": "10:40:21",
          "terminate": "false"
        },
        {
          "speaker": "speaker2",
          "personaID": "35537",
          "participantID": "4789",
          "utterance": "아뇨 저는 여름을 좋아합니다. 2월 태어나서 추위에 강할꺼라고들 말하는데 저는 추위가 너무 싫어요. 오늘 출근길이 너무 추워서 덜덜 떨었어요. 겨울 좋아하세요?",
          "summary": "나는 여름을 좋아한다. 나는 추위가 너무 싫다.",
          "date": "2022-11-30",
          "time": "10:41:30",
          "terminate": "false"
        },
        {
          "speaker": "speaker1",
          "personaID": "43198",
          "participantID": "4205",
          "utterance": "제가 살이찐 체질이라 따뜻한 날씨는 싫어요. 추울땐 집에서 tv음악 프로를 주로봐요.  어떤 프로그램 주로 보시나요.?",
          "summary": "나는 살이 찌는 체질이다. 나는 따뜻한 날씨가 싫다. 나는 TV 음악 프로를 자주 본다.",
          "date": "2022-11-30",
          "time": "10:46:06",
          "terminate": "false"
        },
        {
          "speaker": "speaker2",
          "personaID": "35537",
          "participantID": "4789",
          "utterance": "저는 예능쪽으로 봐요. 다큐도 좋아하구요. 음악 장르는 어떤걸 좋아하세요?",
          "summary": "나는 예능 쪽으로 본다. 나는 다큐도 좋아한다.",
          "date": "2022-11-30",
          "time": "10:46:54",
          "terminate": "false"
        },
        {
          "speaker": "speaker1",
          "personaID": "43198",
          "participantID": "4205",
          "utterance": "저는 발라드 피아노 곡 좋아해요..발라드 음악 좋아 하시나요.?",
          "summary": "나는 발라드 피아노 곡을 좋아한다.",
          "date": "2022-11-30",
          "time": "10:51:21",
          "terminate": "false"
        },
        {
          "speaker": "speaker2",
          "personaID": "35537",
          "participantID": "4789",
          "utterance": "저는 발라드보다는 댄스곡을 좋아해요. 못 추는 춤이만 열과 성을 다해 따로 춘답니다. 님은 주말에 뭐하세요?",
          "summary": "나는 발라드보다는 댄스곡을 좋아한다. 나는 못 추는 춤이지만 열과 성을 다해 따라 춘다.",
          "date": "2022-11-30",
          "time": "10:53:14",
          "terminate": "false"
        },
        {
          "speaker": "speaker1",
          "personaID": "43198",
          "participantID": "4205",
          "utterance": "아차 친구랑 주말 약속, 일 때문에 취소해야 하는데...지금 전화 해야 겠어요..다음에 또 만나요",
          "summary": "",
          "date": "2022-11-30",
          "time": "10:57:21",
          "terminate": "false"
        },
        {
          "speaker": "speaker2",
          "personaID": "35537",
          "participantID": "4789",
          "utterance": "그래요. 저도 주말에 엄마 생신을 하기로 해서 준비하느라 바쁘네요. 다음에 또 얘기해요.",
          "summary": "나는 주말에 엄마 생신을 하기로 해서 준비하느라 바쁘다.",
          "date": "2022-11-30",
          "time": "11:03:11",
          "terminate": "true"
        }
      ],
      "sessionPersonaSummary": {
        "speaker1": [
          "나는 40대다. 나는 남자이다. 나의 직업은 만화가이다.",
          "나는 하청 받아 만화를 그린다.",
          "나는 미혼이다. 나는 아이가 없다. 나는 저녁에 TV 보는 것을 좋아한다.",
          "요즘 나는 가끔 화가 난다. 나는 단 걸로 스트레스를 푼다.",
          "나는 살이 찌는 체질이다. 나는 따뜻한 날씨가 싫다. 나는 TV 음악 프로를 자주 본다.",
          "나는 발라드 피아노 곡을 좋아한다."
        ],
        "speaker2": [
          "나는 30대 여자다. 나는 소프트웨어 개발자다. 나는 만화를 좋아한다,",
          "나는 아들 한 명 있다",
          "나는 아이랑 남편이랑 영화관에 자주 간다. 나는 단 음식을 싫어한다 나의 남편과 아이는 영화관에서 캐러멜 팝콘을 시킨다.",
          "나는 여름을 좋아한다. 나는 추위가 너무 싫다.",
          "나는 예능 쪽으로 본다. 나는 다큐도 좋아한다.",
          "나는 발라드보다는 댄스곡을 좋아한다. 나는 못 추는 춤이지만 열과 성을 다해 따라 춘다.",
          "나는 주말에 엄마 생신을 하기로 해서 준비하느라 바쁘다."
        ]
      },
      "prevAggregatedpersonaSummary": {
        "speaker1": [],
        "speaker2": []
      }
    },
    {
      "prevSessionID": "2-00397-1",
      "prevTimeInfo": {
        "timeNum": "3",
        "timeUnit": "일"
      },
      "nthSession": "2",
      "numberOfUtterances": "14",
      "numberOfTurns": "7",
      "sessionID": "2-00397-2",
      "dialog": [
        {
          "speaker": "speaker1",
          "personaID": "43198",
          "participantID": "4205",
          "utterance": "벌써 3일이 지났네요. 잘 지내셨나요.?",
          "summary": "3일이 지났다.",
          "date": "2022-11-30",
          "time": "11:42:14",
          "terminate": "false"
        },
        {
          "speaker": "speaker2",
          "personaID": "35537",
          "participantID": "4789",
          "utterance": "3일이나 지났나요? 님은 주말에 뭐하셨어요?",
          "summary": "",
          "date": "2022-11-30",
          "time": "11:44:09",
          "terminate": "false"
        },
        {
          "speaker": "speaker1",
          "personaID": "43198",
          "participantID": "4205",
          "utterance": "일 끝나고 저녁때 어머님 모시고 이모님댁에 갔다왔어요. 주말 잘 보내셨나요.?",
          "summary": "\n나는 일 끝나고 저녁때 엄마와 함께 이모 댁에 다녀왔다.",
          "date": "2022-11-30",
          "time": "11:47:15",
          "terminate": "false"
        },
        {
          "speaker": "speaker2",
          "personaID": "35537",
          "participantID": "4789",
          "utterance": "저는 이번에 엄마 생신이라 오랫만에 온 가족이 다 모였어요. 님도 가족분을 만나셨군요",
          "summary": "나는 이번에 엄마 생신이라 오랜만에 온 가족이 다 모였다.",
          "date": "2022-11-30",
          "time": "11:51:53",
          "terminate": "false"
        },
        {
          "speaker": "speaker1",
          "personaID": "43198",
          "participantID": "4205",
          "utterance": "친척들은 가끔봐도 매일 보는 이웃처럼 금방 편해지지 않나요.?",
          "summary": "\n나는 친척은 가끔 봐도 편하다.",
          "date": "2022-12-01",
          "time": "01:02:26",
          "terminate": "false"
        },
        {
          "speaker": "speaker2",
          "personaID": "35537",
          "participantID": "4789",
          "utterance": "그렇긴 해요 불편한 질문을 할때는 남보다 못하지만요",
          "summary": "",
          "date": "2022-12-01",
          "time": "07:44:08",
          "terminate": "false"
        },
        {
          "speaker": "speaker1",
          "personaID": "43198",
          "participantID": "4205",
          "utterance": "남들이 예의상 하지 않는 질문을 너무 자연스럽게들 하시죠. 특히 어떤 질문이 가장 싫으신지.?",
          "summary": "",
          "date": "2022-12-01",
          "time": "09:11:46",
          "terminate": "false"
        },
        {
          "speaker": "speaker2",
          "personaID": "35537",
          "participantID": "4789",
          "utterance": "아이 훈육이나 부부 문제, 회사 등등 제 삶 전반에 걸쳐 하는 모는 질문이 때론 부담스럽네요",
          "summary": "나는 친척들이 하는 나의 삶 전반에 걸친 모든 질문이 때론 부담스럽다.",
          "date": "2022-12-01",
          "time": "14:47:16",
          "terminate": "false"
        },
        {
          "speaker": "speaker1",
          "personaID": "43198",
          "participantID": "4205",
          "utterance": "자녀가 있으시댔죠. 저는 자녀가 없어서 공감은 못하겠지만 그래도 집안에 무슨일 있으면 친구와 친인척들이 와주니 감사 할 따름입니다. 궁합이 잘 맞는 친인척분은 없으신가요.?",
          "summary": "나는 집안에 일이 있으면 친구와 친인척들이 도와줘 감사하다.",
          "date": "2022-12-01",
          "time": "18:31:09",
          "terminate": "false"
        },
        {
          "speaker": "speaker2",
          "personaID": "35537",
          "participantID": "4789",
          "utterance": "저는 나와 비슷한 나이 때의 친척들 이랑은 거의 친하게 지내고 있어요.  연세 많으신 어르신들은 좀 불편하고요.",
          "summary": "나는 나와 비슷한 나이 때의 친척들 이랑은 거의 친하게 지내고 있다. 나는 연세 많으신 어르신들은 좀 불편하다.",
          "date": "2022-12-01",
          "time": "19:58:42",
          "terminate": "false"
        },
        {
          "speaker": "speaker1",
          "personaID": "43198",
          "participantID": "4205",
          "utterance": "저는 이모네 식구들이랑 친합니다. 특히 동생들이 비슷한 연령이라 말이 잘 통해 좋아요. 아버지쪽, 어머니쪽 친척중 어느쪽에 더 정이가시는지.? 저는 어머니쪽 친척분들 입니다.",
          "summary": "나는 이모네 식구들과 친하다. 나는 비슷한 연령대의 친척동생들이 있어 대화가 잘 통한다. 나는 엄마 쪽 친척분이 더 정이 간다.",
          "date": "2022-12-01",
          "time": "20:28:49",
          "terminate": "false"
        },
        {
          "speaker": "speaker2",
          "personaID": "35537",
          "participantID": "4789",
          "utterance": "저도 엄마쪽 식구들과 더 친해요. 특이하게도 시누랑도 잘 지낸답니다. ",
          "summary": "나는 엄마 쪽 식구들과 더 친하다. 나는 특이하게도 시누랑도 잘 지낸다.",
          "date": "2022-12-01",
          "time": "20:31:51",
          "terminate": "false"
        },
        {
          "speaker": "speaker1",
          "personaID": "43198",
          "participantID": "4205",
          "utterance": "대부분 엄마쪽 친척들과 친한거 같아요. 너무 긴 시간 저한테 대화 시간 주신거 같아요. 바쁘시면 먼저 나가셔도 되요. 오늘 대화 즐거웠습니다.",
          "summary": "",
          "date": "2022-12-01",
          "time": "20:37:09",
          "terminate": "false"
        },
        {
          "speaker": "speaker2",
          "personaID": "35537",
          "participantID": "4789",
          "utterance": "네 안그래도 일하라고 눈치주네요. 다음에 또 대화해요.",
          "summary": "",
          "date": "2022-12-01",
          "time": "20:39:24",
          "terminate": "true"
        }
      ],
      "sessionPersonaSummary": {
        "speaker1": [
          "3일이 지났다.",
          "\n나는 일 끝나고 저녁때 엄마와 함께 이모 댁에 다녀왔다.",
          "\n나는 친척은 가끔 봐도 편하다.",
          "나는 집안에 일이 있으면 친구와 친인척들이 도와줘 감사하다.",
          "나는 이모네 식구들과 친하다. 나는 비슷한 연령대의 친척동생들이 있어 대화가 잘 통한다. 나는 엄마 쪽 친척분이 더 정이 간다."
        ],
        "speaker2": [
          "나는 이번에 엄마 생신이라 오랜만에 온 가족이 다 모였다.",
          "나는 친척들이 하는 나의 삶 전반에 걸친 모든 질문이 때론 부담스럽다.",
          "나는 나와 비슷한 나이 때의 친척들 이랑은 거의 친하게 지내고 있다.",
          "나는 연세 많으신 어르신들은 좀 불편하다.",
          "나는 엄마 쪽 식구들과 더 친하다. 나는 특이하게도 시누랑도 잘 지낸다."
        ]
      },
      "prevAggregatedpersonaSummary": {
        "speaker1": [
          "나는 40대다. 나는 남자이다. 나의 직업은 만화가이다.",
          "나는 하청 받아 만화를 그린다.",
          "나는 미혼이다. 나는 아이가 없다. 나는 저녁에 TV 보는 것을 좋아한다.",
          "요즘 나는 가끔 화가 난다. 나는 단 걸로 스트레스를 푼다.",
          "나는 살이 찌는 체질이다. 나는 따뜻한 날씨가 싫다. 나는 TV 음악 프로를 자주 본다.",
          "나는 발라드 피아노 곡을 좋아한다."
        ],
        "speaker2": [
          "나는 30대 여자다. 나는 소프트웨어 개발자다. 나는 만화를 좋아한다,",
          "나는 아들 한 명 있다",
          "나는 아이랑 남편이랑 영화관에 자주 간다. 나는 단 음식을 싫어한다 나의 남편과 아이는 영화관에서 캐러멜 팝콘을 시킨다.",
          "나는 여름을 좋아한다. 나는 추위가 너무 싫다.",
          "나는 예능 쪽으로 본다. 나는 다큐도 좋아한다.",
          "나는 발라드보다는 댄스곡을 좋아한다. 나는 못 추는 춤이지만 열과 성을 다해 따라 춘다.",
          "나는 주말에 엄마 생신을 하기로 해서 준비하느라 바쁘다."
        ]
      }
    }
  ]
}