{
  "FileInfo": {
    "filename": "K2-00242-CL41412-CP26320-13-02-S2.json",
    "sessionLevel": "2"
  },
  "participantsInfo": {
    "numberOfParticipants": "2",
    "speaker1": {
      "participantID": "3244",
      "gender": "여성",
      "age": "30대",
      "occupation": "사무직",
      "bPlace": "서울/경기/인천",
      "gPlace": "서울/경기/인천",
      "rPlace": "서울/경기/인천",
      "educationLevel": "대졸"
    },
    "speaker2": {
      "participantID": "2539",
      "gender": "여성",
      "age": "20대",
      "occupation": "학생",
      "bPlace": "서울/경기/인천",
      "gPlace": "서울/경기/인천",
      "rPlace": "서울/경기/인천",
      "educationLevel": "고졸"
    }
  },
  "multisessionInfo": {
    "multisessionID": "2-00242"
  },
  "personaInfo": {
    "clInfo": {
      "personaID": "41412",
      "personaFeatures": [
        "나는 여자이다.",
        "나는 40대이다.",
        "나는 법무사이다",
        "나는 주말에 집에서 시간을 보낸다",
        "나는 범죄 영화를 좋아한다"
      ],
      "speakerType": "speaker1"
    },
    "cpInfo": {
      "personaID": "26320",
      "personaFeatures": [
        "나는 여자이다.",
        "나는 20대이다.",
        "나는 대학생이다",
        "나는 뉴질랜드로 어학연수를 간다",
        "나는 아침에 빵을 먹는다",
        "나는 카푸치노를 좋아한다",
        "나는 요즘, 가끔 질투가 난다"
      ],
      "speakerType": "speaker2"
    }
  },
  "topicInfo": {
    "topicID": "13-02",
    "topicType": "기후>계절/날씨",
    "topicTitle": "계절"
  },
  "sessionInfo": [
    {
      "prevSessionID": null,
      "prevTimeInfo": {
        "timeNum": null,
        "timeUnit": null
      },
      "nthSession": "1",
      "numberOfUtterances": "14",
      "numberOfTurns": "7",
      "sessionID": "2-00242-1",
      "dialog": [
        {
          "speaker": "speaker1",
          "personaID": "41412",
          "participantID": "3244",
          "utterance": "안녕하세요 저는 40대 여성입니다 ",
          "summary": "나는 40대 여성이다",
          "date": "2022-11-13",
          "time": "11:24:01",
          "terminate": "false"
        },
        {
          "speaker": "speaker2",
          "personaID": "26320",
          "participantID": "2539",
          "utterance": "안녕하세요 저는 20대 여성입니다. ",
          "summary": "나는 20대 여성이다 \n",
          "date": "2022-11-13",
          "time": "13:07:07",
          "terminate": "false"
        },
        {
          "speaker": "speaker1",
          "personaID": "41412",
          "participantID": "3244",
          "utterance": "반가워요 저는 법무사로 일하고있어요 학생이실까요 ?",
          "summary": "나는 법무사로 일하고 있다",
          "date": "2022-11-13",
          "time": "13:12:59",
          "terminate": "false"
        },
        {
          "speaker": "speaker2",
          "personaID": "26320",
          "participantID": "2539",
          "utterance": "네. 저는 대학생입니다. 곧 뉴질랜드로 아학연수를 갑니다.",
          "summary": "나는 대학생이다 \n나는 곧 뉴질랜드로 어학연수를 간다 ",
          "date": "2022-11-13",
          "time": "17:21:38",
          "terminate": "false"
        },
        {
          "speaker": "speaker1",
          "personaID": "41412",
          "participantID": "3244",
          "utterance": "학생이시군요 유학이라니 부러워요 저는 주말에 주로 집에서 시간을 보내는데 주말엔 뭐하세요 ?",
          "summary": "나는 주말에 주로 집에서 시간을 보낸다",
          "date": "2022-11-13",
          "time": "19:36:20",
          "terminate": "false"
        },
        {
          "speaker": "speaker2",
          "personaID": "26320",
          "participantID": "2539",
          "utterance": "특별한 건 없고 카푸치노를 좋아해서 혼자 카푸치노를 해먹어요.",
          "summary": "나는 카푸치노를 좋아한다",
          "date": "2022-11-13",
          "time": "21:03:34",
          "terminate": "false"
        },
        {
          "speaker": "speaker1",
          "personaID": "41412",
          "participantID": "3244",
          "utterance": "카푸치노 만들기 수월한가요 ? 저도 커피 좋아해요 주말에 집에서 커피마시면서 범죄영화 보는게 낙이에요",
          "summary": "나는 주말에 범죄영화 보는 걸 좋아한다",
          "date": "2022-11-13",
          "time": "22:26:19",
          "terminate": "false"
        },
        {
          "speaker": "speaker2",
          "personaID": "26320",
          "participantID": "2539",
          "utterance": "좋네요. 아침은 드셨나요? 저는 아침에 빵을 먹어요. ",
          "summary": "나는 아침에 빵을 먹는다",
          "date": "2022-11-13",
          "time": "22:32:13",
          "terminate": "false"
        },
        {
          "speaker": "speaker1",
          "personaID": "41412",
          "participantID": "3244",
          "utterance": "가볍게 먹는 아침도 좋죠 저는 출근전에 샐로드를 주로 먹어요 ",
          "summary": "나는 출근 전에 샐러드를 주로 먹는다",
          "date": "2022-11-13",
          "time": "22:48:06",
          "terminate": "false"
        },
        {
          "speaker": "speaker2",
          "personaID": "26320",
          "participantID": "2539",
          "utterance": "가볍게 좋네요. 저도 다음에는 그래야겠어요.",
          "summary": "",
          "date": "2022-11-14",
          "time": "11:38:09",
          "terminate": "false"
        },
        {
          "speaker": "speaker1",
          "personaID": "41412",
          "participantID": "3244",
          "utterance": "네 한번 해보세요 오전에 샐러드 먹으면 몸이 가벼워서 기분도 좋아지더라구요",
          "summary": "나는 오전에 샐러드를 먹으면 몸이 가벼워서 기분이 좋다",
          "date": "2022-11-14",
          "time": "12:04:22",
          "terminate": "false"
        },
        {
          "speaker": "speaker2",
          "personaID": "26320",
          "participantID": "2539",
          "utterance": "하하 그렇군요. 저는 요즘, 가끔 질투가 나요. ",
          "summary": "나는 요즘 가끔 질투가 난다",
          "date": "2022-11-14",
          "time": "22:32:51",
          "terminate": "false"
        },
        {
          "speaker": "speaker1",
          "personaID": "41412",
          "participantID": "3244",
          "utterance": "젊은아가씨가 왜 질투가 나실까요 ? 하하",
          "summary": "",
          "date": "2022-11-15",
          "time": "11:10:01",
          "terminate": "false"
        },
        {
          "speaker": "speaker2",
          "personaID": "26320",
          "participantID": "2539",
          "utterance": "그러게요. 고쳐야 한다고 생각은 하는데 잘 안 되네요... 시간이 다 되어서 저는 이만 가볼게요. 또 만나요!",
          "summary": "",
          "date": "2022-11-15",
          "time": "19:02:23",
          "terminate": "true"
        }
      ],
      "sessionPersonaSummary": {
        "speaker1": [
          "나는 40대 여성이다",
          "나는 법무사로 일하고 있다",
          "나는 주말에 주로 집에서 시간을 보낸다",
          "나는 주말에 범죄영화 보는 걸 좋아한다",
          "나는 출근 전에 샐러드를 주로 먹는다",
          "나는 오전에 샐러드를 먹으면 몸이 가벼워서 기분이 좋다"
        ],
        "speaker2": [
          "나는 20대 여성이다 \n",
          "나는 대학생이다 \n나는 곧 뉴질랜드로 어학연수를 간다 ",
          "나는 카푸치노를 좋아한다",
          "나는 아침에 빵을 먹는다",
          "나는 요즘 가끔 질투가 난다"
        ]
      },
      "prevAggregatedpersonaSummary": {
        "speaker1": [],
        "speaker2": []
      }
    },
    {
      "prevSessionID": "2-00242-1",
      "prevTimeInfo": {
        "timeNum": "2",
        "timeUnit": "주"
      },
      "nthSession": "2",
      "numberOfUtterances": "14",
      "numberOfTurns": "7",
      "sessionID": "2-00242-2",
      "dialog": [
        {
          "speaker": "speaker1",
          "personaID": "41412",
          "participantID": "3244",
          "utterance": "2주가 어떻게 지나간지 모르겠어요.아침에는 항상 빵을 드신다하셨는데 요즘도 아침은 주로 빵을 드시나요?",
          "summary": "나는 순식간에 계절의 변화를 느낀다",
          "date": "2022-11-15",
          "time": "19:10:28",
          "terminate": "false"
        },
        {
          "speaker": "speaker2",
          "personaID": "26320",
          "participantID": "2539",
          "utterance": "맞아요. 새삼 겨울이 한걸음 앞으로 다가온 걸 느끼네요.",
          "summary": "나는 새삼 겨울이 다가온 걸 느낀다",
          "date": "2022-11-15",
          "time": "19:16:31",
          "terminate": "false"
        },
        {
          "speaker": "speaker1",
          "personaID": "41412",
          "participantID": "3244",
          "utterance": "나이가 드니 계절의 변화가 더 크게 느껴지는거 같아요 요새는 추워지면 뼈가 시려요",
          "summary": "나는 추워지면 뼈가 시리다",
          "date": "2022-11-15",
          "time": "19:18:10",
          "terminate": "false"
        },
        {
          "speaker": "speaker2",
          "personaID": "26320",
          "participantID": "2539",
          "utterance": "하하 저희 어머니도 똑같이 말씀하세요. 저도 겨울보다는 훨씬 여름을 좋아해요.",
          "summary": " 나는 겨울보다 여름이 좋다",
          "date": "2022-11-15",
          "time": "19:19:35",
          "terminate": "false"
        },
        {
          "speaker": "speaker1",
          "personaID": "41412",
          "participantID": "3244",
          "utterance": "맞아요 나이드니 겨울보다 여름이 나은거 같아요 하하 따뜻한 담요하나 챙기게되요 겨울엔",
          "summary": "나는 겨울에 따뜻한 담요를 챙기게 된다",
          "date": "2022-11-15",
          "time": "19:20:36",
          "terminate": "false"
        },
        {
          "speaker": "speaker2",
          "personaID": "26320",
          "participantID": "2539",
          "utterance": "꼭 필요하죠. 저는 겨울에 전기 손난로를 들고 다닌답니다",
          "summary": "나는 겨울에 전기 손난로를 들고 다닌다 \n",
          "date": "2022-11-15",
          "time": "19:21:52",
          "terminate": "false"
        },
        {
          "speaker": "speaker1",
          "personaID": "41412",
          "participantID": "3244",
          "utterance": "전기 손난로 좋은가요 ? 저는 아줌마라 옛날식밖에 안써봐서요",
          "summary": "",
          "date": "2022-11-15",
          "time": "19:27:42",
          "terminate": "false"
        },
        {
          "speaker": "speaker2",
          "personaID": "26320",
          "participantID": "2539",
          "utterance": "하하 네. 충전만 해놓으면 하루는 쓰는 것 같아요. 필요에 따라 끄고 켤 수 있으니 말이죠.",
          "summary": "",
          "date": "2022-11-15",
          "time": "19:30:07",
          "terminate": "false"
        },
        {
          "speaker": "speaker1",
          "personaID": "41412",
          "participantID": "3244",
          "utterance": "끄고 킬수가 있다니 대박템인데요 ? 저는 옛날식은 식을때까지 계속 들고다녔는데...하하하",
          "summary": "",
          "date": "2022-11-15",
          "time": "19:30:47",
          "terminate": "false"
        },
        {
          "speaker": "speaker2",
          "personaID": "26320",
          "participantID": "2539",
          "utterance": "저도 어렸을 땐 그런 손난로를 썼는데 세월이 지나니 별게 다 나오더라구요. 저는 수족냉증이 있어 겨울에 손난로는 필수에요.",
          "summary": " 나는 수족냉증이 있어 손난로가 필수다",
          "date": "2022-11-15",
          "time": "19:33:25",
          "terminate": "false"
        },
        {
          "speaker": "speaker1",
          "personaID": "41412",
          "participantID": "3244",
          "utterance": "역시 겨울엔 난로가 답인가봐요 저도 하나 장만해야겠어요 이래서 젊은 친구들과 대화하나봐요 좋은 정보를 이렇게 쉽게 얻을수있다니요",
          "summary": "",
          "date": "2022-11-15",
          "time": "19:34:03",
          "terminate": "false"
        },
        {
          "speaker": "speaker2",
          "personaID": "26320",
          "participantID": "2539",
          "utterance": "아이 별말씀을요. 저도 억지로 유행을 따라가고 있는 사람이거든요:)",
          "summary": "나는 억지로 유행을 따라가는 사람이다",
          "date": "2022-11-15",
          "time": "19:35:58",
          "terminate": "false"
        },
        {
          "speaker": "speaker1",
          "personaID": "41412",
          "participantID": "3244",
          "utterance": "덕분에 완전 꿀정보를 얻었어요~ 올 겨울 따뜻하게 보낼수있겠어요 ~~ 감기 조심하시고 건강한 겨울보내요 우리",
          "summary": "",
          "date": "2022-11-15",
          "time": "19:36:53",
          "terminate": "false"
        },
        {
          "speaker": "speaker2",
          "personaID": "26320",
          "participantID": "2539",
          "utterance": "네. 이야기 즐거웠어요. 따뜻한 겨울 되세요!",
          "summary": "",
          "date": "2022-11-15",
          "time": "19:49:39",
          "terminate": "true"
        }
      ],
      "sessionPersonaSummary": {
        "speaker1": [
          "나는 순식간에 계절의 변화를 느낀다",
          "나는 추워지면 뼈가 시리다",
          "나는 겨울에 따뜻한 담요를 챙기게 된다"
        ],
        "speaker2": [
          "나는 새삼 겨울이 다가온 걸 느낀다",
          "나는 겨울보다 여름이 좋다",
          "나는 겨울에 전기 손난로를 들고 다닌다 \n",
          "나는 수족냉증이 있어 손난로가 필수다",
          "나는 억지로 유행을 따라가는 사람이다"
        ]
      },
      "prevAggregatedpersonaSummary": {
        "speaker1": [
          "나는 40대 여성이다",
          "나는 법무사로 일하고 있다",
          "나는 주말에 주로 집에서 시간을 보낸다",
          "나는 주말에 범죄영화 보는 걸 좋아한다",
          "나는 출근 전에 샐러드를 주로 먹는다",
          "나는 오전에 샐러드를 먹으면 몸이 가벼워서 기분이 좋다"
        ],
        "speaker2": [
          "나는 20대 여성이다 \n",
          "나는 대학생이다 \n나는 곧 뉴질랜드로 어학연수를 간다 ",
          "나는 카푸치노를 좋아한다",
          "나는 아침에 빵을 먹는다",
          "나는 요즘 가끔 질투가 난다"
        ]
      }
    }
  ]
}