{
  "FileInfo": {
    "filename": "K2-00308-CL11096-CP22280-20-08-S2.json",
    "sessionLevel": "2"
  },
  "participantsInfo": {
    "numberOfParticipants": "2",
    "speaker1": {
      "participantID": "3498",
      "gender": "여성",
      "age": "20대",
      "occupation": "학생",
      "bPlace": "서울/경기/인천",
      "gPlace": "서울/경기/인천",
      "rPlace": "서울/경기/인천",
      "educationLevel": "기타"
    },
    "speaker2": {
      "participantID": "3659",
      "gender": "여성",
      "age": "30대",
      "occupation": "주부",
      "bPlace": "서울/경기/인천",
      "gPlace": "서울/경기/인천",
      "rPlace": "서울/경기/인천",
      "educationLevel": "대졸"
    }
  },
  "multisessionInfo": {
    "multisessionID": "2-00308"
  },
  "personaInfo": {
    "clInfo": {
      "personaID": "11096",
      "personaFeatures": [
        "나는 여자이다.",
        "나는 10대이다.",
        "나의 어머니는 공인중개사이다",
        "나는 예능 PD가 되고 싶다",
        "나는 시를 가끔 읽는다"
      ],
      "speakerType": "speaker1"
    },
    "cpInfo": {
      "personaID": "22280",
      "personaFeatures": [
        "나는 여자이다.",
        "나는 20대이다.",
        "나의 남자 형제는 세무사이다",
        "나는 항해사이다",
        "나는 PC게임에 관심이 없다"
      ],
      "speakerType": "speaker2"
    }
  },
  "topicInfo": {
    "topicID": "20-08",
    "topicType": "예술문화 생활>영화/만화",
    "topicTitle": "문화 생활"
  },
  "sessionInfo": [
    {
      "prevSessionID": null,
      "prevTimeInfo": {
        "timeNum": null,
        "timeUnit": null
      },
      "nthSession": "1",
      "numberOfUtterances": "14",
      "numberOfTurns": "7",
      "sessionID": "2-00308-1",
      "dialog": [
        {
          "speaker": "speaker1",
          "personaID": "11096",
          "participantID": "3498",
          "utterance": "안녕하세요 저는 10대 여성입니다. 저는 예능 PD가 되고 싶은 학생입니다. 반가워요",
          "summary": "나는 10대 여성이다. 나는 예능 PD가 되고 싶다. 나는 학생이다. \n",
          "date": "2022-10-25",
          "time": "13:55:10",
          "terminate": "false"
        },
        {
          "speaker": "speaker2",
          "personaID": "22280",
          "participantID": "3659",
          "utterance": "안녕하세요 저는 항해사인 20대 여성입니다",
          "summary": "나는 항해사이다. 나는 20대 여성이다",
          "date": "2022-10-25",
          "time": "14:00:06",
          "terminate": "false"
        },
        {
          "speaker": "speaker1",
          "personaID": "11096",
          "participantID": "3498",
          "utterance": "여성 항해사 너무 멋지세요. 저는 시를 가끔 읽어요~",
          "summary": "나는 시를 가끔 읽는다",
          "date": "2022-10-25",
          "time": "14:03:39",
          "terminate": "false"
        },
        {
          "speaker": "speaker2",
          "personaID": "22280",
          "participantID": "3659",
          "utterance": "시 저도 좋아해요 저는 pc게임에는 관심은 없어서 안하지만 시는 가끔봅니다",
          "summary": "나는 시를 좋아한다. 나는 pc게임에 관심이 없다. \n",
          "date": "2022-10-25",
          "time": "14:06:03",
          "terminate": "false"
        },
        {
          "speaker": "speaker1",
          "personaID": "11096",
          "participantID": "3498",
          "utterance": "항해하시며 시집도 함께 가져가시나요?",
          "summary": "",
          "date": "2022-10-25",
          "time": "14:06:51",
          "terminate": "false"
        },
        {
          "speaker": "speaker2",
          "personaID": "22280",
          "participantID": "3659",
          "utterance": "그럼요 계속 운전대를 잡는것도 아니여서요 틈틈히 즐겨보고 있어요 쉬는날에는  제 남자형제가 세무사라 일도와주곤합니다",
          "summary": "나는 시를 쉬는 날에 틈틈이 즐겨보고 있다 나의 남자 형제가 세무사이다",
          "date": "2022-10-25",
          "time": "14:08:19",
          "terminate": "false"
        },
        {
          "speaker": "speaker1",
          "personaID": "11096",
          "participantID": "3498",
          "utterance": "저의 어머니는 공인중개사에요. 가끔 사무실 청소를 도와주곤 합니다",
          "summary": "나의 어머니는 공인중개사이다. 나는 사무실 청소를 가끔 도와준다. \n",
          "date": "2022-10-25",
          "time": "14:09:19",
          "terminate": "false"
        },
        {
          "speaker": "speaker2",
          "personaID": "22280",
          "participantID": "3659",
          "utterance": "착하시네요 ㅎㅎ용돈받으셔야겠어요",
          "summary": "",
          "date": "2022-10-25",
          "time": "14:10:07",
          "terminate": "false"
        },
        {
          "speaker": "speaker1",
          "personaID": "11096",
          "participantID": "3498",
          "utterance": "용돈을 넉넉히 주시는데 별로 쓸데도 없네요",
          "summary": "나는 용돈을 넉넉히 받는다. \n",
          "date": "2022-10-25",
          "time": "14:13:17",
          "terminate": "false"
        },
        {
          "speaker": "speaker2",
          "personaID": "22280",
          "participantID": "3659",
          "utterance": "헛 부러운 말씀이십니다 저는 항상 부족하네요 ㅎㅎ",
          "summary": "나는 항상 돈이 부족하다. \n",
          "date": "2022-10-25",
          "time": "14:18:08",
          "terminate": "false"
        },
        {
          "speaker": "speaker1",
          "personaID": "11096",
          "participantID": "3498",
          "utterance": "항해 나가시면 주로 어디로 가시나요?",
          "summary": "",
          "date": "2022-10-25",
          "time": "14:20:37",
          "terminate": "false"
        },
        {
          "speaker": "speaker2",
          "personaID": "22280",
          "participantID": "3659",
          "utterance": "저는 초반에 국내 위주로 돌다가 요즘에는 옆나라까지도 간답니다",
          "summary": "나는 국내 위주로 항해한다. \n",
          "date": "2022-10-25",
          "time": "14:21:53",
          "terminate": "false"
        },
        {
          "speaker": "speaker1",
          "personaID": "11096",
          "participantID": "3498",
          "utterance": "저는 여행을 좋아하는데 바다 위 여행 너무 멋집니다",
          "summary": "나는 여행을 좋아한다",
          "date": "2022-10-25",
          "time": "14:22:50",
          "terminate": "false"
        },
        {
          "speaker": "speaker2",
          "personaID": "22280",
          "participantID": "3659",
          "utterance": "여행은 언제나 좋은법이지요 저 잠시 볼일좀 보고올께요 우리 다음에 마저 이야기 해요~",
          "summary": "",
          "date": "2022-10-25",
          "time": "14:23:45",
          "terminate": "true"
        }
      ],
      "sessionPersonaSummary": {
        "speaker1": [
          "나는 10대 여성이다.",
          "나는 예능 PD가 되고 싶다. 나는 학생이다. \n",
          "나는 시를 가끔 읽는다",
          "나의 어머니는 공인중개사이다. 나는 사무실 청소를 가끔 도와준다. \n",
          "나는 용돈을 넉넉히 받는다. \n",
          "나는 여행을 좋아한다"
        ],
        "speaker2": [
          "나는 항해사이다. 나는 20대 여성이다",
          "나는 시를 좋아한다. 나는 pc게임에 관심이 없다. \n",
          "나는 시를 쉬는 날에 틈틈이 즐겨보고 있다",
          "나의 남자 형제가 세무사이다",
          "나는 항상 돈이 부족하다. \n",
          "나는 국내 위주로 항해한다. \n"
        ]
      },
      "prevAggregatedpersonaSummary": {
        "speaker1": [],
        "speaker2": []
      }
    },
    {
      "prevSessionID": "2-00308-1",
      "prevTimeInfo": {
        "timeNum": "3",
        "timeUnit": "주"
      },
      "nthSession": "2",
      "numberOfUtterances": "14",
      "numberOfTurns": "7",
      "sessionID": "2-00308-2",
      "dialog": [
        {
          "speaker": "speaker1",
          "personaID": "11096",
          "participantID": "3498",
          "utterance": "3주만에 연락드립니다. 날씨가 많이 쌀쌀해 졌어요",
          "summary": "",
          "date": "2022-10-25",
          "time": "14:29:45",
          "terminate": "false"
        },
        {
          "speaker": "speaker2",
          "personaID": "22280",
          "participantID": "3659",
          "utterance": "너무 추운것같아요 ㅎㅎ뭐하고 지내셨어요?",
          "summary": "나는 너무 춥다",
          "date": "2022-10-25",
          "time": "14:33:50",
          "terminate": "false"
        },
        {
          "speaker": "speaker1",
          "personaID": "11096",
          "participantID": "3498",
          "utterance": "예능 pd가 되고싶어서 예능도 봤다가 지금은 영화를 보며 지냈어요. 영화 좋아하세요?",
          "summary": "나는 예능과 영화를 보며 지냈다",
          "date": "2022-10-25",
          "time": "14:34:24",
          "terminate": "false"
        },
        {
          "speaker": "speaker2",
          "personaID": "22280",
          "participantID": "3659",
          "utterance": "그럼요 저는 마블 영화 좋아하고 이번이 범죄도시 재밌게 봤어요",
          "summary": "나는 마블 영화 좋아하고 범죄도시를 재미있게 봤다",
          "date": "2022-10-25",
          "time": "14:36:30",
          "terminate": "false"
        },
        {
          "speaker": "speaker1",
          "personaID": "11096",
          "participantID": "3498",
          "utterance": "저도 범죄도시 너무 재밌게 봤어요. @이름@님 매력에 푹 빠졌죠 ㅎㅎ",
          "summary": "나는 범죄도시 너무 재밌게 봤다.",
          "date": "2022-10-25",
          "time": "14:37:16",
          "terminate": "false"
        },
        {
          "speaker": "speaker2",
          "personaID": "22280",
          "participantID": "3659",
          "utterance": "완전요 조금 유치한데 재밌어요 무슨 장르 좋아흐세요??",
          "summary": "",
          "date": "2022-10-25",
          "time": "14:37:34",
          "terminate": "false"
        },
        {
          "speaker": "speaker1",
          "personaID": "11096",
          "participantID": "3498",
          "utterance": "특별히 싫어하는 장르가 없어서 골고루 보고 있어요",
          "summary": "나는 싫어하는 장르가 없다",
          "date": "2022-10-25",
          "time": "14:38:41",
          "terminate": "false"
        },
        {
          "speaker": "speaker2",
          "personaID": "22280",
          "participantID": "3659",
          "utterance": "ㅎㅎ저랑 비슷하시네요 그래도 요즘에 괜찮은 영화들이 나오는것같아요",
          "summary": "",
          "date": "2022-10-25",
          "time": "14:40:53",
          "terminate": "false"
        },
        {
          "speaker": "speaker1",
          "personaID": "11096",
          "participantID": "3498",
          "utterance": "코로나때문에 영화관을 못가서 너무 답답했어요. 그런데 영화비가 많이 올라서 조금 부담되더라구요",
          "summary": "나는 영화비가 올라서 조금 부담된다",
          "date": "2022-10-25",
          "time": "14:41:37",
          "terminate": "false"
        },
        {
          "speaker": "speaker2",
          "personaID": "22280",
          "participantID": "3659",
          "utterance": "맞아요 저는 그래서 조조로 보고있어요 조조로 하면 인당 만원이더라고요",
          "summary": "나는 조조로 영화를 본다",
          "date": "2022-10-25",
          "time": "14:43:28",
          "terminate": "false"
        },
        {
          "speaker": "speaker1",
          "personaID": "11096",
          "participantID": "3498",
          "utterance": "저는 매달 말일 수요일 문화의 날을 이용하고 있어요 ㅎㅎ",
          "summary": "나는 매달 말일 수요일 문화의 날을 이용하고 있다",
          "date": "2022-10-25",
          "time": "14:45:14",
          "terminate": "false"
        },
        {
          "speaker": "speaker2",
          "personaID": "22280",
          "participantID": "3659",
          "utterance": "오 그것도 좋은데요 저는 그날 이용해본적이 없네요",
          "summary": "나는 문화의 날을 이용해 본 적이 없다",
          "date": "2022-10-25",
          "time": "14:52:18",
          "terminate": "false"
        },
        {
          "speaker": "speaker1",
          "personaID": "11096",
          "participantID": "3498",
          "utterance": "영화는 보고싶고 영화비는 부담되니 최선의 방법을 찾다보니 자주 이용하게 되엇어요",
          "summary": "",
          "date": "2022-10-25",
          "time": "14:53:59",
          "terminate": "false"
        },
        {
          "speaker": "speaker2",
          "personaID": "22280",
          "participantID": "3659",
          "utterance": "맞아요 ㅎㅎ이참에 영화조조나 알아봐야겠오요 우리 다음에 다시 이야기 해요",
          "summary": "나는 조조영화를 알아봐야겠다",
          "date": "2022-10-25",
          "time": "14:55:29",
          "terminate": "true"
        }
      ],
      "sessionPersonaSummary": {
        "speaker1": [
          "나는 예능과 영화를 보며 지냈다",
          "나는 범죄도시 너무 재밌게 봤다.",
          "나는 싫어하는 장르가 없다",
          "나는 영화비가 올라서 조금 부담된다",
          "나는 매달 말일 수요일 문화의 날을 이용하고 있다"
        ],
        "speaker2": [
          "나는 너무 춥다",
          "나는 마블 영화 좋아하고 범죄도시를 재미있게 봤다",
          "나는 조조로 영화를 본다",
          "나는 문화의 날을 이용해 본 적이 없다",
          "나는 조조영화를 알아봐야겠다"
        ]
      },
      "prevAggregatedpersonaSummary": {
        "speaker1": [
          "나는 10대 여성이다.",
          "나는 예능 PD가 되고 싶다. 나는 학생이다. \n",
          "나는 시를 가끔 읽는다",
          "나의 어머니는 공인중개사이다. 나는 사무실 청소를 가끔 도와준다. \n",
          "나는 용돈을 넉넉히 받는다. \n",
          "나는 여행을 좋아한다"
        ],
        "speaker2": [
          "나는 항해사이다. 나는 20대 여성이다",
          "나는 시를 좋아한다. 나는 pc게임에 관심이 없다. \n",
          "나는 시를 쉬는 날에 틈틈이 즐겨보고 있다",
          "나의 남자 형제가 세무사이다",
          "나는 항상 돈이 부족하다. \n",
          "나는 국내 위주로 항해한다. \n"
        ]
      }
    }
  ]
}