{
  "FileInfo": {
    "filename": "K2-00214-CL12534-CP25368-13-05-S2.json",
    "sessionLevel": "2"
  },
  "participantsInfo": {
    "numberOfParticipants": "2",
    "speaker1": {
      "participantID": "4399",
      "gender": "여성",
      "age": "10대",
      "occupation": "학생",
      "bPlace": "대전/세종/충청/강원",
      "gPlace": "대전/세종/충청/강원",
      "rPlace": "대전/세종/충청/강원",
      "educationLevel": "중졸"
    },
    "speaker2": {
      "participantID": "4296",
      "gender": "남성",
      "age": "30대",
      "occupation": "기능직",
      "bPlace": "부산/대구/울산/경상",
      "gPlace": "대전/세종/충청/강원",
      "rPlace": "대전/세종/충청/강원",
      "educationLevel": "대졸"
    }
  },
  "multisessionInfo": {
    "multisessionID": "2-00214"
  },
  "personaInfo": {
    "clInfo": {
      "personaID": "12534",
      "personaFeatures": [
        "나는 여자이다.",
        "나는 10대이다.",
        "내가 사는 곳은 익산이다",
        "나는 한의예과에 진학하고 싶다",
        "나는 등산을 자주 한다",
        "나는 가끔 열등감을 느낀다"
      ],
      "speakerType": "speaker1"
    },
    "cpInfo": {
      "personaID": "25368",
      "personaFeatures": [
        "나는 남자이다.",
        "나는 20대이다.",
        "나는 시원한 날씨를 좋아한다",
        "나는 은행원이다",
        "나는 등산을 싫어한다",
        "나는 맥주를 일주일에 서너 번 마신다",
        "나는 아침에 음악을 듣는다"
      ],
      "speakerType": "speaker2"
    }
  },
  "topicInfo": {
    "topicID": "13-05",
    "topicType": "기후>계절/날씨",
    "topicTitle": "하늘"
  },
  "sessionInfo": [
    {
      "prevSessionID": null,
      "prevTimeInfo": {
        "timeNum": null,
        "timeUnit": null
      },
      "nthSession": "1",
      "numberOfUtterances": "14",
      "numberOfTurns": "7",
      "sessionID": "2-00214-1",
      "dialog": [
        {
          "speaker": "speaker1",
          "personaID": "12534",
          "participantID": "4399",
          "utterance": "안녕하세요 저는 10대 여성이에요",
          "summary": "나는 10대 여성이다",
          "date": "2022-11-17",
          "time": "18:50:17",
          "terminate": "false"
        },
        {
          "speaker": "speaker2",
          "personaID": "25368",
          "participantID": "4296",
          "utterance": "안녕하세요 저는 20대 남성입니다",
          "summary": "나는 20대 남성이다",
          "date": "2022-11-17",
          "time": "18:51:10",
          "terminate": "false"
        },
        {
          "speaker": "speaker1",
          "personaID": "12534",
          "participantID": "4399",
          "utterance": "저는 익산에 살아요. 그쪽은 지역이 어디세요",
          "summary": "나는 익산에 산다",
          "date": "2022-11-17",
          "time": "20:12:57",
          "terminate": "false"
        },
        {
          "speaker": "speaker2",
          "personaID": "25368",
          "participantID": "4296",
          "utterance": "저는 인천에 살고 있어요. 저는 시원한 날씨를 좋아하는데 어떤 날씨를 좋아하세요?",
          "summary": "나는 인천에 살고 시원한 날씨를 좋아한다",
          "date": "2022-11-17",
          "time": "20:14:39",
          "terminate": "false"
        },
        {
          "speaker": "speaker1",
          "personaID": "12534",
          "participantID": "4399",
          "utterance": "저도 시원한 날씨가 좋아요. 저는 등산을 자주 하는데, 취미가 어떻게 되세요",
          "summary": "나는 시원한 날씨가 좋고 등산을 자주 한다",
          "date": "2022-11-17",
          "time": "20:16:42",
          "terminate": "false"
        },
        {
          "speaker": "speaker2",
          "personaID": "25368",
          "participantID": "4296",
          "utterance": "등산을 자주 하시는 군요. 저는 등산을 싫어해요. 저는 은행원으로 일하고 있는데 학생이세요?",
          "summary": "나는 등산을 싫어하고 은행원이다",
          "date": "2022-11-17",
          "time": "20:35:54",
          "terminate": "false"
        },
        {
          "speaker": "speaker1",
          "personaID": "12534",
          "participantID": "4399",
          "utterance": "네 저는 한의예과에 진학하고 싶어요. 은행원 힘들지 않으세요?",
          "summary": "나는 한의예과에 진학하고 싶다",
          "date": "2022-11-17",
          "time": "20:37:50",
          "terminate": "false"
        },
        {
          "speaker": "speaker2",
          "personaID": "25368",
          "participantID": "4296",
          "utterance": "저는 그래도 잘맞는 것 같아요. 저는 아침에 신나는 음악을 들으면서 출근을 하는데 그 시간이 너무 좋더라고요 ",
          "summary": "나는 아침에 신나는 음악을 들으면서 출근하는 게 좋다",
          "date": "2022-11-17",
          "time": "20:46:32",
          "terminate": "false"
        },
        {
          "speaker": "speaker1",
          "personaID": "12534",
          "participantID": "4399",
          "utterance": "저는 가끔 열등감을 느껴요... 아무래도 한의예과가 경쟁이 치열해서 그런 것 같아요 저도 신나는 음악 좋아하는데 뭐 다른 취미는 없으시고요?",
          "summary": "나는 한의예과가 경쟁이 치열해서 그런지 가끔 열등감을 느낀다 나는 신나는 음악을 좋아한다",
          "date": "2022-11-17",
          "time": "21:29:03",
          "terminate": "false"
        },
        {
          "speaker": "speaker2",
          "personaID": "25368",
          "participantID": "4296",
          "utterance": "한의예과는 워낙 그렇죠. 저는 맥주 마시는것을 좋아해서 일주일에 서너 번은 마셔요~ ",
          "summary": "나는 맥주 마시는 것을 좋아한다",
          "date": "2022-11-17",
          "time": "22:00:01",
          "terminate": "false"
        },
        {
          "speaker": "speaker1",
          "personaID": "12534",
          "participantID": "4399",
          "utterance": "맥주... 저도 성인이 얼른 대학생이 되어서 술마시고싶네요",
          "summary": "나는 성인인 얼른 대학생이 되어서 술 마시고 싶다",
          "date": "2022-11-17",
          "time": "22:00:52",
          "terminate": "false"
        },
        {
          "speaker": "speaker2",
          "personaID": "25368",
          "participantID": "4296",
          "utterance": "곧 그런 날이 올꺼예요. 저도 그땐 엄청 성인이 되고 싶었던 것 같아요~",
          "summary": "",
          "date": "2022-11-17",
          "time": "22:23:09",
          "terminate": "false"
        },
        {
          "speaker": "speaker1",
          "personaID": "12534",
          "participantID": "4399",
          "utterance": "성인 되고 나니까 어떠신가요, 학생이 좋으세요 성인이 좋으세요?",
          "summary": "",
          "date": "2022-11-17",
          "time": "22:24:27",
          "terminate": "false"
        },
        {
          "speaker": "speaker2",
          "personaID": "25368",
          "participantID": "4296",
          "utterance": "지금은 학생 때가 그립기도 하고 그래요^^ 저는 낼 출근때문에 이만 가볼게요 대화 즐거웠어요 ",
          "summary": "",
          "date": "2022-11-17",
          "time": "22:28:20",
          "terminate": "true"
        }
      ],
      "sessionPersonaSummary": {
        "speaker1": [
          "나는 10대 여성이다",
          "나는 익산에 산다",
          "나는 시원한 날씨가 좋고 등산을 자주 한다",
          "나는 한의예과에 진학하고 싶다",
          "나는 한의예과가 경쟁이 치열해서 그런지 가끔 열등감을 느낀다",
          "나는 신나는 음악을 좋아한다",
          "나는 성인인 얼른 대학생이 되어서 술 마시고 싶다"
        ],
        "speaker2": [
          "나는 20대 남성이다",
          "나는 인천에 살고 시원한 날씨를 좋아한다",
          "나는 등산을 싫어하고 은행원이다",
          "나는 아침에 신나는 음악을 들으면서 출근하는 게 좋다",
          "나는 맥주 마시는 것을 좋아한다"
        ]
      },
      "prevAggregatedpersonaSummary": {
        "speaker1": [],
        "speaker2": []
      }
    },
    {
      "prevSessionID": "2-00214-1",
      "prevTimeInfo": {
        "timeNum": "47",
        "timeUnit": "시간"
      },
      "nthSession": "2",
      "numberOfUtterances": "14",
      "numberOfTurns": "7",
      "sessionID": "2-00214-2",
      "dialog": [
        {
          "speaker": "speaker1",
          "personaID": "12534",
          "participantID": "4399",
          "utterance": "거의 이틀만의 대화네요. 잘 지내셨어요?",
          "summary": "",
          "date": "2022-11-17",
          "time": "22:37:10",
          "terminate": "false"
        },
        {
          "speaker": "speaker2",
          "personaID": "25368",
          "participantID": "4296",
          "utterance": "네 저는 날씨가 너무 좋아서 요즘 산책을 많이 했네요. 어떻게 지냈어요?",
          "summary": "나는 요즘 산책을 많이 했다",
          "date": "2022-11-17",
          "time": "22:38:40",
          "terminate": "false"
        },
        {
          "speaker": "speaker1",
          "personaID": "12534",
          "participantID": "4399",
          "utterance": "저도 등산 하면서 지냈는데, 와 요즘 하늘이 너무 예쁘더라구요",
          "summary": "나는 등산하면서 지냈는데 하늘이 너무 예뻤다",
          "date": "2022-11-17",
          "time": "22:45:42",
          "terminate": "false"
        },
        {
          "speaker": "speaker2",
          "personaID": "25368",
          "participantID": "4296",
          "utterance": "등산을 정말 좋아하시나봐요. 요즘에 하늘 보면 근심 걱정이 사라지는 듯한 느낌이예요. 맑고 푸르고 너무 좋아요",
          "summary": "",
          "date": "2022-11-17",
          "time": "22:46:50",
          "terminate": "false"
        },
        {
          "speaker": "speaker1",
          "personaID": "12534",
          "participantID": "4399",
          "utterance": "맞아요 가끔 노을이 지면 너무 예쁘더라구요. 하늘 사진같은거 많이 찍으시나요?",
          "summary": "",
          "date": "2022-11-17",
          "time": "22:51:05",
          "terminate": "false"
        },
        {
          "speaker": "speaker2",
          "personaID": "25368",
          "participantID": "4296",
          "utterance": "저는 가끔 사진도 찍는데 그래도 눈으로 보는게 제일 좋더라고요. 제발 미세먼지가 없었으면 좋겠어요. 뿌연 하늘은 너무 싫어요",
          "summary": "",
          "date": "2022-11-17",
          "time": "22:51:46",
          "terminate": "false"
        },
        {
          "speaker": "speaker1",
          "personaID": "12534",
          "participantID": "4399",
          "utterance": "맞아요 ㅠㅠ 요즘 기후문제도 심각한데 사람들이 많이 관심을 가져줬으면 좋겠네요",
          "summary": "",
          "date": "2022-11-17",
          "time": "22:54:31",
          "terminate": "false"
        },
        {
          "speaker": "speaker2",
          "personaID": "25368",
          "participantID": "4296",
          "utterance": "맞아요. 저는 특히 먼지 알레르기가 있어서 미세먼지 있는 날은 눈도 간지럽고 여러모로 불편해요 ",
          "summary": "나는 먼지 알레르기가 있다",
          "date": "2022-11-17",
          "time": "22:55:09",
          "terminate": "false"
        },
        {
          "speaker": "speaker1",
          "personaID": "12534",
          "participantID": "4399",
          "utterance": "아이고... 눈 마스크는 없나 어떡하나요 정말 미세먼지가 하늘 다 망치네요",
          "summary": "",
          "date": "2022-11-17",
          "time": "22:57:51",
          "terminate": "false"
        },
        {
          "speaker": "speaker2",
          "personaID": "25368",
          "participantID": "4296",
          "utterance": "그니깐요. 미세먼지 심한 날은 될 수 있으면 외부활동은 안하고 그래요 ",
          "summary": "",
          "date": "2022-11-17",
          "time": "22:58:20",
          "terminate": "false"
        },
        {
          "speaker": "speaker1",
          "personaID": "12534",
          "participantID": "4399",
          "utterance": "네 그러셔야겠어요. 미세먼지는 폐에도 안좋고 그러니까요",
          "summary": "",
          "date": "2022-11-17",
          "time": "22:59:17",
          "terminate": "false"
        },
        {
          "speaker": "speaker2",
          "personaID": "25368",
          "participantID": "4296",
          "utterance": "맞아요. 그래서 요즘은 정말 공기청정기가 필수품이 된 것 같아요 ",
          "summary": "",
          "date": "2022-11-17",
          "time": "23:00:07",
          "terminate": "false"
        },
        {
          "speaker": "speaker1",
          "personaID": "12534",
          "participantID": "4399",
          "utterance": "맞아요! 저희 집에는 공기청정기가 없는데 하나 마련하고 싶네요.",
          "summary": "나는 공기청정기를 마련하고 싶다",
          "date": "2022-11-17",
          "time": "23:01:58",
          "terminate": "false"
        },
        {
          "speaker": "speaker2",
          "personaID": "25368",
          "participantID": "4296",
          "utterance": "마련하는게 좋을 것 같아요. 저는 자러 가봐야겠어요 대화즐거웠어요 ",
          "summary": "",
          "date": "2022-11-17",
          "time": "23:03:50",
          "terminate": "true"
        }
      ],
      "sessionPersonaSummary": {
        "speaker1": [
          "나는 등산하면서 지냈는데 하늘이 너무 예뻤다",
          "나는 공기청정기를 마련하고 싶다"
        ],
        "speaker2": [
          "나는 요즘 산책을 많이 했다",
          "나는 먼지 알레르기가 있다"
        ]
      },
      "prevAggregatedpersonaSummary": {
        "speaker1": [
          "나는 10대 여성이다",
          "나는 익산에 산다",
          "나는 시원한 날씨가 좋고 등산을 자주 한다",
          "나는 한의예과에 진학하고 싶다",
          "나는 한의예과가 경쟁이 치열해서 그런지 가끔 열등감을 느낀다",
          "나는 신나는 음악을 좋아한다",
          "나는 성인인 얼른 대학생이 되어서 술 마시고 싶다"
        ],
        "speaker2": [
          "나는 20대 남성이다",
          "나는 인천에 살고 시원한 날씨를 좋아한다",
          "나는 등산을 싫어하고 은행원이다",
          "나는 아침에 신나는 음악을 들으면서 출근하는 게 좋다",
          "나는 맥주 마시는 것을 좋아한다"
        ]
      }
    }
  ]
}