{
  "FileInfo": {
    "filename": "K2-00082-CL11379-CP32552-20-06-S2.json",
    "sessionLevel": "2"
  },
  "participantsInfo": {
    "numberOfParticipants": "2",
    "speaker1": {
      "participantID": "9036",
      "gender": "여성",
      "age": "20대",
      "occupation": "무직",
      "bPlace": "서울/경기/인천",
      "gPlace": "서울/경기/인천",
      "rPlace": "서울/경기/인천",
      "educationLevel": "대졸"
    },
    "speaker2": {
      "participantID": "9019",
      "gender": "여성",
      "age": "30대",
      "occupation": "서비스직",
      "bPlace": "서울/경기/인천",
      "gPlace": "서울/경기/인천",
      "rPlace": "서울/경기/인천",
      "educationLevel": "대졸"
    }
  },
  "multisessionInfo": {
    "multisessionID": "2-00082"
  },
  "personaInfo": {
    "clInfo": {
      "personaID": "11379",
      "personaFeatures": [
        "나는 여자이다.",
        "나는 10대이다.",
        "나의 생일은 4월이다",
        "나는 국어국문학과에 진학하고 싶다",
        "나는 한식을 싫어한다"
      ],
      "speakerType": "speaker1"
    },
    "cpInfo": {
      "personaID": "32552",
      "personaFeatures": [
        "나는 여자이다.",
        "나는 30대이다.",
        "나는 영양사이다",
        "나는 주말에 빨래를 한다",
        "나는 파란색을 싫어한다"
      ],
      "speakerType": "speaker2"
    }
  },
  "topicInfo": {
    "topicID": "20-06",
    "topicType": "예술문화 생활>영화/만화",
    "topicTitle": "OTT서비스"
  },
  "sessionInfo": [
    {
      "prevSessionID": null,
      "prevTimeInfo": {
        "timeNum": null,
        "timeUnit": null
      },
      "nthSession": "1",
      "numberOfUtterances": "14",
      "numberOfTurns": "7",
      "sessionID": "2-00082-1",
      "dialog": [
        {
          "speaker": "speaker1",
          "personaID": "11379",
          "participantID": "9036",
          "utterance": "안녕하세요! 10대 여성입니다 반갑습니다!",
          "summary": "나는 10대 여성이다.",
          "date": "2022-10-28",
          "time": "10:03:35",
          "terminate": "false"
        },
        {
          "speaker": "speaker2",
          "personaID": "32552",
          "participantID": "9019",
          "utterance": "안녕하세요, 저는 30대 여성이에요. 반갑습니다.",
          "summary": "나는 30대 여성이다.",
          "date": "2022-10-28",
          "time": "10:05:38",
          "terminate": "false"
        },
        {
          "speaker": "speaker1",
          "personaID": "11379",
          "participantID": "9036",
          "utterance": "저는 생일이 4월인데 @이름@님은 생일 언제세요?",
          "summary": "나는 생일이 4월이다.",
          "date": "2022-10-28",
          "time": "10:18:39",
          "terminate": "false"
        },
        {
          "speaker": "speaker2",
          "personaID": "32552",
          "participantID": "9019",
          "utterance": "아~ 저는 생일은 6월이에요. 저는 하는 일은 학교 영양사에요. 항상 바쁘게 지낸답니다.",
          "summary": "나는 6월생이다. 나는 학교 영양사이고 바쁘다.",
          "date": "2022-10-28",
          "time": "10:19:25",
          "terminate": "false"
        },
        {
          "speaker": "speaker1",
          "personaID": "11379",
          "participantID": "9036",
          "utterance": "오호 저희 학교에도 영양사님이 있는데! 멋있으시네요! 저는 한식을 싫어해요! 그래서 급식 먹기가 힘들더라구요,,",
          "summary": " 나는 한식을 싫어한다.",
          "date": "2022-10-28",
          "time": "10:20:37",
          "terminate": "false"
        },
        {
          "speaker": "speaker2",
          "personaID": "32552",
          "participantID": "9019",
          "utterance": "아, 그렇겠어요. 저희는 식단을 짤 때 주로 일주일에 한 번 정도만 양식이에요. @이름@님 다니는 학교도 그런가요?",
          "summary": "나의 학교는 식단을 짤 때 일주일에 한 번 정도만 양식이다.",
          "date": "2022-10-28",
          "time": "10:21:29",
          "terminate": "false"
        },
        {
          "speaker": "speaker1",
          "personaID": "11379",
          "participantID": "9036",
          "utterance": "네 수요일마다 보통 양식이나와서 제가 좋아하는 날이랍니다! 저는 국어국문학과에 진학하고싶은게 @이름@님은 무슨 학과를 나오셧나요?",
          "summary": "나는 수요일마다 양식이 나와서 좋아하는 날이다. 나는 국어국문학과에 진학하고 싶다.",
          "date": "2022-10-28",
          "time": "10:50:59",
          "terminate": "false"
        },
        {
          "speaker": "speaker2",
          "personaID": "32552",
          "participantID": "9019",
          "utterance": "저는 식품영양학과 졸업했어요. 제가 먹는 것에 워낙 진심이라 영양사가 되고 싶었답니다. 저는 게을러서 주말에 빨래해요. 참 게으르죠? 하하",
          "summary": "나는 식품영양학과를 졸업했다. 나는 게을러서 주말에 빨래를 한다.",
          "date": "2022-10-28",
          "time": "10:52:23",
          "terminate": "false"
        },
        {
          "speaker": "speaker1",
          "personaID": "11379",
          "participantID": "9036",
          "utterance": "빨래를 직접하시는 것만으로 부지런하신걸요! 저는 어머니가 다 해주시는걸요",
          "summary": "",
          "date": "2022-10-28",
          "time": "11:21:53",
          "terminate": "false"
        },
        {
          "speaker": "speaker2",
          "personaID": "32552",
          "participantID": "9019",
          "utterance": "아직 학생이시니까요. 국어국문학과는 왜 다니고 싶으세요? ",
          "summary": "",
          "date": "2022-10-28",
          "time": "11:22:47",
          "terminate": "false"
        },
        {
          "speaker": "speaker1",
          "personaID": "11379",
          "participantID": "9036",
          "utterance": "책읽는걸 좋아하는 편이고 사실 다른 과는 뭘배우는지 잘 모르겠더라구요~",
          "summary": "나는 책 읽는 걸 좋아하는 편이다.",
          "date": "2022-10-28",
          "time": "11:23:55",
          "terminate": "false"
        },
        {
          "speaker": "speaker2",
          "personaID": "32552",
          "participantID": "9019",
          "utterance": "그렇군요, 내가 좋아하는 과를 선택하는 게 맞다고 생각해요. 좋아하는 색깔이 있나요? 저는 파란색은 싫어하고, 다른 색은 다 좋아요.",
          "summary": "나는 파란색을 싫어한다.",
          "date": "2022-10-28",
          "time": "11:24:48",
          "terminate": "false"
        },
        {
          "speaker": "speaker1",
          "personaID": "11379",
          "participantID": "9036",
          "utterance": "저는 보라색이 좋더라구요~~~!",
          "summary": "나는 보라색이 좋다.",
          "date": "2022-10-28",
          "time": "11:48:42",
          "terminate": "false"
        },
        {
          "speaker": "speaker2",
          "personaID": "32552",
          "participantID": "9019",
          "utterance": "그러시군요, 저는 점심 약속이 있어서 먼저 가볼게요! 좋은 하루 보내세요~",
          "summary": "나는 점심 약속이 있다.",
          "date": "2022-10-28",
          "time": "11:48:59",
          "terminate": "true"
        }
      ],
      "sessionPersonaSummary": {
        "speaker1": [
          "나는 10대 여성이다.",
          "나는 생일이 4월이다.",
          "나는 한식을 싫어한다.",
          "나는 수요일마다 양식이 나와서 좋아하는 날이다.",
          "나는 국어국문학과에 진학하고 싶다.",
          "나는 책 읽는 걸 좋아하는 편이다.",
          "나는 보라색이 좋다."
        ],
        "speaker2": [
          "나는 30대 여성이다.",
          "나는 6월생이다. 나는 학교 영양사이고 바쁘다.",
          "나의 학교는 식단을 짤 때 일주일에 한 번 정도만 양식이다.",
          "나는 식품영양학과를 졸업했다. 나는 게을러서 주말에 빨래를 한다.",
          "나는 파란색을 싫어한다.",
          "나는 점심 약속이 있다."
        ]
      },
      "prevAggregatedpersonaSummary": {
        "speaker1": [],
        "speaker2": []
      }
    },
    {
      "prevSessionID": "2-00082-1",
      "prevTimeInfo": {
        "timeNum": "7",
        "timeUnit": "일"
      },
      "nthSession": "2",
      "numberOfUtterances": "14",
      "numberOfTurns": "7",
      "sessionID": "2-00082-2",
      "dialog": [
        {
          "speaker": "speaker1",
          "personaID": "11379",
          "participantID": "9036",
          "utterance": "안녕하세요~~일주일 만이네요 잘지내셧나요?",
          "summary": "나는 일주일 만에 만난다.",
          "date": "2022-10-28",
          "time": "13:17:39",
          "terminate": "false"
        },
        {
          "speaker": "speaker2",
          "personaID": "32552",
          "participantID": "9019",
          "utterance": "안녕하셨어요. 요즘도 수요일만 양식메뉴가 나오나요? 저희 학교는 금요일에도 가끔 나와요.",
          "summary": "나의 학교는 금요일에도 가끔 양식이 나온다.",
          "date": "2022-10-28",
          "time": "13:18:26",
          "terminate": "false"
        },
        {
          "speaker": "speaker1",
          "personaID": "11379",
          "participantID": "9036",
          "utterance": "어머 @이름@님이 계신 학교로 가고싶어지네요!! @이름@님은 쉬는날에 뭐하시나요?",
          "summary": "",
          "date": "2022-10-28",
          "time": "13:20:42",
          "terminate": "false"
        },
        {
          "speaker": "speaker2",
          "personaID": "32552",
          "participantID": "9019",
          "utterance": "저는 쉬는 날에 청소랑 빨래도 주로 하고요. 시간이 남으면 사실 @브랜드명@ 봐요. 하하",
          "summary": "나는 쉬는 날에 청소랑 빨래를 한다. 나는 시간이 남으면 @브랜드명@를 본다.",
          "date": "2022-10-28",
          "time": "13:29:08",
          "terminate": "false"
        },
        {
          "speaker": "speaker1",
          "personaID": "11379",
          "participantID": "9036",
          "utterance": "저도 @브랜드명@ 즐겨봐요! 근데 요즘 인기있는 드라마나 @브랜드명@시리즈는 거의 청소년관람불가가 많더라구요 그치만 사실 몰래몰래 보고 있긴해요 ~ @이름@님은 @브랜드명@ 말고 다른 ott서비스 구독하는 거 있으세요?",
          "summary": "나는 @브랜드명@를 즐겨본다. 나는 요즘 인기 있는 드라마나 시리즈는 거의 청소년 관람불가가 많다. 나는 그렇지만 몰래 보고 있다.",
          "date": "2022-10-28",
          "time": "13:37:03",
          "terminate": "false"
        },
        {
          "speaker": "speaker2",
          "personaID": "32552",
          "participantID": "9019",
          "utterance": "저는 @브랜드명1@도 보고 있어요. 요즘에는 @브랜드명2@라는 것도 있더라고요. 정말 요즘 ott 다양하지 않나요? ",
          "summary": "나는 구독하고 있는 OTT는 @브랜드명1@와 @브랜드명2@가 있다. 나는 요즘 OTT 서비스가 다양하다고 생각한다.",
          "date": "2022-10-28",
          "time": "13:42:18",
          "terminate": "false"
        },
        {
          "speaker": "speaker1",
          "personaID": "11379",
          "participantID": "9036",
          "utterance": "요즘 OTT많죠! 근데 저는 아직 학생이라 언니가 신청한 것만 볼 수 있어서.. 빨리 어른이 되고 싶더라구요",
          "summary": "나는 아직 학생이라 언니가 신청한 것만 볼 수 있다. 나는 빨리 어른이 되고 싶다.",
          "date": "2022-10-28",
          "time": "13:44:36",
          "terminate": "false"
        },
        {
          "speaker": "speaker2",
          "personaID": "32552",
          "participantID": "9019",
          "utterance": "맞아요, 사실 여러 가지 콘텐츠들도 19세가 재미있긴 해요. 그리고 저는 학교 아이들 보니까 업로드 되는 최신 드라마나 영화를 안 보면 대화가 안 되겠던데요.",
          "summary": "나는 학교 아이들을 보니까 최신 콘텐츠를 모르면 대화가 안 될 것 같다는 생각이 들었다.",
          "date": "2022-10-28",
          "time": "13:49:43",
          "terminate": "false"
        },
        {
          "speaker": "speaker1",
          "personaID": "11379",
          "participantID": "9036",
          "utterance": "그건 맞아요! @이름@님은 @브랜드명@같은 OTT를 주로 핸드폰으로만 보시나요?",
          "summary": "",
          "date": "2022-10-28",
          "time": "13:53:10",
          "terminate": "false"
        },
        {
          "speaker": "speaker2",
          "personaID": "32552",
          "participantID": "9019",
          "utterance": "핸드폰으로만 보면 너무 답답해서 저는 주로 tv로 봐요. 휴대폰으로 보시나요?",
          "summary": "나는 핸드폰으로 보면 답답해서 OTT를 주로 TV로 본다.",
          "date": "2022-10-28",
          "time": "13:58:48",
          "terminate": "false"
        },
        {
          "speaker": "speaker1",
          "personaID": "11379",
          "participantID": "9036",
          "utterance": "아 저는 아이패드로 봐요!! 공부할때 쓰라고 사주신거긴 한데 ,, 인강도 들으니까 죄책감이 좀 덜하죠 근데 아이패드 없을땐 주로 핸드폰으로 보는 거 같아요! 티비는 주로 부모님이 거실에서 많이 보셔서 아무래도 자기전에 보니까요",
          "summary": "나는 아이패드로 본다. 나는 아이패드 없을 땐 주로 핸드폰으로 본다. 나는 주로 부모님이 거실에서 티브이를 많이 보셔서 나는 자기 전에 본다.",
          "date": "2022-10-28",
          "time": "14:04:49",
          "terminate": "false"
        },
        {
          "speaker": "speaker2",
          "personaID": "32552",
          "participantID": "9019",
          "utterance": "아~ 학생이시니까 그렇겠네요. 저는 미혼이기도 하고 혼자사니까요. 아무때나 제가 보고 싶은 거 보거든요.",
          "summary": "나는 미혼이다. 나는 아무 때나 보고 싶은 콘텐츠를 볼 수 있다.",
          "date": "2022-10-28",
          "time": "14:11:47",
          "terminate": "false"
        },
        {
          "speaker": "speaker1",
          "personaID": "11379",
          "participantID": "9036",
          "utterance": "아 부럽네요! 보통 혼자사는 사람들 집에 티비 잘 안놓는다고 들 하는데 @이름@님은 티비보는 거 좋아하시는 군요!",
          "summary": "",
          "date": "2022-10-28",
          "time": "14:22:01",
          "terminate": "false"
        },
        {
          "speaker": "speaker2",
          "personaID": "32552",
          "participantID": "9019",
          "utterance": "네, 전 정말 드라마도 좋아하고 영화도 좋아해요. 지금 영화 한 편 보러 가야겠어요! 다음에 또 뵈어요.",
          "summary": "나는 드라마도 좋아하고 영화도 좋아한다.",
          "date": "2022-10-28",
          "time": "14:24:09",
          "terminate": "true"
        }
      ],
      "sessionPersonaSummary": {
        "speaker1": [
          "나는 일주일 만에 만난다.",
          "나는 @브랜드명@를 즐겨본다. 나는 요즘 인기 있는 드라마나 시리즈는 거의 청소년 관람불가가 많다.",
          "나는 그렇지만 몰래 보고 있다.",
          "나는 아직 학생이라 언니가 신청한 것만 볼 수 있다. 나는 빨리 어른이 되고 싶다.",
          "나는 아이패드로 본다.",
          "나는 아이패드 없을 땐 주로 핸드폰으로 본다. 나는 주로 부모님이 거실에서 티브이를 많이 보셔서 나는 자기 전에 본다."
        ],
        "speaker2": [
          "나의 학교는 금요일에도 가끔 양식이 나온다.",
          "나는 쉬는 날에 청소랑 빨래를 한다. 나는 시간이 남으면 @브랜드명@를 본다.",
          "나는 구독하고 있는 OTT는 @브랜드명1@와 @브랜드명2@가 있다. 나는 요즘 OTT 서비스가 다양하다고 생각한다.",
          "나는 학교 아이들을 보니까 최신 콘텐츠를 모르면 대화가 안 될 것 같다는 생각이 들었다.",
          "나는 핸드폰으로 보면 답답해서 OTT를 주로 TV로 본다.",
          "나는 미혼이다. 나는 아무 때나 보고 싶은 콘텐츠를 볼 수 있다.",
          "나는 드라마도 좋아하고 영화도 좋아한다."
        ]
      },
      "prevAggregatedpersonaSummary": {
        "speaker1": [
          "나는 10대 여성이다.",
          "나는 생일이 4월이다.",
          "나는 한식을 싫어한다.",
          "나는 수요일마다 양식이 나와서 좋아하는 날이다.",
          "나는 국어국문학과에 진학하고 싶다.",
          "나는 책 읽는 걸 좋아하는 편이다.",
          "나는 보라색이 좋다."
        ],
        "speaker2": [
          "나는 30대 여성이다.",
          "나는 6월생이다. 나는 학교 영양사이고 바쁘다.",
          "나의 학교는 식단을 짤 때 일주일에 한 번 정도만 양식이다.",
          "나는 식품영양학과를 졸업했다. 나는 게을러서 주말에 빨래를 한다.",
          "나는 파란색을 싫어한다.",
          "나는 점심 약속이 있다."
        ]
      }
    }
  ]
}