{
  "FileInfo": {
    "filename": "K2-00485-CL04393-CP03660-01-02-S2.json",
    "sessionLevel": "2"
  },
  "participantsInfo": {
    "numberOfParticipants": "2",
    "speaker1": {
      "participantID": "0048",
      "gender": "남성",
      "age": "50대",
      "occupation": "서비스직",
      "bPlace": "부산/대구/울산/경상",
      "gPlace": "부산/대구/울산/경상",
      "rPlace": "부산/대구/울산/경상",
      "educationLevel": "고졸"
    },
    "speaker2": {
      "participantID": "0041",
      "gender": "남성",
      "age": "30대",
      "occupation": "기타",
      "bPlace": "서울/경기/인천",
      "gPlace": "서울/경기/인천",
      "rPlace": "서울/경기/인천",
      "educationLevel": "대졸"
    }
  },
  "multisessionInfo": {
    "multisessionID": "2-00485"
  },
  "personaInfo": {
    "clInfo": {
      "personaID": "04393",
      "personaFeatures": [
        "나는 남자이다.",
        "나는 50대이다.",
        "나의 가족은 2명이다.",
        "나는 공포 영화를 좋아한다.",
        "나는 요리에 흥미가 없다."
      ],
      "speakerType": "speaker1"
    },
    "cpInfo": {
      "personaID": "03660",
      "personaFeatures": [
        "나는 남자이다.",
        "나는 40대이다.",
        "나의 종교는 불교이다.",
        "나는 사진을 찍는 게 괴롭다.",
        "나는 요즘, 가끔 걱정스럽다."
      ],
      "speakerType": "speaker2"
    }
  },
  "topicInfo": {
    "topicID": "01-02",
    "topicType": "식음료",
    "topicTitle": "음식"
  },
  "sessionInfo": [
    {
      "prevSessionID": null,
      "prevTimeInfo": {
        "timeNum": null,
        "timeUnit": null
      },
      "nthSession": "1",
      "numberOfUtterances": "16",
      "numberOfTurns": "8",
      "sessionID": "2-00485-1",
      "dialog": [
        {
          "speaker": "speaker1",
          "personaID": "04393",
          "participantID": "0048",
          "utterance": "안녕하세요 저는 50대 남자입니다 반갑습니다.",
          "summary": "나는 50대 남자이다.",
          "date": "2022-08-15",
          "time": "19:08:43",
          "terminate": "false"
        },
        {
          "speaker": "speaker2",
          "personaID": "03660",
          "participantID": "0041",
          "utterance": "안녕하세요? 저는 40대 남자입니다. 반가워요.",
          "summary": "나는 40대 남자이다.",
          "date": "2022-08-15",
          "time": "19:08:47",
          "terminate": "false"
        },
        {
          "speaker": "speaker1",
          "personaID": "04393",
          "participantID": "0048",
          "utterance": "@브랜드명1@에서 먹방 자주 보세요? 먹방이 유행이죠.",
          "summary": "먹방이 유행이다.",
          "date": "2022-08-15",
          "time": "19:09:33",
          "terminate": "false"
        },
        {
          "speaker": "speaker2",
          "personaID": "03660",
          "participantID": "0041",
          "utterance": "네, 저는 먹방유튜버 광마니 애청자입니다.",
          "summary": "먹방 유튜버 광마니 애청자이다.",
          "date": "2022-08-15",
          "time": "19:09:38",
          "terminate": "false"
        },
        {
          "speaker": "speaker1",
          "personaID": "04393",
          "participantID": "0048",
          "utterance": "저는 입짧은 햇님을 잘 보는데, 광마니는 많이 먹나요?",
          "summary": "입 짧은 해님을 잘 본다.",
          "date": "2022-08-15",
          "time": "19:09:48",
          "terminate": "false"
        },
        {
          "speaker": "speaker2",
          "personaID": "03660",
          "participantID": "0041",
          "utterance": "네, 광마니는 면을 좋아하는데 제가 면을 좋아하거든요.",
          "summary": "광마니는 면을 좋아하는데 나도 좋아한다.",
          "date": "2022-08-15",
          "time": "19:10:10",
          "terminate": "false"
        },
        {
          "speaker": "speaker1",
          "personaID": "04393",
          "participantID": "0048",
          "utterance": "그럼 대리만족이 되시겠네요. 너무 맛있게 먹죠?",
          "summary": "대리만족이겠다.",
          "date": "2022-08-15",
          "time": "19:10:17",
          "terminate": "false"
        },
        {
          "speaker": "speaker2",
          "personaID": "03660",
          "participantID": "0041",
          "utterance": "맞아요. 맛있게 먹는 모습을 보면 없던 식욕도 생겨요.",
          "summary": "없던 식욕도 생긴다.",
          "date": "2022-08-15",
          "time": "19:10:29",
          "terminate": "false"
        },
        {
          "speaker": "speaker1",
          "personaID": "04393",
          "participantID": "0048",
          "utterance": "네, 먹방보면 음식이 먹고싶어지더라구요.",
          "summary": "먹방 보면 음식이 먹고 싶다.",
          "date": "2022-08-15",
          "time": "19:10:41",
          "terminate": "false"
        },
        {
          "speaker": "speaker1",
          "personaID": "04393",
          "participantID": "0048",
          "utterance": "먹방유튜버들은 본인이 요리도 잘 해서 먹더라구요.",
          "summary": "본인이 요리도 잘해서 먹는다.",
          "date": "2022-08-15",
          "time": "19:11:11",
          "terminate": "false"
        },
        {
          "speaker": "speaker2",
          "personaID": "03660",
          "participantID": "0041",
          "utterance": "광마니는 요리는 안하는데 예의도 바르고 인성이 좋아요.",
          "summary": "예의도 바르고 인성이 좋다.",
          "date": "2022-08-15",
          "time": "19:11:18",
          "terminate": "false"
        },
        {
          "speaker": "speaker1",
          "personaID": "04393",
          "participantID": "0048",
          "utterance": "그렇구나. 저도 요리에 흥미가 없어서 요리는 안해먹어요.",
          "summary": "요리에 흥미가 없어 요리는 안 해 먹는다.",
          "date": "2022-08-15",
          "time": "19:11:25",
          "terminate": "false"
        },
        {
          "speaker": "speaker2",
          "personaID": "03660",
          "participantID": "0041",
          "utterance": "요리를 잘하는 유튜버중에는 햄지를 많이봐요.",
          "summary": "유튜버 중 햄지를 많이 본다.",
          "date": "2022-08-15",
          "time": "19:11:35",
          "terminate": "false"
        },
        {
          "speaker": "speaker1",
          "personaID": "04393",
          "participantID": "0048",
          "utterance": "먹방 유튜버 매니아시네요 잘 아시네요!!",
          "summary": "",
          "date": "2022-08-15",
          "time": "19:11:45",
          "terminate": "false"
        },
        {
          "speaker": "speaker2",
          "personaID": "03660",
          "participantID": "0041",
          "utterance": "햄지는 요리를 잘해서 부러워요. 즐거웠어요.",
          "summary": "햄지는 요리를 잘해서 부럽다.",
          "date": "2022-08-15",
          "time": "19:11:51",
          "terminate": "true"
        }
      ],
      "sessionPersonaSummary": {
        "speaker1": [
          "나는 50대 남자이다.",
          "먹방이 유행이다.",
          "입 짧은 해님을 잘 본다.",
          "대리만족이겠다.",
          "먹방 보면 음식이 먹고 싶다.",
          "본인이 요리도 잘해서 먹는다.",
          "요리에 흥미가 없어 요리는 안 해 먹는다."
        ],
        "speaker2": [
          "나는 40대 남자이다.",
          "먹방 유튜버 광마니 애청자이다.",
          "광마니는 면을 좋아하는데 나도 좋아한다.",
          "없던 식욕도 생긴다.",
          "예의도 바르고 인성이 좋다.",
          "유튜버 중 햄지를 많이 본다.",
          "햄지는 요리를 잘해서 부럽다."
        ]
      },
      "prevAggregatedpersonaSummary": {
        "speaker1": [],
        "speaker2": []
      }
    },
    {
      "prevSessionID": "2-00485-1",
      "prevTimeInfo": {
        "timeNum": "3",
        "timeUnit": "시간"
      },
      "nthSession": "2",
      "numberOfUtterances": "20",
      "numberOfTurns": "10",
      "sessionID": "2-00485-2",
      "dialog": [
        {
          "speaker": "speaker1",
          "personaID": "04393",
          "participantID": "0048",
          "utterance": "야식이 먹고싶어서 먹방유튜버 영상을 보며 참고있어요.",
          "summary": "먹방 유튜버 영상 보며 참고 있다.",
          "date": "2022-08-15",
          "time": "19:12:17",
          "terminate": "false"
        },
        {
          "speaker": "speaker2",
          "personaID": "03660",
          "participantID": "0041",
          "utterance": "그러시군요. 요즘 유튜버들보면 너무 많이먹어 요즘 가끔 걱정스러워요.",
          "summary": "너무 많이 먹어서 요즘 가끔 걱정스럽다.",
          "date": "2022-08-15",
          "time": "19:12:30",
          "terminate": "false"
        },
        {
          "speaker": "speaker1",
          "personaID": "04393",
          "participantID": "0048",
          "utterance": "맞아요 너무 많이 먹는걸 따라하는 사람들이 많더라구요.",
          "summary": "많이 먹는 걸 따라 하는 사람이 많다.",
          "date": "2022-08-15",
          "time": "19:12:42",
          "terminate": "false"
        },
        {
          "speaker": "speaker2",
          "personaID": "03660",
          "participantID": "0041",
          "utterance": "그러게요. 저는 불교를 믿어서 절에 잘다녀와요.",
          "summary": "불교를 믿는다.",
          "date": "2022-08-15",
          "time": "19:13:03",
          "terminate": "false"
        },
        {
          "speaker": "speaker1",
          "personaID": "04393",
          "participantID": "0048",
          "utterance": "그러시군요. 저는 가족이 2명인데, 저빼고 절에 다녀요.",
          "summary": "가족이 2명이다.",
          "date": "2022-08-15",
          "time": "19:13:14",
          "terminate": "false"
        },
        {
          "speaker": "speaker2",
          "personaID": "03660",
          "participantID": "0041",
          "utterance": "가족이 함께 가시죠? 저는 요즘 사진을 찍는게 괴로워요.",
          "summary": "요즘 사진을 찍는 게 괴롭다.",
          "date": "2022-08-15",
          "time": "19:13:39",
          "terminate": "false"
        },
        {
          "speaker": "speaker1",
          "personaID": "04393",
          "participantID": "0048",
          "utterance": "왜 사진찍는걸 안좋아하시나요?",
          "summary": "",
          "date": "2022-08-15",
          "time": "19:13:48",
          "terminate": "false"
        },
        {
          "speaker": "speaker2",
          "personaID": "03660",
          "participantID": "0041",
          "utterance": "요즘에 먹방유튜버를 보다보면 간식생각이나 밤늦게 먹으니 살이쪘거든요.",
          "summary": "간식 생각이나 밤늦게 먹어 살이 쪘다.",
          "date": "2022-08-15",
          "time": "19:14:09",
          "terminate": "false"
        },
        {
          "speaker": "speaker1",
          "personaID": "04393",
          "participantID": "0048",
          "utterance": "살찌면 사진찍는게 싫어지긴하죠.",
          "summary": "",
          "date": "2022-08-15",
          "time": "19:14:13",
          "terminate": "false"
        },
        {
          "speaker": "speaker2",
          "personaID": "03660",
          "participantID": "0041",
          "utterance": "그래서 운동을 시작하려는데 어떤운동이 좋을까요?",
          "summary": "",
          "date": "2022-08-15",
          "time": "19:14:26",
          "terminate": "false"
        },
        {
          "speaker": "speaker1",
          "personaID": "04393",
          "participantID": "0048",
          "utterance": "운동 안해보셨으면 가볍게 걷는것 추천드려요.",
          "summary": "가볍게 걷는 것 추천한다.",
          "date": "2022-08-15",
          "time": "19:14:41",
          "terminate": "false"
        },
        {
          "speaker": "speaker2",
          "personaID": "03660",
          "participantID": "0041",
          "utterance": "살을 빼야하는데 단 시간에 빼려하니 마음대로 안되네요.",
          "summary": "단 시간에 빼려니 마음대로 안된다.",
          "date": "2022-08-15",
          "time": "19:14:45",
          "terminate": "false"
        },
        {
          "speaker": "speaker1",
          "personaID": "04393",
          "participantID": "0048",
          "utterance": "단 시간에는 아무래도 힘들죠. 영화보는거 좋아하세요?",
          "summary": "단 시간에는 힘들다.",
          "date": "2022-08-15",
          "time": "19:14:53",
          "terminate": "false"
        },
        {
          "speaker": "speaker1",
          "personaID": "04393",
          "participantID": "0048",
          "utterance": "저는 @브랜드명2@ 즐겨보는데 공포 영화를 좋아해요.",
          "summary": "공포영화를 좋아한다.",
          "date": "2022-08-15",
          "time": "19:15:16",
          "terminate": "false"
        },
        {
          "speaker": "speaker1",
          "personaID": "04393",
          "participantID": "0048",
          "utterance": "자주 업데이트가 안돼서 새로운건 많지 않죠.",
          "summary": "업데이트가 안돼 새로운 건 많지 않다.",
          "date": "2022-08-15",
          "time": "19:15:37",
          "terminate": "false"
        },
        {
          "speaker": "speaker2",
          "personaID": "03660",
          "participantID": "0041",
          "utterance": "맞아요. 새로운 영화를 보고싶을땐 영화관을 가요.",
          "summary": "영화를 보고 싶을 때 영화관을 간다.",
          "date": "2022-08-15",
          "time": "19:15:52",
          "terminate": "false"
        },
        {
          "speaker": "speaker1",
          "personaID": "04393",
          "participantID": "0048",
          "utterance": "영화관가서 보면 확실히 더 실감나긴 하더라구요.",
          "summary": "더 실감이 난다.",
          "date": "2022-08-15",
          "time": "19:16:01",
          "terminate": "false"
        },
        {
          "speaker": "speaker2",
          "personaID": "03660",
          "participantID": "0041",
          "utterance": "저도 그래서 기분전환이 되더라고요. 즐거웠어요.",
          "summary": "기분전환이 된다.",
          "date": "2022-08-15",
          "time": "19:16:07",
          "terminate": "true"
        }
      ],
      "sessionPersonaSummary": {
        "speaker1": [
          "먹방 유튜버 영상 보며 참고 있다.",
          "많이 먹는 걸 따라 하는 사람이 많다.",
          "가족이 2명이다.",
          "가볍게 걷는 것 추천한다.",
          "단 시간에는 힘들다.",
          "공포영화를 좋아한다.",
          "업데이트가 안돼 새로운 건 많지 않다.",
          "더 실감이 난다."
        ],
        "speaker2": [
          "너무 많이 먹어서 요즘 가끔 걱정스럽다.",
          "불교를 믿는다.",
          "요즘 사진을 찍는 게 괴롭다.",
          "간식 생각이나 밤늦게 먹어 살이 쪘다.",
          "단 시간에 빼려니 마음대로 안된다.",
          "영화를 보고 싶을 때 영화관을 간다.",
          "기분전환이 된다."
        ]
      },
      "prevAggregatedpersonaSummary": {
        "speaker1": [
          "나는 50대 남자이다.",
          "먹방이 유행이다.",
          "입 짧은 해님을 잘 본다.",
          "대리만족이겠다.",
          "먹방 보면 음식이 먹고 싶다.",
          "본인이 요리도 잘해서 먹는다.",
          "요리에 흥미가 없어 요리는 안 해 먹는다."
        ],
        "speaker2": [
          "나는 40대 남자이다.",
          "먹방 유튜버 광마니 애청자이다.",
          "광마니는 면을 좋아하는데 나도 좋아한다.",
          "없던 식욕도 생긴다.",
          "예의도 바르고 인성이 좋다.",
          "유튜버 중 햄지를 많이 본다.",
          "햄지는 요리를 잘해서 부럽다."
        ]
      }
    }
  ]
}