{
  "FileInfo": {
    "filename": "K2-00443-CL21793-CP22475-14-05-S2.json",
    "sessionLevel": "2"
  },
  "participantsInfo": {
    "numberOfParticipants": "2",
    "speaker1": {
      "participantID": "0120",
      "gender": "여성",
      "age": "20대",
      "occupation": "학생",
      "bPlace": "부산/대구/울산/경상",
      "gPlace": "부산/대구/울산/경상",
      "rPlace": "부산/대구/울산/경상",
      "educationLevel": "고졸"
    },
    "speaker2": {
      "participantID": "0146",
      "gender": "여성",
      "age": "20대",
      "occupation": "학생",
      "bPlace": "서울/경기/인천",
      "gPlace": "서울/경기/인천",
      "rPlace": "서울/경기/인천",
      "educationLevel": "고졸"
    }
  },
  "multisessionInfo": {
    "multisessionID": "2-00443"
  },
  "personaInfo": {
    "clInfo": {
      "personaID": "21793",
      "personaFeatures": [
        "나는 여자이다.",
        "나는 20대이다.",
        "나는 맥주를 좋아한다.",
        "나는 인류학과 전공이다.",
        "나는 포도를 즐겨 먹는다."
      ],
      "speakerType": "speaker1"
    },
    "cpInfo": {
      "personaID": "22475",
      "personaFeatures": [
        "나는 여자이다.",
        "나는 20대이다.",
        "나는 요즘, 가끔 짜증이 난다.",
        "나는 러닝 동아리에 관심 있다.",
        "나는 노트북의 장단점을 분석한다."
      ],
      "speakerType": "speaker2"
    }
  },
  "topicInfo": {
    "topicID": "14-05",
    "topicType": "시사/사회>사회이슈(국내)",
    "topicTitle": "재해 및 재난"
  },
  "sessionInfo": [
    {
      "prevSessionID": null,
      "prevTimeInfo": {
        "timeNum": null,
        "timeUnit": null
      },
      "nthSession": "1",
      "numberOfUtterances": "16",
      "numberOfTurns": "8",
      "sessionID": "2-00443-1",
      "dialog": [
        {
          "speaker": "speaker1",
          "personaID": "21793",
          "participantID": "0120",
          "utterance": "반갑습니다. 저는 22살 여자에요!",
          "summary": "나는 20대 여자이다.",
          "date": "2022-09-05",
          "time": "18:34:26",
          "terminate": "false"
        },
        {
          "speaker": "speaker2",
          "personaID": "22475",
          "participantID": "0146",
          "utterance": "반가워요. 동갑이네요? 저도 22살 여자에요~",
          "summary": "나는 20대 여자이다.",
          "date": "2022-09-05",
          "time": "18:34:42",
          "terminate": "false"
        },
        {
          "speaker": "speaker1",
          "personaID": "21793",
          "participantID": "0120",
          "utterance": "오~ 그렇구낭. 친구하자 ㅎㅎ! 말 편하게해~",
          "summary": "",
          "date": "2022-09-05",
          "time": "18:34:52",
          "terminate": "false"
        },
        {
          "speaker": "speaker2",
          "personaID": "22475",
          "participantID": "0146",
          "utterance": "구랭..ㅎㅎ 넌 뭐하고 있어? 대학다녀?",
          "summary": "",
          "date": "2022-09-05",
          "time": "18:35:09",
          "terminate": "false"
        },
        {
          "speaker": "speaker1",
          "personaID": "21793",
          "participantID": "0120",
          "utterance": "응. 인류학 전공인데 이거 너무 재미없어 ㅠㅠ.",
          "summary": "나는 인류학과 전공이다.",
          "date": "2022-09-05",
          "time": "18:35:11",
          "terminate": "false"
        },
        {
          "speaker": "speaker2",
          "personaID": "22475",
          "participantID": "0146",
          "utterance": "오 그래? 그럼 인류는 원숭이에서 진화한거야?",
          "summary": "",
          "date": "2022-09-05",
          "time": "18:35:23",
          "terminate": "false"
        },
        {
          "speaker": "speaker1",
          "personaID": "21793",
          "participantID": "0120",
          "utterance": "ㅋㅋㅋ. 그런거보다는 문화 그런거야. 넌 뭐하는데?",
          "summary": "",
          "date": "2022-09-05",
          "time": "18:35:34",
          "terminate": "false"
        },
        {
          "speaker": "speaker2",
          "personaID": "22475",
          "participantID": "0146",
          "utterance": "그런거구낭. 난 요새 러닝 동아리 들까 하고 고민중.",
          "summary": "나는 러닝 동아리에 관심이 있다.",
          "date": "2022-09-05",
          "time": "18:35:47",
          "terminate": "false"
        },
        {
          "speaker": "speaker1",
          "personaID": "21793",
          "participantID": "0120",
          "utterance": "헐헐헐. 그러면 운동 하는거야? 머찌다~",
          "summary": "",
          "date": "2022-09-05",
          "time": "18:35:53",
          "terminate": "false"
        },
        {
          "speaker": "speaker2",
          "personaID": "22475",
          "participantID": "0146",
          "utterance": "ㅋㅋ 뭐가 멋져~ 원랜 공돌이야. 노트북 장단점 분석하고 그래!",
          "summary": "나는 노트북의 장단점을 분석한다.",
          "date": "2022-09-05",
          "time": "18:36:14",
          "terminate": "false"
        },
        {
          "speaker": "speaker1",
          "personaID": "21793",
          "participantID": "0120",
          "utterance": "나는 포도 좋아하는데 ㅎㅎ. 포도주 즐겨먹어~",
          "summary": "나는 포도를 즐겨먹는다.",
          "date": "2022-09-05",
          "time": "18:36:23",
          "terminate": "false"
        },
        {
          "speaker": "speaker2",
          "personaID": "22475",
          "participantID": "0146",
          "utterance": "나도 포도 좋아하는데.ㅋㅋ 와인이나 마시고 싶당~",
          "summary": "나는 포도를 좋아한다.",
          "date": "2022-09-05",
          "time": "18:36:38",
          "terminate": "false"
        },
        {
          "speaker": "speaker1",
          "personaID": "21793",
          "participantID": "0120",
          "utterance": "나 맥주도 좋아해! 완전 술꾼이지~",
          "summary": "나는 맥주를 좋아한다.",
          "date": "2022-09-05",
          "time": "18:36:42",
          "terminate": "false"
        },
        {
          "speaker": "speaker2",
          "personaID": "22475",
          "participantID": "0146",
          "utterance": "요새 스트레스 쌓이는데 술 좀 마시고 싶은걸!",
          "summary": "",
          "date": "2022-09-05",
          "time": "18:36:57",
          "terminate": "false"
        },
        {
          "speaker": "speaker1",
          "personaID": "21793",
          "participantID": "0120",
          "utterance": "그렇지? 나도 짱나면 술 먹어서 ㅋㅋㅋ. 다음에 봐!",
          "summary": "",
          "date": "2022-09-05",
          "time": "18:37:02",
          "terminate": "false"
        },
        {
          "speaker": "speaker2",
          "personaID": "22475",
          "participantID": "0146",
          "utterance": "요즘 짜증이 자꾸 나서~ 그래서 달릴까 해가지고..ㅋㅋ 그럼 다음에 봐~",
          "summary": "나는 요즘 가끔 짜증이 난다.",
          "date": "2022-09-05",
          "time": "18:37:10",
          "terminate": "true"
        }
      ],
      "sessionPersonaSummary": {
        "speaker1": [
          "나는 20대 여자이다.",
          "나는 인류학과 전공이다.",
          "나는 포도를 즐겨먹는다.",
          "나는 맥주를 좋아한다."
        ],
        "speaker2": [
          "나는 20대 여자이다.",
          "나는 러닝 동아리에 관심이 있다.",
          "나는 노트북의 장단점을 분석한다.",
          "나는 포도를 좋아한다.",
          "나는 요즘 가끔 짜증이 난다."
        ]
      },
      "prevAggregatedpersonaSummary": {
        "speaker1": [],
        "speaker2": []
      }
    },
    {
      "prevSessionID": "2-00443-1",
      "prevTimeInfo": {
        "timeNum": "1",
        "timeUnit": "일"
      },
      "nthSession": "2",
      "numberOfUtterances": "16",
      "numberOfTurns": "8",
      "sessionID": "2-00443-2",
      "dialog": [
        {
          "speaker": "speaker1",
          "personaID": "21793",
          "participantID": "0120",
          "utterance": "하루만이네. 오늘 뭐 태풍 온다는데 완전 짱난다 ㅠㅠ.",
          "summary": "나는 태풍이 싫다.",
          "date": "2022-09-05",
          "time": "18:37:21",
          "terminate": "false"
        },
        {
          "speaker": "speaker2",
          "personaID": "22475",
          "participantID": "0146",
          "utterance": "리얼... 근데 여긴 생각보다 좀 잠잠한거같기도?",
          "summary": "",
          "date": "2022-09-05",
          "time": "18:37:33",
          "terminate": "false"
        },
        {
          "speaker": "speaker1",
          "personaID": "21793",
          "participantID": "0120",
          "utterance": "그래? 부럽다. 나 나갔다가 다 젖었어 ㅋㅋ큐큐ㅠ...",
          "summary": "",
          "date": "2022-09-05",
          "time": "18:37:43",
          "terminate": "false"
        },
        {
          "speaker": "speaker2",
          "personaID": "22475",
          "participantID": "0146",
          "utterance": "나도 아까 약국갔다가 비 쫄딱 젖었어.ㅋㅋ큐.",
          "summary": "나는 약국을 다녀왔다.",
          "date": "2022-09-05",
          "time": "18:37:44",
          "terminate": "false"
        },
        {
          "speaker": "speaker1",
          "personaID": "21793",
          "participantID": "0120",
          "utterance": "헐... 약국은 왜 갔는데? 뭐 다쳤어?",
          "summary": "",
          "date": "2022-09-05",
          "time": "18:38:04",
          "terminate": "false"
        },
        {
          "speaker": "speaker2",
          "personaID": "22475",
          "participantID": "0146",
          "utterance": "나 목이 좀 아프거든ㅠ 그래서 그냥.ㅋㅋ.",
          "summary": "나는 목이 아프다.",
          "date": "2022-09-05",
          "time": "18:38:21",
          "terminate": "false"
        },
        {
          "speaker": "speaker1",
          "personaID": "21793",
          "participantID": "0120",
          "utterance": "그렇구나. 이럴때 재난 상황 대비 하는줄?",
          "summary": "",
          "date": "2022-09-05",
          "time": "18:38:33",
          "terminate": "false"
        },
        {
          "speaker": "speaker2",
          "personaID": "22475",
          "participantID": "0146",
          "utterance": "ㅋㅋ 태풍 올때 대비할 상비약이 있나?",
          "summary": "",
          "date": "2022-09-05",
          "time": "18:38:45",
          "terminate": "false"
        },
        {
          "speaker": "speaker1",
          "personaID": "21793",
          "participantID": "0120",
          "utterance": "붕대 같은거...? 글쎄..! 뭐가 있을깡.",
          "summary": "",
          "date": "2022-09-05",
          "time": "18:38:51",
          "terminate": "false"
        },
        {
          "speaker": "speaker2",
          "personaID": "22475",
          "participantID": "0146",
          "utterance": "글쎙...ㅋㅋㅋㅋ 그냥 집구석에 잘 박혀있음 되지 않을까??",
          "summary": "",
          "date": "2022-09-05",
          "time": "18:39:12",
          "terminate": "false"
        },
        {
          "speaker": "speaker1",
          "personaID": "21793",
          "participantID": "0120",
          "utterance": "그렇겠넼ㅋㅋㅋ. 안나가는게 먼저짘ㅋㅋㅋ.",
          "summary": "",
          "date": "2022-09-05",
          "time": "18:39:25",
          "terminate": "false"
        },
        {
          "speaker": "speaker2",
          "personaID": "22475",
          "participantID": "0146",
          "utterance": "맞아~ 이런날 괜히 나가면 봉변당해~",
          "summary": "",
          "date": "2022-09-05",
          "time": "18:39:33",
          "terminate": "false"
        },
        {
          "speaker": "speaker1",
          "personaID": "21793",
          "participantID": "0120",
          "utterance": "그렇지? 그냥 집에서 술이나 한잔 할까봐.",
          "summary": "나는 술을 마실 것이다.",
          "date": "2022-09-05",
          "time": "18:39:48",
          "terminate": "false"
        },
        {
          "speaker": "speaker2",
          "personaID": "22475",
          "participantID": "0146",
          "utterance": "ㅎㅎ 나도 와인이나 한병 까야겠다! 랜선으로 한잔 ㄱ?",
          "summary": "",
          "date": "2022-09-05",
          "time": "18:40:14",
          "terminate": "false"
        },
        {
          "speaker": "speaker1",
          "personaID": "21793",
          "participantID": "0120",
          "utterance": "이따 배고프면 피자 하나 시켜야겠다. ㄱㄱㄱ.",
          "summary": "",
          "date": "2022-09-05",
          "time": "18:40:19",
          "terminate": "false"
        },
        {
          "speaker": "speaker2",
          "personaID": "22475",
          "participantID": "0146",
          "utterance": "그래~ 역시 태풍엔 피자지! 그럼 좀 이따 보자~",
          "summary": "",
          "date": "2022-09-05",
          "time": "18:40:30",
          "terminate": "true"
        }
      ],
      "sessionPersonaSummary": {
        "speaker1": [
          "나는 태풍이 싫다.",
          "나는 술을 마실 것이다."
        ],
        "speaker2": [
          "나는 약국을 다녀왔다.",
          "나는 목이 아프다."
        ]
      },
      "prevAggregatedpersonaSummary": {
        "speaker1": [
          "나는 20대 여자이다.",
          "나는 인류학과 전공이다.",
          "나는 포도를 즐겨먹는다.",
          "나는 맥주를 좋아한다."
        ],
        "speaker2": [
          "나는 20대 여자이다.",
          "나는 러닝 동아리에 관심이 있다.",
          "나는 노트북의 장단점을 분석한다.",
          "나는 포도를 좋아한다.",
          "나는 요즘 가끔 짜증이 난다."
        ]
      }
    }
  ]
}