{
  "FileInfo": {
    "filename": "K2-00304-CL41268-CP34421-03-04-S2.json",
    "sessionLevel": "2"
  },
  "participantsInfo": {
    "numberOfParticipants": "2",
    "speaker1": {
      "participantID": "0085",
      "gender": "여성",
      "age": "30대",
      "occupation": "주부",
      "bPlace": "부산/대구/울산/경상",
      "gPlace": "대전/세종/충청/강원",
      "rPlace": "대전/세종/충청/강원",
      "educationLevel": "고졸"
    },
    "speaker2": {
      "participantID": "0205",
      "gender": "여성",
      "age": "30대",
      "occupation": "사무직",
      "bPlace": "광주/전라/제주",
      "gPlace": "광주/전라/제주",
      "rPlace": "광주/전라/제주",
      "educationLevel": "고졸"
    }
  },
  "multisessionInfo": {
    "multisessionID": "2-00304"
  },
  "personaInfo": {
    "clInfo": {
      "personaID": "41268",
      "personaFeatures": [
        "나는 여자이다.",
        "나는 40대이다.",
        "나는 요즘, 가끔 초조하다",
        "나는 주말에 골프를 친다",
        "나는 요리를 좋아한다"
      ],
      "speakerType": "speaker1"
    },
    "cpInfo": {
      "personaID": "34421",
      "personaFeatures": [
        "나는 여자이다.",
        "나는 30대이다.",
        "나는 점심에 SNS에 사진을 올린다",
        "나는 주말에 캠핑을 간다",
        "나는 혈액형이 AB형이다"
      ],
      "speakerType": "speaker2"
    }
  },
  "topicInfo": {
    "topicID": "03-04",
    "topicType": "교통",
    "topicTitle": "전기차"
  },
  "sessionInfo": [
    {
      "prevSessionID": null,
      "prevTimeInfo": {
        "timeNum": null,
        "timeUnit": null
      },
      "nthSession": "1",
      "numberOfUtterances": "15",
      "numberOfTurns": "7",
      "sessionID": "2-00304-1",
      "dialog": [
        {
          "speaker": "speaker1",
          "personaID": "41268",
          "participantID": "0085",
          "utterance": "안녕하세요! 저는 40대 여성입니다ㅎㅎ 만나서 반갑습니다",
          "summary": "나는 40대 여자이다.",
          "date": "2022-11-03",
          "time": "20:17:29",
          "terminate": "false"
        },
        {
          "speaker": "speaker2",
          "personaID": "34421",
          "participantID": "0205",
          "utterance": "반가워요 저는 30대 여자입니다 ㅎㅎ 언니라 불러도 될까요? ",
          "summary": "나는 30대 여자이다.",
          "date": "2022-11-03",
          "time": "20:17:48",
          "terminate": "false"
        },
        {
          "speaker": "speaker1",
          "personaID": "41268",
          "participantID": "0085",
          "utterance": "그럼요~ 저도 나이대 비슷한 동생이 생겨서 매우 좋네요! 앞으로 잘 지내봐요! 혹시 취미는 어떤게 있는지 알고 싶네요! ",
          "summary": "",
          "date": "2022-11-03",
          "time": "20:18:25",
          "terminate": "false"
        },
        {
          "speaker": "speaker2",
          "personaID": "34421",
          "participantID": "0205",
          "utterance": "저는 점심시간에 인스타에 사진 올리는게 취미에요!! 언니는요?",
          "summary": "나는 점심시간에 SNS에 사진을 올린다.",
          "date": "2022-11-03",
          "time": "20:19:48",
          "terminate": "false"
        },
        {
          "speaker": "speaker1",
          "personaID": "41268",
          "participantID": "0085",
          "utterance": "오~ 인스타ㅇ 취미가 있군요!ㅎㅎ 저는 주말에 골프를 치는 취미가 있어요!  인스타에는 뭘 주로 올리나요~? 저도 인스타를 해서 궁금하네요! ",
          "summary": "나는 주말에 골프를 치는 게 취미이다. 나는 인스타를 한다.",
          "date": "2022-11-03",
          "time": "20:20:26",
          "terminate": "false"
        },
        {
          "speaker": "speaker2",
          "personaID": "34421",
          "participantID": "0205",
          "utterance": "저는 운동을 해서 눈바디겸으로 운동후 사진을 올려요 ㅎㅎ",
          "summary": "나는 운동을 한다.",
          "date": "2022-11-03",
          "time": "20:21:23",
          "terminate": "false"
        },
        {
          "speaker": "speaker1",
          "personaID": "41268",
          "participantID": "0085",
          "utterance": "오~ 운동이라 관리하는 여성이네요! 멋져요ㅎㅎ 저는 요리를 좋아해서, 요리 사진을 가끔 올리거든요",
          "summary": "나는 요리를 좋아한다.",
          "date": "2022-11-03",
          "time": "20:21:51",
          "terminate": "false"
        },
        {
          "speaker": "speaker2",
          "personaID": "34421",
          "participantID": "0205",
          "utterance": "그렇군요 ㅎㅎ 제일 잘 하는 요리가 뭔가요?? ",
          "summary": "",
          "date": "2022-11-03",
          "time": "20:22:28",
          "terminate": "false"
        },
        {
          "speaker": "speaker1",
          "personaID": "41268",
          "participantID": "0085",
          "utterance": "저는 닭볶음탕을 제일 잘 만들어요ㅋㅋ 그런데 운동은 어떤 운동을 하시는지 궁금하네요!",
          "summary": "나는 닭볶음탕을 잘 만든다.",
          "date": "2022-11-03",
          "time": "20:23:08",
          "terminate": "false"
        },
        {
          "speaker": "speaker2",
          "personaID": "34421",
          "participantID": "0205",
          "utterance": "제가 주말에 캠핑을 가는데 닭볶음탕이 메인 메뉴인데 신기하네요  저는 크로스핏을 하고 있어요~",
          "summary": "나는 주말에 캠핑을 간다. 나는 크로스핏을 하고 있다.",
          "date": "2022-11-03",
          "time": "20:24:00",
          "terminate": "false"
        },
        {
          "speaker": "speaker1",
          "personaID": "41268",
          "participantID": "0085",
          "utterance": "우와 그거 엄청 힘들다고 들었는데 대단한 운동을 하고 계시네요!ㅎㅎ  저는 요즘 나이를 먹어서인지 가끔 초조해서, 운동을 좀 해볼까 하거든요ㅎㅎ ",
          "summary": " 나는 가끔 초조하다.",
          "date": "2022-11-03",
          "time": "20:24:34",
          "terminate": "false"
        },
        {
          "speaker": "speaker2",
          "personaID": "34421",
          "participantID": "0205",
          "utterance": "저는 크로스핏이 안 힘들고 재밌어요 ㅋㅋ 사람들이 니가 AB형이라서 특이해서 그런다고 하더라구요 ㅎㅎ  어떤 운동 하실려고요??? ㅎㅎ",
          "summary": "나는 AB형이다.",
          "date": "2022-11-03",
          "time": "20:26:14",
          "terminate": "false"
        },
        {
          "speaker": "speaker1",
          "personaID": "41268",
          "participantID": "0085",
          "utterance": "저는 골프말고 다른 활동성있는걸 해보려하는데, 혈액형이 저랑 똑같아서 깜짝놀랐어요ㅋㅋ",
          "summary": "나는 활동성 있는 운동을 해보고 싶다.",
          "date": "2022-11-03",
          "time": "20:26:52",
          "terminate": "false"
        },
        {
          "speaker": "speaker2",
          "personaID": "34421",
          "participantID": "0205",
          "utterance": "하하 AB형이 많지는 않다고 하던데 하하 저는 주말에 캠핑갈 짐좀 챙기러 가볼께요!! ",
          "summary": "",
          "date": "2022-11-03",
          "time": "20:27:25",
          "terminate": "false"
        },
        {
          "speaker": "speaker1",
          "personaID": "41268",
          "participantID": "0085",
          "utterance": "네 그래용! 오늘 만나서 반가웠어요~ 짐 잘챙기고 나중에 또 얘기해요!",
          "summary": "",
          "date": "2022-11-03",
          "time": "20:27:47",
          "terminate": "true"
        }
      ],
      "sessionPersonaSummary": {
        "speaker1": [
          "나는 40대 여자이다.",
          "나는 주말에 골프를 치는 게 취미이다.",
          "나는 인스타를 한다.",
          "나는 요리를 좋아한다.",
          "나는 닭볶음탕을 잘 만든다.",
          "나는 가끔 초조하다.",
          "나는 활동성 있는 운동을 해보고 싶다."
        ],
        "speaker2": [
          "나는 30대 여자이다.",
          "나는 점심시간에 SNS에 사진을 올린다.",
          "나는 운동을 한다.",
          "나는 주말에 캠핑을 간다.",
          "나는 크로스핏을 하고 있다.",
          "나는 AB형이다."
        ]
      },
      "prevAggregatedpersonaSummary": {
        "speaker1": [],
        "speaker2": []
      }
    },
    {
      "prevSessionID": "2-00304-1",
      "prevTimeInfo": {
        "timeNum": "5",
        "timeUnit": "주"
      },
      "nthSession": "2",
      "numberOfUtterances": "15",
      "numberOfTurns": "7",
      "sessionID": "2-00304-2",
      "dialog": [
        {
          "speaker": "speaker1",
          "personaID": "41268",
          "participantID": "0085",
          "utterance": "5주만이네요ㅎㅎ 그동안 바쁘게 지내느라 한달이 넘은지도 몰랐어요ㅠㅠ 잘 지내셨어요?",
          "summary": "나는 바쁘게 지냈다.",
          "date": "2022-11-03",
          "time": "20:30:52",
          "terminate": "false"
        },
        {
          "speaker": "speaker2",
          "personaID": "34421",
          "participantID": "0205",
          "utterance": "네 잘 지냈어요 ㅎㅎ 언니도 잘 지내셨나요??",
          "summary": "",
          "date": "2022-11-03",
          "time": "20:31:09",
          "terminate": "false"
        },
        {
          "speaker": "speaker1",
          "personaID": "41268",
          "participantID": "0085",
          "utterance": "저는 요즘도 가끔 초조한 마음으로 지내고 있어요ㅠㅠ ",
          "summary": "나는 요즘 가끔 초조하다.",
          "date": "2022-11-03",
          "time": "20:31:30",
          "terminate": "false"
        },
        {
          "speaker": "speaker2",
          "personaID": "34421",
          "participantID": "0205",
          "utterance": "아이고 ㅠㅠ 뭐가 그렇게 초조해서 그러세요ㅠㅠ",
          "summary": "",
          "date": "2022-11-03",
          "time": "20:32:49",
          "terminate": "false"
        },
        {
          "speaker": "speaker1",
          "personaID": "41268",
          "participantID": "0085",
          "utterance": "나이는 먹고 많이 이룬게 없는거 같아서 말이에요ㅠㅠ 이번엔 뭐라도 해 보려구요! ",
          "summary": "나는 나이 먹고 이룬 게 없다.",
          "date": "2022-11-03",
          "time": "20:33:09",
          "terminate": "false"
        },
        {
          "speaker": "speaker2",
          "personaID": "34421",
          "participantID": "0205",
          "utterance": "언니.. 그건 저도 마찬거지에요ㅜㅜ 우리 초조해 하지말아요",
          "summary": "",
          "date": "2022-11-03",
          "time": "20:33:36",
          "terminate": "false"
        },
        {
          "speaker": "speaker1",
          "personaID": "41268",
          "participantID": "0085",
          "utterance": "같이 공감이 되서 다행이네요ㅠㅠ 나이가 비슷해서 더 공감이 되네요.  저는 이번에 차를 좀 바꿔보려고 생각중인데 혹시 지금 자차를 이용하시나요? ",
          "summary": " 나는 차를 바꿔 볼까 생각 중이다.",
          "date": "2022-11-03",
          "time": "20:34:10",
          "terminate": "false"
        },
        {
          "speaker": "speaker2",
          "personaID": "34421",
          "participantID": "0205",
          "utterance": "아뇨 저는 대중교통을 이용중이에요~ 어떤 차로 바꾸시려구요??",
          "summary": "나는 대중교통을 이용한다.",
          "date": "2022-11-03",
          "time": "20:34:28",
          "terminate": "false"
        },
        {
          "speaker": "speaker1",
          "personaID": "41268",
          "participantID": "0085",
          "utterance": "요즘은 전기차도 잘 나온다고는 하는데 장거리 이용이 매우 어렵다고 들어서 고민중이에요ㅠㅠ",
          "summary": "나는 고민 중이다.",
          "date": "2022-11-03",
          "time": "20:35:00",
          "terminate": "false"
        },
        {
          "speaker": "speaker2",
          "personaID": "34421",
          "participantID": "0205",
          "utterance": "장거리를 많이 다니시나요???",
          "summary": "",
          "date": "2022-11-03",
          "time": "20:35:17",
          "terminate": "false"
        },
        {
          "speaker": "speaker1",
          "personaID": "41268",
          "participantID": "0085",
          "utterance": "주말에 골프를 치는데 거기 가는데 거리가 꽤 있는 편이라서요ㅠㅠ ",
          "summary": "나는 주말에 골프를 치러간다.",
          "date": "2022-11-03",
          "time": "20:35:46",
          "terminate": "false"
        },
        {
          "speaker": "speaker2",
          "personaID": "34421",
          "participantID": "0205",
          "utterance": "아.. 그래도 막 4-5시간 가는 거리가 아니면 괜찮지 않을까여???",
          "summary": "",
          "date": "2022-11-03",
          "time": "20:37:45",
          "terminate": "false"
        },
        {
          "speaker": "speaker1",
          "personaID": "41268",
          "participantID": "0085",
          "utterance": "겨울철에는 훨씬 빨리 줄어든다고 해서요ㅠㅠ 그게 걱정이라 좀 더 고민해 봐야겠어요ㅋㅋ",
          "summary": "",
          "date": "2022-11-03",
          "time": "20:38:23",
          "terminate": "false"
        },
        {
          "speaker": "speaker2",
          "personaID": "34421",
          "participantID": "0205",
          "utterance": "선생님 고민 잘 해보세요!! 저는 저녁 차리라 가야해서 다음에 또 대화해요~",
          "summary": "나는 저녁 차리러 가야 한다.",
          "date": "2022-11-03",
          "time": "20:39:03",
          "terminate": "false"
        },
        {
          "speaker": "speaker1",
          "personaID": "41268",
          "participantID": "0085",
          "utterance": "네 그래용~ 그럼 저녁 맛있게 드시구 저희는 또 다음에 얘기해요!ㅎㅎ",
          "summary": "",
          "date": "2022-11-03",
          "time": "20:39:33",
          "terminate": "true"
        }
      ],
      "sessionPersonaSummary": {
        "speaker1": [
          "나는 바쁘게 지냈다.",
          "나는 요즘 가끔 초조하다.",
          "나는 나이 먹고 이룬 게 없다.",
          "나는 차를 바꿔 볼까 생각 중이다.",
          "나는 고민 중이다.",
          "나는 주말에 골프를 치러간다."
        ],
        "speaker2": [
          "나는 대중교통을 이용한다.",
          "나는 저녁 차리러 가야 한다."
        ]
      },
      "prevAggregatedpersonaSummary": {
        "speaker1": [
          "나는 40대 여자이다.",
          "나는 주말에 골프를 치는 게 취미이다.",
          "나는 인스타를 한다.",
          "나는 요리를 좋아한다.",
          "나는 닭볶음탕을 잘 만든다.",
          "나는 가끔 초조하다.",
          "나는 활동성 있는 운동을 해보고 싶다."
        ],
        "speaker2": [
          "나는 30대 여자이다.",
          "나는 점심시간에 SNS에 사진을 올린다.",
          "나는 운동을 한다.",
          "나는 주말에 캠핑을 간다.",
          "나는 크로스핏을 하고 있다.",
          "나는 AB형이다."
        ]
      }
    }
  ]
}