{
  "FileInfo": {
    "filename": "K2-00386-CL11382-CP41976-06-06-S2.json",
    "sessionLevel": "2"
  },
  "participantsInfo": {
    "numberOfParticipants": "2",
    "speaker1": {
      "participantID": "3499",
      "gender": "여성",
      "age": "20대",
      "occupation": "주부",
      "bPlace": "서울/경기/인천",
      "gPlace": "광주/전라/제주",
      "rPlace": "서울/경기/인천",
      "educationLevel": "대졸"
    },
    "speaker2": {
      "participantID": "3983",
      "gender": "여성",
      "age": "40대",
      "occupation": "관리직",
      "bPlace": "서울/경기/인천",
      "gPlace": "서울/경기/인천",
      "rPlace": "서울/경기/인천",
      "educationLevel": "대학원졸"
    }
  },
  "multisessionInfo": {
    "multisessionID": "2-00386"
  },
  "personaInfo": {
    "clInfo": {
      "personaID": "11382",
      "personaFeatures": [
        "나는 여자이다.",
        "나는 10대이다.",
        "내가 사는 곳은 용인이다",
        "나는 현실이 압박스럽다",
        "나는 로큰롤 음악을 가끔 듣는다"
      ],
      "speakerType": "speaker1"
    },
    "cpInfo": {
      "personaID": "41976",
      "personaFeatures": [
        "나는 여자이다.",
        "나는 40대이다.",
        "나의 거주지는 안동이다",
        "나는 가족과 만나면 싸우게 된다",
        "나는 단 음식을 즐겨 먹는다"
      ],
      "speakerType": "speaker2"
    }
  },
  "topicInfo": {
    "topicID": "06-06",
    "topicType": "교육",
    "topicTitle": "수능시험"
  },
  "sessionInfo": [
    {
      "prevSessionID": null,
      "prevTimeInfo": {
        "timeNum": null,
        "timeUnit": null
      },
      "nthSession": "1",
      "numberOfUtterances": "14",
      "numberOfTurns": "7",
      "sessionID": "2-00386-1",
      "dialog": [
        {
          "speaker": "speaker1",
          "personaID": "11382",
          "participantID": "3499",
          "utterance": "안녕하세요. 10대 여성입니다.",
          "summary": "나는 10대 여성이다.",
          "date": "2022-10-28",
          "time": "09:59:53",
          "terminate": "false"
        },
        {
          "speaker": "speaker2",
          "personaID": "41976",
          "participantID": "3983",
          "utterance": "안녕하세요 저는 40대 여성입니다.",
          "summary": "나는 40대 여성이다",
          "date": "2022-10-28",
          "time": "10:02:18",
          "terminate": "false"
        },
        {
          "speaker": "speaker1",
          "personaID": "11382",
          "participantID": "3499",
          "utterance": "반가워요. 전 용인 사는데 어디 거주하세요?",
          "summary": "나는 용인에 산다.",
          "date": "2022-10-28",
          "time": "13:04:55",
          "terminate": "false"
        },
        {
          "speaker": "speaker2",
          "personaID": "41976",
          "participantID": "3983",
          "utterance": "저는 안동에 살고있어요. 용인에 사시는군요.",
          "summary": "나는 안동에 산다",
          "date": "2022-10-28",
          "time": "13:39:53",
          "terminate": "false"
        },
        {
          "speaker": "speaker1",
          "personaID": "11382",
          "participantID": "3499",
          "utterance": "네. 안동하면 국수랑 하회마을이 떠오르네요. 말만 들어봤는데 국수 정말 맛있나요?",
          "summary": "나는 안동 국수와 하회마을이 생각난다.",
          "date": "2022-10-28",
          "time": "16:44:54",
          "terminate": "false"
        },
        {
          "speaker": "speaker2",
          "personaID": "41976",
          "participantID": "3983",
          "utterance": "네 안동국시 맛있죠. 그런데 전 단 음식을 즐겨먹어요. ",
          "summary": "나는 단 음식을 즐겨 먹는다",
          "date": "2022-10-28",
          "time": "17:44:28",
          "terminate": "false"
        },
        {
          "speaker": "speaker1",
          "personaID": "11382",
          "participantID": "3499",
          "utterance": "저도 단 음식 좋아해요. 초콜릿 마카롱 도넛 이런 디저트 선호해요.",
          "summary": "나는 단 음식을 좋아한다. 나는 초콜릿 마카롱 도넛 같은 디저트를 선호한다.",
          "date": "2022-10-29",
          "time": "08:53:41",
          "terminate": "false"
        },
        {
          "speaker": "speaker2",
          "personaID": "41976",
          "participantID": "3983",
          "utterance": "저랑 같은 입맛일 것 같아요. ㅎ 저는 술도 단 술이 좋더라구요. 요즘 고민은 있으신가요? 저는 가족과 만나면 싸우게 되는게 고민이에요",
          "summary": "나는 술도 단 게 좋다 나는 가족과 싸우게 되는 게 고민이다",
          "date": "2022-10-29",
          "time": "14:45:14",
          "terminate": "false"
        },
        {
          "speaker": "speaker1",
          "personaID": "11382",
          "participantID": "3499",
          "utterance": "전 아직 미성년자라 술은 안 먹어 봐서 아쉽네요. 하하 전 현실이 압박스러운게 고민이에요.",
          "summary": "나는 미성년자이고 술을 안 마셔봤다. 나는 현실이 압박스럽다.",
          "date": "2022-10-29",
          "time": "16:17:47",
          "terminate": "false"
        },
        {
          "speaker": "speaker2",
          "personaID": "41976",
          "participantID": "3983",
          "utterance": "그러시군요. 저는 애들이 사춘기가 되어가니 자꾸 싸우게 되요. 10대시면 부모님과 사이는 좋으신가요? 어떤 현실이 압박스러운지 안타깝네요.",
          "summary": "나는 애들이 사춘기가 되어 싸우게 된다",
          "date": "2022-10-30",
          "time": "10:17:04",
          "terminate": "false"
        },
        {
          "speaker": "speaker1",
          "personaID": "11382",
          "participantID": "3499",
          "utterance": "진로에 대한 압박감이 심해요. 가족들이 위로를 해줘서 그나마 낫네요. 전 부모님과 사이는 좋은 편인 것 같아요!",
          "summary": "나는 진로에 대한 압박감이 심하다. 나는 부모님과 사이가 좋은 편이다.",
          "date": "2022-10-31",
          "time": "10:12:13",
          "terminate": "false"
        },
        {
          "speaker": "speaker2",
          "personaID": "41976",
          "participantID": "3983",
          "utterance": "복받으셨어요. 진로에 압박이 있으시다니 힘드시겠네요. 하지만 좋은 경험 많이 하시고 본인에게 맞는 진로를 잘 찾아나가시길 바래요.",
          "summary": "",
          "date": "2022-10-31",
          "time": "14:20:21",
          "terminate": "false"
        },
        {
          "speaker": "speaker1",
          "personaID": "11382",
          "participantID": "3499",
          "utterance": "좋은 말씀 해주셔서 정말 감사해뇨",
          "summary": "",
          "date": "2022-10-31",
          "time": "14:35:45",
          "terminate": "false"
        },
        {
          "speaker": "speaker2",
          "personaID": "41976",
          "participantID": "3983",
          "utterance": "네 응원합니다. 잠시 자리 비울께요. 또 대화해요.",
          "summary": "",
          "date": "2022-10-31",
          "time": "15:14:56",
          "terminate": "true"
        }
      ],
      "sessionPersonaSummary": {
        "speaker1": [
          "나는 10대 여성이다.",
          "나는 용인에 산다.",
          "나는 안동 국수와 하회마을이 생각난다.",
          "나는 단 음식을 좋아한다. 나는 초콜릿 마카롱 도넛 같은 디저트를 선호한다.",
          "나는 미성년자이고 술을 안 마셔봤다.",
          "나는 현실이 압박스럽다.",
          "나는 진로에 대한 압박감이 심하다.",
          "나는 부모님과 사이가 좋은 편이다."
        ],
        "speaker2": [
          "나는 40대 여성이다",
          "나는 안동에 산다",
          "나는 단 음식을 즐겨 먹는다",
          "나는 술도 단 게 좋다",
          "나는 가족과 싸우게 되는 게 고민이다",
          "나는 애들이 사춘기가 되어 싸우게 된다"
        ]
      },
      "prevAggregatedpersonaSummary": {
        "speaker1": [],
        "speaker2": []
      }
    },
    {
      "prevSessionID": "2-00386-1",
      "prevTimeInfo": {
        "timeNum": "1",
        "timeUnit": "시간"
      },
      "nthSession": "2",
      "numberOfUtterances": "14",
      "numberOfTurns": "7",
      "sessionID": "2-00386-2",
      "dialog": [
        {
          "speaker": "speaker1",
          "personaID": "11382",
          "participantID": "3499",
          "utterance": "1시간만이네요. 전 1시간동안 밥먹고 왔어요. 뭐하셨나요?",
          "summary": "나는 밥을 먹고 왔다.",
          "date": "2022-10-31",
          "time": "18:56:03",
          "terminate": "false"
        },
        {
          "speaker": "speaker2",
          "personaID": "41976",
          "participantID": "3983",
          "utterance": "저는 낮에 땀이 많이 나서 샤워하고 왔어요. 이제 날이 추워지니 곧 수능시험 있겠어요",
          "summary": "나는 낮에 땀이 많이 나서 샤워했다",
          "date": "2022-10-31",
          "time": "19:40:28",
          "terminate": "false"
        },
        {
          "speaker": "speaker1",
          "personaID": "11382",
          "participantID": "3499",
          "utterance": "운동을 하셨나요? 전 아직 수능시험이 좀 멀었지만 언젠가 수능 본다고 생각하면 막막해져요",
          "summary": "나는 수능 볼 생각을 하면 막막하다.",
          "date": "2022-10-31",
          "time": "20:16:13",
          "terminate": "false"
        },
        {
          "speaker": "speaker2",
          "personaID": "41976",
          "participantID": "3983",
          "utterance": "예 친구와 탁구를 좀 치고 왔어요. 아직 수능이 많이 남으셨다니 정말 젊으시네요 :)",
          "summary": "나는 친구와 탁구를 치고 왔다",
          "date": "2022-10-31",
          "time": "20:44:08",
          "terminate": "false"
        },
        {
          "speaker": "speaker1",
          "personaID": "11382",
          "participantID": "3499",
          "utterance": "아니에요 젊기는요 전 얼른 어른이 되서 자유롭고 싶어요 하하 수능시험 보셨죠? 그때 어떠셨나요?",
          "summary": "나는 얼른 어른이 돼서 자유롭고 싶다.",
          "date": "2022-10-31",
          "time": "22:04:57",
          "terminate": "false"
        },
        {
          "speaker": "speaker2",
          "personaID": "41976",
          "participantID": "3983",
          "utterance": "하하 수능 본지 23년쯤 된거 같아서 기억이 잘 안나지만 엄청 춥고 긴장했던 생각은 나요. 도시락을 싸가서 시험을 보는거죠? 그랬던 것 같아요.",
          "summary": "나는 수능 본 지 23년쯤 됐다",
          "date": "2022-11-01",
          "time": "09:14:59",
          "terminate": "false"
        },
        {
          "speaker": "speaker1",
          "personaID": "11382",
          "participantID": "3499",
          "utterance": "우와 23년전이요? 그때도 수능이 있었군요. 전 수능이 언제 처음 생겼는지도 자세히 안알아봐서 몰랐어요. 하하 머쓱하네요. 네. 지금도 도시락을 싸가서 시험을 보더라고요. 사촌언니는 재수를 했는데 도시락 두번 싸서 갔다고 들었어요. 근처에 살아서 자주 보거든요.",
          "summary": "나는 23년 전에 수능이 있었는지도 몰랐다. 나는 사촌언니 근처에 살아서 자주 봐서 아는데 도시락을 싸서 수능 보러 가는 게 맞다.",
          "date": "2022-11-01",
          "time": "13:09:37",
          "terminate": "false"
        },
        {
          "speaker": "speaker2",
          "personaID": "41976",
          "participantID": "3983",
          "utterance": "ㅎㅎㅎ 23년 전 유물이 된 느낌입니다. 지금도 도시락을 싸는군요. 기억이 맞았네요!  아무튼 수능이라는 인생의 큰 분기점을 또 많이들 겪을 시기가 다가오고 있네요.",
          "summary": "",
          "date": "2022-11-01",
          "time": "13:26:41",
          "terminate": "false"
        },
        {
          "speaker": "speaker1",
          "personaID": "11382",
          "participantID": "3499",
          "utterance": "맞아요. 전 그 수능이라는게 뭔지 정말 까마득한 미래인데도 생각하면 걱정이 되기도 하고 그래요.",
          "summary": "",
          "date": "2022-11-01",
          "time": "13:32:36",
          "terminate": "false"
        },
        {
          "speaker": "speaker2",
          "personaID": "41976",
          "participantID": "3983",
          "utterance": "수능이 까마득한 미래라면 10대 초반이신가봐요. ㅎ 멋진 시절인데 수능에 압박이 다가오기 전에 재미있는 경험 많이 하시길 바래요",
          "summary": "",
          "date": "2022-11-01",
          "time": "13:35:59",
          "terminate": "false"
        },
        {
          "speaker": "speaker1",
          "personaID": "11382",
          "participantID": "3499",
          "utterance": "네. 아직 수능이 멀게만 느껴지는데 사촌언니가 말하는 것 보면 또 아닌 것 같아요.",
          "summary": "",
          "date": "2022-11-01",
          "time": "13:36:27",
          "terminate": "false"
        },
        {
          "speaker": "speaker2",
          "personaID": "41976",
          "participantID": "3983",
          "utterance": "네 자연스럽게 학년에 맞춰서 대비하세요. 너무 미리부터 걱정하느라 잘 못노지 마시구요.",
          "summary": "",
          "date": "2022-11-01",
          "time": "13:39:32",
          "terminate": "false"
        },
        {
          "speaker": "speaker1",
          "personaID": "11382",
          "participantID": "3499",
          "utterance": "네. 전 그럼 친구들과 놀러나 좀 나가봐야겠어요. 하하 걱정 떨쳐내주셔서 감사해요.",
          "summary": "나는 친구들과 놀러 가야겠다.",
          "date": "2022-11-01",
          "time": "13:41:23",
          "terminate": "false"
        },
        {
          "speaker": "speaker2",
          "personaID": "41976",
          "participantID": "3983",
          "utterance": "네 좋은 시간 보내세요. 즐거운 대화였어요.",
          "summary": "",
          "date": "2022-11-01",
          "time": "13:43:53",
          "terminate": "true"
        }
      ],
      "sessionPersonaSummary": {
        "speaker1": [
          "나는 밥을 먹고 왔다.",
          "나는 수능 볼 생각을 하면 막막하다.",
          "나는 얼른 어른이 돼서 자유롭고 싶다.",
          "나는 23년 전에 수능이 있었는지도 몰랐다.",
          "나는 사촌언니 근처에 살아서 자주 봐서 아는데 도시락을 싸서 수능 보러 가는 게 맞다.",
          "나는 친구들과 놀러 가야겠다."
        ],
        "speaker2": [
          "나는 낮에 땀이 많이 나서 샤워했다",
          "나는 친구와 탁구를 치고 왔다",
          "나는 수능 본 지 23년쯤 됐다"
        ]
      },
      "prevAggregatedpersonaSummary": {
        "speaker1": [
          "나는 10대 여성이다.",
          "나는 용인에 산다.",
          "나는 안동 국수와 하회마을이 생각난다.",
          "나는 단 음식을 좋아한다. 나는 초콜릿 마카롱 도넛 같은 디저트를 선호한다.",
          "나는 미성년자이고 술을 안 마셔봤다.",
          "나는 현실이 압박스럽다.",
          "나는 진로에 대한 압박감이 심하다.",
          "나는 부모님과 사이가 좋은 편이다."
        ],
        "speaker2": [
          "나는 40대 여성이다",
          "나는 안동에 산다",
          "나는 단 음식을 즐겨 먹는다",
          "나는 술도 단 게 좋다",
          "나는 가족과 싸우게 되는 게 고민이다",
          "나는 애들이 사춘기가 되어 싸우게 된다"
        ]
      }
    }
  ]
}