{
  "FileInfo": {
    "filename": "K2-00303-CL20399-CP11904-03-07-S2.json",
    "sessionLevel": "2"
  },
  "participantsInfo": {
    "numberOfParticipants": "2",
    "speaker1": {
      "participantID": "0097",
      "gender": "남성",
      "age": "30대",
      "occupation": "자영업",
      "bPlace": "서울/경기/인천",
      "gPlace": "서울/경기/인천",
      "rPlace": "서울/경기/인천",
      "educationLevel": "대졸"
    },
    "speaker2": {
      "participantID": "0121",
      "gender": "여성",
      "age": "20대",
      "occupation": "자영업",
      "bPlace": "광주/전라/제주",
      "gPlace": "광주/전라/제주",
      "rPlace": "광주/전라/제주",
      "educationLevel": "대졸"
    }
  },
  "multisessionInfo": {
    "multisessionID": "2-00303"
  },
  "personaInfo": {
    "clInfo": {
      "personaID": "20399",
      "personaFeatures": [
        "나는 남자이다.",
        "나는 20대이다.",
        "나의 거주지는 청주이다",
        "나는 호주로 어학연수를 간다",
        "나는 수영을 싫어한다"
      ],
      "speakerType": "speaker1"
    },
    "cpInfo": {
      "personaID": "11904",
      "personaFeatures": [
        "나는 여자이다.",
        "나는 10대이다.",
        "나의 아버지는 회사원이다",
        "나는 가끔 남의 시선이 의식된다",
        "나는 배를 즐겨 먹는다"
      ],
      "speakerType": "speaker2"
    }
  },
  "topicInfo": {
    "topicID": "03-07",
    "topicType": "교통",
    "topicTitle": "KTX"
  },
  "sessionInfo": [
    {
      "prevSessionID": null,
      "prevTimeInfo": {
        "timeNum": null,
        "timeUnit": null
      },
      "nthSession": "1",
      "numberOfUtterances": "15",
      "numberOfTurns": "7",
      "sessionID": "2-00303-1",
      "dialog": [
        {
          "speaker": "speaker1",
          "personaID": "20399",
          "participantID": "0097",
          "utterance": "반갑습니다 ㅎㅎ 저는 20대 남자예요!",
          "summary": "나는 20대 남자이다",
          "date": "2022-10-31",
          "time": "10:22:46",
          "terminate": "false"
        },
        {
          "speaker": "speaker2",
          "personaID": "11904",
          "participantID": "0121",
          "utterance": "안녕하세요~ 저는 10대 여자입니다!",
          "summary": "나는 10대 여자이다",
          "date": "2022-10-31",
          "time": "10:22:54",
          "terminate": "false"
        },
        {
          "speaker": "speaker1",
          "personaID": "20399",
          "participantID": "0097",
          "utterance": "그렇군요 ㅎㅎ 저는 청주에 살고 있어요!",
          "summary": "나는 청주에 살고 있다",
          "date": "2022-10-31",
          "time": "10:23:04",
          "terminate": "false"
        },
        {
          "speaker": "speaker2",
          "personaID": "11904",
          "participantID": "0121",
          "utterance": "그러시구나! 님은 20대 이신데 요즘 고민 없으세요?",
          "summary": "",
          "date": "2022-10-31",
          "time": "10:23:26",
          "terminate": "false"
        },
        {
          "speaker": "speaker1",
          "personaID": "20399",
          "participantID": "0097",
          "utterance": "고민 있죠 ㅠㅠ 수영을 싫어하는데 해야할 것 같습니다",
          "summary": "나는 수영을 싫어한다. 나는 수영을 해야 한다.",
          "date": "2022-10-31",
          "time": "10:23:40",
          "terminate": "false"
        },
        {
          "speaker": "speaker2",
          "personaID": "11904",
          "participantID": "0121",
          "utterance": "아ㅋㅋㅋ 저는 가끔 남의 시선이 의식이 돼요.. 20대가 되면 안 그럴까요?",
          "summary": "나는 가끔 남의 시선이 의식이 된다",
          "date": "2022-10-31",
          "time": "10:24:06",
          "terminate": "false"
        },
        {
          "speaker": "speaker1",
          "personaID": "20399",
          "participantID": "0097",
          "utterance": "될 수도 있겠죠 ㅎㅎ 그런데 이유가 무엇인가요?",
          "summary": "",
          "date": "2022-10-31",
          "time": "10:24:27",
          "terminate": "false"
        },
        {
          "speaker": "speaker2",
          "personaID": "11904",
          "participantID": "0121",
          "utterance": "저희 아버지가 회사원이이라서 아버지처럼 되고 싶은데 안될까봐요ㅎㅎ",
          "summary": "나의 아버지는 회사원이다. 나는 아버지처럼 되고 싶다.",
          "date": "2022-10-31",
          "time": "10:25:25",
          "terminate": "false"
        },
        {
          "speaker": "speaker1",
          "personaID": "20399",
          "participantID": "0097",
          "utterance": "오~ 회사원 좋죠 ㅎㅎ 안정적인 급여 받는 생활도 좋습니다!",
          "summary": "",
          "date": "2022-10-31",
          "time": "10:25:43",
          "terminate": "false"
        },
        {
          "speaker": "speaker2",
          "personaID": "11904",
          "participantID": "0121",
          "utterance": "아 그럼 님도 회사원 이신가요?",
          "summary": "",
          "date": "2022-10-31",
          "time": "10:25:56",
          "terminate": "false"
        },
        {
          "speaker": "speaker1",
          "personaID": "20399",
          "participantID": "0097",
          "utterance": "저도 회사원입니다 ㅎㅎ 그런데 저는 이번에 퇴직하고 갈 곳이 있어요",
          "summary": "나는 회사원이다. 나는 퇴직을 한다",
          "date": "2022-10-31",
          "time": "10:26:12",
          "terminate": "false"
        },
        {
          "speaker": "speaker2",
          "personaID": "11904",
          "participantID": "0121",
          "utterance": "어디가세요? 이직하시는 건가요?",
          "summary": "",
          "date": "2022-10-31",
          "time": "10:26:38",
          "terminate": "false"
        },
        {
          "speaker": "speaker1",
          "personaID": "20399",
          "participantID": "0097",
          "utterance": "이직은 아니고 호주로 어학연수를 가려고요!",
          "summary": "나는 호주로 어학연수를 간다",
          "date": "2022-10-31",
          "time": "10:26:59",
          "terminate": "false"
        },
        {
          "speaker": "speaker2",
          "personaID": "11904",
          "participantID": "0121",
          "utterance": "우와.. 멋있으시네요! 좋아하는 음식이나 관심사는 있으세요?",
          "summary": "",
          "date": "2022-10-31",
          "time": "10:27:50",
          "terminate": "false"
        },
        {
          "speaker": "speaker1",
          "personaID": "20399",
          "participantID": "0097",
          "utterance": "저는 운동 같은 것은 수영 빼고는 다 좋아해요 ㅎㅎ 운동하고 올테니 다시 연락드릴게요!",
          "summary": "나는 운동을 수영 빼고 좋아한다.",
          "date": "2022-10-31",
          "time": "10:28:27",
          "terminate": "true"
        }
      ],
      "sessionPersonaSummary": {
        "speaker1": [
          "나는 20대 남자이다",
          "나는 청주에 살고 있다",
          "나는 수영을 싫어한다. 나는 수영을 해야 한다.",
          "나는 회사원이다. 나는 퇴직을 한다",
          "나는 호주로 어학연수를 간다",
          "나는 운동을 수영 빼고 좋아한다."
        ],
        "speaker2": [
          "나는 10대 여자이다",
          "나는 가끔 남의 시선이 의식이 된다",
          "나의 아버지는 회사원이다. 나는 아버지처럼 되고 싶다."
        ]
      },
      "prevAggregatedpersonaSummary": {
        "speaker1": [],
        "speaker2": []
      }
    },
    {
      "prevSessionID": "2-00303-1",
      "prevTimeInfo": {
        "timeNum": "6",
        "timeUnit": "일"
      },
      "nthSession": "2",
      "numberOfUtterances": "15",
      "numberOfTurns": "7",
      "sessionID": "2-00303-2",
      "dialog": [
        {
          "speaker": "speaker1",
          "personaID": "20399",
          "participantID": "0097",
          "utterance": "반갑습니다 ㅎㅎ 6일만에 다시 연락드리네요",
          "summary": "",
          "date": "2022-10-31",
          "time": "10:30:15",
          "terminate": "false"
        },
        {
          "speaker": "speaker2",
          "personaID": "11904",
          "participantID": "0121",
          "utterance": "오랜만이네요! 뭐 하고 지내셨나요?",
          "summary": "",
          "date": "2022-10-31",
          "time": "10:30:35",
          "terminate": "false"
        },
        {
          "speaker": "speaker1",
          "personaID": "20399",
          "participantID": "0097",
          "utterance": "저는 지금은 갈 곳이 있어서 준비하고 있었습니다!",
          "summary": "",
          "date": "2022-10-31",
          "time": "10:30:46",
          "terminate": "false"
        },
        {
          "speaker": "speaker2",
          "personaID": "11904",
          "participantID": "0121",
          "utterance": "어디 가세요? 여행 가시나요?",
          "summary": "",
          "date": "2022-10-31",
          "time": "10:31:03",
          "terminate": "false"
        },
        {
          "speaker": "speaker1",
          "personaID": "20399",
          "participantID": "0097",
          "utterance": "그렇죠 ㅎㅎ 서울 가려고 KTX를 이용할 생각입니다! 청주에서 서울은 거리가 있으니까요.",
          "summary": "나는 KTX 타고 서울 갈 예정이다",
          "date": "2022-10-31",
          "time": "10:31:12",
          "terminate": "false"
        },
        {
          "speaker": "speaker2",
          "personaID": "11904",
          "participantID": "0121",
          "utterance": "오! 서울 여행인건가요? 서울 가서 뭐해요?",
          "summary": "",
          "date": "2022-10-31",
          "time": "10:31:44",
          "terminate": "false"
        },
        {
          "speaker": "speaker1",
          "personaID": "20399",
          "participantID": "0097",
          "utterance": "서울 가서는 아무래도 경복궁을 보러 갈 것 같아요!",
          "summary": "나는 경복궁 보러 갈 예정이다",
          "date": "2022-10-31",
          "time": "10:31:53",
          "terminate": "false"
        },
        {
          "speaker": "speaker2",
          "personaID": "11904",
          "participantID": "0121",
          "utterance": "우와ㅎㅎ 저는 서울 살면서 제대로 본 적이 없네요",
          "summary": "나는 서울에 살면서 제대로 본 적이 없다",
          "date": "2022-10-31",
          "time": "10:33:35",
          "terminate": "false"
        },
        {
          "speaker": "speaker1",
          "personaID": "20399",
          "participantID": "0097",
          "utterance": "그래요? 나중에 기회가 되면 한 번 가보세요!",
          "summary": "",
          "date": "2022-10-31",
          "time": "10:33:45",
          "terminate": "false"
        },
        {
          "speaker": "speaker2",
          "personaID": "11904",
          "participantID": "0121",
          "utterance": "그래야겠네요! 야간에 이쁘다고 하던데!",
          "summary": "",
          "date": "2022-10-31",
          "time": "10:34:31",
          "terminate": "false"
        },
        {
          "speaker": "speaker1",
          "personaID": "20399",
          "participantID": "0097",
          "utterance": "그렇군요 ㅎㅎ 야간에 갈 생각은 못 해봤네요 ㅠㅠ",
          "summary": "",
          "date": "2022-10-31",
          "time": "10:34:42",
          "terminate": "false"
        },
        {
          "speaker": "speaker2",
          "personaID": "11904",
          "participantID": "0121",
          "utterance": "ㅎㅎ 시간 되시면 야간에 다녀와보세요!",
          "summary": "나는 야간 시간대를 추천한다",
          "date": "2022-10-31",
          "time": "10:35:11",
          "terminate": "false"
        },
        {
          "speaker": "speaker1",
          "personaID": "20399",
          "participantID": "0097",
          "utterance": "알겠습니다 ㅎㅎ 어서 가 보고 싶다는 생각이 자꾸 드네요!",
          "summary": "",
          "date": "2022-10-31",
          "time": "10:35:25",
          "terminate": "false"
        },
        {
          "speaker": "speaker2",
          "personaID": "11904",
          "participantID": "0121",
          "utterance": "조심히 다녀오시고 즐거운 여행하세요ㅎ!",
          "summary": "",
          "date": "2022-10-31",
          "time": "10:35:52",
          "terminate": "false"
        },
        {
          "speaker": "speaker1",
          "personaID": "20399",
          "participantID": "0097",
          "utterance": "알겠습니다 ㅎㅎ 여행지를 마저 알아보고 다시 연락드릴게요!",
          "summary": "",
          "date": "2022-10-31",
          "time": "10:36:02",
          "terminate": "true"
        }
      ],
      "sessionPersonaSummary": {
        "speaker1": [
          "나는 KTX 타고 서울 갈 예정이다",
          "나는 경복궁 보러 갈 예정이다"
        ],
        "speaker2": [
          "나는 서울에 살면서 제대로 본 적이 없다",
          "나는 야간 시간대를 추천한다"
        ]
      },
      "prevAggregatedpersonaSummary": {
        "speaker1": [
          "나는 20대 남자이다",
          "나는 청주에 살고 있다",
          "나는 수영을 싫어한다. 나는 수영을 해야 한다.",
          "나는 회사원이다. 나는 퇴직을 한다",
          "나는 호주로 어학연수를 간다",
          "나는 운동을 수영 빼고 좋아한다."
        ],
        "speaker2": [
          "나는 10대 여자이다",
          "나는 가끔 남의 시선이 의식이 된다",
          "나의 아버지는 회사원이다. 나는 아버지처럼 되고 싶다."
        ]
      }
    }
  ]
}