{
  "FileInfo": {
    "filename": "K2-00457-CL51436-CP41775-01-09-S2.json",
    "sessionLevel": "2"
  },
  "participantsInfo": {
    "numberOfParticipants": "2",
    "speaker1": {
      "participantID": "3247",
      "gender": "여성",
      "age": "40대",
      "occupation": "전문직",
      "bPlace": "서울/경기/인천",
      "gPlace": "서울/경기/인천",
      "rPlace": "서울/경기/인천",
      "educationLevel": "대졸"
    },
    "speaker2": {
      "participantID": "3841",
      "gender": "여성",
      "age": "40대",
      "occupation": "주부",
      "bPlace": "광주/전라/제주",
      "gPlace": "광주/전라/제주",
      "rPlace": "서울/경기/인천",
      "educationLevel": "대졸"
    }
  },
  "multisessionInfo": {
    "multisessionID": "2-00457"
  },
  "personaInfo": {
    "clInfo": {
      "personaID": "51436",
      "personaFeatures": [
        "나는 여자이다.",
        "나는 50대이다.",
        "나는 보석 세공사이다",
        "나는 가끔 국내 여행을 한다",
        "나는 소설을 좋아한다"
      ],
      "speakerType": "speaker1"
    },
    "cpInfo": {
      "personaID": "41775",
      "personaFeatures": [
        "나는 여자이다.",
        "나는 40대이다.",
        "나는 의료 관련직에 종사한다",
        "나는 선후배가 있다",
        "나는 트로트 음악을 좋아한다"
      ],
      "speakerType": "speaker2"
    }
  },
  "topicInfo": {
    "topicID": "01-09",
    "topicType": "식음료",
    "topicTitle": "주류"
  },
  "sessionInfo": [
    {
      "prevSessionID": null,
      "prevTimeInfo": {
        "timeNum": null,
        "timeUnit": null
      },
      "nthSession": "1",
      "numberOfUtterances": "14",
      "numberOfTurns": "7",
      "sessionID": "2-00457-1",
      "dialog": [
        {
          "speaker": "speaker1",
          "personaID": "51436",
          "participantID": "3247",
          "utterance": "안녕하세요. 저는 50대 여성입니다.",
          "summary": "나는 50대 여성이다",
          "date": "2022-10-29",
          "time": "09:26:15",
          "terminate": "false"
        },
        {
          "speaker": "speaker2",
          "personaID": "41775",
          "participantID": "3841",
          "utterance": "안녕하세요 저는 50대 여성입니다",
          "summary": "나는 50대 여성이다.",
          "date": "2022-10-29",
          "time": "10:07:57",
          "terminate": "false"
        },
        {
          "speaker": "speaker1",
          "personaID": "51436",
          "participantID": "3247",
          "utterance": "반갑습니다 . 여행 좋아하세요?",
          "summary": "",
          "date": "2022-10-29",
          "time": "12:17:46",
          "terminate": "false"
        },
        {
          "speaker": "speaker2",
          "personaID": "41775",
          "participantID": "3841",
          "utterance": "네 여행은 좋아하는데 요즘은 잘 못가고 있네요",
          "summary": "너는 여행을 좋아하지만 요즘 못 가고 있다.",
          "date": "2022-10-29",
          "time": "12:26:54",
          "terminate": "false"
        },
        {
          "speaker": "speaker1",
          "personaID": "51436",
          "participantID": "3247",
          "utterance": "코로나 전엔 주말을 이용해 일본이나 중국에 자주 다녀왔는데  요즘은 가끔  강아지들 데리고 국내여행 합니다 얼릉 코로나가 끝났으먄 좋겠어요",
          "summary": "나는 코로나전엔 주말을 이용해 일본이나 중국에 자주 다녀왔는데 요즘은 강아지들 데리고 국내여행을 다닌다 나는 얼른 코로나가 끝났으면 좋겠다",
          "date": "2022-10-29",
          "time": "12:44:08",
          "terminate": "false"
        },
        {
          "speaker": "speaker2",
          "personaID": "41775",
          "participantID": "3841",
          "utterance": "저도 코로나 전에는 선후배들과 종종 여행을 다녔는데 코로나 이후로는 못갔네요. 저는 의료관략직에 종사중인데 직업은 어떻게 되세요?",
          "summary": "나는 의료직 종사자이다.",
          "date": "2022-10-29",
          "time": "19:15:17",
          "terminate": "false"
        },
        {
          "speaker": "speaker1",
          "personaID": "51436",
          "participantID": "3247",
          "utterance": "저는 보석 세공사러 일하고 있어요",
          "summary": "난 보석 세공사로 일하고 있다",
          "date": "2022-10-29",
          "time": "20:45:48",
          "terminate": "false"
        },
        {
          "speaker": "speaker2",
          "personaID": "41775",
          "participantID": "3841",
          "utterance": "멋진 직업을 가지고 계시네요. 저는 요즘 트로트 음악이 좋더라구요. 즐겨듣는 음악 있으신가요?",
          "summary": "나는 요즘 트로트 음악이 좋다.",
          "date": "2022-10-29",
          "time": "20:55:30",
          "terminate": "false"
        },
        {
          "speaker": "speaker1",
          "personaID": "51436",
          "participantID": "3247",
          "utterance": "저는 발라드나 ccm즐겨 들어요   저는 소설을 좋아해서 소설 앍으면서 음악 듣기도 해요",
          "summary": "나는 발라드나 ccm을 즐겨 들으며 소설을 좋아한다",
          "date": "2022-10-29",
          "time": "20:57:35",
          "terminate": "false"
        },
        {
          "speaker": "speaker2",
          "personaID": "41775",
          "participantID": "3841",
          "utterance": "발라드나 ccm은 잔잔해서 들으며 소설읽기 딱 좋겠네요",
          "summary": "",
          "date": "2022-10-29",
          "time": "21:13:26",
          "terminate": "false"
        },
        {
          "speaker": "speaker1",
          "personaID": "51436",
          "participantID": "3247",
          "utterance": "네 맞아요 잔잔해서 들으며 무언가를 하기에도 좋아요",
          "summary": "",
          "date": "2022-10-29",
          "time": "21:19:12",
          "terminate": "false"
        },
        {
          "speaker": "speaker2",
          "personaID": "41775",
          "participantID": "3841",
          "utterance": "저는 신나는걸 듣다보니 음악들으며 책은 도저히 안읽히더라구요 ㅎㅎ 하지만 음악들며 집안일같은거 하기에는 딱 좋아요",
          "summary": "나는 음악 들으며 책 읽는 선 무리다. 하자만 음악 들으면 집안일은 한다.",
          "date": "2022-10-29",
          "time": "21:43:22",
          "terminate": "false"
        },
        {
          "speaker": "speaker1",
          "personaID": "51436",
          "participantID": "3247",
          "utterance": "저 쓰레기 버리러  나가봐야 할꺼 같아요 사간 제한이 있거든요",
          "summary": "",
          "date": "2022-10-29",
          "time": "21:50:36",
          "terminate": "false"
        },
        {
          "speaker": "speaker2",
          "personaID": "41775",
          "participantID": "3841",
          "utterance": "네 즐거운 대화였어요 저도 이만 가보도록할께요",
          "summary": "",
          "date": "2022-10-30",
          "time": "07:57:10",
          "terminate": "true"
        }
      ],
      "sessionPersonaSummary": {
        "speaker1": [
          "나는 50대 여성이다",
          "나는 코로나전엔 주말을 이용해 일본이나 중국에 자주 다녀왔는데 요즘은 강아지들 데리고 국내여행을 다닌다",
          "나는 얼른 코로나가 끝났으면 좋겠다",
          "난 보석 세공사로 일하고 있다",
          "나는 발라드나 ccm을 즐겨 들으며 소설을 좋아한다"
        ],
        "speaker2": [
          "나는 50대 여성이다.",
          "너는 여행을 좋아하지만 요즘 못 가고 있다.",
          "나는 의료직 종사자이다.",
          "나는 요즘 트로트 음악이 좋다.",
          "나는 음악 들으며 책 읽는 선 무리다. 하자만 음악 들으면 집안일은 한다."
        ]
      },
      "prevAggregatedpersonaSummary": {
        "speaker1": [],
        "speaker2": []
      }
    },
    {
      "prevSessionID": "2-00457-1",
      "prevTimeInfo": {
        "timeNum": "4",
        "timeUnit": "일"
      },
      "nthSession": "2",
      "numberOfUtterances": "14",
      "numberOfTurns": "7",
      "sessionID": "2-00457-2",
      "dialog": [
        {
          "speaker": "speaker1",
          "personaID": "51436",
          "participantID": "3247",
          "utterance": "4일만에 인사드려요 잘 지내셨나요?",
          "summary": "",
          "date": "2022-10-30",
          "time": "11:38:11",
          "terminate": "false"
        },
        {
          "speaker": "speaker2",
          "personaID": "41775",
          "participantID": "3841",
          "utterance": "네 저는 잘 지냈어요  세공사님은 그동안 어떻게 지내셨나요?",
          "summary": "",
          "date": "2022-10-30",
          "time": "11:39:35",
          "terminate": "false"
        },
        {
          "speaker": "speaker1",
          "personaID": "51436",
          "participantID": "3247",
          "utterance": "저는 매일 똑같은 일상을 보내고 있지만 조만간 연말맞이 모임이 많을꺼 같아요",
          "summary": "나는 매일 똑같은 일상이지만 조만간 연말맞이 모임이 많을 거 같다",
          "date": "2022-10-30",
          "time": "11:45:10",
          "terminate": "false"
        },
        {
          "speaker": "speaker2",
          "personaID": "41775",
          "participantID": "3841",
          "utterance": "연말이라 아무래도 모임이 생기죠. 모임하다보면 술도 빠질수 없더라구요. 술은 잘드세요?",
          "summary": "나는 연말 모임에 눈 술이 빠질 수 없다고 생각한다.",
          "date": "2022-10-30",
          "time": "12:23:41",
          "terminate": "false"
        },
        {
          "speaker": "speaker1",
          "personaID": "51436",
          "participantID": "3247",
          "utterance": "저는 술을 못마셔요 20대때는 잘 마셨는데 ....주량도 세거든요 지금은 못마시네요  @이름@은요?",
          "summary": "나는 20대 때는 술을 잘 마시고 주령도 셌다 나는 지금은 술을 못 마신다",
          "date": "2022-10-30",
          "time": "14:56:42",
          "terminate": "false"
        },
        {
          "speaker": "speaker2",
          "personaID": "41775",
          "participantID": "3841",
          "utterance": "저도 잘 마시지는 못하고 가볍게 즐기는 편이예요. 그래서 독한술 보다는 가볍게 맥주나 와인을 좋아해요.",
          "summary": "나는 술을 잘 마시지는 못하지만 즐기는 편이다.",
          "date": "2022-10-30",
          "time": "15:28:33",
          "terminate": "false"
        },
        {
          "speaker": "speaker1",
          "personaID": "51436",
          "participantID": "3247",
          "utterance": "저는 성찬식때마다 포도주 마시는게 다였는데 최근에는 무알콜 제품도 많아서 기분 낼때 무알콜 와인 마셔요",
          "summary": "나는 와인은 성찬식 때 마시는 게 다였고 최근에 기분 낼 때 무알콜 와인을 마신다",
          "date": "2022-10-30",
          "time": "16:15:13",
          "terminate": "false"
        },
        {
          "speaker": "speaker2",
          "personaID": "41775",
          "participantID": "3841",
          "utterance": "요즘은 무알콜와인 무알콜 맥주도 잘 나오더라구요. 근데 무알콜이라고해서 아예 알콜이 없는게 아니라 알콜 도수가 1도 미만이라 하더군요",
          "summary": "나는 무알코올 술도 알코올이 1도 미만이라고 들었다",
          "date": "2022-10-30",
          "time": "16:17:29",
          "terminate": "false"
        },
        {
          "speaker": "speaker1",
          "personaID": "51436",
          "participantID": "3247",
          "utterance": "아 그렇군요 웬지 취하는 느낌 나더라고요.    무알콜 맥주  종류다 정말  많더라고요",
          "summary": "",
          "date": "2022-10-30",
          "time": "17:02:23",
          "terminate": "false"
        },
        {
          "speaker": "speaker2",
          "personaID": "41775",
          "participantID": "3841",
          "utterance": "예전에는 무알콜 맥주라 해도 몇가지 종류가 없었는데 요즘은 마트가보면 무알콜 맥주 종류가 정말 많더라구요. 알콜이 있다고눈 해도 1도미만이라 술 못마시는 분들도 즐기기 좋을꺼같아요",
          "summary": "마트에 거보면 무알코올 맥주 종류가 많다. 나는 술 못 마시는 분들도 마실 수 있을 거라 생각한다.",
          "date": "2022-10-30",
          "time": "17:05:04",
          "terminate": "false"
        },
        {
          "speaker": "speaker1",
          "personaID": "51436",
          "participantID": "3247",
          "utterance": "제가 검정옷 물빠짐래 맥주가 좋다해서 마트에 갔었는데 오히려 무알콜아닌 낵주가 찾기 더 함들정도 더라고요",
          "summary": "나는 검정 옷 물 빠짐에 맥주가 좋다 해 사러 갔는데 무알콜 아닌 맥주가 찾기 더 힘들었다",
          "date": "2022-10-30",
          "time": "17:10:48",
          "terminate": "false"
        },
        {
          "speaker": "speaker2",
          "personaID": "41775",
          "participantID": "3841",
          "utterance": "종루가 다양해지며 맛도 좋아진거 같아요. 예전엔 무알콜은 좀 밍밍한 느낌이었는데 지금은 그냥 맥주와 별반 다를께 없는거 같더라구요",
          "summary": "나는 무알코올 맥주도 일반 맥주와 맛이 다르지 않다고 생각한다.",
          "date": "2022-10-30",
          "time": "18:04:42",
          "terminate": "false"
        },
        {
          "speaker": "speaker1",
          "personaID": "51436",
          "participantID": "3247",
          "utterance": "아 그렇군요 어릴땐 맥주병이 예뻐서 편의점소 종류별로 사서 목었던 가억이 나네요",
          "summary": "나는 어릴 때 맥주병이 이뻐서 종류별로 사 먹었다",
          "date": "2022-10-30",
          "time": "18:56:16",
          "terminate": "false"
        },
        {
          "speaker": "speaker2",
          "personaID": "41775",
          "participantID": "3841",
          "utterance": "저는 이만 일이 있어 가봐야겠네요",
          "summary": "",
          "date": "2022-10-30",
          "time": "19:12:41",
          "terminate": "true"
        }
      ],
      "sessionPersonaSummary": {
        "speaker1": [
          "나는 매일 똑같은 일상이지만 조만간 연말맞이 모임이 많을 거 같다",
          "나는 20대 때는 술을 잘 마시고 주령도 셌다",
          "나는 지금은 술을 못 마신다",
          "나는 와인은 성찬식 때 마시는 게 다였고 최근에 기분 낼 때 무알콜 와인을 마신다",
          "나는 검정 옷 물 빠짐에 맥주가 좋다 해 사러 갔는데 무알콜 아닌 맥주가 찾기 더 힘들었다",
          "나는 어릴 때 맥주병이 이뻐서 종류별로 사 먹었다"
        ],
        "speaker2": [
          "나는 연말 모임에 눈 술이 빠질 수 없다고 생각한다.",
          "나는 술을 잘 마시지는 못하지만 즐기는 편이다.",
          "나는 무알코올 술도 알코올이 1도 미만이라고 들었다",
          "마트에 거보면 무알코올 맥주 종류가 많다. 나는 술 못 마시는 분들도 마실 수 있을 거라 생각한다.",
          "나는 무알코올 맥주도 일반 맥주와 맛이 다르지 않다고 생각한다."
        ]
      },
      "prevAggregatedpersonaSummary": {
        "speaker1": [
          "나는 50대 여성이다",
          "나는 코로나전엔 주말을 이용해 일본이나 중국에 자주 다녀왔는데 요즘은 강아지들 데리고 국내여행을 다닌다",
          "나는 얼른 코로나가 끝났으면 좋겠다",
          "난 보석 세공사로 일하고 있다",
          "나는 발라드나 ccm을 즐겨 들으며 소설을 좋아한다"
        ],
        "speaker2": [
          "나는 50대 여성이다.",
          "너는 여행을 좋아하지만 요즘 못 가고 있다.",
          "나는 의료직 종사자이다.",
          "나는 요즘 트로트 음악이 좋다.",
          "나는 음악 들으며 책 읽는 선 무리다. 하자만 음악 들으면 집안일은 한다."
        ]
      }
    }
  ]
}