{
  "FileInfo": {
    "filename": "K2-00226-CL03427-CP01980-12-03-S2.json",
    "sessionLevel": "2"
  },
  "participantsInfo": {
    "numberOfParticipants": "2",
    "speaker1": {
      "participantID": "0089",
      "gender": "남성",
      "age": "30대",
      "occupation": "기능직",
      "bPlace": "부산/대구/울산/경상",
      "gPlace": "부산/대구/울산/경상",
      "rPlace": "부산/대구/울산/경상",
      "educationLevel": "대졸"
    },
    "speaker2": {
      "participantID": "0108",
      "gender": "여성",
      "age": "20대",
      "occupation": "무직",
      "bPlace": "광주/전라/제주",
      "gPlace": "광주/전라/제주",
      "rPlace": "광주/전라/제주",
      "educationLevel": "대졸"
    }
  },
  "multisessionInfo": {
    "multisessionID": "2-00226"
  },
  "personaInfo": {
    "clInfo": {
      "personaID": "03427",
      "personaFeatures": [
        "나는 남자이다.",
        "나는 40대이다.",
        "나의 거주지는 경기도이다.",
        "나는 정이 많다.",
        "나는 수필을 꾸준히 읽는다."
      ],
      "speakerType": "speaker1"
    },
    "cpInfo": {
      "personaID": "01980",
      "personaFeatures": [
        "나는 여자이다.",
        "나는 20대이다.",
        "나의 여자 형제는 상담 전문가이다.",
        "나는 요즘, 매일 외롭다.",
        "나는 쌀국수를 싫어한다."
      ],
      "speakerType": "speaker2"
    }
  },
  "topicInfo": {
    "topicID": "12-03",
    "topicType": "여가와 오락>여행",
    "topicTitle": "여행 계획"
  },
  "sessionInfo": [
    {
      "prevSessionID": null,
      "prevTimeInfo": {
        "timeNum": null,
        "timeUnit": null
      },
      "nthSession": "1",
      "numberOfUtterances": "16",
      "numberOfTurns": "8",
      "sessionID": "2-00226-1",
      "dialog": [
        {
          "speaker": "speaker1",
          "personaID": "03427",
          "participantID": "0089",
          "utterance": "안녕하세요 경기도에 살고있는 40대 남자입니다!",
          "summary": "나는 경기도에 사는 40대 남자이다.",
          "date": "2022-08-25",
          "time": "01:13:31",
          "terminate": "false"
        },
        {
          "speaker": "speaker2",
          "personaID": "01980",
          "participantID": "0108",
          "utterance": "안녕하세요 저는 20대 여자입니다!",
          "summary": "나는 20대 여자이다.",
          "date": "2022-08-25",
          "time": "01:13:31",
          "terminate": "false"
        },
        {
          "speaker": "speaker1",
          "personaID": "03427",
          "participantID": "0089",
          "utterance": "반가워요^^ 이번 여름철휴가 여행계획은 짜셨나요?",
          "summary": "",
          "date": "2022-08-25",
          "time": "01:13:31",
          "terminate": "false"
        },
        {
          "speaker": "speaker2",
          "personaID": "01980",
          "participantID": "0108",
          "utterance": "아~ 네 베트남여행을 친구가 가자고하는데 제가 쌀국수를 싫어해서 고민중이에요ㅠㅠ.",
          "summary": "나는 쌀국수를 싫어한다.",
          "date": "2022-08-25",
          "time": "01:13:31",
          "terminate": "false"
        },
        {
          "speaker": "speaker1",
          "personaID": "03427",
          "participantID": "0089",
          "utterance": "오 해외여행만 생각중이신가봐요? 국내여행이면 추천드릴려고 했는데.",
          "summary": "",
          "date": "2022-08-25",
          "time": "01:13:31",
          "terminate": "false"
        },
        {
          "speaker": "speaker2",
          "personaID": "01980",
          "participantID": "0108",
          "utterance": "다른 방안이 생길 수도있으니까 추천해주시겠어요?",
          "summary": "",
          "date": "2022-08-25",
          "time": "01:13:31",
          "terminate": "false"
        },
        {
          "speaker": "speaker1",
          "personaID": "03427",
          "participantID": "0089",
          "utterance": "혹시 친구들이 캠핑을 좋아하시나요? 경기도주민으로서 가평에 있는 자라섬이라고 캠핑장인데 너무 좋아요!",
          "summary": "",
          "date": "2022-08-25",
          "time": "01:13:31",
          "terminate": "false"
        },
        {
          "speaker": "speaker2",
          "personaID": "01980",
          "participantID": "0108",
          "utterance": "우와~ 저도 안그래도 가평을 가보고싶었어요! 빠지도 한번 가보고싶었고 친구한테 한번 강력하게 추진해봐야겠어요!",
          "summary": "",
          "date": "2022-08-25",
          "time": "01:13:31",
          "terminate": "false"
        },
        {
          "speaker": "speaker1",
          "personaID": "03427",
          "participantID": "0089",
          "utterance": "좋아요! 빠지도 좋긴하지만 자라섬에 캠핑으로도 여행 추천드려요^^ 제가 사실 캠핑장운영하고 있거든요.",
          "summary": "나는 캠핑장을 운영한다.",
          "date": "2022-08-25",
          "time": "01:13:31",
          "terminate": "false"
        },
        {
          "speaker": "speaker2",
          "personaID": "01980",
          "participantID": "0108",
          "utterance": "앗! 지금 저한테 영업하시는건가요?ㅎㅎ.",
          "summary": "",
          "date": "2022-08-25",
          "time": "01:13:31",
          "terminate": "false"
        },
        {
          "speaker": "speaker1",
          "personaID": "03427",
          "participantID": "0089",
          "utterance": "아닙니다~ 이것도 인연인데~ 오시면 바베큐구이는 서비스로 드리죠^^제가 정이 많은 편이라 ㅎㅎ.",
          "summary": "나는 정이 많다.",
          "date": "2022-08-25",
          "time": "01:13:31",
          "terminate": "false"
        },
        {
          "speaker": "speaker2",
          "personaID": "01980",
          "participantID": "0108",
          "utterance": "헉 정말요? 바베큐구이가 서비스라면.. 또 말이 달라지죠! 이거 정말 고민되는데요?",
          "summary": "",
          "date": "2022-08-25",
          "time": "01:13:31",
          "terminate": "false"
        },
        {
          "speaker": "speaker1",
          "personaID": "03427",
          "participantID": "0089",
          "utterance": "저 한입으로 두말 안합니다^^ 여름철에 여행객들 몰리기전에 가평으로 여행계획 세워봐요^^",
          "summary": "",
          "date": "2022-08-25",
          "time": "01:13:31",
          "terminate": "false"
        },
        {
          "speaker": "speaker2",
          "personaID": "01980",
          "participantID": "0108",
          "utterance": "저 지금 당장 친구랑 통화 좀 하고 와야겠어요!",
          "summary": "",
          "date": "2022-08-25",
          "time": "01:13:31",
          "terminate": "false"
        },
        {
          "speaker": "speaker1",
          "personaID": "03427",
          "participantID": "0089",
          "utterance": "이런 빠른 추진력^^ 칭찬합니다 짝짝.",
          "summary": "",
          "date": "2022-08-25",
          "time": "01:13:31",
          "terminate": "false"
        },
        {
          "speaker": "speaker2",
          "personaID": "01980",
          "participantID": "0108",
          "utterance": "텔레파시가 통했나 친구한테 마침 전화가 왔네요ㅎㅎ.",
          "summary": "",
          "date": "2022-08-25",
          "time": "01:13:31",
          "terminate": "true"
        }
      ],
      "sessionPersonaSummary": {
        "speaker1": [
          "나는 경기도에 사는 40대 남자이다.",
          "나는 캠핑장을 운영한다.",
          "나는 정이 많다."
        ],
        "speaker2": [
          "나는 20대 여자이다.",
          "나는 쌀국수를 싫어한다."
        ]
      },
      "prevAggregatedpersonaSummary": {
        "speaker1": [],
        "speaker2": []
      }
    },
    {
      "prevSessionID": "2-00226-1",
      "prevTimeInfo": {
        "timeNum": "1",
        "timeUnit": "시간"
      },
      "nthSession": "2",
      "numberOfUtterances": "16",
      "numberOfTurns": "8",
      "sessionID": "2-00226-2",
      "dialog": [
        {
          "speaker": "speaker1",
          "personaID": "03427",
          "participantID": "0089",
          "utterance": "네~ 통화는 잘 하고 오셨나요? 그래서 계획은 어떻게됐나요?",
          "summary": "",
          "date": "2022-08-25",
          "time": "01:13:31",
          "terminate": "false"
        },
        {
          "speaker": "speaker2",
          "personaID": "01980",
          "participantID": "0108",
          "utterance": "가평으로 계획 변경에 성공했어요!!!!!!ㅎㅎ.",
          "summary": "나는 이번 휴가를 가평으로 변경했다.",
          "date": "2022-08-25",
          "time": "01:13:31",
          "terminate": "false"
        },
        {
          "speaker": "speaker1",
          "personaID": "03427",
          "participantID": "0089",
          "utterance": "오예~! 오시기전에 연락 한번 더 주고 오시면 제가 미리 준비해 놓을게요^^",
          "summary": "",
          "date": "2022-08-25",
          "time": "01:13:31",
          "terminate": "false"
        },
        {
          "speaker": "speaker2",
          "personaID": "01980",
          "participantID": "0108",
          "utterance": "너무 감사해요~ 근데 실례지만 결혼을 하셨나요? 아니면 애인이 있으신가요?",
          "summary": "",
          "date": "2022-08-25",
          "time": "01:13:31",
          "terminate": "false"
        },
        {
          "speaker": "speaker1",
          "personaID": "03427",
          "participantID": "0089",
          "utterance": "흐흠 자랑은 아니지만 사업하고 일에 빠져사느라 사랑에는 못빠졌네요~ㅎㅎ.",
          "summary": "나는 미혼이다.",
          "date": "2022-08-25",
          "time": "01:13:31",
          "terminate": "false"
        },
        {
          "speaker": "speaker2",
          "personaID": "01980",
          "participantID": "0108",
          "utterance": "다른 사람들은 애인이랑 여행 계획을 세우는데 저는 몇년째 친구랑 여행계획을 세우니..요즘 자꾸 외롭네요..",
          "summary": "나는 요즘, 매일 외롭다.",
          "date": "2022-08-25",
          "time": "01:13:31",
          "terminate": "false"
        },
        {
          "speaker": "speaker1",
          "personaID": "03427",
          "participantID": "0089",
          "utterance": "오 그러세요? 이번에 캠팽오시면 남자일행들 옆에 자리 잡아드릴까요? ㅎㅎ 장난장난.",
          "summary": "",
          "date": "2022-08-25",
          "time": "01:13:31",
          "terminate": "false"
        },
        {
          "speaker": "speaker2",
          "personaID": "01980",
          "participantID": "0108",
          "utterance": "역시~ 눈치가 빠르신데요? 제 덫에 걸리셨어요 사장님!",
          "summary": "",
          "date": "2022-08-25",
          "time": "01:13:31",
          "terminate": "false"
        },
        {
          "speaker": "speaker1",
          "personaID": "03427",
          "participantID": "0089",
          "utterance": "에이~ 그전에 제가 먼저 채갈수도 있어요^^ 막이래.",
          "summary": "",
          "date": "2022-08-25",
          "time": "01:13:31",
          "terminate": "false"
        },
        {
          "speaker": "speaker2",
          "personaID": "01980",
          "participantID": "0108",
          "utterance": "아잇! 사실 제가 늦둥이여서 저희 언니랑 나이 차이가 조금 있는데 38살이거든요~ 한번 만나보실래요?",
          "summary": "나는 나이 차이가 많이 나는 언니가 있다.",
          "date": "2022-08-25",
          "time": "01:13:31",
          "terminate": "false"
        },
        {
          "speaker": "speaker1",
          "personaID": "03427",
          "participantID": "0089",
          "utterance": "오호 이렇게 고마운 손님은 처음이네요^^ 말이라도 고마워요! 근데 언니분은 뭐하시는 분이세요? 그냥 궁금해서요!",
          "summary": "",
          "date": "2022-08-25",
          "time": "01:13:31",
          "terminate": "false"
        },
        {
          "speaker": "speaker2",
          "personaID": "01980",
          "participantID": "0108",
          "utterance": "저희 언니가 숫기가 없어서 그렇지 되게 괜찮거든요~ 직업은 상담 전문가에요~",
          "summary": "나의 여자 형제는 상담 전문가이다.",
          "date": "2022-08-25",
          "time": "01:13:31",
          "terminate": "false"
        },
        {
          "speaker": "speaker1",
          "personaID": "03427",
          "participantID": "0089",
          "utterance": "오 그러시구나~ 이번에 캠핑오시면 라면 좀 끓여드릴게요 네개정도면 충분하죠?",
          "summary": "",
          "date": "2022-08-25",
          "time": "01:13:31",
          "terminate": "false"
        },
        {
          "speaker": "speaker2",
          "personaID": "01980",
          "participantID": "0108",
          "utterance": "자세한 얘기는 직접 찾아뵙고 말씀드릴게요^^시간이 너무 늦었어요! 얼른 주무셔야 할 것같아요!",
          "summary": "",
          "date": "2022-08-25",
          "time": "01:13:39",
          "terminate": "false"
        },
        {
          "speaker": "speaker1",
          "personaID": "03427",
          "participantID": "0089",
          "utterance": "벌써시간이 이렇게 됐네요^^ 저는 수필책좀 마저 읽다 자야겠어요 잘자요~",
          "summary": "나는 수필을 꾸준히 읽는다.",
          "date": "2022-08-25",
          "time": "01:14:06",
          "terminate": "false"
        },
        {
          "speaker": "speaker2",
          "personaID": "01980",
          "participantID": "0108",
          "utterance": "마지막까지 독서하고 잠드시는 모습 너무 젠틀하시네요~ 연락드릴게요!!",
          "summary": "",
          "date": "2022-08-25",
          "time": "01:14:45",
          "terminate": "true"
        }
      ],
      "sessionPersonaSummary": {
        "speaker1": [
          "나는 미혼이다.",
          "나는 수필을 꾸준히 읽는다."
        ],
        "speaker2": [
          "나는 이번 휴가를 가평으로 변경했다.",
          "나는 요즘, 매일 외롭다.",
          "나는 나이 차이가 많이 나는 언니가 있다.",
          "나의 여자 형제는 상담 전문가이다."
        ]
      },
      "prevAggregatedpersonaSummary": {
        "speaker1": [
          "나는 경기도에 사는 40대 남자이다.",
          "나는 캠핑장을 운영한다.",
          "나는 정이 많다."
        ],
        "speaker2": [
          "나는 20대 여자이다.",
          "나는 쌀국수를 싫어한다."
        ]
      }
    }
  ]
}