{
  "FileInfo": {
    "filename": "K2-00530-CL41492-CP41790-16-04-S2.json",
    "sessionLevel": "2"
  },
  "participantsInfo": {
    "numberOfParticipants": "2",
    "speaker1": {
      "participantID": "3264",
      "gender": "여성",
      "age": "30대",
      "occupation": "전문직",
      "bPlace": "대전/세종/충청/강원",
      "gPlace": "대전/세종/충청/강원",
      "rPlace": "대전/세종/충청/강원",
      "educationLevel": "대졸"
    },
    "speaker2": {
      "participantID": "3345",
      "gender": "여성",
      "age": "40대",
      "occupation": "주부",
      "bPlace": "부산/대구/울산/경상",
      "gPlace": "서울/경기/인천",
      "rPlace": "광주/전라/제주",
      "educationLevel": "대졸"
    }
  },
  "multisessionInfo": {
    "multisessionID": "2-00530"
  },
  "personaInfo": {
    "clInfo": {
      "personaID": "41492",
      "personaFeatures": [
        "나는 여자이다.",
        "나는 40대이다.",
        "나는 아무 데서나 잘 잔다",
        "내가 가장 기쁘던 때는 아이가 혼자서 자전거를 타게 되었을 때이다",
        "나는 TV 다큐멘터리를 좋아한다"
      ],
      "speakerType": "speaker1"
    },
    "cpInfo": {
      "personaID": "41790",
      "personaFeatures": [
        "나는 여자이다.",
        "나는 40대이다.",
        "나의 거주지는 이천이다",
        "나는 동료와 협력한다",
        "나는 블루베리를 싫어한다"
      ],
      "speakerType": "speaker2"
    }
  },
  "topicInfo": {
    "topicID": "16-04",
    "topicType": "미용과 건강>미용",
    "topicTitle": "다이어트"
  },
  "sessionInfo": [
    {
      "prevSessionID": null,
      "prevTimeInfo": {
        "timeNum": null,
        "timeUnit": null
      },
      "nthSession": "1",
      "numberOfUtterances": "14",
      "numberOfTurns": "7",
      "sessionID": "2-00530-1",
      "dialog": [
        {
          "speaker": "speaker1",
          "personaID": "41492",
          "participantID": "3264",
          "utterance": "안녕하세요. 저는 40대 여성입니다.",
          "summary": "나는 40대 여성이다.",
          "date": "2022-10-07",
          "time": "15:02:26",
          "terminate": "false"
        },
        {
          "speaker": "speaker2",
          "personaID": "41790",
          "participantID": "3345",
          "utterance": "안녕하세요.저는40대 여성입니다.",
          "summary": "나는 40대 여성이다.",
          "date": "2022-10-07",
          "time": "15:25:14",
          "terminate": "false"
        },
        {
          "speaker": "speaker1",
          "personaID": "41492",
          "participantID": "3264",
          "utterance": "반가워요. 또래네요. 저는 딸하나 키우는데 자녀가 있나요?",
          "summary": " 나는 딸 한 명을 키운다.",
          "date": "2022-10-07",
          "time": "16:13:59",
          "terminate": "false"
        },
        {
          "speaker": "speaker2",
          "personaID": "41790",
          "participantID": "3345",
          "utterance": "네 저도 아이가 둘인데 자매예요.둘이 매일싸우는데 자매가 크면 친구처럼 지내더라구요.어쨌든 지금은 힘드네요. 외동은  키우기 어떤가요?한아이에게 집중할수 있어서 좋은거 같아요,",
          "summary": "나는 딸 둘이 있는데 둘이 매일 싸워서 힘이 든다. 나는 외동은 한 명에게 집중할 수 있어 좋은 것 같다.",
          "date": "2022-10-07",
          "time": "16:17:11",
          "terminate": "false"
        },
        {
          "speaker": "speaker1",
          "personaID": "41492",
          "participantID": "3264",
          "utterance": "육아는 늘 힘들죠. 그치만 제가 가장 기쁘던 때는 아이가 혼자 자전거를 타게 되었을 때에요.",
          "summary": "나는 아이가 혼자 자전거를 타게 되었을 때가 가장 기쁘던 때이다.",
          "date": "2022-10-07",
          "time": "16:54:41",
          "terminate": "false"
        },
        {
          "speaker": "speaker2",
          "personaID": "41790",
          "participantID": "3345",
          "utterance": "아 그런 사소한 기쁨의 포인트가 있죠! 기특하기도 하구요. 혹시 즐겨하는 취미생활같은거 있나요?",
          "summary": "",
          "date": "2022-10-07",
          "time": "17:01:17",
          "terminate": "false"
        },
        {
          "speaker": "speaker1",
          "personaID": "41492",
          "participantID": "3264",
          "utterance": "그럼요. 저는 TV 다큐멘터리를 아주 좋아해요!  선생님은요?",
          "summary": "나는 TV 다큐멘터리를 좋아한다.",
          "date": "2022-10-07",
          "time": "19:48:41",
          "terminate": "false"
        },
        {
          "speaker": "speaker2",
          "personaID": "41790",
          "participantID": "3345",
          "utterance": "저는 예능과 드라마를 좋아합니다. 가끔씩 티브이로 드라마를 보는데 요즘은 피아노를 배우고 싶네요.혹시 잘치시나요?",
          "summary": "나는 예능과 드라마를 좋아하는데 요즘엔 피아노를 배우고 싶다.",
          "date": "2022-10-07",
          "time": "20:34:55",
          "terminate": "false"
        },
        {
          "speaker": "speaker1",
          "personaID": "41492",
          "participantID": "3264",
          "utterance": "피아노 기본은 치는것 쳐요.요즘은 성인반도 많이다녀요~",
          "summary": "나는 기본적인 피아노를 친다.",
          "date": "2022-10-07",
          "time": "21:07:47",
          "terminate": "false"
        },
        {
          "speaker": "speaker2",
          "personaID": "41790",
          "participantID": "3345",
          "utterance": "멋지네요.저는 이천에서 간호조무사로 일하고 있어요.혹시 하시는 일이 어떻게 되시나요",
          "summary": "나는 이천에서 간호조무사로 일하고 있다.",
          "date": "2022-10-07",
          "time": "21:09:03",
          "terminate": "false"
        },
        {
          "speaker": "speaker1",
          "personaID": "41492",
          "participantID": "3264",
          "utterance": "저는 요리선생님이에요. 요즘은 수업이 많이 피곤하네요. ",
          "summary": "나는 요리 선생님이다. 나는 요즘 수업이 많아 피곤하다.",
          "date": "2022-10-07",
          "time": "22:12:47",
          "terminate": "false"
        },
        {
          "speaker": "speaker2",
          "personaID": "41790",
          "participantID": "3345",
          "utterance": "우와 요리는 못하는데 요리에 관심은 있어요 그쪽도 분야가 많던데 일식 한식 중식 중에 어떤거 하시나요?",
          "summary": "나는 요리는 못하는데 관심은 있다.",
          "date": "2022-10-07",
          "time": "22:16:48",
          "terminate": "false"
        },
        {
          "speaker": "speaker1",
          "personaID": "41492",
          "participantID": "3264",
          "utterance": "한식이에요. 제가 아무데서나 잘자는데 오늘은 이만 자러 가볼게요.",
          "summary": "나는 한식 요리 선생님이다. 나는 아무데서나 잘 잔다.",
          "date": "2022-10-08",
          "time": "07:41:35",
          "terminate": "false"
        },
        {
          "speaker": "speaker2",
          "personaID": "41790",
          "participantID": "3345",
          "utterance": "한식이요? 저도집밥좋아하는데 정갈한 한정식 먹고싶네요. 좋은 밤 되세요~",
          "summary": "나는 집밥을 좋아하고 정갈한 한정식을 먹고 싶다.",
          "date": "2022-10-08",
          "time": "10:11:53",
          "terminate": "true"
        }
      ],
      "sessionPersonaSummary": {
        "speaker1": [
          "나는 40대 여성이다.",
          "나는 딸 한 명을 키운다.",
          "나는 아이가 혼자 자전거를 타게 되었을 때가 가장 기쁘던 때이다.",
          "나는 TV 다큐멘터리를 좋아한다.",
          "나는 기본적인 피아노를 친다.",
          "나는 요리 선생님이다. 나는 요즘 수업이 많아 피곤하다.",
          "나는 한식 요리 선생님이다. 나는 아무데서나 잘 잔다."
        ],
        "speaker2": [
          "나는 40대 여성이다.",
          "나는 딸 둘이 있는데 둘이 매일 싸워서 힘이 든다.",
          "나는 외동은 한 명에게 집중할 수 있어 좋은 것 같다.",
          "나는 예능과 드라마를 좋아하는데 요즘엔 피아노를 배우고 싶다.",
          "나는 이천에서 간호조무사로 일하고 있다.",
          "나는 요리는 못하는데 관심은 있다.",
          "나는 집밥을 좋아하고 정갈한 한정식을 먹고 싶다."
        ]
      },
      "prevAggregatedpersonaSummary": {
        "speaker1": [],
        "speaker2": []
      }
    },
    {
      "prevSessionID": "2-00530-1",
      "prevTimeInfo": {
        "timeNum": "2",
        "timeUnit": "주"
      },
      "nthSession": "2",
      "numberOfUtterances": "14",
      "numberOfTurns": "7",
      "sessionID": "2-00530-2",
      "dialog": [
        {
          "speaker": "speaker1",
          "personaID": "41492",
          "participantID": "3264",
          "utterance": "2주만이네요. 어떻게 잘지내셨나요?",
          "summary": "",
          "date": "2022-10-08",
          "time": "16:09:10",
          "terminate": "false"
        },
        {
          "speaker": "speaker2",
          "personaID": "41790",
          "participantID": "3345",
          "utterance": "안녕하세요.오늘 마침 주말이고 딸 아이들 운동회가 있어서 거기참석하고 왔어요.주말인데 뭐하시나요?",
          "summary": "나는 주말인 오늘 아이들 운동회에 참석했다.",
          "date": "2022-10-08",
          "time": "16:12:31",
          "terminate": "false"
        },
        {
          "speaker": "speaker1",
          "personaID": "41492",
          "participantID": "3264",
          "utterance": "저는 다이어트하러 가을산행왔어요~",
          "summary": "나는 다이어트를 위해 가을 산행을 왔다",
          "date": "2022-10-08",
          "time": "20:05:59",
          "terminate": "false"
        },
        {
          "speaker": "speaker2",
          "personaID": "41790",
          "participantID": "3345",
          "utterance": "등산이 체중관리에 도움되는거 같아요 산한번 타면 하루만보는 거뜬하더라구요.최근에는 못갔는데 말씀 들으니 조만간 저도 시도해야겠어요",
          "summary": "나는 등산이 체중관리에 도움 되는 것 같다. 나는 최근에 등산을 못 갔다. 나는 곧 등산을 갈 것이다.",
          "date": "2022-10-08",
          "time": "20:54:52",
          "terminate": "false"
        },
        {
          "speaker": "speaker1",
          "personaID": "41492",
          "participantID": "3264",
          "utterance": "제가 핑계를 대자면 요리선생님이다 보니 맛있는 요리를 많이 찾아 먹다보니 살이 많이 쪄서 다이어트를 시작했거든요.",
          "summary": "나는 요리 선생님을 하면서 맛있는 음식을 많이 먹다 보니 살이 쪄서 다이어트를 시작했다",
          "date": "2022-10-08",
          "time": "20:56:52",
          "terminate": "false"
        },
        {
          "speaker": "speaker2",
          "personaID": "41790",
          "participantID": "3345",
          "utterance": "하긴 직업이 맛있는 요리이니 굳이 식사를 안해도 만들면서 간보고 먹다보면 그럴것 같기도 하네요^^ 그럼 평소에 다이어트는 등산으로만 하시나요? 저는 약간 역동적인 운동을 좋아해서 줌바댄스를 즐겨하거든요",
          "summary": "나는 직업이 요리사면 굳이 식사를 안 해도 간을 보다 보면 살찔 것 같다고 생각한다. 나는 역동적인 운동을 좋아해서 줌바댄스를 즐겨한다.",
          "date": "2022-10-08",
          "time": "21:03:29",
          "terminate": "false"
        },
        {
          "speaker": "speaker1",
          "personaID": "41492",
          "participantID": "3264",
          "utterance": "다이어트 이것저것 많이 시도해보고 있어요. 주말엔 등산, 평일엔 헬스 다녀요",
          "summary": "나는 다이어트 방법 여러 가지를 시도하고 있다. 나는 주말에 등산과 헬스를 한다",
          "date": "2022-10-08",
          "time": "21:40:41",
          "terminate": "false"
        },
        {
          "speaker": "speaker2",
          "personaID": "41790",
          "participantID": "3345",
          "utterance": "건강관리를 잘하시네요.자기관리를 잘하는사람 보면 대단한거 같아요 자기를 가꾸는것도 경쟁력이고  의지가 없음 못하는거 같아요.주변사람들에게도 자극이 되구요",
          "summary": "나는 자기 관리를 잘하는 사람은 대단하다고 생각한다. 나는 자기를 가꾸는 것도 경쟁력이고 의지가 있어야 한다고 본다.",
          "date": "2022-10-09",
          "time": "12:39:08",
          "terminate": "false"
        },
        {
          "speaker": "speaker1",
          "personaID": "41492",
          "participantID": "3264",
          "utterance": "무리한 다이어트말고 건강한 다이어트하려고 한달에 2킬로씩 천천히 빼고있어요",
          "summary": "나는 건강한 다이어트를 위해 한 달에 2킬로씩 빼고 있다",
          "date": "2022-10-09",
          "time": "17:56:39",
          "terminate": "false"
        },
        {
          "speaker": "speaker2",
          "personaID": "41790",
          "participantID": "3345",
          "utterance": "나이가 드니 같은 운동량이라도 살이 덜빠지더라구요,기초대사량이 줄어서 그런가봐요.저는한달에 일키로 정도씩 빼는거로 목표삼고 있어요 살빼기위한 보조제도 많이 나와있던데 도움을 받으시나요",
          "summary": "나는 나이가 드니 살이 잘 빠지지 않는다. 나는 한 달에 일 킬로 정도씩 빼는 걸 목표로 삼고 있다.",
          "date": "2022-10-09",
          "time": "19:36:11",
          "terminate": "false"
        },
        {
          "speaker": "speaker1",
          "personaID": "41492",
          "participantID": "3264",
          "utterance": "아니요. 다이어트 양약과 한약도 있는건 건강하지 않아보여서 내키지가 않네요. 운동이 답이죠!",
          "summary": "나는 다이어트는 운동이 답이라 여기고 양약과 한약은 내키지 않는다",
          "date": "2022-10-09",
          "time": "22:56:38",
          "terminate": "false"
        },
        {
          "speaker": "speaker2",
          "personaID": "41790",
          "participantID": "3345",
          "utterance": "저는 양약 한약  둘다 복용경험이 있는데요 말씀대로 부작용도 있고 약끊으니 요요가 오더라구요",
          "summary": "나는 양약과 한약 둘 다 복용 경험이 있는데 약 끊으니 요요가 오고 부작용도 있었다.",
          "date": "2022-10-10",
          "time": "00:52:31",
          "terminate": "false"
        },
        {
          "speaker": "speaker1",
          "personaID": "41492",
          "participantID": "3264",
          "utterance": "그래도 누군가에게는 양약이나 한약도 도움이 되겠죠. 사람마다 맞는 다이어트 법을 찾으면 되는거니까요",
          "summary": "나는 사람마다 필요한 다이어트 방법을 찾아 적용시키면 되므로 누군가에게는 양약과 한약도 도움이 된다고 생각한다",
          "date": "2022-10-10",
          "time": "13:17:57",
          "terminate": "false"
        },
        {
          "speaker": "speaker2",
          "personaID": "41790",
          "participantID": "3345",
          "utterance": "고도비만 같은분들은  약도움이 필요할수도 있겠네요.지금 아이들과 외출해야되서 나가봐야돼요",
          "summary": "나는 고도비만 같은 분들은 약 도움이 필요할 수도 있다고 본다.",
          "date": "2022-10-10",
          "time": "14:45:20",
          "terminate": "true"
        }
      ],
      "sessionPersonaSummary": {
        "speaker1": [
          "나는 다이어트를 위해 가을 산행을 왔다",
          "나는 요리 선생님을 하면서 맛있는 음식을 많이 먹다 보니 살이 쪄서 다이어트를 시작했다",
          "나는 다이어트 방법 여러 가지를 시도하고 있다. 나는 주말에 등산과 헬스를 한다",
          "나는 건강한 다이어트를 위해 한 달에 2킬로씩 빼고 있다",
          "나는 다이어트는 운동이 답이라 여기고 양약과 한약은 내키지 않는다",
          "나는 사람마다 필요한 다이어트 방법을 찾아 적용시키면 되므로 누군가에게는 양약과 한약도 도움이 된다고 생각한다"
        ],
        "speaker2": [
          "나는 주말인 오늘 아이들 운동회에 참석했다.",
          "나는 등산이 체중관리에 도움 되는 것 같다. 나는 최근에 등산을 못 갔다. 나는 곧 등산을 갈 것이다.",
          "나는 직업이 요리사면 굳이 식사를 안 해도 간을 보다 보면 살찔 것 같다고 생각한다.",
          "나는 역동적인 운동을 좋아해서 줌바댄스를 즐겨한다.",
          "나는 자기 관리를 잘하는 사람은 대단하다고 생각한다.",
          "나는 자기를 가꾸는 것도 경쟁력이고 의지가 있어야 한다고 본다.",
          "나는 나이가 드니 살이 잘 빠지지 않는다. 나는 한 달에 일 킬로 정도씩 빼는 걸 목표로 삼고 있다.",
          "나는 양약과 한약 둘 다 복용 경험이 있는데 약 끊으니 요요가 오고 부작용도 있었다.",
          "나는 고도비만 같은 분들은 약 도움이 필요할 수도 있다고 본다."
        ]
      },
      "prevAggregatedpersonaSummary": {
        "speaker1": [
          "나는 40대 여성이다.",
          "나는 딸 한 명을 키운다.",
          "나는 아이가 혼자 자전거를 타게 되었을 때가 가장 기쁘던 때이다.",
          "나는 TV 다큐멘터리를 좋아한다.",
          "나는 기본적인 피아노를 친다.",
          "나는 요리 선생님이다. 나는 요즘 수업이 많아 피곤하다.",
          "나는 한식 요리 선생님이다. 나는 아무데서나 잘 잔다."
        ],
        "speaker2": [
          "나는 40대 여성이다.",
          "나는 딸 둘이 있는데 둘이 매일 싸워서 힘이 든다.",
          "나는 외동은 한 명에게 집중할 수 있어 좋은 것 같다.",
          "나는 예능과 드라마를 좋아하는데 요즘엔 피아노를 배우고 싶다.",
          "나는 이천에서 간호조무사로 일하고 있다.",
          "나는 요리는 못하는데 관심은 있다.",
          "나는 집밥을 좋아하고 정갈한 한정식을 먹고 싶다."
        ]
      }
    }
  ]
}