{
  "FileInfo": {
    "filename": "K2-00233-CL02481-CP04862-05-08-S2.json",
    "sessionLevel": "2"
  },
  "participantsInfo": {
    "numberOfParticipants": "2",
    "speaker1": {
      "participantID": "0041",
      "gender": "남성",
      "age": "30대",
      "occupation": "기타",
      "bPlace": "서울/경기/인천",
      "gPlace": "서울/경기/인천",
      "rPlace": "서울/경기/인천",
      "educationLevel": "대졸"
    },
    "speaker2": {
      "participantID": "0008",
      "gender": "여성",
      "age": "50대",
      "occupation": "자영업",
      "bPlace": "부산/대구/울산/경상",
      "gPlace": "부산/대구/울산/경상",
      "rPlace": "부산/대구/울산/경상",
      "educationLevel": "대졸"
    }
  },
  "multisessionInfo": {
    "multisessionID": "2-00233"
  },
  "personaInfo": {
    "clInfo": {
      "personaID": "02481",
      "personaFeatures": [
        "나는 남자이다.",
        "나는 30대이다.",
        "나의 어머니는 주부이다.",
        "나는 시를 꾸준히 읽는다.",
        "나는 김치볶음밥을 싫어한다."
      ],
      "speakerType": "speaker1"
    },
    "cpInfo": {
      "personaID": "04862",
      "personaFeatures": [
        "나는 여자이다.",
        "나는 50대이다.",
        "나는 종교가 없다.",
        "나는 팟타이를 좋아한다.",
        "나는 공항에 가는 게 괴롭다."
      ],
      "speakerType": "speaker2"
    }
  },
  "topicInfo": {
    "topicID": "05-08",
    "topicType": "일과 직업>군대",
    "topicTitle": "편지"
  },
  "sessionInfo": [
    {
      "prevSessionID": null,
      "prevTimeInfo": {
        "timeNum": null,
        "timeUnit": null
      },
      "nthSession": "1",
      "numberOfUtterances": "14",
      "numberOfTurns": "7",
      "sessionID": "2-00233-1",
      "dialog": [
        {
          "speaker": "speaker1",
          "personaID": "02481",
          "participantID": "0041",
          "utterance": "안녕하세요 저는 30대 남자입니다~!",
          "summary": "나는 30대 남자이다.",
          "date": "2022-08-23",
          "time": "13:17:01",
          "terminate": "false"
        },
        {
          "speaker": "speaker2",
          "personaID": "04862",
          "participantID": "0008",
          "utterance": "안녕하세요 저는 50대 여자입니다~!!!",
          "summary": "나는 50대 여자이다.",
          "date": "2022-08-23",
          "time": "13:17:07",
          "terminate": "false"
        },
        {
          "speaker": "speaker1",
          "personaID": "02481",
          "participantID": "0041",
          "utterance": "저희 어머니표 음식은 정말 너무 맛있는거 같아요..",
          "summary": "나는 어머니표 음식은 정말 맛있다.",
          "date": "2022-08-23",
          "time": "13:19:17",
          "terminate": "false"
        },
        {
          "speaker": "speaker2",
          "personaID": "04862",
          "participantID": "0008",
          "utterance": "오~ 어머니가 요리를 잘하시나봐요~ㅎㅎ.",
          "summary": "",
          "date": "2022-08-23",
          "time": "13:19:17",
          "terminate": "false"
        },
        {
          "speaker": "speaker1",
          "personaID": "02481",
          "participantID": "0041",
          "utterance": "진짜 프로 주부셔가지고.. 제가 싫어 하는 음식도 가끔 먹고싶게 만드는..",
          "summary": "나의 어머니는 주부이다.",
          "date": "2022-08-23",
          "time": "13:19:17",
          "terminate": "false"
        },
        {
          "speaker": "speaker2",
          "personaID": "04862",
          "participantID": "0008",
          "utterance": "아 진짜요? 그정도면 솜씨가 대단하신데요?",
          "summary": "",
          "date": "2022-08-23",
          "time": "13:19:17",
          "terminate": "false"
        },
        {
          "speaker": "speaker1",
          "personaID": "02481",
          "participantID": "0041",
          "utterance": "제가 오늘도 김치볶음밥 싫어 하는데. 먹게 되더라니까요.",
          "summary": "나는 김치볶음밥을 싫어한다.",
          "date": "2022-08-23",
          "time": "13:19:17",
          "terminate": "false"
        },
        {
          "speaker": "speaker2",
          "personaID": "04862",
          "participantID": "0008",
          "utterance": "아 그정도구나.. 진짜 저도 한번 어머니표 음식 먹어보고싶네요.",
          "summary": "",
          "date": "2022-08-23",
          "time": "13:19:17",
          "terminate": "false"
        },
        {
          "speaker": "speaker1",
          "personaID": "02481",
          "participantID": "0041",
          "utterance": "나중에 기회가된다면... 여튼 아주머니는 뭐하고 계셨어요?",
          "summary": "",
          "date": "2022-08-23",
          "time": "13:19:17",
          "terminate": "false"
        },
        {
          "speaker": "speaker2",
          "personaID": "04862",
          "participantID": "0008",
          "utterance": "저는 공항 픽업 가야해서~ 먼길을 가야하네요.",
          "summary": "나는 공항 픽업을 가야 한다.",
          "date": "2022-08-23",
          "time": "13:19:17",
          "terminate": "false"
        },
        {
          "speaker": "speaker1",
          "personaID": "02481",
          "participantID": "0041",
          "utterance": "누구 오셨나보네요~ 운전 하시겠네요 ~",
          "summary": "",
          "date": "2022-08-23",
          "time": "13:19:17",
          "terminate": "false"
        },
        {
          "speaker": "speaker2",
          "personaID": "04862",
          "participantID": "0008",
          "utterance": "네 남편이 출장갔다 오늘와서! 저는 공항에 가는게 괴롭네요 운전때매.",
          "summary": "나는 운전 때문에 공항에 가는 게 괴롭다.",
          "date": "2022-08-23",
          "time": "13:19:17",
          "terminate": "false"
        },
        {
          "speaker": "speaker1",
          "personaID": "02481",
          "participantID": "0041",
          "utterance": "이해하죠.. 여튼 저는 먹은거 설거지좀 하고 올께요 ~",
          "summary": "",
          "date": "2022-08-23",
          "time": "13:19:18",
          "terminate": "false"
        },
        {
          "speaker": "speaker2",
          "personaID": "04862",
          "participantID": "0008",
          "utterance": "네 알겠습니다~ 그럼 설거지 잘하고오세요~",
          "summary": "",
          "date": "2022-08-23",
          "time": "13:19:18",
          "terminate": "true"
        }
      ],
      "sessionPersonaSummary": {
        "speaker1": [
          "나는 30대 남자이다.",
          "나는 어머니표 음식은 정말 맛있다.",
          "나의 어머니는 주부이다.",
          "나는 김치볶음밥을 싫어한다."
        ],
        "speaker2": [
          "나는 50대 여자이다.",
          "나는 공항 픽업을 가야 한다.",
          "나는 운전 때문에 공항에 가는 게 괴롭다."
        ]
      },
      "prevAggregatedpersonaSummary": {
        "speaker1": [],
        "speaker2": []
      }
    },
    {
      "prevSessionID": "2-00233-1",
      "prevTimeInfo": {
        "timeNum": "1",
        "timeUnit": "일"
      },
      "nthSession": "2",
      "numberOfUtterances": "14",
      "numberOfTurns": "7",
      "sessionID": "2-00233-2",
      "dialog": [
        {
          "speaker": "speaker1",
          "personaID": "02481",
          "participantID": "0041",
          "utterance": "좋은 아침 ! 어제는 설거지하고 집안일 하다가 너무 늦어져서..",
          "summary": "",
          "date": "2022-08-23",
          "time": "13:19:18",
          "terminate": "false"
        },
        {
          "speaker": "speaker2",
          "personaID": "04862",
          "participantID": "0008",
          "utterance": "좋은아침~ ㅎㅎ 이해합니다 괜찮아요~",
          "summary": "",
          "date": "2022-08-23",
          "time": "13:19:18",
          "terminate": "false"
        },
        {
          "speaker": "speaker1",
          "personaID": "02481",
          "participantID": "0041",
          "utterance": "주말인데 뭐하실 계획이세요?",
          "summary": "",
          "date": "2022-08-23",
          "time": "13:19:18",
          "terminate": "false"
        },
        {
          "speaker": "speaker2",
          "personaID": "04862",
          "participantID": "0008",
          "utterance": "아들이 군인이라 편지한장 쓰려고요~ 화이팅하라고.",
          "summary": "나의 아들은 군인이라서 편지를 한 장 보내려고 한다.",
          "date": "2022-08-23",
          "time": "13:19:18",
          "terminate": "false"
        },
        {
          "speaker": "speaker1",
          "personaID": "02481",
          "participantID": "0041",
          "utterance": "요즘 뭐 인터넷으로 편지 쓰지 않나요?",
          "summary": "",
          "date": "2022-08-23",
          "time": "13:19:18",
          "terminate": "false"
        },
        {
          "speaker": "speaker2",
          "personaID": "04862",
          "participantID": "0008",
          "utterance": "네 요즘은 인터넷 편지로 다쓰죠ㅋㅋ.",
          "summary": "",
          "date": "2022-08-23",
          "time": "13:19:18",
          "terminate": "false"
        },
        {
          "speaker": "speaker1",
          "personaID": "02481",
          "participantID": "0041",
          "utterance": "그래도 어머니가 써주시는 편지는 다를꺼에요.",
          "summary": "",
          "date": "2022-08-23",
          "time": "13:19:18",
          "terminate": "false"
        },
        {
          "speaker": "speaker2",
          "personaID": "04862",
          "participantID": "0008",
          "utterance": "그렇겠지. 얘가 참웃긴게 내가 종교가 없어서 얘도 종교가 없는데.. 종교활동을 가더라고.",
          "summary": "나는 종교가 없다.",
          "date": "2022-08-23",
          "time": "13:19:18",
          "terminate": "false"
        },
        {
          "speaker": "speaker1",
          "personaID": "02481",
          "participantID": "0041",
          "utterance": "그게 말이 종교의 자유지. 무조건 한군데 정해야해요.",
          "summary": "",
          "date": "2022-08-23",
          "time": "13:19:27",
          "terminate": "false"
        },
        {
          "speaker": "speaker2",
          "personaID": "04862",
          "participantID": "0008",
          "utterance": "아 그렇구나.. 난 무조건인지는 몰랐네..",
          "summary": "",
          "date": "2022-08-23",
          "time": "13:19:29",
          "terminate": "false"
        },
        {
          "speaker": "speaker1",
          "personaID": "02481",
          "participantID": "0041",
          "utterance": "네~ 저는 군대때부터 지금까지 시는 꾸준히 읽어 왔던거 같아요.",
          "summary": "나는 시를 꾸준히 읽는다.",
          "date": "2022-08-23",
          "time": "13:19:43",
          "terminate": "false"
        },
        {
          "speaker": "speaker2",
          "personaID": "04862",
          "participantID": "0008",
          "utterance": "오~ 좋은 습관을 가지고있네요! 시는 항상 옳지.",
          "summary": "",
          "date": "2022-08-23",
          "time": "13:19:52",
          "terminate": "false"
        },
        {
          "speaker": "speaker1",
          "personaID": "02481",
          "participantID": "0041",
          "utterance": "네!! 저는 뭐 맛있는거 먹으러가야겠어요!!! 또연락하고 맛있는거 드세요!!",
          "summary": "",
          "date": "2022-08-23",
          "time": "13:20:02",
          "terminate": "false"
        },
        {
          "speaker": "speaker2",
          "personaID": "04862",
          "participantID": "0008",
          "utterance": "네 그래요~ 저는 팟타이 좋아해서 팟타이나 먹어야겠다~",
          "summary": "나는 팟타이를 좋아한다.",
          "date": "2022-08-23",
          "time": "13:20:04",
          "terminate": "true"
        }
      ],
      "sessionPersonaSummary": {
        "speaker1": [
          "나는 시를 꾸준히 읽는다."
        ],
        "speaker2": [
          "나의 아들은 군인이라서 편지를 한 장 보내려고 한다.",
          "나는 종교가 없다.",
          "나는 팟타이를 좋아한다."
        ]
      },
      "prevAggregatedpersonaSummary": {
        "speaker1": [
          "나는 30대 남자이다.",
          "나는 어머니표 음식은 정말 맛있다.",
          "나의 어머니는 주부이다.",
          "나는 김치볶음밥을 싫어한다."
        ],
        "speaker2": [
          "나는 50대 여자이다.",
          "나는 공항 픽업을 가야 한다.",
          "나는 운전 때문에 공항에 가는 게 괴롭다."
        ]
      }
    }
  ]
}