{
  "FileInfo": {
    "filename": "K2-00314-CL51593-CP31176-03-03-S2.json",
    "sessionLevel": "2"
  },
  "participantsInfo": {
    "numberOfParticipants": "2",
    "speaker1": {
      "participantID": "3422",
      "gender": "여성",
      "age": "40대",
      "occupation": "주부",
      "bPlace": "광주/전라/제주",
      "gPlace": "광주/전라/제주",
      "rPlace": "서울/경기/인천",
      "educationLevel": "고졸"
    },
    "speaker2": {
      "participantID": "4003",
      "gender": "남성",
      "age": "30대",
      "occupation": "기타",
      "bPlace": "부산/대구/울산/경상",
      "gPlace": "서울/경기/인천",
      "rPlace": "서울/경기/인천",
      "educationLevel": "대졸"
    }
  },
  "multisessionInfo": {
    "multisessionID": "2-00314"
  },
  "personaInfo": {
    "clInfo": {
      "personaID": "51593",
      "personaFeatures": [
        "나는 여자이다.",
        "나는 50대이다.",
        "나는 중견기업 팀장이다 ",
        "나는 가족과 만나면 싸우게 된다",
        "나는 앵무새 두 마리를 키운다"
      ],
      "speakerType": "speaker1"
    },
    "cpInfo": {
      "personaID": "31176",
      "personaFeatures": [
        "나는 남자이다.",
        "나는 30대이다.",
        "나는 국내 주식에 관심이 많다",
        "나는 식물에 관심 없다",
        "나는 동화책을 꾸준히 읽는다"
      ],
      "speakerType": "speaker2"
    }
  },
  "topicInfo": {
    "topicID": "03-03",
    "topicType": "교통",
    "topicTitle": "택시"
  },
  "sessionInfo": [
    {
      "prevSessionID": null,
      "prevTimeInfo": {
        "timeNum": null,
        "timeUnit": null
      },
      "nthSession": "1",
      "numberOfUtterances": "15",
      "numberOfTurns": "7",
      "sessionID": "2-00314-1",
      "dialog": [
        {
          "speaker": "speaker1",
          "personaID": "51593",
          "participantID": "3422",
          "utterance": "안녕하세요 중견기업팀장을 하고있는 50대 여성입니다",
          "summary": "나는 중견기업 팀장 50대 여성이다.",
          "date": "2022-10-31",
          "time": "12:00:25",
          "terminate": "false"
        },
        {
          "speaker": "speaker2",
          "personaID": "31176",
          "participantID": "4003",
          "utterance": "안녕하세요 저는 30대 남성입니다 ^^ ",
          "summary": "나는 30대 남성이다",
          "date": "2022-10-31",
          "time": "12:07:24",
          "terminate": "false"
        },
        {
          "speaker": "speaker1",
          "personaID": "51593",
          "participantID": "3422",
          "utterance": "저보다 훨씬 젊네요 ㅎㅎ저는 앵무새 두마리를 키우고 있어요",
          "summary": "나는 앵무새 두 마리를 키운다.",
          "date": "2022-10-31",
          "time": "12:10:38",
          "terminate": "false"
        },
        {
          "speaker": "speaker2",
          "personaID": "31176",
          "participantID": "4003",
          "utterance": "저도 동물을 좋아하지만 식물에는 관심이 없어요 ",
          "summary": "나는 동물은 좋아하고 식물엔 관심 없다",
          "date": "2022-10-31",
          "time": "12:16:02",
          "terminate": "false"
        },
        {
          "speaker": "speaker1",
          "personaID": "51593",
          "participantID": "3422",
          "utterance": "동물은 어떤거 키워보셨나요?귀여웠나요?",
          "summary": "",
          "date": "2022-10-31",
          "time": "12:19:50",
          "terminate": "false"
        },
        {
          "speaker": "speaker2",
          "personaID": "31176",
          "participantID": "4003",
          "utterance": "강아지 키웠는데 너무 귀여웠어요  취미는 어떤것이 있으신가요? ",
          "summary": "나는 귀여운 강아지를 키우고 있다",
          "date": "2022-10-31",
          "time": "12:24:44",
          "terminate": "false"
        },
        {
          "speaker": "speaker1",
          "personaID": "51593",
          "participantID": "3422",
          "utterance": "강아지 구엽죠 저는 앵무새 두마리를 키웁니다",
          "summary": "나는 앵무새 두 마리를 키운다.",
          "date": "2022-10-31",
          "time": "12:34:03",
          "terminate": "false"
        },
        {
          "speaker": "speaker2",
          "personaID": "31176",
          "participantID": "4003",
          "utterance": "저는 동화책을 꾸준히 읽고있어요 ",
          "summary": "나는 동화책을 읽는 게 취미이다",
          "date": "2022-10-31",
          "time": "13:57:41",
          "terminate": "false"
        },
        {
          "speaker": "speaker1",
          "personaID": "51593",
          "participantID": "3422",
          "utterance": "동화책 재미있죠 저는 요즘 가족과 만나면 싸우게 되요",
          "summary": "나는 가족과 만나면 싸운다.",
          "date": "2022-10-31",
          "time": "14:01:46",
          "terminate": "false"
        },
        {
          "speaker": "speaker2",
          "personaID": "31176",
          "participantID": "4003",
          "utterance": "저런.. 힘드시게겠어요.... 저런.... 힘드시겠어요.... 중견기업팀장님 이면 주식에도 관심이 있으신가요?",
          "summary": " 나는 주식에 관심 있나 물어봤다",
          "date": "2022-10-31",
          "time": "14:05:52",
          "terminate": "false"
        },
        {
          "speaker": "speaker1",
          "personaID": "51593",
          "participantID": "3422",
          "utterance": "아주 많죠 5년전에 -90% 간적도 있습니다 님은요?",
          "summary": "",
          "date": "2022-10-31",
          "time": "14:10:12",
          "terminate": "false"
        },
        {
          "speaker": "speaker2",
          "personaID": "31176",
          "participantID": "4003",
          "utterance": "저는 국내 주식에 관심이 많아요 ^^",
          "summary": "나는 국내 주식을 하고 있다",
          "date": "2022-10-31",
          "time": "15:49:36",
          "terminate": "false"
        },
        {
          "speaker": "speaker1",
          "personaID": "51593",
          "participantID": "3422",
          "utterance": "수익률은 좋은가요?저는 2달 전에 탈출해서 본전은 했어요",
          "summary": "",
          "date": "2022-10-31",
          "time": "15:52:30",
          "terminate": "false"
        },
        {
          "speaker": "speaker2",
          "personaID": "31176",
          "participantID": "4003",
          "utterance": "저는 수익이 났다가 잃었다가 다시 수익이 나고 있어요 ㅎㅎ 500%정도?",
          "summary": "나는 수익률이 좋다",
          "date": "2022-10-31",
          "time": "15:53:30",
          "terminate": "false"
        },
        {
          "speaker": "speaker1",
          "personaID": "51593",
          "participantID": "3422",
          "utterance": "대박~~비법 알려 주세요 한수 배울께요",
          "summary": "",
          "date": "2022-10-31",
          "time": "15:54:18",
          "terminate": "true"
        }
      ],
      "sessionPersonaSummary": {
        "speaker1": [
          "나는 중견기업 팀장 50대 여성이다.",
          "나는 앵무새 두 마리를 키운다.",
          "나는 앵무새 두 마리를 키운다.",
          "나는 가족과 만나면 싸운다."
        ],
        "speaker2": [
          "나는 30대 남성이다",
          "나는 동물은 좋아하고 식물엔 관심 없다",
          "나는 귀여운 강아지를 키우고 있다",
          "나는 동화책을 읽는 게 취미이다",
          "나는 주식에 관심 있나 물어봤다",
          "나는 국내 주식을 하고 있다",
          "나는 수익률이 좋다"
        ]
      },
      "prevAggregatedpersonaSummary": {
        "speaker1": [],
        "speaker2": []
      }
    },
    {
      "prevSessionID": "2-00314-1",
      "prevTimeInfo": {
        "timeNum": "10",
        "timeUnit": "시간"
      },
      "nthSession": "2",
      "numberOfUtterances": "14",
      "numberOfTurns": "7",
      "sessionID": "2-00314-2",
      "dialog": [
        {
          "speaker": "speaker1",
          "personaID": "51593",
          "participantID": "3422",
          "utterance": "10시간 만이군요 주식 비법좀 알려주세요",
          "summary": "10시간 만이다.",
          "date": "2022-10-31",
          "time": "16:03:49",
          "terminate": "false"
        },
        {
          "speaker": "speaker2",
          "personaID": "31176",
          "participantID": "4003",
          "utterance": "벌써 시간이 이렇게 지났네요 . 비법은 ... 비밀? ㅎㅎㅎㅎ",
          "summary": "",
          "date": "2022-10-31",
          "time": "16:17:07",
          "terminate": "false"
        },
        {
          "speaker": "speaker1",
          "personaID": "51593",
          "participantID": "3422",
          "utterance": "님 먹고 싶은고 다 말해보세요 숨기지 말고 잼만 알려주세요 ㅎ ㅎ",
          "summary": "",
          "date": "2022-10-31",
          "time": "16:23:24",
          "terminate": "false"
        },
        {
          "speaker": "speaker2",
          "personaID": "31176",
          "participantID": "4003",
          "utterance": "발목에서 사고 머리에서 파는거죠^^",
          "summary": "",
          "date": "2022-10-31",
          "time": "19:37:40",
          "terminate": "false"
        },
        {
          "speaker": "speaker1",
          "personaID": "51593",
          "participantID": "3422",
          "utterance": "음 너무 어려워요 ㅜ ㅜ 님은 택시 자주 타시나요?",
          "summary": "나는 주식이 어렵다",
          "date": "2022-10-31",
          "time": "20:33:26",
          "terminate": "false"
        },
        {
          "speaker": "speaker2",
          "personaID": "31176",
          "participantID": "4003",
          "utterance": "음 저는 택시 보다는 대중교통을 주로 이용해요 님은요? ",
          "summary": "나는 대중교통을 주로 이용한다",
          "date": "2022-10-31",
          "time": "20:35:18",
          "terminate": "false"
        },
        {
          "speaker": "speaker1",
          "personaID": "51593",
          "participantID": "3422",
          "utterance": "저는 요즘은 이용 안하지만 20대때는 주로 택시를 탔어요",
          "summary": "나는 20대에 주로 택시를 탔다.",
          "date": "2022-10-31",
          "time": "20:39:21",
          "terminate": "false"
        },
        {
          "speaker": "speaker2",
          "personaID": "31176",
          "participantID": "4003",
          "utterance": "그렇군요 ~ 택시가 편하긴 하죠.  하지만 서울 시내는 지하철이 빨라서 지하철 애용합니다 ^^ ",
          "summary": "나는 지하철을 이용한다",
          "date": "2022-10-31",
          "time": "21:09:12",
          "terminate": "false"
        },
        {
          "speaker": "speaker1",
          "personaID": "51593",
          "participantID": "3422",
          "utterance": "서울은 지하철이 너무 잘되어 있어요 저도 서울에 살때는 차가 없었는데 경기도권으로 이사온 후로 차를 샀어요",
          "summary": "나는 경기도에 이사 온 뒤 차를 샀다.",
          "date": "2022-10-31",
          "time": "21:12:19",
          "terminate": "false"
        },
        {
          "speaker": "speaker2",
          "personaID": "31176",
          "participantID": "4003",
          "utterance": "그렇군요. 저도 이번에 국내 주식에 관심을 가지큰 돈이 그렇군요. 저도 이번에 주식으로 번돈으로 차 한대 사야겠어요 ^^",
          "summary": " 나는 차 한 대 사려고 한다",
          "date": "2022-10-31",
          "time": "21:19:22",
          "terminate": "false"
        },
        {
          "speaker": "speaker1",
          "personaID": "51593",
          "participantID": "3422",
          "utterance": "저도 같이 벌어서 차 한대 사고 싶어요 자랑만 하지마시고 어느 주식 샀나요?",
          "summary": "나는 차를 사고 싶다.",
          "date": "2022-10-31",
          "time": "21:20:53",
          "terminate": "false"
        },
        {
          "speaker": "speaker2",
          "personaID": "31176",
          "participantID": "4003",
          "utterance": "국내 주식에 관심이 많아서 주로 국내 대기업 주식위주로 샀어요 ^^",
          "summary": "나는 국내 주식에 관심이 많다",
          "date": "2022-10-31",
          "time": "21:22:01",
          "terminate": "false"
        },
        {
          "speaker": "speaker1",
          "personaID": "51593",
          "participantID": "3422",
          "utterance": "그럼  구매한지 오래되었을까요?택시타고 달려가고 싶네요",
          "summary": "나는 택시 타고 가고 싶다.",
          "date": "2022-10-31",
          "time": "21:23:07",
          "terminate": "false"
        },
        {
          "speaker": "speaker2",
          "personaID": "31176",
          "participantID": "4003",
          "utterance": "올해 장이 안좋을때 사놓고 지금은 계속 올라가는 거 지켜보고있어요.  집도 사고 차도 사고 동화책도 사고 읽고 여가를 즐겨야겠어요^^",
          "summary": " 나는 여가를 즐겨야겠다",
          "date": "2022-10-31",
          "time": "21:27:37",
          "terminate": "true"
        }
      ],
      "sessionPersonaSummary": {
        "speaker1": [
          "10시간 만이다.",
          "나는 주식이 어렵다",
          "나는 20대에 주로 택시를 탔다.",
          "나는 경기도에 이사 온 뒤 차를 샀다.",
          "나는 차를 사고 싶다.",
          "나는 택시 타고 가고 싶다."
        ],
        "speaker2": [
          "나는 대중교통을 주로 이용한다",
          "나는 지하철을 이용한다",
          "나는 차 한 대 사려고 한다",
          "나는 국내 주식에 관심이 많다",
          "나는 여가를 즐겨야겠다"
        ]
      },
      "prevAggregatedpersonaSummary": {
        "speaker1": [
          "나는 중견기업 팀장 50대 여성이다.",
          "나는 앵무새 두 마리를 키운다.",
          "나는 앵무새 두 마리를 키운다.",
          "나는 가족과 만나면 싸운다."
        ],
        "speaker2": [
          "나는 30대 남성이다",
          "나는 동물은 좋아하고 식물엔 관심 없다",
          "나는 귀여운 강아지를 키우고 있다",
          "나는 동화책을 읽는 게 취미이다",
          "나는 주식에 관심 있나 물어봤다",
          "나는 국내 주식을 하고 있다",
          "나는 수익률이 좋다"
        ]
      }
    }
  ]
}