{
  "FileInfo": {
    "filename": "K2-00327-CL30650-CP31998-05-01-S2.json",
    "sessionLevel": "2"
  },
  "participantsInfo": {
    "numberOfParticipants": "2",
    "speaker1": {
      "participantID": "0592",
      "gender": "남성",
      "age": "30대",
      "occupation": "전문직",
      "bPlace": "서울/경기/인천",
      "gPlace": "서울/경기/인천",
      "rPlace": "서울/경기/인천",
      "educationLevel": "대학원졸"
    },
    "speaker2": {
      "participantID": "0537",
      "gender": "여성",
      "age": "30대",
      "occupation": "무직",
      "bPlace": "서울/경기/인천",
      "gPlace": "서울/경기/인천",
      "rPlace": "서울/경기/인천",
      "educationLevel": "고졸"
    }
  },
  "multisessionInfo": {
    "multisessionID": "2-00327"
  },
  "personaInfo": {
    "clInfo": {
      "personaID": "30650",
      "personaFeatures": [
        "나는 남자이다.",
        "나는 30대이다.",
        "나는 경리사무원이다.",
        "나는 가끔 짜증이 난다.",
        "나는 단감을 안 먹는다."
      ],
      "speakerType": "speaker1"
    },
    "cpInfo": {
      "personaID": "31998",
      "personaFeatures": [
        "나는 여자이다.",
        "나는 30대이다.",
        "나는 스페인어학과를 전공했다.",
        "나는 매우 적극적이다.",
        "나는 위스키를 좋아한다."
      ],
      "speakerType": "speaker2"
    }
  },
  "topicInfo": {
    "topicID": "05-01",
    "topicType": "일과 직업>군대",
    "topicTitle": "군대 생활"
  },
  "sessionInfo": [
    {
      "prevSessionID": null,
      "prevTimeInfo": {
        "timeNum": null,
        "timeUnit": null
      },
      "nthSession": "1",
      "numberOfUtterances": "16",
      "numberOfTurns": "8",
      "sessionID": "2-00327-1",
      "dialog": [
        {
          "speaker": "speaker1",
          "personaID": "30650",
          "participantID": "0592",
          "utterance": "반가워요. 저는 30대 남자입니다. 그쪽은요?",
          "summary": "나는 30대 남자이다.",
          "date": "2022-09-30",
          "time": "22:59:06",
          "terminate": "false"
        },
        {
          "speaker": "speaker2",
          "personaID": "31998",
          "participantID": "0537",
          "utterance": "안녕하신가요. 저는 30대 여자에요.",
          "summary": "나는 30대 여자이다.",
          "date": "2022-09-30",
          "time": "22:59:14",
          "terminate": "false"
        },
        {
          "speaker": "speaker1",
          "personaID": "30650",
          "participantID": "0592",
          "utterance": "안녕하세요~ 요즘 어떤 일 하시고 있나요?",
          "summary": "",
          "date": "2022-09-30",
          "time": "22:59:19",
          "terminate": "false"
        },
        {
          "speaker": "speaker2",
          "personaID": "31998",
          "participantID": "0537",
          "utterance": "저는 스페인어 학과 나와서 백수랍니다. ㅎㅎ.",
          "summary": "나는 스페인어학과를 전공했다.",
          "date": "2022-09-30",
          "time": "22:59:31",
          "terminate": "false"
        },
        {
          "speaker": "speaker1",
          "personaID": "30650",
          "participantID": "0592",
          "utterance": "그렇군요... 요즘 힘드시겠다. 저는 경리 일을 하고있어요.",
          "summary": "나는 경리사무원이다.",
          "date": "2022-09-30",
          "time": "22:59:39",
          "terminate": "false"
        },
        {
          "speaker": "speaker2",
          "personaID": "31998",
          "participantID": "0537",
          "utterance": "그러시군요. 요즘에 힘들어서 위스키를 마시고있어요.",
          "summary": "나는 위스키를 좋아한다.",
          "date": "2022-09-30",
          "time": "22:59:56",
          "terminate": "false"
        },
        {
          "speaker": "speaker1",
          "personaID": "30650",
          "participantID": "0592",
          "utterance": "엄청 힘드신가보네요... 걱정이 되네요. 구직은 좀 해보셨나요?",
          "summary": "",
          "date": "2022-09-30",
          "time": "23:00:03",
          "terminate": "false"
        },
        {
          "speaker": "speaker2",
          "personaID": "31998",
          "participantID": "0537",
          "utterance": "거기 자리한자리 좀 있을까요? 제가 좀 적극적이라 물어보는거에요~",
          "summary": "나는 매우 적극적이다.",
          "date": "2022-09-30",
          "time": "23:00:19",
          "terminate": "false"
        },
        {
          "speaker": "speaker1",
          "personaID": "30650",
          "participantID": "0592",
          "utterance": "아ㅋㅋㅋ. 저희 회사에 자리 있으면 연락드리겠습니다~",
          "summary": "",
          "date": "2022-09-30",
          "time": "23:00:22",
          "terminate": "false"
        },
        {
          "speaker": "speaker2",
          "personaID": "31998",
          "participantID": "0537",
          "utterance": "그건 없다는거네요~ ㅎㅎ. 참 말은 잘하셔.",
          "summary": "",
          "date": "2022-09-30",
          "time": "23:00:47",
          "terminate": "false"
        },
        {
          "speaker": "speaker1",
          "personaID": "30650",
          "participantID": "0592",
          "utterance": "요즘 저희 회사도 빡빡해서. 요즘 가끔 짜증이 나네요 ㅎㅎ...",
          "summary": "나는 가끔 짜증이 난다.",
          "date": "2022-09-30",
          "time": "23:00:56",
          "terminate": "false"
        },
        {
          "speaker": "speaker2",
          "personaID": "31998",
          "participantID": "0537",
          "utterance": "아이고 그러시구나.. 좋아하는 음식은 있으세요?",
          "summary": "",
          "date": "2022-09-30",
          "time": "23:01:14",
          "terminate": "false"
        },
        {
          "speaker": "speaker1",
          "personaID": "30650",
          "participantID": "0592",
          "utterance": "저는 홍시를 좋아해요~ 단게 참 좋더라고요~",
          "summary": "나는 홍시를 좋아한다.",
          "date": "2022-09-30",
          "time": "23:01:16",
          "terminate": "false"
        },
        {
          "speaker": "speaker2",
          "personaID": "31998",
          "participantID": "0537",
          "utterance": "저는 그래서 단감을 엄청 좋아해요 ㅎㅎ.",
          "summary": "",
          "date": "2022-09-30",
          "time": "23:01:34",
          "terminate": "false"
        },
        {
          "speaker": "speaker1",
          "personaID": "30650",
          "participantID": "0592",
          "utterance": "저는 단감은 떫어서 안먹네요 ㅎㅎ. 그러면 다음에 또 얘기 나눠요~",
          "summary": "나는 단감을 안 먹는다.",
          "date": "2022-09-30",
          "time": "23:01:35",
          "terminate": "false"
        },
        {
          "speaker": "speaker2",
          "personaID": "31998",
          "participantID": "0537",
          "utterance": "떫은거 싫어하시는구나. 저는 그래서 익혀먹어요.",
          "summary": "",
          "date": "2022-09-30",
          "time": "23:01:51",
          "terminate": "true"
        }
      ],
      "sessionPersonaSummary": {
        "speaker1": [
          "나는 30대 남자이다.",
          "나는 경리사무원이다.",
          "나는 가끔 짜증이 난다.",
          "나는 홍시를 좋아한다.",
          "나는 단감을 안 먹는다."
        ],
        "speaker2": [
          "나는 30대 여자이다.",
          "나는 스페인어학과를 전공했다.",
          "나는 위스키를 좋아한다.",
          "나는 매우 적극적이다."
        ]
      },
      "prevAggregatedpersonaSummary": {
        "speaker1": [],
        "speaker2": []
      }
    },
    {
      "prevSessionID": "2-00327-1",
      "prevTimeInfo": {
        "timeNum": "1",
        "timeUnit": "일"
      },
      "nthSession": "2",
      "numberOfUtterances": "16",
      "numberOfTurns": "8",
      "sessionID": "2-00327-2",
      "dialog": [
        {
          "speaker": "speaker1",
          "personaID": "30650",
          "participantID": "0592",
          "utterance": "하루만이에요. 요즘 잘 지내시고 계셨나요?",
          "summary": "",
          "date": "2022-09-30",
          "time": "23:01:57",
          "terminate": "false"
        },
        {
          "speaker": "speaker2",
          "personaID": "31998",
          "participantID": "0537",
          "utterance": "구직 열심히 하고있네요~ 어떻게 지내세요?",
          "summary": "나는 구직 중이다.",
          "date": "2022-09-30",
          "time": "23:02:12",
          "terminate": "false"
        },
        {
          "speaker": "speaker1",
          "personaID": "30650",
          "participantID": "0592",
          "utterance": "저는 오늘도 회사 나왔어요 ㅋㅋ. 점심 시간이네요~",
          "summary": "",
          "date": "2022-09-30",
          "time": "23:02:19",
          "terminate": "false"
        },
        {
          "speaker": "speaker2",
          "personaID": "31998",
          "participantID": "0537",
          "utterance": "바쁘게 지내시네요~ 참 부러워요. 질투나네요.",
          "summary": "나는 가끔 질투가 난다.",
          "date": "2022-09-30",
          "time": "23:02:37",
          "terminate": "false"
        },
        {
          "speaker": "speaker1",
          "personaID": "30650",
          "participantID": "0592",
          "utterance": "직원들이 모여서 군대 얘기 하는차라 질려서 나와있어요.",
          "summary": "나는 군대 얘기가 질린다.",
          "date": "2022-09-30",
          "time": "23:02:44",
          "terminate": "false"
        },
        {
          "speaker": "speaker2",
          "personaID": "31998",
          "participantID": "0537",
          "utterance": "그러시구나 보통 군대 이야기 재밌어하지않나요?",
          "summary": "",
          "date": "2022-09-30",
          "time": "23:03:00",
          "terminate": "false"
        },
        {
          "speaker": "speaker1",
          "personaID": "30650",
          "participantID": "0592",
          "utterance": "공장에서 일을 하는데 아저씨들이 다들 들은 얘기만 계속 하네요.",
          "summary": "",
          "date": "2022-09-30",
          "time": "23:03:06",
          "terminate": "false"
        },
        {
          "speaker": "speaker2",
          "personaID": "31998",
          "participantID": "0537",
          "utterance": "그럼 질릴만도 하네요~ 왜들 그렇게 같은애기만 할까요~",
          "summary": "",
          "date": "2022-09-30",
          "time": "23:03:24",
          "terminate": "false"
        },
        {
          "speaker": "speaker1",
          "personaID": "30650",
          "participantID": "0592",
          "utterance": "속으로 또 시작이네 싶어서 그냥 나와있어요 ㅋㅋ.",
          "summary": "",
          "date": "2022-09-30",
          "time": "23:03:26",
          "terminate": "false"
        },
        {
          "speaker": "speaker2",
          "personaID": "31998",
          "participantID": "0537",
          "utterance": "담배 한대 태우시고 들어가시면 끝나있겠어요~",
          "summary": "",
          "date": "2022-09-30",
          "time": "23:03:48",
          "terminate": "false"
        },
        {
          "speaker": "speaker1",
          "personaID": "30650",
          "participantID": "0592",
          "utterance": "공장장님 얘기는 듣다보면 한 5년은 되는거같아요~",
          "summary": "나는 공장에서 일한다.",
          "date": "2022-09-30",
          "time": "23:03:52",
          "terminate": "false"
        },
        {
          "speaker": "speaker2",
          "personaID": "31998",
          "participantID": "0537",
          "utterance": "공장장님은 말 잘 들어야 점수 잘따죠~ ㅎㅎ.",
          "summary": "",
          "date": "2022-09-30",
          "time": "23:04:32",
          "terminate": "false"
        },
        {
          "speaker": "speaker1",
          "personaID": "30650",
          "participantID": "0592",
          "utterance": "그렇죠 ㅎㅎ. 저도 그러면 들어가서 좀 액션 좀 해야겠네요...",
          "summary": "",
          "date": "2022-09-30",
          "time": "23:04:38",
          "terminate": "false"
        },
        {
          "speaker": "speaker2",
          "personaID": "31998",
          "participantID": "0537",
          "utterance": "사회생활이 다 그런거죠 뭐~ 힘내세요.",
          "summary": "",
          "date": "2022-09-30",
          "time": "23:04:55",
          "terminate": "false"
        },
        {
          "speaker": "speaker1",
          "personaID": "30650",
          "participantID": "0592",
          "utterance": "그러면 다음에 또 봐요! 구직 잘 될거에요~",
          "summary": "",
          "date": "2022-09-30",
          "time": "23:04:58",
          "terminate": "false"
        },
        {
          "speaker": "speaker2",
          "personaID": "31998",
          "participantID": "0537",
          "utterance": "그러면 다음에 이야기 하도록해요. 잘 지내세요.",
          "summary": "",
          "date": "2022-09-30",
          "time": "23:05:06",
          "terminate": "true"
        }
      ],
      "sessionPersonaSummary": {
        "speaker1": [
          "나는 군대 얘기가 질린다.",
          "나는 공장에서 일한다."
        ],
        "speaker2": [
          "나는 구직 중이다.",
          "나는 가끔 질투가 난다."
        ]
      },
      "prevAggregatedpersonaSummary": {
        "speaker1": [
          "나는 30대 남자이다.",
          "나는 경리사무원이다.",
          "나는 가끔 짜증이 난다.",
          "나는 홍시를 좋아한다.",
          "나는 단감을 안 먹는다."
        ],
        "speaker2": [
          "나는 30대 여자이다.",
          "나는 스페인어학과를 전공했다.",
          "나는 위스키를 좋아한다.",
          "나는 매우 적극적이다."
        ]
      }
    }
  ]
}