{
  "FileInfo": {
    "filename": "K2-00311-CL20132-CP52112-16-14-S2.json",
    "sessionLevel": "2"
  },
  "participantsInfo": {
    "numberOfParticipants": "2",
    "speaker1": {
      "participantID": "3478",
      "gender": "남성",
      "age": "10대",
      "occupation": "학생",
      "bPlace": "부산/대구/울산/경상",
      "gPlace": "부산/대구/울산/경상",
      "rPlace": "부산/대구/울산/경상",
      "educationLevel": "중졸"
    },
    "speaker2": {
      "participantID": "3313",
      "gender": "여성",
      "age": "40대",
      "occupation": "주부",
      "bPlace": "대전/세종/충청/강원",
      "gPlace": "서울/경기/인천",
      "rPlace": "서울/경기/인천",
      "educationLevel": "고졸"
    }
  },
  "multisessionInfo": {
    "multisessionID": "2-00311"
  },
  "personaInfo": {
    "clInfo": {
      "personaID": "20132",
      "personaFeatures": [
        "나는 남자이다.",
        "나는 20대이다.",
        "나는 소주를 싫어한다",
        "나는 요리를 좋아한다",
        "나는 복숭아를 싫어한다"
      ],
      "speakerType": "speaker1"
    },
    "cpInfo": {
      "personaID": "52112",
      "personaFeatures": [
        "나는 여자이다.",
        "나는 50대이다.",
        "나는 아파트 관리소 직원이다",
        "나는 헬스를 좋아한다",
        "나는 무화과를 즐겨 먹는다"
      ],
      "speakerType": "speaker2"
    }
  },
  "topicInfo": {
    "topicID": "16-14",
    "topicType": "미용과 건강>미용",
    "topicTitle": "주름"
  },
  "sessionInfo": [
    {
      "prevSessionID": null,
      "prevTimeInfo": {
        "timeNum": null,
        "timeUnit": null
      },
      "nthSession": "1",
      "numberOfUtterances": "14",
      "numberOfTurns": "7",
      "sessionID": "2-00311-1",
      "dialog": [
        {
          "speaker": "speaker1",
          "personaID": "20132",
          "participantID": "3478",
          "utterance": "안녕하세요 저는 20대 남성입니다",
          "summary": "나는 20대 남성이다.",
          "date": "2022-10-13",
          "time": "14:42:53",
          "terminate": "false"
        },
        {
          "speaker": "speaker2",
          "personaID": "52112",
          "participantID": "3313",
          "utterance": "반가워요 저는 50대 여성이에요",
          "summary": "나는 50대 여성이다.",
          "date": "2022-10-13",
          "time": "14:44:24",
          "terminate": "false"
        },
        {
          "speaker": "speaker1",
          "personaID": "20132",
          "participantID": "3478",
          "utterance": "저는 소주를 싫어하는데 그쪽은 좋아하시나요?",
          "summary": "나는 소주를 싫어한다",
          "date": "2022-10-14",
          "time": "19:00:27",
          "terminate": "false"
        },
        {
          "speaker": "speaker2",
          "personaID": "52112",
          "participantID": "3313",
          "utterance": "네 저는 그다지 좋아하진않는데 먹긴해요~ 혹시 무화과 좋아하세요? 저는 무화과를 즐겨 먹어요 ... 그리고 헬스를 참 좋아해요~",
          "summary": "나는 술을 그다지 좋아하지 않지만 먹긴 한다. 나는 무화과를 즐겨 먹는다. 나는 헬스를 좋아한다.",
          "date": "2022-10-14",
          "time": "19:05:24",
          "terminate": "false"
        },
        {
          "speaker": "speaker1",
          "personaID": "20132",
          "participantID": "3478",
          "utterance": "무화과는 딱히 좋아하지 않네요, 대신 저는 요리하는 것을 좋아하는데 그쪽은 요리 좋아하시나요?",
          "summary": "나는 무화과는 좋아하지 않는다 나는 요리하는 것을 좋아한다",
          "date": "2022-10-14",
          "time": "19:08:07",
          "terminate": "false"
        },
        {
          "speaker": "speaker2",
          "personaID": "52112",
          "participantID": "3313",
          "utterance": "아 그러시군요~ 요리 를 매일 해서 전 힘들어요~ 좋아하긴 하는데 매일 하니깐 힘드네요~  제가 아파트 관리소 직원인데요~ 일도 하고 가사도 하려니 힘드네요~",
          "summary": "나는 요리를 매일 해서 힘들지만 좋아한다. 나는 아파트 관리소 직원이다.",
          "date": "2022-10-14",
          "time": "19:15:49",
          "terminate": "false"
        },
        {
          "speaker": "speaker1",
          "personaID": "20132",
          "participantID": "3478",
          "utterance": "그렇군요, 저는 복숭아를 싫어하는데 그쪽은 좋아하시나요?",
          "summary": "나는 복숭아를 싫어한다",
          "date": "2022-10-14",
          "time": "19:17:51",
          "terminate": "false"
        },
        {
          "speaker": "speaker2",
          "personaID": "52112",
          "participantID": "3313",
          "utterance": "저는 복숭아 좋아해요~ 무화과도 좋아하구요~ 무화과를 더 즐겨 먹긴해요~  어떤 요리 즐겨 하세요? 먹어보고 싶네요",
          "summary": "나는 복숭아를 좋아한다.",
          "date": "2022-10-14",
          "time": "19:31:53",
          "terminate": "false"
        },
        {
          "speaker": "speaker1",
          "personaID": "20132",
          "participantID": "3478",
          "utterance": "저는 양식 요리를 합니다, 혹시 어디 사시나요?",
          "summary": "나는 양식요리를 좋아한다",
          "date": "2022-10-14",
          "time": "19:32:15",
          "terminate": "false"
        },
        {
          "speaker": "speaker2",
          "personaID": "52112",
          "participantID": "3313",
          "utterance": "아 그러시군아 멋지신데요 요리하시는 남성~ !!! 저는 강릉에 살아요~ 님은 어디에 사세요?",
          "summary": "나는 강릉에 살고 있다",
          "date": "2022-10-14",
          "time": "19:50:18",
          "terminate": "false"
        },
        {
          "speaker": "speaker1",
          "personaID": "20132",
          "participantID": "3478",
          "utterance": "저는 김해에 삽니다, 종교를 믿으시나요?",
          "summary": "나는 김해에 산다",
          "date": "2022-10-14",
          "time": "20:14:30",
          "terminate": "false"
        },
        {
          "speaker": "speaker2",
          "personaID": "52112",
          "participantID": "3313",
          "utterance": "아니요! 저는 무교에요 종교가 있으세요? 근데 제 주변에도 종교를 믿는 친구들이 많아요!",
          "summary": "나는 종교가 없다. 나의 주변엔 종교를 믿는 친구들이 많다.",
          "date": "2022-10-15",
          "time": "15:33:44",
          "terminate": "false"
        },
        {
          "speaker": "speaker1",
          "personaID": "20132",
          "participantID": "3478",
          "utterance": "아 저는 개신교입니다, 마지막으로 여행 가보신 곳 중 가장 좋았던 곳이 어디였나요?",
          "summary": "나는 개신교이다",
          "date": "2022-10-15",
          "time": "17:28:59",
          "terminate": "false"
        },
        {
          "speaker": "speaker2",
          "personaID": "52112",
          "participantID": "3313",
          "utterance": "아 그러시군요~ 마지막이요? 삼천포에 여행간것이 좋았던거 같아요~  시간이 다 됐네요ㅠㅠ다음에 또 연락드릴게요~",
          "summary": "나는 삼천포에 여행 갔던 것이 좋았었다.",
          "date": "2022-10-16",
          "time": "00:29:22",
          "terminate": "true"
        }
      ],
      "sessionPersonaSummary": {
        "speaker1": [
          "나는 20대 남성이다.",
          "나는 소주를 싫어한다",
          "나는 무화과는 좋아하지 않는다 나는 요리하는 것을 좋아한다",
          "나는 복숭아를 싫어한다",
          "나는 양식요리를 좋아한다",
          "나는 김해에 산다",
          "나는 개신교이다"
        ],
        "speaker2": [
          "나는 50대 여성이다.",
          "나는 술을 그다지 좋아하지 않지만 먹긴 한다. 나는 무화과를 즐겨 먹는다. 나는 헬스를 좋아한다.",
          "나는 요리를 매일 해서 힘들지만 좋아한다.",
          "나는 아파트 관리소 직원이다.",
          "나는 복숭아를 좋아한다.",
          "나는 강릉에 살고 있다",
          "나는 종교가 없다.",
          "나의 주변엔 종교를 믿는 친구들이 많다.",
          "나는 삼천포에 여행 갔던 것이 좋았었다."
        ]
      },
      "prevAggregatedpersonaSummary": {
        "speaker1": [],
        "speaker2": []
      }
    },
    {
      "prevSessionID": "2-00311-1",
      "prevTimeInfo": {
        "timeNum": "1",
        "timeUnit": "주"
      },
      "nthSession": "2",
      "numberOfUtterances": "14",
      "numberOfTurns": "7",
      "sessionID": "2-00311-2",
      "dialog": [
        {
          "speaker": "speaker1",
          "personaID": "20132",
          "participantID": "3478",
          "utterance": "일주일만에 연락드려요~ 잘지내셨죠? 근데 혹시 그쪽은 주름이 많으신 편인가요? 헬스를 좋아하셔서 운동을 자주 하니 주름이 별로 없을 것 같긴하네요~^^",
          "summary": "",
          "date": "2022-10-16",
          "time": "13:55:37",
          "terminate": "false"
        },
        {
          "speaker": "speaker2",
          "personaID": "52112",
          "participantID": "3313",
          "utterance": "아닙니다 나이가 나이인지라 주름이 꽤 있어요",
          "summary": "나는 나이가 앗다 보니 주름이 꽤 있다",
          "date": "2022-10-17",
          "time": "11:00:52",
          "terminate": "false"
        },
        {
          "speaker": "speaker1",
          "personaID": "20132",
          "participantID": "3478",
          "utterance": "저도 날이 갈수록 얼굴에 주름이 생기는거 같아서 걱정이에요",
          "summary": "나는 얼굴에 주름이 생기는 것 같아 걱정이다",
          "date": "2022-10-17",
          "time": "12:16:36",
          "terminate": "false"
        },
        {
          "speaker": "speaker2",
          "personaID": "52112",
          "participantID": "3313",
          "utterance": "어머 20대 이신데 벌써 걱정이세요? 저는 뭐 주름 30부터 포기 했네요~ ㅎ",
          "summary": "",
          "date": "2022-10-17",
          "time": "12:30:20",
          "terminate": "false"
        },
        {
          "speaker": "speaker1",
          "personaID": "20132",
          "participantID": "3478",
          "utterance": "20대 치고 주름이 빨리 생기는거 같아서요, 혹시 늦출 수 있는 방법이 있을까요?",
          "summary": "나는 20대인데 주름이 빨리 생기는 것 같다",
          "date": "2022-10-17",
          "time": "13:37:21",
          "terminate": "false"
        },
        {
          "speaker": "speaker2",
          "personaID": "52112",
          "participantID": "3313",
          "utterance": "아 정말요? 저녁에 잘때 꼭수분크림 듬뿍 바르고 자세요~ 나이에 맞게  써야 하더라구요~ 제가 젊었을때 주로 어른들이 쓰는 주름 이랑 보습 개선 크림 썼는데 여드름 나고 난리가 났었거든요 아무래도 팩도 자주 하고 피부에 보습관리 꾸준히 해주면 나아지지 않을까요?",
          "summary": "나는 어릴 때 보습 개선 크림을 썼는데 여드름이 나는 등 부작용 때문에 고생을 했다",
          "date": "2022-10-17",
          "time": "13:50:16",
          "terminate": "false"
        },
        {
          "speaker": "speaker1",
          "personaID": "20132",
          "participantID": "3478",
          "utterance": "그런가요, 하긴 제가 평소에 피부에 전혀 신경을 쓰지 않긴 했어요.",
          "summary": "나는 평소에 피부에 신경을 안 쓰는 것 같다",
          "date": "2022-10-17",
          "time": "14:01:55",
          "terminate": "false"
        },
        {
          "speaker": "speaker2",
          "personaID": "52112",
          "participantID": "3313",
          "utterance": "네 저도 20대 땐 잘 안신경 썼어요~ 뭐 그냥 존슨즈나 바르곤 말았죠 그땐 피부 관리 라곤 생각하지 않았는걸요~ ",
          "summary": "나는 20대 때는 피부에 그다지 신경 쓰지 않았다.",
          "date": "2022-10-17",
          "time": "14:04:58",
          "terminate": "false"
        },
        {
          "speaker": "speaker1",
          "personaID": "20132",
          "participantID": "3478",
          "utterance": "약간 후회됩니다, 20대 후반만 되도 피부가 쪼그라드는게 느껴질 정도니까요",
          "summary": "나는 피부에 신경을 안 써서 후회된다",
          "date": "2022-10-17",
          "time": "14:05:51",
          "terminate": "false"
        },
        {
          "speaker": "speaker2",
          "personaID": "52112",
          "participantID": "3313",
          "utterance": "아 정말요? 20때 부터 관리 하면 제 나이때 쯤 정말 피부가 좋아지실꺼라 믿습니다 저는 좀 일찍 관리좀 할껄 그랬거든요 제가 잔주름이 많은 편이라",
          "summary": "나는 20대부터 관리하면 피부가 좋아질 거라 믿는다. 나는 잔주름이 많은 편이다.",
          "date": "2022-10-17",
          "time": "14:14:35",
          "terminate": "false"
        },
        {
          "speaker": "speaker1",
          "personaID": "20132",
          "participantID": "3478",
          "utterance": "잔주름이 많은 편이라 팩에 보습관리까지 하신건가요?",
          "summary": "",
          "date": "2022-10-17",
          "time": "14:15:08",
          "terminate": "false"
        },
        {
          "speaker": "speaker2",
          "personaID": "52112",
          "participantID": "3313",
          "utterance": "아 네 지금 그렇게 하고 있어요 많이 바르진 않고요 얼굴이 당기는 피부인데 꼭 안당기도록 보습 관리 하고 있어요 추워지는 계절이라 아무래도 건조해서 간지럽더라구요",
          "summary": "나는 얼굴이 당기는 피부이다. 나는 안 당기도록 보습 관리를 하고 있다.",
          "date": "2022-10-17",
          "time": "14:21:03",
          "terminate": "false"
        },
        {
          "speaker": "speaker1",
          "personaID": "20132",
          "participantID": "3478",
          "utterance": "그렇군요, 그래도 나이가 들면 점점 노화가 오는건 당연한 순리인 것 같아요",
          "summary": "나이가 들며 노화가 오는 것은 당연한 것 같다",
          "date": "2022-10-17",
          "time": "14:35:17",
          "terminate": "false"
        },
        {
          "speaker": "speaker2",
          "personaID": "52112",
          "participantID": "3313",
          "utterance": "네 아무래도요 나이가 들며 눈가 그리고 무엇보다 팔자주름이 많이 지더라구요 그것때문에 더 나이 들어 보여요 아그리고 복숭아 싫어하신다고 하셨는데 복숭아랑 친해져보세요~ㅎㅎ피부에 도움이 될 거예요~",
          "summary": "",
          "date": "2022-10-17",
          "time": "14:48:07",
          "terminate": "true"
        }
      ],
      "sessionPersonaSummary": {
        "speaker1": [
          "나는 얼굴에 주름이 생기는 것 같아 걱정이다",
          "나는 20대인데 주름이 빨리 생기는 것 같다",
          "나는 평소에 피부에 신경을 안 쓰는 것 같다",
          "나는 피부에 신경을 안 써서 후회된다",
          "나이가 들며 노화가 오는 것은 당연한 것 같다"
        ],
        "speaker2": [
          "나는 나이가 앗다 보니 주름이 꽤 있다",
          "나는 어릴 때 보습 개선 크림을 썼는데 여드름이 나는 등 부작용 때문에 고생을 했다",
          "나는 20대 때는 피부에 그다지 신경 쓰지 않았다.",
          "나는 20대부터 관리하면 피부가 좋아질 거라 믿는다. 나는 잔주름이 많은 편이다.",
          "나는 얼굴이 당기는 피부이다. 나는 안 당기도록 보습 관리를 하고 있다."
        ]
      },
      "prevAggregatedpersonaSummary": {
        "speaker1": [
          "나는 20대 남성이다.",
          "나는 소주를 싫어한다",
          "나는 무화과는 좋아하지 않는다 나는 요리하는 것을 좋아한다",
          "나는 복숭아를 싫어한다",
          "나는 양식요리를 좋아한다",
          "나는 김해에 산다",
          "나는 개신교이다"
        ],
        "speaker2": [
          "나는 50대 여성이다.",
          "나는 술을 그다지 좋아하지 않지만 먹긴 한다. 나는 무화과를 즐겨 먹는다. 나는 헬스를 좋아한다.",
          "나는 요리를 매일 해서 힘들지만 좋아한다.",
          "나는 아파트 관리소 직원이다.",
          "나는 복숭아를 좋아한다.",
          "나는 강릉에 살고 있다",
          "나는 종교가 없다.",
          "나의 주변엔 종교를 믿는 친구들이 많다.",
          "나는 삼천포에 여행 갔던 것이 좋았었다."
        ]
      }
    }
  ]
}