{
  "FileInfo": {
    "filename": "K2-00516-CL04537-CP03650-04-04-S2.json",
    "sessionLevel": "2"
  },
  "participantsInfo": {
    "numberOfParticipants": "2",
    "speaker1": {
      "participantID": "0048",
      "gender": "남성",
      "age": "50대",
      "occupation": "서비스직",
      "bPlace": "부산/대구/울산/경상",
      "gPlace": "부산/대구/울산/경상",
      "rPlace": "부산/대구/울산/경상",
      "educationLevel": "고졸"
    },
    "speaker2": {
      "participantID": "0029",
      "gender": "남성",
      "age": "30대",
      "occupation": "사무직",
      "bPlace": "서울/경기/인천",
      "gPlace": "서울/경기/인천",
      "rPlace": "서울/경기/인천",
      "educationLevel": "대졸"
    }
  },
  "multisessionInfo": {
    "multisessionID": "2-00516"
  },
  "personaInfo": {
    "clInfo": {
      "personaID": "04537",
      "personaFeatures": [
        "나는 남자이다.",
        "나는 50대이다.",
        "나의 거주지는 서울이다.",
        "나는 어린이집 원장이다.",
        "나는 요리를 좋아한다."
      ],
      "speakerType": "speaker1"
    },
    "cpInfo": {
      "personaID": "03650",
      "personaFeatures": [
        "나는 남자이다.",
        "나는 40대이다.",
        "나의 종교는 개신교이다.",
        "나는 포크음악을 좋아한다.",
        "나는 콩국수를 싫어한다."
      ],
      "speakerType": "speaker2"
    }
  },
  "topicInfo": {
    "topicID": "04-04",
    "topicType": "일과 직업>회사/아르바이트",
    "topicTitle": "스펙"
  },
  "sessionInfo": [
    {
      "prevSessionID": null,
      "prevTimeInfo": {
        "timeNum": null,
        "timeUnit": null
      },
      "nthSession": "1",
      "numberOfUtterances": "16",
      "numberOfTurns": "8",
      "sessionID": "2-00516-1",
      "dialog": [
        {
          "speaker": "speaker1",
          "personaID": "04537",
          "participantID": "0048",
          "utterance": "안녕하세요. 저는 서울에 살고 있는 50대 남자입니다.",
          "summary": "나는 서울에 살고 있는 50대 남자이다.",
          "date": "2022-08-24",
          "time": "23:20:51",
          "terminate": "false"
        },
        {
          "speaker": "speaker2",
          "personaID": "03650",
          "participantID": "0029",
          "utterance": "반갑습니다 포크 음악을 좋아하는 40대 남자 입니다.",
          "summary": "나는 포크음악을 좋아하는 40대 남자이다.",
          "date": "2022-08-24",
          "time": "23:20:51",
          "terminate": "false"
        },
        {
          "speaker": "speaker1",
          "personaID": "04537",
          "participantID": "0048",
          "utterance": "저는 발라드를 좋아하는데요. 어린이집 원장을 하고 있는데 직업이 있으신가요?",
          "summary": "나는 발라드를 좋아한다. 어린이집 원장이 직업이다.",
          "date": "2022-08-24",
          "time": "23:20:51",
          "terminate": "false"
        },
        {
          "speaker": "speaker2",
          "personaID": "03650",
          "participantID": "0029",
          "utterance": "저는 중소기업에 다니는 평범한 회사원입니다.",
          "summary": "나는 중소기업에 다니는 평범한 회사원이다.",
          "date": "2022-08-24",
          "time": "23:20:51",
          "terminate": "false"
        },
        {
          "speaker": "speaker1",
          "personaID": "04537",
          "participantID": "0048",
          "utterance": "사는 곳은 어디신가요?",
          "summary": "",
          "date": "2022-08-24",
          "time": "23:20:51",
          "terminate": "false"
        },
        {
          "speaker": "speaker2",
          "personaID": "03650",
          "participantID": "0029",
          "utterance": "네. 저는 대전광역시 살고 있어요.",
          "summary": "나는 대전광역시에 살고 있다.",
          "date": "2022-08-24",
          "time": "23:20:51",
          "terminate": "false"
        },
        {
          "speaker": "speaker1",
          "personaID": "04537",
          "participantID": "0048",
          "utterance": "그곳에 갈 만한 맛집 추천 부탁드려도 될까요?",
          "summary": "나는 맛집 추천을 받고 싶다.",
          "date": "2022-08-24",
          "time": "23:20:51",
          "terminate": "false"
        },
        {
          "speaker": "speaker2",
          "personaID": "03650",
          "participantID": "0029",
          "utterance": "대전 가까운 곳에 도토리묵 집이 많이 있어요.",
          "summary": "대전 가까운 곳에 도토리묵 집이 많이 있다.",
          "date": "2022-08-24",
          "time": "23:20:51",
          "terminate": "false"
        },
        {
          "speaker": "speaker1",
          "personaID": "04537",
          "participantID": "0048",
          "utterance": "너는 요리를 좋아하는데 도토리묵 너무 맛있겠어요. 좋아하는 음식 있으신가요?",
          "summary": "나는 도토리묵 요리가 너무 맛있겠다.",
          "date": "2022-08-24",
          "time": "23:20:51",
          "terminate": "false"
        },
        {
          "speaker": "speaker2",
          "personaID": "03650",
          "participantID": "0029",
          "utterance": "저는 돼지고기를 좋아해요.",
          "summary": "나는 돼지고기를 좋아한다.",
          "date": "2022-08-24",
          "time": "23:20:51",
          "terminate": "false"
        },
        {
          "speaker": "speaker1",
          "personaID": "04537",
          "participantID": "0048",
          "utterance": "그러시군요. 저는 팟타이를 먹지 않아요. 싫어하는 음식 있으신가요?",
          "summary": "나는 팟타이를 먹지 않는다.",
          "date": "2022-08-24",
          "time": "23:20:51",
          "terminate": "false"
        },
        {
          "speaker": "speaker2",
          "personaID": "03650",
          "participantID": "0029",
          "utterance": "저는 콩국수를 정말 싫어해요. 칼국수는 좋아하는데 말이죠.",
          "summary": "나는 콩국수를 정말 싫어한다 칼국수는 좋아한다.",
          "date": "2022-08-24",
          "time": "23:20:51",
          "terminate": "false"
        },
        {
          "speaker": "speaker1",
          "personaID": "04537",
          "participantID": "0048",
          "utterance": "여행은 즐기시나요? 저는 바다 여행을 좋아해요.",
          "summary": "나는 바다 여행을 좋아한다.",
          "date": "2022-08-24",
          "time": "23:20:51",
          "terminate": "false"
        },
        {
          "speaker": "speaker2",
          "personaID": "03650",
          "participantID": "0029",
          "utterance": "저는 주로 등산 하는 걸 즐겨 합니다.",
          "summary": "나는 주로 등산하는 걸 즐긴다.",
          "date": "2022-08-24",
          "time": "23:20:51",
          "terminate": "false"
        },
        {
          "speaker": "speaker1",
          "personaID": "04537",
          "participantID": "0048",
          "utterance": "산을 좋아하시는군요. 오늘 대화 즐거웠습니다.",
          "summary": "",
          "date": "2022-08-24",
          "time": "23:20:51",
          "terminate": "false"
        },
        {
          "speaker": "speaker2",
          "personaID": "03650",
          "participantID": "0029",
          "utterance": "즐거운 대화였습니다. 행복하세요.",
          "summary": "",
          "date": "2022-08-24",
          "time": "23:20:51",
          "terminate": "true"
        }
      ],
      "sessionPersonaSummary": {
        "speaker1": [
          "나는 서울에 살고 있는 50대 남자이다.",
          "나는 발라드를 좋아한다. 어린이집 원장이 직업이다.",
          "나는 맛집 추천을 받고 싶다.",
          "나는 도토리묵 요리가 너무 맛있겠다.",
          "나는 팟타이를 먹지 않는다.",
          "나는 바다 여행을 좋아한다."
        ],
        "speaker2": [
          "나는 포크음악을 좋아하는 40대 남자이다.",
          "나는 중소기업에 다니는 평범한 회사원이다.",
          "나는 대전광역시에 살고 있다.",
          "대전 가까운 곳에 도토리묵 집이 많이 있다.",
          "나는 돼지고기를 좋아한다.",
          "나는 콩국수를 정말 싫어한다 칼국수는 좋아한다.",
          "나는 주로 등산하는 걸 즐긴다."
        ]
      },
      "prevAggregatedpersonaSummary": {
        "speaker1": [],
        "speaker2": []
      }
    },
    {
      "prevSessionID": "2-00516-1",
      "prevTimeInfo": {
        "timeNum": "5",
        "timeUnit": "일"
      },
      "nthSession": "2",
      "numberOfUtterances": "16",
      "numberOfTurns": "8",
      "sessionID": "2-00516-2",
      "dialog": [
        {
          "speaker": "speaker1",
          "personaID": "04537",
          "participantID": "0048",
          "utterance": "그동안 잘 지내셨죠? 주말에 친구들과 만나서 캠핑을 했어요.",
          "summary": "나는 주말에 친구들과 만나서 캠핑을 했다.",
          "date": "2022-08-24",
          "time": "23:20:51",
          "terminate": "false"
        },
        {
          "speaker": "speaker2",
          "personaID": "03650",
          "participantID": "0029",
          "utterance": "저는 주말에 교회에 가기 때문에 특별한 계획이 없었어요.",
          "summary": "나는 주말에 교회를 가기 때문에 특별한 계획이 없다.",
          "date": "2022-08-24",
          "time": "23:20:51",
          "terminate": "false"
        },
        {
          "speaker": "speaker1",
          "personaID": "04537",
          "participantID": "0048",
          "utterance": "친구들과 캠핑을 하다가 친구 아들녀석의 스펙에 대해서 얘기가 나왔어요.",
          "summary": "친구들과 캠핑하다가 친구 아들 녀석의 스펙에 대해 이야기가 나왔다.",
          "date": "2022-08-24",
          "time": "23:20:51",
          "terminate": "false"
        },
        {
          "speaker": "speaker2",
          "personaID": "03650",
          "participantID": "0029",
          "utterance": "저희 회사에서도 스펙 좋은 후배들이 많이 들어와서 긴장된답니다.",
          "summary": "우리 회사도 스펙 좋은 후배들이 많이 들어와서 긴장이 된다.",
          "date": "2022-08-24",
          "time": "23:20:51",
          "terminate": "false"
        },
        {
          "speaker": "speaker1",
          "personaID": "04537",
          "participantID": "0048",
          "utterance": "요즘 취업을 하려고 하는데 회사에서 원하는 스펙이 너무 많다 하더라고요.",
          "summary": "요즘은 회사에서 원하는 스펙이 너무 많다고 한다.",
          "date": "2022-08-24",
          "time": "23:21:14",
          "terminate": "false"
        },
        {
          "speaker": "speaker2",
          "personaID": "03650",
          "participantID": "0029",
          "utterance": "맞습니다 경쟁해야 하는 회사에서는 특히 더 하지요.",
          "summary": "경쟁을 해야 하는 회사에서는 특히 그러하다.",
          "date": "2022-08-24",
          "time": "23:21:48",
          "terminate": "false"
        },
        {
          "speaker": "speaker1",
          "personaID": "04537",
          "participantID": "0048",
          "utterance": "대학 원서를 낼 때도 스펙을 쌓아야된다면서 힘들어 하드 라고요.",
          "summary": "대학원서 낼 때도 스펙을 쌓아야 된다고 힘들어한다.",
          "date": "2022-08-24",
          "time": "23:22:34",
          "terminate": "false"
        },
        {
          "speaker": "speaker2",
          "personaID": "03650",
          "participantID": "0029",
          "utterance": "사실 스펙보다는 스토리가 중요한데 너무 겉모습에 치중하는 것 같아요.",
          "summary": "스펙보다 스토리가 중요한데 너무 겉모습에 치중하는 것 같다.",
          "date": "2022-08-24",
          "time": "23:23:14",
          "terminate": "false"
        },
        {
          "speaker": "speaker1",
          "personaID": "04537",
          "participantID": "0048",
          "utterance": "저도 그렇게 생각하는데 많이 안타까워요.",
          "summary": "",
          "date": "2022-08-24",
          "time": "23:23:39",
          "terminate": "false"
        },
        {
          "speaker": "speaker2",
          "personaID": "03650",
          "participantID": "0029",
          "utterance": "우울한 얘기 말고 하시는 운동 있나요.",
          "summary": "",
          "date": "2022-08-24",
          "time": "23:24:05",
          "terminate": "false"
        },
        {
          "speaker": "speaker1",
          "personaID": "04537",
          "participantID": "0048",
          "utterance": "네 저는 아내와 함께 필라테스를 하고 있어요. 운동 하시나요?",
          "summary": "나는 아내와 함께 필라테스를 한다.",
          "date": "2022-08-24",
          "time": "23:24:43",
          "terminate": "false"
        },
        {
          "speaker": "speaker2",
          "personaID": "03650",
          "participantID": "0029",
          "utterance": "다정한 형님이시네요. 저는 동료들과 길거리 농구를 주로 해요.",
          "summary": "나는 동료들과 길거리 농구를 주로 한다.",
          "date": "2022-08-24",
          "time": "23:25:09",
          "terminate": "false"
        },
        {
          "speaker": "speaker1",
          "personaID": "04537",
          "participantID": "0048",
          "utterance": "저도 농구를 즐겨봐요. @브랜드명1@ 팬이거든요.",
          "summary": "나는 농구를 즐겨 본다 케이씨씨 팬이다.",
          "date": "2022-08-24",
          "time": "23:25:35",
          "terminate": "false"
        },
        {
          "speaker": "speaker2",
          "personaID": "03650",
          "participantID": "0029",
          "utterance": "저는 고향이 울산이라서 @브랜드명2@ 팬이에요.",
          "summary": "나는 고향이 울산이라서 @브랜드명2@ 팬이다.",
          "date": "2022-08-24",
          "time": "23:26:00",
          "terminate": "false"
        },
        {
          "speaker": "speaker1",
          "personaID": "04537",
          "participantID": "0048",
          "utterance": "그러시군요. 오늘 대화 참 재미있었어요. 다음에 또 봬요.",
          "summary": "",
          "date": "2022-08-24",
          "time": "23:26:23",
          "terminate": "false"
        },
        {
          "speaker": "speaker2",
          "personaID": "03650",
          "participantID": "0029",
          "utterance": "즐거운 대화였습니다. 감사합니다.",
          "summary": "",
          "date": "2022-08-24",
          "time": "23:26:34",
          "terminate": "true"
        }
      ],
      "sessionPersonaSummary": {
        "speaker1": [
          "나는 주말에 친구들과 만나서 캠핑을 했다.",
          "친구들과 캠핑하다가 친구 아들 녀석의 스펙에 대해 이야기가 나왔다.",
          "요즘은 회사에서 원하는 스펙이 너무 많다고 한다.",
          "대학원서 낼 때도 스펙을 쌓아야 된다고 힘들어한다.",
          "나는 아내와 함께 필라테스를 한다.",
          "나는 농구를 즐겨 본다 케이씨씨 팬이다."
        ],
        "speaker2": [
          "나는 주말에 교회를 가기 때문에 특별한 계획이 없다.",
          "우리 회사도 스펙 좋은 후배들이 많이 들어와서 긴장이 된다.",
          "경쟁을 해야 하는 회사에서는 특히 그러하다.",
          "스펙보다 스토리가 중요한데 너무 겉모습에 치중하는 것 같다.",
          "나는 동료들과 길거리 농구를 주로 한다.",
          "나는 고향이 울산이라서 @브랜드명2@ 팬이다."
        ]
      },
      "prevAggregatedpersonaSummary": {
        "speaker1": [
          "나는 서울에 살고 있는 50대 남자이다.",
          "나는 발라드를 좋아한다. 어린이집 원장이 직업이다.",
          "나는 맛집 추천을 받고 싶다.",
          "나는 도토리묵 요리가 너무 맛있겠다.",
          "나는 팟타이를 먹지 않는다.",
          "나는 바다 여행을 좋아한다."
        ],
        "speaker2": [
          "나는 포크음악을 좋아하는 40대 남자이다.",
          "나는 중소기업에 다니는 평범한 회사원이다.",
          "나는 대전광역시에 살고 있다.",
          "대전 가까운 곳에 도토리묵 집이 많이 있다.",
          "나는 돼지고기를 좋아한다.",
          "나는 콩국수를 정말 싫어한다 칼국수는 좋아한다.",
          "나는 주로 등산하는 걸 즐긴다."
        ]
      }
    }
  ]
}