{
  "FileInfo": {
    "filename": "K2-00278-CL51554-CP42066-12-09-S2.json",
    "sessionLevel": "2"
  },
  "participantsInfo": {
    "numberOfParticipants": "2",
    "speaker1": {
      "participantID": "3416",
      "gender": "여성",
      "age": "40대",
      "occupation": "사무직",
      "bPlace": "대전/세종/충청/강원",
      "gPlace": "대전/세종/충청/강원",
      "rPlace": "부산/대구/울산/경상",
      "educationLevel": "대졸"
    },
    "speaker2": {
      "participantID": "3197",
      "gender": "여성",
      "age": "30대",
      "occupation": "사무직",
      "bPlace": "부산/대구/울산/경상",
      "gPlace": "부산/대구/울산/경상",
      "rPlace": "부산/대구/울산/경상",
      "educationLevel": "대졸"
    }
  },
  "multisessionInfo": {
    "multisessionID": "2-00278"
  },
  "personaInfo": {
    "clInfo": {
      "personaID": "51554",
      "personaFeatures": [
        "나는 여자이다.",
        "나는 50대이다.",
        "나는 요즘, 종종 신이난다",
        "나는 오전에 책을 읽는다",
        "나는 트로트 음악을 좋아한다"
      ],
      "speakerType": "speaker1"
    },
    "cpInfo": {
      "personaID": "42066",
      "personaFeatures": [
        "나는 여자이다.",
        "나는 40대이다.",
        "나는 요즘, 가끔 내 자신이 한심하다",
        "나는 국내 여행에 관심 없다",
        "나는 블루스 음악을 싫어한다"
      ],
      "speakerType": "speaker2"
    }
  },
  "topicInfo": {
    "topicID": "12-09",
    "topicType": "여가와 오락>여행",
    "topicTitle": "캠핑/글램핑"
  },
  "sessionInfo": [
    {
      "prevSessionID": null,
      "prevTimeInfo": {
        "timeNum": null,
        "timeUnit": null
      },
      "nthSession": "1",
      "numberOfUtterances": "14",
      "numberOfTurns": "7",
      "sessionID": "2-00278-1",
      "dialog": [
        {
          "speaker": "speaker1",
          "personaID": "51554",
          "participantID": "3416",
          "utterance": "안녕하세요 저는 40대 여성입니다.",
          "summary": "나는 40대 여성이다",
          "date": "2022-10-17",
          "time": "08:43:29",
          "terminate": "false"
        },
        {
          "speaker": "speaker2",
          "personaID": "42066",
          "participantID": "3197",
          "utterance": "안녕하세요 저도 40대 어성이에요~ 반갑습니다.",
          "summary": "나는 40대 여성이다",
          "date": "2022-10-20",
          "time": "10:39:42",
          "terminate": "false"
        },
        {
          "speaker": "speaker1",
          "personaID": "51554",
          "participantID": "3416",
          "utterance": "나이가 비슷해서 친구하면 좋겠습니다.",
          "summary": "나는 나이가 비슷해서 친구 하면 좋겠다",
          "date": "2022-10-20",
          "time": "11:22:21",
          "terminate": "false"
        },
        {
          "speaker": "speaker2",
          "personaID": "42066",
          "participantID": "3197",
          "utterance": " 요즘은 사회에서 마음 터놓고 이야기 할 수 있는 또래 만나기가 쉽지 않더라구요 ^^ 혹시 취미 있으신가요? 저는 여행 동호회에 가입해서 다니고 있는데 국내 여행만 다니다 보니 이제 갈 만한 곳이 없어서 요즘은 국내 여행에 관심이 없어요 ㅠㅠ",
          "summary": " 나는 여행 동호회에 가입되어 있다. 나는 국내여행에 관심이 없다.",
          "date": "2022-10-20",
          "time": "11:25:10",
          "terminate": "false"
        },
        {
          "speaker": "speaker1",
          "personaID": "51554",
          "participantID": "3416",
          "utterance": "저는 아이들 학교 보내놓고 오전에 조용히 책 읽는것을 좋아합니다. 여행말고 다른 취미는 없으세요?",
          "summary": "나는 아이들 학교 보내 놓고 오전에 책 읽는 것을 좋아한다",
          "date": "2022-10-20",
          "time": "11:26:29",
          "terminate": "false"
        },
        {
          "speaker": "speaker2",
          "personaID": "42066",
          "participantID": "3197",
          "utterance": "저는 음악을 좋아해서 공연 보러 많이 가고 듣기도 해요^^ 그런데 블루스 음악은 싫어해요~ ",
          "summary": "나는 음악을 좋아하지만 블루스 음악은 싫어한다.",
          "date": "2022-10-20",
          "time": "11:36:41",
          "terminate": "false"
        },
        {
          "speaker": "speaker1",
          "personaID": "51554",
          "participantID": "3416",
          "utterance": "좋은 취미 갖고 계시네요. 활동적이여야 공연도 많이 보러 가는데...전 움직이는걸 별로 좋아하지 않아서 음악도 집에서만 듣는답니다.  여행하셨던 곳중에 추천할 만한 곳 있으세요?",
          "summary": "나는 움직이는 걸 별로 좋아하지 않아서 음악도 집에서만 듣는다",
          "date": "2022-10-20",
          "time": "11:39:04",
          "terminate": "false"
        },
        {
          "speaker": "speaker2",
          "personaID": "42066",
          "participantID": "3197",
          "utterance": "저는 경주랑 여수가 참 좋더라구요! 워낙 유명한 곳들이 많으니깐 다들 한 번쯤 가보셨을 거 같아요 경주에서는 골굴사랑 양동마을이 좋은 기억으로 남아 있구요 ^^ 여수는 다 좋았지만 오동도가 기억에 남네요",
          "summary": "나는 경주랑 여수 여행이 좋다. 나는 경주와 여수 여행에 좋은 기억이 있다.",
          "date": "2022-10-20",
          "time": "12:06:03",
          "terminate": "false"
        },
        {
          "speaker": "speaker1",
          "personaID": "51554",
          "participantID": "3416",
          "utterance": "저도 여수 1번 가봤는데 좋은 기억이 많아서 다음에 또 가보고 싶다는 생각 했어요.   다음에 여수가면 말씀하신 오동도 한번 가보겠습니다.  요즘 흥미를 느끼고 있는 것들이 있으실까요? 저는 요즘 독서토론 동호회에 가입을 해서 잼있는 생활을 하고 있답니다. ",
          "summary": "나는 요즘 독서토론 동호회에 가입을 해서 재미있는 생활을 하고 있다",
          "date": "2022-10-20",
          "time": "14:07:54",
          "terminate": "false"
        },
        {
          "speaker": "speaker2",
          "personaID": "42066",
          "participantID": "3197",
          "utterance": "와! 독서토론회요? 책을 좋아하시나 보군요 ^^ 저도 책을 좀 읽어야지 하면서 그게 잘 안되네요... 그래서 요즘, 가끔  내 자신이 한심하네요 ㅠㅠ",
          "summary": "나는 책 읽을 시간이 부족하다. 나는 내 자심이 한심함을 느낀다.",
          "date": "2022-10-20",
          "time": "14:28:37",
          "terminate": "false"
        },
        {
          "speaker": "speaker1",
          "personaID": "51554",
          "participantID": "3416",
          "utterance": "한심하다뇨!! 활력을 가질 무언가를 찾아보세요. 저처럼 신이나서 할 수 있는 일들이 있으실꺼예요.  음악 듣는거 좋아하시니까 다양한~ 제가 좋아하는 트로트쪽으로도 한번 귀를 전향해 보시는것도 좋을것 같아요 ㅎ",
          "summary": "",
          "date": "2022-10-20",
          "time": "14:46:39",
          "terminate": "false"
        },
        {
          "speaker": "speaker2",
          "personaID": "42066",
          "participantID": "3197",
          "utterance": "네 ^^ 위로 감사해요 ㅎㅎ 오늘 퇴근 길에 차에서 트로트 들으면서 가야 겠네요 ^^",
          "summary": "",
          "date": "2022-10-20",
          "time": "15:18:57",
          "terminate": "false"
        },
        {
          "speaker": "speaker1",
          "personaID": "51554",
          "participantID": "3416",
          "utterance": "아마 흥얼 거리면서 기분이 전환되실꺼예요~ 꿀꿀한 기분일땐 트로트가 딱입니다. ㅎㅎ",
          "summary": "",
          "date": "2022-10-20",
          "time": "15:29:29",
          "terminate": "false"
        },
        {
          "speaker": "speaker2",
          "personaID": "42066",
          "participantID": "3197",
          "utterance": "네! 감사합니다 ^^ 벌써 퇴근 시간이 가까워 오고 있네요! 님도 모쪼록 남은 하루 잘 보내시고 다음에 또 대화 나눠요 ^^",
          "summary": "",
          "date": "2022-10-20",
          "time": "15:57:47",
          "terminate": "true"
        }
      ],
      "sessionPersonaSummary": {
        "speaker1": [
          "나는 40대 여성이다",
          "나는 나이가 비슷해서 친구 하면 좋겠다",
          "나는 아이들 학교 보내 놓고 오전에 책 읽는 것을 좋아한다",
          "나는 움직이는 걸 별로 좋아하지 않아서 음악도 집에서만 듣는다",
          "나는 요즘 독서토론 동호회에 가입을 해서 재미있는 생활을 하고 있다"
        ],
        "speaker2": [
          "나는 40대 여성이다",
          "나는 여행 동호회에 가입되어 있다.",
          "나는 국내여행에 관심이 없다.",
          "나는 음악을 좋아하지만 블루스 음악은 싫어한다.",
          "나는 경주랑 여수 여행이 좋다.",
          "나는 경주와 여수 여행에 좋은 기억이 있다.",
          "나는 책 읽을 시간이 부족하다.",
          "나는 내 자심이 한심함을 느낀다."
        ]
      },
      "prevAggregatedpersonaSummary": {
        "speaker1": [],
        "speaker2": []
      }
    },
    {
      "prevSessionID": "2-00278-1",
      "prevTimeInfo": {
        "timeNum": "5",
        "timeUnit": "주"
      },
      "nthSession": "2",
      "numberOfUtterances": "14",
      "numberOfTurns": "7",
      "sessionID": "2-00278-2",
      "dialog": [
        {
          "speaker": "speaker1",
          "personaID": "51554",
          "participantID": "3416",
          "utterance": "안녕하세요 .우리가 얘기 나눈지 벌써 5주가 되었네요?",
          "summary": "나는 이야기 나눈 지 5주가 되었다",
          "date": "2022-10-20",
          "time": "16:24:47",
          "terminate": "false"
        },
        {
          "speaker": "speaker2",
          "personaID": "42066",
          "participantID": "3197",
          "utterance": "오랜만이에요 ^^ 잘 지내셨나요? 저는 이번에 겨울되기 전에 가족들과 캠핑을 갔다왔어요! ",
          "summary": "나는 이번에 가족들과 캠핑을 다녀왔다.",
          "date": "2022-10-20",
          "time": "16:32:42",
          "terminate": "false"
        },
        {
          "speaker": "speaker1",
          "personaID": "51554",
          "participantID": "3416",
          "utterance": "와~ 캠팽 넘 좋죠!! 아직 춥지 않으니까 캠핑 가기 딱 좋겠네요.  어디로 다녀오셨어요?",
          "summary": "",
          "date": "2022-10-20",
          "time": "16:37:39",
          "terminate": "false"
        },
        {
          "speaker": "speaker2",
          "personaID": "42066",
          "participantID": "3197",
          "utterance": "네! 단풍도 들어서 너무 예쁘더라구요 저는 이번에 산청에 있는 황매산 오토캠핑장으로 갔다왔어요!",
          "summary": "나는 산청에 오토캠핑장을 갔다 왔다.",
          "date": "2022-10-20",
          "time": "16:41:33",
          "terminate": "false"
        },
        {
          "speaker": "speaker1",
          "personaID": "51554",
          "participantID": "3416",
          "utterance": "벌써 단풍이 들었군요? 가을엔 단풍놀이도 참 좋은거 같아요. 전 캠핑을 좋아하지 않아서 아직 한번도 캠핑을 가본적이 없어요. 캠핑 갈려면 준비 할게 많지요?",
          "summary": "나는 캠핑을 좋아하지 않아 가본 적이 없다",
          "date": "2022-10-20",
          "time": "16:46:48",
          "terminate": "false"
        },
        {
          "speaker": "speaker2",
          "personaID": "42066",
          "participantID": "3197",
          "utterance": "네 ^^ 살 것도 많고 준비할 것도 많고 어찌 보면 좀 귀찮다 생각 들 수도 있는데! 이게 또 중독이 되더라구요 ^^ 아니면 님은 캠핑보다 글램핑이 맞으시겠네요 ^^",
          "summary": "나는 캠핑이 중독성이 있다고 생각한다.",
          "date": "2022-10-20",
          "time": "17:14:04",
          "terminate": "false"
        },
        {
          "speaker": "speaker1",
          "personaID": "51554",
          "participantID": "3416",
          "utterance": "글램핑은 텐트가 있는거 말씀하시는거죠? 음...저한테는 그게 낫겠네요. 애들도 야외에서 자고 싶어해서 한번 가봐야 하는데 준비할게 많다는 압박이 있어서 선뜻 가지 못했거든요. 캠핑은 저한테는 좀 무리일것 같고 글램핑으로 한번 도전해 보겠습니다. ",
          "summary": "나는 글램핑에 도전할 생각이다.",
          "date": "2022-10-20",
          "time": "17:16:55",
          "terminate": "false"
        },
        {
          "speaker": "speaker2",
          "personaID": "42066",
          "participantID": "3197",
          "utterance": "네 ^^ 분명 아이들이 좋아할 거에요! 맨날 가자고 조를지도 몰라요 ^^ 저도 가끔 쉬고 싶은데 아이들 성화에 지친 몸을 이끌고 간답니다.",
          "summary": "",
          "date": "2022-10-20",
          "time": "17:19:07",
          "terminate": "false"
        },
        {
          "speaker": "speaker1",
          "personaID": "51554",
          "participantID": "3416",
          "utterance": "아~ 그럼 곤란한데 ㅋㅋ 캠핑가면 애들은 보통 뭐하면서 노나요? 캠핑의 꽃은 불멍인데... 불멍도 즐기시죠?",
          "summary": "나는 캠핑의 꽃은 불멍이라 생각한다",
          "date": "2022-10-20",
          "time": "17:39:43",
          "terminate": "false"
        },
        {
          "speaker": "speaker2",
          "personaID": "42066",
          "participantID": "3197",
          "utterance": "보통 저희는 2,3가족씩 그룹으로 가요! 아이들과 친한 친구 가족들이랑요! 그러니 애들이 심심할 틈이 없어요 ㅎㅎ 말씀하신 불멍도 하고, 애들은 또 애들끼리 핸드폰이나 보드게임 같은 거 가지고 노니깐 그 땐 어른들만의 시간도 갖구요! ",
          "summary": "나는 가끔 아이 친구 가족들과 캠핑을 간다.",
          "date": "2022-10-20",
          "time": "17:46:11",
          "terminate": "false"
        },
        {
          "speaker": "speaker1",
          "personaID": "51554",
          "participantID": "3416",
          "utterance": "저도 요즘 같이 춥지는 않지만 쌀쌀한 날씨에 불명해보고 싶어요. 제 아는 지인은 캠핑때문에 캠핑카도 사시더라구요. 캠핑이 중독성이 있는가봐요?",
          "summary": "나는 불멍을 해보고 싶다.",
          "date": "2022-10-20",
          "time": "17:53:14",
          "terminate": "false"
        },
        {
          "speaker": "speaker2",
          "personaID": "42066",
          "participantID": "3197",
          "utterance": "네 ^^ 저도 여건만 된다면 캠핑카 사는게 로망입니다 ^^ ",
          "summary": "나는 캠핑카 사는 게 로망이다.",
          "date": "2022-10-20",
          "time": "18:16:30",
          "terminate": "false"
        },
        {
          "speaker": "speaker1",
          "personaID": "51554",
          "participantID": "3416",
          "utterance": "제 지인께서 캠핑카 타고 같이 캠핑 한번 가자고 했는데 빨리 날짜 잡아봐야 겠어요 ㅎㅎ 트로트 음악 들으면서요",
          "summary": "나는 지인이 캠핑카 타고 캠핑 가자고 했는데 날짜를 잡을 생각이다",
          "date": "2022-10-21",
          "time": "08:37:27",
          "terminate": "false"
        },
        {
          "speaker": "speaker2",
          "personaID": "42066",
          "participantID": "3197",
          "utterance": "네 ^^ 분명히 좋은 시간과 추억으로 남을 거에요~ 저는 이만 회의가 있어서 나가봐야 겠네요! 대화 즐거웠어요 ^^",
          "summary": "",
          "date": "2022-10-21",
          "time": "09:30:05",
          "terminate": "true"
        }
      ],
      "sessionPersonaSummary": {
        "speaker1": [
          "나는 이야기 나눈 지 5주가 되었다",
          "나는 캠핑을 좋아하지 않아 가본 적이 없다",
          "나는 글램핑에 도전할 생각이다.",
          "나는 캠핑의 꽃은 불멍이라 생각한다",
          "나는 불멍을 해보고 싶다.",
          "나는 지인이 캠핑카 타고 캠핑 가자고 했는데 날짜를 잡을 생각이다"
        ],
        "speaker2": [
          "나는 이번에 가족들과 캠핑을 다녀왔다.",
          "나는 산청에 오토캠핑장을 갔다 왔다.",
          "나는 캠핑이 중독성이 있다고 생각한다.",
          "나는 가끔 아이 친구 가족들과 캠핑을 간다.",
          "나는 캠핑카 사는 게 로망이다."
        ]
      },
      "prevAggregatedpersonaSummary": {
        "speaker1": [
          "나는 40대 여성이다",
          "나는 나이가 비슷해서 친구 하면 좋겠다",
          "나는 아이들 학교 보내 놓고 오전에 책 읽는 것을 좋아한다",
          "나는 움직이는 걸 별로 좋아하지 않아서 음악도 집에서만 듣는다",
          "나는 요즘 독서토론 동호회에 가입을 해서 재미있는 생활을 하고 있다"
        ],
        "speaker2": [
          "나는 40대 여성이다",
          "나는 여행 동호회에 가입되어 있다.",
          "나는 국내여행에 관심이 없다.",
          "나는 음악을 좋아하지만 블루스 음악은 싫어한다.",
          "나는 경주랑 여수 여행이 좋다.",
          "나는 경주와 여수 여행에 좋은 기억이 있다.",
          "나는 책 읽을 시간이 부족하다.",
          "나는 내 자심이 한심함을 느낀다."
        ]
      }
    }
  ]
}