{
  "FileInfo": {
    "filename": "K2-00373-CL20237-CP20873-01-06-S2.json",
    "sessionLevel": "2"
  },
  "participantsInfo": {
    "numberOfParticipants": "2",
    "speaker1": {
      "participantID": "1188",
      "gender": "남성",
      "age": "20대",
      "occupation": "사무직",
      "bPlace": "부산/대구/울산/경상",
      "gPlace": "부산/대구/울산/경상",
      "rPlace": "부산/대구/울산/경상",
      "educationLevel": "대졸"
    },
    "speaker2": {
      "participantID": "1200",
      "gender": "남성",
      "age": "20대",
      "occupation": "학생",
      "bPlace": "서울/경기/인천",
      "gPlace": "서울/경기/인천",
      "rPlace": "서울/경기/인천",
      "educationLevel": "대졸"
    }
  },
  "multisessionInfo": {
    "multisessionID": "2-00373"
  },
  "personaInfo": {
    "clInfo": {
      "personaID": "20237",
      "personaFeatures": [
        "나는 남자이다.",
        "나는 20대이다.",
        "나는 고양이를 좋아한다.",
        "나는 영어를 싫어한다.",
        "나는 야구를 가끔 한다."
      ],
      "speakerType": "speaker1"
    },
    "cpInfo": {
      "personaID": "20873",
      "personaFeatures": [
        "나는 남자이다.",
        "나는 20대이다.",
        "나는 종교가 없다.",
        "나는 은행원이다.",
        "나는 신 음식을 안 먹는다."
      ],
      "speakerType": "speaker2"
    }
  },
  "topicInfo": {
    "topicID": "01-06",
    "topicType": "식음료",
    "topicTitle": "배달"
  },
  "sessionInfo": [
    {
      "prevSessionID": null,
      "prevTimeInfo": {
        "timeNum": null,
        "timeUnit": null
      },
      "nthSession": "1",
      "numberOfUtterances": "18",
      "numberOfTurns": "9",
      "sessionID": "2-00373-1",
      "dialog": [
        {
          "speaker": "speaker1",
          "personaID": "20237",
          "participantID": "1188",
          "utterance": "안녕하세요. 저는 20대 남자입니다!",
          "summary": "나는 20대이고, 남자이다.",
          "date": "2022-11-01",
          "time": "14:35:01",
          "terminate": "false"
        },
        {
          "speaker": "speaker2",
          "personaID": "20873",
          "participantID": "1200",
          "utterance": "안녕하세요. 저는 20대 남자이고 은행원입니다.",
          "summary": "나는 20대 남자이고 은행원이다.",
          "date": "2022-11-01",
          "time": "14:35:16",
          "terminate": "false"
        },
        {
          "speaker": "speaker1",
          "personaID": "20237",
          "participantID": "1188",
          "utterance": "은행원이라면 영어도 잘하시겠네요? 저는 영어를 싫어해서 힘들어요.",
          "summary": "나는 영어를 싫어한다.",
          "date": "2022-11-01",
          "time": "14:36:06",
          "terminate": "false"
        },
        {
          "speaker": "speaker2",
          "personaID": "20873",
          "participantID": "1200",
          "utterance": "아니에요. 생각하시는 거 만큼 막 유창하게 잘하지는 않아요. 은행업무에 관한 대화내용을 조금 나눌 수 있는 정도입니다.",
          "summary": "",
          "date": "2022-11-01",
          "time": "14:36:29",
          "terminate": "false"
        },
        {
          "speaker": "speaker1",
          "personaID": "20237",
          "participantID": "1188",
          "utterance": "그 정도만 되어도 좋을 것 같아요. 취미는 있으세요? 저는 야구를 가끔 해요.",
          "summary": "나는 야구를 가끔 한다.",
          "date": "2022-11-01",
          "time": "14:37:00",
          "terminate": "false"
        },
        {
          "speaker": "speaker2",
          "personaID": "20873",
          "participantID": "1200",
          "utterance": "아니요. 취미뿐만 아니라 종교도 없습니다. 그쪽은 야구 좋아하신다고 했는데 몇 년 하셨어요?",
          "summary": "나는 종교가 없다.",
          "date": "2022-11-01",
          "time": "14:37:23",
          "terminate": "false"
        },
        {
          "speaker": "speaker1",
          "personaID": "20237",
          "participantID": "1188",
          "utterance": "어렸을 때부터 종종 하던 거라 몇 년이라 하기에 뭐 하네요. 하하. 혹시 동물은 키우세요?",
          "summary": "",
          "date": "2022-11-01",
          "time": "14:37:55",
          "terminate": "false"
        },
        {
          "speaker": "speaker2",
          "personaID": "20873",
          "participantID": "1200",
          "utterance": "동물은 고양이 5마리 키우고 있어요. 그쪽도 동물 키우시나요?",
          "summary": "나는 고양이 5마리를 키운다.",
          "date": "2022-11-01",
          "time": "14:38:16",
          "terminate": "false"
        },
        {
          "speaker": "speaker1",
          "personaID": "20237",
          "participantID": "1188",
          "utterance": "저는 동물은 안 키우고, 좋아만 하는 그런 사람입니다. 특히 고양이를 좋아해요.",
          "summary": "나는 고양이를 좋아한다.",
          "date": "2022-11-01",
          "time": "14:38:40",
          "terminate": "false"
        },
        {
          "speaker": "speaker2",
          "personaID": "20873",
          "participantID": "1200",
          "utterance": "그러시군요. 고양이를 좋아한다니 제가 더 반갑네요. 슬슬 겨울철이 다 돼 가는데 김장하세요?",
          "summary": "",
          "date": "2022-11-01",
          "time": "14:39:02",
          "terminate": "false"
        },
        {
          "speaker": "speaker1",
          "personaID": "20237",
          "participantID": "1188",
          "utterance": "아니요. 저희는 김장을 안 해요. 너무 고생이잖아요.",
          "summary": "",
          "date": "2022-11-01",
          "time": "14:39:33",
          "terminate": "false"
        },
        {
          "speaker": "speaker2",
          "personaID": "20873",
          "participantID": "1200",
          "utterance": "맞아요. 너무 힘들어요. 더군다나 저는 신음식을 안 먹어서 김치를 안 좋아하는데 저희 가족은 매번 김장을 합니다.ㅠㅠ.",
          "summary": "나는 신 음식을 안 먹는다.",
          "date": "2022-11-01",
          "time": "14:40:25",
          "terminate": "false"
        },
        {
          "speaker": "speaker1",
          "personaID": "20237",
          "participantID": "1188",
          "utterance": "신 김치도 푹 익혀 먹으면 맛있어요. 그렇게 드셔 보세요.",
          "summary": "",
          "date": "2022-11-01",
          "time": "14:40:45",
          "terminate": "false"
        },
        {
          "speaker": "speaker2",
          "personaID": "20873",
          "participantID": "1200",
          "utterance": "한 번 참고해서 먹어 볼게요. 그쪽은 신 음식 좋아하나요?",
          "summary": "",
          "date": "2022-11-01",
          "time": "14:41:52",
          "terminate": "false"
        },
        {
          "speaker": "speaker1",
          "personaID": "20237",
          "participantID": "1188",
          "utterance": "저는 좋아하는 편이에요. 그래서 자주 사 먹어요. 이런, 저 알바해야 해서 나가봐야 할 것 같아요.",
          "summary": "",
          "date": "2022-11-01",
          "time": "14:42:21",
          "terminate": "false"
        },
        {
          "speaker": "speaker2",
          "personaID": "20873",
          "participantID": "1200",
          "utterance": "아. 그러시구나. 그럼 나중에 다시 대화할까요?",
          "summary": "",
          "date": "2022-11-01",
          "time": "14:42:43",
          "terminate": "false"
        },
        {
          "speaker": "speaker1",
          "personaID": "20237",
          "participantID": "1188",
          "utterance": "네, 알바 끝나고 다시 연락드릴게요!",
          "summary": "",
          "date": "2022-11-01",
          "time": "14:42:51",
          "terminate": "false"
        },
        {
          "speaker": "speaker2",
          "personaID": "20873",
          "participantID": "1200",
          "utterance": "네. 알겠습니다.나중에 봬요.",
          "summary": "",
          "date": "2022-11-01",
          "time": "14:43:01",
          "terminate": "true"
        }
      ],
      "sessionPersonaSummary": {
        "speaker1": [
          "나는 20대이고, 남자이다.",
          "나는 영어를 싫어한다.",
          "나는 야구를 가끔 한다.",
          "나는 고양이를 좋아한다."
        ],
        "speaker2": [
          "나는 20대 남자이고 은행원이다.",
          "나는 종교가 없다.",
          "나는 고양이 5마리를 키운다.",
          "나는 신 음식을 안 먹는다."
        ]
      },
      "prevAggregatedpersonaSummary": {
        "speaker1": [],
        "speaker2": []
      }
    },
    {
      "prevSessionID": "2-00373-1",
      "prevTimeInfo": {
        "timeNum": "5",
        "timeUnit": "시간"
      },
      "nthSession": "2",
      "numberOfUtterances": "18",
      "numberOfTurns": "9",
      "sessionID": "2-00373-2",
      "dialog": [
        {
          "speaker": "speaker1",
          "personaID": "20237",
          "participantID": "1188",
          "utterance": "오늘 일은 좀 고됐던 것 같아요. 제가 하는 일이 배달인데 음료 배달이 많더라구요. 특히 신 음료요. 특이하죠?",
          "summary": "",
          "date": "2022-11-01",
          "time": "14:43:26",
          "terminate": "false"
        },
        {
          "speaker": "speaker2",
          "personaID": "20873",
          "participantID": "1200",
          "utterance": "하필 제가 싫어하는 신맛들이네요. 많이 힘드셨겠어요.",
          "summary": "",
          "date": "2022-11-01",
          "time": "14:43:58",
          "terminate": "false"
        },
        {
          "speaker": "speaker1",
          "personaID": "20237",
          "participantID": "1188",
          "utterance": "그래도 수입이 짭짤해서 좋네요. 오늘 퇴근은 언제 하세요? 고양이들이 기다리겠어요.",
          "summary": "",
          "date": "2022-11-01",
          "time": "14:44:16",
          "terminate": "false"
        },
        {
          "speaker": "speaker2",
          "personaID": "20873",
          "participantID": "1200",
          "utterance": "저는 이미 집입니다. 오늘 연차썼어요.",
          "summary": "",
          "date": "2022-11-01",
          "time": "14:44:36",
          "terminate": "false"
        },
        {
          "speaker": "speaker1",
          "personaID": "20237",
          "participantID": "1188",
          "utterance": "무슨 일 있으셨나요? 아니면 김장이라도 하시는 건가요?",
          "summary": "",
          "date": "2022-11-01",
          "time": "14:44:52",
          "terminate": "false"
        },
        {
          "speaker": "speaker2",
          "personaID": "20873",
          "participantID": "1200",
          "utterance": "아뇨. 오늘 아내가 친구들과 놀러가는 날이어서 고양이 봐줄 사람이 없어서 연차썼어요.",
          "summary": "",
          "date": "2022-11-01",
          "time": "14:45:46",
          "terminate": "false"
        },
        {
          "speaker": "speaker1",
          "personaID": "20237",
          "participantID": "1188",
          "utterance": "귀여운 이유네요. 고양이들이랑 있으면 안 귀찮으세요?",
          "summary": "",
          "date": "2022-11-01",
          "time": "14:46:05",
          "terminate": "false"
        },
        {
          "speaker": "speaker2",
          "personaID": "20873",
          "participantID": "1200",
          "utterance": "귀찮지는 않아요. 왜냐하면 얘네들끼리 잘 놀 거든요. 서로 잡기놀이합니다. ㅎㅎ 그냥 저는 옆에서 아픈 지 다친 곳은 없는 지 건강상태만 확인해요.",
          "summary": "",
          "date": "2022-11-01",
          "time": "14:47:04",
          "terminate": "false"
        },
        {
          "speaker": "speaker1",
          "personaID": "20237",
          "participantID": "1188",
          "utterance": "신기하네요. 고양이는 영역동물이라 서로 싸울 수도 있다고 들었거든요.",
          "summary": "",
          "date": "2022-11-01",
          "time": "14:47:28",
          "terminate": "false"
        },
        {
          "speaker": "speaker2",
          "personaID": "20873",
          "participantID": "1200",
          "utterance": "네.일반적으로는 맞아요. 그런데 얘네들은 태어날 때 부터 같이 있어서 서로 꺼리김 없이 지낸답니다. 고양이에 대해 잘 아시네요?",
          "summary": "",
          "date": "2022-11-01",
          "time": "14:48:16",
          "terminate": "false"
        },
        {
          "speaker": "speaker1",
          "personaID": "20237",
          "participantID": "1188",
          "utterance": "제가 고양이는 안 키우지만 고양이를 좋아하기도 하고, 배달하면서 많이 봤거든요. 너무 귀여워요.",
          "summary": "",
          "date": "2022-11-01",
          "time": "14:48:45",
          "terminate": "false"
        },
        {
          "speaker": "speaker2",
          "personaID": "20873",
          "participantID": "1200",
          "utterance": "길고양이들 많이 보셨구나. 걔네들 보면 마음이 너무 아파요.ㅠㅠ.",
          "summary": "",
          "date": "2022-11-01",
          "time": "14:49:06",
          "terminate": "false"
        },
        {
          "speaker": "speaker1",
          "personaID": "20237",
          "participantID": "1188",
          "utterance": "그래도 전 나름 걔네가 행복할 거라고 생각해요. 자유롭잖아요.",
          "summary": "",
          "date": "2022-11-01",
          "time": "14:49:29",
          "terminate": "false"
        },
        {
          "speaker": "speaker2",
          "personaID": "20873",
          "participantID": "1200",
          "utterance": "음. 그렇게 생각하는 게 편할 거 같네요.맞아요! 슬슬 아내 올 시간이 됐네요.",
          "summary": "",
          "date": "2022-11-01",
          "time": "14:50:11",
          "terminate": "false"
        },
        {
          "speaker": "speaker1",
          "personaID": "20237",
          "participantID": "1188",
          "utterance": "생각보다 빨리 오시네요. 그럼 다음에 다시 대화할까요? 저도 신 음식 먹으러 가야겠어요.",
          "summary": "",
          "date": "2022-11-01",
          "time": "14:50:36",
          "terminate": "false"
        },
        {
          "speaker": "speaker2",
          "personaID": "20873",
          "participantID": "1200",
          "utterance": "우웩..신 음식은 보기만해도 속이 좋지 않네요. 다음에 언제 대화할까요?",
          "summary": "",
          "date": "2022-11-01",
          "time": "14:51:17",
          "terminate": "false"
        },
        {
          "speaker": "speaker1",
          "personaID": "20237",
          "participantID": "1188",
          "utterance": "노렸는데 정확히 맞췄군요. 하하. 내일 일어나서 다시 연락드릴게요.",
          "summary": "",
          "date": "2022-11-01",
          "time": "14:51:39",
          "terminate": "false"
        },
        {
          "speaker": "speaker2",
          "personaID": "20873",
          "participantID": "1200",
          "utterance": "네. 그럼 내일 다시 대화해요~",
          "summary": "",
          "date": "2022-11-01",
          "time": "14:51:59",
          "terminate": "true"
        }
      ],
      "sessionPersonaSummary": {
        "speaker1": [],
        "speaker2": []
      },
      "prevAggregatedpersonaSummary": {
        "speaker1": [
          "나는 20대이고, 남자이다.",
          "나는 영어를 싫어한다.",
          "나는 야구를 가끔 한다.",
          "나는 고양이를 좋아한다."
        ],
        "speaker2": [
          "나는 20대 남자이고 은행원이다.",
          "나는 종교가 없다.",
          "나는 고양이 5마리를 키운다.",
          "나는 신 음식을 안 먹는다."
        ]
      }
    }
  ]
}