{
  "FileInfo": {
    "filename": "K2-00268-CL32797-CP33121-07-01-S2.json",
    "sessionLevel": "2"
  },
  "participantsInfo": {
    "numberOfParticipants": "2",
    "speaker1": {
      "participantID": "0617",
      "gender": "남성",
      "age": "30대",
      "occupation": "사무직",
      "bPlace": "서울/경기/인천",
      "gPlace": "서울/경기/인천",
      "rPlace": "서울/경기/인천",
      "educationLevel": "고졸"
    },
    "speaker2": {
      "participantID": "0764",
      "gender": "남성",
      "age": "30대",
      "occupation": "무직",
      "bPlace": "서울/경기/인천",
      "gPlace": "서울/경기/인천",
      "rPlace": "서울/경기/인천",
      "educationLevel": "대졸"
    }
  },
  "multisessionInfo": {
    "multisessionID": "2-00268"
  },
  "personaInfo": {
    "clInfo": {
      "personaID": "32797",
      "personaFeatures": [
        "나는 남자이다.",
        "나는 30대이다.",
        "나는 아침에 오늘의 운세를 읽는다.",
        "나는 연극 감독이다.",
        "나는 자기계발서를 싫어한다.",
        "나는 비빔냉면을 안 먹는다."
      ],
      "speakerType": "speaker1"
    },
    "cpInfo": {
      "personaID": "33121",
      "personaFeatures": [
        "나는 남자이다.",
        "나는 30대이다.",
        "나는 스페인어학과를 전공했다.",
        "나는 색소폰 연주를 가끔 한다.",
        "나는 소설을 가끔 읽는다.",
        "나는 야근을 하는 것을 좋아한다."
      ],
      "speakerType": "speaker2"
    }
  },
  "topicInfo": {
    "topicID": "07-01",
    "topicType": "개인 및 관계>가족",
    "topicTitle": "부모님"
  },
  "sessionInfo": [
    {
      "prevSessionID": null,
      "prevTimeInfo": {
        "timeNum": null,
        "timeUnit": null
      },
      "nthSession": "1",
      "numberOfUtterances": "16",
      "numberOfTurns": "8",
      "sessionID": "2-00268-1",
      "dialog": [
        {
          "speaker": "speaker1",
          "personaID": "32797",
          "participantID": "0617",
          "utterance": "반갑습니다. 저는 연극 감독이고 창원에 사는 30대 남자입니다.",
          "summary": "나는 연극 감독이다. 나는 창원에 사는 30대 남자이다.",
          "date": "2022-10-10",
          "time": "14:07:24",
          "terminate": "false"
        },
        {
          "speaker": "speaker2",
          "personaID": "33121",
          "participantID": "0764",
          "utterance": "전 경산에 살고 있는 30대 남성이에요. 저도 반가워요~",
          "summary": "나는 경산에 사는 30대 남성이다.",
          "date": "2022-10-10",
          "time": "14:07:48",
          "terminate": "false"
        },
        {
          "speaker": "speaker1",
          "personaID": "32797",
          "participantID": "0617",
          "utterance": "오늘 아침에 운세를 읽었는데 재물운이 들어온다고 하네요. 오늘 복권을 하나 사야겠네요. 평소에 복권 사세요?",
          "summary": "오늘 아침에 운세를 읽었는데 재물운이 들어온다고 한다.",
          "date": "2022-10-10",
          "time": "14:08:15",
          "terminate": "false"
        },
        {
          "speaker": "speaker2",
          "personaID": "33121",
          "participantID": "0764",
          "utterance": "가끔 생각날 때 복권을 사는편이에요~ 오늘 당첨되시는거 아닌가요?",
          "summary": "나는 가끔 생각날 때 복권을 산다.",
          "date": "2022-10-10",
          "time": "14:08:30",
          "terminate": "false"
        },
        {
          "speaker": "speaker1",
          "personaID": "32797",
          "participantID": "0617",
          "utterance": "복권 당첨 되었으면 좋겠어요. 일하고 계세요?",
          "summary": "",
          "date": "2022-10-10",
          "time": "14:08:45",
          "terminate": "false"
        },
        {
          "speaker": "speaker2",
          "personaID": "33121",
          "participantID": "0764",
          "utterance": "네~ 일하고 있어요~ 요즘 야근을 많이해서 너무 좋아요~ 제가 야근 하는것을 좋아하거든요~",
          "summary": "나는 야근을 많이 해서 좋다.",
          "date": "2022-10-10",
          "time": "14:09:12",
          "terminate": "false"
        },
        {
          "speaker": "speaker1",
          "personaID": "32797",
          "participantID": "0617",
          "utterance": "야근 하는것을 좋아하시는구나. 무슨일 하세요?",
          "summary": "",
          "date": "2022-10-10",
          "time": "14:09:22",
          "terminate": "false"
        },
        {
          "speaker": "speaker2",
          "personaID": "33121",
          "participantID": "0764",
          "utterance": "스페인어학과를 전공해서 호텔에서 일하고 있어요~",
          "summary": "나는 스페인어학과를 전공했다. 나는 호텔에서 일한다.",
          "date": "2022-10-10",
          "time": "14:09:45",
          "terminate": "false"
        },
        {
          "speaker": "speaker1",
          "personaID": "32797",
          "participantID": "0617",
          "utterance": "호텔에서 일하시는구나. 식사는 하셨어요?",
          "summary": "",
          "date": "2022-10-10",
          "time": "14:10:01",
          "terminate": "false"
        },
        {
          "speaker": "speaker2",
          "personaID": "33121",
          "participantID": "0764",
          "utterance": "전 방금 라면에 밥을 말아 먹었어요~ 배부르네요~",
          "summary": "나는 방금 라면에 밥을 말아먹었다.",
          "date": "2022-10-10",
          "time": "14:10:32",
          "terminate": "false"
        },
        {
          "speaker": "speaker1",
          "personaID": "32797",
          "participantID": "0617",
          "utterance": "라면 드셨구나. 저는 오늘 삼겹살을 먹었는데 물냉면을 시켰는데 비빔냉면이 나왔더라구요. 저는 비빔냉면은 안먹어서 그냥 동료주고 물냉으로 따로 시켰어요.",
          "summary": "오늘 삼겹살을 먹었다. 나는 비빔냉면을 안 먹는다.",
          "date": "2022-10-10",
          "time": "14:11:19",
          "terminate": "false"
        },
        {
          "speaker": "speaker2",
          "personaID": "33121",
          "participantID": "0764",
          "utterance": "비빔냉면을 안드시나보네요~ 비빔냉면 맛있지 않아요?",
          "summary": "",
          "date": "2022-10-10",
          "time": "14:11:34",
          "terminate": "false"
        },
        {
          "speaker": "speaker1",
          "personaID": "32797",
          "participantID": "0617",
          "utterance": "저는 조금만 양념이 들어가도 매워해서 비빔냉면을 안먹어요.",
          "summary": "나는 매운 것을 못 먹는다.",
          "date": "2022-10-10",
          "time": "14:11:47",
          "terminate": "false"
        },
        {
          "speaker": "speaker2",
          "personaID": "33121",
          "participantID": "0764",
          "utterance": "매운것을 못드시나보네요~ 저는 매운걸 좋아해요~",
          "summary": "나는 매운 걸 좋아한다.",
          "date": "2022-10-10",
          "time": "14:12:11",
          "terminate": "false"
        },
        {
          "speaker": "speaker1",
          "personaID": "32797",
          "participantID": "0617",
          "utterance": "저도 매운것을 잘먹고 싶어요. 저는 이제 연극 리허설이 있어서 가볼게요.",
          "summary": "나는 연극 리허설을 하러 간다.",
          "date": "2022-10-10",
          "time": "14:12:36",
          "terminate": "false"
        },
        {
          "speaker": "speaker2",
          "personaID": "33121",
          "participantID": "0764",
          "utterance": "조심히 다녀오시고 나중에 한가할 때 연락 주세요~",
          "summary": "",
          "date": "2022-10-10",
          "time": "14:12:47",
          "terminate": "true"
        }
      ],
      "sessionPersonaSummary": {
        "speaker1": [
          "나는 연극 감독이다. 나는 창원에 사는 30대 남자이다.",
          "오늘 아침에 운세를 읽었는데 재물운이 들어온다고 한다.",
          "오늘 삼겹살을 먹었다. 나는 비빔냉면을 안 먹는다.",
          "나는 매운 것을 못 먹는다.",
          "나는 연극 리허설을 하러 간다."
        ],
        "speaker2": [
          "나는 경산에 사는 30대 남성이다.",
          "나는 가끔 생각날 때 복권을 산다.",
          "나는 야근을 많이 해서 좋다.",
          "나는 스페인어학과를 전공했다. 나는 호텔에서 일한다.",
          "나는 방금 라면에 밥을 말아먹었다.",
          "나는 매운 걸 좋아한다."
        ]
      },
      "prevAggregatedpersonaSummary": {
        "speaker1": [],
        "speaker2": []
      }
    },
    {
      "prevSessionID": "2-00268-1",
      "prevTimeInfo": {
        "timeNum": "6",
        "timeUnit": "시간"
      },
      "nthSession": "2",
      "numberOfUtterances": "20",
      "numberOfTurns": "10",
      "sessionID": "2-00268-2",
      "dialog": [
        {
          "speaker": "speaker1",
          "personaID": "32797",
          "participantID": "0617",
          "utterance": "오늘 연극 마지막 리허설을 끝내고 연극인들과 저녁밥 먹고 퇴근했어요. 일하고 계세요?",
          "summary": "나는 연극인들과 저녁밥을 먹고 퇴근했다.",
          "date": "2022-10-10",
          "time": "14:14:44",
          "terminate": "false"
        },
        {
          "speaker": "speaker2",
          "personaID": "33121",
          "participantID": "0764",
          "utterance": "네~ 오늘 야근 하고 있어요~ 지금은 조금 한가해서 소설 읽고 있어요~ 시간이 있을 때 가끔 소설을 읽거든요~",
          "summary": "나는 야근하고 있지만 한가해서 소설을 읽고 있다.",
          "date": "2022-10-10",
          "time": "14:15:06",
          "terminate": "false"
        },
        {
          "speaker": "speaker1",
          "personaID": "32797",
          "participantID": "0617",
          "utterance": "소설을 좋아하시나봐요. 저녁 식사는 하셨어요?",
          "summary": "",
          "date": "2022-10-10",
          "time": "14:15:15",
          "terminate": "false"
        },
        {
          "speaker": "speaker2",
          "personaID": "33121",
          "participantID": "0764",
          "utterance": "저녁은 아직 안먹었어요~ 조금 있다가 먹을 생각이에요~",
          "summary": "나는 저녁밥을 안 먹었다.",
          "date": "2022-10-10",
          "time": "14:15:29",
          "terminate": "false"
        },
        {
          "speaker": "speaker1",
          "personaID": "32797",
          "participantID": "0617",
          "utterance": "아직 저녁 생각이 없으신가봐요. 오늘 몇시까지 야근 하세요?",
          "summary": "",
          "date": "2022-10-10",
          "time": "14:15:40",
          "terminate": "false"
        },
        {
          "speaker": "speaker2",
          "personaID": "33121",
          "participantID": "0764",
          "utterance": "4시간 더 하면 되요~ 야근 많이 해서 색소폰을 새로 구입하려구요~",
          "summary": "나는 야근이 4시간 남았다.",
          "date": "2022-10-10",
          "time": "14:15:58",
          "terminate": "false"
        },
        {
          "speaker": "speaker1",
          "personaID": "32797",
          "participantID": "0617",
          "utterance": "색소폰 연주를 하시나봐요. 색소폰 연주 멋있네요.",
          "summary": "",
          "date": "2022-10-10",
          "time": "14:16:21",
          "terminate": "false"
        },
        {
          "speaker": "speaker2",
          "personaID": "33121",
          "participantID": "0764",
          "utterance": "집에서 가끔 색소폰 연주를 해요~ 지금 색소폰이 망가져서 하나 사야하거든요~",
          "summary": "나는 가끔 색소폰 연주를 한다. 나의 색소폰은 지금 망가졌다.",
          "date": "2022-10-10",
          "time": "14:16:39",
          "terminate": "false"
        },
        {
          "speaker": "speaker1",
          "personaID": "32797",
          "participantID": "0617",
          "utterance": "그러면 야근 열심히 하셔야겠네요. 오늘 복권을 샀는데 5천원이 당첨 되었어요. 오늘의 운세가 맞나봐요.",
          "summary": "나는 오늘 복권 5천 원 당첨이 되었다.",
          "date": "2022-10-10",
          "time": "14:17:00",
          "terminate": "false"
        },
        {
          "speaker": "speaker2",
          "personaID": "33121",
          "participantID": "0764",
          "utterance": "축하드려요~ 5천원도 당첨되기 힘들잖아요~",
          "summary": "",
          "date": "2022-10-10",
          "time": "14:17:13",
          "terminate": "false"
        },
        {
          "speaker": "speaker1",
          "personaID": "32797",
          "participantID": "0617",
          "utterance": "그렇죠. 저는 오늘 부모님께 자기계발서 하나 사드리려고 서점가고 있어요.",
          "summary": "나는 부모님 자기 계발서 사드리려고 서점 가고 있다.",
          "date": "2022-10-10",
          "time": "14:17:43",
          "terminate": "false"
        },
        {
          "speaker": "speaker2",
          "personaID": "33121",
          "participantID": "0764",
          "utterance": "부모님이 자기계발서를 좋아하시나보네요~",
          "summary": "",
          "date": "2022-10-10",
          "time": "14:17:51",
          "terminate": "false"
        },
        {
          "speaker": "speaker1",
          "personaID": "32797",
          "participantID": "0617",
          "utterance": "맞아요. 근데 부모님은 자기계발서를 좋아하지만 저는 자기계발서를 싫어해요.",
          "summary": "부모님은 자기 계발서를 좋아하지만 나는 자기 계발서를 싫어한다.",
          "date": "2022-10-10",
          "time": "14:18:09",
          "terminate": "false"
        },
        {
          "speaker": "speaker2",
          "personaID": "33121",
          "participantID": "0764",
          "utterance": "보통 부모님이 독서를 좋아하면 자녀도 독서를 좋아할텐데 신기하네요~",
          "summary": "",
          "date": "2022-10-10",
          "time": "14:18:26",
          "terminate": "false"
        },
        {
          "speaker": "speaker1",
          "personaID": "32797",
          "participantID": "0617",
          "utterance": "자기계발서에 나와 있는 내용이 허황된 말이 많은 것 같아서 싫어해요.",
          "summary": "나는 자기 계발서에 내용은 허황된 말이 많다고 생각한다.",
          "date": "2022-10-10",
          "time": "14:18:43",
          "terminate": "false"
        },
        {
          "speaker": "speaker2",
          "personaID": "33121",
          "participantID": "0764",
          "utterance": "사람마다 생각이 다르니까 싫어 하실 수 있죠~ 저는 저희 부모님도 저처럼 가끔 소설을 읽으시거든요~",
          "summary": "나의 부모님은 가끔 소설을 읽는다.",
          "date": "2022-10-10",
          "time": "14:18:59",
          "terminate": "false"
        },
        {
          "speaker": "speaker1",
          "personaID": "32797",
          "participantID": "0617",
          "utterance": "부모님도 소설을 좋아하시나봐요. 근데 서점에 왔는데 뭘 사야할지 모르겠네요.",
          "summary": "나는 서점에 도착했다.",
          "date": "2022-10-10",
          "time": "14:19:29",
          "terminate": "false"
        },
        {
          "speaker": "speaker2",
          "personaID": "33121",
          "participantID": "0764",
          "utterance": "그러면 베스트셀러를 구입하셔서 드려보세요~",
          "summary": "",
          "date": "2022-10-10",
          "time": "14:19:44",
          "terminate": "false"
        },
        {
          "speaker": "speaker1",
          "personaID": "32797",
          "participantID": "0617",
          "utterance": "그렇게 해야겠네요. 저는 서점좀 둘러 보러 가볼게요.",
          "summary": "",
          "date": "2022-10-10",
          "time": "14:19:55",
          "terminate": "false"
        },
        {
          "speaker": "speaker2",
          "personaID": "33121",
          "participantID": "0764",
          "utterance": "오늘 부모님 선물 잘 해드리시고 다음에 이야기 나눠요~",
          "summary": "",
          "date": "2022-10-10",
          "time": "14:20:04",
          "terminate": "true"
        }
      ],
      "sessionPersonaSummary": {
        "speaker1": [
          "나는 연극인들과 저녁밥을 먹고 퇴근했다.",
          "나는 오늘 복권 5천 원 당첨이 되었다.",
          "나는 부모님 자기 계발서 사드리려고 서점 가고 있다.",
          "부모님은 자기 계발서를 좋아하지만 나는 자기 계발서를 싫어한다.",
          "나는 자기 계발서에 내용은 허황된 말이 많다고 생각한다.",
          "나는 서점에 도착했다."
        ],
        "speaker2": [
          "나는 야근하고 있지만 한가해서 소설을 읽고 있다.",
          "나는 저녁밥을 안 먹었다.",
          "나는 야근이 4시간 남았다.",
          "나는 가끔 색소폰 연주를 한다. 나의 색소폰은 지금 망가졌다.",
          "나의 부모님은 가끔 소설을 읽는다."
        ]
      },
      "prevAggregatedpersonaSummary": {
        "speaker1": [
          "나는 연극 감독이다. 나는 창원에 사는 30대 남자이다.",
          "오늘 아침에 운세를 읽었는데 재물운이 들어온다고 한다.",
          "오늘 삼겹살을 먹었다. 나는 비빔냉면을 안 먹는다.",
          "나는 매운 것을 못 먹는다.",
          "나는 연극 리허설을 하러 간다."
        ],
        "speaker2": [
          "나는 경산에 사는 30대 남성이다.",
          "나는 가끔 생각날 때 복권을 산다.",
          "나는 야근을 많이 해서 좋다.",
          "나는 스페인어학과를 전공했다. 나는 호텔에서 일한다.",
          "나는 방금 라면에 밥을 말아먹었다.",
          "나는 매운 걸 좋아한다."
        ]
      }
    }
  ]
}