{
  "FileInfo": {
    "filename": "K2-00307-CL30199-CP32012-19-02-S2.json",
    "sessionLevel": "2"
  },
  "participantsInfo": {
    "numberOfParticipants": "2",
    "speaker1": {
      "participantID": "0420",
      "gender": "남성",
      "age": "30대",
      "occupation": "무직",
      "bPlace": "부산/대구/울산/경상",
      "gPlace": "부산/대구/울산/경상",
      "rPlace": "부산/대구/울산/경상",
      "educationLevel": "대졸"
    },
    "speaker2": {
      "participantID": "0490",
      "gender": "여성",
      "age": "30대",
      "occupation": "서비스직",
      "bPlace": "서울/경기/인천",
      "gPlace": "서울/경기/인천",
      "rPlace": "서울/경기/인천",
      "educationLevel": "대졸"
    }
  },
  "multisessionInfo": {
    "multisessionID": "2-00307"
  },
  "personaInfo": {
    "clInfo": {
      "personaID": "30199",
      "personaFeatures": [
        "나는 남자이다.",
        "나는 30대이다.",
        "나는 자동차공학과를 전공했다.",
        "나는 배구를 자주 한다.",
        "나는 딸기를 싫어한다."
      ],
      "speakerType": "speaker1"
    },
    "cpInfo": {
      "personaID": "32012",
      "personaFeatures": [
        "나는 여자이다.",
        "나는 30대이다.",
        "나는 학원 영어 강사이다.",
        "나는 실내에서 스크린 골프 치는 것을 싫어한다.",
        "나는 짜장면을 안 먹는다."
      ],
      "speakerType": "speaker2"
    }
  },
  "topicInfo": {
    "topicID": "19-02",
    "topicType": "예술문화 생활>방송/연예",
    "topicTitle": "드라마"
  },
  "sessionInfo": [
    {
      "prevSessionID": null,
      "prevTimeInfo": {
        "timeNum": null,
        "timeUnit": null
      },
      "nthSession": "1",
      "numberOfUtterances": "14",
      "numberOfTurns": "7",
      "sessionID": "2-00307-1",
      "dialog": [
        {
          "speaker": "speaker1",
          "personaID": "30199",
          "participantID": "0420",
          "utterance": "안녕하십니까. 저는 30대 남자입니다.",
          "summary": "나는 30대 남자이다.",
          "date": "2022-09-21",
          "time": "13:23:20",
          "terminate": "false"
        },
        {
          "speaker": "speaker2",
          "personaID": "32012",
          "participantID": "0490",
          "utterance": "안녕하십니까. 저는 30대 여자입니다. 저는 학원 영어 강사입니다.",
          "summary": "나는 30대 여자이다. 나는 학원 영어 강사이다.",
          "date": "2022-09-21",
          "time": "13:23:12",
          "terminate": "false"
        },
        {
          "speaker": "speaker1",
          "personaID": "30199",
          "participantID": "0420",
          "utterance": "저는 자동차공학과를 전공하고 지금은 자동차 정비소에서 일하고 있어요.",
          "summary": "나는 자동차 공학과를 전공한다. 나는 자동차 정비소에서 일한다.",
          "date": "2022-09-21",
          "time": "13:24:12",
          "terminate": "false"
        },
        {
          "speaker": "speaker2",
          "personaID": "32012",
          "participantID": "0490",
          "utterance": "아 카센터에서 일하시는구나. 저랑은 좀 다른 일이네요.",
          "summary": "",
          "date": "2022-09-21",
          "time": "13:24:23",
          "terminate": "false"
        },
        {
          "speaker": "speaker1",
          "personaID": "30199",
          "participantID": "0420",
          "utterance": "네 맞아요. 확연히 다른 일이네요.",
          "summary": "",
          "date": "2022-09-21",
          "time": "13:24:47",
          "terminate": "false"
        },
        {
          "speaker": "speaker2",
          "personaID": "32012",
          "participantID": "0490",
          "utterance": "요즘 장사는 어떻게 좀 잘 되세요?",
          "summary": "",
          "date": "2022-09-21",
          "time": "13:24:57",
          "terminate": "false"
        },
        {
          "speaker": "speaker1",
          "personaID": "30199",
          "participantID": "0420",
          "utterance": "제가 운영하는 건 아니고 저는 그냥 직원이라서요. 손님은 늘 끊임없죠.",
          "summary": "",
          "date": "2022-09-21",
          "time": "13:25:08",
          "terminate": "false"
        },
        {
          "speaker": "speaker2",
          "personaID": "32012",
          "participantID": "0490",
          "utterance": "아 그렇군요. 저는 요즘 원생들이 너무 늘어서요.",
          "summary": "나는 요즘 학원 원생이 너무 늘었다.",
          "date": "2022-09-21",
          "time": "13:25:29",
          "terminate": "false"
        },
        {
          "speaker": "speaker1",
          "personaID": "30199",
          "participantID": "0420",
          "utterance": "아 학원을 직접 운영하세요??",
          "summary": "",
          "date": "2022-09-21",
          "time": "13:25:38",
          "terminate": "false"
        },
        {
          "speaker": "speaker2",
          "personaID": "32012",
          "participantID": "0490",
          "utterance": "아뇨. 저도 직접 운영하는건 아닌데 그냥 늘었더라고요. 스케쥴이 빡빡해요.",
          "summary": "나는 스케줄이 빡빡하다.",
          "date": "2022-09-21",
          "time": "13:25:51",
          "terminate": "false"
        },
        {
          "speaker": "speaker1",
          "personaID": "30199",
          "participantID": "0420",
          "utterance": "그러시구나. 아 반도 여러반 맡으시겠네요.",
          "summary": "",
          "date": "2022-09-21",
          "time": "13:26:02",
          "terminate": "false"
        },
        {
          "speaker": "speaker2",
          "personaID": "32012",
          "participantID": "0490",
          "utterance": "그렇죠 그러다보니까 맨날 중식만 시켜주는데 제가 짜장면을 안 먹어서요.",
          "summary": "나는 짜장면을 안 먹는다.",
          "date": "2022-09-21",
          "time": "13:26:15",
          "terminate": "false"
        },
        {
          "speaker": "speaker1",
          "personaID": "30199",
          "participantID": "0420",
          "utterance": "그렇군요. 난감하겠네요. 저는 이만 자주 하는 배구 하러 가볼게요!",
          "summary": "나는 배구를 자주 한다.",
          "date": "2022-09-21",
          "time": "13:26:28",
          "terminate": "false"
        },
        {
          "speaker": "speaker2",
          "personaID": "32012",
          "participantID": "0490",
          "utterance": "그렇군요. 그럼 저는 가보겠습니다. 좋은 하루 되세요.",
          "summary": "",
          "date": "2022-09-21",
          "time": "13:26:31",
          "terminate": "true"
        }
      ],
      "sessionPersonaSummary": {
        "speaker1": [
          "나는 30대 남자이다.",
          "나는 자동차 공학과를 전공한다. 나는 자동차 정비소에서 일한다.",
          "나는 배구를 자주 한다."
        ],
        "speaker2": [
          "나는 30대 여자이다. 나는 학원 영어 강사이다.",
          "나는 요즘 학원 원생이 너무 늘었다.",
          "나는 스케줄이 빡빡하다.",
          "나는 짜장면을 안 먹는다."
        ]
      },
      "prevAggregatedpersonaSummary": {
        "speaker1": [],
        "speaker2": []
      }
    },
    {
      "prevSessionID": "2-00307-1",
      "prevTimeInfo": {
        "timeNum": "19",
        "timeUnit": "시간"
      },
      "nthSession": "2",
      "numberOfUtterances": "14",
      "numberOfTurns": "7",
      "sessionID": "2-00307-2",
      "dialog": [
        {
          "speaker": "speaker1",
          "personaID": "30199",
          "participantID": "0420",
          "utterance": "안녕하세요. 어제는 잘 마무리 하셨나요? 19시간 지났네요.",
          "summary": "",
          "date": "2022-09-21",
          "time": "13:26:44",
          "terminate": "false"
        },
        {
          "speaker": "speaker2",
          "personaID": "32012",
          "participantID": "0490",
          "utterance": "아 안녕하세요. 저번에 배구한다고 하셨었죠?",
          "summary": "",
          "date": "2022-09-21",
          "time": "13:26:46",
          "terminate": "false"
        },
        {
          "speaker": "speaker1",
          "personaID": "30199",
          "participantID": "0420",
          "utterance": "아 네 그랬죠. 왜요? 그쪽도 흥미가 있으세요?",
          "summary": "",
          "date": "2022-09-21",
          "time": "13:27:00",
          "terminate": "false"
        },
        {
          "speaker": "speaker2",
          "personaID": "32012",
          "participantID": "0490",
          "utterance": "아 아뇨. 같은 스포츠맨이다 싶어서요. 저는 골프를 좋아하거든요.",
          "summary": "나는 골프를 좋아한다.",
          "date": "2022-09-21",
          "time": "13:27:11",
          "terminate": "false"
        },
        {
          "speaker": "speaker1",
          "personaID": "30199",
          "participantID": "0420",
          "utterance": "아 골프 좋아하시는구나. 요즘 드라마에도 골프가 자주 등장하던데요.",
          "summary": "",
          "date": "2022-09-21",
          "time": "13:27:26",
          "terminate": "false"
        },
        {
          "speaker": "speaker2",
          "personaID": "32012",
          "participantID": "0490",
          "utterance": "아 그래요? 다만 저는 실내에서 스크린 골프 하는 건 싫어합니다.",
          "summary": "나는 실내에서 스크린 골프를 싫어한다.",
          "date": "2022-09-21",
          "time": "13:27:39",
          "terminate": "false"
        },
        {
          "speaker": "speaker1",
          "personaID": "30199",
          "participantID": "0420",
          "utterance": "실내는 싫어하세요? 야외가 더 재밌나요?",
          "summary": "",
          "date": "2022-09-21",
          "time": "13:27:55",
          "terminate": "false"
        },
        {
          "speaker": "speaker2",
          "personaID": "32012",
          "participantID": "0490",
          "utterance": "네 맞아요. 그러고보니 제가 본 드라마 수리남에서도 나오더라고요. 골프 장면이요.",
          "summary": "나는 수리남을 봤다.",
          "date": "2022-09-21",
          "time": "13:28:09",
          "terminate": "false"
        },
        {
          "speaker": "speaker1",
          "personaID": "30199",
          "participantID": "0420",
          "utterance": "아 저도 그 드라마 말하는거였는데.",
          "summary": "",
          "date": "2022-09-21",
          "time": "13:28:29",
          "terminate": "false"
        },
        {
          "speaker": "speaker2",
          "personaID": "32012",
          "participantID": "0490",
          "utterance": "아 그렇군요. 확실히 인기가 있는 장르 긴하죠.",
          "summary": "",
          "date": "2022-09-21",
          "time": "13:28:39",
          "terminate": "false"
        },
        {
          "speaker": "speaker1",
          "personaID": "30199",
          "participantID": "0420",
          "utterance": "네 그죠. 요즘 젊은 사람들 자주 하더라고요.",
          "summary": "",
          "date": "2022-09-21",
          "time": "13:28:50",
          "terminate": "false"
        },
        {
          "speaker": "speaker2",
          "personaID": "32012",
          "participantID": "0490",
          "utterance": "네 그렇죠. 자주 하는게 제일 좋은건 같아요.",
          "summary": "",
          "date": "2022-09-21",
          "time": "13:29:11",
          "terminate": "false"
        },
        {
          "speaker": "speaker1",
          "personaID": "30199",
          "participantID": "0420",
          "utterance": "맞죠. 저는 동료가 싫어하는 딸기를 권해주는데 일단은 가볼게요~",
          "summary": "나는 딸기를 싫어한다.",
          "date": "2022-09-21",
          "time": "13:29:25",
          "terminate": "false"
        },
        {
          "speaker": "speaker2",
          "personaID": "32012",
          "participantID": "0490",
          "utterance": "네 일단은 저도 가보곘습니다. 다음에 또 이야기 하시죠.",
          "summary": "",
          "date": "2022-09-21",
          "time": "13:29:38",
          "terminate": "true"
        }
      ],
      "sessionPersonaSummary": {
        "speaker1": [
          "나는 딸기를 싫어한다."
        ],
        "speaker2": [
          "나는 골프를 좋아한다.",
          "나는 실내에서 스크린 골프를 싫어한다.",
          "나는 수리남을 봤다."
        ]
      },
      "prevAggregatedpersonaSummary": {
        "speaker1": [
          "나는 30대 남자이다.",
          "나는 자동차 공학과를 전공한다. 나는 자동차 정비소에서 일한다.",
          "나는 배구를 자주 한다."
        ],
        "speaker2": [
          "나는 30대 여자이다. 나는 학원 영어 강사이다.",
          "나는 요즘 학원 원생이 너무 늘었다.",
          "나는 스케줄이 빡빡하다.",
          "나는 짜장면을 안 먹는다."
        ]
      }
    }
  ]
}