{
  "FileInfo": {
    "filename": "K2-00300-CL31680-CP22403-02-03-S2.json",
    "sessionLevel": "2"
  },
  "participantsInfo": {
    "numberOfParticipants": "2",
    "speaker1": {
      "participantID": "3160",
      "gender": "여성",
      "age": "20대",
      "occupation": "전문직",
      "bPlace": "서울/경기/인천",
      "gPlace": "서울/경기/인천",
      "rPlace": "서울/경기/인천",
      "educationLevel": "대학원졸"
    },
    "speaker2": {
      "participantID": "3067",
      "gender": "여성",
      "age": "30대",
      "occupation": "서비스직",
      "bPlace": "광주/전라/제주",
      "gPlace": "광주/전라/제주",
      "rPlace": "광주/전라/제주",
      "educationLevel": "고졸"
    }
  },
  "multisessionInfo": {
    "multisessionID": "2-00300"
  },
  "personaInfo": {
    "clInfo": {
      "personaID": "31680",
      "personaFeatures": [
        "나는 여자이다.",
        "나는 30대이다.",
        "나는 동료와 사이가 안 좋다",
        "나는 주말에 빨래를 한다",
        "나는 바이올린 연주를 가끔 한다"
      ],
      "speakerType": "speaker1"
    },
    "cpInfo": {
      "personaID": "22403",
      "personaFeatures": [
        "나는 여자이다.",
        "나는 20대이다.",
        "나는 종교가 없다",
        "나는 건축학이 부전공이다",
        "나는 축구를 싫어한다"
      ],
      "speakerType": "speaker2"
    }
  },
  "topicInfo": {
    "topicID": "02-03",
    "topicType": "주거와 생활",
    "topicTitle": "집"
  },
  "sessionInfo": [
    {
      "prevSessionID": null,
      "prevTimeInfo": {
        "timeNum": null,
        "timeUnit": null
      },
      "nthSession": "1",
      "numberOfUtterances": "14",
      "numberOfTurns": "7",
      "sessionID": "2-00300-1",
      "dialog": [
        {
          "speaker": "speaker1",
          "personaID": "31680",
          "participantID": "3160",
          "utterance": "안녕하세요 저는 30대 여성입니다.",
          "summary": "나는 30대 여성입니다.",
          "date": "2022-10-12",
          "time": "10:22:00",
          "terminate": "false"
        },
        {
          "speaker": "speaker2",
          "personaID": "22403",
          "participantID": "3067",
          "utterance": "안녕ㅌ하세요 저는 20대 여성이며 건축학을 부전공으로 하고 있는 학생입니다.",
          "summary": "나는 20대 여성이며 건축학을 부전공으로 하고 있는 학생이다",
          "date": "2022-10-12",
          "time": "10:22:26",
          "terminate": "false"
        },
        {
          "speaker": "speaker1",
          "personaID": "31680",
          "participantID": "3160",
          "utterance": "아 아직 학생이시군요! 제가 요즘 고민이 있어요..",
          "summary": "나는 요즘 고민이 있습니다.",
          "date": "2022-10-13",
          "time": "08:39:40",
          "terminate": "false"
        },
        {
          "speaker": "speaker2",
          "personaID": "22403",
          "participantID": "3067",
          "utterance": "네 아직 학생이예요~ 고민이라면 어떤게 있으신가요?",
          "summary": "",
          "date": "2022-10-13",
          "time": "09:50:19",
          "terminate": "false"
        },
        {
          "speaker": "speaker1",
          "personaID": "31680",
          "participantID": "3160",
          "utterance": "요즘 동료와 사이가 안좋거든요..정말 스트레스 받아요..",
          "summary": "나는 동료와 사이가 좋지 않습니다.",
          "date": "2022-10-13",
          "time": "12:12:01",
          "terminate": "false"
        },
        {
          "speaker": "speaker2",
          "personaID": "22403",
          "participantID": "3067",
          "utterance": "사람과의 관계가 쉬운게 아니죠~ 저도 친구랑 요즘은 의견이 달라서 조금 힘들긴 하더라구요 친구는 종교가 있고 저는 종교가 없는데 자꾸 권유를 하니 약간의 트러블이 생기더라구요",
          "summary": "나는 친구랑 의견이 달라서 조금 힘들다. 나는 친구가 종교 권유를 해서 트러블이 생긴다",
          "date": "2022-10-13",
          "time": "12:20:10",
          "terminate": "false"
        },
        {
          "speaker": "speaker1",
          "personaID": "31680",
          "participantID": "3160",
          "utterance": "그렇죠... 저는 기분이 안좋을때는 주말에 빨래를 해요 그러면 좀 속이 시원해지더라규요",
          "summary": "나는 기분이 좋지 않으면 주말에 빨래를 합니다.",
          "date": "2022-10-14",
          "time": "08:50:17",
          "terminate": "false"
        },
        {
          "speaker": "speaker2",
          "personaID": "22403",
          "participantID": "3067",
          "utterance": "활동적인걸 좋아하시는군요~ 운동은 좋아하시는거 있으세요?",
          "summary": "",
          "date": "2022-10-17",
          "time": "12:15:55",
          "terminate": "false"
        },
        {
          "speaker": "speaker1",
          "personaID": "31680",
          "participantID": "3160",
          "utterance": "저는 운동보다는 악기 연주하는거 좋아해요! 바이올린 연주를 가끔하거든요",
          "summary": "나는 가끔 바이올린 연주를 합니다.",
          "date": "2022-10-18",
          "time": "10:00:00",
          "terminate": "false"
        },
        {
          "speaker": "speaker2",
          "personaID": "22403",
          "participantID": "3067",
          "utterance": "저는 운동하는 것을 좋아하는데 축구는 싫어하고 다른 구기 종목은 좋아해요",
          "summary": "나는 운동이 좋지만 축구는 싫고 다른 구기 종목은 좋아한다",
          "date": "2022-10-19",
          "time": "14:00:00",
          "terminate": "false"
        },
        {
          "speaker": "speaker1",
          "personaID": "31680",
          "participantID": "3160",
          "utterance": "아 왜 축구를 싫어하세요? 대부분은 좋아하시던데!",
          "summary": "",
          "date": "2022-10-20",
          "time": "08:38:31",
          "terminate": "false"
        },
        {
          "speaker": "speaker2",
          "personaID": "22403",
          "participantID": "3067",
          "utterance": "제가 어릴 때 축구공으로 맞아본 적이 있어서 그런 것 같아요",
          "summary": "나는 어릴 따 축구공으로 맞아 봐서 싫다",
          "date": "2022-10-20",
          "time": "10:49:51",
          "terminate": "false"
        },
        {
          "speaker": "speaker1",
          "personaID": "31680",
          "participantID": "3160",
          "utterance": "어머머 트라우마가 있으시군요.. 트라우마 극복하기란 참 쉽지 않은거같아요",
          "summary": "",
          "date": "2022-10-20",
          "time": "12:14:20",
          "terminate": "false"
        },
        {
          "speaker": "speaker2",
          "personaID": "22403",
          "participantID": "3067",
          "utterance": "저는 강의 시간이 되어서 이만 가보겠습니다.",
          "summary": "",
          "date": "2022-10-21",
          "time": "16:30:55",
          "terminate": "true"
        }
      ],
      "sessionPersonaSummary": {
        "speaker1": [
          "나는 30대 여성입니다.",
          "나는 요즘 고민이 있습니다.",
          "나는 동료와 사이가 좋지 않습니다.",
          "나는 기분이 좋지 않으면 주말에 빨래를 합니다.",
          "나는 가끔 바이올린 연주를 합니다."
        ],
        "speaker2": [
          "나는 20대 여성이며 건축학을 부전공으로 하고 있는 학생이다",
          "나는 친구랑 의견이 달라서 조금 힘들다.",
          "나는 친구가 종교 권유를 해서 트러블이 생긴다",
          "나는 운동이 좋지만 축구는 싫고 다른 구기 종목은 좋아한다",
          "나는 어릴 따 축구공으로 맞아 봐서 싫다"
        ]
      },
      "prevAggregatedpersonaSummary": {
        "speaker1": [],
        "speaker2": []
      }
    },
    {
      "prevSessionID": "2-00300-1",
      "prevTimeInfo": {
        "timeNum": "18",
        "timeUnit": "시간"
      },
      "nthSession": "2",
      "numberOfUtterances": "14",
      "numberOfTurns": "7",
      "sessionID": "2-00300-2",
      "dialog": [
        {
          "speaker": "speaker1",
          "personaID": "31680",
          "participantID": "3160",
          "utterance": "안녕하세요! 18시간만에 연락드리네요!",
          "summary": "",
          "date": "2022-10-25",
          "time": "12:04:33",
          "terminate": "false"
        },
        {
          "speaker": "speaker2",
          "personaID": "22403",
          "participantID": "3067",
          "utterance": "네 뭐하고 계셨나요? 저는 청소 중이예요",
          "summary": "나는 청소 중이다.",
          "date": "2022-10-25",
          "time": "14:21:44",
          "terminate": "false"
        },
        {
          "speaker": "speaker1",
          "personaID": "31680",
          "participantID": "3160",
          "utterance": "아 저는 집 구조를 바꾸고 있었어요..!",
          "summary": "나는 집 구조를 바꾸고 있다",
          "date": "2022-10-26",
          "time": "10:13:16",
          "terminate": "false"
        },
        {
          "speaker": "speaker2",
          "personaID": "22403",
          "participantID": "3067",
          "utterance": "집 구조요?  저도 자취할때 혼자 원룸에서 가구배치를 이리했다 저리했다 한적 있는데 그러는 건가요?",
          "summary": "나는 자취할 때 원룸에서 살았다.",
          "date": "2022-10-27",
          "time": "14:05:14",
          "terminate": "false"
        },
        {
          "speaker": "speaker1",
          "personaID": "31680",
          "participantID": "3160",
          "utterance": "네!!항상 같은 구조로 되어 있으면 심심하더라구요~~",
          "summary": "나는 집 구조가 그대로 되어있으면 심심하다 느낀다.",
          "date": "2022-10-28",
          "time": "12:14:01",
          "terminate": "false"
        },
        {
          "speaker": "speaker2",
          "personaID": "22403",
          "participantID": "3067",
          "utterance": "맞아요 기분전환하는데엔 가구배치를 새로하는것만큼 좋은것도 없더라구요",
          "summary": "나는 가구 배치 새로 하는 게 좋다",
          "date": "2022-10-28",
          "time": "16:11:23",
          "terminate": "false"
        },
        {
          "speaker": "speaker1",
          "personaID": "31680",
          "participantID": "3160",
          "utterance": "님도 가구 재배치 가끔하시나요??",
          "summary": "",
          "date": "2022-10-31",
          "time": "00:47:16",
          "terminate": "false"
        },
        {
          "speaker": "speaker2",
          "personaID": "22403",
          "participantID": "3067",
          "utterance": "네 저는 기분에 따라서 가구배치를 자주 해요 ",
          "summary": "나는 기분에 따라서 가구 배치를 자주 한다",
          "date": "2022-10-31",
          "time": "11:23:37",
          "terminate": "false"
        },
        {
          "speaker": "speaker1",
          "personaID": "31680",
          "participantID": "3160",
          "utterance": "오 저랑 비슷하시군요! 저에게 집이란 진정한 안식처예요",
          "summary": "나는 집이 진정한 안식처다",
          "date": "2022-11-01",
          "time": "10:51:00",
          "terminate": "false"
        },
        {
          "speaker": "speaker2",
          "personaID": "22403",
          "participantID": "3067",
          "utterance": "저도 그래요 저는 건축학이 부전공이다보니 건축설계를 할때 집을 만들때가 가장 좋아요",
          "summary": "나는 건축 설계할 때가 가장 좋다",
          "date": "2022-11-01",
          "time": "15:06:04",
          "terminate": "false"
        },
        {
          "speaker": "speaker1",
          "personaID": "31680",
          "participantID": "3160",
          "utterance": "오~ 저는 나중에 전원주택을 짓고 살고 싶은데 그런것도 설계하실줄 아시나요?",
          "summary": "나는 나중에 전원주택을 짓고 살고 싶다",
          "date": "2022-11-03",
          "time": "12:13:52",
          "terminate": "false"
        },
        {
          "speaker": "speaker2",
          "personaID": "22403",
          "participantID": "3067",
          "utterance": "네 저는 설계도면을 해놓았어요. 나중에 제가 살집도 미리 가품으로 만들어보기도 했어ㅏ요",
          "summary": "나는 나중에 살집을 미리 가품으로 만들어봤다",
          "date": "2022-11-07",
          "time": "12:29:15",
          "terminate": "false"
        },
        {
          "speaker": "speaker1",
          "personaID": "31680",
          "participantID": "3160",
          "utterance": "우와! 저도 나중에 평생교육 같은걸로 배워보고싶어요!",
          "summary": "나는 건축을 배워보고 싶다.",
          "date": "2022-11-08",
          "time": "15:21:58",
          "terminate": "false"
        },
        {
          "speaker": "speaker2",
          "personaID": "22403",
          "participantID": "3067",
          "utterance": "건축쪽은 평생교육원도 있으니 꼭 배워보세요 도면그리는거나 그런게 생각보다 재미있어요  저는 이만 강의 시간이 되어서 가볼께요",
          "summary": "나는 도면 그리는 게 생각보다 재밌다.",
          "date": "2022-11-08",
          "time": "17:24:41",
          "terminate": "true"
        }
      ],
      "sessionPersonaSummary": {
        "speaker1": [
          "나는 집 구조를 바꾸고 있다",
          "나는 집 구조가 그대로 되어있으면 심심하다 느낀다.",
          "나는 집이 진정한 안식처다",
          "나는 나중에 전원주택을 짓고 살고 싶다",
          "나는 건축을 배워보고 싶다."
        ],
        "speaker2": [
          "나는 청소 중이다.",
          "나는 자취할 때 원룸에서 살았다.",
          "나는 가구 배치 새로 하는 게 좋다",
          "나는 기분에 따라서 가구 배치를 자주 한다",
          "나는 건축 설계할 때가 가장 좋다",
          "나는 나중에 살집을 미리 가품으로 만들어봤다",
          "나는 도면 그리는 게 생각보다 재밌다."
        ]
      },
      "prevAggregatedpersonaSummary": {
        "speaker1": [
          "나는 30대 여성입니다.",
          "나는 요즘 고민이 있습니다.",
          "나는 동료와 사이가 좋지 않습니다.",
          "나는 기분이 좋지 않으면 주말에 빨래를 합니다.",
          "나는 가끔 바이올린 연주를 합니다."
        ],
        "speaker2": [
          "나는 20대 여성이며 건축학을 부전공으로 하고 있는 학생이다",
          "나는 친구랑 의견이 달라서 조금 힘들다.",
          "나는 친구가 종교 권유를 해서 트러블이 생긴다",
          "나는 운동이 좋지만 축구는 싫고 다른 구기 종목은 좋아한다",
          "나는 어릴 따 축구공으로 맞아 봐서 싫다"
        ]
      }
    }
  ]
}