{
  "FileInfo": {
    "filename": "K2-00470-CL33613-CP34047-15-01-S2.json",
    "sessionLevel": "2"
  },
  "participantsInfo": {
    "numberOfParticipants": "2",
    "speaker1": {
      "participantID": "0751",
      "gender": "여성",
      "age": "30대",
      "occupation": "주부",
      "bPlace": "광주/전라/제주",
      "gPlace": "광주/전라/제주",
      "rPlace": "광주/전라/제주",
      "educationLevel": "고졸"
    },
    "speaker2": {
      "participantID": "0736",
      "gender": "여성",
      "age": "30대",
      "occupation": "주부",
      "bPlace": "서울/경기/인천",
      "gPlace": "서울/경기/인천",
      "rPlace": "서울/경기/인천",
      "educationLevel": "대졸"
    }
  },
  "multisessionInfo": {
    "multisessionID": "2-00470"
  },
  "personaInfo": {
    "clInfo": {
      "personaID": "33613",
      "personaFeatures": [
        "나는 여자이다.",
        "나는 30대이다.",
        "나는 친구와 자주 만난다.",
        "나는 신문 기자이다.",
        "나는 가끔 느긋해진다.",
        "나는 김치찌개를 즐겨 먹는다."
      ],
      "speakerType": "speaker1"
    },
    "cpInfo": {
      "personaID": "34047",
      "personaFeatures": [
        "나는 여자이다.",
        "나는 30대이다.",
        "나는 일본어를 싫어한다.",
        "나는 중학교 국어 교사이다.",
        "나는 실내에서 수영하는 것을 싫어한다.",
        "나는 매운 음식을 즐겨 먹는다."
      ],
      "speakerType": "speaker2"
    }
  },
  "topicInfo": {
    "topicID": "15-01",
    "topicType": "시사/사회>타국가이슈(해외)",
    "topicTitle": "사건 및 사고"
  },
  "sessionInfo": [
    {
      "prevSessionID": null,
      "prevTimeInfo": {
        "timeNum": null,
        "timeUnit": null
      },
      "nthSession": "1",
      "numberOfUtterances": "18",
      "numberOfTurns": "9",
      "sessionID": "2-00470-1",
      "dialog": [
        {
          "speaker": "speaker1",
          "personaID": "33613",
          "participantID": "0751",
          "utterance": "반갑습니다! 저는 30대 여자입니다~ 잘부탁드려요!",
          "summary": "나는 30대 여자이다.",
          "date": "2022-10-09",
          "time": "23:27:35",
          "terminate": "false"
        },
        {
          "speaker": "speaker2",
          "personaID": "34047",
          "participantID": "0736",
          "utterance": "네~안녕하세요ㅎㅎ저는 30대 여자예요!!",
          "summary": "나는 30대 여자이다.",
          "date": "2022-10-09",
          "time": "23:27:50",
          "terminate": "false"
        },
        {
          "speaker": "speaker1",
          "personaID": "33613",
          "participantID": "0751",
          "utterance": "우와 이렇게 만날수가 있다니 너무 신기한데요?",
          "summary": "",
          "date": "2022-10-09",
          "time": "23:28:01",
          "terminate": "false"
        },
        {
          "speaker": "speaker2",
          "personaID": "34047",
          "participantID": "0736",
          "utterance": "그러니까요! 같은 동년배인데 말 편하게 하면서 대화 나눌까요?",
          "summary": "",
          "date": "2022-10-09",
          "time": "23:28:15",
          "terminate": "false"
        },
        {
          "speaker": "speaker1",
          "personaID": "33613",
          "participantID": "0751",
          "utterance": "너무 좋죠!!! 서로 천천히 알아가봐요^^하핫 무슨 일을 하는지 물어봐도 될까..?요?",
          "summary": "",
          "date": "2022-10-09",
          "time": "23:28:42",
          "terminate": "false"
        },
        {
          "speaker": "speaker2",
          "personaID": "34047",
          "participantID": "0736",
          "utterance": "좋아~~^^ 나는 중학교 국어 교사야 너는 무슨 일하니?",
          "summary": "나는 중학교 국어 교사이다.",
          "date": "2022-10-09",
          "time": "23:28:52",
          "terminate": "false"
        },
        {
          "speaker": "speaker1",
          "personaID": "33613",
          "participantID": "0751",
          "utterance": "나는 신문 기자로 일하고있어..근데 요즘 신문 잘 안보지..?",
          "summary": "나는 신문 기자이다.",
          "date": "2022-10-09",
          "time": "23:29:03",
          "terminate": "false"
        },
        {
          "speaker": "speaker2",
          "personaID": "34047",
          "participantID": "0736",
          "utterance": "나는 신문을 자주봐! 국어가 많으니..ㅎㅎ아무래도 직업병인가.. 그래서 국어 말고 다른 언어를 싫어해.",
          "summary": "나는 신문을 자주 본다. 국어 외에 다른 언어를 싫어한다.",
          "date": "2022-10-09",
          "time": "23:29:30",
          "terminate": "false"
        },
        {
          "speaker": "speaker1",
          "personaID": "33613",
          "participantID": "0751",
          "utterance": "오 완전 국어사랑이구나? 근데 어떤 언어를 싫어하는데? 나는 요즘 일이 많이 줄어서 가끔 느긋해지거든~",
          "summary": "나는 가끔 느긋해진다.",
          "date": "2022-10-09",
          "time": "23:29:55",
          "terminate": "false"
        },
        {
          "speaker": "speaker2",
          "personaID": "34047",
          "participantID": "0736",
          "utterance": "그 중에서 일본어를 제일 싫어해! ㅎㅎ그냥 이유없지만~ 싫어~ 느긋해져도 좋지않아?",
          "summary": "나는 일본어를 싫어한다.",
          "date": "2022-10-09",
          "time": "23:30:16",
          "terminate": "false"
        },
        {
          "speaker": "speaker1",
          "personaID": "33613",
          "participantID": "0751",
          "utterance": "맞아 그래서 좋아^^근데 밥은 먹었어?",
          "summary": "",
          "date": "2022-10-09",
          "time": "23:30:29",
          "terminate": "false"
        },
        {
          "speaker": "speaker2",
          "personaID": "34047",
          "participantID": "0736",
          "utterance": "웅! 나는 매운 음식 즐겨먹어서 오늘 엽닭 먹었어~ 넌?",
          "summary": "나는 매운 음식을 즐겨 먹는다. 엽 닭을 먹었다.",
          "date": "2022-10-09",
          "time": "23:30:45",
          "terminate": "false"
        },
        {
          "speaker": "speaker1",
          "personaID": "33613",
          "participantID": "0751",
          "utterance": "오 나도 매운 음식 진짜 좋아해! 김치찌개에 청양고추 넣어서 진짜 자주 먹거든~",
          "summary": "나는 김치찌개를 즐겨 먹는다.",
          "date": "2022-10-09",
          "time": "23:31:07",
          "terminate": "false"
        },
        {
          "speaker": "speaker2",
          "personaID": "34047",
          "participantID": "0736",
          "utterance": "김치찌개도 좋지!! 너 나랑 입맛이 좀 맞는거 같은데????ㅎㅎ.",
          "summary": "나는 김치찌개를 좋아한다.",
          "date": "2022-10-09",
          "time": "23:31:19",
          "terminate": "false"
        },
        {
          "speaker": "speaker1",
          "personaID": "33613",
          "participantID": "0751",
          "utterance": "그러니까~ 너도 술 좋아하지?ㅎㅎ내 입맛은 딱 술 좋아하는 사람들 입맛이거든~",
          "summary": "",
          "date": "2022-10-09",
          "time": "23:31:35",
          "terminate": "false"
        },
        {
          "speaker": "speaker2",
          "personaID": "34047",
          "participantID": "0736",
          "utterance": "와 대박..뭔가 진짜 신기하다 나 술 좋아해! 잘맞는거 같아서 기분이 좋은데?",
          "summary": "나는 술을 좋아한다.",
          "date": "2022-10-09",
          "time": "23:31:46",
          "terminate": "false"
        },
        {
          "speaker": "speaker1",
          "personaID": "33613",
          "participantID": "0751",
          "utterance": "그러니까~ 아 대화 계속 이어서 하고싶은데 부장님이 호출하신다..다녀올게ㅠㅠ.",
          "summary": "",
          "date": "2022-10-09",
          "time": "23:32:00",
          "terminate": "false"
        },
        {
          "speaker": "speaker2",
          "personaID": "34047",
          "participantID": "0736",
          "utterance": "다음에 만나서 술 한 잔 하면 넘 좋겠다^^기회보자~",
          "summary": "",
          "date": "2022-10-09",
          "time": "23:32:05",
          "terminate": "true"
        }
      ],
      "sessionPersonaSummary": {
        "speaker1": [
          "나는 30대 여자이다.",
          "나는 신문 기자이다.",
          "나는 가끔 느긋해진다.",
          "나는 김치찌개를 즐겨 먹는다."
        ],
        "speaker2": [
          "나는 30대 여자이다.",
          "나는 중학교 국어 교사이다.",
          "나는 신문을 자주 본다. 국어 외에 다른 언어를 싫어한다.",
          "나는 일본어를 싫어한다.",
          "나는 매운 음식을 즐겨 먹는다. 엽 닭을 먹었다.",
          "나는 김치찌개를 좋아한다.",
          "나는 술을 좋아한다."
        ]
      },
      "prevAggregatedpersonaSummary": {
        "speaker1": [],
        "speaker2": []
      }
    },
    {
      "prevSessionID": "2-00470-1",
      "prevTimeInfo": {
        "timeNum": "1",
        "timeUnit": "시간"
      },
      "nthSession": "2",
      "numberOfUtterances": "18",
      "numberOfTurns": "9",
      "sessionID": "2-00470-2",
      "dialog": [
        {
          "speaker": "speaker1",
          "personaID": "33613",
          "participantID": "0751",
          "utterance": "한시간이나 지났구나.. 혹시 지금 바쁘니?",
          "summary": "",
          "date": "2022-10-09",
          "time": "23:32:11",
          "terminate": "false"
        },
        {
          "speaker": "speaker2",
          "personaID": "34047",
          "participantID": "0736",
          "utterance": "아니 안바빠~~일 열심히 하구 왔어!!?",
          "summary": "",
          "date": "2022-10-09",
          "time": "23:32:38",
          "terminate": "false"
        },
        {
          "speaker": "speaker1",
          "personaID": "33613",
          "participantID": "0751",
          "utterance": "근데 내가 일 없다고 한거 취소할게..하하 이번에 해외에서 사건사고가 크게 터져서..기삿거리 천지다~",
          "summary": "",
          "date": "2022-10-09",
          "time": "23:32:58",
          "terminate": "false"
        },
        {
          "speaker": "speaker2",
          "personaID": "34047",
          "participantID": "0736",
          "utterance": "아 진짜 너 정신 없겠다..그런 사건사고 나면 너무 정신없을거 같은데 괜찮아..?",
          "summary": "",
          "date": "2022-10-09",
          "time": "23:33:22",
          "terminate": "false"
        },
        {
          "speaker": "speaker1",
          "personaID": "33613",
          "participantID": "0751",
          "utterance": "응.. 이번에 마약 관련건이라.. 엄청 시끄러울 것같아..",
          "summary": "",
          "date": "2022-10-09",
          "time": "23:33:35",
          "terminate": "false"
        },
        {
          "speaker": "speaker2",
          "personaID": "34047",
          "participantID": "0736",
          "utterance": "그러니까! 나도 아까 뉴스 봤거든..왜 그렇게 마약 하는사람이 많은거야?",
          "summary": "나는 아까 뉴스를 봤다.",
          "date": "2022-10-09",
          "time": "23:33:59",
          "terminate": "false"
        },
        {
          "speaker": "speaker1",
          "personaID": "33613",
          "participantID": "0751",
          "utterance": "그러니까.. 해외는 어느정도 합법적인 부분이 있어서 그런 사건사고가 더 많은 것같아.",
          "summary": "",
          "date": "2022-10-09",
          "time": "23:34:17",
          "terminate": "false"
        },
        {
          "speaker": "speaker2",
          "personaID": "34047",
          "participantID": "0736",
          "utterance": "난 대한민국에서 태어난게 다행이라고 생각해.. 오늘 그럼 야근각이네?",
          "summary": "나는 대한민국에서 태어난 게 다행이라고 생각한다.",
          "date": "2022-10-09",
          "time": "23:34:35",
          "terminate": "false"
        },
        {
          "speaker": "speaker1",
          "personaID": "33613",
          "participantID": "0751",
          "utterance": "응.. 후.. 매일 퇴근하고 만나는 친구가 있는데.. 못본다고 해야겠다..",
          "summary": "나는 친구와 자주 만난다.",
          "date": "2022-10-09",
          "time": "23:34:47",
          "terminate": "false"
        },
        {
          "speaker": "speaker2",
          "personaID": "34047",
          "participantID": "0736",
          "utterance": "나는 오늘 친구랑 만나기로했어..취소 할까 ..나도..?",
          "summary": "나는 오늘 친구랑 만나기로 했다.",
          "date": "2022-10-09",
          "time": "23:35:05",
          "terminate": "false"
        },
        {
          "speaker": "speaker1",
          "personaID": "33613",
          "participantID": "0751",
          "utterance": "왜 취소해? 설마 너도 야근하는거야?",
          "summary": "",
          "date": "2022-10-09",
          "time": "23:35:13",
          "terminate": "false"
        },
        {
          "speaker": "speaker2",
          "personaID": "34047",
          "participantID": "0736",
          "utterance": "다이어트때문에 수영 끊었거든..근데 진짜 실내에서 수영하는 거 너무 싫어ㅜㅜ.",
          "summary": "나는 실내에서 수영하는 것을 싫어한다.",
          "date": "2022-10-09",
          "time": "23:35:27",
          "terminate": "false"
        },
        {
          "speaker": "speaker1",
          "personaID": "33613",
          "participantID": "0751",
          "utterance": "아 진짜? 나도 수영 싫어하는데.. 그건 취소해도 되겠는데?ㅎㅎ.",
          "summary": "나는 수영을 싫어한다.",
          "date": "2022-10-09",
          "time": "23:35:44",
          "terminate": "false"
        },
        {
          "speaker": "speaker2",
          "personaID": "34047",
          "participantID": "0736",
          "utterance": "그렇겠지? 저녁에 불닭발 시켜서 먹으면서 뉴스를 봐야겠어..",
          "summary": "나는 불닭발 시켜서 먹으면서 뉴스를 볼 예정이다.",
          "date": "2022-10-09",
          "time": "23:35:59",
          "terminate": "false"
        },
        {
          "speaker": "speaker1",
          "personaID": "33613",
          "participantID": "0751",
          "utterance": "오.. 소주도 먹을거지? 대리만족하게 해줘ㅠㅠ.",
          "summary": "",
          "date": "2022-10-09",
          "time": "23:36:08",
          "terminate": "false"
        },
        {
          "speaker": "speaker2",
          "personaID": "34047",
          "participantID": "0736",
          "utterance": "그럼 당연하지~ 오늘 불금이니까 집에서 불금 야무지게 보내볼게^^",
          "summary": "",
          "date": "2022-10-09",
          "time": "23:36:23",
          "terminate": "false"
        },
        {
          "speaker": "speaker1",
          "personaID": "33613",
          "participantID": "0751",
          "utterance": "아.. 나 부장님이 눈치 엄청준다.. 다음에 연락해야겠어ㅠㅠ.",
          "summary": "",
          "date": "2022-10-09",
          "time": "23:36:26",
          "terminate": "false"
        },
        {
          "speaker": "speaker2",
          "personaID": "34047",
          "participantID": "0736",
          "utterance": "오늘도 고생해 친구야~~ 다음에 또 연락하자~~~",
          "summary": "",
          "date": "2022-10-09",
          "time": "23:36:37",
          "terminate": "true"
        }
      ],
      "sessionPersonaSummary": {
        "speaker1": [
          "나는 친구와 자주 만난다.",
          "나는 수영을 싫어한다."
        ],
        "speaker2": [
          "나는 아까 뉴스를 봤다.",
          "나는 대한민국에서 태어난 게 다행이라고 생각한다.",
          "나는 오늘 친구랑 만나기로 했다.",
          "나는 실내에서 수영하는 것을 싫어한다.",
          "나는 불닭발 시켜서 먹으면서 뉴스를 볼 예정이다."
        ]
      },
      "prevAggregatedpersonaSummary": {
        "speaker1": [
          "나는 30대 여자이다.",
          "나는 신문 기자이다.",
          "나는 가끔 느긋해진다.",
          "나는 김치찌개를 즐겨 먹는다."
        ],
        "speaker2": [
          "나는 30대 여자이다.",
          "나는 중학교 국어 교사이다.",
          "나는 신문을 자주 본다. 국어 외에 다른 언어를 싫어한다.",
          "나는 일본어를 싫어한다.",
          "나는 매운 음식을 즐겨 먹는다. 엽 닭을 먹었다.",
          "나는 김치찌개를 좋아한다.",
          "나는 술을 좋아한다."
        ]
      }
    }
  ]
}