{
  "FileInfo": {
    "filename": "K2-00393-CL23168-CP33278-11-03-S2.json",
    "sessionLevel": "2"
  },
  "participantsInfo": {
    "numberOfParticipants": "2",
    "speaker1": {
      "participantID": "1047",
      "gender": "남성",
      "age": "20대",
      "occupation": "서비스직",
      "bPlace": "서울/경기/인천",
      "gPlace": "서울/경기/인천",
      "rPlace": "서울/경기/인천",
      "educationLevel": "대졸"
    },
    "speaker2": {
      "participantID": "1063",
      "gender": "남성",
      "age": "30대",
      "occupation": "서비스직",
      "bPlace": "서울/경기/인천",
      "gPlace": "서울/경기/인천",
      "rPlace": "서울/경기/인천",
      "educationLevel": "대졸"
    }
  },
  "multisessionInfo": {
    "multisessionID": "2-00393"
  },
  "personaInfo": {
    "clInfo": {
      "personaID": "23168",
      "personaFeatures": [
        "나는 남자이다.",
        "나는 20대이다.",
        "나의 남자 형제는 운수업을 한다.",
        "나는 방송 영상 편집 기사이다.",
        "나는 록 음악을 가끔 듣는다.",
        "나는 짠 음식을 좋아한다."
      ],
      "speakerType": "speaker1"
    },
    "cpInfo": {
      "personaID": "33278",
      "personaFeatures": [
        "나는 남자이다.",
        "나는 30대이다.",
        "나는 오전에 유튜브를 본다.",
        "나는 의사이다.",
        "나는 가끔 외롭다.",
        "나는 연인이 있지만 사이가 좋지 않다."
      ],
      "speakerType": "speaker2"
    }
  },
  "topicInfo": {
    "topicID": "11-03",
    "topicType": "여가와 오락>게임",
    "topicTitle": "전통/민속놀이"
  },
  "sessionInfo": [
    {
      "prevSessionID": null,
      "prevTimeInfo": {
        "timeNum": null,
        "timeUnit": null
      },
      "nthSession": "1",
      "numberOfUtterances": "14",
      "numberOfTurns": "7",
      "sessionID": "2-00393-1",
      "dialog": [
        {
          "speaker": "speaker1",
          "personaID": "23168",
          "participantID": "1047",
          "utterance": "대화하게 되어 반갑습니다. 저는 방송 영상 편집 기사이고 창원에 사는 20대 남자입니다.",
          "summary": "나는 방송 영상 편집기 사이다. 나는 창원에 사는 20대 남자이다.",
          "date": "2022-10-25",
          "time": "17:09:14",
          "terminate": "false"
        },
        {
          "speaker": "speaker2",
          "personaID": "33278",
          "participantID": "1063",
          "utterance": "전 의사이며 수원에 거주하고 있는 30대 남성이에요~ 저도 반가워요~",
          "summary": "나는 의사이다. 나는 수원에 사는 30대 남성이다.",
          "date": "2022-10-25",
          "time": "17:09:29",
          "terminate": "false"
        },
        {
          "speaker": "speaker1",
          "personaID": "23168",
          "participantID": "1047",
          "utterance": "오늘 친구들과 맛집 여행을 왔는데 음식이 너무 맛있네요. 식사 하셨어요?",
          "summary": "나는 친구들과 맛집 여행을 왔다.",
          "date": "2022-10-25",
          "time": "17:09:50",
          "terminate": "false"
        },
        {
          "speaker": "speaker2",
          "personaID": "33278",
          "participantID": "1063",
          "utterance": "전 방금 치킨 먹었어요~ 오전에 먹방 @브랜드명1@를 보다가 치킨이 맛있어보여서 먹었어요~",
          "summary": "나는 방금 치킨을 먹었다. 오전에 먹방 @브랜드명1@를 봤다.",
          "date": "2022-10-25",
          "time": "17:10:14",
          "terminate": "false"
        },
        {
          "speaker": "speaker1",
          "personaID": "23168",
          "participantID": "1047",
          "utterance": "치킨 맛있겠네요. 저는 짠 음식을 좋아해서 짠 음식이 있는 맛집을 자주 다녀요. 짠 음식 좋아하세요?",
          "summary": "나는 짠 음식을 좋아한다.",
          "date": "2022-10-25",
          "time": "17:10:31",
          "terminate": "false"
        },
        {
          "speaker": "speaker2",
          "personaID": "33278",
          "participantID": "1063",
          "utterance": "전 음식은 짜게 먹지는 않아요~ 짠 음식이 건강에 안좋잖아요~",
          "summary": "나는 음식을 짜게 안 먹는다. 짠 음식은 건강에 안 좋다.",
          "date": "2022-10-25",
          "time": "17:10:44",
          "terminate": "false"
        },
        {
          "speaker": "speaker1",
          "personaID": "23168",
          "participantID": "1047",
          "utterance": "건강에 안좋긴 하죠. 지금은 뭐하고 계세요?",
          "summary": "",
          "date": "2022-10-25",
          "time": "17:10:58",
          "terminate": "false"
        },
        {
          "speaker": "speaker2",
          "personaID": "33278",
          "participantID": "1063",
          "utterance": "요즘 여자친구와 사이가 안좋아서 여자친구와 사이를 좋아지게 하는 방법을 생각하고 있었어요~",
          "summary": "나는 여자 친구와 사이가 안 좋다.",
          "date": "2022-10-25",
          "time": "17:11:25",
          "terminate": "false"
        },
        {
          "speaker": "speaker1",
          "personaID": "23168",
          "participantID": "1047",
          "utterance": "여자친구분과 사이가 안좋으시구나. 왜 사이가 안좋은지 이유는 잘 모르시죠?",
          "summary": "",
          "date": "2022-10-25",
          "time": "17:11:41",
          "terminate": "false"
        },
        {
          "speaker": "speaker2",
          "personaID": "33278",
          "participantID": "1063",
          "utterance": "서로 너무 편해져서 사소한 일에도 화를 내요~",
          "summary": "나는 여자 친구와 너무 편해졌다.",
          "date": "2022-10-25",
          "time": "17:12:02",
          "terminate": "false"
        },
        {
          "speaker": "speaker1",
          "personaID": "23168",
          "participantID": "1047",
          "utterance": "너무 여자친구와 편해지셨구나. 연인들은 어느정도 거리가 필요한 것 같아요. 사귄지 오래되셨어요?",
          "summary": "연인들은 어느 정도 거리가 필요하다고 생각한다.",
          "date": "2022-10-25",
          "time": "17:12:22",
          "terminate": "false"
        },
        {
          "speaker": "speaker2",
          "personaID": "33278",
          "participantID": "1063",
          "utterance": "3년정도 만났어요~ 해를 거듭할 수록 싸우는 횟수가 잦아요~",
          "summary": "나는 여자 친구와 3년 정도 만났다.",
          "date": "2022-10-25",
          "time": "17:12:40",
          "terminate": "false"
        },
        {
          "speaker": "speaker1",
          "personaID": "23168",
          "participantID": "1047",
          "utterance": "오래 만나셨네요. 잘 극복하셨으면 좋겠어요. 저는 음식 마저 먹으러 가볼게요.",
          "summary": "",
          "date": "2022-10-25",
          "time": "17:12:53",
          "terminate": "false"
        },
        {
          "speaker": "speaker2",
          "personaID": "33278",
          "participantID": "1063",
          "utterance": "식사 맛있게 하시고 이야기 들어줘서 감사드려요~",
          "summary": "",
          "date": "2022-10-25",
          "time": "17:13:09",
          "terminate": "true"
        }
      ],
      "sessionPersonaSummary": {
        "speaker1": [
          "나는 방송 영상 편집기 사이다. 나는 창원에 사는 20대 남자이다.",
          "나는 친구들과 맛집 여행을 왔다.",
          "나는 짠 음식을 좋아한다.",
          "연인들은 어느 정도 거리가 필요하다고 생각한다."
        ],
        "speaker2": [
          "나는 의사이다. 나는 수원에 사는 30대 남성이다.",
          "나는 방금 치킨을 먹었다. 오전에 먹방 @브랜드명1@를 봤다.",
          "나는 음식을 짜게 안 먹는다. 짠 음식은 건강에 안 좋다.",
          "나는 여자 친구와 사이가 안 좋다.",
          "나는 여자 친구와 너무 편해졌다.",
          "나는 여자 친구와 3년 정도 만났다."
        ]
      },
      "prevAggregatedpersonaSummary": {
        "speaker1": [],
        "speaker2": []
      }
    },
    {
      "prevSessionID": "2-00393-1",
      "prevTimeInfo": {
        "timeNum": "1",
        "timeUnit": "시간"
      },
      "nthSession": "2",
      "numberOfUtterances": "14",
      "numberOfTurns": "7",
      "sessionID": "2-00393-2",
      "dialog": [
        {
          "speaker": "speaker1",
          "personaID": "23168",
          "participantID": "1047",
          "utterance": "저는 이제 친구 자동차 타고 제가 가끔 듣는 록 음악을 들으면서 집에 가고 있어요. 록 음악 좋아하세요?",
          "summary": "나는 친구 자동차를 타고 집에 간다.",
          "date": "2022-10-25",
          "time": "17:14:48",
          "terminate": "false"
        },
        {
          "speaker": "speaker2",
          "personaID": "33278",
          "participantID": "1063",
          "utterance": "평소에 록음악을 듣지는 않지만 가끔 외로울 때 록음악을 듣는편이에요~",
          "summary": "나는 가끔 외로울 때 록 음악을 듣는다.",
          "date": "2022-10-25",
          "time": "17:15:35",
          "terminate": "false"
        },
        {
          "speaker": "speaker1",
          "personaID": "23168",
          "participantID": "1047",
          "utterance": "저도 록 음악을 가끔 듣는데 요즘은 외로우세요?",
          "summary": "나는 록 음악을 가끔 듣는다.",
          "date": "2022-10-25",
          "time": "17:15:54",
          "terminate": "false"
        },
        {
          "speaker": "speaker2",
          "personaID": "33278",
          "participantID": "1063",
          "utterance": "여자친구와 사이가 안좋으니까 외롭죠~",
          "summary": "",
          "date": "2022-10-25",
          "time": "17:16:04",
          "terminate": "false"
        },
        {
          "speaker": "speaker1",
          "personaID": "23168",
          "participantID": "1047",
          "utterance": "저희 형도 지금 심적으로 힘든가봐요. 운수업을 하는데 거래처와 사이가 안좋아서 매일 술마시더라구요.",
          "summary": "나의 형은 심적으로 힘들다. 나의 형은 운수업을 하는데 거래처와 사이가 안 좋다.",
          "date": "2022-10-25",
          "time": "17:16:33",
          "terminate": "false"
        },
        {
          "speaker": "speaker2",
          "personaID": "33278",
          "participantID": "1063",
          "utterance": "전 술은 잘 하지 못해서 힘들 때 록 음악을 가끔 듣거나 @브랜드명1@를 봐요~",
          "summary": "나는 술을 잘 못한다. 나는 힘들 때 록 음악을 듣거나 @브랜드명1@를 본다.",
          "date": "2022-10-25",
          "time": "17:16:53",
          "terminate": "false"
        },
        {
          "speaker": "speaker1",
          "personaID": "23168",
          "participantID": "1047",
          "utterance": "고생이 많으시네요. 이제 곧 설날인데 설날에 어디 가세요?",
          "summary": "이제 곧 설날이다.",
          "date": "2022-10-25",
          "time": "17:17:12",
          "terminate": "false"
        },
        {
          "speaker": "speaker2",
          "personaID": "33278",
          "participantID": "1063",
          "utterance": "전 고향이 전주인데 전주에 내려갈 것 같아요~",
          "summary": "나는 고향이 전주이다.",
          "date": "2022-10-25",
          "time": "17:17:26",
          "terminate": "false"
        },
        {
          "speaker": "speaker1",
          "personaID": "23168",
          "participantID": "1047",
          "utterance": "저는 저희집이 큰집이라서 따로 가지는 않아요. 설날 때 민속놀이를 하세요?",
          "summary": "우리 집은 큰집이다.",
          "date": "2022-10-25",
          "time": "17:17:42",
          "terminate": "false"
        },
        {
          "speaker": "speaker2",
          "personaID": "33278",
          "participantID": "1063",
          "utterance": "저희는 민속놀이는 안해요~ 민속놀이 하시나보네요~",
          "summary": "우리 가족은 민속놀이를 안 한다.",
          "date": "2022-10-25",
          "time": "17:17:52",
          "terminate": "false"
        },
        {
          "speaker": "speaker1",
          "personaID": "23168",
          "participantID": "1047",
          "utterance": "저희 가족들은 설날에 항상 연날리러 가요. 저도 연 날리는 것을 좋아해요.",
          "summary": "나의 가족들은 설날에 항상 연을 날린다. 나는 연 날리는 것을 좋아한다.",
          "date": "2022-10-25",
          "time": "17:18:22",
          "terminate": "false"
        },
        {
          "speaker": "speaker2",
          "personaID": "33278",
          "participantID": "1063",
          "utterance": "연 날리는 것은 초등학교때 해보고 한번도 안해봤어요~",
          "summary": "나는 연 날리기를 초등학교 때 해봤다.",
          "date": "2022-10-25",
          "time": "17:18:33",
          "terminate": "false"
        },
        {
          "speaker": "speaker1",
          "personaID": "23168",
          "participantID": "1047",
          "utterance": "연 한번 날려보세요. 재미있을거에요. 저는 이제 친구와 운전 교대 하러 가볼게요.",
          "summary": "나는 친구와 운전 교대를 한다.",
          "date": "2022-10-25",
          "time": "17:18:59",
          "terminate": "false"
        },
        {
          "speaker": "speaker2",
          "personaID": "33278",
          "participantID": "1063",
          "utterance": "안전 운전 하시고 한가할 때 연락 주세요~",
          "summary": "",
          "date": "2022-10-25",
          "time": "17:19:10",
          "terminate": "true"
        }
      ],
      "sessionPersonaSummary": {
        "speaker1": [
          "나는 친구 자동차를 타고 집에 간다.",
          "나는 록 음악을 가끔 듣는다.",
          "나의 형은 심적으로 힘들다. 나의 형은 운수업을 하는데 거래처와 사이가 안 좋다.",
          "이제 곧 설날이다.",
          "우리 집은 큰집이다.",
          "나의 가족들은 설날에 항상 연을 날린다. 나는 연 날리는 것을 좋아한다.",
          "나는 친구와 운전 교대를 한다."
        ],
        "speaker2": [
          "나는 가끔 외로울 때 록 음악을 듣는다.",
          "나는 술을 잘 못한다. 나는 힘들 때 록 음악을 듣거나 @브랜드명1@를 본다.",
          "나는 고향이 전주이다.",
          "우리 가족은 민속놀이를 안 한다.",
          "나는 연 날리기를 초등학교 때 해봤다."
        ]
      },
      "prevAggregatedpersonaSummary": {
        "speaker1": [
          "나는 방송 영상 편집기 사이다. 나는 창원에 사는 20대 남자이다.",
          "나는 친구들과 맛집 여행을 왔다.",
          "나는 짠 음식을 좋아한다.",
          "연인들은 어느 정도 거리가 필요하다고 생각한다."
        ],
        "speaker2": [
          "나는 의사이다. 나는 수원에 사는 30대 남성이다.",
          "나는 방금 치킨을 먹었다. 오전에 먹방 @브랜드명1@를 봤다.",
          "나는 음식을 짜게 안 먹는다. 짠 음식은 건강에 안 좋다.",
          "나는 여자 친구와 사이가 안 좋다.",
          "나는 여자 친구와 너무 편해졌다.",
          "나는 여자 친구와 3년 정도 만났다."
        ]
      }
    }
  ]
}