{
  "FileInfo": {
    "filename": "K2-00275-CL24881-CP41057-09-02-S2.json",
    "sessionLevel": "2"
  },
  "participantsInfo": {
    "numberOfParticipants": "2",
    "speaker1": {
      "participantID": "3359",
      "gender": "여성",
      "age": "30대",
      "occupation": "전문직",
      "bPlace": "서울/경기/인천",
      "gPlace": "서울/경기/인천",
      "rPlace": "서울/경기/인천",
      "educationLevel": "대졸"
    },
    "speaker2": {
      "participantID": "4225",
      "gender": "남성",
      "age": "30대",
      "occupation": "사무직",
      "bPlace": "대전/세종/충청/강원",
      "gPlace": "서울/경기/인천",
      "rPlace": "서울/경기/인천",
      "educationLevel": "대졸"
    }
  },
  "multisessionInfo": {
    "multisessionID": "2-00275"
  },
  "personaInfo": {
    "clInfo": {
      "personaID": "24881",
      "personaFeatures": [
        "나는 여자이다.",
        "나는 20대이다.",
        "나는 체험 여행을 가끔 간다",
        "나는 혈액형이 AB형이다",
        "나는 카푸치노를 자주 마신다"
      ],
      "speakerType": "speaker1"
    },
    "cpInfo": {
      "personaID": "41057",
      "personaFeatures": [
        "나는 남자이다.",
        "나는 40대이다.",
        "나는 매일 자차로 출퇴근한다",
        "나는 동화를 싫어한다",
        "나는 핸드폰 게임을 매일 한다"
      ],
      "speakerType": "speaker2"
    }
  },
  "topicInfo": {
    "topicID": "09-02",
    "topicType": "개인 및 관계>반려동물",
    "topicTitle": "고양이"
  },
  "sessionInfo": [
    {
      "prevSessionID": null,
      "prevTimeInfo": {
        "timeNum": null,
        "timeUnit": null
      },
      "nthSession": "1",
      "numberOfUtterances": "14",
      "numberOfTurns": "7",
      "sessionID": "2-00275-1",
      "dialog": [
        {
          "speaker": "speaker1",
          "personaID": "24881",
          "participantID": "3359",
          "utterance": "안녕하세요! 저는 20대 여성입니다",
          "summary": "나는 20대 여성이다.",
          "date": "2022-11-03",
          "time": "15:00:38",
          "terminate": "false"
        },
        {
          "speaker": "speaker2",
          "personaID": "41057",
          "participantID": "4225",
          "utterance": "안녕하세요. 저는 40대 남성입니다. 반가워요~",
          "summary": "나는 40대 남성이다",
          "date": "2022-11-03",
          "time": "15:02:12",
          "terminate": "false"
        },
        {
          "speaker": "speaker1",
          "personaID": "24881",
          "participantID": "3359",
          "utterance": "반가워요! 혹시 혈액형이 어떻게되시나요 저는 ab형입니다",
          "summary": "나의 혈액형은 ab형이다.",
          "date": "2022-11-03",
          "time": "15:06:47",
          "terminate": "false"
        },
        {
          "speaker": "speaker2",
          "personaID": "41057",
          "participantID": "4225",
          "utterance": "저는 A형입니다. 게임좋아하세요? 저는 요즘 좋아하는 게임이 출시해서 핸드폰으로 게임을 매일하고있답니다.",
          "summary": "나는 A형이고 좋아하는 게임이 출시해 핸드폰으로 게임을 매일 한다",
          "date": "2022-11-03",
          "time": "15:30:22",
          "terminate": "false"
        },
        {
          "speaker": "speaker1",
          "personaID": "24881",
          "participantID": "3359",
          "utterance": "게임 너무 즐겁죠! 저는 체험여행을 가끔해욯 혹시 커피 드시는거 좋아하시나요?",
          "summary": "나는 체험여행을 가끔 한다.",
          "date": "2022-11-03",
          "time": "16:38:22",
          "terminate": "false"
        },
        {
          "speaker": "speaker2",
          "personaID": "41057",
          "participantID": "4225",
          "utterance": "커피는 거의 달고살아요. 매일 자차로 출퇴근하는데 제옆에 항상 커피가 있어요.",
          "summary": "나는 커피를 달고 사는데 매일 자차로 출퇴근 길에 커피가 있다",
          "date": "2022-11-03",
          "time": "16:50:53",
          "terminate": "false"
        },
        {
          "speaker": "speaker1",
          "personaID": "24881",
          "participantID": "3359",
          "utterance": "저도 카푸치노를 자주 마셔요 !  혹시그럼 여행도 좋아하실까요? 저는 체험 여행을 가끔 가서요",
          "summary": "나는 카푸치노를 자주 마신다. 나는 체험여행을 가끔 간다.",
          "date": "2022-11-03",
          "time": "17:06:15",
          "terminate": "false"
        },
        {
          "speaker": "speaker2",
          "personaID": "41057",
          "participantID": "4225",
          "utterance": "저도 여행좋아하죠. 기차나 버스로 여행가는걸좋아해요. 매일 자차로 출퇴근하는데 운전은 너무 지겨워서요.",
          "summary": "나는 여행 좋아하고 자차로 출퇴근이 지겨워 기차나 버스로 여행 가는 걸 좋아한다",
          "date": "2022-11-03",
          "time": "17:45:33",
          "terminate": "false"
        },
        {
          "speaker": "speaker1",
          "personaID": "24881",
          "participantID": "3359",
          "utterance": "자차 출퇴근 운전은 피곤하죠 …일이에요 그것두",
          "summary": "",
          "date": "2022-11-03",
          "time": "17:54:00",
          "terminate": "false"
        },
        {
          "speaker": "speaker2",
          "personaID": "41057",
          "participantID": "4225",
          "utterance": "혹시 동화 좋아하세요? 제가 어렸을적 트라우마때문에 동화를 싫어하게되었는데.. 혹시나 좋은점들을 저한테 알려주시면 극복할 수 있을꺼같아요.",
          "summary": "나는 어렸을 적 트라우마로 통화를 싫어하는데 좋은 점 알려주시면 극복하겠다",
          "date": "2022-11-04",
          "time": "09:43:30",
          "terminate": "false"
        },
        {
          "speaker": "speaker1",
          "personaID": "24881",
          "participantID": "3359",
          "utterance": "동화에 대한 트라우마가 어떤게 잇으실까요? 동화를 영상이나 즐거운쪽으로 접해보는건 어떠실지요",
          "summary": "",
          "date": "2022-11-04",
          "time": "11:22:57",
          "terminate": "false"
        },
        {
          "speaker": "speaker2",
          "personaID": "41057",
          "participantID": "4225",
          "utterance": "좋은 의견 고마워요. 즐거운영상으로 아이들과 같이 보면서 극복해볼게요.",
          "summary": "나는 좋은 의견 고맙고 즐거운 영상으로 아이들과 같이 보며 극복하겠다",
          "date": "2022-11-04",
          "time": "14:19:42",
          "terminate": "false"
        },
        {
          "speaker": "speaker1",
          "personaID": "24881",
          "participantID": "3359",
          "utterance": "네! 응원할게요 ! 시간이 늦었는데 식사 다녀오셔도 괜찮아요",
          "summary": "",
          "date": "2022-11-04",
          "time": "19:31:48",
          "terminate": "false"
        },
        {
          "speaker": "speaker2",
          "personaID": "41057",
          "participantID": "4225",
          "utterance": "님도 식사 맛있게 하시구요. 이따가 다시봐요!",
          "summary": "",
          "date": "2022-11-07",
          "time": "09:35:15",
          "terminate": "true"
        }
      ],
      "sessionPersonaSummary": {
        "speaker1": [
          "나는 20대 여성이다.",
          "나의 혈액형은 ab형이다.",
          "나는 체험여행을 가끔 한다.",
          "나는 카푸치노를 자주 마신다.",
          "나는 체험여행을 가끔 간다."
        ],
        "speaker2": [
          "나는 40대 남성이다",
          "나는 A형이고 좋아하는 게임이 출시해 핸드폰으로 게임을 매일 한다",
          "나는 커피를 달고 사는데 매일 자차로 출퇴근 길에 커피가 있다",
          "나는 여행 좋아하고 자차로 출퇴근이 지겨워 기차나 버스로 여행 가는 걸 좋아한다",
          "나는 어렸을 적 트라우마로 통화를 싫어하는데 좋은 점 알려주시면 극복하겠다",
          "나는 좋은 의견 고맙고 즐거운 영상으로 아이들과 같이 보며 극복하겠다"
        ]
      },
      "prevAggregatedpersonaSummary": {
        "speaker1": [],
        "speaker2": []
      }
    },
    {
      "prevSessionID": "2-00275-1",
      "prevTimeInfo": {
        "timeNum": "3",
        "timeUnit": "일"
      },
      "nthSession": "2",
      "numberOfUtterances": "14",
      "numberOfTurns": "7",
      "sessionID": "2-00275-2",
      "dialog": [
        {
          "speaker": "speaker1",
          "personaID": "24881",
          "participantID": "3359",
          "utterance": "3일만에 연락 드리네요 잘 지내셨나요?",
          "summary": "나는 3일 만에 연락한다.",
          "date": "2022-11-07",
          "time": "13:13:21",
          "terminate": "false"
        },
        {
          "speaker": "speaker2",
          "personaID": "41057",
          "participantID": "4225",
          "utterance": "3일동안 아이들이랑 놀아주느라 정신없었네요. ",
          "summary": "나는 3일 동안 아이들 놀라 주느라 정신이 없었다",
          "date": "2022-11-07",
          "time": "13:13:53",
          "terminate": "false"
        },
        {
          "speaker": "speaker1",
          "personaID": "24881",
          "participantID": "3359",
          "utterance": "아이들과 놀아주는데 시간을 많이 사용하셨군요 좋은아빠시네요",
          "summary": "",
          "date": "2022-11-07",
          "time": "13:30:27",
          "terminate": "false"
        },
        {
          "speaker": "speaker2",
          "personaID": "41057",
          "participantID": "4225",
          "utterance": "자녀들도있지만 귀여운 반려동물들도있습니다. 강아지랑 고양이 키우고있어요. 혹시 키우시는 반려동물있으세요?",
          "summary": "나는 자녀들과 반려동물 강아지랑 고양이가 있다",
          "date": "2022-11-07",
          "time": "14:01:10",
          "terminate": "false"
        },
        {
          "speaker": "speaker1",
          "personaID": "24881",
          "participantID": "3359",
          "utterance": "반려동물을 키우진 않지만 동물을 너무 좋아해요",
          "summary": "나는 반려동물을 키우진 않지만 동물을 너무 좋아한다.",
          "date": "2022-11-07",
          "time": "14:05:29",
          "terminate": "false"
        },
        {
          "speaker": "speaker2",
          "personaID": "41057",
          "participantID": "4225",
          "utterance": "동물을 좋아하시니깐 언젠가는 한번 키워보시는것도 나쁘지않은거같아요. 저희 강아지는 애들이랑 너무 잘지내구요 고양이는 우리들을 자주 골려먹네요.",
          "summary": "나는 동물을 좋아해서 한번 키워보는 것도 좋은 것 같다. 아이들도 강아지랑 잘 지내고 고양이도 자주 골려먹는다",
          "date": "2022-11-07",
          "time": "14:15:12",
          "terminate": "false"
        },
        {
          "speaker": "speaker1",
          "personaID": "24881",
          "participantID": "3359",
          "utterance": "네 반려 동물을 키운다는 게 시간과 사랑을 쏟아야 하기에 아직은 시간적으로 여유가 없어 못 키우고 있어요",
          "summary": "나는 반려동물을 키운다는 게 시간과 사랑을 쏟아야 하기에 아직은 시간적으로 여유가 없어 못 키우고 있다.",
          "date": "2022-11-07",
          "time": "14:33:02",
          "terminate": "false"
        },
        {
          "speaker": "speaker2",
          "personaID": "41057",
          "participantID": "4225",
          "utterance": "그건 맞는거같아요. 꾸준한 관심이있어야하니깐요. 고양이같은경우는 기본적인것만 해주면 알아서 혼자 잘노는거같아요. 강아지는 매번 놀아달라고 애교를 부리는데 고양이는 그렇지가 않거든요.",
          "summary": "나는 고양이 경우는 혼자 잘 노는 것 같고 강아지는 매번 놀아달라고 애교를 부린다",
          "date": "2022-11-07",
          "time": "17:25:53",
          "terminate": "false"
        },
        {
          "speaker": "speaker1",
          "personaID": "24881",
          "participantID": "3359",
          "utterance": "맞아요! 그래서 요즘 바쁜 현대인들이 더욱 고양이를 키우는것같기도해요",
          "summary": "나는 요즘 바쁜 현대인들이 더욱 고양이를 키우는 거 같다고 생각한다.",
          "date": "2022-11-07",
          "time": "17:38:44",
          "terminate": "false"
        },
        {
          "speaker": "speaker2",
          "personaID": "41057",
          "participantID": "4225",
          "utterance": "그래도 가끔 무신경하다가도 슬쩍와서 자기얼굴을 부빌때 잠깐이지만은 행복하더라구요. 자기만의 영역만 잘 관리해주면 고양이는 손이 덜가는 동물인거같아요.",
          "summary": "나는 무신경하다가도 자기 얼굴 비빌 때 행복하고 고양이는 손이 덜 가는 동물인 것 같다",
          "date": "2022-11-07",
          "time": "17:39:40",
          "terminate": "false"
        },
        {
          "speaker": "speaker1",
          "personaID": "24881",
          "participantID": "3359",
          "utterance": "으아 생각만해도 애교덩어리 네요! 간식도 자주 주시나요?",
          "summary": "",
          "date": "2022-11-07",
          "time": "17:40:47",
          "terminate": "false"
        },
        {
          "speaker": "speaker2",
          "personaID": "41057",
          "participantID": "4225",
          "utterance": "사료는 주기적으로 갈아주고 간식은 이녀석이 먼저 찾아와요. 그래서 장난감으로 좀 놀아주다가 한번씩 주곤해요.",
          "summary": "나는 주기적으로 사료를 갈아주고 장난감으로 놀아준다",
          "date": "2022-11-07",
          "time": "17:42:03",
          "terminate": "false"
        },
        {
          "speaker": "speaker1",
          "personaID": "24881",
          "participantID": "3359",
          "utterance": "생각만해도 귀엽네요 ! 시간이 벌써 밥시간이 되었네요 식사다녀오셔도 괜찮아요 ^^",
          "summary": "",
          "date": "2022-11-07",
          "time": "17:54:27",
          "terminate": "false"
        },
        {
          "speaker": "speaker2",
          "personaID": "41057",
          "participantID": "4225",
          "utterance": "식사 맛있게하시구요. 다음에 또 만나서 얘기해요!",
          "summary": "",
          "date": "2022-11-07",
          "time": "18:01:02",
          "terminate": "true"
        }
      ],
      "sessionPersonaSummary": {
        "speaker1": [
          "나는 3일 만에 연락한다.",
          "나는 반려동물을 키우진 않지만 동물을 너무 좋아한다.",
          "나는 반려동물을 키운다는 게 시간과 사랑을 쏟아야 하기에 아직은 시간적으로 여유가 없어 못 키우고 있다.",
          "나는 요즘 바쁜 현대인들이 더욱 고양이를 키우는 거 같다고 생각한다."
        ],
        "speaker2": [
          "나는 3일 동안 아이들 놀라 주느라 정신이 없었다",
          "나는 자녀들과 반려동물 강아지랑 고양이가 있다",
          "나는 동물을 좋아해서 한번 키워보는 것도 좋은 것 같다. 아이들도 강아지랑 잘 지내고 고양이도 자주 골려먹는다",
          "나는 고양이 경우는 혼자 잘 노는 것 같고 강아지는 매번 놀아달라고 애교를 부린다",
          "나는 무신경하다가도 자기 얼굴 비빌 때 행복하고 고양이는 손이 덜 가는 동물인 것 같다",
          "나는 주기적으로 사료를 갈아주고 장난감으로 놀아준다"
        ]
      },
      "prevAggregatedpersonaSummary": {
        "speaker1": [
          "나는 20대 여성이다.",
          "나의 혈액형은 ab형이다.",
          "나는 체험여행을 가끔 한다.",
          "나는 카푸치노를 자주 마신다.",
          "나는 체험여행을 가끔 간다."
        ],
        "speaker2": [
          "나는 40대 남성이다",
          "나는 A형이고 좋아하는 게임이 출시해 핸드폰으로 게임을 매일 한다",
          "나는 커피를 달고 사는데 매일 자차로 출퇴근 길에 커피가 있다",
          "나는 여행 좋아하고 자차로 출퇴근이 지겨워 기차나 버스로 여행 가는 걸 좋아한다",
          "나는 어렸을 적 트라우마로 통화를 싫어하는데 좋은 점 알려주시면 극복하겠다",
          "나는 좋은 의견 고맙고 즐거운 영상으로 아이들과 같이 보며 극복하겠다"
        ]
      }
    }
  ]
}