{
  "FileInfo": {
    "filename": "K2-00527-CL20519-CP22374-01-03-S2.json",
    "sessionLevel": "2"
  },
  "participantsInfo": {
    "numberOfParticipants": "2",
    "speaker1": {
      "participantID": "0595",
      "gender": "남성",
      "age": "20대",
      "occupation": "무직",
      "bPlace": "서울/경기/인천",
      "gPlace": "서울/경기/인천",
      "rPlace": "서울/경기/인천",
      "educationLevel": "대졸"
    },
    "speaker2": {
      "participantID": "0567",
      "gender": "여성",
      "age": "20대",
      "occupation": "학생",
      "bPlace": "대전/세종/충청/강원",
      "gPlace": "대전/세종/충청/강원",
      "rPlace": "대전/세종/충청/강원",
      "educationLevel": "고졸"
    }
  },
  "multisessionInfo": {
    "multisessionID": "2-00527"
  },
  "personaInfo": {
    "clInfo": {
      "personaID": "20519",
      "personaFeatures": [
        "나는 남자이다.",
        "나는 20대이다.",
        "나는 요즘, 매일 상처를 받는다.",
        "나는 사회복지사이다.",
        "나는 포도를 싫어한다."
      ],
      "speakerType": "speaker1"
    },
    "cpInfo": {
      "personaID": "22374",
      "personaFeatures": [
        "나는 여자이다.",
        "나는 20대이다.",
        "나는 요즘, 가끔 나 자신이 한심하다.",
        "나는 만화부 동아리에 참여한다.",
        "나는 전자책을 잘 활용한다."
      ],
      "speakerType": "speaker2"
    }
  },
  "topicInfo": {
    "topicID": "01-03",
    "topicType": "식음료",
    "topicTitle": "음료"
  },
  "sessionInfo": [
    {
      "prevSessionID": null,
      "prevTimeInfo": {
        "timeNum": null,
        "timeUnit": null
      },
      "nthSession": "1",
      "numberOfUtterances": "14",
      "numberOfTurns": "7",
      "sessionID": "2-00527-1",
      "dialog": [
        {
          "speaker": "speaker1",
          "personaID": "20519",
          "participantID": "0595",
          "utterance": "안녕하세요? 저는 20대 남자에요. 제 직업은 사회복지사에요.",
          "summary": "나는 남자이다. 나는 20대이다. 나는 사회복지사이다.",
          "date": "2022-10-06",
          "time": "14:19:57",
          "terminate": "false"
        },
        {
          "speaker": "speaker2",
          "personaID": "22374",
          "participantID": "0567",
          "utterance": "안녕하세요? 저는 20대 여자에요.",
          "summary": "나는 여자이다. 나는 20대이다.",
          "date": "2022-10-06",
          "time": "14:19:57",
          "terminate": "false"
        },
        {
          "speaker": "speaker1",
          "personaID": "20519",
          "participantID": "0595",
          "utterance": "반가워요. 지금 뭐하고 계세요?",
          "summary": "",
          "date": "2022-10-06",
          "time": "14:19:57",
          "terminate": "false"
        },
        {
          "speaker": "speaker2",
          "personaID": "22374",
          "participantID": "0567",
          "utterance": "저는 전자책을 잘 활용하는데 친구가 자기도 알려달라고 해서 알려주려고요.",
          "summary": "나는 전자책을 잘 활용한다.",
          "date": "2022-10-06",
          "time": "14:19:57",
          "terminate": "false"
        },
        {
          "speaker": "speaker1",
          "personaID": "20519",
          "participantID": "0595",
          "utterance": "그렇군요. 저는 포도를 싫어하는데 친구가 택배로 포도를 보냈다고 해서 받으려고요.",
          "summary": "나는 포도를 싫어한다.",
          "date": "2022-10-06",
          "time": "14:19:57",
          "terminate": "false"
        },
        {
          "speaker": "speaker2",
          "personaID": "22374",
          "participantID": "0567",
          "utterance": "오늘 오후에는 뭐 하실 거에요?",
          "summary": "",
          "date": "2022-10-06",
          "time": "14:19:57",
          "terminate": "false"
        },
        {
          "speaker": "speaker1",
          "personaID": "20519",
          "participantID": "0595",
          "utterance": "저는 요즘 직장에서 여러가지 일 때문에 상처를 받아서 집에서 좀 쉬려고요.",
          "summary": "나는 요즘, 매일 상처를 받는다.",
          "date": "2022-10-06",
          "time": "14:19:57",
          "terminate": "false"
        },
        {
          "speaker": "speaker2",
          "personaID": "22374",
          "participantID": "0567",
          "utterance": "그렇군요. 저는 만화부 동아리에 참여하려고요.",
          "summary": "나는 만화부 동아리에 참여한다.",
          "date": "2022-10-06",
          "time": "14:19:57",
          "terminate": "false"
        },
        {
          "speaker": "speaker1",
          "personaID": "20519",
          "participantID": "0595",
          "utterance": "혹시 이번 주말에 뭐 하실 계획이세요?",
          "summary": "",
          "date": "2022-10-06",
          "time": "14:19:57",
          "terminate": "false"
        },
        {
          "speaker": "speaker2",
          "personaID": "22374",
          "participantID": "0567",
          "utterance": "저는 요즘 제 자신이 한심하다는 생각이 들어서 친구를 만나서 상담을 해보려고요.",
          "summary": "나는 요즘, 가끔 나 자신이 한심하다.",
          "date": "2022-10-06",
          "time": "14:19:57",
          "terminate": "false"
        },
        {
          "speaker": "speaker1",
          "personaID": "20519",
          "participantID": "0595",
          "utterance": "저는 이제 택배를 받으러 가봐야겠네요.",
          "summary": "",
          "date": "2022-10-06",
          "time": "14:19:57",
          "terminate": "false"
        },
        {
          "speaker": "speaker2",
          "personaID": "22374",
          "participantID": "0567",
          "utterance": "그렇군요. 그러면 얼른 가보세요.",
          "summary": "",
          "date": "2022-10-06",
          "time": "14:19:57",
          "terminate": "false"
        },
        {
          "speaker": "speaker1",
          "personaID": "20519",
          "participantID": "0595",
          "utterance": "죄송해요. 제가 나중에 다시 연락드릴게요.",
          "summary": "",
          "date": "2022-10-06",
          "time": "14:19:57",
          "terminate": "false"
        },
        {
          "speaker": "speaker2",
          "personaID": "22374",
          "participantID": "0567",
          "utterance": "아니에요. 괜찮아요. 나중에 꼭 다시 연락주세요.",
          "summary": "",
          "date": "2022-10-06",
          "time": "14:19:57",
          "terminate": "true"
        }
      ],
      "sessionPersonaSummary": {
        "speaker1": [
          "나는 남자이다. 나는 20대이다. 나는 사회복지사이다.",
          "나는 포도를 싫어한다.",
          "나는 요즘, 매일 상처를 받는다."
        ],
        "speaker2": [
          "나는 여자이다. 나는 20대이다.",
          "나는 전자책을 잘 활용한다.",
          "나는 만화부 동아리에 참여한다.",
          "나는 요즘, 가끔 나 자신이 한심하다."
        ]
      },
      "prevAggregatedpersonaSummary": {
        "speaker1": [],
        "speaker2": []
      }
    },
    {
      "prevSessionID": "2-00527-1",
      "prevTimeInfo": {
        "timeNum": "1",
        "timeUnit": "시간"
      },
      "nthSession": "2",
      "numberOfUtterances": "14",
      "numberOfTurns": "7",
      "sessionID": "2-00527-2",
      "dialog": [
        {
          "speaker": "speaker1",
          "personaID": "20519",
          "participantID": "0595",
          "utterance": "안녕하세요? 제가 다시 연락 드린다는게 벌써 한시간이나 지났네요.",
          "summary": "",
          "date": "2022-10-06",
          "time": "14:19:57",
          "terminate": "false"
        },
        {
          "speaker": "speaker2",
          "personaID": "22374",
          "participantID": "0567",
          "utterance": "다시 연락주실 줄 알았는데 연락이 안오더라고요. 근데 택배는 잘 받으셨나요?",
          "summary": "나는 금방 연락이 올 줄 알았다.",
          "date": "2022-10-06",
          "time": "14:19:57",
          "terminate": "false"
        },
        {
          "speaker": "speaker1",
          "personaID": "20519",
          "participantID": "0595",
          "utterance": "네. 죄송해요. 제가 연락드리는 걸 까먹었어요.",
          "summary": "나는 연락하는 것을 까먹었다.",
          "date": "2022-10-06",
          "time": "14:19:57",
          "terminate": "false"
        },
        {
          "speaker": "speaker2",
          "personaID": "22374",
          "participantID": "0567",
          "utterance": "아니에요. 그럴 수 있죠. 괜찮아요.",
          "summary": "",
          "date": "2022-10-06",
          "time": "14:19:57",
          "terminate": "false"
        },
        {
          "speaker": "speaker1",
          "personaID": "20519",
          "participantID": "0595",
          "utterance": "이해해 주셔서 정말 감사합니다. 근데 너튜브 인기영상에 올라온 거 보셨나요?",
          "summary": "",
          "date": "2022-10-06",
          "time": "14:19:57",
          "terminate": "false"
        },
        {
          "speaker": "speaker2",
          "personaID": "22374",
          "participantID": "0567",
          "utterance": "아니요. 못 본 것 같아요. 무슨 내용이에요?",
          "summary": "",
          "date": "2022-10-06",
          "time": "14:19:57",
          "terminate": "false"
        },
        {
          "speaker": "speaker1",
          "personaID": "20519",
          "participantID": "0595",
          "utterance": "최근에 다양한 음료들이 많이 출시된다고 하네요.",
          "summary": "",
          "date": "2022-10-06",
          "time": "14:19:57",
          "terminate": "false"
        },
        {
          "speaker": "speaker2",
          "personaID": "22374",
          "participantID": "0567",
          "utterance": "그래요? 저는 잘 모르겠는데 알려주세요.",
          "summary": "",
          "date": "2022-10-06",
          "time": "14:19:57",
          "terminate": "false"
        },
        {
          "speaker": "speaker1",
          "personaID": "20519",
          "participantID": "0595",
          "utterance": "요즘 제로 칼로리 음료의 인기가 엄청나다는 걸 아시나요?",
          "summary": "요즘 제로 칼로리 음료가 인기이다.",
          "date": "2022-10-06",
          "time": "14:19:57",
          "terminate": "false"
        },
        {
          "speaker": "speaker2",
          "personaID": "22374",
          "participantID": "0567",
          "utterance": "그러고보니 제 친구가 항상 제로 칼로리 음료만 마시더라고요.",
          "summary": "내 친구 중에 항상 제로 칼로리 음료만 마시는 친구가 있다.",
          "date": "2022-10-06",
          "time": "14:19:57",
          "terminate": "false"
        },
        {
          "speaker": "speaker1",
          "personaID": "20519",
          "participantID": "0595",
          "utterance": "저는 졸려서 이제 자러 가봐야겠네요.",
          "summary": "나는 졸리다.",
          "date": "2022-10-06",
          "time": "14:19:57",
          "terminate": "false"
        },
        {
          "speaker": "speaker2",
          "personaID": "22374",
          "participantID": "0567",
          "utterance": "저도 그 말을 들으니까 괜히 졸리네요.",
          "summary": "",
          "date": "2022-10-06",
          "time": "14:19:57",
          "terminate": "false"
        },
        {
          "speaker": "speaker1",
          "personaID": "20519",
          "participantID": "0595",
          "utterance": "제가 그쪽한테 잠기운을 옮겼나봐요. 하하.",
          "summary": "",
          "date": "2022-10-06",
          "time": "14:19:57",
          "terminate": "false"
        },
        {
          "speaker": "speaker2",
          "personaID": "22374",
          "participantID": "0567",
          "utterance": "그런 것 같네요. 아무튼 잘 주무시고 다음에 다시 얘기해요.",
          "summary": "",
          "date": "2022-10-06",
          "time": "14:19:57",
          "terminate": "true"
        }
      ],
      "sessionPersonaSummary": {
        "speaker1": [
          "나는 연락하는 것을 까먹었다.",
          "요즘 제로 칼로리 음료가 인기이다.",
          "나는 졸리다."
        ],
        "speaker2": [
          "나는 금방 연락이 올 줄 알았다.",
          "내 친구 중에 항상 제로 칼로리 음료만 마시는 친구가 있다."
        ]
      },
      "prevAggregatedpersonaSummary": {
        "speaker1": [
          "나는 남자이다. 나는 20대이다. 나는 사회복지사이다.",
          "나는 포도를 싫어한다.",
          "나는 요즘, 매일 상처를 받는다."
        ],
        "speaker2": [
          "나는 여자이다. 나는 20대이다.",
          "나는 전자책을 잘 활용한다.",
          "나는 만화부 동아리에 참여한다.",
          "나는 요즘, 가끔 나 자신이 한심하다."
        ]
      }
    }
  ]
}