{
  "FileInfo": {
    "filename": "K2-00396-CL04667-CP00612-04-04-S2.json",
    "sessionLevel": "2"
  },
  "participantsInfo": {
    "numberOfParticipants": "2",
    "speaker1": {
      "participantID": "0048",
      "gender": "남성",
      "age": "50대",
      "occupation": "서비스직",
      "bPlace": "부산/대구/울산/경상",
      "gPlace": "부산/대구/울산/경상",
      "rPlace": "부산/대구/울산/경상",
      "educationLevel": "고졸"
    },
    "speaker2": {
      "participantID": "0059",
      "gender": "남성",
      "age": "50대",
      "occupation": "무직",
      "bPlace": "부산/대구/울산/경상",
      "gPlace": "부산/대구/울산/경상",
      "rPlace": "부산/대구/울산/경상",
      "educationLevel": "대졸"
    }
  },
  "multisessionInfo": {
    "multisessionID": "2-00396"
  },
  "personaInfo": {
    "clInfo": {
      "personaID": "04667",
      "personaFeatures": [
        "나는 남자이다.",
        "나는 50대이다.",
        "나의 종교는 개신교이다.",
        "나는 록 음악을 자주 듣는다.",
        "나는 순대국밥을 안 먹는다."
      ],
      "speakerType": "speaker1"
    },
    "cpInfo": {
      "personaID": "00612",
      "personaFeatures": [
        "나는 남자이다.",
        "나는 50대이다.",
        "나는 속기사이다.",
        "나는 TV 애니메이션을 자주 본다.",
        "나는 더운 날씨를 싫어한다."
      ],
      "speakerType": "speaker2"
    }
  },
  "topicInfo": {
    "topicID": "04-04",
    "topicType": "일과 직업>회사/아르바이트",
    "topicTitle": "스펙"
  },
  "sessionInfo": [
    {
      "prevSessionID": null,
      "prevTimeInfo": {
        "timeNum": null,
        "timeUnit": null
      },
      "nthSession": "1",
      "numberOfUtterances": "18",
      "numberOfTurns": "9",
      "sessionID": "2-00396-1",
      "dialog": [
        {
          "speaker": "speaker1",
          "personaID": "04667",
          "participantID": "0048",
          "utterance": "안녕하세요! 저는 50대 남자입니다!",
          "summary": "나는 50대 남자이다.",
          "date": "2022-08-31",
          "time": "17:19:12",
          "terminate": "false"
        },
        {
          "speaker": "speaker2",
          "personaID": "00612",
          "participantID": "0059",
          "utterance": "네~반갑습니다! 저는 50대 남자에요!",
          "summary": "나는 50대 남자이다.",
          "date": "2022-08-31",
          "time": "17:19:20",
          "terminate": "false"
        },
        {
          "speaker": "speaker1",
          "personaID": "04667",
          "participantID": "0048",
          "utterance": "저는 순대 국밥을 안먹어요. 잡내 같은거 때문에..",
          "summary": "나는 순대국밥을 안 먹는다.",
          "date": "2022-08-31",
          "time": "17:18:28",
          "terminate": "false"
        },
        {
          "speaker": "speaker2",
          "personaID": "00612",
          "participantID": "0059",
          "utterance": "아~그렇구나! 그런분이 있죠! 이해합니다.",
          "summary": "",
          "date": "2022-08-31",
          "time": "17:18:31",
          "terminate": "false"
        },
        {
          "speaker": "speaker1",
          "personaID": "04667",
          "participantID": "0048",
          "utterance": "특히나 이렇게 더울때는.. 너무 심한거 같아요.",
          "summary": "",
          "date": "2022-08-31",
          "time": "17:18:42",
          "terminate": "false"
        },
        {
          "speaker": "speaker2",
          "personaID": "00612",
          "participantID": "0059",
          "utterance": "그쵸~저는 더운 날씨를 싫어해요!",
          "summary": "나는 더운 날씨를 싫어한다.",
          "date": "2022-08-31",
          "time": "17:18:45",
          "terminate": "false"
        },
        {
          "speaker": "speaker1",
          "personaID": "04667",
          "participantID": "0048",
          "utterance": "그렇구나. 그나저나 뭐하고 계셨어요?",
          "summary": "",
          "date": "2022-08-31",
          "time": "17:19:02",
          "terminate": "false"
        },
        {
          "speaker": "speaker2",
          "personaID": "00612",
          "participantID": "0059",
          "utterance": "저는 그냥 누워서 티비를 보고있었어요!",
          "summary": "나는 누워서 티브이를 보고 있다.",
          "date": "2022-08-31",
          "time": "17:19:17",
          "terminate": "false"
        },
        {
          "speaker": "speaker1",
          "personaID": "04667",
          "participantID": "0048",
          "utterance": "티비 보시면 어떤프로그램 챙겨 보세요?",
          "summary": "",
          "date": "2022-08-31",
          "time": "17:19:25",
          "terminate": "false"
        },
        {
          "speaker": "speaker2",
          "personaID": "00612",
          "participantID": "0059",
          "utterance": "저는 보통 TV애니메이션을 자주봅니다!",
          "summary": "나는 TV 애니메이션을 자주 본다.",
          "date": "2022-08-31",
          "time": "17:19:28",
          "terminate": "false"
        },
        {
          "speaker": "speaker1",
          "personaID": "04667",
          "participantID": "0048",
          "utterance": "동심이 살아 계시네요.. 저는 아주 헤비한 록음악 듣고 있었어요.",
          "summary": "",
          "date": "2022-08-31",
          "time": "17:19:48",
          "terminate": "false"
        },
        {
          "speaker": "speaker2",
          "personaID": "00612",
          "participantID": "0059",
          "utterance": "오~록음악이라! 자주 들으시나봐요?",
          "summary": "",
          "date": "2022-08-31",
          "time": "17:19:50",
          "terminate": "false"
        },
        {
          "speaker": "speaker1",
          "personaID": "04667",
          "participantID": "0048",
          "utterance": "네. 록음악 자주 들어요. 스트레스 풀리거든요.",
          "summary": "나는 록 음악을 자주 듣는다, 나는 록음악을 들으면서 스트레스를 푼다.",
          "date": "2022-08-31",
          "time": "17:20:04",
          "terminate": "false"
        },
        {
          "speaker": "speaker2",
          "personaID": "00612",
          "participantID": "0059",
          "utterance": "오~그래요? 또 다르게 푸는 방법도 있나요 혹시?",
          "summary": "",
          "date": "2022-08-31",
          "time": "17:20:09",
          "terminate": "false"
        },
        {
          "speaker": "speaker1",
          "personaID": "04667",
          "participantID": "0048",
          "utterance": "그냥 뭐.. 교회가거나 하면서 경건하게 풀죠.",
          "summary": "나의 종교는 개신교이다, 나는 교회를 가서 경건하게 스트레스를 푼다.",
          "date": "2022-08-31",
          "time": "17:20:13",
          "terminate": "false"
        },
        {
          "speaker": "speaker2",
          "personaID": "00612",
          "participantID": "0059",
          "utterance": "아..완전 극과극이네요.. 신기하네요 정말 ㅋㅋ.",
          "summary": "",
          "date": "2022-08-31",
          "time": "17:20:17",
          "terminate": "false"
        },
        {
          "speaker": "speaker1",
          "personaID": "04667",
          "participantID": "0048",
          "utterance": "원래 사람은 좀 양립 한다고 하잖아요. 여튼 저는 음악 마저 들을께요 !!",
          "summary": "",
          "date": "2022-08-31",
          "time": "17:20:30",
          "terminate": "false"
        },
        {
          "speaker": "speaker2",
          "personaID": "00612",
          "participantID": "0059",
          "utterance": "알겠습니다~그럼 음악 잘 듣고 또 연락해요!",
          "summary": "",
          "date": "2022-08-31",
          "time": "17:20:31",
          "terminate": "true"
        }
      ],
      "sessionPersonaSummary": {
        "speaker1": [
          "나는 50대 남자이다.",
          "나는 순대국밥을 안 먹는다.",
          "나는 록 음악을 자주 듣는다, 나는 록음악을 들으면서 스트레스를 푼다.",
          "나의 종교는 개신교이다, 나는 교회를 가서 경건하게 스트레스를 푼다."
        ],
        "speaker2": [
          "나는 50대 남자이다.",
          "나는 더운 날씨를 싫어한다.",
          "나는 누워서 티브이를 보고 있다.",
          "나는 TV 애니메이션을 자주 본다."
        ]
      },
      "prevAggregatedpersonaSummary": {
        "speaker1": [],
        "speaker2": []
      }
    },
    {
      "prevSessionID": "2-00396-1",
      "prevTimeInfo": {
        "timeNum": "1",
        "timeUnit": "일"
      },
      "nthSession": "2",
      "numberOfUtterances": "18",
      "numberOfTurns": "9",
      "sessionID": "2-00396-2",
      "dialog": [
        {
          "speaker": "speaker1",
          "personaID": "04667",
          "participantID": "0048",
          "utterance": "좋은아침 ! 어제는 잘 보내셨나요?",
          "summary": "",
          "date": "2022-08-31",
          "time": "17:20:53",
          "terminate": "false"
        },
        {
          "speaker": "speaker2",
          "personaID": "00612",
          "participantID": "0059",
          "utterance": "네~좋은아침이에요! 저는 잘 보내습니다!",
          "summary": "",
          "date": "2022-08-31",
          "time": "17:20:55",
          "terminate": "false"
        },
        {
          "speaker": "speaker1",
          "personaID": "04667",
          "participantID": "0048",
          "utterance": "이 나이먹고 이직하려고 하니까 잘안되네요.",
          "summary": "나는 나이 먹고 이직하려고 하니까 잘 안된다.",
          "date": "2022-08-31",
          "time": "17:21:02",
          "terminate": "false"
        },
        {
          "speaker": "speaker2",
          "personaID": "00612",
          "participantID": "0059",
          "utterance": "저도 이직이 잘안되서 포기했습니다.",
          "summary": "나는 이직이 잘 안 돼서 포기를 했다.",
          "date": "2022-08-31",
          "time": "17:21:03",
          "terminate": "false"
        },
        {
          "speaker": "speaker1",
          "personaID": "04667",
          "participantID": "0048",
          "utterance": "그래서 무슨일 하고 계시는거에요?",
          "summary": "",
          "date": "2022-08-31",
          "time": "17:21:10",
          "terminate": "false"
        },
        {
          "speaker": "speaker2",
          "personaID": "00612",
          "participantID": "0059",
          "utterance": "저는 속기사로 일하고 있어요!",
          "summary": "나는 속기사이다.",
          "date": "2022-08-31",
          "time": "17:21:13",
          "terminate": "false"
        },
        {
          "speaker": "speaker1",
          "personaID": "04667",
          "participantID": "0048",
          "utterance": "속기사 되려면 어떤 스펙 같은게 필요해요?",
          "summary": "",
          "date": "2022-08-31",
          "time": "17:21:17",
          "terminate": "false"
        },
        {
          "speaker": "speaker2",
          "personaID": "00612",
          "participantID": "0059",
          "utterance": "그냥 자격증이 필요한거에요~따로 뭐 스펙은 없고.",
          "summary": "",
          "date": "2022-08-31",
          "time": "17:24:34",
          "terminate": "false"
        },
        {
          "speaker": "speaker1",
          "personaID": "04667",
          "participantID": "0048",
          "utterance": "아.. 자격증구나.. 속기사는 할만하세요?",
          "summary": "",
          "date": "2022-08-31",
          "time": "17:24:34",
          "terminate": "false"
        },
        {
          "speaker": "speaker2",
          "personaID": "00612",
          "participantID": "0059",
          "utterance": "뭐 손가락만 있으면 누구나 가능하죠!",
          "summary": "",
          "date": "2022-08-31",
          "time": "17:24:34",
          "terminate": "false"
        },
        {
          "speaker": "speaker1",
          "personaID": "04667",
          "participantID": "0048",
          "utterance": "그러면 타자 엄청 빠르시겠네요?",
          "summary": "",
          "date": "2022-08-31",
          "time": "17:24:34",
          "terminate": "false"
        },
        {
          "speaker": "speaker2",
          "personaID": "00612",
          "participantID": "0059",
          "utterance": "네~그쵸! 근데 속기사 전용 키보드가 따로있어요!",
          "summary": "",
          "date": "2022-08-31",
          "time": "17:24:34",
          "terminate": "false"
        },
        {
          "speaker": "speaker1",
          "personaID": "04667",
          "participantID": "0048",
          "utterance": "아하.. 그렇구나. 제나이 솔직히 스펙 어렵잖아요?",
          "summary": "",
          "date": "2022-08-31",
          "time": "17:24:34",
          "terminate": "false"
        },
        {
          "speaker": "speaker2",
          "personaID": "00612",
          "participantID": "0059",
          "utterance": "이미 스펙 쌓고 뭐 하기에는 많이 늦었지요.",
          "summary": "",
          "date": "2022-08-31",
          "time": "17:24:34",
          "terminate": "false"
        },
        {
          "speaker": "speaker1",
          "personaID": "04667",
          "participantID": "0048",
          "utterance": "그러니까요.. 저도 전문직을 알아봐야겠어요.",
          "summary": "나는 전문직을 알아봐야겠다.",
          "date": "2022-08-31",
          "time": "17:24:34",
          "terminate": "false"
        },
        {
          "speaker": "speaker2",
          "personaID": "00612",
          "participantID": "0059",
          "utterance": "네..응원합니다 저도! 잘 찾아보세요!",
          "summary": "",
          "date": "2022-08-31",
          "time": "17:24:34",
          "terminate": "false"
        },
        {
          "speaker": "speaker1",
          "personaID": "04667",
          "participantID": "0048",
          "utterance": "고맙습니다. 일단 찾아보고 연락 드릴께요 !",
          "summary": "",
          "date": "2022-08-31",
          "time": "17:24:34",
          "terminate": "false"
        },
        {
          "speaker": "speaker2",
          "personaID": "00612",
          "participantID": "0059",
          "utterance": "알겠습니다~그럼 잘 찾아보시고 또 연락해요!",
          "summary": "",
          "date": "2022-08-31",
          "time": "17:24:34",
          "terminate": "true"
        }
      ],
      "sessionPersonaSummary": {
        "speaker1": [
          "나는 나이 먹고 이직하려고 하니까 잘 안된다.",
          "나는 전문직을 알아봐야겠다."
        ],
        "speaker2": [
          "나는 이직이 잘 안 돼서 포기를 했다.",
          "나는 속기사이다."
        ]
      },
      "prevAggregatedpersonaSummary": {
        "speaker1": [
          "나는 50대 남자이다.",
          "나는 순대국밥을 안 먹는다.",
          "나는 록 음악을 자주 듣는다, 나는 록음악을 들으면서 스트레스를 푼다.",
          "나의 종교는 개신교이다, 나는 교회를 가서 경건하게 스트레스를 푼다."
        ],
        "speaker2": [
          "나는 50대 남자이다.",
          "나는 더운 날씨를 싫어한다.",
          "나는 누워서 티브이를 보고 있다.",
          "나는 TV 애니메이션을 자주 본다."
        ]
      }
    }
  ]
}