{
  "FileInfo": {
    "filename": "K2-00428-CL12003-CP21105-19-01-S2.json",
    "sessionLevel": "2"
  },
  "participantsInfo": {
    "numberOfParticipants": "2",
    "speaker1": {
      "participantID": "4925",
      "gender": "남성",
      "age": "20대",
      "occupation": "학생",
      "bPlace": "서울/경기/인천",
      "gPlace": "서울/경기/인천",
      "rPlace": "서울/경기/인천",
      "educationLevel": "고졸"
    },
    "speaker2": {
      "participantID": "4900",
      "gender": "남성",
      "age": "20대",
      "occupation": "학생",
      "bPlace": "서울/경기/인천",
      "gPlace": "서울/경기/인천",
      "rPlace": "서울/경기/인천",
      "educationLevel": "고졸"
    }
  },
  "multisessionInfo": {
    "multisessionID": "2-00428"
  },
  "personaInfo": {
    "clInfo": {
      "personaID": "12003",
      "personaFeatures": [
        "나는 남자이다.",
        "나는 10대이다.",
        "나의 동생은 초등학생이다",
        "나는 자동차공학과에 진학하고 싶다",
        "나는 축구를 가끔 한다",
        "나는 매일 남의 시선이 의식된다"
      ],
      "speakerType": "speaker1"
    },
    "cpInfo": {
      "personaID": "21105",
      "personaFeatures": [
        "나는 남자이다.",
        "나는 20대이다.",
        "나는 매우 꼼꼼하다",
        "나는 야구부 동아리에 참여한다",
        "나는 포도를 좋아한다"
      ],
      "speakerType": "speaker2"
    }
  },
  "topicInfo": {
    "topicID": "19-01",
    "topicType": "예술문화 생활>방송/연예",
    "topicTitle": "TV프로그램"
  },
  "sessionInfo": [
    {
      "prevSessionID": null,
      "prevTimeInfo": {
        "timeNum": null,
        "timeUnit": null
      },
      "nthSession": "1",
      "numberOfUtterances": "14",
      "numberOfTurns": "7",
      "sessionID": "2-00428-1",
      "dialog": [
        {
          "speaker": "speaker1",
          "personaID": "12003",
          "participantID": "4925",
          "utterance": "안녕하세요  10대 남자입니다! ",
          "summary": "나는 10대 남자이다.",
          "date": "2022-11-29",
          "time": "11:10:40",
          "terminate": "false"
        },
        {
          "speaker": "speaker2",
          "personaID": "21105",
          "participantID": "4900",
          "utterance": "안녕하세요 20대 남자입니다.",
          "summary": "나는 20대 남성이다.",
          "date": "2022-11-29",
          "time": "11:11:59",
          "terminate": "false"
        },
        {
          "speaker": "speaker1",
          "personaID": "12003",
          "participantID": "4925",
          "utterance": "저는 고등학교 다니고 있어요 님은 하시는 일 있으신가요?",
          "summary": "나는 고등학생이다.",
          "date": "2022-11-29",
          "time": "11:14:40",
          "terminate": "false"
        },
        {
          "speaker": "speaker2",
          "personaID": "21105",
          "participantID": "4900",
          "utterance": "저는 대학생이고 야구부 동아리 소속이에요. 고등학생이시면 공부 힘드시겠네요.",
          "summary": "나는 대학생이고 야구부 동아리다.",
          "date": "2022-11-29",
          "time": "11:16:55",
          "terminate": "false"
        },
        {
          "speaker": "speaker1",
          "personaID": "12003",
          "participantID": "4925",
          "utterance": "공부는 힘들어도..자동차공학과에 가고 싶다는 꿈이 있어서 열심히 하고 있어요 제가 축구는 가끔해도 야구는 안해봐서 잘모르는데 동아리 하실정도면 잘하시겠어요!",
          "summary": "나는 자동차공학과에 가고 싶다. 나는 축구를 가끔 한다.",
          "date": "2022-11-29",
          "time": "11:18:53",
          "terminate": "false"
        },
        {
          "speaker": "speaker2",
          "personaID": "21105",
          "participantID": "4900",
          "utterance": "어릴때부터 관심이 많았어요. 자동차동학과 멋있는 꿈이네요. 님 성격은 어떤 편이세요? 저는 매우 꼼꼼한 편입니다.",
          "summary": "나는 꼼꼼한 성격이다.",
          "date": "2022-11-29",
          "time": "11:21:18",
          "terminate": "false"
        },
        {
          "speaker": "speaker1",
          "personaID": "12003",
          "participantID": "4925",
          "utterance": "저는 남시선을 많이 의식하는 성격이에요..그래서 축구같은거 하면서도 눈치를 자꾸 보게 되더라고요 꼼꼼하시면 하시는 일마다 다 엄청 완벽하게 하시려고 해서 힘드시겠어요.. 성격때문에 뭔가 특별한 일이 있거나 그럴때도 있나요?",
          "summary": "나는 남시선을 많이 의식하는 성격이다.",
          "date": "2022-11-29",
          "time": "11:26:53",
          "terminate": "false"
        },
        {
          "speaker": "speaker2",
          "personaID": "21105",
          "participantID": "4900",
          "utterance": "특별한 일은 아니지만 보통 친구들이나 가족들이랑 여행갈때 계획은 제가 세우는 편이에요. 그게 더 편하기도 해서요.",
          "summary": "",
          "date": "2022-11-29",
          "time": "11:29:22",
          "terminate": "false"
        },
        {
          "speaker": "speaker1",
          "personaID": "12003",
          "participantID": "4925",
          "utterance": "이렇게 들으니까 뭔가 엄청 주변에서 인기가 많을 것 같아요!  저도 초등학교 동생 방학 계획같은거 짜줘본적이 있는데 너무 힘들더라고요 저는..",
          "summary": " 나의 동생은 초등학생이다.",
          "date": "2022-11-29",
          "time": "11:32:26",
          "terminate": "false"
        },
        {
          "speaker": "speaker2",
          "personaID": "21105",
          "participantID": "4900",
          "utterance": "계획 세울때 한정으로 많이들 찾죠 ㅋㅋ 동생이 많이 어리신가보네요. 귀여우시겠어요.",
          "summary": "",
          "date": "2022-11-29",
          "time": "11:39:46",
          "terminate": "false"
        },
        {
          "speaker": "speaker1",
          "personaID": "12003",
          "participantID": "4925",
          "utterance": "초등학생이라 그런지 아직 떼도 많이쓰고 어리광 부릴때가 많아요 맏형인 제가 잘 보살펴줘야죠 ㅋㅋ",
          "summary": "나는 맏형이다.",
          "date": "2022-11-29",
          "time": "11:43:27",
          "terminate": "false"
        },
        {
          "speaker": "speaker2",
          "personaID": "21105",
          "participantID": "4900",
          "utterance": "요즘 초등학생들은 무슨 음식 좋아하는지 궁금하네요. 저는 과일을 좋아하는데 그중에서도 포도를 좋아해요.",
          "summary": "나는 과일을 좋아하고 그중에 포도를 제일 좋아한다.",
          "date": "2022-11-29",
          "time": "13:40:44",
          "terminate": "false"
        },
        {
          "speaker": "speaker1",
          "personaID": "12003",
          "participantID": "4925",
          "utterance": "저희 동생은 복숭아를 엄청 좋아하더라구요 저도 좋아하는데 유전인가 싶을정도로 가족들이 다좋아해요 포도도 맛잇죠~ 청포도를 좋아해요 저는",
          "summary": "나의 가족들은 복숭아를 좋아한다. 나는 청포도를 좋아한다.",
          "date": "2022-11-29",
          "time": "13:43:14",
          "terminate": "false"
        },
        {
          "speaker": "speaker2",
          "personaID": "21105",
          "participantID": "4900",
          "utterance": "얘기하다보니 과일 먹고싶어졌어요. 이만 과일 먹으러 가볼게요. 대화 즐거웠어요.",
          "summary": "",
          "date": "2022-11-29",
          "time": "13:44:29",
          "terminate": "true"
        }
      ],
      "sessionPersonaSummary": {
        "speaker1": [
          "나는 10대 남자이다.",
          "나는 고등학생이다.",
          "나는 자동차공학과에 가고 싶다.",
          "나는 축구를 가끔 한다.",
          "나는 남시선을 많이 의식하는 성격이다.",
          "나의 동생은 초등학생이다.",
          "나는 맏형이다.",
          "나의 가족들은 복숭아를 좋아한다.",
          "나는 청포도를 좋아한다."
        ],
        "speaker2": [
          "나는 20대 남성이다.",
          "나는 대학생이고 야구부 동아리다.",
          "나는 꼼꼼한 성격이다.",
          "나는 과일을 좋아하고 그중에 포도를 제일 좋아한다."
        ]
      },
      "prevAggregatedpersonaSummary": {
        "speaker1": [],
        "speaker2": []
      }
    },
    {
      "prevSessionID": "2-00428-1",
      "prevTimeInfo": {
        "timeNum": "4",
        "timeUnit": "주"
      },
      "nthSession": "2",
      "numberOfUtterances": "14",
      "numberOfTurns": "7",
      "sessionID": "2-00428-2",
      "dialog": [
        {
          "speaker": "speaker1",
          "personaID": "12003",
          "participantID": "4925",
          "utterance": "안녕하세요~ 시험기간이라서 시험끝나고 지금 연락드렸어요! 한달만이죠",
          "summary": "나는 시험이 끝났다.",
          "date": "2022-11-29",
          "time": "13:51:57",
          "terminate": "false"
        },
        {
          "speaker": "speaker2",
          "personaID": "21105",
          "participantID": "4900",
          "utterance": "네 한달만이네요. 잘 지내셨죠? 저도 마침 대학 시험기간이 끝났어요. 시험 끝나셨는데 뭐 하면서 시간 보내실 생각이세요?",
          "summary": "나는 시험이 끝났다.",
          "date": "2022-11-29",
          "time": "13:53:40",
          "terminate": "false"
        },
        {
          "speaker": "speaker1",
          "personaID": "12003",
          "participantID": "4925",
          "utterance": "헉 수고많으셨어요 ㅎㅎ 저는 친구들이랑도 다 놀았고 한동안은 동생이랑 티비보려고 생각하고있어요 ㅎㅎ 님은 시험끝나셨는데 뭐하실거에요? 어른이니까 술도 마시고 그러나요??",
          "summary": "나는 한동안은 동생이랑 티브이를 보려고 한다.",
          "date": "2022-11-29",
          "time": "13:55:55",
          "terminate": "false"
        },
        {
          "speaker": "speaker2",
          "personaID": "21105",
          "participantID": "4900",
          "utterance": "지난주에 시험 끝나서 일주일동안은 친구들하고 만나서 놀았어요. 이번주는 비도 오고 날씨도 추워서 집에서 보내려고요. 동생분이랑 TV 자주 보세요?",
          "summary": "나는 시험 끝나고 친구들과 일주일 가량 놀았다.",
          "date": "2022-11-29",
          "time": "13:57:29",
          "terminate": "false"
        },
        {
          "speaker": "speaker1",
          "personaID": "12003",
          "participantID": "4925",
          "utterance": "넷플릭스 등록한 다음부터는 동생이랑 종종 같이보네요 물론 저혼자 볼때가 더 많지만요 ㅋㅋ 님은 tv 보시는거 좋아하시나요?",
          "summary": "나는 종종 동생이랑 넷플릭스를 본다. 나는 혼자 넷플릭스를 볼 때가 많다.",
          "date": "2022-11-29",
          "time": "13:58:43",
          "terminate": "false"
        },
        {
          "speaker": "speaker2",
          "personaID": "21105",
          "participantID": "4900",
          "utterance": "자주는 안보지만 집에 혼자 있을땐 틀어놓기도 해요. 예능같은거 그나마 보는것같아요.",
          "summary": "",
          "date": "2022-11-29",
          "time": "13:59:13",
          "terminate": "false"
        },
        {
          "speaker": "speaker1",
          "personaID": "12003",
          "participantID": "4925",
          "utterance": "하긴..저도 넷플릭스 아니고 일반 tv는 그냥 틀어만 놓고 안보는 경우가 더 많은것 같아요  이제 보통 티비대신 동영상시청을 보다보니까..",
          "summary": "나는 티브이 대신 동영상 시청을 보는 경우가 많다.",
          "date": "2022-11-29",
          "time": "14:01:12",
          "terminate": "false"
        },
        {
          "speaker": "speaker2",
          "personaID": "21105",
          "participantID": "4900",
          "utterance": "맞아요. 요새는 OTT에 예능도 재밌는거 많이 하다보니 TV로는 뉴스를 제일 많이 보는것같아요.",
          "summary": "나는 예능과 뉴스를 주로 본다.",
          "date": "2022-11-29",
          "time": "14:22:54",
          "terminate": "false"
        },
        {
          "speaker": "speaker1",
          "personaID": "12003",
          "participantID": "4925",
          "utterance": "뉴스 자주 보시나요?? 저는 뉴스도 tv보다는 인터넷뉴스를 보는거같아요..",
          "summary": "나는 뉴스도 tv보다는 인터넷 뉴스를 본다.",
          "date": "2022-11-29",
          "time": "14:24:00",
          "terminate": "false"
        },
        {
          "speaker": "speaker2",
          "personaID": "21105",
          "participantID": "4900",
          "utterance": "뉴스는 부모님이 자주 보셔서 저도 덩달아 보게되는것 같아요. ",
          "summary": "나는 부모님과 함께 뉴스를 본다.",
          "date": "2022-11-29",
          "time": "14:34:41",
          "terminate": "false"
        },
        {
          "speaker": "speaker1",
          "personaID": "12003",
          "participantID": "4925",
          "utterance": "오 부모님이랑 같이 티비 보는것도 좋네요 저희 부모님은 맞벌이셔서 저는 보통 동생이랑만 보거든요",
          "summary": " 나의 부모님은 맞벌이이다.",
          "date": "2022-11-29",
          "time": "14:35:34",
          "terminate": "false"
        },
        {
          "speaker": "speaker2",
          "personaID": "21105",
          "participantID": "4900",
          "utterance": "동생분이랑은 주로 티비 보면 어떤 프로그램 보세요?  저는 동생이 어릴때 같이 애니메이션 봤던것같아요.",
          "summary": " 나는 동생이 어릴 때 애니메이션을 봤다.",
          "date": "2022-11-29",
          "time": "14:36:15",
          "terminate": "false"
        },
        {
          "speaker": "speaker1",
          "personaID": "12003",
          "participantID": "4925",
          "utterance": "저도 보통 넷플릭스에서 애니메이션 동생이랑 같이봐요 ㅋㅋ 동생이 엄청 좋아하더라구요",
          "summary": "나는 보통 넷플릭스에서 애니메이션을 동생이랑 같이 본다.",
          "date": "2022-11-29",
          "time": "14:39:41",
          "terminate": "false"
        },
        {
          "speaker": "speaker2",
          "personaID": "21105",
          "participantID": "4900",
          "utterance": "요샌 워낙 다양한 방송들이 많아서 동생분도 정말 좋아하시겠어요. 얘기 나온김에 저도 TV 보러 가야겠어요. 대화 즐거웠습니다.",
          "summary": "",
          "date": "2022-11-29",
          "time": "14:45:42",
          "terminate": "true"
        }
      ],
      "sessionPersonaSummary": {
        "speaker1": [
          "나는 시험이 끝났다.",
          "나는 한동안은 동생이랑 티브이를 보려고 한다.",
          "나는 종종 동생이랑 넷플릭스를 본다.",
          "나는 혼자 넷플릭스를 볼 때가 많다.",
          "나는 티브이 대신 동영상 시청을 보는 경우가 많다.",
          "나는 뉴스도 tv보다는 인터넷 뉴스를 본다.",
          "나의 부모님은 맞벌이이다.",
          "나는 보통 넷플릭스에서 애니메이션을 동생이랑 같이 본다."
        ],
        "speaker2": [
          "나는 시험이 끝났다.",
          "나는 시험 끝나고 친구들과 일주일 가량 놀았다.",
          "나는 예능과 뉴스를 주로 본다.",
          "나는 부모님과 함께 뉴스를 본다.",
          "나는 동생이 어릴 때 애니메이션을 봤다."
        ]
      },
      "prevAggregatedpersonaSummary": {
        "speaker1": [
          "나는 10대 남자이다.",
          "나는 고등학생이다.",
          "나는 자동차공학과에 가고 싶다.",
          "나는 축구를 가끔 한다.",
          "나는 남시선을 많이 의식하는 성격이다.",
          "나의 동생은 초등학생이다.",
          "나는 맏형이다.",
          "나의 가족들은 복숭아를 좋아한다.",
          "나는 청포도를 좋아한다."
        ],
        "speaker2": [
          "나는 20대 남성이다.",
          "나는 대학생이고 야구부 동아리다.",
          "나는 꼼꼼한 성격이다.",
          "나는 과일을 좋아하고 그중에 포도를 제일 좋아한다."
        ]
      }
    }
  ]
}