{
  "FileInfo": {
    "filename": "K2-00483-CL04667-CP02212-09-06-S2.json",
    "sessionLevel": "2"
  },
  "participantsInfo": {
    "numberOfParticipants": "2",
    "speaker1": {
      "participantID": "0048",
      "gender": "남성",
      "age": "50대",
      "occupation": "서비스직",
      "bPlace": "부산/대구/울산/경상",
      "gPlace": "부산/대구/울산/경상",
      "rPlace": "부산/대구/울산/경상",
      "educationLevel": "고졸"
    },
    "speaker2": {
      "participantID": "0043",
      "gender": "남성",
      "age": "30대",
      "occupation": "사무직",
      "bPlace": "서울/경기/인천",
      "gPlace": "서울/경기/인천",
      "rPlace": "서울/경기/인천",
      "educationLevel": "고졸"
    }
  },
  "multisessionInfo": {
    "multisessionID": "2-00483"
  },
  "personaInfo": {
    "clInfo": {
      "personaID": "04667",
      "personaFeatures": [
        "나는 남자이다.",
        "나는 50대이다.",
        "나의 종교는 개신교이다.",
        "나는 록 음악을 자주 듣는다.",
        "나는 순대국밥을 안 먹는다."
      ],
      "speakerType": "speaker1"
    },
    "cpInfo": {
      "personaID": "02212",
      "personaFeatures": [
        "나는 남자이다.",
        "나는 30대이다.",
        "나의 거주지는 경기도이다.",
        "나는 1년 전에 인스타를 시작했다.",
        "나는 요즘, 자주 우울하다."
      ],
      "speakerType": "speaker2"
    }
  },
  "topicInfo": {
    "topicID": "09-06",
    "topicType": "개인 및 관계>반려동물",
    "topicTitle": "반려동물 산책"
  },
  "sessionInfo": [
    {
      "prevSessionID": null,
      "prevTimeInfo": {
        "timeNum": null,
        "timeUnit": null
      },
      "nthSession": "1",
      "numberOfUtterances": "14",
      "numberOfTurns": "7",
      "sessionID": "2-00483-1",
      "dialog": [
        {
          "speaker": "speaker1",
          "personaID": "04667",
          "participantID": "0048",
          "utterance": "안녕하세요~ 저는 50대 남입니다. 자기소개 부탁드려요~",
          "summary": "나는 50대 남자다.",
          "date": "2022-08-13",
          "time": "00:21:06",
          "terminate": "false"
        },
        {
          "speaker": "speaker2",
          "personaID": "02212",
          "participantID": "0043",
          "utterance": "저는 경기도 살고 있는 30대 남자입니다 반가워요.",
          "summary": "나는 경기도에 사는 30대 남자다.",
          "date": "2022-08-13",
          "time": "00:21:06",
          "terminate": "false"
        },
        {
          "speaker": "speaker1",
          "personaID": "04667",
          "participantID": "0048",
          "utterance": "오~ 경기도~ 저도 경기도에요. 교회 다녀요? 저는 개신교 신자라 교회 다녀오고 강아지 산책해주고 있어요^^",
          "summary": "나도 경기도에 산다. 나는 개신교 신자다. 나는 강아지 산책을 해주고 있다.",
          "date": "2022-08-13",
          "time": "00:21:06",
          "terminate": "false"
        },
        {
          "speaker": "speaker2",
          "personaID": "02212",
          "participantID": "0043",
          "utterance": "저는 무교예요 ㅎㅎ 강아지 귀엽겠어요.",
          "summary": "나는 무교다.",
          "date": "2022-08-13",
          "time": "00:21:06",
          "terminate": "false"
        },
        {
          "speaker": "speaker1",
          "personaID": "04667",
          "participantID": "0048",
          "utterance": "맞아요~ 기분 좋은 교회가는 날인데 하필이면 아내가 제가 안 먹는 순대국밥집에 데려가는 바람에 기분 잡쳤네요. 강아지 산책 해본 적 있어요~?",
          "summary": "아내가 내가 순대국밥집에 데려가서 기분을 잡쳤다. 나는 순대국밥을 안 먹는다. 교회 가는 날은 기분 좋은 날이다.",
          "date": "2022-08-13",
          "time": "00:21:06",
          "terminate": "false"
        },
        {
          "speaker": "speaker2",
          "personaID": "02212",
          "participantID": "0043",
          "utterance": "산책하는 영상은 @브랜드명1@에서 많이 봤어요 너무 귀여워요...ㅠㅠ.",
          "summary": "나는 강아지 산책하는 @브랜드명1@에서 영상을 많이 봤다.",
          "date": "2022-08-13",
          "time": "00:21:35",
          "terminate": "false"
        },
        {
          "speaker": "speaker1",
          "personaID": "04667",
          "participantID": "0048",
          "utterance": "아이고, 요즘 @브랜드명2@에 강아지 산책 알바도 올라오던데 해봐요. 내가 록 음악을 좋아하는데, 강아지 산책하면서 들으면 아주 좋아요. 요즘 어떠세요~?",
          "summary": "요즘 강아지 산책 알바도 있다. 나는 록 음악을 좋아한다. 록음악을 강아지 산책하면서 들으면 좋다.",
          "date": "2022-08-13",
          "time": "00:21:55",
          "terminate": "false"
        },
        {
          "speaker": "speaker2",
          "personaID": "02212",
          "participantID": "0043",
          "utterance": "요즘 우울해서 계속 집에만 있게 되네요 ㅎㅎ..",
          "summary": "나는 요즘 우울해서 집에만 있는다.",
          "date": "2022-08-13",
          "time": "00:22:01",
          "terminate": "false"
        },
        {
          "speaker": "speaker1",
          "personaID": "04667",
          "participantID": "0048",
          "utterance": "아이고 우울하면 유기견 한 마리 소중히 데려와서 산책 자주 해봐요~ 유기견 데려올 생각 있어요?",
          "summary": "",
          "date": "2022-08-13",
          "time": "00:24:05",
          "terminate": "false"
        },
        {
          "speaker": "speaker2",
          "personaID": "02212",
          "participantID": "0043",
          "utterance": "고민 중이에요..... 저 하나 챙기기도 바쁜데 하하.",
          "summary": "나는 유기견을 데려오는 것을 고민한다.",
          "date": "2022-08-13",
          "time": "00:24:35",
          "terminate": "false"
        },
        {
          "speaker": "speaker1",
          "personaID": "04667",
          "participantID": "0048",
          "utterance": "아이고 젊은이, 지름길이 지옥길이에요.",
          "summary": "지름길이 지옥길이다.",
          "date": "2022-08-13",
          "time": "00:25:11",
          "terminate": "false"
        },
        {
          "speaker": "speaker2",
          "personaID": "02212",
          "participantID": "0043",
          "utterance": "조언 감사해요....ㅎㅎ.",
          "summary": "",
          "date": "2022-08-13",
          "time": "00:25:50",
          "terminate": "false"
        },
        {
          "speaker": "speaker1",
          "personaID": "04667",
          "participantID": "0048",
          "utterance": "우울할 때 강아지 산책 알바 꼭 해보시고 연락주세요~",
          "summary": "",
          "date": "2022-08-13",
          "time": "00:26:25",
          "terminate": "false"
        },
        {
          "speaker": "speaker2",
          "personaID": "02212",
          "participantID": "0043",
          "utterance": "감사해요 다음에 봬요.",
          "summary": "",
          "date": "2022-08-13",
          "time": "00:26:49",
          "terminate": "true"
        }
      ],
      "sessionPersonaSummary": {
        "speaker1": [
          "나는 50대 남자다.",
          "나도 경기도에 산다. 나는 개신교 신자다. 나는 강아지 산책을 해주고 있다.",
          "아내가 내가 순대국밥집에 데려가서 기분을 잡쳤다. 나는 순대국밥을 안 먹는다. 교회 가는 날은 기분 좋은 날이다.",
          "요즘 강아지 산책 알바도 있다. 나는 록 음악을 좋아한다. 록음악을 강아지 산책하면서 들으면 좋다.",
          "지름길이 지옥길이다."
        ],
        "speaker2": [
          "나는 경기도에 사는 30대 남자다.",
          "나는 무교다.",
          "나는 강아지 산책하는 @브랜드명1@에서 영상을 많이 봤다.",
          "나는 요즘 우울해서 집에만 있는다.",
          "나는 유기견을 데려오는 것을 고민한다."
        ]
      },
      "prevAggregatedpersonaSummary": {
        "speaker1": [],
        "speaker2": []
      }
    },
    {
      "prevSessionID": "2-00483-1",
      "prevTimeInfo": {
        "timeNum": "1",
        "timeUnit": "일"
      },
      "nthSession": "2",
      "numberOfUtterances": "14",
      "numberOfTurns": "7",
      "sessionID": "2-00483-2",
      "dialog": [
        {
          "speaker": "speaker1",
          "personaID": "04667",
          "participantID": "0048",
          "utterance": "강아지 산책 알바 해보셨나요~?",
          "summary": "",
          "date": "2022-08-13",
          "time": "00:27:06",
          "terminate": "false"
        },
        {
          "speaker": "speaker2",
          "personaID": "02212",
          "participantID": "0043",
          "utterance": "병원 갔다오면서 조언 생각나서 한번 해봤어요.",
          "summary": "나는 병원을 갔다 오면서 강아지 산책 알바를 했다.",
          "date": "2022-08-13",
          "time": "00:28:11",
          "terminate": "false"
        },
        {
          "speaker": "speaker1",
          "personaID": "04667",
          "participantID": "0048",
          "utterance": "무슨 병원 갔어요~? 건강이 최곤데.",
          "summary": "건강이 최고다.",
          "date": "2022-08-13",
          "time": "00:28:33",
          "terminate": "false"
        },
        {
          "speaker": "speaker2",
          "personaID": "02212",
          "participantID": "0043",
          "utterance": "제가 사실 요즘 자주 우울해서 병원을 다니거든요.... 거기서도 산책하는걸 좋다고 하시더라고요.",
          "summary": "나는 요즘 자주 우울함을 느껴 병원을 다니는데, 병원에서도 산책을 권유했지.",
          "date": "2022-08-13",
          "time": "00:29:19",
          "terminate": "false"
        },
        {
          "speaker": "speaker1",
          "personaID": "04667",
          "participantID": "0048",
          "utterance": "아이고 정신과약 독한데.. 오늘 한 것 처럼 강아지 산책 많이 많이 해줘요.",
          "summary": "정신과 약은 독하다.",
          "date": "2022-08-13",
          "time": "00:29:52",
          "terminate": "false"
        },
        {
          "speaker": "speaker2",
          "personaID": "02212",
          "participantID": "0043",
          "utterance": "그래야겠어요 ㅎㅎ.... 그리고 제가 1년 전에 @브랜드명1@를 시작했는데 그것도 끊길 권유하시더라고요..",
          "summary": "나는 1년 전에 @브랜드명1@를 시작했는데, 병원에서 @브랜드명1@를 끊길 권유 했다.",
          "date": "2022-08-13",
          "time": "00:30:36",
          "terminate": "false"
        },
        {
          "speaker": "speaker1",
          "personaID": "04667",
          "participantID": "0048",
          "utterance": "@브랜드명1@가 뭔지요~?",
          "summary": "",
          "date": "2022-08-13",
          "time": "00:31:02",
          "terminate": "false"
        },
        {
          "speaker": "speaker2",
          "personaID": "02212",
          "participantID": "0043",
          "utterance": "@브랜드명1@그램이라고 사진 올리는 소셜미디어인데.. 자꾸 남들 인생과 비교하게 되더라고요ㅎㅎ.",
          "summary": "나는 @브랜드명1@그램을 통해 남들과 나를 자꾸 비교한다.",
          "date": "2022-08-13",
          "time": "00:32:03",
          "terminate": "false"
        },
        {
          "speaker": "speaker1",
          "personaID": "04667",
          "participantID": "0048",
          "utterance": "아하.. 신기한 요물이네요. 비교는 죄악이에요. 저같은 윗세대 잘못이죠~ 순수한 강아지들 산책하면서 반성 많이 했어요.",
          "summary": "비교는 죄악이다. 비교 등의 사회적 현상은 윗세대 잘못이다. 강아지 산책을 하면서 반성을 했다.",
          "date": "2022-08-13",
          "time": "00:33:24",
          "terminate": "false"
        },
        {
          "speaker": "speaker2",
          "personaID": "02212",
          "participantID": "0043",
          "utterance": "맞아요.. 오늘 강아지들과 산책해보니 한결 낫더라고요.",
          "summary": "",
          "date": "2022-08-13",
          "time": "00:34:03",
          "terminate": "false"
        },
        {
          "speaker": "speaker1",
          "personaID": "04667",
          "participantID": "0048",
          "utterance": "그래요. 많이 걸어야 행복해져요. 오늘은 좀 괜찮아요?",
          "summary": "많이 걸어야 행복하다.",
          "date": "2022-08-13",
          "time": "00:34:25",
          "terminate": "false"
        },
        {
          "speaker": "speaker2",
          "personaID": "02212",
          "participantID": "0043",
          "utterance": "네.. 전보다 많이 괜찮진 것 같아요 감사해요 덕분에.",
          "summary": "",
          "date": "2022-08-13",
          "time": "00:35:33",
          "terminate": "false"
        },
        {
          "speaker": "speaker1",
          "personaID": "04667",
          "participantID": "0048",
          "utterance": "담에 시간 되면 같이 우리 강아지 꼬미 까미 산책 가요 행복하시길.",
          "summary": "",
          "date": "2022-08-13",
          "time": "00:35:58",
          "terminate": "false"
        },
        {
          "speaker": "speaker2",
          "personaID": "02212",
          "participantID": "0043",
          "utterance": "좋아요 감사합니다.",
          "summary": "",
          "date": "2022-08-13",
          "time": "00:36:20",
          "terminate": "true"
        }
      ],
      "sessionPersonaSummary": {
        "speaker1": [
          "건강이 최고다.",
          "정신과 약은 독하다.",
          "비교는 죄악이다. 비교 등의 사회적 현상은 윗세대 잘못이다. 강아지 산책을 하면서 반성을 했다.",
          "많이 걸어야 행복하다."
        ],
        "speaker2": [
          "나는 병원을 갔다 오면서 강아지 산책 알바를 했다.",
          "나는 요즘 자주 우울함을 느껴 병원을 다니는데, 병원에서도 산책을 권유했지.",
          "나는 1년 전에 @브랜드명1@를 시작했는데, 병원에서 @브랜드명1@를 끊길 권유 했다.",
          "나는 @브랜드명1@그램을 통해 남들과 나를 자꾸 비교한다."
        ]
      },
      "prevAggregatedpersonaSummary": {
        "speaker1": [
          "나는 50대 남자다.",
          "나도 경기도에 산다. 나는 개신교 신자다. 나는 강아지 산책을 해주고 있다.",
          "아내가 내가 순대국밥집에 데려가서 기분을 잡쳤다. 나는 순대국밥을 안 먹는다. 교회 가는 날은 기분 좋은 날이다.",
          "요즘 강아지 산책 알바도 있다. 나는 록 음악을 좋아한다. 록음악을 강아지 산책하면서 들으면 좋다.",
          "지름길이 지옥길이다."
        ],
        "speaker2": [
          "나는 경기도에 사는 30대 남자다.",
          "나는 무교다.",
          "나는 강아지 산책하는 @브랜드명1@에서 영상을 많이 봤다.",
          "나는 요즘 우울해서 집에만 있는다.",
          "나는 유기견을 데려오는 것을 고민한다."
        ]
      }
    }
  ]
}