{
  "FileInfo": {
    "filename": "K2-00202-CL32810-CP33401-09-09-S2.json",
    "sessionLevel": "2"
  },
  "participantsInfo": {
    "numberOfParticipants": "2",
    "speaker1": {
      "participantID": "0717",
      "gender": "남성",
      "age": "30대",
      "occupation": "무직",
      "bPlace": "서울/경기/인천",
      "gPlace": "서울/경기/인천",
      "rPlace": "서울/경기/인천",
      "educationLevel": "대졸"
    },
    "speaker2": {
      "participantID": "0709",
      "gender": "남성",
      "age": "30대",
      "occupation": "사무직",
      "bPlace": "서울/경기/인천",
      "gPlace": "서울/경기/인천",
      "rPlace": "서울/경기/인천",
      "educationLevel": "대졸"
    }
  },
  "multisessionInfo": {
    "multisessionID": "2-00202"
  },
  "personaInfo": {
    "clInfo": {
      "personaID": "32810",
      "personaFeatures": [
        "나는 남자이다.",
        "나는 30대이다.",
        "나는 해외 주식에 관심이 많다.",
        "나는 항공기 조종사이다.",
        "나는 자전거를 가끔 탄다.",
        "나는 포도를 즐겨 먹는다."
      ],
      "speakerType": "speaker1"
    },
    "cpInfo": {
      "personaID": "33401",
      "personaFeatures": [
        "나는 남자이다.",
        "나는 30대이다.",
        "나는 하얀색을 좋아한다.",
        "나는 국회의원 비서관이다.",
        "나는 매일 부끄러운 감정이 든다.",
        "나는 싱거운 음식을 안 먹는다."
      ],
      "speakerType": "speaker2"
    }
  },
  "topicInfo": {
    "topicID": "09-09",
    "topicType": "개인 및 관계>반려동물",
    "topicTitle": "반려동물 미용"
  },
  "sessionInfo": [
    {
      "prevSessionID": null,
      "prevTimeInfo": {
        "timeNum": null,
        "timeUnit": null
      },
      "nthSession": "1",
      "numberOfUtterances": "16",
      "numberOfTurns": "8",
      "sessionID": "2-00202-1",
      "dialog": [
        {
          "speaker": "speaker1",
          "personaID": "32810",
          "participantID": "0717",
          "utterance": "안녕하세요. 30대 남자입니다. 반가워요 헤헤.",
          "summary": "나는 30대 남자이다.",
          "date": "2022-10-05",
          "time": "23:42:27",
          "terminate": "false"
        },
        {
          "speaker": "speaker2",
          "personaID": "33401",
          "participantID": "0709",
          "utterance": "저도 30대 남자입니다. 만나서 반갑습니다.",
          "summary": "나는 30대 남자이다.",
          "date": "2022-10-05",
          "time": "23:43:01",
          "terminate": "false"
        },
        {
          "speaker": "speaker1",
          "personaID": "32810",
          "participantID": "0717",
          "utterance": "반가워요. 혹시 어떤일을 하고계신가요?",
          "summary": "",
          "date": "2022-10-05",
          "time": "23:43:01",
          "terminate": "false"
        },
        {
          "speaker": "speaker2",
          "personaID": "33401",
          "participantID": "0709",
          "utterance": "저는 국회의원 비서관입니다. 일이 바쁘네요.",
          "summary": "나는 국회의원 비서관이다.",
          "date": "2022-10-05",
          "time": "23:43:16",
          "terminate": "false"
        },
        {
          "speaker": "speaker1",
          "personaID": "32810",
          "participantID": "0717",
          "utterance": "그러시구나~ 저는 항공기 조종사로 일하고 있어요.",
          "summary": "나는 항공기 조종사이다.",
          "date": "2022-10-05",
          "time": "23:43:24",
          "terminate": "false"
        },
        {
          "speaker": "speaker2",
          "personaID": "33401",
          "participantID": "0709",
          "utterance": "멋있는 일을 하시네요. 저는 매일 제 일이 부끄럽거든요.",
          "summary": "나는 매일 부끄러운 감정이 든다.",
          "date": "2022-10-05",
          "time": "23:43:43",
          "terminate": "false"
        },
        {
          "speaker": "speaker1",
          "personaID": "32810",
          "participantID": "0717",
          "utterance": "왜그러신가요? 저는 최근 해외 주식에도 관심이 많아서 운전중에 자주보면서 병행하기에 만족합니다.",
          "summary": "나는 해외 주식에 관심이 많다.",
          "date": "2022-10-05",
          "time": "23:44:00",
          "terminate": "false"
        },
        {
          "speaker": "speaker2",
          "personaID": "33401",
          "participantID": "0709",
          "utterance": "사건 사고가 많아요. 그래서 스트레스 받아서 짠 음식을 많이 먹어요. 싱거운 음식을 안먹어요.",
          "summary": "나는 싱거운 음식을 안 먹는다.",
          "date": "2022-10-05",
          "time": "23:44:42",
          "terminate": "false"
        },
        {
          "speaker": "speaker1",
          "personaID": "32810",
          "participantID": "0717",
          "utterance": "그러시구나. 운동도 열심히 하시나요? 저는 자전거를 가끔타는데요.",
          "summary": "나는 자전거를 가끔 탄다.",
          "date": "2022-10-05",
          "time": "23:44:48",
          "terminate": "false"
        },
        {
          "speaker": "speaker2",
          "personaID": "33401",
          "participantID": "0709",
          "utterance": "아니요. 운동은 별로 안좋아합니다.",
          "summary": "",
          "date": "2022-10-05",
          "time": "23:45:14",
          "terminate": "false"
        },
        {
          "speaker": "speaker1",
          "personaID": "32810",
          "participantID": "0717",
          "utterance": "건강을 생각하셔서 운동 하셔야 해요. 저처럼 포도같은 과일도 자주 드셔야 하구요.",
          "summary": "나는 포도를 즐겨 먹는다.",
          "date": "2022-10-05",
          "time": "23:45:48",
          "terminate": "false"
        },
        {
          "speaker": "speaker2",
          "personaID": "33401",
          "participantID": "0709",
          "utterance": "좋은 정보 감사합니다. 제가 하얀색을 좋아해서 흰색 운동복부터 알아봐야겠네요.",
          "summary": "나는 하얀색을 좋아한다.",
          "date": "2022-10-05",
          "time": "23:46:13",
          "terminate": "false"
        },
        {
          "speaker": "speaker1",
          "personaID": "32810",
          "participantID": "0717",
          "utterance": "그래도 국회의원 비서관이라니 정말 멋지네요. 정말 개성있으신분 같아요.",
          "summary": "",
          "date": "2022-10-05",
          "time": "23:46:24",
          "terminate": "false"
        },
        {
          "speaker": "speaker2",
          "personaID": "33401",
          "participantID": "0709",
          "utterance": "칭찬 감사합니다. 대화 즐거웠어요. 다음에 뵐게요.",
          "summary": "",
          "date": "2022-10-05",
          "time": "23:46:44",
          "terminate": "false"
        },
        {
          "speaker": "speaker1",
          "personaID": "32810",
          "participantID": "0717",
          "utterance": "아하 저는 이만 쓰레기 버리러 나가봐야겠어요 다음에 봐요.",
          "summary": "",
          "date": "2022-10-05",
          "time": "23:46:52",
          "terminate": "false"
        },
        {
          "speaker": "speaker2",
          "personaID": "33401",
          "participantID": "0709",
          "utterance": "저도 쓰레기 버리러 가봐야겠네요. 들어가세요.",
          "summary": "",
          "date": "2022-10-05",
          "time": "23:47:12",
          "terminate": "true"
        }
      ],
      "sessionPersonaSummary": {
        "speaker1": [
          "나는 30대 남자이다.",
          "나는 항공기 조종사이다.",
          "나는 해외 주식에 관심이 많다.",
          "나는 자전거를 가끔 탄다.",
          "나는 포도를 즐겨 먹는다."
        ],
        "speaker2": [
          "나는 30대 남자이다.",
          "나는 국회의원 비서관이다.",
          "나는 매일 부끄러운 감정이 든다.",
          "나는 싱거운 음식을 안 먹는다.",
          "나는 하얀색을 좋아한다."
        ]
      },
      "prevAggregatedpersonaSummary": {
        "speaker1": [],
        "speaker2": []
      }
    },
    {
      "prevSessionID": "2-00202-1",
      "prevTimeInfo": {
        "timeNum": "1",
        "timeUnit": "일"
      },
      "nthSession": "2",
      "numberOfUtterances": "16",
      "numberOfTurns": "8",
      "sessionID": "2-00202-2",
      "dialog": [
        {
          "speaker": "speaker1",
          "personaID": "32810",
          "participantID": "0717",
          "utterance": "하루만에 뵙네요. 요즘 일은 잘되어가시나요?",
          "summary": "",
          "date": "2022-10-05",
          "time": "23:47:14",
          "terminate": "false"
        },
        {
          "speaker": "speaker2",
          "personaID": "33401",
          "participantID": "0709",
          "utterance": "일은 늘 똑같죠. 매일 힘드네요. 우리 강아지 볼 시간도 없어요.",
          "summary": "나는 강아지를 키운다.",
          "date": "2022-10-05",
          "time": "23:47:44",
          "terminate": "false"
        },
        {
          "speaker": "speaker1",
          "personaID": "32810",
          "participantID": "0717",
          "utterance": "저는 오늘 반려견 미용실 예약했어요. 저도 강아지를 키우고 있거든요.",
          "summary": "나는 반려견 미용실을 이용한다.",
          "date": "2022-10-05",
          "time": "23:48:07",
          "terminate": "false"
        },
        {
          "speaker": "speaker2",
          "personaID": "33401",
          "participantID": "0709",
          "utterance": "반려견 미용실 좋네요! 어디 미용실인가요?",
          "summary": "",
          "date": "2022-10-05",
          "time": "23:48:31",
          "terminate": "false"
        },
        {
          "speaker": "speaker1",
          "personaID": "32810",
          "participantID": "0717",
          "utterance": "서울 강남 중심에 있는곳을 이용하고 있어요.",
          "summary": "나는 서울에 산다.",
          "date": "2022-10-05",
          "time": "23:48:59",
          "terminate": "false"
        },
        {
          "speaker": "speaker2",
          "personaID": "33401",
          "participantID": "0709",
          "utterance": "강남 중심 미용실이면 비싸겠어요. 하지만 실력은 확실하겠네요.",
          "summary": "",
          "date": "2022-10-05",
          "time": "23:49:48",
          "terminate": "false"
        },
        {
          "speaker": "speaker1",
          "personaID": "32810",
          "participantID": "0717",
          "utterance": "네 반려 염색이 요즘 유행인데 혹시 염색 시켜봤나요?",
          "summary": "",
          "date": "2022-10-05",
          "time": "23:49:51",
          "terminate": "false"
        },
        {
          "speaker": "speaker2",
          "personaID": "33401",
          "participantID": "0709",
          "utterance": "저는 강아지 염색 별로 안좋아해서요. 한번도 해본 적 없어요.",
          "summary": "나는 강아지 염색을 싫어한다.",
          "date": "2022-10-05",
          "time": "23:50:16",
          "terminate": "false"
        },
        {
          "speaker": "speaker1",
          "personaID": "32810",
          "participantID": "0717",
          "utterance": "최근에 염색약만드는 해외 회사 주식가격이 올라서 이번에 염색시켜 볼려구요.",
          "summary": "해외 주식이 상승하였다.",
          "date": "2022-10-05",
          "time": "23:50:36",
          "terminate": "false"
        },
        {
          "speaker": "speaker2",
          "personaID": "33401",
          "participantID": "0709",
          "utterance": "저는 하얀색을 좋아하는데 우리 강아지도 하얀색이거든요. 저는 계속 안시킬 것 같아요.",
          "summary": "나는 하얀색을 좋아한다.",
          "date": "2022-10-05",
          "time": "23:51:39",
          "terminate": "false"
        },
        {
          "speaker": "speaker1",
          "personaID": "32810",
          "participantID": "0717",
          "utterance": "그래도 분홍색이나 노랜색을 조금 섞어서 염색하시는것도 매력적일거에요.",
          "summary": "",
          "date": "2022-10-05",
          "time": "23:52:16",
          "terminate": "false"
        },
        {
          "speaker": "speaker2",
          "personaID": "33401",
          "participantID": "0709",
          "utterance": "나중에 마음이 바뀐다면 시도해볼게요. 조언 감사합니다.",
          "summary": "나는 감사하다.",
          "date": "2022-10-05",
          "time": "23:52:31",
          "terminate": "false"
        },
        {
          "speaker": "speaker1",
          "personaID": "32810",
          "participantID": "0717",
          "utterance": "네 그리고 요즘 강아지 미용샵에서 출장 서비스도 있으니 바쁘셔도 시간내서 도전해보세요.",
          "summary": "",
          "date": "2022-10-05",
          "time": "23:52:55",
          "terminate": "false"
        },
        {
          "speaker": "speaker2",
          "personaID": "33401",
          "participantID": "0709",
          "utterance": "알겠습니다. 국회의원님이 찾으시네요. 비서관일 하러 가보겠습니다.",
          "summary": "나는 국회의원 비서관이다.",
          "date": "2022-10-05",
          "time": "23:53:11",
          "terminate": "false"
        },
        {
          "speaker": "speaker1",
          "personaID": "32810",
          "participantID": "0717",
          "utterance": "저희 공통점도 많아서 대화가 많이 즐겁네요. 다음에 또 봐요.",
          "summary": "",
          "date": "2022-10-05",
          "time": "23:53:19",
          "terminate": "false"
        },
        {
          "speaker": "speaker2",
          "personaID": "33401",
          "participantID": "0709",
          "utterance": "네. 기회되면 강아지도 보고싶네요. 다음에 뵈요.",
          "summary": "",
          "date": "2022-10-05",
          "time": "23:53:34",
          "terminate": "true"
        }
      ],
      "sessionPersonaSummary": {
        "speaker1": [
          "나는 반려견 미용실을 이용한다.",
          "나는 서울에 산다.",
          "해외 주식이 상승하였다."
        ],
        "speaker2": [
          "나는 강아지를 키운다.",
          "나는 강아지 염색을 싫어한다.",
          "나는 하얀색을 좋아한다.",
          "나는 감사하다.",
          "나는 국회의원 비서관이다."
        ]
      },
      "prevAggregatedpersonaSummary": {
        "speaker1": [
          "나는 30대 남자이다.",
          "나는 항공기 조종사이다.",
          "나는 해외 주식에 관심이 많다.",
          "나는 자전거를 가끔 탄다.",
          "나는 포도를 즐겨 먹는다."
        ],
        "speaker2": [
          "나는 30대 남자이다.",
          "나는 국회의원 비서관이다.",
          "나는 매일 부끄러운 감정이 든다.",
          "나는 싱거운 음식을 안 먹는다.",
          "나는 하얀색을 좋아한다."
        ]
      }
    }
  ]
}