{
  "FileInfo": {
    "filename": "K2-00318-CL41085-CP41649-05-09-S2.json",
    "sessionLevel": "2"
  },
  "participantsInfo": {
    "numberOfParticipants": "2",
    "speaker1": {
      "participantID": "0561",
      "gender": "여성",
      "age": "40대",
      "occupation": "판매직",
      "bPlace": "서울/경기/인천",
      "gPlace": "서울/경기/인천",
      "rPlace": "서울/경기/인천",
      "educationLevel": "대졸"
    },
    "speaker2": {
      "participantID": "0500",
      "gender": "여성",
      "age": "30대",
      "occupation": "무직",
      "bPlace": "부산/대구/울산/경상",
      "gPlace": "부산/대구/울산/경상",
      "rPlace": "부산/대구/울산/경상",
      "educationLevel": "대졸"
    }
  },
  "multisessionInfo": {
    "multisessionID": "2-00318"
  },
  "personaInfo": {
    "clInfo": {
      "personaID": "41085",
      "personaFeatures": [
        "나는 여자이다.",
        "나는 40대이다.",
        "나의 거주지는 경주이다.",
        "나의 여자 형제는 변호사이다.",
        "나는 싱거운 음식을 좋아한다."
      ],
      "speakerType": "speaker1"
    },
    "cpInfo": {
      "personaID": "41649",
      "personaFeatures": [
        "나는 여자이다.",
        "나는 40대이다.",
        "나는 요즘, 자주 느긋해진다.",
        "나는 저녁에 청소를 한다.",
        "나는 단감을 즐겨 먹는다."
      ],
      "speakerType": "speaker2"
    }
  },
  "topicInfo": {
    "topicID": "05-09",
    "topicType": "일과 직업>군대",
    "topicTitle": "면회"
  },
  "sessionInfo": [
    {
      "prevSessionID": null,
      "prevTimeInfo": {
        "timeNum": null,
        "timeUnit": null
      },
      "nthSession": "1",
      "numberOfUtterances": "14",
      "numberOfTurns": "7",
      "sessionID": "2-00318-1",
      "dialog": [
        {
          "speaker": "speaker1",
          "personaID": "41085",
          "participantID": "0561",
          "utterance": "안녕하세요. 반갑습니다. 저는 40대 여자입니다.",
          "summary": "나는 40대 여자이다.",
          "date": "2022-10-03",
          "time": "22:03:32",
          "terminate": "false"
        },
        {
          "speaker": "speaker2",
          "personaID": "41649",
          "participantID": "0500",
          "utterance": "반갑습니다 .저도 40대 여자 입니다.",
          "summary": "나는 40대 여자이다.",
          "date": "2022-10-03",
          "time": "22:04:11",
          "terminate": "false"
        },
        {
          "speaker": "speaker1",
          "personaID": "41085",
          "participantID": "0561",
          "utterance": "저는 경주에 살고 있는데 어디 사시나요?",
          "summary": "나는 경주에 살고 있다.",
          "date": "2022-10-03",
          "time": "22:04:21",
          "terminate": "false"
        },
        {
          "speaker": "speaker2",
          "personaID": "41649",
          "participantID": "0500",
          "utterance": "저는 전주에 살고 있어요.",
          "summary": "나는 전주에 살고 있다.",
          "date": "2022-10-03",
          "time": "22:04:38",
          "terminate": "false"
        },
        {
          "speaker": "speaker1",
          "personaID": "41085",
          "participantID": "0561",
          "utterance": "그러시군요. 저는 해물찜을 즐겨 먹고 후식으로 배를 챙겨 먹고 있는데 어떤 음식들을 좋아하시나요?",
          "summary": "나는 해물찜을 좋아하고 후식으로 배를 챙겨 먹는다.",
          "date": "2022-10-03",
          "time": "22:05:00",
          "terminate": "false"
        },
        {
          "speaker": "speaker2",
          "personaID": "41649",
          "participantID": "0500",
          "utterance": "저는 한식을 좋아하고, 후식으로 단감을 즐겨 먹어요.",
          "summary": "나는 한식 좋아하고 단감 즐겨 먹는다.",
          "date": "2022-10-03",
          "time": "22:05:23",
          "terminate": "false"
        },
        {
          "speaker": "speaker1",
          "personaID": "41085",
          "participantID": "0561",
          "utterance": "저는 속상한 일이 있을 때 변호사로 일하고 있는 언니에게 상담을 많이 받는데 형제 있으신가요?",
          "summary": "나는 변호사로 일하고 있는 언니 한 분에게 상담을 가끔 받는다.",
          "date": "2022-10-03",
          "time": "22:05:46",
          "terminate": "false"
        },
        {
          "speaker": "speaker2",
          "personaID": "41649",
          "participantID": "0500",
          "utterance": "저는 오빠가 한분 계세요. 남동생도 있어요.",
          "summary": "나는 오빠가 한 분 계신다. 남동생 있다.",
          "date": "2022-10-03",
          "time": "22:05:59",
          "terminate": "false"
        },
        {
          "speaker": "speaker1",
          "personaID": "41085",
          "participantID": "0561",
          "utterance": "오빠는 무슨 일을 하시나요?",
          "summary": "",
          "date": "2022-10-03",
          "time": "22:06:17",
          "terminate": "false"
        },
        {
          "speaker": "speaker2",
          "personaID": "41649",
          "participantID": "0500",
          "utterance": "오빠는 경찰로 일하고 있어요.",
          "summary": "오빠는 경찰이다.",
          "date": "2022-10-03",
          "time": "22:06:37",
          "terminate": "false"
        },
        {
          "speaker": "speaker1",
          "personaID": "41085",
          "participantID": "0561",
          "utterance": "저는 성격이 덜렁 걸어서 자주 물건을 잃어버려요. 성격 어떠신가요?",
          "summary": "나는 덜렁대는 성격이다.",
          "date": "2022-10-03",
          "time": "22:06:56",
          "terminate": "false"
        },
        {
          "speaker": "speaker2",
          "personaID": "41649",
          "participantID": "0500",
          "utterance": "저는 요즘 자주 느긋해져요. 특별한 고민이 없어서 그런가 봐요.",
          "summary": "나는 요즘 자주 느긋해진다.",
          "date": "2022-10-03",
          "time": "22:07:17",
          "terminate": "false"
        },
        {
          "speaker": "speaker1",
          "personaID": "41085",
          "participantID": "0561",
          "utterance": "그럼 행복하시겠네요. 오늘 대화 즐거웠어요.",
          "summary": "",
          "date": "2022-10-03",
          "time": "22:07:40",
          "terminate": "false"
        },
        {
          "speaker": "speaker2",
          "personaID": "41649",
          "participantID": "0500",
          "utterance": "그런 거 같아요. 즐거운 시간이었습니다.",
          "summary": "나는 요즘 행복하다.",
          "date": "2022-10-03",
          "time": "22:07:54",
          "terminate": "true"
        }
      ],
      "sessionPersonaSummary": {
        "speaker1": [
          "나는 40대 여자이다.",
          "나는 경주에 살고 있다.",
          "나는 해물찜을 좋아하고 후식으로 배를 챙겨 먹는다.",
          "나는 변호사로 일하고 있는 언니 한 분에게 상담을 가끔 받는다.",
          "나는 덜렁대는 성격이다."
        ],
        "speaker2": [
          "나는 40대 여자이다.",
          "나는 전주에 살고 있다.",
          "나는 한식 좋아하고 단감 즐겨 먹는다.",
          "나는 오빠가 한 분 계신다. 남동생 있다.",
          "오빠는 경찰이다.",
          "나는 요즘 자주 느긋해진다.",
          "나는 요즘 행복하다."
        ]
      },
      "prevAggregatedpersonaSummary": {
        "speaker1": [],
        "speaker2": []
      }
    },
    {
      "prevSessionID": "2-00318-1",
      "prevTimeInfo": {
        "timeNum": "3",
        "timeUnit": "일"
      },
      "nthSession": "2",
      "numberOfUtterances": "14",
      "numberOfTurns": "7",
      "sessionID": "2-00318-2",
      "dialog": [
        {
          "speaker": "speaker1",
          "personaID": "41085",
          "participantID": "0561",
          "utterance": "3일만에 뵙네요. 주말에 무엇을 하시며 보냈나요?",
          "summary": "",
          "date": "2022-10-03",
          "time": "22:08:17",
          "terminate": "false"
        },
        {
          "speaker": "speaker2",
          "personaID": "41649",
          "participantID": "0500",
          "utterance": "주말에 남편과 낚시 다녀왔어요.",
          "summary": "나는 주말에 남편과 낚시 다녀왔다.",
          "date": "2022-10-03",
          "time": "22:08:35",
          "terminate": "false"
        },
        {
          "speaker": "speaker1",
          "personaID": "41085",
          "participantID": "0561",
          "utterance": "그러셨군요. 저는 주말에 밀린 청소와 빨래를 했어요. 집안일은 주로 언제 하시나요?",
          "summary": "나는 주말에 밀린 청소와 빨래를 했다.",
          "date": "2022-10-03",
          "time": "22:09:06",
          "terminate": "false"
        },
        {
          "speaker": "speaker2",
          "personaID": "41649",
          "participantID": "0500",
          "utterance": "저는 저녁에 청소를 하고, 빨래를 해요.",
          "summary": "나는 저녁에 청소한다.",
          "date": "2022-10-03",
          "time": "22:09:22",
          "terminate": "false"
        },
        {
          "speaker": "speaker1",
          "personaID": "41085",
          "participantID": "0561",
          "utterance": "조카 중에 군대 간 애가 있는데 자꾸 이모 보고 면회를 오라 하잖아요.",
          "summary": "군대 간 조카가 면회를 오라고 한다.",
          "date": "2022-10-03",
          "time": "22:10:01",
          "terminate": "false"
        },
        {
          "speaker": "speaker2",
          "personaID": "41649",
          "participantID": "0500",
          "utterance": "이모랑 조카랑 사이가 아주 좋으신가 보네요. 제 동생도 군인인데.",
          "summary": "이모랑 조카가 사이가 좋은 가보다.",
          "date": "2022-10-03",
          "time": "22:10:15",
          "terminate": "false"
        },
        {
          "speaker": "speaker1",
          "personaID": "41085",
          "participantID": "0561",
          "utterance": "네 큰언니 아들인데 이번에 군대를 가서 6개월 정도 됐어요. 면회가 본 적 있으세요?",
          "summary": "큰 언니 아들이 군대 간지 6개월 됐다.",
          "date": "2022-10-03",
          "time": "22:10:56",
          "terminate": "false"
        },
        {
          "speaker": "speaker2",
          "personaID": "41649",
          "participantID": "0500",
          "utterance": "다음 주에 친정 식구들과 동생 면회 가려고 해요.",
          "summary": "나는 다음 주 친정 식구들과 남동생 면회 간다.",
          "date": "2022-10-03",
          "time": "22:11:20",
          "terminate": "false"
        },
        {
          "speaker": "speaker1",
          "personaID": "41085",
          "participantID": "0561",
          "utterance": "저는 면회를 한 번도 가보지 않았는데 음식을 싸 가지고 가야 되나요?",
          "summary": "나는 면회를 한 번도 가본 적이 없다.",
          "date": "2022-10-03",
          "time": "22:12:19",
          "terminate": "false"
        },
        {
          "speaker": "speaker2",
          "personaID": "41649",
          "participantID": "0500",
          "utterance": "요즘은 부대 근처에 맛있는 식당들이 많아요. 저희는 아무것도 안 싸가거든요.",
          "summary": "요즘 부대 근처에 맛있는 식당들이 많다.",
          "date": "2022-10-03",
          "time": "22:12:41",
          "terminate": "false"
        },
        {
          "speaker": "speaker1",
          "personaID": "41085",
          "participantID": "0561",
          "utterance": "아 그렇군요. 그럼 지갑을 두둑히 채워 가야겠네요. 어떤 스타일의 옷을 주로 입으시나요?",
          "summary": "",
          "date": "2022-10-03",
          "time": "22:13:25",
          "terminate": "false"
        },
        {
          "speaker": "speaker2",
          "personaID": "41649",
          "participantID": "0500",
          "utterance": "저는 주로 편한 옷을 자주 입어요.",
          "summary": "나는 주로 편한 옷을 입는다.",
          "date": "2022-10-03",
          "time": "22:14:10",
          "terminate": "false"
        },
        {
          "speaker": "speaker1",
          "personaID": "41085",
          "participantID": "0561",
          "utterance": "저는 가끔 개량한복을 입어요. 의외로 편하고 괜찮더라고요. 오늘 대화 즐거웠어요.",
          "summary": "나는 가끔 개량한복을 입는다.",
          "date": "2022-10-03",
          "time": "22:14:39",
          "terminate": "false"
        },
        {
          "speaker": "speaker2",
          "personaID": "41649",
          "participantID": "0500",
          "utterance": "멋지시네요.즐거운 대화였습니다. 다음에 또 봐요.",
          "summary": "",
          "date": "2022-10-03",
          "time": "22:14:55",
          "terminate": "true"
        }
      ],
      "sessionPersonaSummary": {
        "speaker1": [
          "나는 주말에 밀린 청소와 빨래를 했다.",
          "군대 간 조카가 면회를 오라고 한다.",
          "큰 언니 아들이 군대 간지 6개월 됐다.",
          "나는 면회를 한 번도 가본 적이 없다.",
          "나는 가끔 개량한복을 입는다."
        ],
        "speaker2": [
          "나는 주말에 남편과 낚시 다녀왔다.",
          "나는 저녁에 청소한다.",
          "이모랑 조카가 사이가 좋은 가보다.",
          "나는 다음 주 친정 식구들과 남동생 면회 간다.",
          "요즘 부대 근처에 맛있는 식당들이 많다.",
          "나는 주로 편한 옷을 입는다."
        ]
      },
      "prevAggregatedpersonaSummary": {
        "speaker1": [
          "나는 40대 여자이다.",
          "나는 경주에 살고 있다.",
          "나는 해물찜을 좋아하고 후식으로 배를 챙겨 먹는다.",
          "나는 변호사로 일하고 있는 언니 한 분에게 상담을 가끔 받는다.",
          "나는 덜렁대는 성격이다."
        ],
        "speaker2": [
          "나는 40대 여자이다.",
          "나는 전주에 살고 있다.",
          "나는 한식 좋아하고 단감 즐겨 먹는다.",
          "나는 오빠가 한 분 계신다. 남동생 있다.",
          "오빠는 경찰이다.",
          "나는 요즘 자주 느긋해진다.",
          "나는 요즘 행복하다."
        ]
      }
    }
  ]
}