{
  "FileInfo": {
    "filename": "K2-00467-CL33577-CP33952-18-03-S2.json",
    "sessionLevel": "2"
  },
  "participantsInfo": {
    "numberOfParticipants": "2",
    "speaker1": {
      "participantID": "0874",
      "gender": "여성",
      "age": "30대",
      "occupation": "자영업",
      "bPlace": "대전/세종/충청/강원",
      "gPlace": "대전/세종/충청/강원",
      "rPlace": "대전/세종/충청/강원",
      "educationLevel": "대졸"
    },
    "speaker2": {
      "participantID": "0883",
      "gender": "여성",
      "age": "30대",
      "occupation": "사무직",
      "bPlace": "대전/세종/충청/강원",
      "gPlace": "대전/세종/충청/강원",
      "rPlace": "대전/세종/충청/강원",
      "educationLevel": "고졸"
    }
  },
  "multisessionInfo": {
    "multisessionID": "2-00467"
  },
  "personaInfo": {
    "clInfo": {
      "personaID": "33577",
      "personaFeatures": [
        "나는 여자이다.",
        "나는 30대이다.",
        "나는 가을을 싫어한다.",
        "나는 미국에 가 보고 싶다.",
        "나는 가끔 초조하다.",
        "나는 짬뽕을 좋아한다."
      ],
      "speakerType": "speaker1"
    },
    "cpInfo": {
      "personaID": "33952",
      "personaFeatures": [
        "나는 여자이다.",
        "나는 30대이다.",
        "나는 일본어에 관심 있지만 배울 시간이 없다.",
        "나는 회사원이다.",
        "나는 매일 슬프다.",
        "나는 와인을 좋아한다."
      ],
      "speakerType": "speaker2"
    }
  },
  "topicInfo": {
    "topicID": "18-03",
    "topicType": "상거래 전반",
    "topicTitle": "인터넷쇼핑"
  },
  "sessionInfo": [
    {
      "prevSessionID": null,
      "prevTimeInfo": {
        "timeNum": null,
        "timeUnit": null
      },
      "nthSession": "1",
      "numberOfUtterances": "16",
      "numberOfTurns": "8",
      "sessionID": "2-00467-1",
      "dialog": [
        {
          "speaker": "speaker1",
          "personaID": "33577",
          "participantID": "0874",
          "utterance": "안녕하세요 저는 30대고요 여자랍니다 잘부탁해요!",
          "summary": "나는 30대 여자이다.",
          "date": "2022-11-02",
          "time": "22:45:07",
          "terminate": "false"
        },
        {
          "speaker": "speaker2",
          "personaID": "33952",
          "participantID": "0883",
          "utterance": "안녕하세요 저는 30대 여자입니다 반가워요^^",
          "summary": "나는 30대 여자이다.",
          "date": "2022-11-02",
          "time": "22:45:57",
          "terminate": "false"
        },
        {
          "speaker": "speaker1",
          "personaID": "33577",
          "participantID": "0874",
          "utterance": "오 반가워요~ 저는 사실 합격통지가 나오느날이라 초조했거든요.",
          "summary": "나는 오늘 합격통지서가 나오는 날이다. 나는 가끔 초조하다.",
          "date": "2022-11-02",
          "time": "22:46:10",
          "terminate": "false"
        },
        {
          "speaker": "speaker2",
          "personaID": "33952",
          "participantID": "0883",
          "utterance": "오 어떤 합격통지서인지 궁금한데요? 좋은 결과 나왔으면 좋겠어요~",
          "summary": "",
          "date": "2022-11-02",
          "time": "22:46:33",
          "terminate": "false"
        },
        {
          "speaker": "speaker1",
          "personaID": "33577",
          "participantID": "0874",
          "utterance": "제가 이번에 공무원시험을 봤거든요 하하 선생님은 직장인이죠?",
          "summary": "나는 공무원 시험을 봤다.",
          "date": "2022-11-02",
          "time": "22:46:45",
          "terminate": "false"
        },
        {
          "speaker": "speaker2",
          "personaID": "33952",
          "participantID": "0883",
          "utterance": "아이고 고생하셨어요~ 저는 회사원이랍니다.",
          "summary": "나는 회사원이다.",
          "date": "2022-11-02",
          "time": "22:47:06",
          "terminate": "false"
        },
        {
          "speaker": "speaker1",
          "personaID": "33577",
          "participantID": "0874",
          "utterance": "와 저도 합격해서 맘편히 여행을 다녀오고싶어요~",
          "summary": "나는 미국에 가 보고 싶다.",
          "date": "2022-11-02",
          "time": "22:47:23",
          "terminate": "false"
        },
        {
          "speaker": "speaker2",
          "personaID": "33952",
          "participantID": "0883",
          "utterance": "어디 가고싶은 여행지는 있으세요? 저는 매일 슬퍼요~",
          "summary": "나는 매일 슬프다.",
          "date": "2022-11-02",
          "time": "22:47:33",
          "terminate": "false"
        },
        {
          "speaker": "speaker1",
          "personaID": "33577",
          "participantID": "0874",
          "utterance": "저는 미국이요~ 왜 슬프세요? 무슨일인데요?",
          "summary": "",
          "date": "2022-11-02",
          "time": "22:47:52",
          "terminate": "false"
        },
        {
          "speaker": "speaker2",
          "personaID": "33952",
          "participantID": "0883",
          "utterance": "저는 휴가를 오래 못가서 해외여행은 꿈도 못꾸거든요~",
          "summary": "나는 휴가를 오래 못쓴다.",
          "date": "2022-11-02",
          "time": "22:48:08",
          "terminate": "false"
        },
        {
          "speaker": "speaker1",
          "personaID": "33577",
          "participantID": "0874",
          "utterance": "아 하하 저는 요즘 쓸쓸한 가을이라 너무 싫어요.. 점점외로워져요.",
          "summary": "나는 가을을 싫어한다.",
          "date": "2022-11-02",
          "time": "22:48:32",
          "terminate": "false"
        },
        {
          "speaker": "speaker2",
          "personaID": "33952",
          "participantID": "0883",
          "utterance": "앗정말요? 선생님 미혼이시죠? 애인없으세요?",
          "summary": "",
          "date": "2022-11-02",
          "time": "22:48:49",
          "terminate": "false"
        },
        {
          "speaker": "speaker1",
          "personaID": "33577",
          "participantID": "0874",
          "utterance": "네.. 공부밖에 안했는걸요? 언제 남자친구를 사귀겠어요~",
          "summary": "나는 남자 친구가 없다.",
          "date": "2022-11-02",
          "time": "22:48:57",
          "terminate": "false"
        },
        {
          "speaker": "speaker2",
          "personaID": "33952",
          "participantID": "0883",
          "utterance": "합격 통지는 언제나오나요? 저도 떨리네요~",
          "summary": "",
          "date": "2022-11-02",
          "time": "22:49:16",
          "terminate": "false"
        },
        {
          "speaker": "speaker1",
          "personaID": "33577",
          "participantID": "0874",
          "utterance": "와 잠시만요 확인해보고올게요 아우 떨려라 ㅠㅠ.",
          "summary": "",
          "date": "2022-11-02",
          "time": "22:49:28",
          "terminate": "false"
        },
        {
          "speaker": "speaker2",
          "personaID": "33952",
          "participantID": "0883",
          "utterance": "네 그럼 저는 와인을 좋아해서 한잔 즐기고 있을게요~",
          "summary": "나는 와인을 좋아한다.",
          "date": "2022-11-02",
          "time": "22:49:39",
          "terminate": "true"
        }
      ],
      "sessionPersonaSummary": {
        "speaker1": [
          "나는 30대 여자이다.",
          "나는 오늘 합격통지서가 나오는 날이다. 나는 가끔 초조하다.",
          "나는 공무원 시험을 봤다.",
          "나는 미국에 가 보고 싶다.",
          "나는 가을을 싫어한다.",
          "나는 남자 친구가 없다."
        ],
        "speaker2": [
          "나는 30대 여자이다.",
          "나는 회사원이다.",
          "나는 매일 슬프다.",
          "나는 휴가를 오래 못쓴다.",
          "나는 와인을 좋아한다."
        ]
      },
      "prevAggregatedpersonaSummary": {
        "speaker1": [],
        "speaker2": []
      }
    },
    {
      "prevSessionID": "2-00467-1",
      "prevTimeInfo": {
        "timeNum": "1",
        "timeUnit": "시간"
      },
      "nthSession": "2",
      "numberOfUtterances": "16",
      "numberOfTurns": "8",
      "sessionID": "2-00467-2",
      "dialog": [
        {
          "speaker": "speaker1",
          "personaID": "33577",
          "participantID": "0874",
          "utterance": "선생님!!!!!!!!!!!!!!!!저 합격!!!!!!!꺄!!!!!!한시간동안 기다리느라 힘들었어요ㅠㅠ.",
          "summary": "나는 공무원 시험에 합격했다.",
          "date": "2022-11-02",
          "time": "22:49:48",
          "terminate": "false"
        },
        {
          "speaker": "speaker2",
          "personaID": "33952",
          "participantID": "0883",
          "utterance": "와 선생님 너무 고생하셨어요 축하드려요~ 소감이 어떠신가요?",
          "summary": "",
          "date": "2022-11-02",
          "time": "22:50:02",
          "terminate": "false"
        },
        {
          "speaker": "speaker1",
          "personaID": "33577",
          "participantID": "0874",
          "utterance": "진짜 너무 좋아요~ 이젠 이쁜옷도입고 놀러다닐거에요!",
          "summary": "",
          "date": "2022-11-02",
          "time": "22:50:07",
          "terminate": "false"
        },
        {
          "speaker": "speaker2",
          "personaID": "33952",
          "participantID": "0883",
          "utterance": "이제 뭐하실거예요? 쇼핑할거 갈건가요?",
          "summary": "",
          "date": "2022-11-02",
          "time": "22:50:36",
          "terminate": "false"
        },
        {
          "speaker": "speaker1",
          "personaID": "33577",
          "participantID": "0874",
          "utterance": "일단 지금 이럴때가 아니네요~ 인터넷으로 쇼핑을 좀해야겠어요.",
          "summary": "나는 인터넷 쇼핑을 할 것이다.",
          "date": "2022-11-02",
          "time": "22:50:47",
          "terminate": "false"
        },
        {
          "speaker": "speaker2",
          "personaID": "33952",
          "participantID": "0883",
          "utterance": "어떤거 사실거예요? 저도 인터넷 쇼핑진짜 매일하거든요~",
          "summary": "나는 인터넷 쇼핑을 매일 할 것이다.",
          "date": "2022-11-02",
          "time": "22:51:03",
          "terminate": "false"
        },
        {
          "speaker": "speaker1",
          "personaID": "33577",
          "participantID": "0874",
          "utterance": "그런데 저는 인터넷쇼핑을 자주안해봐서.. 추천하는 사이트 있어요?",
          "summary": "나는 인터넷 쇼핑을 안 해봤다.",
          "date": "2022-11-02",
          "time": "22:51:18",
          "terminate": "false"
        },
        {
          "speaker": "speaker2",
          "personaID": "33952",
          "participantID": "0883",
          "utterance": "옷사실건가요? 뭐사실건데요?",
          "summary": "",
          "date": "2022-11-02",
          "time": "22:51:26",
          "terminate": "false"
        },
        {
          "speaker": "speaker1",
          "personaID": "33577",
          "participantID": "0874",
          "utterance": "옷이요! 이쁘고 섹시한거 입고 술먹으러가야죠^^",
          "summary": "",
          "date": "2022-11-02",
          "time": "22:51:31",
          "terminate": "false"
        },
        {
          "speaker": "speaker2",
          "personaID": "33952",
          "participantID": "0883",
          "utterance": "그럼 @브랜드명1@나 @브랜드명2@ 앱 다운받아서 한번 살펴보세요~",
          "summary": "",
          "date": "2022-11-02",
          "time": "22:51:55",
          "terminate": "false"
        },
        {
          "speaker": "speaker1",
          "personaID": "33577",
          "participantID": "0874",
          "utterance": "아그래요? 와 완전 꿀 정보 감사해요^^이따 깔아야지.",
          "summary": "",
          "date": "2022-11-02",
          "time": "22:52:06",
          "terminate": "false"
        },
        {
          "speaker": "speaker2",
          "personaID": "33952",
          "participantID": "0883",
          "utterance": "그럼 이쁜옷 사세요! 기분 정말 좋으시겠어요~",
          "summary": "",
          "date": "2022-11-02",
          "time": "22:52:27",
          "terminate": "false"
        },
        {
          "speaker": "speaker1",
          "personaID": "33577",
          "participantID": "0874",
          "utterance": "아 너무 초조하게 기다렸더니 배고파서 제가 좋아하는 짬뽕을 시켰어요.",
          "summary": "나는 짬뽕을 좋아한다.",
          "date": "2022-11-02",
          "time": "22:52:32",
          "terminate": "false"
        },
        {
          "speaker": "speaker2",
          "personaID": "33952",
          "participantID": "0883",
          "utterance": "저는 일본어에 관심은 있는데 배울시간이없어서 걱정이랍니다..",
          "summary": "나는 일본어에 관심 있지만 배울 시간이 없다.",
          "date": "2022-11-02",
          "time": "22:52:54",
          "terminate": "false"
        },
        {
          "speaker": "speaker1",
          "personaID": "33577",
          "participantID": "0874",
          "utterance": "아그래요? 요즘에는 @브랜드명3@로 잘나오니까 찾아봐요^^",
          "summary": "",
          "date": "2022-11-02",
          "time": "22:53:14",
          "terminate": "false"
        },
        {
          "speaker": "speaker2",
          "personaID": "33952",
          "participantID": "0883",
          "utterance": "네 알겠습니다! 그럼 나중에 또 대화 나눠요~",
          "summary": "",
          "date": "2022-11-02",
          "time": "22:53:25",
          "terminate": "true"
        }
      ],
      "sessionPersonaSummary": {
        "speaker1": [
          "나는 공무원 시험에 합격했다.",
          "나는 인터넷 쇼핑을 할 것이다.",
          "나는 인터넷 쇼핑을 안 해봤다.",
          "나는 짬뽕을 좋아한다."
        ],
        "speaker2": [
          "나는 인터넷 쇼핑을 매일 할 것이다.",
          "나는 일본어에 관심 있지만 배울 시간이 없다."
        ]
      },
      "prevAggregatedpersonaSummary": {
        "speaker1": [
          "나는 30대 여자이다.",
          "나는 오늘 합격통지서가 나오는 날이다. 나는 가끔 초조하다.",
          "나는 공무원 시험을 봤다.",
          "나는 미국에 가 보고 싶다.",
          "나는 가을을 싫어한다.",
          "나는 남자 친구가 없다."
        ],
        "speaker2": [
          "나는 30대 여자이다.",
          "나는 회사원이다.",
          "나는 매일 슬프다.",
          "나는 휴가를 오래 못쓴다.",
          "나는 와인을 좋아한다."
        ]
      }
    }
  ]
}