{
  "FileInfo": {
    "filename": "K2-00331-CL12519-CP40782-03-06-S2.json",
    "sessionLevel": "2"
  },
  "participantsInfo": {
    "numberOfParticipants": "2",
    "speaker1": {
      "participantID": "4679",
      "gender": "여성",
      "age": "20대",
      "occupation": "학생",
      "bPlace": "부산/대구/울산/경상",
      "gPlace": "부산/대구/울산/경상",
      "rPlace": "부산/대구/울산/경상",
      "educationLevel": "고졸"
    },
    "speaker2": {
      "participantID": "3743",
      "gender": "남성",
      "age": "30대",
      "occupation": "사무직",
      "bPlace": "부산/대구/울산/경상",
      "gPlace": "부산/대구/울산/경상",
      "rPlace": "부산/대구/울산/경상",
      "educationLevel": "대졸"
    }
  },
  "multisessionInfo": {
    "multisessionID": "2-00331"
  },
  "personaInfo": {
    "clInfo": {
      "personaID": "12519",
      "personaFeatures": [
        "나는 여자이다.",
        "나는 10대이다.",
        "내가 사는 곳은 진주이다",
        "나는 체육 활동하는 게 즐겁다",
        "나는 축구를 자주 한다",
        "나는 비 오는 날씨를 싫어한다"
      ],
      "speakerType": "speaker1"
    },
    "cpInfo": {
      "personaID": "40782",
      "personaFeatures": [
        "나는 남자이다.",
        "나는 40대이다.",
        "나는 조경기술자이다",
        "나는 배구를 좋아한다",
        "나는 멜로 영화를 싫어한다"
      ],
      "speakerType": "speaker2"
    }
  },
  "topicInfo": {
    "topicID": "03-06",
    "topicType": "교통",
    "topicTitle": "비행기"
  },
  "sessionInfo": [
    {
      "prevSessionID": null,
      "prevTimeInfo": {
        "timeNum": null,
        "timeUnit": null
      },
      "nthSession": "1",
      "numberOfUtterances": "15",
      "numberOfTurns": "7",
      "sessionID": "2-00331-1",
      "dialog": [
        {
          "speaker": "speaker1",
          "personaID": "12519",
          "participantID": "4679",
          "utterance": "안녕하세요. 저는 10대 여성입니다.",
          "summary": "나는 10대 여자이다.",
          "date": "2022-11-18",
          "time": "16:30:51",
          "terminate": "false"
        },
        {
          "speaker": "speaker2",
          "personaID": "40782",
          "participantID": "3743",
          "utterance": "안녕하세요 저는 40대 남자입니다.",
          "summary": "나는 40대 남자이다.",
          "date": "2022-11-18",
          "time": "16:31:07",
          "terminate": "false"
        },
        {
          "speaker": "speaker1",
          "personaID": "12519",
          "participantID": "4679",
          "utterance": "저는 진주에 살아요. 어디에 사세요?",
          "summary": "나는 진주에 산다.",
          "date": "2022-11-18",
          "time": "16:31:43",
          "terminate": "false"
        },
        {
          "speaker": "speaker2",
          "personaID": "40782",
          "participantID": "3743",
          "utterance": "저는 지금 대구에 살고 있어요.",
          "summary": "나는 대구에 산다.",
          "date": "2022-11-18",
          "time": "16:32:46",
          "terminate": "false"
        },
        {
          "speaker": "speaker1",
          "personaID": "12519",
          "participantID": "4679",
          "utterance": "저는 요즘 체육 활동하는 게 즐거워요. ",
          "summary": "나는 요즘 체육활동이 즐겁다.",
          "date": "2022-11-18",
          "time": "16:34:13",
          "terminate": "false"
        },
        {
          "speaker": "speaker2",
          "personaID": "40782",
          "participantID": "3743",
          "utterance": "그러시군요. 저는 요즘 배구를 좋아해서 보는걸 좋아하고 영화도 보는데 멜로영화는 싫어해요.",
          "summary": "나는 요즘 배구를 좋아한다. 나는 멜로 영화를 싫어한다.",
          "date": "2022-11-18",
          "time": "16:35:39",
          "terminate": "false"
        },
        {
          "speaker": "speaker1",
          "personaID": "12519",
          "participantID": "4679",
          "utterance": "그러시군요! 저는 축구를 자주 해요!",
          "summary": "나는 축구를 자주 한다.",
          "date": "2022-11-18",
          "time": "16:39:22",
          "terminate": "false"
        },
        {
          "speaker": "speaker2",
          "personaID": "40782",
          "participantID": "3743",
          "utterance": "축구 좋아하시나봐요. 저도 축구 보는건 좋아합니다.",
          "summary": "나는 축구 보는 것을 좋아한다.",
          "date": "2022-11-19",
          "time": "08:17:56",
          "terminate": "false"
        },
        {
          "speaker": "speaker1",
          "personaID": "12519",
          "participantID": "4679",
          "utterance": "그렇군요. 그래서 그런지 저는 비 오는 날씨를 싫어해요. ",
          "summary": "나는 비 오는 날씨를 싫어한다.",
          "date": "2022-11-19",
          "time": "10:05:08",
          "terminate": "false"
        },
        {
          "speaker": "speaker2",
          "personaID": "40782",
          "participantID": "3743",
          "utterance": "저도 비오는 날씨를 싫어하는데 비가오는날엔 집에서 영화를 본답니다. 멜로영화는 싫어해서 다른 장르로 봐요.",
          "summary": "나는 비 오는 날씨를 싫어한다. 나는 비가 오는 날에 집에서 영화를 본다.",
          "date": "2022-11-19",
          "time": "20:46:39",
          "terminate": "false"
        },
        {
          "speaker": "speaker1",
          "personaID": "12519",
          "participantID": "4679",
          "utterance": "다른 장르 뭐보세요? 저는 멜로 영화 좋아해요!",
          "summary": "나는 멜로 영화를 좋아한다.",
          "date": "2022-11-19",
          "time": "21:00:02",
          "terminate": "false"
        },
        {
          "speaker": "speaker2",
          "personaID": "40782",
          "participantID": "3743",
          "utterance": "저는 액션이나 추리영화를 가장 좋아해요.",
          "summary": "나는 액션과 추리 영화를 가장 좋아한다.",
          "date": "2022-11-19",
          "time": "22:54:40",
          "terminate": "false"
        },
        {
          "speaker": "speaker1",
          "personaID": "12519",
          "participantID": "4679",
          "utterance": "저도 액션영화도 재밌는 거 같아요! ",
          "summary": "나는 액션 영화도 재밌는 것 같다.",
          "date": "2022-11-19",
          "time": "22:55:17",
          "terminate": "false"
        },
        {
          "speaker": "speaker2",
          "personaID": "40782",
          "participantID": "3743",
          "utterance": "화끈한 액션씬 보면 제 기분이 확 풀려서 좋아요.",
          "summary": "",
          "date": "2022-11-19",
          "time": "22:56:26",
          "terminate": "false"
        },
        {
          "speaker": "speaker1",
          "personaID": "12519",
          "participantID": "4679",
          "utterance": "즐거웠어요~ 다음에 또 연락할게요.",
          "summary": "",
          "date": "2022-11-19",
          "time": "22:57:26",
          "terminate": "true"
        }
      ],
      "sessionPersonaSummary": {
        "speaker1": [
          "나는 10대 여자이다.",
          "나는 진주에 산다.",
          "나는 요즘 체육활동이 즐겁다.",
          "나는 축구를 자주 한다.",
          "나는 비 오는 날씨를 싫어한다.",
          "나는 멜로 영화를 좋아한다.",
          "나는 액션 영화도 재밌는 것 같다."
        ],
        "speaker2": [
          "나는 40대 남자이다.",
          "나는 대구에 산다.",
          "나는 요즘 배구를 좋아한다. 나는 멜로 영화를 싫어한다.",
          "나는 축구 보는 것을 좋아한다.",
          "나는 비 오는 날씨를 싫어한다. 나는 비가 오는 날에 집에서 영화를 본다.",
          "나는 액션과 추리 영화를 가장 좋아한다."
        ]
      },
      "prevAggregatedpersonaSummary": {
        "speaker1": [],
        "speaker2": []
      }
    },
    {
      "prevSessionID": "2-00331-1",
      "prevTimeInfo": {
        "timeNum": "5",
        "timeUnit": "주"
      },
      "nthSession": "2",
      "numberOfUtterances": "15",
      "numberOfTurns": "7",
      "sessionID": "2-00331-2",
      "dialog": [
        {
          "speaker": "speaker1",
          "personaID": "12519",
          "participantID": "4679",
          "utterance": "잘지내셨어요? 벌써 한 달 넘게 지났네요~ 조경기술자님.",
          "summary": "",
          "date": "2022-11-19",
          "time": "23:04:16",
          "terminate": "false"
        },
        {
          "speaker": "speaker2",
          "personaID": "40782",
          "participantID": "3743",
          "utterance": "정말 5주나 지나다니 시간이 정말 빠르네요.",
          "summary": "",
          "date": "2022-11-19",
          "time": "23:05:07",
          "terminate": "false"
        },
        {
          "speaker": "speaker1",
          "personaID": "12519",
          "participantID": "4679",
          "utterance": "요즘 코로나가 풀려서 여러 교통을 이용해서 여행가는 사람들이 많은 거 같아요.",
          "summary": "",
          "date": "2022-11-19",
          "time": "23:06:21",
          "terminate": "false"
        },
        {
          "speaker": "speaker2",
          "personaID": "40782",
          "participantID": "3743",
          "utterance": "3년이나 여행을 못갔으니 여행을 정말 기다렸겠네요",
          "summary": "",
          "date": "2022-11-19",
          "time": "23:08:07",
          "terminate": "false"
        },
        {
          "speaker": "speaker1",
          "personaID": "12519",
          "participantID": "4679",
          "utterance": "맞아요. 저도 비행기 표를 예약할 예정이예요. ",
          "summary": "나는 비행기표를 예약할 예정이다.",
          "date": "2022-11-19",
          "time": "23:09:19",
          "terminate": "false"
        },
        {
          "speaker": "speaker2",
          "personaID": "40782",
          "participantID": "3743",
          "utterance": "비행기라는 말만 들어도 설레는거 같아요.",
          "summary": "나는 비행기라는 말을 들으면 설렌다.",
          "date": "2022-11-19",
          "time": "23:11:44",
          "terminate": "false"
        },
        {
          "speaker": "speaker1",
          "personaID": "12519",
          "participantID": "4679",
          "utterance": "맞아요. 특히 비행기 창문으로 내려다보이는 풍경이 너무 좋아요.",
          "summary": "나는 비행기 창문으로 내려다보이는 풍경이 너무 좋다.",
          "date": "2022-11-19",
          "time": "23:12:22",
          "terminate": "false"
        },
        {
          "speaker": "speaker2",
          "personaID": "40782",
          "participantID": "3743",
          "utterance": "말을 하니 저도 오랜만에 비행기를 타보고 싶네요.",
          "summary": "나는 비행기를 타보고 싶다.",
          "date": "2022-11-19",
          "time": "23:16:11",
          "terminate": "false"
        },
        {
          "speaker": "speaker1",
          "personaID": "12519",
          "participantID": "4679",
          "utterance": "비행기 탈 때 영화보는 것도 참 재밌어요. 보통 비행기에서 액션 영화 보시나요?",
          "summary": "나는 비행기 탈 때 영화 보는 게 재미있다.",
          "date": "2022-11-19",
          "time": "23:16:46",
          "terminate": "false"
        },
        {
          "speaker": "speaker2",
          "personaID": "40782",
          "participantID": "3743",
          "utterance": "비행기에서는 거의 잠만 자서 영화늘 잘 보지 않습니다.",
          "summary": "나는 비행기에서 거의 잠만 잔다.",
          "date": "2022-11-19",
          "time": "23:19:47",
          "terminate": "false"
        },
        {
          "speaker": "speaker1",
          "personaID": "12519",
          "participantID": "4679",
          "utterance": "비행기에서 자면 시간이 빨리 가서 좋아요.",
          "summary": "나는 비행기에서 자면 시간이 빨리 가서 좋다.",
          "date": "2022-11-19",
          "time": "23:20:04",
          "terminate": "false"
        },
        {
          "speaker": "speaker2",
          "personaID": "40782",
          "participantID": "3743",
          "utterance": "네 비행기에서는 자는거 만큼 시간 잘 보내는게 없더라구요.",
          "summary": "",
          "date": "2022-11-19",
          "time": "23:24:24",
          "terminate": "false"
        },
        {
          "speaker": "speaker1",
          "personaID": "12519",
          "participantID": "4679",
          "utterance": "저가 비행기 타는 날에 비가 안 왔으면 좋겠네요~",
          "summary": "나는 저가 비행기 타는 날엔 비가 안 왔으면 좋겠다.",
          "date": "2022-11-19",
          "time": "23:25:35",
          "terminate": "false"
        },
        {
          "speaker": "speaker2",
          "personaID": "40782",
          "participantID": "3743",
          "utterance": "저가 비행기는 떨림이 심해서 가끔씩 불안한 경우가 있더라구요.",
          "summary": "나는 비행기가 떨림이 심해서 가끔 불안하다.",
          "date": "2022-11-19",
          "time": "23:26:33",
          "terminate": "false"
        },
        {
          "speaker": "speaker1",
          "personaID": "12519",
          "participantID": "4679",
          "utterance": "갑자기 비가 오면 더 심해지는 거 같아요. 그래서 저희가 비 오는 날씨를 싫어하나 봐요. 하하. 즐거웠습니다~ 다음에 또 연락해요~",
          "summary": "",
          "date": "2022-11-19",
          "time": "23:30:29",
          "terminate": "true"
        }
      ],
      "sessionPersonaSummary": {
        "speaker1": [
          "나는 비행기표를 예약할 예정이다.",
          "나는 비행기 창문으로 내려다보이는 풍경이 너무 좋다.",
          "나는 비행기 탈 때 영화 보는 게 재미있다.",
          "나는 비행기에서 자면 시간이 빨리 가서 좋다.",
          "나는 저가 비행기 타는 날엔 비가 안 왔으면 좋겠다."
        ],
        "speaker2": [
          "나는 비행기라는 말을 들으면 설렌다.",
          "나는 비행기를 타보고 싶다.",
          "나는 비행기에서 거의 잠만 잔다.",
          "나는 비행기가 떨림이 심해서 가끔 불안하다."
        ]
      },
      "prevAggregatedpersonaSummary": {
        "speaker1": [
          "나는 10대 여자이다.",
          "나는 진주에 산다.",
          "나는 요즘 체육활동이 즐겁다.",
          "나는 축구를 자주 한다.",
          "나는 비 오는 날씨를 싫어한다.",
          "나는 멜로 영화를 좋아한다.",
          "나는 액션 영화도 재밌는 것 같다."
        ],
        "speaker2": [
          "나는 40대 남자이다.",
          "나는 대구에 산다.",
          "나는 요즘 배구를 좋아한다. 나는 멜로 영화를 싫어한다.",
          "나는 축구 보는 것을 좋아한다.",
          "나는 비 오는 날씨를 싫어한다. 나는 비가 오는 날에 집에서 영화를 본다.",
          "나는 액션과 추리 영화를 가장 좋아한다."
        ]
      }
    }
  ]
}