{
  "FileInfo": {
    "filename": "K2-00512-CL02867-CP03882-06-11-S2.json",
    "sessionLevel": "2"
  },
  "participantsInfo": {
    "numberOfParticipants": "2",
    "speaker1": {
      "participantID": "0141",
      "gender": "여성",
      "age": "30대",
      "occupation": "서비스직",
      "bPlace": "서울/경기/인천",
      "gPlace": "서울/경기/인천",
      "rPlace": "서울/경기/인천",
      "educationLevel": "고졸"
    },
    "speaker2": {
      "participantID": "0285",
      "gender": "여성",
      "age": "40대",
      "occupation": "무직",
      "bPlace": "서울/경기/인천",
      "gPlace": "서울/경기/인천",
      "rPlace": "서울/경기/인천",
      "educationLevel": "대졸"
    }
  },
  "multisessionInfo": {
    "multisessionID": "2-00512"
  },
  "personaInfo": {
    "clInfo": {
      "personaID": "02867",
      "personaFeatures": [
        "나는 여자이다.",
        "나는 30대이다.",
        "나의 거주지는 경상도이다.",
        "나는 정원을 가꾸는 게 괴롭다.",
        "나는 가츠동을 안 먹는다."
      ],
      "speakerType": "speaker1"
    },
    "cpInfo": {
      "personaID": "03882",
      "personaFeatures": [
        "나는 여자이다.",
        "나는 40대이다.",
        "나의 거주지는 강원도이다.",
        "나는 학원 영어 강사이다.",
        "나는 가끔 국내 여행을 한다."
      ],
      "speakerType": "speaker2"
    }
  },
  "topicInfo": {
    "topicID": "06-11",
    "topicType": "교육",
    "topicTitle": "학업 스트레스"
  },
  "sessionInfo": [
    {
      "prevSessionID": null,
      "prevTimeInfo": {
        "timeNum": null,
        "timeUnit": null
      },
      "nthSession": "1",
      "numberOfUtterances": "16",
      "numberOfTurns": "8",
      "sessionID": "2-00512-1",
      "dialog": [
        {
          "speaker": "speaker1",
          "personaID": "02867",
          "participantID": "0141",
          "utterance": "처음뵙겠습니다 30대 여자에요 안녕하세요.",
          "summary": "나는 30대 여자이다.",
          "date": "2022-09-04",
          "time": "11:06:25",
          "terminate": "false"
        },
        {
          "speaker": "speaker2",
          "personaID": "03882",
          "participantID": "0285",
          "utterance": "안녕하세요 40대 여자입니다~ 반가워요.",
          "summary": "나는 40대 여자이다.",
          "date": "2022-09-04",
          "time": "11:06:26",
          "terminate": "false"
        },
        {
          "speaker": "speaker1",
          "personaID": "02867",
          "participantID": "0141",
          "utterance": "취미가 어떻게되시나요? 요즘 취미를 찾고있어요.",
          "summary": "",
          "date": "2022-09-04",
          "time": "11:06:56",
          "terminate": "false"
        },
        {
          "speaker": "speaker2",
          "personaID": "03882",
          "participantID": "0285",
          "utterance": "저는 국내여행을 좋아해서 가끔가요 혹시 여행좋아하세요?",
          "summary": "나는 가끔 국내 여행을 한다.",
          "date": "2022-09-04",
          "time": "11:07:48",
          "terminate": "false"
        },
        {
          "speaker": "speaker1",
          "personaID": "02867",
          "participantID": "0141",
          "utterance": "저는 최근에 일본다녀왔는데 일본에서가츠동을먹었는데 저랑안맞더라고요 그래서 가츠동을이제안먹을려고요.",
          "summary": "나는 가츠동을 안 먹는다.",
          "date": "2022-09-04",
          "time": "11:07:59",
          "terminate": "false"
        },
        {
          "speaker": "speaker2",
          "personaID": "03882",
          "participantID": "0285",
          "utterance": "ㅎㅎ 가츠동은 호불호가 있나봐요 좋아음식 있나요?",
          "summary": "",
          "date": "2022-09-04",
          "time": "11:08:59",
          "terminate": "false"
        },
        {
          "speaker": "speaker1",
          "personaID": "02867",
          "participantID": "0141",
          "utterance": "저는 라멘 좋아해요 그래서 일본에 가서 라멘위주로 먹었어요.",
          "summary": "나는 라멘을 좋아한다.",
          "date": "2022-09-04",
          "time": "11:09:35",
          "terminate": "false"
        },
        {
          "speaker": "speaker2",
          "personaID": "03882",
          "participantID": "0285",
          "utterance": "라멘 좋죠 어떤라멘 좋아하세요 저는 돈코츠라멘 좋아해요.",
          "summary": "나는 돈코츠라멘을 좋아한다.",
          "date": "2022-09-04",
          "time": "11:09:48",
          "terminate": "false"
        },
        {
          "speaker": "speaker1",
          "personaID": "02867",
          "participantID": "0141",
          "utterance": "돈코츠 좋아하시는구나 저도 돈코츠라멘 좋아해요 혹시 사시는곳이 어딘가요?",
          "summary": "",
          "date": "2022-09-04",
          "time": "11:10:07",
          "terminate": "false"
        },
        {
          "speaker": "speaker2",
          "personaID": "03882",
          "participantID": "0285",
          "utterance": "저는 강원도에 거주하고 있어요! 그쪽은요?",
          "summary": "나의 거주지는 강원도이다.",
          "date": "2022-09-04",
          "time": "11:10:04",
          "terminate": "false"
        },
        {
          "speaker": "speaker1",
          "personaID": "02867",
          "participantID": "0141",
          "utterance": "그렇구나 생각보다 머네요 저는 경상도 살고있습니다 가까우면 라멘같이 먹을려고했는데.",
          "summary": "나의 거주지는 경상도이다.",
          "date": "2022-09-04",
          "time": "11:10:43",
          "terminate": "false"
        },
        {
          "speaker": "speaker2",
          "personaID": "03882",
          "participantID": "0285",
          "utterance": "그러게요 혹시어떤일 하시고 계신가요 저는 학원 영어강사에요.",
          "summary": "나는 학원 영어 강사이다.",
          "date": "2022-09-04",
          "time": "11:11:01",
          "terminate": "false"
        },
        {
          "speaker": "speaker1",
          "personaID": "02867",
          "participantID": "0141",
          "utterance": "저는 정원사로 일하고있습니다 그래서 정원을 가꾸는게 괴롭네요 일이라서.",
          "summary": "나는 정원을 가꾸는 게 괴롭다.",
          "date": "2022-09-04",
          "time": "11:11:24",
          "terminate": "false"
        },
        {
          "speaker": "speaker2",
          "personaID": "03882",
          "participantID": "0285",
          "utterance": "정원사 멋지네요! 나무를 조형하는 그런일인가요?",
          "summary": "",
          "date": "2022-09-04",
          "time": "11:11:49",
          "terminate": "false"
        },
        {
          "speaker": "speaker1",
          "personaID": "02867",
          "participantID": "0141",
          "utterance": "네 맞아요 정원이 있는집 주로 다니면서 일을 하고있습니다 저잠시 업무 연락좀 받고올게요.",
          "summary": "",
          "date": "2022-09-04",
          "time": "11:12:27",
          "terminate": "false"
        },
        {
          "speaker": "speaker2",
          "personaID": "03882",
          "participantID": "0285",
          "utterance": "네 다녀오세요 ㅎㅎ 저도 점심좀 먹고 와야겠네요.",
          "summary": "",
          "date": "2022-09-04",
          "time": "11:12:33",
          "terminate": "true"
        }
      ],
      "sessionPersonaSummary": {
        "speaker1": [
          "나는 30대 여자이다.",
          "나는 가츠동을 안 먹는다.",
          "나는 라멘을 좋아한다.",
          "나의 거주지는 경상도이다.",
          "나는 정원을 가꾸는 게 괴롭다."
        ],
        "speaker2": [
          "나는 40대 여자이다.",
          "나는 가끔 국내 여행을 한다.",
          "나는 돈코츠라멘을 좋아한다.",
          "나의 거주지는 강원도이다.",
          "나는 학원 영어 강사이다."
        ]
      },
      "prevAggregatedpersonaSummary": {
        "speaker1": [],
        "speaker2": []
      }
    },
    {
      "prevSessionID": "2-00512-1",
      "prevTimeInfo": {
        "timeNum": "1",
        "timeUnit": "시간"
      },
      "nthSession": "2",
      "numberOfUtterances": "16",
      "numberOfTurns": "8",
      "sessionID": "2-00512-2",
      "dialog": [
        {
          "speaker": "speaker1",
          "personaID": "02867",
          "participantID": "0141",
          "utterance": "다음주 또 @이름1@ 갈곳이 한곳더 생겼네요 아까학원영어강사라고하셨는데 영어잘하시겠어요.",
          "summary": "",
          "date": "2022-09-04",
          "time": "11:13:05",
          "terminate": "false"
        },
        {
          "speaker": "speaker2",
          "personaID": "03882",
          "participantID": "0285",
          "utterance": "잘하는건 아닌데 직업특성상 문법이나 스피킹은 어느정도 할수있어요.",
          "summary": "나는 영어 문법과 스피킹을 어느 정도 한다.",
          "date": "2022-09-04",
          "time": "11:13:20",
          "terminate": "false"
        },
        {
          "speaker": "speaker1",
          "personaID": "02867",
          "participantID": "0141",
          "utterance": "그렇구나 요즘학생들 학업 스트레스 많이 안받나요?",
          "summary": "",
          "date": "2022-09-04",
          "time": "11:13:38",
          "terminate": "false"
        },
        {
          "speaker": "speaker2",
          "personaID": "03882",
          "participantID": "0285",
          "utterance": "음 많이받는거 같아요 저희 애들도 스트레스 받더라구요.",
          "summary": "나의 @이름2@도 학업 스트레스가 있다.",
          "date": "2022-09-04",
          "time": "11:14:24",
          "terminate": "false"
        },
        {
          "speaker": "speaker1",
          "personaID": "02867",
          "participantID": "0141",
          "utterance": "맞죠 학생들 가르치면서 학업 스트레스 받아하는모습보는것도 힘드시겠어요.",
          "summary": "",
          "date": "2022-09-04",
          "time": "11:14:49",
          "terminate": "false"
        },
        {
          "speaker": "speaker2",
          "personaID": "03882",
          "participantID": "0285",
          "utterance": "네 요새 애들 신경이 곤두 서있더라고요! 저도 최대한 조심하고있어요.",
          "summary": "",
          "date": "2022-09-04",
          "time": "11:15:32",
          "terminate": "false"
        },
        {
          "speaker": "speaker1",
          "personaID": "02867",
          "participantID": "0141",
          "utterance": "그렇구나 아까 국내여행 좋아하시는다고 하셨죠 최근에 어디다녀오셨나요?",
          "summary": "",
          "date": "2022-09-04",
          "time": "11:16:16",
          "terminate": "false"
        },
        {
          "speaker": "speaker2",
          "personaID": "03882",
          "participantID": "0285",
          "utterance": "최근에는 부산쪽 갓다왔어요 해운대쪽이요.",
          "summary": "나는 부산을 다녀왔다.",
          "date": "2022-09-04",
          "time": "11:16:25",
          "terminate": "false"
        },
        {
          "speaker": "speaker1",
          "personaID": "02867",
          "participantID": "0141",
          "utterance": "해운도 좋죠 저도 자주는아닌데 가끔가요 맛있는거 머드셨나요?",
          "summary": "",
          "date": "2022-09-04",
          "time": "11:16:47",
          "terminate": "false"
        },
        {
          "speaker": "speaker2",
          "personaID": "03882",
          "participantID": "0285",
          "utterance": "바다보니 스트레스가 풀리더라구요 조개구이먹었어요!",
          "summary": "나는 해운대를 갔다 왔다.",
          "date": "2022-09-04",
          "time": "11:16:53",
          "terminate": "false"
        },
        {
          "speaker": "speaker1",
          "personaID": "02867",
          "participantID": "0141",
          "utterance": "조개구이 좋죠 씨앗호떡 이런것도 드셨나요?",
          "summary": "",
          "date": "2022-09-04",
          "time": "11:17:44",
          "terminate": "false"
        },
        {
          "speaker": "speaker2",
          "personaID": "03882",
          "participantID": "0285",
          "utterance": "씨앗호떡은 안먹었어요 호떡을 별로 안좋아하거든요.",
          "summary": "나는 호떡을 싫어한다.",
          "date": "2022-09-04",
          "time": "11:18:02",
          "terminate": "false"
        },
        {
          "speaker": "speaker1",
          "personaID": "02867",
          "participantID": "0141",
          "utterance": "그렇구나 애들 입맛은 아니신가보네요 일은언제부터하셨나요?",
          "summary": "",
          "date": "2022-09-04",
          "time": "11:18:20",
          "terminate": "false"
        },
        {
          "speaker": "speaker2",
          "personaID": "03882",
          "participantID": "0285",
          "utterance": "일은 한지 16년 됬어요 오래됐네요.",
          "summary": "나는 일한 지 16년 되었다.",
          "date": "2022-09-04",
          "time": "11:18:34",
          "terminate": "false"
        },
        {
          "speaker": "speaker1",
          "personaID": "02867",
          "participantID": "0141",
          "utterance": "그렇구나 엄청 오래하셨네요 저 당근거래좀 하고올게요 연락와서.",
          "summary": "",
          "date": "2022-09-04",
          "time": "11:19:15",
          "terminate": "false"
        },
        {
          "speaker": "speaker2",
          "personaID": "03882",
          "participantID": "0285",
          "utterance": "네 다녀오세요 ㅎㅎ 요새 그런거 많이하더라구요.",
          "summary": "",
          "date": "2022-09-04",
          "time": "11:19:22",
          "terminate": "true"
        }
      ],
      "sessionPersonaSummary": {
        "speaker1": [],
        "speaker2": [
          "나는 영어 문법과 스피킹을 어느 정도 한다.",
          "나의 @이름2@도 학업 스트레스가 있다.",
          "나는 부산을 다녀왔다.",
          "나는 해운대를 갔다 왔다.",
          "나는 호떡을 싫어한다.",
          "나는 일한 지 16년 되었다."
        ]
      },
      "prevAggregatedpersonaSummary": {
        "speaker1": [
          "나는 30대 여자이다.",
          "나는 가츠동을 안 먹는다.",
          "나는 라멘을 좋아한다.",
          "나의 거주지는 경상도이다.",
          "나는 정원을 가꾸는 게 괴롭다."
        ],
        "speaker2": [
          "나는 40대 여자이다.",
          "나는 가끔 국내 여행을 한다.",
          "나는 돈코츠라멘을 좋아한다.",
          "나의 거주지는 강원도이다.",
          "나는 학원 영어 강사이다."
        ]
      }
    }
  ]
}