{
  "FileInfo": {
    "filename": "K2-00261-CL33828-CP61557-17-14-S2.json",
    "sessionLevel": "2"
  },
  "participantsInfo": {
    "numberOfParticipants": "2",
    "speaker1": {
      "participantID": "1195",
      "gender": "여성",
      "age": "30대",
      "occupation": "무직",
      "bPlace": "서울/경기/인천",
      "gPlace": "서울/경기/인천",
      "rPlace": "서울/경기/인천",
      "educationLevel": "대졸"
    },
    "speaker2": {
      "participantID": "1191",
      "gender": "여성",
      "age": "60대 이상",
      "occupation": "자영업",
      "bPlace": "서울/경기/인천",
      "gPlace": "서울/경기/인천",
      "rPlace": "서울/경기/인천",
      "educationLevel": "대졸"
    }
  },
  "multisessionInfo": {
    "multisessionID": "2-00261"
  },
  "personaInfo": {
    "clInfo": {
      "personaID": "33828",
      "personaFeatures": [
        "나는 여자이다.",
        "나는 30대이다.",
        "나는 SF 영화를 가끔 본다.",
        "나는 베트남에 가봤다.",
        "나는 등산을 자주 한다.",
        "나는 블루베리를 안 먹는다."
      ],
      "speakerType": "speaker1"
    },
    "cpInfo": {
      "personaID": "61557",
      "personaFeatures": [
        "나는 여자이다.",
        "나는 60대 이상이다.",
        "내가 가장 기쁘던 때는 결혼을 했을 때이다.",
        "나는 SF 영화를 좋아한다.",
        "나는 자몽을 안 먹는다."
      ],
      "speakerType": "speaker2"
    }
  },
  "topicInfo": {
    "topicID": "17-14",
    "topicType": "미용과 건강>건강",
    "topicTitle": "건강식품"
  },
  "sessionInfo": [
    {
      "prevSessionID": null,
      "prevTimeInfo": {
        "timeNum": null,
        "timeUnit": null
      },
      "nthSession": "1",
      "numberOfUtterances": "18",
      "numberOfTurns": "9",
      "sessionID": "2-00261-1",
      "dialog": [
        {
          "speaker": "speaker1",
          "personaID": "33828",
          "participantID": "1195",
          "utterance": "안녕하세요! 저는 30대 여자입니다. 반갑습니다!!",
          "summary": "나는 30대 여자이다.",
          "date": "2022-11-01",
          "time": "21:16:49",
          "terminate": "false"
        },
        {
          "speaker": "speaker2",
          "personaID": "61557",
          "participantID": "1191",
          "utterance": "안녕하세요. 저는 60대 여자입니다. 반가워요.",
          "summary": "나는 60세 이상 여자이다.",
          "date": "2022-11-01",
          "time": "21:16:52",
          "terminate": "false"
        },
        {
          "speaker": "speaker1",
          "personaID": "33828",
          "participantID": "1195",
          "utterance": "등산 좋아하시나요? 저는 등산을 자주 해요.",
          "summary": "나는 등산을 자주 한다.",
          "date": "2022-11-01",
          "time": "21:17:00",
          "terminate": "false"
        },
        {
          "speaker": "speaker2",
          "personaID": "61557",
          "participantID": "1191",
          "utterance": "저는 운동하는걸 싫어해서 등산도 싫어해요.",
          "summary": "나는 운동하는 걸 싫어한다.",
          "date": "2022-11-01",
          "time": "21:17:11",
          "terminate": "false"
        },
        {
          "speaker": "speaker1",
          "personaID": "33828",
          "participantID": "1195",
          "utterance": "그러시구나. 그럼 취미생활은 어떤걸 하시나요?",
          "summary": "",
          "date": "2022-11-01",
          "time": "21:17:24",
          "terminate": "false"
        },
        {
          "speaker": "speaker2",
          "personaID": "61557",
          "participantID": "1191",
          "utterance": "취미생활로 책을 읽거나 영화보는걸 좋아해요.",
          "summary": "나는 책과 영화 보는 걸 좋아한다.",
          "date": "2022-11-01",
          "time": "21:17:34",
          "terminate": "false"
        },
        {
          "speaker": "speaker1",
          "personaID": "33828",
          "participantID": "1195",
          "utterance": "문화 예술을 좋아하시는군요. 어떤 영화를 좋아하시나요?",
          "summary": "",
          "date": "2022-11-01",
          "time": "21:17:41",
          "terminate": "false"
        },
        {
          "speaker": "speaker2",
          "personaID": "61557",
          "participantID": "1191",
          "utterance": "맞아요. 특히 sf영화를 좋아하는데 어떤 영화좋아하세요?",
          "summary": "나는 SF 영화를 좋아한다.",
          "date": "2022-11-01",
          "time": "21:17:54",
          "terminate": "false"
        },
        {
          "speaker": "speaker1",
          "personaID": "33828",
          "participantID": "1195",
          "utterance": "저도 SF영화를 가끔 봐요. 맨인 블랙을 제일 좋아해요.",
          "summary": "나는 SF 영화를 가끔 본다.",
          "date": "2022-11-01",
          "time": "21:18:46",
          "terminate": "false"
        },
        {
          "speaker": "speaker2",
          "personaID": "61557",
          "participantID": "1191",
          "utterance": "그래요? 저는 SF영화중에서 아바타영화가 제일 재밌었어요.",
          "summary": "",
          "date": "2022-11-01",
          "time": "21:19:59",
          "terminate": "false"
        },
        {
          "speaker": "speaker1",
          "personaID": "33828",
          "participantID": "1195",
          "utterance": "아바타 영화도 정말 걸작이죠. 시즌2가 나온다고 하는데, 정말 기대돼요!",
          "summary": "",
          "date": "2022-11-01",
          "time": "21:20:14",
          "terminate": "false"
        },
        {
          "speaker": "speaker2",
          "personaID": "61557",
          "participantID": "1191",
          "utterance": "맞아요. 시즌2가 12월에 개봉하면 제일먼저 티켓팅할거에요.",
          "summary": "",
          "date": "2022-11-01",
          "time": "21:20:25",
          "terminate": "false"
        },
        {
          "speaker": "speaker1",
          "personaID": "33828",
          "participantID": "1195",
          "utterance": "저도 그러려구요~ ㅎㅎ 신작을 볼 생각에 설레고 기쁘네요.ㅎㅎ.",
          "summary": "",
          "date": "2022-11-01",
          "time": "21:21:06",
          "terminate": "false"
        },
        {
          "speaker": "speaker2",
          "personaID": "61557",
          "participantID": "1191",
          "utterance": "저는 결혼을 했을때 가장 기뻤는데 결혼은 하셨나요?",
          "summary": "내가 가장 기쁘던 때는 결혼을 했을 때이다.",
          "date": "2022-11-01",
          "time": "21:21:17",
          "terminate": "false"
        },
        {
          "speaker": "speaker1",
          "personaID": "33828",
          "participantID": "1195",
          "utterance": "네. 저도 결혼을 했어요. 결혼한지 2년정도 됐어요.",
          "summary": "나는 결혼한 지 2년 정도 되었다.",
          "date": "2022-11-01",
          "time": "21:21:28",
          "terminate": "false"
        },
        {
          "speaker": "speaker2",
          "personaID": "61557",
          "participantID": "1191",
          "utterance": "결혼한지 얼마안되셨는데 아이는 있으신가요?",
          "summary": "",
          "date": "2022-11-01",
          "time": "21:21:45",
          "terminate": "false"
        },
        {
          "speaker": "speaker1",
          "personaID": "33828",
          "participantID": "1195",
          "utterance": "아직 아이는 없네요~ 오늘은 늦었으니, 다음에 또 대화해요~",
          "summary": "나는 아이가 없다.",
          "date": "2022-11-01",
          "time": "21:21:56",
          "terminate": "false"
        },
        {
          "speaker": "speaker2",
          "personaID": "61557",
          "participantID": "1191",
          "utterance": "다음에는 더 많은 이야기하고 편안한 밤되세요~",
          "summary": "",
          "date": "2022-11-01",
          "time": "21:22:12",
          "terminate": "true"
        }
      ],
      "sessionPersonaSummary": {
        "speaker1": [
          "나는 30대 여자이다.",
          "나는 등산을 자주 한다.",
          "나는 SF 영화를 가끔 본다.",
          "나는 결혼한 지 2년 정도 되었다.",
          "나는 아이가 없다."
        ],
        "speaker2": [
          "나는 60세 이상 여자이다.",
          "나는 운동하는 걸 싫어한다.",
          "나는 책과 영화 보는 걸 좋아한다.",
          "나는 SF 영화를 좋아한다.",
          "내가 가장 기쁘던 때는 결혼을 했을 때이다."
        ]
      },
      "prevAggregatedpersonaSummary": {
        "speaker1": [],
        "speaker2": []
      }
    },
    {
      "prevSessionID": "2-00261-1",
      "prevTimeInfo": {
        "timeNum": "2",
        "timeUnit": "일"
      },
      "nthSession": "2",
      "numberOfUtterances": "18",
      "numberOfTurns": "9",
      "sessionID": "2-00261-2",
      "dialog": [
        {
          "speaker": "speaker1",
          "personaID": "33828",
          "participantID": "1195",
          "utterance": "이틀전에 가장 기쁘던 때는 결혼을 했을때라고 하셨는데, 신혼여행은 어디로 가셨나요?",
          "summary": "",
          "date": "2022-11-01",
          "time": "21:22:18",
          "terminate": "false"
        },
        {
          "speaker": "speaker2",
          "personaID": "61557",
          "participantID": "1191",
          "utterance": "저는 제주도로 신혼여행을 갔었는데 비가너무 많이와서 사진을 제대로 못찍었어요.",
          "summary": "",
          "date": "2022-11-01",
          "time": "21:22:51",
          "terminate": "false"
        },
        {
          "speaker": "speaker1",
          "personaID": "33828",
          "participantID": "1195",
          "utterance": "그러시구나.ㅎㅎ 저는 신혼여행으로 베트남을 가봤어요.",
          "summary": "나는 베트남에 가봤다.",
          "date": "2022-11-01",
          "time": "21:22:54",
          "terminate": "false"
        },
        {
          "speaker": "speaker2",
          "personaID": "61557",
          "participantID": "1191",
          "utterance": "저도 신혼여행으로 해외여행을 가고싶네요.",
          "summary": "",
          "date": "2022-11-01",
          "time": "21:23:03",
          "terminate": "false"
        },
        {
          "speaker": "speaker1",
          "personaID": "33828",
          "participantID": "1195",
          "utterance": "ㅎㅎ세대가 달라서 그런것같아요~ 요즘 날씨가 쌀쌀해졌는데, 감기는 안걸리셨어요?",
          "summary": "",
          "date": "2022-11-01",
          "time": "21:23:25",
          "terminate": "false"
        },
        {
          "speaker": "speaker2",
          "personaID": "61557",
          "participantID": "1191",
          "utterance": "맞아요. 날씨가 쌀쌀해져서 컨디션이 좋지않아요.",
          "summary": "",
          "date": "2022-11-01",
          "time": "21:23:28",
          "terminate": "false"
        },
        {
          "speaker": "speaker1",
          "personaID": "33828",
          "participantID": "1195",
          "utterance": "그러시구나. 환절기때 잘 챙겨드시는 건강식품 없으신가요?",
          "summary": "",
          "date": "2022-11-01",
          "time": "21:23:46",
          "terminate": "false"
        },
        {
          "speaker": "speaker2",
          "personaID": "61557",
          "participantID": "1191",
          "utterance": "저는 환절기때 비염이 심해서 홍삼이라는 건강식품을 챙겨먹어요.",
          "summary": "나는 비염이 심하다.",
          "date": "2022-11-01",
          "time": "21:24:00",
          "terminate": "false"
        },
        {
          "speaker": "speaker1",
          "personaID": "33828",
          "participantID": "1195",
          "utterance": "건강식품을 챙겨드시는데도 컨디션이 안좋으신가요?",
          "summary": "",
          "date": "2022-11-01",
          "time": "21:24:17",
          "terminate": "false"
        },
        {
          "speaker": "speaker2",
          "personaID": "61557",
          "participantID": "1191",
          "utterance": "그러게요. 나이가 있다보니 홍삼도 약효가 그다지 좋지않네요.",
          "summary": "",
          "date": "2022-11-01",
          "time": "21:24:21",
          "terminate": "false"
        },
        {
          "speaker": "speaker1",
          "personaID": "33828",
          "participantID": "1195",
          "utterance": "그렇군요. 홍삼말고 더 챙겨드시는 건강식품은 없으신가요?",
          "summary": "",
          "date": "2022-11-01",
          "time": "21:27:35",
          "terminate": "false"
        },
        {
          "speaker": "speaker2",
          "personaID": "61557",
          "participantID": "1191",
          "utterance": "아침에 종합비타민과 오메가 3를 항상 챙겨먹고있어요.",
          "summary": "나는 종합비타민과 오메가 3을 챙겨 먹는다.",
          "date": "2022-11-01",
          "time": "21:27:51",
          "terminate": "false"
        },
        {
          "speaker": "speaker1",
          "personaID": "33828",
          "participantID": "1195",
          "utterance": "그래도 건강식품을 잘 챙겨드시네요. 저는 비타민 대신에 과일을 잘 챙겨먹어요.",
          "summary": "",
          "date": "2022-11-01",
          "time": "21:28:21",
          "terminate": "false"
        },
        {
          "speaker": "speaker2",
          "personaID": "61557",
          "participantID": "1191",
          "utterance": "저는 과일을 잘 챙겨먹지를 않아서 비타민을 챙겨먹어요.",
          "summary": "나는 과일을 잘 챙겨 먹지 않는다.",
          "date": "2022-11-01",
          "time": "21:28:33",
          "terminate": "false"
        },
        {
          "speaker": "speaker1",
          "personaID": "33828",
          "participantID": "1195",
          "utterance": "과일을 안좋아하시나봐요. 저는 과일중에 블루베리만 안먹어요.",
          "summary": "나는 블루베리를 안 먹는다.",
          "date": "2022-11-01",
          "time": "21:28:44",
          "terminate": "false"
        },
        {
          "speaker": "speaker2",
          "personaID": "61557",
          "participantID": "1191",
          "utterance": "그래요? 블루베리도 안먹지만 자몽도 안먹어요.",
          "summary": "나는 자몽을 안 먹는다.",
          "date": "2022-11-01",
          "time": "21:28:50",
          "terminate": "false"
        },
        {
          "speaker": "speaker1",
          "personaID": "33828",
          "participantID": "1195",
          "utterance": "정말 과일을 싫어하시는군요~ 저녁시간인데, 하루 잘 마무리하세요!",
          "summary": "",
          "date": "2022-11-01",
          "time": "21:29:11",
          "terminate": "false"
        },
        {
          "speaker": "speaker2",
          "personaID": "61557",
          "participantID": "1191",
          "utterance": "오늘 대화 즐거웠어요. 편안한 저녁되세요~",
          "summary": "",
          "date": "2022-11-01",
          "time": "21:29:13",
          "terminate": "true"
        }
      ],
      "sessionPersonaSummary": {
        "speaker1": [
          "나는 베트남에 가봤다.",
          "나는 블루베리를 안 먹는다."
        ],
        "speaker2": [
          "나는 비염이 심하다.",
          "나는 종합비타민과 오메가 3을 챙겨 먹는다.",
          "나는 과일을 잘 챙겨 먹지 않는다.",
          "나는 자몽을 안 먹는다."
        ]
      },
      "prevAggregatedpersonaSummary": {
        "speaker1": [
          "나는 30대 여자이다.",
          "나는 등산을 자주 한다.",
          "나는 SF 영화를 가끔 본다.",
          "나는 결혼한 지 2년 정도 되었다.",
          "나는 아이가 없다."
        ],
        "speaker2": [
          "나는 60세 이상 여자이다.",
          "나는 운동하는 걸 싫어한다.",
          "나는 책과 영화 보는 걸 좋아한다.",
          "나는 SF 영화를 좋아한다.",
          "내가 가장 기쁘던 때는 결혼을 했을 때이다."
        ]
      }
    }
  ]
}