{
  "FileInfo": {
    "filename": "K2-00409-CL21641-CP11899-18-13-S2.json",
    "sessionLevel": "2"
  },
  "participantsInfo": {
    "numberOfParticipants": "2",
    "speaker1": {
      "participantID": "3282",
      "gender": "여성",
      "age": "20대",
      "occupation": "무직",
      "bPlace": "광주/전라/제주",
      "gPlace": "광주/전라/제주",
      "rPlace": "광주/전라/제주",
      "educationLevel": "고졸"
    },
    "speaker2": {
      "participantID": "3132",
      "gender": "여성",
      "age": "20대",
      "occupation": "사무직",
      "bPlace": "서울/경기/인천",
      "gPlace": "서울/경기/인천",
      "rPlace": "서울/경기/인천",
      "educationLevel": "대졸"
    }
  },
  "multisessionInfo": {
    "multisessionID": "2-00409"
  },
  "personaInfo": {
    "clInfo": {
      "personaID": "21641",
      "personaFeatures": [
        "나는 여자이다.",
        "나는 20대이다.",
        "나의 아버지는 선생님이다",
        "나는 백화점에 가는 것을 좋아한다",
        "나는 블루투스 스피커의 장단점을 분석한다"
      ],
      "speakerType": "speaker1"
    },
    "cpInfo": {
      "personaID": "11899",
      "personaFeatures": [
        "나는 여자이다.",
        "나는 10대이다.",
        "내가 사는 곳은 속초이다",
        "나는 광고기획과에 진학하고 싶다",
        "나는 가을을 싫어한다"
      ],
      "speakerType": "speaker2"
    }
  },
  "topicInfo": {
    "topicID": "18-13",
    "topicType": "상거래 전반",
    "topicTitle": "주식"
  },
  "sessionInfo": [
    {
      "prevSessionID": null,
      "prevTimeInfo": {
        "timeNum": null,
        "timeUnit": null
      },
      "nthSession": "1",
      "numberOfUtterances": "14",
      "numberOfTurns": "7",
      "sessionID": "2-00409-1",
      "dialog": [
        {
          "speaker": "speaker1",
          "personaID": "21641",
          "participantID": "3282",
          "utterance": "안녕하세요 저는 20대 여성입니다",
          "summary": "나는 20대 여성이다.",
          "date": "2022-10-19",
          "time": "13:25:26",
          "terminate": "false"
        },
        {
          "speaker": "speaker2",
          "personaID": "11899",
          "participantID": "3132",
          "utterance": "안녕하세요 저는 속초에 사는 10대 여성입니다.",
          "summary": "나는 속초에 사는 10대 여성이다.",
          "date": "2022-10-19",
          "time": "13:25:47",
          "terminate": "false"
        },
        {
          "speaker": "speaker1",
          "personaID": "21641",
          "participantID": "3282",
          "utterance": "반가워요 저는 백화점에 가는 것을 좋아해요!",
          "summary": "나는 백화점에 가는 것을 좋아한다.",
          "date": "2022-10-19",
          "time": "13:26:20",
          "terminate": "false"
        },
        {
          "speaker": "speaker2",
          "personaID": "11899",
          "participantID": "3132",
          "utterance": "저는 아직 고등학생이라 백화점은 자주 안가는 것 같아요. ",
          "summary": "나는 아직 고등학생이라 백화점에 자주 안 간다",
          "date": "2022-10-19",
          "time": "13:26:43",
          "terminate": "false"
        },
        {
          "speaker": "speaker1",
          "personaID": "21641",
          "participantID": "3282",
          "utterance": "그렇군요 저는 백화점에서 블루투스 스피커 청음을 자주 해요 스피커의 장단점을 분석하는편이죠",
          "summary": "나는 백화점에서 블루투스 스피커 청음을 자주 한다. 나는 블루투스 스피커의 장단점을 분석한다.",
          "date": "2022-10-19",
          "time": "13:32:33",
          "terminate": "false"
        },
        {
          "speaker": "speaker2",
          "personaID": "11899",
          "participantID": "3132",
          "utterance": "신기한 취미시네요. 저는 사실 요즘은 밖에 잘 안나는 편이에요. 가을을 싫어하거든요.",
          "summary": "나는 가을을 싫어해 밖에 잘 나가지 않는다",
          "date": "2022-10-19",
          "time": "13:33:58",
          "terminate": "false"
        },
        {
          "speaker": "speaker1",
          "personaID": "21641",
          "participantID": "3282",
          "utterance": "아 그래요? 저는 겨울을 싫어해요 너무 추운게 싫어요",
          "summary": "나는 겨울을 싫어한다.",
          "date": "2022-10-19",
          "time": "13:34:53",
          "terminate": "false"
        },
        {
          "speaker": "speaker2",
          "personaID": "11899",
          "participantID": "3132",
          "utterance": "저도 겨울도 그다지 좋아하지는 않아요. 아마 더 추워지면 주로 집에서 공부만 할 것 같아요. 나중에 대학을 광고기획과로 진학하고 싶거든요.",
          "summary": "나는 더 추워지면 집에서 공부만 할 것 같다. 나는 나중에 대학을 광고기획으로 진행하고 싶다",
          "date": "2022-10-19",
          "time": "13:38:22",
          "terminate": "false"
        },
        {
          "speaker": "speaker1",
          "personaID": "21641",
          "participantID": "3282",
          "utterance": "너무 멋지네요 저는 아버지가 선생님이세요 저도 전공이 아버지와 비슷해요",
          "summary": "나의 아버지는 선생님이시다.",
          "date": "2022-10-19",
          "time": "13:39:17",
          "terminate": "false"
        },
        {
          "speaker": "speaker2",
          "personaID": "11899",
          "participantID": "3132",
          "utterance": "그럼 예전부터 아버지께서 공부를 가르쳐주시거나 하셨나요? 저도 어머니가 언어쪽 전공을 하셔서 어머니께 외국어를 배우거나 했거든요.",
          "summary": "나는 어머니가 언어 쪽 전공 셔서 어머니께 외국어를 배웠다",
          "date": "2022-10-19",
          "time": "13:46:19",
          "terminate": "false"
        },
        {
          "speaker": "speaker1",
          "personaID": "21641",
          "participantID": "3282",
          "utterance": "맞아요 아버지께 많이 배웠죠ㅎㅎ",
          "summary": "",
          "date": "2022-10-19",
          "time": "13:49:09",
          "terminate": "false"
        },
        {
          "speaker": "speaker2",
          "personaID": "11899",
          "participantID": "3132",
          "utterance": "좋으셨겠어요. 저는 언어 외에는 전부 과외를 받고 있어요. ",
          "summary": "나는 언어를 제외하고 전부 과외를 받고 있다",
          "date": "2022-10-19",
          "time": "13:52:29",
          "terminate": "false"
        },
        {
          "speaker": "speaker1",
          "personaID": "21641",
          "participantID": "3282",
          "utterance": "그래도 언어는 일찍 배우셔서 좋으시겠어요!! 저 잠시 통화좀 하고 올게요 대화 즐거웠어요",
          "summary": "",
          "date": "2022-10-19",
          "time": "13:53:44",
          "terminate": "false"
        },
        {
          "speaker": "speaker2",
          "personaID": "11899",
          "participantID": "3132",
          "utterance": "네 저도 아직 점심을 안먹어서 먹으러 나가봐야겠어요. 대화 즐거웠어요!",
          "summary": "",
          "date": "2022-10-19",
          "time": "14:03:40",
          "terminate": "true"
        }
      ],
      "sessionPersonaSummary": {
        "speaker1": [
          "나는 20대 여성이다.",
          "나는 백화점에 가는 것을 좋아한다.",
          "나는 백화점에서 블루투스 스피커 청음을 자주 한다. 나는 블루투스 스피커의 장단점을 분석한다.",
          "나는 겨울을 싫어한다.",
          "나의 아버지는 선생님이시다."
        ],
        "speaker2": [
          "나는 속초에 사는 10대 여성이다.",
          "나는 아직 고등학생이라 백화점에 자주 안 간다",
          "나는 가을을 싫어해 밖에 잘 나가지 않는다",
          "나는 더 추워지면 집에서 공부만 할 것 같다. 나는 나중에 대학을 광고기획으로 진행하고 싶다",
          "나는 어머니가 언어 쪽 전공 셔서 어머니께 외국어를 배웠다",
          "나는 언어를 제외하고 전부 과외를 받고 있다"
        ]
      },
      "prevAggregatedpersonaSummary": {
        "speaker1": [],
        "speaker2": []
      }
    },
    {
      "prevSessionID": "2-00409-1",
      "prevTimeInfo": {
        "timeNum": "3",
        "timeUnit": "주"
      },
      "nthSession": "2",
      "numberOfUtterances": "14",
      "numberOfTurns": "7",
      "sessionID": "2-00409-2",
      "dialog": [
        {
          "speaker": "speaker1",
          "personaID": "21641",
          "participantID": "3282",
          "utterance": "안녕하세요 벌써 3주가 지났어요 전 블루투스 스피커의 장단점을 분석하면서 지냈답니다.",
          "summary": "나는 블루투스 스피커의 장단점을 분석하면서 지냈다.",
          "date": "2022-10-19",
          "time": "14:09:53",
          "terminate": "false"
        },
        {
          "speaker": "speaker2",
          "personaID": "11899",
          "participantID": "3132",
          "utterance": "그새 날씨가 많이 추워졌네요. 잘 지내셨나요?",
          "summary": "",
          "date": "2022-10-19",
          "time": "14:11:16",
          "terminate": "false"
        },
        {
          "speaker": "speaker1",
          "personaID": "21641",
          "participantID": "3282",
          "utterance": "네 잘 지냈어요ㅎㅎ 주식하시나요?",
          "summary": "",
          "date": "2022-10-19",
          "time": "14:12:17",
          "terminate": "false"
        },
        {
          "speaker": "speaker2",
          "personaID": "11899",
          "participantID": "3132",
          "utterance": "저는 아직 10대라서 수익이 없어서 주식은 안해요. 진학하고 싶은 광고기획과 쪽으로 취업해서 돈을 번다면 생각해볼 것 같아요.",
          "summary": "나는 아직 10대라 주식을 하지 않는다.",
          "date": "2022-10-19",
          "time": "14:20:30",
          "terminate": "false"
        },
        {
          "speaker": "speaker1",
          "personaID": "21641",
          "participantID": "3282",
          "utterance": "아 그렇군요 ..저는 주식을 하는데 요즘 많이 슬프네요",
          "summary": "나는 주식을 한다.",
          "date": "2022-10-19",
          "time": "14:21:09",
          "terminate": "false"
        },
        {
          "speaker": "speaker2",
          "personaID": "11899",
          "participantID": "3132",
          "utterance": "뉴스에 주식 관련 소식이 많이 나오더라구요. 거금을 투자하셨나요?",
          "summary": "나는 뉴스로 주식 관련 소식을 접했다",
          "date": "2022-10-19",
          "time": "14:21:36",
          "terminate": "false"
        },
        {
          "speaker": "speaker1",
          "personaID": "21641",
          "participantID": "3282",
          "utterance": "아니요 큰 금액은 아니지만 그래도..슬프네요",
          "summary": "나는 주식에 큰 금액을 투자하지는 않았다.",
          "date": "2022-10-19",
          "time": "14:23:16",
          "terminate": "false"
        },
        {
          "speaker": "speaker2",
          "personaID": "11899",
          "participantID": "3132",
          "utterance": "주식도 공부를 해야한다는데 맞나요? 저는 모험을 싫어하는 편이라 나중에 커도 주식은 무서워서 못할 것 같아요.",
          "summary": "나는 모험을 싫어하는 편이라 주식은 하지 않을 것이다",
          "date": "2022-10-19",
          "time": "14:31:17",
          "terminate": "false"
        },
        {
          "speaker": "speaker1",
          "personaID": "21641",
          "participantID": "3282",
          "utterance": "저는 @홈페이지명@로 많이 배웠어요 차트보는 방법같은거?",
          "summary": "나는 @홈페이지명@로 주식 공부를 했다.",
          "date": "2022-10-19",
          "time": "14:32:06",
          "terminate": "false"
        },
        {
          "speaker": "speaker2",
          "personaID": "11899",
          "participantID": "3132",
          "utterance": "주변 친구분들도 주식 많이 하시나요? 저는 아직 10대라서 제 주변에는 없네요.",
          "summary": "나는 아직 10대라 주식을 하는 사람이 주변에 없다",
          "date": "2022-10-19",
          "time": "14:37:11",
          "terminate": "false"
        },
        {
          "speaker": "speaker1",
          "personaID": "21641",
          "participantID": "3282",
          "utterance": "네 제 친구들은 많이 하죠! 아무래도 월급만으론 힘드니까ㅠㅠ",
          "summary": "나의 친구들도 주식을 많이 한다.",
          "date": "2022-10-19",
          "time": "14:39:26",
          "terminate": "false"
        },
        {
          "speaker": "speaker2",
          "personaID": "11899",
          "participantID": "3132",
          "utterance": "단기간에 돈을 벌 수 있는 방법 중 하나긴 하죠. ",
          "summary": "",
          "date": "2022-10-19",
          "time": "14:43:48",
          "terminate": "false"
        },
        {
          "speaker": "speaker1",
          "personaID": "21641",
          "participantID": "3282",
          "utterance": "대화 즐거웠어요! 제가 급한일이 생겨서 나가볼게요",
          "summary": "",
          "date": "2022-10-19",
          "time": "14:44:20",
          "terminate": "false"
        },
        {
          "speaker": "speaker2",
          "personaID": "11899",
          "participantID": "3132",
          "utterance": "네 저도 이제 그만 공부하러 가봐야겠어요. 대화 즐거웠어요.",
          "summary": "",
          "date": "2022-10-19",
          "time": "14:45:07",
          "terminate": "true"
        }
      ],
      "sessionPersonaSummary": {
        "speaker1": [
          "나는 블루투스 스피커의 장단점을 분석하면서 지냈다.",
          "나는 주식을 한다.",
          "나는 주식에 큰 금액을 투자하지는 않았다.",
          "나는 @홈페이지명@로 주식 공부를 했다.",
          "나의 친구들도 주식을 많이 한다."
        ],
        "speaker2": [
          "나는 아직 10대라 주식을 하지 않는다.",
          "나는 뉴스로 주식 관련 소식을 접했다",
          "나는 모험을 싫어하는 편이라 주식은 하지 않을 것이다",
          "나는 아직 10대라 주식을 하는 사람이 주변에 없다"
        ]
      },
      "prevAggregatedpersonaSummary": {
        "speaker1": [
          "나는 20대 여성이다.",
          "나는 백화점에 가는 것을 좋아한다.",
          "나는 백화점에서 블루투스 스피커 청음을 자주 한다. 나는 블루투스 스피커의 장단점을 분석한다.",
          "나는 겨울을 싫어한다.",
          "나의 아버지는 선생님이시다."
        ],
        "speaker2": [
          "나는 속초에 사는 10대 여성이다.",
          "나는 아직 고등학생이라 백화점에 자주 안 간다",
          "나는 가을을 싫어해 밖에 잘 나가지 않는다",
          "나는 더 추워지면 집에서 공부만 할 것 같다. 나는 나중에 대학을 광고기획으로 진행하고 싶다",
          "나는 어머니가 언어 쪽 전공 셔서 어머니께 외국어를 배웠다",
          "나는 언어를 제외하고 전부 과외를 받고 있다"
        ]
      }
    }
  ]
}