{
  "FileInfo": {
    "filename": "K2-00389-CL00705-CP01960-14-01-S2.json",
    "sessionLevel": "2"
  },
  "participantsInfo": {
    "numberOfParticipants": "2",
    "speaker1": {
      "participantID": "0051",
      "gender": "여성",
      "age": "50대",
      "occupation": "주부",
      "bPlace": "부산/대구/울산/경상",
      "gPlace": "부산/대구/울산/경상",
      "rPlace": "부산/대구/울산/경상",
      "educationLevel": "고졸"
    },
    "speaker2": {
      "participantID": "0107",
      "gender": "여성",
      "age": "20대",
      "occupation": "서비스직",
      "bPlace": "부산/대구/울산/경상",
      "gPlace": "부산/대구/울산/경상",
      "rPlace": "부산/대구/울산/경상",
      "educationLevel": "고졸"
    }
  },
  "multisessionInfo": {
    "multisessionID": "2-00389"
  },
  "personaInfo": {
    "clInfo": {
      "personaID": "00705",
      "personaFeatures": [
        "나는 여자이다.",
        "나는 50대이다.",
        "나는 미장공이다.",
        "나는 요즘, 매일 괴롭다.",
        "나는 파란색을 싫어한다."
      ],
      "speakerType": "speaker1"
    },
    "cpInfo": {
      "personaID": "01960",
      "personaFeatures": [
        "나는 여자이다.",
        "나는 20대이다.",
        "나의 어머니는 주부이다.",
        "나는 요즘, 작은 일에도 기쁘다.",
        "나는 헬스를 좋아한다."
      ],
      "speakerType": "speaker2"
    }
  },
  "topicInfo": {
    "topicID": "14-01",
    "topicType": "시사/사회>사회이슈(국내)",
    "topicTitle": "물가"
  },
  "sessionInfo": [
    {
      "prevSessionID": null,
      "prevTimeInfo": {
        "timeNum": null,
        "timeUnit": null
      },
      "nthSession": "1",
      "numberOfUtterances": "14",
      "numberOfTurns": "7",
      "sessionID": "2-00389-1",
      "dialog": [
        {
          "speaker": "speaker1",
          "personaID": "00705",
          "participantID": "0051",
          "utterance": "안녕하세요~ 저는 50대 여자입니다. 반갑습니다.",
          "summary": "나는 50대 여자이다.",
          "date": "2022-08-29",
          "time": "21:05:01",
          "terminate": "false"
        },
        {
          "speaker": "speaker2",
          "personaID": "01960",
          "participantID": "0107",
          "utterance": "전 20대 여자입니다! ㅎㅎ 반가워용.",
          "summary": "나는 20대 여자이다.",
          "date": "2022-08-29",
          "time": "21:05:03",
          "terminate": "false"
        },
        {
          "speaker": "speaker1",
          "personaID": "00705",
          "participantID": "0051",
          "utterance": "저는 요즘, 매일 괴롭습니다 ㅠㅠ.",
          "summary": "나는 요즘, 매일 괴롭다.",
          "date": "2022-08-29",
          "time": "21:05:09",
          "terminate": "false"
        },
        {
          "speaker": "speaker2",
          "personaID": "01960",
          "participantID": "0107",
          "utterance": "아 그래요?? ㅜㅜ 무슨 일 있으신가요?",
          "summary": "",
          "date": "2022-08-29",
          "time": "21:05:17",
          "terminate": "false"
        },
        {
          "speaker": "speaker1",
          "personaID": "00705",
          "participantID": "0051",
          "utterance": "제가 요즘, 싫어하는 행동을 자주 당해서요.",
          "summary": "나는 요즘 싫어하는 행동을 자주 당한다.",
          "date": "2022-08-29",
          "time": "21:05:31",
          "terminate": "false"
        },
        {
          "speaker": "speaker2",
          "personaID": "01960",
          "participantID": "0107",
          "utterance": "누가 싫어하는 행동을 하고 있나요??",
          "summary": "",
          "date": "2022-08-29",
          "time": "21:05:42",
          "terminate": "false"
        },
        {
          "speaker": "speaker1",
          "personaID": "00705",
          "participantID": "0051",
          "utterance": "직업적인 면과 연관이 있습니다. 참.. 곤란하네요.",
          "summary": "",
          "date": "2022-08-29",
          "time": "21:05:49",
          "terminate": "false"
        },
        {
          "speaker": "speaker2",
          "personaID": "01960",
          "participantID": "0107",
          "utterance": "그쪽이 하는 일이 무엇인가요??",
          "summary": "",
          "date": "2022-08-29",
          "time": "21:06:06",
          "terminate": "false"
        },
        {
          "speaker": "speaker1",
          "personaID": "00705",
          "participantID": "0051",
          "utterance": "제가 미장공인데, 미장 일을 하면서 고객이 진상을 부립니다.",
          "summary": "나는 미장공이다.",
          "date": "2022-08-29",
          "time": "21:06:14",
          "terminate": "false"
        },
        {
          "speaker": "speaker2",
          "personaID": "01960",
          "participantID": "0107",
          "utterance": "ㅋㅋ 그런 사람들 진짜 싫죠! 어떤 진상을 부려요?",
          "summary": "",
          "date": "2022-08-29",
          "time": "21:06:25",
          "terminate": "false"
        },
        {
          "speaker": "speaker1",
          "personaID": "00705",
          "participantID": "0051",
          "utterance": "제가 처음에 파란색을 싫어한다고 했는데, 미장을 파란색으로 해달라고 하더라고요 ㅋㅋ.",
          "summary": "나는 파란색을 싫어한다.",
          "date": "2022-08-29",
          "time": "21:06:46",
          "terminate": "false"
        },
        {
          "speaker": "speaker2",
          "personaID": "01960",
          "participantID": "0107",
          "utterance": "아 그래요?? 그런 고객은 안 받으시는건 어때요?",
          "summary": "",
          "date": "2022-08-29",
          "time": "21:06:58",
          "terminate": "false"
        },
        {
          "speaker": "speaker1",
          "personaID": "00705",
          "participantID": "0051",
          "utterance": "받기는 해야죠. 돈이 되니깐요 ㅎㅎ ㅠㅠ.",
          "summary": "",
          "date": "2022-08-29",
          "time": "21:07:07",
          "terminate": "false"
        },
        {
          "speaker": "speaker2",
          "personaID": "01960",
          "participantID": "0107",
          "utterance": "ㅋㅋ 한번 그래도 고민 해 보세요! 스트레스 받으니.",
          "summary": "",
          "date": "2022-08-29",
          "time": "21:07:10",
          "terminate": "true"
        }
      ],
      "sessionPersonaSummary": {
        "speaker1": [
          "나는 50대 여자이다.",
          "나는 요즘, 매일 괴롭다.",
          "나는 요즘 싫어하는 행동을 자주 당한다.",
          "나는 미장공이다.",
          "나는 파란색을 싫어한다."
        ],
        "speaker2": [
          "나는 20대 여자이다."
        ]
      },
      "prevAggregatedpersonaSummary": {
        "speaker1": [],
        "speaker2": []
      }
    },
    {
      "prevSessionID": "2-00389-1",
      "prevTimeInfo": {
        "timeNum": "2",
        "timeUnit": "시간"
      },
      "nthSession": "2",
      "numberOfUtterances": "14",
      "numberOfTurns": "7",
      "sessionID": "2-00389-2",
      "dialog": [
        {
          "speaker": "speaker1",
          "personaID": "00705",
          "participantID": "0051",
          "utterance": "2시간이 지났네요. 식사는 하셨나요? ㅎㅎ.",
          "summary": "",
          "date": "2022-08-29",
          "time": "21:07:24",
          "terminate": "false"
        },
        {
          "speaker": "speaker2",
          "personaID": "01960",
          "participantID": "0107",
          "utterance": "ㅋㅋ 아니요! 그런데 저는 요즘, 작은 일에도 기쁘네요!",
          "summary": "나는 요즘, 작은 일에도 기쁘다.",
          "date": "2022-08-29",
          "time": "21:07:38",
          "terminate": "false"
        },
        {
          "speaker": "speaker1",
          "personaID": "00705",
          "participantID": "0051",
          "utterance": "그렇군요. 어떤 일에 기쁨을 느끼셨나요? ㅎㅎ.",
          "summary": "",
          "date": "2022-08-29",
          "time": "21:07:48",
          "terminate": "false"
        },
        {
          "speaker": "speaker2",
          "personaID": "01960",
          "participantID": "0107",
          "utterance": "ㅋㅋ 저희 어머니가 주부인데, 건강이 좋으세요!",
          "summary": "나의 어머니는 주부이다.",
          "date": "2022-08-29",
          "time": "21:07:58",
          "terminate": "false"
        },
        {
          "speaker": "speaker1",
          "personaID": "00705",
          "participantID": "0051",
          "utterance": "정말요? 건강이 좋으셔서 정말 다행입니다! ㅎㅎ.",
          "summary": "",
          "date": "2022-08-29",
          "time": "21:08:08",
          "terminate": "false"
        },
        {
          "speaker": "speaker2",
          "personaID": "01960",
          "participantID": "0107",
          "utterance": "ㅎㅎ 그쪽은 건강이 좋은 편 이신가요??",
          "summary": "",
          "date": "2022-08-29",
          "time": "21:08:16",
          "terminate": "false"
        },
        {
          "speaker": "speaker1",
          "personaID": "00705",
          "participantID": "0051",
          "utterance": "네. 저는 좋은 편입니다. 운동으로 관리하거든요.",
          "summary": "나는 건강이 좋다.",
          "date": "2022-08-29",
          "time": "21:08:29",
          "terminate": "false"
        },
        {
          "speaker": "speaker2",
          "personaID": "01960",
          "participantID": "0107",
          "utterance": "오 그래요?? 저는 헬스를 좋아하는데 그쪽은 무슨 운동 해요?",
          "summary": "나는 헬스를 좋아한다.",
          "date": "2022-08-29",
          "time": "21:08:32",
          "terminate": "false"
        },
        {
          "speaker": "speaker1",
          "personaID": "00705",
          "participantID": "0051",
          "utterance": "저는 달리기를 매일 반복해서 합니다 ㅎㅎ.",
          "summary": "",
          "date": "2022-08-29",
          "time": "21:08:42",
          "terminate": "false"
        },
        {
          "speaker": "speaker2",
          "personaID": "01960",
          "participantID": "0107",
          "utterance": "아 정말요? 거기에 특별한 이유가 있나요?",
          "summary": "",
          "date": "2022-08-29",
          "time": "21:08:46",
          "terminate": "false"
        },
        {
          "speaker": "speaker1",
          "personaID": "00705",
          "participantID": "0051",
          "utterance": "물가가 올라서, 체육관을 더 이상 빌리기가 힘들더라고요~",
          "summary": "",
          "date": "2022-08-29",
          "time": "21:09:03",
          "terminate": "false"
        },
        {
          "speaker": "speaker2",
          "personaID": "01960",
          "participantID": "0107",
          "utterance": "아하.. ㅜㅜ 하긴 요즘 헬스장도 많이 비싸졌어요!",
          "summary": "",
          "date": "2022-08-29",
          "time": "21:09:03",
          "terminate": "false"
        },
        {
          "speaker": "speaker1",
          "personaID": "00705",
          "participantID": "0051",
          "utterance": "맞습니다. 저도 그게 체감이 확 되네요 ㅠㅠ.",
          "summary": "나는 체감이 된다.",
          "date": "2022-08-29",
          "time": "21:09:12",
          "terminate": "false"
        },
        {
          "speaker": "speaker2",
          "personaID": "01960",
          "participantID": "0107",
          "utterance": "ㅋㅋ 그렇군요! 그래도 운동은 꼭 해야겠습니다 ㅎㅎ.",
          "summary": "",
          "date": "2022-08-29",
          "time": "21:09:19",
          "terminate": "true"
        }
      ],
      "sessionPersonaSummary": {
        "speaker1": [
          "나는 건강이 좋다.",
          "나는 체감이 된다."
        ],
        "speaker2": [
          "나는 요즘, 작은 일에도 기쁘다.",
          "나의 어머니는 주부이다.",
          "나는 헬스를 좋아한다."
        ]
      },
      "prevAggregatedpersonaSummary": {
        "speaker1": [
          "나는 50대 여자이다.",
          "나는 요즘, 매일 괴롭다.",
          "나는 요즘 싫어하는 행동을 자주 당한다.",
          "나는 미장공이다.",
          "나는 파란색을 싫어한다."
        ],
        "speaker2": [
          "나는 20대 여자이다."
        ]
      }
    }
  ]
}