{
  "FileInfo": {
    "filename": "K2-00197-CL20427-CP22489-09-08-S2.json",
    "sessionLevel": "2"
  },
  "participantsInfo": {
    "numberOfParticipants": "2",
    "speaker1": {
      "participantID": "24128",
      "gender": "남성",
      "age": "20대",
      "occupation": "학생",
      "bPlace": "서울/경기/인천",
      "gPlace": "서울/경기/인천",
      "rPlace": "서울/경기/인천",
      "educationLevel": "고졸"
    },
    "speaker2": {
      "participantID": "26709",
      "gender": "여성",
      "age": "20대",
      "occupation": "학생",
      "bPlace": "서울/경기/인천",
      "gPlace": "서울/경기/인천",
      "rPlace": "서울/경기/인천",
      "educationLevel": "고졸"
    }
  },
  "multisessionInfo": {
    "multisessionID": "2-00197"
  },
  "personaInfo": {
    "clInfo": {
      "personaID": "20427",
      "personaFeatures": [
        "나는 남자이다.",
        "나는 20대이다.",
        "나는 밤에 SNS를 한다.",
        "나는 봉사활동을 하는 것을 싫어한다.",
        "나는 TV 시사 프로그램을 싫어한다."
      ],
      "speakerType": "speaker1"
    },
    "cpInfo": {
      "personaID": "22489",
      "personaFeatures": [
        "나는 여자이다.",
        "나는 20대이다.",
        "나는 거북이를 키우고 싶다.",
        "나는 대학생이다.",
        "나는 필라테스를 싫어한다."
      ],
      "speakerType": "speaker2"
    }
  },
  "topicInfo": {
    "topicID": "09-08",
    "topicType": "개인 및 관계>반려동물",
    "topicTitle": "임시보호"
  },
  "sessionInfo": [
    {
      "prevSessionID": null,
      "prevTimeInfo": {
        "timeNum": null,
        "timeUnit": null
      },
      "nthSession": "1",
      "numberOfUtterances": "14",
      "numberOfTurns": "7",
      "sessionID": "2-00197-1",
      "dialog": [
        {
          "speaker": "speaker1",
          "personaID": "20427",
          "participantID": "24128",
          "utterance": "안녕하십니까? 저는 20대 남자입니다. 그쪽도 알려주시기 바랍니다~",
          "summary": "나는 20대 남자이다.",
          "date": "2022-09-09",
          "time": "10:57:13",
          "terminate": "false"
        },
        {
          "speaker": "speaker2",
          "personaID": "22489",
          "participantID": "26709",
          "utterance": "ㅎㅎ 만나서 정말로 반갑습니다! 저는 20대 여자입니다 잘 지내봐요!",
          "summary": "나는 20대 여자이다.",
          "date": "2022-09-09",
          "time": "10:57:31",
          "terminate": "false"
        },
        {
          "speaker": "speaker1",
          "personaID": "20427",
          "participantID": "24128",
          "utterance": "저는 요즘 봉사활동을 하고 있는데, 봉사활동 하는 게 너무 싫습니다.",
          "summary": "나는 봉사활동을 하는 것을 싫어한다.",
          "date": "2022-09-09",
          "time": "10:57:25",
          "terminate": "false"
        },
        {
          "speaker": "speaker2",
          "personaID": "22489",
          "participantID": "26709",
          "utterance": "아하.. 그쪽은 봉사활동을 싫어하고 계시는 특별한 이유가 있으신가요?",
          "summary": "",
          "date": "2022-09-09",
          "time": "10:57:44",
          "terminate": "false"
        },
        {
          "speaker": "speaker1",
          "personaID": "20427",
          "participantID": "24128",
          "utterance": "제가 귀찮은 걸 싫어해서요. 그리고 밤마다 하는 것도 있고요~ ㅎㅎ.",
          "summary": "",
          "date": "2022-09-09",
          "time": "10:57:55",
          "terminate": "false"
        },
        {
          "speaker": "speaker2",
          "personaID": "22489",
          "participantID": "26709",
          "utterance": "오.. 그래요?? 밤마다 무슨 일을 하시길래 봉사활동이 귀찮은 건가요?",
          "summary": "",
          "date": "2022-09-09",
          "time": "10:58:15",
          "terminate": "false"
        },
        {
          "speaker": "speaker1",
          "personaID": "20427",
          "participantID": "24128",
          "utterance": "사실 밤마다 SNS를 해서, 봉사활동 사진을 올리는데, 솔직히 귀찮습니다.",
          "summary": "나는 밤에 SNS를 한다.",
          "date": "2022-09-09",
          "time": "10:58:17",
          "terminate": "false"
        },
        {
          "speaker": "speaker2",
          "personaID": "22489",
          "participantID": "26709",
          "utterance": "아하.. 그러시군요! 그런데 너무 시간 낭비라는 생각이 저도 드네요!",
          "summary": "",
          "date": "2022-09-09",
          "time": "10:58:29",
          "terminate": "false"
        },
        {
          "speaker": "speaker1",
          "personaID": "20427",
          "participantID": "24128",
          "utterance": "그렇습니다. SNS는 정말 시간 낭비입니다. 그래서 최근에는 운동을 합니다.",
          "summary": "나는 운동을 한다.",
          "date": "2022-09-09",
          "time": "10:58:42",
          "terminate": "false"
        },
        {
          "speaker": "speaker2",
          "personaID": "22489",
          "participantID": "26709",
          "utterance": "오.. 그러시군요! 그쪽은 어떤 운동을 최근에 시작하신 건가요?? 궁금하네요~",
          "summary": "",
          "date": "2022-09-09",
          "time": "10:59:02",
          "terminate": "false"
        },
        {
          "speaker": "speaker1",
          "personaID": "20427",
          "participantID": "24128",
          "utterance": "킥복싱을 배우고 있는데, 살도 잘 빠지고 자신감이 생겨서 좋습니다~",
          "summary": "나는 킥복싱을 배운다.",
          "date": "2022-09-09",
          "time": "10:59:00",
          "terminate": "false"
        },
        {
          "speaker": "speaker2",
          "personaID": "22489",
          "participantID": "26709",
          "utterance": "와 ㅋㅋ 그런데 운동을 하고 나면 너무 힘들어서 쉬고 싶어지지 않나요?",
          "summary": "",
          "date": "2022-09-09",
          "time": "10:59:14",
          "terminate": "false"
        },
        {
          "speaker": "speaker1",
          "personaID": "20427",
          "participantID": "24128",
          "utterance": "저는 TV는 좋아하긴 해서, 가끔 보는데, 시사 프로그램은 안 맞아서 싫어합니다.",
          "summary": "나는 TV 시사 프로그램을 싫어한다.",
          "date": "2022-09-09",
          "time": "10:59:25",
          "terminate": "false"
        },
        {
          "speaker": "speaker2",
          "personaID": "22489",
          "participantID": "26709",
          "utterance": "ㅋㅋ 그렇군요! 만약 저였다 해도 그런 상태에서 그 채널은 안 보고 싶을듯 해요. 저 TV좀 보러 가 볼게용~",
          "summary": "",
          "date": "2022-09-09",
          "time": "10:59:32",
          "terminate": "true"
        }
      ],
      "sessionPersonaSummary": {
        "speaker1": [
          "나는 20대 남자이다.",
          "나는 봉사활동을 하는 것을 싫어한다.",
          "나는 밤에 SNS를 한다.",
          "나는 운동을 한다.",
          "나는 킥복싱을 배운다.",
          "나는 TV 시사 프로그램을 싫어한다."
        ],
        "speaker2": [
          "나는 20대 여자이다."
        ]
      },
      "prevAggregatedpersonaSummary": {
        "speaker1": [],
        "speaker2": []
      }
    },
    {
      "prevSessionID": "2-00197-1",
      "prevTimeInfo": {
        "timeNum": "3",
        "timeUnit": "일"
      },
      "nthSession": "2",
      "numberOfUtterances": "14",
      "numberOfTurns": "7",
      "sessionID": "2-00197-2",
      "dialog": [
        {
          "speaker": "speaker1",
          "personaID": "20427",
          "participantID": "24128",
          "utterance": "날짜가 조금씩 흘러갔네요~ 오늘은 어떻게 지내나요? 잘 지내나요?",
          "summary": "",
          "date": "2022-09-09",
          "time": "10:59:36",
          "terminate": "false"
        },
        {
          "speaker": "speaker2",
          "personaID": "22489",
          "participantID": "26709",
          "utterance": "저는 요즘, 운이 좋다는 기분이 들어 매일매일이 행복하네요~ㅎㅎ.",
          "summary": "나는 매일 행복하다.",
          "date": "2022-09-09",
          "time": "10:59:51",
          "terminate": "false"
        },
        {
          "speaker": "speaker1",
          "personaID": "20427",
          "participantID": "24128",
          "utterance": "그런가요? 운이 좋다는 기분이 들었던 이유라도 존재하는 건가요?",
          "summary": "",
          "date": "2022-09-09",
          "time": "11:00:01",
          "terminate": "false"
        },
        {
          "speaker": "speaker2",
          "personaID": "22489",
          "participantID": "26709",
          "utterance": "제가 키우고 싶었던 동물이 있는데, 그 동물을 임시보호하게 되었어요!",
          "summary": "",
          "date": "2022-09-09",
          "time": "11:00:23",
          "terminate": "false"
        },
        {
          "speaker": "speaker1",
          "personaID": "20427",
          "participantID": "24128",
          "utterance": "음~ 그렇군요. 동물을 임시보호하게 됬다니, 어떤 동물인가요? ㅎㅎ.",
          "summary": "",
          "date": "2022-09-09",
          "time": "11:00:32",
          "terminate": "false"
        },
        {
          "speaker": "speaker2",
          "personaID": "22489",
          "participantID": "26709",
          "utterance": "저는 강아지를 지금 임시보호하는 중 입니다~ 많이 귀여워요 ㅎㅎ.",
          "summary": "나는 강아지를 임시보호 중이다.",
          "date": "2022-09-09",
          "time": "11:00:59",
          "terminate": "false"
        },
        {
          "speaker": "speaker1",
          "personaID": "20427",
          "participantID": "24128",
          "utterance": "그런가요? 그러면 다른 동물에는 관심이 없는건지 궁금합니다 ㅎㅎ.",
          "summary": "",
          "date": "2022-09-09",
          "time": "11:01:45",
          "terminate": "false"
        },
        {
          "speaker": "speaker2",
          "personaID": "22489",
          "participantID": "26709",
          "utterance": "그런데 저는 다른 동물도 키우고 싶거든요! 거북이를 키우고 싶네요!",
          "summary": "나는 거북이를 키우고 싶다.",
          "date": "2022-09-09",
          "time": "11:01:46",
          "terminate": "false"
        },
        {
          "speaker": "speaker1",
          "personaID": "20427",
          "participantID": "24128",
          "utterance": "그렇군요! 근데 거북이를 키울 수 있는 환경인가요? 궁금하네요~!",
          "summary": "",
          "date": "2022-09-09",
          "time": "11:01:33",
          "terminate": "false"
        },
        {
          "speaker": "speaker2",
          "personaID": "22489",
          "participantID": "26709",
          "utterance": "ㅜㅜ 사실 제가 대학생이고 체력도 안 좋아서 불가능할 것 같다 생각해요.",
          "summary": "나는 대학생이다.",
          "date": "2022-09-09",
          "time": "11:01:53",
          "terminate": "false"
        },
        {
          "speaker": "speaker1",
          "personaID": "20427",
          "participantID": "24128",
          "utterance": "아하! 그렇군요. 그러면 체력을 좀 키우고자 운동을 하는 건 어떤가요?",
          "summary": "",
          "date": "2022-09-09",
          "time": "11:02:07",
          "terminate": "false"
        },
        {
          "speaker": "speaker2",
          "personaID": "22489",
          "participantID": "26709",
          "utterance": "그런가요?? 제가 어떤 운동을 해 보는게 도움이 될까요?? 궁금해요!",
          "summary": "",
          "date": "2022-09-09",
          "time": "11:02:11",
          "terminate": "false"
        },
        {
          "speaker": "speaker1",
          "personaID": "20427",
          "participantID": "24128",
          "utterance": "나름대로 집에서 하는 홈트레이닝이나 요가 등을 하는 것은 어떤가요?",
          "summary": "",
          "date": "2022-09-09",
          "time": "11:02:24",
          "terminate": "false"
        },
        {
          "speaker": "speaker2",
          "personaID": "22489",
          "participantID": "26709",
          "utterance": "제가 필라테스를 싫어하기 떄문에, 그거 빼고 다른 운동을 해 보겠습니다~ 대화 즐거웠어요!",
          "summary": "나는 필라테스를 싫어한다.",
          "date": "2022-09-09",
          "time": "11:02:34",
          "terminate": "true"
        }
      ],
      "sessionPersonaSummary": {
        "speaker1": [],
        "speaker2": [
          "나는 매일 행복하다.",
          "나는 강아지를 임시보호 중이다.",
          "나는 거북이를 키우고 싶다.",
          "나는 대학생이다.",
          "나는 필라테스를 싫어한다."
        ]
      },
      "prevAggregatedpersonaSummary": {
        "speaker1": [
          "나는 20대 남자이다.",
          "나는 봉사활동을 하는 것을 싫어한다.",
          "나는 밤에 SNS를 한다.",
          "나는 운동을 한다.",
          "나는 킥복싱을 배운다.",
          "나는 TV 시사 프로그램을 싫어한다."
        ],
        "speaker2": [
          "나는 20대 여자이다."
        ]
      }
    }
  ]
}