{
  "FileInfo": {
    "filename": "K2-00490-CL10131-CP22460-13-04-S2.json",
    "sessionLevel": "2"
  },
  "participantsInfo": {
    "numberOfParticipants": "2",
    "speaker1": {
      "participantID": "3494",
      "gender": "남성",
      "age": "10대",
      "occupation": "학생",
      "bPlace": "부산/대구/울산/경상",
      "gPlace": "부산/대구/울산/경상",
      "rPlace": "부산/대구/울산/경상",
      "educationLevel": "중졸"
    },
    "speaker2": {
      "participantID": "3489",
      "gender": "여성",
      "age": "20대",
      "occupation": "전문직",
      "bPlace": "광주/전라/제주",
      "gPlace": "광주/전라/제주",
      "rPlace": "서울/경기/인천",
      "educationLevel": "대졸"
    }
  },
  "multisessionInfo": {
    "multisessionID": "2-00490"
  },
  "personaInfo": {
    "clInfo": {
      "personaID": "10131",
      "personaFeatures": [
        "나는 남자이다.",
        "나는 10대이다.",
        "나의 어머니는 영양사이다",
        "나는 소방관이 되고 싶다",
        "나는 장마철을 좋아한다"
      ],
      "speakerType": "speaker1"
    },
    "cpInfo": {
      "personaID": "22460",
      "personaFeatures": [
        "나는 여자이다.",
        "나는 20대이다.",
        "나는 강아지 두 마리를 키운다",
        "나는 사회복지사이다",
        "나는 재즈 음악을 가끔 듣는다"
      ],
      "speakerType": "speaker2"
    }
  },
  "topicInfo": {
    "topicID": "13-04",
    "topicType": "기후>계절/날씨",
    "topicTitle": "단풍"
  },
  "sessionInfo": [
    {
      "prevSessionID": null,
      "prevTimeInfo": {
        "timeNum": null,
        "timeUnit": null
      },
      "nthSession": "1",
      "numberOfUtterances": "14",
      "numberOfTurns": "7",
      "sessionID": "2-00490-1",
      "dialog": [
        {
          "speaker": "speaker1",
          "personaID": "10131",
          "participantID": "3494",
          "utterance": "안녕하세요. 저는 10대 남성입니다",
          "summary": "나는 10대 남성이다",
          "date": "2022-10-14",
          "time": "11:25:46",
          "terminate": "false"
        },
        {
          "speaker": "speaker2",
          "personaID": "22460",
          "participantID": "3489",
          "utterance": "안녕하세요 저는 사회복지사 일을 하고 있는 20대 여성이에요",
          "summary": "나는 20대 사회복지사 여성이다",
          "date": "2022-10-14",
          "time": "11:26:36",
          "terminate": "false"
        },
        {
          "speaker": "speaker1",
          "personaID": "10131",
          "participantID": "3494",
          "utterance": "사회복지사 멋지네요 저는 소방관이 되고 싶네요",
          "summary": "나는 소방관이 되고 싶다",
          "date": "2022-10-14",
          "time": "11:36:05",
          "terminate": "false"
        },
        {
          "speaker": "speaker2",
          "personaID": "22460",
          "participantID": "3489",
          "utterance": "저는 강아지 두 마리를 키우고 있어요",
          "summary": "나는 강아지 두 마리를 키운다",
          "date": "2022-10-14",
          "time": "11:37:19",
          "terminate": "false"
        },
        {
          "speaker": "speaker1",
          "personaID": "10131",
          "participantID": "3494",
          "utterance": "강아지 부럽네요 저는 장마철을 가장 좋아하는데 강아지들은 제일 싫어하는 날씨겠죠?",
          "summary": "나는 장마철을 가장 좋아한다",
          "date": "2022-10-14",
          "time": "11:39:55",
          "terminate": "false"
        },
        {
          "speaker": "speaker2",
          "personaID": "22460",
          "participantID": "3489",
          "utterance": "맞아요 그래서 그런 날은 재즈 음악을 가끔 들어요",
          "summary": "나는 재즈 음악을 가끔 듣는다",
          "date": "2022-10-14",
          "time": "11:40:35",
          "terminate": "false"
        },
        {
          "speaker": "speaker1",
          "personaID": "10131",
          "participantID": "3494",
          "utterance": "재즈 음악 저희 어머니도 즐겨 들으세요. 영양사이신데 급식실에서 재즈를 자주 틀어두세요",
          "summary": "나의 어머니는 영양사이고 재즈 음악을 즐겨 듣는다",
          "date": "2022-10-14",
          "time": "11:41:38",
          "terminate": "false"
        },
        {
          "speaker": "speaker2",
          "personaID": "22460",
          "participantID": "3489",
          "utterance": "와 밥 먹기 너무 좋을 것 같아요",
          "summary": "",
          "date": "2022-10-14",
          "time": "11:42:18",
          "terminate": "false"
        },
        {
          "speaker": "speaker1",
          "personaID": "10131",
          "participantID": "3494",
          "utterance": "학창 시절 때 가장 맛있었던 급식이 뭔가요?",
          "summary": "",
          "date": "2022-10-14",
          "time": "11:43:19",
          "terminate": "false"
        },
        {
          "speaker": "speaker2",
          "personaID": "22460",
          "participantID": "3489",
          "utterance": "특식 나오는 날이 제일 좋았던 거 같아요.",
          "summary": "나는 특식을 좋아한다",
          "date": "2022-10-14",
          "time": "11:43:50",
          "terminate": "false"
        },
        {
          "speaker": "speaker1",
          "personaID": "10131",
          "participantID": "3494",
          "utterance": "특식 좋죠. 저희는 오늘 급시그로 특식 좋죠 저희는 오늘 급식으로 돔코 특식 좋죠 저희 학교는 오늘 급식으로 돈코츠 라멘이 나오네요",
          "summary": " 나는 오늘 급식으로 돈코츠 라멘이 나온다",
          "date": "2022-10-14",
          "time": "11:49:11",
          "terminate": "false"
        },
        {
          "speaker": "speaker2",
          "personaID": "22460",
          "participantID": "3489",
          "utterance": "재즈 음악을 들으며 먹으면 정말 맛있겠네요.",
          "summary": "",
          "date": "2022-10-14",
          "time": "11:49:38",
          "terminate": "false"
        },
        {
          "speaker": "speaker1",
          "personaID": "10131",
          "participantID": "3494",
          "utterance": "맞아요. 20대이시면 가끔 급식이 그리우실 거 같네요",
          "summary": "",
          "date": "2022-10-14",
          "time": "11:50:54",
          "terminate": "false"
        },
        {
          "speaker": "speaker2",
          "personaID": "22460",
          "participantID": "3489",
          "utterance": "네 맞아요 저는 이제 일하러 가야해서 가봐야할 것 같아요.",
          "summary": "나는 바빠서 간다",
          "date": "2022-10-14",
          "time": "11:51:18",
          "terminate": "true"
        }
      ],
      "sessionPersonaSummary": {
        "speaker1": [
          "나는 10대 남성이다",
          "나는 소방관이 되고 싶다",
          "나는 장마철을 가장 좋아한다",
          "나의 어머니는 영양사이고 재즈 음악을 즐겨 듣는다",
          "나는 오늘 급식으로 돈코츠 라멘이 나온다"
        ],
        "speaker2": [
          "나는 20대 사회복지사 여성이다",
          "나는 강아지 두 마리를 키운다",
          "나는 재즈 음악을 가끔 듣는다",
          "나는 특식을 좋아한다",
          "나는 바빠서 간다"
        ]
      },
      "prevAggregatedpersonaSummary": {
        "speaker1": [],
        "speaker2": []
      }
    },
    {
      "prevSessionID": "2-00490-1",
      "prevTimeInfo": {
        "timeNum": "45",
        "timeUnit": "시간"
      },
      "nthSession": "2",
      "numberOfUtterances": "14",
      "numberOfTurns": "7",
      "sessionID": "2-00490-2",
      "dialog": [
        {
          "speaker": "speaker1",
          "personaID": "10131",
          "participantID": "3494",
          "utterance": "그새 이틀이 지났네요 뭐 하고 지내셨어요?",
          "summary": "",
          "date": "2022-10-14",
          "time": "11:57:14",
          "terminate": "false"
        },
        {
          "speaker": "speaker2",
          "personaID": "22460",
          "participantID": "3489",
          "utterance": "가을이라서 재즈음악 들으며 단풍 보러 왔어요",
          "summary": "나는 단풍을 보러 왔다",
          "date": "2022-10-14",
          "time": "11:59:22",
          "terminate": "false"
        },
        {
          "speaker": "speaker1",
          "personaID": "10131",
          "participantID": "3494",
          "utterance": "낭만 있네요. 강아지 산책도 시키면서 산책하면 정말 좋을 거 같아요",
          "summary": "",
          "date": "2022-10-14",
          "time": "12:11:52",
          "terminate": "false"
        },
        {
          "speaker": "speaker2",
          "personaID": "22460",
          "participantID": "3489",
          "utterance": "네 맞아요 강아지들 하고 같이 나왔어요",
          "summary": "나는 강아지와 함께 나왔다",
          "date": "2022-10-14",
          "time": "12:13:29",
          "terminate": "false"
        },
        {
          "speaker": "speaker1",
          "personaID": "10131",
          "participantID": "3494",
          "utterance": "부러워요 저는 마침 강아지 영상 좀 보다가 이제 급식 먹으러 갑니다 ",
          "summary": "나는 강아지 영상을 보고 급식 먹으러 간다",
          "date": "2022-10-14",
          "time": "12:15:05",
          "terminate": "false"
        },
        {
          "speaker": "speaker2",
          "personaID": "22460",
          "participantID": "3489",
          "utterance": "오늘은 급식 메뉴가 무엇인가요?",
          "summary": "",
          "date": "2022-10-14",
          "time": "12:16:08",
          "terminate": "false"
        },
        {
          "speaker": "speaker1",
          "personaID": "10131",
          "participantID": "3494",
          "utterance": "오늘은 특식이 아니라 아쉽지만 제가 좋아하는 제육볶음이 나오네요",
          "summary": "나는 오늘 제육볶음을 먹는다",
          "date": "2022-10-14",
          "time": "12:19:22",
          "terminate": "false"
        },
        {
          "speaker": "speaker2",
          "personaID": "22460",
          "participantID": "3489",
          "utterance": "제육볶음도 좋지요. 가을은 가을인가봐요 단풍이 엄청 예뻐요",
          "summary": "나는 단풍이 이쁘다고 느낀다",
          "date": "2022-10-14",
          "time": "12:20:25",
          "terminate": "false"
        },
        {
          "speaker": "speaker1",
          "personaID": "10131",
          "participantID": "3494",
          "utterance": "그러게요 거리가 단풍으로 물들고 있네요 그런데 너무 추워서 겨울인 줄 알았어요",
          "summary": "나는 오늘 너무 추워서 겨울인지 알았다",
          "date": "2022-10-14",
          "time": "12:26:07",
          "terminate": "false"
        },
        {
          "speaker": "speaker2",
          "personaID": "22460",
          "participantID": "3489",
          "utterance": "이맘때 감기를 조심해야 합니다",
          "summary": "",
          "date": "2022-10-14",
          "time": "12:26:48",
          "terminate": "false"
        },
        {
          "speaker": "speaker1",
          "personaID": "10131",
          "participantID": "3494",
          "utterance": "맞아요 따뜻하게 입고 다닙시다!",
          "summary": "",
          "date": "2022-10-14",
          "time": "13:05:36",
          "terminate": "false"
        },
        {
          "speaker": "speaker2",
          "personaID": "22460",
          "participantID": "3489",
          "utterance": "단풍 보러 올 때 추울까봐 담요 챙겨왔어요",
          "summary": "나는 담요를 챙겨 왔다",
          "date": "2022-10-14",
          "time": "13:12:29",
          "terminate": "false"
        },
        {
          "speaker": "speaker1",
          "personaID": "10131",
          "participantID": "3494",
          "utterance": "헉 좋네요 저도 좀 빌려주시죠",
          "summary": "",
          "date": "2022-10-14",
          "time": "13:25:15",
          "terminate": "false"
        },
        {
          "speaker": "speaker2",
          "personaID": "22460",
          "participantID": "3489",
          "utterance": "좋아요! 저도 이제 집에 가야겠네요",
          "summary": "나는 집에 간다",
          "date": "2022-10-14",
          "time": "14:46:27",
          "terminate": "true"
        }
      ],
      "sessionPersonaSummary": {
        "speaker1": [
          "나는 강아지 영상을 보고 급식 먹으러 간다",
          "나는 오늘 제육볶음을 먹는다",
          "나는 오늘 너무 추워서 겨울인지 알았다"
        ],
        "speaker2": [
          "나는 단풍을 보러 왔다",
          "나는 강아지와 함께 나왔다",
          "나는 단풍이 이쁘다고 느낀다",
          "나는 담요를 챙겨 왔다",
          "나는 집에 간다"
        ]
      },
      "prevAggregatedpersonaSummary": {
        "speaker1": [
          "나는 10대 남성이다",
          "나는 소방관이 되고 싶다",
          "나는 장마철을 가장 좋아한다",
          "나의 어머니는 영양사이고 재즈 음악을 즐겨 듣는다",
          "나는 오늘 급식으로 돈코츠 라멘이 나온다"
        ],
        "speaker2": [
          "나는 20대 사회복지사 여성이다",
          "나는 강아지 두 마리를 키운다",
          "나는 재즈 음악을 가끔 듣는다",
          "나는 특식을 좋아한다",
          "나는 바빠서 간다"
        ]
      }
    }
  ]
}