{
  "FileInfo": {
    "filename": "K2-00223-CL21900-CP51846-15-04-S2.json",
    "sessionLevel": "2"
  },
  "participantsInfo": {
    "numberOfParticipants": "2",
    "speaker1": {
      "participantID": "5234",
      "gender": "여성",
      "age": "20대",
      "occupation": "학생",
      "bPlace": "서울/경기/인천",
      "gPlace": "서울/경기/인천",
      "rPlace": "서울/경기/인천",
      "educationLevel": "고졸"
    },
    "speaker2": {
      "participantID": "3271",
      "gender": "여성",
      "age": "50대",
      "occupation": "전문직",
      "bPlace": "부산/대구/울산/경상",
      "gPlace": "부산/대구/울산/경상",
      "rPlace": "서울/경기/인천",
      "educationLevel": "대졸"
    }
  },
  "multisessionInfo": {
    "multisessionID": "2-00223"
  },
  "personaInfo": {
    "clInfo": {
      "personaID": "21900",
      "personaFeatures": [
        "나는 여자이다.",
        "나는 20대이다.",
        "나는 저녁에 뉴스를 읽는다",
        "나는 농구부 동아리에 관심 있다",
        "나는 주황색을 싫어한다"
      ],
      "speakerType": "speaker1"
    },
    "cpInfo": {
      "personaID": "51846",
      "personaFeatures": [
        "나는 여자이다.",
        "나는 50대이다.",
        "나는 요즘, 자주 열등감을 느낀다",
        "나는 가끔 국내 여행을 한다",
        "나는 한식을 안 먹는다"
      ],
      "speakerType": "speaker2"
    }
  },
  "topicInfo": {
    "topicID": "15-04",
    "topicType": "시사/사회>타국가이슈(해외)",
    "topicTitle": "백신"
  },
  "sessionInfo": [
    {
      "prevSessionID": null,
      "prevTimeInfo": {
        "timeNum": null,
        "timeUnit": null
      },
      "nthSession": "1",
      "numberOfUtterances": "14",
      "numberOfTurns": "7",
      "sessionID": "2-00223-1",
      "dialog": [
        {
          "speaker": "speaker1",
          "personaID": "21900",
          "participantID": "5234",
          "utterance": "안녕하세요 서울에 거주하는 20대 여성입니다",
          "summary": "나는 서울에 거주한다. 나는 20대 여성이다",
          "date": "2022-10-12",
          "time": "18:23:43",
          "terminate": "false"
        },
        {
          "speaker": "speaker2",
          "personaID": "51846",
          "participantID": "3271",
          "utterance": "안녕하세요 50대 여성입니다 ",
          "summary": "나는 50대 여성이다",
          "date": "2022-10-12",
          "time": "18:32:53",
          "terminate": "false"
        },
        {
          "speaker": "speaker1",
          "personaID": "21900",
          "participantID": "5234",
          "utterance": "이제 저녁인데 뭐하세요? 저는 피자 먹으려구요",
          "summary": "나는 피자를 먹으려고 한다 \n",
          "date": "2022-10-12",
          "time": "18:36:47",
          "terminate": "false"
        },
        {
          "speaker": "speaker2",
          "personaID": "51846",
          "participantID": "3271",
          "utterance": "저는  한식을 안먹어요  통닭 먹을려구요 \n",
          "summary": "나는 한식을 안 먹는다",
          "date": "2022-10-12",
          "time": "18:37:44",
          "terminate": "false"
        },
        {
          "speaker": "speaker1",
          "personaID": "21900",
          "participantID": "5234",
          "utterance": "통닭 저도 무척 좋아합니다 저는 밥먹고 산책나가려고 합니다",
          "summary": "나는 통닭 무척 좋아한다.",
          "date": "2022-10-12",
          "time": "18:38:46",
          "terminate": "false"
        },
        {
          "speaker": "speaker2",
          "personaID": "51846",
          "participantID": "3271",
          "utterance": "산책 좋네요  저는 가끔 국내 여행을 해요 ",
          "summary": "나는 가끔 국내 여행을 한다",
          "date": "2022-10-12",
          "time": "18:39:24",
          "terminate": "false"
        },
        {
          "speaker": "speaker1",
          "personaID": "21900",
          "participantID": "5234",
          "utterance": "오 국내여행 저도 가고 싶은데 혹시 추천해주실 만한 곳 있으신가요?",
          "summary": "나는 국내여행 가고 싶다 \n",
          "date": "2022-10-12",
          "time": "18:47:58",
          "terminate": "false"
        },
        {
          "speaker": "speaker2",
          "personaID": "51846",
          "participantID": "3271",
          "utterance": "거제도 좋아요 울릉도도 좋구요  저는요즘 자주 열등감을 느껴요  ",
          "summary": "나는 자주 열등감을 느낀다",
          "date": "2022-10-12",
          "time": "18:48:50",
          "terminate": "false"
        },
        {
          "speaker": "speaker1",
          "personaID": "21900",
          "participantID": "5234",
          "utterance": "아하! 왜죠??ㅜㅜ 고민 있으신가요? ",
          "summary": "",
          "date": "2022-10-12",
          "time": "18:54:28",
          "terminate": "false"
        },
        {
          "speaker": "speaker2",
          "personaID": "51846",
          "participantID": "3271",
          "utterance": "그냥 사는게 열등감 이 느껴져요 ",
          "summary": "나는 열등감이 느낀다",
          "date": "2022-10-12",
          "time": "18:54:53",
          "terminate": "false"
        },
        {
          "speaker": "speaker1",
          "personaID": "21900",
          "participantID": "5234",
          "utterance": "그렇구나,, 그래도 여행가서 좋은거 많이 보면 기분좋아지지 않나요??",
          "summary": "",
          "date": "2022-10-12",
          "time": "18:56:36",
          "terminate": "false"
        },
        {
          "speaker": "speaker2",
          "personaID": "51846",
          "participantID": "3271",
          "utterance": "그래서  저는 국내여행을 좋아해요 ",
          "summary": "나는 국내 여행을 좋아한다",
          "date": "2022-10-12",
          "time": "18:59:21",
          "terminate": "false"
        },
        {
          "speaker": "speaker1",
          "personaID": "21900",
          "participantID": "5234",
          "utterance": "네 여행많이 하시면서 기분 푸세요ㅎㅎ 좋아하는 색깔있으세요? 저는 주황색을 싫어해요",
          "summary": "나는 주황색을 싫어한다 \n",
          "date": "2022-10-12",
          "time": "19:00:19",
          "terminate": "false"
        },
        {
          "speaker": "speaker2",
          "personaID": "51846",
          "participantID": "3271",
          "utterance": "저는 주황색을 제일 좋아해요 ",
          "summary": "나는 주황색을 제일 좋아한다",
          "date": "2022-10-12",
          "time": "19:01:13",
          "terminate": "true"
        }
      ],
      "sessionPersonaSummary": {
        "speaker1": [
          "나는 서울에 거주한다. 나는 20대 여성이다",
          "나는 피자를 먹으려고 한다 \n",
          "나는 통닭 무척 좋아한다.",
          "나는 국내여행 가고 싶다 \n",
          "나는 주황색을 싫어한다 \n"
        ],
        "speaker2": [
          "나는 50대 여성이다",
          "나는 한식을 안 먹는다",
          "나는 가끔 국내 여행을 한다",
          "나는 자주 열등감을 느낀다",
          "나는 열등감이 느낀다",
          "나는 국내 여행을 좋아한다",
          "나는 주황색을 제일 좋아한다"
        ]
      },
      "prevAggregatedpersonaSummary": {
        "speaker1": [],
        "speaker2": []
      }
    },
    {
      "prevSessionID": "2-00223-1",
      "prevTimeInfo": {
        "timeNum": "6",
        "timeUnit": "주"
      },
      "nthSession": "2",
      "numberOfUtterances": "14",
      "numberOfTurns": "7",
      "sessionID": "2-00223-2",
      "dialog": [
        {
          "speaker": "speaker1",
          "personaID": "21900",
          "participantID": "5234",
          "utterance": "잘 지내셨나요? 요즘도 한식을 안드시고 식사는 제대로 하시나요?코로나가 정말 오래 지속되고 있는데 백신 몇차까지 맞으셨나요?",
          "summary": "",
          "date": "2022-10-12",
          "time": "19:06:07",
          "terminate": "false"
        },
        {
          "speaker": "speaker2",
          "personaID": "51846",
          "participantID": "3271",
          "utterance": "저는 3차까지 맞았어요 3차 접종후 코로나 확진되었어요",
          "summary": "나는 백시를 3차까지 맞고 확진되었다",
          "date": "2022-10-12",
          "time": "19:07:14",
          "terminate": "false"
        },
        {
          "speaker": "speaker1",
          "personaID": "21900",
          "participantID": "5234",
          "utterance": "헉 저도 3차까지 맞았는데 확진되었어요,,! 백신이 효과가 크진 않나봐요",
          "summary": "나는 3차까지 맞았는데 확진이 되었다",
          "date": "2022-10-12",
          "time": "19:08:21",
          "terminate": "false"
        },
        {
          "speaker": "speaker2",
          "personaID": "51846",
          "participantID": "3271",
          "utterance": "4차는 안맞을려구요  후유증이 무서워요 ",
          "summary": "나는 백신 4차를 안 맞을 거다",
          "date": "2022-10-12",
          "time": "19:09:02",
          "terminate": "false"
        },
        {
          "speaker": "speaker1",
          "personaID": "21900",
          "participantID": "5234",
          "utterance": "맞아요, 제 주위에도 후유증있다는 사람 여럿 봤어요,!",
          "summary": "",
          "date": "2022-10-12",
          "time": "19:10:22",
          "terminate": "false"
        },
        {
          "speaker": "speaker2",
          "personaID": "51846",
          "participantID": "3271",
          "utterance": "백신후 호흡곤란이 있어서 힘들어 하신분도 봤네요 ",
          "summary": "",
          "date": "2022-10-12",
          "time": "19:11:34",
          "terminate": "false"
        },
        {
          "speaker": "speaker1",
          "personaID": "21900",
          "participantID": "5234",
          "utterance": "아이고 정말 힘들것같아요,, 저도 백신맞고 나서 팔 들기가 정말 힘들더라구요",
          "summary": "",
          "date": "2022-10-12",
          "time": "19:13:15",
          "terminate": "false"
        },
        {
          "speaker": "speaker2",
          "personaID": "51846",
          "participantID": "3271",
          "utterance": "저도 팔이 뻐근하게 아팠어요 ",
          "summary": "",
          "date": "2022-10-12",
          "time": "19:14:01",
          "terminate": "false"
        },
        {
          "speaker": "speaker1",
          "personaID": "21900",
          "participantID": "5234",
          "utterance": "그쵸,,, 또 호르몬에 영양을 미친다고 해서 제 주위에서 월경주기가 계속 바뀌어서 힘들어하더라구요,,!",
          "summary": "",
          "date": "2022-10-12",
          "time": "19:14:42",
          "terminate": "false"
        },
        {
          "speaker": "speaker2",
          "personaID": "51846",
          "participantID": "3271",
          "utterance": "맞아요 저도 그런 애기 많이 들었어요 ",
          "summary": "",
          "date": "2022-10-12",
          "time": "19:15:04",
          "terminate": "false"
        },
        {
          "speaker": "speaker1",
          "personaID": "21900",
          "participantID": "5234",
          "utterance": "네 맞아요,,그럼 3차 맞으신지는 얼마나 되셨나요?",
          "summary": "",
          "date": "2022-10-12",
          "time": "19:18:27",
          "terminate": "false"
        },
        {
          "speaker": "speaker2",
          "personaID": "51846",
          "participantID": "3271",
          "utterance": "올 초에 맞은거 같아요  오래되어서  정확히 기억도 없네요 ",
          "summary": "나는 백신 맞은 지 오래되었다",
          "date": "2022-10-12",
          "time": "19:21:06",
          "terminate": "false"
        },
        {
          "speaker": "speaker1",
          "personaID": "21900",
          "participantID": "5234",
          "utterance": "그렇구나! 저는 올해 3월달에 확진이 돼서 자가격리했어요",
          "summary": "나는 올해 3월에 확진이 되었다\n",
          "date": "2022-10-12",
          "time": "19:22:28",
          "terminate": "false"
        },
        {
          "speaker": "speaker2",
          "personaID": "51846",
          "participantID": "3271",
          "utterance": "많이 힘드셨겠네요 저는 기침이 심했어요 \n오늘은 이만 볼일이 있어 나가보겠습니다!!\n",
          "summary": "",
          "date": "2022-10-12",
          "time": "19:22:47",
          "terminate": "true"
        }
      ],
      "sessionPersonaSummary": {
        "speaker1": [
          "나는 3차까지 맞았는데 확진이 되었다",
          "나는 올해 3월에 확진이 되었다\n"
        ],
        "speaker2": [
          "나는 백시를 3차까지 맞고 확진되었다",
          "나는 백신 4차를 안 맞을 거다",
          "나는 백신 맞은 지 오래되었다"
        ]
      },
      "prevAggregatedpersonaSummary": {
        "speaker1": [
          "나는 서울에 거주한다. 나는 20대 여성이다",
          "나는 피자를 먹으려고 한다 \n",
          "나는 통닭 무척 좋아한다.",
          "나는 국내여행 가고 싶다 \n",
          "나는 주황색을 싫어한다 \n"
        ],
        "speaker2": [
          "나는 50대 여성이다",
          "나는 한식을 안 먹는다",
          "나는 가끔 국내 여행을 한다",
          "나는 자주 열등감을 느낀다",
          "나는 열등감이 느낀다",
          "나는 국내 여행을 좋아한다",
          "나는 주황색을 제일 좋아한다"
        ]
      }
    }
  ]
}