{
  "FileInfo": {
    "filename": "K2-00276-CL30155-CP30955-09-10-S2.json",
    "sessionLevel": "2"
  },
  "participantsInfo": {
    "numberOfParticipants": "2",
    "speaker1": {
      "participantID": "0590",
      "gender": "남성",
      "age": "30대",
      "occupation": "사무직",
      "bPlace": "광주/전라/제주",
      "gPlace": "광주/전라/제주",
      "rPlace": "광주/전라/제주",
      "educationLevel": "대졸"
    },
    "speaker2": {
      "participantID": "0606",
      "gender": "남성",
      "age": "30대",
      "occupation": "서비스직",
      "bPlace": "서울/경기/인천",
      "gPlace": "서울/경기/인천",
      "rPlace": "서울/경기/인천",
      "educationLevel": "고졸"
    }
  },
  "multisessionInfo": {
    "multisessionID": "2-00276"
  },
  "personaInfo": {
    "clInfo": {
      "personaID": "30155",
      "personaFeatures": [
        "나는 남자이다.",
        "나는 30대이다.",
        "나는 영어영문학과를 전공했다.",
        "나는 가끔 초조하다.",
        "나는 커피를 마시지 않는다."
      ],
      "speakerType": "speaker1"
    },
    "cpInfo": {
      "personaID": "30955",
      "personaFeatures": [
        "나는 남자이다.",
        "나는 30대이다.",
        "나는 공항 검역관이다.",
        "나는 중국에 가 보고 싶다.",
        "나는 토마토파스타를 안 먹는다."
      ],
      "speakerType": "speaker2"
    }
  },
  "topicInfo": {
    "topicID": "09-10",
    "topicType": "개인 및 관계>반려동물",
    "topicTitle": "특수 반려동물"
  },
  "sessionInfo": [
    {
      "prevSessionID": null,
      "prevTimeInfo": {
        "timeNum": null,
        "timeUnit": null
      },
      "nthSession": "1",
      "numberOfUtterances": "16",
      "numberOfTurns": "8",
      "sessionID": "2-00276-1",
      "dialog": [
        {
          "speaker": "speaker1",
          "personaID": "30155",
          "participantID": "0590",
          "utterance": "안녕하세요. 30대고, 남자입니다 ! 그쪽도 소개 부탁드려도 될까요?",
          "summary": "나는 30대이다. 나는 남자이다.",
          "date": "2022-10-07",
          "time": "00:43:00",
          "terminate": "false"
        },
        {
          "speaker": "speaker2",
          "personaID": "30955",
          "participantID": "0606",
          "utterance": "네~안녕하세요! 저도 30대이고 남자입니다~!",
          "summary": "나는 30대이다. 나는 남자이다.",
          "date": "2022-10-07",
          "time": "00:43:12",
          "terminate": "false"
        },
        {
          "speaker": "speaker1",
          "personaID": "30155",
          "participantID": "0590",
          "utterance": "요즘 일이 많아서 커피를 마시자니 심장이 뛰고.. 안마시자니 피곤하고 참..",
          "summary": "",
          "date": "2022-10-07",
          "time": "00:43:24",
          "terminate": "false"
        },
        {
          "speaker": "speaker2",
          "personaID": "30955",
          "participantID": "0606",
          "utterance": "원래 커피를 잘 안드셨나봐요! 그런 증상이 있으신거 보니.",
          "summary": "",
          "date": "2022-10-07",
          "time": "00:43:26",
          "terminate": "false"
        },
        {
          "speaker": "speaker1",
          "personaID": "30155",
          "participantID": "0590",
          "utterance": "아주 예전에 먹었는데 심장이 너무 뛰어서 그뒤로 아예 안마시고 있어요.",
          "summary": "나는 커피를 마시지 않는다.",
          "date": "2022-10-07",
          "time": "00:43:37",
          "terminate": "false"
        },
        {
          "speaker": "speaker2",
          "personaID": "30955",
          "participantID": "0606",
          "utterance": "아..그렇구나! 그럼 안드시는게 좋을것 같네요!",
          "summary": "",
          "date": "2022-10-07",
          "time": "00:43:39",
          "terminate": "false"
        },
        {
          "speaker": "speaker1",
          "personaID": "30155",
          "participantID": "0590",
          "utterance": "카페인이 좀 안맞는거 같아요. 그쪽은 커피 많이 드세요?",
          "summary": "",
          "date": "2022-10-07",
          "time": "00:43:45",
          "terminate": "false"
        },
        {
          "speaker": "speaker2",
          "personaID": "30955",
          "participantID": "0606",
          "utterance": "저는 공항 검역관인데 요새 바빠서 하루에 커피 3잔은 마셔요.",
          "summary": "나는 공항 검역관이다. 나는 하루에 커피 3잔을 마신다.",
          "date": "2022-10-07",
          "time": "00:43:48",
          "terminate": "false"
        },
        {
          "speaker": "speaker1",
          "personaID": "30155",
          "participantID": "0590",
          "utterance": "이야. 너무 많이 드시는거 아니에요? 약간 카페인이 진정 효과도 있다던데.. 가끔 초조한 기분도 들때 땡기긴 해요.",
          "summary": "나는 가끔 초조하다.",
          "date": "2022-10-07",
          "time": "00:44:06",
          "terminate": "false"
        },
        {
          "speaker": "speaker2",
          "personaID": "30955",
          "participantID": "0606",
          "utterance": "카페인이 그런 효과도 있죠..근데 왜 초조하세요?",
          "summary": "",
          "date": "2022-10-07",
          "time": "00:44:11",
          "terminate": "false"
        },
        {
          "speaker": "speaker1",
          "personaID": "30155",
          "participantID": "0590",
          "utterance": "그냥.. 일이 안풀리곤 하면 그렇죠. 하는일이 좀 불안정해서요.",
          "summary": "",
          "date": "2022-10-07",
          "time": "00:44:26",
          "terminate": "false"
        },
        {
          "speaker": "speaker2",
          "personaID": "30955",
          "participantID": "0606",
          "utterance": "그러시구나...혹시 무슨일을 하고 계시는데요?",
          "summary": "",
          "date": "2022-10-07",
          "time": "00:44:28",
          "terminate": "false"
        },
        {
          "speaker": "speaker1",
          "personaID": "30155",
          "participantID": "0590",
          "utterance": "저는 영어영문학과 전공하고 번역일 하고있어요..",
          "summary": "나는 영어영문학과를 전공했다. 나는 번역가다.",
          "date": "2022-10-07",
          "time": "00:44:38",
          "terminate": "false"
        },
        {
          "speaker": "speaker2",
          "personaID": "30955",
          "participantID": "0606",
          "utterance": "아~프리랜서시구나..그럼 뭔가 그렇게 느낄수 있겠네요!",
          "summary": "",
          "date": "2022-10-07",
          "time": "00:44:39",
          "terminate": "false"
        },
        {
          "speaker": "speaker1",
          "personaID": "30155",
          "participantID": "0590",
          "utterance": "네. 그래서 자기관리가 좀 필요 하달까요. 여튼 저는 점심 먹으러 가볼께요 !! 빠듯해서요 !!",
          "summary": "",
          "date": "2022-10-07",
          "time": "00:44:54",
          "terminate": "false"
        },
        {
          "speaker": "speaker2",
          "personaID": "30955",
          "participantID": "0606",
          "utterance": "알겠어요! 저는 구내식당에 안먹는 토마토 파스타가 나와서 점심은 굶어야겠어요! 식사 맛있게 하세요.",
          "summary": "나는 토마토파스타를 안 먹는다.",
          "date": "2022-10-07",
          "time": "00:44:58",
          "terminate": "true"
        }
      ],
      "sessionPersonaSummary": {
        "speaker1": [
          "나는 30대이다. 나는 남자이다.",
          "나는 커피를 마시지 않는다.",
          "나는 가끔 초조하다.",
          "나는 영어영문학과를 전공했다. 나는 번역가다."
        ],
        "speaker2": [
          "나는 30대이다. 나는 남자이다.",
          "나는 공항 검역관이다. 나는 하루에 커피 3잔을 마신다.",
          "나는 토마토파스타를 안 먹는다."
        ]
      },
      "prevAggregatedpersonaSummary": {
        "speaker1": [],
        "speaker2": []
      }
    },
    {
      "prevSessionID": "2-00276-1",
      "prevTimeInfo": {
        "timeNum": "3",
        "timeUnit": "일"
      },
      "nthSession": "2",
      "numberOfUtterances": "16",
      "numberOfTurns": "8",
      "sessionID": "2-00276-2",
      "dialog": [
        {
          "speaker": "speaker1",
          "personaID": "30155",
          "participantID": "0590",
          "utterance": "안녕하세요 ~ 3일만인가요? 오랜만이네요 !",
          "summary": "",
          "date": "2022-10-07",
          "time": "00:45:41",
          "terminate": "false"
        },
        {
          "speaker": "speaker2",
          "personaID": "30955",
          "participantID": "0606",
          "utterance": "네~안녕하세요! 피곤한건 좀 괜찮으세요?",
          "summary": "",
          "date": "2022-10-07",
          "time": "00:45:44",
          "terminate": "false"
        },
        {
          "speaker": "speaker1",
          "personaID": "30155",
          "participantID": "0590",
          "utterance": "그냥 저녁에 간단한 운동하면서 다음날 준비 하고 있어요 !",
          "summary": "나는 저녁에 간단한 운동을 한다.",
          "date": "2022-10-07",
          "time": "00:45:52",
          "terminate": "false"
        },
        {
          "speaker": "speaker2",
          "personaID": "30955",
          "participantID": "0606",
          "utterance": "오~그건 너무 좋은것 같네요! 운동은 언제나 좋으니까요!",
          "summary": "",
          "date": "2022-10-07",
          "time": "00:45:53",
          "terminate": "false"
        },
        {
          "speaker": "speaker1",
          "personaID": "30155",
          "participantID": "0590",
          "utterance": "그쪽은 일 바쁘시다던데, 좀 어떠세요?",
          "summary": "",
          "date": "2022-10-07",
          "time": "00:45:59",
          "terminate": "false"
        },
        {
          "speaker": "speaker2",
          "personaID": "30955",
          "participantID": "0606",
          "utterance": "저는 코로나 풀리고 난 후로 정말 바빠졌어요ㅜ.",
          "summary": "나는 코로나가 풀리고 난 후 많이 바빠졌다.",
          "date": "2022-10-07",
          "time": "00:46:03",
          "terminate": "false"
        },
        {
          "speaker": "speaker1",
          "personaID": "30155",
          "participantID": "0590",
          "utterance": "그렇겠네요. 아 ! 그리고 저는 수달 한마리 분양 받았어요 ~",
          "summary": "나는 수달 한 마리를 분양받았다.",
          "date": "2022-10-07",
          "time": "00:46:14",
          "terminate": "false"
        },
        {
          "speaker": "speaker2",
          "personaID": "30955",
          "participantID": "0606",
          "utterance": "수달이요...? 수달을 집에서 키울수 있나봐요...",
          "summary": "",
          "date": "2022-10-07",
          "time": "00:46:16",
          "terminate": "false"
        },
        {
          "speaker": "speaker1",
          "personaID": "30155",
          "participantID": "0590",
          "utterance": "네~ 특수 반려동물로 분류 되긴하는데, 진짜 너무 귀여워요.",
          "summary": "",
          "date": "2022-10-07",
          "time": "00:46:24",
          "terminate": "false"
        },
        {
          "speaker": "speaker2",
          "personaID": "30955",
          "participantID": "0606",
          "utterance": "그렇구나~키우기 까다로울것 같은데! 너무 귀여울것 같아요!",
          "summary": "",
          "date": "2022-10-07",
          "time": "00:46:27",
          "terminate": "false"
        },
        {
          "speaker": "speaker1",
          "personaID": "30155",
          "participantID": "0590",
          "utterance": "ㅎㅎ 그러니까요. 요놈 때문에 제가 요즘 스트레스가 없어요.",
          "summary": "나는 수달 때문에 요즘 스트레스가 없다.",
          "date": "2022-10-07",
          "time": "00:46:35",
          "terminate": "false"
        },
        {
          "speaker": "speaker2",
          "personaID": "30955",
          "participantID": "0606",
          "utterance": "그건 정말 좋을것 같네요! 책임지시고 잘 키우시길 바래요!",
          "summary": "",
          "date": "2022-10-07",
          "time": "00:46:37",
          "terminate": "false"
        },
        {
          "speaker": "speaker1",
          "personaID": "30155",
          "participantID": "0590",
          "utterance": "당연하죠!ㅎㅎ그쪽은 뭐 스트레스 어떻게 푸시는편이에요?",
          "summary": "",
          "date": "2022-10-07",
          "time": "00:46:44",
          "terminate": "false"
        },
        {
          "speaker": "speaker2",
          "personaID": "30955",
          "participantID": "0606",
          "utterance": "저는 여행으로 푸는 편이에요! 저는 이번에 휴가 받으면 중국에 가보고싶네요!",
          "summary": "나는 중국에 가 보고 싶다. 나는 여행으로 스트레스를 푼다.",
          "date": "2022-10-07",
          "time": "00:46:45",
          "terminate": "false"
        },
        {
          "speaker": "speaker1",
          "personaID": "30155",
          "participantID": "0590",
          "utterance": "중국 좋죠. 저도 한번 가봤는데 음식도 너무좋고 여튼 ! 진짜 꼭 가봐요 ~ 저는 또 연락 드릴께요 ~",
          "summary": "",
          "date": "2022-10-07",
          "time": "00:46:58",
          "terminate": "false"
        },
        {
          "speaker": "speaker2",
          "personaID": "30955",
          "participantID": "0606",
          "utterance": "아~갔다오셨구나! 다음에 연락하시면 중국에 관한 이야기도 많이 물어보고싶네요!",
          "summary": "",
          "date": "2022-10-07",
          "time": "00:47:01",
          "terminate": "true"
        }
      ],
      "sessionPersonaSummary": {
        "speaker1": [
          "나는 저녁에 간단한 운동을 한다.",
          "나는 수달 한 마리를 분양받았다.",
          "나는 수달 때문에 요즘 스트레스가 없다."
        ],
        "speaker2": [
          "나는 코로나가 풀리고 난 후 많이 바빠졌다.",
          "나는 중국에 가 보고 싶다. 나는 여행으로 스트레스를 푼다."
        ]
      },
      "prevAggregatedpersonaSummary": {
        "speaker1": [
          "나는 30대이다. 나는 남자이다.",
          "나는 커피를 마시지 않는다.",
          "나는 가끔 초조하다.",
          "나는 영어영문학과를 전공했다. 나는 번역가다."
        ],
        "speaker2": [
          "나는 30대이다. 나는 남자이다.",
          "나는 공항 검역관이다. 나는 하루에 커피 3잔을 마신다.",
          "나는 토마토파스타를 안 먹는다."
        ]
      }
    }
  ]
}