{
  "FileInfo": {
    "filename": "K2-00267-CL13230-CP50765-06-10-S2.json",
    "sessionLevel": "2"
  },
  "participantsInfo": {
    "numberOfParticipants": "2",
    "speaker1": {
      "participantID": "4476",
      "gender": "여성",
      "age": "20대",
      "occupation": "학생",
      "bPlace": "서울/경기/인천",
      "gPlace": "서울/경기/인천",
      "rPlace": "서울/경기/인천",
      "educationLevel": "고졸"
    },
    "speaker2": {
      "participantID": "3760",
      "gender": "남성",
      "age": "40대",
      "occupation": "사무직",
      "bPlace": "광주/전라/제주",
      "gPlace": "광주/전라/제주",
      "rPlace": "서울/경기/인천",
      "educationLevel": "대졸"
    }
  },
  "multisessionInfo": {
    "multisessionID": "2-00267"
  },
  "personaInfo": {
    "clInfo": {
      "personaID": "13230",
      "personaFeatures": [
        "나는 여자이다.",
        "나는 10대이다.",
        "나의 어머니는 조리사이다",
        "나는 인터넷 강의 듣는 게 즐겁다",
        "나는 등산을 가끔 한다",
        "나는 매일 걱정스럽다",
        "나는 범죄 영화를 자주 본다"
      ],
      "speakerType": "speaker1"
    },
    "cpInfo": {
      "personaID": "50765",
      "personaFeatures": [
        "나는 남자이다.",
        "나는 50대이다.",
        "나는 일주일에 한두 번 지하철로 출퇴근한다",
        "나는 십자수 동호회에 관심 없다",
        "나는 시를 싫어한다"
      ],
      "speakerType": "speaker2"
    }
  },
  "topicInfo": {
    "topicID": "06-10",
    "topicType": "교육",
    "topicTitle": "수업"
  },
  "sessionInfo": [
    {
      "prevSessionID": null,
      "prevTimeInfo": {
        "timeNum": null,
        "timeUnit": null
      },
      "nthSession": "1",
      "numberOfUtterances": "14",
      "numberOfTurns": "7",
      "sessionID": "2-00267-1",
      "dialog": [
        {
          "speaker": "speaker1",
          "personaID": "13230",
          "participantID": "4476",
          "utterance": " 안녕하세요. 10대 여성입니다!",
          "summary": "나는 10대 여자다.",
          "date": "2022-11-11",
          "time": "13:20:47",
          "terminate": "false"
        },
        {
          "speaker": "speaker2",
          "personaID": "50765",
          "participantID": "3760",
          "utterance": "안녕하세요. 저는 50대 남성입니다.",
          "summary": "나는 50대 남성이다.",
          "date": "2022-11-11",
          "time": "13:20:57",
          "terminate": "false"
        },
        {
          "speaker": "speaker1",
          "personaID": "13230",
          "participantID": "4476",
          "utterance": "저희 어머니는 조리사세요. 소개 부탁드려요!",
          "summary": "나는 어머니가 조리사다.",
          "date": "2022-11-11",
          "time": "15:00:27",
          "terminate": "false"
        },
        {
          "speaker": "speaker2",
          "personaID": "50765",
          "participantID": "3760",
          "utterance": "어머니가 조리사시군요. 저는 일반사무직 회사원이예요.",
          "summary": "나는 일반 사무직 회사원이다.",
          "date": "2022-11-11",
          "time": "15:23:50",
          "terminate": "false"
        },
        {
          "speaker": "speaker1",
          "personaID": "13230",
          "participantID": "4476",
          "utterance": "그렇군요, 저는 인터넷 강의 듣는 게 즐거워요.",
          "summary": "나는 인터넷 강의 듣는 걸 좋아한다.",
          "date": "2022-11-11",
          "time": "15:37:03",
          "terminate": "false"
        },
        {
          "speaker": "speaker2",
          "personaID": "50765",
          "participantID": "3760",
          "utterance": "인터넷 강의 저도 즐겨듣는 편이예요. 저는 일주일에 한 두번 정도는 지하철로 출퇴근하고 있어요.",
          "summary": "나는 일주일에 한두 번 정도는 지하철로 출퇴근한다.",
          "date": "2022-11-11",
          "time": "15:53:17",
          "terminate": "false"
        },
        {
          "speaker": "speaker1",
          "personaID": "13230",
          "participantID": "4476",
          "utterance": "그렇군요. 저는 운동을 위해 등산을 가끔해요.",
          "summary": "나는 등산을 가끔 한다.",
          "date": "2022-11-11",
          "time": "16:37:13",
          "terminate": "false"
        },
        {
          "speaker": "speaker2",
          "personaID": "50765",
          "participantID": "3760",
          "utterance": "저도 아주 가끔 등산해요. 그 이외에 다른 취미가 많은데 십자수 동호회는 관심이 안생기더라구요. 그리고 책을 즐겨읽는데 시는 싫어해요.",
          "summary": "나는 십자수 동호회는 관심이 안 생기고, 그리고 책을 즐겨 읽는데 시는 싫어한다.",
          "date": "2022-11-11",
          "time": "16:47:32",
          "terminate": "false"
        },
        {
          "speaker": "speaker1",
          "personaID": "13230",
          "participantID": "4476",
          "utterance": "그렇군요. 저는 매일 걱정스러워요.",
          "summary": "나는 매일 걱정스럽다.",
          "date": "2022-11-11",
          "time": "16:48:07",
          "terminate": "false"
        },
        {
          "speaker": "speaker2",
          "personaID": "50765",
          "participantID": "3760",
          "utterance": "어떤 점이 걱정스러우신가요? 하나하나 나열해보시는 것도 도움이 되요. ",
          "summary": "",
          "date": "2022-11-11",
          "time": "17:00:03",
          "terminate": "false"
        },
        {
          "speaker": "speaker1",
          "personaID": "13230",
          "participantID": "4476",
          "utterance": "대학진학도 걱정이고, 친구관계도 있어요. 저는 범죄영화를 자주 봅니다.",
          "summary": "나는 범죄영화를 자주 본다.",
          "date": "2022-11-11",
          "time": "17:09:20",
          "terminate": "false"
        },
        {
          "speaker": "speaker2",
          "personaID": "50765",
          "participantID": "3760",
          "utterance": "그렇군요. 그런 문제들을 하나씩 풀어가시면 좋아요. 범죄영화도 요즘 재밌는게 많이있죠. ",
          "summary": "",
          "date": "2022-11-11",
          "time": "17:43:14",
          "terminate": "true"
        }
      ],
      "sessionPersonaSummary": {
        "speaker1": [
          "나는 10대 여자다.",
          "나는 어머니가 조리사다.",
          "나는 인터넷 강의 듣는 걸 좋아한다.",
          "나는 등산을 가끔 한다.",
          "나는 매일 걱정스럽다.",
          "나는 범죄영화를 자주 본다."
        ],
        "speaker2": [
          "나는 50대 남성이다.",
          "나는 일반 사무직 회사원이다.",
          "나는 일주일에 한두 번 정도는 지하철로 출퇴근한다.",
          "나는 십자수 동호회는 관심이 안 생기고, 그리고 책을 즐겨 읽는데 시는 싫어한다."
        ]
      },
      "prevAggregatedpersonaSummary": {
        "speaker1": [],
        "speaker2": []
      }
    },
    {
      "prevSessionID": "2-00267-1",
      "prevTimeInfo": {
        "timeNum": "3",
        "timeUnit": "일"
      },
      "nthSession": "2",
      "numberOfUtterances": "14",
      "numberOfTurns": "7",
      "sessionID": "2-00267-2",
      "dialog": [
        {
          "speaker": "speaker1",
          "personaID": "13230",
          "participantID": "4476",
          "utterance": "안녕하세요. 저희 3일만에 대화해요. 그렇죠?",
          "summary": "",
          "date": "2022-11-11",
          "time": "23:57:58",
          "terminate": "false"
        },
        {
          "speaker": "speaker2",
          "personaID": "50765",
          "participantID": "3760",
          "utterance": "ㅎㅎ 안녕하세요. 잘 지내셨나요?",
          "summary": "",
          "date": "2022-11-12",
          "time": "00:22:04",
          "terminate": "false"
        },
        {
          "speaker": "speaker1",
          "personaID": "13230",
          "participantID": "4476",
          "utterance": "네. 잘 지냈습니다. 수업을 들었어요 오늘도.",
          "summary": "나는 오늘 수업을 들었다.",
          "date": "2022-11-12",
          "time": "00:27:23",
          "terminate": "false"
        },
        {
          "speaker": "speaker2",
          "personaID": "50765",
          "participantID": "3760",
          "utterance": "그렇군요. 어떤 수업을 들으셨나요?",
          "summary": "",
          "date": "2022-11-12",
          "time": "00:28:25",
          "terminate": "false"
        },
        {
          "speaker": "speaker1",
          "personaID": "13230",
          "participantID": "4476",
          "utterance": "저는 국어, 영어, 수학 이렇게 골고루 듣고 체육 수업도 하나 있었어요.",
          "summary": "나는 국어, 영어, 수학, 체육 수업을 들었다.",
          "date": "2022-11-12",
          "time": "00:31:50",
          "terminate": "false"
        },
        {
          "speaker": "speaker2",
          "personaID": "50765",
          "participantID": "3760",
          "utterance": "오 정말 골고루 들으셨네요. ㅎㅎ 저는 학교졸업한지는 오래되서 온라인 강의를 주로 들어요",
          "summary": "나는 온라인 강의를 주로 듣는다.",
          "date": "2022-11-12",
          "time": "00:32:19",
          "terminate": "false"
        },
        {
          "speaker": "speaker1",
          "personaID": "13230",
          "participantID": "4476",
          "utterance": "저도 온라인 강의를 듣는 것을 즐거워 하는데, 이제는 대면이라 힘드네요.",
          "summary": "나는 온라인 강의 듣는걸 즐거워한다.",
          "date": "2022-11-12",
          "time": "00:36:21",
          "terminate": "false"
        },
        {
          "speaker": "speaker2",
          "personaID": "50765",
          "participantID": "3760",
          "utterance": "그렇군요. 힘들긴 하지만 대면만이 가지는 그런 분위기가 있는 것 같아요",
          "summary": "",
          "date": "2022-11-12",
          "time": "00:36:47",
          "terminate": "false"
        },
        {
          "speaker": "speaker1",
          "personaID": "13230",
          "participantID": "4476",
          "utterance": "맞아요. 특히 체육같은건 정말 대면이 좋아요.",
          "summary": "나는 체육은 대면이 좋다.",
          "date": "2022-11-12",
          "time": "00:38:26",
          "terminate": "false"
        },
        {
          "speaker": "speaker2",
          "personaID": "50765",
          "participantID": "3760",
          "utterance": "네 체육처럼 그런건 대면이 제일 좋지요!!",
          "summary": "",
          "date": "2022-11-12",
          "time": "00:40:26",
          "terminate": "false"
        },
        {
          "speaker": "speaker1",
          "personaID": "13230",
          "participantID": "4476",
          "utterance": "맞아요. 그리고 친구들을 처음 보게 되어서  좋은 것 같아요.",
          "summary": "나는 친구들을 처음 보게 되어 좋았다.",
          "date": "2022-11-12",
          "time": "00:41:06",
          "terminate": "false"
        },
        {
          "speaker": "speaker2",
          "personaID": "50765",
          "participantID": "3760",
          "utterance": "그렇죠. 친구들을 보면 더 즐겁죠 ",
          "summary": "",
          "date": "2022-11-12",
          "time": "00:41:39",
          "terminate": "false"
        },
        {
          "speaker": "speaker1",
          "personaID": "13230",
          "participantID": "4476",
          "utterance": "네. 맞아요. 저는 인터넷 강의 듣는게 즐겁지만 친구들 덕분에 버텨요.",
          "summary": "나는 인터넷 강의 듣는 게 더 좋지만 친구들 덕분에 버틴다.",
          "date": "2022-11-12",
          "time": "00:45:12",
          "terminate": "false"
        },
        {
          "speaker": "speaker2",
          "personaID": "50765",
          "participantID": "3760",
          "utterance": "그렇군요. 저도 인터넷 강의 듣는 걸 좋아하는 편이에요",
          "summary": "나는 인터넷 강의 듣는 걸 좋아한다.",
          "date": "2022-11-12",
          "time": "23:19:10",
          "terminate": "true"
        }
      ],
      "sessionPersonaSummary": {
        "speaker1": [
          "나는 오늘 수업을 들었다.",
          "나는 국어, 영어, 수학, 체육 수업을 들었다.",
          "나는 온라인 강의 듣는걸 즐거워한다.",
          "나는 체육은 대면이 좋다.",
          "나는 친구들을 처음 보게 되어 좋았다.",
          "나는 인터넷 강의 듣는 게 더 좋지만 친구들 덕분에 버틴다."
        ],
        "speaker2": [
          "나는 온라인 강의를 주로 듣는다.",
          "나는 인터넷 강의 듣는 걸 좋아한다."
        ]
      },
      "prevAggregatedpersonaSummary": {
        "speaker1": [
          "나는 10대 여자다.",
          "나는 어머니가 조리사다.",
          "나는 인터넷 강의 듣는 걸 좋아한다.",
          "나는 등산을 가끔 한다.",
          "나는 매일 걱정스럽다.",
          "나는 범죄영화를 자주 본다."
        ],
        "speaker2": [
          "나는 50대 남성이다.",
          "나는 일반 사무직 회사원이다.",
          "나는 일주일에 한두 번 정도는 지하철로 출퇴근한다.",
          "나는 십자수 동호회는 관심이 안 생기고, 그리고 책을 즐겨 읽는데 시는 싫어한다."
        ]
      }
    }
  ]
}