{
  "FileInfo": {
    "filename": "K2-00247-CL33014-CP33041-19-02-S2.json",
    "sessionLevel": "2"
  },
  "participantsInfo": {
    "numberOfParticipants": "2",
    "speaker1": {
      "participantID": "1118",
      "gender": "남성",
      "age": "30대",
      "occupation": "자영업",
      "bPlace": "부산/대구/울산/경상",
      "gPlace": "부산/대구/울산/경상",
      "rPlace": "부산/대구/울산/경상",
      "educationLevel": "대졸"
    },
    "speaker2": {
      "participantID": "1121",
      "gender": "남성",
      "age": "30대",
      "occupation": "무직",
      "bPlace": "서울/경기/인천",
      "gPlace": "서울/경기/인천",
      "rPlace": "서울/경기/인천",
      "educationLevel": "대졸"
    }
  },
  "multisessionInfo": {
    "multisessionID": "2-00247"
  },
  "personaInfo": {
    "clInfo": {
      "personaID": "33014",
      "personaFeatures": [
        "나는 남자이다.",
        "나는 30대이다.",
        "나는 밤에 SNS를 한다.",
        "나는 스위스에 가 보고 싶다.",
        "나는 가끔 자신감이 생긴다.",
        "나는 짜장면을 좋아한다."
      ],
      "speakerType": "speaker1"
    },
    "cpInfo": {
      "personaID": "33041",
      "personaFeatures": [
        "나는 남자이다.",
        "나는 30대이다.",
        "나는 아침에 산책한다.",
        "나는 백화점 판매원이다.",
        "내가 가장 슬펐던 때는 첫사랑과 헤어졌던 때이다.",
        "나는 봉사활동을 하는 것을 좋아한다."
      ],
      "speakerType": "speaker2"
    }
  },
  "topicInfo": {
    "topicID": "19-02",
    "topicType": "예술문화 생활>방송/연예",
    "topicTitle": "드라마"
  },
  "sessionInfo": [
    {
      "prevSessionID": null,
      "prevTimeInfo": {
        "timeNum": null,
        "timeUnit": null
      },
      "nthSession": "1",
      "numberOfUtterances": "16",
      "numberOfTurns": "8",
      "sessionID": "2-00247-1",
      "dialog": [
        {
          "speaker": "speaker1",
          "personaID": "33014",
          "participantID": "1118",
          "utterance": "안녕하세요! 저는 30대 남성입니다. 대화 가능하세요??",
          "summary": "나는 30대 남성이다.",
          "date": "2022-10-31",
          "time": "21:36:19",
          "terminate": "false"
        },
        {
          "speaker": "speaker2",
          "personaID": "33041",
          "participantID": "1121",
          "utterance": "반가워요. 저도 30대 남성입니다. 직업이 어떻게 되시나요?",
          "summary": "나는 30대 남자이다.",
          "date": "2022-10-31",
          "time": "21:36:40",
          "terminate": "false"
        },
        {
          "speaker": "speaker1",
          "personaID": "33014",
          "participantID": "1118",
          "utterance": "저 회사원인데, 이직 준비중이에요. 이직 전에 스위스를 한번 가보고 싶은데, 해외 여행 다녀오신 적 있나요?",
          "summary": "나는 이직 준비 중이다. 나는 스위스에 가보고 싶다.",
          "date": "2022-10-31",
          "time": "21:37:09",
          "terminate": "false"
        },
        {
          "speaker": "speaker2",
          "personaID": "33041",
          "participantID": "1121",
          "utterance": "해외는 중국 가봤네요. 스위스 좋죠 눈도 많이 오고. 뭐하고 계시나요?",
          "summary": "",
          "date": "2022-10-31",
          "time": "21:52:45",
          "terminate": "false"
        },
        {
          "speaker": "speaker1",
          "personaID": "33014",
          "participantID": "1118",
          "utterance": "전 이직 회사 좀 알아보고 있어요, 혹시 직업이 어떻게 되세요?",
          "summary": "",
          "date": "2022-10-31",
          "time": "21:53:08",
          "terminate": "false"
        },
        {
          "speaker": "speaker2",
          "personaID": "33041",
          "participantID": "1121",
          "utterance": "저는 백화점에서 판매일을 하고 있어요. 어떤쪽으로 일을 알아 보시고 계시나요?",
          "summary": "나는 백화점 판매원이다.",
          "date": "2022-10-31",
          "time": "21:53:41",
          "terminate": "false"
        },
        {
          "speaker": "speaker1",
          "personaID": "33014",
          "participantID": "1118",
          "utterance": "일반 사무로 알아보고 있어요.. 퇴사한지 한달이 지나네요 .. 정말 퇴사할 때 많이 슬펐는데 ㅠ.",
          "summary": "",
          "date": "2022-10-31",
          "time": "21:54:13",
          "terminate": "false"
        },
        {
          "speaker": "speaker2",
          "personaID": "33041",
          "participantID": "1121",
          "utterance": "아.. 그러셨구나. 저는 슬펐던때가 보자... 첫사랑이랑 헤어졌을때 제일 슬펐네요. ㅎㅎ. 퇴사하기전에 회사사람들과 정이 많이 들었나봐요.",
          "summary": "내가 가장 슬펐던 때는 첫사랑과 헤어졌던 때이다.",
          "date": "2022-10-31",
          "time": "21:55:15",
          "terminate": "false"
        },
        {
          "speaker": "speaker1",
          "personaID": "33014",
          "participantID": "1118",
          "utterance": "헉..첫사랑은 못 잊는다고 하잖아요; 저도 그래요.. 그래서 가끔 밤에 SNS 할때 종종피드를 보곤 해요.",
          "summary": "나는 밤에 SNS를 한다.",
          "date": "2022-10-31",
          "time": "21:55:19",
          "terminate": "false"
        },
        {
          "speaker": "speaker2",
          "personaID": "33041",
          "participantID": "1121",
          "utterance": "맞아요. 괜히 보게 되는 것 같아요. 운동 좋아하세요? 저는 아침에 산책 하는데..",
          "summary": "나는 아침에 산책한다.",
          "date": "2022-10-31",
          "time": "21:56:00",
          "terminate": "false"
        },
        {
          "speaker": "speaker1",
          "personaID": "33014",
          "participantID": "1118",
          "utterance": "전 아침마다 헬스를 하고 있어요! 운동 끝나고 거울에 비춰진 제 모습을 보곤 가끔 자신감이 생깁니다.",
          "summary": "나는 가끔 자신감이 생긴다.",
          "date": "2022-10-31",
          "time": "21:56:40",
          "terminate": "false"
        },
        {
          "speaker": "speaker2",
          "personaID": "33041",
          "participantID": "1121",
          "utterance": "자기애가 대단하시네요. ㅎㅎ 혹시 봉사활동 좋아하시나요? 전 좋아해서 가끔 한답니다.",
          "summary": "나는 봉사활동을 하는 것을 좋아한다.",
          "date": "2022-10-31",
          "time": "21:57:09",
          "terminate": "false"
        },
        {
          "speaker": "speaker1",
          "personaID": "33014",
          "participantID": "1118",
          "utterance": "좋은 일 하시네요? 전 학교 다닐 때만 했던거 같아요.. 반성하게 되네요.",
          "summary": "나는 나 자신을 반성한다.",
          "date": "2022-10-31",
          "time": "21:57:51",
          "terminate": "false"
        },
        {
          "speaker": "speaker2",
          "personaID": "33041",
          "participantID": "1121",
          "utterance": "아휴. 감사합니다. 점심때 되니까 이제 출출 해 지네요.점심은 뭐 드실 예정이에요?",
          "summary": "",
          "date": "2022-10-31",
          "time": "21:58:28",
          "terminate": "false"
        },
        {
          "speaker": "speaker1",
          "personaID": "33014",
          "participantID": "1118",
          "utterance": "오늘 점심은 중식으로 정했어요ㅎㅎ 제가 짜장면을 좋아하거든요. 벌써 점심이라니.. 주문하러가야겠어요.",
          "summary": "나는 짜장면을 좋아한다.",
          "date": "2022-10-31",
          "time": "21:59:49",
          "terminate": "false"
        },
        {
          "speaker": "speaker2",
          "personaID": "33041",
          "participantID": "1121",
          "utterance": "짜장면 좋죠. 맛있게 드세요. 저도 이만 점심 먹으러 가봐야겠네요. 담에 뵈어요.",
          "summary": "",
          "date": "2022-10-31",
          "time": "22:00:07",
          "terminate": "true"
        }
      ],
      "sessionPersonaSummary": {
        "speaker1": [
          "나는 30대 남성이다.",
          "나는 이직 준비 중이다. 나는 스위스에 가보고 싶다.",
          "나는 밤에 SNS를 한다.",
          "나는 가끔 자신감이 생긴다.",
          "나는 나 자신을 반성한다.",
          "나는 짜장면을 좋아한다."
        ],
        "speaker2": [
          "나는 30대 남자이다.",
          "나는 백화점 판매원이다.",
          "내가 가장 슬펐던 때는 첫사랑과 헤어졌던 때이다.",
          "나는 아침에 산책한다.",
          "나는 봉사활동을 하는 것을 좋아한다."
        ]
      },
      "prevAggregatedpersonaSummary": {
        "speaker1": [],
        "speaker2": []
      }
    },
    {
      "prevSessionID": "2-00247-1",
      "prevTimeInfo": {
        "timeNum": "3",
        "timeUnit": "주"
      },
      "nthSession": "2",
      "numberOfUtterances": "16",
      "numberOfTurns": "8",
      "sessionID": "2-00247-2",
      "dialog": [
        {
          "speaker": "speaker1",
          "personaID": "33014",
          "participantID": "1118",
          "utterance": "3주 동안 잘 지내셨나요? 전 아직 이직 준비중인데 쉽지 않네요 ㅠ.",
          "summary": "",
          "date": "2022-10-31",
          "time": "22:00:35",
          "terminate": "false"
        },
        {
          "speaker": "speaker2",
          "personaID": "33041",
          "participantID": "1121",
          "utterance": "네. 저는 3주동안 드라마 몰아봤네요. 정신없이 봤어요. ㅎㅎ.",
          "summary": "",
          "date": "2022-10-31",
          "time": "22:00:52",
          "terminate": "false"
        },
        {
          "speaker": "speaker1",
          "personaID": "33014",
          "participantID": "1118",
          "utterance": "무슨 드라마 보시나요? 저도 요새 보는데 @이름1@ 주연으로 나오는 '슈룹' ㅎㅎ.",
          "summary": "나는 요즘 슈룹을 본다.",
          "date": "2022-10-31",
          "time": "22:01:06",
          "terminate": "false"
        },
        {
          "speaker": "speaker2",
          "personaID": "33041",
          "participantID": "1121",
          "utterance": "슈룹이 뭐에요? 제가 줄인말을 잘 몰라서... 저는 천원짜리 변호사 보고있어요.",
          "summary": "나는 천 원짜리 변호사를 보고 있다.",
          "date": "2022-10-31",
          "time": "22:01:34",
          "terminate": "false"
        },
        {
          "speaker": "speaker1",
          "personaID": "33014",
          "participantID": "1118",
          "utterance": "우산이라는 옛말인데, 자식 사랑에 대한 왕실 이야기에요.",
          "summary": "",
          "date": "2022-10-31",
          "time": "22:02:01",
          "terminate": "false"
        },
        {
          "speaker": "speaker2",
          "personaID": "33041",
          "participantID": "1121",
          "utterance": "와우.. 대단한데요. 왕실이라니. ㅎㅎ 요새 드라마는 다 웰메이드라 뭘 봐도 재밌는 것 같아요.",
          "summary": "나는 요즘 드라마 대부분이 웹 메이드라 다 재미있다고 생각한다.",
          "date": "2022-10-31",
          "time": "22:02:21",
          "terminate": "false"
        },
        {
          "speaker": "speaker1",
          "personaID": "33014",
          "participantID": "1118",
          "utterance": "맞아요 ㅠ 요새 드라마 정말 재밌죠ㅎㅎ 혹시 기억 남는 인생드라마 있나요?",
          "summary": "",
          "date": "2022-10-31",
          "time": "22:02:49",
          "terminate": "false"
        },
        {
          "speaker": "speaker2",
          "personaID": "33041",
          "participantID": "1121",
          "utterance": "@이름2@? 최근에 봤지만 소재도 그렇고 진짜 탄탄하게 재미있는 드라마 였어요.",
          "summary": "",
          "date": "2022-10-31",
          "time": "22:03:04",
          "terminate": "false"
        },
        {
          "speaker": "speaker1",
          "personaID": "33014",
          "participantID": "1118",
          "utterance": "ㅎㅎ 최근에 한거죠? 전 @이름2@는 못봤네요. 전 예전 드라마 중에 내이름은 김@이름3@ 기억에 남네요.",
          "summary": "",
          "date": "2022-10-31",
          "time": "22:03:31",
          "terminate": "false"
        },
        {
          "speaker": "speaker2",
          "personaID": "33041",
          "participantID": "1121",
          "utterance": "아 잘 봤죠. ㅎㅎ 삼식이 그놈 참 나쁜 놈 이었는데.. 첨부터 한번 다시 보고 싶네요. ㅎㅎㅎ.",
          "summary": "",
          "date": "2022-10-31",
          "time": "22:03:40",
          "terminate": "false"
        },
        {
          "speaker": "speaker1",
          "personaID": "33014",
          "participantID": "1118",
          "utterance": "ㅎㅎ 가끔 @브랜드명1@에 짤나오던데 기억 나더라고요.",
          "summary": "",
          "date": "2022-10-31",
          "time": "22:04:13",
          "terminate": "false"
        },
        {
          "speaker": "speaker2",
          "personaID": "33041",
          "participantID": "1121",
          "utterance": "아 그렇구나.. 이제 밤되니 잠오네요. 요새는 드라마 한편 틀어놓고 자게 되요. ㅎㅎ.",
          "summary": "나는 요새 드라마를 틀어놓고 잔다.",
          "date": "2022-10-31",
          "time": "22:04:41",
          "terminate": "false"
        },
        {
          "speaker": "speaker1",
          "personaID": "33014",
          "participantID": "1118",
          "utterance": "피곤하시죠.. ㅠㅠ 근데 요샌 PPL 광고를 많이해서 많이 거슬려요 ㅠ 드라마 집중이 안되어서.",
          "summary": "나는 PPL 광고가 거슬린다.",
          "date": "2022-10-31",
          "time": "22:04:54",
          "terminate": "false"
        },
        {
          "speaker": "speaker2",
          "personaID": "33041",
          "participantID": "1121",
          "utterance": "맞아요. 예전처럼 ppl 있는지 없는지도 모르게 들어간 드라마가 좋은데 그쵸..",
          "summary": "",
          "date": "2022-10-31",
          "time": "22:05:30",
          "terminate": "false"
        },
        {
          "speaker": "speaker1",
          "personaID": "33014",
          "participantID": "1118",
          "utterance": "네네, 맞아요 ㅠ 전 @이름2@ 한번 쫙 보러 가야겠어요.",
          "summary": "",
          "date": "2022-10-31",
          "time": "22:05:36",
          "terminate": "false"
        },
        {
          "speaker": "speaker2",
          "personaID": "33041",
          "participantID": "1121",
          "utterance": "네. 한번 쫙 돌려보세요. 저도 드라마 한편 틀어놓고 이제 자야겠네요. 들어가세요.",
          "summary": "",
          "date": "2022-10-31",
          "time": "22:05:45",
          "terminate": "true"
        }
      ],
      "sessionPersonaSummary": {
        "speaker1": [
          "나는 요즘 슈룹을 본다.",
          "나는 PPL 광고가 거슬린다."
        ],
        "speaker2": [
          "나는 천 원짜리 변호사를 보고 있다.",
          "나는 요즘 드라마 대부분이 웹 메이드라 다 재미있다고 생각한다.",
          "나는 요새 드라마를 틀어놓고 잔다."
        ]
      },
      "prevAggregatedpersonaSummary": {
        "speaker1": [
          "나는 30대 남성이다.",
          "나는 이직 준비 중이다. 나는 스위스에 가보고 싶다.",
          "나는 밤에 SNS를 한다.",
          "나는 가끔 자신감이 생긴다.",
          "나는 나 자신을 반성한다.",
          "나는 짜장면을 좋아한다."
        ],
        "speaker2": [
          "나는 30대 남자이다.",
          "나는 백화점 판매원이다.",
          "내가 가장 슬펐던 때는 첫사랑과 헤어졌던 때이다.",
          "나는 아침에 산책한다.",
          "나는 봉사활동을 하는 것을 좋아한다."
        ]
      }
    }
  ]
}