{
  "FileInfo": {
    "filename": "K2-00363-CL20343-CP21344-05-11-S2.json",
    "sessionLevel": "2"
  },
  "participantsInfo": {
    "numberOfParticipants": "2",
    "speaker1": {
      "participantID": "25095",
      "gender": "남성",
      "age": "20대",
      "occupation": "학생",
      "bPlace": "광주/전라/제주",
      "gPlace": "광주/전라/제주",
      "rPlace": "광주/전라/제주",
      "educationLevel": "고졸"
    },
    "speaker2": {
      "participantID": "25005",
      "gender": "남성",
      "age": "20대",
      "occupation": "사무직",
      "bPlace": "광주/전라/제주",
      "gPlace": "광주/전라/제주",
      "rPlace": "광주/전라/제주",
      "educationLevel": "고졸"
    }
  },
  "multisessionInfo": {
    "multisessionID": "2-00363"
  },
  "personaInfo": {
    "clInfo": {
      "personaID": "20343",
      "personaFeatures": [
        "나는 남자이다.",
        "나는 20대이다.",
        "나의 거주지는 고양이다.",
        "나는 인생에서 가장 설레던 때는 할아버지와의 추억을 회상할 때이다.",
        "나는 단소 연주를 배우고 있다."
      ],
      "speakerType": "speaker1"
    },
    "cpInfo": {
      "personaID": "21344",
      "personaFeatures": [
        "나는 남자이다.",
        "나는 20대이다.",
        "나의 거주지는 대구이다.",
        "나는 창업 동아리에 관심 있다.",
        "나는 전쟁 영화를 가끔 본다."
      ],
      "speakerType": "speaker2"
    }
  },
  "topicInfo": {
    "topicID": "05-11",
    "topicType": "일과 직업>군대",
    "topicTitle": "깔깔이"
  },
  "sessionInfo": [
    {
      "prevSessionID": null,
      "prevTimeInfo": {
        "timeNum": null,
        "timeUnit": null
      },
      "nthSession": "1",
      "numberOfUtterances": "18",
      "numberOfTurns": "9",
      "sessionID": "2-00363-1",
      "dialog": [
        {
          "speaker": "speaker1",
          "personaID": "20343",
          "participantID": "25095",
          "utterance": "안녕하세요. 20대 남자입니다~ 소개 부탁드려요!",
          "summary": "나는 20대 남자이다.",
          "date": "2022-09-05",
          "time": "01:06:23",
          "terminate": "false"
        },
        {
          "speaker": "speaker2",
          "personaID": "21344",
          "participantID": "25005",
          "utterance": "네 안녕하세요. 저는 대구 사는 20대 남자 입니다.",
          "summary": "나는 20대 남자이며 대구에 거주한다.",
          "date": "2022-09-05",
          "time": "01:06:54",
          "terminate": "false"
        },
        {
          "speaker": "speaker1",
          "personaID": "20343",
          "participantID": "25095",
          "utterance": "저는 고양에서 살고 있어요, 인생에서 가장 설레던 순간이 있나요?",
          "summary": "나는 고양에서 거주한다.",
          "date": "2022-09-05",
          "time": "01:07:39",
          "terminate": "false"
        },
        {
          "speaker": "speaker2",
          "personaID": "21344",
          "participantID": "25005",
          "utterance": "저는 미래를 생각하면서 설레는 것 같아요. 그래서 창업동아리에 관심이 있어요.",
          "summary": "나는 창업동아리에 가입했다.",
          "date": "2022-09-05",
          "time": "01:08:36",
          "terminate": "false"
        },
        {
          "speaker": "speaker1",
          "personaID": "20343",
          "participantID": "25095",
          "utterance": "저는 제 인생에서 할아버지와의 추억을 회상할 때가 가장 설레거든요, 창업동아리면 사업가가 꿈이신가요?",
          "summary": "나는 인생에서 가장 설레던 때는 할아버지와의 추억을 회상할 때이다.",
          "date": "2022-09-05",
          "time": "01:09:29",
          "terminate": "false"
        },
        {
          "speaker": "speaker2",
          "personaID": "21344",
          "participantID": "25005",
          "utterance": "네. 사업에 관심이 있어서 여러 정보를 얻고싶어요.",
          "summary": "나는 사업에 관심이 있다.",
          "date": "2022-09-05",
          "time": "01:10:17",
          "terminate": "false"
        },
        {
          "speaker": "speaker1",
          "personaID": "20343",
          "participantID": "25095",
          "utterance": "사업아이템 중 생각하신게 있으신가요?",
          "summary": "",
          "date": "2022-09-05",
          "time": "01:10:39",
          "terminate": "false"
        },
        {
          "speaker": "speaker2",
          "personaID": "21344",
          "participantID": "25005",
          "utterance": "전쟁 영화를 가끔 보는데 군용상품에 관심이 좀 있네요.",
          "summary": "나는 전쟁 영화를 가끔 본다.",
          "date": "2022-09-05",
          "time": "01:11:58",
          "terminate": "false"
        },
        {
          "speaker": "speaker1",
          "personaID": "20343",
          "participantID": "25095",
          "utterance": "남자들이라면 군용상품 한번쯤은 관심 갖는 것 같아요! 구체적으로 생각하셨나요?",
          "summary": "나는 남자들은 군용 상품에 관심이 있다고 생각한다.",
          "date": "2022-09-05",
          "time": "01:14:37",
          "terminate": "false"
        },
        {
          "speaker": "speaker2",
          "personaID": "21344",
          "participantID": "25005",
          "utterance": "아직은 생각하지 못했지만 차근차근 생각할 예정입니다.",
          "summary": "",
          "date": "2022-09-05",
          "time": "01:15:39",
          "terminate": "false"
        },
        {
          "speaker": "speaker1",
          "personaID": "20343",
          "participantID": "25095",
          "utterance": "그렇군요. 취미는 따로 있으세요? 저는 단소연주 배우고 있어요!",
          "summary": "나는 단소 연주를 배우고 있다.",
          "date": "2022-09-05",
          "time": "01:15:53",
          "terminate": "false"
        },
        {
          "speaker": "speaker2",
          "personaID": "21344",
          "participantID": "25005",
          "utterance": "저는 영화보는 취미 외에는 딱히 없는 것 같아요.",
          "summary": "",
          "date": "2022-09-05",
          "time": "01:16:31",
          "terminate": "false"
        },
        {
          "speaker": "speaker1",
          "personaID": "20343",
          "participantID": "25095",
          "utterance": "영화가 많아서 영화만 봐도 시간 금방 갈 것 같아요. 대구 사신다고 하셨는데 많이 더워요?",
          "summary": "나는 대구가 더운지 궁금하다.",
          "date": "2022-09-05",
          "time": "01:16:51",
          "terminate": "false"
        },
        {
          "speaker": "speaker2",
          "personaID": "21344",
          "participantID": "25005",
          "utterance": "네 대구가 진짜 덥긴 더워요. 계속 사는데도 적응이 안되네요.",
          "summary": "나는 대구가 덥다고 생각한다.",
          "date": "2022-09-05",
          "time": "01:17:28",
          "terminate": "false"
        },
        {
          "speaker": "speaker1",
          "personaID": "20343",
          "participantID": "25095",
          "utterance": "진짜 소문대로 더운가보네요. 영화관 가서 시원하게 영화보시면 좋을 것 같은데요?",
          "summary": "",
          "date": "2022-09-05",
          "time": "01:17:42",
          "terminate": "false"
        },
        {
          "speaker": "speaker2",
          "personaID": "21344",
          "participantID": "25005",
          "utterance": "맞아요 그래서 지금 영화보러 가려구요~",
          "summary": "",
          "date": "2022-09-05",
          "time": "01:17:49",
          "terminate": "false"
        },
        {
          "speaker": "speaker1",
          "personaID": "20343",
          "participantID": "25095",
          "utterance": "더울땐 시원한 영화관이 최고죠. 다녀와서 또 대화해요~",
          "summary": "",
          "date": "2022-09-05",
          "time": "01:18:25",
          "terminate": "false"
        },
        {
          "speaker": "speaker2",
          "personaID": "21344",
          "participantID": "25005",
          "utterance": "네 그래요, 다음에 또 대화해요~",
          "summary": "",
          "date": "2022-09-05",
          "time": "01:18:50",
          "terminate": "true"
        }
      ],
      "sessionPersonaSummary": {
        "speaker1": [
          "나는 20대 남자이다.",
          "나는 고양에서 거주한다.",
          "나는 인생에서 가장 설레던 때는 할아버지와의 추억을 회상할 때이다.",
          "나는 남자들은 군용 상품에 관심이 있다고 생각한다.",
          "나는 단소 연주를 배우고 있다.",
          "나는 대구가 더운지 궁금하다."
        ],
        "speaker2": [
          "나는 20대 남자이며 대구에 거주한다.",
          "나는 창업동아리에 가입했다.",
          "나는 사업에 관심이 있다.",
          "나는 전쟁 영화를 가끔 본다.",
          "나는 대구가 덥다고 생각한다."
        ]
      },
      "prevAggregatedpersonaSummary": {
        "speaker1": [],
        "speaker2": []
      }
    },
    {
      "prevSessionID": "2-00363-1",
      "prevTimeInfo": {
        "timeNum": "1",
        "timeUnit": "일"
      },
      "nthSession": "2",
      "numberOfUtterances": "18",
      "numberOfTurns": "9",
      "sessionID": "2-00363-2",
      "dialog": [
        {
          "speaker": "speaker1",
          "personaID": "20343",
          "participantID": "25095",
          "utterance": "뭐하고 계시나요? 혹시 사업아이템 중 군용품 어떤거 정하셨어요?",
          "summary": "",
          "date": "2022-09-05",
          "time": "01:19:31",
          "terminate": "false"
        },
        {
          "speaker": "speaker2",
          "personaID": "21344",
          "participantID": "25005",
          "utterance": "날씨와 맞진 않지만 깔깔이가 어떨까 싶더라구요.",
          "summary": "나는 사업 아이템으로 깔깔이를 생각한다.",
          "date": "2022-09-05",
          "time": "01:20:15",
          "terminate": "false"
        },
        {
          "speaker": "speaker1",
          "personaID": "20343",
          "participantID": "25095",
          "utterance": "깔깔이 좋죠! 겨울에 따뜻하고 군필자라면 다 좋아하지 않을까요?",
          "summary": "나는 군필자라면 깔깔이를 좋아한다고 생각한다.",
          "date": "2022-09-05",
          "time": "01:20:44",
          "terminate": "false"
        },
        {
          "speaker": "speaker2",
          "personaID": "21344",
          "participantID": "25005",
          "utterance": "추억도 있고 따뜻해서 다들 많이 찾는 것 같아서요.",
          "summary": "나는 깔깔이는 보온성이 좋다고 생각한다. 나는 깔깔이는 추억이 있다고 생각한다.",
          "date": "2022-09-05",
          "time": "01:21:19",
          "terminate": "false"
        },
        {
          "speaker": "speaker1",
          "personaID": "20343",
          "participantID": "25095",
          "utterance": "군대에서 파는 깔깔이랑 인터넷에서 파는거랑 좀 다르지 않나요?",
          "summary": "",
          "date": "2022-09-05",
          "time": "01:21:31",
          "terminate": "false"
        },
        {
          "speaker": "speaker2",
          "personaID": "21344",
          "participantID": "25005",
          "utterance": "똑같아요! 깔깔이는 단순해서 변하면 깔깔이가 아니죠!",
          "summary": "",
          "date": "2022-09-05",
          "time": "01:21:52",
          "terminate": "false"
        },
        {
          "speaker": "speaker1",
          "personaID": "20343",
          "participantID": "25095",
          "utterance": "깔깔이 색깔은 어떤거 생각하시나요?",
          "summary": "",
          "date": "2022-09-05",
          "time": "01:21:55",
          "terminate": "false"
        },
        {
          "speaker": "speaker2",
          "personaID": "21344",
          "participantID": "25005",
          "utterance": "기본적으로 군대있을땐 노란색이지만 사회나와서는 병장들이나 입던 검정색을 입으니 검정색이요.",
          "summary": "나는 검은색 깔깔이 판매 사업을 생각했다.",
          "date": "2022-09-05",
          "time": "01:22:35",
          "terminate": "false"
        },
        {
          "speaker": "speaker1",
          "personaID": "20343",
          "participantID": "25095",
          "utterance": "병장들은 깔깔이 색이 다른색이 나오는 건가요?",
          "summary": "",
          "date": "2022-09-05",
          "time": "01:22:32",
          "terminate": "false"
        },
        {
          "speaker": "speaker2",
          "personaID": "21344",
          "participantID": "25005",
          "utterance": "아니요, 보급으로는 노란색이 나오는데 짬이되면 사제품을 사오는거죠.",
          "summary": "",
          "date": "2022-09-05",
          "time": "01:23:10",
          "terminate": "false"
        },
        {
          "speaker": "speaker1",
          "personaID": "20343",
          "participantID": "25095",
          "utterance": "보급으로 나오는거랑 사는거랑 차이점이 있나요?",
          "summary": "",
          "date": "2022-09-05",
          "time": "01:23:36",
          "terminate": "false"
        },
        {
          "speaker": "speaker2",
          "personaID": "21344",
          "participantID": "25005",
          "utterance": "색만 틀려요, 나머지는 똑같아요!",
          "summary": "",
          "date": "2022-09-05",
          "time": "01:23:59",
          "terminate": "false"
        },
        {
          "speaker": "speaker1",
          "personaID": "20343",
          "participantID": "25095",
          "utterance": "지금도 깔깔이를 즐겨 입으시나요?",
          "summary": "",
          "date": "2022-09-05",
          "time": "01:24:12",
          "terminate": "false"
        },
        {
          "speaker": "speaker2",
          "personaID": "21344",
          "participantID": "25005",
          "utterance": "네, 편해서 잘 입어요. 맨몸에 입어도 옷위에 입어도 어색하지 않아요!",
          "summary": "나는 깔깔이가 어디에나 입어도 어색하지 않다고 생각한다.",
          "date": "2022-09-05",
          "time": "01:24:45",
          "terminate": "false"
        },
        {
          "speaker": "speaker1",
          "personaID": "20343",
          "participantID": "25095",
          "utterance": "두께가 얇아서 안에 입어도 편할 것 같긴 해요! 올해도 입으실거에요?",
          "summary": "",
          "date": "2022-09-05",
          "time": "01:25:07",
          "terminate": "false"
        },
        {
          "speaker": "speaker2",
          "personaID": "21344",
          "participantID": "25005",
          "utterance": "군대에서는 실제로 안에 내피처럼 입는 용도에요! 네 올해도 집에서는 입어야죠!",
          "summary": "",
          "date": "2022-09-05",
          "time": "01:25:39",
          "terminate": "false"
        },
        {
          "speaker": "speaker1",
          "personaID": "20343",
          "participantID": "25095",
          "utterance": "그렇군요. 사업 아이템으로 너무 좋은 것 같아요! 잘되시길 바랄게요!",
          "summary": "",
          "date": "2022-09-05",
          "time": "01:25:45",
          "terminate": "false"
        },
        {
          "speaker": "speaker2",
          "personaID": "21344",
          "participantID": "25005",
          "utterance": "네, 즐거운 대화였습니다. 추억도 회상하구요! 담에 또 뵙죠!",
          "summary": "",
          "date": "2022-09-05",
          "time": "01:26:09",
          "terminate": "true"
        }
      ],
      "sessionPersonaSummary": {
        "speaker1": [
          "나는 군필자라면 깔깔이를 좋아한다고 생각한다."
        ],
        "speaker2": [
          "나는 사업 아이템으로 깔깔이를 생각한다.",
          "나는 깔깔이는 보온성이 좋다고 생각한다. 나는 깔깔이는 추억이 있다고 생각한다.",
          "나는 검은색 깔깔이 판매 사업을 생각했다.",
          "나는 깔깔이가 어디에나 입어도 어색하지 않다고 생각한다."
        ]
      },
      "prevAggregatedpersonaSummary": {
        "speaker1": [
          "나는 20대 남자이다.",
          "나는 고양에서 거주한다.",
          "나는 인생에서 가장 설레던 때는 할아버지와의 추억을 회상할 때이다.",
          "나는 남자들은 군용 상품에 관심이 있다고 생각한다.",
          "나는 단소 연주를 배우고 있다.",
          "나는 대구가 더운지 궁금하다."
        ],
        "speaker2": [
          "나는 20대 남자이며 대구에 거주한다.",
          "나는 창업동아리에 가입했다.",
          "나는 사업에 관심이 있다.",
          "나는 전쟁 영화를 가끔 본다.",
          "나는 대구가 덥다고 생각한다."
        ]
      }
    }
  ]
}