{
  "FileInfo": {
    "filename": "K2-00382-CL40211-CP32108-09-01-S2.json",
    "sessionLevel": "2"
  },
  "participantsInfo": {
    "numberOfParticipants": "2",
    "speaker1": {
      "participantID": "9006",
      "gender": "남성",
      "age": "30대",
      "occupation": "기타",
      "bPlace": "서울/경기/인천",
      "gPlace": "서울/경기/인천",
      "rPlace": "서울/경기/인천",
      "educationLevel": "고졸"
    },
    "speaker2": {
      "participantID": "9033",
      "gender": "여성",
      "age": "20대",
      "occupation": "학생",
      "bPlace": "서울/경기/인천",
      "gPlace": "서울/경기/인천",
      "rPlace": "서울/경기/인천",
      "educationLevel": "고졸"
    }
  },
  "multisessionInfo": {
    "multisessionID": "2-00382"
  },
  "personaInfo": {
    "clInfo": {
      "personaID": "40211",
      "personaFeatures": [
        "나는 남자이다.",
        "나는 40대이다.",
        "나는 벤처기업 CEO이다 ",
        "나는 백화점에 가는 것을 싫어한다",
        "나는 트럼펫 연주를 가끔 한다"
      ],
      "speakerType": "speaker1"
    },
    "cpInfo": {
      "personaID": "32108",
      "personaFeatures": [
        "나는 여자이다.",
        "나는 30대이다.",
        "나는 직업이 없다",
        "나는 저녁에 걸레질을 한다",
        "나는 동화책을 가끔 읽는다"
      ],
      "speakerType": "speaker2"
    }
  },
  "topicInfo": {
    "topicID": "09-01",
    "topicType": "개인 및 관계>반려동물",
    "topicTitle": "강아지"
  },
  "sessionInfo": [
    {
      "prevSessionID": null,
      "prevTimeInfo": {
        "timeNum": null,
        "timeUnit": null
      },
      "nthSession": "1",
      "numberOfUtterances": "14",
      "numberOfTurns": "7",
      "sessionID": "2-00382-1",
      "dialog": [
        {
          "speaker": "speaker1",
          "personaID": "40211",
          "participantID": "9006",
          "utterance": "안녕하세요. 40대 남성입니다. 반갑습니다.",
          "summary": "나는 40대 남성이다.",
          "date": "2022-10-26",
          "time": "17:20:47",
          "terminate": "false"
        },
        {
          "speaker": "speaker2",
          "personaID": "32108",
          "participantID": "9033",
          "utterance": "안녕하세요! 저는 30대 여성이에요! 평상시에 일 하시죠? 무슨 일 하세요?",
          "summary": "나는 30대이다.\n나는 여자이다.",
          "date": "2022-10-26",
          "time": "17:22:45",
          "terminate": "false"
        },
        {
          "speaker": "speaker1",
          "personaID": "40211",
          "participantID": "9006",
          "utterance": "아, 저는 스타트업으로 작은 벤처기업 하나 운영하고 있습니다. 직장인이신가요?",
          "summary": "나는 스타트업으로 작은 벤처기업 하나 운영하고 있다",
          "date": "2022-10-26",
          "time": "17:25:40",
          "terminate": "false"
        },
        {
          "speaker": "speaker2",
          "personaID": "32108",
          "participantID": "9033",
          "utterance": "오 직접 운영하시는군요? 저는 지금 직업이 없이 쉬고 있어요ㅎㅎ 그래서 시간이 여유로워 저녁에는 걸레질을 해요",
          "summary": "나는 직업이 없다. 나는 저녁에 걸레질을 한다.",
          "date": "2022-10-26",
          "time": "17:27:57",
          "terminate": "false"
        },
        {
          "speaker": "speaker1",
          "personaID": "40211",
          "participantID": "9006",
          "utterance": "아, 그러시군요. 그러시면 혹시 따로 취미생활도 즐기고 계신가요? 저는 취미로 트럼펫을 배워서 가끔씩 연주해보고 있습니다.",
          "summary": "나는 취미로 트럼펫을 배워서 가끔씩 연주해보고 있다.",
          "date": "2022-10-26",
          "time": "17:30:14",
          "terminate": "false"
        },
        {
          "speaker": "speaker2",
          "personaID": "32108",
          "participantID": "9033",
          "utterance": "저는 새로운 것들을 도전해보려고 생각 중이에요! 아직은 쉬는 것에 집중해서 동화책읽기를 새로운 취미로 찾았네요 ㅎㅎ 멋진 취미를 갖고 계시네요! 어쩌다가 시작하게 되셨나요?",
          "summary": "나는 새로운 것에 도전하려 생각중이다.\n나는 동화책 읽기를 좋아한다.",
          "date": "2022-10-26",
          "time": "17:31:42",
          "terminate": "false"
        },
        {
          "speaker": "speaker1",
          "personaID": "40211",
          "participantID": "9006",
          "utterance": "고등학생 때 동아리로 처음 시작해서 지금까지 하고 있습니다. 동화책도 좋지요. 동화책은 주로 어디서 구매하십니까?",
          "summary": "나는 고등학생 때 동아리로 트럼펫을 시작해서 지금까지 하고 있다.",
          "date": "2022-10-26",
          "time": "17:33:52",
          "terminate": "false"
        },
        {
          "speaker": "speaker2",
          "personaID": "32108",
          "participantID": "9033",
          "utterance": "오래된 취미셨군요! 저는 한 가지 취미로 오래 가지 않는데 대단하세요~  동화책은 제 사촌 동생 집에 갔더니 있어서 하나씩 가져와서 읽고 있네요 ㅎㅎ",
          "summary": "",
          "date": "2022-10-26",
          "time": "17:36:17",
          "terminate": "false"
        },
        {
          "speaker": "speaker1",
          "personaID": "40211",
          "participantID": "9006",
          "utterance": "아, 그렇군요. 구매해서 모으시는 줄 알았습니다. 제가 서점에 가는 걸 좀 좋아하거든요. 백화점이나 큰 마트에 가는 건 싫어하는데 서점은 사람이 많아도 정적이라서 그런지 마음이 편안해지더군요.",
          "summary": "나는 서점은 사람이 많아도 정적이라서 마음이 편 안지해 져 서점에 가는 것을 좋아한다. 나는 백화점이나 큰 마트에 가는 것은 싫어한다.",
          "date": "2022-10-26",
          "time": "17:38:43",
          "terminate": "false"
        },
        {
          "speaker": "speaker2",
          "personaID": "32108",
          "participantID": "9033",
          "utterance": "확고한 취향이 있으시네요! 책도 좋아하세요 그러면?",
          "summary": "",
          "date": "2022-10-26",
          "time": "17:46:28",
          "terminate": "false"
        },
        {
          "speaker": "speaker1",
          "personaID": "40211",
          "participantID": "9006",
          "utterance": "네, 주로 소설책을 읽고 있습니다.",
          "summary": "나는 주로 소설책을 읽는다.",
          "date": "2022-10-26",
          "time": "17:46:49",
          "terminate": "false"
        },
        {
          "speaker": "speaker2",
          "personaID": "32108",
          "participantID": "9033",
          "utterance": "취미 생활을 할 시간을 확실하게 확보 해두시는군요? 저는 요새 시간이 많은데 무엇을 해야하나 고민중이었어요. 뭔가 시간을 의미있게 잘 사용할 방법이 있을까요?",
          "summary": "나는 요새 시간이 많아 무엇을 해야 하나 고민 중이다.",
          "date": "2022-10-26",
          "time": "17:48:11",
          "terminate": "false"
        },
        {
          "speaker": "speaker1",
          "personaID": "40211",
          "participantID": "9006",
          "utterance": "음, 글쎄요. 시간을 그냥 흘려보내는 것도 그것 나름대로의 즐거움과 아름다움이 있는 것 같습니다. 여유로움 그 자체를 즐기는 것도 좋다고 생각합니다.",
          "summary": "나는 시간을 흘려보내는 것도 그것 나름대로의 즐거움과 아름다움이 있다고 생각한다.",
          "date": "2022-10-26",
          "time": "17:49:37",
          "terminate": "false"
        },
        {
          "speaker": "speaker2",
          "personaID": "32108",
          "participantID": "9033",
          "utterance": "그런 시간이 꼭 필요한 것 같아요. 너무 열심히만 달릴 순 없는 것 같더라고요 저는 오늘 일정이 있어서 나가볼게요! 오늘 대화 즐거웠어요~",
          "summary": "",
          "date": "2022-10-28",
          "time": "09:54:18",
          "terminate": "true"
        }
      ],
      "sessionPersonaSummary": {
        "speaker1": [
          "나는 40대 남성이다.",
          "나는 스타트업으로 작은 벤처기업 하나 운영하고 있다",
          "나는 취미로 트럼펫을 배워서 가끔씩 연주해보고 있다.",
          "나는 고등학생 때 동아리로 트럼펫을 시작해서 지금까지 하고 있다.",
          "나는 서점은 사람이 많아도 정적이라서 마음이 편 안지해 져 서점에 가는 것을 좋아한다. 나는 백화점이나 큰 마트에 가는 것은 싫어한다.",
          "나는 주로 소설책을 읽는다.",
          "나는 시간을 흘려보내는 것도 그것 나름대로의 즐거움과 아름다움이 있다고 생각한다."
        ],
        "speaker2": [
          "나는 30대이다.\n나는 여자이다.",
          "나는 직업이 없다.",
          "나는 저녁에 걸레질을 한다.",
          "나는 새로운 것에 도전하려 생각중이다.\n나는 동화책 읽기를 좋아한다.",
          "나는 요새 시간이 많아 무엇을 해야 하나 고민 중이다."
        ]
      },
      "prevAggregatedpersonaSummary": {
        "speaker1": [],
        "speaker2": []
      }
    },
    {
      "prevSessionID": "2-00382-1",
      "prevTimeInfo": {
        "timeNum": "9",
        "timeUnit": "일"
      },
      "nthSession": "2",
      "numberOfUtterances": "14",
      "numberOfTurns": "7",
      "sessionID": "2-00382-2",
      "dialog": [
        {
          "speaker": "speaker1",
          "personaID": "40211",
          "participantID": "9006",
          "utterance": "안녕하세요, 9일 정도 지났나요? 시간 금방 흘러가네요.",
          "summary": "",
          "date": "2022-10-28",
          "time": "09:58:56",
          "terminate": "false"
        },
        {
          "speaker": "speaker2",
          "personaID": "32108",
          "participantID": "9033",
          "utterance": "갈수록 시간이 빨리가는 것 같아요. 잘지내셨어요? 혹시 동물 좋아하세요? 저는 요새 @홈페이지@로 동물 보는 것에 빠져있어요",
          "summary": " 나는 @홈페이지@로 동물을 보는 걸 좋아한다.",
          "date": "2022-10-28",
          "time": "10:02:34",
          "terminate": "false"
        },
        {
          "speaker": "speaker1",
          "personaID": "40211",
          "participantID": "9006",
          "utterance": "아 요즘 @홈페이지@에 동물 영상들 정말 귀여운 것 많죠. 귀여운 동물은 좋아하는데 지금은 키우고 있는 동물은 없습니다.",
          "summary": "나는 귀여운 동물은 좋아하는데 지금은 키우고 있는 동물은 없다.",
          "date": "2022-10-28",
          "time": "10:03:12",
          "terminate": "false"
        },
        {
          "speaker": "speaker2",
          "personaID": "32108",
          "participantID": "9033",
          "utterance": "어떤 동물 좋아하세요? 저는 강아지를 제일 좋아해요. 키우고 싶은데 키울 여건이 안돼서 못키우고 있네요ㅠ",
          "summary": "나는 강아지를 좋아한다. 나는 동물을 못 키우고 있다.",
          "date": "2022-10-28",
          "time": "10:04:28",
          "terminate": "false"
        },
        {
          "speaker": "speaker1",
          "personaID": "40211",
          "participantID": "9006",
          "utterance": "아무래도 강아지들 키우기가 쉽지 않죠. 저는 좀 작은 동물들 좋아합니다. 햄스터나 뭐 이런.",
          "summary": "나는 좀 작은 동물들을 좋아한다.",
          "date": "2022-10-28",
          "time": "10:05:05",
          "terminate": "false"
        },
        {
          "speaker": "speaker2",
          "personaID": "32108",
          "participantID": "9033",
          "utterance": "어렸을 때 키웠던 햄스터가 금방 죽어서 슬퍼했던 기억이 있네요.. 저는 그래도 동물은 키울 여건이 안되면 그것에 대한 책임을 갖고 안 키우는 것이 맞다고 생각해요. 유기동물들이 너무 많아서요",
          "summary": "나는 어릴 때 햄스터를 키웠다.",
          "date": "2022-10-28",
          "time": "10:06:52",
          "terminate": "false"
        },
        {
          "speaker": "speaker1",
          "personaID": "40211",
          "participantID": "9006",
          "utterance": "맞는 말입니다. 한국은 동물을 키우기가 너무 쉬워서 그만큼 쉽게 결정하고 버려버리는 것 같습니다. 사실 생명을 책임지고 키운다는 것이 얼마나 어려운 일입니까.",
          "summary": "",
          "date": "2022-10-28",
          "time": "10:11:55",
          "terminate": "false"
        },
        {
          "speaker": "speaker2",
          "personaID": "32108",
          "participantID": "9033",
          "utterance": "맞아요. 저는 개인적으로 우리나라도 칩이라던지 그 주인임을 증명할 수 있는 제도를 만들어야한다고 생각해요. 동물을 너무 쉽게 생각하는 것 같아요.",
          "summary": "",
          "date": "2022-10-28",
          "time": "10:17:00",
          "terminate": "false"
        },
        {
          "speaker": "speaker1",
          "personaID": "40211",
          "participantID": "9006",
          "utterance": "맞습니다. 그러다보니까 동물을 사고 파는 것에 대한 인식도 너무 가볍게 되어버린 것 같습니다.",
          "summary": "나는 동물을 사고파는 것에 대한 인식이 너무 가볍게 되어버린 것 같다고 생각한다.",
          "date": "2022-10-28",
          "time": "10:19:11",
          "terminate": "false"
        },
        {
          "speaker": "speaker2",
          "personaID": "32108",
          "participantID": "9033",
          "utterance": "얼마 전에 동물을 입양하고서 환불을 안 해준다고 데려갔던 새끼 강아지를 던진 사건에 대해서 아세요? 뉴스를 보았는데 너무 끔찍하더라고요ㅜㅜ 정말 작은 강아지를 던지다니 말이에요..",
          "summary": "",
          "date": "2022-10-28",
          "time": "10:20:47",
          "terminate": "false"
        },
        {
          "speaker": "speaker1",
          "personaID": "40211",
          "participantID": "9006",
          "utterance": "아이고, 그런 사건이 있었군요. 정말 큰일입니다. 생명경시 풍조가 점점 심해지는 것 같습니다. 동물을 악세서리 취급하는 것 같아요.",
          "summary": "나는 동물을 액세서리 취급하는 생명경시 풍조가 점점 심해진다고 생각한다.",
          "date": "2022-10-28",
          "time": "10:37:10",
          "terminate": "false"
        },
        {
          "speaker": "speaker2",
          "personaID": "32108",
          "participantID": "9033",
          "utterance": "그래도 최근엔 많이 사라지는 경향이긴 해서 다행이에요. 이젠 칩을 스스로 심는 사람들도 많아지고 있으니까요. 하지만 인식이 개선되려면 멀었네요..",
          "summary": "",
          "date": "2022-10-28",
          "time": "11:11:23",
          "terminate": "false"
        },
        {
          "speaker": "speaker1",
          "personaID": "40211",
          "participantID": "9006",
          "utterance": "네, 제도가 많이 개선되면 정말 좋겠습니다. 마음이 아프네요.",
          "summary": "나는 동물과 관련한 제도가 많이 개선되면 좋겠다. 나는 동물들이 버려지는 것에 대해서 마음이 아프다.",
          "date": "2022-10-28",
          "time": "11:12:02",
          "terminate": "false"
        },
        {
          "speaker": "speaker2",
          "personaID": "32108",
          "participantID": "9033",
          "utterance": "저도 많이 좋아지길 바라는 중이네요. 저는 오늘 일정이 있어서 대화 여기까지 할게요! 동화책 보려고요",
          "summary": "",
          "date": "2022-10-28",
          "time": "11:13:11",
          "terminate": "true"
        }
      ],
      "sessionPersonaSummary": {
        "speaker1": [
          "나는 귀여운 동물은 좋아하는데 지금은 키우고 있는 동물은 없다.",
          "나는 좀 작은 동물들을 좋아한다.",
          "나는 동물을 사고파는 것에 대한 인식이 너무 가볍게 되어버린 것 같다고 생각한다.",
          "나는 동물을 액세서리 취급하는 생명경시 풍조가 점점 심해진다고 생각한다.",
          "나는 동물과 관련한 제도가 많이 개선되면 좋겠다. 나는 동물들이 버려지는 것에 대해서 마음이 아프다."
        ],
        "speaker2": [
          "나는 @홈페이지@로 동물을 보는 걸 좋아한다.",
          "나는 강아지를 좋아한다.",
          "나는 동물을 못 키우고 있다.",
          "나는 어릴 때 햄스터를 키웠다."
        ]
      },
      "prevAggregatedpersonaSummary": {
        "speaker1": [
          "나는 40대 남성이다.",
          "나는 스타트업으로 작은 벤처기업 하나 운영하고 있다",
          "나는 취미로 트럼펫을 배워서 가끔씩 연주해보고 있다.",
          "나는 고등학생 때 동아리로 트럼펫을 시작해서 지금까지 하고 있다.",
          "나는 서점은 사람이 많아도 정적이라서 마음이 편 안지해 져 서점에 가는 것을 좋아한다. 나는 백화점이나 큰 마트에 가는 것은 싫어한다.",
          "나는 주로 소설책을 읽는다.",
          "나는 시간을 흘려보내는 것도 그것 나름대로의 즐거움과 아름다움이 있다고 생각한다."
        ],
        "speaker2": [
          "나는 30대이다.\n나는 여자이다.",
          "나는 직업이 없다.",
          "나는 저녁에 걸레질을 한다.",
          "나는 새로운 것에 도전하려 생각중이다.\n나는 동화책 읽기를 좋아한다.",
          "나는 요새 시간이 많아 무엇을 해야 하나 고민 중이다."
        ]
      }
    }
  ]
}