{
  "FileInfo": {
    "filename": "K2-00205-CL20528-CP51066-15-04-S2.json",
    "sessionLevel": "2"
  },
  "participantsInfo": {
    "numberOfParticipants": "2",
    "speaker1": {
      "participantID": "3342",
      "gender": "남성",
      "age": "20대",
      "occupation": "학생",
      "bPlace": "서울/경기/인천",
      "gPlace": "서울/경기/인천",
      "rPlace": "서울/경기/인천",
      "educationLevel": "고졸"
    },
    "speaker2": {
      "participantID": "3491",
      "gender": "남성",
      "age": "40대",
      "occupation": "자영업",
      "bPlace": "서울/경기/인천",
      "gPlace": "서울/경기/인천",
      "rPlace": "서울/경기/인천",
      "educationLevel": "대졸"
    }
  },
  "multisessionInfo": {
    "multisessionID": "2-00205"
  },
  "personaInfo": {
    "clInfo": {
      "personaID": "20528",
      "personaFeatures": [
        "나는 남자이다.",
        "나는 20대이다.",
        "나는 맛집 여행을 가끔 간다",
        "나는 대학생이다",
        "나는 달리기를 좋아한다"
      ],
      "speakerType": "speaker1"
    },
    "cpInfo": {
      "personaID": "51066",
      "personaFeatures": [
        "나는 남자이다.",
        "나는 50대이다.",
        "나는 의상 디자이너이다",
        "나는 아침에 오늘의 운세를 읽는다",
        "나는 소설을 좋아한다"
      ],
      "speakerType": "speaker2"
    }
  },
  "topicInfo": {
    "topicID": "15-04",
    "topicType": "시사/사회>타국가이슈(해외)",
    "topicTitle": "백신"
  },
  "sessionInfo": [
    {
      "prevSessionID": null,
      "prevTimeInfo": {
        "timeNum": null,
        "timeUnit": null
      },
      "nthSession": "1",
      "numberOfUtterances": "14",
      "numberOfTurns": "7",
      "sessionID": "2-00205-1",
      "dialog": [
        {
          "speaker": "speaker1",
          "personaID": "20528",
          "participantID": "3342",
          "utterance": "안녕하세요 20대 남자 입니다!",
          "summary": "나는 20대 남자이다.",
          "date": "2022-10-14",
          "time": "19:48:00",
          "terminate": "false"
        },
        {
          "speaker": "speaker2",
          "personaID": "51066",
          "participantID": "3491",
          "utterance": "안녕하세요.저는 50대 남자입니다.",
          "summary": "나는 50대 남자다",
          "date": "2022-10-14",
          "time": "19:48:46",
          "terminate": "false"
        },
        {
          "speaker": "speaker1",
          "personaID": "20528",
          "participantID": "3342",
          "utterance": "안녕하세요! 혹시 무슨 일을 하시는지 알 수 있을까요?",
          "summary": "",
          "date": "2022-10-14",
          "time": "19:50:09",
          "terminate": "false"
        },
        {
          "speaker": "speaker2",
          "personaID": "51066",
          "participantID": "3491",
          "utterance": "저는 의상디자이너 일을 하고 있습니다.",
          "summary": "나는 의상 디자이너이다",
          "date": "2022-10-14",
          "time": "19:51:24",
          "terminate": "false"
        },
        {
          "speaker": "speaker1",
          "personaID": "20528",
          "participantID": "3342",
          "utterance": "아하 너무 멋있는 직업이네요! 저는 아직 대학생입니다! 혹시 맛집 좋아하시나요?",
          "summary": "나는 대학생이다.",
          "date": "2022-10-14",
          "time": "19:51:59",
          "terminate": "false"
        },
        {
          "speaker": "speaker2",
          "personaID": "51066",
          "participantID": "3491",
          "utterance": "네 , 맛집 당연 좋아합니다.오늘도 맛집에서 점심을 먹었습니다.",
          "summary": "나는 점심에 맛집에서 밥을 먹었다",
          "date": "2022-10-14",
          "time": "19:54:24",
          "terminate": "false"
        },
        {
          "speaker": "speaker1",
          "personaID": "20528",
          "participantID": "3342",
          "utterance": "와 좋으셨겠어요 저는 맛집 여행을 가끔다닌답니다! 운동은 혹시 어떤 거 좋아하시나요?",
          "summary": "나는 맛집 여행을 가끔 간다.",
          "date": "2022-10-14",
          "time": "23:39:21",
          "terminate": "false"
        },
        {
          "speaker": "speaker2",
          "personaID": "51066",
          "participantID": "3491",
          "utterance": "저는 요즘 탁구를 새롭게 시작했습니다. 저는 아침마다 오늘의 운세를 읽는데 거기서 운동을 하라고 나와서요.",
          "summary": "나는 탁구를 시작했다 나는 아침에 오늘의 운세를 읽는다.",
          "date": "2022-10-14",
          "time": "23:50:44",
          "terminate": "false"
        },
        {
          "speaker": "speaker1",
          "personaID": "20528",
          "participantID": "3342",
          "utterance": "아하 그러시군요 저는 달리기를 좋아해서 그래서 항상 저녁에 집 주변을 뛰어다닌답니다!",
          "summary": "나는 달리기를 좋아한다.",
          "date": "2022-10-15",
          "time": "16:24:26",
          "terminate": "false"
        },
        {
          "speaker": "speaker2",
          "personaID": "51066",
          "participantID": "3491",
          "utterance": "활동적인 분이시네요.저는 약간  정적인 사람이라 소설 읽는 것을 좋아합니다. ",
          "summary": "나는 소설을 좋아한다",
          "date": "2022-10-16",
          "time": "01:17:30",
          "terminate": "false"
        },
        {
          "speaker": "speaker1",
          "personaID": "20528",
          "participantID": "3342",
          "utterance": "그러시군요 소설 참 멋진 취미네요 저는 아직 대학생이라 그런지 밖으로 다는 것을 좋아하는 것 같아요 여행도 좋아하고요 여행 좋아하시죠?",
          "summary": "나는 밖으로 다니는 것을 좋아한다.",
          "date": "2022-10-18",
          "time": "21:17:44",
          "terminate": "false"
        },
        {
          "speaker": "speaker2",
          "personaID": "51066",
          "participantID": "3491",
          "utterance": "네, 여행 좋아합니다. 곧 일본 여행을 앞두고 있습니다.",
          "summary": "나는 일본 여행을 앞두고 있다",
          "date": "2022-10-18",
          "time": "21:18:41",
          "terminate": "false"
        },
        {
          "speaker": "speaker1",
          "personaID": "20528",
          "participantID": "3342",
          "utterance": "와 정말 좋네요 저도 일본 여행을 준비중에 있어요 어쩌면 만날 수도 있겠네요 일본식 라멘을 좋아한답니다",
          "summary": "나는 일본 여행을 좋아한다.",
          "date": "2022-10-18",
          "time": "21:22:52",
          "terminate": "false"
        },
        {
          "speaker": "speaker2",
          "personaID": "51066",
          "participantID": "3491",
          "utterance": "여러가지 이야기를 나누다 보니 밤이 깊었네요. 다음에 또 얘기나누었으면 좋겠습니다.",
          "summary": "",
          "date": "2022-10-18",
          "time": "21:29:38",
          "terminate": "true"
        }
      ],
      "sessionPersonaSummary": {
        "speaker1": [
          "나는 20대 남자이다.",
          "나는 대학생이다.",
          "나는 맛집 여행을 가끔 간다.",
          "나는 달리기를 좋아한다.",
          "나는 밖으로 다니는 것을 좋아한다.",
          "나는 일본 여행을 좋아한다."
        ],
        "speaker2": [
          "나는 50대 남자다",
          "나는 의상 디자이너이다",
          "나는 점심에 맛집에서 밥을 먹었다",
          "나는 탁구를 시작했다 나는 아침에 오늘의 운세를 읽는다.",
          "나는 소설을 좋아한다",
          "나는 일본 여행을 앞두고 있다"
        ]
      },
      "prevAggregatedpersonaSummary": {
        "speaker1": [],
        "speaker2": []
      }
    },
    {
      "prevSessionID": "2-00205-1",
      "prevTimeInfo": {
        "timeNum": "2",
        "timeUnit": "일"
      },
      "nthSession": "2",
      "numberOfUtterances": "14",
      "numberOfTurns": "7",
      "sessionID": "2-00205-2",
      "dialog": [
        {
          "speaker": "speaker1",
          "personaID": "20528",
          "participantID": "3342",
          "utterance": "반가워요2일만에 연락드리죠? 날씨가 많이 추워졌네요 이제 정말 가을도 지나가나봐요",
          "summary": "",
          "date": "2022-10-19",
          "time": "03:28:32",
          "terminate": "false"
        },
        {
          "speaker": "speaker2",
          "personaID": "51066",
          "participantID": "3491",
          "utterance": "네, 혹시 독감백신 맞으셨나요? ",
          "summary": "",
          "date": "2022-10-19",
          "time": "15:19:20",
          "terminate": "false"
        },
        {
          "speaker": "speaker1",
          "personaID": "20528",
          "participantID": "3342",
          "utterance": "네 맞았어요 아직도 팔이 얼얼하네요 백신 맞으셨나요?",
          "summary": "나는 백신을 맞았다.",
          "date": "2022-10-19",
          "time": "16:25:13",
          "terminate": "false"
        },
        {
          "speaker": "speaker2",
          "personaID": "51066",
          "participantID": "3491",
          "utterance": "저는 독감백신을 맞지 않은지 6년가량 되었습니다.",
          "summary": "나는 독감을 안 맞은 지 6년이다",
          "date": "2022-10-19",
          "time": "17:01:33",
          "terminate": "false"
        },
        {
          "speaker": "speaker1",
          "personaID": "20528",
          "participantID": "3342",
          "utterance": "와 그러시군요 따로 이유가 있으신가요? 아니면 몸이 굉장히 튼튼하시다던가",
          "summary": "",
          "date": "2022-10-20",
          "time": "23:46:10",
          "terminate": "false"
        },
        {
          "speaker": "speaker2",
          "personaID": "51066",
          "participantID": "3491",
          "utterance": "아 ,백신 불신론자? 쪽에 가까워서 조심스러워서 그렇습니다.",
          "summary": "",
          "date": "2022-10-21",
          "time": "00:10:42",
          "terminate": "false"
        },
        {
          "speaker": "speaker1",
          "personaID": "20528",
          "participantID": "3342",
          "utterance": "아하 그러시군요 저도 사실 백신을 그렇게 신봉하지 않는 답니다 그저 사회가 필요하다고 하니 맞을 뿐이죠",
          "summary": "",
          "date": "2022-10-21",
          "time": "00:32:08",
          "terminate": "false"
        },
        {
          "speaker": "speaker2",
          "personaID": "51066",
          "participantID": "3491",
          "utterance": "옛날 읽은 책에서 면역은 '모두가 함께 가꾸는 정원이다.' 라는 구절을 읽었습니다. 그 책 저자는 백신 옹호론자 였나봅니다. 하지만 의사들 사이에도 나온지 한세기를 넘지 않은 백신에 관해서는 의견이 분분합니다.",
          "summary": "",
          "date": "2022-10-21",
          "time": "00:35:05",
          "terminate": "false"
        },
        {
          "speaker": "speaker1",
          "personaID": "20528",
          "participantID": "3342",
          "utterance": "맞아요 하지만 그렇게 따지기에는 너무 많은 것들을 못할 것 같은데요? 이를테면 신약들 대부분은 100년이 안넘었잖아요",
          "summary": "",
          "date": "2022-10-21",
          "time": "00:38:50",
          "terminate": "false"
        },
        {
          "speaker": "speaker2",
          "personaID": "51066",
          "participantID": "3491",
          "utterance": "네, 무조건 쓰지 말자는 것은 아니고 한 번쯤 의심? 검토는 해 보자는 것이죠. 위중한 병의 환자들 중에는 그 불안을 감수하고 쓰시는 분들도 계실거 같긴하네요. ",
          "summary": "",
          "date": "2022-10-21",
          "time": "08:23:53",
          "terminate": "false"
        },
        {
          "speaker": "speaker1",
          "personaID": "20528",
          "participantID": "3342",
          "utterance": "맞아요 그러면 너무 좋을 것 같아요 당장 급한 불 끄자고 너무 많은 리스크를 감당하는 것 같네요",
          "summary": "",
          "date": "2022-10-22",
          "time": "03:01:42",
          "terminate": "false"
        },
        {
          "speaker": "speaker2",
          "personaID": "51066",
          "participantID": "3491",
          "utterance": "오늘도 지인이 개인적으로 묻더라구요. 백신을 안 맞는 특별한 이유가 있는지를. 제가 생각하는 것을 말해 주니, 자기도 이제부터 맞더라도 한번은 생각해보고 맞겠다고 하더라구요.",
          "summary": "",
          "date": "2022-10-22",
          "time": "13:12:18",
          "terminate": "false"
        },
        {
          "speaker": "speaker1",
          "personaID": "20528",
          "participantID": "3342",
          "utterance": "맞아요 백신은 위험요소가 충분히 있으니깐요",
          "summary": "",
          "date": "2022-10-23",
          "time": "14:48:28",
          "terminate": "false"
        },
        {
          "speaker": "speaker2",
          "personaID": "51066",
          "participantID": "3491",
          "utterance": "ㅎ 제 개인적인 의견에 동조해 주셔서 감사해요.조심스러운 부분인데 즐겁게 대화 잘 했습니다. 안녕히 주무세요.^^",
          "summary": "",
          "date": "2022-10-23",
          "time": "21:20:19",
          "terminate": "true"
        }
      ],
      "sessionPersonaSummary": {
        "speaker1": [
          "나는 백신을 맞았다."
        ],
        "speaker2": [
          "나는 독감을 안 맞은 지 6년이다"
        ]
      },
      "prevAggregatedpersonaSummary": {
        "speaker1": [
          "나는 20대 남자이다.",
          "나는 대학생이다.",
          "나는 맛집 여행을 가끔 간다.",
          "나는 달리기를 좋아한다.",
          "나는 밖으로 다니는 것을 좋아한다.",
          "나는 일본 여행을 좋아한다."
        ],
        "speaker2": [
          "나는 50대 남자다",
          "나는 의상 디자이너이다",
          "나는 점심에 맛집에서 밥을 먹었다",
          "나는 탁구를 시작했다 나는 아침에 오늘의 운세를 읽는다.",
          "나는 소설을 좋아한다",
          "나는 일본 여행을 앞두고 있다"
        ]
      }
    }
  ]
}