{
  "FileInfo": {
    "filename": "K2-00330-CL33827-CP33938-12-01-S2.json",
    "sessionLevel": "2"
  },
  "participantsInfo": {
    "numberOfParticipants": "2",
    "speaker1": {
      "participantID": "2093",
      "gender": "여성",
      "age": "30대",
      "occupation": "무직",
      "bPlace": "대전/세종/충청/강원",
      "gPlace": "대전/세종/충청/강원",
      "rPlace": "대전/세종/충청/강원",
      "educationLevel": "대졸"
    },
    "speaker2": {
      "participantID": "2115",
      "gender": "여성",
      "age": "30대",
      "occupation": "기능직",
      "bPlace": "서울/경기/인천",
      "gPlace": "서울/경기/인천",
      "rPlace": "서울/경기/인천",
      "educationLevel": "대졸"
    }
  },
  "multisessionInfo": {
    "multisessionID": "2-00330"
  },
  "personaInfo": {
    "clInfo": {
      "personaID": "33827",
      "personaFeatures": [
        "나는 여자이다.",
        "나는 30대이다.",
        "나는 발라드 음악을 가끔 듣는다.",
        "나는 이탈리아에 가 보고 싶다.",
        "나는 다소 게으르다.",
        "나는 가족과 데면데면하다."
      ],
      "speakerType": "speaker1"
    },
    "cpInfo": {
      "personaID": "33938",
      "personaFeatures": [
        "나는 여자이다.",
        "나는 30대이다.",
        "나는 보라색을 좋아한다.",
        "나는 분장사이다.",
        "나는 자주 남의 시선이 의식된다.",
        "나는 햄스터 두 마리를 키운다."
      ],
      "speakerType": "speaker2"
    }
  },
  "topicInfo": {
    "topicID": "12-01",
    "topicType": "여가와 오락>여행",
    "topicTitle": "휴양지"
  },
  "sessionInfo": [
    {
      "prevSessionID": null,
      "prevTimeInfo": {
        "timeNum": null,
        "timeUnit": null
      },
      "nthSession": "1",
      "numberOfUtterances": "18",
      "numberOfTurns": "9",
      "sessionID": "2-00330-1",
      "dialog": [
        {
          "speaker": "speaker1",
          "personaID": "33827",
          "participantID": "2093",
          "utterance": "반가워요~ 저는 30대 여자입니다!",
          "summary": "나는 30대 여자이다.",
          "date": "2022-10-16",
          "time": "14:30:05",
          "terminate": "false"
        },
        {
          "speaker": "speaker2",
          "personaID": "33938",
          "participantID": "2115",
          "utterance": "안녕하세요 저도 30대 여자인 분장사입니다~!",
          "summary": "나는 30대 여자이다. 나는 분장사이다.",
          "date": "2022-10-16",
          "time": "14:30:16",
          "terminate": "false"
        },
        {
          "speaker": "speaker1",
          "personaID": "33827",
          "participantID": "2093",
          "utterance": "님은 뭐하고 계셨어요? 저는 음악 듣고 있었어요~ 제가 발라드 음악을 가끔 듣거든요!",
          "summary": "나는 발라드 음악을 가끔 듣는다. 나는 음악을 듣고 있다.",
          "date": "2022-10-16",
          "time": "14:30:26",
          "terminate": "false"
        },
        {
          "speaker": "speaker2",
          "personaID": "33938",
          "participantID": "2115",
          "utterance": "저는 햄스터 밥 주고 있었어요! 두마리나 키우거든요 ㅎㅎ.",
          "summary": "나는 햄스터 두 마리를 키운다. 나는 햄스터 밥을 주고 있다.",
          "date": "2022-10-16",
          "time": "14:30:40",
          "terminate": "false"
        },
        {
          "speaker": "speaker1",
          "personaID": "33827",
          "participantID": "2093",
          "utterance": "햄스터 귀엽겠네요 ㅎㅎ 저는 다소 게을러서 반려동물은 못키워요 ㅋㅋ 님은 취미활동 있어요?",
          "summary": "나는 다소 게으르다. 나는 반려동물을 키우지 않는다.",
          "date": "2022-10-16",
          "time": "14:30:54",
          "terminate": "false"
        },
        {
          "speaker": "speaker2",
          "personaID": "33938",
          "participantID": "2115",
          "utterance": "저는 여행다니는거 좋아해요! 남의 시선이 의식되서 주로 해외여행을 갑니다 ㅎㅎ.",
          "summary": "나는 자주 남의 시선이 의식된다. 나는 주로 해외여행을 간다.",
          "date": "2022-10-16",
          "time": "14:31:17",
          "terminate": "false"
        },
        {
          "speaker": "speaker1",
          "personaID": "33827",
          "participantID": "2093",
          "utterance": "그렇구나~ 저도 여행 좋아해요! 요즘엔 이탈리아에 가 보고 싶네요ㅠ 님은 가고싶은 곳 있어요?",
          "summary": "나는 이탈리아에 가 보고 싶다. 나는 여행을 좋아한다.",
          "date": "2022-10-16",
          "time": "14:31:35",
          "terminate": "false"
        },
        {
          "speaker": "speaker2",
          "personaID": "33938",
          "participantID": "2115",
          "utterance": "저는 프랑스에 한 번 가보고 싶네요 ㅋㅋ.",
          "summary": "나는 프랑스에 가 보고 싶다.",
          "date": "2022-10-16",
          "time": "14:31:57",
          "terminate": "false"
        },
        {
          "speaker": "speaker1",
          "personaID": "33827",
          "participantID": "2093",
          "utterance": "오 프랑스는 왜 가보고 싶으신거에요?",
          "summary": "",
          "date": "2022-10-16",
          "time": "14:32:06",
          "terminate": "false"
        },
        {
          "speaker": "speaker2",
          "personaID": "33938",
          "participantID": "2115",
          "utterance": "프랑스에만 있는 옷 브랜드가 있는데 이번에 보라색으로 시즌을 열었더라구요~! 제가 보라색을 좋아하거든요!",
          "summary": "나는 보라색을 좋아한다.",
          "date": "2022-10-16",
          "time": "14:32:37",
          "terminate": "false"
        },
        {
          "speaker": "speaker1",
          "personaID": "33827",
          "participantID": "2093",
          "utterance": "좋네요 ㅎㅎ 님은 보통 여행 누구랑 가요? 저는 가족과 데면데면해서 친구랑 주로가요!",
          "summary": "나는 가족과 데면데면하다. 나는 주로 친구와 여행을 간다.",
          "date": "2022-10-16",
          "time": "14:32:40",
          "terminate": "false"
        },
        {
          "speaker": "speaker2",
          "personaID": "33938",
          "participantID": "2115",
          "utterance": "저도 주로 친구랑 가요 ㅋㅋ 가족들이랑은 왜 사이가 안좋으세요?",
          "summary": "나는 주로 친구와 여행을 간다.",
          "date": "2022-10-16",
          "time": "14:33:08",
          "terminate": "false"
        },
        {
          "speaker": "speaker1",
          "personaID": "33827",
          "participantID": "2093",
          "utterance": "제가 어릴떄 부터 독립을 해서 그런가 데면데면해요 ㅋㅋ 님은 가족이랑 같이 살아요?",
          "summary": "나는 어릴 때 독립했다.",
          "date": "2022-10-16",
          "time": "14:33:20",
          "terminate": "false"
        },
        {
          "speaker": "speaker2",
          "personaID": "33938",
          "participantID": "2115",
          "utterance": "네 부모님이랑 같이 살아요 ㅋㅋ 저도 독립하고 싶긴 하네요 ㅠ.",
          "summary": "나는 부모님과 같이 산다. 나는 독립하고 싶다.",
          "date": "2022-10-16",
          "time": "14:33:53",
          "terminate": "false"
        },
        {
          "speaker": "speaker1",
          "personaID": "33827",
          "participantID": "2093",
          "utterance": "오 독립계획은 있으신거에요?? 독립 나름 좋아요! ㅎㅎ.",
          "summary": "",
          "date": "2022-10-16",
          "time": "14:34:01",
          "terminate": "false"
        },
        {
          "speaker": "speaker2",
          "personaID": "33938",
          "participantID": "2115",
          "utterance": "한 3년 후로 잡고 있어요! 자금을 아직 못 모아서요 ㅎㅎ.",
          "summary": "나는 3년 후 독립할 계획이 있다. 나는 독립할 자금이 없다.",
          "date": "2022-10-16",
          "time": "14:34:21",
          "terminate": "false"
        },
        {
          "speaker": "speaker1",
          "personaID": "33827",
          "participantID": "2093",
          "utterance": "독립하면 돈이 많이 들긴하죠ㅠㅠ 아 저는 오늘 약속이 있어서 나중에 다시 연락드릴께요!",
          "summary": "나는 약속이 있다.",
          "date": "2022-10-16",
          "time": "14:34:37",
          "terminate": "false"
        },
        {
          "speaker": "speaker2",
          "personaID": "33938",
          "participantID": "2115",
          "utterance": "네 약속 잘 다녀오세요~~ 저도 나가봐야겠네요~",
          "summary": "",
          "date": "2022-10-16",
          "time": "14:35:01",
          "terminate": "true"
        }
      ],
      "sessionPersonaSummary": {
        "speaker1": [
          "나는 30대 여자이다.",
          "나는 발라드 음악을 가끔 듣는다. 나는 음악을 듣고 있다.",
          "나는 다소 게으르다. 나는 반려동물을 키우지 않는다.",
          "나는 이탈리아에 가 보고 싶다. 나는 여행을 좋아한다.",
          "나는 가족과 데면데면하다. 나는 주로 친구와 여행을 간다.",
          "나는 어릴 때 독립했다.",
          "나는 약속이 있다."
        ],
        "speaker2": [
          "나는 30대 여자이다. 나는 분장사이다.",
          "나는 햄스터 두 마리를 키운다. 나는 햄스터 밥을 주고 있다.",
          "나는 자주 남의 시선이 의식된다. 나는 주로 해외여행을 간다.",
          "나는 프랑스에 가 보고 싶다.",
          "나는 보라색을 좋아한다.",
          "나는 주로 친구와 여행을 간다.",
          "나는 부모님과 같이 산다. 나는 독립하고 싶다.",
          "나는 3년 후 독립할 계획이 있다. 나는 독립할 자금이 없다."
        ]
      },
      "prevAggregatedpersonaSummary": {
        "speaker1": [],
        "speaker2": []
      }
    },
    {
      "prevSessionID": "2-00330-1",
      "prevTimeInfo": {
        "timeNum": "1",
        "timeUnit": "일"
      },
      "nthSession": "2",
      "numberOfUtterances": "18",
      "numberOfTurns": "9",
      "sessionID": "2-00330-2",
      "dialog": [
        {
          "speaker": "speaker1",
          "personaID": "33827",
          "participantID": "2093",
          "utterance": "어제 친구들 만나서 정신이 없었네요 ㅎㅎ 님은 어제 뭐하셨어요?",
          "summary": "나는 어제 친구를 만났다.",
          "date": "2022-10-16",
          "time": "14:35:07",
          "terminate": "false"
        },
        {
          "speaker": "speaker2",
          "personaID": "33938",
          "participantID": "2115",
          "utterance": "저도 친구들이랑 카페 갔다 왔어요 ㅋㅋ 님은 어디 가셨어요?",
          "summary": "나는 어제 친구와 카페에 갔다.",
          "date": "2022-10-16",
          "time": "14:35:20",
          "terminate": "false"
        },
        {
          "speaker": "speaker1",
          "personaID": "33827",
          "participantID": "2093",
          "utterance": "저도 카페갔어요! 이번에 여름휴가 어디갈지 계획을 세웠거든요! ㅎㅎ 님은 휴가 다녀오셨어요?",
          "summary": "나는 친구와 카페에 갔다. 나는 어제 여행 계획을 세웠다.",
          "date": "2022-10-16",
          "time": "14:35:34",
          "terminate": "false"
        },
        {
          "speaker": "speaker2",
          "personaID": "33938",
          "participantID": "2115",
          "utterance": "아뇨 이번 년엔 아직 안갔어요! 님은 어디로 가실 계획이에요?",
          "summary": "나는 이번 년 휴가를 안 갔다.",
          "date": "2022-10-16",
          "time": "14:35:48",
          "terminate": "false"
        },
        {
          "speaker": "speaker1",
          "personaID": "33827",
          "participantID": "2093",
          "utterance": "제가 휴양지를 좋아해서 괌으로 가볼 생각이에요! 님은요?",
          "summary": "나는 휴양지를 좋아한다. 나는 괌으로 여행을 갈 계획이다.",
          "date": "2022-10-16",
          "time": "14:35:59",
          "terminate": "false"
        },
        {
          "speaker": "speaker2",
          "personaID": "33938",
          "participantID": "2115",
          "utterance": "저도 휴양지 좋아해요! 저는 세부로 가려구요 ㅋㅋ 괌은 한 번도 안가봤네요.",
          "summary": "나는 휴양지를 좋아한다. 나는 세부에 갈 것이다. 나는 괌에 한 번도 안 가봤다.",
          "date": "2022-10-16",
          "time": "14:36:22",
          "terminate": "false"
        },
        {
          "speaker": "speaker1",
          "personaID": "33827",
          "participantID": "2093",
          "utterance": "저도요~ 근데 주위에서 괌 좋다고 해서 가봅니다 ㅋㅋ 님은 휴양지 자주가요?",
          "summary": "나는 괌을 가본 적 없다.",
          "date": "2022-10-16",
          "time": "14:36:43",
          "terminate": "false"
        },
        {
          "speaker": "speaker2",
          "personaID": "33938",
          "participantID": "2115",
          "utterance": "네 제가 힐링여행을 좋아해서요 ㅋㅋ 그리고 물놀이를 좋아해서 동남아를 자주 가요!",
          "summary": "나는 힐링여행을 좋아한다. 나는 물놀이를 좋아한다.",
          "date": "2022-10-16",
          "time": "14:36:59",
          "terminate": "false"
        },
        {
          "speaker": "speaker1",
          "personaID": "33827",
          "participantID": "2093",
          "utterance": "물놀이 저도 좋아해요! 그럼 님은 마사지 같은것도 좋아하시나요?",
          "summary": "나는 물놀이를 좋아한다.",
          "date": "2022-10-16",
          "time": "14:37:14",
          "terminate": "false"
        },
        {
          "speaker": "speaker2",
          "personaID": "33938",
          "participantID": "2115",
          "utterance": "마사지 완전 좋아하죠~ 님은 괌가서 스포츠카도 빌리실거에요?",
          "summary": "나는 마사지를 좋아한다.",
          "date": "2022-10-16",
          "time": "14:37:31",
          "terminate": "false"
        },
        {
          "speaker": "speaker1",
          "personaID": "33827",
          "participantID": "2093",
          "utterance": "음 그럴 것 같아요! ㅎㅎ 님은 음식같은거 가리는건 없어요?",
          "summary": "나는 스포츠카를 빌릴 계획이다.",
          "date": "2022-10-16",
          "time": "14:37:58",
          "terminate": "false"
        },
        {
          "speaker": "speaker2",
          "personaID": "33938",
          "participantID": "2115",
          "utterance": "저는 향신료 강한 걸 못 먹어요! 님은요?",
          "summary": "나는 향신료가 강한 음식을 못 먹는다.",
          "date": "2022-10-16",
          "time": "14:38:08",
          "terminate": "false"
        },
        {
          "speaker": "speaker1",
          "personaID": "33827",
          "participantID": "2093",
          "utterance": "저는 음식 가리는거 없어요! 그래서 여행가서 먹을 걱정은 안합니다 ㅎㅎ 님은 여행계획 세우셨어요?",
          "summary": "나는 가리는 음식이 없다.",
          "date": "2022-10-16",
          "time": "14:38:21",
          "terminate": "false"
        },
        {
          "speaker": "speaker2",
          "personaID": "33938",
          "participantID": "2115",
          "utterance": "아직 안 세웠어요 ㅋㅋ 님은 여행 계획 다 세우셨어요?",
          "summary": "나는 여행 계획을 아직 안 세웠다.",
          "date": "2022-10-16",
          "time": "14:38:35",
          "terminate": "false"
        },
        {
          "speaker": "speaker1",
          "personaID": "33827",
          "participantID": "2093",
          "utterance": "거의 다 세웠어요! 비행기 예약도 했답니다~ 님은 언제가실 계획이에요?",
          "summary": "나는 비행기 예약을 했다.",
          "date": "2022-10-16",
          "time": "14:38:42",
          "terminate": "false"
        },
        {
          "speaker": "speaker2",
          "personaID": "33938",
          "participantID": "2115",
          "utterance": "음 한 세 달 후에 갈것같아요! 아직 멀었어요 ㅋㅋ.",
          "summary": "나는 세 달 후 휴가를 갈 것이다.",
          "date": "2022-10-16",
          "time": "14:38:54",
          "terminate": "false"
        },
        {
          "speaker": "speaker1",
          "personaID": "33827",
          "participantID": "2093",
          "utterance": "요즘 여름휴가 시즌이라서 그런지 비행기값이 많이 비싸더라고요ㅠㅠ 빨리 계획잡고 예약하는걸 추천해요!",
          "summary": "나는 비행기표를 미리 예약하는 걸 추천한다.",
          "date": "2022-10-16",
          "time": "14:39:12",
          "terminate": "false"
        },
        {
          "speaker": "speaker2",
          "personaID": "33938",
          "participantID": "2115",
          "utterance": "네 저도 얼른 친구랑 여행 계획 잡아야겠어요~!",
          "summary": "나는 친구와 여행 계획을 세울 것이다.",
          "date": "2022-10-16",
          "time": "14:39:23",
          "terminate": "true"
        }
      ],
      "sessionPersonaSummary": {
        "speaker1": [
          "나는 어제 친구를 만났다.",
          "나는 친구와 카페에 갔다. 나는 어제 여행 계획을 세웠다.",
          "나는 휴양지를 좋아한다. 나는 괌으로 여행을 갈 계획이다.",
          "나는 괌을 가본 적 없다.",
          "나는 물놀이를 좋아한다.",
          "나는 스포츠카를 빌릴 계획이다.",
          "나는 가리는 음식이 없다.",
          "나는 비행기 예약을 했다.",
          "나는 비행기표를 미리 예약하는 걸 추천한다."
        ],
        "speaker2": [
          "나는 어제 친구와 카페에 갔다.",
          "나는 이번 년 휴가를 안 갔다.",
          "나는 휴양지를 좋아한다. 나는 세부에 갈 것이다. 나는 괌에 한 번도 안 가봤다.",
          "나는 힐링여행을 좋아한다. 나는 물놀이를 좋아한다.",
          "나는 마사지를 좋아한다.",
          "나는 향신료가 강한 음식을 못 먹는다.",
          "나는 여행 계획을 아직 안 세웠다.",
          "나는 세 달 후 휴가를 갈 것이다.",
          "나는 친구와 여행 계획을 세울 것이다."
        ]
      },
      "prevAggregatedpersonaSummary": {
        "speaker1": [
          "나는 30대 여자이다.",
          "나는 발라드 음악을 가끔 듣는다. 나는 음악을 듣고 있다.",
          "나는 다소 게으르다. 나는 반려동물을 키우지 않는다.",
          "나는 이탈리아에 가 보고 싶다. 나는 여행을 좋아한다.",
          "나는 가족과 데면데면하다. 나는 주로 친구와 여행을 간다.",
          "나는 어릴 때 독립했다.",
          "나는 약속이 있다."
        ],
        "speaker2": [
          "나는 30대 여자이다. 나는 분장사이다.",
          "나는 햄스터 두 마리를 키운다. 나는 햄스터 밥을 주고 있다.",
          "나는 자주 남의 시선이 의식된다. 나는 주로 해외여행을 간다.",
          "나는 프랑스에 가 보고 싶다.",
          "나는 보라색을 좋아한다.",
          "나는 주로 친구와 여행을 간다.",
          "나는 부모님과 같이 산다. 나는 독립하고 싶다.",
          "나는 3년 후 독립할 계획이 있다. 나는 독립할 자금이 없다."
        ]
      }
    }
  ]
}