{
  "FileInfo": {
    "filename": "K2-00289-CL35041-CP25621-05-02-S2.json",
    "sessionLevel": "2"
  },
  "participantsInfo": {
    "numberOfParticipants": "2",
    "speaker1": {
      "participantID": "0214",
      "gender": "여성",
      "age": "20대",
      "occupation": "무직",
      "bPlace": "광주/전라/제주",
      "gPlace": "광주/전라/제주",
      "rPlace": "광주/전라/제주",
      "educationLevel": "고졸"
    },
    "speaker2": {
      "participantID": "0169",
      "gender": "남성",
      "age": "20대",
      "occupation": "무직",
      "bPlace": "서울/경기/인천",
      "gPlace": "서울/경기/인천",
      "rPlace": "서울/경기/인천",
      "educationLevel": "고졸"
    }
  },
  "multisessionInfo": {
    "multisessionID": "2-00289"
  },
  "personaInfo": {
    "clInfo": {
      "personaID": "35041",
      "personaFeatures": [
        "나는 여자이다.",
        "나는 30대이다.",
        "나는 거북이 한 마리를 키운다",
        "나는 일주일에 한두 번 지하철로 출퇴근한다",
        "나는 백화점에 가는 것을 좋아한다",
        "나는 20년 후 배우자와 행복하게 사는 것이 목표이다",
        "나는 시원한 날씨를 좋아한다"
      ],
      "speakerType": "speaker1"
    },
    "cpInfo": {
      "personaID": "25621",
      "personaFeatures": [
        "나는 남자이다.",
        "나는 20대이다.",
        "나는 대학생이다",
        "나는 방송 크리에이터 동아리에 관심 없다",
        "나의 여자 형제는 변호사이다",
        "나는 아이스 카페모카를 자주 마신다",
        "나는 매우 사교적이다"
      ],
      "speakerType": "speaker2"
    }
  },
  "topicInfo": {
    "topicID": "05-02",
    "topicType": "일과 직업>군대",
    "topicTitle": "복무 기간"
  },
  "sessionInfo": [
    {
      "prevSessionID": null,
      "prevTimeInfo": {
        "timeNum": null,
        "timeUnit": null
      },
      "nthSession": "1",
      "numberOfUtterances": "15",
      "numberOfTurns": "7",
      "sessionID": "2-00289-1",
      "dialog": [
        {
          "speaker": "speaker1",
          "personaID": "35041",
          "participantID": "0214",
          "utterance": "안녕하세요! 저는 30대 여자예요~!",
          "summary": "나는 30대 여자이다.",
          "date": "2022-11-07",
          "time": "13:01:50",
          "terminate": "false"
        },
        {
          "speaker": "speaker2",
          "personaID": "25621",
          "participantID": "0169",
          "utterance": "안녕하세요! 저는 20대 남자에요! 잘 부탁드려요!",
          "summary": "나는 20대 남자이다.",
          "date": "2022-11-07",
          "time": "13:02:24",
          "terminate": "false"
        },
        {
          "speaker": "speaker1",
          "personaID": "35041",
          "participantID": "0214",
          "utterance": "반가워요~! ㅎㅎ요즘 날씨 넘 추워지지 않았나요? 저는 시원한 날씨 좋아하는데 흑흑 ㅠ",
          "summary": "나는 시원한 날씨를 좋아한다.",
          "date": "2022-11-07",
          "time": "13:02:58",
          "terminate": "false"
        },
        {
          "speaker": "speaker2",
          "personaID": "25621",
          "participantID": "0169",
          "utterance": "그러니까요. 그래서 매우 사교적인 제가 밖에서 제대로 놀지도 못하고 카페에서 아이스 카페모카나 자주 마시게 되는 거 아니에요! 날씨가 빨리 풀어졌으면 좋겠네요.",
          "summary": "나는 매우 사교적이다. 나는 아이스 카페모카를 자주 마신다.",
          "date": "2022-11-07",
          "time": "13:03:33",
          "terminate": "false"
        },
        {
          "speaker": "speaker1",
          "personaID": "35041",
          "participantID": "0214",
          "utterance": "아하하 매우 사교적이시구나~~성격이 너무 좋으실 거 같아요! 요즘 추워 죽겠는데 일주일에 한두번 지하철로 출퇴근하려니까 힘들어죽겠어요ㅠㅠ",
          "summary": "나는 일주일에 한두 번 지하철로 출퇴근한다.",
          "date": "2022-11-07",
          "time": "13:04:36",
          "terminate": "false"
        },
        {
          "speaker": "speaker2",
          "personaID": "25621",
          "participantID": "0169",
          "utterance": "ㅋㅋ 저는 변호사인 누나가 저한테 자동차를 사줘서 그 걱정은 없네요. 덕분에 대학생인데 아주 편하게 통학하고 있어요.",
          "summary": "나의 누나는 변호사이다. 나는 대학생이다.",
          "date": "2022-11-07",
          "time": "13:05:10",
          "terminate": "false"
        },
        {
          "speaker": "speaker1",
          "personaID": "35041",
          "participantID": "0214",
          "utterance": "와 대박 너무 부러워요~~저도 그런 언니 있으면 참 좋겠는데 말이죠^^ㅋㅋ제가 또 백화점 가는 걸 좋아하는데 누가 좀 태워다 주면 좋겠어요 주차난 너무 싫네요ㅠㅠ",
          "summary": "나는 백화점 가는 걸 좋아한다. 나는 누가 나를 태워줬으면 좋겠다. 나는 주차난 이 싫다.",
          "date": "2022-11-07",
          "time": "13:05:59",
          "terminate": "false"
        },
        {
          "speaker": "speaker2",
          "personaID": "25621",
          "participantID": "0169",
          "utterance": "ㅋㅋ 단점은 있어요. 제가 금수저인걸 알고, 친구 놈이 있는 방송 크리에이터 동아리에서 자꾸 저한테 들러붙어요. 저는 거기에 관심도 없는데 말이죠.",
          "summary": "나는 방송 크리에이터 동아리에 관심이 없다.",
          "date": "2022-11-07",
          "time": "13:07:03",
          "terminate": "false"
        },
        {
          "speaker": "speaker1",
          "personaID": "35041",
          "participantID": "0214",
          "utterance": "아핰핰ㅋㅋ증말 그것도 친구라구~~인생이 귀찮으시겠어요! 금수저인 걸 숨겨 보시지..숨겨도 태가 철철 나나요??ㅋㅋㅎ",
          "summary": "",
          "date": "2022-11-07",
          "time": "13:07:56",
          "terminate": "false"
        },
        {
          "speaker": "speaker2",
          "personaID": "25621",
          "participantID": "0169",
          "utterance": "귀찮다 못해 짜증나죠. 뭔 저딴 놈이 다 있나 하는 생각 마저도 드네요.",
          "summary": "",
          "date": "2022-11-07",
          "time": "13:08:16",
          "terminate": "false"
        },
        {
          "speaker": "speaker1",
          "personaID": "35041",
          "participantID": "0214",
          "utterance": "그니까요 그러실 거 같아요! 혹시 반려동물은 안키우세요~? 저는 거북이 한 마리 키우는데 ㅋㅋ너무 귀엽거든요ㅠㅠ",
          "summary": "나는 거북이 한 마리를 키운다.",
          "date": "2022-11-07",
          "time": "13:09:30",
          "terminate": "false"
        },
        {
          "speaker": "speaker2",
          "personaID": "25621",
          "participantID": "0169",
          "utterance": "아니요 ㅠㅜ. 제가 자취하는 원룸이 반려동물 금지인 곳이라서요. 그래서 못키우고 있네요.",
          "summary": "나의 원룸은 반려동물 키우는 것이 금지돼 있다.",
          "date": "2022-11-07",
          "time": "13:10:22",
          "terminate": "false"
        },
        {
          "speaker": "speaker1",
          "personaID": "35041",
          "participantID": "0214",
          "utterance": "앗 그렇구나~~저는 반려동물 좋아하는 배우자랑 20년 후 행복하게 사는 게 목표예요>_< 너무 티엠아이져?ㅋㅋㅋ",
          "summary": "나는 반려동물 좋아하는 배우자와 20년 후 행복하게 하는 것이 목표이다.",
          "date": "2022-11-07",
          "time": "13:11:02",
          "terminate": "false"
        },
        {
          "speaker": "speaker2",
          "personaID": "25621",
          "participantID": "0169",
          "utterance": "네 조금요... 그래도 님이 행복하다면 저도 괜찮아요...ㅎㅎ",
          "summary": "",
          "date": "2022-11-07",
          "time": "13:11:52",
          "terminate": "false"
        },
        {
          "speaker": "speaker1",
          "personaID": "35041",
          "participantID": "0214",
          "utterance": "ㅋㅋㅋㅋㅋㅋㅋㅋ넘 웃기네용 ㅋㅋㅋㅋㅋ저 더 대화하면 티엠아이 장난 아닐 거 같으니까 우리 다음에 또 대화 나누자구요~^^",
          "summary": "",
          "date": "2022-11-07",
          "time": "13:12:36",
          "terminate": "true"
        }
      ],
      "sessionPersonaSummary": {
        "speaker1": [
          "나는 30대 여자이다.",
          "나는 시원한 날씨를 좋아한다.",
          "나는 일주일에 한두 번 지하철로 출퇴근한다.",
          "나는 백화점 가는 걸 좋아한다. 나는 누가 나를 태워줬으면 좋겠다. 나는 주차난 이 싫다.",
          "나는 거북이 한 마리를 키운다.",
          "나는 반려동물 좋아하는 배우자와 20년 후 행복하게 하는 것이 목표이다."
        ],
        "speaker2": [
          "나는 20대 남자이다.",
          "나는 매우 사교적이다. 나는 아이스 카페모카를 자주 마신다.",
          "나의 누나는 변호사이다. 나는 대학생이다.",
          "나는 방송 크리에이터 동아리에 관심이 없다.",
          "나의 원룸은 반려동물 키우는 것이 금지돼 있다."
        ]
      },
      "prevAggregatedpersonaSummary": {
        "speaker1": [],
        "speaker2": []
      }
    },
    {
      "prevSessionID": "2-00289-1",
      "prevTimeInfo": {
        "timeNum": "6",
        "timeUnit": "주"
      },
      "nthSession": "2",
      "numberOfUtterances": "15",
      "numberOfTurns": "7",
      "sessionID": "2-00289-2",
      "dialog": [
        {
          "speaker": "speaker1",
          "personaID": "35041",
          "participantID": "0214",
          "utterance": "우와 님 잘 지내셨어요?? 저희 6주만이에요!!ㅋㅋ",
          "summary": "",
          "date": "2022-11-07",
          "time": "13:15:34",
          "terminate": "false"
        },
        {
          "speaker": "speaker2",
          "personaID": "25621",
          "participantID": "0169",
          "utterance": "그러게요. 저희 너무 오랜만인 거 아닌가요? 좀 연락좀 많이 하고 살아요 저희.",
          "summary": "",
          "date": "2022-11-07",
          "time": "13:16:39",
          "terminate": "false"
        },
        {
          "speaker": "speaker1",
          "personaID": "35041",
          "participantID": "0214",
          "utterance": "아휴 그러니까 말이에요~현생이 너무 바쁘다 보니까 자꾸 잊게 되네요 ㅋㅋ 뭐 하고 지내셨어요??",
          "summary": "나는 현생이 너무 바쁘다.",
          "date": "2022-11-07",
          "time": "13:17:13",
          "terminate": "false"
        },
        {
          "speaker": "speaker2",
          "personaID": "25621",
          "participantID": "0169",
          "utterance": "그냥 침대에서 누워서 쉬고 있었어요. 님은요?",
          "summary": "나는 침대에서 누워서 쉬고 있었다.",
          "date": "2022-11-07",
          "time": "13:24:36",
          "terminate": "false"
        },
        {
          "speaker": "speaker1",
          "personaID": "35041",
          "participantID": "0214",
          "utterance": "저는 동생이랑 나이차가 좀 나는데 이번에 군대 갔거든요~글서 먹을거랑 보내주려고 포장하고 있었어요!",
          "summary": "나는 동생이 이번에 군대에 가서 먹을 거를 포장해주고 있었다.",
          "date": "2022-11-07",
          "time": "13:25:42",
          "terminate": "false"
        },
        {
          "speaker": "speaker2",
          "personaID": "25621",
          "participantID": "0169",
          "utterance": "와... 요즘 군대 복무기간이 몇 달이었죠? 2년 맞나요?",
          "summary": "",
          "date": "2022-11-07",
          "time": "13:26:35",
          "terminate": "false"
        },
        {
          "speaker": "speaker1",
          "personaID": "35041",
          "participantID": "0214",
          "utterance": "요즘은 18개월이라고 하더라구요! 군인들 너무 대단한 거 같아요ㅠㅠ 월급 좀 팍팍 올려줘야 하지 않나 싶어요.",
          "summary": " 나는 군인이 너무 대단하다고 생각한다.",
          "date": "2022-11-07",
          "time": "13:28:37",
          "terminate": "false"
        },
        {
          "speaker": "speaker2",
          "personaID": "25621",
          "participantID": "0169",
          "utterance": "아, 많이 줄었었네요. 저때는 2년 이었어서...",
          "summary": "나 때는 군 복무기간이 2년이었다.",
          "date": "2022-11-07",
          "time": "13:30:37",
          "terminate": "false"
        },
        {
          "speaker": "speaker1",
          "personaID": "35041",
          "participantID": "0214",
          "utterance": "아이구 2년 정말 고생 많으셨겠어요!! 육군이신가요??",
          "summary": "",
          "date": "2022-11-07",
          "time": "13:31:00",
          "terminate": "false"
        },
        {
          "speaker": "speaker2",
          "personaID": "25621",
          "participantID": "0169",
          "utterance": "네! 육군이요! 그것도 최전방이였죠.",
          "summary": "나는 육군 최전방이었다.",
          "date": "2022-11-07",
          "time": "13:31:48",
          "terminate": "false"
        },
        {
          "speaker": "speaker1",
          "personaID": "35041",
          "participantID": "0214",
          "utterance": "와 대박 너무 대단하세요ㅠㅠ제 동생은 해병대 갔는데..ㅋ부심이 장난 아닌 것이 참 귀엽더라구요^^ㅎㅎ",
          "summary": "나는 동생이 귀엽다고 생각한다.",
          "date": "2022-11-07",
          "time": "13:32:28",
          "terminate": "false"
        },
        {
          "speaker": "speaker2",
          "personaID": "25621",
          "participantID": "0169",
          "utterance": "아, 해부심에는 약도 없다는데. ㅋㅋ.",
          "summary": "해부심에는 약도 없다.",
          "date": "2022-11-07",
          "time": "13:34:03",
          "terminate": "false"
        },
        {
          "speaker": "speaker1",
          "personaID": "35041",
          "participantID": "0214",
          "utterance": "ㅋㅋㅋㅋ그러니까 말이에요 ㅋㅋㅋㅋ그래두 군인들 다 대단하다보니까 부심도 부릴만 하다고 생각돼요~^^해지맨 여자친구한텐 안그러길 바라요^^..ㅋㅋㅋㅋㅋㅋ",
          "summary": "",
          "date": "2022-11-07",
          "time": "13:34:58",
          "terminate": "false"
        },
        {
          "speaker": "speaker2",
          "personaID": "25621",
          "participantID": "0169",
          "utterance": "ㅋㅋㅋ 아 간만에 정말 빵 터졌네요. 저는 이제 친구들이 컴퓨터 게임하자고 해서 이만 가볼건데, 그래도 되지요?",
          "summary": "나는 컴퓨터 게임을 하러 갈 것이다.",
          "date": "2022-11-07",
          "time": "13:37:16",
          "terminate": "false"
        },
        {
          "speaker": "speaker1",
          "personaID": "35041",
          "participantID": "0214",
          "utterance": "아이구 그럼요~~^^저도 막내 이쁨 받으라고 포장 열심히 하러 가봐야겠어요~!! 우리 또 대화 나눠요^^!",
          "summary": "",
          "date": "2022-11-07",
          "time": "13:37:54",
          "terminate": "true"
        }
      ],
      "sessionPersonaSummary": {
        "speaker1": [
          "나는 현생이 너무 바쁘다.",
          "나는 동생이 이번에 군대에 가서 먹을 거를 포장해주고 있었다.",
          "나는 군인이 너무 대단하다고 생각한다.",
          "나는 동생이 귀엽다고 생각한다."
        ],
        "speaker2": [
          "나는 침대에서 누워서 쉬고 있었다.",
          "나 때는 군 복무기간이 2년이었다.",
          "나는 육군 최전방이었다.",
          "해부심에는 약도 없다.",
          "나는 컴퓨터 게임을 하러 갈 것이다."
        ]
      },
      "prevAggregatedpersonaSummary": {
        "speaker1": [
          "나는 30대 여자이다.",
          "나는 시원한 날씨를 좋아한다.",
          "나는 일주일에 한두 번 지하철로 출퇴근한다.",
          "나는 백화점 가는 걸 좋아한다. 나는 누가 나를 태워줬으면 좋겠다. 나는 주차난 이 싫다.",
          "나는 거북이 한 마리를 키운다.",
          "나는 반려동물 좋아하는 배우자와 20년 후 행복하게 하는 것이 목표이다."
        ],
        "speaker2": [
          "나는 20대 남자이다.",
          "나는 매우 사교적이다. 나는 아이스 카페모카를 자주 마신다.",
          "나의 누나는 변호사이다. 나는 대학생이다.",
          "나는 방송 크리에이터 동아리에 관심이 없다.",
          "나의 원룸은 반려동물 키우는 것이 금지돼 있다."
        ]
      }
    }
  ]
}