{
  "FileInfo": {
    "filename": "K2-00332-CL23983-CP24339-12-12-S2.json",
    "sessionLevel": "2"
  },
  "participantsInfo": {
    "numberOfParticipants": "2",
    "speaker1": {
      "participantID": "0891",
      "gender": "여성",
      "age": "20대",
      "occupation": "사무직",
      "bPlace": "부산/대구/울산/경상",
      "gPlace": "부산/대구/울산/경상",
      "rPlace": "부산/대구/울산/경상",
      "educationLevel": "대졸"
    },
    "speaker2": {
      "participantID": "0899",
      "gender": "여성",
      "age": "20대",
      "occupation": "무직",
      "bPlace": "서울/경기/인천",
      "gPlace": "서울/경기/인천",
      "rPlace": "서울/경기/인천",
      "educationLevel": "대졸"
    }
  },
  "multisessionInfo": {
    "multisessionID": "2-00332"
  },
  "personaInfo": {
    "clInfo": {
      "personaID": "23983",
      "personaFeatures": [
        "나는 여자이다.",
        "나는 20대이다.",
        "나는 가족과 데면데면하다.",
        "나는 중어중문학 전공이다.",
        "나는 태블릿을 수집한다.",
        "나의 거주지는 구미이다."
      ],
      "speakerType": "speaker1"
    },
    "cpInfo": {
      "personaID": "24339",
      "personaFeatures": [
        "나는 여자이다.",
        "나는 20대이다.",
        "나의 여자 형제는 모델이다.",
        "나는 한의사이다.",
        "나는 TV 교육 프로그램을 싫어한다.",
        "나는 카페모카를 좋아한다."
      ],
      "speakerType": "speaker2"
    }
  },
  "topicInfo": {
    "topicID": "12-12",
    "topicType": "여가와 오락>여행",
    "topicTitle": "패키지"
  },
  "sessionInfo": [
    {
      "prevSessionID": null,
      "prevTimeInfo": {
        "timeNum": null,
        "timeUnit": null
      },
      "nthSession": "1",
      "numberOfUtterances": "14",
      "numberOfTurns": "7",
      "sessionID": "2-00332-1",
      "dialog": [
        {
          "speaker": "speaker1",
          "personaID": "23983",
          "participantID": "0891",
          "utterance": "반가워요~ 저는 구미에사는 20대 여자입니다. 님은요?",
          "summary": "나는 20대 여자이다. 나의 거주지는 구미이다.",
          "date": "2022-10-27",
          "time": "14:46:03",
          "terminate": "false"
        },
        {
          "speaker": "speaker2",
          "personaID": "24339",
          "participantID": "0899",
          "utterance": "반갑습니다~ 저도 20대 여자이고 지금 한의사로 일하고 있어요! ㅎㅎ.",
          "summary": "나는 20대 여자이다. 나는 한의사이다.",
          "date": "2022-10-27",
          "time": "14:46:14",
          "terminate": "false"
        },
        {
          "speaker": "speaker1",
          "personaID": "23983",
          "participantID": "0891",
          "utterance": "오! 한의사시면 전공을 뭘 해야하나요? 저는 중어중문학 전공하고 있는 대학생이에요!",
          "summary": "나는 중어중문학 전공이다. 나는 대학생이다.",
          "date": "2022-10-27",
          "time": "14:46:37",
          "terminate": "false"
        },
        {
          "speaker": "speaker2",
          "personaID": "24339",
          "participantID": "0899",
          "utterance": "저는 한의학과를 전공했어요! ㅋㅋ 님은 그럼 꿈이 뭐에요?!",
          "summary": "나는 한의학과를 전공했다.",
          "date": "2022-10-27",
          "time": "14:46:45",
          "terminate": "false"
        },
        {
          "speaker": "speaker1",
          "personaID": "23983",
          "participantID": "0891",
          "utterance": "저는 가이드가 되는게 꿈이에요! ㅎㅎ 그래서 요새 열심히 공부중입니다! 님은 취미 생활 있어요?",
          "summary": "나는 가이드가 되는 것이 꿈이다. 나는 공부 중이다.",
          "date": "2022-10-27",
          "time": "14:47:11",
          "terminate": "false"
        },
        {
          "speaker": "speaker2",
          "personaID": "24339",
          "participantID": "0899",
          "utterance": "음 저는 tv보는거 좋아해요! ㅎㅎ 근데 tv 교육 프로그램은 싫더라고요ㅠ.",
          "summary": "나는 tv 보는 것을 좋아한다. 나는 tv 교육 프로그램을 싫어한다.",
          "date": "2022-10-27",
          "time": "14:47:28",
          "terminate": "false"
        },
        {
          "speaker": "speaker1",
          "personaID": "23983",
          "participantID": "0891",
          "utterance": "그러면 무슨 프로 보는걸 좋아하세요?",
          "summary": "",
          "date": "2022-10-27",
          "time": "14:47:37",
          "terminate": "false"
        },
        {
          "speaker": "speaker2",
          "personaID": "24339",
          "participantID": "0899",
          "utterance": "저는 패션채널 보는거 좋아해요! ㅎㅎ 제 언니가 모델여서 저도 패션쪽에 관심이 많거든요!",
          "summary": "나는 패션채널 보는 것을 좋아한다. 나의 여자 형제는 모델이다. 나는 패션에 관심이 있다.",
          "date": "2022-10-27",
          "time": "14:48:00",
          "terminate": "false"
        },
        {
          "speaker": "speaker1",
          "personaID": "23983",
          "participantID": "0891",
          "utterance": "오 정말 멋지네요~ 가족들과 엄청 친하신가봐요?",
          "summary": "",
          "date": "2022-10-27",
          "time": "14:48:15",
          "terminate": "false"
        },
        {
          "speaker": "speaker2",
          "personaID": "24339",
          "participantID": "0899",
          "utterance": "네 ㅎㅎ 저는 가족이랑 친해요! 님은 어때요?",
          "summary": "나는 가족과 친하다.",
          "date": "2022-10-27",
          "time": "14:48:21",
          "terminate": "false"
        },
        {
          "speaker": "speaker1",
          "personaID": "23983",
          "participantID": "0891",
          "utterance": "저는 가족들이랑 데면데면해요 ㅋㅋ 그래서 집에 안 간지도 오래 됐네요 ㅠㅠ.",
          "summary": "나는 가족과 데면데면하다.",
          "date": "2022-10-27",
          "time": "14:48:35",
          "terminate": "false"
        },
        {
          "speaker": "speaker2",
          "personaID": "24339",
          "participantID": "0899",
          "utterance": "헉 정말요? 집에서 많이 그리워 하시겠어요ㅠㅠ 그럼 지금 독립해서 살고 계신거에요?",
          "summary": "",
          "date": "2022-10-27",
          "time": "14:48:49",
          "terminate": "false"
        },
        {
          "speaker": "speaker1",
          "personaID": "23983",
          "participantID": "0891",
          "utterance": "네 혼자 살고 있어요! 아 제가 나갈 일이 있어서 나중에 연락드릴게요!",
          "summary": "나는 혼자 살고 있다.",
          "date": "2022-10-27",
          "time": "14:49:04",
          "terminate": "false"
        },
        {
          "speaker": "speaker2",
          "personaID": "24339",
          "participantID": "0899",
          "utterance": "네 ㅎㅎ 저도 카페에 갔다올께요! 나중에 다시 연락해요~!",
          "summary": "나는 카페에 갈 것이다.",
          "date": "2022-10-27",
          "time": "14:49:06",
          "terminate": "true"
        }
      ],
      "sessionPersonaSummary": {
        "speaker1": [
          "나는 20대 여자이다. 나의 거주지는 구미이다.",
          "나는 중어중문학 전공이다. 나는 대학생이다.",
          "나는 가이드가 되는 것이 꿈이다. 나는 공부 중이다.",
          "나는 가족과 데면데면하다.",
          "나는 혼자 살고 있다."
        ],
        "speaker2": [
          "나는 20대 여자이다. 나는 한의사이다.",
          "나는 한의학과를 전공했다.",
          "나는 tv 보는 것을 좋아한다. 나는 tv 교육 프로그램을 싫어한다.",
          "나는 패션채널 보는 것을 좋아한다. 나의 여자 형제는 모델이다. 나는 패션에 관심이 있다.",
          "나는 가족과 친하다.",
          "나는 카페에 갈 것이다."
        ]
      },
      "prevAggregatedpersonaSummary": {
        "speaker1": [],
        "speaker2": []
      }
    },
    {
      "prevSessionID": "2-00332-1",
      "prevTimeInfo": {
        "timeNum": "1",
        "timeUnit": "일"
      },
      "nthSession": "2",
      "numberOfUtterances": "14",
      "numberOfTurns": "7",
      "sessionID": "2-00332-2",
      "dialog": [
        {
          "speaker": "speaker1",
          "personaID": "23983",
          "participantID": "0891",
          "utterance": "벌써 하루가 지났네요! 저는 어제 중고거래를 하고 왔어요! 제가 태블릿을 수집하는게 취미라 ㅎㅎ.",
          "summary": "나는 어제 중고거래를 했다. 나는 태블릿을 수집한다.",
          "date": "2022-10-27",
          "time": "14:49:33",
          "terminate": "false"
        },
        {
          "speaker": "speaker2",
          "personaID": "24339",
          "participantID": "0899",
          "utterance": "오 그렇구나~ 저는 어제 카페가서 카페모카 마셨어요! 제가 카페모카를 좋아하거든요 ㅋㅋ 님은 오늘 뭐하실거에요?",
          "summary": "나는 카페모카를 좋아한다. 나는 어제 카페에 갔다.",
          "date": "2022-10-27",
          "time": "14:49:46",
          "terminate": "false"
        },
        {
          "speaker": "speaker1",
          "personaID": "23983",
          "participantID": "0891",
          "utterance": "오늘 친구만나서 여행 계획좀 짜보려구요!",
          "summary": "나는 친구를 만날 것이다.",
          "date": "2022-10-27",
          "time": "14:51:36",
          "terminate": "false"
        },
        {
          "speaker": "speaker2",
          "personaID": "24339",
          "participantID": "0899",
          "utterance": "오 여행 계획을 짜시는거면 이번에 여행가실 계획인가봐요!",
          "summary": "",
          "date": "2022-10-27",
          "time": "14:52:13",
          "terminate": "false"
        },
        {
          "speaker": "speaker1",
          "personaID": "23983",
          "participantID": "0891",
          "utterance": "이번에 해외여행을 계획하고 있거든요! 근데 저랑 친구 둘다 첫 해외여행이라 고민이 많아요 ㅠ.",
          "summary": "나는 해외여행을 처음 가본다. 나는 해외여행을 계획하고 있다.",
          "date": "2022-10-27",
          "time": "14:52:32",
          "terminate": "false"
        },
        {
          "speaker": "speaker2",
          "personaID": "24339",
          "participantID": "0899",
          "utterance": "음 그렇구나ㅠㅠ 첫 해외여행이면 패키지로 여행 가보는건 어때요?",
          "summary": "나는 패키지여행을 추천한다.",
          "date": "2022-10-27",
          "time": "14:52:37",
          "terminate": "false"
        },
        {
          "speaker": "speaker1",
          "personaID": "23983",
          "participantID": "0891",
          "utterance": "아 그런 방법이 있었네요! 님은 패키지 이용 해보셨어요?",
          "summary": "",
          "date": "2022-10-27",
          "time": "14:53:02",
          "terminate": "false"
        },
        {
          "speaker": "speaker2",
          "personaID": "24339",
          "participantID": "0899",
          "utterance": "네! 저는 패키지 여행 한번 이용해봤어요! 님은 한번도 이용해본적 없어요?",
          "summary": "나는 패키지여행을 해봤다.",
          "date": "2022-10-27",
          "time": "14:53:13",
          "terminate": "false"
        },
        {
          "speaker": "speaker1",
          "personaID": "23983",
          "participantID": "0891",
          "utterance": "네! 패키지가 좀 더 비싸지 않아요?",
          "summary": "나는 패키지여행을 안 해봤다.",
          "date": "2022-10-27",
          "time": "14:53:24",
          "terminate": "false"
        },
        {
          "speaker": "speaker2",
          "personaID": "24339",
          "participantID": "0899",
          "utterance": "음 비용이 조금 더 비싸긴 한데 제가 여행계획 세우는 것을 좋아하지 않아서 저한텐 좋았어요!",
          "summary": "나는 여행 계획 세우는 것을 싫어한다.",
          "date": "2022-10-27",
          "time": "14:53:38",
          "terminate": "false"
        },
        {
          "speaker": "speaker1",
          "personaID": "23983",
          "participantID": "0891",
          "utterance": "아 훨씬 편하긴 하겠어요! 혹시 가이드한테 팁 같은거 따로 줘야해요?",
          "summary": "",
          "date": "2022-10-27",
          "time": "14:53:59",
          "terminate": "false"
        },
        {
          "speaker": "speaker2",
          "personaID": "24339",
          "participantID": "0899",
          "utterance": "아니요! 저는 팁은 따로 안줬어요 ㅋㅋ 아 근데 패키지 여행은 치명적인 단점이 하나 있어요ㅠㅠ.",
          "summary": "나는 패키지여행의 단점을 알고 있다.",
          "date": "2022-10-27",
          "time": "14:54:14",
          "terminate": "false"
        },
        {
          "speaker": "speaker1",
          "personaID": "23983",
          "participantID": "0891",
          "utterance": "헉 어떤 단점이 있나요? 겁나네요.",
          "summary": "",
          "date": "2022-10-27",
          "time": "14:54:22",
          "terminate": "false"
        },
        {
          "speaker": "speaker2",
          "personaID": "24339",
          "participantID": "0899",
          "utterance": "큰건 아니고! 자유시간이 별로 없어요ㅠㅠ 이점도 한번 참고해서 성공적인 첫 해외여행 되길 바래요! ㅎㅎ.",
          "summary": "",
          "date": "2022-10-27",
          "time": "14:54:51",
          "terminate": "true"
        }
      ],
      "sessionPersonaSummary": {
        "speaker1": [
          "나는 어제 중고거래를 했다. 나는 태블릿을 수집한다.",
          "나는 친구를 만날 것이다.",
          "나는 해외여행을 처음 가본다. 나는 해외여행을 계획하고 있다.",
          "나는 패키지여행을 안 해봤다."
        ],
        "speaker2": [
          "나는 카페모카를 좋아한다. 나는 어제 카페에 갔다.",
          "나는 패키지여행을 추천한다.",
          "나는 패키지여행을 해봤다.",
          "나는 여행 계획 세우는 것을 싫어한다.",
          "나는 패키지여행의 단점을 알고 있다."
        ]
      },
      "prevAggregatedpersonaSummary": {
        "speaker1": [
          "나는 20대 여자이다. 나의 거주지는 구미이다.",
          "나는 중어중문학 전공이다. 나는 대학생이다.",
          "나는 가이드가 되는 것이 꿈이다. 나는 공부 중이다.",
          "나는 가족과 데면데면하다.",
          "나는 혼자 살고 있다."
        ],
        "speaker2": [
          "나는 20대 여자이다. 나는 한의사이다.",
          "나는 한의학과를 전공했다.",
          "나는 tv 보는 것을 좋아한다. 나는 tv 교육 프로그램을 싫어한다.",
          "나는 패션채널 보는 것을 좋아한다. 나의 여자 형제는 모델이다. 나는 패션에 관심이 있다.",
          "나는 가족과 친하다.",
          "나는 카페에 갈 것이다."
        ]
      }
    }
  ]
}