{
  "FileInfo": {
    "filename": "K2-00515-CL30645-CP32054-07-07-S2.json",
    "sessionLevel": "2"
  },
  "participantsInfo": {
    "numberOfParticipants": "2",
    "speaker1": {
      "participantID": "0235",
      "gender": "남성",
      "age": "30대",
      "occupation": "무직",
      "bPlace": "서울/경기/인천",
      "gPlace": "서울/경기/인천",
      "rPlace": "서울/경기/인천",
      "educationLevel": "대졸"
    },
    "speaker2": {
      "participantID": "0536",
      "gender": "여성",
      "age": "30대",
      "occupation": "자영업",
      "bPlace": "광주/전라/제주",
      "gPlace": "광주/전라/제주",
      "rPlace": "광주/전라/제주",
      "educationLevel": "대졸"
    }
  },
  "multisessionInfo": {
    "multisessionID": "2-00515"
  },
  "personaInfo": {
    "clInfo": {
      "personaID": "30645",
      "personaFeatures": [
        "나는 남자이다.",
        "나는 30대이다.",
        "나의 거주지는 포항이다.",
        "나는 실외에서 스키 타는 것을 좋아한다.",
        "나는 순댓국을 안 먹는다."
      ],
      "speakerType": "speaker1"
    },
    "cpInfo": {
      "personaID": "32054",
      "personaFeatures": [
        "나는 여자이다.",
        "나는 30대이다.",
        "나는 노무사이다.",
        "나는 매일 우울하다.",
        "나는 팝 음악을 자주 듣는다."
      ],
      "speakerType": "speaker2"
    }
  },
  "topicInfo": {
    "topicID": "07-07",
    "topicType": "개인 및 관계>가족",
    "topicTitle": "가족 사랑"
  },
  "sessionInfo": [
    {
      "prevSessionID": null,
      "prevTimeInfo": {
        "timeNum": null,
        "timeUnit": null
      },
      "nthSession": "1",
      "numberOfUtterances": "14",
      "numberOfTurns": "7",
      "sessionID": "2-00515-1",
      "dialog": [
        {
          "speaker": "speaker1",
          "personaID": "30645",
          "participantID": "0235",
          "utterance": "안녕하세요. 저의 거주지는 포항이고 30대 남성입니다.",
          "summary": "나는 포항에 사는 30대 남성이다.",
          "date": "2022-09-23",
          "time": "19:20:06",
          "terminate": "false"
        },
        {
          "speaker": "speaker2",
          "personaID": "32054",
          "participantID": "0536",
          "utterance": "저도 인사드릴게요~ 전 부천에 거주중인 30대 여자에요~",
          "summary": "나는 부천에 사는 30대 여자이다.",
          "date": "2022-09-23",
          "time": "19:20:24",
          "terminate": "false"
        },
        {
          "speaker": "speaker1",
          "personaID": "30645",
          "participantID": "0235",
          "utterance": "이제 곧 겨울이 다가오는데 겨울에 스키 타는거 좋아하세요?",
          "summary": "이제 곧 겨울이다.",
          "date": "2022-09-23",
          "time": "19:20:44",
          "terminate": "false"
        },
        {
          "speaker": "speaker2",
          "personaID": "32054",
          "participantID": "0536",
          "utterance": "스키타는거 좋아하죠~ 항상 겨울에 스키장을 가요~",
          "summary": "나는 스키 타는 걸 좋아한다. 항상 겨울에 스키장을 간다.",
          "date": "2022-09-23",
          "time": "19:20:57",
          "terminate": "false"
        },
        {
          "speaker": "speaker1",
          "personaID": "30645",
          "participantID": "0235",
          "utterance": "저도 실외에서 스키 타는걸 좋아하는데 언제부터 스키 타셨어요?",
          "summary": "나는 실외에서 스키 타는 걸 좋아한다.",
          "date": "2022-09-23",
          "time": "19:21:11",
          "terminate": "false"
        },
        {
          "speaker": "speaker2",
          "personaID": "32054",
          "participantID": "0536",
          "utterance": "3년전부터 스키 타기 시작했어요~ 올해에는 시간이 없어서 스키를 못탈 것 같아서 매일 우울해요.",
          "summary": "3년 전부터 스키를 탔다. 올해는 시간이 없어서 스키를 못 타서 우울하다.",
          "date": "2022-09-23",
          "time": "19:21:46",
          "terminate": "false"
        },
        {
          "speaker": "speaker1",
          "personaID": "30645",
          "participantID": "0235",
          "utterance": "왜 시간이 없을까요? 일이 바쁘셔서 시간이 없으실까요?",
          "summary": "",
          "date": "2022-09-23",
          "time": "19:21:59",
          "terminate": "false"
        },
        {
          "speaker": "speaker2",
          "personaID": "32054",
          "participantID": "0536",
          "utterance": "맞아요~ 제가 노무사로 일하고 있는데 올 겨울에 유난히 바쁠 것 같아요~",
          "summary": "나는 노무사이다. 나는 겨울에 바쁘다.",
          "date": "2022-09-23",
          "time": "19:22:23",
          "terminate": "false"
        },
        {
          "speaker": "speaker1",
          "personaID": "30645",
          "participantID": "0235",
          "utterance": "고생 많으시네요. 저는 이제 밥먹으려고 하는데 순대국을 안먹어서 순대국 빼고 추천 가능하실까요?",
          "summary": "나는 이제 밥 먹을 것이다. 나는 순댓국을 안 먹는다.",
          "date": "2022-09-23",
          "time": "19:22:56",
          "terminate": "false"
        },
        {
          "speaker": "speaker2",
          "personaID": "32054",
          "participantID": "0536",
          "utterance": "순대국이 싫으시다면 부대찌개는 어떤가요?",
          "summary": "",
          "date": "2022-09-23",
          "time": "19:23:23",
          "terminate": "false"
        },
        {
          "speaker": "speaker1",
          "personaID": "30645",
          "participantID": "0235",
          "utterance": "부대찌개 괜찮네요. 식사는 하셨어요?",
          "summary": "",
          "date": "2022-09-23",
          "time": "19:23:37",
          "terminate": "false"
        },
        {
          "speaker": "speaker2",
          "personaID": "32054",
          "participantID": "0536",
          "utterance": "아직 안먹었어요~ 제가 팝 음악을 매일 듣는데 팝 음악 2곡만 더 듣고 먹으려구요~",
          "summary": "나는 밥을 안 먹었다. 나는 팝 음악을 매일 듣는다.",
          "date": "2022-09-23",
          "time": "19:23:57",
          "terminate": "false"
        },
        {
          "speaker": "speaker1",
          "personaID": "30645",
          "participantID": "0235",
          "utterance": "저는 이제 부대찌개 배달 시키고 다시 연락드릴게요.",
          "summary": "나는 부대찌개 배달을 시킨다.",
          "date": "2022-09-23",
          "time": "19:24:12",
          "terminate": "false"
        },
        {
          "speaker": "speaker2",
          "personaID": "32054",
          "participantID": "0536",
          "utterance": "식사 맛있게 하시고 천천히 연락 주세요~",
          "summary": "",
          "date": "2022-09-23",
          "time": "19:24:21",
          "terminate": "true"
        }
      ],
      "sessionPersonaSummary": {
        "speaker1": [
          "나는 포항에 사는 30대 남성이다.",
          "이제 곧 겨울이다.",
          "나는 실외에서 스키 타는 걸 좋아한다.",
          "나는 이제 밥 먹을 것이다. 나는 순댓국을 안 먹는다.",
          "나는 부대찌개 배달을 시킨다."
        ],
        "speaker2": [
          "나는 부천에 사는 30대 여자이다.",
          "나는 스키 타는 걸 좋아한다. 항상 겨울에 스키장을 간다.",
          "3년 전부터 스키를 탔다. 올해는 시간이 없어서 스키를 못 타서 우울하다.",
          "나는 노무사이다. 나는 겨울에 바쁘다.",
          "나는 밥을 안 먹었다. 나는 팝 음악을 매일 듣는다."
        ]
      },
      "prevAggregatedpersonaSummary": {
        "speaker1": [],
        "speaker2": []
      }
    },
    {
      "prevSessionID": "2-00515-1",
      "prevTimeInfo": {
        "timeNum": "1",
        "timeUnit": "시간"
      },
      "nthSession": "2",
      "numberOfUtterances": "14",
      "numberOfTurns": "7",
      "sessionID": "2-00515-2",
      "dialog": [
        {
          "speaker": "speaker1",
          "personaID": "30645",
          "participantID": "0235",
          "utterance": "1시간만이네요. 아까 시킨 부대찌개가 빨리 와서 밥 먹고 왔어요. 식사 하셨어요?",
          "summary": "나는 밥 먹고 왔다.",
          "date": "2022-09-23",
          "time": "19:25:56",
          "terminate": "false"
        },
        {
          "speaker": "speaker2",
          "personaID": "32054",
          "participantID": "0536",
          "utterance": "가족이랑 같이 먹고 있어요~ 가족이랑 오랜만에 같이 먹으니 좋네요~",
          "summary": "나는 가족과 오랜만에 밥을 먹는다.",
          "date": "2022-09-23",
          "time": "19:26:08",
          "terminate": "false"
        },
        {
          "speaker": "speaker1",
          "personaID": "30645",
          "participantID": "0235",
          "utterance": "가족과 평소에 식사를 같이 안하시나봐요?",
          "summary": "",
          "date": "2022-09-23",
          "time": "19:26:32",
          "terminate": "false"
        },
        {
          "speaker": "speaker2",
          "personaID": "32054",
          "participantID": "0536",
          "utterance": "제가 자취를 하고 있어서 가족들과 밥을 같이 안먹어요~",
          "summary": "나는 자취를 한다.",
          "date": "2022-09-23",
          "time": "19:26:48",
          "terminate": "false"
        },
        {
          "speaker": "speaker1",
          "personaID": "30645",
          "participantID": "0235",
          "utterance": "언제부터 자취하기 시작하셨어요? 저도 혼자 살고 있어요.",
          "summary": "나는 혼자 산다.",
          "date": "2022-09-23",
          "time": "19:27:00",
          "terminate": "false"
        },
        {
          "speaker": "speaker2",
          "personaID": "32054",
          "participantID": "0536",
          "utterance": "전 3년전부터 혼자살기 시작했어요~ 자취한지 얼마나 되셨나요?",
          "summary": "나는 3년 전에 자취를 했다.",
          "date": "2022-09-23",
          "time": "19:27:21",
          "terminate": "false"
        },
        {
          "speaker": "speaker1",
          "personaID": "30645",
          "participantID": "0235",
          "utterance": "저는 6년 되었어요. 가족과 같이 지내지 않다보니 가족사랑이 그리워요.",
          "summary": "나는 자취한 지 6년이다. 나는 가족사랑이 그립다.",
          "date": "2022-09-23",
          "time": "19:27:46",
          "terminate": "false"
        },
        {
          "speaker": "speaker2",
          "personaID": "32054",
          "participantID": "0536",
          "utterance": "전 가족들과 만나면 자주 싸우지만 오랜만에 만나면 좋긴 하더라구요~",
          "summary": "나는 가족들과 만나면 자주 싸운다.",
          "date": "2022-09-23",
          "time": "19:28:13",
          "terminate": "false"
        },
        {
          "speaker": "speaker1",
          "personaID": "30645",
          "participantID": "0235",
          "utterance": "싸우는것도 가족끼릭 사랑하니까 싸우는 것 아니겠어요?",
          "summary": "",
          "date": "2022-09-23",
          "time": "19:28:30",
          "terminate": "false"
        },
        {
          "speaker": "speaker2",
          "personaID": "32054",
          "participantID": "0536",
          "utterance": "그런 것 같아요~ 나중에 생각하면 별일 아닌걸 제가 화를 많이 내요~",
          "summary": "",
          "date": "2022-09-23",
          "time": "19:28:54",
          "terminate": "false"
        },
        {
          "speaker": "speaker1",
          "personaID": "30645",
          "participantID": "0235",
          "utterance": "그래도 가족사랑이라고 느끼시는 것 같아서 다행이에요. 가족과 뭐드시고 계세요?",
          "summary": "",
          "date": "2022-09-23",
          "time": "19:29:11",
          "terminate": "false"
        },
        {
          "speaker": "speaker2",
          "personaID": "32054",
          "participantID": "0536",
          "utterance": "한우집 와서 소고기 먹고 있어요~ 가족과 먹으니까 더 맛있네요~",
          "summary": "나는 가족들과 한우 먹고 있다.",
          "date": "2022-09-23",
          "time": "19:29:32",
          "terminate": "false"
        },
        {
          "speaker": "speaker1",
          "personaID": "30645",
          "participantID": "0235",
          "utterance": "소고기 맛있겠네요. 저는 어머니가 전화와서 전화 받고 다시 연락드릴게요.",
          "summary": "나는 어머니가 전화 왔다.",
          "date": "2022-09-23",
          "time": "19:29:45",
          "terminate": "false"
        },
        {
          "speaker": "speaker2",
          "personaID": "32054",
          "participantID": "0536",
          "utterance": "어머니와 즐거운 통화 되세요~ 천천히 다녀 오세요~",
          "summary": "",
          "date": "2022-09-23",
          "time": "19:29:57",
          "terminate": "true"
        }
      ],
      "sessionPersonaSummary": {
        "speaker1": [
          "나는 밥 먹고 왔다.",
          "나는 혼자 산다.",
          "나는 자취한 지 6년이다. 나는 가족사랑이 그립다.",
          "나는 어머니가 전화 왔다."
        ],
        "speaker2": [
          "나는 가족과 오랜만에 밥을 먹는다.",
          "나는 자취를 한다.",
          "나는 3년 전에 자취를 했다.",
          "나는 가족들과 만나면 자주 싸운다.",
          "나는 가족들과 한우 먹고 있다."
        ]
      },
      "prevAggregatedpersonaSummary": {
        "speaker1": [
          "나는 포항에 사는 30대 남성이다.",
          "이제 곧 겨울이다.",
          "나는 실외에서 스키 타는 걸 좋아한다.",
          "나는 이제 밥 먹을 것이다. 나는 순댓국을 안 먹는다.",
          "나는 부대찌개 배달을 시킨다."
        ],
        "speaker2": [
          "나는 부천에 사는 30대 여자이다.",
          "나는 스키 타는 걸 좋아한다. 항상 겨울에 스키장을 간다.",
          "3년 전부터 스키를 탔다. 올해는 시간이 없어서 스키를 못 타서 우울하다.",
          "나는 노무사이다. 나는 겨울에 바쁘다.",
          "나는 밥을 안 먹었다. 나는 팝 음악을 매일 듣는다."
        ]
      }
    }
  ]
}