{
  "FileInfo": {
    "filename": "K2-00478-CL41158-CP51691-18-12-S2.json",
    "sessionLevel": "2"
  },
  "participantsInfo": {
    "numberOfParticipants": "2",
    "speaker1": {
      "participantID": "0541",
      "gender": "여성",
      "age": "40대",
      "occupation": "주부",
      "bPlace": "대전/세종/충청/강원",
      "gPlace": "대전/세종/충청/강원",
      "rPlace": "대전/세종/충청/강원",
      "educationLevel": "대졸"
    },
    "speaker2": {
      "participantID": "0759",
      "gender": "여성",
      "age": "50대",
      "occupation": "자영업",
      "bPlace": "서울/경기/인천",
      "gPlace": "서울/경기/인천",
      "rPlace": "서울/경기/인천",
      "educationLevel": "대졸"
    }
  },
  "multisessionInfo": {
    "multisessionID": "2-00478"
  },
  "personaInfo": {
    "clInfo": {
      "personaID": "41158",
      "personaFeatures": [
        "나는 여자이다.",
        "나는 40대이다.",
        "나는 대기업 사원이다.",
        "나는 체험 여행을 가끔 간다.",
        "나는 거북이 두 마리를 키운다."
      ],
      "speakerType": "speaker1"
    },
    "cpInfo": {
      "personaID": "51691",
      "personaFeatures": [
        "나는 여자이다.",
        "나는 50대이다.",
        "나의 거주지는 평택이다.",
        "나의 자녀는 유학 중이다.",
        "나는 블루스 음악을 싫어한다."
      ],
      "speakerType": "speaker2"
    }
  },
  "topicInfo": {
    "topicID": "18-12",
    "topicType": "상거래 전반",
    "topicTitle": "아울렛"
  },
  "sessionInfo": [
    {
      "prevSessionID": null,
      "prevTimeInfo": {
        "timeNum": null,
        "timeUnit": null
      },
      "nthSession": "1",
      "numberOfUtterances": "16",
      "numberOfTurns": "8",
      "sessionID": "2-00478-1",
      "dialog": [
        {
          "speaker": "speaker1",
          "personaID": "41158",
          "participantID": "0541",
          "utterance": "안녕하십니까~ 40대 여자입니다~ ^^",
          "summary": "나는 40대 여자이다.",
          "date": "2022-09-30",
          "time": "00:26:24",
          "terminate": "false"
        },
        {
          "speaker": "speaker2",
          "personaID": "51691",
          "participantID": "0759",
          "utterance": "안녕하세요 50대 여자입니다. 이런거 처음 해봤는데 친하게 지내요^^",
          "summary": "나는 50대 여자이다.",
          "date": "2022-09-30",
          "time": "00:26:41",
          "terminate": "false"
        },
        {
          "speaker": "speaker1",
          "personaID": "41158",
          "participantID": "0541",
          "utterance": "선생님은 거주하고 계신 지역이 어디에요?",
          "summary": "",
          "date": "2022-09-30",
          "time": "00:26:45",
          "terminate": "false"
        },
        {
          "speaker": "speaker2",
          "personaID": "51691",
          "participantID": "0759",
          "utterance": "저는 평택에 거주하고 있어요 선생님은 직업이 뭐에요?",
          "summary": "나의 거주지는 평택이다.",
          "date": "2022-09-30",
          "time": "00:27:04",
          "terminate": "false"
        },
        {
          "speaker": "speaker1",
          "personaID": "41158",
          "participantID": "0541",
          "utterance": "그러시군요 저는 대기업 사원입니다^^",
          "summary": "나는 대기업 사원이다.",
          "date": "2022-09-30",
          "time": "00:27:07",
          "terminate": "false"
        },
        {
          "speaker": "speaker2",
          "personaID": "51691",
          "participantID": "0759",
          "utterance": "대기업 사업이면 성공하셨네요~선생님은 주말에 주로 뭐하세요?",
          "summary": "",
          "date": "2022-09-30",
          "time": "00:27:38",
          "terminate": "false"
        },
        {
          "speaker": "speaker1",
          "personaID": "41158",
          "participantID": "0541",
          "utterance": "저는 딸이랑 체험 여행을 가끔 다녀요~",
          "summary": "나는 체험 여행을 가끔 간다.",
          "date": "2022-09-30",
          "time": "00:28:05",
          "terminate": "false"
        },
        {
          "speaker": "speaker2",
          "personaID": "51691",
          "participantID": "0759",
          "utterance": "부럽네요 저는 자녀가 유학중이라 잘 못보는데..",
          "summary": "나의 자녀는 유학 중이다.",
          "date": "2022-09-30",
          "time": "00:28:18",
          "terminate": "false"
        },
        {
          "speaker": "speaker1",
          "personaID": "41158",
          "participantID": "0541",
          "utterance": "엄청 보고 싶으시겠어요 ㅜㅜ 어디로 갔어요?",
          "summary": "",
          "date": "2022-09-30",
          "time": "00:28:22",
          "terminate": "false"
        },
        {
          "speaker": "speaker2",
          "personaID": "51691",
          "participantID": "0759",
          "utterance": "미국으로 갔어요~ 1년에 2번정도밖에 못보네요..",
          "summary": "나의 자녀는 미국으로 유학 갔다./나는 자녀를 1년에 2번밖에 못 본다.",
          "date": "2022-09-30",
          "time": "00:28:37",
          "terminate": "false"
        },
        {
          "speaker": "speaker1",
          "personaID": "41158",
          "participantID": "0541",
          "utterance": "그래도 좋은곳으로 공부하러 갔네요 ㅜㅜ 거북이 키워 보셨어요?",
          "summary": "",
          "date": "2022-09-30",
          "time": "00:28:54",
          "terminate": "false"
        },
        {
          "speaker": "speaker2",
          "personaID": "51691",
          "participantID": "0759",
          "utterance": "이왕 하는거 더 좋은곳에서 공부하라고 보냈어요~저는 거북이 안키워봤어요.",
          "summary": "나는 거북이를 안 키워 봤다.",
          "date": "2022-09-30",
          "time": "00:29:17",
          "terminate": "false"
        },
        {
          "speaker": "speaker1",
          "personaID": "41158",
          "participantID": "0541",
          "utterance": "제가 이번에 거북이 두 마리를 키우게 됬거든요! 가만 보면 징그러운데 귀여워요 ㅋㅋ.",
          "summary": "나는 거북이 두 마리를 키운다.",
          "date": "2022-09-30",
          "time": "00:29:26",
          "terminate": "false"
        },
        {
          "speaker": "speaker2",
          "personaID": "51691",
          "participantID": "0759",
          "utterance": "거북이는 장수 한다던데~ 잘 키워보세요^^",
          "summary": "",
          "date": "2022-09-30",
          "time": "00:29:42",
          "terminate": "false"
        },
        {
          "speaker": "speaker1",
          "personaID": "41158",
          "participantID": "0541",
          "utterance": "네 ㅎ 거북이 등껍질 닦아주러 가야해요~ 이따가 대화해요 ㅎㅎ.",
          "summary": "나는 거북이 등껍질 닦아주러 간다.",
          "date": "2022-09-30",
          "time": "00:29:49",
          "terminate": "false"
        },
        {
          "speaker": "speaker2",
          "personaID": "51691",
          "participantID": "0759",
          "utterance": "네 저도 미국에 있는 자녀랑 영상통화좀 하고 올게요.",
          "summary": "나는 자녀와 영상통화를 하러 간다.",
          "date": "2022-09-30",
          "time": "00:30:06",
          "terminate": "true"
        }
      ],
      "sessionPersonaSummary": {
        "speaker1": [
          "나는 40대 여자이다.",
          "나는 대기업 사원이다.",
          "나는 체험 여행을 가끔 간다.",
          "나는 거북이 두 마리를 키운다.",
          "나는 거북이 등껍질 닦아주러 간다."
        ],
        "speaker2": [
          "나는 50대 여자이다.",
          "나의 거주지는 평택이다.",
          "나의 자녀는 유학 중이다.",
          "나의 자녀는 미국으로 유학 갔다./나는 자녀를 1년에 2번밖에 못 본다.",
          "나는 거북이를 안 키워 봤다.",
          "나는 자녀와 영상통화를 하러 간다."
        ]
      },
      "prevAggregatedpersonaSummary": {
        "speaker1": [],
        "speaker2": []
      }
    },
    {
      "prevSessionID": "2-00478-1",
      "prevTimeInfo": {
        "timeNum": "1",
        "timeUnit": "시간"
      },
      "nthSession": "2",
      "numberOfUtterances": "16",
      "numberOfTurns": "8",
      "sessionID": "2-00478-2",
      "dialog": [
        {
          "speaker": "speaker1",
          "personaID": "41158",
          "participantID": "0541",
          "utterance": "1시간이 지났네요~ 자녀분이랑 영상통화 잘 하셨어요?",
          "summary": "",
          "date": "2022-09-30",
          "time": "00:30:19",
          "terminate": "false"
        },
        {
          "speaker": "speaker2",
          "personaID": "51691",
          "participantID": "0759",
          "utterance": "네 잘 했어요 예전에는 매일매일 영상통화 했는데 지금은 사랑이 식었는지 잘 안하네요^^",
          "summary": "나의 자녀는 예전에 매일 영상통화를 했지만 지금은 잘하지 않는다.",
          "date": "2022-09-30",
          "time": "00:30:50",
          "terminate": "false"
        },
        {
          "speaker": "speaker1",
          "personaID": "41158",
          "participantID": "0541",
          "utterance": "공부하느라 바빠서 그러겠죠 ㅎㅎ 좋아하는 음악 있으세요?",
          "summary": "",
          "date": "2022-09-30",
          "time": "00:31:08",
          "terminate": "false"
        },
        {
          "speaker": "speaker2",
          "personaID": "51691",
          "participantID": "0759",
          "utterance": "음 저는 블루스 음악을 싫어해서 그 음악만 아니면 다 좋아요^^",
          "summary": "나는 블루스 음악을 싫어한다.",
          "date": "2022-09-30",
          "time": "00:31:19",
          "terminate": "false"
        },
        {
          "speaker": "speaker1",
          "personaID": "41158",
          "participantID": "0541",
          "utterance": "그러시구나 ㅎㅎ 선생님 아울렛 구경가는거 좋아하시나요?",
          "summary": "",
          "date": "2022-09-30",
          "time": "00:31:40",
          "terminate": "false"
        },
        {
          "speaker": "speaker2",
          "personaID": "51691",
          "participantID": "0759",
          "utterance": "아울렛 구경도 좋고 쇼핑도 좋아해요~",
          "summary": "나는 아웃렛 구경과 쇼핑을 좋아한다.",
          "date": "2022-09-30",
          "time": "00:31:51",
          "terminate": "false"
        },
        {
          "speaker": "speaker1",
          "personaID": "41158",
          "participantID": "0541",
          "utterance": "부러우실수 있겠지만 이따 딸이랑 아울렛 가거든요~",
          "summary": "나는 딸이랑 아웃렛을 간다.",
          "date": "2022-09-30",
          "time": "00:31:59",
          "terminate": "false"
        },
        {
          "speaker": "speaker2",
          "personaID": "51691",
          "participantID": "0759",
          "utterance": "네 또 한번 부럽네요.. 어디 아울렛으로 가세요?",
          "summary": "",
          "date": "2022-09-30",
          "time": "00:32:26",
          "terminate": "false"
        },
        {
          "speaker": "speaker1",
          "personaID": "41158",
          "participantID": "0541",
          "utterance": "대전 @브랜드명1@아울렛에 가요~ ㅎㅎㅎ.",
          "summary": "나는 대전 @브랜드명1@ 아웃렛을 간다.",
          "date": "2022-09-30",
          "time": "00:33:04",
          "terminate": "false"
        },
        {
          "speaker": "speaker2",
          "personaID": "51691",
          "participantID": "0759",
          "utterance": "딸이랑 아울렛 가서 맛있는것도 먹고 좋은시간 보내고 오세요~",
          "summary": "",
          "date": "2022-09-30",
          "time": "00:33:22",
          "terminate": "false"
        },
        {
          "speaker": "speaker1",
          "personaID": "41158",
          "participantID": "0541",
          "utterance": "네~ 따님은 공부 언제 끝나서 한국 언제 온데요?",
          "summary": "",
          "date": "2022-09-30",
          "time": "00:33:29",
          "terminate": "false"
        },
        {
          "speaker": "speaker2",
          "personaID": "51691",
          "participantID": "0759",
          "utterance": "지금 유학간지가 3년째고 2년 뒤에 한국으로 와요.",
          "summary": "나의 자녀는 3년째 유학 중이고 2년 뒤 한국에 온다.",
          "date": "2022-09-30",
          "time": "00:33:48",
          "terminate": "false"
        },
        {
          "speaker": "speaker1",
          "personaID": "41158",
          "participantID": "0541",
          "utterance": "2년이나 남았어요? ㅜㅜ 아이고 그러다 미국남자랑 결혼한다고 하면 우째요?",
          "summary": "",
          "date": "2022-09-30",
          "time": "00:34:05",
          "terminate": "false"
        },
        {
          "speaker": "speaker2",
          "personaID": "51691",
          "participantID": "0759",
          "utterance": "그건 제가 반대 할겁니다. 유학 보내기전에 약속도 했구요.",
          "summary": "나는 자녀가 미국 사람과 결혼하는 걸 반대한다.",
          "date": "2022-09-30",
          "time": "00:34:18",
          "terminate": "false"
        },
        {
          "speaker": "speaker1",
          "personaID": "41158",
          "participantID": "0541",
          "utterance": "그러셨구나! 저는 딸이 와서 아울렛 갈 준비 해야겠네요 ㅎㅎ 대화 즐거웠어요!",
          "summary": "나는 아웃렛 갈 준비를 하러 간다.",
          "date": "2022-09-30",
          "time": "00:34:29",
          "terminate": "false"
        },
        {
          "speaker": "speaker2",
          "personaID": "51691",
          "participantID": "0759",
          "utterance": "네 선생님 잘 다녀오세요~^^ 저는 독서좀 하고 오겠습니다.",
          "summary": "나는 독서를 하러 간다.",
          "date": "2022-09-30",
          "time": "00:34:59",
          "terminate": "true"
        }
      ],
      "sessionPersonaSummary": {
        "speaker1": [
          "나는 딸이랑 아웃렛을 간다.",
          "나는 대전 @브랜드명1@ 아웃렛을 간다.",
          "나는 아웃렛 갈 준비를 하러 간다."
        ],
        "speaker2": [
          "나의 자녀는 예전에 매일 영상통화를 했지만 지금은 잘하지 않는다.",
          "나는 블루스 음악을 싫어한다.",
          "나는 아웃렛 구경과 쇼핑을 좋아한다.",
          "나의 자녀는 3년째 유학 중이고 2년 뒤 한국에 온다.",
          "나는 자녀가 미국 사람과 결혼하는 걸 반대한다.",
          "나는 독서를 하러 간다."
        ]
      },
      "prevAggregatedpersonaSummary": {
        "speaker1": [
          "나는 40대 여자이다.",
          "나는 대기업 사원이다.",
          "나는 체험 여행을 가끔 간다.",
          "나는 거북이 두 마리를 키운다.",
          "나는 거북이 등껍질 닦아주러 간다."
        ],
        "speaker2": [
          "나는 50대 여자이다.",
          "나의 거주지는 평택이다.",
          "나의 자녀는 유학 중이다.",
          "나의 자녀는 미국으로 유학 갔다./나는 자녀를 1년에 2번밖에 못 본다.",
          "나는 거북이를 안 키워 봤다.",
          "나는 자녀와 영상통화를 하러 간다."
        ]
      }
    }
  ]
}