{
  "FileInfo": {
    "filename": "K2-00224-CL31873-CP32543-06-20-S2.json",
    "sessionLevel": "2"
  },
  "participantsInfo": {
    "numberOfParticipants": "2",
    "speaker1": {
      "participantID": "0529",
      "gender": "여성",
      "age": "30대",
      "occupation": "주부",
      "bPlace": "광주/전라/제주",
      "gPlace": "광주/전라/제주",
      "rPlace": "광주/전라/제주",
      "educationLevel": "대졸"
    },
    "speaker2": {
      "participantID": "0539",
      "gender": "여성",
      "age": "20대",
      "occupation": "서비스직",
      "bPlace": "부산/대구/울산/경상",
      "gPlace": "부산/대구/울산/경상",
      "rPlace": "부산/대구/울산/경상",
      "educationLevel": "대졸"
    }
  },
  "multisessionInfo": {
    "multisessionID": "2-00224"
  },
  "personaInfo": {
    "clInfo": {
      "personaID": "31873",
      "personaFeatures": [
        "나는 여자이다.",
        "나는 30대이다.",
        "나는 20년 후 자가를 마련하는 것이 목표이다.",
        "나는 줄넘기를 자주 한다.",
        "나는 피아노 연주를 가끔 한다."
      ],
      "speakerType": "speaker1"
    },
    "cpInfo": {
      "personaID": "32543",
      "personaFeatures": [
        "나는 여자이다.",
        "나는 30대이다.",
        "나는 판사이다.",
        "나는 필라테스를 가끔 한다.",
        "나는 곱창을 좋아한다."
      ],
      "speakerType": "speaker2"
    }
  },
  "topicInfo": {
    "topicID": "06-20",
    "topicType": "교육",
    "topicTitle": "수강신청"
  },
  "sessionInfo": [
    {
      "prevSessionID": null,
      "prevTimeInfo": {
        "timeNum": null,
        "timeUnit": null
      },
      "nthSession": "1",
      "numberOfUtterances": "16",
      "numberOfTurns": "8",
      "sessionID": "2-00224-1",
      "dialog": [
        {
          "speaker": "speaker1",
          "personaID": "31873",
          "participantID": "0529",
          "utterance": "안녕하신가요. 저는 30대 여자랍니다. 처음 뵙겠습니다.",
          "summary": "나는 30대 여자이다.",
          "date": "2022-09-29",
          "time": "19:17:50",
          "terminate": "false"
        },
        {
          "speaker": "speaker2",
          "personaID": "32543",
          "participantID": "0539",
          "utterance": "반갑습니다. 저는 30대 여자에요. 처음 뵙겠어요.",
          "summary": "나는 30대 여자이다.",
          "date": "2022-09-29",
          "time": "19:18:03",
          "terminate": "false"
        },
        {
          "speaker": "speaker1",
          "personaID": "31873",
          "participantID": "0529",
          "utterance": "어떤 일 하시는 분일까요? 자기소개해요~",
          "summary": "",
          "date": "2022-09-29",
          "time": "19:18:05",
          "terminate": "false"
        },
        {
          "speaker": "speaker2",
          "personaID": "32543",
          "participantID": "0539",
          "utterance": "저는 판사에요. 법으로 처벌하죠~ 무슨일 하세요?",
          "summary": "나는 판사이다.",
          "date": "2022-09-29",
          "time": "19:18:19",
          "terminate": "false"
        },
        {
          "speaker": "speaker1",
          "personaID": "31873",
          "participantID": "0529",
          "utterance": "허걱 판사님이군요. 저는 백수라 피아노 연주를 가끔 하고 있어요.",
          "summary": "나는 직업이 없다. 나는 피아노 연주를 가끔 한다.",
          "date": "2022-09-29",
          "time": "19:18:20",
          "terminate": "false"
        },
        {
          "speaker": "speaker2",
          "personaID": "32543",
          "participantID": "0539",
          "utterance": "저는 필라테스를 가끔해요~ 몸매 관리하기에 좋더라구요.",
          "summary": "나는 필라테스를 가끔 한다.",
          "date": "2022-09-29",
          "time": "19:18:49",
          "terminate": "false"
        },
        {
          "speaker": "speaker1",
          "personaID": "31873",
          "participantID": "0529",
          "utterance": "대단하시네요~ 저는 줄넘기를 자주 하는데 이게 도움이 되어요.",
          "summary": "나는 줄넘기를 자주 한다.",
          "date": "2022-09-29",
          "time": "19:18:56",
          "terminate": "false"
        },
        {
          "speaker": "speaker2",
          "personaID": "32543",
          "participantID": "0539",
          "utterance": "꾸준히 줄넘기하는거 힘들던데 대단하시네요.",
          "summary": "",
          "date": "2022-09-29",
          "time": "19:19:18",
          "terminate": "false"
        },
        {
          "speaker": "speaker1",
          "personaID": "31873",
          "participantID": "0529",
          "utterance": "지금은 대학을 갈까 생각중이라 공부도 해요~",
          "summary": "나는 대학을 가려한다.",
          "date": "2022-09-29",
          "time": "19:19:25",
          "terminate": "false"
        },
        {
          "speaker": "speaker2",
          "personaID": "32543",
          "participantID": "0539",
          "utterance": "그러시구나. 차근차근 준비하는걸 잘하시는편이시네요.",
          "summary": "",
          "date": "2022-09-29",
          "time": "19:19:45",
          "terminate": "false"
        },
        {
          "speaker": "speaker1",
          "personaID": "31873",
          "participantID": "0529",
          "utterance": "네. 20년후에는 자가로 집을 사는게 목표랍니다~",
          "summary": "나는 20년 후 자가를 마련하는 것이 목표이다.",
          "date": "2022-09-29",
          "time": "19:19:48",
          "terminate": "false"
        },
        {
          "speaker": "speaker2",
          "personaID": "32543",
          "participantID": "0539",
          "utterance": "저는 당장에 좋아하는 곱창도 못먹어서 스트레스인데 별거아니네요.",
          "summary": "나는 곱창을 좋아한다.",
          "date": "2022-09-29",
          "time": "19:20:05",
          "terminate": "false"
        },
        {
          "speaker": "speaker1",
          "personaID": "31873",
          "participantID": "0529",
          "utterance": "저도 그런말하니까 땡기네요~ 술도 한잔 하고싶어요~",
          "summary": "나는 술이 당긴다.",
          "date": "2022-09-29",
          "time": "19:20:11",
          "terminate": "false"
        },
        {
          "speaker": "speaker2",
          "personaID": "32543",
          "participantID": "0539",
          "utterance": "소주한잔하면서 곱창조합이 최강이긴해요.",
          "summary": "",
          "date": "2022-09-29",
          "time": "19:20:35",
          "terminate": "false"
        },
        {
          "speaker": "speaker1",
          "personaID": "31873",
          "participantID": "0529",
          "utterance": "맞아요! 참 저는 이만 자볼게요~ 자야할 시간이네요~",
          "summary": "",
          "date": "2022-09-29",
          "time": "19:20:38",
          "terminate": "false"
        },
        {
          "speaker": "speaker2",
          "personaID": "32543",
          "participantID": "0539",
          "utterance": "좋은 꿈 꾸시고 다음에 연락하도록해요.",
          "summary": "",
          "date": "2022-09-29",
          "time": "19:20:53",
          "terminate": "true"
        }
      ],
      "sessionPersonaSummary": {
        "speaker1": [
          "나는 30대 여자이다.",
          "나는 직업이 없다. 나는 피아노 연주를 가끔 한다.",
          "나는 줄넘기를 자주 한다.",
          "나는 대학을 가려한다.",
          "나는 20년 후 자가를 마련하는 것이 목표이다.",
          "나는 술이 당긴다."
        ],
        "speaker2": [
          "나는 30대 여자이다.",
          "나는 판사이다.",
          "나는 필라테스를 가끔 한다.",
          "나는 곱창을 좋아한다."
        ]
      },
      "prevAggregatedpersonaSummary": {
        "speaker1": [],
        "speaker2": []
      }
    },
    {
      "prevSessionID": "2-00224-1",
      "prevTimeInfo": {
        "timeNum": "4",
        "timeUnit": "일"
      },
      "nthSession": "2",
      "numberOfUtterances": "20",
      "numberOfTurns": "10",
      "sessionID": "2-00224-2",
      "dialog": [
        {
          "speaker": "speaker1",
          "personaID": "31873",
          "participantID": "0529",
          "utterance": "나흘만입니다! 판사님! 그동안 잘 지냈나요?",
          "summary": "",
          "date": "2022-09-29",
          "time": "19:20:54",
          "terminate": "false"
        },
        {
          "speaker": "speaker2",
          "personaID": "32543",
          "participantID": "0539",
          "utterance": "네~ 잘지내고있죠. 피아노는 잘 치고 계셨어요?",
          "summary": "",
          "date": "2022-09-29",
          "time": "19:21:11",
          "terminate": "false"
        },
        {
          "speaker": "speaker1",
          "personaID": "31873",
          "participantID": "0529",
          "utterance": "네 ㅎㅎ. 오늘은 피아노 좀 치다가 수강신청 해야해요.",
          "summary": "나는 수강신청을 해야 한다.",
          "date": "2022-09-29",
          "time": "19:21:15",
          "terminate": "false"
        },
        {
          "speaker": "speaker2",
          "personaID": "32543",
          "participantID": "0539",
          "utterance": "늦깎이신데 노력하시네요~ 수강신청은 몇시에 하세요?",
          "summary": "",
          "date": "2022-09-29",
          "time": "19:21:42",
          "terminate": "false"
        },
        {
          "speaker": "speaker1",
          "personaID": "31873",
          "participantID": "0529",
          "utterance": "오늘은 학원에 수강신청인데 밤 10시에 해요.",
          "summary": "나는 밤에 학원 수강신청을 한다.",
          "date": "2022-09-29",
          "time": "19:21:43",
          "terminate": "false"
        },
        {
          "speaker": "speaker2",
          "personaID": "32543",
          "participantID": "0539",
          "utterance": "대학교가 아니라 학원이었군요. 착각했네요~",
          "summary": "",
          "date": "2022-09-29",
          "time": "19:22:09",
          "terminate": "false"
        },
        {
          "speaker": "speaker1",
          "personaID": "31873",
          "participantID": "0529",
          "utterance": "네 ㅎㅎ. 이번에 스타강사 수업을 들으려고요.",
          "summary": "나는 스타 강사 수업을 들을 것이다.",
          "date": "2022-09-29",
          "time": "19:22:13",
          "terminate": "false"
        },
        {
          "speaker": "speaker2",
          "personaID": "32543",
          "participantID": "0539",
          "utterance": "좋은강사분한테 듣는게 좋긴하죠~ 경쟁이 치열하겠어요.",
          "summary": "",
          "date": "2022-09-29",
          "time": "19:22:35",
          "terminate": "false"
        },
        {
          "speaker": "speaker1",
          "personaID": "31873",
          "participantID": "0529",
          "utterance": "맞아요. 인터넷 예매같이 줄서있네요 ㅎㅎ.",
          "summary": "",
          "date": "2022-09-29",
          "time": "19:22:44",
          "terminate": "false"
        },
        {
          "speaker": "speaker2",
          "personaID": "32543",
          "participantID": "0539",
          "utterance": "저도 대학생때 치열하게 초 세가면서 했던기억이 새록새록나네요~",
          "summary": "나는 대학생 때 수강신청을 열심히 했다.",
          "date": "2022-09-29",
          "time": "19:23:04",
          "terminate": "false"
        },
        {
          "speaker": "speaker1",
          "personaID": "31873",
          "participantID": "0529",
          "utterance": "아~ 판사님도 대학생때 수강신청 많이 힘들었나요?",
          "summary": "",
          "date": "2022-09-29",
          "time": "19:23:08",
          "terminate": "false"
        },
        {
          "speaker": "speaker2",
          "personaID": "32543",
          "participantID": "0539",
          "utterance": "인기있는 강의는 1초만에 매진되듯이 하더라구요.",
          "summary": "",
          "date": "2022-09-29",
          "time": "19:23:29",
          "terminate": "false"
        },
        {
          "speaker": "speaker1",
          "personaID": "31873",
          "participantID": "0529",
          "utterance": "무지막지하네요. 판사님도 공강도 만드시고 그랬으려나요 ㅎㅎ.",
          "summary": "",
          "date": "2022-09-29",
          "time": "19:23:30",
          "terminate": "false"
        },
        {
          "speaker": "speaker2",
          "personaID": "32543",
          "participantID": "0539",
          "utterance": "저는 금요일 풀공강을 안만들면 소름이 돋더라구요~",
          "summary": "나는 금요일에 공강을 만들었다.",
          "date": "2022-09-29",
          "time": "19:23:47",
          "terminate": "false"
        },
        {
          "speaker": "speaker1",
          "personaID": "31873",
          "participantID": "0529",
          "utterance": "ㅋㅋㅋ. 잘 쉬어야 공부도 잘 하나봐요! 좋네요~",
          "summary": "",
          "date": "2022-09-29",
          "time": "19:23:50",
          "terminate": "false"
        },
        {
          "speaker": "speaker2",
          "personaID": "32543",
          "participantID": "0539",
          "utterance": "짜맞추다가 안되서 결국은 포기했지만요. 그건 좀 슬프네요.",
          "summary": "",
          "date": "2022-09-29",
          "time": "19:24:10",
          "terminate": "false"
        },
        {
          "speaker": "speaker1",
          "personaID": "31873",
          "participantID": "0529",
          "utterance": "어쩔수없죠 ㅠㅠ. 그건 저도 그럴거같아요.",
          "summary": "",
          "date": "2022-09-29",
          "time": "19:24:15",
          "terminate": "false"
        },
        {
          "speaker": "speaker2",
          "personaID": "32543",
          "participantID": "0539",
          "utterance": "그러면 수강신청 잘 하시고 다음에 연락하도록해요.",
          "summary": "",
          "date": "2022-09-29",
          "time": "19:24:26",
          "terminate": "false"
        },
        {
          "speaker": "speaker1",
          "personaID": "31873",
          "participantID": "0529",
          "utterance": "그래요~ 다음에 또 연락해요! 즐거웠습니다!",
          "summary": "",
          "date": "2022-09-29",
          "time": "19:24:33",
          "terminate": "false"
        },
        {
          "speaker": "speaker2",
          "personaID": "32543",
          "participantID": "0539",
          "utterance": "네 즐거운 대화 고마웠어요. 또 이야기해요.",
          "summary": "",
          "date": "2022-09-29",
          "time": "19:24:45",
          "terminate": "true"
        }
      ],
      "sessionPersonaSummary": {
        "speaker1": [
          "나는 수강신청을 해야 한다.",
          "나는 밤에 학원 수강신청을 한다.",
          "나는 스타 강사 수업을 들을 것이다."
        ],
        "speaker2": [
          "나는 대학생 때 수강신청을 열심히 했다.",
          "나는 금요일에 공강을 만들었다."
        ]
      },
      "prevAggregatedpersonaSummary": {
        "speaker1": [
          "나는 30대 여자이다.",
          "나는 직업이 없다. 나는 피아노 연주를 가끔 한다.",
          "나는 줄넘기를 자주 한다.",
          "나는 대학을 가려한다.",
          "나는 20년 후 자가를 마련하는 것이 목표이다.",
          "나는 술이 당긴다."
        ],
        "speaker2": [
          "나는 30대 여자이다.",
          "나는 판사이다.",
          "나는 필라테스를 가끔 한다.",
          "나는 곱창을 좋아한다."
        ]
      }
    }
  ]
}