{
  "FileInfo": {
    "filename": "K2-00481-CL33605-CP33289-10-04-S2.json",
    "sessionLevel": "2"
  },
  "participantsInfo": {
    "numberOfParticipants": "2",
    "speaker1": {
      "participantID": "0774",
      "gender": "여성",
      "age": "30대",
      "occupation": "주부",
      "bPlace": "서울/경기/인천",
      "gPlace": "서울/경기/인천",
      "rPlace": "서울/경기/인천",
      "educationLevel": "고졸"
    },
    "speaker2": {
      "participantID": "0666",
      "gender": "남성",
      "age": "30대",
      "occupation": "무직",
      "bPlace": "서울/경기/인천",
      "gPlace": "서울/경기/인천",
      "rPlace": "서울/경기/인천",
      "educationLevel": "대졸"
    }
  },
  "multisessionInfo": {
    "multisessionID": "2-00481"
  },
  "personaInfo": {
    "clInfo": {
      "personaID": "33605",
      "personaFeatures": [
        "나는 여자이다.",
        "나는 30대이다.",
        "나는 10년 후 투자에 성공해서 은퇴하는 것이 목표이다.",
        "나는 택시 운전원이다.",
        "나는 줄넘기를 자주 한다.",
        "나는 청소하는 것을 싫어한다."
      ],
      "speakerType": "speaker1"
    },
    "cpInfo": {
      "personaID": "33289",
      "personaFeatures": [
        "나는 남자이다.",
        "나는 30대이다.",
        "나는 봄을 좋아한다.",
        "나는 이탈리아에 가 보고 싶다.",
        "나는 매우 게으르다.",
        "나는 식물에 관심 없다."
      ],
      "speakerType": "speaker2"
    }
  },
  "topicInfo": {
    "topicID": "10-04",
    "topicType": "여가와 오락>스포츠/레져",
    "topicTitle": "낚시"
  },
  "sessionInfo": [
    {
      "prevSessionID": null,
      "prevTimeInfo": {
        "timeNum": null,
        "timeUnit": null
      },
      "nthSession": "1",
      "numberOfUtterances": "18",
      "numberOfTurns": "9",
      "sessionID": "2-00481-1",
      "dialog": [
        {
          "speaker": "speaker1",
          "personaID": "33605",
          "participantID": "0774",
          "utterance": "좋은밤입니다. 저는 30대 여자입니다. 안주무시면 대화해요~",
          "summary": "나는 30대 여자이다.",
          "date": "2022-10-06",
          "time": "09:49:16",
          "terminate": "false"
        },
        {
          "speaker": "speaker2",
          "personaID": "33289",
          "participantID": "0666",
          "utterance": "반갑습니다~ 저도 30대이고 남자에요~ 아직 안자고있어요!",
          "summary": "나는 30대 남자이다.",
          "date": "2022-10-06",
          "time": "09:49:41",
          "terminate": "false"
        },
        {
          "speaker": "speaker1",
          "personaID": "33605",
          "participantID": "0774",
          "utterance": "저는 택시운전원을 하고 있는데 무슨 일 하세요?",
          "summary": "나는 택시 운전원이다.",
          "date": "2022-10-06",
          "time": "09:50:04",
          "terminate": "false"
        },
        {
          "speaker": "speaker2",
          "personaID": "33289",
          "participantID": "0666",
          "utterance": "저는 매우 게을러서 집에서 놀고 있습니다.ㅎㅎ.",
          "summary": "나는 매우 게으르다.",
          "date": "2022-10-06",
          "time": "09:50:55",
          "terminate": "false"
        },
        {
          "speaker": "speaker1",
          "personaID": "33605",
          "participantID": "0774",
          "utterance": "아~ 저도 일하기 싫어서 10년 후 투자에 성공해서 은퇴하는것이 목표에요ㅎㅎ 취미는 있으세요?",
          "summary": "나는 10년 후 투자에 성공해서 은퇴하는 것이 목표이다.",
          "date": "2022-10-06",
          "time": "09:53:44",
          "terminate": "false"
        },
        {
          "speaker": "speaker2",
          "personaID": "33289",
          "participantID": "0666",
          "utterance": "취미는 아닌데 이탈리아에 가 보고 싶어서 생각만 하고 있어요.",
          "summary": "나는 이탈리아에 가 보고 싶다.",
          "date": "2022-10-06",
          "time": "09:55:07",
          "terminate": "false"
        },
        {
          "speaker": "speaker1",
          "personaID": "33605",
          "participantID": "0774",
          "utterance": "그렇군요~ 저는 줄넘기를 자주 하는데 운동은 자주 하세요?",
          "summary": "나는 줄넘기를 자주 한다.",
          "date": "2022-10-06",
          "time": "09:55:35",
          "terminate": "false"
        },
        {
          "speaker": "speaker2",
          "personaID": "33289",
          "participantID": "0666",
          "utterance": "저는 게을러서 운동도 잘 안해요. 부지런하시네요.",
          "summary": "나는 운동을 잘 안 한다.",
          "date": "2022-10-06",
          "time": "10:02:51",
          "terminate": "false"
        },
        {
          "speaker": "speaker1",
          "personaID": "33605",
          "participantID": "0774",
          "utterance": "그렇군요~ 저도 청소는 싫어해요! 청소는 자주 하세요?",
          "summary": "나는 청소하는 것을 싫어한다.",
          "date": "2022-10-06",
          "time": "10:03:25",
          "terminate": "false"
        },
        {
          "speaker": "speaker2",
          "personaID": "33289",
          "participantID": "0666",
          "utterance": "저도 청소 싫어해요. 식물에도 관심이 없어서 집이 살풍경합니다.",
          "summary": "나는 청소를 싫어한다 나는 식물에 관심이 없다.",
          "date": "2022-10-06",
          "time": "10:04:59",
          "terminate": "false"
        },
        {
          "speaker": "speaker1",
          "personaID": "33605",
          "participantID": "0774",
          "utterance": "하하 그래도 좋아하는 거 하나쯤은 있으시죠?",
          "summary": "",
          "date": "2022-10-06",
          "time": "10:05:30",
          "terminate": "false"
        },
        {
          "speaker": "speaker2",
          "personaID": "33289",
          "participantID": "0666",
          "utterance": "저는 계절중에 봄을 좋아해요! 봄은 참 좋아합니다.ㅎ.",
          "summary": "나는 봄을 좋아한다.",
          "date": "2022-10-06",
          "time": "10:05:47",
          "terminate": "false"
        },
        {
          "speaker": "speaker1",
          "personaID": "33605",
          "participantID": "0774",
          "utterance": "봄 너무 좋아요~ 봄에 꽃놀이는 가세요?",
          "summary": "",
          "date": "2022-10-06",
          "time": "10:06:31",
          "terminate": "false"
        },
        {
          "speaker": "speaker2",
          "personaID": "33289",
          "participantID": "0666",
          "utterance": "집 근처 공원가서 꽃보는데 그것도 좋더라구요.",
          "summary": "나는 봄에 집 근처 공원에서 꽃을 본다.",
          "date": "2022-10-06",
          "time": "10:06:45",
          "terminate": "false"
        },
        {
          "speaker": "speaker1",
          "personaID": "33605",
          "participantID": "0774",
          "utterance": "그렇군요~ 투자에는 관심 없으세요? 주식같은거 안해요?",
          "summary": "",
          "date": "2022-10-06",
          "time": "10:07:26",
          "terminate": "false"
        },
        {
          "speaker": "speaker2",
          "personaID": "33289",
          "participantID": "0666",
          "utterance": "돈이 없어서 주식을 할 돈이 없습니다...ㅎ.",
          "summary": "나는 돈이 없다.",
          "date": "2022-10-06",
          "time": "10:07:35",
          "terminate": "false"
        },
        {
          "speaker": "speaker1",
          "personaID": "33605",
          "participantID": "0774",
          "utterance": "앗...네...ㅎ 밤이 늦어서 저는 내일을 위해 이만 잘게요. 또 대화해요~",
          "summary": "나는 잠을 자려고 한다.",
          "date": "2022-10-06",
          "time": "10:07:59",
          "terminate": "false"
        },
        {
          "speaker": "speaker2",
          "personaID": "33289",
          "participantID": "0666",
          "utterance": "저는 어차피 할 게 없어서 늦게자도되요. 나중에 또 봐요~",
          "summary": "",
          "date": "2022-10-06",
          "time": "10:08:32",
          "terminate": "true"
        }
      ],
      "sessionPersonaSummary": {
        "speaker1": [
          "나는 30대 여자이다.",
          "나는 택시 운전원이다.",
          "나는 10년 후 투자에 성공해서 은퇴하는 것이 목표이다.",
          "나는 줄넘기를 자주 한다.",
          "나는 청소하는 것을 싫어한다.",
          "나는 잠을 자려고 한다."
        ],
        "speaker2": [
          "나는 30대 남자이다.",
          "나는 매우 게으르다.",
          "나는 이탈리아에 가 보고 싶다.",
          "나는 운동을 잘 안 한다.",
          "나는 청소를 싫어한다 나는 식물에 관심이 없다.",
          "나는 봄을 좋아한다.",
          "나는 봄에 집 근처 공원에서 꽃을 본다.",
          "나는 돈이 없다."
        ]
      },
      "prevAggregatedpersonaSummary": {
        "speaker1": [],
        "speaker2": []
      }
    },
    {
      "prevSessionID": "2-00481-1",
      "prevTimeInfo": {
        "timeNum": "5",
        "timeUnit": "일"
      },
      "nthSession": "2",
      "numberOfUtterances": "18",
      "numberOfTurns": "9",
      "sessionID": "2-00481-2",
      "dialog": [
        {
          "speaker": "speaker1",
          "personaID": "33605",
          "participantID": "0774",
          "utterance": "5일만에 연락했네요~ 주말인데 뭐 하고 계세요?",
          "summary": "",
          "date": "2022-10-06",
          "time": "10:08:57",
          "terminate": "false"
        },
        {
          "speaker": "speaker2",
          "personaID": "33289",
          "participantID": "0666",
          "utterance": "저는 친구들이 낚시가자고 해서 낚시에 왔어요.",
          "summary": "나는 낚시를 왔다.",
          "date": "2022-10-06",
          "time": "10:09:10",
          "terminate": "false"
        },
        {
          "speaker": "speaker1",
          "personaID": "33605",
          "participantID": "0774",
          "utterance": "오~ 무슨 낚시 하시는 거에요? 바다낚시?",
          "summary": "",
          "date": "2022-10-06",
          "time": "10:09:28",
          "terminate": "false"
        },
        {
          "speaker": "speaker2",
          "personaID": "33289",
          "participantID": "0666",
          "utterance": "네, 친구가 능력이 좀 있어서 바다낚시 저희끼리만 왔어요.",
          "summary": "나는 바다낚시를 왔다.",
          "date": "2022-10-06",
          "time": "10:09:41",
          "terminate": "false"
        },
        {
          "speaker": "speaker1",
          "personaID": "33605",
          "participantID": "0774",
          "utterance": "바다낚시 너무 재밌겠어요~ 뭐 좀 잡으셨어요?",
          "summary": "",
          "date": "2022-10-06",
          "time": "10:09:57",
          "terminate": "false"
        },
        {
          "speaker": "speaker2",
          "personaID": "33289",
          "participantID": "0666",
          "utterance": "아직 못잡았어요. 멀미를 좀 해서 힘드네요.",
          "summary": "나는 멀미를 한다.",
          "date": "2022-10-06",
          "time": "10:10:28",
          "terminate": "false"
        },
        {
          "speaker": "speaker1",
          "personaID": "33605",
          "participantID": "0774",
          "utterance": "낚시 처음 해보시는 거에요? 해보신 적 있어요?",
          "summary": "",
          "date": "2022-10-06",
          "time": "10:10:43",
          "terminate": "false"
        },
        {
          "speaker": "speaker2",
          "personaID": "33289",
          "participantID": "0666",
          "utterance": "처음 해봐서 아무것도 모르겠습니다. 힘드네요.",
          "summary": "나는 낚시를 처음 해본다.",
          "date": "2022-10-06",
          "time": "10:10:58",
          "terminate": "false"
        },
        {
          "speaker": "speaker1",
          "personaID": "33605",
          "participantID": "0774",
          "utterance": "그 먹이는 뭘로 하시는 거에요? 설마 지렁이?ㅠㅠ.",
          "summary": "",
          "date": "2022-10-06",
          "time": "10:11:15",
          "terminate": "false"
        },
        {
          "speaker": "speaker2",
          "personaID": "33289",
          "participantID": "0666",
          "utterance": "지렁이로 하고 있는데 만지기 너무 싫어요.",
          "summary": "나는 지렁이로 낚시를 한다.",
          "date": "2022-10-06",
          "time": "10:11:24",
          "terminate": "false"
        },
        {
          "speaker": "speaker1",
          "personaID": "33605",
          "participantID": "0774",
          "utterance": "친구분들도 낚시해서 아무것도 못잡았어요?",
          "summary": "",
          "date": "2022-10-06",
          "time": "10:11:48",
          "terminate": "false"
        },
        {
          "speaker": "speaker2",
          "personaID": "33289",
          "participantID": "0666",
          "utterance": "뭐 잡기는 했는데 무슨 물고기인지 모르겠어요.",
          "summary": "나의 친구는 물고기를 낚았다.",
          "date": "2022-10-06",
          "time": "10:12:08",
          "terminate": "false"
        },
        {
          "speaker": "speaker1",
          "personaID": "33605",
          "participantID": "0774",
          "utterance": "낚시도 용품이 엄청 많던데 낚시용품은 친구에게 빌리셨어요?",
          "summary": "",
          "date": "2022-10-06",
          "time": "10:12:57",
          "terminate": "false"
        },
        {
          "speaker": "speaker2",
          "personaID": "33289",
          "participantID": "0666",
          "utterance": "네, 친구가 낚시 매니아라서 낚시용품이 엄청 많더라구요.",
          "summary": "나의 친구는 낚시 마니아이다.",
          "date": "2022-10-06",
          "time": "10:13:08",
          "terminate": "false"
        },
        {
          "speaker": "speaker1",
          "personaID": "33605",
          "participantID": "0774",
          "utterance": "그렇군요. 멀미하시면 많이 힘드시겠어요. 얼마나 더 하다 가세요?",
          "summary": "",
          "date": "2022-10-06",
          "time": "10:13:27",
          "terminate": "false"
        },
        {
          "speaker": "speaker2",
          "personaID": "33289",
          "participantID": "0666",
          "utterance": "앞으로 2시간 정도 더 있다가 갈 것 같아요.",
          "summary": "나는 낚시를 2시간 더 할 예정이다.",
          "date": "2022-10-06",
          "time": "10:13:41",
          "terminate": "false"
        },
        {
          "speaker": "speaker1",
          "personaID": "33605",
          "participantID": "0774",
          "utterance": "아~ 저는 그럼 줄넘기 좀 하러 가봐야겠네요~ 낚시 재밌게 하세요.",
          "summary": "나는 줄넘기를 하러 간다.",
          "date": "2022-10-06",
          "time": "10:14:13",
          "terminate": "false"
        },
        {
          "speaker": "speaker2",
          "personaID": "33289",
          "participantID": "0666",
          "utterance": "저는 게으른데 주말에 끌려와서 너무 힘드네요. 운동 잘 하세요.",
          "summary": "",
          "date": "2022-10-06",
          "time": "10:15:21",
          "terminate": "true"
        }
      ],
      "sessionPersonaSummary": {
        "speaker1": [
          "나는 줄넘기를 하러 간다."
        ],
        "speaker2": [
          "나는 낚시를 왔다.",
          "나는 바다낚시를 왔다.",
          "나는 멀미를 한다.",
          "나는 낚시를 처음 해본다.",
          "나는 지렁이로 낚시를 한다.",
          "나의 친구는 물고기를 낚았다.",
          "나의 친구는 낚시 마니아이다.",
          "나는 낚시를 2시간 더 할 예정이다."
        ]
      },
      "prevAggregatedpersonaSummary": {
        "speaker1": [
          "나는 30대 여자이다.",
          "나는 택시 운전원이다.",
          "나는 10년 후 투자에 성공해서 은퇴하는 것이 목표이다.",
          "나는 줄넘기를 자주 한다.",
          "나는 청소하는 것을 싫어한다.",
          "나는 잠을 자려고 한다."
        ],
        "speaker2": [
          "나는 30대 남자이다.",
          "나는 매우 게으르다.",
          "나는 이탈리아에 가 보고 싶다.",
          "나는 운동을 잘 안 한다.",
          "나는 청소를 싫어한다 나는 식물에 관심이 없다.",
          "나는 봄을 좋아한다.",
          "나는 봄에 집 근처 공원에서 꽃을 본다.",
          "나는 돈이 없다."
        ]
      }
    }
  ]
}