{
  "FileInfo": {
    "filename": "K2-00324-CL10308-CP21183-17-06-S2.json",
    "sessionLevel": "2"
  },
  "participantsInfo": {
    "numberOfParticipants": "2",
    "speaker1": {
      "participantID": "7016",
      "gender": "남성",
      "age": "10대",
      "occupation": "학생",
      "bPlace": "부산/대구/울산/경상",
      "gPlace": "부산/대구/울산/경상",
      "rPlace": "부산/대구/울산/경상",
      "educationLevel": "중졸"
    },
    "speaker2": {
      "participantID": "3069",
      "gender": "남성",
      "age": "30대",
      "occupation": "기타",
      "bPlace": "부산/대구/울산/경상",
      "gPlace": "부산/대구/울산/경상",
      "rPlace": "대전/세종/충청/강원",
      "educationLevel": "대졸"
    }
  },
  "multisessionInfo": {
    "multisessionID": "2-00324"
  },
  "personaInfo": {
    "clInfo": {
      "personaID": "10308",
      "personaFeatures": [
        "나는 남자이다.",
        "나는 10대이다.",
        "나의 어머니는 회사원이다",
        "나는 종종 신이 난다",
        "나는 디스코 음악을 싫어한다"
      ],
      "speakerType": "speaker1"
    },
    "cpInfo": {
      "personaID": "21183",
      "personaFeatures": [
        "나는 남자이다.",
        "나는 20대이다.",
        "나는 무슨 일이든지 빨리 한다",
        "나는 병원에 가는 것을 싫어한다",
        "나는 달리기를 자주 한다"
      ],
      "speakerType": "speaker2"
    }
  },
  "topicInfo": {
    "topicID": "17-06",
    "topicType": "미용과 건강>건강",
    "topicTitle": "수술"
  },
  "sessionInfo": [
    {
      "prevSessionID": null,
      "prevTimeInfo": {
        "timeNum": null,
        "timeUnit": null
      },
      "nthSession": "1",
      "numberOfUtterances": "14",
      "numberOfTurns": "7",
      "sessionID": "2-00324-1",
      "dialog": [
        {
          "speaker": "speaker1",
          "personaID": "10308",
          "participantID": "7016",
          "utterance": "안녕하세요 디스코 음악을 싫어하는 10대 남성입니다.",
          "summary": "나는 디스코 음악을 싫어하는 10대 남성이다.",
          "date": "2022-10-14",
          "time": "12:22:33",
          "terminate": "false"
        },
        {
          "speaker": "speaker2",
          "personaID": "21183",
          "participantID": "3069",
          "utterance": "안녕하세요 20대 남자입니다. 10대면 디스코 음악을 좋아하기는 쉽지 않죠. 전 병원 가는 걸 싫어해요.",
          "summary": "나는 20대 남성이고 병원 가는 것을 싫어한다.",
          "date": "2022-10-14",
          "time": "12:26:23",
          "terminate": "false"
        },
        {
          "speaker": "speaker1",
          "personaID": "10308",
          "participantID": "7016",
          "utterance": "저도 병원에 가는게 두려워서 좋아하진 않습니다  저의 어머니는 회사원이신데 바쁘셔서 집에 늦게 들어오실 때 혼자 집에 있게된다면 종종 신이 납니다.",
          "summary": "나는 병원에 가는 게 두렵다. 나는 어머니가 회사원이시고 혼자 집에 있을 때는 종종 신이 난다.",
          "date": "2022-10-14",
          "time": "12:28:13",
          "terminate": "false"
        },
        {
          "speaker": "speaker2",
          "personaID": "21183",
          "participantID": "3069",
          "utterance": "아 혼자 있는 걸 좋아하시나 보네요. 달리기는 좋아하시나요? 저는 달리기를 자주 하는 편이어서요.",
          "summary": "나는 달리기를 자주 한다.",
          "date": "2022-10-14",
          "time": "12:29:10",
          "terminate": "false"
        },
        {
          "speaker": "speaker1",
          "personaID": "10308",
          "participantID": "7016",
          "utterance": "저도 달리기를 좋아합니다. 육상부도 해본 경험이 있습니다. 달리기를 잘 하시는 편인가요?",
          "summary": "나는 달리기를 좋아하고 육상부도 해봤다.",
          "date": "2022-10-14",
          "time": "13:42:20",
          "terminate": "false"
        },
        {
          "speaker": "speaker2",
          "personaID": "21183",
          "participantID": "3069",
          "utterance": "육상부라니 대단하네요. 잘하진 않고 자주 하는 거예요. 병원에 가기 싫어하니 건강관리로 하는 거죠.",
          "summary": "병원에 가기 싫어 달리기를 함",
          "date": "2022-10-14",
          "time": "13:43:37",
          "terminate": "false"
        },
        {
          "speaker": "speaker1",
          "personaID": "10308",
          "participantID": "7016",
          "utterance": "건강관리하기 귀찮아서 쉽지 않은데 대단하시네요! 저는 헬스하는 것도 재밌더라고요 근력운동 하시는 것도 좋아하시나요?",
          "summary": "나는 헬스가 재밌다.",
          "date": "2022-10-14",
          "time": "13:44:51",
          "terminate": "false"
        },
        {
          "speaker": "speaker2",
          "personaID": "21183",
          "participantID": "3069",
          "utterance": "아뇨. 제가 무슨 일이든지 빨리 하는 편이거든요. 그런데 웨이트는 막 너무 느리게 들어야 하고 그래서 별로예요.",
          "summary": "뭐든지 빠르게 하는 편임",
          "date": "2022-10-14",
          "time": "13:48:22",
          "terminate": "false"
        },
        {
          "speaker": "speaker1",
          "personaID": "10308",
          "participantID": "7016",
          "utterance": "점심은 꼬박꼬박 챙겨드시는 편인가요?",
          "summary": "",
          "date": "2022-10-14",
          "time": "13:49:55",
          "terminate": "false"
        },
        {
          "speaker": "speaker2",
          "personaID": "21183",
          "participantID": "3069",
          "utterance": "네 뭐든 빨리 하다 보니 점심도 남들보다 1시간씩은 일찍 먹는 것 같아요. 오늘도 11시에 다 먹었어요.",
          "summary": "남들보다 1시간 정도 밥을 빨리 먹기 시작함",
          "date": "2022-10-14",
          "time": "13:51:25",
          "terminate": "false"
        },
        {
          "speaker": "speaker1",
          "personaID": "10308",
          "participantID": "7016",
          "utterance": "굉장히 부지런한 삶을 살아가고 계시네요! 근데 뭐든 빨리 하다 보면 실수같은건 자주 하시는 편인가요?",
          "summary": "",
          "date": "2022-10-14",
          "time": "13:52:10",
          "terminate": "false"
        },
        {
          "speaker": "speaker2",
          "personaID": "21183",
          "participantID": "3069",
          "utterance": "네 약간 덤벙대는 것 같아요. 그러고보니 그것 때문에 핀잔 들을 때도 많은 것 같네요.",
          "summary": "빨리하는 성격 때문에 덤벙됨",
          "date": "2022-10-14",
          "time": "13:53:26",
          "terminate": "false"
        },
        {
          "speaker": "speaker1",
          "personaID": "10308",
          "participantID": "7016",
          "utterance": "저는 게을러서 핀잔 듣는데 저랑 반대 성격을 지니고 계시네요 그래도 게으른 것 보다는 부지런한게 좋은 것 같아요!",
          "summary": "나는 게을러서 핀잔을 듣는다. 나는 게으른 것보다는 부지런한 게 좋다고 생각한다.",
          "date": "2022-10-14",
          "time": "13:54:47",
          "terminate": "false"
        },
        {
          "speaker": "speaker2",
          "personaID": "21183",
          "participantID": "3069",
          "utterance": "근데 딱히 부지런한 건... 아닌 것 같아요. 그냥 빨리 하는 것 같네요. 전 일이 있어서 잠시 나가봐야겠어요. 다음에 봐요.",
          "summary": "딱히 부지런하진 않고 빨리하는 것을 좋아함",
          "date": "2022-10-14",
          "time": "13:56:07",
          "terminate": "true"
        }
      ],
      "sessionPersonaSummary": {
        "speaker1": [
          "나는 디스코 음악을 싫어하는 10대 남성이다.",
          "나는 병원에 가는 게 두렵다.",
          "나는 어머니가 회사원이시고 혼자 집에 있을 때는 종종 신이 난다.",
          "나는 달리기를 좋아하고 육상부도 해봤다.",
          "나는 헬스가 재밌다.",
          "나는 게을러서 핀잔을 듣는다.",
          "나는 게으른 것보다는 부지런한 게 좋다고 생각한다."
        ],
        "speaker2": [
          "나는 20대 남성이고 병원 가는 것을 싫어한다.",
          "나는 달리기를 자주 한다.",
          "병원에 가기 싫어 달리기를 함",
          "뭐든지 빠르게 하는 편임",
          "남들보다 1시간 정도 밥을 빨리 먹기 시작함",
          "빨리하는 성격 때문에 덤벙됨",
          "딱히 부지런하진 않고 빨리하는 것을 좋아함"
        ]
      },
      "prevAggregatedpersonaSummary": {
        "speaker1": [],
        "speaker2": []
      }
    },
    {
      "prevSessionID": "2-00324-1",
      "prevTimeInfo": {
        "timeNum": "2",
        "timeUnit": "일"
      },
      "nthSession": "2",
      "numberOfUtterances": "14",
      "numberOfTurns": "7",
      "sessionID": "2-00324-2",
      "dialog": [
        {
          "speaker": "speaker1",
          "personaID": "10308",
          "participantID": "7016",
          "utterance": "평소 본인을 꾸미시는 것으 ㄹ좋아하시나요?",
          "summary": "",
          "date": "2022-10-14",
          "time": "14:01:00",
          "terminate": "false"
        },
        {
          "speaker": "speaker2",
          "personaID": "21183",
          "participantID": "3069",
          "utterance": "이틀만이네요. 글쎄요 20대 초반에는 그랬던 것 같은데 요즘은 크게 그러진 않는 것 같아요. 좋아하세요?",
          "summary": "20대 초반임",
          "date": "2022-10-14",
          "time": "14:35:31",
          "terminate": "false"
        },
        {
          "speaker": "speaker1",
          "personaID": "10308",
          "participantID": "7016",
          "utterance": "저는 좋아하는 편인 것 같아요 ",
          "summary": "나는 꾸미는 걸 좋아하는 편이다.",
          "date": "2022-10-14",
          "time": "15:11:30",
          "terminate": "false"
        },
        {
          "speaker": "speaker2",
          "personaID": "21183",
          "participantID": "3069",
          "utterance": "그러시군요. 저는 병원 가는 걸 극로도 싫어하는 편인데 혹시 병원에 거부감은 없으신가요?",
          "summary": "병원에 대한 거부감이 큼",
          "date": "2022-10-14",
          "time": "15:36:38",
          "terminate": "false"
        },
        {
          "speaker": "speaker1",
          "personaID": "10308",
          "participantID": "7016",
          "utterance": "저는 딱히 무서움이 없어서 잘 가는 편인 것 같아요~ 굳이 고르자면 치과가 가장 무서운 것 같네요",
          "summary": "나는 병원에 대한 무서움이 딱히 없다. 나는 굳이 고르자면 치과가 가장 무섭다.",
          "date": "2022-10-14",
          "time": "15:50:02",
          "terminate": "false"
        },
        {
          "speaker": "speaker2",
          "personaID": "21183",
          "participantID": "3069",
          "utterance": "아 저는 병원에 가는 걸 엄청 싫어해요. 수술 같은 거 생각만 해도 너무 무섭잖아요.",
          "summary": "병원 가는 것을 극도로 싫어함",
          "date": "2022-10-14",
          "time": "15:50:57",
          "terminate": "false"
        },
        {
          "speaker": "speaker1",
          "personaID": "10308",
          "participantID": "7016",
          "utterance": "그럼 환자를 다루는 영화나 드라마는 꺼려하시는 편이신가요?",
          "summary": "",
          "date": "2022-10-14",
          "time": "15:54:28",
          "terminate": "false"
        },
        {
          "speaker": "speaker2",
          "personaID": "21183",
          "participantID": "3069",
          "utterance": "영화나 드라마는 가짜라는 걸 알기 때문에 별 생각없이 봐요. 그런데 실제로 받을 거 생각하면 두렵죠.",
          "summary": "영화나 드라마에서 다루는 수술을 무서워하지 않음",
          "date": "2022-10-14",
          "time": "15:55:59",
          "terminate": "false"
        },
        {
          "speaker": "speaker1",
          "personaID": "10308",
          "participantID": "7016",
          "utterance": "수술을 할 정도로 크게 아프신 적이 있으신가요?",
          "summary": "",
          "date": "2022-10-14",
          "time": "15:58:07",
          "terminate": "false"
        },
        {
          "speaker": "speaker2",
          "personaID": "21183",
          "participantID": "3069",
          "utterance": "아뇨 주변 사람들이 해서 병문안 간 적이 있어요. 많이 괴로워하더라고요.",
          "summary": "병문안을 갔을 때 환자가 괴로워하는 모습을 보고 무서워함",
          "date": "2022-10-14",
          "time": "16:03:12",
          "terminate": "false"
        },
        {
          "speaker": "speaker1",
          "personaID": "10308",
          "participantID": "7016",
          "utterance": "유감이네요. 저는 어릴 때 편도수술을 받은 적이 있습니다.",
          "summary": "나는 어릴 때 편도수술을 받은 적이 있다.",
          "date": "2022-10-14",
          "time": "16:07:17",
          "terminate": "false"
        },
        {
          "speaker": "speaker2",
          "personaID": "21183",
          "participantID": "3069",
          "utterance": "아 편도수술이 어떤 거였죠?? 목이 아픈 건가요?",
          "summary": "궁금해함",
          "date": "2022-10-14",
          "time": "16:20:42",
          "terminate": "false"
        },
        {
          "speaker": "speaker1",
          "personaID": "10308",
          "participantID": "7016",
          "utterance": "목이 아프기 보다는 비염환자에게 좋다고해서 어린 나이에 수술을 하게 되었습니다.",
          "summary": "나는 비염환자에게 좋다고 해서 편도수술을 받았다.",
          "date": "2022-10-14",
          "time": "16:24:19",
          "terminate": "false"
        },
        {
          "speaker": "speaker2",
          "personaID": "21183",
          "participantID": "3069",
          "utterance": "아 저는 아직도 비염인데 수술을 했어야 했나 봐요. 이만 가봐야겠네요. 저녁 맛있게 드세요.",
          "summary": "사교성이 좋음",
          "date": "2022-10-14",
          "time": "16:25:26",
          "terminate": "true"
        }
      ],
      "sessionPersonaSummary": {
        "speaker1": [
          "나는 꾸미는 걸 좋아하는 편이다.",
          "나는 병원에 대한 무서움이 딱히 없다.",
          "나는 굳이 고르자면 치과가 가장 무섭다.",
          "나는 어릴 때 편도수술을 받은 적이 있다.",
          "나는 비염환자에게 좋다고 해서 편도수술을 받았다."
        ],
        "speaker2": [
          "20대 초반임",
          "병원에 대한 거부감이 큼",
          "병원 가는 것을 극도로 싫어함",
          "영화나 드라마에서 다루는 수술을 무서워하지 않음",
          "병문안을 갔을 때 환자가 괴로워하는 모습을 보고 무서워함",
          "궁금해함",
          "사교성이 좋음"
        ]
      },
      "prevAggregatedpersonaSummary": {
        "speaker1": [
          "나는 디스코 음악을 싫어하는 10대 남성이다.",
          "나는 병원에 가는 게 두렵다.",
          "나는 어머니가 회사원이시고 혼자 집에 있을 때는 종종 신이 난다.",
          "나는 달리기를 좋아하고 육상부도 해봤다.",
          "나는 헬스가 재밌다.",
          "나는 게을러서 핀잔을 듣는다.",
          "나는 게으른 것보다는 부지런한 게 좋다고 생각한다."
        ],
        "speaker2": [
          "나는 20대 남성이고 병원 가는 것을 싫어한다.",
          "나는 달리기를 자주 한다.",
          "병원에 가기 싫어 달리기를 함",
          "뭐든지 빠르게 하는 편임",
          "남들보다 1시간 정도 밥을 빨리 먹기 시작함",
          "빨리하는 성격 때문에 덤벙됨",
          "딱히 부지런하진 않고 빨리하는 것을 좋아함"
        ]
      }
    }
  ]
}