{
  "FileInfo": {
    "filename": "K2-00508-CL33462-CP33161-17-02-S2.json",
    "sessionLevel": "2"
  },
  "participantsInfo": {
    "numberOfParticipants": "2",
    "speaker1": {
      "participantID": "1887",
      "gender": "여성",
      "age": "30대",
      "occupation": "사무직",
      "bPlace": "서울/경기/인천",
      "gPlace": "서울/경기/인천",
      "rPlace": "서울/경기/인천",
      "educationLevel": "대졸"
    },
    "speaker2": {
      "participantID": "1872",
      "gender": "남성",
      "age": "30대",
      "occupation": "서비스직",
      "bPlace": "부산/대구/울산/경상",
      "gPlace": "부산/대구/울산/경상",
      "rPlace": "부산/대구/울산/경상",
      "educationLevel": "대졸"
    }
  },
  "multisessionInfo": {
    "multisessionID": "2-00508"
  },
  "personaInfo": {
    "clInfo": {
      "personaID": "33462",
      "personaFeatures": [
        "나는 여자이다.",
        "나는 30대이다.",
        "나는 20년 후 제2의 직업을 갖는 것이 목표이다.",
        "나는 종교 여행에 관심 없다.",
        "나는 모든 게 귀찮다.",
        "나는 식물을 싫어한다."
      ],
      "speakerType": "speaker1"
    },
    "cpInfo": {
      "personaID": "33161",
      "personaFeatures": [
        "나는 남자이다.",
        "나는 30대이다.",
        "나는 시원한 날씨를 싫어한다.",
        "나는 농구 선수이다.",
        "나는 실외에서 승마하는 것을 좋아한다.",
        "나는 해물찜을 즐겨 먹는다."
      ],
      "speakerType": "speaker2"
    }
  },
  "topicInfo": {
    "topicID": "17-02",
    "topicType": "미용과 건강>건강",
    "topicTitle": "위생"
  },
  "sessionInfo": [
    {
      "prevSessionID": null,
      "prevTimeInfo": {
        "timeNum": null,
        "timeUnit": null
      },
      "nthSession": "1",
      "numberOfUtterances": "16",
      "numberOfTurns": "8",
      "sessionID": "2-00508-1",
      "dialog": [
        {
          "speaker": "speaker1",
          "personaID": "33462",
          "participantID": "1887",
          "utterance": "안녕하세요. 저는 30대 여자예요. ㅎㅎ.",
          "summary": "나는 30대 여자이다.",
          "date": "2022-10-14",
          "time": "12:53:01",
          "terminate": "false"
        },
        {
          "speaker": "speaker2",
          "personaID": "33161",
          "participantID": "1872",
          "utterance": "저는 30대 남자 농구선수입니다. 반갑습니다!",
          "summary": "나는 농구선수이다. 나는 30대 남자이다.",
          "date": "2022-10-14",
          "time": "12:53:18",
          "terminate": "false"
        },
        {
          "speaker": "speaker1",
          "personaID": "33462",
          "participantID": "1887",
          "utterance": "모든게 귀찮은 저는 그렇게 꾸준히 해야하는 직업은 힘들 것 같은데 대단해요.",
          "summary": "나는 모든 게 귀찮다.",
          "date": "2022-10-14",
          "time": "12:53:51",
          "terminate": "false"
        },
        {
          "speaker": "speaker2",
          "personaID": "33161",
          "participantID": "1872",
          "utterance": "일단 제가 재밌어서 하는 일이니까요 ㅋㅋ. 그래서 힘들진 않아요.",
          "summary": "",
          "date": "2022-10-14",
          "time": "12:54:17",
          "terminate": "false"
        },
        {
          "speaker": "speaker1",
          "personaID": "33462",
          "participantID": "1887",
          "utterance": "저는 식물에게 물 주는 것도 귀찮아서 식물을 싫어해요. 이런 제가 놀랍지 않으세요?",
          "summary": "나는 식물을 싫어한다.",
          "date": "2022-10-14",
          "time": "12:55:05",
          "terminate": "false"
        },
        {
          "speaker": "speaker2",
          "personaID": "33161",
          "participantID": "1872",
          "utterance": "많이 놀랍네요. 숨 쉬는 건 안 귀찮으신가요?",
          "summary": "",
          "date": "2022-10-14",
          "time": "12:56:03",
          "terminate": "false"
        },
        {
          "speaker": "speaker1",
          "personaID": "33462",
          "participantID": "1887",
          "utterance": "그거까지 귀찮았으면 전 진작에 이 세상을 떠나서 선생님과 채팅하고 있지 않을걸요. ㅋㅋㅋㅋ.",
          "summary": "",
          "date": "2022-10-14",
          "time": "12:56:40",
          "terminate": "false"
        },
        {
          "speaker": "speaker2",
          "personaID": "33161",
          "participantID": "1872",
          "utterance": "그렇겠죠 ㅋㅋㅋ. 그럼 혹시 일도 지금은 하고 계시지 않은거에요?",
          "summary": "",
          "date": "2022-10-14",
          "time": "12:57:14",
          "terminate": "false"
        },
        {
          "speaker": "speaker1",
          "personaID": "33462",
          "participantID": "1887",
          "utterance": "제가 모든게 귀찮아도 살고 싶은 욕구는 있어서 회사원이예요. 20년 후에 편한 제2의 직업을 갖는 걸 목표로 버티고 있죠.",
          "summary": "나는 회사원이다. 나는 20년 후 제2의 직업을 갖는 것이 목표이다.",
          "date": "2022-10-14",
          "time": "12:58:22",
          "terminate": "false"
        },
        {
          "speaker": "speaker2",
          "personaID": "33161",
          "participantID": "1872",
          "utterance": "정말 의외네요. 제 2의 직업은 아무것도 안해도 돈이 벌리는 건물주 같은 걸 원하시나요?",
          "summary": "",
          "date": "2022-10-14",
          "time": "12:58:35",
          "terminate": "false"
        },
        {
          "speaker": "speaker1",
          "personaID": "33462",
          "participantID": "1887",
          "utterance": "건물주가 좋지만 건물 관리해야 하잖아요. 월세 안 내는 세입자와 싸워야 하기도 하잖아요. 미래에는 더 편한 직업이 있을거라고 믿어요!",
          "summary": "",
          "date": "2022-10-14",
          "time": "12:59:42",
          "terminate": "false"
        },
        {
          "speaker": "speaker2",
          "personaID": "33161",
          "participantID": "1872",
          "utterance": "20년 후인데, 그런건 다 AI가 알아서 하지 않을까요?",
          "summary": "",
          "date": "2022-10-14",
          "time": "13:00:33",
          "terminate": "false"
        },
        {
          "speaker": "speaker1",
          "personaID": "33462",
          "participantID": "1887",
          "utterance": "AI가 인간을 위해 돈을 벌어다 준다면 AI가 편한 직업을 얻는 것을 찬성해요. AI가 인간보다 뛰어나서 AI가 돈을 벌면 인간은 어떻게 살아요.",
          "summary": "",
          "date": "2022-10-14",
          "time": "13:01:33",
          "terminate": "false"
        },
        {
          "speaker": "speaker2",
          "personaID": "33161",
          "participantID": "1872",
          "utterance": "그런 AI를 얻기 위해 지금 부터 돈 많이 벌어놓으세요. 아마 많이 비쌀 거에요.",
          "summary": "",
          "date": "2022-10-14",
          "time": "13:02:43",
          "terminate": "false"
        },
        {
          "speaker": "speaker1",
          "personaID": "33462",
          "participantID": "1887",
          "utterance": "모든 것을 다 잘하는 AI를 얻기 위해 회사에 청춘을 바쳐서 돈을 모아야겠어요. 저는 이제 일하러 가볼게요.",
          "summary": "",
          "date": "2022-10-14",
          "time": "13:03:37",
          "terminate": "false"
        },
        {
          "speaker": "speaker2",
          "personaID": "33161",
          "participantID": "1872",
          "utterance": "일 열심히 하세요. ㅋㅋ 돈 많이 버셔야죠. 저도 슬슬 운동이나 해야겠네요. 끝나면 연락줘요.",
          "summary": "",
          "date": "2022-10-14",
          "time": "13:04:13",
          "terminate": "true"
        }
      ],
      "sessionPersonaSummary": {
        "speaker1": [
          "나는 30대 여자이다.",
          "나는 모든 게 귀찮다.",
          "나는 식물을 싫어한다.",
          "나는 회사원이다. 나는 20년 후 제2의 직업을 갖는 것이 목표이다."
        ],
        "speaker2": [
          "나는 농구선수이다. 나는 30대 남자이다."
        ]
      },
      "prevAggregatedpersonaSummary": {
        "speaker1": [],
        "speaker2": []
      }
    },
    {
      "prevSessionID": "2-00508-1",
      "prevTimeInfo": {
        "timeNum": "3",
        "timeUnit": "시간"
      },
      "nthSession": "2",
      "numberOfUtterances": "16",
      "numberOfTurns": "8",
      "sessionID": "2-00508-2",
      "dialog": [
        {
          "speaker": "speaker1",
          "personaID": "33462",
          "participantID": "1887",
          "utterance": "3시간이 지났네요. 아까 운동하셨다고 하셨는데 농구하셨나요?",
          "summary": "",
          "date": "2022-10-14",
          "time": "13:04:48",
          "terminate": "false"
        },
        {
          "speaker": "speaker2",
          "personaID": "33161",
          "participantID": "1872",
          "utterance": "다른 운동을 했어요. 실외에서 승마하는 걸 좋아하는데, 마침 날씨도 제가 싫어하는 시원한 날씨가 아니라 따뜻한 날씨라서 후다닥 하고 왔죠.",
          "summary": "나는 실외에서 승마하는 것을 좋아한다. 나는 시원한 날씨를 싫어한다.",
          "date": "2022-10-14",
          "time": "13:06:02",
          "terminate": "false"
        },
        {
          "speaker": "speaker1",
          "personaID": "33462",
          "participantID": "1887",
          "utterance": "그렇군요! ㅎㅎ 배는 안 고프세요? 저는 그동안 배고파서 콜라겐이 포함된 곤약젤리 하나 먹었어요. ㅎㅎ.",
          "summary": "",
          "date": "2022-10-14",
          "time": "13:06:20",
          "terminate": "false"
        },
        {
          "speaker": "speaker2",
          "personaID": "33161",
          "participantID": "1872",
          "utterance": "저는 즐겨 먹는 해물탕이요. 승마가 에너지가 많이 소비되는 운동이라 많이 먹었어요.",
          "summary": "나는 해물찜을 즐겨 먹는다.",
          "date": "2022-10-14",
          "time": "13:07:29",
          "terminate": "false"
        },
        {
          "speaker": "speaker1",
          "personaID": "33462",
          "participantID": "1887",
          "utterance": "오늘 하루 즐거우셨겠어요. ㅎㅎ 앗! 저 방금 친구에게 종교여행가자는 카톡이 왔는데 저는 종교여행에 관심이 없어서 짜증나요!",
          "summary": "나는 종교 여행에 관심 없다.",
          "date": "2022-10-14",
          "time": "13:08:19",
          "terminate": "false"
        },
        {
          "speaker": "speaker2",
          "personaID": "33161",
          "participantID": "1872",
          "utterance": "어디로 가자고 하는데요? 조금 무례한 친구네요.",
          "summary": "",
          "date": "2022-10-14",
          "time": "13:08:59",
          "terminate": "false"
        },
        {
          "speaker": "speaker1",
          "personaID": "33462",
          "participantID": "1887",
          "utterance": "종교여행으로 해외를 가자고 하네요. 저는 해외는 돈이 많이들어서 싫어요! 국내보다 더 귀찮기도 하고요!",
          "summary": "",
          "date": "2022-10-14",
          "time": "13:10:11",
          "terminate": "false"
        },
        {
          "speaker": "speaker2",
          "personaID": "33161",
          "participantID": "1872",
          "utterance": "그건 그래요. 심지어 약간 시설이 낙후된 국가면 위생이 안 좋기도 하고요.",
          "summary": "",
          "date": "2022-10-14",
          "time": "13:11:10",
          "terminate": "false"
        },
        {
          "speaker": "speaker1",
          "personaID": "33462",
          "participantID": "1887",
          "utterance": "맞아요. 심지어 친구가 말한 외국이 태어나서 처음 들어보는 국가의 이름이었다고요! ㅠㅠ.",
          "summary": "",
          "date": "2022-10-14",
          "time": "13:12:09",
          "terminate": "false"
        },
        {
          "speaker": "speaker2",
          "personaID": "33161",
          "participantID": "1872",
          "utterance": "그러면 정말 가면 안되겠네요. 위험하잖아요.",
          "summary": "",
          "date": "2022-10-14",
          "time": "13:12:46",
          "terminate": "false"
        },
        {
          "speaker": "speaker1",
          "personaID": "33462",
          "participantID": "1887",
          "utterance": "치안이라는 문제가 있고 위생 문제가 너무 걱정돼요. ㅠㅠ 상하수도 시설은 제대로 설치되어 있을까라는 생각이 드네요.",
          "summary": "",
          "date": "2022-10-14",
          "time": "13:13:27",
          "terminate": "false"
        },
        {
          "speaker": "speaker2",
          "personaID": "33161",
          "participantID": "1872",
          "utterance": "어떤 나라는 상하수도 시설이 제대로 설치가 안 되어 있어서 똥이 막 길거리에 굴러다니더라고요. 밥 먹으면서 봤다가 충격먹었던 기억이있네요.",
          "summary": "",
          "date": "2022-10-14",
          "time": "13:14:33",
          "terminate": "false"
        },
        {
          "speaker": "speaker1",
          "personaID": "33462",
          "participantID": "1887",
          "utterance": "그런 나라도 있었군요. 너무 충격적이예요. 위생하고 건강은 굉장히 밀접한 관련이 있는데 그 사람들은 그걸 모르는게 아닌지 의심돼요.",
          "summary": "",
          "date": "2022-10-14",
          "time": "13:15:12",
          "terminate": "false"
        },
        {
          "speaker": "speaker2",
          "personaID": "33161",
          "participantID": "1872",
          "utterance": "그러니까요. 그런 걸 보면 우리나라가 정말 많이 발전했음을 느껴요.",
          "summary": "",
          "date": "2022-10-14",
          "time": "13:15:41",
          "terminate": "false"
        },
        {
          "speaker": "speaker1",
          "personaID": "33462",
          "participantID": "1887",
          "utterance": "이럴 땐 정말 우리나라에 태어나길 잘했다는 생각이 들어요. ㅎㅎㅎ.",
          "summary": "",
          "date": "2022-10-14",
          "time": "13:16:04",
          "terminate": "false"
        },
        {
          "speaker": "speaker2",
          "personaID": "33161",
          "participantID": "1872",
          "utterance": "저도 그런 생각을 자주해요 ㅎㅎ. 그건 그렇고 이제 전 단백질 쉐이크 먹어야 해서 이제 그만 톡할게요. 답장은 하지마요.",
          "summary": "",
          "date": "2022-10-14",
          "time": "13:16:35",
          "terminate": "true"
        }
      ],
      "sessionPersonaSummary": {
        "speaker1": [
          "나는 종교 여행에 관심 없다."
        ],
        "speaker2": [
          "나는 실외에서 승마하는 것을 좋아한다. 나는 시원한 날씨를 싫어한다.",
          "나는 해물찜을 즐겨 먹는다."
        ]
      },
      "prevAggregatedpersonaSummary": {
        "speaker1": [
          "나는 30대 여자이다.",
          "나는 모든 게 귀찮다.",
          "나는 식물을 싫어한다.",
          "나는 회사원이다. 나는 20년 후 제2의 직업을 갖는 것이 목표이다."
        ],
        "speaker2": [
          "나는 농구선수이다. 나는 30대 남자이다."
        ]
      }
    }
  ]
}