{
  "FileInfo": {
    "filename": "K2-00250-CL31807-CP31082-07-01-S2.json",
    "sessionLevel": "2"
  },
  "participantsInfo": {
    "numberOfParticipants": "2",
    "speaker1": {
      "participantID": "0312",
      "gender": "여성",
      "age": "30대",
      "occupation": "주부",
      "bPlace": "서울/경기/인천",
      "gPlace": "서울/경기/인천",
      "rPlace": "서울/경기/인천",
      "educationLevel": "고졸"
    },
    "speaker2": {
      "participantID": "0288",
      "gender": "남성",
      "age": "30대",
      "occupation": "사무직",
      "bPlace": "서울/경기/인천",
      "gPlace": "서울/경기/인천",
      "rPlace": "서울/경기/인천",
      "educationLevel": "고졸"
    }
  },
  "multisessionInfo": {
    "multisessionID": "2-00250"
  },
  "personaInfo": {
    "clInfo": {
      "personaID": "31807",
      "personaFeatures": [
        "나는 여자이다.",
        "나는 30대이다.",
        "나는 번역가이다.",
        "나는 현실이 비통하다.",
        "나는 시원한 날씨를 좋아한다."
      ],
      "speakerType": "speaker1"
    },
    "cpInfo": {
      "personaID": "31082",
      "personaFeatures": [
        "나는 남자이다.",
        "나는 30대이다.",
        "나는 치위생과를 전공했다.",
        "나는 다소 내성적이다.",
        "나는 콩국수를 좋아한다."
      ],
      "speakerType": "speaker2"
    }
  },
  "topicInfo": {
    "topicID": "07-01",
    "topicType": "개인 및 관계>가족",
    "topicTitle": "부모님"
  },
  "sessionInfo": [
    {
      "prevSessionID": null,
      "prevTimeInfo": {
        "timeNum": null,
        "timeUnit": null
      },
      "nthSession": "1",
      "numberOfUtterances": "18",
      "numberOfTurns": "9",
      "sessionID": "2-00250-1",
      "dialog": [
        {
          "speaker": "speaker1",
          "personaID": "31807",
          "participantID": "0312",
          "utterance": "안녕하세요. 저는 30대 여자입니다. 저는 번역가에요.",
          "summary": "나는 30대 여자이다. 나는 번역가이다.",
          "date": "2022-09-25",
          "time": "10:00:31",
          "terminate": "false"
        },
        {
          "speaker": "speaker2",
          "personaID": "31082",
          "participantID": "0288",
          "utterance": "반가워요! 저는 30대 남자입니다.",
          "summary": "나는 30대 남자이다.",
          "date": "2022-09-25",
          "time": "10:00:50",
          "terminate": "false"
        },
        {
          "speaker": "speaker1",
          "personaID": "31807",
          "participantID": "0312",
          "utterance": "그쪽은 무슨 직장에서 일하세요?",
          "summary": "",
          "date": "2022-09-25",
          "time": "10:01:27",
          "terminate": "false"
        },
        {
          "speaker": "speaker2",
          "personaID": "31082",
          "participantID": "0288",
          "utterance": "저는 치위생과를 전공해서 치과에서 의사로 일하고 있어요.",
          "summary": "나는 치위생과를 전공했다. 나는 치과의 사이다.",
          "date": "2022-09-25",
          "time": "10:01:41",
          "terminate": "false"
        },
        {
          "speaker": "speaker1",
          "personaID": "31807",
          "participantID": "0312",
          "utterance": "오 치과의사시구나. 나쁘지 않은일인데요?",
          "summary": "",
          "date": "2022-09-25",
          "time": "10:01:53",
          "terminate": "false"
        },
        {
          "speaker": "speaker2",
          "personaID": "31082",
          "participantID": "0288",
          "utterance": "그렇죠. 다소 내성적인 제 성격이랑도 잘 맞는거 같아요.",
          "summary": "나는 다소 내성적이다.",
          "date": "2022-09-25",
          "time": "10:02:07",
          "terminate": "false"
        },
        {
          "speaker": "speaker1",
          "personaID": "31807",
          "participantID": "0312",
          "utterance": "그렇군요.. 그럼 벌이도 아무래도 좀 괜찮죠?",
          "summary": "",
          "date": "2022-09-25",
          "time": "10:02:08",
          "terminate": "false"
        },
        {
          "speaker": "speaker2",
          "personaID": "31082",
          "participantID": "0288",
          "utterance": "아무래도 의사 인지라 먹고 사는데 큰 지장은 없어요.",
          "summary": "",
          "date": "2022-09-25",
          "time": "10:02:26",
          "terminate": "false"
        },
        {
          "speaker": "speaker1",
          "personaID": "31807",
          "participantID": "0312",
          "utterance": "부러워요. 저는 현실이 비통하거든요.",
          "summary": "나는 현실이 비통하다.",
          "date": "2022-09-25",
          "time": "10:02:33",
          "terminate": "false"
        },
        {
          "speaker": "speaker2",
          "personaID": "31082",
          "participantID": "0288",
          "utterance": "그러시군요.. 어떤 큰 문제라도 있으신가요?",
          "summary": "",
          "date": "2022-09-25",
          "time": "10:02:47",
          "terminate": "false"
        },
        {
          "speaker": "speaker1",
          "personaID": "31807",
          "participantID": "0312",
          "utterance": "대학나와서, 제가 원하는 직장까지 얻었는데, 집도없고 차도없고 그래서요.",
          "summary": "나는 집이 없다. 나는 자차가 없다.",
          "date": "2022-09-25",
          "time": "10:02:48",
          "terminate": "false"
        },
        {
          "speaker": "speaker2",
          "personaID": "31082",
          "participantID": "0288",
          "utterance": "음.. 직장은 있으시니까 그러면 돈을 더 모으시면 되지 않을까요?",
          "summary": "",
          "date": "2022-09-25",
          "time": "10:03:08",
          "terminate": "false"
        },
        {
          "speaker": "speaker1",
          "personaID": "31807",
          "participantID": "0312",
          "utterance": "돈은 모으고 있지만, 언제 짤릴지도 몰라요.",
          "summary": "나는 언제 잘릴지 모른다.",
          "date": "2022-09-25",
          "time": "10:03:15",
          "terminate": "false"
        },
        {
          "speaker": "speaker2",
          "personaID": "31082",
          "participantID": "0288",
          "utterance": "조금 불 안정한 직장이시군요. 이직도 안되시는 건가요?",
          "summary": "",
          "date": "2022-09-25",
          "time": "10:03:34",
          "terminate": "false"
        },
        {
          "speaker": "speaker1",
          "personaID": "31807",
          "participantID": "0312",
          "utterance": "네.. 계약직이라서요. 개미목숨이랑 다를게 없죠..",
          "summary": "나는 계약직이다.",
          "date": "2022-09-25",
          "time": "10:03:36",
          "terminate": "false"
        },
        {
          "speaker": "speaker2",
          "personaID": "31082",
          "participantID": "0288",
          "utterance": "계약직 이시구나.. 그래도 최대한 있는 환경에서 최선을 다해보세요.",
          "summary": "",
          "date": "2022-09-25",
          "time": "10:03:52",
          "terminate": "false"
        },
        {
          "speaker": "speaker1",
          "personaID": "31807",
          "participantID": "0312",
          "utterance": "네.. 감사합니다. 그럼 저는 이만 가볼게요. 다음에 또 이야기 하시죠.",
          "summary": "",
          "date": "2022-09-25",
          "time": "10:03:54",
          "terminate": "false"
        },
        {
          "speaker": "speaker2",
          "personaID": "31082",
          "participantID": "0288",
          "utterance": "고생하십니다. 다음에 또 편하게 연락주세요.",
          "summary": "",
          "date": "2022-09-25",
          "time": "10:04:02",
          "terminate": "true"
        }
      ],
      "sessionPersonaSummary": {
        "speaker1": [
          "나는 30대 여자이다. 나는 번역가이다.",
          "나는 현실이 비통하다.",
          "나는 집이 없다. 나는 자차가 없다.",
          "나는 언제 잘릴지 모른다.",
          "나는 계약직이다."
        ],
        "speaker2": [
          "나는 30대 남자이다.",
          "나는 치위생과를 전공했다. 나는 치과의 사이다.",
          "나는 다소 내성적이다."
        ]
      },
      "prevAggregatedpersonaSummary": {
        "speaker1": [],
        "speaker2": []
      }
    },
    {
      "prevSessionID": "2-00250-1",
      "prevTimeInfo": {
        "timeNum": "33",
        "timeUnit": "시간"
      },
      "nthSession": "2",
      "numberOfUtterances": "18",
      "numberOfTurns": "9",
      "sessionID": "2-00250-2",
      "dialog": [
        {
          "speaker": "speaker1",
          "personaID": "31807",
          "participantID": "0312",
          "utterance": "벌써 이렇게 지났군요. 오늘은 그래도 날씨가 참 좋아요.",
          "summary": "",
          "date": "2022-09-25",
          "time": "10:04:14",
          "terminate": "false"
        },
        {
          "speaker": "speaker2",
          "personaID": "31082",
          "participantID": "0288",
          "utterance": "오 안녕하세요. 오늘은 어디론가 떠나기 참 좋은 날씨네요.",
          "summary": "",
          "date": "2022-09-25",
          "time": "10:04:34",
          "terminate": "false"
        },
        {
          "speaker": "speaker1",
          "personaID": "31807",
          "participantID": "0312",
          "utterance": "네 맞아요. 제가 시원한 날씨를 좋아하는데, 요즘 좀 많이 시원한것 같아요.",
          "summary": "나는 시원한 날씨를 좋아한다.",
          "date": "2022-09-25",
          "time": "10:04:40",
          "terminate": "false"
        },
        {
          "speaker": "speaker2",
          "personaID": "31082",
          "participantID": "0288",
          "utterance": "저도 시원한 날씨 정말 좋아해요. 제 마음속까지 시원해지는 느낌도 들고 말이죠.",
          "summary": "나는 시원한 날씨를 좋아한다.",
          "date": "2022-09-25",
          "time": "10:04:59",
          "terminate": "false"
        },
        {
          "speaker": "speaker1",
          "personaID": "31807",
          "participantID": "0312",
          "utterance": "이런 날에는 부모님이라도 찾아가볼까봐요.",
          "summary": "",
          "date": "2022-09-25",
          "time": "10:05:08",
          "terminate": "false"
        },
        {
          "speaker": "speaker2",
          "personaID": "31082",
          "participantID": "0288",
          "utterance": "부모님이랑 떨어져서 사시나봐요 ㅎㅎ 저도 그런지는 오래 됐네요.",
          "summary": "",
          "date": "2022-09-25",
          "time": "10:05:23",
          "terminate": "false"
        },
        {
          "speaker": "speaker1",
          "personaID": "31807",
          "participantID": "0312",
          "utterance": "네....아무래도 독립한지는 꽤 됬죠.",
          "summary": "나는 독립했다.",
          "date": "2022-09-25",
          "time": "10:05:34",
          "terminate": "false"
        },
        {
          "speaker": "speaker2",
          "personaID": "31082",
          "participantID": "0288",
          "utterance": "저도 독립한지는 10년 조금 안된 거 같아요 ㅎㅎ 보고싶네요.",
          "summary": "나는 독립한 지 10년 조금 안됐다.",
          "date": "2022-09-25",
          "time": "10:05:58",
          "terminate": "false"
        },
        {
          "speaker": "speaker1",
          "personaID": "31807",
          "participantID": "0312",
          "utterance": "부모님한테 가서 털어놓으면 좀 위로가 될것 같아요.",
          "summary": "",
          "date": "2022-09-25",
          "time": "10:06:10",
          "terminate": "false"
        },
        {
          "speaker": "speaker2",
          "personaID": "31082",
          "participantID": "0288",
          "utterance": "그렇죠.. 아무래도 부모님에게 털어놓으면 조금 위안이 되는거 같아요.",
          "summary": "",
          "date": "2022-09-25",
          "time": "10:06:29",
          "terminate": "false"
        },
        {
          "speaker": "speaker1",
          "personaID": "31807",
          "participantID": "0312",
          "utterance": "네 맞아요.. 아무래도 그런걸로 위안이 되는거에 안심이네요.",
          "summary": "나는 조금 안심이 된다.",
          "date": "2022-09-25",
          "time": "10:06:44",
          "terminate": "false"
        },
        {
          "speaker": "speaker2",
          "personaID": "31082",
          "participantID": "0288",
          "utterance": "의지할 수 있는 사람이 있다는게 가장 큰 축복이에요.",
          "summary": "",
          "date": "2022-09-25",
          "time": "10:06:59",
          "terminate": "false"
        },
        {
          "speaker": "speaker1",
          "personaID": "31807",
          "participantID": "0312",
          "utterance": "감사합니다. 그쪽은 그럼 어디 가실 계획 있어요?",
          "summary": "",
          "date": "2022-09-25",
          "time": "10:07:07",
          "terminate": "false"
        },
        {
          "speaker": "speaker2",
          "personaID": "31082",
          "participantID": "0288",
          "utterance": "저는 콩국수를 좋아해서 앞에 시장에 잠깐 다녀오게요.",
          "summary": "나는 콩국수를 좋아한다.",
          "date": "2022-09-25",
          "time": "10:07:29",
          "terminate": "false"
        },
        {
          "speaker": "speaker1",
          "personaID": "31807",
          "participantID": "0312",
          "utterance": "콩국수 정말 좋죠. 여름 다 지나갓는데 파는곳이 있나요?",
          "summary": "",
          "date": "2022-09-25",
          "time": "10:07:39",
          "terminate": "false"
        },
        {
          "speaker": "speaker2",
          "personaID": "31082",
          "participantID": "0288",
          "utterance": "저희 지방에는 아직 파는 식당이 많아서 좋아요 ㅎㅎ.",
          "summary": "",
          "date": "2022-09-25",
          "time": "10:07:46",
          "terminate": "false"
        },
        {
          "speaker": "speaker1",
          "personaID": "31807",
          "participantID": "0312",
          "utterance": "아하~ 그럼 콩국수 맛있게 드세요. 저는 부모님께 연락드려볼게요.",
          "summary": "",
          "date": "2022-09-25",
          "time": "10:08:01",
          "terminate": "false"
        },
        {
          "speaker": "speaker2",
          "personaID": "31082",
          "participantID": "0288",
          "utterance": "네 맛있게 먹을게요. 저희 둘다 화이팅입니다. 다음에 뵈요.",
          "summary": "",
          "date": "2022-09-25",
          "time": "10:08:09",
          "terminate": "true"
        }
      ],
      "sessionPersonaSummary": {
        "speaker1": [
          "나는 시원한 날씨를 좋아한다.",
          "나는 독립했다.",
          "나는 조금 안심이 된다."
        ],
        "speaker2": [
          "나는 시원한 날씨를 좋아한다.",
          "나는 독립한 지 10년 조금 안됐다.",
          "나는 콩국수를 좋아한다."
        ]
      },
      "prevAggregatedpersonaSummary": {
        "speaker1": [
          "나는 30대 여자이다. 나는 번역가이다.",
          "나는 현실이 비통하다.",
          "나는 집이 없다. 나는 자차가 없다.",
          "나는 언제 잘릴지 모른다.",
          "나는 계약직이다."
        ],
        "speaker2": [
          "나는 30대 남자이다.",
          "나는 치위생과를 전공했다. 나는 치과의 사이다.",
          "나는 다소 내성적이다."
        ]
      }
    }
  ]
}