{
  "FileInfo": {
    "filename": "K2-00524-CL20398-CP21071-10-01-S2.json",
    "sessionLevel": "2"
  },
  "participantsInfo": {
    "numberOfParticipants": "2",
    "speaker1": {
      "participantID": "0254",
      "gender": "남성",
      "age": "30대",
      "occupation": "자영업",
      "bPlace": "서울/경기/인천",
      "gPlace": "서울/경기/인천",
      "rPlace": "서울/경기/인천",
      "educationLevel": "대졸"
    },
    "speaker2": {
      "participantID": "0070",
      "gender": "남성",
      "age": "30대",
      "occupation": "기타",
      "bPlace": "서울/경기/인천",
      "gPlace": "서울/경기/인천",
      "rPlace": "서울/경기/인천",
      "educationLevel": "대졸"
    }
  },
  "multisessionInfo": {
    "multisessionID": "2-00524"
  },
  "personaInfo": {
    "clInfo": {
      "personaID": "20398",
      "personaFeatures": [
        "나는 남자이다.",
        "나는 20대이다.",
        "나는 요즘, 가끔 초조하다",
        "나는 학원 사회 강사이다",
        "나는 홈트레이닝을 가끔 한다"
      ],
      "speakerType": "speaker1"
    },
    "cpInfo": {
      "personaID": "21071",
      "personaFeatures": [
        "나는 남자이다.",
        "나는 20대이다.",
        "나는 다소 고집이 세다",
        "나는 2년 전에 해외 봉사활동을 다녀왔다",
        "나는 장마철을 좋아한다"
      ],
      "speakerType": "speaker2"
    }
  },
  "topicInfo": {
    "topicID": "10-01",
    "topicType": "여가와 오락>스포츠/레져",
    "topicTitle": "운동"
  },
  "sessionInfo": [
    {
      "prevSessionID": null,
      "prevTimeInfo": {
        "timeNum": null,
        "timeUnit": null
      },
      "nthSession": "1",
      "numberOfUtterances": "15",
      "numberOfTurns": "7",
      "sessionID": "2-00524-1",
      "dialog": [
        {
          "speaker": "speaker1",
          "personaID": "20398",
          "participantID": "0254",
          "utterance": "안녕하세요 저는 20대 남자입니다.",
          "summary": "나는 20대 남자이다.",
          "date": "2022-10-26",
          "time": "16:05:56",
          "terminate": "false"
        },
        {
          "speaker": "speaker2",
          "personaID": "21071",
          "participantID": "0070",
          "utterance": "안녕하세요! 저도 20대 남자에요! 반가워요!",
          "summary": "나는 20대 남자이다.",
          "date": "2022-10-26",
          "time": "16:06:10",
          "terminate": "false"
        },
        {
          "speaker": "speaker1",
          "personaID": "20398",
          "participantID": "0254",
          "utterance": "하시는 일 있으세요? 저는 학원에서 사회과목을 담당하는 강사로 일하고 있어요.",
          "summary": "나는 학원에서 사회 과목 강사로 일한다.",
          "date": "2022-10-26",
          "time": "16:06:30",
          "terminate": "false"
        },
        {
          "speaker": "speaker2",
          "personaID": "21071",
          "participantID": "0070",
          "utterance": "저는 아직 대학생이에요! 2년전에 해외 봉사활동 다녀 오느냐고 휴학을 오래 했네요^^",
          "summary": "나는 대학생이다. 나는 2년 전에 해외 봉사활동을 다녀왔다. 나는 휴학을 오래 했다.",
          "date": "2022-10-26",
          "time": "16:06:57",
          "terminate": "false"
        },
        {
          "speaker": "speaker1",
          "personaID": "20398",
          "participantID": "0254",
          "utterance": "대학생이라 너무 부럽네요. 봉사활동도 하시고 대단하네요. 저도 그때가 그립네요. 저는 요즘 너무 초조해요. 학생이 너무 없어서 곧 직장에서 짤릴지도 모르겠어요.",
          "summary": "나는 요즘 초조하다. 나는 직장에서 잘릴 것 같다.",
          "date": "2022-10-26",
          "time": "16:07:38",
          "terminate": "false"
        },
        {
          "speaker": "speaker2",
          "personaID": "21071",
          "participantID": "0070",
          "utterance": "걱정이 많으시겠어요... 저도 고집이 좀 세서 취업을 할 수 있을까도 걱정입니다.",
          "summary": "나는 고집이 세다. 나는 나의 성격 때문에 취업이 걱정된다.",
          "date": "2022-10-26",
          "time": "16:07:57",
          "terminate": "false"
        },
        {
          "speaker": "speaker1",
          "personaID": "20398",
          "participantID": "0254",
          "utterance": "저도 취업을 하긴 했으니 열심히 하시면 취업하실 수 있을겁니다. 같이 화이팅 하죠! 건강관리는 잘하고 계신가요?",
          "summary": "",
          "date": "2022-10-26",
          "time": "16:08:24",
          "terminate": "false"
        },
        {
          "speaker": "speaker2",
          "personaID": "21071",
          "participantID": "0070",
          "utterance": "그냥 가끔 운동을 하긴 하는데 요즘 장마철이라 운동 가기가 귀찮네요^^ 그래도 제가 장마철을 좋아해서 습하지만 나름 집에서 홈트도 하고 있어요!",
          "summary": "나는 운동을 가끔 한다. 나는 장마철을 좋아한다. 나는 집에서 홈트레이닝을 한다.",
          "date": "2022-10-26",
          "time": "16:09:07",
          "terminate": "false"
        },
        {
          "speaker": "speaker1",
          "personaID": "20398",
          "participantID": "0254",
          "utterance": "정말요? 저도 홈트레이닝 안그래도 가끔해요. 공통점이 있네요. 요즘 비가 참 많이오긴하네요. 우산 챙기셨어요?",
          "summary": "나는 집에서 홈트레이닝을 가끔 한다.",
          "date": "2022-10-26",
          "time": "16:09:45",
          "terminate": "false"
        },
        {
          "speaker": "speaker2",
          "personaID": "21071",
          "participantID": "0070",
          "utterance": "네 요즘 비가 언제 올지 몰라서 항상 우산을 가지고 다니네요! 선생님은요?",
          "summary": "나는 요즘 우산을 항상 가지고 다닌다.",
          "date": "2022-10-26",
          "time": "16:10:00",
          "terminate": "false"
        },
        {
          "speaker": "speaker1",
          "personaID": "20398",
          "participantID": "0254",
          "utterance": "저는 여기 우산을 두고 갔는데 누가 가져간거 같네요... 우산 사기 너무 아깝네요.",
          "summary": "나는 우산 사는 게 아깝다.",
          "date": "2022-10-26",
          "time": "16:10:25",
          "terminate": "false"
        },
        {
          "speaker": "speaker2",
          "personaID": "21071",
          "participantID": "0070",
          "utterance": "우산 사는거 돈 많이 아깝죠...하하하 선생님 저 잠시 과제 좀 하러 가야 될 것 같아요.",
          "summary": "나는 해야 할 과제가 있다.",
          "date": "2022-10-26",
          "time": "16:10:43",
          "terminate": "false"
        },
        {
          "speaker": "speaker1",
          "personaID": "20398",
          "participantID": "0254",
          "utterance": "대학생이시니 과제가 많으시겠네요. 저도 안그래도 수업 이제 곧 들어가야해요.",
          "summary": "나는 수업을 하러 가야 한다.",
          "date": "2022-10-26",
          "time": "16:11:09",
          "terminate": "false"
        },
        {
          "speaker": "speaker2",
          "personaID": "21071",
          "participantID": "0070",
          "utterance": "네 그럼 다음에 또 연락하시죠^^",
          "summary": "",
          "date": "2022-10-26",
          "time": "16:11:17",
          "terminate": "false"
        },
        {
          "speaker": "speaker1",
          "personaID": "20398",
          "participantID": "0254",
          "utterance": "네 오늘 하루도 화이팅 합시다. 다음에 연락드릴께요.",
          "summary": "",
          "date": "2022-10-26",
          "time": "16:11:31",
          "terminate": "true"
        }
      ],
      "sessionPersonaSummary": {
        "speaker1": [
          "나는 20대 남자이다.",
          "나는 학원에서 사회 과목 강사로 일한다.",
          "나는 요즘 초조하다. 나는 직장에서 잘릴 것 같다.",
          "나는 집에서 홈트레이닝을 가끔 한다.",
          "나는 우산 사는 게 아깝다.",
          "나는 수업을 하러 가야 한다."
        ],
        "speaker2": [
          "나는 20대 남자이다.",
          "나는 대학생이다. 나는 2년 전에 해외 봉사활동을 다녀왔다. 나는 휴학을 오래 했다.",
          "나는 고집이 세다. 나는 나의 성격 때문에 취업이 걱정된다.",
          "나는 운동을 가끔 한다. 나는 장마철을 좋아한다. 나는 집에서 홈트레이닝을 한다.",
          "나는 요즘 우산을 항상 가지고 다닌다.",
          "나는 해야 할 과제가 있다."
        ]
      },
      "prevAggregatedpersonaSummary": {
        "speaker1": [],
        "speaker2": []
      }
    },
    {
      "prevSessionID": "2-00524-1",
      "prevTimeInfo": {
        "timeNum": "2",
        "timeUnit": "주"
      },
      "nthSession": "2",
      "numberOfUtterances": "15",
      "numberOfTurns": "7",
      "sessionID": "2-00524-2",
      "dialog": [
        {
          "speaker": "speaker1",
          "personaID": "20398",
          "participantID": "0254",
          "utterance": "한 2주만에 연락드리네요~ 과제는 다 하셨겠죠?",
          "summary": "",
          "date": "2022-10-26",
          "time": "16:13:19",
          "terminate": "false"
        },
        {
          "speaker": "speaker2",
          "personaID": "21071",
          "participantID": "0070",
          "utterance": "오랜만에 인사드리네요! 잘지내시죠? 과제는 다 제출했네요^^",
          "summary": "나는 과제를 전부 제출했다.",
          "date": "2022-10-26",
          "time": "16:13:34",
          "terminate": "false"
        },
        {
          "speaker": "speaker1",
          "personaID": "20398",
          "participantID": "0254",
          "utterance": "이제 곧 방학인데 방학엔 뭐하실 계획이세요? 저는 야구장 직관을 다니려구요.",
          "summary": "나는 야구장 직관을 갈 예정이다.",
          "date": "2022-10-26",
          "time": "16:14:11",
          "terminate": "false"
        },
        {
          "speaker": "speaker2",
          "personaID": "21071",
          "participantID": "0070",
          "utterance": "저 어제 친구따라서 크로스핏이라는 운동을 해봤는데 너무 재밋어서 오늘부터 등록하고 다니려구요!",
          "summary": "나는 어제 크로스핏을 처음 해봤다. 나는 오늘 크로스핏 회원등록을 할 것이다.",
          "date": "2022-10-26",
          "time": "16:14:29",
          "terminate": "false"
        },
        {
          "speaker": "speaker1",
          "personaID": "20398",
          "participantID": "0254",
          "utterance": "크로스핏이라면 그 역기같은거 던지는거 말씀하시는거예요?",
          "summary": "나는 크로스핏이라는 운동을 안다.",
          "date": "2022-10-26",
          "time": "16:14:49",
          "terminate": "false"
        },
        {
          "speaker": "speaker2",
          "personaID": "21071",
          "participantID": "0070",
          "utterance": "네 맞아요. 처음에 엄청 힘들어 보였는데 그렇게 힘들지도 않더라구요^^",
          "summary": "나는 크로스핏이 생각보다 힘들지 않았다.",
          "date": "2022-10-26",
          "time": "16:15:07",
          "terminate": "false"
        },
        {
          "speaker": "speaker1",
          "personaID": "20398",
          "participantID": "0254",
          "utterance": "대단하시네요. 저는 아령하나 들기도 힘들거든요. 야구는 혹시 보시나요?",
          "summary": "나는 체력이 없다.",
          "date": "2022-10-26",
          "time": "16:15:27",
          "terminate": "false"
        },
        {
          "speaker": "speaker2",
          "personaID": "21071",
          "participantID": "0070",
          "utterance": "그러시군요... 저 야구는 가끔 보긴 하는데 자주 보지는 않아요. 야구 좋아하세요?",
          "summary": "나는 야구를 가끔 보고 자주 보지 않는다.",
          "date": "2022-10-26",
          "time": "16:15:47",
          "terminate": "false"
        },
        {
          "speaker": "speaker1",
          "personaID": "20398",
          "participantID": "0254",
          "utterance": "네 올해에 제가 응원하는 팀이 드디어 꼴찌에서 벗어날거 같아서요. 나중에 한번 재미들리시면 못빠져나옵니다.",
          "summary": "내가 응원하는 야구팀이 꼴찌를 면할 것 같다.",
          "date": "2022-10-26",
          "time": "16:16:19",
          "terminate": "false"
        },
        {
          "speaker": "speaker2",
          "personaID": "21071",
          "participantID": "0070",
          "utterance": "그런가요? 저는 야구 보면 좀 지루하더라구요...하하하",
          "summary": "나는 야구가 지루하다고 생각한다.",
          "date": "2022-10-26",
          "time": "16:16:34",
          "terminate": "false"
        },
        {
          "speaker": "speaker1",
          "personaID": "20398",
          "participantID": "0254",
          "utterance": "아무래도 좀 경기시간이 길긴하죠??  식사는 하셨어요?",
          "summary": "",
          "date": "2022-10-26",
          "time": "16:16:52",
          "terminate": "false"
        },
        {
          "speaker": "speaker2",
          "personaID": "21071",
          "participantID": "0070",
          "utterance": "저 아직 못먹었어요. 이제 먹으려구요! 식사하셨나요?",
          "summary": "나는 곧 밥을 먹을 것이다.",
          "date": "2022-10-26",
          "time": "16:17:04",
          "terminate": "false"
        },
        {
          "speaker": "speaker1",
          "personaID": "20398",
          "participantID": "0254",
          "utterance": "네 오늘은 김밥을 먹을까 하고 있습니다.",
          "summary": "나는 김밥을 먹을 예정이다.",
          "date": "2022-10-26",
          "time": "16:17:21",
          "terminate": "false"
        },
        {
          "speaker": "speaker2",
          "personaID": "21071",
          "participantID": "0070",
          "utterance": "그러시군요! 저는 그냥 집에서 대충 먹고 운동가려구요! 다음에 또 연락하시죠^^",
          "summary": "나는 밥을 집에서 먹고 운동을 갈 것이다.",
          "date": "2022-10-26",
          "time": "16:17:39",
          "terminate": "false"
        },
        {
          "speaker": "speaker1",
          "personaID": "20398",
          "participantID": "0254",
          "utterance": "네 운동 잘하시고 우리 다음에 또 연락해요~",
          "summary": "",
          "date": "2022-10-26",
          "time": "16:17:54",
          "terminate": "true"
        }
      ],
      "sessionPersonaSummary": {
        "speaker1": [
          "나는 야구장 직관을 갈 예정이다.",
          "나는 크로스핏이라는 운동을 안다.",
          "나는 체력이 없다.",
          "내가 응원하는 야구팀이 꼴찌를 면할 것 같다.",
          "나는 김밥을 먹을 예정이다."
        ],
        "speaker2": [
          "나는 과제를 전부 제출했다.",
          "나는 어제 크로스핏을 처음 해봤다. 나는 오늘 크로스핏 회원등록을 할 것이다.",
          "나는 크로스핏이 생각보다 힘들지 않았다.",
          "나는 야구를 가끔 보고 자주 보지 않는다.",
          "나는 야구가 지루하다고 생각한다.",
          "나는 곧 밥을 먹을 것이다.",
          "나는 밥을 집에서 먹고 운동을 갈 것이다."
        ]
      },
      "prevAggregatedpersonaSummary": {
        "speaker1": [
          "나는 20대 남자이다.",
          "나는 학원에서 사회 과목 강사로 일한다.",
          "나는 요즘 초조하다. 나는 직장에서 잘릴 것 같다.",
          "나는 집에서 홈트레이닝을 가끔 한다.",
          "나는 우산 사는 게 아깝다.",
          "나는 수업을 하러 가야 한다."
        ],
        "speaker2": [
          "나는 20대 남자이다.",
          "나는 대학생이다. 나는 2년 전에 해외 봉사활동을 다녀왔다. 나는 휴학을 오래 했다.",
          "나는 고집이 세다. 나는 나의 성격 때문에 취업이 걱정된다.",
          "나는 운동을 가끔 한다. 나는 장마철을 좋아한다. 나는 집에서 홈트레이닝을 한다.",
          "나는 요즘 우산을 항상 가지고 다닌다.",
          "나는 해야 할 과제가 있다."
        ]
      }
    }
  ]
}