{
  "FileInfo": {
    "filename": "K2-00420-CL10196-CP30841-12-08-S2.json",
    "sessionLevel": "2"
  },
  "participantsInfo": {
    "numberOfParticipants": "2",
    "speaker1": {
      "participantID": "3464",
      "gender": "남성",
      "age": "20대",
      "occupation": "학생",
      "bPlace": "광주/전라/제주",
      "gPlace": "광주/전라/제주",
      "rPlace": "광주/전라/제주",
      "educationLevel": "고졸"
    },
    "speaker2": {
      "participantID": "3427",
      "gender": "남성",
      "age": "20대",
      "occupation": "학생",
      "bPlace": "광주/전라/제주",
      "gPlace": "광주/전라/제주",
      "rPlace": "광주/전라/제주",
      "educationLevel": "고졸"
    }
  },
  "multisessionInfo": {
    "multisessionID": "2-00420"
  },
  "personaInfo": {
    "clInfo": {
      "personaID": "10196",
      "personaFeatures": [
        "나는 남자이다.",
        "나는 10대이다.",
        "나의 아버지는 미용사이다",
        "나는 방송 기자가 되고 싶다",
        "나는 발라드 음악을 가끔 듣는다"
      ],
      "speakerType": "speaker1"
    },
    "cpInfo": {
      "personaID": "30841",
      "personaFeatures": [
        "나는 남자이다.",
        "나는 30대이다.",
        "나는 안마사이다",
        "나는 오전에 책을 읽는다",
        "나는 순댓국을 좋아한다"
      ],
      "speakerType": "speaker2"
    }
  },
  "topicInfo": {
    "topicID": "12-08",
    "topicType": "여가와 오락>여행",
    "topicTitle": "숙박 시설"
  },
  "sessionInfo": [
    {
      "prevSessionID": null,
      "prevTimeInfo": {
        "timeNum": null,
        "timeUnit": null
      },
      "nthSession": "1",
      "numberOfUtterances": "14",
      "numberOfTurns": "7",
      "sessionID": "2-00420-1",
      "dialog": [
        {
          "speaker": "speaker1",
          "personaID": "10196",
          "participantID": "3464",
          "utterance": "안녕하세요 10대 남성입니다.",
          "summary": "나는 10대 남성이다.",
          "date": "2022-10-16",
          "time": "16:59:15",
          "terminate": "false"
        },
        {
          "speaker": "speaker2",
          "personaID": "30841",
          "participantID": "3427",
          "utterance": "안녕하세요 저는 30대 남성입니다.",
          "summary": "나는 30대 남성이다",
          "date": "2022-10-16",
          "time": "16:59:33",
          "terminate": "false"
        },
        {
          "speaker": "speaker1",
          "personaID": "10196",
          "participantID": "3464",
          "utterance": "안녕하세요 직업이 어떻게 되세요? 저는 방송기자가 꿈인 고등학생입니다!",
          "summary": "나는 방송기자가 꿈이다.",
          "date": "2022-10-16",
          "time": "17:00:39",
          "terminate": "false"
        },
        {
          "speaker": "speaker2",
          "personaID": "30841",
          "participantID": "3427",
          "utterance": "저는 안마사를 하고있는데 그만두고싶네요..",
          "summary": "나는 안마사이다",
          "date": "2022-10-16",
          "time": "17:00:59",
          "terminate": "false"
        },
        {
          "speaker": "speaker1",
          "personaID": "10196",
          "participantID": "3464",
          "utterance": "헐 너무 힘들어 보이시네요 취미랄께 있을까요 그 피곤함을 달래줄...?",
          "summary": "",
          "date": "2022-10-16",
          "time": "17:01:51",
          "terminate": "false"
        },
        {
          "speaker": "speaker2",
          "personaID": "30841",
          "participantID": "3427",
          "utterance": "네 일이 너무 힘들어서 손님이 없는 오전에는 책을 읽어요  그쪽은 스트레스를 풀 취미 같은 거 있을까요?",
          "summary": "나는 오전에는 책을 읽는다",
          "date": "2022-10-16",
          "time": "17:02:21",
          "terminate": "false"
        },
        {
          "speaker": "speaker1",
          "personaID": "10196",
          "participantID": "3464",
          "utterance": "저는 가끔 발라드 음악을 듣는답니다",
          "summary": "나는 가끔 발라드 음악을 듣는다.",
          "date": "2022-10-16",
          "time": "17:03:50",
          "terminate": "false"
        },
        {
          "speaker": "speaker2",
          "personaID": "30841",
          "participantID": "3427",
          "utterance": "오 발라드 좋죠. 좋아하는 음식은 있어요? 저는 순대국 좋아해요",
          "summary": "나는 순댓국 좋아한다",
          "date": "2022-10-16",
          "time": "17:04:07",
          "terminate": "false"
        },
        {
          "speaker": "speaker1",
          "personaID": "10196",
          "participantID": "3464",
          "utterance": "저는 피자 좋아해요 아버지가 미용사셔서 점심시간에 제가 놀러오면 피자를 시켜주셨거든요 소울푸드랄까?",
          "summary": "나의 아버지는 미용사이다. 나는 피자를 좋아한다,",
          "date": "2022-10-16",
          "time": "17:04:49",
          "terminate": "false"
        },
        {
          "speaker": "speaker2",
          "personaID": "30841",
          "participantID": "3427",
          "utterance": "오 피자 맛있겠네요~ 말 나온김에 오늘 저녁은 피자를 먹어야겠네요",
          "summary": "나는 저녁에 피자를 먹을 것이다",
          "date": "2022-10-16",
          "time": "17:05:59",
          "terminate": "false"
        },
        {
          "speaker": "speaker1",
          "personaID": "10196",
          "participantID": "3464",
          "utterance": "피자 좋죠 요즘 요즘 피부 생각하면 그만 먹어야 하지만 ㅎㅎ4",
          "summary": "",
          "date": "2022-10-16",
          "time": "17:06:53",
          "terminate": "false"
        },
        {
          "speaker": "speaker2",
          "personaID": "30841",
          "participantID": "3427",
          "utterance": "맞아요 건강에는 나쁘지만 뭐 어때요 맛있잖아요?",
          "summary": "",
          "date": "2022-10-16",
          "time": "17:07:09",
          "terminate": "false"
        },
        {
          "speaker": "speaker1",
          "personaID": "10196",
          "participantID": "3464",
          "utterance": "ㅋㅋ 그렇죠 건강보다 맛이 중요할때가 있죠",
          "summary": "",
          "date": "2022-10-16",
          "time": "17:07:53",
          "terminate": "false"
        },
        {
          "speaker": "speaker2",
          "personaID": "30841",
          "participantID": "3427",
          "utterance": "아 안되겠어요 피자 먹으러 가야겠어요 못 참겠네요 다음에 또 봐요",
          "summary": "",
          "date": "2022-10-16",
          "time": "17:08:12",
          "terminate": "true"
        }
      ],
      "sessionPersonaSummary": {
        "speaker1": [
          "나는 10대 남성이다.",
          "나는 방송기자가 꿈이다.",
          "나는 가끔 발라드 음악을 듣는다.",
          "나의 아버지는 미용사이다. 나는 피자를 좋아한다,"
        ],
        "speaker2": [
          "나는 30대 남성이다",
          "나는 안마사이다",
          "나는 오전에는 책을 읽는다",
          "나는 순댓국 좋아한다",
          "나는 저녁에 피자를 먹을 것이다"
        ]
      },
      "prevAggregatedpersonaSummary": {
        "speaker1": [],
        "speaker2": []
      }
    },
    {
      "prevSessionID": "2-00420-1",
      "prevTimeInfo": {
        "timeNum": "1",
        "timeUnit": "주"
      },
      "nthSession": "2",
      "numberOfUtterances": "14",
      "numberOfTurns": "7",
      "sessionID": "2-00420-2",
      "dialog": [
        {
          "speaker": "speaker1",
          "personaID": "10196",
          "participantID": "3464",
          "utterance": "1주만이네요 그동안 잘지내셨나요?",
          "summary": "",
          "date": "2022-10-16",
          "time": "17:11:22",
          "terminate": "false"
        },
        {
          "speaker": "speaker2",
          "personaID": "30841",
          "participantID": "3427",
          "utterance": "네~ 잘 지냈어요 그쪽은 잘 지냈나요?",
          "summary": "",
          "date": "2022-10-16",
          "time": "17:11:33",
          "terminate": "false"
        },
        {
          "speaker": "speaker1",
          "personaID": "10196",
          "participantID": "3464",
          "utterance": "네 나중에 친구들이랑 놀러가려구 이것저것 알아보고 있어요",
          "summary": "나는 나중에 친구들이랑 놀려가려고 이것저것 알아보고 있다.",
          "date": "2022-10-16",
          "time": "17:13:38",
          "terminate": "false"
        },
        {
          "speaker": "speaker2",
          "personaID": "30841",
          "participantID": "3427",
          "utterance": "오 친구들일아 어디 여행 다녀오시게요?>",
          "summary": "",
          "date": "2022-10-16",
          "time": "17:14:10",
          "terminate": "false"
        },
        {
          "speaker": "speaker1",
          "personaID": "10196",
          "participantID": "3464",
          "utterance": "음 해외여행보단 부산이나 제주도 쪽으로 갈 생각중이에요 ㅎㅎ",
          "summary": "나는 해외여행보단 부산이나 제주도 쪽으로 갈 생각 중이다.",
          "date": "2022-10-16",
          "time": "17:14:59",
          "terminate": "false"
        },
        {
          "speaker": "speaker2",
          "personaID": "30841",
          "participantID": "3427",
          "utterance": "오 좋네요~ 저도 제주도 가봤는데 숙박 시설이 엄청 괜찮게 잘 되있더라고요",
          "summary": "나는 제주도 숙박시설이 괜찮다고 생각한다",
          "date": "2022-10-16",
          "time": "17:15:23",
          "terminate": "false"
        },
        {
          "speaker": "speaker1",
          "personaID": "10196",
          "participantID": "3464",
          "utterance": "헉 가보셨구나 가격이 적당한가요?",
          "summary": "",
          "date": "2022-10-16",
          "time": "17:15:41",
          "terminate": "false"
        },
        {
          "speaker": "speaker2",
          "personaID": "30841",
          "participantID": "3427",
          "utterance": "네 가격도 좋고 학생들끼리 가는거면 게스트하우스 이런 숙박 시설도 괜찮죠",
          "summary": "나는 게스트하우스가 좋다고 생각한다",
          "date": "2022-10-16",
          "time": "17:15:59",
          "terminate": "false"
        },
        {
          "speaker": "speaker1",
          "personaID": "10196",
          "participantID": "3464",
          "utterance": "오 이번에 시험이 끝나는데 게스트하우스 알아봐야겠네요 렌트카가 있으면 좋다는데 아직 학생이라 ㅠㅠ",
          "summary": "나는 이번에 시험이 끝나는데 게스트하우스 알아봐야겠다.",
          "date": "2022-10-16",
          "time": "17:16:58",
          "terminate": "false"
        },
        {
          "speaker": "speaker2",
          "personaID": "30841",
          "participantID": "3427",
          "utterance": "제주도 차가 있으면 편하긴하죠 그래도 차 없이 다니는것도 낭만 있지 않나요?",
          "summary": "나는 차가 있지만 차 없는 것도 낭만 있다고 생각한다",
          "date": "2022-10-16",
          "time": "17:17:30",
          "terminate": "false"
        },
        {
          "speaker": "speaker1",
          "personaID": "10196",
          "participantID": "3464",
          "utterance": "저번에 그랬다가 택시비가 너무 많이 깨져서 ㅠㅠ 빨리 성인이 되고 자유롭게 다니고 싶네요 그쪽은 여행다니실때 편하겠어요",
          "summary": "나는 빨리 성인이 돼서 자유롭게 다니고 싶다.",
          "date": "2022-10-16",
          "time": "17:19:17",
          "terminate": "false"
        },
        {
          "speaker": "speaker2",
          "personaID": "30841",
          "participantID": "3427",
          "utterance": "맞아요 저는 아무래도 자가용이 있다보니 조금 편하죠 ",
          "summary": "나는 자가용이 있어 편하다",
          "date": "2022-10-16",
          "time": "17:19:31",
          "terminate": "false"
        },
        {
          "speaker": "speaker1",
          "personaID": "10196",
          "participantID": "3464",
          "utterance": "부럽네요 저는 마저 친구들이랑 여행 계획에 대해 대화하러 가봐야겠어요",
          "summary": "나는 친구들이랑 여행 계획에 대해 대화하러 가볼 거다.",
          "date": "2022-10-16",
          "time": "17:21:10",
          "terminate": "false"
        },
        {
          "speaker": "speaker2",
          "personaID": "30841",
          "participantID": "3427",
          "utterance": "그래요~ 여행 재밌게 다녀오세요~ 또 봬요 우리",
          "summary": "",
          "date": "2022-10-16",
          "time": "17:21:21",
          "terminate": "true"
        }
      ],
      "sessionPersonaSummary": {
        "speaker1": [
          "나는 나중에 친구들이랑 놀려가려고 이것저것 알아보고 있다.",
          "나는 해외여행보단 부산이나 제주도 쪽으로 갈 생각 중이다.",
          "나는 이번에 시험이 끝나는데 게스트하우스 알아봐야겠다.",
          "나는 빨리 성인이 돼서 자유롭게 다니고 싶다.",
          "나는 친구들이랑 여행 계획에 대해 대화하러 가볼 거다."
        ],
        "speaker2": [
          "나는 제주도 숙박시설이 괜찮다고 생각한다",
          "나는 게스트하우스가 좋다고 생각한다",
          "나는 차가 있지만 차 없는 것도 낭만 있다고 생각한다",
          "나는 자가용이 있어 편하다"
        ]
      },
      "prevAggregatedpersonaSummary": {
        "speaker1": [
          "나는 10대 남성이다.",
          "나는 방송기자가 꿈이다.",
          "나는 가끔 발라드 음악을 듣는다.",
          "나의 아버지는 미용사이다. 나는 피자를 좋아한다,"
        ],
        "speaker2": [
          "나는 30대 남성이다",
          "나는 안마사이다",
          "나는 오전에는 책을 읽는다",
          "나는 순댓국 좋아한다",
          "나는 저녁에 피자를 먹을 것이다"
        ]
      }
    }
  ]
}