{
  "FileInfo": {
    "filename": "K2-00237-CL43577-CP63540-18-01-S2.json",
    "sessionLevel": "2"
  },
  "participantsInfo": {
    "numberOfParticipants": "2",
    "speaker1": {
      "participantID": "4217",
      "gender": "여성",
      "age": "40대",
      "occupation": "자영업",
      "bPlace": "서울/경기/인천",
      "gPlace": "서울/경기/인천",
      "rPlace": "서울/경기/인천",
      "educationLevel": "대졸"
    },
    "speaker2": {
      "participantID": "4801",
      "gender": "여성",
      "age": "50대",
      "occupation": "판매직",
      "bPlace": "광주/전라/제주",
      "gPlace": "광주/전라/제주",
      "rPlace": "서울/경기/인천",
      "educationLevel": "고졸"
    }
  },
  "multisessionInfo": {
    "multisessionID": "2-00237"
  },
  "personaInfo": {
    "clInfo": {
      "personaID": "43577",
      "personaFeatures": [
        "나는 여자이다.",
        "나는 40대이다.",
        "나는 경찰이다",
        "나는 1년에 한 두번은 꼭 해외 여행을 한다",
        "나는 바이올린 연주를 가끔 한다",
        "나는 농구를 자주 한다",
        "나는 위스키를 최근에 끊었다"
      ],
      "speakerType": "speaker1"
    },
    "cpInfo": {
      "personaID": "63540",
      "personaFeatures": [
        "나는 여자이다.",
        "나는 60대 이상이다.",
        "나의 거주지는 안동이다",
        "나는 맥주를 최근에 끊었다",
        "나는 매일 편안하다",
        "나는 앵무새를 키우고 싶다",
        "나는 인도에 가봤다"
      ],
      "speakerType": "speaker2"
    }
  },
  "topicInfo": {
    "topicID": "18-01",
    "topicType": "상거래 전반",
    "topicTitle": "쇼핑"
  },
  "sessionInfo": [
    {
      "prevSessionID": null,
      "prevTimeInfo": {
        "timeNum": null,
        "timeUnit": null
      },
      "nthSession": "1",
      "numberOfUtterances": "14",
      "numberOfTurns": "7",
      "sessionID": "2-00237-1",
      "dialog": [
        {
          "speaker": "speaker1",
          "personaID": "43577",
          "participantID": "4217",
          "utterance": "안녕하세요. 40대 여성입니다.",
          "summary": "나는 40대 여성이다",
          "date": "2022-12-01",
          "time": "18:13:09",
          "terminate": "false"
        },
        {
          "speaker": "speaker2",
          "personaID": "63540",
          "participantID": "4801",
          "utterance": "안녕하세요 안동에사는 60대 여성입니다",
          "summary": "나는 안동에 사는 60대 여성이다.",
          "date": "2022-12-01",
          "time": "18:25:28",
          "terminate": "false"
        },
        {
          "speaker": "speaker1",
          "personaID": "43577",
          "participantID": "4217",
          "utterance": "저는 경찰입니다. 어떤 일을 하시나요?",
          "summary": "나는 경찰이다",
          "date": "2022-12-01",
          "time": "18:26:28",
          "terminate": "false"
        },
        {
          "speaker": "speaker2",
          "personaID": "63540",
          "participantID": "4801",
          "utterance": "저는 매일이 편안한 전업주부입니다",
          "summary": "나는 전업주부이다.",
          "date": "2022-12-01",
          "time": "18:28:27",
          "terminate": "false"
        },
        {
          "speaker": "speaker1",
          "personaID": "43577",
          "participantID": "4217",
          "utterance": "저는 그리 시간이 많이 나지는 않지만 바이올린 연주를 가끔하고 농구를 주로 하는 편인데 취미는 어떻게 되시나요?",
          "summary": "나는 바이올린 연주도 하고 농구도 한다",
          "date": "2022-12-01",
          "time": "18:29:18",
          "terminate": "false"
        },
        {
          "speaker": "speaker2",
          "personaID": "63540",
          "participantID": "4801",
          "utterance": "저는 앵무새를 키우고 싶은데 쉽지는 않을거 같아요",
          "summary": "나는 앵무새를 키우고 싶다.",
          "date": "2022-12-01",
          "time": "18:30:31",
          "terminate": "false"
        },
        {
          "speaker": "speaker1",
          "personaID": "43577",
          "participantID": "4217",
          "utterance": "쉽지 않겠군요. 새를  좋아하시나요? 저는 고양이 알러지가 있어서 동물들을 가까이 하지는 않아요.",
          "summary": "나는 고양이 알레르기가 있다",
          "date": "2022-12-01",
          "time": "18:33:37",
          "terminate": "false"
        },
        {
          "speaker": "speaker2",
          "personaID": "63540",
          "participantID": "4801",
          "utterance": "고양이 알러지라, 힘들겠군요 저도 맥주를 최근에 끊었네요 ",
          "summary": "나는 맥주를 최근에 끊었다.",
          "date": "2022-12-01",
          "time": "18:35:27",
          "terminate": "false"
        },
        {
          "speaker": "speaker1",
          "personaID": "43577",
          "participantID": "4217",
          "utterance": "저는 위스키를 최근에 끊었어요. 1년에 한 두번 꼭 해외여행을 가는데 그때마다 면세점도 위스키를 잘 사왔는데 일하다 보니 취객들을 많이 봐서 술을 끊어야 겠더라구요. 맥주는 왜 끊으셨나요?",
          "summary": "나는 위스키를 끊었다",
          "date": "2022-12-01",
          "time": "18:44:53",
          "terminate": "false"
        },
        {
          "speaker": "speaker2",
          "personaID": "63540",
          "participantID": "4801",
          "utterance": "요즘 약을 먹고 있는데 금주를 하라하더군요  여행 은 좋아하세요?나는인도에 다녀왔네요",
          "summary": "나는 약을 먹고 있는데 금주를 하라 했다. 나는 인도에 다녀왔다.",
          "date": "2022-12-01",
          "time": "18:47:28",
          "terminate": "false"
        },
        {
          "speaker": "speaker1",
          "personaID": "43577",
          "participantID": "4217",
          "utterance": "여행 좋아합니다. 일이 바빠 자주는 못가지만 시간나면 여행을 가려 합니다. 인도는 어떤가요?",
          "summary": "나는 여행을 좋아한다",
          "date": "2022-12-01",
          "time": "20:34:05",
          "terminate": "false"
        },
        {
          "speaker": "speaker2",
          "personaID": "63540",
          "participantID": "4801",
          "utterance": "과거와 미래가 같이 공존하는 나라인거 같아요",
          "summary": "",
          "date": "2022-12-01",
          "time": "20:57:18",
          "terminate": "false"
        },
        {
          "speaker": "speaker1",
          "personaID": "43577",
          "participantID": "4217",
          "utterance": "흥미롭네요. 주변에서 인도 여행 하신분들은 추천을   안 해주셨는데 @이름@의 이야기를 들으니 흥미가 생기네요.",
          "summary": "나는 인도 여행에 흥미가 생겼다",
          "date": "2022-12-01",
          "time": "20:58:57",
          "terminate": "false"
        },
        {
          "speaker": "speaker2",
          "personaID": "63540",
          "participantID": "4801",
          "utterance": "저는 약속이 있어서 먼저 나가볼께요",
          "summary": "",
          "date": "2022-12-01",
          "time": "21:02:40",
          "terminate": "true"
        }
      ],
      "sessionPersonaSummary": {
        "speaker1": [
          "나는 40대 여성이다",
          "나는 경찰이다",
          "나는 바이올린 연주도 하고 농구도 한다",
          "나는 고양이 알레르기가 있다",
          "나는 위스키를 끊었다",
          "나는 여행을 좋아한다",
          "나는 인도 여행에 흥미가 생겼다"
        ],
        "speaker2": [
          "나는 안동에 사는 60대 여성이다.",
          "나는 전업주부이다.",
          "나는 앵무새를 키우고 싶다.",
          "나는 맥주를 최근에 끊었다.",
          "나는 약을 먹고 있는데 금주를 하라 했다. 나는 인도에 다녀왔다."
        ]
      },
      "prevAggregatedpersonaSummary": {
        "speaker1": [],
        "speaker2": []
      }
    },
    {
      "prevSessionID": "2-00237-1",
      "prevTimeInfo": {
        "timeNum": "2",
        "timeUnit": "일"
      },
      "nthSession": "2",
      "numberOfUtterances": "14",
      "numberOfTurns": "7",
      "sessionID": "2-00237-2",
      "dialog": [
        {
          "speaker": "speaker1",
          "personaID": "43577",
          "participantID": "4217",
          "utterance": "2일만에 뵙네요. 저녁은 드셨나요?",
          "summary": "나는 당신을 2일 만에 본다",
          "date": "2022-12-01",
          "time": "21:08:50",
          "terminate": "false"
        },
        {
          "speaker": "speaker2",
          "personaID": "63540",
          "participantID": "4801",
          "utterance": "네 안동에 사니 구하기 쉬운 고등어 구이로 먹었네요",
          "summary": "나는 고등어구이를 먹었다.",
          "date": "2022-12-01",
          "time": "21:10:31",
          "terminate": "false"
        },
        {
          "speaker": "speaker1",
          "personaID": "43577",
          "participantID": "4217",
          "utterance": "맛있는거 드셨네요. 요즘은 간단하게 먹을 수 있는 생선구이들이 많이 나오는 것 같아요. ",
          "summary": "나는 간단하게 먹는 음식을 안다",
          "date": "2022-12-01",
          "time": "21:42:09",
          "terminate": "false"
        },
        {
          "speaker": "speaker2",
          "personaID": "63540",
          "participantID": "4801",
          "utterance": "저는 인터넷에서 홈쇼핑에서 편하게 쇼핑하네요",
          "summary": "나는 인터넷 혹은 홈쇼핑에서 편하게 쇼핑한다.",
          "date": "2022-12-01",
          "time": "21:43:54",
          "terminate": "false"
        },
        {
          "speaker": "speaker1",
          "personaID": "43577",
          "participantID": "4217",
          "utterance": "저는 주로 인터넷으로 쇼핑하는데 홈쇼핑도 좋다고 하더라구요. 저는 후다닥 쇼핑하는 스타일이라 TV는 못 기다리겠더라구요.",
          "summary": "나는 인터넷 쇼핑을 한다",
          "date": "2022-12-01",
          "time": "21:46:07",
          "terminate": "false"
        },
        {
          "speaker": "speaker2",
          "personaID": "63540",
          "participantID": "4801",
          "utterance": "인터넷쇼핑을 자주하는데. 홈쇼핑의 유혹도 자제가 안되거든요",
          "summary": "나는 인터넷 쇼핑을 자주 하지만 홈쇼핑의 유혹도 받는다.",
          "date": "2022-12-01",
          "time": "21:57:06",
          "terminate": "false"
        },
        {
          "speaker": "speaker1",
          "personaID": "43577",
          "participantID": "4217",
          "utterance": "저는 이번에 처음으로 인터넷에서 신발을 구입해 보았어요. 다른 것은 잘 사는데 신발은 꼭 신어보고 구입했는데 이번에 후기가 너무 좋아서 혹해서 샀습니다. ",
          "summary": "나는 인터넷으로 신발을 구입했다",
          "date": "2022-12-01",
          "time": "21:59:48",
          "terminate": "false"
        },
        {
          "speaker": "speaker2",
          "personaID": "63540",
          "participantID": "4801",
          "utterance": "저도 신발을 사봤는데 후기가 많이 도움이 되더라고요 ",
          "summary": "나는 신발도 인터넷으로 사 보았다.",
          "date": "2022-12-01",
          "time": "22:07:25",
          "terminate": "false"
        },
        {
          "speaker": "speaker1",
          "personaID": "43577",
          "participantID": "4217",
          "utterance": "성공하셨나보군요. 저는 발볼이 넓어서 그런가 실패했습니다. 그래서 집에 고이 모셔두고 있어요. ",
          "summary": "나는 인터넷에서 산 신발을 실패했다",
          "date": "2022-12-01",
          "time": "22:11:16",
          "terminate": "false"
        },
        {
          "speaker": "speaker2",
          "personaID": "63540",
          "participantID": "4801",
          "utterance": "마트에서 들고오는것도 힘들어 생필품도 인터넷으로 주문하는데 편하더라고요",
          "summary": "나는 생필품도 인터넷으로 편하게 주문한다.",
          "date": "2022-12-01",
          "time": "22:12:15",
          "terminate": "false"
        },
        {
          "speaker": "speaker1",
          "personaID": "43577",
          "participantID": "4217",
          "utterance": "저도 요즘 장보는 것은  인터넷으로 많이  해요. 몇 개의 사이트를 검색해보고 매번 싼 곳에서 구매해요. 다음날 아침 바로 가져다 주니 너무 좋은 것 같아요.",
          "summary": "나는 인터넷으로 장을 본다",
          "date": "2022-12-01",
          "time": "22:20:02",
          "terminate": "false"
        },
        {
          "speaker": "speaker2",
          "personaID": "63540",
          "participantID": "4801",
          "utterance": "백화점쇼핑도 가끔하는데 재미는 있지요 ",
          "summary": "나는 백화점 쇼핑도 가끔 재미있다.",
          "date": "2022-12-01",
          "time": "22:26:48",
          "terminate": "false"
        },
        {
          "speaker": "speaker1",
          "personaID": "43577",
          "participantID": "4217",
          "utterance": "저는 백화점은 세일할 때만 가게 되는 것 같아요. 왠지 제값주고 사면 아깝다는 느낌이랄까요. 하도 인터넷에서 최저가네 뭐네 하며 파니까 그게 진품인지 잘 모르겠지만 그쪽으로 눈을 돌리게 되더라구요.",
          "summary": "나는 세일할 때 백화점을 이용한다",
          "date": "2022-12-01",
          "time": "22:28:26",
          "terminate": "false"
        },
        {
          "speaker": "speaker2",
          "personaID": "63540",
          "participantID": "4801",
          "utterance": "저는 쉬러 먼저 나가보겠습니다",
          "summary": "",
          "date": "2022-12-01",
          "time": "22:32:44",
          "terminate": "true"
        }
      ],
      "sessionPersonaSummary": {
        "speaker1": [
          "나는 당신을 2일 만에 본다",
          "나는 간단하게 먹는 음식을 안다",
          "나는 인터넷 쇼핑을 한다",
          "나는 인터넷으로 신발을 구입했다",
          "나는 인터넷에서 산 신발을 실패했다",
          "나는 인터넷으로 장을 본다",
          "나는 세일할 때 백화점을 이용한다"
        ],
        "speaker2": [
          "나는 고등어구이를 먹었다.",
          "나는 인터넷 혹은 홈쇼핑에서 편하게 쇼핑한다.",
          "나는 인터넷 쇼핑을 자주 하지만 홈쇼핑의 유혹도 받는다.",
          "나는 신발도 인터넷으로 사 보았다.",
          "나는 생필품도 인터넷으로 편하게 주문한다.",
          "나는 백화점 쇼핑도 가끔 재미있다."
        ]
      },
      "prevAggregatedpersonaSummary": {
        "speaker1": [
          "나는 40대 여성이다",
          "나는 경찰이다",
          "나는 바이올린 연주도 하고 농구도 한다",
          "나는 고양이 알레르기가 있다",
          "나는 위스키를 끊었다",
          "나는 여행을 좋아한다",
          "나는 인도 여행에 흥미가 생겼다"
        ],
        "speaker2": [
          "나는 안동에 사는 60대 여성이다.",
          "나는 전업주부이다.",
          "나는 앵무새를 키우고 싶다.",
          "나는 맥주를 최근에 끊었다.",
          "나는 약을 먹고 있는데 금주를 하라 했다. 나는 인도에 다녀왔다."
        ]
      }
    }
  ]
}