{
  "FileInfo": {
    "filename": "K2-00402-CL04083-CP00620-06-04-S2.json",
    "sessionLevel": "2"
  },
  "participantsInfo": {
    "numberOfParticipants": "2",
    "speaker1": {
      "participantID": "25498",
      "gender": "여성",
      "age": "40대",
      "occupation": "서비스직",
      "bPlace": "광주/전라/제주",
      "gPlace": "광주/전라/제주",
      "rPlace": "광주/전라/제주",
      "educationLevel": "대졸"
    },
    "speaker2": {
      "participantID": "25515",
      "gender": "남성",
      "age": "50대",
      "occupation": "자영업",
      "bPlace": "서울/경기/인천",
      "gPlace": "서울/경기/인천",
      "rPlace": "서울/경기/인천",
      "educationLevel": "고졸"
    }
  },
  "multisessionInfo": {
    "multisessionID": "2-00402"
  },
  "personaInfo": {
    "clInfo": {
      "personaID": "04083",
      "personaFeatures": [
        "나는 여자이다.",
        "나는 40대이다.",
        "나의 남자 형제는 세무사이다.",
        "나는 걷기를 좋아한다.",
        "나는 마케팅 및 홍보 담당자이다."
      ],
      "speakerType": "speaker1"
    },
    "cpInfo": {
      "personaID": "00620",
      "personaFeatures": [
        "나는 남자이다.",
        "나는 50대이다.",
        "나는 앵무새 세 마리를 키운다.",
        "나는 드럼 연주를 자주 한다.",
        "나는 가츠동을 싫어한다."
      ],
      "speakerType": "speaker2"
    }
  },
  "topicInfo": {
    "topicID": "06-04",
    "topicType": "교육",
    "topicTitle": "학원"
  },
  "sessionInfo": [
    {
      "prevSessionID": null,
      "prevTimeInfo": {
        "timeNum": null,
        "timeUnit": null
      },
      "nthSession": "1",
      "numberOfUtterances": "14",
      "numberOfTurns": "7",
      "sessionID": "2-00402-1",
      "dialog": [
        {
          "speaker": "speaker1",
          "personaID": "04083",
          "participantID": "25498",
          "utterance": "안녕하십니까~저는 40대 여자입니다!!",
          "summary": "나는 40대 여자이다.",
          "date": "2022-09-06",
          "time": "11:35:30",
          "terminate": "false"
        },
        {
          "speaker": "speaker2",
          "personaID": "00620",
          "participantID": "25515",
          "utterance": "네~안녕하세요! 저는 50대 남자입니다~!!",
          "summary": "나는 50대 남자이다.",
          "date": "2022-09-06",
          "time": "11:35:35",
          "terminate": "false"
        },
        {
          "speaker": "speaker1",
          "personaID": "04083",
          "participantID": "25498",
          "utterance": "혹시 무슨일 하세요? 저는 마케팅 및 홍보 담당자 인데 너무 바쁘네요,",
          "summary": "나는 마케팅 및 홍보 담당자이다.",
          "date": "2022-09-06",
          "time": "11:35:53",
          "terminate": "false"
        },
        {
          "speaker": "speaker2",
          "personaID": "00620",
          "participantID": "25515",
          "utterance": "저는 휴직중이에요..근데.너무 바쁘면 여유는 어떻게 찾으세요...",
          "summary": "나는 휴직 중이다.",
          "date": "2022-09-06",
          "time": "11:36:01",
          "terminate": "false"
        },
        {
          "speaker": "speaker1",
          "personaID": "04083",
          "participantID": "25498",
          "utterance": "그냥.. 걷기 좋아해서 산책 하곤해요..",
          "summary": "나는 걷기를 좋아한다.",
          "date": "2022-09-06",
          "time": "11:36:19",
          "terminate": "false"
        },
        {
          "speaker": "speaker2",
          "personaID": "00620",
          "participantID": "25515",
          "utterance": "아~좋네요! 산책하는게 참 도움이 많이 되죠.",
          "summary": "",
          "date": "2022-09-06",
          "time": "11:36:24",
          "terminate": "false"
        },
        {
          "speaker": "speaker1",
          "personaID": "04083",
          "participantID": "25498",
          "utterance": "네. 그나저나 그쪽은 뭐하고 계셨어요?",
          "summary": "",
          "date": "2022-09-06",
          "time": "11:36:29",
          "terminate": "false"
        },
        {
          "speaker": "speaker2",
          "personaID": "00620",
          "participantID": "25515",
          "utterance": "저는 드럼 연주를 하고있었어요~자주 합니다~",
          "summary": "나는 드럼 연주를 자주 한다.",
          "date": "2022-09-06",
          "time": "11:36:45",
          "terminate": "false"
        },
        {
          "speaker": "speaker1",
          "personaID": "04083",
          "participantID": "25498",
          "utterance": "드럼 너무 좋네요.. 집에서 시끄럽지 않아요?",
          "summary": "",
          "date": "2022-09-06",
          "time": "11:36:53",
          "terminate": "false"
        },
        {
          "speaker": "speaker2",
          "personaID": "00620",
          "participantID": "25515",
          "utterance": "괜찮아요~근데 앵무새 세 마리를 키우는데 엄청 우네요..",
          "summary": "나는 앵무새 세 마리를 키운다.",
          "date": "2022-09-06",
          "time": "11:36:58",
          "terminate": "false"
        },
        {
          "speaker": "speaker1",
          "personaID": "04083",
          "participantID": "25498",
          "utterance": "그렇겠네요. 동물은 청각 민감 하지 않나요..",
          "summary": "",
          "date": "2022-09-06",
          "time": "11:37:03",
          "terminate": "false"
        },
        {
          "speaker": "speaker2",
          "personaID": "00620",
          "participantID": "25515",
          "utterance": "네..근데 앵무새는 소리가 아니라 진동으로 느낀다고 하던데.",
          "summary": "",
          "date": "2022-09-06",
          "time": "11:37:10",
          "terminate": "false"
        },
        {
          "speaker": "speaker1",
          "personaID": "04083",
          "participantID": "25498",
          "utterance": "저는 세무사 남동생이랑 외식 하러 가볼께요 ~",
          "summary": "나의 남자 형제는 세무사이다.",
          "date": "2022-09-06",
          "time": "11:37:32",
          "terminate": "false"
        },
        {
          "speaker": "speaker2",
          "personaID": "00620",
          "participantID": "25515",
          "utterance": "가츠동 싫어하니까 드시지 말아주세요 ~ 부탁 !!",
          "summary": "나는 가츠동을 싫어한다.",
          "date": "2022-09-06",
          "time": "11:37:49",
          "terminate": "true"
        }
      ],
      "sessionPersonaSummary": {
        "speaker1": [
          "나는 40대 여자이다.",
          "나는 마케팅 및 홍보 담당자이다.",
          "나는 걷기를 좋아한다.",
          "나의 남자 형제는 세무사이다."
        ],
        "speaker2": [
          "나는 50대 남자이다.",
          "나는 휴직 중이다.",
          "나는 드럼 연주를 자주 한다.",
          "나는 앵무새 세 마리를 키운다.",
          "나는 가츠동을 싫어한다."
        ]
      },
      "prevAggregatedpersonaSummary": {
        "speaker1": [],
        "speaker2": []
      }
    },
    {
      "prevSessionID": "2-00402-1",
      "prevTimeInfo": {
        "timeNum": "3",
        "timeUnit": "일"
      },
      "nthSession": "2",
      "numberOfUtterances": "14",
      "numberOfTurns": "7",
      "sessionID": "2-00402-2",
      "dialog": [
        {
          "speaker": "speaker1",
          "personaID": "04083",
          "participantID": "25498",
          "utterance": "3일만에 연락드립니다. 잘 지내고 계셨죠?",
          "summary": "",
          "date": "2022-09-06",
          "time": "11:38:12",
          "terminate": "false"
        },
        {
          "speaker": "speaker2",
          "personaID": "00620",
          "participantID": "25515",
          "utterance": "간만에 연락하셨네요~반갑습니다!!",
          "summary": "",
          "date": "2022-09-06",
          "time": "11:38:22",
          "terminate": "false"
        },
        {
          "speaker": "speaker1",
          "personaID": "04083",
          "participantID": "25498",
          "utterance": "저는 요즘 일본어좀 배우고 있답니다..",
          "summary": "나는 요즘 일본어를 배우고 있다.",
          "date": "2022-09-06",
          "time": "11:38:33",
          "terminate": "false"
        },
        {
          "speaker": "speaker2",
          "personaID": "00620",
          "participantID": "25515",
          "utterance": "오~좋네요! 일본어도 배우시고!",
          "summary": "",
          "date": "2022-09-06",
          "time": "11:38:49",
          "terminate": "false"
        },
        {
          "speaker": "speaker1",
          "personaID": "04083",
          "participantID": "25498",
          "utterance": "회사에서 학원을 보내줘서. 수업 듣고 있어요.",
          "summary": "나는 회사에서 일본어 학원을 보내줬다.",
          "date": "2022-09-06",
          "time": "11:39:04",
          "terminate": "false"
        },
        {
          "speaker": "speaker2",
          "personaID": "00620",
          "participantID": "25515",
          "utterance": "아~그래요? 회사에서 학원도 보내주다니..잘하세요 근데?",
          "summary": "",
          "date": "2022-09-06",
          "time": "11:39:18",
          "terminate": "false"
        },
        {
          "speaker": "speaker1",
          "personaID": "04083",
          "participantID": "25498",
          "utterance": "잘 못해요.. 조금 할수있는 정도에요..",
          "summary": "나는 일본어를 잘 하진 못하고 조금 할 수 있다.",
          "date": "2022-09-06",
          "time": "11:39:28",
          "terminate": "false"
        },
        {
          "speaker": "speaker2",
          "personaID": "00620",
          "participantID": "25515",
          "utterance": "열심히 하세요!! 이런기회 또 없잖아요~!!",
          "summary": "",
          "date": "2022-09-06",
          "time": "11:39:35",
          "terminate": "false"
        },
        {
          "speaker": "speaker1",
          "personaID": "04083",
          "participantID": "25498",
          "utterance": "네! 알겠습니다 열심히 해볼께요 ~ 요시!",
          "summary": "",
          "date": "2022-09-06",
          "time": "11:39:41",
          "terminate": "false"
        },
        {
          "speaker": "speaker2",
          "personaID": "00620",
          "participantID": "25515",
          "utterance": "저도 기회가 되면 언어를 배우고싶긴 하네요!",
          "summary": "나는 기회가 되면 언어를 배우고 싶다.",
          "date": "2022-09-06",
          "time": "11:39:57",
          "terminate": "false"
        },
        {
          "speaker": "speaker1",
          "personaID": "04083",
          "participantID": "25498",
          "utterance": "한번 배워보세요! 근데 그쪽은 주말인데 뭐하고 계셨어요?",
          "summary": "",
          "date": "2022-09-06",
          "time": "11:40:07",
          "terminate": "false"
        },
        {
          "speaker": "speaker2",
          "personaID": "00620",
          "participantID": "25515",
          "utterance": "저는 그냥 집에서 쉬고있어요~피곤하네요.",
          "summary": "나는 집에서 쉬고 있는데 피곤하다.",
          "date": "2022-09-06",
          "time": "11:40:18",
          "terminate": "false"
        },
        {
          "speaker": "speaker1",
          "personaID": "04083",
          "participantID": "25498",
          "utterance": "피곤하셨구나.. 저도 이만 뱅쿄하러 가볼께요 !!",
          "summary": "나는 뱅쿄하러 간다.",
          "date": "2022-09-06",
          "time": "11:40:30",
          "terminate": "false"
        },
        {
          "speaker": "speaker2",
          "personaID": "00620",
          "participantID": "25515",
          "utterance": "네..알겠습니다~그럼 오늘도 화이팅 하세요!",
          "summary": "",
          "date": "2022-09-06",
          "time": "11:40:49",
          "terminate": "true"
        }
      ],
      "sessionPersonaSummary": {
        "speaker1": [
          "나는 요즘 일본어를 배우고 있다.",
          "나는 회사에서 일본어 학원을 보내줬다.",
          "나는 일본어를 잘 하진 못하고 조금 할 수 있다.",
          "나는 뱅쿄하러 간다."
        ],
        "speaker2": [
          "나는 기회가 되면 언어를 배우고 싶다.",
          "나는 집에서 쉬고 있는데 피곤하다."
        ]
      },
      "prevAggregatedpersonaSummary": {
        "speaker1": [
          "나는 40대 여자이다.",
          "나는 마케팅 및 홍보 담당자이다.",
          "나는 걷기를 좋아한다.",
          "나의 남자 형제는 세무사이다."
        ],
        "speaker2": [
          "나는 50대 남자이다.",
          "나는 휴직 중이다.",
          "나는 드럼 연주를 자주 한다.",
          "나는 앵무새 세 마리를 키운다.",
          "나는 가츠동을 싫어한다."
        ]
      }
    }
  ]
}