{
  "FileInfo": {
    "filename": "K2-00207-CL20573-CP21247-07-10-S2.json",
    "sessionLevel": "2"
  },
  "participantsInfo": {
    "numberOfParticipants": "2",
    "speaker1": {
      "participantID": "0134",
      "gender": "남성",
      "age": "20대",
      "occupation": "무직",
      "bPlace": "서울/경기/인천",
      "gPlace": "서울/경기/인천",
      "rPlace": "서울/경기/인천",
      "educationLevel": "고졸"
    },
    "speaker2": {
      "participantID": "0405",
      "gender": "남성",
      "age": "20대",
      "occupation": "학생",
      "bPlace": "서울/경기/인천",
      "gPlace": "서울/경기/인천",
      "rPlace": "서울/경기/인천",
      "educationLevel": "고졸"
    }
  },
  "multisessionInfo": {
    "multisessionID": "2-00207"
  },
  "personaInfo": {
    "clInfo": {
      "personaID": "20573",
      "personaFeatures": [
        "나는 남자이다.",
        "나는 20대이다.",
        "나의 남자 형제는 회계사이다.",
        "나는 창업 동아리에 관심이 없다.",
        "나는 키위를 좋아한다."
      ],
      "speakerType": "speaker1"
    },
    "cpInfo": {
      "personaID": "21247",
      "personaFeatures": [
        "나는 남자이다.",
        "나는 20대이다.",
        "나는 고슴도치 두 마리를 키운다.",
        "나는 방송 크리에이터 동아리에 관심이 없다.",
        "나는 베이스 연주를 가끔 한다."
      ],
      "speakerType": "speaker2"
    }
  },
  "topicInfo": {
    "topicID": "07-10",
    "topicType": "개인 및 관계>가족",
    "topicTitle": "가족사진"
  },
  "sessionInfo": [
    {
      "prevSessionID": null,
      "prevTimeInfo": {
        "timeNum": null,
        "timeUnit": null
      },
      "nthSession": "1",
      "numberOfUtterances": "14",
      "numberOfTurns": "7",
      "sessionID": "2-00207-1",
      "dialog": [
        {
          "speaker": "speaker1",
          "personaID": "20573",
          "participantID": "0134",
          "utterance": "안녕하세요. 저는 20대 남자입니다. 소개 좀 부탁드립니다.",
          "summary": "나는 20대 남자이다.",
          "date": "2022-09-23",
          "time": "18:52:23",
          "terminate": "false"
        },
        {
          "speaker": "speaker2",
          "personaID": "21247",
          "participantID": "0405",
          "utterance": "안녕하세요. 저도 20대 남자입니다. 반갑습니다.",
          "summary": "나는 20대 남자이다.",
          "date": "2022-09-23",
          "time": "18:52:34",
          "terminate": "false"
        },
        {
          "speaker": "speaker1",
          "personaID": "20573",
          "participantID": "0134",
          "utterance": "전 대학생이에요. 요즘 동아리 가입권유때문에 머리 아프네요.ㅠㅠ 직장인이세요?",
          "summary": "나는 대학생이다.",
          "date": "2022-09-23",
          "time": "18:53:11",
          "terminate": "false"
        },
        {
          "speaker": "speaker2",
          "personaID": "21247",
          "participantID": "0405",
          "utterance": "저도 대학생이에요! 저도 방송 크리에이터 동아리에 관심이 없는데 계속 가입 압박 받고 있어서 힘들어요.",
          "summary": "나는 대학생이다. 나는 방송 크리에이터 동아리에 관심이 없다.",
          "date": "2022-09-23",
          "time": "18:53:42",
          "terminate": "false"
        },
        {
          "speaker": "speaker1",
          "personaID": "20573",
          "participantID": "0134",
          "utterance": "와! 비슷하네요. ㅠㅠ 저는 창업 동아리에 계속 권유 받고 있어요.ㅋㅋ 어떻게 거절하세요?",
          "summary": "나는 창업 동아리에 관심이 없다.",
          "date": "2022-09-23",
          "time": "18:54:16",
          "terminate": "false"
        },
        {
          "speaker": "speaker2",
          "personaID": "21247",
          "participantID": "0405",
          "utterance": "친구가 그 동아리에 가입했어서 계속 피해 다녔어요. ㅋㅋ.",
          "summary": "",
          "date": "2022-09-23",
          "time": "18:54:44",
          "terminate": "false"
        },
        {
          "speaker": "speaker1",
          "personaID": "20573",
          "participantID": "0134",
          "utterance": "거절하긴 힘들겠어요. 저는 거절했는데도 계속 가입하라고 하네요.^^;ㅋㅋ 끈질기죠?ㅎㅎ.",
          "summary": "",
          "date": "2022-09-23",
          "time": "18:55:11",
          "terminate": "false"
        },
        {
          "speaker": "speaker2",
          "personaID": "21247",
          "participantID": "0405",
          "utterance": "친구가 부탁하니깐 더 그래요.ㅎㅎ 이제는 한귀로 듣고 한귀로 흘려요.ㅎㅎ.",
          "summary": "",
          "date": "2022-09-23",
          "time": "18:55:35",
          "terminate": "false"
        },
        {
          "speaker": "speaker1",
          "personaID": "20573",
          "participantID": "0134",
          "utterance": "저도요.ㅎㅎ 지금도 제가 좋아하는 키위 나온다는 이야기를 듣고 학식먹으러 왔어요.ㅋㅋ 점심 먹었어요?",
          "summary": "나는 키위를 좋아한다.",
          "date": "2022-09-23",
          "time": "18:55:52",
          "terminate": "false"
        },
        {
          "speaker": "speaker2",
          "personaID": "21247",
          "participantID": "0405",
          "utterance": "아직 못먹었어요. 저도 대충 학식 먹을까 생각중이에요.",
          "summary": "",
          "date": "2022-09-23",
          "time": "18:56:20",
          "terminate": "false"
        },
        {
          "speaker": "speaker1",
          "personaID": "20573",
          "participantID": "0134",
          "utterance": "학교 안에 학식처럼 가까운곳에서 먹을수 있는 곳이 잘 없죠.ㅎㅎ 학식으로 가시죠.",
          "summary": "",
          "date": "2022-09-23",
          "time": "18:56:47",
          "terminate": "false"
        },
        {
          "speaker": "speaker2",
          "personaID": "21247",
          "participantID": "0405",
          "utterance": "별로 선택지가 없어서 학식먹으러 갑니다.ㅎㅎ.",
          "summary": "나는 학식을 먹는다.",
          "date": "2022-09-23",
          "time": "18:57:01",
          "terminate": "false"
        },
        {
          "speaker": "speaker1",
          "personaID": "20573",
          "participantID": "0134",
          "utterance": "맛있게 먹어요! 저도 이제 밥먹어야 겠어요.",
          "summary": "",
          "date": "2022-09-23",
          "time": "18:57:20",
          "terminate": "false"
        },
        {
          "speaker": "speaker2",
          "personaID": "21247",
          "participantID": "0405",
          "utterance": "밥먹고 나중에 또 연락해요.^^",
          "summary": "",
          "date": "2022-09-23",
          "time": "18:57:28",
          "terminate": "true"
        }
      ],
      "sessionPersonaSummary": {
        "speaker1": [
          "나는 20대 남자이다.",
          "나는 대학생이다.",
          "나는 창업 동아리에 관심이 없다.",
          "나는 키위를 좋아한다."
        ],
        "speaker2": [
          "나는 20대 남자이다.",
          "나는 대학생이다. 나는 방송 크리에이터 동아리에 관심이 없다.",
          "나는 학식을 먹는다."
        ]
      },
      "prevAggregatedpersonaSummary": {
        "speaker1": [],
        "speaker2": []
      }
    },
    {
      "prevSessionID": "2-00207-1",
      "prevTimeInfo": {
        "timeNum": "1",
        "timeUnit": "시간"
      },
      "nthSession": "2",
      "numberOfUtterances": "14",
      "numberOfTurns": "7",
      "sessionID": "2-00207-2",
      "dialog": [
        {
          "speaker": "speaker1",
          "personaID": "20573",
          "participantID": "0134",
          "utterance": "밥 맛있게 먹었어요? 빨리 먹는다는게 1시간이나 흘렀네요.ㅠㅠ.",
          "summary": "",
          "date": "2022-09-23",
          "time": "18:57:59",
          "terminate": "false"
        },
        {
          "speaker": "speaker2",
          "personaID": "21247",
          "participantID": "0405",
          "utterance": "네. 저는 벌써 먹고 가끔 치는 베이스 연주 하러 밴드부 친구한테 왔어요.",
          "summary": "나는 베이스 연주를 가끔 한다.",
          "date": "2022-09-23",
          "time": "18:58:28",
          "terminate": "false"
        },
        {
          "speaker": "speaker1",
          "personaID": "20573",
          "participantID": "0134",
          "utterance": "베이스 연주도 하시는군요.ㅎㅎ 재주가 많으시네요! 전 가족사진 찍기로 해서 가야되요.ㅠㅠ.",
          "summary": "",
          "date": "2022-09-23",
          "time": "18:58:58",
          "terminate": "false"
        },
        {
          "speaker": "speaker2",
          "personaID": "21247",
          "participantID": "0405",
          "utterance": "고등학생때 밴드부했었거든요.ㅎㅎ 가족사진 요즘 많이 찍더라구요.",
          "summary": "나는 고등학생 때 밴드부였다.",
          "date": "2022-09-23",
          "time": "18:59:28",
          "terminate": "false"
        },
        {
          "speaker": "speaker1",
          "personaID": "20573",
          "participantID": "0134",
          "utterance": "저희 형이 회계사인데 고객분이 사진작가라고 가족사진 찍어준다고 해서 갑자기 찍게 됐어요. 가족사진 찍어보셨어요?",
          "summary": "나의 남자 형제는 회계사이다.",
          "date": "2022-09-23",
          "time": "19:00:21",
          "terminate": "false"
        },
        {
          "speaker": "speaker2",
          "personaID": "21247",
          "participantID": "0405",
          "utterance": "아니요.^^; 찍어본적 없어요. 고슴도치 두마리 키우는데 걔네랑 저랑 셋이서 찍은 사진만 있어요.ㅋㅋ.",
          "summary": "나는 고슴도치 두 마리를 키운다.",
          "date": "2022-09-23",
          "time": "19:00:43",
          "terminate": "false"
        },
        {
          "speaker": "speaker1",
          "personaID": "20573",
          "participantID": "0134",
          "utterance": "가족사진을 고슴도치 두마리랑 같이 스튜디오에서 찍으신거에요???",
          "summary": "",
          "date": "2022-09-23",
          "time": "19:01:08",
          "terminate": "false"
        },
        {
          "speaker": "speaker2",
          "personaID": "21247",
          "participantID": "0405",
          "utterance": "요즘 렌탈 스튜디오 있잖아요. ㅎㅎ 거기서 찍었어요. 그것도 사진찍는 친구가 찍고 싶다고 부탁했거든요.",
          "summary": "나는 고슴도치와 사진을 찍었다.",
          "date": "2022-09-23",
          "time": "19:01:30",
          "terminate": "false"
        },
        {
          "speaker": "speaker1",
          "personaID": "20573",
          "participantID": "0134",
          "utterance": "고슴도치가 사진 찍는데 협조를 잘 해줘요?ㅋㅋ.",
          "summary": "",
          "date": "2022-09-23",
          "time": "19:02:33",
          "terminate": "false"
        },
        {
          "speaker": "speaker2",
          "personaID": "21247",
          "participantID": "0405",
          "utterance": "나름 협조 잘해줬어요.ㅋㅋ 사진도 잘나왔구요.ㅎㅎ.",
          "summary": "",
          "date": "2022-09-23",
          "time": "19:02:48",
          "terminate": "false"
        },
        {
          "speaker": "speaker1",
          "personaID": "20573",
          "participantID": "0134",
          "utterance": "저보단 낫네요.ㅋㅋ 저 벌써부터 가족사진 걱정이에요.",
          "summary": "",
          "date": "2022-09-23",
          "time": "19:03:00",
          "terminate": "false"
        },
        {
          "speaker": "speaker2",
          "personaID": "21247",
          "participantID": "0405",
          "utterance": "긴장 안하고 그냥 작가가 하라는대로 하면 잘 찍을수 있어요.ㅎㅎ.",
          "summary": "",
          "date": "2022-09-23",
          "time": "19:03:11",
          "terminate": "false"
        },
        {
          "speaker": "speaker1",
          "personaID": "20573",
          "participantID": "0134",
          "utterance": "감사해요. 그럼 사진 잘 찍고 올게요.ㅋㅋ.",
          "summary": "",
          "date": "2022-09-23",
          "time": "19:03:26",
          "terminate": "false"
        },
        {
          "speaker": "speaker2",
          "personaID": "21247",
          "participantID": "0405",
          "utterance": "네.ㅋㅋ 전 연주하러 가볼게요.",
          "summary": "",
          "date": "2022-09-23",
          "time": "19:03:43",
          "terminate": "true"
        }
      ],
      "sessionPersonaSummary": {
        "speaker1": [
          "나의 남자 형제는 회계사이다."
        ],
        "speaker2": [
          "나는 베이스 연주를 가끔 한다.",
          "나는 고등학생 때 밴드부였다.",
          "나는 고슴도치 두 마리를 키운다.",
          "나는 고슴도치와 사진을 찍었다."
        ]
      },
      "prevAggregatedpersonaSummary": {
        "speaker1": [
          "나는 20대 남자이다.",
          "나는 대학생이다.",
          "나는 창업 동아리에 관심이 없다.",
          "나는 키위를 좋아한다."
        ],
        "speaker2": [
          "나는 20대 남자이다.",
          "나는 대학생이다. 나는 방송 크리에이터 동아리에 관심이 없다.",
          "나는 학식을 먹는다."
        ]
      }
    }
  ]
}