{
  "FileInfo": {
    "filename": "K2-00529-CL31720-CP32528-03-10-S2.json",
    "sessionLevel": "2"
  },
  "participantsInfo": {
    "numberOfParticipants": "2",
    "speaker1": {
      "participantID": "3110",
      "gender": "여성",
      "age": "30대",
      "occupation": "주부",
      "bPlace": "부산/대구/울산/경상",
      "gPlace": "부산/대구/울산/경상",
      "rPlace": "광주/전라/제주",
      "educationLevel": "대졸"
    },
    "speaker2": {
      "participantID": "3031",
      "gender": "여성",
      "age": "30대",
      "occupation": "무직",
      "bPlace": "광주/전라/제주",
      "gPlace": "광주/전라/제주",
      "rPlace": "서울/경기/인천",
      "educationLevel": "대졸"
    }
  },
  "multisessionInfo": {
    "multisessionID": "2-00529"
  },
  "personaInfo": {
    "clInfo": {
      "personaID": "31720",
      "personaFeatures": [
        "나는 여자이다.",
        "나는 30대이다.",
        "나는 정치외교학과를 전공했다",
        "나는 매우 유머러스하다",
        "나는 TV 애니메이션을 가끔 본다"
      ],
      "speakerType": "speaker1"
    },
    "cpInfo": {
      "personaID": "32528",
      "personaFeatures": [
        "나는 여자이다.",
        "나는 30대이다.",
        "나는 중국어를 좋아한다",
        "나는 힐링 여행을 자주 간다",
        "나는 피아노 연주를 가끔 한다"
      ],
      "speakerType": "speaker2"
    }
  },
  "topicInfo": {
    "topicID": "03-10",
    "topicType": "교통",
    "topicTitle": "교통"
  },
  "sessionInfo": [
    {
      "prevSessionID": null,
      "prevTimeInfo": {
        "timeNum": null,
        "timeUnit": null
      },
      "nthSession": "1",
      "numberOfUtterances": "14",
      "numberOfTurns": "7",
      "sessionID": "2-00529-1",
      "dialog": [
        {
          "speaker": "speaker1",
          "personaID": "31720",
          "participantID": "3110",
          "utterance": "반갑습니다 저는 30대 여성이에요",
          "summary": "나는 30대이다.\n나는 여자이다.",
          "date": "2022-09-30",
          "time": "10:46:10",
          "terminate": "false"
        },
        {
          "speaker": "speaker2",
          "personaID": "32528",
          "participantID": "3031",
          "utterance": "안녕하세요. 저도 30대 여성이에요. 반가워요!! ",
          "summary": "나는 30대 여성이다",
          "date": "2022-09-30",
          "time": "10:47:19",
          "terminate": "false"
        },
        {
          "speaker": "speaker1",
          "personaID": "31720",
          "participantID": "3110",
          "utterance": "좋은아침 입니다 ! 저는 아침에 출근하면서 차가 너무 막혀서 답답하다가 지금은 맛난 점심시간 기다리고 있습니다 아침에 뭐하셨어요?",
          "summary": "",
          "date": "2022-09-30",
          "time": "10:50:15",
          "terminate": "false"
        },
        {
          "speaker": "speaker2",
          "personaID": "32528",
          "participantID": "3031",
          "utterance": "행복하시겠어요. 저는 중국어를 좋아해서 아침마다 중국 방송을 봐요. ",
          "summary": "나는 중국어를 좋아한다. 나는 아침마다 중국 방송을 본다",
          "date": "2022-09-30",
          "time": "11:00:33",
          "terminate": "false"
        },
        {
          "speaker": "speaker1",
          "personaID": "31720",
          "participantID": "3110",
          "utterance": "우와 좋은습관이시네요 저는 30대여도 어려지고싶은건지 가끔 tv애니메이션을 보는데 또 그게 재밌더라구요  저도 좀 학구적인 습관을 만들어야겠어요",
          "summary": "나는 가끔 tv 애니메이션을 본다.",
          "date": "2022-09-30",
          "time": "11:20:07",
          "terminate": "false"
        },
        {
          "speaker": "speaker2",
          "personaID": "32528",
          "participantID": "3031",
          "utterance": "네 애니메이션 좋아하시는군요! 중국어를 좋아하게 된 계기가 여행 때문이에요. 저는 힐링 여행을 자주 가거든요. ",
          "summary": "나는 힐링여행을 자주 간다\n",
          "date": "2022-09-30",
          "time": "11:48:47",
          "terminate": "false"
        },
        {
          "speaker": "speaker1",
          "personaID": "31720",
          "participantID": "3110",
          "utterance": "여행 너무 좋죠 저도 중국은 안가봐서 언제한번 꼭 가보고 싶더라구요 특히 장가계는 죽기전에 꼭 가보고싶은곳이에요  제가 매우 유머러스한 성격이라서 친구들이 은근 많거든요 애기엄마들된 친구들 말고 솔로인 여자 친구들이랑 다같이 여행가고싶어요",
          "summary": "나는 중국 장가계에 꼭 가보고 싶다. 나는 매우 유머러스한 성격이다.\n나는 친구가 많다.\n나는 미혼 여성 친구들과 여행을 가고 싶다.",
          "date": "2022-09-30",
          "time": "12:01:10",
          "terminate": "false"
        },
        {
          "speaker": "speaker2",
          "personaID": "32528",
          "participantID": "3031",
          "utterance": "네 저는 피아노 연주를 가끔 해요. ",
          "summary": "나는 피아노 연주를 가끔 한다",
          "date": "2022-10-01",
          "time": "08:54:40",
          "terminate": "false"
        },
        {
          "speaker": "speaker1",
          "personaID": "31720",
          "participantID": "3110",
          "utterance": "아 피아노 연주하시는구나~ 여행만큼 좋은 취미네요  이것저것 뭐라도 하는게 정신건강에도 좋은거같아요  저는 정치외교학과를 전공해서그런지 집에서 시간날때는 신문이나 뉴스 그리고 유튜브에 외교관련기사들 보는게 재밌더라구요 ",
          "summary": " 나는 정치외교학을 전공했다.\n나는 신문, 뉴스,유튜브에서 외교관련기사를 보는 것을 좋아한다.",
          "date": "2022-10-01",
          "time": "21:01:54",
          "terminate": "false"
        },
        {
          "speaker": "speaker2",
          "personaID": "32528",
          "participantID": "3031",
          "utterance": "정치외교학을 전공하셨군요. 멋져요",
          "summary": "",
          "date": "2022-10-02",
          "time": "01:24:09",
          "terminate": "false"
        },
        {
          "speaker": "speaker1",
          "personaID": "31720",
          "participantID": "3110",
          "utterance": "감사합니다^^ 님은 전공이 어떻게 되세요?",
          "summary": "",
          "date": "2022-10-02",
          "time": "19:26:59",
          "terminate": "false"
        },
        {
          "speaker": "speaker2",
          "personaID": "32528",
          "participantID": "3031",
          "utterance": "저는 작곡을 전공했어요. 일 하러 가야 해서 먼저 갈게요",
          "summary": "나는 작곡을 전공했다",
          "date": "2022-10-02",
          "time": "22:24:50",
          "terminate": "false"
        },
        {
          "speaker": "speaker1",
          "personaID": "31720",
          "participantID": "3110",
          "utterance": "작곡 전공 멋있네요 네 다녀오세요",
          "summary": "",
          "date": "2022-10-03",
          "time": "14:44:29",
          "terminate": "false"
        },
        {
          "speaker": "speaker2",
          "personaID": "32528",
          "participantID": "3031",
          "utterance": "네 즐거웠어요. 다음에 봬요! ",
          "summary": "",
          "date": "2022-10-03",
          "time": "15:01:38",
          "terminate": "true"
        }
      ],
      "sessionPersonaSummary": {
        "speaker1": [
          "나는 30대이다.\n나는 여자이다.",
          "나는 가끔 tv 애니메이션을 본다.",
          "나는 중국 장가계에 꼭 가보고 싶다.",
          "나는 매우 유머러스한 성격이다.\n나는 친구가 많다.\n나는 미혼 여성 친구들과 여행을 가고 싶다.",
          "나는 정치외교학을 전공했다.\n나는 신문, 뉴스,유튜브에서 외교관련기사를 보는 것을 좋아한다."
        ],
        "speaker2": [
          "나는 30대 여성이다",
          "나는 중국어를 좋아한다. 나는 아침마다 중국 방송을 본다",
          "나는 힐링여행을 자주 간다\n",
          "나는 피아노 연주를 가끔 한다",
          "나는 작곡을 전공했다"
        ]
      },
      "prevAggregatedpersonaSummary": {
        "speaker1": [],
        "speaker2": []
      }
    },
    {
      "prevSessionID": "2-00529-1",
      "prevTimeInfo": {
        "timeNum": "31",
        "timeUnit": "시간"
      },
      "nthSession": "2",
      "numberOfUtterances": "14",
      "numberOfTurns": "7",
      "sessionID": "2-00529-2",
      "dialog": [
        {
          "speaker": "speaker1",
          "personaID": "31720",
          "participantID": "3110",
          "utterance": "2일만에 만나는건가요?! 잘지내셨어요 일하러는 잘 다녀오셨나요?  직장이 어디세요? 갈때 교통수단 어떤거 이용하시나해서요",
          "summary": "",
          "date": "2022-10-03",
          "time": "21:51:10",
          "terminate": "false"
        },
        {
          "speaker": "speaker2",
          "personaID": "32528",
          "participantID": "3031",
          "utterance": "저는 프리랜서 작곡가인데 미팅있을 땐 대중교통 이용합니다.",
          "summary": "나는 프리랜서 작곡가이고 미팅 시 대중교통을 이용한다",
          "date": "2022-10-03",
          "time": "22:53:14",
          "terminate": "false"
        },
        {
          "speaker": "speaker1",
          "personaID": "31720",
          "participantID": "3110",
          "utterance": "프리랜서시군요 대중교통이 시간맞춰가기는 편한거같아요  저는 아침마다 자차로 운전해서 출근하다보니 교통체증을 완전 체감하고있어요  오늘도 10분정도 늦게나왔는데 맨날 막히는 곳에서 사고가나서 더 막혀서 지각할뻔했어요",
          "summary": " 나는 아침마다 자가용으로 운전해서 출근을 한다. \n나는 교통체증을 체감한다. ",
          "date": "2022-10-04",
          "time": "09:00:13",
          "terminate": "false"
        },
        {
          "speaker": "speaker2",
          "personaID": "32528",
          "participantID": "3031",
          "utterance": "네 저는 절약을 합니다. 그래서 알뜰교통카드를 사용하고 있어요.",
          "summary": "나는 절약을 위해 알뜰 교통카드 사용 중이다",
          "date": "2022-10-04",
          "time": "09:55:17",
          "terminate": "false"
        },
        {
          "speaker": "speaker1",
          "personaID": "31720",
          "participantID": "3110",
          "utterance": "알뜰교통카드 처음 들어봤어요 어떤카드에요? ",
          "summary": "",
          "date": "2022-10-04",
          "time": "10:08:53",
          "terminate": "false"
        },
        {
          "speaker": "speaker2",
          "personaID": "32528",
          "participantID": "3031",
          "utterance": "대중교통 이용 전 후 어플을 켜고 걸으면 마일리지가 쌓이고 카드로 환급됩니다.",
          "summary": "",
          "date": "2022-10-04",
          "time": "10:19:45",
          "terminate": "false"
        },
        {
          "speaker": "speaker1",
          "personaID": "31720",
          "participantID": "3110",
          "utterance": "우와 너무 좋네요 저는 자차를 이용하다보니 대중교통 이용할 일이 별로 없어서 몰랐어요  저는 대신에 환경을 생각해서 전기차 사용중이에요 ",
          "summary": "나는 대중교통을 이용할 일이 별로 없다. \n나는 알뜰교통카드에 대해서 몰랐다.  나는 환경을 생각한다. \n나는 전기차를 사용한다. ",
          "date": "2022-10-04",
          "time": "10:22:19",
          "terminate": "false"
        },
        {
          "speaker": "speaker2",
          "personaID": "32528",
          "participantID": "3031",
          "utterance": "전기차 좋네요. 훌쩍 떠나고 싶네요. 여행교통수단으로 저는 비행기 좋아합니다. 그래서 힐링 여행도 비행기로 자주 갑니다.",
          "summary": "나는 여행 교통수단으로 비행기를 좋아한다",
          "date": "2022-10-04",
          "time": "10:50:43",
          "terminate": "false"
        },
        {
          "speaker": "speaker1",
          "personaID": "31720",
          "participantID": "3110",
          "utterance": "힐링여행 자주하신다고하셨죠 가보신 곳중 어디가 좋으셨어요? 비행기면 해외도 많이 가셨을거같아요",
          "summary": "",
          "date": "2022-10-04",
          "time": "11:27:39",
          "terminate": "false"
        },
        {
          "speaker": "speaker2",
          "personaID": "32528",
          "participantID": "3031",
          "utterance": "일본 도쿄가 인상 깊어요. 지하철 티켓이 종이였고 택시는 한국보다 비싼데 서비스가 좋았어요. ",
          "summary": "나는 도쿄 여행이 인상 깊었다",
          "date": "2022-10-04",
          "time": "11:56:21",
          "terminate": "false"
        },
        {
          "speaker": "speaker1",
          "personaID": "31720",
          "participantID": "3110",
          "utterance": "교통부분에서 환경적이고 경제적인 부분을 중요시 생각하시는군요 제가 배울점이 많네요. 일본이면 제가 가끔 보는 애니메이션도 많겠네요! 도쿄 너무 좋죠 환경적으로도 너무 깨끗하고 대중교통도 너무 잘되어있고 저도 가본적있는데 좋았어요",
          "summary": " 나는 도쿄에 가 본 적이 있다.",
          "date": "2022-10-04",
          "time": "12:03:32",
          "terminate": "false"
        },
        {
          "speaker": "speaker2",
          "personaID": "32528",
          "participantID": "3031",
          "utterance": "감사합니다. 일이 있어서 저는 이만 가봐야겠어요. ",
          "summary": "",
          "date": "2022-10-04",
          "time": "12:22:43",
          "terminate": "false"
        },
        {
          "speaker": "speaker1",
          "personaID": "31720",
          "participantID": "3110",
          "utterance": "네 덕분에 좋은시간이었습니다 다음에 기회되면 또 대화해요 ",
          "summary": "",
          "date": "2022-10-04",
          "time": "12:25:26",
          "terminate": "false"
        },
        {
          "speaker": "speaker2",
          "personaID": "32528",
          "participantID": "3031",
          "utterance": "네 저도 너무 즐거웠어요. 감사합니다. ",
          "summary": "",
          "date": "2022-10-04",
          "time": "12:41:52",
          "terminate": "true"
        }
      ],
      "sessionPersonaSummary": {
        "speaker1": [
          "나는 아침마다 자가용으로 운전해서 출근을 한다. \n나는 교통체증을 체감한다. ",
          "나는 대중교통을 이용할 일이 별로 없다. \n나는 알뜰교통카드에 대해서 몰랐다. ",
          "나는 환경을 생각한다. \n나는 전기차를 사용한다. ",
          "나는 도쿄에 가 본 적이 있다."
        ],
        "speaker2": [
          "나는 프리랜서 작곡가이고 미팅 시 대중교통을 이용한다",
          "나는 절약을 위해 알뜰 교통카드 사용 중이다",
          "나는 여행 교통수단으로 비행기를 좋아한다",
          "나는 도쿄 여행이 인상 깊었다"
        ]
      },
      "prevAggregatedpersonaSummary": {
        "speaker1": [
          "나는 30대이다.\n나는 여자이다.",
          "나는 가끔 tv 애니메이션을 본다.",
          "나는 중국 장가계에 꼭 가보고 싶다.",
          "나는 매우 유머러스한 성격이다.\n나는 친구가 많다.\n나는 미혼 여성 친구들과 여행을 가고 싶다.",
          "나는 정치외교학을 전공했다.\n나는 신문, 뉴스,유튜브에서 외교관련기사를 보는 것을 좋아한다."
        ],
        "speaker2": [
          "나는 30대 여성이다",
          "나는 중국어를 좋아한다. 나는 아침마다 중국 방송을 본다",
          "나는 힐링여행을 자주 간다\n",
          "나는 피아노 연주를 가끔 한다",
          "나는 작곡을 전공했다"
        ]
      }
    }
  ]
}