{
  "FileInfo": {
    "filename": "K2-00388-CL20298-CP22084-05-11-S2.json",
    "sessionLevel": "2"
  },
  "participantsInfo": {
    "numberOfParticipants": "2",
    "speaker1": {
      "participantID": "1990",
      "gender": "남성",
      "age": "20대",
      "occupation": "학생",
      "bPlace": "서울/경기/인천",
      "gPlace": "서울/경기/인천",
      "rPlace": "서울/경기/인천",
      "educationLevel": "대졸"
    },
    "speaker2": {
      "participantID": "1966",
      "gender": "여성",
      "age": "20대",
      "occupation": "학생",
      "bPlace": "광주/전라/제주",
      "gPlace": "광주/전라/제주",
      "rPlace": "광주/전라/제주",
      "educationLevel": "고졸"
    }
  },
  "multisessionInfo": {
    "multisessionID": "2-00388"
  },
  "personaInfo": {
    "clInfo": {
      "personaID": "20298",
      "personaFeatures": [
        "나는 남자이다.",
        "나는 20대이다.",
        "나의 어머니는 물리치료사이다.",
        "나는 에너지자원 전공이다.",
        "나는 바람 부는 날을 싫어한다."
      ],
      "speakerType": "speaker1"
    },
    "cpInfo": {
      "personaID": "22084",
      "personaFeatures": [
        "나는 여자이다.",
        "나는 20대이다.",
        "나의 가족은 4명이다.",
        "나는 초등학교 교사이다.",
        "나는 멜로 영화를 가끔 본다."
      ],
      "speakerType": "speaker2"
    }
  },
  "topicInfo": {
    "topicID": "05-11",
    "topicType": "일과 직업>군대",
    "topicTitle": "깔깔이"
  },
  "sessionInfo": [
    {
      "prevSessionID": null,
      "prevTimeInfo": {
        "timeNum": null,
        "timeUnit": null
      },
      "nthSession": "1",
      "numberOfUtterances": "16",
      "numberOfTurns": "8",
      "sessionID": "2-00388-1",
      "dialog": [
        {
          "speaker": "speaker1",
          "personaID": "20298",
          "participantID": "1990",
          "utterance": "안녕하세요. 20대 남자입니다. 그쪽은 어떻게 되세요?",
          "summary": "나는 20대 남자이다.",
          "date": "2022-10-05",
          "time": "19:33:13",
          "terminate": "false"
        },
        {
          "speaker": "speaker2",
          "personaID": "22084",
          "participantID": "1966",
          "utterance": "안녕하세요. 저는 20대 여자입니다. 저는 초등학교 선생님인데 그쪽은요?",
          "summary": "나는 20대 여자이다. 나는 초등학교 교사이다.",
          "date": "2022-10-05",
          "time": "19:35:45",
          "terminate": "false"
        },
        {
          "speaker": "speaker1",
          "personaID": "20298",
          "participantID": "1990",
          "utterance": "저는 대학생이요. 에너지자원쪽을 전공하고 있어요. 우와 선생님이시구나 멋있네요.",
          "summary": "나는 에너지 자원 전공이다.",
          "date": "2022-10-05",
          "time": "19:34:29",
          "terminate": "false"
        },
        {
          "speaker": "speaker2",
          "personaID": "22084",
          "participantID": "1966",
          "utterance": "오, 에너지 자원 전공은 처음 들어보는데 멋있네요! 취미가 어떻게 되세요?",
          "summary": "",
          "date": "2022-10-05",
          "time": "19:35:25",
          "terminate": "false"
        },
        {
          "speaker": "speaker1",
          "personaID": "20298",
          "participantID": "1990",
          "utterance": "저 조깅하는거 좋아해요. 조깅동아리 활동하고 있어요. 그쪽은요?",
          "summary": "나는 조깅 동아리 활동을 하고 있다.",
          "date": "2022-10-05",
          "time": "19:35:57",
          "terminate": "false"
        },
        {
          "speaker": "speaker2",
          "personaID": "22084",
          "participantID": "1966",
          "utterance": "운동하는 걸 좋아하시는군요. 저는 영화보는 걸 좋아하는데 요즘은 멜로 영화 간간히 보고 있어요.",
          "summary": "나는 멜로 영화를 가끔 본다.",
          "date": "2022-10-05",
          "time": "19:36:45",
          "terminate": "false"
        },
        {
          "speaker": "speaker1",
          "personaID": "20298",
          "participantID": "1990",
          "utterance": "오 좋다. 추천해주실 영화 같은거 있을까요? 영화도 좋아하는데...",
          "summary": "나는 영화를 좋아한다.",
          "date": "2022-10-05",
          "time": "19:37:12",
          "terminate": "false"
        },
        {
          "speaker": "speaker2",
          "personaID": "22084",
          "participantID": "1966",
          "utterance": "헤어질 결심 추천드려여~ 저는 너무 좋아서 여러번 봤어요 ㅎ.",
          "summary": "",
          "date": "2022-10-05",
          "time": "19:38:20",
          "terminate": "false"
        },
        {
          "speaker": "speaker1",
          "personaID": "20298",
          "participantID": "1990",
          "utterance": "오 ㅎㅎ. 한번 봐야겠어요. 이제 가을이라고 바람 많이부네요. 바람부는거 너무 싫은데 ㅜㅜ.",
          "summary": "나는 바람 부는 날을 싫어한다.",
          "date": "2022-10-05",
          "time": "19:38:41",
          "terminate": "false"
        },
        {
          "speaker": "speaker2",
          "personaID": "22084",
          "participantID": "1966",
          "utterance": "요즘은 선선한 바람이 불던데, 왠지 금방 겨울이 올 것 같아요. 겨울 별로 안좋아하시겠어요.",
          "summary": "",
          "date": "2022-10-05",
          "time": "19:39:56",
          "terminate": "false"
        },
        {
          "speaker": "speaker1",
          "personaID": "20298",
          "participantID": "1990",
          "utterance": "앗..네. 제가 추위를 많이 타는데 그냥 바람만 불면 싫더라구요. ㅎㅎ 겨울 완전 노노입니다. 뭐하고 계셔요?",
          "summary": "",
          "date": "2022-10-05",
          "time": "19:43:21",
          "terminate": "false"
        },
        {
          "speaker": "speaker2",
          "personaID": "22084",
          "participantID": "1966",
          "utterance": "저희반 애들 숙제 내줄 거 보고 있었어요. 숙제를 많이 내준다고 징징거려서 조금만 내려구요 ㅎ.",
          "summary": "",
          "date": "2022-10-05",
          "time": "19:44:25",
          "terminate": "false"
        },
        {
          "speaker": "speaker1",
          "personaID": "20298",
          "participantID": "1990",
          "utterance": "아 ㅋㅋ 좋은 선생님이네요. 어휴 퇴근하시고도 퇴근이 아니시네요. 수업준비 하시느라. ㅎㅎ.",
          "summary": "",
          "date": "2022-10-05",
          "time": "19:45:12",
          "terminate": "false"
        },
        {
          "speaker": "speaker2",
          "personaID": "22084",
          "participantID": "1966",
          "utterance": "ㅎㅎ 그쪽도 한창 학기중이라 많이 바쁘시겠어요. 곧 시험 기간일텐데..",
          "summary": "",
          "date": "2022-10-05",
          "time": "19:46:04",
          "terminate": "false"
        },
        {
          "speaker": "speaker1",
          "personaID": "20298",
          "participantID": "1990",
          "utterance": "네 맞아요. ㅎㅎ 그런데 @브랜드명1@보면서 라면 먹고있어요. ㅎㅎ 금방 설거지좀 하고 올께요.",
          "summary": "",
          "date": "2022-10-05",
          "time": "19:46:33",
          "terminate": "false"
        },
        {
          "speaker": "speaker2",
          "personaID": "22084",
          "participantID": "1966",
          "utterance": "네네, 저도 숙제 내줄 것 좀 더 보고 있을게요~",
          "summary": "",
          "date": "2022-10-05",
          "time": "19:46:58",
          "terminate": "true"
        }
      ],
      "sessionPersonaSummary": {
        "speaker1": [
          "나는 20대 남자이다.",
          "나는 에너지 자원 전공이다.",
          "나는 조깅 동아리 활동을 하고 있다.",
          "나는 영화를 좋아한다.",
          "나는 바람 부는 날을 싫어한다."
        ],
        "speaker2": [
          "나는 20대 여자이다. 나는 초등학교 교사이다.",
          "나는 멜로 영화를 가끔 본다."
        ]
      },
      "prevAggregatedpersonaSummary": {
        "speaker1": [],
        "speaker2": []
      }
    },
    {
      "prevSessionID": "2-00388-1",
      "prevTimeInfo": {
        "timeNum": "2",
        "timeUnit": "시간"
      },
      "nthSession": "2",
      "numberOfUtterances": "20",
      "numberOfTurns": "10",
      "sessionID": "2-00388-2",
      "dialog": [
        {
          "speaker": "speaker1",
          "personaID": "20298",
          "participantID": "1990",
          "utterance": "2시간 지났네요. ㅎㅎ 숙제는 다 내셨나요? 저는 추워서 군대에서 입던 깔깔이 입고 왔어요. ㅎ.",
          "summary": "",
          "date": "2022-10-05",
          "time": "19:47:19",
          "terminate": "false"
        },
        {
          "speaker": "speaker2",
          "personaID": "22084",
          "participantID": "1966",
          "utterance": "아, 군필이시군요! 제 동생도 얼마전에 제대했는데 깔깔이를 저희 가족 4명껄 다 가져왔더라구요 ㅋ.",
          "summary": "나의 가족은 4명이다. 내 동생은 군대를 다녀왔다.",
          "date": "2022-10-05",
          "time": "19:48:39",
          "terminate": "false"
        },
        {
          "speaker": "speaker1",
          "personaID": "20298",
          "participantID": "1990",
          "utterance": "오. 센스있는 동생이네요. ㅎㅎ. 깔깔이 못잃어요 진짜.. 너무 따뜻해요. ㅎㅎ.",
          "summary": "",
          "date": "2022-10-05",
          "time": "19:49:49",
          "terminate": "false"
        },
        {
          "speaker": "speaker2",
          "personaID": "22084",
          "participantID": "1966",
          "utterance": "그러니까요. 진짜 추운날은 뼛속까지 시린데 깔깔이가 생각보다 진짜 따뜻하더라구요.",
          "summary": "",
          "date": "2022-10-05",
          "time": "19:50:19",
          "terminate": "false"
        },
        {
          "speaker": "speaker1",
          "personaID": "20298",
          "participantID": "1990",
          "utterance": "네 맞아요. 철원에서 이거 하나로 버텼죠. ㅎㅎ 여동생이 자꾸 뺏어 입어서 잘 못입지만. ㅎㅎ.",
          "summary": "",
          "date": "2022-10-05",
          "time": "19:50:40",
          "terminate": "false"
        },
        {
          "speaker": "speaker2",
          "personaID": "22084",
          "participantID": "1966",
          "utterance": "ㅎㅎ 제 동생도 원래 몸이 약하고 뼈가 특히 안좋은데 깔깔이가 도움이 엄청 많이 됐다고 하더라구요.",
          "summary": "",
          "date": "2022-10-05",
          "time": "19:51:38",
          "terminate": "false"
        },
        {
          "speaker": "speaker1",
          "personaID": "20298",
          "participantID": "1990",
          "utterance": "아..그러시구나... 저희어머니가 물리치료사 이신데,, 맨날 뭐 할때마다 스트레칭이 중요하다고.. 추우면 스트레칭해라..뻐근해도 스트레칭해라.. ㅎㅎ 이러세요.",
          "summary": "나의 어머니는 물리치료사이다.",
          "date": "2022-10-05",
          "time": "19:52:33",
          "terminate": "false"
        },
        {
          "speaker": "speaker2",
          "personaID": "22084",
          "participantID": "1966",
          "utterance": "제 동생 담당 물리치료사님도 똑같은 말씀 하셨어요 ㅎㅎ 그래도 어머니가 치료사이셔서 든든하시겠어요.",
          "summary": "",
          "date": "2022-10-05",
          "time": "19:53:45",
          "terminate": "false"
        },
        {
          "speaker": "speaker1",
          "personaID": "20298",
          "participantID": "1990",
          "utterance": "아...ㅎㅎ 잔소리꾼이십니다. 제가 추위때문에 이것저것 껴입으면..그것도 스트레칭 안해서 그런거라고...ㅎㅎ.",
          "summary": "",
          "date": "2022-10-05",
          "time": "19:54:23",
          "terminate": "false"
        },
        {
          "speaker": "speaker2",
          "personaID": "22084",
          "participantID": "1966",
          "utterance": "ㅎㅎ 그래도 깔깔이가 있어서 다행이에요. 예전에 복학생 오빠들이 입을 땐 진짜 아저씨 같았는데..ㅋ.",
          "summary": "",
          "date": "2022-10-05",
          "time": "19:55:43",
          "terminate": "false"
        },
        {
          "speaker": "speaker1",
          "personaID": "20298",
          "participantID": "1990",
          "utterance": "아저씨 맞죠 뭐. ㅎㅎㅎ 깔깔이도 예쁜색깔 있었으면 좋겠어요. ㅎㅎ 핑크색도 잘 입을 수 있는데 ... ㅎㅎ.",
          "summary": "",
          "date": "2022-10-05",
          "time": "19:56:09",
          "terminate": "false"
        },
        {
          "speaker": "speaker2",
          "personaID": "22084",
          "participantID": "1966",
          "utterance": "경량패딩 한동안 유행했잖아요. 깔깔이 비슷하게 만든~ 그래도 원조 깔깔이는 못따라가는 거 같아요.",
          "summary": "",
          "date": "2022-10-06",
          "time": "19:45:17",
          "terminate": "false"
        },
        {
          "speaker": "speaker1",
          "personaID": "20298",
          "participantID": "1990",
          "utterance": "맞아요. 경량패딩이 훨씬 따뜻한 소재고 더 좋은건데... 뭔가달라. ㅎㅎ. 좀 아시는데요?",
          "summary": "",
          "date": "2022-10-06",
          "time": "19:45:14",
          "terminate": "false"
        },
        {
          "speaker": "speaker2",
          "personaID": "22084",
          "participantID": "1966",
          "utterance": "ㅎㅎ 복학생 오빠들꺼 많이 입었어요 예전에 ㅋ 철원에서 계셨으면 진짜 추우셨겠네요.",
          "summary": "",
          "date": "2022-10-06",
          "time": "19:45:19",
          "terminate": "false"
        },
        {
          "speaker": "speaker1",
          "personaID": "20298",
          "participantID": "1990",
          "utterance": "네 맞아요. 그때는 진짜 ㅠㅠ. 아 복학생 오빠들것도 입어보셨어요? 인기쟁이셨나보네요 ㅎㅎ.",
          "summary": "",
          "date": "2022-10-06",
          "time": "19:46:19",
          "terminate": "false"
        },
        {
          "speaker": "speaker2",
          "personaID": "22084",
          "participantID": "1966",
          "utterance": "달라고 했죠 ㅋ 그거 입고 도서관에서 공부하면 진짜 잠 잘왔는데 ㅋ 동생꺼 보니까 요즘 깔깔이는 재질이 좀 좋아진 거 같더라구요.",
          "summary": "",
          "date": "2022-10-06",
          "time": "19:47:19",
          "terminate": "false"
        },
        {
          "speaker": "speaker1",
          "personaID": "20298",
          "participantID": "1990",
          "utterance": "앗 !! 또 그런 장점까지. ㅎㅎ 아까 말씀하신 멜로영화 말고 또 추천해주실 영화 하나있나요? 보면서 잘려구요.",
          "summary": "",
          "date": "2022-10-06",
          "time": "19:48:19",
          "terminate": "false"
        },
        {
          "speaker": "speaker2",
          "personaID": "22084",
          "participantID": "1966",
          "utterance": "아, 이건 좀 하이틴 로맨스 영화이긴 한데 @브랜드명2@의 키싱부스 추천드려요~ 3편까지 나왔어요 ㅎ.",
          "summary": "",
          "date": "2022-10-06",
          "time": "19:49:19",
          "terminate": "false"
        },
        {
          "speaker": "speaker1",
          "personaID": "20298",
          "participantID": "1990",
          "utterance": "오 그거보면서 자야겠어요. ㅎㅎ 좋은 밤 되세요. 좋은 영화 추천도 감사합니다. ^^",
          "summary": "",
          "date": "2022-10-06",
          "time": "19:50:19",
          "terminate": "false"
        },
        {
          "speaker": "speaker2",
          "personaID": "22084",
          "participantID": "1966",
          "utterance": "네, 저도 이제 마무리해야겠어요. 재밌게 보시구요!",
          "summary": "",
          "date": "2022-10-06",
          "time": "19:51:19",
          "terminate": "true"
        }
      ],
      "sessionPersonaSummary": {
        "speaker1": [
          "나의 어머니는 물리치료사이다."
        ],
        "speaker2": [
          "나의 가족은 4명이다. 내 동생은 군대를 다녀왔다."
        ]
      },
      "prevAggregatedpersonaSummary": {
        "speaker1": [
          "나는 20대 남자이다.",
          "나는 에너지 자원 전공이다.",
          "나는 조깅 동아리 활동을 하고 있다.",
          "나는 영화를 좋아한다.",
          "나는 바람 부는 날을 싫어한다."
        ],
        "speaker2": [
          "나는 20대 여자이다. 나는 초등학교 교사이다.",
          "나는 멜로 영화를 가끔 본다."
        ]
      }
    }
  ]
}