{
  "FileInfo": {
    "filename": "K2-00239-CL21763-CP20853-11-01-S2.json",
    "sessionLevel": "2"
  },
  "participantsInfo": {
    "numberOfParticipants": "2",
    "speaker1": {
      "participantID": "24031",
      "gender": "여성",
      "age": "20대",
      "occupation": "학생",
      "bPlace": "서울/경기/인천",
      "gPlace": "서울/경기/인천",
      "rPlace": "서울/경기/인천",
      "educationLevel": "고졸"
    },
    "speaker2": {
      "participantID": "24980",
      "gender": "남성",
      "age": "20대",
      "occupation": "학생",
      "bPlace": "대전/세종/충청/강원",
      "gPlace": "대전/세종/충청/강원",
      "rPlace": "대전/세종/충청/강원",
      "educationLevel": "대학원졸"
    }
  },
  "multisessionInfo": {
    "multisessionID": "2-00239"
  },
  "personaInfo": {
    "clInfo": {
      "personaID": "21763",
      "personaFeatures": [
        "나는 여자이다.",
        "나는 20대이다.",
        "나의 어머니는 은행원이다.",
        "나는 토익 자격증을 준비한다.",
        "나는 배를 싫어한다."
      ],
      "speakerType": "speaker1"
    },
    "cpInfo": {
      "personaID": "20853",
      "personaFeatures": [
        "나는 남자이다.",
        "나는 20대이다.",
        "나는 종교 여행을 자주 간다.",
        "나는 원자핵공학과 전공이다.",
        "나는 일렉기타 연주를 자주 한다."
      ],
      "speakerType": "speaker2"
    }
  },
  "topicInfo": {
    "topicID": "11-01",
    "topicType": "여가와 오락>게임",
    "topicTitle": "게임"
  },
  "sessionInfo": [
    {
      "prevSessionID": null,
      "prevTimeInfo": {
        "timeNum": null,
        "timeUnit": null
      },
      "nthSession": "1",
      "numberOfUtterances": "16",
      "numberOfTurns": "8",
      "sessionID": "2-00239-1",
      "dialog": [
        {
          "speaker": "speaker1",
          "personaID": "21763",
          "participantID": "24031",
          "utterance": "반갑습니다~! 저는 20대 여자입니다ㅎ.",
          "summary": "나는 20대 여자이다.",
          "date": "2022-08-27",
          "time": "14:02:54",
          "terminate": "false"
        },
        {
          "speaker": "speaker2",
          "personaID": "20853",
          "participantID": "24980",
          "utterance": "안녕하세요~~ 반가워요 전 20대 남자입니둥 종교있나요?",
          "summary": "나는 20대 남자이다.",
          "date": "2022-08-27",
          "time": "14:03:06",
          "terminate": "false"
        },
        {
          "speaker": "speaker1",
          "personaID": "21763",
          "participantID": "24031",
          "utterance": "아뇨 ㅎㅎ 저는 종교가 없어요! 선생님은요?",
          "summary": "나는 종교가 없다.",
          "date": "2022-08-27",
          "time": "14:03:18",
          "terminate": "false"
        },
        {
          "speaker": "speaker2",
          "personaID": "20853",
          "participantID": "24980",
          "utterance": "저는 불교입니다 ㅎㅎ종교여행 자주가요 좋아하거든요.",
          "summary": "나는 종교여행을 자주 간다. 불교이다.",
          "date": "2022-08-27",
          "time": "14:03:35",
          "terminate": "false"
        },
        {
          "speaker": "speaker1",
          "personaID": "21763",
          "participantID": "24031",
          "utterance": "그러시구나~ 하시는 일은 어떻게 되는지요..?!",
          "summary": "",
          "date": "2022-08-27",
          "time": "14:04:07",
          "terminate": "false"
        },
        {
          "speaker": "speaker2",
          "personaID": "20853",
          "participantID": "24980",
          "utterance": "대학생이요! 원자핵공학과 전공이랍니다 큭.",
          "summary": "나는 대학생이다. 원자핵공학과 전공이다.",
          "date": "2022-08-27",
          "time": "14:04:21",
          "terminate": "false"
        },
        {
          "speaker": "speaker1",
          "personaID": "21763",
          "participantID": "24031",
          "utterance": "아하! 대학생이시구나~ 저는 취준생이에요~",
          "summary": "나는 취준생이다.",
          "date": "2022-08-27",
          "time": "14:04:59",
          "terminate": "false"
        },
        {
          "speaker": "speaker2",
          "personaID": "20853",
          "participantID": "24980",
          "utterance": "아 취준생이구나ㅜㅜ바쁘시겠어요 늘 화이팅 입니다..!!",
          "summary": "",
          "date": "2022-08-27",
          "time": "14:05:48",
          "terminate": "false"
        },
        {
          "speaker": "speaker1",
          "personaID": "21763",
          "participantID": "24031",
          "utterance": "감사합니다 ㅎㅎ 지금은 @브랜드명1@ 자격증을 준비하고 있어요!",
          "summary": "나는 @브랜드명1@ 자격증을 준비한다.",
          "date": "2022-08-27",
          "time": "14:06:04",
          "terminate": "false"
        },
        {
          "speaker": "speaker2",
          "personaID": "20853",
          "participantID": "24980",
          "utterance": "멋지네용!! 스트레스 받을 땐 음악 듣는게 최고인데 좋아하세요?",
          "summary": "",
          "date": "2022-08-27",
          "time": "14:06:39",
          "terminate": "false"
        },
        {
          "speaker": "speaker1",
          "personaID": "21763",
          "participantID": "24031",
          "utterance": "요즘에는 잔잔한 음악들을 많이 듣고 있어요 ㅎㅎ 선생님은요?",
          "summary": "나는 잔잔한 음악을 듣는다.",
          "date": "2022-08-27",
          "time": "14:07:21",
          "terminate": "false"
        },
        {
          "speaker": "speaker2",
          "personaID": "20853",
          "participantID": "24980",
          "utterance": "저는 일렉기타 연주를 자주 해요 ㅋㅋㅋㅋㅋㅋ.",
          "summary": "나는 일렉기타 연주를 자주 한다.",
          "date": "2022-08-27",
          "time": "14:07:46",
          "terminate": "false"
        },
        {
          "speaker": "speaker1",
          "personaID": "21763",
          "participantID": "24031",
          "utterance": "그러시구나! 저는 예전에 피아노를 쳤었어요!",
          "summary": "나는 피아노를 쳤다.",
          "date": "2022-08-27",
          "time": "14:08:50",
          "terminate": "false"
        },
        {
          "speaker": "speaker2",
          "personaID": "20853",
          "participantID": "24980",
          "utterance": "멋지시네요!! 저는 피아노는 듣기만 했지..쳐보지는 못했어요...",
          "summary": "",
          "date": "2022-08-27",
          "time": "14:09:11",
          "terminate": "false"
        },
        {
          "speaker": "speaker1",
          "personaID": "21763",
          "participantID": "24031",
          "utterance": "저도 일렉기타 연주할 줄 모르는 걸요!! 저는 이만 공부하러 가볼게요!",
          "summary": "",
          "date": "2022-08-27",
          "time": "14:09:46",
          "terminate": "false"
        },
        {
          "speaker": "speaker2",
          "personaID": "20853",
          "participantID": "24980",
          "utterance": "넵 공부 화이팅입니다웅^^스트레스 받을땐 노래듣기~~^^!",
          "summary": "",
          "date": "2022-08-27",
          "time": "14:09:57",
          "terminate": "true"
        }
      ],
      "sessionPersonaSummary": {
        "speaker1": [
          "나는 20대 여자이다.",
          "나는 종교가 없다.",
          "나는 취준생이다.",
          "나는 @브랜드명1@ 자격증을 준비한다.",
          "나는 잔잔한 음악을 듣는다.",
          "나는 피아노를 쳤다."
        ],
        "speaker2": [
          "나는 20대 남자이다.",
          "나는 종교여행을 자주 간다. 불교이다.",
          "나는 대학생이다. 원자핵공학과 전공이다.",
          "나는 일렉기타 연주를 자주 한다."
        ]
      },
      "prevAggregatedpersonaSummary": {
        "speaker1": [],
        "speaker2": []
      }
    },
    {
      "prevSessionID": "2-00239-1",
      "prevTimeInfo": {
        "timeNum": "7",
        "timeUnit": "일"
      },
      "nthSession": "2",
      "numberOfUtterances": "16",
      "numberOfTurns": "8",
      "sessionID": "2-00239-2",
      "dialog": [
        {
          "speaker": "speaker1",
          "personaID": "21763",
          "participantID": "24031",
          "utterance": "우와 일주일 만이네요..ㄷㄷ 잘 지내셨나요?!",
          "summary": "",
          "date": "2022-08-27",
          "time": "14:10:22",
          "terminate": "false"
        },
        {
          "speaker": "speaker2",
          "personaID": "20853",
          "participantID": "24980",
          "utterance": "넵~~ 선생님도 일주일동안 잘 지내셨나요!!!?",
          "summary": "",
          "date": "2022-08-27",
          "time": "14:10:43",
          "terminate": "false"
        },
        {
          "speaker": "speaker1",
          "personaID": "21763",
          "participantID": "24031",
          "utterance": "저도요 ㅎㅎ 요즘들어 은행원 준비할까 싶기도 해요..",
          "summary": "나는 은행원 준비 고민 중이다.",
          "date": "2022-08-27",
          "time": "14:11:01",
          "terminate": "false"
        },
        {
          "speaker": "speaker2",
          "personaID": "20853",
          "participantID": "24980",
          "utterance": "헉 갑자기요? 은행원은 왜요~~? 관심 생겼나요?",
          "summary": "",
          "date": "2022-08-27",
          "time": "14:11:17",
          "terminate": "false"
        },
        {
          "speaker": "speaker1",
          "personaID": "21763",
          "participantID": "24031",
          "utterance": "저희 어머니가 은행원이신데 옆에서 보고있으면 저도 하고 싶어지더라구요.",
          "summary": "나는 어머니가 은행원이다.",
          "date": "2022-08-27",
          "time": "14:11:47",
          "terminate": "false"
        },
        {
          "speaker": "speaker2",
          "personaID": "20853",
          "participantID": "24980",
          "utterance": "와 멋진 어머니시네요.. 한 번 해보세요! 하고 싶은거 하고 살아야져.",
          "summary": "",
          "date": "2022-08-27",
          "time": "14:12:22",
          "terminate": "false"
        },
        {
          "speaker": "speaker1",
          "personaID": "21763",
          "participantID": "24031",
          "utterance": "고민 해봐야겠네요 ㅋㅋ 선생님은 되고 싶은 거 없으세요?",
          "summary": "",
          "date": "2022-08-27",
          "time": "14:12:53",
          "terminate": "false"
        },
        {
          "speaker": "speaker2",
          "personaID": "20853",
          "participantID": "24980",
          "utterance": "저는 프로게이머가 하고 싶은데요..?^^",
          "summary": "나는 프로게이머가 하고 싶다.",
          "date": "2022-08-27",
          "time": "14:13:25",
          "terminate": "false"
        },
        {
          "speaker": "speaker1",
          "personaID": "21763",
          "participantID": "24031",
          "utterance": "오~ 게임 잘하시나봐요! 저 게임은 곰손인데 ㅋㅋ.",
          "summary": "",
          "date": "2022-08-27",
          "time": "14:14:19",
          "terminate": "false"
        },
        {
          "speaker": "speaker2",
          "personaID": "20853",
          "participantID": "24980",
          "utterance": "아니요 ㅋㅋㅋㅋㅋ게임은 잘 못해요..하지만 하고싶고..",
          "summary": "나는 게임을 못 한다.",
          "date": "2022-08-27",
          "time": "14:14:33",
          "terminate": "false"
        },
        {
          "speaker": "speaker1",
          "personaID": "21763",
          "participantID": "24031",
          "utterance": "뭐예요 ㅋㅋ 그래도 게임 좋아하시나 보네요 ㅎㅎ.",
          "summary": "",
          "date": "2022-08-27",
          "time": "14:15:34",
          "terminate": "false"
        },
        {
          "speaker": "speaker2",
          "personaID": "20853",
          "participantID": "24980",
          "utterance": "네 ㅋㅋㅋㅋㅋㅋㅋㅋ좋아하는거랑 잘하는건 다르니까요...",
          "summary": "나는 게임을 좋아한다.",
          "date": "2022-08-27",
          "time": "14:16:16",
          "terminate": "false"
        },
        {
          "speaker": "speaker1",
          "personaID": "21763",
          "participantID": "24031",
          "utterance": "저는 예전에 @브랜드명2@ 잠깐 해본게 다예요..",
          "summary": "",
          "date": "2022-08-27",
          "time": "14:16:37",
          "terminate": "false"
        },
        {
          "speaker": "speaker2",
          "personaID": "20853",
          "participantID": "24980",
          "utterance": "아하 지금은 안하세요? 그럼 뭐하세요~~~~",
          "summary": "",
          "date": "2022-08-27",
          "time": "14:17:05",
          "terminate": "false"
        },
        {
          "speaker": "speaker1",
          "personaID": "21763",
          "participantID": "24031",
          "utterance": "네 ㅋㅋ 제가 배를 싫어하는데 @브랜드명2@에서 배 나오자마자 접었습니다.",
          "summary": "",
          "date": "2022-08-27",
          "time": "14:18:11",
          "terminate": "false"
        },
        {
          "speaker": "speaker2",
          "personaID": "20853",
          "participantID": "24980",
          "utterance": "아하 그럴 수 있져 ...신기한 이유네요 ..",
          "summary": "",
          "date": "2022-08-27",
          "time": "14:18:26",
          "terminate": "true"
        }
      ],
      "sessionPersonaSummary": {
        "speaker1": [
          "나는 은행원 준비 고민 중이다.",
          "나는 어머니가 은행원이다."
        ],
        "speaker2": [
          "나는 프로게이머가 하고 싶다.",
          "나는 게임을 못 한다.",
          "나는 게임을 좋아한다."
        ]
      },
      "prevAggregatedpersonaSummary": {
        "speaker1": [
          "나는 20대 여자이다.",
          "나는 종교가 없다.",
          "나는 취준생이다.",
          "나는 @브랜드명1@ 자격증을 준비한다.",
          "나는 잔잔한 음악을 듣는다.",
          "나는 피아노를 쳤다."
        ],
        "speaker2": [
          "나는 20대 남자이다.",
          "나는 종교여행을 자주 간다. 불교이다.",
          "나는 대학생이다. 원자핵공학과 전공이다.",
          "나는 일렉기타 연주를 자주 한다."
        ]
      }
    }
  ]
}