{
  "FileInfo": {
    "filename": "K2-00211-CL35349-CP50906-11-02-S2.json",
    "sessionLevel": "2"
  },
  "participantsInfo": {
    "numberOfParticipants": "2",
    "speaker1": {
      "participantID": "3367",
      "gender": "여성",
      "age": "30대",
      "occupation": "무직",
      "bPlace": "부산/대구/울산/경상",
      "gPlace": "부산/대구/울산/경상",
      "rPlace": "부산/대구/울산/경상",
      "educationLevel": "고졸"
    },
    "speaker2": {
      "participantID": "4838",
      "gender": "남성",
      "age": "40대",
      "occupation": "자영업",
      "bPlace": "부산/대구/울산/경상",
      "gPlace": "부산/대구/울산/경상",
      "rPlace": "부산/대구/울산/경상",
      "educationLevel": "고졸"
    }
  },
  "multisessionInfo": {
    "multisessionID": "2-00211"
  },
  "personaInfo": {
    "clInfo": {
      "personaID": "35349",
      "personaFeatures": [
        "나는 여자이다.",
        "나는 30대이다.",
        "나의 종교는 개신교이다",
        "나는 김치볶음밥을 즐겨 먹는다",
        "나는 빨간색을 싫어한다",
        "나의 생일은 1월이다"
      ],
      "speakerType": "speaker1"
    },
    "cpInfo": {
      "personaID": "50906",
      "personaFeatures": [
        "나는 남자이다.",
        "나는 50대이다.",
        "나는 대기업에 다닌다",
        "나는 저녁에 친구를 만난다",
        "나는 사과를 싫어한다"
      ],
      "speakerType": "speaker2"
    }
  },
  "topicInfo": {
    "topicID": "11-02",
    "topicType": "여가와 오락>게임",
    "topicTitle": "플레이 경험"
  },
  "sessionInfo": [
    {
      "prevSessionID": null,
      "prevTimeInfo": {
        "timeNum": null,
        "timeUnit": null
      },
      "nthSession": "1",
      "numberOfUtterances": "14",
      "numberOfTurns": "7",
      "sessionID": "2-00211-1",
      "dialog": [
        {
          "speaker": "speaker1",
          "personaID": "35349",
          "participantID": "3367",
          "utterance": "안녕하세요 저는 30대 여성 입니다",
          "summary": "나는 30대 여성이다",
          "date": "2022-12-02",
          "time": "08:37:51",
          "terminate": "false"
        },
        {
          "speaker": "speaker2",
          "personaID": "50906",
          "participantID": "4838",
          "utterance": "안녕하세요 대기업 다니는 50대 남성입니다",
          "summary": "나는 대기업에 다니는 50대 남성이다",
          "date": "2022-12-02",
          "time": "09:00:05",
          "terminate": "false"
        },
        {
          "speaker": "speaker1",
          "personaID": "35349",
          "participantID": "3367",
          "utterance": "반갑습니다 혹시 종교 가지고 계신가요? 저는 개신교예요",
          "summary": "나는 개신교다",
          "date": "2022-12-02",
          "time": "13:18:26",
          "terminate": "false"
        },
        {
          "speaker": "speaker2",
          "personaID": "50906",
          "participantID": "4838",
          "utterance": "저는 무교예요 오늘은 저녁에 친구를 만나는데 월드컵 같이 보려구요",
          "summary": "나는 무교이며 오늘 저녁 친구를 만나 월드컵을 같이 보려 한다",
          "date": "2022-12-02",
          "time": "14:42:11",
          "terminate": "false"
        },
        {
          "speaker": "speaker1",
          "personaID": "35349",
          "participantID": "3367",
          "utterance": "저도 그럴려구요! 저는 김치 볶음밥을 즐겨 먹어서 경기를 보면 김치 볶음 밥을 먹을까 해요",
          "summary": "나는 김치볶음밥을 즐겨먹는다",
          "date": "2022-12-02",
          "time": "15:37:52",
          "terminate": "false"
        },
        {
          "speaker": "speaker2",
          "personaID": "50906",
          "participantID": "4838",
          "utterance": "밤 12시에 김치볶음밥은 좀 하하하 저는 치맥 생각하고 있습니다 사과는 싫어하네요",
          "summary": "나는 치킨과 맥주를 먹으려 하고 사과를 싫어한다",
          "date": "2022-12-02",
          "time": "16:34:33",
          "terminate": "false"
        },
        {
          "speaker": "speaker1",
          "personaID": "35349",
          "participantID": "3367",
          "utterance": "사실 축구경기에는 치맥이 딱이긴 하죠 ~ 저는 사과 색깔인 빨간색이 싫어요 ㅎㅎ",
          "summary": "나는 빨간색이 싫다",
          "date": "2022-12-03",
          "time": "02:28:12",
          "terminate": "false"
        },
        {
          "speaker": "speaker2",
          "personaID": "50906",
          "participantID": "4838",
          "utterance": "결국 사과가 둘다 싫은 거군요 흐하하",
          "summary": "",
          "date": "2022-12-03",
          "time": "03:18:53",
          "terminate": "false"
        },
        {
          "speaker": "speaker1",
          "personaID": "35349",
          "participantID": "3367",
          "utterance": "그렇네요 ㅎㅎ 혹시 생일은 몇 월달이세요?? 저는 1월이에요 그래서 항상 새해가 되면 설레요",
          "summary": "나는 생일이 1월이고 새해가 되면 설렌다",
          "date": "2022-12-03",
          "time": "08:12:19",
          "terminate": "false"
        },
        {
          "speaker": "speaker2",
          "personaID": "50906",
          "participantID": "4838",
          "utterance": "저는 3월생입니다 물고기자리예요 그래서 예술적 감각이 있다는군요 하하",
          "summary": "나는 3월 생 물고기자리이고 예술적 감각이 있다고 들었다",
          "date": "2022-12-03",
          "time": "08:47:44",
          "terminate": "false"
        },
        {
          "speaker": "speaker1",
          "personaID": "35349",
          "participantID": "3367",
          "utterance": "그렇군요 ! 저는 사수자리예요 하지만 별자리 특징은 잘 모르겠네요",
          "summary": "나는 사수자리다",
          "date": "2022-12-03",
          "time": "10:56:24",
          "terminate": "false"
        },
        {
          "speaker": "speaker2",
          "personaID": "50906",
          "participantID": "4838",
          "utterance": "한번 찾아보세요 예전에 물고기자리라는 영화를 봤는데 좀 무서웠어요 어릴때 본거라 기억은 가물하지만 사랑에 집착하는 .. 별자리얘기하니 생각나네요",
          "summary": "나는 예전에 물고기자리라는 영화를 봤는데 좀 무서웠다",
          "date": "2022-12-03",
          "time": "11:19:51",
          "terminate": "false"
        },
        {
          "speaker": "speaker1",
          "personaID": "35349",
          "participantID": "3367",
          "utterance": "예 한번 찾아 볼게요! 추천감사드려요",
          "summary": "",
          "date": "2022-12-03",
          "time": "16:13:12",
          "terminate": "false"
        },
        {
          "speaker": "speaker2",
          "personaID": "50906",
          "participantID": "4838",
          "utterance": "네 벌써 시간이 저녁장보러 나가자네요 또 얘기해요",
          "summary": "",
          "date": "2022-12-03",
          "time": "17:03:22",
          "terminate": "true"
        }
      ],
      "sessionPersonaSummary": {
        "speaker1": [
          "나는 30대 여성이다",
          "나는 개신교다",
          "나는 김치볶음밥을 즐겨먹는다",
          "나는 빨간색이 싫다",
          "나는 생일이 1월이고 새해가 되면 설렌다",
          "나는 사수자리다"
        ],
        "speaker2": [
          "나는 대기업에 다니는 50대 남성이다",
          "나는 무교이며 오늘 저녁 친구를 만나 월드컵을 같이 보려 한다",
          "나는 치킨과 맥주를 먹으려 하고 사과를 싫어한다",
          "나는 3월 생 물고기자리이고 예술적 감각이 있다고 들었다",
          "나는 예전에 물고기자리라는 영화를 봤는데 좀 무서웠다"
        ]
      },
      "prevAggregatedpersonaSummary": {
        "speaker1": [],
        "speaker2": []
      }
    },
    {
      "prevSessionID": "2-00211-1",
      "prevTimeInfo": {
        "timeNum": "8",
        "timeUnit": "시간"
      },
      "nthSession": "2",
      "numberOfUtterances": "14",
      "numberOfTurns": "7",
      "sessionID": "2-00211-2",
      "dialog": [
        {
          "speaker": "speaker1",
          "personaID": "35349",
          "participantID": "3367",
          "utterance": "8시간만에 다시뵙네요!식사는 하셨나요?",
          "summary": "",
          "date": "2022-12-03",
          "time": "17:36:28",
          "terminate": "false"
        },
        {
          "speaker": "speaker2",
          "personaID": "50906",
          "participantID": "4838",
          "utterance": "지금 막 식사 끝냈습니다 주말인데 머하세요? 아 개신교라고 하셨죠?",
          "summary": "",
          "date": "2022-12-03",
          "time": "19:32:24",
          "terminate": "false"
        },
        {
          "speaker": "speaker1",
          "personaID": "35349",
          "participantID": "3367",
          "utterance": "저는 게임을 하며 보낼까해요 추천 받은 게 있거든요!교회는 이미 다녀왔죠!",
          "summary": "나는 추천받은 게임을 하며 보낼까 한다",
          "date": "2022-12-03",
          "time": "23:28:31",
          "terminate": "false"
        },
        {
          "speaker": "speaker2",
          "personaID": "50906",
          "participantID": "4838",
          "utterance": "저도 추천해주세요 무슨 게임인지 궁금하네요",
          "summary": "",
          "date": "2022-12-03",
          "time": "23:31:45",
          "terminate": "false"
        },
        {
          "speaker": "speaker1",
          "personaID": "35349",
          "participantID": "3367",
          "utterance": "모바일 게임인데요 꿈의집이라는 게임 아시나요 ? ",
          "summary": "나는 모바일 게임 꿈의 집을 한다",
          "date": "2022-12-03",
          "time": "23:41:36",
          "terminate": "false"
        },
        {
          "speaker": "speaker2",
          "personaID": "50906",
          "participantID": "4838",
          "utterance": "아 그거 저 해봤어요 그런데 인테리어가 제 맘에는 별로였고 갈수록 미니게임이 안깨져서 지웠습니다 그것말고 스위트 홈 너무 인테리어 멋져요 그거 하고 있습니다 저는 ",
          "summary": "나는 꿈의 집 이란 게임을 해봤는데 인테리어가 마음에 안 들고 갈수록 미니게임이 어려워서 지우고 스위트홈이란 게임을 하고 있다",
          "date": "2022-12-03",
          "time": "23:49:58",
          "terminate": "false"
        },
        {
          "speaker": "speaker1",
          "personaID": "35349",
          "participantID": "3367",
          "utterance": "맞아요 인테리어가 마음에 들지 않지요… 스위트 홈 이요?그건 처음 들어 봤네요",
          "summary": "나는 인테리어가 마음에 들지 않는다",
          "date": "2022-12-04",
          "time": "05:52:35",
          "terminate": "false"
        },
        {
          "speaker": "speaker2",
          "personaID": "50906",
          "participantID": "4838",
          "utterance": "한번해보세요 데일리미션도 많은데 전세계인들보다 잘할려고 엄청 열심히 했었죠 요즘은 바빠서 쉬는 중입니다",
          "summary": "나는 요즘 스위트 홈이란 게임을 바빠서 쉬고 있다",
          "date": "2022-12-04",
          "time": "07:39:26",
          "terminate": "false"
        },
        {
          "speaker": "speaker1",
          "personaID": "35349",
          "participantID": "3367",
          "utterance": "그렇군요 같은 회사 게임일까요? 한동안 모바일게임을 하지않아 몰랐네요",
          "summary": "",
          "date": "2022-12-04",
          "time": "07:41:48",
          "terminate": "false"
        },
        {
          "speaker": "speaker2",
          "personaID": "50906",
          "participantID": "4838",
          "utterance": "아닐겁니다.저희가 말하는 게임 모두다 해외앱이죠",
          "summary": "",
          "date": "2022-12-04",
          "time": "07:55:01",
          "terminate": "false"
        },
        {
          "speaker": "speaker1",
          "personaID": "35349",
          "participantID": "3367",
          "utterance": "예 꿈의집과 같은 해외회사인가 싶어서요 !! ㅎㅎ ",
          "summary": "",
          "date": "2022-12-04",
          "time": "08:06:15",
          "terminate": "false"
        },
        {
          "speaker": "speaker2",
          "personaID": "50906",
          "participantID": "4838",
          "utterance": "워낙 다양하게 많아서 비슷한게 엄청 많더라구요 암튼 얘기하다보니 또 하고 싶네요",
          "summary": "나는 다양하게 게임이 비슷한 게 많아서 하고 싶어 진다",
          "date": "2022-12-04",
          "time": "08:19:09",
          "terminate": "false"
        },
        {
          "speaker": "speaker1",
          "personaID": "35349",
          "participantID": "3367",
          "utterance": "예 저도 다른 것들도 한번 시작해 보고 싶네요 찾아봐야겠어요",
          "summary": "나는 다른 게임을 찾아봐야겠다",
          "date": "2022-12-04",
          "time": "10:28:14",
          "terminate": "false"
        },
        {
          "speaker": "speaker2",
          "personaID": "50906",
          "participantID": "4838",
          "utterance": "저도 오늘은 쉬는 날이니 재밌는 게임 한번 찾아봐야겠네요 대화 즐거웠습니다",
          "summary": "나는 오늘 쉬는 날이라 재밌는 게임을 찾아보려 한다",
          "date": "2022-12-04",
          "time": "12:06:47",
          "terminate": "true"
        }
      ],
      "sessionPersonaSummary": {
        "speaker1": [
          "나는 추천받은 게임을 하며 보낼까 한다",
          "나는 모바일 게임 꿈의 집을 한다",
          "나는 인테리어가 마음에 들지 않는다",
          "나는 다른 게임을 찾아봐야겠다"
        ],
        "speaker2": [
          "나는 꿈의 집 이란 게임을 해봤는데 인테리어가 마음에 안 들고 갈수록 미니게임이 어려워서 지우고 스위트홈이란 게임을 하고 있다",
          "나는 요즘 스위트 홈이란 게임을 바빠서 쉬고 있다",
          "나는 다양하게 게임이 비슷한 게 많아서 하고 싶어 진다",
          "나는 오늘 쉬는 날이라 재밌는 게임을 찾아보려 한다"
        ]
      },
      "prevAggregatedpersonaSummary": {
        "speaker1": [
          "나는 30대 여성이다",
          "나는 개신교다",
          "나는 김치볶음밥을 즐겨먹는다",
          "나는 빨간색이 싫다",
          "나는 생일이 1월이고 새해가 되면 설렌다",
          "나는 사수자리다"
        ],
        "speaker2": [
          "나는 대기업에 다니는 50대 남성이다",
          "나는 무교이며 오늘 저녁 친구를 만나 월드컵을 같이 보려 한다",
          "나는 치킨과 맥주를 먹으려 하고 사과를 싫어한다",
          "나는 3월 생 물고기자리이고 예술적 감각이 있다고 들었다",
          "나는 예전에 물고기자리라는 영화를 봤는데 좀 무서웠다"
        ]
      }
    }
  ]
}