{
  "FileInfo": {
    "filename": "K2-00212-CL31417-CP30954-10-05-S2.json",
    "sessionLevel": "2"
  },
  "participantsInfo": {
    "numberOfParticipants": "2",
    "speaker1": {
      "participantID": "0090",
      "gender": "여성",
      "age": "30대",
      "occupation": "주부",
      "bPlace": "서울/경기/인천",
      "gPlace": "서울/경기/인천",
      "rPlace": "서울/경기/인천",
      "educationLevel": "고졸"
    },
    "speaker2": {
      "participantID": "0504",
      "gender": "남성",
      "age": "30대",
      "occupation": "기타",
      "bPlace": "서울/경기/인천",
      "gPlace": "서울/경기/인천",
      "rPlace": "서울/경기/인천",
      "educationLevel": "고졸"
    }
  },
  "multisessionInfo": {
    "multisessionID": "2-00212"
  },
  "personaInfo": {
    "clInfo": {
      "personaID": "31417",
      "personaFeatures": [
        "나는 여자이다.",
        "나는 30대이다.",
        "나는 방과 후 교사이다.",
        "나는 가끔 괴롭다.",
        "나는 블루베리를 안 먹는다."
      ],
      "speakerType": "speaker1"
    },
    "cpInfo": {
      "personaID": "30954",
      "personaFeatures": [
        "나는 남자이다.",
        "나는 30대이다.",
        "내가 가장 기쁘던 때는 취업을 했을 때이다.",
        "나는 실외에서 자전거 타는 것을 싫어한다.",
        "나는 크림파스타를 안 먹는다."
      ],
      "speakerType": "speaker2"
    }
  },
  "topicInfo": {
    "topicID": "10-05",
    "topicType": "여가와 오락>스포츠/레져",
    "topicTitle": "올림픽"
  },
  "sessionInfo": [
    {
      "prevSessionID": null,
      "prevTimeInfo": {
        "timeNum": null,
        "timeUnit": null
      },
      "nthSession": "1",
      "numberOfUtterances": "14",
      "numberOfTurns": "7",
      "sessionID": "2-00212-1",
      "dialog": [
        {
          "speaker": "speaker1",
          "personaID": "31417",
          "participantID": "0090",
          "utterance": "안녕하신가요?? 저는 30대 여자입니다~ ㅎㅎ 만나서 반가워요!",
          "summary": "나는 30대 여자이다.",
          "date": "2022-09-27",
          "time": "13:17:45",
          "terminate": "false"
        },
        {
          "speaker": "speaker2",
          "personaID": "30954",
          "participantID": "0504",
          "utterance": "안녕하세요 저는 30대 남자입니다 반갑습니다~",
          "summary": "나는 30대 남자이다.",
          "date": "2022-09-27",
          "time": "13:17:45",
          "terminate": "false"
        },
        {
          "speaker": "speaker1",
          "personaID": "31417",
          "participantID": "0090",
          "utterance": "ㅜㅜ 저는 요즘 가끔 괴롭다는 생각이 들어서 참 문제가 되는군요!",
          "summary": "나는 가끔 괴롭다.",
          "date": "2022-09-27",
          "time": "13:17:45",
          "terminate": "false"
        },
        {
          "speaker": "speaker2",
          "personaID": "30954",
          "participantID": "0504",
          "utterance": "그러시군요, 어떤 일 때문에 괴로우신지 여쭤봐도 될까요?",
          "summary": "",
          "date": "2022-09-27",
          "time": "13:17:45",
          "terminate": "false"
        },
        {
          "speaker": "speaker1",
          "personaID": "31417",
          "participantID": "0090",
          "utterance": "제가 방과후 교사인데 @이름1@이 너무 말을 안 들어서 참 슬퍼요 ㅜㅜ.",
          "summary": "나는 방과 후 교사이다.",
          "date": "2022-09-27",
          "time": "13:17:45",
          "terminate": "false"
        },
        {
          "speaker": "speaker2",
          "personaID": "30954",
          "participantID": "0504",
          "utterance": "아이고.. 많이 힘드실 것 같아요, 그럴 땐 어떻게 해결하나요?",
          "summary": "",
          "date": "2022-09-27",
          "time": "13:17:45",
          "terminate": "false"
        },
        {
          "speaker": "speaker1",
          "personaID": "31417",
          "participantID": "0090",
          "utterance": "그래서인지 저는 요즘 제가 좋아하는 음식을 먹는 것으로 풀고 있어요!",
          "summary": "",
          "date": "2022-09-27",
          "time": "13:17:45",
          "terminate": "false"
        },
        {
          "speaker": "speaker2",
          "personaID": "30954",
          "participantID": "0504",
          "utterance": "오호..! 좋아하시는 음식으로 풀어가고 계시는 군요.",
          "summary": "",
          "date": "2022-09-27",
          "time": "13:17:45",
          "terminate": "false"
        },
        {
          "speaker": "speaker1",
          "personaID": "31417",
          "participantID": "0090",
          "utterance": "저는 과일을 좋아하는데 당분이 높아서 먹으면 기분 좋더라구요~",
          "summary": "",
          "date": "2022-09-27",
          "time": "13:17:45",
          "terminate": "false"
        },
        {
          "speaker": "speaker2",
          "personaID": "30954",
          "participantID": "0504",
          "utterance": "어떤 과일을 좋아하는지 여쭤봐도 괜찮을까요?",
          "summary": "",
          "date": "2022-09-27",
          "time": "13:17:45",
          "terminate": "false"
        },
        {
          "speaker": "speaker1",
          "personaID": "31417",
          "participantID": "0090",
          "utterance": "저는 블루배리 빼고 모든 과일을 다 좋아해요! 블루베리는 안 먹어서요.",
          "summary": "나는 블루베리를 안 먹는다.",
          "date": "2022-09-27",
          "time": "13:17:45",
          "terminate": "false"
        },
        {
          "speaker": "speaker2",
          "personaID": "30954",
          "participantID": "0504",
          "utterance": "오오! 저도 그거 너무 좋아하는데, 공통점이 있네요 ㅎㅎ.",
          "summary": "",
          "date": "2022-09-27",
          "time": "13:17:45",
          "terminate": "false"
        },
        {
          "speaker": "speaker1",
          "personaID": "31417",
          "participantID": "0090",
          "utterance": "ㅋㅋ 그렇군요! 다음에 맛있는 과일 있으면 추천해드리겠습니다!",
          "summary": "",
          "date": "2022-09-27",
          "time": "13:17:45",
          "terminate": "false"
        },
        {
          "speaker": "speaker2",
          "personaID": "30954",
          "participantID": "0504",
          "utterance": "네네 오늘 대화 정말 즐거웠어요! 나중에 또 연락드릴게요~",
          "summary": "",
          "date": "2022-09-27",
          "time": "13:17:45",
          "terminate": "true"
        }
      ],
      "sessionPersonaSummary": {
        "speaker1": [
          "나는 30대 여자이다.",
          "나는 가끔 괴롭다.",
          "나는 방과 후 교사이다.",
          "나는 블루베리를 안 먹는다."
        ],
        "speaker2": [
          "나는 30대 남자이다."
        ]
      },
      "prevAggregatedpersonaSummary": {
        "speaker1": [],
        "speaker2": []
      }
    },
    {
      "prevSessionID": "2-00212-1",
      "prevTimeInfo": {
        "timeNum": "3",
        "timeUnit": "시간"
      },
      "nthSession": "2",
      "numberOfUtterances": "14",
      "numberOfTurns": "7",
      "sessionID": "2-00212-2",
      "dialog": [
        {
          "speaker": "speaker1",
          "personaID": "31417",
          "participantID": "0090",
          "utterance": "ㅎㅎ 밥 때가 지난 것 같은데 지금 그쪽은 뭐 하시고 있나요?",
          "summary": "",
          "date": "2022-09-27",
          "time": "13:17:45",
          "terminate": "false"
        },
        {
          "speaker": "speaker2",
          "personaID": "30954",
          "participantID": "0504",
          "utterance": "안녕하세요, 저는 흥분이 되어서 배가 고프지 않네요 ㅎㅎ.",
          "summary": "",
          "date": "2022-09-27",
          "time": "13:17:45",
          "terminate": "false"
        },
        {
          "speaker": "speaker1",
          "personaID": "31417",
          "participantID": "0090",
          "utterance": "오.. 정말이세요?? 왜 그쪽은 흥분이 되고 계신지 알고싶네요~",
          "summary": "",
          "date": "2022-09-27",
          "time": "13:17:45",
          "terminate": "false"
        },
        {
          "speaker": "speaker2",
          "personaID": "30954",
          "participantID": "0504",
          "utterance": "요즘 올림픽이 한창인데, 저희나라 선수들이 메달을 따서요!",
          "summary": "",
          "date": "2022-09-27",
          "time": "13:17:45",
          "terminate": "false"
        },
        {
          "speaker": "speaker1",
          "personaID": "31417",
          "participantID": "0090",
          "utterance": "아하.. 정말이신가요?? ㅋㅋ 하긴 저도 요즘 그거때문에 기분이 좋네요!",
          "summary": "",
          "date": "2022-09-27",
          "time": "13:17:45",
          "terminate": "false"
        },
        {
          "speaker": "speaker2",
          "personaID": "30954",
          "participantID": "0504",
          "utterance": "네 ㅎㅎ 그리고 요즘 기쁜 일이 많아서 기분이 좋아요~",
          "summary": "",
          "date": "2022-09-27",
          "time": "13:17:45",
          "terminate": "false"
        },
        {
          "speaker": "speaker1",
          "personaID": "31417",
          "participantID": "0090",
          "utterance": "ㅋㅋ 그래요?? 어떤 기쁜 일이 있으셨는지 궁금하네요~",
          "summary": "",
          "date": "2022-09-27",
          "time": "13:17:45",
          "terminate": "false"
        },
        {
          "speaker": "speaker2",
          "personaID": "30954",
          "participantID": "0504",
          "utterance": "제가 가장 기쁘던 때는 취업했을 때인데, 최근에 취업했어서 아직도 좋네요!",
          "summary": "내가 가장 기쁘던 때는 취업했을 때이다.",
          "date": "2022-09-27",
          "time": "13:17:45",
          "terminate": "false"
        },
        {
          "speaker": "speaker1",
          "personaID": "31417",
          "participantID": "0090",
          "utterance": "오호.. 그렇군요! 어떻게 하다가 취업을 하시게 되었나요?",
          "summary": "",
          "date": "2022-09-27",
          "time": "13:17:45",
          "terminate": "false"
        },
        {
          "speaker": "speaker2",
          "personaID": "30954",
          "participantID": "0504",
          "utterance": "평소에 자전거로 체력을 많이 길렀어요. 실외에서 자전거 타는 것은 싫어해서 바깥에서 탔죠.",
          "summary": "나는 실외에서 자전거 타는 것을 싫어한다.",
          "date": "2022-09-27",
          "time": "13:17:45",
          "terminate": "false"
        },
        {
          "speaker": "speaker1",
          "personaID": "31417",
          "participantID": "0090",
          "utterance": "ㅋㅋ 정말 좋은 습관이네요! 노력한 자신에게 보상을 한번 줘 보세요!",
          "summary": "",
          "date": "2022-09-27",
          "time": "13:17:45",
          "terminate": "false"
        },
        {
          "speaker": "speaker2",
          "personaID": "30954",
          "participantID": "0504",
          "utterance": "네 그래서 오늘은 제가 좋아하는 음식을 먹어주려고요!!",
          "summary": "",
          "date": "2022-09-27",
          "time": "13:17:45",
          "terminate": "false"
        },
        {
          "speaker": "speaker1",
          "personaID": "31417",
          "participantID": "0090",
          "utterance": "ㅋㅋ 그러면 그쪽은 어떤 음식을 좋아하고 계시는 건가요?",
          "summary": "",
          "date": "2022-09-27",
          "time": "13:17:45",
          "terminate": "false"
        },
        {
          "speaker": "speaker2",
          "personaID": "30954",
          "participantID": "0504",
          "utterance": "저는 토마토파스타를 좋아해요, 근데 크림파스타는 안 먹네요. 오늘 즐거웠어요!!",
          "summary": "나는 크림 파스타를 안 먹는다.",
          "date": "2022-09-27",
          "time": "13:17:45",
          "terminate": "true"
        }
      ],
      "sessionPersonaSummary": {
        "speaker1": [],
        "speaker2": [
          "내가 가장 기쁘던 때는 취업했을 때이다.",
          "나는 실외에서 자전거 타는 것을 싫어한다.",
          "나는 크림 파스타를 안 먹는다."
        ]
      },
      "prevAggregatedpersonaSummary": {
        "speaker1": [
          "나는 30대 여자이다.",
          "나는 가끔 괴롭다.",
          "나는 방과 후 교사이다.",
          "나는 블루베리를 안 먹는다."
        ],
        "speaker2": [
          "나는 30대 남자이다."
        ]
      }
    }
  ]
}