{
  "FileInfo": {
    "filename": "K2-00221-CL01915-CP04564-04-13-S2.json",
    "sessionLevel": "2"
  },
  "participantsInfo": {
    "numberOfParticipants": "2",
    "speaker1": {
      "participantID": "0010",
      "gender": "여성",
      "age": "20대",
      "occupation": "학생",
      "bPlace": "부산/대구/울산/경상",
      "gPlace": "부산/대구/울산/경상",
      "rPlace": "부산/대구/울산/경상",
      "educationLevel": "고졸"
    },
    "speaker2": {
      "participantID": "0048",
      "gender": "남성",
      "age": "50대",
      "occupation": "서비스직",
      "bPlace": "부산/대구/울산/경상",
      "gPlace": "부산/대구/울산/경상",
      "rPlace": "부산/대구/울산/경상",
      "educationLevel": "고졸"
    }
  },
  "multisessionInfo": {
    "multisessionID": "2-00221"
  },
  "personaInfo": {
    "clInfo": {
      "personaID": "01915",
      "personaFeatures": [
        "나는 여자이다.",
        "나는 20대이다.",
        "나의 아버지는 연구원이다.",
        "나는 요즘, 가끔 편안하다.",
        "나는 K-POP 음악을 가끔 듣는다."
      ],
      "speakerType": "speaker1"
    },
    "cpInfo": {
      "personaID": "04564",
      "personaFeatures": [
        "나는 남자이다.",
        "나는 50대이다.",
        "나의 거주지는 전라도이다.",
        "나는 콩국수를 안 먹는다.",
        "나는 토끼 두 마리를 키운다."
      ],
      "speakerType": "speaker2"
    }
  },
  "topicInfo": {
    "topicID": "04-13",
    "topicType": "일과 직업>회사/아르바이트",
    "topicTitle": "출퇴근"
  },
  "sessionInfo": [
    {
      "prevSessionID": null,
      "prevTimeInfo": {
        "timeNum": null,
        "timeUnit": null
      },
      "nthSession": "1",
      "numberOfUtterances": "18",
      "numberOfTurns": "9",
      "sessionID": "2-00221-1",
      "dialog": [
        {
          "speaker": "speaker1",
          "personaID": "01915",
          "participantID": "0010",
          "utterance": "안녕하세요~! 저는 20대 여자입니다!",
          "summary": "나는 20대 여자이다.",
          "date": "2022-08-26",
          "time": "11:01:14",
          "terminate": "false"
        },
        {
          "speaker": "speaker2",
          "personaID": "04564",
          "participantID": "0048",
          "utterance": "안녕하세요! 저는 50대 남자입니다!!",
          "summary": "나는 50대 남자이다.",
          "date": "2022-08-26",
          "time": "11:01:36",
          "terminate": "false"
        },
        {
          "speaker": "speaker1",
          "personaID": "01915",
          "participantID": "0010",
          "utterance": "아버지가 연구원이셔서 얼굴 보기가 통 힘드네요..",
          "summary": "나의 아버지는 연구원이다.",
          "date": "2022-08-26",
          "time": "11:01:55",
          "terminate": "false"
        },
        {
          "speaker": "speaker2",
          "personaID": "04564",
          "participantID": "0048",
          "utterance": "아버지가 많이 바쁘신가봐요~ 하긴 연구원이니까!",
          "summary": "",
          "date": "2022-08-26",
          "time": "11:02:01",
          "terminate": "false"
        },
        {
          "speaker": "speaker1",
          "personaID": "01915",
          "participantID": "0010",
          "utterance": "네. 제가 어릴때부터 바쁘셨어요.",
          "summary": "",
          "date": "2022-08-26",
          "time": "11:02:06",
          "terminate": "false"
        },
        {
          "speaker": "speaker2",
          "personaID": "04564",
          "participantID": "0048",
          "utterance": "그럼 혼자 자주 있으셨겠네요! 그럼 뭐했어요.",
          "summary": "",
          "date": "2022-08-26",
          "time": "11:02:19",
          "terminate": "false"
        },
        {
          "speaker": "speaker1",
          "personaID": "01915",
          "participantID": "0010",
          "utterance": "네. 뭐 할꺼야 많죠. 음악도 자주 듣구요.",
          "summary": "나는 음악을 자주 들었다.",
          "date": "2022-08-26",
          "time": "11:02:37",
          "terminate": "false"
        },
        {
          "speaker": "speaker2",
          "personaID": "04564",
          "participantID": "0048",
          "utterance": "아~그치요! 음악 좋지요! 뭐 들으세요?",
          "summary": "",
          "date": "2022-08-26",
          "time": "11:02:51",
          "terminate": "false"
        },
        {
          "speaker": "speaker1",
          "personaID": "01915",
          "participantID": "0010",
          "utterance": "네 음악 좋아해요. K-POP음악도 가끔 듣거든요..",
          "summary": "나는 K-POP 음악을 가끔 듣는다.",
          "date": "2022-08-26",
          "time": "11:03:09",
          "terminate": "false"
        },
        {
          "speaker": "speaker2",
          "personaID": "04564",
          "participantID": "0048",
          "utterance": "요즘 K-POP이 많이 핫하더라고요!",
          "summary": "",
          "date": "2022-08-26",
          "time": "11:03:21",
          "terminate": "false"
        },
        {
          "speaker": "speaker1",
          "personaID": "01915",
          "participantID": "0010",
          "utterance": "근데 그쪽은 뭐하고 계셨었나요?",
          "summary": "",
          "date": "2022-08-26",
          "time": "11:03:28",
          "terminate": "false"
        },
        {
          "speaker": "speaker2",
          "personaID": "04564",
          "participantID": "0048",
          "utterance": "저는 토끼 돌보고 있었어요~ 우리 귀여운애들ㅎㅎ.",
          "summary": "나는 토끼를 돌보고 있었다.",
          "date": "2022-08-26",
          "time": "11:03:40",
          "terminate": "false"
        },
        {
          "speaker": "speaker1",
          "personaID": "01915",
          "participantID": "0010",
          "utterance": "와.. 토끼 너무 귀엽겠네요. 몇마리 키우세요?",
          "summary": "",
          "date": "2022-08-26",
          "time": "11:03:46",
          "terminate": "false"
        },
        {
          "speaker": "speaker2",
          "personaID": "04564",
          "participantID": "0048",
          "utterance": "저는 토키 두 마리 키우고있어요~ㅎㅎ.",
          "summary": "나는 토끼 두 마리를 키운다.",
          "date": "2022-08-26",
          "time": "11:03:55",
          "terminate": "false"
        },
        {
          "speaker": "speaker1",
          "personaID": "01915",
          "participantID": "0010",
          "utterance": "두마리가 딱 적당한거 같습니다.",
          "summary": "",
          "date": "2022-08-26",
          "time": "11:04:10",
          "terminate": "false"
        },
        {
          "speaker": "speaker2",
          "personaID": "04564",
          "participantID": "0048",
          "utterance": "적당하긴한데 은근 손이 많이가요!ㅎㅎ.",
          "summary": "",
          "date": "2022-08-26",
          "time": "11:04:18",
          "terminate": "false"
        },
        {
          "speaker": "speaker1",
          "personaID": "01915",
          "participantID": "0010",
          "utterance": "그럴꺼같네요. 토끼하니까 @이름1@ 생각 나서 케이팝좀 들으러 가봐야겠어요 ! 또 연락 할께요 !",
          "summary": "나는 케이팝을 들으러 간다.",
          "date": "2022-08-26",
          "time": "11:04:31",
          "terminate": "false"
        },
        {
          "speaker": "speaker2",
          "personaID": "04564",
          "participantID": "0048",
          "utterance": "ㅋㅋ@이름1@가 누군지 모르겠는데! 어쨋든 다녀와요~",
          "summary": "나는 @이름1@가 누군지 모른다.",
          "date": "2022-08-26",
          "time": "11:04:50",
          "terminate": "true"
        }
      ],
      "sessionPersonaSummary": {
        "speaker1": [
          "나는 20대 여자이다.",
          "나의 아버지는 연구원이다.",
          "나는 음악을 자주 들었다.",
          "나는 K-POP 음악을 가끔 듣는다.",
          "나는 케이팝을 들으러 간다."
        ],
        "speaker2": [
          "나는 50대 남자이다.",
          "나는 토끼를 돌보고 있었다.",
          "나는 토끼 두 마리를 키운다.",
          "나는 @이름1@가 누군지 모른다."
        ]
      },
      "prevAggregatedpersonaSummary": {
        "speaker1": [],
        "speaker2": []
      }
    },
    {
      "prevSessionID": "2-00221-1",
      "prevTimeInfo": {
        "timeNum": "1",
        "timeUnit": "일"
      },
      "nthSession": "2",
      "numberOfUtterances": "18",
      "numberOfTurns": "9",
      "sessionID": "2-00221-2",
      "dialog": [
        {
          "speaker": "speaker1",
          "personaID": "01915",
          "participantID": "0010",
          "utterance": "좋은아침 ! 어제는 잘 마무리 하셨나요?",
          "summary": "",
          "date": "2022-08-26",
          "time": "11:05:17",
          "terminate": "false"
        },
        {
          "speaker": "speaker2",
          "personaID": "04564",
          "participantID": "0048",
          "utterance": "좋은아침~ 저야 잘 마무리했지요~",
          "summary": "",
          "date": "2022-08-26",
          "time": "11:05:36",
          "terminate": "false"
        },
        {
          "speaker": "speaker1",
          "personaID": "01915",
          "participantID": "0010",
          "utterance": "출퇴근으로 지쳤는데. 주말에는 푹 쉬어야겠어요.",
          "summary": "나는 출퇴근으로 지쳤다.",
          "date": "2022-08-26",
          "time": "11:05:48",
          "terminate": "false"
        },
        {
          "speaker": "speaker2",
          "personaID": "04564",
          "participantID": "0048",
          "utterance": "출퇴근으로 지칠일이 뭐가있나요~!",
          "summary": "",
          "date": "2022-08-26",
          "time": "11:06:08",
          "terminate": "false"
        },
        {
          "speaker": "speaker1",
          "personaID": "01915",
          "participantID": "0010",
          "utterance": "버스타고 출퇴근 하니까 하루하루 지쳐가지구요.",
          "summary": "나는 버스 타고 출퇴근을 한다.",
          "date": "2022-08-26",
          "time": "11:06:19",
          "terminate": "false"
        },
        {
          "speaker": "speaker2",
          "personaID": "04564",
          "participantID": "0048",
          "utterance": "아 버스타고 출퇴근 하구나! 다른방법 없어요? 버스말고!",
          "summary": "",
          "date": "2022-08-26",
          "time": "11:06:38",
          "terminate": "false"
        },
        {
          "speaker": "speaker1",
          "personaID": "01915",
          "participantID": "0010",
          "utterance": "아 저 차 사가지구요. 곧 출고 되가지고 기다리고 있어요.",
          "summary": "",
          "date": "2022-08-26",
          "time": "11:06:45",
          "terminate": "false"
        },
        {
          "speaker": "speaker2",
          "personaID": "04564",
          "participantID": "0048",
          "utterance": "열심히 살았네요! 20대인데 벌써 차를 사고!",
          "summary": "",
          "date": "2022-08-26",
          "time": "11:07:03",
          "terminate": "false"
        },
        {
          "speaker": "speaker1",
          "personaID": "01915",
          "participantID": "0010",
          "utterance": "네~ 가끔 그생각 하면 요즘 그냥 편안하네요.",
          "summary": "나는 요즘, 가끔 편안하다.",
          "date": "2022-08-26",
          "time": "11:07:11",
          "terminate": "false"
        },
        {
          "speaker": "speaker2",
          "personaID": "04564",
          "participantID": "0048",
          "utterance": "그래도 차 사면 출퇴근은 편해지겠네요~!!",
          "summary": "",
          "date": "2022-08-26",
          "time": "11:07:31",
          "terminate": "false"
        },
        {
          "speaker": "speaker1",
          "personaID": "01915",
          "participantID": "0010",
          "utterance": "진짜 오늘같이 좋은날씨면 드라이브 가고싶어요.",
          "summary": "",
          "date": "2022-08-26",
          "time": "11:07:50",
          "terminate": "false"
        },
        {
          "speaker": "speaker2",
          "personaID": "04564",
          "participantID": "0048",
          "utterance": "저는 전라도 사는데 여기는 비가오는데!",
          "summary": "나의 거주지는 전라도이다.",
          "date": "2022-08-26",
          "time": "11:08:02",
          "terminate": "false"
        },
        {
          "speaker": "speaker1",
          "personaID": "01915",
          "participantID": "0010",
          "utterance": "그렇구나. 아침은 드셨어요? 배고프네요.",
          "summary": "",
          "date": "2022-08-26",
          "time": "11:08:23",
          "terminate": "false"
        },
        {
          "speaker": "speaker2",
          "personaID": "04564",
          "participantID": "0048",
          "utterance": "부인이 콩국수를 했는데 나는 콩국수를 안먹어서.. ㅋㅋ.",
          "summary": "나는 콩국수를 안 먹는다.",
          "date": "2022-08-26",
          "time": "11:08:38",
          "terminate": "false"
        },
        {
          "speaker": "speaker1",
          "personaID": "01915",
          "participantID": "0010",
          "utterance": "콩국수 저도 안먹어요.. 그거 좀 맛이 애매하달까요.",
          "summary": "나는 콩국수를 안 먹는다.",
          "date": "2022-08-26",
          "time": "11:08:53",
          "terminate": "false"
        },
        {
          "speaker": "speaker2",
          "personaID": "04564",
          "participantID": "0048",
          "utterance": "맞아요ㅋㅋ나도 좀 이상하더라고...그래서 안먹어요.",
          "summary": "",
          "date": "2022-08-26",
          "time": "11:09:13",
          "terminate": "false"
        },
        {
          "speaker": "speaker1",
          "personaID": "01915",
          "participantID": "0010",
          "utterance": "그렇구나. 여튼 저는 산책좀 하러 가야겠어요 !! 또 연락해요 ~",
          "summary": "나는 산책을 하러 간다.",
          "date": "2022-08-26",
          "time": "11:09:30",
          "terminate": "false"
        },
        {
          "speaker": "speaker2",
          "personaID": "04564",
          "participantID": "0048",
          "utterance": "네~그래요 그럼 산책 잘 하시고 오세요!",
          "summary": "",
          "date": "2022-08-26",
          "time": "11:09:50",
          "terminate": "true"
        }
      ],
      "sessionPersonaSummary": {
        "speaker1": [
          "나는 출퇴근으로 지쳤다.",
          "나는 버스 타고 출퇴근을 한다.",
          "나는 요즘, 가끔 편안하다.",
          "나는 콩국수를 안 먹는다.",
          "나는 산책을 하러 간다."
        ],
        "speaker2": [
          "나의 거주지는 전라도이다.",
          "나는 콩국수를 안 먹는다."
        ]
      },
      "prevAggregatedpersonaSummary": {
        "speaker1": [
          "나는 20대 여자이다.",
          "나의 아버지는 연구원이다.",
          "나는 음악을 자주 들었다.",
          "나는 K-POP 음악을 가끔 듣는다.",
          "나는 케이팝을 들으러 간다."
        ],
        "speaker2": [
          "나는 50대 남자이다.",
          "나는 토끼를 돌보고 있었다.",
          "나는 토끼 두 마리를 키운다.",
          "나는 @이름1@가 누군지 모른다."
        ]
      }
    }
  ]
}