{
  "FileInfo": {
    "filename": "K2-00321-CL33775-CP33875-18-06-S2.json",
    "sessionLevel": "2"
  },
  "participantsInfo": {
    "numberOfParticipants": "2",
    "speaker1": {
      "participantID": "0708",
      "gender": "여성",
      "age": "30대",
      "occupation": "자영업",
      "bPlace": "서울/경기/인천",
      "gPlace": "서울/경기/인천",
      "rPlace": "서울/경기/인천",
      "educationLevel": "대졸"
    },
    "speaker2": {
      "participantID": "0739",
      "gender": "여성",
      "age": "20대",
      "occupation": "무직",
      "bPlace": "부산/대구/울산/경상",
      "gPlace": "부산/대구/울산/경상",
      "rPlace": "부산/대구/울산/경상",
      "educationLevel": "대졸"
    }
  },
  "multisessionInfo": {
    "multisessionID": "2-00321"
  },
  "personaInfo": {
    "clInfo": {
      "personaID": "33775",
      "personaFeatures": [
        "나는 여자이다.",
        "나는 30대이다.",
        "나는 사회복지학과를 전공했다.",
        "나는 매일 지하철로 출퇴근한다.",
        "나는 에어로빅을 가끔 한다.",
        "나는 백화점에 가는 것을 싫어한다."
      ],
      "speakerType": "speaker1"
    },
    "cpInfo": {
      "personaID": "33875",
      "personaFeatures": [
        "나는 여자이다.",
        "나는 30대이다.",
        "나는 중국어에 관심 있지만 배울 시간이 없다.",
        "나는 군인이다.",
        "나는 매우 긍정적이다.",
        "나는 오렌지를 즐겨 먹는다."
      ],
      "speakerType": "speaker2"
    }
  },
  "topicInfo": {
    "topicID": "18-06",
    "topicType": "상거래 전반",
    "topicTitle": "결제방법"
  },
  "sessionInfo": [
    {
      "prevSessionID": null,
      "prevTimeInfo": {
        "timeNum": null,
        "timeUnit": null
      },
      "nthSession": "1",
      "numberOfUtterances": "16",
      "numberOfTurns": "8",
      "sessionID": "2-00321-1",
      "dialog": [
        {
          "speaker": "speaker1",
          "personaID": "33775",
          "participantID": "0708",
          "utterance": "안녕하세요. 저는 30대 여자입니다.",
          "summary": "나는 30대 여자이다.",
          "date": "2022-10-04",
          "time": "20:04:44",
          "terminate": "false"
        },
        {
          "speaker": "speaker2",
          "personaID": "33875",
          "participantID": "0739",
          "utterance": "반가운일이네요~ 저도 30대 여자입니다!",
          "summary": "나는 30대 여자이다.",
          "date": "2022-10-04",
          "time": "20:04:52",
          "terminate": "false"
        },
        {
          "speaker": "speaker1",
          "personaID": "33775",
          "participantID": "0708",
          "utterance": "ㅎㅎ 그러게요. 저도 같은 30대 여자 처음봅니다! 너무 반가워요.",
          "summary": "나는 30대 여자를 처음 봤다.",
          "date": "2022-10-04",
          "time": "20:05:13",
          "terminate": "false"
        },
        {
          "speaker": "speaker2",
          "personaID": "33875",
          "participantID": "0739",
          "utterance": "ㅋㅋ 여기 참 여자 없어요. 그쵸? 그래도 이렇게 만나게 된걸 보니 우리가 인연인가봐요!",
          "summary": "",
          "date": "2022-10-04",
          "time": "20:05:45",
          "terminate": "false"
        },
        {
          "speaker": "speaker1",
          "personaID": "33775",
          "participantID": "0708",
          "utterance": "그렇네요. 저는 사회복지학과를 전공하고, 지금은 사회복지사로 일하고 있어요.",
          "summary": "나는 사회복지학과를 전공했다. 나는 사회복지사다.",
          "date": "2022-10-04",
          "time": "20:05:54",
          "terminate": "false"
        },
        {
          "speaker": "speaker2",
          "personaID": "33875",
          "participantID": "0739",
          "utterance": "좋은 직업이시네요! 저는 군인입니다.ㅎㅎ.",
          "summary": "나는 군인이다.",
          "date": "2022-10-04",
          "time": "20:06:19",
          "terminate": "false"
        },
        {
          "speaker": "speaker1",
          "personaID": "33775",
          "participantID": "0708",
          "utterance": "오 여자분인데, 군인이세요? 직업군인이신가요??",
          "summary": "",
          "date": "2022-10-04",
          "time": "20:06:33",
          "terminate": "false"
        },
        {
          "speaker": "speaker2",
          "personaID": "33875",
          "participantID": "0739",
          "utterance": "네 직업군인이에요. ㅎㅎ 흔치 않죠? ㅋㅋ.",
          "summary": "",
          "date": "2022-10-04",
          "time": "20:06:43",
          "terminate": "false"
        },
        {
          "speaker": "speaker1",
          "personaID": "33775",
          "participantID": "0708",
          "utterance": "그러시구나, 멋지시네요. 군인도 처음봤어요. 여기서 ㅎㅎ.",
          "summary": "나는 대화 모임에서 군인도 처음 봤다.",
          "date": "2022-10-04",
          "time": "20:06:59",
          "terminate": "false"
        },
        {
          "speaker": "speaker2",
          "personaID": "33875",
          "participantID": "0739",
          "utterance": "ㅎㅎ 저는 사회복지사도 처음봤어요! 어떤일을 하시나요?",
          "summary": "",
          "date": "2022-10-04",
          "time": "20:07:36",
          "terminate": "false"
        },
        {
          "speaker": "speaker1",
          "personaID": "33775",
          "participantID": "0708",
          "utterance": "저는 발달장애 아동들과 함께 매일 지하철로 출퇴근을 하거든요.",
          "summary": "나는 매일 지하철로 출퇴근한다.",
          "date": "2022-10-04",
          "time": "20:07:55",
          "terminate": "false"
        },
        {
          "speaker": "speaker2",
          "personaID": "33875",
          "participantID": "0739",
          "utterance": "와 아이들과 함께요? 힘들지 않으세요?",
          "summary": "",
          "date": "2022-10-04",
          "time": "20:08:18",
          "terminate": "false"
        },
        {
          "speaker": "speaker1",
          "personaID": "33775",
          "participantID": "0708",
          "utterance": "사회성을 길러주는 역할 중이지요. 힘들어도 뿌듯하고 좋아요. 스트레스는 운동으로 풀구요 ㅎㅎ.",
          "summary": "나는 스트레스는 운동으로 푼다.",
          "date": "2022-10-04",
          "time": "20:08:31",
          "terminate": "false"
        },
        {
          "speaker": "speaker2",
          "personaID": "33875",
          "participantID": "0739",
          "utterance": "정말 멋지시네요! ㅎㅎ 저도 성격이 매우 긍정적이라 잘 할수 있을 것 같아요. 어떤 운동을 하시나요?",
          "summary": "나는 매우 긍정적이다.",
          "date": "2022-10-04",
          "time": "20:08:53",
          "terminate": "false"
        },
        {
          "speaker": "speaker1",
          "personaID": "33775",
          "participantID": "0708",
          "utterance": "ㅎㅎ와 님과도 잘 어울리겠어요. 저는 운동으로 에어로빅을 가끔 합니다. 그럼 이만 일 하고 오겠습니다.",
          "summary": "나는 에어로빅을 가끔 한다.",
          "date": "2022-10-04",
          "time": "20:09:13",
          "terminate": "false"
        },
        {
          "speaker": "speaker2",
          "personaID": "33875",
          "participantID": "0739",
          "utterance": "네 ㅎㅎ 저도 일좀 하고 와야겠네요. 수고하세요!",
          "summary": "",
          "date": "2022-10-04",
          "time": "20:09:38",
          "terminate": "true"
        }
      ],
      "sessionPersonaSummary": {
        "speaker1": [
          "나는 30대 여자이다.",
          "나는 30대 여자를 처음 봤다.",
          "나는 사회복지학과를 전공했다. 나는 사회복지사다.",
          "나는 대화 모임에서 군인도 처음 봤다.",
          "나는 매일 지하철로 출퇴근한다.",
          "나는 스트레스는 운동으로 푼다.",
          "나는 에어로빅을 가끔 한다."
        ],
        "speaker2": [
          "나는 30대 여자이다.",
          "나는 군인이다.",
          "나는 매우 긍정적이다."
        ]
      },
      "prevAggregatedpersonaSummary": {
        "speaker1": [],
        "speaker2": []
      }
    },
    {
      "prevSessionID": "2-00321-1",
      "prevTimeInfo": {
        "timeNum": "1",
        "timeUnit": "일"
      },
      "nthSession": "2",
      "numberOfUtterances": "16",
      "numberOfTurns": "8",
      "sessionID": "2-00321-2",
      "dialog": [
        {
          "speaker": "speaker1",
          "personaID": "33775",
          "participantID": "0708",
          "utterance": "안녕하세요. 어제는 제가 바빠서 인사가 늦었어요 ㅠㅠ.",
          "summary": "나는 어제 바빴다.",
          "date": "2022-10-04",
          "time": "20:09:45",
          "terminate": "false"
        },
        {
          "speaker": "speaker2",
          "personaID": "33875",
          "participantID": "0739",
          "utterance": "괜찮습니다! 일이 바쁜건 어쩔 수 없죠. ㅎㅎ.",
          "summary": "",
          "date": "2022-10-04",
          "time": "20:10:03",
          "terminate": "false"
        },
        {
          "speaker": "speaker1",
          "personaID": "33775",
          "participantID": "0708",
          "utterance": "ㅎㅎ 오늘은 백화점으로 구경갑니다... 백화점 가는걸 싫어하지만 어쩔수 있나요.",
          "summary": "나는 백화점 가는 것을 싫어한다.",
          "date": "2022-10-04",
          "time": "20:10:27",
          "terminate": "false"
        },
        {
          "speaker": "speaker2",
          "personaID": "33875",
          "participantID": "0739",
          "utterance": "오늘도 아이들과 함께요? 말만 들어도 힘들것 같네요. ㅋㅋ.",
          "summary": "",
          "date": "2022-10-04",
          "time": "20:10:48",
          "terminate": "false"
        },
        {
          "speaker": "speaker1",
          "personaID": "33775",
          "participantID": "0708",
          "utterance": "네. 오늘도 여전히 함께합니다. 사람들의 시선이 곱지는 않거든요.",
          "summary": "사람들의 시선이 곱지 않다.",
          "date": "2022-10-04",
          "time": "20:10:57",
          "terminate": "false"
        },
        {
          "speaker": "speaker2",
          "personaID": "33875",
          "participantID": "0739",
          "utterance": "다같이 어울려 살아야 하는데, 그러지 못하는 어른들이 많아서 제가 미안하네요.",
          "summary": "",
          "date": "2022-10-04",
          "time": "20:11:25",
          "terminate": "false"
        },
        {
          "speaker": "speaker1",
          "personaID": "33775",
          "participantID": "0708",
          "utterance": "ㅎㅎ 그렇네요. 결제할때도 잠깐만 기다려주시면 되는데,, 그걸 못참으시더라구요.",
          "summary": "",
          "date": "2022-10-04",
          "time": "20:11:47",
          "terminate": "false"
        },
        {
          "speaker": "speaker2",
          "personaID": "33875",
          "participantID": "0739",
          "utterance": "아이들에게 직접 결제도 시켜보는건가요? 정말 좋은 경험이 되겠네요!",
          "summary": "",
          "date": "2022-10-04",
          "time": "20:12:07",
          "terminate": "false"
        },
        {
          "speaker": "speaker1",
          "personaID": "33775",
          "participantID": "0708",
          "utterance": "그럼요. 사탕하나를 사도 무조건 결제 하게 하거든요. 그런데, 아직 애들이 익숙하지 않다보니.. 문제가 많거든요.",
          "summary": "",
          "date": "2022-10-04",
          "time": "20:12:35",
          "terminate": "false"
        },
        {
          "speaker": "speaker2",
          "personaID": "33875",
          "participantID": "0739",
          "utterance": "현금결제는 애들에게 조금 어렵게 느껴지겠네요.",
          "summary": "",
          "date": "2022-10-04",
          "time": "20:12:52",
          "terminate": "false"
        },
        {
          "speaker": "speaker1",
          "personaID": "33775",
          "participantID": "0708",
          "utterance": "그렇죠. 오늘은 백화점가서 뭘 사야할지 고민이네요.. 1개씩 파는.. 어떤게 좋을까요?",
          "summary": "",
          "date": "2022-10-04",
          "time": "20:13:05",
          "terminate": "false"
        },
        {
          "speaker": "speaker2",
          "personaID": "33875",
          "participantID": "0739",
          "utterance": "식료품 코너에 가는건 어떠세요? 전 오렌지를 즐겨먹어서 자주 사는 편이에요. ㅎㅎ.",
          "summary": "나는 오렌지를 즐겨 먹는다.",
          "date": "2022-10-04",
          "time": "20:13:32",
          "terminate": "false"
        },
        {
          "speaker": "speaker1",
          "personaID": "33775",
          "participantID": "0708",
          "utterance": "오! 오렌지요? 너무 좋은데요. 아이디어 감사합니다.",
          "summary": "오늘은 백화점에서 아이들과 오렌지를 살 것이다.",
          "date": "2022-10-04",
          "time": "20:13:57",
          "terminate": "false"
        },
        {
          "speaker": "speaker2",
          "personaID": "33875",
          "participantID": "0739",
          "utterance": "뭘 감사까지요. 아, 제가 중국어에 관심 있지만 배울 시간이 없었는데, 요즘 점심시간에 어플로 공부를 하기로 해서요.",
          "summary": "나는 중국어에 관심 있지만 배울 시간이 없다. 나는 점심시간에 어플로 공부를 하기로 했다.",
          "date": "2022-10-04",
          "time": "20:14:30",
          "terminate": "false"
        },
        {
          "speaker": "speaker1",
          "personaID": "33775",
          "participantID": "0708",
          "utterance": "아 그러시구나, 제가 너무 시간을 많이 뺐었네요. 얼른 공부하러 가세요. 대화 즐거웠어요.",
          "summary": "나는 대화가 즐거웠다.",
          "date": "2022-10-04",
          "time": "20:14:48",
          "terminate": "false"
        },
        {
          "speaker": "speaker2",
          "personaID": "33875",
          "participantID": "0739",
          "utterance": "저도 대화 즐거웠습니다. 자주 이야기 나눠요. ㅎㅎ.",
          "summary": "",
          "date": "2022-10-04",
          "time": "20:15:14",
          "terminate": "true"
        }
      ],
      "sessionPersonaSummary": {
        "speaker1": [
          "나는 어제 바빴다.",
          "나는 백화점 가는 것을 싫어한다.",
          "사람들의 시선이 곱지 않다.",
          "오늘은 백화점에서 아이들과 오렌지를 살 것이다.",
          "나는 대화가 즐거웠다."
        ],
        "speaker2": [
          "나는 오렌지를 즐겨 먹는다.",
          "나는 중국어에 관심 있지만 배울 시간이 없다. 나는 점심시간에 어플로 공부를 하기로 했다."
        ]
      },
      "prevAggregatedpersonaSummary": {
        "speaker1": [
          "나는 30대 여자이다.",
          "나는 30대 여자를 처음 봤다.",
          "나는 사회복지학과를 전공했다. 나는 사회복지사다.",
          "나는 대화 모임에서 군인도 처음 봤다.",
          "나는 매일 지하철로 출퇴근한다.",
          "나는 스트레스는 운동으로 푼다.",
          "나는 에어로빅을 가끔 한다."
        ],
        "speaker2": [
          "나는 30대 여자이다.",
          "나는 군인이다.",
          "나는 매우 긍정적이다."
        ]
      }
    }
  ]
}