{
  "FileInfo": {
    "filename": "K2-00465-CL21736-CP52093-12-09-S2.json",
    "sessionLevel": "2"
  },
  "participantsInfo": {
    "numberOfParticipants": "2",
    "speaker1": {
      "participantID": "3084",
      "gender": "여성",
      "age": "30대",
      "occupation": "사무직",
      "bPlace": "부산/대구/울산/경상",
      "gPlace": "부산/대구/울산/경상",
      "rPlace": "부산/대구/울산/경상",
      "educationLevel": "대졸"
    },
    "speaker2": {
      "participantID": "3295",
      "gender": "여성",
      "age": "50대",
      "occupation": "주부",
      "bPlace": "대전/세종/충청/강원",
      "gPlace": "대전/세종/충청/강원",
      "rPlace": "서울/경기/인천",
      "educationLevel": "대졸"
    }
  },
  "multisessionInfo": {
    "multisessionID": "2-00465"
  },
  "personaInfo": {
    "clInfo": {
      "personaID": "21736",
      "personaFeatures": [
        "나는 여자이다.",
        "나는 20대이다.",
        "나의 거주지는 서울이다",
        "나는 웹 개발자이다",
        "나는 태블릿을 수집한다"
      ],
      "speakerType": "speaker1"
    },
    "cpInfo": {
      "personaID": "52093",
      "personaFeatures": [
        "나는 여자이다.",
        "나는 50대이다.",
        "나는 다소 부정적이다",
        "나는 늘 주가에 관심을 갖고 있다",
        "나는 식물을 좋아한다"
      ],
      "speakerType": "speaker2"
    }
  },
  "topicInfo": {
    "topicID": "12-09",
    "topicType": "여가와 오락>여행",
    "topicTitle": "캠핑/글램핑"
  },
  "sessionInfo": [
    {
      "prevSessionID": null,
      "prevTimeInfo": {
        "timeNum": null,
        "timeUnit": null
      },
      "nthSession": "1",
      "numberOfUtterances": "15",
      "numberOfTurns": "7",
      "sessionID": "2-00465-1",
      "dialog": [
        {
          "speaker": "speaker1",
          "personaID": "21736",
          "participantID": "3084",
          "utterance": "안녕하세요 저는 20대 여성 입니다",
          "summary": "나는 20대 여성이다.",
          "date": "2022-10-08",
          "time": "10:05:18",
          "terminate": "false"
        },
        {
          "speaker": "speaker2",
          "personaID": "52093",
          "participantID": "3295",
          "utterance": "안녕하세요? 저는 50대 여성입니다.",
          "summary": "나는 50대 여성입니다",
          "date": "2022-10-08",
          "time": "11:53:13",
          "terminate": "false"
        },
        {
          "speaker": "speaker1",
          "personaID": "21736",
          "participantID": "3084",
          "utterance": "반가워요 저는 서울 살고 있어요~~",
          "summary": "나는 서울에 살고 있다.",
          "date": "2022-10-08",
          "time": "11:53:42",
          "terminate": "false"
        },
        {
          "speaker": "speaker2",
          "personaID": "52093",
          "participantID": "3295",
          "utterance": "저는 식물을 좋아해서 경기도에서 한적한 전원생활을 해요.",
          "summary": "나는 식물을 좋아해 경기도에서 전원생활한다",
          "date": "2022-10-08",
          "time": "11:56:32",
          "terminate": "false"
        },
        {
          "speaker": "speaker1",
          "personaID": "21736",
          "participantID": "3084",
          "utterance": "와 좋네요 저는 아직 전원은 먼일 같아요..직장에서 웹개발자로 일하고 있어요",
          "summary": "나는 직장에서 웹 개발자로 일하고 있다.",
          "date": "2022-10-08",
          "time": "11:57:58",
          "terminate": "false"
        },
        {
          "speaker": "speaker2",
          "personaID": "52093",
          "participantID": "3295",
          "utterance": "저는 주부인데 주가에 늘 관심이 있어서 컴퓨터 앞에 주로 앉아 있어요.",
          "summary": "나는 주부이고 주가에 관심이 있다",
          "date": "2022-10-08",
          "time": "12:03:19",
          "terminate": "false"
        },
        {
          "speaker": "speaker1",
          "personaID": "21736",
          "participantID": "3084",
          "utterance": "아 다들 관심 있는 거죠 요즘 하락세라 재미가 없어요.. 식물은 어떤걸 키우세요? 저는 바질 씨앗을 심었는 데 싹이 안나네요",
          "summary": "",
          "date": "2022-10-08",
          "time": "12:08:40",
          "terminate": "false"
        },
        {
          "speaker": "speaker2",
          "personaID": "52093",
          "participantID": "3295",
          "utterance": "저도 잘 키우지는 못해요. 성격이 다소 부정적이라 내가 하는 게 다 그렇지 합니다.",
          "summary": "나는 성격이 부정적이다",
          "date": "2022-10-08",
          "time": "12:21:47",
          "terminate": "false"
        },
        {
          "speaker": "speaker1",
          "personaID": "21736",
          "participantID": "3084",
          "utterance": "그럼 키우는 게 다 죽었어요?",
          "summary": "",
          "date": "2022-10-08",
          "time": "13:16:57",
          "terminate": "false"
        },
        {
          "speaker": "speaker2",
          "personaID": "52093",
          "participantID": "3295",
          "utterance": "그래도 남편이 잘 식물을 키워서 제법 자라고 있어요.",
          "summary": "나의 남편이 식물을 잘 키운다",
          "date": "2022-10-08",
          "time": "14:41:23",
          "terminate": "false"
        },
        {
          "speaker": "speaker1",
          "personaID": "21736",
          "participantID": "3084",
          "utterance": "그러시군요 .. 저는 요즘 태블릿 수집하고 있어요",
          "summary": "나는 요즘 태블릿을 수집하고 있다.",
          "date": "2022-10-08",
          "time": "17:52:24",
          "terminate": "false"
        },
        {
          "speaker": "speaker2",
          "personaID": "52093",
          "participantID": "3295",
          "utterance": "태블릿 이라면 갤탭이나 아이패드를 말씀하시는 건가요?",
          "summary": "",
          "date": "2022-10-08",
          "time": "19:45:14",
          "terminate": "false"
        },
        {
          "speaker": "speaker1",
          "personaID": "21736",
          "participantID": "3084",
          "utterance": "네 맞아요 레노버도 있고 샤오미 등 다양한 회사의 물건들이 관심이 있어요",
          "summary": "나는 레노버도 있고 샤오미 등 다양한 회사의 물건들에 관심이 있다.",
          "date": "2022-10-08",
          "time": "20:56:24",
          "terminate": "false"
        },
        {
          "speaker": "speaker2",
          "personaID": "52093",
          "participantID": "3295",
          "utterance": "저도 태블릿에 관심이 많아요. 저는 갤탭과 아마존 태블릿을 갖고 있어요. ",
          "summary": "나는 태블릿에 관심이 많다",
          "date": "2022-10-08",
          "time": "21:06:38",
          "terminate": "false"
        },
        {
          "speaker": "speaker1",
          "personaID": "21736",
          "participantID": "3084",
          "utterance": "어머 저 이만 나가야해서 다음에 또 이야기 해요",
          "summary": "",
          "date": "2022-10-08",
          "time": "21:26:13",
          "terminate": "true"
        }
      ],
      "sessionPersonaSummary": {
        "speaker1": [
          "나는 20대 여성이다.",
          "나는 서울에 살고 있다.",
          "나는 직장에서 웹 개발자로 일하고 있다.",
          "나는 요즘 태블릿을 수집하고 있다.",
          "나는 레노버도 있고 샤오미 등 다양한 회사의 물건들에 관심이 있다."
        ],
        "speaker2": [
          "나는 50대 여성입니다",
          "나는 식물을 좋아해 경기도에서 전원생활한다",
          "나는 주부이고 주가에 관심이 있다",
          "나는 성격이 부정적이다",
          "나의 남편이 식물을 잘 키운다",
          "나는 태블릿에 관심이 많다"
        ]
      },
      "prevAggregatedpersonaSummary": {
        "speaker1": [],
        "speaker2": []
      }
    },
    {
      "prevSessionID": "2-00465-1",
      "prevTimeInfo": {
        "timeNum": "3",
        "timeUnit": "주"
      },
      "nthSession": "2",
      "numberOfUtterances": "14",
      "numberOfTurns": "7",
      "sessionID": "2-00465-2",
      "dialog": [
        {
          "speaker": "speaker1",
          "personaID": "21736",
          "participantID": "3084",
          "utterance": "3주가 지났습니다 오랜만이에요",
          "summary": "",
          "date": "2022-10-08",
          "time": "22:18:36",
          "terminate": "false"
        },
        {
          "speaker": "speaker2",
          "personaID": "52093",
          "participantID": "3295",
          "utterance": "네, 날도 쌀쌀해 졌는데, 잘 지내셨나요?",
          "summary": "",
          "date": "2022-10-08",
          "time": "22:33:26",
          "terminate": "false"
        },
        {
          "speaker": "speaker1",
          "personaID": "21736",
          "participantID": "3084",
          "utterance": "날씨가 쌀쌀해요 그래도 낮에는 따뜻하더라구요 캠핑하기 좋은 날씨인것 같아요",
          "summary": "",
          "date": "2022-10-08",
          "time": "23:44:29",
          "terminate": "false"
        },
        {
          "speaker": "speaker2",
          "personaID": "52093",
          "participantID": "3295",
          "utterance": "그렇네요. 캠핑가기 좋은 시기인것 같아요.",
          "summary": "나는 캠핑 가기 좋은 시기인 거 같다",
          "date": "2022-10-09",
          "time": "10:39:20",
          "terminate": "false"
        },
        {
          "speaker": "speaker1",
          "personaID": "21736",
          "participantID": "3084",
          "utterance": "3주가 지났습니다 오랜만이에요~",
          "summary": "",
          "date": "2022-10-09",
          "time": "18:01:16",
          "terminate": "false"
        },
        {
          "speaker": "speaker2",
          "personaID": "52093",
          "participantID": "3295",
          "utterance": "네, 잘 지냈어요. 그동안  연휴가 많았는데 여가는 어떻게 보내세요?",
          "summary": "",
          "date": "2022-10-09",
          "time": "23:06:13",
          "terminate": "false"
        },
        {
          "speaker": "speaker1",
          "personaID": "21736",
          "participantID": "3084",
          "utterance": "저는 캠핑 다녀왔어요 고기 구워먹고 재밌었어요~",
          "summary": "나는 캠핑에 다녀왔다.",
          "date": "2022-10-10",
          "time": "12:07:04",
          "terminate": "false"
        },
        {
          "speaker": "speaker2",
          "personaID": "52093",
          "participantID": "3295",
          "utterance": "오 즐거우셨겠어요. 요즘 캠핑장은 시설이 어떤가요?",
          "summary": "나는 캠핑장 시설이 궁금하다",
          "date": "2022-10-10",
          "time": "18:17:55",
          "terminate": "false"
        },
        {
          "speaker": "speaker1",
          "personaID": "21736",
          "participantID": "3084",
          "utterance": "요즘 캠핑 하시는 분들이 늘어서 시설이 많이 좋아졌어요~ 이전보다 깨끗해진 것 같아요!",
          "summary": "",
          "date": "2022-10-10",
          "time": "20:43:09",
          "terminate": "false"
        },
        {
          "speaker": "speaker2",
          "personaID": "52093",
          "participantID": "3295",
          "utterance": "캠핑하면 전 제일 먼저 화장실이 걱정 되요. 화장실은 깨끗한가요?",
          "summary": "나는 캠핑하면 화장실이 걱정된다.",
          "date": "2022-10-10",
          "time": "20:45:46",
          "terminate": "false"
        },
        {
          "speaker": "speaker1",
          "personaID": "21736",
          "participantID": "3084",
          "utterance": "네 화장실이 저도 큰일인데 괜찮아요 ~ 그래도 캠핑 장점이 더 많이서 재밌게 놀았어요",
          "summary": " 나는 캠핑이 장점이 많다고 생각하고 가서 재미있게 놀다 왔다.",
          "date": "2022-10-10",
          "time": "22:36:50",
          "terminate": "false"
        },
        {
          "speaker": "speaker2",
          "personaID": "52093",
          "participantID": "3295",
          "utterance": "혹시 텐트를 가져가서 설치해야 하는건가요? 텐트 치는거 너무 어렵지 않나요?",
          "summary": "나는 텐트 치는 게 궁금하다",
          "date": "2022-10-10",
          "time": "23:39:53",
          "terminate": "false"
        },
        {
          "speaker": "speaker1",
          "personaID": "21736",
          "participantID": "3084",
          "utterance": "일꾼을 데려가야죠 ㅋㅋ텐트 잘 치는 사람과 같이가요",
          "summary": "나는 캠핑에 텐트 잘 치는 사람과 같이 간다.",
          "date": "2022-10-10",
          "time": "23:42:04",
          "terminate": "false"
        },
        {
          "speaker": "speaker2",
          "personaID": "52093",
          "participantID": "3295",
          "utterance": "아, 그렇군요~ 벌써 시간이 이렇게 됐네요. 그럼 이만 가볼게요.다음에 뵈요~",
          "summary": "",
          "date": "2022-10-10",
          "time": "23:45:59",
          "terminate": "true"
        }
      ],
      "sessionPersonaSummary": {
        "speaker1": [
          "나는 캠핑에 다녀왔다.",
          "나는 캠핑이 장점이 많다고 생각하고 가서 재미있게 놀다 왔다.",
          "나는 캠핑에 텐트 잘 치는 사람과 같이 간다."
        ],
        "speaker2": [
          "나는 캠핑 가기 좋은 시기인 거 같다",
          "나는 캠핑장 시설이 궁금하다",
          "나는 캠핑하면 화장실이 걱정된다.",
          "나는 텐트 치는 게 궁금하다"
        ]
      },
      "prevAggregatedpersonaSummary": {
        "speaker1": [
          "나는 20대 여성이다.",
          "나는 서울에 살고 있다.",
          "나는 직장에서 웹 개발자로 일하고 있다.",
          "나는 요즘 태블릿을 수집하고 있다.",
          "나는 레노버도 있고 샤오미 등 다양한 회사의 물건들에 관심이 있다."
        ],
        "speaker2": [
          "나는 50대 여성입니다",
          "나는 식물을 좋아해 경기도에서 전원생활한다",
          "나는 주부이고 주가에 관심이 있다",
          "나는 성격이 부정적이다",
          "나의 남편이 식물을 잘 키운다",
          "나는 태블릿에 관심이 많다"
        ]
      }
    }
  ]
}