{
  "FileInfo": {
    "filename": "K2-00295-CL52793-CP41068-04-11-S2.json",
    "sessionLevel": "2"
  },
  "participantsInfo": {
    "numberOfParticipants": "2",
    "speaker1": {
      "participantID": "4548",
      "gender": "여성",
      "age": "50대",
      "occupation": "주부",
      "bPlace": "서울/경기/인천",
      "gPlace": "서울/경기/인천",
      "rPlace": "서울/경기/인천",
      "educationLevel": "대졸"
    },
    "speaker2": {
      "participantID": "4617",
      "gender": "남성",
      "age": "30대",
      "occupation": "사무직",
      "bPlace": "서울/경기/인천",
      "gPlace": "서울/경기/인천",
      "rPlace": "서울/경기/인천",
      "educationLevel": "대졸"
    }
  },
  "multisessionInfo": {
    "multisessionID": "2-00295"
  },
  "personaInfo": {
    "clInfo": {
      "personaID": "52793",
      "personaFeatures": [
        "나는 여자이다.",
        "나는 50대이다.",
        "나는 벤처기업 대리이다 ",
        "나는 매운 음식을 안 먹는다",
        "나는 요즘, 매일 편안하다",
        "나는 TV 예능을 가끔 본다"
      ],
      "speakerType": "speaker1"
    },
    "cpInfo": {
      "personaID": "41068",
      "personaFeatures": [
        "나는 남자이다.",
        "나는 40대이다.",
        "나는 가방 디자이너이다",
        "나의 자녀는 유학 중이다",
        "나는 음악 영화를 자주 본다"
      ],
      "speakerType": "speaker2"
    }
  },
  "topicInfo": {
    "topicID": "04-11",
    "topicType": "일과 직업>회사/아르바이트",
    "topicTitle": "야근"
  },
  "sessionInfo": [
    {
      "prevSessionID": null,
      "prevTimeInfo": {
        "timeNum": null,
        "timeUnit": null
      },
      "nthSession": "1",
      "numberOfUtterances": "14",
      "numberOfTurns": "7",
      "sessionID": "2-00295-1",
      "dialog": [
        {
          "speaker": "speaker1",
          "personaID": "52793",
          "participantID": "4548",
          "utterance": "안녕하세요 저는 50대 여성입니다",
          "summary": "나는 50대 여자다",
          "date": "2022-12-01",
          "time": "11:51:22",
          "terminate": "false"
        },
        {
          "speaker": "speaker2",
          "personaID": "41068",
          "participantID": "4617",
          "utterance": "안녕하세요 저는 40대 남자 가방 디자이너입니다",
          "summary": "나는 40대 남자이며 가방 디자이너다",
          "date": "2022-12-01",
          "time": "14:19:37",
          "terminate": "false"
        },
        {
          "speaker": "speaker1",
          "personaID": "52793",
          "participantID": "4548",
          "utterance": "멋진 직업이네요  저는 벤처 기업 대리입니다",
          "summary": "나는 벤처 기업 대리다",
          "date": "2022-12-01",
          "time": "14:59:01",
          "terminate": "false"
        },
        {
          "speaker": "speaker2",
          "personaID": "41068",
          "participantID": "4617",
          "utterance": "그러 시군요 저는 평소에 음악 영화를 자주 보는데 취미가 있으신가요?",
          "summary": "나는 평소에 음악 영화를 자주 본다",
          "date": "2022-12-01",
          "time": "15:08:09",
          "terminate": "false"
        },
        {
          "speaker": "speaker1",
          "personaID": "52793",
          "participantID": "4548",
          "utterance": "네~저는 맛집 탐방 이 취미에요 다 잘 먹는데 매운 음식은 안 먹어요",
          "summary": "나는 맛집 탐방이 취미고 매운 음식은 안 먹는다",
          "date": "2022-12-01",
          "time": "15:10:12",
          "terminate": "false"
        },
        {
          "speaker": "speaker2",
          "personaID": "41068",
          "participantID": "4617",
          "utterance": "저도 매운 음식은 별로에요 물을 많이 먹어서 물배가 차거든요",
          "summary": "나는 물을 많이 먹어. 물배가 차서 매운 음식은 안 먹는다",
          "date": "2022-12-01",
          "time": "15:12:20",
          "terminate": "false"
        },
        {
          "speaker": "speaker1",
          "personaID": "52793",
          "participantID": "4548",
          "utterance": "전 요즘 매일 편안한데 @이름@님은 어떠세요?",
          "summary": "나는 요즘 매일 편안하다",
          "date": "2022-12-01",
          "time": "15:22:00",
          "terminate": "false"
        },
        {
          "speaker": "speaker2",
          "personaID": "41068",
          "participantID": "4617",
          "utterance": "저도 요즘 나쁘지 않습니다 지금 유학 중인 저희 애가 조만간 귀국한다고 해서 설레네요",
          "summary": "나는 유학 중인 아들의 귀국으로 마음이 설렌다",
          "date": "2022-12-01",
          "time": "15:52:14",
          "terminate": "false"
        },
        {
          "speaker": "speaker1",
          "personaID": "52793",
          "participantID": "4548",
          "utterance": "아 그러시겠네요 제 아들도 캐나다 유학중이에요 아들이 보고.싶을땐 아들이 즐겨보던 TV 예능을 가끔 보며 따라 웃어요",
          "summary": "내 아들은 캐나다 유학 중이고 아들이 보고 싶을 때는 아들이 즐겨 보던 TV 예능을 가끔 본다",
          "date": "2022-12-01",
          "time": "15:54:53",
          "terminate": "false"
        },
        {
          "speaker": "speaker2",
          "personaID": "41068",
          "participantID": "4617",
          "utterance": "그러시군요 캐나다면 지금 엄청 추울거 같네요 여기보다 훨씬 춥겠죠",
          "summary": "나는 캐나다는 여기보다 훨씬 춥다고 생각한다",
          "date": "2022-12-01",
          "time": "18:13:50",
          "terminate": "false"
        },
        {
          "speaker": "speaker1",
          "personaID": "52793",
          "participantID": "4548",
          "utterance": "서부 벤쿠버에.있어 생각보다는 안춥대요 며칠전 눈이 왔다고 영상보내줬어요",
          "summary": "내 아들은 밴쿠버에 있고 며칠 전 눈이 온 영상을 보내줬다",
          "date": "2022-12-01",
          "time": "18:31:02",
          "terminate": "false"
        },
        {
          "speaker": "speaker2",
          "personaID": "41068",
          "participantID": "4617",
          "utterance": "아 티비 같은데서 보면 그쪽 동네에서 눈오는건 여기랑 스케일이 다르더라구요",
          "summary": "나는 tv에서 눈 오는 거 보고 여기랑 스케일이 다르다고 느꼈다",
          "date": "2022-12-01",
          "time": "18:35:05",
          "terminate": "false"
        },
        {
          "speaker": "speaker1",
          "personaID": "52793",
          "participantID": "4548",
          "utterance": "아무래도 도시.느낌보다는 광활한 자연이 많다보니 온통 눈세상처럼 보였어요  얘기",
          "summary": "나는 아들이 보내준 영상을 봤을 때 온통 눈 세상처럼 보였다",
          "date": "2022-12-01",
          "time": "18:49:37",
          "terminate": "false"
        },
        {
          "speaker": "speaker2",
          "personaID": "41068",
          "participantID": "4617",
          "utterance": "저도 꼭 가보고 싶네요 저는 일이 있어서 먼저 일어날게요",
          "summary": "나는 꼭 가보고 싶다.",
          "date": "2022-12-01",
          "time": "18:49:58",
          "terminate": "true"
        }
      ],
      "sessionPersonaSummary": {
        "speaker1": [
          "나는 50대 여자다",
          "나는 벤처 기업 대리다",
          "나는 맛집 탐방이 취미고 매운 음식은 안 먹는다",
          "나는 요즘 매일 편안하다",
          "내 아들은 캐나다 유학 중이고 아들이 보고 싶을 때는 아들이 즐겨 보던 TV 예능을 가끔 본다",
          "내 아들은 밴쿠버에 있고 며칠 전 눈이 온 영상을 보내줬다",
          "나는 아들이 보내준 영상을 봤을 때 온통 눈 세상처럼 보였다"
        ],
        "speaker2": [
          "나는 40대 남자이며 가방 디자이너다",
          "나는 평소에 음악 영화를 자주 본다",
          "나는 물을 많이 먹어. 물배가 차서 매운 음식은 안 먹는다",
          "나는 유학 중인 아들의 귀국으로 마음이 설렌다",
          "나는 캐나다는 여기보다 훨씬 춥다고 생각한다",
          "나는 tv에서 눈 오는 거 보고 여기랑 스케일이 다르다고 느꼈다",
          "나는 꼭 가보고 싶다."
        ]
      },
      "prevAggregatedpersonaSummary": {
        "speaker1": [],
        "speaker2": []
      }
    },
    {
      "prevSessionID": "2-00295-1",
      "prevTimeInfo": {
        "timeNum": "4",
        "timeUnit": "주"
      },
      "nthSession": "2",
      "numberOfUtterances": "14",
      "numberOfTurns": "7",
      "sessionID": "2-00295-2",
      "dialog": [
        {
          "speaker": "speaker1",
          "personaID": "52793",
          "participantID": "4548",
          "utterance": "추운데 잘 지내셨어요? 벌써 4주가 지났네요",
          "summary": "",
          "date": "2022-12-01",
          "time": "18:56:59",
          "terminate": "false"
        },
        {
          "speaker": "speaker2",
          "personaID": "41068",
          "participantID": "4617",
          "utterance": "예 너무 춥네요 저는 그 동안 일이 너무 바빴어요 어떻게 지내셨어요?",
          "summary": "나는 그동안 일이 바빴다",
          "date": "2022-12-01",
          "time": "23:04:01",
          "terminate": "false"
        },
        {
          "speaker": "speaker1",
          "personaID": "52793",
          "participantID": "4548",
          "utterance": "저도 연말이라 일이 많아서 야근도 했어요",
          "summary": "나는 연말이라 일이 많아서 야근했다",
          "date": "2022-12-01",
          "time": "23:13:41",
          "terminate": "false"
        },
        {
          "speaker": "speaker2",
          "personaID": "41068",
          "participantID": "4617",
          "utterance": "그러니까요 내년도 준비도 해야되고 늦게까지 할 수 밖에 없네요",
          "summary": "나는 내년을 준비해야 돼서 늦게 끝나게 된다",
          "date": "2022-12-02",
          "time": "08:33:31",
          "terminate": "false"
        },
        {
          "speaker": "speaker1",
          "personaID": "52793",
          "participantID": "4548",
          "utterance": " 우리 회사는 그렇지 않지만 작은 회사들은 야근도 많은데 야근수당이 없는 곳도 많다고 하더라구요",
          "summary": "내가 다니는 회사는 야근 수당이 있다",
          "date": "2022-12-02",
          "time": "08:41:58",
          "terminate": "false"
        },
        {
          "speaker": "speaker2",
          "personaID": "41068",
          "participantID": "4617",
          "utterance": "그러니까요 심한데는 저녁값도 안주는데가 있어요",
          "summary": "",
          "date": "2022-12-02",
          "time": "15:54:27",
          "terminate": "false"
        },
        {
          "speaker": "speaker1",
          "personaID": "52793",
          "participantID": "4548",
          "utterance": "우리때는 그래도 아무 말 못했는데 요즘 젊은 사람들은 당당히 요구하더라구요",
          "summary": "나 때는 회사에 당당하게 요구를 못했다",
          "date": "2022-12-02",
          "time": "17:14:32",
          "terminate": "false"
        },
        {
          "speaker": "speaker2",
          "personaID": "41068",
          "participantID": "4617",
          "utterance": "아무래도 일한 만큼 받는다기 보다는 받은 만큼 일한다는 생각이 강한거 같아요",
          "summary": "나는 사람들이 받는 만큼 일한다는 생각이 강한 거 같다",
          "date": "2022-12-02",
          "time": "17:24:09",
          "terminate": "false"
        },
        {
          "speaker": "speaker1",
          "personaID": "52793",
          "participantID": "4548",
          "utterance": "그러네요 일하고 그에 따른 합당한 대우를 받는게 맞긴하죠",
          "summary": "",
          "date": "2022-12-02",
          "time": "17:37:04",
          "terminate": "false"
        },
        {
          "speaker": "speaker2",
          "personaID": "41068",
          "participantID": "4617",
          "utterance": "사실 그렇죠 심하게 말하면 그동안 우리가 착취에 익숙해져 있었던거 같아요",
          "summary": "나는 우리가 그동안 착취에 익숙해져 있었던 거 같다",
          "date": "2022-12-02",
          "time": "18:28:29",
          "terminate": "false"
        },
        {
          "speaker": "speaker1",
          "personaID": "52793",
          "participantID": "4548",
          "utterance": "요즘 젊은 사람들은 수당을 더 준다고해도 일을 더하려고 하는거 같진않아요",
          "summary": "",
          "date": "2022-12-02",
          "time": "18:54:01",
          "terminate": "false"
        },
        {
          "speaker": "speaker2",
          "personaID": "41068",
          "participantID": "4617",
          "utterance": "그렇죠 이게 워라밸을 중시하고 있는데 그걸 채워주려면 결국 사람을 더 뽑아야되죠",
          "summary": "나는 워라벨을 중시한다",
          "date": "2022-12-03",
          "time": "11:03:32",
          "terminate": "false"
        },
        {
          "speaker": "speaker1",
          "personaID": "52793",
          "participantID": "4548",
          "utterance": "그런거보면 죽도록 일만 했던 우리 부모님이나 윗 세대는 가족들을 위해 헌신했던거같다는 생각이 드네요",
          "summary": "나는 나보다 윗 세대들이 가족들을 위해 헌신했던 거 같다는 생각이 든다",
          "date": "2022-12-03",
          "time": "11:11:02",
          "terminate": "false"
        },
        {
          "speaker": "speaker2",
          "personaID": "41068",
          "participantID": "4617",
          "utterance": "예 지금 젊은 세대들도 나중 세대들보다든 헌신적인 세대일거 같네요 저는 먼저 들어가 볼게요",
          "summary": "나는 먼저 들어간다",
          "date": "2022-12-03",
          "time": "13:23:38",
          "terminate": "true"
        }
      ],
      "sessionPersonaSummary": {
        "speaker1": [
          "나는 연말이라 일이 많아서 야근했다",
          "내가 다니는 회사는 야근 수당이 있다",
          "나 때는 회사에 당당하게 요구를 못했다",
          "나는 나보다 윗 세대들이 가족들을 위해 헌신했던 거 같다는 생각이 든다"
        ],
        "speaker2": [
          "나는 그동안 일이 바빴다",
          "나는 내년을 준비해야 돼서 늦게 끝나게 된다",
          "나는 사람들이 받는 만큼 일한다는 생각이 강한 거 같다",
          "나는 우리가 그동안 착취에 익숙해져 있었던 거 같다",
          "나는 워라벨을 중시한다",
          "나는 먼저 들어간다"
        ]
      },
      "prevAggregatedpersonaSummary": {
        "speaker1": [
          "나는 50대 여자다",
          "나는 벤처 기업 대리다",
          "나는 맛집 탐방이 취미고 매운 음식은 안 먹는다",
          "나는 요즘 매일 편안하다",
          "내 아들은 캐나다 유학 중이고 아들이 보고 싶을 때는 아들이 즐겨 보던 TV 예능을 가끔 본다",
          "내 아들은 밴쿠버에 있고 며칠 전 눈이 온 영상을 보내줬다",
          "나는 아들이 보내준 영상을 봤을 때 온통 눈 세상처럼 보였다"
        ],
        "speaker2": [
          "나는 40대 남자이며 가방 디자이너다",
          "나는 평소에 음악 영화를 자주 본다",
          "나는 물을 많이 먹어. 물배가 차서 매운 음식은 안 먹는다",
          "나는 유학 중인 아들의 귀국으로 마음이 설렌다",
          "나는 캐나다는 여기보다 훨씬 춥다고 생각한다",
          "나는 tv에서 눈 오는 거 보고 여기랑 스케일이 다르다고 느꼈다",
          "나는 꼭 가보고 싶다."
        ]
      }
    }
  ]
}