{
  "FileInfo": {
    "filename": "K2-00322-CL12406-CP26122-15-03-S2.json",
    "sessionLevel": "2"
  },
  "participantsInfo": {
    "numberOfParticipants": "2",
    "speaker1": {
      "participantID": "4346",
      "gender": "여성",
      "age": "20대",
      "occupation": "사무직",
      "bPlace": "서울/경기/인천",
      "gPlace": "서울/경기/인천",
      "rPlace": "서울/경기/인천",
      "educationLevel": "대학원졸"
    },
    "speaker2": {
      "participantID": "4335",
      "gender": "여성",
      "age": "30대",
      "occupation": "주부",
      "bPlace": "서울/경기/인천",
      "gPlace": "서울/경기/인천",
      "rPlace": "서울/경기/인천",
      "educationLevel": "대학원졸"
    }
  },
  "multisessionInfo": {
    "multisessionID": "2-00322"
  },
  "personaInfo": {
    "clInfo": {
      "personaID": "12406",
      "personaFeatures": [
        "나는 여자이다.",
        "나는 10대이다.",
        "나의 어머니는 학원 선생님이다",
        "나는 가구 디자이너가 되고 싶다",
        "나는 피자를 안 먹는다",
        "나는 생각하는 게 귀찮다"
      ],
      "speakerType": "speaker1"
    },
    "cpInfo": {
      "personaID": "26122",
      "personaFeatures": [
        "나는 여자이다.",
        "나는 20대이다.",
        "나는 비 오는 날씨를 싫어한다",
        "나는 필리핀으로 유학을 간다",
        "나는 배구를 싫어한다",
        "나는 커피를 최근에 끊었다",
        "나는 요즘, 매일 감사하다"
      ],
      "speakerType": "speaker2"
    }
  },
  "topicInfo": {
    "topicID": "15-03",
    "topicType": "시사/사회>타국가이슈(해외)",
    "topicTitle": "바이러스"
  },
  "sessionInfo": [
    {
      "prevSessionID": null,
      "prevTimeInfo": {
        "timeNum": null,
        "timeUnit": null
      },
      "nthSession": "1",
      "numberOfUtterances": "14",
      "numberOfTurns": "7",
      "sessionID": "2-00322-1",
      "dialog": [
        {
          "speaker": "speaker1",
          "personaID": "12406",
          "participantID": "4346",
          "utterance": "안녕하세요. 저는 생각하는 게 귀찮은 10대 여성이에요!",
          "summary": "나는 생각하는 게 귀찮은 10대 여성이다",
          "date": "2022-11-14",
          "time": "14:03:31",
          "terminate": "false"
        },
        {
          "speaker": "speaker2",
          "personaID": "26122",
          "participantID": "4335",
          "utterance": "안녕하세요 저는 20대 여성입니다",
          "summary": "나는 20대 여성이다.",
          "date": "2022-11-14",
          "time": "16:28:42",
          "terminate": "false"
        },
        {
          "speaker": "speaker1",
          "personaID": "12406",
          "participantID": "4346",
          "utterance": "일을 하고 계신가요? 저는 가구 디자이너가 꿈이에요.",
          "summary": "나는 가구 디자이너가 꿈이다",
          "date": "2022-11-15",
          "time": "11:10:18",
          "terminate": "false"
        },
        {
          "speaker": "speaker2",
          "personaID": "26122",
          "participantID": "4335",
          "utterance": "와우 너무 멋져요 저는 필리핀으로 유학을 가요 혹시 비오는 날씨를 싫어하시나요?",
          "summary": "나는 필리핀으로 유학을 간다.",
          "date": "2022-11-15",
          "time": "11:26:06",
          "terminate": "false"
        },
        {
          "speaker": "speaker1",
          "personaID": "12406",
          "participantID": "4346",
          "utterance": "네 저는 생각하는 것을 귀찮아해서 비오는날에 우산가지러다니는게 싫어요. 점심은 드셨어요? 저는 피자를 안먹어요.",
          "summary": "나는 피자를 안 먹는다",
          "date": "2022-11-16",
          "time": "11:40:00",
          "terminate": "false"
        },
        {
          "speaker": "speaker2",
          "personaID": "26122",
          "participantID": "4335",
          "utterance": "저도 비오는 날씨를 싫어해서 여쭤봤어요. 커피 좋아하시나요?",
          "summary": "나는 비 오는 날씨를 싫어한다.",
          "date": "2022-11-16",
          "time": "16:22:54",
          "terminate": "false"
        },
        {
          "speaker": "speaker1",
          "personaID": "12406",
          "participantID": "4346",
          "utterance": "커피는 너무 써서 좋아하는 편은 아니에요. 저희 엄마는 학원 선생님이신데 커피를 엄청 즐겨드세요. 커피 좋아하세요?",
          "summary": "나는 커피가 써서 좋아하는 편이 아니다. 나의 어머니는 학원 선생님이다.",
          "date": "2022-11-17",
          "time": "10:46:07",
          "terminate": "false"
        },
        {
          "speaker": "speaker2",
          "personaID": "26122",
          "participantID": "4335",
          "utterance": "그렇군요 저는 커피를 좋아하는데 최근에 끊었어요 혹시 싫어하시는 운동이 있나요?",
          "summary": "나는 커피를 좋아하지만 최근에 끊었다.",
          "date": "2022-11-17",
          "time": "11:04:23",
          "terminate": "false"
        },
        {
          "speaker": "speaker1",
          "personaID": "12406",
          "participantID": "4346",
          "utterance": "저는 달리기는 힘든 것 같아요. 운동좋아하시나요?",
          "summary": "나는 달리기가 힘들다",
          "date": "2022-11-18",
          "time": "12:25:09",
          "terminate": "false"
        },
        {
          "speaker": "speaker2",
          "personaID": "26122",
          "participantID": "4335",
          "utterance": "저는 배구를 싫어해요 요즘은 어떻게 지내시나요?",
          "summary": "나는 배구를 싫어한다",
          "date": "2022-11-18",
          "time": "16:49:40",
          "terminate": "false"
        },
        {
          "speaker": "speaker1",
          "personaID": "12406",
          "participantID": "4346",
          "utterance": "저는 오늘 엄마 학원에 가서 청소를 돕기로 했어요! 날이 좋아 환기도 하구요.",
          "summary": "나는 오늘 엄마 학원에 가서 청소를 돕기로 했다",
          "date": "2022-11-19",
          "time": "13:51:05",
          "terminate": "false"
        },
        {
          "speaker": "speaker2",
          "personaID": "26122",
          "participantID": "4335",
          "utterance": "학원 청소도 도와드리고 효녀시네요",
          "summary": ".-",
          "date": "2022-11-19",
          "time": "16:12:53",
          "terminate": "false"
        },
        {
          "speaker": "speaker1",
          "personaID": "12406",
          "participantID": "4346",
          "utterance": "감사합니다. 혹시 청소 좋아하세요?",
          "summary": "",
          "date": "2022-11-20",
          "time": "19:29:15",
          "terminate": "false"
        },
        {
          "speaker": "speaker2",
          "personaID": "26122",
          "participantID": "4335",
          "utterance": "저도 청소를 좋아해요 죄송하지만 오늘은 이만하고 들어갈께요",
          "summary": "나는 청소를 좋아한다.",
          "date": "2022-11-21",
          "time": "00:14:03",
          "terminate": "true"
        }
      ],
      "sessionPersonaSummary": {
        "speaker1": [
          "나는 생각하는 게 귀찮은 10대 여성이다",
          "나는 가구 디자이너가 꿈이다",
          "나는 피자를 안 먹는다",
          "나는 커피가 써서 좋아하는 편이 아니다. 나의 어머니는 학원 선생님이다.",
          "나는 달리기가 힘들다",
          "나는 오늘 엄마 학원에 가서 청소를 돕기로 했다"
        ],
        "speaker2": [
          "나는 20대 여성이다.",
          "나는 필리핀으로 유학을 간다.",
          "나는 비 오는 날씨를 싫어한다.",
          "나는 커피를 좋아하지만 최근에 끊었다.",
          "나는 배구를 싫어한다",
          ".-",
          "나는 청소를 좋아한다."
        ]
      },
      "prevAggregatedpersonaSummary": {
        "speaker1": [],
        "speaker2": []
      }
    },
    {
      "prevSessionID": "2-00322-1",
      "prevTimeInfo": {
        "timeNum": "5",
        "timeUnit": "일"
      },
      "nthSession": "2",
      "numberOfUtterances": "14",
      "numberOfTurns": "7",
      "sessionID": "2-00322-2",
      "dialog": [
        {
          "speaker": "speaker1",
          "personaID": "12406",
          "participantID": "4346",
          "utterance": "5일만이네요. 잘 지내셨었나요?",
          "summary": "",
          "date": "2022-11-22",
          "time": "12:37:06",
          "terminate": "false"
        },
        {
          "speaker": "speaker2",
          "personaID": "26122",
          "participantID": "4335",
          "utterance": "네 저는 잘 지냈어요 어떻게 지내셨나요?",
          "summary": "",
          "date": "2022-11-22",
          "time": "16:50:55",
          "terminate": "false"
        },
        {
          "speaker": "speaker1",
          "personaID": "12406",
          "participantID": "4346",
          "utterance": "저는 감기 때문에 고생중이에요. 요즘 독감 바이러스가 유행한대요...",
          "summary": "나는 감기 때문에 고생 중이다",
          "date": "2022-11-22",
          "time": "16:51:24",
          "terminate": "false"
        },
        {
          "speaker": "speaker2",
          "personaID": "26122",
          "participantID": "4335",
          "utterance": "네 제 친구는 근래 독감걸려서 무척이나 힘들어했어요",
          "summary": "내 주변 친구는 최근 독감에 걸려 매우 힘들어했다.",
          "date": "2022-11-22",
          "time": "16:52:11",
          "terminate": "false"
        },
        {
          "speaker": "speaker1",
          "personaID": "12406",
          "participantID": "4346",
          "utterance": "독감 예방 주사를 이럴줄 알았으면 미리 맞아두는 건데 후회가 되네요...",
          "summary": "나는 독감 예방 주사를 미리 맞아두지 않은 것을 후회한다",
          "date": "2022-11-22",
          "time": "16:52:34",
          "terminate": "false"
        },
        {
          "speaker": "speaker2",
          "personaID": "26122",
          "participantID": "4335",
          "utterance": "독감주사를 맞아야 하는 그때 맞아야 효과가 있다고는 하더라구요",
          "summary": "독감주사는 맞을 때 맞아야 효과가 있다고 한다.",
          "date": "2022-11-22",
          "time": "16:55:03",
          "terminate": "false"
        },
        {
          "speaker": "speaker1",
          "personaID": "12406",
          "participantID": "4346",
          "utterance": "맞아요. 바이러스는 언제 침투할지 모르니까요... 혹시 개인적으로 위생은 어떻게 챙기시는 편이세요?",
          "summary": "",
          "date": "2022-11-22",
          "time": "16:56:16",
          "terminate": "false"
        },
        {
          "speaker": "speaker2",
          "personaID": "26122",
          "participantID": "4335",
          "utterance": "글쎄요 제일 신경쓰는 것은 손씻는 거예요 그리고 소독제 뿌리는거요",
          "summary": "나는 개인적으로 손 씻기와 소독제 뿌리기로 위생을 챙긴다.",
          "date": "2022-11-22",
          "time": "16:57:21",
          "terminate": "false"
        },
        {
          "speaker": "speaker1",
          "personaID": "12406",
          "participantID": "4346",
          "utterance": "맞아요. 손에서 바이러스가 많이 옮겨간다고들 하죠. 저도 위생을 위해 개인적으로 실내에서도 마스크를 벗지 않는 편이에요.",
          "summary": "나는 위생을 위해 실내에서도 마스크를 벗지 않는 편이다",
          "date": "2022-11-22",
          "time": "16:59:43",
          "terminate": "false"
        },
        {
          "speaker": "speaker2",
          "personaID": "26122",
          "participantID": "4335",
          "utterance": "저도요 될 수 있으면 마스크를 벗지 않으려고 해요",
          "summary": "나는 실내에서도 되도록 마스크를 벗지 않으려 한다.",
          "date": "2022-11-22",
          "time": "17:00:58",
          "terminate": "false"
        },
        {
          "speaker": "speaker1",
          "personaID": "12406",
          "participantID": "4346",
          "utterance": "마스크를 쓰지 않을때와 정말 천지차이로 세상이 바뀐 것 같아요. 저는 하필 카페에서 음료를 마시다가 옆자리에 앉은 친구가 독감에 걸린 것을 옮아왔어요...",
          "summary": "나는 마스크를 쓰지 않을 때와는 천지차이로 세상이 바뀐 것 같다",
          "date": "2022-11-22",
          "time": "17:02:22",
          "terminate": "false"
        },
        {
          "speaker": "speaker2",
          "personaID": "26122",
          "participantID": "4335",
          "utterance": "네 정말 마스크를 잘 쓰는 방법 밖에 없는 것 같아요",
          "summary": "",
          "date": "2022-11-22",
          "time": "17:04:05",
          "terminate": "false"
        },
        {
          "speaker": "speaker1",
          "personaID": "12406",
          "participantID": "4346",
          "utterance": "바이러스라는 말만 들어도 정말 기겁을 하게 돼요. 독감, 코로나 등 해로운 것 밖에 없네요.",
          "summary": "나는 바이러스라는 말만 들어도 기겁을 하게 된다",
          "date": "2022-11-22",
          "time": "17:05:10",
          "terminate": "false"
        },
        {
          "speaker": "speaker2",
          "personaID": "26122",
          "participantID": "4335",
          "utterance": "그러니까요 불안함으로 사는 기분이예요 건강 잘 챙기시고 오늘은 이만 들어갈께요",
          "summary": "",
          "date": "2022-11-22",
          "time": "17:05:44",
          "terminate": "true"
        }
      ],
      "sessionPersonaSummary": {
        "speaker1": [
          "나는 감기 때문에 고생 중이다",
          "나는 독감 예방 주사를 미리 맞아두지 않은 것을 후회한다",
          "나는 위생을 위해 실내에서도 마스크를 벗지 않는 편이다",
          "나는 마스크를 쓰지 않을 때와는 천지차이로 세상이 바뀐 것 같다",
          "나는 바이러스라는 말만 들어도 기겁을 하게 된다"
        ],
        "speaker2": [
          "내 주변 친구는 최근 독감에 걸려 매우 힘들어했다.",
          "독감주사는 맞을 때 맞아야 효과가 있다고 한다.",
          "나는 개인적으로 손 씻기와 소독제 뿌리기로 위생을 챙긴다.",
          "나는 실내에서도 되도록 마스크를 벗지 않으려 한다."
        ]
      },
      "prevAggregatedpersonaSummary": {
        "speaker1": [
          "나는 생각하는 게 귀찮은 10대 여성이다",
          "나는 가구 디자이너가 꿈이다",
          "나는 피자를 안 먹는다",
          "나는 커피가 써서 좋아하는 편이 아니다. 나의 어머니는 학원 선생님이다.",
          "나는 달리기가 힘들다",
          "나는 오늘 엄마 학원에 가서 청소를 돕기로 했다"
        ],
        "speaker2": [
          "나는 20대 여성이다.",
          "나는 필리핀으로 유학을 간다.",
          "나는 비 오는 날씨를 싫어한다.",
          "나는 커피를 좋아하지만 최근에 끊었다.",
          "나는 배구를 싫어한다",
          ".-",
          "나는 청소를 좋아한다."
        ]
      }
    }
  ]
}