{
  "FileInfo": {
    "filename": "K3-00466-CL31773-CP41056-14-03-S3.json",
    "sessionLevel": "3"
  },
  "participantsInfo": {
    "numberOfParticipants": "2",
    "speaker1": {
      "participantID": "7760",
      "gender": "여성",
      "age": "20대",
      "occupation": "학생",
      "bPlace": "서울/경기/인천",
      "gPlace": "서울/경기/인천",
      "rPlace": "서울/경기/인천",
      "educationLevel": "고졸"
    },
    "speaker2": {
      "participantID": "3971",
      "gender": "남성",
      "age": "30대",
      "occupation": "서비스직",
      "bPlace": "서울/경기/인천",
      "gPlace": "서울/경기/인천",
      "rPlace": "서울/경기/인천",
      "educationLevel": "고졸"
    }
  },
  "multisessionInfo": {
    "multisessionID": "3-00466"
  },
  "personaInfo": {
    "clInfo": {
      "personaID": "31773",
      "personaFeatures": [
        "나는 여자이다.",
        "나는 30대이다.",
        "나는 헤드헌터이다",
        "나는 힐링 여행을 가끔 간다",
        "나는 수필을 좋아한다"
      ],
      "speakerType": "speaker1"
    },
    "cpInfo": {
      "personaID": "41056",
      "personaFeatures": [
        "나는 남자이다.",
        "나는 40대이다.",
        "나는 한의사이다",
        "나는 시를 가끔 읽는다",
        "나는 맥주를 좋아한다"
      ],
      "speakerType": "speaker2"
    }
  },
  "topicInfo": {
    "topicID": "14-03",
    "topicType": "시사/사회>사회이슈(국내)",
    "topicTitle": "사건 및 사고"
  },
  "sessionInfo": [
    {
      "prevSessionID": null,
      "prevTimeInfo": {
        "timeNum": null,
        "timeUnit": null
      },
      "nthSession": "1",
      "numberOfUtterances": "14",
      "numberOfTurns": "7",
      "sessionID": "3-00466-1",
      "dialog": [
        {
          "speaker": "speaker1",
          "personaID": "31773",
          "participantID": "7760",
          "utterance": "반가워요. 저는 30대 여성입니다.",
          "summary": "나는 30대 여성이다.",
          "date": "2022-10-27",
          "time": "14:21:27",
          "terminate": "false"
        },
        {
          "speaker": "speaker2",
          "personaID": "41056",
          "participantID": "3971",
          "utterance": "반갑습니다. 저는 40대 남성입니다.",
          "summary": "나는 40대 남성이다.",
          "date": "2022-10-27",
          "time": "14:21:56",
          "terminate": "false"
        },
        {
          "speaker": "speaker1",
          "personaID": "31773",
          "participantID": "7760",
          "utterance": "반가워요. 저는 헤드헌터로 일하고 있습니다.",
          "summary": "나의 직업은 헤드헌터이다.",
          "date": "2022-10-27",
          "time": "14:22:14",
          "terminate": "false"
        },
        {
          "speaker": "speaker2",
          "personaID": "41056",
          "participantID": "3971",
          "utterance": "저는 한의사 일을하고 있습니다.",
          "summary": "나는 한의사이다.",
          "date": "2022-10-27",
          "time": "14:22:37",
          "terminate": "false"
        },
        {
          "speaker": "speaker1",
          "personaID": "31773",
          "participantID": "7760",
          "utterance": "한의사이시군요. 아픈 사람들을 매일 보시겠어요.",
          "summary": "",
          "date": "2022-10-27",
          "time": "14:23:28",
          "terminate": "false"
        },
        {
          "speaker": "speaker2",
          "personaID": "41056",
          "participantID": "3971",
          "utterance": "네 환자를 돌보는건 어려운 일이에요. 헤드헌터는 무슨일을 하나요?",
          "summary": "",
          "date": "2022-10-27",
          "time": "14:24:12",
          "terminate": "false"
        },
        {
          "speaker": "speaker1",
          "personaID": "31773",
          "participantID": "7760",
          "utterance": "사람들을 뽑거나 찾는 일을 해요. 인사팀과 비슷하네요.",
          "summary": "나는 사람들을 채용하는 일을 한다.",
          "date": "2022-10-27",
          "time": "14:24:40",
          "terminate": "false"
        },
        {
          "speaker": "speaker2",
          "personaID": "41056",
          "participantID": "3971",
          "utterance": "사람을 뽑는 기준은 무엇인가요?",
          "summary": "",
          "date": "2022-10-27",
          "time": "14:25:30",
          "terminate": "false"
        },
        {
          "speaker": "speaker1",
          "personaID": "31773",
          "participantID": "7760",
          "utterance": "사람들의 눈빛과 자세를 보는 것 같아요. 저는 종종 힐링 여행을 가는데, @이름@님은 여행 좋아하시나요?",
          "summary": "나는 일을 할 때 사람들의 눈빛과 자세를 본다. 나는 종종 힐링을 위해 여행을 간다.",
          "date": "2022-10-27",
          "time": "14:26:32",
          "terminate": "false"
        },
        {
          "speaker": "speaker2",
          "personaID": "41056",
          "participantID": "3971",
          "utterance": "네  여행 좋아해요. 종종 해외여행도 다니고 있어요",
          "summary": "나는 여행 좋아한다. 나는 종종 해외여행을 다니고 있다.",
          "date": "2022-10-27",
          "time": "14:27:17",
          "terminate": "false"
        },
        {
          "speaker": "speaker1",
          "personaID": "31773",
          "participantID": "7760",
          "utterance": "저도 힐링 여행을 좋아해서 종종 가거든요.",
          "summary": "",
          "date": "2022-10-27",
          "time": "14:34:13",
          "terminate": "false"
        },
        {
          "speaker": "speaker2",
          "personaID": "41056",
          "participantID": "3971",
          "utterance": "다녀온곳중에 가장 좋았던 여행지는 어디인가요?",
          "summary": "",
          "date": "2022-10-27",
          "time": "14:38:29",
          "terminate": "false"
        },
        {
          "speaker": "speaker1",
          "personaID": "31773",
          "participantID": "7760",
          "utterance": "단양이요! 수필을 좋아해서 수필을 챙겨가서 읽었어요.",
          "summary": "나는 단양 여행이 기억에 남는다. 나는 수필 읽는 것을 좋아한다.",
          "date": "2022-10-27",
          "time": "14:41:44",
          "terminate": "false"
        },
        {
          "speaker": "speaker2",
          "personaID": "41056",
          "participantID": "3971",
          "utterance": "저는 시를 가끔 읽어요. 저는 맥주를 좋아해서 일본여행이 좋았습니다.",
          "summary": "나는 맥주를 좋아한다. 나는 시를 가끔 읽는다.",
          "date": "2022-10-27",
          "time": "14:43:22",
          "terminate": "true"
        }
      ],
      "sessionPersonaSummary": {
        "speaker1": [
          "나는 30대 여성이다.",
          "나의 직업은 헤드헌터이다.",
          "나는 사람들을 채용하는 일을 한다.",
          "나는 일을 할 때 사람들의 눈빛과 자세를 본다.",
          "나는 종종 힐링을 위해 여행을 간다.",
          "나는 단양 여행이 기억에 남는다. 나는 수필 읽는 것을 좋아한다."
        ],
        "speaker2": [
          "나는 40대 남성이다.",
          "나는 한의사이다.",
          "나는 여행 좋아한다. 나는 종종 해외여행을 다니고 있다.",
          "나는 맥주를 좋아한다. 나는 시를 가끔 읽는다."
        ]
      },
      "prevAggregatedpersonaSummary": {
        "speaker1": [],
        "speaker2": []
      }
    },
    {
      "prevSessionID": "3-00466-1",
      "prevTimeInfo": {
        "timeNum": "7",
        "timeUnit": "일"
      },
      "nthSession": "2",
      "numberOfUtterances": "14",
      "numberOfTurns": "7",
      "sessionID": "3-00466-2",
      "dialog": [
        {
          "speaker": "speaker1",
          "personaID": "31773",
          "participantID": "7760",
          "utterance": "일주일 만의 대화네요! 어떻게 지내셨어요?한의사셔서 진료 보느라 바쁘신가요?",
          "summary": "",
          "date": "2022-10-27",
          "time": "20:17:12",
          "terminate": "false"
        },
        {
          "speaker": "speaker2",
          "personaID": "41056",
          "participantID": "3971",
          "utterance": "아무탈 없이 잘 지내고 있습니다. 어떻게 지내셨나요?",
          "summary": "나는 아무 탈 없이 잘 지낸다.",
          "date": "2022-10-28",
          "time": "14:12:38",
          "terminate": "false"
        },
        {
          "speaker": "speaker1",
          "personaID": "31773",
          "participantID": "7760",
          "utterance": "저는 간식을 먹으며 집에서 뒹굴뒹굴 하고 있어요.",
          "summary": "나는 간식 먹으며 집에서 쉬고 있다.",
          "date": "2022-10-28",
          "time": "17:58:08",
          "terminate": "false"
        },
        {
          "speaker": "speaker2",
          "personaID": "41056",
          "participantID": "3971",
          "utterance": "그러셨군요. 저도 그러고 싶네요",
          "summary": "",
          "date": "2022-10-31",
          "time": "15:20:24",
          "terminate": "false"
        },
        {
          "speaker": "speaker1",
          "personaID": "31773",
          "participantID": "7760",
          "utterance": "뉴스 보셨어요?  이태원에서 큰 사고가 났더라구요. 마음이 너무 좋지 않아요.",
          "summary": "나는 이태원에서 일어난 사고 때문에 마음이 좋지 않다.",
          "date": "2022-10-31",
          "time": "20:20:10",
          "terminate": "false"
        },
        {
          "speaker": "speaker2",
          "personaID": "41056",
          "participantID": "3971",
          "utterance": "네 뉴스 봤어요. 너무 참담하네요 맥주를 좋아해서 이태원 자주 가는데 거기서 그런일이 생길줄은...",
          "summary": "나는 맥주를 좋아한다.",
          "date": "2022-11-01",
          "time": "11:04:02",
          "terminate": "false"
        },
        {
          "speaker": "speaker1",
          "personaID": "31773",
          "participantID": "7760",
          "utterance": "저도 예전에는 이태원에서 할로윈을 즐긴 적이 있어서 너무 충격이고 속상했어요.ㅠㅠ",
          "summary": "나는 과거에 이태원 핼러윈을 즐긴 적 있다.",
          "date": "2022-11-01",
          "time": "13:02:58",
          "terminate": "false"
        },
        {
          "speaker": "speaker2",
          "personaID": "41056",
          "participantID": "3971",
          "utterance": "네 뉴스나 SNS로 봤지만, 악몽이란 단어가 현실이 된 것 같네요",
          "summary": "",
          "date": "2022-11-01",
          "time": "15:09:51",
          "terminate": "false"
        },
        {
          "speaker": "speaker1",
          "personaID": "31773",
          "participantID": "7760",
          "utterance": "너무 속상하고 무서울 따름이에요... 안전한 게 세상에서 제일 중요한 것 같아요.",
          "summary": "나는 너무 속상하고 무섭다. 안전이 중요한 것 같다.",
          "date": "2022-11-01",
          "time": "15:28:33",
          "terminate": "false"
        },
        {
          "speaker": "speaker2",
          "personaID": "41056",
          "participantID": "3971",
          "utterance": "맞아요. 언제 어디서든 사고가 날 수 있으니. 항상 안전에 유의해야 되는 것 같아요.",
          "summary": "",
          "date": "2022-11-01",
          "time": "15:31:16",
          "terminate": "false"
        },
        {
          "speaker": "speaker1",
          "personaID": "31773",
          "participantID": "7760",
          "utterance": "맞아요. 이번엔 희생자가 너무 많아서 더 슬프네요.",
          "summary": "나는 이태원 사건의 희생자가 많아 슬프다.",
          "date": "2022-11-01",
          "time": "16:02:55",
          "terminate": "false"
        },
        {
          "speaker": "speaker2",
          "personaID": "41056",
          "participantID": "3971",
          "utterance": "네 뉴스에서는 하루종일 이태원과 북한 이야기 뿐이네요",
          "summary": "",
          "date": "2022-11-02",
          "time": "15:35:24",
          "terminate": "false"
        },
        {
          "speaker": "speaker1",
          "personaID": "31773",
          "participantID": "7760",
          "utterance": "그럴 만도 해요. 너무 무서운 사고였어요.",
          "summary": "",
          "date": "2022-11-02",
          "time": "15:36:01",
          "terminate": "false"
        },
        {
          "speaker": "speaker2",
          "personaID": "41056",
          "participantID": "3971",
          "utterance": "이제그만 가봐야 할거 같아요. 다음에 다시 연락해요",
          "summary": "",
          "date": "2022-11-02",
          "time": "15:37:56",
          "terminate": "true"
        }
      ],
      "sessionPersonaSummary": {
        "speaker1": [
          "나는 간식 먹으며 집에서 쉬고 있다.",
          "나는 이태원에서 일어난 사고 때문에 마음이 좋지 않다.",
          "나는 과거에 이태원 핼러윈을 즐긴 적 있다.",
          "나는 너무 속상하고 무섭다. 안전이 중요한 것 같다.",
          "나는 이태원 사건의 희생자가 많아 슬프다."
        ],
        "speaker2": [
          "나는 아무 탈 없이 잘 지낸다.",
          "나는 맥주를 좋아한다."
        ]
      },
      "prevAggregatedpersonaSummary": {
        "speaker1": [
          "나는 30대 여성이다.",
          "나의 직업은 헤드헌터이다.",
          "나는 사람들을 채용하는 일을 한다.",
          "나는 일을 할 때 사람들의 눈빛과 자세를 본다.",
          "나는 종종 힐링을 위해 여행을 간다.",
          "나는 단양 여행이 기억에 남는다. 나는 수필 읽는 것을 좋아한다."
        ],
        "speaker2": [
          "나는 40대 남성이다.",
          "나는 한의사이다.",
          "나는 여행 좋아한다. 나는 종종 해외여행을 다니고 있다.",
          "나는 맥주를 좋아한다. 나는 시를 가끔 읽는다."
        ]
      }
    },
    {
      "prevSessionID": "3-00466-2",
      "prevTimeInfo": {
        "timeNum": "2",
        "timeUnit": "주"
      },
      "nthSession": "3",
      "numberOfUtterances": "14",
      "numberOfTurns": "7",
      "sessionID": "3-00466-3",
      "dialog": [
        {
          "speaker": "speaker1",
          "personaID": "31773",
          "participantID": "7760",
          "utterance": "2주만의 대화네요! 잘 지내셨어요?",
          "summary": "",
          "date": "2022-11-02",
          "time": "16:12:36",
          "terminate": "false"
        },
        {
          "speaker": "speaker2",
          "personaID": "41056",
          "participantID": "3971",
          "utterance": "오랜만이네요! 네 저는 잘 지냈어요. 어떻게 지내셨나요?",
          "summary": "나는 잘 지냈다.",
          "date": "2022-11-02",
          "time": "16:15:17",
          "terminate": "false"
        },
        {
          "speaker": "speaker1",
          "personaID": "31773",
          "participantID": "7760",
          "utterance": "저는 최근에 마음이 많이 힘들어서 죽겠어요.",
          "summary": "나는 마음이 힘들다",
          "date": "2022-11-02",
          "time": "16:17:30",
          "terminate": "false"
        },
        {
          "speaker": "speaker2",
          "personaID": "41056",
          "participantID": "3971",
          "utterance": "어떤일 때문에 마음이 힘드신가요?",
          "summary": "",
          "date": "2022-11-02",
          "time": "16:17:49",
          "terminate": "false"
        },
        {
          "speaker": "speaker1",
          "personaID": "31773",
          "participantID": "7760",
          "utterance": "최근에 이태원에서 난 대형 참사때문에 마음이 너무 힘드네요...",
          "summary": "나는 이태원 사건이 마음 아프다",
          "date": "2022-11-02",
          "time": "16:21:12",
          "terminate": "false"
        },
        {
          "speaker": "speaker2",
          "personaID": "41056",
          "participantID": "3971",
          "utterance": "그러니까요. 정말 안타까운 일이에요 본격적으로 사건 조사가 이뤄지고 있는 것 같아요",
          "summary": "",
          "date": "2022-11-02",
          "time": "16:23:03",
          "terminate": "false"
        },
        {
          "speaker": "speaker1",
          "personaID": "31773",
          "participantID": "7760",
          "utterance": "도대체 왜 그런 비극이 벌어진건지 너무 속상하네요...",
          "summary": "나는 속상하다",
          "date": "2022-11-02",
          "time": "16:25:18",
          "terminate": "false"
        },
        {
          "speaker": "speaker2",
          "personaID": "41056",
          "participantID": "3971",
          "utterance": "희생자들의 명복을 빌어줘야죠. 오늘 울릉도에 공습경보 울린건 알고계신가요?",
          "summary": "",
          "date": "2022-11-02",
          "time": "16:26:51",
          "terminate": "false"
        },
        {
          "speaker": "speaker1",
          "personaID": "31773",
          "participantID": "7760",
          "utterance": "울릉도에 공습경보가 울렸나요?! 무슨 일로요?!",
          "summary": "",
          "date": "2022-11-02",
          "time": "19:52:40",
          "terminate": "false"
        },
        {
          "speaker": "speaker2",
          "personaID": "41056",
          "participantID": "3971",
          "utterance": "북한에서 미사일을 처음으로 동해상으로 발사해서 공습경보가 울렸더라고요",
          "summary": "",
          "date": "2022-11-07",
          "time": "16:36:55",
          "terminate": "false"
        },
        {
          "speaker": "speaker1",
          "personaID": "31773",
          "participantID": "7760",
          "utterance": "너무 끔찍한 소식이네요.. 이러다 정말 전쟁이 나면 어쩌죠?",
          "summary": "",
          "date": "2022-11-07",
          "time": "21:26:55",
          "terminate": "false"
        },
        {
          "speaker": "speaker2",
          "personaID": "41056",
          "participantID": "3971",
          "utterance": "불안해서 매일 북한관련 뉴스를 찾아보고 있어요. 생존 키트라도 사둬야 할까봐요",
          "summary": "나는 불안해서 매일 북한 관련 뉴스를 찾아보고 있다.",
          "date": "2022-11-08",
          "time": "14:52:15",
          "terminate": "false"
        },
        {
          "speaker": "speaker1",
          "personaID": "31773",
          "participantID": "7760",
          "utterance": "진짜 그런 거 사둬야할까봐요 전쟁이 날까 불안하네요ㅠㅠ",
          "summary": "나는 전쟁이 날까 봐 불안하다",
          "date": "2022-11-08",
          "time": "14:57:19",
          "terminate": "false"
        },
        {
          "speaker": "speaker2",
          "personaID": "41056",
          "participantID": "3971",
          "utterance": "네 항상 대비를 해야해요. 저는 이만 가봐야 할 것 같아요",
          "summary": "",
          "date": "2022-11-08",
          "time": "14:59:52",
          "terminate": "true"
        }
      ],
      "sessionPersonaSummary": {
        "speaker1": [
          "나는 마음이 힘들다",
          "나는 이태원 사건이 마음 아프다",
          "나는 속상하다",
          "나는 전쟁이 날까 봐 불안하다"
        ],
        "speaker2": [
          "나는 잘 지냈다.",
          "나는 불안해서 매일 북한 관련 뉴스를 찾아보고 있다."
        ]
      },
      "prevAggregatedpersonaSummary": {
        "speaker1": [
          "나는 30대 여성이다.",
          "나의 직업은 헤드헌터이다.",
          "나는 사람들을 채용하는 일을 한다.",
          "나는 일을 할 때 사람들의 눈빛과 자세를 본다.",
          "나는 종종 힐링을 위해 여행을 간다.",
          "나는 단양 여행이 기억에 남는다. 나는 수필 읽는 것을 좋아한다.",
          "나는 간식 먹으며 집에서 쉬고 있다.",
          "나는 이태원에서 일어난 사고 때문에 마음이 좋지 않다.",
          "나는 과거에 이태원 핼러윈을 즐긴 적 있다.",
          "나는 너무 속상하고 무섭다. 안전이 중요한 것 같다.",
          "나는 이태원 사건의 희생자가 많아 슬프다."
        ],
        "speaker2": [
          "나는 40대 남성이다.",
          "나는 한의사이다.",
          "나는 여행 좋아한다. 나는 종종 해외여행을 다니고 있다.",
          "나는 맥주를 좋아한다. 나는 시를 가끔 읽는다.",
          "나는 아무 탈 없이 잘 지낸다.",
          "나는 맥주를 좋아한다."
        ]
      }
    }
  ]
}