{
  "FileInfo": {
    "filename": "K3-00445-CL51179-CP40587-14-01-S3.json",
    "sessionLevel": "3"
  },
  "participantsInfo": {
    "numberOfParticipants": "2",
    "speaker1": {
      "participantID": "1081",
      "gender": "여성",
      "age": "50대",
      "occupation": "주부",
      "bPlace": "서울/경기/인천",
      "gPlace": "서울/경기/인천",
      "rPlace": "서울/경기/인천",
      "educationLevel": "고졸"
    },
    "speaker2": {
      "participantID": "1014",
      "gender": "남성",
      "age": "40대",
      "occupation": "무직",
      "bPlace": "부산/대구/울산/경상",
      "gPlace": "부산/대구/울산/경상",
      "rPlace": "부산/대구/울산/경상",
      "educationLevel": "중졸"
    }
  },
  "multisessionInfo": {
    "multisessionID": "3-00445"
  },
  "personaInfo": {
    "clInfo": {
      "personaID": "51179",
      "personaFeatures": [
        "나는 여자이다.",
        "나는 50대이다.",
        "나는 요즘, 매일 편안하다.",
        "나는 주말에 공원에 간다.",
        "나는 하얀색을 싫어한다."
      ],
      "speakerType": "speaker1"
    },
    "cpInfo": {
      "personaID": "40587",
      "personaFeatures": [
        "나는 남자이다.",
        "나는 40대이다.",
        "나는 요즘, 매일 슬프다.",
        "나는 요가를 좋아한다.",
        "나는 짠 음식을 좋아한다."
      ],
      "speakerType": "speaker2"
    }
  },
  "topicInfo": {
    "topicID": "14-01",
    "topicType": "시사/사회>사회이슈(국내)",
    "topicTitle": "물가"
  },
  "sessionInfo": [
    {
      "prevSessionID": null,
      "prevTimeInfo": {
        "timeNum": null,
        "timeUnit": null
      },
      "nthSession": "1",
      "numberOfUtterances": "14",
      "numberOfTurns": "7",
      "sessionID": "3-00445-1",
      "dialog": [
        {
          "speaker": "speaker1",
          "personaID": "51179",
          "participantID": "1081",
          "utterance": "안녕하세요 저는 50대 여자입니다.",
          "summary": "나는 50대 여자이다.",
          "date": "2022-10-31",
          "time": "19:32:15",
          "terminate": "false"
        },
        {
          "speaker": "speaker2",
          "personaID": "40587",
          "participantID": "1014",
          "utterance": "반갑습니다. 저는 40대 남자입니다. 잘부탁드립니다^^",
          "summary": "나는 40대 남자이다.",
          "date": "2022-10-31",
          "time": "19:32:29",
          "terminate": "false"
        },
        {
          "speaker": "speaker1",
          "personaID": "51179",
          "participantID": "1081",
          "utterance": "반가워요! 하시는 일이 있느세요?",
          "summary": "",
          "date": "2022-10-31",
          "time": "19:32:41",
          "terminate": "false"
        },
        {
          "speaker": "speaker2",
          "personaID": "40587",
          "participantID": "1014",
          "utterance": "저는 대기업에 다니고 있는데 요즘 매일 슬프네요.",
          "summary": "나는 요즘, 매일 슬프다. 나는 대기업에 다니고 있다.",
          "date": "2022-10-31",
          "time": "19:32:54",
          "terminate": "false"
        },
        {
          "speaker": "speaker1",
          "personaID": "51179",
          "participantID": "1081",
          "utterance": "왜요? 회사에서 무슨일 있으세요?",
          "summary": "",
          "date": "2022-10-31",
          "time": "19:33:04",
          "terminate": "false"
        },
        {
          "speaker": "speaker2",
          "personaID": "40587",
          "participantID": "1014",
          "utterance": "네... 회사가 어려워서 월급을 감봉한다하는데... 좀 와이프 눈치가 보이네요!",
          "summary": "",
          "date": "2022-10-31",
          "time": "19:33:37",
          "terminate": "false"
        },
        {
          "speaker": "speaker1",
          "personaID": "51179",
          "participantID": "1081",
          "utterance": "이런... 큰일이네요. 그럼 어떡하시나요?",
          "summary": "",
          "date": "2022-10-31",
          "time": "19:33:54",
          "terminate": "false"
        },
        {
          "speaker": "speaker2",
          "personaID": "40587",
          "participantID": "1014",
          "utterance": "그러게말이에요.. 그래서 이직생각하려고 했는데 와이프가 완전 반대하는거 있죠?",
          "summary": "",
          "date": "2022-10-31",
          "time": "19:34:27",
          "terminate": "false"
        },
        {
          "speaker": "speaker1",
          "personaID": "51179",
          "participantID": "1081",
          "utterance": "더 좋은 조건이면 이직도 나쁘지 않죠! 저는 요즘 편안해서 주말마다 공원에 산책을 가요!",
          "summary": "나는 요즘, 매일 편안한다. 나는 주말에 공원에 간다.",
          "date": "2022-10-31",
          "time": "19:35:00",
          "terminate": "false"
        },
        {
          "speaker": "speaker2",
          "personaID": "40587",
          "participantID": "1014",
          "utterance": "그렇군요^^ 저는 요가를 좋아해서 요즘 요가 매력에 푹 빠졌네요.",
          "summary": "나는 요가를 좋아한다.",
          "date": "2022-10-31",
          "time": "19:35:40",
          "terminate": "false"
        },
        {
          "speaker": "speaker1",
          "personaID": "51179",
          "participantID": "1081",
          "utterance": "남자분이 요가도 하시고 대단하시네요!",
          "summary": "",
          "date": "2022-10-31",
          "time": "19:35:54",
          "terminate": "false"
        },
        {
          "speaker": "speaker2",
          "personaID": "40587",
          "participantID": "1014",
          "utterance": "요즘 남자들도 요가 많이해요~ 근데 제가 요즘 짠 음식에 푹 빠져가지고 매일 먹었더니 살이 찌는것 같아요.",
          "summary": "나는 짠 음식을 좋아한다.",
          "date": "2022-10-31",
          "time": "19:36:21",
          "terminate": "false"
        },
        {
          "speaker": "speaker1",
          "personaID": "51179",
          "participantID": "1081",
          "utterance": "짠음식 몸에 안좋아요... 저 잠시 외출 좀 하고 올게요!",
          "summary": "",
          "date": "2022-10-31",
          "time": "19:36:53",
          "terminate": "false"
        },
        {
          "speaker": "speaker2",
          "personaID": "40587",
          "participantID": "1014",
          "utterance": "네~ 그럼 다녀와서 또 연락주세요^^",
          "summary": "",
          "date": "2022-10-31",
          "time": "19:37:23",
          "terminate": "true"
        }
      ],
      "sessionPersonaSummary": {
        "speaker1": [
          "나는 50대 여자이다.",
          "나는 요즘, 매일 편안한다. 나는 주말에 공원에 간다."
        ],
        "speaker2": [
          "나는 40대 남자이다.",
          "나는 요즘, 매일 슬프다. 나는 대기업에 다니고 있다.",
          "나는 요가를 좋아한다.",
          "나는 짠 음식을 좋아한다."
        ]
      },
      "prevAggregatedpersonaSummary": {
        "speaker1": [],
        "speaker2": []
      }
    },
    {
      "prevSessionID": "3-00445-1",
      "prevTimeInfo": {
        "timeNum": "2",
        "timeUnit": "주"
      },
      "nthSession": "2",
      "numberOfUtterances": "18",
      "numberOfTurns": "9",
      "sessionID": "3-00445-2",
      "dialog": [
        {
          "speaker": "speaker1",
          "personaID": "51179",
          "participantID": "1081",
          "utterance": "제가 2주만에 연락드리네요! 잘지내시죠?",
          "summary": "",
          "date": "2022-10-31",
          "time": "19:38:49",
          "terminate": "false"
        },
        {
          "speaker": "speaker2",
          "personaID": "40587",
          "participantID": "1014",
          "utterance": "그럼요^^ 선생님도 잘 지내셨나요?",
          "summary": "",
          "date": "2022-10-31",
          "time": "19:39:03",
          "terminate": "false"
        },
        {
          "speaker": "speaker1",
          "personaID": "51179",
          "participantID": "1081",
          "utterance": "네 저는 잘지내고 있어요! 근데 요즘 물가 왜이러나요...",
          "summary": "",
          "date": "2022-10-31",
          "time": "19:39:18",
          "terminate": "false"
        },
        {
          "speaker": "speaker2",
          "personaID": "40587",
          "participantID": "1014",
          "utterance": "그러게말이에요. 정말 가격 폭등이 일어나지 않았나요?",
          "summary": "",
          "date": "2022-10-31",
          "time": "19:39:37",
          "terminate": "false"
        },
        {
          "speaker": "speaker1",
          "personaID": "51179",
          "participantID": "1081",
          "utterance": "저 얼마전에 장보다가 깜짝 놀랐잖아요...",
          "summary": "나는 얼마 전 장보다 물가가 비싸서 놀랐다.",
          "date": "2022-10-31",
          "time": "19:39:48",
          "terminate": "false"
        },
        {
          "speaker": "speaker2",
          "personaID": "40587",
          "participantID": "1014",
          "utterance": "몇개 안넣었는데 10만원이 훌쩍 넘었죠? 제 와이프가 그러더라고요.",
          "summary": "",
          "date": "2022-10-31",
          "time": "19:40:07",
          "terminate": "false"
        },
        {
          "speaker": "speaker1",
          "personaID": "51179",
          "participantID": "1081",
          "utterance": "맞아요! 저도 얼마 안샀는데 20만원 나오더라구요...",
          "summary": "",
          "date": "2022-10-31",
          "time": "19:40:38",
          "terminate": "false"
        },
        {
          "speaker": "speaker2",
          "personaID": "40587",
          "participantID": "1014",
          "utterance": "그러게말이에요.. 이제 진짜 쫄쫄 굶어야되나봐요 ㅠㅠ.",
          "summary": "",
          "date": "2022-10-31",
          "time": "19:40:50",
          "terminate": "false"
        },
        {
          "speaker": "speaker1",
          "personaID": "51179",
          "participantID": "1081",
          "utterance": "저도 그래서 요즘 절약하면서 살고 있네요...",
          "summary": "나는 요즘 절약을 한다.",
          "date": "2022-10-31",
          "time": "19:41:05",
          "terminate": "false"
        },
        {
          "speaker": "speaker2",
          "personaID": "40587",
          "participantID": "1014",
          "utterance": "그러게요. 선생님 요즘 아나바다라고 아시나요? 그 붐이 일어났다고 하던데요?",
          "summary": "",
          "date": "2022-10-31",
          "time": "19:41:23",
          "terminate": "false"
        },
        {
          "speaker": "speaker1",
          "personaID": "51179",
          "participantID": "1081",
          "utterance": "그거 IMF때 외치던 구호 아닌가요?",
          "summary": "",
          "date": "2022-10-31",
          "time": "19:41:33",
          "terminate": "false"
        },
        {
          "speaker": "speaker2",
          "personaID": "40587",
          "participantID": "1014",
          "utterance": "하하하 맞아요 ㅠㅠ 거의 그지경까지 왔다고 하더라고요.",
          "summary": "",
          "date": "2022-10-31",
          "time": "19:41:47",
          "terminate": "false"
        },
        {
          "speaker": "speaker1",
          "personaID": "51179",
          "participantID": "1081",
          "utterance": "근데 저는 피부로 느끼는 경제가 IMF 보다 힘든것 같네요...",
          "summary": "나는 지금 IMF 보다 힘든 것 같다.",
          "date": "2022-10-31",
          "time": "19:41:54",
          "terminate": "false"
        },
        {
          "speaker": "speaker2",
          "personaID": "40587",
          "participantID": "1014",
          "utterance": "그런것같에요.. 저는 월급까지 감봉됬으니... 한숨이나오네요.",
          "summary": "",
          "date": "2022-10-31",
          "time": "19:42:11",
          "terminate": "false"
        },
        {
          "speaker": "speaker1",
          "personaID": "51179",
          "participantID": "1081",
          "utterance": "정말 큰일입니다. 대출 받아서 집 산 사람들도 큰일이네요...",
          "summary": "",
          "date": "2022-10-31",
          "time": "19:42:25",
          "terminate": "false"
        },
        {
          "speaker": "speaker2",
          "personaID": "40587",
          "participantID": "1014",
          "utterance": "그러게말이에요. 뉴스봣더니 1400만원이 매달나간다고 하던데요?",
          "summary": "",
          "date": "2022-10-31",
          "time": "19:42:47",
          "terminate": "false"
        },
        {
          "speaker": "speaker1",
          "personaID": "51179",
          "participantID": "1081",
          "utterance": "아이고... 선생님 저 저녁 준비 좀 할게요!",
          "summary": "",
          "date": "2022-10-31",
          "time": "19:43:04",
          "terminate": "false"
        },
        {
          "speaker": "speaker2",
          "personaID": "40587",
          "participantID": "1014",
          "utterance": "네^^ 그럼 저녁 맛있게 드시고 또 연락주세요~",
          "summary": "",
          "date": "2022-10-31",
          "time": "19:43:15",
          "terminate": "true"
        }
      ],
      "sessionPersonaSummary": {
        "speaker1": [
          "나는 얼마 전 장보다 물가가 비싸서 놀랐다.",
          "나는 요즘 절약을 한다.",
          "나는 지금 IMF 보다 힘든 것 같다."
        ],
        "speaker2": []
      },
      "prevAggregatedpersonaSummary": {
        "speaker1": [
          "나는 50대 여자이다.",
          "나는 요즘, 매일 편안한다. 나는 주말에 공원에 간다."
        ],
        "speaker2": [
          "나는 40대 남자이다.",
          "나는 요즘, 매일 슬프다. 나는 대기업에 다니고 있다.",
          "나는 요가를 좋아한다.",
          "나는 짠 음식을 좋아한다."
        ]
      }
    },
    {
      "prevSessionID": "3-00445-2",
      "prevTimeInfo": {
        "timeNum": "4",
        "timeUnit": "일"
      },
      "nthSession": "3",
      "numberOfUtterances": "16",
      "numberOfTurns": "8",
      "sessionID": "3-00445-3",
      "dialog": [
        {
          "speaker": "speaker1",
          "personaID": "51179",
          "participantID": "1081",
          "utterance": "제가 4일 만에 연락드리네요! 이제 겨울인가봐요...",
          "summary": "",
          "date": "2022-10-31",
          "time": "19:43:36",
          "terminate": "false"
        },
        {
          "speaker": "speaker2",
          "personaID": "40587",
          "participantID": "1014",
          "utterance": "그러게요. 저는딸이랑 색칠공부를 같이하고있는데 선생님은 어떤색을 가장 좋아하세요?",
          "summary": "",
          "date": "2022-10-31",
          "time": "19:43:38",
          "terminate": "false"
        },
        {
          "speaker": "speaker1",
          "personaID": "51179",
          "participantID": "1081",
          "utterance": "저는 검정색을 좋아해요!",
          "summary": "나는 검은색을 좋아한다.",
          "date": "2022-10-31",
          "time": "19:43:56",
          "terminate": "false"
        },
        {
          "speaker": "speaker2",
          "personaID": "40587",
          "participantID": "1014",
          "utterance": "오~~~ 그렇군요? 어두운 계열을 좋아하시나봐요?",
          "summary": "",
          "date": "2022-10-31",
          "time": "19:44:12",
          "terminate": "false"
        },
        {
          "speaker": "speaker1",
          "personaID": "51179",
          "participantID": "1081",
          "utterance": "네 저는 하얀색 처럼 밝은색은 싫어해요. 제가 피부가 좀 어두워서...",
          "summary": "나는 하얀색을 싫어한다. 나는 피부색이 어둡다.",
          "date": "2022-10-31",
          "time": "19:44:37",
          "terminate": "false"
        },
        {
          "speaker": "speaker2",
          "personaID": "40587",
          "participantID": "1014",
          "utterance": "하하하 그렇군요^^ 저희딸은 분홍을 엄청 좋아하더라고요.",
          "summary": "나의 딸은 분홍색을 좋아한다.",
          "date": "2022-10-31",
          "time": "19:45:04",
          "terminate": "false"
        },
        {
          "speaker": "speaker1",
          "personaID": "51179",
          "participantID": "1081",
          "utterance": "여자 @이름1@은 다 그렇죠! 하하하 따님이 몇살이에요?",
          "summary": "",
          "date": "2022-10-31",
          "time": "19:45:52",
          "terminate": "false"
        },
        {
          "speaker": "speaker2",
          "personaID": "40587",
          "participantID": "1014",
          "utterance": "7살이에요~ ㅎㅎ 색칠공부하면서 딸이 좋아하는 색을 알게 되었네요^^",
          "summary": "나는 딸과 색칠공부를 하면서 좋아하는 색을 알게 되었다.",
          "date": "2022-10-31",
          "time": "19:46:12",
          "terminate": "false"
        },
        {
          "speaker": "speaker1",
          "personaID": "51179",
          "participantID": "1081",
          "utterance": "너무 이쁘겠네요! 그때가 제일 이쁠때죠!",
          "summary": "",
          "date": "2022-10-31",
          "time": "19:46:45",
          "terminate": "false"
        },
        {
          "speaker": "speaker2",
          "personaID": "40587",
          "participantID": "1014",
          "utterance": "네~~ 쫑알쫑알 이 귀염둥이가 제 딸이라는게 신기하네요^^",
          "summary": "",
          "date": "2022-10-31",
          "time": "19:47:04",
          "terminate": "false"
        },
        {
          "speaker": "speaker1",
          "personaID": "51179",
          "participantID": "1081",
          "utterance": "저는 아들이 있는데 딸하나 있으면 좋겠네요.",
          "summary": "나는 아들이 있다.",
          "date": "2022-10-31",
          "time": "19:47:15",
          "terminate": "false"
        },
        {
          "speaker": "speaker2",
          "personaID": "40587",
          "participantID": "1014",
          "utterance": "그렇군요~ 아드님은 애교가 많이 없는 편인가요?",
          "summary": "",
          "date": "2022-10-31",
          "time": "19:47:34",
          "terminate": "false"
        },
        {
          "speaker": "speaker1",
          "personaID": "51179",
          "participantID": "1081",
          "utterance": "저희 아들이요? 뭐 이런 감정 없는 인간이 있나 싶네요...",
          "summary": "나의 아들은 감정이 없다.",
          "date": "2022-10-31",
          "time": "19:47:51",
          "terminate": "false"
        },
        {
          "speaker": "speaker2",
          "personaID": "40587",
          "participantID": "1014",
          "utterance": "하하하... 분명 여자친구한테는 안그럴꺼에요~^^",
          "summary": "",
          "date": "2022-10-31",
          "time": "19:48:07",
          "terminate": "false"
        },
        {
          "speaker": "speaker1",
          "personaID": "51179",
          "participantID": "1081",
          "utterance": "그러겠죠? 저 이제 저녁 준비하러 가볼게요!",
          "summary": "",
          "date": "2022-10-31",
          "time": "19:48:35",
          "terminate": "false"
        },
        {
          "speaker": "speaker2",
          "personaID": "40587",
          "participantID": "1014",
          "utterance": "네~~ 맛있게 드시고 또 연락주세요!",
          "summary": "",
          "date": "2022-10-31",
          "time": "19:48:57",
          "terminate": "true"
        }
      ],
      "sessionPersonaSummary": {
        "speaker1": [
          "나는 검은색을 좋아한다.",
          "나는 하얀색을 싫어한다. 나는 피부색이 어둡다.",
          "나는 아들이 있다.",
          "나의 아들은 감정이 없다."
        ],
        "speaker2": [
          "나의 딸은 분홍색을 좋아한다.",
          "나는 딸과 색칠공부를 하면서 좋아하는 색을 알게 되었다."
        ]
      },
      "prevAggregatedpersonaSummary": {
        "speaker1": [
          "나는 50대 여자이다.",
          "나는 요즘, 매일 편안한다. 나는 주말에 공원에 간다.",
          "나는 얼마 전 장보다 물가가 비싸서 놀랐다.",
          "나는 요즘 절약을 한다.",
          "나는 지금 IMF 보다 힘든 것 같다."
        ],
        "speaker2": [
          "나는 40대 남자이다.",
          "나는 요즘, 매일 슬프다. 나는 대기업에 다니고 있다.",
          "나는 요가를 좋아한다.",
          "나는 짠 음식을 좋아한다."
        ]
      }
    }
  ]
}