{
  "FileInfo": {
    "filename": "K3-00236-CL31387-CP32007-19-04-S3.json",
    "sessionLevel": "3"
  },
  "participantsInfo": {
    "numberOfParticipants": "2",
    "speaker1": {
      "participantID": "0570",
      "gender": "여성",
      "age": "30대",
      "occupation": "무직",
      "bPlace": "서울/경기/인천",
      "gPlace": "서울/경기/인천",
      "rPlace": "서울/경기/인천",
      "educationLevel": "대졸"
    },
    "speaker2": {
      "participantID": "0588",
      "gender": "여성",
      "age": "30대",
      "occupation": "서비스직",
      "bPlace": "광주/전라/제주",
      "gPlace": "광주/전라/제주",
      "rPlace": "광주/전라/제주",
      "educationLevel": "대졸"
    }
  },
  "multisessionInfo": {
    "multisessionID": "3-00236"
  },
  "personaInfo": {
    "clInfo": {
      "personaID": "31387",
      "personaFeatures": [
        "나는 여자이다.",
        "나는 30대이다.",
        "나의 거주지는 충주이다.",
        "나는 밤에 SNS를 한다.",
        "나는 흐린 날을 좋아한다."
      ],
      "speakerType": "speaker1"
    },
    "cpInfo": {
      "personaID": "32007",
      "personaFeatures": [
        "나는 여자이다.",
        "나는 30대이다.",
        "나는 20년 후 배우자와 행복하게 사는 것이 목표이다.",
        "나는 다소 고집이 세다.",
        "나는 돈가스를 즐겨 먹는다."
      ],
      "speakerType": "speaker2"
    }
  },
  "topicInfo": {
    "topicID": "19-04",
    "topicType": "예술문화 생활>방송/연예",
    "topicTitle": "노래"
  },
  "sessionInfo": [
    {
      "prevSessionID": null,
      "prevTimeInfo": {
        "timeNum": null,
        "timeUnit": null
      },
      "nthSession": "1",
      "numberOfUtterances": "16",
      "numberOfTurns": "8",
      "sessionID": "3-00236-1",
      "dialog": [
        {
          "speaker": "speaker1",
          "personaID": "31387",
          "participantID": "0570",
          "utterance": "안녕하세요. 저는 30대 여자입니다.",
          "summary": "나는 30대 여성이다.",
          "date": "2022-10-06",
          "time": "09:55:25",
          "terminate": "false"
        },
        {
          "speaker": "speaker2",
          "personaID": "32007",
          "participantID": "0588",
          "utterance": "안녕하세요. 저도 30대 여자예요.",
          "summary": "나는 30대 여성이다.",
          "date": "2022-10-06",
          "time": "09:55:27",
          "terminate": "false"
        },
        {
          "speaker": "speaker1",
          "personaID": "31387",
          "participantID": "0570",
          "utterance": "친하게 지내요. 저는 충주에서 마카롱 가게를 하고 있어요.",
          "summary": "나의 거주지는 충주이다. 나는 마카롱 가게를 운영한다.",
          "date": "2022-10-06",
          "time": "09:56:03",
          "terminate": "false"
        },
        {
          "speaker": "speaker2",
          "personaID": "32007",
          "participantID": "0588",
          "utterance": "저는 서울에 사는 회사원이에요.",
          "summary": "나의 거주지는 서울이다. 나는 회사원이다.",
          "date": "2022-10-06",
          "time": "09:56:37",
          "terminate": "false"
        },
        {
          "speaker": "speaker1",
          "personaID": "31387",
          "participantID": "0570",
          "utterance": "꽤 거리가 있네요. 오늘 충주는 구름이 껴서 좋아요. 제가 흐린 날을 좋아하거든요. 서울은 어때요?",
          "summary": "오늘 충주는 구름이 많다. 나는 흐린 날을 좋아한다.",
          "date": "2022-10-06",
          "time": "09:57:16",
          "terminate": "false"
        },
        {
          "speaker": "speaker2",
          "personaID": "32007",
          "participantID": "0588",
          "utterance": "낭만 있으시네요. 흐린 날은 보통 싫어하잖아요.",
          "summary": "",
          "date": "2022-10-06",
          "time": "09:58:18",
          "terminate": "false"
        },
        {
          "speaker": "speaker1",
          "personaID": "31387",
          "participantID": "0570",
          "utterance": "햇볕이 따갑지도 않고 비가 오지도 않고 딱 적당히 좋잖아요~ 그러고보니 아침은 드시고 출근하셨어요?",
          "summary": "",
          "date": "2022-10-06",
          "time": "09:58:55",
          "terminate": "false"
        },
        {
          "speaker": "speaker2",
          "personaID": "32007",
          "participantID": "0588",
          "utterance": "그러시구나. 전 아침을 안 먹어요.",
          "summary": "나는 아침식사를 안 한다.",
          "date": "2022-10-06",
          "time": "09:59:21",
          "terminate": "false"
        },
        {
          "speaker": "speaker1",
          "personaID": "31387",
          "participantID": "0570",
          "utterance": "그렇군요. 회사일 하시려면 잘 챙겨드셔야죠. 저는 아침에 핫시리얼을 먹었어요.",
          "summary": "나는 아침에 핫시 리얼을 먹었다.",
          "date": "2022-10-06",
          "time": "09:59:52",
          "terminate": "false"
        },
        {
          "speaker": "speaker2",
          "personaID": "32007",
          "participantID": "0588",
          "utterance": "그래서 그런지 배고프네요. 점심시간이 빨리 왔으면 해요.",
          "summary": "나는 배고프다. 나는 점심시간을 기다린다.",
          "date": "2022-10-06",
          "time": "10:00:45",
          "terminate": "false"
        },
        {
          "speaker": "speaker1",
          "personaID": "31387",
          "participantID": "0570",
          "utterance": "오, 점심시간엔 뭐 드실 거예요? 맛있는 거 드시나요?",
          "summary": "",
          "date": "2022-10-06",
          "time": "10:01:03",
          "terminate": "false"
        },
        {
          "speaker": "speaker2",
          "personaID": "32007",
          "participantID": "0588",
          "utterance": "전 돈까스를 즐겨 먹어요. 오늘도 돈까스죠.",
          "summary": "나는 돈가스를 즐겨 먹는다. 나는 점심에 돈가스를 먹을 예정이다.",
          "date": "2022-10-06",
          "time": "10:01:35",
          "terminate": "false"
        },
        {
          "speaker": "speaker1",
          "personaID": "31387",
          "participantID": "0570",
          "utterance": "맛있게 드세요. 저는 장어덮밥을 먹을까 해요.",
          "summary": "나는 점심에 장어덮밥을 먹을 예정이다.",
          "date": "2022-10-06",
          "time": "10:02:03",
          "terminate": "false"
        },
        {
          "speaker": "speaker2",
          "personaID": "32007",
          "participantID": "0588",
          "utterance": "오, 맛있겠다. 메뉴선정이 좋네요.",
          "summary": "",
          "date": "2022-10-06",
          "time": "10:03:17",
          "terminate": "false"
        },
        {
          "speaker": "speaker1",
          "personaID": "31387",
          "participantID": "0570",
          "utterance": "ㅎㅎ그렇죠? 그럼 전 이만 가볼게요~ 다음에 또 봬요.",
          "summary": "",
          "date": "2022-10-06",
          "time": "10:03:40",
          "terminate": "false"
        },
        {
          "speaker": "speaker2",
          "personaID": "32007",
          "participantID": "0588",
          "utterance": "그럼 저도 이만 가볼게요. 다음에 또 대화해요.",
          "summary": "",
          "date": "2022-10-06",
          "time": "10:03:43",
          "terminate": "true"
        }
      ],
      "sessionPersonaSummary": {
        "speaker1": [
          "나는 30대 여성이다.",
          "나의 거주지는 충주이다. 나는 마카롱 가게를 운영한다.",
          "오늘 충주는 구름이 많다. 나는 흐린 날을 좋아한다.",
          "나는 아침에 핫시 리얼을 먹었다.",
          "나는 점심에 장어덮밥을 먹을 예정이다."
        ],
        "speaker2": [
          "나는 30대 여성이다.",
          "나의 거주지는 서울이다. 나는 회사원이다.",
          "나는 아침식사를 안 한다.",
          "나는 배고프다. 나는 점심시간을 기다린다.",
          "나는 돈가스를 즐겨 먹는다. 나는 점심에 돈가스를 먹을 예정이다."
        ]
      },
      "prevAggregatedpersonaSummary": {
        "speaker1": [],
        "speaker2": []
      }
    },
    {
      "prevSessionID": "3-00236-1",
      "prevTimeInfo": {
        "timeNum": "1",
        "timeUnit": "일"
      },
      "nthSession": "2",
      "numberOfUtterances": "16",
      "numberOfTurns": "8",
      "sessionID": "3-00236-2",
      "dialog": [
        {
          "speaker": "speaker1",
          "personaID": "31387",
          "participantID": "0570",
          "utterance": "어젠 잘 들어가셨어요? 저는 뮤직뱅크를 보고 있는데 처음 듣는 노래가 나오는데 듣기 좋네요.",
          "summary": "나는 뮤직뱅크를 보고 있다. 뮤직뱅크에서 처음 듣는 노래가 나온다. 나는 지금 듣는 노래가 좋다.",
          "date": "2022-10-06",
          "time": "10:04:44",
          "terminate": "false"
        },
        {
          "speaker": "speaker2",
          "personaID": "32007",
          "participantID": "0588",
          "utterance": "네. 돈까스도 먹었죠. 오, 그래요? 아이돌 노래인가요?",
          "summary": "나는 돈가스를 먹었다.",
          "date": "2022-10-06",
          "time": "10:05:52",
          "terminate": "false"
        },
        {
          "speaker": "speaker1",
          "personaID": "31387",
          "participantID": "0570",
          "utterance": "네, 아이돌 노래예요. 누군지는 모르겠지만 노래가 좋네요~.",
          "summary": "나는 아이돌 노래를 듣고 있다. 나는 노래를 부르는 아이돌이 누구인지 모른다.",
          "date": "2022-10-06",
          "time": "10:06:40",
          "terminate": "false"
        },
        {
          "speaker": "speaker2",
          "personaID": "32007",
          "participantID": "0588",
          "utterance": "가사도 잘 알아들을 수 있나요?",
          "summary": "",
          "date": "2022-10-06",
          "time": "10:07:25",
          "terminate": "false"
        },
        {
          "speaker": "speaker1",
          "personaID": "31387",
          "participantID": "0570",
          "utterance": "네, 시원시원하게 잘 들리네요. 노래에서 가사를 중요하게 보세요?",
          "summary": "나는 지금 듣는 노래의 가사가 잘 들린다.",
          "date": "2022-10-06",
          "time": "10:07:59",
          "terminate": "false"
        },
        {
          "speaker": "speaker2",
          "personaID": "32007",
          "participantID": "0588",
          "utterance": "네. 저는 그래요. 가사도 중요하죠.",
          "summary": "나는 노래의 가사를 중요하게 생각한다.",
          "date": "2022-10-06",
          "time": "10:08:51",
          "terminate": "false"
        },
        {
          "speaker": "speaker1",
          "personaID": "31387",
          "participantID": "0570",
          "utterance": "그러시군요. 제가 퇴근하고 집에서 밤에 SNS를 하는데 한 번 SNS로 노래 알아봐올게요.",
          "summary": "나는 밤에 SNS를 한다. 나는 SNS로 노래를 찾아볼 예정이다.",
          "date": "2022-10-06",
          "time": "10:09:26",
          "terminate": "false"
        },
        {
          "speaker": "speaker2",
          "personaID": "32007",
          "participantID": "0588",
          "utterance": "그래요. 뮤직뱅크는 어디에서 보신 건가요?",
          "summary": "",
          "date": "2022-10-06",
          "time": "10:10:10",
          "terminate": "false"
        },
        {
          "speaker": "speaker1",
          "personaID": "31387",
          "participantID": "0570",
          "utterance": "TV로요. 집에 TV 있으시죠?",
          "summary": "나는 TV로 뮤직뱅크를 봤다.",
          "date": "2022-10-06",
          "time": "10:11:10",
          "terminate": "false"
        },
        {
          "speaker": "speaker2",
          "personaID": "32007",
          "participantID": "0588",
          "utterance": "집에는 있죠. 마카롱 가게에도 TV가 있나요?",
          "summary": "나는 집에 TV가 있다.",
          "date": "2022-10-06",
          "time": "10:12:18",
          "terminate": "false"
        },
        {
          "speaker": "speaker1",
          "personaID": "31387",
          "participantID": "0570",
          "utterance": "가게엔 없어요. 지금은 집이에요.",
          "summary": "내가 운영하는 마카롱 가게에는 TV가 없다. 나는 집에 있다.",
          "date": "2022-10-06",
          "time": "10:13:00",
          "terminate": "false"
        },
        {
          "speaker": "speaker2",
          "personaID": "32007",
          "participantID": "0588",
          "utterance": "오늘 일찍 퇴근 하셨나보네요.",
          "summary": "",
          "date": "2022-10-06",
          "time": "10:14:22",
          "terminate": "false"
        },
        {
          "speaker": "speaker1",
          "personaID": "31387",
          "participantID": "0570",
          "utterance": "아니요, 오늘은 휴무였어요.",
          "summary": "나는 오늘 가게가 휴무이다.",
          "date": "2022-10-06",
          "time": "10:14:46",
          "terminate": "false"
        },
        {
          "speaker": "speaker2",
          "personaID": "32007",
          "participantID": "0588",
          "utterance": "아~ 그럼 모처럼이니 푹 휴식하세요.",
          "summary": "",
          "date": "2022-10-06",
          "time": "10:15:24",
          "terminate": "false"
        },
        {
          "speaker": "speaker1",
          "personaID": "31387",
          "participantID": "0570",
          "utterance": "네, 감사해요. 일 화이팅하세요! 저는 이만 가볼게요. 다음에 봬요.",
          "summary": "",
          "date": "2022-10-06",
          "time": "10:15:50",
          "terminate": "false"
        },
        {
          "speaker": "speaker2",
          "personaID": "32007",
          "participantID": "0588",
          "utterance": "그럼 저도 이만 가볼게요. 대화 즐거웠어요.",
          "summary": "",
          "date": "2022-10-06",
          "time": "10:15:54",
          "terminate": "true"
        }
      ],
      "sessionPersonaSummary": {
        "speaker1": [
          "나는 뮤직뱅크를 보고 있다. 뮤직뱅크에서 처음 듣는 노래가 나온다. 나는 지금 듣는 노래가 좋다.",
          "나는 아이돌 노래를 듣고 있다. 나는 노래를 부르는 아이돌이 누구인지 모른다.",
          "나는 지금 듣는 노래의 가사가 잘 들린다.",
          "나는 밤에 SNS를 한다. 나는 SNS로 노래를 찾아볼 예정이다.",
          "나는 TV로 뮤직뱅크를 봤다.",
          "내가 운영하는 마카롱 가게에는 TV가 없다. 나는 집에 있다.",
          "나는 오늘 가게가 휴무이다."
        ],
        "speaker2": [
          "나는 돈가스를 먹었다.",
          "나는 노래의 가사를 중요하게 생각한다.",
          "나는 집에 TV가 있다."
        ]
      },
      "prevAggregatedpersonaSummary": {
        "speaker1": [
          "나는 30대 여성이다.",
          "나의 거주지는 충주이다. 나는 마카롱 가게를 운영한다.",
          "오늘 충주는 구름이 많다. 나는 흐린 날을 좋아한다.",
          "나는 아침에 핫시 리얼을 먹었다.",
          "나는 점심에 장어덮밥을 먹을 예정이다."
        ],
        "speaker2": [
          "나는 30대 여성이다.",
          "나의 거주지는 서울이다. 나는 회사원이다.",
          "나는 아침식사를 안 한다.",
          "나는 배고프다. 나는 점심시간을 기다린다.",
          "나는 돈가스를 즐겨 먹는다. 나는 점심에 돈가스를 먹을 예정이다."
        ]
      }
    },
    {
      "prevSessionID": "3-00236-2",
      "prevTimeInfo": {
        "timeNum": "2",
        "timeUnit": "주"
      },
      "nthSession": "3",
      "numberOfUtterances": "16",
      "numberOfTurns": "8",
      "sessionID": "3-00236-3",
      "dialog": [
        {
          "speaker": "speaker1",
          "personaID": "31387",
          "participantID": "0570",
          "utterance": "오랜만이네요~ 2주만인가봐요. 요즘 어떻게 지내셨어요?",
          "summary": "",
          "date": "2022-10-06",
          "time": "10:16:14",
          "terminate": "false"
        },
        {
          "speaker": "speaker2",
          "personaID": "32007",
          "participantID": "0588",
          "utterance": "열심히 살고 있죠. 어떻게 지내요?",
          "summary": "나는 열심히 산다.",
          "date": "2022-10-06",
          "time": "10:16:44",
          "terminate": "false"
        },
        {
          "speaker": "speaker1",
          "personaID": "31387",
          "participantID": "0570",
          "utterance": "저도 잘 지내고 있어요. 매일이 행복하네요.",
          "summary": "나는 매일이 행복하다.",
          "date": "2022-10-06",
          "time": "10:18:40",
          "terminate": "false"
        },
        {
          "speaker": "speaker2",
          "personaID": "32007",
          "participantID": "0588",
          "utterance": "좋은 일 있으신가요? 전 연인이 있어서 행복해요.",
          "summary": "나는 연인이 있다.",
          "date": "2022-10-06",
          "time": "10:19:12",
          "terminate": "false"
        },
        {
          "speaker": "speaker1",
          "personaID": "31387",
          "participantID": "0570",
          "utterance": "그냥 모든 게 감사하네요. 연인이 있으셨구나.",
          "summary": "나는 모든 것에 감사한다.",
          "date": "2022-10-06",
          "time": "10:19:51",
          "terminate": "false"
        },
        {
          "speaker": "speaker2",
          "personaID": "32007",
          "participantID": "0588",
          "utterance": "네. 결혼도 하고 싶네요. 전 20년 후 배우자와 행복하게 사는 것이 목표에요.",
          "summary": "나는 결혼을 하고 싶다. 나는 20년 후 배우자와 행복하게 사는 것이 목표이다.",
          "date": "2022-10-06",
          "time": "10:21:31",
          "terminate": "false"
        },
        {
          "speaker": "speaker1",
          "personaID": "31387",
          "participantID": "0570",
          "utterance": "우와, 멋지네요. 꼭 그렇게 되실 수 있을 거예요.",
          "summary": "",
          "date": "2022-10-06",
          "time": "10:22:13",
          "terminate": "false"
        },
        {
          "speaker": "speaker2",
          "personaID": "32007",
          "participantID": "0588",
          "utterance": "제가 다소 고집이 세서 꼭 지금 연인과 결혼하고 싶어요.",
          "summary": "나는 다소 고집이 세다. 나는 현재의 연인과 결혼하고 싶다.",
          "date": "2022-10-06",
          "time": "10:22:31",
          "terminate": "false"
        },
        {
          "speaker": "speaker1",
          "personaID": "31387",
          "participantID": "0570",
          "utterance": "연인분과 잘 맞나 보네요. 결혼은 언제 하실지 생각해보셨어요?",
          "summary": "",
          "date": "2022-10-06",
          "time": "10:22:52",
          "terminate": "false"
        },
        {
          "speaker": "speaker2",
          "personaID": "32007",
          "participantID": "0588",
          "utterance": "그건 아직요. 그나저나 SNS로 노래는 알아보셨나요?",
          "summary": "나는 결혼 일정을 안 세웠다.",
          "date": "2022-10-06",
          "time": "10:23:36",
          "terminate": "false"
        },
        {
          "speaker": "speaker1",
          "personaID": "31387",
          "participantID": "0570",
          "utterance": "아, 깜빡했네요. 오늘 한 번 알아볼게요.",
          "summary": "나는 노래를 알아보는 것을 잊었다. 나는 오늘 SNS로 노래를 알아볼 예정이다.",
          "date": "2022-10-06",
          "time": "10:24:09",
          "terminate": "false"
        },
        {
          "speaker": "speaker2",
          "personaID": "32007",
          "participantID": "0588",
          "utterance": "하하. 잊어버릴수도 있죠. 괜찮아요.",
          "summary": "",
          "date": "2022-10-06",
          "time": "10:24:33",
          "terminate": "false"
        },
        {
          "speaker": "speaker1",
          "personaID": "31387",
          "participantID": "0570",
          "utterance": "네, 고마워요. 찾으면 정보 보내드릴게요.",
          "summary": "",
          "date": "2022-10-06",
          "time": "10:24:46",
          "terminate": "false"
        },
        {
          "speaker": "speaker2",
          "personaID": "32007",
          "participantID": "0588",
          "utterance": "그래요. 감사합니다. 기다릴게요.",
          "summary": "",
          "date": "2022-10-06",
          "time": "10:25:20",
          "terminate": "false"
        },
        {
          "speaker": "speaker1",
          "personaID": "31387",
          "participantID": "0570",
          "utterance": "네, 저는 이만 가볼게요. 다음에 또 연락드릴게요.",
          "summary": "",
          "date": "2022-10-06",
          "time": "10:25:41",
          "terminate": "false"
        },
        {
          "speaker": "speaker2",
          "personaID": "32007",
          "participantID": "0588",
          "utterance": "그럼 저도 이만 가볼게요. 다음에 또 이야기해요.",
          "summary": "",
          "date": "2022-10-06",
          "time": "10:25:45",
          "terminate": "true"
        }
      ],
      "sessionPersonaSummary": {
        "speaker1": [
          "나는 매일이 행복하다.",
          "나는 모든 것에 감사한다.",
          "나는 노래를 알아보는 것을 잊었다. 나는 오늘 SNS로 노래를 알아볼 예정이다."
        ],
        "speaker2": [
          "나는 열심히 산다.",
          "나는 연인이 있다.",
          "나는 결혼을 하고 싶다. 나는 20년 후 배우자와 행복하게 사는 것이 목표이다.",
          "나는 다소 고집이 세다. 나는 현재의 연인과 결혼하고 싶다.",
          "나는 결혼 일정을 안 세웠다."
        ]
      },
      "prevAggregatedpersonaSummary": {
        "speaker1": [
          "나는 30대 여성이다.",
          "나의 거주지는 충주이다. 나는 마카롱 가게를 운영한다.",
          "오늘 충주는 구름이 많다. 나는 흐린 날을 좋아한다.",
          "나는 아침에 핫시 리얼을 먹었다.",
          "나는 점심에 장어덮밥을 먹을 예정이다.",
          "나는 뮤직뱅크를 보고 있다. 뮤직뱅크에서 처음 듣는 노래가 나온다. 나는 지금 듣는 노래가 좋다.",
          "나는 아이돌 노래를 듣고 있다. 나는 노래를 부르는 아이돌이 누구인지 모른다.",
          "나는 지금 듣는 노래의 가사가 잘 들린다.",
          "나는 밤에 SNS를 한다. 나는 SNS로 노래를 찾아볼 예정이다.",
          "나는 TV로 뮤직뱅크를 봤다.",
          "내가 운영하는 마카롱 가게에는 TV가 없다. 나는 집에 있다.",
          "나는 오늘 가게가 휴무이다."
        ],
        "speaker2": [
          "나는 30대 여성이다.",
          "나의 거주지는 서울이다. 나는 회사원이다.",
          "나는 아침식사를 안 한다.",
          "나는 배고프다. 나는 점심시간을 기다린다.",
          "나는 돈가스를 즐겨 먹는다. 나는 점심에 돈가스를 먹을 예정이다.",
          "나는 돈가스를 먹었다.",
          "나는 노래의 가사를 중요하게 생각한다.",
          "나는 집에 TV가 있다."
        ]
      }
    }
  ]
}