{
  "FileInfo": {
    "filename": "K3-00271-CL02381-CP03936-05-02-S3.json",
    "sessionLevel": "3"
  },
  "participantsInfo": {
    "numberOfParticipants": "2",
    "speaker1": {
      "participantID": "0041",
      "gender": "남성",
      "age": "30대",
      "occupation": "기타",
      "bPlace": "서울/경기/인천",
      "gPlace": "서울/경기/인천",
      "rPlace": "서울/경기/인천",
      "educationLevel": "대졸"
    },
    "speaker2": {
      "participantID": "0060",
      "gender": "여성",
      "age": "40대",
      "occupation": "무직",
      "bPlace": "부산/대구/울산/경상",
      "gPlace": "부산/대구/울산/경상",
      "rPlace": "부산/대구/울산/경상",
      "educationLevel": "대졸"
    }
  },
  "multisessionInfo": {
    "multisessionID": "3-00271"
  },
  "personaInfo": {
    "clInfo": {
      "personaID": "02381",
      "personaFeatures": [
        "나는 남자이다.",
        "나는 30대이다.",
        "나의 거주지는 전라도이다.",
        "나는 화분에 물을 주는 게 지루하다.",
        "나는 아침에 오늘의 운세를 읽는다."
      ],
      "speakerType": "speaker1"
    },
    "cpInfo": {
      "personaID": "03936",
      "personaFeatures": [
        "나는 여자이다.",
        "나는 40대이다.",
        "나의 거주지는 경기도이다.",
        "나는 수영을 자주 한다.",
        "나는 로맨스 영화를 싫어한다."
      ],
      "speakerType": "speaker2"
    }
  },
  "topicInfo": {
    "topicID": "05-02",
    "topicType": "일과 직업>군대",
    "topicTitle": "복무 기간"
  },
  "sessionInfo": [
    {
      "prevSessionID": null,
      "prevTimeInfo": {
        "timeNum": null,
        "timeUnit": null
      },
      "nthSession": "1",
      "numberOfUtterances": "18",
      "numberOfTurns": "9",
      "sessionID": "3-00271-1",
      "dialog": [
        {
          "speaker": "speaker1",
          "personaID": "02381",
          "participantID": "0041",
          "utterance": "안녕하세요. 30대 남자입니다^^",
          "summary": "나는 30대 남성이다.",
          "date": "2022-09-01",
          "time": "10:01:53",
          "terminate": "false"
        },
        {
          "speaker": "speaker2",
          "personaID": "03936",
          "participantID": "0060",
          "utterance": "안녕하세요. 40대 여자에요^^.",
          "summary": "나는 40대 여성이다.",
          "date": "2022-09-01",
          "time": "10:02:17",
          "terminate": "false"
        },
        {
          "speaker": "speaker1",
          "personaID": "02381",
          "participantID": "0041",
          "utterance": "반가워요ㅋㅋㅋ. 일하는 중이세용?",
          "summary": "",
          "date": "2022-09-01",
          "time": "10:02:23",
          "terminate": "false"
        },
        {
          "speaker": "speaker2",
          "personaID": "03936",
          "participantID": "0060",
          "utterance": "네. 저는 지금 일 하고 있어요ㅎㅎ. 일 하고 계세용?",
          "summary": "",
          "date": "2022-09-01",
          "time": "10:03:16",
          "terminate": "false"
        },
        {
          "speaker": "speaker1",
          "personaID": "02381",
          "participantID": "0041",
          "utterance": "네. 저도 일 하는 중이에요ㅋㅋ. 무슨 일 하셔요?",
          "summary": "",
          "date": "2022-09-01",
          "time": "10:03:50",
          "terminate": "false"
        },
        {
          "speaker": "speaker2",
          "personaID": "03936",
          "participantID": "0060",
          "utterance": "저는 음식점 운영하고 있어요ㅎㅎ. 중식집이요^^. 무슨 일 하세요?",
          "summary": "나는 중식집을 운영한다.",
          "date": "2022-09-01",
          "time": "10:04:28",
          "terminate": "false"
        },
        {
          "speaker": "speaker1",
          "personaID": "02381",
          "participantID": "0041",
          "utterance": "저 중식 좋아하는데 부럽네요ㅋㅋ. 저는 피시방 운영하고 있어요^^.",
          "summary": "나는 중식을 좋아한다. 나는 피시방을 운영한다.",
          "date": "2022-09-01",
          "time": "10:04:47",
          "terminate": "false"
        },
        {
          "speaker": "speaker2",
          "personaID": "03936",
          "participantID": "0060",
          "utterance": "저희 남편도 게임 좋아해서 피시방 자주 가는데ㅎㅎ. 어느 지역에서 하셔요?",
          "summary": "나는 결혼을 했다.",
          "date": "2022-09-01",
          "time": "10:05:23",
          "terminate": "false"
        },
        {
          "speaker": "speaker1",
          "personaID": "02381",
          "participantID": "0041",
          "utterance": "저는 광주에서 해요!. 경기도 말고 전라도요^^.",
          "summary": "나의 거주지는 전라도이다.",
          "date": "2022-09-01",
          "time": "10:05:48",
          "terminate": "false"
        },
        {
          "speaker": "speaker2",
          "personaID": "03936",
          "participantID": "0060",
          "utterance": "아ㅎㅎ. 저는 경기도 살아요ㅋㅋ. 광명 살아용.",
          "summary": "나는 경기도에 거주한다.",
          "date": "2022-09-01",
          "time": "10:06:08",
          "terminate": "false"
        },
        {
          "speaker": "speaker1",
          "personaID": "02381",
          "participantID": "0041",
          "utterance": "거리가 좀 있네요ㅜ. 가보고 싶었는데요. 얼마나 돼셨어요?",
          "summary": "",
          "date": "2022-09-01",
          "time": "10:07:29",
          "terminate": "false"
        },
        {
          "speaker": "speaker2",
          "personaID": "03936",
          "participantID": "0060",
          "utterance": "이제 5년 넘었네용ㅎㅎ. 남편이랑 같이 운영해요^^.",
          "summary": "",
          "date": "2022-09-01",
          "time": "10:08:00",
          "terminate": "false"
        },
        {
          "speaker": "speaker1",
          "personaID": "02381",
          "participantID": "0041",
          "utterance": "결혼 하셨구나^^. 전 아직 미혼이거든요. 결혼 생활은 좋으셔요?",
          "summary": "나는 미혼이다.",
          "date": "2022-09-01",
          "time": "10:08:23",
          "terminate": "false"
        },
        {
          "speaker": "speaker2",
          "personaID": "03936",
          "participantID": "0060",
          "utterance": "전 결혼 20년차인데 남편이랑 아들들이랑 행복해요ㅋㅋ. 얼른 결혼하세용.",
          "summary": "나는 결혼 20년 차이다. 나는 아들이 있다.",
          "date": "2022-09-01",
          "time": "10:09:17",
          "terminate": "false"
        },
        {
          "speaker": "speaker1",
          "personaID": "02381",
          "participantID": "0041",
          "utterance": "아직 애인도 없는걸요ㅋㅋ. 점심은 뭐 드시려구요?",
          "summary": "나는 애인이 없다.",
          "date": "2022-09-01",
          "time": "10:09:42",
          "terminate": "false"
        },
        {
          "speaker": "speaker2",
          "personaID": "03936",
          "participantID": "0060",
          "utterance": "대충 뭐 만들어서 먹을까 생각중이에요ㅎㅎ. 뭐 드시게용?",
          "summary": "",
          "date": "2022-09-01",
          "time": "10:10:00",
          "terminate": "false"
        },
        {
          "speaker": "speaker1",
          "personaID": "02381",
          "participantID": "0041",
          "utterance": "저는 초밥 좋아해서 초밥 먹을까 해요^^. 우선 식사하고 올게요. 맛있게 드셔요.",
          "summary": "나는 초밥을 좋아한다.",
          "date": "2022-09-01",
          "time": "10:10:24",
          "terminate": "false"
        },
        {
          "speaker": "speaker2",
          "personaID": "03936",
          "participantID": "0060",
          "utterance": "네. 맛있게 드시고 다시 대화해용^^",
          "summary": "",
          "date": "2022-09-01",
          "time": "10:10:35",
          "terminate": "true"
        }
      ],
      "sessionPersonaSummary": {
        "speaker1": [
          "나는 30대 남성이다.",
          "나는 중식을 좋아한다. 나는 피시방을 운영한다.",
          "나의 거주지는 전라도이다.",
          "나는 미혼이다.",
          "나는 애인이 없다.",
          "나는 초밥을 좋아한다."
        ],
        "speaker2": [
          "나는 40대 여성이다.",
          "나는 중식집을 운영한다.",
          "나는 결혼을 했다.",
          "나는 경기도에 거주한다.",
          "나는 결혼 20년 차이다. 나는 아들이 있다."
        ]
      },
      "prevAggregatedpersonaSummary": {
        "speaker1": [],
        "speaker2": []
      }
    },
    {
      "prevSessionID": "3-00271-1",
      "prevTimeInfo": {
        "timeNum": "1",
        "timeUnit": "시간"
      },
      "nthSession": "2",
      "numberOfUtterances": "18",
      "numberOfTurns": "9",
      "sessionID": "3-00271-2",
      "dialog": [
        {
          "speaker": "speaker1",
          "personaID": "02381",
          "participantID": "0041",
          "utterance": "맛있게 드셨어요^^?. 뭐 만들어서 드셨어요?",
          "summary": "",
          "date": "2022-09-01",
          "time": "10:10:37",
          "terminate": "false"
        },
        {
          "speaker": "speaker2",
          "personaID": "03936",
          "participantID": "0060",
          "utterance": "저는 볶음밥 만들어서 먹었네요ㅎㅎ. 초밥 드셨어용?",
          "summary": "",
          "date": "2022-09-01",
          "time": "10:10:53",
          "terminate": "false"
        },
        {
          "speaker": "speaker1",
          "personaID": "02381",
          "participantID": "0041",
          "utterance": "네. 저는 초밥 먹었어요ㅋㅋ. 퇴근은 보통 언제 하셔요?",
          "summary": "",
          "date": "2022-09-01",
          "time": "10:11:30",
          "terminate": "false"
        },
        {
          "speaker": "speaker2",
          "personaID": "03936",
          "participantID": "0060",
          "utterance": "저는 9시쯤이면 들어가요~ㅎㅎ. 피시방은 24시간인가용?",
          "summary": "나는 9시쯤 퇴근을 한다.",
          "date": "2022-09-01",
          "time": "10:11:54",
          "terminate": "false"
        },
        {
          "speaker": "speaker1",
          "personaID": "02381",
          "participantID": "0041",
          "utterance": "맞아요. 24시간이에요. 자리가 좋아서 학생들. 군인들 많이 와요^^",
          "summary": "",
          "date": "2022-09-01",
          "time": "10:12:31",
          "terminate": "false"
        },
        {
          "speaker": "speaker2",
          "personaID": "03936",
          "participantID": "0060",
          "utterance": "오 군인들도 많이 가요? 저희 아들도 곧 군대 가는데...걱정이에요ㅠㅠ.",
          "summary": "",
          "date": "2022-09-01",
          "time": "10:13:05",
          "terminate": "false"
        },
        {
          "speaker": "speaker1",
          "personaID": "02381",
          "participantID": "0041",
          "utterance": "요즘은 복무기간이 좀 짧아지지 않았나요? 그렇다고 들었어요^^. 조금 더 편해졌다고도 하구요.",
          "summary": "",
          "date": "2022-09-01",
          "time": "10:13:41",
          "terminate": "false"
        },
        {
          "speaker": "speaker2",
          "personaID": "03936",
          "participantID": "0060",
          "utterance": "맞아요 예전에 비하면 짧아진 것 같더라구요ㅎㅎ.핸드폰도 사용하구요ㅋㅋ.",
          "summary": "",
          "date": "2022-09-01",
          "time": "10:14:33",
          "terminate": "false"
        },
        {
          "speaker": "speaker1",
          "personaID": "02381",
          "participantID": "0041",
          "utterance": "맞아요^^. 저 다닐 땐 엄청 힘들었었거든요. 요즘엔 연락이라도 자주 되니까 그나마 맘이 편할 거 같아요ㅎㅎ.",
          "summary": "나는 군대를 다녀왔다.",
          "date": "2022-09-01",
          "time": "10:15:32",
          "terminate": "false"
        },
        {
          "speaker": "speaker2",
          "personaID": "03936",
          "participantID": "0060",
          "utterance": "네 그나마 다행이죠^^. 예전에는 복무기간도 길고 진짜 힘들었을 것 같아요.",
          "summary": "",
          "date": "2022-09-01",
          "time": "10:16:07",
          "terminate": "false"
        },
        {
          "speaker": "speaker1",
          "personaID": "02381",
          "participantID": "0041",
          "utterance": "ㅋㅋㅋ퇴근하고 집 가서는 보통 뭐하셔요?",
          "summary": "",
          "date": "2022-09-01",
          "time": "10:16:34",
          "terminate": "false"
        },
        {
          "speaker": "speaker2",
          "personaID": "03936",
          "participantID": "0060",
          "utterance": "저는 보통 집 가면 집안일 조금 하고 영화 한 편 보고 자는 것 같아용ㅎㅎ. 영화를 좋아해서요.",
          "summary": "나는 영화를 좋아한다.",
          "date": "2022-09-01",
          "time": "10:17:06",
          "terminate": "false"
        },
        {
          "speaker": "speaker1",
          "personaID": "02381",
          "participantID": "0041",
          "utterance": "저도 영화 보는 거 좋아해요. 무슨 영화 좋아하세요?",
          "summary": "나는 영화 보는 걸 좋아한다.",
          "date": "2022-09-01",
          "time": "10:17:19",
          "terminate": "false"
        },
        {
          "speaker": "speaker2",
          "personaID": "03936",
          "participantID": "0060",
          "utterance": "저는 액션영화나 코미디영화 좋아해용ㅎㅎ 로맨스영화는 싫어해서..그거 빼고는 다 좋아해용ㅋㅋ.",
          "summary": "나는 로맨스 영화를 싫어한다.",
          "date": "2022-09-01",
          "time": "10:18:08",
          "terminate": "false"
        },
        {
          "speaker": "speaker1",
          "personaID": "02381",
          "participantID": "0041",
          "utterance": "저도 로맨스 영화 싫어해요. 보면 너무 외로워지더라구요ㅋㅋ. 범죄영화 좋아해요.",
          "summary": "나는 범죄 영화를 좋아한다.",
          "date": "2022-09-01",
          "time": "10:18:39",
          "terminate": "false"
        },
        {
          "speaker": "speaker2",
          "personaID": "03936",
          "participantID": "0060",
          "utterance": "범죄영화도 재미있죠ㅎㅎ. 오늘은 범죄영화 한 편 골라서 볼까봐용ㅋㅋ.",
          "summary": "",
          "date": "2022-09-01",
          "time": "10:19:01",
          "terminate": "false"
        },
        {
          "speaker": "speaker1",
          "personaID": "02381",
          "participantID": "0041",
          "utterance": "그래야겠어요^^. 우선 일좀 해야겠네요. 이따 연락 할게요ㅎㅎ.",
          "summary": "",
          "date": "2022-09-01",
          "time": "10:19:36",
          "terminate": "false"
        },
        {
          "speaker": "speaker2",
          "personaID": "03936",
          "participantID": "0060",
          "utterance": "네. 오후 화이팅 하시고 다시 대화해용.",
          "summary": "",
          "date": "2022-09-01",
          "time": "10:19:46",
          "terminate": "true"
        }
      ],
      "sessionPersonaSummary": {
        "speaker1": [
          "나는 군대를 다녀왔다.",
          "나는 영화 보는 걸 좋아한다.",
          "나는 범죄 영화를 좋아한다."
        ],
        "speaker2": [
          "나는 9시쯤 퇴근을 한다.",
          "나는 영화를 좋아한다.",
          "나는 로맨스 영화를 싫어한다."
        ]
      },
      "prevAggregatedpersonaSummary": {
        "speaker1": [
          "나는 30대 남성이다.",
          "나는 중식을 좋아한다. 나는 피시방을 운영한다.",
          "나의 거주지는 전라도이다.",
          "나는 미혼이다.",
          "나는 애인이 없다.",
          "나는 초밥을 좋아한다."
        ],
        "speaker2": [
          "나는 40대 여성이다.",
          "나는 중식집을 운영한다.",
          "나는 결혼을 했다.",
          "나는 경기도에 거주한다.",
          "나는 결혼 20년 차이다. 나는 아들이 있다."
        ]
      }
    },
    {
      "prevSessionID": "3-00271-2",
      "prevTimeInfo": {
        "timeNum": "7",
        "timeUnit": "시간"
      },
      "nthSession": "3",
      "numberOfUtterances": "18",
      "numberOfTurns": "9",
      "sessionID": "3-00271-3",
      "dialog": [
        {
          "speaker": "speaker1",
          "personaID": "02381",
          "participantID": "0041",
          "utterance": "퇴근 하셨어요? 전 집 들어와서 화분에 물 주고 있어요.",
          "summary": "",
          "date": "2022-09-01",
          "time": "10:19:49",
          "terminate": "false"
        },
        {
          "speaker": "speaker2",
          "personaID": "03936",
          "participantID": "0060",
          "utterance": "네 ㅎㅎ. 퇴근하고 집에 들어와서 청소 좀 했네용. 화분 키우세요?!",
          "summary": "",
          "date": "2022-09-01",
          "time": "10:20:05",
          "terminate": "false"
        },
        {
          "speaker": "speaker1",
          "personaID": "02381",
          "participantID": "0041",
          "utterance": "부모님이랑 같이 사는데 저희 어머니가 키우셔요. 물 주는 거 지루해 죽겠어요.",
          "summary": "나는 화분에 물을 주는 게 지루하다.",
          "date": "2022-09-01",
          "time": "10:20:28",
          "terminate": "false"
        },
        {
          "speaker": "speaker2",
          "personaID": "03936",
          "participantID": "0060",
          "utterance": "저도 예전에 몇 개 키웠었다가 지금은 안 키워용ㅎㅎ..은근 귀찮더라구요.",
          "summary": "",
          "date": "2022-09-01",
          "time": "10:21:03",
          "terminate": "false"
        },
        {
          "speaker": "speaker1",
          "personaID": "02381",
          "participantID": "0041",
          "utterance": "완전요. 심지어 전 꽃이 이쁜지도 모르겠어요ㅋㅋ. 저는 꽃을 싫어해서요.",
          "summary": "나는 꽃을 싫어한다.",
          "date": "2022-09-01",
          "time": "10:21:47",
          "terminate": "false"
        },
        {
          "speaker": "speaker2",
          "personaID": "03936",
          "participantID": "0060",
          "utterance": "꽃 싫어하셔요?ㅜㅜ 전 꽃 보는 건 좋아해서 꽃 선물 받으면 너무 기분 좋거든요ㅎㅎ.",
          "summary": "나는 꽃을 좋아한다.",
          "date": "2022-09-01",
          "time": "10:22:16",
          "terminate": "false"
        },
        {
          "speaker": "speaker1",
          "personaID": "02381",
          "participantID": "0041",
          "utterance": "저는 남자라 그런가 별 감흥도 없고 신경 안쓰고 싶더라구요ㅜ.",
          "summary": "",
          "date": "2022-09-01",
          "time": "10:22:53",
          "terminate": "false"
        },
        {
          "speaker": "speaker2",
          "personaID": "03936",
          "participantID": "0060",
          "utterance": "아ㅎㅎ. 그럴 수 있죠! 이제 뭐 하시게요~?",
          "summary": "",
          "date": "2022-09-01",
          "time": "10:23:33",
          "terminate": "false"
        },
        {
          "speaker": "speaker1",
          "personaID": "02381",
          "participantID": "0041",
          "utterance": "인터넷으로 @기타명1@ 사려구요. 아침마다 오늘의 운세를 읽는다 오늘 운세가 좋았거든요ㅋㅋ.",
          "summary": "나는 아침에 오늘의 운세를 읽는다.",
          "date": "2022-09-01",
          "time": "10:24:21",
          "terminate": "false"
        },
        {
          "speaker": "speaker2",
          "personaID": "03936",
          "participantID": "0060",
          "utterance": "오늘의 운세 재미있죠ㅋㅋ. 저도 가끔씩 심심풀이로 읽는데 나쁘게 나오면 괜히 신경쓰이고 그러더라구용ㅋㅋ.",
          "summary": "나는 오늘의 운세를 가끔 읽는다.",
          "date": "2022-09-01",
          "time": "10:24:58",
          "terminate": "false"
        },
        {
          "speaker": "speaker1",
          "personaID": "02381",
          "participantID": "0041",
          "utterance": "맞아요. 뭔가 긴장하고 좀 고민하게 되고^^. 적당히 좋은 얘기만 골라서 들으셔요ㅋㅋ.",
          "summary": "",
          "date": "2022-09-01",
          "time": "10:25:32",
          "terminate": "false"
        },
        {
          "speaker": "speaker2",
          "personaID": "03936",
          "participantID": "0060",
          "utterance": "그래야겠어요ㅎㅎ. 혹시 운동 하시는 거 있으세용?",
          "summary": "",
          "date": "2022-09-01",
          "time": "10:25:58",
          "terminate": "false"
        },
        {
          "speaker": "speaker1",
          "personaID": "02381",
          "participantID": "0041",
          "utterance": "아뇨. 딱히 없네요. 운동 다니셔요?",
          "summary": "",
          "date": "2022-09-01",
          "time": "10:26:14",
          "terminate": "false"
        },
        {
          "speaker": "speaker2",
          "personaID": "03936",
          "participantID": "0060",
          "utterance": "저는 수영 자주 해요^^. 매일 아침마다 출근 하기 전에 수영 다녀용ㅎㅎ.",
          "summary": "나는 수영을 자주 한다.",
          "date": "2022-09-01",
          "time": "10:26:56",
          "terminate": "false"
        },
        {
          "speaker": "speaker1",
          "personaID": "02381",
          "participantID": "0041",
          "utterance": "대단하신데요? 저는 물을 무서워해서 수영은 좀 힘들겠더라구요ㅜ.",
          "summary": "나는 물을 무서워한다.",
          "date": "2022-09-01",
          "time": "10:27:36",
          "terminate": "false"
        },
        {
          "speaker": "speaker2",
          "personaID": "03936",
          "participantID": "0060",
          "utterance": "저도 무서워했었어용ㅋㅋ. 이제 재미있는 영화 골라야겠네용.",
          "summary": "",
          "date": "2022-09-01",
          "time": "10:28:20",
          "terminate": "false"
        },
        {
          "speaker": "speaker1",
          "personaID": "02381",
          "participantID": "0041",
          "utterance": "영화 재밌고 보시고 푹 쉬셔요^^. 저도 슬슬 저녁 준비 해야겠네요. 또 봬용ㅋㅋ.",
          "summary": "",
          "date": "2022-09-01",
          "time": "10:28:41",
          "terminate": "false"
        },
        {
          "speaker": "speaker2",
          "personaID": "03936",
          "participantID": "0060",
          "utterance": "네. 대화 즐거웠어요ㅎㅎ. 저녁 맛있게 드세용.",
          "summary": "",
          "date": "2022-09-01",
          "time": "10:28:49",
          "terminate": "true"
        }
      ],
      "sessionPersonaSummary": {
        "speaker1": [
          "나는 화분에 물을 주는 게 지루하다.",
          "나는 꽃을 싫어한다.",
          "나는 아침에 오늘의 운세를 읽는다.",
          "나는 물을 무서워한다."
        ],
        "speaker2": [
          "나는 꽃을 좋아한다.",
          "나는 오늘의 운세를 가끔 읽는다.",
          "나는 수영을 자주 한다."
        ]
      },
      "prevAggregatedpersonaSummary": {
        "speaker1": [
          "나는 30대 남성이다.",
          "나는 중식을 좋아한다. 나는 피시방을 운영한다.",
          "나의 거주지는 전라도이다.",
          "나는 미혼이다.",
          "나는 애인이 없다.",
          "나는 초밥을 좋아한다.",
          "나는 군대를 다녀왔다.",
          "나는 영화 보는 걸 좋아한다.",
          "나는 범죄 영화를 좋아한다."
        ],
        "speaker2": [
          "나는 40대 여성이다.",
          "나는 중식집을 운영한다.",
          "나는 결혼을 했다.",
          "나는 경기도에 거주한다.",
          "나는 결혼 20년 차이다. 나는 아들이 있다.",
          "나는 9시쯤 퇴근을 한다.",
          "나는 영화를 좋아한다.",
          "나는 로맨스 영화를 싫어한다."
        ]
      }
    }
  ]
}