{
  "FileInfo": {
    "filename": "K3-00238-CL40454-CP52096-14-08-S3.json",
    "sessionLevel": "3"
  },
  "participantsInfo": {
    "numberOfParticipants": "2",
    "speaker1": {
      "participantID": "3678",
      "gender": "남성",
      "age": "30대",
      "occupation": "사무직",
      "bPlace": "서울/경기/인천",
      "gPlace": "서울/경기/인천",
      "rPlace": "서울/경기/인천",
      "educationLevel": "대졸"
    },
    "speaker2": {
      "participantID": "3376",
      "gender": "여성",
      "age": "40대",
      "occupation": "기타",
      "bPlace": "부산/대구/울산/경상",
      "gPlace": "부산/대구/울산/경상",
      "rPlace": "부산/대구/울산/경상",
      "educationLevel": "대졸"
    }
  },
  "multisessionInfo": {
    "multisessionID": "3-00238"
  },
  "personaInfo": {
    "clInfo": {
      "personaID": "40454",
      "personaFeatures": [
        "나는 남자이다.",
        "나는 40대이다.",
        "나의 거주지는 파주이다",
        "나는 주식은 어떻게 하는지도 모른다",
        "나는 TV 애니메이션을 싫어한다"
      ],
      "speakerType": "speaker1"
    },
    "cpInfo": {
      "personaID": "52096",
      "personaFeatures": [
        "나는 여자이다.",
        "나는 50대이다.",
        "나는 요즘, 매일 평온하다",
        "나는 새벽에 운동한다",
        "나는 블루스 음악을 가끔 듣는다"
      ],
      "speakerType": "speaker2"
    }
  },
  "topicInfo": {
    "topicID": "14-08",
    "topicType": "시사/사회>사회이슈(국내)",
    "topicTitle": "출산율"
  },
  "sessionInfo": [
    {
      "prevSessionID": null,
      "prevTimeInfo": {
        "timeNum": null,
        "timeUnit": null
      },
      "nthSession": "1",
      "numberOfUtterances": "14",
      "numberOfTurns": "7",
      "sessionID": "3-00238-1",
      "dialog": [
        {
          "speaker": "speaker1",
          "personaID": "40454",
          "participantID": "3678",
          "utterance": "안녕하세요 40대 남성입니다 반가워요",
          "summary": "나는 40대 남성이다",
          "date": "2022-10-25",
          "time": "06:34:48",
          "terminate": "false"
        },
        {
          "speaker": "speaker2",
          "personaID": "52096",
          "participantID": "3376",
          "utterance": "반가워요 저는 50대 여성이예요",
          "summary": "나는 50대 여성이다",
          "date": "2022-10-25",
          "time": "07:54:07",
          "terminate": "false"
        },
        {
          "speaker": "speaker1",
          "personaID": "40454",
          "participantID": "3678",
          "utterance": "반가워요 저는 파주에 거주하고 있습니다!",
          "summary": "나는 파주에 산다",
          "date": "2022-10-25",
          "time": "08:45:21",
          "terminate": "false"
        },
        {
          "speaker": "speaker2",
          "personaID": "52096",
          "participantID": "3376",
          "utterance": "아 경기도 파주면 수도권이네요 부러워요",
          "summary": "나는 상대방이 수도권에 살아서 부럽다.",
          "date": "2022-10-25",
          "time": "08:46:50",
          "terminate": "false"
        },
        {
          "speaker": "speaker1",
          "personaID": "40454",
          "participantID": "3678",
          "utterance": "아 네 좀 시골느낌이에요~~ ㅎㅎ 출근하시나요?",
          "summary": "",
          "date": "2022-10-25",
          "time": "08:49:47",
          "terminate": "false"
        },
        {
          "speaker": "speaker2",
          "personaID": "52096",
          "participantID": "3376",
          "utterance": "수도권이지만 여유로운 시골느낌 더 좋은데요 저는 프리랜서예요",
          "summary": "나는 프리랜서다",
          "date": "2022-10-25",
          "time": "08:53:38",
          "terminate": "false"
        },
        {
          "speaker": "speaker1",
          "personaID": "40454",
          "participantID": "3678",
          "utterance": "아 프리랜서시구나~ 혹시 주식 하시나요??",
          "summary": "",
          "date": "2022-10-25",
          "time": "09:19:33",
          "terminate": "false"
        },
        {
          "speaker": "speaker2",
          "personaID": "52096",
          "participantID": "3376",
          "utterance": "아이고 했는데 지금은 크게 하락장이라 잠시 주식을 보지도 않고 있네요 대신 새벽에 운동을 해요",
          "summary": "나는 주식을 보지 않고 새벽에 운동을 한다",
          "date": "2022-10-25",
          "time": "09:34:56",
          "terminate": "false"
        },
        {
          "speaker": "speaker1",
          "personaID": "40454",
          "participantID": "3678",
          "utterance": "아 ~ 저희 아내가 주식으로 요즘 마음이 많이 힘들어보여서 여쭤봤어요 저는 주식을 어떻게 하는지도 모르거든요... 하락장이군요..",
          "summary": "나는 요즘 주식으로 힘들어하는 아내가 있다 나는 주식을 할 줄 모른다",
          "date": "2022-10-25",
          "time": "09:37:19",
          "terminate": "false"
        },
        {
          "speaker": "speaker2",
          "personaID": "52096",
          "participantID": "3376",
          "utterance": "아 그러셨군요 주식은 주기가 있으니 올라올거예요 위로해주세요 그렇게 생각하니 저는 요즘 매일이 평온해요",
          "summary": "나는 매일 평온하다",
          "date": "2022-10-25",
          "time": "09:56:20",
          "terminate": "false"
        },
        {
          "speaker": "speaker1",
          "personaID": "40454",
          "participantID": "3678",
          "utterance": "아 평온함을 느끼신다니 ~ 좋네요. 그런감정이 최고에요 나이가 들수록요  휴가라 집에서 TV보는데 죄다 애니메이션만 나오네요. 저는 TV애미메이션을 싫어하는데..",
          "summary": " 나는 tv 애니메이션을 싫어한다",
          "date": "2022-10-25",
          "time": "10:12:47",
          "terminate": "false"
        },
        {
          "speaker": "speaker2",
          "personaID": "52096",
          "participantID": "3376",
          "utterance": "아 애니메이션 싫어하신다면 블루스 음악 추천해요 저는 블루스음악 가끔 들어요",
          "summary": "나는 가끔 블루스 음악을 듣는다",
          "date": "2022-10-25",
          "time": "10:13:22",
          "terminate": "false"
        },
        {
          "speaker": "speaker1",
          "personaID": "40454",
          "participantID": "3678",
          "utterance": "블루스를요? 우와~ 저는 블루스 음악은 생소하네요",
          "summary": "나는 블루스가 생소하다.",
          "date": "2022-10-25",
          "time": "10:13:47",
          "terminate": "false"
        },
        {
          "speaker": "speaker2",
          "personaID": "52096",
          "participantID": "3376",
          "utterance": "그죠 블루스 음악 한번 들어보세요 저도 들어보고 올게요 곧 만나요",
          "summary": "",
          "date": "2022-10-25",
          "time": "17:09:34",
          "terminate": "true"
        }
      ],
      "sessionPersonaSummary": {
        "speaker1": [
          "나는 40대 남성이다",
          "나는 파주에 산다",
          "나는 요즘 주식으로 힘들어하는 아내가 있다",
          "나는 주식을 할 줄 모른다",
          "나는 tv 애니메이션을 싫어한다",
          "나는 블루스가 생소하다."
        ],
        "speaker2": [
          "나는 50대 여성이다",
          "나는 상대방이 수도권에 살아서 부럽다.",
          "나는 프리랜서다",
          "나는 주식을 보지 않고 새벽에 운동을 한다",
          "나는 매일 평온하다",
          "나는 가끔 블루스 음악을 듣는다"
        ]
      },
      "prevAggregatedpersonaSummary": {
        "speaker1": [],
        "speaker2": []
      }
    },
    {
      "prevSessionID": "3-00238-1",
      "prevTimeInfo": {
        "timeNum": "1",
        "timeUnit": "주"
      },
      "nthSession": "2",
      "numberOfUtterances": "14",
      "numberOfTurns": "7",
      "sessionID": "3-00238-2",
      "dialog": [
        {
          "speaker": "speaker1",
          "personaID": "40454",
          "participantID": "3678",
          "utterance": "안녕하세여  일주일이 훌쩍 지나가네요",
          "summary": "",
          "date": "2022-10-25",
          "time": "19:04:51",
          "terminate": "false"
        },
        {
          "speaker": "speaker2",
          "personaID": "52096",
          "participantID": "3376",
          "utterance": "잘 지내셨죠?저는 요즘 우리나라 출산율 정책에 좀 안타까워하며 지냈어요",
          "summary": "나는 우리나라 출산율 정책에 안타까워한다.",
          "date": "2022-10-25",
          "time": "20:27:02",
          "terminate": "false"
        },
        {
          "speaker": "speaker1",
          "personaID": "40454",
          "participantID": "3678",
          "utterance": "출산율0.7프로... 세계 꼴지라고 하더군요",
          "summary": "나는 우리나라의 출산율이 0.7프로 전 세계 꼴찌라는 사실을 안다",
          "date": "2022-10-25",
          "time": "21:35:02",
          "terminate": "false"
        },
        {
          "speaker": "speaker2",
          "personaID": "52096",
          "participantID": "3376",
          "utterance": "양극화에 집값 고공행진에 육아휴가도 힘든 나라니 그럴 수 밖에요",
          "summary": "",
          "date": "2022-10-25",
          "time": "21:58:54",
          "terminate": "false"
        },
        {
          "speaker": "speaker1",
          "personaID": "40454",
          "participantID": "3678",
          "utterance": "맞습니다. 정말 육아맘들이 맘편하게 애낳고도 사회에서 역할을 해내기가 힘드니 당연한 결과에요",
          "summary": "나는 육아가 힘든 사회에 산다고 생각한다",
          "date": "2022-10-25",
          "time": "22:18:10",
          "terminate": "false"
        },
        {
          "speaker": "speaker2",
          "personaID": "52096",
          "participantID": "3376",
          "utterance": "맞아요 육아휴직뒤에 여성승진도 힘들테니까요",
          "summary": "",
          "date": "2022-10-25",
          "time": "22:48:01",
          "terminate": "false"
        },
        {
          "speaker": "speaker1",
          "personaID": "40454",
          "participantID": "3678",
          "utterance": "네 근데 참 어찌 생각하면 기업에서 쉽게 해결할 수 있는 문제는 아니란 생각이 듭니다",
          "summary": "나는 출산율 문제는 기업이 쉽게 해결할 수는 없다고 생각한다",
          "date": "2022-10-26",
          "time": "06:25:22",
          "terminate": "false"
        },
        {
          "speaker": "speaker2",
          "personaID": "52096",
          "participantID": "3376",
          "utterance": "맞아요 정부지원도 필요하고 무엇보다 사회적 인식이 수반되어야 할 거 같아요",
          "summary": "나는 출산율을 위해 정부지원과 사회적 인식이 수반되어야 한다고 생각한다.",
          "date": "2022-10-26",
          "time": "07:29:53",
          "terminate": "false"
        },
        {
          "speaker": "speaker1",
          "personaID": "40454",
          "participantID": "3678",
          "utterance": "공감해요. 서글픈게 출산율은 꼴지인데 외국아이 입양율은 1위 라네요?",
          "summary": "나는 우리나라의 외국 입양률이 전 세계 1위라는 사실에 서글프다",
          "date": "2022-10-26",
          "time": "07:40:04",
          "terminate": "false"
        },
        {
          "speaker": "speaker2",
          "personaID": "52096",
          "participantID": "3376",
          "utterance": "너무 부끄럽고 슬프게도 출산율 꼴찌인 나라가 예전부터 아이팔아 장사했다고 저도 뉴스에서 들었어요",
          "summary": "나는 우리나라가 아이 팔아 장사했다는 뉴스를 들었다.",
          "date": "2022-10-26",
          "time": "07:45:47",
          "terminate": "false"
        },
        {
          "speaker": "speaker1",
          "personaID": "40454",
          "participantID": "3678",
          "utterance": "어머 정말요? 창피스러운 수치네요. 참 일부에서는 낳고싶어도 못낳는 현실이기도 한데 안타깝고 참담하네요... ",
          "summary": "나는 출산율이 창피스러운 수치라고 생각한다.",
          "date": "2022-10-26",
          "time": "08:19:28",
          "terminate": "false"
        },
        {
          "speaker": "speaker2",
          "personaID": "52096",
          "participantID": "3376",
          "utterance": "맞아요 불임 난임도 지원체계가 잡히면 더 좋겠어요",
          "summary": "나는 불임 난임도 지원체계가 잡히면 좋겠다.",
          "date": "2022-10-26",
          "time": "08:30:46",
          "terminate": "false"
        },
        {
          "speaker": "speaker1",
          "personaID": "40454",
          "participantID": "3678",
          "utterance": "아 맞아요. 저도 그때 와이프랑 알아봤었는데... 소득에 따라 지원 안되는 경우가 많더라구요 . 유익한 대화네요 다음에 또 대화해요",
          "summary": "나는 소득에 따라 난임 불임 지원이 달라진다는 사실을 알게 되었다",
          "date": "2022-10-26",
          "time": "08:31:20",
          "terminate": "false"
        },
        {
          "speaker": "speaker2",
          "personaID": "52096",
          "participantID": "3376",
          "utterance": "네 덕분에 저도 즐거웠어요 또 만나요",
          "summary": "",
          "date": "2022-10-26",
          "time": "08:31:50",
          "terminate": "true"
        }
      ],
      "sessionPersonaSummary": {
        "speaker1": [
          "나는 우리나라의 출산율이 0.7프로 전 세계 꼴찌라는 사실을 안다",
          "나는 육아가 힘든 사회에 산다고 생각한다",
          "나는 출산율 문제는 기업이 쉽게 해결할 수는 없다고 생각한다",
          "나는 우리나라의 외국 입양률이 전 세계 1위라는 사실에 서글프다",
          "나는 출산율이 창피스러운 수치라고 생각한다.",
          "나는 소득에 따라 난임 불임 지원이 달라진다는 사실을 알게 되었다"
        ],
        "speaker2": [
          "나는 우리나라 출산율 정책에 안타까워한다.",
          "나는 출산율을 위해 정부지원과 사회적 인식이 수반되어야 한다고 생각한다.",
          "나는 우리나라가 아이 팔아 장사했다는 뉴스를 들었다.",
          "나는 불임 난임도 지원체계가 잡히면 좋겠다."
        ]
      },
      "prevAggregatedpersonaSummary": {
        "speaker1": [
          "나는 40대 남성이다",
          "나는 파주에 산다",
          "나는 요즘 주식으로 힘들어하는 아내가 있다",
          "나는 주식을 할 줄 모른다",
          "나는 tv 애니메이션을 싫어한다",
          "나는 블루스가 생소하다."
        ],
        "speaker2": [
          "나는 50대 여성이다",
          "나는 상대방이 수도권에 살아서 부럽다.",
          "나는 프리랜서다",
          "나는 주식을 보지 않고 새벽에 운동을 한다",
          "나는 매일 평온하다",
          "나는 가끔 블루스 음악을 듣는다"
        ]
      }
    },
    {
      "prevSessionID": "3-00238-2",
      "prevTimeInfo": {
        "timeNum": "6",
        "timeUnit": "주"
      },
      "nthSession": "3",
      "numberOfUtterances": "14",
      "numberOfTurns": "7",
      "sessionID": "3-00238-3",
      "dialog": [
        {
          "speaker": "speaker1",
          "personaID": "40454",
          "participantID": "3678",
          "utterance": "6주 만이에요~ 저희 아내가 갑자기 임신하는 바람에.. 정신없는 시간들이었네요^^",
          "summary": "나는 아내가 갑자기 임신하는 바람에 정신이 없었다",
          "date": "2022-10-26",
          "time": "08:37:32",
          "terminate": "false"
        },
        {
          "speaker": "speaker2",
          "personaID": "52096",
          "participantID": "3376",
          "utterance": "어머나 축하드려요 덕분에 출산율 올라가는 소리가 들리네요",
          "summary": "나는 출산율 올라가는 소리가 들린다",
          "date": "2022-10-26",
          "time": "08:41:11",
          "terminate": "false"
        },
        {
          "speaker": "speaker1",
          "personaID": "40454",
          "participantID": "3678",
          "utterance": "아하하 그러게요~ 이번에 둘째인데. 몇년사이에 정책이 많이 바뀌긴 했더라구요 출산율 높이기 위해 나름.. 노력은 하는구나 싶었어요. 사실 그다지 크게 유익한건 아니지만요^^",
          "summary": "나는 이번에 둘째를 낳는데 출산정책이 많이 바뀐 걸 알게 되었다 나는 출산율을 높이기 위한 시도는 큰 효과가 없지만 노력한다고는 생각한다",
          "date": "2022-10-26",
          "time": "08:42:39",
          "terminate": "false"
        },
        {
          "speaker": "speaker2",
          "personaID": "52096",
          "participantID": "3376",
          "utterance": "아쉬운대로 출산장려지원금도 받고 하셔야죠",
          "summary": "",
          "date": "2022-10-26",
          "time": "09:04:53",
          "terminate": "false"
        },
        {
          "speaker": "speaker1",
          "personaID": "40454",
          "participantID": "3678",
          "utterance": "네 둘째라서 지원금도 더 많이주더라구요~^^ 임신했다고 바우처도 200만원이나주고, 이제 부모수당도 생긴거 아세요?",
          "summary": "나는 둘째 출산지원금이라 더 많이 받는다 나는 임신 바우처 200만 원과 부모수당을 알게 되었다",
          "date": "2022-10-26",
          "time": "09:05:34",
          "terminate": "false"
        },
        {
          "speaker": "speaker2",
          "personaID": "52096",
          "participantID": "3376",
          "utterance": "이 윗지방은 부모수당 월 30만원 생긴 거 맞나요?",
          "summary": "",
          "date": "2022-10-26",
          "time": "14:05:22",
          "terminate": "false"
        },
        {
          "speaker": "speaker1",
          "personaID": "40454",
          "participantID": "3678",
          "utterance": "월 40일거에요. 아마 이런저런 이름 다 합쳐서요! 엇 전국적으로 받는거 아닌가요?? 저는 다같이 받는줄 알았는데.",
          "summary": "나는 부모수당이 합쳐서 월 40으로 알고 있다",
          "date": "2022-10-26",
          "time": "14:38:15",
          "terminate": "false"
        },
        {
          "speaker": "speaker2",
          "personaID": "52096",
          "participantID": "3376",
          "utterance": "아 그렇군요 그거라도 너무 좋은데요",
          "summary": "나는 부모수당이 너무 좋다",
          "date": "2022-10-26",
          "time": "15:57:14",
          "terminate": "false"
        },
        {
          "speaker": "speaker1",
          "personaID": "40454",
          "participantID": "3678",
          "utterance": "그렇죠~^^ 근데 저는 매달 지원금보단 사회에서 아이들에 대한 다양한 환경을 만들어주어야 할 것 같아요 보육문제 학교폭력 이런것들요~ ",
          "summary": "나는 아이들에게 다양한 환경을 만들어주어야 한다고 생각한다.",
          "date": "2022-10-26",
          "time": "16:24:37",
          "terminate": "false"
        },
        {
          "speaker": "speaker2",
          "personaID": "52096",
          "participantID": "3376",
          "utterance": "그것도 진짜 해결되어야 할 문제죠",
          "summary": "나는 환경문제가 해결되어야 한다고 생각한다",
          "date": "2022-10-26",
          "time": "16:29:18",
          "terminate": "false"
        },
        {
          "speaker": "speaker1",
          "personaID": "40454",
          "participantID": "3678",
          "utterance": "네 전 그런게 가장 중요하다고 생각이 되거든요. 아이들이 잘 클 수 있는 환경요",
          "summary": "나는 아이들이 클 수 있는 환경 조성이 출산율을 위해 필요하다고 생각한다",
          "date": "2022-10-26",
          "time": "17:06:23",
          "terminate": "false"
        },
        {
          "speaker": "speaker2",
          "personaID": "52096",
          "participantID": "3376",
          "utterance": "내 아이들이 걱정없이 잘 자랑 수 있는 환경 너무 중요하죠",
          "summary": "나는 아이들이 걱정 없이 잘 자랄 수 있는 환경이 중요하다",
          "date": "2022-10-26",
          "time": "17:30:14",
          "terminate": "false"
        },
        {
          "speaker": "speaker1",
          "personaID": "40454",
          "participantID": "3678",
          "utterance": "네 유익한 대화 감사해요 즐거운 저녁 되세요",
          "summary": "",
          "date": "2022-10-26",
          "time": "18:56:43",
          "terminate": "false"
        },
        {
          "speaker": "speaker2",
          "personaID": "52096",
          "participantID": "3376",
          "utterance": "저도 덕분에 즐거운 대화나눴어요 또 만나요. 저는 내일 새벽운동을 위하여 일찍 자러갑니다.~",
          "summary": "나는 내일 새벽 운동을 할 것이다.",
          "date": "2022-10-26",
          "time": "19:55:04",
          "terminate": "true"
        }
      ],
      "sessionPersonaSummary": {
        "speaker1": [
          "나는 아내가 갑자기 임신하는 바람에 정신이 없었다",
          "나는 이번에 둘째를 낳는데 출산정책이 많이 바뀐 걸 알게 되었다",
          "나는 출산율을 높이기 위한 시도는 큰 효과가 없지만 노력한다고는 생각한다",
          "나는 둘째 출산지원금이라 더 많이 받는다",
          "나는 임신 바우처 200만 원과 부모수당을 알게 되었다",
          "나는 부모수당이 합쳐서 월 40으로 알고 있다",
          "나는 아이들에게 다양한 환경을 만들어주어야 한다고 생각한다.",
          "나는 아이들이 클 수 있는 환경 조성이 출산율을 위해 필요하다고 생각한다"
        ],
        "speaker2": [
          "나는 출산율 올라가는 소리가 들린다",
          "나는 부모수당이 너무 좋다",
          "나는 환경문제가 해결되어야 한다고 생각한다",
          "나는 아이들이 걱정 없이 잘 자랄 수 있는 환경이 중요하다",
          "나는 내일 새벽 운동을 할 것이다."
        ]
      },
      "prevAggregatedpersonaSummary": {
        "speaker1": [
          "나는 40대 남성이다",
          "나는 파주에 산다",
          "나는 요즘 주식으로 힘들어하는 아내가 있다",
          "나는 주식을 할 줄 모른다",
          "나는 tv 애니메이션을 싫어한다",
          "나는 블루스가 생소하다.",
          "나는 우리나라의 출산율이 0.7프로 전 세계 꼴찌라는 사실을 안다",
          "나는 육아가 힘든 사회에 산다고 생각한다",
          "나는 출산율 문제는 기업이 쉽게 해결할 수는 없다고 생각한다",
          "나는 우리나라의 외국 입양률이 전 세계 1위라는 사실에 서글프다",
          "나는 출산율이 창피스러운 수치라고 생각한다.",
          "나는 소득에 따라 난임 불임 지원이 달라진다는 사실을 알게 되었다"
        ],
        "speaker2": [
          "나는 50대 여성이다",
          "나는 상대방이 수도권에 살아서 부럽다.",
          "나는 프리랜서다",
          "나는 주식을 보지 않고 새벽에 운동을 한다",
          "나는 매일 평온하다",
          "나는 가끔 블루스 음악을 듣는다",
          "나는 우리나라 출산율 정책에 안타까워한다.",
          "나는 출산율을 위해 정부지원과 사회적 인식이 수반되어야 한다고 생각한다.",
          "나는 우리나라가 아이 팔아 장사했다는 뉴스를 들었다.",
          "나는 불임 난임도 지원체계가 잡히면 좋겠다."
        ]
      }
    }
  ]
}