{
  "FileInfo": {
    "filename": "K3-00350-CL41442-CP42267-14-03-S3.json",
    "sessionLevel": "3"
  },
  "participantsInfo": {
    "numberOfParticipants": "2",
    "speaker1": {
      "participantID": "3954",
      "gender": "여성",
      "age": "40대",
      "occupation": "주부",
      "bPlace": "서울/경기/인천",
      "gPlace": "부산/대구/울산/경상",
      "rPlace": "서울/경기/인천",
      "educationLevel": "대졸"
    },
    "speaker2": {
      "participantID": "3298",
      "gender": "여성",
      "age": "30대",
      "occupation": "사무직",
      "bPlace": "부산/대구/울산/경상",
      "gPlace": "대전/세종/충청/강원",
      "rPlace": "서울/경기/인천",
      "educationLevel": "대졸"
    }
  },
  "multisessionInfo": {
    "multisessionID": "3-00350"
  },
  "personaInfo": {
    "clInfo": {
      "personaID": "41442",
      "personaFeatures": [
        "나는 여자이다.",
        "나는 40대이다.",
        "나의 거주지는 대구이다",
        "나는 눈 오는 날씨를 좋아한다",
        "나는 요리를 좋아한다"
      ],
      "speakerType": "speaker1"
    },
    "cpInfo": {
      "personaID": "42267",
      "personaFeatures": [
        "나는 여자이다.",
        "나는 40대이다.",
        "나는 혈액형이 B형이다",
        "나의 남자 형제는 미용사이다",
        "나는 R&B 음악을 자주 듣는다"
      ],
      "speakerType": "speaker2"
    }
  },
  "topicInfo": {
    "topicID": "14-03",
    "topicType": "시사/사회>사회이슈(국내)",
    "topicTitle": "사건 및 사고"
  },
  "sessionInfo": [
    {
      "prevSessionID": null,
      "prevTimeInfo": {
        "timeNum": null,
        "timeUnit": null
      },
      "nthSession": "1",
      "numberOfUtterances": "14",
      "numberOfTurns": "7",
      "sessionID": "3-00350-1",
      "dialog": [
        {
          "speaker": "speaker1",
          "personaID": "41442",
          "participantID": "3954",
          "utterance": "안녕하세요. 저는 40대 여성입니다.",
          "summary": "나는 40대 여성이다",
          "date": "2022-11-07",
          "time": "09:25:54",
          "terminate": "false"
        },
        {
          "speaker": "speaker2",
          "personaID": "42267",
          "participantID": "3298",
          "utterance": "안녕하세요 40대 여성입니다 반가워요",
          "summary": "나는 40대 여자이다.",
          "date": "2022-11-07",
          "time": "09:27:29",
          "terminate": "false"
        },
        {
          "speaker": "speaker1",
          "personaID": "41442",
          "participantID": "3954",
          "utterance": "저랑 같으시네요. 저는 대구에 사는데 어디에 사세요?",
          "summary": "나는 대구에 거주한다",
          "date": "2022-11-07",
          "time": "10:04:03",
          "terminate": "false"
        },
        {
          "speaker": "speaker2",
          "personaID": "42267",
          "participantID": "3298",
          "utterance": "저는 수원에 살고 있어요. 남자형제가 미용사인데 같이 일하고 있습니다^^",
          "summary": "나는 남자 형제가 미용사이다.",
          "date": "2022-11-07",
          "time": "10:05:32",
          "terminate": "false"
        },
        {
          "speaker": "speaker1",
          "personaID": "41442",
          "participantID": "3954",
          "utterance": "수원에 사시는군요. 제가 눈 오는 날에 수원에 놀러간 적이 있어요. 눈 오는 날씨를 좋아해 눈 오는 날 친구 만나러 놀러갔거든요. 어떤 음식 좋아하세요?",
          "summary": "나는 눈 오는 날을 좋아한다",
          "date": "2022-11-07",
          "time": "18:39:55",
          "terminate": "false"
        },
        {
          "speaker": "speaker2",
          "personaID": "42267",
          "participantID": "3298",
          "utterance": "저는 와인에 치즈를 먹는걸 좋아해요. R&B 음악을 자주 들어서 와인바 자주 가죠",
          "summary": "나는 R&B 음악을 자주 듣는다.",
          "date": "2022-11-07",
          "time": "18:41:37",
          "terminate": "false"
        },
        {
          "speaker": "speaker1",
          "personaID": "41442",
          "participantID": "3954",
          "utterance": "와인도 즐겨 드시고 멋지시네요. 저는 요리를 좋아해서 집에서 만든 요리에 맥주를 즐겨 마셔요.",
          "summary": "나는 요리를 좋아해서 요리와 맥주를 즐겨마신다",
          "date": "2022-11-07",
          "time": "18:43:08",
          "terminate": "false"
        },
        {
          "speaker": "speaker2",
          "personaID": "42267",
          "participantID": "3298",
          "utterance": "우와 가장 잘 만드는 음식이 무엇인가요",
          "summary": "",
          "date": "2022-11-07",
          "time": "18:44:09",
          "terminate": "false"
        },
        {
          "speaker": "speaker1",
          "personaID": "41442",
          "participantID": "3954",
          "utterance": "닭볶음탕이요. 어떤 음식을 좋아하세요?",
          "summary": "나는 닭볶음탕을 잘한다",
          "date": "2022-11-07",
          "time": "18:45:10",
          "terminate": "false"
        },
        {
          "speaker": "speaker2",
          "personaID": "42267",
          "participantID": "3298",
          "utterance": "우와 저는 삼겹살이요! 한달에 20일은 삼겹살을 먹어요",
          "summary": "나는 삼겹살을 자주 먹는다.",
          "date": "2022-11-07",
          "time": "18:45:47",
          "terminate": "false"
        },
        {
          "speaker": "speaker1",
          "personaID": "41442",
          "participantID": "3954",
          "utterance": "와! 많이 드시네요. 저는 2주에 한 번 정도 먹는 것 같아요.저도 삼겹살 엄청 좋아해요.",
          "summary": "나는 삼겹살을 좋아한다",
          "date": "2022-11-07",
          "time": "18:46:43",
          "terminate": "false"
        },
        {
          "speaker": "speaker2",
          "personaID": "42267",
          "participantID": "3298",
          "utterance": "저 편식이 심해요! 헌혈하러 왔어요 혈액형이 b형인데 무슨형이세요? ",
          "summary": "나는 혈액형이 b형이다.",
          "date": "2022-11-07",
          "time": "18:48:29",
          "terminate": "false"
        },
        {
          "speaker": "speaker1",
          "personaID": "41442",
          "participantID": "3954",
          "utterance": "저는 A형이에요. 헌혈도 하시고 건강하신가봐요. 저는 빈혈이 있어서 헌혈을 못해요.",
          "summary": "나는 혈액형은 a형이고 빈혈이 있어서 헌혈은 못한다",
          "date": "2022-11-07",
          "time": "18:50:04",
          "terminate": "false"
        },
        {
          "speaker": "speaker2",
          "personaID": "42267",
          "participantID": "3298",
          "utterance": "이런 잘 드셔야겟어요! 우리 그럼 다음에 대화해요",
          "summary": "",
          "date": "2022-11-07",
          "time": "20:39:24",
          "terminate": "true"
        }
      ],
      "sessionPersonaSummary": {
        "speaker1": [
          "나는 40대 여성이다",
          "나는 대구에 거주한다",
          "나는 눈 오는 날을 좋아한다",
          "나는 요리를 좋아해서 요리와 맥주를 즐겨마신다",
          "나는 닭볶음탕을 잘한다",
          "나는 삼겹살을 좋아한다",
          "나는 혈액형은 a형이고 빈혈이 있어서 헌혈은 못한다"
        ],
        "speaker2": [
          "나는 40대 여자이다.",
          "나는 남자 형제가 미용사이다.",
          "나는 R&B 음악을 자주 듣는다.",
          "나는 삼겹살을 자주 먹는다.",
          "나는 혈액형이 b형이다."
        ]
      },
      "prevAggregatedpersonaSummary": {
        "speaker1": [],
        "speaker2": []
      }
    },
    {
      "prevSessionID": "3-00350-1",
      "prevTimeInfo": {
        "timeNum": "12",
        "timeUnit": "시간"
      },
      "nthSession": "2",
      "numberOfUtterances": "14",
      "numberOfTurns": "7",
      "sessionID": "3-00350-2",
      "dialog": [
        {
          "speaker": "speaker1",
          "personaID": "41442",
          "participantID": "3954",
          "utterance": "12시간 만이네요. 잘 주무셨어요? 저는 오랫만에 푹 자고 일어났네요.",
          "summary": "",
          "date": "2022-11-07",
          "time": "21:58:48",
          "terminate": "false"
        },
        {
          "speaker": "speaker2",
          "personaID": "42267",
          "participantID": "3298",
          "utterance": "반나절 내내 주무셕나봐여~~ 전 뉴스 보고 마음이 착잡 하네요 왜이렇게 사고가 끊이질 않을까요?",
          "summary": "나는 뉴스 보고 마음이 좋지 않다.",
          "date": "2022-11-07",
          "time": "22:04:56",
          "terminate": "false"
        },
        {
          "speaker": "speaker1",
          "personaID": "41442",
          "participantID": "3954",
          "utterance": "네. 푹 잤어요. 요즘 정말 자고 일어나면 뉴스가 끊이질 않아요. 저는 이태원 사고소식 보고 가짜뉴스 뜨는 줄 알았어요.",
          "summary": "나는 사고소식 뉴스 보고 가짜인 줄 알았다",
          "date": "2022-11-08",
          "time": "01:13:12",
          "terminate": "false"
        },
        {
          "speaker": "speaker2",
          "personaID": "42267",
          "participantID": "3298",
          "utterance": "네.. 초기에 지인들이 동영상 막 공유하는 바람에 원치 않는 것들도 다 봐버리고 너무 피폐해졌어요... 아직도 마음이 먹먹하네요",
          "summary": "나는 마음이 먹먹하다.",
          "date": "2022-11-08",
          "time": "06:56:28",
          "terminate": "false"
        },
        {
          "speaker": "speaker1",
          "personaID": "41442",
          "participantID": "3954",
          "utterance": "마음이 너무 아프고 먹먹하죠. 우리나라에서 이런 일이 일어났다는 사실이 믿기지 않아요.",
          "summary": "나는 우리나라에서 일어나는 사고가 믿기지 않는다",
          "date": "2022-11-08",
          "time": "14:48:58",
          "terminate": "false"
        },
        {
          "speaker": "speaker2",
          "personaID": "42267",
          "participantID": "3298",
          "utterance": "맞아요 뿐만 아니라 요즘 지속해서 안전 사고가 많이 발생하는 것 같아 무섭고 슬프네요",
          "summary": "나는 사고가 많이 발생해 슬프다.",
          "date": "2022-11-08",
          "time": "16:35:48",
          "terminate": "false"
        },
        {
          "speaker": "speaker1",
          "personaID": "41442",
          "participantID": "3954",
          "utterance": "오늘 아침에 가족들이 나가는데 괜히 걱정되더라고요. 남의 일 같지 않아요.",
          "summary": "나는 오늘 아침에 가족들이 나가는데 괜히 걱정이 됐다",
          "date": "2022-11-08",
          "time": "16:59:09",
          "terminate": "false"
        },
        {
          "speaker": "speaker2",
          "personaID": "42267",
          "participantID": "3298",
          "utterance": "맞아요.. 왜 갑자기 그러는건지 광산 사건도 그렇구요 공장에서도 사고가 잦네요 요즘 ",
          "summary": "",
          "date": "2022-11-08",
          "time": "19:11:33",
          "terminate": "false"
        },
        {
          "speaker": "speaker1",
          "personaID": "41442",
          "participantID": "3954",
          "utterance": "광산 사고에서 고립된 분들 생존하셔서 정말 다행이에요. 제가 가족이라면 정말 애탔을 것 같아요.",
          "summary": "나는 광산사고로 고립되었다 생존한 사람들이 정말 다행이다",
          "date": "2022-11-08",
          "time": "20:03:29",
          "terminate": "false"
        },
        {
          "speaker": "speaker2",
          "personaID": "42267",
          "participantID": "3298",
          "utterance": "맞아요 그래도 기적의 드라마 처럼 생존 하셔서... 감동이에요 ",
          "summary": "",
          "date": "2022-11-08",
          "time": "20:53:21",
          "terminate": "false"
        },
        {
          "speaker": "speaker1",
          "personaID": "41442",
          "participantID": "3954",
          "utterance": "살아계실거라 생각 못했는데 말이에요. 요즘에는 살인 사건도 많고 세상이 무서워요.",
          "summary": "나는 요즘 세상이 무섭다",
          "date": "2022-11-08",
          "time": "22:25:54",
          "terminate": "false"
        },
        {
          "speaker": "speaker2",
          "personaID": "42267",
          "participantID": "3298",
          "utterance": "맞아요. 정말 항상 나 스스로 조심하고 또 조심하는 방법밖에 없는거같아요. 아이들 키우기도 무섭고 흉흉하네요",
          "summary": "",
          "date": "2022-11-09",
          "time": "08:01:26",
          "terminate": "false"
        },
        {
          "speaker": "speaker1",
          "personaID": "41442",
          "participantID": "3954",
          "utterance": "자라나는 아이들이 가장 걱정이긴 해요. 좋은 사람들도 많지만 나쁜 사람들도 종종 있더라고요.",
          "summary": "나는 자라나는 아이들이 가장 걱정이다",
          "date": "2022-11-09",
          "time": "21:04:20",
          "terminate": "false"
        },
        {
          "speaker": "speaker2",
          "personaID": "42267",
          "participantID": "3298",
          "utterance": "씁쓸하네요 정말... 대화 감사합니다 다음에 또 나눠요",
          "summary": "",
          "date": "2022-11-09",
          "time": "21:16:49",
          "terminate": "true"
        }
      ],
      "sessionPersonaSummary": {
        "speaker1": [
          "나는 사고소식 뉴스 보고 가짜인 줄 알았다",
          "나는 우리나라에서 일어나는 사고가 믿기지 않는다",
          "나는 오늘 아침에 가족들이 나가는데 괜히 걱정이 됐다",
          "나는 광산사고로 고립되었다 생존한 사람들이 정말 다행이다",
          "나는 요즘 세상이 무섭다",
          "나는 자라나는 아이들이 가장 걱정이다"
        ],
        "speaker2": [
          "나는 뉴스 보고 마음이 좋지 않다.",
          "나는 마음이 먹먹하다.",
          "나는 사고가 많이 발생해 슬프다."
        ]
      },
      "prevAggregatedpersonaSummary": {
        "speaker1": [
          "나는 40대 여성이다",
          "나는 대구에 거주한다",
          "나는 눈 오는 날을 좋아한다",
          "나는 요리를 좋아해서 요리와 맥주를 즐겨마신다",
          "나는 닭볶음탕을 잘한다",
          "나는 삼겹살을 좋아한다",
          "나는 혈액형은 a형이고 빈혈이 있어서 헌혈은 못한다"
        ],
        "speaker2": [
          "나는 40대 여자이다.",
          "나는 남자 형제가 미용사이다.",
          "나는 R&B 음악을 자주 듣는다.",
          "나는 삼겹살을 자주 먹는다.",
          "나는 혈액형이 b형이다."
        ]
      }
    },
    {
      "prevSessionID": "3-00350-2",
      "prevTimeInfo": {
        "timeNum": "30",
        "timeUnit": "시간"
      },
      "nthSession": "3",
      "numberOfUtterances": "14",
      "numberOfTurns": "7",
      "sessionID": "3-00350-3",
      "dialog": [
        {
          "speaker": "speaker1",
          "personaID": "41442",
          "participantID": "3954",
          "utterance": "하루하고도 6시간이나 더 지났네요. 어제 하루 뭐하셨어요? 저는 TV뉴스를 봤어요.",
          "summary": "나는 어제 tv 뉴스를 봤다",
          "date": "2022-11-09",
          "time": "21:25:37",
          "terminate": "false"
        },
        {
          "speaker": "speaker2",
          "personaID": "42267",
          "participantID": "3298",
          "utterance": "뉴스에 뭐 이슈있나요? 시간이 금방가죠^^; ",
          "summary": "",
          "date": "2022-11-10",
          "time": "09:17:02",
          "terminate": "false"
        },
        {
          "speaker": "speaker1",
          "personaID": "41442",
          "participantID": "3954",
          "utterance": "요즘은 전 대통령이 북한에서 받은 풍산개 때문에 말이 많더라고요. 개인적인 제 생각은 개를 생각하면 전 대통령이 개를 키우는데 좋을 것 같다라는 생각입니다.",
          "summary": "나는 전 대통령이 개를 키우는 게 좋겠다고 생각한다",
          "date": "2022-11-10",
          "time": "20:05:04",
          "terminate": "false"
        },
        {
          "speaker": "speaker2",
          "personaID": "42267",
          "participantID": "3298",
          "utterance": "네 그래서 오늘 기사에 보니 전적으로 키우겠다고 한 기사를 봤어요. 저도 반려동물을 키우는데 입양이 잘한 결정이라는 생각이 듭니다",
          "summary": "나는 반려동물 입양이 잘한 결정이라고 생각한다.",
          "date": "2022-11-10",
          "time": "20:23:23",
          "terminate": "false"
        },
        {
          "speaker": "speaker1",
          "personaID": "41442",
          "participantID": "3954",
          "utterance": "반려동물을 키우시는군요. 저도 말티푸를 키우고 있는데 개사고 소식에 산책나가기가 조심스러울 때가 있어요.",
          "summary": "나는 몰티즈를 키우는 개 사고 소식에 데리고 나가기가 조심스러울 때가 있다",
          "date": "2022-11-11",
          "time": "00:18:10",
          "terminate": "false"
        },
        {
          "speaker": "speaker2",
          "personaID": "42267",
          "participantID": "3298",
          "utterance": "어머.. 맞아요... 아 저 궁금한게 있는게 견주로써 산책나갔을때 주변사람들이 강아지한테 관심갖고 그러면 좀 불편하신가요?",
          "summary": "",
          "date": "2022-11-11",
          "time": "08:26:30",
          "terminate": "false"
        },
        {
          "speaker": "speaker1",
          "personaID": "41442",
          "participantID": "3954",
          "utterance": "아니요. 좋게 봐주시니까 좋더라고요. 오히려 주인이 방심하고 끈을 느슨하게 하고 있는 개들이 무서워요.",
          "summary": "나는 주인이 방심하고 끈을 느슨히 하고 있는 개들이 무섭다",
          "date": "2022-11-11",
          "time": "10:30:48",
          "terminate": "false"
        },
        {
          "speaker": "speaker2",
          "personaID": "42267",
          "participantID": "3298",
          "utterance": "아하~ 그렇죠 입마개 해야하는데 안하는 견주들도 있긴하더라구요. 저희 애기가 놀이터가면 맨날 강아지들한테 껄쩍대거든요... 혹시 싫어하실까봐 궁금했어요",
          "summary": "나는 강아지가 있다.",
          "date": "2022-11-11",
          "time": "11:04:29",
          "terminate": "false"
        },
        {
          "speaker": "speaker1",
          "personaID": "41442",
          "participantID": "3954",
          "utterance": "개물림 사고가 날 때마다 좋지 않은 시선으로 바라 보는 것 같아 속상하더라고요.",
          "summary": "나는 개 물림 사고가 날 때마다 속상하다",
          "date": "2022-11-12",
          "time": "11:46:24",
          "terminate": "false"
        },
        {
          "speaker": "speaker2",
          "personaID": "42267",
          "participantID": "3298",
          "utterance": "근데 최근에 개물림 사고가 많이 나긴 했어요.~~ 휴 또 뉴스에 경찰정보국장 자살 기사가 나왔네요",
          "summary": "",
          "date": "2022-11-12",
          "time": "12:56:45",
          "terminate": "false"
        },
        {
          "speaker": "speaker1",
          "personaID": "41442",
          "participantID": "3954",
          "utterance": "어머나 그래요? 너무 안타깝네요. 사건 사고 중에서 자살이 제일 마음 아파요.",
          "summary": "나는 사건사고 중에 자살이 제일 마음 아프다",
          "date": "2022-11-12",
          "time": "16:06:43",
          "terminate": "false"
        },
        {
          "speaker": "speaker2",
          "personaID": "42267",
          "participantID": "3298",
          "utterance": "저도 자살 뉴스를 보면 마음이 아픕니다 . 남은 가족들은 정말 가슴이 미어지겟죠..?",
          "summary": "나는 자살 뉴스를 보면 마음이 아프다.",
          "date": "2022-11-12",
          "time": "16:58:56",
          "terminate": "false"
        },
        {
          "speaker": "speaker1",
          "personaID": "41442",
          "participantID": "3954",
          "utterance": "그러니까요. 슬픔은 남은 사람 몫인 것 같아요.",
          "summary": "",
          "date": "2022-11-12",
          "time": "17:08:25",
          "terminate": "false"
        },
        {
          "speaker": "speaker2",
          "personaID": "42267",
          "participantID": "3298",
          "utterance": "그러네요 슬픈대화네요 참 사건사고가 많지 않았음 좋겠네요! 전 이만 청소하러 갈게요",
          "summary": "나는 청소하러 가야 한다.",
          "date": "2022-11-12",
          "time": "17:22:08",
          "terminate": "true"
        }
      ],
      "sessionPersonaSummary": {
        "speaker1": [
          "나는 어제 tv 뉴스를 봤다",
          "나는 전 대통령이 개를 키우는 게 좋겠다고 생각한다",
          "나는 몰티즈를 키우는 개 사고 소식에 데리고 나가기가 조심스러울 때가 있다",
          "나는 주인이 방심하고 끈을 느슨히 하고 있는 개들이 무섭다",
          "나는 개 물림 사고가 날 때마다 속상하다",
          "나는 사건사고 중에 자살이 제일 마음 아프다"
        ],
        "speaker2": [
          "나는 반려동물 입양이 잘한 결정이라고 생각한다.",
          "나는 강아지가 있다.",
          "나는 자살 뉴스를 보면 마음이 아프다.",
          "나는 청소하러 가야 한다."
        ]
      },
      "prevAggregatedpersonaSummary": {
        "speaker1": [
          "나는 40대 여성이다",
          "나는 대구에 거주한다",
          "나는 눈 오는 날을 좋아한다",
          "나는 요리를 좋아해서 요리와 맥주를 즐겨마신다",
          "나는 닭볶음탕을 잘한다",
          "나는 삼겹살을 좋아한다",
          "나는 혈액형은 a형이고 빈혈이 있어서 헌혈은 못한다",
          "나는 사고소식 뉴스 보고 가짜인 줄 알았다",
          "나는 우리나라에서 일어나는 사고가 믿기지 않는다",
          "나는 오늘 아침에 가족들이 나가는데 괜히 걱정이 됐다",
          "나는 광산사고로 고립되었다 생존한 사람들이 정말 다행이다",
          "나는 요즘 세상이 무섭다",
          "나는 자라나는 아이들이 가장 걱정이다"
        ],
        "speaker2": [
          "나는 40대 여자이다.",
          "나는 남자 형제가 미용사이다.",
          "나는 R&B 음악을 자주 듣는다.",
          "나는 삼겹살을 자주 먹는다.",
          "나는 혈액형이 b형이다.",
          "나는 뉴스 보고 마음이 좋지 않다.",
          "나는 마음이 먹먹하다.",
          "나는 사고가 많이 발생해 슬프다."
        ]
      }
    }
  ]
}