{
  "FileInfo": {
    "filename": "K3-00363-CL30252-CP31042-05-09-S3.json",
    "sessionLevel": "3"
  },
  "participantsInfo": {
    "numberOfParticipants": "2",
    "speaker1": {
      "participantID": "24847",
      "gender": "남성",
      "age": "30대",
      "occupation": "서비스직",
      "bPlace": "서울/경기/인천",
      "gPlace": "서울/경기/인천",
      "rPlace": "서울/경기/인천",
      "educationLevel": "고졸"
    },
    "speaker2": {
      "participantID": "25762",
      "gender": "남성",
      "age": "30대",
      "occupation": "사무직",
      "bPlace": "서울/경기/인천",
      "gPlace": "서울/경기/인천",
      "rPlace": "서울/경기/인천",
      "educationLevel": "고졸"
    }
  },
  "multisessionInfo": {
    "multisessionID": "3-00363"
  },
  "personaInfo": {
    "clInfo": {
      "personaID": "30252",
      "personaFeatures": [
        "나는 남자이다.",
        "나는 30대이다.",
        "나는 변호사이다.",
        "나는 주말에 친구를 만난다.",
        "나는 수박을 싫어한다."
      ],
      "speakerType": "speaker1"
    },
    "cpInfo": {
      "personaID": "31042",
      "personaFeatures": [
        "나는 남자이다.",
        "나는 30대이다.",
        "나의 거주지는 울산이다.",
        "나는 미국에 가 보고 싶다.",
        "나는 TV 다큐멘터리를 자주 본다."
      ],
      "speakerType": "speaker2"
    }
  },
  "topicInfo": {
    "topicID": "05-09",
    "topicType": "일과 직업>군대",
    "topicTitle": "면회"
  },
  "sessionInfo": [
    {
      "prevSessionID": null,
      "prevTimeInfo": {
        "timeNum": null,
        "timeUnit": null
      },
      "nthSession": "1",
      "numberOfUtterances": "16",
      "numberOfTurns": "8",
      "sessionID": "3-00363-1",
      "dialog": [
        {
          "speaker": "speaker1",
          "personaID": "30252",
          "participantID": "24847",
          "utterance": "변호사로 일하는 30대 남자입니다.",
          "summary": "나는 변호사이다. 나는 30대 남자다.",
          "date": "2022-10-15",
          "time": "16:51:55",
          "terminate": "false"
        },
        {
          "speaker": "speaker2",
          "personaID": "31042",
          "participantID": "25762",
          "utterance": "저는 회사원인 30대 남자입니다. 울산에 살아요~",
          "summary": "나는 회사원이다. 나는 30대 남자이다. 나는 울산에 거주한다.",
          "date": "2022-10-15",
          "time": "16:52:18",
          "terminate": "false"
        },
        {
          "speaker": "speaker1",
          "personaID": "30252",
          "participantID": "24847",
          "utterance": "반갑습니다. 주말인데 뭐 하세요?",
          "summary": "",
          "date": "2022-10-15",
          "time": "16:52:20",
          "terminate": "false"
        },
        {
          "speaker": "speaker2",
          "personaID": "31042",
          "participantID": "25762",
          "utterance": "다큐멘터리 보고 있었어요! 다큐멘터리를 자주 보거든요~",
          "summary": "나는 다큐멘터리를 봤다. 나는 TV 다큐멘터리를 자주 본다.",
          "date": "2022-10-15",
          "time": "16:52:43",
          "terminate": "false"
        },
        {
          "speaker": "speaker1",
          "personaID": "30252",
          "participantID": "24847",
          "utterance": "다큐멘터리는 어떤거 보시나요?",
          "summary": "",
          "date": "2022-10-15",
          "time": "16:52:45",
          "terminate": "false"
        },
        {
          "speaker": "speaker2",
          "personaID": "31042",
          "participantID": "25762",
          "utterance": "인간 극장 봤네요~ 다큐멘터리 좋아하세요?",
          "summary": "나는 인간 극장을 봤다.",
          "date": "2022-10-15",
          "time": "16:53:02",
          "terminate": "false"
        },
        {
          "speaker": "speaker1",
          "personaID": "30252",
          "participantID": "24847",
          "utterance": "그렇군요~ㅎㅎ 저도 가끔 보네요~ 인각극장 재밌죠.",
          "summary": "나는 다큐멘터리를 가끔 본다. 나는 인간극장이 재밌다.",
          "date": "2022-10-15",
          "time": "16:53:12",
          "terminate": "false"
        },
        {
          "speaker": "speaker2",
          "personaID": "31042",
          "participantID": "25762",
          "utterance": "다큐멘터리에 미국이 나왔는데 미국에 가 보고 싶어요~",
          "summary": "나는 미국에 가 보고 싶다.",
          "date": "2022-10-15",
          "time": "16:53:37",
          "terminate": "false"
        },
        {
          "speaker": "speaker1",
          "personaID": "30252",
          "participantID": "24847",
          "utterance": "미국은 저도 안가봤네요~ 저는 주말이면 친구를 만나네요.",
          "summary": "나는 미국을 안 가봤다. 나는 주말에 친구를 만난다.",
          "date": "2022-10-15",
          "time": "16:53:49",
          "terminate": "false"
        },
        {
          "speaker": "speaker2",
          "personaID": "31042",
          "participantID": "25762",
          "utterance": "친구들 만나면 소주 한잔 하시는 건가요?",
          "summary": "",
          "date": "2022-10-15",
          "time": "16:54:01",
          "terminate": "false"
        },
        {
          "speaker": "speaker1",
          "personaID": "30252",
          "participantID": "24847",
          "utterance": "아무래도 그렇죠~ 요즘 여름이라서 수박이 많이 나오는데 저는 안먹어요. 싫어해서요.",
          "summary": "나는 수박을 싫어한다.",
          "date": "2022-10-15",
          "time": "16:54:15",
          "terminate": "false"
        },
        {
          "speaker": "speaker2",
          "personaID": "31042",
          "participantID": "25762",
          "utterance": "저는 수박 좋아하는데~ㅎㅎ 시원하잖아요~",
          "summary": "나는 수박을 좋아한다.",
          "date": "2022-10-15",
          "time": "16:54:24",
          "terminate": "false"
        },
        {
          "speaker": "speaker1",
          "personaID": "30252",
          "participantID": "24847",
          "utterance": "저는 수박의 향이 싫더라고요.",
          "summary": "",
          "date": "2022-10-15",
          "time": "16:54:45",
          "terminate": "false"
        },
        {
          "speaker": "speaker2",
          "personaID": "31042",
          "participantID": "25762",
          "utterance": "수박 특유의 향이 있기는 하죠~",
          "summary": "",
          "date": "2022-10-15",
          "time": "16:54:55",
          "terminate": "false"
        },
        {
          "speaker": "speaker1",
          "personaID": "30252",
          "participantID": "24847",
          "utterance": "그러네요~ 저는 이만 친구 만나러 갈게요~ 다음에 이야기해요.",
          "summary": "나는 친구 만나러 간다.",
          "date": "2022-10-15",
          "time": "16:55:06",
          "terminate": "false"
        },
        {
          "speaker": "speaker2",
          "personaID": "31042",
          "participantID": "25762",
          "utterance": "네~ 즐거운 시간 보내세요~ 다음에 이야기해요~",
          "summary": "",
          "date": "2022-10-15",
          "time": "16:55:13",
          "terminate": "true"
        }
      ],
      "sessionPersonaSummary": {
        "speaker1": [
          "나는 변호사이다. 나는 30대 남자다.",
          "나는 다큐멘터리를 가끔 본다. 나는 인간극장이 재밌다.",
          "나는 미국을 안 가봤다. 나는 주말에 친구를 만난다.",
          "나는 수박을 싫어한다.",
          "나는 친구 만나러 간다."
        ],
        "speaker2": [
          "나는 회사원이다. 나는 30대 남자이다. 나는 울산에 거주한다.",
          "나는 다큐멘터리를 봤다. 나는 TV 다큐멘터리를 자주 본다.",
          "나는 인간 극장을 봤다.",
          "나는 미국에 가 보고 싶다.",
          "나는 수박을 좋아한다."
        ]
      },
      "prevAggregatedpersonaSummary": {
        "speaker1": [],
        "speaker2": []
      }
    },
    {
      "prevSessionID": "3-00363-1",
      "prevTimeInfo": {
        "timeNum": "5",
        "timeUnit": "일"
      },
      "nthSession": "2",
      "numberOfUtterances": "16",
      "numberOfTurns": "8",
      "sessionID": "3-00363-2",
      "dialog": [
        {
          "speaker": "speaker1",
          "personaID": "30252",
          "participantID": "24847",
          "utterance": "5일이 지났네요~ 인간극장 에피소드 중에 군대 이야기 보셨나요?",
          "summary": "",
          "date": "2022-10-15",
          "time": "16:55:39",
          "terminate": "false"
        },
        {
          "speaker": "speaker2",
          "personaID": "31042",
          "participantID": "25762",
          "utterance": "군대 편은 못 본 것 같네요~ 어떤 내용이던가요?",
          "summary": "나는 군대 편을 못 봤다.",
          "date": "2022-10-15",
          "time": "16:55:51",
          "terminate": "false"
        },
        {
          "speaker": "speaker1",
          "personaID": "30252",
          "participantID": "24847",
          "utterance": "훈련소편이였는데 훈련 끝나고 첫 면회 하는 장면이 감동적이더군요.",
          "summary": "나는 훈련소 다큐가 감동이었다.",
          "date": "2022-10-15",
          "time": "16:56:24",
          "terminate": "false"
        },
        {
          "speaker": "speaker2",
          "personaID": "31042",
          "participantID": "25762",
          "utterance": "아~ 그 편 재밌을 것 같네요! 저도 훈련소 때가 생각이 나네요..",
          "summary": "",
          "date": "2022-10-15",
          "time": "16:56:53",
          "terminate": "false"
        },
        {
          "speaker": "speaker1",
          "personaID": "30252",
          "participantID": "24847",
          "utterance": "저도 훈련소때가 생각나서 울컥 했네요.",
          "summary": "",
          "date": "2022-10-15",
          "time": "16:57:00",
          "terminate": "false"
        },
        {
          "speaker": "speaker2",
          "personaID": "31042",
          "participantID": "25762",
          "utterance": "저도 첫 면회 때 정말 눈물이 나왔는데..",
          "summary": "나는 첫 면회 때 눈물이 나왔다.",
          "date": "2022-10-15",
          "time": "16:57:11",
          "terminate": "false"
        },
        {
          "speaker": "speaker1",
          "personaID": "30252",
          "participantID": "24847",
          "utterance": "너무 기뻤죠~ 외박도 같이 하나 주잖아요.",
          "summary": "나는 첫 면회가 기뻤다.",
          "date": "2022-10-15",
          "time": "16:57:24",
          "terminate": "false"
        },
        {
          "speaker": "speaker2",
          "personaID": "31042",
          "participantID": "25762",
          "utterance": "그쵸~ 근데 그때가 군생활 끝난 줄 알았어요~ 시작이었는데..",
          "summary": "나는 수료할 때 군생활이 끝난 줄 알았다.",
          "date": "2022-10-15",
          "time": "16:57:41",
          "terminate": "false"
        },
        {
          "speaker": "speaker1",
          "personaID": "30252",
          "participantID": "24847",
          "utterance": "맞아요~ 그냥 에필로그였죠~ㅋㅋ.",
          "summary": "",
          "date": "2022-10-15",
          "time": "16:57:58",
          "terminate": "false"
        },
        {
          "speaker": "speaker2",
          "personaID": "31042",
          "participantID": "25762",
          "utterance": "맞습니다~ㅋㅋ 그것도 정말 추억이네요~",
          "summary": "나는 훈련소가 추억이다.",
          "date": "2022-10-15",
          "time": "16:58:15",
          "terminate": "false"
        },
        {
          "speaker": "speaker1",
          "personaID": "30252",
          "participantID": "24847",
          "utterance": "그러네요~ 튜토리얼 다깨고 이제 본게임 하러 가는데~ㅎㅎ 군기 다 빠져서는~",
          "summary": "",
          "date": "2022-10-15",
          "time": "16:58:31",
          "terminate": "false"
        },
        {
          "speaker": "speaker2",
          "personaID": "31042",
          "participantID": "25762",
          "utterance": "그쵸~ㅋㅋ 정말 지금 제가 생각하면 귀여울 것 같네요~",
          "summary": "",
          "date": "2022-10-15",
          "time": "16:58:44",
          "terminate": "false"
        },
        {
          "speaker": "speaker1",
          "personaID": "30252",
          "participantID": "24847",
          "utterance": "자대 도착해서 상병얼굴 보는순간 바로 현실 자각 했지만요.",
          "summary": "나는 자대 가서 현실 자각했다.",
          "date": "2022-10-15",
          "time": "16:59:01",
          "terminate": "false"
        },
        {
          "speaker": "speaker2",
          "personaID": "31042",
          "participantID": "25762",
          "utterance": "그때가 제일 현자 타임이 오는 순간이죠..",
          "summary": "나는 자대에서 현자 타임이 왔다.",
          "date": "2022-10-15",
          "time": "16:59:15",
          "terminate": "false"
        },
        {
          "speaker": "speaker1",
          "personaID": "30252",
          "participantID": "24847",
          "utterance": "맞아요. 끔찍하네요~ 저는 이만 자러 갈게요~ 다음에 봐요.",
          "summary": "나는 자러 간다.",
          "date": "2022-10-15",
          "time": "16:59:27",
          "terminate": "false"
        },
        {
          "speaker": "speaker2",
          "personaID": "31042",
          "participantID": "25762",
          "utterance": "다시 돌아가고 싶지는 않네요~ 네. 다음에 이야기해요~",
          "summary": "나는 다시 돌아가고 싶지 않다.",
          "date": "2022-10-15",
          "time": "16:59:33",
          "terminate": "true"
        }
      ],
      "sessionPersonaSummary": {
        "speaker1": [
          "나는 훈련소 다큐가 감동이었다.",
          "나는 첫 면회가 기뻤다.",
          "나는 자대 가서 현실 자각했다.",
          "나는 자러 간다."
        ],
        "speaker2": [
          "나는 군대 편을 못 봤다.",
          "나는 첫 면회 때 눈물이 나왔다.",
          "나는 수료할 때 군생활이 끝난 줄 알았다.",
          "나는 훈련소가 추억이다.",
          "나는 자대에서 현자 타임이 왔다.",
          "나는 다시 돌아가고 싶지 않다."
        ]
      },
      "prevAggregatedpersonaSummary": {
        "speaker1": [
          "나는 변호사이다. 나는 30대 남자다.",
          "나는 다큐멘터리를 가끔 본다. 나는 인간극장이 재밌다.",
          "나는 미국을 안 가봤다. 나는 주말에 친구를 만난다.",
          "나는 수박을 싫어한다.",
          "나는 친구 만나러 간다."
        ],
        "speaker2": [
          "나는 회사원이다. 나는 30대 남자이다. 나는 울산에 거주한다.",
          "나는 다큐멘터리를 봤다. 나는 TV 다큐멘터리를 자주 본다.",
          "나는 인간 극장을 봤다.",
          "나는 미국에 가 보고 싶다.",
          "나는 수박을 좋아한다."
        ]
      }
    },
    {
      "prevSessionID": "3-00363-2",
      "prevTimeInfo": {
        "timeNum": "2",
        "timeUnit": "주"
      },
      "nthSession": "3",
      "numberOfUtterances": "16",
      "numberOfTurns": "8",
      "sessionID": "3-00363-3",
      "dialog": [
        {
          "speaker": "speaker1",
          "personaID": "30252",
          "participantID": "24847",
          "utterance": "2주가 지났네요~ 군대 이야기 한참 했었는데 제 동생이 입대를 하네요~",
          "summary": "내 동생이 입대를 한다.",
          "date": "2022-10-15",
          "time": "16:59:54",
          "terminate": "false"
        },
        {
          "speaker": "speaker2",
          "personaID": "31042",
          "participantID": "25762",
          "utterance": "오랜만에 연락하셔서 동생의 군대 입대 소식을 전해주시다니..ㅠㅠ.",
          "summary": "",
          "date": "2022-10-15",
          "time": "17:00:06",
          "terminate": "false"
        },
        {
          "speaker": "speaker1",
          "personaID": "30252",
          "participantID": "24847",
          "utterance": "괜찮아요~ 그 녀석은 고생좀 해봐야 돼요.",
          "summary": "",
          "date": "2022-10-15",
          "time": "17:00:21",
          "terminate": "false"
        },
        {
          "speaker": "speaker2",
          "personaID": "31042",
          "participantID": "25762",
          "utterance": "군대가 고생이긴 하죠~ 근데 군대 가면 철든다는 이야기도 다 거짓말 같아요~",
          "summary": "나는 군대 가면 철이 든다는 말이 거짓말 같다.",
          "date": "2022-10-15",
          "time": "17:00:37",
          "terminate": "false"
        },
        {
          "speaker": "speaker1",
          "personaID": "30252",
          "participantID": "24847",
          "utterance": "전역하고 한 3달은 괜찮은데 이후로는 똑같아요.",
          "summary": "",
          "date": "2022-10-15",
          "time": "17:00:52",
          "terminate": "false"
        },
        {
          "speaker": "speaker2",
          "personaID": "31042",
          "participantID": "25762",
          "utterance": "그쵸~ 저는 세 달도 안 갔네요~ 작심삼일이었어요~",
          "summary": "나는 철이 든 게 작심삼일이었다.",
          "date": "2022-10-15",
          "time": "17:01:03",
          "terminate": "false"
        },
        {
          "speaker": "speaker1",
          "personaID": "30252",
          "participantID": "24847",
          "utterance": "그래도 동생이 간다고해서 엄청 놀렸어요.",
          "summary": "나는 동생을 놀렸다.",
          "date": "2022-10-15",
          "time": "17:01:15",
          "terminate": "false"
        },
        {
          "speaker": "speaker2",
          "personaID": "31042",
          "participantID": "25762",
          "utterance": "아~ㅋㅋ 정말 너무하시네요~ 짓궂으시네..",
          "summary": "",
          "date": "2022-10-15",
          "time": "17:01:20",
          "terminate": "false"
        },
        {
          "speaker": "speaker1",
          "personaID": "30252",
          "participantID": "24847",
          "utterance": "머리도 제가 깎아줬는데 사진 많이 찍어놨죠.",
          "summary": "나는 동생 머리를 잘랐다.",
          "date": "2022-10-15",
          "time": "17:01:37",
          "terminate": "false"
        },
        {
          "speaker": "speaker2",
          "personaID": "31042",
          "participantID": "25762",
          "utterance": "전역하면 다 추억이니까 남겨두세요~ㅎㅎ.",
          "summary": "",
          "date": "2022-10-15",
          "time": "17:01:51",
          "terminate": "false"
        },
        {
          "speaker": "speaker1",
          "personaID": "30252",
          "participantID": "24847",
          "utterance": "나중에 동생이 올케 데리고 오면 보여주려고요.",
          "summary": "나는 올케에게 동생 사진을 줄 거다.",
          "date": "2022-10-15",
          "time": "17:02:04",
          "terminate": "false"
        },
        {
          "speaker": "speaker2",
          "personaID": "31042",
          "participantID": "25762",
          "utterance": "그거 재밌겠네요~ㅋㅋ 올케분 많이 웃으시겠네~",
          "summary": "",
          "date": "2022-10-15",
          "time": "17:02:11",
          "terminate": "false"
        },
        {
          "speaker": "speaker1",
          "personaID": "30252",
          "participantID": "24847",
          "utterance": "맞아요~ 조카한테도 물려줘야죠.",
          "summary": "나는 조카에게 동생 사진을 줄 거다.",
          "date": "2022-10-15",
          "time": "17:02:20",
          "terminate": "false"
        },
        {
          "speaker": "speaker2",
          "personaID": "31042",
          "participantID": "25762",
          "utterance": "아~ㅋㅋ 정말 그쪽 같은 선임 만나면 괴롭겠어요~",
          "summary": "",
          "date": "2022-10-15",
          "time": "17:02:35",
          "terminate": "false"
        },
        {
          "speaker": "speaker1",
          "personaID": "30252",
          "participantID": "24847",
          "utterance": "그렇지 않아요~ 저는 이만 운동하러 갈게요~ 다음에 봐요.",
          "summary": "나는 운동하러 간다.",
          "date": "2022-10-15",
          "time": "17:02:54",
          "terminate": "false"
        },
        {
          "speaker": "speaker2",
          "personaID": "31042",
          "participantID": "25762",
          "utterance": "네. 알겠습니다. 다음에 연락 주세요~",
          "summary": "",
          "date": "2022-10-15",
          "time": "17:03:00",
          "terminate": "true"
        }
      ],
      "sessionPersonaSummary": {
        "speaker1": [
          "내 동생이 입대를 한다.",
          "나는 동생을 놀렸다.",
          "나는 동생 머리를 잘랐다.",
          "나는 올케에게 동생 사진을 줄 거다.",
          "나는 조카에게 동생 사진을 줄 거다.",
          "나는 운동하러 간다."
        ],
        "speaker2": [
          "나는 군대 가면 철이 든다는 말이 거짓말 같다.",
          "나는 철이 든 게 작심삼일이었다."
        ]
      },
      "prevAggregatedpersonaSummary": {
        "speaker1": [
          "나는 변호사이다. 나는 30대 남자다.",
          "나는 다큐멘터리를 가끔 본다. 나는 인간극장이 재밌다.",
          "나는 미국을 안 가봤다. 나는 주말에 친구를 만난다.",
          "나는 수박을 싫어한다.",
          "나는 친구 만나러 간다.",
          "나는 훈련소 다큐가 감동이었다.",
          "나는 첫 면회가 기뻤다.",
          "나는 자대 가서 현실 자각했다.",
          "나는 자러 간다."
        ],
        "speaker2": [
          "나는 회사원이다. 나는 30대 남자이다. 나는 울산에 거주한다.",
          "나는 다큐멘터리를 봤다. 나는 TV 다큐멘터리를 자주 본다.",
          "나는 인간 극장을 봤다.",
          "나는 미국에 가 보고 싶다.",
          "나는 수박을 좋아한다.",
          "나는 군대 편을 못 봤다.",
          "나는 첫 면회 때 눈물이 나왔다.",
          "나는 수료할 때 군생활이 끝난 줄 알았다.",
          "나는 훈련소가 추억이다.",
          "나는 자대에서 현자 타임이 왔다.",
          "나는 다시 돌아가고 싶지 않다."
        ]
      }
    }
  ]
}