{
  "FileInfo": {
    "filename": "K3-00081-CL61400-CP51861-15-04-S3.json",
    "sessionLevel": "3"
  },
  "participantsInfo": {
    "numberOfParticipants": "2",
    "speaker1": {
      "participantID": "4324",
      "gender": "여성",
      "age": "50대",
      "occupation": "자영업",
      "bPlace": "부산/대구/울산/경상",
      "gPlace": "부산/대구/울산/경상",
      "rPlace": "부산/대구/울산/경상",
      "educationLevel": "고졸"
    },
    "speaker2": {
      "participantID": "3334",
      "gender": "여성",
      "age": "40대",
      "occupation": "주부",
      "bPlace": "광주/전라/제주",
      "gPlace": "광주/전라/제주",
      "rPlace": "광주/전라/제주",
      "educationLevel": "고졸"
    }
  },
  "multisessionInfo": {
    "multisessionID": "3-00081"
  },
  "personaInfo": {
    "clInfo": {
      "personaID": "61400",
      "personaFeatures": [
        "나는 여자이다.",
        "나는 60대 이상이다.",
        "나는 부동산에 늘 관심을 갖고 있다",
        "나는 아침에 야채 주스를 마신다",
        "나는 파인애플을 즐겨 먹는다"
      ],
      "speakerType": "speaker1"
    },
    "cpInfo": {
      "personaID": "51861",
      "personaFeatures": [
        "나는 여자이다.",
        "나는 50대이다.",
        "나는 매우 조용하다",
        "나는 주말에 청소를 한다",
        "나는 가야금 연주를 배우고 싶다"
      ],
      "speakerType": "speaker2"
    }
  },
  "topicInfo": {
    "topicID": "15-04",
    "topicType": "시사/사회>타국가이슈(해외)",
    "topicTitle": "백신"
  },
  "sessionInfo": [
    {
      "prevSessionID": null,
      "prevTimeInfo": {
        "timeNum": null,
        "timeUnit": null
      },
      "nthSession": "1",
      "numberOfUtterances": "14",
      "numberOfTurns": "7",
      "sessionID": "3-00081-1",
      "dialog": [
        {
          "speaker": "speaker1",
          "personaID": "61400",
          "participantID": "4324",
          "utterance": "안녕하세요~ 저는 60대 여성입니다.",
          "summary": "나는 60대 여성이다",
          "date": "2022-11-07",
          "time": "15:19:44",
          "terminate": "false"
        },
        {
          "speaker": "speaker2",
          "personaID": "51861",
          "participantID": "3334",
          "utterance": "안녕하세요 저는 매우 조용한 성격의 50대 여성입니다",
          "summary": "나는 매우 조용한 성격의 50대 여성이다.",
          "date": "2022-11-07",
          "time": "15:20:23",
          "terminate": "false"
        },
        {
          "speaker": "speaker1",
          "personaID": "61400",
          "participantID": "4324",
          "utterance": "저는 저도 성격은 조용한 편인 것 같아요. 요즘은 부동산에 관심이 많답니다. @이름@님은 취미가 따로 있으신가요?",
          "summary": "나는 성격이 조용하고 부동산에 관심이 많다",
          "date": "2022-11-07",
          "time": "15:20:48",
          "terminate": "false"
        },
        {
          "speaker": "speaker2",
          "personaID": "51861",
          "participantID": "3334",
          "utterance": "저는 요즘 가야금 연주를 배우고 싶어 학원을 알아보고 있네요",
          "summary": "나는 가야금 연주를 배우기 위해 학원을 알아보고 있다.",
          "date": "2022-11-07",
          "time": "15:21:32",
          "terminate": "false"
        },
        {
          "speaker": "speaker1",
          "personaID": "61400",
          "participantID": "4324",
          "utterance": "가야금은 고등학생 때 잠깐 배웠던 기억이 나네요. 피아노, 바이올린 보다는 가야금 학원 찾기가 어려울 것 같은데, 근처에 다닐만 한 학원이 있으신가요?",
          "summary": "나는 가야금을 고등학교 때 배웠다 나는 가야금 학원은 찾기가 어려울 거 같다",
          "date": "2022-11-07",
          "time": "16:08:14",
          "terminate": "false"
        },
        {
          "speaker": "speaker2",
          "personaID": "51861",
          "participantID": "3334",
          "utterance": "학원은 없고 문화센터 같은데서 모집을 하더라고요",
          "summary": "",
          "date": "2022-11-07",
          "time": "17:31:54",
          "terminate": "false"
        },
        {
          "speaker": "speaker1",
          "personaID": "61400",
          "participantID": "4324",
          "utterance": "문화센터 교육도 생각보다 질이 높고 좋더라고요. 꼭 잘 맞는 선생님을 만나시길 바래요~ @이름@님은 아침을 챙겨 드시나요? 저는 아침에 야채 주스를 마십니다.",
          "summary": "나는 문화센터 교육도 생각보다 질이 높다고 생각한다 나는 아침에 야채주스를 마신다",
          "date": "2022-11-07",
          "time": "17:44:18",
          "terminate": "false"
        },
        {
          "speaker": "speaker2",
          "personaID": "51861",
          "participantID": "3334",
          "utterance": "저는 아침은 잘 안 챙겨 먹네요 주말에는 주로 뭐 하세요",
          "summary": "나는 아침을 잘 안 챙겨 먹는다.",
          "date": "2022-11-07",
          "time": "17:47:28",
          "terminate": "false"
        },
        {
          "speaker": "speaker1",
          "personaID": "61400",
          "participantID": "4324",
          "utterance": "저는 부동산에 관심이 많아서 주말에는 임장을 다니고 있어요~",
          "summary": "나는 부동산에 관심이 많아 주말에는 임장을 다닌다",
          "date": "2022-11-07",
          "time": "18:14:41",
          "terminate": "false"
        },
        {
          "speaker": "speaker2",
          "personaID": "51861",
          "participantID": "3334",
          "utterance": "부동산에 와우 부럽습니다 저는 주말이면 밀린 정소를 하면서 보내는데^^",
          "summary": "나는 밀린 청소를 하면서 주말을 보낸다.",
          "date": "2022-11-07",
          "time": "18:33:49",
          "terminate": "false"
        },
        {
          "speaker": "speaker1",
          "personaID": "61400",
          "participantID": "4324",
          "utterance": "저도 밀린 청소를 꼭 하죠~^^ 그 다음에 임장에 간답니다. @이름@님은 즐겨 먹는 과일이 있나요? 저는 요즘 식후에 파인애플을 즐겨 먹고 있어요.",
          "summary": "나는 밀린 청소를 하고 임장에 간다 나는 식후에 파인애플을 즐겨 먹는다",
          "date": "2022-11-07",
          "time": "18:43:46",
          "terminate": "false"
        },
        {
          "speaker": "speaker2",
          "personaID": "51861",
          "participantID": "3334",
          "utterance": "저는 가격이 많이 내린 샤인머스켓 먹고 있네요",
          "summary": "나는 샤인 머스캣을 먹고 있다.",
          "date": "2022-11-07",
          "time": "20:10:49",
          "terminate": "false"
        },
        {
          "speaker": "speaker1",
          "personaID": "61400",
          "participantID": "4324",
          "utterance": "샤인 머스캣 저도 좋아해요. 먹을 얘기를 하니까 배가 고파서 일찍 자야겠어요.",
          "summary": "나는 배가 고파 일찍 자야겠다",
          "date": "2022-11-07",
          "time": "22:02:25",
          "terminate": "false"
        },
        {
          "speaker": "speaker2",
          "personaID": "51861",
          "participantID": "3334",
          "utterance": "네 저는 이만 자러  나가 볼게요",
          "summary": "",
          "date": "2022-11-07",
          "time": "22:07:30",
          "terminate": "true"
        }
      ],
      "sessionPersonaSummary": {
        "speaker1": [
          "나는 60대 여성이다",
          "나는 성격이 조용하고 부동산에 관심이 많다",
          "나는 가야금을 고등학교 때 배웠다",
          "나는 가야금 학원은 찾기가 어려울 거 같다",
          "나는 문화센터 교육도 생각보다 질이 높다고 생각한다",
          "나는 아침에 야채주스를 마신다",
          "나는 부동산에 관심이 많아 주말에는 임장을 다닌다",
          "나는 밀린 청소를 하고 임장에 간다",
          "나는 식후에 파인애플을 즐겨 먹는다",
          "나는 배가 고파 일찍 자야겠다"
        ],
        "speaker2": [
          "나는 매우 조용한 성격의 50대 여성이다.",
          "나는 가야금 연주를 배우기 위해 학원을 알아보고 있다.",
          "나는 아침을 잘 안 챙겨 먹는다.",
          "나는 밀린 청소를 하면서 주말을 보낸다.",
          "나는 샤인 머스캣을 먹고 있다."
        ]
      },
      "prevAggregatedpersonaSummary": {
        "speaker1": [],
        "speaker2": []
      }
    },
    {
      "prevSessionID": "3-00081-1",
      "prevTimeInfo": {
        "timeNum": "5",
        "timeUnit": "주"
      },
      "nthSession": "2",
      "numberOfUtterances": "14",
      "numberOfTurns": "7",
      "sessionID": "3-00081-2",
      "dialog": [
        {
          "speaker": "speaker1",
          "personaID": "61400",
          "participantID": "4324",
          "utterance": "5주 만에 연락 드립니다. @이름@님은 잘 지내셨는지요. 주말에 청소는 잘 하셨나요?ㅎㅎ",
          "summary": "",
          "date": "2022-11-08",
          "time": "14:03:50",
          "terminate": "false"
        },
        {
          "speaker": "speaker2",
          "personaID": "51861",
          "participantID": "3334",
          "utterance": "그럼요^^ 벌써 5주가 지났네요 잘 지내고 계시죠",
          "summary": "",
          "date": "2022-11-08",
          "time": "14:40:50",
          "terminate": "false"
        },
        {
          "speaker": "speaker1",
          "personaID": "61400",
          "participantID": "4324",
          "utterance": "저는 최근에 백신 접종을 맞았습니다. 저는 계속 모더나를 접종했는데 해외에서 모더나에 관련한 안좋은 뉴스가 자꾸 나옵니다.",
          "summary": "나는 모더나 백신 접종을 했는데 자꾸 안 좋은 뉴스가 나온다",
          "date": "2022-11-08",
          "time": "15:11:13",
          "terminate": "false"
        },
        {
          "speaker": "speaker2",
          "personaID": "51861",
          "participantID": "3334",
          "utterance": "아 그래요 저도 코로나백신은 모더나로 맞았는데",
          "summary": "나는 코로나 백신으로 모더나를 접종했다.",
          "date": "2022-11-08",
          "time": "17:39:58",
          "terminate": "false"
        },
        {
          "speaker": "speaker1",
          "personaID": "61400",
          "participantID": "4324",
          "utterance": "화이자보다 심근경색 위험이 높다고 합니다.",
          "summary": "나는 화이자보다 모더나가 심근경색 위험이 높다고 들었다.",
          "date": "2022-11-08",
          "time": "17:44:28",
          "terminate": "false"
        },
        {
          "speaker": "speaker2",
          "personaID": "51861",
          "participantID": "3334",
          "utterance": "어머 그나마 초반에는 모더나가 안전하다고 해 모더나로 접종했는데 ",
          "summary": "나는 모더나 백신이 안전하다고 해서 모더나로 접종했다.",
          "date": "2022-11-08",
          "time": "17:47:33",
          "terminate": "false"
        },
        {
          "speaker": "speaker1",
          "personaID": "61400",
          "participantID": "4324",
          "utterance": "아무래도 단기 중기 장기 부작용이 다 다른가봅니다.",
          "summary": "",
          "date": "2022-11-08",
          "time": "18:32:26",
          "terminate": "false"
        },
        {
          "speaker": "speaker2",
          "personaID": "51861",
          "participantID": "3334",
          "utterance": "그러거요 다들 큰 부작용 없기를 바래야죠",
          "summary": "나는 코로나 백신 부작용이 없기를 바란다.",
          "date": "2022-11-08",
          "time": "18:45:49",
          "terminate": "false"
        },
        {
          "speaker": "speaker1",
          "personaID": "61400",
          "participantID": "4324",
          "utterance": "@이름@님은 독감 백신 접종 하셨는지요.",
          "summary": "",
          "date": "2022-11-08",
          "time": "18:47:35",
          "terminate": "false"
        },
        {
          "speaker": "speaker2",
          "personaID": "51861",
          "participantID": "3334",
          "utterance": "네 저는 저번주에 접종했네요 맞을때 생각보다 아프더라고요",
          "summary": "나는 저번 주에 독감 백신 접종을 했는데 주사 맞을 때 아팠다.",
          "date": "2022-11-08",
          "time": "18:48:30",
          "terminate": "false"
        },
        {
          "speaker": "speaker1",
          "personaID": "61400",
          "participantID": "4324",
          "utterance": "독감 백신 부작용은 없으신가요? 저는 접종때 마다 늘 감기를 심하게 앓습니다.",
          "summary": "나는 독감접종 때마다 감기를 심하게 앓았다",
          "date": "2022-11-08",
          "time": "18:53:09",
          "terminate": "false"
        },
        {
          "speaker": "speaker2",
          "personaID": "51861",
          "participantID": "3334",
          "utterance": "저는 해마다 접종하는데 따로 아프지는 않네요",
          "summary": "나는 해마다 독감 백신을 접종하는데 특별히 아프지는 않다.",
          "date": "2022-11-08",
          "time": "19:31:28",
          "terminate": "false"
        },
        {
          "speaker": "speaker1",
          "personaID": "61400",
          "participantID": "4324",
          "utterance": "다행이군요. 저도 이번에는 부작용이 없길 바라며 독감 백신 접종을 알아봐야겠습니다. 시간이 늦어 이만 자러 갈게요.",
          "summary": "나는 독감 부작용이 없기 바라며 백신 접종을 알아봐야겠다",
          "date": "2022-11-08",
          "time": "21:21:44",
          "terminate": "false"
        },
        {
          "speaker": "speaker2",
          "personaID": "51861",
          "participantID": "3334",
          "utterance": "네 저도 이만 나가볼게요 ^^",
          "summary": "",
          "date": "2022-11-08",
          "time": "21:32:51",
          "terminate": "true"
        }
      ],
      "sessionPersonaSummary": {
        "speaker1": [
          "나는 모더나 백신 접종을 했는데 자꾸 안 좋은 뉴스가 나온다",
          "나는 화이자보다 모더나가 심근경색 위험이 높다고 들었다.",
          "나는 독감접종 때마다 감기를 심하게 앓았다",
          "나는 독감 부작용이 없기 바라며 백신 접종을 알아봐야겠다"
        ],
        "speaker2": [
          "나는 코로나 백신으로 모더나를 접종했다.",
          "나는 모더나 백신이 안전하다고 해서 모더나로 접종했다.",
          "나는 코로나 백신 부작용이 없기를 바란다.",
          "나는 저번 주에 독감 백신 접종을 했는데 주사 맞을 때 아팠다.",
          "나는 해마다 독감 백신을 접종하는데 특별히 아프지는 않다."
        ]
      },
      "prevAggregatedpersonaSummary": {
        "speaker1": [
          "나는 60대 여성이다",
          "나는 성격이 조용하고 부동산에 관심이 많다",
          "나는 가야금을 고등학교 때 배웠다",
          "나는 가야금 학원은 찾기가 어려울 거 같다",
          "나는 문화센터 교육도 생각보다 질이 높다고 생각한다",
          "나는 아침에 야채주스를 마신다",
          "나는 부동산에 관심이 많아 주말에는 임장을 다닌다",
          "나는 밀린 청소를 하고 임장에 간다",
          "나는 식후에 파인애플을 즐겨 먹는다",
          "나는 배가 고파 일찍 자야겠다"
        ],
        "speaker2": [
          "나는 매우 조용한 성격의 50대 여성이다.",
          "나는 가야금 연주를 배우기 위해 학원을 알아보고 있다.",
          "나는 아침을 잘 안 챙겨 먹는다.",
          "나는 밀린 청소를 하면서 주말을 보낸다.",
          "나는 샤인 머스캣을 먹고 있다."
        ]
      }
    },
    {
      "prevSessionID": "3-00081-2",
      "prevTimeInfo": {
        "timeNum": "6",
        "timeUnit": "주"
      },
      "nthSession": "3",
      "numberOfUtterances": "14",
      "numberOfTurns": "7",
      "sessionID": "3-00081-3",
      "dialog": [
        {
          "speaker": "speaker1",
          "personaID": "61400",
          "participantID": "4324",
          "utterance": "6주 만에 연락 드립니다. @이름@님 잘 지내셨는지요",
          "summary": "",
          "date": "2022-11-09",
          "time": "12:47:47",
          "terminate": "false"
        },
        {
          "speaker": "speaker2",
          "personaID": "51861",
          "participantID": "3334",
          "utterance": "네 저는 별일 없이 잘 지내고 있습니다^^",
          "summary": "",
          "date": "2022-11-09",
          "time": "15:58:03",
          "terminate": "false"
        },
        {
          "speaker": "speaker1",
          "personaID": "61400",
          "participantID": "4324",
          "utterance": "저는 최근 독감 백신 접종을 했는데 부작용으로 감기를 심하게 앓고 있습니다.",
          "summary": "나는 독감백신 접종을 했는데 부작용으로 감기에 걸렸다",
          "date": "2022-11-09",
          "time": "17:30:21",
          "terminate": "false"
        },
        {
          "speaker": "speaker2",
          "personaID": "51861",
          "participantID": "3334",
          "utterance": "아이고 매해 접종때마다 감기에 걸리신다고 하더니 이번에도 그러셨군요",
          "summary": "",
          "date": "2022-11-09",
          "time": "18:12:28",
          "terminate": "false"
        },
        {
          "speaker": "speaker1",
          "personaID": "61400",
          "participantID": "4324",
          "utterance": "맞아요. 그래도 이번에는 @이름@님처럼 팔뚝만 아프고 끝나지 않을까 기대를 했는데.. 부작용을 피하지 못했습니다.",
          "summary": "나는 이번에도 독감 부작용을 피하지 못했다",
          "date": "2022-11-09",
          "time": "19:01:19",
          "terminate": "false"
        },
        {
          "speaker": "speaker2",
          "personaID": "51861",
          "participantID": "3334",
          "utterance": "고생하셨겠네요 모든 백신에는 부작용이 조금씩 다 있으니까요",
          "summary": "나는 모든 백신에는 부작용이 조금씩 다 있다고 생각한다.",
          "date": "2022-11-09",
          "time": "19:35:09",
          "terminate": "false"
        },
        {
          "speaker": "speaker1",
          "personaID": "61400",
          "participantID": "4324",
          "utterance": "백신은 일종의 바이러스를 주입해서 신체가 면역력을 기를 수 있게 하는 원리라고 하네요. 저는 평소 면역력이 약한 편이라 늘 아픈가봅니다.",
          "summary": "나는 면역력이 약한 편이라 늘 아프다",
          "date": "2022-11-09",
          "time": "20:18:15",
          "terminate": "false"
        },
        {
          "speaker": "speaker2",
          "personaID": "51861",
          "participantID": "3334",
          "utterance": "나이가 들수록 면역력이 많이 떨어지는거 같아요",
          "summary": "나는 나이가 들면서 면역력이 떨어지고 있다.",
          "date": "2022-11-09",
          "time": "20:38:18",
          "terminate": "false"
        },
        {
          "speaker": "speaker1",
          "personaID": "61400",
          "participantID": "4324",
          "utterance": "저는 평소 프로폴리스를 챙겨 먹는데 백신 맞고 나서는 용량을 2배로 먹고 있습니다. 면역력에 좋다네요.",
          "summary": "나늣 프로폴리스를 챙겨 먹는데 백신 맞고 나서 2배로 먹고 있다",
          "date": "2022-11-09",
          "time": "21:13:26",
          "terminate": "false"
        },
        {
          "speaker": "speaker2",
          "personaID": "51861",
          "participantID": "3334",
          "utterance": "프로폴리스가 면역력증진에 좋군요 저는 비타민D를 위해서 낮에 산책을 꼬박꼬박하네요 ",
          "summary": "나는 비타민 D 합성을 위해 낮에 산책을 꼭 한다.",
          "date": "2022-11-09",
          "time": "21:16:48",
          "terminate": "false"
        },
        {
          "speaker": "speaker1",
          "personaID": "61400",
          "participantID": "4324",
          "utterance": "백신 맞고 아프다고 낮에도 방 안에만 있었는데 내일은 저도 낮에 산책을 가야겠습니다.",
          "summary": "나는 아프다고 방에만 있지 말고 낮에 산책을 가야겠다",
          "date": "2022-11-09",
          "time": "21:17:30",
          "terminate": "false"
        },
        {
          "speaker": "speaker2",
          "personaID": "51861",
          "participantID": "3334",
          "utterance": "넘 무리 하지는 마세요 올겨울 독감 걱정없이 지내기를 바래봅니다",
          "summary": "",
          "date": "2022-11-09",
          "time": "21:32:38",
          "terminate": "false"
        },
        {
          "speaker": "speaker1",
          "personaID": "61400",
          "participantID": "4324",
          "utterance": "네 @이름@님도 건강 챙기십시오. 다음에 또 연락 드리겠습니다.",
          "summary": "",
          "date": "2022-11-10",
          "time": "11:44:51",
          "terminate": "false"
        },
        {
          "speaker": "speaker2",
          "personaID": "51861",
          "participantID": "3334",
          "utterance": "네 점심 약속이 있어 나가볼게요",
          "summary": "",
          "date": "2022-11-10",
          "time": "12:46:26",
          "terminate": "true"
        }
      ],
      "sessionPersonaSummary": {
        "speaker1": [
          "나는 독감백신 접종을 했는데 부작용으로 감기에 걸렸다",
          "나는 이번에도 독감 부작용을 피하지 못했다",
          "나는 면역력이 약한 편이라 늘 아프다",
          "나늣 프로폴리스를 챙겨 먹는데 백신 맞고 나서 2배로 먹고 있다",
          "나는 아프다고 방에만 있지 말고 낮에 산책을 가야겠다"
        ],
        "speaker2": [
          "나는 모든 백신에는 부작용이 조금씩 다 있다고 생각한다.",
          "나는 나이가 들면서 면역력이 떨어지고 있다.",
          "나는 비타민 D 합성을 위해 낮에 산책을 꼭 한다."
        ]
      },
      "prevAggregatedpersonaSummary": {
        "speaker1": [
          "나는 60대 여성이다",
          "나는 성격이 조용하고 부동산에 관심이 많다",
          "나는 가야금을 고등학교 때 배웠다",
          "나는 가야금 학원은 찾기가 어려울 거 같다",
          "나는 문화센터 교육도 생각보다 질이 높다고 생각한다",
          "나는 아침에 야채주스를 마신다",
          "나는 부동산에 관심이 많아 주말에는 임장을 다닌다",
          "나는 밀린 청소를 하고 임장에 간다",
          "나는 식후에 파인애플을 즐겨 먹는다",
          "나는 배가 고파 일찍 자야겠다",
          "나는 모더나 백신 접종을 했는데 자꾸 안 좋은 뉴스가 나온다",
          "나는 화이자보다 모더나가 심근경색 위험이 높다고 들었다.",
          "나는 독감접종 때마다 감기를 심하게 앓았다",
          "나는 독감 부작용이 없기 바라며 백신 접종을 알아봐야겠다"
        ],
        "speaker2": [
          "나는 매우 조용한 성격의 50대 여성이다.",
          "나는 가야금 연주를 배우기 위해 학원을 알아보고 있다.",
          "나는 아침을 잘 안 챙겨 먹는다.",
          "나는 밀린 청소를 하면서 주말을 보낸다.",
          "나는 샤인 머스캣을 먹고 있다.",
          "나는 코로나 백신으로 모더나를 접종했다.",
          "나는 모더나 백신이 안전하다고 해서 모더나로 접종했다.",
          "나는 코로나 백신 부작용이 없기를 바란다.",
          "나는 저번 주에 독감 백신 접종을 했는데 주사 맞을 때 아팠다.",
          "나는 해마다 독감 백신을 접종하는데 특별히 아프지는 않다."
        ]
      }
    }
  ]
}