{
  "FileInfo": {
    "filename": "K3-00235-CL31469-CP31994-05-09-S3.json",
    "sessionLevel": "3"
  },
  "participantsInfo": {
    "numberOfParticipants": "2",
    "speaker1": {
      "participantID": "0883",
      "gender": "여성",
      "age": "30대",
      "occupation": "사무직",
      "bPlace": "대전/세종/충청/강원",
      "gPlace": "대전/세종/충청/강원",
      "rPlace": "대전/세종/충청/강원",
      "educationLevel": "고졸"
    },
    "speaker2": {
      "participantID": "0887",
      "gender": "여성",
      "age": "30대",
      "occupation": "사무직",
      "bPlace": "부산/대구/울산/경상",
      "gPlace": "부산/대구/울산/경상",
      "rPlace": "부산/대구/울산/경상",
      "educationLevel": "대졸"
    }
  },
  "multisessionInfo": {
    "multisessionID": "3-00235"
  },
  "personaInfo": {
    "clInfo": {
      "personaID": "31469",
      "personaFeatures": [
        "나는 여자이다.",
        "나는 30대이다.",
        "나는 번역가이다.",
        "나는 병원에 가는 것을 좋아한다.",
        "나는 소설을 꾸준히 읽는다."
      ],
      "speakerType": "speaker1"
    },
    "cpInfo": {
      "personaID": "31994",
      "personaFeatures": [
        "나는 여자이다.",
        "나는 30대이다.",
        "나는 일주일에 한두 번 자차로 출퇴근한다.",
        "나는 실외에서 등산하는 것을 싫어한다.",
        "나는 해물찜을 좋아한다."
      ],
      "speakerType": "speaker2"
    }
  },
  "topicInfo": {
    "topicID": "05-09",
    "topicType": "일과 직업>군대",
    "topicTitle": "면회"
  },
  "sessionInfo": [
    {
      "prevSessionID": null,
      "prevTimeInfo": {
        "timeNum": null,
        "timeUnit": null
      },
      "nthSession": "1",
      "numberOfUtterances": "16",
      "numberOfTurns": "8",
      "sessionID": "3-00235-1",
      "dialog": [
        {
          "speaker": "speaker1",
          "personaID": "31469",
          "participantID": "0883",
          "utterance": "반가워요! 저는 번역가로 일하는 30대 여성입니다.",
          "summary": "나는 30대 여성이다. 나는 번역가이다.",
          "date": "2022-10-19",
          "time": "03:50:12",
          "terminate": "false"
        },
        {
          "speaker": "speaker2",
          "personaID": "31994",
          "participantID": "0887",
          "utterance": "안녕하세요~ 저는 30대 여성이고 회사원이에요.",
          "summary": "나는 30대 여성이다. 나는 회사원이다.",
          "date": "2022-10-19",
          "time": "03:51:21",
          "terminate": "false"
        },
        {
          "speaker": "speaker1",
          "personaID": "31469",
          "participantID": "0883",
          "utterance": "오늘 차 너무 밀리지 않았나요? 저는 강남으로 출퇴근해서 더 그런 거 같은데, 님 직장은 어땠는지 모르겠네요.",
          "summary": "나는 강남으로 출퇴근한다.",
          "date": "2022-10-19",
          "time": "03:53:37",
          "terminate": "false"
        },
        {
          "speaker": "speaker2",
          "personaID": "31994",
          "participantID": "0887",
          "utterance": "그러니까요ㅜ 제가 일주일에 한두 번 자차로 출퇴근하는데 하필이면 딱 오늘 이렇게 막히다니. 엄청 고생했죠.",
          "summary": "나는 일주일에 한두 번 자차로 출퇴근한다.",
          "date": "2022-10-19",
          "time": "03:54:28",
          "terminate": "false"
        },
        {
          "speaker": "speaker1",
          "personaID": "31469",
          "participantID": "0883",
          "utterance": "원래는 출근하기 전에 병원에 갈 예정이었는데, 차가 너무 막힐 거 같아서 그냥 갔다니까요. ㅋㅋ.",
          "summary": "",
          "date": "2022-10-19",
          "time": "03:55:15",
          "terminate": "false"
        },
        {
          "speaker": "speaker2",
          "personaID": "31994",
          "participantID": "0887",
          "utterance": "앗, 어디 편찮으신 데라도 있으신 건가요?ㅠㅠ.",
          "summary": "",
          "date": "2022-10-19",
          "time": "03:55:52",
          "terminate": "false"
        },
        {
          "speaker": "speaker1",
          "personaID": "31469",
          "participantID": "0883",
          "utterance": "어디가 특별히 아픈 건 아니고, 건강검진 받을 때가 돼서요! 님은 건강검진 받으셨나요?",
          "summary": "",
          "date": "2022-10-19",
          "time": "03:57:53",
          "terminate": "false"
        },
        {
          "speaker": "speaker2",
          "personaID": "31994",
          "participantID": "0887",
          "utterance": "저는 홀수년생이라 작년에 받긴 했어요. 다행인지 건강에 큰 이상은 없다네요.",
          "summary": "나는 홀수년 생이다. 나는 건강에 이상이 없다.",
          "date": "2022-10-19",
          "time": "03:58:30",
          "terminate": "false"
        },
        {
          "speaker": "speaker1",
          "personaID": "31469",
          "participantID": "0883",
          "utterance": "다행이네요~ 특히 저희 같은 30대는 몸 관리 정말 잘해야죠. 그래서 제가 병원 가는 걸 좋아해요. ㅋㅋ 건강검진을 받으면 내가 관리를 얼마나 잘했는지 보여주기도 하잖아요?",
          "summary": "나는 병원에 가는 것을 좋아한다.",
          "date": "2022-10-19",
          "time": "04:01:28",
          "terminate": "false"
        },
        {
          "speaker": "speaker2",
          "personaID": "31994",
          "participantID": "0887",
          "utterance": "사실 저는 건강 관리에 소홀한 것치고 검진 결과는 좋아서 갑자기 훅 가지 않을까 싶기도 해요...ㅎ 확실히 요즘은 무슨 결과가 나올지 모르겠어서 불안하기도 하고요.",
          "summary": "나는 건강 관리에 소홀하다. 나는 요즘 병원에 가기 불안하다.",
          "date": "2022-10-19",
          "time": "04:02:11",
          "terminate": "false"
        },
        {
          "speaker": "speaker1",
          "personaID": "31469",
          "participantID": "0883",
          "utterance": "그럴 때일수록 운동도 자주 해야 하는데~ 님은 운동 좋아하시나요?",
          "summary": "",
          "date": "2022-10-19",
          "time": "04:03:27",
          "terminate": "false"
        },
        {
          "speaker": "speaker2",
          "personaID": "31994",
          "participantID": "0887",
          "utterance": "그리 자주는 아니지만 등산을 하는데, 대신 실외에서 등산하는 건 싫어해요.",
          "summary": "나는 실외에서 등산하는 것을 싫어한다.",
          "date": "2022-10-19",
          "time": "04:04:15",
          "terminate": "false"
        },
        {
          "speaker": "speaker1",
          "personaID": "31469",
          "participantID": "0883",
          "utterance": "저도 격한 운동은 싫어하지만 꾸준히 조깅을 하고 있어요~",
          "summary": "나는 격한 운동을 싫어한다. 나는 꾸준히 조깅을 한다.",
          "date": "2022-10-19",
          "time": "04:06:10",
          "terminate": "false"
        },
        {
          "speaker": "speaker2",
          "personaID": "31994",
          "participantID": "0887",
          "utterance": "저희 엄마는 요즘 들어서 요가를 하던데 격한 건 별로라면 요가는 어떠실까요?",
          "summary": "",
          "date": "2022-10-19",
          "time": "04:07:31",
          "terminate": "false"
        },
        {
          "speaker": "speaker1",
          "personaID": "31469",
          "participantID": "0883",
          "utterance": "요가도 좋네요! 생각해 봐야겠어요~ 저 잠시 전화 좀 받고 올게요!",
          "summary": "",
          "date": "2022-10-19",
          "time": "04:08:21",
          "terminate": "false"
        },
        {
          "speaker": "speaker2",
          "personaID": "31994",
          "participantID": "0887",
          "utterance": "네네, 차근차근 다녀오세요~",
          "summary": "",
          "date": "2022-10-19",
          "time": "04:09:08",
          "terminate": "true"
        }
      ],
      "sessionPersonaSummary": {
        "speaker1": [
          "나는 30대 여성이다. 나는 번역가이다.",
          "나는 강남으로 출퇴근한다.",
          "나는 병원에 가는 것을 좋아한다.",
          "나는 격한 운동을 싫어한다. 나는 꾸준히 조깅을 한다."
        ],
        "speaker2": [
          "나는 30대 여성이다. 나는 회사원이다.",
          "나는 일주일에 한두 번 자차로 출퇴근한다.",
          "나는 홀수년 생이다. 나는 건강에 이상이 없다.",
          "나는 건강 관리에 소홀하다. 나는 요즘 병원에 가기 불안하다.",
          "나는 실외에서 등산하는 것을 싫어한다."
        ]
      },
      "prevAggregatedpersonaSummary": {
        "speaker1": [],
        "speaker2": []
      }
    },
    {
      "prevSessionID": "3-00235-1",
      "prevTimeInfo": {
        "timeNum": "1",
        "timeUnit": "시간"
      },
      "nthSession": "2",
      "numberOfUtterances": "16",
      "numberOfTurns": "8",
      "sessionID": "3-00235-2",
      "dialog": [
        {
          "speaker": "speaker1",
          "personaID": "31469",
          "participantID": "0883",
          "utterance": "동생 전화라 1시간이나 걸렸네요ㅠㅠ.",
          "summary": "",
          "date": "2022-10-19",
          "time": "04:10:41",
          "terminate": "false"
        },
        {
          "speaker": "speaker2",
          "personaID": "31994",
          "participantID": "0887",
          "utterance": "저도 잠깐 볼일 좀 보고 있었으니까 괜찮아요~ 그보다 저는 외동인데 님은 동생이 있으신가 보네요?",
          "summary": "나는 외동이다.",
          "date": "2022-10-19",
          "time": "04:11:28",
          "terminate": "false"
        },
        {
          "speaker": "speaker1",
          "personaID": "31469",
          "participantID": "0883",
          "utterance": "남동생이 둘 있는데 작은 애가 이번에 군대를 가거든요. ㅋㅋ 요즘 매일매일 술 먹고 놀며 살고 있다네요.",
          "summary": "나는 남동생이 둘 있다. 나의 둘째 남동생은 군대를 간다.",
          "date": "2022-10-19",
          "time": "04:14:33",
          "terminate": "false"
        },
        {
          "speaker": "speaker2",
          "personaID": "31994",
          "participantID": "0887",
          "utterance": "아이고... 끌려가기 전에 최후의 자유를 즐기는 시기군요. 예전에 제 남친도 그랬어서 알 것 같아요...",
          "summary": "나는 남자 친구가 있다.",
          "date": "2022-10-19",
          "time": "04:15:38",
          "terminate": "false"
        },
        {
          "speaker": "speaker1",
          "personaID": "31469",
          "participantID": "0883",
          "utterance": "ㅋㅋ맞아요. 지금은 펑펑 놀게 해줘야죠. 오, 남친분이 군인이신가요?",
          "summary": "",
          "date": "2022-10-19",
          "time": "04:17:12",
          "terminate": "false"
        },
        {
          "speaker": "speaker2",
          "personaID": "31994",
          "participantID": "0887",
          "utterance": "앗, 그건 아니고 지금은 전역한 지 오래인데 그냥 옛날 생각이 나서요ㅎㅎ.",
          "summary": "나의 연인은 전역했다.",
          "date": "2022-10-19",
          "time": "04:17:36",
          "terminate": "false"
        },
        {
          "speaker": "speaker1",
          "personaID": "31469",
          "participantID": "0883",
          "utterance": "오, 군대까지 다녀왔는데 아직 안 헤어지셨나요?",
          "summary": "",
          "date": "2022-10-19",
          "time": "04:18:46",
          "terminate": "false"
        },
        {
          "speaker": "speaker2",
          "personaID": "31994",
          "participantID": "0887",
          "utterance": "ㅎㅎ 다행히도 남친이 꽃신 신겨줬어요~",
          "summary": "",
          "date": "2022-10-19",
          "time": "04:19:15",
          "terminate": "false"
        },
        {
          "speaker": "speaker1",
          "personaID": "31469",
          "participantID": "0883",
          "utterance": "멋진 사랑이네요~ 그럼 막 면회도 가고 그랬겠네요?",
          "summary": "",
          "date": "2022-10-19",
          "time": "04:20:05",
          "terminate": "false"
        },
        {
          "speaker": "speaker2",
          "personaID": "31994",
          "participantID": "0887",
          "utterance": "부끄럽지만 예쁘게 봐주셔서 고마워요. 당연하죠! 그때는 아직 군 복무 기간도 길었을 때라서 엄청 보고 싶었어요. 면회도 맛있는 거 싸들고 꼬박꼬박 갔었어요.",
          "summary": "나는 남자 친구가 군 복무하던 시절에 면회를 갔었다.",
          "date": "2022-10-19",
          "time": "04:21:15",
          "terminate": "false"
        },
        {
          "speaker": "speaker1",
          "personaID": "31469",
          "participantID": "0883",
          "utterance": "낭만적이네요~ 뭔가 그 시절 면회에는 더 애틋함이 있는 거 같아요. 제 동생은 군 복무기간도 짧아졌으면서 면회와 달라고 벌써부터 난리라니까요. ㅋㅋ.",
          "summary": "",
          "date": "2022-10-19",
          "time": "04:22:33",
          "terminate": "false"
        },
        {
          "speaker": "speaker2",
          "personaID": "31994",
          "participantID": "0887",
          "utterance": "아무리 기간이 짧아졌어도 완전히 새로운 환경에서 시작하는 거니까 동생분은 불안할 수 있지요... 면회 가면 엄청 반가워할 거예요ㅠㅠ.",
          "summary": "",
          "date": "2022-10-19",
          "time": "04:24:04",
          "terminate": "false"
        },
        {
          "speaker": "speaker1",
          "personaID": "31469",
          "participantID": "0883",
          "utterance": "군대 가는 김에 철이나 들어서 왔으면 좋겠네요~ 나이차가 많이 나서 그러기도 하겠지만 아직 너무 어린애 같아서요. ㅋㅋ.",
          "summary": "",
          "date": "2022-10-19",
          "time": "04:24:45",
          "terminate": "false"
        },
        {
          "speaker": "speaker2",
          "personaID": "31994",
          "participantID": "0887",
          "utterance": "저는 얼굴도 이름도 모르지만 님의 동생분이 무사히 다녀오실 수 있길 빌어야겠어요ㅜ.",
          "summary": "",
          "date": "2022-10-19",
          "time": "04:25:57",
          "terminate": "false"
        },
        {
          "speaker": "speaker1",
          "personaID": "31469",
          "participantID": "0883",
          "utterance": "다치지나 않았으면 좋겠네요~ 저 잠깐 장 좀 보고 올게요!",
          "summary": "",
          "date": "2022-10-19",
          "time": "04:26:31",
          "terminate": "false"
        },
        {
          "speaker": "speaker2",
          "personaID": "31994",
          "participantID": "0887",
          "utterance": "안 다치고 잘 돌아오는 게 중요하죠ㅜ 천천히 다녀오세요~",
          "summary": "",
          "date": "2022-10-19",
          "time": "04:27:25",
          "terminate": "true"
        }
      ],
      "sessionPersonaSummary": {
        "speaker1": [
          "나는 남동생이 둘 있다. 나의 둘째 남동생은 군대를 간다."
        ],
        "speaker2": [
          "나는 외동이다.",
          "나는 남자 친구가 있다.",
          "나의 연인은 전역했다.",
          "나는 남자 친구가 군 복무하던 시절에 면회를 갔었다."
        ]
      },
      "prevAggregatedpersonaSummary": {
        "speaker1": [
          "나는 30대 여성이다. 나는 번역가이다.",
          "나는 강남으로 출퇴근한다.",
          "나는 병원에 가는 것을 좋아한다.",
          "나는 격한 운동을 싫어한다. 나는 꾸준히 조깅을 한다."
        ],
        "speaker2": [
          "나는 30대 여성이다. 나는 회사원이다.",
          "나는 일주일에 한두 번 자차로 출퇴근한다.",
          "나는 홀수년 생이다. 나는 건강에 이상이 없다.",
          "나는 건강 관리에 소홀하다. 나는 요즘 병원에 가기 불안하다.",
          "나는 실외에서 등산하는 것을 싫어한다."
        ]
      }
    },
    {
      "prevSessionID": "3-00235-2",
      "prevTimeInfo": {
        "timeNum": "2",
        "timeUnit": "시간"
      },
      "nthSession": "3",
      "numberOfUtterances": "16",
      "numberOfTurns": "8",
      "sessionID": "3-00235-3",
      "dialog": [
        {
          "speaker": "speaker1",
          "personaID": "31469",
          "participantID": "0883",
          "utterance": "장보고 저녁까지 먹고 오느라 2시간이나 걸렸네요~",
          "summary": "",
          "date": "2022-10-19",
          "time": "04:27:55",
          "terminate": "false"
        },
        {
          "speaker": "speaker2",
          "personaID": "31994",
          "participantID": "0887",
          "utterance": "저는 남친 놀러와서 오랜만에 옛날 얘기하고 있었어요~",
          "summary": "",
          "date": "2022-10-19",
          "time": "04:28:39",
          "terminate": "false"
        },
        {
          "speaker": "speaker1",
          "personaID": "31469",
          "participantID": "0883",
          "utterance": "예전에 면회 갔던 얘기 나누고 계셨겠네요~ 저녁은 드셨나요?",
          "summary": "",
          "date": "2022-10-19",
          "time": "04:29:21",
          "terminate": "false"
        },
        {
          "speaker": "speaker2",
          "personaID": "31994",
          "participantID": "0887",
          "utterance": "맞아요~ 지금 천천히 먹고 있는데 이것도 추억의 음식이라 정말 추억여행 하는 기분이에요.",
          "summary": "",
          "date": "2022-10-19",
          "time": "04:29:57",
          "terminate": "false"
        },
        {
          "speaker": "speaker1",
          "personaID": "31469",
          "participantID": "0883",
          "utterance": "로맨틱한 시간 보내고 계시는군요ㅎㅎ 어떤 음식 드시나요?",
          "summary": "",
          "date": "2022-10-19",
          "time": "04:31:05",
          "terminate": "false"
        },
        {
          "speaker": "speaker2",
          "personaID": "31994",
          "participantID": "0887",
          "utterance": "저희 둘 다 해물찜을 좋아하거든요. 예전에 남친 첫 휴가 나왔을 때도 해물찜이 그렇게 먹고 싶다 그래서 이것부터 먹기도 했고요!",
          "summary": "나는 해물찜을 좋아한다. 나의 연인은 해물찜을 좋아한다.",
          "date": "2022-10-19",
          "time": "04:31:50",
          "terminate": "false"
        },
        {
          "speaker": "speaker1",
          "personaID": "31469",
          "participantID": "0883",
          "utterance": "와~ 눈앞에 그 풍경이 펼쳐지는 것 같아요. 저도 내일 해물찜 시켜 먹어야겠네요 ㅎㅎ.",
          "summary": "",
          "date": "2022-10-19",
          "time": "04:33:07",
          "terminate": "false"
        },
        {
          "speaker": "speaker2",
          "personaID": "31994",
          "participantID": "0887",
          "utterance": "따끈한 해물찜 먹으면서 피로도 푸시면 좋겠네요! 님은 저녁도 드시고 뭐하고 계셨어요?",
          "summary": "",
          "date": "2022-10-19",
          "time": "04:34:57",
          "terminate": "false"
        },
        {
          "speaker": "speaker1",
          "personaID": "31469",
          "participantID": "0883",
          "utterance": "저는 이제 책 읽으려고요! 소설 좋아해서 꾸준히 읽거든요. ㅎㅎ 님은 독서 좋아하세요?",
          "summary": "나는 소설을 좋아한다. 나는 소설을 꾸준히 읽는다.",
          "date": "2022-10-19",
          "time": "04:35:39",
          "terminate": "false"
        },
        {
          "speaker": "speaker2",
          "personaID": "31994",
          "participantID": "0887",
          "utterance": "앗, 저도 소설 좋아하는데 반갑네요. 주로 어떤 소설 읽는 편이세요?",
          "summary": "나는 소설을 좋아한다.",
          "date": "2022-10-19",
          "time": "04:36:42",
          "terminate": "false"
        },
        {
          "speaker": "speaker1",
          "personaID": "31469",
          "participantID": "0883",
          "utterance": "저는 국내 스릴러 소설 좋아해요! ㅇㅇㅇ 작품 같은 거요. 님은요?",
          "summary": "나는 국내 스릴러 소설을 좋아한다.",
          "date": "2022-10-19",
          "time": "04:37:49",
          "terminate": "false"
        },
        {
          "speaker": "speaker2",
          "personaID": "31994",
          "participantID": "0887",
          "utterance": "아하, 저는 외국장편소설을 보는데 요즘은 그 중에서도 고전에 빠졌어요.",
          "summary": "나는 외국 장편소설을 주로 읽는다. 나는 요즘 외국 고전소설에 빠졌다.",
          "date": "2022-10-19",
          "time": "04:38:55",
          "terminate": "false"
        },
        {
          "speaker": "speaker1",
          "personaID": "31469",
          "participantID": "0883",
          "utterance": "오, 외국 고전은 많이 안 읽어본 거 같은데 추천해 주실 수 있나요?",
          "summary": "",
          "date": "2022-10-19",
          "time": "04:39:57",
          "terminate": "false"
        },
        {
          "speaker": "speaker2",
          "personaID": "31994",
          "participantID": "0887",
          "utterance": "저는 개인적으로 ㅇㅇㅇ이랑 ㅇㅇㅇㅇㅇ ㅇㅇ 이 좋았어요~",
          "summary": "",
          "date": "2022-10-19",
          "time": "04:40:40",
          "terminate": "false"
        },
        {
          "speaker": "speaker1",
          "personaID": "31469",
          "participantID": "0883",
          "utterance": "한번 찾아봐야겠네요! 저는 이만 집안일 마무리하러 가야겠어요~추천 감사합니다!",
          "summary": "",
          "date": "2022-10-19",
          "time": "04:41:50",
          "terminate": "false"
        },
        {
          "speaker": "speaker2",
          "personaID": "31994",
          "participantID": "0887",
          "utterance": "저도 남친이랑 즐거운 시간 보낼게요! 즐거운 독서 되세요~",
          "summary": "",
          "date": "2022-10-19",
          "time": "04:43:07",
          "terminate": "true"
        }
      ],
      "sessionPersonaSummary": {
        "speaker1": [
          "나는 소설을 좋아한다. 나는 소설을 꾸준히 읽는다.",
          "나는 국내 스릴러 소설을 좋아한다."
        ],
        "speaker2": [
          "나는 해물찜을 좋아한다. 나의 연인은 해물찜을 좋아한다.",
          "나는 소설을 좋아한다.",
          "나는 외국 장편소설을 주로 읽는다. 나는 요즘 외국 고전소설에 빠졌다."
        ]
      },
      "prevAggregatedpersonaSummary": {
        "speaker1": [
          "나는 30대 여성이다. 나는 번역가이다.",
          "나는 강남으로 출퇴근한다.",
          "나는 병원에 가는 것을 좋아한다.",
          "나는 격한 운동을 싫어한다. 나는 꾸준히 조깅을 한다.",
          "나는 남동생이 둘 있다. 나의 둘째 남동생은 군대를 간다."
        ],
        "speaker2": [
          "나는 30대 여성이다. 나는 회사원이다.",
          "나는 일주일에 한두 번 자차로 출퇴근한다.",
          "나는 홀수년 생이다. 나는 건강에 이상이 없다.",
          "나는 건강 관리에 소홀하다. 나는 요즘 병원에 가기 불안하다.",
          "나는 실외에서 등산하는 것을 싫어한다.",
          "나는 외동이다.",
          "나는 남자 친구가 있다.",
          "나의 연인은 전역했다.",
          "나는 남자 친구가 군 복무하던 시절에 면회를 갔었다."
        ]
      }
    }
  ]
}