{
  "FileInfo": {
    "filename": "K3-00133-CL03805-CP04416-09-09-S3.json",
    "sessionLevel": "3"
  },
  "participantsInfo": {
    "numberOfParticipants": "2",
    "speaker1": {
      "participantID": "2229",
      "gender": "여성",
      "age": "40대",
      "occupation": "판매직",
      "bPlace": "서울/경기/인천",
      "gPlace": "서울/경기/인천",
      "rPlace": "서울/경기/인천",
      "educationLevel": "대졸"
    },
    "speaker2": {
      "participantID": "2190",
      "gender": "남성",
      "age": "50대",
      "occupation": "사무직",
      "bPlace": "대전/세종/충청/강원",
      "gPlace": "대전/세종/충청/강원",
      "rPlace": "대전/세종/충청/강원",
      "educationLevel": "대졸"
    }
  },
  "multisessionInfo": {
    "multisessionID": "3-00133"
  },
  "personaInfo": {
    "clInfo": {
      "personaID": "03805",
      "personaFeatures": [
        "나는 여자이다.",
        "나는 40대이다.",
        "나는 종교가 없다.",
        "나는 슬랩스틱 영화를 자주 본다.",
        "나는 점심에 책을 읽는다."
      ],
      "speakerType": "speaker1"
    },
    "cpInfo": {
      "personaID": "04416",
      "personaFeatures": [
        "나는 남자이다.",
        "나는 50대이다.",
        "나의 거주지는 경기도이다.",
        "나는 TV 예능을 싫어한다.",
        "나는 은행원이다."
      ],
      "speakerType": "speaker2"
    }
  },
  "topicInfo": {
    "topicID": "09-09",
    "topicType": "개인 및 관계>반려동물",
    "topicTitle": "반려동물 미용"
  },
  "sessionInfo": [
    {
      "prevSessionID": null,
      "prevTimeInfo": {
        "timeNum": null,
        "timeUnit": null
      },
      "nthSession": "1",
      "numberOfUtterances": "16",
      "numberOfTurns": "8",
      "sessionID": "3-00133-1",
      "dialog": [
        {
          "speaker": "speaker1",
          "personaID": "03805",
          "participantID": "2229",
          "utterance": "안녕하세요 40대 여자입니다 반가워요 ~",
          "summary": "나는 40대 여자이다.",
          "date": "2022-10-14",
          "time": "14:43:19",
          "terminate": "false"
        },
        {
          "speaker": "speaker2",
          "personaID": "04416",
          "participantID": "2190",
          "utterance": "네 ㅎㅎ 저는 경기도에 살고있고 50대 남자예요 그쪽은 어디살고계신가요?",
          "summary": "나는 50대 남자이다. 나 의거 주지는 경기도이다.",
          "date": "2022-10-14",
          "time": "14:43:35",
          "terminate": "false"
        },
        {
          "speaker": "speaker1",
          "personaID": "03805",
          "participantID": "2229",
          "utterance": "저는 강원도에 살고있어요 ㅎ 강원도 와보셨어요 ?",
          "summary": "나의 거주지는 강원도이다.",
          "date": "2022-10-14",
          "time": "14:43:55",
          "terminate": "false"
        },
        {
          "speaker": "speaker2",
          "personaID": "04416",
          "participantID": "2190",
          "utterance": "아뇨 ㅠㅠ 강원도는 한번도 안가봤어요 ~ TV예능에서 나오는건 자주 봤네요 ㅎ.",
          "summary": "나는 강원도를 안가 봤다.",
          "date": "2022-10-14",
          "time": "14:44:13",
          "terminate": "false"
        },
        {
          "speaker": "speaker1",
          "personaID": "03805",
          "participantID": "2229",
          "utterance": "맞아요 ㅋㅋ 예능에서 자주 나오긴하죠 ~ 예능 자주 보시나봐요.",
          "summary": "",
          "date": "2022-10-14",
          "time": "14:44:42",
          "terminate": "false"
        },
        {
          "speaker": "speaker2",
          "personaID": "04416",
          "participantID": "2190",
          "utterance": "아뇨.. 전TV예능 싫어해요 ㅠ 가끔가다 채널돌릴때 본거죠뭐 ..",
          "summary": "나는 TV 예능을 싫어한다.",
          "date": "2022-10-14",
          "time": "14:45:01",
          "terminate": "false"
        },
        {
          "speaker": "speaker1",
          "personaID": "03805",
          "participantID": "2229",
          "utterance": "아 그렇구나 ..싫어하실수도있죠뭐 ~ ㅎ 다음에 기회되면 와보세요.",
          "summary": "",
          "date": "2022-10-14",
          "time": "14:45:37",
          "terminate": "false"
        },
        {
          "speaker": "speaker2",
          "personaID": "04416",
          "participantID": "2190",
          "utterance": "네 그래야겠어요 ㅎㅎ 그나저나 직업이어떻게 되세요 ?저는은행원으로일하고있어요.",
          "summary": "나는 은행원이다.",
          "date": "2022-10-14",
          "time": "14:45:49",
          "terminate": "false"
        },
        {
          "speaker": "speaker1",
          "personaID": "03805",
          "participantID": "2229",
          "utterance": "전 지금 귀농해서 농부로 일하고있네요.",
          "summary": "나는 농부이다.",
          "date": "2022-10-14",
          "time": "14:46:02",
          "terminate": "false"
        },
        {
          "speaker": "speaker2",
          "personaID": "04416",
          "participantID": "2190",
          "utterance": "오호 귀농하려고 강원도 가신거예요 그럼??",
          "summary": "",
          "date": "2022-10-14",
          "time": "14:46:16",
          "terminate": "false"
        },
        {
          "speaker": "speaker1",
          "personaID": "03805",
          "participantID": "2229",
          "utterance": "네 맞아요 ㅋㅋ 귀농하면 지원도 많이 해주고 하니까 .. 농사도 재밌어 보이구요.",
          "summary": "나는 농사가 재밌어 보인다.",
          "date": "2022-10-14",
          "time": "14:46:33",
          "terminate": "false"
        },
        {
          "speaker": "speaker2",
          "personaID": "04416",
          "participantID": "2190",
          "utterance": "그렇구나...근데 농사만하고 살면 너무 재미없지 않나요...?",
          "summary": "",
          "date": "2022-10-14",
          "time": "14:47:20",
          "terminate": "false"
        },
        {
          "speaker": "speaker1",
          "personaID": "03805",
          "participantID": "2229",
          "utterance": "음..제 나름 점심시간에 책도읽고 영화도 자주보곤 해요 ...",
          "summary": "나는 영화를 자주 본다. 나는 점심에 책을 읽는다.",
          "date": "2022-10-14",
          "time": "14:47:38",
          "terminate": "false"
        },
        {
          "speaker": "speaker2",
          "personaID": "04416",
          "participantID": "2190",
          "utterance": "그렇구나 되게 교양있으신 분이시네요 ㅎ 영화는 어떤영화 보세요?",
          "summary": "",
          "date": "2022-10-14",
          "time": "14:48:12",
          "terminate": "false"
        },
        {
          "speaker": "speaker1",
          "personaID": "03805",
          "participantID": "2229",
          "utterance": "요즘 슬랩스틱 영화에 빠져서 슬랩스틱 영화 자주봐요.",
          "summary": "나는 슬랩스틱 영화를 자주 본다.",
          "date": "2022-10-14",
          "time": "14:48:35",
          "terminate": "false"
        },
        {
          "speaker": "speaker2",
          "personaID": "04416",
          "participantID": "2190",
          "utterance": "슬랩스틱 재밌죠~ ㅎㅎ 저 볼일이 있어서 좀있다 연락드릴게요.",
          "summary": "나는 볼일이 있다.",
          "date": "2022-10-14",
          "time": "14:49:07",
          "terminate": "true"
        }
      ],
      "sessionPersonaSummary": {
        "speaker1": [
          "나는 40대 여자이다.",
          "나의 거주지는 강원도이다.",
          "나는 농부이다.",
          "나는 농사가 재밌어 보인다.",
          "나는 영화를 자주 본다. 나는 점심에 책을 읽는다.",
          "나는 슬랩스틱 영화를 자주 본다."
        ],
        "speaker2": [
          "나는 50대 남자이다. 나 의거 주지는 경기도이다.",
          "나는 강원도를 안가 봤다.",
          "나는 TV 예능을 싫어한다.",
          "나는 은행원이다.",
          "나는 볼일이 있다."
        ]
      },
      "prevAggregatedpersonaSummary": {
        "speaker1": [],
        "speaker2": []
      }
    },
    {
      "prevSessionID": "3-00133-1",
      "prevTimeInfo": {
        "timeNum": "4",
        "timeUnit": "시간"
      },
      "nthSession": "2",
      "numberOfUtterances": "14",
      "numberOfTurns": "7",
      "sessionID": "3-00133-2",
      "dialog": [
        {
          "speaker": "speaker1",
          "personaID": "03805",
          "participantID": "2229",
          "utterance": "볼일은 다 보셨나요 ?? 4시간동안 기다리기 지루해서요 ㅎ.",
          "summary": "",
          "date": "2022-10-14",
          "time": "14:49:34",
          "terminate": "false"
        },
        {
          "speaker": "speaker2",
          "personaID": "04416",
          "participantID": "2190",
          "utterance": "아 죄송해요 ㅎㅎ 반려동물 미용시키러왔다가 간식도 사고한다고.",
          "summary": "나는 반려동물 미용을 시키러 왔다.",
          "date": "2022-10-14",
          "time": "14:50:01",
          "terminate": "false"
        },
        {
          "speaker": "speaker1",
          "personaID": "03805",
          "participantID": "2229",
          "utterance": "오호 반려동물 키우시나봐요 ~ 근데 반려동물 미용을 어디서 시키시는거예요 ?",
          "summary": "",
          "date": "2022-10-14",
          "time": "14:50:23",
          "terminate": "false"
        },
        {
          "speaker": "speaker2",
          "personaID": "04416",
          "participantID": "2190",
          "utterance": "요즘엔 반려동물 미용샵이 잘되있어서 단골샵에서 시키죠...",
          "summary": "",
          "date": "2022-10-14",
          "time": "14:50:38",
          "terminate": "false"
        },
        {
          "speaker": "speaker1",
          "personaID": "03805",
          "participantID": "2229",
          "utterance": "아 그래요 ? 저희 동네는 그런게 없어서 저희 반려동물 미용은 저희 남편이 하거든요.",
          "summary": "나는 반려동물 미용을 나의 남편이 한다.",
          "date": "2022-10-14",
          "time": "14:51:00",
          "terminate": "false"
        },
        {
          "speaker": "speaker2",
          "personaID": "04416",
          "participantID": "2190",
          "utterance": "헉...반려동물 미용 셀프로 하시는거예요 그럼 ?",
          "summary": "",
          "date": "2022-10-14",
          "time": "14:55:05",
          "terminate": "false"
        },
        {
          "speaker": "speaker1",
          "personaID": "03805",
          "participantID": "2229",
          "utterance": "네 .. 그래서 전 다들 반려동물 미용은 셀프로 하시는줄알았어요.",
          "summary": "나는 다들 셀프로 하는 줄 알았다.",
          "date": "2022-10-14",
          "time": "14:55:22",
          "terminate": "false"
        },
        {
          "speaker": "speaker2",
          "personaID": "04416",
          "participantID": "2190",
          "utterance": "아니예요 ㅠㅠ 반려동물 미용 셀프로 하면 위험해서 다들 샵에 맡겨요.",
          "summary": "",
          "date": "2022-10-14",
          "time": "14:55:49",
          "terminate": "false"
        },
        {
          "speaker": "speaker1",
          "personaID": "03805",
          "participantID": "2229",
          "utterance": "그렇구나 ...그런곳에 반려동물 미용하면 가격은 어느정도예요 ?",
          "summary": "",
          "date": "2022-10-14",
          "time": "14:55:58",
          "terminate": "false"
        },
        {
          "speaker": "speaker2",
          "personaID": "04416",
          "participantID": "2190",
          "utterance": "키로에따라 달라요 ~ 저희집애는 소형견이라 5만원 정도 주고 반려동물 미용 맡깁니다 ㅎ.",
          "summary": "",
          "date": "2022-10-14",
          "time": "14:56:09",
          "terminate": "false"
        },
        {
          "speaker": "speaker1",
          "personaID": "03805",
          "participantID": "2229",
          "utterance": "엄마야 반려동물 미용하는데 뭐그리 비싸데요 ...",
          "summary": "",
          "date": "2022-10-14",
          "time": "14:56:17",
          "terminate": "false"
        },
        {
          "speaker": "speaker2",
          "personaID": "04416",
          "participantID": "2190",
          "utterance": "그런가요 전 하도 반려동물 미용 맡기다 버릇해서 ...",
          "summary": "나는 미용을 맡기다 버릇을 했다.",
          "date": "2022-10-14",
          "time": "14:56:29",
          "terminate": "false"
        },
        {
          "speaker": "speaker1",
          "personaID": "03805",
          "participantID": "2229",
          "utterance": "그럼 저희는 5만원 아끼고 시작하는거네요 ㅎ 생각난김에 산책좀 시키고 와야겠어요.",
          "summary": "나는 산책을 할 것이다.",
          "date": "2022-10-14",
          "time": "14:56:52",
          "terminate": "false"
        },
        {
          "speaker": "speaker2",
          "personaID": "04416",
          "participantID": "2190",
          "utterance": "네 ㅎㅎ 저도 이제 집가야겠네요 ~ 나중에 뵈요.",
          "summary": "",
          "date": "2022-10-14",
          "time": "14:57:12",
          "terminate": "true"
        }
      ],
      "sessionPersonaSummary": {
        "speaker1": [
          "나는 반려동물 미용을 나의 남편이 한다.",
          "나는 다들 셀프로 하는 줄 알았다.",
          "나는 산책을 할 것이다."
        ],
        "speaker2": [
          "나는 반려동물 미용을 시키러 왔다.",
          "나는 미용을 맡기다 버릇을 했다."
        ]
      },
      "prevAggregatedpersonaSummary": {
        "speaker1": [
          "나는 40대 여자이다.",
          "나의 거주지는 강원도이다.",
          "나는 농부이다.",
          "나는 농사가 재밌어 보인다.",
          "나는 영화를 자주 본다. 나는 점심에 책을 읽는다.",
          "나는 슬랩스틱 영화를 자주 본다."
        ],
        "speaker2": [
          "나는 50대 남자이다. 나 의거 주지는 경기도이다.",
          "나는 강원도를 안가 봤다.",
          "나는 TV 예능을 싫어한다.",
          "나는 은행원이다.",
          "나는 볼일이 있다."
        ]
      }
    },
    {
      "prevSessionID": "3-00133-2",
      "prevTimeInfo": {
        "timeNum": "8",
        "timeUnit": "일"
      },
      "nthSession": "3",
      "numberOfUtterances": "18",
      "numberOfTurns": "9",
      "sessionID": "3-00133-3",
      "dialog": [
        {
          "speaker": "speaker1",
          "personaID": "03805",
          "participantID": "2229",
          "utterance": "오랜만에 연락드려요 ~ 8일동안 잘 지내셨는지요.",
          "summary": "",
          "date": "2022-10-14",
          "time": "14:57:43",
          "terminate": "false"
        },
        {
          "speaker": "speaker2",
          "personaID": "04416",
          "participantID": "2190",
          "utterance": "네 ~ 뭐 별일없이 매일 똑같이 지냈어요 ㅋ.",
          "summary": "",
          "date": "2022-10-14",
          "time": "14:57:52",
          "terminate": "false"
        },
        {
          "speaker": "speaker1",
          "personaID": "03805",
          "participantID": "2229",
          "utterance": "그럼 다행이네요 ㅎ 오늘 주말인데 뭐하시면서 시간보내시나요.",
          "summary": "",
          "date": "2022-10-14",
          "time": "14:58:06",
          "terminate": "false"
        },
        {
          "speaker": "speaker2",
          "personaID": "04416",
          "participantID": "2190",
          "utterance": "오늘 교회행사가 있어서 교회가려고 준비중이예요 ~",
          "summary": "나는 교회를 가려고 준비 중이다.",
          "date": "2022-10-14",
          "time": "14:58:28",
          "terminate": "false"
        },
        {
          "speaker": "speaker1",
          "personaID": "03805",
          "participantID": "2229",
          "utterance": "그렇구나ㅎㅎ 전 종교가 없어서 교회가 행사도 하는건 처음알았어요.",
          "summary": "나는 종교가 없다.",
          "date": "2022-10-14",
          "time": "14:58:45",
          "terminate": "false"
        },
        {
          "speaker": "speaker2",
          "personaID": "04416",
          "participantID": "2190",
          "utterance": "ㅎㅎ그럼 그쪽은 주말에 평상시에 뭐하시나요 ?",
          "summary": "",
          "date": "2022-10-14",
          "time": "14:58:59",
          "terminate": "false"
        },
        {
          "speaker": "speaker1",
          "personaID": "03805",
          "participantID": "2229",
          "utterance": "저는 낚시를 좋아해서 낚시 자주가요.",
          "summary": "나는 낚시를 자주 간다.",
          "date": "2022-10-14",
          "time": "14:59:12",
          "terminate": "false"
        },
        {
          "speaker": "speaker2",
          "personaID": "04416",
          "participantID": "2190",
          "utterance": "아 그래요 ?여자분이 낚시를 좋아하시긴 어려울건데..",
          "summary": "",
          "date": "2022-10-14",
          "time": "14:59:30",
          "terminate": "false"
        },
        {
          "speaker": "speaker1",
          "personaID": "03805",
          "participantID": "2229",
          "utterance": "ㅋㅋ다들 그말하긴하는데 전 낚시가 재밌더라구요.",
          "summary": "나는 낚시 가재 밌다.",
          "date": "2022-10-14",
          "time": "14:59:52",
          "terminate": "false"
        },
        {
          "speaker": "speaker2",
          "personaID": "04416",
          "participantID": "2190",
          "utterance": "낚시 재밌죠 ~ 보통 뭐 주로 잡으러 다니세요?",
          "summary": "",
          "date": "2022-10-14",
          "time": "15:00:12",
          "terminate": "false"
        },
        {
          "speaker": "speaker1",
          "personaID": "03805",
          "participantID": "2229",
          "utterance": "저는 돔 위주로 잡으러 다녀요 ㅎㅎ 돔이 손맛이 좋아서요.",
          "summary": "나는 돔 위주로 잡는다.",
          "date": "2022-10-14",
          "time": "15:00:30",
          "terminate": "false"
        },
        {
          "speaker": "speaker2",
          "personaID": "04416",
          "participantID": "2190",
          "utterance": "헉 돔 잡기 엄청 어렵던데 ...장비도 좋은거 써야되구...",
          "summary": "",
          "date": "2022-10-14",
          "time": "15:00:43",
          "terminate": "false"
        },
        {
          "speaker": "speaker1",
          "personaID": "03805",
          "participantID": "2229",
          "utterance": "네..그래서 집에 낚시 장비만 해도 몇천 될거예요 ..",
          "summary": "나는 낚시 장비만 몇천이 된다.",
          "date": "2022-10-14",
          "time": "15:01:06",
          "terminate": "false"
        },
        {
          "speaker": "speaker2",
          "personaID": "04416",
          "participantID": "2190",
          "utterance": "ㅋㅋㅋ진짜좋아하시나보네요 ~ 그럼 배타고 자주나가시겠어요.",
          "summary": "",
          "date": "2022-10-14",
          "time": "15:01:19",
          "terminate": "false"
        },
        {
          "speaker": "speaker1",
          "personaID": "03805",
          "participantID": "2229",
          "utterance": "아무래도 선상낚시도 하고 갯바위낚시도 해요 ㅋ 배는 주말마다 타는것같네요.",
          "summary": "나는 주말마다 배를 탄다.",
          "date": "2022-10-14",
          "time": "15:01:31",
          "terminate": "false"
        },
        {
          "speaker": "speaker2",
          "personaID": "04416",
          "participantID": "2190",
          "utterance": "요즘 배값 좀 비싸지지않았나요 ? 낚시 하는사람이많아서..",
          "summary": "",
          "date": "2022-10-14",
          "time": "15:01:56",
          "terminate": "false"
        },
        {
          "speaker": "speaker1",
          "personaID": "03805",
          "participantID": "2229",
          "utterance": "ㅎㅎ그렇긴 하죠 전 예전부터 단골 선장님이 있어서 괜찮아요 ^^",
          "summary": "",
          "date": "2022-10-14",
          "time": "15:02:50",
          "terminate": "false"
        },
        {
          "speaker": "speaker2",
          "personaID": "04416",
          "participantID": "2190",
          "utterance": "다행이네요 ㅋ 전 이제 교회가봐야겠어요 다음에 또 뵈여.",
          "summary": "나는 교회를 가볼 것이다.",
          "date": "2022-10-14",
          "time": "15:03:12",
          "terminate": "true"
        }
      ],
      "sessionPersonaSummary": {
        "speaker1": [
          "나는 종교가 없다.",
          "나는 낚시를 자주 간다.",
          "나는 낚시 가재 밌다.",
          "나는 돔 위주로 잡는다.",
          "나는 낚시 장비만 몇천이 된다.",
          "나는 주말마다 배를 탄다."
        ],
        "speaker2": [
          "나는 교회를 가려고 준비 중이다.",
          "나는 교회를 가볼 것이다."
        ]
      },
      "prevAggregatedpersonaSummary": {
        "speaker1": [
          "나는 40대 여자이다.",
          "나의 거주지는 강원도이다.",
          "나는 농부이다.",
          "나는 농사가 재밌어 보인다.",
          "나는 영화를 자주 본다. 나는 점심에 책을 읽는다.",
          "나는 슬랩스틱 영화를 자주 본다.",
          "나는 반려동물 미용을 나의 남편이 한다.",
          "나는 다들 셀프로 하는 줄 알았다.",
          "나는 산책을 할 것이다."
        ],
        "speaker2": [
          "나는 50대 남자이다. 나 의거 주지는 경기도이다.",
          "나는 강원도를 안가 봤다.",
          "나는 TV 예능을 싫어한다.",
          "나는 은행원이다.",
          "나는 볼일이 있다.",
          "나는 반려동물 미용을 시키러 왔다.",
          "나는 미용을 맡기다 버릇을 했다."
        ]
      }
    }
  ]
}