{
  "FileInfo": {
    "filename": "K3-00505-CL31514-CP32134-09-02-S3.json",
    "sessionLevel": "3"
  },
  "participantsInfo": {
    "numberOfParticipants": "2",
    "speaker1": {
      "participantID": "0743",
      "gender": "여성",
      "age": "30대",
      "occupation": "자영업",
      "bPlace": "서울/경기/인천",
      "gPlace": "서울/경기/인천",
      "rPlace": "서울/경기/인천",
      "educationLevel": "대졸"
    },
    "speaker2": {
      "participantID": "0772",
      "gender": "여성",
      "age": "30대",
      "occupation": "무직",
      "bPlace": "부산/대구/울산/경상",
      "gPlace": "부산/대구/울산/경상",
      "rPlace": "부산/대구/울산/경상",
      "educationLevel": "고졸"
    }
  },
  "multisessionInfo": {
    "multisessionID": "3-00505"
  },
  "personaInfo": {
    "clInfo": {
      "personaID": "31514",
      "personaFeatures": [
        "나는 여자이다.",
        "나는 30대이다.",
        "나의 거주지는 제주도이다.",
        "나는 체험 여행을 자주 간다.",
        "나는 탕수육을 좋아한다."
      ],
      "speakerType": "speaker1"
    },
    "cpInfo": {
      "personaID": "32134",
      "personaFeatures": [
        "나는 여자이다.",
        "나는 30대이다.",
        "나는 콜센터 상담원이다.",
        "나는 다림질하는 것을 좋아한다.",
        "나는 요리를 자주 한다."
      ],
      "speakerType": "speaker2"
    }
  },
  "topicInfo": {
    "topicID": "09-02",
    "topicType": "개인 및 관계>반려동물",
    "topicTitle": "고양이"
  },
  "sessionInfo": [
    {
      "prevSessionID": null,
      "prevTimeInfo": {
        "timeNum": null,
        "timeUnit": null
      },
      "nthSession": "1",
      "numberOfUtterances": "16",
      "numberOfTurns": "8",
      "sessionID": "3-00505-1",
      "dialog": [
        {
          "speaker": "speaker1",
          "personaID": "31514",
          "participantID": "0743",
          "utterance": "반갑습니다. 저는 30대 여자입니다.",
          "summary": "나는 30대 여자이다.",
          "date": "2022-10-09",
          "time": "17:21:10",
          "terminate": "false"
        },
        {
          "speaker": "speaker2",
          "personaID": "32134",
          "participantID": "0772",
          "utterance": "안녕하세요. 저도 30대 여자입니다.",
          "summary": "나는 30대 여자이다.",
          "date": "2022-10-09",
          "time": "17:21:18",
          "terminate": "false"
        },
        {
          "speaker": "speaker1",
          "personaID": "31514",
          "participantID": "0743",
          "utterance": "저는 제주도에 거주하고 있어요. 어디에 사시나요?",
          "summary": "나의 거주지는 제주도이다.",
          "date": "2022-10-09",
          "time": "17:21:40",
          "terminate": "false"
        },
        {
          "speaker": "speaker2",
          "personaID": "32134",
          "participantID": "0772",
          "utterance": "저는 지금 서울에 살고 있고 콜센터 상담원으로 일을 하고 있습니다.",
          "summary": "나의 거주지는 서울이다, 나는 콜센터 상담원이다.",
          "date": "2022-10-09",
          "time": "17:21:42",
          "terminate": "false"
        },
        {
          "speaker": "speaker1",
          "personaID": "31514",
          "participantID": "0743",
          "utterance": "그렇군요. 요즘 하시는 일은 바쁜가요?",
          "summary": "",
          "date": "2022-10-09",
          "time": "17:22:23",
          "terminate": "false"
        },
        {
          "speaker": "speaker2",
          "personaID": "32134",
          "participantID": "0772",
          "utterance": "네 많이 바쁘네요. 지금 무슨일을 하시고 계시나요?",
          "summary": "",
          "date": "2022-10-09",
          "time": "17:22:39",
          "terminate": "false"
        },
        {
          "speaker": "speaker1",
          "personaID": "31514",
          "participantID": "0743",
          "utterance": "직장을 다녀요. 그럼 야근을 많이 하시나요?",
          "summary": "나는 직장인이다.",
          "date": "2022-10-09",
          "time": "17:23:00",
          "terminate": "false"
        },
        {
          "speaker": "speaker2",
          "personaID": "32134",
          "participantID": "0772",
          "utterance": "아니요. 야근은 많이 안하는 것 같아요.",
          "summary": "",
          "date": "2022-10-09",
          "time": "17:23:11",
          "terminate": "false"
        },
        {
          "speaker": "speaker1",
          "personaID": "31514",
          "participantID": "0743",
          "utterance": "그렇군요. 다행이네요. 식사는 하셨나요?",
          "summary": "",
          "date": "2022-10-09",
          "time": "17:23:35",
          "terminate": "false"
        },
        {
          "speaker": "speaker2",
          "personaID": "32134",
          "participantID": "0772",
          "utterance": "아니요. 저는 지금 요리를 해 먹으려고요.",
          "summary": "",
          "date": "2022-10-09",
          "time": "17:23:55",
          "terminate": "false"
        },
        {
          "speaker": "speaker1",
          "personaID": "31514",
          "participantID": "0743",
          "utterance": "오늘 쉬는날인가요? 저는 중국 요리를 먹을거 같아요.",
          "summary": "",
          "date": "2022-10-09",
          "time": "17:24:27",
          "terminate": "false"
        },
        {
          "speaker": "speaker2",
          "personaID": "32134",
          "participantID": "0772",
          "utterance": "네 오늘 쉬는날이여서요 지금 김치찜을 해먹으려고요 중국요리는 어떤걸 먹으려고요?",
          "summary": "나는 김치찜을 해 먹을 거다.",
          "date": "2022-10-09",
          "time": "17:25:02",
          "terminate": "false"
        },
        {
          "speaker": "speaker1",
          "personaID": "31514",
          "participantID": "0743",
          "utterance": "아 그래요? 요리를 잘 하시나보네요?",
          "summary": "",
          "date": "2022-10-09",
          "time": "17:25:20",
          "terminate": "false"
        },
        {
          "speaker": "speaker2",
          "personaID": "32134",
          "participantID": "0772",
          "utterance": "네 요리를 자주 하다보니 실력이 늘었어요.",
          "summary": "나는 요리를 자주 한다.",
          "date": "2022-10-09",
          "time": "17:25:29",
          "terminate": "false"
        },
        {
          "speaker": "speaker1",
          "personaID": "31514",
          "participantID": "0743",
          "utterance": "저는 탕수육을 좋아해서 먹으러 가요. 그럼 식사 맛있게 하세요.",
          "summary": "나는 탕수육을 좋아한다.",
          "date": "2022-10-09",
          "time": "17:25:58",
          "terminate": "false"
        },
        {
          "speaker": "speaker2",
          "personaID": "32134",
          "participantID": "0772",
          "utterance": "네 그럼 식사 맛있게 하시길 바래요. 그럼 다음에 연락해요.",
          "summary": "",
          "date": "2022-10-09",
          "time": "17:26:13",
          "terminate": "true"
        }
      ],
      "sessionPersonaSummary": {
        "speaker1": [
          "나는 30대 여자이다.",
          "나의 거주지는 제주도이다.",
          "나는 직장인이다.",
          "나는 탕수육을 좋아한다."
        ],
        "speaker2": [
          "나는 30대 여자이다.",
          "나의 거주지는 서울이다, 나는 콜센터 상담원이다.",
          "나는 김치찜을 해 먹을 거다.",
          "나는 요리를 자주 한다."
        ]
      },
      "prevAggregatedpersonaSummary": {
        "speaker1": [],
        "speaker2": []
      }
    },
    {
      "prevSessionID": "3-00505-1",
      "prevTimeInfo": {
        "timeNum": "2",
        "timeUnit": "주"
      },
      "nthSession": "2",
      "numberOfUtterances": "16",
      "numberOfTurns": "8",
      "sessionID": "3-00505-2",
      "dialog": [
        {
          "speaker": "speaker1",
          "personaID": "31514",
          "participantID": "0743",
          "utterance": "반갑습니다. 2주일이 지났네요. 요즘도 요리를 자주 하시나요?",
          "summary": "",
          "date": "2022-10-09",
          "time": "17:26:17",
          "terminate": "false"
        },
        {
          "speaker": "speaker2",
          "personaID": "32134",
          "participantID": "0772",
          "utterance": "네 요즘에도 자주 요리를 하고 있어요.",
          "summary": "",
          "date": "2022-10-09",
          "time": "17:26:25",
          "terminate": "false"
        },
        {
          "speaker": "speaker1",
          "personaID": "31514",
          "participantID": "0743",
          "utterance": "자주 요리하셔서 진짜 실력이 많이 늘거 같네요. 저는 반려동물이 있어요.",
          "summary": "나는 반려동물이 있다.",
          "date": "2022-10-09",
          "time": "17:26:48",
          "terminate": "false"
        },
        {
          "speaker": "speaker2",
          "personaID": "32134",
          "participantID": "0772",
          "utterance": "네 맞아요. 지금 반려동물을 어떤걸 키우고 계시나요?",
          "summary": "",
          "date": "2022-10-09",
          "time": "17:27:03",
          "terminate": "false"
        },
        {
          "speaker": "speaker1",
          "personaID": "31514",
          "participantID": "0743",
          "utterance": "고양이를 키워요. 성격이 만만치가 않아서 힘드네요.",
          "summary": "나는 고양이를 키운다.",
          "date": "2022-10-09",
          "time": "17:27:21",
          "terminate": "false"
        },
        {
          "speaker": "speaker2",
          "personaID": "32134",
          "participantID": "0772",
          "utterance": "고양이를 키우기가 쉽지 않을것같네요.",
          "summary": "",
          "date": "2022-10-09",
          "time": "17:27:32",
          "terminate": "false"
        },
        {
          "speaker": "speaker1",
          "personaID": "31514",
          "participantID": "0743",
          "utterance": "네 진짜 주인님 모시는거 같아요. 그래도 귀엽긴 해요. 혹시 반려동물이 있나요?",
          "summary": "",
          "date": "2022-10-09",
          "time": "17:27:47",
          "terminate": "false"
        },
        {
          "speaker": "speaker2",
          "personaID": "32134",
          "participantID": "0772",
          "utterance": "그렇군요ㅋㅋ 저는 지금 강아지 한 마리를 키우고 있어요.",
          "summary": "나는 강아지 한 마리를 키운다.",
          "date": "2022-10-09",
          "time": "17:28:06",
          "terminate": "false"
        },
        {
          "speaker": "speaker1",
          "personaID": "31514",
          "participantID": "0743",
          "utterance": "아 그러시군요? 강아지는 애교가 많죠?",
          "summary": "",
          "date": "2022-10-09",
          "time": "17:28:23",
          "terminate": "false"
        },
        {
          "speaker": "speaker2",
          "personaID": "32134",
          "participantID": "0772",
          "utterance": "네 애교가 많아서 산책시키러 나가면 인기가 많네요.",
          "summary": "나의 강아지는 산책을 나가면 애교가 많아서 인기가 많다.",
          "date": "2022-10-09",
          "time": "17:28:40",
          "terminate": "false"
        },
        {
          "speaker": "speaker1",
          "personaID": "31514",
          "participantID": "0743",
          "utterance": "저도 가끔 밖에서 보면 애교 많은 강아지들 보면 키워보고 싶더라구요.",
          "summary": "",
          "date": "2022-10-09",
          "time": "17:28:58",
          "terminate": "false"
        },
        {
          "speaker": "speaker2",
          "personaID": "32134",
          "participantID": "0772",
          "utterance": "그러시군요. 고양이는 산책을 싫어하죠?",
          "summary": "",
          "date": "2022-10-09",
          "time": "17:29:08",
          "terminate": "false"
        },
        {
          "speaker": "speaker1",
          "personaID": "31514",
          "participantID": "0743",
          "utterance": "네 고양이는 산책이 힘들어요ㅠ 목줄도 안되고 원래 습성이 산책이 안된다고 그래요.",
          "summary": "",
          "date": "2022-10-09",
          "time": "17:29:32",
          "terminate": "false"
        },
        {
          "speaker": "speaker2",
          "personaID": "32134",
          "participantID": "0772",
          "utterance": "그럴것같네요ㅠ 그럼 고양이는 거의 집에만 있는건가요?",
          "summary": "",
          "date": "2022-10-09",
          "time": "17:29:47",
          "terminate": "false"
        },
        {
          "speaker": "speaker1",
          "personaID": "31514",
          "participantID": "0743",
          "utterance": "네 맞아요. 맨날 집에만 있어요! 그럼 오늘 반가웠어요.",
          "summary": "",
          "date": "2022-10-09",
          "time": "17:30:13",
          "terminate": "false"
        },
        {
          "speaker": "speaker2",
          "personaID": "32134",
          "participantID": "0772",
          "utterance": "그렇군요. 저도 오늘 반가웠습니다. 그럼 다음에 연락해요.",
          "summary": "",
          "date": "2022-10-09",
          "time": "17:30:27",
          "terminate": "true"
        }
      ],
      "sessionPersonaSummary": {
        "speaker1": [
          "나는 반려동물이 있다.",
          "나는 고양이를 키운다."
        ],
        "speaker2": [
          "나는 강아지 한 마리를 키운다.",
          "나의 강아지는 산책을 나가면 애교가 많아서 인기가 많다."
        ]
      },
      "prevAggregatedpersonaSummary": {
        "speaker1": [
          "나는 30대 여자이다.",
          "나의 거주지는 제주도이다.",
          "나는 직장인이다.",
          "나는 탕수육을 좋아한다."
        ],
        "speaker2": [
          "나는 30대 여자이다.",
          "나의 거주지는 서울이다, 나는 콜센터 상담원이다.",
          "나는 김치찜을 해 먹을 거다.",
          "나는 요리를 자주 한다."
        ]
      }
    },
    {
      "prevSessionID": "3-00505-2",
      "prevTimeInfo": {
        "timeNum": "4",
        "timeUnit": "주"
      },
      "nthSession": "3",
      "numberOfUtterances": "16",
      "numberOfTurns": "8",
      "sessionID": "3-00505-3",
      "dialog": [
        {
          "speaker": "speaker1",
          "personaID": "31514",
          "participantID": "0743",
          "utterance": "안녕하세요! 4주만이네요. 잘 지내셨나요? 강아지는 여전히 귀엽죠?",
          "summary": "",
          "date": "2022-10-09",
          "time": "17:30:52",
          "terminate": "false"
        },
        {
          "speaker": "speaker2",
          "personaID": "32134",
          "participantID": "0772",
          "utterance": "그렇네요. 저는 잘지내고 있어요. 강아지는 여전하네요.",
          "summary": "",
          "date": "2022-10-09",
          "time": "17:31:06",
          "terminate": "false"
        },
        {
          "speaker": "speaker1",
          "personaID": "31514",
          "participantID": "0743",
          "utterance": "저의 고양이도 잘 지내요! 오늘은 일을 하시나요?",
          "summary": "",
          "date": "2022-10-09",
          "time": "17:31:08",
          "terminate": "false"
        },
        {
          "speaker": "speaker2",
          "personaID": "32134",
          "participantID": "0772",
          "utterance": "그러시군요. 오늘은 쉬는날이예요. 그래서 집에서 다림질을 하고 있어요.",
          "summary": "",
          "date": "2022-10-09",
          "time": "17:31:43",
          "terminate": "false"
        },
        {
          "speaker": "speaker1",
          "personaID": "31514",
          "participantID": "0743",
          "utterance": "그렇군요. 쉬는날이라도 참 할일이 많죠?",
          "summary": "",
          "date": "2022-10-09",
          "time": "17:32:00",
          "terminate": "false"
        },
        {
          "speaker": "speaker2",
          "personaID": "32134",
          "participantID": "0772",
          "utterance": "네 그래도 제가 다림질 하는 것을 좋아하거든요. 근데 다른 집안일은 하기싫네요ㅠ.",
          "summary": "나는 다림질하는 것을 좋아한다.",
          "date": "2022-10-09",
          "time": "17:32:23",
          "terminate": "false"
        },
        {
          "speaker": "speaker1",
          "personaID": "31514",
          "participantID": "0743",
          "utterance": "아 다행히 다림질은 좋아하시나보네요?",
          "summary": "",
          "date": "2022-10-09",
          "time": "17:32:37",
          "terminate": "false"
        },
        {
          "speaker": "speaker2",
          "personaID": "32134",
          "participantID": "0772",
          "utterance": "네 다행히 다림질을 하는건 좋아해서 괜찮아요.",
          "summary": "",
          "date": "2022-10-09",
          "time": "17:32:55",
          "terminate": "false"
        },
        {
          "speaker": "speaker1",
          "personaID": "31514",
          "participantID": "0743",
          "utterance": "그러시군요! 저는 주말에 여행갈 여행지를 생각중이었어요.",
          "summary": "",
          "date": "2022-10-09",
          "time": "17:33:11",
          "terminate": "false"
        },
        {
          "speaker": "speaker2",
          "personaID": "32134",
          "participantID": "0772",
          "utterance": "그렇군요. 주말에 어디로 여행을 가시려고요?",
          "summary": "",
          "date": "2022-10-09",
          "time": "17:33:30",
          "terminate": "false"
        },
        {
          "speaker": "speaker1",
          "personaID": "31514",
          "participantID": "0743",
          "utterance": "제가 체험 여행을 자주 가요. 이번주에는 레저 스포츠 체험을 하고싶어서 강원도를 검색해보고 있었어요.",
          "summary": "나는 체험 여행을 자주 간다.",
          "date": "2022-10-09",
          "time": "17:34:08",
          "terminate": "false"
        },
        {
          "speaker": "speaker2",
          "personaID": "32134",
          "participantID": "0772",
          "utterance": "그러시군요. 강원도로 체험여행 가시면 좋겠네요.",
          "summary": "",
          "date": "2022-10-09",
          "time": "17:34:23",
          "terminate": "false"
        },
        {
          "speaker": "speaker1",
          "personaID": "31514",
          "participantID": "0743",
          "utterance": "네 좋은 체험 여행이 많네요. 몇군데 비교해봐야겠어요.",
          "summary": "",
          "date": "2022-10-09",
          "time": "17:34:55",
          "terminate": "false"
        },
        {
          "speaker": "speaker2",
          "personaID": "32134",
          "participantID": "0772",
          "utterance": "네 그러세요. 비교해보고 좋은데 다녀오시길 바래요.",
          "summary": "",
          "date": "2022-10-09",
          "time": "17:35:09",
          "terminate": "false"
        },
        {
          "speaker": "speaker1",
          "personaID": "31514",
          "participantID": "0743",
          "utterance": "네 그래야겠어요. 그럼 오늘 집안일 잘 마무리 하시고 저는 또 연락할게요.",
          "summary": "",
          "date": "2022-10-09",
          "time": "17:35:30",
          "terminate": "false"
        },
        {
          "speaker": "speaker2",
          "personaID": "32134",
          "participantID": "0772",
          "utterance": "네 그럼 여행 잘다녀오시고 다음에 연락주세요.",
          "summary": "",
          "date": "2022-10-09",
          "time": "17:35:33",
          "terminate": "true"
        }
      ],
      "sessionPersonaSummary": {
        "speaker1": [
          "나는 체험 여행을 자주 간다."
        ],
        "speaker2": [
          "나는 다림질하는 것을 좋아한다."
        ]
      },
      "prevAggregatedpersonaSummary": {
        "speaker1": [
          "나는 30대 여자이다.",
          "나의 거주지는 제주도이다.",
          "나는 직장인이다.",
          "나는 탕수육을 좋아한다.",
          "나는 반려동물이 있다.",
          "나는 고양이를 키운다."
        ],
        "speaker2": [
          "나는 30대 여자이다.",
          "나의 거주지는 서울이다, 나는 콜센터 상담원이다.",
          "나는 김치찜을 해 먹을 거다.",
          "나는 요리를 자주 한다.",
          "나는 강아지 한 마리를 키운다.",
          "나의 강아지는 산책을 나가면 애교가 많아서 인기가 많다."
        ]
      }
    }
  ]
}