{
  "FileInfo": {
    "filename": "K3-00407-CL05093-CP00466-12-09-S3.json",
    "sessionLevel": "3"
  },
  "participantsInfo": {
    "numberOfParticipants": "2",
    "speaker1": {
      "participantID": "0051",
      "gender": "여성",
      "age": "50대",
      "occupation": "주부",
      "bPlace": "부산/대구/울산/경상",
      "gPlace": "부산/대구/울산/경상",
      "rPlace": "부산/대구/울산/경상",
      "educationLevel": "고졸"
    },
    "speaker2": {
      "participantID": "0041",
      "gender": "남성",
      "age": "30대",
      "occupation": "기타",
      "bPlace": "서울/경기/인천",
      "gPlace": "서울/경기/인천",
      "rPlace": "서울/경기/인천",
      "educationLevel": "대졸"
    }
  },
  "multisessionInfo": {
    "multisessionID": "3-00407"
  },
  "personaInfo": {
    "clInfo": {
      "personaID": "05093",
      "personaFeatures": [
        "나는 여자이다.",
        "나는 50대이다.",
        "나의 남자 형제는 선생님이다.",
        "나는 야구를 자주 한다.",
        "나는 일식을 싫어한다."
      ],
      "speakerType": "speaker1"
    },
    "cpInfo": {
      "personaID": "00466",
      "personaFeatures": [
        "나는 남자이다.",
        "나는 40대이다.",
        "나는 학원 국어 강사이다.",
        "나는 K-POP 음악을 자주 듣는다.",
        "나는 일식을 좋아한다."
      ],
      "speakerType": "speaker2"
    }
  },
  "topicInfo": {
    "topicID": "12-09",
    "topicType": "여가와 오락>여행",
    "topicTitle": "캠핑/글램핑"
  },
  "sessionInfo": [
    {
      "prevSessionID": null,
      "prevTimeInfo": {
        "timeNum": null,
        "timeUnit": null
      },
      "nthSession": "1",
      "numberOfUtterances": "16",
      "numberOfTurns": "8",
      "sessionID": "3-00407-1",
      "dialog": [
        {
          "speaker": "speaker1",
          "personaID": "05093",
          "participantID": "0051",
          "utterance": "안녕하세요 저는 50대 여자입니다.",
          "summary": "나는 50대 여자이다.",
          "date": "2022-08-24",
          "time": "23:30:10",
          "terminate": "false"
        },
        {
          "speaker": "speaker2",
          "personaID": "00466",
          "participantID": "0041",
          "utterance": "네 반갑습니다 저는 40대 남자입니다.",
          "summary": "나는 40대 남자이다.",
          "date": "2022-08-24",
          "time": "23:30:17",
          "terminate": "false"
        },
        {
          "speaker": "speaker1",
          "personaID": "05093",
          "participantID": "0051",
          "utterance": "요즘 취미가 어떻게 되나요?",
          "summary": "",
          "date": "2022-08-24",
          "time": "23:30:26",
          "terminate": "false"
        },
        {
          "speaker": "speaker2",
          "personaID": "00466",
          "participantID": "0041",
          "utterance": "저는 K-POP 음악 자주 듣습니다.",
          "summary": "나는 K-POP 음악을 자주 듣는다.",
          "date": "2022-08-24",
          "time": "23:30:36",
          "terminate": "false"
        },
        {
          "speaker": "speaker1",
          "personaID": "05093",
          "participantID": "0051",
          "utterance": "취미가 되게 신세대시네요. 그럼 야구는 안좋아하세요?",
          "summary": "",
          "date": "2022-08-24",
          "time": "23:30:48",
          "terminate": "false"
        },
        {
          "speaker": "speaker2",
          "personaID": "00466",
          "participantID": "0041",
          "utterance": "야구도 좋아합니다. 저 @브랜드명1@팬이에요.",
          "summary": "나는 야구를 좋아한다. 나는 @브랜드명1@팬이다.",
          "date": "2022-08-24",
          "time": "23:31:02",
          "terminate": "false"
        },
        {
          "speaker": "speaker1",
          "personaID": "05093",
          "participantID": "0051",
          "utterance": "어머 어쩌다 @브랜드명1@팬이 되셨을까. 힘드시겠네요.",
          "summary": "",
          "date": "2022-08-24",
          "time": "23:31:16",
          "terminate": "false"
        },
        {
          "speaker": "speaker2",
          "personaID": "00466",
          "participantID": "0041",
          "utterance": "지는거에 익숙해서 이제 괜찮습니다.",
          "summary": "나는 지는 것에 익숙하다.",
          "date": "2022-08-24",
          "time": "23:31:29",
          "terminate": "false"
        },
        {
          "speaker": "speaker1",
          "personaID": "05093",
          "participantID": "0051",
          "utterance": "저는 야구를 자주 하거든요. 직접 하지는 않으세요?",
          "summary": "나는 야구를 자주 한다.",
          "date": "2022-08-24",
          "time": "23:31:43",
          "terminate": "false"
        },
        {
          "speaker": "speaker2",
          "personaID": "00466",
          "participantID": "0041",
          "utterance": "네 해본적은 없습니다.",
          "summary": "나는 야구를 해본 적이 없다.",
          "date": "2022-08-24",
          "time": "23:31:50",
          "terminate": "false"
        },
        {
          "speaker": "speaker1",
          "personaID": "05093",
          "participantID": "0051",
          "utterance": "그래요? 그거 아쉽네요. 그럼 직업은 어떻게 되세요?",
          "summary": "",
          "date": "2022-08-24",
          "time": "23:32:05",
          "terminate": "false"
        },
        {
          "speaker": "speaker2",
          "personaID": "00466",
          "participantID": "0041",
          "utterance": "저는 학원에서 국어 강사하고있습니다.",
          "summary": "나는 학원 국어 강사이다.",
          "date": "2022-08-24",
          "time": "23:32:17",
          "terminate": "false"
        },
        {
          "speaker": "speaker1",
          "personaID": "05093",
          "participantID": "0051",
          "utterance": "공부 잘하셨나보네요. 가르치는일도하고.",
          "summary": "",
          "date": "2022-08-24",
          "time": "23:32:30",
          "terminate": "false"
        },
        {
          "speaker": "speaker2",
          "personaID": "00466",
          "participantID": "0041",
          "utterance": "국어만은 좋아하기도하고 잘하기도했습니다.",
          "summary": "나는 국어를 좋아한다. 나는 국어를 잘한다.",
          "date": "2022-08-24",
          "time": "23:32:40",
          "terminate": "false"
        },
        {
          "speaker": "speaker1",
          "personaID": "05093",
          "participantID": "0051",
          "utterance": "대단하세요ㅎㅎ저는 이번 여행갈거 예약중이었어서 나중에 다시 연락드릴게요.",
          "summary": "나는 여행을 갈 예정이다.",
          "date": "2022-08-24",
          "time": "23:33:00",
          "terminate": "false"
        },
        {
          "speaker": "speaker2",
          "personaID": "00466",
          "participantID": "0041",
          "utterance": "네 알겠습니다. 나중에 연락주세요.",
          "summary": "",
          "date": "2022-08-24",
          "time": "23:33:14",
          "terminate": "true"
        }
      ],
      "sessionPersonaSummary": {
        "speaker1": [
          "나는 50대 여자이다.",
          "나는 야구를 자주 한다.",
          "나는 여행을 갈 예정이다."
        ],
        "speaker2": [
          "나는 40대 남자이다.",
          "나는 K-POP 음악을 자주 듣는다.",
          "나는 야구를 좋아한다. 나는 @브랜드명1@팬이다.",
          "나는 지는 것에 익숙하다.",
          "나는 야구를 해본 적이 없다.",
          "나는 학원 국어 강사이다.",
          "나는 국어를 좋아한다. 나는 국어를 잘한다."
        ]
      },
      "prevAggregatedpersonaSummary": {
        "speaker1": [],
        "speaker2": []
      }
    },
    {
      "prevSessionID": "3-00407-1",
      "prevTimeInfo": {
        "timeNum": "2",
        "timeUnit": "시간"
      },
      "nthSession": "2",
      "numberOfUtterances": "16",
      "numberOfTurns": "8",
      "sessionID": "3-00407-2",
      "dialog": [
        {
          "speaker": "speaker1",
          "personaID": "05093",
          "participantID": "0051",
          "utterance": "예약하는데 오래걸렸죠? 제가 잘 못해서 딸한테 물어봐서했어요.",
          "summary": "나는 딸이 있다.",
          "date": "2022-08-24",
          "time": "23:33:33",
          "terminate": "false"
        },
        {
          "speaker": "speaker2",
          "personaID": "00466",
          "participantID": "0041",
          "utterance": "따님이 효녀네요. 여행 어디로 가세요?",
          "summary": "",
          "date": "2022-08-24",
          "time": "23:33:52",
          "terminate": "false"
        },
        {
          "speaker": "speaker1",
          "personaID": "05093",
          "participantID": "0051",
          "utterance": "요즘은 글램핑이 대세라고하길래 한번 예약해봤어요.",
          "summary": "나는 글램핑을 간다.",
          "date": "2022-08-24",
          "time": "23:34:09",
          "terminate": "false"
        },
        {
          "speaker": "speaker2",
          "personaID": "00466",
          "participantID": "0041",
          "utterance": "원래 캠핑을 좋아하셨나요?",
          "summary": "",
          "date": "2022-08-24",
          "time": "23:34:16",
          "terminate": "false"
        },
        {
          "speaker": "speaker1",
          "personaID": "05093",
          "participantID": "0051",
          "utterance": "젊었을땐 많이 갔었죠. 늙고나서는 처음이네요.",
          "summary": "나는 젊을 때 캠핑을 많이 갔다.",
          "date": "2022-08-24",
          "time": "23:34:30",
          "terminate": "false"
        },
        {
          "speaker": "speaker2",
          "personaID": "00466",
          "participantID": "0041",
          "utterance": "힘들실거같은데 누구랑가세요?",
          "summary": "",
          "date": "2022-08-24",
          "time": "23:34:44",
          "terminate": "false"
        },
        {
          "speaker": "speaker1",
          "personaID": "05093",
          "participantID": "0051",
          "utterance": "가족들이랑가죠~남편이랑 딸이랑 아들이랑 넷이서가요.",
          "summary": "나의 가족은 4명이다. 나는 아들이 있다. 나는 가족과 글램핑을 간다.",
          "date": "2022-08-24",
          "time": "23:35:01",
          "terminate": "false"
        },
        {
          "speaker": "speaker2",
          "personaID": "00466",
          "participantID": "0041",
          "utterance": "아들도계셨군요. 자녀분들은 몇살이에요?",
          "summary": "",
          "date": "2022-08-24",
          "time": "23:35:18",
          "terminate": "false"
        },
        {
          "speaker": "speaker1",
          "personaID": "05093",
          "participantID": "0051",
          "utterance": "다 직장다니고있어요. 다컸어요.",
          "summary": "나의 자녀들은 직장인이다.",
          "date": "2022-08-24",
          "time": "23:35:32",
          "terminate": "false"
        },
        {
          "speaker": "speaker2",
          "personaID": "00466",
          "participantID": "0041",
          "utterance": "근데 여행도 따라와주고 착하네요.",
          "summary": "",
          "date": "2022-08-24",
          "time": "23:35:43",
          "terminate": "false"
        },
        {
          "speaker": "speaker1",
          "personaID": "05093",
          "participantID": "0051",
          "utterance": "맞아요. 휴가도 다 맞춰주고 얼마나 착한지 모르겠어요.",
          "summary": "나의 자녀들은 착하다.",
          "date": "2022-08-24",
          "time": "23:35:54",
          "terminate": "false"
        },
        {
          "speaker": "speaker2",
          "personaID": "00466",
          "participantID": "0041",
          "utterance": "부럽습니다. 저도 딸이 하나있는데 아직 고등학생이라 언제 클지 모르겠네요.",
          "summary": "나는 딸이 있다. 나의 딸은 고등학생이다.",
          "date": "2022-08-24",
          "time": "23:36:25",
          "terminate": "false"
        },
        {
          "speaker": "speaker1",
          "personaID": "05093",
          "participantID": "0051",
          "utterance": "그래도 그때가 귀엽고 이쁘죠. 말은 잘들어요?",
          "summary": "",
          "date": "2022-08-24",
          "time": "23:36:36",
          "terminate": "false"
        },
        {
          "speaker": "speaker2",
          "personaID": "00466",
          "participantID": "0041",
          "utterance": "네 아내를 닮아서 성격이 좋아요.",
          "summary": "나의 딸은 엄마를 닮았다.",
          "date": "2022-08-24",
          "time": "23:36:48",
          "terminate": "false"
        },
        {
          "speaker": "speaker1",
          "personaID": "05093",
          "participantID": "0051",
          "utterance": "다행이네요ㅎㅎ그럼 저는 씻고 자야겠네요 다음에 연락할게요.",
          "summary": "나는 잔다.",
          "date": "2022-08-24",
          "time": "23:37:01",
          "terminate": "false"
        },
        {
          "speaker": "speaker2",
          "personaID": "00466",
          "participantID": "0041",
          "utterance": "알겠습니다 저도 자야겠네요. 다음에연락주세요.",
          "summary": "나는 잔다.",
          "date": "2022-08-24",
          "time": "23:37:18",
          "terminate": "true"
        }
      ],
      "sessionPersonaSummary": {
        "speaker1": [
          "나는 딸이 있다.",
          "나는 글램핑을 간다.",
          "나는 젊을 때 캠핑을 많이 갔다.",
          "나의 가족은 4명이다. 나는 아들이 있다. 나는 가족과 글램핑을 간다.",
          "나의 자녀들은 직장인이다.",
          "나의 자녀들은 착하다.",
          "나는 잔다."
        ],
        "speaker2": [
          "나는 딸이 있다. 나의 딸은 고등학생이다.",
          "나의 딸은 엄마를 닮았다.",
          "나는 잔다."
        ]
      },
      "prevAggregatedpersonaSummary": {
        "speaker1": [
          "나는 50대 여자이다.",
          "나는 야구를 자주 한다.",
          "나는 여행을 갈 예정이다."
        ],
        "speaker2": [
          "나는 40대 남자이다.",
          "나는 K-POP 음악을 자주 듣는다.",
          "나는 야구를 좋아한다. 나는 @브랜드명1@팬이다.",
          "나는 지는 것에 익숙하다.",
          "나는 야구를 해본 적이 없다.",
          "나는 학원 국어 강사이다.",
          "나는 국어를 좋아한다. 나는 국어를 잘한다."
        ]
      }
    },
    {
      "prevSessionID": "3-00407-2",
      "prevTimeInfo": {
        "timeNum": "1",
        "timeUnit": "일"
      },
      "nthSession": "3",
      "numberOfUtterances": "16",
      "numberOfTurns": "8",
      "sessionID": "3-00407-3",
      "dialog": [
        {
          "speaker": "speaker1",
          "personaID": "05093",
          "participantID": "0051",
          "utterance": "오늘은 뭐하세요? 출근하셨나요?",
          "summary": "",
          "date": "2022-08-24",
          "time": "23:38:29",
          "terminate": "false"
        },
        {
          "speaker": "speaker2",
          "personaID": "00466",
          "participantID": "0041",
          "utterance": "아니요 저는 오후에 출근합니다. 점심먹고 나가려고해요.",
          "summary": "나는 오후에 출근한다.",
          "date": "2022-08-24",
          "time": "23:38:43",
          "terminate": "false"
        },
        {
          "speaker": "speaker1",
          "personaID": "05093",
          "participantID": "0051",
          "utterance": "부럽네요. 저는 아까 출근했는데. 점심은 뭐드실거에요?",
          "summary": "",
          "date": "2022-08-24",
          "time": "23:39:12",
          "terminate": "false"
        },
        {
          "speaker": "speaker2",
          "personaID": "00466",
          "participantID": "0041",
          "utterance": "제가 일식을 좋아해서 돈까스 먹으려고합니다.",
          "summary": "나는 일식을 좋아한다. 나는 돈가스를 먹을 예정이다.",
          "date": "2022-08-24",
          "time": "23:39:29",
          "terminate": "false"
        },
        {
          "speaker": "speaker1",
          "personaID": "05093",
          "participantID": "0051",
          "utterance": "괜찮은거면 저도 그거먹으려했는데. 안타깝게도 제가 일식을 싫어하네요.",
          "summary": "나는 일식을 싫어한다.",
          "date": "2022-08-24",
          "time": "23:39:47",
          "terminate": "false"
        },
        {
          "speaker": "speaker2",
          "personaID": "00466",
          "participantID": "0041",
          "utterance": "그럼 어떤 종류 좋아하세요?",
          "summary": "",
          "date": "2022-08-24",
          "time": "23:39:57",
          "terminate": "false"
        },
        {
          "speaker": "speaker1",
          "personaID": "05093",
          "participantID": "0051",
          "utterance": "아무래도 한식이 좋죠? 쌈밥이나 먹어야겠네요.",
          "summary": "나는 한식을 좋아한다. 나는 쌈밥을 먹을 예정이다.",
          "date": "2022-08-24",
          "time": "23:40:12",
          "terminate": "false"
        },
        {
          "speaker": "speaker2",
          "personaID": "00466",
          "participantID": "0041",
          "utterance": "저는 쌈밥은 별로 안좋아합니다.",
          "summary": "나는 쌈밥을 싫어한다.",
          "date": "2022-08-24",
          "time": "23:40:28",
          "terminate": "false"
        },
        {
          "speaker": "speaker1",
          "personaID": "05093",
          "participantID": "0051",
          "utterance": "식성은 완전 반대네요ㅎㅎ아 어제 학원강사라고 하셨죠?",
          "summary": "",
          "date": "2022-08-24",
          "time": "23:40:43",
          "terminate": "false"
        },
        {
          "speaker": "speaker2",
          "personaID": "00466",
          "participantID": "0041",
          "utterance": "네 맞습니다. 국어강사 하고있어요.",
          "summary": "",
          "date": "2022-08-24",
          "time": "23:40:50",
          "terminate": "false"
        },
        {
          "speaker": "speaker1",
          "personaID": "05093",
          "participantID": "0051",
          "utterance": "제 남동생이 또 선생님이거든요. 어제 말하려다가 까먹었네요.",
          "summary": "나의 남동생은 선생님이다.",
          "date": "2022-08-24",
          "time": "23:41:13",
          "terminate": "false"
        },
        {
          "speaker": "speaker2",
          "personaID": "00466",
          "participantID": "0041",
          "utterance": "임용도 통과하시고 진짜 공부잘하셨나보네요.",
          "summary": "",
          "date": "2022-08-24",
          "time": "23:41:28",
          "terminate": "false"
        },
        {
          "speaker": "speaker1",
          "personaID": "05093",
          "participantID": "0051",
          "utterance": "에이 시대를 잘타고난거죠. 지금이었으면 못했어요.",
          "summary": "",
          "date": "2022-08-24",
          "time": "23:41:42",
          "terminate": "false"
        },
        {
          "speaker": "speaker2",
          "personaID": "00466",
          "participantID": "0041",
          "utterance": "저는 이제 나가보려고합니다.",
          "summary": "",
          "date": "2022-08-24",
          "time": "23:41:59",
          "terminate": "false"
        },
        {
          "speaker": "speaker1",
          "personaID": "05093",
          "participantID": "0051",
          "utterance": "아 이제 출근하신다고했지. 출근잘하세요~다음에 또 대화나눠요.",
          "summary": "",
          "date": "2022-08-24",
          "time": "23:42:19",
          "terminate": "false"
        },
        {
          "speaker": "speaker2",
          "personaID": "00466",
          "participantID": "0041",
          "utterance": "알겠습니다. 오늘도 화이팅입니다.",
          "summary": "",
          "date": "2022-08-24",
          "time": "23:42:37",
          "terminate": "true"
        }
      ],
      "sessionPersonaSummary": {
        "speaker1": [
          "나는 일식을 싫어한다.",
          "나는 한식을 좋아한다. 나는 쌈밥을 먹을 예정이다.",
          "나의 남동생은 선생님이다."
        ],
        "speaker2": [
          "나는 오후에 출근한다.",
          "나는 일식을 좋아한다. 나는 돈가스를 먹을 예정이다.",
          "나는 쌈밥을 싫어한다."
        ]
      },
      "prevAggregatedpersonaSummary": {
        "speaker1": [
          "나는 50대 여자이다.",
          "나는 야구를 자주 한다.",
          "나는 여행을 갈 예정이다.",
          "나는 딸이 있다.",
          "나는 글램핑을 간다.",
          "나는 젊을 때 캠핑을 많이 갔다.",
          "나의 가족은 4명이다. 나는 아들이 있다. 나는 가족과 글램핑을 간다.",
          "나의 자녀들은 직장인이다.",
          "나의 자녀들은 착하다.",
          "나는 잔다."
        ],
        "speaker2": [
          "나는 40대 남자이다.",
          "나는 K-POP 음악을 자주 듣는다.",
          "나는 야구를 좋아한다. 나는 @브랜드명1@팬이다.",
          "나는 지는 것에 익숙하다.",
          "나는 야구를 해본 적이 없다.",
          "나는 학원 국어 강사이다.",
          "나는 국어를 좋아한다. 나는 국어를 잘한다.",
          "나는 딸이 있다. 나의 딸은 고등학생이다.",
          "나의 딸은 엄마를 닮았다.",
          "나는 잔다."
        ]
      }
    }
  ]
}