{
  "FileInfo": {
    "filename": "K3-00452-CL34336-CP21180-03-04-S3.json",
    "sessionLevel": "3"
  },
  "participantsInfo": {
    "numberOfParticipants": "2",
    "speaker1": {
      "participantID": "3757",
      "gender": "여성",
      "age": "30대",
      "occupation": "주부",
      "bPlace": "부산/대구/울산/경상",
      "gPlace": "부산/대구/울산/경상",
      "rPlace": "부산/대구/울산/경상",
      "educationLevel": "대졸"
    },
    "speaker2": {
      "participantID": "4225",
      "gender": "남성",
      "age": "30대",
      "occupation": "사무직",
      "bPlace": "대전/세종/충청/강원",
      "gPlace": "서울/경기/인천",
      "rPlace": "서울/경기/인천",
      "educationLevel": "대졸"
    }
  },
  "multisessionInfo": {
    "multisessionID": "3-00452"
  },
  "personaInfo": {
    "clInfo": {
      "personaID": "34336",
      "personaFeatures": [
        "나는 여자이다.",
        "나는 30대이다.",
        "나는 20년 후 자랑스러운 부모가 되 것이 목표이다",
        "나는 혈액형이 AB형이다",
        "나는 홈트레이닝을 자주 한다"
      ],
      "speakerType": "speaker1"
    },
    "cpInfo": {
      "personaID": "21180",
      "personaFeatures": [
        "나는 남자이다.",
        "나는 20대이다.",
        "나는 역사/문화 여행 가끔 간다",
        "나는 댄스스포츠부 동아리에 관심 있다",
        "나는 걷기를 가끔 한다"
      ],
      "speakerType": "speaker2"
    }
  },
  "topicInfo": {
    "topicID": "03-04",
    "topicType": "교통",
    "topicTitle": "전기차"
  },
  "sessionInfo": [
    {
      "prevSessionID": null,
      "prevTimeInfo": {
        "timeNum": null,
        "timeUnit": null
      },
      "nthSession": "1",
      "numberOfUtterances": "14",
      "numberOfTurns": "7",
      "sessionID": "3-00452-1",
      "dialog": [
        {
          "speaker": "speaker1",
          "personaID": "34336",
          "participantID": "3757",
          "utterance": "안녕하세요 나는 30대 여성 입니다 ",
          "summary": "나는 30대 여성이다.",
          "date": "2022-11-03",
          "time": "15:42:11",
          "terminate": "false"
        },
        {
          "speaker": "speaker2",
          "personaID": "21180",
          "participantID": "4225",
          "utterance": "안녕하세요. 저는 20대 남성입니다. 반갑습니다.",
          "summary": "나는 20대 남성이다",
          "date": "2022-11-04",
          "time": "09:20:29",
          "terminate": "false"
        },
        {
          "speaker": "speaker1",
          "personaID": "34336",
          "participantID": "3757",
          "utterance": "혈액형이 어떻게 되세요 ?저는 AB형 입니다 ",
          "summary": "나의 혈액형은 AB형이다.",
          "date": "2022-11-04",
          "time": "14:41:52",
          "terminate": "false"
        },
        {
          "speaker": "speaker2",
          "personaID": "21180",
          "participantID": "4225",
          "utterance": "저도 O형이에요. 비슷한 성격이실꺼같은데 혹시 동아리 활동하시는거있나요? 저는 요새 댄스스포츠부 동아리에 관심이있어서 알아보는중이거든요.",
          "summary": "나는 댄스스포츠부 동아리에 관심이 있다",
          "date": "2022-11-04",
          "time": "15:26:44",
          "terminate": "false"
        },
        {
          "speaker": "speaker1",
          "personaID": "34336",
          "participantID": "3757",
          "utterance": "아이를 키우다 보니 동호회는 힘드네요 저는 20년후 자랑스러운 부모가 되는것이 목표에요 ",
          "summary": "나는 아이를 키운다. 나는 아이를 키우기 때문에 동호회 활동하기가 힘들다. 나는 20년 후 자랑스러운 부모가 되는 것이 목표이다.",
          "date": "2022-11-04",
          "time": "15:38:18",
          "terminate": "false"
        },
        {
          "speaker": "speaker2",
          "personaID": "21180",
          "participantID": "4225",
          "utterance": "그 목표 응원하겠습니다. 저는 역사여행을 가끔가는데 여행좋아하세요?",
          "summary": "나는 역사여행을 가끔 한다",
          "date": "2022-11-04",
          "time": "15:45:20",
          "terminate": "false"
        },
        {
          "speaker": "speaker1",
          "personaID": "34336",
          "participantID": "3757",
          "utterance": "여행 좋아 합니다 아이가 있으니 코로나때는 못다니겠더라구요 역사 여행도 멋지네요 ",
          "summary": "나는 여행을 좋아한다. 나는 아이가 있어 코로나 때문에 여행을 못 다녔다.",
          "date": "2022-11-04",
          "time": "15:53:45",
          "terminate": "false"
        },
        {
          "speaker": "speaker2",
          "personaID": "21180",
          "participantID": "4225",
          "utterance": "가끔은 사람없는곳을 목표로 가면 코로나시국에도 다녀오실만 할꺼에요. 저는 걷기를 가끔하는데 가끔 가까운곳 아이들과 걸으면서 가을풍경을 구경하기도 한답니다.",
          "summary": "나는 가끔 걸으면 단풍도 구경한다",
          "date": "2022-11-04",
          "time": "16:05:13",
          "terminate": "false"
        },
        {
          "speaker": "speaker1",
          "personaID": "34336",
          "participantID": "3757",
          "utterance": "그래도 요즘 집에서 홈트레이닝을 자주 해요 단풍이 지금 한참이죠 ?",
          "summary": "나는 요즘 집에서 홈트레이닝을 자주 한다.",
          "date": "2022-11-04",
          "time": "16:10:13",
          "terminate": "false"
        },
        {
          "speaker": "speaker2",
          "personaID": "21180",
          "participantID": "4225",
          "utterance": "네 한창인데 비오거나 태풍오면 때를 놓칠수도 있을거같아요.",
          "summary": "나는 비 오면 단풍이 질 거 같다",
          "date": "2022-11-04",
          "time": "16:32:21",
          "terminate": "false"
        },
        {
          "speaker": "speaker1",
          "personaID": "34336",
          "participantID": "3757",
          "utterance": "날씨부터 알아 봐야겠어요 이번주 체크 들어갑니다 ",
          "summary": "나는 단풍을 보기 위해 날씨부터 알아볼 것이다.",
          "date": "2022-11-04",
          "time": "16:45:52",
          "terminate": "false"
        },
        {
          "speaker": "speaker2",
          "personaID": "21180",
          "participantID": "4225",
          "utterance": "이번주 날씨 괜찮다고 했어요. 꼭 도전해보세요. 저도 어디갈지 알아보고있습니다.",
          "summary": "나는 이번 주 날씨는 좋다고 알고 있다.",
          "date": "2022-11-04",
          "time": "16:47:44",
          "terminate": "false"
        },
        {
          "speaker": "speaker1",
          "personaID": "34336",
          "participantID": "3757",
          "utterance": "알겠어요 대구근교 팔공산쪽으로 한번 봐야겠어요 감사합니다 ",
          "summary": "나는 대구 근교 팔공산 쪽으로 단풍 구경하러 갈 예정이다.",
          "date": "2022-11-04",
          "time": "16:52:25",
          "terminate": "false"
        },
        {
          "speaker": "speaker2",
          "personaID": "21180",
          "participantID": "4225",
          "utterance": "네 그럼 다음에 만날때 후기들려주셔야되요. 조만간 또 봐요!",
          "summary": "",
          "date": "2022-11-04",
          "time": "17:19:09",
          "terminate": "true"
        }
      ],
      "sessionPersonaSummary": {
        "speaker1": [
          "나는 30대 여성이다.",
          "나의 혈액형은 AB형이다.",
          "나는 아이를 키운다. 나는 아이를 키우기 때문에 동호회 활동하기가 힘들다. 나는 20년 후 자랑스러운 부모가 되는 것이 목표이다.",
          "나는 여행을 좋아한다. 나는 아이가 있어 코로나 때문에 여행을 못 다녔다.",
          "나는 요즘 집에서 홈트레이닝을 자주 한다.",
          "나는 단풍을 보기 위해 날씨부터 알아볼 것이다.",
          "나는 대구 근교 팔공산 쪽으로 단풍 구경하러 갈 예정이다."
        ],
        "speaker2": [
          "나는 20대 남성이다",
          "나는 댄스스포츠부 동아리에 관심이 있다",
          "나는 역사여행을 가끔 한다",
          "나는 가끔 걸으면 단풍도 구경한다",
          "나는 비 오면 단풍이 질 거 같다",
          "나는 이번 주 날씨는 좋다고 알고 있다."
        ]
      },
      "prevAggregatedpersonaSummary": {
        "speaker1": [],
        "speaker2": []
      }
    },
    {
      "prevSessionID": "3-00452-1",
      "prevTimeInfo": {
        "timeNum": "1",
        "timeUnit": "주"
      },
      "nthSession": "2",
      "numberOfUtterances": "14",
      "numberOfTurns": "7",
      "sessionID": "3-00452-2",
      "dialog": [
        {
          "speaker": "speaker1",
          "personaID": "34336",
          "participantID": "3757",
          "utterance": "일주일 만이네요 그동안 잘지내셨어요 ?",
          "summary": "나는 일주일 만에 연락한다.",
          "date": "2022-11-04",
          "time": "19:57:35",
          "terminate": "false"
        },
        {
          "speaker": "speaker2",
          "personaID": "21180",
          "participantID": "4225",
          "utterance": "1주일이 참 길었네요. 덕분에 잘지내고있었습니다. 홈트레이닝 일주일에 몇번 하세요?",
          "summary": "",
          "date": "2022-11-07",
          "time": "09:14:49",
          "terminate": "false"
        },
        {
          "speaker": "speaker1",
          "personaID": "34336",
          "participantID": "3757",
          "utterance": "일주일에 5일은 해요. 제가 자차를 살려고 합니다 전기차 타보셨어요 ",
          "summary": "나는 홈트레이닝을 일주일에 5일은 한다. 나는 자동차를 사려고 한다.",
          "date": "2022-11-07",
          "time": "11:12:15",
          "terminate": "false"
        },
        {
          "speaker": "speaker2",
          "personaID": "21180",
          "participantID": "4225",
          "utterance": "아니요. 이번에 신차구매예정인데 전기차를 고려해보고있는중입니다. 님은 타보셨어요?",
          "summary": "나는 신차를 구매할 때 전기차를 고려 중이다.",
          "date": "2022-11-07",
          "time": "11:19:47",
          "terminate": "false"
        },
        {
          "speaker": "speaker1",
          "personaID": "34336",
          "participantID": "3757",
          "utterance": "저는 택시만요 혹시 타보신거에요 ?",
          "summary": "나는 전기차는 택시만 타봤다.",
          "date": "2022-11-07",
          "time": "12:43:02",
          "terminate": "false"
        },
        {
          "speaker": "speaker2",
          "personaID": "21180",
          "participantID": "4225",
          "utterance": "저랑 똑같네요. 저도 택시로만 타봤네요. 조만간 시승하러갈 예정이에요.",
          "summary": "나는 택시 전기차를 타봤다. 나는 조만간 전기차 시승을 하러 갈 것이다.",
          "date": "2022-11-07",
          "time": "13:06:21",
          "terminate": "false"
        },
        {
          "speaker": "speaker1",
          "personaID": "34336",
          "participantID": "3757",
          "utterance": "시승 해보시면 저에게도 정보좀 주세요 주위에서 추천 받으신거에요 ?",
          "summary": "",
          "date": "2022-11-07",
          "time": "13:34:20",
          "terminate": "false"
        },
        {
          "speaker": "speaker2",
          "personaID": "21180",
          "participantID": "4225",
          "utterance": "추천보다는 주위에 타고계시는분들도있고 제가 직접 알아본것도있어요. 확실히 시승을해봐야 좀 잘 알수있을꺼같아요.",
          "summary": "",
          "date": "2022-11-07",
          "time": "13:58:10",
          "terminate": "false"
        },
        {
          "speaker": "speaker1",
          "personaID": "34336",
          "participantID": "3757",
          "utterance": "님 주위에는 전기차 충전하는곳이 넉넉하세요?",
          "summary": "",
          "date": "2022-11-07",
          "time": "14:50:22",
          "terminate": "false"
        },
        {
          "speaker": "speaker2",
          "personaID": "21180",
          "participantID": "4225",
          "utterance": "아파트가 아니라 개인 충전단자가 필요할거같더라구요. 주변에 물어보니 아파트라도 적어서 불편하다고 하더라구요.",
          "summary": "나는 아파트에 살고 있지 않아 전기차 개인 충전단자가 필요할 것 같다.",
          "date": "2022-11-07",
          "time": "17:19:43",
          "terminate": "false"
        },
        {
          "speaker": "speaker1",
          "personaID": "34336",
          "participantID": "3757",
          "utterance": "전기차도 갖춰야할게 많네요 개인으로  충전단자를 만들면 금액적인 부분도 크게 들겠죠 ?",
          "summary": "나는 전기차도 갖춰야 할게 많다고 생각한다.",
          "date": "2022-11-07",
          "time": "19:19:10",
          "terminate": "false"
        },
        {
          "speaker": "speaker2",
          "personaID": "21180",
          "participantID": "4225",
          "utterance": "금액적인것도있지만 집에서 전기를 끌어와서 충전해야되는 불편함도있죠. 공동주택의 경우 신청조건도까다롭다고 들었어요. 비용도많이들고",
          "summary": "나는 공동주택은 전기차 충전단자 신청이 까다롭다고 봤다",
          "date": "2022-11-08",
          "time": "09:09:07",
          "terminate": "false"
        },
        {
          "speaker": "speaker1",
          "personaID": "34336",
          "participantID": "3757",
          "utterance": "저는 주택이니 그럼 좀 힘들거 같긴하네요 알아봐야겠어요 ",
          "summary": "나는 주택에 거주 중이라 전기차 충전시설 설치가 힘들 거 같다.",
          "date": "2022-11-08",
          "time": "09:52:34",
          "terminate": "false"
        },
        {
          "speaker": "speaker2",
          "personaID": "21180",
          "participantID": "4225",
          "utterance": "네 그럼 다음에 좀더 자세한정보 공유 나눠봐요. 다음에봐요",
          "summary": "",
          "date": "2022-11-08",
          "time": "10:21:43",
          "terminate": "true"
        }
      ],
      "sessionPersonaSummary": {
        "speaker1": [
          "나는 일주일 만에 연락한다.",
          "나는 홈트레이닝을 일주일에 5일은 한다. 나는 자동차를 사려고 한다.",
          "나는 전기차는 택시만 타봤다.",
          "나는 전기차도 갖춰야 할게 많다고 생각한다.",
          "나는 주택에 거주 중이라 전기차 충전시설 설치가 힘들 거 같다."
        ],
        "speaker2": [
          "나는 신차를 구매할 때 전기차를 고려 중이다.",
          "나는 택시 전기차를 타봤다. 나는 조만간 전기차 시승을 하러 갈 것이다.",
          "나는 아파트에 살고 있지 않아 전기차 개인 충전단자가 필요할 것 같다.",
          "나는 공동주택은 전기차 충전단자 신청이 까다롭다고 봤다"
        ]
      },
      "prevAggregatedpersonaSummary": {
        "speaker1": [
          "나는 30대 여성이다.",
          "나의 혈액형은 AB형이다.",
          "나는 아이를 키운다. 나는 아이를 키우기 때문에 동호회 활동하기가 힘들다. 나는 20년 후 자랑스러운 부모가 되는 것이 목표이다.",
          "나는 여행을 좋아한다. 나는 아이가 있어 코로나 때문에 여행을 못 다녔다.",
          "나는 요즘 집에서 홈트레이닝을 자주 한다.",
          "나는 단풍을 보기 위해 날씨부터 알아볼 것이다.",
          "나는 대구 근교 팔공산 쪽으로 단풍 구경하러 갈 예정이다."
        ],
        "speaker2": [
          "나는 20대 남성이다",
          "나는 댄스스포츠부 동아리에 관심이 있다",
          "나는 역사여행을 가끔 한다",
          "나는 가끔 걸으면 단풍도 구경한다",
          "나는 비 오면 단풍이 질 거 같다",
          "나는 이번 주 날씨는 좋다고 알고 있다."
        ]
      }
    },
    {
      "prevSessionID": "3-00452-2",
      "prevTimeInfo": {
        "timeNum": "3",
        "timeUnit": "일"
      },
      "nthSession": "3",
      "numberOfUtterances": "14",
      "numberOfTurns": "7",
      "sessionID": "3-00452-3",
      "dialog": [
        {
          "speaker": "speaker1",
          "personaID": "34336",
          "participantID": "3757",
          "utterance": "3일만에 다시 뵈어요 잘지내셨죵?",
          "summary": "",
          "date": "2022-11-08",
          "time": "10:29:02",
          "terminate": "false"
        },
        {
          "speaker": "speaker2",
          "personaID": "21180",
          "participantID": "4225",
          "utterance": "3일동안 별일없이 잘지냈습니다. 그동안 뭐하고 계셨어요? 전기차 잘 알아보셨어요?",
          "summary": "",
          "date": "2022-11-08",
          "time": "10:29:45",
          "terminate": "false"
        },
        {
          "speaker": "speaker1",
          "personaID": "34336",
          "participantID": "3757",
          "utterance": "저 전기차를 알아보다가 역시나 포기하기로 했어요 엠님은요 ?",
          "summary": "나는 전기차를 알아보다가 역시나 구매를 포기하기로 했다.",
          "date": "2022-11-08",
          "time": "10:30:24",
          "terminate": "false"
        },
        {
          "speaker": "speaker2",
          "personaID": "21180",
          "participantID": "4225",
          "utterance": "왜요?? 전기차 포기하신 이유가 있으실까요?",
          "summary": "",
          "date": "2022-11-08",
          "time": "10:31:09",
          "terminate": "false"
        },
        {
          "speaker": "speaker1",
          "personaID": "34336",
          "participantID": "3757",
          "utterance": "알아보니 빌라만 되어도 개인충전단자 하기가 쉽더라구요 저희는 주택이라 힘드네요 ",
          "summary": "나는 주택에 살고 있어 개인 충전단자 설치가 힘들어 전기차를 포기할 것이다.",
          "date": "2022-11-08",
          "time": "10:32:11",
          "terminate": "false"
        },
        {
          "speaker": "speaker2",
          "personaID": "21180",
          "participantID": "4225",
          "utterance": "확실히 아직까진 인프라 활성이 많이되지않아 구매가 꺼려질수밖에 없을수도 있는거 같아요. 주변에 충전시설이라도 가까우면 고려해볼수있을텐데 말이죠.",
          "summary": "나는 전기차 인프라 활동이 미비한 거 같다",
          "date": "2022-11-08",
          "time": "10:33:46",
          "terminate": "false"
        },
        {
          "speaker": "speaker1",
          "personaID": "34336",
          "participantID": "3757",
          "utterance": "알아보니 근처에 주민센터에 설치가 되어 있긴하더라구요 근데 한대네요 님은 어디에사세요 ?",
          "summary": "나는 알아보니 근처에 주민센터에 전기차 충전기가 설치가 되어있는 걸 안다.",
          "date": "2022-11-08",
          "time": "10:34:51",
          "terminate": "false"
        },
        {
          "speaker": "speaker2",
          "personaID": "21180",
          "participantID": "4225",
          "utterance": "저는 빌라에살고있고 조만간 아파트로 이사갈예정이에요. 이사갈 아파트 주차장에도 충전시설이 미흡해서 전기차 구매를 고민하고있어요.",
          "summary": "나는 빌라에 산다. 나는 조만간 아파트로 이사 갈 예정이다.",
          "date": "2022-11-08",
          "time": "10:35:35",
          "terminate": "false"
        },
        {
          "speaker": "speaker1",
          "personaID": "34336",
          "participantID": "3757",
          "utterance": "역시나 그렇죠 대형마트에는 되어 있긴 한데 일일이 가는것도 쉽지 않은거 같아요 ",
          "summary": "나는 대형마트에 전기차 충전시설이 되어있는 걸 알지만 일일이 가는 것도 쉽지 않다고 생각한다.",
          "date": "2022-11-08",
          "time": "10:36:04",
          "terminate": "false"
        },
        {
          "speaker": "speaker2",
          "personaID": "21180",
          "participantID": "4225",
          "utterance": "그런것들만 제외하면 참 편리하고 좋은데 말이죠. 100%는 아니지만 자율주행도 가능해서 너무 교통이 혼잡하지만않으면 편하게 원하는곳을 갈 수 있는 장점이 좋은거같아요.",
          "summary": "나는 전기차가 자율주행도 가능하다고 들었다",
          "date": "2022-11-08",
          "time": "10:39:01",
          "terminate": "false"
        },
        {
          "speaker": "speaker1",
          "personaID": "34336",
          "participantID": "3757",
          "utterance": "조용하기도 하고 연비는 싸게 드는것 같아요 단 아직은 베터리 문제가 있긴 한거 같아요 ",
          "summary": "나는 전기차가 조용하 기도하고 연비는 싸게 드는 것 같다.",
          "date": "2022-11-08",
          "time": "10:39:49",
          "terminate": "false"
        },
        {
          "speaker": "speaker2",
          "personaID": "21180",
          "participantID": "4225",
          "utterance": "전기차 전체비용의 7~80%가 배터리가격이라고하더라구요. 잘못해서 방전되거나 고장난다면 고쳐타기가 참 애매할거같아요.",
          "summary": "나는 전기차 비용 7-80%가 배터리 가격이라고 들었다",
          "date": "2022-11-08",
          "time": "10:40:59",
          "terminate": "false"
        },
        {
          "speaker": "speaker1",
          "personaID": "34336",
          "participantID": "3757",
          "utterance": "맞아요 비용도 많이 들구요 외에는 좋은거 같은데 아직 우리나라는 전기차 좀더 개선되어야 할거 같아요 ",
          "summary": "나는 우리나라 전기차는 좀 더 개선되어야 할 거 같다.",
          "date": "2022-11-08",
          "time": "10:41:35",
          "terminate": "false"
        },
        {
          "speaker": "speaker2",
          "personaID": "21180",
          "participantID": "4225",
          "utterance": "네 다음에는 같이 시승해보면서 이야기 더 나눠봐요. 그럼 다음에 봐요",
          "summary": "",
          "date": "2022-11-08",
          "time": "10:42:22",
          "terminate": "true"
        }
      ],
      "sessionPersonaSummary": {
        "speaker1": [
          "나는 전기차를 알아보다가 역시나 구매를 포기하기로 했다.",
          "나는 주택에 살고 있어 개인 충전단자 설치가 힘들어 전기차를 포기할 것이다.",
          "나는 알아보니 근처에 주민센터에 전기차 충전기가 설치가 되어있는 걸 안다.",
          "나는 대형마트에 전기차 충전시설이 되어있는 걸 알지만 일일이 가는 것도 쉽지 않다고 생각한다.",
          "나는 전기차가 조용하 기도하고 연비는 싸게 드는 것 같다.",
          "나는 우리나라 전기차는 좀 더 개선되어야 할 거 같다."
        ],
        "speaker2": [
          "나는 전기차 인프라 활동이 미비한 거 같다",
          "나는 빌라에 산다. 나는 조만간 아파트로 이사 갈 예정이다.",
          "나는 전기차가 자율주행도 가능하다고 들었다",
          "나는 전기차 비용 7-80%가 배터리 가격이라고 들었다"
        ]
      },
      "prevAggregatedpersonaSummary": {
        "speaker1": [
          "나는 30대 여성이다.",
          "나의 혈액형은 AB형이다.",
          "나는 아이를 키운다. 나는 아이를 키우기 때문에 동호회 활동하기가 힘들다. 나는 20년 후 자랑스러운 부모가 되는 것이 목표이다.",
          "나는 여행을 좋아한다. 나는 아이가 있어 코로나 때문에 여행을 못 다녔다.",
          "나는 요즘 집에서 홈트레이닝을 자주 한다.",
          "나는 단풍을 보기 위해 날씨부터 알아볼 것이다.",
          "나는 대구 근교 팔공산 쪽으로 단풍 구경하러 갈 예정이다.",
          "나는 일주일 만에 연락한다.",
          "나는 홈트레이닝을 일주일에 5일은 한다. 나는 자동차를 사려고 한다.",
          "나는 전기차는 택시만 타봤다.",
          "나는 전기차도 갖춰야 할게 많다고 생각한다.",
          "나는 주택에 거주 중이라 전기차 충전시설 설치가 힘들 거 같다."
        ],
        "speaker2": [
          "나는 20대 남성이다",
          "나는 댄스스포츠부 동아리에 관심이 있다",
          "나는 역사여행을 가끔 한다",
          "나는 가끔 걸으면 단풍도 구경한다",
          "나는 비 오면 단풍이 질 거 같다",
          "나는 이번 주 날씨는 좋다고 알고 있다.",
          "나는 신차를 구매할 때 전기차를 고려 중이다.",
          "나는 택시 전기차를 타봤다. 나는 조만간 전기차 시승을 하러 갈 것이다.",
          "나는 아파트에 살고 있지 않아 전기차 개인 충전단자가 필요할 것 같다.",
          "나는 공동주택은 전기차 충전단자 신청이 까다롭다고 봤다"
        ]
      }
    }
  ]
}