{
  "FileInfo": {
    "filename": "K3-00359-CL10320-CP41955-17-04-S3.json",
    "sessionLevel": "3"
  },
  "participantsInfo": {
    "numberOfParticipants": "2",
    "speaker1": {
      "participantID": "0022",
      "gender": "남성",
      "age": "20대",
      "occupation": "무직",
      "bPlace": "대전/세종/충청/강원",
      "gPlace": "대전/세종/충청/강원",
      "rPlace": "대전/세종/충청/강원",
      "educationLevel": "대졸"
    },
    "speaker2": {
      "participantID": "0095",
      "gender": "여성",
      "age": "30대",
      "occupation": "무직",
      "bPlace": "서울/경기/인천",
      "gPlace": "서울/경기/인천",
      "rPlace": "서울/경기/인천",
      "educationLevel": "대학원졸"
    }
  },
  "multisessionInfo": {
    "multisessionID": "3-00359"
  },
  "personaInfo": {
    "clInfo": {
      "personaID": "10320",
      "personaFeatures": [
        "나는 남자이다.",
        "나는 10대이다.",
        "내가 사는 곳은 파주이다",
        "나는 과학 선생님이 되고 싶다",
        "나는 힙합 음악을 좋아한다"
      ],
      "speakerType": "speaker1"
    },
    "cpInfo": {
      "personaID": "41955",
      "personaFeatures": [
        "나는 여자이다.",
        "나는 40대이다.",
        "나는 공공기관 본부장이다",
        "나의 자녀는 유학 중이다",
        "나는 단 음식을 좋아한다"
      ],
      "speakerType": "speaker2"
    }
  },
  "topicInfo": {
    "topicID": "17-04",
    "topicType": "미용과 건강>건강",
    "topicTitle": "질병"
  },
  "sessionInfo": [
    {
      "prevSessionID": null,
      "prevTimeInfo": {
        "timeNum": null,
        "timeUnit": null
      },
      "nthSession": "1",
      "numberOfUtterances": "15",
      "numberOfTurns": "7",
      "sessionID": "3-00359-1",
      "dialog": [
        {
          "speaker": "speaker1",
          "personaID": "10320",
          "participantID": "0022",
          "utterance": "안녕하세요. 파주에 사는 10대 남자입니다. 잘 부탁드려요!",
          "summary": "나는 파주에 사는 10대 남자이다.",
          "date": "2022-10-31",
          "time": "20:07:59",
          "terminate": "false"
        },
        {
          "speaker": "speaker2",
          "personaID": "41955",
          "participantID": "0095",
          "utterance": "안녕하세요. 저는 40대 여자입니다. 반가워요^^",
          "summary": "나는 40대 여자이다.",
          "date": "2022-10-31",
          "time": "20:08:40",
          "terminate": "false"
        },
        {
          "speaker": "speaker1",
          "personaID": "10320",
          "participantID": "0022",
          "utterance": "반가워요~ 40대시면 혹시 결혼하셨나요?",
          "summary": "",
          "date": "2022-10-31",
          "time": "20:09:05",
          "terminate": "false"
        },
        {
          "speaker": "speaker2",
          "personaID": "41955",
          "participantID": "0095",
          "utterance": "네 결혼했습니다. 자녀도 있구요. 지금 제 자녀는 유학 중이네요ㅎㅎ",
          "summary": "나는 기혼이다. 나는 자녀가 있다. 나의 자녀는 유학 중이다.",
          "date": "2022-10-31",
          "time": "20:09:51",
          "terminate": "false"
        },
        {
          "speaker": "speaker1",
          "personaID": "10320",
          "participantID": "0022",
          "utterance": "오! 그러시구나! 자녀분은 어디로 유학 가셨나요?",
          "summary": "",
          "date": "2022-10-31",
          "time": "20:11:02",
          "terminate": "false"
        },
        {
          "speaker": "speaker2",
          "personaID": "41955",
          "participantID": "0095",
          "utterance": "캐나다로 유학 갔어요ㅎㅎ 혹시 직업은 어떻게 되세요?? 저는 공공기관 본부장이에요ㅎㅎ",
          "summary": "나의 자녀는 캐나다로 유학 갔다. 나는 공공기관 본부장이다.",
          "date": "2022-10-31",
          "time": "20:11:43",
          "terminate": "false"
        },
        {
          "speaker": "speaker1",
          "personaID": "10320",
          "participantID": "0022",
          "utterance": "저는 아직 학생입니다~ 과학 선생님이 되고 싶은 고등학생이에요~",
          "summary": "나는 아직 학생이다. 나는 과학 선생님이 되고 싶은 고등학생이다.",
          "date": "2022-10-31",
          "time": "20:12:29",
          "terminate": "false"
        },
        {
          "speaker": "speaker2",
          "personaID": "41955",
          "participantID": "0095",
          "utterance": "아 10대면 학생이겠군요. 미안해요ㅎㅎ 혹시 단거 잘 먹나요??",
          "summary": "",
          "date": "2022-10-31",
          "time": "20:13:10",
          "terminate": "false"
        },
        {
          "speaker": "speaker1",
          "personaID": "10320",
          "participantID": "0022",
          "utterance": "아뇨. 괜찮습니다~ㅋㅋ 저는 단 음식보다 짠 음식이 좋네요~ 좋아하시나 봐요?",
          "summary": "나는 짠 음식을 좋아한다.",
          "date": "2022-10-31",
          "time": "20:13:36",
          "terminate": "false"
        },
        {
          "speaker": "speaker2",
          "personaID": "41955",
          "participantID": "0095",
          "utterance": "네 제가 단 음식을 좋아해서 디저트 카페에 자주 가요ㅎㅎ",
          "summary": "나는 단 음식을 좋아해서 디저트 카페에 자주 간다.",
          "date": "2022-10-31",
          "time": "20:13:49",
          "terminate": "false"
        },
        {
          "speaker": "speaker1",
          "personaID": "10320",
          "participantID": "0022",
          "utterance": "그러시군요~ㅎㅎ 디저트 가게 가면 산뜻한 음악 나오겠네요~ 저는 힙합 음악을 좋아하는데~ㅎㅎ",
          "summary": "나는 디저트 가게 가면 산뜻한 음악이 나온다고 생각한다. 나는 힙합 음악을 좋아한다.",
          "date": "2022-10-31",
          "time": "20:14:16",
          "terminate": "false"
        },
        {
          "speaker": "speaker2",
          "personaID": "41955",
          "participantID": "0095",
          "utterance": "저도 힙합 음악 좋아해요ㅎㅎ 식사는 하셨나요??",
          "summary": "나는 힙합 음악을 좋아한다.",
          "date": "2022-10-31",
          "time": "20:14:51",
          "terminate": "false"
        },
        {
          "speaker": "speaker1",
          "personaID": "10320",
          "participantID": "0022",
          "utterance": "아직 밥 안 먹었네요! 슬슬 식사 시간이기는 하네요~",
          "summary": "나는 아직 밥을 안 먹었다. 나는 이제 식사 시간이라고 생각한다.",
          "date": "2022-10-31",
          "time": "20:15:08",
          "terminate": "false"
        },
        {
          "speaker": "speaker2",
          "personaID": "41955",
          "participantID": "0095",
          "utterance": "얼른 식사하세요! 저도 이제 식사하러 가볼게요~~ 오늘 대화 즐거웠어요!",
          "summary": "나는 식사하러 간다. 나는 대화가 즐거웠다.",
          "date": "2022-10-31",
          "time": "20:15:42",
          "terminate": "false"
        },
        {
          "speaker": "speaker1",
          "personaID": "10320",
          "participantID": "0022",
          "utterance": "네. 알겠습니다! 그럼 식사 맛있게 하세요! 다음에 또 연락해요!",
          "summary": "",
          "date": "2022-10-31",
          "time": "20:15:57",
          "terminate": "true"
        }
      ],
      "sessionPersonaSummary": {
        "speaker1": [
          "나는 파주에 사는 10대 남자이다.",
          "나는 아직 학생이다. 나는 과학 선생님이 되고 싶은 고등학생이다.",
          "나는 짠 음식을 좋아한다.",
          "나는 디저트 가게 가면 산뜻한 음악이 나온다고 생각한다. 나는 힙합 음악을 좋아한다.",
          "나는 아직 밥을 안 먹었다. 나는 이제 식사 시간이라고 생각한다."
        ],
        "speaker2": [
          "나는 40대 여자이다.",
          "나는 기혼이다. 나는 자녀가 있다. 나의 자녀는 유학 중이다.",
          "나의 자녀는 캐나다로 유학 갔다. 나는 공공기관 본부장이다.",
          "나는 단 음식을 좋아해서 디저트 카페에 자주 간다.",
          "나는 힙합 음악을 좋아한다.",
          "나는 식사하러 간다. 나는 대화가 즐거웠다."
        ]
      },
      "prevAggregatedpersonaSummary": {
        "speaker1": [],
        "speaker2": []
      }
    },
    {
      "prevSessionID": "3-00359-1",
      "prevTimeInfo": {
        "timeNum": "10",
        "timeUnit": "시간"
      },
      "nthSession": "2",
      "numberOfUtterances": "15",
      "numberOfTurns": "7",
      "sessionID": "3-00359-2",
      "dialog": [
        {
          "speaker": "speaker1",
          "personaID": "10320",
          "participantID": "0022",
          "utterance": "안녕하세요. 10시간이 지났네요! 아까 식사는 뭐 드셨어요?",
          "summary": "",
          "date": "2022-10-31",
          "time": "20:17:52",
          "terminate": "false"
        },
        {
          "speaker": "speaker2",
          "personaID": "41955",
          "participantID": "0095",
          "utterance": "저는 분식을 좋아해서 떡볶이를 먹었네요ㅎㅎ 힙합 음악은 자주 들으시나요?",
          "summary": "나는 분식을 좋아한다. 나는 떡볶이를 먹었다.",
          "date": "2022-10-31",
          "time": "20:20:09",
          "terminate": "false"
        },
        {
          "speaker": "speaker1",
          "personaID": "10320",
          "participantID": "0022",
          "utterance": "네. 아무래도 좋아하는 음악이니까 자주 듣죠~ㅎㅎ 떡볶이는 맛있었나요?",
          "summary": "",
          "date": "2022-10-31",
          "time": "20:20:47",
          "terminate": "false"
        },
        {
          "speaker": "speaker2",
          "personaID": "41955",
          "participantID": "0095",
          "utterance": "네 맛있었어요. 근데 이제 그만 먹어야 하는데 쉽지 않네요ㅠㅠ",
          "summary": "나는 떡볶이가 맛있었다. 나는 떡볶이를 그만 먹어야 된다.",
          "date": "2022-10-31",
          "time": "20:21:25",
          "terminate": "false"
        },
        {
          "speaker": "speaker1",
          "personaID": "10320",
          "participantID": "0022",
          "utterance": "왜요?? 좋아하는 음식 그만 먹기는 힘들 텐데..",
          "summary": "나는 좋아하는 음식 그만 먹기는 힘들다고 생각한다.",
          "date": "2022-10-31",
          "time": "20:21:59",
          "terminate": "false"
        },
        {
          "speaker": "speaker2",
          "personaID": "41955",
          "participantID": "0095",
          "utterance": "제가 고지혈증에 걸려서 병원에서 자극적인 음식 그만 먹으라네요.",
          "summary": "나는 고지혈증이 있다.",
          "date": "2022-10-31",
          "time": "20:22:55",
          "terminate": "false"
        },
        {
          "speaker": "speaker1",
          "personaID": "10320",
          "participantID": "0022",
          "utterance": "아.. 그런 질병이 있으셨구나.. 확실히 나이 들면 관리가 필요하니까요. 언제부터 그런 질병이 있으셨나요?",
          "summary": "나는 확실히 나이 들면 관리가 필요하다고 생각한다.",
          "date": "2022-10-31",
          "time": "20:23:35",
          "terminate": "false"
        },
        {
          "speaker": "speaker2",
          "personaID": "41955",
          "participantID": "0095",
          "utterance": "이번에 건강검진 결과가 나왔는데 병원에서 고지혈증이라네요ㅠㅠ",
          "summary": "나는 이번에 건강 검질 결과로 고지혈증을 진단받았다.",
          "date": "2022-10-31",
          "time": "20:24:01",
          "terminate": "false"
        },
        {
          "speaker": "speaker1",
          "personaID": "10320",
          "participantID": "0022",
          "utterance": "아, 이번에 진단 받으신 거군요.. 그럼 소고기 같은 것도 못먹겠네요?",
          "summary": "",
          "date": "2022-10-31",
          "time": "20:24:41",
          "terminate": "false"
        },
        {
          "speaker": "speaker2",
          "personaID": "41955",
          "participantID": "0095",
          "utterance": "네 채식을 많이 하래요ㅠㅠ 저 고기 엄청 좋아하는데 아쉬워요.",
          "summary": "나는 채식을 많이 해야 된다. 나는 고기를 엄청 좋아해서 아쉽다.",
          "date": "2022-10-31",
          "time": "20:25:11",
          "terminate": "false"
        },
        {
          "speaker": "speaker1",
          "personaID": "10320",
          "participantID": "0022",
          "utterance": "그건 정말 아쉽네요..ㅠㅠ 그래도 건강을 위해서라면 어쩔 수 없죠..",
          "summary": "나는 건강을 위해서 어쩔 수 없다고 생각한다.",
          "date": "2022-10-31",
          "time": "20:25:35",
          "terminate": "false"
        },
        {
          "speaker": "speaker2",
          "personaID": "41955",
          "participantID": "0095",
          "utterance": "맞습니다. 어디 아프신데는 없으신거죠??",
          "summary": "",
          "date": "2022-10-31",
          "time": "20:26:05",
          "terminate": "false"
        },
        {
          "speaker": "speaker1",
          "personaID": "10320",
          "participantID": "0022",
          "utterance": "네. 저는 아직 젊어서요~ㅎㅎ 아픈 곳이 있으면 안 되죠..ㅎㅎ",
          "summary": "나는 아직 젊어서 아픈 곳이 있으면 안 된다고 생각한다.",
          "date": "2022-10-31",
          "time": "20:26:22",
          "terminate": "false"
        },
        {
          "speaker": "speaker2",
          "personaID": "41955",
          "participantID": "0095",
          "utterance": "다행이군요. 저 택배 아저씨가 오셔서 이만 가볼게요! 다음에 또 대화해요^^",
          "summary": "나는 택배 아저씨가 왔다.",
          "date": "2022-10-31",
          "time": "20:28:31",
          "terminate": "false"
        },
        {
          "speaker": "speaker1",
          "personaID": "10320",
          "participantID": "0022",
          "utterance": "아, 네! 알겠습니다. 그럼 다음에 또 이야기해요!",
          "summary": "",
          "date": "2022-10-31",
          "time": "20:28:51",
          "terminate": "true"
        }
      ],
      "sessionPersonaSummary": {
        "speaker1": [
          "나는 좋아하는 음식 그만 먹기는 힘들다고 생각한다.",
          "나는 확실히 나이 들면 관리가 필요하다고 생각한다.",
          "나는 건강을 위해서 어쩔 수 없다고 생각한다.",
          "나는 아직 젊어서 아픈 곳이 있으면 안 된다고 생각한다."
        ],
        "speaker2": [
          "나는 분식을 좋아한다. 나는 떡볶이를 먹었다.",
          "나는 떡볶이가 맛있었다. 나는 떡볶이를 그만 먹어야 된다.",
          "나는 고지혈증이 있다.",
          "나는 이번에 건강 검질 결과로 고지혈증을 진단받았다.",
          "나는 채식을 많이 해야 된다. 나는 고기를 엄청 좋아해서 아쉽다.",
          "나는 택배 아저씨가 왔다."
        ]
      },
      "prevAggregatedpersonaSummary": {
        "speaker1": [
          "나는 파주에 사는 10대 남자이다.",
          "나는 아직 학생이다. 나는 과학 선생님이 되고 싶은 고등학생이다.",
          "나는 짠 음식을 좋아한다.",
          "나는 디저트 가게 가면 산뜻한 음악이 나온다고 생각한다. 나는 힙합 음악을 좋아한다.",
          "나는 아직 밥을 안 먹었다. 나는 이제 식사 시간이라고 생각한다."
        ],
        "speaker2": [
          "나는 40대 여자이다.",
          "나는 기혼이다. 나는 자녀가 있다. 나의 자녀는 유학 중이다.",
          "나의 자녀는 캐나다로 유학 갔다. 나는 공공기관 본부장이다.",
          "나는 단 음식을 좋아해서 디저트 카페에 자주 간다.",
          "나는 힙합 음악을 좋아한다.",
          "나는 식사하러 간다. 나는 대화가 즐거웠다."
        ]
      }
    },
    {
      "prevSessionID": "3-00359-2",
      "prevTimeInfo": {
        "timeNum": "3",
        "timeUnit": "일"
      },
      "nthSession": "3",
      "numberOfUtterances": "15",
      "numberOfTurns": "7",
      "sessionID": "3-00359-3",
      "dialog": [
        {
          "speaker": "speaker1",
          "personaID": "10320",
          "participantID": "0022",
          "utterance": "안녕하세요! 3일만이네요~ㅎㅎ 고지혈증은 괜찮으신가요?",
          "summary": "",
          "date": "2022-10-31",
          "time": "20:32:28",
          "terminate": "false"
        },
        {
          "speaker": "speaker2",
          "personaID": "41955",
          "participantID": "0095",
          "utterance": "네 관리해서 괜찮습니다ㅎㅎ 건강하셔서 좋으시겠어요~~",
          "summary": "나는 관리해서 괜찮다.",
          "date": "2022-10-31",
          "time": "20:32:55",
          "terminate": "false"
        },
        {
          "speaker": "speaker1",
          "personaID": "10320",
          "participantID": "0022",
          "utterance": "저야 뭐 젊으니까요..ㅎㅎ 그래도 관리만 잘 하시면 아무 문제 없잖아요!!",
          "summary": "나는 젊다. 나는 관리만 잘하면 아무 문제없다고 생각한다.",
          "date": "2022-10-31",
          "time": "20:34:42",
          "terminate": "false"
        },
        {
          "speaker": "speaker2",
          "personaID": "41955",
          "participantID": "0095",
          "utterance": "맞습니다. 요즘 채식주의자가 되었네요. 채소를 고기라고 생각하고 있어요.",
          "summary": "나는 요즘 채식주의자가 됐다. 나는 채소를 고기라고 생각하고 있다.",
          "date": "2022-10-31",
          "time": "20:35:14",
          "terminate": "false"
        },
        {
          "speaker": "speaker1",
          "personaID": "10320",
          "participantID": "0022",
          "utterance": "관리 잘하시고 있는 것 같아서 다행이네요~ㅎㅎ 좋아하는 채소 있으신가요?",
          "summary": "나는 관리를 잘하고 있는 것 같아서 다행이라고 생각한다.",
          "date": "2022-10-31",
          "time": "20:36:38",
          "terminate": "false"
        },
        {
          "speaker": "speaker2",
          "personaID": "41955",
          "participantID": "0095",
          "utterance": "저는 브로콜리를 좋아해요ㅎㅎ 브로콜리 잘 드시나요??",
          "summary": "나는 브로콜리를 좋아한다.",
          "date": "2022-10-31",
          "time": "20:37:36",
          "terminate": "false"
        },
        {
          "speaker": "speaker1",
          "personaID": "10320",
          "participantID": "0022",
          "utterance": "아, 브로콜리는 안 먹어요..ㅎㅎ 저는 마늘이랑 양파를 좋아하네요!",
          "summary": "나는 브로콜리는 안 먹는다. 나는 마늘이랑 양파를 좋아한다.",
          "date": "2022-10-31",
          "time": "20:38:15",
          "terminate": "false"
        },
        {
          "speaker": "speaker2",
          "personaID": "41955",
          "participantID": "0095",
          "utterance": "저도 마늘 좋아해요. 파스타 먹을때 꼭 마늘을 집어넣어요ㅎㅎ",
          "summary": "나는 마늘을 좋아한다. 나는 파스타를 먹을 때 마늘을 넣는다.",
          "date": "2022-10-31",
          "time": "20:38:39",
          "terminate": "false"
        },
        {
          "speaker": "speaker1",
          "personaID": "10320",
          "participantID": "0022",
          "utterance": "아, 그렇군요! 마늘이 정말 모든 음식에 잘 어울리는 것 같아요~ㅋㅋ 그렇지 않나요?",
          "summary": "나는 마늘이 모든 음식에 잘 어울린다고 생각한다.",
          "date": "2022-10-31",
          "time": "20:39:50",
          "terminate": "false"
        },
        {
          "speaker": "speaker2",
          "personaID": "41955",
          "participantID": "0095",
          "utterance": "맞습니다. 한식에는 필수라고 생각해요. ",
          "summary": "나는 한식에서 마늘이 필수라고 생각한다.",
          "date": "2022-10-31",
          "time": "20:40:23",
          "terminate": "false"
        },
        {
          "speaker": "speaker1",
          "personaID": "10320",
          "participantID": "0022",
          "utterance": "네. 정말 그런 것 같아요~ㅋㅋ 거의 모든 음식에 들어가는 것 같은데요?",
          "summary": "",
          "date": "2022-10-31",
          "time": "20:41:05",
          "terminate": "false"
        },
        {
          "speaker": "speaker2",
          "personaID": "41955",
          "participantID": "0095",
          "utterance": "공감합니다ㅎㅎ 식사는 하셨나요?",
          "summary": "나는 공감한다.",
          "date": "2022-10-31",
          "time": "20:42:17",
          "terminate": "false"
        },
        {
          "speaker": "speaker1",
          "personaID": "10320",
          "participantID": "0022",
          "utterance": "네. 저는 빠르게 식사했습니다! 식사하셨나요?",
          "summary": "나는 식사를 했다.",
          "date": "2022-10-31",
          "time": "20:43:12",
          "terminate": "false"
        },
        {
          "speaker": "speaker2",
          "personaID": "41955",
          "participantID": "0095",
          "utterance": "이제 식사하러 가보려구요ㅎㅎ 오늘 대화 즐거웠습니다^^ 즐거운 하루 되세요!",
          "summary": "나는 식사하러 간다.",
          "date": "2022-10-31",
          "time": "20:43:38",
          "terminate": "false"
        },
        {
          "speaker": "speaker1",
          "personaID": "10320",
          "participantID": "0022",
          "utterance": "네. 알겠습니다! 그럼 식사 맛있게 하세요! 즐거운 하루 되세요~",
          "summary": "",
          "date": "2022-10-31",
          "time": "20:43:53",
          "terminate": "true"
        }
      ],
      "sessionPersonaSummary": {
        "speaker1": [
          "나는 젊다. 나는 관리만 잘하면 아무 문제없다고 생각한다.",
          "나는 관리를 잘하고 있는 것 같아서 다행이라고 생각한다.",
          "나는 브로콜리는 안 먹는다. 나는 마늘이랑 양파를 좋아한다.",
          "나는 마늘이 모든 음식에 잘 어울린다고 생각한다.",
          "나는 식사를 했다."
        ],
        "speaker2": [
          "나는 관리해서 괜찮다.",
          "나는 요즘 채식주의자가 됐다. 나는 채소를 고기라고 생각하고 있다.",
          "나는 브로콜리를 좋아한다.",
          "나는 마늘을 좋아한다. 나는 파스타를 먹을 때 마늘을 넣는다.",
          "나는 한식에서 마늘이 필수라고 생각한다.",
          "나는 공감한다.",
          "나는 식사하러 간다."
        ]
      },
      "prevAggregatedpersonaSummary": {
        "speaker1": [
          "나는 파주에 사는 10대 남자이다.",
          "나는 아직 학생이다. 나는 과학 선생님이 되고 싶은 고등학생이다.",
          "나는 짠 음식을 좋아한다.",
          "나는 디저트 가게 가면 산뜻한 음악이 나온다고 생각한다. 나는 힙합 음악을 좋아한다.",
          "나는 아직 밥을 안 먹었다. 나는 이제 식사 시간이라고 생각한다.",
          "나는 좋아하는 음식 그만 먹기는 힘들다고 생각한다.",
          "나는 확실히 나이 들면 관리가 필요하다고 생각한다.",
          "나는 건강을 위해서 어쩔 수 없다고 생각한다.",
          "나는 아직 젊어서 아픈 곳이 있으면 안 된다고 생각한다."
        ],
        "speaker2": [
          "나는 40대 여자이다.",
          "나는 기혼이다. 나는 자녀가 있다. 나의 자녀는 유학 중이다.",
          "나의 자녀는 캐나다로 유학 갔다. 나는 공공기관 본부장이다.",
          "나는 단 음식을 좋아해서 디저트 카페에 자주 간다.",
          "나는 힙합 음악을 좋아한다.",
          "나는 식사하러 간다. 나는 대화가 즐거웠다.",
          "나는 분식을 좋아한다. 나는 떡볶이를 먹었다.",
          "나는 떡볶이가 맛있었다. 나는 떡볶이를 그만 먹어야 된다.",
          "나는 고지혈증이 있다.",
          "나는 이번에 건강 검질 결과로 고지혈증을 진단받았다.",
          "나는 채식을 많이 해야 된다. 나는 고기를 엄청 좋아해서 아쉽다.",
          "나는 택배 아저씨가 왔다."
        ]
      }
    }
  ]
}