{
  "FileInfo": {
    "filename": "K3-00462-CL04517-CP02020-19-04-S3.json",
    "sessionLevel": "3"
  },
  "participantsInfo": {
    "numberOfParticipants": "2",
    "speaker1": {
      "participantID": "24067",
      "gender": "남성",
      "age": "50대",
      "occupation": "기능직",
      "bPlace": "서울/경기/인천",
      "gPlace": "서울/경기/인천",
      "rPlace": "서울/경기/인천",
      "educationLevel": "고졸"
    },
    "speaker2": {
      "participantID": "24591",
      "gender": "여성",
      "age": "20대",
      "occupation": "학생",
      "bPlace": "대전/세종/충청/강원",
      "gPlace": "대전/세종/충청/강원",
      "rPlace": "대전/세종/충청/강원",
      "educationLevel": "대졸"
    }
  },
  "multisessionInfo": {
    "multisessionID": "3-00462"
  },
  "personaInfo": {
    "clInfo": {
      "personaID": "04517",
      "personaFeatures": [
        "나는 남자이다.",
        "나는 50대이다.",
        "나의 거주지는 서울이다.",
        "나는 범죄 영화를 싫어한다.",
        "나는 다림질하는 게 지루하다."
      ],
      "speakerType": "speaker1"
    },
    "cpInfo": {
      "personaID": "02020",
      "personaFeatures": [
        "나는 여자이다.",
        "나는 20대이다.",
        "나의 종교는 천도교이다.",
        "나는 미역국을 싫어한다.",
        "나는 코미디 영화를 가끔 본다."
      ],
      "speakerType": "speaker2"
    }
  },
  "topicInfo": {
    "topicID": "19-04",
    "topicType": "예술문화 생활>방송/연예",
    "topicTitle": "노래"
  },
  "sessionInfo": [
    {
      "prevSessionID": null,
      "prevTimeInfo": {
        "timeNum": null,
        "timeUnit": null
      },
      "nthSession": "1",
      "numberOfUtterances": "16",
      "numberOfTurns": "8",
      "sessionID": "3-00462-1",
      "dialog": [
        {
          "speaker": "speaker1",
          "personaID": "04517",
          "participantID": "24067",
          "utterance": "안녕하세요~ 서울 사는 50대 남자입니다~",
          "summary": "나의 거주지는 서울이다. 나는 50대 남자다.",
          "date": "2022-09-02",
          "time": "22:31:03",
          "terminate": "false"
        },
        {
          "speaker": "speaker2",
          "personaID": "02020",
          "participantID": "24591",
          "utterance": "안녕하세요. 저는 20대 여자입니다.",
          "summary": "나는 20대 여자다.",
          "date": "2022-09-02",
          "time": "22:31:32",
          "terminate": "false"
        },
        {
          "speaker": "speaker1",
          "personaID": "04517",
          "participantID": "24067",
          "utterance": "퇴근하고 할 게 없어서 TV 틀었는데 볼 게 없는 건 마찬가지네요. 범죄 영화 싫어하는데 범죄 영화가 나와서...",
          "summary": "나는 범죄 영화를 싫어한다.",
          "date": "2022-09-02",
          "time": "22:32:21",
          "terminate": "false"
        },
        {
          "speaker": "speaker2",
          "personaID": "02020",
          "participantID": "24591",
          "utterance": "그렇군요. 범죄 영화를 싫어하시는군요... 요즘 TV에 볼 게 없더라고요~",
          "summary": "",
          "date": "2022-09-02",
          "time": "22:33:04",
          "terminate": "false"
        },
        {
          "speaker": "speaker1",
          "personaID": "04517",
          "participantID": "24067",
          "utterance": "와이프가 시킨 다림질도 지루해서 조금 이따가 하려고 했거든요. 다림질을 먼저 해야겠네요.",
          "summary": "나는 다림질하는 게 지루하다.",
          "date": "2022-09-02",
          "time": "22:33:12",
          "terminate": "false"
        },
        {
          "speaker": "speaker2",
          "personaID": "02020",
          "participantID": "24591",
          "utterance": "아 그러셨군요. 다림질은 언제나 지루하더라고요~ 힘드시겠어요.",
          "summary": "나는 다림질하는 게 지루하다.",
          "date": "2022-09-02",
          "time": "22:34:24",
          "terminate": "false"
        },
        {
          "speaker": "speaker1",
          "personaID": "04517",
          "participantID": "24067",
          "utterance": "그쵸? 옷이 펴질 때는 쾌감이 느껴지기는 하는데 해야 할 옷이 많으면 반복적인 행동이 지루하더라고요~",
          "summary": "",
          "date": "2022-09-02",
          "time": "22:34:49",
          "terminate": "false"
        },
        {
          "speaker": "speaker2",
          "personaID": "02020",
          "participantID": "24591",
          "utterance": "맞아요~ 공감이요. ㅎㅎ 얼른 끝내시고 재밌는 거 하셔요. ㅎㅎ.",
          "summary": "",
          "date": "2022-09-02",
          "time": "22:35:45",
          "terminate": "false"
        },
        {
          "speaker": "speaker1",
          "personaID": "04517",
          "participantID": "24067",
          "utterance": "네~ 그나저나 그쪽은 뭐하고 계시나요? 뭐 재밌는 거 없나 해서요.",
          "summary": "",
          "date": "2022-09-02",
          "time": "22:35:28",
          "terminate": "false"
        },
        {
          "speaker": "speaker2",
          "personaID": "02020",
          "participantID": "24591",
          "utterance": "저는 @브랜드명1@로 코미디 영화 보려고 했어요. ㅎㅎ.",
          "summary": "나는 코미디 영화를 가끔 본다.",
          "date": "2022-09-02",
          "time": "22:37:51",
          "terminate": "false"
        },
        {
          "speaker": "speaker1",
          "personaID": "04517",
          "participantID": "24067",
          "utterance": "코미디 영화 좋죠. 저도 @브랜드명1@ 한번 구독해봐야 하나... 평소에 자주 보시나요?",
          "summary": "나는 ott 서비스를 이용하지 않는다.",
          "date": "2022-09-02",
          "time": "22:38:29",
          "terminate": "false"
        },
        {
          "speaker": "speaker2",
          "personaID": "02020",
          "participantID": "24591",
          "utterance": "코미디 영화는 가끔 보고요. @브랜드명1@는 자주 봐요. 볼 게 많아요~",
          "summary": "나는 @브랜드명1@를 자주 이용한다.",
          "date": "2022-09-02",
          "time": "22:39:05",
          "terminate": "false"
        },
        {
          "speaker": "speaker1",
          "personaID": "04517",
          "participantID": "24067",
          "utterance": "그렇군요. @브랜드명1@ 많이들 보더라고요. 제 아들 딸도 그렇고요.",
          "summary": "나는 자녀가 있다.",
          "date": "2022-09-02",
          "time": "22:39:31",
          "terminate": "false"
        },
        {
          "speaker": "speaker2",
          "personaID": "02020",
          "participantID": "24591",
          "utterance": "그쵸. @브랜드명1@가 엄청 유명하잖아요. ㅎㅎ 한번 이용해 보세요~",
          "summary": "",
          "date": "2022-09-02",
          "time": "22:39:46",
          "terminate": "false"
        },
        {
          "speaker": "speaker1",
          "personaID": "04517",
          "participantID": "24067",
          "utterance": "애들 보는 거 한번 빌려서 봐야겠어요. 일단 빨래 개고 다림질도 하고 다시 연락드릴게요~",
          "summary": "",
          "date": "2022-09-02",
          "time": "22:39:13",
          "terminate": "false"
        },
        {
          "speaker": "speaker2",
          "personaID": "02020",
          "participantID": "24591",
          "utterance": "좋아요~ 알겠습니다. ㅎㅎ 다 하시면 다시 연락 주세요~",
          "summary": "",
          "date": "2022-09-02",
          "time": "22:40:06",
          "terminate": "true"
        }
      ],
      "sessionPersonaSummary": {
        "speaker1": [
          "나의 거주지는 서울이다. 나는 50대 남자다.",
          "나는 범죄 영화를 싫어한다.",
          "나는 다림질하는 게 지루하다.",
          "나는 ott 서비스를 이용하지 않는다.",
          "나는 자녀가 있다."
        ],
        "speaker2": [
          "나는 20대 여자다.",
          "나는 다림질하는 게 지루하다.",
          "나는 코미디 영화를 가끔 본다.",
          "나는 @브랜드명1@를 자주 이용한다."
        ]
      },
      "prevAggregatedpersonaSummary": {
        "speaker1": [],
        "speaker2": []
      }
    },
    {
      "prevSessionID": "3-00462-1",
      "prevTimeInfo": {
        "timeNum": "1",
        "timeUnit": "시간"
      },
      "nthSession": "2",
      "numberOfUtterances": "16",
      "numberOfTurns": "8",
      "sessionID": "3-00462-2",
      "dialog": [
        {
          "speaker": "speaker1",
          "personaID": "04517",
          "participantID": "24067",
          "utterance": "집안일 하다보면 1시간은 눈 깜짝할 새에 지나더라고요. 영화 보고 계시죠?",
          "summary": "",
          "date": "2022-09-02",
          "time": "22:40:33",
          "terminate": "false"
        },
        {
          "speaker": "speaker2",
          "personaID": "02020",
          "participantID": "24591",
          "utterance": "네. 맞아요. 되게 재밌네요. ㅎㅎ 나오는 노래도 너무 좋고요.",
          "summary": "",
          "date": "2022-09-02",
          "time": "22:41:00",
          "terminate": "false"
        },
        {
          "speaker": "speaker1",
          "personaID": "04517",
          "participantID": "24067",
          "utterance": "음악 듣는 것도 좋아하시는구나~ 그쵸?",
          "summary": "",
          "date": "2022-09-02",
          "time": "22:41:21",
          "terminate": "false"
        },
        {
          "speaker": "speaker2",
          "personaID": "02020",
          "participantID": "24591",
          "utterance": "네. 맞아요~ 제 삶의 낙이에요. ㅋㅋ 노래 좋아하세요?",
          "summary": "나는 노래를 좋아한다.",
          "date": "2022-09-02",
          "time": "22:41:45",
          "terminate": "false"
        },
        {
          "speaker": "speaker1",
          "personaID": "04517",
          "participantID": "24067",
          "utterance": "저는 뭐 그냥 TV에 나오는 사람들만 알아서요~ 옛날 노래 많이 들어요~",
          "summary": "나는 옛날 노래를 즐겨 듣는다.",
          "date": "2022-09-02",
          "time": "22:42:07",
          "terminate": "false"
        },
        {
          "speaker": "speaker2",
          "personaID": "02020",
          "participantID": "24591",
          "utterance": "아 그렇군요~ 옛날 노래도 좋은 거 참 많아요. ㅎㅎ @이름1@ 좋아해요~",
          "summary": "나는 @이름1@을 좋아한다.",
          "date": "2022-09-02",
          "time": "22:42:28",
          "terminate": "false"
        },
        {
          "speaker": "speaker1",
          "personaID": "04517",
          "participantID": "24067",
          "utterance": "맞아요~ 저는 @이름2@도 좋아하고요~ 심수봉도 좋아하고요~",
          "summary": "나는 @이름2@과 심수봉을 좋아한다.",
          "date": "2022-09-02",
          "time": "22:42:39",
          "terminate": "false"
        },
        {
          "speaker": "speaker2",
          "personaID": "02020",
          "participantID": "24591",
          "utterance": "다 명가수들이네요~ 언젠가 콘서트도 가보고 싶어요. ㅎㅎ.",
          "summary": "나는 콘서트에 가고 싶다.",
          "date": "2022-09-02",
          "time": "22:43:01",
          "terminate": "false"
        },
        {
          "speaker": "speaker1",
          "personaID": "04517",
          "participantID": "24067",
          "utterance": "그러게요. 제가 아는 가수들이 요즘에도 공연을 하나 모르겠네요. 20대면 아이돌을 더 좋아하시나요?",
          "summary": "",
          "date": "2022-09-02",
          "time": "22:43:26",
          "terminate": "false"
        },
        {
          "speaker": "speaker2",
          "personaID": "02020",
          "participantID": "24591",
          "utterance": "그러게요~ 네. 요즘 아이돌 음악도 정말 다양해서 너무 좋더라고요~",
          "summary": "나는 아이돌 음악을 좋아한다.",
          "date": "2022-09-02",
          "time": "22:44:01",
          "terminate": "false"
        },
        {
          "speaker": "speaker1",
          "personaID": "04517",
          "participantID": "24067",
          "utterance": "그런 것 같더라고요. 저는 잘 모르지만~ 딸이 콘서트를 종종 보러 가는 것 같더라고요~",
          "summary": "",
          "date": "2022-09-02",
          "time": "22:45:06",
          "terminate": "false"
        },
        {
          "speaker": "speaker2",
          "personaID": "02020",
          "participantID": "24591",
          "utterance": "오 그렇군요~ 많이 좋아하시나 보다. ㅎㅎ 누구 좋아하실지 궁금하네요~",
          "summary": "",
          "date": "2022-09-02",
          "time": "22:45:36",
          "terminate": "false"
        },
        {
          "speaker": "speaker1",
          "personaID": "04517",
          "participantID": "24067",
          "utterance": "글쎄요. 남자 그룹이었는데 이름은 잘 몰라요~ 유명한 것 같더라고요. 학생은 누구 좋아해요?",
          "summary": "",
          "date": "2022-09-02",
          "time": "22:46:22",
          "terminate": "false"
        },
        {
          "speaker": "speaker2",
          "personaID": "02020",
          "participantID": "24591",
          "utterance": "그렇군요. ㅎㅎ 저는 @이름3@ 좋아해요~ 엄청 유명하죠. ㅎㅎ.",
          "summary": "나는 @이름3@을 좋아한다.",
          "date": "2022-09-02",
          "time": "22:46:45",
          "terminate": "false"
        },
        {
          "speaker": "speaker1",
          "personaID": "04517",
          "participantID": "24067",
          "utterance": "제 딸이 좋아하는 팀이 @이름3@이었던 것 같네요~~ 신기하군요. 저는 이만 자야할 것 같네요. 또 연락드릴게요~",
          "summary": "내 딸은 @이름3@을 좋아한다.",
          "date": "2022-09-02",
          "time": "22:47:48",
          "terminate": "false"
        },
        {
          "speaker": "speaker2",
          "personaID": "02020",
          "participantID": "24591",
          "utterance": "오 정말요? 반갑네요. ㅎㅎ 같이 콘서트 보러 가고 싶네요~ 네. 좋은 밤 보내세요. ^^",
          "summary": "",
          "date": "2022-09-02",
          "time": "22:48:13",
          "terminate": "true"
        }
      ],
      "sessionPersonaSummary": {
        "speaker1": [
          "나는 옛날 노래를 즐겨 듣는다.",
          "나는 @이름2@과 심수봉을 좋아한다.",
          "내 딸은 @이름3@을 좋아한다."
        ],
        "speaker2": [
          "나는 노래를 좋아한다.",
          "나는 @이름1@을 좋아한다.",
          "나는 콘서트에 가고 싶다.",
          "나는 아이돌 음악을 좋아한다.",
          "나는 @이름3@을 좋아한다."
        ]
      },
      "prevAggregatedpersonaSummary": {
        "speaker1": [
          "나의 거주지는 서울이다. 나는 50대 남자다.",
          "나는 범죄 영화를 싫어한다.",
          "나는 다림질하는 게 지루하다.",
          "나는 ott 서비스를 이용하지 않는다.",
          "나는 자녀가 있다."
        ],
        "speaker2": [
          "나는 20대 여자다.",
          "나는 다림질하는 게 지루하다.",
          "나는 코미디 영화를 가끔 본다.",
          "나는 @브랜드명1@를 자주 이용한다."
        ]
      }
    },
    {
      "prevSessionID": "3-00462-2",
      "prevTimeInfo": {
        "timeNum": "5",
        "timeUnit": "일"
      },
      "nthSession": "3",
      "numberOfUtterances": "16",
      "numberOfTurns": "8",
      "sessionID": "3-00462-3",
      "dialog": [
        {
          "speaker": "speaker1",
          "personaID": "04517",
          "participantID": "24067",
          "utterance": "시간 빠르네요. 어제 연락한 것 같은데 벌써 일주일 가까이 지났네요~~",
          "summary": "",
          "date": "2022-09-02",
          "time": "22:47:10",
          "terminate": "false"
        },
        {
          "speaker": "speaker2",
          "personaID": "02020",
          "participantID": "24591",
          "utterance": "그러니까요~ 시간이 참 빠르네요. ㅎㅎ 어떻게 지내셨나요?",
          "summary": "",
          "date": "2022-09-02",
          "time": "22:47:37",
          "terminate": "false"
        },
        {
          "speaker": "speaker1",
          "personaID": "04517",
          "participantID": "24067",
          "utterance": "저는 뭐 똑같죠~ 맨날 일 끝나면 밥 먹고 다림질하다가 자고~ 밥은 먹었어요?",
          "summary": "",
          "date": "2022-09-02",
          "time": "22:48:37",
          "terminate": "false"
        },
        {
          "speaker": "speaker2",
          "personaID": "02020",
          "participantID": "24591",
          "utterance": "그러셨군요~ 저는 오늘 국 반찬이 미역국이라서 국 빼고 먹고 있네요... 미역국을 싫어하거든요.",
          "summary": "나는 미역국을 싫어한다.",
          "date": "2022-09-02",
          "time": "22:49:33",
          "terminate": "false"
        },
        {
          "speaker": "speaker1",
          "personaID": "04517",
          "participantID": "24067",
          "utterance": "미역국을 싫어하면 생일 때도 안 드시나요?",
          "summary": "",
          "date": "2022-09-02",
          "time": "22:49:56",
          "terminate": "false"
        },
        {
          "speaker": "speaker2",
          "personaID": "02020",
          "participantID": "24591",
          "utterance": "네. 맞아요~ 생일 때도 케이크로만 기분 내요. ㅎㅎ.",
          "summary": "나는 생일에 케이크를 먹는다.",
          "date": "2022-09-02",
          "time": "22:50:14",
          "terminate": "false"
        },
        {
          "speaker": "speaker1",
          "personaID": "04517",
          "participantID": "24067",
          "utterance": "미역이 비려서 안 드시는 건가요? 저는 오이냉국에도 미역 넣어서 먹거든요~",
          "summary": "나는 미역을 좋아한다.",
          "date": "2022-09-02",
          "time": "22:50:47",
          "terminate": "false"
        },
        {
          "speaker": "speaker2",
          "personaID": "02020",
          "participantID": "24591",
          "utterance": "네~ 그렇기도 하고 미역국 자체가 제 입맛에 안 맞더라고요. ㅎㅎ.",
          "summary": "",
          "date": "2022-09-02",
          "time": "22:51:08",
          "terminate": "false"
        },
        {
          "speaker": "speaker1",
          "personaID": "04517",
          "participantID": "24067",
          "utterance": "그렇군요. 저는 그냥 미역에 초장 찍어서 먹기도 해요~ 그렇게 먹으면 맛있는데 아쉽네요~",
          "summary": "",
          "date": "2022-09-02",
          "time": "22:51:10",
          "terminate": "false"
        },
        {
          "speaker": "speaker2",
          "personaID": "02020",
          "participantID": "24591",
          "utterance": "아 그렇군요~ 미역이라도 다시 도전해봐야하나 싶네요~ ㅎㅎ.",
          "summary": "",
          "date": "2022-09-02",
          "time": "22:52:07",
          "terminate": "false"
        },
        {
          "speaker": "speaker1",
          "personaID": "04517",
          "participantID": "24067",
          "utterance": "아니에요~ 억지로 드시지는 마세요~~ 주말에는 뭐했어요?",
          "summary": "",
          "date": "2022-09-02",
          "time": "22:52:57",
          "terminate": "false"
        },
        {
          "speaker": "speaker2",
          "personaID": "02020",
          "participantID": "24591",
          "utterance": "저 천도교 행사 다녀왔어요. ㅎㅎ 제가 천도교 신자거든요~",
          "summary": "나의 종교는 천도교이다.",
          "date": "2022-09-02",
          "time": "22:55:10",
          "terminate": "false"
        },
        {
          "speaker": "speaker1",
          "personaID": "04517",
          "participantID": "24067",
          "utterance": "천도교 신자 처음 봐요. 신기하네요. 20대에 천도교 신자라니 드문 일이네요.",
          "summary": "",
          "date": "2022-09-02",
          "time": "22:55:38",
          "terminate": "false"
        },
        {
          "speaker": "speaker2",
          "personaID": "02020",
          "participantID": "24591",
          "utterance": "그쵸. ㅎㅎ 저도 주변에서 한번도 못봤네요~ 다들 신기해하시더라고요.",
          "summary": "",
          "date": "2022-09-02",
          "time": "22:56:07",
          "terminate": "false"
        },
        {
          "speaker": "speaker1",
          "personaID": "04517",
          "participantID": "24067",
          "utterance": "그러게요~ 이렇게 저희 딸 또래랑 얘기하니까 재밌네요. 오늘은 이만 하고 저는 다음에 또 연락할게요~",
          "summary": "",
          "date": "2022-09-02",
          "time": "22:49:20",
          "terminate": "false"
        },
        {
          "speaker": "speaker2",
          "personaID": "02020",
          "participantID": "24591",
          "utterance": "저도 너무 재밌었어요. ^^ 다음에 또 연락 주세요.",
          "summary": "",
          "date": "2022-09-02",
          "time": "22:50:00",
          "terminate": "true"
        }
      ],
      "sessionPersonaSummary": {
        "speaker1": [
          "나는 미역을 좋아한다."
        ],
        "speaker2": [
          "나는 미역국을 싫어한다.",
          "나는 생일에 케이크를 먹는다.",
          "나의 종교는 천도교이다."
        ]
      },
      "prevAggregatedpersonaSummary": {
        "speaker1": [
          "나의 거주지는 서울이다. 나는 50대 남자다.",
          "나는 범죄 영화를 싫어한다.",
          "나는 다림질하는 게 지루하다.",
          "나는 ott 서비스를 이용하지 않는다.",
          "나는 자녀가 있다.",
          "나는 옛날 노래를 즐겨 듣는다.",
          "나는 @이름2@과 심수봉을 좋아한다.",
          "내 딸은 @이름3@을 좋아한다."
        ],
        "speaker2": [
          "나는 20대 여자다.",
          "나는 다림질하는 게 지루하다.",
          "나는 코미디 영화를 가끔 본다.",
          "나는 @브랜드명1@를 자주 이용한다.",
          "나는 노래를 좋아한다.",
          "나는 @이름1@을 좋아한다.",
          "나는 콘서트에 가고 싶다.",
          "나는 아이돌 음악을 좋아한다.",
          "나는 @이름3@을 좋아한다."
        ]
      }
    }
  ]
}