{
  "FileInfo": {
    "filename": "K3-00529-CL61025-CP22348-13-09-S3.json",
    "sessionLevel": "3"
  },
  "participantsInfo": {
    "numberOfParticipants": "2",
    "speaker1": {
      "participantID": "2002",
      "gender": "여성",
      "age": "60대 이상",
      "occupation": "주부",
      "bPlace": "서울/경기/인천",
      "gPlace": "서울/경기/인천",
      "rPlace": "서울/경기/인천",
      "educationLevel": "대졸"
    },
    "speaker2": {
      "participantID": "2001",
      "gender": "여성",
      "age": "20대",
      "occupation": "무직",
      "bPlace": "광주/전라/제주",
      "gPlace": "광주/전라/제주",
      "rPlace": "광주/전라/제주",
      "educationLevel": "대졸"
    }
  },
  "multisessionInfo": {
    "multisessionID": "3-00529"
  },
  "personaInfo": {
    "clInfo": {
      "personaID": "61025",
      "personaFeatures": [
        "나는 여자이다.",
        "나는 60대 이상이다.",
        "나의 거주지는 전주이다.",
        "나는 운동하는 것을 좋아한다.",
        "나는 귤을 즐겨 먹는다."
      ],
      "speakerType": "speaker1"
    },
    "cpInfo": {
      "personaID": "22348",
      "personaFeatures": [
        "나는 여자이다.",
        "나는 20대이다.",
        "나는 가족과 함께 하는 시간이 많다.",
        "나는 1년 전에 가장 친한 친구와 절교했다.",
        "나는 음악 영화를 자주 본다."
      ],
      "speakerType": "speaker2"
    }
  },
  "topicInfo": {
    "topicID": "13-09",
    "topicType": "기후>계절/날씨",
    "topicTitle": "폭염"
  },
  "sessionInfo": [
    {
      "prevSessionID": null,
      "prevTimeInfo": {
        "timeNum": null,
        "timeUnit": null
      },
      "nthSession": "1",
      "numberOfUtterances": "14",
      "numberOfTurns": "7",
      "sessionID": "3-00529-1",
      "dialog": [
        {
          "speaker": "speaker1",
          "personaID": "61025",
          "participantID": "2002",
          "utterance": "안녕하세요? 저는 여자이고 나이는 60세 이상입니다.",
          "summary": "나는 60세 이상 여자이다.",
          "date": "2022-10-17",
          "time": "15:43:32",
          "terminate": "false"
        },
        {
          "speaker": "speaker2",
          "personaID": "22348",
          "participantID": "2001",
          "utterance": "안녕하세요 저는 20대 여자에요 즐거운 대화 나눠@이름1@요!",
          "summary": "나는 20대 여자이다.",
          "date": "2022-10-17",
          "time": "15:44:23",
          "terminate": "false"
        },
        {
          "speaker": "speaker1",
          "personaID": "61025",
          "participantID": "2002",
          "utterance": "반가워요 20대 분이시군요, 어디 거주하세요?",
          "summary": "",
          "date": "2022-10-17",
          "time": "15:45:17",
          "terminate": "false"
        },
        {
          "speaker": "speaker2",
          "personaID": "22348",
          "participantID": "2001",
          "utterance": "저는 지금 경상북도 대구에 살고있답니다! 선생님은요?",
          "summary": "",
          "date": "2022-10-17",
          "time": "15:45:32",
          "terminate": "false"
        },
        {
          "speaker": "speaker1",
          "personaID": "61025",
          "participantID": "2002",
          "utterance": "저는 전주에서 살고있어요~ 너무 반가워요 둘다 멀리 사네요.",
          "summary": "나의 거주지는 전주이다.",
          "date": "2022-10-17",
          "time": "15:45:49",
          "terminate": "false"
        },
        {
          "speaker": "speaker2",
          "personaID": "22348",
          "participantID": "2001",
          "utterance": "저는 대구에서 가족들이랑 같이 살고있거든요~ 아직 독립을 못했어요!",
          "summary": "",
          "date": "2022-10-17",
          "time": "15:46:11",
          "terminate": "false"
        },
        {
          "speaker": "speaker1",
          "personaID": "61025",
          "participantID": "2002",
          "utterance": "아 그럼 아직 대학생이신가요?",
          "summary": "",
          "date": "2022-10-17",
          "time": "15:46:20",
          "terminate": "false"
        },
        {
          "speaker": "speaker2",
          "personaID": "22348",
          "participantID": "2001",
          "utterance": "학교는 졸업했는데 취업전이라 가족이랑 같이살아요, 그래서 가족들과 함께하는 시간이 많아요!",
          "summary": "나는 가족과 함께 하는 시간이 많다.",
          "date": "2022-10-17",
          "time": "15:46:44",
          "terminate": "false"
        },
        {
          "speaker": "speaker1",
          "personaID": "61025",
          "participantID": "2002",
          "utterance": "아 저는 아들하나 딸하나 있는데 다 가정이뤄서 출가했어요^^",
          "summary": "",
          "date": "2022-10-17",
          "time": "15:47:17",
          "terminate": "false"
        },
        {
          "speaker": "speaker2",
          "personaID": "22348",
          "participantID": "2001",
          "utterance": "그러시군요 선생님 외롭고 적적하시겠어요!",
          "summary": "",
          "date": "2022-10-17",
          "time": "15:47:26",
          "terminate": "false"
        },
        {
          "speaker": "speaker1",
          "personaID": "61025",
          "participantID": "2002",
          "utterance": "그래도 동네에 친구들이 좀 많아서 자주만나서 덜 외롭네요^^",
          "summary": "",
          "date": "2022-10-17",
          "time": "15:47:36",
          "terminate": "false"
        },
        {
          "speaker": "speaker2",
          "personaID": "22348",
          "participantID": "2001",
          "utterance": "그럼 다행이네요.. 아 친구하니까 슬픈일이 생각났어요ㅠㅠ.",
          "summary": "",
          "date": "2022-10-17",
          "time": "15:47:53",
          "terminate": "false"
        },
        {
          "speaker": "speaker1",
          "personaID": "61025",
          "participantID": "2002",
          "utterance": "혹시어떤 일이에요? 친구랑 안좋은 일 있어요?",
          "summary": "",
          "date": "2022-10-17",
          "time": "15:48:03",
          "terminate": "false"
        },
        {
          "speaker": "speaker2",
          "personaID": "22348",
          "participantID": "2001",
          "utterance": "제가 1년전즘에 가장 친한 친구랑 절교를 해서 지금은 친구가 없어요.흑흑 슬프네요, 아 잠시 엄마가 부르네요!",
          "summary": "나는 1년 전에 가장 친한 친구와 절교했다.",
          "date": "2022-10-17",
          "time": "15:48:31",
          "terminate": "true"
        }
      ],
      "sessionPersonaSummary": {
        "speaker1": [
          "나는 60세 이상 여자이다.",
          "나의 거주지는 전주이다."
        ],
        "speaker2": [
          "나는 20대 여자이다.",
          "나는 가족과 함께 하는 시간이 많다.",
          "나는 1년 전에 가장 친한 친구와 절교했다."
        ]
      },
      "prevAggregatedpersonaSummary": {
        "speaker1": [],
        "speaker2": []
      }
    },
    {
      "prevSessionID": "3-00529-1",
      "prevTimeInfo": {
        "timeNum": "1",
        "timeUnit": "시간"
      },
      "nthSession": "2",
      "numberOfUtterances": "18",
      "numberOfTurns": "9",
      "sessionID": "3-00529-2",
      "dialog": [
        {
          "speaker": "speaker1",
          "personaID": "61025",
          "participantID": "2002",
          "utterance": "어머니랑 대화는 잘 나눴나요~ 눈깜빡 뜨면 1시간은 그냥 지나가네요.",
          "summary": "",
          "date": "2022-10-17",
          "time": "15:48:54",
          "terminate": "false"
        },
        {
          "speaker": "speaker2",
          "personaID": "22348",
          "participantID": "2001",
          "utterance": "네~ 선생님은뭐하고 계셨나요?",
          "summary": "",
          "date": "2022-10-17",
          "time": "15:49:35",
          "terminate": "false"
        },
        {
          "speaker": "speaker1",
          "personaID": "61025",
          "participantID": "2002",
          "utterance": "전 귤 좀 먹었어요 귤을 즐겨먹거든요~",
          "summary": "나는 귤을 즐겨 먹는다.",
          "date": "2022-10-17",
          "time": "15:49:54",
          "terminate": "false"
        },
        {
          "speaker": "speaker2",
          "personaID": "22348",
          "participantID": "2001",
          "utterance": "아니 이렇게 더운 날씨에 귤이 있어요? 귤은 겨울에 먹는거 아니에요?",
          "summary": "",
          "date": "2022-10-17",
          "time": "15:50:07",
          "terminate": "false"
        },
        {
          "speaker": "speaker1",
          "personaID": "61025",
          "participantID": "2002",
          "utterance": "요즘엔 하우스 과일도 잘되어있어서 여름에도 귤 잘 나오더라구요 ㅎㅎ.",
          "summary": "",
          "date": "2022-10-17",
          "time": "15:50:26",
          "terminate": "false"
        },
        {
          "speaker": "speaker2",
          "personaID": "22348",
          "participantID": "2001",
          "utterance": "어머 그렇군요~!! 저도 귤 먹고싶네요 ㅠㅠ 근데 너무 더워서 입맛이없어요.",
          "summary": "",
          "date": "2022-10-17",
          "time": "15:50:41",
          "terminate": "false"
        },
        {
          "speaker": "speaker1",
          "personaID": "61025",
          "participantID": "2002",
          "utterance": "요즘 너무 덥죠? 아침에 문자왔던데요 폭염주의보요.",
          "summary": "",
          "date": "2022-10-17",
          "time": "15:50:54",
          "terminate": "false"
        },
        {
          "speaker": "speaker2",
          "personaID": "22348",
          "participantID": "2001",
          "utterance": "진짜 여름 언제끝나나몰라요 ,, 저는 겨울을 제일 좋아해요.",
          "summary": "",
          "date": "2022-10-17",
          "time": "15:51:08",
          "terminate": "false"
        },
        {
          "speaker": "speaker1",
          "personaID": "61025",
          "participantID": "2002",
          "utterance": "맞아요 전 겨울 스포츠 좋아해서 저도 겨울 좋아하는데^^",
          "summary": "",
          "date": "2022-10-17",
          "time": "15:52:14",
          "terminate": "false"
        },
        {
          "speaker": "speaker2",
          "personaID": "22348",
          "participantID": "2001",
          "utterance": "겨울스포츠라면 스키요? 멋지시네요 취미가 스키타는거에요?",
          "summary": "",
          "date": "2022-10-17",
          "time": "15:52:27",
          "terminate": "false"
        },
        {
          "speaker": "speaker1",
          "personaID": "61025",
          "participantID": "2002",
          "utterance": "네 기본적으로 제가 운동하는것을 좋아해요.",
          "summary": "나는 운동하는 것을 좋아한다.",
          "date": "2022-10-17",
          "time": "15:52:39",
          "terminate": "false"
        },
        {
          "speaker": "speaker2",
          "personaID": "22348",
          "participantID": "2001",
          "utterance": "멋져요.. 전 좀 정적인거 좋아해서 책읽고 아님 음악 영화 자주보고 그러거든요.",
          "summary": "나는 음악 영화를 자주 본다.",
          "date": "2022-10-17",
          "time": "15:53:06",
          "terminate": "false"
        },
        {
          "speaker": "speaker1",
          "personaID": "61025",
          "participantID": "2002",
          "utterance": "그런 시간도 때론 필요하죠~ 오늘같이 더운날에 딱 아니에요?",
          "summary": "",
          "date": "2022-10-17",
          "time": "15:53:22",
          "terminate": "false"
        },
        {
          "speaker": "speaker2",
          "personaID": "22348",
          "participantID": "2001",
          "utterance": "맞아요~ 에어컨 바람 밑에서 최고죠! 근데 전기세 많이 나온다고하더라구요.",
          "summary": "",
          "date": "2022-10-17",
          "time": "15:53:39",
          "terminate": "false"
        },
        {
          "speaker": "speaker1",
          "personaID": "61025",
          "participantID": "2002",
          "utterance": "20대인데 벌써 전기세 걱정도 하는거보니 엄청 알뜰하신가봐요~",
          "summary": "",
          "date": "2022-10-17",
          "time": "15:53:52",
          "terminate": "false"
        },
        {
          "speaker": "speaker2",
          "personaID": "22348",
          "participantID": "2001",
          "utterance": "엄마가 잔소리를엄청 많이해서 외우게 되버렸네요..^^",
          "summary": "",
          "date": "2022-10-17",
          "time": "15:54:07",
          "terminate": "false"
        },
        {
          "speaker": "speaker1",
          "personaID": "61025",
          "participantID": "2002",
          "utterance": "우리나라도 에너지 절약이 많이 필요한 나라긴 하더라구요.",
          "summary": "",
          "date": "2022-10-17",
          "time": "15:54:16",
          "terminate": "false"
        },
        {
          "speaker": "speaker2",
          "personaID": "22348",
          "participantID": "2001",
          "utterance": "맞아요 ㅠㅠ 흑흑 전 저녁좀 먹고올게요!",
          "summary": "",
          "date": "2022-10-17",
          "time": "15:54:27",
          "terminate": "true"
        }
      ],
      "sessionPersonaSummary": {
        "speaker1": [
          "나는 귤을 즐겨 먹는다.",
          "나는 운동하는 것을 좋아한다."
        ],
        "speaker2": [
          "나는 음악 영화를 자주 본다."
        ]
      },
      "prevAggregatedpersonaSummary": {
        "speaker1": [
          "나는 60세 이상 여자이다.",
          "나의 거주지는 전주이다."
        ],
        "speaker2": [
          "나는 20대 여자이다.",
          "나는 가족과 함께 하는 시간이 많다.",
          "나는 1년 전에 가장 친한 친구와 절교했다."
        ]
      }
    },
    {
      "prevSessionID": "3-00529-2",
      "prevTimeInfo": {
        "timeNum": "4",
        "timeUnit": "시간"
      },
      "nthSession": "3",
      "numberOfUtterances": "16",
      "numberOfTurns": "8",
      "sessionID": "3-00529-3",
      "dialog": [
        {
          "speaker": "speaker1",
          "personaID": "61025",
          "participantID": "2002",
          "utterance": "저녁은 맛있게 먹었어요? 무슨 메뉴 먹었나요?",
          "summary": "",
          "date": "2022-10-17",
          "time": "15:54:43",
          "terminate": "false"
        },
        {
          "speaker": "speaker2",
          "personaID": "22348",
          "participantID": "2001",
          "utterance": "저는 엄마가 생선 구워주셨어요~ 선생님은요?",
          "summary": "",
          "date": "2022-10-17",
          "time": "15:54:55",
          "terminate": "false"
        },
        {
          "speaker": "speaker1",
          "personaID": "61025",
          "participantID": "2002",
          "utterance": "저는 여름이라 음식 하기가 싫어서 외식하고왔어요 냉면이요.",
          "summary": "",
          "date": "2022-10-17",
          "time": "15:55:13",
          "terminate": "false"
        },
        {
          "speaker": "speaker2",
          "personaID": "22348",
          "participantID": "2001",
          "utterance": "저도 이렇게 더울때면 나가서 먹는게 최고더라구요?",
          "summary": "",
          "date": "2022-10-17",
          "time": "15:55:24",
          "terminate": "false"
        },
        {
          "speaker": "speaker1",
          "personaID": "61025",
          "participantID": "2002",
          "utterance": "맞아요 불앞에서 음식하는게 진짜 쉬운일이 아니거든요..",
          "summary": "",
          "date": "2022-10-17",
          "time": "15:55:33",
          "terminate": "false"
        },
        {
          "speaker": "speaker2",
          "personaID": "22348",
          "participantID": "2001",
          "utterance": "갑자기 엄마한테 너무 감사해지는데요? 하하 다음엔 외식하자해야겠어요.",
          "summary": "",
          "date": "2022-10-17",
          "time": "15:55:55",
          "terminate": "false"
        },
        {
          "speaker": "speaker1",
          "personaID": "61025",
          "participantID": "2002",
          "utterance": "네 외식이 엄마를 기쁘게 해주는 일 일수도 있답니다^^",
          "summary": "",
          "date": "2022-10-17",
          "time": "15:56:07",
          "terminate": "false"
        },
        {
          "speaker": "speaker2",
          "personaID": "22348",
          "participantID": "2001",
          "utterance": "선생님은 여름에 좋아하는 음식이특히 있으세요?",
          "summary": "",
          "date": "2022-10-17",
          "time": "15:56:21",
          "terminate": "false"
        },
        {
          "speaker": "speaker1",
          "personaID": "61025",
          "participantID": "2002",
          "utterance": "여름에는 음.. 아무래도 삼계탕이 생각이 많이나요.",
          "summary": "",
          "date": "2022-10-17",
          "time": "15:56:30",
          "terminate": "false"
        },
        {
          "speaker": "speaker2",
          "personaID": "22348",
          "participantID": "2001",
          "utterance": "어 저도 치킨말하려고했는데 복날때문 맞죠?",
          "summary": "",
          "date": "2022-10-17",
          "time": "15:56:40",
          "terminate": "false"
        },
        {
          "speaker": "speaker1",
          "personaID": "61025",
          "participantID": "2002",
          "utterance": "맞아요 초복 중복 말복은 또 다 챙겨서 먹어야하잖아요^^",
          "summary": "",
          "date": "2022-10-17",
          "time": "15:56:50",
          "terminate": "false"
        },
        {
          "speaker": "speaker2",
          "personaID": "22348",
          "participantID": "2001",
          "utterance": "맞아요~ 아 갑자기 얘기하다보니 닭이 땡기는데요!",
          "summary": "",
          "date": "2022-10-17",
          "time": "15:57:00",
          "terminate": "false"
        },
        {
          "speaker": "speaker1",
          "personaID": "61025",
          "participantID": "2002",
          "utterance": "저녁에 가족들끼리 치킨 한마리 시켜드시는거어때요~",
          "summary": "",
          "date": "2022-10-17",
          "time": "15:57:10",
          "terminate": "false"
        },
        {
          "speaker": "speaker2",
          "personaID": "22348",
          "participantID": "2001",
          "utterance": "그래야 겠어요! 다음주에 말복이던데 미리 먹어야죠^^",
          "summary": "",
          "date": "2022-10-17",
          "time": "15:57:19",
          "terminate": "false"
        },
        {
          "speaker": "speaker1",
          "personaID": "61025",
          "participantID": "2002",
          "utterance": "너무 늦은 저녁이니 구운치킨으로 추천드려볼게요. 하하 맛있게 드세요.",
          "summary": "",
          "date": "2022-10-17",
          "time": "15:57:29",
          "terminate": "false"
        },
        {
          "speaker": "speaker2",
          "personaID": "22348",
          "participantID": "2001",
          "utterance": "네 추천감사해요 선생님, 대화 즐거웠습니다!",
          "summary": "",
          "date": "2022-10-17",
          "time": "15:57:41",
          "terminate": "true"
        }
      ],
      "sessionPersonaSummary": {
        "speaker1": [],
        "speaker2": []
      },
      "prevAggregatedpersonaSummary": {
        "speaker1": [
          "나는 60세 이상 여자이다.",
          "나의 거주지는 전주이다.",
          "나는 귤을 즐겨 먹는다.",
          "나는 운동하는 것을 좋아한다."
        ],
        "speaker2": [
          "나는 20대 여자이다.",
          "나는 가족과 함께 하는 시간이 많다.",
          "나는 1년 전에 가장 친한 친구와 절교했다.",
          "나는 음악 영화를 자주 본다."
        ]
      }
    }
  ]
}