{
  "FileInfo": {
    "filename": "K3-00571-CL24843-CP41055-07-01-S3.json",
    "sessionLevel": "3"
  },
  "participantsInfo": {
    "numberOfParticipants": "2",
    "speaker1": {
      "participantID": "0212",
      "gender": "여성",
      "age": "20대",
      "occupation": "무직",
      "bPlace": "광주/전라/제주",
      "gPlace": "광주/전라/제주",
      "rPlace": "서울/경기/인천",
      "educationLevel": "고졸"
    },
    "speaker2": {
      "participantID": "0219",
      "gender": "남성",
      "age": "30대",
      "occupation": "기타",
      "bPlace": "서울/경기/인천",
      "gPlace": "서울/경기/인천",
      "rPlace": "서울/경기/인천",
      "educationLevel": "고졸"
    }
  },
  "multisessionInfo": {
    "multisessionID": "3-00571"
  },
  "personaInfo": {
    "clInfo": {
      "personaID": "24843",
      "personaFeatures": [
        "나는 여자이다.",
        "나는 20대이다.",
        "나는 라쿤 두 마리를 키운다",
        "나는 혈액형이 O형이다",
        "나는 아메리카노를 매일 2잔 이상 마신다"
      ],
      "speakerType": "speaker1"
    },
    "cpInfo": {
      "personaID": "41055",
      "personaFeatures": [
        "나는 남자이다.",
        "나는 40대이다.",
        "나는 요즘, 자주 외롭다",
        "나는 국내 주식에 관심이 많다",
        "나는 오보에 연주를 가끔 한다"
      ],
      "speakerType": "speaker2"
    }
  },
  "topicInfo": {
    "topicID": "07-01",
    "topicType": "개인 및 관계>가족",
    "topicTitle": "부모님"
  },
  "sessionInfo": [
    {
      "prevSessionID": null,
      "prevTimeInfo": {
        "timeNum": null,
        "timeUnit": null
      },
      "nthSession": "1",
      "numberOfUtterances": "15",
      "numberOfTurns": "7",
      "sessionID": "3-00571-1",
      "dialog": [
        {
          "speaker": "speaker1",
          "personaID": "24843",
          "participantID": "0212",
          "utterance": "안녕하세요^^ 저는 20대 여자입니다.",
          "summary": "나는 20대 여자다.",
          "date": "2022-11-04",
          "time": "03:56:07",
          "terminate": "false"
        },
        {
          "speaker": "speaker2",
          "personaID": "41055",
          "participantID": "0219",
          "utterance": "네. 안녕하세요~ 저는 40대고 남자입니다.",
          "summary": "나는 40대 남자다.",
          "date": "2022-11-04",
          "time": "03:56:26",
          "terminate": "false"
        },
        {
          "speaker": "speaker1",
          "personaID": "24843",
          "participantID": "0212",
          "utterance": "반가워요ㅎ 저는 라쿤 두 마리를 키우는데 혹시 동물 키우시나요?",
          "summary": "나는 라쿤 두 마리를 키운다.",
          "date": "2022-11-04",
          "time": "03:58:30",
          "terminate": "false"
        },
        {
          "speaker": "speaker2",
          "personaID": "41055",
          "participantID": "0219",
          "utterance": "아니요~ 안 키우는데 요즘 자주 외로워서 키워볼까 고민 중이예요.",
          "summary": "나는 요즘 자주 외롭다.",
          "date": "2022-11-04",
          "time": "03:59:01",
          "terminate": "false"
        },
        {
          "speaker": "speaker1",
          "personaID": "24843",
          "participantID": "0212",
          "utterance": "확실히 반려동물이 있으니까 덜 외롭긴 해요. 뭐하고 계셨어요?",
          "summary": "나는 반려동물 때문에 덜 외롭다.",
          "date": "2022-11-04",
          "time": "03:59:32",
          "terminate": "false"
        },
        {
          "speaker": "speaker2",
          "personaID": "41055",
          "participantID": "0219",
          "utterance": "요즘 국내 주식에 관심이 많아서 주식장 보고 있었어요. 그쪽은 뭐하고 계셨나요?",
          "summary": "나는 국내 주식에 관심이 많다.",
          "date": "2022-11-04",
          "time": "03:59:57",
          "terminate": "false"
        },
        {
          "speaker": "speaker1",
          "personaID": "24843",
          "participantID": "0212",
          "utterance": "저는 아메리카노 먹고 있었어요. 매일 2잔 이상 마시거든요ㅎ 그럼 주식 끝나면 뭐하세요?",
          "summary": "나는 아메리카노를 매일 2장 이상 마신다.",
          "date": "2022-11-04",
          "time": "04:00:22",
          "terminate": "false"
        },
        {
          "speaker": "speaker2",
          "personaID": "41055",
          "participantID": "0219",
          "utterance": "오보에 연주를 가끔 하는데 오늘 할까 고민하고 있었어요~",
          "summary": "나는 오보에 연주를 가끔 한다.",
          "date": "2022-11-04",
          "time": "04:00:50",
          "terminate": "false"
        },
        {
          "speaker": "speaker1",
          "personaID": "24843",
          "participantID": "0212",
          "utterance": "오~ 오보에 음색은 못 들어봤는데 궁금하네요~",
          "summary": "나는 오보엔 연주를 안 들어봤다.",
          "date": "2022-11-04",
          "time": "04:01:11",
          "terminate": "false"
        },
        {
          "speaker": "speaker2",
          "personaID": "41055",
          "participantID": "0219",
          "utterance": "실력은 없어서 아직 잘 하진 못해요~ 아메리카노 마시고 뭐해요?",
          "summary": "나는 연주 실력이 없다.",
          "date": "2022-11-04",
          "time": "04:01:48",
          "terminate": "false"
        },
        {
          "speaker": "speaker1",
          "personaID": "24843",
          "participantID": "0212",
          "utterance": "저는 헌혈하러 가려구요. O형이 피가 부족하다고 해서요ㅎ",
          "summary": "나는 O형이다.",
          "date": "2022-11-04",
          "time": "04:02:38",
          "terminate": "false"
        },
        {
          "speaker": "speaker2",
          "personaID": "41055",
          "participantID": "0219",
          "utterance": "저는 RH- 혈액형이라 헌혈을 못 하는데 자주 하시나요?",
          "summary": "나는 RH-혈액형이다.",
          "date": "2022-11-04",
          "time": "04:03:52",
          "terminate": "false"
        },
        {
          "speaker": "speaker1",
          "personaID": "24843",
          "participantID": "0212",
          "utterance": "초코파이를 좋아해서 자주 하러가요ㅎ 끝나면 초코파이 주잖아요ㅎ",
          "summary": "나는 초코파이를 좋아한다.",
          "date": "2022-11-04",
          "time": "04:04:18",
          "terminate": "false"
        },
        {
          "speaker": "speaker2",
          "personaID": "41055",
          "participantID": "0219",
          "utterance": "아~ㅋㅋㅋ 일석이조네요. 저는 이만 오보에 연주를 하러 가야될 것 같아요.",
          "summary": "나는 오보에 연주를 하러 간다.",
          "date": "2022-11-04",
          "time": "04:04:50",
          "terminate": "false"
        },
        {
          "speaker": "speaker1",
          "personaID": "24843",
          "participantID": "0212",
          "utterance": "네ㅎ 저도 헌혈하러 가볼께요~ ",
          "summary": "나는 헌혈을 하러 간다.",
          "date": "2022-11-04",
          "time": "04:05:21",
          "terminate": "true"
        }
      ],
      "sessionPersonaSummary": {
        "speaker1": [
          "나는 20대 여자다.",
          "나는 라쿤 두 마리를 키운다.",
          "나는 반려동물 때문에 덜 외롭다.",
          "나는 아메리카노를 매일 2장 이상 마신다.",
          "나는 오보엔 연주를 안 들어봤다.",
          "나는 O형이다.",
          "나는 초코파이를 좋아한다.",
          "나는 헌혈을 하러 간다."
        ],
        "speaker2": [
          "나는 40대 남자다.",
          "나는 요즘 자주 외롭다.",
          "나는 국내 주식에 관심이 많다.",
          "나는 오보에 연주를 가끔 한다.",
          "나는 연주 실력이 없다.",
          "나는 RH-혈액형이다.",
          "나는 오보에 연주를 하러 간다."
        ]
      },
      "prevAggregatedpersonaSummary": {
        "speaker1": [],
        "speaker2": []
      }
    },
    {
      "prevSessionID": "3-00571-1",
      "prevTimeInfo": {
        "timeNum": "7",
        "timeUnit": "일"
      },
      "nthSession": "2",
      "numberOfUtterances": "15",
      "numberOfTurns": "7",
      "sessionID": "3-00571-2",
      "dialog": [
        {
          "speaker": "speaker1",
          "personaID": "24843",
          "participantID": "0212",
          "utterance": "일주일동안 뭐하고 지내셨어요? 국내 주식 하셨나요? 그동안 잘 지내셨나요? 이제야 연락드려요ㅎ",
          "summary": "",
          "date": "2022-11-04",
          "time": "04:08:35",
          "terminate": "false"
        },
        {
          "speaker": "speaker2",
          "personaID": "41055",
          "participantID": "0219",
          "utterance": "잘 못 지냈어요. 부모님께서 좀 아프셔서 병원에 있었어요...",
          "summary": "나는 부모님이 편찮으셔서 병원에 있었다.",
          "date": "2022-11-04",
          "time": "04:09:11",
          "terminate": "false"
        },
        {
          "speaker": "speaker1",
          "personaID": "24843",
          "participantID": "0212",
          "utterance": "아.. 부모님께서 많이 편찮으세요? 마음이 안 좋으시겠어요.",
          "summary": "나는 부모님께서 편찮으시면 마음이 안 좋다.",
          "date": "2022-11-04",
          "time": "04:09:36",
          "terminate": "false"
        },
        {
          "speaker": "speaker2",
          "personaID": "41055",
          "participantID": "0219",
          "utterance": "지금은 괜찮아지셨어요~ 부모님께서 아프시니까 괜히 미안해지네요.",
          "summary": "나는 부모님께 괜히 미안해진다.",
          "date": "2022-11-04",
          "time": "04:10:40",
          "terminate": "false"
        },
        {
          "speaker": "speaker1",
          "personaID": "24843",
          "participantID": "0212",
          "utterance": "괜찮아지셨다니 다행이네요. 안도감이 드네요... 왜 미안해지세요?",
          "summary": "나는 안도감이 든다.",
          "date": "2022-11-04",
          "time": "04:11:16",
          "terminate": "false"
        },
        {
          "speaker": "speaker2",
          "personaID": "41055",
          "participantID": "0219",
          "utterance": "효도를 많이 못 해드렸거든요. 사느라 바빠서...",
          "summary": "나는 효도를 많이 못 해드렸다.",
          "date": "2022-11-04",
          "time": "04:11:34",
          "terminate": "false"
        },
        {
          "speaker": "speaker1",
          "personaID": "24843",
          "participantID": "0212",
          "utterance": "아.. 대화를 나누다보니 저도 부모님께 잘 해드려야겠다는 생각이 드네요ㅠ",
          "summary": "나는 부모님께 잘해드려야겠다는 생각이 든다.",
          "date": "2022-11-04",
          "time": "04:12:11",
          "terminate": "false"
        },
        {
          "speaker": "speaker2",
          "personaID": "41055",
          "participantID": "0219",
          "utterance": "있을 때 잘 해드리세요~ 안 그러면 나중에 후회해요~",
          "summary": "",
          "date": "2022-11-04",
          "time": "04:12:36",
          "terminate": "false"
        },
        {
          "speaker": "speaker1",
          "personaID": "24843",
          "participantID": "0212",
          "utterance": "넵! 곧 부모님 생신이신데 뭘 해드려야 할까요?",
          "summary": "나의 부모님은 곧 생신이다.",
          "date": "2022-11-04",
          "time": "04:12:51",
          "terminate": "false"
        },
        {
          "speaker": "speaker2",
          "personaID": "41055",
          "participantID": "0219",
          "utterance": "아직 20대시니까 비싼 건 못할테고... 흠. 스카프 어떠세요? 저희 어머니는 스카프를 좋아하던데.",
          "summary": "나의 어머니는 스카프를 좋아하신다.",
          "date": "2022-11-04",
          "time": "04:13:51",
          "terminate": "false"
        },
        {
          "speaker": "speaker1",
          "personaID": "24843",
          "participantID": "0212",
          "utterance": "좋은 선물이 될 것 같네요ㅎ 감사해요. 그런데 부모님은 어디가 아프셨던거예요?",
          "summary": "나는 스카프를 선물할 예정이다.",
          "date": "2022-11-04",
          "time": "04:14:27",
          "terminate": "false"
        },
        {
          "speaker": "speaker2",
          "personaID": "41055",
          "participantID": "0219",
          "utterance": "두분 다 농사하셔서 어깨에 통증이 있으셨어요. 학생은 아픈 곳 없죠?",
          "summary": "나의 부모님은 농사일을 하신다.",
          "date": "2022-11-04",
          "time": "04:17:54",
          "terminate": "false"
        },
        {
          "speaker": "speaker1",
          "personaID": "24843",
          "participantID": "0212",
          "utterance": "넵. 저는 완전 튼튼해요ㅎ 걱정해주셔서 감사해요!",
          "summary": "나는 정말 튼튼하다.",
          "date": "2022-11-04",
          "time": "04:18:12",
          "terminate": "false"
        },
        {
          "speaker": "speaker2",
          "personaID": "41055",
          "participantID": "0219",
          "utterance": "다행이네요. 저는 부모님 아픈 곳 없나 한번 살펴보러 갈께요.",
          "summary": "나는 부모님 안부를 확인하러 간다.",
          "date": "2022-11-04",
          "time": "04:18:37",
          "terminate": "false"
        },
        {
          "speaker": "speaker1",
          "personaID": "24843",
          "participantID": "0212",
          "utterance": "넵! 알겠습니다. 안녕히 주무세요~",
          "summary": "",
          "date": "2022-11-04",
          "time": "04:19:13",
          "terminate": "true"
        }
      ],
      "sessionPersonaSummary": {
        "speaker1": [
          "나는 부모님께서 편찮으시면 마음이 안 좋다.",
          "나는 안도감이 든다.",
          "나는 부모님께 잘해드려야겠다는 생각이 든다.",
          "나의 부모님은 곧 생신이다.",
          "나는 스카프를 선물할 예정이다.",
          "나는 정말 튼튼하다."
        ],
        "speaker2": [
          "나는 부모님이 편찮으셔서 병원에 있었다.",
          "나는 부모님께 괜히 미안해진다.",
          "나는 효도를 많이 못 해드렸다.",
          "나의 어머니는 스카프를 좋아하신다.",
          "나의 부모님은 농사일을 하신다.",
          "나는 부모님 안부를 확인하러 간다."
        ]
      },
      "prevAggregatedpersonaSummary": {
        "speaker1": [
          "나는 20대 여자다.",
          "나는 라쿤 두 마리를 키운다.",
          "나는 반려동물 때문에 덜 외롭다.",
          "나는 아메리카노를 매일 2장 이상 마신다.",
          "나는 오보엔 연주를 안 들어봤다.",
          "나는 O형이다.",
          "나는 초코파이를 좋아한다.",
          "나는 헌혈을 하러 간다."
        ],
        "speaker2": [
          "나는 40대 남자다.",
          "나는 요즘 자주 외롭다.",
          "나는 국내 주식에 관심이 많다.",
          "나는 오보에 연주를 가끔 한다.",
          "나는 연주 실력이 없다.",
          "나는 RH-혈액형이다.",
          "나는 오보에 연주를 하러 간다."
        ]
      }
    },
    {
      "prevSessionID": "3-00571-2",
      "prevTimeInfo": {
        "timeNum": "27",
        "timeUnit": "시간"
      },
      "nthSession": "3",
      "numberOfUtterances": "15",
      "numberOfTurns": "7",
      "sessionID": "3-00571-3",
      "dialog": [
        {
          "speaker": "speaker1",
          "personaID": "24843",
          "participantID": "0212",
          "utterance": "27시간이 지났네요~ 일부러 저녁시간에 연락드렸는데 바쁘신가요?",
          "summary": "나는 일부러 저녁시간에 연락했다.",
          "date": "2022-11-04",
          "time": "04:22:35",
          "terminate": "false"
        },
        {
          "speaker": "speaker2",
          "personaID": "41055",
          "participantID": "0219",
          "utterance": "마침 쉬고 있었어요ㅎ 스카프는 잘 사셨나요?",
          "summary": "나는 쉬고 있었다.",
          "date": "2022-11-04",
          "time": "04:23:00",
          "terminate": "false"
        },
        {
          "speaker": "speaker1",
          "personaID": "24843",
          "participantID": "0212",
          "utterance": "넵. 아주 예쁜 스카프로 샀어요ㅎ 집이신가요?",
          "summary": "나는 아주 예쁜 스카프를 구매했다.",
          "date": "2022-11-04",
          "time": "04:23:27",
          "terminate": "false"
        },
        {
          "speaker": "speaker2",
          "personaID": "41055",
          "participantID": "0219",
          "utterance": "네~ 누워서 별 보던 중이였어요~",
          "summary": "나는 누워서 별을 보던 중이었다.",
          "date": "2022-11-04",
          "time": "04:23:44",
          "terminate": "false"
        },
        {
          "speaker": "speaker1",
          "personaID": "24843",
          "participantID": "0212",
          "utterance": "오늘 별이 많이 떴네요ㅎ 별보면 별사탕이 생각나는 거 같아요ㅎ",
          "summary": "나는 별을 보고 있다.",
          "date": "2022-11-04",
          "time": "04:24:46",
          "terminate": "false"
        },
        {
          "speaker": "speaker2",
          "personaID": "41055",
          "participantID": "0219",
          "utterance": "별사탕 좋아하세요? 저도 뽀빠이과자 많이 먹었었는데ㅋ",
          "summary": "나는 뽀빠이 과자를 많이 먹었었다.",
          "date": "2022-11-04",
          "time": "04:25:16",
          "terminate": "false"
        },
        {
          "speaker": "speaker1",
          "personaID": "24843",
          "participantID": "0212",
          "utterance": "넵. 저는 별사탕만 좋아해요ㅎ 어? 별똥별 지나간다!",
          "summary": "나는 별사탕을 좋아한다.",
          "date": "2022-11-04",
          "time": "04:26:08",
          "terminate": "false"
        },
        {
          "speaker": "speaker2",
          "personaID": "41055",
          "participantID": "0219",
          "utterance": "오 보셨어요? 저도 방금 봤어요. 진짜 너무 아름답네요.",
          "summary": "나는 별똥별을 보았다.",
          "date": "2022-11-04",
          "time": "04:26:33",
          "terminate": "false"
        },
        {
          "speaker": "speaker1",
          "personaID": "24843",
          "participantID": "0212",
          "utterance": "소원 비셨어요? 저는 로또 1등 빌었어요!",
          "summary": "나의 소원은 로또 1등이다.",
          "date": "2022-11-04",
          "time": "04:26:51",
          "terminate": "false"
        },
        {
          "speaker": "speaker2",
          "personaID": "41055",
          "participantID": "0219",
          "utterance": "네~ 빌었어요. 저는 부모님의 건강을 빌었어요ㅎ ",
          "summary": "나는 부모님의 건강을 빌었다.",
          "date": "2022-11-04",
          "time": "04:27:27",
          "terminate": "false"
        },
        {
          "speaker": "speaker1",
          "personaID": "24843",
          "participantID": "0212",
          "utterance": "ㅎㅎ 우리 소원 모두 다 이뤄졌으면 좋겠네요. 로또 1등 되면 차 하나 사드릴께요ㅎㅎㅎ",
          "summary": "나는 소원이 이루어졌으면 좋겠다.",
          "date": "2022-11-04",
          "time": "04:27:53",
          "terminate": "false"
        },
        {
          "speaker": "speaker2",
          "personaID": "41055",
          "participantID": "0219",
          "utterance": "허허허. 차는 괜찮습니다. 저희 부모님 건강검진 부탁드릴께요ㅎ",
          "summary": "나는 부모님께 건강 검진을 해드리고 싶다.",
          "date": "2022-11-04",
          "time": "04:28:15",
          "terminate": "false"
        },
        {
          "speaker": "speaker1",
          "personaID": "24843",
          "participantID": "0212",
          "utterance": "넵! 당첨되면 꼭 소원 들어드릴께요! 이제 주무실 시간 아니신가요?ㅎㅎ",
          "summary": "",
          "date": "2022-11-04",
          "time": "04:28:45",
          "terminate": "false"
        },
        {
          "speaker": "speaker2",
          "personaID": "41055",
          "participantID": "0219",
          "utterance": "네. 밤하늘 보고 있으니 마음이 편해져서 이제 자려구요ㅎ",
          "summary": "나는 밤하늘을 보니 마음이 편해진다.",
          "date": "2022-11-04",
          "time": "04:28:58",
          "terminate": "false"
        },
        {
          "speaker": "speaker1",
          "personaID": "24843",
          "participantID": "0212",
          "utterance": "넵! 별똥별처럼 아름다운 꿈 꾸시고 다음에 연락해요ㅎ",
          "summary": "",
          "date": "2022-11-04",
          "time": "04:29:18",
          "terminate": "true"
        }
      ],
      "sessionPersonaSummary": {
        "speaker1": [
          "나는 일부러 저녁시간에 연락했다.",
          "나는 아주 예쁜 스카프를 구매했다.",
          "나는 별을 보고 있다.",
          "나는 별사탕을 좋아한다.",
          "나의 소원은 로또 1등이다.",
          "나는 소원이 이루어졌으면 좋겠다."
        ],
        "speaker2": [
          "나는 쉬고 있었다.",
          "나는 누워서 별을 보던 중이었다.",
          "나는 뽀빠이 과자를 많이 먹었었다.",
          "나는 별똥별을 보았다.",
          "나는 부모님의 건강을 빌었다.",
          "나는 부모님께 건강 검진을 해드리고 싶다.",
          "나는 밤하늘을 보니 마음이 편해진다."
        ]
      },
      "prevAggregatedpersonaSummary": {
        "speaker1": [
          "나는 20대 여자다.",
          "나는 라쿤 두 마리를 키운다.",
          "나는 반려동물 때문에 덜 외롭다.",
          "나는 아메리카노를 매일 2장 이상 마신다.",
          "나는 오보엔 연주를 안 들어봤다.",
          "나는 O형이다.",
          "나는 초코파이를 좋아한다.",
          "나는 헌혈을 하러 간다.",
          "나는 부모님께서 편찮으시면 마음이 안 좋다.",
          "나는 안도감이 든다.",
          "나는 부모님께 잘해드려야겠다는 생각이 든다.",
          "나의 부모님은 곧 생신이다.",
          "나는 스카프를 선물할 예정이다.",
          "나는 정말 튼튼하다."
        ],
        "speaker2": [
          "나는 40대 남자다.",
          "나는 요즘 자주 외롭다.",
          "나는 국내 주식에 관심이 많다.",
          "나는 오보에 연주를 가끔 한다.",
          "나는 연주 실력이 없다.",
          "나는 RH-혈액형이다.",
          "나는 오보에 연주를 하러 간다.",
          "나는 부모님이 편찮으셔서 병원에 있었다.",
          "나는 부모님께 괜히 미안해진다.",
          "나는 효도를 많이 못 해드렸다.",
          "나의 어머니는 스카프를 좋아하신다.",
          "나의 부모님은 농사일을 하신다.",
          "나는 부모님 안부를 확인하러 간다."
        ]
      }
    }
  ]
}