{
  "FileInfo": {
    "filename": "K3-00177-CL04997-CP05072-19-03-S3.json",
    "sessionLevel": "3"
  },
  "participantsInfo": {
    "numberOfParticipants": "2",
    "speaker1": {
      "participantID": "25154",
      "gender": "여성",
      "age": "50대",
      "occupation": "자영업",
      "bPlace": "서울/경기/인천",
      "gPlace": "서울/경기/인천",
      "rPlace": "서울/경기/인천",
      "educationLevel": "고졸"
    },
    "speaker2": {
      "participantID": "24437",
      "gender": "여성",
      "age": "50대",
      "occupation": "서비스직",
      "bPlace": "서울/경기/인천",
      "gPlace": "서울/경기/인천",
      "rPlace": "서울/경기/인천",
      "educationLevel": "대졸"
    }
  },
  "multisessionInfo": {
    "multisessionID": "3-00177"
  },
  "personaInfo": {
    "clInfo": {
      "personaID": "04997",
      "personaFeatures": [
        "나는 여자이다.",
        "나는 50대이다.",
        "나의 거주지는 경상도이다.",
        "나는 햄버거와 감자튀김을 좋아한다.",
        "나는 비숑 한 마리를 키운다."
      ],
      "speakerType": "speaker1"
    },
    "cpInfo": {
      "personaID": "05072",
      "personaFeatures": [
        "나는 여자이다.",
        "나는 50대이다.",
        "나의 거주지는 제주도이다.",
        "나는 신 음식을 안 먹는다.",
        "나는 에어로빅을 가끔 한다."
      ],
      "speakerType": "speaker2"
    }
  },
  "topicInfo": {
    "topicID": "19-03",
    "topicType": "예술문화 생활>방송/연예",
    "topicTitle": "예능"
  },
  "sessionInfo": [
    {
      "prevSessionID": null,
      "prevTimeInfo": {
        "timeNum": null,
        "timeUnit": null
      },
      "nthSession": "1",
      "numberOfUtterances": "16",
      "numberOfTurns": "8",
      "sessionID": "3-00177-1",
      "dialog": [
        {
          "speaker": "speaker1",
          "personaID": "04997",
          "participantID": "25154",
          "utterance": "안녕하세요. 경상도 사는 50대 여자랍니다~",
          "summary": "나의 거주지는 경상도이다. 나는 50대 여자이다.",
          "date": "2022-09-11",
          "time": "02:08:46",
          "terminate": "false"
        },
        {
          "speaker": "speaker2",
          "personaID": "05072",
          "participantID": "24437",
          "utterance": "안녕하세요. 제주도에 사는 50대 여자입니다.",
          "summary": "나의 거주지는 제주도이다. 나는 50대 여자이다.",
          "date": "2022-09-11",
          "time": "02:08:52",
          "terminate": "false"
        },
        {
          "speaker": "speaker1",
          "personaID": "04997",
          "participantID": "25154",
          "utterance": "제주도요? 신기하다 전 햄버거와 감자튀김을 좋아하는데 혹시 제주도에도 있나요?",
          "summary": "나는 햄버거와 감자튀김을 좋아한다.",
          "date": "2022-09-11",
          "time": "02:10:07",
          "terminate": "false"
        },
        {
          "speaker": "speaker2",
          "personaID": "05072",
          "participantID": "24437",
          "utterance": "제주도를 너무 무시하는 발언 아닌가요?ㅋㅋ 있어요~ 많아요.",
          "summary": "",
          "date": "2022-09-11",
          "time": "02:10:22",
          "terminate": "false"
        },
        {
          "speaker": "speaker1",
          "personaID": "04997",
          "participantID": "25154",
          "utterance": "아. 그러시구나. 뜨문뜨문 있는 줄알았어요 ㅎㅎ 햄버거 좋아하세요?",
          "summary": "",
          "date": "2022-09-11",
          "time": "02:10:44",
          "terminate": "false"
        },
        {
          "speaker": "speaker2",
          "personaID": "05072",
          "participantID": "24437",
          "utterance": "그럼요. 인스턴트는 다 맛있어요. 저는 신음식을 안먹거든요. 그거빼고는 다 좋아해요.",
          "summary": "나는 인스턴트가 다 맛있다. 나는 신 음식을 안 먹는다.",
          "date": "2022-09-11",
          "time": "02:11:24",
          "terminate": "false"
        },
        {
          "speaker": "speaker1",
          "personaID": "04997",
          "participantID": "25154",
          "utterance": "아 그렇구나 ㅎ 저는 비숑 한마리를 키우는데 햄버거를먹였더니 엄청 구토했어요ㅜ.",
          "summary": "나는 비숑한마리를 키운다.",
          "date": "2022-09-11",
          "time": "02:11:51",
          "terminate": "false"
        },
        {
          "speaker": "speaker2",
          "personaID": "05072",
          "participantID": "24437",
          "utterance": "사람음식 먹이면 안돼요! 저는 방송쪽 일해서 @이름1@씨랑 친하거든요!",
          "summary": "나는 방 속 쪽 일을 한다. 나는 @이름1@이랑 친하다.",
          "date": "2022-09-11",
          "time": "02:12:17",
          "terminate": "false"
        },
        {
          "speaker": "speaker1",
          "personaID": "04997",
          "participantID": "25154",
          "utterance": "헐 진짜요? 유명인 많이하세요? 진짜 신기하다!!",
          "summary": "",
          "date": "2022-09-11",
          "time": "02:12:35",
          "terminate": "false"
        },
        {
          "speaker": "speaker2",
          "personaID": "05072",
          "participantID": "24437",
          "utterance": "네네. 제가 사실 연애인이에요 ㅎ 지금은 남편과 제주도에 살고있지만 ㅎㅎ.",
          "summary": "나는 연예인이다. 나는 남편과 제주도에서 살고 있다.",
          "date": "2022-09-11",
          "time": "02:12:48",
          "terminate": "false"
        },
        {
          "speaker": "speaker1",
          "personaID": "04997",
          "participantID": "25154",
          "utterance": "남편도 그러면 연애인이에요?!!",
          "summary": "",
          "date": "2022-09-11",
          "time": "02:13:04",
          "terminate": "false"
        },
        {
          "speaker": "speaker2",
          "personaID": "05072",
          "participantID": "24437",
          "utterance": "남편은 에어로빅 강사에요 ㅎ 제가 남편덕에 에어로빅을 가끔 한답니다 ㅎ.",
          "summary": "나의 배우자는 에어로빅 강사이다. 나는 에어로빅을 가끔 한다.",
          "date": "2022-09-11",
          "time": "02:13:19",
          "terminate": "false"
        },
        {
          "speaker": "speaker1",
          "personaID": "04997",
          "participantID": "25154",
          "utterance": "진짜 부러워요. 여유 있는 삶... 지금은 그럼 방송일은 쉬시고 계신거에요?",
          "summary": "",
          "date": "2022-09-11",
          "time": "02:13:57",
          "terminate": "false"
        },
        {
          "speaker": "speaker2",
          "personaID": "05072",
          "participantID": "24437",
          "utterance": "아뇨!? 비행기타고 일하러 가요~ 제가 지금도 촬영중인데 잠깐 쉬는시간이라서..",
          "summary": "나는 비행기를 타고 일하러 간다.",
          "date": "2022-09-11",
          "time": "02:14:15",
          "terminate": "false"
        },
        {
          "speaker": "speaker1",
          "personaID": "04997",
          "participantID": "25154",
          "utterance": "아아. 그러시면 녹화 끝나고 얘기해요. 방해하고 싶지 않아요 ㅜ.",
          "summary": "",
          "date": "2022-09-11",
          "time": "02:14:29",
          "terminate": "false"
        },
        {
          "speaker": "speaker2",
          "personaID": "05072",
          "participantID": "24437",
          "utterance": "그럼 그럴까요? 알겠어요. 다끝나고 연락드릴게요~",
          "summary": "",
          "date": "2022-09-11",
          "time": "02:14:40",
          "terminate": "true"
        }
      ],
      "sessionPersonaSummary": {
        "speaker1": [
          "나의 거주지는 경상도이다. 나는 50대 여자이다.",
          "나는 햄버거와 감자튀김을 좋아한다.",
          "나는 비숑한마리를 키운다."
        ],
        "speaker2": [
          "나의 거주지는 제주도이다. 나는 50대 여자이다.",
          "나는 인스턴트가 다 맛있다. 나는 신 음식을 안 먹는다.",
          "나는 방 속 쪽 일을 한다. 나는 @이름1@이랑 친하다.",
          "나는 연예인이다. 나는 남편과 제주도에서 살고 있다.",
          "나의 배우자는 에어로빅 강사이다. 나는 에어로빅을 가끔 한다.",
          "나는 비행기를 타고 일하러 간다."
        ]
      },
      "prevAggregatedpersonaSummary": {
        "speaker1": [],
        "speaker2": []
      }
    },
    {
      "prevSessionID": "3-00177-1",
      "prevTimeInfo": {
        "timeNum": "10",
        "timeUnit": "시간"
      },
      "nthSession": "2",
      "numberOfUtterances": "16",
      "numberOfTurns": "8",
      "sessionID": "3-00177-2",
      "dialog": [
        {
          "speaker": "speaker1",
          "personaID": "04997",
          "participantID": "25154",
          "utterance": "녹화는 아직 이신가요ㅜㅜ 10시간이 지났는데...",
          "summary": "",
          "date": "2022-09-11",
          "time": "02:14:53",
          "terminate": "false"
        },
        {
          "speaker": "speaker2",
          "personaID": "05072",
          "participantID": "24437",
          "utterance": "네. 아직 녹화중이에요. 녹화가 평균 10시간은 넘어서,, 지금 거의 끝나가요 ~",
          "summary": "",
          "date": "2022-09-11",
          "time": "02:15:16",
          "terminate": "false"
        },
        {
          "speaker": "speaker1",
          "personaID": "04997",
          "participantID": "25154",
          "utterance": "우와. 방송 어떤거 하고 계세요? 드라마? 아니면 예능?",
          "summary": "",
          "date": "2022-09-11",
          "time": "02:15:29",
          "terminate": "false"
        },
        {
          "speaker": "speaker2",
          "personaID": "05072",
          "participantID": "24437",
          "utterance": "방송예능 찍고 있어요ㅎㅎ 제이름은 다들으면 알아서 비밀로 할게요.",
          "summary": "나는 방송 예능 녹화 중이다.",
          "date": "2022-09-11",
          "time": "02:15:41",
          "terminate": "false"
        },
        {
          "speaker": "speaker1",
          "personaID": "04997",
          "participantID": "25154",
          "utterance": "네. 그정도 눈치는 있어요 ㅎㅎ 근데 방송예능 진짜로 리얼로 하나요? 제일 궁금했는데.",
          "summary": "",
          "date": "2022-09-11",
          "time": "02:16:00",
          "terminate": "false"
        },
        {
          "speaker": "speaker2",
          "personaID": "05072",
          "participantID": "24437",
          "utterance": "진짜 리얼로 하되, 큰 틀은 잡혀 있어요. 그걸 외우고 들어가야 하기는 해요.",
          "summary": "",
          "date": "2022-09-11",
          "time": "02:16:16",
          "terminate": "false"
        },
        {
          "speaker": "speaker1",
          "personaID": "04997",
          "participantID": "25154",
          "utterance": "아~ 그러면 애드리브 같은건 진짜 실시간으로 나오는 말들이군요?",
          "summary": "",
          "date": "2022-09-11",
          "time": "02:16:29",
          "terminate": "false"
        },
        {
          "speaker": "speaker2",
          "personaID": "05072",
          "participantID": "24437",
          "utterance": "네네. 맞아요. 저는 무한도전이라는 예능을 진짜 좋아했어요. 그건 진짜 100퍼센트 리얼이거든요.",
          "summary": "나는 무한도전 프로그램을 좋아한다.",
          "date": "2022-09-11",
          "time": "02:16:47",
          "terminate": "false"
        },
        {
          "speaker": "speaker1",
          "personaID": "04997",
          "participantID": "25154",
          "utterance": "아. 저도 무한도전 알아요. 진짜 재밌게 봤었어요 !",
          "summary": "나는 무한도전 프로그램을 재밌게 봤다.",
          "date": "2022-09-11",
          "time": "02:17:00",
          "terminate": "false"
        },
        {
          "speaker": "speaker2",
          "personaID": "05072",
          "participantID": "24437",
          "utterance": "예전에 1박2일과 무한도전이 경쟁 예능 이였잖아요 ㅎㅎ 아시나요?",
          "summary": "",
          "date": "2022-09-11",
          "time": "02:17:16",
          "terminate": "false"
        },
        {
          "speaker": "speaker1",
          "personaID": "04997",
          "participantID": "25154",
          "utterance": "맞아요. 그땐 그랬죠.. 저는 무한도전 파였답니다.",
          "summary": "",
          "date": "2022-09-11",
          "time": "02:17:26",
          "terminate": "false"
        },
        {
          "speaker": "speaker2",
          "personaID": "05072",
          "participantID": "24437",
          "utterance": "저도요 ㅎㅎ 항상 신선한 소재가 있었잖아요.",
          "summary": "",
          "date": "2022-09-11",
          "time": "02:17:37",
          "terminate": "false"
        },
        {
          "speaker": "speaker1",
          "personaID": "04997",
          "participantID": "25154",
          "utterance": "맞아요 여행보다는 그 돈가방을 들고 튀어라 나, 명수는 12살 이런 컨셉이 너무 좋아요..",
          "summary": "",
          "date": "2022-09-11",
          "time": "02:17:53",
          "terminate": "false"
        },
        {
          "speaker": "speaker2",
          "personaID": "05072",
          "participantID": "24437",
          "utterance": "진짜.. 그 피디는 밤꼬박새고 만든 컨텐츠들이였다고 하네요.",
          "summary": "",
          "date": "2022-09-11",
          "time": "02:18:10",
          "terminate": "false"
        },
        {
          "speaker": "speaker1",
          "personaID": "04997",
          "participantID": "25154",
          "utterance": "그렇구나... 아직도 촬영 중이신가요..?",
          "summary": "",
          "date": "2022-09-11",
          "time": "02:18:23",
          "terminate": "false"
        },
        {
          "speaker": "speaker2",
          "personaID": "05072",
          "participantID": "24437",
          "utterance": "이제 끝나가요. 마무리 멘트만 하고있어서 1시간있다가 연락 주시겠어요?",
          "summary": "",
          "date": "2022-09-11",
          "time": "02:18:39",
          "terminate": "true"
        }
      ],
      "sessionPersonaSummary": {
        "speaker1": [
          "나는 무한도전 프로그램을 재밌게 봤다."
        ],
        "speaker2": [
          "나는 방송 예능 녹화 중이다.",
          "나는 무한도전 프로그램을 좋아한다."
        ]
      },
      "prevAggregatedpersonaSummary": {
        "speaker1": [
          "나의 거주지는 경상도이다. 나는 50대 여자이다.",
          "나는 햄버거와 감자튀김을 좋아한다.",
          "나는 비숑한마리를 키운다."
        ],
        "speaker2": [
          "나의 거주지는 제주도이다. 나는 50대 여자이다.",
          "나는 인스턴트가 다 맛있다. 나는 신 음식을 안 먹는다.",
          "나는 방 속 쪽 일을 한다. 나는 @이름1@이랑 친하다.",
          "나는 연예인이다. 나는 남편과 제주도에서 살고 있다.",
          "나의 배우자는 에어로빅 강사이다. 나는 에어로빅을 가끔 한다.",
          "나는 비행기를 타고 일하러 간다."
        ]
      }
    },
    {
      "prevSessionID": "3-00177-2",
      "prevTimeInfo": {
        "timeNum": "1",
        "timeUnit": "시간"
      },
      "nthSession": "3",
      "numberOfUtterances": "16",
      "numberOfTurns": "8",
      "sessionID": "3-00177-3",
      "dialog": [
        {
          "speaker": "speaker1",
          "personaID": "04997",
          "participantID": "25154",
          "utterance": "1시간 지났어요 ㅎ 딱맞춰서 연락드렸습니다 오늘하루도 고생하셨어요 ㅎ.",
          "summary": "",
          "date": "2022-09-11",
          "time": "02:18:58",
          "terminate": "false"
        },
        {
          "speaker": "speaker2",
          "personaID": "05072",
          "participantID": "24437",
          "utterance": "감사합니다. 집에가서 꿀잠 잘것 같아요. 오늘 추격전 같은 것을 했거든요. 게스트로..",
          "summary": "",
          "date": "2022-09-11",
          "time": "02:19:13",
          "terminate": "false"
        },
        {
          "speaker": "speaker1",
          "personaID": "04997",
          "participantID": "25154",
          "utterance": "우와.. 저 알것 같은데 혹시 @기타명1@...?출연 하셨나요?",
          "summary": "",
          "date": "2022-09-11",
          "time": "02:19:26",
          "terminate": "false"
        },
        {
          "speaker": "speaker2",
          "personaID": "05072",
          "participantID": "24437",
          "utterance": "앗 들켜버렸네요..ㅎㅎ 나중에 한번 제가 누군지 맞춰바요 ㅎ.",
          "summary": "",
          "date": "2022-09-11",
          "time": "02:19:44",
          "terminate": "false"
        },
        {
          "speaker": "speaker1",
          "personaID": "04997",
          "participantID": "25154",
          "utterance": "방송예능 하시면서 힘드시거나 아니면 못하겠는거 그런거 있나요?",
          "summary": "",
          "date": "2022-09-11",
          "time": "02:19:56",
          "terminate": "false"
        },
        {
          "speaker": "speaker2",
          "personaID": "05072",
          "participantID": "24437",
          "utterance": "저는 가수이지만 노래를 시킬때가 짜증나요. 왜냐하면 옛날 가수라서 노래를 못하거든요.",
          "summary": "나는 가수이다. 나는 노래를 시킬 때 짜증 난다.",
          "date": "2022-09-11",
          "time": "02:20:13",
          "terminate": "false"
        },
        {
          "speaker": "speaker1",
          "personaID": "04997",
          "participantID": "25154",
          "utterance": "으음 예전엔 노래 실력보단 퍼포먼스 위주 였으니까요 ㅎㅎ 이해해요..",
          "summary": "",
          "date": "2022-09-11",
          "time": "02:20:31",
          "terminate": "false"
        },
        {
          "speaker": "speaker2",
          "personaID": "05072",
          "participantID": "24437",
          "utterance": "제가 나중에 한번 촬영장 구경시켜드릴가요? 방송예늘 요즘은 뭐보세요?",
          "summary": "",
          "date": "2022-09-11",
          "time": "02:20:55",
          "terminate": "false"
        },
        {
          "speaker": "speaker1",
          "personaID": "04997",
          "participantID": "25154",
          "utterance": "따로 챙겨서 보는 것은 없는데 금쪽이를 자주봐요.",
          "summary": "",
          "date": "2022-09-11",
          "time": "02:21:08",
          "terminate": "false"
        },
        {
          "speaker": "speaker2",
          "personaID": "05072",
          "participantID": "24437",
          "utterance": "음 그건 제가 출연을 안해봐서 말씀드리기가 애매하네요?!",
          "summary": "",
          "date": "2022-09-11",
          "time": "02:21:21",
          "terminate": "false"
        },
        {
          "speaker": "speaker1",
          "personaID": "04997",
          "participantID": "25154",
          "utterance": "그러면.. 음.. 불후의 명곡?",
          "summary": "",
          "date": "2022-09-11",
          "time": "02:21:27",
          "terminate": "false"
        },
        {
          "speaker": "speaker2",
          "personaID": "05072",
          "participantID": "24437",
          "utterance": "그거는 후배 가수들 통해서 보여드릴 수 있어요. 언제 괜찮으세요?",
          "summary": "",
          "date": "2022-09-11",
          "time": "02:21:43",
          "terminate": "false"
        },
        {
          "speaker": "speaker1",
          "personaID": "04997",
          "participantID": "25154",
          "utterance": "당장 괜찮아야 하는 것 아닌아요? 곧 비행기 타셔야 하잖아요..",
          "summary": "",
          "date": "2022-09-11",
          "time": "02:22:01",
          "terminate": "false"
        },
        {
          "speaker": "speaker2",
          "personaID": "05072",
          "participantID": "24437",
          "utterance": "그건 맞아요. 혹시그럼 오늘 오실 수 있어요?",
          "summary": "",
          "date": "2022-09-11",
          "time": "02:22:09",
          "terminate": "false"
        },
        {
          "speaker": "speaker1",
          "personaID": "04997",
          "participantID": "25154",
          "utterance": "네! 당연하죠~~경상도 쪽이긴하지만 KTX타고 가면 돼요 ㅎㅎ 이런기회 없잖아요.",
          "summary": "",
          "date": "2022-09-11",
          "time": "02:22:29",
          "terminate": "false"
        },
        {
          "speaker": "speaker2",
          "personaID": "05072",
          "participantID": "24437",
          "utterance": "네 그러면 기차 예매하시고 연락줘요~",
          "summary": "",
          "date": "2022-09-11",
          "time": "02:22:37",
          "terminate": "true"
        }
      ],
      "sessionPersonaSummary": {
        "speaker1": [],
        "speaker2": [
          "나는 가수이다. 나는 노래를 시킬 때 짜증 난다."
        ]
      },
      "prevAggregatedpersonaSummary": {
        "speaker1": [
          "나의 거주지는 경상도이다. 나는 50대 여자이다.",
          "나는 햄버거와 감자튀김을 좋아한다.",
          "나는 비숑한마리를 키운다.",
          "나는 무한도전 프로그램을 재밌게 봤다."
        ],
        "speaker2": [
          "나의 거주지는 제주도이다. 나는 50대 여자이다.",
          "나는 인스턴트가 다 맛있다. 나는 신 음식을 안 먹는다.",
          "나는 방 속 쪽 일을 한다. 나는 @이름1@이랑 친하다.",
          "나는 연예인이다. 나는 남편과 제주도에서 살고 있다.",
          "나의 배우자는 에어로빅 강사이다. 나는 에어로빅을 가끔 한다.",
          "나는 비행기를 타고 일하러 간다.",
          "나는 방송 예능 녹화 중이다.",
          "나는 무한도전 프로그램을 좋아한다."
        ]
      }
    }
  ]
}