{
  "FileInfo": {
    "filename": "K3-00418-CL31719-CP22693-06-21-S3.json",
    "sessionLevel": "3"
  },
  "participantsInfo": {
    "numberOfParticipants": "2",
    "speaker1": {
      "participantID": "1195",
      "gender": "여성",
      "age": "30대",
      "occupation": "무직",
      "bPlace": "서울/경기/인천",
      "gPlace": "서울/경기/인천",
      "rPlace": "서울/경기/인천",
      "educationLevel": "대졸"
    },
    "speaker2": {
      "participantID": "1219",
      "gender": "여성",
      "age": "20대",
      "occupation": "기능직",
      "bPlace": "대전/세종/충청/강원",
      "gPlace": "대전/세종/충청/강원",
      "rPlace": "대전/세종/충청/강원",
      "educationLevel": "대졸"
    }
  },
  "multisessionInfo": {
    "multisessionID": "3-00418"
  },
  "personaInfo": {
    "clInfo": {
      "personaID": "31719",
      "personaFeatures": [
        "나는 여자이다.",
        "나는 30대이다.",
        "나는 영양사이다.",
        "나는 필리핀에 가 보고 싶다.",
        "나는 닭볶음탕을 즐겨 먹는다."
      ],
      "speakerType": "speaker1"
    },
    "cpInfo": {
      "personaID": "22693",
      "personaFeatures": [
        "나는 여자이다.",
        "나는 20대이다.",
        "나는 요즘, 자주 스트레스를 받는다.",
        "나는 정치외교학부 전공이다.",
        "나는 클라이밍을 가끔 한다."
      ],
      "speakerType": "speaker2"
    }
  },
  "topicInfo": {
    "topicID": "06-21",
    "topicType": "교육",
    "topicTitle": "동아리"
  },
  "sessionInfo": [
    {
      "prevSessionID": null,
      "prevTimeInfo": {
        "timeNum": null,
        "timeUnit": null
      },
      "nthSession": "1",
      "numberOfUtterances": "16",
      "numberOfTurns": "8",
      "sessionID": "3-00418-1",
      "dialog": [
        {
          "speaker": "speaker1",
          "personaID": "31719",
          "participantID": "1195",
          "utterance": "반가워요~ 저는 30대 여자입니다!! 간단하게 소개해주세요~",
          "summary": "나는 30대 여자이다.",
          "date": "2022-10-28",
          "time": "12:55:42",
          "terminate": "false"
        },
        {
          "speaker": "speaker2",
          "personaID": "22693",
          "participantID": "1219",
          "utterance": "안녕하세요 저는 20대 여자입니다 반가워요^^",
          "summary": "나는 20대 여자이다.",
          "date": "2022-10-28",
          "time": "12:55:50",
          "terminate": "false"
        },
        {
          "speaker": "speaker1",
          "personaID": "31719",
          "participantID": "1195",
          "utterance": "우와 이런 채팅은 처음인데 서로 고민같은거 있으면 편하게 얘기하면서 지내봐요^^",
          "summary": "",
          "date": "2022-10-28",
          "time": "12:57:28",
          "terminate": "false"
        },
        {
          "speaker": "speaker2",
          "personaID": "22693",
          "participantID": "1219",
          "utterance": "저도 채팅이 처음이라 좀 낯설어요!",
          "summary": "나는 채팅이 처음이라 낯설다.",
          "date": "2022-10-28",
          "time": "12:57:51",
          "terminate": "false"
        },
        {
          "speaker": "speaker1",
          "personaID": "31719",
          "participantID": "1195",
          "utterance": "저도 처음이긴한데.. 제가 언니니까 대화를 리드해볼게요!",
          "summary": "",
          "date": "2022-10-28",
          "time": "12:58:14",
          "terminate": "false"
        },
        {
          "speaker": "speaker2",
          "personaID": "22693",
          "participantID": "1219",
          "utterance": "앗 감사해요! 네가 요즘 자주 스트레스 받는데 벌써 해소되는거같아요!",
          "summary": "나는 요즘, 자주 스트레스를 받는다.",
          "date": "2022-10-28",
          "time": "12:58:29",
          "terminate": "false"
        },
        {
          "speaker": "speaker1",
          "personaID": "31719",
          "participantID": "1195",
          "utterance": "오 진짜요?ㅎㅎ너무 듣기 좋은 말이네요~ 근데 대학생인가요? 직장인인가요?",
          "summary": "",
          "date": "2022-10-28",
          "time": "12:58:45",
          "terminate": "false"
        },
        {
          "speaker": "speaker2",
          "personaID": "22693",
          "participantID": "1219",
          "utterance": "제가 대학생입니다! 정치 외교학부 전공이구요! 언니는요?",
          "summary": "나는 정치외교학부 전공이다. 나는 대학생이다.",
          "date": "2022-10-28",
          "time": "12:59:05",
          "terminate": "false"
        },
        {
          "speaker": "speaker1",
          "personaID": "31719",
          "participantID": "1195",
          "utterance": "전공 멋지네요!! 저는 영양사로 일하고있어요! 밥은 먹었어요?",
          "summary": "나는 영양사이다.",
          "date": "2022-10-28",
          "time": "12:59:13",
          "terminate": "false"
        },
        {
          "speaker": "speaker2",
          "personaID": "22693",
          "participantID": "1219",
          "utterance": "아니요 아직안먹었는데 스트레스 받아서 그런지 고민있어요!",
          "summary": "나는 고민이 있다.",
          "date": "2022-10-28",
          "time": "12:59:32",
          "terminate": "false"
        },
        {
          "speaker": "speaker1",
          "personaID": "31719",
          "participantID": "1195",
          "utterance": "어떤게 고민인가요? 편하게 말해봐요! 고민상담 전문입니다^^",
          "summary": "",
          "date": "2022-10-28",
          "time": "12:59:39",
          "terminate": "false"
        },
        {
          "speaker": "speaker2",
          "personaID": "22693",
          "participantID": "1219",
          "utterance": "자극적인 음식이 당기는데 초밥을 먹을지 짬뽕파스타를 먹을지 고민되요!",
          "summary": "나는 자극적인 음식이 당긴다. 나는 초밥을 먹을지 짬뽕 파스타를 먹을지 고민이다.",
          "date": "2022-10-28",
          "time": "12:59:50",
          "terminate": "false"
        },
        {
          "speaker": "speaker1",
          "personaID": "31719",
          "participantID": "1195",
          "utterance": "자극적인 음식이면.. 당연히 짬뽕파스타 아닌가요?ㅎㅎ.",
          "summary": "",
          "date": "2022-10-28",
          "time": "13:00:03",
          "terminate": "false"
        },
        {
          "speaker": "speaker2",
          "personaID": "22693",
          "participantID": "1219",
          "utterance": "그럼 오늘 메뉴는 짬뽕 파스타를 먹어야겠네요! 하하.",
          "summary": "나는 짬뽕 파스타를 먹을 것이다.",
          "date": "2022-10-28",
          "time": "13:00:26",
          "terminate": "false"
        },
        {
          "speaker": "speaker1",
          "personaID": "31719",
          "participantID": "1195",
          "utterance": "저는 닭볶음탕 즐겨먹어서 오늘은 닭볶음탕 먹을거에요~ 식사하고 대화 나누죠^^",
          "summary": "나는 닭볶음탕을 즐겨 먹는다.",
          "date": "2022-10-28",
          "time": "13:00:40",
          "terminate": "false"
        },
        {
          "speaker": "speaker2",
          "personaID": "22693",
          "participantID": "1219",
          "utterance": "오 그럼 밥먹고 올까요? 또 연락주세요^^",
          "summary": "",
          "date": "2022-10-28",
          "time": "13:00:45",
          "terminate": "true"
        }
      ],
      "sessionPersonaSummary": {
        "speaker1": [
          "나는 30대 여자이다.",
          "나는 영양사이다.",
          "나는 닭볶음탕을 즐겨 먹는다."
        ],
        "speaker2": [
          "나는 20대 여자이다.",
          "나는 채팅이 처음이라 낯설다.",
          "나는 요즘, 자주 스트레스를 받는다.",
          "나는 정치외교학부 전공이다. 나는 대학생이다.",
          "나는 고민이 있다.",
          "나는 자극적인 음식이 당긴다. 나는 초밥을 먹을지 짬뽕 파스타를 먹을지 고민이다.",
          "나는 짬뽕 파스타를 먹을 것이다."
        ]
      },
      "prevAggregatedpersonaSummary": {
        "speaker1": [],
        "speaker2": []
      }
    },
    {
      "prevSessionID": "3-00418-1",
      "prevTimeInfo": {
        "timeNum": "2",
        "timeUnit": "시간"
      },
      "nthSession": "2",
      "numberOfUtterances": "16",
      "numberOfTurns": "8",
      "sessionID": "3-00418-2",
      "dialog": [
        {
          "speaker": "speaker1",
          "personaID": "31719",
          "participantID": "1195",
          "utterance": "두시간정도 지났는데 식사는 맛있게 하셨어요?",
          "summary": "",
          "date": "2022-10-28",
          "time": "13:00:48",
          "terminate": "false"
        },
        {
          "speaker": "speaker2",
          "personaID": "22693",
          "participantID": "1219",
          "utterance": "네! 선생님도 식사 맛있게 드셨나요?",
          "summary": "",
          "date": "2022-10-28",
          "time": "13:00:59",
          "terminate": "false"
        },
        {
          "speaker": "speaker1",
          "personaID": "31719",
          "participantID": "1195",
          "utterance": "네!! 근데 저는 졸업한지가 꽤 오래되서 요즘 대학생활이 궁금해요~어때요?ㅎㅎ.",
          "summary": "나는 졸업한 지가 오래돼서 요즘 대학생활이 궁금하다.",
          "date": "2022-10-28",
          "time": "13:01:11",
          "terminate": "false"
        },
        {
          "speaker": "speaker2",
          "personaID": "22693",
          "participantID": "1219",
          "utterance": "앗 어떤대학생활이 궁금하세요? 저는 밥먹고 식곤증때문에 쉬려고 동아리방왔어요!",
          "summary": "나는 식곤증 때문에 동아리방에 왔다.",
          "date": "2022-10-28",
          "time": "13:01:29",
          "terminate": "false"
        },
        {
          "speaker": "speaker1",
          "personaID": "31719",
          "participantID": "1195",
          "utterance": "동아리방에서 그렇게 쉬기도 하는건가요?",
          "summary": "",
          "date": "2022-10-28",
          "time": "13:01:42",
          "terminate": "false"
        },
        {
          "speaker": "speaker2",
          "personaID": "22693",
          "participantID": "1219",
          "utterance": "네! 동아리방에서 낮잠도 자기도 해요~",
          "summary": "나는 동아리방에서 낮잠을 자기도 한다.",
          "date": "2022-10-28",
          "time": "13:01:58",
          "terminate": "false"
        },
        {
          "speaker": "speaker1",
          "personaID": "31719",
          "participantID": "1195",
          "utterance": "우와 진짜 좋네요~ 근데 어떤 동아리 참여하고 있어요?",
          "summary": "",
          "date": "2022-10-28",
          "time": "13:02:07",
          "terminate": "false"
        },
        {
          "speaker": "speaker2",
          "personaID": "22693",
          "participantID": "1219",
          "utterance": "클라이밍 하는 동아리인데 요가매트펴고 자려구요! 하하.",
          "summary": "나는 클라이밍 동아리를 참여한다.",
          "date": "2022-10-28",
          "time": "13:02:21",
          "terminate": "false"
        },
        {
          "speaker": "speaker1",
          "personaID": "31719",
          "participantID": "1195",
          "utterance": "우와.. 별 동아리가 다있네요..? 그럼 설마 해외 여행 가는 동아리도 있어요?",
          "summary": "",
          "date": "2022-10-28",
          "time": "13:02:40",
          "terminate": "false"
        },
        {
          "speaker": "speaker2",
          "personaID": "22693",
          "participantID": "1219",
          "utterance": "아니요 그런 동아리는 없어요? 왜요 해외여행가고싶으세요?",
          "summary": "",
          "date": "2022-10-28",
          "time": "13:02:54",
          "terminate": "false"
        },
        {
          "speaker": "speaker1",
          "personaID": "31719",
          "participantID": "1195",
          "utterance": "네..하하 제가 요즘 필리핀에 가 보고싶어서..",
          "summary": "나는 필리핀에 가 보고 싶다.",
          "date": "2022-10-28",
          "time": "13:03:06",
          "terminate": "false"
        },
        {
          "speaker": "speaker2",
          "personaID": "22693",
          "participantID": "1219",
          "utterance": "앗정말요? 저도 클라이밍 가끔하는데 필리핀으로 가보고싶어요~",
          "summary": "나는 클라이밍을 가끔 한다.",
          "date": "2022-10-28",
          "time": "13:03:26",
          "terminate": "false"
        },
        {
          "speaker": "speaker1",
          "personaID": "31719",
          "participantID": "1195",
          "utterance": "우와~해외가 클라이밍 규모가 크다니까 할 맛 나겠네요 근데 운동을 못해도 동아리 참여는 가능한건가요?",
          "summary": "",
          "date": "2022-10-28",
          "time": "13:03:37",
          "terminate": "false"
        },
        {
          "speaker": "speaker2",
          "personaID": "22693",
          "participantID": "1219",
          "utterance": "아 그럼요! 친목다짐만 하는사람들도 많아요~",
          "summary": "",
          "date": "2022-10-28",
          "time": "13:03:59",
          "terminate": "false"
        },
        {
          "speaker": "speaker1",
          "personaID": "31719",
          "participantID": "1195",
          "utterance": "아.. 그렇구나~ 너무 @브랜드명1@네요 대학생활 다시 하고싶어요ㅠㅠ.",
          "summary": "",
          "date": "2022-10-28",
          "time": "13:04:07",
          "terminate": "false"
        },
        {
          "speaker": "speaker2",
          "personaID": "22693",
          "participantID": "1219",
          "utterance": "저는 빨리 졸업하고싶어요! ㅠㅠ 그럼 저 낮잠때리고 올게요!",
          "summary": "",
          "date": "2022-10-28",
          "time": "13:04:24",
          "terminate": "true"
        }
      ],
      "sessionPersonaSummary": {
        "speaker1": [
          "나는 졸업한 지가 오래돼서 요즘 대학생활이 궁금하다.",
          "나는 필리핀에 가 보고 싶다."
        ],
        "speaker2": [
          "나는 식곤증 때문에 동아리방에 왔다.",
          "나는 동아리방에서 낮잠을 자기도 한다.",
          "나는 클라이밍 동아리를 참여한다.",
          "나는 클라이밍을 가끔 한다."
        ]
      },
      "prevAggregatedpersonaSummary": {
        "speaker1": [
          "나는 30대 여자이다.",
          "나는 영양사이다.",
          "나는 닭볶음탕을 즐겨 먹는다."
        ],
        "speaker2": [
          "나는 20대 여자이다.",
          "나는 채팅이 처음이라 낯설다.",
          "나는 요즘, 자주 스트레스를 받는다.",
          "나는 정치외교학부 전공이다. 나는 대학생이다.",
          "나는 고민이 있다.",
          "나는 자극적인 음식이 당긴다. 나는 초밥을 먹을지 짬뽕 파스타를 먹을지 고민이다.",
          "나는 짬뽕 파스타를 먹을 것이다."
        ]
      }
    },
    {
      "prevSessionID": "3-00418-2",
      "prevTimeInfo": {
        "timeNum": "4",
        "timeUnit": "일"
      },
      "nthSession": "3",
      "numberOfUtterances": "16",
      "numberOfTurns": "8",
      "sessionID": "3-00418-3",
      "dialog": [
        {
          "speaker": "speaker1",
          "personaID": "31719",
          "participantID": "1195",
          "utterance": "4일만에 연락드리네요~ 잘지내고 계시죠?",
          "summary": "",
          "date": "2022-10-28",
          "time": "13:04:25",
          "terminate": "false"
        },
        {
          "speaker": "speaker2",
          "personaID": "22693",
          "participantID": "1219",
          "utterance": "사일만인가요? 오랜만이네요 선생님~",
          "summary": "",
          "date": "2022-10-28",
          "time": "13:04:36",
          "terminate": "false"
        },
        {
          "speaker": "speaker1",
          "personaID": "31719",
          "participantID": "1195",
          "utterance": "그러니까요~ 주말인데 할 게 없어서 심심하네요ㅎㅎ.",
          "summary": "나는 주말에 할 게 없어서 심심하다.",
          "date": "2022-10-28",
          "time": "13:04:49",
          "terminate": "false"
        },
        {
          "speaker": "speaker2",
          "personaID": "22693",
          "participantID": "1219",
          "utterance": "앗정말요? 선생님은 애인없으세요?",
          "summary": "",
          "date": "2022-10-28",
          "time": "13:05:08",
          "terminate": "false"
        },
        {
          "speaker": "speaker1",
          "personaID": "31719",
          "participantID": "1195",
          "utterance": "네.. 없네요..하하 요즘 너무 외로워서 강아지 키워보고싶어요.",
          "summary": "나는 외롭다. 나는 강아지를 키우고 싶다.",
          "date": "2022-10-28",
          "time": "13:05:35",
          "terminate": "false"
        },
        {
          "speaker": "speaker2",
          "personaID": "22693",
          "participantID": "1219",
          "utterance": "앗정말요? 저는 본가에 강아지 한마리 있어요!",
          "summary": "나는 본가에 강아지 한 마리가 있다.",
          "date": "2022-10-28",
          "time": "13:05:52",
          "terminate": "false"
        },
        {
          "speaker": "speaker1",
          "personaID": "31719",
          "participantID": "1195",
          "utterance": "우와 어떤 종이에요? 강아지 키우는분들 보면 다 부지런하시던데ㅠㅠ.",
          "summary": "",
          "date": "2022-10-28",
          "time": "13:05:59",
          "terminate": "false"
        },
        {
          "speaker": "speaker2",
          "personaID": "22693",
          "participantID": "1219",
          "utterance": "포메라니안이예요~ 너무 귀여워요! 사자같아요!",
          "summary": "나의 강아지는 포메라니안이다.",
          "date": "2022-10-28",
          "time": "13:06:15",
          "terminate": "false"
        },
        {
          "speaker": "speaker1",
          "personaID": "31719",
          "participantID": "1195",
          "utterance": "저도 포메라니안한테 관심이 가는데ㅎㅎ무슨 색이에요?",
          "summary": "나는 포메라니안한테 관심이 간다.",
          "date": "2022-10-28",
          "time": "13:06:26",
          "terminate": "false"
        },
        {
          "speaker": "speaker2",
          "personaID": "22693",
          "participantID": "1219",
          "utterance": "오렌지 색깔이랍니다^^ 근데 밥을 잘안먹어요 ㅠㅠ.",
          "summary": "나의 강아지는 오렌지 색깔이고 밥을 잘 안 먹는다.",
          "date": "2022-10-28",
          "time": "13:06:42",
          "terminate": "false"
        },
        {
          "speaker": "speaker1",
          "personaID": "31719",
          "participantID": "1195",
          "utterance": "완전 고급컬러같은데요? 밥을 안먹을땐 어떻게 해야해요?ㅠㅠ.",
          "summary": "",
          "date": "2022-10-28",
          "time": "13:06:58",
          "terminate": "false"
        },
        {
          "speaker": "speaker2",
          "personaID": "22693",
          "participantID": "1219",
          "utterance": "그냥 냅둬요! 배고프면 알아서 먹더라구요! 하하.",
          "summary": "",
          "date": "2022-10-28",
          "time": "13:07:19",
          "terminate": "false"
        },
        {
          "speaker": "speaker1",
          "personaID": "31719",
          "participantID": "1195",
          "utterance": "아 ㅋㅋㅋ단순하네요? 만약 강아지 키우게 된다면 궁금한거 물어봐도 되나요?ㅎㅎ.",
          "summary": "",
          "date": "2022-10-28",
          "time": "13:07:38",
          "terminate": "false"
        },
        {
          "speaker": "speaker2",
          "personaID": "22693",
          "participantID": "1219",
          "utterance": "네 그럼요^^ 제가 아는선에서 다 대답해드릴게요^^",
          "summary": "",
          "date": "2022-10-28",
          "time": "13:07:52",
          "terminate": "false"
        },
        {
          "speaker": "speaker1",
          "personaID": "31719",
          "participantID": "1195",
          "utterance": "좋아요! 그러면 저 낮잠 좀 자고 올게요^^ 주말엔 낮잠이죠~",
          "summary": "",
          "date": "2022-10-28",
          "time": "13:08:16",
          "terminate": "false"
        },
        {
          "speaker": "speaker2",
          "personaID": "22693",
          "participantID": "1219",
          "utterance": "알겠어요! 그럼 오늘도 대화 즐거웠고 나중에 또 대화 나눴으면 좋겠어요~",
          "summary": "",
          "date": "2022-10-28",
          "time": "13:08:18",
          "terminate": "true"
        }
      ],
      "sessionPersonaSummary": {
        "speaker1": [
          "나는 주말에 할 게 없어서 심심하다.",
          "나는 외롭다. 나는 강아지를 키우고 싶다.",
          "나는 포메라니안한테 관심이 간다."
        ],
        "speaker2": [
          "나는 본가에 강아지 한 마리가 있다.",
          "나의 강아지는 포메라니안이다.",
          "나의 강아지는 오렌지 색깔이고 밥을 잘 안 먹는다."
        ]
      },
      "prevAggregatedpersonaSummary": {
        "speaker1": [
          "나는 30대 여자이다.",
          "나는 영양사이다.",
          "나는 닭볶음탕을 즐겨 먹는다.",
          "나는 졸업한 지가 오래돼서 요즘 대학생활이 궁금하다.",
          "나는 필리핀에 가 보고 싶다."
        ],
        "speaker2": [
          "나는 20대 여자이다.",
          "나는 채팅이 처음이라 낯설다.",
          "나는 요즘, 자주 스트레스를 받는다.",
          "나는 정치외교학부 전공이다. 나는 대학생이다.",
          "나는 고민이 있다.",
          "나는 자극적인 음식이 당긴다. 나는 초밥을 먹을지 짬뽕 파스타를 먹을지 고민이다.",
          "나는 짬뽕 파스타를 먹을 것이다.",
          "나는 식곤증 때문에 동아리방에 왔다.",
          "나는 동아리방에서 낮잠을 자기도 한다.",
          "나는 클라이밍 동아리를 참여한다.",
          "나는 클라이밍을 가끔 한다."
        ]
      }
    }
  ]
}