{
  "FileInfo": {
    "filename": "K3-00179-CL20364-CP22397-03-01-S3.json",
    "sessionLevel": "3"
  },
  "participantsInfo": {
    "numberOfParticipants": "2",
    "speaker1": {
      "participantID": "0741",
      "gender": "남성",
      "age": "30대",
      "occupation": "사무직",
      "bPlace": "서울/경기/인천",
      "gPlace": "서울/경기/인천",
      "rPlace": "서울/경기/인천",
      "educationLevel": "대졸"
    },
    "speaker2": {
      "participantID": "0757",
      "gender": "여성",
      "age": "30대",
      "occupation": "자영업",
      "bPlace": "부산/대구/울산/경상",
      "gPlace": "부산/대구/울산/경상",
      "rPlace": "부산/대구/울산/경상",
      "educationLevel": "고졸"
    }
  },
  "multisessionInfo": {
    "multisessionID": "3-00179"
  },
  "personaInfo": {
    "clInfo": {
      "personaID": "20364",
      "personaFeatures": [
        "나는 남자이다.",
        "나는 20대이다.",
        "나는 밤에 인기 노래 차트를 확인한다.",
        "나는 사회학과 전공이다.",
        "나는 필라테스를 싫어한다."
      ],
      "speakerType": "speaker1"
    },
    "cpInfo": {
      "personaID": "22397",
      "personaFeatures": [
        "나는 여자이다.",
        "나는 20대이다.",
        "나는 요즘, 가끔 눈물이 난다.",
        "나는 가방 디자이너이다.",
        "나는 전자책을 리뷰하는 것을 좋아한다."
      ],
      "speakerType": "speaker2"
    }
  },
  "topicInfo": {
    "topicID": "03-01",
    "topicType": "교통",
    "topicTitle": "자동차"
  },
  "sessionInfo": [
    {
      "prevSessionID": null,
      "prevTimeInfo": {
        "timeNum": null,
        "timeUnit": null
      },
      "nthSession": "1",
      "numberOfUtterances": "18",
      "numberOfTurns": "9",
      "sessionID": "3-00179-1",
      "dialog": [
        {
          "speaker": "speaker1",
          "personaID": "20364",
          "participantID": "0741",
          "utterance": "안녕하세요 저는 20대 남자입니다. 저는 대학생입니다 반가워요~",
          "summary": "나는 20대 남성이다. 나는 대학생이다.",
          "date": "2022-10-05",
          "time": "12:03:22",
          "terminate": "false"
        },
        {
          "speaker": "speaker2",
          "personaID": "22397",
          "participantID": "0757",
          "utterance": "안녕하세요~ 저는 20대 여자고 가방 디자이너입니다.",
          "summary": "나는 20대 여성이다. 나는 가방 디자이너이다.",
          "date": "2022-10-05",
          "time": "12:03:27",
          "terminate": "false"
        },
        {
          "speaker": "speaker1",
          "personaID": "20364",
          "participantID": "0741",
          "utterance": "오.... 처음 보는 직업입니다.. 되게 희소성 있는 직업인거 같아요 ㅎㅎ.",
          "summary": "나는 가방 디자이너를 처음 봤다.",
          "date": "2022-10-05",
          "time": "12:03:35",
          "terminate": "false"
        },
        {
          "speaker": "speaker2",
          "personaID": "22397",
          "participantID": "0757",
          "utterance": "ㅎㅎ 생각보다 이쪽에서 일하는 사람들은 많아요~",
          "summary": "",
          "date": "2022-10-05",
          "time": "12:04:16",
          "terminate": "false"
        },
        {
          "speaker": "speaker1",
          "personaID": "20364",
          "participantID": "0741",
          "utterance": "아 그런가요? 오오... 저랑은 완전 다른 ㅎ 멋있네요 나중에 제 가방도 하나만 부탁드립니다 ㅋㅋ.",
          "summary": "",
          "date": "2022-10-05",
          "time": "12:04:33",
          "terminate": "false"
        },
        {
          "speaker": "speaker2",
          "personaID": "22397",
          "participantID": "0757",
          "utterance": "아ㅎㅎ 얼마든지요 제 작업실에 오면요~ 학생은 어디 쪽 공부하시는데요?",
          "summary": "나는 작업실이 있다.",
          "date": "2022-10-05",
          "time": "12:04:47",
          "terminate": "false"
        },
        {
          "speaker": "speaker1",
          "personaID": "20364",
          "participantID": "0741",
          "utterance": "오... 정말 갈겁니다 ㅋㅋㅋ... 아! 저는 사회학과 전공으로 쭉 한길만 파고 있습니다.",
          "summary": "나는 사회학과 전공이다.",
          "date": "2022-10-05",
          "time": "12:04:56",
          "terminate": "false"
        },
        {
          "speaker": "speaker2",
          "personaID": "22397",
          "participantID": "0757",
          "utterance": "사회학과는 사회에 대해 공부하는 건가? ㅎㅎ 내가 대학을 안 나와서요... 잘 모르네~",
          "summary": "나는 대학을 안 나왔다.",
          "date": "2022-10-05",
          "time": "12:05:22",
          "terminate": "false"
        },
        {
          "speaker": "speaker1",
          "personaID": "20364",
          "participantID": "0741",
          "utterance": "네 비슷한 개념이라고 보시면 됩니다.. 그럼 지금은 일 중이셨나요? ㅎ.",
          "summary": "",
          "date": "2022-10-05",
          "time": "12:05:34",
          "terminate": "false"
        },
        {
          "speaker": "speaker2",
          "personaID": "22397",
          "participantID": "0757",
          "utterance": "아 ^^ 저는 전자책 리뷰하는 걸 좋아해서 그거 좀 하고 있었어요~",
          "summary": "나는 전자책 리뷰하는 것을 좋아한다. 나는 전자책 리뷰 중이다.",
          "date": "2022-10-05",
          "time": "12:06:00",
          "terminate": "false"
        },
        {
          "speaker": "speaker1",
          "personaID": "20364",
          "participantID": "0741",
          "utterance": "오? 전자책이요..? 역시 사람마다 다 좋아하는 여가생활이 있는거 같습니다.. ㅎㅎ 글을 잘 쓰시나보네요..",
          "summary": "",
          "date": "2022-10-05",
          "time": "12:06:20",
          "terminate": "false"
        },
        {
          "speaker": "speaker2",
          "personaID": "22397",
          "participantID": "0757",
          "utterance": "ㅎㅎ쓰는 건 잘 못하구 읽는 것만 좋아해요 ㅎㅎ 학생은 뭐하고 있었어요?",
          "summary": "나는 글쓰기를 잘 못한다. 나는 읽는 걸 좋아한다.",
          "date": "2022-10-05",
          "time": "12:06:43",
          "terminate": "false"
        },
        {
          "speaker": "speaker1",
          "personaID": "20364",
          "participantID": "0741",
          "utterance": "아 저는 오늘 휴강이라 집에서 요가 하고 있었습니다.. ㅎㅎ 남자한테도 이게 좋다고 하더라구요?",
          "summary": "나는 오늘 휴강이다. 나는 집에서 요가를 하고 있었다.",
          "date": "2022-10-05",
          "time": "12:07:02",
          "terminate": "false"
        },
        {
          "speaker": "speaker2",
          "personaID": "22397",
          "participantID": "0757",
          "utterance": "오~ 남학생이 요가? 흔하지 않은데요? ㅎㅎ 보통 헬스장 가지 않아요?",
          "summary": "",
          "date": "2022-10-05",
          "time": "12:07:17",
          "terminate": "false"
        },
        {
          "speaker": "speaker1",
          "personaID": "20364",
          "participantID": "0741",
          "utterance": "아 저는 몸을 막 키우는건 별로.. ㅎ 필라테스 홈트 이런거 많이 하던데 저는 별로 안 맞아서 싫어하고.. 요가 좋아합니다 ㅎ.",
          "summary": "나는 몸을 키우는 걸 별로 안 좋아한다. 나는 필라테스를 싫어한다. 나는 홈트를 싫어한다. 나는 요가를 좋아한다.",
          "date": "2022-10-05",
          "time": "12:07:30",
          "terminate": "false"
        },
        {
          "speaker": "speaker2",
          "personaID": "22397",
          "participantID": "0757",
          "utterance": "그렇구나 ㅎㅎ 아 저 손님 와서 가봐야겠어요 ㅎ 다음에 또 연락 줄래요?",
          "summary": "나는 손님이 왔다.",
          "date": "2022-10-05",
          "time": "12:08:06",
          "terminate": "false"
        },
        {
          "speaker": "speaker1",
          "personaID": "20364",
          "participantID": "0741",
          "utterance": "아.. 너무 제 말만 했나요? 미안해요.. ㅠ 다음에 한번 연락해요!",
          "summary": "",
          "date": "2022-10-05",
          "time": "12:08:37",
          "terminate": "false"
        },
        {
          "speaker": "speaker2",
          "personaID": "22397",
          "participantID": "0757",
          "utterance": "에이 아니에요 재밌었어요 ^^ 그럼 다음에 또 연락 줘요!",
          "summary": "",
          "date": "2022-10-05",
          "time": "12:08:47",
          "terminate": "true"
        }
      ],
      "sessionPersonaSummary": {
        "speaker1": [
          "나는 20대 남성이다. 나는 대학생이다.",
          "나는 가방 디자이너를 처음 봤다.",
          "나는 사회학과 전공이다.",
          "나는 오늘 휴강이다. 나는 집에서 요가를 하고 있었다.",
          "나는 몸을 키우는 걸 별로 안 좋아한다. 나는 필라테스를 싫어한다. 나는 홈트를 싫어한다. 나는 요가를 좋아한다."
        ],
        "speaker2": [
          "나는 20대 여성이다. 나는 가방 디자이너이다.",
          "나는 작업실이 있다.",
          "나는 대학을 안 나왔다.",
          "나는 전자책 리뷰하는 것을 좋아한다. 나는 전자책 리뷰 중이다.",
          "나는 글쓰기를 잘 못한다. 나는 읽는 걸 좋아한다.",
          "나는 손님이 왔다."
        ]
      },
      "prevAggregatedpersonaSummary": {
        "speaker1": [],
        "speaker2": []
      }
    },
    {
      "prevSessionID": "3-00179-1",
      "prevTimeInfo": {
        "timeNum": "1",
        "timeUnit": "주"
      },
      "nthSession": "2",
      "numberOfUtterances": "16",
      "numberOfTurns": "8",
      "sessionID": "3-00179-2",
      "dialog": [
        {
          "speaker": "speaker1",
          "personaID": "20364",
          "participantID": "0741",
          "utterance": "아이고 오랫만에 연락 드렸어요~ 반갑습니다 ㅎㅎㅎ 잘 지내고 계셨나요?",
          "summary": "나는 오랜만에 연락을 했다.",
          "date": "2022-10-05",
          "time": "12:09:03",
          "terminate": "false"
        },
        {
          "speaker": "speaker2",
          "personaID": "22397",
          "participantID": "0757",
          "utterance": "간만이네요~ 저는 잘 지냈어요~ 차도 한대 뽑았구요 이번에 ㅎㅎ.",
          "summary": "나는 차를 샀다.",
          "date": "2022-10-05",
          "time": "12:09:11",
          "terminate": "false"
        },
        {
          "speaker": "speaker1",
          "personaID": "20364",
          "participantID": "0741",
          "utterance": "헐...! 차를 한 대 뽑으셨다구요? 와... 능력 좋으십니다 ㅠㅠ..",
          "summary": "",
          "date": "2022-10-05",
          "time": "12:09:32",
          "terminate": "false"
        },
        {
          "speaker": "speaker2",
          "personaID": "22397",
          "participantID": "0757",
          "utterance": "네 ㅎㅎ 하나 타고 다녀야 될 거 같아서~ 작은 걸로 샀네요.",
          "summary": "",
          "date": "2022-10-05",
          "time": "12:09:47",
          "terminate": "false"
        },
        {
          "speaker": "speaker1",
          "personaID": "20364",
          "participantID": "0741",
          "utterance": "호.. 부럽습니다.. 저도 차 한 대ㅠ 대학생이 차라니.. 사치가.. ㅋㅋㅋ.",
          "summary": "나는 차를 산 상대방이 부럽다.",
          "date": "2022-10-05",
          "time": "12:10:11",
          "terminate": "false"
        },
        {
          "speaker": "speaker2",
          "personaID": "22397",
          "participantID": "0757",
          "utterance": "ㅎㅎ아직 학생이니까 힘들어도 취업하면 가능할 거예요 ㅎㅎ.",
          "summary": "",
          "date": "2022-10-05",
          "time": "12:10:22",
          "terminate": "false"
        },
        {
          "speaker": "speaker1",
          "personaID": "20364",
          "participantID": "0741",
          "utterance": "넵.. 저도 천천히 생각 해봐야겠네요 ㅋㅋㅋ.",
          "summary": "",
          "date": "2022-10-05",
          "time": "12:10:36",
          "terminate": "false"
        },
        {
          "speaker": "speaker2",
          "personaID": "22397",
          "participantID": "0757",
          "utterance": "학생은 일주일 동안 잘 지냈어요? ㅎㅎ 어때요?",
          "summary": "",
          "date": "2022-10-05",
          "time": "12:10:43",
          "terminate": "false"
        },
        {
          "speaker": "speaker1",
          "personaID": "20364",
          "participantID": "0741",
          "utterance": "아 저는 그냥 항상 지내던 대로요? ㅎ 지금은 잠시 혼자 코인노래방에 왔어요.. ㅎ.",
          "summary": "나는 항상 지내듯이 지냈다. 나는 잠시 혼자 코인 노래방에 왔다.",
          "date": "2022-10-05",
          "time": "12:11:04",
          "terminate": "false"
        },
        {
          "speaker": "speaker2",
          "personaID": "22397",
          "participantID": "0757",
          "utterance": "이 야밤에요? 아 밤이니까 혼자 놀기 좋은 시간인가?",
          "summary": "",
          "date": "2022-10-05",
          "time": "12:11:13",
          "terminate": "false"
        },
        {
          "speaker": "speaker1",
          "personaID": "20364",
          "participantID": "0741",
          "utterance": "넵.. ㅋ 저는 밤에 인기 노래 차트 부를꺼 한번 확인하고 외워서 가는 편이라서.. 혼자 코인 노래방 가는거 좋아해요 ㅎ.",
          "summary": "나는 밤에 인기 노래 차트를 확인한다. 나는 혼자 코인 노래방 가는 것을 좋아한다.",
          "date": "2022-10-05",
          "time": "12:12:06",
          "terminate": "false"
        },
        {
          "speaker": "speaker2",
          "personaID": "22397",
          "participantID": "0757",
          "utterance": "오오 ㅋㅋ 노래 잘하나봐요? 자주 간다는 거 보니까.",
          "summary": "",
          "date": "2022-10-05",
          "time": "12:12:19",
          "terminate": "false"
        },
        {
          "speaker": "speaker1",
          "personaID": "20364",
          "participantID": "0741",
          "utterance": "솔직히 좀 잘하죠..? 그 만큼 자신 있습니다 ㅋㅋㅋ.",
          "summary": "나는 노래를 잘한다. 나는 노래가 자신 있다.",
          "date": "2022-10-05",
          "time": "12:12:45",
          "terminate": "false"
        },
        {
          "speaker": "speaker2",
          "personaID": "22397",
          "participantID": "0757",
          "utterance": "나는 음치라 노래 잘하는 사람들 보면 참 부럽네요~ ㅠㅠ.",
          "summary": "나는 음치다.",
          "date": "2022-10-05",
          "time": "12:12:48",
          "terminate": "false"
        },
        {
          "speaker": "speaker1",
          "personaID": "20364",
          "participantID": "0741",
          "utterance": "앗 ㅎㅎㅎ 그럼 저 잠시 노래만 부르다가 연락 드려도 될까요?",
          "summary": "나는 노래를 부르고 연락할 예정이다.",
          "date": "2022-10-05",
          "time": "12:12:53",
          "terminate": "false"
        },
        {
          "speaker": "speaker2",
          "personaID": "22397",
          "participantID": "0757",
          "utterance": "네~ ^^ 언제든지 님이 편할 때 연락 주세요 ~",
          "summary": "",
          "date": "2022-10-05",
          "time": "12:13:06",
          "terminate": "true"
        }
      ],
      "sessionPersonaSummary": {
        "speaker1": [
          "나는 오랜만에 연락을 했다.",
          "나는 차를 산 상대방이 부럽다.",
          "나는 항상 지내듯이 지냈다. 나는 잠시 혼자 코인 노래방에 왔다.",
          "나는 밤에 인기 노래 차트를 확인한다. 나는 혼자 코인 노래방 가는 것을 좋아한다.",
          "나는 노래를 잘한다. 나는 노래가 자신 있다.",
          "나는 노래를 부르고 연락할 예정이다."
        ],
        "speaker2": [
          "나는 차를 샀다.",
          "나는 음치다."
        ]
      },
      "prevAggregatedpersonaSummary": {
        "speaker1": [
          "나는 20대 남성이다. 나는 대학생이다.",
          "나는 가방 디자이너를 처음 봤다.",
          "나는 사회학과 전공이다.",
          "나는 오늘 휴강이다. 나는 집에서 요가를 하고 있었다.",
          "나는 몸을 키우는 걸 별로 안 좋아한다. 나는 필라테스를 싫어한다. 나는 홈트를 싫어한다. 나는 요가를 좋아한다."
        ],
        "speaker2": [
          "나는 20대 여성이다. 나는 가방 디자이너이다.",
          "나는 작업실이 있다.",
          "나는 대학을 안 나왔다.",
          "나는 전자책 리뷰하는 것을 좋아한다. 나는 전자책 리뷰 중이다.",
          "나는 글쓰기를 잘 못한다. 나는 읽는 걸 좋아한다.",
          "나는 손님이 왔다."
        ]
      }
    },
    {
      "prevSessionID": "3-00179-2",
      "prevTimeInfo": {
        "timeNum": "1",
        "timeUnit": "주"
      },
      "nthSession": "3",
      "numberOfUtterances": "18",
      "numberOfTurns": "9",
      "sessionID": "3-00179-3",
      "dialog": [
        {
          "speaker": "speaker1",
          "personaID": "20364",
          "participantID": "0741",
          "utterance": "앗... 집에가서 연락 드린다는게.. 까먹고 있다가 지금 연락 드리네요.. ㅠ 미안해요.",
          "summary": "나는 집에 가서 연락한다는 걸 까먹어 버렸다.",
          "date": "2022-10-05",
          "time": "12:13:30",
          "terminate": "false"
        },
        {
          "speaker": "speaker2",
          "personaID": "22397",
          "participantID": "0757",
          "utterance": "오랜만이에요 ㅎㅎ 그동안은 또 잘 지냈나요?",
          "summary": "",
          "date": "2022-10-05",
          "time": "12:13:40",
          "terminate": "false"
        },
        {
          "speaker": "speaker1",
          "personaID": "20364",
          "participantID": "0741",
          "utterance": "넵... 차는 좀 어떤가요?! 잘 나가나요? ㅎ.",
          "summary": "",
          "date": "2022-10-05",
          "time": "12:13:55",
          "terminate": "false"
        },
        {
          "speaker": "speaker2",
          "personaID": "22397",
          "participantID": "0757",
          "utterance": "아 ㅎㅎㅎ 안 그래도 그 차... 이번에 앞에 범퍼가 긁혀가지고... ㅠㅠㅋㅋ.",
          "summary": "나의 차 범퍼가 긁혔다.",
          "date": "2022-10-05",
          "time": "12:14:10",
          "terminate": "false"
        },
        {
          "speaker": "speaker1",
          "personaID": "20364",
          "participantID": "0741",
          "utterance": "헐......? ... 혹시 먼저 박으신 건 아니죠...?",
          "summary": "",
          "date": "2022-10-05",
          "time": "12:14:14",
          "terminate": "false"
        },
        {
          "speaker": "speaker2",
          "personaID": "22397",
          "participantID": "0757",
          "utterance": "주차하다가 실수로 살짝 스쳤는데 ㅠㅠ 하 수리비 20만원 나왔어요~",
          "summary": "나는 주차하다가 사고가 났다. 나는 수리비가 20만 원이 나왔다.",
          "date": "2022-10-05",
          "time": "12:14:46",
          "terminate": "false"
        },
        {
          "speaker": "speaker1",
          "personaID": "20364",
          "participantID": "0741",
          "utterance": "아고 ㅠㅠ..... 신차인데 어떻합니까... 진짜 마음 아프실듯 ㅠㅠ.",
          "summary": "",
          "date": "2022-10-05",
          "time": "12:14:50",
          "terminate": "false"
        },
        {
          "speaker": "speaker2",
          "personaID": "22397",
          "participantID": "0757",
          "utterance": "돈은 별 문제 아닌데 새차인데 이래 가지고 요즘 눈물 나네요 ㅠ.",
          "summary": "나는 요즘, 가끔 눈물이 난다.",
          "date": "2022-10-05",
          "time": "12:15:03",
          "terminate": "false"
        },
        {
          "speaker": "speaker1",
          "personaID": "20364",
          "participantID": "0741",
          "utterance": "ㅠㅠㅠ;;;;;; 제가 무슨 말씀을 드려야 할 지 잘 모르겠습니다.. ㅠ.",
          "summary": "",
          "date": "2022-10-05",
          "time": "12:15:20",
          "terminate": "false"
        },
        {
          "speaker": "speaker2",
          "personaID": "22397",
          "participantID": "0757",
          "utterance": "ㅎㅎㅎ아니에요 그냥 푸념 좀 하고 싶었을 뿐... 학생은 별일 없나요?",
          "summary": "",
          "date": "2022-10-05",
          "time": "12:15:36",
          "terminate": "false"
        },
        {
          "speaker": "speaker1",
          "personaID": "20364",
          "participantID": "0741",
          "utterance": "아 그냥 그 때처럼 지내듯이 지냈어요 ㅋㅋㅋㅋ 큰 건 항상 없습니다 ㅎㅎ.",
          "summary": "",
          "date": "2022-10-05",
          "time": "12:15:43",
          "terminate": "false"
        },
        {
          "speaker": "speaker2",
          "personaID": "22397",
          "participantID": "0757",
          "utterance": "ㅋㅋㅋ오늘은 코노 안 가고요? 지금도 밤이잖아요.",
          "summary": "",
          "date": "2022-10-05",
          "time": "12:15:53",
          "terminate": "false"
        },
        {
          "speaker": "speaker1",
          "personaID": "20364",
          "participantID": "0741",
          "utterance": "오늘은 쉴려구요~ 나름 목관리도 한답니다 ㅋㅋㅋ.",
          "summary": "나는 오늘 코인 노래방을 안 가고 쉴 예정이다. 나는 목 관리를 한다.",
          "date": "2022-10-05",
          "time": "12:16:08",
          "terminate": "false"
        },
        {
          "speaker": "speaker2",
          "personaID": "22397",
          "participantID": "0757",
          "utterance": "노래 잘하는 사람은 컨디션 관리도 철저하네~ ㅎㅎ.",
          "summary": "",
          "date": "2022-10-05",
          "time": "12:16:24",
          "terminate": "false"
        },
        {
          "speaker": "speaker1",
          "personaID": "20364",
          "participantID": "0741",
          "utterance": "아 아니에요 ㅋㅋ 너무 띄워주시는 ㅎㅎ.. 근데 혹시 바쁘신데 연락 드린건 아니죠..?",
          "summary": "",
          "date": "2022-10-05",
          "time": "12:16:38",
          "terminate": "false"
        },
        {
          "speaker": "speaker2",
          "personaID": "22397",
          "participantID": "0757",
          "utterance": "ㅎㅎ바쁘진 않지만 슬슬 자긴 해야겠어요! 님도 자야죠?",
          "summary": "나는 잘 예정이다.",
          "date": "2022-10-05",
          "time": "12:16:50",
          "terminate": "false"
        },
        {
          "speaker": "speaker1",
          "personaID": "20364",
          "participantID": "0741",
          "utterance": "넵.. 제가 연락을 드렸긴 했는데.. 갑자기 많이 졸렸긴 했어요 ㅠ.",
          "summary": "나는 갑자기 많이 졸렸다.",
          "date": "2022-10-05",
          "time": "12:17:06",
          "terminate": "false"
        },
        {
          "speaker": "speaker2",
          "personaID": "22397",
          "participantID": "0757",
          "utterance": "그러면 푹 자고 다음에 또 보는 걸로 해요~ ^^ 잘 자요!",
          "summary": "",
          "date": "2022-10-05",
          "time": "12:17:20",
          "terminate": "true"
        }
      ],
      "sessionPersonaSummary": {
        "speaker1": [
          "나는 집에 가서 연락한다는 걸 까먹어 버렸다.",
          "나는 오늘 코인 노래방을 안 가고 쉴 예정이다. 나는 목 관리를 한다.",
          "나는 갑자기 많이 졸렸다."
        ],
        "speaker2": [
          "나의 차 범퍼가 긁혔다.",
          "나는 주차하다가 사고가 났다. 나는 수리비가 20만 원이 나왔다.",
          "나는 요즘, 가끔 눈물이 난다.",
          "나는 잘 예정이다."
        ]
      },
      "prevAggregatedpersonaSummary": {
        "speaker1": [
          "나는 20대 남성이다. 나는 대학생이다.",
          "나는 가방 디자이너를 처음 봤다.",
          "나는 사회학과 전공이다.",
          "나는 오늘 휴강이다. 나는 집에서 요가를 하고 있었다.",
          "나는 몸을 키우는 걸 별로 안 좋아한다. 나는 필라테스를 싫어한다. 나는 홈트를 싫어한다. 나는 요가를 좋아한다.",
          "나는 오랜만에 연락을 했다.",
          "나는 차를 산 상대방이 부럽다.",
          "나는 항상 지내듯이 지냈다. 나는 잠시 혼자 코인 노래방에 왔다.",
          "나는 밤에 인기 노래 차트를 확인한다. 나는 혼자 코인 노래방 가는 것을 좋아한다.",
          "나는 노래를 잘한다. 나는 노래가 자신 있다.",
          "나는 노래를 부르고 연락할 예정이다."
        ],
        "speaker2": [
          "나는 20대 여성이다. 나는 가방 디자이너이다.",
          "나는 작업실이 있다.",
          "나는 대학을 안 나왔다.",
          "나는 전자책 리뷰하는 것을 좋아한다. 나는 전자책 리뷰 중이다.",
          "나는 글쓰기를 잘 못한다. 나는 읽는 걸 좋아한다.",
          "나는 손님이 왔다.",
          "나는 차를 샀다.",
          "나는 음치다."
        ]
      }
    }
  ]
}