{
  "FileInfo": {
    "filename": "K3-00328-CL30226-CP31238-13-07-S3.json",
    "sessionLevel": "3"
  },
  "participantsInfo": {
    "numberOfParticipants": "2",
    "speaker1": {
      "participantID": "0672",
      "gender": "남성",
      "age": "30대",
      "occupation": "서비스직",
      "bPlace": "서울/경기/인천",
      "gPlace": "서울/경기/인천",
      "rPlace": "서울/경기/인천",
      "educationLevel": "대졸"
    },
    "speaker2": {
      "participantID": "0592",
      "gender": "남성",
      "age": "30대",
      "occupation": "전문직",
      "bPlace": "서울/경기/인천",
      "gPlace": "서울/경기/인천",
      "rPlace": "서울/경기/인천",
      "educationLevel": "대학원졸"
    }
  },
  "multisessionInfo": {
    "multisessionID": "3-00328"
  },
  "personaInfo": {
    "clInfo": {
      "personaID": "30226",
      "personaFeatures": [
        "나는 남자이다.",
        "나는 30대이다.",
        "나는 과학교육과를 전공했다.",
        "나는 강아지를 키우고 싶다.",
        "나는 포도를 안 먹는다."
      ],
      "speakerType": "speaker1"
    },
    "cpInfo": {
      "personaID": "31238",
      "personaFeatures": [
        "나는 남자이다.",
        "나는 30대이다.",
        "나는 판사이다.",
        "나는 필라테스를 가끔 한다.",
        "나는 곱창을 좋아한다."
      ],
      "speakerType": "speaker2"
    }
  },
  "topicInfo": {
    "topicID": "13-07",
    "topicType": "기후>계절/날씨",
    "topicTitle": "일기예보"
  },
  "sessionInfo": [
    {
      "prevSessionID": null,
      "prevTimeInfo": {
        "timeNum": null,
        "timeUnit": null
      },
      "nthSession": "1",
      "numberOfUtterances": "16",
      "numberOfTurns": "8",
      "sessionID": "3-00328-1",
      "dialog": [
        {
          "speaker": "speaker1",
          "personaID": "30226",
          "participantID": "0672",
          "utterance": "헬로입니다. 저는 30대 남자입니다.",
          "summary": "나는 30대 남자이다.",
          "date": "2022-10-08",
          "time": "20:09:25",
          "terminate": "false"
        },
        {
          "speaker": "speaker2",
          "personaID": "31238",
          "participantID": "0592",
          "utterance": "반가워요. 저도 30대 남자입니다.",
          "summary": "나는 30대 남자이다.",
          "date": "2022-10-08",
          "time": "20:09:33",
          "terminate": "false"
        },
        {
          "speaker": "speaker1",
          "personaID": "30226",
          "participantID": "0672",
          "utterance": "반갑습니다. 혹시 반려동물은 좀 좋아하시나요?",
          "summary": "",
          "date": "2022-10-08",
          "time": "20:09:40",
          "terminate": "false"
        },
        {
          "speaker": "speaker2",
          "personaID": "31238",
          "participantID": "0592",
          "utterance": "반려동물이요? 네 저는 웰시코기 키웁니다.",
          "summary": "나는 웰시코기를 키운다.",
          "date": "2022-10-08",
          "time": "20:09:57",
          "terminate": "false"
        },
        {
          "speaker": "speaker1",
          "personaID": "30226",
          "participantID": "0672",
          "utterance": "아 그래요? 웰시코기 너무 귀엽더라고요.",
          "summary": "",
          "date": "2022-10-08",
          "time": "20:10:04",
          "terminate": "false"
        },
        {
          "speaker": "speaker2",
          "personaID": "31238",
          "participantID": "0592",
          "utterance": "그쵸 ㅎㅎ 쪼끄만한게 덩치도 커서 귀엽더라고요.",
          "summary": "",
          "date": "2022-10-08",
          "time": "20:10:39",
          "terminate": "false"
        },
        {
          "speaker": "speaker1",
          "personaID": "30226",
          "participantID": "0672",
          "utterance": "그니까요. 사실 저도 강아지 키우고 싶거든요. 그래서 물어봤어요.",
          "summary": "나는 강아지가 키우고 싶다.",
          "date": "2022-10-08",
          "time": "20:10:40",
          "terminate": "false"
        },
        {
          "speaker": "speaker2",
          "personaID": "31238",
          "participantID": "0592",
          "utterance": "아하 그러셨군요. 어떻게 눈독 들이신 강아지는 있어요?",
          "summary": "",
          "date": "2022-10-08",
          "time": "20:10:52",
          "terminate": "false"
        },
        {
          "speaker": "speaker1",
          "personaID": "30226",
          "participantID": "0672",
          "utterance": "저는 요크셔테리어가 굉장히 귀엽더라고요.",
          "summary": "",
          "date": "2022-10-08",
          "time": "20:11:01",
          "terminate": "false"
        },
        {
          "speaker": "speaker2",
          "personaID": "31238",
          "participantID": "0592",
          "utterance": "요크셔도 정말 귀엽죠 ㅎㅎㅎ 털복숭이 같아요.",
          "summary": "",
          "date": "2022-10-08",
          "time": "20:11:20",
          "terminate": "false"
        },
        {
          "speaker": "speaker1",
          "personaID": "30226",
          "participantID": "0672",
          "utterance": "그러니까요. 털 복숭이 같은 매력 때문에 키우고 싶은데 집안의 반대가 심해요.",
          "summary": "",
          "date": "2022-10-08",
          "time": "20:11:34",
          "terminate": "false"
        },
        {
          "speaker": "speaker2",
          "personaID": "31238",
          "participantID": "0592",
          "utterance": "아 집안에서 반대가 있으시구나.. 그럼 키우기 힘드시겠어요 ㅠ.",
          "summary": "",
          "date": "2022-10-08",
          "time": "20:11:49",
          "terminate": "false"
        },
        {
          "speaker": "speaker1",
          "personaID": "30226",
          "participantID": "0672",
          "utterance": "아내가 굉장히 강아지를 싫어하거든요. ㅠㅠ 어쩔수 없는것 같아요.",
          "summary": "",
          "date": "2022-10-08",
          "time": "20:11:53",
          "terminate": "false"
        },
        {
          "speaker": "speaker2",
          "personaID": "31238",
          "participantID": "0592",
          "utterance": "와이프도 있으시군요. 그럼 더 어쩔 수 없죠..",
          "summary": "",
          "date": "2022-10-08",
          "time": "20:12:04",
          "terminate": "false"
        },
        {
          "speaker": "speaker1",
          "personaID": "30226",
          "participantID": "0672",
          "utterance": "맞아요. 서로 맞춰가는거니까요. 그럼 저는 이만 가보도록 하겠습니다.",
          "summary": "",
          "date": "2022-10-08",
          "time": "20:12:11",
          "terminate": "false"
        },
        {
          "speaker": "speaker2",
          "personaID": "31238",
          "participantID": "0592",
          "utterance": "네네 저도 이만 판결하러 가야될 시간이군요. 고생요.",
          "summary": "",
          "date": "2022-10-08",
          "time": "20:12:20",
          "terminate": "true"
        }
      ],
      "sessionPersonaSummary": {
        "speaker1": [
          "나는 30대 남자이다.",
          "나는 강아지가 키우고 싶다."
        ],
        "speaker2": [
          "나는 30대 남자이다.",
          "나는 웰시코기를 키운다."
        ]
      },
      "prevAggregatedpersonaSummary": {
        "speaker1": [],
        "speaker2": []
      }
    },
    {
      "prevSessionID": "3-00328-1",
      "prevTimeInfo": {
        "timeNum": "2",
        "timeUnit": "일"
      },
      "nthSession": "2",
      "numberOfUtterances": "16",
      "numberOfTurns": "8",
      "sessionID": "3-00328-2",
      "dialog": [
        {
          "speaker": "speaker1",
          "personaID": "30226",
          "participantID": "0672",
          "utterance": "2일만이네요. 안녕하세요? 웰시코기 키우시는 분.",
          "summary": "",
          "date": "2022-10-08",
          "time": "20:12:20",
          "terminate": "false"
        },
        {
          "speaker": "speaker2",
          "personaID": "31238",
          "participantID": "0592",
          "utterance": "하@이름1@요! 동물은 어떻게 잘 포기하셨나요 ㅠ.",
          "summary": "",
          "date": "2022-10-08",
          "time": "20:12:34",
          "terminate": "false"
        },
        {
          "speaker": "speaker1",
          "personaID": "30226",
          "participantID": "0672",
          "utterance": "네 잘 포기했습니다. 어쩔수 없는 부분이죠. ㅠ.",
          "summary": "",
          "date": "2022-10-08",
          "time": "20:12:51",
          "terminate": "false"
        },
        {
          "speaker": "speaker2",
          "personaID": "31238",
          "participantID": "0592",
          "utterance": "ㅠㅠ.... 제가 다 슬프네요. 다음을 기약합시다..",
          "summary": "",
          "date": "2022-10-08",
          "time": "20:13:03",
          "terminate": "false"
        },
        {
          "speaker": "speaker1",
          "personaID": "30226",
          "participantID": "0672",
          "utterance": "어쩔수 없죠. 그나저나 요즘 날씨가 갑자기 추워졌더라고요. ㅎㅎ.",
          "summary": "",
          "date": "2022-10-08",
          "time": "20:13:08",
          "terminate": "false"
        },
        {
          "speaker": "speaker2",
          "personaID": "31238",
          "participantID": "0592",
          "utterance": "날씨가 많이 춥죠. 감기 조심하셔야 합니다 ㅎㅎ.",
          "summary": "",
          "date": "2022-10-08",
          "time": "20:13:20",
          "terminate": "false"
        },
        {
          "speaker": "speaker1",
          "personaID": "30226",
          "participantID": "0672",
          "utterance": "그러니까 말이에요. 일기예보에서는 사실 별로 안춥다고 했었거든요.",
          "summary": "",
          "date": "2022-10-08",
          "time": "20:13:37",
          "terminate": "false"
        },
        {
          "speaker": "speaker2",
          "personaID": "31238",
          "participantID": "0592",
          "utterance": "일기예보는 저는 잘 안믿는 편입니다 ㅎㅎ 믿을게 못 돼요.",
          "summary": "",
          "date": "2022-10-08",
          "time": "20:13:58",
          "terminate": "false"
        },
        {
          "speaker": "speaker1",
          "personaID": "30226",
          "participantID": "0672",
          "utterance": "그니까요. 그떄 일기예보에서 폭우 올거라고 예보도 못했었잖아요.",
          "summary": "",
          "date": "2022-10-08",
          "time": "20:14:09",
          "terminate": "false"
        },
        {
          "speaker": "speaker2",
          "personaID": "31238",
          "participantID": "0592",
          "utterance": "맞아요. 제가 사실 오늘 가끔 하는 필라테스 하러 가려고 했는데 포기했어요. 추워서 말이죠.",
          "summary": "나는 필라테스를 가끔 한다.",
          "date": "2022-10-08",
          "time": "20:14:36",
          "terminate": "false"
        },
        {
          "speaker": "speaker1",
          "personaID": "30226",
          "participantID": "0672",
          "utterance": "그럴수 있죠. 요즘 날씨가 워낙 추워서 말이에요. 당분간은 집돌이 모드 고고 하시죠.",
          "summary": "",
          "date": "2022-10-08",
          "time": "20:14:47",
          "terminate": "false"
        },
        {
          "speaker": "speaker2",
          "personaID": "31238",
          "participantID": "0592",
          "utterance": "저희 둘다 감기 조심합시다 ㅎㅎ 나이도 있으니 말이죠.",
          "summary": "",
          "date": "2022-10-08",
          "time": "20:14:59",
          "terminate": "false"
        },
        {
          "speaker": "speaker1",
          "personaID": "30226",
          "participantID": "0672",
          "utterance": "맞아요. 요즘은 날씨가 추우면 허리가 아프더라고요.",
          "summary": "",
          "date": "2022-10-08",
          "time": "20:15:07",
          "terminate": "false"
        },
        {
          "speaker": "speaker2",
          "personaID": "31238",
          "participantID": "0592",
          "utterance": "허리까지 아프시다니 ㅠ 운동도 하셔야 겠네요.",
          "summary": "",
          "date": "2022-10-08",
          "time": "20:15:21",
          "terminate": "false"
        },
        {
          "speaker": "speaker1",
          "personaID": "30226",
          "participantID": "0672",
          "utterance": "ㅎㅎ 좋은 하루 되세요. 그러면 저는 이만 수업시간이라서요!",
          "summary": "",
          "date": "2022-10-08",
          "time": "20:15:25",
          "terminate": "false"
        },
        {
          "speaker": "speaker2",
          "personaID": "31238",
          "participantID": "0592",
          "utterance": "저는 이만 제가 좋아하는 곱창 먹으러 가볼게요. 바이바이요.",
          "summary": "나는 곱창을 좋아한다.",
          "date": "2022-10-08",
          "time": "20:15:34",
          "terminate": "true"
        }
      ],
      "sessionPersonaSummary": {
        "speaker1": [],
        "speaker2": [
          "나는 필라테스를 가끔 한다.",
          "나는 곱창을 좋아한다."
        ]
      },
      "prevAggregatedpersonaSummary": {
        "speaker1": [
          "나는 30대 남자이다.",
          "나는 강아지가 키우고 싶다."
        ],
        "speaker2": [
          "나는 30대 남자이다.",
          "나는 웰시코기를 키운다."
        ]
      }
    },
    {
      "prevSessionID": "3-00328-2",
      "prevTimeInfo": {
        "timeNum": "3",
        "timeUnit": "일"
      },
      "nthSession": "3",
      "numberOfUtterances": "16",
      "numberOfTurns": "8",
      "sessionID": "3-00328-3",
      "dialog": [
        {
          "speaker": "speaker1",
          "personaID": "30226",
          "participantID": "0672",
          "utterance": "안녕하세요? 3일간 잘 지내셨나요? 필라테스는 요즘 자주 하세요?",
          "summary": "",
          "date": "2022-10-08",
          "time": "20:15:37",
          "terminate": "false"
        },
        {
          "speaker": "speaker2",
          "personaID": "31238",
          "participantID": "0592",
          "utterance": "반갑습니다. 네 잘 지냈죠. 필라테스는 간간히 해요 ㅎㅎ.",
          "summary": "",
          "date": "2022-10-08",
          "time": "20:15:52",
          "terminate": "false"
        },
        {
          "speaker": "speaker1",
          "personaID": "30226",
          "participantID": "0672",
          "utterance": "그래도 하신다니 다행이네요. 저는 수업 하느라 바빴거든요.",
          "summary": "",
          "date": "2022-10-08",
          "time": "20:16:04",
          "terminate": "false"
        },
        {
          "speaker": "speaker2",
          "personaID": "31238",
          "participantID": "0592",
          "utterance": "그러셨군요. 수업은 어떤 수업 하시는 건가요?",
          "summary": "",
          "date": "2022-10-08",
          "time": "20:16:21",
          "terminate": "false"
        },
        {
          "speaker": "speaker1",
          "personaID": "30226",
          "participantID": "0672",
          "utterance": "저는 과학교육과 나와서 과학 선생님으로 일하고 있어요. 중학교에서요.",
          "summary": "나는 과학교육과 전공했다.",
          "date": "2022-10-08",
          "time": "20:16:23",
          "terminate": "false"
        },
        {
          "speaker": "speaker2",
          "personaID": "31238",
          "participantID": "0592",
          "utterance": "아하 과학선생님 이시구나.. 저랑은 다른일 하시네요.",
          "summary": "",
          "date": "2022-10-08",
          "time": "20:16:39",
          "terminate": "false"
        },
        {
          "speaker": "speaker1",
          "personaID": "30226",
          "participantID": "0672",
          "utterance": "그쪽은 무슨일 하시는데요?",
          "summary": "",
          "date": "2022-10-08",
          "time": "20:16:44",
          "terminate": "false"
        },
        {
          "speaker": "speaker2",
          "personaID": "31238",
          "participantID": "0592",
          "utterance": "저는 판사로 일하고 있습니다 ㅎㅎ 법원에서 일해요.",
          "summary": "나는 판사이다.",
          "date": "2022-10-08",
          "time": "20:16:47",
          "terminate": "false"
        },
        {
          "speaker": "speaker1",
          "personaID": "30226",
          "participantID": "0672",
          "utterance": "아 판사시구나. 확실히 결이 다른 일이네요. 로스쿨 출신이시겠어요.",
          "summary": "",
          "date": "2022-10-08",
          "time": "20:16:54",
          "terminate": "false"
        },
        {
          "speaker": "speaker2",
          "personaID": "31238",
          "participantID": "0592",
          "utterance": "네 맞아요. 옛날 일 이네요 로스쿨 일도요.",
          "summary": "",
          "date": "2022-10-08",
          "time": "20:17:10",
          "terminate": "false"
        },
        {
          "speaker": "speaker1",
          "personaID": "30226",
          "participantID": "0672",
          "utterance": "그러게요.. 그럼 혹시 좋아하시는 과일같은거라도 있나요?",
          "summary": "",
          "date": "2022-10-08",
          "time": "20:17:48",
          "terminate": "false"
        },
        {
          "speaker": "speaker2",
          "personaID": "31238",
          "participantID": "0592",
          "utterance": "아니요.. 과일은 딱히 좋아하는게 없습니다.",
          "summary": "나는 과일을 좋아하지 않는다.",
          "date": "2022-10-08",
          "time": "20:18:01",
          "terminate": "false"
        },
        {
          "speaker": "speaker1",
          "personaID": "30226",
          "participantID": "0672",
          "utterance": "저는 포도를 안 먹거든요. 그래서 한번 물어봤네요. 과일은 좋아하고요.",
          "summary": "나는 포도를 안 먹는다.",
          "date": "2022-10-08",
          "time": "20:18:06",
          "terminate": "false"
        },
        {
          "speaker": "speaker2",
          "personaID": "31238",
          "participantID": "0592",
          "utterance": "그러시군요. 과일이 몸에 좋은건 알지만 손은 안가더군요.",
          "summary": "",
          "date": "2022-10-08",
          "time": "20:18:28",
          "terminate": "false"
        },
        {
          "speaker": "speaker1",
          "personaID": "30226",
          "participantID": "0672",
          "utterance": "그럴수 있죠. ㅎㅎ 그러면 저는 이만 가보도록 할게요.",
          "summary": "",
          "date": "2022-10-08",
          "time": "20:18:33",
          "terminate": "false"
        },
        {
          "speaker": "speaker2",
          "personaID": "31238",
          "participantID": "0592",
          "utterance": "이야기 재밌었어요. 다음에 좋은 이야기로 뵈요.",
          "summary": "",
          "date": "2022-10-08",
          "time": "20:18:44",
          "terminate": "true"
        }
      ],
      "sessionPersonaSummary": {
        "speaker1": [
          "나는 과학교육과 전공했다.",
          "나는 포도를 안 먹는다."
        ],
        "speaker2": [
          "나는 판사이다.",
          "나는 과일을 좋아하지 않는다."
        ]
      },
      "prevAggregatedpersonaSummary": {
        "speaker1": [
          "나는 30대 남자이다.",
          "나는 강아지가 키우고 싶다."
        ],
        "speaker2": [
          "나는 30대 남자이다.",
          "나는 웰시코기를 키운다.",
          "나는 필라테스를 가끔 한다.",
          "나는 곱창을 좋아한다."
        ]
      }
    }
  ]
}