{
  "FileInfo": {
    "filename": "K3-00473-CL30535-CP31050-11-04-S3.json",
    "sessionLevel": "3"
  },
  "participantsInfo": {
    "numberOfParticipants": "2",
    "speaker1": {
      "participantID": "8223",
      "gender": "남성",
      "age": "30대",
      "occupation": "사무직",
      "bPlace": "부산/대구/울산/경상",
      "gPlace": "부산/대구/울산/경상",
      "rPlace": "부산/대구/울산/경상",
      "educationLevel": "고졸"
    },
    "speaker2": {
      "participantID": "8226",
      "gender": "남성",
      "age": "30대",
      "occupation": "전문직",
      "bPlace": "대전/세종/충청/강원",
      "gPlace": "대전/세종/충청/강원",
      "rPlace": "대전/세종/충청/강원",
      "educationLevel": "대졸"
    }
  },
  "multisessionInfo": {
    "multisessionID": "3-00473"
  },
  "personaInfo": {
    "clInfo": {
      "personaID": "30535",
      "personaFeatures": [
        "나는 남자이다.",
        "나는 30대이다.",
        "나의 거주지는 아산이다.",
        "나는 걱정이 많다.",
        "나는 와인을 좋아한다."
      ],
      "speakerType": "speaker1"
    },
    "cpInfo": {
      "personaID": "31050",
      "personaFeatures": [
        "나는 남자이다.",
        "나는 30대이다.",
        "나는 20년 후 시골에 별장을 마련하는 것이 목표이다.",
        "나는 가끔 부끄러운 감정이 든다.",
        "나는 냉면을 즐겨 먹는다."
      ],
      "speakerType": "speaker2"
    }
  },
  "topicInfo": {
    "topicID": "11-04",
    "topicType": "여가와 오락>게임",
    "topicTitle": "콘솔게임"
  },
  "sessionInfo": [
    {
      "prevSessionID": null,
      "prevTimeInfo": {
        "timeNum": null,
        "timeUnit": null
      },
      "nthSession": "1",
      "numberOfUtterances": "18",
      "numberOfTurns": "9",
      "sessionID": "3-00473-1",
      "dialog": [
        {
          "speaker": "speaker1",
          "personaID": "30535",
          "participantID": "8223",
          "utterance": "안녕하세요 ! 30대 남자입니다 ~ 편하게 대화 나눠요 !",
          "summary": "나는 남자이다. 나는 30대이다.",
          "date": "2022-10-18",
          "time": "12:17:06",
          "terminate": "false"
        },
        {
          "speaker": "speaker2",
          "personaID": "31050",
          "participantID": "8226",
          "utterance": "안녕하십니까~저도 30대 남자입니다! 편한대화 좋죠!",
          "summary": "나는 남자이다. 나는 30대이다.",
          "date": "2022-10-18",
          "time": "12:17:08",
          "terminate": "false"
        },
        {
          "speaker": "speaker1",
          "personaID": "30535",
          "participantID": "8223",
          "utterance": "요즘 걱정이 많은데, 좀 편하게 나눠도 될까요?",
          "summary": "나는 걱정이 많다.",
          "date": "2022-10-18",
          "time": "12:17:30",
          "terminate": "false"
        },
        {
          "speaker": "speaker2",
          "personaID": "31050",
          "participantID": "8226",
          "utterance": "네~좋아요! 아무말이나 합시다 우리!!",
          "summary": "",
          "date": "2022-10-18",
          "time": "12:17:32",
          "terminate": "false"
        },
        {
          "speaker": "speaker1",
          "personaID": "30535",
          "participantID": "8223",
          "utterance": "후. 가장큰 걱정이 제가 아산에 사는데, 여기 제 미래가 보이지 않아서요.",
          "summary": "나의 거주지는 아산이다.",
          "date": "2022-10-18",
          "time": "12:17:44",
          "terminate": "false"
        },
        {
          "speaker": "speaker2",
          "personaID": "31050",
          "participantID": "8226",
          "utterance": "아..그렇구나! 그래서 어떻게 하실생각이신데요?",
          "summary": "",
          "date": "2022-10-18",
          "time": "12:17:44",
          "terminate": "false"
        },
        {
          "speaker": "speaker1",
          "personaID": "30535",
          "participantID": "8223",
          "utterance": "서울로 이사갈까 생각중인데, 서울 집값이 만만치 않네요.",
          "summary": "나는 서울로 이사를 갈까 생각 중이다.",
          "date": "2022-10-18",
          "time": "12:17:59",
          "terminate": "false"
        },
        {
          "speaker": "speaker2",
          "personaID": "31050",
          "participantID": "8226",
          "utterance": "아..서울에 사는건 무리가 좀있긴하죠..집값이 진짜 장난아니잖아요...",
          "summary": "",
          "date": "2022-10-18",
          "time": "12:18:02",
          "terminate": "false"
        },
        {
          "speaker": "speaker1",
          "personaID": "30535",
          "participantID": "8223",
          "utterance": "전세값도 비싸서요. 서울가면 월세 살아야 될꺼 같은데..",
          "summary": "",
          "date": "2022-10-18",
          "time": "12:18:11",
          "terminate": "false"
        },
        {
          "speaker": "speaker2",
          "personaID": "31050",
          "participantID": "8226",
          "utterance": "한번 잘 생각해보세요! 너무 섣부르게 행동하지 마시고요!",
          "summary": "",
          "date": "2022-10-18",
          "time": "12:18:14",
          "terminate": "false"
        },
        {
          "speaker": "speaker1",
          "personaID": "30535",
          "participantID": "8223",
          "utterance": "그래야 겠네요. 하 그냥 술이나 한잔 해야겠어요 !",
          "summary": "",
          "date": "2022-10-18",
          "time": "12:18:17",
          "terminate": "false"
        },
        {
          "speaker": "speaker2",
          "personaID": "31050",
          "participantID": "8226",
          "utterance": "술 한잔 좋죠~혼자 술 드실려고 하시는거에요?",
          "summary": "",
          "date": "2022-10-18",
          "time": "12:18:26",
          "terminate": "false"
        },
        {
          "speaker": "speaker1",
          "personaID": "30535",
          "participantID": "8223",
          "utterance": "네. 와인 좋아해서 종종 혼자 마시곤해요.",
          "summary": "나는 와인을 좋아한다.",
          "date": "2022-10-18",
          "time": "12:18:34",
          "terminate": "false"
        },
        {
          "speaker": "speaker2",
          "personaID": "31050",
          "participantID": "8226",
          "utterance": "아~그렇구나! 와인 좋죠! 너무 많이 마시지는 마세요!",
          "summary": "",
          "date": "2022-10-18",
          "time": "12:18:43",
          "terminate": "false"
        },
        {
          "speaker": "speaker1",
          "personaID": "30535",
          "participantID": "8223",
          "utterance": "후. 그래도 일단 목표를 서울로 가는걸로 해야겠어요 !",
          "summary": "나는 목표를 서울로 가는 걸로 해야겠다.",
          "date": "2022-10-18",
          "time": "12:18:49",
          "terminate": "false"
        },
        {
          "speaker": "speaker2",
          "personaID": "31050",
          "participantID": "8226",
          "utterance": "그래요! 목표가 있는건 좋죠! 저도 20년후 시골에 별장을 마련하는 것이 목표입니다!",
          "summary": "나는 20년 후 시골에 별장을 마련하는 것이 목표이다.",
          "date": "2022-10-18",
          "time": "12:18:57",
          "terminate": "false"
        },
        {
          "speaker": "speaker1",
          "personaID": "30535",
          "participantID": "8223",
          "utterance": "이야. 그쪽 목표는 제법 디테일하네요 ! 여튼 다음에 더물어볼께요 ! 저는 와인 한잔하러~",
          "summary": "",
          "date": "2022-10-18",
          "time": "12:19:18",
          "terminate": "false"
        },
        {
          "speaker": "speaker2",
          "personaID": "31050",
          "participantID": "8226",
          "utterance": "알겠습니다~그럼 와인 잘 마시세요! 또 연락해요~",
          "summary": "",
          "date": "2022-10-18",
          "time": "12:19:20",
          "terminate": "true"
        }
      ],
      "sessionPersonaSummary": {
        "speaker1": [
          "나는 남자이다. 나는 30대이다.",
          "나는 걱정이 많다.",
          "나의 거주지는 아산이다.",
          "나는 서울로 이사를 갈까 생각 중이다.",
          "나는 와인을 좋아한다.",
          "나는 목표를 서울로 가는 걸로 해야겠다."
        ],
        "speaker2": [
          "나는 남자이다. 나는 30대이다.",
          "나는 20년 후 시골에 별장을 마련하는 것이 목표이다."
        ]
      },
      "prevAggregatedpersonaSummary": {
        "speaker1": [],
        "speaker2": []
      }
    },
    {
      "prevSessionID": "3-00473-1",
      "prevTimeInfo": {
        "timeNum": "10",
        "timeUnit": "일"
      },
      "nthSession": "2",
      "numberOfUtterances": "18",
      "numberOfTurns": "9",
      "sessionID": "3-00473-2",
      "dialog": [
        {
          "speaker": "speaker1",
          "personaID": "30535",
          "participantID": "8223",
          "utterance": "안녕하세요 ! 열흘만이네요 ! 별일 없으셨죠?",
          "summary": "",
          "date": "2022-10-18",
          "time": "12:22:37",
          "terminate": "false"
        },
        {
          "speaker": "speaker2",
          "personaID": "31050",
          "participantID": "8226",
          "utterance": "정말 오랜만이네요! 저는 별일 없이 잘 지냈습니다!",
          "summary": "",
          "date": "2022-10-18",
          "time": "12:22:38",
          "terminate": "false"
        },
        {
          "speaker": "speaker1",
          "personaID": "30535",
          "participantID": "8223",
          "utterance": "걱정 많다고 찡찡 거렸지만 ~ 그냥 콘솔게임 하고 있었어요 !",
          "summary": "나는 콘솔게임을 하고 있었다.",
          "date": "2022-10-18",
          "time": "12:23:07",
          "terminate": "false"
        },
        {
          "speaker": "speaker2",
          "personaID": "31050",
          "participantID": "8226",
          "utterance": "아~진짜요?ㅎㅎ그래도 즐길때는 즐기는거죠!",
          "summary": "",
          "date": "2022-10-18",
          "time": "12:23:13",
          "terminate": "false"
        },
        {
          "speaker": "speaker1",
          "personaID": "30535",
          "participantID": "8223",
          "utterance": "그렇긴 한데 살짝 죄책감 있긴 하네요 ~",
          "summary": "",
          "date": "2022-10-18",
          "time": "12:23:19",
          "terminate": "false"
        },
        {
          "speaker": "speaker2",
          "personaID": "31050",
          "participantID": "8226",
          "utterance": "괜찮아요! 평일에 일 열심히 하셨잖아요!ㅎㅎ.",
          "summary": "",
          "date": "2022-10-18",
          "time": "12:23:23",
          "terminate": "false"
        },
        {
          "speaker": "speaker1",
          "personaID": "30535",
          "participantID": "8223",
          "utterance": "뭐 열심히 일하긴했는데.. 제 업무가 뭐 그렇게 능력을 요하지 않아서요.",
          "summary": "",
          "date": "2022-10-18",
          "time": "12:23:36",
          "terminate": "false"
        },
        {
          "speaker": "speaker2",
          "personaID": "31050",
          "participantID": "8226",
          "utterance": "그렇군요! 그래도 열심히 한게 가장 중요한거죠!",
          "summary": "",
          "date": "2022-10-18",
          "time": "12:23:38",
          "terminate": "false"
        },
        {
          "speaker": "speaker1",
          "personaID": "30535",
          "participantID": "8223",
          "utterance": "여튼 콘솔게임 신작 어제 배송와서 아침부터 하고 있었어요 !",
          "summary": "",
          "date": "2022-10-18",
          "time": "12:23:52",
          "terminate": "false"
        },
        {
          "speaker": "speaker2",
          "personaID": "31050",
          "participantID": "8226",
          "utterance": "아~그래요? 게임 좋아하시나봐요! 그렇게 아침부터 하시고!",
          "summary": "",
          "date": "2022-10-18",
          "time": "12:23:54",
          "terminate": "false"
        },
        {
          "speaker": "speaker1",
          "personaID": "30535",
          "participantID": "8223",
          "utterance": "네. 근데 pc게임보다 콘솔게임만 하는편이에요.",
          "summary": "나는 PC게임보다 콘솔게임만 하는 편이다.",
          "date": "2022-10-18",
          "time": "12:24:01",
          "terminate": "false"
        },
        {
          "speaker": "speaker2",
          "personaID": "31050",
          "participantID": "8226",
          "utterance": "아~그렇군요! 저는 콘솔게임은 안해서요!ㅎㅎ.",
          "summary": "나는 콘솔게임을 안 한다.",
          "date": "2022-10-18",
          "time": "12:24:06",
          "terminate": "false"
        },
        {
          "speaker": "speaker1",
          "personaID": "30535",
          "participantID": "8223",
          "utterance": "뭐 추천 할수는 없지만 한다면 게임 추천은 가능해요 ㅎㅎ.",
          "summary": "",
          "date": "2022-10-18",
          "time": "12:24:16",
          "terminate": "false"
        },
        {
          "speaker": "speaker2",
          "personaID": "31050",
          "participantID": "8226",
          "utterance": "만약 콘솔 게임을 하게 되면 물어보겠습니다!",
          "summary": "",
          "date": "2022-10-18",
          "time": "12:24:18",
          "terminate": "false"
        },
        {
          "speaker": "speaker1",
          "personaID": "30535",
          "participantID": "8223",
          "utterance": "네 ㅎㅎ.. 아침은 드셨어요? 저는 점심에 거하게 먹으려구요 !",
          "summary": "",
          "date": "2022-10-18",
          "time": "12:24:29",
          "terminate": "false"
        },
        {
          "speaker": "speaker2",
          "personaID": "31050",
          "participantID": "8226",
          "utterance": "저는 아침으로 즐겨먹는 냉면을 먹었습니다~",
          "summary": "나는 냉면을 즐겨 먹는다.",
          "date": "2022-10-18",
          "time": "12:24:32",
          "terminate": "false"
        },
        {
          "speaker": "speaker1",
          "personaID": "30535",
          "participantID": "8223",
          "utterance": "아침부터 냉면이면 진짜 좋아하시나보네요. 저는 마저 게임하러 가볼께요 !",
          "summary": "",
          "date": "2022-10-18",
          "time": "12:24:41",
          "terminate": "false"
        },
        {
          "speaker": "speaker2",
          "personaID": "31050",
          "participantID": "8226",
          "utterance": "좋죠 냉면ㅎㅎ시원하니~그럼 게임 잘 하고 오세요~",
          "summary": "",
          "date": "2022-10-18",
          "time": "12:24:42",
          "terminate": "true"
        }
      ],
      "sessionPersonaSummary": {
        "speaker1": [
          "나는 콘솔게임을 하고 있었다.",
          "나는 PC게임보다 콘솔게임만 하는 편이다."
        ],
        "speaker2": [
          "나는 콘솔게임을 안 한다.",
          "나는 냉면을 즐겨 먹는다."
        ]
      },
      "prevAggregatedpersonaSummary": {
        "speaker1": [
          "나는 남자이다. 나는 30대이다.",
          "나는 걱정이 많다.",
          "나의 거주지는 아산이다.",
          "나는 서울로 이사를 갈까 생각 중이다.",
          "나는 와인을 좋아한다.",
          "나는 목표를 서울로 가는 걸로 해야겠다."
        ],
        "speaker2": [
          "나는 남자이다. 나는 30대이다.",
          "나는 20년 후 시골에 별장을 마련하는 것이 목표이다."
        ]
      }
    },
    {
      "prevSessionID": "3-00473-2",
      "prevTimeInfo": {
        "timeNum": "5",
        "timeUnit": "주"
      },
      "nthSession": "3",
      "numberOfUtterances": "18",
      "numberOfTurns": "9",
      "sessionID": "3-00473-3",
      "dialog": [
        {
          "speaker": "speaker1",
          "personaID": "30535",
          "participantID": "8223",
          "utterance": "안녕하세요 ! 한달도 넘어서 연락드리네요 ~ 잘지내셨죠?",
          "summary": "",
          "date": "2022-10-18",
          "time": "12:24:51",
          "terminate": "false"
        },
        {
          "speaker": "speaker2",
          "personaID": "31050",
          "participantID": "8226",
          "utterance": "반가워요~정말 오랜만입니다! 저는 잘 지냈습니다!",
          "summary": "",
          "date": "2022-10-18",
          "time": "12:24:52",
          "terminate": "false"
        },
        {
          "speaker": "speaker1",
          "personaID": "30535",
          "participantID": "8223",
          "utterance": "저는 결국 서울로 가기로 했어요 ! 아산을 떠날려구요 ~",
          "summary": "나는 아산을 떠나기로 했다.",
          "date": "2022-10-18",
          "time": "12:25:03",
          "terminate": "false"
        },
        {
          "speaker": "speaker2",
          "personaID": "31050",
          "participantID": "8226",
          "utterance": "결국 그렇게 아산을 떠나기로 결정했네요!",
          "summary": "",
          "date": "2022-10-18",
          "time": "12:25:07",
          "terminate": "false"
        },
        {
          "speaker": "speaker1",
          "personaID": "30535",
          "participantID": "8223",
          "utterance": "네. 반전세 구해가지구요. 좀 좁긴해요. 어쩌겠어요 !",
          "summary": "나는 서울에 반전세를 구했다.",
          "date": "2022-10-18",
          "time": "12:25:14",
          "terminate": "false"
        },
        {
          "speaker": "speaker2",
          "personaID": "31050",
          "participantID": "8226",
          "utterance": "그래도 뭐 걱정 덜했네요! 목표도 달성했고!",
          "summary": "",
          "date": "2022-10-18",
          "time": "12:25:19",
          "terminate": "false"
        },
        {
          "speaker": "speaker1",
          "personaID": "30535",
          "participantID": "8223",
          "utterance": "뭐 솔직히 걱정 되긴 하지만 설레는게 더 큰거 같아요 !",
          "summary": "",
          "date": "2022-10-18",
          "time": "12:25:28",
          "terminate": "false"
        },
        {
          "speaker": "speaker2",
          "personaID": "31050",
          "participantID": "8226",
          "utterance": "그래요~그렇게 성장하시는거죠!! 축하해요~",
          "summary": "",
          "date": "2022-10-18",
          "time": "12:25:30",
          "terminate": "false"
        },
        {
          "speaker": "speaker1",
          "personaID": "30535",
          "participantID": "8223",
          "utterance": "그래요 ~ 그쪽도 별장 꼭 마련하셔야죠 !",
          "summary": "",
          "date": "2022-10-18",
          "time": "12:25:43",
          "terminate": "false"
        },
        {
          "speaker": "speaker2",
          "personaID": "31050",
          "participantID": "8226",
          "utterance": "맞아요~저도 열심히 노력해야죠!ㅎㅎ.",
          "summary": "",
          "date": "2022-10-18",
          "time": "12:25:45",
          "terminate": "false"
        },
        {
          "speaker": "speaker1",
          "personaID": "30535",
          "participantID": "8223",
          "utterance": "별장 그것도 쉽지 않죠. 별장있으려면 자가도 있어야 하니까요 !",
          "summary": "",
          "date": "2022-10-18",
          "time": "12:25:58",
          "terminate": "false"
        },
        {
          "speaker": "speaker2",
          "personaID": "31050",
          "participantID": "8226",
          "utterance": "근데 사실 노력해야한다고 말만하고 노력을 안해서 가끔 부끄러운 감정이 드네요..",
          "summary": "나는 가끔 부끄러운 감정이 든다.",
          "date": "2022-10-18",
          "time": "12:26:00",
          "terminate": "false"
        },
        {
          "speaker": "speaker1",
          "personaID": "30535",
          "participantID": "8223",
          "utterance": "그걸 안것만으로도 저는 아직 괜찮다고 봐요 !",
          "summary": "",
          "date": "2022-10-18",
          "time": "12:26:02",
          "terminate": "false"
        },
        {
          "speaker": "speaker2",
          "personaID": "31050",
          "participantID": "8226",
          "utterance": "그렇게 말해주시니 정말 고맙네요!ㅎㅎ.",
          "summary": "",
          "date": "2022-10-18",
          "time": "12:26:36",
          "terminate": "false"
        },
        {
          "speaker": "speaker1",
          "personaID": "30535",
          "participantID": "8223",
          "utterance": "고맙긴요. 저희 노력해서 하고싶은거 다 이루죠 !",
          "summary": "",
          "date": "2022-10-18",
          "time": "12:26:43",
          "terminate": "false"
        },
        {
          "speaker": "speaker2",
          "personaID": "31050",
          "participantID": "8226",
          "utterance": "그래요! 근데 다 이루는건 사실상 좀 빡세긴 하죠..ㅎㅎ.",
          "summary": "",
          "date": "2022-10-18",
          "time": "12:26:47",
          "terminate": "false"
        },
        {
          "speaker": "speaker1",
          "personaID": "30535",
          "participantID": "8223",
          "utterance": "그러니까 후회없이 하자 이거에요. 화이팅입니다 ~",
          "summary": "",
          "date": "2022-10-18",
          "time": "12:26:53",
          "terminate": "false"
        },
        {
          "speaker": "speaker2",
          "personaID": "31050",
          "participantID": "8226",
          "utterance": "그래요~후회없이 합시다! 아자!아자! 화이팅!",
          "summary": "",
          "date": "2022-10-18",
          "time": "12:26:54",
          "terminate": "true"
        }
      ],
      "sessionPersonaSummary": {
        "speaker1": [
          "나는 아산을 떠나기로 했다.",
          "나는 서울에 반전세를 구했다."
        ],
        "speaker2": [
          "나는 가끔 부끄러운 감정이 든다."
        ]
      },
      "prevAggregatedpersonaSummary": {
        "speaker1": [
          "나는 남자이다. 나는 30대이다.",
          "나는 걱정이 많다.",
          "나의 거주지는 아산이다.",
          "나는 서울로 이사를 갈까 생각 중이다.",
          "나는 와인을 좋아한다.",
          "나는 목표를 서울로 가는 걸로 해야겠다.",
          "나는 콘솔게임을 하고 있었다.",
          "나는 PC게임보다 콘솔게임만 하는 편이다."
        ],
        "speaker2": [
          "나는 남자이다. 나는 30대이다.",
          "나는 20년 후 시골에 별장을 마련하는 것이 목표이다.",
          "나는 콘솔게임을 안 한다.",
          "나는 냉면을 즐겨 먹는다."
        ]
      }
    }
  ]
}