{
  "FileInfo": {
    "filename": "K3-00604-CL02373-CP02140-08-14-S3.json",
    "sessionLevel": "3"
  },
  "participantsInfo": {
    "numberOfParticipants": "2",
    "speaker1": {
      "participantID": "0043",
      "gender": "남성",
      "age": "30대",
      "occupation": "사무직",
      "bPlace": "서울/경기/인천",
      "gPlace": "서울/경기/인천",
      "rPlace": "서울/경기/인천",
      "educationLevel": "고졸"
    },
    "speaker2": {
      "participantID": "0074",
      "gender": "남성",
      "age": "20대",
      "occupation": "학생",
      "bPlace": "서울/경기/인천",
      "gPlace": "서울/경기/인천",
      "rPlace": "서울/경기/인천",
      "educationLevel": "고졸"
    }
  },
  "multisessionInfo": {
    "multisessionID": "3-00604"
  },
  "personaInfo": {
    "clInfo": {
      "personaID": "02373",
      "personaFeatures": [
        "나는 남자이다.",
        "나는 30대이다.",
        "나의 거주지는 인천이다.",
        "나는 시를 싫어한다.",
        "나는 등산을 싫어한다."
      ],
      "speakerType": "speaker1"
    },
    "cpInfo": {
      "personaID": "02140",
      "personaFeatures": [
        "나는 남자이다.",
        "나는 30대이다.",
        "나는 종교가 없다.",
        "나는 늘 주가에 관심을 갖고 있다.",
        "나는 동물을 좋아한다."
      ],
      "speakerType": "speaker2"
    }
  },
  "topicInfo": {
    "topicID": "08-14",
    "topicType": "개인 및 관계>연애/결혼",
    "topicTitle": "딩크"
  },
  "sessionInfo": [
    {
      "prevSessionID": null,
      "prevTimeInfo": {
        "timeNum": null,
        "timeUnit": null
      },
      "nthSession": "1",
      "numberOfUtterances": "14",
      "numberOfTurns": "7",
      "sessionID": "3-00604-1",
      "dialog": [
        {
          "speaker": "speaker1",
          "personaID": "02373",
          "participantID": "0043",
          "utterance": "안녕하세요. 저는 인천에 사는 30대 남자입니다.",
          "summary": "나는 인천에 산다. 나는 30대 남성이다.",
          "date": "2022-08-12",
          "time": "04:10:00",
          "terminate": "false"
        },
        {
          "speaker": "speaker2",
          "personaID": "02140",
          "participantID": "0074",
          "utterance": "안녕하세요. 반갑습니다! 저도 30대 남자입니다. 저는 서울에 거주 중입니다.",
          "summary": "나는 30대 남성이다. 나는 서울에 거주 중이다.",
          "date": "2022-08-12",
          "time": "04:10:18",
          "terminate": "false"
        },
        {
          "speaker": "speaker1",
          "personaID": "02373",
          "participantID": "0043",
          "utterance": "취미는 어떻게 되시나요? 저는 책을 읽거나, 집에서 영화보는 것을 좋아합니다.",
          "summary": "나의 취미는 독서와 집에서 영화를 보는 것이다.",
          "date": "2022-08-12",
          "time": "04:11:13",
          "terminate": "false"
        },
        {
          "speaker": "speaker2",
          "personaID": "02140",
          "participantID": "0074",
          "utterance": "오, 그러시군요! 어떤 책을 좋아하시나요?",
          "summary": "",
          "date": "2022-08-12",
          "time": "04:12:06",
          "terminate": "false"
        },
        {
          "speaker": "speaker1",
          "personaID": "02373",
          "participantID": "0043",
          "utterance": "저는 주로 판타지 소설이나, 추리 소설을 좋아합니다.",
          "summary": "나는 판타지 소설이나, 추리 소설을 좋아한다.",
          "date": "2022-08-12",
          "time": "04:12:19",
          "terminate": "false"
        },
        {
          "speaker": "speaker2",
          "personaID": "02140",
          "participantID": "0074",
          "utterance": "그러시군요, 저는 어제 @이름1@ 시인의 '하늘과 바람과 별과 시' 라는 책을 읽었습니다.",
          "summary": "나는 어제 @이름1@ 시인의 책을 읽었다.",
          "date": "2022-08-12",
          "time": "04:13:03",
          "terminate": "false"
        },
        {
          "speaker": "speaker1",
          "personaID": "02373",
          "participantID": "0043",
          "utterance": "아아, 훌륭한 책이죠, 저도 읽어본 적은 있는데 저는 기본적으로 시는 싫어해서..ㅎㅎ.",
          "summary": "나는 @이름1@ 시인의 책을 읽어본 적이 있다. 나는 시를 싫어한다.",
          "date": "2022-08-12",
          "time": "04:13:30",
          "terminate": "false"
        },
        {
          "speaker": "speaker2",
          "personaID": "02140",
          "participantID": "0074",
          "utterance": "앗, 시를 싫어하시는 군요. 싫어하시는 이유가 있나요?",
          "summary": "",
          "date": "2022-08-12",
          "time": "04:13:41",
          "terminate": "false"
        },
        {
          "speaker": "speaker1",
          "personaID": "02373",
          "participantID": "0043",
          "utterance": "큰 이유는 없어요~그냥 시는 추상적인 경우가 많아서..저는 확실한게 좋습니다.",
          "summary": "나는 확실한 게 좋다.",
          "date": "2022-08-12",
          "time": "04:14:17",
          "terminate": "false"
        },
        {
          "speaker": "speaker2",
          "personaID": "02140",
          "participantID": "0074",
          "utterance": "아~어떤 의미인지 알 것 같아요ㅎㅎ 오늘은 뭐 하시나요?",
          "summary": "",
          "date": "2022-08-12",
          "time": "04:14:48",
          "terminate": "false"
        },
        {
          "speaker": "speaker1",
          "personaID": "02373",
          "participantID": "0043",
          "utterance": "저는 오늘 유기견 봉사활동 일정이 있어서 센터로 가는 중 입니다!",
          "summary": "나는 유기견 봉사활동을 할 예정이다.",
          "date": "2022-08-12",
          "time": "04:17:18",
          "terminate": "false"
        },
        {
          "speaker": "speaker2",
          "personaID": "02140",
          "participantID": "0074",
          "utterance": "정말 좋은 일 하시네요! 저도 동물을 정말 좋아하는데, 나중에 데려가 주세요!",
          "summary": "나는 동물을 좋아한다.",
          "date": "2022-08-12",
          "time": "04:16:32",
          "terminate": "false"
        },
        {
          "speaker": "speaker1",
          "personaID": "02373",
          "participantID": "0043",
          "utterance": "너무 좋죠~다음에 꼭 같이 가요! 저는 이제 센터 도착해서 나중에 또 연락드릴게요.",
          "summary": "",
          "date": "2022-08-12",
          "time": "04:16:49",
          "terminate": "false"
        },
        {
          "speaker": "speaker2",
          "personaID": "02140",
          "participantID": "0074",
          "utterance": "네~또 연락주세요! 오늘 화이팅입니다!",
          "summary": "",
          "date": "2022-08-12",
          "time": "04:16:55",
          "terminate": "true"
        }
      ],
      "sessionPersonaSummary": {
        "speaker1": [
          "나는 인천에 산다. 나는 30대 남성이다.",
          "나의 취미는 독서와 집에서 영화를 보는 것이다.",
          "나는 판타지 소설이나, 추리 소설을 좋아한다.",
          "나는 @이름1@ 시인의 책을 읽어본 적이 있다. 나는 시를 싫어한다.",
          "나는 확실한 게 좋다.",
          "나는 유기견 봉사활동을 할 예정이다."
        ],
        "speaker2": [
          "나는 30대 남성이다. 나는 서울에 거주 중이다.",
          "나는 어제 @이름1@ 시인의 책을 읽었다.",
          "나는 동물을 좋아한다."
        ]
      },
      "prevAggregatedpersonaSummary": {
        "speaker1": [],
        "speaker2": []
      }
    },
    {
      "prevSessionID": "3-00604-1",
      "prevTimeInfo": {
        "timeNum": "1",
        "timeUnit": "일"
      },
      "nthSession": "2",
      "numberOfUtterances": "14",
      "numberOfTurns": "7",
      "sessionID": "3-00604-2",
      "dialog": [
        {
          "speaker": "speaker1",
          "personaID": "02373",
          "participantID": "0043",
          "utterance": "안녕하세요~ 일요 일이네요~쉬는 날이시죠?",
          "summary": "",
          "date": "2022-08-12",
          "time": "04:17:14",
          "terminate": "false"
        },
        {
          "speaker": "speaker2",
          "personaID": "02140",
          "participantID": "0074",
          "utterance": "네~어제 봉사활동은 잘 다녀오셨어요?",
          "summary": "",
          "date": "2022-08-12",
          "time": "04:17:42",
          "terminate": "false"
        },
        {
          "speaker": "speaker1",
          "personaID": "02373",
          "participantID": "0043",
          "utterance": "네~갈 때 마다 마음이 너무 아프네요.",
          "summary": "",
          "date": "2022-08-12",
          "time": "04:17:54",
          "terminate": "false"
        },
        {
          "speaker": "speaker2",
          "personaID": "02140",
          "participantID": "0074",
          "utterance": "에고, 정말 그러시겠어요. 소중한 생명을 유기하다니..",
          "summary": "",
          "date": "2022-08-12",
          "time": "04:18:13",
          "terminate": "false"
        },
        {
          "speaker": "speaker1",
          "personaID": "02373",
          "participantID": "0043",
          "utterance": "그러게요~오늘은 일정이 있으신가요?",
          "summary": "",
          "date": "2022-08-12",
          "time": "04:18:33",
          "terminate": "false"
        },
        {
          "speaker": "speaker2",
          "personaID": "02140",
          "participantID": "0074",
          "utterance": "네~저는 오늘 운동 할 겸 등산에 다녀오려고 해요!",
          "summary": "나는 오늘 등산에 갈 예정이다.",
          "date": "2022-08-12",
          "time": "04:18:42",
          "terminate": "false"
        },
        {
          "speaker": "speaker1",
          "personaID": "02373",
          "participantID": "0043",
          "utterance": "그러시군요, 저는 등산은 정말 싫어해서..ㅎㅎ.",
          "summary": "나는 등산을 싫어한다.",
          "date": "2022-08-12",
          "time": "04:19:24",
          "terminate": "false"
        },
        {
          "speaker": "speaker2",
          "personaID": "02140",
          "participantID": "0074",
          "utterance": "산에 올라가는게 힘들긴 하지만, 정상까지 올라가면 기분이 정말 좋아요!",
          "summary": "",
          "date": "2022-08-12",
          "time": "04:19:41",
          "terminate": "false"
        },
        {
          "speaker": "speaker1",
          "personaID": "02373",
          "participantID": "0043",
          "utterance": "산 타는 사람들은 다 그렇게 이야기 하더라고요~저는 지금 교회 가는 중이에요~",
          "summary": "나는 교회에 가는 중이다.",
          "date": "2022-08-12",
          "time": "04:19:52",
          "terminate": "false"
        },
        {
          "speaker": "speaker2",
          "personaID": "02140",
          "participantID": "0074",
          "utterance": "아아 기독교이신가봐요~저는 종교가 없어서 일이요 일은 항상 비어있어요.",
          "summary": "나는 종교가 없다. 나의 일이요 일은 항상 비어있다.",
          "date": "2022-08-12",
          "time": "04:20:31",
          "terminate": "false"
        },
        {
          "speaker": "speaker1",
          "personaID": "02373",
          "participantID": "0043",
          "utterance": "ㅎㅎ제가 모태신앙이라...어렸을 때는 반강제로 다녔어요.",
          "summary": "나는 모태신앙이다. 나는 어렸을 때 교회에 반 강제로 다녔다.",
          "date": "2022-08-12",
          "time": "04:20:46",
          "terminate": "false"
        },
        {
          "speaker": "speaker2",
          "personaID": "02140",
          "participantID": "0074",
          "utterance": "아무래도 어릴때는 신앙에대해 아직 잘 판단이 서지 않을 시기이니까요~",
          "summary": "",
          "date": "2022-08-12",
          "time": "04:21:00",
          "terminate": "false"
        },
        {
          "speaker": "speaker1",
          "personaID": "02373",
          "participantID": "0043",
          "utterance": "아무래도 그렇죠?ㅎㅎ 저는 이제 교회 도착해서 들어가볼게요!",
          "summary": "",
          "date": "2022-08-12",
          "time": "04:21:12",
          "terminate": "false"
        },
        {
          "speaker": "speaker2",
          "personaID": "02140",
          "participantID": "0074",
          "utterance": "네~좋은 시간되시고 나중에 또 뵈어요!",
          "summary": "",
          "date": "2022-08-12",
          "time": "04:21:21",
          "terminate": "true"
        }
      ],
      "sessionPersonaSummary": {
        "speaker1": [
          "나는 등산을 싫어한다.",
          "나는 교회에 가는 중이다.",
          "나는 모태신앙이다. 나는 어렸을 때 교회에 반 강제로 다녔다."
        ],
        "speaker2": [
          "나는 오늘 등산에 갈 예정이다.",
          "나는 종교가 없다. 나의 일이요 일은 항상 비어있다."
        ]
      },
      "prevAggregatedpersonaSummary": {
        "speaker1": [
          "나는 인천에 산다. 나는 30대 남성이다.",
          "나의 취미는 독서와 집에서 영화를 보는 것이다.",
          "나는 판타지 소설이나, 추리 소설을 좋아한다.",
          "나는 @이름1@ 시인의 책을 읽어본 적이 있다. 나는 시를 싫어한다.",
          "나는 확실한 게 좋다.",
          "나는 유기견 봉사활동을 할 예정이다."
        ],
        "speaker2": [
          "나는 30대 남성이다. 나는 서울에 거주 중이다.",
          "나는 어제 @이름1@ 시인의 책을 읽었다.",
          "나는 동물을 좋아한다."
        ]
      }
    },
    {
      "prevSessionID": "3-00604-2",
      "prevTimeInfo": {
        "timeNum": "1",
        "timeUnit": "일"
      },
      "nthSession": "3",
      "numberOfUtterances": "14",
      "numberOfTurns": "7",
      "sessionID": "3-00604-3",
      "dialog": [
        {
          "speaker": "speaker1",
          "personaID": "02373",
          "participantID": "0043",
          "utterance": "안녕하세요! 어제는 잘 보내셨나요? 저는 월요병을 이겨내고 출근했습니다..",
          "summary": "",
          "date": "2022-08-12",
          "time": "04:21:39",
          "terminate": "false"
        },
        {
          "speaker": "speaker2",
          "personaID": "02140",
          "participantID": "0074",
          "utterance": "네~어제는 등산 갔다가 집에서 푹 쉬었습니다.",
          "summary": "나는 어제 등산에 다녀와서 집에서 푹 쉬었다.",
          "date": "2022-08-12",
          "time": "04:21:50",
          "terminate": "false"
        },
        {
          "speaker": "speaker1",
          "personaID": "02373",
          "participantID": "0043",
          "utterance": "아아 그러셨군요! 실례지만 결혼은 하셨나요?",
          "summary": "",
          "date": "2022-08-12",
          "time": "04:21:59",
          "terminate": "false"
        },
        {
          "speaker": "speaker2",
          "personaID": "02140",
          "participantID": "0074",
          "utterance": "네~결혼 한지는 5년정도 됐고, 아이는 없습니다~",
          "summary": "나는 결혼 한 지 5년 되었다. 나는 아이가 없다.",
          "date": "2022-08-12",
          "time": "04:22:55",
          "terminate": "false"
        },
        {
          "speaker": "speaker1",
          "personaID": "02373",
          "participantID": "0043",
          "utterance": "아아, 결혼 한 지 꽤 되셨네요~ 아이는 일부러 안가지시는 건가요?",
          "summary": "",
          "date": "2022-08-12",
          "time": "04:23:19",
          "terminate": "false"
        },
        {
          "speaker": "speaker2",
          "personaID": "02140",
          "participantID": "0074",
          "utterance": "네~저랑 와이프 둘 다 딩크의 삶을 원해서, 저는 정관수술도 했어요ㅎㅎ.",
          "summary": "나는 딩크의 삶을 원한다. 나는 정관수술을 했다.",
          "date": "2022-08-12",
          "time": "04:23:57",
          "terminate": "false"
        },
        {
          "speaker": "speaker1",
          "personaID": "02373",
          "participantID": "0043",
          "utterance": "앗..! 쉽지 않은 결정이셨을텐데..ㅎㅎ저도 아이는 원치 않아서..",
          "summary": "",
          "date": "2022-08-12",
          "time": "04:24:16",
          "terminate": "false"
        },
        {
          "speaker": "speaker2",
          "personaID": "02140",
          "participantID": "0074",
          "utterance": "그쵸, 아무래도 아이가 생기면 돈도 많이 들고, 그만큼 아이한테 시간도 많이 쏟아야하고..",
          "summary": "",
          "date": "2022-08-12",
          "time": "04:24:51",
          "terminate": "false"
        },
        {
          "speaker": "speaker1",
          "personaID": "02373",
          "participantID": "0043",
          "utterance": "그래서 저도 딩크의 삶을 원하는데, 이런 문제로 몇 번 이별했거든요.",
          "summary": "나는 딩크의 삶을 원한다. 나는 딩크 문제로 몇 번인가 이별했다.",
          "date": "2022-08-12",
          "time": "04:25:13",
          "terminate": "false"
        },
        {
          "speaker": "speaker2",
          "personaID": "02140",
          "participantID": "0074",
          "utterance": "아아, 그러셨구나...안타깝네요. 한 푼이라도 더 별로 늘 주가에 관심을 가지고 있는데..버는 것도 어려워요.",
          "summary": "나는 늘 주가에 관심이 있다.",
          "date": "2022-08-12",
          "time": "04:26:08",
          "terminate": "false"
        },
        {
          "speaker": "speaker1",
          "personaID": "02373",
          "participantID": "0043",
          "utterance": "그렇죠..요즘 월급쟁이로는 많은 돈을 모으기는 쉽지않죠..",
          "summary": "",
          "date": "2022-08-12",
          "time": "04:26:45",
          "terminate": "false"
        },
        {
          "speaker": "speaker2",
          "personaID": "02140",
          "participantID": "0074",
          "utterance": "그러게요~에고 사는 게 맘 처럼 잘 안돼요ㅎㅎㅎ.",
          "summary": "",
          "date": "2022-08-12",
          "time": "04:27:05",
          "terminate": "false"
        },
        {
          "speaker": "speaker1",
          "personaID": "02373",
          "participantID": "0043",
          "utterance": "다들 같은 마음 일거에요~ 저는 이제 일하러 가봐야겠어요! 대화 즐거웠습니다.",
          "summary": "",
          "date": "2022-08-12",
          "time": "04:27:27",
          "terminate": "false"
        },
        {
          "speaker": "speaker2",
          "personaID": "02140",
          "participantID": "0074",
          "utterance": "네 저도 즐거웠어요! 고생하시고 화이팅입니다!",
          "summary": "",
          "date": "2022-08-12",
          "time": "04:28:07",
          "terminate": "true"
        }
      ],
      "sessionPersonaSummary": {
        "speaker1": [
          "나는 딩크의 삶을 원한다. 나는 딩크 문제로 몇 번인가 이별했다."
        ],
        "speaker2": [
          "나는 어제 등산에 다녀와서 집에서 푹 쉬었다.",
          "나는 결혼 한 지 5년 되었다. 나는 아이가 없다.",
          "나는 딩크의 삶을 원한다. 나는 정관수술을 했다.",
          "나는 늘 주가에 관심이 있다."
        ]
      },
      "prevAggregatedpersonaSummary": {
        "speaker1": [
          "나는 인천에 산다. 나는 30대 남성이다.",
          "나의 취미는 독서와 집에서 영화를 보는 것이다.",
          "나는 판타지 소설이나, 추리 소설을 좋아한다.",
          "나는 @이름1@ 시인의 책을 읽어본 적이 있다. 나는 시를 싫어한다.",
          "나는 확실한 게 좋다.",
          "나는 유기견 봉사활동을 할 예정이다.",
          "나는 등산을 싫어한다.",
          "나는 교회에 가는 중이다.",
          "나는 모태신앙이다. 나는 어렸을 때 교회에 반 강제로 다녔다."
        ],
        "speaker2": [
          "나는 30대 남성이다. 나는 서울에 거주 중이다.",
          "나는 어제 @이름1@ 시인의 책을 읽었다.",
          "나는 동물을 좋아한다.",
          "나는 오늘 등산에 갈 예정이다.",
          "나는 종교가 없다. 나의 일이요 일은 항상 비어있다."
        ]
      }
    }
  ]
}