{
  "FileInfo": {
    "filename": "K3-00531-CL31537-CP32458-02-07-S3.json",
    "sessionLevel": "3"
  },
  "participantsInfo": {
    "numberOfParticipants": "2",
    "speaker1": {
      "participantID": "3146",
      "gender": "여성",
      "age": "30대",
      "occupation": "주부",
      "bPlace": "부산/대구/울산/경상",
      "gPlace": "부산/대구/울산/경상",
      "rPlace": "부산/대구/울산/경상",
      "educationLevel": "대졸"
    },
    "speaker2": {
      "participantID": "3013",
      "gender": "여성",
      "age": "40대",
      "occupation": "주부",
      "bPlace": "대전/세종/충청/강원",
      "gPlace": "대전/세종/충청/강원",
      "rPlace": "서울/경기/인천",
      "educationLevel": "대졸"
    }
  },
  "multisessionInfo": {
    "multisessionID": "3-00531"
  },
  "personaInfo": {
    "clInfo": {
      "personaID": "31537",
      "personaFeatures": [
        "나는 여자이다.",
        "나는 30대이다.",
        "나는 치과의사이다",
        "나는 맛집 여행을 자주 간다",
        "나는 복숭아를 좋아한다"
      ],
      "speakerType": "speaker1"
    },
    "cpInfo": {
      "personaID": "32458",
      "personaFeatures": [
        "나는 여자이다.",
        "나는 30대이다.",
        "나는 수학과를 전공했다",
        "나는 가끔 화가 난다",
        "나는 스릴러 영화를 가끔 본다"
      ],
      "speakerType": "speaker2"
    }
  },
  "topicInfo": {
    "topicID": "02-07",
    "topicType": "주거와 생활",
    "topicTitle": "층간소음"
  },
  "sessionInfo": [
    {
      "prevSessionID": null,
      "prevTimeInfo": {
        "timeNum": null,
        "timeUnit": null
      },
      "nthSession": "1",
      "numberOfUtterances": "14",
      "numberOfTurns": "7",
      "sessionID": "3-00531-1",
      "dialog": [
        {
          "speaker": "speaker1",
          "personaID": "31537",
          "participantID": "3146",
          "utterance": "안녕하세요. 저는 30대 여성입니다. ",
          "summary": "나는 30대 여성입니다.",
          "date": "2022-09-29",
          "time": "00:22:53",
          "terminate": "false"
        },
        {
          "speaker": "speaker2",
          "personaID": "32458",
          "participantID": "3013",
          "utterance": "안녕하세요 저는 30대 여성입니다. 반갑습니다.",
          "summary": "나는 30대 여성이다.",
          "date": "2022-09-29",
          "time": "00:23:14",
          "terminate": "false"
        },
        {
          "speaker": "speaker1",
          "personaID": "31537",
          "participantID": "3146",
          "utterance": "어! 나이가 비슷하네요^^ 저는 치과의사일을 하면서 가까운곳 맛집여행을 자주 다니고 있어요 ",
          "summary": "나는 치과의사입니다. 나는 맛집 여행을 자주 다닙니다.",
          "date": "2022-09-29",
          "time": "00:25:07",
          "terminate": "false"
        },
        {
          "speaker": "speaker2",
          "personaID": "32458",
          "participantID": "3013",
          "utterance": "저는 대학에서 수학과를 전공하고 학원에서 아이들 가르집니다.",
          "summary": "나는 수학을 전공했고 학원에서 아이들을 가르친다.",
          "date": "2022-09-29",
          "time": "00:26:04",
          "terminate": "false"
        },
        {
          "speaker": "speaker1",
          "personaID": "31537",
          "participantID": "3146",
          "utterance": "아~ 그러시군요!! 아이들과 소통은 보통일이 아닐텐데~ 대단하십니다!!^^",
          "summary": "나는 아이들과 소통하는 일이 대단하다고 생각합니다.",
          "date": "2022-09-29",
          "time": "00:30:00",
          "terminate": "false"
        },
        {
          "speaker": "speaker2",
          "personaID": "32458",
          "participantID": "3013",
          "utterance": "가끔 화가 날때도 있지만 아이들만에 순수함은 좋아요. 맛집탐방 너무 부러워요.",
          "summary": "나는 아이들의 순수함이 좋다.",
          "date": "2022-09-29",
          "time": "00:30:55",
          "terminate": "false"
        },
        {
          "speaker": "speaker1",
          "personaID": "31537",
          "participantID": "3146",
          "utterance": "직업특성상 멀리 갈수는 없고 근처 맛집만 다니죠 하핫  저는 복숭아를 엄청 좋아하는데 이번계절엔 못먹고 지나가는것 같네요 ㅠ",
          "summary": "나는 근처 맛집을 다닙니다. 나는 복숭아를 좋아합니다.",
          "date": "2022-09-29",
          "time": "00:33:05",
          "terminate": "false"
        },
        {
          "speaker": "speaker2",
          "personaID": "32458",
          "participantID": "3013",
          "utterance": "입에 군침이 도네요. 부드럽고 달콤한 맛. 저는 포도를 좋아해요.",
          "summary": "나는 포도를 좋아해.",
          "date": "2022-09-29",
          "time": "00:34:01",
          "terminate": "false"
        },
        {
          "speaker": "speaker1",
          "personaID": "31537",
          "participantID": "3146",
          "utterance": "아!! 그러시군요!! 포도도 너무 맛있죠~~^^",
          "summary": "나는 포도도 너무 맛있어요.",
          "date": "2022-09-29",
          "time": "00:35:24",
          "terminate": "false"
        },
        {
          "speaker": "speaker2",
          "personaID": "32458",
          "participantID": "3013",
          "utterance": "여성분이 치과의사시라니  대단하세요. 이를 뽑으려면 힘도 좋아야한다는데 맞나요?",
          "summary": "",
          "date": "2022-09-29",
          "time": "00:36:23",
          "terminate": "false"
        },
        {
          "speaker": "speaker1",
          "personaID": "31537",
          "participantID": "3146",
          "utterance": "스킬만 있으면 힘은 많이 들지않아요~ ",
          "summary": "나는 스킬이 있어서 힘이 많이 들지 않습니다.",
          "date": "2022-09-29",
          "time": "00:39:01",
          "terminate": "false"
        },
        {
          "speaker": "speaker2",
          "personaID": "32458",
          "participantID": "3013",
          "utterance": "그렇군요. 최근에 맛집여행으로 무얼 드셨나요?",
          "summary": "",
          "date": "2022-09-29",
          "time": "00:40:10",
          "terminate": "false"
        },
        {
          "speaker": "speaker1",
          "personaID": "31537",
          "participantID": "3146",
          "utterance": "태국맛집에가서 팟타이를 먹었어요^^ 너무 맛있었답니다 벌써 시간이 많이 늦었네요~^^ 우리 또 다음에 연락해요~~",
          "summary": "나는 태국 맛집에 가서 팟타이를 먹었어요. 알 수 없음",
          "date": "2022-09-29",
          "time": "00:41:30",
          "terminate": "false"
        },
        {
          "speaker": "speaker2",
          "personaID": "32458",
          "participantID": "3013",
          "utterance": "네 저도 이만 자야겠어요. 내일 또 만나요",
          "summary": "",
          "date": "2022-09-29",
          "time": "00:42:11",
          "terminate": "true"
        }
      ],
      "sessionPersonaSummary": {
        "speaker1": [
          "나는 30대 여성입니다.",
          "나는 치과의사입니다. 나는 맛집 여행을 자주 다닙니다.",
          "나는 아이들과 소통하는 일이 대단하다고 생각합니다.",
          "나는 근처 맛집을 다닙니다.",
          "나는 복숭아를 좋아합니다.",
          "나는 포도도 너무 맛있어요.",
          "나는 스킬이 있어서 힘이 많이 들지 않습니다.",
          "나는 태국 맛집에 가서 팟타이를 먹었어요.",
          "알 수 없음"
        ],
        "speaker2": [
          "나는 30대 여성이다.",
          "나는 수학을 전공했고 학원에서 아이들을 가르친다.",
          "나는 아이들의 순수함이 좋다.",
          "나는 포도를 좋아해."
        ]
      },
      "prevAggregatedpersonaSummary": {
        "speaker1": [],
        "speaker2": []
      }
    },
    {
      "prevSessionID": "3-00531-1",
      "prevTimeInfo": {
        "timeNum": "17",
        "timeUnit": "시간"
      },
      "nthSession": "2",
      "numberOfUtterances": "14",
      "numberOfTurns": "7",
      "sessionID": "3-00531-2",
      "dialog": [
        {
          "speaker": "speaker1",
          "personaID": "31537",
          "participantID": "3146",
          "utterance": "안녕하세요~^^ 강사님 어제는 잘 주무셨어요? ",
          "summary": "",
          "date": "2022-09-29",
          "time": "10:14:49",
          "terminate": "false"
        },
        {
          "speaker": "speaker2",
          "personaID": "32458",
          "participantID": "3013",
          "utterance": "안녕하세요  늦게 자서 피곤하네요. 윗층 층간소음이 심해서요.",
          "summary": "나는 층간소음 때문에 늦게 자서 피곤하다.",
          "date": "2022-09-29",
          "time": "10:35:41",
          "terminate": "false"
        },
        {
          "speaker": "speaker1",
          "personaID": "31537",
          "participantID": "3146",
          "utterance": "아이고 ㅜ그러셨군요.. 충간소음이 심하면 정말 스트레스죠. ",
          "summary": "나는 층간소음이 심하면 스트레스받아요.",
          "date": "2022-09-29",
          "time": "11:54:43",
          "terminate": "false"
        },
        {
          "speaker": "speaker2",
          "personaID": "32458",
          "participantID": "3013",
          "utterance": "발망치 소리 층간소음은 정말 참기 힘들어요. 댁은 층간소음 없으세요?",
          "summary": "나는 발 망치소리가 정말 참기 힘들다.",
          "date": "2022-09-29",
          "time": "21:23:28",
          "terminate": "false"
        },
        {
          "speaker": "speaker1",
          "personaID": "31537",
          "participantID": "3146",
          "utterance": "저희집도 충간소음이 있어요. 발쿵쿵 의자끄는소리들이 힘들긴해요 ㅠ",
          "summary": "나의 집도 층간소음이 있어요.",
          "date": "2022-09-29",
          "time": "22:56:42",
          "terminate": "false"
        },
        {
          "speaker": "speaker2",
          "personaID": "32458",
          "participantID": "3013",
          "utterance": "저는 스릴러 영화를 가끔 보는데 층간소음으로 집중하기 어렵워요.",
          "summary": "나는 스릴러 영화를 보는데 층간소음으로 집중하기 힘들다.",
          "date": "2022-09-30",
          "time": "10:32:34",
          "terminate": "false"
        },
        {
          "speaker": "speaker1",
          "personaID": "31537",
          "participantID": "3146",
          "utterance": "아 그러시겠네요~ 저는 시도때도 없이 들리는 피아노 소리가 너무 스트레스네요. 조금씩만 배려했으면 좋겠어요ㅠ",
          "summary": "나는 피아노 소리에 너무 스트레스예요.",
          "date": "2022-09-30",
          "time": "15:40:40",
          "terminate": "false"
        },
        {
          "speaker": "speaker2",
          "personaID": "32458",
          "participantID": "3013",
          "utterance": "생활 소음으로 생각하다가도 심한 층간 소음은 가끔 화가 납니다.",
          "summary": "나는 가끔 심한 층간소음은 화가 난다.",
          "date": "2022-09-30",
          "time": "15:56:04",
          "terminate": "false"
        },
        {
          "speaker": "speaker1",
          "personaID": "31537",
          "participantID": "3146",
          "utterance": "맞아요 지속적이면 그게 너무 큰 스트레스로 다가오더라구요~",
          "summary": "나는 층간소음이 지속적이면 큰 스트레스로 다가와요.",
          "date": "2022-09-30",
          "time": "15:59:12",
          "terminate": "false"
        },
        {
          "speaker": "speaker2",
          "personaID": "32458",
          "participantID": "3013",
          "utterance": "너무 늦게 연락드렸네요. 푹 쉬시고 내일 뵐께요.",
          "summary": "",
          "date": "2022-10-01",
          "time": "00:18:13",
          "terminate": "false"
        },
        {
          "speaker": "speaker1",
          "personaID": "31537",
          "participantID": "3146",
          "utterance": "네 푹쉬시고 또 연락주세요^^",
          "summary": "",
          "date": "2022-10-01",
          "time": "11:23:18",
          "terminate": "false"
        },
        {
          "speaker": "speaker2",
          "personaID": "32458",
          "participantID": "3013",
          "utterance": "네 다음에 또 연락드리겠습니다.",
          "summary": "",
          "date": "2022-10-02",
          "time": "20:33:53",
          "terminate": "false"
        },
        {
          "speaker": "speaker1",
          "personaID": "31537",
          "participantID": "3146",
          "utterance": "네~~ 층간소음 없는 편안한밤되세요^^",
          "summary": "",
          "date": "2022-10-02",
          "time": "21:37:28",
          "terminate": "false"
        },
        {
          "speaker": "speaker2",
          "personaID": "32458",
          "participantID": "3013",
          "utterance": "층간소음 걱정 안하고 자고 싶네요.",
          "summary": "",
          "date": "2022-10-02",
          "time": "23:07:25",
          "terminate": "true"
        }
      ],
      "sessionPersonaSummary": {
        "speaker1": [
          "나는 층간소음이 심하면 스트레스받아요.",
          "나의 집도 층간소음이 있어요.",
          "나는 피아노 소리에 너무 스트레스예요.",
          "나는 층간소음이 지속적이면 큰 스트레스로 다가와요."
        ],
        "speaker2": [
          "나는 층간소음 때문에 늦게 자서 피곤하다.",
          "나는 발 망치소리가 정말 참기 힘들다.",
          "나는 스릴러 영화를 보는데 층간소음으로 집중하기 힘들다.",
          "나는 가끔 심한 층간소음은 화가 난다."
        ]
      },
      "prevAggregatedpersonaSummary": {
        "speaker1": [
          "나는 30대 여성입니다.",
          "나는 치과의사입니다. 나는 맛집 여행을 자주 다닙니다.",
          "나는 아이들과 소통하는 일이 대단하다고 생각합니다.",
          "나는 근처 맛집을 다닙니다.",
          "나는 복숭아를 좋아합니다.",
          "나는 포도도 너무 맛있어요.",
          "나는 스킬이 있어서 힘이 많이 들지 않습니다.",
          "나는 태국 맛집에 가서 팟타이를 먹었어요.",
          "알 수 없음"
        ],
        "speaker2": [
          "나는 30대 여성이다.",
          "나는 수학을 전공했고 학원에서 아이들을 가르친다.",
          "나는 아이들의 순수함이 좋다.",
          "나는 포도를 좋아해."
        ]
      }
    },
    {
      "prevSessionID": "3-00531-2",
      "prevTimeInfo": {
        "timeNum": "47",
        "timeUnit": "시간"
      },
      "nthSession": "3",
      "numberOfUtterances": "14",
      "numberOfTurns": "7",
      "sessionID": "3-00531-3",
      "dialog": [
        {
          "speaker": "speaker1",
          "personaID": "31537",
          "participantID": "3146",
          "utterance": "안녕하세요~^^ 이틀만이네요!! 오늘은 잘 주무셨어요??",
          "summary": "",
          "date": "2022-10-04",
          "time": "10:34:24",
          "terminate": "false"
        },
        {
          "speaker": "speaker2",
          "personaID": "32458",
          "participantID": "3013",
          "utterance": "안녕하세요~  어제 밤에도 층간소음으로 잠을 설쳤어요.",
          "summary": "나는 어제 층간소음으로 잠을 설쳤다.",
          "date": "2022-10-11",
          "time": "09:17:24",
          "terminate": "false"
        },
        {
          "speaker": "speaker1",
          "personaID": "31537",
          "participantID": "3146",
          "utterance": "아이구.. 그러셨군요. 저희 윗집도 어제부터 공사를 하는데 새벽부터 드릴소리에 잠이 깼어요 ㅠ ",
          "summary": "나는 윗집 공사로 새벽부터 드릴 소리에 잠이 깼어요.",
          "date": "2022-10-12",
          "time": "17:01:43",
          "terminate": "false"
        },
        {
          "speaker": "speaker2",
          "personaID": "32458",
          "participantID": "3013",
          "utterance": "주거공간에서 새벽부터 드릴소리라니 너무 심하군요. 공공예절이 필요한데 배려가 부족하네요",
          "summary": "",
          "date": "2022-10-18",
          "time": "19:29:40",
          "terminate": "false"
        },
        {
          "speaker": "speaker1",
          "personaID": "31537",
          "participantID": "3146",
          "utterance": "휴 ㅜ 그러게말이예요. 안내문이라도 붙여놓았음 이해하려 노력할텐데 그런것도 없이 몇일째 드릴소리에 신경이 너무 예민해지네요 ㅜ",
          "summary": "나는 드릴 소리에 신경이 너무 예민해지네요.",
          "date": "2022-10-18",
          "time": "22:44:38",
          "terminate": "false"
        },
        {
          "speaker": "speaker2",
          "personaID": "32458",
          "participantID": "3013",
          "utterance": "뉴스에서 층간소음으로 이웃간에 싸움나는거 보면 오죽하면 그럴까 싶기도해요.",
          "summary": "나는 뉴스에 충간소음으로 이웃이 싸움 나는 걸 보면 오죽하면 그럴까 싶기도 하다.",
          "date": "2022-10-19",
          "time": "22:08:06",
          "terminate": "false"
        },
        {
          "speaker": "speaker1",
          "personaID": "31537",
          "participantID": "3146",
          "utterance": "서로 조금씩 배려해주면 좋을것 같은데 말이죠.. 그게 참 쉽지가 않아요..",
          "summary": "나는 조금씩 배려해주면 좋을 것 같아요.",
          "date": "2022-10-20",
          "time": "11:35:11",
          "terminate": "false"
        },
        {
          "speaker": "speaker2",
          "personaID": "32458",
          "participantID": "3013",
          "utterance": "제가 이사 예정인데 층간소음 때문에 너무 신경쓰여서 결정한 것도 있네요",
          "summary": "",
          "date": "2022-11-07",
          "time": "15:05:12",
          "terminate": "false"
        },
        {
          "speaker": "speaker1",
          "personaID": "31537",
          "participantID": "3146",
          "utterance": "이사갈집은 정하셨어요? 그 집은 층간 소음이 괜찮나요??",
          "summary": "",
          "date": "2022-11-07",
          "time": "18:03:38",
          "terminate": "false"
        },
        {
          "speaker": "speaker2",
          "personaID": "32458",
          "participantID": "3013",
          "utterance": "입주하는 아파트인데 윗집이 층간소음에 배려심 많은 분이길 바래봅니다. ",
          "summary": "나는 아파트 입주예정인데 윗집이 충간소음이 배려심이 많았으면 좋겠다.",
          "date": "2022-11-08",
          "time": "10:11:12",
          "terminate": "false"
        },
        {
          "speaker": "speaker1",
          "personaID": "31537",
          "participantID": "3146",
          "utterance": "좋은 이웃 만나시길 저도 같은 마음으로 바래볼게요~^^",
          "summary": "나는 좋은 이웃을 만나길 바라요.",
          "date": "2022-11-08",
          "time": "16:12:25",
          "terminate": "false"
        },
        {
          "speaker": "speaker2",
          "personaID": "32458",
          "participantID": "3013",
          "utterance": "어제 입주하는 집 청소로 방문하니 발망치 소리가 들리더라구요.늦은 시간만 안 들려도 좋겠습니다.",
          "summary": "",
          "date": "2022-11-13",
          "time": "08:53:43",
          "terminate": "false"
        },
        {
          "speaker": "speaker1",
          "personaID": "31537",
          "participantID": "3146",
          "utterance": "서로 이해하는 좋은이웃 만나시길바래봅니다!!",
          "summary": "나는 서로 이해하는 좋은 이웃을 만나길 바라요.",
          "date": "2022-11-16",
          "time": "13:59:36",
          "terminate": "false"
        },
        {
          "speaker": "speaker2",
          "personaID": "32458",
          "participantID": "3013",
          "utterance": "저도 먼저 좋은 이웃이 되어야겠네요",
          "summary": "나는 내가 먼저 좋은 이웃이 되어야겠다고 생각한다.",
          "date": "2022-11-21",
          "time": "16:19:06",
          "terminate": "true"
        }
      ],
      "sessionPersonaSummary": {
        "speaker1": [
          "나는 윗집 공사로 새벽부터 드릴 소리에 잠이 깼어요.",
          "나는 드릴 소리에 신경이 너무 예민해지네요.",
          "나는 조금씩 배려해주면 좋을 것 같아요.",
          "나는 좋은 이웃을 만나길 바라요.",
          "나는 서로 이해하는 좋은 이웃을 만나길 바라요."
        ],
        "speaker2": [
          "나는 어제 층간소음으로 잠을 설쳤다.",
          "나는 뉴스에 충간소음으로 이웃이 싸움 나는 걸 보면 오죽하면 그럴까 싶기도 하다.",
          "나는 아파트 입주예정인데 윗집이 충간소음이 배려심이 많았으면 좋겠다.",
          "나는 내가 먼저 좋은 이웃이 되어야겠다고 생각한다."
        ]
      },
      "prevAggregatedpersonaSummary": {
        "speaker1": [
          "나는 30대 여성입니다.",
          "나는 치과의사입니다. 나는 맛집 여행을 자주 다닙니다.",
          "나는 아이들과 소통하는 일이 대단하다고 생각합니다.",
          "나는 근처 맛집을 다닙니다.",
          "나는 복숭아를 좋아합니다.",
          "나는 포도도 너무 맛있어요.",
          "나는 스킬이 있어서 힘이 많이 들지 않습니다.",
          "나는 태국 맛집에 가서 팟타이를 먹었어요.",
          "알 수 없음",
          "나는 층간소음이 심하면 스트레스받아요.",
          "나의 집도 층간소음이 있어요.",
          "나는 피아노 소리에 너무 스트레스예요.",
          "나는 층간소음이 지속적이면 큰 스트레스로 다가와요."
        ],
        "speaker2": [
          "나는 30대 여성이다.",
          "나는 수학을 전공했고 학원에서 아이들을 가르친다.",
          "나는 아이들의 순수함이 좋다.",
          "나는 포도를 좋아해.",
          "나는 층간소음 때문에 늦게 자서 피곤하다.",
          "나는 발 망치소리가 정말 참기 힘들다.",
          "나는 스릴러 영화를 보는데 층간소음으로 집중하기 힘들다.",
          "나는 가끔 심한 층간소음은 화가 난다."
        ]
      }
    }
  ]
}