{
  "FileInfo": {
    "filename": "K3-00102-CL51621-CP52127-06-20-S3.json",
    "sessionLevel": "3"
  },
  "participantsInfo": {
    "numberOfParticipants": "2",
    "speaker1": {
      "participantID": "9048",
      "gender": "여성",
      "age": "40대",
      "occupation": "기타",
      "bPlace": "서울/경기/인천",
      "gPlace": "서울/경기/인천",
      "rPlace": "서울/경기/인천",
      "educationLevel": "고졸"
    },
    "speaker2": {
      "participantID": "9039",
      "gender": "여성",
      "age": "40대",
      "occupation": "무직",
      "bPlace": "서울/경기/인천",
      "gPlace": "광주/전라/제주",
      "rPlace": "광주/전라/제주",
      "educationLevel": "대졸"
    }
  },
  "multisessionInfo": {
    "multisessionID": "3-00102"
  },
  "personaInfo": {
    "clInfo": {
      "personaID": "51621",
      "personaFeatures": [
        "나는 여자이다.",
        "나는 50대이다.",
        "나의 거주지는 김해이다",
        "나는 범죄 영화를 가끔 본다",
        "나는 검정색을 좋아한다"
      ],
      "speakerType": "speaker1"
    },
    "cpInfo": {
      "personaID": "52127",
      "personaFeatures": [
        "나는 여자이다.",
        "나는 50대이다.",
        "나는 요즘, 매일 초조하다",
        "나는 자전거 동호회에서 활동한다",
        "나는 더운 날씨를 좋아한다"
      ],
      "speakerType": "speaker2"
    }
  },
  "topicInfo": {
    "topicID": "06-20",
    "topicType": "교육",
    "topicTitle": "수강신청"
  },
  "sessionInfo": [
    {
      "prevSessionID": null,
      "prevTimeInfo": {
        "timeNum": null,
        "timeUnit": null
      },
      "nthSession": "1",
      "numberOfUtterances": "14",
      "numberOfTurns": "7",
      "sessionID": "3-00102-1",
      "dialog": [
        {
          "speaker": "speaker1",
          "personaID": "51621",
          "participantID": "9048",
          "utterance": "안녕하세요. 저는 30대 여성입니다.",
          "summary": "나는 30대이다. \n나는 여자이다.\n",
          "date": "2022-10-21",
          "time": "16:02:46",
          "terminate": "false"
        },
        {
          "speaker": "speaker2",
          "personaID": "52127",
          "participantID": "9039",
          "utterance": "안녕하세요. 저는 50대 여성입니다. 반갑습니다. ",
          "summary": "나는 50대 여성이다.",
          "date": "2022-10-21",
          "time": "16:03:10",
          "terminate": "false"
        },
        {
          "speaker": "speaker1",
          "personaID": "51621",
          "participantID": "9048",
          "utterance": "저는 서울에서 살고 있습니다. 어디서 사시나요?",
          "summary": "나는 서울에서 살고 있다.",
          "date": "2022-10-21",
          "time": "16:03:39",
          "terminate": "false"
        },
        {
          "speaker": "speaker2",
          "personaID": "52127",
          "participantID": "9039",
          "utterance": "아, 서울에 사세요? 직장인이신가요? 저는 집에 있는 주부입니다. 가끔 자전거 동호회에서 활동합니다. ",
          "summary": "나는 주부이며, 자전거 동호회에서 활동한다.",
          "date": "2022-10-21",
          "time": "16:04:24",
          "terminate": "false"
        },
        {
          "speaker": "speaker1",
          "personaID": "51621",
          "participantID": "9048",
          "utterance": "직장인이에요. 어디서 사시나요?",
          "summary": "나는 직장인이다.",
          "date": "2022-10-21",
          "time": "16:05:30",
          "terminate": "false"
        },
        {
          "speaker": "speaker2",
          "personaID": "52127",
          "participantID": "9039",
          "utterance": "지방에 살아요. 취미가 뭐세요?",
          "summary": "나는 지방에 산다.",
          "date": "2022-10-21",
          "time": "16:06:11",
          "terminate": "false"
        },
        {
          "speaker": "speaker1",
          "personaID": "51621",
          "participantID": "9048",
          "utterance": "걷기랍니다. 유산소운동이죠. 아침에 눈뜨자 마자 걷고 나면 너무 좋아요.",
          "summary": "나는 취미로 걷기를 한다. \n나는 아침에 눈 뜨자 마자 걷는다. ",
          "date": "2022-10-21",
          "time": "16:08:31",
          "terminate": "false"
        },
        {
          "speaker": "speaker2",
          "personaID": "52127",
          "participantID": "9039",
          "utterance": "직장인이신데 부지런하시네요. 저도 좀 걸을까봐요. 요즘 매일 초조한데 일이 없으면 더 그런 것 같아서 일이 없을 땐 좀 걸어야겠네요. ",
          "summary": "나는 일이 없을 때 좀 걸어야겠다.",
          "date": "2022-10-21",
          "time": "16:11:12",
          "terminate": "false"
        },
        {
          "speaker": "speaker1",
          "personaID": "51621",
          "participantID": "9048",
          "utterance": "생각 정리도 되고 몸도 좋아지고 일석이조이죠. 자전거도 그럴 것 같은데요?",
          "summary": "",
          "date": "2022-10-21",
          "time": "16:13:05",
          "terminate": "false"
        },
        {
          "speaker": "speaker2",
          "personaID": "52127",
          "participantID": "9039",
          "utterance": "아, 그렇겠네요. 자전거도 그렇지만... 자전거는 장비를 갖춰야하고 바람부는 날 비오는 날도 피해야하고 걷는 것 보다는 복잡해서 잘 안나가게 돼요. 저는 더운 날씨를 좋아해서 여름에는 자주 나갔는데 요즘 안나가서 더 그런 것 같아요.",
          "summary": "나는 여러 가지 상황에 맞춰 준비해야 해서 자전거를 잘 안 탄다.",
          "date": "2022-10-21",
          "time": "16:16:27",
          "terminate": "false"
        },
        {
          "speaker": "speaker1",
          "personaID": "51621",
          "participantID": "9048",
          "utterance": "더울 때 나가시면 땀이 많이 나서 많이 힘드실텐데... 그래도 많이 상쾌하겠어요. 라이딩은 어디로 가세요?",
          "summary": "",
          "date": "2022-10-21",
          "time": "16:35:15",
          "terminate": "false"
        },
        {
          "speaker": "speaker2",
          "personaID": "52127",
          "participantID": "9039",
          "utterance": "집 근처 강변으로 많이 나가요. ",
          "summary": "나는 집 근처 강변으로 나간다.",
          "date": "2022-10-21",
          "time": "16:39:41",
          "terminate": "false"
        },
        {
          "speaker": "speaker1",
          "personaID": "51621",
          "participantID": "9048",
          "utterance": "제 집도 한강변인데 아침에 보면 라이딩하는 분들 많더라고요. 저도 시간되면 자전거 한번 타야겠는걸요?",
          "summary": "나는 집이 한강변이다.",
          "date": "2022-10-21",
          "time": "16:40:45",
          "terminate": "false"
        },
        {
          "speaker": "speaker2",
          "personaID": "52127",
          "participantID": "9039",
          "utterance": "네 걷기도 좋지만 자전거의 속도감도 매력적일거예요. 다음에 또 대화해요. ",
          "summary": "나는 자전거의 속도감이 매력적이다.",
          "date": "2022-10-21",
          "time": "16:44:05",
          "terminate": "true"
        }
      ],
      "sessionPersonaSummary": {
        "speaker1": [
          "나는 30대이다. \n나는 여자이다.\n",
          "나는 서울에서 살고 있다.",
          "나는 직장인이다.",
          "나는 취미로 걷기를 한다. \n나는 아침에 눈 뜨자 마자 걷는다. ",
          "나는 집이 한강변이다."
        ],
        "speaker2": [
          "나는 50대 여성이다.",
          "나는 주부이며, 자전거 동호회에서 활동한다.",
          "나는 지방에 산다.",
          "나는 일이 없을 때 좀 걸어야겠다.",
          "나는 여러 가지 상황에 맞춰 준비해야 해서 자전거를 잘 안 탄다.",
          "나는 집 근처 강변으로 나간다.",
          "나는 자전거의 속도감이 매력적이다."
        ]
      },
      "prevAggregatedpersonaSummary": {
        "speaker1": [],
        "speaker2": []
      }
    },
    {
      "prevSessionID": "3-00102-1",
      "prevTimeInfo": {
        "timeNum": "8",
        "timeUnit": "시간"
      },
      "nthSession": "2",
      "numberOfUtterances": "14",
      "numberOfTurns": "7",
      "sessionID": "3-00102-2",
      "dialog": [
        {
          "speaker": "speaker1",
          "personaID": "51621",
          "participantID": "9048",
          "utterance": "잠깐 우리 대화가 멈췄었네요. 뭐하고 계셨어요?",
          "summary": "",
          "date": "2022-10-21",
          "time": "17:14:21",
          "terminate": "false"
        },
        {
          "speaker": "speaker2",
          "personaID": "52127",
          "participantID": "9039",
          "utterance": "식구들이 집에 들어와서 같이 밥 먹고 치웠어요. 직장은 잘 마치셨나요?",
          "summary": "나는 집에서 밥 먹고 치웠다.",
          "date": "2022-10-21",
          "time": "17:16:12",
          "terminate": "false"
        },
        {
          "speaker": "speaker1",
          "personaID": "51621",
          "participantID": "9048",
          "utterance": "네 잘 마치고 월초에 뭘 배워 볼까하고 문화센터 수강신청 목록을 검토하려고요.",
          "summary": "나는 월초에 뭘 배워 보려고 문화센터 수강신청 목록을 검토했다.",
          "date": "2022-10-21",
          "time": "17:17:45",
          "terminate": "false"
        },
        {
          "speaker": "speaker2",
          "personaID": "52127",
          "participantID": "9039",
          "utterance": "정말 부지런 하시네요. 아침에는 걷기에, 저녁에는 문화센터 수강까지... 저녁에 들으시려는 것 맞지요? 뭘 들으시려고요?",
          "summary": "나는 님이 정말 부지런한 것 같다.",
          "date": "2022-10-21",
          "time": "17:19:28",
          "terminate": "false"
        },
        {
          "speaker": "speaker1",
          "personaID": "51621",
          "participantID": "9048",
          "utterance": "뭔가 해야겠다는 생각이에요. 실천에 옮기기까지 힘들어도 일단 신청해보려고요. 뭐 배우고 싶은 건 없으세요?",
          "summary": "",
          "date": "2022-10-21",
          "time": "17:20:46",
          "terminate": "false"
        },
        {
          "speaker": "speaker2",
          "personaID": "52127",
          "participantID": "9039",
          "utterance": "저는.... 뭐가 있는지 잘 모르지만.... 요가 배우고 싶어요. ",
          "summary": "나는 요가 배우고 싶다.",
          "date": "2022-10-21",
          "time": "17:21:21",
          "terminate": "false"
        },
        {
          "speaker": "speaker1",
          "personaID": "51621",
          "participantID": "9048",
          "utterance": "요가도 좋지요. 저는 또 알아보고 싶은게 가죽 공예 수강을 해볼 까 생각중이에요.",
          "summary": "나는 가죽 공예 수강을 해볼까 생각 중이다.",
          "date": "2022-10-21",
          "time": "17:22:24",
          "terminate": "false"
        },
        {
          "speaker": "speaker2",
          "personaID": "52127",
          "participantID": "9039",
          "utterance": "아, 가죽 공예요~. 지갑도 만들고 인형도 만들고 그런건가요? ",
          "summary": "나는 가죽 공예에 대해 궁금하다.",
          "date": "2022-10-21",
          "time": "17:23:31",
          "terminate": "false"
        },
        {
          "speaker": "speaker1",
          "personaID": "51621",
          "participantID": "9048",
          "utterance": "인형은 아니고 지갑이나 가방 이런 걸 만드는 건데, 시간이 너무 오래 걸려서 가능할 지 모르겠어요. 하핳",
          "summary": "",
          "date": "2022-10-21",
          "time": "17:24:52",
          "terminate": "false"
        },
        {
          "speaker": "speaker2",
          "personaID": "52127",
          "participantID": "9039",
          "utterance": "그래도 해보세요. 재밌을거 같아요. 저도 그 코바늘 뜨개질 배워보고 싶어요. ",
          "summary": "나는 뜨개질 배워보고 싶다.",
          "date": "2022-10-21",
          "time": "17:26:26",
          "terminate": "false"
        },
        {
          "speaker": "speaker1",
          "personaID": "51621",
          "participantID": "9048",
          "utterance": "아! 꼼꼼하신가봐요. 저는 예전에 목도리 뜨개질 해서 선물했었던 적이 있어요. 뜨개실 파는 곳에서 소수 정예로 수강도 하고요.",
          "summary": "나는 예전에 뜨개질 해서 선물했던 적이 있다. \n나는 예전에 뜨개실 파는 곳에서 수강한 적이 있다. ",
          "date": "2022-10-21",
          "time": "17:29:28",
          "terminate": "false"
        },
        {
          "speaker": "speaker2",
          "personaID": "52127",
          "participantID": "9039",
          "utterance": "저는 꼼꼼하지 않아요. 한 번도 뜨개질 이런거 해본 적 없어서 한 번 해보고 싶어요. ",
          "summary": "나는 뜨개질 한 번도 해본 적이 없어서 해보고 싶다.",
          "date": "2022-10-21",
          "time": "17:32:13",
          "terminate": "false"
        },
        {
          "speaker": "speaker1",
          "personaID": "51621",
          "participantID": "9048",
          "utterance": "한번 시작하면 멈출 수가 없어요. 하하. 자꾸 생각나고요. 마치 게임 테트리스 같다고 할까요? 무엇을 만들려고 하세요?",
          "summary": "나는 뜨개질을 한 번 시작하면 멈출 수가 없다.",
          "date": "2022-10-21",
          "time": "17:36:01",
          "terminate": "false"
        },
        {
          "speaker": "speaker2",
          "personaID": "52127",
          "participantID": "9039",
          "utterance": "와, 소질 있으신가 본대요? 식탁에 올려놓는 식탁보같은 거? 그런거 만들고 싶어요. 다음에 또 대화해요.  ",
          "summary": "나는 식탁보 같은 거 만들어보고 싶다.",
          "date": "2022-10-21",
          "time": "17:38:02",
          "terminate": "true"
        }
      ],
      "sessionPersonaSummary": {
        "speaker1": [
          "나는 월초에 뭘 배워 보려고 문화센터 수강신청 목록을 검토했다.",
          "나는 가죽 공예 수강을 해볼까 생각 중이다.",
          "나는 예전에 뜨개질 해서 선물했던 적이 있다. \n나는 예전에 뜨개실 파는 곳에서 수강한 적이 있다. ",
          "나는 뜨개질을 한 번 시작하면 멈출 수가 없다."
        ],
        "speaker2": [
          "나는 집에서 밥 먹고 치웠다.",
          "나는 님이 정말 부지런한 것 같다.",
          "나는 요가 배우고 싶다.",
          "나는 가죽 공예에 대해 궁금하다.",
          "나는 뜨개질 배워보고 싶다.",
          "나는 뜨개질 한 번도 해본 적이 없어서 해보고 싶다.",
          "나는 식탁보 같은 거 만들어보고 싶다."
        ]
      },
      "prevAggregatedpersonaSummary": {
        "speaker1": [
          "나는 30대이다. \n나는 여자이다.\n",
          "나는 서울에서 살고 있다.",
          "나는 직장인이다.",
          "나는 취미로 걷기를 한다. \n나는 아침에 눈 뜨자 마자 걷는다. ",
          "나는 집이 한강변이다."
        ],
        "speaker2": [
          "나는 50대 여성이다.",
          "나는 주부이며, 자전거 동호회에서 활동한다.",
          "나는 지방에 산다.",
          "나는 일이 없을 때 좀 걸어야겠다.",
          "나는 여러 가지 상황에 맞춰 준비해야 해서 자전거를 잘 안 탄다.",
          "나는 집 근처 강변으로 나간다.",
          "나는 자전거의 속도감이 매력적이다."
        ]
      }
    },
    {
      "prevSessionID": "3-00102-2",
      "prevTimeInfo": {
        "timeNum": "7",
        "timeUnit": "일"
      },
      "nthSession": "3",
      "numberOfUtterances": "14",
      "numberOfTurns": "7",
      "sessionID": "3-00102-3",
      "dialog": [
        {
          "speaker": "speaker1",
          "personaID": "51621",
          "participantID": "9048",
          "utterance": "일주일만이에요. 뜨개질 하고 계신가요? 하하",
          "summary": "",
          "date": "2022-10-21",
          "time": "17:43:13",
          "terminate": "false"
        },
        {
          "speaker": "speaker2",
          "personaID": "52127",
          "participantID": "9039",
          "utterance": "아니오. 문화센터 수강신청은 하셨어요?",
          "summary": "나는 문화센터 수강 신청했는지 궁금하다.",
          "date": "2022-10-21",
          "time": "17:45:37",
          "terminate": "false"
        },
        {
          "speaker": "speaker1",
          "personaID": "51621",
          "participantID": "9048",
          "utterance": "아직 보름 정도 있다가 신청해야 하나봐요. 커리큘럼만 열심히 보고 있어요. 코로나때문에 적은 수강생만 모집하더라고요.",
          "summary": "나는 문화센터 수강을 위해 커리큘럼을 보고 있다.",
          "date": "2022-10-24",
          "time": "10:45:34",
          "terminate": "false"
        },
        {
          "speaker": "speaker2",
          "personaID": "52127",
          "participantID": "9039",
          "utterance": "아, 아직도 그러는군요. 이제 일상으로 다 돌아온지 알았어요. 저희 동네 수영 배우는 곳은 코로나때 문 닫고 있다가 올 여름에 다시 문 열었는데 사람이 엄청 많더라고요. 가죽공예 하실 건가요?",
          "summary": "나는 동네 수영장이 문을 열었는데 사람이 엄청 많은 것을 봤다.",
          "date": "2022-10-24",
          "time": "10:54:00",
          "terminate": "false"
        },
        {
          "speaker": "speaker1",
          "personaID": "51621",
          "participantID": "9048",
          "utterance": "가죽공예랑 님이 말씀하셔서 뜨개실을 조금 보고 있어요. 팔랑귀에요! 수영도 하시는구나? 저는 기본 수영만 할 줄 알아요. 관절에 좋다는 아쿠아로빅을 신청하려하니 대기가 너무 길어요.",
          "summary": "나는 수영을 기본만 할 줄 안다. \n나는 아쿠아로빅 신청하고 싶었는데 대기가 너무 길었다. \n나는 문화센터 가죽공예와 뜨개실 보고 있다. ",
          "date": "2022-10-24",
          "time": "10:55:44",
          "terminate": "false"
        },
        {
          "speaker": "speaker2",
          "personaID": "52127",
          "participantID": "9039",
          "utterance": "아, 제가 수영을 하는 것은 아니고.... 집 앞에 수영장이 있어서 지나가다가 봤어요. 사람이 많더라고요.  가죽공예, 뜨개질 다 손으로 하는 거네요. 손재주가 있으신가봐요. ",
          "summary": ". .",
          "date": "2022-10-24",
          "time": "11:04:45",
          "terminate": "false"
        },
        {
          "speaker": "speaker1",
          "personaID": "51621",
          "participantID": "9048",
          "utterance": "아아 그러시구나! 손으로 하는 것을 좋아해요 .손재주는 없어요. 하하 뭔가 제가 핸드메이드면 의미 있잖아요.",
          "summary": "나는 손으로 하는 것을 좋아한다. \n나는 손재주는 없다. \n나는 핸드메이드가 의미 있다고 생각한다. ",
          "date": "2022-10-24",
          "time": "11:07:04",
          "terminate": "false"
        },
        {
          "speaker": "speaker2",
          "personaID": "52127",
          "participantID": "9039",
          "utterance": "아! 그럴것 같아요. 조금 어설프더라도 내가 만든 것 볼 때마다 뿌듯할 것 같아요. 저도 꼭 해볼래요!!",
          "summary": "나는 가죽공예를 꼭 해볼 거다.",
          "date": "2022-10-24",
          "time": "11:09:01",
          "terminate": "false"
        },
        {
          "speaker": "speaker1",
          "personaID": "51621",
          "participantID": "9048",
          "utterance": "하다보면 조금씩 늘지 않겠어요? 조금씩 늘게 되면 선물할 때 의미가 더 있을 것 같구요. 함께 하면 좋겠네요!",
          "summary": "나는 손으로 하는 것이 선물할 때 의미가 있다고 생각한다.",
          "date": "2022-10-24",
          "time": "11:11:49",
          "terminate": "false"
        },
        {
          "speaker": "speaker2",
          "personaID": "52127",
          "participantID": "9039",
          "utterance": "선물하는 것도 정말 의미 있겠어요. 생각만해도 뿌듯해져요. ",
          "summary": "나는 선물하는 것도 의미 있다 생각한다.",
          "date": "2022-10-24",
          "time": "11:13:17",
          "terminate": "false"
        },
        {
          "speaker": "speaker1",
          "personaID": "51621",
          "participantID": "9048",
          "utterance": "받는 것도 좋지만 내가 시간을 내서 교육을 받아 만든거라면 상대도 기분 좋은 것 같아요. 가죽공예를 하게되거든 카드지갑을 만들고 싶더라고요. 아직 시작도 하지 않았는데 설레네요 빨리 선물하고 싶나봐요! 하하",
          "summary": "나는 내가 시간을 내어 배우고 그것을 선물로 주는 것이 상대를 기분 좋게 한다고 생각한다. \n나는 가죽공예를 하면 카드지갑을 만들어 보고 싶다.  나는 빨리 선물을 하고 싶다.",
          "date": "2022-10-24",
          "time": "11:21:12",
          "terminate": "false"
        },
        {
          "speaker": "speaker2",
          "personaID": "52127",
          "participantID": "9039",
          "utterance": "마음이 예쁘시네요. 받는 사람도 무척 좋아할거예요. 누가 자기가 만들었다고 주면 소중한 사람이 되는 것 같아 기분 좋을 것 같아요. ",
          "summary": ".",
          "date": "2022-10-24",
          "time": "11:23:56",
          "terminate": "false"
        },
        {
          "speaker": "speaker1",
          "personaID": "51621",
          "participantID": "9048",
          "utterance": "가죽에 각인하는 것도 수강추가로 하려고요. 이름을 각인 해주면 더 기분이 좋지 않을까요? 어디선가 보니까 폰트 수강도 있더라고요.",
          "summary": "나는 가죽공예에다가 각인하는 것도 수강 추가로 하려고 한다.",
          "date": "2022-10-24",
          "time": "11:27:23",
          "terminate": "false"
        },
        {
          "speaker": "speaker2",
          "personaID": "52127",
          "participantID": "9039",
          "utterance": "선물로서 너무 완벽한 것 같아요. 다음에 또 이야기해요. 대화 즐거웠어요. ",
          "summary": ".",
          "date": "2022-10-24",
          "time": "11:28:33",
          "terminate": "true"
        }
      ],
      "sessionPersonaSummary": {
        "speaker1": [
          "나는 문화센터 수강을 위해 커리큘럼을 보고 있다.",
          "나는 수영을 기본만 할 줄 안다. \n나는 아쿠아로빅 신청하고 싶었는데 대기가 너무 길었다. \n나는 문화센터 가죽공예와 뜨개실 보고 있다. ",
          "나는 손으로 하는 것을 좋아한다. \n나는 손재주는 없다. \n나는 핸드메이드가 의미 있다고 생각한다. ",
          "나는 손으로 하는 것이 선물할 때 의미가 있다고 생각한다.",
          "나는 내가 시간을 내어 배우고 그것을 선물로 주는 것이 상대를 기분 좋게 한다고 생각한다. \n나는 가죽공예를 하면 카드지갑을 만들어 보고 싶다. ",
          "나는 빨리 선물을 하고 싶다.",
          "나는 가죽공예에다가 각인하는 것도 수강 추가로 하려고 한다."
        ],
        "speaker2": [
          "나는 문화센터 수강 신청했는지 궁금하다.",
          "나는 동네 수영장이 문을 열었는데 사람이 엄청 많은 것을 봤다.",
          ".",
          ".",
          "나는 가죽공예를 꼭 해볼 거다.",
          "나는 선물하는 것도 의미 있다 생각한다.",
          ".",
          "."
        ]
      },
      "prevAggregatedpersonaSummary": {
        "speaker1": [
          "나는 30대이다. \n나는 여자이다.\n",
          "나는 서울에서 살고 있다.",
          "나는 직장인이다.",
          "나는 취미로 걷기를 한다. \n나는 아침에 눈 뜨자 마자 걷는다. ",
          "나는 집이 한강변이다.",
          "나는 월초에 뭘 배워 보려고 문화센터 수강신청 목록을 검토했다.",
          "나는 가죽 공예 수강을 해볼까 생각 중이다.",
          "나는 예전에 뜨개질 해서 선물했던 적이 있다. \n나는 예전에 뜨개실 파는 곳에서 수강한 적이 있다. ",
          "나는 뜨개질을 한 번 시작하면 멈출 수가 없다."
        ],
        "speaker2": [
          "나는 50대 여성이다.",
          "나는 주부이며, 자전거 동호회에서 활동한다.",
          "나는 지방에 산다.",
          "나는 일이 없을 때 좀 걸어야겠다.",
          "나는 여러 가지 상황에 맞춰 준비해야 해서 자전거를 잘 안 탄다.",
          "나는 집 근처 강변으로 나간다.",
          "나는 자전거의 속도감이 매력적이다.",
          "나는 집에서 밥 먹고 치웠다.",
          "나는 님이 정말 부지런한 것 같다.",
          "나는 요가 배우고 싶다.",
          "나는 가죽 공예에 대해 궁금하다.",
          "나는 뜨개질 배워보고 싶다.",
          "나는 뜨개질 한 번도 해본 적이 없어서 해보고 싶다.",
          "나는 식탁보 같은 거 만들어보고 싶다."
        ]
      }
    }
  ]
}