{
  "FileInfo": {
    "filename": "K3-00425-CL51645-CP41012-14-06-S3.json",
    "sessionLevel": "3"
  },
  "participantsInfo": {
    "numberOfParticipants": "2",
    "speaker1": {
      "participantID": "3223",
      "gender": "여성",
      "age": "40대",
      "occupation": "주부",
      "bPlace": "서울/경기/인천",
      "gPlace": "서울/경기/인천",
      "rPlace": "서울/경기/인천",
      "educationLevel": "대졸"
    },
    "speaker2": {
      "participantID": "3578",
      "gender": "남성",
      "age": "50대",
      "occupation": "사무직",
      "bPlace": "서울/경기/인천",
      "gPlace": "서울/경기/인천",
      "rPlace": "서울/경기/인천",
      "educationLevel": "대졸"
    }
  },
  "multisessionInfo": {
    "multisessionID": "3-00425"
  },
  "personaInfo": {
    "clInfo": {
      "personaID": "51645",
      "personaFeatures": [
        "나는 여자이다.",
        "나는 50대이다.",
        "나는 요즘, 가끔 스트레스를 받는다",
        "나는 공인중개사 자격증을 취득했다",
        "나는 키위를 즐겨 먹는다"
      ],
      "speakerType": "speaker1"
    },
    "cpInfo": {
      "personaID": "41012",
      "personaFeatures": [
        "나는 남자이다.",
        "나는 40대이다.",
        "나는 무슨 일이든지 빨리 한다",
        "나는 가족과 여행을 많이 간다",
        "나는 신 음식을 즐겨 먹는다"
      ],
      "speakerType": "speaker2"
    }
  },
  "topicInfo": {
    "topicID": "14-06",
    "topicType": "시사/사회>사회이슈(국내)",
    "topicTitle": "주식"
  },
  "sessionInfo": [
    {
      "prevSessionID": null,
      "prevTimeInfo": {
        "timeNum": null,
        "timeUnit": null
      },
      "nthSession": "1",
      "numberOfUtterances": "14",
      "numberOfTurns": "7",
      "sessionID": "3-00425-1",
      "dialog": [
        {
          "speaker": "speaker1",
          "personaID": "51645",
          "participantID": "3223",
          "utterance": "안녕하세요 .저는 키위를 즐겨 먹는 50대 여성입니다.",
          "summary": "나는 키위를 즐겨먹는 50대 여성이다.",
          "date": "2022-11-12",
          "time": "13:41:43",
          "terminate": "false"
        },
        {
          "speaker": "speaker2",
          "personaID": "41012",
          "participantID": "3578",
          "utterance": "안녕하세요 저는 40대 남성입니다.",
          "summary": "나는 40대 남성이다.",
          "date": "2022-11-12",
          "time": "13:41:58",
          "terminate": "false"
        },
        {
          "speaker": "speaker1",
          "personaID": "51645",
          "participantID": "3223",
          "utterance": "저는 공부 준비하는게 있어서 가끔 스트레스를 받네요. 요즘 어떻게 지내시나요?",
          "summary": "나는 공부 준비하는 게 있어 가끔 스트레스받는다.",
          "date": "2022-11-12",
          "time": "13:50:12",
          "terminate": "false"
        },
        {
          "speaker": "speaker2",
          "personaID": "41012",
          "participantID": "3578",
          "utterance": "공부힘들죠 저는 주부예요 저는 무슨일이든지 빨리 하는 성격이라 집안일이 성격에 맞네요.",
          "summary": "나는 주부이다. 나는 무슨 일이든지 빨리 하는 편이라 집안일이 성격에 맞는다.",
          "date": "2022-11-12",
          "time": "13:51:09",
          "terminate": "false"
        },
        {
          "speaker": "speaker1",
          "personaID": "51645",
          "participantID": "3223",
          "utterance": "손이 빠르신분이신가봐요. 저는 공인중개사 자격증을 취득한 후 자신감이 생겨서 점점 다른 공부도 해보고 싶어졌어요.",
          "summary": "나는 공인중개사 따고 자신감이 생겨 다른 공부도 해보고 싶어졌다.",
          "date": "2022-11-12",
          "time": "13:57:36",
          "terminate": "false"
        },
        {
          "speaker": "speaker2",
          "personaID": "41012",
          "participantID": "3578",
          "utterance": "좋죠~ 공인중개사 붙을 정도면 어느거나 해도 다 잘하실거예요 저는 가족과 여행을 많이 가는편이예요.",
          "summary": "나는 가족과 여행을 많이 가는 편이다.",
          "date": "2022-11-12",
          "time": "13:58:20",
          "terminate": "false"
        },
        {
          "speaker": "speaker1",
          "personaID": "51645",
          "participantID": "3223",
          "utterance": "감사합니다. 지금이 여행가기 좋은 계절인거 같아요. 어느쪽으로 가실 계획 있으신가요?",
          "summary": "",
          "date": "2022-11-12",
          "time": "14:00:06",
          "terminate": "false"
        },
        {
          "speaker": "speaker2",
          "personaID": "41012",
          "participantID": "3578",
          "utterance": "평창에 스키예약하려고요 패키지로 가끔 할인되서 나오거든요 .",
          "summary": "나는 평창으로 갈 것이다.",
          "date": "2022-11-12",
          "time": "14:00:38",
          "terminate": "false"
        },
        {
          "speaker": "speaker1",
          "personaID": "51645",
          "participantID": "3223",
          "utterance": "아 벌써부터 스키예약을 하시나요? 스키장에 한번도 안가봐서 잘 몰라서요.",
          "summary": "나는 스키장 안 가봐서 잘 모른다.",
          "date": "2022-11-12",
          "time": "14:12:48",
          "terminate": "false"
        },
        {
          "speaker": "speaker2",
          "personaID": "41012",
          "participantID": "3578",
          "utterance": "저도 제작년에 처음갔는데 아이들만 타고 저는 타보지는 못했어요 나이드니 무서워서 못타겠어요.\n",
          "summary": "나는 재작년 처음 스키장에 갔는데 나이 드니 무서워서 못 타겠다.",
          "date": "2022-11-12",
          "time": "14:19:24",
          "terminate": "false"
        },
        {
          "speaker": "speaker1",
          "personaID": "51645",
          "participantID": "3223",
          "utterance": "아 맞아요. 나이드니 겁이 많아졌어요. 살짝 넘어져도 크게 다칠거 같고 전 그나마 재미있게 하는게 수영이예요.",
          "summary": "나는 나이 드니 겁이 많아졌다.",
          "date": "2022-11-12",
          "time": "14:31:28",
          "terminate": "false"
        },
        {
          "speaker": "speaker2",
          "personaID": "41012",
          "participantID": "3578",
          "utterance": "수영좋지요~ 저는 신음식을 즐겨먹어요  어떤 음식 좋아하시나요?",
          "summary": "나는 신 음식을 즐겨 먹는다.",
          "date": "2022-11-12",
          "time": "14:33:11",
          "terminate": "false"
        },
        {
          "speaker": "speaker1",
          "personaID": "51645",
          "participantID": "3223",
          "utterance": "저는 매운음식을 좋아해요~ 입에서 불이나야 눈이 번쩍 뜨인다고나 할까요?",
          "summary": "나는 매운 음식 좋아한다.",
          "date": "2022-11-12",
          "time": "14:40:19",
          "terminate": "false"
        },
        {
          "speaker": "speaker2",
          "personaID": "41012",
          "participantID": "3578",
          "utterance": "저는 매운건 못먹겠더라고요 저는 이만 나갔다 올게요~",
          "summary": "나는 매운 건 못 먹겠다.",
          "date": "2022-11-12",
          "time": "14:41:42",
          "terminate": "true"
        }
      ],
      "sessionPersonaSummary": {
        "speaker1": [
          "나는 키위를 즐겨먹는 50대 여성이다.",
          "나는 공부 준비하는 게 있어 가끔 스트레스받는다.",
          "나는 공인중개사 따고 자신감이 생겨 다른 공부도 해보고 싶어졌다.",
          "나는 스키장 안 가봐서 잘 모른다.",
          "나는 나이 드니 겁이 많아졌다.",
          "나는 매운 음식 좋아한다."
        ],
        "speaker2": [
          "나는 40대 남성이다.",
          "나는 주부이다. 나는 무슨 일이든지 빨리 하는 편이라 집안일이 성격에 맞는다.",
          "나는 가족과 여행을 많이 가는 편이다.",
          "나는 평창으로 갈 것이다.",
          "나는 재작년 처음 스키장에 갔는데 나이 드니 무서워서 못 타겠다.",
          "나는 신 음식을 즐겨 먹는다.",
          "나는 매운 건 못 먹겠다."
        ]
      },
      "prevAggregatedpersonaSummary": {
        "speaker1": [],
        "speaker2": []
      }
    },
    {
      "prevSessionID": "3-00425-1",
      "prevTimeInfo": {
        "timeNum": "6",
        "timeUnit": "일"
      },
      "nthSession": "2",
      "numberOfUtterances": "14",
      "numberOfTurns": "7",
      "sessionID": "3-00425-2",
      "dialog": [
        {
          "speaker": "speaker1",
          "personaID": "51645",
          "participantID": "3223",
          "utterance": "안녕하세요~ 벌써 6일이나 지났네요. 잘 지내셨나요?",
          "summary": "",
          "date": "2022-11-12",
          "time": "14:49:23",
          "terminate": "false"
        },
        {
          "speaker": "speaker2",
          "personaID": "41012",
          "participantID": "3578",
          "utterance": "6일 지났군요~ 시간이 너무 빨라요 저는 아내가 주식을 또 해서 속상해요.",
          "summary": "나는 아내가 주식을 해서 속상하다.",
          "date": "2022-11-12",
          "time": "14:50:57",
          "terminate": "false"
        },
        {
          "speaker": "speaker1",
          "personaID": "51645",
          "participantID": "3223",
          "utterance": "작년엔 주식으로 번 사람들이 많았는데.. 올해는 다들 주식 얘긴 안꺼내죠. 아내가 주식을 하시는거예요?",
          "summary": "",
          "date": "2022-11-12",
          "time": "14:59:32",
          "terminate": "false"
        },
        {
          "speaker": "speaker2",
          "personaID": "41012",
          "participantID": "3578",
          "utterance": "네 신혼때부터 꾸준히 했는데 한번도 돈 번적이 없어요 그러니 제가 주식을 싫어하죠.",
          "summary": "나는 아내가 주식으로 한 번도 돈 번 적이 없어서 주식을 싫어한다.",
          "date": "2022-11-12",
          "time": "15:00:31",
          "terminate": "false"
        },
        {
          "speaker": "speaker1",
          "personaID": "51645",
          "participantID": "3223",
          "utterance": "아 오래하셨군요. 손해가 많으신거예요?",
          "summary": "",
          "date": "2022-11-12",
          "time": "15:02:50",
          "terminate": "false"
        },
        {
          "speaker": "speaker2",
          "personaID": "41012",
          "participantID": "3578",
          "utterance": "그쵸 신혼때는 작업하는지 모르고 뒤늦게 들어갔다가 완전 손해봤어요.",
          "summary": "",
          "date": "2022-11-12",
          "time": "15:10:52",
          "terminate": "false"
        },
        {
          "speaker": "speaker1",
          "personaID": "51645",
          "participantID": "3223",
          "utterance": "저도 지금 손해가 장난이 아니예요. 작년에 다들 돈 복사기라고 좋아할때 뺐었어야했는데.. 어쩔수 없이 버텨야죠.",
          "summary": "나는 주식으로 손해가 장난 아니라 버틸 것이다.",
          "date": "2022-11-12",
          "time": "15:12:55",
          "terminate": "false"
        },
        {
          "speaker": "speaker2",
          "personaID": "41012",
          "participantID": "3578",
          "utterance": "맞아요 버티는게 이기는거죠 근데 그게 쉽지 않은 것 같아요.",
          "summary": "나는 버티면 이기는 거라고 생각하지만 쉽지 않은 것 같다.",
          "date": "2022-11-12",
          "time": "15:18:07",
          "terminate": "false"
        },
        {
          "speaker": "speaker1",
          "personaID": "51645",
          "participantID": "3223",
          "utterance": "저는 그냥 없는 돈이다 생각하고 안쳐다보려구요. 남편이 놀릴땐 그냥 자식 증여해주겠다고 해요.",
          "summary": "나는 돈이 없다 생각하고 자식에게 증여 생각 중이다.",
          "date": "2022-11-12",
          "time": "15:54:48",
          "terminate": "false"
        },
        {
          "speaker": "speaker2",
          "personaID": "41012",
          "participantID": "3578",
          "utterance": "맞아요 배우중에 전원주 보면 그렇게 주식부자라고 하더라고요 예전부터 아직도 보유중이래요.",
          "summary": "",
          "date": "2022-11-12",
          "time": "15:57:57",
          "terminate": "false"
        },
        {
          "speaker": "speaker1",
          "personaID": "51645",
          "participantID": "3223",
          "utterance": "아 저도 @이름@씨 나오는 프로 봤었어요. 대단하시더라구요. 그렇게 멋진 할머니 되고 싶어요.",
          "summary": "나는 @이름@ 나오는 프로 봤다. 나도 @이름@처럼 멋있는 할머니 되고 싶다.",
          "date": "2022-11-12",
          "time": "16:00:12",
          "terminate": "false"
        },
        {
          "speaker": "speaker2",
          "personaID": "41012",
          "participantID": "3578",
          "utterance": "은행에서 차끌고 모시러 온다는말에 너무 부럽더라고요.",
          "summary": "",
          "date": "2022-11-12",
          "time": "16:07:09",
          "terminate": "false"
        },
        {
          "speaker": "speaker1",
          "personaID": "51645",
          "participantID": "3223",
          "utterance": "와 그정도 이시군요. 너무 멋지네요!",
          "summary": "",
          "date": "2022-11-12",
          "time": "16:08:45",
          "terminate": "false"
        },
        {
          "speaker": "speaker2",
          "personaID": "41012",
          "participantID": "3578",
          "utterance": "저는 이만 나가봐야 할 것 같아요. 일 빨리 처리하고 쉬어야겠어요.",
          "summary": "나는 일을 빨리 처리할 것이다.",
          "date": "2022-11-12",
          "time": "16:10:21",
          "terminate": "true"
        }
      ],
      "sessionPersonaSummary": {
        "speaker1": [
          "나는 주식으로 손해가 장난 아니라 버틸 것이다.",
          "나는 돈이 없다 생각하고 자식에게 증여 생각 중이다.",
          "나는 @이름@ 나오는 프로 봤다. 나도 @이름@처럼 멋있는 할머니 되고 싶다."
        ],
        "speaker2": [
          "나는 아내가 주식을 해서 속상하다.",
          "나는 아내가 주식으로 한 번도 돈 번 적이 없어서 주식을 싫어한다.",
          "나는 버티면 이기는 거라고 생각하지만 쉽지 않은 것 같다.",
          "나는 일을 빨리 처리할 것이다."
        ]
      },
      "prevAggregatedpersonaSummary": {
        "speaker1": [
          "나는 키위를 즐겨먹는 50대 여성이다.",
          "나는 공부 준비하는 게 있어 가끔 스트레스받는다.",
          "나는 공인중개사 따고 자신감이 생겨 다른 공부도 해보고 싶어졌다.",
          "나는 스키장 안 가봐서 잘 모른다.",
          "나는 나이 드니 겁이 많아졌다.",
          "나는 매운 음식 좋아한다."
        ],
        "speaker2": [
          "나는 40대 남성이다.",
          "나는 주부이다. 나는 무슨 일이든지 빨리 하는 편이라 집안일이 성격에 맞는다.",
          "나는 가족과 여행을 많이 가는 편이다.",
          "나는 평창으로 갈 것이다.",
          "나는 재작년 처음 스키장에 갔는데 나이 드니 무서워서 못 타겠다.",
          "나는 신 음식을 즐겨 먹는다.",
          "나는 매운 건 못 먹겠다."
        ]
      }
    },
    {
      "prevSessionID": "3-00425-2",
      "prevTimeInfo": {
        "timeNum": "45",
        "timeUnit": "시간"
      },
      "nthSession": "3",
      "numberOfUtterances": "14",
      "numberOfTurns": "7",
      "sessionID": "3-00425-3",
      "dialog": [
        {
          "speaker": "speaker1",
          "personaID": "51645",
          "participantID": "3223",
          "utterance": "안녕하세요. 45시간만이네요~ 어떻게 지내셨어요?",
          "summary": "",
          "date": "2022-11-12",
          "time": "16:16:34",
          "terminate": "false"
        },
        {
          "speaker": "speaker2",
          "personaID": "41012",
          "participantID": "3578",
          "utterance": "저는 커피한잔 하고 있어요~@이름@님도 잘 지내셨나요?",
          "summary": "나는 커피 한잔 하고 있다.",
          "date": "2022-11-12",
          "time": "16:16:55",
          "terminate": "false"
        },
        {
          "speaker": "speaker1",
          "personaID": "51645",
          "participantID": "3223",
          "utterance": "네 간밤에 미국 주식이 많이 오르더니 오늘은 장이 좀 좋네요 정말 다행이예요.",
          "summary": "나는 미국 주식이 올라서 장이 좋아져 다행이다.",
          "date": "2022-11-12",
          "time": "16:20:06",
          "terminate": "false"
        },
        {
          "speaker": "speaker2",
          "personaID": "41012",
          "participantID": "3578",
          "utterance": "다행이네요 주식이 진짜 공부도 많이해야 하고 끈기도 결단력도 있어야 하는것 같아요.",
          "summary": "나는 주식이 공부도 많이 해야 하고 끈기도 결단력도 있어야 하는 거 같다.",
          "date": "2022-11-12",
          "time": "16:21:02",
          "terminate": "false"
        },
        {
          "speaker": "speaker1",
          "personaID": "51645",
          "participantID": "3223",
          "utterance": "저는 그냥 알수 없는게 주식판인거 같아요. 공부해도 모르겠고 그냥 모르겠어요. 다음엔 그냥 etf만 사려구요.",
          "summary": "나는 주식은 알 수가 없다.",
          "date": "2022-11-12",
          "time": "16:25:40",
          "terminate": "false"
        },
        {
          "speaker": "speaker2",
          "personaID": "41012",
          "participantID": "3578",
          "utterance": "ㅋ맞아요 저희 시어머니도 공부 한참 하시더니 얼마를 벌었는지 도통 말이 없네요.",
          "summary": "나의 시어머니도 공부 많이 하시더니 얼마를 벌었는지는 말이 없으시다.",
          "date": "2022-11-12",
          "time": "16:31:19",
          "terminate": "false"
        },
        {
          "speaker": "speaker1",
          "personaID": "51645",
          "participantID": "3223",
          "utterance": "벌때는 막 떠벌리고 다니는데 말씀 안하시는거 보니 파랑파랑하신거 아닌가 싶네요.ㅜ",
          "summary": "",
          "date": "2022-11-12",
          "time": "21:24:37",
          "terminate": "false"
        },
        {
          "speaker": "speaker2",
          "personaID": "41012",
          "participantID": "3578",
          "utterance": "그니까요 공부를 열심히 하시던데 얼마 벌었다는 말은 없으시더라고요.",
          "summary": "",
          "date": "2022-11-12",
          "time": "23:07:01",
          "terminate": "false"
        },
        {
          "speaker": "speaker1",
          "personaID": "51645",
          "participantID": "3223",
          "utterance": "그래도 어머니 연세에 공부를 하신다는게 멋지시네요. 돈 들어가면 공부하게 된다는데.. 저는 하다말다 성격이 느긋한가바요.",
          "summary": "나는 나이 드신 어른이 공부하는 게 멋있다.",
          "date": "2022-11-13",
          "time": "10:58:23",
          "terminate": "false"
        },
        {
          "speaker": "speaker2",
          "personaID": "41012",
          "participantID": "3578",
          "utterance": "저도 그리 공부하라해도 주식은 어려워서 못하겠어요.",
          "summary": "나는 주식은 어려워서 공부를 못하겠다.",
          "date": "2022-11-13",
          "time": "11:16:09",
          "terminate": "false"
        },
        {
          "speaker": "speaker1",
          "personaID": "51645",
          "participantID": "3223",
          "utterance": "맞아요. 너무 어려워요. 그리구 나이가 있다보니 뒤돌아서면 까먹더라구요. 슬프네요.",
          "summary": "나는 나이 드니 뒤돌아서면 까먹는다.",
          "date": "2022-11-13",
          "time": "11:19:54",
          "terminate": "false"
        },
        {
          "speaker": "speaker2",
          "personaID": "41012",
          "participantID": "3578",
          "utterance": "그쵸 오래 앉아있음 허리도 아프고 그렇게 주식에 올인해서 공부할 시간도 없어요 ㅜ",
          "summary": "나는 오래 앉아 있으면 허리도 아프고 주식에 올인해서 공부할 시간도 없다.",
          "date": "2022-11-13",
          "time": "11:20:35",
          "terminate": "false"
        },
        {
          "speaker": "speaker1",
          "personaID": "51645",
          "participantID": "3223",
          "utterance": "맞아요. 요즘같이 불안정한 시기에는 회사 열심히 다니는게 제일 돈버는거인거 같아요.",
          "summary": "나는 요즘같이 불안정한 시기에는 회사 다니는 게 돈 버는 것 같다.",
          "date": "2022-11-13",
          "time": "11:32:04",
          "terminate": "false"
        },
        {
          "speaker": "speaker2",
          "personaID": "41012",
          "participantID": "3578",
          "utterance": "맞네요 저는 이만 나가봐야 할것 같아요.",
          "summary": "",
          "date": "2022-11-13",
          "time": "11:32:42",
          "terminate": "true"
        }
      ],
      "sessionPersonaSummary": {
        "speaker1": [
          "나는 미국 주식이 올라서 장이 좋아져 다행이다.",
          "나는 주식은 알 수가 없다.",
          "나는 나이 드신 어른이 공부하는 게 멋있다.",
          "나는 나이 드니 뒤돌아서면 까먹는다.",
          "나는 요즘같이 불안정한 시기에는 회사 다니는 게 돈 버는 것 같다."
        ],
        "speaker2": [
          "나는 커피 한잔 하고 있다.",
          "나는 주식이 공부도 많이 해야 하고 끈기도 결단력도 있어야 하는 거 같다.",
          "나의 시어머니도 공부 많이 하시더니 얼마를 벌었는지는 말이 없으시다.",
          "나는 주식은 어려워서 공부를 못하겠다.",
          "나는 오래 앉아 있으면 허리도 아프고 주식에 올인해서 공부할 시간도 없다."
        ]
      },
      "prevAggregatedpersonaSummary": {
        "speaker1": [
          "나는 키위를 즐겨먹는 50대 여성이다.",
          "나는 공부 준비하는 게 있어 가끔 스트레스받는다.",
          "나는 공인중개사 따고 자신감이 생겨 다른 공부도 해보고 싶어졌다.",
          "나는 스키장 안 가봐서 잘 모른다.",
          "나는 나이 드니 겁이 많아졌다.",
          "나는 매운 음식 좋아한다.",
          "나는 주식으로 손해가 장난 아니라 버틸 것이다.",
          "나는 돈이 없다 생각하고 자식에게 증여 생각 중이다.",
          "나는 @이름@ 나오는 프로 봤다. 나도 @이름@처럼 멋있는 할머니 되고 싶다."
        ],
        "speaker2": [
          "나는 40대 남성이다.",
          "나는 주부이다. 나는 무슨 일이든지 빨리 하는 편이라 집안일이 성격에 맞는다.",
          "나는 가족과 여행을 많이 가는 편이다.",
          "나는 평창으로 갈 것이다.",
          "나는 재작년 처음 스키장에 갔는데 나이 드니 무서워서 못 타겠다.",
          "나는 신 음식을 즐겨 먹는다.",
          "나는 매운 건 못 먹겠다.",
          "나는 아내가 주식을 해서 속상하다.",
          "나는 아내가 주식으로 한 번도 돈 번 적이 없어서 주식을 싫어한다.",
          "나는 버티면 이기는 거라고 생각하지만 쉽지 않은 것 같다.",
          "나는 일을 빨리 처리할 것이다."
        ]
      }
    }
  ]
}