{
  "FileInfo": {
    "filename": "K3-00560-CL03245-CP03148-09-07-S3.json",
    "sessionLevel": "3"
  },
  "participantsInfo": {
    "numberOfParticipants": "2",
    "speaker1": {
      "participantID": "25341",
      "gender": "남성",
      "age": "40대",
      "occupation": "사무직",
      "bPlace": "대전/세종/충청/강원",
      "gPlace": "대전/세종/충청/강원",
      "rPlace": "대전/세종/충청/강원",
      "educationLevel": "고졸"
    },
    "speaker2": {
      "participantID": "25283",
      "gender": "남성",
      "age": "40대",
      "occupation": "자영업",
      "bPlace": "광주/전라/제주",
      "gPlace": "광주/전라/제주",
      "rPlace": "광주/전라/제주",
      "educationLevel": "고졸"
    }
  },
  "multisessionInfo": {
    "multisessionID": "3-00560"
  },
  "personaInfo": {
    "clInfo": {
      "personaID": "03245",
      "personaFeatures": [
        "나는 남자이다.",
        "나는 40대이다.",
        "나는 종교가 없다.",
        "나는 갈비를 좋아한다.",
        "나는 멜로 영화를 자주 본다."
      ],
      "speakerType": "speaker1"
    },
    "cpInfo": {
      "personaID": "03148",
      "personaFeatures": [
        "나는 남자이다.",
        "나는 40대이다.",
        "나는 가족과 별로 연락을 하지 않는다.",
        "나는 바람 부는 날을 싫어한다.",
        "나는 위인전기를 꾸준히 읽는다."
      ],
      "speakerType": "speaker2"
    }
  },
  "topicInfo": {
    "topicID": "09-07",
    "topicType": "개인 및 관계>반려동물",
    "topicTitle": "동물병원"
  },
  "sessionInfo": [
    {
      "prevSessionID": null,
      "prevTimeInfo": {
        "timeNum": null,
        "timeUnit": null
      },
      "nthSession": "1",
      "numberOfUtterances": "14",
      "numberOfTurns": "7",
      "sessionID": "3-00560-1",
      "dialog": [
        {
          "speaker": "speaker1",
          "personaID": "03245",
          "participantID": "25341",
          "utterance": "반갑습니다! 종교가 없는 40대 남성입니다.",
          "summary": "나는 40대 남성이다. 나는 종교가 없다.",
          "date": "2022-09-12",
          "time": "11:01:41",
          "terminate": "false"
        },
        {
          "speaker": "speaker2",
          "personaID": "03148",
          "participantID": "25283",
          "utterance": "안녕하세요ㅎㅎ평소 바람 부는 날을 싫어하는 40대 남자입니다~!",
          "summary": "나는 40대 남자이다. 나는 바람 부는 날을 싫어한다.",
          "date": "2022-09-12",
          "time": "11:01:58",
          "terminate": "false"
        },
        {
          "speaker": "speaker1",
          "personaID": "03245",
          "participantID": "25341",
          "utterance": "ㅋㅋ앗 바람부는 날을 싫어하시나요? 이유가 있으세요?",
          "summary": "나는 바람 부는 날을 싫어하는 이유가 궁금하다.",
          "date": "2022-09-12",
          "time": "11:02:29",
          "terminate": "false"
        },
        {
          "speaker": "speaker2",
          "personaID": "03148",
          "participantID": "25283",
          "utterance": "제가 통풍이 심한 편이라서요ㅠㅠ아프기전엔 좋아했는데 아쉽네요.",
          "summary": "나는 통풍이 있다. 나는 아프기 전에 바람 부는 날을 좋아했었다.",
          "date": "2022-09-12",
          "time": "11:02:48",
          "terminate": "false"
        },
        {
          "speaker": "speaker1",
          "personaID": "03245",
          "participantID": "25341",
          "utterance": "헉..어떤 증상인지 정확히 몰라서 그런데, 어떤 증상인가요? 많이 아픈가요?",
          "summary": "나는 통풍에 대해서 알지 못한다.",
          "date": "2022-09-12",
          "time": "11:03:30",
          "terminate": "false"
        },
        {
          "speaker": "speaker2",
          "personaID": "03148",
          "participantID": "25283",
          "utterance": "바람에 맞으면 통풍이 있는 증상이 송곳으로 찔리는거처럼 많이 아파요ㅎㅎ.",
          "summary": "",
          "date": "2022-09-12",
          "time": "11:03:49",
          "terminate": "false"
        },
        {
          "speaker": "speaker1",
          "personaID": "03245",
          "participantID": "25341",
          "utterance": "헉.. 엄청 고통스럽겠는데요? 그럼 바람 부는날엔 아예 외출을 못하시나요?",
          "summary": "나는 상대방의 통증이 고통스러워 보인다.",
          "date": "2022-09-12",
          "time": "11:04:10",
          "terminate": "false"
        },
        {
          "speaker": "speaker2",
          "personaID": "03148",
          "participantID": "25283",
          "utterance": "그렇죠ㅎㅎ평소에도 주로 집에서 요양을 한답니다.",
          "summary": "나는 평소 집에서 요양을 한다.",
          "date": "2022-09-12",
          "time": "11:04:25",
          "terminate": "false"
        },
        {
          "speaker": "speaker1",
          "personaID": "03245",
          "participantID": "25341",
          "utterance": "그러시겠군요ㅠㅠ그럼 바람 부는 날엔 대처법도 없이 그냥.. 집에 있어야 하는건가요?",
          "summary": "나는 통풍의 대처법이 궁금하다.",
          "date": "2022-09-12",
          "time": "11:04:41",
          "terminate": "false"
        },
        {
          "speaker": "speaker2",
          "personaID": "03148",
          "participantID": "25283",
          "utterance": "뭐..주기적으로 요양하고 병원가지만 아직 완치가 없는 증세라서요..집에서 지내고 있어요ㅋㅋ.",
          "summary": "",
          "date": "2022-09-12",
          "time": "11:05:44",
          "terminate": "false"
        },
        {
          "speaker": "speaker1",
          "personaID": "03245",
          "participantID": "25341",
          "utterance": "그렇군요... 완치가 없다니 너무 힘드실 거 같아요ㅠㅠ약도 드세요?",
          "summary": "나는 상대방의 지병이 힘들거라 생각한다.",
          "date": "2022-09-12",
          "time": "11:06:11",
          "terminate": "false"
        },
        {
          "speaker": "speaker2",
          "personaID": "03148",
          "participantID": "25283",
          "utterance": "네~ 병원에서 지어주는 약 먹고 있어요~",
          "summary": "나는 통풍으로 약을 복용하고 있다.",
          "date": "2022-09-12",
          "time": "11:06:23",
          "terminate": "false"
        },
        {
          "speaker": "speaker1",
          "personaID": "03245",
          "participantID": "25341",
          "utterance": "그렇군요.. 완치가 없다지만 그래도 얼른 나으시길 바랄게요! 저 점심시간이라 잠깐 자리 비울게요!",
          "summary": "나는 상대방의 완치를 독려한다.",
          "date": "2022-09-12",
          "time": "11:06:44",
          "terminate": "false"
        },
        {
          "speaker": "speaker2",
          "personaID": "03148",
          "participantID": "25283",
          "utterance": "감사합니다~ 식사 맛있게 드시고 연락 주세요~",
          "summary": "",
          "date": "2022-09-12",
          "time": "11:06:54",
          "terminate": "true"
        }
      ],
      "sessionPersonaSummary": {
        "speaker1": [
          "나는 40대 남성이다. 나는 종교가 없다.",
          "나는 바람 부는 날을 싫어하는 이유가 궁금하다.",
          "나는 통풍에 대해서 알지 못한다.",
          "나는 상대방의 통증이 고통스러워 보인다.",
          "나는 통풍의 대처법이 궁금하다.",
          "나는 상대방의 지병이 힘들거라 생각한다.",
          "나는 상대방의 완치를 독려한다."
        ],
        "speaker2": [
          "나는 40대 남자이다. 나는 바람 부는 날을 싫어한다.",
          "나는 통풍이 있다. 나는 아프기 전에 바람 부는 날을 좋아했었다.",
          "나는 평소 집에서 요양을 한다.",
          "나는 통풍으로 약을 복용하고 있다."
        ]
      },
      "prevAggregatedpersonaSummary": {
        "speaker1": [],
        "speaker2": []
      }
    },
    {
      "prevSessionID": "3-00560-1",
      "prevTimeInfo": {
        "timeNum": "2",
        "timeUnit": "시간"
      },
      "nthSession": "2",
      "numberOfUtterances": "14",
      "numberOfTurns": "7",
      "sessionID": "3-00560-2",
      "dialog": [
        {
          "speaker": "speaker1",
          "personaID": "03245",
          "participantID": "25341",
          "utterance": "점심 먹고 소화 좀 시키고 왔더니 2시간이 지났네요. 점심 드셨어요?",
          "summary": "",
          "date": "2022-09-12",
          "time": "11:07:14",
          "terminate": "false"
        },
        {
          "speaker": "speaker2",
          "personaID": "03148",
          "participantID": "25283",
          "utterance": "네ㅎㅎ샌드위치 먹었어요. 밥 먹었더니 나른하네요.",
          "summary": "나는 점심으로 샌드위치를 먹었다. 나는 지금 나른하다.",
          "date": "2022-09-12",
          "time": "11:07:28",
          "terminate": "false"
        },
        {
          "speaker": "speaker1",
          "personaID": "03245",
          "participantID": "25341",
          "utterance": "요즘 날이 선선해서 식곤증 장난 아니죠ㅠㅠㅎㅎ참 선생님은 어떤 일 하세요?",
          "summary": "",
          "date": "2022-09-12",
          "time": "11:08:00",
          "terminate": "false"
        },
        {
          "speaker": "speaker2",
          "personaID": "03148",
          "participantID": "25283",
          "utterance": "아프기전엔 영업직을 했었는데ㅎㅎ지금은 모아놓은 돈으로 쉬고 있어요.",
          "summary": "나는 아프기 전 영업직을 했다. 나는 현재 일을 쉬고 있다.",
          "date": "2022-09-12",
          "time": "11:08:16",
          "terminate": "false"
        },
        {
          "speaker": "speaker1",
          "personaID": "03245",
          "participantID": "25341",
          "utterance": "와 ㅎㅎ 모아두신 돈으로 쉴 정도면 영업 꽤나 하셨겠네요?!",
          "summary": "나는 상대방의 영업 실적이 좋았을 거라 생각한다.",
          "date": "2022-09-12",
          "time": "11:08:47",
          "terminate": "false"
        },
        {
          "speaker": "speaker2",
          "personaID": "03148",
          "participantID": "25283",
          "utterance": "젊었을때부터 투자는 못해도 저금은 꾸준히 해서요ㅎㅎ일도 잘했습니다!",
          "summary": "나는 젊었을 때부터 꾸준히 저금을 했다. 나는 일을 잘했다고 생각한다.",
          "date": "2022-09-12",
          "time": "11:09:10",
          "terminate": "false"
        },
        {
          "speaker": "speaker1",
          "personaID": "03245",
          "participantID": "25341",
          "utterance": "아주 정석적인 분이시네요!!ㅎㅎㅎ 그럼 결혼은 하셨어요?",
          "summary": "",
          "date": "2022-09-12",
          "time": "11:09:43",
          "terminate": "false"
        },
        {
          "speaker": "speaker2",
          "personaID": "03148",
          "participantID": "25283",
          "utterance": "못했어요ㅎㅎㅎ가족들하고도 사이가 좋지 않아, 별로 연락을 안하고 혼자 지내고 있습니다.",
          "summary": "나는 미혼이다. 나는 가족들과 사이가 좋지 않다. 나는 가족과 별로 연락을 하지 않는다.",
          "date": "2022-09-12",
          "time": "11:10:17",
          "terminate": "false"
        },
        {
          "speaker": "speaker1",
          "personaID": "03245",
          "participantID": "25341",
          "utterance": "아이쿠..제가 괜한 질문을 했네요ㅠㅠ 사이가 좋지 않으신 이유가 있나요?",
          "summary": "",
          "date": "2022-09-12",
          "time": "11:10:42",
          "terminate": "false"
        },
        {
          "speaker": "speaker2",
          "personaID": "03148",
          "participantID": "25283",
          "utterance": "성인되기전부터 여러가지 문제로 안좋아서ㅎㅎ성인되고 나서 바로 독립했어요.",
          "summary": "나는 성인이 된 후 바로 독립했다.",
          "date": "2022-09-12",
          "time": "11:11:11",
          "terminate": "false"
        },
        {
          "speaker": "speaker1",
          "personaID": "03245",
          "participantID": "25341",
          "utterance": "그러시구나.. 그래도 가끔 가족이 그립거나 하진 않으신가요?ㅠㅠ.",
          "summary": "나는 상대방이 가끔 가족이 그리울 거라 생각한다.",
          "date": "2022-09-12",
          "time": "11:11:41",
          "terminate": "false"
        },
        {
          "speaker": "speaker2",
          "personaID": "03148",
          "participantID": "25283",
          "utterance": "넵ㅎㅎ혼자지내는게 좋네요. 반려동물 키우는게 가족보다 더 좋을거같아요ㅎㅎ.",
          "summary": "나는 반려동물이 가족보다 더 좋겠다는 생각을 한다.",
          "date": "2022-09-12",
          "time": "11:12:12",
          "terminate": "false"
        },
        {
          "speaker": "speaker1",
          "personaID": "03245",
          "participantID": "25341",
          "utterance": "아하 ㅎㅎ그렇게 생각하실수도 있죠! 존중합니다~ 제가 잠시 업무가 밀려서 다녀와야할 거 같아요 또 대화해요!",
          "summary": "나는 업무를 하러 간다.",
          "date": "2022-09-12",
          "time": "11:13:10",
          "terminate": "false"
        },
        {
          "speaker": "speaker2",
          "personaID": "03148",
          "participantID": "25283",
          "utterance": "저는 말나온김에 주변 동물 병원에서 분양하는곳이 있나 알아봐야겠네요ㅎㅎ근무 화이팅하세요.",
          "summary": "나는 동물 병원에서 분양업을 하는 곳이 있는지 알아볼 생각이다.",
          "date": "2022-09-12",
          "time": "11:13:34",
          "terminate": "true"
        }
      ],
      "sessionPersonaSummary": {
        "speaker1": [
          "나는 상대방의 영업 실적이 좋았을 거라 생각한다.",
          "나는 상대방이 가끔 가족이 그리울 거라 생각한다.",
          "나는 업무를 하러 간다."
        ],
        "speaker2": [
          "나는 점심으로 샌드위치를 먹었다. 나는 지금 나른하다.",
          "나는 아프기 전 영업직을 했다. 나는 현재 일을 쉬고 있다.",
          "나는 젊었을 때부터 꾸준히 저금을 했다. 나는 일을 잘했다고 생각한다.",
          "나는 미혼이다. 나는 가족들과 사이가 좋지 않다. 나는 가족과 별로 연락을 하지 않는다.",
          "나는 성인이 된 후 바로 독립했다.",
          "나는 반려동물이 가족보다 더 좋겠다는 생각을 한다.",
          "나는 동물 병원에서 분양업을 하는 곳이 있는지 알아볼 생각이다."
        ]
      },
      "prevAggregatedpersonaSummary": {
        "speaker1": [
          "나는 40대 남성이다. 나는 종교가 없다.",
          "나는 바람 부는 날을 싫어하는 이유가 궁금하다.",
          "나는 통풍에 대해서 알지 못한다.",
          "나는 상대방의 통증이 고통스러워 보인다.",
          "나는 통풍의 대처법이 궁금하다.",
          "나는 상대방의 지병이 힘들거라 생각한다.",
          "나는 상대방의 완치를 독려한다."
        ],
        "speaker2": [
          "나는 40대 남자이다. 나는 바람 부는 날을 싫어한다.",
          "나는 통풍이 있다. 나는 아프기 전에 바람 부는 날을 좋아했었다.",
          "나는 평소 집에서 요양을 한다.",
          "나는 통풍으로 약을 복용하고 있다."
        ]
      }
    },
    {
      "prevSessionID": "3-00560-2",
      "prevTimeInfo": {
        "timeNum": "3",
        "timeUnit": "시간"
      },
      "nthSession": "3",
      "numberOfUtterances": "18",
      "numberOfTurns": "9",
      "sessionID": "3-00560-3",
      "dialog": [
        {
          "speaker": "speaker1",
          "personaID": "03245",
          "participantID": "25341",
          "utterance": "저녁 식사 맛있게 하셨나요? 제가 좋아하는 갈비를 잔뜩 먹고왔더니 3시간이나 지났네요 ㅋㅋ.",
          "summary": "나는 갈비를 좋아한다.",
          "date": "2022-09-12",
          "time": "11:14:23",
          "terminate": "false"
        },
        {
          "speaker": "speaker2",
          "personaID": "03148",
          "participantID": "25283",
          "utterance": "잘 됐네요ㅎㅎ전 아직 저녁 안 먹었어요. 딱히 밥 생각이 없어서요.",
          "summary": "나는 식사 생각이 없어 저녁을 안 먹었다.",
          "date": "2022-09-12",
          "time": "11:14:42",
          "terminate": "false"
        },
        {
          "speaker": "speaker1",
          "personaID": "03245",
          "participantID": "25341",
          "utterance": "날씨도 선선하니 입맛이 돌 땐데 왜 입맛이 없으실까요?",
          "summary": "",
          "date": "2022-09-12",
          "time": "11:14:55",
          "terminate": "false"
        },
        {
          "speaker": "speaker2",
          "personaID": "03148",
          "participantID": "25283",
          "utterance": "그러게요ㅎㅎ별 다른 이유가 없는데ㅎㅎ그래서 동물병원에서 반려동물 분양을 알아보다가, 평소 꾸준히 읽는 위인전기 읽고 있었습니다.",
          "summary": "나는 위인전기를 꾸준히 읽는다. 나는 반려동물 분양을 알아보았다.",
          "date": "2022-09-12",
          "time": "11:15:12",
          "terminate": "false"
        },
        {
          "speaker": "speaker1",
          "personaID": "03245",
          "participantID": "25341",
          "utterance": "위인 전기 좋아하시는군요 ㅎㅎ 어떤 책 읽고 계셨어요?",
          "summary": "",
          "date": "2022-09-12",
          "time": "11:15:27",
          "terminate": "false"
        },
        {
          "speaker": "speaker2",
          "personaID": "03148",
          "participantID": "25283",
          "utterance": "나이팅게일에 대한 위인전을 읽었어요ㅎㅎ.",
          "summary": "나는 나이팅 게일 위인전을 읽고 있었다.",
          "date": "2022-09-12",
          "time": "11:15:32",
          "terminate": "false"
        },
        {
          "speaker": "speaker1",
          "personaID": "03245",
          "participantID": "25341",
          "utterance": "ㅎㅎ 위인전 꾸준히 읽기 힘들텐데..대단하시네요. 쉬는 휴일에도 위인 전기 읽으시는건가요?",
          "summary": "나는 위인전기를 꾸준히 읽는 상대방이 대단하다고 생각한다.",
          "date": "2022-09-12",
          "time": "11:15:51",
          "terminate": "false"
        },
        {
          "speaker": "speaker2",
          "personaID": "03148",
          "participantID": "25283",
          "utterance": "아까 말씀드린거처럼 매일 휴일이라ㅎㅎ평소에 자주 읽어요.",
          "summary": "",
          "date": "2022-09-12",
          "time": "11:16:12",
          "terminate": "false"
        },
        {
          "speaker": "speaker1",
          "personaID": "03245",
          "participantID": "25341",
          "utterance": "아, 아프셔서 쉬고 계시다고 했죠, 그럼 영화는 자주 안보세요?ㅎㅎ.",
          "summary": "",
          "date": "2022-09-12",
          "time": "11:16:32",
          "terminate": "false"
        },
        {
          "speaker": "speaker2",
          "personaID": "03148",
          "participantID": "25283",
          "utterance": "영화도 좋아해요ㅎㅎㅎ최근엔 퍼펙트맨이라는 영활 재밌게 봤네요ㅎㅎ.",
          "summary": "나는 최근 영화 퍼펙트맨을 재밌게 봤다.",
          "date": "2022-09-12",
          "time": "11:16:39",
          "terminate": "false"
        },
        {
          "speaker": "speaker1",
          "personaID": "03245",
          "participantID": "25341",
          "utterance": "아 퍼펙트맨은 처음 들어봐요 ㅋㅋ 저는 멜로 영화를 자주 보는데 멜로영화도 보세요?",
          "summary": "나는 멜로 영화를 자주 본다.",
          "date": "2022-09-12",
          "time": "11:16:51",
          "terminate": "false"
        },
        {
          "speaker": "speaker2",
          "personaID": "03148",
          "participantID": "25283",
          "utterance": "멜로도 재밌는 작품이라면 안 가리고 보는 편이에요ㅎㅎ.",
          "summary": "나는 재미있는 작품은 멜로 장르도 보는 편이다.",
          "date": "2022-09-12",
          "time": "11:17:04",
          "terminate": "false"
        },
        {
          "speaker": "speaker1",
          "personaID": "03245",
          "participantID": "25341",
          "utterance": "ㅎㅎ맞아요 사실 영화는 크게 장르 상관없이 재밌으면 괜찮더라구요~ 그럼 몸이 안좋으셔서 운동은 따로 안하시겠어요?",
          "summary": "나는 영화는 장르 상관없이 재밌게 본다.",
          "date": "2022-09-12",
          "time": "11:17:21",
          "terminate": "false"
        },
        {
          "speaker": "speaker2",
          "personaID": "03148",
          "participantID": "25283",
          "utterance": "집에서 스트레칭과 가볍게 걷는정도의 운동만 하고있어요ㅎㅎ.",
          "summary": "나는 평소 스트레칭, 가볍게 걷기의 운동을 한다.",
          "date": "2022-09-12",
          "time": "11:17:41",
          "terminate": "false"
        },
        {
          "speaker": "speaker1",
          "personaID": "03245",
          "participantID": "25341",
          "utterance": "ㅎㅎ그래도 그렇게 해서 건강에 도움된다면 충분하죠~ 많이 답답하시겠어요ㅠㅠ영업하시던분인데..",
          "summary": "나는 상대방이 지병으로 쉬는 생활이 답답할 거라 생각한다.",
          "date": "2022-09-12",
          "time": "11:17:50",
          "terminate": "false"
        },
        {
          "speaker": "speaker2",
          "personaID": "03148",
          "participantID": "25283",
          "utterance": "빨리 증세가 호전되서 일하고 싶긴하네요ㅎㅎ걱정 감사합니다.",
          "summary": "나는 증세가 호전되어 일하고 싶다.",
          "date": "2022-09-12",
          "time": "11:18:11",
          "terminate": "false"
        },
        {
          "speaker": "speaker1",
          "personaID": "03245",
          "participantID": "25341",
          "utterance": "ㅎㅎ 금방 나을거에요~ 그럼 저 일 마무리하러 가봐야해서 다음에 또 연락할게요!",
          "summary": "나는 상대방을 격려한다.",
          "date": "2022-09-12",
          "time": "11:18:27",
          "terminate": "false"
        },
        {
          "speaker": "speaker2",
          "personaID": "03148",
          "participantID": "25283",
          "utterance": "덕분에 무료했던 시간 즐겁게 대화 했습니다ㅎㅎ또 연락해요.",
          "summary": "",
          "date": "2022-09-12",
          "time": "11:18:47",
          "terminate": "true"
        }
      ],
      "sessionPersonaSummary": {
        "speaker1": [
          "나는 갈비를 좋아한다.",
          "나는 위인전기를 꾸준히 읽는 상대방이 대단하다고 생각한다.",
          "나는 멜로 영화를 자주 본다.",
          "나는 영화는 장르 상관없이 재밌게 본다.",
          "나는 상대방이 지병으로 쉬는 생활이 답답할 거라 생각한다.",
          "나는 상대방을 격려한다."
        ],
        "speaker2": [
          "나는 식사 생각이 없어 저녁을 안 먹었다.",
          "나는 위인전기를 꾸준히 읽는다. 나는 반려동물 분양을 알아보았다.",
          "나는 나이팅 게일 위인전을 읽고 있었다.",
          "나는 최근 영화 퍼펙트맨을 재밌게 봤다.",
          "나는 재미있는 작품은 멜로 장르도 보는 편이다.",
          "나는 평소 스트레칭, 가볍게 걷기의 운동을 한다.",
          "나는 증세가 호전되어 일하고 싶다."
        ]
      },
      "prevAggregatedpersonaSummary": {
        "speaker1": [
          "나는 40대 남성이다. 나는 종교가 없다.",
          "나는 바람 부는 날을 싫어하는 이유가 궁금하다.",
          "나는 통풍에 대해서 알지 못한다.",
          "나는 상대방의 통증이 고통스러워 보인다.",
          "나는 통풍의 대처법이 궁금하다.",
          "나는 상대방의 지병이 힘들거라 생각한다.",
          "나는 상대방의 완치를 독려한다.",
          "나는 상대방의 영업 실적이 좋았을 거라 생각한다.",
          "나는 상대방이 가끔 가족이 그리울 거라 생각한다.",
          "나는 업무를 하러 간다."
        ],
        "speaker2": [
          "나는 40대 남자이다. 나는 바람 부는 날을 싫어한다.",
          "나는 통풍이 있다. 나는 아프기 전에 바람 부는 날을 좋아했었다.",
          "나는 평소 집에서 요양을 한다.",
          "나는 통풍으로 약을 복용하고 있다.",
          "나는 점심으로 샌드위치를 먹었다. 나는 지금 나른하다.",
          "나는 아프기 전 영업직을 했다. 나는 현재 일을 쉬고 있다.",
          "나는 젊었을 때부터 꾸준히 저금을 했다. 나는 일을 잘했다고 생각한다.",
          "나는 미혼이다. 나는 가족들과 사이가 좋지 않다. 나는 가족과 별로 연락을 하지 않는다.",
          "나는 성인이 된 후 바로 독립했다.",
          "나는 반려동물이 가족보다 더 좋겠다는 생각을 한다.",
          "나는 동물 병원에서 분양업을 하는 곳이 있는지 알아볼 생각이다."
        ]
      }
    }
  ]
}