{
  "FileInfo": {
    "filename": "K3-00114-CL40157-CP26286-02-10-S3.json",
    "sessionLevel": "3"
  },
  "participantsInfo": {
    "numberOfParticipants": "2",
    "speaker1": {
      "participantID": "4026",
      "gender": "남성",
      "age": "40대",
      "occupation": "전문직",
      "bPlace": "서울/경기/인천",
      "gPlace": "서울/경기/인천",
      "rPlace": "서울/경기/인천",
      "educationLevel": "고졸"
    },
    "speaker2": {
      "participantID": "3268",
      "gender": "여성",
      "age": "30대",
      "occupation": "기타",
      "bPlace": "부산/대구/울산/경상",
      "gPlace": "부산/대구/울산/경상",
      "rPlace": "부산/대구/울산/경상",
      "educationLevel": "고졸"
    }
  },
  "multisessionInfo": {
    "multisessionID": "3-00114"
  },
  "personaInfo": {
    "clInfo": {
      "personaID": "40157",
      "personaFeatures": [
        "나는 남자이다.",
        "나는 40대이다.",
        "나의 거주지는 당진이다",
        "나는 위인전기를 싫어한다",
        "나는 컨트리 음악을 자주 듣는다"
      ],
      "speakerType": "speaker1"
    },
    "cpInfo": {
      "personaID": "26286",
      "personaFeatures": [
        "나는 여자이다.",
        "나는 20대이다.",
        "나는 대학생이다",
        "나는 사진부 동아리에 관심 있다",
        "나의 어머니는 연구원이다",
        "나는 바닐라라떼를 매일 2잔 이상 마신다",
        "나는 의외로 혼자 있는 것을 좋아한다"
      ],
      "speakerType": "speaker2"
    }
  },
  "topicInfo": {
    "topicID": "02-10",
    "topicType": "주거와 생활",
    "topicTitle": "주거 환경"
  },
  "sessionInfo": [
    {
      "prevSessionID": null,
      "prevTimeInfo": {
        "timeNum": null,
        "timeUnit": null
      },
      "nthSession": "1",
      "numberOfUtterances": "14",
      "numberOfTurns": "7",
      "sessionID": "3-00114-1",
      "dialog": [
        {
          "speaker": "speaker1",
          "personaID": "40157",
          "participantID": "4026",
          "utterance": "안녕하세요 저는 40대 남성입니다. ",
          "summary": "나는 40대 남성이다",
          "date": "2022-11-12",
          "time": "23:55:25",
          "terminate": "false"
        },
        {
          "speaker": "speaker2",
          "personaID": "26286",
          "participantID": "3268",
          "utterance": "안녕하세요 저는 20대 여성이며 현재 대학생입니다",
          "summary": "나는 20대 여성이다. 나는 대학생이다",
          "date": "2022-11-12",
          "time": "23:57:31",
          "terminate": "false"
        },
        {
          "speaker": "speaker1",
          "personaID": "40157",
          "participantID": "4026",
          "utterance": "반갑습니다. 저는 자영업을 하고 있고 당진에 거주하고 있습니다. ",
          "summary": "나는 자영업을 하고 있다 나는 당진에 거주하고 있다",
          "date": "2022-11-13",
          "time": "00:05:41",
          "terminate": "false"
        },
        {
          "speaker": "speaker2",
          "personaID": "26286",
          "participantID": "3268",
          "utterance": "자영업하시는구나 늘 항상 바쁘시겠어요 저는 요새  풍경 사진을 찍는것에 빠져서 사진부 동아리에 관심이 있거든요 그걸 알아보고 있어요",
          "summary": "나는 요즘 풍경사진을 찍는 것에 빠져있어서 사진부 동아리에 관심이 있다",
          "date": "2022-11-13",
          "time": "00:08:10",
          "terminate": "false"
        },
        {
          "speaker": "speaker1",
          "personaID": "40157",
          "participantID": "4026",
          "utterance": "사진찍는 걸 좋아하시는 군요. 좋아하는 일을 업으로 삼으면 즐겁게 일할 수 있을 것 같네요.  평소 책읽는 건 좋아하시나요?",
          "summary": "",
          "date": "2022-11-13",
          "time": "01:12:49",
          "terminate": "false"
        },
        {
          "speaker": "speaker2",
          "personaID": "26286",
          "participantID": "3268",
          "utterance": "많이 읽진 않지만 한번씩 커피한잔씩을 하며 독서하는걸 즐기기도 해요 의외로 혼자 있는 걸 좋아해서 그 시간에 음악을 듣거나 책을 읽게 되더라구요  님은 책 읽는거 좋아하시나봐요!",
          "summary": "나는 커피 한잔씩 하며 독서하는 걸 즐긴다. \n나는 혼자 있는 걸 좋아해서 음악을 듣거나 책을 읽는다.\n",
          "date": "2022-11-13",
          "time": "14:21:20",
          "terminate": "false"
        },
        {
          "speaker": "speaker1",
          "personaID": "40157",
          "participantID": "4026",
          "utterance": "그렇군요. 저는 어릴 때부터 책을 좋아했지만 위인전기는 싫어해요. ",
          "summary": "나는 어릴 때부터 책을 좋아했지만 위인전기는 싫어한다",
          "date": "2022-11-14",
          "time": "01:29:28",
          "terminate": "false"
        },
        {
          "speaker": "speaker2",
          "personaID": "26286",
          "participantID": "3268",
          "utterance": "위인전기는 저도 잘 접하지 않는것 같아요 저는 독서를 할때마다 라떼를 한잔씩 하며 책읽는걸 좋아해요 그러고보니 바닐라라떼를 매일 2잔 이상씩 마시고 있네요 오늘 뭐하고 보내셨나요? 저는 어머니와 오랜만에 시간을 함께 보냈어요 어머니가 연구원이시라 늘 바쁘셨는데 주말이라 간만에 여유롭게 데이트 했네요",
          "summary": "나는 바닐라라테를 매일 2잔 이상 마신다. 나는 어머니가 연구원이시라 늘 바쁘신데 주말이라 오래간만에 데이트를 했다.",
          "date": "2022-11-14",
          "time": "04:05:40",
          "terminate": "false"
        },
        {
          "speaker": "speaker1",
          "personaID": "40157",
          "participantID": "4026",
          "utterance": "저는 간만에 쉬는 날이라 집에서 푹 쉬고 있네요. 저는 컨트리 음악을 좋아해서 자주 들어요. ",
          "summary": "나는 오늘 오래간만에 쉬는 날이라 집에서 푹 쉬고 있다 나는 컨트리 음악을 좋아해서 자주 듣는다",
          "date": "2022-11-14",
          "time": "15:32:32",
          "terminate": "false"
        },
        {
          "speaker": "speaker2",
          "personaID": "26286",
          "participantID": "3268",
          "utterance": "아하 저한테는 생소한 음악인데 기회된다면 저도 한번 들어봐야 겠어요 오늘 모처럼 쉬는날인데 뭐하며 보내시고 계세요?",
          "summary": "",
          "date": "2022-11-14",
          "time": "16:13:24",
          "terminate": "false"
        },
        {
          "speaker": "speaker1",
          "personaID": "40157",
          "participantID": "4026",
          "utterance": "영화도 보고 음악도 듣고 뒹굴뒹굴 거리고 있습니다 하하",
          "summary": "나는 오늘 집에서 영화도 보고 음악도 듣고 뒹굴거리고 있다",
          "date": "2022-11-14",
          "time": "16:15:44",
          "terminate": "false"
        },
        {
          "speaker": "speaker2",
          "personaID": "26286",
          "participantID": "3268",
          "utterance": "집에서 편하게 쉬는 것만큼 좋은 건 없는 것 같아요 오랜만에 힐링되시겠어요",
          "summary": "",
          "date": "2022-11-14",
          "time": "16:16:40",
          "terminate": "false"
        },
        {
          "speaker": "speaker1",
          "personaID": "40157",
          "participantID": "4026",
          "utterance": "네 오늘 푹쉬고 내일 또 장사하러 나가야지요. ",
          "summary": "",
          "date": "2022-11-14",
          "time": "16:18:20",
          "terminate": "false"
        },
        {
          "speaker": "speaker2",
          "personaID": "26286",
          "participantID": "3268",
          "utterance": "네네 방해하지 않을게요 오늘 푹 쉬시고 내일도 화이팅입니다^^",
          "summary": "",
          "date": "2022-11-14",
          "time": "17:03:49",
          "terminate": "true"
        }
      ],
      "sessionPersonaSummary": {
        "speaker1": [
          "나는 40대 남성이다",
          "나는 자영업을 하고 있다 나는 당진에 거주하고 있다",
          "나는 어릴 때부터 책을 좋아했지만 위인전기는 싫어한다",
          "나는 오늘 오래간만에 쉬는 날이라 집에서 푹 쉬고 있다 나는 컨트리 음악을 좋아해서 자주 듣는다",
          "나는 오늘 집에서 영화도 보고 음악도 듣고 뒹굴거리고 있다"
        ],
        "speaker2": [
          "나는 20대 여성이다. 나는 대학생이다",
          "나는 요즘 풍경사진을 찍는 것에 빠져있어서 사진부 동아리에 관심이 있다",
          "나는 커피 한잔씩 하며 독서하는 걸 즐긴다. \n나는 혼자 있는 걸 좋아해서 음악을 듣거나 책을 읽는다.\n",
          "나는 바닐라라테를 매일 2잔 이상 마신다.",
          "나는 어머니가 연구원이시라 늘 바쁘신데 주말이라 오래간만에 데이트를 했다."
        ]
      },
      "prevAggregatedpersonaSummary": {
        "speaker1": [],
        "speaker2": []
      }
    },
    {
      "prevSessionID": "3-00114-1",
      "prevTimeInfo": {
        "timeNum": "19",
        "timeUnit": "시간"
      },
      "nthSession": "2",
      "numberOfUtterances": "14",
      "numberOfTurns": "7",
      "sessionID": "3-00114-2",
      "dialog": [
        {
          "speaker": "speaker1",
          "personaID": "40157",
          "participantID": "4026",
          "utterance": "19시간만이네요~ 수업은 잘 들으셨나요?",
          "summary": "",
          "date": "2022-11-15",
          "time": "15:27:55",
          "terminate": "false"
        },
        {
          "speaker": "speaker2",
          "personaID": "26286",
          "participantID": "3268",
          "utterance": "네네 수업 잘 들었어요 벌써 19 시간이나 지났네요",
          "summary": "",
          "date": "2022-11-15",
          "time": "15:39:04",
          "terminate": "false"
        },
        {
          "speaker": "speaker1",
          "personaID": "40157",
          "participantID": "4026",
          "utterance": "다니시는 대학은 집에서 가까우신 편인가요?",
          "summary": "",
          "date": "2022-11-15",
          "time": "16:09:35",
          "terminate": "false"
        },
        {
          "speaker": "speaker2",
          "personaID": "26286",
          "participantID": "3268",
          "utterance": "아니요 조금 멀어요  지하철로 1시간가량 걸리는 것 같아요. 댁이랑 사업장이 가까우세요?",
          "summary": "나는 학교가 지하철로 1시간가량 걸린다.",
          "date": "2022-11-15",
          "time": "17:12:08",
          "terminate": "false"
        },
        {
          "speaker": "speaker1",
          "personaID": "40157",
          "participantID": "4026",
          "utterance": "왕복 두시간이면 힘드시겠어요 ㅠ 저는 일부러 가게와 가까운 곳으로 이사를 와서 코앞이에요 ",
          "summary": "나는 내가 운영하는 가게와 우리 집은 가깝다",
          "date": "2022-11-16",
          "time": "15:08:54",
          "terminate": "false"
        },
        {
          "speaker": "speaker2",
          "personaID": "26286",
          "participantID": "3268",
          "utterance": "오 그러시군요 직장이 내 집 근처에 있으면 완전 좋죠 출근 준비 시간도 조금더 느긋하구요",
          "summary": "나는 직장이 내 집 근처에 있으면 출근 준비 시간도 느긋하고 좋은 것 같다.",
          "date": "2022-11-16",
          "time": "15:10:02",
          "terminate": "false"
        },
        {
          "speaker": "speaker1",
          "personaID": "40157",
          "participantID": "4026",
          "utterance": "네 일마치고 많이 피곤한데 집이 가까우니 편하고 좋네요.  그런데 근처에 술집들이 많아서 아이들에게는  썩 좋지 않은 것 같아 고민도 되요. ",
          "summary": "나는 일 마치고 많이 피곤한데 집이 가까우니 편하고 좋다 나는 사는 곳 근처에 술집들이 많아서 아이들에게는 썩 좋지 않다고 생각되어 고민이 된다",
          "date": "2022-11-16",
          "time": "15:12:05",
          "terminate": "false"
        },
        {
          "speaker": "speaker2",
          "personaID": "26286",
          "participantID": "3268",
          "utterance": "아 그렇군요 아이들에게는 그렇게 좋은 환경은 아닐 수 있겠어요 주변에 아이들에게 유용한 장소가 전혀 없을까요? 예를 들면 키즈카페라던지 놀이터라던지 독서실이라던지요",
          "summary": "",
          "date": "2022-11-16",
          "time": "15:16:33",
          "terminate": "false"
        },
        {
          "speaker": "speaker1",
          "personaID": "40157",
          "participantID": "4026",
          "utterance": "단지안에 놀이터가 있기는 하지만  아이들 키우기 적합한 환경은 아닌 것 같아요.  사시는 동네는 어떤 분위기인가요?",
          "summary": "나는 단지 안에 놀이터가 있기는 하지만 아이들을 키우기 적합한 환경은 아니라고 생각된다",
          "date": "2022-11-16",
          "time": "15:22:40",
          "terminate": "false"
        },
        {
          "speaker": "speaker2",
          "personaID": "26286",
          "participantID": "3268",
          "utterance": "저는 아파트에 살고 있는데 아파트 안에 커뮤니티 센터가 있어서 좋아요  헬스장이랑 목욕탕 독서실 도 있구요 그런데 지하철이 들어서지 않아서 그점은 조금 불편하네요",
          "summary": "나는 아파트 커뮤니티 센터에 헬스장이랑 목욕탕 독서실이 있어서 좋다. 나는 지하철이 들어서지 않아서 조금 불편하다.",
          "date": "2022-11-16",
          "time": "15:26:45",
          "terminate": "false"
        },
        {
          "speaker": "speaker1",
          "personaID": "40157",
          "participantID": "4026",
          "utterance": "요즘 아파트들은 커뮤니티 센터가 너무 잘 되있더군요. 이사한 친구집을 가보니 골프 연습장에 수영장까지 있는 것보고 놀랐습니다. ",
          "summary": "나는 요즘 아파트들은 커뮤니티 센터가 너무 잘 되어 있다고 생각한다 나는 아파트로 이사한 친구 집을 가봤는데 골프연습장에 수영장까지 있는 것을 보고 놀랐던 기억이 있다",
          "date": "2022-11-17",
          "time": "01:09:32",
          "terminate": "false"
        },
        {
          "speaker": "speaker2",
          "personaID": "26286",
          "participantID": "3268",
          "utterance": "맞아요 저희 커뮤니티 센터에도 골프 연습장이랑 수영장도 같이 있어요 주민들에 한에서만 값싸게 운영하고 있답니다",
          "summary": "",
          "date": "2022-11-17",
          "time": "02:20:53",
          "terminate": "false"
        },
        {
          "speaker": "speaker1",
          "personaID": "40157",
          "participantID": "4026",
          "utterance": "좋은 아파트 단지에 사시네요 ~ 저도 열심히 일해서 더 좋은 환경에서 아이를 키우고 싶네요~ ",
          "summary": "나는 열심히 일해서 더 좋은 환경에서 아이를 키우고 싶다",
          "date": "2022-11-17",
          "time": "23:36:31",
          "terminate": "false"
        },
        {
          "speaker": "speaker2",
          "personaID": "26286",
          "participantID": "3268",
          "utterance": "분명 그런 환경속에서 행복하게 키우실수 있으실거에요~ 엇 저는 지금 과제가 밀려서 얼른 마무리를 해야 할것 같아요 또 대화 나눠요~!",
          "summary": "",
          "date": "2022-11-17",
          "time": "23:39:22",
          "terminate": "true"
        }
      ],
      "sessionPersonaSummary": {
        "speaker1": [
          "나는 내가 운영하는 가게와 우리 집은 가깝다",
          "나는 일 마치고 많이 피곤한데 집이 가까우니 편하고 좋다",
          "나는 사는 곳 근처에 술집들이 많아서 아이들에게는 썩 좋지 않다고 생각되어 고민이 된다",
          "나는 단지 안에 놀이터가 있기는 하지만 아이들을 키우기 적합한 환경은 아니라고 생각된다",
          "나는 요즘 아파트들은 커뮤니티 센터가 너무 잘 되어 있다고 생각한다 나는 아파트로 이사한 친구 집을 가봤는데 골프연습장에 수영장까지 있는 것을 보고 놀랐던 기억이 있다",
          "나는 열심히 일해서 더 좋은 환경에서 아이를 키우고 싶다"
        ],
        "speaker2": [
          "나는 학교가 지하철로 1시간가량 걸린다.",
          "나는 직장이 내 집 근처에 있으면 출근 준비 시간도 느긋하고 좋은 것 같다.",
          "나는 아파트 커뮤니티 센터에 헬스장이랑 목욕탕 독서실이 있어서 좋다.",
          "나는 지하철이 들어서지 않아서 조금 불편하다."
        ]
      },
      "prevAggregatedpersonaSummary": {
        "speaker1": [
          "나는 40대 남성이다",
          "나는 자영업을 하고 있다 나는 당진에 거주하고 있다",
          "나는 어릴 때부터 책을 좋아했지만 위인전기는 싫어한다",
          "나는 오늘 오래간만에 쉬는 날이라 집에서 푹 쉬고 있다 나는 컨트리 음악을 좋아해서 자주 듣는다",
          "나는 오늘 집에서 영화도 보고 음악도 듣고 뒹굴거리고 있다"
        ],
        "speaker2": [
          "나는 20대 여성이다. 나는 대학생이다",
          "나는 요즘 풍경사진을 찍는 것에 빠져있어서 사진부 동아리에 관심이 있다",
          "나는 커피 한잔씩 하며 독서하는 걸 즐긴다. \n나는 혼자 있는 걸 좋아해서 음악을 듣거나 책을 읽는다.\n",
          "나는 바닐라라테를 매일 2잔 이상 마신다.",
          "나는 어머니가 연구원이시라 늘 바쁘신데 주말이라 오래간만에 데이트를 했다."
        ]
      }
    },
    {
      "prevSessionID": "3-00114-2",
      "prevTimeInfo": {
        "timeNum": "3",
        "timeUnit": "주"
      },
      "nthSession": "3",
      "numberOfUtterances": "14",
      "numberOfTurns": "7",
      "sessionID": "3-00114-3",
      "dialog": [
        {
          "speaker": "speaker1",
          "personaID": "40157",
          "participantID": "4026",
          "utterance": "3주만이네요~ 어떻게 지내셨나요?",
          "summary": "",
          "date": "2022-11-17",
          "time": "23:46:29",
          "terminate": "false"
        },
        {
          "speaker": "speaker2",
          "personaID": "26286",
          "participantID": "3268",
          "utterance": "벌써 3주 나 흘렀나요~저는 잘 지냈어요 어떻게 지내셨어요?",
          "summary": "",
          "date": "2022-11-17",
          "time": "23:48:06",
          "terminate": "false"
        },
        {
          "speaker": "speaker1",
          "personaID": "40157",
          "participantID": "4026",
          "utterance": "저도 잘 지냈습니다. 전 아내와 집에대한 이야기를 나누다가 아이를 위해서 근처 신도시로 이사를 가볼까 생각중입니다. ",
          "summary": "나는 아내와 집에 대한 이야기를 나누다가 아이를 위해서 근처 신도시로 이사를 가 볼까 생각 중이다",
          "date": "2022-11-17",
          "time": "23:52:57",
          "terminate": "false"
        },
        {
          "speaker": "speaker2",
          "personaID": "26286",
          "participantID": "3268",
          "utterance": "어머 그때 인프라에 대해서 고민하시더니 결국 이사를 결정하셨군요 찬찬히 잘 둘러 보셨나요? 언제쯤 계획이세요?",
          "summary": "",
          "date": "2022-11-18",
          "time": "00:27:01",
          "terminate": "false"
        },
        {
          "speaker": "speaker1",
          "personaID": "40157",
          "participantID": "4026",
          "utterance": "아직 이야기만 나누었는데 내년쯤으로 생각하고 있어요 . 가게랑은 좀 거리가 있겠지만  아이를 이해서라면 제가 감수해야할 부분인 것 같아요",
          "summary": "나는 이사를 내년쯤으로 생각하고 있다 나는 이사를 계획한 곳이 현재 사업장이랑은 좀 거리가 있다 나는 이사할 곳이 현재 사업장과는 거리가 있지만 아이를 위해서라면 감수해야 될 부분이라고 생각한다",
          "date": "2022-11-18",
          "time": "00:30:23",
          "terminate": "false"
        },
        {
          "speaker": "speaker2",
          "personaID": "26286",
          "participantID": "3268",
          "utterance": "그렇군요 뭐든 하나를 얻게 되면 하나를 포기해야 되는 것도 있는 것 같아요 그래도 아이한테는 더 좋은 환경이 될 수 있어서 좋겠네요",
          "summary": "나는 하나를 얻게 되면 하나를 포기해야 하는 것도 있는 것 같다.\n나는 아이한테는 더 좋은 환경이 될 수 있어서 좋을 것 같다.",
          "date": "2022-11-18",
          "time": "00:38:14",
          "terminate": "false"
        },
        {
          "speaker": "speaker1",
          "personaID": "40157",
          "participantID": "4026",
          "utterance": "결정은 잘 한 것같아요. 주거 환경이 미치는 영향을 무시할 수 없으니까요",
          "summary": "나는 이사하기로 한 결정은 잘한 결정이라고 생각한다 나는 주거 환경이 미치는 영향을 무시할 수 없다",
          "date": "2022-11-18",
          "time": "00:39:09",
          "terminate": "false"
        },
        {
          "speaker": "speaker2",
          "personaID": "26286",
          "participantID": "3268",
          "utterance": "어휴 그럼요 특히나 자라나는 아이들이 우선시 될수밖에 없기 때문에 정말 중요한게 환경문제이죠 근데 사업장과 멀어지게 되셔서 조금 힘드시겠어요",
          "summary": "나는 특히 자라나는 아이들에겐 환경문제가 우선시 될 수밖에 없는 것 같다.",
          "date": "2022-11-18",
          "time": "00:40:12",
          "terminate": "false"
        },
        {
          "speaker": "speaker1",
          "personaID": "40157",
          "participantID": "4026",
          "utterance": "30분 더 일찍 일어나면 되겠죠 하하 이사갈 곳은 단지내에 학교가 있어서 안심이에요",
          "summary": "나는 이사 갈 곳은 단지 내에 학교가 있어서 안심이 된다",
          "date": "2022-11-18",
          "time": "00:43:13",
          "terminate": "false"
        },
        {
          "speaker": "speaker2",
          "personaID": "26286",
          "participantID": "3268",
          "utterance": "오 그거 정말 메리트있네요! 아이들이 편하게 다닐수 있겠어요 부모님 맘도 더 놓이구요",
          "summary": "나는 아이들이 편하게 다닐 수 있어서 부모 마음도 놓일 것 같다.",
          "date": "2022-11-18",
          "time": "00:46:53",
          "terminate": "false"
        },
        {
          "speaker": "speaker1",
          "personaID": "40157",
          "participantID": "4026",
          "utterance": "네 학원들도 밀집되어 있고 교육에도 좋은 환경인 것 같아요. ",
          "summary": "나는 이사 갈 곳 주변에 학원들도 밀집되어 있고 교육에도 좋은 환경인 것 같다고 생각한다",
          "date": "2022-11-19",
          "time": "00:38:02",
          "terminate": "false"
        },
        {
          "speaker": "speaker2",
          "personaID": "26286",
          "participantID": "3268",
          "utterance": "정말 좋은 곳으로 옮기게 되셨네요 잘됐어요 아이들도 더 만족하며 생활하지 않을까 싶네요",
          "summary": " 나는 아이들도 더 만족하며 생활할 것 같다.",
          "date": "2022-11-19",
          "time": "00:59:42",
          "terminate": "false"
        },
        {
          "speaker": "speaker1",
          "personaID": "40157",
          "participantID": "4026",
          "utterance": "이사가 쉽지는 않은데 더 좋은 환경에서 잘 적응하면 좋겠네요. ",
          "summary": "나는 이사가 쉽지는 않지만 더 좋은 환경에서 잘 적응하면 좋겠다고 생각한다",
          "date": "2022-11-19",
          "time": "01:20:14",
          "terminate": "false"
        },
        {
          "speaker": "speaker2",
          "personaID": "26286",
          "participantID": "3268",
          "utterance": "다 잘 풀리실거에요 저도 응원하고 있을게요~",
          "summary": "",
          "date": "2022-11-19",
          "time": "01:20:52",
          "terminate": "true"
        }
      ],
      "sessionPersonaSummary": {
        "speaker1": [
          "나는 아내와 집에 대한 이야기를 나누다가 아이를 위해서 근처 신도시로 이사를 가 볼까 생각 중이다",
          "나는 이사를 내년쯤으로 생각하고 있다 나는 이사를 계획한 곳이 현재 사업장이랑은 좀 거리가 있다",
          "나는 이사할 곳이 현재 사업장과는 거리가 있지만 아이를 위해서라면 감수해야 될 부분이라고 생각한다",
          "나는 이사하기로 한 결정은 잘한 결정이라고 생각한다 나는 주거 환경이 미치는 영향을 무시할 수 없다",
          "나는 이사 갈 곳은 단지 내에 학교가 있어서 안심이 된다",
          "나는 이사 갈 곳 주변에 학원들도 밀집되어 있고 교육에도 좋은 환경인 것 같다고 생각한다",
          "나는 이사가 쉽지는 않지만 더 좋은 환경에서 잘 적응하면 좋겠다고 생각한다"
        ],
        "speaker2": [
          "나는 하나를 얻게 되면 하나를 포기해야 하는 것도 있는 것 같다.\n나는 아이한테는 더 좋은 환경이 될 수 있어서 좋을 것 같다.",
          "나는 특히 자라나는 아이들에겐 환경문제가 우선시 될 수밖에 없는 것 같다.",
          "나는 아이들이 편하게 다닐 수 있어서 부모 마음도 놓일 것 같다.",
          "나는 아이들도 더 만족하며 생활할 것 같다."
        ]
      },
      "prevAggregatedpersonaSummary": {
        "speaker1": [
          "나는 40대 남성이다",
          "나는 자영업을 하고 있다 나는 당진에 거주하고 있다",
          "나는 어릴 때부터 책을 좋아했지만 위인전기는 싫어한다",
          "나는 오늘 오래간만에 쉬는 날이라 집에서 푹 쉬고 있다 나는 컨트리 음악을 좋아해서 자주 듣는다",
          "나는 오늘 집에서 영화도 보고 음악도 듣고 뒹굴거리고 있다",
          "나는 내가 운영하는 가게와 우리 집은 가깝다",
          "나는 일 마치고 많이 피곤한데 집이 가까우니 편하고 좋다",
          "나는 사는 곳 근처에 술집들이 많아서 아이들에게는 썩 좋지 않다고 생각되어 고민이 된다",
          "나는 단지 안에 놀이터가 있기는 하지만 아이들을 키우기 적합한 환경은 아니라고 생각된다",
          "나는 요즘 아파트들은 커뮤니티 센터가 너무 잘 되어 있다고 생각한다 나는 아파트로 이사한 친구 집을 가봤는데 골프연습장에 수영장까지 있는 것을 보고 놀랐던 기억이 있다",
          "나는 열심히 일해서 더 좋은 환경에서 아이를 키우고 싶다"
        ],
        "speaker2": [
          "나는 20대 여성이다. 나는 대학생이다",
          "나는 요즘 풍경사진을 찍는 것에 빠져있어서 사진부 동아리에 관심이 있다",
          "나는 커피 한잔씩 하며 독서하는 걸 즐긴다. \n나는 혼자 있는 걸 좋아해서 음악을 듣거나 책을 읽는다.\n",
          "나는 바닐라라테를 매일 2잔 이상 마신다.",
          "나는 어머니가 연구원이시라 늘 바쁘신데 주말이라 오래간만에 데이트를 했다.",
          "나는 학교가 지하철로 1시간가량 걸린다.",
          "나는 직장이 내 집 근처에 있으면 출근 준비 시간도 느긋하고 좋은 것 같다.",
          "나는 아파트 커뮤니티 센터에 헬스장이랑 목욕탕 독서실이 있어서 좋다.",
          "나는 지하철이 들어서지 않아서 조금 불편하다."
        ]
      }
    }
  ]
}