{
  "FileInfo": {
    "filename": "K3-00219-CL20038-CP22304-16-05-S3.json",
    "sessionLevel": "3"
  },
  "participantsInfo": {
    "numberOfParticipants": "2",
    "speaker1": {
      "participantID": "0054",
      "gender": "남성",
      "age": "20대",
      "occupation": "전문직",
      "bPlace": "서울/경기/인천",
      "gPlace": "서울/경기/인천",
      "rPlace": "서울/경기/인천",
      "educationLevel": "대졸"
    },
    "speaker2": {
      "participantID": "0229",
      "gender": "여성",
      "age": "20대",
      "occupation": "무직",
      "bPlace": "서울/경기/인천",
      "gPlace": "서울/경기/인천",
      "rPlace": "서울/경기/인천",
      "educationLevel": "대졸"
    }
  },
  "multisessionInfo": {
    "multisessionID": "3-00219"
  },
  "personaInfo": {
    "clInfo": {
      "personaID": "20038",
      "personaFeatures": [
        "나는 남자이다.",
        "나는 20대이다.",
        "나는 가족과 데면데면하다.",
        "나는 주말에 드라이브를 한다.",
        "나는 K-POP 음악을 가끔 듣는다."
      ],
      "speakerType": "speaker1"
    },
    "cpInfo": {
      "personaID": "22304",
      "personaFeatures": [
        "나는 여자이다.",
        "나는 20대이다.",
        "나는 요즘, 항상 감사하다.",
        "나는 대학생이다.",
        "나는 뮤지컬 영화를 자주 본다."
      ],
      "speakerType": "speaker2"
    }
  },
  "topicInfo": {
    "topicID": "16-05",
    "topicType": "미용과 건강>미용",
    "topicTitle": "성형수술"
  },
  "sessionInfo": [
    {
      "prevSessionID": null,
      "prevTimeInfo": {
        "timeNum": null,
        "timeUnit": null
      },
      "nthSession": "1",
      "numberOfUtterances": "16",
      "numberOfTurns": "8",
      "sessionID": "3-00219-1",
      "dialog": [
        {
          "speaker": "speaker1",
          "personaID": "20038",
          "participantID": "0054",
          "utterance": "안녕하세요~ 20대 남자입니다.",
          "summary": "나는 20대 남자이다.",
          "date": "2022-09-19",
          "time": "13:20:33",
          "terminate": "false"
        },
        {
          "speaker": "speaker2",
          "personaID": "22304",
          "participantID": "0229",
          "utterance": "만나서 반가워요 저는 20대 여자 입니다.",
          "summary": "나는 20대 여자이다.",
          "date": "2022-09-19",
          "time": "13:21:00",
          "terminate": "false"
        },
        {
          "speaker": "speaker1",
          "personaID": "20038",
          "participantID": "0054",
          "utterance": "선생님 직업이 어떻게 되세요?",
          "summary": "",
          "date": "2022-09-19",
          "time": "13:22:12",
          "terminate": "false"
        },
        {
          "speaker": "speaker2",
          "personaID": "22304",
          "participantID": "0229",
          "utterance": "저는 아직 대학생이라 직업은 없어요~선생님은요?",
          "summary": "나는 대학생이다.",
          "date": "2022-09-19",
          "time": "13:22:38",
          "terminate": "false"
        },
        {
          "speaker": "speaker1",
          "personaID": "20038",
          "participantID": "0054",
          "utterance": "저는 청소부 입니다. 선생님은 취미가 어떻게 되세요?",
          "summary": "나는 청소부이다.",
          "date": "2022-09-19",
          "time": "13:22:52",
          "terminate": "false"
        },
        {
          "speaker": "speaker2",
          "personaID": "22304",
          "participantID": "0229",
          "utterance": "저는 영화 보는걸 좋아해요 특히 뮤지컬영화를 더 좋아 하구요.",
          "summary": "나는 뮤지컬 영화를 자주 본다.",
          "date": "2022-09-19",
          "time": "13:23:11",
          "terminate": "false"
        },
        {
          "speaker": "speaker1",
          "personaID": "20038",
          "participantID": "0054",
          "utterance": "뮤지컬은 무슨 재미로 보는지 모르겠어요.. ㅎㅎ.",
          "summary": "",
          "date": "2022-09-19",
          "time": "13:23:45",
          "terminate": "false"
        },
        {
          "speaker": "speaker2",
          "personaID": "22304",
          "participantID": "0229",
          "utterance": "노래로 전달하는 대사와 스토리가 감동적이고 재밌잖아요~ㅎㅎ.",
          "summary": "",
          "date": "2022-09-19",
          "time": "13:23:59",
          "terminate": "false"
        },
        {
          "speaker": "speaker1",
          "personaID": "20038",
          "participantID": "0054",
          "utterance": "요즘 가족들과 데면데면한데 저도 노래로 제 마음을 전달 해볼까요..?",
          "summary": "나는 가족과 데면데면하다.",
          "date": "2022-09-19",
          "time": "13:24:52",
          "terminate": "false"
        },
        {
          "speaker": "speaker2",
          "personaID": "22304",
          "participantID": "0229",
          "utterance": "그것도 좋은 방법인것 같아요 노래 이벤트로 준비해보세요!",
          "summary": "",
          "date": "2022-09-19",
          "time": "13:31:10",
          "terminate": "false"
        },
        {
          "speaker": "speaker1",
          "personaID": "20038",
          "participantID": "0054",
          "utterance": "괜히 벌써부터 부끄럽네요 ㅋㅋ.",
          "summary": "",
          "date": "2022-09-19",
          "time": "13:32:22",
          "terminate": "false"
        },
        {
          "speaker": "speaker2",
          "personaID": "22304",
          "participantID": "0229",
          "utterance": "가족끼리 인데 뭐 어때요~ 그런데 선생님은 어떤 음악 좋아하세요 ?",
          "summary": "",
          "date": "2022-09-19",
          "time": "13:36:24",
          "terminate": "false"
        },
        {
          "speaker": "speaker1",
          "personaID": "20038",
          "participantID": "0054",
          "utterance": "K-POP 음악을 가끔 들어요~ 선생님은요?",
          "summary": "나는 K-POP 음악을 가끔 듣는다.",
          "date": "2022-09-19",
          "time": "13:37:21",
          "terminate": "false"
        },
        {
          "speaker": "speaker2",
          "personaID": "22304",
          "participantID": "0229",
          "utterance": "저는 너무 시끄러운 노래만 아니면 장르 안가리고 다 좋아해요^^",
          "summary": "나는 시끄러운 노래를 싫어한다.",
          "date": "2022-09-19",
          "time": "13:40:55",
          "terminate": "false"
        },
        {
          "speaker": "speaker1",
          "personaID": "20038",
          "participantID": "0054",
          "utterance": "그렇군요 ㅎ 저는 오늘 성형외과 예약해놔서 다녀올께요~",
          "summary": "나는 성형외과에 간다.",
          "date": "2022-09-19",
          "time": "13:43:54",
          "terminate": "false"
        },
        {
          "speaker": "speaker2",
          "personaID": "22304",
          "participantID": "0229",
          "utterance": "네네 선생님 잘 다녀오세요~~",
          "summary": "",
          "date": "2022-09-19",
          "time": "14:18:16",
          "terminate": "true"
        }
      ],
      "sessionPersonaSummary": {
        "speaker1": [
          "나는 20대 남자이다.",
          "나는 청소부이다.",
          "나는 가족과 데면데면하다.",
          "나는 K-POP 음악을 가끔 듣는다.",
          "나는 성형외과에 간다."
        ],
        "speaker2": [
          "나는 20대 여자이다.",
          "나는 대학생이다.",
          "나는 뮤지컬 영화를 자주 본다.",
          "나는 시끄러운 노래를 싫어한다."
        ]
      },
      "prevAggregatedpersonaSummary": {
        "speaker1": [],
        "speaker2": []
      }
    },
    {
      "prevSessionID": "3-00219-1",
      "prevTimeInfo": {
        "timeNum": "3",
        "timeUnit": "시간"
      },
      "nthSession": "2",
      "numberOfUtterances": "16",
      "numberOfTurns": "8",
      "sessionID": "3-00219-2",
      "dialog": [
        {
          "speaker": "speaker1",
          "personaID": "20038",
          "participantID": "0054",
          "utterance": "떨려서 상담 받는 3시간이 어떻게 지난간 줄 몰랐네요 ㅎㅎ.",
          "summary": "",
          "date": "2022-09-19",
          "time": "14:19:17",
          "terminate": "false"
        },
        {
          "speaker": "speaker2",
          "personaID": "22304",
          "participantID": "0229",
          "utterance": "저도 최근에 코 성형 했는데 선생님은 어떤 부위 상담 하셨어요?",
          "summary": "나는 최근에 코 성형을 했다.",
          "date": "2022-09-19",
          "time": "14:19:38",
          "terminate": "false"
        },
        {
          "speaker": "speaker1",
          "personaID": "20038",
          "participantID": "0054",
          "utterance": "저는 이마 지방이식,쌍꺼풀,코 하려구요^^",
          "summary": "",
          "date": "2022-09-19",
          "time": "14:19:53",
          "terminate": "false"
        },
        {
          "speaker": "speaker2",
          "personaID": "22304",
          "participantID": "0229",
          "utterance": "아 그렇구나... 대공사 하시려고요?ㅋㅋㅋ.",
          "summary": "",
          "date": "2022-09-19",
          "time": "14:20:09",
          "terminate": "false"
        },
        {
          "speaker": "speaker1",
          "personaID": "20038",
          "participantID": "0054",
          "utterance": "하하 ㅋㅋ 네네 제가 이마가 너무 푹 꺼져있어서요.",
          "summary": "",
          "date": "2022-09-19",
          "time": "14:20:25",
          "terminate": "false"
        },
        {
          "speaker": "speaker2",
          "personaID": "22304",
          "participantID": "0229",
          "utterance": "아네 하고나면 세상이 달라보여요 저도 코하고 너무 이뻐져서 성형외과 선생님께 요즘 항상 감사해요.",
          "summary": "나는 요즘, 항상 감사하다.",
          "date": "2022-09-19",
          "time": "14:20:49",
          "terminate": "false"
        },
        {
          "speaker": "speaker1",
          "personaID": "20038",
          "participantID": "0054",
          "utterance": "저도 자신감을 얻고 싶어요.. 무슨 메기얼굴도 아니고 ㅜㅜ.",
          "summary": "",
          "date": "2022-09-19",
          "time": "14:21:14",
          "terminate": "false"
        },
        {
          "speaker": "speaker2",
          "personaID": "22304",
          "participantID": "0229",
          "utterance": "메기요 ? 진짜 좀 심하셨나 보네요 선생님...",
          "summary": "",
          "date": "2022-09-19",
          "time": "14:21:31",
          "terminate": "false"
        },
        {
          "speaker": "speaker1",
          "personaID": "20038",
          "participantID": "0054",
          "utterance": "눌린 얼굴이에요 그래서 이마 코 다하는겁니다.",
          "summary": "나는 눌린 얼굴이다.",
          "date": "2022-09-19",
          "time": "14:21:50",
          "terminate": "false"
        },
        {
          "speaker": "speaker2",
          "personaID": "22304",
          "participantID": "0229",
          "utterance": "아 그렇구나 여러가지를 같이해서 회복하는데 시간이 조금 걸리겠어요ㅠㅠ.",
          "summary": "",
          "date": "2022-09-19",
          "time": "15:15:55",
          "terminate": "false"
        },
        {
          "speaker": "speaker1",
          "personaID": "20038",
          "participantID": "0054",
          "utterance": "네 비용도 만만치 않더라구요 코 얼마주고 하셨어요?",
          "summary": "",
          "date": "2022-09-19",
          "time": "15:16:25",
          "terminate": "false"
        },
        {
          "speaker": "speaker2",
          "personaID": "22304",
          "participantID": "0229",
          "utterance": "저는 290정도 주고 했어요 선생님은 견적이 얼마 나왔어요 ?",
          "summary": "나는 코성형 금액을 290만 원 결제했다.",
          "date": "2022-09-19",
          "time": "15:17:07",
          "terminate": "false"
        },
        {
          "speaker": "speaker1",
          "personaID": "20038",
          "participantID": "0054",
          "utterance": "저는 1000만원 정도 나왔어요.. ㅎㅎ.",
          "summary": "나는 성형수술 견적 1000만 원 나왔다.",
          "date": "2022-09-19",
          "time": "15:17:20",
          "terminate": "false"
        },
        {
          "speaker": "speaker2",
          "personaID": "22304",
          "participantID": "0229",
          "utterance": "선생님 부자 인가봐요...?? 와 진짜 많이 나오네요ㅠㅠ...",
          "summary": "",
          "date": "2022-09-19",
          "time": "15:17:58",
          "terminate": "false"
        },
        {
          "speaker": "speaker1",
          "personaID": "20038",
          "participantID": "0054",
          "utterance": "저거 다쓰면 거지에요.. 저 나갔다올께요!",
          "summary": "",
          "date": "2022-09-19",
          "time": "15:18:41",
          "terminate": "false"
        },
        {
          "speaker": "speaker2",
          "personaID": "22304",
          "participantID": "0229",
          "utterance": "ㅋㅋㅋ네 선생님 잠깐이었지만 대화 즐거웠어요.",
          "summary": "",
          "date": "2022-09-19",
          "time": "15:19:06",
          "terminate": "true"
        }
      ],
      "sessionPersonaSummary": {
        "speaker1": [
          "나는 눌린 얼굴이다.",
          "나는 성형수술 견적 1000만 원 나왔다."
        ],
        "speaker2": [
          "나는 최근에 코 성형을 했다.",
          "나는 요즘, 항상 감사하다.",
          "나는 코성형 금액을 290만 원 결제했다."
        ]
      },
      "prevAggregatedpersonaSummary": {
        "speaker1": [
          "나는 20대 남자이다.",
          "나는 청소부이다.",
          "나는 가족과 데면데면하다.",
          "나는 K-POP 음악을 가끔 듣는다.",
          "나는 성형외과에 간다."
        ],
        "speaker2": [
          "나는 20대 여자이다.",
          "나는 대학생이다.",
          "나는 뮤지컬 영화를 자주 본다.",
          "나는 시끄러운 노래를 싫어한다."
        ]
      }
    },
    {
      "prevSessionID": "3-00219-2",
      "prevTimeInfo": {
        "timeNum": "4",
        "timeUnit": "주"
      },
      "nthSession": "3",
      "numberOfUtterances": "16",
      "numberOfTurns": "8",
      "sessionID": "3-00219-3",
      "dialog": [
        {
          "speaker": "speaker1",
          "personaID": "20038",
          "participantID": "0054",
          "utterance": "선생님.. 잘 지내셨어요?? 진짜 오랜만이에요..",
          "summary": "",
          "date": "2022-09-19",
          "time": "15:22:52",
          "terminate": "false"
        },
        {
          "speaker": "speaker2",
          "personaID": "22304",
          "participantID": "0229",
          "utterance": "네 저는 잘 지냈어요 약 한달만에 다시 대화 하는 것 같네요 잘 지내셨어요?",
          "summary": "",
          "date": "2022-09-19",
          "time": "15:23:11",
          "terminate": "false"
        },
        {
          "speaker": "speaker1",
          "personaID": "20038",
          "participantID": "0054",
          "utterance": "네 저 얼굴 대공사 하고왔어요 너무 아팠어요.",
          "summary": "나는 성형수술을 했다.",
          "date": "2022-09-19",
          "time": "15:23:42",
          "terminate": "false"
        },
        {
          "speaker": "speaker2",
          "personaID": "22304",
          "participantID": "0229",
          "utterance": "아이고이런.. 지금은 좀 괜찮으세요??",
          "summary": "",
          "date": "2022-09-19",
          "time": "15:24:55",
          "terminate": "false"
        },
        {
          "speaker": "speaker1",
          "personaID": "20038",
          "participantID": "0054",
          "utterance": "네 괜찮아지고 있어요 붓기 빠지고 있습니다!",
          "summary": "",
          "date": "2022-09-19",
          "time": "15:25:21",
          "terminate": "false"
        },
        {
          "speaker": "speaker2",
          "personaID": "22304",
          "participantID": "0229",
          "utterance": "다행이네요 ㅎㅎ 밖에는 나가시죠??",
          "summary": "",
          "date": "2022-09-19",
          "time": "15:43:23",
          "terminate": "false"
        },
        {
          "speaker": "speaker1",
          "personaID": "20038",
          "participantID": "0054",
          "utterance": "네 주말에 드라이브 다녀올려구요 답답해서 바람 쐬야겠어요~",
          "summary": "나는 주말에 드라이브를 한다.",
          "date": "2022-09-19",
          "time": "15:43:45",
          "terminate": "false"
        },
        {
          "speaker": "speaker2",
          "personaID": "22304",
          "participantID": "0229",
          "utterance": "드라이브 좋죠~ 혼자하실려구요?",
          "summary": "",
          "date": "2022-09-19",
          "time": "15:44:30",
          "terminate": "false"
        },
        {
          "speaker": "speaker1",
          "personaID": "20038",
          "participantID": "0054",
          "utterance": "네~ 드라이브는 원래 혼자 해야는거 아닌가요?",
          "summary": "나는 혼자 드라이브를 한다.",
          "date": "2022-09-19",
          "time": "15:44:42",
          "terminate": "false"
        },
        {
          "speaker": "speaker2",
          "personaID": "22304",
          "participantID": "0229",
          "utterance": "그런가요?? 선생님 식사는 하셨어요~~??",
          "summary": "",
          "date": "2022-09-19",
          "time": "15:45:16",
          "terminate": "false"
        },
        {
          "speaker": "speaker1",
          "personaID": "20038",
          "participantID": "0054",
          "utterance": "네! 밥먹었어요~ 선생님은 뭐하고 계세요?",
          "summary": "",
          "date": "2022-09-19",
          "time": "15:45:39",
          "terminate": "false"
        },
        {
          "speaker": "speaker2",
          "personaID": "22304",
          "participantID": "0229",
          "utterance": "저는 오랜만에 시간이 남아서 뮤지컬영화를 볼까봐요~~",
          "summary": "",
          "date": "2022-09-19",
          "time": "15:45:58",
          "terminate": "false"
        },
        {
          "speaker": "speaker1",
          "personaID": "20038",
          "participantID": "0054",
          "utterance": "어떤 보실려구요?? 저도 집에만 있으니 영화나 드라마만 보게 되더라구요.",
          "summary": "나는 집에서 영화, 드라마만 봤다.",
          "date": "2022-09-19",
          "time": "15:46:15",
          "terminate": "false"
        },
        {
          "speaker": "speaker2",
          "personaID": "22304",
          "participantID": "0229",
          "utterance": "@브랜드명1@ 볼려구요~~ ㅎㅎ 보셨어요??",
          "summary": "나는 @브랜드명1@를 본다.",
          "date": "2022-09-19",
          "time": "15:46:28",
          "terminate": "false"
        },
        {
          "speaker": "speaker1",
          "personaID": "20038",
          "participantID": "0054",
          "utterance": "그건 봤어요!! 엄청 재밌진 않디만 볼만 하더라구요 저도 영화 검색해서 한편 보러갈께요!",
          "summary": "",
          "date": "2022-09-19",
          "time": "15:46:59",
          "terminate": "false"
        },
        {
          "speaker": "speaker2",
          "personaID": "22304",
          "participantID": "0229",
          "utterance": "네 선생님~ 재밌게 보세요!! 다음에 또 대화해요.",
          "summary": "",
          "date": "2022-09-19",
          "time": "15:47:26",
          "terminate": "true"
        }
      ],
      "sessionPersonaSummary": {
        "speaker1": [
          "나는 성형수술을 했다.",
          "나는 주말에 드라이브를 한다.",
          "나는 혼자 드라이브를 한다.",
          "나는 집에서 영화, 드라마만 봤다."
        ],
        "speaker2": [
          "나는 @브랜드명1@를 본다."
        ]
      },
      "prevAggregatedpersonaSummary": {
        "speaker1": [
          "나는 20대 남자이다.",
          "나는 청소부이다.",
          "나는 가족과 데면데면하다.",
          "나는 K-POP 음악을 가끔 듣는다.",
          "나는 성형외과에 간다.",
          "나는 눌린 얼굴이다.",
          "나는 성형수술 견적 1000만 원 나왔다."
        ],
        "speaker2": [
          "나는 20대 여자이다.",
          "나는 대학생이다.",
          "나는 뮤지컬 영화를 자주 본다.",
          "나는 시끄러운 노래를 싫어한다.",
          "나는 최근에 코 성형을 했다.",
          "나는 요즘, 항상 감사하다.",
          "나는 코성형 금액을 290만 원 결제했다."
        ]
      }
    }
  ]
}