{
  "FileInfo": {
    "filename": "K3-00391-CL04709-CP04020-06-16-S3.json",
    "sessionLevel": "3"
  },
  "participantsInfo": {
    "numberOfParticipants": "2",
    "speaker1": {
      "participantID": "24504",
      "gender": "여성",
      "age": "50대",
      "occupation": "전문직",
      "bPlace": "광주/전라/제주",
      "gPlace": "광주/전라/제주",
      "rPlace": "광주/전라/제주",
      "educationLevel": "대학원졸"
    },
    "speaker2": {
      "participantID": "25721",
      "gender": "여성",
      "age": "40대",
      "occupation": "주부",
      "bPlace": "부산/대구/울산/경상",
      "gPlace": "부산/대구/울산/경상",
      "rPlace": "부산/대구/울산/경상",
      "educationLevel": "고졸"
    }
  },
  "multisessionInfo": {
    "multisessionID": "3-00391"
  },
  "personaInfo": {
    "clInfo": {
      "personaID": "04709",
      "personaFeatures": [
        "나는 여자이다.",
        "나는 50대이다.",
        "나는 가족과 갈등 있을 때가 많다.",
        "나는 다소 털털하다.",
        "나는 간호사이다."
      ],
      "speakerType": "speaker1"
    },
    "cpInfo": {
      "personaID": "04020",
      "personaFeatures": [
        "나는 여자이다.",
        "나는 40대이다.",
        "나의 거주지는 서울이다.",
        "나는 보석 감정사이다.",
        "나는 TV 음악 프로그램을 좋아한다."
      ],
      "speakerType": "speaker2"
    }
  },
  "topicInfo": {
    "topicID": "06-16",
    "topicType": "교육",
    "topicTitle": "대학교"
  },
  "sessionInfo": [
    {
      "prevSessionID": null,
      "prevTimeInfo": {
        "timeNum": null,
        "timeUnit": null
      },
      "nthSession": "1",
      "numberOfUtterances": "16",
      "numberOfTurns": "8",
      "sessionID": "3-00391-1",
      "dialog": [
        {
          "speaker": "speaker1",
          "personaID": "04709",
          "participantID": "24504",
          "utterance": "안녕하세요~ 이번 신입생 중에 만학도인 분이 또 있다 하셔서 연락 드렸습니다~ 전 50대 여자입니다!",
          "summary": "나는 50대 여자이다.",
          "date": "2022-09-11",
          "time": "15:42:55",
          "terminate": "false"
        },
        {
          "speaker": "speaker2",
          "personaID": "04020",
          "participantID": "25721",
          "utterance": "안녕하세요! 반갑습니다. 저는 40대 여자입니다.",
          "summary": "나는 40대 여자이다.",
          "date": "2022-09-11",
          "time": "15:43:15",
          "terminate": "false"
        },
        {
          "speaker": "speaker1",
          "personaID": "04709",
          "participantID": "24504",
          "utterance": "그래도 또래라 반갑군요! 같이 다닐 사람이 있어서 다행입니다. 저 혼자일까 걱정했어요.",
          "summary": "",
          "date": "2022-09-11",
          "time": "15:43:33",
          "terminate": "false"
        },
        {
          "speaker": "speaker2",
          "personaID": "04020",
          "participantID": "25721",
          "utterance": "저도 걱정했는데 같은 만학도와 함께 할 수 있어서 너무 반갑습니다.",
          "summary": "",
          "date": "2022-09-11",
          "time": "15:44:01",
          "terminate": "false"
        },
        {
          "speaker": "speaker1",
          "personaID": "04709",
          "participantID": "24504",
          "utterance": "우리 잘 지내봐요~ 그럼 현재는 일하고 계신가요?",
          "summary": "",
          "date": "2022-09-11",
          "time": "15:44:19",
          "terminate": "false"
        },
        {
          "speaker": "speaker2",
          "personaID": "04020",
          "participantID": "25721",
          "utterance": "네~ 보석 감정사로 일하고 있습니다. 님은요?",
          "summary": "나는 보석 감정사이다.",
          "date": "2022-09-11",
          "time": "15:44:35",
          "terminate": "false"
        },
        {
          "speaker": "speaker1",
          "personaID": "04709",
          "participantID": "24504",
          "utterance": "와 보석 감정사! 멋진 일이네요. 전 간호사로 근무하고 있습니다. 이제 이번 달로 간호사도 끝이네요.",
          "summary": "나는 간호사이다.",
          "date": "2022-09-11",
          "time": "15:44:59",
          "terminate": "false"
        },
        {
          "speaker": "speaker2",
          "personaID": "04020",
          "participantID": "25721",
          "utterance": "간호사이시구나. 혹시 일을 그만 두시는 건가요?",
          "summary": "",
          "date": "2022-09-11",
          "time": "15:45:24",
          "terminate": "false"
        },
        {
          "speaker": "speaker1",
          "personaID": "04709",
          "participantID": "24504",
          "utterance": "네! 미리 그만두고 여유 좀 즐기려고요~ 혹시 어디 사세요?",
          "summary": "",
          "date": "2022-09-11",
          "time": "15:48:22",
          "terminate": "false"
        },
        {
          "speaker": "speaker2",
          "personaID": "04020",
          "participantID": "25721",
          "utterance": "조금의 여유도 필요하죠. 저는 서울에 살고 있어요. 님은요?",
          "summary": "나의 거주지는 서울이다.",
          "date": "2022-09-11",
          "time": "15:48:54",
          "terminate": "false"
        },
        {
          "speaker": "speaker1",
          "personaID": "04709",
          "participantID": "24504",
          "utterance": "저는 대전에 살고 있습니다! 다음에 미리 만나서 놀아요!",
          "summary": "나의 거주지는 대전이다.",
          "date": "2022-09-11",
          "time": "15:49:24",
          "terminate": "false"
        },
        {
          "speaker": "speaker2",
          "personaID": "04020",
          "participantID": "25721",
          "utterance": "대전이면 멀지 않네요. 시간내서 만나는 것도 좋겠어요.",
          "summary": "",
          "date": "2022-09-11",
          "time": "15:49:45",
          "terminate": "false"
        },
        {
          "speaker": "speaker1",
          "personaID": "04709",
          "participantID": "24504",
          "utterance": "좋습니다! 혹시 취미나 좋아하는 일이 있나요?",
          "summary": "",
          "date": "2022-09-11",
          "time": "15:49:59",
          "terminate": "false"
        },
        {
          "speaker": "speaker2",
          "personaID": "04020",
          "participantID": "25721",
          "utterance": "저는 TV 음악 프로그램을 좋아해서 TV를 많이 봐요.",
          "summary": "나는 TV 음악 프로그램을 좋아한다.",
          "date": "2022-09-11",
          "time": "15:50:18",
          "terminate": "false"
        },
        {
          "speaker": "speaker1",
          "personaID": "04709",
          "participantID": "24504",
          "utterance": "아 음악 프로그램 좋아하시는군요. 잘됐네요. 저도 그래요~ 아 죄송한데 조금 이따 연락할게요!",
          "summary": "",
          "date": "2022-09-11",
          "time": "15:51:18",
          "terminate": "false"
        },
        {
          "speaker": "speaker2",
          "personaID": "04020",
          "participantID": "25721",
          "utterance": "그러시구나~ 조금 이따 연락주세요.",
          "summary": "",
          "date": "2022-09-11",
          "time": "15:51:48",
          "terminate": "true"
        }
      ],
      "sessionPersonaSummary": {
        "speaker1": [
          "나는 50대 여자이다.",
          "나는 간호사이다.",
          "나의 거주지는 대전이다."
        ],
        "speaker2": [
          "나는 40대 여자이다.",
          "나는 보석 감정사이다.",
          "나의 거주지는 서울이다.",
          "나는 TV 음악 프로그램을 좋아한다."
        ]
      },
      "prevAggregatedpersonaSummary": {
        "speaker1": [],
        "speaker2": []
      }
    },
    {
      "prevSessionID": "3-00391-1",
      "prevTimeInfo": {
        "timeNum": "1",
        "timeUnit": "시간"
      },
      "nthSession": "2",
      "numberOfUtterances": "16",
      "numberOfTurns": "8",
      "sessionID": "3-00391-2",
      "dialog": [
        {
          "speaker": "speaker1",
          "personaID": "04709",
          "participantID": "24504",
          "utterance": "휴. 남편이랑 살짝 다투고 왔습니다.. 너무 속상해요.",
          "summary": "",
          "date": "2022-09-11",
          "time": "15:51:55",
          "terminate": "false"
        },
        {
          "speaker": "speaker2",
          "personaID": "04020",
          "participantID": "25721",
          "utterance": "저런, 무슨 일로 다투셨나요?",
          "summary": "",
          "date": "2022-09-11",
          "time": "15:52:31",
          "terminate": "false"
        },
        {
          "speaker": "speaker1",
          "personaID": "04709",
          "participantID": "24504",
          "utterance": "이번에 대학교 들어가는 걸로 갈등이 많네요.. 당신은 괜찮으세요?",
          "summary": "나는 가족과 갈등 있을 때가 많다.",
          "date": "2022-09-11",
          "time": "15:52:56",
          "terminate": "false"
        },
        {
          "speaker": "speaker2",
          "personaID": "04020",
          "participantID": "25721",
          "utterance": "아, 그러시구나. 저는 미혼이라 남편은 아니고 어머니께서 걱정이 많으시네요.",
          "summary": "나는 미혼이다.",
          "date": "2022-09-11",
          "time": "15:53:40",
          "terminate": "false"
        },
        {
          "speaker": "speaker1",
          "personaID": "04709",
          "participantID": "24504",
          "utterance": "아. 미혼이시군요. 능력만 된다면 결혼 안하는게 최고인 듯 해요.. 어머님은 뭐라셔요?",
          "summary": "",
          "date": "2022-09-11",
          "time": "15:54:07",
          "terminate": "false"
        },
        {
          "speaker": "speaker2",
          "personaID": "04020",
          "participantID": "25721",
          "utterance": "이 나이에 무슨 대학교냐며 뭐라 하시더라구요.",
          "summary": "",
          "date": "2022-09-11",
          "time": "15:55:06",
          "terminate": "false"
        },
        {
          "speaker": "speaker1",
          "personaID": "04709",
          "participantID": "24504",
          "utterance": "요즘 백 세 시대인데.. 사람들이 왜이리 고리타분한지.. 그래도 합격했으니 그만 말하라고 했어요~",
          "summary": "",
          "date": "2022-09-11",
          "time": "15:55:41",
          "terminate": "false"
        },
        {
          "speaker": "speaker2",
          "personaID": "04020",
          "participantID": "25721",
          "utterance": "그러니까요. 저도 배우고 싶은 일이 많은데 너무 속상해요.",
          "summary": "",
          "date": "2022-09-11",
          "time": "15:55:49",
          "terminate": "false"
        },
        {
          "speaker": "speaker1",
          "personaID": "04709",
          "participantID": "24504",
          "utterance": "맞아요.. 우리 입학하면 정말 누구보다 열심히 합시다! 학교 생활도 너무 기대돼요!",
          "summary": "",
          "date": "2022-09-11",
          "time": "15:56:12",
          "terminate": "false"
        },
        {
          "speaker": "speaker2",
          "personaID": "04020",
          "participantID": "25721",
          "utterance": "좋아요. 배우고 싶던 과목들 열심히 배워보자구요.",
          "summary": "",
          "date": "2022-09-11",
          "time": "15:56:58",
          "terminate": "false"
        },
        {
          "speaker": "speaker1",
          "personaID": "04709",
          "participantID": "24504",
          "utterance": "네! 좋습니다! 아 빨리 오티가고 싶네요~ 애들이 불편해 할까요? 난 너무 재밌을 거 같은데.",
          "summary": "",
          "date": "2022-09-11",
          "time": "15:57:30",
          "terminate": "false"
        },
        {
          "speaker": "speaker2",
          "personaID": "04020",
          "participantID": "25721",
          "utterance": "성격이 되게 좋으신가보네요. 젊은 친구들과 잘 지내고 싶어하시고.",
          "summary": "",
          "date": "2022-09-11",
          "time": "15:57:58",
          "terminate": "false"
        },
        {
          "speaker": "speaker1",
          "personaID": "04709",
          "participantID": "24504",
          "utterance": "아 제가 좀 털털하다는 말을 많이 듣긴해요~ 일하면서 만난 젊은 친구들도 많고요! 그 쪽은 성격이 어떤 편이세요?",
          "summary": "나는 다소 털털하다.",
          "date": "2022-09-11",
          "time": "15:58:26",
          "terminate": "false"
        },
        {
          "speaker": "speaker2",
          "personaID": "04020",
          "participantID": "25721",
          "utterance": "대단하세요. 저는 낯을 좀 가리는 편이라 선뜻 먼저 다가가지는 못해요.",
          "summary": "",
          "date": "2022-09-11",
          "time": "15:59:03",
          "terminate": "false"
        },
        {
          "speaker": "speaker1",
          "personaID": "04709",
          "participantID": "24504",
          "utterance": "아 그럴 수 있죠. 제가 잘 챙겨드릴게요~ 휴. 저 나이트 근무 때문에 다음에 또 연락 드리겠습니다.",
          "summary": "나는 나이트 근무를 한다.",
          "date": "2022-09-11",
          "time": "15:59:40",
          "terminate": "false"
        },
        {
          "speaker": "speaker2",
          "personaID": "04020",
          "participantID": "25721",
          "utterance": "네, 감사합니다. 나이트 근무 수고하세요.",
          "summary": "",
          "date": "2022-09-11",
          "time": "16:00:20",
          "terminate": "true"
        }
      ],
      "sessionPersonaSummary": {
        "speaker1": [
          "나는 가족과 갈등 있을 때가 많다.",
          "나는 다소 털털하다.",
          "나는 나이트 근무를 한다."
        ],
        "speaker2": [
          "나는 미혼이다."
        ]
      },
      "prevAggregatedpersonaSummary": {
        "speaker1": [
          "나는 50대 여자이다.",
          "나는 간호사이다.",
          "나의 거주지는 대전이다."
        ],
        "speaker2": [
          "나는 40대 여자이다.",
          "나는 보석 감정사이다.",
          "나의 거주지는 서울이다.",
          "나는 TV 음악 프로그램을 좋아한다."
        ]
      }
    },
    {
      "prevSessionID": "3-00391-2",
      "prevTimeInfo": {
        "timeNum": "3",
        "timeUnit": "일"
      },
      "nthSession": "3",
      "numberOfUtterances": "16",
      "numberOfTurns": "8",
      "sessionID": "3-00391-3",
      "dialog": [
        {
          "speaker": "speaker1",
          "personaID": "04709",
          "participantID": "24504",
          "utterance": "안녕하세요. 잘 지내셨나요? 단톡에 공지가 떠서 연락 드렸어요.",
          "summary": "",
          "date": "2022-09-11",
          "time": "16:00:26",
          "terminate": "false"
        },
        {
          "speaker": "speaker2",
          "personaID": "04020",
          "participantID": "25721",
          "utterance": "네, 안녕하세요! 오티 공지 떴나요?",
          "summary": "",
          "date": "2022-09-11",
          "time": "16:00:44",
          "terminate": "false"
        },
        {
          "speaker": "speaker1",
          "personaID": "04709",
          "participantID": "24504",
          "utterance": "오티 전에 신입생 환영회부터 진행한다고 하더라고요! 너무 기대 되네요!",
          "summary": "나는 신입생 환영회가 기대된다.",
          "date": "2022-09-11",
          "time": "16:01:19",
          "terminate": "false"
        },
        {
          "speaker": "speaker2",
          "personaID": "04020",
          "participantID": "25721",
          "utterance": "아, 정말요? 신입생 환영회 기대되네요.",
          "summary": "",
          "date": "2022-09-11",
          "time": "16:01:52",
          "terminate": "false"
        },
        {
          "speaker": "speaker1",
          "personaID": "04709",
          "participantID": "24504",
          "utterance": "그렇죠? 그리고 오티는 1달 뒤에 진행된대요. 식품영양학과 정말 가고 싶었는데 드디어 가보네요.",
          "summary": "",
          "date": "2022-09-11",
          "time": "16:02:31",
          "terminate": "false"
        },
        {
          "speaker": "speaker2",
          "personaID": "04020",
          "participantID": "25721",
          "utterance": "그러니까요. 이 나이에 대학교를 가게 될 줄 몰랐습니다.",
          "summary": "",
          "date": "2022-09-11",
          "time": "16:02:54",
          "terminate": "false"
        },
        {
          "speaker": "speaker1",
          "personaID": "04709",
          "participantID": "24504",
          "utterance": "맞아요. 주변 사람들 다 깜짝 놀라더라고요! 퇴사 사유도 대학 다시 간다니까 다들 놀라셨어요~",
          "summary": "나의 퇴사 사유는 대학에 가는 것이다.",
          "date": "2022-09-11",
          "time": "16:03:26",
          "terminate": "false"
        },
        {
          "speaker": "speaker2",
          "personaID": "04020",
          "participantID": "25721",
          "utterance": "간호사라는 직업으로 퇴사하기가 어려우셨을텐데 대단하세요.",
          "summary": "",
          "date": "2022-09-11",
          "time": "16:03:54",
          "terminate": "false"
        },
        {
          "speaker": "speaker1",
          "personaID": "04709",
          "participantID": "24504",
          "utterance": "맞아요.. 정말 많이 고민했는데 남은 인생 꼭 하고 싶은 일을 하면서 살고 싶어졌어요.",
          "summary": "",
          "date": "2022-09-11",
          "time": "16:04:13",
          "terminate": "false"
        },
        {
          "speaker": "speaker2",
          "personaID": "04020",
          "participantID": "25721",
          "utterance": "멋지세요. 한 번 사는 인생인데 하고 싶은 일 해야죠!",
          "summary": "",
          "date": "2022-09-11",
          "time": "16:04:55",
          "terminate": "false"
        },
        {
          "speaker": "speaker1",
          "personaID": "04709",
          "participantID": "24504",
          "utterance": "맞아요! 요리는 평생해서 영양이나 조리쪽으론 자신 있다고요! 당신은 왜 식영과를 선택하셨어요?",
          "summary": "",
          "date": "2022-09-11",
          "time": "16:05:34",
          "terminate": "false"
        },
        {
          "speaker": "speaker2",
          "personaID": "04020",
          "participantID": "25721",
          "utterance": "저는 원래부터 영양사가 하고 싶었어요. 교육 이수해서 면허 꼭 딸거예요.",
          "summary": "나는 영양사가 꿈이었다.",
          "date": "2022-09-11",
          "time": "16:06:01",
          "terminate": "false"
        },
        {
          "speaker": "speaker1",
          "personaID": "04709",
          "participantID": "24504",
          "utterance": "좋아요! 우리 졸업할 때 꼭 면허증 받아갑시다! 빨리 학교 가서 당신이랑 만나고 싶네요~",
          "summary": "",
          "date": "2022-09-11",
          "time": "16:06:43",
          "terminate": "false"
        },
        {
          "speaker": "speaker2",
          "personaID": "04020",
          "participantID": "25721",
          "utterance": "그러니까요. 함께 할 생각에 너무 기쁩니다.",
          "summary": "",
          "date": "2022-09-11",
          "time": "16:07:19",
          "terminate": "false"
        },
        {
          "speaker": "speaker1",
          "personaID": "04709",
          "participantID": "24504",
          "utterance": "그럼 신입생 환영회 전 날에 연락 드리겠습니다! 잘 지내고 계세요!",
          "summary": "",
          "date": "2022-09-11",
          "time": "16:07:47",
          "terminate": "false"
        },
        {
          "speaker": "speaker2",
          "personaID": "04020",
          "participantID": "25721",
          "utterance": "네~ 대화 즐거웠습니다. 전 날에 연락주세요.",
          "summary": "",
          "date": "2022-09-11",
          "time": "16:08:23",
          "terminate": "true"
        }
      ],
      "sessionPersonaSummary": {
        "speaker1": [
          "나는 신입생 환영회가 기대된다.",
          "나의 퇴사 사유는 대학에 가는 것이다."
        ],
        "speaker2": [
          "나는 영양사가 꿈이었다."
        ]
      },
      "prevAggregatedpersonaSummary": {
        "speaker1": [
          "나는 50대 여자이다.",
          "나는 간호사이다.",
          "나의 거주지는 대전이다.",
          "나는 가족과 갈등 있을 때가 많다.",
          "나는 다소 털털하다.",
          "나는 나이트 근무를 한다."
        ],
        "speaker2": [
          "나는 40대 여자이다.",
          "나는 보석 감정사이다.",
          "나의 거주지는 서울이다.",
          "나는 TV 음악 프로그램을 좋아한다.",
          "나는 미혼이다."
        ]
      }
    }
  ]
}