{
  "FileInfo": {
    "filename": "K3-00499-CL42789-CP62576-11-03-S3.json",
    "sessionLevel": "3"
  },
  "participantsInfo": {
    "numberOfParticipants": "2",
    "speaker1": {
      "participantID": "4542",
      "gender": "여성",
      "age": "40대",
      "occupation": "사무직",
      "bPlace": "서울/경기/인천",
      "gPlace": "서울/경기/인천",
      "rPlace": "서울/경기/인천",
      "educationLevel": "대졸"
    },
    "speaker2": {
      "participantID": "3968",
      "gender": "여성",
      "age": "50대",
      "occupation": "주부",
      "bPlace": "서울/경기/인천",
      "gPlace": "서울/경기/인천",
      "rPlace": "광주/전라/제주",
      "educationLevel": "대졸"
    }
  },
  "multisessionInfo": {
    "multisessionID": "3-00499"
  },
  "personaInfo": {
    "clInfo": {
      "personaID": "42789",
      "personaFeatures": [
        "나는 여자이다.",
        "나는 40대이다.",
        "나는 달리기를 좋아한다",
        "나는 음악 영화를 싫어한다",
        "나는 요즘, 매일 감사하다",
        "나는 배를 즐겨 먹는다"
      ],
      "speakerType": "speaker1"
    },
    "cpInfo": {
      "personaID": "62576",
      "personaFeatures": [
        "나는 여자이다.",
        "나는 60대 이상이다.",
        "나는 운전하는 것을 좋아한다",
        "나는 가끔 죄책감이 든다",
        "나는 약사이다",
        "나는 주말에 필요한 물건을 만든다(DIY)"
      ],
      "speakerType": "speaker2"
    }
  },
  "topicInfo": {
    "topicID": "11-03",
    "topicType": "여가와 오락>게임",
    "topicTitle": "전통/민속놀이"
  },
  "sessionInfo": [
    {
      "prevSessionID": null,
      "prevTimeInfo": {
        "timeNum": null,
        "timeUnit": null
      },
      "nthSession": "1",
      "numberOfUtterances": "14",
      "numberOfTurns": "7",
      "sessionID": "3-00499-1",
      "dialog": [
        {
          "speaker": "speaker1",
          "personaID": "42789",
          "participantID": "4542",
          "utterance": "안녕하세요 저는 40대 여성이에요",
          "summary": "나는 40대 여성이다",
          "date": "2022-11-23",
          "time": "20:29:15",
          "terminate": "false"
        },
        {
          "speaker": "speaker2",
          "personaID": "62576",
          "participantID": "3968",
          "utterance": "안녕하세요. 저는 60대 여성이고 약사입니다",
          "summary": "나는 60대 여성이다. 나는 약사다.",
          "date": "2022-11-23",
          "time": "20:35:53",
          "terminate": "false"
        },
        {
          "speaker": "speaker1",
          "personaID": "42789",
          "participantID": "4542",
          "utterance": "일을 하고 계시는 군요. 저는 요즘 매일 감사해요",
          "summary": "나는 요즘 매일 감사한다",
          "date": "2022-11-23",
          "time": "20:36:57",
          "terminate": "false"
        },
        {
          "speaker": "speaker2",
          "personaID": "62576",
          "participantID": "3968",
          "utterance": "무엇에 감사를 하시나요? 저는 주말에 필요한 물건을 DIY로 만드는 것을 좋아하는데 가끔 가족들한테 죄책감이 듭니다",
          "summary": "나는 주말에 DIY를 만든다. 나는 가끔 가족들에게 죄책감이 든다.",
          "date": "2022-11-23",
          "time": "20:47:50",
          "terminate": "false"
        },
        {
          "speaker": "speaker1",
          "personaID": "42789",
          "participantID": "4542",
          "utterance": "매일매일 감사하자 생각하니 모든 일이 감사하더라구요",
          "summary": "나는 매일매일 감사하자 생각하니 모든 일이 감사하게 되었다",
          "date": "2022-11-23",
          "time": "20:50:48",
          "terminate": "false"
        },
        {
          "speaker": "speaker2",
          "personaID": "62576",
          "participantID": "3968",
          "utterance": "그렇군요. 좋은 마인드세요. 저는 운전하는 것을 좋아합니다. 님은 운전하는 것을 좋아하시나요?",
          "summary": "나는 운전하는 것을 좋아한다.",
          "date": "2022-11-23",
          "time": "20:55:25",
          "terminate": "false"
        },
        {
          "speaker": "speaker1",
          "personaID": "42789",
          "participantID": "4542",
          "utterance": "저는 운전을 하기는 하지만 달리기를 좋아해요",
          "summary": "나는 운전을 하기는 하지만 달리기를 좋아한다",
          "date": "2022-11-23",
          "time": "20:58:48",
          "terminate": "false"
        },
        {
          "speaker": "speaker2",
          "personaID": "62576",
          "participantID": "3968",
          "utterance": "운동을 하시나요? 건강을 위해서 달리기가 좋을거 같아요. 저는 나이가 있으니 많이 걸으려고 노력은 합니다",
          "summary": "나는 건강을 위해 걸으려고 노력한다.",
          "date": "2022-11-23",
          "time": "21:09:41",
          "terminate": "false"
        },
        {
          "speaker": "speaker1",
          "personaID": "42789",
          "participantID": "4542",
          "utterance": "걷기도 너무 좋은 것 같아요. 저는 음악 영화를 싫어해요. 조용한 영화가 좋더라구요. 어떤 영화 좋아하세요?",
          "summary": "나는 걷기도 너무 좋은 것 같다. 음악 영화를 싫어한다. 조용한 영화가 좋다",
          "date": "2022-11-23",
          "time": "21:16:53",
          "terminate": "false"
        },
        {
          "speaker": "speaker2",
          "personaID": "62576",
          "participantID": "3968",
          "utterance": "저는 액션영화 좋아합니다. 가볍게 보기에는 코미디 영화도 좋구요",
          "summary": "나는 액션 영화를 좋아한다. 나는 코디미 영화를 좋아한다.",
          "date": "2022-11-23",
          "time": "21:17:59",
          "terminate": "false"
        },
        {
          "speaker": "speaker1",
          "personaID": "42789",
          "participantID": "4542",
          "utterance": "가볍에 웃으면서 보기에 좋은 것 같아요. 저는 배를 즐겨 먹어요. 과일 좋아하세요/",
          "summary": "나는 배를 즐겨 먹는다",
          "date": "2022-11-23",
          "time": "21:20:16",
          "terminate": "false"
        },
        {
          "speaker": "speaker2",
          "personaID": "62576",
          "participantID": "3968",
          "utterance": "저는 감을 좋아합니다. 가을에 홍시 얼려서 1년내내 먹기도 합니다",
          "summary": "나는 감을 좋아한다.",
          "date": "2022-11-23",
          "time": "21:22:56",
          "terminate": "false"
        },
        {
          "speaker": "speaker1",
          "personaID": "42789",
          "participantID": "4542",
          "utterance": "과일은 몸에 좋고 매일 먹으면 좋을 것 같아요",
          "summary": "나는 과일은 몸에 좋고 매일 먹으면 좋을 것 같다",
          "date": "2022-11-23",
          "time": "21:24:17",
          "terminate": "false"
        },
        {
          "speaker": "speaker2",
          "personaID": "62576",
          "participantID": "3968",
          "utterance": "저는 과일을 많이 먹지는 않지만 많이 먹으면 좋죠. 저는 이만 자러갑니다",
          "summary": "나는 과일을 많이 먹지 않는다.",
          "date": "2022-11-23",
          "time": "21:32:49",
          "terminate": "true"
        }
      ],
      "sessionPersonaSummary": {
        "speaker1": [
          "나는 40대 여성이다",
          "나는 요즘 매일 감사한다",
          "나는 매일매일 감사하자 생각하니 모든 일이 감사하게 되었다",
          "나는 운전을 하기는 하지만 달리기를 좋아한다",
          "나는 걷기도 너무 좋은 것 같다. 음악 영화를 싫어한다. 조용한 영화가 좋다",
          "나는 배를 즐겨 먹는다",
          "나는 과일은 몸에 좋고 매일 먹으면 좋을 것 같다"
        ],
        "speaker2": [
          "나는 60대 여성이다. 나는 약사다.",
          "나는 주말에 DIY를 만든다. 나는 가끔 가족들에게 죄책감이 든다.",
          "나는 운전하는 것을 좋아한다.",
          "나는 건강을 위해 걸으려고 노력한다.",
          "나는 액션 영화를 좋아한다. 나는 코디미 영화를 좋아한다.",
          "나는 감을 좋아한다.",
          "나는 과일을 많이 먹지 않는다."
        ]
      },
      "prevAggregatedpersonaSummary": {
        "speaker1": [],
        "speaker2": []
      }
    },
    {
      "prevSessionID": "3-00499-1",
      "prevTimeInfo": {
        "timeNum": "2",
        "timeUnit": "시간"
      },
      "nthSession": "2",
      "numberOfUtterances": "14",
      "numberOfTurns": "7",
      "sessionID": "3-00499-2",
      "dialog": [
        {
          "speaker": "speaker1",
          "personaID": "42789",
          "participantID": "4542",
          "utterance": "2시만 만이네요. 잘 쉬셨어요?",
          "summary": "",
          "date": "2022-11-24",
          "time": "08:49:38",
          "terminate": "false"
        },
        {
          "speaker": "speaker2",
          "personaID": "62576",
          "participantID": "3968",
          "utterance": "네 2시간이 지났네요. 잠깐 점심먹고 30분 잤어요",
          "summary": "",
          "date": "2022-11-24",
          "time": "10:44:51",
          "terminate": "false"
        },
        {
          "speaker": "speaker1",
          "personaID": "42789",
          "participantID": "4542",
          "utterance": "여가시간에 낮잠은 참 좋은 것 같아요. 전 시간 나면 모바일 게임을 많이해요",
          "summary": "나는 시간 나면 모바일 게임을 많이 한다",
          "date": "2022-11-24",
          "time": "10:47:29",
          "terminate": "false"
        },
        {
          "speaker": "speaker2",
          "personaID": "62576",
          "participantID": "3968",
          "utterance": "주로 무슨 모바일 게임을 하시나요? ",
          "summary": "",
          "date": "2022-11-24",
          "time": "11:16:07",
          "terminate": "false"
        },
        {
          "speaker": "speaker1",
          "personaID": "42789",
          "participantID": "4542",
          "utterance": "주로 집 짓고 채집하는 게임을 하면서 힐링을 해요 게임 좋아하세요?",
          "summary": "나는 주로 집 짓고 채집하는 게임을 하면서 힐링을 한다",
          "date": "2022-11-24",
          "time": "11:17:41",
          "terminate": "false"
        },
        {
          "speaker": "speaker2",
          "personaID": "62576",
          "participantID": "3968",
          "utterance": "저도 게임을 합니다. 아이들 어릴때는 가족이 다같이 보드게임을 많이 했었는데 요즘은 거의 명절에 윷놀이 하는정도로 합니다. ",
          "summary": "나는 아이들 어릴 때 명절에 윷놀이를 했다.",
          "date": "2022-11-24",
          "time": "11:22:38",
          "terminate": "false"
        },
        {
          "speaker": "speaker1",
          "personaID": "42789",
          "participantID": "4542",
          "utterance": "가족끼리 모여서 윷놀이 하는 풍경 상상만으로도 따뜻하네요",
          "summary": "",
          "date": "2022-11-24",
          "time": "11:35:09",
          "terminate": "false"
        },
        {
          "speaker": "speaker2",
          "personaID": "62576",
          "participantID": "3968",
          "utterance": "얼마전 드라마 오징어게임 보셨나요? 거기에 나오는 게임이 예전에 많이 하던 놀이라 너무 정겹더라구요",
          "summary": "",
          "date": "2022-11-24",
          "time": "11:36:08",
          "terminate": "false"
        },
        {
          "speaker": "speaker1",
          "personaID": "42789",
          "participantID": "4542",
          "utterance": "드라마 영향으로 외국인들도 공기놀이를 알더라구요",
          "summary": "",
          "date": "2022-11-24",
          "time": "11:42:04",
          "terminate": "false"
        },
        {
          "speaker": "speaker2",
          "personaID": "62576",
          "participantID": "3968",
          "utterance": "그러게 말이에요. 우리나라처럼 작은 나라의 전통놀이를 외국인들이 한다는 것이 신기할 따름이네요",
          "summary": "",
          "date": "2022-11-24",
          "time": "11:42:47",
          "terminate": "false"
        },
        {
          "speaker": "speaker1",
          "personaID": "42789",
          "participantID": "4542",
          "utterance": "드라마의 영향이 엄청 큰거 같아요",
          "summary": "나는 드라마의 영향이 엄청 큰 거 같다",
          "date": "2022-11-24",
          "time": "11:43:36",
          "terminate": "false"
        },
        {
          "speaker": "speaker2",
          "personaID": "62576",
          "participantID": "3968",
          "utterance": "한류한류 한다더니 정말 영향이 크네요",
          "summary": "",
          "date": "2022-11-24",
          "time": "12:06:42",
          "terminate": "false"
        },
        {
          "speaker": "speaker1",
          "personaID": "42789",
          "participantID": "4542",
          "utterance": "전통놀이를 통해서도 우리나라의 유명세를 알게 되서 너무 좋아요.",
          "summary": "나는 전통놀이를 통해서도 우리나라의 유명세를 알게 돼서 너무 좋다",
          "date": "2022-11-24",
          "time": "13:38:03",
          "terminate": "false"
        },
        {
          "speaker": "speaker2",
          "personaID": "62576",
          "participantID": "3968",
          "utterance": "맞습니다. 저는 잠시 일 좀 보고 또 뵙겠습니다.",
          "summary": "",
          "date": "2022-11-24",
          "time": "14:12:04",
          "terminate": "true"
        }
      ],
      "sessionPersonaSummary": {
        "speaker1": [
          "나는 시간 나면 모바일 게임을 많이 한다",
          "나는 주로 집 짓고 채집하는 게임을 하면서 힐링을 한다",
          "나는 드라마의 영향이 엄청 큰 거 같다",
          "나는 전통놀이를 통해서도 우리나라의 유명세를 알게 돼서 너무 좋다"
        ],
        "speaker2": [
          "나는 아이들 어릴 때 명절에 윷놀이를 했다."
        ]
      },
      "prevAggregatedpersonaSummary": {
        "speaker1": [
          "나는 40대 여성이다",
          "나는 요즘 매일 감사한다",
          "나는 매일매일 감사하자 생각하니 모든 일이 감사하게 되었다",
          "나는 운전을 하기는 하지만 달리기를 좋아한다",
          "나는 걷기도 너무 좋은 것 같다. 음악 영화를 싫어한다. 조용한 영화가 좋다",
          "나는 배를 즐겨 먹는다",
          "나는 과일은 몸에 좋고 매일 먹으면 좋을 것 같다"
        ],
        "speaker2": [
          "나는 60대 여성이다. 나는 약사다.",
          "나는 주말에 DIY를 만든다. 나는 가끔 가족들에게 죄책감이 든다.",
          "나는 운전하는 것을 좋아한다.",
          "나는 건강을 위해 걸으려고 노력한다.",
          "나는 액션 영화를 좋아한다. 나는 코디미 영화를 좋아한다.",
          "나는 감을 좋아한다.",
          "나는 과일을 많이 먹지 않는다."
        ]
      }
    },
    {
      "prevSessionID": "3-00499-2",
      "prevTimeInfo": {
        "timeNum": "7",
        "timeUnit": "일"
      },
      "nthSession": "3",
      "numberOfUtterances": "14",
      "numberOfTurns": "7",
      "sessionID": "3-00499-3",
      "dialog": [
        {
          "speaker": "speaker1",
          "personaID": "42789",
          "participantID": "4542",
          "utterance": "벌써 7일이 지났네요 잘 지내셨죠",
          "summary": "",
          "date": "2022-11-24",
          "time": "15:30:03",
          "terminate": "false"
        },
        {
          "speaker": "speaker2",
          "personaID": "62576",
          "participantID": "3968",
          "utterance": "네, 잘 지냈습니다. 일주일만이네요",
          "summary": "",
          "date": "2022-11-24",
          "time": "15:54:13",
          "terminate": "false"
        },
        {
          "speaker": "speaker1",
          "personaID": "42789",
          "participantID": "4542",
          "utterance": "지난번에 전통놀이 말씀하셔서 요새 아이들과  구슬치기 하도 있어요",
          "summary": "나는 아이들과 구슬치기 하고 있다",
          "date": "2022-11-24",
          "time": "16:34:18",
          "terminate": "false"
        },
        {
          "speaker": "speaker2",
          "personaID": "62576",
          "participantID": "3968",
          "utterance": "구슬치기 너무 재미있겠네요. 아이들이 잘 하던가요? 요즘 아이들은 모바일 게임에 익숙해서 전통놀이를 잘 할지 궁금하네요",
          "summary": "",
          "date": "2022-11-24",
          "time": "16:56:17",
          "terminate": "false"
        },
        {
          "speaker": "speaker1",
          "personaID": "42789",
          "participantID": "4542",
          "utterance": "아직 아이들이 어리고 모바일 게임에 익숙해져 있어서 그런지 신기해하더라구요",
          "summary": "나는 아직 아이들이 어리고 모바일 게임에 익숙해져 있어서 그런지 신기해한다",
          "date": "2022-11-24",
          "time": "20:31:00",
          "terminate": "false"
        },
        {
          "speaker": "speaker2",
          "personaID": "62576",
          "participantID": "3968",
          "utterance": "요즘 아이들이 구슬치기 하는 모습 상상이 안가네요. 너무 귀여울거 같아요",
          "summary": "",
          "date": "2022-11-24",
          "time": "20:37:40",
          "terminate": "false"
        },
        {
          "speaker": "speaker1",
          "personaID": "42789",
          "participantID": "4542",
          "utterance": "아주 어렸을 때는 구슬 삼킬까봐 엄두도 못냈는데 벌써 즐기는 나이가 되었어요",
          "summary": "나는 아주 어렸을 때는 구슬 삼킬까 봐 엄두도 못 냈는데 벌써 즐기는 나이가 되었다",
          "date": "2022-11-24",
          "time": "20:40:41",
          "terminate": "false"
        },
        {
          "speaker": "speaker2",
          "personaID": "62576",
          "participantID": "3968",
          "utterance": "엄마와 하는 게임이 얼마나 재미있을까요",
          "summary": "",
          "date": "2022-11-24",
          "time": "20:47:39",
          "terminate": "false"
        },
        {
          "speaker": "speaker1",
          "personaID": "42789",
          "participantID": "4542",
          "utterance": "아이들과 시간을 보내면서 전통놀이도 알 수 있는 기회를 만들어주려구요",
          "summary": "나는 아이들과 시간을 보내면서 전통놀이도 알 수 있는 기회를 만들어주려 한다",
          "date": "2022-11-24",
          "time": "20:48:51",
          "terminate": "false"
        },
        {
          "speaker": "speaker2",
          "personaID": "62576",
          "participantID": "3968",
          "utterance": "달고나는 해 보셨나요? 저희 아이들 어릴 한다고 사서는 한번인가 해봤던거 같아요",
          "summary": "나는 아이들이 어릴 때 달고나를 했다.",
          "date": "2022-11-24",
          "time": "20:52:27",
          "terminate": "false"
        },
        {
          "speaker": "speaker1",
          "personaID": "42789",
          "participantID": "4542",
          "utterance": "처음에는 달고나를 사서 먹었는데 얼마전에 달고나 만드는 세트를 팔아서 하나 샀어요",
          "summary": "나는 처음에는 달고나를 사서 먹었는데 얼마 전에 달고나 만드는 세트를 하나 샀다",
          "date": "2022-11-24",
          "time": "20:53:23",
          "terminate": "false"
        },
        {
          "speaker": "speaker2",
          "personaID": "62576",
          "participantID": "3968",
          "utterance": "아이들하고 해보셨나요? 아이들이 너무 좋아했을거 같아요",
          "summary": "",
          "date": "2022-11-24",
          "time": "20:54:37",
          "terminate": "false"
        },
        {
          "speaker": "speaker1",
          "personaID": "42789",
          "participantID": "4542",
          "utterance": "아이들은 너무 좋아하는데 단 걸 너무 먹는거 같아서 걱정이에요",
          "summary": "나는 아이들이 너무 좋아하는데 단 걸 너무 먹는 거 같아서 걱정이다",
          "date": "2022-11-24",
          "time": "20:56:13",
          "terminate": "false"
        },
        {
          "speaker": "speaker2",
          "personaID": "62576",
          "participantID": "3968",
          "utterance": "그것도 걱정이네요. 대화 즐거웠습니다",
          "summary": "",
          "date": "2022-11-24",
          "time": "20:57:41",
          "terminate": "true"
        }
      ],
      "sessionPersonaSummary": {
        "speaker1": [
          "나는 아이들과 구슬치기 하고 있다",
          "나는 아직 아이들이 어리고 모바일 게임에 익숙해져 있어서 그런지 신기해한다",
          "나는 아주 어렸을 때는 구슬 삼킬까 봐 엄두도 못 냈는데 벌써 즐기는 나이가 되었다",
          "나는 아이들과 시간을 보내면서 전통놀이도 알 수 있는 기회를 만들어주려 한다",
          "나는 처음에는 달고나를 사서 먹었는데 얼마 전에 달고나 만드는 세트를 하나 샀다",
          "나는 아이들이 너무 좋아하는데 단 걸 너무 먹는 거 같아서 걱정이다"
        ],
        "speaker2": [
          "나는 아이들이 어릴 때 달고나를 했다."
        ]
      },
      "prevAggregatedpersonaSummary": {
        "speaker1": [
          "나는 40대 여성이다",
          "나는 요즘 매일 감사한다",
          "나는 매일매일 감사하자 생각하니 모든 일이 감사하게 되었다",
          "나는 운전을 하기는 하지만 달리기를 좋아한다",
          "나는 걷기도 너무 좋은 것 같다. 음악 영화를 싫어한다. 조용한 영화가 좋다",
          "나는 배를 즐겨 먹는다",
          "나는 과일은 몸에 좋고 매일 먹으면 좋을 것 같다",
          "나는 시간 나면 모바일 게임을 많이 한다",
          "나는 주로 집 짓고 채집하는 게임을 하면서 힐링을 한다",
          "나는 드라마의 영향이 엄청 큰 거 같다",
          "나는 전통놀이를 통해서도 우리나라의 유명세를 알게 돼서 너무 좋다"
        ],
        "speaker2": [
          "나는 60대 여성이다. 나는 약사다.",
          "나는 주말에 DIY를 만든다. 나는 가끔 가족들에게 죄책감이 든다.",
          "나는 운전하는 것을 좋아한다.",
          "나는 건강을 위해 걸으려고 노력한다.",
          "나는 액션 영화를 좋아한다. 나는 코디미 영화를 좋아한다.",
          "나는 감을 좋아한다.",
          "나는 과일을 많이 먹지 않는다.",
          "나는 아이들 어릴 때 명절에 윷놀이를 했다."
        ]
      }
    }
  ]
}