{
  "FileInfo": {
    "filename": "K3-00435-CL21632-CP22666-13-05-S3.json",
    "sessionLevel": "3"
  },
  "participantsInfo": {
    "numberOfParticipants": "2",
    "speaker1": {
      "participantID": "0157",
      "gender": "여성",
      "age": "20대",
      "occupation": "무직",
      "bPlace": "광주/전라/제주",
      "gPlace": "광주/전라/제주",
      "rPlace": "광주/전라/제주",
      "educationLevel": "대졸"
    },
    "speaker2": {
      "participantID": "0158",
      "gender": "여성",
      "age": "20대",
      "occupation": "무직",
      "bPlace": "광주/전라/제주",
      "gPlace": "광주/전라/제주",
      "rPlace": "광주/전라/제주",
      "educationLevel": "고졸"
    }
  },
  "multisessionInfo": {
    "multisessionID": "3-00435"
  },
  "personaInfo": {
    "clInfo": {
      "personaID": "21632",
      "personaFeatures": [
        "나는 여자이다.",
        "나는 20대이다.",
        "나의 거주지는 당진이다.",
        "나는 헤드헌터이다.",
        "나는 스마트폰을 수집한다."
      ],
      "speakerType": "speaker1"
    },
    "cpInfo": {
      "personaID": "22666",
      "personaFeatures": [
        "나는 여자이다.",
        "나는 20대이다.",
        "나는 카페라떼를 좋아한다.",
        "나는 일본어를 좋아한다.",
        "나는 더운 날씨를 싫어한다."
      ],
      "speakerType": "speaker2"
    }
  },
  "topicInfo": {
    "topicID": "13-05",
    "topicType": "기후>계절/날씨",
    "topicTitle": "하늘"
  },
  "sessionInfo": [
    {
      "prevSessionID": null,
      "prevTimeInfo": {
        "timeNum": null,
        "timeUnit": null
      },
      "nthSession": "1",
      "numberOfUtterances": "16",
      "numberOfTurns": "8",
      "sessionID": "3-00435-1",
      "dialog": [
        {
          "speaker": "speaker1",
          "personaID": "21632",
          "participantID": "0157",
          "utterance": "안녕하세요, 저는 20대 여자예요.",
          "summary": "나는 20대 여성이다.",
          "date": "2022-09-15",
          "time": "15:42:11",
          "terminate": "false"
        },
        {
          "speaker": "speaker2",
          "personaID": "22666",
          "participantID": "0158",
          "utterance": "안녕하세요. 저도 20대 여자예요.",
          "summary": "나는 20대 여성이다.",
          "date": "2022-09-15",
          "time": "15:42:24",
          "terminate": "false"
        },
        {
          "speaker": "speaker1",
          "personaID": "21632",
          "participantID": "0157",
          "utterance": "반가워요. 저는 당진에 사는데, 어디 사세요?",
          "summary": "나의 거주지는 당진이다.",
          "date": "2022-09-15",
          "time": "15:42:46",
          "terminate": "false"
        },
        {
          "speaker": "speaker2",
          "personaID": "22666",
          "participantID": "0158",
          "utterance": "저는 서울에 살아요. 만나서 반가워요.",
          "summary": "나의 거주지는 서울이다.",
          "date": "2022-09-15",
          "time": "15:43:04",
          "terminate": "false"
        },
        {
          "speaker": "speaker1",
          "personaID": "21632",
          "participantID": "0157",
          "utterance": "그렇군요, 꽤 머네요. 직업은 어떻게 되세요?",
          "summary": "",
          "date": "2022-09-15",
          "time": "15:44:08",
          "terminate": "false"
        },
        {
          "speaker": "speaker2",
          "personaID": "22666",
          "participantID": "0158",
          "utterance": "저는 아직 대학생이에요. 일본어를 좋아해서 일본어 전공이에요.",
          "summary": "나는 대학생이다. 나는 일본어를 좋아한다. 나는 일본어 전공이다.",
          "date": "2022-09-15",
          "time": "15:44:49",
          "terminate": "false"
        },
        {
          "speaker": "speaker1",
          "personaID": "21632",
          "participantID": "0157",
          "utterance": "오, 한창 좋을 때네요. 저는 헤드헌터예요.",
          "summary": "나는 헤드헌터이다.",
          "date": "2022-09-15",
          "time": "15:45:23",
          "terminate": "false"
        },
        {
          "speaker": "speaker2",
          "personaID": "22666",
          "participantID": "0158",
          "utterance": "우와 헤드 헌터라는게 대체 무슨 직업이에요?",
          "summary": "",
          "date": "2022-09-15",
          "time": "15:45:47",
          "terminate": "false"
        },
        {
          "speaker": "speaker1",
          "personaID": "21632",
          "participantID": "0157",
          "utterance": "기업이 원하는 인재를 발굴해서 연결시켜주는 직업이에요.",
          "summary": "헤드헌터는 기업이 원하는 인재를 찾아서 연결시켜주는 직업이다.",
          "date": "2022-09-15",
          "time": "15:46:17",
          "terminate": "false"
        },
        {
          "speaker": "speaker2",
          "personaID": "22666",
          "participantID": "0158",
          "utterance": "처음 알았는데 정말 신기하네요. 멋있으세요.",
          "summary": "",
          "date": "2022-09-15",
          "time": "15:46:48",
          "terminate": "false"
        },
        {
          "speaker": "speaker1",
          "personaID": "21632",
          "participantID": "0157",
          "utterance": "고마워요. 학생도 나중에 기업이 원하는 인재가 되면 제가 연락할 수도 있겠네요.",
          "summary": "",
          "date": "2022-09-15",
          "time": "15:47:46",
          "terminate": "false"
        },
        {
          "speaker": "speaker2",
          "personaID": "22666",
          "participantID": "0158",
          "utterance": "그럴수도 있겠네요. 지금은 뭐하고 계셨어요?",
          "summary": "",
          "date": "2022-09-15",
          "time": "15:48:40",
          "terminate": "false"
        },
        {
          "speaker": "speaker1",
          "personaID": "21632",
          "participantID": "0157",
          "utterance": "저는 일하던 중이었어요. 학생은요?",
          "summary": "나는 일하고 있었다.",
          "date": "2022-09-15",
          "time": "15:49:39",
          "terminate": "false"
        },
        {
          "speaker": "speaker2",
          "personaID": "22666",
          "participantID": "0158",
          "utterance": "저는 일본어 노래를 듣고 있었어요.",
          "summary": "나는 일본 노래를 듣고 있었다.",
          "date": "2022-09-15",
          "time": "15:50:58",
          "terminate": "false"
        },
        {
          "speaker": "speaker1",
          "personaID": "21632",
          "participantID": "0157",
          "utterance": "정말 일본어를 좋아하나 봐요. 저는 이만 일하러 가볼게요. 나중에 봐요.",
          "summary": "",
          "date": "2022-09-15",
          "time": "15:51:33",
          "terminate": "false"
        },
        {
          "speaker": "speaker2",
          "personaID": "22666",
          "participantID": "0158",
          "utterance": "네 그럼 저도 이만 가볼게요. 다음에 또 대화해요.",
          "summary": "",
          "date": "2022-09-15",
          "time": "15:51:47",
          "terminate": "true"
        }
      ],
      "sessionPersonaSummary": {
        "speaker1": [
          "나는 20대 여성이다.",
          "나의 거주지는 당진이다.",
          "나는 헤드헌터이다.",
          "헤드헌터는 기업이 원하는 인재를 찾아서 연결시켜주는 직업이다.",
          "나는 일하고 있었다."
        ],
        "speaker2": [
          "나는 20대 여성이다.",
          "나의 거주지는 서울이다.",
          "나는 대학생이다. 나는 일본어를 좋아한다. 나는 일본어 전공이다.",
          "나는 일본 노래를 듣고 있었다."
        ]
      },
      "prevAggregatedpersonaSummary": {
        "speaker1": [],
        "speaker2": []
      }
    },
    {
      "prevSessionID": "3-00435-1",
      "prevTimeInfo": {
        "timeNum": "2",
        "timeUnit": "일"
      },
      "nthSession": "2",
      "numberOfUtterances": "16",
      "numberOfTurns": "8",
      "sessionID": "3-00435-2",
      "dialog": [
        {
          "speaker": "speaker1",
          "personaID": "21632",
          "participantID": "0157",
          "utterance": "오늘 하늘 보셨어요? 정말 예쁘네요.",
          "summary": "",
          "date": "2022-09-15",
          "time": "15:51:59",
          "terminate": "false"
        },
        {
          "speaker": "speaker2",
          "personaID": "22666",
          "participantID": "0158",
          "utterance": "오늘 밖에 나가지 않아서 아직 못봤어요.",
          "summary": "",
          "date": "2022-09-15",
          "time": "15:52:22",
          "terminate": "false"
        },
        {
          "speaker": "speaker1",
          "personaID": "21632",
          "participantID": "0157",
          "utterance": "오늘 블러드문이래요. 지금 놓치면 엄청 오래 기다려야 하니까 꼭 보세요.",
          "summary": "오늘 하늘엔 블러드 문이 떴다. 오늘이 지나면 블러드 문은 오랜 시간이 지난 후 다시 볼 수 있다.",
          "date": "2022-09-15",
          "time": "15:54:52",
          "terminate": "false"
        },
        {
          "speaker": "speaker2",
          "personaID": "22666",
          "participantID": "0158",
          "utterance": "정말요? 블러드문이라는 게 뭔가요?",
          "summary": "",
          "date": "2022-09-15",
          "time": "15:55:58",
          "terminate": "false"
        },
        {
          "speaker": "speaker1",
          "personaID": "21632",
          "participantID": "0157",
          "utterance": "달이 붉은빛으로 보이는 현상이에요.",
          "summary": "블러드 문은 달이 붉은빛으로 보이는 현상이다.",
          "date": "2022-09-15",
          "time": "15:56:32",
          "terminate": "false"
        },
        {
          "speaker": "speaker2",
          "personaID": "22666",
          "participantID": "0158",
          "utterance": "뭐 때문에 그렇게 보이는지는 모르겠지만 예쁘겠네요.",
          "summary": "",
          "date": "2022-09-15",
          "time": "15:57:10",
          "terminate": "false"
        },
        {
          "speaker": "speaker1",
          "personaID": "21632",
          "participantID": "0157",
          "utterance": "네, 한 번 창문으로 하늘 올려다봐보세요.",
          "summary": "",
          "date": "2022-09-15",
          "time": "15:57:36",
          "terminate": "false"
        },
        {
          "speaker": "speaker2",
          "personaID": "22666",
          "participantID": "0158",
          "utterance": "그럼 전 밤산책이라도 하면서 하늘 사진을 찍어야겠어요.",
          "summary": "나는 밤에 산책을 할 예정이다. 나는 하늘 사진을 찍을 예정이다.",
          "date": "2022-09-15",
          "time": "15:57:56",
          "terminate": "false"
        },
        {
          "speaker": "speaker1",
          "personaID": "21632",
          "participantID": "0157",
          "utterance": "좋은 생각이에요. 평소에 사진 자주 찍으시나요?",
          "summary": "",
          "date": "2022-09-15",
          "time": "15:58:09",
          "terminate": "false"
        },
        {
          "speaker": "speaker2",
          "personaID": "22666",
          "participantID": "0158",
          "utterance": "하늘 사진을 가끔 찍어요. 특이한 구름을 보거나 색이 예쁠때요.",
          "summary": "나는 가끔 하늘 사진을 찍는다.",
          "date": "2022-09-15",
          "time": "15:59:05",
          "terminate": "false"
        },
        {
          "speaker": "speaker1",
          "personaID": "21632",
          "participantID": "0157",
          "utterance": "그럼 오늘이 딱이네요. 핸드폰으로 찍으세요?",
          "summary": "",
          "date": "2022-09-15",
          "time": "15:59:59",
          "terminate": "false"
        },
        {
          "speaker": "speaker2",
          "personaID": "22666",
          "participantID": "0158",
          "utterance": "네 그렇죠. 블러드문 같은 신기한걸 보면 사진 찍고 싶지 않나요?",
          "summary": "나는 핸드폰을 이용해서 사진을 찍는다.",
          "date": "2022-09-15",
          "time": "16:00:58",
          "terminate": "false"
        },
        {
          "speaker": "speaker1",
          "personaID": "21632",
          "participantID": "0157",
          "utterance": "그럼 제가 팁 하나 알려드릴게요. 달 사진 찍을 때 다른 건물에 초점을 맞춘 후에 찍으면 잘 나와요.",
          "summary": "달 사진을 찍을 때 다른 건물에 초점을 맞추고 나서 달을 찍으면 사진이 잘 나온다.",
          "date": "2022-09-15",
          "time": "16:01:32",
          "terminate": "false"
        },
        {
          "speaker": "speaker2",
          "personaID": "22666",
          "participantID": "0158",
          "utterance": "우와..왠지 사진 많이 찍어보신 티가 나네요. 감사합니다.",
          "summary": "",
          "date": "2022-09-15",
          "time": "16:02:01",
          "terminate": "false"
        },
        {
          "speaker": "speaker1",
          "personaID": "21632",
          "participantID": "0157",
          "utterance": "아니에요. 저는 이만 마저 보러 가야겠어요. 다음에 또 봐요.",
          "summary": "",
          "date": "2022-09-15",
          "time": "16:02:28",
          "terminate": "false"
        },
        {
          "speaker": "speaker2",
          "personaID": "22666",
          "participantID": "0158",
          "utterance": "그럼 저도 이만 가볼게요.다음에 또 대화해요.",
          "summary": "",
          "date": "2022-09-15",
          "time": "16:02:41",
          "terminate": "true"
        }
      ],
      "sessionPersonaSummary": {
        "speaker1": [
          "오늘 하늘엔 블러드 문이 떴다. 오늘이 지나면 블러드 문은 오랜 시간이 지난 후 다시 볼 수 있다.",
          "블러드 문은 달이 붉은빛으로 보이는 현상이다.",
          "달 사진을 찍을 때 다른 건물에 초점을 맞추고 나서 달을 찍으면 사진이 잘 나온다."
        ],
        "speaker2": [
          "나는 밤에 산책을 할 예정이다. 나는 하늘 사진을 찍을 예정이다.",
          "나는 가끔 하늘 사진을 찍는다.",
          "나는 핸드폰을 이용해서 사진을 찍는다."
        ]
      },
      "prevAggregatedpersonaSummary": {
        "speaker1": [
          "나는 20대 여성이다.",
          "나의 거주지는 당진이다.",
          "나는 헤드헌터이다.",
          "헤드헌터는 기업이 원하는 인재를 찾아서 연결시켜주는 직업이다.",
          "나는 일하고 있었다."
        ],
        "speaker2": [
          "나는 20대 여성이다.",
          "나의 거주지는 서울이다.",
          "나는 대학생이다. 나는 일본어를 좋아한다. 나는 일본어 전공이다.",
          "나는 일본 노래를 듣고 있었다."
        ]
      }
    },
    {
      "prevSessionID": "3-00435-2",
      "prevTimeInfo": {
        "timeNum": "3",
        "timeUnit": "일"
      },
      "nthSession": "3",
      "numberOfUtterances": "16",
      "numberOfTurns": "8",
      "sessionID": "3-00435-3",
      "dialog": [
        {
          "speaker": "speaker1",
          "personaID": "21632",
          "participantID": "0157",
          "utterance": "그러고보니 취미도 모르네요. 저는 스마트폰을 수집해요.",
          "summary": "나는 스마트폰을 수집한다.",
          "date": "2022-09-15",
          "time": "16:02:42",
          "terminate": "false"
        },
        {
          "speaker": "speaker2",
          "personaID": "22666",
          "participantID": "0158",
          "utterance": "엄청 특이한 취미를 가지고 계시네요. 전 책읽는게 취미에요.",
          "summary": "나의 취미는 독서이다.",
          "date": "2022-09-15",
          "time": "16:03:14",
          "terminate": "false"
        },
        {
          "speaker": "speaker1",
          "personaID": "21632",
          "participantID": "0157",
          "utterance": "독서 좋죠. 도서관에 가서 읽는 파인가요, 아니면 직접 사서 읽는 파인가요?",
          "summary": "",
          "date": "2022-09-15",
          "time": "16:04:11",
          "terminate": "false"
        },
        {
          "speaker": "speaker2",
          "personaID": "22666",
          "participantID": "0158",
          "utterance": "직접 사서 읽어요. 오늘도 카페에 가서 제가 좋아하는 카페라떼를 마시며 독서를 했어요.",
          "summary": "나는 책을 사서 읽는다. 나는 카페에 가서 독서를 했다. 나는 카페라테를 좋아한다.",
          "date": "2022-09-15",
          "time": "16:04:28",
          "terminate": "false"
        },
        {
          "speaker": "speaker1",
          "personaID": "21632",
          "participantID": "0157",
          "utterance": "좋은 시간이었겠네요. 지금은 집인가요?",
          "summary": "",
          "date": "2022-09-15",
          "time": "16:04:57",
          "terminate": "false"
        },
        {
          "speaker": "speaker2",
          "personaID": "22666",
          "participantID": "0158",
          "utterance": "네, 이제 집이에요. 제가 더운 날씨를 싫어해서 이번 여름엔 카페를 엄청 갔네요.",
          "summary": "나는 이번 여름에 카페를 자주 갔다. 나는 더운 날씨를 싫어한다.",
          "date": "2022-09-15",
          "time": "16:06:07",
          "terminate": "false"
        },
        {
          "speaker": "speaker1",
          "personaID": "21632",
          "participantID": "0157",
          "utterance": "여름에 카페 가면 에어컨도 빵빵하고 너무 좋죠.",
          "summary": "",
          "date": "2022-09-15",
          "time": "16:06:24",
          "terminate": "false"
        },
        {
          "speaker": "speaker2",
          "personaID": "22666",
          "participantID": "0158",
          "utterance": "그러니까요. 오늘 하루는 뭐하셨어요?",
          "summary": "",
          "date": "2022-09-15",
          "time": "16:06:46",
          "terminate": "false"
        },
        {
          "speaker": "speaker1",
          "personaID": "21632",
          "participantID": "0157",
          "utterance": "저는 영화관에 가서 영화를 봤어요.",
          "summary": "나는 오늘 영화관에 갔다. 나는 오늘 영화를 봤다.",
          "date": "2022-09-15",
          "time": "16:07:05",
          "terminate": "false"
        },
        {
          "speaker": "speaker2",
          "personaID": "22666",
          "participantID": "0158",
          "utterance": "오 누구랑 가셨어요? 데이트이신가요?",
          "summary": "",
          "date": "2022-09-15",
          "time": "16:07:22",
          "terminate": "false"
        },
        {
          "speaker": "speaker1",
          "personaID": "21632",
          "participantID": "0157",
          "utterance": "네, 남자친구랑 봤어요. 그러고보니 애인 있으세요?",
          "summary": "나는 남자 친구가 있다. 나는 남자 친구와 영화를 봤다.",
          "date": "2022-09-15",
          "time": "16:07:42",
          "terminate": "false"
        },
        {
          "speaker": "speaker2",
          "personaID": "22666",
          "participantID": "0158",
          "utterance": "네 있어요. 다음에 더블데이트 하는건 어때요?",
          "summary": "나는 애인이 있다.",
          "date": "2022-09-15",
          "time": "16:08:02",
          "terminate": "false"
        },
        {
          "speaker": "speaker1",
          "personaID": "21632",
          "participantID": "0157",
          "utterance": "거리가 멀어서 힘들 것 같네요.",
          "summary": "",
          "date": "2022-09-15",
          "time": "16:08:52",
          "terminate": "false"
        },
        {
          "speaker": "speaker2",
          "personaID": "22666",
          "participantID": "0158",
          "utterance": "언젠가 기회가 되면 하는 거로 해요.",
          "summary": "",
          "date": "2022-09-15",
          "time": "16:09:23",
          "terminate": "false"
        },
        {
          "speaker": "speaker1",
          "personaID": "21632",
          "participantID": "0157",
          "utterance": "네, 좋아요^^. 저는 이만 들어가볼게요. 대화 즐거웠어요.",
          "summary": "",
          "date": "2022-09-15",
          "time": "16:09:37",
          "terminate": "false"
        },
        {
          "speaker": "speaker2",
          "personaID": "22666",
          "participantID": "0158",
          "utterance": "그럼 저도 이만 가볼게요. 다음에 또 이야기해요.",
          "summary": "",
          "date": "2022-09-15",
          "time": "16:10:20",
          "terminate": "true"
        }
      ],
      "sessionPersonaSummary": {
        "speaker1": [
          "나는 스마트폰을 수집한다.",
          "나는 오늘 영화관에 갔다. 나는 오늘 영화를 봤다.",
          "나는 남자 친구가 있다. 나는 남자 친구와 영화를 봤다."
        ],
        "speaker2": [
          "나의 취미는 독서이다.",
          "나는 책을 사서 읽는다. 나는 카페에 가서 독서를 했다. 나는 카페라테를 좋아한다.",
          "나는 이번 여름에 카페를 자주 갔다. 나는 더운 날씨를 싫어한다.",
          "나는 애인이 있다."
        ]
      },
      "prevAggregatedpersonaSummary": {
        "speaker1": [
          "나는 20대 여성이다.",
          "나의 거주지는 당진이다.",
          "나는 헤드헌터이다.",
          "헤드헌터는 기업이 원하는 인재를 찾아서 연결시켜주는 직업이다.",
          "나는 일하고 있었다.",
          "오늘 하늘엔 블러드 문이 떴다. 오늘이 지나면 블러드 문은 오랜 시간이 지난 후 다시 볼 수 있다.",
          "블러드 문은 달이 붉은빛으로 보이는 현상이다.",
          "달 사진을 찍을 때 다른 건물에 초점을 맞추고 나서 달을 찍으면 사진이 잘 나온다."
        ],
        "speaker2": [
          "나는 20대 여성이다.",
          "나의 거주지는 서울이다.",
          "나는 대학생이다. 나는 일본어를 좋아한다. 나는 일본어 전공이다.",
          "나는 일본 노래를 듣고 있었다.",
          "나는 밤에 산책을 할 예정이다. 나는 하늘 사진을 찍을 예정이다.",
          "나는 가끔 하늘 사진을 찍는다.",
          "나는 핸드폰을 이용해서 사진을 찍는다."
        ]
      }
    }
  ]
}