{
  "FileInfo": {
    "filename": "K3-00275-CL00429-CP04368-03-04-S3.json",
    "sessionLevel": "3"
  },
  "participantsInfo": {
    "numberOfParticipants": "2",
    "speaker1": {
      "participantID": "0093",
      "gender": "남성",
      "age": "30대",
      "occupation": "사무직",
      "bPlace": "대전/세종/충청/강원",
      "gPlace": "대전/세종/충청/강원",
      "rPlace": "대전/세종/충청/강원",
      "educationLevel": "대졸"
    },
    "speaker2": {
      "participantID": "0059",
      "gender": "남성",
      "age": "50대",
      "occupation": "무직",
      "bPlace": "부산/대구/울산/경상",
      "gPlace": "부산/대구/울산/경상",
      "rPlace": "부산/대구/울산/경상",
      "educationLevel": "대졸"
    }
  },
  "multisessionInfo": {
    "multisessionID": "3-00275"
  },
  "personaInfo": {
    "clInfo": {
      "personaID": "00429",
      "personaFeatures": [
        "나는 남자이다.",
        "나는 40대이다.",
        "나는 봉사활동을 하는 게 괴롭다.",
        "나는 홈트레이닝을 자주 한다.",
        "나는 김치찌개를 안 먹는다."
      ],
      "speakerType": "speaker1"
    },
    "cpInfo": {
      "personaID": "04368",
      "personaFeatures": [
        "나는 남자이다.",
        "나는 50대이다.",
        "나는 친구가 많다.",
        "나는 다소 게으르다.",
        "나는 물고기 두 마리를 키운다."
      ],
      "speakerType": "speaker2"
    }
  },
  "topicInfo": {
    "topicID": "03-04",
    "topicType": "교통",
    "topicTitle": "전기차"
  },
  "sessionInfo": [
    {
      "prevSessionID": null,
      "prevTimeInfo": {
        "timeNum": null,
        "timeUnit": null
      },
      "nthSession": "1",
      "numberOfUtterances": "16",
      "numberOfTurns": "8",
      "sessionID": "3-00275-1",
      "dialog": [
        {
          "speaker": "speaker1",
          "personaID": "00429",
          "participantID": "0093",
          "utterance": "안녕하세요 40대 남성입니다.",
          "summary": "나는 40대 남성이다.",
          "date": "2022-08-25",
          "time": "15:00:23",
          "terminate": "false"
        },
        {
          "speaker": "speaker2",
          "personaID": "04368",
          "participantID": "0059",
          "utterance": "안녕하세요 50대 남성입니다.",
          "summary": "나는 50대 남성이다.",
          "date": "2022-08-25",
          "time": "15:13:18",
          "terminate": "false"
        },
        {
          "speaker": "speaker1",
          "personaID": "00429",
          "participantID": "0093",
          "utterance": "네 반가워요. 이번 주말엔 뭐하세요?^^",
          "summary": "",
          "date": "2022-08-25",
          "time": "15:05:45",
          "terminate": "false"
        },
        {
          "speaker": "speaker2",
          "personaID": "04368",
          "participantID": "0059",
          "utterance": "네^^. 전 이번 주말에 여행 계획 있어요!",
          "summary": "",
          "date": "2022-08-26",
          "time": "10:01:53",
          "terminate": "false"
        },
        {
          "speaker": "speaker1",
          "personaID": "00429",
          "participantID": "0093",
          "utterance": "좋으시겠어요^^. 어디로 가시려구요?",
          "summary": "",
          "date": "2022-08-26",
          "time": "10:03:58",
          "terminate": "false"
        },
        {
          "speaker": "speaker2",
          "personaID": "04368",
          "participantID": "0059",
          "utterance": "군산 여행 다녀오려구요^^! 주말에 뭐하세요?",
          "summary": "",
          "date": "2022-08-26",
          "time": "10:04:46",
          "terminate": "false"
        },
        {
          "speaker": "speaker1",
          "personaID": "00429",
          "participantID": "0093",
          "utterance": "아직 생각 안해봤거든요. 저도 여행 다녀올까봐요^^",
          "summary": "",
          "date": "2022-08-26",
          "time": "10:05:24",
          "terminate": "false"
        },
        {
          "speaker": "speaker2",
          "personaID": "04368",
          "participantID": "0059",
          "utterance": "평소 여행 자주 다니시는 편이세요?",
          "summary": "",
          "date": "2022-08-26",
          "time": "10:06:03",
          "terminate": "false"
        },
        {
          "speaker": "speaker1",
          "personaID": "00429",
          "participantID": "0093",
          "utterance": "가끔 다니는 편이에요. 커피를 좋아해서 바다 보면서 마시거나 분위기 좀 낼때 가끔 가요^^",
          "summary": "나는 가끔 여행을 다닌다.",
          "date": "2022-08-26",
          "time": "10:07:04",
          "terminate": "false"
        },
        {
          "speaker": "speaker2",
          "personaID": "04368",
          "participantID": "0059",
          "utterance": "전 친구가 많아서.. 여행도 자주 다니게 되는 것 같아요!ㅎㅎ.",
          "summary": "나는 친구가 많다.",
          "date": "2022-08-26",
          "time": "10:07:45",
          "terminate": "false"
        },
        {
          "speaker": "speaker1",
          "personaID": "00429",
          "participantID": "0093",
          "utterance": "친구가 많으시구나. 전 친구가 별로 없어서요^^. 재밌으시겠어요.",
          "summary": "나는 친구가 별로 없는 편이다.",
          "date": "2022-08-26",
          "time": "10:08:28",
          "terminate": "false"
        },
        {
          "speaker": "speaker2",
          "personaID": "04368",
          "participantID": "0059",
          "utterance": "네. 워낙 사람도 좋아하고 놀러 다니는 거 좋아해요^^. 저도 바다 보면서 커피 마시는 거 좋아해요!ㅋㅋ.",
          "summary": "",
          "date": "2022-08-26",
          "time": "10:09:01",
          "terminate": "false"
        },
        {
          "speaker": "speaker1",
          "personaID": "00429",
          "participantID": "0093",
          "utterance": "ㅋㅋㅋ낭만파 라서요^^. 점심은 뭐 드시려구요?",
          "summary": "",
          "date": "2022-08-26",
          "time": "10:09:52",
          "terminate": "false"
        },
        {
          "speaker": "speaker2",
          "personaID": "04368",
          "participantID": "0059",
          "utterance": "저는 그냥 회사 구내식당 가서 먹을 것 같아요!",
          "summary": "나는 회사에 다닌다.",
          "date": "2022-08-26",
          "time": "10:10:26",
          "terminate": "false"
        },
        {
          "speaker": "speaker1",
          "personaID": "00429",
          "participantID": "0093",
          "utterance": "저도 오늘은 구내식당 가야겠네요. 식사 맛있게 하고 오셔요. 저도 먹구 올게요.",
          "summary": "나는 회사에 다닌데.",
          "date": "2022-08-26",
          "time": "10:10:58",
          "terminate": "false"
        },
        {
          "speaker": "speaker2",
          "personaID": "04368",
          "participantID": "0059",
          "utterance": "네. 식사 맛있게 하시고 다시 대화해요!",
          "summary": "",
          "date": "2022-08-26",
          "time": "10:11:11",
          "terminate": "true"
        }
      ],
      "sessionPersonaSummary": {
        "speaker1": [
          "나는 40대 남성이다.",
          "나는 가끔 여행을 다닌다.",
          "나는 친구가 별로 없는 편이다.",
          "나는 회사에 다닌데."
        ],
        "speaker2": [
          "나는 50대 남성이다.",
          "나는 친구가 많다.",
          "나는 회사에 다닌다."
        ]
      },
      "prevAggregatedpersonaSummary": {
        "speaker1": [],
        "speaker2": []
      }
    },
    {
      "prevSessionID": "3-00275-1",
      "prevTimeInfo": {
        "timeNum": "1",
        "timeUnit": "시간"
      },
      "nthSession": "2",
      "numberOfUtterances": "16",
      "numberOfTurns": "8",
      "sessionID": "3-00275-2",
      "dialog": [
        {
          "speaker": "speaker1",
          "personaID": "00429",
          "participantID": "0093",
          "utterance": "식사 맛있게 하셨어요? 뭐 나왔어요?^^",
          "summary": "",
          "date": "2022-08-26",
          "time": "10:11:14",
          "terminate": "false"
        },
        {
          "speaker": "speaker2",
          "personaID": "04368",
          "participantID": "0059",
          "utterance": "저는 순두부찌개 나왔네요~^^. 제가 좋아하는 메뉴라 맛있게 먹었어요! 뭐 드셨어요?",
          "summary": "나는 순두부찌개를 좋아한다.",
          "date": "2022-08-26",
          "time": "10:11:34",
          "terminate": "false"
        },
        {
          "speaker": "speaker1",
          "personaID": "00429",
          "participantID": "0093",
          "utterance": "저는 김치찌개 나왔는데 제가 김치찌개를 안먹어서 컵라면이랑 삼각김밥 사먹었어요^^",
          "summary": "나는 김치찌개를 안 먹는다.",
          "date": "2022-08-26",
          "time": "10:12:13",
          "terminate": "false"
        },
        {
          "speaker": "speaker2",
          "personaID": "04368",
          "participantID": "0059",
          "utterance": "전 김치찌개 완전 좋아하는데! 무슨 일 하세요?",
          "summary": "나는 김치찌개를 좋아한다.",
          "date": "2022-08-26",
          "time": "10:12:31",
          "terminate": "false"
        },
        {
          "speaker": "speaker1",
          "personaID": "00429",
          "participantID": "0093",
          "utterance": "저는 광고회사 다녀요^^. 영업팀에서 일하고 있어요.",
          "summary": "나는 광고회사 영업팀이다.",
          "date": "2022-08-26",
          "time": "10:13:03",
          "terminate": "false"
        },
        {
          "speaker": "speaker2",
          "personaID": "04368",
          "participantID": "0059",
          "utterance": "아ㅎㅎ. 전 화장품 회사 다니고 있어요^^!",
          "summary": "나는 화장품 회사에 다닌다.",
          "date": "2022-08-26",
          "time": "10:13:27",
          "terminate": "false"
        },
        {
          "speaker": "speaker1",
          "personaID": "00429",
          "participantID": "0093",
          "utterance": "그러시구나^^. 출퇴근은 보통 어떻게 하세요?",
          "summary": "",
          "date": "2022-08-26",
          "time": "10:14:12",
          "terminate": "false"
        },
        {
          "speaker": "speaker2",
          "personaID": "04368",
          "participantID": "0059",
          "utterance": "전 자차로 출퇴근해요! 대중교통으로 하기에는 교통이 불편해서요!",
          "summary": "나는 자차로 출퇴근한다.",
          "date": "2022-08-26",
          "time": "10:14:44",
          "terminate": "false"
        },
        {
          "speaker": "speaker1",
          "personaID": "00429",
          "participantID": "0093",
          "utterance": "저도 이번에 차를 살까 하는데 전기차를 살까 고민이 좀 돼서요^^. 어떻게 생각하세요?",
          "summary": "나는 자차가 없다.",
          "date": "2022-08-26",
          "time": "10:15:20",
          "terminate": "false"
        },
        {
          "speaker": "speaker2",
          "personaID": "04368",
          "participantID": "0059",
          "utterance": "전기차 좋죠! 저도 전기차 사고 싶어요 요즘..ㅠㅠ. 기름값 너무 비싸잖아요.",
          "summary": "나는 요즘 전기차가 사고 싶다.",
          "date": "2022-08-26",
          "time": "10:16:33",
          "terminate": "false"
        },
        {
          "speaker": "speaker1",
          "personaID": "00429",
          "participantID": "0093",
          "utterance": "맞아요. 불편한 것도 시간 지나면 좀 나아지겠죠? 충전소도 좀 많아졌음 좋겠구요.",
          "summary": "",
          "date": "2022-08-26",
          "time": "10:17:36",
          "terminate": "false"
        },
        {
          "speaker": "speaker2",
          "personaID": "04368",
          "participantID": "0059",
          "utterance": "맞아요ㅠㅠ. 아직까지는 충전이 조금 불편한 것 같아요! 이제 슬슬 많아질 것 같아요.",
          "summary": "",
          "date": "2022-08-26",
          "time": "10:18:53",
          "terminate": "false"
        },
        {
          "speaker": "speaker1",
          "personaID": "00429",
          "participantID": "0093",
          "utterance": "그니까요^^. 오늘 퇴근하고는 뭐하셔요?",
          "summary": "",
          "date": "2022-08-26",
          "time": "10:19:31",
          "terminate": "false"
        },
        {
          "speaker": "speaker2",
          "personaID": "04368",
          "participantID": "0059",
          "utterance": "전 오늘 집에 가서 그냥 티비 보면서 휴식하려구요! 너무 피곤하네요!ㅠㅠ.",
          "summary": "",
          "date": "2022-08-26",
          "time": "10:20:43",
          "terminate": "false"
        },
        {
          "speaker": "speaker1",
          "personaID": "00429",
          "participantID": "0093",
          "utterance": "얼른 가서 쉬셔야겠어요. 저도 슬슬 일해야 해서. 이따 연락해요.",
          "summary": "",
          "date": "2022-08-26",
          "time": "10:21:13",
          "terminate": "false"
        },
        {
          "speaker": "speaker2",
          "personaID": "04368",
          "participantID": "0059",
          "utterance": "네. 화이팅 하시고 다시 연락해요^^.",
          "summary": "",
          "date": "2022-08-26",
          "time": "10:21:33",
          "terminate": "true"
        }
      ],
      "sessionPersonaSummary": {
        "speaker1": [
          "나는 김치찌개를 안 먹는다.",
          "나는 광고회사 영업팀이다.",
          "나는 자차가 없다."
        ],
        "speaker2": [
          "나는 순두부찌개를 좋아한다.",
          "나는 김치찌개를 좋아한다.",
          "나는 화장품 회사에 다닌다.",
          "나는 자차로 출퇴근한다.",
          "나는 요즘 전기차가 사고 싶다."
        ]
      },
      "prevAggregatedpersonaSummary": {
        "speaker1": [
          "나는 40대 남성이다.",
          "나는 가끔 여행을 다닌다.",
          "나는 친구가 별로 없는 편이다.",
          "나는 회사에 다닌데."
        ],
        "speaker2": [
          "나는 50대 남성이다.",
          "나는 친구가 많다.",
          "나는 회사에 다닌다."
        ]
      }
    },
    {
      "prevSessionID": "3-00275-2",
      "prevTimeInfo": {
        "timeNum": "6",
        "timeUnit": "시간"
      },
      "nthSession": "3",
      "numberOfUtterances": "16",
      "numberOfTurns": "8",
      "sessionID": "3-00275-3",
      "dialog": [
        {
          "speaker": "speaker1",
          "personaID": "00429",
          "participantID": "0093",
          "utterance": "드디어 퇴근이네요^^. 집 가서는 뭐하셔요?",
          "summary": "",
          "date": "2022-08-26",
          "time": "10:21:38",
          "terminate": "false"
        },
        {
          "speaker": "speaker2",
          "personaID": "04368",
          "participantID": "0059",
          "utterance": "음 우선 내일 여행 가는 짐 좀 싸야할 것 같아요^^ㅠㅠ. 근데 제가 다소 게을러서..자기 전에나 짐 챙길 것 같네요ㅎㅎ.",
          "summary": "나는 다소 게으르다.",
          "date": "2022-08-26",
          "time": "10:22:39",
          "terminate": "false"
        },
        {
          "speaker": "speaker1",
          "personaID": "00429",
          "participantID": "0093",
          "utterance": "너무 설레겠어요^^. 저는 내일 봉사활동 가거든요. 괴로워 죽겠어요.",
          "summary": "나는 봉사활동을 하는 게 괴롭다.",
          "date": "2022-08-26",
          "time": "10:23:33",
          "terminate": "false"
        },
        {
          "speaker": "speaker2",
          "personaID": "04368",
          "participantID": "0059",
          "utterance": "아이고. 무슨 봉사활동 가세요?",
          "summary": "",
          "date": "2022-08-26",
          "time": "10:24:05",
          "terminate": "false"
        },
        {
          "speaker": "speaker1",
          "personaID": "00429",
          "participantID": "0093",
          "utterance": "저번에 한번 실수한게 있어서요. 나라에서 받으라네요^^.",
          "summary": "",
          "date": "2022-08-26",
          "time": "10:25:04",
          "terminate": "false"
        },
        {
          "speaker": "speaker2",
          "personaID": "04368",
          "participantID": "0059",
          "utterance": "진짜 귀찮으시겠어요ㅠㅠ. 전 봉사활동 아주 예전에 해보고 안해봤네요ㅋㅋ!",
          "summary": "나는 봉사활동을 예전에 해 봤다.",
          "date": "2022-08-26",
          "time": "10:26:06",
          "terminate": "false"
        },
        {
          "speaker": "speaker1",
          "personaID": "00429",
          "participantID": "0093",
          "utterance": "맞아요. 귀찮아 죽겠어요^^. 저녁은 뭐 드시려구요?",
          "summary": "",
          "date": "2022-08-26",
          "time": "10:27:08",
          "terminate": "false"
        },
        {
          "speaker": "speaker2",
          "personaID": "04368",
          "participantID": "0059",
          "utterance": "전 쌀국수 배달 시키려구요! 쌀국수 엄청 좋아해서 자주 먹거든요! 뭐 드시게용?",
          "summary": "나는 쌀국수를 좋아해서 자주 먹는다.",
          "date": "2022-08-26",
          "time": "10:27:46",
          "terminate": "false"
        },
        {
          "speaker": "speaker1",
          "personaID": "00429",
          "participantID": "0093",
          "utterance": "저는 요즘 집에서 홈트를 좀 자주 해서. 닭가슴살 스테이크 먹으려구요ㅋㅋ.",
          "summary": "나는 홈트레이닝을 자주 한다.",
          "date": "2022-08-26",
          "time": "10:28:56",
          "terminate": "false"
        },
        {
          "speaker": "speaker2",
          "personaID": "04368",
          "participantID": "0059",
          "utterance": "오. 관리 열심히 하시네요! 저도 닭가슴살 먹어봤는데 너무 맛없어서 도저히..못 먹겠더라구요ㅠㅠ.",
          "summary": "",
          "date": "2022-08-26",
          "time": "10:29:17",
          "terminate": "false"
        },
        {
          "speaker": "speaker1",
          "personaID": "00429",
          "participantID": "0093",
          "utterance": "아무래도 좀 퍽퍽하죠ㅋ. 오늘도 운동하고 밥 먹고 영화 하나 보고 자든 그냥 자든 해야겠네요.",
          "summary": "",
          "date": "2022-08-26",
          "time": "10:30:14",
          "terminate": "false"
        },
        {
          "speaker": "speaker2",
          "personaID": "04368",
          "participantID": "0059",
          "utterance": "요즘 영화 재미있는 거 많더라구요! 전 쌀국수 배달 시키기 전에 물고기 밥 먼저 줘야겠어요^^.",
          "summary": "",
          "date": "2022-08-26",
          "time": "10:30:57",
          "terminate": "false"
        },
        {
          "speaker": "speaker1",
          "personaID": "00429",
          "participantID": "0093",
          "utterance": "물고기 키우세요? 신기하네요. 처음 봐요^^",
          "summary": "",
          "date": "2022-08-26",
          "time": "10:31:21",
          "terminate": "false"
        },
        {
          "speaker": "speaker2",
          "personaID": "04368",
          "participantID": "0059",
          "utterance": "네^^.물고기 두 마리 키우고 있는데 완전 애지중지하고 있어요ㅎㅎ.",
          "summary": "나는 물고기 두 마리를 키운다.",
          "date": "2022-08-26",
          "time": "10:31:43",
          "terminate": "false"
        },
        {
          "speaker": "speaker1",
          "personaID": "00429",
          "participantID": "0093",
          "utterance": "애지중지 하실만 하겠어요^^. 좋은 저녁 되세요. 전 슬슬 운동 하려구요.",
          "summary": "",
          "date": "2022-08-26",
          "time": "10:32:30",
          "terminate": "false"
        },
        {
          "speaker": "speaker2",
          "personaID": "04368",
          "participantID": "0059",
          "utterance": "네^^.저녁 맛있게 드시고 운동 열심히 하셔요.",
          "summary": "",
          "date": "2022-08-26",
          "time": "10:32:55",
          "terminate": "true"
        }
      ],
      "sessionPersonaSummary": {
        "speaker1": [
          "나는 봉사활동을 하는 게 괴롭다.",
          "나는 홈트레이닝을 자주 한다."
        ],
        "speaker2": [
          "나는 다소 게으르다.",
          "나는 봉사활동을 예전에 해 봤다.",
          "나는 쌀국수를 좋아해서 자주 먹는다.",
          "나는 물고기 두 마리를 키운다."
        ]
      },
      "prevAggregatedpersonaSummary": {
        "speaker1": [
          "나는 40대 남성이다.",
          "나는 가끔 여행을 다닌다.",
          "나는 친구가 별로 없는 편이다.",
          "나는 회사에 다닌데.",
          "나는 김치찌개를 안 먹는다.",
          "나는 광고회사 영업팀이다.",
          "나는 자차가 없다."
        ],
        "speaker2": [
          "나는 50대 남성이다.",
          "나는 친구가 많다.",
          "나는 회사에 다닌다.",
          "나는 순두부찌개를 좋아한다.",
          "나는 김치찌개를 좋아한다.",
          "나는 화장품 회사에 다닌다.",
          "나는 자차로 출퇴근한다.",
          "나는 요즘 전기차가 사고 싶다."
        ]
      }
    }
  ]
}