{
  "FileInfo": {
    "filename": "K3-00322-CL03829-CP03246-16-07-S3.json",
    "sessionLevel": "3"
  },
  "participantsInfo": {
    "numberOfParticipants": "2",
    "speaker1": {
      "participantID": "0055",
      "gender": "여성",
      "age": "40대",
      "occupation": "기능직",
      "bPlace": "서울/경기/인천",
      "gPlace": "서울/경기/인천",
      "rPlace": "서울/경기/인천",
      "educationLevel": "대졸"
    },
    "speaker2": {
      "participantID": "0049",
      "gender": "남성",
      "age": "30대",
      "occupation": "자영업",
      "bPlace": "서울/경기/인천",
      "gPlace": "서울/경기/인천",
      "rPlace": "서울/경기/인천",
      "educationLevel": "고졸"
    }
  },
  "multisessionInfo": {
    "multisessionID": "3-00322"
  },
  "personaInfo": {
    "clInfo": {
      "personaID": "03829",
      "personaFeatures": [
        "나는 여자이다.",
        "나는 40대이다.",
        "나는 종교가 없다.",
        "나는 판타지 영화를 가끔 본다.",
        "나는 포크음악을 싫어한다."
      ],
      "speakerType": "speaker1"
    },
    "cpInfo": {
      "personaID": "03246",
      "personaFeatures": [
        "나는 남자이다.",
        "나는 40대이다.",
        "나는 종교가 없다.",
        "나는 거북이 두 마리를 키운다.",
        "나는 코미디 영화를 싫어한다."
      ],
      "speakerType": "speaker2"
    }
  },
  "topicInfo": {
    "topicID": "16-07",
    "topicType": "미용과 건강>미용",
    "topicTitle": "체형"
  },
  "sessionInfo": [
    {
      "prevSessionID": null,
      "prevTimeInfo": {
        "timeNum": null,
        "timeUnit": null
      },
      "nthSession": "1",
      "numberOfUtterances": "16",
      "numberOfTurns": "8",
      "sessionID": "3-00322-1",
      "dialog": [
        {
          "speaker": "speaker1",
          "personaID": "03829",
          "participantID": "0055",
          "utterance": "안녕하세요 저는 40대 여자입니다!",
          "summary": "나는 40대 여성이다.",
          "date": "2022-08-04",
          "time": "02:35:11",
          "terminate": "false"
        },
        {
          "speaker": "speaker2",
          "personaID": "03246",
          "participantID": "0049",
          "utterance": "안녕하세요 저는 40대 남자입니다.",
          "summary": "나는 40대 남성이다.",
          "date": "2022-08-04",
          "time": "02:35:16",
          "terminate": "false"
        },
        {
          "speaker": "speaker1",
          "personaID": "03829",
          "participantID": "0055",
          "utterance": "만나서 반가워요~ 혹시 종교 있으신가요?",
          "summary": "",
          "date": "2022-08-04",
          "time": "02:35:22",
          "terminate": "false"
        },
        {
          "speaker": "speaker2",
          "personaID": "03246",
          "participantID": "0049",
          "utterance": "아니요 저는 종교가 없습니다.",
          "summary": "나는 종교가 없다.",
          "date": "2022-08-04",
          "time": "02:35:32",
          "terminate": "false"
        },
        {
          "speaker": "speaker1",
          "personaID": "03829",
          "participantID": "0055",
          "utterance": "저도 종교 없어요ㅎㅎ 무슨 일을 하시나요?",
          "summary": "나는 종교가 없다.",
          "date": "2022-08-04",
          "time": "02:35:38",
          "terminate": "false"
        },
        {
          "speaker": "speaker2",
          "personaID": "03246",
          "participantID": "0049",
          "utterance": "저는 프리랜서로 일하고 있습니다.",
          "summary": "나는 프리랜서이다.",
          "date": "2022-08-04",
          "time": "02:35:46",
          "terminate": "false"
        },
        {
          "speaker": "speaker1",
          "personaID": "03829",
          "participantID": "0055",
          "utterance": "아하 그러시구나~ 저는 미용사입니다!",
          "summary": "나는 미용사이다.",
          "date": "2022-08-04",
          "time": "02:35:54",
          "terminate": "false"
        },
        {
          "speaker": "speaker2",
          "personaID": "03246",
          "participantID": "0049",
          "utterance": "안그래도 머리를 할 때가 됐네요.",
          "summary": "나는 머리 할 때가 됐다.",
          "date": "2022-08-04",
          "time": "02:36:04",
          "terminate": "false"
        },
        {
          "speaker": "speaker1",
          "personaID": "03829",
          "participantID": "0055",
          "utterance": "정말요? 나중에 저희 가게 오시면 할인해드릴게요ㅎㅎ.",
          "summary": "",
          "date": "2022-08-04",
          "time": "02:36:25",
          "terminate": "false"
        },
        {
          "speaker": "speaker2",
          "personaID": "03246",
          "participantID": "0049",
          "utterance": "말씀만이라도 감사합니다. 미용사 일은 얼마나 하셨나요?",
          "summary": "",
          "date": "2022-08-04",
          "time": "02:36:48",
          "terminate": "false"
        },
        {
          "speaker": "speaker1",
          "personaID": "03829",
          "participantID": "0055",
          "utterance": "미용을 한지는 벌써 20년째에요ㅎㅎ.",
          "summary": "나는 미용한 지 20년 째이다.",
          "date": "2022-08-04",
          "time": "02:37:12",
          "terminate": "false"
        },
        {
          "speaker": "speaker2",
          "personaID": "03246",
          "participantID": "0049",
          "utterance": "정말 오래 되셨네요. 저는 프리래서가 된지 7년도 안됐거든요.",
          "summary": "나는 프리랜서로 일한 지 7년이 안됐다.",
          "date": "2022-08-04",
          "time": "02:37:32",
          "terminate": "false"
        },
        {
          "speaker": "speaker1",
          "personaID": "03829",
          "participantID": "0055",
          "utterance": "저도 처음에는 초보여서 보고 배우는 게 다였는데 지금은 원장입니다ㅎㅎ.",
          "summary": "나는 지금 원장이다.",
          "date": "2022-08-04",
          "time": "02:37:50",
          "terminate": "false"
        },
        {
          "speaker": "speaker2",
          "personaID": "03246",
          "participantID": "0049",
          "utterance": "대단하시네요. 미용 한 길만 걸어오신 건가요?",
          "summary": "",
          "date": "2022-08-04",
          "time": "02:38:22",
          "terminate": "false"
        },
        {
          "speaker": "speaker1",
          "personaID": "03829",
          "participantID": "0055",
          "utterance": "네ㅎㅎ 저는 미용만 했어요! 오늘 대화 즐거웠어요~",
          "summary": "나는 미용 한 길만 걸어왔다.",
          "date": "2022-08-04",
          "time": "02:38:33",
          "terminate": "false"
        },
        {
          "speaker": "speaker2",
          "personaID": "03246",
          "participantID": "0049",
          "utterance": "저도 대화 즐거웠습니다. 나중에 봬요.",
          "summary": "",
          "date": "2022-08-04",
          "time": "02:38:46",
          "terminate": "true"
        }
      ],
      "sessionPersonaSummary": {
        "speaker1": [
          "나는 40대 여성이다.",
          "나는 종교가 없다.",
          "나는 미용사이다.",
          "나는 미용한 지 20년 째이다.",
          "나는 지금 원장이다.",
          "나는 미용 한 길만 걸어왔다."
        ],
        "speaker2": [
          "나는 40대 남성이다.",
          "나는 종교가 없다.",
          "나는 프리랜서이다.",
          "나는 머리 할 때가 됐다.",
          "나는 프리랜서로 일한 지 7년이 안됐다."
        ]
      },
      "prevAggregatedpersonaSummary": {
        "speaker1": [],
        "speaker2": []
      }
    },
    {
      "prevSessionID": "3-00322-1",
      "prevTimeInfo": {
        "timeNum": "3",
        "timeUnit": "일"
      },
      "nthSession": "2",
      "numberOfUtterances": "16",
      "numberOfTurns": "8",
      "sessionID": "3-00322-2",
      "dialog": [
        {
          "speaker": "speaker1",
          "personaID": "03829",
          "participantID": "0055",
          "utterance": "안녕하세요~ 오랜만입니당! 잘 지내셨어요?",
          "summary": "",
          "date": "2022-08-04",
          "time": "02:38:57",
          "terminate": "false"
        },
        {
          "speaker": "speaker2",
          "personaID": "03246",
          "participantID": "0049",
          "utterance": "네, 저는 잘 지냈습니다. 잘 지내셨어요?",
          "summary": "",
          "date": "2022-08-04",
          "time": "02:39:23",
          "terminate": "false"
        },
        {
          "speaker": "speaker1",
          "personaID": "03829",
          "participantID": "0055",
          "utterance": "저도 잘 지냈어요ㅎㅎ 오늘은 무엇을 하시나요?",
          "summary": "",
          "date": "2022-08-04",
          "time": "02:39:29",
          "terminate": "false"
        },
        {
          "speaker": "speaker2",
          "personaID": "03246",
          "participantID": "0049",
          "utterance": "저는 오늘 영화를 보러가려고 합니다.",
          "summary": "나는 영화를 보러 간다.",
          "date": "2022-08-04",
          "time": "02:39:37",
          "terminate": "false"
        },
        {
          "speaker": "speaker1",
          "personaID": "03829",
          "participantID": "0055",
          "utterance": "우와 영화요? 어떤 영화를 보러가시나요?",
          "summary": "",
          "date": "2022-08-04",
          "time": "02:39:44",
          "terminate": "false"
        },
        {
          "speaker": "speaker2",
          "personaID": "03246",
          "participantID": "0049",
          "utterance": "저는 공포 영화를 좋아해 공포영화를 보러가요.",
          "summary": "나는 공포영화를 좋아한다.",
          "date": "2022-08-04",
          "time": "02:39:52",
          "terminate": "false"
        },
        {
          "speaker": "speaker1",
          "personaID": "03829",
          "participantID": "0055",
          "utterance": "헉 공포 영화요..? 저는 무서운 걸 전혀 못보는데 대단하시네요ㅠ.",
          "summary": "나는 무서운걸 못 본다.",
          "date": "2022-08-04",
          "time": "02:40:05",
          "terminate": "false"
        },
        {
          "speaker": "speaker2",
          "personaID": "03246",
          "participantID": "0049",
          "utterance": "제가 코미디 영화를 싫어해서 그럽니다.",
          "summary": "나는 코미디 영하를 싫어한다.",
          "date": "2022-08-04",
          "time": "02:40:15",
          "terminate": "false"
        },
        {
          "speaker": "speaker1",
          "personaID": "03829",
          "participantID": "0055",
          "utterance": "그렇구나.. 저는 코미디 영화를 좋아하고 판타지 영화도 가끔봐요!",
          "summary": "나는 코미디 영화를 좋아하고 판타지 영화를 가끔 본다.",
          "date": "2022-08-04",
          "time": "02:40:27",
          "terminate": "false"
        },
        {
          "speaker": "speaker2",
          "personaID": "03246",
          "participantID": "0049",
          "utterance": "그렇군요. 코미디 영화는 저랑 잘 안맞더라구요.",
          "summary": "나는 코미디 영화와 맞지 않다.",
          "date": "2022-08-04",
          "time": "02:40:42",
          "terminate": "false"
        },
        {
          "speaker": "speaker1",
          "personaID": "03829",
          "participantID": "0055",
          "utterance": "그러실 수 있죠~ 저는 오늘 vip손님이 오신대서 출근해야하네요ㅠ.",
          "summary": "오늘 vip손님이 와 출근한다.",
          "date": "2022-08-04",
          "time": "02:41:13",
          "terminate": "false"
        },
        {
          "speaker": "speaker2",
          "personaID": "03246",
          "participantID": "0049",
          "utterance": "vip손님이요? 어떤 분들이 vip가 될 수 있나요?",
          "summary": "",
          "date": "2022-08-04",
          "time": "02:41:26",
          "terminate": "false"
        },
        {
          "speaker": "speaker1",
          "personaID": "03829",
          "participantID": "0055",
          "utterance": "저희 숍에 다니신지 10년이 넘으신 분들이거나 연예인 분들도 가끔 있으세요!",
          "summary": "",
          "date": "2022-08-04",
          "time": "02:41:45",
          "terminate": "false"
        },
        {
          "speaker": "speaker2",
          "personaID": "03246",
          "participantID": "0049",
          "utterance": "그렇군요. 숍이 생각보다 많이 큰가보네요.",
          "summary": "",
          "date": "2022-08-04",
          "time": "02:41:53",
          "terminate": "false"
        },
        {
          "speaker": "speaker1",
          "personaID": "03829",
          "participantID": "0055",
          "utterance": "엄청 크지는 않아요ㅎㅎ 오늘도 대화 즐거웠어요~",
          "summary": "",
          "date": "2022-08-04",
          "time": "02:42:01",
          "terminate": "false"
        },
        {
          "speaker": "speaker2",
          "personaID": "03246",
          "participantID": "0049",
          "utterance": "저도 나중에 가보고 싶네요. 일 열심히 하세요.",
          "summary": "",
          "date": "2022-08-04",
          "time": "02:42:11",
          "terminate": "true"
        }
      ],
      "sessionPersonaSummary": {
        "speaker1": [
          "나는 무서운걸 못 본다.",
          "나는 코미디 영화를 좋아하고 판타지 영화를 가끔 본다.",
          "오늘 vip손님이 와 출근한다."
        ],
        "speaker2": [
          "나는 영화를 보러 간다.",
          "나는 공포영화를 좋아한다.",
          "나는 코미디 영하를 싫어한다.",
          "나는 코미디 영화와 맞지 않다."
        ]
      },
      "prevAggregatedpersonaSummary": {
        "speaker1": [
          "나는 40대 여성이다.",
          "나는 종교가 없다.",
          "나는 미용사이다.",
          "나는 미용한 지 20년 째이다.",
          "나는 지금 원장이다.",
          "나는 미용 한 길만 걸어왔다."
        ],
        "speaker2": [
          "나는 40대 남성이다.",
          "나는 종교가 없다.",
          "나는 프리랜서이다.",
          "나는 머리 할 때가 됐다.",
          "나는 프리랜서로 일한 지 7년이 안됐다."
        ]
      }
    },
    {
      "prevSessionID": "3-00322-2",
      "prevTimeInfo": {
        "timeNum": "1",
        "timeUnit": "일"
      },
      "nthSession": "3",
      "numberOfUtterances": "16",
      "numberOfTurns": "8",
      "sessionID": "3-00322-3",
      "dialog": [
        {
          "speaker": "speaker1",
          "personaID": "03829",
          "participantID": "0055",
          "utterance": "안녕하세요~ 어제 영화는 잘 보셨어요?",
          "summary": "",
          "date": "2022-08-04",
          "time": "02:42:23",
          "terminate": "false"
        },
        {
          "speaker": "speaker2",
          "personaID": "03246",
          "participantID": "0049",
          "utterance": "이번 공포영화는 생각보다 재미가 없더라구요.",
          "summary": "이번 공포영화는 재미가 없었다.",
          "date": "2022-08-04",
          "time": "02:42:39",
          "terminate": "false"
        },
        {
          "speaker": "speaker1",
          "personaID": "03829",
          "participantID": "0055",
          "utterance": "저는 공포영화에서 재미를 느낀 적이 없어서 신기하네요..",
          "summary": "나는 공포영화에서 재미를 느낀 적이 없다.",
          "date": "2022-08-04",
          "time": "02:42:53",
          "terminate": "false"
        },
        {
          "speaker": "speaker2",
          "personaID": "03246",
          "participantID": "0049",
          "utterance": "그렇군요. vip 손님은 잘 대접해드렸나요?",
          "summary": "",
          "date": "2022-08-04",
          "time": "02:43:06",
          "terminate": "false"
        },
        {
          "speaker": "speaker1",
          "personaID": "03829",
          "participantID": "0055",
          "utterance": "말이 vip지 거의 친구같은 손님이세요ㅎㅎ 그래서 이런 저런 이야기하다 시간 다갔죠~",
          "summary": "",
          "date": "2022-08-04",
          "time": "02:43:27",
          "terminate": "false"
        },
        {
          "speaker": "speaker2",
          "personaID": "03246",
          "participantID": "0049",
          "utterance": "그렇군요. 오늘은 무엇을 하실건가요?",
          "summary": "",
          "date": "2022-08-04",
          "time": "02:44:38",
          "terminate": "false"
        },
        {
          "speaker": "speaker1",
          "personaID": "03829",
          "participantID": "0055",
          "utterance": "오늘은 노래나 들으려고 해요~ 노래 좋아하세요?",
          "summary": "",
          "date": "2022-08-04",
          "time": "02:44:46",
          "terminate": "false"
        },
        {
          "speaker": "speaker2",
          "personaID": "03246",
          "participantID": "0049",
          "utterance": "네, 저는 발라드를 좋아합니다. 어떤 노래를 들으시나요?",
          "summary": "나는 발라드를 좋아한다.",
          "date": "2022-08-04",
          "time": "02:44:57",
          "terminate": "false"
        },
        {
          "speaker": "speaker1",
          "personaID": "03829",
          "participantID": "0055",
          "utterance": "저도 발라드를 좋아해요ㅋㅋ 포크음악은 싫어하구요ㅠ.",
          "summary": "나는 발라드를 좋아하고 포크음악을 싫어한다.",
          "date": "2022-08-04",
          "time": "02:45:04",
          "terminate": "false"
        },
        {
          "speaker": "speaker2",
          "personaID": "03246",
          "participantID": "0049",
          "utterance": "그렇군요. 저는 오늘 거북이 두 마리 먹이를 사러갑니다.",
          "summary": "나는 거북이 먹이를 사러 간다.",
          "date": "2022-08-04",
          "time": "02:47:12",
          "terminate": "false"
        },
        {
          "speaker": "speaker1",
          "personaID": "03829",
          "participantID": "0055",
          "utterance": "헐 거북이도 키우세요? 거북이 키우는 사람 처음봐요~",
          "summary": "",
          "date": "2022-08-04",
          "time": "02:47:23",
          "terminate": "false"
        },
        {
          "speaker": "speaker2",
          "personaID": "03246",
          "participantID": "0049",
          "utterance": "네, 두 마리를 키우고 있어요.",
          "summary": "나는 거북이 두 마리를 키운다.",
          "date": "2022-08-04",
          "time": "02:47:38",
          "terminate": "false"
        },
        {
          "speaker": "speaker1",
          "personaID": "03829",
          "participantID": "0055",
          "utterance": "거북이 실제로도 느릿느릿하나요?",
          "summary": "",
          "date": "2022-08-04",
          "time": "02:47:54",
          "terminate": "false"
        },
        {
          "speaker": "speaker2",
          "personaID": "03246",
          "participantID": "0049",
          "utterance": "만화에서는 많이 과장이 됐지만 실제로도 느리긴 합니다.",
          "summary": "",
          "date": "2022-08-04",
          "time": "02:48:09",
          "terminate": "false"
        },
        {
          "speaker": "speaker1",
          "personaID": "03829",
          "participantID": "0055",
          "utterance": "아하~ 알려주셔서 감사합니다~ 좋은 하루보내세요.",
          "summary": "",
          "date": "2022-08-04",
          "time": "02:48:21",
          "terminate": "false"
        },
        {
          "speaker": "speaker2",
          "personaID": "03246",
          "participantID": "0049",
          "utterance": "별 것도 아니네요. 좋은 하루 보내세요.",
          "summary": "",
          "date": "2022-08-04",
          "time": "02:48:31",
          "terminate": "true"
        }
      ],
      "sessionPersonaSummary": {
        "speaker1": [
          "나는 공포영화에서 재미를 느낀 적이 없다.",
          "나는 발라드를 좋아하고 포크음악을 싫어한다."
        ],
        "speaker2": [
          "이번 공포영화는 재미가 없었다.",
          "나는 발라드를 좋아한다.",
          "나는 거북이 먹이를 사러 간다.",
          "나는 거북이 두 마리를 키운다."
        ]
      },
      "prevAggregatedpersonaSummary": {
        "speaker1": [
          "나는 40대 여성이다.",
          "나는 종교가 없다.",
          "나는 미용사이다.",
          "나는 미용한 지 20년 째이다.",
          "나는 지금 원장이다.",
          "나는 미용 한 길만 걸어왔다.",
          "나는 무서운걸 못 본다.",
          "나는 코미디 영화를 좋아하고 판타지 영화를 가끔 본다.",
          "오늘 vip손님이 와 출근한다."
        ],
        "speaker2": [
          "나는 40대 남성이다.",
          "나는 종교가 없다.",
          "나는 프리랜서이다.",
          "나는 머리 할 때가 됐다.",
          "나는 프리랜서로 일한 지 7년이 안됐다.",
          "나는 영화를 보러 간다.",
          "나는 공포영화를 좋아한다.",
          "나는 코미디 영하를 싫어한다.",
          "나는 코미디 영화와 맞지 않다."
        ]
      }
    }
  ]
}