{
  "FileInfo": {
    "filename": "K3-00572-CL41443-CP11805-06-14-S3.json",
    "sessionLevel": "3"
  },
  "participantsInfo": {
    "numberOfParticipants": "2",
    "speaker1": {
      "participantID": "3344",
      "gender": "여성",
      "age": "40대",
      "occupation": "교직",
      "bPlace": "광주/전라/제주",
      "gPlace": "광주/전라/제주",
      "rPlace": "광주/전라/제주",
      "educationLevel": "대졸"
    },
    "speaker2": {
      "participantID": "3368",
      "gender": "여성",
      "age": "20대",
      "occupation": "사무직",
      "bPlace": "광주/전라/제주",
      "gPlace": "광주/전라/제주",
      "rPlace": "광주/전라/제주",
      "educationLevel": "대학원졸"
    }
  },
  "multisessionInfo": {
    "multisessionID": "3-00572"
  },
  "personaInfo": {
    "clInfo": {
      "personaID": "41443",
      "personaFeatures": [
        "나는 여자이다.",
        "나는 40대이다.",
        "나는 빌딩 관리 및 청소원이다",
        "나는 정원을 가꾸는 것을 좋아한다",
        "나는 토끼를 키우고 싶다"
      ],
      "speakerType": "speaker1"
    },
    "cpInfo": {
      "personaID": "11805",
      "personaFeatures": [
        "나는 여자이다.",
        "나는 10대이다.",
        "나의 아버지는 미용사이다",
        "나는 다소 고집이 세다",
        "나는 고양이와 강아지를 키운다"
      ],
      "speakerType": "speaker2"
    }
  },
  "topicInfo": {
    "topicID": "06-14",
    "topicType": "교육",
    "topicTitle": "중학교"
  },
  "sessionInfo": [
    {
      "prevSessionID": null,
      "prevTimeInfo": {
        "timeNum": null,
        "timeUnit": null
      },
      "nthSession": "1",
      "numberOfUtterances": "14",
      "numberOfTurns": "7",
      "sessionID": "3-00572-1",
      "dialog": [
        {
          "speaker": "speaker1",
          "personaID": "41443",
          "participantID": "3344",
          "utterance": "안녕하세요 저는 40대 여성이에요",
          "summary": "나는 40대 여성이다",
          "date": "2022-10-21",
          "time": "18:05:28",
          "terminate": "false"
        },
        {
          "speaker": "speaker2",
          "personaID": "11805",
          "participantID": "3368",
          "utterance": "안녕하세요. 저는 10대 여성입니다. 반갑습니다.",
          "summary": "나는 10대 여성이다",
          "date": "2022-10-21",
          "time": "18:22:02",
          "terminate": "false"
        },
        {
          "speaker": "speaker1",
          "personaID": "41443",
          "participantID": "3344",
          "utterance": "반가워요 저는 빌딩에서 청소원 일을 하고 있어요. 학생이신가요?",
          "summary": "나는 빌딩에서 청소원 일을 하고 있다",
          "date": "2022-10-21",
          "time": "18:26:45",
          "terminate": "false"
        },
        {
          "speaker": "speaker2",
          "personaID": "11805",
          "participantID": "3368",
          "utterance": "네 저는 학생인데, 미용사이신 아버지를 따라서 미용을 배우고 있어요! 일 힘드시겠어요..!!",
          "summary": "나는 학생인데 미용 사인 아버지를 따라 미용을 배우고 있다",
          "date": "2022-10-21",
          "time": "19:05:58",
          "terminate": "false"
        },
        {
          "speaker": "speaker1",
          "personaID": "41443",
          "participantID": "3344",
          "utterance": "저는 그럭저럭 할만 해요 미용 배우는 게 더 힘들 거 같은 데 힘들지 않으세요?",
          "summary": "",
          "date": "2022-10-24",
          "time": "20:18:41",
          "terminate": "false"
        },
        {
          "speaker": "speaker2",
          "personaID": "11805",
          "participantID": "3368",
          "utterance": "아버지가 미용사셔서 쉽게 알려주세요. 그리고 제가 다소 고집이 세서 힘들어도 꾹 참고 하는 성격이랍니다.",
          "summary": "나는 다소 고집이 세다",
          "date": "2022-10-24",
          "time": "20:19:30",
          "terminate": "false"
        },
        {
          "speaker": "speaker1",
          "personaID": "41443",
          "participantID": "3344",
          "utterance": "고집이 강하면 아버지와 다툴 일이 많겠어요",
          "summary": "",
          "date": "2022-10-24",
          "time": "20:21:53",
          "terminate": "false"
        },
        {
          "speaker": "speaker2",
          "personaID": "11805",
          "participantID": "3368",
          "utterance": "네 맞아요^^ 아버지한테 많이 혼나죠. 혹시 반려동물 키우세요?",
          "summary": "나는 아버지한테 많이 혼난다",
          "date": "2022-10-24",
          "time": "20:26:27",
          "terminate": "false"
        },
        {
          "speaker": "speaker1",
          "personaID": "41443",
          "participantID": "3344",
          "utterance": "아니요 기르는 반려동물은 없어요 근데 기르고 싶은 동물은 있어요",
          "summary": "나는 기르는 반려동물은 없지만, 기르고 싶은 동물은 있다",
          "date": "2022-10-24",
          "time": "20:27:00",
          "terminate": "false"
        },
        {
          "speaker": "speaker2",
          "personaID": "11805",
          "participantID": "3368",
          "utterance": "어떤 동물이요? 저는 고양이와 강아지를 키워요!",
          "summary": "나는 고양이와 강아지를 키운다",
          "date": "2022-10-24",
          "time": "20:29:31",
          "terminate": "false"
        },
        {
          "speaker": "speaker1",
          "personaID": "41443",
          "participantID": "3344",
          "utterance": "토끼가 기르고 싶어요 고양이와 강아지도 참 귀여울 거 같아요",
          "summary": "나는 토끼가 기르고 싶다",
          "date": "2022-10-24",
          "time": "20:30:48",
          "terminate": "false"
        },
        {
          "speaker": "speaker2",
          "personaID": "11805",
          "participantID": "3368",
          "utterance": "토끼도 너무 귀엽죠!! 저는 특히 검은 토끼가 귀여운 것 같아요",
          "summary": "나는 검은 토끼가 귀엽다",
          "date": "2022-10-24",
          "time": "20:33:12",
          "terminate": "false"
        },
        {
          "speaker": "speaker1",
          "personaID": "41443",
          "participantID": "3344",
          "utterance": "저는 개인적으로 하얀 토끼가 참 귀여운거 같아요",
          "summary": "나는 개인적으로 하얀 토끼가 참 귀여운 것 같다",
          "date": "2022-10-24",
          "time": "20:44:00",
          "terminate": "false"
        },
        {
          "speaker": "speaker2",
          "personaID": "11805",
          "participantID": "3368",
          "utterance": "뭐 그러실 수 있죠^^ 그래도 저는 제가 키우는 고양이와 강아지가 최고인 것 같아요. 애들 놀아주러 전 이만 가볼게요",
          "summary": "나는 애들을 놀아주러 갈 것이다",
          "date": "2022-10-24",
          "time": "20:46:56",
          "terminate": "true"
        }
      ],
      "sessionPersonaSummary": {
        "speaker1": [
          "나는 40대 여성이다",
          "나는 빌딩에서 청소원 일을 하고 있다",
          "나는 기르는 반려동물은 없지만, 기르고 싶은 동물은 있다",
          "나는 토끼가 기르고 싶다",
          "나는 개인적으로 하얀 토끼가 참 귀여운 것 같다"
        ],
        "speaker2": [
          "나는 10대 여성이다",
          "나는 학생인데 미용 사인 아버지를 따라 미용을 배우고 있다",
          "나는 다소 고집이 세다",
          "나는 아버지한테 많이 혼난다",
          "나는 고양이와 강아지를 키운다",
          "나는 검은 토끼가 귀엽다",
          "나는 애들을 놀아주러 갈 것이다"
        ]
      },
      "prevAggregatedpersonaSummary": {
        "speaker1": [],
        "speaker2": []
      }
    },
    {
      "prevSessionID": "3-00572-1",
      "prevTimeInfo": {
        "timeNum": "2",
        "timeUnit": "일"
      },
      "nthSession": "2",
      "numberOfUtterances": "14",
      "numberOfTurns": "7",
      "sessionID": "3-00572-2",
      "dialog": [
        {
          "speaker": "speaker1",
          "personaID": "41443",
          "participantID": "3344",
          "utterance": "2일 만에 다시 연락 드리네요 잘 지내셨나요?",
          "summary": "",
          "date": "2022-10-24",
          "time": "21:01:57",
          "terminate": "false"
        },
        {
          "speaker": "speaker2",
          "personaID": "11805",
          "participantID": "3368",
          "utterance": "네 저는 학교 다니면서 잘 지냈어요! @이름@님은요?",
          "summary": "나는 학교 다니면서 잘 지냈다",
          "date": "2022-10-24",
          "time": "21:02:59",
          "terminate": "false"
        },
        {
          "speaker": "speaker1",
          "personaID": "41443",
          "participantID": "3344",
          "utterance": "저도 하루하루 일을 열심히 하면서 잘 지냈어요 근데 중학생이라고 하셨나요?",
          "summary": "나는 일을 열심히 하면서 잘 지냈다",
          "date": "2022-10-24",
          "time": "21:03:52",
          "terminate": "false"
        },
        {
          "speaker": "speaker2",
          "personaID": "11805",
          "participantID": "3368",
          "utterance": "네 맞아요. 제가 말한 적 없는데.. 딱 중학생 티가 나나요?",
          "summary": "나는 중학생이다",
          "date": "2022-10-24",
          "time": "21:05:42",
          "terminate": "false"
        },
        {
          "speaker": "speaker1",
          "personaID": "41443",
          "participantID": "3344",
          "utterance": "아니요 제 조카도 중학생이라 한번 여쭈어봤어요",
          "summary": "나는 중학생 조카가 있다",
          "date": "2022-10-24",
          "time": "21:06:40",
          "terminate": "false"
        },
        {
          "speaker": "speaker2",
          "personaID": "11805",
          "participantID": "3368",
          "utterance": "그렇군요! 저는 얼른 중학교 졸업해서 미용 전문 고등학교를 입학하고 싶어요. 미용사인 아버지를 이어 멋진 미용사가 되고 싶거든요",
          "summary": "나는 미용 전문 고등학교를 입학하고 아버지를 이어 멋진 미용사가 되고 싶다",
          "date": "2022-10-24",
          "time": "21:08:15",
          "terminate": "false"
        },
        {
          "speaker": "speaker1",
          "personaID": "41443",
          "participantID": "3344",
          "utterance": "그 꿈 꼭 이루길 바래요중학교 생활은 어떠신가요?",
          "summary": "나는 꿈을 꼭 이루길 바란다",
          "date": "2022-10-24",
          "time": "21:08:44",
          "terminate": "false"
        },
        {
          "speaker": "speaker2",
          "personaID": "11805",
          "participantID": "3368",
          "utterance": "중학교 생활 재밌긴 한데, 저는 다소 고집이 세서 그런지 친구가 많이 없어요",
          "summary": "나는 고집이 세서 친구가 많이 없다",
          "date": "2022-10-24",
          "time": "21:10:43",
          "terminate": "false"
        },
        {
          "speaker": "speaker1",
          "personaID": "41443",
          "participantID": "3344",
          "utterance": "친구만 와도 소용 없어요 나랑 잘 맞는 친구 한명만 있어도 성공한 거 랍니다",
          "summary": "",
          "date": "2022-10-24",
          "time": "21:12:49",
          "terminate": "false"
        },
        {
          "speaker": "speaker2",
          "personaID": "11805",
          "participantID": "3368",
          "utterance": "다행히 중학교에서 새로 사귄 친구중에 @이름@이라는 친구가 제 똥꼬집을 다 이해해줘서 잘 지내고 있어요",
          "summary": "나는 단짝 친구가 있다",
          "date": "2022-10-24",
          "time": "21:13:59",
          "terminate": "false"
        },
        {
          "speaker": "speaker1",
          "personaID": "41443",
          "participantID": "3344",
          "utterance": "그 친구 놓치지 말고 잘 지내세요 중학교 수업은 어떤가요?",
          "summary": "",
          "date": "2022-10-24",
          "time": "21:14:26",
          "terminate": "false"
        },
        {
          "speaker": "speaker2",
          "personaID": "11805",
          "participantID": "3368",
          "utterance": "네~ 중학교 수업은 요즘 어려운 것 같아요.. 초등학교 때랑 다르게 난이도가 너무 높은 것 같아요",
          "summary": "나는 중학교 수업이 어렵게 느껴진다",
          "date": "2022-10-24",
          "time": "21:15:20",
          "terminate": "false"
        },
        {
          "speaker": "speaker1",
          "personaID": "41443",
          "participantID": "3344",
          "utterance": "가장 어려운 과목이 어떤거에요?",
          "summary": "",
          "date": "2022-10-24",
          "time": "21:16:14",
          "terminate": "false"
        },
        {
          "speaker": "speaker2",
          "personaID": "11805",
          "participantID": "3368",
          "utterance": "저는 영어가 제일 어려운 과목인 것 같아요. 중학교 수준이 맞나 의심스러울 정도에요. 저는 영어 숙제 좀 하러갈게요. 안녕히계세요",
          "summary": "나는 영어가 제일 어렵다 나는 영어 숙제를 하러 갈 것이다",
          "date": "2022-10-24",
          "time": "21:16:53",
          "terminate": "true"
        }
      ],
      "sessionPersonaSummary": {
        "speaker1": [
          "나는 일을 열심히 하면서 잘 지냈다",
          "나는 중학생 조카가 있다",
          "나는 꿈을 꼭 이루길 바란다"
        ],
        "speaker2": [
          "나는 학교 다니면서 잘 지냈다",
          "나는 중학생이다",
          "나는 미용 전문 고등학교를 입학하고 아버지를 이어 멋진 미용사가 되고 싶다",
          "나는 고집이 세서 친구가 많이 없다",
          "나는 단짝 친구가 있다",
          "나는 중학교 수업이 어렵게 느껴진다",
          "나는 영어가 제일 어렵다",
          "나는 영어 숙제를 하러 갈 것이다"
        ]
      },
      "prevAggregatedpersonaSummary": {
        "speaker1": [
          "나는 40대 여성이다",
          "나는 빌딩에서 청소원 일을 하고 있다",
          "나는 기르는 반려동물은 없지만, 기르고 싶은 동물은 있다",
          "나는 토끼가 기르고 싶다",
          "나는 개인적으로 하얀 토끼가 참 귀여운 것 같다"
        ],
        "speaker2": [
          "나는 10대 여성이다",
          "나는 학생인데 미용 사인 아버지를 따라 미용을 배우고 있다",
          "나는 다소 고집이 세다",
          "나는 아버지한테 많이 혼난다",
          "나는 고양이와 강아지를 키운다",
          "나는 검은 토끼가 귀엽다",
          "나는 애들을 놀아주러 갈 것이다"
        ]
      }
    },
    {
      "prevSessionID": "3-00572-2",
      "prevTimeInfo": {
        "timeNum": "8",
        "timeUnit": "일"
      },
      "nthSession": "3",
      "numberOfUtterances": "14",
      "numberOfTurns": "7",
      "sessionID": "3-00572-3",
      "dialog": [
        {
          "speaker": "speaker1",
          "personaID": "41443",
          "participantID": "3344",
          "utterance": "8일 만에 다시 연락 드리네요 잘 지내셨나요",
          "summary": "",
          "date": "2022-10-24",
          "time": "21:20:37",
          "terminate": "false"
        },
        {
          "speaker": "speaker2",
          "personaID": "11805",
          "participantID": "3368",
          "utterance": "네 저는 잘 지냈어요. @이름@님도 잘 지내셨죠?",
          "summary": "",
          "date": "2022-10-24",
          "time": "21:21:18",
          "terminate": "false"
        },
        {
          "speaker": "speaker1",
          "personaID": "41443",
          "participantID": "3344",
          "utterance": "네 그럼요 잘 지내죠 최근에 길가다 중학생을 만났는데 생각이 나더라구요",
          "summary": "나는 최근에 길에서 중학생을 만나고 생각이 났다",
          "date": "2022-10-24",
          "time": "21:22:04",
          "terminate": "false"
        },
        {
          "speaker": "speaker2",
          "personaID": "11805",
          "participantID": "3368",
          "utterance": "저를 생각해주시다니 감동이에요! 저는 중학교에서 최근 수학여행을 다녀왔어요!",
          "summary": "나는 최근 수학여행을 다녀왔다",
          "date": "2022-10-24",
          "time": "21:22:46",
          "terminate": "false"
        },
        {
          "speaker": "speaker1",
          "personaID": "41443",
          "participantID": "3344",
          "utterance": "수학 여행이요 정말 추억이 새록새록 떠오르네요 어디로 다녀 오셨나요?",
          "summary": "나는 수학여행하니 추억이 새록새록 떠오른다",
          "date": "2022-10-24",
          "time": "21:23:49",
          "terminate": "false"
        },
        {
          "speaker": "speaker2",
          "personaID": "11805",
          "participantID": "3368",
          "utterance": "저는 잠실@브랜드명@로 다녀왔어요. 수학여행 온 중학교가 정말 많더라구요",
          "summary": "나는 잠실 @브랜드명@로 수학여행을 다녀왔다",
          "date": "2022-10-24",
          "time": "21:24:32",
          "terminate": "false"
        },
        {
          "speaker": "speaker1",
          "personaID": "41443",
          "participantID": "3344",
          "utterance": "사람이 많아서 어떻게 놀이기구는 잘 타고 오셨나요?",
          "summary": "",
          "date": "2022-10-24",
          "time": "21:25:22",
          "terminate": "false"
        },
        {
          "speaker": "speaker2",
          "personaID": "11805",
          "participantID": "3368",
          "utterance": "사람이 너무 많아서 2개 밖에 못 타고 왔어요. 하나 줄 기다리는데 2시간이 넘게 걸리더라구요",
          "summary": "사람이 너무 많아서 놀이기구를 2개밖에 못 탔다",
          "date": "2022-10-24",
          "time": "21:25:59",
          "terminate": "false"
        },
        {
          "speaker": "speaker1",
          "personaID": "41443",
          "participantID": "3344",
          "utterance": "2시간이라니 진짜 오래 기다리셨네요 저였으면 포기하고 집에 돌아가 쓸것 같아요",
          "summary": "나는 포기하고 집에 돌아갔을 것 같다",
          "date": "2022-10-24",
          "time": "21:27:18",
          "terminate": "false"
        },
        {
          "speaker": "speaker2",
          "personaID": "11805",
          "participantID": "3368",
          "utterance": "중학교에서 수학여행을 간거라서 집에 갈 수도 없었어요",
          "summary": "나는 집에 갈 수도 없었다",
          "date": "2022-10-24",
          "time": "21:28:16",
          "terminate": "false"
        },
        {
          "speaker": "speaker1",
          "personaID": "41443",
          "participantID": "3344",
          "utterance": "그럼 2개 탄 놀이기구가 어떤거에요?",
          "summary": "",
          "date": "2022-10-24",
          "time": "21:29:54",
          "terminate": "false"
        },
        {
          "speaker": "speaker2",
          "personaID": "11805",
          "participantID": "3368",
          "utterance": "저는 혜성특급이랑 회전목마 타고 왔어요!  @이름@님은 중학교때 수학여행 어디로 다녀오셨어요?",
          "summary": "나는 혜성 특급과 회전목마를 탔다",
          "date": "2022-10-24",
          "time": "21:30:29",
          "terminate": "false"
        },
        {
          "speaker": "speaker1",
          "personaID": "41443",
          "participantID": "3344",
          "utterance": "저는 수학 여행을 여수로 다녀왔어요 저 어릴 때는 그런 놀이공원은 가본 적이 없네요",
          "summary": "나는 수학여행을 여수로 다녀왔다",
          "date": "2022-10-24",
          "time": "21:30:55",
          "terminate": "false"
        },
        {
          "speaker": "speaker2",
          "personaID": "11805",
          "participantID": "3368",
          "utterance": "아 그렇군요~ 그래도 여수 정말 재밌으셨을 것 같아요! 저는 이만 자볼게요",
          "summary": "나는 자러 갈 것이다",
          "date": "2022-10-24",
          "time": "21:31:20",
          "terminate": "true"
        }
      ],
      "sessionPersonaSummary": {
        "speaker1": [
          "나는 최근에 길에서 중학생을 만나고 생각이 났다",
          "나는 수학여행하니 추억이 새록새록 떠오른다",
          "나는 포기하고 집에 돌아갔을 것 같다",
          "나는 수학여행을 여수로 다녀왔다"
        ],
        "speaker2": [
          "나는 최근 수학여행을 다녀왔다",
          "나는 잠실 @브랜드명@로 수학여행을 다녀왔다",
          "사람이 너무 많아서 놀이기구를 2개밖에 못 탔다",
          "나는 집에 갈 수도 없었다",
          "나는 혜성 특급과 회전목마를 탔다",
          "나는 자러 갈 것이다"
        ]
      },
      "prevAggregatedpersonaSummary": {
        "speaker1": [
          "나는 40대 여성이다",
          "나는 빌딩에서 청소원 일을 하고 있다",
          "나는 기르는 반려동물은 없지만, 기르고 싶은 동물은 있다",
          "나는 토끼가 기르고 싶다",
          "나는 개인적으로 하얀 토끼가 참 귀여운 것 같다",
          "나는 일을 열심히 하면서 잘 지냈다",
          "나는 중학생 조카가 있다",
          "나는 꿈을 꼭 이루길 바란다"
        ],
        "speaker2": [
          "나는 10대 여성이다",
          "나는 학생인데 미용 사인 아버지를 따라 미용을 배우고 있다",
          "나는 다소 고집이 세다",
          "나는 아버지한테 많이 혼난다",
          "나는 고양이와 강아지를 키운다",
          "나는 검은 토끼가 귀엽다",
          "나는 애들을 놀아주러 갈 것이다",
          "나는 학교 다니면서 잘 지냈다",
          "나는 중학생이다",
          "나는 미용 전문 고등학교를 입학하고 아버지를 이어 멋진 미용사가 되고 싶다",
          "나는 고집이 세서 친구가 많이 없다",
          "나는 단짝 친구가 있다",
          "나는 중학교 수업이 어렵게 느껴진다",
          "나는 영어가 제일 어렵다",
          "나는 영어 숙제를 하러 갈 것이다"
        ]
      }
    }
  ]
}