{
  "FileInfo": {
    "filename": "K3-00443-CL21513-CP20801-12-01-S3.json",
    "sessionLevel": "3"
  },
  "participantsInfo": {
    "numberOfParticipants": "2",
    "speaker1": {
      "participantID": "0044",
      "gender": "여성",
      "age": "30대",
      "occupation": "무직",
      "bPlace": "서울/경기/인천",
      "gPlace": "서울/경기/인천",
      "rPlace": "서울/경기/인천",
      "educationLevel": "대졸"
    },
    "speaker2": {
      "participantID": "0027",
      "gender": "남성",
      "age": "20대",
      "occupation": "무직",
      "bPlace": "서울/경기/인천",
      "gPlace": "서울/경기/인천",
      "rPlace": "서울/경기/인천",
      "educationLevel": "대졸"
    }
  },
  "multisessionInfo": {
    "multisessionID": "3-00443"
  },
  "personaInfo": {
    "clInfo": {
      "personaID": "21513",
      "personaFeatures": [
        "나는 여자이다.",
        "나는 20대이다.",
        "나의 남자 형제는 운동선수이다.",
        "나는 검도부 동아리에 관심 있다.",
        "나는 보드게임에 관심이 없다."
      ],
      "speakerType": "speaker1"
    },
    "cpInfo": {
      "personaID": "20801",
      "personaFeatures": [
        "나는 남자이다.",
        "나는 20대이다.",
        "나는 힐링 여행을 가끔 간다.",
        "나는 영국으로 어학연수를 간다.",
        "나는 배를 안 먹는다."
      ],
      "speakerType": "speaker2"
    }
  },
  "topicInfo": {
    "topicID": "12-01",
    "topicType": "여가와 오락>여행",
    "topicTitle": "휴양지"
  },
  "sessionInfo": [
    {
      "prevSessionID": null,
      "prevTimeInfo": {
        "timeNum": null,
        "timeUnit": null
      },
      "nthSession": "1",
      "numberOfUtterances": "14",
      "numberOfTurns": "7",
      "sessionID": "3-00443-1",
      "dialog": [
        {
          "speaker": "speaker1",
          "personaID": "21513",
          "participantID": "0044",
          "utterance": "처음 뵙네요. 저는 20대 여자예요.",
          "summary": "나는 20대 여자이다.",
          "date": "2022-09-15",
          "time": "12:38:03",
          "terminate": "false"
        },
        {
          "speaker": "speaker2",
          "personaID": "20801",
          "participantID": "0027",
          "utterance": "안녕하세요. 초면이네요. 저는 20대 남자입니다.",
          "summary": "나는 20대 남자이다.",
          "date": "2022-09-15",
          "time": "12:38:16",
          "terminate": "false"
        },
        {
          "speaker": "speaker1",
          "personaID": "21513",
          "participantID": "0044",
          "utterance": "같은 20대라니 혹시 그럼 저처럼 학생이실까요?",
          "summary": "",
          "date": "2022-09-15",
          "time": "12:38:24",
          "terminate": "false"
        },
        {
          "speaker": "speaker2",
          "personaID": "20801",
          "participantID": "0027",
          "utterance": "아 네 전 학생이고 곧 어학연수에 가네요.",
          "summary": "",
          "date": "2022-09-15",
          "time": "12:38:33",
          "terminate": "false"
        },
        {
          "speaker": "speaker1",
          "personaID": "21513",
          "participantID": "0044",
          "utterance": "오 어학연수 가세요? 어디로 가세요??",
          "summary": "",
          "date": "2022-09-15",
          "time": "12:38:51",
          "terminate": "false"
        },
        {
          "speaker": "speaker2",
          "personaID": "20801",
          "participantID": "0027",
          "utterance": "저 그 영국이요. 영국은 처음이라서 긴장되요.",
          "summary": "나는 곧 영국으로 어학연수를 간다.",
          "date": "2022-09-15",
          "time": "12:39:05",
          "terminate": "false"
        },
        {
          "speaker": "speaker1",
          "personaID": "21513",
          "participantID": "0044",
          "utterance": "우와 영국가신다니 정말 좋겠어요!",
          "summary": "",
          "date": "2022-09-15",
          "time": "12:39:13",
          "terminate": "false"
        },
        {
          "speaker": "speaker2",
          "personaID": "20801",
          "participantID": "0027",
          "utterance": "감사합니다. 그쪽은 무슨 전공이에요?",
          "summary": "",
          "date": "2022-09-15",
          "time": "12:39:31",
          "terminate": "false"
        },
        {
          "speaker": "speaker1",
          "personaID": "21513",
          "participantID": "0044",
          "utterance": "아 저는 스포츠재활학과입니다. 그쪽은요?",
          "summary": "나는 스포츠 재활학과이다.",
          "date": "2022-09-15",
          "time": "12:39:41",
          "terminate": "false"
        },
        {
          "speaker": "speaker2",
          "personaID": "20801",
          "participantID": "0027",
          "utterance": "저는 영문과죠. 재활학과면 뭘 가르쳐요?",
          "summary": "나는 영문과 전공이다.",
          "date": "2022-09-15",
          "time": "12:39:49",
          "terminate": "false"
        },
        {
          "speaker": "speaker1",
          "personaID": "21513",
          "participantID": "0044",
          "utterance": "아 영문과군요. 운동선수들 재활치료 돕고 그러는거예요.",
          "summary": "",
          "date": "2022-09-15",
          "time": "12:40:02",
          "terminate": "false"
        },
        {
          "speaker": "speaker2",
          "personaID": "20801",
          "participantID": "0027",
          "utterance": "아 운동선수들이 많이 다치시긴 하죠. 도와주다니 뜻깊은데요?",
          "summary": "",
          "date": "2022-09-15",
          "time": "12:40:08",
          "terminate": "false"
        },
        {
          "speaker": "speaker1",
          "personaID": "21513",
          "participantID": "0044",
          "utterance": "네 제 남동생이 운동선수라 이쪽에 관심을 가지게 됐어요. 그럼 저는 수업때문에 가볼게요!",
          "summary": "나의 남동생은 운동선수이다.",
          "date": "2022-09-15",
          "time": "12:40:23",
          "terminate": "false"
        },
        {
          "speaker": "speaker2",
          "personaID": "20801",
          "participantID": "0027",
          "utterance": "네네. 저도 그러면 가볼게요.",
          "summary": "",
          "date": "2022-09-15",
          "time": "12:40:43",
          "terminate": "true"
        }
      ],
      "sessionPersonaSummary": {
        "speaker1": [
          "나는 20대 여자이다.",
          "나는 스포츠 재활학과이다.",
          "나의 남동생은 운동선수이다."
        ],
        "speaker2": [
          "나는 20대 남자이다.",
          "나는 곧 영국으로 어학연수를 간다.",
          "나는 영문과 전공이다."
        ]
      },
      "prevAggregatedpersonaSummary": {
        "speaker1": [],
        "speaker2": []
      }
    },
    {
      "prevSessionID": "3-00443-1",
      "prevTimeInfo": {
        "timeNum": "5",
        "timeUnit": "일"
      },
      "nthSession": "2",
      "numberOfUtterances": "18",
      "numberOfTurns": "9",
      "sessionID": "3-00443-2",
      "dialog": [
        {
          "speaker": "speaker1",
          "personaID": "21513",
          "participantID": "0044",
          "utterance": "하이~ 5일만인데 어학연수는 곧 가시나요?",
          "summary": "",
          "date": "2022-09-15",
          "time": "12:41:18",
          "terminate": "false"
        },
        {
          "speaker": "speaker2",
          "personaID": "20801",
          "participantID": "0027",
          "utterance": "네? 아 어학연수는 2주쯤 뒤에 가요.",
          "summary": "",
          "date": "2022-09-15",
          "time": "12:41:31",
          "terminate": "false"
        },
        {
          "speaker": "speaker1",
          "personaID": "21513",
          "participantID": "0044",
          "utterance": "그렇군요. 얼마 안 남았네요. 그럼 남은기간은 한국에서 대학 다니세요?",
          "summary": "",
          "date": "2022-09-15",
          "time": "12:41:53",
          "terminate": "false"
        },
        {
          "speaker": "speaker2",
          "personaID": "20801",
          "participantID": "0027",
          "utterance": "네네 얼마 안 남았죠. 남은 기간은 저는 여행 가려고요.",
          "summary": "",
          "date": "2022-09-15",
          "time": "12:42:10",
          "terminate": "false"
        },
        {
          "speaker": "speaker1",
          "personaID": "21513",
          "participantID": "0044",
          "utterance": "아 여행 어디로 가시려고요?",
          "summary": "",
          "date": "2022-09-15",
          "time": "12:42:26",
          "terminate": "false"
        },
        {
          "speaker": "speaker2",
          "personaID": "20801",
          "participantID": "0027",
          "utterance": "힐링 여행을 가끔 가서 일단은 통영에 있는 호텔로 생각중이에요.",
          "summary": "나는 힐링 여행을 가끔 간다.",
          "date": "2022-09-15",
          "time": "12:42:33",
          "terminate": "false"
        },
        {
          "speaker": "speaker1",
          "personaID": "21513",
          "participantID": "0044",
          "utterance": "아 그렇군요. 좋네요. 저도 휴양지 가는거 좋아하는데 영국에도 있을까 궁금하네요.",
          "summary": "나는 휴양지를 가는 걸 좋아한다.",
          "date": "2022-09-15",
          "time": "12:42:55",
          "terminate": "false"
        },
        {
          "speaker": "speaker2",
          "personaID": "20801",
          "participantID": "0027",
          "utterance": "휴양지 가는거 좋아하세요? 영국은 보통 다른나라로 휴가간다고 하더라고요.",
          "summary": "",
          "date": "2022-09-15",
          "time": "12:43:08",
          "terminate": "false"
        },
        {
          "speaker": "speaker1",
          "personaID": "21513",
          "participantID": "0044",
          "utterance": "네 휴양지 좋더라고요. 아 그래요? 어디로 간데요??",
          "summary": "",
          "date": "2022-09-15",
          "time": "12:43:20",
          "terminate": "false"
        },
        {
          "speaker": "speaker2",
          "personaID": "20801",
          "participantID": "0027",
          "utterance": "제가 알기론 뭐 프랑스나 가까운 유럽쪽으로 간대요. 멀지 않다고 하더라고요. 물론 코로나가 문제긴하죠.",
          "summary": "",
          "date": "2022-09-15",
          "time": "12:43:37",
          "terminate": "false"
        },
        {
          "speaker": "speaker1",
          "personaID": "21513",
          "participantID": "0044",
          "utterance": "그렇군요. 아 코로나요? 아직도 막혀있어요?",
          "summary": "",
          "date": "2022-09-15",
          "time": "12:43:57",
          "terminate": "false"
        },
        {
          "speaker": "speaker2",
          "personaID": "20801",
          "participantID": "0027",
          "utterance": "네. 영국이 아마 코로나로 꽤 심각하게 피해를 입었어서 출국도 입국도 여행으론 금지래요.",
          "summary": "",
          "date": "2022-09-15",
          "time": "12:44:19",
          "terminate": "false"
        },
        {
          "speaker": "speaker1",
          "personaID": "21513",
          "participantID": "0044",
          "utterance": "허.. 아직도 그렇다니 좀 아쉽긴하네요. 그래도 님은 타격없죠?",
          "summary": "",
          "date": "2022-09-15",
          "time": "12:44:38",
          "terminate": "false"
        },
        {
          "speaker": "speaker2",
          "personaID": "20801",
          "participantID": "0027",
          "utterance": "그렇죠? 저는 뭐 비자도 유학생비자라서 일단 입국까지는 별 문제 없어요.",
          "summary": "",
          "date": "2022-09-15",
          "time": "12:44:51",
          "terminate": "false"
        },
        {
          "speaker": "speaker1",
          "personaID": "21513",
          "participantID": "0044",
          "utterance": "그렇군요. 근데 다른 유럽 국가들을 못 돌아다니시겠다...",
          "summary": "",
          "date": "2022-09-15",
          "time": "12:45:06",
          "terminate": "false"
        },
        {
          "speaker": "speaker2",
          "personaID": "20801",
          "participantID": "0027",
          "utterance": "네 유럽을 못돌아다니긴 한데요. 뭐 어쩔수 없죠.",
          "summary": "",
          "date": "2022-09-15",
          "time": "12:45:19",
          "terminate": "false"
        },
        {
          "speaker": "speaker1",
          "personaID": "21513",
          "participantID": "0044",
          "utterance": "네 그럼 저는 검도부 동아리에 관심이 있어서 좀 알아보러 가보려고요!",
          "summary": "나는 검도부 동아리에 관심이 있다.",
          "date": "2022-09-15",
          "time": "12:45:41",
          "terminate": "false"
        },
        {
          "speaker": "speaker2",
          "personaID": "20801",
          "participantID": "0027",
          "utterance": "그럼 저도 이만 가볼게요.",
          "summary": "",
          "date": "2022-09-15",
          "time": "12:45:59",
          "terminate": "true"
        }
      ],
      "sessionPersonaSummary": {
        "speaker1": [
          "나는 휴양지를 가는 걸 좋아한다.",
          "나는 검도부 동아리에 관심이 있다."
        ],
        "speaker2": [
          "나는 힐링 여행을 가끔 간다."
        ]
      },
      "prevAggregatedpersonaSummary": {
        "speaker1": [
          "나는 20대 여자이다.",
          "나는 스포츠 재활학과이다.",
          "나의 남동생은 운동선수이다."
        ],
        "speaker2": [
          "나는 20대 남자이다.",
          "나는 곧 영국으로 어학연수를 간다.",
          "나는 영문과 전공이다."
        ]
      }
    },
    {
      "prevSessionID": "3-00443-2",
      "prevTimeInfo": {
        "timeNum": "6",
        "timeUnit": "시간"
      },
      "nthSession": "3",
      "numberOfUtterances": "16",
      "numberOfTurns": "8",
      "sessionID": "3-00443-3",
      "dialog": [
        {
          "speaker": "speaker1",
          "personaID": "21513",
          "participantID": "0044",
          "utterance": "저는 6시간만에 돌아왔네요.",
          "summary": "",
          "date": "2022-09-15",
          "time": "13:46:53",
          "terminate": "false"
        },
        {
          "speaker": "speaker2",
          "personaID": "20801",
          "participantID": "0027",
          "utterance": "아 하@이름1@요. 혹시 과일 좋아하세요?",
          "summary": "",
          "date": "2022-09-15",
          "time": "13:47:09",
          "terminate": "false"
        },
        {
          "speaker": "speaker1",
          "personaID": "21513",
          "participantID": "0044",
          "utterance": "과일이요? 네 좋아하죠. ㅎㅎ.",
          "summary": "",
          "date": "2022-09-15",
          "time": "13:47:15",
          "terminate": "false"
        },
        {
          "speaker": "speaker2",
          "personaID": "20801",
          "participantID": "0027",
          "utterance": "아 제가 배를 안 먹어서요 혹시 필요하면 보내드릴까 했어요.",
          "summary": "나는 배를 안 먹는다.",
          "date": "2022-09-15",
          "time": "13:47:35",
          "terminate": "false"
        },
        {
          "speaker": "speaker1",
          "personaID": "21513",
          "participantID": "0044",
          "utterance": "아 배가 어디서 나셨어요? 누가 주셨나요?",
          "summary": "",
          "date": "2022-09-15",
          "time": "13:47:47",
          "terminate": "false"
        },
        {
          "speaker": "speaker2",
          "personaID": "20801",
          "participantID": "0027",
          "utterance": "네네 추석이 얼마 안지났잖아요. 그때 두박스 왔는데 처치 곤란이에요.. 물론 신선합니다.",
          "summary": "",
          "date": "2022-09-15",
          "time": "13:48:07",
          "terminate": "false"
        },
        {
          "speaker": "speaker1",
          "personaID": "21513",
          "participantID": "0044",
          "utterance": "와 선뜻 보내주신다니 감사하네요 ㅎㅎ.",
          "summary": "",
          "date": "2022-09-15",
          "time": "13:48:19",
          "terminate": "false"
        },
        {
          "speaker": "speaker2",
          "personaID": "20801",
          "participantID": "0027",
          "utterance": "ㅎㅎ 감사합니다. 저도 배를 안 먹어서 먹어봤자 한두개거든요.",
          "summary": "",
          "date": "2022-09-15",
          "time": "13:48:53",
          "terminate": "false"
        },
        {
          "speaker": "speaker1",
          "personaID": "21513",
          "participantID": "0044",
          "utterance": "그러셨구나. 저희 부모님이 좋아하셔서 아마 받으시면 엄청 고마워 하실거같네요!",
          "summary": "",
          "date": "2022-09-15",
          "time": "13:49:13",
          "terminate": "false"
        },
        {
          "speaker": "speaker2",
          "personaID": "20801",
          "participantID": "0027",
          "utterance": "그럼 주소 불러주시면 보내드릴게요. 그쪽은 6시간 동안 검도부 잘 알아보셨어요?",
          "summary": "",
          "date": "2022-09-15",
          "time": "13:49:41",
          "terminate": "false"
        },
        {
          "speaker": "speaker1",
          "personaID": "21513",
          "participantID": "0044",
          "utterance": "네 감사합니다! 네 잘 알아봤어요~ 그럼 혹시 님 보드게임에 관심이 있으세요??",
          "summary": "",
          "date": "2022-09-15",
          "time": "13:49:58",
          "terminate": "false"
        },
        {
          "speaker": "speaker2",
          "personaID": "20801",
          "participantID": "0027",
          "utterance": "아 보드게임이요? 뭐 몇번 해보긴했죠?",
          "summary": "",
          "date": "2022-09-15",
          "time": "13:50:12",
          "terminate": "false"
        },
        {
          "speaker": "speaker1",
          "personaID": "21513",
          "participantID": "0044",
          "utterance": "혹시 필요하시면 이번에 선물받은거 보내드릴게요. 저는 관심이 없거든요.",
          "summary": "나는 보드게임에 관심이 없다.",
          "date": "2022-09-15",
          "time": "13:50:26",
          "terminate": "false"
        },
        {
          "speaker": "speaker2",
          "personaID": "20801",
          "participantID": "0027",
          "utterance": "오 그러면 차라리 만나서 선물교환을 할까요? 저는 배를 그쪽은 보드게임을요.",
          "summary": "",
          "date": "2022-09-15",
          "time": "13:50:38",
          "terminate": "false"
        },
        {
          "speaker": "speaker1",
          "personaID": "21513",
          "participantID": "0044",
          "utterance": "너무 좋죠! 그럼 시간이랑 장소 조금이따가 정해보실까요? 저는 잠시 일이 있어서 실례할게요~",
          "summary": "",
          "date": "2022-09-15",
          "time": "13:51:07",
          "terminate": "false"
        },
        {
          "speaker": "speaker2",
          "personaID": "20801",
          "participantID": "0027",
          "utterance": "네! 그럼 저는 이만 가보겠습니다.",
          "summary": "",
          "date": "2022-09-15",
          "time": "13:51:17",
          "terminate": "true"
        }
      ],
      "sessionPersonaSummary": {
        "speaker1": [
          "나는 보드게임에 관심이 없다."
        ],
        "speaker2": [
          "나는 배를 안 먹는다."
        ]
      },
      "prevAggregatedpersonaSummary": {
        "speaker1": [
          "나는 20대 여자이다.",
          "나는 스포츠 재활학과이다.",
          "나의 남동생은 운동선수이다.",
          "나는 휴양지를 가는 걸 좋아한다.",
          "나는 검도부 동아리에 관심이 있다."
        ],
        "speaker2": [
          "나는 20대 남자이다.",
          "나는 곧 영국으로 어학연수를 간다.",
          "나는 영문과 전공이다.",
          "나는 힐링 여행을 가끔 간다."
        ]
      }
    }
  ]
}