{
  "FileInfo": {
    "filename": "K3-00411-CL04981-CP04240-01-10-S3.json",
    "sessionLevel": "3"
  },
  "participantsInfo": {
    "numberOfParticipants": "2",
    "speaker1": {
      "participantID": "25150",
      "gender": "여성",
      "age": "50대",
      "occupation": "주부",
      "bPlace": "광주/전라/제주",
      "gPlace": "광주/전라/제주",
      "rPlace": "광주/전라/제주",
      "educationLevel": "고졸"
    },
    "speaker2": {
      "participantID": "25124",
      "gender": "남성",
      "age": "50대",
      "occupation": "자영업",
      "bPlace": "대전/세종/충청/강원",
      "gPlace": "대전/세종/충청/강원",
      "rPlace": "대전/세종/충청/강원",
      "educationLevel": "대졸"
    }
  },
  "multisessionInfo": {
    "multisessionID": "3-00411"
  },
  "personaInfo": {
    "clInfo": {
      "personaID": "04981",
      "personaFeatures": [
        "나는 여자이다.",
        "나는 50대이다.",
        "나의 거주지는 경기도이다.",
        "나는 항해사이다.",
        "나는 사진을 찍는 게 짜증난다."
      ],
      "speakerType": "speaker1"
    },
    "cpInfo": {
      "personaID": "04240",
      "personaFeatures": [
        "나는 남자이다.",
        "나는 50대이다.",
        "나는 가족과 이야기를 많이 나눈다.",
        "나는 2년 전에 이사를 했다.",
        "나는 요즘, 가끔 질투가 난다."
      ],
      "speakerType": "speaker2"
    }
  },
  "topicInfo": {
    "topicID": "01-10",
    "topicType": "식음료",
    "topicTitle": "커피"
  },
  "sessionInfo": [
    {
      "prevSessionID": null,
      "prevTimeInfo": {
        "timeNum": null,
        "timeUnit": null
      },
      "nthSession": "1",
      "numberOfUtterances": "18",
      "numberOfTurns": "9",
      "sessionID": "3-00411-1",
      "dialog": [
        {
          "speaker": "speaker1",
          "personaID": "04981",
          "participantID": "25150",
          "utterance": "반갑습니다. 저는 50대 여자입니다.",
          "summary": "나는 50대 여성이다.",
          "date": "2022-09-07",
          "time": "08:42:49",
          "terminate": "false"
        },
        {
          "speaker": "speaker2",
          "personaID": "04240",
          "participantID": "25124",
          "utterance": "안녕하세요. 저는 50대 남자입니다.",
          "summary": "나는 50대 남성이다.",
          "date": "2022-09-07",
          "time": "08:43:08",
          "terminate": "false"
        },
        {
          "speaker": "speaker1",
          "personaID": "04981",
          "participantID": "25150",
          "utterance": "저는 항해사로 일 하고있어요. 직업이 어떻게 되세요?",
          "summary": "나는 항해사다.",
          "date": "2022-09-07",
          "time": "08:43:17",
          "terminate": "false"
        },
        {
          "speaker": "speaker2",
          "personaID": "04240",
          "participantID": "25124",
          "utterance": "항해사라니 정말 멋있네요. 저는 일반 회사원입니다.",
          "summary": "나는 일반 회사원이다.",
          "date": "2022-09-07",
          "time": "08:43:32",
          "terminate": "false"
        },
        {
          "speaker": "speaker1",
          "personaID": "04981",
          "participantID": "25150",
          "utterance": "근데 거주지가 경기도라서 일하는 곳까지 출근하기 너무 오래 걸려요.",
          "summary": "나는 경기도에 거주한다. 나는 출근시간이 오래 걸린다.",
          "date": "2022-09-07",
          "time": "08:43:48",
          "terminate": "false"
        },
        {
          "speaker": "speaker2",
          "personaID": "04240",
          "participantID": "25124",
          "utterance": "인천으로 가시나요? 저는 2년 전에 인천으로 이사를 했어요.",
          "summary": "나는 2년 전에 인천으로 이사를 했다.",
          "date": "2022-09-07",
          "time": "08:44:33",
          "terminate": "false"
        },
        {
          "speaker": "speaker1",
          "personaID": "04981",
          "participantID": "25150",
          "utterance": "맞아요. 인천으로 가요. 그럼 인천에 살고계시겠네요?",
          "summary": "나는 인천으로 출근한다.",
          "date": "2022-09-07",
          "time": "08:44:52",
          "terminate": "false"
        },
        {
          "speaker": "speaker2",
          "personaID": "04240",
          "participantID": "25124",
          "utterance": "맞아요. 원래 저만 서울에 따로 일을 하고 있었는데 이사온 이후로는 가족들과 이야기를 많이 나눌수 있어서 좋아요.",
          "summary": "나는 이사를 온 이후로 가족들과 이야기를 많이 나눌 수 있어서 좋다.",
          "date": "2022-09-07",
          "time": "08:45:37",
          "terminate": "false"
        },
        {
          "speaker": "speaker1",
          "personaID": "04981",
          "participantID": "25150",
          "utterance": "좋으시겠어요! 지금 일 하고 계세요? 저는 출근중이에요.",
          "summary": "나는 출근 중이다.",
          "date": "2022-09-07",
          "time": "08:45:58",
          "terminate": "false"
        },
        {
          "speaker": "speaker2",
          "personaID": "04240",
          "participantID": "25124",
          "utterance": "저도 출근 중이에요. 지하철로 출근을 해서 저는 편하고 좋아요.",
          "summary": "나는 지하철로 출근을 하는 게 편하고 좋다.",
          "date": "2022-09-07",
          "time": "08:46:20",
          "terminate": "false"
        },
        {
          "speaker": "speaker1",
          "personaID": "04981",
          "participantID": "25150",
          "utterance": "출근시간 지하철은 사람 많이서 불편하지않으세요?",
          "summary": "나는 지하철이 불편하지 않은지 궁금하다.",
          "date": "2022-09-07",
          "time": "08:46:32",
          "terminate": "false"
        },
        {
          "speaker": "speaker2",
          "personaID": "04240",
          "participantID": "25124",
          "utterance": "저는 종점에 살아서 자리에서 앉아서 갈 수 있어서 크게 불편하지 않아요.",
          "summary": "나는 종점에 살아서 자리에 앉아서 갈 수 있다.",
          "date": "2022-09-07",
          "time": "08:46:48",
          "terminate": "false"
        },
        {
          "speaker": "speaker1",
          "personaID": "04981",
          "participantID": "25150",
          "utterance": "그럼 좋으시겠네요. sns보면 지하철에 이상한 사람들이 많던데 괜찮으세요?",
          "summary": "나는 sns 보면 지하철에 이상한 사람이 많아서 괜찮은지 궁금하다.",
          "date": "2022-09-07",
          "time": "08:46:59",
          "terminate": "false"
        },
        {
          "speaker": "speaker2",
          "personaID": "04240",
          "participantID": "25124",
          "utterance": "저는 아직 그런 일을 겪지 않았어요. 출근은 자동차로 하시죠?",
          "summary": "나는 아직 지하철에서 이상한 사람을 보는 일을 겪지 않았다.",
          "date": "2022-09-07",
          "time": "08:47:27",
          "terminate": "false"
        },
        {
          "speaker": "speaker1",
          "personaID": "04981",
          "participantID": "25150",
          "utterance": "다행이네요. 자동차로 출근해요. 아니면 너무 오래걸려요.",
          "summary": "나는 자동차를 타고 출근한다.",
          "date": "2022-09-07",
          "time": "08:47:43",
          "terminate": "false"
        },
        {
          "speaker": "speaker2",
          "personaID": "04240",
          "participantID": "25124",
          "utterance": "힘드실것 같아요. 이사를 하실 생각은 아예 없으신가요?",
          "summary": "나는 상대방이 출근하는 게 힘드실 것 같다.",
          "date": "2022-09-07",
          "time": "08:48:03",
          "terminate": "false"
        },
        {
          "speaker": "speaker1",
          "personaID": "04981",
          "participantID": "25150",
          "utterance": "네 힘들지만 일은 재밌어서 좋아요. 아직은 이사 할 생각이 없네요. 저는 이만 일 하러 가볼게요.",
          "summary": "나는 이사 생각이 없고 일이 재밌다.",
          "date": "2022-09-07",
          "time": "08:51:42",
          "terminate": "false"
        },
        {
          "speaker": "speaker2",
          "personaID": "04240",
          "participantID": "25124",
          "utterance": "네. 출근 안전하게 하시고 나중에 또 연락해요.",
          "summary": "",
          "date": "2022-09-07",
          "time": "08:51:57",
          "terminate": "true"
        }
      ],
      "sessionPersonaSummary": {
        "speaker1": [
          "나는 50대 여성이다.",
          "나는 항해사다.",
          "나는 경기도에 거주한다. 나는 출근시간이 오래 걸린다.",
          "나는 인천으로 출근한다.",
          "나는 출근 중이다.",
          "나는 지하철이 불편하지 않은지 궁금하다.",
          "나는 sns 보면 지하철에 이상한 사람이 많아서 괜찮은지 궁금하다.",
          "나는 자동차를 타고 출근한다.",
          "나는 이사 생각이 없고 일이 재밌다."
        ],
        "speaker2": [
          "나는 50대 남성이다.",
          "나는 일반 회사원이다.",
          "나는 2년 전에 인천으로 이사를 했다.",
          "나는 이사를 온 이후로 가족들과 이야기를 많이 나눌 수 있어서 좋다.",
          "나는 지하철로 출근을 하는 게 편하고 좋다.",
          "나는 종점에 살아서 자리에 앉아서 갈 수 있다.",
          "나는 아직 지하철에서 이상한 사람을 보는 일을 겪지 않았다.",
          "나는 상대방이 출근하는 게 힘드실 것 같다."
        ]
      },
      "prevAggregatedpersonaSummary": {
        "speaker1": [],
        "speaker2": []
      }
    },
    {
      "prevSessionID": "3-00411-1",
      "prevTimeInfo": {
        "timeNum": "8",
        "timeUnit": "시간"
      },
      "nthSession": "2",
      "numberOfUtterances": "16",
      "numberOfTurns": "8",
      "sessionID": "3-00411-2",
      "dialog": [
        {
          "speaker": "speaker1",
          "personaID": "04981",
          "participantID": "25150",
          "utterance": "드디어 일 끝났네요. 피곤해서 커피 한잔 마셔야겠어요.",
          "summary": "나는 일 끝나고 피곤해서 커피 한잔 마셔야겠다.",
          "date": "2022-09-07",
          "time": "08:52:00",
          "terminate": "false"
        },
        {
          "speaker": "speaker2",
          "personaID": "04240",
          "participantID": "25124",
          "utterance": "수고 하셨습니다. 저는 커피를 저녁에 마시면 잠을 못자요.",
          "summary": "나는 저녁에 커피를 마시면 잠을 못 잔다.",
          "date": "2022-09-07",
          "time": "08:52:18",
          "terminate": "false"
        },
        {
          "speaker": "speaker1",
          "personaID": "04981",
          "participantID": "25150",
          "utterance": "카페인이 몸에 잘 안맞나봐요. 저는 새벽에도 종종 커피를 마신답니다.",
          "summary": "나는 새벽에도 종종 커피를 마신다.",
          "date": "2022-09-07",
          "time": "08:52:41",
          "terminate": "false"
        },
        {
          "speaker": "speaker2",
          "personaID": "04240",
          "participantID": "25124",
          "utterance": "저도 가끔 늦은 시간에 커피를 마시고 싶은데 그러면 다음날 너무 힘들어서 참아요..",
          "summary": "나는 가끔 늦은 시간에 커피를 마시고 싶지만 참는다.",
          "date": "2022-09-07",
          "time": "08:52:59",
          "terminate": "false"
        },
        {
          "speaker": "speaker1",
          "personaID": "04981",
          "participantID": "25150",
          "utterance": "그럼 디카페인 커피도 많던데 그거는 어떠세요?",
          "summary": "나는 디카페인 커피를 추천한다.",
          "date": "2022-09-07",
          "time": "08:53:10",
          "terminate": "false"
        },
        {
          "speaker": "speaker2",
          "personaID": "04240",
          "participantID": "25124",
          "utterance": "그것도 별 소용이 없더라고요..그래서 저는 커피를 잘 받는 사람들에게 요즘, 가끔 질투가 나요.",
          "summary": "나는 커피를 잘 받는 사람들에게 가끔 질투가 난다.",
          "date": "2022-09-07",
          "time": "08:53:43",
          "terminate": "false"
        },
        {
          "speaker": "speaker1",
          "personaID": "04981",
          "participantID": "25150",
          "utterance": "그정도면 아예 카페인을 안마셔야하는거 아닌가요?",
          "summary": "",
          "date": "2022-09-07",
          "time": "08:53:45",
          "terminate": "false"
        },
        {
          "speaker": "speaker2",
          "personaID": "04240",
          "participantID": "25124",
          "utterance": "맞아요. 그래서 아침이 지나면 커피는 입에 대지도 않습니다. 아메리카노 좋아하세요?",
          "summary": "나는 아침이 지나면 커피는 입에 대지 않는다.",
          "date": "2022-09-07",
          "time": "08:54:23",
          "terminate": "false"
        },
        {
          "speaker": "speaker1",
          "personaID": "04981",
          "participantID": "25150",
          "utterance": "네. 저는 맨날 아메리카노만 마셔요. 커피 마실때는 뭐 드세요?",
          "summary": "나는 아메리카노만 마신다.",
          "date": "2022-09-07",
          "time": "08:54:26",
          "terminate": "false"
        },
        {
          "speaker": "speaker2",
          "personaID": "04240",
          "participantID": "25124",
          "utterance": "저도 아메리카노가 깔끔해서 제일 좋아요. 다른 커피는 제 입맛에는 크게 맛있지 않더군요.",
          "summary": "나는 아메리카노가 깔끔해서 제일 좋고 다른 커피는 입맛에 맞지 않는다.",
          "date": "2022-09-07",
          "time": "08:55:01",
          "terminate": "false"
        },
        {
          "speaker": "speaker1",
          "personaID": "04981",
          "participantID": "25150",
          "utterance": "근데 카페인이 걱정이라면 디카페인 라떼는 어떠세요?",
          "summary": "나는 디카페인 라테를 추천한다.",
          "date": "2022-09-07",
          "time": "08:55:25",
          "terminate": "false"
        },
        {
          "speaker": "speaker2",
          "personaID": "04240",
          "participantID": "25124",
          "utterance": "디카페인이 크게 효과가 있지 않아서 그냥 오전 커피로 만족해야죠 뭐..",
          "summary": "나는 디카페인이 크게 효과가 있지 않아서 오전 커피로 만족한다.",
          "date": "2022-09-07",
          "time": "08:55:51",
          "terminate": "false"
        },
        {
          "speaker": "speaker1",
          "personaID": "04981",
          "participantID": "25150",
          "utterance": "그렇군요. 그래도 아침 커피는 드실 수 있어서 다행이네요.",
          "summary": "",
          "date": "2022-09-07",
          "time": "08:56:12",
          "terminate": "false"
        },
        {
          "speaker": "speaker2",
          "personaID": "04240",
          "participantID": "25124",
          "utterance": "그러게나 말입니다. 그럼 저는 이제 일을 마무리 해야 겠어요.",
          "summary": "나는 일을 마무리할 것이다.",
          "date": "2022-09-07",
          "time": "08:56:24",
          "terminate": "false"
        },
        {
          "speaker": "speaker1",
          "personaID": "04981",
          "participantID": "25150",
          "utterance": "네. 화이팅입니다. 그럼 내일 연락드릴게요.",
          "summary": "나는 내일 연락할 것이다.",
          "date": "2022-09-07",
          "time": "08:56:31",
          "terminate": "false"
        },
        {
          "speaker": "speaker2",
          "personaID": "04240",
          "participantID": "25124",
          "utterance": "네. 수고 많으셨습니다.내일 연락 주세요.",
          "summary": "",
          "date": "2022-09-07",
          "time": "08:56:45",
          "terminate": "true"
        }
      ],
      "sessionPersonaSummary": {
        "speaker1": [
          "나는 일 끝나고 피곤해서 커피 한잔 마셔야겠다.",
          "나는 새벽에도 종종 커피를 마신다.",
          "나는 디카페인 커피를 추천한다.",
          "나는 아메리카노만 마신다.",
          "나는 디카페인 라테를 추천한다.",
          "나는 내일 연락할 것이다."
        ],
        "speaker2": [
          "나는 저녁에 커피를 마시면 잠을 못 잔다.",
          "나는 가끔 늦은 시간에 커피를 마시고 싶지만 참는다.",
          "나는 커피를 잘 받는 사람들에게 가끔 질투가 난다.",
          "나는 아침이 지나면 커피는 입에 대지 않는다.",
          "나는 아메리카노가 깔끔해서 제일 좋고 다른 커피는 입맛에 맞지 않는다.",
          "나는 디카페인이 크게 효과가 있지 않아서 오전 커피로 만족한다.",
          "나는 일을 마무리할 것이다."
        ]
      },
      "prevAggregatedpersonaSummary": {
        "speaker1": [
          "나는 50대 여성이다.",
          "나는 항해사다.",
          "나는 경기도에 거주한다. 나는 출근시간이 오래 걸린다.",
          "나는 인천으로 출근한다.",
          "나는 출근 중이다.",
          "나는 지하철이 불편하지 않은지 궁금하다.",
          "나는 sns 보면 지하철에 이상한 사람이 많아서 괜찮은지 궁금하다.",
          "나는 자동차를 타고 출근한다.",
          "나는 이사 생각이 없고 일이 재밌다."
        ],
        "speaker2": [
          "나는 50대 남성이다.",
          "나는 일반 회사원이다.",
          "나는 2년 전에 인천으로 이사를 했다.",
          "나는 이사를 온 이후로 가족들과 이야기를 많이 나눌 수 있어서 좋다.",
          "나는 지하철로 출근을 하는 게 편하고 좋다.",
          "나는 종점에 살아서 자리에 앉아서 갈 수 있다.",
          "나는 아직 지하철에서 이상한 사람을 보는 일을 겪지 않았다.",
          "나는 상대방이 출근하는 게 힘드실 것 같다."
        ]
      }
    },
    {
      "prevSessionID": "3-00411-2",
      "prevTimeInfo": {
        "timeNum": "1",
        "timeUnit": "일"
      },
      "nthSession": "3",
      "numberOfUtterances": "18",
      "numberOfTurns": "9",
      "sessionID": "3-00411-3",
      "dialog": [
        {
          "speaker": "speaker1",
          "personaID": "04981",
          "participantID": "25150",
          "utterance": "좋은 아침입니다. 뭐 하시고계세요?",
          "summary": "",
          "date": "2022-09-07",
          "time": "08:56:57",
          "terminate": "false"
        },
        {
          "speaker": "speaker2",
          "personaID": "04240",
          "participantID": "25124",
          "utterance": "저는 오늘은 출근하고 일이 적어서 여유롭게 인터넷 서핑을 하고 있습니다.",
          "summary": "나는 일이 적어서 인터넷 서핑을 하고 있다.",
          "date": "2022-09-07",
          "time": "08:57:33",
          "terminate": "false"
        },
        {
          "speaker": "speaker1",
          "personaID": "04981",
          "participantID": "25150",
          "utterance": "그렇군요. 저는 오늘 저는 항해사들 단체 사진을 찍는날이에요. 저는 사진 찍는게 짜증나요.",
          "summary": "나는 항해사 단체 사진 찍는 날인데 사진 찍는 게 짜증 난다.",
          "date": "2022-09-07",
          "time": "08:57:35",
          "terminate": "false"
        },
        {
          "speaker": "speaker2",
          "personaID": "04240",
          "participantID": "25124",
          "utterance": "사진을 찍히는것을 싫어하는 사람들이 많더라고요. 저는 너무 좋아요.",
          "summary": "나는 사진을 찍히는 게 너무 좋다.",
          "date": "2022-09-07",
          "time": "08:58:10",
          "terminate": "false"
        },
        {
          "speaker": "speaker1",
          "personaID": "04981",
          "participantID": "25150",
          "utterance": "저는 사진 찍히는거 오래 걸리고 요구하는 사항도 많아서 귀찮아서 싫어요.",
          "summary": "나는 사진 찍히는 게 오래 걸리고 귀찮아서 싫다.",
          "date": "2022-09-07",
          "time": "08:58:25",
          "terminate": "false"
        },
        {
          "speaker": "speaker2",
          "personaID": "04240",
          "participantID": "25124",
          "utterance": "제 아내도 그래서 사진을 찍고 찍히는걸 싫어해요.",
          "summary": "나의 아내도 사진을 찍고 찍히는 것을 싫어한다.",
          "date": "2022-09-07",
          "time": "08:58:40",
          "terminate": "false"
        },
        {
          "speaker": "speaker1",
          "personaID": "04981",
          "participantID": "25150",
          "utterance": "그러시군요. 그럼 아내분 사진은 별로 없으신가요?",
          "summary": "",
          "date": "2022-09-07",
          "time": "08:59:01",
          "terminate": "false"
        },
        {
          "speaker": "speaker2",
          "personaID": "04240",
          "participantID": "25124",
          "utterance": "그래도 제가 억지로 찍어서 사진이 적지는 않아요. 남편 분도 사진 찍히는것을 싫어하나요?",
          "summary": "나는 아내의 사진을 억지로 찍어서 아내의 사진이 적지 않다.",
          "date": "2022-09-07",
          "time": "08:59:26",
          "terminate": "false"
        },
        {
          "speaker": "speaker1",
          "personaID": "04981",
          "participantID": "25150",
          "utterance": "네 맞아요. 남편도 싫어해서 우리 둘 다 안찍어요. 인터넷 서핑은 뭐 하세요?",
          "summary": "나는 남편도 사진 찍히는 거 싫어해서 둘 다 안 찍는다.",
          "date": "2022-09-07",
          "time": "08:59:43",
          "terminate": "false"
        },
        {
          "speaker": "speaker2",
          "personaID": "04240",
          "participantID": "25124",
          "utterance": "그냥 가을 캠핑갈때 먹을 음식들을 좀 보고 있었어요.",
          "summary": "나는 캠핑 갈 때 먹을 음식을 보고 있다.",
          "date": "2022-09-07",
          "time": "08:59:57",
          "terminate": "false"
        },
        {
          "speaker": "speaker1",
          "personaID": "04981",
          "participantID": "25150",
          "utterance": "캠핑 재밌으시겠어요. 어디로 캠핑 가세요?",
          "summary": "나는 캠핑 가는 게 재밌을 거 같다.",
          "date": "2022-09-07",
          "time": "09:00:05",
          "terminate": "false"
        },
        {
          "speaker": "speaker2",
          "personaID": "04240",
          "participantID": "25124",
          "utterance": "아직 확실하게 정하지는 않았지만 너무 재밌을것 같아요. 캠핑 좋아하세요?",
          "summary": "나는 캠핑을 갈 곳을 정하지 않았지만 재밌을 것 같다.",
          "date": "2022-09-07",
          "time": "09:00:25",
          "terminate": "false"
        },
        {
          "speaker": "speaker1",
          "personaID": "04981",
          "participantID": "25150",
          "utterance": "저는 캠핑을 좋아하는데 일이 바빠서 잘 못가요. 가족끼리 가세요?",
          "summary": "나는 캠핑을 좋아하지만 일이 바빠서 잘 못 간다.",
          "date": "2022-09-07",
          "time": "09:00:37",
          "terminate": "false"
        },
        {
          "speaker": "speaker2",
          "personaID": "04240",
          "participantID": "25124",
          "utterance": "네. 가족 캠핑이에요. 아니면 가족 여행은 자주 가시나요?",
          "summary": "나는 가족 캠핑을 간다.",
          "date": "2022-09-07",
          "time": "09:01:01",
          "terminate": "false"
        },
        {
          "speaker": "speaker1",
          "personaID": "04981",
          "participantID": "25150",
          "utterance": "가족여행도 제가 바빠서 잘 못가는 편이에요. 그래도 일년에 한번은 꼭 가려고 노력해요.",
          "summary": "나는 일 년에 한 번은 꼭 여행 가려고 노력한다.",
          "date": "2022-09-07",
          "time": "09:01:21",
          "terminate": "false"
        },
        {
          "speaker": "speaker2",
          "personaID": "04240",
          "participantID": "25124",
          "utterance": "항해사라는 직업이 참 바쁜 직업이라 그런가봐요. 저는 이제 일을 좀 해야 겠네요.",
          "summary": "나는 일을 할 것이다.",
          "date": "2022-09-07",
          "time": "09:01:37",
          "terminate": "false"
        },
        {
          "speaker": "speaker1",
          "personaID": "04981",
          "participantID": "25150",
          "utterance": "네 맞아요. 오늘도 힘내세요. 그럼 안녕히계세요.",
          "summary": "",
          "date": "2022-09-07",
          "time": "09:01:44",
          "terminate": "false"
        },
        {
          "speaker": "speaker2",
          "personaID": "04240",
          "participantID": "25124",
          "utterance": "네. 참 즐거운 대화였어요. 오늘도 힘내시고 그럼 다음에 연락해요.",
          "summary": "",
          "date": "2022-09-07",
          "time": "09:02:01",
          "terminate": "true"
        }
      ],
      "sessionPersonaSummary": {
        "speaker1": [
          "나는 항해사 단체 사진 찍는 날인데 사진 찍는 게 짜증 난다.",
          "나는 사진 찍히는 게 오래 걸리고 귀찮아서 싫다.",
          "나는 남편도 사진 찍히는 거 싫어해서 둘 다 안 찍는다.",
          "나는 캠핑 가는 게 재밌을 거 같다.",
          "나는 캠핑을 좋아하지만 일이 바빠서 잘 못 간다.",
          "나는 일 년에 한 번은 꼭 여행 가려고 노력한다."
        ],
        "speaker2": [
          "나는 일이 적어서 인터넷 서핑을 하고 있다.",
          "나는 사진을 찍히는 게 너무 좋다.",
          "나의 아내도 사진을 찍고 찍히는 것을 싫어한다.",
          "나는 아내의 사진을 억지로 찍어서 아내의 사진이 적지 않다.",
          "나는 캠핑 갈 때 먹을 음식을 보고 있다.",
          "나는 캠핑을 갈 곳을 정하지 않았지만 재밌을 것 같다.",
          "나는 가족 캠핑을 간다.",
          "나는 일을 할 것이다."
        ]
      },
      "prevAggregatedpersonaSummary": {
        "speaker1": [
          "나는 50대 여성이다.",
          "나는 항해사다.",
          "나는 경기도에 거주한다. 나는 출근시간이 오래 걸린다.",
          "나는 인천으로 출근한다.",
          "나는 출근 중이다.",
          "나는 지하철이 불편하지 않은지 궁금하다.",
          "나는 sns 보면 지하철에 이상한 사람이 많아서 괜찮은지 궁금하다.",
          "나는 자동차를 타고 출근한다.",
          "나는 이사 생각이 없고 일이 재밌다.",
          "나는 일 끝나고 피곤해서 커피 한잔 마셔야겠다.",
          "나는 새벽에도 종종 커피를 마신다.",
          "나는 디카페인 커피를 추천한다.",
          "나는 아메리카노만 마신다.",
          "나는 디카페인 라테를 추천한다.",
          "나는 내일 연락할 것이다."
        ],
        "speaker2": [
          "나는 50대 남성이다.",
          "나는 일반 회사원이다.",
          "나는 2년 전에 인천으로 이사를 했다.",
          "나는 이사를 온 이후로 가족들과 이야기를 많이 나눌 수 있어서 좋다.",
          "나는 지하철로 출근을 하는 게 편하고 좋다.",
          "나는 종점에 살아서 자리에 앉아서 갈 수 있다.",
          "나는 아직 지하철에서 이상한 사람을 보는 일을 겪지 않았다.",
          "나는 상대방이 출근하는 게 힘드실 것 같다.",
          "나는 저녁에 커피를 마시면 잠을 못 잔다.",
          "나는 가끔 늦은 시간에 커피를 마시고 싶지만 참는다.",
          "나는 커피를 잘 받는 사람들에게 가끔 질투가 난다.",
          "나는 아침이 지나면 커피는 입에 대지 않는다.",
          "나는 아메리카노가 깔끔해서 제일 좋고 다른 커피는 입맛에 맞지 않는다.",
          "나는 디카페인이 크게 효과가 있지 않아서 오전 커피로 만족한다.",
          "나는 일을 마무리할 것이다."
        ]
      }
    }
  ]
}