{
  "FileInfo": {
    "filename": "K3-00251-CL41212-CP42315-02-05-S3.json",
    "sessionLevel": "3"
  },
  "participantsInfo": {
    "numberOfParticipants": "2",
    "speaker1": {
      "participantID": "3938",
      "gender": "여성",
      "age": "40대",
      "occupation": "사무직",
      "bPlace": "서울/경기/인천",
      "gPlace": "서울/경기/인천",
      "rPlace": "서울/경기/인천",
      "educationLevel": "대졸"
    },
    "speaker2": {
      "participantID": "4263",
      "gender": "여성",
      "age": "30대",
      "occupation": "학생",
      "bPlace": "부산/대구/울산/경상",
      "gPlace": "서울/경기/인천",
      "rPlace": "서울/경기/인천",
      "educationLevel": "대졸"
    }
  },
  "multisessionInfo": {
    "multisessionID": "3-00251"
  },
  "personaInfo": {
    "clInfo": {
      "personaID": "41212",
      "personaFeatures": [
        "나는 여자이다.",
        "나는 40대이다.",
        "나는 요즘, 모든 게 귀찮다",
        "나는 야구를 싫어한다",
        "나는 스포츠 TV를 좋아한다"
      ],
      "speakerType": "speaker1"
    },
    "cpInfo": {
      "personaID": "42315",
      "personaFeatures": [
        "나는 여자이다.",
        "나는 40대이다.",
        "나는 혈액형이 AB형이다",
        "나는 아들 쌍둥이가 있다",
        "나는 한식을 싫어한다"
      ],
      "speakerType": "speaker2"
    }
  },
  "topicInfo": {
    "topicID": "02-05",
    "topicType": "주거와 생활",
    "topicTitle": "청약"
  },
  "sessionInfo": [
    {
      "prevSessionID": null,
      "prevTimeInfo": {
        "timeNum": null,
        "timeUnit": null
      },
      "nthSession": "1",
      "numberOfUtterances": "14",
      "numberOfTurns": "7",
      "sessionID": "3-00251-1",
      "dialog": [
        {
          "speaker": "speaker1",
          "personaID": "41212",
          "participantID": "3938",
          "utterance": "안녕하세요 저는 40대 여성이에요. 끝까지 대화해요 ~",
          "summary": "40대 여성이다",
          "date": "2022-11-03",
          "time": "15:31:18",
          "terminate": "false"
        },
        {
          "speaker": "speaker2",
          "personaID": "42315",
          "participantID": "4263",
          "utterance": "안녕하세요 저는 40대 여성 ab형 이예요!",
          "summary": "나는 40대 여성이고, ab형이다.",
          "date": "2022-11-03",
          "time": "15:33:45",
          "terminate": "false"
        },
        {
          "speaker": "speaker1",
          "personaID": "41212",
          "participantID": "3938",
          "utterance": "네 반가워요. 저는 요즘 모든게  귀찮더라구요. 요즘 재밌는 일 있나요?",
          "summary": "나는 요즘 모든 게 귀찮다",
          "date": "2022-11-03",
          "time": "19:20:40",
          "terminate": "false"
        },
        {
          "speaker": "speaker2",
          "personaID": "42315",
          "participantID": "4263",
          "utterance": "딱히 없지만 쌍둥이 아들들이 그래도 좀 힘나게 해주네요. 애기들 밥하는게 귀찮긴하지많요. 그쪽도 아이 있으신가요?",
          "summary": "나는 쌍둥이 아들이 있다. 나는 애기들 밥하는 게 귀찮다.",
          "date": "2022-11-03",
          "time": "19:30:10",
          "terminate": "false"
        },
        {
          "speaker": "speaker1",
          "personaID": "41212",
          "participantID": "3938",
          "utterance": "네 저도 남자 아이 하나 있어요. 쌍둥이면 진짜 힘들겠네요. 그래도 너무 귀여울꺼 같아요. ㅋㅋ 저녁 식사 하셨나요?",
          "summary": "나는 남자아이 하나가 있다",
          "date": "2022-11-03",
          "time": "19:36:41",
          "terminate": "false"
        },
        {
          "speaker": "speaker2",
          "personaID": "42315",
          "participantID": "4263",
          "utterance": "요즘 위염 생겨서 밥은 간단하게 소식중이예요. 저는 원래 한식 싫어해서 대부분 빵식하는데 아파서 계속 죽먹으려니 고역이네요ㅜㅜ",
          "summary": "나는 요즘 위염이 있어서 소식 중이다. 나는 한식을 싫어해서 빵식을 자주 한다.",
          "date": "2022-11-03",
          "time": "19:41:32",
          "terminate": "false"
        },
        {
          "speaker": "speaker1",
          "personaID": "41212",
          "participantID": "3938",
          "utterance": "저도 빵 좋아하긴하는데 식사 로 먹으면 왠지 허전해서 밥 먹게 되더라구요.  쾌차하셔요~ 취미가 있으신가요?",
          "summary": "나는 빵보단 밥을 좋아한다",
          "date": "2022-11-03",
          "time": "19:52:29",
          "terminate": "false"
        },
        {
          "speaker": "speaker2",
          "personaID": "42315",
          "participantID": "4263",
          "utterance": "저는 뜨개질 좋아해요! 애기들 옷입히는 것도 좋고 남들이 가지지 못한 무언가를 저만 가질 수 있다는 메리트가 좋아요. 취미 있으신가요?",
          "summary": "나는 뜨개질을 좋아한다. 나는 애기들 옷 입히는 것을 좋아한다.",
          "date": "2022-11-03",
          "time": "19:55:45",
          "terminate": "false"
        },
        {
          "speaker": "speaker1",
          "personaID": "41212",
          "participantID": "3938",
          "utterance": "금손이시네요. 전 만들기는 잘 못하겠떠라구요. 영화랑 드라마 보는거 젤 좋아하는거 같아요.",
          "summary": "나는 만들기는 잘 못하겠다. 나는 영화랑 드라마 보는 것을 좋아한다",
          "date": "2022-11-03",
          "time": "20:00:35",
          "terminate": "false"
        },
        {
          "speaker": "speaker2",
          "personaID": "42315",
          "participantID": "4263",
          "utterance": "오 어떤장르 좋아하세요? 저는 제 취향 채널이나 영상들을 안본지 꽤 된거같아요 맨날 애기들 프로그램 본다고..",
          "summary": "",
          "date": "2022-11-03",
          "time": "20:01:36",
          "terminate": "false"
        },
        {
          "speaker": "speaker1",
          "personaID": "41212",
          "participantID": "3938",
          "utterance": "잔스릴러 영화는 거의 다 보는 편이에요. 너무 좋아해요. 반전있고 추리하는게 그렇게 잼나더라구요.",
          "summary": "나는 잔 스릴러 영화를 좋아한다 나는 반전 있고 추리하는 게 재미있다.",
          "date": "2022-11-03",
          "time": "20:08:59",
          "terminate": "false"
        },
        {
          "speaker": "speaker2",
          "personaID": "42315",
          "participantID": "4263",
          "utterance": "반전 추리 재밌죠! 어렸을 때 추리관련 책을 진짜 많이 읽었었는데 말이죠.. 요즘엔 오히려 보면 좀 심장떨리더라구요 진짜 일어날까봐.. 귀신보다 무서운게 사람인지라",
          "summary": "나는 반전 추리가 재밌다. 나는 어렸을 때 추리 관련 책을 많이 읽었다.",
          "date": "2022-11-03",
          "time": "20:28:39",
          "terminate": "false"
        },
        {
          "speaker": "speaker1",
          "personaID": "41212",
          "participantID": "3938",
          "utterance": "저도 사람이 젤 무섭다 생각해요. 저는 스포츠 tv를 좋아해요 좋아하는 스포츠 있으세요?",
          "summary": "나는 사람이 젤 무섭다고 생각한다. 스포츠 tv를 좋아한다",
          "date": "2022-11-03",
          "time": "20:36:08",
          "terminate": "false"
        },
        {
          "speaker": "speaker2",
          "personaID": "42315",
          "participantID": "4263",
          "utterance": "축구 좋아했는데 사고나서 안타깝죠.. 지금 자러가기전네 리플레이 좀 더 봐야겠어요. 잘자요!",
          "summary": "나는 축구를 좋아한다.",
          "date": "2022-11-03",
          "time": "22:44:56",
          "terminate": "true"
        }
      ],
      "sessionPersonaSummary": {
        "speaker1": [
          "40대 여성이다",
          "나는 요즘 모든 게 귀찮다",
          "나는 남자아이 하나가 있다",
          "나는 빵보단 밥을 좋아한다",
          "나는 만들기는 잘 못하겠다. 나는 영화랑 드라마 보는 것을 좋아한다",
          "나는 잔 스릴러 영화를 좋아한다 나는 반전 있고 추리하는 게 재미있다.",
          "나는 사람이 젤 무섭다고 생각한다. 스포츠 tv를 좋아한다"
        ],
        "speaker2": [
          "나는 40대 여성이고, ab형이다.",
          "나는 쌍둥이 아들이 있다. 나는 애기들 밥하는 게 귀찮다.",
          "나는 요즘 위염이 있어서 소식 중이다. 나는 한식을 싫어해서 빵식을 자주 한다.",
          "나는 뜨개질을 좋아한다. 나는 애기들 옷 입히는 것을 좋아한다.",
          "나는 반전 추리가 재밌다. 나는 어렸을 때 추리 관련 책을 많이 읽었다.",
          "나는 축구를 좋아한다."
        ]
      },
      "prevAggregatedpersonaSummary": {
        "speaker1": [],
        "speaker2": []
      }
    },
    {
      "prevSessionID": "3-00251-1",
      "prevTimeInfo": {
        "timeNum": "9",
        "timeUnit": "일"
      },
      "nthSession": "2",
      "numberOfUtterances": "14",
      "numberOfTurns": "7",
      "sessionID": "3-00251-2",
      "dialog": [
        {
          "speaker": "speaker1",
          "personaID": "41212",
          "participantID": "3938",
          "utterance": "우리 대화한지 9일이 되었네요. 그동안 잘 지내셨죠? 부쩍 추워졌녜요 아들 쌍둥이들은 잘 지내죠?\n",
          "summary": "",
          "date": "2022-11-04",
          "time": "16:06:07",
          "terminate": "false"
        },
        {
          "speaker": "speaker2",
          "personaID": "42315",
          "participantID": "4263",
          "utterance": "아유 감기걸릴뻔했어요 무슨 9일만에 날씨가 이리 변했대요",
          "summary": "나는 감기 걸릴뻔했다.",
          "date": "2022-11-04",
          "time": "16:15:44",
          "terminate": "false"
        },
        {
          "speaker": "speaker1",
          "personaID": "41212",
          "participantID": "3938",
          "utterance": "그러게 말이여요. 주택 청약 저축 가지고 계신가요?",
          "summary": "",
          "date": "2022-11-04",
          "time": "16:20:33",
          "terminate": "false"
        },
        {
          "speaker": "speaker2",
          "personaID": "42315",
          "participantID": "4263",
          "utterance": "예 제 남편이 청약 하고 있어요. 아직도 제집이 없이 전세살이만하네요 ㅜㅜ",
          "summary": "나는 남편이 청약하고 있다. 나는 전세로 살고 있다.",
          "date": "2022-11-04",
          "time": "16:52:00",
          "terminate": "false"
        },
        {
          "speaker": "speaker1",
          "personaID": "41212",
          "participantID": "3938",
          "utterance": "저도 아직 집 없어요. 청약 저축 몇년차인가요? 이걸 사용할 수 있을 날이 있을지 지금 상황 보면 답이 없네요.",
          "summary": "나는 아직 집이 없다",
          "date": "2022-11-04",
          "time": "16:53:19",
          "terminate": "false"
        },
        {
          "speaker": "speaker2",
          "personaID": "42315",
          "participantID": "4263",
          "utterance": "저는 잘 모르겠어요. 결혼전부터 했다고 알고있는데 저는 결혼전까지 부모님이랑 같이 살아서 자격이 안된다 하더라구요",
          "summary": "나는 결혼 전가지 부모님이랑 같이 살았다.",
          "date": "2022-11-04",
          "time": "16:54:52",
          "terminate": "false"
        },
        {
          "speaker": "speaker1",
          "personaID": "41212",
          "participantID": "3938",
          "utterance": "네 , 저도 청약해본적은없어서 청약에 대해 지식이 없네요. 부동산 공부 따로 하시나요?",
          "summary": "나는 청약에 대한 지식이 없다",
          "date": "2022-11-04",
          "time": "16:57:08",
          "terminate": "false"
        },
        {
          "speaker": "speaker2",
          "personaID": "42315",
          "participantID": "4263",
          "utterance": "부끄럽지만 잘 모르네요 ㅜ 요즘 금리가 높아서 대출힘들고 집값이 반토막 나고 있다는 것만 알고있어요",
          "summary": "나는 금리가 높아서 대출이 힘들고 집값이 반토막 나고 있다는 것만 알고 있다.",
          "date": "2022-11-04",
          "time": "16:57:48",
          "terminate": "false"
        },
        {
          "speaker": "speaker1",
          "personaID": "41212",
          "participantID": "3938",
          "utterance": "작년부터 청약 넣으려고 여러군데 알아보기는 했었느데 다 경쟁률이 엄청나서 못했거든요.. 지금 보면 다행인거 같기도 하구요. 어느 지역에 사세요?",
          "summary": "나는 작년부터 청약 넣으려고 했느냐 못했다",
          "date": "2022-11-04",
          "time": "16:59:31",
          "terminate": "false"
        },
        {
          "speaker": "speaker2",
          "personaID": "42315",
          "participantID": "4263",
          "utterance": "저희는 과천에 살아요. 비싸기는 한데 남편 회사 근처로 자리를 잡았어요.  과천 청약이 최소 2년 거주인데 훨씬 넘기는 해서 기대해보고있습니다. 인덕원쪽도 노려볼 수 있대요",
          "summary": "나는 과천에 살고, 남편 회사 근처에 살고 있다.",
          "date": "2022-11-04",
          "time": "17:01:08",
          "terminate": "false"
        },
        {
          "speaker": "speaker1",
          "personaID": "41212",
          "participantID": "3938",
          "utterance": "저는 용인 살아요.  미리 많이 봐두야 될꺼 같긴하더라구요. 저도 청약관심 갖은지는 오래 되지 않았어요. 용인지역은 딱히 괜찮은 아파트가 없더라구요. 과천은 엄청 인기지역 아닌가요? ",
          "summary": "나는 용인 산다. 청약 관심 가진 지 얼마 안 됐다.",
          "date": "2022-11-04",
          "time": "17:02:37",
          "terminate": "false"
        },
        {
          "speaker": "speaker2",
          "personaID": "42315",
          "participantID": "4263",
          "utterance": "최근에 인기지역이지만 2년 거주를 채우는 사람이 많이 없기도 해서 생각보다 핫하지만 많이ㅜ지원하지 않더라구요.",
          "summary": "",
          "date": "2022-11-04",
          "time": "17:03:28",
          "terminate": "false"
        },
        {
          "speaker": "speaker1",
          "personaID": "41212",
          "participantID": "3938",
          "utterance": "그런가요? 엄청 경쟁률 높은걸로 알고 있었는데.. 근데 지금 금리 떄문에 아파트값을 예측할 수가 없어서 청약시장도 불안하긴 하네요.",
          "summary": "",
          "date": "2022-11-04",
          "time": "17:39:46",
          "terminate": "false"
        },
        {
          "speaker": "speaker2",
          "personaID": "42315",
          "participantID": "4263",
          "utterance": "남편하고 좀더 대화해봐야겠어요. 오늘 이야기재밌었어요!",
          "summary": "",
          "date": "2022-11-04",
          "time": "20:10:02",
          "terminate": "true"
        }
      ],
      "sessionPersonaSummary": {
        "speaker1": [
          "나는 아직 집이 없다",
          "나는 청약에 대한 지식이 없다",
          "나는 작년부터 청약 넣으려고 했느냐 못했다",
          "나는 용인 산다. 청약 관심 가진 지 얼마 안 됐다."
        ],
        "speaker2": [
          "나는 감기 걸릴뻔했다.",
          "나는 남편이 청약하고 있다. 나는 전세로 살고 있다.",
          "나는 결혼 전가지 부모님이랑 같이 살았다.",
          "나는 금리가 높아서 대출이 힘들고 집값이 반토막 나고 있다는 것만 알고 있다.",
          "나는 과천에 살고, 남편 회사 근처에 살고 있다."
        ]
      },
      "prevAggregatedpersonaSummary": {
        "speaker1": [
          "40대 여성이다",
          "나는 요즘 모든 게 귀찮다",
          "나는 남자아이 하나가 있다",
          "나는 빵보단 밥을 좋아한다",
          "나는 만들기는 잘 못하겠다. 나는 영화랑 드라마 보는 것을 좋아한다",
          "나는 잔 스릴러 영화를 좋아한다 나는 반전 있고 추리하는 게 재미있다.",
          "나는 사람이 젤 무섭다고 생각한다. 스포츠 tv를 좋아한다"
        ],
        "speaker2": [
          "나는 40대 여성이고, ab형이다.",
          "나는 쌍둥이 아들이 있다. 나는 애기들 밥하는 게 귀찮다.",
          "나는 요즘 위염이 있어서 소식 중이다. 나는 한식을 싫어해서 빵식을 자주 한다.",
          "나는 뜨개질을 좋아한다. 나는 애기들 옷 입히는 것을 좋아한다.",
          "나는 반전 추리가 재밌다. 나는 어렸을 때 추리 관련 책을 많이 읽었다.",
          "나는 축구를 좋아한다."
        ]
      }
    },
    {
      "prevSessionID": "3-00251-2",
      "prevTimeInfo": {
        "timeNum": "6",
        "timeUnit": "주"
      },
      "nthSession": "3",
      "numberOfUtterances": "14",
      "numberOfTurns": "7",
      "sessionID": "3-00251-3",
      "dialog": [
        {
          "speaker": "speaker1",
          "personaID": "41212",
          "participantID": "3938",
          "utterance": "벌써 대화한지 6주가 지났네요. 그동안 잘 지내나요?",
          "summary": "",
          "date": "2022-11-04",
          "time": "21:48:04",
          "terminate": "false"
        },
        {
          "speaker": "speaker2",
          "personaID": "42315",
          "participantID": "4263",
          "utterance": "어우 한달반이나 지났네요 완전 정신없었어요. 아파트단지에 배달 기사들 배치문제 때문에 싸움났었어요ㅜ",
          "summary": "나는 바빠서 정신이 없었다. 나는 아파트 단지에 배달 기사들 배치 문제 때문에 싸움이 났다.",
          "date": "2022-11-04",
          "time": "22:00:44",
          "terminate": "false"
        },
        {
          "speaker": "speaker1",
          "personaID": "41212",
          "participantID": "3938",
          "utterance": "그런일이 있었군요. 금요일인데 맛있는거 드셨어요? 지금 살고 있는 지역은 생활에 만족 하세요?",
          "summary": "",
          "date": "2022-11-04",
          "time": "22:21:22",
          "terminate": "false"
        },
        {
          "speaker": "speaker2",
          "personaID": "42315",
          "participantID": "4263",
          "utterance": "저는 아직도 음식 조심하고있어요ㅜ 만성위염될까 무섭네요 여기는 마트가기 귀찮은것과 음식점이 한정적인게 조금 아쉽기는하죠",
          "summary": "나는 음식 조심하고 있다. 만성위염이 될까 봐 무섭다. 나는 마트 가기 귀찮고, 음식점이 한정적인 게 아쉽다.",
          "date": "2022-11-04",
          "time": "22:46:40",
          "terminate": "false"
        },
        {
          "speaker": "speaker1",
          "personaID": "41212",
          "participantID": "3938",
          "utterance": "이사갈때 가장 중요하게 고려하는 거주 환경이 있나요? 저는 반려견을 키워서 주변에 공원이 있는지가,  동물도 살기 좋은 동네인지가 중요하더라구요.",
          "summary": "나는 반려견을 키워서 공원이 있는지 동물도 살기 좋은 동네인지를 확인한다",
          "date": "2022-11-04",
          "time": "23:06:51",
          "terminate": "false"
        },
        {
          "speaker": "speaker2",
          "personaID": "42315",
          "participantID": "4263",
          "utterance": "저는 마트와 식당이 근처에 있는지 치안이 좋은지 유흥시설이 적은지 등을 보게되는거같아요. 역세권이나 학교도 중요한거같구요 공원 진짜 중요하죠 사람한테도 동물한테도",
          "summary": "나는 마트와 식당이 근처에 있는지 치안이 좋은지 유흥시설이 적은 지 등을 보게 된다. 나는 공원도 중요하다고 생각한다.",
          "date": "2022-11-05",
          "time": "01:58:32",
          "terminate": "false"
        },
        {
          "speaker": "speaker1",
          "personaID": "41212",
          "participantID": "3938",
          "utterance": "네 저는 운전 못해서 교통편 잘되 있는곳을 선호하는 편이에요. 근데 요즘 집값이 빠졌다고 하는데도 사려고 보면 너무 비싸더라구요.",
          "summary": "나는 운전을 못해서 교통편 잘된 곳을 선호한다.",
          "date": "2022-11-05",
          "time": "02:26:54",
          "terminate": "false"
        },
        {
          "speaker": "speaker2",
          "personaID": "42315",
          "participantID": "4263",
          "utterance": "맞아요 아직 대출도 안풀리고 제 지인들 영끌해서 샀다가 이자 갚고 집값 떨어져서 죽겠다고 하네요ㅜ 청약 풀린다는 소식 없나요 그쪽은?",
          "summary": "나의 지인들 영 끌 해서 샀다가 이자 갚고 집값 떨어져서 죽겠다고 한다.",
          "date": "2022-11-05",
          "time": "09:10:33",
          "terminate": "false"
        },
        {
          "speaker": "speaker1",
          "personaID": "41212",
          "participantID": "3938",
          "utterance": "저희지역은 내년에나 있을꺼 같아요. 근데 지금 당장은 집값이 떨어지고 있어서 매리트가 있을지 모르겠네요.",
          "summary": "",
          "date": "2022-11-05",
          "time": "17:51:24",
          "terminate": "false"
        },
        {
          "speaker": "speaker2",
          "personaID": "42315",
          "participantID": "4263",
          "utterance": "지금은 함부로 청약 넣는 것도 조심해야할거같아요. 대출하기도 힘든 와중에 너무 분양가가 쎈 청약들만 나오고 있어서 덜컥 당첨됐다 낭패볼수도..",
          "summary": "나는 함부로 청약 넣는 것도 조심해야 할 거 같다.",
          "date": "2022-11-05",
          "time": "19:43:22",
          "terminate": "false"
        },
        {
          "speaker": "speaker1",
          "personaID": "41212",
          "participantID": "3938",
          "utterance": "그러니까요 청약 됐다가 당첨 되도 진짜 고민될꺼 같긴하네요. 이래도 걱정 저래도 걱정이네요.",
          "summary": "",
          "date": "2022-11-06",
          "time": "15:02:05",
          "terminate": "false"
        },
        {
          "speaker": "speaker2",
          "personaID": "42315",
          "participantID": "4263",
          "utterance": "그니까요 남편도 저한테 함부로 혼자 청약하지ㅜ말라고 하네요. 이해는 되면서 왜이리 내 집 마련이 이렇게 힘들줄이야..",
          "summary": "나는 내 집 마련이 이리 힘들 줄 몰랐다.",
          "date": "2022-11-06",
          "time": "23:18:24",
          "terminate": "false"
        },
        {
          "speaker": "speaker1",
          "personaID": "41212",
          "participantID": "3938",
          "utterance": "저도 당분간 청약안쓸꺼 같아서 해지해야하나 고민중이에요. 정부에서 뭔가 대책 있기를 ㅠㅠ",
          "summary": "나는 청약 해지할까 고민 중이다\n",
          "date": "2022-11-07",
          "time": "01:01:56",
          "terminate": "false"
        },
        {
          "speaker": "speaker2",
          "personaID": "42315",
          "participantID": "4263",
          "utterance": "그러게요 정부가 조금 발벗고 나서서 지원금좀 뿌리면 얼마나 좋을까요... 다들 열심히 현생 삽시다ㅜ 먼저 들어가볼께요ㅜ",
          "summary": "",
          "date": "2022-11-07",
          "time": "15:57:40",
          "terminate": "true"
        }
      ],
      "sessionPersonaSummary": {
        "speaker1": [
          "나는 반려견을 키워서 공원이 있는지 동물도 살기 좋은 동네인지를 확인한다",
          "나는 운전을 못해서 교통편 잘된 곳을 선호한다.",
          "나는 청약 해지할까 고민 중이다\n"
        ],
        "speaker2": [
          "나는 바빠서 정신이 없었다. 나는 아파트 단지에 배달 기사들 배치 문제 때문에 싸움이 났다.",
          "나는 음식 조심하고 있다. 만성위염이 될까 봐 무섭다.",
          "나는 마트 가기 귀찮고, 음식점이 한정적인 게 아쉽다.",
          "나는 마트와 식당이 근처에 있는지 치안이 좋은지 유흥시설이 적은 지 등을 보게 된다.",
          "나는 공원도 중요하다고 생각한다.",
          "나의 지인들 영 끌 해서 샀다가 이자 갚고 집값 떨어져서 죽겠다고 한다.",
          "나는 함부로 청약 넣는 것도 조심해야 할 거 같다.",
          "나는 내 집 마련이 이리 힘들 줄 몰랐다."
        ]
      },
      "prevAggregatedpersonaSummary": {
        "speaker1": [
          "40대 여성이다",
          "나는 요즘 모든 게 귀찮다",
          "나는 남자아이 하나가 있다",
          "나는 빵보단 밥을 좋아한다",
          "나는 만들기는 잘 못하겠다. 나는 영화랑 드라마 보는 것을 좋아한다",
          "나는 잔 스릴러 영화를 좋아한다 나는 반전 있고 추리하는 게 재미있다.",
          "나는 사람이 젤 무섭다고 생각한다. 스포츠 tv를 좋아한다",
          "나는 아직 집이 없다",
          "나는 청약에 대한 지식이 없다",
          "나는 작년부터 청약 넣으려고 했느냐 못했다",
          "나는 용인 산다. 청약 관심 가진 지 얼마 안 됐다."
        ],
        "speaker2": [
          "나는 40대 여성이고, ab형이다.",
          "나는 쌍둥이 아들이 있다. 나는 애기들 밥하는 게 귀찮다.",
          "나는 요즘 위염이 있어서 소식 중이다. 나는 한식을 싫어해서 빵식을 자주 한다.",
          "나는 뜨개질을 좋아한다. 나는 애기들 옷 입히는 것을 좋아한다.",
          "나는 반전 추리가 재밌다. 나는 어렸을 때 추리 관련 책을 많이 읽었다.",
          "나는 축구를 좋아한다.",
          "나는 감기 걸릴뻔했다.",
          "나는 남편이 청약하고 있다. 나는 전세로 살고 있다.",
          "나는 결혼 전가지 부모님이랑 같이 살았다.",
          "나는 금리가 높아서 대출이 힘들고 집값이 반토막 나고 있다는 것만 알고 있다.",
          "나는 과천에 살고, 남편 회사 근처에 살고 있다."
        ]
      }
    }
  ]
}