{
  "FileInfo": {
    "filename": "K3-00383-CL00453-CP02882-18-09-S3.json",
    "sessionLevel": "3"
  },
  "participantsInfo": {
    "numberOfParticipants": "2",
    "speaker1": {
      "participantID": "1909",
      "gender": "남성",
      "age": "40대",
      "occupation": "판매직",
      "bPlace": "서울/경기/인천",
      "gPlace": "서울/경기/인천",
      "rPlace": "서울/경기/인천",
      "educationLevel": "대졸"
    },
    "speaker2": {
      "participantID": "1919",
      "gender": "여성",
      "age": "30대",
      "occupation": "무직",
      "bPlace": "서울/경기/인천",
      "gPlace": "서울/경기/인천",
      "rPlace": "서울/경기/인천",
      "educationLevel": "대학원졸"
    }
  },
  "multisessionInfo": {
    "multisessionID": "3-00383"
  },
  "personaInfo": {
    "clInfo": {
      "personaID": "00453",
      "personaFeatures": [
        "나는 남자이다.",
        "나는 40대이다.",
        "나는 점심에 인터넷 쇼핑을 한다.",
        "나는 야구를 좋아한다.",
        "나는 치킨을 즐겨 먹는다."
      ],
      "speakerType": "speaker1"
    },
    "cpInfo": {
      "personaID": "02882",
      "personaFeatures": [
        "나는 여자이다.",
        "나는 30대이다.",
        "나의 거주지는 서울이다.",
        "나는 다림질하는 게 괴롭다.",
        "나는 눈치가 없는 편이다."
      ],
      "speakerType": "speaker2"
    }
  },
  "topicInfo": {
    "topicID": "18-09",
    "topicType": "상거래 전반",
    "topicTitle": "교환/환불"
  },
  "sessionInfo": [
    {
      "prevSessionID": null,
      "prevTimeInfo": {
        "timeNum": null,
        "timeUnit": null
      },
      "nthSession": "1",
      "numberOfUtterances": "16",
      "numberOfTurns": "8",
      "sessionID": "3-00383-1",
      "dialog": [
        {
          "speaker": "speaker1",
          "personaID": "00453",
          "participantID": "1909",
          "utterance": "안녕하세요ㅎㅎ야구를 좋아하는 40대 남자입니다. 반가워요.",
          "summary": "나는 40대 남자이다. 나는 야구를 좋아한다.",
          "date": "2022-09-05",
          "time": "17:02:56",
          "terminate": "false"
        },
        {
          "speaker": "speaker2",
          "personaID": "02882",
          "participantID": "1919",
          "utterance": "안녕하세요? 저는 서울에 거주하고 있는 30대 여성이에요~^^",
          "summary": "나는 30대 여성이다. 나의 거주지는 서울이다.",
          "date": "2022-09-05",
          "time": "17:03:21",
          "terminate": "false"
        },
        {
          "speaker": "speaker1",
          "personaID": "00453",
          "participantID": "1909",
          "utterance": "저도 서울 사는데ㅎㅎ반가워요. 혹시 야구 좋아하시나요?",
          "summary": "",
          "date": "2022-09-05",
          "time": "17:03:33",
          "terminate": "false"
        },
        {
          "speaker": "speaker2",
          "personaID": "02882",
          "participantID": "1919",
          "utterance": "같은 지역분이시군요!ㅎㅎ 아뇨 야구는 제가 전혀 몰라서..좋아하시나봐요!",
          "summary": "나는 야구에 대해 문외한이다.",
          "date": "2022-09-05",
          "time": "17:04:05",
          "terminate": "false"
        },
        {
          "speaker": "speaker1",
          "personaID": "00453",
          "participantID": "1909",
          "utterance": "아쉽네요! ㅋㅋㅋ네 야구 좋아해요ㅎㅎ다른 스포츠는요?",
          "summary": "",
          "date": "2022-09-05",
          "time": "17:04:21",
          "terminate": "false"
        },
        {
          "speaker": "speaker2",
          "personaID": "02882",
          "participantID": "1919",
          "utterance": "축구 좋아하는 편이에요!ㅋㅋ잘 모르는데 왜..그 응원하게 되는 들끓는 붉은악마!!알죠?ㅋㅋㅋㅋㅋㅋ.",
          "summary": "나는 축구를 좋아한다.",
          "date": "2022-09-05",
          "time": "17:04:59",
          "terminate": "false"
        },
        {
          "speaker": "speaker1",
          "personaID": "00453",
          "participantID": "1909",
          "utterance": "ㅋㅋㅋ뭔지 알아요. 곧 있으면 벌써 월드컵인데, 알고 있나요 ?ㅋㅋ.",
          "summary": "",
          "date": "2022-09-05",
          "time": "17:05:29",
          "terminate": "false"
        },
        {
          "speaker": "speaker2",
          "personaID": "02882",
          "participantID": "1919",
          "utterance": "헐..월드컵이 있나요? 요즘 축구선수는 @이름1@선수 말고는 몰라서 제가 몰랐나봐요ㅠㅠ.",
          "summary": "나는 월드컵 개최 일정을 모르고 있었다.",
          "date": "2022-09-05",
          "time": "17:05:53",
          "terminate": "false"
        },
        {
          "speaker": "speaker1",
          "personaID": "00453",
          "participantID": "1909",
          "utterance": "ㅎㅎㅎ곧 있으면 카타르 월드컵이에요! 같이 응원해야죠. 일은 어떤거 하세요?",
          "summary": "",
          "date": "2022-09-05",
          "time": "17:06:21",
          "terminate": "false"
        },
        {
          "speaker": "speaker2",
          "personaID": "02882",
          "participantID": "1919",
          "utterance": "저는 백화점에서 명품관에서 판매원으로 일하고 있어요~!",
          "summary": "나는 백화점 판매원이다.",
          "date": "2022-09-05",
          "time": "17:06:47",
          "terminate": "false"
        },
        {
          "speaker": "speaker1",
          "personaID": "00453",
          "participantID": "1909",
          "utterance": "오ㅎㅎ멋지네요. 일하면서 장단점이 있을까요? 있다면 알려주세요.",
          "summary": "",
          "date": "2022-09-05",
          "time": "17:07:09",
          "terminate": "false"
        },
        {
          "speaker": "speaker2",
          "personaID": "02882",
          "participantID": "1919",
          "utterance": "매일 유니폼을 입어야 한다는게 장점이자 단점인 것 같아요! 매번 다림질 하는게 정말 괴롭거든요ㅠㅠ.",
          "summary": "나는 다림질하는 게 괴롭다.",
          "date": "2022-09-05",
          "time": "17:07:32",
          "terminate": "false"
        },
        {
          "speaker": "speaker1",
          "personaID": "00453",
          "participantID": "1909",
          "utterance": "ㅋㅋㅋㅋ다림질 손 많이 가죠 ㅠㅠ진상손님도 있나요 ?ㅠ.",
          "summary": "",
          "date": "2022-09-05",
          "time": "17:07:53",
          "terminate": "false"
        },
        {
          "speaker": "speaker2",
          "personaID": "02882",
          "participantID": "1919",
          "utterance": "어휴 그럼요~ 말해 뭐해요..정말 진상은 가지각색 다양해요..",
          "summary": "",
          "date": "2022-09-05",
          "time": "17:08:13",
          "terminate": "false"
        },
        {
          "speaker": "speaker1",
          "personaID": "00453",
          "participantID": "1909",
          "utterance": "역시 어딜가나 진상은 존재하는군요ㅡㅡ저 잠깐 일이 생겨서 다녀오겠습니다~!",
          "summary": "",
          "date": "2022-09-05",
          "time": "17:08:38",
          "terminate": "false"
        },
        {
          "speaker": "speaker2",
          "personaID": "02882",
          "participantID": "1919",
          "utterance": "그럼요.. 정말 없는곳은 없는것 같아요 ㅠㅠ 잘 다녀오세요!",
          "summary": "",
          "date": "2022-09-05",
          "time": "17:08:51",
          "terminate": "true"
        }
      ],
      "sessionPersonaSummary": {
        "speaker1": [
          "나는 40대 남자이다. 나는 야구를 좋아한다."
        ],
        "speaker2": [
          "나는 30대 여성이다. 나의 거주지는 서울이다.",
          "나는 야구에 대해 문외한이다.",
          "나는 축구를 좋아한다.",
          "나는 월드컵 개최 일정을 모르고 있었다.",
          "나는 백화점 판매원이다.",
          "나는 다림질하는 게 괴롭다."
        ]
      },
      "prevAggregatedpersonaSummary": {
        "speaker1": [],
        "speaker2": []
      }
    },
    {
      "prevSessionID": "3-00383-1",
      "prevTimeInfo": {
        "timeNum": "1",
        "timeUnit": "일"
      },
      "nthSession": "2",
      "numberOfUtterances": "14",
      "numberOfTurns": "7",
      "sessionID": "3-00383-2",
      "dialog": [
        {
          "speaker": "speaker1",
          "personaID": "00453",
          "participantID": "1909",
          "utterance": "잠깐이 하루가 지났네요 죄송해요ㅎㅎ어젠 잘 쉬셨나요?ㅎㅎ.",
          "summary": "",
          "date": "2022-09-05",
          "time": "17:08:58",
          "terminate": "false"
        },
        {
          "speaker": "speaker2",
          "personaID": "02882",
          "participantID": "1919",
          "utterance": "괜찮습니당 ㅎㅎㅎ 네~ 어제 집에와서 푹 쉬었더니 오늘 그래도 컨디션이 좋네요!",
          "summary": "나는 컨디션이 좋다.",
          "date": "2022-09-05",
          "time": "17:09:18",
          "terminate": "false"
        },
        {
          "speaker": "speaker1",
          "personaID": "00453",
          "participantID": "1909",
          "utterance": "좋네요ㅎㅎ오늘도 출근 했나요?저는 오늘 쉬고 있답니다.",
          "summary": "나는 오늘 쉬는 날이다.",
          "date": "2022-09-05",
          "time": "17:09:36",
          "terminate": "false"
        },
        {
          "speaker": "speaker2",
          "personaID": "02882",
          "participantID": "1919",
          "utterance": "네 저는 오늘 출근했어요! 쉬는날이라니~너무 좋으시겠어요ㅠㅠ.",
          "summary": "나는 휴일인 상대방이 부럽다.",
          "date": "2022-09-05",
          "time": "17:09:58",
          "terminate": "false"
        },
        {
          "speaker": "speaker1",
          "personaID": "00453",
          "participantID": "1909",
          "utterance": "ㅋㅋㅋ오늘은 몇시에 퇴근하세요? 미약하지만 힘내세요! 응원 해드릴게요.",
          "summary": "",
          "date": "2022-09-05",
          "time": "17:10:16",
          "terminate": "false"
        },
        {
          "speaker": "speaker2",
          "personaID": "02882",
          "participantID": "1919",
          "utterance": "오늘은 저녁 8시 반이나 되야 퇴근할 것 같아요~ 감사해요ㅠㅠ탈출시켜주세요..ㅋㅋ.",
          "summary": "",
          "date": "2022-09-05",
          "time": "17:10:57",
          "terminate": "false"
        },
        {
          "speaker": "speaker1",
          "personaID": "00453",
          "participantID": "1909",
          "utterance": "ㅋㅋㅋ이리오세요! 손잡고 나갑시다! 근데 명품관도 교환/환불을 하러오는 손님이 많나요?",
          "summary": "",
          "date": "2022-09-05",
          "time": "17:11:30",
          "terminate": "false"
        },
        {
          "speaker": "speaker2",
          "personaID": "02882",
          "participantID": "1919",
          "utterance": "어휴 그럼요~ 사용해놓고 미사용이라고 환불 박박 우기시는 분들도 많답니다...",
          "summary": "",
          "date": "2022-09-05",
          "time": "17:11:57",
          "terminate": "false"
        },
        {
          "speaker": "speaker1",
          "personaID": "00453",
          "participantID": "1909",
          "utterance": "ㅋㅋㅋ그럴때 정말 난처하시겠어요. 보통 주말엔 쉬세요?",
          "summary": "",
          "date": "2022-09-05",
          "time": "17:12:25",
          "terminate": "false"
        },
        {
          "speaker": "speaker2",
          "personaID": "02882",
          "participantID": "1919",
          "utterance": "네 주말에 쉬어요! 휴일을 돌아가면서 정하는데 제가 주말 먼저 찜뽕해요! 너무 눈치가 없는거 같은데...그쵸...?ㅋㅋㅋㅋㅋㅋㅋ.",
          "summary": "",
          "date": "2022-09-05",
          "time": "17:13:05",
          "terminate": "false"
        },
        {
          "speaker": "speaker1",
          "personaID": "00453",
          "participantID": "1909",
          "utterance": "ㅋㅋㅋ그럴수있죠~! 원래 먼저 먹는 사람이 임자입니다ㅎㅎㅎ선생님은 쇼핑할때 어떤걸 많이 이용하세요? 저는 점심에 인터넷 쇼핑해요.",
          "summary": "나는 점심에 인터넷 쇼핑을 한다.",
          "date": "2022-09-05",
          "time": "17:13:40",
          "terminate": "false"
        },
        {
          "speaker": "speaker2",
          "personaID": "02882",
          "participantID": "1919",
          "utterance": "눈치가 없는 편인거 같긴해요..ㅠㅠㅋㅋㅋ 당근 인터넷 쇼핑이죠 ㅋㅋㅋ 진짜 요즘은 인터넷 쇼핑이 대세같아요.",
          "summary": "나는 눈치가 없는 편이다.",
          "date": "2022-09-05",
          "time": "17:14:09",
          "terminate": "false"
        },
        {
          "speaker": "speaker1",
          "personaID": "00453",
          "participantID": "1909",
          "utterance": "역시 인터넷 쇼핑이 편하군요ㅎㅎㅎ저 잠깐 외출 좀 다녀올게요~!",
          "summary": "나는 외출하러 간다.",
          "date": "2022-09-05",
          "time": "17:14:45",
          "terminate": "false"
        },
        {
          "speaker": "speaker2",
          "personaID": "02882",
          "participantID": "1919",
          "utterance": "교환이나 환불 시스템도 편리하니까 사용하게 되더라구요 ㅎㅎㅎ 네 다녀와서 이따 또 대화해요!",
          "summary": "",
          "date": "2022-09-05",
          "time": "17:15:00",
          "terminate": "true"
        }
      ],
      "sessionPersonaSummary": {
        "speaker1": [
          "나는 오늘 쉬는 날이다.",
          "나는 점심에 인터넷 쇼핑을 한다.",
          "나는 외출하러 간다."
        ],
        "speaker2": [
          "나는 컨디션이 좋다.",
          "나는 휴일인 상대방이 부럽다.",
          "나는 눈치가 없는 편이다."
        ]
      },
      "prevAggregatedpersonaSummary": {
        "speaker1": [
          "나는 40대 남자이다. 나는 야구를 좋아한다."
        ],
        "speaker2": [
          "나는 30대 여성이다. 나의 거주지는 서울이다.",
          "나는 야구에 대해 문외한이다.",
          "나는 축구를 좋아한다.",
          "나는 월드컵 개최 일정을 모르고 있었다.",
          "나는 백화점 판매원이다.",
          "나는 다림질하는 게 괴롭다."
        ]
      }
    },
    {
      "prevSessionID": "3-00383-2",
      "prevTimeInfo": {
        "timeNum": "6",
        "timeUnit": "시간"
      },
      "nthSession": "3",
      "numberOfUtterances": "18",
      "numberOfTurns": "9",
      "sessionID": "3-00383-3",
      "dialog": [
        {
          "speaker": "speaker1",
          "personaID": "00453",
          "participantID": "1909",
          "utterance": "놀다오니까 6시간이 금방이네요. 왜 휴일엔 시간이 이리빨리가는지..ㅎ 퇴근 하셨어요?",
          "summary": "나는 휴일에 시간이 빠르게 흐른다고 생각한다.",
          "date": "2022-09-05",
          "time": "17:15:21",
          "terminate": "false"
        },
        {
          "speaker": "speaker2",
          "personaID": "02882",
          "participantID": "1919",
          "utterance": "맞아요 휴일엔 정말 시간이 야속하게 빠르죠ㅠㅠㅋㅋ 네 퇴근하고 들어왔어요~",
          "summary": "",
          "date": "2022-09-05",
          "time": "17:16:08",
          "terminate": "false"
        },
        {
          "speaker": "speaker1",
          "personaID": "00453",
          "participantID": "1909",
          "utterance": "ㅎㅎㅎ오늘 하루 정말 고생 많았어요. 일하면서는 별일 없었나요?",
          "summary": "",
          "date": "2022-09-05",
          "time": "17:16:34",
          "terminate": "false"
        },
        {
          "speaker": "speaker2",
          "personaID": "02882",
          "participantID": "1919",
          "utterance": "왜 없었겠어요~ 매일 하루에 한명씩은 꼭 진상손님이 오는거 같아요ㅠㅠ.",
          "summary": "",
          "date": "2022-09-05",
          "time": "17:16:52",
          "terminate": "false"
        },
        {
          "speaker": "speaker1",
          "personaID": "00453",
          "participantID": "1909",
          "utterance": "오늘 정말 고생했네요ㅠㅠ그럼 저녁 식사로 맛있는거 먹을까요?",
          "summary": "",
          "date": "2022-09-05",
          "time": "17:17:21",
          "terminate": "false"
        },
        {
          "speaker": "speaker2",
          "personaID": "02882",
          "participantID": "1919",
          "utterance": "그래야 겠어요! 스트레스 받으니 화끈하게 매운걸 먹을까 싶어요 마라탕!",
          "summary": "나는 저녁 메뉴로 마라탕을 먹을 예정이다.",
          "date": "2022-09-05",
          "time": "17:17:38",
          "terminate": "false"
        },
        {
          "speaker": "speaker1",
          "personaID": "00453",
          "participantID": "1909",
          "utterance": "오..마라탕 좋아하시는구나ㅎㅎㅎ무뼈닭발과 마라탕. 당신의 선택은?",
          "summary": "",
          "date": "2022-09-05",
          "time": "17:17:59",
          "terminate": "false"
        },
        {
          "speaker": "speaker2",
          "personaID": "02882",
          "participantID": "1919",
          "utterance": "오우.. 너무 어려운 선택인데요ㅠㅠ요즘엔 마라탕에 빠져 있으니 마라탕으로 할게요!ㅋㅋ 안좋아하세요?",
          "summary": "나는 마라탕을 좋아한다.",
          "date": "2022-09-05",
          "time": "17:18:21",
          "terminate": "false"
        },
        {
          "speaker": "speaker1",
          "personaID": "00453",
          "participantID": "1909",
          "utterance": "마라탕 좋아해요! 맛있더라구요ㅎㅎㅎ살은 많이 찌지만요!평소에 운동도 하세요?",
          "summary": "나는 상대방처럼 마라탕을 좋아한다.",
          "date": "2022-09-05",
          "time": "17:18:49",
          "terminate": "false"
        },
        {
          "speaker": "speaker2",
          "personaID": "02882",
          "participantID": "1919",
          "utterance": "맞아요 마라탕 진짜 살 많이 찔 거 같더라구요ㅠㅠ 전 운동이라기보다 보드를 배우기 시작했어요!",
          "summary": "난 보드를 배우고 있다.",
          "date": "2022-09-05",
          "time": "17:19:15",
          "terminate": "false"
        },
        {
          "speaker": "speaker1",
          "personaID": "00453",
          "participantID": "1909",
          "utterance": "오~ 제가 아는 그 스케이트 보드가 맞나요? 재밌을거 같네요.",
          "summary": "",
          "date": "2022-09-05",
          "time": "17:19:35",
          "terminate": "false"
        },
        {
          "speaker": "speaker2",
          "personaID": "02882",
          "participantID": "1919",
          "utterance": "ㅋㅋ맞아요 그 보드! 생각보다 어렵더라구요ㅠㅠ.. 앞으로 잘 안나가서 엉덩이를 흔들흔들해야 겨우 밀려나가요..ㅋㅋㅋㅋㅋㅋㅋㅋ.",
          "summary": "나는 보드가 생각보다 어렵다.",
          "date": "2022-09-05",
          "time": "17:20:04",
          "terminate": "false"
        },
        {
          "speaker": "speaker1",
          "personaID": "00453",
          "participantID": "1909",
          "utterance": "엉덩이 흔들흔들ㅋㅋㅋ재밌네요. 스키도 탈줄 아세요?",
          "summary": "",
          "date": "2022-09-05",
          "time": "17:20:25",
          "terminate": "false"
        },
        {
          "speaker": "speaker2",
          "personaID": "02882",
          "participantID": "1919",
          "utterance": "엇 아뇨! 스키는 못타는데 탈 줄 아시나봐요!",
          "summary": "나는 스키를 타지 못한다.",
          "date": "2022-09-05",
          "time": "17:20:45",
          "terminate": "false"
        },
        {
          "speaker": "speaker1",
          "personaID": "00453",
          "participantID": "1909",
          "utterance": "탈줄만 알고 잘 타진 못해요ㅋㅋㅋ스키장에 있는 보드도 재밌대요. 아직 안타보셨죠?",
          "summary": "",
          "date": "2022-09-05",
          "time": "17:21:10",
          "terminate": "false"
        },
        {
          "speaker": "speaker2",
          "personaID": "02882",
          "participantID": "1919",
          "utterance": "엇 네 그건 못타봤어요 ㅋㅋ 지금 보드를 잘 배워두면 그것도 쉬우려나요..!",
          "summary": "나는 스키 보드는 타지 못한다.",
          "date": "2022-09-05",
          "time": "17:21:33",
          "terminate": "false"
        },
        {
          "speaker": "speaker1",
          "personaID": "00453",
          "participantID": "1909",
          "utterance": "ㅋㅋㅋㅋ관련이 있는지는 모르겠어요!ㅋㅋㅋㅋ어 저 평소에 치킨을 즐겨먹는데, 배달 도착해서 먹으러 가볼게요! 식사 맛있게 드세요!!",
          "summary": "나는 치킨을 즐겨 먹는다. 나는 치킨 배달이 도착해 치킨을 먹으러 간다.",
          "date": "2022-09-05",
          "time": "17:22:12",
          "terminate": "false"
        },
        {
          "speaker": "speaker2",
          "personaID": "02882",
          "participantID": "1919",
          "utterance": "치킨! 여기까지 냄새가 나는것 같아요 ㅋㅋ제 몫까지 맛있게 드세요!",
          "summary": "",
          "date": "2022-09-05",
          "time": "17:22:40",
          "terminate": "true"
        }
      ],
      "sessionPersonaSummary": {
        "speaker1": [
          "나는 휴일에 시간이 빠르게 흐른다고 생각한다.",
          "나는 상대방처럼 마라탕을 좋아한다.",
          "나는 치킨을 즐겨 먹는다. 나는 치킨 배달이 도착해 치킨을 먹으러 간다."
        ],
        "speaker2": [
          "나는 저녁 메뉴로 마라탕을 먹을 예정이다.",
          "나는 마라탕을 좋아한다.",
          "난 보드를 배우고 있다.",
          "나는 보드가 생각보다 어렵다.",
          "나는 스키를 타지 못한다.",
          "나는 스키 보드는 타지 못한다."
        ]
      },
      "prevAggregatedpersonaSummary": {
        "speaker1": [
          "나는 40대 남자이다. 나는 야구를 좋아한다.",
          "나는 오늘 쉬는 날이다.",
          "나는 점심에 인터넷 쇼핑을 한다.",
          "나는 외출하러 간다."
        ],
        "speaker2": [
          "나는 30대 여성이다. 나의 거주지는 서울이다.",
          "나는 야구에 대해 문외한이다.",
          "나는 축구를 좋아한다.",
          "나는 월드컵 개최 일정을 모르고 있었다.",
          "나는 백화점 판매원이다.",
          "나는 다림질하는 게 괴롭다.",
          "나는 컨디션이 좋다.",
          "나는 휴일인 상대방이 부럽다.",
          "나는 눈치가 없는 편이다."
        ]
      }
    }
  ]
}