{
  "FileInfo": {
    "filename": "K3-00566-CL34907-CP60803-20-01-S3.json",
    "sessionLevel": "3"
  },
  "participantsInfo": {
    "numberOfParticipants": "2",
    "speaker1": {
      "participantID": "4310",
      "gender": "여성",
      "age": "30대",
      "occupation": "교직",
      "bPlace": "서울/경기/인천",
      "gPlace": "서울/경기/인천",
      "rPlace": "서울/경기/인천",
      "educationLevel": "대졸"
    },
    "speaker2": {
      "participantID": "4341",
      "gender": "남성",
      "age": "50대",
      "occupation": "관리직",
      "bPlace": "부산/대구/울산/경상",
      "gPlace": "부산/대구/울산/경상",
      "rPlace": "서울/경기/인천",
      "educationLevel": "대학원졸"
    }
  },
  "multisessionInfo": {
    "multisessionID": "3-00566"
  },
  "personaInfo": {
    "clInfo": {
      "personaID": "34907",
      "personaFeatures": [
        "나는 여자이다.",
        "나는 30대이다.",
        "나는 노란색을 싫어한다",
        "나는 중학교 국어 교사이다",
        "나는 농구를 가끔 한다",
        "나는 요리를 다른 사람에게 자주 해 준다",
        "나는 배를 즐겨 먹는다"
      ],
      "speakerType": "speaker1"
    },
    "cpInfo": {
      "personaID": "60803",
      "personaFeatures": [
        "나는 남자이다.",
        "나는 60대 이상이다.",
        "나는 건설 관련직에 종사했다",
        "나는 디스코 음악을 가끔 듣는다",
        "나는 오보에 연주를 가끔 한다"
      ],
      "speakerType": "speaker2"
    }
  },
  "topicInfo": {
    "topicID": "20-01",
    "topicType": "예술문화 생활>영화/만화",
    "topicTitle": "장르"
  },
  "sessionInfo": [
    {
      "prevSessionID": null,
      "prevTimeInfo": {
        "timeNum": null,
        "timeUnit": null
      },
      "nthSession": "1",
      "numberOfUtterances": "14",
      "numberOfTurns": "7",
      "sessionID": "3-00566-1",
      "dialog": [
        {
          "speaker": "speaker1",
          "personaID": "34907",
          "participantID": "4310",
          "utterance": "안녕하세요, 반갑습니다. 저는 30대 여성이에요. 현재 중학교 국어 교사로 일하고 있습니다. ",
          "summary": "나는 30대 여성이고 중학교 국어교사입니다",
          "date": "2022-11-08",
          "time": "09:42:39",
          "terminate": "false"
        },
        {
          "speaker": "speaker2",
          "personaID": "60803",
          "participantID": "4341",
          "utterance": "안녕하세요 저는 60대 남성이고 건설관련직에 종사했어요",
          "summary": "나는 60대 남성이다. 나는 건설 관련직에 종사했다.",
          "date": "2022-11-08",
          "time": "17:36:59",
          "terminate": "false"
        },
        {
          "speaker": "speaker1",
          "personaID": "34907",
          "participantID": "4310",
          "utterance": "안녕하세요, 반갑습니다. 저는 운동하는 걸 좋아해요. 그래서 농구를 가끔 해요. 운동 좋아하시나요?",
          "summary": "나는 운동하는 걸 좋아합니다 그래서 농구도 가끔 한다",
          "date": "2022-11-08",
          "time": "17:53:14",
          "terminate": "false"
        },
        {
          "speaker": "speaker2",
          "personaID": "60803",
          "participantID": "4341",
          "utterance": "네 운동을 좋아하지요 매일 헬스운동하구요 가끔 라이딩도 합니다 그리고 음악을 좋아해서 디스코 음악을 가끔 듣고 오보에 연주도 가끔 합니다",
          "summary": "나는 매일 헬스 운동을 한다. 나는 가끔 라이딩을 한다. 나는 디스코 음악을 가끔 듣는다.",
          "date": "2022-11-08",
          "time": "17:58:11",
          "terminate": "false"
        },
        {
          "speaker": "speaker1",
          "personaID": "34907",
          "participantID": "4310",
          "utterance": "오, 멋지시네요! 저는 요리하는 걸 좋아해요. 그래서 저는 요리를 다른 사람에게 자주 해줘요.",
          "summary": "나는 요리하는 걸 좋아한다. 나는 요리를 다른 사람에게 자주 해준다",
          "date": "2022-11-08",
          "time": "17:59:37",
          "terminate": "false"
        },
        {
          "speaker": "speaker2",
          "personaID": "60803",
          "participantID": "4341",
          "utterance": "우와 좋네요 저는 요리해주는 사람이 좋아요 주로 어떤 메뉴를 요리하세요?",
          "summary": "",
          "date": "2022-11-08",
          "time": "18:03:45",
          "terminate": "false"
        },
        {
          "speaker": "speaker1",
          "personaID": "34907",
          "participantID": "4310",
          "utterance": "저는 주로 떡볶이나 파스타를 자주해요. 그리고 과일로는 배를 좋아해서요. 요즘 같을 때는 배숙을 해먹기도 하고 배를 즐겨 먹고 있어요.",
          "summary": "나는 떡볶이나 파스타를 자주 한다. 나는 배를 좋아한다. 나는 백숙을 해 먹는다",
          "date": "2022-11-08",
          "time": "18:05:39",
          "terminate": "false"
        },
        {
          "speaker": "speaker2",
          "personaID": "60803",
          "participantID": "4341",
          "utterance": "저는 배즙을 많이 먹어봤어요 편안하고 좋더라구요",
          "summary": "나는 배즙을 많이 먹어봤다.",
          "date": "2022-11-08",
          "time": "18:08:46",
          "terminate": "false"
        },
        {
          "speaker": "speaker1",
          "personaID": "34907",
          "participantID": "4310",
          "utterance": "그렇죠, 환절기에는 배즙을 먹어야 하더라고요.  저는 사실 노란색을 싫어해요. 그래서 과일도 노란색은 잘 안 먹었었는데 배를 먹으니까 정말 맛있더라고요.",
          "summary": "나는 노란색을 싫어한다",
          "date": "2022-11-08",
          "time": "18:10:19",
          "terminate": "false"
        },
        {
          "speaker": "speaker2",
          "personaID": "60803",
          "participantID": "4341",
          "utterance": "      저는 노란색 과일인 바나나를 좋아해요",
          "summary": "나는 바나나를 좋아한다.",
          "date": "2022-11-08",
          "time": "18:26:51",
          "terminate": "false"
        },
        {
          "speaker": "speaker1",
          "personaID": "34907",
          "participantID": "4310",
          "utterance": "아~ 제가 싫어하는 노란색은 과일이 많네요.",
          "summary": "",
          "date": "2022-11-08",
          "time": "23:11:01",
          "terminate": "false"
        },
        {
          "speaker": "speaker2",
          "personaID": "60803",
          "participantID": "4341",
          "utterance": "참외도 노란색이죠 한번 도전해 보시죠",
          "summary": "",
          "date": "2022-11-08",
          "time": "23:17:08",
          "terminate": "false"
        },
        {
          "speaker": "speaker1",
          "personaID": "34907",
          "participantID": "4310",
          "utterance": "그래야겠어요~ 노란색이어도 맛있는 과일은 참 많네요!",
          "summary": "",
          "date": "2022-11-09",
          "time": "08:32:13",
          "terminate": "false"
        },
        {
          "speaker": "speaker2",
          "personaID": "60803",
          "participantID": "4341",
          "utterance": "저는 과일은 색깔 구분 없이 제철 과일을 모두 좋아합니다 오늘은 여기까지 하고 담에 봐요",
          "summary": "나는 제철과일을 모두 좋아한다.",
          "date": "2022-11-09",
          "time": "08:33:24",
          "terminate": "true"
        }
      ],
      "sessionPersonaSummary": {
        "speaker1": [
          "나는 30대 여성이고 중학교 국어교사입니다",
          "나는 운동하는 걸 좋아합니다 그래서 농구도 가끔 한다",
          "나는 요리하는 걸 좋아한다. 나는 요리를 다른 사람에게 자주 해준다",
          "나는 떡볶이나 파스타를 자주 한다. 나는 배를 좋아한다. 나는 백숙을 해 먹는다",
          "나는 노란색을 싫어한다"
        ],
        "speaker2": [
          "나는 60대 남성이다. 나는 건설 관련직에 종사했다.",
          "나는 매일 헬스 운동을 한다. 나는 가끔 라이딩을 한다. 나는 디스코 음악을 가끔 듣는다.",
          "나는 배즙을 많이 먹어봤다.",
          "나는 바나나를 좋아한다.",
          "나는 제철과일을 모두 좋아한다."
        ]
      },
      "prevAggregatedpersonaSummary": {
        "speaker1": [],
        "speaker2": []
      }
    },
    {
      "prevSessionID": "3-00566-1",
      "prevTimeInfo": {
        "timeNum": "2",
        "timeUnit": "일"
      },
      "nthSession": "2",
      "numberOfUtterances": "14",
      "numberOfTurns": "7",
      "sessionID": "3-00566-2",
      "dialog": [
        {
          "speaker": "speaker1",
          "personaID": "34907",
          "participantID": "4310",
          "utterance": "안녕하셨어요.  이틀만에 뵈어요. 잘 지내셨나요? 요즘도 가끔 라이딩 가시나요?",
          "summary": "",
          "date": "2022-11-09",
          "time": "10:08:04",
          "terminate": "false"
        },
        {
          "speaker": "speaker2",
          "personaID": "60803",
          "participantID": "4341",
          "utterance": "네 요즘은 그렇게  많이 하지 않아요",
          "summary": "",
          "date": "2022-11-09",
          "time": "14:28:11",
          "terminate": "false"
        },
        {
          "speaker": "speaker1",
          "personaID": "34907",
          "participantID": "4310",
          "utterance": "날씨가 점점 추워져서 그러실까요? 저는 요즘 OTT에서 영화나 드라마를 많이 봐요. 영화 자주 보시나요?",
          "summary": "나는 요즘 OTT에서 영화나 드라마를 많이 본다",
          "date": "2022-11-09",
          "time": "14:44:23",
          "terminate": "false"
        },
        {
          "speaker": "speaker2",
          "personaID": "60803",
          "participantID": "4341",
          "utterance": "영화는 좋은 영화가 나오면 극장에서 가끔 봅니다 ",
          "summary": "나는 좋은 영화가 나오면 극장에서 가끔 본다.",
          "date": "2022-11-09",
          "time": "14:47:09",
          "terminate": "false"
        },
        {
          "speaker": "speaker1",
          "personaID": "34907",
          "participantID": "4310",
          "utterance": "아, 그러시군요. 저는 주로 스릴러나 범죄 영화를 좋아해요. 어떤 장르의 영화를 좋아하시나요?",
          "summary": "나는 주로 스릴러나 범죄영화를 좋아한다",
          "date": "2022-11-09",
          "time": "15:13:01",
          "terminate": "false"
        },
        {
          "speaker": "speaker2",
          "personaID": "60803",
          "participantID": "4341",
          "utterance": "영화 장르는 SF 를 좋아하고요 스릴러 범죄액션 영화도 즐겨 봅니다",
          "summary": "나는 영화 장르는 SF를 좋아한다.",
          "date": "2022-11-09",
          "time": "15:25:26",
          "terminate": "false"
        },
        {
          "speaker": "speaker1",
          "personaID": "34907",
          "participantID": "4310",
          "utterance": "아, 그러시군요. 저는 SF는 처음에는 이해도 잘 안되더라고요. 그랬는데 보다보니 영상도 화려하고 볼 거리가 좋더라고요.",
          "summary": "나는 SF영화를 처음에는 이해 잘 못했다 하지만 보다 보니 화려하고 볼거리가 많다",
          "date": "2022-11-09",
          "time": "15:31:57",
          "terminate": "false"
        },
        {
          "speaker": "speaker2",
          "personaID": "60803",
          "participantID": "4341",
          "utterance": "저는 SF 영화를 보면서 미래를 그려보기도 합니다 재미있거든요 상상력도 풍부해지고요",
          "summary": "나는 SF영화를 보면서 미래를 그려보기도 한다.",
          "date": "2022-11-09",
          "time": "15:33:00",
          "terminate": "false"
        },
        {
          "speaker": "speaker1",
          "personaID": "34907",
          "participantID": "4310",
          "utterance": "그런 거 같아요. 어떻게 저런 상상력이 나오는 지 모르겠어요. 그런 SF영화를 보다보면 상상을 초월하는 느낌이어서 저런 영화 감독은 대단하구나 느껴요.",
          "summary": "나는 SF영화를 보면 상상 초월한 느낌이 든다",
          "date": "2022-11-09",
          "time": "15:33:50",
          "terminate": "false"
        },
        {
          "speaker": "speaker2",
          "personaID": "60803",
          "participantID": "4341",
          "utterance": "맞아요 SF영화감독이나 작가들은 딴 안드로메다 사람인 것 같아요^^",
          "summary": "나는 SF영화감독이나 작가들은 안드로메다 사람인 것 같다.",
          "date": "2022-11-09",
          "time": "15:35:09",
          "terminate": "false"
        },
        {
          "speaker": "speaker1",
          "personaID": "34907",
          "participantID": "4310",
          "utterance": "맞아요, 어떻게 자랐길래 그런 상상력을 발휘할 수 있는 건지. 천재인 것 같아요.",
          "summary": "",
          "date": "2022-11-09",
          "time": "16:00:02",
          "terminate": "false"
        },
        {
          "speaker": "speaker2",
          "personaID": "60803",
          "participantID": "4341",
          "utterance": "저도 상상력이 풍부하다고 생각하는 데 저보다 천배는 더 풍부한 것 같아요^^",
          "summary": "나는 상상력이 풍부하다고 생각하는데 나보다 천 배는 더 풍부한 것 같다.",
          "date": "2022-11-09",
          "time": "16:08:37",
          "terminate": "false"
        },
        {
          "speaker": "speaker1",
          "personaID": "34907",
          "participantID": "4310",
          "utterance": "대단해요. 어릴 때부터 SF영화나 공상과학 같은 것들도 많이 접해봐야 할 거 같아요. ",
          "summary": "",
          "date": "2022-11-09",
          "time": "17:24:19",
          "terminate": "false"
        },
        {
          "speaker": "speaker2",
          "personaID": "60803",
          "participantID": "4341",
          "utterance": "네 공상과학이 더욱 중요해지는 시대인 것 같군요. 저는 디스코 음악 들으러 갈게요. 오늘은 여기까지하고 담에 봐요",
          "summary": "나는 디스코 음악을 들으러 간다.",
          "date": "2022-11-09",
          "time": "17:32:49",
          "terminate": "true"
        }
      ],
      "sessionPersonaSummary": {
        "speaker1": [
          "나는 요즘 OTT에서 영화나 드라마를 많이 본다",
          "나는 주로 스릴러나 범죄영화를 좋아한다",
          "나는 SF영화를 처음에는 이해 잘 못했다 하지만 보다 보니 화려하고 볼거리가 많다",
          "나는 SF영화를 보면 상상 초월한 느낌이 든다"
        ],
        "speaker2": [
          "나는 좋은 영화가 나오면 극장에서 가끔 본다.",
          "나는 영화 장르는 SF를 좋아한다.",
          "나는 SF영화를 보면서 미래를 그려보기도 한다.",
          "나는 SF영화감독이나 작가들은 안드로메다 사람인 것 같다.",
          "나는 상상력이 풍부하다고 생각하는데 나보다 천 배는 더 풍부한 것 같다.",
          "나는 디스코 음악을 들으러 간다."
        ]
      },
      "prevAggregatedpersonaSummary": {
        "speaker1": [
          "나는 30대 여성이고 중학교 국어교사입니다",
          "나는 운동하는 걸 좋아합니다 그래서 농구도 가끔 한다",
          "나는 요리하는 걸 좋아한다. 나는 요리를 다른 사람에게 자주 해준다",
          "나는 떡볶이나 파스타를 자주 한다. 나는 배를 좋아한다. 나는 백숙을 해 먹는다",
          "나는 노란색을 싫어한다"
        ],
        "speaker2": [
          "나는 60대 남성이다. 나는 건설 관련직에 종사했다.",
          "나는 매일 헬스 운동을 한다. 나는 가끔 라이딩을 한다. 나는 디스코 음악을 가끔 듣는다.",
          "나는 배즙을 많이 먹어봤다.",
          "나는 바나나를 좋아한다.",
          "나는 제철과일을 모두 좋아한다."
        ]
      }
    },
    {
      "prevSessionID": "3-00566-2",
      "prevTimeInfo": {
        "timeNum": "4",
        "timeUnit": "일"
      },
      "nthSession": "3",
      "numberOfUtterances": "14",
      "numberOfTurns": "7",
      "sessionID": "3-00566-3",
      "dialog": [
        {
          "speaker": "speaker1",
          "personaID": "34907",
          "participantID": "4310",
          "utterance": "안녕하셨어요. 4일만에 뵙네요! 저 OTT에서 SF중에 명작을 보고 왔어요!",
          "summary": "나는 OTT에서 SF 명작을 보고 왔다",
          "date": "2022-11-09",
          "time": "17:50:32",
          "terminate": "false"
        },
        {
          "speaker": "speaker2",
          "personaID": "60803",
          "participantID": "4341",
          "utterance": "4일간 잘 지내셨어요? 명작을 보셨다니 궁금하네요 내용이 어떤 내용인지? ",
          "summary": "",
          "date": "2022-11-09",
          "time": "21:00:03",
          "terminate": "false"
        },
        {
          "speaker": "speaker1",
          "personaID": "34907",
          "participantID": "4310",
          "utterance": "네, 아마 아실 거 같아요. 세계가 멸망해서 시공간의 틈으로 들어가서 과거의 잘못을 고쳐서 인류를 구하는 내용이에요. ",
          "summary": "",
          "date": "2022-11-09",
          "time": "21:41:10",
          "terminate": "false"
        },
        {
          "speaker": "speaker2",
          "personaID": "60803",
          "participantID": "4341",
          "utterance": "어벤져스 말인가요? 저도 그 영화 봤어요 인구의 50%가 사라지는 영화 말이죠?",
          "summary": "나는 어벤저스 영화 봤다.",
          "date": "2022-11-09",
          "time": "21:42:17",
          "terminate": "false"
        },
        {
          "speaker": "speaker1",
          "personaID": "34907",
          "participantID": "4310",
          "utterance": "오~ 어벤져스도 재밌죠! 제가 본 건 인터스텔라였어요~ 너무 재밌더라고요.",
          "summary": "나는 인터스텔라를 재미있게 봤다",
          "date": "2022-11-09",
          "time": "21:43:22",
          "terminate": "false"
        },
        {
          "speaker": "speaker2",
          "personaID": "60803",
          "participantID": "4341",
          "utterance": "아하 인터스텔라군요 저도 봤어요 유레카~~~ 저는 영화 말미의 우주에서 인공적으로 중력을 이용해서 마을을 꾸미고 사는 것이 인상적이었어요",
          "summary": "나는 영화 말미의 우주에서 인공적으로 중력을 이용해서 마을을 꾸미고 사는 것이 인상적이었다.",
          "date": "2022-11-09",
          "time": "21:45:22",
          "terminate": "false"
        },
        {
          "speaker": "speaker1",
          "personaID": "34907",
          "participantID": "4310",
          "utterance": "저도요! 저도 그런 그림이 나올거라 생각도 못했어요. 근데 정말로 어떨때는 정말 미래에는 저런 모습일수도 있겠다 싶었어요.",
          "summary": "나도 그런 그림이 나올 줄 상상을 못 했다",
          "date": "2022-11-09",
          "time": "21:56:44",
          "terminate": "false"
        },
        {
          "speaker": "speaker2",
          "personaID": "60803",
          "participantID": "4341",
          "utterance": "저는 가능하다고 생각합니다 아직 우리가 개발하지 못하고 이해하지 못한 원리와 규칙이 아직 많은 것 같아요 신은 다 알겠지만 말이죠",
          "summary": "나는 아직 우리가 개발하지 못하고 이해하지 못한 원리와 규칙이 아직 많은 것 같다.",
          "date": "2022-11-09",
          "time": "22:02:08",
          "terminate": "false"
        },
        {
          "speaker": "speaker1",
          "personaID": "34907",
          "participantID": "4310",
          "utterance": "맞아요, 아예 없는 이야기는 아닐거라고 생각해요. 범죄물도 좋아하신다고 하셨는데 저는 범죄영화를 너무 좋아해서 새로 개봉되는 범죄물이나 느와르는 꼭 봐요.",
          "summary": "나는 범죄영화를 너무 좋아해서 개봉 영화는 꼭 본다",
          "date": "2022-11-10",
          "time": "00:19:29",
          "terminate": "false"
        },
        {
          "speaker": "speaker2",
          "personaID": "60803",
          "participantID": "4341",
          "utterance": "범죄영화도 기발한 아이디어가 많다고 생각해요 우리가 따라하면 안되지만 말이죠",
          "summary": "나는 범죄 영화도 기발한 아이디어가 많다고 생각한다.",
          "date": "2022-11-10",
          "time": "06:27:54",
          "terminate": "false"
        },
        {
          "speaker": "speaker1",
          "personaID": "34907",
          "participantID": "4310",
          "utterance": "맞아요, 또 범죄 영화는 청소년들이 따라하면 어쩌나 하는 걱정은 있어요. 저희 학교 학생들도 19세 영화여도 종종 보고 오더라고요.",
          "summary": "나는 범죄영화를 청소년들이 따라 하면 어쩌나 걱정한다",
          "date": "2022-11-10",
          "time": "08:47:38",
          "terminate": "false"
        },
        {
          "speaker": "speaker2",
          "personaID": "60803",
          "participantID": "4341",
          "utterance": "아이디어면에서는 기발한 것 같지만 배우지 맙시다",
          "summary": "",
          "date": "2022-11-10",
          "time": "14:34:42",
          "terminate": "false"
        },
        {
          "speaker": "speaker1",
          "personaID": "34907",
          "participantID": "4310",
          "utterance": "맞습니다. 아이들은 아직 분별력이 없는데 너무 자극적이면 걱정이 되긴 해요. 배우지 말자고 항상 이야기 한답니다.",
          "summary": "나는 아이들에게 배우지 말자고 항상 이야기한다",
          "date": "2022-11-10",
          "time": "14:36:32",
          "terminate": "false"
        },
        {
          "speaker": "speaker2",
          "personaID": "60803",
          "participantID": "4341",
          "utterance": "저는 완전히 동의 합니다 오늘은 여기까지 하고 담에 봐요^^",
          "summary": "",
          "date": "2022-11-10",
          "time": "14:47:24",
          "terminate": "true"
        }
      ],
      "sessionPersonaSummary": {
        "speaker1": [
          "나는 OTT에서 SF 명작을 보고 왔다",
          "나는 인터스텔라를 재미있게 봤다",
          "나도 그런 그림이 나올 줄 상상을 못 했다",
          "나는 범죄영화를 너무 좋아해서 개봉 영화는 꼭 본다",
          "나는 범죄영화를 청소년들이 따라 하면 어쩌나 걱정한다",
          "나는 아이들에게 배우지 말자고 항상 이야기한다"
        ],
        "speaker2": [
          "나는 어벤저스 영화 봤다.",
          "나는 영화 말미의 우주에서 인공적으로 중력을 이용해서 마을을 꾸미고 사는 것이 인상적이었다.",
          "나는 아직 우리가 개발하지 못하고 이해하지 못한 원리와 규칙이 아직 많은 것 같다.",
          "나는 범죄 영화도 기발한 아이디어가 많다고 생각한다."
        ]
      },
      "prevAggregatedpersonaSummary": {
        "speaker1": [
          "나는 30대 여성이고 중학교 국어교사입니다",
          "나는 운동하는 걸 좋아합니다 그래서 농구도 가끔 한다",
          "나는 요리하는 걸 좋아한다. 나는 요리를 다른 사람에게 자주 해준다",
          "나는 떡볶이나 파스타를 자주 한다. 나는 배를 좋아한다. 나는 백숙을 해 먹는다",
          "나는 노란색을 싫어한다",
          "나는 요즘 OTT에서 영화나 드라마를 많이 본다",
          "나는 주로 스릴러나 범죄영화를 좋아한다",
          "나는 SF영화를 처음에는 이해 잘 못했다 하지만 보다 보니 화려하고 볼거리가 많다",
          "나는 SF영화를 보면 상상 초월한 느낌이 든다"
        ],
        "speaker2": [
          "나는 60대 남성이다. 나는 건설 관련직에 종사했다.",
          "나는 매일 헬스 운동을 한다. 나는 가끔 라이딩을 한다. 나는 디스코 음악을 가끔 듣는다.",
          "나는 배즙을 많이 먹어봤다.",
          "나는 바나나를 좋아한다.",
          "나는 제철과일을 모두 좋아한다.",
          "나는 좋은 영화가 나오면 극장에서 가끔 본다.",
          "나는 영화 장르는 SF를 좋아한다.",
          "나는 SF영화를 보면서 미래를 그려보기도 한다.",
          "나는 SF영화감독이나 작가들은 안드로메다 사람인 것 같다.",
          "나는 상상력이 풍부하다고 생각하는데 나보다 천 배는 더 풍부한 것 같다.",
          "나는 디스코 음악을 들으러 간다."
        ]
      }
    }
  ]
}