{
  "FileInfo": {
    "filename": "K3-00364-CL21869-CP51924-17-04-S3.json",
    "sessionLevel": "3"
  },
  "participantsInfo": {
    "numberOfParticipants": "2",
    "speaker1": {
      "participantID": "4006",
      "gender": "여성",
      "age": "30대",
      "occupation": "주부",
      "bPlace": "광주/전라/제주",
      "gPlace": "광주/전라/제주",
      "rPlace": "광주/전라/제주",
      "educationLevel": "대졸"
    },
    "speaker2": {
      "participantID": "9063",
      "gender": "여성",
      "age": "40대",
      "occupation": "사무직",
      "bPlace": "서울/경기/인천",
      "gPlace": "서울/경기/인천",
      "rPlace": "서울/경기/인천",
      "educationLevel": "대졸"
    }
  },
  "multisessionInfo": {
    "multisessionID": "3-00364"
  },
  "personaInfo": {
    "clInfo": {
      "personaID": "21869",
      "personaFeatures": [
        "나는 여자이다.",
        "나는 20대이다.",
        "나의 가족은 3명이다",
        "나는 수화 통역가이다",
        "나는 로맨스 영화를 좋아한다"
      ],
      "speakerType": "speaker1"
    },
    "cpInfo": {
      "personaID": "51924",
      "personaFeatures": [
        "나는 여자이다.",
        "나는 50대이다.",
        "나는 대학원을 휴학 중이다",
        "나는 배당주에 관심이 있다",
        "나는 별로 좋아하는 음식이 없다"
      ],
      "speakerType": "speaker2"
    }
  },
  "topicInfo": {
    "topicID": "17-04",
    "topicType": "미용과 건강>건강",
    "topicTitle": "질병"
  },
  "sessionInfo": [
    {
      "prevSessionID": null,
      "prevTimeInfo": {
        "timeNum": null,
        "timeUnit": null
      },
      "nthSession": "1",
      "numberOfUtterances": "14",
      "numberOfTurns": "7",
      "sessionID": "3-00364-1",
      "dialog": [
        {
          "speaker": "speaker1",
          "personaID": "21869",
          "participantID": "4006",
          "utterance": "안녕하세요 20대 여성입니다^^",
          "summary": "나는 20대 여성이다",
          "date": "2022-10-29",
          "time": "15:01:48",
          "terminate": "false"
        },
        {
          "speaker": "speaker2",
          "personaID": "51924",
          "participantID": "9063",
          "utterance": "안녕하세요~저는 50대 여성입니다~반갑습니다 ^^",
          "summary": "나는 50대 여성이다.",
          "date": "2022-10-29",
          "time": "15:06:32",
          "terminate": "false"
        },
        {
          "speaker": "speaker1",
          "personaID": "21869",
          "participantID": "4006",
          "utterance": "저는 수화통역가로일하고있어요!! 무슨일 하시나요?",
          "summary": "나는 수화 통역가로 일하고 있다",
          "date": "2022-10-29",
          "time": "15:08:02",
          "terminate": "false"
        },
        {
          "speaker": "speaker2",
          "personaID": "51924",
          "participantID": "9063",
          "utterance": "너무 멋진 직업을 갖고계시네요. 저는 대학원에 진학했다가 지금은 잠시 휴학중에 있습니다.",
          "summary": "나는 대학원에 진학했다가 지금은 휴학 중이다.",
          "date": "2022-10-29",
          "time": "15:09:03",
          "terminate": "false"
        },
        {
          "speaker": "speaker1",
          "personaID": "21869",
          "participantID": "4006",
          "utterance": "그러시군요 저는 가족 3명이랑 살고있는데 영화보러나왔어요",
          "summary": "나는 영화보러나왔다\n나의 가족은 3명이다.",
          "date": "2022-10-30",
          "time": "16:53:55",
          "terminate": "false"
        },
        {
          "speaker": "speaker2",
          "personaID": "51924",
          "participantID": "9063",
          "utterance": "오늘 날씨도 좋아서 외출하기 너무 좋은 날인것가같아요. 영화까지 보시니 더더욱 좋은 주말이네요 ^^ 영화 좋아하시나요?",
          "summary": "",
          "date": "2022-10-30",
          "time": "16:57:20",
          "terminate": "false"
        },
        {
          "speaker": "speaker1",
          "personaID": "21869",
          "participantID": "4006",
          "utterance": "저는 로맨스영화좋아해요ㅎ어떤영화좋아하세요?",
          "summary": "나는 로맨스 영화를 좋아한다",
          "date": "2022-10-30",
          "time": "17:12:33",
          "terminate": "false"
        },
        {
          "speaker": "speaker2",
          "personaID": "51924",
          "participantID": "9063",
          "utterance": "저는 코미디 영화를 좋아해요. 아무생각없이 즐길수있는 영화가 좋더라구요..ㅎㅎㅎㅎ",
          "summary": "나는 코미디 영화를 좋아한다.",
          "date": "2022-10-30",
          "time": "17:19:35",
          "terminate": "false"
        },
        {
          "speaker": "speaker1",
          "personaID": "21869",
          "participantID": "4006",
          "utterance": "공감합니다ㅎㅎ 오늘하루도 이렇게 시간이 가네요",
          "summary": "나는 오늘 하루도 이렇게 시간을 보냈다",
          "date": "2022-10-30",
          "time": "18:31:09",
          "terminate": "false"
        },
        {
          "speaker": "speaker2",
          "personaID": "51924",
          "participantID": "9063",
          "utterance": "좋아하는 음식 있으세요? 저는 별로 좋아하는 음식이 없어서 고민이에요~",
          "summary": "나는 좋아하는 음식이 없다.",
          "date": "2022-10-30",
          "time": "18:59:30",
          "terminate": "false"
        },
        {
          "speaker": "speaker1",
          "personaID": "21869",
          "participantID": "4006",
          "utterance": "저는 소고기좋아해요ㅎㅎ좋아하는 음식이없다니 놀라운데요?",
          "summary": "나는 소고기를 좋아한다",
          "date": "2022-10-30",
          "time": "19:15:54",
          "terminate": "false"
        },
        {
          "speaker": "speaker2",
          "personaID": "51924",
          "participantID": "9063",
          "utterance": "저도 놀라워요. 별로 좋아하는 음식이 없다는게 흔치 않은데말이에요..ㅋㅋㅋㅋㅋㅋ",
          "summary": ".-",
          "date": "2022-10-30",
          "time": "19:25:22",
          "terminate": "false"
        },
        {
          "speaker": "speaker1",
          "personaID": "21869",
          "participantID": "4006",
          "utterance": "그러게요 ㅎㅎ 오늘 하루도 금방 지나갔네요",
          "summary": "나는 오늘 하루도 금방 지나갔다",
          "date": "2022-10-30",
          "time": "20:10:50",
          "terminate": "false"
        },
        {
          "speaker": "speaker2",
          "personaID": "51924",
          "participantID": "9063",
          "utterance": "시간이 정말 빠르게 지나가네요. 죄송하지만 제가 일있어서 잠시만 가볼께요.,",
          "summary": "",
          "date": "2022-10-30",
          "time": "20:15:36",
          "terminate": "true"
        }
      ],
      "sessionPersonaSummary": {
        "speaker1": [
          "나는 20대 여성이다",
          "나는 수화 통역가로 일하고 있다",
          "나는 영화보러나왔다\n나의 가족은 3명이다.",
          "나는 로맨스 영화를 좋아한다",
          "나는 오늘 하루도 이렇게 시간을 보냈다",
          "나는 소고기를 좋아한다",
          "나는 오늘 하루도 금방 지나갔다"
        ],
        "speaker2": [
          "나는 50대 여성이다.",
          "나는 대학원에 진학했다가 지금은 휴학 중이다.",
          "나는 코미디 영화를 좋아한다.",
          "나는 좋아하는 음식이 없다.",
          ".-"
        ]
      },
      "prevAggregatedpersonaSummary": {
        "speaker1": [],
        "speaker2": []
      }
    },
    {
      "prevSessionID": "3-00364-1",
      "prevTimeInfo": {
        "timeNum": "1",
        "timeUnit": "주"
      },
      "nthSession": "2",
      "numberOfUtterances": "14",
      "numberOfTurns": "7",
      "sessionID": "3-00364-2",
      "dialog": [
        {
          "speaker": "speaker1",
          "personaID": "21869",
          "participantID": "4006",
          "utterance": "벌써 일주일이 지났네요ㅎㅎ저는감기걸려서 병원다녀왔어요",
          "summary": "나는 감기 걸려서 병원 다녀왔다",
          "date": "2022-10-30",
          "time": "23:06:20",
          "terminate": "false"
        },
        {
          "speaker": "speaker2",
          "personaID": "51924",
          "participantID": "9063",
          "utterance": "안녕하세요. 벌써 1주일이나 지났네요.. 요즘 환절기라 그런지 감기때문에 사람들이 엄청 많더라구요. 감기는 좀 괜찮으세요?",
          "summary": "",
          "date": "2022-10-31",
          "time": "09:03:02",
          "terminate": "false"
        },
        {
          "speaker": "speaker1",
          "personaID": "21869",
          "participantID": "4006",
          "utterance": "감기는 괜찮아요ㅎㅎ건조한날씨탓에 피부가 푸석하네요 마사지받으러다녀오려고요",
          "summary": "나는 건조한 날씨 탓에 피부가 푸석하다",
          "date": "2022-10-31",
          "time": "10:18:09",
          "terminate": "false"
        },
        {
          "speaker": "speaker2",
          "personaID": "51924",
          "participantID": "9063",
          "utterance": "저희 아이들도 지난주에 목감기가와서 병원갔는데 병원에 사람이 엄청 많더라구요. 1시간 기다렸다가 진료봤어요",
          "summary": "나는 지난주에 목감기 걸려서 병원에 다녀왔다",
          "date": "2022-10-31",
          "time": "11:38:48",
          "terminate": "false"
        },
        {
          "speaker": "speaker1",
          "personaID": "21869",
          "participantID": "4006",
          "utterance": "와 진짜감기가 유행인가바요 독감주사맞으려고요 저는ㅎㅎ",
          "summary": "나는 독감주사를 맞으려고 한다",
          "date": "2022-10-31",
          "time": "11:39:21",
          "terminate": "false"
        },
        {
          "speaker": "speaker2",
          "personaID": "51924",
          "participantID": "9063",
          "utterance": "저는 독감주사 맞았는데도 독감걸린적이 있어서..ㅠㅠ 저는 이제 맞지않고 아이들만 맞추고있어요..ㅎㅎㅎ 가족들이 다 맞기엔 너무 비싸요",
          "summary": "나는 독감주사가 비싸서 아이들만 맞추고 있다",
          "date": "2022-10-31",
          "time": "11:44:20",
          "terminate": "false"
        },
        {
          "speaker": "speaker1",
          "personaID": "21869",
          "participantID": "4006",
          "utterance": "미리예방하려고 맞아요 저는ㅎㅎ날씨추우니 따뜻한 차 마시면서 시간보내도 좋을거같아요",
          "summary": "나는 날씨 추우니 따뜻한 차 마시면서 시간 보내도 좋을 것 같다",
          "date": "2022-10-31",
          "time": "12:13:30",
          "terminate": "false"
        },
        {
          "speaker": "speaker2",
          "personaID": "51924",
          "participantID": "9063",
          "utterance": "바이러스가 너무 무서운게, 독감을 맞아도 걸리더라구요.. 저는 독감걸리신분과 같은 엘리베어타고 3층까지 같이 왓었는데..그때 전염..ㅋㅋㅋ",
          "summary": "나는 독감 걸린 사람과 같이 엘리베이터를 타서 독감에 걸렸다",
          "date": "2022-10-31",
          "time": "17:21:21",
          "terminate": "false"
        },
        {
          "speaker": "speaker1",
          "personaID": "21869",
          "participantID": "4006",
          "utterance": "전염력이 어마무시하네요 마스크 잘써야해요!!",
          "summary": "나는 마스크 잘 써야 한다고 생각한다.",
          "date": "2022-10-31",
          "time": "17:53:35",
          "terminate": "false"
        },
        {
          "speaker": "speaker2",
          "personaID": "51924",
          "participantID": "9063",
          "utterance": "마자요 마자요..마스크가 정말 필수인것같아요.  코로나 걸리신적 있으세요? 저는 8월말쯤에 걸렸었어요..나름 막바지에..걸렸어요",
          "summary": " 나는 8월에 코로나에 감염됐다",
          "date": "2022-10-31",
          "time": "17:57:57",
          "terminate": "false"
        },
        {
          "speaker": "speaker1",
          "personaID": "21869",
          "participantID": "4006",
          "utterance": "저는 저번달에 걸려서 가족모두고생했어요 얼마나 아팟나몰라요",
          "summary": "나는 지난달에 코로나에 걸려서 가족 모두 고생했다",
          "date": "2022-10-31",
          "time": "18:18:37",
          "terminate": "false"
        },
        {
          "speaker": "speaker2",
          "personaID": "51924",
          "participantID": "9063",
          "utterance": "아이쿠ㅜㅜ 증상이 없음 그나마 다행인데 많이고생하셨다니 넘 고생하셨어요! 고생하셨어요~휴유증도 꽤 오래가던데 괜찮으세요?",
          "summary": "",
          "date": "2022-10-31",
          "time": "19:20:15",
          "terminate": "false"
        },
        {
          "speaker": "speaker1",
          "personaID": "21869",
          "participantID": "4006",
          "utterance": "다행히후유증은 없었어요ㅎㅎ 오늘하루도 다갔네요",
          "summary": "나는 다행히 코로나 후유증은 없다",
          "date": "2022-10-31",
          "time": "19:38:44",
          "terminate": "false"
        },
        {
          "speaker": "speaker2",
          "personaID": "51924",
          "participantID": "9063",
          "utterance": "정말 다행이에요~ 저희도 다행히 저희가족도 휴유증없이 잘 지나갔어요~ 죄송한데 제가 일이 있어서 잠시만 가볼께요",
          "summary": "나는 코로나 후유증 없이 보냈다",
          "date": "2022-10-31",
          "time": "19:42:30",
          "terminate": "true"
        }
      ],
      "sessionPersonaSummary": {
        "speaker1": [
          "나는 감기 걸려서 병원 다녀왔다",
          "나는 건조한 날씨 탓에 피부가 푸석하다",
          "나는 독감주사를 맞으려고 한다",
          "나는 날씨 추우니 따뜻한 차 마시면서 시간 보내도 좋을 것 같다",
          "나는 마스크 잘 써야 한다고 생각한다.",
          "나는 지난달에 코로나에 걸려서 가족 모두 고생했다",
          "나는 다행히 코로나 후유증은 없다"
        ],
        "speaker2": [
          "나는 지난주에 목감기 걸려서 병원에 다녀왔다",
          "나는 독감주사가 비싸서 아이들만 맞추고 있다",
          "나는 독감 걸린 사람과 같이 엘리베이터를 타서 독감에 걸렸다",
          "나는 8월에 코로나에 감염됐다",
          "나는 코로나 후유증 없이 보냈다"
        ]
      },
      "prevAggregatedpersonaSummary": {
        "speaker1": [
          "나는 20대 여성이다",
          "나는 수화 통역가로 일하고 있다",
          "나는 영화보러나왔다\n나의 가족은 3명이다.",
          "나는 로맨스 영화를 좋아한다",
          "나는 오늘 하루도 이렇게 시간을 보냈다",
          "나는 소고기를 좋아한다",
          "나는 오늘 하루도 금방 지나갔다"
        ],
        "speaker2": [
          "나는 50대 여성이다.",
          "나는 대학원에 진학했다가 지금은 휴학 중이다.",
          "나는 코미디 영화를 좋아한다.",
          "나는 좋아하는 음식이 없다.",
          ".-"
        ]
      }
    },
    {
      "prevSessionID": "3-00364-2",
      "prevTimeInfo": {
        "timeNum": "12",
        "timeUnit": "시간"
      },
      "nthSession": "3",
      "numberOfUtterances": "14",
      "numberOfTurns": "7",
      "sessionID": "3-00364-3",
      "dialog": [
        {
          "speaker": "speaker1",
          "personaID": "21869",
          "participantID": "4006",
          "utterance": "열두시간이지났네요 일은 잘보셨나요?",
          "summary": "나는 12시간이 지났다",
          "date": "2022-11-01",
          "time": "10:38:41",
          "terminate": "false"
        },
        {
          "speaker": "speaker2",
          "personaID": "51924",
          "participantID": "9063",
          "utterance": "벌써 12시간이나 지났네요~ 잘지내셨나요?",
          "summary": "",
          "date": "2022-11-01",
          "time": "11:49:55",
          "terminate": "false"
        },
        {
          "speaker": "speaker1",
          "personaID": "21869",
          "participantID": "4006",
          "utterance": "네^^ 저는 머리손질할겸 미용실다녀왔어요",
          "summary": "나는 미용실 다녀왔다.",
          "date": "2022-11-01",
          "time": "12:56:55",
          "terminate": "false"
        },
        {
          "speaker": "speaker2",
          "personaID": "51924",
          "participantID": "9063",
          "utterance": "날씨도 좋은데 기분전환도 되셨겠네요 ^^",
          "summary": "",
          "date": "2022-11-01",
          "time": "12:58:27",
          "terminate": "false"
        },
        {
          "speaker": "speaker1",
          "personaID": "21869",
          "participantID": "4006",
          "utterance": "네오랜만에 머리하니 기분너무좋네요ㅎㅎ영화도한편보고 들어가려고요",
          "summary": "나는 오랜만에 머리 하니 기분이 좋다",
          "date": "2022-11-01",
          "time": "13:04:43",
          "terminate": "false"
        },
        {
          "speaker": "speaker2",
          "personaID": "51924",
          "participantID": "9063",
          "utterance": "영화까지 보면 정말 금상첨화네요. 자유로움이 너무 부럽습니다.",
          "summary": "나는 자유로움이 부럽다.",
          "date": "2022-11-01",
          "time": "13:12:46",
          "terminate": "false"
        },
        {
          "speaker": "speaker1",
          "personaID": "21869",
          "participantID": "4006",
          "utterance": "로맨스영화 뭐하는거 있나찾아보려고요ㅎㅎ 님은 뭐하시나요 오늘?",
          "summary": "나는 로맨스 영화를 찾고 있는 중이다",
          "date": "2022-11-01",
          "time": "13:34:50",
          "terminate": "false"
        },
        {
          "speaker": "speaker2",
          "personaID": "51924",
          "participantID": "9063",
          "utterance": "저는 오늘 목감기때문에 목이 부어서 너무 힘들어서 병원에 갈계획이에요.",
          "summary": "나는 목감기에 걸려 병원 갈 계획이다",
          "date": "2022-11-01",
          "time": "13:35:27",
          "terminate": "false"
        },
        {
          "speaker": "speaker1",
          "personaID": "21869",
          "participantID": "4006",
          "utterance": "아이고 힘드시겠어요ㅠ 따뜻한 도라지차 드세요 목아플때 좋아요",
          "summary": "나는 도라지차를 권장한다",
          "date": "2022-11-01",
          "time": "13:37:09",
          "terminate": "false"
        },
        {
          "speaker": "speaker2",
          "personaID": "51924",
          "participantID": "9063",
          "utterance": "오호 도라지차 괜찮겠네요~도라지차 면역력에도 좋을까요???",
          "summary": "",
          "date": "2022-11-01",
          "time": "15:10:20",
          "terminate": "false"
        },
        {
          "speaker": "speaker1",
          "personaID": "21869",
          "participantID": "4006",
          "utterance": "네 저두 챙겨먹고있어요 코로나걸렸을때도 목이너무아파서 도라지차 따뜻하게 마셨더니 좋아졌어요",
          "summary": "나는 목이 아플 때 도라지차를 따뜻하게 마셨더니 좋았다",
          "date": "2022-11-01",
          "time": "15:32:32",
          "terminate": "false"
        },
        {
          "speaker": "speaker2",
          "personaID": "51924",
          "participantID": "9063",
          "utterance": "꿀팁 너무 감사해요~요즘 건강차가 면역력에도 좋다고들 많이들 이야기하더라구요~",
          "summary": "",
          "date": "2022-11-01",
          "time": "15:44:09",
          "terminate": "false"
        },
        {
          "speaker": "speaker1",
          "personaID": "21869",
          "participantID": "4006",
          "utterance": "아이들도 배도라지차 기관지에 좋대요ㅎㅎ우리건강챙깁시다!!",
          "summary": "나는 아이들도 배도라지차가 기관지에 좋다고 추천하고 싶다",
          "date": "2022-11-02",
          "time": "10:47:06",
          "terminate": "false"
        },
        {
          "speaker": "speaker2",
          "personaID": "51924",
          "participantID": "9063",
          "utterance": "좋은 정보 너무 감사합니다. 오늘 배도라지차 좀 알아봐야겠네요. 죄송한데 제가일있어서 잠시만 가볼께요.",
          "summary": "",
          "date": "2022-11-02",
          "time": "11:09:06",
          "terminate": "true"
        }
      ],
      "sessionPersonaSummary": {
        "speaker1": [
          "나는 12시간이 지났다",
          "나는 미용실 다녀왔다.",
          "나는 오랜만에 머리 하니 기분이 좋다",
          "나는 로맨스 영화를 찾고 있는 중이다",
          "나는 도라지차를 권장한다",
          "나는 목이 아플 때 도라지차를 따뜻하게 마셨더니 좋았다",
          "나는 아이들도 배도라지차가 기관지에 좋다고 추천하고 싶다"
        ],
        "speaker2": [
          "나는 자유로움이 부럽다.",
          "나는 목감기에 걸려 병원 갈 계획이다"
        ]
      },
      "prevAggregatedpersonaSummary": {
        "speaker1": [
          "나는 20대 여성이다",
          "나는 수화 통역가로 일하고 있다",
          "나는 영화보러나왔다\n나의 가족은 3명이다.",
          "나는 로맨스 영화를 좋아한다",
          "나는 오늘 하루도 이렇게 시간을 보냈다",
          "나는 소고기를 좋아한다",
          "나는 오늘 하루도 금방 지나갔다",
          "나는 감기 걸려서 병원 다녀왔다",
          "나는 건조한 날씨 탓에 피부가 푸석하다",
          "나는 독감주사를 맞으려고 한다",
          "나는 날씨 추우니 따뜻한 차 마시면서 시간 보내도 좋을 것 같다",
          "나는 마스크 잘 써야 한다고 생각한다.",
          "나는 지난달에 코로나에 걸려서 가족 모두 고생했다",
          "나는 다행히 코로나 후유증은 없다"
        ],
        "speaker2": [
          "나는 50대 여성이다.",
          "나는 대학원에 진학했다가 지금은 휴학 중이다.",
          "나는 코미디 영화를 좋아한다.",
          "나는 좋아하는 음식이 없다.",
          ".-",
          "나는 지난주에 목감기 걸려서 병원에 다녀왔다",
          "나는 독감주사가 비싸서 아이들만 맞추고 있다",
          "나는 독감 걸린 사람과 같이 엘리베이터를 타서 독감에 걸렸다",
          "나는 8월에 코로나에 감염됐다",
          "나는 코로나 후유증 없이 보냈다"
        ]
      }
    }
  ]
}