{
  "FileInfo": {
    "filename": "K3-00108-CL20430-CP12625-08-07-S3.json",
    "sessionLevel": "3"
  },
  "participantsInfo": {
    "numberOfParticipants": "2",
    "speaker1": {
      "participantID": "0196",
      "gender": "남성",
      "age": "30대",
      "occupation": "기타",
      "bPlace": "부산/대구/울산/경상",
      "gPlace": "부산/대구/울산/경상",
      "rPlace": "부산/대구/울산/경상",
      "educationLevel": "대졸"
    },
    "speaker2": {
      "participantID": "0135",
      "gender": "여성",
      "age": "20대",
      "occupation": "학생",
      "bPlace": "서울/경기/인천",
      "gPlace": "광주/전라/제주",
      "rPlace": "서울/경기/인천",
      "educationLevel": "대졸"
    }
  },
  "multisessionInfo": {
    "multisessionID": "3-00108"
  },
  "personaInfo": {
    "clInfo": {
      "personaID": "20430",
      "personaFeatures": [
        "나는 남자이다.",
        "나는 20대이다.",
        "나는 커피를 싫어한다",
        "나는 필리핀으로 유학을 간다",
        "나는 클라이밍을 싫어한다"
      ],
      "speakerType": "speaker1"
    },
    "cpInfo": {
      "personaID": "12625",
      "personaFeatures": [
        "나는 여자이다.",
        "나는 10대이다.",
        "내가 사는 곳은 고양이다",
        "나는 학원을 다니는 게 괴롭다",
        "나는 떡볶이를 안 먹는다",
        "나는 가끔 죄책감이 든다"
      ],
      "speakerType": "speaker2"
    }
  },
  "topicInfo": {
    "topicID": "08-07",
    "topicType": "개인 및 관계>연애/결혼",
    "topicTitle": "소개팅/미팅"
  },
  "sessionInfo": [
    {
      "prevSessionID": null,
      "prevTimeInfo": {
        "timeNum": null,
        "timeUnit": null
      },
      "nthSession": "1",
      "numberOfUtterances": "15",
      "numberOfTurns": "7",
      "sessionID": "3-00108-1",
      "dialog": [
        {
          "speaker": "speaker1",
          "personaID": "20430",
          "participantID": "0196",
          "utterance": "반가워요, 전 20대고 남자예요.",
          "summary": "나는 20대 남자이다.",
          "date": "2022-11-10",
          "time": "12:34:37",
          "terminate": "false"
        },
        {
          "speaker": "speaker2",
          "personaID": "12625",
          "participantID": "0135",
          "utterance": "안녕하세요 저는 고양에 거주하고있는 10대 여자입니다!",
          "summary": "나는 고양에 산다. 나는 10대 여자다.",
          "date": "2022-11-10",
          "time": "12:35:13",
          "terminate": "false"
        },
        {
          "speaker": "speaker1",
          "personaID": "20430",
          "participantID": "0196",
          "utterance": "반가워요~ 저는 지금 클라이밍 하기 싫은데 친구한테 억지로 붙들려 나왔어요..",
          "summary": "나는 클라이밍이 하기 싫다.",
          "date": "2022-11-10",
          "time": "12:35:48",
          "terminate": "false"
        },
        {
          "speaker": "speaker2",
          "personaID": "12625",
          "participantID": "0135",
          "utterance": "앗 정말요? 재미있을거같은데요? 저는 학원을 다니는게 너무 괴로워요!",
          "summary": "나는 학원에 다니는 것이 괴롭다.",
          "date": "2022-11-10",
          "time": "12:36:21",
          "terminate": "false"
        },
        {
          "speaker": "speaker1",
          "personaID": "20430",
          "participantID": "0196",
          "utterance": "에구 ㅠ 무슨학원을 다니시나요? 전 영어를 좀더잘하고싶어서 2년후에 필리핀으로 유학가기로했어요.",
          "summary": "나는 영어를 더 잘하고 싶어서 2년 후 필리핀으로 유학을 간다.",
          "date": "2022-11-10",
          "time": "12:36:46",
          "terminate": "false"
        },
        {
          "speaker": "speaker2",
          "personaID": "12625",
          "participantID": "0135",
          "utterance": "오 정말요? 저는 학원을 5군데나 다녀요 ㅠㅠ 그런데 성적이 잘안나와서 가끔 죄책감이 들어요!",
          "summary": "나는 학원을 5 군데 다닌다. 나는 성적이 안 나와서 죄책감이 든다.",
          "date": "2022-11-10",
          "time": "12:38:26",
          "terminate": "false"
        },
        {
          "speaker": "speaker1",
          "personaID": "20430",
          "participantID": "0196",
          "utterance": "헐 ㅠ되게 바쁘게 사시네요. 많이 피곤할것같아요. 커피좋아해요? 전 커피싫어하는데 커피기프티콘 있거든요.",
          "summary": "나는 커피를 싫어하는데 커피 기프티콘이 있다.",
          "date": "2022-11-10",
          "time": "12:39:03",
          "terminate": "false"
        },
        {
          "speaker": "speaker2",
          "personaID": "12625",
          "participantID": "0135",
          "utterance": "앗 그럼 저주세요! 저는 커피없으면 공부를 못하거든요! 호호",
          "summary": "나는 커피 없으면 공부를 못한다.",
          "date": "2022-11-10",
          "time": "12:40:11",
          "terminate": "false"
        },
        {
          "speaker": "speaker1",
          "personaID": "20430",
          "participantID": "0196",
          "utterance": "그쵸? 커피 마니마실것같더라고요. 커피 어떤거좋아해요? @브랜드명@기프티콘인데. 돌체라떼 좋아해요?",
          "summary": "",
          "date": "2022-11-10",
          "time": "12:40:30",
          "terminate": "false"
        },
        {
          "speaker": "speaker2",
          "personaID": "12625",
          "participantID": "0135",
          "utterance": "와 제일좋아해요! ㅠㅠ 돌체라떼 엄청 비싸잖아요!\n",
          "summary": "나는 돌체 라테를 좋아한다.",
          "date": "2022-11-10",
          "time": "12:42:07",
          "terminate": "false"
        },
        {
          "speaker": "speaker1",
          "personaID": "20430",
          "participantID": "0196",
          "utterance": "많이 안비싼데.. 아 아직 고등학생이라 비싸게느껴지나봐요 ㅎㅎ 직장인되어서 돈벌면 그렇게 비싼감도 없어요. 기프티콘 줄게요. 나중에 이메일이나 카톡아이디 알려줘요 ㅋㅋ",
          "summary": "",
          "date": "2022-11-10",
          "time": "12:42:51",
          "terminate": "false"
        },
        {
          "speaker": "speaker2",
          "personaID": "12625",
          "participantID": "0135",
          "utterance": "감사합니다! 제가 떡볶이를 매워서 안먹는데 돌체라떼가 있으면 먹을주있을거같아요!",
          "summary": "나는 떡볶이를 매워서 안 먹는다.",
          "date": "2022-11-10",
          "time": "12:43:23",
          "terminate": "false"
        },
        {
          "speaker": "speaker1",
          "personaID": "20430",
          "participantID": "0196",
          "utterance": "ㅎㅎ네. 제가다 뿌듯하네요. 담에그럼 떡볶이먹으면서 돌체라떼 먹어봐요.",
          "summary": "",
          "date": "2022-11-10",
          "time": "12:45:44",
          "terminate": "false"
        },
        {
          "speaker": "speaker2",
          "personaID": "12625",
          "participantID": "0135",
          "utterance": "네 감사합니다! 그럼 저는 이제 학원가볼게요!\n",
          "summary": "나는 학원에 가야 한다.",
          "date": "2022-11-10",
          "time": "12:45:59",
          "terminate": "false"
        },
        {
          "speaker": "speaker1",
          "personaID": "20430",
          "participantID": "0196",
          "utterance": "네. 학원에 조심히 잘다녀와요. 저도 일하러갈게요.",
          "summary": "",
          "date": "2022-11-10",
          "time": "12:46:15",
          "terminate": "true"
        }
      ],
      "sessionPersonaSummary": {
        "speaker1": [
          "나는 20대 남자이다.",
          "나는 클라이밍이 하기 싫다.",
          "나는 영어를 더 잘하고 싶어서 2년 후 필리핀으로 유학을 간다.",
          "나는 커피를 싫어하는데 커피 기프티콘이 있다."
        ],
        "speaker2": [
          "나는 고양에 산다. 나는 10대 여자다.",
          "나는 학원에 다니는 것이 괴롭다.",
          "나는 학원을 5 군데 다닌다. 나는 성적이 안 나와서 죄책감이 든다.",
          "나는 커피 없으면 공부를 못한다.",
          "나는 돌체 라테를 좋아한다.",
          "나는 떡볶이를 매워서 안 먹는다.",
          "나는 학원에 가야 한다."
        ]
      },
      "prevAggregatedpersonaSummary": {
        "speaker1": [],
        "speaker2": []
      }
    },
    {
      "prevSessionID": "3-00108-1",
      "prevTimeInfo": {
        "timeNum": "44",
        "timeUnit": "시간"
      },
      "nthSession": "2",
      "numberOfUtterances": "15",
      "numberOfTurns": "7",
      "sessionID": "3-00108-2",
      "dialog": [
        {
          "speaker": "speaker1",
          "personaID": "20430",
          "participantID": "0196",
          "utterance": "44시간이 지났네요. 이틀이 지나기전에 생각나서 연락해요 ㅋㅋ 오늘도 학원가느라 바쁜가요?ㅠㅠ",
          "summary": "",
          "date": "2022-11-10",
          "time": "12:48:00",
          "terminate": "false"
        },
        {
          "speaker": "speaker2",
          "personaID": "12625",
          "participantID": "0135",
          "utterance": "오 좀 설레는 말투네요! 호호 맞아요.... 곧 학원에 가야해요ㅠㅠ",
          "summary": "나는 상대방에게 설렜다. 나는 곧 학원에 가야 한다.",
          "date": "2022-11-10",
          "time": "12:48:34",
          "terminate": "false"
        },
        {
          "speaker": "speaker1",
          "personaID": "20430",
          "participantID": "0196",
          "utterance": "ㅋㅋ 혹시 애인있어요? 저는 애인없어서, 다음주에 소개팅가요..떨려요",
          "summary": "나는 애인이 없어서 다음 주에 소개팅을 간다.",
          "date": "2022-11-10",
          "time": "12:48:57",
          "terminate": "false"
        },
        {
          "speaker": "speaker2",
          "personaID": "12625",
          "participantID": "0135",
          "utterance": "오 정말요? 소개팅은 처음인가요?",
          "summary": "",
          "date": "2022-11-10",
          "time": "12:49:27",
          "terminate": "false"
        },
        {
          "speaker": "speaker1",
          "personaID": "20430",
          "participantID": "0196",
          "utterance": "네 처음이에요.. 사진보니 제 이상형이던데.. 뭘입고가야할지 고민이에요.",
          "summary": "",
          "date": "2022-11-10",
          "time": "12:49:46",
          "terminate": "false"
        },
        {
          "speaker": "speaker2",
          "personaID": "12625",
          "participantID": "0135",
          "utterance": "오 정말요? 이상형이 어떻게 되세요?",
          "summary": "",
          "date": "2022-11-10",
          "time": "12:50:07",
          "terminate": "false"
        },
        {
          "speaker": "speaker1",
          "personaID": "20430",
          "participantID": "0196",
          "utterance": "저는 좀 청순하고 단아한 외모를 좋아해요.. 단발에다가..따흑.. 생각하니 넘 설레네요.",
          "summary": "나는 청순하고 단아한 외모를 좋아한다.",
          "date": "2022-11-10",
          "time": "12:50:36",
          "terminate": "false"
        },
        {
          "speaker": "speaker2",
          "personaID": "12625",
          "participantID": "0135",
          "utterance": "앗 단발을좋아하시나봐요! 남자들은 긴생머리 좋아하지 않나요?\n",
          "summary": "",
          "date": "2022-11-10",
          "time": "12:50:52",
          "terminate": "false"
        },
        {
          "speaker": "speaker1",
          "personaID": "20430",
          "participantID": "0196",
          "utterance": "저는 단발이 더 좋아요 ㅎ 그게더 예쁘고 귀여워보여서요. 님은 머리가 기신편인가요?",
          "summary": "나는 단발이 더 좋다.",
          "date": "2022-11-10",
          "time": "12:51:44",
          "terminate": "false"
        },
        {
          "speaker": "speaker2",
          "personaID": "12625",
          "participantID": "0135",
          "utterance": "네! 학생이다 보니 아직 귀밑 15센치랍니다! 호호 님은 결혼생각있으세요?",
          "summary": "나는 학생이라 머리가 귀밑 15cm이다.",
          "date": "2022-11-10",
          "time": "12:52:18",
          "terminate": "false"
        },
        {
          "speaker": "speaker1",
          "personaID": "20430",
          "participantID": "0196",
          "utterance": "결혼이야 하고싶죠. 근데 저를 좋아해줄 여자가 있을련지 ㅜ.ㅜ",
          "summary": "나는 결혼을 하고 싶다.",
          "date": "2022-11-10",
          "time": "12:52:45",
          "terminate": "false"
        },
        {
          "speaker": "speaker2",
          "personaID": "12625",
          "participantID": "0135",
          "utterance": "왜요 ㅠㅠ 매력있으신데요! 아까 저도 심쿵했는걸요?",
          "summary": "나는 상대방이 매력 있다고 생각한다.",
          "date": "2022-11-10",
          "time": "12:53:03",
          "terminate": "false"
        },
        {
          "speaker": "speaker1",
          "personaID": "20430",
          "participantID": "0196",
          "utterance": "아 ㅋㅋ 감사합니다..아니지 감사하면안되나 아직 어린데..ㅋㅋ 고마워요 착한동생^^",
          "summary": "",
          "date": "2022-11-10",
          "time": "12:53:36",
          "terminate": "false"
        },
        {
          "speaker": "speaker2",
          "personaID": "12625",
          "participantID": "0135",
          "utterance": "그럼 저는 이제 학원가볼게요 오빠 소개팅 잘하세요 ! ",
          "summary": "나는 학원에 가야 한다.",
          "date": "2022-11-10",
          "time": "12:54:10",
          "terminate": "false"
        },
        {
          "speaker": "speaker1",
          "personaID": "20430",
          "participantID": "0196",
          "utterance": "고마워요. 학원조심히가요^^ 밥잘챙겨먹고요.",
          "summary": "",
          "date": "2022-11-10",
          "time": "12:54:30",
          "terminate": "true"
        }
      ],
      "sessionPersonaSummary": {
        "speaker1": [
          "나는 애인이 없어서 다음 주에 소개팅을 간다.",
          "나는 청순하고 단아한 외모를 좋아한다.",
          "나는 단발이 더 좋다.",
          "나는 결혼을 하고 싶다."
        ],
        "speaker2": [
          "나는 상대방에게 설렜다. 나는 곧 학원에 가야 한다.",
          "나는 학생이라 머리가 귀밑 15cm이다.",
          "나는 상대방이 매력 있다고 생각한다.",
          "나는 학원에 가야 한다."
        ]
      },
      "prevAggregatedpersonaSummary": {
        "speaker1": [
          "나는 20대 남자이다.",
          "나는 클라이밍이 하기 싫다.",
          "나는 영어를 더 잘하고 싶어서 2년 후 필리핀으로 유학을 간다.",
          "나는 커피를 싫어하는데 커피 기프티콘이 있다."
        ],
        "speaker2": [
          "나는 고양에 산다. 나는 10대 여자다.",
          "나는 학원에 다니는 것이 괴롭다.",
          "나는 학원을 5 군데 다닌다. 나는 성적이 안 나와서 죄책감이 든다.",
          "나는 커피 없으면 공부를 못한다.",
          "나는 돌체 라테를 좋아한다.",
          "나는 떡볶이를 매워서 안 먹는다.",
          "나는 학원에 가야 한다."
        ]
      }
    },
    {
      "prevSessionID": "3-00108-2",
      "prevTimeInfo": {
        "timeNum": "11",
        "timeUnit": "시간"
      },
      "nthSession": "3",
      "numberOfUtterances": "15",
      "numberOfTurns": "7",
      "sessionID": "3-00108-3",
      "dialog": [
        {
          "speaker": "speaker1",
          "personaID": "20430",
          "participantID": "0196",
          "utterance": "11시간이 훌쩍 지났어요. 저는 이제 퇴근했습니다.ㅎㅎ 학원 잘다녀왔어요?",
          "summary": "",
          "date": "2022-11-10",
          "time": "12:56:38",
          "terminate": "false"
        },
        {
          "speaker": "speaker2",
          "personaID": "12625",
          "participantID": "0135",
          "utterance": "네! 후 오늘 공부가 너무 잘되서 기분이 좋네요! ",
          "summary": "나는 오늘 기분이 좋다.",
          "date": "2022-11-10",
          "time": "12:58:03",
          "terminate": "false"
        },
        {
          "speaker": "speaker1",
          "personaID": "20430",
          "participantID": "0196",
          "utterance": "다행이에요. 공부하는것도 스트레슨데 ㅎㅎ 저는 운동할까 고민이에요.",
          "summary": "나는 운동을 할까 고민 중이다.",
          "date": "2022-11-10",
          "time": "12:58:57",
          "terminate": "false"
        },
        {
          "speaker": "speaker2",
          "personaID": "12625",
          "participantID": "0135",
          "utterance": "오 무슨운동하세요? 클라이밍이요?",
          "summary": "",
          "date": "2022-11-10",
          "time": "12:59:28",
          "terminate": "false"
        },
        {
          "speaker": "speaker1",
          "personaID": "20430",
          "participantID": "0196",
          "utterance": "아녀 클라이밍 친구한테 붙들려간날이 처음이자 마지막이였어요 ㅋㅋ 저 수영이나 해볼까하고요.",
          "summary": "나는 수영을 해볼까 한다.",
          "date": "2022-11-10",
          "time": "13:00:10",
          "terminate": "false"
        },
        {
          "speaker": "speaker2",
          "personaID": "12625",
          "participantID": "0135",
          "utterance": "오 저도 여름에 수영배워볼까하는데! ",
          "summary": "나는 여름에 수영을 배워볼 것이다.",
          "date": "2022-11-10",
          "time": "13:00:27",
          "terminate": "false"
        },
        {
          "speaker": "speaker1",
          "personaID": "20430",
          "participantID": "0196",
          "utterance": "아그래요? 저 다음주 소개팅 있기전에 바싹 빼려고요. 그러면 헬스가 나으려나요?",
          "summary": "나는 소개팅이 있기 전에 살을 빼려고 한다.",
          "date": "2022-11-10",
          "time": "13:00:53",
          "terminate": "false"
        },
        {
          "speaker": "speaker2",
          "personaID": "12625",
          "participantID": "0135",
          "utterance": "그럼 헬스를 하셔야죠 셔츠살짝 걷어서 핏줄보면 여자들이 엄청 섹시해 한다니까요? 호호",
          "summary": "",
          "date": "2022-11-10",
          "time": "13:01:17",
          "terminate": "false"
        },
        {
          "speaker": "speaker1",
          "personaID": "20430",
          "participantID": "0196",
          "utterance": "아그래요? 그럼 헬스 바짝 해야겠네요. 집근처에 헬스 3개월에 9만원 있어요.엄청싸죠.",
          "summary": "나는 집 근처 헬스장이 3개월에 9만 원이다.",
          "date": "2022-11-10",
          "time": "13:01:42",
          "terminate": "false"
        },
        {
          "speaker": "speaker2",
          "personaID": "12625",
          "participantID": "0135",
          "utterance": "와 대박인데요? 한달에 삼만원이면 하루에 천원정도네요?",
          "summary": "",
          "date": "2022-11-10",
          "time": "13:02:15",
          "terminate": "false"
        },
        {
          "speaker": "speaker1",
          "personaID": "20430",
          "participantID": "0196",
          "utterance": "그러니까요. 거기 안에 들어가봤는데 시설도 괜찮더라고요. 등록해야겠어요. 님은 걷기말고다른운동 하는거 있어요?",
          "summary": "",
          "date": "2022-11-10",
          "time": "13:02:47",
          "terminate": "false"
        },
        {
          "speaker": "speaker2",
          "personaID": "12625",
          "participantID": "0135",
          "utterance": "아니요 ㅠㅠ 저는 수능끝나고 운동다니려구요!",
          "summary": "나는 수능 끝나고 운동을 다닐 것이다.",
          "date": "2022-11-10",
          "time": "13:03:07",
          "terminate": "false"
        },
        {
          "speaker": "speaker1",
          "personaID": "20430",
          "participantID": "0196",
          "utterance": "아하 그렇군요 ㅎ 저는 학생때 줄넘기도 도움이 되더라고요. 푸쉬업도그렇고. 여자분들은 푸시업이 힘들겠지만요.",
          "summary": "나는 학생 때 줄넘기가 도움이 됐다.",
          "date": "2022-11-10",
          "time": "13:03:30",
          "terminate": "false"
        },
        {
          "speaker": "speaker2",
          "personaID": "12625",
          "participantID": "0135",
          "utterance": "네! 그럼 저 수능공부하러 가볼게요! 소개팅잘하시구요 운동도 화이링~",
          "summary": "나는 공부하러 갈 것이다.",
          "date": "2022-11-10",
          "time": "13:03:56",
          "terminate": "false"
        },
        {
          "speaker": "speaker1",
          "personaID": "20430",
          "participantID": "0196",
          "utterance": "감사합니다~ 수능공부열심히 하시구요. 건강도 잘챙겨요.",
          "summary": "",
          "date": "2022-11-10",
          "time": "13:04:33",
          "terminate": "true"
        }
      ],
      "sessionPersonaSummary": {
        "speaker1": [
          "나는 운동을 할까 고민 중이다.",
          "나는 수영을 해볼까 한다.",
          "나는 소개팅이 있기 전에 살을 빼려고 한다.",
          "나는 집 근처 헬스장이 3개월에 9만 원이다.",
          "나는 학생 때 줄넘기가 도움이 됐다."
        ],
        "speaker2": [
          "나는 오늘 기분이 좋다.",
          "나는 여름에 수영을 배워볼 것이다.",
          "나는 수능 끝나고 운동을 다닐 것이다.",
          "나는 공부하러 갈 것이다."
        ]
      },
      "prevAggregatedpersonaSummary": {
        "speaker1": [
          "나는 20대 남자이다.",
          "나는 클라이밍이 하기 싫다.",
          "나는 영어를 더 잘하고 싶어서 2년 후 필리핀으로 유학을 간다.",
          "나는 커피를 싫어하는데 커피 기프티콘이 있다.",
          "나는 애인이 없어서 다음 주에 소개팅을 간다.",
          "나는 청순하고 단아한 외모를 좋아한다.",
          "나는 단발이 더 좋다.",
          "나는 결혼을 하고 싶다."
        ],
        "speaker2": [
          "나는 고양에 산다. 나는 10대 여자다.",
          "나는 학원에 다니는 것이 괴롭다.",
          "나는 학원을 5 군데 다닌다. 나는 성적이 안 나와서 죄책감이 든다.",
          "나는 커피 없으면 공부를 못한다.",
          "나는 돌체 라테를 좋아한다.",
          "나는 떡볶이를 매워서 안 먹는다.",
          "나는 학원에 가야 한다.",
          "나는 상대방에게 설렜다. 나는 곧 학원에 가야 한다.",
          "나는 학생이라 머리가 귀밑 15cm이다.",
          "나는 상대방이 매력 있다고 생각한다.",
          "나는 학원에 가야 한다."
        ]
      }
    }
  ]
}