{
  "FileInfo": {
    "filename": "K3-00308-CL31888-CP52024-04-07-S3.json",
    "sessionLevel": "3"
  },
  "participantsInfo": {
    "numberOfParticipants": "2",
    "speaker1": {
      "participantID": "3226",
      "gender": "여성",
      "age": "30대",
      "occupation": "사무직",
      "bPlace": "부산/대구/울산/경상",
      "gPlace": "부산/대구/울산/경상",
      "rPlace": "부산/대구/울산/경상",
      "educationLevel": "대졸"
    },
    "speaker2": {
      "participantID": "3341",
      "gender": "여성",
      "age": "60대 이상",
      "occupation": "퇴직/연금생활자",
      "bPlace": "대전/세종/충청/강원",
      "gPlace": "대전/세종/충청/강원",
      "rPlace": "서울/경기/인천",
      "educationLevel": "대학원졸"
    }
  },
  "multisessionInfo": {
    "multisessionID": "3-00308"
  },
  "personaInfo": {
    "clInfo": {
      "personaID": "31888",
      "personaFeatures": [
        "나는 여자이다.",
        "나는 30대이다.",
        "나는 경호원이다",
        "나는 사진을 찍는 것을 싫어한다",
        "나는 시를 싫어한다"
      ],
      "speakerType": "speaker1"
    },
    "cpInfo": {
      "personaID": "52024",
      "personaFeatures": [
        "나는 여자이다.",
        "나는 50대이다.",
        "나는 판사이다",
        "나는 스포츠 TV를 싫어한다",
        "나는 무화과를 싫어한다"
      ],
      "speakerType": "speaker2"
    }
  },
  "topicInfo": {
    "topicID": "04-07",
    "topicType": "일과 직업>회사/아르바이트",
    "topicTitle": "회식"
  },
  "sessionInfo": [
    {
      "prevSessionID": null,
      "prevTimeInfo": {
        "timeNum": null,
        "timeUnit": null
      },
      "nthSession": "1",
      "numberOfUtterances": "16",
      "numberOfTurns": "8",
      "sessionID": "3-00308-1",
      "dialog": [
        {
          "speaker": "speaker1",
          "personaID": "31888",
          "participantID": "3226",
          "utterance": "안녕하세요 저는 30대 여성이에요",
          "summary": "나는 30대 여성이다.",
          "date": "2022-10-12",
          "time": "00:52:55",
          "terminate": "false"
        },
        {
          "speaker": "speaker2",
          "personaID": "52024",
          "participantID": "3341",
          "utterance": "안녕하세요. 저는 50대 여성 판사입니다. 스포츠를 tv로 보는 것을 좋아하세요? ",
          "summary": "나는 50대 여성이고 판사이다",
          "date": "2022-10-12",
          "time": "01:33:55",
          "terminate": "false"
        },
        {
          "speaker": "speaker1",
          "personaID": "31888",
          "participantID": "3226",
          "utterance": "저는 경호원으로 일하고 있어요. 일이 바빠 tv를 잘 못 보네요. 좋아하세요?",
          "summary": "나는 경호원이다. 나는 일이 바빠 tv를 잘 못 본다.",
          "date": "2022-10-12",
          "time": "10:52:06",
          "terminate": "false"
        },
        {
          "speaker": "speaker2",
          "personaID": "52024",
          "participantID": "3341",
          "utterance": "저는 스포츠는 tv로 보기  싫거든요. 직접 해야 한다고 생각하거든요. 경호원이시면 몸을 많이 움직이시겠네요. 운동은 직접해야겠지요?",
          "summary": "나는 스포츠를 tv로 보기 싫어한다",
          "date": "2022-10-12",
          "time": "13:29:47",
          "terminate": "false"
        },
        {
          "speaker": "speaker1",
          "personaID": "31888",
          "participantID": "3226",
          "utterance": "네, 운동에 많은 시간을 할애하지만 운동을 좋아하지는 않아요. 취미는 있나요? 보통은 독서를 좋아하시던데, 저는 시를 싫어해요.",
          "summary": "운동은 좋아하지 않고 시를 싫어한다.",
          "date": "2022-10-12",
          "time": "17:58:17",
          "terminate": "false"
        },
        {
          "speaker": "speaker2",
          "personaID": "52024",
          "participantID": "3341",
          "utterance": "저는 시를 좋아하는데요. 무화과 열매는 꽃도 피지 않고 열리잖아요. 그런 자연의 이치를 거스르는 것을 저는 싫어하거든요. 과일은 과일다워야 한다고 생각해요. ",
          "summary": "나는 시를 좋아하지만 무화과는 싫어한다",
          "date": "2022-10-12",
          "time": "17:59:55",
          "terminate": "false"
        },
        {
          "speaker": "speaker1",
          "personaID": "31888",
          "participantID": "3226",
          "utterance": "심오한 말이네요. 철학 같은 거 좋아하시나요?",
          "summary": "",
          "date": "2022-10-12",
          "time": "18:01:13",
          "terminate": "false"
        },
        {
          "speaker": "speaker2",
          "personaID": "52024",
          "participantID": "3341",
          "utterance": "아니요. 그렇지도 않아요. 그저 무화과를 싫어한다는 거예요. 과일은 꽃도 피고 암수 수정도 하고 열매를 맺어야 자연스러운 거잖아요. ",
          "summary": "",
          "date": "2022-10-12",
          "time": "18:03:26",
          "terminate": "false"
        },
        {
          "speaker": "speaker1",
          "personaID": "31888",
          "participantID": "3226",
          "utterance": "그렇죠. 저는 무화과 향 때문에 좋아하는데, 그렇게 생각해 본 적은 한 번도 없네요. 뭔가 시인 같으셨어요, 방금. 아, 저는 사진 찍는 것을 싫어해서 그렇게 좋아하는 무화과 사진도 한 장이 없네요.",
          "summary": "나는 사진 찍는 것을 싫어한다.",
          "date": "2022-10-12",
          "time": "18:05:11",
          "terminate": "false"
        },
        {
          "speaker": "speaker2",
          "personaID": "52024",
          "participantID": "3341",
          "utterance": "사진 찍는 거 싫어하시는군요. 자기 색깔이 분명한 사람이 저는 좋더라고요. 싫은 건 싫은거지요. 저는 스포츠 tv 보는 거랑 무화과를 싫어해요. ",
          "summary": "나는 자기 색깔이 분명한 사람이 좋다",
          "date": "2022-10-12",
          "time": "18:56:28",
          "terminate": "false"
        },
        {
          "speaker": "speaker1",
          "personaID": "31888",
          "participantID": "3226",
          "utterance": "저도 스포츠 tv 잘 안 보기는 하는데, 보면 집중이 안 될 것 같기는 해요. 좋아하는 건 없으세요?",
          "summary": "",
          "date": "2022-10-12",
          "time": "19:24:02",
          "terminate": "false"
        },
        {
          "speaker": "speaker2",
          "personaID": "52024",
          "participantID": "3341",
          "utterance": "운동하기를 좋아하고요. 요리도 좋아하고, 무화과는 싫지만 모든 과일은 다 좋아해요. ",
          "summary": "나는 운동과 요라 하기를 좋아하고 무화과를 제외한 과일을 좋아한다",
          "date": "2022-10-12",
          "time": "19:25:01",
          "terminate": "false"
        },
        {
          "speaker": "speaker1",
          "personaID": "31888",
          "participantID": "3226",
          "utterance": "정말 취향이 확실하신 것 같아요. 저는 과일은 자주 먹지는 않지만, 배랑 수박처럼 수분이 많은 과일을 좋아해요.",
          "summary": "수분이 많은 과일을 좋아한다.",
          "date": "2022-10-12",
          "time": "19:26:18",
          "terminate": "false"
        },
        {
          "speaker": "speaker2",
          "personaID": "52024",
          "participantID": "3341",
          "utterance": "수분이 많은 과일이 건강에 좋대요. 모쪼록 건강하시길 바랍니다. ",
          "summary": "",
          "date": "2022-10-12",
          "time": "20:13:56",
          "terminate": "false"
        },
        {
          "speaker": "speaker1",
          "personaID": "31888",
          "participantID": "3226",
          "utterance": "네, 건강 걱정해 주시니 감사합니다. 촉촉한 가을 보내세요!",
          "summary": "",
          "date": "2022-10-12",
          "time": "20:25:28",
          "terminate": "false"
        },
        {
          "speaker": "speaker2",
          "personaID": "52024",
          "participantID": "3341",
          "utterance": "네 좋은 계절 가을날 다시 만나 대화해요. ",
          "summary": "",
          "date": "2022-10-12",
          "time": "20:27:27",
          "terminate": "true"
        }
      ],
      "sessionPersonaSummary": {
        "speaker1": [
          "나는 30대 여성이다.",
          "나는 경호원이다. 나는 일이 바빠 tv를 잘 못 본다.",
          "운동은 좋아하지 않고 시를 싫어한다.",
          "나는 사진 찍는 것을 싫어한다.",
          "수분이 많은 과일을 좋아한다."
        ],
        "speaker2": [
          "나는 50대 여성이고 판사이다",
          "나는 스포츠를 tv로 보기 싫어한다",
          "나는 시를 좋아하지만 무화과는 싫어한다",
          "나는 자기 색깔이 분명한 사람이 좋다",
          "나는 운동과 요라 하기를 좋아하고 무화과를 제외한 과일을 좋아한다"
        ]
      },
      "prevAggregatedpersonaSummary": {
        "speaker1": [],
        "speaker2": []
      }
    },
    {
      "prevSessionID": "3-00308-1",
      "prevTimeInfo": {
        "timeNum": "40",
        "timeUnit": "시간"
      },
      "nthSession": "2",
      "numberOfUtterances": "18",
      "numberOfTurns": "9",
      "sessionID": "3-00308-2",
      "dialog": [
        {
          "speaker": "speaker1",
          "personaID": "31888",
          "participantID": "3226",
          "utterance": "근무 오래 서고 왔더니 40 시간이 훌쩍 지났네요. 식사는 잘하고 계시죠?",
          "summary": "",
          "date": "2022-10-12",
          "time": "20:31:44",
          "terminate": "false"
        },
        {
          "speaker": "speaker2",
          "personaID": "52024",
          "participantID": "3341",
          "utterance": "벌써 그렇게 되었네요. 경호원이라고 하셨죠? 회사 분위기는 좋아요?",
          "summary": "",
          "date": "2022-10-12",
          "time": "20:32:19",
          "terminate": "false"
        },
        {
          "speaker": "speaker1",
          "personaID": "31888",
          "participantID": "3226",
          "utterance": "보통 팀으로 일을 해서 회사 분위기는 좋습니다. 다들 서로서로 배려해서요. 전에 판사라고 하셨는데, 일은 어떠세요? 힘드실 것 같아요.",
          "summary": "나의 회사 분위기는 좋다.",
          "date": "2022-10-12",
          "time": "20:34:10",
          "terminate": "false"
        },
        {
          "speaker": "speaker2",
          "personaID": "52024",
          "participantID": "3341",
          "utterance": "일이 많지요. 아래 사람들도 꽤 있고요. 요즘 사람 부리는 것도 힘들어요. 그래서 마음 잡는데는 회식이 가장 좋더라고요. 회식 자주 해요?",
          "summary": "나는 일이 많다",
          "date": "2022-10-12",
          "time": "20:35:06",
          "terminate": "false"
        },
        {
          "speaker": "speaker1",
          "personaID": "31888",
          "participantID": "3226",
          "utterance": "저는 회식을 좋아하지 않아서 매번 나가지는 않고 가끔 나가요. 술도 잘 못하는 편이라, 강요하지는 않아도 눈치가 보이더라구요. 그래도 회식으로 인해 더 돈독해지고 좋은 것 같아요.",
          "summary": "회식은 좋은 면이 있으나 좋아하지는 않는다. 나는 술을 잘 못 마신다.",
          "date": "2022-10-12",
          "time": "20:38:26",
          "terminate": "false"
        },
        {
          "speaker": "speaker2",
          "personaID": "52024",
          "participantID": "3341",
          "utterance": "공식적인 관계도 중요하지만 아무래도 마음 잡는 것은 서로 친밀감을 쌓는 거더라고요, 먹는 자리가 가장 사람을 편하게 만들지요. 마음 열기도 좋고요",
          "summary": "",
          "date": "2022-10-12",
          "time": "20:39:36",
          "terminate": "false"
        },
        {
          "speaker": "speaker1",
          "personaID": "31888",
          "participantID": "3226",
          "utterance": "일부는 공감해요. 사실 제 또래 사람들은 회식을 별로 선호하지 않아요. 먹는 것도 너무 좋은데, 얼른 가서 쉬고 싶은 마음이 크기도 해서요. 하지만 업무의 연장이라고 생각해요.",
          "summary": "",
          "date": "2022-10-12",
          "time": "20:41:08",
          "terminate": "false"
        },
        {
          "speaker": "speaker2",
          "personaID": "52024",
          "participantID": "3341",
          "utterance": "맞아요. 억지로 가는 회식자리는 오히려 반감을 사지요. 일을 오히려 공평하고 합리적으로 처리하는 것이 더 관계가 깔끔하게도 해요. 회식이라고 다 좋은 것만은 아니예요",
          "summary": "",
          "date": "2022-10-12",
          "time": "20:42:28",
          "terminate": "false"
        },
        {
          "speaker": "speaker1",
          "personaID": "31888",
          "participantID": "3226",
          "utterance": "그래서 오히려 근무 시간에 모여서 다과 하는 게 저는 더 좋아요. 시간을 많이 빼앗기지도 않고 오히려 분위기는 더 가볍고.",
          "summary": "나는 근무시간에 다과를 하는 것이 더 좋다.",
          "date": "2022-10-12",
          "time": "20:44:10",
          "terminate": "false"
        },
        {
          "speaker": "speaker2",
          "personaID": "52024",
          "participantID": "3341",
          "utterance": "그것도 일종의 회식이지요. 다과회잖아요. 저희 사무실에서 알바하는 아이들이 자주 그런 시간을 원해요. 좋은 대화의 장이라고요",
          "summary": "",
          "date": "2022-10-12",
          "time": "20:45:10",
          "terminate": "false"
        },
        {
          "speaker": "speaker1",
          "personaID": "31888",
          "participantID": "3226",
          "utterance": "맞아요. 커피 한잔 하면서 나누는 대화가 그렇게 좋더라구요. 짧아서 아쉬운 게 여운이 남는 것 같아요.",
          "summary": "",
          "date": "2022-10-12",
          "time": "20:46:45",
          "terminate": "false"
        },
        {
          "speaker": "speaker2",
          "personaID": "52024",
          "participantID": "3341",
          "utterance": "그래서 저도 자주 그런 자리를 마련한답니다. 서로 부담없는 이야기도 나누고요. 가장 중요한 것은 마음 열고 소통이 되는 것이니까요",
          "summary": "나는 다과 시간을 자주 마련한다",
          "date": "2022-10-12",
          "time": "20:47:36",
          "terminate": "false"
        },
        {
          "speaker": "speaker1",
          "personaID": "31888",
          "participantID": "3226",
          "utterance": "맞아요. 업무의 효율도 높이기 위해서 그런 자리가 꼭 필요하죠. 편하게 건의 사항도 말할 수 있으니 말이에요.",
          "summary": "",
          "date": "2022-10-12",
          "time": "21:03:31",
          "terminate": "false"
        },
        {
          "speaker": "speaker2",
          "personaID": "52024",
          "participantID": "3341",
          "utterance": "어떤 일이든 사람 관계는 매우 중요한 것 같아요. 모쪼록 좋은 분위기 속에서 일을 즐겁게 하시길 빌어요. ",
          "summary": "",
          "date": "2022-10-12",
          "time": "21:04:20",
          "terminate": "false"
        },
        {
          "speaker": "speaker1",
          "personaID": "31888",
          "participantID": "3226",
          "utterance": "감사합니다. 소통 잘하시는 멋진 상사 분으로 존경받으시기를 바라요!",
          "summary": "",
          "date": "2022-10-12",
          "time": "21:05:41",
          "terminate": "false"
        },
        {
          "speaker": "speaker2",
          "personaID": "52024",
          "participantID": "3341",
          "utterance": "좋은 분위기는 서로 만들어 가는 것 같아요. 위아래가 없더라고요. 어느 자리에 있든 좋은 직장 분위기를 만들어 가는 것은 바로 나 라는 생각입니다. ",
          "summary": "",
          "date": "2022-10-12",
          "time": "21:06:56",
          "terminate": "false"
        },
        {
          "speaker": "speaker1",
          "personaID": "31888",
          "participantID": "3226",
          "utterance": "멋진 말씀이세요. 위아래는 없어도 옆사람이 좋은 영향을 많이 받을 것 같아요. 좋은 말씀 감사합니다.",
          "summary": "",
          "date": "2022-10-12",
          "time": "21:08:06",
          "terminate": "false"
        },
        {
          "speaker": "speaker2",
          "personaID": "52024",
          "participantID": "3341",
          "utterance": "좋은 대화였어요. 감사합니다. ",
          "summary": "",
          "date": "2022-10-12",
          "time": "21:11:06",
          "terminate": "true"
        }
      ],
      "sessionPersonaSummary": {
        "speaker1": [
          "나의 회사 분위기는 좋다.",
          "회식은 좋은 면이 있으나 좋아하지는 않는다. 나는 술을 잘 못 마신다.",
          "나는 근무시간에 다과를 하는 것이 더 좋다."
        ],
        "speaker2": [
          "나는 일이 많다",
          "나는 다과 시간을 자주 마련한다"
        ]
      },
      "prevAggregatedpersonaSummary": {
        "speaker1": [
          "나는 30대 여성이다.",
          "나는 경호원이다. 나는 일이 바빠 tv를 잘 못 본다.",
          "운동은 좋아하지 않고 시를 싫어한다.",
          "나는 사진 찍는 것을 싫어한다.",
          "수분이 많은 과일을 좋아한다."
        ],
        "speaker2": [
          "나는 50대 여성이고 판사이다",
          "나는 스포츠를 tv로 보기 싫어한다",
          "나는 시를 좋아하지만 무화과는 싫어한다",
          "나는 자기 색깔이 분명한 사람이 좋다",
          "나는 운동과 요라 하기를 좋아하고 무화과를 제외한 과일을 좋아한다"
        ]
      }
    },
    {
      "prevSessionID": "3-00308-2",
      "prevTimeInfo": {
        "timeNum": "6",
        "timeUnit": "주"
      },
      "nthSession": "3",
      "numberOfUtterances": "16",
      "numberOfTurns": "8",
      "sessionID": "3-00308-3",
      "dialog": [
        {
          "speaker": "speaker1",
          "personaID": "31888",
          "participantID": "3226",
          "utterance": "너무 바빠 6주 동안 소통이 없었네요 어떻게 지내셨나요? 오늘도 퇴근하고 오셨겠군요",
          "summary": "",
          "date": "2022-10-12",
          "time": "21:22:49",
          "terminate": "false"
        },
        {
          "speaker": "speaker2",
          "personaID": "52024",
          "participantID": "3341",
          "utterance": "안녕하세요! 늘 그렇지요. 오늘도 직원들과 점심시간에 회식을 했는데요. 요즘에는 저녁회식을 다들 싫어해요. ",
          "summary": "나는 오늘 직원들과 점심시간에 회식을 했다",
          "date": "2022-10-12",
          "time": "21:24:02",
          "terminate": "false"
        },
        {
          "speaker": "speaker1",
          "personaID": "31888",
          "participantID": "3226",
          "utterance": "점심시간 회식 저도 좋아해요 점심시간을 조금 오버해도 눈치 덜 받는 장점도 있고, 퇴근하고 따로 모이지 않아도 되니까 그런 것 같아요! 어떤 거 드셨어요?",
          "summary": "나는 점심시간 회식을 좋아한다.",
          "date": "2022-10-12",
          "time": "21:25:58",
          "terminate": "false"
        },
        {
          "speaker": "speaker2",
          "personaID": "52024",
          "participantID": "3341",
          "utterance": "시간이 짧으니까요. 간단한 것으로 식사하는 정도요. 돈은 덜 들지요. 짧아서 편하고요. 예전처럼 끈끈한 정은 없어요",
          "summary": "",
          "date": "2022-10-12",
          "time": "21:27:25",
          "terminate": "false"
        },
        {
          "speaker": "speaker1",
          "personaID": "31888",
          "participantID": "3226",
          "utterance": "아무래도 요즘 바쁘고 바쁜 현대사회인들은 개인주의 성향이 짙어서 그런 것 같아요. 하지만 업무 분위기는 더 좋지 않나요?",
          "summary": "",
          "date": "2022-10-12",
          "time": "21:28:36",
          "terminate": "false"
        },
        {
          "speaker": "speaker2",
          "personaID": "52024",
          "participantID": "3341",
          "utterance": "깔끔한 면은 있어요. 서로 실수도 않고요. 좀 맨숭맨숭 하다는 거지요. 티타임은 자주 가져요. 사무실에서 끝장토론 같은 소통도 하고요. ",
          "summary": "",
          "date": "2022-10-12",
          "time": "21:29:55",
          "terminate": "false"
        },
        {
          "speaker": "speaker1",
          "personaID": "31888",
          "participantID": "3226",
          "utterance": "와, 그런 소통 너무 좋은데요. 사실 요즘 사람들은 업무 외 시간에 뭐 시키는 것만 아니면 다 잘하는 것 같아요. 뭐, 직업마다 다르기는 하겠지만요.",
          "summary": "",
          "date": "2022-10-12",
          "time": "21:33:28",
          "terminate": "false"
        },
        {
          "speaker": "speaker2",
          "personaID": "52024",
          "participantID": "3341",
          "utterance": "어느 직업이든 똑같지요. 마음이 중요한 것 같아요. 최고 상사부터 가장 하위급의 직원이 모두 자기 역할을 하는 것이지요. 위 아래가 없지요.  ",
          "summary": "",
          "date": "2022-10-12",
          "time": "21:34:55",
          "terminate": "false"
        },
        {
          "speaker": "speaker1",
          "personaID": "31888",
          "participantID": "3226",
          "utterance": "그렇죠 그런 마음이 중요하다는 말씀 공감해요. 아르바이트 분들도 회식을 같이 하세요? 보통 직원들보다는 업무 시간이 짧을 텐데요.",
          "summary": "",
          "date": "2022-10-12",
          "time": "21:37:57",
          "terminate": "false"
        },
        {
          "speaker": "speaker2",
          "personaID": "52024",
          "participantID": "3341",
          "utterance": "그럼요. 아르바이트 하는 직원 또한 그 조직에 필요한 사람이잖아요. 그 사람의 역할을 충실하게 해 주는 것이 가장 중요하니까요. 대우도 잘 해 줘야 한다고 봐요",
          "summary": "",
          "date": "2022-10-12",
          "time": "21:39:00",
          "terminate": "false"
        },
        {
          "speaker": "speaker1",
          "personaID": "31888",
          "participantID": "3226",
          "utterance": "일찍 퇴근하면 다시 돌아오는 게 번거로울까 봐 여쭤 봤어요. 그런데 오늘처럼 점심시간에 하는 회식은 문제없겠네요!",
          "summary": "",
          "date": "2022-10-12",
          "time": "21:40:33",
          "terminate": "false"
        },
        {
          "speaker": "speaker2",
          "personaID": "52024",
          "participantID": "3341",
          "utterance": "그럼요. 전 직원 회식은 거의 점심 시간에 해요. 저녁 시간은 정말 친한 사람 아니면 어렵지요. 그래도 조직이 잘 되려면 친밀감은 쌓아야 하죠",
          "summary": "나는 직원 회식을 거의 점심시간에 한다",
          "date": "2022-10-12",
          "time": "21:41:45",
          "terminate": "false"
        },
        {
          "speaker": "speaker1",
          "personaID": "31888",
          "participantID": "3226",
          "utterance": "많은 직원을 통솔하기 힘드실 텐데 그래도 두루두루 잘 챙기시려는 모습 멋지네요. 저도 다음 회식은 빠지지 말고 꼭 참석해야겠어요!",
          "summary": "나는 다음 회식에 참석할 것이다.",
          "date": "2022-10-12",
          "time": "21:43:23",
          "terminate": "false"
        },
        {
          "speaker": "speaker2",
          "personaID": "52024",
          "participantID": "3341",
          "utterance": "@이름@님 회사도 마찬가지 아닌지요? 좋은 분위기 잘 만들어 가시길 바래요. 성공하시고요",
          "summary": "",
          "date": "2022-10-12",
          "time": "21:44:10",
          "terminate": "false"
        },
        {
          "speaker": "speaker1",
          "personaID": "31888",
          "participantID": "3226",
          "utterance": "네, 감사합니다. 다음에 또 좋은 이야기 나눌까요?",
          "summary": "",
          "date": "2022-10-12",
          "time": "21:45:07",
          "terminate": "false"
        },
        {
          "speaker": "speaker2",
          "personaID": "52024",
          "participantID": "3341",
          "utterance": "감사합니다. 좋은 대화였어요. 다음에 만나요",
          "summary": "",
          "date": "2022-10-12",
          "time": "21:45:24",
          "terminate": "true"
        }
      ],
      "sessionPersonaSummary": {
        "speaker1": [
          "나는 점심시간 회식을 좋아한다.",
          "나는 다음 회식에 참석할 것이다."
        ],
        "speaker2": [
          "나는 오늘 직원들과 점심시간에 회식을 했다",
          "나는 직원 회식을 거의 점심시간에 한다"
        ]
      },
      "prevAggregatedpersonaSummary": {
        "speaker1": [
          "나는 30대 여성이다.",
          "나는 경호원이다. 나는 일이 바빠 tv를 잘 못 본다.",
          "운동은 좋아하지 않고 시를 싫어한다.",
          "나는 사진 찍는 것을 싫어한다.",
          "수분이 많은 과일을 좋아한다.",
          "나의 회사 분위기는 좋다.",
          "회식은 좋은 면이 있으나 좋아하지는 않는다. 나는 술을 잘 못 마신다.",
          "나는 근무시간에 다과를 하는 것이 더 좋다."
        ],
        "speaker2": [
          "나는 50대 여성이고 판사이다",
          "나는 스포츠를 tv로 보기 싫어한다",
          "나는 시를 좋아하지만 무화과는 싫어한다",
          "나는 자기 색깔이 분명한 사람이 좋다",
          "나는 운동과 요라 하기를 좋아하고 무화과를 제외한 과일을 좋아한다",
          "나는 일이 많다",
          "나는 다과 시간을 자주 마련한다"
        ]
      }
    }
  ]
}