{
  "FileInfo": {
    "filename": "K3-00156-CL11139-CP30831-16-09-S3.json",
    "sessionLevel": "3"
  },
  "participantsInfo": {
    "numberOfParticipants": "2",
    "speaker1": {
      "participantID": "3282",
      "gender": "여성",
      "age": "20대",
      "occupation": "무직",
      "bPlace": "광주/전라/제주",
      "gPlace": "광주/전라/제주",
      "rPlace": "광주/전라/제주",
      "educationLevel": "고졸"
    },
    "speaker2": {
      "participantID": "3259",
      "gender": "남성",
      "age": "30대",
      "occupation": "자영업",
      "bPlace": "부산/대구/울산/경상",
      "gPlace": "서울/경기/인천",
      "rPlace": "서울/경기/인천",
      "educationLevel": "대졸"
    }
  },
  "multisessionInfo": {
    "multisessionID": "3-00156"
  },
  "personaInfo": {
    "clInfo": {
      "personaID": "11139",
      "personaFeatures": [
        "나는 여자이다.",
        "나는 10대이다.",
        "나의 부모님은 내가 하는 일에 늘 관심이 많다",
        "나는 뭐든지 열심히 한다",
        "나는 클래식 음악을 싫어한다"
      ],
      "speakerType": "speaker1"
    },
    "cpInfo": {
      "personaID": "30831",
      "personaFeatures": [
        "나는 남자이다.",
        "나는 30대이다.",
        "나는 20년 후 시골에 별장을 마련하는 것이 목표이다",
        "나는 아침에 커피를 마신다",
        "나는 마라탕을 즐겨 먹는다"
      ],
      "speakerType": "speaker2"
    }
  },
  "topicInfo": {
    "topicID": "16-09",
    "topicType": "미용과 건강>미용",
    "topicTitle": "여드름"
  },
  "sessionInfo": [
    {
      "prevSessionID": null,
      "prevTimeInfo": {
        "timeNum": null,
        "timeUnit": null
      },
      "nthSession": "1",
      "numberOfUtterances": "14",
      "numberOfTurns": "7",
      "sessionID": "3-00156-1",
      "dialog": [
        {
          "speaker": "speaker1",
          "personaID": "11139",
          "participantID": "3282",
          "utterance": "안녕하세요 저는 k-pop을 좋아합니다. 10대 여성이에요.",
          "summary": "나는 k-pop을 좋아한다. 나는 10 대 여성이다.",
          "date": "2022-10-07",
          "time": "14:36:46",
          "terminate": "false"
        },
        {
          "speaker": "speaker2",
          "personaID": "30831",
          "participantID": "3259",
          "utterance": "안녕하세요. 저는 30대 남성입니다. k-pop 좋아하시는군요. ",
          "summary": "나는 30대 남성이다.",
          "date": "2022-10-07",
          "time": "14:37:55",
          "terminate": "false"
        },
        {
          "speaker": "speaker1",
          "personaID": "11139",
          "participantID": "3282",
          "utterance": "네 잔잔한 음악보단 아이돌 음악을 좋아합니다!",
          "summary": "나는 아이돌 음악을 좋아한다.",
          "date": "2022-10-07",
          "time": "14:45:44",
          "terminate": "false"
        },
        {
          "speaker": "speaker2",
          "personaID": "30831",
          "participantID": "3259",
          "utterance": "네 저는 아침에 커피를 마십니다. 좋아하는 음료나 음식 있나요?",
          "summary": "나는 아침에 커피를 마신다",
          "date": "2022-10-07",
          "time": "14:46:52",
          "terminate": "false"
        },
        {
          "speaker": "speaker1",
          "personaID": "11139",
          "participantID": "3282",
          "utterance": "저는 따뜻한 차에 달콤한 디저트를 좋아합니다.",
          "summary": "나는 따뜻한 차에 달콤한 디저트를 좋아한다.",
          "date": "2022-10-07",
          "time": "14:58:43",
          "terminate": "false"
        },
        {
          "speaker": "speaker2",
          "personaID": "30831",
          "participantID": "3259",
          "utterance": "맛있죠. 저는 마라탕을 즐겨 먹습니다. ",
          "summary": "나는 마라탕을 즐겨 먹는다",
          "date": "2022-10-07",
          "time": "15:32:14",
          "terminate": "false"
        },
        {
          "speaker": "speaker1",
          "personaID": "11139",
          "participantID": "3282",
          "utterance": "마라탕에 꿔바로우 먹어보고싶어요",
          "summary": "나는 마라탕에 꿔바로우를 먹어보고 싶다.",
          "date": "2022-10-07",
          "time": "15:34:15",
          "terminate": "false"
        },
        {
          "speaker": "speaker2",
          "personaID": "30831",
          "participantID": "3259",
          "utterance": "또 먹고 싶네요. 꿈이 있나요? 저는 20년 후 시골에 별장 마련하는 것이 목표입니다.",
          "summary": "나는 20년 후 시골에 별장을 마련하는 것이 목표이다",
          "date": "2022-10-07",
          "time": "17:38:06",
          "terminate": "false"
        },
        {
          "speaker": "speaker1",
          "personaID": "11139",
          "participantID": "3282",
          "utterance": "저와 비슷하시네요. 현재 사는곳에서 1시간 거리의 외곽에 2층 주택을 지어 세컨집을 갖고싶어요! 또 다른 목표가 있으신가요?",
          "summary": "나는 현재 사는 곳 위치에서 1시간 거리의 외곽에 2층 주택을 지어 세컨드 집을 갖고 싶다.",
          "date": "2022-10-07",
          "time": "20:12:21",
          "terminate": "false"
        },
        {
          "speaker": "speaker2",
          "personaID": "30831",
          "participantID": "3259",
          "utterance": "지금 사귀고 있는 여자 친구와 결혼 해서 아기도 낳고 행복하게 잘 살고 싶은 소망이 있네요. ",
          "summary": "나는 지금 여자 친구와 결혼해서 아이를 낳아 행복하기 살고 싶다.",
          "date": "2022-10-07",
          "time": "20:33:09",
          "terminate": "false"
        },
        {
          "speaker": "speaker1",
          "personaID": "11139",
          "participantID": "3282",
          "utterance": "가장 큰 행복이겠어요 소중한 소망이네요 공연같은건 좋아하시나요?",
          "summary": "",
          "date": "2022-10-07",
          "time": "22:47:18",
          "terminate": "false"
        },
        {
          "speaker": "speaker2",
          "personaID": "30831",
          "participantID": "3259",
          "utterance": "공연 보는 거 좋지요. 바빠서 자주 못 가지만요. 공연 좋아하세요?",
          "summary": "나는 공연 보는 걸 좋아한다",
          "date": "2022-10-08",
          "time": "15:26:18",
          "terminate": "false"
        },
        {
          "speaker": "speaker1",
          "personaID": "11139",
          "participantID": "3282",
          "utterance": "네 클래식음악 빼고는 공연 좋아해요~ 오늘 대화 즐거웠습니다! 또 봬요",
          "summary": "나는 클래식 음악을 안 좋아한다. \n나는 공연을 좋아한다. ",
          "date": "2022-10-19",
          "time": "10:38:32",
          "terminate": "false"
        },
        {
          "speaker": "speaker2",
          "personaID": "30831",
          "participantID": "3259",
          "utterance": "네 저도 즐거웠습니다. 감사합니다. ",
          "summary": "",
          "date": "2022-10-19",
          "time": "12:48:35",
          "terminate": "true"
        }
      ],
      "sessionPersonaSummary": {
        "speaker1": [
          "나는 k-pop을 좋아한다. 나는 10 대 여성이다.",
          "나는 아이돌 음악을 좋아한다.",
          "나는 따뜻한 차에 달콤한 디저트를 좋아한다.",
          "나는 마라탕에 꿔바로우를 먹어보고 싶다.",
          "나는 현재 사는 곳 위치에서 1시간 거리의 외곽에 2층 주택을 지어 세컨드 집을 갖고 싶다.",
          "나는 클래식 음악을 안 좋아한다. \n나는 공연을 좋아한다. "
        ],
        "speaker2": [
          "나는 30대 남성이다.",
          "나는 아침에 커피를 마신다",
          "나는 마라탕을 즐겨 먹는다",
          "나는 20년 후 시골에 별장을 마련하는 것이 목표이다",
          "나는 지금 여자 친구와 결혼해서 아이를 낳아 행복하기 살고 싶다.",
          "나는 공연 보는 걸 좋아한다"
        ]
      },
      "prevAggregatedpersonaSummary": {
        "speaker1": [],
        "speaker2": []
      }
    },
    {
      "prevSessionID": "3-00156-1",
      "prevTimeInfo": {
        "timeNum": "6",
        "timeUnit": "일"
      },
      "nthSession": "2",
      "numberOfUtterances": "14",
      "numberOfTurns": "7",
      "sessionID": "3-00156-2",
      "dialog": [
        {
          "speaker": "speaker1",
          "personaID": "11139",
          "participantID": "3282",
          "utterance": "안녕하세요 6일만이네요 잘 지내시죠?",
          "summary": "",
          "date": "2022-10-19",
          "time": "15:15:28",
          "terminate": "false"
        },
        {
          "speaker": "speaker2",
          "personaID": "30831",
          "participantID": "3259",
          "utterance": "네 일주일이 금방 지나가네요. 저는 갑자기 얼굴에 성인 여드름이 올라와서 스트레스 받고 있어요. ",
          "summary": "나는 요즘 여드름 때문에 스트레스를 받는다.",
          "date": "2022-10-19",
          "time": "15:17:30",
          "terminate": "false"
        },
        {
          "speaker": "speaker1",
          "personaID": "11139",
          "participantID": "3282",
          "utterance": "아 정말요? 저는 속이 건조해서 좁쌀여드름이 많이 나요ㅠ",
          "summary": "나는 피부 속이 건조해서 좁쌀 여드름이 많이 납니다.",
          "date": "2022-10-19",
          "time": "15:17:55",
          "terminate": "false"
        },
        {
          "speaker": "speaker2",
          "personaID": "30831",
          "participantID": "3259",
          "utterance": "그렇군요. 그래서 여드름 치료하려고 피부과 좀 다녀왔어요. ",
          "summary": "나는 여드름을 치료하려고 피부과를 다닌다.",
          "date": "2022-10-19",
          "time": "15:18:46",
          "terminate": "false"
        },
        {
          "speaker": "speaker1",
          "personaID": "11139",
          "participantID": "3282",
          "utterance": "저는 날씨도 그렇고 마스크때문에 병원을 다녀도 차도가 없더라구요",
          "summary": "",
          "date": "2022-10-19",
          "time": "15:20:14",
          "terminate": "false"
        },
        {
          "speaker": "speaker2",
          "personaID": "30831",
          "participantID": "3259",
          "utterance": "아 맞네요. 요즈음 마스크가 원인이 될 수 있겠네요. 아무래도 피부는 몸 속이 건강해야 될 것 같아요. ",
          "summary": "나는 몸이 건강해야 피부가 좋아진다고 생각한다.",
          "date": "2022-10-19",
          "time": "15:26:47",
          "terminate": "false"
        },
        {
          "speaker": "speaker1",
          "personaID": "11139",
          "participantID": "3282",
          "utterance": "아 저도 그거 들어본 것 같아요! 어디가 안좋으면 어디에 트러블이 나고 이런거요",
          "summary": "",
          "date": "2022-10-19",
          "time": "15:27:16",
          "terminate": "false"
        },
        {
          "speaker": "speaker2",
          "personaID": "30831",
          "participantID": "3259",
          "utterance": "네 저는 종종 스트레스 받을 때 인스턴트 식품이나 과자를 자주 먹거든요. 꼭 그럴 때 뾰루지 여드름이 나곤 했어요. ",
          "summary": "나는 기름진 음식을 먹으면 뾰루지가 난다",
          "date": "2022-10-19",
          "time": "15:29:06",
          "terminate": "false"
        },
        {
          "speaker": "speaker1",
          "personaID": "11139",
          "participantID": "3282",
          "utterance": "아 기름진걸 많이 드시면 바로 나타나시는구나",
          "summary": "",
          "date": "2022-10-19",
          "time": "15:29:55",
          "terminate": "false"
        },
        {
          "speaker": "speaker2",
          "personaID": "30831",
          "participantID": "3259",
          "utterance": "그렇더라고요. 20대 초에도 여드름이 많았었는데 그 때는 요거트를 자주 먹으면서 여드름 개선하려고 했던 게 생각나네요. ",
          "summary": "나는 20대 초에 피부 때문에 요구르트를 자주 먹었다",
          "date": "2022-10-19",
          "time": "15:32:46",
          "terminate": "false"
        },
        {
          "speaker": "speaker1",
          "personaID": "11139",
          "participantID": "3282",
          "utterance": "아 요거트가 피부에 좋나요? 저는 물을 많이 마시려고 노력하고 있어요",
          "summary": "나는 물을 많이 마시려고 노력하고 있다.",
          "date": "2022-10-19",
          "time": "15:36:15",
          "terminate": "false"
        },
        {
          "speaker": "speaker2",
          "personaID": "30831",
          "participantID": "3259",
          "utterance": "물도 좋을 것 같네요. 운동도 하고요. 그때 당시 좋다고 해서 자주 먹었던 기억이 있어요.",
          "summary": "",
          "date": "2022-10-19",
          "time": "15:48:04",
          "terminate": "false"
        },
        {
          "speaker": "speaker1",
          "personaID": "11139",
          "participantID": "3282",
          "utterance": "그렇군요ㅎㅎ 저 학원가야해서 먼저 가볼게요!",
          "summary": "나는 학원을 간다.",
          "date": "2022-10-19",
          "time": "16:13:59",
          "terminate": "false"
        },
        {
          "speaker": "speaker2",
          "personaID": "30831",
          "participantID": "3259",
          "utterance": "네 다음에 또 이야기 나눠요! 저도 아침 커피 마셔야죠. 좋은 시간 보내세요. ",
          "summary": "",
          "date": "2022-10-19",
          "time": "18:36:08",
          "terminate": "true"
        }
      ],
      "sessionPersonaSummary": {
        "speaker1": [
          "나는 피부 속이 건조해서 좁쌀 여드름이 많이 납니다.",
          "나는 물을 많이 마시려고 노력하고 있다.",
          "나는 학원을 간다."
        ],
        "speaker2": [
          "나는 요즘 여드름 때문에 스트레스를 받는다.",
          "나는 여드름을 치료하려고 피부과를 다닌다.",
          "나는 몸이 건강해야 피부가 좋아진다고 생각한다.",
          "나는 기름진 음식을 먹으면 뾰루지가 난다",
          "나는 20대 초에 피부 때문에 요구르트를 자주 먹었다"
        ]
      },
      "prevAggregatedpersonaSummary": {
        "speaker1": [
          "나는 k-pop을 좋아한다. 나는 10 대 여성이다.",
          "나는 아이돌 음악을 좋아한다.",
          "나는 따뜻한 차에 달콤한 디저트를 좋아한다.",
          "나는 마라탕에 꿔바로우를 먹어보고 싶다.",
          "나는 현재 사는 곳 위치에서 1시간 거리의 외곽에 2층 주택을 지어 세컨드 집을 갖고 싶다.",
          "나는 클래식 음악을 안 좋아한다. \n나는 공연을 좋아한다. "
        ],
        "speaker2": [
          "나는 30대 남성이다.",
          "나는 아침에 커피를 마신다",
          "나는 마라탕을 즐겨 먹는다",
          "나는 20년 후 시골에 별장을 마련하는 것이 목표이다",
          "나는 지금 여자 친구와 결혼해서 아이를 낳아 행복하기 살고 싶다.",
          "나는 공연 보는 걸 좋아한다"
        ]
      }
    },
    {
      "prevSessionID": "3-00156-2",
      "prevTimeInfo": {
        "timeNum": "5",
        "timeUnit": "일"
      },
      "nthSession": "3",
      "numberOfUtterances": "14",
      "numberOfTurns": "7",
      "sessionID": "3-00156-3",
      "dialog": [
        {
          "speaker": "speaker1",
          "personaID": "11139",
          "participantID": "3282",
          "utterance": "안녕하세요 5일만에 연락드리네요",
          "summary": "",
          "date": "2022-10-19",
          "time": "22:09:20",
          "terminate": "false"
        },
        {
          "speaker": "speaker2",
          "personaID": "30831",
          "participantID": "3259",
          "utterance": "네 잘 지내셨어요? 저는 피부과 다니다 보니 여드름 증상이 좀 나아진 것 같아요. ",
          "summary": "나는 여드름 증상이 많이 좋아졌다",
          "date": "2022-10-19",
          "time": "23:00:01",
          "terminate": "false"
        },
        {
          "speaker": "speaker1",
          "personaID": "11139",
          "participantID": "3282",
          "utterance": "아 정말요? 근데 저는 안맞는 피부과밖에 안가봤어요ㅠ옮겨봐야겠어요",
          "summary": "",
          "date": "2022-10-19",
          "time": "23:31:42",
          "terminate": "false"
        },
        {
          "speaker": "speaker2",
          "personaID": "30831",
          "participantID": "3259",
          "utterance": "네 잘 맞는 피부과가 있을 거예요. 요즈음은 여드름 용 화장품도 많이 나오는 것 같더라고요. ",
          "summary": "나는 요즘 여드름 화장품이 많이 나온다고 생각한다",
          "date": "2022-10-20",
          "time": "01:34:57",
          "terminate": "false"
        },
        {
          "speaker": "speaker1",
          "personaID": "11139",
          "participantID": "3282",
          "utterance": "맞아요 기초만 잘 맞는거 사용해도 금방 좋아지더라구요!",
          "summary": "",
          "date": "2022-10-20",
          "time": "08:56:44",
          "terminate": "false"
        },
        {
          "speaker": "speaker2",
          "personaID": "30831",
          "participantID": "3259",
          "utterance": "네 예전에 피부과에서 추천해 준 프랑스 화장품이었는데 그게 일반 화장품 가게에서도 팔더라고요. ",
          "summary": "",
          "date": "2022-10-20",
          "time": "10:29:17",
          "terminate": "false"
        },
        {
          "speaker": "speaker1",
          "personaID": "11139",
          "participantID": "3282",
          "utterance": "아 정말요? 그리고 요즘 올리브영가면 직원분들이 추천도 해줘서 좋아요!",
          "summary": "",
          "date": "2022-10-20",
          "time": "11:01:38",
          "terminate": "false"
        },
        {
          "speaker": "speaker2",
          "personaID": "30831",
          "participantID": "3259",
          "utterance": "맞아요. 거기서 팔더라고요. 가루로 된 클렌징이었는데 괜찮았습니다. ",
          "summary": "",
          "date": "2022-10-20",
          "time": "11:58:01",
          "terminate": "false"
        },
        {
          "speaker": "speaker1",
          "personaID": "11139",
          "participantID": "3282",
          "utterance": "아 정말요! 추천 감사해요ㅎㅎㅎ썬크림은 매일 바르시나요?",
          "summary": "",
          "date": "2022-10-20",
          "time": "13:06:26",
          "terminate": "false"
        },
        {
          "speaker": "speaker2",
          "personaID": "30831",
          "participantID": "3259",
          "utterance": "아니요 잘 안 바르게 되더라고요. 썬크림과 여드름이 연관성이 있나요? ",
          "summary": "",
          "date": "2022-10-20",
          "time": "13:20:38",
          "terminate": "false"
        },
        {
          "speaker": "speaker1",
          "personaID": "11139",
          "participantID": "3282",
          "utterance": "아뇨! 그냥 피부에 대해 잘 아시는 것 같아서 여쭤봤어요",
          "summary": "",
          "date": "2022-10-20",
          "time": "13:37:25",
          "terminate": "false"
        },
        {
          "speaker": "speaker2",
          "personaID": "30831",
          "participantID": "3259",
          "utterance": "잘 바르지는 않는 데 그것도 올리브 영에 피부과에서 추천해줬던 아이템을 판매하더라고요. ",
          "summary": "나는 올리브영에 피부과에서 추천해준 제품을 판매하는 것을 봤다",
          "date": "2022-10-20",
          "time": "15:26:53",
          "terminate": "false"
        },
        {
          "speaker": "speaker1",
          "personaID": "11139",
          "participantID": "3282",
          "utterance": "오 정말 좋네요!! 저 학원 좀 다녀올게요~",
          "summary": "나는 학원을 간다.",
          "date": "2022-10-20",
          "time": "15:48:46",
          "terminate": "false"
        },
        {
          "speaker": "speaker2",
          "personaID": "30831",
          "participantID": "3259",
          "utterance": "네 좋은 시간 보내세요! 감사합니다. ",
          "summary": "",
          "date": "2022-10-20",
          "time": "22:42:54",
          "terminate": "true"
        }
      ],
      "sessionPersonaSummary": {
        "speaker1": [
          "나는 학원을 간다."
        ],
        "speaker2": [
          "나는 여드름 증상이 많이 좋아졌다",
          "나는 요즘 여드름 화장품이 많이 나온다고 생각한다",
          "나는 올리브영에 피부과에서 추천해준 제품을 판매하는 것을 봤다"
        ]
      },
      "prevAggregatedpersonaSummary": {
        "speaker1": [
          "나는 k-pop을 좋아한다. 나는 10 대 여성이다.",
          "나는 아이돌 음악을 좋아한다.",
          "나는 따뜻한 차에 달콤한 디저트를 좋아한다.",
          "나는 마라탕에 꿔바로우를 먹어보고 싶다.",
          "나는 현재 사는 곳 위치에서 1시간 거리의 외곽에 2층 주택을 지어 세컨드 집을 갖고 싶다.",
          "나는 클래식 음악을 안 좋아한다. \n나는 공연을 좋아한다. ",
          "나는 피부 속이 건조해서 좁쌀 여드름이 많이 납니다.",
          "나는 물을 많이 마시려고 노력하고 있다.",
          "나는 학원을 간다."
        ],
        "speaker2": [
          "나는 30대 남성이다.",
          "나는 아침에 커피를 마신다",
          "나는 마라탕을 즐겨 먹는다",
          "나는 20년 후 시골에 별장을 마련하는 것이 목표이다",
          "나는 지금 여자 친구와 결혼해서 아이를 낳아 행복하기 살고 싶다.",
          "나는 공연 보는 걸 좋아한다",
          "나는 요즘 여드름 때문에 스트레스를 받는다.",
          "나는 여드름을 치료하려고 피부과를 다닌다.",
          "나는 몸이 건강해야 피부가 좋아진다고 생각한다.",
          "나는 기름진 음식을 먹으면 뾰루지가 난다",
          "나는 20대 초에 피부 때문에 요구르트를 자주 먹었다"
        ]
      }
    }
  ]
}