{
  "FileInfo": {
    "filename": "K3-00663-CL31876-CP40813-15-06-S3.json",
    "sessionLevel": "3"
  },
  "participantsInfo": {
    "numberOfParticipants": "2",
    "speaker1": {
      "participantID": "3810",
      "gender": "여성",
      "age": "40대",
      "occupation": "주부",
      "bPlace": "서울/경기/인천",
      "gPlace": "서울/경기/인천",
      "rPlace": "서울/경기/인천",
      "educationLevel": "대졸"
    },
    "speaker2": {
      "participantID": "3893",
      "gender": "남성",
      "age": "40대",
      "occupation": "사무직",
      "bPlace": "부산/대구/울산/경상",
      "gPlace": "서울/경기/인천",
      "rPlace": "서울/경기/인천",
      "educationLevel": "대졸"
    }
  },
  "multisessionInfo": {
    "multisessionID": "3-00663"
  },
  "personaInfo": {
    "clInfo": {
      "personaID": "31876",
      "personaFeatures": [
        "나는 여자이다.",
        "나는 30대이다.",
        "나의 거주지는 용인이다",
        "나는 이탈리아에 가 보고 싶다",
        "나는 짠 음식을 안 먹는다"
      ],
      "speakerType": "speaker1"
    },
    "cpInfo": {
      "personaID": "40813",
      "personaFeatures": [
        "나는 남자이다.",
        "나는 40대이다.",
        "나는 벤처기업 대리이다 ",
        "나는 걷기를 싫어한다",
        "나는 음악 영화를 싫어한다"
      ],
      "speakerType": "speaker2"
    }
  },
  "topicInfo": {
    "topicID": "15-06",
    "topicType": "시사/사회>타국가이슈(해외)",
    "topicTitle": "전쟁"
  },
  "sessionInfo": [
    {
      "prevSessionID": null,
      "prevTimeInfo": {
        "timeNum": null,
        "timeUnit": null
      },
      "nthSession": "1",
      "numberOfUtterances": "14",
      "numberOfTurns": "7",
      "sessionID": "3-00663-1",
      "dialog": [
        {
          "speaker": "speaker1",
          "personaID": "31876",
          "participantID": "3810",
          "utterance": "안녕하세요. 저는 30대 여성입니다.",
          "summary": "나는 30대 여성이다",
          "date": "2022-10-26",
          "time": "10:44:38",
          "terminate": "false"
        },
        {
          "speaker": "speaker2",
          "personaID": "40813",
          "participantID": "3893",
          "utterance": "안녕하세요 저는 40대 남성입니다. ",
          "summary": "나는 40대 남성이다",
          "date": "2022-10-26",
          "time": "10:46:00",
          "terminate": "false"
        },
        {
          "speaker": "speaker1",
          "personaID": "31876",
          "participantID": "3810",
          "utterance": "반갑습니다. 저는 용인에 살고 있어요. 어디에 거주하고 계신가요?",
          "summary": "나는 용인에 산다",
          "date": "2022-10-26",
          "time": "10:47:56",
          "terminate": "false"
        },
        {
          "speaker": "speaker2",
          "personaID": "40813",
          "participantID": "3893",
          "utterance": "네 저는 대전에 살고 있습니다. 저는 벤처기업 대리입니다. 무슨일 하세요?",
          "summary": "나는 대전에 사는 벤처기업 대리이다",
          "date": "2022-10-26",
          "time": "10:49:47",
          "terminate": "false"
        },
        {
          "speaker": "speaker1",
          "personaID": "31876",
          "participantID": "3810",
          "utterance": "전 여행사에서 근무합니다. 여행 좋아하세요?",
          "summary": "나는 여행사에 근무한다",
          "date": "2022-10-26",
          "time": "10:51:19",
          "terminate": "false"
        },
        {
          "speaker": "speaker2",
          "personaID": "40813",
          "participantID": "3893",
          "utterance": "여행 좋아하지요.. 저는 걷기를 싫어합니다. 그래서 구경보다는 휴양여행을 좋아합니다. 여행사 다니면 여행 많이 다니셨나요?",
          "summary": "나는 걷기를 싫어해서 휴양 여행을 좋아한다.\n",
          "date": "2022-10-26",
          "time": "10:53:20",
          "terminate": "false"
        },
        {
          "speaker": "speaker1",
          "personaID": "31876",
          "participantID": "3810",
          "utterance": "네 아무래도 기회가 많아서 많이 다녔어요. 기회가 되면 저는 이탈리아에 가보고 싶네요. 여행가면 저는 꼭 그 나라의 특색있는 음식들을 먹으러 다니는데 혹시 먹는거 좋아하세요?",
          "summary": "나는 이탈리아에 가보고 싶다",
          "date": "2022-10-26",
          "time": "10:59:45",
          "terminate": "false"
        },
        {
          "speaker": "speaker2",
          "personaID": "40813",
          "participantID": "3893",
          "utterance": "네.. 맛집가는거 좋아해요.. 근데. 비위가 향이 강한 음식들은 잘 못 먹습니다.  혹시 영화 좋아하세요?",
          "summary": "나는 맛집 가는 걸 좋아하지만 향이 강한 음식들은 잘 못 먹는다",
          "date": "2022-10-26",
          "time": "11:02:28",
          "terminate": "false"
        },
        {
          "speaker": "speaker1",
          "personaID": "31876",
          "participantID": "3810",
          "utterance": "전 짠 음식을 안먹어서 그것만 빼면 뭐든 땡큐에요. 영화 좋아하죠. 어떤 영화 좋아하세요?",
          "summary": "나는 짠 음식을 안 먹는다",
          "date": "2022-10-26",
          "time": "11:08:09",
          "terminate": "false"
        },
        {
          "speaker": "speaker2",
          "personaID": "40813",
          "participantID": "3893",
          "utterance": "저는 영화는 다 좋아합니다. 그런데 음악 영화는 싫어합니다.  요즘 즐겨보는 티비프로 있으신가요?",
          "summary": "나는 영화는 좋아하시면 음악 영화는 싫어한다",
          "date": "2022-10-26",
          "time": "11:09:26",
          "terminate": "false"
        },
        {
          "speaker": "speaker1",
          "personaID": "31876",
          "participantID": "3810",
          "utterance": "음 저는 유퀴즈 자주 봐요. 어떤거 좋아하세요?",
          "summary": "나는 유 퀴즈를 자주 본다",
          "date": "2022-10-26",
          "time": "11:13:24",
          "terminate": "false"
        },
        {
          "speaker": "speaker2",
          "personaID": "40813",
          "participantID": "3893",
          "utterance": "저는 요즘 천원짜리 변호사 재밌게 보고 있습니다.  점심은 뭐 드실꺼예요?",
          "summary": "나는 요즘 천 원짜리 변호사 재미있게 보고 있다",
          "date": "2022-10-26",
          "time": "11:14:42",
          "terminate": "false"
        },
        {
          "speaker": "speaker1",
          "personaID": "31876",
          "participantID": "3810",
          "utterance": "전 간단하게 칼국수 한그릇 하려구요. 뭐 드실 예정이세요?",
          "summary": "나는 점심에 칼국수를 먹으려고 한다\n",
          "date": "2022-10-26",
          "time": "11:16:06",
          "terminate": "false"
        },
        {
          "speaker": "speaker2",
          "personaID": "40813",
          "participantID": "3893",
          "utterance": "맛있게 드시고 오세요.. 저도 점심 먹으러 가야되겠네요",
          "summary": "",
          "date": "2022-10-26",
          "time": "11:17:16",
          "terminate": "true"
        }
      ],
      "sessionPersonaSummary": {
        "speaker1": [
          "나는 30대 여성이다",
          "나는 용인에 산다",
          "나는 여행사에 근무한다",
          "나는 이탈리아에 가보고 싶다",
          "나는 짠 음식을 안 먹는다",
          "나는 유 퀴즈를 자주 본다",
          "나는 점심에 칼국수를 먹으려고 한다\n"
        ],
        "speaker2": [
          "나는 40대 남성이다",
          "나는 대전에 사는 벤처기업 대리이다",
          "나는 걷기를 싫어해서 휴양 여행을 좋아한다.\n",
          "나는 맛집 가는 걸 좋아하지만 향이 강한 음식들은 잘 못 먹는다",
          "나는 영화는 좋아하시면 음악 영화는 싫어한다",
          "나는 요즘 천 원짜리 변호사 재미있게 보고 있다"
        ]
      },
      "prevAggregatedpersonaSummary": {
        "speaker1": [],
        "speaker2": []
      }
    },
    {
      "prevSessionID": "3-00663-1",
      "prevTimeInfo": {
        "timeNum": "6",
        "timeUnit": "일"
      },
      "nthSession": "2",
      "numberOfUtterances": "14",
      "numberOfTurns": "7",
      "sessionID": "3-00663-2",
      "dialog": [
        {
          "speaker": "speaker1",
          "personaID": "31876",
          "participantID": "3810",
          "utterance": "6일만에 뵙네요. 잘 지내셨죠?",
          "summary": "",
          "date": "2022-10-26",
          "time": "11:23:56",
          "terminate": "false"
        },
        {
          "speaker": "speaker2",
          "personaID": "40813",
          "participantID": "3893",
          "utterance": "벌써 6일이나 됐군요.. 저는 잘 지냈습니다. 러시아 전쟁때문인지 주식도 폭락하고 요즘 맘 고생 중입니다. ",
          "summary": "나는 주식이 폭락해서 마음고생 중이다",
          "date": "2022-10-26",
          "time": "11:25:04",
          "terminate": "false"
        },
        {
          "speaker": "speaker1",
          "personaID": "31876",
          "participantID": "3810",
          "utterance": "그러게요. 러시아 우크라이나 선량한 국민들도 너무 안타깝고 그로 인한 여파가 전 세계로 퍼져서 많은 변화가 있네요.",
          "summary": "나는 러시아 우크라이나 선량한 국민들이 안타깝다",
          "date": "2022-10-26",
          "time": "11:28:19",
          "terminate": "false"
        },
        {
          "speaker": "speaker2",
          "personaID": "40813",
          "participantID": "3893",
          "utterance": "빨리 전쟁이 끝나야 세계가 좀 안정이 될텐데.. 문제네요.. 러시아 청년들이 전쟁이 참여안하려고 탈출하는거 보셨어요? ",
          "summary": "",
          "date": "2022-10-26",
          "time": "11:33:03",
          "terminate": "false"
        },
        {
          "speaker": "speaker1",
          "personaID": "31876",
          "participantID": "3810",
          "utterance": "아 정말요? 우크라이나 여성들이 군복입고 나라를 지키겠다고 나서는 모습과는 반대의 모습이네요. 그렇지만 한편으로는 이해가 가기도 해요. 안타까운 현실이죠.",
          "summary": "나는 전쟁이 안타깝다",
          "date": "2022-10-26",
          "time": "11:34:44",
          "terminate": "false"
        },
        {
          "speaker": "speaker2",
          "personaID": "40813",
          "participantID": "3893",
          "utterance": "저번에 보니 푸틴이 어린아이와 노인를 뺀 청장년층 남자는 전쟁에 참여하라니 .. 전쟁원하지 않는 남자들은 떠나는게 맞는것 같아요.. 그렇게되면 전쟁이 더 커질수도 있을것 같고.. 슬픈현실이죠.. ",
          "summary": "나는 전쟁을 원하지 않는 남자들이 떠나는 게 맞다고 생각한다",
          "date": "2022-10-26",
          "time": "11:38:40",
          "terminate": "false"
        },
        {
          "speaker": "speaker1",
          "personaID": "31876",
          "participantID": "3810",
          "utterance": "가끔은 미친 사람 한명이 이렇게 전 세계를 뒤흔들 수 있다는게 어처구니 없으면서 또 그 한사람을 어찌하지 못하는게 아이러니 하다는 생각도 드네요. 우크라이나 대통령 티비에 나온거 보셨어요? 볼때마다 너무 안쓰러워요.",
          "summary": "나는 우크라이나 대통령이 안쓰럽다",
          "date": "2022-10-26",
          "time": "11:40:23",
          "terminate": "false"
        },
        {
          "speaker": "speaker2",
          "personaID": "40813",
          "participantID": "3893",
          "utterance": "우리나라 환율 엄청 오른거 아시죠? 고환율이라 미국 여행 가는 경비도 엄청올랐다네요.. ",
          "summary": "",
          "date": "2022-10-26",
          "time": "11:45:28",
          "terminate": "false"
        },
        {
          "speaker": "speaker1",
          "personaID": "31876",
          "participantID": "3810",
          "utterance": "환율도 오르고 물가도 오르고 금리도 오르고... 제 월급만 그대로네요. 하하",
          "summary": "나는 월급만 안 오른다",
          "date": "2022-10-26",
          "time": "11:48:48",
          "terminate": "false"
        },
        {
          "speaker": "speaker2",
          "personaID": "40813",
          "participantID": "3893",
          "utterance": "ㅋㅋ 점점 사는게 힘들어지는것 같아요..   전쟁으로 밀가루 값도 엄청 오른거 아세요? 그래서 과자 빵값도 인상인듯해요",
          "summary": "",
          "date": "2022-10-26",
          "time": "11:54:48",
          "terminate": "false"
        },
        {
          "speaker": "speaker1",
          "personaID": "31876",
          "participantID": "3810",
          "utterance": "맞아요. 전 국수 빵 과자 엄청 좋아하는데 너무 슬프네요.",
          "summary": "나는 국수 빵 과자 좋아한다.",
          "date": "2022-10-26",
          "time": "11:55:21",
          "terminate": "false"
        },
        {
          "speaker": "speaker2",
          "personaID": "40813",
          "participantID": "3893",
          "utterance": "요즘 빵값이 정말 너무 비싸요..  다이어트한다 생각하고 줄여야죠.. ㅎㅎ",
          "summary": "나는 빵값이 올라 다이어트한다 생각하고 줄이려 한다",
          "date": "2022-10-26",
          "time": "11:57:58",
          "terminate": "false"
        },
        {
          "speaker": "speaker1",
          "personaID": "31876",
          "participantID": "3810",
          "utterance": "네 비싸지 않은게 없네요. 다이어트해도 빵은 포기 못할거 같아요. ㅎㅎ",
          "summary": "나는 빵은 포기 못한다",
          "date": "2022-10-26",
          "time": "11:59:22",
          "terminate": "false"
        },
        {
          "speaker": "speaker2",
          "personaID": "40813",
          "participantID": "3893",
          "utterance": "전 옆에 동기가 사온 빵 좀 먹고 올께요~",
          "summary": "",
          "date": "2022-10-26",
          "time": "12:03:27",
          "terminate": "true"
        }
      ],
      "sessionPersonaSummary": {
        "speaker1": [
          "나는 러시아 우크라이나 선량한 국민들이 안타깝다",
          "나는 전쟁이 안타깝다",
          "나는 우크라이나 대통령이 안쓰럽다",
          "나는 월급만 안 오른다",
          "나는 국수 빵 과자 좋아한다.",
          "나는 빵은 포기 못한다"
        ],
        "speaker2": [
          "나는 주식이 폭락해서 마음고생 중이다",
          "나는 전쟁을 원하지 않는 남자들이 떠나는 게 맞다고 생각한다",
          "나는 빵값이 올라 다이어트한다 생각하고 줄이려 한다"
        ]
      },
      "prevAggregatedpersonaSummary": {
        "speaker1": [
          "나는 30대 여성이다",
          "나는 용인에 산다",
          "나는 여행사에 근무한다",
          "나는 이탈리아에 가보고 싶다",
          "나는 짠 음식을 안 먹는다",
          "나는 유 퀴즈를 자주 본다",
          "나는 점심에 칼국수를 먹으려고 한다\n"
        ],
        "speaker2": [
          "나는 40대 남성이다",
          "나는 대전에 사는 벤처기업 대리이다",
          "나는 걷기를 싫어해서 휴양 여행을 좋아한다.\n",
          "나는 맛집 가는 걸 좋아하지만 향이 강한 음식들은 잘 못 먹는다",
          "나는 영화는 좋아하시면 음악 영화는 싫어한다",
          "나는 요즘 천 원짜리 변호사 재미있게 보고 있다"
        ]
      }
    },
    {
      "prevSessionID": "3-00663-2",
      "prevTimeInfo": {
        "timeNum": "4",
        "timeUnit": "주"
      },
      "nthSession": "3",
      "numberOfUtterances": "14",
      "numberOfTurns": "7",
      "sessionID": "3-00663-3",
      "dialog": [
        {
          "speaker": "speaker1",
          "personaID": "31876",
          "participantID": "3810",
          "utterance": "4주만이네요. 그동안 잘 지내셨어요?",
          "summary": "",
          "date": "2022-10-26",
          "time": "12:10:56",
          "terminate": "false"
        },
        {
          "speaker": "speaker2",
          "personaID": "40813",
          "participantID": "3893",
          "utterance": "벌써 4주가 지났군요.. 러시아 전쟁은 질질 끌기만하고 끝날 기미가 없네요.. ",
          "summary": "",
          "date": "2022-10-26",
          "time": "12:15:13",
          "terminate": "false"
        },
        {
          "speaker": "speaker1",
          "personaID": "31876",
          "participantID": "3810",
          "utterance": "그러게요. 사실 저는 전쟁이 설마 일어나겠어? 하고 생각했었는데... 이렇게 장기화 될줄 이야... 주말에 시청광장에서 세계 문화 축제가 열려서 다녀왔어요.",
          "summary": "나는 주말에 세계문화 축제에 다녀왔다",
          "date": "2022-10-26",
          "time": "12:21:37",
          "terminate": "false"
        },
        {
          "speaker": "speaker2",
          "personaID": "40813",
          "participantID": "3893",
          "utterance": "세계문화를 한번에 다 볼수 있어서 좋았겠네요.. 세계여러나라 먹거리도 많았나요?",
          "summary": "",
          "date": "2022-10-26",
          "time": "12:24:04",
          "terminate": "false"
        },
        {
          "speaker": "speaker1",
          "personaID": "31876",
          "participantID": "3810",
          "utterance": "특산품과 먹거리 체험해 볼 수 있는 놀이 등등 다양했어요. 근데 전 러시아 부스를 보면서 여러가지 생각이 들더라구요. 저 분들은 가족들이 모두 한국에 살고 있을까... 아니면 잠깐 우리나라에 방문한 걸까 등등",
          "summary": "",
          "date": "2022-10-26",
          "time": "12:42:07",
          "terminate": "false"
        },
        {
          "speaker": "speaker2",
          "personaID": "40813",
          "participantID": "3893",
          "utterance": "그니까요.. 가족이 왔어도 친척들까지 다 오진 못했을텐데..  저는 몇해전부터 @상호명@에 후원을 하고 있어요 아이가 학교에서 안내문을 가져왔는데.. 10살정도 아이가 가장이되어 동생들을 보살피는데.. 넘 맘이 아팠네요.. 혹시 후원하세요?",
          "summary": "나는 몇 년 전부터 @상호명@에 후원하고 있다",
          "date": "2022-10-26",
          "time": "12:46:07",
          "terminate": "false"
        },
        {
          "speaker": "speaker1",
          "personaID": "31876",
          "participantID": "3810",
          "utterance": "맞아요. 가엽고 불쌍한 어린이들이 세계 곳곳에 참 많지요. 전쟁으로 인해 부모를 잃거나 삶의 터전을 잃은 아이들... 저는 정기적으로 후원하는 곳은 없지만 간헐적으로 소식을 접하면 기부하고 있어요.",
          "summary": "나는 가끔씩 기부하고 있다",
          "date": "2022-10-26",
          "time": "12:49:03",
          "terminate": "false"
        },
        {
          "speaker": "speaker2",
          "personaID": "40813",
          "participantID": "3893",
          "utterance": "혹시 아프리카 톤즈 마을 @이름@ 신부님 다큐 보셨을까요? 아프리카에 가서 의료봉사하시며 아이들한테 악기연주도 가르쳐주시고 병으로 돌아가셨는데.. 참 감동적이였습니다.",
          "summary": "나는 @이름@ 신부님 다큐를 감동 깊게 봤다",
          "date": "2022-10-26",
          "time": "12:54:30",
          "terminate": "false"
        },
        {
          "speaker": "speaker1",
          "personaID": "31876",
          "participantID": "3810",
          "utterance": "다큐를 보지는 못했지만  @이름@  신부님의 이야기는 잘 알고 있습니다. 정말 대단한 사명을 가지고 위대한 일을 하신 분이라고 생각해요.",
          "summary": "나는 @이름@ 신부님 위대하신 분이라 생각한다",
          "date": "2022-10-26",
          "time": "12:55:40",
          "terminate": "false"
        },
        {
          "speaker": "speaker2",
          "personaID": "40813",
          "participantID": "3893",
          "utterance": "네 자신을 희생해가며 위험을 무릅쓰고 해외봉사 하시는분들 존경스럽습니다. 제아이가 간다하면 좋은일이지만 말릴것 같아요..  @이름@ 도 그러시겠죠?",
          "summary": "나는 자신을 희생해 가며 위험을 무릅쓰고 해외 봉사하는 분들이 존경스럽지만 내 아이가 간다 하면 말릴 것 같다",
          "date": "2022-10-26",
          "time": "12:58:27",
          "terminate": "false"
        },
        {
          "speaker": "speaker1",
          "personaID": "31876",
          "participantID": "3810",
          "utterance": "네 맞아요. 아무나 할 수 있는 일이 아니지요.",
          "summary": "",
          "date": "2022-10-26",
          "time": "12:59:15",
          "terminate": "false"
        },
        {
          "speaker": "speaker2",
          "personaID": "40813",
          "participantID": "3893",
          "utterance": "세계 모든 어린이들에게 의식주만은 걱정없이 사는 세상이 왔으면 좋겠네요",
          "summary": "나는 세계 모든 어린이들에게 의식주만은 걱정 없이 사는 세상이 왔으면 좋겠다",
          "date": "2022-10-26",
          "time": "13:04:21",
          "terminate": "false"
        },
        {
          "speaker": "speaker1",
          "personaID": "31876",
          "participantID": "3810",
          "utterance": "옳은 말씀이에요. 죄없는 아이들이 어른들로 인해 상처받지 않는 세상이 되었으면 좋겠습니다.",
          "summary": "나는 아이들이 상처받지 않는 세상이 되었으면 좋겠다",
          "date": "2022-10-26",
          "time": "13:08:10",
          "terminate": "false"
        },
        {
          "speaker": "speaker2",
          "personaID": "40813",
          "participantID": "3893",
          "utterance": "저 잠깐 전화좀 받고 올께요~",
          "summary": "",
          "date": "2022-10-26",
          "time": "13:09:23",
          "terminate": "true"
        }
      ],
      "sessionPersonaSummary": {
        "speaker1": [
          "나는 주말에 세계문화 축제에 다녀왔다",
          "나는 가끔씩 기부하고 있다",
          "나는 @이름@ 신부님 위대하신 분이라 생각한다",
          "나는 아이들이 상처받지 않는 세상이 되었으면 좋겠다"
        ],
        "speaker2": [
          "나는 몇 년 전부터 @상호명@에 후원하고 있다",
          "나는 @이름@ 신부님 다큐를 감동 깊게 봤다",
          "나는 자신을 희생해 가며 위험을 무릅쓰고 해외 봉사하는 분들이 존경스럽지만 내 아이가 간다 하면 말릴 것 같다",
          "나는 세계 모든 어린이들에게 의식주만은 걱정 없이 사는 세상이 왔으면 좋겠다"
        ]
      },
      "prevAggregatedpersonaSummary": {
        "speaker1": [
          "나는 30대 여성이다",
          "나는 용인에 산다",
          "나는 여행사에 근무한다",
          "나는 이탈리아에 가보고 싶다",
          "나는 짠 음식을 안 먹는다",
          "나는 유 퀴즈를 자주 본다",
          "나는 점심에 칼국수를 먹으려고 한다\n",
          "나는 러시아 우크라이나 선량한 국민들이 안타깝다",
          "나는 전쟁이 안타깝다",
          "나는 우크라이나 대통령이 안쓰럽다",
          "나는 월급만 안 오른다",
          "나는 국수 빵 과자 좋아한다.",
          "나는 빵은 포기 못한다"
        ],
        "speaker2": [
          "나는 40대 남성이다",
          "나는 대전에 사는 벤처기업 대리이다",
          "나는 걷기를 싫어해서 휴양 여행을 좋아한다.\n",
          "나는 맛집 가는 걸 좋아하지만 향이 강한 음식들은 잘 못 먹는다",
          "나는 영화는 좋아하시면 음악 영화는 싫어한다",
          "나는 요즘 천 원짜리 변호사 재미있게 보고 있다",
          "나는 주식이 폭락해서 마음고생 중이다",
          "나는 전쟁을 원하지 않는 남자들이 떠나는 게 맞다고 생각한다",
          "나는 빵값이 올라 다이어트한다 생각하고 줄이려 한다"
        ]
      }
    }
  ]
}