{
  "FileInfo": {
    "filename": "K3-00517-CL20183-CP22331-01-01-S3.json",
    "sessionLevel": "3"
  },
  "participantsInfo": {
    "numberOfParticipants": "2",
    "speaker1": {
      "participantID": "0760",
      "gender": "남성",
      "age": "20대",
      "occupation": "무직",
      "bPlace": "광주/전라/제주",
      "gPlace": "광주/전라/제주",
      "rPlace": "광주/전라/제주",
      "educationLevel": "고졸"
    },
    "speaker2": {
      "participantID": "0700",
      "gender": "여성",
      "age": "20대",
      "occupation": "학생",
      "bPlace": "부산/대구/울산/경상",
      "gPlace": "부산/대구/울산/경상",
      "rPlace": "부산/대구/울산/경상",
      "educationLevel": "고졸"
    }
  },
  "multisessionInfo": {
    "multisessionID": "3-00517"
  },
  "personaInfo": {
    "clInfo": {
      "personaID": "20183",
      "personaFeatures": [
        "나는 남자이다.",
        "나는 20대이다.",
        "나는 아메리카노를 자주 마신다.",
        "나는 뉴질랜드로 어학연수를 간다.",
        "나는 일렉기타 연주를 가끔 한다."
      ],
      "speakerType": "speaker1"
    },
    "cpInfo": {
      "personaID": "22331",
      "personaFeatures": [
        "나는 여자이다.",
        "나는 20대이다.",
        "나는 종교가 없다.",
        "나는 방송 음향기사이다.",
        "나는 TV 교육 프로그램을 가끔 본다."
      ],
      "speakerType": "speaker2"
    }
  },
  "topicInfo": {
    "topicID": "01-01",
    "topicType": "식음료",
    "topicTitle": "식사"
  },
  "sessionInfo": [
    {
      "prevSessionID": null,
      "prevTimeInfo": {
        "timeNum": null,
        "timeUnit": null
      },
      "nthSession": "1",
      "numberOfUtterances": "16",
      "numberOfTurns": "8",
      "sessionID": "3-00517-1",
      "dialog": [
        {
          "speaker": "speaker1",
          "personaID": "20183",
          "participantID": "0760",
          "utterance": "안녕하세요~ 20대 남자입니다. 반갑습니다 ㅎㅎ.",
          "summary": "나는 20대 남자이다.",
          "date": "2022-10-04",
          "time": "10:06:12",
          "terminate": "false"
        },
        {
          "speaker": "speaker2",
          "personaID": "22331",
          "participantID": "0700",
          "utterance": "방송 음향기사로 일하는 20대 여자입니다! 안녕하세요~!",
          "summary": "나는 20대 여자이다. 나는 방송 음향기 사이다.",
          "date": "2022-10-04",
          "time": "10:06:26",
          "terminate": "false"
        },
        {
          "speaker": "speaker1",
          "personaID": "20183",
          "participantID": "0760",
          "utterance": "오.. 장비 무겁지 않으신가요? 보자마자 이생각부터 들었네요 ㅋㅋ ㅠㅠ.",
          "summary": "",
          "date": "2022-10-04",
          "time": "10:07:03",
          "terminate": "false"
        },
        {
          "speaker": "speaker2",
          "personaID": "22331",
          "participantID": "0700",
          "utterance": "팔 빠질거 같아요ㅎㅎㅎㅠ음향 쪽을 좀 아시나 보네요?!",
          "summary": "나는 음향 장비가 무겁다.",
          "date": "2022-10-04",
          "time": "10:07:28",
          "terminate": "false"
        },
        {
          "speaker": "speaker1",
          "personaID": "20183",
          "participantID": "0760",
          "utterance": "아 그건 아니고, 예능같은데서 음향 감독님 보여주실때마다 무거워 보이는걸 들고 계시길래.. 팔운동 열심히 하셔야겠네요..? ㅠㅠ.",
          "summary": "나는 평소 TV 프로그램에서 본 음향감독의 모습이 생각났다.",
          "date": "2022-10-04",
          "time": "10:08:11",
          "terminate": "false"
        },
        {
          "speaker": "speaker2",
          "personaID": "22331",
          "participantID": "0700",
          "utterance": "ㅎㅎㅎㅋㅋㅋ세심하시네요. 맞아요.. 그래서 평소에 눈물을 머금고 운동한답니다..",
          "summary": "나는 평소 운동을 한다.",
          "date": "2022-10-04",
          "time": "10:08:47",
          "terminate": "false"
        },
        {
          "speaker": "speaker1",
          "personaID": "20183",
          "participantID": "0760",
          "utterance": "아이고.. 화이팅입니다! 지금 출근하신건가요?",
          "summary": "",
          "date": "2022-10-04",
          "time": "10:09:22",
          "terminate": "false"
        },
        {
          "speaker": "speaker2",
          "personaID": "22331",
          "participantID": "0700",
          "utterance": "맞습니다..주말은 왜이렇게 짧은걸까요..? 워얼-화아-수우우-모옥-금-퇠!이에요..",
          "summary": "나는 출근했다. 나는 주말이 짧게 느껴진다.",
          "date": "2022-10-04",
          "time": "10:09:52",
          "terminate": "false"
        },
        {
          "speaker": "speaker1",
          "personaID": "20183",
          "participantID": "0760",
          "utterance": "ㅋㅋㅋㅋㅋㅋㅋㅋㅋㅋㅋ 맞아요...... 과연.. 토일은 존재하긴 하는걸까요? ㅠㅠ 가장 좋아하는 요일이 어떻게 되시나요...?ㅠㅠ.",
          "summary": "",
          "date": "2022-10-04",
          "time": "10:10:25",
          "terminate": "false"
        },
        {
          "speaker": "speaker2",
          "personaID": "22331",
          "participantID": "0700",
          "utterance": "ㅋㅋㅋㅋ휴..공감해주시는군요..감사해요..저는 금요일 저녁을 가장 좋아한답니다..일요일되면 우울해지기 시작해요..",
          "summary": "나는 일주일 중 금요일을 가장 좋아하고 일요일에 우울하다.",
          "date": "2022-10-04",
          "time": "10:10:54",
          "terminate": "false"
        },
        {
          "speaker": "speaker1",
          "personaID": "20183",
          "participantID": "0760",
          "utterance": "역시 불금 저녁...! 맞아요.... 전 월요일은 그..나마 괜찮은데 화수목이 정말 지옥같더라고요...... 주4일제를 간절하게 바랍니다.. 선생님도 그러신가요?",
          "summary": "",
          "date": "2022-10-04",
          "time": "10:11:47",
          "terminate": "false"
        },
        {
          "speaker": "speaker2",
          "personaID": "22331",
          "participantID": "0700",
          "utterance": "ㅋㅋㅋ화수목이 길게 느껴지시는구나ㅋㅋㅋ주 4일이면 행복할거 같긴 해요ㅎㅎㅎㅎㅎㅎ상상만해도 즐겁네요.",
          "summary": "",
          "date": "2022-10-04",
          "time": "10:12:26",
          "terminate": "false"
        },
        {
          "speaker": "speaker1",
          "personaID": "20183",
          "participantID": "0760",
          "utterance": "맞아요... 자주 마시는 아메리카노 없이도 버틸 수 있을것만 같은 느낌..?! 아메리카노 좋아하시나요?",
          "summary": "나는 아메리카노를 자주 마신다.",
          "date": "2022-10-04",
          "time": "10:12:52",
          "terminate": "false"
        },
        {
          "speaker": "speaker2",
          "personaID": "22331",
          "participantID": "0700",
          "utterance": "커피..! 음 진짜 피곤하면 마시는데 자주 마시진 않습니다! 선생님은 직업이 어떻게 되세융?",
          "summary": "나는 커피를 자주 마시지 않는다.",
          "date": "2022-10-04",
          "time": "10:13:24",
          "terminate": "false"
        },
        {
          "speaker": "speaker1",
          "personaID": "20183",
          "participantID": "0760",
          "utterance": "아하..! 저는 학생이라 곧 뉴질랜드로 어학연수를 가요! 저 잠시, 어학연수 관련 연락이 와서.. 받고 올게요!!",
          "summary": "나는 뉴질랜드로 어학연수를 간다. 나는 연락을 받고 온다.",
          "date": "2022-10-04",
          "time": "10:14:01",
          "terminate": "false"
        },
        {
          "speaker": "speaker2",
          "personaID": "22331",
          "participantID": "0700",
          "utterance": "허걱ㅎㅎ뉴질랜드 정말 좋겠어요ㅠ나라 예쁘던데ㅠ..다녀오세요~! 저는 쉴겸 가끔 보는 tv 교육 프로그램을 좀 봐야겠습니다ㅎㅎ.",
          "summary": "나는 TV 교육 프로그램을 가끔 본다.",
          "date": "2022-10-04",
          "time": "10:14:35",
          "terminate": "true"
        }
      ],
      "sessionPersonaSummary": {
        "speaker1": [
          "나는 20대 남자이다.",
          "나는 평소 TV 프로그램에서 본 음향감독의 모습이 생각났다.",
          "나는 아메리카노를 자주 마신다.",
          "나는 뉴질랜드로 어학연수를 간다. 나는 연락을 받고 온다."
        ],
        "speaker2": [
          "나는 20대 여자이다. 나는 방송 음향기 사이다.",
          "나는 음향 장비가 무겁다.",
          "나는 평소 운동을 한다.",
          "나는 출근했다. 나는 주말이 짧게 느껴진다.",
          "나는 일주일 중 금요일을 가장 좋아하고 일요일에 우울하다.",
          "나는 커피를 자주 마시지 않는다.",
          "나는 TV 교육 프로그램을 가끔 본다."
        ]
      },
      "prevAggregatedpersonaSummary": {
        "speaker1": [],
        "speaker2": []
      }
    },
    {
      "prevSessionID": "3-00517-1",
      "prevTimeInfo": {
        "timeNum": "1",
        "timeUnit": "시간"
      },
      "nthSession": "2",
      "numberOfUtterances": "16",
      "numberOfTurns": "8",
      "sessionID": "3-00517-2",
      "dialog": [
        {
          "speaker": "speaker1",
          "personaID": "20183",
          "participantID": "0760",
          "utterance": "1시간만입니다 ㅎㅎ TV 교육프로그램은 보고 오셨나요?!",
          "summary": "",
          "date": "2022-10-04",
          "time": "10:14:59",
          "terminate": "false"
        },
        {
          "speaker": "speaker2",
          "personaID": "22331",
          "participantID": "0700",
          "utterance": "넵ㅎㅎㅎ쉬는시간 짬 내서 보고 왔습니다ㅎㅎ뉴질랜드로 어학연수 간다고 하셨죠?",
          "summary": "",
          "date": "2022-10-04",
          "time": "10:15:14",
          "terminate": "false"
        },
        {
          "speaker": "speaker1",
          "personaID": "20183",
          "participantID": "0760",
          "utterance": "오~ 맞아요 ㅎㅎ 뉴질랜드 혹시 가보셨나요?",
          "summary": "",
          "date": "2022-10-04",
          "time": "10:15:34",
          "terminate": "false"
        },
        {
          "speaker": "speaker2",
          "personaID": "22331",
          "participantID": "0700",
          "utterance": "아니요ㅠ 기회가 된다면 가보고 싶네요. 나라 경치가 되게 예쁘더라구요!",
          "summary": "나는 경치가 예쁘다고 생각하는 뉴질랜드를 가보고 싶다.",
          "date": "2022-10-04",
          "time": "10:15:54",
          "terminate": "false"
        },
        {
          "speaker": "speaker1",
          "personaID": "20183",
          "participantID": "0760",
          "utterance": "맞아요.. 다음에 기회가 되면 갑시다 ㅎㅎ 여행 가는거 좋아하시나요?",
          "summary": "",
          "date": "2022-10-04",
          "time": "10:16:09",
          "terminate": "false"
        },
        {
          "speaker": "speaker2",
          "personaID": "22331",
          "participantID": "0700",
          "utterance": "ㅎㅎ가게되면 좋겠네요. 좋아하는데! 집에서 쉬는걸 더 좋아해서 자주 가지 못해요ㅠ선생님은요?",
          "summary": "나는 여행을 좋아하지만 자주 가지 않는다.",
          "date": "2022-10-04",
          "time": "10:16:30",
          "terminate": "false"
        },
        {
          "speaker": "speaker1",
          "personaID": "20183",
          "participantID": "0760",
          "utterance": "앗 그렇군요..! 저도 비슷합니다 ㅎㅎ 가는건 좋아하는데 체력이 좀.. 가고싶은 나라는 있으신가요?",
          "summary": "나는 여행을 좋아하지만 체력이 좋지 않다.",
          "date": "2022-10-04",
          "time": "10:17:08",
          "terminate": "false"
        },
        {
          "speaker": "speaker2",
          "personaID": "22331",
          "participantID": "0700",
          "utterance": "저는 예전부터 스위스를 가고 싶었습니다ㅎㅎㅎ알프스산 가서 식사로 컵라면 먹고 싶어요.",
          "summary": "나는 스위스를 가고 싶다. 나는 알프스산에서 컵라면을 먹고 싶다.",
          "date": "2022-10-04",
          "time": "10:17:40",
          "terminate": "false"
        },
        {
          "speaker": "speaker1",
          "personaID": "20183",
          "participantID": "0760",
          "utterance": "오.. 추운 알프스에서 먹는 컵라면.. 진짜 끝내주겠는데요~? 얘기하니 배고프네요.. 식사는 하셨나요?",
          "summary": "",
          "date": "2022-10-04",
          "time": "10:18:17",
          "terminate": "false"
        },
        {
          "speaker": "speaker2",
          "personaID": "22331",
          "participantID": "0700",
          "utterance": "그쵸ㅋㅋㅋ저는 아직 안 먹었어요. 곧 먹을거 같아요. 선생님은요?",
          "summary": "나는 아직 식사를 하지 않았다. 나는 곧 식사할 생각이다.",
          "date": "2022-10-04",
          "time": "10:18:45",
          "terminate": "false"
        },
        {
          "speaker": "speaker1",
          "personaID": "20183",
          "participantID": "0760",
          "utterance": "저도 곧 먹으려고요 ㅎㅎ 어떤 메뉴 드실 생각이신가요?",
          "summary": "나는 곧 식사할 예정이다.",
          "date": "2022-10-04",
          "time": "10:19:04",
          "terminate": "false"
        },
        {
          "speaker": "speaker2",
          "personaID": "22331",
          "participantID": "0700",
          "utterance": "@브랜드명1@가서 라면이랑 참치김밥 먹을 생각입니다!!!",
          "summary": "나는 라면, 참치김밥을 식사로 먹을 생각이다.",
          "date": "2022-10-04",
          "time": "10:19:21",
          "terminate": "false"
        },
        {
          "speaker": "speaker1",
          "personaID": "20183",
          "participantID": "0760",
          "utterance": "오우 스테디셀러.... 군침이 싸악 도네요... 저도 어서 맛있는걸 찾아봐야겠습니다 ㅎㅎ 중식 좋아하시나요?",
          "summary": "나는 상대방의 점심메뉴를 듣고 군침이 돈다.",
          "date": "2022-10-04",
          "time": "10:19:53",
          "terminate": "false"
        },
        {
          "speaker": "speaker2",
          "personaID": "22331",
          "participantID": "0700",
          "utterance": "ㅎㅎㅎ오늘따라 분식이 땡기더라구요. 중식 좋아하죠! 저는 짬뽕 좋아합니다.",
          "summary": "나는 짬뽕을 좋아한다.",
          "date": "2022-10-04",
          "time": "10:20:20",
          "terminate": "false"
        },
        {
          "speaker": "speaker1",
          "personaID": "20183",
          "participantID": "0760",
          "utterance": "오~ 혹시 고기짬뽕 좋아하시나요? ㅎㅎ 저는 식사하기 전에 가끔 하는 일렉기타 연주를 하고 올게요! 미리 맛점하세요 ㅎㅎ.",
          "summary": "나는 일렉기타 연주를 가끔 한다. 나는 일렉기타 연주를 하러 간다.",
          "date": "2022-10-04",
          "time": "10:20:45",
          "terminate": "false"
        },
        {
          "speaker": "speaker2",
          "personaID": "22331",
          "participantID": "0700",
          "utterance": "고기짬뽕 좋아해요!!ㅋㅋㅋ다녀오세요ㅎㅎㅎ선생님도 맛점 하시구요!",
          "summary": "나는 고기 짬뽕을 좋아한다.",
          "date": "2022-10-04",
          "time": "10:21:04",
          "terminate": "true"
        }
      ],
      "sessionPersonaSummary": {
        "speaker1": [
          "나는 여행을 좋아하지만 체력이 좋지 않다.",
          "나는 곧 식사할 예정이다.",
          "나는 상대방의 점심메뉴를 듣고 군침이 돈다.",
          "나는 일렉기타 연주를 가끔 한다. 나는 일렉기타 연주를 하러 간다."
        ],
        "speaker2": [
          "나는 경치가 예쁘다고 생각하는 뉴질랜드를 가보고 싶다.",
          "나는 여행을 좋아하지만 자주 가지 않는다.",
          "나는 스위스를 가고 싶다. 나는 알프스산에서 컵라면을 먹고 싶다.",
          "나는 아직 식사를 하지 않았다. 나는 곧 식사할 생각이다.",
          "나는 라면, 참치김밥을 식사로 먹을 생각이다.",
          "나는 짬뽕을 좋아한다.",
          "나는 고기 짬뽕을 좋아한다."
        ]
      },
      "prevAggregatedpersonaSummary": {
        "speaker1": [
          "나는 20대 남자이다.",
          "나는 평소 TV 프로그램에서 본 음향감독의 모습이 생각났다.",
          "나는 아메리카노를 자주 마신다.",
          "나는 뉴질랜드로 어학연수를 간다. 나는 연락을 받고 온다."
        ],
        "speaker2": [
          "나는 20대 여자이다. 나는 방송 음향기 사이다.",
          "나는 음향 장비가 무겁다.",
          "나는 평소 운동을 한다.",
          "나는 출근했다. 나는 주말이 짧게 느껴진다.",
          "나는 일주일 중 금요일을 가장 좋아하고 일요일에 우울하다.",
          "나는 커피를 자주 마시지 않는다.",
          "나는 TV 교육 프로그램을 가끔 본다."
        ]
      }
    },
    {
      "prevSessionID": "3-00517-2",
      "prevTimeInfo": {
        "timeNum": "5",
        "timeUnit": "시간"
      },
      "nthSession": "3",
      "numberOfUtterances": "16",
      "numberOfTurns": "8",
      "sessionID": "3-00517-3",
      "dialog": [
        {
          "speaker": "speaker1",
          "personaID": "20183",
          "participantID": "0760",
          "utterance": "우와.. 피곤해서 한숨 잤더니 5시간이 삭제됐네요 ㅋㅋㅋㅋ 퇴근 하셨나요??",
          "summary": "나는 일정을 마친 후 잠을 잤다.",
          "date": "2022-10-04",
          "time": "10:21:22",
          "terminate": "false"
        },
        {
          "speaker": "speaker2",
          "personaID": "22331",
          "participantID": "0700",
          "utterance": "넵ㅎㅎㅎ집입니다. 선생님도 고생 많으셨어요ㅎㅎ일렉 기타 가끔 연주한다고 하셨죠? 캐논 변주곡 칠줄 아십니까?!!",
          "summary": "나는 퇴근 후 집으로 귀가했다.",
          "date": "2022-10-04",
          "time": "10:21:46",
          "terminate": "false"
        },
        {
          "speaker": "speaker1",
          "personaID": "20183",
          "participantID": "0760",
          "utterance": "넵 ㅎㅎ 헉.. 아직 초짜라 잘은 못치지만 조금 칠줄 알아욧!! 기타 연주 해보셨나보네요?!",
          "summary": "나는 캐논 변주곡을 조금 칠 줄 안다.",
          "date": "2022-10-04",
          "time": "10:22:20",
          "terminate": "false"
        },
        {
          "speaker": "speaker2",
          "personaID": "22331",
          "participantID": "0700",
          "utterance": "멋진데요ㅎㅎ학생때 잠깐이요ㅠㅋㅋㅋ코드 외우는게 어려워서 깊게 하진 않았습니다.",
          "summary": "나는 학창 시절 기타를 연주해봤다. 나는 기타 연주할 때 코드 암기가 어려웠다.",
          "date": "2022-10-04",
          "time": "10:22:45",
          "terminate": "false"
        },
        {
          "speaker": "speaker1",
          "personaID": "20183",
          "participantID": "0760",
          "utterance": "아하.. 맞아요 ㅋㅋㅋㅋ 저도 이제야 제대로 배우는중입니다 ㅎㅎ 집에서 쉴때는 주로 뭐하시나요?",
          "summary": "",
          "date": "2022-10-04",
          "time": "10:23:31",
          "terminate": "false"
        },
        {
          "speaker": "speaker2",
          "personaID": "22331",
          "participantID": "0700",
          "utterance": "쉴땐 종교가 없는 편이라 따로 어딜 가거나 기도하진 않고 영화를 보며 쉽니다!",
          "summary": "나는 종교가 없다. 나는 여가시간에 영화를 본다.",
          "date": "2022-10-04",
          "time": "10:24:07",
          "terminate": "false"
        },
        {
          "speaker": "speaker1",
          "personaID": "20183",
          "participantID": "0760",
          "utterance": "아하..! 영화는 어떤 장르의 영화를 좋아하시나요?",
          "summary": "",
          "date": "2022-10-04",
          "time": "10:24:29",
          "terminate": "false"
        },
        {
          "speaker": "speaker2",
          "personaID": "22331",
          "participantID": "0700",
          "utterance": "메세지를 얻을 수 있는 힐링 영화를 좋아합니다!",
          "summary": "나는 힐링 영화를 좋아한다.",
          "date": "2022-10-04",
          "time": "10:24:51",
          "terminate": "false"
        },
        {
          "speaker": "speaker1",
          "personaID": "20183",
          "participantID": "0760",
          "utterance": "오.. 최근에 본 힐링 영화는 어떤거에요?!",
          "summary": "",
          "date": "2022-10-04",
          "time": "10:25:15",
          "terminate": "false"
        },
        {
          "speaker": "speaker2",
          "personaID": "22331",
          "participantID": "0700",
          "utterance": "외화인데, 라스트 홀리데이라는 영화를 재밌게 봤어요! 추천드려요!",
          "summary": "나는 영화 라스트 홀리데이를 봤고, 상대방에게 추천했다.",
          "date": "2022-10-04",
          "time": "10:25:31",
          "terminate": "false"
        },
        {
          "speaker": "speaker1",
          "personaID": "20183",
          "participantID": "0760",
          "utterance": "오, 다음에 쉴때 한번 봐보겠습니다..! 보통 영화관말고 집에서 많이 보시는 편이신가요?",
          "summary": "나는 상대방이 추천해준 영화를 봐보기로 했다.",
          "date": "2022-10-04",
          "time": "10:26:14",
          "terminate": "false"
        },
        {
          "speaker": "speaker2",
          "personaID": "22331",
          "participantID": "0700",
          "utterance": "ㅎㅎㅎ맞아요. 영화관은 연애하거나 할땐 가는데, 보통 집에서 혼자 집중해서 보는걸 더 선호해요!",
          "summary": "나는 영화 볼 때 집에서 혼자 집중해서 보는 걸 좋아한다.",
          "date": "2022-10-04",
          "time": "10:26:44",
          "terminate": "false"
        },
        {
          "speaker": "speaker1",
          "personaID": "20183",
          "participantID": "0760",
          "utterance": "그렇군요! 집에서 보면 집중이 더 잘되니까요 ㅎㅎ 저녁은 드신거죠?!",
          "summary": "",
          "date": "2022-10-04",
          "time": "10:27:21",
          "terminate": "false"
        },
        {
          "speaker": "speaker2",
          "personaID": "22331",
          "participantID": "0700",
          "utterance": "저녁은 아직 안 먹었습니다! 점심이 소화가 안됐어요..ㅠㅠ.",
          "summary": "나는 저녁을 안 먹었다.",
          "date": "2022-10-04",
          "time": "10:27:41",
          "terminate": "false"
        },
        {
          "speaker": "speaker1",
          "personaID": "20183",
          "participantID": "0760",
          "utterance": "앗.. 점심을 많이 드셨나보네요..! 저는 그럼 추천해주신 영화좀 보고 올게요 ㅎㅎ 다음에 또 얘기합시다~",
          "summary": "나는 상대방이 추천해준 영화를 보러 간다.",
          "date": "2022-10-04",
          "time": "10:28:10",
          "terminate": "false"
        },
        {
          "speaker": "speaker2",
          "personaID": "22331",
          "participantID": "0700",
          "utterance": "좋습니다!ㅎㅎㅎ영화 재밌게 보시고 다 보시면 후기 들려주세요!",
          "summary": "",
          "date": "2022-10-04",
          "time": "10:28:25",
          "terminate": "true"
        }
      ],
      "sessionPersonaSummary": {
        "speaker1": [
          "나는 일정을 마친 후 잠을 잤다.",
          "나는 캐논 변주곡을 조금 칠 줄 안다.",
          "나는 상대방이 추천해준 영화를 봐보기로 했다.",
          "나는 상대방이 추천해준 영화를 보러 간다."
        ],
        "speaker2": [
          "나는 퇴근 후 집으로 귀가했다.",
          "나는 학창 시절 기타를 연주해봤다. 나는 기타 연주할 때 코드 암기가 어려웠다.",
          "나는 종교가 없다. 나는 여가시간에 영화를 본다.",
          "나는 힐링 영화를 좋아한다.",
          "나는 영화 라스트 홀리데이를 봤고, 상대방에게 추천했다.",
          "나는 영화 볼 때 집에서 혼자 집중해서 보는 걸 좋아한다.",
          "나는 저녁을 안 먹었다."
        ]
      },
      "prevAggregatedpersonaSummary": {
        "speaker1": [
          "나는 20대 남자이다.",
          "나는 평소 TV 프로그램에서 본 음향감독의 모습이 생각났다.",
          "나는 아메리카노를 자주 마신다.",
          "나는 뉴질랜드로 어학연수를 간다. 나는 연락을 받고 온다.",
          "나는 여행을 좋아하지만 체력이 좋지 않다.",
          "나는 곧 식사할 예정이다.",
          "나는 상대방의 점심메뉴를 듣고 군침이 돈다.",
          "나는 일렉기타 연주를 가끔 한다. 나는 일렉기타 연주를 하러 간다."
        ],
        "speaker2": [
          "나는 20대 여자이다. 나는 방송 음향기 사이다.",
          "나는 음향 장비가 무겁다.",
          "나는 평소 운동을 한다.",
          "나는 출근했다. 나는 주말이 짧게 느껴진다.",
          "나는 일주일 중 금요일을 가장 좋아하고 일요일에 우울하다.",
          "나는 커피를 자주 마시지 않는다.",
          "나는 TV 교육 프로그램을 가끔 본다.",
          "나는 경치가 예쁘다고 생각하는 뉴질랜드를 가보고 싶다.",
          "나는 여행을 좋아하지만 자주 가지 않는다.",
          "나는 스위스를 가고 싶다. 나는 알프스산에서 컵라면을 먹고 싶다.",
          "나는 아직 식사를 하지 않았다. 나는 곧 식사할 생각이다.",
          "나는 라면, 참치김밥을 식사로 먹을 생각이다.",
          "나는 짬뽕을 좋아한다.",
          "나는 고기 짬뽕을 좋아한다."
        ]
      }
    }
  ]
}