{
  "FileInfo": {
    "filename": "K3-00491-CL51215-CP22303-07-05-S3.json",
    "sessionLevel": "3"
  },
  "participantsInfo": {
    "numberOfParticipants": "2",
    "speaker1": {
      "participantID": "0765",
      "gender": "여성",
      "age": "50대",
      "occupation": "무직",
      "bPlace": "서울/경기/인천",
      "gPlace": "서울/경기/인천",
      "rPlace": "서울/경기/인천",
      "educationLevel": "대졸"
    },
    "speaker2": {
      "participantID": "0653",
      "gender": "여성",
      "age": "20대",
      "occupation": "서비스직",
      "bPlace": "서울/경기/인천",
      "gPlace": "서울/경기/인천",
      "rPlace": "서울/경기/인천",
      "educationLevel": "고졸"
    }
  },
  "multisessionInfo": {
    "multisessionID": "3-00491"
  },
  "personaInfo": {
    "clInfo": {
      "personaID": "51215",
      "personaFeatures": [
        "나는 여자이다.",
        "나는 50대이다.",
        "나는 항상 꼼꼼하다.",
        "나는 야구를 싫어한다.",
        "나는 포크 음악을 좋아한다."
      ],
      "speakerType": "speaker1"
    },
    "cpInfo": {
      "personaID": "22303",
      "personaFeatures": [
        "나는 여자이다.",
        "나는 20대이다.",
        "나는 매우 고집이 세다.",
        "나는 영화부 동아리에 관심이 없다.",
        "나는 수필을 가끔 읽는다."
      ],
      "speakerType": "speaker2"
    }
  },
  "topicInfo": {
    "topicID": "07-05",
    "topicType": "개인 및 관계>가족",
    "topicTitle": "친척"
  },
  "sessionInfo": [
    {
      "prevSessionID": null,
      "prevTimeInfo": {
        "timeNum": null,
        "timeUnit": null
      },
      "nthSession": "1",
      "numberOfUtterances": "16",
      "numberOfTurns": "8",
      "sessionID": "3-00491-1",
      "dialog": [
        {
          "speaker": "speaker1",
          "personaID": "51215",
          "participantID": "0765",
          "utterance": "안녕하세요? 저는 50대 여자입니다.",
          "summary": "나는 50대 여자이다.",
          "date": "2022-10-12",
          "time": "18:30:29",
          "terminate": "false"
        },
        {
          "speaker": "speaker2",
          "personaID": "22303",
          "participantID": "0653",
          "utterance": "반갑습니다. 저는 20대 여자입니다.",
          "summary": "나는 20대 여자이다.",
          "date": "2022-10-12",
          "time": "18:30:41",
          "terminate": "false"
        },
        {
          "speaker": "speaker1",
          "personaID": "51215",
          "participantID": "0765",
          "utterance": "나이차가 조금 있지만 잘 부탁드릴게요!",
          "summary": "",
          "date": "2022-10-12",
          "time": "18:30:50",
          "terminate": "false"
        },
        {
          "speaker": "speaker2",
          "personaID": "22303",
          "participantID": "0653",
          "utterance": "그러게요! 저도 잘 부탁드리겠습니다.",
          "summary": "",
          "date": "2022-10-12",
          "time": "18:31:03",
          "terminate": "false"
        },
        {
          "speaker": "speaker1",
          "personaID": "51215",
          "participantID": "0765",
          "utterance": "혹시 호칭은 어떻게 할까요? ㅎㅎ.",
          "summary": "",
          "date": "2022-10-12",
          "time": "18:31:24",
          "terminate": "false"
        },
        {
          "speaker": "speaker2",
          "personaID": "22303",
          "participantID": "0653",
          "utterance": "음... 선생님이라는 호칭이 좋을 것같은데요?",
          "summary": "",
          "date": "2022-10-12",
          "time": "18:31:37",
          "terminate": "false"
        },
        {
          "speaker": "speaker1",
          "personaID": "51215",
          "participantID": "0765",
          "utterance": "좋아요! 선생님은 직장인이신가요?",
          "summary": "",
          "date": "2022-10-12",
          "time": "18:31:47",
          "terminate": "false"
        },
        {
          "speaker": "speaker2",
          "personaID": "22303",
          "participantID": "0653",
          "utterance": "아니요. 저는 학생입니다. 대학생이에요.",
          "summary": "나는 학생이다.",
          "date": "2022-10-12",
          "time": "18:32:01",
          "terminate": "false"
        },
        {
          "speaker": "speaker1",
          "personaID": "51215",
          "participantID": "0765",
          "utterance": "그렇군요^^ 대학교 생활은 어때요?",
          "summary": "",
          "date": "2022-10-12",
          "time": "18:32:13",
          "terminate": "false"
        },
        {
          "speaker": "speaker2",
          "personaID": "22303",
          "participantID": "0653",
          "utterance": "저는 동기들이 영화부 동아리를 들자하는데.. 영 관심이 안가요 ㅠㅠ.",
          "summary": "나는 영화부 동아리에 관심이 없다.",
          "date": "2022-10-12",
          "time": "18:32:38",
          "terminate": "false"
        },
        {
          "speaker": "speaker1",
          "personaID": "51215",
          "participantID": "0765",
          "utterance": "아이고.. 그러시군요. 그럼 동기들이 엄청 꼬시지 않아요?",
          "summary": "",
          "date": "2022-10-12",
          "time": "18:33:17",
          "terminate": "false"
        },
        {
          "speaker": "speaker2",
          "personaID": "22303",
          "participantID": "0653",
          "utterance": "네.. 그치만 제가 고집이 엄청 쎄다보니까 거의 반 포기에요!",
          "summary": "나는 매우 고집이 세다.",
          "date": "2022-10-12",
          "time": "18:33:40",
          "terminate": "false"
        },
        {
          "speaker": "speaker1",
          "personaID": "51215",
          "participantID": "0765",
          "utterance": "그렇군요. ㅎㅎ^^ 저도 비슷하네요. 저는 야구 싫어해서 남편이 하자 해도 절대 안하거든요!",
          "summary": "나는 야구를 싫어한다.",
          "date": "2022-10-12",
          "time": "18:34:02",
          "terminate": "false"
        },
        {
          "speaker": "speaker2",
          "personaID": "22303",
          "participantID": "0653",
          "utterance": "그렇군요. 그럼 선생님은 스트레스 관리를 어떻게 하시나요?",
          "summary": "",
          "date": "2022-10-12",
          "time": "18:34:52",
          "terminate": "false"
        },
        {
          "speaker": "speaker1",
          "personaID": "51215",
          "participantID": "0765",
          "utterance": "저는 좋아하는 포크 음악을 듣는답니다. 선생님은요?",
          "summary": "나는 포크 음악을 좋아한다.",
          "date": "2022-10-12",
          "time": "18:35:12",
          "terminate": "false"
        },
        {
          "speaker": "speaker2",
          "personaID": "22303",
          "participantID": "0653",
          "utterance": "저는 수필을 가끔 읽어요^^ 저 잠시만 전화좀 받고 올게요~",
          "summary": "나는 수필을 가끔 읽는다.",
          "date": "2022-10-12",
          "time": "18:35:27",
          "terminate": "true"
        }
      ],
      "sessionPersonaSummary": {
        "speaker1": [
          "나는 50대 여자이다.",
          "나는 야구를 싫어한다.",
          "나는 포크 음악을 좋아한다."
        ],
        "speaker2": [
          "나는 20대 여자이다.",
          "나는 학생이다.",
          "나는 영화부 동아리에 관심이 없다.",
          "나는 매우 고집이 세다.",
          "나는 수필을 가끔 읽는다."
        ]
      },
      "prevAggregatedpersonaSummary": {
        "speaker1": [],
        "speaker2": []
      }
    },
    {
      "prevSessionID": "3-00491-1",
      "prevTimeInfo": {
        "timeNum": "1",
        "timeUnit": "주"
      },
      "nthSession": "2",
      "numberOfUtterances": "14",
      "numberOfTurns": "7",
      "sessionID": "3-00491-2",
      "dialog": [
        {
          "speaker": "speaker1",
          "personaID": "51215",
          "participantID": "0765",
          "utterance": "일주일만에 연락드리죠? ㅎㅎ 잘 지내셨나요?",
          "summary": "",
          "date": "2022-10-12",
          "time": "18:35:44",
          "terminate": "false"
        },
        {
          "speaker": "speaker2",
          "personaID": "22303",
          "participantID": "0653",
          "utterance": "그럼요^^ 선생님은 뭐하고 계셨나요?",
          "summary": "",
          "date": "2022-10-12",
          "time": "18:35:55",
          "terminate": "false"
        },
        {
          "speaker": "speaker1",
          "personaID": "51215",
          "participantID": "0765",
          "utterance": "저는 가족들이랑 밥을 먹고 있었어요^^",
          "summary": "나는 가족들이랑 밥을 먹고 있다.",
          "date": "2022-10-12",
          "time": "18:36:37",
          "terminate": "false"
        },
        {
          "speaker": "speaker2",
          "personaID": "22303",
          "participantID": "0653",
          "utterance": "그래요? 선생님은 가족들이랑 시간을 많이 보내시나봐요!",
          "summary": "",
          "date": "2022-10-12",
          "time": "18:36:57",
          "terminate": "false"
        },
        {
          "speaker": "speaker1",
          "personaID": "51215",
          "participantID": "0765",
          "utterance": "그런편이죠! 근데 요번엔 친척들도 와서 대가족이 밥을 먹고 있어요!",
          "summary": "",
          "date": "2022-10-12",
          "time": "18:37:10",
          "terminate": "false"
        },
        {
          "speaker": "speaker2",
          "personaID": "22303",
          "participantID": "0653",
          "utterance": "우와..그럼 집에서 밥을 드시는거에요?",
          "summary": "",
          "date": "2022-10-12",
          "time": "18:37:22",
          "terminate": "false"
        },
        {
          "speaker": "speaker1",
          "personaID": "51215",
          "participantID": "0765",
          "utterance": "아니요.. 근처 샤브샤브집에서 밥먹고 있는데 여기 참 잘 되어있네요!",
          "summary": "",
          "date": "2022-10-12",
          "time": "18:37:37",
          "terminate": "false"
        },
        {
          "speaker": "speaker2",
          "personaID": "22303",
          "participantID": "0653",
          "utterance": "그래요? 선생님은 친척분들이랑 자주 만나세요?",
          "summary": "",
          "date": "2022-10-12",
          "time": "18:37:51",
          "terminate": "false"
        },
        {
          "speaker": "speaker1",
          "personaID": "51215",
          "participantID": "0765",
          "utterance": "음... 저는 그래도 왕래가 잦은편인것같아요! 선생님은요?",
          "summary": "나는 친척들과 왕래가 잦다.",
          "date": "2022-10-12",
          "time": "18:38:02",
          "terminate": "false"
        },
        {
          "speaker": "speaker2",
          "personaID": "22303",
          "participantID": "0653",
          "utterance": "저희 부모님은 잦은 편이 아닌것같아요.. 그래서 사촌 형이랑 개인적으로 연락한적도 없네요.",
          "summary": "나는 친척들과 왕래가 없다.",
          "date": "2022-10-12",
          "time": "18:38:29",
          "terminate": "false"
        },
        {
          "speaker": "speaker1",
          "personaID": "51215",
          "participantID": "0765",
          "utterance": "대부분 다 그렇죠. 요즘 세상이 각박하잖아요.",
          "summary": "",
          "date": "2022-10-12",
          "time": "18:38:47",
          "terminate": "false"
        },
        {
          "speaker": "speaker2",
          "personaID": "22303",
          "participantID": "0653",
          "utterance": "그러게요 ㅠㅠ.. 선생님은 식사 안드세요?",
          "summary": "",
          "date": "2022-10-12",
          "time": "18:39:00",
          "terminate": "false"
        },
        {
          "speaker": "speaker1",
          "personaID": "51215",
          "participantID": "0765",
          "utterance": "저도 이제 먹어야겠네요^^ 그럼 우리 밥먹고 다시 연락할까요?",
          "summary": "",
          "date": "2022-10-12",
          "time": "18:39:16",
          "terminate": "false"
        },
        {
          "speaker": "speaker2",
          "personaID": "22303",
          "participantID": "0653",
          "utterance": "네! 좋아요! 그럼 여유있을때 연락주세요!",
          "summary": "",
          "date": "2022-10-12",
          "time": "18:39:27",
          "terminate": "true"
        }
      ],
      "sessionPersonaSummary": {
        "speaker1": [
          "나는 가족들이랑 밥을 먹고 있다.",
          "나는 친척들과 왕래가 잦다."
        ],
        "speaker2": [
          "나는 친척들과 왕래가 없다."
        ]
      },
      "prevAggregatedpersonaSummary": {
        "speaker1": [
          "나는 50대 여자이다.",
          "나는 야구를 싫어한다.",
          "나는 포크 음악을 좋아한다."
        ],
        "speaker2": [
          "나는 20대 여자이다.",
          "나는 학생이다.",
          "나는 영화부 동아리에 관심이 없다.",
          "나는 매우 고집이 세다.",
          "나는 수필을 가끔 읽는다."
        ]
      }
    },
    {
      "prevSessionID": "3-00491-2",
      "prevTimeInfo": {
        "timeNum": "9",
        "timeUnit": "일"
      },
      "nthSession": "3",
      "numberOfUtterances": "18",
      "numberOfTurns": "9",
      "sessionID": "3-00491-3",
      "dialog": [
        {
          "speaker": "speaker1",
          "personaID": "51215",
          "participantID": "0765",
          "utterance": "제가 9일만에 연락을 드리죠? 저 기억하시나요?",
          "summary": "",
          "date": "2022-10-12",
          "time": "18:39:41",
          "terminate": "false"
        },
        {
          "speaker": "speaker2",
          "personaID": "22303",
          "participantID": "0653",
          "utterance": "그럼요. ㅎㅎ 그간 잘 지내셨죠?",
          "summary": "",
          "date": "2022-10-12",
          "time": "18:40:01",
          "terminate": "false"
        },
        {
          "speaker": "speaker1",
          "personaID": "51215",
          "participantID": "0765",
          "utterance": "네, 저는 요번에 가족들이랑 가족 여행을 가기로했어요!",
          "summary": "나는 가족과 여행을 갈 예정이다.",
          "date": "2022-10-12",
          "time": "18:40:13",
          "terminate": "false"
        },
        {
          "speaker": "speaker2",
          "personaID": "22303",
          "participantID": "0653",
          "utterance": "그래요? ㅎㅎ 어디로 가시는데요?",
          "summary": "",
          "date": "2022-10-12",
          "time": "18:40:31",
          "terminate": "false"
        },
        {
          "speaker": "speaker1",
          "personaID": "51215",
          "participantID": "0765",
          "utterance": "음... 제주도투어를 하려고 지금 계획짜고 있어요!",
          "summary": "",
          "date": "2022-10-12",
          "time": "18:40:40",
          "terminate": "false"
        },
        {
          "speaker": "speaker2",
          "personaID": "22303",
          "participantID": "0653",
          "utterance": "선생님이 계획을 짜고 계신건가요?",
          "summary": "",
          "date": "2022-10-12",
          "time": "18:40:51",
          "terminate": "false"
        },
        {
          "speaker": "speaker1",
          "personaID": "51215",
          "participantID": "0765",
          "utterance": "네! 제가 항상 꼼꼼한 편이라.. 가족여행은 엑셀파일로 정리를 해 두는 편이랍니다.",
          "summary": "나는 항상 꼼꼼하다.",
          "date": "2022-10-12",
          "time": "18:41:09",
          "terminate": "false"
        },
        {
          "speaker": "speaker2",
          "personaID": "22303",
          "participantID": "0653",
          "utterance": "오! 그러시군요^^ 엑셀도 다루실줄 아나봐요?",
          "summary": "",
          "date": "2022-10-12",
          "time": "18:41:28",
          "terminate": "false"
        },
        {
          "speaker": "speaker1",
          "personaID": "51215",
          "participantID": "0765",
          "utterance": "네~ 젊었을때부터 사용해서 잘 다루고 있어요!",
          "summary": "",
          "date": "2022-10-12",
          "time": "18:41:41",
          "terminate": "false"
        },
        {
          "speaker": "speaker2",
          "personaID": "22303",
          "participantID": "0653",
          "utterance": "저는 아직도 엑셀 잘 못다루는데.. 왠지 반성하게 되네요 ㅠㅠ.",
          "summary": "나는 엑셀을 잘 못 다룬다.",
          "date": "2022-10-12",
          "time": "18:41:54",
          "terminate": "false"
        },
        {
          "speaker": "speaker1",
          "personaID": "51215",
          "participantID": "0765",
          "utterance": "하하하.. 아닙니다^^ 선생님은 여행 안가시나요?",
          "summary": "",
          "date": "2022-10-12",
          "time": "18:42:09",
          "terminate": "false"
        },
        {
          "speaker": "speaker2",
          "personaID": "22303",
          "participantID": "0653",
          "utterance": "아직은 대학생이고 시험기간이 곧 다가와서... 공부해야할것같아요!",
          "summary": "",
          "date": "2022-10-12",
          "time": "18:42:38",
          "terminate": "false"
        },
        {
          "speaker": "speaker1",
          "personaID": "51215",
          "participantID": "0765",
          "utterance": "이런.. 그렇군요. 전공이어떻게 되세요?",
          "summary": "",
          "date": "2022-10-12",
          "time": "18:42:44",
          "terminate": "false"
        },
        {
          "speaker": "speaker2",
          "personaID": "22303",
          "participantID": "0653",
          "utterance": "저는 사회 교육학과에요~^^ 부전공은 영어영문학과구요!",
          "summary": "나는 사회 교육학과를 전공하고 있다. 나의 부전공은 영어영문학과이다.",
          "date": "2022-10-12",
          "time": "18:43:14",
          "terminate": "false"
        },
        {
          "speaker": "speaker1",
          "personaID": "51215",
          "participantID": "0765",
          "utterance": "오우.. 엘리트신가보네요? 대단해요! 안어려워요?",
          "summary": "",
          "date": "2022-10-12",
          "time": "18:43:37",
          "terminate": "false"
        },
        {
          "speaker": "speaker2",
          "personaID": "22303",
          "participantID": "0653",
          "utterance": "매번 이과를 선택한게 후회가 되는데... 그래도 재밌어요!",
          "summary": "",
          "date": "2022-10-12",
          "time": "18:43:57",
          "terminate": "false"
        },
        {
          "speaker": "speaker1",
          "personaID": "51215",
          "participantID": "0765",
          "utterance": "그렇군요^^ 저 그럼 잠시 여행 계획좀 짜고 또 연락할게요!",
          "summary": "",
          "date": "2022-10-12",
          "time": "18:44:10",
          "terminate": "false"
        },
        {
          "speaker": "speaker2",
          "personaID": "22303",
          "participantID": "0653",
          "utterance": "네! 여유 있을때 연락 또 주세요^^",
          "summary": "",
          "date": "2022-10-12",
          "time": "18:44:25",
          "terminate": "true"
        }
      ],
      "sessionPersonaSummary": {
        "speaker1": [
          "나는 가족과 여행을 갈 예정이다.",
          "나는 항상 꼼꼼하다."
        ],
        "speaker2": [
          "나는 엑셀을 잘 못 다룬다.",
          "나는 사회 교육학과를 전공하고 있다. 나의 부전공은 영어영문학과이다."
        ]
      },
      "prevAggregatedpersonaSummary": {
        "speaker1": [
          "나는 50대 여자이다.",
          "나는 야구를 싫어한다.",
          "나는 포크 음악을 좋아한다.",
          "나는 가족들이랑 밥을 먹고 있다.",
          "나는 친척들과 왕래가 잦다."
        ],
        "speaker2": [
          "나는 20대 여자이다.",
          "나는 학생이다.",
          "나는 영화부 동아리에 관심이 없다.",
          "나는 매우 고집이 세다.",
          "나는 수필을 가끔 읽는다.",
          "나는 친척들과 왕래가 없다."
        ]
      }
    }
  ]
}