{
  "FileInfo": {
    "filename": "K3-00468-CL25986-CP42993-14-08-S3.json",
    "sessionLevel": "3"
  },
  "participantsInfo": {
    "numberOfParticipants": "2",
    "speaker1": {
      "participantID": "4139",
      "gender": "여성",
      "age": "30대",
      "occupation": "주부",
      "bPlace": "부산/대구/울산/경상",
      "gPlace": "서울/경기/인천",
      "rPlace": "대전/세종/충청/강원",
      "educationLevel": "대졸"
    },
    "speaker2": {
      "participantID": "4744",
      "gender": "여성",
      "age": "50대",
      "occupation": "자영업",
      "bPlace": "광주/전라/제주",
      "gPlace": "광주/전라/제주",
      "rPlace": "서울/경기/인천",
      "educationLevel": "고졸"
    }
  },
  "multisessionInfo": {
    "multisessionID": "3-00468"
  },
  "personaInfo": {
    "clInfo": {
      "personaID": "25986",
      "personaFeatures": [
        "나는 여자이다.",
        "나는 20대이다.",
        "나의 거주지는 강릉이다",
        "나는 치위생사이다",
        "나는 액션 영화를 싫어한다",
        "나는 짠 음식을 안 먹는다",
        "나는 오전에 책을 읽는다"
      ],
      "speakerType": "speaker1"
    },
    "cpInfo": {
      "personaID": "42993",
      "personaFeatures": [
        "나는 여자이다.",
        "나는 40대이다.",
        "나는 국내 주식에 관심이 많다",
        "나는 고등학교를 졸업했다",
        "나는 매우 적극적이다",
        "나는 단감을 좋아한다"
      ],
      "speakerType": "speaker2"
    }
  },
  "topicInfo": {
    "topicID": "14-08",
    "topicType": "시사/사회>사회이슈(국내)",
    "topicTitle": "출산율"
  },
  "sessionInfo": [
    {
      "prevSessionID": null,
      "prevTimeInfo": {
        "timeNum": null,
        "timeUnit": null
      },
      "nthSession": "1",
      "numberOfUtterances": "14",
      "numberOfTurns": "7",
      "sessionID": "3-00468-1",
      "dialog": [
        {
          "speaker": "speaker1",
          "personaID": "25986",
          "participantID": "4139",
          "utterance": "안녕하세요 저는 강릉에 거주하고 있는 20대 여성이고요. 치위생사로 일 하고 있습니다.",
          "summary": "나는 강릉에 거주한다. 나는 20대 여성이다. 나는 치위생사다.",
          "date": "2022-11-27",
          "time": "18:14:55",
          "terminate": "false"
        },
        {
          "speaker": "speaker2",
          "personaID": "42993",
          "participantID": "4744",
          "utterance": "저는 제주도에 거주하는 60대 여성입니다 반갑습니다 치위생사라 좋은 일 하시네요",
          "summary": "나는 제주도에 산다. 나는 60대 여성이다.",
          "date": "2022-11-27",
          "time": "18:24:12",
          "terminate": "false"
        },
        {
          "speaker": "speaker1",
          "personaID": "25986",
          "participantID": "4139",
          "utterance": "우와 제주도에 거주하시는군요. 혹시 어떤 취미 생활을 가지고 계실까요? ",
          "summary": "",
          "date": "2022-11-27",
          "time": "19:12:56",
          "terminate": "false"
        },
        {
          "speaker": "speaker2",
          "personaID": "42993",
          "participantID": "4744",
          "utterance": "바느질 하는거 좋아해요 조그만 소품들도 만들고요 취미 있으세요",
          "summary": "나는 바느질하는 걸 좋아해서 작은 소품들을 만든다.",
          "date": "2022-11-27",
          "time": "19:37:12",
          "terminate": "false"
        },
        {
          "speaker": "speaker1",
          "personaID": "25986",
          "participantID": "4139",
          "utterance": "저는 영화를 즐겨 봐요. 다만 액션 영화는 싫어해요. 쉬는 날이면 오전엔 주로 책을 읽고요. 날씨 좋으면 바닷가에 산책을 가곤 합니다. ",
          "summary": "나는 영화를 즐겨 본다",
          "date": "2022-11-27",
          "time": "20:10:15",
          "terminate": "false"
        },
        {
          "speaker": "speaker2",
          "personaID": "42993",
          "participantID": "4744",
          "utterance": "바닷가 산책 넘 좋죠  산책은 주로 혼자 하시나요?",
          "summary": "",
          "date": "2022-11-27",
          "time": "20:15:24",
          "terminate": "false"
        },
        {
          "speaker": "speaker1",
          "personaID": "25986",
          "participantID": "4139",
          "utterance": "네. 부모님은 경기도에 거주하고 계세요. 저만 독립해서 강릉에 사는거라 산책은 주로 혼자합니다. 좋아하는 음식은 있으세요? ",
          "summary": "나는 독립해서 혼자 산다",
          "date": "2022-11-27",
          "time": "20:16:56",
          "terminate": "false"
        },
        {
          "speaker": "speaker2",
          "personaID": "42993",
          "participantID": "4744",
          "utterance": "가리는것은 없는데 겨울엔 특히 고구마를 좋아해요",
          "summary": "나는 겨울엔 특히 고구마를 좋아한다.",
          "date": "2022-11-27",
          "time": "20:28:26",
          "terminate": "false"
        },
        {
          "speaker": "speaker1",
          "personaID": "25986",
          "participantID": "4139",
          "utterance": "그렇군요. 저도 딱히 가리는 거 없이 잘 먹지만 짠 음식은 안 먹어요. ",
          "summary": "나는 짠 음식은 안 먹는다",
          "date": "2022-11-27",
          "time": "20:31:40",
          "terminate": "false"
        },
        {
          "speaker": "speaker2",
          "personaID": "42993",
          "participantID": "4744",
          "utterance": "짠 음식이 맛은 있는데 건강에는 최악이죠",
          "summary": "",
          "date": "2022-11-27",
          "time": "20:56:59",
          "terminate": "false"
        },
        {
          "speaker": "speaker1",
          "personaID": "25986",
          "participantID": "4139",
          "utterance": "맞아요. 싱겁게 먹다보니까 조금만 간이 쎈 음식을 먹어도 소금 집어 먹는 기분이에요. ",
          "summary": "",
          "date": "2022-11-27",
          "time": "21:01:26",
          "terminate": "false"
        },
        {
          "speaker": "speaker2",
          "personaID": "42993",
          "participantID": "4744",
          "utterance": "주식 관심 많으심 투자도하시나요?",
          "summary": "",
          "date": "2022-11-27",
          "time": "21:06:23",
          "terminate": "false"
        },
        {
          "speaker": "speaker1",
          "personaID": "25986",
          "participantID": "4139",
          "utterance": "주식이요? 하긴 하는데 요즘 안 들여다본지 오래 됐어요 ㅎㅎ  전 약속이 있어서 이만 나가볼게요. 다음에 또 대화 나눠요. ",
          "summary": "나는 주식을 하긴 하는데 요즘 안 들여다봤다",
          "date": "2022-11-27",
          "time": "21:08:28",
          "terminate": "false"
        },
        {
          "speaker": "speaker2",
          "personaID": "42993",
          "participantID": "4744",
          "utterance": "네 즐거운 시간이었습니다 다음에  또만나요",
          "summary": "",
          "date": "2022-11-27",
          "time": "21:11:47",
          "terminate": "true"
        }
      ],
      "sessionPersonaSummary": {
        "speaker1": [
          "나는 강릉에 거주한다. 나는 20대 여성이다. 나는 치위생사다.",
          "나는 영화를 즐겨 본다",
          "나는 독립해서 혼자 산다",
          "나는 짠 음식은 안 먹는다",
          "나는 주식을 하긴 하는데 요즘 안 들여다봤다"
        ],
        "speaker2": [
          "나는 제주도에 산다. 나는 60대 여성이다.",
          "나는 바느질하는 걸 좋아해서 작은 소품들을 만든다.",
          "나는 겨울엔 특히 고구마를 좋아한다."
        ]
      },
      "prevAggregatedpersonaSummary": {
        "speaker1": [],
        "speaker2": []
      }
    },
    {
      "prevSessionID": "3-00468-1",
      "prevTimeInfo": {
        "timeNum": "6",
        "timeUnit": "주"
      },
      "nthSession": "2",
      "numberOfUtterances": "15",
      "numberOfTurns": "7",
      "sessionID": "3-00468-2",
      "dialog": [
        {
          "speaker": "speaker1",
          "personaID": "25986",
          "participantID": "4139",
          "utterance": "안녕하세요 우리 6주만에 대화하는 거에요. 진짜 오랜만이죠?",
          "summary": "",
          "date": "2022-11-27",
          "time": "21:34:56",
          "terminate": "false"
        },
        {
          "speaker": "speaker2",
          "personaID": "42993",
          "participantID": "4744",
          "utterance": "네 그동안 별일은 없으셨나요? ",
          "summary": "",
          "date": "2022-11-27",
          "time": "21:51:21",
          "terminate": "false"
        },
        {
          "speaker": "speaker1",
          "personaID": "25986",
          "participantID": "4139",
          "utterance": "네 저는 별 일 없었어요. 얼마전에 태어난 조카를 만나고 왔어요 :) 이제 50일 조금 넘었어요.",
          "summary": "나는 태어난 지 50일 된 조카가 있다",
          "date": "2022-11-27",
          "time": "22:09:55",
          "terminate": "false"
        },
        {
          "speaker": "speaker2",
          "personaID": "42993",
          "participantID": "4744",
          "utterance": "새 생명이 주는 신비감이란 봐도 봐도 질리지 않죠? 그런데 우리나라 출산율이 너무 저조해 큰일이예요",
          "summary": "나는 우리나라 출산율이 저조한 게 걱정된다.",
          "date": "2022-11-27",
          "time": "22:23:43",
          "terminate": "false"
        },
        {
          "speaker": "speaker1",
          "personaID": "25986",
          "participantID": "4139",
          "utterance": "우연히 관련 다큐를 본 적 있는데 정말 심각하더라구요.  OECD국가들 중에서도 압도적인 꼴지라고 들었어요… ",
          "summary": "나는 출산율이 심각한 관련 다큐를 보았다 나는 OECD 국가 중 꼴찌라는 걸 들었다",
          "date": "2022-11-27",
          "time": "22:45:17",
          "terminate": "false"
        },
        {
          "speaker": "speaker2",
          "personaID": "42993",
          "participantID": "4744",
          "utterance": "그니까요 앞으로 우리 나라가 존재 하게 될지 걱정이네요",
          "summary": "나는 낮은 출산율로 인해 앞으로 우리나라가 계속 존재하게 될지 걱정이다.",
          "date": "2022-11-27",
          "time": "23:14:57",
          "terminate": "false"
        },
        {
          "speaker": "speaker1",
          "personaID": "25986",
          "participantID": "4139",
          "utterance": "정말로 그런 걱정을 해야 할 정도로 상황이 많이 안 좋더라고요. 그런데 요즘 맞벌이가 많은데 여전히 워킹맘들이 일하기 좋은 환경은 아닌 거 같아요.",
          "summary": "나는 워킹맘들이 일하기 좋은 환경이 아니라고 생각한다",
          "date": "2022-11-28",
          "time": "09:14:58",
          "terminate": "false"
        },
        {
          "speaker": "speaker2",
          "personaID": "42993",
          "participantID": "4744",
          "utterance": "욕심을 좀 버려야 하는데요 옛날에는 너도 나도 어려우니까 위에 형이 동생들 돌보고 했는데 요즘은 아이 키우는데 돈이 너무 많이 드니까 맞벌이 안 할 수도 없잖아요",
          "summary": "나는 사람들이 욕심을 좀 버려야 한다고 생각한다.",
          "date": "2022-11-28",
          "time": "09:22:57",
          "terminate": "false"
        },
        {
          "speaker": "speaker1",
          "personaID": "25986",
          "participantID": "4139",
          "utterance": "네. 물가가 너무 많이 올랐어요. 특히 부동산이요. 내가 평생 벌어도 집을 살 수 있을까 말까한 환경이라는 게 너무 슬픕니다. ",
          "summary": "나는 집을 사기 힘든 환경이 슬프다.",
          "date": "2022-11-28",
          "time": "09:26:15",
          "terminate": "false"
        },
        {
          "speaker": "speaker2",
          "personaID": "42993",
          "participantID": "4744",
          "utterance": "요즘 집값이 너무 내려 사회적으로 문제가 또 되더라구요 대출 받아서 산 사람들은 깡통 차게 생겼더구요",
          "summary": "",
          "date": "2022-11-28",
          "time": "09:28:01",
          "terminate": "false"
        },
        {
          "speaker": "speaker1",
          "personaID": "25986",
          "participantID": "4139",
          "utterance": "전 생각이 좀 다른데요. 집값이 여태껏 오른 폭에 비하면 하락폭은 아주 낮다고 생각해요. 지금도 여전히 근로를 통한 수입으로는 전세 조차 힘든 게 현실이니까요.  다만 사람들이 불안한 마음에 고점일 때 대출을 많이 끼고 무리하게 구매했는데 금리가 오르면서 대출 이자도 많이 올라서 힘든거겠지요. ",
          "summary": "",
          "date": "2022-11-28",
          "time": "12:05:37",
          "terminate": "false"
        },
        {
          "speaker": "speaker2",
          "personaID": "42993",
          "participantID": "4744",
          "utterance": "그런가요 주변에 집값 대출금 이자로 힘들어 하시는분들이 있다보니 말씀 한 부분은 있는 사람들에게 적용되구요 정말 살집 한채 마련한 서민은 힘든것 같아요",
          "summary": "",
          "date": "2022-11-28",
          "time": "12:11:31",
          "terminate": "false"
        },
        {
          "speaker": "speaker1",
          "personaID": "25986",
          "participantID": "4139",
          "utterance": "맞아요. 그러다보니 연애도 결혼도 아이를 갖는 것도 사치처럼 느껴질 때가 있네요. ",
          "summary": "나는 결혼과 출산이 사치처럼 느껴진다.",
          "date": "2022-11-28",
          "time": "12:14:02",
          "terminate": "false"
        },
        {
          "speaker": "speaker2",
          "personaID": "42993",
          "participantID": "4744",
          "utterance": "아이들이 있어도 대부분 외동이더라구요 전 집이 북적이는게 좋아요",
          "summary": "나는 집이 사람들로 북적이는 게 좋다.",
          "date": "2022-11-28",
          "time": "13:10:02",
          "terminate": "false"
        },
        {
          "speaker": "speaker1",
          "personaID": "25986",
          "participantID": "4139",
          "utterance": "그러시군요 :) 전 이만 밥 먹으러 나가봐야겠어요. 식사는 하셨어요? ",
          "summary": "",
          "date": "2022-11-28",
          "time": "13:11:16",
          "terminate": "true"
        }
      ],
      "sessionPersonaSummary": {
        "speaker1": [
          "나는 태어난 지 50일 된 조카가 있다",
          "나는 출산율이 심각한 관련 다큐를 보았다",
          "나는 OECD 국가 중 꼴찌라는 걸 들었다",
          "나는 워킹맘들이 일하기 좋은 환경이 아니라고 생각한다",
          "나는 집을 사기 힘든 환경이 슬프다.",
          "나는 결혼과 출산이 사치처럼 느껴진다."
        ],
        "speaker2": [
          "나는 우리나라 출산율이 저조한 게 걱정된다.",
          "나는 낮은 출산율로 인해 앞으로 우리나라가 계속 존재하게 될지 걱정이다.",
          "나는 사람들이 욕심을 좀 버려야 한다고 생각한다.",
          "나는 집이 사람들로 북적이는 게 좋다."
        ]
      },
      "prevAggregatedpersonaSummary": {
        "speaker1": [
          "나는 강릉에 거주한다. 나는 20대 여성이다. 나는 치위생사다.",
          "나는 영화를 즐겨 본다",
          "나는 독립해서 혼자 산다",
          "나는 짠 음식은 안 먹는다",
          "나는 주식을 하긴 하는데 요즘 안 들여다봤다"
        ],
        "speaker2": [
          "나는 제주도에 산다. 나는 60대 여성이다.",
          "나는 바느질하는 걸 좋아해서 작은 소품들을 만든다.",
          "나는 겨울엔 특히 고구마를 좋아한다."
        ]
      }
    },
    {
      "prevSessionID": "3-00468-2",
      "prevTimeInfo": {
        "timeNum": "20",
        "timeUnit": "시간"
      },
      "nthSession": "3",
      "numberOfUtterances": "14",
      "numberOfTurns": "7",
      "sessionID": "3-00468-3",
      "dialog": [
        {
          "speaker": "speaker1",
          "personaID": "25986",
          "participantID": "4139",
          "utterance": "안녕하세요 정확히 20시간만에 대화네요. 그 사이 별 일 없으셨죠?",
          "summary": "",
          "date": "2022-11-28",
          "time": "13:27:26",
          "terminate": "false"
        },
        {
          "speaker": "speaker2",
          "personaID": "42993",
          "participantID": "4744",
          "utterance": "용산  참사에 대해 친구와 이야기를 나누었어요",
          "summary": "나는 용산 참사에 대해 친구와 이야기를 나누었다.",
          "date": "2022-11-28",
          "time": "13:29:06",
          "terminate": "false"
        },
        {
          "speaker": "speaker1",
          "personaID": "25986",
          "participantID": "4139",
          "utterance": "아. 그 할로윈 축제 때 일어난 사고 말씀하시는거죠? 한 동안 마음이 아프고 착잡하고 기분이 계속 다운되더라고요. 이런 일이 21세기에 벌어진다는 게 믿기지가 않아요.",
          "summary": "나는 21세기에 참사가 이해가 안 된다",
          "date": "2022-11-28",
          "time": "13:30:39",
          "terminate": "false"
        },
        {
          "speaker": "speaker2",
          "personaID": "42993",
          "participantID": "4744",
          "utterance": "맞아요 앞길 창창한 젊은이들이 그렇게 되니 너무 맘이 아프더라구요",
          "summary": "나는 앞길 창창한 젊은이들이 그렇게 돼서 너무 마음이 아프다.",
          "date": "2022-11-28",
          "time": "13:34:59",
          "terminate": "false"
        },
        {
          "speaker": "speaker1",
          "personaID": "25986",
          "participantID": "4139",
          "utterance": "네. 길을 걷다가 죽었다는 게 정말 믿을 수가 없어요. 그 순간 얼마나 무섭고 고통스러웠을까 생각하면 눈물이 납니다… ",
          "summary": "나는 희생자들의 고통에 눈물이 난다",
          "date": "2022-11-28",
          "time": "13:37:17",
          "terminate": "false"
        },
        {
          "speaker": "speaker2",
          "personaID": "42993",
          "participantID": "4744",
          "utterance": "이렇게 국민들은 슬퍼하는데 정치권은 책임전가에 갑론을박하는 상황이 안타깝네요",
          "summary": "나는 책임전가에 갑론을박하는 현 정치권 상황이 안타깝다.",
          "date": "2022-11-28",
          "time": "14:42:44",
          "terminate": "false"
        },
        {
          "speaker": "speaker1",
          "personaID": "25986",
          "participantID": "4139",
          "utterance": "네. 저도 정치는 잘 모르지만 민생을 위한 정책 논의는 거의 없는 거 같고요. 결국 본인들 밥그릇 싸움 하느라 바빠 보여서 참 그래요… ",
          "summary": "나는 정치인들이 민생 논의가 없는 것 같다",
          "date": "2022-11-28",
          "time": "14:49:43",
          "terminate": "false"
        },
        {
          "speaker": "speaker2",
          "personaID": "42993",
          "participantID": "4744",
          "utterance": "진정한 지도자가 있기를 바래보내요",
          "summary": "나는 진정한 지도자가 있기를 바란다.",
          "date": "2022-11-28",
          "time": "14:54:39",
          "terminate": "false"
        },
        {
          "speaker": "speaker1",
          "personaID": "25986",
          "participantID": "4139",
          "utterance": "저도 같은 마음입니다. 출산 장려 정책 같은 것도 그래요. 현금으로 지원해주는 것도 좋지만 멀리 보고 육아하면서 일도 할 수 있는 환경을 만들어 줘야 하는데… 너무 근시안적 대책이라는 생각이 듭니다.",
          "summary": "나는 장기적인 대책이 세워지길 바란다",
          "date": "2022-11-28",
          "time": "14:58:46",
          "terminate": "false"
        },
        {
          "speaker": "speaker2",
          "personaID": "42993",
          "participantID": "4744",
          "utterance": "그러니 출산율이 바닥이고 인재가 줄어들고 문제가 많네요",
          "summary": "",
          "date": "2022-11-28",
          "time": "15:31:27",
          "terminate": "false"
        },
        {
          "speaker": "speaker1",
          "personaID": "25986",
          "participantID": "4139",
          "utterance": "네. 우리나라는 특히 사람이 자원인데요. 제대로 된 정책이 나와주길 진심으로 바라요. ",
          "summary": "나는 제대로 된 출산율 정책이 나오길 바란다",
          "date": "2022-11-28",
          "time": "15:37:46",
          "terminate": "false"
        },
        {
          "speaker": "speaker2",
          "personaID": "42993",
          "participantID": "4744",
          "utterance": "국민들의 바램은 제대로 들어 주는 정부가 되길 바래보며 용산 참사의 고인들의 명복을 빕니다",
          "summary": "나는 국민의 바람을 제대로 들어주는 정부가 되기를 희망한다.",
          "date": "2022-11-28",
          "time": "15:41:35",
          "terminate": "false"
        },
        {
          "speaker": "speaker1",
          "personaID": "25986",
          "participantID": "4139",
          "utterance": "저도요. 그 곳에선 평안하길 진심으로 바래 봅니다. 전 일이 있어서 이만 나가볼게요. 대화 즐거웠어요! ",
          "summary": "나는 참사 희생자들이 평안하기를 바란다",
          "date": "2022-11-28",
          "time": "16:01:29",
          "terminate": "false"
        },
        {
          "speaker": "speaker2",
          "personaID": "42993",
          "participantID": "4744",
          "utterance": "네 저도 즐거웠습니다 이만 나가 볼께요",
          "summary": "",
          "date": "2022-11-28",
          "time": "16:02:12",
          "terminate": "true"
        }
      ],
      "sessionPersonaSummary": {
        "speaker1": [
          "나는 21세기에 참사가 이해가 안 된다",
          "나는 희생자들의 고통에 눈물이 난다",
          "나는 정치인들이 민생 논의가 없는 것 같다",
          "나는 장기적인 대책이 세워지길 바란다",
          "나는 제대로 된 출산율 정책이 나오길 바란다",
          "나는 참사 희생자들이 평안하기를 바란다"
        ],
        "speaker2": [
          "나는 용산 참사에 대해 친구와 이야기를 나누었다.",
          "나는 앞길 창창한 젊은이들이 그렇게 돼서 너무 마음이 아프다.",
          "나는 책임전가에 갑론을박하는 현 정치권 상황이 안타깝다.",
          "나는 진정한 지도자가 있기를 바란다.",
          "나는 국민의 바람을 제대로 들어주는 정부가 되기를 희망한다."
        ]
      },
      "prevAggregatedpersonaSummary": {
        "speaker1": [
          "나는 강릉에 거주한다. 나는 20대 여성이다. 나는 치위생사다.",
          "나는 영화를 즐겨 본다",
          "나는 독립해서 혼자 산다",
          "나는 짠 음식은 안 먹는다",
          "나는 주식을 하긴 하는데 요즘 안 들여다봤다",
          "나는 태어난 지 50일 된 조카가 있다",
          "나는 출산율이 심각한 관련 다큐를 보았다",
          "나는 OECD 국가 중 꼴찌라는 걸 들었다",
          "나는 워킹맘들이 일하기 좋은 환경이 아니라고 생각한다",
          "나는 집을 사기 힘든 환경이 슬프다.",
          "나는 결혼과 출산이 사치처럼 느껴진다."
        ],
        "speaker2": [
          "나는 제주도에 산다. 나는 60대 여성이다.",
          "나는 바느질하는 걸 좋아해서 작은 소품들을 만든다.",
          "나는 겨울엔 특히 고구마를 좋아한다.",
          "나는 우리나라 출산율이 저조한 게 걱정된다.",
          "나는 낮은 출산율로 인해 앞으로 우리나라가 계속 존재하게 될지 걱정이다.",
          "나는 사람들이 욕심을 좀 버려야 한다고 생각한다.",
          "나는 집이 사람들로 북적이는 게 좋다."
        ]
      }
    }
  ]
}