{
  "FileInfo": {
    "filename": "K3-00092-CL13337-CP10881-10-07-S3.json",
    "sessionLevel": "3"
  },
  "participantsInfo": {
    "numberOfParticipants": "2",
    "speaker1": {
      "participantID": "4697",
      "gender": "여성",
      "age": "20대",
      "occupation": "학생",
      "bPlace": "부산/대구/울산/경상",
      "gPlace": "부산/대구/울산/경상",
      "rPlace": "부산/대구/울산/경상",
      "educationLevel": "대졸"
    },
    "speaker2": {
      "participantID": "4678",
      "gender": "남성",
      "age": "10대",
      "occupation": "학생",
      "bPlace": "서울/경기/인천",
      "gPlace": "서울/경기/인천",
      "rPlace": "서울/경기/인천",
      "educationLevel": "중졸"
    }
  },
  "multisessionInfo": {
    "multisessionID": "3-00092"
  },
  "personaInfo": {
    "clInfo": {
      "personaID": "13337",
      "personaFeatures": [
        "나는 여자이다.",
        "나는 10대이다.",
        "내가 사는 곳은 부천이다",
        "나는 학교에 가는 게 즐겁다",
        "나는 블루베리를 좋아한다",
        "나는 매일 질투가 난다",
        "나는 음악 영화를 자주 본다"
      ],
      "speakerType": "speaker1"
    },
    "cpInfo": {
      "personaID": "10881",
      "personaFeatures": [
        "나는 남자이다.",
        "나는 10대이다.",
        "나의 어머니는 약사이다",
        "나는 항상 안도감이 든다",
        "나는 일식을 즐겨 먹는다"
      ],
      "speakerType": "speaker2"
    }
  },
  "topicInfo": {
    "topicID": "10-07",
    "topicType": "여가와 오락>스포츠/레져",
    "topicTitle": "운동 경기"
  },
  "sessionInfo": [
    {
      "prevSessionID": null,
      "prevTimeInfo": {
        "timeNum": null,
        "timeUnit": null
      },
      "nthSession": "1",
      "numberOfUtterances": "15",
      "numberOfTurns": "7",
      "sessionID": "3-00092-1",
      "dialog": [
        {
          "speaker": "speaker1",
          "personaID": "13337",
          "participantID": "4697",
          "utterance": "안녕하세요 저는 10대 여성입니다.",
          "summary": "나는 10대 여성이다.",
          "date": "2022-11-17",
          "time": "17:27:19",
          "terminate": "false"
        },
        {
          "speaker": "speaker2",
          "personaID": "10881",
          "participantID": "4678",
          "utterance": "안녕하세요. 저는 10대 남성입니다.",
          "summary": "나는 10대 남성이다.",
          "date": "2022-11-17",
          "time": "17:30:25",
          "terminate": "false"
        },
        {
          "speaker": "speaker1",
          "personaID": "13337",
          "participantID": "4697",
          "utterance": "같은 10대네요~ 저는 부천에 사는데 혹시 어디사세요?",
          "summary": "나는 부천에 산다.",
          "date": "2022-11-17",
          "time": "17:31:39",
          "terminate": "false"
        },
        {
          "speaker": "speaker2",
          "personaID": "10881",
          "participantID": "4678",
          "utterance": "저는 오산 살아요! 저희 어머니는 약사신데 가족분들은 무슨일을 하시나요?",
          "summary": "나는 오산에 살고 있다. 나의 어머니는 약사이다.",
          "date": "2022-11-17",
          "time": "17:34:13",
          "terminate": "false"
        },
        {
          "speaker": "speaker1",
          "personaID": "13337",
          "participantID": "4697",
          "utterance": "저희 어머니는 과일집 장사를 하세요~ 그래서 전 블루베리를 좋아한답니다. 뭐 좋아하세요?",
          "summary": "나는 어머니가 과일집 장사를 해서 블루베리를 좋아한다.",
          "date": "2022-11-17",
          "time": "17:36:49",
          "terminate": "false"
        },
        {
          "speaker": "speaker2",
          "personaID": "10881",
          "participantID": "4678",
          "utterance": "그렇군요! 저는 일식 즐겨 먹는 걸 좋아해요. 먹으면 항상 안도감이 들거든요.",
          "summary": "나는 먹으면 항상 안도감이 드는 일식을 좋아한다.",
          "date": "2022-11-17",
          "time": "17:37:52",
          "terminate": "false"
        },
        {
          "speaker": "speaker1",
          "personaID": "13337",
          "participantID": "4697",
          "utterance": "좋네요~요즘 뭐하면서 시간을 보내시나요? 저는 음악 영화를 자주 보는것 같아요.",
          "summary": "나는 음악 영화를 자주 보는 것 같다.",
          "date": "2022-11-17",
          "time": "17:47:03",
          "terminate": "false"
        },
        {
          "speaker": "speaker2",
          "personaID": "10881",
          "participantID": "4678",
          "utterance": "저는 요즘에는 하는 것도 없이 그냥 지내요!",
          "summary": "",
          "date": "2022-11-17",
          "time": "17:48:39",
          "terminate": "false"
        },
        {
          "speaker": "speaker1",
          "personaID": "13337",
          "participantID": "4697",
          "utterance": "고민있어요? 저는 아버지가 동생만 너무 예뻐하셔서 매일 질투가 나요..",
          "summary": "나는 아버지가 동생만 너무 예뻐하셔서 매일 질투가 난다.",
          "date": "2022-11-17",
          "time": "17:50:24",
          "terminate": "false"
        },
        {
          "speaker": "speaker2",
          "personaID": "10881",
          "participantID": "4678",
          "utterance": "고민은 없는데 아버지가 동생만 이뻐하신다면 이쁜짓을 해보면 좋을 것 같아요!",
          "summary": "",
          "date": "2022-11-17",
          "time": "17:51:06",
          "terminate": "false"
        },
        {
          "speaker": "speaker1",
          "personaID": "13337",
          "participantID": "4697",
          "utterance": "조언 감사해요~ 요즘 학교가는거 어때요? 전 학교에 가는 게 즐거워요. 제가 블루베리를 좋아하는데 오늘은 급식에 블루베리가 나왔거든요!",
          "summary": "나는 학교 가는 게 즐겁고 블루베리를 좋아한다.",
          "date": "2022-11-17",
          "time": "17:52:52",
          "terminate": "false"
        },
        {
          "speaker": "speaker2",
          "personaID": "10881",
          "participantID": "4678",
          "utterance": "요즘 학교가는 거 좋죠! 블루베리라니 맛있었겠네요.",
          "summary": "",
          "date": "2022-11-17",
          "time": "17:53:59",
          "terminate": "false"
        },
        {
          "speaker": "speaker1",
          "personaID": "13337",
          "participantID": "4697",
          "utterance": "블루베리 좋아요~~ 오늘계획은 어떻게 되나요?",
          "summary": "나는 블루베리가 좋다.",
          "date": "2022-11-18",
          "time": "03:12:42",
          "terminate": "false"
        },
        {
          "speaker": "speaker2",
          "personaID": "10881",
          "participantID": "4678",
          "utterance": "오늘 계획은 이제 바빠서 가봐야 할 것 같네요. 다음에 또 뵈어요!",
          "summary": "",
          "date": "2022-11-18",
          "time": "07:35:16",
          "terminate": "false"
        },
        {
          "speaker": "speaker1",
          "personaID": "13337",
          "participantID": "4697",
          "utterance": "저도 대화 재밌었어요~ 다음에 또 뵈요.",
          "summary": "",
          "date": "2022-11-18",
          "time": "13:30:37",
          "terminate": "true"
        }
      ],
      "sessionPersonaSummary": {
        "speaker1": [
          "나는 10대 여성이다.",
          "나는 부천에 산다.",
          "나는 어머니가 과일집 장사를 해서 블루베리를 좋아한다.",
          "나는 음악 영화를 자주 보는 것 같다.",
          "나는 아버지가 동생만 너무 예뻐하셔서 매일 질투가 난다.",
          "나는 학교 가는 게 즐겁고 블루베리를 좋아한다.",
          "나는 블루베리가 좋다."
        ],
        "speaker2": [
          "나는 10대 남성이다.",
          "나는 오산에 살고 있다. 나의 어머니는 약사이다.",
          "나는 먹으면 항상 안도감이 드는 일식을 좋아한다."
        ]
      },
      "prevAggregatedpersonaSummary": {
        "speaker1": [],
        "speaker2": []
      }
    },
    {
      "prevSessionID": "3-00092-1",
      "prevTimeInfo": {
        "timeNum": "4",
        "timeUnit": "일"
      },
      "nthSession": "2",
      "numberOfUtterances": "15",
      "numberOfTurns": "7",
      "sessionID": "3-00092-2",
      "dialog": [
        {
          "speaker": "speaker1",
          "personaID": "13337",
          "participantID": "4697",
          "utterance": "시간이 생각보다 빠르네요~ 저는 이번주에 일식을 먹었어요! H씨 생각이 나더라구요. 이제 곧 월드컵을 해서 이번주도 정말 흥미진진한 한 주가 될거 같아요! 스포츠 좋아하세요?",
          "summary": "나는 이번 주에 일식을 먹었다. 나는 이번 주도 정말 흥미진진한 한 주가 될 것 같다.",
          "date": "2022-11-18",
          "time": "22:45:43",
          "terminate": "false"
        },
        {
          "speaker": "speaker2",
          "personaID": "10881",
          "participantID": "4678",
          "utterance": "네! 스포츠 정말 좋아하죠! 월드컵 볼 생각에 벌써 떨리네요!",
          "summary": "나는 스포츠를 정말 좋아한다. 나는 월드컵을 기대하고 있다.",
          "date": "2022-11-18",
          "time": "23:19:24",
          "terminate": "false"
        },
        {
          "speaker": "speaker1",
          "personaID": "13337",
          "participantID": "4697",
          "utterance": "그러게요. 시간이 너무 안갔는데 벌써 4일이나 지났다니 시간이 너무 빠르네요. 어떤 종류의 스포츠를 좋아하나요?",
          "summary": "",
          "date": "2022-11-19",
          "time": "00:15:46",
          "terminate": "false"
        },
        {
          "speaker": "speaker2",
          "personaID": "10881",
          "participantID": "4678",
          "utterance": "저는 축구나 야구 같은 구기 종목 좋아합니다! 님은 어떤 종류의 스포츠를 좋아하나요?",
          "summary": "나는 구기 종목을 좋아한다.",
          "date": "2022-11-19",
          "time": "00:58:30",
          "terminate": "false"
        },
        {
          "speaker": "speaker1",
          "personaID": "13337",
          "participantID": "4697",
          "utterance": "저는 배드민턴이나 테니스를 좋아해요. 님은 큰 공을 저는 작은 공을 사용해서 스포츠를 좋아하네요~ 신기한걸요? 레져활동 해보신거 있어요? 저는 여기 부천에서 바나나보트를 타봤어요.",
          "summary": "나는 배드민턴이나 테니스를 좋아한다. 나는 부천에서 바나나보트를 타봤다.",
          "date": "2022-11-20",
          "time": "00:08:59",
          "terminate": "false"
        },
        {
          "speaker": "speaker2",
          "personaID": "10881",
          "participantID": "4678",
          "utterance": "네! 저는 웨이크 보드 해본 적 있습니다!",
          "summary": "나는 웨이크 보드를 타본 적이 있다.",
          "date": "2022-11-20",
          "time": "08:32:16",
          "terminate": "false"
        },
        {
          "speaker": "speaker1",
          "personaID": "13337",
          "participantID": "4697",
          "utterance": "웨이크보드 처음 들어봤어요..어때요? 여기 부천에도 있는지 찾아봐야겠어요.",
          "summary": "나는 웨이크보드를 처음 들어봤다.",
          "date": "2022-11-22",
          "time": "16:25:11",
          "terminate": "false"
        },
        {
          "speaker": "speaker2",
          "personaID": "10881",
          "participantID": "4678",
          "utterance": "물 위에서 하는 스노보든데 보트에 매달려서 가는 거라 재밌습니다!",
          "summary": "",
          "date": "2022-11-22",
          "time": "18:26:35",
          "terminate": "false"
        },
        {
          "speaker": "speaker1",
          "personaID": "13337",
          "participantID": "4697",
          "utterance": "아 그 레져활동 이름이 웨이크보드였군요! 음악 영화에서 많이 보던 장면이네요~  님은 운동에 소질이 있나봐요~ 다양한 운동 경기에도 출전해봤을거 같네요",
          "summary": "",
          "date": "2022-11-22",
          "time": "19:20:09",
          "terminate": "false"
        },
        {
          "speaker": "speaker2",
          "personaID": "10881",
          "participantID": "4678",
          "utterance": "네! 운동 다양하게 해봤는데 축구도 많이 출전해봤어요.",
          "summary": "나는 다양한 운동에 출전을 해봤다. 나는 축구에 많이 출전해봤다.",
          "date": "2022-11-22",
          "time": "19:27:40",
          "terminate": "false"
        },
        {
          "speaker": "speaker1",
          "personaID": "13337",
          "participantID": "4697",
          "utterance": "일단 골키퍼는 아닐거 같아요~~ 운동 경기 중에 부상을 당하신적이 있나요? ",
          "summary": "",
          "date": "2022-11-22",
          "time": "19:29:31",
          "terminate": "false"
        },
        {
          "speaker": "speaker2",
          "personaID": "10881",
          "participantID": "4678",
          "utterance": "당한적 많죠. 타박상 부터 골절 까지 다 겪어 봤네요.",
          "summary": "나는 운동 중 타박상과 골절 등 부상을 당한 적이 많다.",
          "date": "2022-11-22",
          "time": "19:30:20",
          "terminate": "false"
        },
        {
          "speaker": "speaker1",
          "personaID": "13337",
          "participantID": "4697",
          "utterance": "지금은 괜찮으신거죠? 몸 조심하며 재밌게 경기하는게 최고잖아요~  저는 배드민턴하면서 다음날 팔 통증이 있던거 빼곤 없었어요.",
          "summary": "나는 배드민턴 하면서 다음날 팔 통증이 있었다.",
          "date": "2022-11-22",
          "time": "19:34:28",
          "terminate": "false"
        },
        {
          "speaker": "speaker2",
          "personaID": "10881",
          "participantID": "4678",
          "utterance": "맞아요. 건강하게 해야죠. 저는 이만 일이 있어서 가보겠습니다.",
          "summary": "",
          "date": "2022-11-22",
          "time": "21:28:14",
          "terminate": "false"
        },
        {
          "speaker": "speaker1",
          "personaID": "13337",
          "participantID": "4697",
          "utterance": "네 저도 학교 갈 준비를 하고 자야겠어요~~ 다음에 또 얘기나눠요.",
          "summary": "",
          "date": "2022-11-22",
          "time": "23:47:37",
          "terminate": "true"
        }
      ],
      "sessionPersonaSummary": {
        "speaker1": [
          "나는 이번 주에 일식을 먹었다.",
          "나는 이번 주도 정말 흥미진진한 한 주가 될 것 같다.",
          "나는 배드민턴이나 테니스를 좋아한다.",
          "나는 부천에서 바나나보트를 타봤다.",
          "나는 웨이크보드를 처음 들어봤다.",
          "나는 배드민턴 하면서 다음날 팔 통증이 있었다."
        ],
        "speaker2": [
          "나는 스포츠를 정말 좋아한다. 나는 월드컵을 기대하고 있다.",
          "나는 구기 종목을 좋아한다.",
          "나는 웨이크 보드를 타본 적이 있다.",
          "나는 다양한 운동에 출전을 해봤다. 나는 축구에 많이 출전해봤다.",
          "나는 운동 중 타박상과 골절 등 부상을 당한 적이 많다."
        ]
      },
      "prevAggregatedpersonaSummary": {
        "speaker1": [
          "나는 10대 여성이다.",
          "나는 부천에 산다.",
          "나는 어머니가 과일집 장사를 해서 블루베리를 좋아한다.",
          "나는 음악 영화를 자주 보는 것 같다.",
          "나는 아버지가 동생만 너무 예뻐하셔서 매일 질투가 난다.",
          "나는 학교 가는 게 즐겁고 블루베리를 좋아한다.",
          "나는 블루베리가 좋다."
        ],
        "speaker2": [
          "나는 10대 남성이다.",
          "나는 오산에 살고 있다. 나의 어머니는 약사이다.",
          "나는 먹으면 항상 안도감이 드는 일식을 좋아한다."
        ]
      }
    },
    {
      "prevSessionID": "3-00092-2",
      "prevTimeInfo": {
        "timeNum": "4",
        "timeUnit": "주"
      },
      "nthSession": "3",
      "numberOfUtterances": "15",
      "numberOfTurns": "7",
      "sessionID": "3-00092-3",
      "dialog": [
        {
          "speaker": "speaker1",
          "personaID": "13337",
          "participantID": "4697",
          "utterance": "한달만이네요~ 그동안 잘 지내셨나요? 이번에는 어떤 운동경기를 했을지 궁금하네요 ㅎㅎ",
          "summary": "",
          "date": "2022-11-23",
          "time": "00:05:11",
          "terminate": "false"
        },
        {
          "speaker": "speaker2",
          "personaID": "10881",
          "participantID": "4678",
          "utterance": "네~ 한동안 대회 때문에 축구 연습했어요!",
          "summary": "나는 축구 대회를 대비해 연습하고 있다.",
          "date": "2022-11-23",
          "time": "00:06:23",
          "terminate": "false"
        },
        {
          "speaker": "speaker1",
          "personaID": "13337",
          "participantID": "4697",
          "utterance": "오 전국 대회인가요? 항상 축구를 하시는 것 같아요. 이러다 축구선수 되겠어요!",
          "summary": "",
          "date": "2022-11-23",
          "time": "20:36:33",
          "terminate": "false"
        },
        {
          "speaker": "speaker2",
          "personaID": "10881",
          "participantID": "4678",
          "utterance": "네! 전국 대회입니다. 아쉽게 축구선수 할 실력이 되지는 않아요.",
          "summary": "나는 축구 전국 대회에 나간다.",
          "date": "2022-11-23",
          "time": "23:00:55",
          "terminate": "false"
        },
        {
          "speaker": "speaker1",
          "personaID": "13337",
          "participantID": "4697",
          "utterance": "겸손이신것 같지만 그래도 멋지세요. 운동 경기 일정이 어떻게 되나요?",
          "summary": "",
          "date": "2022-11-24",
          "time": "22:17:28",
          "terminate": "false"
        },
        {
          "speaker": "speaker2",
          "personaID": "10881",
          "participantID": "4678",
          "utterance": "다음주 일요일이 경기 입니다!",
          "summary": "나의 축구 경기는 다음 주 일요일에 한다.",
          "date": "2022-11-24",
          "time": "23:22:50",
          "terminate": "false"
        },
        {
          "speaker": "speaker1",
          "personaID": "13337",
          "participantID": "4697",
          "utterance": "저는 이제 팔이 완전히 괜찮아져서 다시 배드민턴을 하고 있어요. 님도 부상 조심하세요",
          "summary": "나는 이제 팔이 괜찮아져서 다시 배드민턴을 하고 있다.",
          "date": "2022-11-25",
          "time": "22:34:17",
          "terminate": "false"
        },
        {
          "speaker": "speaker2",
          "personaID": "10881",
          "participantID": "4678",
          "utterance": "다행이네요! 저도 항상 부상 조심하겠습니다.",
          "summary": "",
          "date": "2022-11-26",
          "time": "02:09:43",
          "terminate": "false"
        },
        {
          "speaker": "speaker1",
          "personaID": "13337",
          "participantID": "4697",
          "utterance": "날씨가 추워서 운동경기하는게 제약이 많겠어요. 보통 축구는 반바지 입고 하죠?",
          "summary": "",
          "date": "2022-11-26",
          "time": "15:20:04",
          "terminate": "false"
        },
        {
          "speaker": "speaker2",
          "personaID": "10881",
          "participantID": "4678",
          "utterance": "네! 아무리 추워도 뛰다 보면 더워져서 반바지 입고하죠.",
          "summary": "나는 축구할 때 한겨울에도 반바지를 입고한다.",
          "date": "2022-11-26",
          "time": "16:53:13",
          "terminate": "false"
        },
        {
          "speaker": "speaker1",
          "personaID": "13337",
          "participantID": "4697",
          "utterance": "저는 생각만해도 추운걸요~ 요번에 카타르 월드컵 경기장에 운동 경기중에 에어컨을 틀어준다고 해서 너무 신기했어요~  축구유니폼에 긴바지가 아예 없는건 아니죠..?",
          "summary": "나는 카타르 월드컵 경기장에 운동 경기 중에 에어컨을 틀어준다고 해서 신기했다.",
          "date": "2022-11-27",
          "time": "11:27:03",
          "terminate": "false"
        },
        {
          "speaker": "speaker2",
          "personaID": "10881",
          "participantID": "4678",
          "utterance": "네 긴바지도 있는데 불편해서요. 하하",
          "summary": "나는 운동복으로 긴바지를 입는 게 불편하다.",
          "date": "2022-11-27",
          "time": "14:19:34",
          "terminate": "false"
        },
        {
          "speaker": "speaker1",
          "personaID": "13337",
          "participantID": "4697",
          "utterance": "그럼 님은 한겨울에도 축구하고 그러나요???? 님은 워낙 운동경기를 좋아하셔서 왠지 그럴거 같네요. 전 내일 웨이크보드 타러가요~ 님이 덕분에 알게되서 좀 알아봤거든요.",
          "summary": " 나는 내일 웨이크보드를 타러 간다.",
          "date": "2022-11-27",
          "time": "16:41:19",
          "terminate": "false"
        },
        {
          "speaker": "speaker2",
          "personaID": "10881",
          "participantID": "4678",
          "utterance": "네! 한겨울에도 축구는 열심히 하죠. 웨이크보드 조심히 타고 오세요~ 저는 일이 생겨서 이제 가보겠습니다!",
          "summary": "나는 한겨울에도 축구를 열심한다.",
          "date": "2022-11-28",
          "time": "19:33:55",
          "terminate": "false"
        },
        {
          "speaker": "speaker1",
          "personaID": "13337",
          "participantID": "4697",
          "utterance": "네 대화 즐거웠어요~ 다음에 더 얘기해요",
          "summary": "",
          "date": "2022-11-29",
          "time": "00:56:35",
          "terminate": "true"
        }
      ],
      "sessionPersonaSummary": {
        "speaker1": [
          "나는 이제 팔이 괜찮아져서 다시 배드민턴을 하고 있다.",
          "나는 카타르 월드컵 경기장에 운동 경기 중에 에어컨을 틀어준다고 해서 신기했다.",
          "나는 내일 웨이크보드를 타러 간다."
        ],
        "speaker2": [
          "나는 축구 대회를 대비해 연습하고 있다.",
          "나는 축구 전국 대회에 나간다.",
          "나의 축구 경기는 다음 주 일요일에 한다.",
          "나는 축구할 때 한겨울에도 반바지를 입고한다.",
          "나는 운동복으로 긴바지를 입는 게 불편하다.",
          "나는 한겨울에도 축구를 열심한다."
        ]
      },
      "prevAggregatedpersonaSummary": {
        "speaker1": [
          "나는 10대 여성이다.",
          "나는 부천에 산다.",
          "나는 어머니가 과일집 장사를 해서 블루베리를 좋아한다.",
          "나는 음악 영화를 자주 보는 것 같다.",
          "나는 아버지가 동생만 너무 예뻐하셔서 매일 질투가 난다.",
          "나는 학교 가는 게 즐겁고 블루베리를 좋아한다.",
          "나는 블루베리가 좋다.",
          "나는 이번 주에 일식을 먹었다.",
          "나는 이번 주도 정말 흥미진진한 한 주가 될 것 같다.",
          "나는 배드민턴이나 테니스를 좋아한다.",
          "나는 부천에서 바나나보트를 타봤다.",
          "나는 웨이크보드를 처음 들어봤다.",
          "나는 배드민턴 하면서 다음날 팔 통증이 있었다."
        ],
        "speaker2": [
          "나는 10대 남성이다.",
          "나는 오산에 살고 있다. 나의 어머니는 약사이다.",
          "나는 먹으면 항상 안도감이 드는 일식을 좋아한다.",
          "나는 스포츠를 정말 좋아한다. 나는 월드컵을 기대하고 있다.",
          "나는 구기 종목을 좋아한다.",
          "나는 웨이크 보드를 타본 적이 있다.",
          "나는 다양한 운동에 출전을 해봤다. 나는 축구에 많이 출전해봤다.",
          "나는 운동 중 타박상과 골절 등 부상을 당한 적이 많다."
        ]
      }
    }
  ]
}