{
  "FileInfo": {
    "filename": "K3-00287-CL21698-CP22521-10-01-S3.json",
    "sessionLevel": "3"
  },
  "participantsInfo": {
    "numberOfParticipants": "2",
    "speaker1": {
      "participantID": "0625",
      "gender": "여성",
      "age": "20대",
      "occupation": "학생",
      "bPlace": "광주/전라/제주",
      "gPlace": "광주/전라/제주",
      "rPlace": "광주/전라/제주",
      "educationLevel": "고졸"
    },
    "speaker2": {
      "participantID": "0594",
      "gender": "여성",
      "age": "20대",
      "occupation": "학생",
      "bPlace": "광주/전라/제주",
      "gPlace": "광주/전라/제주",
      "rPlace": "광주/전라/제주",
      "educationLevel": "고졸"
    }
  },
  "multisessionInfo": {
    "multisessionID": "3-00287"
  },
  "personaInfo": {
    "clInfo": {
      "personaID": "21698",
      "personaFeatures": [
        "나는 여자이다.",
        "나는 20대이다.",
        "나의 아버지는 회사원이다.",
        "나는 반려동물 훈련사이다.",
        "나는 스마트폰을 잘 활용한다."
      ],
      "speakerType": "speaker1"
    },
    "cpInfo": {
      "personaID": "22521",
      "personaFeatures": [
        "나는 여자이다.",
        "나는 20대이다.",
        "나는 카페라떼를 자주 마신다.",
        "나는 방송 영상 편집 기사이다.",
        "나는 트럼펫 연주를 가끔 한다."
      ],
      "speakerType": "speaker2"
    }
  },
  "topicInfo": {
    "topicID": "10-01",
    "topicType": "여가와 오락>스포츠/레져",
    "topicTitle": "운동"
  },
  "sessionInfo": [
    {
      "prevSessionID": null,
      "prevTimeInfo": {
        "timeNum": null,
        "timeUnit": null
      },
      "nthSession": "1",
      "numberOfUtterances": "16",
      "numberOfTurns": "8",
      "sessionID": "3-00287-1",
      "dialog": [
        {
          "speaker": "speaker1",
          "personaID": "21698",
          "participantID": "0625",
          "utterance": "안녕하세요~ 저는 반려동물 훈련사로 일하고 있는 20대 여성입니다~",
          "summary": "나는 반려동물 훈련사이다. 나는 20대 여자이다.",
          "date": "2022-10-10",
          "time": "02:11:10",
          "terminate": "false"
        },
        {
          "speaker": "speaker2",
          "personaID": "22521",
          "participantID": "0594",
          "utterance": "오~ 안녕하세요 저도 20대 여성인데 반가워요~ 저는 방송영상편집기사에요~ 진짜 주말에도 일하구 있어요ㅜ.",
          "summary": "나는 20대 여자이다. 나는 방송영상편집기 사이다.",
          "date": "2022-10-10",
          "time": "02:11:30",
          "terminate": "false"
        },
        {
          "speaker": "speaker1",
          "personaID": "21698",
          "participantID": "0625",
          "utterance": "헐! 내일이 주말인데 일계획이 있으신거에요? 저희 아버지도 회사원인데.. 주말에 일을 나가서.. 그맘 잘 알아요..",
          "summary": "나의 아버지는 회사원이다.",
          "date": "2022-10-10",
          "time": "02:11:47",
          "terminate": "false"
        },
        {
          "speaker": "speaker2",
          "personaID": "22521",
          "participantID": "0594",
          "utterance": "아버지도 고충이 이만저만이 아니시겠어요... 저도 진짜 그만둘까 생각중이에요..",
          "summary": "나는 회사를 그만둘까 생각 중이다.",
          "date": "2022-10-10",
          "time": "02:12:04",
          "terminate": "false"
        },
        {
          "speaker": "speaker1",
          "personaID": "21698",
          "participantID": "0625",
          "utterance": "그래도 멋진 직업인데.. 좀만 버텨봐요ㅜㅜ 일끝나고는 뭐하세요?",
          "summary": "",
          "date": "2022-10-10",
          "time": "02:12:15",
          "terminate": "false"
        },
        {
          "speaker": "speaker2",
          "personaID": "22521",
          "participantID": "0594",
          "utterance": "저는 트럼펫 동호회에 들어가있어서 트럼펫연주를 가끔해요~",
          "summary": "나는 트럼펫 동호회를 가입했다. 나는 가끔 트럼펫 연주를 한다.",
          "date": "2022-10-10",
          "time": "02:12:37",
          "terminate": "false"
        },
        {
          "speaker": "speaker1",
          "personaID": "21698",
          "participantID": "0625",
          "utterance": "오와 멋있다.. 같은 20대인데 정말 현명하게 사시는것 같아요.. 그러면 안피곤해요?",
          "summary": "",
          "date": "2022-10-10",
          "time": "02:12:53",
          "terminate": "false"
        },
        {
          "speaker": "speaker2",
          "personaID": "22521",
          "participantID": "0594",
          "utterance": "저는 회사에서 카페라떼를 자주마셔요.. 카페인이 들어가있어서.. 그렇게 피곤하진 않더라구요!",
          "summary": "나는 카페라테를 자주 마신다.",
          "date": "2022-10-10",
          "time": "02:13:17",
          "terminate": "false"
        },
        {
          "speaker": "speaker1",
          "personaID": "21698",
          "participantID": "0625",
          "utterance": "그렇구나.. 저는 퇴근하자마자 집에가서 핸드폰으로 쇼핑을해요... 한심하죠.. 하하..",
          "summary": "나는 퇴근하자마자 핸드폰으로 쇼핑을 한다.",
          "date": "2022-10-10",
          "time": "02:13:39",
          "terminate": "false"
        },
        {
          "speaker": "speaker2",
          "personaID": "22521",
          "participantID": "0594",
          "utterance": "아니에요! 저는 스마트폰을 잘 만지기가 어렵더라구요.. 요즘 많이 바뀌어가지고...",
          "summary": "나는 스마트폰을 만지는 게 어렵다.",
          "date": "2022-10-10",
          "time": "02:14:09",
          "terminate": "false"
        },
        {
          "speaker": "speaker1",
          "personaID": "21698",
          "participantID": "0625",
          "utterance": "그래요? 저한테 물어봐요. 저는 스마트폰을 잘 활용해요. 편리함의 최고봉이잖아요^^",
          "summary": "나는 스마트폰을 잘 활용한다.",
          "date": "2022-10-10",
          "time": "02:14:37",
          "terminate": "false"
        },
        {
          "speaker": "speaker2",
          "personaID": "22521",
          "participantID": "0594",
          "utterance": "저는 인터넷에 찾아볼 시간에 그냥 직접 나가서 알아보는 스타일이여서요... 제가 옛날사람이죠.뭐ㅎ.",
          "summary": "",
          "date": "2022-10-10",
          "time": "02:15:05",
          "terminate": "false"
        },
        {
          "speaker": "speaker1",
          "personaID": "21698",
          "participantID": "0625",
          "utterance": "그런가요? 전그렇게 생각하지 않아요~ 그나저나 저 운동좀 해야되는데.. 뭘할까가 걱정이네요.",
          "summary": "",
          "date": "2022-10-10",
          "time": "02:15:20",
          "terminate": "false"
        },
        {
          "speaker": "speaker2",
          "personaID": "22521",
          "participantID": "0594",
          "utterance": "점핑다이어트를 해보심이 어떠세요? 그거 진짜 재밌어요. 저 잠시 트럼펫연주연습하러와서 잠시 다녀올게요.",
          "summary": "나는 점핑 다이어트가 재밌다.",
          "date": "2022-10-10",
          "time": "02:15:42",
          "terminate": "false"
        },
        {
          "speaker": "speaker1",
          "personaID": "21698",
          "participantID": "0625",
          "utterance": "아네! 알겠어요! 저는 그동안 점핑다이어트가 어떻게 하는지 찾아보고 와야겠네요~ 다녀오세요.",
          "summary": "",
          "date": "2022-10-10",
          "time": "02:15:52",
          "terminate": "false"
        },
        {
          "speaker": "speaker2",
          "personaID": "22521",
          "participantID": "0594",
          "utterance": "네. 그거진짜 재밌어요! 일단 연주연습좀 하고올게요~ 금방와요~",
          "summary": "",
          "date": "2022-10-10",
          "time": "02:16:10",
          "terminate": "true"
        }
      ],
      "sessionPersonaSummary": {
        "speaker1": [
          "나는 반려동물 훈련사이다. 나는 20대 여자이다.",
          "나의 아버지는 회사원이다.",
          "나는 퇴근하자마자 핸드폰으로 쇼핑을 한다.",
          "나는 스마트폰을 잘 활용한다."
        ],
        "speaker2": [
          "나는 20대 여자이다. 나는 방송영상편집기 사이다.",
          "나는 회사를 그만둘까 생각 중이다.",
          "나는 트럼펫 동호회를 가입했다. 나는 가끔 트럼펫 연주를 한다.",
          "나는 카페라테를 자주 마신다.",
          "나는 스마트폰을 만지는 게 어렵다.",
          "나는 점핑 다이어트가 재밌다."
        ]
      },
      "prevAggregatedpersonaSummary": {
        "speaker1": [],
        "speaker2": []
      }
    },
    {
      "prevSessionID": "3-00287-1",
      "prevTimeInfo": {
        "timeNum": "2",
        "timeUnit": "시간"
      },
      "nthSession": "2",
      "numberOfUtterances": "16",
      "numberOfTurns": "8",
      "sessionID": "3-00287-2",
      "dialog": [
        {
          "speaker": "speaker1",
          "personaID": "21698",
          "participantID": "0625",
          "utterance": "트럼펫연주를 2시간이나 하세요? 진짜 대단하시나.. 그거 재밌어요?",
          "summary": "",
          "date": "2022-10-10",
          "time": "02:16:58",
          "terminate": "false"
        },
        {
          "speaker": "speaker2",
          "personaID": "22521",
          "participantID": "0594",
          "utterance": "네. 저는 웅장한 음악을 하면 기분이 편해져요. 그나저나 알아보셨어요? 점핑?",
          "summary": "나는 웅장한 노래를 들으면 기분 이편 해진다.",
          "date": "2022-10-10",
          "time": "02:17:10",
          "terminate": "false"
        },
        {
          "speaker": "speaker1",
          "personaID": "21698",
          "participantID": "0625",
          "utterance": "네네! 진짜 재밌을것같아요.. 살도 많이 빠진다는데요?",
          "summary": "",
          "date": "2022-10-10",
          "time": "02:17:20",
          "terminate": "false"
        },
        {
          "speaker": "speaker2",
          "personaID": "22521",
          "participantID": "0594",
          "utterance": "맞아요 그거 살 진짜 잘빠져요! 한번 해보세요!",
          "summary": "",
          "date": "2022-10-10",
          "time": "02:17:27",
          "terminate": "false"
        },
        {
          "speaker": "speaker1",
          "personaID": "21698",
          "participantID": "0625",
          "utterance": "제가 진짜 살이 많이 쪘거든요.. 근데 칼로리소모가 1시간에 약 1,000칼로리라고 하네요?",
          "summary": "나는 살이 많이 쪘다.",
          "date": "2022-10-10",
          "time": "02:17:40",
          "terminate": "false"
        },
        {
          "speaker": "speaker2",
          "personaID": "22521",
          "participantID": "0594",
          "utterance": "저도 그걸로 한달에 10키로 빼서 진짜 추천드리는거에요.",
          "summary": "나는 점핑 다이어트로 한 달에 10킬로가 빠졌다.",
          "date": "2022-10-10",
          "time": "02:18:00",
          "terminate": "false"
        },
        {
          "speaker": "speaker1",
          "personaID": "21698",
          "participantID": "0625",
          "utterance": "운동을 하면 기분이 좋아지나..? 저는 힘들고 숨차서 하기 싫던데...",
          "summary": "나는 운동이 힘들고 숨차서 하기 싫다.",
          "date": "2022-10-10",
          "time": "02:18:12",
          "terminate": "false"
        },
        {
          "speaker": "speaker2",
          "personaID": "22521",
          "participantID": "0594",
          "utterance": "그것도 한달만 버텨봐요.. 운동을 하다가 안하면 오히려 불안해하는 저를 볼수가 있어요.",
          "summary": "",
          "date": "2022-10-10",
          "time": "02:18:28",
          "terminate": "false"
        },
        {
          "speaker": "speaker1",
          "personaID": "21698",
          "participantID": "0625",
          "utterance": "그래요? 마침 점핑다이어트하는곳이 저희집앞에 있거든요.. 그래서 전화좀 해볼까해요.",
          "summary": "나의 집 앞에 점핑 다이어트가 있다.",
          "date": "2022-10-10",
          "time": "02:18:45",
          "terminate": "false"
        },
        {
          "speaker": "speaker2",
          "personaID": "22521",
          "participantID": "0594",
          "utterance": "운동은 일단 하고보는거에요. 거기 혹시 1회 체험권이나 1회 이용권 있나요?",
          "summary": "",
          "date": "2022-10-10",
          "time": "02:19:00",
          "terminate": "false"
        },
        {
          "speaker": "speaker1",
          "personaID": "21698",
          "participantID": "0625",
          "utterance": "전화 해봐야 알것같은데 1회권은 모든곳 다 있을것같아요.",
          "summary": "",
          "date": "2022-10-10",
          "time": "02:19:14",
          "terminate": "false"
        },
        {
          "speaker": "speaker2",
          "personaID": "22521",
          "participantID": "0594",
          "utterance": "운동은 일단 하고보는거에요. 거기 혹시 1회 체험권이나 1회 이용권 있나요?",
          "summary": "",
          "date": "2022-10-10",
          "time": "02:19:29",
          "terminate": "false"
        },
        {
          "speaker": "speaker1",
          "personaID": "21698",
          "participantID": "0625",
          "utterance": "네네. 문을 연다곤 하더라구요! 생각난김에 한번 다녀와볼까요?",
          "summary": "",
          "date": "2022-10-10",
          "time": "02:19:42",
          "terminate": "false"
        },
        {
          "speaker": "speaker2",
          "personaID": "22521",
          "participantID": "0594",
          "utterance": "그럼요! 진짜 실행력 엄청 좋으시네요~ 그점을 닮고 싶어요.",
          "summary": "",
          "date": "2022-10-10",
          "time": "02:19:49",
          "terminate": "false"
        },
        {
          "speaker": "speaker1",
          "personaID": "21698",
          "participantID": "0625",
          "utterance": "에이.... 일단은 전화 해보고 알려드릴게요! 아 전화보다는 직접 가서 얼굴보고 말하고 와야겠어요.",
          "summary": "",
          "date": "2022-10-10",
          "time": "02:20:02",
          "terminate": "false"
        },
        {
          "speaker": "speaker2",
          "personaID": "22521",
          "participantID": "0594",
          "utterance": "그래요! 하고나서 후기좀 알려주세요~ 하고 와요~",
          "summary": "",
          "date": "2022-10-10",
          "time": "02:20:06",
          "terminate": "true"
        }
      ],
      "sessionPersonaSummary": {
        "speaker1": [
          "나는 살이 많이 쪘다.",
          "나는 운동이 힘들고 숨차서 하기 싫다.",
          "나의 집 앞에 점핑 다이어트가 있다."
        ],
        "speaker2": [
          "나는 웅장한 노래를 들으면 기분 이편 해진다.",
          "나는 점핑 다이어트로 한 달에 10킬로가 빠졌다."
        ]
      },
      "prevAggregatedpersonaSummary": {
        "speaker1": [
          "나는 반려동물 훈련사이다. 나는 20대 여자이다.",
          "나의 아버지는 회사원이다.",
          "나는 퇴근하자마자 핸드폰으로 쇼핑을 한다.",
          "나는 스마트폰을 잘 활용한다."
        ],
        "speaker2": [
          "나는 20대 여자이다. 나는 방송영상편집기 사이다.",
          "나는 회사를 그만둘까 생각 중이다.",
          "나는 트럼펫 동호회를 가입했다. 나는 가끔 트럼펫 연주를 한다.",
          "나는 카페라테를 자주 마신다.",
          "나는 스마트폰을 만지는 게 어렵다.",
          "나는 점핑 다이어트가 재밌다."
        ]
      }
    },
    {
      "prevSessionID": "3-00287-2",
      "prevTimeInfo": {
        "timeNum": "2",
        "timeUnit": "시간"
      },
      "nthSession": "3",
      "numberOfUtterances": "16",
      "numberOfTurns": "8",
      "sessionID": "3-00287-3",
      "dialog": [
        {
          "speaker": "speaker1",
          "personaID": "21698",
          "participantID": "0625",
          "utterance": "저.. 영업을 당했는진 모르겠지만 1회권 쓰고 진짜 재밌어서 한달끊었어요..!",
          "summary": "나는 점핑 다이어트를 한 달 이용권을 구매했다.",
          "date": "2022-10-10",
          "time": "02:20:16",
          "terminate": "false"
        },
        {
          "speaker": "speaker2",
          "personaID": "22521",
          "participantID": "0594",
          "utterance": "진짜요? 잘하셨어요. 그리고 재밌다니 다행이에요. 이제 운동 같은시간대에 같이해요.",
          "summary": "",
          "date": "2022-10-10",
          "time": "02:20:44",
          "terminate": "false"
        },
        {
          "speaker": "speaker1",
          "personaID": "21698",
          "participantID": "0625",
          "utterance": "그쪽도 운동 꾸준히 하시는 거에요?",
          "summary": "",
          "date": "2022-10-10",
          "time": "02:20:53",
          "terminate": "false"
        },
        {
          "speaker": "speaker2",
          "personaID": "22521",
          "participantID": "0594",
          "utterance": "그럼요! 저는 운동없이는 하루가 무기력한걸요~ 운동전도사같다 ㅎㅎ.",
          "summary": "",
          "date": "2022-10-10",
          "time": "02:21:00",
          "terminate": "false"
        },
        {
          "speaker": "speaker1",
          "personaID": "21698",
          "participantID": "0625",
          "utterance": "맞아요~ 진짜 같이 이뻐져서 언제한번 만나요!",
          "summary": "",
          "date": "2022-10-10",
          "time": "02:21:10",
          "terminate": "false"
        },
        {
          "speaker": "speaker2",
          "personaID": "22521",
          "participantID": "0594",
          "utterance": "저야 좋죠? 근데 반려동물 훈련사신데 일하느랴 운동하느랴 힘드시지 않을까 걱정이네요~",
          "summary": "",
          "date": "2022-10-10",
          "time": "02:21:35",
          "terminate": "false"
        },
        {
          "speaker": "speaker1",
          "personaID": "21698",
          "participantID": "0625",
          "utterance": "저는 이렇게 재밌는 운동이라면 상관없을것 같아요. 그쪽은 일하랴, 연주하랴, 운동하랴.. 더 대단한데...",
          "summary": "",
          "date": "2022-10-10",
          "time": "02:21:49",
          "terminate": "false"
        },
        {
          "speaker": "speaker2",
          "personaID": "22521",
          "participantID": "0594",
          "utterance": "에이.. 저는 다 집이 가까워서 할 수 있는거에요~ 진짜 인생친구가 생긴것같아좋아요.",
          "summary": "",
          "date": "2022-10-10",
          "time": "02:22:01",
          "terminate": "false"
        },
        {
          "speaker": "speaker1",
          "personaID": "21698",
          "participantID": "0625",
          "utterance": "맞아요.. 부질없는 친구 말고, 이렇게 서로 발전할수있는 친구가 저도 마침 필요했거든요.",
          "summary": "나는 친구가 필요했다.",
          "date": "2022-10-10",
          "time": "02:22:11",
          "terminate": "false"
        },
        {
          "speaker": "speaker2",
          "personaID": "22521",
          "participantID": "0594",
          "utterance": "어디사세요? 가까우면 진짜 만나고 싶은데...",
          "summary": "",
          "date": "2022-10-10",
          "time": "02:22:17",
          "terminate": "false"
        },
        {
          "speaker": "speaker1",
          "personaID": "21698",
          "participantID": "0625",
          "utterance": "음 저는 인천에 살고 있어요.. 그쪽은요?",
          "summary": "나의 거주지는 인천이다.",
          "date": "2022-10-10",
          "time": "02:22:23",
          "terminate": "false"
        },
        {
          "speaker": "speaker2",
          "personaID": "22521",
          "participantID": "0594",
          "utterance": "헐! 다행이다. 저는 서울이거든요? 그래도 전철타면 1시간밖에 안돼요!",
          "summary": "나의 거주지는 서울이다.",
          "date": "2022-10-10",
          "time": "02:22:30",
          "terminate": "false"
        },
        {
          "speaker": "speaker1",
          "personaID": "21698",
          "participantID": "0625",
          "utterance": "그래요? 저희 다음주말에 점핑 같이할래요!?",
          "summary": "",
          "date": "2022-10-10",
          "time": "02:22:35",
          "terminate": "false"
        },
        {
          "speaker": "speaker2",
          "personaID": "22521",
          "participantID": "0594",
          "utterance": "1회권 그쪽에서 끊고하루 해야겠네요! 진짜 재밌겠다. ㅎㅎ.",
          "summary": "",
          "date": "2022-10-10",
          "time": "02:22:43",
          "terminate": "false"
        },
        {
          "speaker": "speaker1",
          "personaID": "21698",
          "participantID": "0625",
          "utterance": "좋아요! 제가 그 점핑 사장님한테 말해놓을께요! 주말에 이쪽에서 봽도록해요!",
          "summary": "",
          "date": "2022-10-10",
          "time": "02:22:55",
          "terminate": "false"
        },
        {
          "speaker": "speaker2",
          "personaID": "22521",
          "participantID": "0594",
          "utterance": "네! 알겠어요! 벌써부터 신나요. 끝나고 카페도 가요~ 그때 봬요~",
          "summary": "",
          "date": "2022-10-10",
          "time": "02:23:05",
          "terminate": "true"
        }
      ],
      "sessionPersonaSummary": {
        "speaker1": [
          "나는 점핑 다이어트를 한 달 이용권을 구매했다.",
          "나는 친구가 필요했다.",
          "나의 거주지는 인천이다."
        ],
        "speaker2": [
          "나의 거주지는 서울이다."
        ]
      },
      "prevAggregatedpersonaSummary": {
        "speaker1": [
          "나는 반려동물 훈련사이다. 나는 20대 여자이다.",
          "나의 아버지는 회사원이다.",
          "나는 퇴근하자마자 핸드폰으로 쇼핑을 한다.",
          "나는 스마트폰을 잘 활용한다.",
          "나는 살이 많이 쪘다.",
          "나는 운동이 힘들고 숨차서 하기 싫다.",
          "나의 집 앞에 점핑 다이어트가 있다."
        ],
        "speaker2": [
          "나는 20대 여자이다. 나는 방송영상편집기 사이다.",
          "나는 회사를 그만둘까 생각 중이다.",
          "나는 트럼펫 동호회를 가입했다. 나는 가끔 트럼펫 연주를 한다.",
          "나는 카페라테를 자주 마신다.",
          "나는 스마트폰을 만지는 게 어렵다.",
          "나는 점핑 다이어트가 재밌다.",
          "나는 웅장한 노래를 들으면 기분 이편 해진다.",
          "나는 점핑 다이어트로 한 달에 10킬로가 빠졌다."
        ]
      }
    }
  ]
}