{
  "FileInfo": {
    "filename": "K3-00476-CL02141-CP00718-07-09-S3.json",
    "sessionLevel": "3"
  },
  "participantsInfo": {
    "numberOfParticipants": "2",
    "speaker1": {
      "participantID": "0041",
      "gender": "남성",
      "age": "30대",
      "occupation": "기타",
      "bPlace": "서울/경기/인천",
      "gPlace": "서울/경기/인천",
      "rPlace": "서울/경기/인천",
      "educationLevel": "대졸"
    },
    "speaker2": {
      "participantID": "0067",
      "gender": "여성",
      "age": "50대",
      "occupation": "자영업",
      "bPlace": "서울/경기/인천",
      "gPlace": "서울/경기/인천",
      "rPlace": "서울/경기/인천",
      "educationLevel": "대졸"
    }
  },
  "multisessionInfo": {
    "multisessionID": "3-00476"
  },
  "personaInfo": {
    "clInfo": {
      "personaID": "02141",
      "personaFeatures": [
        "나는 남자이다.",
        "나는 30대이다.",
        "나는 종교가 없다.",
        "나는 다른 사람을 잘 배려한다.",
        "나는 요즘, 항상 감사하다."
      ],
      "speakerType": "speaker1"
    },
    "cpInfo": {
      "personaID": "00718",
      "personaFeatures": [
        "나는 여자이다.",
        "나는 50대이다.",
        "나는 사진을 찍는 게 즐겁다.",
        "나는 약속에 자주 늦는다.",
        "나는 리소토를 즐겨 먹는다."
      ],
      "speakerType": "speaker2"
    }
  },
  "topicInfo": {
    "topicID": "07-09",
    "topicType": "개인 및 관계>가족",
    "topicTitle": "가족 형태"
  },
  "sessionInfo": [
    {
      "prevSessionID": null,
      "prevTimeInfo": {
        "timeNum": null,
        "timeUnit": null
      },
      "nthSession": "1",
      "numberOfUtterances": "16",
      "numberOfTurns": "8",
      "sessionID": "3-00476-1",
      "dialog": [
        {
          "speaker": "speaker1",
          "personaID": "02141",
          "participantID": "0041",
          "utterance": "안녕하세요 30대 남성입니다.",
          "summary": "나는 30대 남성이다.",
          "date": "2022-08-30",
          "time": "14:25:48",
          "terminate": "false"
        },
        {
          "speaker": "speaker2",
          "personaID": "00718",
          "participantID": "0067",
          "utterance": "안녕하세요 50대 여자에요~^^",
          "summary": "나는 50대 여성이다.",
          "date": "2022-08-30",
          "time": "14:35:49",
          "terminate": "false"
        },
        {
          "speaker": "speaker1",
          "personaID": "02141",
          "participantID": "0041",
          "utterance": "반가워요ㅋㅋ. 지금 뭐 하고 계셔요?",
          "summary": "",
          "date": "2022-08-30",
          "time": "14:47:31",
          "terminate": "false"
        },
        {
          "speaker": "speaker2",
          "personaID": "00718",
          "participantID": "0067",
          "utterance": "지금 지난 주에 여행 가서 찍었던 사진 보고 있었어요!",
          "summary": "",
          "date": "2022-08-30",
          "time": "14:51:37",
          "terminate": "false"
        },
        {
          "speaker": "speaker1",
          "personaID": "02141",
          "participantID": "0041",
          "utterance": "여행 좋아하시구나. 어디로 다녀오셨어요?",
          "summary": "",
          "date": "2022-08-30",
          "time": "14:52:08",
          "terminate": "false"
        },
        {
          "speaker": "speaker2",
          "personaID": "00718",
          "participantID": "0067",
          "utterance": "경주 여행 다녀왔었어요~^^. 너무나 좋더라구요~",
          "summary": "",
          "date": "2022-08-30",
          "time": "14:52:54",
          "terminate": "false"
        },
        {
          "speaker": "speaker1",
          "personaID": "02141",
          "participantID": "0041",
          "utterance": "경주 좋겠어요. 저도 가끔 경주 가는데 볼 것도 많고 뭔가 기분좋더라구요.",
          "summary": "나는 가끔 경주를 간다.",
          "date": "2022-08-30",
          "time": "14:53:31",
          "terminate": "false"
        },
        {
          "speaker": "speaker2",
          "personaID": "00718",
          "participantID": "0067",
          "utterance": "네. 저는 사진 찍는게 너무 즐거워요ㅎㅎ. 특히 여행 가서 찍는 사진이요!",
          "summary": "나는 사진을 찍는 게 즐겁다.",
          "date": "2022-08-30",
          "time": "14:53:57",
          "terminate": "false"
        },
        {
          "speaker": "speaker1",
          "personaID": "02141",
          "participantID": "0041",
          "utterance": "좋을 거 같아요. 저는 아직 사진 찍는게 좀 어색하더라구요. 잘 안찍는 편이에요.",
          "summary": "나는 사진을 잘 안 찍는 편이다.",
          "date": "2022-08-30",
          "time": "14:55:20",
          "terminate": "false"
        },
        {
          "speaker": "speaker2",
          "personaID": "00718",
          "participantID": "0067",
          "utterance": "많이 찍다 보면 어색함이 사라질거에요^^. 지금 뭐하고 계셔요?",
          "summary": "",
          "date": "2022-08-30",
          "time": "14:56:11",
          "terminate": "false"
        },
        {
          "speaker": "speaker1",
          "personaID": "02141",
          "participantID": "0041",
          "utterance": "저는 일하는 중이에요. 청소년 상담사에요^^",
          "summary": "나는 청소년 상담사이다.",
          "date": "2022-08-30",
          "time": "14:57:01",
          "terminate": "false"
        },
        {
          "speaker": "speaker2",
          "personaID": "00718",
          "participantID": "0067",
          "utterance": "좋은 일 하고 계시네요^^. 뭔가 같이 얘기하면 마음이 편해질 것 같아요.",
          "summary": "",
          "date": "2022-08-30",
          "time": "14:57:36",
          "terminate": "false"
        },
        {
          "speaker": "speaker1",
          "personaID": "02141",
          "participantID": "0041",
          "utterance": "다른 사람을 잘 배려하거든요. 그러다보니 이쪽으로 오게 된 거 같아요^^",
          "summary": "나는 다른 사람을 잘 배려한다.",
          "date": "2022-08-30",
          "time": "14:58:06",
          "terminate": "false"
        },
        {
          "speaker": "speaker2",
          "personaID": "00718",
          "participantID": "0067",
          "utterance": "좋네요^^. 저는 그냥 작은 회사 사무직 하고 있어요~",
          "summary": "나는 사무직이다.",
          "date": "2022-08-30",
          "time": "14:58:56",
          "terminate": "false"
        },
        {
          "speaker": "speaker1",
          "personaID": "02141",
          "participantID": "0041",
          "utterance": "퇴근시간 기다려지시겠어요^^. 슬슬 점심먹고 와야겠어요. 식사 맛있게 하세요.",
          "summary": "",
          "date": "2022-08-30",
          "time": "14:59:42",
          "terminate": "false"
        },
        {
          "speaker": "speaker2",
          "personaID": "00718",
          "participantID": "0067",
          "utterance": "네. 점심 식사 맛있게 하시고 다시 대화해요^^.",
          "summary": "",
          "date": "2022-08-30",
          "time": "14:59:46",
          "terminate": "true"
        }
      ],
      "sessionPersonaSummary": {
        "speaker1": [
          "나는 30대 남성이다.",
          "나는 가끔 경주를 간다.",
          "나는 사진을 잘 안 찍는 편이다.",
          "나는 청소년 상담사이다.",
          "나는 다른 사람을 잘 배려한다."
        ],
        "speaker2": [
          "나는 50대 여성이다.",
          "나는 사진을 찍는 게 즐겁다.",
          "나는 사무직이다."
        ]
      },
      "prevAggregatedpersonaSummary": {
        "speaker1": [],
        "speaker2": []
      }
    },
    {
      "prevSessionID": "3-00476-1",
      "prevTimeInfo": {
        "timeNum": "1",
        "timeUnit": "시간"
      },
      "nthSession": "2",
      "numberOfUtterances": "16",
      "numberOfTurns": "8",
      "sessionID": "3-00476-2",
      "dialog": [
        {
          "speaker": "speaker1",
          "personaID": "02141",
          "participantID": "0041",
          "utterance": "1시간만이에요. 식사 맛있게 하셨나요? 뭐 드셨어요?^^",
          "summary": "",
          "date": "2022-08-30",
          "time": "14:59:51",
          "terminate": "false"
        },
        {
          "speaker": "speaker2",
          "personaID": "00718",
          "participantID": "0067",
          "utterance": "저는 순두부찌개 먹었어요^^. 회사 앞에 맛집이 있거든요ㅎㅎ.",
          "summary": "",
          "date": "2022-08-30",
          "time": "15:00:07",
          "terminate": "false"
        },
        {
          "speaker": "speaker1",
          "personaID": "02141",
          "participantID": "0041",
          "utterance": "순두부찌개 맛있겠어요. 저는 초밥 먹었어요ㅋㅋ. 초밥을 좋아하거든요.",
          "summary": "나는 초밥을 좋아한다.",
          "date": "2022-08-30",
          "time": "15:01:02",
          "terminate": "false"
        },
        {
          "speaker": "speaker2",
          "personaID": "00718",
          "participantID": "0067",
          "utterance": "초밥 맛있겠네요ㅎㅎ. 우리 딸도 초밥 제일 좋아하더라구요.",
          "summary": "나는 딸이 있다.",
          "date": "2022-08-30",
          "time": "15:01:32",
          "terminate": "false"
        },
        {
          "speaker": "speaker1",
          "personaID": "02141",
          "participantID": "0041",
          "utterance": "따님이 있으시구나. 좋으시겠어요.",
          "summary": "",
          "date": "2022-08-30",
          "time": "15:02:04",
          "terminate": "false"
        },
        {
          "speaker": "speaker2",
          "personaID": "00718",
          "participantID": "0067",
          "utterance": "네 고등학생 딸 한 명 있어요ㅎㅎ. 결혼 하셨나요?",
          "summary": "",
          "date": "2022-08-30",
          "time": "15:02:23",
          "terminate": "false"
        },
        {
          "speaker": "speaker1",
          "personaID": "02141",
          "participantID": "0041",
          "utterance": "아직이에요. 여자친구는 있는데 결혼 얘기는 안하고 있어요.",
          "summary": "나는 여자 친구가 있다.",
          "date": "2022-08-30",
          "time": "15:03:10",
          "terminate": "false"
        },
        {
          "speaker": "speaker2",
          "personaID": "00718",
          "participantID": "0067",
          "utterance": "왜요~? 아직 만난 지 얼마 안되셨나봐요?",
          "summary": "",
          "date": "2022-08-30",
          "time": "15:03:35",
          "terminate": "false"
        },
        {
          "speaker": "speaker1",
          "personaID": "02141",
          "participantID": "0041",
          "utterance": "그렇게 오래 되진 않았어요. 정말 좋은 사람이라 생각하면 요즘, 항상 감사하죠.",
          "summary": "나는 요즘, 항상 감사하다.",
          "date": "2022-08-30",
          "time": "15:04:39",
          "terminate": "false"
        },
        {
          "speaker": "speaker2",
          "personaID": "00718",
          "participantID": "0067",
          "utterance": "다행이네요ㅎㅎ. 저는 딸 아들 한 명씩 있는데 딸이랑 친구처럼 지내서 참 좋더라구요.",
          "summary": "나는 딸과 아들이 있다.",
          "date": "2022-08-30",
          "time": "15:05:47",
          "terminate": "false"
        },
        {
          "speaker": "speaker1",
          "personaID": "02141",
          "participantID": "0041",
          "utterance": "외롭게 크지 않겠어요. 저는 외동으로 커서 부모님이랑 셋이거든요.",
          "summary": "나는 외동이다.",
          "date": "2022-08-30",
          "time": "15:07:24",
          "terminate": "false"
        },
        {
          "speaker": "speaker2",
          "personaID": "00718",
          "participantID": "0067",
          "utterance": "외동도 장단점이 있는 것 같아요ㅠㅠ. 그래도 사랑 듬뿍 받으셨겠어요!",
          "summary": "",
          "date": "2022-08-30",
          "time": "15:08:03",
          "terminate": "false"
        },
        {
          "speaker": "speaker1",
          "personaID": "02141",
          "participantID": "0041",
          "utterance": "맞아요. 어릴 땐 남자임에도 불구하고 외박도 잘 못하고 그랬어요^^.",
          "summary": "",
          "date": "2022-08-30",
          "time": "15:08:57",
          "terminate": "false"
        },
        {
          "speaker": "speaker2",
          "personaID": "00718",
          "participantID": "0067",
          "utterance": "부모님께서 엄청 아끼셨나보다! 우리 아들도 가끔 외박하고 그러는데 그렇게 신경 안쓰거든요ㅎㅎ.",
          "summary": "",
          "date": "2022-08-30",
          "time": "15:09:34",
          "terminate": "false"
        },
        {
          "speaker": "speaker1",
          "personaID": "02141",
          "participantID": "0041",
          "utterance": "그러니까요^^. 우선 저 다시 들어가봐야겠어요. 이따 또 연락해요.",
          "summary": "",
          "date": "2022-08-30",
          "time": "15:10:00",
          "terminate": "false"
        },
        {
          "speaker": "speaker2",
          "personaID": "00718",
          "participantID": "0067",
          "utterance": "네. 화이팅 하시고 이따 다시 연락해요^^",
          "summary": "",
          "date": "2022-08-30",
          "time": "15:10:00",
          "terminate": "true"
        }
      ],
      "sessionPersonaSummary": {
        "speaker1": [
          "나는 초밥을 좋아한다.",
          "나는 여자 친구가 있다.",
          "나는 요즘, 항상 감사하다.",
          "나는 외동이다."
        ],
        "speaker2": [
          "나는 딸이 있다.",
          "나는 딸과 아들이 있다."
        ]
      },
      "prevAggregatedpersonaSummary": {
        "speaker1": [
          "나는 30대 남성이다.",
          "나는 가끔 경주를 간다.",
          "나는 사진을 잘 안 찍는 편이다.",
          "나는 청소년 상담사이다.",
          "나는 다른 사람을 잘 배려한다."
        ],
        "speaker2": [
          "나는 50대 여성이다.",
          "나는 사진을 찍는 게 즐겁다.",
          "나는 사무직이다."
        ]
      }
    },
    {
      "prevSessionID": "3-00476-2",
      "prevTimeInfo": {
        "timeNum": "6",
        "timeUnit": "시간"
      },
      "nthSession": "3",
      "numberOfUtterances": "16",
      "numberOfTurns": "8",
      "sessionID": "3-00476-3",
      "dialog": [
        {
          "speaker": "speaker1",
          "personaID": "02141",
          "participantID": "0041",
          "utterance": "6시간만이네요! 퇴근 하셨어요? 저녁은 뭐 드셔요?^^",
          "summary": "",
          "date": "2022-08-30",
          "time": "15:10:03",
          "terminate": "false"
        },
        {
          "speaker": "speaker2",
          "personaID": "00718",
          "participantID": "0067",
          "utterance": "전 친구들 약속이 생겨서 만나러 가는 중이에요! 늦을 것 같네요 ㅠㅠ 일 때문에 약속에 자주 늦어요..ㅠㅠ.",
          "summary": "나는 약속에 자주 늦는다.",
          "date": "2022-08-30",
          "time": "15:10:41",
          "terminate": "false"
        },
        {
          "speaker": "speaker1",
          "personaID": "02141",
          "participantID": "0041",
          "utterance": "친구분들이 한마디 하시겠어요^^. 노느라 늦는 거 아니니까 어쩔 수 없죠ㅜ.",
          "summary": "",
          "date": "2022-08-30",
          "time": "15:11:36",
          "terminate": "false"
        },
        {
          "speaker": "speaker2",
          "personaID": "00718",
          "participantID": "0067",
          "utterance": "ㅠㅠ매번 늦는 편이라 살짝 민망하네요ㅠㅠ. 저녁 드셨어요~?",
          "summary": "",
          "date": "2022-08-30",
          "time": "15:12:10",
          "terminate": "false"
        },
        {
          "speaker": "speaker1",
          "personaID": "02141",
          "participantID": "0041",
          "utterance": "아직이요^^. 여자친구랑 와인 먹기로 해서요. 와인 좋아하세요? 전 엄청 좋아해요.",
          "summary": "나는 와인을 좋아한다.",
          "date": "2022-08-30",
          "time": "15:13:07",
          "terminate": "false"
        },
        {
          "speaker": "speaker2",
          "personaID": "00718",
          "participantID": "0067",
          "utterance": "종종 마셔요^^. 술 자체를 잘 안먹어서요! 남편이랑 가끔 마시네요ㅎㅎ.",
          "summary": "나는 와인을 종종 마신다.",
          "date": "2022-08-30",
          "time": "15:18:32",
          "terminate": "false"
        },
        {
          "speaker": "speaker1",
          "personaID": "02141",
          "participantID": "0041",
          "utterance": "저는 술을 좋아해서 자주 마시는 편이에요. 술 안좋아하는 분 진짜 오랜만에 뵈는 거 같아요ㅋㅋ.",
          "summary": "나는 술을 자주 마시는 편이다.",
          "date": "2022-08-30",
          "time": "15:18:32",
          "terminate": "false"
        },
        {
          "speaker": "speaker2",
          "personaID": "00718",
          "participantID": "0067",
          "utterance": "술을 마시면 얼굴이 빨개져서 잘 안 먹어요 ㅠㅠ.. 체질인가봐요.",
          "summary": "",
          "date": "2022-08-30",
          "time": "15:18:32",
          "terminate": "false"
        },
        {
          "speaker": "speaker1",
          "personaID": "02141",
          "participantID": "0041",
          "utterance": "저도 좀 빨개지는 편이에요. 내일 주말인데 뭐하셔요?ㅋㅋ.",
          "summary": "",
          "date": "2022-08-30",
          "time": "15:18:32",
          "terminate": "false"
        },
        {
          "speaker": "speaker2",
          "personaID": "00718",
          "participantID": "0067",
          "utterance": "내일은 오랜만에 가족 외식 할 것 같아요ㅎㅎ 제가 좋아하는 리조또 먹으러 가려구요ㅎㅎ 즐겨 먹거든요!",
          "summary": "나는 리소토를 즐겨 먹는다.",
          "date": "2022-08-30",
          "time": "15:18:32",
          "terminate": "false"
        },
        {
          "speaker": "speaker1",
          "personaID": "02141",
          "participantID": "0041",
          "utterance": "리조또 좋아하시구나. 저는 느끼한 음식을 싫어해서요ㅜ.",
          "summary": "나는 느끼한 음식을 싫어한다.",
          "date": "2022-08-30",
          "time": "15:18:32",
          "terminate": "false"
        },
        {
          "speaker": "speaker2",
          "personaID": "00718",
          "participantID": "0067",
          "utterance": "전 리조또 엄청 좋아해요ㅎㅎ. 주말에 데이트하셔요~?",
          "summary": "나는 리소토를 좋아한다.",
          "date": "2022-08-30",
          "time": "15:18:32",
          "terminate": "false"
        },
        {
          "speaker": "speaker1",
          "personaID": "02141",
          "participantID": "0041",
          "utterance": "모르겠어요. 여자친구는 기독교라 교회에서 늦을 때도 있고 일찍 올 때도 있거든요. 저는 종교가 없어서^^",
          "summary": "나는 종교가 없다.",
          "date": "2022-08-30",
          "time": "15:19:17",
          "terminate": "false"
        },
        {
          "speaker": "speaker2",
          "personaID": "00718",
          "participantID": "0067",
          "utterance": "저도 종교는 딱히 없어요 ㅎㅎ 주말에는 쉬거나 나들이 가는 게 좋더라구요ㅋㅋ.",
          "summary": "나는 종교가 없다.",
          "date": "2022-08-30",
          "time": "15:20:32",
          "terminate": "false"
        },
        {
          "speaker": "speaker1",
          "personaID": "02141",
          "participantID": "0041",
          "utterance": "맞아요^^. 전 슬슬 여자친구 만날 거 같아요. 친구분들이랑 좋은 시간 보내세용ㅎㅎ.",
          "summary": "",
          "date": "2022-08-30",
          "time": "15:21:09",
          "terminate": "false"
        },
        {
          "speaker": "speaker2",
          "personaID": "00718",
          "participantID": "0067",
          "utterance": "네. 데이트 잘하시고 다음에 또 대화해요^^",
          "summary": "",
          "date": "2022-08-30",
          "time": "15:21:46",
          "terminate": "true"
        }
      ],
      "sessionPersonaSummary": {
        "speaker1": [
          "나는 와인을 좋아한다.",
          "나는 술을 자주 마시는 편이다.",
          "나는 느끼한 음식을 싫어한다.",
          "나는 종교가 없다."
        ],
        "speaker2": [
          "나는 약속에 자주 늦는다.",
          "나는 와인을 종종 마신다.",
          "나는 리소토를 즐겨 먹는다.",
          "나는 리소토를 좋아한다.",
          "나는 종교가 없다."
        ]
      },
      "prevAggregatedpersonaSummary": {
        "speaker1": [
          "나는 30대 남성이다.",
          "나는 가끔 경주를 간다.",
          "나는 사진을 잘 안 찍는 편이다.",
          "나는 청소년 상담사이다.",
          "나는 다른 사람을 잘 배려한다.",
          "나는 초밥을 좋아한다.",
          "나는 여자 친구가 있다.",
          "나는 요즘, 항상 감사하다.",
          "나는 외동이다."
        ],
        "speaker2": [
          "나는 50대 여성이다.",
          "나는 사진을 찍는 게 즐겁다.",
          "나는 사무직이다.",
          "나는 딸이 있다.",
          "나는 딸과 아들이 있다."
        ]
      }
    }
  ]
}