{
  "FileInfo": {
    "filename": "K3-00096-CL31634-CP22651-19-05-S3.json",
    "sessionLevel": "3"
  },
  "participantsInfo": {
    "numberOfParticipants": "2",
    "speaker1": {
      "participantID": "1926",
      "gender": "여성",
      "age": "30대",
      "occupation": "무직",
      "bPlace": "서울/경기/인천",
      "gPlace": "서울/경기/인천",
      "rPlace": "서울/경기/인천",
      "educationLevel": "고졸"
    },
    "speaker2": {
      "participantID": "1899",
      "gender": "여성",
      "age": "20대",
      "occupation": "기능직",
      "bPlace": "광주/전라/제주",
      "gPlace": "광주/전라/제주",
      "rPlace": "광주/전라/제주",
      "educationLevel": "대졸"
    }
  },
  "multisessionInfo": {
    "multisessionID": "3-00096"
  },
  "personaInfo": {
    "clInfo": {
      "personaID": "31634",
      "personaFeatures": [
        "나는 여자이다.",
        "나는 30대이다.",
        "나의 거주지는 원주이다.",
        "나는 가끔 상처를 받는다.",
        "나는 수필을 싫어한다."
      ],
      "speakerType": "speaker1"
    },
    "cpInfo": {
      "personaID": "22651",
      "personaFeatures": [
        "나는 여자이다.",
        "나는 20대이다.",
        "나의 어머니는 영양사이다.",
        "나는 백화점에 가는 것을 좋아한다.",
        "나는 단감을 즐겨 먹는다."
      ],
      "speakerType": "speaker2"
    }
  },
  "topicInfo": {
    "topicID": "19-05",
    "topicType": "예술문화 생활>방송/연예",
    "topicTitle": "방송채널"
  },
  "sessionInfo": [
    {
      "prevSessionID": null,
      "prevTimeInfo": {
        "timeNum": null,
        "timeUnit": null
      },
      "nthSession": "1",
      "numberOfUtterances": "14",
      "numberOfTurns": "7",
      "sessionID": "3-00096-1",
      "dialog": [
        {
          "speaker": "speaker1",
          "personaID": "31634",
          "participantID": "1926",
          "utterance": "안녕하세요~ 30대 여자에요! 반가워요 ㅎㅎ.",
          "summary": "나는 30대 여자이다.",
          "date": "2022-10-25",
          "time": "11:05:21",
          "terminate": "false"
        },
        {
          "speaker": "speaker2",
          "personaID": "22651",
          "participantID": "1899",
          "utterance": "안녕하세요. 20대 여자입니당. 반가워요.",
          "summary": "나는 20대 여자이다.",
          "date": "2022-10-25",
          "time": "11:05:54",
          "terminate": "false"
        },
        {
          "speaker": "speaker1",
          "personaID": "31634",
          "participantID": "1926",
          "utterance": "반가워요~ 뭐 하고 계셨나요~!",
          "summary": "",
          "date": "2022-10-25",
          "time": "11:06:03",
          "terminate": "false"
        },
        {
          "speaker": "speaker2",
          "personaID": "22651",
          "participantID": "1899",
          "utterance": "전 지금 회사에 있어요ㅎㅎ.. 퇴근 하고싶어요.",
          "summary": "나는 회사원이다.",
          "date": "2022-10-25",
          "time": "11:06:26",
          "terminate": "false"
        },
        {
          "speaker": "speaker1",
          "personaID": "31634",
          "participantID": "1926",
          "utterance": "앗 저도 퇴근하고 싶네요ㅠㅠ 근무지는 어디에요?",
          "summary": "",
          "date": "2022-10-25",
          "time": "11:06:56",
          "terminate": "false"
        },
        {
          "speaker": "speaker2",
          "personaID": "22651",
          "participantID": "1899",
          "utterance": "서울에 있는 일반회사 다니고 있어요..!",
          "summary": "나의 회사는 서울에 있다.",
          "date": "2022-10-25",
          "time": "11:07:12",
          "terminate": "false"
        },
        {
          "speaker": "speaker1",
          "personaID": "31634",
          "participantID": "1926",
          "utterance": "아하 ㅎㅎ 저는 원주 살아서 원주에서 일해요~ 어떤 일 하고 계세요?",
          "summary": "나의 거주지는 원주이다. 나는 원주에서 일한다.",
          "date": "2022-10-25",
          "time": "11:07:41",
          "terminate": "false"
        },
        {
          "speaker": "speaker2",
          "personaID": "22651",
          "participantID": "1899",
          "utterance": "마케팅부서에서 근무하고 있어요! 저는 원주 한 번도 안가봤어요ㅎ.",
          "summary": "나는 마케팅 부서에서 일한다. 나는 원주에 가본 적이 없다.",
          "date": "2022-10-25",
          "time": "11:08:18",
          "terminate": "false"
        },
        {
          "speaker": "speaker1",
          "personaID": "31634",
          "participantID": "1926",
          "utterance": "아하 ㅎㅎ 그럴 수 있죠! 완전 지방이니까요ㅠㅠ 오 그럼 외근도 자주가세요?",
          "summary": "",
          "date": "2022-10-25",
          "time": "11:08:43",
          "terminate": "false"
        },
        {
          "speaker": "speaker2",
          "personaID": "22651",
          "participantID": "1899",
          "utterance": "외근 종종 가요ㅎㅎ 무슨 일 하세용?",
          "summary": "나는 외근을 종종 나간다.",
          "date": "2022-10-25",
          "time": "11:09:01",
          "terminate": "false"
        },
        {
          "speaker": "speaker1",
          "personaID": "31634",
          "participantID": "1926",
          "utterance": "아하 ㅎㅎ 저는 사서에요! 책 좋아하시나요?",
          "summary": "",
          "date": "2022-10-25",
          "time": "11:09:25",
          "terminate": "false"
        },
        {
          "speaker": "speaker2",
          "personaID": "22651",
          "participantID": "1899",
          "utterance": "전 책 잘 안읽는 것 같아요ㅠㅠ 책 보면 잠이 오더라구요...",
          "summary": "나는 책을 잘 읽지 않는다.",
          "date": "2022-10-25",
          "time": "11:10:12",
          "terminate": "false"
        },
        {
          "speaker": "speaker1",
          "personaID": "31634",
          "participantID": "1926",
          "utterance": "그렇구나.. 저도 사서인데도 수필은 싫어해요 ㅋㅋㅋㅋ 저 그럼 일 좀 보고 올게요~!",
          "summary": "나는 수필을 싫어한다.",
          "date": "2022-10-25",
          "time": "11:10:26",
          "terminate": "false"
        },
        {
          "speaker": "speaker2",
          "personaID": "22651",
          "participantID": "1899",
          "utterance": "그러시구나ㅎㅎ 네 저도 일 보고 올게요~!",
          "summary": "",
          "date": "2022-10-25",
          "time": "11:10:53",
          "terminate": "true"
        }
      ],
      "sessionPersonaSummary": {
        "speaker1": [
          "나는 30대 여자이다.",
          "나의 거주지는 원주이다. 나는 원주에서 일한다.",
          "나는 수필을 싫어한다."
        ],
        "speaker2": [
          "나는 20대 여자이다.",
          "나는 회사원이다.",
          "나의 회사는 서울에 있다.",
          "나는 마케팅 부서에서 일한다. 나는 원주에 가본 적이 없다.",
          "나는 외근을 종종 나간다.",
          "나는 책을 잘 읽지 않는다."
        ]
      },
      "prevAggregatedpersonaSummary": {
        "speaker1": [],
        "speaker2": []
      }
    },
    {
      "prevSessionID": "3-00096-1",
      "prevTimeInfo": {
        "timeNum": "3",
        "timeUnit": "시간"
      },
      "nthSession": "2",
      "numberOfUtterances": "14",
      "numberOfTurns": "7",
      "sessionID": "3-00096-2",
      "dialog": [
        {
          "speaker": "speaker1",
          "personaID": "31634",
          "participantID": "1926",
          "utterance": "3시간만이에요ㅠㅠ 오늘은 싫어하는 수필 말고 소설책 하나 가져가야겠어요 ㅋㅋ 일 하고 계세요?",
          "summary": "",
          "date": "2022-10-25",
          "time": "11:11:14",
          "terminate": "false"
        },
        {
          "speaker": "speaker2",
          "personaID": "22651",
          "participantID": "1899",
          "utterance": "네! 일 하고 있어요ㅎㅎ 수필은 재미 없으신가봐요!",
          "summary": "",
          "date": "2022-10-25",
          "time": "11:11:40",
          "terminate": "false"
        },
        {
          "speaker": "speaker1",
          "personaID": "31634",
          "participantID": "1926",
          "utterance": "네 ㅎㅎ 재미 없더라고요ㅠㅠ 오늘 퇴근은 언제하세요?",
          "summary": "",
          "date": "2022-10-25",
          "time": "11:11:56",
          "terminate": "false"
        },
        {
          "speaker": "speaker2",
          "personaID": "22651",
          "participantID": "1899",
          "utterance": "저는 6시에 퇴근해요ㅎㅎ 집 가서 어머니랑 저녁 먹으려구요ㅎㅎ.",
          "summary": "나는 6시에 퇴근한다.",
          "date": "2022-10-25",
          "time": "11:12:40",
          "terminate": "false"
        },
        {
          "speaker": "speaker1",
          "personaID": "31634",
          "participantID": "1926",
          "utterance": "오 ㅎㅎ 저랑 같은 시간에 퇴근하시네요~ 어머니가 요리해주시는거에요?",
          "summary": "나는 6시에 퇴근한다.",
          "date": "2022-10-25",
          "time": "11:13:05",
          "terminate": "false"
        },
        {
          "speaker": "speaker2",
          "personaID": "22651",
          "participantID": "1899",
          "utterance": "네 ㅎㅎ 어머니가 영양사이시라서 요리도 잘 하시고 영양가 있게 만들어주셔요.",
          "summary": "나의 어머니는 영양사이다.",
          "date": "2022-10-25",
          "time": "11:13:42",
          "terminate": "false"
        },
        {
          "speaker": "speaker1",
          "personaID": "31634",
          "participantID": "1926",
          "utterance": "오 ㅎㅎ 부러워요! 그럼 요리 잘하시나요?",
          "summary": "",
          "date": "2022-10-25",
          "time": "11:14:18",
          "terminate": "false"
        },
        {
          "speaker": "speaker2",
          "personaID": "22651",
          "participantID": "1899",
          "utterance": "전 아직 요리에 관심이 없어서요ㅎㅎ 이제 슬슬 배워볼까해요!",
          "summary": "나는 아직 요리에 관심이 없다.",
          "date": "2022-10-25",
          "time": "11:14:52",
          "terminate": "false"
        },
        {
          "speaker": "speaker1",
          "personaID": "31634",
          "participantID": "1926",
          "utterance": "아하 ㅎㅎ 저도 요리 못해요! ㅠㅠ 요리프로그램은 자주 보시나요?",
          "summary": "",
          "date": "2022-10-25",
          "time": "11:15:57",
          "terminate": "false"
        },
        {
          "speaker": "speaker2",
          "personaID": "22651",
          "participantID": "1899",
          "utterance": "아주 가끔 봐요ㅎㅎ 요리프로그램 어머니가 즐겨보시거든요..ㅎㅎ.",
          "summary": "나는 요리 프로그램을 가끔 본다.",
          "date": "2022-10-25",
          "time": "11:16:21",
          "terminate": "false"
        },
        {
          "speaker": "speaker1",
          "personaID": "31634",
          "participantID": "1926",
          "utterance": "오 ㅎㅎ 그럼 자주보는 방송채널도 있으세요?! 전 JTBC 자주 보는것 같아요 ㅎㅎ.",
          "summary": "나는 JTBC 채널을 자주 본다.",
          "date": "2022-10-25",
          "time": "11:16:58",
          "terminate": "false"
        },
        {
          "speaker": "speaker2",
          "personaID": "22651",
          "participantID": "1899",
          "utterance": "저도 JTBC 자주 봐요^^! 예능이랑 드라마요ㅎㅎ.",
          "summary": "나는 JTBC 채널을 자주 본다.",
          "date": "2022-10-25",
          "time": "11:17:39",
          "terminate": "false"
        },
        {
          "speaker": "speaker1",
          "personaID": "31634",
          "participantID": "1926",
          "utterance": "오 ㅎㅎ 같은 채널 자주 보시나보네요! 반가워요~ 저는 초밥 즐겨먹어서 점심으로 초밥좀 먹고 올게요! 식사하셔요!",
          "summary": "나는 초밥을 즐겨 먹는다.",
          "date": "2022-10-25",
          "time": "11:18:28",
          "terminate": "false"
        },
        {
          "speaker": "speaker2",
          "personaID": "22651",
          "participantID": "1899",
          "utterance": "네ㅎㅎ 저도 점식식사하고 후식으로 즐겨먹는 단감 먹고 올게용.",
          "summary": "나는 단감을 즐겨 먹는다.",
          "date": "2022-10-25",
          "time": "11:18:53",
          "terminate": "true"
        }
      ],
      "sessionPersonaSummary": {
        "speaker1": [
          "나는 6시에 퇴근한다.",
          "나는 JTBC 채널을 자주 본다.",
          "나는 초밥을 즐겨 먹는다."
        ],
        "speaker2": [
          "나는 6시에 퇴근한다.",
          "나의 어머니는 영양사이다.",
          "나는 아직 요리에 관심이 없다.",
          "나는 요리 프로그램을 가끔 본다.",
          "나는 JTBC 채널을 자주 본다.",
          "나는 단감을 즐겨 먹는다."
        ]
      },
      "prevAggregatedpersonaSummary": {
        "speaker1": [
          "나는 30대 여자이다.",
          "나의 거주지는 원주이다. 나는 원주에서 일한다.",
          "나는 수필을 싫어한다."
        ],
        "speaker2": [
          "나는 20대 여자이다.",
          "나는 회사원이다.",
          "나의 회사는 서울에 있다.",
          "나는 마케팅 부서에서 일한다. 나는 원주에 가본 적이 없다.",
          "나는 외근을 종종 나간다.",
          "나는 책을 잘 읽지 않는다."
        ]
      }
    },
    {
      "prevSessionID": "3-00096-2",
      "prevTimeInfo": {
        "timeNum": "3",
        "timeUnit": "시간"
      },
      "nthSession": "3",
      "numberOfUtterances": "18",
      "numberOfTurns": "9",
      "sessionID": "3-00096-3",
      "dialog": [
        {
          "speaker": "speaker1",
          "personaID": "31634",
          "participantID": "1926",
          "utterance": "3시간만이에요 ㅎㅎ 단감 즐겨먹으시나봐요!",
          "summary": "",
          "date": "2022-10-25",
          "time": "11:19:48",
          "terminate": "false"
        },
        {
          "speaker": "speaker2",
          "personaID": "22651",
          "participantID": "1899",
          "utterance": "네ㅎㅎ 단감 좋아해서요! 초밥 좋아하세요?!",
          "summary": "",
          "date": "2022-10-25",
          "time": "11:20:05",
          "terminate": "false"
        },
        {
          "speaker": "speaker1",
          "personaID": "31634",
          "participantID": "1926",
          "utterance": "네 ㅎㅎ 초밥 좋아해요~ 초밥 좋아하시나요?!",
          "summary": "",
          "date": "2022-10-25",
          "time": "11:20:32",
          "terminate": "false"
        },
        {
          "speaker": "speaker2",
          "personaID": "22651",
          "participantID": "1899",
          "utterance": "네ㅎㅎ 전 연어초밥 좋아해요~!",
          "summary": "나는 연어초밥을 좋아한다.",
          "date": "2022-10-25",
          "time": "11:21:26",
          "terminate": "false"
        },
        {
          "speaker": "speaker1",
          "personaID": "31634",
          "participantID": "1926",
          "utterance": "연어초밥 좋아하시는구나! 저는 간장새우초밥 좋아해요 ㅋㅋㅋㅋ 해산물도 좋아하세요?",
          "summary": "",
          "date": "2022-10-25",
          "time": "11:22:13",
          "terminate": "false"
        },
        {
          "speaker": "speaker2",
          "personaID": "22651",
          "participantID": "1899",
          "utterance": "네 완전 좋아해요! 회도 좋아하고 게도 좋아해요ㅋㅋ.",
          "summary": "나는 해산물을 좋아한다.",
          "date": "2022-10-25",
          "time": "11:22:56",
          "terminate": "false"
        },
        {
          "speaker": "speaker1",
          "personaID": "31634",
          "participantID": "1926",
          "utterance": "오 ㅎㅎ 저랑 취향이 비슷하세요! 전 취향 다른 사람 만나면 가끔 상처를 받아요...흑흑.",
          "summary": "나는 가끔 상처를 받는다.",
          "date": "2022-10-25",
          "time": "11:23:59",
          "terminate": "false"
        },
        {
          "speaker": "speaker2",
          "personaID": "22651",
          "participantID": "1899",
          "utterance": "그쵸ㅎㅎ 저도 취향 다른 사람 만나면 메뉴 정하기도 힘들고 그렇더라구요ㅋㅋ.",
          "summary": "",
          "date": "2022-10-25",
          "time": "11:24:25",
          "terminate": "false"
        },
        {
          "speaker": "speaker1",
          "personaID": "31634",
          "participantID": "1926",
          "utterance": "맞아요.. 특히 남자인 친구들 만났을때 그랬던것 같아요.. 뜬금없지만 남자친구 있으셔요?",
          "summary": "",
          "date": "2022-10-25",
          "time": "11:25:03",
          "terminate": "false"
        },
        {
          "speaker": "speaker2",
          "personaID": "22651",
          "participantID": "1899",
          "utterance": "네 남자친구 있어요^^ 남친 있으세요?",
          "summary": "나는 남자 친구가 있다.",
          "date": "2022-10-25",
          "time": "11:25:42",
          "terminate": "false"
        },
        {
          "speaker": "speaker1",
          "personaID": "31634",
          "participantID": "1926",
          "utterance": "저는 결혼했어요 ㅎㅎ 남자친구분과는 사귄지 얼마나 되셨어요?",
          "summary": "나는 결혼했다.",
          "date": "2022-10-25",
          "time": "11:26:11",
          "terminate": "false"
        },
        {
          "speaker": "speaker2",
          "personaID": "22651",
          "participantID": "1899",
          "utterance": "결혼하셨구나! 전 1년 좀 넘었어요ㅎㅎ.",
          "summary": "나는 남자 친구와 1년 넘게 사귀었다.",
          "date": "2022-10-25",
          "time": "11:26:25",
          "terminate": "false"
        },
        {
          "speaker": "speaker1",
          "personaID": "31634",
          "participantID": "1926",
          "utterance": "아하 ㅎㅎ 좋을때네요~ 남자친구분과는 주로 어디로 데이트 가세요?",
          "summary": "",
          "date": "2022-10-25",
          "time": "11:26:46",
          "terminate": "false"
        },
        {
          "speaker": "speaker2",
          "personaID": "22651",
          "participantID": "1899",
          "utterance": "전 거의 맛집이나 예쁜 카페 찾아다녀요!!",
          "summary": "",
          "date": "2022-10-25",
          "time": "11:27:23",
          "terminate": "false"
        },
        {
          "speaker": "speaker1",
          "personaID": "31634",
          "participantID": "1926",
          "utterance": "아하 ㅎㅎ 저희는 만난지 오래돼서 요즘 어딜 가야할지 모르겠더라고요..ㅠㅠ 저희도 예쁜 카페로 데이트 다녀봐야겠어요ㅠㅠ.",
          "summary": "",
          "date": "2022-10-25",
          "time": "11:28:05",
          "terminate": "false"
        },
        {
          "speaker": "speaker2",
          "personaID": "22651",
          "participantID": "1899",
          "utterance": "요즘 진짜 예쁜 카페들 많더라구요ㅎㅎ 가서 맛있는 디저트 드셔보세요!",
          "summary": "",
          "date": "2022-10-25",
          "time": "11:28:32",
          "terminate": "false"
        },
        {
          "speaker": "speaker1",
          "personaID": "31634",
          "participantID": "1926",
          "utterance": "그래야겠네요 ㅎㅎ 저는 그럼 퇴근준비하러 가볼게요!",
          "summary": "나는 퇴근 준비하러 간다.",
          "date": "2022-10-25",
          "time": "11:28:53",
          "terminate": "false"
        },
        {
          "speaker": "speaker2",
          "personaID": "22651",
          "participantID": "1899",
          "utterance": "저는 백화점 가는 거 좋아하는데 오늘 쇼핑하러 백화점 갈 것 같아요!ㅎㅎ담에 봬요.",
          "summary": "나는 백화점에 가는 것을 좋아한다.",
          "date": "2022-10-25",
          "time": "11:29:49",
          "terminate": "true"
        }
      ],
      "sessionPersonaSummary": {
        "speaker1": [
          "나는 가끔 상처를 받는다.",
          "나는 결혼했다.",
          "나는 퇴근 준비하러 간다."
        ],
        "speaker2": [
          "나는 연어초밥을 좋아한다.",
          "나는 해산물을 좋아한다.",
          "나는 남자 친구가 있다.",
          "나는 남자 친구와 1년 넘게 사귀었다.",
          "나는 백화점에 가는 것을 좋아한다."
        ]
      },
      "prevAggregatedpersonaSummary": {
        "speaker1": [
          "나는 30대 여자이다.",
          "나의 거주지는 원주이다. 나는 원주에서 일한다.",
          "나는 수필을 싫어한다.",
          "나는 6시에 퇴근한다.",
          "나는 JTBC 채널을 자주 본다.",
          "나는 초밥을 즐겨 먹는다."
        ],
        "speaker2": [
          "나는 20대 여자이다.",
          "나는 회사원이다.",
          "나의 회사는 서울에 있다.",
          "나는 마케팅 부서에서 일한다. 나는 원주에 가본 적이 없다.",
          "나는 외근을 종종 나간다.",
          "나는 책을 잘 읽지 않는다.",
          "나는 6시에 퇴근한다.",
          "나의 어머니는 영양사이다.",
          "나는 아직 요리에 관심이 없다.",
          "나는 요리 프로그램을 가끔 본다.",
          "나는 JTBC 채널을 자주 본다.",
          "나는 단감을 즐겨 먹는다."
        ]
      }
    }
  ]
}