{
  "FileInfo": {
    "filename": "K3-00295-CL22013-CP40919-18-02-S3.json",
    "sessionLevel": "3"
  },
  "participantsInfo": {
    "numberOfParticipants": "2",
    "speaker1": {
      "participantID": "3878",
      "gender": "여성",
      "age": "20대",
      "occupation": "학생",
      "bPlace": "서울/경기/인천",
      "gPlace": "서울/경기/인천",
      "rPlace": "서울/경기/인천",
      "educationLevel": "대졸"
    },
    "speaker2": {
      "participantID": "3779",
      "gender": "남성",
      "age": "40대",
      "occupation": "서비스직",
      "bPlace": "서울/경기/인천",
      "gPlace": "서울/경기/인천",
      "rPlace": "서울/경기/인천",
      "educationLevel": "대졸"
    }
  },
  "multisessionInfo": {
    "multisessionID": "3-00295"
  },
  "personaInfo": {
    "clInfo": {
      "personaID": "22013",
      "personaFeatures": [
        "나는 여자이다.",
        "나는 20대이다.",
        "나는 종교가 없다",
        "나는 창업 동아리에 관심이 없다",
        "나는 트럼펫 연주를 가끔 한다"
      ],
      "speakerType": "speaker1"
    },
    "cpInfo": {
      "personaID": "40919",
      "personaFeatures": [
        "나는 남자이다.",
        "나는 40대이다.",
        "나는 선박 정비원이다",
        "나는 아버지와 갈등이 있다",
        "나는 거북이를 키우고 싶다"
      ],
      "speakerType": "speaker2"
    }
  },
  "topicInfo": {
    "topicID": "18-02",
    "topicType": "상거래 전반",
    "topicTitle": "홈쇼핑"
  },
  "sessionInfo": [
    {
      "prevSessionID": null,
      "prevTimeInfo": {
        "timeNum": null,
        "timeUnit": null
      },
      "nthSession": "1",
      "numberOfUtterances": "19",
      "numberOfTurns": "9",
      "sessionID": "3-00295-1",
      "dialog": [
        {
          "speaker": "speaker1",
          "personaID": "22013",
          "participantID": "3878",
          "utterance": "안녕하세요 저는 20대 여자입니다.",
          "summary": "나는 20대 여성이다.",
          "date": "2022-10-27",
          "time": "13:34:49",
          "terminate": "false"
        },
        {
          "speaker": "speaker2",
          "personaID": "40919",
          "participantID": "3779",
          "utterance": "안녕하세요 40대 남성입니다. 저는 선박정비원입니다.",
          "summary": "나는 40대 남성이다",
          "date": "2022-10-27",
          "time": "14:11:03",
          "terminate": "false"
        },
        {
          "speaker": "speaker1",
          "personaID": "22013",
          "participantID": "3878",
          "utterance": "저는 그냥 취미로 트럼펫 연주를 가끔 하는 학생이에요.",
          "summary": "나는 취미로 트럼펫 연주를 한다.",
          "date": "2022-10-27",
          "time": "14:52:35",
          "terminate": "false"
        },
        {
          "speaker": "speaker2",
          "personaID": "40919",
          "participantID": "3779",
          "utterance": "트렘펫이라니 너무 근사해요. 저도 한번 배워보고 싶네요.",
          "summary": "나는 트럼펫을 배워보고 싶다",
          "date": "2022-10-27",
          "time": "15:17:05",
          "terminate": "false"
        },
        {
          "speaker": "speaker1",
          "personaID": "22013",
          "participantID": "3878",
          "utterance": "고맙습니다. 주말에는 주로 뭘 하세요? 저는 종교는 없지만 가끔 절에 가요.",
          "summary": "나는 종교는 없지만 가끔 절에 간다.",
          "date": "2022-10-27",
          "time": "16:17:08",
          "terminate": "false"
        },
        {
          "speaker": "speaker2",
          "personaID": "40919",
          "participantID": "3779",
          "utterance": "저는 선박정비원이다보니 주말에도 가끔 일을 나가야 해요.",
          "summary": "나는 선박 정비원이고, 주말에도 가끔 일을 나간다.",
          "date": "2022-10-27",
          "time": "16:25:22",
          "terminate": "false"
        },
        {
          "speaker": "speaker1",
          "personaID": "22013",
          "participantID": "3878",
          "utterance": "아, 그렇겠네요. 쉬는 날이 규칙적으로 정해지진 않는군요. 그럼 쉬는 날에는 주로 뭘하세요?",
          "summary": "",
          "date": "2022-10-27",
          "time": "17:17:29",
          "terminate": "false"
        },
        {
          "speaker": "speaker2",
          "personaID": "40919",
          "participantID": "3779",
          "utterance": "쉬는날은 꼼짝하지 않고 집에 있고 싶더라구요. 혼자있으니 심심하기도 해서 거북이를 키워보고 싶어요.",
          "summary": "나는 쉬는 날에 주로 집에 있는 편이다. 나는 거북이를 키워보고 싶다.",
          "date": "2022-10-27",
          "time": "20:58:46",
          "terminate": "false"
        },
        {
          "speaker": "speaker1",
          "personaID": "22013",
          "participantID": "3878",
          "utterance": "아 거북이 귀엽죠. 전 강아지가 요즘 그렇게 좋더라고요... 강아지 산책 동호회에 들어보고 싶어요. 현실은 친구가 창업동아리 들자고 하는 게 다네요. 창업도 동아리가 있다니... 근데 전 창업 동아리에 관심이 없어서 큰일이에요.",
          "summary": "나는 강아지 산책 동호회에 들어보고 싶다. 나는 창업 동아리에는 관심이 없다.",
          "date": "2022-10-27",
          "time": "21:01:16",
          "terminate": "false"
        },
        {
          "speaker": "speaker2",
          "personaID": "40919",
          "participantID": "3779",
          "utterance": "저는 강아지를 키워요. 그것 때문에 아버지와 갈등이 있어요. ",
          "summary": "나는 강아지를 키우는데 이 때문에 아버지와 갈등이 있다.",
          "date": "2022-10-27",
          "time": "21:02:26",
          "terminate": "false"
        },
        {
          "speaker": "speaker1",
          "personaID": "22013",
          "participantID": "3878",
          "utterance": "헉 어떤 갈등이요? 이미 키우는데 갈등이 있어서 좀 힘드시겠어요.",
          "summary": "",
          "date": "2022-10-27",
          "time": "21:03:37",
          "terminate": "false"
        },
        {
          "speaker": "speaker2",
          "personaID": "40919",
          "participantID": "3779",
          "utterance": "아버지는 강아지를 좋아하지 않으셔서요. 최근에 독립을 했습니다. ",
          "summary": "나는 최근에 독립을 했다.",
          "date": "2022-10-27",
          "time": "21:06:02",
          "terminate": "false"
        },
        {
          "speaker": "speaker1",
          "personaID": "22013",
          "participantID": "3878",
          "utterance": "아 그래도 다행이네요. 강아지랑 단 둘이 살 수 있게 되었네요. ",
          "summary": "",
          "date": "2022-10-27",
          "time": "21:23:58",
          "terminate": "false"
        },
        {
          "speaker": "speaker2",
          "personaID": "40919",
          "participantID": "3779",
          "utterance": "네 강아지를 키워보신 적이 있나요?",
          "summary": "",
          "date": "2022-10-27",
          "time": "21:30:26",
          "terminate": "false"
        },
        {
          "speaker": "speaker1",
          "personaID": "22013",
          "participantID": "3878",
          "utterance": "아뇨 저는 강아지를 좋아하긴 하지만 키워본 적은 없어요. ",
          "summary": "나는 강아지를 좋아하지만 키워보지 않았다.",
          "date": "2022-10-27",
          "time": "21:48:43",
          "terminate": "false"
        },
        {
          "speaker": "speaker2",
          "personaID": "40919",
          "participantID": "3779",
          "utterance": "그렇군요. 인터넷에서 강아지 용품을 계속 구입하게 되네요.",
          "summary": "나는 인터넷에서 강아지 용품을 계속 구입한다.",
          "date": "2022-10-27",
          "time": "21:57:53",
          "terminate": "false"
        },
        {
          "speaker": "speaker1",
          "personaID": "22013",
          "participantID": "3878",
          "utterance": "요즘 강아지 용품도 눈돌아갈 만한 게 많은 거 같더라구요.",
          "summary": "",
          "date": "2022-10-27",
          "time": "22:58:43",
          "terminate": "false"
        },
        {
          "speaker": "speaker2",
          "personaID": "40919",
          "participantID": "3779",
          "utterance": "-14턴 넘었는데..마무리 해주세요",
          "summary": "",
          "date": "2022-10-27",
          "time": "23:00:19",
          "terminate": "false"
        }
      ],
      "sessionPersonaSummary": {
        "speaker1": [
          "나는 20대 여성이다.",
          "나는 취미로 트럼펫 연주를 한다.",
          "나는 종교는 없지만 가끔 절에 간다.",
          "나는 강아지 산책 동호회에 들어보고 싶다.",
          "나는 창업 동아리에는 관심이 없다.",
          "나는 강아지를 좋아하지만 키워보지 않았다."
        ],
        "speaker2": [
          "나는 40대 남성이다",
          "나는 트럼펫을 배워보고 싶다",
          "나는 선박 정비원이고, 주말에도 가끔 일을 나간다.",
          "나는 쉬는 날에 주로 집에 있는 편이다. 나는 거북이를 키워보고 싶다.",
          "나는 강아지를 키우는데 이 때문에 아버지와 갈등이 있다.",
          "나는 최근에 독립을 했다.",
          "나는 인터넷에서 강아지 용품을 계속 구입한다."
        ]
      },
      "prevAggregatedpersonaSummary": {
        "speaker1": [],
        "speaker2": []
      }
    },
    {
      "prevSessionID": "3-00295-1",
      "prevTimeInfo": {
        "timeNum": "5",
        "timeUnit": "주"
      },
      "nthSession": "2",
      "numberOfUtterances": "14",
      "numberOfTurns": "7",
      "sessionID": "3-00295-2",
      "dialog": [
        {
          "speaker": "speaker1",
          "personaID": "22013",
          "participantID": "3878",
          "utterance": "5주가 지났네요. 그동안 이야기를 못했네요. 그동안 잘 지내셨나요?",
          "summary": "한 달이 지났다.",
          "date": "2022-10-27",
          "time": "23:14:57",
          "terminate": "false"
        },
        {
          "speaker": "speaker2",
          "personaID": "40919",
          "participantID": "3779",
          "utterance": "벌써 5주가 지났군요. 요즘 제법 날씨가 쌀쌀해졌어요.",
          "summary": "",
          "date": "2022-10-27",
          "time": "23:16:07",
          "terminate": "false"
        },
        {
          "speaker": "speaker1",
          "personaID": "22013",
          "participantID": "3878",
          "utterance": "그러니까요. 날이 추워져서 그런가 티비를 보다가 홈쇼핑 채널에서 벌써 겨울 간식을 파는 걸 보고 혹할 뻔 했어요.",
          "summary": "나는 홈쇼핑에서 겨울 간식 파는 것을 보았다.",
          "date": "2022-10-27",
          "time": "23:18:44",
          "terminate": "false"
        },
        {
          "speaker": "speaker2",
          "personaID": "40919",
          "participantID": "3779",
          "utterance": "저도 겨울에 먹는 호박고구마를 좋아해요. ",
          "summary": "나는 겨울에 먹는 호박고구마를 좋아한다.",
          "date": "2022-10-27",
          "time": "23:22:37",
          "terminate": "false"
        },
        {
          "speaker": "speaker1",
          "personaID": "22013",
          "participantID": "3878",
          "utterance": "맞아요! 마침 홈쇼핑에서 팔던 게 호박고구마랑 밤고구마였어요! 밤고구마는 싫어하시나요?",
          "summary": "",
          "date": "2022-10-27",
          "time": "23:24:07",
          "terminate": "false"
        },
        {
          "speaker": "speaker2",
          "personaID": "40919",
          "participantID": "3779",
          "utterance": "밤고구마는 선호하지 않아요. 홈쇼핑에서 구매하면 아무래도 쫌 저렴하죠?",
          "summary": "나는 밤고구마를 좋아하지 않는다.",
          "date": "2022-10-27",
          "time": "23:25:31",
          "terminate": "false"
        },
        {
          "speaker": "speaker1",
          "personaID": "22013",
          "participantID": "3878",
          "utterance": "네. 가격 대비 양을 따지면 그렇긴 한데, 혼자 먹기엔 너무 양이 많고 사람 마음을 압박해서 충동구매를 하게 돼요.",
          "summary": "나는 홈쇼핑에서 파는 것이 혼자 먹기에 양이 많고, 사람 마음을 압박해서 충동구매를 하게 된다.",
          "date": "2022-10-27",
          "time": "23:26:35",
          "terminate": "false"
        },
        {
          "speaker": "speaker2",
          "personaID": "40919",
          "participantID": "3779",
          "utterance": "저도 양이 많아서 요즘은 공동구매를 해요. 님도 주변분들과 함께 소분해서 나눠가 져 보시는 걸 추천해요.",
          "summary": "나는 물품을 공동 구매해서 지인들과 나눈다.",
          "date": "2022-10-27",
          "time": "23:28:39",
          "terminate": "false"
        },
        {
          "speaker": "speaker1",
          "personaID": "22013",
          "participantID": "3878",
          "utterance": "와 현명한 소비자시군요. 저는 친구가 몇 없어서 가능할런지 모르겠지만 좋은 생각 같아요. 근데, 홈쇼핑으로 온열기구를 사본 적 있으신가요? 요즘 고민이 돼서요.",
          "summary": "나는 온열 기구를 사고 싶다.",
          "date": "2022-10-27",
          "time": "23:30:58",
          "terminate": "false"
        },
        {
          "speaker": "speaker2",
          "personaID": "40919",
          "participantID": "3779",
          "utterance": "온열기구 좋은게 굉장히 많더라구요. 온열기구는 전자파를 꼭 확인해야해요. ",
          "summary": "",
          "date": "2022-10-27",
          "time": "23:32:03",
          "terminate": "false"
        },
        {
          "speaker": "speaker1",
          "personaID": "22013",
          "participantID": "3878",
          "utterance": "아 안전 때문에 전자파가 중요하군요. 그럼 직접 보고 사는 게 더 좋겠어요. 사실 전 홈쇼핑은 좀 못미더워서요. ",
          "summary": "나는 홈쇼핑은 못 미덥다.",
          "date": "2022-10-27",
          "time": "23:48:43",
          "terminate": "false"
        },
        {
          "speaker": "speaker2",
          "personaID": "40919",
          "participantID": "3779",
          "utterance": "홈쇼핑 물건은 꼼꼼하게 살펴봐야한다고 생각해요. 저는 홈쇼핑에서 간혹 먹는 것을 구입하는데 절반의 성공인 것 같아요.",
          "summary": "나는 종종 홈쇼핑으로 식품을 구입하는데 절반 정도는 성공적이다.",
          "date": "2022-10-27",
          "time": "23:51:56",
          "terminate": "false"
        },
        {
          "speaker": "speaker1",
          "personaID": "22013",
          "participantID": "3878",
          "utterance": "맞아요. 차라리 먹을 건 좀 괜찮은 것 같아요. 딜도 더 좋은 것 같더라고요. ",
          "summary": "",
          "date": "2022-10-27",
          "time": "23:53:18",
          "terminate": "false"
        },
        {
          "speaker": "speaker2",
          "personaID": "40919",
          "participantID": "3779",
          "utterance": "좋은 딜 있으면 추천 부탁드릴께요 저는 일이 있어서 가봐야할 것 같아요.",
          "summary": "",
          "date": "2022-10-27",
          "time": "23:54:26",
          "terminate": "true"
        }
      ],
      "sessionPersonaSummary": {
        "speaker1": [
          "한 달이 지났다.",
          "나는 홈쇼핑에서 겨울 간식 파는 것을 보았다.",
          "나는 홈쇼핑에서 파는 것이 혼자 먹기에 양이 많고, 사람 마음을 압박해서 충동구매를 하게 된다.",
          "나는 온열 기구를 사고 싶다.",
          "나는 홈쇼핑은 못 미덥다."
        ],
        "speaker2": [
          "나는 겨울에 먹는 호박고구마를 좋아한다.",
          "나는 밤고구마를 좋아하지 않는다.",
          "나는 물품을 공동 구매해서 지인들과 나눈다.",
          "나는 종종 홈쇼핑으로 식품을 구입하는데 절반 정도는 성공적이다."
        ]
      },
      "prevAggregatedpersonaSummary": {
        "speaker1": [
          "나는 20대 여성이다.",
          "나는 취미로 트럼펫 연주를 한다.",
          "나는 종교는 없지만 가끔 절에 간다.",
          "나는 강아지 산책 동호회에 들어보고 싶다.",
          "나는 창업 동아리에는 관심이 없다.",
          "나는 강아지를 좋아하지만 키워보지 않았다."
        ],
        "speaker2": [
          "나는 40대 남성이다",
          "나는 트럼펫을 배워보고 싶다",
          "나는 선박 정비원이고, 주말에도 가끔 일을 나간다.",
          "나는 쉬는 날에 주로 집에 있는 편이다. 나는 거북이를 키워보고 싶다.",
          "나는 강아지를 키우는데 이 때문에 아버지와 갈등이 있다.",
          "나는 최근에 독립을 했다.",
          "나는 인터넷에서 강아지 용품을 계속 구입한다."
        ]
      }
    },
    {
      "prevSessionID": "3-00295-2",
      "prevTimeInfo": {
        "timeNum": "6",
        "timeUnit": "주"
      },
      "nthSession": "3",
      "numberOfUtterances": "14",
      "numberOfTurns": "7",
      "sessionID": "3-00295-3",
      "dialog": [
        {
          "speaker": "speaker1",
          "personaID": "22013",
          "participantID": "3878",
          "utterance": "안녕하세요 이야기 못 한 지 6주 만이네요. 그동안 잘 지내셨나요?",
          "summary": "",
          "date": "2022-10-28",
          "time": "11:59:09",
          "terminate": "false"
        },
        {
          "speaker": "speaker2",
          "personaID": "40919",
          "participantID": "3779",
          "utterance": "벌써 6주가 지났군요. 저는 장을 보고 있어요.",
          "summary": "",
          "date": "2022-10-28",
          "time": "12:12:03",
          "terminate": "false"
        },
        {
          "speaker": "speaker1",
          "personaID": "22013",
          "participantID": "3878",
          "utterance": "아 마트신가요? 어떤 걸 사시나요?",
          "summary": "",
          "date": "2022-10-28",
          "time": "12:19:58",
          "terminate": "false"
        },
        {
          "speaker": "speaker2",
          "personaID": "40919",
          "participantID": "3779",
          "utterance": "네 온라인으로 장을 보고 있습니다. 새벽배송으로요",
          "summary": "나는 온라인으로 장을 보고 있다.",
          "date": "2022-10-28",
          "time": "15:04:34",
          "terminate": "false"
        },
        {
          "speaker": "speaker1",
          "personaID": "22013",
          "participantID": "3878",
          "utterance": "아 새벽배송 또 편리하죠. 가끔은 너무 빨리 와서 무서울 정도지만요. 온라인으로 사면 제일 좋은 제품이 뭐라고 생각하세요?",
          "summary": "나는 새벽 배송이 편리하다.",
          "date": "2022-10-28",
          "time": "18:01:05",
          "terminate": "false"
        },
        {
          "speaker": "speaker2",
          "personaID": "40919",
          "participantID": "3779",
          "utterance": "저는 주로 무게가 있는 상품들은 온라인에서 구매를 해요.",
          "summary": "나는 무게가 있는 물건은 온라인에서 구매한다.",
          "date": "2022-10-28",
          "time": "21:21:13",
          "terminate": "false"
        },
        {
          "speaker": "speaker1",
          "personaID": "22013",
          "participantID": "3878",
          "utterance": "아 현명하시네요. 저는 꾸준히 구매해야하는 물이나 쌀, 혹은 항상 먹는 간식 같은 걸 인터넷으로 싸게 구매해요. 비슷하네요. ",
          "summary": "나는 꾸준히 먹는 물이나 쌀, 혹은 항상 먹는 간식 같은 걸 인터넷으로 싸게 구매한다.",
          "date": "2022-10-28",
          "time": "21:38:17",
          "terminate": "false"
        },
        {
          "speaker": "speaker2",
          "personaID": "40919",
          "participantID": "3779",
          "utterance": "아무래도 들고 오기 번거로운 물건은 배송을 시키는 것이 편리하죠.",
          "summary": "나는 들고 오기 번거로운 물건은 배송을 시키는 게 편리하다 생각한다.",
          "date": "2022-10-28",
          "time": "21:46:38",
          "terminate": "false"
        },
        {
          "speaker": "speaker1",
          "personaID": "22013",
          "participantID": "3878",
          "utterance": "혹시 인터넷 쇼핑을 실패해 본 적은 없으세요? 전 시곗줄인 줄 알고 샀는데 바지 벨트였던 적이 있어요... 크기 확인을 제대로 안 한 거죠",
          "summary": "나는 인터넷 쇼핑을 실패해 본 적 있다.",
          "date": "2022-10-28",
          "time": "21:49:25",
          "terminate": "false"
        },
        {
          "speaker": "speaker2",
          "personaID": "40919",
          "participantID": "3779",
          "utterance": "앗 안타깝네요 저는 반품 비용이 그렇게 아깝더라구요.",
          "summary": "나는 반품 비용이 아깝게 느껴진다.",
          "date": "2022-10-28",
          "time": "21:53:04",
          "terminate": "false"
        },
        {
          "speaker": "speaker1",
          "personaID": "22013",
          "participantID": "3878",
          "utterance": "저도 옛날에는 그랬는데 반품 안 하고 물건 껴안고 있다가 짐만 늘어나는 게 더 싫어서 택배비는 아까워하지 않기로 했어요. ",
          "summary": "나는 반품하지 않으면 짐만 쌓이기 때문에, 반품 시 택배 비용은 아까워하지 않는다.",
          "date": "2022-10-29",
          "time": "00:03:23",
          "terminate": "false"
        },
        {
          "speaker": "speaker2",
          "personaID": "40919",
          "participantID": "3779",
          "utterance": "반품 비용이 너무 비쌀 경우 중고마켓을 이용해요!",
          "summary": "나는 반품 비용이 너무 비싸면 중고마켓을 이용한다.",
          "date": "2022-10-29",
          "time": "00:09:57",
          "terminate": "false"
        },
        {
          "speaker": "speaker1",
          "personaID": "22013",
          "participantID": "3878",
          "utterance": "아 요즘은 중고마켓도 잘 되어있죠 재밌는 것 같아요.",
          "summary": "나는 중고 마켓이 재밌다.",
          "date": "2022-10-29",
          "time": "10:51:40",
          "terminate": "false"
        },
        {
          "speaker": "speaker2",
          "personaID": "40919",
          "participantID": "3779",
          "utterance": "저는 중고거래 약속이 있어서 잠시 나가볼께요!",
          "summary": "",
          "date": "2022-10-29",
          "time": "17:03:33",
          "terminate": "true"
        }
      ],
      "sessionPersonaSummary": {
        "speaker1": [
          "나는 새벽 배송이 편리하다.",
          "나는 꾸준히 먹는 물이나 쌀, 혹은 항상 먹는 간식 같은 걸 인터넷으로 싸게 구매한다.",
          "나는 인터넷 쇼핑을 실패해 본 적 있다.",
          "나는 반품하지 않으면 짐만 쌓이기 때문에, 반품 시 택배 비용은 아까워하지 않는다.",
          "나는 중고 마켓이 재밌다."
        ],
        "speaker2": [
          "나는 온라인으로 장을 보고 있다.",
          "나는 무게가 있는 물건은 온라인에서 구매한다.",
          "나는 들고 오기 번거로운 물건은 배송을 시키는 게 편리하다 생각한다.",
          "나는 반품 비용이 아깝게 느껴진다.",
          "나는 반품 비용이 너무 비싸면 중고마켓을 이용한다."
        ]
      },
      "prevAggregatedpersonaSummary": {
        "speaker1": [
          "나는 20대 여성이다.",
          "나는 취미로 트럼펫 연주를 한다.",
          "나는 종교는 없지만 가끔 절에 간다.",
          "나는 강아지 산책 동호회에 들어보고 싶다.",
          "나는 창업 동아리에는 관심이 없다.",
          "나는 강아지를 좋아하지만 키워보지 않았다.",
          "한 달이 지났다.",
          "나는 홈쇼핑에서 겨울 간식 파는 것을 보았다.",
          "나는 홈쇼핑에서 파는 것이 혼자 먹기에 양이 많고, 사람 마음을 압박해서 충동구매를 하게 된다.",
          "나는 온열 기구를 사고 싶다.",
          "나는 홈쇼핑은 못 미덥다."
        ],
        "speaker2": [
          "나는 40대 남성이다",
          "나는 트럼펫을 배워보고 싶다",
          "나는 선박 정비원이고, 주말에도 가끔 일을 나간다.",
          "나는 쉬는 날에 주로 집에 있는 편이다. 나는 거북이를 키워보고 싶다.",
          "나는 강아지를 키우는데 이 때문에 아버지와 갈등이 있다.",
          "나는 최근에 독립을 했다.",
          "나는 인터넷에서 강아지 용품을 계속 구입한다.",
          "나는 겨울에 먹는 호박고구마를 좋아한다.",
          "나는 밤고구마를 좋아하지 않는다.",
          "나는 물품을 공동 구매해서 지인들과 나눈다.",
          "나는 종종 홈쇼핑으로 식품을 구입하는데 절반 정도는 성공적이다."
        ]
      }
    }
  ]
}