{
  "FileInfo": {
    "filename": "K3-00178-CL02293-CP04530-14-02-S3.json",
    "sessionLevel": "3"
  },
  "participantsInfo": {
    "numberOfParticipants": "2",
    "speaker1": {
      "participantID": "0029",
      "gender": "남성",
      "age": "30대",
      "occupation": "사무직",
      "bPlace": "서울/경기/인천",
      "gPlace": "서울/경기/인천",
      "rPlace": "서울/경기/인천",
      "educationLevel": "대졸"
    },
    "speaker2": {
      "participantID": "0048",
      "gender": "남성",
      "age": "50대",
      "occupation": "서비스직",
      "bPlace": "부산/대구/울산/경상",
      "gPlace": "부산/대구/울산/경상",
      "rPlace": "부산/대구/울산/경상",
      "educationLevel": "고졸"
    }
  },
  "multisessionInfo": {
    "multisessionID": "3-00178"
  },
  "personaInfo": {
    "clInfo": {
      "personaID": "02293",
      "personaFeatures": [
        "나는 남자이다.",
        "나는 30대이다.",
        "나의 거주지는 경기도이다.",
        "나는 짠 음식을 안 먹는다.",
        "나는 생명과학 연구원이다."
      ],
      "speakerType": "speaker1"
    },
    "cpInfo": {
      "personaID": "04530",
      "personaFeatures": [
        "나는 남자이다.",
        "나는 50대이다.",
        "나의 거주지는 서울이다.",
        "나는 요즘, 매일 행복하다.",
        "나는 자기주장이 강하다."
      ],
      "speakerType": "speaker2"
    }
  },
  "topicInfo": {
    "topicID": "14-02",
    "topicType": "시사/사회>사회이슈(국내)",
    "topicTitle": "환경 문제"
  },
  "sessionInfo": [
    {
      "prevSessionID": null,
      "prevTimeInfo": {
        "timeNum": null,
        "timeUnit": null
      },
      "nthSession": "1",
      "numberOfUtterances": "16",
      "numberOfTurns": "8",
      "sessionID": "3-00178-1",
      "dialog": [
        {
          "speaker": "speaker1",
          "personaID": "02293",
          "participantID": "0029",
          "utterance": "안녕하세요 저는 경기도에 사는 30대 남자입니다.",
          "summary": "나는 남지이다. 나는 30대이다. 나의 거주지는 경기도이다.",
          "date": "2022-08-21",
          "time": "16:23:43",
          "terminate": "false"
        },
        {
          "speaker": "speaker2",
          "personaID": "04530",
          "participantID": "0048",
          "utterance": "안녕하세요 저는 서울에 사는 50대 남자입니다.",
          "summary": "나는 남자이다. 나는 50대이다. 나의 거주지는 서울이다.",
          "date": "2022-08-21",
          "time": "16:38:51",
          "terminate": "false"
        },
        {
          "speaker": "speaker1",
          "personaID": "02293",
          "participantID": "0029",
          "utterance": "어제 뉴스 보셨어요? 어제 저는 뉴스 보고 깜짝 놀랐어요.",
          "summary": "",
          "date": "2022-08-21",
          "time": "16:38:51",
          "terminate": "false"
        },
        {
          "speaker": "speaker2",
          "personaID": "04530",
          "participantID": "0048",
          "utterance": "왜요? 무슨 큰일 있었나요? 알려주세요.",
          "summary": "",
          "date": "2022-08-21",
          "time": "16:38:51",
          "terminate": "false"
        },
        {
          "speaker": "speaker1",
          "personaID": "02293",
          "participantID": "0029",
          "utterance": "요즘 환경문제가 엄청 심각하다네요.",
          "summary": "",
          "date": "2022-08-21",
          "time": "16:41:04",
          "terminate": "false"
        },
        {
          "speaker": "speaker2",
          "personaID": "04530",
          "participantID": "0048",
          "utterance": "정말요? 어쩐지 요즘 카페에서 종이빨대쓰라고 하더라고요.",
          "summary": "",
          "date": "2022-08-21",
          "time": "16:41:13",
          "terminate": "false"
        },
        {
          "speaker": "speaker1",
          "personaID": "02293",
          "participantID": "0029",
          "utterance": "네. 그리고 이제 테이크아웃 할때만 플라스틱컵을 쓸 수 있대요.",
          "summary": "",
          "date": "2022-08-21",
          "time": "16:41:30",
          "terminate": "false"
        },
        {
          "speaker": "speaker2",
          "personaID": "04530",
          "participantID": "0048",
          "utterance": "그렇군요. 평소에 생활할 때 최대한 환경을 생각하면서 생활해야겠네요.",
          "summary": "",
          "date": "2022-08-21",
          "time": "16:42:15",
          "terminate": "false"
        },
        {
          "speaker": "speaker1",
          "personaID": "02293",
          "participantID": "0029",
          "utterance": "네. 큰 환경문제 중에 하나가 바다에 떠다니는 플라스틱 섬이래요.",
          "summary": "",
          "date": "2022-08-21",
          "time": "16:42:55",
          "terminate": "false"
        },
        {
          "speaker": "speaker2",
          "personaID": "04530",
          "participantID": "0048",
          "utterance": "플라스틱 쓰레기들이 모여서 섬이 된거에요?",
          "summary": "",
          "date": "2022-08-21",
          "time": "16:43:08",
          "terminate": "false"
        },
        {
          "speaker": "speaker1",
          "personaID": "02293",
          "participantID": "0029",
          "utterance": "네. 아주 거대한 섬처럼 생겼더라고요.",
          "summary": "",
          "date": "2022-08-21",
          "time": "16:45:53",
          "terminate": "false"
        },
        {
          "speaker": "speaker2",
          "personaID": "04530",
          "participantID": "0048",
          "utterance": "인간들 때문에 바다 생물들이 피해를 보네요.",
          "summary": "",
          "date": "2022-08-21",
          "time": "16:46:07",
          "terminate": "false"
        },
        {
          "speaker": "speaker1",
          "personaID": "02293",
          "participantID": "0029",
          "utterance": "근데 바다플라스틱 쓰레기의 주범은 고기잡이배들이래요.",
          "summary": "",
          "date": "2022-08-21",
          "time": "16:46:21",
          "terminate": "false"
        },
        {
          "speaker": "speaker2",
          "personaID": "04530",
          "participantID": "0048",
          "utterance": "정말요? 그물 같은 게 많아서 그런가요?",
          "summary": "",
          "date": "2022-08-21",
          "time": "16:46:32",
          "terminate": "false"
        },
        {
          "speaker": "speaker1",
          "personaID": "02293",
          "participantID": "0029",
          "utterance": "그런가봐요. 근데 정작 그 문제는 아무도 지적 안하나봐요.",
          "summary": "",
          "date": "2022-08-21",
          "time": "16:46:47",
          "terminate": "false"
        },
        {
          "speaker": "speaker2",
          "personaID": "04530",
          "participantID": "0048",
          "utterance": "큰일이네요 하루 빨리 환경문제가 해결됐으면 좋겠네요. 이만 끊을게요.",
          "summary": "나는 하루빨리 환경문제가 해결되기를 바란다.",
          "date": "2022-08-21",
          "time": "16:46:57",
          "terminate": "true"
        }
      ],
      "sessionPersonaSummary": {
        "speaker1": [
          "나는 남지이다. 나는 30대이다. 나의 거주지는 경기도이다."
        ],
        "speaker2": [
          "나는 남자이다. 나는 50대이다. 나의 거주지는 서울이다.",
          "나는 하루빨리 환경문제가 해결되기를 바란다."
        ]
      },
      "prevAggregatedpersonaSummary": {
        "speaker1": [],
        "speaker2": []
      }
    },
    {
      "prevSessionID": "3-00178-1",
      "prevTimeInfo": {
        "timeNum": "1",
        "timeUnit": "일"
      },
      "nthSession": "2",
      "numberOfUtterances": "16",
      "numberOfTurns": "8",
      "sessionID": "3-00178-2",
      "dialog": [
        {
          "speaker": "speaker1",
          "personaID": "02293",
          "participantID": "0029",
          "utterance": "안녕하세요 오늘 날씨가 참 좋네요.",
          "summary": "",
          "date": "2022-08-21",
          "time": "16:48:20",
          "terminate": "false"
        },
        {
          "speaker": "speaker2",
          "personaID": "04530",
          "participantID": "0048",
          "utterance": "그러게요. 날씨가 좋아서 기분도 좋아지네요.",
          "summary": "",
          "date": "2022-08-21",
          "time": "16:48:30",
          "terminate": "false"
        },
        {
          "speaker": "speaker1",
          "personaID": "02293",
          "participantID": "0029",
          "utterance": "저번보다 목소리가 좋은데 무슨 좋은 일 있으세요?",
          "summary": "",
          "date": "2022-08-21",
          "time": "16:48:44",
          "terminate": "false"
        },
        {
          "speaker": "speaker2",
          "personaID": "04530",
          "participantID": "0048",
          "utterance": "티가 났나요? 사실 좋은 일이 있었거든요. 그래서 요즘 매일이 행복해요.",
          "summary": "나는 요즘 행복하다.",
          "date": "2022-08-21",
          "time": "16:48:55",
          "terminate": "false"
        },
        {
          "speaker": "speaker1",
          "personaID": "02293",
          "participantID": "0029",
          "utterance": "정말요? 무슨 일인지 말해주세요.",
          "summary": "",
          "date": "2022-08-21",
          "time": "16:49:03",
          "terminate": "false"
        },
        {
          "speaker": "speaker2",
          "personaID": "04530",
          "participantID": "0048",
          "utterance": "사실 제가 이번에 애인이 생겼어요.",
          "summary": "나는 애인이 생겼다.",
          "date": "2022-08-21",
          "time": "16:49:12",
          "terminate": "false"
        },
        {
          "speaker": "speaker1",
          "personaID": "02293",
          "participantID": "0029",
          "utterance": "축하드려요. 어디서 어떻게 만나셨어요?",
          "summary": "",
          "date": "2022-08-21",
          "time": "16:49:23",
          "terminate": "false"
        },
        {
          "speaker": "speaker2",
          "personaID": "04530",
          "participantID": "0048",
          "utterance": "스크린 골프 연습장에서 자주 마주치던 사이였는데 어제 같이 식사하고 사귀기로 했어요.",
          "summary": "",
          "date": "2022-08-21",
          "time": "16:49:38",
          "terminate": "false"
        },
        {
          "speaker": "speaker1",
          "personaID": "02293",
          "participantID": "0029",
          "utterance": "잘됐네요. 근데 골프를 좋아하시나봐요?",
          "summary": "",
          "date": "2022-08-21",
          "time": "16:49:52",
          "terminate": "false"
        },
        {
          "speaker": "speaker2",
          "personaID": "04530",
          "participantID": "0048",
          "utterance": "네. 좋아해서 필드에도 자주 나가요.",
          "summary": "나는 골프를 좋아한다.",
          "date": "2022-08-21",
          "time": "16:50:05",
          "terminate": "false"
        },
        {
          "speaker": "speaker1",
          "personaID": "02293",
          "participantID": "0029",
          "utterance": "저도 골프를 좋아하는데 다음에 같이 치실래요?",
          "summary": "나는 골프를 좋아한다.",
          "date": "2022-08-21",
          "time": "16:57:22",
          "terminate": "false"
        },
        {
          "speaker": "speaker2",
          "personaID": "04530",
          "participantID": "0048",
          "utterance": "그럼 다음달 첫째 주 토요일 어때요?",
          "summary": "",
          "date": "2022-08-21",
          "time": "16:58:34",
          "terminate": "false"
        },
        {
          "speaker": "speaker1",
          "personaID": "02293",
          "participantID": "0029",
          "utterance": "잠시만요. 그때는 제가 선약이 있네요.",
          "summary": "",
          "date": "2022-08-21",
          "time": "16:58:41",
          "terminate": "false"
        },
        {
          "speaker": "speaker2",
          "personaID": "04530",
          "participantID": "0048",
          "utterance": "그럼 다음달 둘째 주 토요일은요?",
          "summary": "",
          "date": "2022-08-21",
          "time": "16:58:51",
          "terminate": "false"
        },
        {
          "speaker": "speaker1",
          "personaID": "02293",
          "participantID": "0029",
          "utterance": "그때는 일정이 비어있네요. 그럼 그때 같이 치러가요.",
          "summary": "",
          "date": "2022-08-21",
          "time": "16:59:03",
          "terminate": "false"
        },
        {
          "speaker": "speaker2",
          "personaID": "04530",
          "participantID": "0048",
          "utterance": "네. 그러면 제가 우선 예약해볼게요. 좋은 하루 되세요. 끊을게요.",
          "summary": "",
          "date": "2022-08-21",
          "time": "16:59:15",
          "terminate": "true"
        }
      ],
      "sessionPersonaSummary": {
        "speaker1": [
          "나는 골프를 좋아한다."
        ],
        "speaker2": [
          "나는 요즘 행복하다.",
          "나는 애인이 생겼다.",
          "나는 골프를 좋아한다."
        ]
      },
      "prevAggregatedpersonaSummary": {
        "speaker1": [
          "나는 남지이다. 나는 30대이다. 나의 거주지는 경기도이다."
        ],
        "speaker2": [
          "나는 남자이다. 나는 50대이다. 나의 거주지는 서울이다.",
          "나는 하루빨리 환경문제가 해결되기를 바란다."
        ]
      }
    },
    {
      "prevSessionID": "3-00178-2",
      "prevTimeInfo": {
        "timeNum": "1",
        "timeUnit": "일"
      },
      "nthSession": "3",
      "numberOfUtterances": "16",
      "numberOfTurns": "8",
      "sessionID": "3-00178-3",
      "dialog": [
        {
          "speaker": "speaker1",
          "personaID": "02293",
          "participantID": "0029",
          "utterance": "안녕하세요 어제 대화 재밌었어요.",
          "summary": "",
          "date": "2022-08-21",
          "time": "16:59:47",
          "terminate": "false"
        },
        {
          "speaker": "speaker2",
          "personaID": "04530",
          "participantID": "0048",
          "utterance": "저도요. 그쪽이 항상 재밌는 주제를 가져오셔서 재밌었어요.",
          "summary": "",
          "date": "2022-08-21",
          "time": "17:00:05",
          "terminate": "false"
        },
        {
          "speaker": "speaker1",
          "personaID": "02293",
          "participantID": "0029",
          "utterance": "그러고 보니까 저희 아직 직업도 서로 모르네요. 저는 생명과학 연구원이에요.",
          "summary": "나는 생명과학 연 구언이다.",
          "date": "2022-08-21",
          "time": "17:00:47",
          "terminate": "false"
        },
        {
          "speaker": "speaker2",
          "personaID": "04530",
          "participantID": "0048",
          "utterance": "그렇군요. 저는 초등학교 선생님이에요.",
          "summary": "나는 초등학교 선생님이다.",
          "date": "2022-08-21",
          "time": "17:00:59",
          "terminate": "false"
        },
        {
          "speaker": "speaker1",
          "personaID": "02293",
          "participantID": "0029",
          "utterance": "@이름1@을 가르치느라 고생이 많으시네요.",
          "summary": "",
          "date": "2022-08-21",
          "time": "17:01:39",
          "terminate": "false"
        },
        {
          "speaker": "speaker2",
          "personaID": "04530",
          "participantID": "0048",
          "utterance": "올해는 그래도 4학년을 맡아서 한결 편하네요.",
          "summary": "",
          "date": "2022-08-21",
          "time": "17:02:03",
          "terminate": "false"
        },
        {
          "speaker": "speaker1",
          "personaID": "02293",
          "participantID": "0029",
          "utterance": "저학년을 맡으면 더 힘든가요?",
          "summary": "",
          "date": "2022-08-21",
          "time": "17:03:10",
          "terminate": "false"
        },
        {
          "speaker": "speaker2",
          "personaID": "04530",
          "participantID": "0048",
          "utterance": "아무래도 @이름1@이 더 여러서 수업이 아니라 기본적인 것도 가르쳐야되서 더 힘들어요.",
          "summary": "나는 나이 어린 @이름1@이 더 가르치기 힘들다.",
          "date": "2022-08-21",
          "time": "17:03:27",
          "terminate": "false"
        },
        {
          "speaker": "speaker1",
          "personaID": "02293",
          "participantID": "0029",
          "utterance": "그렇군요. 나중에 저한테 얘가 생기면 도움 좀 받을게요.",
          "summary": "",
          "date": "2022-08-21",
          "time": "17:04:12",
          "terminate": "false"
        },
        {
          "speaker": "speaker2",
          "personaID": "04530",
          "participantID": "0048",
          "utterance": "그때쯤이면 제가 은퇴하지 않았을까 싶네요.",
          "summary": "",
          "date": "2022-08-21",
          "time": "17:04:24",
          "terminate": "false"
        },
        {
          "speaker": "speaker1",
          "personaID": "02293",
          "participantID": "0029",
          "utterance": "하하 그냥 간단한 조언이라도 큰 힘이 될 것 같아서요.",
          "summary": "",
          "date": "2022-08-21",
          "time": "17:06:17",
          "terminate": "false"
        },
        {
          "speaker": "speaker2",
          "personaID": "04530",
          "participantID": "0048",
          "utterance": "그런 일이라면 가능하죠 근데 제가 자기주장이 강한 편이라 피곤하실수도 있어요. 하하.",
          "summary": "나는 자기주장이 강하다.",
          "date": "2022-08-21",
          "time": "17:06:24",
          "terminate": "false"
        },
        {
          "speaker": "speaker1",
          "personaID": "02293",
          "participantID": "0029",
          "utterance": "식사는 하셨어요? 저는 아직 안먹었어요.",
          "summary": "",
          "date": "2022-08-21",
          "time": "17:06:36",
          "terminate": "false"
        },
        {
          "speaker": "speaker2",
          "personaID": "04530",
          "participantID": "0048",
          "utterance": "같이 드실래요? 짭짤한 갈치조림 어떼요?",
          "summary": "",
          "date": "2022-08-21",
          "time": "17:07:24",
          "terminate": "false"
        },
        {
          "speaker": "speaker1",
          "personaID": "02293",
          "participantID": "0029",
          "utterance": "제가 짠 음식은 안먹어서 안되겠네요.",
          "summary": "",
          "date": "2022-08-21",
          "time": "17:07:37",
          "terminate": "false"
        },
        {
          "speaker": "speaker2",
          "personaID": "04530",
          "participantID": "0048",
          "utterance": "그러면 만나서 다른 식당을 찾아보죠. 이따가 뵈요. 끊을게요.",
          "summary": "",
          "date": "2022-08-21",
          "time": "17:08:52",
          "terminate": "true"
        }
      ],
      "sessionPersonaSummary": {
        "speaker1": [
          "나는 생명과학 연 구언이다."
        ],
        "speaker2": [
          "나는 초등학교 선생님이다.",
          "나는 나이 어린 @이름1@이 더 가르치기 힘들다.",
          "나는 자기주장이 강하다."
        ]
      },
      "prevAggregatedpersonaSummary": {
        "speaker1": [
          "나는 남지이다. 나는 30대이다. 나의 거주지는 경기도이다.",
          "나는 골프를 좋아한다."
        ],
        "speaker2": [
          "나는 남자이다. 나는 50대이다. 나의 거주지는 서울이다.",
          "나는 하루빨리 환경문제가 해결되기를 바란다.",
          "나는 요즘 행복하다.",
          "나는 애인이 생겼다.",
          "나는 골프를 좋아한다."
        ]
      }
    }
  ]
}