{
  "FileInfo": {
    "filename": "K3-00024-CL11084-CP52109-06-14-S3.json",
    "sessionLevel": "3"
  },
  "participantsInfo": {
    "numberOfParticipants": "2",
    "speaker1": {
      "participantID": "3290",
      "gender": "여성",
      "age": "20대",
      "occupation": "사무직",
      "bPlace": "부산/대구/울산/경상",
      "gPlace": "부산/대구/울산/경상",
      "rPlace": "서울/경기/인천",
      "educationLevel": "대졸"
    },
    "speaker2": {
      "participantID": "3295",
      "gender": "여성",
      "age": "50대",
      "occupation": "주부",
      "bPlace": "대전/세종/충청/강원",
      "gPlace": "대전/세종/충청/강원",
      "rPlace": "서울/경기/인천",
      "educationLevel": "대졸"
    }
  },
  "multisessionInfo": {
    "multisessionID": "3-00024"
  },
  "personaInfo": {
    "clInfo": {
      "personaID": "11084",
      "personaFeatures": [
        "나는 여자이다.",
        "나는 10대이다.",
        "나의 어머니는 초등학교 선생님이다",
        "나는 가끔 걱정스럽다",
        "나는 멜로 영화를 자주 본다"
      ],
      "speakerType": "speaker1"
    },
    "cpInfo": {
      "personaID": "52109",
      "personaFeatures": [
        "나는 여자이다.",
        "나는 50대이다.",
        "나는 매일 지하철로 출퇴근한다",
        "나는 수영 동호회에 관심 있다",
        "나는 샤인머스캣을 즐겨 먹는다"
      ],
      "speakerType": "speaker2"
    }
  },
  "topicInfo": {
    "topicID": "06-14",
    "topicType": "교육",
    "topicTitle": "중학교"
  },
  "sessionInfo": [
    {
      "prevSessionID": null,
      "prevTimeInfo": {
        "timeNum": null,
        "timeUnit": null
      },
      "nthSession": "1",
      "numberOfUtterances": "14",
      "numberOfTurns": "7",
      "sessionID": "3-00024-1",
      "dialog": [
        {
          "speaker": "speaker1",
          "personaID": "11084",
          "participantID": "3290",
          "utterance": "안녕하세요. 저는 10대 여자에요.",
          "summary": "나는 10대 여자이다.",
          "date": "2022-10-05",
          "time": "14:58:38",
          "terminate": "false"
        },
        {
          "speaker": "speaker2",
          "personaID": "52109",
          "participantID": "3295",
          "utterance": "안녕하세요? 저는 50대 여성입니다. 반갑습니다",
          "summary": "나는 50대 여성이다.",
          "date": "2022-10-05",
          "time": "15:07:56",
          "terminate": "false"
        },
        {
          "speaker": "speaker1",
          "personaID": "11084",
          "participantID": "3290",
          "utterance": "저는 걱정이 많은 성격이에요. 성격이 어떠신 편이신가요?",
          "summary": "나는 걱정이 많은 성격이다.",
          "date": "2022-10-05",
          "time": "15:13:06",
          "terminate": "false"
        },
        {
          "speaker": "speaker2",
          "personaID": "52109",
          "participantID": "3295",
          "utterance": "저는 성격이 부정적인 편입니다.",
          "summary": "나는 성격이 부정적이다.",
          "date": "2022-10-05",
          "time": "15:14:52",
          "terminate": "false"
        },
        {
          "speaker": "speaker1",
          "personaID": "11084",
          "participantID": "3290",
          "utterance": "부정적인 편이시군요. 영화 보는건 좋아하세요? 저는 멜로 영화를 자주 봐요.",
          "summary": "나는 영화를 좋아하고 멜로 영화를 자주 본다.",
          "date": "2022-10-05",
          "time": "15:29:45",
          "terminate": "false"
        },
        {
          "speaker": "speaker2",
          "personaID": "52109",
          "participantID": "3295",
          "utterance": "저는 반전이 있는 스릴러영화를 좋아해요.",
          "summary": "나는 반전이 있는 스릴러 영화를 좋아한다.",
          "date": "2022-10-05",
          "time": "15:30:15",
          "terminate": "false"
        },
        {
          "speaker": "speaker1",
          "personaID": "11084",
          "participantID": "3290",
          "utterance": "스릴러 영화를 좋아하시는군요. 제 어머니는 초등학교에서 아이들을 가르치는 선생님이에요.",
          "summary": "나의 어머니는 초등학교 선생님이다.",
          "date": "2022-10-05",
          "time": "15:31:27",
          "terminate": "false"
        },
        {
          "speaker": "speaker2",
          "personaID": "52109",
          "participantID": "3295",
          "utterance": "저희 언니는 고등학교에서 지구과학을 가르치는 선생님이세요~",
          "summary": "나의 언니는 고등학교 지구과학 선생님이다.",
          "date": "2022-10-05",
          "time": "15:40:26",
          "terminate": "false"
        },
        {
          "speaker": "speaker1",
          "personaID": "11084",
          "participantID": "3290",
          "utterance": "그렇군요. 지구과학이면 상당히 심오하네요. ",
          "summary": "나는 지구과학이 상당히 심오한 과목이라고 생각한다.",
          "date": "2022-10-05",
          "time": "15:43:00",
          "terminate": "false"
        },
        {
          "speaker": "speaker2",
          "personaID": "52109",
          "participantID": "3295",
          "utterance": "네, 지구과학이랑 물리도 가르친답니다. 전 꿈도 못꾸죠..",
          "summary": "나의 언니는 지구과학뿐만 아니라 물리도 가르친다.",
          "date": "2022-10-05",
          "time": "15:46:05",
          "terminate": "false"
        },
        {
          "speaker": "speaker1",
          "personaID": "11084",
          "participantID": "3290",
          "utterance": "이과형 머리를 가지고 계시는군요. 저도 이과에요. 문과신가요?",
          "summary": "",
          "date": "2022-10-05",
          "time": "15:47:51",
          "terminate": "false"
        },
        {
          "speaker": "speaker2",
          "personaID": "52109",
          "participantID": "3295",
          "utterance": "저는 고등학교때는 이과였는데, 재수할때 문과로 전과했어요~",
          "summary": "나는 원래 이과였는데 재수하면서 문과로 전과했다.",
          "date": "2022-10-05",
          "time": "15:52:10",
          "terminate": "false"
        },
        {
          "speaker": "speaker1",
          "personaID": "11084",
          "participantID": "3290",
          "utterance": "그랬군요. 걱정이 많으셨겠어요 재수하실 때. 저도 걱정이 참 많거든요.",
          "summary": "나는 재수할 때 걱정을 많이 했다.",
          "date": "2022-10-05",
          "time": "15:58:48",
          "terminate": "false"
        },
        {
          "speaker": "speaker2",
          "personaID": "52109",
          "participantID": "3295",
          "utterance": "네, 잘 아시네요~ 그럼 전 이만 일이 있어서 나가볼께요~",
          "summary": "",
          "date": "2022-10-05",
          "time": "16:00:44",
          "terminate": "true"
        }
      ],
      "sessionPersonaSummary": {
        "speaker1": [
          "나는 10대 여자이다.",
          "나는 걱정이 많은 성격이다.",
          "나는 영화를 좋아하고 멜로 영화를 자주 본다.",
          "나의 어머니는 초등학교 선생님이다.",
          "나는 지구과학이 상당히 심오한 과목이라고 생각한다.",
          "나는 재수할 때 걱정을 많이 했다."
        ],
        "speaker2": [
          "나는 50대 여성이다.",
          "나는 성격이 부정적이다.",
          "나는 반전이 있는 스릴러 영화를 좋아한다.",
          "나의 언니는 고등학교 지구과학 선생님이다.",
          "나의 언니는 지구과학뿐만 아니라 물리도 가르친다.",
          "나는 원래 이과였는데 재수하면서 문과로 전과했다."
        ]
      },
      "prevAggregatedpersonaSummary": {
        "speaker1": [],
        "speaker2": []
      }
    },
    {
      "prevSessionID": "3-00024-1",
      "prevTimeInfo": {
        "timeNum": "33",
        "timeUnit": "시간"
      },
      "nthSession": "2",
      "numberOfUtterances": "14",
      "numberOfTurns": "7",
      "sessionID": "3-00024-2",
      "dialog": [
        {
          "speaker": "speaker1",
          "personaID": "11084",
          "participantID": "3290",
          "utterance": "33시간이 벌써 지나갔네요. 잘 지내셨어요?",
          "summary": "",
          "date": "2022-10-05",
          "time": "16:50:07",
          "terminate": "false"
        },
        {
          "speaker": "speaker2",
          "personaID": "52109",
          "participantID": "3295",
          "utterance": "네 잘 보냈습니다. 환절기건강은 괜찮으신가요?",
          "summary": "",
          "date": "2022-10-05",
          "time": "17:02:33",
          "terminate": "false"
        },
        {
          "speaker": "speaker1",
          "personaID": "11084",
          "participantID": "3290",
          "utterance": "감기에 걸려서 고생하고 있어요. 중학교 때 한번도 결석을 한적이 없는데, 고등학교 와서 이번에 처음 아파서 개근상을 놓쳤어요. ",
          "summary": "나는 감기에 걸려 고생하고 있다. 나는 중학교 때에는 한 번도 결석을 안 했는데, 고등학교에 와서 감기 때문에 결석을 해서 개근상을 못 탄다.",
          "date": "2022-10-05",
          "time": "17:03:30",
          "terminate": "false"
        },
        {
          "speaker": "speaker2",
          "personaID": "52109",
          "participantID": "3295",
          "utterance": "이런..아쉽네요..감기 빨리 낫길 바래요. 전 고등학교때 개근상받았네요 ㅎ",
          "summary": "고등학교 때 개근상을 받았다",
          "date": "2022-10-05",
          "time": "17:04:24",
          "terminate": "false"
        },
        {
          "speaker": "speaker1",
          "personaID": "11084",
          "participantID": "3290",
          "utterance": "개근상 받으셨군요! 중학교때는 어떠셨어요?",
          "summary": "",
          "date": "2022-10-05",
          "time": "17:05:05",
          "terminate": "false"
        },
        {
          "speaker": "speaker2",
          "personaID": "52109",
          "participantID": "3295",
          "utterance": "중학교때도 물론 개근상 받았지요.. 그때는 하루라도 안 가면 큰일나는줄 알았어요~",
          "summary": "중학교 때도 개근상을 받았다",
          "date": "2022-10-05",
          "time": "17:06:15",
          "terminate": "false"
        },
        {
          "speaker": "speaker1",
          "personaID": "11084",
          "participantID": "3290",
          "utterance": "그쵸. 저도 중학교 때는 개근상을 받았는데 이번에 너무 아쉽네요. 중학교때 공부 잘하셨나요?",
          "summary": "나는 중학교 때 개근상을 받았다.",
          "date": "2022-10-05",
          "time": "17:10:39",
          "terminate": "false"
        },
        {
          "speaker": "speaker2",
          "personaID": "52109",
          "participantID": "3295",
          "utterance": "음..중학교때 공부 잘했어요~ ㅎㅎ 운좋게도, 시험공부하면 공부한게 다 시험에 나오더라구요",
          "summary": "중학교 때 공부를 잘했다",
          "date": "2022-10-05",
          "time": "17:38:55",
          "terminate": "false"
        },
        {
          "speaker": "speaker1",
          "personaID": "11084",
          "participantID": "3290",
          "utterance": "우와 똑똑하시네요! 저는 어머니께서 초등학교 선생님이라 공부를 많이 알려주세요",
          "summary": "나는 초등학교 선생님인 어머니로부터 공부를 많이 배웠다.",
          "date": "2022-10-05",
          "time": "17:49:42",
          "terminate": "false"
        },
        {
          "speaker": "speaker2",
          "personaID": "52109",
          "participantID": "3295",
          "utterance": "좋으시겠어요! 저도 가르치는 것을 좋아해 딸들 영어를 초등학교때까지 엄마표로 제가 가르쳐주었어요~",
          "summary": "가르치는 걸 좋아해서 딸들 영어를 초등학교 때까지 가르쳐줬다",
          "date": "2022-10-05",
          "time": "17:53:14",
          "terminate": "false"
        },
        {
          "speaker": "speaker1",
          "personaID": "11084",
          "participantID": "3290",
          "utterance": "참 멋진 어머니시네요. 중학교때부터는 직접 가르치시기가 꽤 어렵죠",
          "summary": "나는 중학교 때부터는 자녀의 공부를 직접 가르치기 어렵다고 생각한다.",
          "date": "2022-10-05",
          "time": "17:57:09",
          "terminate": "false"
        },
        {
          "speaker": "speaker2",
          "personaID": "52109",
          "participantID": "3295",
          "utterance": "초등고학년부터는 학원에 보냈어요.제가 가르치기 어려워서요",
          "summary": "고학년 때부턴 가르치기 힘들어 학원에 보냈다",
          "date": "2022-10-05",
          "time": "18:22:21",
          "terminate": "false"
        },
        {
          "speaker": "speaker1",
          "personaID": "11084",
          "participantID": "3290",
          "utterance": "맞아요 저도 어머니께서 초등학교때까지만 공부를 봐주셨어요",
          "summary": "나의 어머니는 초등학교 때까지 나의 공부를 봐주셨다.",
          "date": "2022-10-05",
          "time": "18:53:03",
          "terminate": "false"
        },
        {
          "speaker": "speaker2",
          "personaID": "52109",
          "participantID": "3295",
          "utterance": "고학년부터는 전문가에게 맡기는게 좋은것 같아요. 그럼 전 이만 나가볼께요",
          "summary": "고학년부터는 전문가에게 맡기는 게 좋다",
          "date": "2022-10-05",
          "time": "19:05:10",
          "terminate": "true"
        }
      ],
      "sessionPersonaSummary": {
        "speaker1": [
          "나는 감기에 걸려 고생하고 있다. 나는 중학교 때에는 한 번도 결석을 안 했는데, 고등학교에 와서 감기 때문에 결석을 해서 개근상을 못 탄다.",
          "나는 중학교 때 개근상을 받았다.",
          "나는 초등학교 선생님인 어머니로부터 공부를 많이 배웠다.",
          "나는 중학교 때부터는 자녀의 공부를 직접 가르치기 어렵다고 생각한다.",
          "나의 어머니는 초등학교 때까지 나의 공부를 봐주셨다."
        ],
        "speaker2": [
          "고등학교 때 개근상을 받았다",
          "중학교 때도 개근상을 받았다",
          "중학교 때 공부를 잘했다",
          "가르치는 걸 좋아해서 딸들 영어를 초등학교 때까지 가르쳐줬다",
          "고학년 때부턴 가르치기 힘들어 학원에 보냈다",
          "고학년부터는 전문가에게 맡기는 게 좋다"
        ]
      },
      "prevAggregatedpersonaSummary": {
        "speaker1": [
          "나는 10대 여자이다.",
          "나는 걱정이 많은 성격이다.",
          "나는 영화를 좋아하고 멜로 영화를 자주 본다.",
          "나의 어머니는 초등학교 선생님이다.",
          "나는 지구과학이 상당히 심오한 과목이라고 생각한다.",
          "나는 재수할 때 걱정을 많이 했다."
        ],
        "speaker2": [
          "나는 50대 여성이다.",
          "나는 성격이 부정적이다.",
          "나는 반전이 있는 스릴러 영화를 좋아한다.",
          "나의 언니는 고등학교 지구과학 선생님이다.",
          "나의 언니는 지구과학뿐만 아니라 물리도 가르친다.",
          "나는 원래 이과였는데 재수하면서 문과로 전과했다."
        ]
      }
    },
    {
      "prevSessionID": "3-00024-2",
      "prevTimeInfo": {
        "timeNum": "1",
        "timeUnit": "일"
      },
      "nthSession": "3",
      "numberOfUtterances": "14",
      "numberOfTurns": "7",
      "sessionID": "3-00024-3",
      "dialog": [
        {
          "speaker": "speaker1",
          "personaID": "11084",
          "participantID": "3290",
          "utterance": "1일 만에 인사드리네요. 어제 밤 잠은 잘 주무셨나요?",
          "summary": "",
          "date": "2022-10-05",
          "time": "19:55:54",
          "terminate": "false"
        },
        {
          "speaker": "speaker2",
          "personaID": "52109",
          "participantID": "3295",
          "utterance": "네~  날씨가 추워져서 두꺼운 이불을 꺼내서 덮고 잤네요",
          "summary": "나는 날씨가 추워 두꺼운 이불을 꺼내 덮고 잤다.",
          "date": "2022-10-05",
          "time": "19:59:21",
          "terminate": "false"
        },
        {
          "speaker": "speaker1",
          "personaID": "11084",
          "participantID": "3290",
          "utterance": "그쵸 날씨가 많이 쌀쌀하네요. 작년 이 맘때 중학교에서 축제를 했던게 생각나네요",
          "summary": "나는 이맘때 중학교 시절 축제했던 게 기억이 난다.",
          "date": "2022-10-05",
          "time": "20:05:29",
          "terminate": "false"
        },
        {
          "speaker": "speaker2",
          "personaID": "52109",
          "participantID": "3295",
          "utterance": "저는 수영부라서 축제에 직접 참여는 안했어요. ",
          "summary": "나는 수영부라 축제에 직접 참여하지 않았다.",
          "date": "2022-10-05",
          "time": "20:09:47",
          "terminate": "false"
        },
        {
          "speaker": "speaker1",
          "personaID": "11084",
          "participantID": "3290",
          "utterance": "수영을 잘하시겠네요! 어떤 교육이 가장 좋았어요?",
          "summary": "",
          "date": "2022-10-05",
          "time": "22:15:57",
          "terminate": "false"
        },
        {
          "speaker": "speaker2",
          "personaID": "52109",
          "participantID": "3295",
          "utterance": "자유형이 가장 배우기 좋았어요. 지금은 수영동호회에서 일주일에 한번 수영하고 있어요.",
          "summary": "나는 자유형이 가장 배우기 좋았다. 지금은 수영 동호회에서 일주일에 한 번씩 수영을 하고 있다.",
          "date": "2022-10-05",
          "time": "22:27:12",
          "terminate": "false"
        },
        {
          "speaker": "speaker1",
          "personaID": "11084",
          "participantID": "3290",
          "utterance": "수영을 굉장히 자주 하시네요~ 중학교 다니실때는 어떤 교육이 좋았어요?",
          "summary": "",
          "date": "2022-10-05",
          "time": "23:01:58",
          "terminate": "false"
        },
        {
          "speaker": "speaker2",
          "personaID": "52109",
          "participantID": "3295",
          "utterance": "중학교 때 수영 외에 영어 과목을 좋아했어요.",
          "summary": "나는 중학교 때 영어 과목을 좋아했다.",
          "date": "2022-10-05",
          "time": "23:04:28",
          "terminate": "false"
        },
        {
          "speaker": "speaker1",
          "personaID": "11084",
          "participantID": "3290",
          "utterance": "영어를 좋아하셨군요. 한국 교육은 주입식 교육이라 안타까워요",
          "summary": "나는 한국 교육이 주입식 교육이라 안타깝다.",
          "date": "2022-10-05",
          "time": "23:10:11",
          "terminate": "false"
        },
        {
          "speaker": "speaker2",
          "personaID": "52109",
          "participantID": "3295",
          "utterance": "네, 맞아요. 저는 매일 지하철로 출퇴근 하는데 단어장 외우는 학생들이 많이 보여요.",
          "summary": "나는 매일 지하철로 출퇴근을 하는데 단어 외우는 학생들이 많다.",
          "date": "2022-10-05",
          "time": "23:18:35",
          "terminate": "false"
        },
        {
          "speaker": "speaker1",
          "personaID": "11084",
          "participantID": "3290",
          "utterance": "그쵸. 매일 지하철로 출퇴근하려면 너무 힘드시겠어요. 저도 학교갈 때 지하철을 타는데 너무 힘들어요. 학교에서 버스를 제공해줬으면 좋겠어요",
          "summary": "나는 학교 갈 때 지하철 타는 게 너무 힘들다.",
          "date": "2022-10-05",
          "time": "23:40:15",
          "terminate": "false"
        },
        {
          "speaker": "speaker2",
          "personaID": "52109",
          "participantID": "3295",
          "utterance": "많이 힘드셨겠어요.. 전 그만 나가볼께요. 볼 일이 생겼네요",
          "summary": "",
          "date": "2022-10-05",
          "time": "23:44:50",
          "terminate": "false"
        },
        {
          "speaker": "speaker1",
          "personaID": "11084",
          "participantID": "3290",
          "utterance": "아 벌써요? 네 그럼 다음에 뵙도록 하겠습니다.",
          "summary": "",
          "date": "2022-10-06",
          "time": "10:30:55",
          "terminate": "false"
        },
        {
          "speaker": "speaker2",
          "personaID": "52109",
          "participantID": "3295",
          "utterance": "네, 대화 즐거웠습니다.  다음에 뵈요.",
          "summary": "",
          "date": "2022-10-06",
          "time": "13:28:16",
          "terminate": "true"
        }
      ],
      "sessionPersonaSummary": {
        "speaker1": [
          "나는 이맘때 중학교 시절 축제했던 게 기억이 난다.",
          "나는 한국 교육이 주입식 교육이라 안타깝다.",
          "나는 학교 갈 때 지하철 타는 게 너무 힘들다."
        ],
        "speaker2": [
          "나는 날씨가 추워 두꺼운 이불을 꺼내 덮고 잤다.",
          "나는 수영부라 축제에 직접 참여하지 않았다.",
          "나는 자유형이 가장 배우기 좋았다. 지금은 수영 동호회에서 일주일에 한 번씩 수영을 하고 있다.",
          "나는 중학교 때 영어 과목을 좋아했다.",
          "나는 매일 지하철로 출퇴근을 하는데 단어 외우는 학생들이 많다."
        ]
      },
      "prevAggregatedpersonaSummary": {
        "speaker1": [
          "나는 10대 여자이다.",
          "나는 걱정이 많은 성격이다.",
          "나는 영화를 좋아하고 멜로 영화를 자주 본다.",
          "나의 어머니는 초등학교 선생님이다.",
          "나는 지구과학이 상당히 심오한 과목이라고 생각한다.",
          "나는 재수할 때 걱정을 많이 했다.",
          "나는 감기에 걸려 고생하고 있다. 나는 중학교 때에는 한 번도 결석을 안 했는데, 고등학교에 와서 감기 때문에 결석을 해서 개근상을 못 탄다.",
          "나는 중학교 때 개근상을 받았다.",
          "나는 초등학교 선생님인 어머니로부터 공부를 많이 배웠다.",
          "나는 중학교 때부터는 자녀의 공부를 직접 가르치기 어렵다고 생각한다.",
          "나의 어머니는 초등학교 때까지 나의 공부를 봐주셨다."
        ],
        "speaker2": [
          "나는 50대 여성이다.",
          "나는 성격이 부정적이다.",
          "나는 반전이 있는 스릴러 영화를 좋아한다.",
          "나의 언니는 고등학교 지구과학 선생님이다.",
          "나의 언니는 지구과학뿐만 아니라 물리도 가르친다.",
          "나는 원래 이과였는데 재수하면서 문과로 전과했다.",
          "고등학교 때 개근상을 받았다",
          "중학교 때도 개근상을 받았다",
          "중학교 때 공부를 잘했다",
          "가르치는 걸 좋아해서 딸들 영어를 초등학교 때까지 가르쳐줬다",
          "고학년 때부턴 가르치기 힘들어 학원에 보냈다",
          "고학년부터는 전문가에게 맡기는 게 좋다"
        ]
      }
    }
  ]
}