{
  "FileInfo": {
    "filename": "K3-00157-CL11214-CP21008-07-09-S3.json",
    "sessionLevel": "3"
  },
  "participantsInfo": {
    "numberOfParticipants": "2",
    "speaker1": {
      "participantID": "0158",
      "gender": "여성",
      "age": "20대",
      "occupation": "무직",
      "bPlace": "광주/전라/제주",
      "gPlace": "부산/대구/울산/경상",
      "rPlace": "광주/전라/제주",
      "educationLevel": "고졸"
    },
    "speaker2": {
      "participantID": "0116",
      "gender": "남성",
      "age": "20대",
      "occupation": "학생",
      "bPlace": "부산/대구/울산/경상",
      "gPlace": "부산/대구/울산/경상",
      "rPlace": "부산/대구/울산/경상",
      "educationLevel": "고졸"
    }
  },
  "multisessionInfo": {
    "multisessionID": "3-00157"
  },
  "personaInfo": {
    "clInfo": {
      "personaID": "11214",
      "personaFeatures": [
        "나는 여자이다.",
        "나는 10대이다.",
        "나의 종교는 개신교이다",
        "나는 국어 선생님이 되고 싶다",
        "나는 스릴러 영화 보는 것을 좋아한다"
      ],
      "speakerType": "speaker1"
    },
    "cpInfo": {
      "personaID": "21008",
      "personaFeatures": [
        "나는 남자이다.",
        "나는 20대이다.",
        "나는 요즘, 매일 우울하다",
        "나는 건설환경공학부 전공이다",
        "나는 EDM 가끔 듣는다"
      ],
      "speakerType": "speaker2"
    }
  },
  "topicInfo": {
    "topicID": "07-09",
    "topicType": "개인 및 관계>가족",
    "topicTitle": "가족 형태"
  },
  "sessionInfo": [
    {
      "prevSessionID": null,
      "prevTimeInfo": {
        "timeNum": null,
        "timeUnit": null
      },
      "nthSession": "1",
      "numberOfUtterances": "15",
      "numberOfTurns": "7",
      "sessionID": "3-00157-1",
      "dialog": [
        {
          "speaker": "speaker1",
          "personaID": "11214",
          "participantID": "0158",
          "utterance": "안녕하세요~ 저는 10대 여자예요.",
          "summary": "나는 10대 여자이다.",
          "date": "2022-11-04",
          "time": "00:48:14",
          "terminate": "false"
        },
        {
          "speaker": "speaker2",
          "personaID": "21008",
          "participantID": "0116",
          "utterance": "반갑습니다! 저는 20대 남자에요. 안녕하세요. ",
          "summary": "나는 20대 남자이다.",
          "date": "2022-11-04",
          "time": "00:49:02",
          "terminate": "false"
        },
        {
          "speaker": "speaker1",
          "personaID": "11214",
          "participantID": "0158",
          "utterance": "잘 부탁드려요. 대학생이신가요?",
          "summary": "",
          "date": "2022-11-04",
          "time": "00:49:18",
          "terminate": "false"
        },
        {
          "speaker": "speaker2",
          "personaID": "21008",
          "participantID": "0116",
          "utterance": "네. 저는 건설환경공학부 전공 대학생이랍니다. ",
          "summary": "나는 건설환경공학부 전공이다. 나는 대학생이다.",
          "date": "2022-11-04",
          "time": "00:49:30",
          "terminate": "false"
        },
        {
          "speaker": "speaker1",
          "personaID": "11214",
          "participantID": "0158",
          "utterance": "와, 멋지세요. 저는 국어 선생님이 되고 싶어서 국어교육과에 가는 게 목표예요.",
          "summary": "나는 국어 선생님이 꿈이다. 나는 국어교육과에 가는 것이 목표이다.",
          "date": "2022-11-04",
          "time": "00:50:03",
          "terminate": "false"
        },
        {
          "speaker": "speaker2",
          "personaID": "21008",
          "participantID": "0116",
          "utterance": "멋진 꿈을 가져서 부럽네요! 저는 과가 마음에 안들어서 요즘, 매일 우울하답니다. ",
          "summary": "나는 과가 마음에 안 든다. 나는 요즘, 매일 우울하다.",
          "date": "2022-11-04",
          "time": "00:50:30",
          "terminate": "false"
        },
        {
          "speaker": "speaker1",
          "personaID": "11214",
          "participantID": "0158",
          "utterance": "정말요? 성적이 잘 안 나오시는 거예요?",
          "summary": "",
          "date": "2022-11-04",
          "time": "00:50:52",
          "terminate": "false"
        },
        {
          "speaker": "speaker2",
          "personaID": "21008",
          "participantID": "0116",
          "utterance": "공부해도 잘 안나오더라구요. 그래서 스트레스 받더라구요. 그래서 EDM을 가끔 듣는답니다. ",
          "summary": "나는 공부해도 성적이 잘 안 나와서 스트레스를 받는다. 나는 가끔 EDM을 듣는다.",
          "date": "2022-11-04",
          "time": "00:51:17",
          "terminate": "false"
        },
        {
          "speaker": "speaker1",
          "personaID": "11214",
          "participantID": "0158",
          "utterance": "저는 스트레스 받을 때마다 스릴러 영화를 봐요. 스릴러 영화를 좋아하거든요.",
          "summary": "나는 스릴러 영화를 좋아한다.",
          "date": "2022-11-04",
          "time": "00:51:48",
          "terminate": "false"
        },
        {
          "speaker": "speaker2",
          "personaID": "21008",
          "participantID": "0116",
          "utterance": "스릴러 영화 좋죠. 저도 스릴러 영화 재밌게 봐요. ",
          "summary": "나는 스릴러 영화가 재밌다.",
          "date": "2022-11-04",
          "time": "00:52:05",
          "terminate": "false"
        },
        {
          "speaker": "speaker1",
          "personaID": "11214",
          "participantID": "0158",
          "utterance": "이번 주말엔 뭐하세요? 전 개신교라 교회에 가요.",
          "summary": "나의 종교는 개신교이다.",
          "date": "2022-11-04",
          "time": "00:52:25",
          "terminate": "false"
        },
        {
          "speaker": "speaker2",
          "personaID": "21008",
          "participantID": "0116",
          "utterance": "아마 집에서 빈둥대면서 동영상채널 볼거같아요. 운동은 쉴거같구요. ",
          "summary": "나는 주말에 집에서 빈둥대며 동영 상채 넓을 볼 예정이다. 나는 주말에 운동을 쉴 것이다.",
          "date": "2022-11-04",
          "time": "00:52:40",
          "terminate": "false"
        },
        {
          "speaker": "speaker1",
          "personaID": "11214",
          "participantID": "0158",
          "utterance": "아, 하시는 운동이 있으신가 봐요.",
          "summary": "",
          "date": "2022-11-04",
          "time": "00:53:06",
          "terminate": "false"
        },
        {
          "speaker": "speaker2",
          "personaID": "21008",
          "participantID": "0116",
          "utterance": "네 맞아요. 오늘은 너무 피곤해서 다음에 연락 부탁드려도 될까요? 자러가야할거같아요ㅠ. 대화 재밌었어요! ",
          "summary": "나는 매우 피곤하다. 나는 잘 예정이다.",
          "date": "2022-11-04",
          "time": "00:53:38",
          "terminate": "false"
        },
        {
          "speaker": "speaker1",
          "personaID": "11214",
          "participantID": "0158",
          "utterance": "앗, 넵! 얼른 주무세요. 저도 이만 가볼게요.",
          "summary": "",
          "date": "2022-11-04",
          "time": "00:54:00",
          "terminate": "true"
        }
      ],
      "sessionPersonaSummary": {
        "speaker1": [
          "나는 10대 여자이다.",
          "나는 국어 선생님이 꿈이다. 나는 국어교육과에 가는 것이 목표이다.",
          "나는 스릴러 영화를 좋아한다.",
          "나의 종교는 개신교이다."
        ],
        "speaker2": [
          "나는 20대 남자이다.",
          "나는 건설환경공학부 전공이다. 나는 대학생이다.",
          "나는 과가 마음에 안 든다. 나는 요즘, 매일 우울하다.",
          "나는 공부해도 성적이 잘 안 나와서 스트레스를 받는다. 나는 가끔 EDM을 듣는다.",
          "나는 스릴러 영화가 재밌다.",
          "나는 주말에 집에서 빈둥대며 동영 상채 넓을 볼 예정이다. 나는 주말에 운동을 쉴 것이다.",
          "나는 매우 피곤하다. 나는 잘 예정이다."
        ]
      },
      "prevAggregatedpersonaSummary": {
        "speaker1": [],
        "speaker2": []
      }
    },
    {
      "prevSessionID": "3-00157-1",
      "prevTimeInfo": {
        "timeNum": "3",
        "timeUnit": "일"
      },
      "nthSession": "2",
      "numberOfUtterances": "15",
      "numberOfTurns": "7",
      "sessionID": "3-00157-2",
      "dialog": [
        {
          "speaker": "speaker1",
          "personaID": "11214",
          "participantID": "0158",
          "utterance": "사흘만이네요. 전 오늘 기분이 안 좋은 일이 있었어요.",
          "summary": "",
          "date": "2022-11-04",
          "time": "00:56:00",
          "terminate": "false"
        },
        {
          "speaker": "speaker2",
          "personaID": "21008",
          "participantID": "0116",
          "utterance": "오랜만이네요. 기분이 안좋다니 무슨일 있으셨어요?? ",
          "summary": "",
          "date": "2022-11-04",
          "time": "00:56:22",
          "terminate": "false"
        },
        {
          "speaker": "speaker1",
          "personaID": "11214",
          "participantID": "0158",
          "utterance": "사실... 저는 어머니만 있고 아버지가 안 계시거든요. 저희 반 애가 그걸 가지고 놀려서 너무 화났어요.",
          "summary": "나는 아버지가 안 계신다.",
          "date": "2022-11-04",
          "time": "00:56:52",
          "terminate": "false"
        },
        {
          "speaker": "speaker2",
          "personaID": "21008",
          "participantID": "0116",
          "utterance": "아이고 그걸 반에서 놀리다니... 학생들이라 아직 많이 철이 없군요. ",
          "summary": "",
          "date": "2022-11-04",
          "time": "00:57:15",
          "terminate": "false"
        },
        {
          "speaker": "speaker1",
          "personaID": "11214",
          "participantID": "0158",
          "utterance": "네.. 다양한 가족 형태가 있다는 건 알고 있지만.. 그래도 뭔가 창피하고 슬펐어요.",
          "summary": "나는 창피하고 슬펐다.",
          "date": "2022-11-04",
          "time": "00:57:36",
          "terminate": "false"
        },
        {
          "speaker": "speaker2",
          "personaID": "21008",
          "participantID": "0116",
          "utterance": "맞아요. 다양한 가족 형태가 있는데 그걸로 놀리는건 나쁘죠. ",
          "summary": "",
          "date": "2022-11-04",
          "time": "00:58:21",
          "terminate": "false"
        },
        {
          "speaker": "speaker1",
          "personaID": "11214",
          "participantID": "0158",
          "utterance": "저도 어른이 되면 이런 게 부끄럽지 않게 될까요?",
          "summary": "",
          "date": "2022-11-04",
          "time": "00:59:11",
          "terminate": "false"
        },
        {
          "speaker": "speaker2",
          "personaID": "21008",
          "participantID": "0116",
          "utterance": "당연하죠~. 모두에게 신경쓰는게 의미 없다는걸 언젠가 빨리 깨달으셨으면 좋겠어요. ",
          "summary": "",
          "date": "2022-11-04",
          "time": "01:00:05",
          "terminate": "false"
        },
        {
          "speaker": "speaker1",
          "personaID": "11214",
          "participantID": "0158",
          "utterance": "네, 고마워요. 이따 기도를 드리며 슬픈 마음을 덜어내야겠어요.",
          "summary": "나는 기도를 할 예정이다.",
          "date": "2022-11-04",
          "time": "01:00:29",
          "terminate": "false"
        },
        {
          "speaker": "speaker2",
          "personaID": "21008",
          "participantID": "0116",
          "utterance": "좋은 생각이에요. 생각을 덜어내는 명상도 추천드려요. ",
          "summary": "나는 명상을 추천한다.",
          "date": "2022-11-04",
          "time": "01:00:48",
          "terminate": "false"
        },
        {
          "speaker": "speaker1",
          "personaID": "11214",
          "participantID": "0158",
          "utterance": "네, 고마워요. 선생님은 가족 형태가 어떻게 되세요?",
          "summary": "",
          "date": "2022-11-04",
          "time": "01:01:29",
          "terminate": "false"
        },
        {
          "speaker": "speaker2",
          "personaID": "21008",
          "participantID": "0116",
          "utterance": "저는 부모님이랑 저뿐이에요. 외동이거든요! ",
          "summary": "나는 외동이다. 나는 부모님이 있다.",
          "date": "2022-11-04",
          "time": "01:01:43",
          "terminate": "false"
        },
        {
          "speaker": "speaker1",
          "personaID": "11214",
          "participantID": "0158",
          "utterance": "저도 외동이에요. 어머니랑 저뿐이지만요. 저는 형제가 없어서 외로웠던 적은 없는 것 같아요.",
          "summary": "나는 외동이다. 나의 가족 구성원은 어머니와 나 둘이다. 나는 형제가 없어서 외로운 적은 없다.",
          "date": "2022-11-04",
          "time": "01:02:23",
          "terminate": "false"
        },
        {
          "speaker": "speaker2",
          "personaID": "21008",
          "participantID": "0116",
          "utterance": "저도 그래요. 이제 슬슬 어머니가 밥 드시라고 하시네요. 다음에 만나요! ",
          "summary": "나의 어머니는 나에게 밥을 먹으라고 했다. 나는 밥을 먹을 예정이다.",
          "date": "2022-11-04",
          "time": "01:03:23",
          "terminate": "false"
        },
        {
          "speaker": "speaker1",
          "personaID": "11214",
          "participantID": "0158",
          "utterance": "네. 맛있게 드세요. 저도 이만 가볼게요.",
          "summary": "",
          "date": "2022-11-04",
          "time": "01:03:43",
          "terminate": "true"
        }
      ],
      "sessionPersonaSummary": {
        "speaker1": [
          "나는 아버지가 안 계신다.",
          "나는 창피하고 슬펐다.",
          "나는 기도를 할 예정이다.",
          "나는 외동이다. 나의 가족 구성원은 어머니와 나 둘이다. 나는 형제가 없어서 외로운 적은 없다."
        ],
        "speaker2": [
          "나는 명상을 추천한다.",
          "나는 외동이다. 나는 부모님이 있다.",
          "나의 어머니는 나에게 밥을 먹으라고 했다. 나는 밥을 먹을 예정이다."
        ]
      },
      "prevAggregatedpersonaSummary": {
        "speaker1": [
          "나는 10대 여자이다.",
          "나는 국어 선생님이 꿈이다. 나는 국어교육과에 가는 것이 목표이다.",
          "나는 스릴러 영화를 좋아한다.",
          "나의 종교는 개신교이다."
        ],
        "speaker2": [
          "나는 20대 남자이다.",
          "나는 건설환경공학부 전공이다. 나는 대학생이다.",
          "나는 과가 마음에 안 든다. 나는 요즘, 매일 우울하다.",
          "나는 공부해도 성적이 잘 안 나와서 스트레스를 받는다. 나는 가끔 EDM을 듣는다.",
          "나는 스릴러 영화가 재밌다.",
          "나는 주말에 집에서 빈둥대며 동영 상채 넓을 볼 예정이다. 나는 주말에 운동을 쉴 것이다.",
          "나는 매우 피곤하다. 나는 잘 예정이다."
        ]
      }
    },
    {
      "prevSessionID": "3-00157-2",
      "prevTimeInfo": {
        "timeNum": "5",
        "timeUnit": "주"
      },
      "nthSession": "3",
      "numberOfUtterances": "15",
      "numberOfTurns": "7",
      "sessionID": "3-00157-3",
      "dialog": [
        {
          "speaker": "speaker1",
          "personaID": "11214",
          "participantID": "0158",
          "utterance": "엄청 오랜만에 뵙네요~ 뭐하고 계셨어요?",
          "summary": "",
          "date": "2022-11-04",
          "time": "01:06:40",
          "terminate": "false"
        },
        {
          "speaker": "speaker2",
          "personaID": "21008",
          "participantID": "0116",
          "utterance": "5주만이네요! 그동안 건설환경공학부 전공 공부 했어요. ",
          "summary": "나는 건설환경공학부 전공 공부를 했다.",
          "date": "2022-11-04",
          "time": "01:07:43",
          "terminate": "false"
        },
        {
          "speaker": "speaker1",
          "personaID": "11214",
          "participantID": "0158",
          "utterance": "우와, 성실하시네요. 시험 성적도 잘 나오겠어요! 저는 어머니와 산책을 하고 있어요.",
          "summary": "나는 어머니와 산책을 하고 있다.",
          "date": "2022-11-04",
          "time": "01:08:14",
          "terminate": "false"
        },
        {
          "speaker": "speaker2",
          "personaID": "21008",
          "participantID": "0116",
          "utterance": "솔직히 말하면 성적이 안나와서 요즘, 매일 우울하더라구요. ",
          "summary": "나는 성적이 안 나온다.",
          "date": "2022-11-04",
          "time": "01:09:10",
          "terminate": "false"
        },
        {
          "speaker": "speaker1",
          "personaID": "11214",
          "participantID": "0158",
          "utterance": "헉... 열심히 해도 어렵군요ㅠ. 성적이 잘 나와야 우울하지 않으실 텐데요.",
          "summary": "",
          "date": "2022-11-04",
          "time": "01:10:03",
          "terminate": "false"
        },
        {
          "speaker": "speaker2",
          "personaID": "21008",
          "participantID": "0116",
          "utterance": "맞아요. 그래도 어머니랑 산책하니까 좋으시겠어요! 저는 자취하느라 못뵌지 좀 됐네요. ",
          "summary": "나는 자취한다. 나는 어머니를 본 지 오래됐다.",
          "date": "2022-11-04",
          "time": "01:10:22",
          "terminate": "false"
        },
        {
          "speaker": "speaker1",
          "personaID": "11214",
          "participantID": "0158",
          "utterance": "자취를 하시는구나. 혼자 살면 어때요?",
          "summary": "",
          "date": "2022-11-04",
          "time": "01:11:17",
          "terminate": "false"
        },
        {
          "speaker": "speaker2",
          "personaID": "21008",
          "participantID": "0116",
          "utterance": "가족 형태가 아무래도 1인 가족이다보니 편한거도 있지만 조금 외로울때도 있더라구요! ",
          "summary": "나는 편하다. 나는 외로울 때가 있다.",
          "date": "2022-11-04",
          "time": "01:11:36",
          "terminate": "false"
        },
        {
          "speaker": "speaker1",
          "personaID": "11214",
          "participantID": "0158",
          "utterance": "저는 어른이 되면 혼자 살고 싶어요. 어머니는 제가 같이 살길 원하시지만요. 대학생 말고 국어 교사가 되면 독립하래요.",
          "summary": "나는 독립하고 싶다. 나는 국어 교사가 꿈이다.",
          "date": "2022-11-04",
          "time": "01:12:40",
          "terminate": "false"
        },
        {
          "speaker": "speaker2",
          "personaID": "21008",
          "participantID": "0116",
          "utterance": "막 성인이 되면 아무래도 혼자 사는것을 동경하고 그러죠! 근데 저는 대학교 4학년이라 반대로 집밥이 그립네요~. ",
          "summary": "나는 대학교 4학년이다. 나는 집밥이 그립다.",
          "date": "2022-11-04",
          "time": "01:13:29",
          "terminate": "false"
        },
        {
          "speaker": "speaker1",
          "personaID": "11214",
          "participantID": "0158",
          "utterance": "그러시구나. 곧 졸업이시네요. 사회인이 되시겠어요.",
          "summary": "",
          "date": "2022-11-04",
          "time": "01:14:11",
          "terminate": "false"
        },
        {
          "speaker": "speaker2",
          "personaID": "21008",
          "participantID": "0116",
          "utterance": "맞아요! 가족 형태가 당분간은 1인 형태일거같아서 좀 외로울거같네요! ",
          "summary": "",
          "date": "2022-11-04",
          "time": "01:15:40",
          "terminate": "false"
        },
        {
          "speaker": "speaker1",
          "personaID": "11214",
          "participantID": "0158",
          "utterance": "외로움이 덜해졌으면 좋겠네요. 외로울 땐 저라도 같이 대화해드릴게요.",
          "summary": "",
          "date": "2022-11-04",
          "time": "01:16:41",
          "terminate": "false"
        },
        {
          "speaker": "speaker2",
          "personaID": "21008",
          "participantID": "0116",
          "utterance": "감사합니다! 이제 외출할시간이라 나가볼게요. 재밌었어요. ",
          "summary": "나는 외출할 예정이다.",
          "date": "2022-11-04",
          "time": "01:17:17",
          "terminate": "false"
        },
        {
          "speaker": "speaker1",
          "personaID": "11214",
          "participantID": "0158",
          "utterance": "네. 그럼 다음에 봐요. 대화 즐거웠어요.",
          "summary": "",
          "date": "2022-11-04",
          "time": "01:17:21",
          "terminate": "true"
        }
      ],
      "sessionPersonaSummary": {
        "speaker1": [
          "나는 어머니와 산책을 하고 있다.",
          "나는 독립하고 싶다. 나는 국어 교사가 꿈이다."
        ],
        "speaker2": [
          "나는 건설환경공학부 전공 공부를 했다.",
          "나는 성적이 안 나온다.",
          "나는 자취한다. 나는 어머니를 본 지 오래됐다.",
          "나는 편하다. 나는 외로울 때가 있다.",
          "나는 대학교 4학년이다. 나는 집밥이 그립다.",
          "나는 외출할 예정이다."
        ]
      },
      "prevAggregatedpersonaSummary": {
        "speaker1": [
          "나는 10대 여자이다.",
          "나는 국어 선생님이 꿈이다. 나는 국어교육과에 가는 것이 목표이다.",
          "나는 스릴러 영화를 좋아한다.",
          "나의 종교는 개신교이다.",
          "나는 아버지가 안 계신다.",
          "나는 창피하고 슬펐다.",
          "나는 기도를 할 예정이다.",
          "나는 외동이다. 나의 가족 구성원은 어머니와 나 둘이다. 나는 형제가 없어서 외로운 적은 없다."
        ],
        "speaker2": [
          "나는 20대 남자이다.",
          "나는 건설환경공학부 전공이다. 나는 대학생이다.",
          "나는 과가 마음에 안 든다. 나는 요즘, 매일 우울하다.",
          "나는 공부해도 성적이 잘 안 나와서 스트레스를 받는다. 나는 가끔 EDM을 듣는다.",
          "나는 스릴러 영화가 재밌다.",
          "나는 주말에 집에서 빈둥대며 동영 상채 넓을 볼 예정이다. 나는 주말에 운동을 쉴 것이다.",
          "나는 매우 피곤하다. 나는 잘 예정이다.",
          "나는 명상을 추천한다.",
          "나는 외동이다. 나는 부모님이 있다.",
          "나의 어머니는 나에게 밥을 먹으라고 했다. 나는 밥을 먹을 예정이다."
        ]
      }
    }
  ]
}