{
  "FileInfo": {
    "filename": "K3-00134-CL61333-CP53610-10-02-S3.json",
    "sessionLevel": "3"
  },
  "participantsInfo": {
    "numberOfParticipants": "2",
    "speaker1": {
      "participantID": "3943",
      "gender": "여성",
      "age": "50대",
      "occupation": "사무직",
      "bPlace": "서울/경기/인천",
      "gPlace": "서울/경기/인천",
      "rPlace": "서울/경기/인천",
      "educationLevel": "대졸"
    },
    "speaker2": {
      "participantID": "4764",
      "gender": "여성",
      "age": "60대 이상",
      "occupation": "생산/노무직",
      "bPlace": "부산/대구/울산/경상",
      "gPlace": "부산/대구/울산/경상",
      "rPlace": "부산/대구/울산/경상",
      "educationLevel": "고졸"
    }
  },
  "multisessionInfo": {
    "multisessionID": "3-00134"
  },
  "personaInfo": {
    "clInfo": {
      "personaID": "61333",
      "personaFeatures": [
        "나는 여자이다.",
        "나는 60대 이상이다.",
        "나는 매일 평온하다",
        "나는 코미디 영화를 싫어한다",
        "나는 키위를 즐겨 먹는다"
      ],
      "speakerType": "speaker1"
    },
    "cpInfo": {
      "personaID": "53610",
      "personaFeatures": [
        "나는 여자이다.",
        "나는 50대이다.",
        "나는 보석 세공사이다",
        "나는 밴드 동호회에 관심 없다",
        "나는 홈트레이닝을 가끔 한다",
        "나는 주황색을 좋아한다",
        "나는 요즘, 항상 행복하다"
      ],
      "speakerType": "speaker2"
    }
  },
  "topicInfo": {
    "topicID": "10-02",
    "topicType": "여가와 오락>스포츠/레져",
    "topicTitle": "야외 활동"
  },
  "sessionInfo": [
    {
      "prevSessionID": null,
      "prevTimeInfo": {
        "timeNum": null,
        "timeUnit": null
      },
      "nthSession": "1",
      "numberOfUtterances": "14",
      "numberOfTurns": "7",
      "sessionID": "3-00134-1",
      "dialog": [
        {
          "speaker": "speaker1",
          "personaID": "61333",
          "participantID": "3943",
          "utterance": "안녕하세요,, 저는 60대여성입니다",
          "summary": "나는 60대 여성이다.",
          "date": "2022-11-25",
          "time": "15:43:30",
          "terminate": "false"
        },
        {
          "speaker": "speaker2",
          "personaID": "53610",
          "participantID": "4764",
          "utterance": "안녕하세요~ 저는 50대 여성입니다. 잘 부탁드려요 ^^",
          "summary": "나는 50대 여성입니다",
          "date": "2022-11-25",
          "time": "15:50:00",
          "terminate": "false"
        },
        {
          "speaker": "speaker1",
          "personaID": "61333",
          "participantID": "3943",
          "utterance": "이쯤 되니 매일이 평온한데 님은 어떠신지요? ",
          "summary": "나는 매일이 평온하다.",
          "date": "2022-11-25",
          "time": "15:53:01",
          "terminate": "false"
        },
        {
          "speaker": "speaker2",
          "personaID": "53610",
          "participantID": "4764",
          "utterance": "젊을때 아둥바둥 살아왔더니 이제는 좀 내려놓고 살고있어요 ~ 그랬더니 요즘, 항상 행복하네요 ^^ 님도 같은 생각이시지요?",
          "summary": "나는 요즘 항상 행복하다",
          "date": "2022-11-25",
          "time": "15:57:41",
          "terminate": "false"
        },
        {
          "speaker": "speaker1",
          "personaID": "61333",
          "participantID": "3943",
          "utterance": "네,, 전 영화좋아하는데 코미디영화를 싫어해요,, 영화 좋아하세요? ",
          "summary": "나는 영화를 좋아한다. 나는 코미디 영화를 싫어한다.",
          "date": "2022-11-25",
          "time": "15:58:48",
          "terminate": "false"
        },
        {
          "speaker": "speaker2",
          "personaID": "53610",
          "participantID": "4764",
          "utterance": "저랑 취향이 조금 다르네요 ~ 저는 코미디영화를 좋아해요~ 짐캐리를 좋아합니다 ^^ 혹시 운동은 즐겨하시는지요..? 저는 홈트레이닝을 가끔 하거든요~ ",
          "summary": "나는 홈트레이닝을 가끔 한다",
          "date": "2022-11-25",
          "time": "16:01:06",
          "terminate": "false"
        },
        {
          "speaker": "speaker1",
          "personaID": "61333",
          "participantID": "3943",
          "utterance": "운동 좋아하죠,, 홈트 귀찮아서그렇지 꾸준히만하면 효과있죠 ",
          "summary": "나는 운동을 좋아한다.",
          "date": "2022-11-25",
          "time": "16:02:19",
          "terminate": "false"
        },
        {
          "speaker": "speaker2",
          "personaID": "53610",
          "participantID": "4764",
          "utterance": "맞아요 ~ 귀찮음을 이길수 있는게 잘 없는거같아요~ 혹시 하고계신일은 있나요~? 저는 현재 보석 세공사로 일 하고있는데, 이것도 언제까지 할 수 있을지 모르겟어요 ",
          "summary": "나는 보석 세공사로 일하고 있다",
          "date": "2022-11-25",
          "time": "16:14:36",
          "terminate": "false"
        },
        {
          "speaker": "speaker1",
          "personaID": "61333",
          "participantID": "3943",
          "utterance": "전 사무직이예요,, 과일 좋아하세요? 전 키위를 즐겨먹어요",
          "summary": "나는 사무직이다. 나는 키위를 즐겨먹는다.",
          "date": "2022-11-25",
          "time": "16:15:41",
          "terminate": "false"
        },
        {
          "speaker": "speaker2",
          "personaID": "53610",
          "participantID": "4764",
          "utterance": "네, 저도 과일 좋아해요~ ^^ 파인애플을 좋아합니다. 파인애플이 소화를 잘 도와주는거같아서 먹고나면 왠지 소화도 잘되는 느낌이더라구요~ 키위도 그렇지만 ^^ 혹시 취미는 있으신가요? 저는 무언가 배워볼까 싶어 동호회를 알아보고있는데 밴드 동호회에는 관심이 없어요~",
          "summary": "나는 밴드 동호회에 관심이 있다",
          "date": "2022-11-25",
          "time": "16:20:40",
          "terminate": "false"
        },
        {
          "speaker": "speaker1",
          "personaID": "61333",
          "participantID": "3943",
          "utterance": "전 자전거터는설 좋아해요,, 혼자 산책도 즐가구요",
          "summary": "나는 자전거 타는 것을 좋아한다. 나는 혼자 산책도 즐긴다.",
          "date": "2022-11-25",
          "time": "17:06:53",
          "terminate": "false"
        },
        {
          "speaker": "speaker2",
          "personaID": "53610",
          "participantID": "4764",
          "utterance": "자전거는 보통 몇 km타고 와요~? 예전에는 체력이 좋아서 강변따라 타고 했는데 요즘엔 자전거탄지도 오래되서 까먹었을거같아요 ~ ^^",
          "summary": "예전에는 자전거를 타고 다녔다",
          "date": "2022-11-25",
          "time": "19:17:46",
          "terminate": "false"
        },
        {
          "speaker": "speaker1",
          "personaID": "61333",
          "participantID": "3943",
          "utterance": "걍 시간될때 재미삼아 타요, 몇키로 작정하고 타진 않아요",
          "summary": "",
          "date": "2022-11-25",
          "time": "19:47:23",
          "terminate": "false"
        },
        {
          "speaker": "speaker2",
          "personaID": "53610",
          "participantID": "4764",
          "utterance": "운동은 즐기면서 하는게 제일 좋은거같아요~ 부럽네요 ^^ 저는 저녁 모임이 있어서 먼저 자리 비울게요~ 다음에 또 대화 나눠요~!",
          "summary": "운동은 즐기면서 하는 게 좋다",
          "date": "2022-11-25",
          "time": "20:16:30",
          "terminate": "true"
        }
      ],
      "sessionPersonaSummary": {
        "speaker1": [
          "나는 60대 여성이다.",
          "나는 매일이 평온하다.",
          "나는 영화를 좋아한다. 나는 코미디 영화를 싫어한다.",
          "나는 운동을 좋아한다.",
          "나는 사무직이다. 나는 키위를 즐겨먹는다.",
          "나는 자전거 타는 것을 좋아한다. 나는 혼자 산책도 즐긴다."
        ],
        "speaker2": [
          "나는 50대 여성입니다",
          "나는 요즘 항상 행복하다",
          "나는 홈트레이닝을 가끔 한다",
          "나는 보석 세공사로 일하고 있다",
          "나는 밴드 동호회에 관심이 있다",
          "예전에는 자전거를 타고 다녔다",
          "운동은 즐기면서 하는 게 좋다"
        ]
      },
      "prevAggregatedpersonaSummary": {
        "speaker1": [],
        "speaker2": []
      }
    },
    {
      "prevSessionID": "3-00134-1",
      "prevTimeInfo": {
        "timeNum": "8",
        "timeUnit": "일"
      },
      "nthSession": "2",
      "numberOfUtterances": "14",
      "numberOfTurns": "7",
      "sessionID": "3-00134-2",
      "dialog": [
        {
          "speaker": "speaker1",
          "personaID": "61333",
          "participantID": "3943",
          "utterance": "벌써 8일이나 지났네요,,  세공사님은 그동안 어떻게 지내셨나요? ",
          "summary": "",
          "date": "2022-11-26",
          "time": "00:20:55",
          "terminate": "false"
        },
        {
          "speaker": "speaker2",
          "personaID": "53610",
          "participantID": "4764",
          "utterance": "네 ^^ 저는 오늘 남편이랑 인도어에 다녀왔어요~ 한번씩 골프치는게 요즘 하는 유일한 운동인지라~ 잘 지내셧나요~?",
          "summary": "요즘 주로 골프를 친다",
          "date": "2022-11-26",
          "time": "00:33:58",
          "terminate": "false"
        },
        {
          "speaker": "speaker1",
          "personaID": "61333",
          "participantID": "3943",
          "utterance": "네,, 전 팬데믹이후로 야외활동 자제하다 오늘 강원도에 놀러왓네요",
          "summary": "나는 코로나 이후 야외 활동을 자제했다. 나는 오늘 강원도를 왔다.",
          "date": "2022-11-26",
          "time": "00:39:10",
          "terminate": "false"
        },
        {
          "speaker": "speaker2",
          "personaID": "53610",
          "participantID": "4764",
          "utterance": "강원도 너무 좋겠어요~! 저는 강원도를 많이 안가봤거든요~! 강원도에 가서 무얼 하셧나요~?^^",
          "summary": "나도 강원도에 가고 싶다",
          "date": "2022-11-26",
          "time": "00:40:28",
          "terminate": "false"
        },
        {
          "speaker": "speaker1",
          "personaID": "61333",
          "participantID": "3943",
          "utterance": "텃밭이 좀 있어서 얼기전에 시금치랑 열무를 뽑았어요,, 텃밭이 야외활동으론 최고봉이죠",
          "summary": "나는 강원도에 텃밭이 있다.",
          "date": "2022-11-26",
          "time": "00:41:52",
          "terminate": "false"
        },
        {
          "speaker": "speaker2",
          "personaID": "53610",
          "participantID": "4764",
          "utterance": "텃밭을 가꾸시다니, 대단하시네요~? 저는 식물은 잘 못키워서 매번 키우는 식물들이 모두 죽거든요...ㅎ",
          "summary": "나는 식물을 못 키운다",
          "date": "2022-11-26",
          "time": "00:43:20",
          "terminate": "false"
        },
        {
          "speaker": "speaker1",
          "personaID": "61333",
          "participantID": "3943",
          "utterance": "할수록 실력이 느나봐요,, 힘들지만 요령도 생기구요",
          "summary": "나는 텃밭을 잘 가꾼다.",
          "date": "2022-11-26",
          "time": "00:46:08",
          "terminate": "false"
        },
        {
          "speaker": "speaker2",
          "personaID": "53610",
          "participantID": "4764",
          "utterance": "시금치랑 열무는 어떻게 해드셨나요~? 텃밭이 갖고싶어서 저도 남편에게 이야기했는데, 제가 식물을 못키우는걸 아는지라... 반대를 해서..ㅎ",
          "summary": "나는 남편도 삭물키우는 걸 반대한다",
          "date": "2022-11-26",
          "time": "00:49:06",
          "terminate": "false"
        },
        {
          "speaker": "speaker1",
          "personaID": "61333",
          "participantID": "3943",
          "utterance": "걍 씨뿌리면 알아서 자라주던데요,,, 어렵지않아요,, 막 뽑아서 열무김차를 못 담갔어요,, 겨울철 야외 레저가 스키말곤 별로없죠? ",
          "summary": " 나는 열무김치를 담그지 못했다.",
          "date": "2022-11-26",
          "time": "00:58:25",
          "terminate": "false"
        },
        {
          "speaker": "speaker2",
          "personaID": "53610",
          "participantID": "4764",
          "utterance": "아무래도 추우니까 눈이랑 관련된것밖에 생각나는게 없네요 ^^ 혹시 겨울스포츠를 즐기시나요~? 저는 젊을때는 스노우보드를 즐겨탔거든요~",
          "summary": "나는 스노보드를 탔었다",
          "date": "2022-11-26",
          "time": "01:00:59",
          "terminate": "false"
        },
        {
          "speaker": "speaker1",
          "personaID": "61333",
          "participantID": "3943",
          "utterance": "스키랑 눈썰매를 탔었는데, 이제 나이드니 그림의 떡이네요",
          "summary": "나는 겨울에 스키와 눈썰매를 탔다. 나는 나이가 드니 활동량이 많은 운동은 못한다.",
          "date": "2022-11-26",
          "time": "01:02:37",
          "terminate": "false"
        },
        {
          "speaker": "speaker2",
          "personaID": "53610",
          "participantID": "4764",
          "utterance": "맞아요~ 혹여나 다칠까봐 겁이 많아지고 체력도 안되고 ..ㅎㅎ 그냥 아이들이 타는거 구경이나 하는 재미로 다녀오곤해요",
          "summary": "나는 나이들 어선 아이들 타는 걸 구경한다",
          "date": "2022-11-26",
          "time": "01:03:37",
          "terminate": "false"
        },
        {
          "speaker": "speaker1",
          "personaID": "61333",
          "participantID": "3943",
          "utterance": "겨울되니 다른 야외활동은 함들어서 산책을 주로해요",
          "summary": "나는 겨울에는 산책을 주로 한다.",
          "date": "2022-11-26",
          "time": "01:05:21",
          "terminate": "false"
        },
        {
          "speaker": "speaker2",
          "personaID": "53610",
          "participantID": "4764",
          "utterance": "산책도 하기전에 꼭 스트레칭하세요 ^^ 겨울에는 몸이 굳으니까요~ 저는 이만 먼저 자러가야겠습니다. 대화는 다음에 또 하도록 해요~",
          "summary": "",
          "date": "2022-11-26",
          "time": "01:05:56",
          "terminate": "true"
        }
      ],
      "sessionPersonaSummary": {
        "speaker1": [
          "나는 코로나 이후 야외 활동을 자제했다. 나는 오늘 강원도를 왔다.",
          "나는 강원도에 텃밭이 있다.",
          "나는 텃밭을 잘 가꾼다.",
          "나는 열무김치를 담그지 못했다.",
          "나는 겨울에 스키와 눈썰매를 탔다. 나는 나이가 드니 활동량이 많은 운동은 못한다.",
          "나는 겨울에는 산책을 주로 한다."
        ],
        "speaker2": [
          "요즘 주로 골프를 친다",
          "나도 강원도에 가고 싶다",
          "나는 식물을 못 키운다",
          "나는 남편도 삭물키우는 걸 반대한다",
          "나는 스노보드를 탔었다",
          "나는 나이들 어선 아이들 타는 걸 구경한다"
        ]
      },
      "prevAggregatedpersonaSummary": {
        "speaker1": [
          "나는 60대 여성이다.",
          "나는 매일이 평온하다.",
          "나는 영화를 좋아한다. 나는 코미디 영화를 싫어한다.",
          "나는 운동을 좋아한다.",
          "나는 사무직이다. 나는 키위를 즐겨먹는다.",
          "나는 자전거 타는 것을 좋아한다. 나는 혼자 산책도 즐긴다."
        ],
        "speaker2": [
          "나는 50대 여성입니다",
          "나는 요즘 항상 행복하다",
          "나는 홈트레이닝을 가끔 한다",
          "나는 보석 세공사로 일하고 있다",
          "나는 밴드 동호회에 관심이 있다",
          "예전에는 자전거를 타고 다녔다",
          "운동은 즐기면서 하는 게 좋다"
        ]
      }
    },
    {
      "prevSessionID": "3-00134-2",
      "prevTimeInfo": {
        "timeNum": "8",
        "timeUnit": "시간"
      },
      "nthSession": "3",
      "numberOfUtterances": "14",
      "numberOfTurns": "7",
      "sessionID": "3-00134-3",
      "dialog": [
        {
          "speaker": "speaker1",
          "personaID": "61333",
          "participantID": "3943",
          "utterance": "벌써 8시간이 지났네요,, 바쁘셨나요? ",
          "summary": "",
          "date": "2022-11-26",
          "time": "13:03:28",
          "terminate": "false"
        },
        {
          "speaker": "speaker2",
          "personaID": "53610",
          "participantID": "4764",
          "utterance": "오늘 산책을 가려고 나왔다가, 바람이 너무 서늘해서 그냥 들어왔어요 ^^ 오늘 하루 잘 보내셨나요?",
          "summary": "나는 오늘 산책 나갔다 추워서 그냥 들어왔다",
          "date": "2022-11-26",
          "time": "18:49:20",
          "terminate": "false"
        },
        {
          "speaker": "speaker1",
          "personaID": "61333",
          "participantID": "3943",
          "utterance": "전 강원도서 야외활동했는데 바람 많이 불더라구요",
          "summary": "나는 강원도에서 야외활동을 한다.",
          "date": "2022-11-26",
          "time": "19:04:13",
          "terminate": "false"
        },
        {
          "speaker": "speaker2",
          "personaID": "53610",
          "participantID": "4764",
          "utterance": "맞아요~  낙엽이 날아다녀서 눈도 제대로 못뜨겠더라구요~ 강원도는 더 추웠을텐데, 감기조심하셔야겠어요",
          "summary": "나는 야외활동 시 감기 조심해야겠다",
          "date": "2022-11-26",
          "time": "19:25:06",
          "terminate": "false"
        },
        {
          "speaker": "speaker1",
          "personaID": "61333",
          "participantID": "3943",
          "utterance": "아뇨,, 요즘 강원도도 안추워요,, 바람만 좀 많이 불었어요",
          "summary": "나는 강원도가 요즘 별로 춥지 않다.",
          "date": "2022-11-26",
          "time": "19:57:00",
          "terminate": "false"
        },
        {
          "speaker": "speaker2",
          "personaID": "53610",
          "participantID": "4764",
          "utterance": "아 그래요?? 원래 강원도가  추운데~ 올 겨울은 정말 안추우려나...?  강원도에 스키장 많잖아요 ^^ 눈 구경하러 가보고싶네요",
          "summary": "나는 강원도에 가고 싶다",
          "date": "2022-11-26",
          "time": "20:18:35",
          "terminate": "false"
        },
        {
          "speaker": "speaker1",
          "personaID": "61333",
          "participantID": "3943",
          "utterance": "아 전 세컨하우스가 있어요,, 야외활동 하기에도 딱좋아서 자주와요",
          "summary": "나는 강원도에 세컨드 하우스가 있다.",
          "date": "2022-11-26",
          "time": "20:23:27",
          "terminate": "false"
        },
        {
          "speaker": "speaker2",
          "personaID": "53610",
          "participantID": "4764",
          "utterance": "부럽네요~ ^^ 도시랑 한적한 도시외 지역을 오가면서 스트레스도 해소되고 저도 옛날 어른들이 쓰시던 비워져있는 집이  몇채 있긴한데, 리모델링하는 비용이 너무 많이들어 그냥 두고있네요",
          "summary": "나는 예전 집 리모델링하고 싶다",
          "date": "2022-11-27",
          "time": "11:35:10",
          "terminate": "false"
        },
        {
          "speaker": "speaker1",
          "personaID": "61333",
          "participantID": "3943",
          "utterance": "리모델링 알아보심 생각보다 저렴한곳 많아요",
          "summary": "나는 리모델링에 관해서 많이 알아보는 것이 좋다고 생각한다.",
          "date": "2022-11-27",
          "time": "11:45:37",
          "terminate": "false"
        },
        {
          "speaker": "speaker2",
          "personaID": "53610",
          "participantID": "4764",
          "utterance": "워낙 옛날집이라... 제가 알아보지도않고 괜히 걱정하는거같네요 ^^ 축사도있고한데, 저도 거기 깔끔해지면 바베큐도 하고~ 텃밭도 가꾸고싶고~ 이것저것 해보고싶네요~",
          "summary": "나는 야외버베큐와 텃밭을 가꾸고 싶다",
          "date": "2022-11-27",
          "time": "13:14:33",
          "terminate": "false"
        },
        {
          "speaker": "speaker1",
          "personaID": "61333",
          "participantID": "3943",
          "utterance": "리모델링하면 너무 좋을것같네요,, 야외활동 따로 안하셔도되구요",
          "summary": "",
          "date": "2022-11-27",
          "time": "19:57:25",
          "terminate": "false"
        },
        {
          "speaker": "speaker2",
          "personaID": "53610",
          "participantID": "4764",
          "utterance": "근처가 다~ 시골이라서 누가와도 힐링하고갈수있고 한데, 돈이 아쉽네요 ^^ 겨울에는 텃밭이 쉬겠네요~?",
          "summary": "나는 힐랑 하고 싶은데 돈이 문제다",
          "date": "2022-11-28",
          "time": "16:06:37",
          "terminate": "false"
        },
        {
          "speaker": "speaker1",
          "personaID": "61333",
          "participantID": "3943",
          "utterance": "네,, 땅이 곧 얼거같아요,, 실외야외할동은 자제해야할거같아요",
          "summary": "나는 겨울에는 텃밭을 가꾸지 않는다. 나는 겨울에는 실외 야외활동을 자제한다.",
          "date": "2022-11-28",
          "time": "17:13:08",
          "terminate": "false"
        },
        {
          "speaker": "speaker2",
          "personaID": "53610",
          "participantID": "4764",
          "utterance": "저는 내년 따뜻해지면 베란다에서 상추나 한번 키워봐야겠어요 ^^ 저는 일찌감치 장보러 먼저 나와서요~ 다음에 또 대화 나눠요~ 대화 즐거웠습니다",
          "summary": "나는 내년 따뜻해지면 텃밭을 가꿀 예정이다",
          "date": "2022-11-28",
          "time": "17:16:22",
          "terminate": "true"
        }
      ],
      "sessionPersonaSummary": {
        "speaker1": [
          "나는 강원도에서 야외활동을 한다.",
          "나는 강원도가 요즘 별로 춥지 않다.",
          "나는 강원도에 세컨드 하우스가 있다.",
          "나는 리모델링에 관해서 많이 알아보는 것이 좋다고 생각한다.",
          "나는 겨울에는 텃밭을 가꾸지 않는다. 나는 겨울에는 실외 야외활동을 자제한다."
        ],
        "speaker2": [
          "나는 오늘 산책 나갔다 추워서 그냥 들어왔다",
          "나는 야외활동 시 감기 조심해야겠다",
          "나는 강원도에 가고 싶다",
          "나는 예전 집 리모델링하고 싶다",
          "나는 야외버베큐와 텃밭을 가꾸고 싶다",
          "나는 힐랑 하고 싶은데 돈이 문제다",
          "나는 내년 따뜻해지면 텃밭을 가꿀 예정이다"
        ]
      },
      "prevAggregatedpersonaSummary": {
        "speaker1": [
          "나는 60대 여성이다.",
          "나는 매일이 평온하다.",
          "나는 영화를 좋아한다. 나는 코미디 영화를 싫어한다.",
          "나는 운동을 좋아한다.",
          "나는 사무직이다. 나는 키위를 즐겨먹는다.",
          "나는 자전거 타는 것을 좋아한다. 나는 혼자 산책도 즐긴다.",
          "나는 코로나 이후 야외 활동을 자제했다. 나는 오늘 강원도를 왔다.",
          "나는 강원도에 텃밭이 있다.",
          "나는 텃밭을 잘 가꾼다.",
          "나는 열무김치를 담그지 못했다.",
          "나는 겨울에 스키와 눈썰매를 탔다. 나는 나이가 드니 활동량이 많은 운동은 못한다.",
          "나는 겨울에는 산책을 주로 한다."
        ],
        "speaker2": [
          "나는 50대 여성입니다",
          "나는 요즘 항상 행복하다",
          "나는 홈트레이닝을 가끔 한다",
          "나는 보석 세공사로 일하고 있다",
          "나는 밴드 동호회에 관심이 있다",
          "예전에는 자전거를 타고 다녔다",
          "운동은 즐기면서 하는 게 좋다",
          "요즘 주로 골프를 친다",
          "나도 강원도에 가고 싶다",
          "나는 식물을 못 키운다",
          "나는 남편도 삭물키우는 걸 반대한다",
          "나는 스노보드를 탔었다",
          "나는 나이들 어선 아이들 타는 걸 구경한다"
        ]
      }
    }
  ]
}