{
  "FileInfo": {
    "filename": "K3-00602-CL20673-CP32509-03-06-S3.json",
    "sessionLevel": "3"
  },
  "participantsInfo": {
    "numberOfParticipants": "2",
    "speaker1": {
      "participantID": "3081",
      "gender": "남성",
      "age": "30대",
      "occupation": "무직",
      "bPlace": "서울/경기/인천",
      "gPlace": "서울/경기/인천",
      "rPlace": "서울/경기/인천",
      "educationLevel": "대졸"
    },
    "speaker2": {
      "participantID": "3355",
      "gender": "여성",
      "age": "30대",
      "occupation": "전문직",
      "bPlace": "서울/경기/인천",
      "gPlace": "서울/경기/인천",
      "rPlace": "서울/경기/인천",
      "educationLevel": "대졸"
    }
  },
  "multisessionInfo": {
    "multisessionID": "3-00602"
  },
  "personaInfo": {
    "clInfo": {
      "personaID": "20673",
      "personaFeatures": [
        "나는 남자이다.",
        "나는 20대이다.",
        "나의 거주지는 부산이다",
        "나는 영화부 동아리에 관심이 없다",
        "나는 바이올린 연주를 배우고 싶다"
      ],
      "speakerType": "speaker1"
    },
    "cpInfo": {
      "personaID": "32509",
      "personaFeatures": [
        "나는 여자이다.",
        "나는 30대이다.",
        "나는 치위생사이다",
        "나는 작은 일에도 기쁘다",
        "나는 검정색을 싫어한다"
      ],
      "speakerType": "speaker2"
    }
  },
  "topicInfo": {
    "topicID": "03-06",
    "topicType": "교통",
    "topicTitle": "비행기"
  },
  "sessionInfo": [
    {
      "prevSessionID": null,
      "prevTimeInfo": {
        "timeNum": null,
        "timeUnit": null
      },
      "nthSession": "1",
      "numberOfUtterances": "14",
      "numberOfTurns": "7",
      "sessionID": "3-00602-1",
      "dialog": [
        {
          "speaker": "speaker1",
          "personaID": "20673",
          "participantID": "3081",
          "utterance": "안녕하세요 저는 20대 남성입니다",
          "summary": "나는 20대 남성이다",
          "date": "2022-10-09",
          "time": "13:19:41",
          "terminate": "false"
        },
        {
          "speaker": "speaker2",
          "personaID": "32509",
          "participantID": "3355",
          "utterance": "안녕하세요 저는 30대 여자입니다~",
          "summary": "나는 30대 여자이다",
          "date": "2022-10-09",
          "time": "13:43:13",
          "terminate": "false"
        },
        {
          "speaker": "speaker1",
          "personaID": "20673",
          "participantID": "3081",
          "utterance": "반가워요 저는 부산에 사는 남자입니다~ 어디사세요 ?",
          "summary": "나의 거주지는 부산이다. \n",
          "date": "2022-10-09",
          "time": "13:46:17",
          "terminate": "false"
        },
        {
          "speaker": "speaker2",
          "personaID": "32509",
          "participantID": "3355",
          "utterance": "저는 서울에서 치위생사 일을 하고 있어요 ^^",
          "summary": "나의 거주지는 서울이다. 나는 치위생사이다. \n",
          "date": "2022-10-09",
          "time": "14:14:51",
          "terminate": "false"
        },
        {
          "speaker": "speaker1",
          "personaID": "20673",
          "participantID": "3081",
          "utterance": "서울여자시구나! 치위생사 멋진 직업이네요 저는 대학생이에요 평소 영화보는걸 좋아하는데 영화부 동아리에는 관심이 없어요 아이러니하죠 ㅎㅎ",
          "summary": "나는 대학생이다. 나는 영화 보는 것을 좋아한다. 나는 영화부 동아리에 관심 없다. \n",
          "date": "2022-10-09",
          "time": "16:31:59",
          "terminate": "false"
        },
        {
          "speaker": "speaker2",
          "personaID": "32509",
          "participantID": "3355",
          "utterance": "사람이 모이는 걸 별로 안좋아 하시는건가? 저는 평소 쇼핑하는 것을 좋아하는데요 이상하게 검정색은 싫어해서 집에 검정색 옷이 하나도 없어요",
          "summary": "나는 쇼핑을 좋아한다 .\n나는 검정색을 싫어한다 .",
          "date": "2022-10-09",
          "time": "16:35:21",
          "terminate": "false"
        },
        {
          "speaker": "speaker1",
          "personaID": "20673",
          "participantID": "3081",
          "utterance": "앗 저는 검정 멋지던데 ^^ 그러실수있죠. 그런거 같아요 아무래도 혼자지내는걸 좋아하는거 같아요 그래서 최근엔 바이올린 연주를 배우고 싶은 생각이 들었어요 ",
          "summary": "나는 바이올린 연주를 배우고 싶다. \n",
          "date": "2022-10-09",
          "time": "16:37:09",
          "terminate": "false"
        },
        {
          "speaker": "speaker2",
          "personaID": "32509",
          "participantID": "3355",
          "utterance": "어머 바이올린 연주라니 진짜 멋진 계획이시네요! 저는 작은 일에도 이렇게 너무 기뻐요 ^^*",
          "summary": "나는 작은 일에도 기쁘다.",
          "date": "2022-10-09",
          "time": "16:37:54",
          "terminate": "false"
        },
        {
          "speaker": "speaker1",
          "personaID": "20673",
          "participantID": "3081",
          "utterance": "감사합니다 ! 소박하게 늘 행복을 느끼시는분이신거 같아요 멋진 마인드를 가지고 계시네요 ^^ ",
          "summary": "",
          "date": "2022-10-09",
          "time": "16:38:56",
          "terminate": "false"
        },
        {
          "speaker": "speaker2",
          "personaID": "32509",
          "participantID": "3355",
          "utterance": "칭찬 너무 감사합니다 ^^ 좋은 분을 만나서 기뻐요",
          "summary": "",
          "date": "2022-10-09",
          "time": "16:44:07",
          "terminate": "false"
        },
        {
          "speaker": "speaker1",
          "personaID": "20673",
          "participantID": "3081",
          "utterance": "아닙니다 ^^ 제가 더 감사하죠~~ 요새 날이 추워졌어요 ! ",
          "summary": "",
          "date": "2022-10-09",
          "time": "16:45:06",
          "terminate": "false"
        },
        {
          "speaker": "speaker2",
          "personaID": "32509",
          "participantID": "3355",
          "utterance": "그러게요 가을옷이라도 사러 가야겠어요 검정색 빼고 사야겠어요",
          "summary": "나는 가을 옷을 사러 갈 것이다 나는 검은색이 싫다",
          "date": "2022-10-09",
          "time": "16:49:56",
          "terminate": "false"
        },
        {
          "speaker": "speaker1",
          "personaID": "20673",
          "participantID": "3081",
          "utterance": "검정옷을 정말 안좋아하시나봐요 ! 다른 예쁜색깔 옷들도 많으니 검정은 불필요 할수있죠 !^^",
          "summary": "",
          "date": "2022-10-09",
          "time": "16:53:45",
          "terminate": "false"
        },
        {
          "speaker": "speaker2",
          "personaID": "32509",
          "participantID": "3355",
          "utterance": "맞아요~ 정말 잘 아시네요 전 그러면 쇼핑하러 먼저 가볼게요",
          "summary": "",
          "date": "2022-10-09",
          "time": "16:55:31",
          "terminate": "true"
        }
      ],
      "sessionPersonaSummary": {
        "speaker1": [
          "나는 20대 남성이다",
          "나의 거주지는 부산이다. \n",
          "나는 대학생이다. 나는 영화 보는 것을 좋아한다. 나는 영화부 동아리에 관심 없다. \n",
          "나는 바이올린 연주를 배우고 싶다. \n"
        ],
        "speaker2": [
          "나는 30대 여자이다",
          "나의 거주지는 서울이다. 나는 치위생사이다. \n",
          "나는 쇼핑을 좋아한다 .\n나는 검정색을 싫어한다 .",
          "나는 작은 일에도 기쁘다.",
          "나는 가을 옷을 사러 갈 것이다 나는 검은색이 싫다"
        ]
      },
      "prevAggregatedpersonaSummary": {
        "speaker1": [],
        "speaker2": []
      }
    },
    {
      "prevSessionID": "3-00602-1",
      "prevTimeInfo": {
        "timeNum": "8",
        "timeUnit": "일"
      },
      "nthSession": "2",
      "numberOfUtterances": "15",
      "numberOfTurns": "7",
      "sessionID": "3-00602-2",
      "dialog": [
        {
          "speaker": "speaker1",
          "personaID": "20673",
          "participantID": "3081",
          "utterance": "8일만인가요? 시간 참 빠르네요 지난번 쇼핑은 잘 다녀오셧어요 ?",
          "summary": "",
          "date": "2022-10-09",
          "time": "17:01:32",
          "terminate": "false"
        },
        {
          "speaker": "speaker2",
          "personaID": "32509",
          "participantID": "3355",
          "utterance": "네 엄청 쇼핑했어요~~~ 제주도에 놀러갈거거든요~~~ 벌써 일주일 넘게 시간이 흘렀다니 너무 신기해요",
          "summary": "나는 제주도에 갈 것이다",
          "date": "2022-10-09",
          "time": "17:06:36",
          "terminate": "false"
        },
        {
          "speaker": "speaker1",
          "personaID": "20673",
          "participantID": "3081",
          "utterance": "와~~ 너무 부러운데요 제주도 너무 좋죠 비행기타고 가시겠어요 !",
          "summary": "",
          "date": "2022-10-09",
          "time": "17:07:44",
          "terminate": "false"
        },
        {
          "speaker": "speaker2",
          "personaID": "32509",
          "participantID": "3355",
          "utterance": "네 이번에 마일리지 모은걸 써서 공짜로 타고 가요 ^^",
          "summary": "나는 마일리지를 이용해 무료로 비행기를 탄다",
          "date": "2022-10-09",
          "time": "17:10:08",
          "terminate": "false"
        },
        {
          "speaker": "speaker1",
          "personaID": "20673",
          "participantID": "3081",
          "utterance": "마일리지로 타면 기분이 더 좋죠 ! 저도 비행기 정말 좋아해요 그래서  부산에 있는 김해공항 자주 놀러가요 ",
          "summary": "나는 비행기를 좋아하고 김해공항에 자주 놀러 간다",
          "date": "2022-10-09",
          "time": "17:10:50",
          "terminate": "false"
        },
        {
          "speaker": "speaker2",
          "personaID": "32509",
          "participantID": "3355",
          "utterance": "우와 자주 놀러가시는구나 너무 부러워요 전 어렸을 때 비행기는 평생 한 두번이나 타겠지 생각했었어요",
          "summary": "",
          "date": "2022-10-09",
          "time": "17:17:03",
          "terminate": "false"
        },
        {
          "speaker": "speaker1",
          "personaID": "20673",
          "participantID": "3081",
          "utterance": "저도 어릴때 그랬어요! 요새는 비행기나 해외여행 접근성이 너무 좋아져서다행이에요 ! 좋아하는 비행기 실컷 보고 탈수있어서 너무좋아요 ",
          "summary": "나는 비행기를 좋아한다. \n",
          "date": "2022-10-09",
          "time": "17:19:28",
          "terminate": "false"
        },
        {
          "speaker": "speaker2",
          "personaID": "32509",
          "participantID": "3355",
          "utterance": "맞아요~ 특히 비행기 타러 갈때 카페트 걸을 때와 비행기 통로 지나갈때가 제일 설레고 행복한 순간이에요",
          "summary": "나는 비행기를 타러 갈 때가 설레고 행복하다",
          "date": "2022-10-09",
          "time": "17:23:29",
          "terminate": "false"
        },
        {
          "speaker": "speaker1",
          "personaID": "20673",
          "participantID": "3081",
          "utterance": "와 역시 뭔가 아시는 분이군요! 저는 비행기타고 부산하늘 날아갈때 바다를 보면 너무 행복함을 느껴요 ",
          "summary": "",
          "date": "2022-10-09",
          "time": "17:24:01",
          "terminate": "false"
        },
        {
          "speaker": "speaker2",
          "personaID": "32509",
          "participantID": "3355",
          "utterance": "근데 비행기 탈때 방사선에 노출된대요 ",
          "summary": "나는 방사선 노출이 걱정된다",
          "date": "2022-10-09",
          "time": "17:30:12",
          "terminate": "false"
        },
        {
          "speaker": "speaker1",
          "personaID": "20673",
          "participantID": "3081",
          "utterance": "아 맞아요 근데 아마 국내선은 크게 상관없는걸로 알아요! 극지방 지역 지나갈때가 문제되는거 같더라구요",
          "summary": "",
          "date": "2022-10-09",
          "time": "17:30:56",
          "terminate": "false"
        },
        {
          "speaker": "speaker2",
          "personaID": "32509",
          "participantID": "3355",
          "utterance": "아 진짜요? 방사능인간되나 엄청 걱정했는데 진짜 별걱정을 다했네요",
          "summary": "",
          "date": "2022-10-09",
          "time": "17:33:57",
          "terminate": "false"
        },
        {
          "speaker": "speaker1",
          "personaID": "20673",
          "participantID": "3081",
          "utterance": "방사능인간이라 ㅎㅎㅎ말씀을 재밌게 잘하시네요 너무걱정 안하셔도 될것 같네요 ^^",
          "summary": "",
          "date": "2022-10-09",
          "time": "17:35:48",
          "terminate": "false"
        },
        {
          "speaker": "speaker2",
          "personaID": "32509",
          "participantID": "3355",
          "utterance": "칭찬해주셔서 감사합니다 ^^* 저는 이제 비행기 탈 때 입을 옷 사러 가야겠어요",
          "summary": "나는 옷을 사러 갈 것이다",
          "date": "2022-10-09",
          "time": "17:38:41",
          "terminate": "false"
        },
        {
          "speaker": "speaker1",
          "personaID": "20673",
          "participantID": "3081",
          "utterance": "네 다음에 또대화해요! 즐거웠습니다",
          "summary": "",
          "date": "2022-10-09",
          "time": "17:40:25",
          "terminate": "true"
        }
      ],
      "sessionPersonaSummary": {
        "speaker1": [
          "나는 비행기를 좋아하고 김해공항에 자주 놀러 간다",
          "나는 비행기를 좋아한다. \n"
        ],
        "speaker2": [
          "나는 제주도에 갈 것이다",
          "나는 마일리지를 이용해 무료로 비행기를 탄다",
          "나는 비행기를 타러 갈 때가 설레고 행복하다",
          "나는 방사선 노출이 걱정된다",
          "나는 옷을 사러 갈 것이다"
        ]
      },
      "prevAggregatedpersonaSummary": {
        "speaker1": [
          "나는 20대 남성이다",
          "나의 거주지는 부산이다. \n",
          "나는 대학생이다. 나는 영화 보는 것을 좋아한다. 나는 영화부 동아리에 관심 없다. \n",
          "나는 바이올린 연주를 배우고 싶다. \n"
        ],
        "speaker2": [
          "나는 30대 여자이다",
          "나의 거주지는 서울이다. 나는 치위생사이다. \n",
          "나는 쇼핑을 좋아한다 .\n나는 검정색을 싫어한다 .",
          "나는 작은 일에도 기쁘다.",
          "나는 가을 옷을 사러 갈 것이다 나는 검은색이 싫다"
        ]
      }
    },
    {
      "prevSessionID": "3-00602-2",
      "prevTimeInfo": {
        "timeNum": "4",
        "timeUnit": "시간"
      },
      "nthSession": "3",
      "numberOfUtterances": "15",
      "numberOfTurns": "7",
      "sessionID": "3-00602-3",
      "dialog": [
        {
          "speaker": "speaker1",
          "personaID": "20673",
          "participantID": "3081",
          "utterance": "벌써 하루가 다 가고있네요4시간 참 빠르네요 ~ 쇼핑은 잘 다녀오셧어요 ?",
          "summary": "",
          "date": "2022-10-09",
          "time": "17:43:19",
          "terminate": "false"
        },
        {
          "speaker": "speaker2",
          "personaID": "32509",
          "participantID": "3355",
          "utterance": "아뇨 아직 쇼핑중이에요! 아닛 벌써 4시간이 지났네요",
          "summary": "나는 쇼핑 중이다. \n",
          "date": "2022-10-09",
          "time": "17:43:53",
          "terminate": "false"
        },
        {
          "speaker": "speaker1",
          "personaID": "20673",
          "participantID": "3081",
          "utterance": "그러게요 시간이 참 빨라요 ! 여행 준비물을 챙기는 일은 귀찮긴 하나 설레는 일이기도 하죠 ^^",
          "summary": "",
          "date": "2022-10-09",
          "time": "17:45:07",
          "terminate": "false"
        },
        {
          "speaker": "speaker2",
          "personaID": "32509",
          "participantID": "3355",
          "utterance": "맞아요~ 근데 비행기 표가 너무 비싸서 속상해요 쇼핑할 돈이 없네요 ",
          "summary": "나는 비행기 값이 너무 올라 속상하다",
          "date": "2022-10-09",
          "time": "17:53:50",
          "terminate": "false"
        },
        {
          "speaker": "speaker1",
          "personaID": "20673",
          "participantID": "3081",
          "utterance": "맞아요 여행수요가 많아지면서 값이 많이 올랐어요 부산에서 서울가는것도 비싸더라구요",
          "summary": "",
          "date": "2022-10-09",
          "time": "17:56:21",
          "terminate": "false"
        },
        {
          "speaker": "speaker2",
          "personaID": "32509",
          "participantID": "3355",
          "utterance": "맞아요~ 그래서 원래 제주도 가려고했는데 코타키나발루로 다시 예약했어요 비행기 표가 20만원 밖에 차이가 안나더라구요",
          "summary": "나는 코타키나발루로 여행을 갈 것이다",
          "date": "2022-10-09",
          "time": "17:59:43",
          "terminate": "false"
        },
        {
          "speaker": "speaker1",
          "personaID": "20673",
          "participantID": "3081",
          "utterance": "와 그럼 해외로 나가시는게 좋죠! 잘 선택하셨네요 국내는 언제든 갈수있으니까요 변수가 많은걸 우선적으로 하는게 좋죠 ^^",
          "summary": "나는 변수가 많은 걸 우선적으로 하는 게 좋다고 생각한다",
          "date": "2022-10-09",
          "time": "18:01:28",
          "terminate": "false"
        },
        {
          "speaker": "speaker2",
          "personaID": "32509",
          "participantID": "3355",
          "utterance": "맞아요 비행기 표값은 올랐는데 승무원들은 아직도 월급을 이전과 비교했을 때 70프로 정도 받는다는게 이해가 안돼요",
          "summary": "나는 승무원들이 처우개선이 되었으면 한다",
          "date": "2022-10-09",
          "time": "18:07:19",
          "terminate": "false"
        },
        {
          "speaker": "speaker1",
          "personaID": "20673",
          "participantID": "3081",
          "utterance": "아 그런가요 ? 조종사랑은 체계가 아무래도 많이 다른가보네요..",
          "summary": "",
          "date": "2022-10-09",
          "time": "18:10:53",
          "terminate": "false"
        },
        {
          "speaker": "speaker2",
          "personaID": "32509",
          "participantID": "3355",
          "utterance": "거기까지는 제가 잘 모르겠어요 ",
          "summary": "",
          "date": "2022-10-09",
          "time": "18:13:39",
          "terminate": "false"
        },
        {
          "speaker": "speaker1",
          "personaID": "20673",
          "participantID": "3081",
          "utterance": "아 그쵸 그쪽은 아무래도 전문직종이라 관련분들 아니면 알기 힘든거같아요 같은 승무원인데 처우가 좀 나아졌으면 좋겠네요 ",
          "summary": "나는 승무원 처우가 나아졌으면 좋겠다",
          "date": "2022-10-09",
          "time": "18:14:56",
          "terminate": "false"
        },
        {
          "speaker": "speaker2",
          "personaID": "32509",
          "participantID": "3355",
          "utterance": "저도 정말 그렇게 생각해요 그리고 비행기 물탱크가 아주 더럽다는 사실을 알게되었어요",
          "summary": "",
          "date": "2022-10-09",
          "time": "18:56:44",
          "terminate": "false"
        },
        {
          "speaker": "speaker1",
          "personaID": "20673",
          "participantID": "3081",
          "utterance": "비행기 물탱그가 그렇게 더럽나요 ? 처음 알게된 사실이네요!",
          "summary": "",
          "date": "2022-10-09",
          "time": "18:57:36",
          "terminate": "false"
        },
        {
          "speaker": "speaker2",
          "personaID": "32509",
          "participantID": "3355",
          "utterance": "지금 친구 만나서 얘기하다 보니깐 물탱크 청소를 안한..다고 하네요? 그냥 물을 계속 채운다구..그걸로 라면도 끓이고 커피도 끓이구",
          "summary": "",
          "date": "2022-10-09",
          "time": "19:00:46",
          "terminate": "false"
        },
        {
          "speaker": "speaker1",
          "personaID": "20673",
          "participantID": "3081",
          "utterance": "아.. 이런 비행기에서 물마시는건 다시 생각해봐야겠네요.. 저는 이만 저녁먹으러 가볼게요! 다음에 또 대화 나눠요!",
          "summary": "",
          "date": "2022-10-09",
          "time": "19:01:53",
          "terminate": "true"
        }
      ],
      "sessionPersonaSummary": {
        "speaker1": [
          "나는 변수가 많은 걸 우선적으로 하는 게 좋다고 생각한다",
          "나는 승무원 처우가 나아졌으면 좋겠다"
        ],
        "speaker2": [
          "나는 쇼핑 중이다. \n",
          "나는 비행기 값이 너무 올라 속상하다",
          "나는 코타키나발루로 여행을 갈 것이다",
          "나는 승무원들이 처우개선이 되었으면 한다"
        ]
      },
      "prevAggregatedpersonaSummary": {
        "speaker1": [
          "나는 20대 남성이다",
          "나의 거주지는 부산이다. \n",
          "나는 대학생이다. 나는 영화 보는 것을 좋아한다. 나는 영화부 동아리에 관심 없다. \n",
          "나는 바이올린 연주를 배우고 싶다. \n",
          "나는 비행기를 좋아하고 김해공항에 자주 놀러 간다",
          "나는 비행기를 좋아한다. \n"
        ],
        "speaker2": [
          "나는 30대 여자이다",
          "나의 거주지는 서울이다. 나는 치위생사이다. \n",
          "나는 쇼핑을 좋아한다 .\n나는 검정색을 싫어한다 .",
          "나는 작은 일에도 기쁘다.",
          "나는 가을 옷을 사러 갈 것이다 나는 검은색이 싫다",
          "나는 제주도에 갈 것이다",
          "나는 마일리지를 이용해 무료로 비행기를 탄다",
          "나는 비행기를 타러 갈 때가 설레고 행복하다",
          "나는 방사선 노출이 걱정된다",
          "나는 옷을 사러 갈 것이다"
        ]
      }
    }
  ]
}