{
  "FileInfo": {
    "filename": "K3-00510-CL05077-CP04538-02-07-S3.json",
    "sessionLevel": "3"
  },
  "participantsInfo": {
    "numberOfParticipants": "2",
    "speaker1": {
      "participantID": "0125",
      "gender": "여성",
      "age": "50대",
      "occupation": "자영업",
      "bPlace": "부산/대구/울산/경상",
      "gPlace": "부산/대구/울산/경상",
      "rPlace": "부산/대구/울산/경상",
      "educationLevel": "대졸"
    },
    "speaker2": {
      "participantID": "0427",
      "gender": "남성",
      "age": "50대",
      "occupation": "사무직",
      "bPlace": "대전/세종/충청/강원",
      "gPlace": "대전/세종/충청/강원",
      "rPlace": "대전/세종/충청/강원",
      "educationLevel": "고졸"
    }
  },
  "multisessionInfo": {
    "multisessionID": "3-00510"
  },
  "personaInfo": {
    "clInfo": {
      "personaID": "05077",
      "personaFeatures": [
        "나는 여자이다.",
        "나는 50대이다.",
        "나의 거주지는 충청도이다.",
        "나는 소주를 최근에 끊었다.",
        "나는 헬스를 가끔 한다."
      ],
      "speakerType": "speaker1"
    },
    "cpInfo": {
      "personaID": "04538",
      "personaFeatures": [
        "나는 남자이다.",
        "나는 50대이다.",
        "나의 거주지는 서울이다.",
        "나는 일본어에 관심 없다.",
        "나는 심리상담 전문가이다."
      ],
      "speakerType": "speaker2"
    }
  },
  "topicInfo": {
    "topicID": "02-07",
    "topicType": "주거와 생활",
    "topicTitle": "층간소음"
  },
  "sessionInfo": [
    {
      "prevSessionID": null,
      "prevTimeInfo": {
        "timeNum": null,
        "timeUnit": null
      },
      "nthSession": "1",
      "numberOfUtterances": "14",
      "numberOfTurns": "7",
      "sessionID": "3-00510-1",
      "dialog": [
        {
          "speaker": "speaker1",
          "personaID": "05077",
          "participantID": "0125",
          "utterance": "안녕하세요. 반갑습니다. 저는 50대 여자입니다. 저는 충청도에 거주하고 있어요.",
          "summary": "나의 거주지는 충청도이다. 나는 50대 여자이다.",
          "date": "2022-09-24",
          "time": "21:21:55",
          "terminate": "false"
        },
        {
          "speaker": "speaker2",
          "personaID": "04538",
          "participantID": "0427",
          "utterance": "안녕하세요. 저는 서울 살아요. 50대 남자입니다. 반갑습니다.",
          "summary": "나의 거주지는 서울이다. 나는 50대 남자이다.",
          "date": "2022-09-24",
          "time": "21:22:34",
          "terminate": "false"
        },
        {
          "speaker": "speaker1",
          "personaID": "05077",
          "participantID": "0125",
          "utterance": "저는 요즘에 소주를 끊고 헬스를 시작했어요. 가끔이긴 하지만 건강에 도움이 되는 것 같네요.",
          "summary": "나는 소주를 최근에 끊었다. 나는 헬스를 가끔 한다.",
          "date": "2022-09-24",
          "time": "21:23:59",
          "terminate": "false"
        },
        {
          "speaker": "speaker2",
          "personaID": "04538",
          "participantID": "0427",
          "utterance": "그러셨구나. 운동 참 좋죠. 저는 어려서부터 운동은 꾸준히 해왔어요.",
          "summary": "나는 젊었을 적부터 운동을 꾸준히 해왔다.",
          "date": "2022-09-24",
          "time": "21:24:24",
          "terminate": "false"
        },
        {
          "speaker": "speaker1",
          "personaID": "05077",
          "participantID": "0125",
          "utterance": "와, 운동 열심히 하시는구나. 혹시 직업이 어떻게 되세요?",
          "summary": "",
          "date": "2022-09-24",
          "time": "21:24:58",
          "terminate": "false"
        },
        {
          "speaker": "speaker2",
          "personaID": "04538",
          "participantID": "0427",
          "utterance": "저는 심리상담 전문가예요. 일반 사무직 다니다가 공부해서 진로가 바뀌었어요.",
          "summary": "나는 심리상담 전문가이다.",
          "date": "2022-09-24",
          "time": "21:25:23",
          "terminate": "false"
        },
        {
          "speaker": "speaker1",
          "personaID": "05077",
          "participantID": "0125",
          "utterance": "대단하세요. 정말. 자기개발에 투자를 많이 하시는 것 같네요. 혹시 또 공부하는 거 있으세요?",
          "summary": "",
          "date": "2022-09-24",
          "time": "21:25:49",
          "terminate": "false"
        },
        {
          "speaker": "speaker2",
          "personaID": "04538",
          "participantID": "0427",
          "utterance": "최근에는 영어를 공부하고 있어요. 사실 제3외국어도 같이 공부하려는데, 고르기가 어렵네요.",
          "summary": "",
          "date": "2022-09-24",
          "time": "21:26:38",
          "terminate": "false"
        },
        {
          "speaker": "speaker1",
          "personaID": "05077",
          "participantID": "0125",
          "utterance": "일본어는 어떠세요? 일본어도 잘하면 메리트가 커요.",
          "summary": "",
          "date": "2022-09-24",
          "time": "21:26:49",
          "terminate": "false"
        },
        {
          "speaker": "speaker2",
          "personaID": "04538",
          "participantID": "0427",
          "utterance": "아, 제가 또 일본어에는 관심이 없어요. 한자가 많아서ㅜ.",
          "summary": "나는 일본어에 관심이 없다.",
          "date": "2022-09-24",
          "time": "21:27:01",
          "terminate": "false"
        },
        {
          "speaker": "speaker1",
          "personaID": "05077",
          "participantID": "0125",
          "utterance": "그러셨구나.. 결혼은 하셨어요?",
          "summary": "",
          "date": "2022-09-24",
          "time": "21:27:17",
          "terminate": "false"
        },
        {
          "speaker": "speaker2",
          "personaID": "04538",
          "participantID": "0427",
          "utterance": "아뇨, 저는 미혼이에요. 혼자 사니 조금 적적하네요.",
          "summary": "나는 결혼하지 않았다.",
          "date": "2022-09-24",
          "time": "21:27:30",
          "terminate": "false"
        },
        {
          "speaker": "speaker1",
          "personaID": "05077",
          "participantID": "0125",
          "utterance": "맞아요. 혼자 살면 그런게 좀 있죠. 저도 미혼이에요 ㅎㅎ. 집은 자가이신가요?",
          "summary": "나는 결혼하지 않았다.",
          "date": "2022-09-24",
          "time": "21:27:49",
          "terminate": "false"
        },
        {
          "speaker": "speaker2",
          "personaID": "04538",
          "participantID": "0427",
          "utterance": "운이 좋게도 청약 당첨이 되서 편하게 살고 있어요. 아, 잠시만요. 윗집에서 좀 쿵쿵대서. 다녀올게요.",
          "summary": "",
          "date": "2022-09-24",
          "time": "21:29:00",
          "terminate": "true"
        }
      ],
      "sessionPersonaSummary": {
        "speaker1": [
          "나의 거주지는 충청도이다. 나는 50대 여자이다.",
          "나는 소주를 최근에 끊었다. 나는 헬스를 가끔 한다.",
          "나는 결혼하지 않았다."
        ],
        "speaker2": [
          "나의 거주지는 서울이다. 나는 50대 남자이다.",
          "나는 젊었을 적부터 운동을 꾸준히 해왔다.",
          "나는 심리상담 전문가이다.",
          "나는 일본어에 관심이 없다.",
          "나는 결혼하지 않았다."
        ]
      },
      "prevAggregatedpersonaSummary": {
        "speaker1": [],
        "speaker2": []
      }
    },
    {
      "prevSessionID": "3-00510-1",
      "prevTimeInfo": {
        "timeNum": "1",
        "timeUnit": "시간"
      },
      "nthSession": "2",
      "numberOfUtterances": "14",
      "numberOfTurns": "7",
      "sessionID": "3-00510-2",
      "dialog": [
        {
          "speaker": "speaker1",
          "personaID": "05077",
          "participantID": "0125",
          "utterance": "다녀오셨어요? 뭐가 좀 시끄러우셨나봐요? 1시간동안 다녀오셨어요..!",
          "summary": "",
          "date": "2022-09-24",
          "time": "21:29:14",
          "terminate": "false"
        },
        {
          "speaker": "speaker2",
          "personaID": "04538",
          "participantID": "0427",
          "utterance": "네.. 윗집에 아이가 3명인 집이 얼마 전에 이사왔거든요.",
          "summary": "나의 윗집에는 아이가 3명인 가족이 산다.",
          "date": "2022-09-24",
          "time": "21:29:45",
          "terminate": "false"
        },
        {
          "speaker": "speaker1",
          "personaID": "05077",
          "participantID": "0125",
          "utterance": "정말 시끄러우시겠어요. 많이 뛰어다니나요?",
          "summary": "",
          "date": "2022-09-24",
          "time": "21:30:00",
          "terminate": "false"
        },
        {
          "speaker": "speaker2",
          "personaID": "04538",
          "participantID": "0427",
          "utterance": "엄청 뛰어다니죠. @이름1@ 에너지가 보통이 아닌가봐요.",
          "summary": "나의 윗집은 시끄럽다.",
          "date": "2022-09-24",
          "time": "21:30:15",
          "terminate": "false"
        },
        {
          "speaker": "speaker1",
          "personaID": "05077",
          "participantID": "0125",
          "utterance": "요즘 짓는 아파트들은 자재 조금 쓸수 있게 해놨다면서요?",
          "summary": "",
          "date": "2022-09-24",
          "time": "21:30:39",
          "terminate": "false"
        },
        {
          "speaker": "speaker2",
          "personaID": "04538",
          "participantID": "0427",
          "utterance": "맞아요. 그거 법이 바뀐 뒤로부터 층간 소음 문제가 커지고, 저처럼 피해도 보구요.",
          "summary": "",
          "date": "2022-09-24",
          "time": "21:30:59",
          "terminate": "false"
        },
        {
          "speaker": "speaker1",
          "personaID": "05077",
          "participantID": "0125",
          "utterance": "참,, 어렵네요. 층간소음. 혹시 윗층 올라가서 얘기는 해보셨어요?",
          "summary": "",
          "date": "2022-09-24",
          "time": "21:31:18",
          "terminate": "false"
        },
        {
          "speaker": "speaker2",
          "personaID": "04538",
          "participantID": "0427",
          "utterance": "아뇨. 아직 얘기는 안해보고 막대기로 윗집 쿵쿵 치기만 했어요.",
          "summary": "나는 윗집이 시끄럽게 할 때에 막대기로 천장을 친다.",
          "date": "2022-09-24",
          "time": "21:31:31",
          "terminate": "false"
        },
        {
          "speaker": "speaker1",
          "personaID": "05077",
          "participantID": "0125",
          "utterance": "생각보다 되게 터프하신 분이시네요. 한번 말씀 해보시지 그러셨어요.",
          "summary": "",
          "date": "2022-09-24",
          "time": "21:31:46",
          "terminate": "false"
        },
        {
          "speaker": "speaker2",
          "personaID": "04538",
          "participantID": "0427",
          "utterance": "얼굴 붉히고 얘기하다가 나중에 마주치면 좀 그렇더라구요.",
          "summary": "",
          "date": "2022-09-24",
          "time": "21:31:56",
          "terminate": "false"
        },
        {
          "speaker": "speaker1",
          "personaID": "05077",
          "participantID": "0125",
          "utterance": "그런 경험이 또 있으신가봐요?",
          "summary": "",
          "date": "2022-09-24",
          "time": "21:32:04",
          "terminate": "false"
        },
        {
          "speaker": "speaker2",
          "personaID": "04538",
          "participantID": "0427",
          "utterance": "이 집 오기 전에는 나이 많으신 노부부가 살고 계셨는데, 주말마다 애들이 집에 와서 전쟁이 났어요.",
          "summary": "나의 윗집에는 노부부가 살았었다. 나의 윗집에는 주말마다 @이름1@이 와서 시끄러웠다.",
          "date": "2022-09-24",
          "time": "21:32:30",
          "terminate": "false"
        },
        {
          "speaker": "speaker1",
          "personaID": "05077",
          "participantID": "0125",
          "utterance": "그런 경험이 있으시군요. 저는 주택에 살고 있어서 잘 모르겠어요.. 아파트는 장단점이 있네요.",
          "summary": "",
          "date": "2022-09-24",
          "time": "21:33:22",
          "terminate": "false"
        },
        {
          "speaker": "speaker2",
          "personaID": "04538",
          "participantID": "0427",
          "utterance": "맞아요. 아, 지금 또 윗집에서 쿵쿵대는 것 같은데. 이번엔 그냥 올라갔다와 볼게요. 기다려주세요.",
          "summary": "",
          "date": "2022-09-24",
          "time": "21:33:54",
          "terminate": "true"
        }
      ],
      "sessionPersonaSummary": {
        "speaker1": [],
        "speaker2": [
          "나의 윗집에는 아이가 3명인 가족이 산다.",
          "나의 윗집은 시끄럽다.",
          "나는 윗집이 시끄럽게 할 때에 막대기로 천장을 친다.",
          "나의 윗집에는 노부부가 살았었다. 나의 윗집에는 주말마다 @이름1@이 와서 시끄러웠다."
        ]
      },
      "prevAggregatedpersonaSummary": {
        "speaker1": [
          "나의 거주지는 충청도이다. 나는 50대 여자이다.",
          "나는 소주를 최근에 끊었다. 나는 헬스를 가끔 한다.",
          "나는 결혼하지 않았다."
        ],
        "speaker2": [
          "나의 거주지는 서울이다. 나는 50대 남자이다.",
          "나는 젊었을 적부터 운동을 꾸준히 해왔다.",
          "나는 심리상담 전문가이다.",
          "나는 일본어에 관심이 없다.",
          "나는 결혼하지 않았다."
        ]
      }
    },
    {
      "prevSessionID": "3-00510-2",
      "prevTimeInfo": {
        "timeNum": "2",
        "timeUnit": "시간"
      },
      "nthSession": "3",
      "numberOfUtterances": "14",
      "numberOfTurns": "7",
      "sessionID": "3-00510-3",
      "dialog": [
        {
          "speaker": "speaker1",
          "personaID": "05077",
          "participantID": "0125",
          "utterance": "오셨어요? 얘기가 길어지셨나봐요. 2시간 걸리셨어요..",
          "summary": "",
          "date": "2022-09-24",
          "time": "21:34:04",
          "terminate": "false"
        },
        {
          "speaker": "speaker2",
          "personaID": "04538",
          "participantID": "0427",
          "utterance": "아, 그랬나요. 얘기가 좀 길긴 했어요. 알고보니까 저희 후배네 집이더라구요.",
          "summary": "나의 윗집에 후배가 살고 있다.",
          "date": "2022-09-24",
          "time": "21:34:52",
          "terminate": "false"
        },
        {
          "speaker": "speaker1",
          "personaID": "05077",
          "participantID": "0125",
          "utterance": "후배요? 어느 후배이시길래요. 아이고 괜히 올라가셨나보다..",
          "summary": "",
          "date": "2022-09-24",
          "time": "21:35:03",
          "terminate": "false"
        },
        {
          "speaker": "speaker2",
          "personaID": "04538",
          "participantID": "0427",
          "utterance": "아녜요. 언젠간 마주칠 사이 매도 먼저 맞는게 나은 것 같네요.",
          "summary": "",
          "date": "2022-09-24",
          "time": "21:35:18",
          "terminate": "false"
        },
        {
          "speaker": "speaker1",
          "personaID": "05077",
          "participantID": "0125",
          "utterance": "윗집에서는 뭐라셔요? 괜찮으셨어요?",
          "summary": "",
          "date": "2022-09-24",
          "time": "21:35:32",
          "terminate": "false"
        },
        {
          "speaker": "speaker2",
          "personaID": "04538",
          "participantID": "0427",
          "utterance": "제가 화가 좀 난 상태로 올라갔는데, 대학교 후배가 딱 보이기 말을 못하겠더라구요.",
          "summary": "나의 윗집에 대학교 후배가 살고 있다.",
          "date": "2022-09-24",
          "time": "21:35:53",
          "terminate": "false"
        },
        {
          "speaker": "speaker1",
          "personaID": "05077",
          "participantID": "0125",
          "utterance": "와, 그것도 인연이라면 인연이네요. 앞으로는 어쩌시려구요?",
          "summary": "",
          "date": "2022-09-24",
          "time": "21:36:03",
          "terminate": "false"
        },
        {
          "speaker": "speaker2",
          "personaID": "04538",
          "participantID": "0427",
          "utterance": "이번 주말에 부부 만나서 소주 한잔 하기로 했어요 ㅎㅎ.",
          "summary": "나는 이번 주말에 윗집 부부와 술을 마실 예정이다.",
          "date": "2022-09-24",
          "time": "21:36:25",
          "terminate": "false"
        },
        {
          "speaker": "speaker1",
          "personaID": "05077",
          "participantID": "0125",
          "utterance": "잘 해결되신 것 같아 다행이네요. 저녁은 드셨어요?",
          "summary": "",
          "date": "2022-09-24",
          "time": "21:36:52",
          "terminate": "false"
        },
        {
          "speaker": "speaker2",
          "personaID": "04538",
          "participantID": "0427",
          "utterance": "네, 저는 아버지가 감자탕 끓여주셔서요. 그거 먹었어요.",
          "summary": "나는 오늘 저녁에 아버지가 끓여주신 감자탕을 먹었다.",
          "date": "2022-09-24",
          "time": "21:37:07",
          "terminate": "false"
        },
        {
          "speaker": "speaker1",
          "personaID": "05077",
          "participantID": "0125",
          "utterance": "정말 맛있는 거 드시고 오셨네요. 저도 먹고싶어요.",
          "summary": "",
          "date": "2022-09-24",
          "time": "21:37:22",
          "terminate": "false"
        },
        {
          "speaker": "speaker2",
          "personaID": "04538",
          "participantID": "0427",
          "utterance": "다음에 서울 한번 놀러오세요. 아버지께 감자탕 배워올게요.",
          "summary": "",
          "date": "2022-09-24",
          "time": "21:37:35",
          "terminate": "false"
        },
        {
          "speaker": "speaker1",
          "personaID": "05077",
          "participantID": "0125",
          "utterance": "말로만 들어도 벌써 대접받은 기분이네요. 시간 한번 맞춰봐요 우리. 오늘은 늦었으니 이만 잘까요?",
          "summary": "",
          "date": "2022-09-24",
          "time": "21:38:04",
          "terminate": "false"
        },
        {
          "speaker": "speaker2",
          "personaID": "04538",
          "participantID": "0427",
          "utterance": "네, 그러죠. 좋은 꿈 꾸세요~ 굿나잇~",
          "summary": "",
          "date": "2022-09-24",
          "time": "21:38:29",
          "terminate": "true"
        }
      ],
      "sessionPersonaSummary": {
        "speaker1": [],
        "speaker2": [
          "나의 윗집에 후배가 살고 있다.",
          "나의 윗집에 대학교 후배가 살고 있다.",
          "나는 이번 주말에 윗집 부부와 술을 마실 예정이다.",
          "나는 오늘 저녁에 아버지가 끓여주신 감자탕을 먹었다."
        ]
      },
      "prevAggregatedpersonaSummary": {
        "speaker1": [
          "나의 거주지는 충청도이다. 나는 50대 여자이다.",
          "나는 소주를 최근에 끊었다. 나는 헬스를 가끔 한다.",
          "나는 결혼하지 않았다."
        ],
        "speaker2": [
          "나의 거주지는 서울이다. 나는 50대 남자이다.",
          "나는 젊었을 적부터 운동을 꾸준히 해왔다.",
          "나는 심리상담 전문가이다.",
          "나는 일본어에 관심이 없다.",
          "나는 결혼하지 않았다.",
          "나의 윗집에는 아이가 3명인 가족이 산다.",
          "나의 윗집은 시끄럽다.",
          "나는 윗집이 시끄럽게 할 때에 막대기로 천장을 친다.",
          "나의 윗집에는 노부부가 살았었다. 나의 윗집에는 주말마다 @이름1@이 와서 시끄러웠다."
        ]
      }
    }
  ]
}