{
  "FileInfo": {
    "filename": "K3-00509-CL13219-CP21240-18-03-S3.json",
    "sessionLevel": "3"
  },
  "participantsInfo": {
    "numberOfParticipants": "2",
    "speaker1": {
      "participantID": "4378",
      "gender": "여성",
      "age": "20대",
      "occupation": "전문직",
      "bPlace": "서울/경기/인천",
      "gPlace": "서울/경기/인천",
      "rPlace": "서울/경기/인천",
      "educationLevel": "대졸"
    },
    "speaker2": {
      "participantID": "4455",
      "gender": "남성",
      "age": "20대",
      "occupation": "관리직",
      "bPlace": "광주/전라/제주",
      "gPlace": "광주/전라/제주",
      "rPlace": "서울/경기/인천",
      "educationLevel": "대졸"
    }
  },
  "multisessionInfo": {
    "multisessionID": "3-00509"
  },
  "personaInfo": {
    "clInfo": {
      "personaID": "13219",
      "personaFeatures": [
        "나는 여자이다.",
        "나는 10대이다.",
        "나는 매일 자전거로 학교에 간다",
        "나는 의예과에 진학하고 싶다",
        "나는 복숭아를 싫어한다",
        "나는 정이 많다",
        "나는 클래식 음악을 자주 듣는다"
      ],
      "speakerType": "speaker1"
    },
    "cpInfo": {
      "personaID": "21240",
      "personaFeatures": [
        "나는 남자이다.",
        "나는 20대이다.",
        "나의 거주지는 부산이다",
        "나는 사무 보조원이다",
        "나는 전자 음악을 자주 듣는다"
      ],
      "speakerType": "speaker2"
    }
  },
  "topicInfo": {
    "topicID": "18-03",
    "topicType": "상거래 전반",
    "topicTitle": "인터넷쇼핑"
  },
  "sessionInfo": [
    {
      "prevSessionID": null,
      "prevTimeInfo": {
        "timeNum": null,
        "timeUnit": null
      },
      "nthSession": "1",
      "numberOfUtterances": "14",
      "numberOfTurns": "7",
      "sessionID": "3-00509-1",
      "dialog": [
        {
          "speaker": "speaker1",
          "personaID": "13219",
          "participantID": "4378",
          "utterance": "안녕하세요. 저는 10대 여성입니다.",
          "summary": "나는 10대 여성이다",
          "date": "2022-11-10",
          "time": "22:28:57",
          "terminate": "false"
        },
        {
          "speaker": "speaker2",
          "personaID": "21240",
          "participantID": "4455",
          "utterance": "안녕하세요. 저는 20대 남성입니다.",
          "summary": "나는 20대 남성이다.",
          "date": "2022-11-11",
          "time": "08:52:47",
          "terminate": "false"
        },
        {
          "speaker": "speaker1",
          "personaID": "13219",
          "participantID": "4378",
          "utterance": "저는 요즘 클래식 음악을 자주 듣고 있어요. 혹시 취미 있으신가요?",
          "summary": "나는 요즘 클래식 음악을 자주 듣는다",
          "date": "2022-11-11",
          "time": "11:01:30",
          "terminate": "false"
        },
        {
          "speaker": "speaker2",
          "personaID": "21240",
          "participantID": "4455",
          "utterance": "전 전자 음악을 자주 들어요 전자소리에 꽂혔거든요",
          "summary": "나는 전자 음악을 자주 듣는다.",
          "date": "2022-11-11",
          "time": "19:58:22",
          "terminate": "false"
        },
        {
          "speaker": "speaker1",
          "personaID": "13219",
          "participantID": "4378",
          "utterance": "오 그것도 되게 좋을 것 같아요. 저는 매일 자전거로 학교에 가면서 그것도 즐기고 있어요.",
          "summary": "나는 매일 자전거로 학교에 간다",
          "date": "2022-11-11",
          "time": "21:03:31",
          "terminate": "false"
        },
        {
          "speaker": "speaker2",
          "personaID": "21240",
          "participantID": "4455",
          "utterance": "그쵸 자전거 운동 건강에 정말 좋을 것 같아요 전 부산에 거주하는데 어디 사세요?",
          "summary": "나는 부산에 산다.",
          "date": "2022-11-12",
          "time": "00:19:33",
          "terminate": "false"
        },
        {
          "speaker": "speaker1",
          "personaID": "13219",
          "participantID": "4378",
          "utterance": "저는 서울에 살고 있어요. 제가 정이 많은 편인데, 친구들이 지방에 있어서 그립더라고요.",
          "summary": "나는 서울에 살고 정이 많은 편이라 친구들이 지방에 있어서 그립다",
          "date": "2022-11-12",
          "time": "00:31:17",
          "terminate": "false"
        },
        {
          "speaker": "speaker2",
          "personaID": "21240",
          "participantID": "4455",
          "utterance": "친구들이 많이 보고 싶을 것 같아요 저도 일 때문에 타지에 와서 사는데 혼자는 조금 외롭더라고요",
          "summary": "나는 일 때문에 타지에 와서 혼자 살아 조금 외롭다.",
          "date": "2022-11-12",
          "time": "10:42:36",
          "terminate": "false"
        },
        {
          "speaker": "speaker1",
          "personaID": "13219",
          "participantID": "4378",
          "utterance": "최근에 친구들이 복숭아를 택배로 보내줬는데, 제가 복숭아를 싫어해서 난감했어요.",
          "summary": "나는 복숭아를 싫어한다",
          "date": "2022-11-14",
          "time": "21:22:59",
          "terminate": "false"
        },
        {
          "speaker": "speaker2",
          "personaID": "21240",
          "participantID": "4455",
          "utterance": "정말 난감하셨겠습니다 전 복숭아를 좋아하는데 싫어하는 이유가 따로 있으실까요?",
          "summary": "나는 복숭아를 좋아단다.",
          "date": "2022-11-14",
          "time": "21:46:29",
          "terminate": "false"
        },
        {
          "speaker": "speaker1",
          "personaID": "13219",
          "participantID": "4378",
          "utterance": "물컹하게 느껴져서 싫더라고요. 저는 의예과에 진학하고 싶어 요즘 열심히 공부 중이랍니다.",
          "summary": "나는 의예과에 진학하고 싶다",
          "date": "2022-11-14",
          "time": "22:01:05",
          "terminate": "false"
        },
        {
          "speaker": "speaker2",
          "personaID": "21240",
          "participantID": "4455",
          "utterance": "딱딱한 복숭아도 아예 싫어하시는 건가요? 아쉽네요 전 사무 보조원으로 평범한 나날을 보내고 있습니다",
          "summary": " 나는 사무 보조원이다.",
          "date": "2022-11-14",
          "time": "22:08:19",
          "terminate": "false"
        },
        {
          "speaker": "speaker1",
          "personaID": "13219",
          "participantID": "4378",
          "utterance": "네 복숭아는 뭔가 싫더라고요. 평범한 나날들이 이어지는게 정말 행복한 것 같아요.",
          "summary": "나는 복숭아는 뭔가 싫다 나는 평범한 날이 이어지는 게 정말 행복하다",
          "date": "2022-11-15",
          "time": "01:42:37",
          "terminate": "false"
        },
        {
          "speaker": "speaker2",
          "personaID": "21240",
          "participantID": "4455",
          "utterance": "그러시군요 대화 즐거웠습니다 나중에 또 대화 나눠요",
          "summary": "",
          "date": "2022-11-15",
          "time": "09:32:17",
          "terminate": "true"
        }
      ],
      "sessionPersonaSummary": {
        "speaker1": [
          "나는 10대 여성이다",
          "나는 요즘 클래식 음악을 자주 듣는다",
          "나는 매일 자전거로 학교에 간다",
          "나는 서울에 살고 정이 많은 편이라 친구들이 지방에 있어서 그립다",
          "나는 복숭아를 싫어한다",
          "나는 의예과에 진학하고 싶다",
          "나는 복숭아는 뭔가 싫다 나는 평범한 날이 이어지는 게 정말 행복하다"
        ],
        "speaker2": [
          "나는 20대 남성이다.",
          "나는 전자 음악을 자주 듣는다.",
          "나는 부산에 산다.",
          "나는 일 때문에 타지에 와서 혼자 살아 조금 외롭다.",
          "나는 복숭아를 좋아단다.",
          "나는 사무 보조원이다."
        ]
      },
      "prevAggregatedpersonaSummary": {
        "speaker1": [],
        "speaker2": []
      }
    },
    {
      "prevSessionID": "3-00509-1",
      "prevTimeInfo": {
        "timeNum": "7",
        "timeUnit": "일"
      },
      "nthSession": "2",
      "numberOfUtterances": "14",
      "numberOfTurns": "7",
      "sessionID": "3-00509-2",
      "dialog": [
        {
          "speaker": "speaker1",
          "personaID": "13219",
          "participantID": "4378",
          "utterance": "일주일 만이네요. 잘 지내셨나요?",
          "summary": "",
          "date": "2022-11-15",
          "time": "13:48:25",
          "terminate": "false"
        },
        {
          "speaker": "speaker2",
          "personaID": "21240",
          "participantID": "4455",
          "utterance": "네 잘 지냈습니다 @이름@님도 잘 지내셨나요?",
          "summary": "",
          "date": "2022-11-15",
          "time": "14:26:00",
          "terminate": "false"
        },
        {
          "speaker": "speaker1",
          "personaID": "13219",
          "participantID": "4378",
          "utterance": "그럼요. 저는 요즘 인터넷쇼핑 플랫폼에 관심을 두고 있어요.",
          "summary": "나는 요즘 인터넷 쇼핑에 관심이 있다",
          "date": "2022-11-15",
          "time": "21:47:39",
          "terminate": "false"
        },
        {
          "speaker": "speaker2",
          "personaID": "21240",
          "participantID": "4455",
          "utterance": "인터넷쇼핑 좋죠 저도 대부분 쇼핑을 인터넷으로 합니다",
          "summary": "나는 대부분 쇼핑을 인터넷으로 한다.",
          "date": "2022-11-15",
          "time": "21:52:54",
          "terminate": "false"
        },
        {
          "speaker": "speaker1",
          "personaID": "13219",
          "participantID": "4378",
          "utterance": "요즘 상거래 전반적으로 인터넷쇼핑이 우선시 된다고 생각해요.",
          "summary": "",
          "date": "2022-11-15",
          "time": "21:54:49",
          "terminate": "false"
        },
        {
          "speaker": "speaker2",
          "personaID": "21240",
          "participantID": "4455",
          "utterance": "맞아요 오프라인보다 온라인이 훨씬 저렴하니 좋아서 저도 자꾸 온라인 이용하게 됩니다",
          "summary": "나는 온라인이 저렴해서 자주 이용한다.",
          "date": "2022-11-15",
          "time": "21:58:11",
          "terminate": "false"
        },
        {
          "speaker": "speaker1",
          "personaID": "13219",
          "participantID": "4378",
          "utterance": "온라인으로 이용하면 할인도 많이 되어서 자주 애용합니다.",
          "summary": "나는 온라인이 할인이 많이 돼서 자주 애용한다",
          "date": "2022-11-15",
          "time": "22:10:21",
          "terminate": "false"
        },
        {
          "speaker": "speaker2",
          "personaID": "21240",
          "participantID": "4455",
          "utterance": "맞아요 저도 그렇습니다 할인률이 높은 인터넷쇼핑이 좋더라고요",
          "summary": "나는 할인율 높은 인터넷 쇼핑이 좋다.",
          "date": "2022-11-15",
          "time": "22:13:52",
          "terminate": "false"
        },
        {
          "speaker": "speaker1",
          "personaID": "13219",
          "participantID": "4378",
          "utterance": "네 저도 그래서 여러 카드사 헤택도 받아서 인터넷 쇼핑을 좋아해요.",
          "summary": "나는 여러 카드사 혜택을 받는 인터넷 쇼핑을 좋아한다",
          "date": "2022-11-15",
          "time": "22:15:00",
          "terminate": "false"
        },
        {
          "speaker": "speaker2",
          "personaID": "21240",
          "participantID": "4455",
          "utterance": "그리고 요즘은 배송도 빠르잖아요 부산에 사는데도 서울에 있는 물건이 새벽에 오더라고요 @브랜드명@ 정말 애정합니다 하하",
          "summary": "나는 특히 @브랜드명@이 좋다.",
          "date": "2022-11-15",
          "time": "22:16:05",
          "terminate": "false"
        },
        {
          "speaker": "speaker1",
          "personaID": "13219",
          "participantID": "4378",
          "utterance": "맞아요. 요즘 저는 그런 정기구독서비스도 자주 이용하는 것 같아요.",
          "summary": "나는 정기구독 서비스도 자주 이용한다",
          "date": "2022-11-15",
          "time": "22:17:18",
          "terminate": "false"
        },
        {
          "speaker": "speaker2",
          "personaID": "21240",
          "participantID": "4455",
          "utterance": "저도요 정기구독 값도 저렴한데 무료배송되니까 계속 구독하게 되더라고요",
          "summary": "나는 쿠팡이 정기구독료도 저렴하고 무료배송이 되어 구독한다.",
          "date": "2022-11-15",
          "time": "22:18:27",
          "terminate": "false"
        },
        {
          "speaker": "speaker1",
          "personaID": "13219",
          "participantID": "4378",
          "utterance": "맞아요. 저도 여러 혜택이 너무 합리적이니까 포기할 수 없는 서비스라고 생각했어요.",
          "summary": "",
          "date": "2022-11-16",
          "time": "01:22:17",
          "terminate": "false"
        },
        {
          "speaker": "speaker2",
          "personaID": "21240",
          "participantID": "4455",
          "utterance": "맞아요 저도 그렇게 생각합니다 전 자리를 비우겠습니다",
          "summary": "",
          "date": "2022-11-16",
          "time": "09:02:34",
          "terminate": "true"
        }
      ],
      "sessionPersonaSummary": {
        "speaker1": [
          "나는 요즘 인터넷 쇼핑에 관심이 있다",
          "나는 온라인이 할인이 많이 돼서 자주 애용한다",
          "나는 여러 카드사 혜택을 받는 인터넷 쇼핑을 좋아한다",
          "나는 정기구독 서비스도 자주 이용한다"
        ],
        "speaker2": [
          "나는 대부분 쇼핑을 인터넷으로 한다.",
          "나는 온라인이 저렴해서 자주 이용한다.",
          "나는 할인율 높은 인터넷 쇼핑이 좋다.",
          "나는 특히 @브랜드명@이 좋다.",
          "나는 쿠팡이 정기구독료도 저렴하고 무료배송이 되어 구독한다."
        ]
      },
      "prevAggregatedpersonaSummary": {
        "speaker1": [
          "나는 10대 여성이다",
          "나는 요즘 클래식 음악을 자주 듣는다",
          "나는 매일 자전거로 학교에 간다",
          "나는 서울에 살고 정이 많은 편이라 친구들이 지방에 있어서 그립다",
          "나는 복숭아를 싫어한다",
          "나는 의예과에 진학하고 싶다",
          "나는 복숭아는 뭔가 싫다 나는 평범한 날이 이어지는 게 정말 행복하다"
        ],
        "speaker2": [
          "나는 20대 남성이다.",
          "나는 전자 음악을 자주 듣는다.",
          "나는 부산에 산다.",
          "나는 일 때문에 타지에 와서 혼자 살아 조금 외롭다.",
          "나는 복숭아를 좋아단다.",
          "나는 사무 보조원이다."
        ]
      }
    },
    {
      "prevSessionID": "3-00509-2",
      "prevTimeInfo": {
        "timeNum": "10",
        "timeUnit": "일"
      },
      "nthSession": "3",
      "numberOfUtterances": "14",
      "numberOfTurns": "7",
      "sessionID": "3-00509-3",
      "dialog": [
        {
          "speaker": "speaker1",
          "personaID": "13219",
          "participantID": "4378",
          "utterance": "10일만에 연락드리네요. 잘 지내셨나요?",
          "summary": "",
          "date": "2022-11-16",
          "time": "21:01:22",
          "terminate": "false"
        },
        {
          "speaker": "speaker2",
          "personaID": "21240",
          "participantID": "4455",
          "utterance": "네 잘 지냈어요 전 그동안 지름신이 강림해서 인터넷쇼핑을 너무 많이 했네요",
          "summary": "나는 요즘 갑자기 인터넷 쇼핑을 많이 했다.",
          "date": "2022-11-16",
          "time": "21:12:18",
          "terminate": "false"
        },
        {
          "speaker": "speaker1",
          "personaID": "13219",
          "participantID": "4378",
          "utterance": "하하. 인터넷쇼핑 저도 너무 좋아해요. 저는 용돈을 받는 입장이라 많이 못하지만요.",
          "summary": "나는 인터넷 쇼핑을 좋아한다. 나는 용돈을 받는다.",
          "date": "2022-11-17",
          "time": "10:38:26",
          "terminate": "false"
        },
        {
          "speaker": "speaker2",
          "personaID": "21240",
          "participantID": "4455",
          "utterance": "그렇군요 인터넷쇼핑하면 스트레스가 풀리더라고요",
          "summary": "나는 인터넷 쇼핑을 하면 스트레스가 풀린다.",
          "date": "2022-11-17",
          "time": "12:13:21",
          "terminate": "false"
        },
        {
          "speaker": "speaker1",
          "personaID": "13219",
          "participantID": "4378",
          "utterance": "인터넷으로 어떤걸 주로 많이 구매하세요?",
          "summary": "",
          "date": "2022-11-17",
          "time": "15:41:59",
          "terminate": "false"
        },
        {
          "speaker": "speaker2",
          "personaID": "21240",
          "participantID": "4455",
          "utterance": "전 인터넷쇼핑으로 주로 옷을 구매합니다",
          "summary": "나는 주로 인터넷 쇼핑으로 옷을 산다.",
          "date": "2022-11-17",
          "time": "20:25:32",
          "terminate": "false"
        },
        {
          "speaker": "speaker1",
          "personaID": "13219",
          "participantID": "4378",
          "utterance": "저는 주로 배달음식을  많이 시키는 편이에요. ",
          "summary": "나는 주로 배달음식을 시킨다",
          "date": "2022-11-18",
          "time": "13:10:25",
          "terminate": "false"
        },
        {
          "speaker": "speaker2",
          "personaID": "21240",
          "participantID": "4455",
          "utterance": "그렇군요 배달음식 요즘 어플이 잘되어 있어서 정말 좋죠",
          "summary": "",
          "date": "2022-11-18",
          "time": "13:54:38",
          "terminate": "false"
        },
        {
          "speaker": "speaker1",
          "personaID": "13219",
          "participantID": "4378",
          "utterance": "네 맞아요. 그래서 저도 학교 끝나고 배고플 때 배달로 많이 거래해요!",
          "summary": "나는 학교 끝나고 배고플 때 배달 이용을 한다",
          "date": "2022-11-18",
          "time": "20:55:31",
          "terminate": "false"
        },
        {
          "speaker": "speaker2",
          "personaID": "21240",
          "participantID": "4455",
          "utterance": "그럼 정말 간편하게 먹을 수 있어서 좋죠! 저도 오늘 배달시켜먹었습니다",
          "summary": "나는 배달이 간편해서 좋다.",
          "date": "2022-11-18",
          "time": "21:35:42",
          "terminate": "false"
        },
        {
          "speaker": "speaker1",
          "personaID": "13219",
          "participantID": "4378",
          "utterance": "인터넷 쇼핑 쪽에서 가장 강자는 배달업계가 아닐까 싶어요.",
          "summary": "나는 인터넷 쇼핑 중 강자는 배달업계라고 생각한다",
          "date": "2022-11-19",
          "time": "02:42:20",
          "terminate": "false"
        },
        {
          "speaker": "speaker2",
          "personaID": "21240",
          "participantID": "4455",
          "utterance": "맞아요 배달업계가 진짜 대박이죠 금토일이 대박일 것 같아요",
          "summary": "",
          "date": "2022-11-19",
          "time": "11:17:12",
          "terminate": "false"
        },
        {
          "speaker": "speaker1",
          "personaID": "13219",
          "participantID": "4378",
          "utterance": "상거래 전반을 파악하려면 진짜 사회적인 이슈도 잘 파악해야하는 것 같아요.",
          "summary": "",
          "date": "2022-11-20",
          "time": "01:13:19",
          "terminate": "false"
        },
        {
          "speaker": "speaker2",
          "personaID": "21240",
          "participantID": "4455",
          "utterance": "맞아요 전 자리를 비우겠습니다",
          "summary": "",
          "date": "2022-11-20",
          "time": "19:59:51",
          "terminate": "true"
        }
      ],
      "sessionPersonaSummary": {
        "speaker1": [
          "나는 인터넷 쇼핑을 좋아한다. 나는 용돈을 받는다.",
          "나는 주로 배달음식을 시킨다",
          "나는 학교 끝나고 배고플 때 배달 이용을 한다",
          "나는 인터넷 쇼핑 중 강자는 배달업계라고 생각한다"
        ],
        "speaker2": [
          "나는 요즘 갑자기 인터넷 쇼핑을 많이 했다.",
          "나는 인터넷 쇼핑을 하면 스트레스가 풀린다.",
          "나는 주로 인터넷 쇼핑으로 옷을 산다.",
          "나는 배달이 간편해서 좋다."
        ]
      },
      "prevAggregatedpersonaSummary": {
        "speaker1": [
          "나는 10대 여성이다",
          "나는 요즘 클래식 음악을 자주 듣는다",
          "나는 매일 자전거로 학교에 간다",
          "나는 서울에 살고 정이 많은 편이라 친구들이 지방에 있어서 그립다",
          "나는 복숭아를 싫어한다",
          "나는 의예과에 진학하고 싶다",
          "나는 복숭아는 뭔가 싫다 나는 평범한 날이 이어지는 게 정말 행복하다",
          "나는 요즘 인터넷 쇼핑에 관심이 있다",
          "나는 온라인이 할인이 많이 돼서 자주 애용한다",
          "나는 여러 카드사 혜택을 받는 인터넷 쇼핑을 좋아한다",
          "나는 정기구독 서비스도 자주 이용한다"
        ],
        "speaker2": [
          "나는 20대 남성이다.",
          "나는 전자 음악을 자주 듣는다.",
          "나는 부산에 산다.",
          "나는 일 때문에 타지에 와서 혼자 살아 조금 외롭다.",
          "나는 복숭아를 좋아단다.",
          "나는 사무 보조원이다.",
          "나는 대부분 쇼핑을 인터넷으로 한다.",
          "나는 온라인이 저렴해서 자주 이용한다.",
          "나는 할인율 높은 인터넷 쇼핑이 좋다.",
          "나는 특히 @브랜드명@이 좋다.",
          "나는 쿠팡이 정기구독료도 저렴하고 무료배송이 되어 구독한다."
        ]
      }
    }
  ]
}