{
  "FileInfo": {
    "filename": "K3-00465-CL10313-CP22379-12-02-S3.json",
    "sessionLevel": "3"
  },
  "participantsInfo": {
    "numberOfParticipants": "2",
    "speaker1": {
      "participantID": "4014",
      "gender": "남성",
      "age": "20대",
      "occupation": "학생",
      "bPlace": "부산/대구/울산/경상",
      "gPlace": "부산/대구/울산/경상",
      "rPlace": "부산/대구/울산/경상",
      "educationLevel": "대졸"
    },
    "speaker2": {
      "participantID": "3562",
      "gender": "여성",
      "age": "30대",
      "occupation": "학생",
      "bPlace": "부산/대구/울산/경상",
      "gPlace": "부산/대구/울산/경상",
      "rPlace": "부산/대구/울산/경상",
      "educationLevel": "대학원졸"
    }
  },
  "multisessionInfo": {
    "multisessionID": "3-00465"
  },
  "personaInfo": {
    "clInfo": {
      "personaID": "10313",
      "personaFeatures": [
        "나는 남자이다.",
        "나는 10대이다.",
        "나의 부모님은 자주 싸운다",
        "나는 매우 털털하다",
        "나는 판타지 영화를 가끔 본다"
      ],
      "speakerType": "speaker1"
    },
    "cpInfo": {
      "personaID": "22379",
      "personaFeatures": [
        "나는 여자이다.",
        "나는 20대이다.",
        "나는 커피를 매일 2잔 이상 마신다",
        "나는 노무사이다",
        "나는 댄스 음악을 자주 듣는다"
      ],
      "speakerType": "speaker2"
    }
  },
  "topicInfo": {
    "topicID": "12-02",
    "topicType": "여가와 오락>여행",
    "topicTitle": "여행지"
  },
  "sessionInfo": [
    {
      "prevSessionID": null,
      "prevTimeInfo": {
        "timeNum": null,
        "timeUnit": null
      },
      "nthSession": "1",
      "numberOfUtterances": "14",
      "numberOfTurns": "7",
      "sessionID": "3-00465-1",
      "dialog": [
        {
          "speaker": "speaker1",
          "personaID": "10313",
          "participantID": "4014",
          "utterance": "안녕하세요 저는 10대 남성입니다",
          "summary": "나는 10대 남성이다.",
          "date": "2022-10-29",
          "time": "23:01:58",
          "terminate": "false"
        },
        {
          "speaker": "speaker2",
          "personaID": "22379",
          "participantID": "3562",
          "utterance": "안녕하세요. 저는 노무사로 일하는 20대 여성이다.",
          "summary": "나는 노무사로 일하는 20대 여성이다",
          "date": "2022-10-30",
          "time": "00:06:35",
          "terminate": "false"
        },
        {
          "speaker": "speaker1",
          "personaID": "10313",
          "participantID": "4014",
          "utterance": "저는 아직 학생이라 학교를 다니고있습니다. 노무사로 일하시면 엄청 바쁘시겟네요",
          "summary": "나는 아직 학생이라 학교를 다니고 있다.",
          "date": "2022-10-30",
          "time": "01:36:14",
          "terminate": "false"
        },
        {
          "speaker": "speaker2",
          "personaID": "22379",
          "participantID": "3562",
          "utterance": "아직은 신입이라 딱히 뭘 하는 건 아니고 배운다고 너무 바빠요. 커피를 매일 2잔 이상 마시네요.. 공부 많이 힘들죠? 수험생이세요?",
          "summary": "나는 매일 커피 두 잔 이상 마신다",
          "date": "2022-10-30",
          "time": "09:05:04",
          "terminate": "false"
        },
        {
          "speaker": "speaker1",
          "personaID": "10313",
          "participantID": "4014",
          "utterance": "아 그러시군요 수험생이라 힘들긴한데 학업보다 요즘은 부모님과 자주싸우는게 고민이네요",
          "summary": "나는 요즘 부모님과 자주 싸우는 것이 고민이다.",
          "date": "2022-10-30",
          "time": "13:15:10",
          "terminate": "false"
        },
        {
          "speaker": "speaker2",
          "personaID": "22379",
          "participantID": "3562",
          "utterance": "어떤 문제로 자주 마찰이 있으신가요? ",
          "summary": "",
          "date": "2022-10-30",
          "time": "15:01:02",
          "terminate": "false"
        },
        {
          "speaker": "speaker1",
          "personaID": "10313",
          "participantID": "4014",
          "utterance": "제가 성격이 털털한 편이여서 그런지 제 생각을 가감없이 부모님한테 말하는게 문제의 주원인인거 같아요 화가나도 좀 참고 평온해진 상태에서 이야기해야하는데 말이죠",
          "summary": "나는 성격이 털털한 편이라 생각을 가감 없이 부모님께 말하는 것이 문제의 주원인인 것 같다.",
          "date": "2022-10-30",
          "time": "19:18:16",
          "terminate": "false"
        },
        {
          "speaker": "speaker2",
          "personaID": "22379",
          "participantID": "3562",
          "utterance": "그래도 그렇게 문제를 인지하고 해결하려고 하는 태도를 가지고 있다는것 자체가 대단한거에요! 원만하게 해결되길 바라요. 저는 오늘 출근길에 스트레스를 너무 받았네요~ 노래로 기분전환 좀 했어요 제가 댄스 음악을 자주 듣거든요.",
          "summary": "나는 댄스 노래를 주로 듣는다",
          "date": "2022-10-31",
          "time": "10:57:31",
          "terminate": "false"
        },
        {
          "speaker": "speaker1",
          "personaID": "10313",
          "participantID": "4014",
          "utterance": "아 그러시군여 저는 그스트레스 받을때마다 판타지영화를 즐겨봅니다",
          "summary": "나는 스트레스받을 때마다 판타지 영화를 즐겨본다.",
          "date": "2022-10-31",
          "time": "11:38:13",
          "terminate": "false"
        },
        {
          "speaker": "speaker2",
          "personaID": "22379",
          "participantID": "3562",
          "utterance": "판타지 영화 중에 기억에 남는 영화가 있나요?",
          "summary": "",
          "date": "2022-10-31",
          "time": "21:35:45",
          "terminate": "false"
        },
        {
          "speaker": "speaker1",
          "personaID": "10313",
          "participantID": "4014",
          "utterance": "저는 판타지 영화중에 해리포터가 가장재미있더라구요 스토리도 좋고 배우들 연기도 좋잖아요",
          "summary": "나는 판타지 영화 중에 해리포터가 가장 재미있었다.",
          "date": "2022-10-31",
          "time": "21:45:04",
          "terminate": "false"
        },
        {
          "speaker": "speaker2",
          "personaID": "22379",
          "participantID": "3562",
          "utterance": "그렇죠! 해리포터는 책으로 읽으면 더 재밌다고 하던데 저는 아직 읽어보진 못했네요. 영화로만 5~6번씩 정주행 했던 것 같아요.",
          "summary": "",
          "date": "2022-10-31",
          "time": "21:53:08",
          "terminate": "false"
        },
        {
          "speaker": "speaker1",
          "personaID": "10313",
          "participantID": "4014",
          "utterance": "저도 책으로는 읽어본적없어요 영화가 좀더 자극적이니 몰입이 잘되니까요",
          "summary": "",
          "date": "2022-10-31",
          "time": "22:22:29",
          "terminate": "false"
        },
        {
          "speaker": "speaker2",
          "personaID": "22379",
          "participantID": "3562",
          "utterance": "네 맞아요! 저 일이 있어서 이만 가봐야 할 것 같아요. 다음에 또 대화해요!",
          "summary": "",
          "date": "2022-11-01",
          "time": "10:15:09",
          "terminate": "true"
        }
      ],
      "sessionPersonaSummary": {
        "speaker1": [
          "나는 10대 남성이다.",
          "나는 아직 학생이라 학교를 다니고 있다.",
          "나는 요즘 부모님과 자주 싸우는 것이 고민이다.",
          "나는 성격이 털털한 편이라 생각을 가감 없이 부모님께 말하는 것이 문제의 주원인인 것 같다.",
          "나는 스트레스받을 때마다 판타지 영화를 즐겨본다.",
          "나는 판타지 영화 중에 해리포터가 가장 재미있었다."
        ],
        "speaker2": [
          "나는 노무사로 일하는 20대 여성이다",
          "나는 매일 커피 두 잔 이상 마신다",
          "나는 댄스 노래를 주로 듣는다"
        ]
      },
      "prevAggregatedpersonaSummary": {
        "speaker1": [],
        "speaker2": []
      }
    },
    {
      "prevSessionID": "3-00465-1",
      "prevTimeInfo": {
        "timeNum": "1",
        "timeUnit": "일"
      },
      "nthSession": "2",
      "numberOfUtterances": "14",
      "numberOfTurns": "7",
      "sessionID": "3-00465-2",
      "dialog": [
        {
          "speaker": "speaker1",
          "personaID": "10313",
          "participantID": "4014",
          "utterance": "하루만인데 잠은 잘주무셨나요?",
          "summary": "",
          "date": "2022-11-01",
          "time": "13:11:23",
          "terminate": "false"
        },
        {
          "speaker": "speaker2",
          "personaID": "22379",
          "participantID": "3562",
          "utterance": "네 잘 잤습니다. 가을이 막바지에 이른 것 같은데 여행계획 있으신가요?",
          "summary": "",
          "date": "2022-11-02",
          "time": "22:04:01",
          "terminate": "false"
        },
        {
          "speaker": "speaker1",
          "personaID": "10313",
          "participantID": "4014",
          "utterance": "저는 이번주에 친구랑 같이 한국시리즈 보러갈려구요 친구가 키움팬인데 제가 한국시리즈 가면 놀러간다고 약속해서 서울 나들이 계획세우고 있습니다 제가 대구살아서 서울에 자주놀러가진 않거든요",
          "summary": "나는 이번 주에 친구와 한국 시리즈 보러 서울에 간다.",
          "date": "2022-11-02",
          "time": "22:18:52",
          "terminate": "false"
        },
        {
          "speaker": "speaker2",
          "personaID": "22379",
          "participantID": "3562",
          "utterance": "야구 경기 말씀이신가요? 제가 야구는 아예 안봐서요! 저도 동생이 여자친구랑 서울간다고 이야기하던데 사실 저도 서울은 잘 안가서 제가 딱히 해줄 말이 없더라구요~",
          "summary": "",
          "date": "2022-11-02",
          "time": "22:22:51",
          "terminate": "false"
        },
        {
          "speaker": "speaker1",
          "personaID": "10313",
          "participantID": "4014",
          "utterance": "아 그러시군요 저는 놀러가면 맛집 가는것도 되게 좋아해서 가면 맛집 어디갈지도 찾아보고있어요",
          "summary": "나는 놀러 가면 맛집 가는 것을 좋아한다.",
          "date": "2022-11-02",
          "time": "22:39:14",
          "terminate": "false"
        },
        {
          "speaker": "speaker2",
          "personaID": "22379",
          "participantID": "3562",
          "utterance": "맞아요. 여행은 맛있는 음식을 먹었을때 기억이 좋은 것 같아요. 여행하실때는 어떤 점을 제일 중요하게 생각하시나요?",
          "summary": "",
          "date": "2022-11-02",
          "time": "22:43:15",
          "terminate": "false"
        },
        {
          "speaker": "speaker1",
          "personaID": "10313",
          "participantID": "4014",
          "utterance": "저도 일단 가서 새로운걸 먹는걸 좋아해서 음식이 가장신경쓰고요 나머지는 뭐 풍경이랑 즐길거리위주로봅니다",
          "summary": "나는 새로운 음식을 먹는 것을 좋아한다.",
          "date": "2022-11-14",
          "time": "18:33:29",
          "terminate": "false"
        },
        {
          "speaker": "speaker2",
          "personaID": "22379",
          "participantID": "3562",
          "utterance": "저는 음식은 @브랜드@만 먹어도 만족하는 편이라 풍경이나 그 나라에서만 탈 수 있는 교통수단 타보는걸 좋아해요. 태국이 그런케이스라 재밌게 다녀왔었어요",
          "summary": "",
          "date": "2022-11-14",
          "time": "19:06:04",
          "terminate": "false"
        },
        {
          "speaker": "speaker1",
          "personaID": "10313",
          "participantID": "4014",
          "utterance": "아 그러시군요 태국은 너무 어릴때 가봐서 기억이 잘안나는에 추천여행지 있으시간요?",
          "summary": "나는 태국은 너무 어릴 때 가봐서 기억이 잘 나지 않는다.",
          "date": "2022-11-14",
          "time": "22:00:32",
          "terminate": "false"
        },
        {
          "speaker": "speaker2",
          "personaID": "22379",
          "participantID": "3562",
          "utterance": "저는 태국 일주일 정도 머물렀었는데 방콕, 파타야, 치앙마이 세군데를 갔어요. 치앙마이를 너무 짧게갔어서 아쉬웠어요.  세 곳 중엔 치앙마이가 제일 좋았어요. 밤기차랑 수상택시도 기억에 남아요!",
          "summary": "나는 태국에 일주일 정도 여행을 갔다",
          "date": "2022-11-15",
          "time": "17:09:51",
          "terminate": "false"
        },
        {
          "speaker": "speaker1",
          "personaID": "10313",
          "participantID": "4014",
          "utterance": "치앙마이는 첨들어보네요 한번 다음에 갈여행지 목록에 넣어둬야겠어요 저는 일본이랑 제주도 고민하다가 아마 제주도 갈꺼같아요",
          "summary": "나는 다음에 태국에 갈 때 치앙마이에 가볼 생각이다. 나는 일본과 제주도 중 고민하다 제주도로 여행 가기로 결정했다.",
          "date": "2022-11-15",
          "time": "18:13:39",
          "terminate": "false"
        },
        {
          "speaker": "speaker2",
          "personaID": "22379",
          "participantID": "3562",
          "utterance": "제주도에는 몇일동안 가시는거에요?",
          "summary": "",
          "date": "2022-11-16",
          "time": "10:23:20",
          "terminate": "false"
        },
        {
          "speaker": "speaker1",
          "personaID": "10313",
          "participantID": "4014",
          "utterance": "4박5일정도로 생각중이에요 너무 짧으면 재미없을꺼같아서요",
          "summary": "나는 4박 5일 정도로 여행을 계획 중이다.",
          "date": "2022-11-16",
          "time": "11:12:27",
          "terminate": "false"
        },
        {
          "speaker": "speaker2",
          "personaID": "22379",
          "participantID": "3562",
          "utterance": "그렇죠. 여유롭게 다녀오는게 좋다고 생각해요. 우리는 다음에 또 대화해요",
          "summary": "",
          "date": "2022-11-16",
          "time": "11:14:43",
          "terminate": "true"
        }
      ],
      "sessionPersonaSummary": {
        "speaker1": [
          "나는 이번 주에 친구와 한국 시리즈 보러 서울에 간다.",
          "나는 놀러 가면 맛집 가는 것을 좋아한다.",
          "나는 새로운 음식을 먹는 것을 좋아한다.",
          "나는 태국은 너무 어릴 때 가봐서 기억이 잘 나지 않는다.",
          "나는 다음에 태국에 갈 때 치앙마이에 가볼 생각이다.",
          "나는 일본과 제주도 중 고민하다 제주도로 여행 가기로 결정했다.",
          "나는 4박 5일 정도로 여행을 계획 중이다."
        ],
        "speaker2": [
          "나는 태국에 일주일 정도 여행을 갔다"
        ]
      },
      "prevAggregatedpersonaSummary": {
        "speaker1": [
          "나는 10대 남성이다.",
          "나는 아직 학생이라 학교를 다니고 있다.",
          "나는 요즘 부모님과 자주 싸우는 것이 고민이다.",
          "나는 성격이 털털한 편이라 생각을 가감 없이 부모님께 말하는 것이 문제의 주원인인 것 같다.",
          "나는 스트레스받을 때마다 판타지 영화를 즐겨본다.",
          "나는 판타지 영화 중에 해리포터가 가장 재미있었다."
        ],
        "speaker2": [
          "나는 노무사로 일하는 20대 여성이다",
          "나는 매일 커피 두 잔 이상 마신다",
          "나는 댄스 노래를 주로 듣는다"
        ]
      }
    },
    {
      "prevSessionID": "3-00465-2",
      "prevTimeInfo": {
        "timeNum": "35",
        "timeUnit": "시간"
      },
      "nthSession": "3",
      "numberOfUtterances": "14",
      "numberOfTurns": "7",
      "sessionID": "3-00465-3",
      "dialog": [
        {
          "speaker": "speaker1",
          "personaID": "10313",
          "participantID": "4014",
          "utterance": "35시간많이네요 이틀동안 뭐하셨나요??",
          "summary": "",
          "date": "2022-11-16",
          "time": "13:21:36",
          "terminate": "false"
        },
        {
          "speaker": "speaker2",
          "personaID": "22379",
          "participantID": "3562",
          "utterance": "그냥 평범한 일상을 보냈어요~ 제주도 여행계획은 어느정도 세우고 계신가요?",
          "summary": "",
          "date": "2022-11-16",
          "time": "14:45:10",
          "terminate": "false"
        },
        {
          "speaker": "speaker1",
          "personaID": "10313",
          "participantID": "4014",
          "utterance": "일단 비행기표 한번찾아보고있어요 왠만하면 싸게 다녀오고 싶어서요",
          "summary": "나는 일단 비행기표를 한 번 찾아보고 있다.",
          "date": "2022-11-16",
          "time": "18:17:39",
          "terminate": "false"
        },
        {
          "speaker": "speaker2",
          "personaID": "22379",
          "participantID": "3562",
          "utterance": "그렇죠 같은 퀄리티 차이가 너무 많이 나지 않으면 모든 부분에서 경비는 줄여서 다녀오는게 좋은 것 같아요 저는 경비 절약해서 돌아올때 이것저것 사오거든요",
          "summary": "",
          "date": "2022-11-17",
          "time": "09:50:57",
          "terminate": "false"
        },
        {
          "speaker": "speaker1",
          "personaID": "10313",
          "participantID": "4014",
          "utterance": "저두요 저두 숙박비랑 교통비 아끼고 쇼핑에 더쓰는게 좋은거같아요",
          "summary": "나는 숙박비랑 교통비를 아껴 쇼핑에 사용하는 것이 더 좋다.",
          "date": "2022-11-17",
          "time": "10:57:53",
          "terminate": "false"
        },
        {
          "speaker": "speaker2",
          "personaID": "22379",
          "participantID": "3562",
          "utterance": "그렇죠. 저는 면세점에서 양주사는데 돈을 많이 쓰는편이에요! 주류가 면세할인 가성비가 제일 좋더라구요",
          "summary": "나는 여행 시 면세점 주류에 많이 쓴다",
          "date": "2022-11-17",
          "time": "10:59:43",
          "terminate": "false"
        },
        {
          "speaker": "speaker1",
          "personaID": "10313",
          "participantID": "4014",
          "utterance": "그렇군요 아직 학생이라 술을 안마셔봐서 잘모르겠네요",
          "summary": "나는 아직 학생이라 술을 안 마셔봤다.",
          "date": "2022-11-17",
          "time": "11:00:35",
          "terminate": "false"
        },
        {
          "speaker": "speaker2",
          "personaID": "22379",
          "participantID": "3562",
          "utterance": "나중에 성인이 되고나면 한번 구매해보세요! 면세금액에 많이 커서 쏠쏠해요~",
          "summary": "",
          "date": "2022-11-17",
          "time": "11:03:01",
          "terminate": "false"
        },
        {
          "speaker": "speaker1",
          "personaID": "10313",
          "participantID": "4014",
          "utterance": "저두 내년엔 술먹을수있으니 유튭에서 술종류를 본적이있는데 궁금하네여",
          "summary": "나는 내년에 술을 마실 수 있다.",
          "date": "2022-11-17",
          "time": "11:25:45",
          "terminate": "false"
        },
        {
          "speaker": "speaker2",
          "personaID": "22379",
          "participantID": "3562",
          "utterance": "술이 종류가 워낙 많으니까 취향에 맞는 술 찾는 재미도 있을거에요~ 근데 간혹 알콜 자체에 민감한 사람들도 있더라구요 ",
          "summary": "",
          "date": "2022-11-17",
          "time": "12:36:39",
          "terminate": "false"
        },
        {
          "speaker": "speaker1",
          "personaID": "10313",
          "participantID": "4014",
          "utterance": "아 그렇군요 혹시 추천하시는 종류 있으신가요??",
          "summary": "",
          "date": "2022-11-17",
          "time": "16:28:12",
          "terminate": "false"
        },
        {
          "speaker": "speaker2",
          "personaID": "22379",
          "participantID": "3562",
          "utterance": "저는 위스키는 싱글몰트나 블렌디드나 전부 좋아해요. 가성비 좋아서 항상 집에 있는건 맥캘란이라는 술인데 향이 얕지도 않고 너무 진하지도 않고 하이볼로 마실게 아니라면 추천해요~ ",
          "summary": "나는 위스키를 좋아한다",
          "date": "2022-11-17",
          "time": "16:46:24",
          "terminate": "false"
        },
        {
          "speaker": "speaker1",
          "personaID": "10313",
          "participantID": "4014",
          "utterance": "맥켈란이요 한번 적어두고 참고해야겠나요",
          "summary": "",
          "date": "2022-11-17",
          "time": "18:02:02",
          "terminate": "false"
        },
        {
          "speaker": "speaker2",
          "personaID": "22379",
          "participantID": "3562",
          "utterance": "네 나중에 시도해보세요~ 다음에 봐요~",
          "summary": "",
          "date": "2022-11-17",
          "time": "20:01:13",
          "terminate": "true"
        }
      ],
      "sessionPersonaSummary": {
        "speaker1": [
          "나는 일단 비행기표를 한 번 찾아보고 있다.",
          "나는 숙박비랑 교통비를 아껴 쇼핑에 사용하는 것이 더 좋다.",
          "나는 아직 학생이라 술을 안 마셔봤다.",
          "나는 내년에 술을 마실 수 있다."
        ],
        "speaker2": [
          "나는 여행 시 면세점 주류에 많이 쓴다",
          "나는 위스키를 좋아한다"
        ]
      },
      "prevAggregatedpersonaSummary": {
        "speaker1": [
          "나는 10대 남성이다.",
          "나는 아직 학생이라 학교를 다니고 있다.",
          "나는 요즘 부모님과 자주 싸우는 것이 고민이다.",
          "나는 성격이 털털한 편이라 생각을 가감 없이 부모님께 말하는 것이 문제의 주원인인 것 같다.",
          "나는 스트레스받을 때마다 판타지 영화를 즐겨본다.",
          "나는 판타지 영화 중에 해리포터가 가장 재미있었다.",
          "나는 이번 주에 친구와 한국 시리즈 보러 서울에 간다.",
          "나는 놀러 가면 맛집 가는 것을 좋아한다.",
          "나는 새로운 음식을 먹는 것을 좋아한다.",
          "나는 태국은 너무 어릴 때 가봐서 기억이 잘 나지 않는다.",
          "나는 다음에 태국에 갈 때 치앙마이에 가볼 생각이다.",
          "나는 일본과 제주도 중 고민하다 제주도로 여행 가기로 결정했다.",
          "나는 4박 5일 정도로 여행을 계획 중이다."
        ],
        "speaker2": [
          "나는 노무사로 일하는 20대 여성이다",
          "나는 매일 커피 두 잔 이상 마신다",
          "나는 댄스 노래를 주로 듣는다",
          "나는 태국에 일주일 정도 여행을 갔다"
        ]
      }
    }
  ]
}