{
  "FileInfo": {
    "filename": "K3-00315-CL20464-CP31236-12-01-S3.json",
    "sessionLevel": "3"
  },
  "participantsInfo": {
    "numberOfParticipants": "2",
    "speaker1": {
      "participantID": "2210",
      "gender": "남성",
      "age": "20대",
      "occupation": "자영업",
      "bPlace": "대전/세종/충청/강원",
      "gPlace": "대전/세종/충청/강원",
      "rPlace": "대전/세종/충청/강원",
      "educationLevel": "대졸"
    },
    "speaker2": {
      "participantID": "2146",
      "gender": "남성",
      "age": "30대",
      "occupation": "사무직",
      "bPlace": "서울/경기/인천",
      "gPlace": "서울/경기/인천",
      "rPlace": "서울/경기/인천",
      "educationLevel": "대졸"
    }
  },
  "multisessionInfo": {
    "multisessionID": "3-00315"
  },
  "personaInfo": {
    "clInfo": {
      "personaID": "20464",
      "personaFeatures": [
        "나는 남자이다.",
        "나는 20대이다.",
        "나는 강아지를 키우고 싶다.",
        "나는 매일 셔틀버스로 통학을 한다.",
        "나는 피아노 연주를 배우고 싶다."
      ],
      "speakerType": "speaker1"
    },
    "cpInfo": {
      "personaID": "31236",
      "personaFeatures": [
        "나는 남자이다.",
        "나는 30대이다.",
        "나는 수의사이다.",
        "나는 매일 괴롭다.",
        "나는 탕수육을 즐겨 먹는다."
      ],
      "speakerType": "speaker2"
    }
  },
  "topicInfo": {
    "topicID": "12-01",
    "topicType": "여가와 오락>여행",
    "topicTitle": "휴양지"
  },
  "sessionInfo": [
    {
      "prevSessionID": null,
      "prevTimeInfo": {
        "timeNum": null,
        "timeUnit": null
      },
      "nthSession": "1",
      "numberOfUtterances": "14",
      "numberOfTurns": "7",
      "sessionID": "3-00315-1",
      "dialog": [
        {
          "speaker": "speaker1",
          "personaID": "20464",
          "participantID": "2210",
          "utterance": "처음 뵙겠습니다 ㅎㅎ. 저는 20대 남자입니다!",
          "summary": "나는 20대 남자이다.",
          "date": "2022-10-14",
          "time": "12:58:18",
          "terminate": "false"
        },
        {
          "speaker": "speaker2",
          "personaID": "31236",
          "participantID": "2146",
          "utterance": "반가워요. 저도 30대 남자입니다. 안녕하세요~",
          "summary": "나는 30대 남자이다.",
          "date": "2022-10-14",
          "time": "12:58:28",
          "terminate": "false"
        },
        {
          "speaker": "speaker1",
          "personaID": "20464",
          "participantID": "2210",
          "utterance": "네! 어떤 일 하시는 분이세요? 30대시구나 ㅎㅎ.",
          "summary": "",
          "date": "2022-10-14",
          "time": "12:58:35",
          "terminate": "false"
        },
        {
          "speaker": "speaker2",
          "personaID": "31236",
          "participantID": "2146",
          "utterance": "저는 수의사에요. 님은 무슨일 하시나요?",
          "summary": "나는 수의사이다.",
          "date": "2022-10-14",
          "time": "12:58:39",
          "terminate": "false"
        },
        {
          "speaker": "speaker1",
          "personaID": "20464",
          "participantID": "2210",
          "utterance": "저는 대학생입니다~ 매일 셔틀버스 타고 다니네요.",
          "summary": "나는 매일 셔틀버스로 통학을 한다.",
          "date": "2022-10-14",
          "time": "12:58:50",
          "terminate": "false"
        },
        {
          "speaker": "speaker2",
          "personaID": "31236",
          "participantID": "2146",
          "utterance": "아 그러시구나.ㅎ 님은 혹시 강아지 키우세요?",
          "summary": "",
          "date": "2022-10-14",
          "time": "12:59:11",
          "terminate": "false"
        },
        {
          "speaker": "speaker1",
          "personaID": "20464",
          "participantID": "2210",
          "utterance": "아~ 저도 키우고싶은데 ㅎㅎ. 보고 있어요 ㅎㅎ...",
          "summary": "나는 강아지를 키우고 싶다.",
          "date": "2022-10-14",
          "time": "12:59:17",
          "terminate": "false"
        },
        {
          "speaker": "speaker2",
          "personaID": "31236",
          "participantID": "2146",
          "utterance": "그러시구나.ㅎ 그러면 나중에 저한테 말씀 주세요~",
          "summary": "",
          "date": "2022-10-14",
          "time": "12:59:40",
          "terminate": "false"
        },
        {
          "speaker": "speaker1",
          "personaID": "20464",
          "participantID": "2210",
          "utterance": "그래요 ㅎㅎ. 그러면 수의사님 좋아하시는거 있나요?",
          "summary": "",
          "date": "2022-10-14",
          "time": "12:59:45",
          "terminate": "false"
        },
        {
          "speaker": "speaker2",
          "personaID": "31236",
          "participantID": "2146",
          "utterance": "저는 탕수육 좋아하는데.ㅎㅎ 님은 뭐 좋아하는거 있어요?",
          "summary": "나는 탕수육을 즐겨 먹는다.",
          "date": "2022-10-14",
          "time": "13:00:01",
          "terminate": "false"
        },
        {
          "speaker": "speaker1",
          "personaID": "20464",
          "participantID": "2210",
          "utterance": "저도 짜짱이랑 먹는거 좋아해요. 저는 요즘 피아노가 배우싶네요.",
          "summary": "나는 피아노 연주를 배우고 싶다.",
          "date": "2022-10-14",
          "time": "13:00:06",
          "terminate": "false"
        },
        {
          "speaker": "speaker2",
          "personaID": "31236",
          "participantID": "2146",
          "utterance": "그러시구나.ㅋㅋ 근데 요즘 다이어트 하느라고 전 못먹어서 괴롭네요~",
          "summary": "나는 매일 괴롭다.",
          "date": "2022-10-14",
          "time": "13:00:20",
          "terminate": "false"
        },
        {
          "speaker": "speaker1",
          "personaID": "20464",
          "participantID": "2210",
          "utterance": "아~ 다이어트! 화이팅 하시구요! 저는 수업 가볼게요!",
          "summary": "",
          "date": "2022-10-14",
          "time": "13:00:27",
          "terminate": "false"
        },
        {
          "speaker": "speaker2",
          "personaID": "31236",
          "participantID": "2146",
          "utterance": "네.ㅎ 그럼 다음에 또 봐요~ 수고하세요.",
          "summary": "",
          "date": "2022-10-14",
          "time": "13:00:40",
          "terminate": "true"
        }
      ],
      "sessionPersonaSummary": {
        "speaker1": [
          "나는 20대 남자이다.",
          "나는 매일 셔틀버스로 통학을 한다.",
          "나는 강아지를 키우고 싶다.",
          "나는 피아노 연주를 배우고 싶다."
        ],
        "speaker2": [
          "나는 30대 남자이다.",
          "나는 수의사이다.",
          "나는 탕수육을 즐겨 먹는다.",
          "나는 매일 괴롭다."
        ]
      },
      "prevAggregatedpersonaSummary": {
        "speaker1": [],
        "speaker2": []
      }
    },
    {
      "prevSessionID": "3-00315-1",
      "prevTimeInfo": {
        "timeNum": "2",
        "timeUnit": "일"
      },
      "nthSession": "2",
      "numberOfUtterances": "14",
      "numberOfTurns": "7",
      "sessionID": "3-00315-2",
      "dialog": [
        {
          "speaker": "speaker1",
          "personaID": "20464",
          "participantID": "2210",
          "utterance": "이틀만입니다 ㅎㅎ. 오늘은 좀 여유있으신가요?",
          "summary": "",
          "date": "2022-10-14",
          "time": "13:00:41",
          "terminate": "false"
        },
        {
          "speaker": "speaker2",
          "personaID": "31236",
          "participantID": "2146",
          "utterance": "반갑습니다. 오늘은 시간 좀 나네요~ 무슨일 있나요?",
          "summary": "",
          "date": "2022-10-14",
          "time": "13:00:59",
          "terminate": "false"
        },
        {
          "speaker": "speaker1",
          "personaID": "20464",
          "participantID": "2210",
          "utterance": "그러시구나~ 요즘 곧 방학인데 여행좀 갈까하는데 ㅎㅎ.",
          "summary": "나는 여행을 간다.",
          "date": "2022-10-14",
          "time": "13:01:02",
          "terminate": "false"
        },
        {
          "speaker": "speaker2",
          "personaID": "31236",
          "participantID": "2146",
          "utterance": "그랬구나. 그러면 어디로 가시려는데요?",
          "summary": "",
          "date": "2022-10-14",
          "time": "13:01:29",
          "terminate": "false"
        },
        {
          "speaker": "speaker1",
          "personaID": "20464",
          "participantID": "2210",
          "utterance": "수의사님이면 아무래도 좋은 휴양지 알거같아서 물어보려고요.",
          "summary": "",
          "date": "2022-10-14",
          "time": "13:01:31",
          "terminate": "false"
        },
        {
          "speaker": "speaker2",
          "personaID": "31236",
          "participantID": "2146",
          "utterance": "ㅋㅋ. 글쎄요. 저는 바빠서 이곳저곳 다니질 못해서요.",
          "summary": "나는 바쁘다.",
          "date": "2022-10-14",
          "time": "13:01:52",
          "terminate": "false"
        },
        {
          "speaker": "speaker1",
          "personaID": "20464",
          "participantID": "2210",
          "utterance": "아 그래요? 그러면 결혼으로 신혼여행이나 그런거 안가보셨나요?",
          "summary": "",
          "date": "2022-10-14",
          "time": "13:01:55",
          "terminate": "false"
        },
        {
          "speaker": "speaker2",
          "personaID": "31236",
          "participantID": "2146",
          "utterance": "저는 미혼이라서요. 님은 결혼 하셨어요?",
          "summary": "나는 미혼이다.",
          "date": "2022-10-14",
          "time": "13:02:19",
          "terminate": "false"
        },
        {
          "speaker": "speaker1",
          "personaID": "20464",
          "participantID": "2210",
          "utterance": "ㅋㅋㅋ. 저는 당연히 미혼입니다~ 그러시구나 ㅎㅎ...",
          "summary": "나는 미혼이다.",
          "date": "2022-10-14",
          "time": "13:02:24",
          "terminate": "false"
        },
        {
          "speaker": "speaker2",
          "personaID": "31236",
          "participantID": "2146",
          "utterance": "그렇겠죠.ㅋㅋ 휴양지라면 오키나와 한번 가본게 다에요.",
          "summary": "나는 오키나와에 가봤다.",
          "date": "2022-10-14",
          "time": "13:02:37",
          "terminate": "false"
        },
        {
          "speaker": "speaker1",
          "personaID": "20464",
          "participantID": "2210",
          "utterance": "오키나와요? 별로일거같은데 좋았어요?",
          "summary": "",
          "date": "2022-10-14",
          "time": "13:02:42",
          "terminate": "false"
        },
        {
          "speaker": "speaker2",
          "personaID": "31236",
          "participantID": "2146",
          "utterance": "네. 거기가 가깝고 하와이 괌보다는 가격이 싸서요. 그래도 좋아요.",
          "summary": "",
          "date": "2022-10-14",
          "time": "13:02:54",
          "terminate": "false"
        },
        {
          "speaker": "speaker1",
          "personaID": "20464",
          "participantID": "2210",
          "utterance": "그렇구나 괌이 싼줄 알았는데 ㅎㅎ. 좋은 정보네요~ 감사해요!",
          "summary": "",
          "date": "2022-10-14",
          "time": "13:02:57",
          "terminate": "false"
        },
        {
          "speaker": "speaker2",
          "personaID": "31236",
          "participantID": "2146",
          "utterance": "제주도보다는 훨씬 나은 휴양지라고 할 수 있겠네요.ㅋㅋ 그럼 다음에 봐요~",
          "summary": "",
          "date": "2022-10-14",
          "time": "13:03:11",
          "terminate": "true"
        }
      ],
      "sessionPersonaSummary": {
        "speaker1": [
          "나는 여행을 간다.",
          "나는 미혼이다."
        ],
        "speaker2": [
          "나는 바쁘다.",
          "나는 미혼이다.",
          "나는 오키나와에 가봤다."
        ]
      },
      "prevAggregatedpersonaSummary": {
        "speaker1": [
          "나는 20대 남자이다.",
          "나는 매일 셔틀버스로 통학을 한다.",
          "나는 강아지를 키우고 싶다.",
          "나는 피아노 연주를 배우고 싶다."
        ],
        "speaker2": [
          "나는 30대 남자이다.",
          "나는 수의사이다.",
          "나는 탕수육을 즐겨 먹는다.",
          "나는 매일 괴롭다."
        ]
      }
    },
    {
      "prevSessionID": "3-00315-2",
      "prevTimeInfo": {
        "timeNum": "2",
        "timeUnit": "일"
      },
      "nthSession": "3",
      "numberOfUtterances": "14",
      "numberOfTurns": "7",
      "sessionID": "3-00315-3",
      "dialog": [
        {
          "speaker": "speaker1",
          "personaID": "20464",
          "participantID": "2210",
          "utterance": "이틀만입니다. 오늘도 진료하시나요?",
          "summary": "",
          "date": "2022-10-14",
          "time": "13:03:16",
          "terminate": "false"
        },
        {
          "speaker": "speaker2",
          "personaID": "31236",
          "participantID": "2146",
          "utterance": "반가워요. 오랜만입니다. 오늘 당연히 진료 하지요.",
          "summary": "",
          "date": "2022-10-14",
          "time": "13:03:33",
          "terminate": "false"
        },
        {
          "speaker": "speaker1",
          "personaID": "20464",
          "participantID": "2210",
          "utterance": "그렇구나. 병원은 한주에 쉬는 날이 없으세요?",
          "summary": "",
          "date": "2022-10-14",
          "time": "13:03:43",
          "terminate": "false"
        },
        {
          "speaker": "speaker2",
          "personaID": "31236",
          "participantID": "2146",
          "utterance": "화요일 수요일은 쉬어요.ㅎㅎ 주말에 못쉬네요..",
          "summary": "나는 주말에 쉬지 못한다.",
          "date": "2022-10-14",
          "time": "13:03:56",
          "terminate": "false"
        },
        {
          "speaker": "speaker1",
          "personaID": "20464",
          "participantID": "2210",
          "utterance": "그렇구나 ㅎㅎ. 일은 어떠세요? 수의사 힘들거같은데...",
          "summary": "",
          "date": "2022-10-14",
          "time": "13:04:11",
          "terminate": "false"
        },
        {
          "speaker": "speaker2",
          "personaID": "31236",
          "participantID": "2146",
          "utterance": "그냥저냥 할만한거 같아요. 제가 동물을 좋아해서요.",
          "summary": "나는 동물을 좋아한다.",
          "date": "2022-10-14",
          "time": "13:04:23",
          "terminate": "false"
        },
        {
          "speaker": "speaker1",
          "personaID": "20464",
          "participantID": "2210",
          "utterance": "역시 의사는 할만한게 좋아해야 하는거같아요.",
          "summary": "",
          "date": "2022-10-14",
          "time": "13:04:31",
          "terminate": "false"
        },
        {
          "speaker": "speaker2",
          "personaID": "31236",
          "participantID": "2146",
          "utterance": "맞아요. 일반 의사는 특히 좀 긍지같은것이 있어야 할만하죠.",
          "summary": "",
          "date": "2022-10-14",
          "time": "13:04:52",
          "terminate": "false"
        },
        {
          "speaker": "speaker1",
          "personaID": "20464",
          "participantID": "2210",
          "utterance": "그런거같아요. 의사는 시켜준다해도 안할래요 ㅋㅋ.",
          "summary": "나는 의사가 싫다.",
          "date": "2022-10-14",
          "time": "13:04:58",
          "terminate": "false"
        },
        {
          "speaker": "speaker2",
          "personaID": "31236",
          "participantID": "2146",
          "utterance": "근데 요즘은 너무 돈만 보고 하는 의사들이 많은거 같아서 슬픕니다.",
          "summary": "",
          "date": "2022-10-14",
          "time": "13:05:11",
          "terminate": "false"
        },
        {
          "speaker": "speaker1",
          "personaID": "20464",
          "participantID": "2210",
          "utterance": "그런 분들도 레지던트 하고 진료하는게 대단하다 생각해요 ㅋㅋ.",
          "summary": "",
          "date": "2022-10-14",
          "time": "13:05:16",
          "terminate": "false"
        },
        {
          "speaker": "speaker2",
          "personaID": "31236",
          "participantID": "2146",
          "utterance": "그야 지식은 있으니까 노동은 시키면 하는거죠.ㅋㅋ.",
          "summary": "",
          "date": "2022-10-14",
          "time": "13:05:39",
          "terminate": "false"
        },
        {
          "speaker": "speaker1",
          "personaID": "20464",
          "participantID": "2210",
          "utterance": "그러면 저는 다음에 연락할게요! 또 연락해요~",
          "summary": "",
          "date": "2022-10-14",
          "time": "13:05:46",
          "terminate": "false"
        },
        {
          "speaker": "speaker2",
          "personaID": "31236",
          "participantID": "2146",
          "utterance": "그래요~ 그럼 님도 공부 열심히 하시고 다음에 또 봐요~",
          "summary": "",
          "date": "2022-10-14",
          "time": "13:05:51",
          "terminate": "true"
        }
      ],
      "sessionPersonaSummary": {
        "speaker1": [
          "나는 의사가 싫다."
        ],
        "speaker2": [
          "나는 주말에 쉬지 못한다.",
          "나는 동물을 좋아한다."
        ]
      },
      "prevAggregatedpersonaSummary": {
        "speaker1": [
          "나는 20대 남자이다.",
          "나는 매일 셔틀버스로 통학을 한다.",
          "나는 강아지를 키우고 싶다.",
          "나는 피아노 연주를 배우고 싶다.",
          "나는 여행을 간다.",
          "나는 미혼이다."
        ],
        "speaker2": [
          "나는 30대 남자이다.",
          "나는 수의사이다.",
          "나는 탕수육을 즐겨 먹는다.",
          "나는 매일 괴롭다.",
          "나는 바쁘다.",
          "나는 미혼이다.",
          "나는 오키나와에 가봤다."
        ]
      }
    }
  ]
}