{
  "FileInfo": {
    "filename": "K3-00214-CL05093-CP01548-14-04-S3.json",
    "sessionLevel": "3"
  },
  "participantsInfo": {
    "numberOfParticipants": "2",
    "speaker1": {
      "participantID": "0810",
      "gender": "여성",
      "age": "50대",
      "occupation": "무직",
      "bPlace": "부산/대구/울산/경상",
      "gPlace": "부산/대구/울산/경상",
      "rPlace": "부산/대구/울산/경상",
      "educationLevel": "대졸"
    },
    "speaker2": {
      "participantID": "0781",
      "gender": "여성",
      "age": "20대",
      "occupation": "사무직",
      "bPlace": "서울/경기/인천",
      "gPlace": "서울/경기/인천",
      "rPlace": "서울/경기/인천",
      "educationLevel": "대졸"
    }
  },
  "multisessionInfo": {
    "multisessionID": "3-00214"
  },
  "personaInfo": {
    "clInfo": {
      "personaID": "05093",
      "personaFeatures": [
        "나는 여자이다.",
        "나는 50대이다.",
        "나의 남자 형제는 선생님이다.",
        "나는 야구를 자주 한다.",
        "나는 일식을 싫어한다."
      ],
      "speakerType": "speaker1"
    },
    "cpInfo": {
      "personaID": "01548",
      "personaFeatures": [
        "나는 여자이다.",
        "나는 20대이다.",
        "나는 동료와 협력한다.",
        "나는 요즘, 자주 외롭다.",
        "나는 방사선사이다."
      ],
      "speakerType": "speaker2"
    }
  },
  "topicInfo": {
    "topicID": "14-04",
    "topicType": "시사/사회>사회이슈(국내)",
    "topicTitle": "법과 제도"
  },
  "sessionInfo": [
    {
      "prevSessionID": null,
      "prevTimeInfo": {
        "timeNum": null,
        "timeUnit": null
      },
      "nthSession": "1",
      "numberOfUtterances": "16",
      "numberOfTurns": "8",
      "sessionID": "3-00214-1",
      "dialog": [
        {
          "speaker": "speaker1",
          "personaID": "05093",
          "participantID": "0810",
          "utterance": "안녕하세요 저는 50대 여자입니다 ㅎㅎ 반가워요 ~",
          "summary": "나는 50대 여자이다.",
          "date": "2022-11-01",
          "time": "21:49:40",
          "terminate": "false"
        },
        {
          "speaker": "speaker2",
          "personaID": "01548",
          "participantID": "0781",
          "utterance": "네 저는 20대 이고 저도 여자입니다 ㅎ 반갑습니다.",
          "summary": "나는 20대 여자이다.",
          "date": "2022-11-01",
          "time": "21:49:48",
          "terminate": "false"
        },
        {
          "speaker": "speaker1",
          "personaID": "05093",
          "participantID": "0810",
          "utterance": "20대이시면 혈기왕성할떄이시네요 ㅎㅎ 직업이 어떻게 되시나요 ?",
          "summary": "",
          "date": "2022-11-01",
          "time": "21:50:01",
          "terminate": "false"
        },
        {
          "speaker": "speaker2",
          "personaID": "01548",
          "participantID": "0781",
          "utterance": "저는 방사선사로 일하고있어요 ~ 요즘따라 일하기가 힘드네요 ㅠ.",
          "summary": "나는 방사선사이다.",
          "date": "2022-11-01",
          "time": "21:50:14",
          "terminate": "false"
        },
        {
          "speaker": "speaker1",
          "personaID": "05093",
          "participantID": "0810",
          "utterance": "방사선사면 엄청 위험한일 아니예요 ? ㅠㅠ 일하기 왜 힘들어요.",
          "summary": "",
          "date": "2022-11-01",
          "time": "21:50:27",
          "terminate": "false"
        },
        {
          "speaker": "speaker2",
          "personaID": "01548",
          "participantID": "0781",
          "utterance": "동료들이랑 협력하는데 동료들이랑 의견이 잘안맞아서요 ..",
          "summary": "나는 동료와 협력한다.",
          "date": "2022-11-01",
          "time": "21:51:21",
          "terminate": "false"
        },
        {
          "speaker": "speaker1",
          "personaID": "05093",
          "participantID": "0810",
          "utterance": "그렇구나 ...많이 힘드시겠어요 ㅠ 일도 힘든일인데 ..",
          "summary": "",
          "date": "2022-11-01",
          "time": "21:51:33",
          "terminate": "false"
        },
        {
          "speaker": "speaker2",
          "personaID": "01548",
          "participantID": "0781",
          "utterance": "에휴 ..그러니까요 ㅠㅠ 그쪽은 직업이 어떻게 되시나요?",
          "summary": "",
          "date": "2022-11-01",
          "time": "21:51:46",
          "terminate": "false"
        },
        {
          "speaker": "speaker1",
          "personaID": "05093",
          "participantID": "0810",
          "utterance": "저는 따로 직업은 없고 가끔 남동생일 도와주고있어요.",
          "summary": "나는 직업이 따로 없다.",
          "date": "2022-11-01",
          "time": "21:51:55",
          "terminate": "false"
        },
        {
          "speaker": "speaker2",
          "personaID": "01548",
          "participantID": "0781",
          "utterance": "아 그래요 ? 남동생분이 무슨일을 하시는데요 ? ㅎ.",
          "summary": "",
          "date": "2022-11-01",
          "time": "21:52:02",
          "terminate": "false"
        },
        {
          "speaker": "speaker1",
          "personaID": "05093",
          "participantID": "0810",
          "utterance": "저희 남동생은 선생님이라 ...자료 준비할게 많거든요 ㅎㅎ 가끔 도와줘요.",
          "summary": "나의 남자 형제는 선생님이다.",
          "date": "2022-11-01",
          "time": "21:52:15",
          "terminate": "false"
        },
        {
          "speaker": "speaker2",
          "personaID": "01548",
          "participantID": "0781",
          "utterance": "그렇구나 ㅎㅎ 남매분이 사이가 좋으시네요 ~ 보기좋아요.",
          "summary": "",
          "date": "2022-11-01",
          "time": "21:52:27",
          "terminate": "false"
        },
        {
          "speaker": "speaker1",
          "personaID": "05093",
          "participantID": "0810",
          "utterance": "어렸을떄부터 둘이 야구도 자주하고 같이 잘 놀아서 그래요 ㅎㅎ.",
          "summary": "나는 야구를 자주 한다.",
          "date": "2022-11-01",
          "time": "21:52:40",
          "terminate": "false"
        },
        {
          "speaker": "speaker2",
          "personaID": "01548",
          "participantID": "0781",
          "utterance": "저도 그런 형제 있었으면 좋았을텐데 .. 요즘 자주 외롭네요.",
          "summary": "나는 요즘 자주 외롭다.",
          "date": "2022-11-01",
          "time": "21:52:52",
          "terminate": "false"
        },
        {
          "speaker": "speaker1",
          "personaID": "05093",
          "participantID": "0810",
          "utterance": "어이구 ㅠㅠㅠ 여러모로 요즘 많이 힘든시기인가보네요 ...힘내세요 ㅠ.",
          "summary": "",
          "date": "2022-11-01",
          "time": "21:53:08",
          "terminate": "false"
        },
        {
          "speaker": "speaker2",
          "personaID": "01548",
          "participantID": "0781",
          "utterance": "네 ㅎㅎ 걱정해주셔서 감사해요 ~ 저는 이제 다시 일하러 가봐야겠네요 ~그럼.",
          "summary": "",
          "date": "2022-11-01",
          "time": "21:53:22",
          "terminate": "true"
        }
      ],
      "sessionPersonaSummary": {
        "speaker1": [
          "나는 50대 여자이다.",
          "나는 직업이 따로 없다.",
          "나의 남자 형제는 선생님이다.",
          "나는 야구를 자주 한다."
        ],
        "speaker2": [
          "나는 20대 여자이다.",
          "나는 방사선사이다.",
          "나는 동료와 협력한다.",
          "나는 요즘 자주 외롭다."
        ]
      },
      "prevAggregatedpersonaSummary": {
        "speaker1": [],
        "speaker2": []
      }
    },
    {
      "prevSessionID": "3-00214-1",
      "prevTimeInfo": {
        "timeNum": "3",
        "timeUnit": "주"
      },
      "nthSession": "2",
      "numberOfUtterances": "18",
      "numberOfTurns": "9",
      "sessionID": "3-00214-2",
      "dialog": [
        {
          "speaker": "speaker1",
          "personaID": "05093",
          "participantID": "0810",
          "utterance": "3주동안 잘 지내셨나요 ? ㅎ 오랜만에 연락하네요.",
          "summary": "",
          "date": "2022-11-01",
          "time": "21:53:51",
          "terminate": "false"
        },
        {
          "speaker": "speaker2",
          "personaID": "01548",
          "participantID": "0781",
          "utterance": "아뇨 ㅠㅠ 잘 못지냈어요 ...이번에 방사선 관련해서 많은게 바껴서 ..적응한다고 바쁘네요.",
          "summary": "나는 적응한다고 바쁘다.",
          "date": "2022-11-01",
          "time": "21:54:11",
          "terminate": "false"
        },
        {
          "speaker": "speaker1",
          "personaID": "05093",
          "participantID": "0810",
          "utterance": "아 안그래도 방사선 관련 법과 제도가 바뀐걸 들었어요.",
          "summary": "나는 법과 제도가 바뀐 것을 들었다.",
          "date": "2022-11-01",
          "time": "21:54:22",
          "terminate": "false"
        },
        {
          "speaker": "speaker2",
          "personaID": "01548",
          "participantID": "0781",
          "utterance": "네...법과 제도가 바뀌려면 저희한테 먼저 연락을 했었어야지 ..참 힘드네요.",
          "summary": "",
          "date": "2022-11-01",
          "time": "21:54:34",
          "terminate": "false"
        },
        {
          "speaker": "speaker1",
          "personaID": "05093",
          "participantID": "0810",
          "utterance": "법과 제도가 바뀐다고 많은게 바뀌는건가요 ?",
          "summary": "",
          "date": "2022-11-01",
          "time": "21:54:44",
          "terminate": "false"
        },
        {
          "speaker": "speaker2",
          "personaID": "01548",
          "participantID": "0781",
          "utterance": "아무래도 그런편이죠 ㅠㅠ 이번에 법과 제도 바뀐게 좀 많아서요.",
          "summary": "",
          "date": "2022-11-01",
          "time": "21:55:00",
          "terminate": "false"
        },
        {
          "speaker": "speaker1",
          "personaID": "05093",
          "participantID": "0810",
          "utterance": "여전히 고생이 많네요 .. 많이 힘드시겠어요 ㅠㅠ.",
          "summary": "",
          "date": "2022-11-01",
          "time": "21:55:19",
          "terminate": "false"
        },
        {
          "speaker": "speaker2",
          "personaID": "01548",
          "participantID": "0781",
          "utterance": "어휴 정말 ..갑자기 법과제도는 왜 바꿔서 사람을 고생시키는지 모르겠어요.",
          "summary": "",
          "date": "2022-11-01",
          "time": "21:55:32",
          "terminate": "false"
        },
        {
          "speaker": "speaker1",
          "personaID": "05093",
          "participantID": "0810",
          "utterance": "아마 일본때문에 그런거 아닐까요 ? 일본이 방사선때문에 난리였잖아요.",
          "summary": "",
          "date": "2022-11-01",
          "time": "21:55:56",
          "terminate": "false"
        },
        {
          "speaker": "speaker2",
          "personaID": "01548",
          "participantID": "0781",
          "utterance": "그럼 그때 법과 제도를 바꿨어야지 ..지금은 바뀐건 너무 이상해요.",
          "summary": "",
          "date": "2022-11-01",
          "time": "21:56:10",
          "terminate": "false"
        },
        {
          "speaker": "speaker1",
          "personaID": "05093",
          "participantID": "0810",
          "utterance": "ㅎ 지금은 그 방사선 처리한다고 일본이 바다에 뿌리니 마니 하잖아요.",
          "summary": "",
          "date": "2022-11-01",
          "time": "21:56:21",
          "terminate": "false"
        },
        {
          "speaker": "speaker2",
          "personaID": "01548",
          "participantID": "0781",
          "utterance": "그래서 법과 제도가 바뀐걸까요.. 일본이랑 저희랑 일하는 방식이 아예 다른데 ..",
          "summary": "",
          "date": "2022-11-01",
          "time": "21:56:44",
          "terminate": "false"
        },
        {
          "speaker": "speaker1",
          "personaID": "05093",
          "participantID": "0810",
          "utterance": "정부에서 그래도 안전하게 하기위해 바꾼거니 뭐..",
          "summary": "",
          "date": "2022-11-01",
          "time": "21:56:59",
          "terminate": "false"
        },
        {
          "speaker": "speaker2",
          "personaID": "01548",
          "participantID": "0781",
          "utterance": "안전하게 법과제도가 바뀌긴했지만 저희는 일이 너무 많아졌어요.",
          "summary": "나는 일이 많아졌다.",
          "date": "2022-11-01",
          "time": "21:57:09",
          "terminate": "false"
        },
        {
          "speaker": "speaker1",
          "personaID": "05093",
          "participantID": "0810",
          "utterance": "법과 제도 바꾸면서 노동자들은 생각을 안했나봐요 정부에서 ..",
          "summary": "",
          "date": "2022-11-01",
          "time": "21:57:29",
          "terminate": "false"
        },
        {
          "speaker": "speaker2",
          "personaID": "01548",
          "participantID": "0781",
          "utterance": "그러니까요 안전도 분명중요한데 저희도 있다는걸 생각을 좀 했으면 좋겠어요.",
          "summary": "",
          "date": "2022-11-01",
          "time": "21:57:42",
          "terminate": "false"
        },
        {
          "speaker": "speaker1",
          "personaID": "05093",
          "participantID": "0810",
          "utterance": "법과제도바뀐것때문에 화가 많이 나셨네요 ㅠㅠ 진정하시고 ..저는 약속이 있어서 나가봐야될것같아요.",
          "summary": "나는 약속이 있다.",
          "date": "2022-11-01",
          "time": "21:58:04",
          "terminate": "false"
        },
        {
          "speaker": "speaker2",
          "personaID": "01548",
          "participantID": "0781",
          "utterance": "ㅋㅋㅋ그렇게 많이 화가나진않았어요 ~ 나중에연락주세요.",
          "summary": "",
          "date": "2022-11-01",
          "time": "21:58:19",
          "terminate": "true"
        }
      ],
      "sessionPersonaSummary": {
        "speaker1": [
          "나는 법과 제도가 바뀐 것을 들었다.",
          "나는 약속이 있다."
        ],
        "speaker2": [
          "나는 적응한다고 바쁘다.",
          "나는 일이 많아졌다."
        ]
      },
      "prevAggregatedpersonaSummary": {
        "speaker1": [
          "나는 50대 여자이다.",
          "나는 직업이 따로 없다.",
          "나의 남자 형제는 선생님이다.",
          "나는 야구를 자주 한다."
        ],
        "speaker2": [
          "나는 20대 여자이다.",
          "나는 방사선사이다.",
          "나는 동료와 협력한다.",
          "나는 요즘 자주 외롭다."
        ]
      }
    },
    {
      "prevSessionID": "3-00214-2",
      "prevTimeInfo": {
        "timeNum": "5",
        "timeUnit": "일"
      },
      "nthSession": "3",
      "numberOfUtterances": "20",
      "numberOfTurns": "10",
      "sessionID": "3-00214-3",
      "dialog": [
        {
          "speaker": "speaker1",
          "personaID": "05093",
          "participantID": "0810",
          "utterance": "ㅎㅎ5일만이네요 ~ 진정은 좀 되셨나요 ? 그때 많이 흥분하셔서.",
          "summary": "",
          "date": "2022-11-01",
          "time": "21:58:55",
          "terminate": "false"
        },
        {
          "speaker": "speaker2",
          "personaID": "01548",
          "participantID": "0781",
          "utterance": "아 네 지금은 좀 괜찮아요 그래도 이젠 좀 적응이 됬네요.",
          "summary": "나는 이제 적응을 했다.",
          "date": "2022-11-01",
          "time": "21:59:04",
          "terminate": "false"
        },
        {
          "speaker": "speaker1",
          "personaID": "05093",
          "participantID": "0810",
          "utterance": "다행이네요 ~ 좀 있으면 더 적응될꺼예요 넘 걱정말아요.",
          "summary": "",
          "date": "2022-11-01",
          "time": "21:59:25",
          "terminate": "false"
        },
        {
          "speaker": "speaker2",
          "personaID": "01548",
          "participantID": "0781",
          "utterance": "그래야죠 ㅎ 그나저나 5일전에 약속은 잘 다녀오셨나요 ?",
          "summary": "",
          "date": "2022-11-01",
          "time": "21:59:40",
          "terminate": "false"
        },
        {
          "speaker": "speaker1",
          "personaID": "05093",
          "participantID": "0810",
          "utterance": "안그래도 5일전에 약속떄문에 친구랑 많이 싸웠어요 ㅋ.",
          "summary": "나는 친구와 많이 싸웠다.",
          "date": "2022-11-01",
          "time": "21:59:53",
          "terminate": "false"
        },
        {
          "speaker": "speaker2",
          "personaID": "01548",
          "participantID": "0781",
          "utterance": "왜요 ??? 친구분이랑 왜 싸우시게 된건지 궁금해요.",
          "summary": "",
          "date": "2022-11-01",
          "time": "22:00:19",
          "terminate": "false"
        },
        {
          "speaker": "speaker1",
          "personaID": "05093",
          "participantID": "0810",
          "utterance": "아 제가 일식을 싫어하는데 계속 일식을 먹으러 가자고해서요.",
          "summary": "나는 일식을 싫어한다.",
          "date": "2022-11-01",
          "time": "22:00:29",
          "terminate": "false"
        },
        {
          "speaker": "speaker2",
          "personaID": "01548",
          "participantID": "0781",
          "utterance": "아이고 ... 먹을거가지고 그럼 안되는데 ...서로 좋아하는거 드시러 가시지.",
          "summary": "",
          "date": "2022-11-01",
          "time": "22:00:41",
          "terminate": "false"
        },
        {
          "speaker": "speaker1",
          "personaID": "05093",
          "participantID": "0810",
          "utterance": "그러니까요 너무 이해가 안되서 많이 싸우고 아직 화해도 안했네요.",
          "summary": "나는 화해를 아직 안 했다.",
          "date": "2022-11-01",
          "time": "22:00:52",
          "terminate": "false"
        },
        {
          "speaker": "speaker2",
          "personaID": "01548",
          "participantID": "0781",
          "utterance": "ㅋㅋㅋㅋ근데 나이가 50대 이시라고 하시지않았나요 ?",
          "summary": "",
          "date": "2022-11-01",
          "time": "22:01:02",
          "terminate": "false"
        },
        {
          "speaker": "speaker1",
          "personaID": "05093",
          "participantID": "0810",
          "utterance": "네 맞아요 ㅋㅋㅋ 제가 생각해도 좀 유치한걸로 싸우긴했죠.",
          "summary": "",
          "date": "2022-11-01",
          "time": "22:01:12",
          "terminate": "false"
        },
        {
          "speaker": "speaker2",
          "personaID": "01548",
          "participantID": "0781",
          "utterance": "네 ㅋㅋㅋ싸운 주제가 너무 귀여우시네요 ㅋㅋ음식으로 싸우셨다니.",
          "summary": "",
          "date": "2022-11-01",
          "time": "22:01:25",
          "terminate": "false"
        },
        {
          "speaker": "speaker1",
          "personaID": "05093",
          "participantID": "0810",
          "utterance": "그땐 너무 배가고파서 그런건지 모르겠는데 넘 예민했거든요.",
          "summary": "나는 많이 예민했다.",
          "date": "2022-11-01",
          "time": "22:01:37",
          "terminate": "false"
        },
        {
          "speaker": "speaker2",
          "personaID": "01548",
          "participantID": "0781",
          "utterance": "에이 밥가지고 그러면 다들 순간 화가 날수도 있죠 뭐 ~",
          "summary": "",
          "date": "2022-11-01",
          "time": "22:01:45",
          "terminate": "false"
        },
        {
          "speaker": "speaker1",
          "personaID": "05093",
          "participantID": "0810",
          "utterance": "화해 해야하는데 너무 화를 냈었어서 뭐라고 연락할지도 모르겠어요.",
          "summary": "",
          "date": "2022-11-01",
          "time": "22:01:59",
          "terminate": "false"
        },
        {
          "speaker": "speaker2",
          "personaID": "01548",
          "participantID": "0781",
          "utterance": "ㅋㅋ그래도 그 친구분이랑 사이가 엄청 좋으신가보네요.",
          "summary": "",
          "date": "2022-11-01",
          "time": "22:02:07",
          "terminate": "false"
        },
        {
          "speaker": "speaker1",
          "personaID": "05093",
          "participantID": "0810",
          "utterance": "네 학생때부터 친구였어서 쉽게 인연을 놓을수 없는사이죠 뭐 ~",
          "summary": "나는 학생 때부터 친구였다.",
          "date": "2022-11-01",
          "time": "22:02:18",
          "terminate": "false"
        },
        {
          "speaker": "speaker2",
          "personaID": "01548",
          "participantID": "0781",
          "utterance": "그럼 얼른 화해하셔야죠 ~ 친구분도 이해해주실거예요 ~",
          "summary": "",
          "date": "2022-11-01",
          "time": "22:02:33",
          "terminate": "false"
        },
        {
          "speaker": "speaker1",
          "personaID": "05093",
          "participantID": "0810",
          "utterance": "당연히 이해해야죠 ㅎ 제 입맛을 아는데 ...휴 얘기나온김에 친구한테 연락 해봐야겠어요.",
          "summary": "나는 친구에게 연락을 해볼 것이다.",
          "date": "2022-11-01",
          "time": "22:02:50",
          "terminate": "false"
        },
        {
          "speaker": "speaker2",
          "personaID": "01548",
          "participantID": "0781",
          "utterance": "좋은 생각이네요 ~ 그럼 친구분이랑 꼭 화해 하시길 바랄게요.",
          "summary": "",
          "date": "2022-11-01",
          "time": "22:03:00",
          "terminate": "true"
        }
      ],
      "sessionPersonaSummary": {
        "speaker1": [
          "나는 친구와 많이 싸웠다.",
          "나는 일식을 싫어한다.",
          "나는 화해를 아직 안 했다.",
          "나는 많이 예민했다.",
          "나는 학생 때부터 친구였다.",
          "나는 친구에게 연락을 해볼 것이다."
        ],
        "speaker2": [
          "나는 이제 적응을 했다."
        ]
      },
      "prevAggregatedpersonaSummary": {
        "speaker1": [
          "나는 50대 여자이다.",
          "나는 직업이 따로 없다.",
          "나의 남자 형제는 선생님이다.",
          "나는 야구를 자주 한다.",
          "나는 법과 제도가 바뀐 것을 들었다.",
          "나는 약속이 있다."
        ],
        "speaker2": [
          "나는 20대 여자이다.",
          "나는 방사선사이다.",
          "나는 동료와 협력한다.",
          "나는 요즘 자주 외롭다.",
          "나는 적응한다고 바쁘다.",
          "나는 일이 많아졌다."
        ]
      }
    }
  ]
}