{
  "FileInfo": {
    "filename": "K3-00405-CL22856-CP23410-18-05-S3.json",
    "sessionLevel": "3"
  },
  "participantsInfo": {
    "numberOfParticipants": "2",
    "speaker1": {
      "participantID": "0819",
      "gender": "남성",
      "age": "20대",
      "occupation": "서비스직",
      "bPlace": "서울/경기/인천",
      "gPlace": "서울/경기/인천",
      "rPlace": "서울/경기/인천",
      "educationLevel": "대졸"
    },
    "speaker2": {
      "participantID": "0929",
      "gender": "남성",
      "age": "20대",
      "occupation": "무직",
      "bPlace": "광주/전라/제주",
      "gPlace": "광주/전라/제주",
      "rPlace": "광주/전라/제주",
      "educationLevel": "고졸"
    }
  },
  "multisessionInfo": {
    "multisessionID": "3-00405"
  },
  "personaInfo": {
    "clInfo": {
      "personaID": "22856",
      "personaFeatures": [
        "나는 남자이다.",
        "나는 20대이다.",
        "나는 매우 꼼꼼하다.",
        "나는 도예 만들기에 흥미가 있다.",
        "나는 노트북을 리뷰하는 것을 좋아한다.",
        "나는 카페모카를 좋아한다."
      ],
      "speakerType": "speaker1"
    },
    "cpInfo": {
      "personaID": "23410",
      "personaFeatures": [
        "나는 남자이다.",
        "나는 20대이다.",
        "나는 아침에 야채 주스를 마신다.",
        "나는 노무사이다.",
        "나는 자기 계발서를 좋아한다.",
        "나는 인생에서 가장 기쁘던 때는 혼자서 자전거를 타게 되었던 때이다."
      ],
      "speakerType": "speaker2"
    }
  },
  "topicInfo": {
    "topicID": "18-05",
    "topicType": "상거래 전반",
    "topicTitle": "배송"
  },
  "sessionInfo": [
    {
      "prevSessionID": null,
      "prevTimeInfo": {
        "timeNum": null,
        "timeUnit": null
      },
      "nthSession": "1",
      "numberOfUtterances": "18",
      "numberOfTurns": "9",
      "sessionID": "3-00405-1",
      "dialog": [
        {
          "speaker": "speaker1",
          "personaID": "22856",
          "participantID": "0819",
          "utterance": "반갑습니다. 저는 20대 남자입니다~ 처음이군요 ㅎㅎ.",
          "summary": "나는 20대 남자이다.",
          "date": "2022-10-22",
          "time": "09:59:14",
          "terminate": "false"
        },
        {
          "speaker": "speaker2",
          "personaID": "23410",
          "participantID": "0929",
          "utterance": "안녕하신가요. 저는 20대 남자입니다. 반가와용~",
          "summary": "나는 20대 남자이다.",
          "date": "2022-10-22",
          "time": "09:59:23",
          "terminate": "false"
        },
        {
          "speaker": "speaker1",
          "personaID": "22856",
          "participantID": "0819",
          "utterance": "네 ㅎㅎ. 님! 무슨 일 하시는 분인가요?",
          "summary": "",
          "date": "2022-10-22",
          "time": "09:59:27",
          "terminate": "false"
        },
        {
          "speaker": "speaker2",
          "personaID": "23410",
          "participantID": "0929",
          "utterance": "저는 노무사일 하고있어요~ 그쪽은 무슨일 하시나요?",
          "summary": "나는 노무사이다.",
          "date": "2022-10-22",
          "time": "09:59:34",
          "terminate": "false"
        },
        {
          "speaker": "speaker1",
          "personaID": "22856",
          "participantID": "0819",
          "utterance": "저는 노트북 리뷰 좋아 하는 테크 유튜버에요~",
          "summary": "나는 유튜버이다. 나는 노트북 리뷰 하는 것을 좋아한다.",
          "date": "2022-10-22",
          "time": "09:59:39",
          "terminate": "false"
        },
        {
          "speaker": "speaker2",
          "personaID": "23410",
          "participantID": "0929",
          "utterance": "그러시구나. 저도 테크@브랜드명1@ 자주봐요~ 자기계발서도 좋아하네요.",
          "summary": "나는 자기 계발서를 좋아한다.",
          "date": "2022-10-22",
          "time": "10:00:11",
          "terminate": "false"
        },
        {
          "speaker": "speaker1",
          "personaID": "22856",
          "participantID": "0819",
          "utterance": "제가 분석을 꼼꼼하게 올려서 구독자가 좀 있네요 ㅎㅎ.",
          "summary": "나는 매우 꼼꼼하다.",
          "date": "2022-10-22",
          "time": "10:00:19",
          "terminate": "false"
        },
        {
          "speaker": "speaker2",
          "personaID": "23410",
          "participantID": "0929",
          "utterance": "대단하시네요 ㅋㅋ. 저는 건강하게 아침에 야채주스 마시는데 좋아하는 음료 있으세요?",
          "summary": "나는 아침에 야채 주스를 마신다.",
          "date": "2022-10-22",
          "time": "10:00:42",
          "terminate": "false"
        },
        {
          "speaker": "speaker1",
          "personaID": "22856",
          "participantID": "0819",
          "utterance": "저는 카페모카를 좋아해요. 커피가 좋더라고요~",
          "summary": "나는 카페모카를 좋아한다.",
          "date": "2022-10-22",
          "time": "10:00:45",
          "terminate": "false"
        },
        {
          "speaker": "speaker2",
          "personaID": "23410",
          "participantID": "0929",
          "utterance": "카페모카도 맛있겠네요 ㅎㅎ. 다른 취미는 있으신가요?",
          "summary": "",
          "date": "2022-10-22",
          "time": "10:01:04",
          "terminate": "false"
        },
        {
          "speaker": "speaker1",
          "personaID": "22856",
          "participantID": "0819",
          "utterance": "도예만들기를 좀 관심이 있어서요. 알아 보고 있어요.",
          "summary": "나는 도예 만들기에 흥미가 있다.",
          "date": "2022-10-22",
          "time": "10:01:10",
          "terminate": "false"
        },
        {
          "speaker": "speaker2",
          "personaID": "23410",
          "participantID": "0929",
          "utterance": "만드는데 재주가 있으신편이네요~ 동영상도 만들고 도자기도 흥미 있으시구 ㅋㅋ.",
          "summary": "",
          "date": "2022-10-22",
          "time": "10:01:27",
          "terminate": "false"
        },
        {
          "speaker": "speaker1",
          "personaID": "22856",
          "participantID": "0819",
          "utterance": "그렇네요 ㅎㅎ. 그러면 노무사님 운동은 좀 하시나요?",
          "summary": "",
          "date": "2022-10-22",
          "time": "10:01:38",
          "terminate": "false"
        },
        {
          "speaker": "speaker2",
          "personaID": "23410",
          "participantID": "0929",
          "utterance": "저는 자전거를 탄답니다~ 운동은 좋아하시나요?",
          "summary": "",
          "date": "2022-10-22",
          "time": "10:01:52",
          "terminate": "false"
        },
        {
          "speaker": "speaker1",
          "personaID": "22856",
          "participantID": "0819",
          "utterance": "오~ 그러시군요. 저도 자전거 가끔 타요 ㅎㅎ. 좋네요~",
          "summary": "",
          "date": "2022-10-22",
          "time": "10:02:00",
          "terminate": "false"
        },
        {
          "speaker": "speaker2",
          "personaID": "23410",
          "participantID": "0929",
          "utterance": "그렇군요 ㅋㅋ. 저는 혼자서 자전거 타게됐을때가 좋았어서 계속 타고있네요.",
          "summary": "나는 인생에서 가장 기쁘던 때는 혼자서 자전거를 타게 되었던 때이다.",
          "date": "2022-10-22",
          "time": "10:02:07",
          "terminate": "false"
        },
        {
          "speaker": "speaker1",
          "personaID": "22856",
          "participantID": "0819",
          "utterance": "맞아요! 저도 그때 엄청 좋았던거같네요. 그러면 다음에 연락할게요.",
          "summary": "",
          "date": "2022-10-22",
          "time": "10:02:13",
          "terminate": "false"
        },
        {
          "speaker": "speaker2",
          "personaID": "23410",
          "participantID": "0929",
          "utterance": "좋은 추억이죠~ 그럼 다음에 또 연락주시면 감사하겠어요!",
          "summary": "",
          "date": "2022-10-22",
          "time": "10:02:33",
          "terminate": "true"
        }
      ],
      "sessionPersonaSummary": {
        "speaker1": [
          "나는 20대 남자이다.",
          "나는 유튜버이다. 나는 노트북 리뷰 하는 것을 좋아한다.",
          "나는 매우 꼼꼼하다.",
          "나는 카페모카를 좋아한다.",
          "나는 도예 만들기에 흥미가 있다."
        ],
        "speaker2": [
          "나는 20대 남자이다.",
          "나는 노무사이다.",
          "나는 자기 계발서를 좋아한다.",
          "나는 아침에 야채 주스를 마신다.",
          "나는 인생에서 가장 기쁘던 때는 혼자서 자전거를 타게 되었던 때이다."
        ]
      },
      "prevAggregatedpersonaSummary": {
        "speaker1": [],
        "speaker2": []
      }
    },
    {
      "prevSessionID": "3-00405-1",
      "prevTimeInfo": {
        "timeNum": "2",
        "timeUnit": "일"
      },
      "nthSession": "2",
      "numberOfUtterances": "18",
      "numberOfTurns": "9",
      "sessionID": "3-00405-2",
      "dialog": [
        {
          "speaker": "speaker1",
          "personaID": "22856",
          "participantID": "0819",
          "utterance": "이틀만입니다. 오늘은 노무사님은 좀 쉬고 계신가요?",
          "summary": "",
          "date": "2022-10-22",
          "time": "10:02:35",
          "terminate": "false"
        },
        {
          "speaker": "speaker2",
          "personaID": "23410",
          "participantID": "0929",
          "utterance": "요즘에는 법률상담 해드리고 일이 없네요~ 그쪽은요?",
          "summary": "나는 법률상담을 했다.",
          "date": "2022-10-22",
          "time": "10:02:49",
          "terminate": "false"
        },
        {
          "speaker": "speaker1",
          "personaID": "22856",
          "participantID": "0819",
          "utterance": "아 그러시구나 ㅎㅎ. 저는 요즘은 @브랜드명2@ 배송 기다리고 있어요~",
          "summary": "나는 배송을 기다린다.",
          "date": "2022-10-22",
          "time": "10:02:54",
          "terminate": "false"
        },
        {
          "speaker": "speaker2",
          "personaID": "23410",
          "participantID": "0929",
          "utterance": "오! 그러시군요. 어떤 물건을 시키셨어요? 궁금하네요.",
          "summary": "",
          "date": "2022-10-22",
          "time": "10:03:11",
          "terminate": "false"
        },
        {
          "speaker": "speaker1",
          "personaID": "22856",
          "participantID": "0819",
          "utterance": "이번에 새로 나온 맥북을 직구를 해서요! 오고 있대요~",
          "summary": "나는 맥북을 직구했다.",
          "date": "2022-10-22",
          "time": "10:03:14",
          "terminate": "false"
        },
        {
          "speaker": "speaker2",
          "personaID": "23410",
          "participantID": "0929",
          "utterance": "아이패드가 새로나왔다고 들었는데 그건 구매 안하셨나요?",
          "summary": "나는 신제품 소식을 들었다.",
          "date": "2022-10-22",
          "time": "10:03:39",
          "terminate": "false"
        },
        {
          "speaker": "speaker1",
          "personaID": "22856",
          "participantID": "0819",
          "utterance": "아 그건 너무 좀... 바뀐게 없더라고요? 좀 그런거같아요.",
          "summary": "",
          "date": "2022-10-22",
          "time": "10:03:43",
          "terminate": "false"
        },
        {
          "speaker": "speaker2",
          "personaID": "23410",
          "participantID": "0929",
          "utterance": "그렇군요. 저는 프로버전은 항상 예뻐보이더라구요 ㅋㅋ.",
          "summary": "",
          "date": "2022-10-22",
          "time": "10:04:02",
          "terminate": "false"
        },
        {
          "speaker": "speaker1",
          "personaID": "22856",
          "participantID": "0819",
          "utterance": "그렇긴해요. 이쁘긴하죠 ㅎㅎ. 패드는 그래도 아이패드죠.",
          "summary": "",
          "date": "2022-10-22",
          "time": "10:04:06",
          "terminate": "false"
        },
        {
          "speaker": "speaker2",
          "personaID": "23410",
          "participantID": "0929",
          "utterance": "저는 요번에 핸드폰을 바꿀까 고민중이네요~ ㅋㅋ.",
          "summary": "",
          "date": "2022-10-22",
          "time": "10:04:21",
          "terminate": "false"
        },
        {
          "speaker": "speaker1",
          "personaID": "22856",
          "participantID": "0819",
          "utterance": "아 그러시구나. 그러면 어떤걸로 바꾸시려고요?",
          "summary": "",
          "date": "2022-10-22",
          "time": "10:04:25",
          "terminate": "false"
        },
        {
          "speaker": "speaker2",
          "personaID": "23410",
          "participantID": "0929",
          "utterance": "고민은 배송만 늦출뿐인데 말이에요~ 아이폰 14를 사야겠어요.",
          "summary": "나는 아이폰 14를 배송으로 살 것이다.",
          "date": "2022-10-22",
          "time": "10:04:29",
          "terminate": "false"
        },
        {
          "speaker": "speaker1",
          "personaID": "22856",
          "participantID": "0819",
          "utterance": "아이폰 14는 지금 시키면 좀 늦을수도 있겠어요 ㅎㅎ.",
          "summary": "",
          "date": "2022-10-22",
          "time": "10:04:39",
          "terminate": "false"
        },
        {
          "speaker": "speaker2",
          "personaID": "23410",
          "participantID": "0929",
          "utterance": "연말에 선물느낌으로 받아도 좋을거같아요!",
          "summary": "",
          "date": "2022-10-22",
          "time": "10:04:54",
          "terminate": "false"
        },
        {
          "speaker": "speaker1",
          "personaID": "22856",
          "participantID": "0819",
          "utterance": "그것도 그렇네요 ㅎㅎ. 저는 저번에 받았어요!",
          "summary": "",
          "date": "2022-10-22",
          "time": "10:04:58",
          "terminate": "false"
        },
        {
          "speaker": "speaker2",
          "personaID": "23410",
          "participantID": "0929",
          "utterance": "내 자신을 위한 선물 좋네요 ㅎㅎ. 그럼 다음에 또 이야기 나눠요!",
          "summary": "",
          "date": "2022-10-22",
          "time": "10:05:05",
          "terminate": "false"
        },
        {
          "speaker": "speaker1",
          "personaID": "22856",
          "participantID": "0819",
          "utterance": "그러면 잘 쉬시고요~ 다음에 연락할게요! 또 봐요~",
          "summary": "",
          "date": "2022-10-22",
          "time": "10:05:11",
          "terminate": "false"
        },
        {
          "speaker": "speaker2",
          "personaID": "23410",
          "participantID": "0929",
          "utterance": "저는 자전거 타러 가봐야겠어요! 또 봐요!",
          "summary": "",
          "date": "2022-10-22",
          "time": "10:05:22",
          "terminate": "true"
        }
      ],
      "sessionPersonaSummary": {
        "speaker1": [
          "나는 배송을 기다린다.",
          "나는 맥북을 직구했다."
        ],
        "speaker2": [
          "나는 법률상담을 했다.",
          "나는 신제품 소식을 들었다.",
          "나는 아이폰 14를 배송으로 살 것이다."
        ]
      },
      "prevAggregatedpersonaSummary": {
        "speaker1": [
          "나는 20대 남자이다.",
          "나는 유튜버이다. 나는 노트북 리뷰 하는 것을 좋아한다.",
          "나는 매우 꼼꼼하다.",
          "나는 카페모카를 좋아한다.",
          "나는 도예 만들기에 흥미가 있다."
        ],
        "speaker2": [
          "나는 20대 남자이다.",
          "나는 노무사이다.",
          "나는 자기 계발서를 좋아한다.",
          "나는 아침에 야채 주스를 마신다.",
          "나는 인생에서 가장 기쁘던 때는 혼자서 자전거를 타게 되었던 때이다."
        ]
      }
    },
    {
      "prevSessionID": "3-00405-2",
      "prevTimeInfo": {
        "timeNum": "3",
        "timeUnit": "일"
      },
      "nthSession": "3",
      "numberOfUtterances": "18",
      "numberOfTurns": "9",
      "sessionID": "3-00405-3",
      "dialog": [
        {
          "speaker": "speaker1",
          "personaID": "22856",
          "participantID": "0819",
          "utterance": "삼일만입니다. 노무사님 오늘은 잘 지내시나요?",
          "summary": "",
          "date": "2022-10-22",
          "time": "10:05:23",
          "terminate": "false"
        },
        {
          "speaker": "speaker2",
          "personaID": "23410",
          "participantID": "0929",
          "utterance": "오늘은 쉬는시간이라 자기계발서를 보고있었네요~ 잘 지내셨나요?",
          "summary": "나는 자기 계발서를 본다.",
          "date": "2022-10-22",
          "time": "10:05:33",
          "terminate": "false"
        },
        {
          "speaker": "speaker1",
          "personaID": "22856",
          "participantID": "0819",
          "utterance": "오~ 쉬는날이군요 ㅎㅎ. 저는 카페모카 한잔 하고 있어요~",
          "summary": "나는 카페모카를 먹는다.",
          "date": "2022-10-22",
          "time": "10:05:42",
          "terminate": "false"
        },
        {
          "speaker": "speaker2",
          "personaID": "23410",
          "participantID": "0929",
          "utterance": "카페모카 좋네요 ㅎㅎ. 저는 야채주스 먹고있었어요.",
          "summary": "나는 야채주스를 먹는다.",
          "date": "2022-10-22",
          "time": "10:06:00",
          "terminate": "false"
        },
        {
          "speaker": "speaker1",
          "personaID": "22856",
          "participantID": "0819",
          "utterance": "야채쥬스 마시는군요 ㅎㅎ. 오늘은 어떤걸로 만든건가요?",
          "summary": "",
          "date": "2022-10-22",
          "time": "10:06:05",
          "terminate": "false"
        },
        {
          "speaker": "speaker2",
          "personaID": "23410",
          "participantID": "0929",
          "utterance": "오늘은 토마토랑 배를 갈아서 만들었어요! 배가 참 맛있네요.",
          "summary": "나는 배를 좋아한다.",
          "date": "2022-10-22",
          "time": "10:06:12",
          "terminate": "false"
        },
        {
          "speaker": "speaker1",
          "personaID": "22856",
          "participantID": "0819",
          "utterance": "배는 되게 맛있겠어요 ㅋㅋ. 저는 막 당근 치커리 이런거 생각했네요.",
          "summary": "",
          "date": "2022-10-22",
          "time": "10:06:16",
          "terminate": "false"
        },
        {
          "speaker": "speaker2",
          "personaID": "23410",
          "participantID": "0929",
          "utterance": "아침에 당분이 부족한거같아서요 ㅋㅋ. 당근도 갈아마셔요.",
          "summary": "",
          "date": "2022-10-22",
          "time": "10:06:20",
          "terminate": "false"
        },
        {
          "speaker": "speaker1",
          "personaID": "22856",
          "participantID": "0819",
          "utterance": "아 그러시구나. 눈에 좋다는데 저는 당근은 너무 싫더라고요...",
          "summary": "나는 당근을 싫어한다.",
          "date": "2022-10-22",
          "time": "10:06:24",
          "terminate": "false"
        },
        {
          "speaker": "speaker2",
          "personaID": "23410",
          "participantID": "0929",
          "utterance": "그렇죠. 영양제는 챙겨드시는 편인가요? ㅎㅎ.",
          "summary": "",
          "date": "2022-10-22",
          "time": "10:06:33",
          "terminate": "false"
        },
        {
          "speaker": "speaker1",
          "personaID": "22856",
          "participantID": "0819",
          "utterance": "저는 그래도 루테인을 따로 먹고 있어요. 이게 좋은거같네요.",
          "summary": "나는 루테인을 먹는다.",
          "date": "2022-10-22",
          "time": "10:06:35",
          "terminate": "false"
        },
        {
          "speaker": "speaker2",
          "personaID": "23410",
          "participantID": "0929",
          "utterance": "저는 오메가3에 종합영양제에 별걸 다먹거든요 ㅋㅋ.",
          "summary": "나는 영양제를 잘 챙겨 먹는다.",
          "date": "2022-10-22",
          "time": "10:06:38",
          "terminate": "false"
        },
        {
          "speaker": "speaker1",
          "personaID": "22856",
          "participantID": "0819",
          "utterance": "되게 건강을 생각하시네요 ㅎㅎ. 저도 관리 해야겠는데.",
          "summary": "나는 건강 관리가 필요하다.",
          "date": "2022-10-22",
          "time": "10:06:39",
          "terminate": "false"
        },
        {
          "speaker": "speaker2",
          "personaID": "23410",
          "participantID": "0929",
          "utterance": "부모님에게 남는건 건강이라고 조기교육을 받아왔거든요.",
          "summary": "",
          "date": "2022-10-22",
          "time": "10:06:40",
          "terminate": "false"
        },
        {
          "speaker": "speaker1",
          "personaID": "22856",
          "participantID": "0819",
          "utterance": "그러면 저는 종합 비타민부터 좀 먹을까봐요.",
          "summary": "나는 종합 비타민을 먹을 것이다.",
          "date": "2022-10-22",
          "time": "10:06:41",
          "terminate": "false"
        },
        {
          "speaker": "speaker2",
          "personaID": "23410",
          "participantID": "0929",
          "utterance": "비타민D를 드셔도 좋겠어요! 요즘 @브랜드명3@인에게 필요하다더라구요.",
          "summary": "나는 비타민D를 추천한다.",
          "date": "2022-10-22",
          "time": "10:06:42",
          "terminate": "false"
        },
        {
          "speaker": "speaker1",
          "personaID": "22856",
          "participantID": "0819",
          "utterance": "그러면 오늘 빨리 시켜야겠네요 ㅎㅎ. 다음에 또 봐요~",
          "summary": "",
          "date": "2022-10-22",
          "time": "10:06:43",
          "terminate": "false"
        },
        {
          "speaker": "speaker2",
          "personaID": "23410",
          "participantID": "0929",
          "utterance": "그러면 좋겠네요 ㅎㅎ. 그럼 다음에 시키면 연락해요!",
          "summary": "",
          "date": "2022-10-22",
          "time": "10:06:44",
          "terminate": "true"
        }
      ],
      "sessionPersonaSummary": {
        "speaker1": [
          "나는 카페모카를 먹는다.",
          "나는 당근을 싫어한다.",
          "나는 루테인을 먹는다.",
          "나는 건강 관리가 필요하다.",
          "나는 종합 비타민을 먹을 것이다."
        ],
        "speaker2": [
          "나는 자기 계발서를 본다.",
          "나는 야채주스를 먹는다.",
          "나는 배를 좋아한다.",
          "나는 영양제를 잘 챙겨 먹는다.",
          "나는 비타민D를 추천한다."
        ]
      },
      "prevAggregatedpersonaSummary": {
        "speaker1": [
          "나는 20대 남자이다.",
          "나는 유튜버이다. 나는 노트북 리뷰 하는 것을 좋아한다.",
          "나는 매우 꼼꼼하다.",
          "나는 카페모카를 좋아한다.",
          "나는 도예 만들기에 흥미가 있다.",
          "나는 배송을 기다린다.",
          "나는 맥북을 직구했다."
        ],
        "speaker2": [
          "나는 20대 남자이다.",
          "나는 노무사이다.",
          "나는 자기 계발서를 좋아한다.",
          "나는 아침에 야채 주스를 마신다.",
          "나는 인생에서 가장 기쁘던 때는 혼자서 자전거를 타게 되었던 때이다.",
          "나는 법률상담을 했다.",
          "나는 신제품 소식을 들었다.",
          "나는 아이폰 14를 배송으로 살 것이다."
        ]
      }
    }
  ]
}