{
  "FileInfo": {
    "filename": "K3-00190-CL03829-CP04172-16-10-S3.json",
    "sessionLevel": "3"
  },
  "participantsInfo": {
    "numberOfParticipants": "2",
    "speaker1": {
      "participantID": "0264",
      "gender": "여성",
      "age": "40대",
      "occupation": "주부",
      "bPlace": "서울/경기/인천",
      "gPlace": "서울/경기/인천",
      "rPlace": "서울/경기/인천",
      "educationLevel": "대졸"
    },
    "speaker2": {
      "participantID": "0265",
      "gender": "여성",
      "age": "40대",
      "occupation": "사무직",
      "bPlace": "서울/경기/인천",
      "gPlace": "서울/경기/인천",
      "rPlace": "서울/경기/인천",
      "educationLevel": "대졸"
    }
  },
  "multisessionInfo": {
    "multisessionID": "3-00190"
  },
  "personaInfo": {
    "clInfo": {
      "personaID": "03829",
      "personaFeatures": [
        "나는 여자이다.",
        "나는 40대이다.",
        "나는 종교가 없다.",
        "나는 판타지 영화를 가끔 본다.",
        "나는 포크음악을 싫어한다."
      ],
      "speakerType": "speaker1"
    },
    "cpInfo": {
      "personaID": "04172",
      "personaFeatures": [
        "나는 여자이다.",
        "나는 40대이다.",
        "나의 종교는 개신교이다.",
        "나는 매우 덤벙댄다.",
        "나는 갈비를 즐겨 먹는다."
      ],
      "speakerType": "speaker2"
    }
  },
  "topicInfo": {
    "topicID": "16-10",
    "topicType": "미용과 건강>미용",
    "topicTitle": "퍼스널컬러"
  },
  "sessionInfo": [
    {
      "prevSessionID": null,
      "prevTimeInfo": {
        "timeNum": null,
        "timeUnit": null
      },
      "nthSession": "1",
      "numberOfUtterances": "16",
      "numberOfTurns": "8",
      "sessionID": "3-00190-1",
      "dialog": [
        {
          "speaker": "speaker1",
          "personaID": "03829",
          "participantID": "0264",
          "utterance": "안녕하세여 저는 40대 여자입니다!! 반가워요~",
          "summary": "나는 40대 여자이다.",
          "date": "2022-09-03",
          "time": "15:06:07",
          "terminate": "false"
        },
        {
          "speaker": "speaker2",
          "personaID": "04172",
          "participantID": "0265",
          "utterance": "안녕하세요. 저는 40대 여자입니다. 반가습니다.",
          "summary": "나는 40대 여자이다.",
          "date": "2022-09-03",
          "time": "15:06:25",
          "terminate": "false"
        },
        {
          "speaker": "speaker1",
          "personaID": "03829",
          "participantID": "0264",
          "utterance": "나이대가 비슷해서 통하는게 많겠네요. 종교 있으신가요?",
          "summary": "",
          "date": "2022-09-03",
          "time": "15:06:39",
          "terminate": "false"
        },
        {
          "speaker": "speaker2",
          "personaID": "04172",
          "participantID": "0265",
          "utterance": "저는 개신교라 교회를 다녀요. 종교있으세요?",
          "summary": "나는 개신교이다.",
          "date": "2022-09-03",
          "time": "15:06:52",
          "terminate": "false"
        },
        {
          "speaker": "speaker1",
          "personaID": "03829",
          "participantID": "0264",
          "utterance": "저는 종교가 없어요. 교회생활은 즐거우신가요?",
          "summary": "나는 종교가 없다.",
          "date": "2022-09-03",
          "time": "15:06:53",
          "terminate": "false"
        },
        {
          "speaker": "speaker2",
          "personaID": "04172",
          "participantID": "0265",
          "utterance": "네, 교회를 가면 모든 고민이 해결되는거같아 좋아요.",
          "summary": "",
          "date": "2022-09-03",
          "time": "15:07:15",
          "terminate": "false"
        },
        {
          "speaker": "speaker1",
          "personaID": "03829",
          "participantID": "0264",
          "utterance": "종교가 있으면 그런 장점이 있군요. 별다른 취미는 없으신가요?",
          "summary": "",
          "date": "2022-09-03",
          "time": "15:07:24",
          "terminate": "false"
        },
        {
          "speaker": "speaker2",
          "personaID": "04172",
          "participantID": "0265",
          "utterance": "저는 영화보는걸 좋아해서 여유시간에 영화를 즐겨봐요.",
          "summary": "나는 영화 보는 걸 좋아한다.",
          "date": "2022-09-03",
          "time": "15:07:46",
          "terminate": "false"
        },
        {
          "speaker": "speaker1",
          "personaID": "03829",
          "participantID": "0264",
          "utterance": "오. 저도 영화보는거 좋아하는데, 어떤영화보는거 좋아하세요?",
          "summary": "",
          "date": "2022-09-03",
          "time": "15:07:55",
          "terminate": "false"
        },
        {
          "speaker": "speaker2",
          "personaID": "04172",
          "participantID": "0265",
          "utterance": "저는 범죄스릴러를 좋아합니다.어떤 장르를 좋아하세요?",
          "summary": "나는 범죄 스릴러를 좋아한다.",
          "date": "2022-09-03",
          "time": "15:08:10",
          "terminate": "false"
        },
        {
          "speaker": "speaker1",
          "personaID": "03829",
          "participantID": "0264",
          "utterance": "저는 판타지 영화를 가끔 봐요. 아바타같은 영화요!",
          "summary": "나는 판타지 영화를 가끔 본다.",
          "date": "2022-09-03",
          "time": "15:08:34",
          "terminate": "false"
        },
        {
          "speaker": "speaker2",
          "personaID": "04172",
          "participantID": "0265",
          "utterance": "저도 아바타를 너무 재밌게봐서 2번이나 봤어요.",
          "summary": "",
          "date": "2022-09-03",
          "time": "15:08:42",
          "terminate": "false"
        },
        {
          "speaker": "speaker1",
          "personaID": "03829",
          "participantID": "0264",
          "utterance": "올해 연말에 시즌2가 나온다고 하는데, 너무 기대돼요.",
          "summary": "",
          "date": "2022-09-03",
          "time": "15:08:54",
          "terminate": "false"
        },
        {
          "speaker": "speaker2",
          "personaID": "04172",
          "participantID": "0265",
          "utterance": "맞아요. 저도 정말 기다리는 영화중에 하나입니다.",
          "summary": "",
          "date": "2022-09-03",
          "time": "15:08:56",
          "terminate": "false"
        },
        {
          "speaker": "speaker1",
          "personaID": "03829",
          "participantID": "0264",
          "utterance": "ㅎㅎ역시 통하는게 많네요. 너무 즐겁네요.ㅎㅎ.",
          "summary": "",
          "date": "2022-09-03",
          "time": "15:09:07",
          "terminate": "false"
        },
        {
          "speaker": "speaker2",
          "personaID": "04172",
          "participantID": "0265",
          "utterance": "그러게요. 즐거운 대화였는데 벌써 시간이 이렇게 지났네요.",
          "summary": "",
          "date": "2022-09-03",
          "time": "15:09:16",
          "terminate": "true"
        }
      ],
      "sessionPersonaSummary": {
        "speaker1": [
          "나는 40대 여자이다.",
          "나는 종교가 없다.",
          "나는 판타지 영화를 가끔 본다."
        ],
        "speaker2": [
          "나는 40대 여자이다.",
          "나는 개신교이다.",
          "나는 영화 보는 걸 좋아한다.",
          "나는 범죄 스릴러를 좋아한다."
        ]
      },
      "prevAggregatedpersonaSummary": {
        "speaker1": [],
        "speaker2": []
      }
    },
    {
      "prevSessionID": "3-00190-1",
      "prevTimeInfo": {
        "timeNum": "2",
        "timeUnit": "일"
      },
      "nthSession": "2",
      "numberOfUtterances": "16",
      "numberOfTurns": "8",
      "sessionID": "3-00190-2",
      "dialog": [
        {
          "speaker": "speaker1",
          "personaID": "03829",
          "participantID": "0264",
          "utterance": "2일동안 뭐하셨어요? 저는 퍼스널컬러 진단을 받고 왔어요.",
          "summary": "나는 퍼스널 컬러 진단을 받고 왔다.",
          "date": "2022-09-03",
          "time": "15:09:32",
          "terminate": "false"
        },
        {
          "speaker": "speaker2",
          "personaID": "04172",
          "participantID": "0265",
          "utterance": "그렇군요. 퍼스널컬러는 왜 진단받으시나요?",
          "summary": "",
          "date": "2022-09-03",
          "time": "15:09:47",
          "terminate": "false"
        },
        {
          "speaker": "speaker1",
          "personaID": "03829",
          "participantID": "0264",
          "utterance": "제가 어울리는 색상의 옷이랑 화장을 색에 맞게 해보려구요.ㅎㅎ.",
          "summary": "",
          "date": "2022-09-03",
          "time": "15:10:09",
          "terminate": "false"
        },
        {
          "speaker": "speaker2",
          "personaID": "04172",
          "participantID": "0265",
          "utterance": "매우 치밀한 성격이신가봐요. 저는 매우 덤벙대서 그런걸 신경안써요.",
          "summary": "나는 매우 덤벙댄다.",
          "date": "2022-09-03",
          "time": "15:10:15",
          "terminate": "false"
        },
        {
          "speaker": "speaker1",
          "personaID": "03829",
          "participantID": "0264",
          "utterance": "ㅎㅎ저도 처음 받아봤는데, 신기한 시스템이더라구요.",
          "summary": "",
          "date": "2022-09-03",
          "time": "15:10:43",
          "terminate": "false"
        },
        {
          "speaker": "speaker2",
          "personaID": "04172",
          "participantID": "0265",
          "utterance": "저도 퍼스널컬러를 진단해봐야겠네요. 도움이 되겠죠?",
          "summary": "",
          "date": "2022-09-03",
          "time": "15:10:51",
          "terminate": "false"
        },
        {
          "speaker": "speaker1",
          "personaID": "03829",
          "participantID": "0264",
          "utterance": "네, 본인에게 어울리는 색을 맞춰서 조합하는것도 재밌더라구요.",
          "summary": "",
          "date": "2022-09-03",
          "time": "15:11:07",
          "terminate": "false"
        },
        {
          "speaker": "speaker2",
          "personaID": "04172",
          "participantID": "0265",
          "utterance": "저는 피부색이 어두운 편이라 옷색깔이 잘 안어울리더라고요.",
          "summary": "나의 피부색은 어두운 편이다.",
          "date": "2022-09-03",
          "time": "15:11:13",
          "terminate": "false"
        },
        {
          "speaker": "speaker1",
          "personaID": "03829",
          "participantID": "0264",
          "utterance": "저도 어두운편인데, 평소에 도전해보지 못한 색이 어울린다고 결과가 나왔어요.",
          "summary": "",
          "date": "2022-09-03",
          "time": "15:11:44",
          "terminate": "false"
        },
        {
          "speaker": "speaker2",
          "personaID": "04172",
          "participantID": "0265",
          "utterance": "그렇군요. 퍼스널컬러 결과가 어떻게 나왔나요?",
          "summary": "",
          "date": "2022-09-03",
          "time": "15:12:07",
          "terminate": "false"
        },
        {
          "speaker": "speaker1",
          "personaID": "03829",
          "participantID": "0264",
          "utterance": "봄웜톤이 나왔어요. 옷을 새로 싹 사야할것같아요.",
          "summary": "나는 봄 웜톤이다.",
          "date": "2022-09-03",
          "time": "15:13:07",
          "terminate": "false"
        },
        {
          "speaker": "speaker2",
          "personaID": "04172",
          "participantID": "0265",
          "utterance": "그래요? 어떤 색깔이 어울린다고 나왔나요?",
          "summary": "",
          "date": "2022-09-03",
          "time": "15:13:32",
          "terminate": "false"
        },
        {
          "speaker": "speaker1",
          "personaID": "03829",
          "participantID": "0264",
          "utterance": "파스텔톤의 옷을 입으라고 하더라구요. 퍼스널컬러가 참 신기한것같아요.",
          "summary": "",
          "date": "2022-09-03",
          "time": "15:13:46",
          "terminate": "false"
        },
        {
          "speaker": "speaker2",
          "personaID": "04172",
          "participantID": "0265",
          "utterance": "그렇군요. 저도 퍼스널컬러 테스트하고 옷색깔도 변화를 줘야겠어요.",
          "summary": "",
          "date": "2022-09-03",
          "time": "15:14:11",
          "terminate": "false"
        },
        {
          "speaker": "speaker1",
          "personaID": "03829",
          "participantID": "0264",
          "utterance": "네, 정말 강추해요. 후기들 많이 찾아보시고 퍼스널 컬러 진단받으러 가보세요!",
          "summary": "나는 퍼스널 컬러 진단받는 것을 추천한다.",
          "date": "2022-09-03",
          "time": "15:14:34",
          "terminate": "false"
        },
        {
          "speaker": "speaker2",
          "personaID": "04172",
          "participantID": "0265",
          "utterance": "유익한 정보얻어 감사합니다. 즐거웠어요.",
          "summary": "",
          "date": "2022-09-03",
          "time": "15:14:39",
          "terminate": "true"
        }
      ],
      "sessionPersonaSummary": {
        "speaker1": [
          "나는 퍼스널 컬러 진단을 받고 왔다.",
          "나는 봄 웜톤이다.",
          "나는 퍼스널 컬러 진단받는 것을 추천한다."
        ],
        "speaker2": [
          "나는 매우 덤벙댄다.",
          "나의 피부색은 어두운 편이다."
        ]
      },
      "prevAggregatedpersonaSummary": {
        "speaker1": [
          "나는 40대 여자이다.",
          "나는 종교가 없다.",
          "나는 판타지 영화를 가끔 본다."
        ],
        "speaker2": [
          "나는 40대 여자이다.",
          "나는 개신교이다.",
          "나는 영화 보는 걸 좋아한다.",
          "나는 범죄 스릴러를 좋아한다."
        ]
      }
    },
    {
      "prevSessionID": "3-00190-2",
      "prevTimeInfo": {
        "timeNum": "2",
        "timeUnit": "시간"
      },
      "nthSession": "3",
      "numberOfUtterances": "16",
      "numberOfTurns": "8",
      "sessionID": "3-00190-3",
      "dialog": [
        {
          "speaker": "speaker1",
          "personaID": "03829",
          "participantID": "0264",
          "utterance": "저는 2시간동안 음악을 듣고왔어요. 음악듣는거 좋아하시나요?",
          "summary": "나는 음악을 듣고 왔다.",
          "date": "2022-09-03",
          "time": "15:15:13",
          "terminate": "false"
        },
        {
          "speaker": "speaker2",
          "personaID": "04172",
          "participantID": "0265",
          "utterance": "저는 주로 종교음악을 잘 들어요. 가요는 잘 몰라요.",
          "summary": "나는 종교음악을 잘 듣는다.",
          "date": "2022-09-03",
          "time": "15:15:30",
          "terminate": "false"
        },
        {
          "speaker": "speaker1",
          "personaID": "03829",
          "participantID": "0264",
          "utterance": "그러시군요. 저는 가요는 잘듣는데, 포크음악을 싫어해요.",
          "summary": "나는 포크음악을 싫어한다.",
          "date": "2022-09-03",
          "time": "15:15:42",
          "terminate": "false"
        },
        {
          "speaker": "speaker2",
          "personaID": "04172",
          "participantID": "0265",
          "utterance": "그러세요? 오늘은 저의 생일이라 조금있다가 저녁외식을 하려해요.",
          "summary": "나는 오늘 생일이다.",
          "date": "2022-09-03",
          "time": "15:16:07",
          "terminate": "false"
        },
        {
          "speaker": "speaker1",
          "personaID": "03829",
          "participantID": "0264",
          "utterance": "생신축하드려요. 외식 메뉴는 어떤걸 드시나요?",
          "summary": "",
          "date": "2022-09-03",
          "time": "15:16:21",
          "terminate": "false"
        },
        {
          "speaker": "speaker2",
          "personaID": "04172",
          "participantID": "0265",
          "utterance": "제가 육식을 좋아해서 갈비를 즐겨 먹어요.",
          "summary": "나는 갈비를 즐겨먹는다.",
          "date": "2022-09-03",
          "time": "15:16:27",
          "terminate": "false"
        },
        {
          "speaker": "speaker1",
          "personaID": "03829",
          "participantID": "0264",
          "utterance": "갈비 너무 맛있죠. 소갈비로 드시나요?",
          "summary": "",
          "date": "2022-09-03",
          "time": "15:16:34",
          "terminate": "false"
        },
        {
          "speaker": "speaker2",
          "personaID": "04172",
          "participantID": "0265",
          "utterance": "소갈비는 비용이 너무 부담이되서 돼지숯불갈비를 주로 먹어요.",
          "summary": "",
          "date": "2022-09-03",
          "time": "15:16:55",
          "terminate": "false"
        },
        {
          "speaker": "speaker1",
          "personaID": "03829",
          "participantID": "0264",
          "utterance": "돼지갈비도 정말 맛있죠! ㅎㅎ 생신이시면 오늘 특별한거 하셨나요?",
          "summary": "",
          "date": "2022-09-03",
          "time": "15:17:15",
          "terminate": "false"
        },
        {
          "speaker": "speaker2",
          "personaID": "04172",
          "participantID": "0265",
          "utterance": "오늘 휴가를 받아서 퍼스널컬러 진단 예약을 했어요.",
          "summary": "나는 퍼스널 컬러 진단 예약을 했다.",
          "date": "2022-09-03",
          "time": "15:17:31",
          "terminate": "false"
        },
        {
          "speaker": "speaker1",
          "personaID": "03829",
          "participantID": "0264",
          "utterance": "오, 좋은곳으로 예약하셨나요? 기대되시겠어요.",
          "summary": "",
          "date": "2022-09-03",
          "time": "15:17:50",
          "terminate": "false"
        },
        {
          "speaker": "speaker2",
          "personaID": "04172",
          "participantID": "0265",
          "utterance": "네, 찾아보니 저의 동네에도 퍼스널컬러 진단하는 곳이 있어요.",
          "summary": "",
          "date": "2022-09-03",
          "time": "15:17:55",
          "terminate": "false"
        },
        {
          "speaker": "speaker1",
          "personaID": "03829",
          "participantID": "0264",
          "utterance": "가까운데서 하면 더 좋죠.ㅎㅎ 저녁식사후에는 뭐하시나요?",
          "summary": "",
          "date": "2022-09-03",
          "time": "15:18:17",
          "terminate": "false"
        },
        {
          "speaker": "speaker2",
          "personaID": "04172",
          "participantID": "0265",
          "utterance": "저녁식사후에는 제가 좋아하는 디저트먹으러 가려고합니다.",
          "summary": "나는 저녁식사 후에 디저트를 먹으러 간다.",
          "date": "2022-09-03",
          "time": "15:18:30",
          "terminate": "false"
        },
        {
          "speaker": "speaker1",
          "personaID": "03829",
          "participantID": "0264",
          "utterance": "좋은시간 보내시고, 생일 마무리 잘하세요!",
          "summary": "",
          "date": "2022-09-03",
          "time": "15:18:53",
          "terminate": "false"
        },
        {
          "speaker": "speaker2",
          "personaID": "04172",
          "participantID": "0265",
          "utterance": "생일 축하감사합니다. 즐거운 시간이었어요!!!",
          "summary": "",
          "date": "2022-09-03",
          "time": "15:18:54",
          "terminate": "true"
        }
      ],
      "sessionPersonaSummary": {
        "speaker1": [
          "나는 음악을 듣고 왔다.",
          "나는 포크음악을 싫어한다."
        ],
        "speaker2": [
          "나는 종교음악을 잘 듣는다.",
          "나는 오늘 생일이다.",
          "나는 갈비를 즐겨먹는다.",
          "나는 퍼스널 컬러 진단 예약을 했다.",
          "나는 저녁식사 후에 디저트를 먹으러 간다."
        ]
      },
      "prevAggregatedpersonaSummary": {
        "speaker1": [
          "나는 40대 여자이다.",
          "나는 종교가 없다.",
          "나는 판타지 영화를 가끔 본다.",
          "나는 퍼스널 컬러 진단을 받고 왔다.",
          "나는 봄 웜톤이다.",
          "나는 퍼스널 컬러 진단받는 것을 추천한다."
        ],
        "speaker2": [
          "나는 40대 여자이다.",
          "나는 개신교이다.",
          "나는 영화 보는 걸 좋아한다.",
          "나는 범죄 스릴러를 좋아한다.",
          "나는 매우 덤벙댄다.",
          "나의 피부색은 어두운 편이다."
        ]
      }
    }
  ]
}