{
  "FileInfo": {
    "filename": "K3-00367-CL20373-CP22721-01-03-S3.json",
    "sessionLevel": "3"
  },
  "participantsInfo": {
    "numberOfParticipants": "2",
    "speaker1": {
      "participantID": "0012",
      "gender": "남성",
      "age": "20대",
      "occupation": "무직",
      "bPlace": "서울/경기/인천",
      "gPlace": "서울/경기/인천",
      "rPlace": "서울/경기/인천",
      "educationLevel": "고졸"
    },
    "speaker2": {
      "participantID": "0240",
      "gender": "여성",
      "age": "20대",
      "occupation": "학생",
      "bPlace": "광주/전라/제주",
      "gPlace": "광주/전라/제주",
      "rPlace": "광주/전라/제주",
      "educationLevel": "고졸"
    }
  },
  "multisessionInfo": {
    "multisessionID": "3-00367"
  },
  "personaInfo": {
    "clInfo": {
      "personaID": "20373",
      "personaFeatures": [
        "나는 남자이다.",
        "나는 20대이다.",
        "나는 고양이를 키우고 싶다.",
        "나는 댄스스포츠부 동아리에 관심이 없다.",
        "나는 자전거를 좋아한다."
      ],
      "speakerType": "speaker1"
    },
    "cpInfo": {
      "personaID": "22721",
      "personaFeatures": [
        "나는 여자이다.",
        "나는 20대이다.",
        "나는 요즘, 매일 부끄러운 감정이 든다.",
        "나는 화학부가 부전공이다.",
        "나는 가을을 좋아한다."
      ],
      "speakerType": "speaker2"
    }
  },
  "topicInfo": {
    "topicID": "01-03",
    "topicType": "식음료",
    "topicTitle": "음료"
  },
  "sessionInfo": [
    {
      "prevSessionID": null,
      "prevTimeInfo": {
        "timeNum": null,
        "timeUnit": null
      },
      "nthSession": "1",
      "numberOfUtterances": "14",
      "numberOfTurns": "7",
      "sessionID": "3-00367-1",
      "dialog": [
        {
          "speaker": "speaker1",
          "personaID": "20373",
          "participantID": "0012",
          "utterance": "안녕하세요~ 20대 남자입니다.",
          "summary": "나는 20대 남자이다.",
          "date": "2022-09-27",
          "time": "13:02:54",
          "terminate": "false"
        },
        {
          "speaker": "speaker2",
          "personaID": "22721",
          "participantID": "0240",
          "utterance": "안녕하세요~ 저는 20대 대학생 여자입니다. 반가워요!",
          "summary": "나는 20대 여자이다. 나는 대학생이다.",
          "date": "2022-09-27",
          "time": "13:02:52",
          "terminate": "false"
        },
        {
          "speaker": "speaker1",
          "personaID": "20373",
          "participantID": "0012",
          "utterance": "대학생이시군요! 저도요! 어떤 동아리 하세요? 저는 요즘 알아보고 있어요! 친구가 권하는 댄스스포츠부 동아리에 관심이 없거든요!",
          "summary": "나는 댄스스포츠부 동아리에 관심이 없다. 나는 동아리를 알아보고 있다.",
          "date": "2022-09-27",
          "time": "13:03:06",
          "terminate": "false"
        },
        {
          "speaker": "speaker2",
          "personaID": "22721",
          "participantID": "0240",
          "utterance": "오 같은 대학생이시군요! 전 치어리딩 동아리 하고 있어요!",
          "summary": "나는 치어리딩 동아리이다.",
          "date": "2022-09-27",
          "time": "13:03:49",
          "terminate": "false"
        },
        {
          "speaker": "speaker1",
          "personaID": "20373",
          "participantID": "0012",
          "utterance": "치어리딩..! 고등학교때 댄스부도 하셨었나요 ?",
          "summary": "",
          "date": "2022-09-27",
          "time": "13:04:04",
          "terminate": "false"
        },
        {
          "speaker": "speaker2",
          "personaID": "22721",
          "participantID": "0240",
          "utterance": "아뇨ㅠㅠ 고등학교때는 열심히 공부하느라 뭘 못했어요ㅠㅠ.",
          "summary": "나는 고등학교 때 열심히 공부했다.",
          "date": "2022-09-27",
          "time": "13:04:20",
          "terminate": "false"
        },
        {
          "speaker": "speaker1",
          "personaID": "20373",
          "participantID": "0012",
          "utterance": "ㅎㅎㅎ보기 좋은데요!! 공부 열심히 하셨구나ㅎㅎㅎ치어리딩이면 학교에서 응원 무대도 종종 가시나요?",
          "summary": "",
          "date": "2022-09-27",
          "time": "13:04:54",
          "terminate": "false"
        },
        {
          "speaker": "speaker2",
          "personaID": "22721",
          "participantID": "0240",
          "utterance": "아니에요 ㅎㅎ 감사합니다~ 음 저희는 그냥 다른학교 축제에만 올라가는 정도에요..!",
          "summary": "",
          "date": "2022-09-27",
          "time": "13:05:20",
          "terminate": "false"
        },
        {
          "speaker": "speaker1",
          "personaID": "20373",
          "participantID": "0012",
          "utterance": "그르쿤용ㅎㅎ점심시간인데, 식사는 하셨어요? 저는 볶음밥 먹었어요~!",
          "summary": "나는 점심 메뉴로 볶음밥을 먹었다.",
          "date": "2022-09-27",
          "time": "13:05:40",
          "terminate": "false"
        },
        {
          "speaker": "speaker2",
          "personaID": "22721",
          "participantID": "0240",
          "utterance": "아직이요ㅠㅠ 배고픈데 배달이 늦게 오네요 흑흑... 볶음밥 맛있겠어요~~",
          "summary": "나는 배달이 늦게 와 점심을 먹지 않았다.",
          "date": "2022-09-27",
          "time": "13:06:06",
          "terminate": "false"
        },
        {
          "speaker": "speaker1",
          "personaID": "20373",
          "participantID": "0012",
          "utterance": "ㅠㅠ...아직 식사 못드셨구나. 어떤 메뉴로 주문하셨어요?",
          "summary": "",
          "date": "2022-09-27",
          "time": "13:06:19",
          "terminate": "false"
        },
        {
          "speaker": "speaker2",
          "personaID": "22721",
          "participantID": "0240",
          "utterance": "로제 떡볶이랑 닭강정 주문했어요! 요즘 진짜 배달비가 장난아니네요...",
          "summary": "나는 로제 떡볶이와 닭강정을 주문했다.",
          "date": "2022-09-27",
          "time": "13:06:38",
          "terminate": "false"
        },
        {
          "speaker": "speaker1",
          "personaID": "20373",
          "participantID": "0012",
          "utterance": "ㅎㅎㅎ야무지게 드시는데요?!ㅋㅋㅋ맞아요ㅠㅠ배달팁 비싸죠ㅠㅠ저 잠깐 친구 만나고 올게요! 다녀와서 대화 마저 이어가요!",
          "summary": "나는 요즘 배달 팁이 비싸다고 생각한다. 나는 친구 만나러 다녀온다.",
          "date": "2022-09-27",
          "time": "13:07:10",
          "terminate": "false"
        },
        {
          "speaker": "speaker2",
          "personaID": "22721",
          "participantID": "0240",
          "utterance": "ㅎㅎ 그럼 저는 하염없이 배달을 기다리러 가보겠습니다.. 좋아요 이따 또 봐요!",
          "summary": "나는 배달을 기다린다.",
          "date": "2022-09-27",
          "time": "13:07:21",
          "terminate": "true"
        }
      ],
      "sessionPersonaSummary": {
        "speaker1": [
          "나는 20대 남자이다.",
          "나는 댄스스포츠부 동아리에 관심이 없다. 나는 동아리를 알아보고 있다.",
          "나는 점심 메뉴로 볶음밥을 먹었다.",
          "나는 요즘 배달 팁이 비싸다고 생각한다. 나는 친구 만나러 다녀온다."
        ],
        "speaker2": [
          "나는 20대 여자이다. 나는 대학생이다.",
          "나는 치어리딩 동아리이다.",
          "나는 고등학교 때 열심히 공부했다.",
          "나는 배달이 늦게 와 점심을 먹지 않았다.",
          "나는 로제 떡볶이와 닭강정을 주문했다.",
          "나는 배달을 기다린다."
        ]
      },
      "prevAggregatedpersonaSummary": {
        "speaker1": [],
        "speaker2": []
      }
    },
    {
      "prevSessionID": "3-00367-1",
      "prevTimeInfo": {
        "timeNum": "1",
        "timeUnit": "시간"
      },
      "nthSession": "2",
      "numberOfUtterances": "14",
      "numberOfTurns": "7",
      "sessionID": "3-00367-2",
      "dialog": [
        {
          "speaker": "speaker1",
          "personaID": "20373",
          "participantID": "0012",
          "utterance": "한시간만이죠! 배달은 도착했나요? 시키신곳은 배달팁이 얼마나 나왔나요?",
          "summary": "",
          "date": "2022-09-27",
          "time": "13:07:41",
          "terminate": "false"
        },
        {
          "speaker": "speaker2",
          "personaID": "22721",
          "participantID": "0240",
          "utterance": "넵 ㅎㅎ 맛있게 먹었어요~ @브랜드명1@1로 시키니까 5천원이더라고요.. 쿠폰써서 3천원 겨우 맞췄어요ㅜㅜ.",
          "summary": "나는 @브랜드명1@1로 배달을 시켰다.",
          "date": "2022-09-27",
          "time": "13:08:07",
          "terminate": "false"
        },
        {
          "speaker": "speaker1",
          "personaID": "20373",
          "participantID": "0012",
          "utterance": "ㅋㅋㅋ비싸긴하네요ㅋㅋ메뉴 하나 가격이라니..! 식사후엔 뭐하시게요?",
          "summary": "",
          "date": "2022-09-27",
          "time": "13:08:28",
          "terminate": "false"
        },
        {
          "speaker": "speaker2",
          "personaID": "22721",
          "participantID": "0240",
          "utterance": "그러니까요ㅠㅠ 음.. 저는 화학부가 부전공인데 과제가 밀려서 과제 좀 하려고요!",
          "summary": "나는 화학부가 부전공이다. 나는 과제가 밀렸다.",
          "date": "2022-09-27",
          "time": "13:08:51",
          "terminate": "false"
        },
        {
          "speaker": "speaker1",
          "personaID": "20373",
          "participantID": "0012",
          "utterance": "그렇군요! 과제! 밥먹고하면 잠이 솔솔 오겠어요! 아! 음료도 시켜 드셨나요?",
          "summary": "",
          "date": "2022-09-27",
          "time": "13:09:24",
          "terminate": "false"
        },
        {
          "speaker": "speaker2",
          "personaID": "22721",
          "participantID": "0240",
          "utterance": "맞아요..! 저는 탄산을 안먹어서 음료는 따로 안시켰어요ㅎㅎ.. 탄산 좋아하시나요!",
          "summary": "나는 탄산음료를 먹지 않는다.",
          "date": "2022-09-27",
          "time": "13:09:46",
          "terminate": "false"
        },
        {
          "speaker": "speaker1",
          "personaID": "20373",
          "participantID": "0012",
          "utterance": "흠.. 좋아하진 않아요! 아 근데 밀키스는 좋아합니다! 그럼 어떤 음료 좋아하세요?",
          "summary": "",
          "date": "2022-09-27",
          "time": "13:10:49",
          "terminate": "false"
        },
        {
          "speaker": "speaker2",
          "personaID": "22721",
          "participantID": "0240",
          "utterance": "오 밀키스는 저도 맛있더라구요..! 저는 그냥 달달한 음료수 좋아해요 ㅎㅎ.",
          "summary": "나는 밀키스를 좋아한다. 나는 달달한 음료수를 좋아한다.",
          "date": "2022-09-27",
          "time": "13:11:11",
          "terminate": "false"
        },
        {
          "speaker": "speaker1",
          "personaID": "20373",
          "participantID": "0012",
          "utterance": "달달한 음료.. 차나.. 밀크티나.. 그런..종류인가요?!?!?!",
          "summary": "",
          "date": "2022-09-27",
          "time": "13:11:33",
          "terminate": "false"
        },
        {
          "speaker": "speaker2",
          "personaID": "22721",
          "participantID": "0240",
          "utterance": "넵 비슷해요..! 아이스티나 스무디 이런거 좋아하는것 같아요 ㅎㅎ.",
          "summary": "나는 아이스티나 스무디 종류를 좋아한다.",
          "date": "2022-09-27",
          "time": "13:12:01",
          "terminate": "false"
        },
        {
          "speaker": "speaker1",
          "personaID": "20373",
          "participantID": "0012",
          "utterance": "그렇군요ㅎㅎ스무디 음료 중에선 어떤 맛을 가장 선호하세요?",
          "summary": "",
          "date": "2022-09-27",
          "time": "13:12:24",
          "terminate": "false"
        },
        {
          "speaker": "speaker2",
          "personaID": "22721",
          "participantID": "0240",
          "utterance": "딸기 스무디를 좋아해요! 사실 스무디는 뭐가 들어가도 맛있는것 같아요 ㅎㅎ.",
          "summary": "나는 딸기 스무디를 좋아한다.",
          "date": "2022-09-27",
          "time": "13:12:40",
          "terminate": "false"
        },
        {
          "speaker": "speaker1",
          "personaID": "20373",
          "participantID": "0012",
          "utterance": "맞아요ㅎㅎㅎ맛있어서 너무 빨리 먹어 버리는게 흠입니다.. 저 한숨 자고 올게요! 과제 파이팅!",
          "summary": "나는 스무디가 맛있어 금방 먹게 된다. 나는 자러 간다.",
          "date": "2022-09-27",
          "time": "13:13:23",
          "terminate": "false"
        },
        {
          "speaker": "speaker2",
          "personaID": "22721",
          "participantID": "0240",
          "utterance": "맞아요ㅠㅠ ㅎㅎ 저는 그럼 과제좀 하다 올게요! 응원 감사합니다><",
          "summary": "나는 과제를 하러 간다.",
          "date": "2022-09-27",
          "time": "13:13:36",
          "terminate": "true"
        }
      ],
      "sessionPersonaSummary": {
        "speaker1": [
          "나는 스무디가 맛있어 금방 먹게 된다. 나는 자러 간다."
        ],
        "speaker2": [
          "나는 @브랜드명1@1로 배달을 시켰다.",
          "나는 화학부가 부전공이다. 나는 과제가 밀렸다.",
          "나는 탄산음료를 먹지 않는다.",
          "나는 밀키스를 좋아한다. 나는 달달한 음료수를 좋아한다.",
          "나는 아이스티나 스무디 종류를 좋아한다.",
          "나는 딸기 스무디를 좋아한다.",
          "나는 과제를 하러 간다."
        ]
      },
      "prevAggregatedpersonaSummary": {
        "speaker1": [
          "나는 20대 남자이다.",
          "나는 댄스스포츠부 동아리에 관심이 없다. 나는 동아리를 알아보고 있다.",
          "나는 점심 메뉴로 볶음밥을 먹었다.",
          "나는 요즘 배달 팁이 비싸다고 생각한다. 나는 친구 만나러 다녀온다."
        ],
        "speaker2": [
          "나는 20대 여자이다. 나는 대학생이다.",
          "나는 치어리딩 동아리이다.",
          "나는 고등학교 때 열심히 공부했다.",
          "나는 배달이 늦게 와 점심을 먹지 않았다.",
          "나는 로제 떡볶이와 닭강정을 주문했다.",
          "나는 배달을 기다린다."
        ]
      }
    },
    {
      "prevSessionID": "3-00367-2",
      "prevTimeInfo": {
        "timeNum": "2",
        "timeUnit": "일"
      },
      "nthSession": "3",
      "numberOfUtterances": "18",
      "numberOfTurns": "9",
      "sessionID": "3-00367-3",
      "dialog": [
        {
          "speaker": "speaker1",
          "personaID": "20373",
          "participantID": "0012",
          "utterance": "오늘은 학교가는날ㅠㅠ..이틀만이죠? 왜 이렇게 노는건 시간이 빨리 지나갈까요?ㅠ.",
          "summary": "나는 오늘 학교에 간다.",
          "date": "2022-09-27",
          "time": "13:14:06",
          "terminate": "false"
        },
        {
          "speaker": "speaker2",
          "personaID": "22721",
          "participantID": "0240",
          "utterance": "흑흑...... 그러니까요.... 그래도 날씨가 좋아서 그나마 다행이네요ㅠㅠ.",
          "summary": "나는 오늘 날씨가 좋다고 생각한다.",
          "date": "2022-09-27",
          "time": "13:14:30",
          "terminate": "false"
        },
        {
          "speaker": "speaker1",
          "personaID": "20373",
          "participantID": "0012",
          "utterance": "맞아요..더울땐 정말 싫었는데ㅠ오늘은 뭐하세요? 전 오늘 수업 끝나구 제가 좋아하는 자전거 타려구요!",
          "summary": "나는 자전거를 좋아한다.",
          "date": "2022-09-27",
          "time": "13:14:53",
          "terminate": "false"
        },
        {
          "speaker": "speaker2",
          "personaID": "22721",
          "participantID": "0240",
          "utterance": "맞아요ㅜㅜ 가을을 좋아해서 너무 좋네요 ㅎㅎ 저는 공부 좀 하려고요.. 너무 안해서 요즘 매일 부끄러운 감정이 드네요..",
          "summary": "나는 가을을 좋아한다. 나는 요즘, 매일 부끄러운 감정이 든다.",
          "date": "2022-09-27",
          "time": "13:15:23",
          "terminate": "false"
        },
        {
          "speaker": "speaker1",
          "personaID": "20373",
          "participantID": "0012",
          "utterance": "그럴수 있죠! 공부 안할땐 제일 많이하는 취미 활동이 어떻게 되세요?",
          "summary": "",
          "date": "2022-09-27",
          "time": "13:15:46",
          "terminate": "false"
        },
        {
          "speaker": "speaker2",
          "personaID": "22721",
          "participantID": "0240",
          "utterance": "음.. 저는 맛있는 카페 탐방이요! 요즘 너무 감성 카페밖에 없어서.. 그런 카페들은 다 음료가 맛이 없더라고요ㅠㅠ.",
          "summary": "나는 맛있는 카페 탐방이 취미다.",
          "date": "2022-09-27",
          "time": "13:16:04",
          "terminate": "false"
        },
        {
          "speaker": "speaker1",
          "personaID": "20373",
          "participantID": "0012",
          "utterance": "ㅋㅋㅋ@브랜드명2@ 감성 같은 느낌일까요ㅋㅋ카페가면 커피도 좋아하세요?",
          "summary": "",
          "date": "2022-09-27",
          "time": "13:16:41",
          "terminate": "false"
        },
        {
          "speaker": "speaker2",
          "personaID": "22721",
          "participantID": "0240",
          "utterance": "넵 그런느낌이더라구요 ㅋㅋ 음 커피는 별로 안좋아하는데 커피밖에 없는데 가면 바닐라라떼도 자주 마셔요!",
          "summary": "나는 커피를 별로 좋아하지 않는다.",
          "date": "2022-09-27",
          "time": "13:17:16",
          "terminate": "false"
        },
        {
          "speaker": "speaker1",
          "personaID": "20373",
          "participantID": "0012",
          "utterance": "그렇군요ㅎㅎ바닐라 라떼 좋겠네요. 오늘은 어떤 공부하시게요? 전 요즘 틈날때마다 영어 공부하고 있어요~!",
          "summary": "나는 요즘 틈날 때마다 영어 공부를 하고 있다.",
          "date": "2022-09-27",
          "time": "13:17:44",
          "terminate": "false"
        },
        {
          "speaker": "speaker2",
          "personaID": "22721",
          "participantID": "0240",
          "utterance": "오 영어공부 좋은데요? 저는 컴공이라.. 코딩 하려고요!",
          "summary": "나는 컴퓨터공학이 전공이다. 나는 코딩을 하려고 한다.",
          "date": "2022-09-27",
          "time": "13:18:14",
          "terminate": "false"
        },
        {
          "speaker": "speaker1",
          "personaID": "20373",
          "participantID": "0012",
          "utterance": "코딩! 뭔가 멋지게 느껴지는데요! 개발자 @이름1@~! 어렵지 않으세요?",
          "summary": "",
          "date": "2022-09-27",
          "time": "13:18:38",
          "terminate": "false"
        },
        {
          "speaker": "speaker2",
          "personaID": "22721",
          "participantID": "0240",
          "utterance": "어려워요......ㅠㅠ 그치만.. 어렵다고 포기할순 없으니까! 열심히 해보려고 합니다~ㅠㅠ.",
          "summary": "나는 코딩이 어렵다.",
          "date": "2022-09-27",
          "time": "13:19:04",
          "terminate": "false"
        },
        {
          "speaker": "speaker1",
          "personaID": "20373",
          "participantID": "0012",
          "utterance": "ㅎㅎ좋은 마인드시네요. 그나저나 반려동물 키우세요? 저는 요즘 고양이가 키우고 싶던데요ㅠㅠ.",
          "summary": "나는 고양이를 키우고 싶다.",
          "date": "2022-09-27",
          "time": "13:19:22",
          "terminate": "false"
        },
        {
          "speaker": "speaker2",
          "personaID": "22721",
          "participantID": "0240",
          "utterance": "저 고양이 키워요! 아직 안 키우시나 보네요ㅠㅠ.",
          "summary": "나는 고양이를 키운다.",
          "date": "2022-09-27",
          "time": "13:19:43",
          "terminate": "false"
        },
        {
          "speaker": "speaker1",
          "personaID": "20373",
          "participantID": "0012",
          "utterance": "네ㅠㅠ가족들이 반대를 해서요ㅠㅠ고양이는 몇 마리 키우세요?",
          "summary": "나는 가족들의 반대로 고양이를 키우지 못하고 있다.",
          "date": "2022-09-27",
          "time": "13:20:06",
          "terminate": "false"
        },
        {
          "speaker": "speaker2",
          "personaID": "22721",
          "participantID": "0240",
          "utterance": "먼치킨 두마리를 키워요! 원래 한마리밖에 없었는데 심심할까봐 한마리 더 데려왔어요 ㅎㅎ.",
          "summary": "나는 고양이 두 마리를 키운다.",
          "date": "2022-09-27",
          "time": "13:20:18",
          "terminate": "false"
        },
        {
          "speaker": "speaker1",
          "personaID": "20373",
          "participantID": "0012",
          "utterance": "귀엽겠네요ㅠㅠ다음에 사진 자랑해주세요. 저는 수업 들으러 가보겠습니다~! 또 연락해요!",
          "summary": "나는 수업 들으러 간다.",
          "date": "2022-09-27",
          "time": "13:20:53",
          "terminate": "false"
        },
        {
          "speaker": "speaker2",
          "personaID": "22721",
          "participantID": "0240",
          "utterance": "좋아요! ㅎㅎ 저는 그럼 공부하러 가보겠습니다~ 나중에 또 연락주세요~",
          "summary": "나는 공부하러 간다.",
          "date": "2022-09-27",
          "time": "13:21:08",
          "terminate": "true"
        }
      ],
      "sessionPersonaSummary": {
        "speaker1": [
          "나는 오늘 학교에 간다.",
          "나는 자전거를 좋아한다.",
          "나는 요즘 틈날 때마다 영어 공부를 하고 있다.",
          "나는 고양이를 키우고 싶다.",
          "나는 가족들의 반대로 고양이를 키우지 못하고 있다.",
          "나는 수업 들으러 간다."
        ],
        "speaker2": [
          "나는 오늘 날씨가 좋다고 생각한다.",
          "나는 가을을 좋아한다. 나는 요즘, 매일 부끄러운 감정이 든다.",
          "나는 맛있는 카페 탐방이 취미다.",
          "나는 커피를 별로 좋아하지 않는다.",
          "나는 컴퓨터공학이 전공이다. 나는 코딩을 하려고 한다.",
          "나는 코딩이 어렵다.",
          "나는 고양이를 키운다.",
          "나는 고양이 두 마리를 키운다.",
          "나는 공부하러 간다."
        ]
      },
      "prevAggregatedpersonaSummary": {
        "speaker1": [
          "나는 20대 남자이다.",
          "나는 댄스스포츠부 동아리에 관심이 없다. 나는 동아리를 알아보고 있다.",
          "나는 점심 메뉴로 볶음밥을 먹었다.",
          "나는 요즘 배달 팁이 비싸다고 생각한다. 나는 친구 만나러 다녀온다.",
          "나는 스무디가 맛있어 금방 먹게 된다. 나는 자러 간다."
        ],
        "speaker2": [
          "나는 20대 여자이다. 나는 대학생이다.",
          "나는 치어리딩 동아리이다.",
          "나는 고등학교 때 열심히 공부했다.",
          "나는 배달이 늦게 와 점심을 먹지 않았다.",
          "나는 로제 떡볶이와 닭강정을 주문했다.",
          "나는 배달을 기다린다.",
          "나는 @브랜드명1@1로 배달을 시켰다.",
          "나는 화학부가 부전공이다. 나는 과제가 밀렸다.",
          "나는 탄산음료를 먹지 않는다.",
          "나는 밀키스를 좋아한다. 나는 달달한 음료수를 좋아한다.",
          "나는 아이스티나 스무디 종류를 좋아한다.",
          "나는 딸기 스무디를 좋아한다.",
          "나는 과제를 하러 간다."
        ]
      }
    }
  ]
}