{
  "FileInfo": {
    "filename": "K3-00558-CL30559-CP31014-01-09-S3.json",
    "sessionLevel": "3"
  },
  "participantsInfo": {
    "numberOfParticipants": "2",
    "speaker1": {
      "participantID": "8026",
      "gender": "남성",
      "age": "30대",
      "occupation": "사무직",
      "bPlace": "부산/대구/울산/경상",
      "gPlace": "부산/대구/울산/경상",
      "rPlace": "부산/대구/울산/경상",
      "educationLevel": "고졸"
    },
    "speaker2": {
      "participantID": "8029",
      "gender": "남성",
      "age": "30대",
      "occupation": "기능직",
      "bPlace": "서울/경기/인천",
      "gPlace": "서울/경기/인천",
      "rPlace": "서울/경기/인천",
      "educationLevel": "대졸"
    }
  },
  "multisessionInfo": {
    "multisessionID": "3-00558"
  },
  "personaInfo": {
    "clInfo": {
      "personaID": "30559",
      "personaFeatures": [
        "나는 남자이다.",
        "나는 30대이다.",
        "나는 중학교 과학 교사이다.",
        "나는 실내에서 테니스 치는 것을 싫어한다.",
        "나는 돈가스를 좋아한다."
      ],
      "speakerType": "speaker1"
    },
    "cpInfo": {
      "personaID": "31014",
      "personaFeatures": [
        "나는 남자이다.",
        "나는 30대이다.",
        "나는 소방관이다.",
        "나는 실외에서 축구하는 것을 좋아한다.",
        "나는 블루베리를 싫어한다."
      ],
      "speakerType": "speaker2"
    }
  },
  "topicInfo": {
    "topicID": "01-09",
    "topicType": "식음료",
    "topicTitle": "주류"
  },
  "sessionInfo": [
    {
      "prevSessionID": null,
      "prevTimeInfo": {
        "timeNum": null,
        "timeUnit": null
      },
      "nthSession": "1",
      "numberOfUtterances": "14",
      "numberOfTurns": "7",
      "sessionID": "3-00558-1",
      "dialog": [
        {
          "speaker": "speaker1",
          "personaID": "30559",
          "participantID": "8026",
          "utterance": "안녕하세요 ! 나이는 30대구요! 성별은 남자입니다 ~",
          "summary": "나는 30대이다. 나는 남자이다.",
          "date": "2022-10-17",
          "time": "15:54:15",
          "terminate": "false"
        },
        {
          "speaker": "speaker2",
          "personaID": "31014",
          "participantID": "8029",
          "utterance": "반갑습니다~저도 30대 남자입니다~!!",
          "summary": "나는 30대이다. 나는 남자이다.",
          "date": "2022-10-17",
          "time": "15:54:17",
          "terminate": "false"
        },
        {
          "speaker": "speaker1",
          "personaID": "30559",
          "participantID": "8026",
          "utterance": "또래네요 !! 저는 중학교에서 과학 가르치는데 ~ 그쪽은요?",
          "summary": "나는 중학교 과학 교사이다.",
          "date": "2022-10-17",
          "time": "15:54:25",
          "terminate": "false"
        },
        {
          "speaker": "speaker2",
          "personaID": "31014",
          "participantID": "8029",
          "utterance": "아~중학교 과학교사시구나! 저는 소방관입니다!",
          "summary": "나는 소방관이다.",
          "date": "2022-10-17",
          "time": "15:54:26",
          "terminate": "false"
        },
        {
          "speaker": "speaker1",
          "personaID": "30559",
          "participantID": "8026",
          "utterance": "이야 항상 감사드리고 있습니다 !! 요즘 많이 힘드시죠?",
          "summary": "",
          "date": "2022-10-17",
          "time": "15:54:38",
          "terminate": "false"
        },
        {
          "speaker": "speaker2",
          "personaID": "31014",
          "participantID": "8029",
          "utterance": "에이~별말씀을요! 요즘 다 힘들죠~",
          "summary": "",
          "date": "2022-10-17",
          "time": "15:54:42",
          "terminate": "false"
        },
        {
          "speaker": "speaker1",
          "personaID": "30559",
          "participantID": "8026",
          "utterance": "네 ㅎㅎ.. 그나저나 주말인데 뭐하고 계셨어요?",
          "summary": "",
          "date": "2022-10-17",
          "time": "15:54:46",
          "terminate": "false"
        },
        {
          "speaker": "speaker2",
          "personaID": "31014",
          "participantID": "8029",
          "utterance": "저는 축구 하고 있었습니다! 재밌네요ㅎㅎ.",
          "summary": "나는 축구를 하고 있다.",
          "date": "2022-10-17",
          "time": "15:54:48",
          "terminate": "false"
        },
        {
          "speaker": "speaker1",
          "personaID": "30559",
          "participantID": "8026",
          "utterance": "축구 좋죠 ~ 저는 스포츠는 테니스 즐기고 있어요 !",
          "summary": "나는 스포츠로 테니스를 즐기고 있다.",
          "date": "2022-10-17",
          "time": "15:55:13",
          "terminate": "false"
        },
        {
          "speaker": "speaker2",
          "personaID": "31014",
          "participantID": "8029",
          "utterance": "테니스 좋아하시구나~저는 무조건 실외에서 축구하는것을 좋아해요!",
          "summary": "나는 실외에서 축구하는 것을 좋아한다.",
          "date": "2022-10-17",
          "time": "15:55:31",
          "terminate": "false"
        },
        {
          "speaker": "speaker1",
          "personaID": "30559",
          "participantID": "8026",
          "utterance": "축구 좋죠 ㅎㅎ.. 근데 요즘 실내 테니스도 좀 생기던데.. 저는 그건 싫더라구요.",
          "summary": "나는 실내에서 테니스 치는 것을 싫어한다.",
          "date": "2022-10-17",
          "time": "15:55:44",
          "terminate": "false"
        },
        {
          "speaker": "speaker2",
          "personaID": "31014",
          "participantID": "8029",
          "utterance": "그건 사실 테니스가 아니죠~보통 다 야외잖아요 !",
          "summary": "",
          "date": "2022-10-17",
          "time": "15:55:47",
          "terminate": "false"
        },
        {
          "speaker": "speaker1",
          "personaID": "30559",
          "participantID": "8026",
          "utterance": "그러니까요. 아 시간보니 저녁시간이네요. 좋아하는 돈까스나 시켜 먹어야겠어요 !",
          "summary": "나는 돈가스를 좋아한다.",
          "date": "2022-10-17",
          "time": "15:56:02",
          "terminate": "false"
        },
        {
          "speaker": "speaker2",
          "personaID": "31014",
          "participantID": "8029",
          "utterance": "그래요~돈까스 맛있겠네요! 식사 맛있게 하세요~",
          "summary": "",
          "date": "2022-10-17",
          "time": "15:56:04",
          "terminate": "true"
        }
      ],
      "sessionPersonaSummary": {
        "speaker1": [
          "나는 30대이다. 나는 남자이다.",
          "나는 중학교 과학 교사이다.",
          "나는 스포츠로 테니스를 즐기고 있다.",
          "나는 실내에서 테니스 치는 것을 싫어한다.",
          "나는 돈가스를 좋아한다."
        ],
        "speaker2": [
          "나는 30대이다. 나는 남자이다.",
          "나는 소방관이다.",
          "나는 축구를 하고 있다.",
          "나는 실외에서 축구하는 것을 좋아한다."
        ]
      },
      "prevAggregatedpersonaSummary": {
        "speaker1": [],
        "speaker2": []
      }
    },
    {
      "prevSessionID": "3-00558-1",
      "prevTimeInfo": {
        "timeNum": "3",
        "timeUnit": "시간"
      },
      "nthSession": "2",
      "numberOfUtterances": "14",
      "numberOfTurns": "7",
      "sessionID": "3-00558-2",
      "dialog": [
        {
          "speaker": "speaker1",
          "personaID": "30559",
          "participantID": "8026",
          "utterance": "어우~ 너무 맛있게 먹었네요. 3시간동안이나 먹었어요 ㅎㅎ..",
          "summary": "",
          "date": "2022-10-17",
          "time": "15:56:16",
          "terminate": "false"
        },
        {
          "speaker": "speaker2",
          "personaID": "31014",
          "participantID": "8029",
          "utterance": "말이 되나요~?3시간동안 돈가스를 드시고ㅋㅋ.",
          "summary": "",
          "date": "2022-10-17",
          "time": "15:56:20",
          "terminate": "false"
        },
        {
          "speaker": "speaker1",
          "personaID": "30559",
          "participantID": "8026",
          "utterance": "아~ 맥주 안주 느낌으로 먹어가지구요. 그쪽은 저녁 드셨어요?",
          "summary": "나는 맥주 안주 느낌으로 돈가스를 먹었다.",
          "date": "2022-10-17",
          "time": "15:56:32",
          "terminate": "false"
        },
        {
          "speaker": "speaker2",
          "personaID": "31014",
          "participantID": "8029",
          "utterance": "저는 축구하고 밥까지 먹고 왔죠 당연히!",
          "summary": "",
          "date": "2022-10-17",
          "time": "15:56:36",
          "terminate": "false"
        },
        {
          "speaker": "speaker1",
          "personaID": "30559",
          "participantID": "8026",
          "utterance": "그렇구나. 그러면 술도 한잔 하셨을텐데요?",
          "summary": "",
          "date": "2022-10-17",
          "time": "15:56:41",
          "terminate": "false"
        },
        {
          "speaker": "speaker2",
          "personaID": "31014",
          "participantID": "8029",
          "utterance": "저희 모임은 술을 따로 하지 않아요!",
          "summary": "",
          "date": "2022-10-17",
          "time": "15:56:48",
          "terminate": "false"
        },
        {
          "speaker": "speaker1",
          "personaID": "30559",
          "participantID": "8026",
          "utterance": "이야. 건전하네요. 뭐 꼭 술먹으면 불건전 한건 아니지만요 ㅎㅎ.",
          "summary": "",
          "date": "2022-10-17",
          "time": "15:56:57",
          "terminate": "false"
        },
        {
          "speaker": "speaker2",
          "personaID": "31014",
          "participantID": "8029",
          "utterance": "그건 그렇지만 건전한편은 맞긴 맞아요!",
          "summary": "",
          "date": "2022-10-17",
          "time": "15:57:00",
          "terminate": "false"
        },
        {
          "speaker": "speaker1",
          "personaID": "30559",
          "participantID": "8026",
          "utterance": "저는 맥주 4캔이나 먹었네요. 살짝 알딸딸 한거 같아요.",
          "summary": "나는 맥주 4캔을 먹었다.",
          "date": "2022-10-17",
          "time": "15:57:09",
          "terminate": "false"
        },
        {
          "speaker": "speaker2",
          "personaID": "31014",
          "participantID": "8029",
          "utterance": "아~혼자 4캔이라니! 술을 원래 잘 드세요?",
          "summary": "",
          "date": "2022-10-17",
          "time": "15:57:11",
          "terminate": "false"
        },
        {
          "speaker": "speaker1",
          "personaID": "30559",
          "participantID": "8026",
          "utterance": "그런가요. 원래 혼자 밥이나 술먹으면 좀 많이 들어가잖아요.",
          "summary": "",
          "date": "2022-10-17",
          "time": "15:57:19",
          "terminate": "false"
        },
        {
          "speaker": "speaker2",
          "personaID": "31014",
          "participantID": "8029",
          "utterance": "그렇긴 하죠! 뭔가 나도모르게 많이 마시게되는ㅋㅋ.",
          "summary": "",
          "date": "2022-10-17",
          "time": "15:57:21",
          "terminate": "false"
        },
        {
          "speaker": "speaker1",
          "personaID": "30559",
          "participantID": "8026",
          "utterance": "돈까스도 너무 맛있었고 해서요 !! 여튼 저는 좀 자러 가볼께요 ! 취기 확오르네요 !",
          "summary": "나는 취기가 확 오른다.",
          "date": "2022-10-17",
          "time": "15:57:34",
          "terminate": "false"
        },
        {
          "speaker": "speaker2",
          "personaID": "31014",
          "participantID": "8029",
          "utterance": "다행이네요! 그럼 잘 자고 또 연락해요~",
          "summary": "",
          "date": "2022-10-17",
          "time": "15:57:37",
          "terminate": "true"
        }
      ],
      "sessionPersonaSummary": {
        "speaker1": [
          "나는 맥주 안주 느낌으로 돈가스를 먹었다.",
          "나는 맥주 4캔을 먹었다.",
          "나는 취기가 확 오른다."
        ],
        "speaker2": []
      },
      "prevAggregatedpersonaSummary": {
        "speaker1": [
          "나는 30대이다. 나는 남자이다.",
          "나는 중학교 과학 교사이다.",
          "나는 스포츠로 테니스를 즐기고 있다.",
          "나는 실내에서 테니스 치는 것을 싫어한다.",
          "나는 돈가스를 좋아한다."
        ],
        "speaker2": [
          "나는 30대이다. 나는 남자이다.",
          "나는 소방관이다.",
          "나는 축구를 하고 있다.",
          "나는 실외에서 축구하는 것을 좋아한다."
        ]
      }
    },
    {
      "prevSessionID": "3-00558-2",
      "prevTimeInfo": {
        "timeNum": "2",
        "timeUnit": "주"
      },
      "nthSession": "3",
      "numberOfUtterances": "18",
      "numberOfTurns": "9",
      "sessionID": "3-00558-3",
      "dialog": [
        {
          "speaker": "speaker1",
          "personaID": "30559",
          "participantID": "8026",
          "utterance": "안녕하세요 ! 주말에만 연락드리네요 ! 2주나 지났네요 벌써 !",
          "summary": "",
          "date": "2022-10-17",
          "time": "15:58:06",
          "terminate": "false"
        },
        {
          "speaker": "speaker2",
          "personaID": "31014",
          "participantID": "8029",
          "utterance": "반갑습니다~시간 참 빠르네요! 오랜만이에요~",
          "summary": "",
          "date": "2022-10-17",
          "time": "15:58:07",
          "terminate": "false"
        },
        {
          "speaker": "speaker1",
          "personaID": "30559",
          "participantID": "8026",
          "utterance": "그러니까요 ~ 오늘도 축구 재밌게 하고 오셨어요?",
          "summary": "",
          "date": "2022-10-17",
          "time": "15:58:13",
          "terminate": "false"
        },
        {
          "speaker": "speaker2",
          "personaID": "31014",
          "participantID": "8029",
          "utterance": "오늘은 당직이여서 축구할 시간이 없네요!",
          "summary": "나는 오늘 당직이다.",
          "date": "2022-10-17",
          "time": "15:58:15",
          "terminate": "false"
        },
        {
          "speaker": "speaker1",
          "personaID": "30559",
          "participantID": "8026",
          "utterance": "그렇구나. 거기 상황실은 사람이 비질않겠죠?",
          "summary": "",
          "date": "2022-10-17",
          "time": "15:58:21",
          "terminate": "false"
        },
        {
          "speaker": "speaker2",
          "personaID": "31014",
          "participantID": "8029",
          "utterance": "당연하죠! 여기가 비는순간 너무 끔찍한걸요..",
          "summary": "",
          "date": "2022-10-17",
          "time": "15:58:23",
          "terminate": "false"
        },
        {
          "speaker": "speaker1",
          "personaID": "30559",
          "participantID": "8026",
          "utterance": "진짜 너무 수고하시네요 ~저는 오늘 테니스좀 치고 왔어요 !",
          "summary": "나는 오늘 테니스를 치고 왔다.",
          "date": "2022-10-17",
          "time": "15:58:40",
          "terminate": "false"
        },
        {
          "speaker": "speaker2",
          "personaID": "31014",
          "participantID": "8029",
          "utterance": "오~테니스치고 오셨구나! 재밌으셨겠어요~",
          "summary": "",
          "date": "2022-10-17",
          "time": "15:58:44",
          "terminate": "false"
        },
        {
          "speaker": "speaker1",
          "personaID": "30559",
          "participantID": "8026",
          "utterance": "재밌네요 ~ 오늘도 집에 오는길에 돈까스 사왔거든요.",
          "summary": "나는 집 오는 길에 돈가스를 사 왔다.",
          "date": "2022-10-17",
          "time": "15:58:50",
          "terminate": "false"
        },
        {
          "speaker": "speaker2",
          "personaID": "31014",
          "participantID": "8029",
          "utterance": "돈가스를 자주드시네요..일주일에 얼마나드시는거에요?",
          "summary": "",
          "date": "2022-10-17",
          "time": "15:58:54",
          "terminate": "false"
        },
        {
          "speaker": "speaker1",
          "personaID": "30559",
          "participantID": "8026",
          "utterance": "거의 뭐 한주에 4번정도? ㅎㅎ 자주 먹어요 !",
          "summary": "나는 일주일에 돈가스를 4번 정도 먹는다.",
          "date": "2022-10-17",
          "time": "15:59:04",
          "terminate": "false"
        },
        {
          "speaker": "speaker2",
          "personaID": "31014",
          "participantID": "8029",
          "utterance": "아~진짜 많이 드시네요! 엄청 좋아하시나봐요!",
          "summary": "",
          "date": "2022-10-17",
          "time": "15:59:05",
          "terminate": "false"
        },
        {
          "speaker": "speaker1",
          "personaID": "30559",
          "participantID": "8026",
          "utterance": "하하. 근데 그쪽은 밥 드시고 일하고 계시죠?",
          "summary": "",
          "date": "2022-10-17",
          "time": "15:59:10",
          "terminate": "false"
        },
        {
          "speaker": "speaker2",
          "personaID": "31014",
          "participantID": "8029",
          "utterance": "그쵸~!소방서밥 먹고 일하고있죠!당연히!",
          "summary": "",
          "date": "2022-10-17",
          "time": "15:59:11",
          "terminate": "false"
        },
        {
          "speaker": "speaker1",
          "personaID": "30559",
          "participantID": "8026",
          "utterance": "밥은 괜찮으세요? 밥심이 있어야 또 일하고 하는건데..",
          "summary": "",
          "date": "2022-10-17",
          "time": "15:59:19",
          "terminate": "false"
        },
        {
          "speaker": "speaker2",
          "personaID": "31014",
          "participantID": "8029",
          "utterance": "그쵸~맛있는 디저트도 나와요 가끔!ㅎㅎ.",
          "summary": "",
          "date": "2022-10-17",
          "time": "15:59:25",
          "terminate": "false"
        },
        {
          "speaker": "speaker1",
          "personaID": "30559",
          "participantID": "8026",
          "utterance": "와. 제대로네요 ! 오늘은 디저트 뭐나왔어요? 저 잠시마요 ! 나중에 답장 드릴께요 !",
          "summary": "",
          "date": "2022-10-17",
          "time": "15:59:35",
          "terminate": "false"
        },
        {
          "speaker": "speaker2",
          "personaID": "31014",
          "participantID": "8029",
          "utterance": "오늘은 블루베리 나왔는데 제가 블루베리를 싫어해서 안먹었어요ㅋㅋ그래요~",
          "summary": "나는 블루베리를 싫어한다.",
          "date": "2022-10-17",
          "time": "15:59:39",
          "terminate": "true"
        }
      ],
      "sessionPersonaSummary": {
        "speaker1": [
          "나는 오늘 테니스를 치고 왔다.",
          "나는 집 오는 길에 돈가스를 사 왔다.",
          "나는 일주일에 돈가스를 4번 정도 먹는다."
        ],
        "speaker2": [
          "나는 오늘 당직이다.",
          "나는 블루베리를 싫어한다."
        ]
      },
      "prevAggregatedpersonaSummary": {
        "speaker1": [
          "나는 30대이다. 나는 남자이다.",
          "나는 중학교 과학 교사이다.",
          "나는 스포츠로 테니스를 즐기고 있다.",
          "나는 실내에서 테니스 치는 것을 싫어한다.",
          "나는 돈가스를 좋아한다.",
          "나는 맥주 안주 느낌으로 돈가스를 먹었다.",
          "나는 맥주 4캔을 먹었다.",
          "나는 취기가 확 오른다."
        ],
        "speaker2": [
          "나는 30대이다. 나는 남자이다.",
          "나는 소방관이다.",
          "나는 축구를 하고 있다.",
          "나는 실외에서 축구하는 것을 좋아한다."
        ]
      }
    }
  ]
}