{
  "FileInfo": {
    "filename": "K3-00562-CL21977-CP21344-18-05-S3.json",
    "sessionLevel": "3"
  },
  "participantsInfo": {
    "numberOfParticipants": "2",
    "speaker1": {
      "participantID": "0725",
      "gender": "여성",
      "age": "20대",
      "occupation": "서비스직",
      "bPlace": "서울/경기/인천",
      "gPlace": "서울/경기/인천",
      "rPlace": "서울/경기/인천",
      "educationLevel": "고졸"
    },
    "speaker2": {
      "participantID": "0682",
      "gender": "남성",
      "age": "20대",
      "occupation": "기타",
      "bPlace": "서울/경기/인천",
      "gPlace": "서울/경기/인천",
      "rPlace": "서울/경기/인천",
      "educationLevel": "대졸"
    }
  },
  "multisessionInfo": {
    "multisessionID": "3-00562"
  },
  "personaInfo": {
    "clInfo": {
      "personaID": "21977",
      "personaFeatures": [
        "나는 여자이다.",
        "나는 20대이다.",
        "나는 체험 여행을 자주 간다.",
        "나는 인생에서 가장 슬펐던 때는 할아버지가 돌아가셨을 때이다.",
        "나는 노란색을 좋아한다."
      ],
      "speakerType": "speaker1"
    },
    "cpInfo": {
      "personaID": "21344",
      "personaFeatures": [
        "나는 남자이다.",
        "나는 20대이다.",
        "나의 거주지는 대구이다.",
        "나는 창업 동아리에 관심 있다.",
        "나는 전쟁 영화를 가끔 본다."
      ],
      "speakerType": "speaker2"
    }
  },
  "topicInfo": {
    "topicID": "18-05",
    "topicType": "상거래 전반",
    "topicTitle": "배송"
  },
  "sessionInfo": [
    {
      "prevSessionID": null,
      "prevTimeInfo": {
        "timeNum": null,
        "timeUnit": null
      },
      "nthSession": "1",
      "numberOfUtterances": "16",
      "numberOfTurns": "8",
      "sessionID": "3-00562-1",
      "dialog": [
        {
          "speaker": "speaker1",
          "personaID": "21977",
          "participantID": "0725",
          "utterance": "헬로입니다. 저는 20대 여자입니다.",
          "summary": "나는 20대 여자이다.",
          "date": "2022-10-05",
          "time": "10:02:20",
          "terminate": "false"
        },
        {
          "speaker": "speaker2",
          "personaID": "21344",
          "participantID": "0682",
          "utterance": "네 헬로우네요. 저는 20대 남자이고 대구에 삽니다.",
          "summary": "나는 대구에 산다. 나는 20대 남자이다.",
          "date": "2022-10-05",
          "time": "10:02:39",
          "terminate": "false"
        },
        {
          "speaker": "speaker1",
          "personaID": "21977",
          "participantID": "0725",
          "utterance": "안녕하세요. 반갑네요. 혹시 여행은 좀 좋아하세요?",
          "summary": "",
          "date": "2022-10-05",
          "time": "10:02:50",
          "terminate": "false"
        },
        {
          "speaker": "speaker2",
          "personaID": "21344",
          "participantID": "0682",
          "utterance": "네 반가워요. 여행이요? 음 요즘에는 관심있는 동아리가 있어서 여행엔 관심이 잘 안가요.",
          "summary": "",
          "date": "2022-10-05",
          "time": "10:03:11",
          "terminate": "false"
        },
        {
          "speaker": "speaker1",
          "personaID": "21977",
          "participantID": "0725",
          "utterance": "아 관심있는 동아리면 어떤 동아리에 관심이 있어요?",
          "summary": "",
          "date": "2022-10-05",
          "time": "10:03:21",
          "terminate": "false"
        },
        {
          "speaker": "speaker2",
          "personaID": "21344",
          "participantID": "0682",
          "utterance": "제가 창업 동아리에 관심이 있네요.",
          "summary": "나는 창업 동아리에 관심이 있다.",
          "date": "2022-10-05",
          "time": "10:03:28",
          "terminate": "false"
        },
        {
          "speaker": "speaker1",
          "personaID": "21977",
          "participantID": "0725",
          "utterance": "아 기본적으로 나중에 창업을 하고 싶으신가요?",
          "summary": "",
          "date": "2022-10-05",
          "time": "10:03:40",
          "terminate": "false"
        },
        {
          "speaker": "speaker2",
          "personaID": "21344",
          "participantID": "0682",
          "utterance": "네 졸업하고 뭔가 사업을 해보고 싶긴 합니다.",
          "summary": "",
          "date": "2022-10-05",
          "time": "10:03:48",
          "terminate": "false"
        },
        {
          "speaker": "speaker1",
          "personaID": "21977",
          "participantID": "0725",
          "utterance": "화이팅입니다. 그럼 혹시 체험 여행을 가보시는건 어때요?",
          "summary": "",
          "date": "2022-10-05",
          "time": "10:04:01",
          "terminate": "false"
        },
        {
          "speaker": "speaker2",
          "personaID": "21344",
          "participantID": "0682",
          "utterance": "체험 여행이요? 예를 들면 어떤 여행이 좋을까요?",
          "summary": "",
          "date": "2022-10-05",
          "time": "10:04:12",
          "terminate": "false"
        },
        {
          "speaker": "speaker1",
          "personaID": "21977",
          "participantID": "0725",
          "utterance": "제가 체험 여행을 자주 가서 말이죠. 창업 하는것도 중요하거든요.",
          "summary": "나는 체험 여행을 자주 간다.",
          "date": "2022-10-05",
          "time": "10:04:35",
          "terminate": "false"
        },
        {
          "speaker": "speaker2",
          "personaID": "21344",
          "participantID": "0682",
          "utterance": "아 체험 여행을 자주 가세요? 창업을 위해 여행 가는 것도 좋긴 하겠어요. 시야도 확장할겸요.",
          "summary": "",
          "date": "2022-10-05",
          "time": "10:05:03",
          "terminate": "false"
        },
        {
          "speaker": "speaker1",
          "personaID": "21977",
          "participantID": "0725",
          "utterance": "그니까요. 거기서 창업한 분들 만나보는 코스도 있었어요.",
          "summary": "",
          "date": "2022-10-05",
          "time": "10:05:14",
          "terminate": "false"
        },
        {
          "speaker": "speaker2",
          "personaID": "21344",
          "participantID": "0682",
          "utterance": "정말요? 그런 코스가 다 있어요?",
          "summary": "",
          "date": "2022-10-05",
          "time": "10:05:22",
          "terminate": "false"
        },
        {
          "speaker": "speaker1",
          "personaID": "21977",
          "participantID": "0725",
          "utterance": "네 맞아요. 좀 직업체험여행 이런거 한번 가보세요! 그럼 저는 이만 가볼게요.",
          "summary": "",
          "date": "2022-10-05",
          "time": "10:05:34",
          "terminate": "false"
        },
        {
          "speaker": "speaker2",
          "personaID": "21344",
          "participantID": "0682",
          "utterance": "아 그렇군요. 추천 감사해요. 네 저도 그럼 영화보러 가보려고요~",
          "summary": "",
          "date": "2022-10-05",
          "time": "10:05:46",
          "terminate": "true"
        }
      ],
      "sessionPersonaSummary": {
        "speaker1": [
          "나는 20대 여자이다.",
          "나는 체험 여행을 자주 간다."
        ],
        "speaker2": [
          "나는 대구에 산다. 나는 20대 남자이다.",
          "나는 창업 동아리에 관심이 있다."
        ]
      },
      "prevAggregatedpersonaSummary": {
        "speaker1": [],
        "speaker2": []
      }
    },
    {
      "prevSessionID": "3-00562-1",
      "prevTimeInfo": {
        "timeNum": "10",
        "timeUnit": "일"
      },
      "nthSession": "2",
      "numberOfUtterances": "16",
      "numberOfTurns": "8",
      "sessionID": "3-00562-2",
      "dialog": [
        {
          "speaker": "speaker1",
          "personaID": "21977",
          "participantID": "0725",
          "utterance": "10일만에 연락드립니다. 그 때 영화는 잘 보셨나요?",
          "summary": "",
          "date": "2022-10-05",
          "time": "10:05:51",
          "terminate": "false"
        },
        {
          "speaker": "speaker2",
          "personaID": "21344",
          "participantID": "0682",
          "utterance": "아 안녕하세요. 체험 여행 좋아하시는 분이군요. 네 잘 봤어요~",
          "summary": "",
          "date": "2022-10-05",
          "time": "10:06:02",
          "terminate": "false"
        },
        {
          "speaker": "speaker1",
          "personaID": "21977",
          "participantID": "0725",
          "utterance": "어떤 영화 보셨어요? 원래 영화 좋아하시나봐요?",
          "summary": "",
          "date": "2022-10-05",
          "time": "10:06:13",
          "terminate": "false"
        },
        {
          "speaker": "speaker2",
          "personaID": "21344",
          "participantID": "0682",
          "utterance": "아 제가 전쟁 영화를 가끔 봅니다.",
          "summary": "나는 전쟁 영화를 가끔 본다.",
          "date": "2022-10-05",
          "time": "10:06:21",
          "terminate": "false"
        },
        {
          "speaker": "speaker1",
          "personaID": "21977",
          "participantID": "0725",
          "utterance": "전쟁 영화 저는 최근에 태극기 휘날리며를 다시봤어요.",
          "summary": "",
          "date": "2022-10-05",
          "time": "10:06:34",
          "terminate": "false"
        },
        {
          "speaker": "speaker2",
          "personaID": "21344",
          "participantID": "0682",
          "utterance": "아 저도 그거 봤는데! 통했네요!",
          "summary": "",
          "date": "2022-10-05",
          "time": "10:06:51",
          "terminate": "false"
        },
        {
          "speaker": "speaker1",
          "personaID": "21977",
          "participantID": "0725",
          "utterance": "워낙 명작 이잖아요. 사실 한국에서 많이들 보셨죠.",
          "summary": "",
          "date": "2022-10-05",
          "time": "10:07:01",
          "terminate": "false"
        },
        {
          "speaker": "speaker2",
          "personaID": "21344",
          "participantID": "0682",
          "utterance": "네 그죠. 가끔 볼 때 한 번씩 보네요~",
          "summary": "",
          "date": "2022-10-05",
          "time": "10:07:23",
          "terminate": "false"
        },
        {
          "speaker": "speaker1",
          "personaID": "21977",
          "participantID": "0725",
          "utterance": "ㅎㅎ 좋아요. 그나저나 오늘 저는 배송 오는 날이라 너무 좋네요.",
          "summary": "",
          "date": "2022-10-05",
          "time": "10:07:30",
          "terminate": "false"
        },
        {
          "speaker": "speaker2",
          "personaID": "21344",
          "participantID": "0682",
          "utterance": "아 배송이요? 뭐 배송 시키셨나요??",
          "summary": "",
          "date": "2022-10-05",
          "time": "10:07:37",
          "terminate": "false"
        },
        {
          "speaker": "speaker1",
          "personaID": "21977",
          "participantID": "0725",
          "utterance": "저는 노란색을 좋아해서, 노란색 티셔츠를 배송시켰어요.",
          "summary": "나는 노란색을 좋아한다.",
          "date": "2022-10-05",
          "time": "10:07:50",
          "terminate": "false"
        },
        {
          "speaker": "speaker2",
          "personaID": "21344",
          "participantID": "0682",
          "utterance": "아 노란색 티셔츠 좋네요. ㅎㅎ 기대되시겠네요.",
          "summary": "",
          "date": "2022-10-05",
          "time": "10:08:02",
          "terminate": "false"
        },
        {
          "speaker": "speaker1",
          "personaID": "21977",
          "participantID": "0725",
          "utterance": "그러니까요. 제 맞춤 티셔츠인것 같아서 더 기대됩니다.",
          "summary": "",
          "date": "2022-10-05",
          "time": "10:08:13",
          "terminate": "false"
        },
        {
          "speaker": "speaker2",
          "personaID": "21344",
          "participantID": "0682",
          "utterance": "아 그렇군요. ㅎㅎ 저희 대구에도 좀 여러 색의 티를 팔면 좋겠네요.",
          "summary": "",
          "date": "2022-10-05",
          "time": "10:08:33",
          "terminate": "false"
        },
        {
          "speaker": "speaker1",
          "personaID": "21977",
          "participantID": "0725",
          "utterance": "대구 사시나봐요! 그럼 저는 이만 가보도록 하겠습니다. 담에 또 이야기 나누도록 해요.",
          "summary": "",
          "date": "2022-10-05",
          "time": "10:08:43",
          "terminate": "false"
        },
        {
          "speaker": "speaker2",
          "personaID": "21344",
          "participantID": "0682",
          "utterance": "네 맞아요. 배송 잘 받으시고 저도 가볼게요~",
          "summary": "",
          "date": "2022-10-05",
          "time": "10:08:54",
          "terminate": "true"
        }
      ],
      "sessionPersonaSummary": {
        "speaker1": [
          "나는 노란색을 좋아한다."
        ],
        "speaker2": [
          "나는 전쟁 영화를 가끔 본다."
        ]
      },
      "prevAggregatedpersonaSummary": {
        "speaker1": [
          "나는 20대 여자이다.",
          "나는 체험 여행을 자주 간다."
        ],
        "speaker2": [
          "나는 대구에 산다. 나는 20대 남자이다.",
          "나는 창업 동아리에 관심이 있다."
        ]
      }
    },
    {
      "prevSessionID": "3-00562-2",
      "prevTimeInfo": {
        "timeNum": "1",
        "timeUnit": "주"
      },
      "nthSession": "3",
      "numberOfUtterances": "16",
      "numberOfTurns": "8",
      "sessionID": "3-00562-3",
      "dialog": [
        {
          "speaker": "speaker1",
          "personaID": "21977",
          "participantID": "0725",
          "utterance": "일주일만이네요. 안녕하세요. 대구 사시는 분!",
          "summary": "",
          "date": "2022-10-05",
          "time": "10:09:00",
          "terminate": "false"
        },
        {
          "speaker": "speaker2",
          "personaID": "21344",
          "participantID": "0682",
          "utterance": "아 안녕하세요. 20대 여성분 맞으시죠??",
          "summary": "",
          "date": "2022-10-05",
          "time": "10:09:10",
          "terminate": "false"
        },
        {
          "speaker": "speaker1",
          "personaID": "21977",
          "participantID": "0725",
          "utterance": "맞아요. 사실 좀 울적해서 연락드렸어요. ㅎㅎ.",
          "summary": "",
          "date": "2022-10-05",
          "time": "10:09:15",
          "terminate": "false"
        },
        {
          "speaker": "speaker2",
          "personaID": "21344",
          "participantID": "0682",
          "utterance": "앗... 정말요? 지난번에 노란 티는 잘 배송 받으신거죠? 무슨 일 있으세요??",
          "summary": "",
          "date": "2022-10-05",
          "time": "10:09:32",
          "terminate": "false"
        },
        {
          "speaker": "speaker1",
          "personaID": "21977",
          "participantID": "0725",
          "utterance": "네 잘 받았어요. 오늘은 할아버지 기일이시거든요. 제가 할아버지 손에 자라서요.",
          "summary": "",
          "date": "2022-10-05",
          "time": "10:09:35",
          "terminate": "false"
        },
        {
          "speaker": "speaker2",
          "personaID": "21344",
          "participantID": "0682",
          "utterance": "아 그러시구나... ㅠ 저런.. 뭐라고 위로의 말씀을 드려야할지...",
          "summary": "",
          "date": "2022-10-05",
          "time": "10:09:50",
          "terminate": "false"
        },
        {
          "speaker": "speaker1",
          "personaID": "21977",
          "participantID": "0725",
          "utterance": "그래서 제가 인생에서 가장 슬펐던 때가 할아버지가 돌아가셨을 때거든요.",
          "summary": "내 인생에서 가장 슬펐던 때는 할아버지가 돌아가셨을 때이다.",
          "date": "2022-10-05",
          "time": "10:09:53",
          "terminate": "false"
        },
        {
          "speaker": "speaker2",
          "personaID": "21344",
          "participantID": "0682",
          "utterance": "아 그러시군요... 슬프시겠네요 정말..",
          "summary": "",
          "date": "2022-10-05",
          "time": "10:10:06",
          "terminate": "false"
        },
        {
          "speaker": "speaker1",
          "personaID": "21977",
          "participantID": "0725",
          "utterance": "지금은 기일이라고 눈물이 나진 않지만, 그래도 많이 슬퍼요.",
          "summary": "",
          "date": "2022-10-05",
          "time": "10:10:16",
          "terminate": "false"
        },
        {
          "speaker": "speaker2",
          "personaID": "21344",
          "participantID": "0682",
          "utterance": "그럴 것 같아요. 상상은 감히 안 되지만요..",
          "summary": "",
          "date": "2022-10-05",
          "time": "10:10:33",
          "terminate": "false"
        },
        {
          "speaker": "speaker1",
          "personaID": "21977",
          "participantID": "0725",
          "utterance": "감히까지는 아니죠. ㅎㅎ 원래 소중한 사람을 잃는건 모두가 아픈 법이니까요.",
          "summary": "",
          "date": "2022-10-05",
          "time": "10:10:48",
          "terminate": "false"
        },
        {
          "speaker": "speaker2",
          "personaID": "21344",
          "participantID": "0682",
          "utterance": "네 그죠. 저는 아직 그렇게 가까운 인연을 잃는 경험이 없어서 그랬어요..",
          "summary": "",
          "date": "2022-10-05",
          "time": "10:11:09",
          "terminate": "false"
        },
        {
          "speaker": "speaker1",
          "personaID": "21977",
          "participantID": "0725",
          "utterance": "아직 20대 면은 그런 경험이 없을수 있겠어요.",
          "summary": "",
          "date": "2022-10-05",
          "time": "10:11:22",
          "terminate": "false"
        },
        {
          "speaker": "speaker2",
          "personaID": "21344",
          "participantID": "0682",
          "utterance": "네 그죠... ㅠ 뭔가 위로의 말씀을 드리고 싶은데... ㅠ.",
          "summary": "",
          "date": "2022-10-05",
          "time": "10:11:36",
          "terminate": "false"
        },
        {
          "speaker": "speaker1",
          "personaID": "21977",
          "participantID": "0725",
          "utterance": "괜찮아요. 그럼 저는 이만 제사 지내러 가볼게요.",
          "summary": "",
          "date": "2022-10-05",
          "time": "10:11:45",
          "terminate": "false"
        },
        {
          "speaker": "speaker2",
          "personaID": "21344",
          "participantID": "0682",
          "utterance": "저도 그럼 창업 동아리 합류하게 되어서 가볼게요.. 힘내세요..!",
          "summary": "",
          "date": "2022-10-05",
          "time": "10:11:51",
          "terminate": "true"
        }
      ],
      "sessionPersonaSummary": {
        "speaker1": [
          "내 인생에서 가장 슬펐던 때는 할아버지가 돌아가셨을 때이다."
        ],
        "speaker2": []
      },
      "prevAggregatedpersonaSummary": {
        "speaker1": [
          "나는 20대 여자이다.",
          "나는 체험 여행을 자주 간다.",
          "나는 노란색을 좋아한다."
        ],
        "speaker2": [
          "나는 대구에 산다. 나는 20대 남자이다.",
          "나는 창업 동아리에 관심이 있다.",
          "나는 전쟁 영화를 가끔 본다."
        ]
      }
    }
  ]
}