{
  "FileInfo": {
    "filename": "K3-00511-CL13340-CP24987-20-07-S3.json",
    "sessionLevel": "3"
  },
  "participantsInfo": {
    "numberOfParticipants": "2",
    "speaker1": {
      "participantID": "4382",
      "gender": "여성",
      "age": "20대",
      "occupation": "학생",
      "bPlace": "서울/경기/인천",
      "gPlace": "서울/경기/인천",
      "rPlace": "서울/경기/인천",
      "educationLevel": "고졸"
    },
    "speaker2": {
      "participantID": "4231",
      "gender": "여성",
      "age": "30대",
      "occupation": "사무직",
      "bPlace": "서울/경기/인천",
      "gPlace": "서울/경기/인천",
      "rPlace": "서울/경기/인천",
      "educationLevel": "대학원졸"
    }
  },
  "multisessionInfo": {
    "multisessionID": "3-00511"
  },
  "personaInfo": {
    "clInfo": {
      "personaID": "13340",
      "personaFeatures": [
        "나는 여자이다.",
        "나는 10대이다.",
        "나의 생일은 7월이다",
        "나는 건축가가 되고 싶다",
        "나는 시 읽는 것을 좋아한다",
        "나는 가끔 안도감이 든다",
        "나는 록 음악을 가끔 듣는다"
      ],
      "speakerType": "speaker1"
    },
    "cpInfo": {
      "personaID": "24987",
      "personaFeatures": [
        "나는 여자이다.",
        "나는 20대이다.",
        "나는 혈액형이 AB형이다",
        "나는 클라이밍을 자주 한다",
        "나는 블루베리를 좋아한다"
      ],
      "speakerType": "speaker2"
    }
  },
  "topicInfo": {
    "topicID": "20-07",
    "topicType": "예술문화 생활>영화/만화",
    "topicTitle": "영화제"
  },
  "sessionInfo": [
    {
      "prevSessionID": null,
      "prevTimeInfo": {
        "timeNum": null,
        "timeUnit": null
      },
      "nthSession": "1",
      "numberOfUtterances": "14",
      "numberOfTurns": "7",
      "sessionID": "3-00511-1",
      "dialog": [
        {
          "speaker": "speaker1",
          "personaID": "13340",
          "participantID": "4382",
          "utterance": "안녕하세요 저는 10대 여성입니다.",
          "summary": "나는 10대 여자다.",
          "date": "2022-11-10",
          "time": "21:33:47",
          "terminate": "false"
        },
        {
          "speaker": "speaker2",
          "personaID": "24987",
          "participantID": "4231",
          "utterance": "안녕하세요 저는 20대 여성입니다.",
          "summary": "나는 20대 여성이다.",
          "date": "2022-11-10",
          "time": "21:34:01",
          "terminate": "false"
        },
        {
          "speaker": "speaker1",
          "personaID": "13340",
          "participantID": "4382",
          "utterance": "반가워요! 혹시 음악 취향이 있으신가요? 저는 록 음악을 가끔 들어요,",
          "summary": "나는 록 음악을 가끔 듣는다.",
          "date": "2022-11-10",
          "time": "21:45:10",
          "terminate": "false"
        },
        {
          "speaker": "speaker2",
          "personaID": "24987",
          "participantID": "4231",
          "utterance": "전 힙합과 R&B를 좋아해요. 혹시 혈액형이 뭐에요?",
          "summary": "나는 힙합과 r&b를 좋아한다.",
          "date": "2022-11-10",
          "time": "21:45:29",
          "terminate": "false"
        },
        {
          "speaker": "speaker1",
          "personaID": "13340",
          "participantID": "4382",
          "utterance": "저는 AB형이에요! 특이하죠? 혹시 혈액형이 어떻게 되세요?",
          "summary": "나는 혈액형이 AB형이다.",
          "date": "2022-11-10",
          "time": "21:47:20",
          "terminate": "false"
        },
        {
          "speaker": "speaker2",
          "personaID": "24987",
          "participantID": "4231",
          "utterance": "저도 AB형이에요! 반가워요!",
          "summary": "나는 ab형이다.",
          "date": "2022-11-10",
          "time": "21:53:39",
          "terminate": "false"
        },
        {
          "speaker": "speaker1",
          "personaID": "13340",
          "participantID": "4382",
          "utterance": "오 정말 반갑네요!! 그럼 혹시 몇월생이에요? 저는 7월생이에요.",
          "summary": "나는 7월생이다.",
          "date": "2022-11-10",
          "time": "22:11:02",
          "terminate": "false"
        },
        {
          "speaker": "speaker2",
          "personaID": "24987",
          "participantID": "4231",
          "utterance": "오호 저는 8월 생이에요. 비슷한 계절에 태어났네요. 혹시 운동 좋아하세요?~ 저는 클라이밍을 자주 해요.",
          "summary": "나는 8월생이고 클라이밍을 자주 한다.",
          "date": "2022-11-11",
          "time": "13:29:46",
          "terminate": "false"
        },
        {
          "speaker": "speaker1",
          "personaID": "13340",
          "participantID": "4382",
          "utterance": "오 엄청 건강하시겠네요! 저는 운동을 별로 안 좋아해요 하하. 집에서 시 읽는 것을 좋아해요! ",
          "summary": "나는 운동을 별로 안 좋아하고, 집에서 시 읽는 것을 좋아한다.",
          "date": "2022-11-11",
          "time": "15:44:45",
          "terminate": "false"
        },
        {
          "speaker": "speaker2",
          "personaID": "24987",
          "participantID": "4231",
          "utterance": "앗 그렇군요. 뭔가 낭만적이에요. 혹시 과일 뭐 좋아하세요~? 전 블루베리를 좋아하거든요.",
          "summary": "나는 블루베리를 좋아한다.",
          "date": "2022-11-11",
          "time": "18:19:25",
          "terminate": "false"
        },
        {
          "speaker": "speaker1",
          "personaID": "13340",
          "participantID": "4382",
          "utterance": "저는 배를 제일 좋아해요! 저는 장래희망이 건축가가 되는 것이에요. 혹시 장래희망이 있으신가요?",
          "summary": "나는 배를 제일 좋아한다. 나는 장래희망이 건축가가 되는 것이다.",
          "date": "2022-11-11",
          "time": "22:51:45",
          "terminate": "false"
        },
        {
          "speaker": "speaker2",
          "personaID": "24987",
          "participantID": "4231",
          "utterance": "오 그렇군요. 멋져요. 저는 유전 상담가가 되고 싶어요.",
          "summary": "나는 유전 상담가가 되고 싶다.",
          "date": "2022-11-13",
          "time": "10:03:35",
          "terminate": "false"
        },
        {
          "speaker": "speaker1",
          "personaID": "13340",
          "participantID": "4382",
          "utterance": "오 되게 생소한 직업이네요! 상담가라는 직업을 꿈꾸시는거면 성격이 되게 온화하실 거 같아요. 저는 가끔 안도감이 드는 성격이에요. 긴장을 자주해서..",
          "summary": "나는 긴장을 자주 해서 가끔 안도감이 드는 성격이다.",
          "date": "2022-11-13",
          "time": "20:33:39",
          "terminate": "false"
        },
        {
          "speaker": "speaker2",
          "personaID": "24987",
          "participantID": "4231",
          "utterance": "아 그렇군요. 다음에 또 대화나누어요. 점심 맛있게 드세요!",
          "summary": "",
          "date": "2022-11-14",
          "time": "11:59:21",
          "terminate": "true"
        }
      ],
      "sessionPersonaSummary": {
        "speaker1": [
          "나는 10대 여자다.",
          "나는 록 음악을 가끔 듣는다.",
          "나는 혈액형이 AB형이다.",
          "나는 7월생이다.",
          "나는 운동을 별로 안 좋아하고, 집에서 시 읽는 것을 좋아한다.",
          "나는 배를 제일 좋아한다. 나는 장래희망이 건축가가 되는 것이다.",
          "나는 긴장을 자주 해서 가끔 안도감이 드는 성격이다."
        ],
        "speaker2": [
          "나는 20대 여성이다.",
          "나는 힙합과 r&b를 좋아한다.",
          "나는 ab형이다.",
          "나는 8월생이고 클라이밍을 자주 한다.",
          "나는 블루베리를 좋아한다.",
          "나는 유전 상담가가 되고 싶다."
        ]
      },
      "prevAggregatedpersonaSummary": {
        "speaker1": [],
        "speaker2": []
      }
    },
    {
      "prevSessionID": "3-00511-1",
      "prevTimeInfo": {
        "timeNum": "5",
        "timeUnit": "주"
      },
      "nthSession": "2",
      "numberOfUtterances": "14",
      "numberOfTurns": "7",
      "sessionID": "3-00511-2",
      "dialog": [
        {
          "speaker": "speaker1",
          "personaID": "13340",
          "participantID": "4382",
          "utterance": "안녕하세요~ 저희 5주만이네요. 잘 지내시나요?",
          "summary": "",
          "date": "2022-11-15",
          "time": "18:00:31",
          "terminate": "false"
        },
        {
          "speaker": "speaker2",
          "personaID": "24987",
          "participantID": "4231",
          "utterance": "네~ 잘 지내셨죠~?! 오랜만이에요!",
          "summary": "",
          "date": "2022-11-17",
          "time": "02:30:05",
          "terminate": "false"
        },
        {
          "speaker": "speaker1",
          "personaID": "13340",
          "participantID": "4382",
          "utterance": "혹시 영화제에 관심이 있으신가요?",
          "summary": "",
          "date": "2022-11-17",
          "time": "14:08:27",
          "terminate": "false"
        },
        {
          "speaker": "speaker2",
          "personaID": "24987",
          "participantID": "4231",
          "utterance": "네, 저는 영화보는 것 굉장히 좋아해서 자연스레 영화제에도 관심 가지게 되었어요. 최근에 부산 영화제도 다녀왔답니다.",
          "summary": "나는 영화를 좋아해서 영화제에도 관심을 가져서 부산영화제를 다녀왔다.",
          "date": "2022-11-17",
          "time": "14:16:03",
          "terminate": "false"
        },
        {
          "speaker": "speaker1",
          "personaID": "13340",
          "participantID": "4382",
          "utterance": "우와 되게 좋은 경험이셨겠어요. 가면 영화들을 보나요?",
          "summary": "",
          "date": "2022-11-18",
          "time": "10:35:52",
          "terminate": "false"
        },
        {
          "speaker": "speaker2",
          "personaID": "24987",
          "participantID": "4231",
          "utterance": "네네 영화도 보고 연예인들도 많이 봤어요.",
          "summary": "",
          "date": "2022-11-20",
          "time": "10:24:52",
          "terminate": "false"
        },
        {
          "speaker": "speaker1",
          "personaID": "13340",
          "participantID": "4382",
          "utterance": "부러워요... 저도 꼭 한 번 가보고싶어요. 영화를 좋아하시는 편이신가봐요. 영화제도 가시구!",
          "summary": "나는 영화제에 꼭 한 번 가보고 싶다.",
          "date": "2022-11-20",
          "time": "12:14:49",
          "terminate": "false"
        },
        {
          "speaker": "speaker2",
          "personaID": "24987",
          "participantID": "4231",
          "utterance": "아 네, 이렇게 영화제에 가게된 건 최근이에요. 요즘 외국 영화제에 우리나라 영화가 초대되고 상 받는 뉴스들이 많아져서 기분이 좋아요.",
          "summary": "나는 요즘 외국 영화제에 우리나라 영화가 초대돼서 상 받는 것이 뿌듯하다.",
          "date": "2022-11-20",
          "time": "22:43:06",
          "terminate": "false"
        },
        {
          "speaker": "speaker1",
          "personaID": "13340",
          "participantID": "4382",
          "utterance": "곧 청룡영화제도 하는 거 같더라구요. 기대가 돼요.",
          "summary": "나는 곧 하는 청룡영화제가 기대된다.",
          "date": "2022-11-21",
          "time": "10:17:46",
          "terminate": "false"
        },
        {
          "speaker": "speaker2",
          "personaID": "24987",
          "participantID": "4231",
          "utterance": "오 맞아요. 영화제 시상식 때 공연도 재밌고 볼거리가 많은 거 같아요.",
          "summary": "나는 영화제 시상식 때 볼거리가 많은 거 같다고 생각한다.",
          "date": "2022-11-21",
          "time": "13:23:00",
          "terminate": "false"
        },
        {
          "speaker": "speaker1",
          "personaID": "13340",
          "participantID": "4382",
          "utterance": "영화제에 가수들이 와서 무대도 하고 그러지않나요? 방송을 통해 중계할 때 시청률을 높이려고 하는것인지 연예인들을 위해 볼거리를 만들어주는 것인지는 잘 모르겠네요.",
          "summary": "",
          "date": "2022-11-21",
          "time": "18:56:51",
          "terminate": "false"
        },
        {
          "speaker": "speaker2",
          "personaID": "24987",
          "participantID": "4231",
          "utterance": "네, 둘 다 이지 않을까요~? 시상만 하면 재미없으니깐 축하공연을 하는 것 같아요.",
          "summary": "",
          "date": "2022-11-22",
          "time": "09:06:31",
          "terminate": "false"
        },
        {
          "speaker": "speaker1",
          "personaID": "13340",
          "participantID": "4382",
          "utterance": "그렇군요. 저도 같은 생각이에요. 혹시 제일 좋아하는 영화가 있으신가요?",
          "summary": "",
          "date": "2022-11-22",
          "time": "13:03:09",
          "terminate": "false"
        },
        {
          "speaker": "speaker2",
          "personaID": "24987",
          "participantID": "4231",
          "utterance": "저는 액션영화 좋아해요. 그럼 다음에 더 길게 대화해요!",
          "summary": "나는 액션 영화를 좋아한다.",
          "date": "2022-11-23",
          "time": "09:30:46",
          "terminate": "true"
        }
      ],
      "sessionPersonaSummary": {
        "speaker1": [
          "나는 영화제에 꼭 한 번 가보고 싶다.",
          "나는 곧 하는 청룡영화제가 기대된다."
        ],
        "speaker2": [
          "나는 영화를 좋아해서 영화제에도 관심을 가져서 부산영화제를 다녀왔다.",
          "나는 요즘 외국 영화제에 우리나라 영화가 초대돼서 상 받는 것이 뿌듯하다.",
          "나는 영화제 시상식 때 볼거리가 많은 거 같다고 생각한다.",
          "나는 액션 영화를 좋아한다."
        ]
      },
      "prevAggregatedpersonaSummary": {
        "speaker1": [
          "나는 10대 여자다.",
          "나는 록 음악을 가끔 듣는다.",
          "나는 혈액형이 AB형이다.",
          "나는 7월생이다.",
          "나는 운동을 별로 안 좋아하고, 집에서 시 읽는 것을 좋아한다.",
          "나는 배를 제일 좋아한다. 나는 장래희망이 건축가가 되는 것이다.",
          "나는 긴장을 자주 해서 가끔 안도감이 드는 성격이다."
        ],
        "speaker2": [
          "나는 20대 여성이다.",
          "나는 힙합과 r&b를 좋아한다.",
          "나는 ab형이다.",
          "나는 8월생이고 클라이밍을 자주 한다.",
          "나는 블루베리를 좋아한다.",
          "나는 유전 상담가가 되고 싶다."
        ]
      }
    },
    {
      "prevSessionID": "3-00511-2",
      "prevTimeInfo": {
        "timeNum": "42",
        "timeUnit": "시간"
      },
      "nthSession": "3",
      "numberOfUtterances": "14",
      "numberOfTurns": "7",
      "sessionID": "3-00511-3",
      "dialog": [
        {
          "speaker": "speaker1",
          "personaID": "13340",
          "participantID": "4382",
          "utterance": "42시간만에 연락이네요~ 뭐하고 계시나요?",
          "summary": "",
          "date": "2022-11-25",
          "time": "23:25:06",
          "terminate": "false"
        },
        {
          "speaker": "speaker2",
          "personaID": "24987",
          "participantID": "4231",
          "utterance": "지금은 늦은 점심 먹으려고 해요. 잘 쉬시고 계신가요~?",
          "summary": "",
          "date": "2022-11-27",
          "time": "14:45:39",
          "terminate": "false"
        },
        {
          "speaker": "speaker1",
          "personaID": "13340",
          "participantID": "4382",
          "utterance": "네 저는 잘 쉬고 있어요. 제가 봤던 영화에서 조연이 남우조연상을 탄 거를 기사로 접했어요. 연기를 정말 잘해서 눈길이 갔던 배우거든요.",
          "summary": "나는 내가 봤던 영화에서 조연이 남우조연상을 탄 것을 기사로 접했다.",
          "date": "2022-11-28",
          "time": "01:54:32",
          "terminate": "false"
        },
        {
          "speaker": "speaker2",
          "personaID": "24987",
          "participantID": "4231",
          "utterance": "우와 대단하네요. 혹시 배우 분 성함이 어떻게 되나요?",
          "summary": "",
          "date": "2022-11-28",
          "time": "10:38:32",
          "terminate": "false"
        },
        {
          "speaker": "speaker1",
          "personaID": "13340",
          "participantID": "4382",
          "utterance": "@이름@이요! 한산이라는 영화에 출연하셨어요.",
          "summary": "",
          "date": "2022-11-29",
          "time": "02:13:25",
          "terminate": "false"
        },
        {
          "speaker": "speaker2",
          "personaID": "24987",
          "participantID": "4231",
          "utterance": "오오 너무 매력있어요! 저는 데뷔작부터 눈여겨 보았었어요 ㅎ\n",
          "summary": "",
          "date": "2022-11-29",
          "time": "11:58:05",
          "terminate": "false"
        },
        {
          "speaker": "speaker1",
          "personaID": "13340",
          "participantID": "4382",
          "utterance": "아 저는 아직 그 드라마는 못 봤는데 거기서부터 유명해진건 맞는거 같더라구요. 정말 연기 잘하시는 분들이 많은거 같아요.",
          "summary": "나는 그 드라마는 못 봤다.",
          "date": "2022-11-29",
          "time": "17:00:37",
          "terminate": "false"
        },
        {
          "speaker": "speaker2",
          "personaID": "24987",
          "participantID": "4231",
          "utterance": "맞아요. 진짜 연기 잘하시는 분들 많죠.. 그래서 영화제는 진짜 별들의 전쟁인듯! ",
          "summary": "나는 영화제가 별들의 전쟁이라고 생각한다.",
          "date": "2022-11-30",
          "time": "23:01:00",
          "terminate": "false"
        },
        {
          "speaker": "speaker1",
          "personaID": "13340",
          "participantID": "4382",
          "utterance": "별들의 전쟁! 정말 어울리는 말이네요. 칸영화제같이 정말 큰 영화제에서 한국 영화가 상을 타면 정말 기분이 좋아요.",
          "summary": "나는 칸 영화제같이 정말 큰 영화제에서 한국 영화가 상을 타면 정말 기분이 좋다.",
          "date": "2022-12-01",
          "time": "01:55:47",
          "terminate": "false"
        },
        {
          "speaker": "speaker2",
          "personaID": "24987",
          "participantID": "4231",
          "utterance": "맞아요. 점점 갈수록 세계적인 영화제에서 한국 영화, 감독, 배우상을 받는 것 같아 같이 뿌듯해지네요!",
          "summary": "나는 영화제에서 한국영화가 감독, 배 우싱을 받는 것이 뿌듯하다.",
          "date": "2022-12-01",
          "time": "09:10:58",
          "terminate": "false"
        },
        {
          "speaker": "speaker1",
          "personaID": "13340",
          "participantID": "4382",
          "utterance": "@이름1@ 감독님의 영화중 보신게 있나요?",
          "summary": "",
          "date": "2022-12-01",
          "time": "15:38:45",
          "terminate": "false"
        },
        {
          "speaker": "speaker2",
          "personaID": "24987",
          "participantID": "4231",
          "utterance": "아직이요. 기생충이 유명한 것 같던데 봐야지 하고 못봤네요. ",
          "summary": "나는 아직 기생충을 안 봤다.",
          "date": "2022-12-03",
          "time": "18:21:26",
          "terminate": "false"
        },
        {
          "speaker": "speaker1",
          "personaID": "13340",
          "participantID": "4382",
          "utterance": "기생충 정말 명작이에요. 처음엔 보고 조금 기괴하다 싶기도 했는데... 계속 생각나는 영화더라고요. 저는 설국열차라는 영화도 좋아해요!",
          "summary": "나는 기생충 영화를 보고 조금 기괴하다 싶기도 했는데 계속 생각나는 영화고, 설국열차라는 영화도 좋아한다.",
          "date": "2022-12-03",
          "time": "21:36:13",
          "terminate": "false"
        },
        {
          "speaker": "speaker2",
          "personaID": "24987",
          "participantID": "4231",
          "utterance": "아하 그렇군요. 둘 다 시간내서 함 봐야겠어요. 다음에 또 대화해요!",
          "summary": "",
          "date": "2022-12-03",
          "time": "23:53:39",
          "terminate": "true"
        }
      ],
      "sessionPersonaSummary": {
        "speaker1": [
          "나는 내가 봤던 영화에서 조연이 남우조연상을 탄 것을 기사로 접했다.",
          "나는 그 드라마는 못 봤다.",
          "나는 칸 영화제같이 정말 큰 영화제에서 한국 영화가 상을 타면 정말 기분이 좋다.",
          "나는 기생충 영화를 보고 조금 기괴하다 싶기도 했는데 계속 생각나는 영화고, 설국열차라는 영화도 좋아한다."
        ],
        "speaker2": [
          "나는 영화제가 별들의 전쟁이라고 생각한다.",
          "나는 영화제에서 한국영화가 감독, 배 우싱을 받는 것이 뿌듯하다.",
          "나는 아직 기생충을 안 봤다."
        ]
      },
      "prevAggregatedpersonaSummary": {
        "speaker1": [
          "나는 10대 여자다.",
          "나는 록 음악을 가끔 듣는다.",
          "나는 혈액형이 AB형이다.",
          "나는 7월생이다.",
          "나는 운동을 별로 안 좋아하고, 집에서 시 읽는 것을 좋아한다.",
          "나는 배를 제일 좋아한다. 나는 장래희망이 건축가가 되는 것이다.",
          "나는 긴장을 자주 해서 가끔 안도감이 드는 성격이다.",
          "나는 영화제에 꼭 한 번 가보고 싶다.",
          "나는 곧 하는 청룡영화제가 기대된다."
        ],
        "speaker2": [
          "나는 20대 여성이다.",
          "나는 힙합과 r&b를 좋아한다.",
          "나는 ab형이다.",
          "나는 8월생이고 클라이밍을 자주 한다.",
          "나는 블루베리를 좋아한다.",
          "나는 유전 상담가가 되고 싶다.",
          "나는 영화를 좋아해서 영화제에도 관심을 가져서 부산영화제를 다녀왔다.",
          "나는 요즘 외국 영화제에 우리나라 영화가 초대돼서 상 받는 것이 뿌듯하다.",
          "나는 영화제 시상식 때 볼거리가 많은 거 같다고 생각한다.",
          "나는 액션 영화를 좋아한다."
        ]
      }
    }
  ]
}