{
  "FileInfo": {
    "filename": "K3-00139-CL25816-CP35077-01-08-S3.json",
    "sessionLevel": "3"
  },
  "participantsInfo": {
    "numberOfParticipants": "2",
    "speaker1": {
      "participantID": "3249",
      "gender": "여성",
      "age": "20대",
      "occupation": "무직",
      "bPlace": "부산/대구/울산/경상",
      "gPlace": "부산/대구/울산/경상",
      "rPlace": "부산/대구/울산/경상",
      "educationLevel": "대학원졸"
    },
    "speaker2": {
      "participantID": "4510",
      "gender": "여성",
      "age": "40대",
      "occupation": "기타",
      "bPlace": "대전/세종/충청/강원",
      "gPlace": "대전/세종/충청/강원",
      "rPlace": "서울/경기/인천",
      "educationLevel": "대졸"
    }
  },
  "multisessionInfo": {
    "multisessionID": "3-00139"
  },
  "personaInfo": {
    "clInfo": {
      "personaID": "25816",
      "personaFeatures": [
        "나는 여자이다.",
        "나는 20대이다.",
        "나는 선후배와 친한 사람 한두 명이 있다",
        "나는 반려동물 미용사이다",
        "나는 보드 게임에 관심 없다",
        "나는 위스키를 일주일에 서너 번 마신다",
        "나는 요즘, 매일 환멸을 느낀다"
      ],
      "speakerType": "speaker1"
    },
    "cpInfo": {
      "personaID": "35077",
      "personaFeatures": [
        "나는 여자이다.",
        "나는 30대이다.",
        "나는 클래식 음악을 가끔 듣는다",
        "나는 역사교육과를 전공했다",
        "나는 트럼펫을 배우고 싶다",
        "나는 다소 진지하다",
        "나는 복숭아를 싫어한다"
      ],
      "speakerType": "speaker2"
    }
  },
  "topicInfo": {
    "topicID": "01-08",
    "topicType": "식음료",
    "topicTitle": "레시피"
  },
  "sessionInfo": [
    {
      "prevSessionID": null,
      "prevTimeInfo": {
        "timeNum": null,
        "timeUnit": null
      },
      "nthSession": "1",
      "numberOfUtterances": "14",
      "numberOfTurns": "7",
      "sessionID": "3-00139-1",
      "dialog": [
        {
          "speaker": "speaker1",
          "personaID": "25816",
          "participantID": "3249",
          "utterance": "안녕하세요, 저는 20대 여성입니다!",
          "summary": "나는 20대 여성이다",
          "date": "2022-11-11",
          "time": "19:13:59",
          "terminate": "false"
        },
        {
          "speaker": "speaker2",
          "personaID": "35077",
          "participantID": "4510",
          "utterance": "안녕하세요. 저는 30대 여성입니다. 반갑습니다.",
          "summary": "나는 30대 여성이다.",
          "date": "2022-11-11",
          "time": "19:14:21",
          "terminate": "false"
        },
        {
          "speaker": "speaker1",
          "personaID": "25816",
          "participantID": "3249",
          "utterance": "저는 반려동물 미용사인데 무슨 일 하시나요?",
          "summary": "나는 반려동물 미용사이다",
          "date": "2022-11-11",
          "time": "19:14:46",
          "terminate": "false"
        },
        {
          "speaker": "speaker2",
          "personaID": "35077",
          "participantID": "4510",
          "utterance": "반려동물 미용사 멋지네요. 저는 역사교육과를 전공했는데 아직 취업을 못했습니다",
          "summary": "나는 역사교육과를 전공했는데 아직 취업을 못 했다.",
          "date": "2022-11-11",
          "time": "19:16:29",
          "terminate": "false"
        },
        {
          "speaker": "speaker1",
          "personaID": "25816",
          "participantID": "3249",
          "utterance": "역사! 전 역사가 너무 방대해서 외우기가 어렵던데 ㅠㅠ 대단해요! 저는 선후배와 친한 사람 한두 명 있는데 님도 대학에서 만난 지인들 많겠네요!",
          "summary": "",
          "date": "2022-11-11",
          "time": "19:22:26",
          "terminate": "false"
        },
        {
          "speaker": "speaker2",
          "personaID": "35077",
          "participantID": "4510",
          "utterance": "네. 대학동기들과 클래식 음악을 가끔 듣습니다. ",
          "summary": "나는 대학 동기들과 클래식 음악을 가끔 듣는다.",
          "date": "2022-11-11",
          "time": "19:30:22",
          "terminate": "false"
        },
        {
          "speaker": "speaker1",
          "personaID": "25816",
          "participantID": "3249",
          "utterance": "우와 클래식 음악 남달라요! 정말 멋지네요. 저는 위스키를 일주일에 서너 번 마셔요. 술을 좋아해서요. 님은 술 좋아하는 편인가요?",
          "summary": " 나는 술을 좋아한다",
          "date": "2022-11-11",
          "time": "19:44:36",
          "terminate": "false"
        },
        {
          "speaker": "speaker2",
          "personaID": "35077",
          "participantID": "4510",
          "utterance": "저도 술 좋아합니다. 술을 마셔도 다소 진지해서 친구들이 재미없다고 합니다. 악기는 좋아하시나요?",
          "summary": "나는 술을 좋아한다.",
          "date": "2022-11-11",
          "time": "19:50:54",
          "terminate": "false"
        },
        {
          "speaker": "speaker1",
          "personaID": "25816",
          "participantID": "3249",
          "utterance": "저는 피아노에 관심 있어요~ 어릴 때 잠깐 쳤거든요! 님은 무슨 악기 좋아하세요?",
          "summary": "나는 피아노에 관심이 있다",
          "date": "2022-11-11",
          "time": "19:51:56",
          "terminate": "false"
        },
        {
          "speaker": "speaker2",
          "personaID": "35077",
          "participantID": "4510",
          "utterance": "저도 피아노 어렸을 때 쳤었는데, 저는 요새 트럼펫을 배우고 싶네요. 과일은 좋아하십니까?",
          "summary": "나는 피아노 어렸을 때 쳤었는데 요새는 트럼펫을 배우고 싶다.",
          "date": "2022-11-11",
          "time": "19:52:58",
          "terminate": "false"
        },
        {
          "speaker": "speaker1",
          "personaID": "25816",
          "participantID": "3249",
          "utterance": "과일 좋아해요~ 특히 딸기 좋아해요! 과일 뭐 좋아하나요? 저는 요즘, 매일 환멸을 느끼곤 해요 ㅠㅠ",
          "summary": "나는 특히 딸기를 좋아한다 나는 매일 환멸을 느낀다",
          "date": "2022-11-11",
          "time": "20:19:31",
          "terminate": "false"
        },
        {
          "speaker": "speaker2",
          "personaID": "35077",
          "participantID": "4510",
          "utterance": "아 딸기 맛있겠네요. 기분이 많이 안좋으신가보네요. 저는 과일 다 좋아하는데 복숭아를 싫어합니다.",
          "summary": "나는 과일 다 좋아하는데 복숭아를 싫어한다.",
          "date": "2022-11-11",
          "time": "20:34:35",
          "terminate": "false"
        },
        {
          "speaker": "speaker1",
          "personaID": "25816",
          "participantID": "3249",
          "utterance": "남친이랑 싸웠거든요. 그래서 기분이 안 좋네요. 남친이 보드 게임 중독 수준인데 저는 보드게임에 관심이 없어요. 복숭아는 식감이 별로라서 그런건가요?",
          "summary": "나는 기분이 안 좋다 나는 보드게임에 관심이 없다",
          "date": "2022-11-11",
          "time": "21:52:00",
          "terminate": "false"
        },
        {
          "speaker": "speaker2",
          "personaID": "35077",
          "participantID": "4510",
          "utterance": "네 기분 잘 푸시고 저는 이만 나가보겠습니다.",
          "summary": "",
          "date": "2022-11-11",
          "time": "21:55:10",
          "terminate": "true"
        }
      ],
      "sessionPersonaSummary": {
        "speaker1": [
          "나는 20대 여성이다",
          "나는 반려동물 미용사이다",
          "나는 술을 좋아한다",
          "나는 피아노에 관심이 있다",
          "나는 특히 딸기를 좋아한다",
          "나는 매일 환멸을 느낀다",
          "나는 기분이 안 좋다",
          "나는 보드게임에 관심이 없다"
        ],
        "speaker2": [
          "나는 30대 여성이다.",
          "나는 역사교육과를 전공했는데 아직 취업을 못 했다.",
          "나는 대학 동기들과 클래식 음악을 가끔 듣는다.",
          "나는 술을 좋아한다.",
          "나는 피아노 어렸을 때 쳤었는데 요새는 트럼펫을 배우고 싶다.",
          "나는 과일 다 좋아하는데 복숭아를 싫어한다."
        ]
      },
      "prevAggregatedpersonaSummary": {
        "speaker1": [],
        "speaker2": []
      }
    },
    {
      "prevSessionID": "3-00139-1",
      "prevTimeInfo": {
        "timeNum": "5",
        "timeUnit": "주"
      },
      "nthSession": "2",
      "numberOfUtterances": "15",
      "numberOfTurns": "7",
      "sessionID": "3-00139-2",
      "dialog": [
        {
          "speaker": "speaker1",
          "personaID": "25816",
          "participantID": "3249",
          "utterance": "안녕하세요, 정말 오랜만이네요!",
          "summary": "",
          "date": "2022-11-11",
          "time": "22:00:37",
          "terminate": "false"
        },
        {
          "speaker": "speaker2",
          "personaID": "35077",
          "participantID": "4510",
          "utterance": "네 정말 오랜만이네요. 잘 지내셨나요",
          "summary": "",
          "date": "2022-11-11",
          "time": "22:00:52",
          "terminate": "false"
        },
        {
          "speaker": "speaker1",
          "personaID": "25816",
          "participantID": "3249",
          "utterance": "네 이렇게 5주가 지났네요~ 저는 요즘 물가가 올라서 카페 가는 대신 레시피 보고 직접 음료 만들어요~",
          "summary": "나는 카페 가는 대신 레시피를 보고 음료를 만든다",
          "date": "2022-11-11",
          "time": "22:01:41",
          "terminate": "false"
        },
        {
          "speaker": "speaker2",
          "personaID": "35077",
          "participantID": "4510",
          "utterance": "그렇군요. 정말 대단하시네요. 저는 레시피 보고 하는 건 어려워서 그냥 만들어져 있는 차를 사서 마셔요.",
          "summary": "나는 레시피 보고 하는 건 어려워서 그냥 만들어져 있는 차를 사서 마신다.",
          "date": "2022-11-11",
          "time": "22:02:55",
          "terminate": "false"
        },
        {
          "speaker": "speaker1",
          "personaID": "25816",
          "participantID": "3249",
          "utterance": "음식은 레시피 보고 만든 적 없나요?",
          "summary": "",
          "date": "2022-11-11",
          "time": "22:03:41",
          "terminate": "false"
        },
        {
          "speaker": "speaker2",
          "personaID": "35077",
          "participantID": "4510",
          "utterance": "집에서 요리를 잘 안하지만 할 때는 레시피를 보고 해요. 레시피를 봐도 매번 어렵네요.",
          "summary": "나는 집에서 요리를 잘 안 하지만 할 때는 레시피를 보고 한다.",
          "date": "2022-11-11",
          "time": "22:05:07",
          "terminate": "false"
        },
        {
          "speaker": "speaker1",
          "personaID": "25816",
          "participantID": "3249",
          "utterance": "요즘은 영상으로 레시피 소개해줘서 좀 간편한 것도 있더라고요! 저는 그래서 영상에 소개된 레시피 따라서 음식 만들어요!",
          "summary": " 나는 영상에 소개된 레시피를 따라서 음식을 만든다",
          "date": "2022-11-11",
          "time": "22:06:47",
          "terminate": "false"
        },
        {
          "speaker": "speaker2",
          "personaID": "35077",
          "participantID": "4510",
          "utterance": "맞아요. 저도 많이 눈에 보이더라고요.  레시피 보면서 음식 하면 그래도 비슷하게 맛이 나서 기분이 좋긴 하더라고요.",
          "summary": "나는 레시피 보면서 음식 하면 그래도 비슷하게 맛이 나서 기분이 좋아진다.",
          "date": "2022-11-11",
          "time": "22:07:33",
          "terminate": "false"
        },
        {
          "speaker": "speaker1",
          "personaID": "25816",
          "participantID": "3249",
          "utterance": "네, 그리고 식당에서 돈 쓰면서 먹을 필요가 없어서 좋아요. 요즘은 물가가 올라서 그냥 집에서 레시피 보고 만드는게 낫더라고요.",
          "summary": "",
          "date": "2022-11-11",
          "time": "22:08:55",
          "terminate": "false"
        },
        {
          "speaker": "speaker2",
          "personaID": "35077",
          "participantID": "4510",
          "utterance": "그러게요. 너무 올랐어요. 예전엔 아이들 반찬 레시피 있는 책도 사서 만들어 주고 그랬답니다",
          "summary": "나는 예전엔 아이들 반찬 레시피 있는 책도 사서 만들어 주고 그랬다.",
          "date": "2022-11-11",
          "time": "22:09:54",
          "terminate": "false"
        },
        {
          "speaker": "speaker1",
          "personaID": "25816",
          "participantID": "3249",
          "utterance": "맞아요. 예전에는 주로 레시피 책을 보고 했잖아요. 저희 엄마 책장에 레시피 책이 많아요~ 님은 레시피 주로 검색해서 찾아보는 편인가요?",
          "summary": "나는 예전에 레시피를 주로 보고 했다",
          "date": "2022-11-11",
          "time": "22:17:44",
          "terminate": "false"
        },
        {
          "speaker": "speaker2",
          "personaID": "35077",
          "participantID": "4510",
          "utterance": "어머님 대단하시네요. 저는 레시피 검색 하는게 편해서 주로 그렇게 하는 편입니다.",
          "summary": "나는 레시피 검색하는 게 편해서 주로 그렇게 하는 편이다.",
          "date": "2022-11-11",
          "time": "22:18:43",
          "terminate": "false"
        },
        {
          "speaker": "speaker1",
          "personaID": "25816",
          "participantID": "3249",
          "utterance": "저는 글로 된 건 이해하기 어려워서 영상 찾아보게 되더라고요. 저는 요리 솜씨도 없는 편이에요. 님은 요리 잘하나요?",
          "summary": "나는 영상을 찾아본다 나는 요리 솜씨가 없는 편이다",
          "date": "2022-11-11",
          "time": "22:31:06",
          "terminate": "false"
        },
        {
          "speaker": "speaker2",
          "personaID": "35077",
          "participantID": "4510",
          "utterance": "영상이 보기 편하긴 하죠. 저는 요리를 잘 못해요. 그래서 집 밥 먹고 싶을 때 레시피를 찾아 보는게 힘들더라고요. 저는 이만 들어가보겠습니다.",
          "summary": "나는 요리를 잘 못한다.",
          "date": "2022-11-11",
          "time": "22:33:41",
          "terminate": "false"
        },
        {
          "speaker": "speaker1",
          "personaID": "25816",
          "participantID": "3249",
          "utterance": "네 대화 재미있었어요. 다음에 또 얘기 나눠요~",
          "summary": "",
          "date": "2022-11-12",
          "time": "10:57:38",
          "terminate": "true"
        }
      ],
      "sessionPersonaSummary": {
        "speaker1": [
          "나는 카페 가는 대신 레시피를 보고 음료를 만든다",
          "나는 영상에 소개된 레시피를 따라서 음식을 만든다",
          "나는 예전에 레시피를 주로 보고 했다",
          "나는 영상을 찾아본다",
          "나는 요리 솜씨가 없는 편이다"
        ],
        "speaker2": [
          "나는 레시피 보고 하는 건 어려워서 그냥 만들어져 있는 차를 사서 마신다.",
          "나는 집에서 요리를 잘 안 하지만 할 때는 레시피를 보고 한다.",
          "나는 레시피 보면서 음식 하면 그래도 비슷하게 맛이 나서 기분이 좋아진다.",
          "나는 예전엔 아이들 반찬 레시피 있는 책도 사서 만들어 주고 그랬다.",
          "나는 레시피 검색하는 게 편해서 주로 그렇게 하는 편이다.",
          "나는 요리를 잘 못한다."
        ]
      },
      "prevAggregatedpersonaSummary": {
        "speaker1": [
          "나는 20대 여성이다",
          "나는 반려동물 미용사이다",
          "나는 술을 좋아한다",
          "나는 피아노에 관심이 있다",
          "나는 특히 딸기를 좋아한다",
          "나는 매일 환멸을 느낀다",
          "나는 기분이 안 좋다",
          "나는 보드게임에 관심이 없다"
        ],
        "speaker2": [
          "나는 30대 여성이다.",
          "나는 역사교육과를 전공했는데 아직 취업을 못 했다.",
          "나는 대학 동기들과 클래식 음악을 가끔 듣는다.",
          "나는 술을 좋아한다.",
          "나는 피아노 어렸을 때 쳤었는데 요새는 트럼펫을 배우고 싶다.",
          "나는 과일 다 좋아하는데 복숭아를 싫어한다."
        ]
      }
    },
    {
      "prevSessionID": "3-00139-2",
      "prevTimeInfo": {
        "timeNum": "1",
        "timeUnit": "주"
      },
      "nthSession": "3",
      "numberOfUtterances": "15",
      "numberOfTurns": "7",
      "sessionID": "3-00139-3",
      "dialog": [
        {
          "speaker": "speaker1",
          "personaID": "25816",
          "participantID": "3249",
          "utterance": "안녕하세요, 시간이 얼마나 흘렀죠?",
          "summary": "",
          "date": "2022-11-12",
          "time": "11:52:16",
          "terminate": "false"
        },
        {
          "speaker": "speaker2",
          "personaID": "35077",
          "participantID": "4510",
          "utterance": "안녕하세요. 오랫만이네요. 잘 지내셨나요?",
          "summary": "",
          "date": "2022-11-12",
          "time": "14:07:49",
          "terminate": "false"
        },
        {
          "speaker": "speaker1",
          "personaID": "25816",
          "participantID": "3249",
          "utterance": "네 벌써 일주일이 지났네요~  저는 김치전 맛있게 하는 레시피 하나 발견해서 어제 요리 해먹었어요~",
          "summary": " 나는 김치전 레시피를 발견했다",
          "date": "2022-11-12",
          "time": "14:28:13",
          "terminate": "false"
        },
        {
          "speaker": "speaker2",
          "personaID": "35077",
          "participantID": "4510",
          "utterance": "김치전 맛있었겠어요 . 저는 오늘 레시피 보고 두부조림을 만들어 먹었어요. 너무 배부르네요.",
          "summary": "나는 오늘 레시피 보고 두부조림을 만들어 먹었다.",
          "date": "2022-11-12",
          "time": "14:44:30",
          "terminate": "false"
        },
        {
          "speaker": "speaker1",
          "personaID": "25816",
          "participantID": "3249",
          "utterance": "오 맛있는 거 해드셨네요!두부조림 참 맛있죠! 전 보고 배운 레시피를 저만의 레시피로 만들어서 블로그에 올려봤어요!",
          "summary": " 나는 레시피를 만들어서 블로그에 올렸다",
          "date": "2022-11-12",
          "time": "15:48:12",
          "terminate": "false"
        },
        {
          "speaker": "speaker2",
          "personaID": "35077",
          "participantID": "4510",
          "utterance": "블로그에 레시피를 올리시다니 대단하시네요. 저는 건강 음료 만드는 레시피를 블로그에 올려본 적이 있어요.",
          "summary": "나는 건강 음료 만드는 레시피를 블로그에 올려본 적이 있다.",
          "date": "2022-11-12",
          "time": "17:35:08",
          "terminate": "false"
        },
        {
          "speaker": "speaker1",
          "personaID": "25816",
          "participantID": "3249",
          "utterance": "우와, 그 뒤로는 블로그 안 하는 거예요? 저는 종종 시간 날 때 블로그에 레시피 올려보려고요~",
          "summary": "",
          "date": "2022-11-12",
          "time": "17:53:43",
          "terminate": "false"
        },
        {
          "speaker": "speaker2",
          "personaID": "35077",
          "participantID": "4510",
          "utterance": "현재는 안하고 있어요. 레시피 보고 요리 할 시간이 없거든요. #14턴 까지 하면 끝인거죠?",
          "summary": "나는 요즘 레시피 보고 요리할 시간이 없다.",
          "date": "2022-11-12",
          "time": "17:58:58",
          "terminate": "false"
        },
        {
          "speaker": "speaker1",
          "personaID": "25816",
          "participantID": "3249",
          "utterance": "그렇군요. 혹시 님만의 레시피 있나요?",
          "summary": "",
          "date": "2022-11-12",
          "time": "18:35:46",
          "terminate": "false"
        },
        {
          "speaker": "speaker2",
          "personaID": "35077",
          "participantID": "4510",
          "utterance": "저는 저만의 레시피는 따로 없어요. 요리를 너무 못해서요.",
          "summary": "나는 요리를 너무 못하는 편이다.",
          "date": "2022-11-12",
          "time": "18:38:37",
          "terminate": "false"
        },
        {
          "speaker": "speaker1",
          "personaID": "25816",
          "participantID": "3249",
          "utterance": "저도 그런데 레시피 따라 하니까 요리 솜씨가 늘더라고요~",
          "summary": "나는 레시피 따라 하니 요리 솜씨가 늘었다",
          "date": "2022-11-12",
          "time": "18:42:24",
          "terminate": "false"
        },
        {
          "speaker": "speaker2",
          "personaID": "35077",
          "participantID": "4510",
          "utterance": "그렇군요. 그래도 가끔 식음료 레시피를 만들어 보고 싶더라고요. 클래식 음악 들으면서 차 한잔 마시면 기분이 날아갈 거 같아요.",
          "summary": "나는 가끔 식음료 레시피를 만들어 보고 싶다고 생각한다.",
          "date": "2022-11-12",
          "time": "18:47:44",
          "terminate": "false"
        },
        {
          "speaker": "speaker1",
          "personaID": "25816",
          "participantID": "3249",
          "utterance": "말만 들어도 정말 좋을 것 같네요! 저도 다음에 그렇게 해봐야겠어요~",
          "summary": "",
          "date": "2022-11-12",
          "time": "19:45:12",
          "terminate": "false"
        },
        {
          "speaker": "speaker2",
          "personaID": "35077",
          "participantID": "4510",
          "utterance": "네. 너무 좋아요. 오늘 즐거웠습니다. 저는 이만 들어가보겠습니다.",
          "summary": "",
          "date": "2022-11-12",
          "time": "20:09:29",
          "terminate": "false"
        },
        {
          "speaker": "speaker1",
          "personaID": "25816",
          "participantID": "3249",
          "utterance": "네, 수고 많으셨습니다. 푹 쉬세요!",
          "summary": "",
          "date": "2022-11-12",
          "time": "20:10:44",
          "terminate": "true"
        }
      ],
      "sessionPersonaSummary": {
        "speaker1": [
          "나는 김치전 레시피를 발견했다",
          "나는 레시피를 만들어서 블로그에 올렸다",
          "나는 레시피 따라 하니 요리 솜씨가 늘었다"
        ],
        "speaker2": [
          "나는 오늘 레시피 보고 두부조림을 만들어 먹었다.",
          "나는 건강 음료 만드는 레시피를 블로그에 올려본 적이 있다.",
          "나는 요즘 레시피 보고 요리할 시간이 없다.",
          "나는 요리를 너무 못하는 편이다.",
          "나는 가끔 식음료 레시피를 만들어 보고 싶다고 생각한다."
        ]
      },
      "prevAggregatedpersonaSummary": {
        "speaker1": [
          "나는 20대 여성이다",
          "나는 반려동물 미용사이다",
          "나는 술을 좋아한다",
          "나는 피아노에 관심이 있다",
          "나는 특히 딸기를 좋아한다",
          "나는 매일 환멸을 느낀다",
          "나는 기분이 안 좋다",
          "나는 보드게임에 관심이 없다",
          "나는 카페 가는 대신 레시피를 보고 음료를 만든다",
          "나는 영상에 소개된 레시피를 따라서 음식을 만든다",
          "나는 예전에 레시피를 주로 보고 했다",
          "나는 영상을 찾아본다",
          "나는 요리 솜씨가 없는 편이다"
        ],
        "speaker2": [
          "나는 30대 여성이다.",
          "나는 역사교육과를 전공했는데 아직 취업을 못 했다.",
          "나는 대학 동기들과 클래식 음악을 가끔 듣는다.",
          "나는 술을 좋아한다.",
          "나는 피아노 어렸을 때 쳤었는데 요새는 트럼펫을 배우고 싶다.",
          "나는 과일 다 좋아하는데 복숭아를 싫어한다.",
          "나는 레시피 보고 하는 건 어려워서 그냥 만들어져 있는 차를 사서 마신다.",
          "나는 집에서 요리를 잘 안 하지만 할 때는 레시피를 보고 한다.",
          "나는 레시피 보면서 음식 하면 그래도 비슷하게 맛이 나서 기분이 좋아진다.",
          "나는 예전엔 아이들 반찬 레시피 있는 책도 사서 만들어 주고 그랬다.",
          "나는 레시피 검색하는 게 편해서 주로 그렇게 하는 편이다.",
          "나는 요리를 잘 못한다."
        ]
      }
    }
  ]
}