{
  "FileInfo": {
    "filename": "K3-00234-CL20575-CP21241-10-03-S3.json",
    "sessionLevel": "3"
  },
  "participantsInfo": {
    "numberOfParticipants": "2",
    "speaker1": {
      "participantID": "0076",
      "gender": "남성",
      "age": "20대",
      "occupation": "무직",
      "bPlace": "서울/경기/인천",
      "gPlace": "서울/경기/인천",
      "rPlace": "서울/경기/인천",
      "educationLevel": "고졸"
    },
    "speaker2": {
      "participantID": "1822",
      "gender": "남성",
      "age": "20대",
      "occupation": "전문직",
      "bPlace": "부산/대구/울산/경상",
      "gPlace": "부산/대구/울산/경상",
      "rPlace": "부산/대구/울산/경상",
      "educationLevel": "대졸"
    }
  },
  "multisessionInfo": {
    "multisessionID": "3-00234"
  },
  "personaInfo": {
    "clInfo": {
      "personaID": "20575",
      "personaFeatures": [
        "나는 남자이다.",
        "나는 20대이다.",
        "나는 국내 여행을 자주 한다.",
        "나는 항공기 정비원이다.",
        "나는 흐린 날을 좋아한다."
      ],
      "speakerType": "speaker1"
    },
    "cpInfo": {
      "personaID": "21241",
      "personaFeatures": [
        "나는 남자이다.",
        "나는 20대이다.",
        "나의 어머니는 영양사이다.",
        "나는 중국으로 어학연수를 간다.",
        "나는 타이 음식을 싫어한다."
      ],
      "speakerType": "speaker2"
    }
  },
  "topicInfo": {
    "topicID": "10-03",
    "topicType": "여가와 오락>스포츠/레져",
    "topicTitle": "캠핑"
  },
  "sessionInfo": [
    {
      "prevSessionID": null,
      "prevTimeInfo": {
        "timeNum": null,
        "timeUnit": null
      },
      "nthSession": "1",
      "numberOfUtterances": "14",
      "numberOfTurns": "7",
      "sessionID": "3-00234-1",
      "dialog": [
        {
          "speaker": "speaker1",
          "personaID": "20575",
          "participantID": "0076",
          "utterance": "안녕하세요~ 저는 20대 남자입니다! 잘부탁드려요.",
          "summary": "나는 20대 남자이다.",
          "date": "2022-09-29",
          "time": "10:24:03",
          "terminate": "false"
        },
        {
          "speaker": "speaker2",
          "personaID": "21241",
          "participantID": "1822",
          "utterance": "반가워요! 저도 20대 남자입니다.",
          "summary": "나는 20대 남자이다.",
          "date": "2022-09-29",
          "time": "10:22:50",
          "terminate": "false"
        },
        {
          "speaker": "speaker1",
          "personaID": "20575",
          "participantID": "0076",
          "utterance": "오~ 같은 20대를 만나니까 더 반갑네요^^",
          "summary": "",
          "date": "2022-09-29",
          "time": "10:24:12",
          "terminate": "false"
        },
        {
          "speaker": "speaker2",
          "personaID": "21241",
          "participantID": "1822",
          "utterance": "그러게요^^ 여기서 또래를 만나니 말이 잘 통할것같아요!",
          "summary": "",
          "date": "2022-09-29",
          "time": "10:25:22",
          "terminate": "false"
        },
        {
          "speaker": "speaker1",
          "personaID": "20575",
          "participantID": "0076",
          "utterance": "저는 취업을 했는데~ 선생님도 직장 생활 중이신가요?",
          "summary": "나는 취업을 했다.",
          "date": "2022-09-29",
          "time": "10:25:43",
          "terminate": "false"
        },
        {
          "speaker": "speaker2",
          "personaID": "21241",
          "participantID": "1822",
          "utterance": "아니요 ㅠㅠ 저는 중국으로 어학연수를 갈 예정이에요.",
          "summary": "나는 중국으로 어학연수를 간다.",
          "date": "2022-09-29",
          "time": "10:26:33",
          "terminate": "false"
        },
        {
          "speaker": "speaker1",
          "personaID": "20575",
          "participantID": "0076",
          "utterance": "아 정말요..? 부러운데요? 저는 항공기 정비원으로 일하고 있어요!",
          "summary": "나는 항공기 정비원이다.",
          "date": "2022-09-29",
          "time": "10:26:55",
          "terminate": "false"
        },
        {
          "speaker": "speaker2",
          "personaID": "21241",
          "participantID": "1822",
          "utterance": "오.... 항공기 정비원도 비행기 혜택이 있나요?",
          "summary": "",
          "date": "2022-09-29",
          "time": "10:28:08",
          "terminate": "false"
        },
        {
          "speaker": "speaker1",
          "personaID": "20575",
          "participantID": "0076",
          "utterance": "회사 다른데 저는 있어요^^ 비행기 탈일 있으면 할인 받아요~",
          "summary": "나는 비행기 탈 때 할인을 받는다.",
          "date": "2022-09-29",
          "time": "10:28:26",
          "terminate": "false"
        },
        {
          "speaker": "speaker2",
          "personaID": "21241",
          "participantID": "1822",
          "utterance": "그렇군요. 최근에 어딜 다녀오셨는지 여쭤봐도 되나요?",
          "summary": "",
          "date": "2022-09-29",
          "time": "10:29:10",
          "terminate": "false"
        },
        {
          "speaker": "speaker1",
          "personaID": "20575",
          "participantID": "0076",
          "utterance": "아 저는 이번에 동남아에 다녀왔어요~ 동남아 가보셨나요?",
          "summary": "",
          "date": "2022-09-29",
          "time": "10:30:22",
          "terminate": "false"
        },
        {
          "speaker": "speaker2",
          "personaID": "21241",
          "participantID": "1822",
          "utterance": "동남아요? 거기 음식 잘 맞나요? 저는 타이음식을 별로 안좋아해서요..",
          "summary": "나는 타이 음식을 싫어한다.",
          "date": "2022-09-29",
          "time": "10:31:02",
          "terminate": "false"
        },
        {
          "speaker": "speaker1",
          "personaID": "20575",
          "participantID": "0076",
          "utterance": "아 저는 입맛에 잘맞더라구요~ 거긴 하루에도 몇번씩 바뀌더라구요~ 흐린날을 좋아해서 맘에 들었어요^^",
          "summary": "나는 흐린 날을 좋아한다.",
          "date": "2022-09-29",
          "time": "10:32:14",
          "terminate": "false"
        },
        {
          "speaker": "speaker2",
          "personaID": "21241",
          "participantID": "1822",
          "utterance": "그렇군요^^ 동남아는 지금도 비가 많이 오던데... 저 잠시 중국 비자좀 확인하고 올게요!",
          "summary": "",
          "date": "2022-09-29",
          "time": "10:34:06",
          "terminate": "true"
        }
      ],
      "sessionPersonaSummary": {
        "speaker1": [
          "나는 20대 남자이다.",
          "나는 취업을 했다.",
          "나는 항공기 정비원이다.",
          "나는 비행기 탈 때 할인을 받는다.",
          "나는 흐린 날을 좋아한다."
        ],
        "speaker2": [
          "나는 20대 남자이다.",
          "나는 중국으로 어학연수를 간다.",
          "나는 타이 음식을 싫어한다."
        ]
      },
      "prevAggregatedpersonaSummary": {
        "speaker1": [],
        "speaker2": []
      }
    },
    {
      "prevSessionID": "3-00234-1",
      "prevTimeInfo": {
        "timeNum": "4",
        "timeUnit": "주"
      },
      "nthSession": "2",
      "numberOfUtterances": "14",
      "numberOfTurns": "7",
      "sessionID": "3-00234-2",
      "dialog": [
        {
          "speaker": "speaker1",
          "personaID": "20575",
          "participantID": "0076",
          "utterance": "선생님~ 한달만이죠? 혹시 지금쯤이면 중국 어학연수 가셨을까요?",
          "summary": "",
          "date": "2022-09-29",
          "time": "10:35:19",
          "terminate": "false"
        },
        {
          "speaker": "speaker2",
          "personaID": "21241",
          "participantID": "1822",
          "utterance": "아직이요! 막바지 단계랍니다. 선생님은 뭐하고 계세요?",
          "summary": "",
          "date": "2022-09-29",
          "time": "10:38:49",
          "terminate": "false"
        },
        {
          "speaker": "speaker1",
          "personaID": "20575",
          "participantID": "0076",
          "utterance": "아 저는 한달 동안 국내여행을 자주 다녔어요!",
          "summary": "나는 국내 여행을 자주 한다.",
          "date": "2022-09-29",
          "time": "10:39:00",
          "terminate": "false"
        },
        {
          "speaker": "speaker2",
          "personaID": "21241",
          "participantID": "1822",
          "utterance": "오~ 어디로 다녀오셨는지 여쭤봐도 될까요?",
          "summary": "",
          "date": "2022-09-29",
          "time": "10:39:51",
          "terminate": "false"
        },
        {
          "speaker": "speaker1",
          "personaID": "20575",
          "participantID": "0076",
          "utterance": "저는 서울, 대전, 대구,부산 찍고! 왔어요^^거의 마라톤 스포츠 한달동안 한 기분이에요^^",
          "summary": "",
          "date": "2022-09-29",
          "time": "10:40:26",
          "terminate": "false"
        },
        {
          "speaker": "speaker2",
          "personaID": "21241",
          "participantID": "1822",
          "utterance": "오... 국내 일주하신거에요? 대단해요. 약간 국토대장정같은?",
          "summary": "",
          "date": "2022-09-29",
          "time": "10:41:24",
          "terminate": "false"
        },
        {
          "speaker": "speaker1",
          "personaID": "20575",
          "participantID": "0076",
          "utterance": "맞아요~ 행복한 한달이었어요~ 지역마다 특색 음식도 다 먹어봤거든요~",
          "summary": "",
          "date": "2022-09-29",
          "time": "10:42:16",
          "terminate": "false"
        },
        {
          "speaker": "speaker2",
          "personaID": "21241",
          "participantID": "1822",
          "utterance": "오! 사실 저희 어머니가 영양사인데.. 지역마다 갖고있는 음식에 성분을 비교하신적이 있었는데... 하하하.",
          "summary": "나의 어머니는 영양사이다.",
          "date": "2022-09-29",
          "time": "10:43:12",
          "terminate": "false"
        },
        {
          "speaker": "speaker1",
          "personaID": "20575",
          "participantID": "0076",
          "utterance": "와 진짜요? 그러면 캠핑 가시면 어머님이 재료 다 가져가서 해주시나요?",
          "summary": "",
          "date": "2022-09-29",
          "time": "10:43:37",
          "terminate": "false"
        },
        {
          "speaker": "speaker2",
          "personaID": "21241",
          "participantID": "1822",
          "utterance": "네.. 근데 아버지가 안맏기는 편이에요.. ㅋㅋㅋㅋ.",
          "summary": "",
          "date": "2022-09-29",
          "time": "10:44:19",
          "terminate": "false"
        },
        {
          "speaker": "speaker1",
          "personaID": "20575",
          "participantID": "0076",
          "utterance": "아 그렇군요~ 가족들끼리 캠핑은 자주 가시나봐요?",
          "summary": "",
          "date": "2022-09-29",
          "time": "10:44:37",
          "terminate": "false"
        },
        {
          "speaker": "speaker2",
          "personaID": "21241",
          "participantID": "1822",
          "utterance": "네^^ 아버지가 캠핑을 좋아하거든요!하하하...",
          "summary": "나의 아버지는 캠핑을 좋아한다.",
          "date": "2022-09-29",
          "time": "10:46:28",
          "terminate": "false"
        },
        {
          "speaker": "speaker1",
          "personaID": "20575",
          "participantID": "0076",
          "utterance": "오~ 가족들끼리 캠핑가는거 저는 진짜 좋은거라고 생각해요! 저도 이번주에는 캠핑 갈 계획이거든요^^",
          "summary": "나는 이번 주에 캠핑을 갈 계획이다.",
          "date": "2022-09-29",
          "time": "10:47:04",
          "terminate": "false"
        },
        {
          "speaker": "speaker2",
          "personaID": "21241",
          "participantID": "1822",
          "utterance": "오! 가족끼리요? 하하하... 저 잠시 아버지가 부르셔서 다녀올게요!",
          "summary": "",
          "date": "2022-09-29",
          "time": "10:47:38",
          "terminate": "true"
        }
      ],
      "sessionPersonaSummary": {
        "speaker1": [
          "나는 국내 여행을 자주 한다.",
          "나는 이번 주에 캠핑을 갈 계획이다."
        ],
        "speaker2": [
          "나의 어머니는 영양사이다.",
          "나의 아버지는 캠핑을 좋아한다."
        ]
      },
      "prevAggregatedpersonaSummary": {
        "speaker1": [
          "나는 20대 남자이다.",
          "나는 취업을 했다.",
          "나는 항공기 정비원이다.",
          "나는 비행기 탈 때 할인을 받는다.",
          "나는 흐린 날을 좋아한다."
        ],
        "speaker2": [
          "나는 20대 남자이다.",
          "나는 중국으로 어학연수를 간다.",
          "나는 타이 음식을 싫어한다."
        ]
      }
    },
    {
      "prevSessionID": "3-00234-2",
      "prevTimeInfo": {
        "timeNum": "1",
        "timeUnit": "시간"
      },
      "nthSession": "3",
      "numberOfUtterances": "14",
      "numberOfTurns": "7",
      "sessionID": "3-00234-3",
      "dialog": [
        {
          "speaker": "speaker1",
          "personaID": "20575",
          "participantID": "0076",
          "utterance": "선생님~ 한시간이 지났는데 다녀오셨나요?",
          "summary": "",
          "date": "2022-09-29",
          "time": "10:47:53",
          "terminate": "false"
        },
        {
          "speaker": "speaker2",
          "personaID": "21241",
          "participantID": "1822",
          "utterance": "네! 아버지가 마침 여행가지고 난리네요 ㅋㅋㅋ 캠핑여행이요.",
          "summary": "",
          "date": "2022-09-29",
          "time": "10:48:28",
          "terminate": "false"
        },
        {
          "speaker": "speaker1",
          "personaID": "20575",
          "participantID": "0076",
          "utterance": "너무 좋은데요? 선생님은 가기 싫으신 눈치네요?하하.",
          "summary": "",
          "date": "2022-09-29",
          "time": "10:48:56",
          "terminate": "false"
        },
        {
          "speaker": "speaker2",
          "personaID": "21241",
          "participantID": "1822",
          "utterance": "엄마가 삼계탕해먹자고 해서요... 분명 싱겁겠죠?",
          "summary": "나의 어머니는 여행 가서 삼계탕을 먹자 했다.",
          "date": "2022-09-29",
          "time": "10:49:34",
          "terminate": "false"
        },
        {
          "speaker": "speaker1",
          "personaID": "20575",
          "participantID": "0076",
          "utterance": "맛소금 살짝 챙겨가보시는거 어때요?안볼때 반숟갈만 넣어요^^",
          "summary": "",
          "date": "2022-09-29",
          "time": "10:49:51",
          "terminate": "false"
        },
        {
          "speaker": "speaker2",
          "personaID": "21241",
          "participantID": "1822",
          "utterance": "몰래 조용히 넣을까요? 하하하 팁 감사해요!",
          "summary": "",
          "date": "2022-09-29",
          "time": "10:50:57",
          "terminate": "false"
        },
        {
          "speaker": "speaker1",
          "personaID": "20575",
          "participantID": "0076",
          "utterance": "네^^그리고 조미료가 나쁜것도 아니더라구요~ 그래서 저는 팍팍 넣어먹어요^^",
          "summary": "나는 조미료를 많이 넣어먹는다.",
          "date": "2022-09-29",
          "time": "10:51:20",
          "terminate": "false"
        },
        {
          "speaker": "speaker2",
          "personaID": "21241",
          "participantID": "1822",
          "utterance": "그런거죠? 이럴때마다 어머니가 영양사가 아니라 식당 주인이였음 좋겠에요.",
          "summary": "",
          "date": "2022-09-29",
          "time": "10:52:37",
          "terminate": "false"
        },
        {
          "speaker": "speaker1",
          "personaID": "20575",
          "participantID": "0076",
          "utterance": "저같아요 그럴 것같긴한데^^그래도 가족들 건강생각해서 그런거니까 맛있게 드세요~",
          "summary": "",
          "date": "2022-09-29",
          "time": "10:53:03",
          "terminate": "false"
        },
        {
          "speaker": "speaker2",
          "personaID": "21241",
          "participantID": "1822",
          "utterance": "그래도 축적된 건강이 있으니 전 조미료를 챙겨야겠네요.",
          "summary": "",
          "date": "2022-09-29",
          "time": "10:53:47",
          "terminate": "false"
        },
        {
          "speaker": "speaker1",
          "personaID": "20575",
          "participantID": "0076",
          "utterance": "하하ㅋㅋㅋㅋ약간 저랑 스타일이 비슷하시네요^^학교다닐때 말 안들었을것같아요.",
          "summary": "",
          "date": "2022-09-29",
          "time": "10:54:11",
          "terminate": "false"
        },
        {
          "speaker": "speaker2",
          "personaID": "21241",
          "participantID": "1822",
          "utterance": "그렇군요... ^^ 역시 아들들은 다 똑같네요.",
          "summary": "",
          "date": "2022-09-29",
          "time": "10:54:43",
          "terminate": "false"
        },
        {
          "speaker": "speaker1",
          "personaID": "20575",
          "participantID": "0076",
          "utterance": "우선 캠핑 조심히 다녀오시고 다음에 또 대화 나눕시다^^오늘 대화 즐거웠어요~",
          "summary": "",
          "date": "2022-09-29",
          "time": "10:54:26",
          "terminate": "false"
        },
        {
          "speaker": "speaker2",
          "personaID": "21241",
          "participantID": "1822",
          "utterance": "네~!! 다녀오고 다시 연락드릴게요~!!",
          "summary": "",
          "date": "2022-09-29",
          "time": "10:54:52",
          "terminate": "true"
        }
      ],
      "sessionPersonaSummary": {
        "speaker1": [
          "나는 조미료를 많이 넣어먹는다."
        ],
        "speaker2": [
          "나의 어머니는 여행 가서 삼계탕을 먹자 했다."
        ]
      },
      "prevAggregatedpersonaSummary": {
        "speaker1": [
          "나는 20대 남자이다.",
          "나는 취업을 했다.",
          "나는 항공기 정비원이다.",
          "나는 비행기 탈 때 할인을 받는다.",
          "나는 흐린 날을 좋아한다.",
          "나는 국내 여행을 자주 한다.",
          "나는 이번 주에 캠핑을 갈 계획이다."
        ],
        "speaker2": [
          "나는 20대 남자이다.",
          "나는 중국으로 어학연수를 간다.",
          "나는 타이 음식을 싫어한다.",
          "나의 어머니는 영양사이다.",
          "나의 아버지는 캠핑을 좋아한다."
        ]
      }
    }
  ]
}