{
  "FileInfo": {
    "filename": "K3-00325-CL03341-CP02572-05-01-S3.json",
    "sessionLevel": "3"
  },
  "participantsInfo": {
    "numberOfParticipants": "2",
    "speaker1": {
      "participantID": "0084",
      "gender": "남성",
      "age": "30대",
      "occupation": "기능직",
      "bPlace": "대전/세종/충청/강원",
      "gPlace": "대전/세종/충청/강원",
      "rPlace": "대전/세종/충청/강원",
      "educationLevel": "대졸"
    },
    "speaker2": {
      "participantID": "0093",
      "gender": "남성",
      "age": "30대",
      "occupation": "사무직",
      "bPlace": "대전/세종/충청/강원",
      "gPlace": "대전/세종/충청/강원",
      "rPlace": "대전/세종/충청/강원",
      "educationLevel": "대졸"
    }
  },
  "multisessionInfo": {
    "multisessionID": "3-00325"
  },
  "personaInfo": {
    "clInfo": {
      "personaID": "03341",
      "personaFeatures": [
        "나는 남자이다.",
        "나는 40대이다.",
        "나의 거주지는 강원도이다.",
        "나는 플로리스트이다.",
        "나는 비 오는 날씨를 좋아한다."
      ],
      "speakerType": "speaker1"
    },
    "cpInfo": {
      "personaID": "02572",
      "personaFeatures": [
        "나는 남자이다.",
        "나는 30대이다.",
        "나의 종교는 카톨릭이다.",
        "나는 잔치국수를 즐겨 먹는다.",
        "나는 디스코 음악을 싫어한다."
      ],
      "speakerType": "speaker2"
    }
  },
  "topicInfo": {
    "topicID": "05-01",
    "topicType": "일과 직업>군대",
    "topicTitle": "군대 생활"
  },
  "sessionInfo": [
    {
      "prevSessionID": null,
      "prevTimeInfo": {
        "timeNum": null,
        "timeUnit": null
      },
      "nthSession": "1",
      "numberOfUtterances": "16",
      "numberOfTurns": "8",
      "sessionID": "3-00325-1",
      "dialog": [
        {
          "speaker": "speaker1",
          "personaID": "03341",
          "participantID": "0084",
          "utterance": "안녕하세요 강원도 거주 40대 남성입니다.",
          "summary": "나는 강원도 거주 중이다. 나는 40대 남성이다.",
          "date": "2022-08-09",
          "time": "14:49:06",
          "terminate": "false"
        },
        {
          "speaker": "speaker2",
          "personaID": "02572",
          "participantID": "0093",
          "utterance": "반갑습니다. 저는 30대남성입니다.",
          "summary": "",
          "date": "2022-08-09",
          "time": "14:49:22",
          "terminate": "false"
        },
        {
          "speaker": "speaker1",
          "personaID": "03341",
          "participantID": "0084",
          "utterance": "저는 플로리스트에요. 그쪽은요?",
          "summary": "나는 플로리스트이다.",
          "date": "2022-08-09",
          "time": "14:49:29",
          "terminate": "false"
        },
        {
          "speaker": "speaker2",
          "personaID": "02572",
          "participantID": "0093",
          "utterance": "저는 카톨릭 교도에요. 직업은 없습니다.",
          "summary": "나는 직업이 없다. 나는 가톨릭이다.",
          "date": "2022-08-09",
          "time": "14:49:44",
          "terminate": "false"
        },
        {
          "speaker": "speaker1",
          "personaID": "03341",
          "participantID": "0084",
          "utterance": "그러시군요. 오늘은 비가 많이 오네요.",
          "summary": "",
          "date": "2022-08-09",
          "time": "14:50:00",
          "terminate": "false"
        },
        {
          "speaker": "speaker2",
          "personaID": "02572",
          "participantID": "0093",
          "utterance": "마치 홍수가 날것 같은 밤이군요...마치 그날처럼.",
          "summary": "",
          "date": "2022-08-09",
          "time": "14:50:11",
          "terminate": "false"
        },
        {
          "speaker": "speaker1",
          "personaID": "03341",
          "participantID": "0084",
          "utterance": "저는 비 오는 날씨를 좋아해요. 옛날생각이 나는군요.",
          "summary": "나는 비 오는 날씨를 좋아한다.",
          "date": "2022-08-09",
          "time": "14:50:21",
          "terminate": "false"
        },
        {
          "speaker": "speaker2",
          "personaID": "02572",
          "participantID": "0093",
          "utterance": "얘기를 들어보고 싶군요. 무슨일이 있었죠?",
          "summary": "",
          "date": "2022-08-09",
          "time": "14:50:32",
          "terminate": "false"
        },
        {
          "speaker": "speaker1",
          "personaID": "03341",
          "participantID": "0084",
          "utterance": "그건 제가 군대있을때 일이었지요. 오늘처럼 비가 많이 왔어요.",
          "summary": "",
          "date": "2022-08-09",
          "time": "14:50:53",
          "terminate": "false"
        },
        {
          "speaker": "speaker2",
          "personaID": "02572",
          "participantID": "0093",
          "utterance": "상상만해도 두려워지는군요.",
          "summary": "",
          "date": "2022-08-09",
          "time": "14:51:00",
          "terminate": "false"
        },
        {
          "speaker": "speaker1",
          "personaID": "03341",
          "participantID": "0084",
          "utterance": "저는 포항에서 해병대로 근무를 했죠.",
          "summary": "나는 포항에서 해병대였다.",
          "date": "2022-08-09",
          "time": "14:51:16",
          "terminate": "false"
        },
        {
          "speaker": "speaker2",
          "personaID": "02572",
          "participantID": "0093",
          "utterance": "악! 945기 해병대원 인사 박습니다!",
          "summary": "나는 해병대원이다.",
          "date": "2022-08-09",
          "time": "14:51:31",
          "terminate": "false"
        },
        {
          "speaker": "speaker1",
          "personaID": "03341",
          "participantID": "0084",
          "utterance": "어 그래 반갑다. 너도 해병대원이구나.",
          "summary": "",
          "date": "2022-08-09",
          "time": "14:51:41",
          "terminate": "false"
        },
        {
          "speaker": "speaker2",
          "personaID": "02572",
          "participantID": "0093",
          "utterance": "악! 그렇습니다. 저는 훌륭한 해병대원입니다!",
          "summary": "",
          "date": "2022-08-09",
          "time": "14:51:55",
          "terminate": "false"
        },
        {
          "speaker": "speaker1",
          "personaID": "03341",
          "participantID": "0084",
          "utterance": "그래도 이제 제대했으니 사회인으로서 얘기하겠습니다.",
          "summary": "",
          "date": "2022-08-09",
          "time": "14:52:13",
          "terminate": "false"
        },
        {
          "speaker": "speaker2",
          "personaID": "02572",
          "participantID": "0093",
          "utterance": "악!한번 해병은 영원한 해병입니다!!",
          "summary": "",
          "date": "2022-08-09",
          "time": "14:52:24",
          "terminate": "true"
        }
      ],
      "sessionPersonaSummary": {
        "speaker1": [
          "나는 강원도 거주 중이다. 나는 40대 남성이다.",
          "나는 플로리스트이다.",
          "나는 비 오는 날씨를 좋아한다.",
          "나는 포항에서 해병대였다."
        ],
        "speaker2": [
          "나는 직업이 없다. 나는 가톨릭이다.",
          "나는 해병대원이다."
        ]
      },
      "prevAggregatedpersonaSummary": {
        "speaker1": [],
        "speaker2": []
      }
    },
    {
      "prevSessionID": "3-00325-1",
      "prevTimeInfo": {
        "timeNum": "1",
        "timeUnit": "시간"
      },
      "nthSession": "2",
      "numberOfUtterances": "16",
      "numberOfTurns": "8",
      "sessionID": "3-00325-2",
      "dialog": [
        {
          "speaker": "speaker1",
          "personaID": "03341",
          "participantID": "0084",
          "utterance": "자자 진정하세요. 이제 우린 기열 민간인이에요.",
          "summary": "",
          "date": "2022-08-09",
          "time": "14:52:54",
          "terminate": "false"
        },
        {
          "speaker": "speaker2",
          "personaID": "02572",
          "participantID": "0093",
          "utterance": "죄송합니다. 제가 그때 생각이 나서 조금 흥분했군요.",
          "summary": "",
          "date": "2022-08-09",
          "time": "14:53:06",
          "terminate": "false"
        },
        {
          "speaker": "speaker1",
          "personaID": "03341",
          "participantID": "0084",
          "utterance": "그래서 제가 군대생활할때 이야기를 해보겠습니다.",
          "summary": "",
          "date": "2022-08-09",
          "time": "14:54:42",
          "terminate": "false"
        },
        {
          "speaker": "speaker2",
          "personaID": "02572",
          "participantID": "0093",
          "utterance": "네. 어서 해주시죠. 경청하겠습니다.",
          "summary": "",
          "date": "2022-08-09",
          "time": "14:54:51",
          "terminate": "false"
        },
        {
          "speaker": "speaker1",
          "personaID": "03341",
          "participantID": "0084",
          "utterance": "그날은 부식으로 잔치국수가 나온 날이었습니다. 연대장님 생신이었거든요.",
          "summary": "",
          "date": "2022-08-09",
          "time": "14:55:33",
          "terminate": "false"
        },
        {
          "speaker": "speaker2",
          "personaID": "02572",
          "participantID": "0093",
          "utterance": "저도 잔치국수를 즐겨 먹습니다.",
          "summary": "나는 잔치국수를 즐겨 먹는다.",
          "date": "2022-08-09",
          "time": "14:55:43",
          "terminate": "false"
        },
        {
          "speaker": "speaker1",
          "personaID": "03341",
          "participantID": "0084",
          "utterance": "국수 이름처럼 잔치가 벌어지고 있던 그날, 제 후임이 배가 아프다며 화장실에 가더군요.",
          "summary": "",
          "date": "2022-08-09",
          "time": "14:56:08",
          "terminate": "false"
        },
        {
          "speaker": "speaker2",
          "personaID": "02572",
          "participantID": "0093",
          "utterance": "군대라 식중독에 취약하죠. 하지만 해병대원이라면 괜찮았을텐데요.",
          "summary": "",
          "date": "2022-08-09",
          "time": "14:56:26",
          "terminate": "false"
        },
        {
          "speaker": "speaker1",
          "personaID": "03341",
          "participantID": "0084",
          "utterance": "저도 수상하게 여겨 후임 뒤를 따라가봤습니다.",
          "summary": "",
          "date": "2022-08-09",
          "time": "14:56:42",
          "terminate": "false"
        },
        {
          "speaker": "speaker2",
          "personaID": "02572",
          "participantID": "0093",
          "utterance": "흥미진진해지는군요. 후임은 어떻게 되었습니까.",
          "summary": "",
          "date": "2022-08-09",
          "time": "14:57:26",
          "terminate": "false"
        },
        {
          "speaker": "speaker1",
          "personaID": "03341",
          "participantID": "0084",
          "utterance": "화장실 변기칸에 들어가길래 제가 따라가봤더니 품에서 엠피쓰리를 꺼내는게 아니겠습니까.",
          "summary": "",
          "date": "2022-08-09",
          "time": "14:58:02",
          "terminate": "false"
        },
        {
          "speaker": "speaker2",
          "personaID": "02572",
          "participantID": "0093",
          "utterance": "엠피쓰리는 반입금지 물품일텐데요.",
          "summary": "",
          "date": "2022-08-09",
          "time": "14:58:11",
          "terminate": "false"
        },
        {
          "speaker": "speaker1",
          "personaID": "03341",
          "participantID": "0084",
          "utterance": "네 맞아요. 그래서 어디서 이런게 났는지 추궁했었죠.",
          "summary": "",
          "date": "2022-08-09",
          "time": "14:58:22",
          "terminate": "false"
        },
        {
          "speaker": "speaker2",
          "personaID": "02572",
          "participantID": "0093",
          "utterance": "대체 뭘 들으려 했는지 궁금하네요.",
          "summary": "",
          "date": "2022-08-09",
          "time": "14:58:31",
          "terminate": "false"
        },
        {
          "speaker": "speaker1",
          "personaID": "03341",
          "participantID": "0084",
          "utterance": "그랬더니 공군가가 그렇게 듣고싶어서 엠피쓰리에담아왔다고 합니다.",
          "summary": "",
          "date": "2022-08-09",
          "time": "14:58:48",
          "terminate": "false"
        },
        {
          "speaker": "speaker2",
          "personaID": "02572",
          "participantID": "0093",
          "utterance": "이럴수가! 해병이 공군가라니 그게 말이 됩니까? 무서워서 오늘 못자겠어요.",
          "summary": "",
          "date": "2022-08-09",
          "time": "14:59:07",
          "terminate": "true"
        }
      ],
      "sessionPersonaSummary": {
        "speaker1": [],
        "speaker2": [
          "나는 잔치국수를 즐겨 먹는다."
        ]
      },
      "prevAggregatedpersonaSummary": {
        "speaker1": [
          "나는 강원도 거주 중이다. 나는 40대 남성이다.",
          "나는 플로리스트이다.",
          "나는 비 오는 날씨를 좋아한다.",
          "나는 포항에서 해병대였다."
        ],
        "speaker2": [
          "나는 직업이 없다. 나는 가톨릭이다.",
          "나는 해병대원이다."
        ]
      }
    },
    {
      "prevSessionID": "3-00325-2",
      "prevTimeInfo": {
        "timeNum": "1",
        "timeUnit": "시간"
      },
      "nthSession": "3",
      "numberOfUtterances": "16",
      "numberOfTurns": "8",
      "sessionID": "3-00325-3",
      "dialog": [
        {
          "speaker": "speaker1",
          "personaID": "03341",
          "participantID": "0084",
          "utterance": "쓰다보니 시간이 금방 가는군요. 벌써 새벽입니다.",
          "summary": "",
          "date": "2022-08-09",
          "time": "14:59:23",
          "terminate": "false"
        },
        {
          "speaker": "speaker2",
          "personaID": "02572",
          "participantID": "0093",
          "utterance": "저는 가장 싫어하는게 첫째로 공군가, 둘째로 디스코 음악입니다.",
          "summary": "나는 공군가와 디스코 음악을 싫어한다.",
          "date": "2022-08-09",
          "time": "14:59:43",
          "terminate": "false"
        },
        {
          "speaker": "speaker1",
          "personaID": "03341",
          "participantID": "0084",
          "utterance": "저는 제 후임이 그런일을 했다는게 믿을수가 없었습니다.",
          "summary": "",
          "date": "2022-08-09",
          "time": "15:00:21",
          "terminate": "false"
        },
        {
          "speaker": "speaker2",
          "personaID": "02572",
          "participantID": "0093",
          "utterance": "후임뿐만아니라 누구라도 믿을수 없었을겁니다.",
          "summary": "",
          "date": "2022-08-09",
          "time": "15:00:30",
          "terminate": "false"
        },
        {
          "speaker": "speaker1",
          "personaID": "03341",
          "participantID": "0084",
          "utterance": "이대로 간부에게 일러바칠까 했지만 참된 전우애는 그런게 아니라고 생각했습니다.",
          "summary": "",
          "date": "2022-08-09",
          "time": "15:05:00",
          "terminate": "false"
        },
        {
          "speaker": "speaker2",
          "personaID": "02572",
          "participantID": "0093",
          "utterance": "그럼 그냥 넘어가신건가요?",
          "summary": "",
          "date": "2022-08-09",
          "time": "15:05:12",
          "terminate": "false"
        },
        {
          "speaker": "speaker1",
          "personaID": "03341",
          "participantID": "0084",
          "utterance": "그냥 넘어가는것도 아닌것같아서 제가 지도해 주기로 했죠.",
          "summary": "",
          "date": "2022-08-09",
          "time": "15:07:02",
          "terminate": "false"
        },
        {
          "speaker": "speaker2",
          "personaID": "02572",
          "participantID": "0093",
          "utterance": "과연 참된 선임이셨군요. 제 군생활은 별일없었는데.",
          "summary": "",
          "date": "2022-08-09",
          "time": "15:07:20",
          "terminate": "false"
        },
        {
          "speaker": "speaker1",
          "personaID": "03341",
          "participantID": "0084",
          "utterance": "하여튼 그래서 엠피쓰리 사건은 그대로 묻어뒀어요.",
          "summary": "",
          "date": "2022-08-09",
          "time": "15:08:30",
          "terminate": "false"
        },
        {
          "speaker": "speaker2",
          "personaID": "02572",
          "participantID": "0093",
          "utterance": "군대는 참 요절복통이 많은 곳입니다.",
          "summary": "",
          "date": "2022-08-09",
          "time": "15:11:28",
          "terminate": "false"
        },
        {
          "speaker": "speaker1",
          "personaID": "03341",
          "participantID": "0084",
          "utterance": "그러게말이에요. 지금 돌아보면 참 재밋는 곳이었죠.",
          "summary": "",
          "date": "2022-08-09",
          "time": "15:11:39",
          "terminate": "false"
        },
        {
          "speaker": "speaker2",
          "personaID": "02572",
          "participantID": "0093",
          "utterance": "두번 가라면 죽어도 싫지만요 ㅋㅋ.",
          "summary": "",
          "date": "2022-08-09",
          "time": "15:11:45",
          "terminate": "false"
        },
        {
          "speaker": "speaker1",
          "personaID": "03341",
          "participantID": "0084",
          "utterance": "지금 군대는 많이 바뀌었다는데 궁금하네요.",
          "summary": "",
          "date": "2022-08-09",
          "time": "15:12:04",
          "terminate": "false"
        },
        {
          "speaker": "speaker2",
          "personaID": "02572",
          "participantID": "0093",
          "utterance": "선진병영이다뭐다해서 많이 바뀌었죠.",
          "summary": "",
          "date": "2022-08-09",
          "time": "15:12:36",
          "terminate": "false"
        },
        {
          "speaker": "speaker1",
          "personaID": "03341",
          "participantID": "0084",
          "utterance": "우리의 삶처럼 군대도 바뀌는군요.",
          "summary": "",
          "date": "2022-08-09",
          "time": "15:12:53",
          "terminate": "false"
        },
        {
          "speaker": "speaker2",
          "personaID": "02572",
          "participantID": "0093",
          "utterance": "하지만 해병정신과 같이 영원히 바뀌지 않는것도 있는 법입니다.",
          "summary": "",
          "date": "2022-08-09",
          "time": "15:13:07",
          "terminate": "true"
        }
      ],
      "sessionPersonaSummary": {
        "speaker1": [],
        "speaker2": [
          "나는 공군가와 디스코 음악을 싫어한다."
        ]
      },
      "prevAggregatedpersonaSummary": {
        "speaker1": [
          "나는 강원도 거주 중이다. 나는 40대 남성이다.",
          "나는 플로리스트이다.",
          "나는 비 오는 날씨를 좋아한다.",
          "나는 포항에서 해병대였다."
        ],
        "speaker2": [
          "나는 직업이 없다. 나는 가톨릭이다.",
          "나는 해병대원이다.",
          "나는 잔치국수를 즐겨 먹는다."
        ]
      }
    }
  ]
}