{
  "FileInfo": {
    "filename": "K3-00497-CL23868-CP22620-06-15-S3.json",
    "sessionLevel": "3"
  },
  "participantsInfo": {
    "numberOfParticipants": "2",
    "speaker1": {
      "participantID": "1198",
      "gender": "여성",
      "age": "20대",
      "occupation": "무직",
      "bPlace": "서울/경기/인천",
      "gPlace": "서울/경기/인천",
      "rPlace": "서울/경기/인천",
      "educationLevel": "대졸"
    },
    "speaker2": {
      "participantID": "1202",
      "gender": "여성",
      "age": "20대",
      "occupation": "무직",
      "bPlace": "대전/세종/충청/강원",
      "gPlace": "대전/세종/충청/강원",
      "rPlace": "대전/세종/충청/강원",
      "educationLevel": "대졸"
    }
  },
  "multisessionInfo": {
    "multisessionID": "3-00497"
  },
  "personaInfo": {
    "clInfo": {
      "personaID": "23868",
      "personaFeatures": [
        "나는 여자이다.",
        "나는 20대이다.",
        "나는 요즘, 가끔 죄책감이 든다.",
        "나는 심리학이 부전공이다.",
        "나는 보라색을 좋아한다.",
        "나는 아이스 카푸치노를 매일 2잔 이상 마신다."
      ],
      "speakerType": "speaker1"
    },
    "cpInfo": {
      "personaID": "22620",
      "personaFeatures": [
        "나는 여자이다.",
        "나는 20대이다.",
        "나의 어머니는 영양사이다.",
        "나는 중국으로 어학연수를 간다.",
        "나는 타이 음식을 싫어한다."
      ],
      "speakerType": "speaker2"
    }
  },
  "topicInfo": {
    "topicID": "06-15",
    "topicType": "교육",
    "topicTitle": "고등학교"
  },
  "sessionInfo": [
    {
      "prevSessionID": null,
      "prevTimeInfo": {
        "timeNum": null,
        "timeUnit": null
      },
      "nthSession": "1",
      "numberOfUtterances": "14",
      "numberOfTurns": "7",
      "sessionID": "3-00497-1",
      "dialog": [
        {
          "speaker": "speaker1",
          "personaID": "23868",
          "participantID": "1198",
          "utterance": "처음뵙겠습니다, 20대 남성 학원강사입니다!",
          "summary": "나는 20대 남성이다. 나는 학원 강사이다.",
          "date": "2022-10-29",
          "time": "01:05:34",
          "terminate": "false"
        },
        {
          "speaker": "speaker2",
          "personaID": "22620",
          "participantID": "1202",
          "utterance": "안녕하세요~ 저는 20대 여성이에요!",
          "summary": "나는 20대 여성이다.",
          "date": "2022-10-29",
          "time": "01:05:38",
          "terminate": "false"
        },
        {
          "speaker": "speaker1",
          "personaID": "23868",
          "participantID": "1198",
          "utterance": "날이 갑자기 더워졌네요. 님은 괜찮으세요?",
          "summary": "",
          "date": "2022-10-29",
          "time": "01:06:22",
          "terminate": "false"
        },
        {
          "speaker": "speaker2",
          "personaID": "22620",
          "participantID": "1202",
          "utterance": "제가 더위를 많이 타는 체질은 아니라서 괜찮아요! 님은요?",
          "summary": "나는 더위를 타지 않는다.",
          "date": "2022-10-29",
          "time": "01:06:50",
          "terminate": "false"
        },
        {
          "speaker": "speaker1",
          "personaID": "23868",
          "participantID": "1198",
          "utterance": "어제까지 죽을 맛이었는데 원장님도 살고 싶었는지 오늘은 에어컨 빵빵합니다.",
          "summary": "",
          "date": "2022-10-29",
          "time": "01:07:34",
          "terminate": "false"
        },
        {
          "speaker": "speaker2",
          "personaID": "22620",
          "participantID": "1202",
          "utterance": "학원에서는 자기 맘대로 환경을 조절 못하니 힘들겠네요... 저는 그냥 방에서 선풍기 틀고 싶을 때 틀면 되는데 말이죠ㅜㅜ.",
          "summary": "",
          "date": "2022-10-29",
          "time": "01:08:25",
          "terminate": "false"
        },
        {
          "speaker": "speaker1",
          "personaID": "23868",
          "participantID": "1198",
          "utterance": "사실 @이름1@도 누구는 춥고 누구는 덥다 그러니까요. 저는 더위를 많이 타서 지금은 너무 더 좋네요.",
          "summary": "나는 더위를 많이 탄다.",
          "date": "2022-10-29",
          "time": "01:09:41",
          "terminate": "false"
        },
        {
          "speaker": "speaker2",
          "personaID": "22620",
          "participantID": "1202",
          "utterance": "아, 그러고 보니 님은 학원 강사라고 하셨죠? 혹시 어떤 과목 가르치는지 여쭤봐도 될까요?",
          "summary": "",
          "date": "2022-10-29",
          "time": "01:10:18",
          "terminate": "false"
        },
        {
          "speaker": "speaker1",
          "personaID": "23868",
          "participantID": "1198",
          "utterance": "저는 사탐이요. 사회학 전공에 부전공이 심리학이라 얼결에 상담도 제가 하고 있어요.ㅎㅎ.",
          "summary": "나는 사탐 선생님이다. 나는 상담 일을 한다. 나는 심리학이 부전공이다. 나는 사회학 전공이다.",
          "date": "2022-10-29",
          "time": "01:11:54",
          "terminate": "false"
        },
        {
          "speaker": "speaker2",
          "personaID": "22620",
          "participantID": "1202",
          "utterance": "우와, 제 친구가 지금은 졸업했지만 사회학 전공했거든요! 님은 대학 때 어떤 학생이었을지 궁금해지네요.",
          "summary": "나의 친구는 사회학을 전공했다.",
          "date": "2022-10-29",
          "time": "01:13:02",
          "terminate": "false"
        },
        {
          "speaker": "speaker1",
          "personaID": "23868",
          "participantID": "1198",
          "utterance": "아마 과에서 가장 재미없는 사람 아니었을까요? 술도 안 마시고 딱히 모여서 놀지도 않아서... 님은 졸업 하셨나요? 전공은 어떻게 되세요?",
          "summary": "나는 술을 안 마신다.",
          "date": "2022-10-29",
          "time": "01:13:44",
          "terminate": "false"
        },
        {
          "speaker": "speaker2",
          "personaID": "22620",
          "participantID": "1202",
          "utterance": "그래도 공부는 엄청 열심히 하는 분이셨을 것 같아요! 저는 중어중문 전공했는데 작년에 졸업해서 지금은 중국으로 어학연수 가려고 준비 중이에요.",
          "summary": "나는 중어중문을 전공했다. 나는 중국으로 어학연수를 간다.",
          "date": "2022-10-29",
          "time": "01:16:20",
          "terminate": "false"
        },
        {
          "speaker": "speaker1",
          "personaID": "23868",
          "participantID": "1198",
          "utterance": "님이야말로 열심히 공부하시는데요? 아 저 수업 얼마 안 남아서 준비하러 가보겠습니다.",
          "summary": "",
          "date": "2022-10-29",
          "time": "01:17:19",
          "terminate": "false"
        },
        {
          "speaker": "speaker2",
          "personaID": "22620",
          "participantID": "1202",
          "utterance": "사실 공부보단 중국 문화가 좋아서 이것저것 활동 위주로 하고 있지만요ㅎㅎ 네네, 그럼 나중에 뵐게요!",
          "summary": "나는 중국 문화를 좋아한다.",
          "date": "2022-10-29",
          "time": "01:18:08",
          "terminate": "true"
        }
      ],
      "sessionPersonaSummary": {
        "speaker1": [
          "나는 20대 남성이다. 나는 학원 강사이다.",
          "나는 더위를 많이 탄다.",
          "나는 사탐 선생님이다. 나는 상담 일을 한다. 나는 심리학이 부전공이다. 나는 사회학 전공이다.",
          "나는 술을 안 마신다."
        ],
        "speaker2": [
          "나는 20대 여성이다.",
          "나는 더위를 타지 않는다.",
          "나의 친구는 사회학을 전공했다.",
          "나는 중어중문을 전공했다. 나는 중국으로 어학연수를 간다.",
          "나는 중국 문화를 좋아한다."
        ]
      },
      "prevAggregatedpersonaSummary": {
        "speaker1": [],
        "speaker2": []
      }
    },
    {
      "prevSessionID": "3-00497-1",
      "prevTimeInfo": {
        "timeNum": "3",
        "timeUnit": "시간"
      },
      "nthSession": "2",
      "numberOfUtterances": "14",
      "numberOfTurns": "7",
      "sessionID": "3-00497-2",
      "dialog": [
        {
          "speaker": "speaker1",
          "personaID": "23868",
          "participantID": "1198",
          "utterance": "수업 끝나고 바로 왔습니다. 역시 세 시간짜리는 좀 힘드네요.",
          "summary": "",
          "date": "2022-10-29",
          "time": "01:18:49",
          "terminate": "false"
        },
        {
          "speaker": "speaker2",
          "personaID": "22620",
          "participantID": "1202",
          "utterance": "대학 수업도 세 시간 이상이면 힘든데 고생하셨어요ㅜ 오늘 수업은 그럼 끝이신가요?",
          "summary": "",
          "date": "2022-10-29",
          "time": "01:20:48",
          "terminate": "false"
        },
        {
          "speaker": "speaker1",
          "personaID": "23868",
          "participantID": "1198",
          "utterance": "수업은 하나 남았는데 상담도 하나 있네요. 아무래도 고등학생이다보니 은근 상담 요청이 있더라고요.",
          "summary": "",
          "date": "2022-10-29",
          "time": "01:21:49",
          "terminate": "false"
        },
        {
          "speaker": "speaker2",
          "personaID": "22620",
          "participantID": "1202",
          "utterance": "고등학생이 아무래도 입시 관련해서 고민이 많을 시기이긴 하죠... 님은 피곤하지 않은가 걱정이네요ㅜㅜ.",
          "summary": "",
          "date": "2022-10-29",
          "time": "01:22:38",
          "terminate": "false"
        },
        {
          "speaker": "speaker1",
          "personaID": "23868",
          "participantID": "1198",
          "utterance": "솔직히 피곤한 건 사실이라 요즘 상담 수를 제한적으로 받는데 오히려 이건 이것대로 고민 많은 @이름1@을 더 힘들게 하는 것 같아서 죄책감이...",
          "summary": "나는 요즘, 가끔 죄책감이 든다.",
          "date": "2022-10-29",
          "time": "01:23:57",
          "terminate": "false"
        },
        {
          "speaker": "speaker2",
          "personaID": "22620",
          "participantID": "1202",
          "utterance": "피곤한데도 학생부터 생각하시는 님이야말로 정말 참스승인 것 같아요... 가끔 @이름1@ 맛있는 것도 사주실 듯한 친근한 선생님이요ㅋㅋ.",
          "summary": "",
          "date": "2022-10-29",
          "time": "01:25:08",
          "terminate": "false"
        },
        {
          "speaker": "speaker1",
          "personaID": "23868",
          "participantID": "1198",
          "utterance": "좋은 선생님은 몰라도 가난한 선생님은 확실해서... 하드 한 개 사주면서도 벌벌벌해요... 원장님이 주시는 아이스 카푸치노도 아까워서 다 마시거든요.ㅎㅎ.",
          "summary": "",
          "date": "2022-10-29",
          "time": "01:27:12",
          "terminate": "false"
        },
        {
          "speaker": "speaker2",
          "personaID": "22620",
          "participantID": "1202",
          "utterance": "아하ㅠㅠ 와, 저도 카푸치노는 가끔 마시는데 그게 아이스도 있던가요? 어째 별로 본 적이 없는 것 같아서요.",
          "summary": "나는 카푸치노를 가끔 마신다.",
          "date": "2022-10-29",
          "time": "01:28:14",
          "terminate": "false"
        },
        {
          "speaker": "speaker1",
          "personaID": "23868",
          "participantID": "1198",
          "utterance": "있더라고요... 원장님은 나름대로 스타00에서 가장 비싼 거 골라오신 모양인데 이게 맛은 영... 힘내라고 하루 두 잔씩 사오시는데 사실 몇 분은 대충 먹고 버리는 것 같아요...",
          "summary": "나는 아이스 카푸치노를 매일 2잔 이상 마신다.",
          "date": "2022-10-29",
          "time": "01:28:50",
          "terminate": "false"
        },
        {
          "speaker": "speaker2",
          "personaID": "22620",
          "participantID": "1202",
          "utterance": "아이고... 원장님의 마음은 알겠지만 이것 참... 가끔은 위해주는 마음이 독이 되는 것 같아요. 저도 약간 엄마가 그런 편이라 뭔지 알 것 같아요.",
          "summary": "",
          "date": "2022-10-29",
          "time": "01:30:40",
          "terminate": "false"
        },
        {
          "speaker": "speaker1",
          "personaID": "23868",
          "participantID": "1198",
          "utterance": "님 어머니와도 뭐 비슷한 일이 있으신가요?",
          "summary": "",
          "date": "2022-10-29",
          "time": "01:30:58",
          "terminate": "false"
        },
        {
          "speaker": "speaker2",
          "personaID": "22620",
          "participantID": "1202",
          "utterance": "저희 엄마가 고등학교 영양사인데, 저 고생 많다고 영양소 균형 잡힌 식단을 짜주거든요. 행복에 겨운 소리인지 몰라도 그냥 좀 그냥 몇 끼는 대충 간단한 걸로 때우면서 살고 싶어요ㅜ.",
          "summary": "나의 엄마는 영양사이다.",
          "date": "2022-10-29",
          "time": "01:32:04",
          "terminate": "false"
        },
        {
          "speaker": "speaker1",
          "personaID": "23868",
          "participantID": "1198",
          "utterance": "감사히 드십쇼. 나중에 정말 혼자 지내면 그 간단히 때우기도 어려워집니다... 그러고보니 저도 뭐 좀 먹어야겠군요.",
          "summary": "",
          "date": "2022-10-29",
          "time": "01:33:29",
          "terminate": "false"
        },
        {
          "speaker": "speaker2",
          "personaID": "22620",
          "participantID": "1202",
          "utterance": "크흡, 나중에 중국으로 어학연수 가면 엄마표 음식이 그리워질 수도 있겠네요... 그럼 이따가 또 대화해요!",
          "summary": "",
          "date": "2022-10-29",
          "time": "01:34:20",
          "terminate": "true"
        }
      ],
      "sessionPersonaSummary": {
        "speaker1": [
          "나는 요즘, 가끔 죄책감이 든다.",
          "나는 아이스 카푸치노를 매일 2잔 이상 마신다."
        ],
        "speaker2": [
          "나는 카푸치노를 가끔 마신다.",
          "나의 엄마는 영양사이다."
        ]
      },
      "prevAggregatedpersonaSummary": {
        "speaker1": [
          "나는 20대 남성이다. 나는 학원 강사이다.",
          "나는 더위를 많이 탄다.",
          "나는 사탐 선생님이다. 나는 상담 일을 한다. 나는 심리학이 부전공이다. 나는 사회학 전공이다.",
          "나는 술을 안 마신다."
        ],
        "speaker2": [
          "나는 20대 여성이다.",
          "나는 더위를 타지 않는다.",
          "나의 친구는 사회학을 전공했다.",
          "나는 중어중문을 전공했다. 나는 중국으로 어학연수를 간다.",
          "나는 중국 문화를 좋아한다."
        ]
      }
    },
    {
      "prevSessionID": "3-00497-2",
      "prevTimeInfo": {
        "timeNum": "1",
        "timeUnit": "시간"
      },
      "nthSession": "3",
      "numberOfUtterances": "18",
      "numberOfTurns": "9",
      "sessionID": "3-00497-3",
      "dialog": [
        {
          "speaker": "speaker1",
          "personaID": "23868",
          "participantID": "1198",
          "utterance": "오늘은 세 끼 삼각김밥입니다. 어제는 삼각김밥이었고 아마 내일도 삼각김밥이겠군요.",
          "summary": "나는 삼각김밥을 매일 먹는다.",
          "date": "2022-10-29",
          "time": "01:34:58",
          "terminate": "false"
        },
        {
          "speaker": "speaker2",
          "personaID": "22620",
          "participantID": "1202",
          "utterance": "ㅎ... 사실 저는 편의점 메뉴라면 엄마가 아예 못 먹게 해서 질릴 정도로 먹어 보고 싶네요ㅋㅋ...",
          "summary": "나는 편의점 음식을 질리도록 먹어 보고 싶다.",
          "date": "2022-10-29",
          "time": "01:35:30",
          "terminate": "false"
        },
        {
          "speaker": "speaker1",
          "personaID": "23868",
          "participantID": "1198",
          "utterance": "별로 어렵지 않습니다. 딱 세 번이면 질리거든요. 질린 후에도 먹는 게 정말 어렵다고 할 수 있죠. 그 어려운 일을 제가 하고 있고요.",
          "summary": "나는 삼각김밥에 질렸다.",
          "date": "2022-10-29",
          "time": "01:36:27",
          "terminate": "false"
        },
        {
          "speaker": "speaker2",
          "personaID": "22620",
          "participantID": "1202",
          "utterance": "어쩌면 중국으로 떠난 제 미래 모습일지도 모른다는 생각이 드네요ㅋㅋ 그래도 중국 가면 이 초록초록한 집에서 벗어날 수 있는 건 좋아요.",
          "summary": "",
          "date": "2022-10-29",
          "time": "01:37:19",
          "terminate": "false"
        },
        {
          "speaker": "speaker1",
          "personaID": "23868",
          "participantID": "1198",
          "utterance": "집에 화초가 많으신가보네요. 어떤 거 많이 키우시나요?",
          "summary": "",
          "date": "2022-10-29",
          "time": "01:37:48",
          "terminate": "false"
        },
        {
          "speaker": "speaker2",
          "personaID": "22620",
          "participantID": "1202",
          "utterance": "저는 잘 모르겠는데 엄마가 온갖 화분을 들여와서요... 와중에 죽이지도 않고 엄청 잘 관리해요. 꽃 보기 힘들다는 애도 꽃을 피웠다니까요.",
          "summary": "나의 엄마는 화분 기르기를 좋아한다. 나의 엄마는 화분을 잘 관리한다.",
          "date": "2022-10-29",
          "time": "01:38:31",
          "terminate": "false"
        },
        {
          "speaker": "speaker1",
          "personaID": "23868",
          "participantID": "1198",
          "utterance": "아 저도 꽃 좋아하는데... 혹시 리시안셔스라고 아세요? 제가 보라색 좋아하는데 특히 이 꽃이 좋더라고요.",
          "summary": "나는 보라색을 좋아한다. 나는 리시안셔스를 좋아한다.",
          "date": "2022-10-29",
          "time": "01:41:33",
          "terminate": "false"
        },
        {
          "speaker": "speaker2",
          "personaID": "22620",
          "participantID": "1202",
          "utterance": "아, 맞아요. 저희 집에도 그건지는 모르겠는데 하여튼 보라색 꽃을 피운 게 있어요.",
          "summary": "",
          "date": "2022-10-29",
          "time": "01:42:36",
          "terminate": "false"
        },
        {
          "speaker": "speaker1",
          "personaID": "23868",
          "participantID": "1198",
          "utterance": "한 번 저도 보고싶네요. 딱 한 번 어느 화단에서 봤는데 지금은 없더라고요. 아 혹시 님은 건강한 식사 하셨나요?",
          "summary": "",
          "date": "2022-10-29",
          "time": "01:43:07",
          "terminate": "false"
        },
        {
          "speaker": "speaker2",
          "personaID": "22620",
          "participantID": "1202",
          "utterance": "아까도 뭐 엄마가 차려준 밥 먹고 오긴 했는데, 이따 저녁은 친구 만나서 먹기로 해서 드디어 탈출입니다ㅋㅋ.",
          "summary": "나는 엄마가 차려준 밥을 먹었다. 나는 저녁에 친구를 만날 예정이다.",
          "date": "2022-10-29",
          "time": "01:44:55",
          "terminate": "false"
        },
        {
          "speaker": "speaker1",
          "personaID": "23868",
          "participantID": "1198",
          "utterance": "오 그러셨군요. 친구분이랑은 뭐 드시나요?",
          "summary": "",
          "date": "2022-10-29",
          "time": "01:45:10",
          "terminate": "false"
        },
        {
          "speaker": "speaker2",
          "personaID": "22620",
          "participantID": "1202",
          "utterance": "그게 사실 문제예요. 얘가 일 년 전에 타이 음식을 접하더니 거기에 빠져 있어서 좋다고 그것만 먹어요. 저는 타이 음식을 싫어하는 편인데 말이죠ㅜ.",
          "summary": "나의 친구는 타이 음식을 좋아한다. 나는 타이 음식을 싫어한다.",
          "date": "2022-10-29",
          "time": "01:45:46",
          "terminate": "false"
        },
        {
          "speaker": "speaker1",
          "personaID": "23868",
          "participantID": "1198",
          "utterance": "호불호가 많이 갈리죠. 저도 똠양꿍 한 번 먹어봤는데 안 맞더라고요...",
          "summary": "나는 똠 양 꿈을 싫어한다.",
          "date": "2022-10-29",
          "time": "01:46:56",
          "terminate": "false"
        },
        {
          "speaker": "speaker2",
          "personaID": "22620",
          "participantID": "1202",
          "utterance": "저도요ㅜㅜ 그나마 쌀국수는 먹을 수 있는 수준이라 먹는데 식당 냄새도 그렇고 실은 별로예요ㅜㅜ.",
          "summary": "나는 쌀국수를 먹는다.",
          "date": "2022-10-29",
          "time": "01:47:40",
          "terminate": "false"
        },
        {
          "speaker": "speaker1",
          "personaID": "23868",
          "participantID": "1198",
          "utterance": "일단 친구분한테 솔직히 싫다고 말하신 적은 있으신가요?",
          "summary": "",
          "date": "2022-10-29",
          "time": "01:48:36",
          "terminate": "false"
        },
        {
          "speaker": "speaker2",
          "personaID": "22620",
          "participantID": "1202",
          "utterance": "별로 취향 아니니까 각자 먹고 만나면 안 되겠냐 하긴 하는데, 제가 아직 맛에 적응 못해서 그런 거니까 일단 따라오라면서... 제 말은 귓등으로도 안 들어요ㅋ...",
          "summary": "나의 친구는 남의 말을 듣지 않는다.",
          "date": "2022-10-29",
          "time": "01:49:10",
          "terminate": "false"
        },
        {
          "speaker": "speaker1",
          "personaID": "23868",
          "participantID": "1198",
          "utterance": "흠... 그런 친구들은 힘들죠... 학생중에도 그런 녀석들이 있는데 정말 언젠가 그 버릇 못 고치면 큰일 나겠다 싶더군요... 아 저는 이제 퇴근입니다. 즐거웠습니다!",
          "summary": "",
          "date": "2022-10-29",
          "time": "01:50:18",
          "terminate": "false"
        },
        {
          "speaker": "speaker2",
          "personaID": "22620",
          "participantID": "1202",
          "utterance": "그러고도 잘 사는 사람들은 또 잘 사는 것 같지만요... 주변인이 힘들 뿐이죠ㅋㅋ; 퇴근 축하드리고 저도 오늘 대화 즐거웠습니다~",
          "summary": "",
          "date": "2022-10-29",
          "time": "01:51:27",
          "terminate": "true"
        }
      ],
      "sessionPersonaSummary": {
        "speaker1": [
          "나는 삼각김밥을 매일 먹는다.",
          "나는 삼각김밥에 질렸다.",
          "나는 보라색을 좋아한다. 나는 리시안셔스를 좋아한다.",
          "나는 똠 양 꿈을 싫어한다."
        ],
        "speaker2": [
          "나는 편의점 음식을 질리도록 먹어 보고 싶다.",
          "나의 엄마는 화분 기르기를 좋아한다. 나의 엄마는 화분을 잘 관리한다.",
          "나는 엄마가 차려준 밥을 먹었다. 나는 저녁에 친구를 만날 예정이다.",
          "나의 친구는 타이 음식을 좋아한다. 나는 타이 음식을 싫어한다.",
          "나는 쌀국수를 먹는다.",
          "나의 친구는 남의 말을 듣지 않는다."
        ]
      },
      "prevAggregatedpersonaSummary": {
        "speaker1": [
          "나는 20대 남성이다. 나는 학원 강사이다.",
          "나는 더위를 많이 탄다.",
          "나는 사탐 선생님이다. 나는 상담 일을 한다. 나는 심리학이 부전공이다. 나는 사회학 전공이다.",
          "나는 술을 안 마신다.",
          "나는 요즘, 가끔 죄책감이 든다.",
          "나는 아이스 카푸치노를 매일 2잔 이상 마신다."
        ],
        "speaker2": [
          "나는 20대 여성이다.",
          "나는 더위를 타지 않는다.",
          "나의 친구는 사회학을 전공했다.",
          "나는 중어중문을 전공했다. 나는 중국으로 어학연수를 간다.",
          "나는 중국 문화를 좋아한다.",
          "나는 카푸치노를 가끔 마신다.",
          "나의 엄마는 영양사이다."
        ]
      }
    }
  ]
}