{
  "FileInfo": {
    "filename": "K3-00589-CL21851-CP22712-20-04-S3.json",
    "sessionLevel": "3"
  },
  "participantsInfo": {
    "numberOfParticipants": "2",
    "speaker1": {
      "participantID": "0023",
      "gender": "여성",
      "age": "20대",
      "occupation": "학생",
      "bPlace": "서울/경기/인천",
      "gPlace": "서울/경기/인천",
      "rPlace": "서울/경기/인천",
      "educationLevel": "고졸"
    },
    "speaker2": {
      "participantID": "0236",
      "gender": "여성",
      "age": "20대",
      "occupation": "무직",
      "bPlace": "부산/대구/울산/경상",
      "gPlace": "부산/대구/울산/경상",
      "rPlace": "부산/대구/울산/경상",
      "educationLevel": "대졸"
    }
  },
  "multisessionInfo": {
    "multisessionID": "3-00589"
  },
  "personaInfo": {
    "clInfo": {
      "personaID": "21851",
      "personaFeatures": [
        "나는 여자이다.",
        "나는 20대이다.",
        "나는 요즘, 종종 신이난다.",
        "나는 조선해양공학과가 부전공이다.",
        "나는 자전거를 자주 한다."
      ],
      "speakerType": "speaker1"
    },
    "cpInfo": {
      "personaID": "22712",
      "personaFeatures": [
        "나는 여자이다.",
        "나는 20대이다.",
        "나는 물고기 두 마리를 키운다.",
        "나는 기계항공 공학부가 부전공이다.",
        "나는 헬스를 자주 한다."
      ],
      "speakerType": "speaker2"
    }
  },
  "topicInfo": {
    "topicID": "20-04",
    "topicType": "예술문화 생활>영화/만화",
    "topicTitle": "애니메이션"
  },
  "sessionInfo": [
    {
      "prevSessionID": null,
      "prevTimeInfo": {
        "timeNum": null,
        "timeUnit": null
      },
      "nthSession": "1",
      "numberOfUtterances": "14",
      "numberOfTurns": "7",
      "sessionID": "3-00589-1",
      "dialog": [
        {
          "speaker": "speaker1",
          "personaID": "21851",
          "participantID": "0023",
          "utterance": "안녕하세요~! 대학생인 20대 여자입니다~!",
          "summary": "나는 20대 여자이다.",
          "date": "2022-09-26",
          "time": "13:38:37",
          "terminate": "false"
        },
        {
          "speaker": "speaker2",
          "personaID": "22712",
          "participantID": "0236",
          "utterance": "안녕하세요~ 20대 여자입니다. 저도 대학생이에요~!",
          "summary": "나는 20대 여자이다.",
          "date": "2022-09-26",
          "time": "13:38:50",
          "terminate": "false"
        },
        {
          "speaker": "speaker1",
          "personaID": "21851",
          "participantID": "0023",
          "utterance": "좋아요ㅎㅎㅎ어떤 공부하세요? 저는 부전공으로는 조선해양공학을 공부하고 있어요!",
          "summary": "나는 조선해양공학과가 부전공이다.",
          "date": "2022-09-26",
          "time": "13:39:13",
          "terminate": "false"
        },
        {
          "speaker": "speaker2",
          "personaID": "22712",
          "participantID": "0236",
          "utterance": "오 부전공 따로 있으시구나! 전 기계항공공학부가 부전공이에요 ㅎㅎ.",
          "summary": "나는 기계항공 공학부가 부전공이다.",
          "date": "2022-09-26",
          "time": "13:39:32",
          "terminate": "false"
        },
        {
          "speaker": "speaker1",
          "personaID": "21851",
          "participantID": "0023",
          "utterance": "ㅎㅎㅎ멋진 공부하시는데요? 오늘은 주말인데, 뭐하고 계셔요?",
          "summary": "",
          "date": "2022-09-26",
          "time": "13:39:54",
          "terminate": "false"
        },
        {
          "speaker": "speaker2",
          "personaID": "22712",
          "participantID": "0236",
          "utterance": "오늘은 키우는 물고기 어항 청소 하고왔어요! 두마리뿐인데 어항이 꽤 커서 애먹었네요..",
          "summary": "나는 물고기 두 마리를 키운다. 나는 물고기 어항을 청소했다.",
          "date": "2022-09-26",
          "time": "13:40:23",
          "terminate": "false"
        },
        {
          "speaker": "speaker1",
          "personaID": "21851",
          "participantID": "0023",
          "utterance": "ㅎㅎㅎ물고기 키우시는군요. 물고기들 이름도 지어 주셨나요?",
          "summary": "",
          "date": "2022-09-26",
          "time": "13:40:43",
          "terminate": "false"
        },
        {
          "speaker": "speaker2",
          "personaID": "22712",
          "participantID": "0236",
          "utterance": "넵 ㅎㅎ 주황색 친구는 오링이고 흰색칭구는 화링이에요~",
          "summary": "나는 오링이 와 화링이로 이름을 지어준 물고기를 키운다.",
          "date": "2022-09-26",
          "time": "13:41:12",
          "terminate": "false"
        },
        {
          "speaker": "speaker1",
          "personaID": "21851",
          "participantID": "0023",
          "utterance": "오링..화링..그렇게 이름을 지어주신 이유가 있을까요?^^",
          "summary": "",
          "date": "2022-09-26",
          "time": "13:41:19",
          "terminate": "false"
        },
        {
          "speaker": "speaker2",
          "personaID": "22712",
          "participantID": "0236",
          "utterance": "ㅋㅋㅋㅋㅋㅋ오렌지와 화이트..에요.. 제가 좀 작명센스가 부족합니다 ㅠㅠ.",
          "summary": "나는 작명 센스가 부족하다.",
          "date": "2022-09-26",
          "time": "13:42:15",
          "terminate": "false"
        },
        {
          "speaker": "speaker1",
          "personaID": "21851",
          "participantID": "0023",
          "utterance": "아하..!! ㅎㅎㅎㅎ그렇군요! @이름1@ 어종은 어떤걸로 키우고 있으세요?",
          "summary": "",
          "date": "2022-09-26",
          "time": "13:42:29",
          "terminate": "false"
        },
        {
          "speaker": "speaker2",
          "personaID": "22712",
          "participantID": "0236",
          "utterance": "키싱구라미 키우고있어요! 사랑스러운 친구랍니다 ㅎㅎ.",
          "summary": "나는 물고기 키싱구라미를 키운다.",
          "date": "2022-09-26",
          "time": "13:43:11",
          "terminate": "false"
        },
        {
          "speaker": "speaker1",
          "personaID": "21851",
          "participantID": "0023",
          "utterance": "오..지금 찾아봤는데, 입이 톡! 튀어 나와있네요ㅋㅋㅋ귀엽다..저 자전거를 자주 타는편이라 자전거 타고 다시 돌아올게요!",
          "summary": "나는 키싱구라미를 찾아보았다. 나는 자전거를 자주 한다.",
          "date": "2022-09-26",
          "time": "13:44:00",
          "terminate": "false"
        },
        {
          "speaker": "speaker2",
          "personaID": "22712",
          "participantID": "0236",
          "utterance": "오 건강한 취미네요 ㅎㅎ 저는 이번엔 집 청소좀 하고올게요!",
          "summary": "나는 집 청소를 하러 간다.",
          "date": "2022-09-26",
          "time": "13:44:24",
          "terminate": "true"
        }
      ],
      "sessionPersonaSummary": {
        "speaker1": [
          "나는 20대 여자이다.",
          "나는 조선해양공학과가 부전공이다.",
          "나는 키싱구라미를 찾아보았다. 나는 자전거를 자주 한다."
        ],
        "speaker2": [
          "나는 20대 여자이다.",
          "나는 기계항공 공학부가 부전공이다.",
          "나는 물고기 두 마리를 키운다. 나는 물고기 어항을 청소했다.",
          "나는 오링이 와 화링이로 이름을 지어준 물고기를 키운다.",
          "나는 작명 센스가 부족하다.",
          "나는 물고기 키싱구라미를 키운다.",
          "나는 집 청소를 하러 간다."
        ]
      },
      "prevAggregatedpersonaSummary": {
        "speaker1": [],
        "speaker2": []
      }
    },
    {
      "prevSessionID": "3-00589-1",
      "prevTimeInfo": {
        "timeNum": "4",
        "timeUnit": "시간"
      },
      "nthSession": "2",
      "numberOfUtterances": "14",
      "numberOfTurns": "7",
      "sessionID": "3-00589-2",
      "dialog": [
        {
          "speaker": "speaker1",
          "personaID": "21851",
          "participantID": "0023",
          "utterance": "네시간 만이죠! 집 청소는 잘 하셨나요?! 항상 허리 조심하셔야 돼요!",
          "summary": "",
          "date": "2022-09-26",
          "time": "13:44:41",
          "terminate": "false"
        },
        {
          "speaker": "speaker2",
          "personaID": "22712",
          "participantID": "0236",
          "utterance": "걱정 감사합니다~ㅎㅎ 자전거 신나게 타고 오셨나봐요!",
          "summary": "",
          "date": "2022-09-26",
          "time": "13:45:51",
          "terminate": "false"
        },
        {
          "speaker": "speaker1",
          "personaID": "21851",
          "participantID": "0023",
          "utterance": "네ㅎㅎ아주 카트라이더마냥 달리고 왔답니다. 자전거 부스터 좀 즈려 밟으시나요?",
          "summary": "",
          "date": "2022-09-26",
          "time": "13:46:11",
          "terminate": "false"
        },
        {
          "speaker": "speaker2",
          "personaID": "22712",
          "participantID": "0236",
          "utterance": "오우 마치 라잌.. 애니메이션 같네요~~! 제가 또 한 부스터 하죠 하하!",
          "summary": "",
          "date": "2022-09-26",
          "time": "13:46:56",
          "terminate": "false"
        },
        {
          "speaker": "speaker1",
          "personaID": "21851",
          "participantID": "0023",
          "utterance": "ㅋㅋㅋㅋ라잌..애니뭬이숀..다음에 한강에서 쉘위 플레이 바이시클 한번 할까요?^^",
          "summary": "나는 상대방에게 한강에서 자전거 타기를 제안했다.",
          "date": "2022-09-26",
          "time": "13:47:20",
          "terminate": "false"
        },
        {
          "speaker": "speaker2",
          "personaID": "22712",
          "participantID": "0236",
          "utterance": "ㅋㅋㅋㅋㅋㅋㅋㅋㅋ 좋습니다~ 혹시 보드같은건 안 타시나요?",
          "summary": "",
          "date": "2022-09-26",
          "time": "13:48:05",
          "terminate": "false"
        },
        {
          "speaker": "speaker1",
          "personaID": "21851",
          "participantID": "0023",
          "utterance": "보드!는 타본적이 아직은 없지만.. 평소에 한번씩 타시는 편이에요?",
          "summary": "나는 보드를 타본 적 없다.",
          "date": "2022-09-26",
          "time": "13:48:24",
          "terminate": "false"
        },
        {
          "speaker": "speaker2",
          "personaID": "22712",
          "participantID": "0236",
          "utterance": "아뇨 저도 아직 안타봤어요 ㅠㅠ 가끔 공원가면 타시는분들 있던데 재밌어보이더라구요!",
          "summary": "나는 공원에서 보드를 타는 사람들을 보고 흥미가 생겼다.",
          "date": "2022-09-26",
          "time": "13:48:58",
          "terminate": "false"
        },
        {
          "speaker": "speaker1",
          "personaID": "21851",
          "participantID": "0023",
          "utterance": "맞아요ㅋㅋㅋ재밌어 보이긴해요. 그럼 혹시 겨울철 스포츠인 스키나 보드는 타보셨어요?",
          "summary": "",
          "date": "2022-09-26",
          "time": "13:49:23",
          "terminate": "false"
        },
        {
          "speaker": "speaker2",
          "personaID": "22712",
          "participantID": "0236",
          "utterance": "오.. 저 맨날 각만 재다가 못 타봤어요.. 스키 꼭 타보고 싶은데ㅠㅠ.",
          "summary": "나는 스키를 타본 적이 없다.",
          "date": "2022-09-26",
          "time": "13:49:43",
          "terminate": "false"
        },
        {
          "speaker": "speaker1",
          "personaID": "21851",
          "participantID": "0023",
          "utterance": "ㅎㅎㅎ꼭 타보셔요ㅎㅎㅎ재밌어요. 저도 잘 못 타지만요! 이번 겨울 어떠세요?!",
          "summary": "",
          "date": "2022-09-26",
          "time": "13:50:25",
          "terminate": "false"
        },
        {
          "speaker": "speaker2",
          "personaID": "22712",
          "participantID": "0236",
          "utterance": "이번 겨울에는 꼭 도전해봐야겠어요~ㅠㅠ 스키 안 어렵나요?",
          "summary": "나는 이번 겨울에 스키 타는 것을 도전할 예정이다.",
          "date": "2022-09-26",
          "time": "13:50:45",
          "terminate": "false"
        },
        {
          "speaker": "speaker1",
          "personaID": "21851",
          "participantID": "0023",
          "utterance": "본인 난이도에 맞는거부터 천천히 해보면 어렵지 않아요!ㅎㅎㅎ안전이 우선입니다! 저 씻고 금방 올게요~!",
          "summary": "나는 씻으러 간다.",
          "date": "2022-09-26",
          "time": "13:51:18",
          "terminate": "false"
        },
        {
          "speaker": "speaker2",
          "personaID": "22712",
          "participantID": "0236",
          "utterance": "오케이.. 좋아요! 저는 그럼 쇼핑좀 하고 올게요~!",
          "summary": "나는 쇼핑하러 간다.",
          "date": "2022-09-26",
          "time": "13:52:01",
          "terminate": "true"
        }
      ],
      "sessionPersonaSummary": {
        "speaker1": [
          "나는 상대방에게 한강에서 자전거 타기를 제안했다.",
          "나는 보드를 타본 적 없다.",
          "나는 씻으러 간다."
        ],
        "speaker2": [
          "나는 공원에서 보드를 타는 사람들을 보고 흥미가 생겼다.",
          "나는 스키를 타본 적이 없다.",
          "나는 이번 겨울에 스키 타는 것을 도전할 예정이다.",
          "나는 쇼핑하러 간다."
        ]
      },
      "prevAggregatedpersonaSummary": {
        "speaker1": [
          "나는 20대 여자이다.",
          "나는 조선해양공학과가 부전공이다.",
          "나는 키싱구라미를 찾아보았다. 나는 자전거를 자주 한다."
        ],
        "speaker2": [
          "나는 20대 여자이다.",
          "나는 기계항공 공학부가 부전공이다.",
          "나는 물고기 두 마리를 키운다. 나는 물고기 어항을 청소했다.",
          "나는 오링이 와 화링이로 이름을 지어준 물고기를 키운다.",
          "나는 작명 센스가 부족하다.",
          "나는 물고기 키싱구라미를 키운다.",
          "나는 집 청소를 하러 간다."
        ]
      }
    },
    {
      "prevSessionID": "3-00589-2",
      "prevTimeInfo": {
        "timeNum": "1",
        "timeUnit": "시간"
      },
      "nthSession": "3",
      "numberOfUtterances": "14",
      "numberOfTurns": "7",
      "sessionID": "3-00589-3",
      "dialog": [
        {
          "speaker": "speaker1",
          "personaID": "21851",
          "participantID": "0023",
          "utterance": "씻는데 한시간이나 걸렸네요ㅠㅠ아, 뜬금없지만 혹시 평소에 애니메이션도 보세요?!",
          "summary": "",
          "date": "2022-09-26",
          "time": "13:52:03",
          "terminate": "false"
        },
        {
          "speaker": "speaker2",
          "personaID": "22712",
          "participantID": "0236",
          "utterance": "앗 저는 애니는 안봐요..! 아 고3때 친구들이 틀어놔서 하이큐는 조금 봤어요 ㅋㅋ.",
          "summary": "나는 학생 때 애니메이션 하이큐를 조금 봤다.",
          "date": "2022-09-26",
          "time": "13:52:30",
          "terminate": "false"
        },
        {
          "speaker": "speaker1",
          "personaID": "21851",
          "participantID": "0023",
          "utterance": "저도 잘 안보는데 토토로나 도라에몽 극장판 같은건 한번씩 재밌더라구요ㅋㅋㅋ하이큐는 어떤걸 다룬 만화에요?",
          "summary": "나는 애니메이션을 잘 안 보지만 토토로, 도라에몽 극장판을 한 번씩 볼 때 재밌다.",
          "date": "2022-09-26",
          "time": "13:53:07",
          "terminate": "false"
        },
        {
          "speaker": "speaker2",
          "personaID": "22712",
          "participantID": "0236",
          "utterance": "힐링 애니 보셨네요!! ㅋㅋㅋㅋ 하이큐는 음.. 그냥 고딩들끼리 농구하는? 만화더라구여 ㅎㅎ.",
          "summary": "",
          "date": "2022-09-26",
          "time": "13:53:42",
          "terminate": "false"
        },
        {
          "speaker": "speaker1",
          "personaID": "21851",
          "participantID": "0023",
          "utterance": "ㅋㅋㅋ아하, 슬램덩크 같은거군요ㅎㅎㅎ참, 쇼핑은 잘 하셨어요? 뭐 사셨나요?!",
          "summary": "",
          "date": "2022-09-26",
          "time": "13:54:15",
          "terminate": "false"
        },
        {
          "speaker": "speaker2",
          "personaID": "22712",
          "participantID": "0236",
          "utterance": "넵 ㅎㅎ 입을 옷이랑.. 제가 헬스를 자주해서 손목보호대 하나 샀어요!",
          "summary": "나는 헬스를 자주 한다.",
          "date": "2022-09-26",
          "time": "13:55:05",
          "terminate": "false"
        },
        {
          "speaker": "speaker1",
          "personaID": "21851",
          "participantID": "0023",
          "utterance": "손목 보호대.. 평소에 손목이 많이 약한 편이세요?ㅠ 손목은 한번 아프기 시작하면 성가신데요ㅠㅠ.",
          "summary": "나는 손목이 아프기 시작하면 성가신 부위라고 생각한다.",
          "date": "2022-09-26",
          "time": "13:55:28",
          "terminate": "false"
        },
        {
          "speaker": "speaker2",
          "personaID": "22712",
          "participantID": "0236",
          "utterance": "맞아요.. 넵 평소에 컴퓨터를 많이 써서 그런지 손목이 자주 아프더라고요ㅠㅠ.",
          "summary": "나는 컴퓨터를 자주 써서 손목이 자주 아프다.",
          "date": "2022-09-26",
          "time": "13:56:10",
          "terminate": "false"
        },
        {
          "speaker": "speaker1",
          "personaID": "21851",
          "participantID": "0023",
          "utterance": "ㅜㅜ..평소에 마사지랑 스트레칭 많이 해주세요. 헬스는 매일 다니는 편이세요?",
          "summary": "나는 상대방 손목 건강에 마사지와 스트레칭을 권했다.",
          "date": "2022-09-26",
          "time": "13:56:39",
          "terminate": "false"
        },
        {
          "speaker": "speaker2",
          "personaID": "22712",
          "participantID": "0236",
          "utterance": "그래야겠어요.. 감사합니다ㅠㅠ 매일은 아니고 주 3회정도 가는것 같아요!",
          "summary": "나는 주 3회 헬스를 한다.",
          "date": "2022-09-26",
          "time": "13:57:05",
          "terminate": "false"
        },
        {
          "speaker": "speaker1",
          "personaID": "21851",
          "participantID": "0023",
          "utterance": "그렇군요! 3회! 가시게 되면 어떤 운동을 주로 하세요? 유산소? 웨이트 트레이닝?",
          "summary": "",
          "date": "2022-09-26",
          "time": "13:57:38",
          "terminate": "false"
        },
        {
          "speaker": "speaker2",
          "personaID": "22712",
          "participantID": "0236",
          "utterance": "저는 살이 별로 없어서.. 주로 근력 운동을 열심히 해요!",
          "summary": "나는 주로 근력 운동을 한다.",
          "date": "2022-09-26",
          "time": "13:58:17",
          "terminate": "false"
        },
        {
          "speaker": "speaker1",
          "personaID": "21851",
          "participantID": "0023",
          "utterance": "근력 운동 좋네요! 저도 요즘 운동을 자주 하는데, 몸이 건강해지니까 요즘 종종 신나더라구요ㅎㅎ저 청소하러 가볼게요! 손목 스트레칭 자주 해주시고! 또 연락해요!",
          "summary": "나는 요즘 운동을 자주하여 몸이 건강해졌다. 나는 요즘, 종종 신이 난다. 나는 청소하러 간다.",
          "date": "2022-09-26",
          "time": "13:58:56",
          "terminate": "false"
        },
        {
          "speaker": "speaker2",
          "personaID": "22712",
          "participantID": "0236",
          "utterance": "오, 다행이네요 ㅎㅎ 넵 걱정해주셔서 감사합니다~ 나중에 또 연락해요!",
          "summary": "",
          "date": "2022-09-26",
          "time": "13:59:20",
          "terminate": "true"
        }
      ],
      "sessionPersonaSummary": {
        "speaker1": [
          "나는 애니메이션을 잘 안 보지만 토토로, 도라에몽 극장판을 한 번씩 볼 때 재밌다.",
          "나는 손목이 아프기 시작하면 성가신 부위라고 생각한다.",
          "나는 상대방 손목 건강에 마사지와 스트레칭을 권했다.",
          "나는 요즘 운동을 자주하여 몸이 건강해졌다. 나는 요즘, 종종 신이 난다. 나는 청소하러 간다."
        ],
        "speaker2": [
          "나는 학생 때 애니메이션 하이큐를 조금 봤다.",
          "나는 헬스를 자주 한다.",
          "나는 컴퓨터를 자주 써서 손목이 자주 아프다.",
          "나는 주 3회 헬스를 한다.",
          "나는 주로 근력 운동을 한다."
        ]
      },
      "prevAggregatedpersonaSummary": {
        "speaker1": [
          "나는 20대 여자이다.",
          "나는 조선해양공학과가 부전공이다.",
          "나는 키싱구라미를 찾아보았다. 나는 자전거를 자주 한다.",
          "나는 상대방에게 한강에서 자전거 타기를 제안했다.",
          "나는 보드를 타본 적 없다.",
          "나는 씻으러 간다."
        ],
        "speaker2": [
          "나는 20대 여자이다.",
          "나는 기계항공 공학부가 부전공이다.",
          "나는 물고기 두 마리를 키운다. 나는 물고기 어항을 청소했다.",
          "나는 오링이 와 화링이로 이름을 지어준 물고기를 키운다.",
          "나는 작명 센스가 부족하다.",
          "나는 물고기 키싱구라미를 키운다.",
          "나는 집 청소를 하러 간다.",
          "나는 공원에서 보드를 타는 사람들을 보고 흥미가 생겼다.",
          "나는 스키를 타본 적이 없다.",
          "나는 이번 겨울에 스키 타는 것을 도전할 예정이다.",
          "나는 쇼핑하러 간다."
        ]
      }
    }
  ]
}