{
  "FileInfo": {
    "filename": "K3-00189-CL11220-CP26320-01-02-S3.json",
    "sessionLevel": "3"
  },
  "participantsInfo": {
    "numberOfParticipants": "2",
    "speaker1": {
      "participantID": "3511",
      "gender": "여성",
      "age": "20대",
      "occupation": "학생",
      "bPlace": "부산/대구/울산/경상",
      "gPlace": "부산/대구/울산/경상",
      "rPlace": "부산/대구/울산/경상",
      "educationLevel": "대졸"
    },
    "speaker2": {
      "participantID": "2539",
      "gender": "여성",
      "age": "20대",
      "occupation": "학생",
      "bPlace": "서울/경기/인천",
      "gPlace": "서울/경기/인천",
      "rPlace": "서울/경기/인천",
      "educationLevel": "고졸"
    }
  },
  "multisessionInfo": {
    "multisessionID": "3-00189"
  },
  "personaInfo": {
    "clInfo": {
      "personaID": "11220",
      "personaFeatures": [
        "나는 여자이다.",
        "나는 10대이다.",
        "나는 형제가 없다",
        "나는 한약학과에 진학하고 싶다",
        "나는 음악영화 보는 것을 좋아한다"
      ],
      "speakerType": "speaker1"
    },
    "cpInfo": {
      "personaID": "26320",
      "personaFeatures": [
        "나는 여자이다.",
        "나는 20대이다.",
        "나는 대학생이다",
        "나는 뉴질랜드로 어학연수를 간다",
        "나는 아침에 빵을 먹는다",
        "나는 카푸치노를 좋아한다",
        "나는 요즘, 가끔 질투가 난다"
      ],
      "speakerType": "speaker2"
    }
  },
  "topicInfo": {
    "topicID": "01-02",
    "topicType": "식음료",
    "topicTitle": "음식"
  },
  "sessionInfo": [
    {
      "prevSessionID": null,
      "prevTimeInfo": {
        "timeNum": null,
        "timeUnit": null
      },
      "nthSession": "1",
      "numberOfUtterances": "14",
      "numberOfTurns": "7",
      "sessionID": "3-00189-1",
      "dialog": [
        {
          "speaker": "speaker1",
          "personaID": "11220",
          "participantID": "3511",
          "utterance": "안녕하세요 저는 한약학과에 진학하고 싶은 10대 여성입니다",
          "summary": "나는 한약학과에 진학하고 싶은 10대 여성이다",
          "date": "2022-11-13",
          "time": "01:10:26",
          "terminate": "false"
        },
        {
          "speaker": "speaker2",
          "personaID": "26320",
          "participantID": "2539",
          "utterance": "안녕하세요 저는 20대 대학생입니다!",
          "summary": "나는 20대 대학생이다",
          "date": "2022-11-13",
          "time": "01:30:08",
          "terminate": "false"
        },
        {
          "speaker": "speaker1",
          "personaID": "11220",
          "participantID": "3511",
          "utterance": "취미가 있으신가요 ? 있으시면 어떤 취미가 있으신가요 ?",
          "summary": "",
          "date": "2022-11-13",
          "time": "01:32:37",
          "terminate": "false"
        },
        {
          "speaker": "speaker2",
          "personaID": "26320",
          "participantID": "2539",
          "utterance": "취미로 집에서 홀로 영화 보는 걸 좋아해요!",
          "summary": "나는 취미로 혼자 영화 보는 것을 좋아한다",
          "date": "2022-11-13",
          "time": "02:07:51",
          "terminate": "false"
        },
        {
          "speaker": "speaker1",
          "personaID": "11220",
          "participantID": "3511",
          "utterance": "그러시군요 ! 저도 영화 좋아하는데, 어떤 장르의 영화를 좋아하세요 ? 저는 음악영화 보는 것을 좋아해요 !",
          "summary": "나는 음악영화 보는 것을 좋아한다",
          "date": "2022-11-13",
          "time": "22:54:44",
          "terminate": "false"
        },
        {
          "speaker": "speaker2",
          "personaID": "26320",
          "participantID": "2539",
          "utterance": "음악 영화 좋죠! 저는 로맨스 영화를 좋아해요. 저는 곧 뉴질랜드로 어학연수를 갈 예정이에요. ",
          "summary": "나는 로맨스 영화를 좋아한다 나는 뉴질랜드로 어학연수를 갈 예정이다",
          "date": "2022-11-14",
          "time": "11:30:21",
          "terminate": "false"
        },
        {
          "speaker": "speaker1",
          "personaID": "11220",
          "participantID": "3511",
          "utterance": "그러시군요 ! 혼자 가시는건가요 ? 제 주변에는 형제랑 같이 가던데, 저는 형제가 없어서 그런 분들 보면 부럽더라구요 !",
          "summary": "나는 형제가 없어서 형제 있는 사람들이 부럽다",
          "date": "2022-11-14",
          "time": "14:08:47",
          "terminate": "false"
        },
        {
          "speaker": "speaker2",
          "personaID": "26320",
          "participantID": "2539",
          "utterance": "에이 말도 마세요. 형제는 피곤하답니다. 아침은 드셨나요? 저는 아침에 빵을 먹어요.",
          "summary": "나는 형제가 피곤하다 나는 아침에 빵을 먹었다",
          "date": "2022-11-14",
          "time": "22:14:14",
          "terminate": "false"
        },
        {
          "speaker": "speaker1",
          "personaID": "11220",
          "participantID": "3511",
          "utterance": "그렇군요 ㅎㅎ 저도 식사를 했어요 ! 지금은 무엇을 하고 계신가요 ?",
          "summary": "나는 밥을 먹었다",
          "date": "2022-11-14",
          "time": "22:37:27",
          "terminate": "false"
        },
        {
          "speaker": "speaker2",
          "personaID": "26320",
          "participantID": "2539",
          "utterance": "저는 카푸치노를 좋아해서 카푸치노를 마시고 있었어요. ",
          "summary": "나는 카푸치노를 좋아한다",
          "date": "2022-11-14",
          "time": "22:41:42",
          "terminate": "false"
        },
        {
          "speaker": "speaker1",
          "personaID": "11220",
          "participantID": "3511",
          "utterance": "카푸치노 맛있겠어요 ! 커피 자체를 좋아하시는건가요 ?",
          "summary": "",
          "date": "2022-11-14",
          "time": "22:42:36",
          "terminate": "false"
        },
        {
          "speaker": "speaker2",
          "personaID": "26320",
          "participantID": "2539",
          "utterance": "그렇다기보단 우유 들어간 음료를 좋아해요.",
          "summary": "나는 우유가 들어간 음료를 좋아한다",
          "date": "2022-11-14",
          "time": "22:46:40",
          "terminate": "false"
        },
        {
          "speaker": "speaker1",
          "personaID": "11220",
          "participantID": "3511",
          "utterance": "그러시군요 ! 아메리카노는 안드시나요 ? 저도 처음에 커피를 라떼로 시작했는데 아메리카노를 먹은 이후로 우유들어간 커피는 못 마시겠더라구요 !",
          "summary": "나는 아메리카노를 먹은 이후로 우유 들어간 커피는 못 마시겠다",
          "date": "2022-11-14",
          "time": "22:47:33",
          "terminate": "false"
        },
        {
          "speaker": "speaker2",
          "personaID": "26320",
          "participantID": "2539",
          "utterance": "그렇군요! 저도 그렇게 해봐야겠네요. 시간이 다 되어서 저는 이만 가볼게요. 또 만나요!",
          "summary": "",
          "date": "2022-11-14",
          "time": "23:22:40",
          "terminate": "true"
        }
      ],
      "sessionPersonaSummary": {
        "speaker1": [
          "나는 한약학과에 진학하고 싶은 10대 여성이다",
          "나는 음악영화 보는 것을 좋아한다",
          "나는 형제가 없어서 형제 있는 사람들이 부럽다",
          "나는 밥을 먹었다",
          "나는 아메리카노를 먹은 이후로 우유 들어간 커피는 못 마시겠다"
        ],
        "speaker2": [
          "나는 20대 대학생이다",
          "나는 취미로 혼자 영화 보는 것을 좋아한다",
          "나는 로맨스 영화를 좋아한다",
          "나는 뉴질랜드로 어학연수를 갈 예정이다",
          "나는 형제가 피곤하다",
          "나는 아침에 빵을 먹었다",
          "나는 카푸치노를 좋아한다",
          "나는 우유가 들어간 음료를 좋아한다"
        ]
      },
      "prevAggregatedpersonaSummary": {
        "speaker1": [],
        "speaker2": []
      }
    },
    {
      "prevSessionID": "3-00189-1",
      "prevTimeInfo": {
        "timeNum": "1",
        "timeUnit": "일"
      },
      "nthSession": "2",
      "numberOfUtterances": "14",
      "numberOfTurns": "7",
      "sessionID": "3-00189-2",
      "dialog": [
        {
          "speaker": "speaker1",
          "personaID": "11220",
          "participantID": "3511",
          "utterance": "안녕하세요 하루만이네요 ! 지금 무엇을 하고 계세요 ?",
          "summary": "",
          "date": "2022-11-15",
          "time": "21:37:28",
          "terminate": "false"
        },
        {
          "speaker": "speaker2",
          "personaID": "26320",
          "participantID": "2539",
          "utterance": "저는 야식을 고르는 중이었어요!",
          "summary": "나는 야식을 고르고 있다.",
          "date": "2022-11-16",
          "time": "00:19:46",
          "terminate": "false"
        },
        {
          "speaker": "speaker1",
          "personaID": "11220",
          "participantID": "3511",
          "utterance": "어떤 음식 종류를 좋아하시나요 ? 야식을 고르는 것에 도움이 될까싶어서 여쭤요 !",
          "summary": "",
          "date": "2022-11-16",
          "time": "00:24:15",
          "terminate": "false"
        },
        {
          "speaker": "speaker2",
          "personaID": "26320",
          "participantID": "2539",
          "utterance": "어머 저야 좋죠! 저는 지금 먹고 정리하기 간편하지만 든든한 음식을 먹고 싶어요!",
          "summary": "나는 간편하지만 든든한 음식을 먹고 싶다",
          "date": "2022-11-16",
          "time": "00:27:58",
          "terminate": "false"
        },
        {
          "speaker": "speaker1",
          "personaID": "11220",
          "participantID": "3511",
          "utterance": "어떤류의 음식을 좋아하세요 ? 한식이나 일식 중식 같은거요 !",
          "summary": "",
          "date": "2022-11-16",
          "time": "00:31:18",
          "terminate": "false"
        },
        {
          "speaker": "speaker2",
          "personaID": "26320",
          "participantID": "2539",
          "utterance": "저는 양식이요! 기름진 게 먹고 싶어요!",
          "summary": "나는 양식을 좋아한다",
          "date": "2022-11-17",
          "time": "00:19:31",
          "terminate": "false"
        },
        {
          "speaker": "speaker1",
          "personaID": "11220",
          "participantID": "3511",
          "utterance": "그러시군요 ! 양식에 기름진 것이 있었나요 ..? 대창이나 막창, 곱창은 어떠세요 ?",
          "summary": "",
          "date": "2022-11-17",
          "time": "22:44:16",
          "terminate": "false"
        },
        {
          "speaker": "speaker2",
          "personaID": "26320",
          "participantID": "2539",
          "utterance": "오우... 죄송해요. 사실 제가 내장을 못 먹어서요.... 야식은 피자로 정하게 되었네요!",
          "summary": "나는 내장을 못 먹는다 나는 야식을 피자로 정했다",
          "date": "2022-11-18",
          "time": "01:24:31",
          "terminate": "false"
        },
        {
          "speaker": "speaker1",
          "personaID": "11220",
          "participantID": "3511",
          "utterance": "아 그렇군요 ㅜㅜ 피자도 맛있으니 좋은 선택인 것 같아요 ㅎㅎ",
          "summary": "나는 피자가 좋은 선택인 것 같다",
          "date": "2022-11-18",
          "time": "18:55:46",
          "terminate": "false"
        },
        {
          "speaker": "speaker2",
          "personaID": "26320",
          "participantID": "2539",
          "utterance": "히히 네. 오늘은 할인까지 한다고 해서 더욱 기분이 좋네요!",
          "summary": "나는 할인받아서 피자를 먹어 기분이 좋다",
          "date": "2022-11-19",
          "time": "22:29:55",
          "terminate": "false"
        },
        {
          "speaker": "speaker1",
          "personaID": "11220",
          "participantID": "3511",
          "utterance": "그렇군요 ! 어느 브랜드를 시켜드셨어요 ? ",
          "summary": "",
          "date": "2022-11-20",
          "time": "16:59:57",
          "terminate": "false"
        },
        {
          "speaker": "speaker2",
          "personaID": "26320",
          "participantID": "2539",
          "utterance": "동네 피자집이에요. 하지만 굉장히 정성스럽고 맛있더라구요.",
          "summary": "나는 동네 피자집에서 피자를 시켰다",
          "date": "2022-11-20",
          "time": "21:37:23",
          "terminate": "false"
        },
        {
          "speaker": "speaker1",
          "personaID": "11220",
          "participantID": "3511",
          "utterance": "맞아요 ! 저도 얼마전에 동네가게에서 피자를 시켜먹었는데, 브랜드 피자보다 도우가 쫀득하고 싸기도하더라구요 !",
          "summary": "나는 동네 피자가게가 브랜드 피자보다 도우가 쫀득하고 싸다고 느꼈다",
          "date": "2022-11-21",
          "time": "13:40:27",
          "terminate": "false"
        },
        {
          "speaker": "speaker2",
          "personaID": "26320",
          "participantID": "2539",
          "utterance": "맞아요! 저는 시간이 다 되어서 이만 가볼게요. 또 만나요!",
          "summary": "",
          "date": "2022-11-21",
          "time": "17:40:25",
          "terminate": "true"
        }
      ],
      "sessionPersonaSummary": {
        "speaker1": [
          "나는 피자가 좋은 선택인 것 같다",
          "나는 동네 피자가게가 브랜드 피자보다 도우가 쫀득하고 싸다고 느꼈다"
        ],
        "speaker2": [
          "나는 야식을 고르고 있다.",
          "나는 간편하지만 든든한 음식을 먹고 싶다",
          "나는 양식을 좋아한다",
          "나는 내장을 못 먹는다",
          "나는 야식을 피자로 정했다",
          "나는 할인받아서 피자를 먹어 기분이 좋다",
          "나는 동네 피자집에서 피자를 시켰다"
        ]
      },
      "prevAggregatedpersonaSummary": {
        "speaker1": [
          "나는 한약학과에 진학하고 싶은 10대 여성이다",
          "나는 음악영화 보는 것을 좋아한다",
          "나는 형제가 없어서 형제 있는 사람들이 부럽다",
          "나는 밥을 먹었다",
          "나는 아메리카노를 먹은 이후로 우유 들어간 커피는 못 마시겠다"
        ],
        "speaker2": [
          "나는 20대 대학생이다",
          "나는 취미로 혼자 영화 보는 것을 좋아한다",
          "나는 로맨스 영화를 좋아한다",
          "나는 뉴질랜드로 어학연수를 갈 예정이다",
          "나는 형제가 피곤하다",
          "나는 아침에 빵을 먹었다",
          "나는 카푸치노를 좋아한다",
          "나는 우유가 들어간 음료를 좋아한다"
        ]
      }
    },
    {
      "prevSessionID": "3-00189-2",
      "prevTimeInfo": {
        "timeNum": "10",
        "timeUnit": "일"
      },
      "nthSession": "3",
      "numberOfUtterances": "14",
      "numberOfTurns": "7",
      "sessionID": "3-00189-3",
      "dialog": [
        {
          "speaker": "speaker1",
          "personaID": "11220",
          "participantID": "3511",
          "utterance": "10일만이네요 ! 어떻게 지내셨어요 ?",
          "summary": "",
          "date": "2022-11-22",
          "time": "10:28:03",
          "terminate": "false"
        },
        {
          "speaker": "speaker2",
          "personaID": "26320",
          "participantID": "2539",
          "utterance": "저는 잘 지냈죠. 그동안 무얼 하고 계셨나요?",
          "summary": "나는 잘 지냈다",
          "date": "2022-11-22",
          "time": "11:31:31",
          "terminate": "false"
        },
        {
          "speaker": "speaker1",
          "personaID": "11220",
          "participantID": "3511",
          "utterance": "저는 이번에 집에서 혼자 요리를 해봤어요 ! @이름@ 선생님 유튜브 보면서 하니까 정말 쉽더라구요 !",
          "summary": "나는 집에서 혼자 요리를 했다",
          "date": "2022-11-22",
          "time": "21:07:13",
          "terminate": "false"
        },
        {
          "speaker": "speaker2",
          "personaID": "26320",
          "participantID": "2539",
          "utterance": "그러셨군요! 결과는 어떠셨나요?",
          "summary": "",
          "date": "2022-11-24",
          "time": "01:44:02",
          "terminate": "false"
        },
        {
          "speaker": "speaker1",
          "personaID": "11220",
          "participantID": "3511",
          "utterance": "맛있게 잘 먹었어요 ! 생각보다 힘들지도않고, 어렵지도 않았는데 매일 같이 음식을 하면 조금 힘들 것 같아요 ㅎㅎ",
          "summary": "나는 요리를 하는 것이 힘들진 않았지만 매일 음식을 하면 힘들 것 같다",
          "date": "2022-11-24",
          "time": "10:45:29",
          "terminate": "false"
        },
        {
          "speaker": "speaker2",
          "personaID": "26320",
          "participantID": "2539",
          "utterance": "그렇군요. 그래도 먹고 싶은 음식을 내 손으로 만들어 먹을 수 있다는 건 참 재미있는 일인 것 같아요!",
          "summary": "나는 먹고 싶은 음식을 내 손으로 만들어 먹는 게 참 재밌는 일이다",
          "date": "2022-11-24",
          "time": "19:04:11",
          "terminate": "false"
        },
        {
          "speaker": "speaker1",
          "personaID": "11220",
          "participantID": "3511",
          "utterance": "맞아요 ! 재미는 있었고, 뿌듯하기도 했고, 어머니의 노고도 알게 되어서 뜻깊은 체험이였어요 ㅎㅎ",
          "summary": "나는 요리를 하며 느낀 점이 많다",
          "date": "2022-11-24",
          "time": "21:35:50",
          "terminate": "false"
        },
        {
          "speaker": "speaker2",
          "personaID": "26320",
          "participantID": "2539",
          "utterance": "그랬겠네요. 저희 어머니는 음식을 만드는 수고보다도 설거지가 더 힘들다고 하시더군요!",
          "summary": "나는 어머니께서 설거지가 더 힘들다고 하신 걸 들었다",
          "date": "2022-11-25",
          "time": "08:23:03",
          "terminate": "false"
        },
        {
          "speaker": "speaker1",
          "personaID": "11220",
          "participantID": "3511",
          "utterance": "아 맞아요 ! 설거지가 더 힘들더라구요 ㅜ 맛있는 음식에 대한 대가인가봐요 !",
          "summary": "나는 설거지가 요리보다 힘들다",
          "date": "2022-11-25",
          "time": "10:26:31",
          "terminate": "false"
        },
        {
          "speaker": "speaker2",
          "personaID": "26320",
          "participantID": "2539",
          "utterance": "저는 요새 물가가 워낙 비싸서 식당에서 사먹기도 부담스러워 해먹게 되는 것 같긴 해요!",
          "summary": "나는 요새 물가가 비싸서 사 먹기 부담스럽다",
          "date": "2022-11-25",
          "time": "22:23:34",
          "terminate": "false"
        },
        {
          "speaker": "speaker1",
          "personaID": "11220",
          "participantID": "3511",
          "utterance": "그런가요 ? 저희 언니가 자취중인데, 자주 해먹지 않으니까 배달이 더 싸다고 하더라구요 !",
          "summary": "",
          "date": "2022-11-26",
          "time": "23:07:57",
          "terminate": "false"
        },
        {
          "speaker": "speaker2",
          "personaID": "26320",
          "participantID": "2539",
          "utterance": "오오... 그럴 수도 있겠네요... 그냥 먹는 걸 줄이는 방향으로 살아봐야겠군요....^^",
          "summary": "나는 먹는 걸 줄이는 방향으로 살 것이다",
          "date": "2022-11-27",
          "time": "17:50:23",
          "terminate": "false"
        },
        {
          "speaker": "speaker1",
          "personaID": "11220",
          "participantID": "3511",
          "utterance": "요즘 너무 음식도 비싸고 하기도 비싸니까 힘드네요 !",
          "summary": "나는 음식값과 재료값이 비싸 힘들다",
          "date": "2022-11-28",
          "time": "10:26:00",
          "terminate": "false"
        },
        {
          "speaker": "speaker2",
          "personaID": "26320",
          "participantID": "2539",
          "utterance": "맞아요... 저는 시간이 다 되어서 이만 가볼게요. 또 만나요!",
          "summary": "",
          "date": "2022-11-28",
          "time": "13:49:57",
          "terminate": "true"
        }
      ],
      "sessionPersonaSummary": {
        "speaker1": [
          "나는 집에서 혼자 요리를 했다",
          "나는 요리를 하는 것이 힘들진 않았지만 매일 음식을 하면 힘들 것 같다",
          "나는 요리를 하며 느낀 점이 많다",
          "나는 설거지가 요리보다 힘들다",
          "나는 음식값과 재료값이 비싸 힘들다"
        ],
        "speaker2": [
          "나는 잘 지냈다",
          "나는 먹고 싶은 음식을 내 손으로 만들어 먹는 게 참 재밌는 일이다",
          "나는 어머니께서 설거지가 더 힘들다고 하신 걸 들었다",
          "나는 요새 물가가 비싸서 사 먹기 부담스럽다",
          "나는 먹는 걸 줄이는 방향으로 살 것이다"
        ]
      },
      "prevAggregatedpersonaSummary": {
        "speaker1": [
          "나는 한약학과에 진학하고 싶은 10대 여성이다",
          "나는 음악영화 보는 것을 좋아한다",
          "나는 형제가 없어서 형제 있는 사람들이 부럽다",
          "나는 밥을 먹었다",
          "나는 아메리카노를 먹은 이후로 우유 들어간 커피는 못 마시겠다",
          "나는 피자가 좋은 선택인 것 같다",
          "나는 동네 피자가게가 브랜드 피자보다 도우가 쫀득하고 싸다고 느꼈다"
        ],
        "speaker2": [
          "나는 20대 대학생이다",
          "나는 취미로 혼자 영화 보는 것을 좋아한다",
          "나는 로맨스 영화를 좋아한다",
          "나는 뉴질랜드로 어학연수를 갈 예정이다",
          "나는 형제가 피곤하다",
          "나는 아침에 빵을 먹었다",
          "나는 카푸치노를 좋아한다",
          "나는 우유가 들어간 음료를 좋아한다",
          "나는 야식을 고르고 있다.",
          "나는 간편하지만 든든한 음식을 먹고 싶다",
          "나는 양식을 좋아한다",
          "나는 내장을 못 먹는다",
          "나는 야식을 피자로 정했다",
          "나는 할인받아서 피자를 먹어 기분이 좋다",
          "나는 동네 피자집에서 피자를 시켰다"
        ]
      }
    }
  ]
}