{
  "FileInfo": {
    "filename": "K3-00280-CL21936-CP22362-12-11-S3.json",
    "sessionLevel": "3"
  },
  "participantsInfo": {
    "numberOfParticipants": "2",
    "speaker1": {
      "participantID": "0126",
      "gender": "여성",
      "age": "20대",
      "occupation": "사무직",
      "bPlace": "서울/경기/인천",
      "gPlace": "서울/경기/인천",
      "rPlace": "서울/경기/인천",
      "educationLevel": "고졸"
    },
    "speaker2": {
      "participantID": "0108",
      "gender": "여성",
      "age": "20대",
      "occupation": "무직",
      "bPlace": "광주/전라/제주",
      "gPlace": "광주/전라/제주",
      "rPlace": "광주/전라/제주",
      "educationLevel": "대졸"
    }
  },
  "multisessionInfo": {
    "multisessionID": "3-00280"
  },
  "personaInfo": {
    "clInfo": {
      "personaID": "21936",
      "personaFeatures": [
        "나는 여자이다.",
        "나는 20대이다.",
        "나는 종교가 없다",
        "나는 방과후 교사이다",
        "나는 초록색을 싫어한다"
      ],
      "speakerType": "speaker1"
    },
    "cpInfo": {
      "personaID": "22362",
      "personaFeatures": [
        "나는 여자이다.",
        "나는 20대이다.",
        "나의 거주지는 제주도이다",
        "나는 영어영문학이 부전공이다",
        "나는 단감을 싫어한다"
      ],
      "speakerType": "speaker2"
    }
  },
  "topicInfo": {
    "topicID": "12-11",
    "topicType": "여가와 오락>여행",
    "topicTitle": "MT"
  },
  "sessionInfo": [
    {
      "prevSessionID": null,
      "prevTimeInfo": {
        "timeNum": null,
        "timeUnit": null
      },
      "nthSession": "1",
      "numberOfUtterances": "15",
      "numberOfTurns": "7",
      "sessionID": "3-00280-1",
      "dialog": [
        {
          "speaker": "speaker1",
          "personaID": "21936",
          "participantID": "0126",
          "utterance": "안녕하세요 20대 여자입니다! 반가워요~",
          "summary": "나는 20대 여자이다.",
          "date": "2022-11-02",
          "time": "23:57:24",
          "terminate": "false"
        },
        {
          "speaker": "speaker2",
          "personaID": "22362",
          "participantID": "0108",
          "utterance": "안녕하세요~ 저는 제주도에 사는 20대 여자입니다!! ",
          "summary": "나의 거주지는 제주도이다. 나는 20대 여자이다.",
          "date": "2022-11-02",
          "time": "23:57:37",
          "terminate": "false"
        },
        {
          "speaker": "speaker1",
          "personaID": "21936",
          "participantID": "0126",
          "utterance": "오와 제주도라니 신기해요! 저는 산은 싫어하고 바다를 좋아하는데..ㅎ 저는 초록색이 싫거든요ㅜㅜ",
          "summary": "나는 산보다 바다를 좋아한다. 나는 초록색을 싫어한다.",
          "date": "2022-11-02",
          "time": "23:59:24",
          "terminate": "false"
        },
        {
          "speaker": "speaker2",
          "personaID": "22362",
          "participantID": "0108",
          "utterance": "아 그래요? ㅎㅎ그쪽은 어디에 살아요?ㅎㅎ",
          "summary": "",
          "date": "2022-11-02",
          "time": "23:59:41",
          "terminate": "false"
        },
        {
          "speaker": "speaker1",
          "personaID": "21936",
          "participantID": "0126",
          "utterance": "저는 인천에 살고 있고! 서울쪽에서 방과후교사로 일을 하고 있어요! 그쪽은요'?",
          "summary": "나는 인천에 산다. 나는 서울 쪽에서 방과 후 교사로 일한다.",
          "date": "2022-11-03",
          "time": "00:00:54",
          "terminate": "false"
        },
        {
          "speaker": "speaker2",
          "personaID": "22362",
          "participantID": "0108",
          "utterance": "아 저는 대학생인데 뒤늦게 영어영문학 부전공으로 시작했어요! ",
          "summary": "나는 대학생이다. 나는 영어영문학이 부전공이다.",
          "date": "2022-11-03",
          "time": "00:01:55",
          "terminate": "false"
        },
        {
          "speaker": "speaker1",
          "personaID": "21936",
          "participantID": "0126",
          "utterance": "영어 잘하시나부다!! 어쩌면 저보다 잘하실수도 있겠는걸요? 제가 영어방과후교사거든요!!",
          "summary": "나는 영어 방과 후 교사이다.",
          "date": "2022-11-03",
          "time": "00:02:15",
          "terminate": "false"
        },
        {
          "speaker": "speaker2",
          "personaID": "22362",
          "participantID": "0108",
          "utterance": "오 진짜요? 부러워요ㅠㅠ사회 생활하시는거~ 직장 생활 한지는 얼마나 되셨어요? ",
          "summary": "",
          "date": "2022-11-03",
          "time": "00:03:12",
          "terminate": "false"
        },
        {
          "speaker": "speaker1",
          "personaID": "21936",
          "participantID": "0126",
          "utterance": "저는 직장생활한지 2년정도 됬어요! 저는 주말에도 방과후 교사로 출근해요ㅜㅜ 저는 종교가없어서 다행인것같아요..",
          "summary": "나는 직장생활을 한 지 2년 정도 됐다. 나는 주말에도 방과 후 교사로 출근한다. 나는 종교가 없다.",
          "date": "2022-11-03",
          "time": "00:03:50",
          "terminate": "false"
        },
        {
          "speaker": "speaker2",
          "personaID": "22362",
          "participantID": "0108",
          "utterance": "주말에도 출근하면 너무 힘들지 않아요?ㅠㅠ끼니는 잘 챙겨드시는거죠?",
          "summary": "",
          "date": "2022-11-03",
          "time": "00:04:20",
          "terminate": "false"
        },
        {
          "speaker": "speaker1",
          "personaID": "21936",
          "participantID": "0126",
          "utterance": "그래도 학교 급식이.. 요즘은 맛있던데요? 몆년 사이지만.. 좋아졌더라구요!",
          "summary": "",
          "date": "2022-11-03",
          "time": "00:05:02",
          "terminate": "false"
        },
        {
          "speaker": "speaker2",
          "personaID": "22362",
          "participantID": "0108",
          "utterance": "오~ 그래요? 다행이네요!! 저는 오늘 학식먹으러 왔는데 단감이 나와서.. 다 버렸어요ㅠ제가 단감을 싫어하거든요",
          "summary": "나는 학식 먹으러 왔다. 나는 단감을 싫어한다.",
          "date": "2022-11-03",
          "time": "00:05:45",
          "terminate": "false"
        },
        {
          "speaker": "speaker1",
          "personaID": "21936",
          "participantID": "0126",
          "utterance": "단감을 싫어하신다니..!! 나중에단감 나오면 저에게 던져주세요!ㅎㅎ 저는방과후 자료좀 정리하러 가봐야 할것같아요. 대화해주셔서 감사합니다!",
          "summary": "",
          "date": "2022-11-03",
          "time": "00:06:32",
          "terminate": "false"
        },
        {
          "speaker": "speaker2",
          "personaID": "22362",
          "participantID": "0108",
          "utterance": "흑 아쉽네요ㅠㅠ다음에 또 연락줘요~ 파이팅 하세요!!!",
          "summary": "",
          "date": "2022-11-03",
          "time": "00:06:53",
          "terminate": "false"
        },
        {
          "speaker": "speaker1",
          "personaID": "21936",
          "participantID": "0126",
          "utterance": "넵! 오늘도 좋은하루 되시고! 행복한 하루 되세요!",
          "summary": "",
          "date": "2022-11-03",
          "time": "00:07:33",
          "terminate": "true"
        }
      ],
      "sessionPersonaSummary": {
        "speaker1": [
          "나는 20대 여자이다.",
          "나는 산보다 바다를 좋아한다. 나는 초록색을 싫어한다.",
          "나는 인천에 산다. 나는 서울 쪽에서 방과 후 교사로 일한다.",
          "나는 영어 방과 후 교사이다.",
          "나는 직장생활을 한 지 2년 정도 됐다. 나는 주말에도 방과 후 교사로 출근한다. 나는 종교가 없다."
        ],
        "speaker2": [
          "나의 거주지는 제주도이다. 나는 20대 여자이다.",
          "나는 대학생이다. 나는 영어영문학이 부전공이다.",
          "나는 학식 먹으러 왔다. 나는 단감을 싫어한다."
        ]
      },
      "prevAggregatedpersonaSummary": {
        "speaker1": [],
        "speaker2": []
      }
    },
    {
      "prevSessionID": "3-00280-1",
      "prevTimeInfo": {
        "timeNum": "3",
        "timeUnit": "주"
      },
      "nthSession": "2",
      "numberOfUtterances": "15",
      "numberOfTurns": "7",
      "sessionID": "3-00280-2",
      "dialog": [
        {
          "speaker": "speaker1",
          "personaID": "21936",
          "participantID": "0126",
          "utterance": "3주만에 연락드려요~ 혹시 뭐하고 지내셨어요?ㅎㅎ",
          "summary": "",
          "date": "2022-11-03",
          "time": "00:09:54",
          "terminate": "false"
        },
        {
          "speaker": "speaker2",
          "personaID": "22362",
          "participantID": "0108",
          "utterance": "너무 오랜만이네요~저는 학교에서 지금 MT 와있어요!",
          "summary": "나는 학교 mt에 왔다.",
          "date": "2022-11-03",
          "time": "00:10:16",
          "terminate": "false"
        },
        {
          "speaker": "speaker1",
          "personaID": "21936",
          "participantID": "0126",
          "utterance": "헐 엠티요? 저는 고졸이라 대학교생활에 로망이 있는데 엠티는 어디로 가셨어요?",
          "summary": "나는 고졸이다. 나는 대학생활에 로망이 있다.",
          "date": "2022-11-03",
          "time": "00:10:34",
          "terminate": "false"
        },
        {
          "speaker": "speaker2",
          "personaID": "22362",
          "participantID": "0108",
          "utterance": "서귀포로 왔어요ㅎㅎ오랜만 여행 온 기분이 드네요^",
          "summary": "나는 mt를 서귀포로 왔다,",
          "date": "2022-11-03",
          "time": "00:11:07",
          "terminate": "false"
        },
        {
          "speaker": "speaker1",
          "personaID": "21936",
          "participantID": "0126",
          "utterance": "헐..! 대학가서 엠티가면 진짜 술 무진장 많이 먹는다는데 사실인가요?",
          "summary": "",
          "date": "2022-11-03",
          "time": "00:11:32",
          "terminate": "false"
        },
        {
          "speaker": "speaker2",
          "personaID": "22362",
          "participantID": "0108",
          "utterance": "네.. 맞아요... 근데 제가 술고래라서.. 뭐 그런건^^두렵지 않아요~!",
          "summary": "나는 술을 잘 먹는다.",
          "date": "2022-11-03",
          "time": "00:11:52",
          "terminate": "false"
        },
        {
          "speaker": "speaker1",
          "personaID": "21936",
          "participantID": "0126",
          "utterance": "헐 주량이 혹시.. 어떻게 되시는지요...!!",
          "summary": "",
          "date": "2022-11-03",
          "time": "00:12:06",
          "terminate": "false"
        },
        {
          "speaker": "speaker2",
          "personaID": "22362",
          "participantID": "0108",
          "utterance": "한줄로 말할게요~ 취해본적이 없습니다! 어때요 저?ㅎㅎ",
          "summary": "나는 취해본 적이 없다.",
          "date": "2022-11-03",
          "time": "00:12:28",
          "terminate": "false"
        },
        {
          "speaker": "speaker1",
          "personaID": "21936",
          "participantID": "0126",
          "utterance": "오.,.멋있는데요? 저는 주량이 3잔인데.. 저같은사람은 엠티가면 안돼겠어요.",
          "summary": "나는 주량이 3잔이다.",
          "date": "2022-11-03",
          "time": "00:15:15",
          "terminate": "false"
        },
        {
          "speaker": "speaker2",
          "personaID": "22362",
          "participantID": "0108",
          "utterance": "에이~ 그래도 요즘 전처럼 술을 강요하고 그러진 않아요~ 근데 평소에 여행을 자주 다니세요?",
          "summary": "나는 술을 강요하지 않는다.",
          "date": "2022-11-03",
          "time": "00:15:52",
          "terminate": "false"
        },
        {
          "speaker": "speaker1",
          "personaID": "21936",
          "participantID": "0126",
          "utterance": "저는 혼자 여행하는것을 좋아해요! 혼자 경주도 다녀본적이 있어요! 그나저나 엠티는 어디쪽으로 가세요?",
          "summary": "나는 혼자 여행하는 것을 좋아한다. 나는 혼자 경주를 다녀왔다.",
          "date": "2022-11-03",
          "time": "00:16:32",
          "terminate": "false"
        },
        {
          "speaker": "speaker2",
          "personaID": "22362",
          "participantID": "0108",
          "utterance": "아까 말씀드렸는데 바~보네요ㅎㅎ서귀포로 왔어요!! 제주도 근교로 왔어요!",
          "summary": "",
          "date": "2022-11-03",
          "time": "00:17:00",
          "terminate": "false"
        },
        {
          "speaker": "speaker1",
          "personaID": "21936",
          "participantID": "0126",
          "utterance": "엄머머 죄송해요! 저는 바~보인가봐요! 제주도바다도 가시겠네요.. 혹시 대학에 썸타는 사람이 있나요?",
          "summary": "",
          "date": "2022-11-03",
          "time": "00:17:47",
          "terminate": "false"
        },
        {
          "speaker": "speaker2",
          "personaID": "22362",
          "participantID": "0108",
          "utterance": "눈치가 왜이렇게 빠르실까? 어머머 저기 걸어와요 저 화장 좀 고칠게요 잠시만요",
          "summary": "나는 썸 타는 사람이 있다.",
          "date": "2022-11-03",
          "time": "00:18:13",
          "terminate": "false"
        },
        {
          "speaker": "speaker1",
          "personaID": "21936",
          "participantID": "0126",
          "utterance": "엄머머!! 그러면 빨리 가셔야 할것같아요! 방해안할께요!! 얼른 다녀오고 재밌게 놀다오세요~",
          "summary": "",
          "date": "2022-11-03",
          "time": "00:18:55",
          "terminate": "true"
        }
      ],
      "sessionPersonaSummary": {
        "speaker1": [
          "나는 고졸이다. 나는 대학생활에 로망이 있다.",
          "나는 주량이 3잔이다.",
          "나는 혼자 여행하는 것을 좋아한다. 나는 혼자 경주를 다녀왔다."
        ],
        "speaker2": [
          "나는 학교 mt에 왔다.",
          "나는 mt를 서귀포로 왔다,",
          "나는 술을 잘 먹는다.",
          "나는 취해본 적이 없다.",
          "나는 술을 강요하지 않는다.",
          "나는 썸 타는 사람이 있다."
        ]
      },
      "prevAggregatedpersonaSummary": {
        "speaker1": [
          "나는 20대 여자이다.",
          "나는 산보다 바다를 좋아한다. 나는 초록색을 싫어한다.",
          "나는 인천에 산다. 나는 서울 쪽에서 방과 후 교사로 일한다.",
          "나는 영어 방과 후 교사이다.",
          "나는 직장생활을 한 지 2년 정도 됐다. 나는 주말에도 방과 후 교사로 출근한다. 나는 종교가 없다."
        ],
        "speaker2": [
          "나의 거주지는 제주도이다. 나는 20대 여자이다.",
          "나는 대학생이다. 나는 영어영문학이 부전공이다.",
          "나는 학식 먹으러 왔다. 나는 단감을 싫어한다."
        ]
      }
    },
    {
      "prevSessionID": "3-00280-2",
      "prevTimeInfo": {
        "timeNum": "1",
        "timeUnit": "일"
      },
      "nthSession": "3",
      "numberOfUtterances": "15",
      "numberOfTurns": "7",
      "sessionID": "3-00280-3",
      "dialog": [
        {
          "speaker": "speaker1",
          "personaID": "21936",
          "participantID": "0126",
          "utterance": "어제..혹시 어떻게 돼셨나요? 너무 궁금해 미칠것같아요!",
          "summary": "",
          "date": "2022-11-03",
          "time": "00:20:57",
          "terminate": "false"
        },
        {
          "speaker": "speaker2",
          "personaID": "22362",
          "participantID": "0108",
          "utterance": "하하.. 어제.. 아 부끄러운데ㅋㅋㅋ 저 남자친구 생겼어요>_<!!!!!!",
          "summary": "나는 어제 남자 친구가 생겼다.",
          "date": "2022-11-03",
          "time": "00:21:41",
          "terminate": "false"
        },
        {
          "speaker": "speaker1",
          "personaID": "21936",
          "participantID": "0126",
          "utterance": "어머머머!! 오늘부터 1일인거에요!? 어제 뽀뽀했어요?",
          "summary": "",
          "date": "2022-11-03",
          "time": "00:22:39",
          "terminate": "false"
        },
        {
          "speaker": "speaker2",
          "personaID": "22362",
          "participantID": "0108",
          "utterance": "뽀뽀만.. 했겠어요? 아몰라요!!! 여기까지만 말할래용!!!! 그쪽은 애인 있어요? ",
          "summary": "",
          "date": "2022-11-03",
          "time": "00:23:03",
          "terminate": "false"
        },
        {
          "speaker": "speaker1",
          "personaID": "21936",
          "participantID": "0126",
          "utterance": "엄머머.. 저는 모태솔로에요.. 그러니 더 들려줘요.. 이런썰 너무 좋아요.",
          "summary": "나는 모태솔로이다.",
          "date": "2022-11-03",
          "time": "00:23:52",
          "terminate": "false"
        },
        {
          "speaker": "speaker2",
          "personaID": "22362",
          "participantID": "0108",
          "utterance": "아 연애 강의 들어가봐요..? 이거 아무나 알려주는거 아니니까 펜 종이 가져와봐요!",
          "summary": "",
          "date": "2022-11-03",
          "time": "00:24:27",
          "terminate": "false"
        },
        {
          "speaker": "speaker1",
          "personaID": "21936",
          "participantID": "0126",
          "utterance": "준비완료 했습니다!! 궁금한거 있어요.저는 그렇게 이쁘지 않고 몸매도 그닥이에요.. 그래도 남자친구를 사귈 수 있을까요?",
          "summary": "",
          "date": "2022-11-03",
          "time": "00:26:28",
          "terminate": "false"
        },
        {
          "speaker": "speaker2",
          "personaID": "22362",
          "participantID": "0108",
          "utterance": "여자는 매력이죠~! 우선 3,3,7권법 잊지마요! 이게 뭐냐~! 답장은 3분, 3분속도고하다가 나중에 7분 뒤에 하세요! 애간장 녹이는 비법입니다 자자 메모하세요!",
          "summary": "",
          "date": "2022-11-03",
          "time": "00:27:35",
          "terminate": "false"
        },
        {
          "speaker": "speaker1",
          "personaID": "21936",
          "participantID": "0126",
          "utterance": "헐.. 이사람뭐지...메모메모... 그렇지만 모르고 읽어버렸다면...?",
          "summary": "",
          "date": "2022-11-03",
          "time": "00:28:14",
          "terminate": "false"
        },
        {
          "speaker": "speaker2",
          "personaID": "22362",
          "participantID": "0108",
          "utterance": "그래도 그 시간을 기다리세요!!! 차라리 읽었는데 답장을 안하면 더 땡큐죠~ 상대방이 얼마나 많은 생각을 할까요? 나이스~!",
          "summary": "",
          "date": "2022-11-03",
          "time": "00:29:00",
          "terminate": "false"
        },
        {
          "speaker": "speaker1",
          "personaID": "21936",
          "participantID": "0126",
          "utterance": "음!!!!! 아..또 궁금한거 진짜 많은데..음.. 마지막 하나!! 남자를 만날수 있는곳은 어디인가요.. ",
          "summary": "",
          "date": "2022-11-03",
          "time": "00:30:52",
          "terminate": "false"
        },
        {
          "speaker": "speaker2",
          "personaID": "22362",
          "participantID": "0108",
          "utterance": "하하~! 이게 좀 핵심인데!! 자만추를 원한다면 남사친이 많은 친구를 사겨야해요~! ",
          "summary": "",
          "date": "2022-11-03",
          "time": "00:31:31",
          "terminate": "false"
        },
        {
          "speaker": "speaker1",
          "personaID": "21936",
          "participantID": "0126",
          "utterance": "그렇다면 좀 소개좀 시켜주세요 ㅎㅎㅎㅎ 모태솔로 벗어나보자~~",
          "summary": "나는 모태솔로를 벗어나고 싶다.",
          "date": "2022-11-03",
          "time": "00:32:15",
          "terminate": "false"
        },
        {
          "speaker": "speaker2",
          "personaID": "22362",
          "participantID": "0108",
          "utterance": "인천에 산댔죠? 제가 한번 저기 해볼게요ㅎㅎ남자 사냥 하는대로 연락줄게요 딱 기다려용!!",
          "summary": "",
          "date": "2022-11-03",
          "time": "00:32:49",
          "terminate": "false"
        },
        {
          "speaker": "speaker1",
          "personaID": "21936",
          "participantID": "0126",
          "utterance": "나이쓰! 감사합니다! 오늘은 늦었으니 주무시고 나중에 꼭 연락주셔야해요!! 잘자요~",
          "summary": "",
          "date": "2022-11-03",
          "time": "00:33:33",
          "terminate": "true"
        }
      ],
      "sessionPersonaSummary": {
        "speaker1": [
          "나는 모태솔로이다.",
          "나는 모태솔로를 벗어나고 싶다."
        ],
        "speaker2": [
          "나는 어제 남자 친구가 생겼다."
        ]
      },
      "prevAggregatedpersonaSummary": {
        "speaker1": [
          "나는 20대 여자이다.",
          "나는 산보다 바다를 좋아한다. 나는 초록색을 싫어한다.",
          "나는 인천에 산다. 나는 서울 쪽에서 방과 후 교사로 일한다.",
          "나는 영어 방과 후 교사이다.",
          "나는 직장생활을 한 지 2년 정도 됐다. 나는 주말에도 방과 후 교사로 출근한다. 나는 종교가 없다.",
          "나는 고졸이다. 나는 대학생활에 로망이 있다.",
          "나는 주량이 3잔이다.",
          "나는 혼자 여행하는 것을 좋아한다. 나는 혼자 경주를 다녀왔다."
        ],
        "speaker2": [
          "나의 거주지는 제주도이다. 나는 20대 여자이다.",
          "나는 대학생이다. 나는 영어영문학이 부전공이다.",
          "나는 학식 먹으러 왔다. 나는 단감을 싫어한다.",
          "나는 학교 mt에 왔다.",
          "나는 mt를 서귀포로 왔다,",
          "나는 술을 잘 먹는다.",
          "나는 취해본 적이 없다.",
          "나는 술을 강요하지 않는다.",
          "나는 썸 타는 사람이 있다."
        ]
      }
    }
  ]
}