{
  "FileInfo": {
    "filename": "K3-00605-CL26868-CP61956-18-02-S3.json",
    "sessionLevel": "3"
  },
  "participantsInfo": {
    "numberOfParticipants": "2",
    "speaker1": {
      "participantID": "4495",
      "gender": "여성",
      "age": "30대",
      "occupation": "주부",
      "bPlace": "서울/경기/인천",
      "gPlace": "서울/경기/인천",
      "rPlace": "서울/경기/인천",
      "educationLevel": "고졸"
    },
    "speaker2": {
      "participantID": "4744",
      "gender": "여성",
      "age": "50대",
      "occupation": "자영업",
      "bPlace": "광주/전라/제주",
      "gPlace": "광주/전라/제주",
      "rPlace": "서울/경기/인천",
      "educationLevel": "고졸"
    }
  },
  "multisessionInfo": {
    "multisessionID": "3-00605"
  },
  "personaInfo": {
    "clInfo": {
      "personaID": "26868",
      "personaFeatures": [
        "나는 여자이다.",
        "나는 20대이다.",
        "나는 선후배와 친한 사람 한두 명이 있다",
        "나는 축구부 동아리에 관심 없다",
        "나는 CCM 음악을 싫어한다",
        "나는 블루베리를 즐겨 먹는다",
        "나의 생일은 9월이다"
      ],
      "speakerType": "speaker1"
    },
    "cpInfo": {
      "personaID": "61956",
      "personaFeatures": [
        "나는 여자이다.",
        "나는 60대 이상이다.",
        "나는 가끔 괴롭다",
        "나는 전쟁 영화를 싫어한다",
        "나는 중식을 싫어한다"
      ],
      "speakerType": "speaker2"
    }
  },
  "topicInfo": {
    "topicID": "18-02",
    "topicType": "상거래 전반",
    "topicTitle": "홈쇼핑"
  },
  "sessionInfo": [
    {
      "prevSessionID": null,
      "prevTimeInfo": {
        "timeNum": null,
        "timeUnit": null
      },
      "nthSession": "1",
      "numberOfUtterances": "14",
      "numberOfTurns": "7",
      "sessionID": "3-00605-1",
      "dialog": [
        {
          "speaker": "speaker1",
          "personaID": "26868",
          "participantID": "4495",
          "utterance": "안녕하세요 저는 20대 여성입니다 안녕하세요 저는 20대 여성입니다",
          "summary": "나는 20대 여성이다 나는 20대 여성이다",
          "date": "2022-12-06",
          "time": "21:45:22",
          "terminate": "false"
        },
        {
          "speaker": "speaker2",
          "personaID": "61956",
          "participantID": "4744",
          "utterance": "안녕하세요 나는 60대 여성입니다 반갑습니다 ",
          "summary": "나는 60대 여성이다",
          "date": "2022-12-06",
          "time": "21:46:46",
          "terminate": "false"
        },
        {
          "speaker": "speaker1",
          "personaID": "26868",
          "participantID": "4495",
          "utterance": "저는 사무보조원으로 일합니다 선후배와 친한 사람 두명정도 있어요",
          "summary": "나는 사무보조원이다",
          "date": "2022-12-06",
          "time": "21:48:37",
          "terminate": "false"
        },
        {
          "speaker": "speaker2",
          "personaID": "61956",
          "participantID": "4744",
          "utterance": "어떤 사무실에서 보조 하시나요? 엄청 부지런 하실것 같아요",
          "summary": "",
          "date": "2022-12-06",
          "time": "21:49:56",
          "terminate": "false"
        },
        {
          "speaker": "speaker1",
          "personaID": "26868",
          "participantID": "4495",
          "utterance": "보험회사 랍니다 ㅎㅎ 축구 좋아하시나요?",
          "summary": "나는 보험회사 보조원이다",
          "date": "2022-12-06",
          "time": "21:55:49",
          "terminate": "false"
        },
        {
          "speaker": "speaker2",
          "personaID": "61956",
          "participantID": "4744",
          "utterance": "보험회사 바쁘시겠어요 축구는 월드컵이니까보죠",
          "summary": "나는 축구는 월드컵이니까 본다",
          "date": "2022-12-06",
          "time": "21:58:58",
          "terminate": "false"
        },
        {
          "speaker": "speaker1",
          "personaID": "26868",
          "participantID": "4495",
          "utterance": "저는 월드컵은 재밌는데 축구부 동아리에는 관심이 없어요~",
          "summary": "나는 월드컵은 재미있는데 축구부 동아리는 관심이 없다",
          "date": "2022-12-06",
          "time": "22:03:45",
          "terminate": "false"
        },
        {
          "speaker": "speaker2",
          "personaID": "61956",
          "participantID": "4744",
          "utterance": "저도 하는것은 싫어해요 보는것만 좋아요",
          "summary": "나는 축구는 보는 것만 좋다",
          "date": "2022-12-06",
          "time": "22:05:36",
          "terminate": "false"
        },
        {
          "speaker": "speaker1",
          "personaID": "26868",
          "participantID": "4495",
          "utterance": "그렇군요 저는 9월생인데 몇 월 생이실까요??",
          "summary": "나는 9월생이다",
          "date": "2022-12-06",
          "time": "22:11:27",
          "terminate": "false"
        },
        {
          "speaker": "speaker2",
          "personaID": "61956",
          "participantID": "4744",
          "utterance": "9월 가을 문턱의 좋은 계절이네요 저는 2월이여요",
          "summary": "나는 2월생이다",
          "date": "2022-12-06",
          "time": "22:13:42",
          "terminate": "false"
        },
        {
          "speaker": "speaker1",
          "personaID": "26868",
          "participantID": "4495",
          "utterance": "2월도 너무 좋네요~ 음악 좋아하시나요? 저는 ccm 음악은 싫어하고 클래식 좋아해요",
          "summary": "나는 클래식을 좋아한다. 나는 ccm음악을 싫어한다.",
          "date": "2022-12-06",
          "time": "22:14:38",
          "terminate": "false"
        },
        {
          "speaker": "speaker2",
          "personaID": "61956",
          "participantID": "4744",
          "utterance": "저는 클래식도 좋아하지만 Kpop 좋아해요",
          "summary": "나는 kpop 좋아한다",
          "date": "2022-12-06",
          "time": "22:15:48",
          "terminate": "false"
        },
        {
          "speaker": "speaker1",
          "personaID": "26868",
          "participantID": "4495",
          "utterance": "케이팝도 좋지요 ㅎㅎ 전 과일은 블루베리 즐겨먹어요~ @이름@님은요?",
          "summary": "나는 블루베리를 즐겨 먹는다",
          "date": "2022-12-06",
          "time": "22:18:40",
          "terminate": "false"
        },
        {
          "speaker": "speaker2",
          "personaID": "61956",
          "participantID": "4744",
          "utterance": "저는 수박 엄청 좋아해요 여름엔 수박이죠 요즘은 스테비아  방울 토마토즐겨요 그만 나가볼께요",
          "summary": "나는 수박 좋아한다 요즘은 방울토마토 즐겨먹는다 이만 나가본다",
          "date": "2022-12-06",
          "time": "22:20:42",
          "terminate": "true"
        }
      ],
      "sessionPersonaSummary": {
        "speaker1": [
          "나는 20대 여성이다",
          "나는 20대 여성이다",
          "나는 사무보조원이다",
          "나는 보험회사 보조원이다",
          "나는 월드컵은 재미있는데 축구부 동아리는 관심이 없다",
          "나는 9월생이다",
          "나는 클래식을 좋아한다. 나는 ccm음악을 싫어한다.",
          "나는 블루베리를 즐겨 먹는다"
        ],
        "speaker2": [
          "나는 60대 여성이다",
          "나는 축구는 월드컵이니까 본다",
          "나는 축구는 보는 것만 좋다",
          "나는 2월생이다",
          "나는 kpop 좋아한다",
          "나는 수박 좋아한다 요즘은 방울토마토 즐겨먹는다 이만 나가본다"
        ]
      },
      "prevAggregatedpersonaSummary": {
        "speaker1": [],
        "speaker2": []
      }
    },
    {
      "prevSessionID": "3-00605-1",
      "prevTimeInfo": {
        "timeNum": "5",
        "timeUnit": "주"
      },
      "nthSession": "2",
      "numberOfUtterances": "14",
      "numberOfTurns": "7",
      "sessionID": "3-00605-2",
      "dialog": [
        {
          "speaker": "speaker1",
          "personaID": "26868",
          "participantID": "4495",
          "utterance": "5주만이네요~ 어떻게 지내셨어요?",
          "summary": "ㅡ",
          "date": "2022-12-06",
          "time": "22:43:10",
          "terminate": "false"
        },
        {
          "speaker": "speaker2",
          "personaID": "61956",
          "participantID": "4744",
          "utterance": "홈쇼핑 재미나게 방송보며 지내고 있어요 홈쇼핑 자주 하시나요?",
          "summary": "나는 홈쇼핑 방송 보며 지내고 있다",
          "date": "2022-12-06",
          "time": "22:44:24",
          "terminate": "false"
        },
        {
          "speaker": "speaker1",
          "personaID": "26868",
          "participantID": "4495",
          "utterance": "홈쇼핑 주로 저희 어머니가 주문해달라고 많이 하세요 저도 많이 보구요~ 방송보면 안살수가 없더라고요",
          "summary": "나는 어머니 때문에 홈쇼핑을 한다",
          "date": "2022-12-06",
          "time": "22:54:56",
          "terminate": "false"
        },
        {
          "speaker": "speaker2",
          "personaID": "61956",
          "participantID": "4744",
          "utterance": "그니까요 근데 방송보면 정말 꼭 필요한 것 처럼 느껴져요",
          "summary": "나는 방송 보면 꼭 필요한 것처럼 느껴진다",
          "date": "2022-12-06",
          "time": "22:56:33",
          "terminate": "false"
        },
        {
          "speaker": "speaker1",
          "personaID": "26868",
          "participantID": "4495",
          "utterance": "그쵸? ㅎㅎ저는 주로 여성 미용이나 옷에 관심이 많이가요 신발두요 님은요?",
          "summary": "나는 미용용품 옷에 관심이 간다",
          "date": "2022-12-06",
          "time": "22:58:04",
          "terminate": "false"
        },
        {
          "speaker": "speaker2",
          "personaID": "61956",
          "participantID": "4744",
          "utterance": "저는 주방용품이랑 의류가 관심이 가더라구요",
          "summary": "나는 주방용품과 의류가 관심이 간다",
          "date": "2022-12-06",
          "time": "22:59:08",
          "terminate": "false"
        },
        {
          "speaker": "speaker1",
          "personaID": "26868",
          "participantID": "4495",
          "utterance": "그렇군요 제가 살림을 안해서 주방용품은 관심이 없나봐요 ㅎㅎ",
          "summary": "나는 주방용품은 관심이 안 간다",
          "date": "2022-12-06",
          "time": "23:09:36",
          "terminate": "false"
        },
        {
          "speaker": "speaker2",
          "personaID": "61956",
          "participantID": "4744",
          "utterance": "보는것 만으로도 즐거워요 신기한 물건들이 많아요 살림하기 편하게요",
          "summary": "나는 보는 것만으로도 즐겁다",
          "date": "2022-12-06",
          "time": "23:11:51",
          "terminate": "false"
        },
        {
          "speaker": "speaker1",
          "personaID": "26868",
          "participantID": "4495",
          "utterance": "그렇죠~ 신기한것도 많고요! 저는 요즘 추워서 그런가 아우터 방송에 자꾸 눈이 가네요",
          "summary": "나는 추워서 아우터 방송에 눈이 간다",
          "date": "2022-12-06",
          "time": "23:13:42",
          "terminate": "false"
        },
        {
          "speaker": "speaker2",
          "personaID": "61956",
          "participantID": "4744",
          "utterance": "진짜 이쁜 아우터가 너무 많이 나왔더라구요",
          "summary": "",
          "date": "2022-12-06",
          "time": "23:14:57",
          "terminate": "false"
        },
        {
          "speaker": "speaker1",
          "personaID": "26868",
          "participantID": "4495",
          "utterance": "어떤 아우터에 관심이 많으세요?",
          "summary": "ㅡ",
          "date": "2022-12-06",
          "time": "23:22:03",
          "terminate": "false"
        },
        {
          "speaker": "speaker2",
          "personaID": "61956",
          "participantID": "4744",
          "utterance": "저는 따뜻한데 가벼운게 좋아요 귀여운 스타일의 패딩도 좋아요",
          "summary": "나는 귀여운 스타일의 패딩이 좋다",
          "date": "2022-12-06",
          "time": "23:23:39",
          "terminate": "false"
        },
        {
          "speaker": "speaker1",
          "personaID": "26868",
          "participantID": "4495",
          "utterance": "그렇군요 저는 하체를 가릴수있는 긴 패딩이 좋아요~",
          "summary": "나는 롱 패딩이 좋다",
          "date": "2022-12-06",
          "time": "23:29:12",
          "terminate": "false"
        },
        {
          "speaker": "speaker2",
          "personaID": "61956",
          "participantID": "4744",
          "utterance": "그게 건강에는 더좋아요 하체가 따뜻 한게 좋으니까요 이만 나갈께요 담에  다시  봐요",
          "summary": " 나는 이만 나간다",
          "date": "2022-12-06",
          "time": "23:32:26",
          "terminate": "true"
        }
      ],
      "sessionPersonaSummary": {
        "speaker1": [
          "ㅡ",
          "나는 어머니 때문에 홈쇼핑을 한다",
          "나는 미용용품 옷에 관심이 간다",
          "나는 주방용품은 관심이 안 간다",
          "나는 추워서 아우터 방송에 눈이 간다",
          "ㅡ",
          "나는 롱 패딩이 좋다"
        ],
        "speaker2": [
          "나는 홈쇼핑 방송 보며 지내고 있다",
          "나는 방송 보면 꼭 필요한 것처럼 느껴진다",
          "나는 주방용품과 의류가 관심이 간다",
          "나는 보는 것만으로도 즐겁다",
          "나는 귀여운 스타일의 패딩이 좋다",
          "나는 이만 나간다"
        ]
      },
      "prevAggregatedpersonaSummary": {
        "speaker1": [
          "나는 20대 여성이다",
          "나는 20대 여성이다",
          "나는 사무보조원이다",
          "나는 보험회사 보조원이다",
          "나는 월드컵은 재미있는데 축구부 동아리는 관심이 없다",
          "나는 9월생이다",
          "나는 클래식을 좋아한다. 나는 ccm음악을 싫어한다.",
          "나는 블루베리를 즐겨 먹는다"
        ],
        "speaker2": [
          "나는 60대 여성이다",
          "나는 축구는 월드컵이니까 본다",
          "나는 축구는 보는 것만 좋다",
          "나는 2월생이다",
          "나는 kpop 좋아한다",
          "나는 수박 좋아한다 요즘은 방울토마토 즐겨먹는다 이만 나가본다"
        ]
      }
    },
    {
      "prevSessionID": "3-00605-2",
      "prevTimeInfo": {
        "timeNum": "31",
        "timeUnit": "시간"
      },
      "nthSession": "3",
      "numberOfUtterances": "14",
      "numberOfTurns": "7",
      "sessionID": "3-00605-3",
      "dialog": [
        {
          "speaker": "speaker1",
          "personaID": "26868",
          "participantID": "4495",
          "utterance": "31시간 만이네요~ 잘 지내셨나요??",
          "summary": "ㅡ",
          "date": "2022-12-06",
          "time": "23:46:08",
          "terminate": "false"
        },
        {
          "speaker": "speaker2",
          "personaID": "61956",
          "participantID": "4744",
          "utterance": "네 잘 지내시죠 요즘 오프라인 상거래보다는 온라인이 더 활발 한ㄱㅓ 같아요",
          "summary": "나는 온라인 상거래가 더 활발한 것 같다",
          "date": "2022-12-06",
          "time": "23:47:39",
          "terminate": "false"
        },
        {
          "speaker": "speaker1",
          "personaID": "26868",
          "participantID": "4495",
          "utterance": "맞아요 저만해도 나가서 사오는것 보다 집에서 주문하면 띵동 하고 오니 간편하고 좋은것 같아요",
          "summary": "나는 배달 서비스가 편하다",
          "date": "2022-12-06",
          "time": "23:53:47",
          "terminate": "false"
        },
        {
          "speaker": "speaker2",
          "personaID": "61956",
          "participantID": "4744",
          "utterance": "근데 품질은 만족 스러우세요 아무래도 눈으로 안보고 하다보니 반품도 많은가봐요",
          "summary": "나는 반품도 많은 것 같다",
          "date": "2022-12-06",
          "time": "23:56:10",
          "terminate": "false"
        },
        {
          "speaker": "speaker1",
          "personaID": "26868",
          "participantID": "4495",
          "utterance": "그건 그렇죠 막상 왔는데 별론것도 있구요ㅜ 저렴한거는 반품이 귀찮아서 냅두고 가격 나가는거는 교환이나 환불을 받고 있어요",
          "summary": "나는 반품을 하거나 교환 환불을 받고 있다",
          "date": "2022-12-07",
          "time": "00:07:30",
          "terminate": "false"
        },
        {
          "speaker": "speaker2",
          "personaID": "61956",
          "participantID": "4744",
          "utterance": "정직한 상거래가  이루어지면 그런 불편이 없어질텐데요",
          "summary": "",
          "date": "2022-12-07",
          "time": "00:09:36",
          "terminate": "false"
        },
        {
          "speaker": "speaker1",
          "personaID": "26868",
          "participantID": "4495",
          "utterance": "그렇죠 너무 포샵처리하고 그러지 않았으면 좋겠어요",
          "summary": "나는 포샵처리 안 했으면 좋겠다",
          "date": "2022-12-07",
          "time": "00:14:37",
          "terminate": "false"
        },
        {
          "speaker": "speaker2",
          "personaID": "61956",
          "participantID": "4744",
          "utterance": "성능과기능도 과대 광고가 아니면 좋을 듯 싶네요",
          "summary": "나는 그러면 좋을 것 같다",
          "date": "2022-12-07",
          "time": "02:09:21",
          "terminate": "false"
        },
        {
          "speaker": "speaker1",
          "personaID": "26868",
          "participantID": "4495",
          "utterance": "그렇죠~ 아껴써야하는데 이밤에 또 쇼핑하네요 ㅎㅎ",
          "summary": "나는 밤에 쇼핑한다",
          "date": "2022-12-07",
          "time": "02:38:40",
          "terminate": "false"
        },
        {
          "speaker": "speaker2",
          "personaID": "61956",
          "participantID": "4744",
          "utterance": "홈쇼핑은 밤에 하는게 제맛이죠 판단력이 흐리니까 막 사거든요",
          "summary": "나는 홈쇼핑은 밤에 하는 게 제맛이다",
          "date": "2022-12-07",
          "time": "03:24:01",
          "terminate": "false"
        },
        {
          "speaker": "speaker1",
          "personaID": "26868",
          "participantID": "4495",
          "utterance": "업체측에서는 밤에파는게 더 좋겠네요",
          "summary": "나는 업체는 밤에 파는 게 좋다",
          "date": "2022-12-07",
          "time": "08:15:25",
          "terminate": "false"
        },
        {
          "speaker": "speaker2",
          "personaID": "61956",
          "participantID": "4744",
          "utterance": "그럴것 같아요 ㅎㅎ 꼭 필요한 좋은 물건을 사는 좋은 눈을 가져야할것 같아요",
          "summary": "",
          "date": "2022-12-07",
          "time": "09:20:03",
          "terminate": "false"
        },
        {
          "speaker": "speaker1",
          "personaID": "26868",
          "participantID": "4495",
          "utterance": "네 냉정한 마음을 가져야겠어요 ㅎㅎ",
          "summary": "나는 냉정한 마음을 가졍얄것 같다",
          "date": "2022-12-07",
          "time": "09:54:30",
          "terminate": "false"
        },
        {
          "speaker": "speaker2",
          "personaID": "61956",
          "participantID": "4744",
          "utterance": "네 오늘도 행복한 하루 시작하시고 좋은 대화였습니다 이만 나갈께요",
          "summary": "나는 이만 나간다",
          "date": "2022-12-07",
          "time": "10:03:49",
          "terminate": "true"
        }
      ],
      "sessionPersonaSummary": {
        "speaker1": [
          "ㅡ",
          "나는 배달 서비스가 편하다",
          "나는 반품을 하거나 교환 환불을 받고 있다",
          "나는 포샵처리 안 했으면 좋겠다",
          "나는 밤에 쇼핑한다",
          "나는 업체는 밤에 파는 게 좋다",
          "나는 냉정한 마음을 가졍얄것 같다"
        ],
        "speaker2": [
          "나는 온라인 상거래가 더 활발한 것 같다",
          "나는 반품도 많은 것 같다",
          "나는 그러면 좋을 것 같다",
          "나는 홈쇼핑은 밤에 하는 게 제맛이다",
          "나는 이만 나간다"
        ]
      },
      "prevAggregatedpersonaSummary": {
        "speaker1": [
          "나는 20대 여성이다",
          "나는 20대 여성이다",
          "나는 사무보조원이다",
          "나는 보험회사 보조원이다",
          "나는 월드컵은 재미있는데 축구부 동아리는 관심이 없다",
          "나는 9월생이다",
          "나는 클래식을 좋아한다. 나는 ccm음악을 싫어한다.",
          "나는 블루베리를 즐겨 먹는다",
          "ㅡ",
          "나는 어머니 때문에 홈쇼핑을 한다",
          "나는 미용용품 옷에 관심이 간다",
          "나는 주방용품은 관심이 안 간다",
          "나는 추워서 아우터 방송에 눈이 간다",
          "ㅡ",
          "나는 롱 패딩이 좋다"
        ],
        "speaker2": [
          "나는 60대 여성이다",
          "나는 축구는 월드컵이니까 본다",
          "나는 축구는 보는 것만 좋다",
          "나는 2월생이다",
          "나는 kpop 좋아한다",
          "나는 수박 좋아한다 요즘은 방울토마토 즐겨먹는다 이만 나가본다",
          "나는 홈쇼핑 방송 보며 지내고 있다",
          "나는 방송 보면 꼭 필요한 것처럼 느껴진다",
          "나는 주방용품과 의류가 관심이 간다",
          "나는 보는 것만으로도 즐겁다",
          "나는 귀여운 스타일의 패딩이 좋다",
          "나는 이만 나간다"
        ]
      }
    }
  ]
}