{
  "FileInfo": {
    "filename": "K3-00395-CL20173-CP21188-14-06-S3.json",
    "sessionLevel": "3"
  },
  "participantsInfo": {
    "numberOfParticipants": "2",
    "speaker1": {
      "participantID": "0580",
      "gender": "남성",
      "age": "20대",
      "occupation": "학생",
      "bPlace": "서울/경기/인천",
      "gPlace": "서울/경기/인천",
      "rPlace": "서울/경기/인천",
      "educationLevel": "고졸"
    },
    "speaker2": {
      "participantID": "0577",
      "gender": "남성",
      "age": "20대",
      "occupation": "학생",
      "bPlace": "부산/대구/울산/경상",
      "gPlace": "부산/대구/울산/경상",
      "rPlace": "부산/대구/울산/경상",
      "educationLevel": "고졸"
    }
  },
  "multisessionInfo": {
    "multisessionID": "3-00395"
  },
  "personaInfo": {
    "clInfo": {
      "personaID": "20173",
      "personaFeatures": [
        "나는 남자이다.",
        "나는 20대이다.",
        "나는 파충류를 좋아한다.",
        "나는 일본어를 매일 한다.",
        "나는 TV 드라마를 좋아한다."
      ],
      "speakerType": "speaker1"
    },
    "cpInfo": {
      "personaID": "21188",
      "personaFeatures": [
        "나는 남자이다.",
        "나는 20대이다.",
        "나는 연인이 있지만 사이가 좋지 않다.",
        "나는 식물을 키우는 것을 좋아한다.",
        "나는 SF 영화를 자주 본다."
      ],
      "speakerType": "speaker2"
    }
  },
  "topicInfo": {
    "topicID": "14-06",
    "topicType": "시사/사회>사회이슈(국내)",
    "topicTitle": "주식"
  },
  "sessionInfo": [
    {
      "prevSessionID": null,
      "prevTimeInfo": {
        "timeNum": null,
        "timeUnit": null
      },
      "nthSession": "1",
      "numberOfUtterances": "16",
      "numberOfTurns": "8",
      "sessionID": "3-00395-1",
      "dialog": [
        {
          "speaker": "speaker1",
          "personaID": "20173",
          "participantID": "0580",
          "utterance": "처음 뵙겠습니다. 반가워요. 저는 20대 남자입니다.",
          "summary": "나는 20대 남자이다.",
          "date": "2022-10-12",
          "time": "12:15:52",
          "terminate": "false"
        },
        {
          "speaker": "speaker2",
          "personaID": "21188",
          "participantID": "0577",
          "utterance": "처음이라 반갑네요. 저는 20대 남자입니다. 하이요~",
          "summary": "나는 20대 남자이다.",
          "date": "2022-10-12",
          "time": "12:15:54",
          "terminate": "false"
        },
        {
          "speaker": "speaker1",
          "personaID": "20173",
          "participantID": "0580",
          "utterance": "반갑습니다! 어떤 일 하시는 분인가요?",
          "summary": "",
          "date": "2022-10-12",
          "time": "12:16:00",
          "terminate": "false"
        },
        {
          "speaker": "speaker2",
          "personaID": "21188",
          "participantID": "0577",
          "utterance": "인천살아요~ 직장인인데 무슨일을 하는 분이실까요?",
          "summary": "나의 거주지는 인천이다. 나는 직장인이다.",
          "date": "2022-10-12",
          "time": "12:16:16",
          "terminate": "false"
        },
        {
          "speaker": "speaker1",
          "personaID": "20173",
          "participantID": "0580",
          "utterance": "저는 통역가라서요. 일본어를 매일해요 ㅋㅋ. 좋아하시는 취미 있어요?",
          "summary": "나는 통역가이다. 나는 일본어를 매일 한다.",
          "date": "2022-10-12",
          "time": "12:16:22",
          "terminate": "false"
        },
        {
          "speaker": "speaker2",
          "personaID": "21188",
          "participantID": "0577",
          "utterance": "그렇구나 ㅎㅎ. 저는 SF영화를 자주보는 편이에요.",
          "summary": "나는 SF 영화를 자주 본다.",
          "date": "2022-10-12",
          "time": "12:16:36",
          "terminate": "false"
        },
        {
          "speaker": "speaker1",
          "personaID": "20173",
          "participantID": "0580",
          "utterance": "그런거 재밌죠! 저는 TV 드라마를 좋아해서 자주봐요~ 다른 취미는요?",
          "summary": "나는 TV 드라마를 좋아한다.",
          "date": "2022-10-12",
          "time": "12:16:51",
          "terminate": "false"
        },
        {
          "speaker": "speaker2",
          "personaID": "21188",
          "participantID": "0577",
          "utterance": "요즘에는 식물키우는거에 맛들려서 한두개씩 계속 사고있네요.",
          "summary": "나는 식물을 키우는 것을 좋아한다.",
          "date": "2022-10-12",
          "time": "12:17:09",
          "terminate": "false"
        },
        {
          "speaker": "speaker1",
          "personaID": "20173",
          "participantID": "0580",
          "utterance": "그러시군요. 식물 그렇게 키우면 집 좁겠어요 ㅎㅎ.",
          "summary": "",
          "date": "2022-10-12",
          "time": "12:17:19",
          "terminate": "false"
        },
        {
          "speaker": "speaker2",
          "personaID": "21188",
          "participantID": "0577",
          "utterance": "애인이 동거하는데 자꾸 사온다고해서 사이가 좋질 않아요.",
          "summary": "나는 연인이 있지만 사이가 좋지 않다.",
          "date": "2022-10-12",
          "time": "12:17:29",
          "terminate": "false"
        },
        {
          "speaker": "speaker1",
          "personaID": "20173",
          "participantID": "0580",
          "utterance": "그럴거같아요 ㅎㅎ. 저는 파충류를 좋아하는데 가족이 별로 안좋아해요 ㅋㅋ.",
          "summary": "나는 파충류를 좋아한다.",
          "date": "2022-10-12",
          "time": "12:17:30",
          "terminate": "false"
        },
        {
          "speaker": "speaker2",
          "personaID": "21188",
          "participantID": "0577",
          "utterance": "원룸이라 넓지않긴한데 식물원같고 좋더라구요.",
          "summary": "나는 식물원을 좋아한다.",
          "date": "2022-10-12",
          "time": "12:17:51",
          "terminate": "false"
        },
        {
          "speaker": "speaker1",
          "personaID": "20173",
          "participantID": "0580",
          "utterance": "원룸에 그정도면 @브랜드명1@이네요~ 멋집니다!",
          "summary": "",
          "date": "2022-10-12",
          "time": "12:17:57",
          "terminate": "false"
        },
        {
          "speaker": "speaker2",
          "personaID": "21188",
          "participantID": "0577",
          "utterance": "나중에는 덩굴도 사서 데코를 해보려고해요.",
          "summary": "나는 덩굴을 살 것이다.",
          "date": "2022-10-12",
          "time": "12:18:07",
          "terminate": "false"
        },
        {
          "speaker": "speaker1",
          "personaID": "20173",
          "participantID": "0580",
          "utterance": "그러면 저는 이만 일 좀 다녀올게요! 다음에 봐요!",
          "summary": "",
          "date": "2022-10-12",
          "time": "12:18:09",
          "terminate": "false"
        },
        {
          "speaker": "speaker2",
          "personaID": "21188",
          "participantID": "0577",
          "utterance": "그러도록해요~ 번역일 잘 하세요. 부럽네요.",
          "summary": "",
          "date": "2022-10-12",
          "time": "12:18:20",
          "terminate": "true"
        }
      ],
      "sessionPersonaSummary": {
        "speaker1": [
          "나는 20대 남자이다.",
          "나는 통역가이다. 나는 일본어를 매일 한다.",
          "나는 TV 드라마를 좋아한다.",
          "나는 파충류를 좋아한다."
        ],
        "speaker2": [
          "나는 20대 남자이다.",
          "나의 거주지는 인천이다. 나는 직장인이다.",
          "나는 SF 영화를 자주 본다.",
          "나는 식물을 키우는 것을 좋아한다.",
          "나는 연인이 있지만 사이가 좋지 않다.",
          "나는 식물원을 좋아한다.",
          "나는 덩굴을 살 것이다."
        ]
      },
      "prevAggregatedpersonaSummary": {
        "speaker1": [],
        "speaker2": []
      }
    },
    {
      "prevSessionID": "3-00395-1",
      "prevTimeInfo": {
        "timeNum": "3",
        "timeUnit": "일"
      },
      "nthSession": "2",
      "numberOfUtterances": "16",
      "numberOfTurns": "8",
      "sessionID": "3-00395-2",
      "dialog": [
        {
          "speaker": "speaker1",
          "personaID": "20173",
          "participantID": "0580",
          "utterance": "사흘만입니다. 이번에는 좀 일이 길었네요 ㅎㅎ.",
          "summary": "",
          "date": "2022-10-12",
          "time": "12:18:22",
          "terminate": "false"
        },
        {
          "speaker": "speaker2",
          "personaID": "21188",
          "participantID": "0577",
          "utterance": "통역가님 잘 지내셨나요? 저는 요즘에 영어공부를 좀 하고있어요~",
          "summary": "나는 영어공부를 한다.",
          "date": "2022-10-12",
          "time": "12:18:35",
          "terminate": "false"
        },
        {
          "speaker": "speaker1",
          "personaID": "20173",
          "participantID": "0580",
          "utterance": "아 진짜요? 그렇구나.저도 약간은 하는데 ㅎㅎ.",
          "summary": "",
          "date": "2022-10-12",
          "time": "12:18:39",
          "terminate": "false"
        },
        {
          "speaker": "speaker2",
          "personaID": "21188",
          "participantID": "0577",
          "utterance": "주식에 관심이 있는데 해외기사보려면 필요하더라구요.",
          "summary": "나는 주식에 관심이 있다.",
          "date": "2022-10-12",
          "time": "12:18:45",
          "terminate": "false"
        },
        {
          "speaker": "speaker1",
          "personaID": "20173",
          "participantID": "0580",
          "utterance": "주식도 해외 주식 하시나봐요. 그거 멋지네요!",
          "summary": "",
          "date": "2022-10-12",
          "time": "12:18:56",
          "terminate": "false"
        },
        {
          "speaker": "speaker2",
          "personaID": "21188",
          "participantID": "0577",
          "utterance": "그런거 흐름 읽는게 중요하다더라구요~ 주식은 좀 하시나요?",
          "summary": "",
          "date": "2022-10-12",
          "time": "12:19:03",
          "terminate": "false"
        },
        {
          "speaker": "speaker1",
          "personaID": "20173",
          "participantID": "0580",
          "utterance": "저는 @브랜드명2@에 그냥 다 묻고 안봐요 ㅋㅋㅋ.",
          "summary": "나는 @브랜드명2@에 투자한다.",
          "date": "2022-10-12",
          "time": "12:19:05",
          "terminate": "false"
        },
        {
          "speaker": "speaker2",
          "personaID": "21188",
          "participantID": "0577",
          "utterance": "그러시구나 ㅎㅎ. @브랜드명2@이 떠오르는 주식이긴하죠.",
          "summary": "",
          "date": "2022-10-12",
          "time": "12:19:15",
          "terminate": "false"
        },
        {
          "speaker": "speaker1",
          "personaID": "20173",
          "participantID": "0580",
          "utterance": "맞아요. 4 년쯤 넣었는데. 많이 올랐더라고요.",
          "summary": "",
          "date": "2022-10-12",
          "time": "12:19:22",
          "terminate": "false"
        },
        {
          "speaker": "speaker2",
          "personaID": "21188",
          "participantID": "0577",
          "utterance": "근데 요즘에 반도체가 저성장에 들었다고 뉴스가 브레이크 걸더라구요.",
          "summary": "나는 뉴스를 본다.",
          "date": "2022-10-12",
          "time": "12:19:27",
          "terminate": "false"
        },
        {
          "speaker": "speaker1",
          "personaID": "20173",
          "participantID": "0580",
          "utterance": "아... 그거 참 걱정이네요. 다른 아이템이 필요한데요.",
          "summary": "",
          "date": "2022-10-12",
          "time": "12:19:34",
          "terminate": "false"
        },
        {
          "speaker": "speaker2",
          "personaID": "21188",
          "participantID": "0577",
          "utterance": "언제는 미래에 얼마나 클지 모른다고 호들갑 떨던데 말이에요~",
          "summary": "",
          "date": "2022-10-12",
          "time": "12:19:41",
          "terminate": "false"
        },
        {
          "speaker": "speaker1",
          "personaID": "20173",
          "participantID": "0580",
          "utterance": "그렇네요 ㅋㅋ. 요즘 세상이 참 혼란스러워요.",
          "summary": "나는 세상이 혼란스럽다.",
          "date": "2022-10-12",
          "time": "12:19:46",
          "terminate": "false"
        },
        {
          "speaker": "speaker2",
          "personaID": "21188",
          "participantID": "0577",
          "utterance": "우리나라도 저성장에 접어들까봐 주식시장도 걱정이 많이 되네요.",
          "summary": "나는 주식시장이 걱정된다.",
          "date": "2022-10-12",
          "time": "12:19:53",
          "terminate": "false"
        },
        {
          "speaker": "speaker1",
          "personaID": "20173",
          "participantID": "0580",
          "utterance": "그러면 역시 미국에 투자할까봐요 ㅎㅎ. 다음에 봐요!",
          "summary": "",
          "date": "2022-10-12",
          "time": "12:19:57",
          "terminate": "false"
        },
        {
          "speaker": "speaker2",
          "personaID": "21188",
          "participantID": "0577",
          "utterance": "그럼 다음에 또 이야기 하도록해요~ 저는 주식좀 봐야겠네요.",
          "summary": "나는 주식을 볼 것이다.",
          "date": "2022-10-12",
          "time": "12:20:01",
          "terminate": "true"
        }
      ],
      "sessionPersonaSummary": {
        "speaker1": [
          "나는 @브랜드명2@에 투자한다.",
          "나는 세상이 혼란스럽다."
        ],
        "speaker2": [
          "나는 영어공부를 한다.",
          "나는 주식에 관심이 있다.",
          "나는 뉴스를 본다.",
          "나는 주식시장이 걱정된다.",
          "나는 주식을 볼 것이다."
        ]
      },
      "prevAggregatedpersonaSummary": {
        "speaker1": [
          "나는 20대 남자이다.",
          "나는 통역가이다. 나는 일본어를 매일 한다.",
          "나는 TV 드라마를 좋아한다.",
          "나는 파충류를 좋아한다."
        ],
        "speaker2": [
          "나는 20대 남자이다.",
          "나의 거주지는 인천이다. 나는 직장인이다.",
          "나는 SF 영화를 자주 본다.",
          "나는 식물을 키우는 것을 좋아한다.",
          "나는 연인이 있지만 사이가 좋지 않다.",
          "나는 식물원을 좋아한다.",
          "나는 덩굴을 살 것이다."
        ]
      }
    },
    {
      "prevSessionID": "3-00395-2",
      "prevTimeInfo": {
        "timeNum": "1",
        "timeUnit": "일"
      },
      "nthSession": "3",
      "numberOfUtterances": "16",
      "numberOfTurns": "8",
      "sessionID": "3-00395-3",
      "dialog": [
        {
          "speaker": "speaker1",
          "personaID": "20173",
          "participantID": "0580",
          "utterance": "하루만입니다. 어제 @브랜드명2@이 급락하더라고요. 깜짝 놀랐네요.",
          "summary": "나는 깜짝 놀랐다.",
          "date": "2022-10-12",
          "time": "12:20:26",
          "terminate": "false"
        },
        {
          "speaker": "speaker2",
          "personaID": "21188",
          "participantID": "0577",
          "utterance": "그렇더라구요~ 저는 @브랜드명3@를 샀는데 매출이 급감예정이더라구요.",
          "summary": "나는 @브랜드명3@를 샀다.",
          "date": "2022-10-12",
          "time": "12:20:44",
          "terminate": "false"
        },
        {
          "speaker": "speaker1",
          "personaID": "20173",
          "participantID": "0580",
          "utterance": "그거 참 안타깝네요 ㅠㅠ... 요즘 그래서 마음이 심란해요.",
          "summary": "나는 심란하다.",
          "date": "2022-10-12",
          "time": "12:20:50",
          "terminate": "false"
        },
        {
          "speaker": "speaker2",
          "personaID": "21188",
          "participantID": "0577",
          "utterance": "그렇죠 ㅠㅠ. 요즘에 사람들이 핸드폰을 안사긴 하나봐요.",
          "summary": "",
          "date": "2022-10-12",
          "time": "12:21:00",
          "terminate": "false"
        },
        {
          "speaker": "speaker1",
          "personaID": "20173",
          "participantID": "0580",
          "utterance": "하아. 저는 저번에 @홈페이지1@ 산건 아예 까먹었어요.",
          "summary": "",
          "date": "2022-10-12",
          "time": "12:21:09",
          "terminate": "false"
        },
        {
          "speaker": "speaker2",
          "personaID": "21188",
          "participantID": "0577",
          "utterance": "저는 요즘에 핸드폰을 바꿀까 고민중이거든요! 추천하시는거 있나요?",
          "summary": "나는 핸드폰을 바꿀 것이다.",
          "date": "2022-10-12",
          "time": "12:21:18",
          "terminate": "false"
        },
        {
          "speaker": "speaker1",
          "personaID": "20173",
          "participantID": "0580",
          "utterance": "저는 아이폰이죠 ㅋㅋㅋ. 주주인데 물어보시면요~",
          "summary": "나는 아이폰을 추천한다.",
          "date": "2022-10-12",
          "time": "12:21:23",
          "terminate": "false"
        },
        {
          "speaker": "speaker2",
          "personaID": "21188",
          "participantID": "0577",
          "utterance": "그렇군요 ㅎㅎ. 저는 @브랜드명2@은 예쁘긴한데 고민되더라구요.",
          "summary": "",
          "date": "2022-10-12",
          "time": "12:21:33",
          "terminate": "false"
        },
        {
          "speaker": "speaker1",
          "personaID": "20173",
          "participantID": "0580",
          "utterance": "너무 비싸긴해요! 저도 13 쓰고 있어요~",
          "summary": "",
          "date": "2022-10-12",
          "time": "12:21:37",
          "terminate": "false"
        },
        {
          "speaker": "speaker2",
          "personaID": "21188",
          "participantID": "0577",
          "utterance": "저번에 아이패드로 파일 옮기다가 정신이 흔들렸었거든요!",
          "summary": "나는 아이패드를 가지고 있다.",
          "date": "2022-10-12",
          "time": "12:21:42",
          "terminate": "false"
        },
        {
          "speaker": "speaker1",
          "personaID": "20173",
          "participantID": "0580",
          "utterance": "그거 좀 거지같죠? @브랜드명2@은 그냥 적응하셔야해요~",
          "summary": "",
          "date": "2022-10-12",
          "time": "12:21:51",
          "terminate": "false"
        },
        {
          "speaker": "speaker2",
          "personaID": "21188",
          "participantID": "0577",
          "utterance": "다운로드받고 왜 다시 파일을 옮겨야하죠? 이게 보안인가요?",
          "summary": "",
          "date": "2022-10-12",
          "time": "12:22:03",
          "terminate": "false"
        },
        {
          "speaker": "speaker1",
          "personaID": "20173",
          "participantID": "0580",
          "utterance": "ㅋㅋ. 원래 감성이라는게 쉬운게 아니잖아요?",
          "summary": "",
          "date": "2022-10-12",
          "time": "12:22:05",
          "terminate": "false"
        },
        {
          "speaker": "speaker2",
          "personaID": "21188",
          "participantID": "0577",
          "utterance": "역시 @브랜드명2@식 보안은 참 철저한거같아요 안전해서 좋네요.",
          "summary": "나는 @브랜드명2@ 보안을 좋아한다.",
          "date": "2022-10-12",
          "time": "12:22:12",
          "terminate": "false"
        },
        {
          "speaker": "speaker1",
          "personaID": "20173",
          "participantID": "0580",
          "utterance": "ㅎㅎ. 좋아하시니 좋네요~ 그러면 저는 이만 가볼게요!",
          "summary": "",
          "date": "2022-10-12",
          "time": "12:22:19",
          "terminate": "false"
        },
        {
          "speaker": "speaker2",
          "personaID": "21188",
          "participantID": "0577",
          "utterance": "폰 한번 골라봐야겠네요~ 옵션이 많아서요 ㅎㅎ.",
          "summary": "나는 핸드폰을 고민한다.",
          "date": "2022-10-12",
          "time": "12:22:28",
          "terminate": "true"
        }
      ],
      "sessionPersonaSummary": {
        "speaker1": [
          "나는 깜짝 놀랐다.",
          "나는 심란하다.",
          "나는 아이폰을 추천한다."
        ],
        "speaker2": [
          "나는 @브랜드명3@를 샀다.",
          "나는 핸드폰을 바꿀 것이다.",
          "나는 아이패드를 가지고 있다.",
          "나는 @브랜드명2@ 보안을 좋아한다.",
          "나는 핸드폰을 고민한다."
        ]
      },
      "prevAggregatedpersonaSummary": {
        "speaker1": [
          "나는 20대 남자이다.",
          "나는 통역가이다. 나는 일본어를 매일 한다.",
          "나는 TV 드라마를 좋아한다.",
          "나는 파충류를 좋아한다.",
          "나는 @브랜드명2@에 투자한다.",
          "나는 세상이 혼란스럽다."
        ],
        "speaker2": [
          "나는 20대 남자이다.",
          "나의 거주지는 인천이다. 나는 직장인이다.",
          "나는 SF 영화를 자주 본다.",
          "나는 식물을 키우는 것을 좋아한다.",
          "나는 연인이 있지만 사이가 좋지 않다.",
          "나는 식물원을 좋아한다.",
          "나는 덩굴을 살 것이다.",
          "나는 영어공부를 한다.",
          "나는 주식에 관심이 있다.",
          "나는 뉴스를 본다.",
          "나는 주식시장이 걱정된다.",
          "나는 주식을 볼 것이다."
        ]
      }
    }
  ]
}