{
  "FileInfo": {
    "filename": "K3-00038-CL40171-CP21225-07-03-S3.json",
    "sessionLevel": "3"
  },
  "participantsInfo": {
    "numberOfParticipants": "2",
    "speaker1": {
      "participantID": "3032",
      "gender": "남성",
      "age": "40대",
      "occupation": "관리직",
      "bPlace": "부산/대구/울산/경상",
      "gPlace": "부산/대구/울산/경상",
      "rPlace": "서울/경기/인천",
      "educationLevel": "대학원졸"
    },
    "speaker2": {
      "participantID": "3061",
      "gender": "남성",
      "age": "30대",
      "occupation": "사무직",
      "bPlace": "서울/경기/인천",
      "gPlace": "서울/경기/인천",
      "rPlace": "서울/경기/인천",
      "educationLevel": "대졸"
    }
  },
  "multisessionInfo": {
    "multisessionID": "3-00038"
  },
  "personaInfo": {
    "clInfo": {
      "personaID": "40171",
      "personaFeatures": [
        "나는 남자이다.",
        "나는 40대이다.",
        "나는 대학을 졸업했다",
        "나는 가끔 국내 여행을 한다",
        "나는 TV 예능을 자주 본다"
      ],
      "speakerType": "speaker1"
    },
    "cpInfo": {
      "personaID": "21225",
      "personaFeatures": [
        "나는 남자이다.",
        "나는 20대이다.",
        "나는 와인을 싫어한다",
        "나는 농구부 동아리에 참여한다",
        "나는 오렌지를 안 먹는다"
      ],
      "speakerType": "speaker2"
    }
  },
  "topicInfo": {
    "topicID": "07-03",
    "topicType": "개인 및 관계>가족",
    "topicTitle": "아버지"
  },
  "sessionInfo": [
    {
      "prevSessionID": null,
      "prevTimeInfo": {
        "timeNum": null,
        "timeUnit": null
      },
      "nthSession": "1",
      "numberOfUtterances": "23",
      "numberOfTurns": "11",
      "sessionID": "3-00038-1",
      "dialog": [
        {
          "speaker": "speaker1",
          "personaID": "40171",
          "participantID": "3032",
          "utterance": "안녕하세요 저는 40대 남성입니다",
          "summary": "나는 40대 남자다",
          "date": "2022-09-28",
          "time": "09:05:26",
          "terminate": "false"
        },
        {
          "speaker": "speaker2",
          "personaID": "21225",
          "participantID": "3061",
          "utterance": "안녕하세요. 저는 20대 남성입니다. 반갑습니다!",
          "summary": "나는 20대 남성이다",
          "date": "2022-09-28",
          "time": "09:48:14",
          "terminate": "false"
        },
        {
          "speaker": "speaker1",
          "personaID": "40171",
          "participantID": "3032",
          "utterance": "전 오래전에 대학을 졸업했습니다. ",
          "summary": "나는 오래전에 대학을 졸업했다",
          "date": "2022-09-28",
          "time": "09:49:46",
          "terminate": "false"
        },
        {
          "speaker": "speaker2",
          "personaID": "21225",
          "participantID": "3061",
          "utterance": "저는 대학에서 심리학과를 전공했어요. 실례지만 전공이 어떻게 되시나요?",
          "summary": "나는 대학에서 심리학과를 전공했다",
          "date": "2022-09-28",
          "time": "09:50:57",
          "terminate": "false"
        },
        {
          "speaker": "speaker1",
          "personaID": "40171",
          "participantID": "3032",
          "utterance": "저는 공학쪽을 전공했습니다. 학교때는 공부만 했는데 요즘은 가끔 국내 여행도 다니고 한답니다",
          "summary": "나는 공학을 전공했고 요즘은 가끔 국내 여행을 다닌다",
          "date": "2022-09-28",
          "time": "10:08:07",
          "terminate": "false"
        },
        {
          "speaker": "speaker2",
          "personaID": "21225",
          "participantID": "3061",
          "utterance": "저도 여행 좋아해요. 최근에 어디 다녀오셨나요?",
          "summary": "나는 여행을 좋아한다",
          "date": "2022-09-28",
          "time": "10:20:14",
          "terminate": "false"
        },
        {
          "speaker": "speaker1",
          "personaID": "40171",
          "participantID": "3032",
          "utterance": "최근에는 제주도를 다녀왔습니다. TV예능을 자주 보는데 멋져 보여서 다녀왔습니다 ",
          "summary": "나는 최근에 제주도를 다녀왔다",
          "date": "2022-09-28",
          "time": "10:21:40",
          "terminate": "false"
        },
        {
          "speaker": "speaker2",
          "personaID": "21225",
          "participantID": "3061",
          "utterance": "제주도 진짜 좋죠! 부럽네요. TV 예능 자주 보시나 봐요. 취미가 뭐세요?",
          "summary": "",
          "date": "2022-09-28",
          "time": "10:24:12",
          "terminate": "false"
        },
        {
          "speaker": "speaker1",
          "personaID": "40171",
          "participantID": "3032",
          "utterance": "취미는 그냥 여행다니는 것입니다. 그래서 가끔 국내 여행을 다닌 부분이네요. 최근에 제주도 가보셨나요?",
          "summary": "나는 취미가 여행 다니는 것이다.",
          "date": "2022-09-28",
          "time": "10:30:26",
          "terminate": "false"
        },
        {
          "speaker": "speaker2",
          "personaID": "21225",
          "participantID": "3061",
          "utterance": "저는 작년에 부모님이랑 다녀왔어요. 제주도 말고 좋은 국내 관광지 추천해주세요!",
          "summary": "나는 작년에 부모님이랑 제주도를 다녀왔다",
          "date": "2022-09-28",
          "time": "10:33:48",
          "terminate": "false"
        },
        {
          "speaker": "speaker1",
          "personaID": "40171",
          "participantID": "3032",
          "utterance": "추천해드릴만한 곳은 부여, 공주 이쪽이 좋았습니다. 하루코스로 지금같은 가을에 좋았었습니다",
          "summary": "",
          "date": "2022-09-28",
          "time": "10:35:42",
          "terminate": "false"
        },
        {
          "speaker": "speaker2",
          "personaID": "21225",
          "participantID": "3061",
          "utterance": "두 곳 모두 가보지 못한 곳이네요. 다음 연휴 때 한번 가봐야겠어요! 좋은 정보 감사합니다^^",
          "summary": "나는 다음 연휴 때 여행을 가고 싶어 한다",
          "date": "2022-09-28",
          "time": "10:42:40",
          "terminate": "false"
        },
        {
          "speaker": "speaker1",
          "personaID": "40171",
          "participantID": "3032",
          "utterance": "네 꼭 기회가 된다면 한번 다녀와 보세요",
          "summary": "",
          "date": "2022-09-28",
          "time": "10:48:15",
          "terminate": "false"
        },
        {
          "speaker": "speaker2",
          "personaID": "21225",
          "participantID": "3061",
          "utterance": "네 그래야겠어요. 다음 여행지는 정하셨나요?",
          "summary": "",
          "date": "2022-09-28",
          "time": "10:49:55",
          "terminate": "false"
        },
        {
          "speaker": "speaker1",
          "personaID": "40171",
          "participantID": "3032",
          "utterance": "아직 정하진 않았습니다만 근교로 한번 더 가 볼 생각입니다",
          "summary": "",
          "date": "2022-09-28",
          "time": "10:51:46",
          "terminate": "false"
        },
        {
          "speaker": "speaker2",
          "personaID": "21225",
          "participantID": "3061",
          "utterance": "그러시군요. 저는 요즘 농구에 관심이 생겨서 농구부 동아리에 참여하고 있어요. 운동 하시는 거 있나요?",
          "summary": "나는 농구에 관심이 있어 농구부 동아리에 참여하고 있다",
          "date": "2022-09-28",
          "time": "10:57:24",
          "terminate": "false"
        },
        {
          "speaker": "speaker1",
          "personaID": "40171",
          "participantID": "3032",
          "utterance": "저는 구기종목보다는 자전거를 탑니다. 출퇴근을 자전거로 합니다",
          "summary": "나는 출퇴근을 자전거로 한다",
          "date": "2022-09-28",
          "time": "10:58:50",
          "terminate": "false"
        },
        {
          "speaker": "speaker2",
          "personaID": "21225",
          "participantID": "3061",
          "utterance": "자전거 힘드실텐데 체력이 좋으신가봐요! 저는 과일 좋아하는데 오렌지를 먹지 않아요. 좋아하는 과일 있으신가요?",
          "summary": "나는 과일을 좋아하지만 오렌지를 먹지 않는다",
          "date": "2022-09-28",
          "time": "11:01:10",
          "terminate": "false"
        },
        {
          "speaker": "speaker1",
          "personaID": "40171",
          "participantID": "3032",
          "utterance": "저도 오렌지, 귤을 좋아합니다",
          "summary": "나는 오렌지, 귤을 좋아한다",
          "date": "2022-09-28",
          "time": "11:03:42",
          "terminate": "false"
        },
        {
          "speaker": "speaker2",
          "personaID": "21225",
          "participantID": "3061",
          "utterance": "새콤달콤한 거 좋아하시나 봐요. 저는 술을 즐겨 마시는 편인데 와인은 싫어해요. 좋아하는 술 종류 있으신가요?",
          "summary": "나는 술을 좋아하지만 와인은 싫어한다",
          "date": "2022-09-28",
          "time": "11:19:13",
          "terminate": "false"
        },
        {
          "speaker": "speaker1",
          "personaID": "40171",
          "participantID": "3032",
          "utterance": "저는 막걸리를 좋아하는 편입니다",
          "summary": "나는 막걸리를 좋아한다",
          "date": "2022-09-28",
          "time": "11:25:41",
          "terminate": "false"
        },
        {
          "speaker": "speaker2",
          "personaID": "21225",
          "participantID": "3061",
          "utterance": "그러시군요. 이제 슬슬 잘 시간 같은데 다음에 이야기 할까요?",
          "summary": "나는 이제 자려고 한다",
          "date": "2022-09-28",
          "time": "11:40:55",
          "terminate": "false"
        },
        {
          "speaker": "speaker1",
          "personaID": "40171",
          "participantID": "3032",
          "utterance": "네 알겠습니다 다음에 다시 뵐께요",
          "summary": "",
          "date": "2022-09-28",
          "time": "11:43:19",
          "terminate": "true"
        }
      ],
      "sessionPersonaSummary": {
        "speaker1": [
          "나는 40대 남자다",
          "나는 오래전에 대학을 졸업했다",
          "나는 공학을 전공했고 요즘은 가끔 국내 여행을 다닌다",
          "나는 최근에 제주도를 다녀왔다",
          "나는 취미가 여행 다니는 것이다.",
          "나는 출퇴근을 자전거로 한다",
          "나는 오렌지, 귤을 좋아한다",
          "나는 막걸리를 좋아한다"
        ],
        "speaker2": [
          "나는 20대 남성이다",
          "나는 대학에서 심리학과를 전공했다",
          "나는 여행을 좋아한다",
          "나는 작년에 부모님이랑 제주도를 다녀왔다",
          "나는 다음 연휴 때 여행을 가고 싶어 한다",
          "나는 농구에 관심이 있어 농구부 동아리에 참여하고 있다",
          "나는 과일을 좋아하지만 오렌지를 먹지 않는다",
          "나는 술을 좋아하지만 와인은 싫어한다",
          "나는 이제 자려고 한다"
        ]
      },
      "prevAggregatedpersonaSummary": {
        "speaker1": [],
        "speaker2": []
      }
    },
    {
      "prevSessionID": "3-00038-1",
      "prevTimeInfo": {
        "timeNum": "7",
        "timeUnit": "일"
      },
      "nthSession": "2",
      "numberOfUtterances": "17",
      "numberOfTurns": "8",
      "sessionID": "3-00038-2",
      "dialog": [
        {
          "speaker": "speaker1",
          "personaID": "40171",
          "participantID": "3032",
          "utterance": "안녕하세요 일주일만에 다시 뵙네요",
          "summary": "",
          "date": "2022-09-28",
          "time": "11:50:59",
          "terminate": "false"
        },
        {
          "speaker": "speaker2",
          "personaID": "21225",
          "participantID": "3061",
          "utterance": "안녕하세요. 일주일 동안 잘 지내셨나요?",
          "summary": "",
          "date": "2022-09-28",
          "time": "11:52:12",
          "terminate": "false"
        },
        {
          "speaker": "speaker1",
          "personaID": "40171",
          "participantID": "3032",
          "utterance": "네 잘지냈습니다 지난주에 아버지 뵈러 고향에 다녀왔네요",
          "summary": "",
          "date": "2022-09-28",
          "time": "11:53:14",
          "terminate": "false"
        },
        {
          "speaker": "speaker2",
          "personaID": "21225",
          "participantID": "3061",
          "utterance": "아버지 고향이 어디세요? 저는 가족과 함께 원주에 살고 있어요.",
          "summary": "나는 가족과 함께 원주에 살고 있다",
          "date": "2022-09-28",
          "time": "11:56:00",
          "terminate": "false"
        },
        {
          "speaker": "speaker1",
          "personaID": "40171",
          "participantID": "3032",
          "utterance": "아버지는 부산에 계세요 그래서 기차를 타고 다녀왔네요 ",
          "summary": "",
          "date": "2022-09-28",
          "time": "11:57:02",
          "terminate": "false"
        },
        {
          "speaker": "speaker2",
          "personaID": "21225",
          "participantID": "3061",
          "utterance": "부산 다녀오셨군요. 아버지는 건강하신가요?",
          "summary": "",
          "date": "2022-09-28",
          "time": "11:58:48",
          "terminate": "false"
        },
        {
          "speaker": "speaker1",
          "personaID": "40171",
          "participantID": "3032",
          "utterance": "네 건강하십니다. 그래도 연세가 있으시니 자주 찾아뵈려해요",
          "summary": "",
          "date": "2022-09-28",
          "time": "11:59:28",
          "terminate": "false"
        },
        {
          "speaker": "speaker2",
          "personaID": "21225",
          "participantID": "3061",
          "utterance": "다행이네요. 가족 간에 사이가 좋으신가요? 저는 가족과 이야기를 많이 나눠요.",
          "summary": "나는 가족과 이야기를 많이 나눈다",
          "date": "2022-09-28",
          "time": "12:02:51",
          "terminate": "false"
        },
        {
          "speaker": "speaker1",
          "personaID": "40171",
          "participantID": "3032",
          "utterance": "좋은 모습이시군요 전 가족들과 이야기를 잘하지 않아요 매번 후회하면서도 잘 안바뀌네요",
          "summary": "나는 가족들과 이야기를 잘하지 않는다",
          "date": "2022-09-28",
          "time": "12:03:42",
          "terminate": "false"
        },
        {
          "speaker": "speaker2",
          "personaID": "21225",
          "participantID": "3061",
          "utterance": "마음만큼 잘 안되는 부분이 있는 거 같아요. 아버지와 좋은 추억 있으신가요?",
          "summary": "나는 가족과 마음만큼 잘 안 되는 부분이 있다",
          "date": "2022-09-28",
          "time": "12:08:12",
          "terminate": "false"
        },
        {
          "speaker": "speaker1",
          "personaID": "40171",
          "participantID": "3032",
          "utterance": "아버지가 어릴적에는  뭐든 원하는 것을 다 만들어주곤 하셨어요 그게 좋았죠",
          "summary": "나의 아버지는 원하는걸 다 만들어주곤 했다.",
          "date": "2022-09-28",
          "time": "12:10:39",
          "terminate": "false"
        },
        {
          "speaker": "speaker2",
          "personaID": "21225",
          "participantID": "3061",
          "utterance": "아버지 사랑 많이 받고 자라셨나 봐요. 저는 아버지랑 주말마다 자전거 탔던 게 기억에 남아요.",
          "summary": "나는 아버지랑 주말에 자전거 탔던 게 기억에 남는다",
          "date": "2022-09-28",
          "time": "12:33:30",
          "terminate": "false"
        },
        {
          "speaker": "speaker1",
          "personaID": "40171",
          "participantID": "3032",
          "utterance": "아버지와의 추억이 좋은거 같아요",
          "summary": "",
          "date": "2022-09-28",
          "time": "12:39:22",
          "terminate": "false"
        },
        {
          "speaker": "speaker2",
          "personaID": "21225",
          "participantID": "3061",
          "utterance": "맞아요. 이번 연말에는 가족 여행 한 번 계획해 봐야겠어요.",
          "summary": "나는 이번 연말에 가족여행을 하고 싶다",
          "date": "2022-09-28",
          "time": "12:43:50",
          "terminate": "false"
        },
        {
          "speaker": "speaker1",
          "personaID": "40171",
          "participantID": "3032",
          "utterance": "좋은 생각 같아요 저도 그렇게 해야겠네요",
          "summary": "",
          "date": "2022-09-28",
          "time": "12:44:33",
          "terminate": "false"
        },
        {
          "speaker": "speaker2",
          "personaID": "21225",
          "participantID": "3061",
          "utterance": "저는 이제 일 하러 가봐야겠어요. 다음에 대화 할까요?",
          "summary": "나는 이제 일하러 갈 것이다",
          "date": "2022-09-28",
          "time": "12:46:18",
          "terminate": "false"
        },
        {
          "speaker": "speaker1",
          "personaID": "40171",
          "participantID": "3032",
          "utterance": "네 다음에 뵙겠습니다 안녕히계셔요",
          "summary": "",
          "date": "2022-09-28",
          "time": "13:02:58",
          "terminate": "true"
        }
      ],
      "sessionPersonaSummary": {
        "speaker1": [
          "나는 가족들과 이야기를 잘하지 않는다",
          "나의 아버지는 원하는걸 다 만들어주곤 했다."
        ],
        "speaker2": [
          "나는 가족과 함께 원주에 살고 있다",
          "나는 가족과 이야기를 많이 나눈다",
          "나는 가족과 마음만큼 잘 안 되는 부분이 있다",
          "나는 아버지랑 주말에 자전거 탔던 게 기억에 남는다",
          "나는 이번 연말에 가족여행을 하고 싶다",
          "나는 이제 일하러 갈 것이다"
        ]
      },
      "prevAggregatedpersonaSummary": {
        "speaker1": [
          "나는 40대 남자다",
          "나는 오래전에 대학을 졸업했다",
          "나는 공학을 전공했고 요즘은 가끔 국내 여행을 다닌다",
          "나는 최근에 제주도를 다녀왔다",
          "나는 취미가 여행 다니는 것이다.",
          "나는 출퇴근을 자전거로 한다",
          "나는 오렌지, 귤을 좋아한다",
          "나는 막걸리를 좋아한다"
        ],
        "speaker2": [
          "나는 20대 남성이다",
          "나는 대학에서 심리학과를 전공했다",
          "나는 여행을 좋아한다",
          "나는 작년에 부모님이랑 제주도를 다녀왔다",
          "나는 다음 연휴 때 여행을 가고 싶어 한다",
          "나는 농구에 관심이 있어 농구부 동아리에 참여하고 있다",
          "나는 과일을 좋아하지만 오렌지를 먹지 않는다",
          "나는 술을 좋아하지만 와인은 싫어한다",
          "나는 이제 자려고 한다"
        ]
      }
    },
    {
      "prevSessionID": "3-00038-2",
      "prevTimeInfo": {
        "timeNum": "9",
        "timeUnit": "일"
      },
      "nthSession": "3",
      "numberOfUtterances": "19",
      "numberOfTurns": "9",
      "sessionID": "3-00038-3",
      "dialog": [
        {
          "speaker": "speaker1",
          "personaID": "40171",
          "participantID": "3032",
          "utterance": "안녕하세요 9일만에 다시 뵙네요",
          "summary": "",
          "date": "2022-09-28",
          "time": "13:37:37",
          "terminate": "false"
        },
        {
          "speaker": "speaker2",
          "personaID": "21225",
          "participantID": "3061",
          "utterance": "안녕하세요. 시간 참 빠른 거 같아요. 잘 지내셨나요?",
          "summary": "",
          "date": "2022-09-28",
          "time": "13:41:21",
          "terminate": "false"
        },
        {
          "speaker": "speaker1",
          "personaID": "40171",
          "participantID": "3032",
          "utterance": "네 지난 시간동안 저희 애들에게 아버지로서 해주고 싶었던것들을 해준거 같아요",
          "summary": "",
          "date": "2022-09-28",
          "time": "13:47:10",
          "terminate": "false"
        },
        {
          "speaker": "speaker2",
          "personaID": "21225",
          "participantID": "3061",
          "utterance": "아이가 있으신가 보네요. 어떤 일들을 해주신거에요?",
          "summary": "",
          "date": "2022-09-28",
          "time": "13:55:32",
          "terminate": "false"
        },
        {
          "speaker": "speaker1",
          "personaID": "40171",
          "participantID": "3032",
          "utterance": "저도 아이들과 자전거를 주말에 타봤습니다 ",
          "summary": "나는 주말에 아이들과 자전거를 탔다",
          "date": "2022-09-28",
          "time": "13:56:58",
          "terminate": "false"
        },
        {
          "speaker": "speaker2",
          "personaID": "21225",
          "participantID": "3061",
          "utterance": "아이들이 좋아했겠네요. 저도 어렸을 때 아버지가 자전거 타는 법 알려주셨어요.",
          "summary": "나는 어렸을 때 아버지가 자전거 타는 법을 알려줬다",
          "date": "2022-09-28",
          "time": "13:58:13",
          "terminate": "false"
        },
        {
          "speaker": "speaker1",
          "personaID": "40171",
          "participantID": "3032",
          "utterance": "자전거 타는법 쉽게 배우셨나요? 저는 어릴적에 어렵게 배웠던 기억이 있네요",
          "summary": "나는 어릴 적에 자전거를 어렵게 배웠다",
          "date": "2022-09-28",
          "time": "14:02:13",
          "terminate": "false"
        },
        {
          "speaker": "speaker2",
          "personaID": "21225",
          "participantID": "3061",
          "utterance": "저도 어렵게 배웠던 기억이 있어요. 그래도 지금은 출퇴근을 자전거로 하시니까 잘 타시겠어요!",
          "summary": "나도 자전거를 어렵게 배웠던 기억이 있다",
          "date": "2022-09-28",
          "time": "14:03:21",
          "terminate": "false"
        },
        {
          "speaker": "speaker1",
          "personaID": "40171",
          "participantID": "3032",
          "utterance": "네 요즘은  잘타고 다닙니다 저희 아버지도 자전거로 출퇴근을 하셨어요 지금 똑같이 하고 있네요",
          "summary": "",
          "date": "2022-09-28",
          "time": "14:06:48",
          "terminate": "false"
        },
        {
          "speaker": "speaker2",
          "personaID": "21225",
          "participantID": "3061",
          "utterance": "아버님 대단하시네요. 저희 아버지는 등산을 좋아하세요.",
          "summary": "나의 아버지는 등산을 좋아한다",
          "date": "2022-09-28",
          "time": "14:09:25",
          "terminate": "false"
        },
        {
          "speaker": "speaker1",
          "personaID": "40171",
          "participantID": "3032",
          "utterance": "아버지와 같이 등산 다니시나요?",
          "summary": "",
          "date": "2022-09-28",
          "time": "14:10:06",
          "terminate": "false"
        },
        {
          "speaker": "speaker2",
          "personaID": "21225",
          "participantID": "3061",
          "utterance": "한 달에 한번 정도 같이 다니고 있어요. 지난주에는 속리산 다녀왔네요.",
          "summary": "나는 지난주에 속리산을 다녀왔다",
          "date": "2022-09-28",
          "time": "14:11:25",
          "terminate": "false"
        },
        {
          "speaker": "speaker1",
          "personaID": "40171",
          "participantID": "3032",
          "utterance": "멋진 모습이네요 속리산은 가본적이 없는거 같아요",
          "summary": "나는 속리산에 가본 적이 없다",
          "date": "2022-09-28",
          "time": "14:12:17",
          "terminate": "false"
        },
        {
          "speaker": "speaker2",
          "personaID": "21225",
          "participantID": "3061",
          "utterance": "속리산 단풍 시즌에 가면 정말 좋아요! 최근에 가신 산이 있나요?",
          "summary": "나는 속리산 단풍시즌에 가니 좋았다",
          "date": "2022-09-28",
          "time": "14:13:33",
          "terminate": "false"
        },
        {
          "speaker": "speaker1",
          "personaID": "40171",
          "participantID": "3032",
          "utterance": "그냥 집 뒷산 정도만 가봤습니다  높은산을 가본 기억은 없네요",
          "summary": "나는 높은 산에 가본 기억이 없다",
          "date": "2022-09-28",
          "time": "14:15:01",
          "terminate": "false"
        },
        {
          "speaker": "speaker2",
          "personaID": "21225",
          "participantID": "3061",
          "utterance": "자전거 잘 타시니까 높은 산도 문제 없으실 거 같아요!",
          "summary": "",
          "date": "2022-09-28",
          "time": "14:17:49",
          "terminate": "false"
        },
        {
          "speaker": "speaker1",
          "personaID": "40171",
          "participantID": "3032",
          "utterance": "네 조언 감사드려요 언제한번 속리산 가볼께요",
          "summary": "",
          "date": "2022-09-28",
          "time": "14:18:57",
          "terminate": "false"
        },
        {
          "speaker": "speaker2",
          "personaID": "21225",
          "participantID": "3061",
          "utterance": "네 다음에 꼭 한 번 가보세요! 저는 이제 일하러 가봐야겠어요.",
          "summary": "나는 이제 일하러 갈 것이다",
          "date": "2022-09-28",
          "time": "14:21:22",
          "terminate": "false"
        },
        {
          "speaker": "speaker1",
          "personaID": "40171",
          "participantID": "3032",
          "utterance": "네 다음에 또 뵈어요 고생하셨어요 ",
          "summary": "",
          "date": "2022-09-28",
          "time": "14:23:18",
          "terminate": "true"
        }
      ],
      "sessionPersonaSummary": {
        "speaker1": [
          "나는 주말에 아이들과 자전거를 탔다",
          "나는 어릴 적에 자전거를 어렵게 배웠다",
          "나는 속리산에 가본 적이 없다",
          "나는 높은 산에 가본 기억이 없다"
        ],
        "speaker2": [
          "나는 어렸을 때 아버지가 자전거 타는 법을 알려줬다",
          "나도 자전거를 어렵게 배웠던 기억이 있다",
          "나의 아버지는 등산을 좋아한다",
          "나는 지난주에 속리산을 다녀왔다",
          "나는 속리산 단풍시즌에 가니 좋았다",
          "나는 이제 일하러 갈 것이다"
        ]
      },
      "prevAggregatedpersonaSummary": {
        "speaker1": [
          "나는 40대 남자다",
          "나는 오래전에 대학을 졸업했다",
          "나는 공학을 전공했고 요즘은 가끔 국내 여행을 다닌다",
          "나는 최근에 제주도를 다녀왔다",
          "나는 취미가 여행 다니는 것이다.",
          "나는 출퇴근을 자전거로 한다",
          "나는 오렌지, 귤을 좋아한다",
          "나는 막걸리를 좋아한다",
          "나는 가족들과 이야기를 잘하지 않는다",
          "나의 아버지는 원하는걸 다 만들어주곤 했다."
        ],
        "speaker2": [
          "나는 20대 남성이다",
          "나는 대학에서 심리학과를 전공했다",
          "나는 여행을 좋아한다",
          "나는 작년에 부모님이랑 제주도를 다녀왔다",
          "나는 다음 연휴 때 여행을 가고 싶어 한다",
          "나는 농구에 관심이 있어 농구부 동아리에 참여하고 있다",
          "나는 과일을 좋아하지만 오렌지를 먹지 않는다",
          "나는 술을 좋아하지만 와인은 싫어한다",
          "나는 이제 자려고 한다",
          "나는 가족과 함께 원주에 살고 있다",
          "나는 가족과 이야기를 많이 나눈다",
          "나는 가족과 마음만큼 잘 안 되는 부분이 있다",
          "나는 아버지랑 주말에 자전거 탔던 게 기억에 남는다",
          "나는 이번 연말에 가족여행을 하고 싶다",
          "나는 이제 일하러 갈 것이다"
        ]
      }
    }
  ]
}