{
  "FileInfo": {
    "filename": "K3-00501-CL20380-CP10810-14-12-S3.json",
    "sessionLevel": "3"
  },
  "participantsInfo": {
    "numberOfParticipants": "2",
    "speaker1": {
      "participantID": "3494",
      "gender": "남성",
      "age": "10대",
      "occupation": "학생",
      "bPlace": "부산/대구/울산/경상",
      "gPlace": "부산/대구/울산/경상",
      "rPlace": "부산/대구/울산/경상",
      "educationLevel": "중졸"
    },
    "speaker2": {
      "participantID": "3485",
      "gender": "남성",
      "age": "10대",
      "occupation": "학생",
      "bPlace": "부산/대구/울산/경상",
      "gPlace": "부산/대구/울산/경상",
      "rPlace": "부산/대구/울산/경상",
      "educationLevel": "대졸"
    }
  },
  "multisessionInfo": {
    "multisessionID": "3-00501"
  },
  "personaInfo": {
    "clInfo": {
      "personaID": "20380",
      "personaFeatures": [
        "나는 남자이다.",
        "나는 20대이다.",
        "나의 남자 형제는 선생님이다",
        "나는 산업공학과가 부전공이다",
        "나는 일식을 안 먹는다"
      ],
      "speakerType": "speaker1"
    },
    "cpInfo": {
      "personaID": "10810",
      "personaFeatures": [
        "나는 남자이다.",
        "나는 10대이다.",
        "우리 가족은 애틋하지 않다",
        "내가 좋아하는 과목은 사회이다",
        "나는 서늘한 날씨를 좋아한다"
      ],
      "speakerType": "speaker2"
    }
  },
  "topicInfo": {
    "topicID": "14-12",
    "topicType": "시사/사회>사회이슈(국내)",
    "topicTitle": "코인"
  },
  "sessionInfo": [
    {
      "prevSessionID": null,
      "prevTimeInfo": {
        "timeNum": null,
        "timeUnit": null
      },
      "nthSession": "1",
      "numberOfUtterances": "14",
      "numberOfTurns": "7",
      "sessionID": "3-00501-1",
      "dialog": [
        {
          "speaker": "speaker1",
          "personaID": "20380",
          "participantID": "3494",
          "utterance": "안녕하세요. 저는 20대 남성입니다",
          "summary": "나는 20대 남성이다",
          "date": "2022-10-14",
          "time": "11:50:09",
          "terminate": "false"
        },
        {
          "speaker": "speaker2",
          "personaID": "10810",
          "participantID": "3485",
          "utterance": "안녕하세요 저는 10대 남성입니다",
          "summary": "나는 10대 남성이다",
          "date": "2022-10-14",
          "time": "11:50:57",
          "terminate": "false"
        },
        {
          "speaker": "speaker1",
          "personaID": "20380",
          "participantID": "3494",
          "utterance": "반가워요 혹시 진학하고 싶은 과 있으신가요? 제가 부전공으로 산업공학과를 이수 중인데 재밌어서 추천 드리고 싶네요",
          "summary": "나는 산업공학과를 부전공으로 이수중이다",
          "date": "2022-10-14",
          "time": "12:04:45",
          "terminate": "false"
        },
        {
          "speaker": "speaker2",
          "personaID": "10810",
          "participantID": "3485",
          "utterance": "저는 사회를 좋아해서 문과로 갈 것 같아요 경영학을 배우고 싶네요~",
          "summary": "나는 사회를 좋아하며 경영학을 배우고 싶다",
          "date": "2022-10-14",
          "time": "12:06:12",
          "terminate": "false"
        },
        {
          "speaker": "speaker1",
          "personaID": "20380",
          "participantID": "3494",
          "utterance": "경영학 좋죠 제 친형이 선생님인데 마침 경영학을 가리 경영학 좋죠 제 친형이 선생님인데 마침 경영학을 가르치십니다",
          "summary": " 나의 친형은 선생님이다. 나의 친형은 경영학을 가르친다.",
          "date": "2022-10-14",
          "time": "12:07:12",
          "terminate": "false"
        },
        {
          "speaker": "speaker2",
          "personaID": "10810",
          "participantID": "3485",
          "utterance": "오~멋있으시네요 요즘 날씨가 서늘한데 저는 이런 서늘한 날씨가 좋은 것 같아요",
          "summary": "나는 서늘한 날씨가 좋다",
          "date": "2022-10-14",
          "time": "13:42:13",
          "terminate": "false"
        },
        {
          "speaker": "speaker1",
          "personaID": "20380",
          "participantID": "3494",
          "utterance": "서늘한 날씨가 최고죠 이런 날씨에 산책하면 참 좋을 텐데요",
          "summary": "나는 서늘한 날씨에 산책을 좋아한다",
          "date": "2022-10-14",
          "time": "13:51:53",
          "terminate": "false"
        },
        {
          "speaker": "speaker2",
          "personaID": "10810",
          "participantID": "3485",
          "utterance": "이전엔 가족이랑 산책을 자주 갔는데 우리 가족이 애틋하지 않아서 요즘엔 잘 안 가요",
          "summary": "나는 가족이 애틋하지 않아서 산책을 별로 가지 않는다",
          "date": "2022-10-14",
          "time": "19:57:49",
          "terminate": "false"
        },
        {
          "speaker": "speaker1",
          "personaID": "20380",
          "participantID": "3494",
          "utterance": "안타깝네요 싫어하는 음식은 있으신가요? 저는 일식을 안 먹어요",
          "summary": "나는 일식은 안 먹는다",
          "date": "2022-10-14",
          "time": "21:21:57",
          "terminate": "false"
        },
        {
          "speaker": "speaker2",
          "personaID": "10810",
          "participantID": "3485",
          "utterance": "저는 일식 좋아하고 중식을 싫어해요",
          "summary": "나는 일식을 좋아하고 중식을 싫어한다",
          "date": "2022-10-15",
          "time": "12:43:26",
          "terminate": "false"
        },
        {
          "speaker": "speaker1",
          "personaID": "20380",
          "participantID": "3494",
          "utterance": "중식을 싫어하다니 아쉽네요 저는 중식을 가장 좋아하거든요",
          "summary": "나는 중식을 가장 좋아한다",
          "date": "2022-10-15",
          "time": "14:54:03",
          "terminate": "false"
        },
        {
          "speaker": "speaker2",
          "personaID": "10810",
          "participantID": "3485",
          "utterance": "중식은 그래도 짬뽕은 좋아하는 편이에요",
          "summary": "나는 짬뽕은 좋아한다",
          "date": "2022-10-15",
          "time": "17:25:20",
          "terminate": "false"
        },
        {
          "speaker": "speaker1",
          "personaID": "20380",
          "participantID": "3494",
          "utterance": "저도 중식 중에 짬뽕을 가장 좋아합니다",
          "summary": "나는 짬뽕을 가장 좋아한다",
          "date": "2022-10-15",
          "time": "18:01:27",
          "terminate": "false"
        },
        {
          "speaker": "speaker2",
          "personaID": "10810",
          "participantID": "3485",
          "utterance": "좋네요 저는 이만 일이 있어서 가볼게요!",
          "summary": "나는 일이 있어서 간다",
          "date": "2022-10-15",
          "time": "21:27:22",
          "terminate": "true"
        }
      ],
      "sessionPersonaSummary": {
        "speaker1": [
          "나는 20대 남성이다",
          "나는 산업공학과를 부전공으로 이수중이다",
          "나의 친형은 선생님이다. 나의 친형은 경영학을 가르친다.",
          "나는 서늘한 날씨에 산책을 좋아한다",
          "나는 일식은 안 먹는다",
          "나는 중식을 가장 좋아한다",
          "나는 짬뽕을 가장 좋아한다"
        ],
        "speaker2": [
          "나는 10대 남성이다",
          "나는 사회를 좋아하며 경영학을 배우고 싶다",
          "나는 서늘한 날씨가 좋다",
          "나는 가족이 애틋하지 않아서 산책을 별로 가지 않는다",
          "나는 일식을 좋아하고 중식을 싫어한다",
          "나는 짬뽕은 좋아한다",
          "나는 일이 있어서 간다"
        ]
      },
      "prevAggregatedpersonaSummary": {
        "speaker1": [],
        "speaker2": []
      }
    },
    {
      "prevSessionID": "3-00501-1",
      "prevTimeInfo": {
        "timeNum": "29",
        "timeUnit": "시간"
      },
      "nthSession": "2",
      "numberOfUtterances": "14",
      "numberOfTurns": "7",
      "sessionID": "3-00501-2",
      "dialog": [
        {
          "speaker": "speaker1",
          "personaID": "20380",
          "participantID": "3494",
          "utterance": "반가워요 벌써 29시간이 지났네요 뭐 하고 지내셨어요? 저번에 급한 일은 다 해결 되셨고요?",
          "summary": "나는 반갑다",
          "date": "2022-10-15",
          "time": "21:39:21",
          "terminate": "false"
        },
        {
          "speaker": "speaker2",
          "personaID": "10810",
          "participantID": "3485",
          "utterance": "저는 @브랜드명@에 투자하면서 지냈어요. 저번에 제가 대화 끝낸 것도 그것 때문이네요.",
          "summary": "나는 @브랜드명@에 투자하면서 지냈다. 내가 29시간 전에 대화를 마무리한 것은 코인 때문이다.",
          "date": "2022-10-16",
          "time": "01:00:52",
          "terminate": "false"
        },
        {
          "speaker": "speaker1",
          "personaID": "20380",
          "participantID": "3494",
          "utterance": "헉 @브랜드명@ 저도 요즘 코인을 즐겨 합니다",
          "summary": "나는 요즘 코인을 즐겨한다",
          "date": "2022-10-16",
          "time": "01:02:48",
          "terminate": "false"
        },
        {
          "speaker": "speaker2",
          "personaID": "10810",
          "participantID": "3485",
          "utterance": "롱으로 가시나요 숏으로 가시나요",
          "summary": "",
          "date": "2022-10-16",
          "time": "01:11:43",
          "terminate": "false"
        },
        {
          "speaker": "speaker1",
          "personaID": "20380",
          "participantID": "3494",
          "utterance": "저는 주로 롱으로 칩니다 하하",
          "summary": "나는 롱으로 친다",
          "date": "2022-10-16",
          "time": "02:28:40",
          "terminate": "false"
        },
        {
          "speaker": "speaker2",
          "personaID": "10810",
          "participantID": "3485",
          "utterance": "롱 좋죠 제가 아는 지인 분은 8억 잃으셨더라구요",
          "summary": "나는 아는 지인이 8억을 잃었다",
          "date": "2022-10-16",
          "time": "03:12:47",
          "terminate": "false"
        },
        {
          "speaker": "speaker1",
          "personaID": "20380",
          "participantID": "3494",
          "utterance": "헉 제 지인도 그렇더라구요.. 코인에 중독되면 위험해요",
          "summary": "나는 코인에 중독되면 위험하다고 생각한다",
          "date": "2022-10-16",
          "time": "13:31:23",
          "terminate": "false"
        },
        {
          "speaker": "speaker2",
          "personaID": "10810",
          "participantID": "3485",
          "utterance": "딱 적당히 삶에 피해를 주지 않을 정도로 하는게 좋은 것 같아요",
          "summary": "나는 코인은 적당히 삶에 피해를 주지 않을 정도로 하는 게 좋은 것 같다고 생각한다",
          "date": "2022-10-16",
          "time": "16:43:28",
          "terminate": "false"
        },
        {
          "speaker": "speaker1",
          "personaID": "20380",
          "participantID": "3494",
          "utterance": "그러게요 근데 한 번 큰 돈을 맛보면 끊기 힘들더라구요",
          "summary": "나는 한번 돈 맛을 보니 코인을 끊기 힘들다",
          "date": "2022-10-16",
          "time": "16:52:18",
          "terminate": "false"
        },
        {
          "speaker": "speaker2",
          "personaID": "10810",
          "participantID": "3485",
          "utterance": "얼마까지 벌어보셨어요? 저는 천만원이 최대네요",
          "summary": "나는 최대 천만 원까지 벌어봤다",
          "date": "2022-10-16",
          "time": "16:57:59",
          "terminate": "false"
        },
        {
          "speaker": "speaker1",
          "personaID": "20380",
          "participantID": "3494",
          "utterance": "저는 4천만원 벌었지만 다 날렸어요",
          "summary": "나는 4천만 원을 벌고 다 날렸다",
          "date": "2022-10-17",
          "time": "01:20:54",
          "terminate": "false"
        },
        {
          "speaker": "speaker2",
          "personaID": "10810",
          "participantID": "3485",
          "utterance": "다 날린 후에 혹시 눈물을 흘리셨나요?",
          "summary": "",
          "date": "2022-10-17",
          "time": "02:16:00",
          "terminate": "false"
        },
        {
          "speaker": "speaker1",
          "personaID": "20380",
          "participantID": "3494",
          "utterance": "참았지만 눈물이 주륵 흐르더라구요",
          "summary": "나는 눈물을 흘렸다",
          "date": "2022-10-17",
          "time": "08:38:22",
          "terminate": "false"
        },
        {
          "speaker": "speaker2",
          "personaID": "10810",
          "participantID": "3485",
          "utterance": "소식만 들어도 슬프네요 저는 이만 코인 땡기러 가볼게요",
          "summary": "나는 이만 코 인하러 간다",
          "date": "2022-10-17",
          "time": "14:48:47",
          "terminate": "true"
        }
      ],
      "sessionPersonaSummary": {
        "speaker1": [
          "나는 반갑다",
          "나는 요즘 코인을 즐겨한다",
          "나는 롱으로 친다",
          "나는 코인에 중독되면 위험하다고 생각한다",
          "나는 한번 돈 맛을 보니 코인을 끊기 힘들다",
          "나는 4천만 원을 벌고 다 날렸다",
          "나는 눈물을 흘렸다"
        ],
        "speaker2": [
          "나는 @브랜드명@에 투자하면서 지냈다. 내가 29시간 전에 대화를 마무리한 것은 코인 때문이다.",
          "나는 아는 지인이 8억을 잃었다",
          "나는 코인은 적당히 삶에 피해를 주지 않을 정도로 하는 게 좋은 것 같다고 생각한다",
          "나는 최대 천만 원까지 벌어봤다",
          "나는 이만 코 인하러 간다"
        ]
      },
      "prevAggregatedpersonaSummary": {
        "speaker1": [
          "나는 20대 남성이다",
          "나는 산업공학과를 부전공으로 이수중이다",
          "나의 친형은 선생님이다. 나의 친형은 경영학을 가르친다.",
          "나는 서늘한 날씨에 산책을 좋아한다",
          "나는 일식은 안 먹는다",
          "나는 중식을 가장 좋아한다",
          "나는 짬뽕을 가장 좋아한다"
        ],
        "speaker2": [
          "나는 10대 남성이다",
          "나는 사회를 좋아하며 경영학을 배우고 싶다",
          "나는 서늘한 날씨가 좋다",
          "나는 가족이 애틋하지 않아서 산책을 별로 가지 않는다",
          "나는 일식을 좋아하고 중식을 싫어한다",
          "나는 짬뽕은 좋아한다",
          "나는 일이 있어서 간다"
        ]
      }
    },
    {
      "prevSessionID": "3-00501-2",
      "prevTimeInfo": {
        "timeNum": "5",
        "timeUnit": "주"
      },
      "nthSession": "3",
      "numberOfUtterances": "14",
      "numberOfTurns": "7",
      "sessionID": "3-00501-3",
      "dialog": [
        {
          "speaker": "speaker1",
          "personaID": "20380",
          "participantID": "3494",
          "utterance": "반가워요 그새 5주가 지났네요",
          "summary": "나는 반갑다",
          "date": "2022-10-18",
          "time": "13:42:56",
          "terminate": "false"
        },
        {
          "speaker": "speaker2",
          "personaID": "10810",
          "participantID": "3485",
          "utterance": "오랜만이에요 그동안 무엇을 하고 지내셨어요. 저는 저번주에 코인 그만뒀는데. 님은 어떠세요?",
          "summary": "나는 저번 주에 코인을 그만두었다.",
          "date": "2022-10-18",
          "time": "17:11:39",
          "terminate": "false"
        },
        {
          "speaker": "speaker1",
          "personaID": "20380",
          "participantID": "3494",
          "utterance": "저는 아직도 코인에 빠져 있습니다",
          "summary": "나는 코인에 빠져있다",
          "date": "2022-10-18",
          "time": "23:21:27",
          "terminate": "false"
        },
        {
          "speaker": "speaker2",
          "personaID": "10810",
          "participantID": "3485",
          "utterance": "이제 코인에서 빠져 나오셔야 할텐데요…",
          "summary": "",
          "date": "2022-10-19",
          "time": "08:38:13",
          "terminate": "false"
        },
        {
          "speaker": "speaker1",
          "personaID": "20380",
          "participantID": "3494",
          "utterance": "@j@님은 요즘 코인 안 하시나요?",
          "summary": "ㅡ",
          "date": "2022-10-19",
          "time": "08:41:45",
          "terminate": "false"
        },
        {
          "speaker": "speaker2",
          "personaID": "10810",
          "participantID": "3485",
          "utterance": "네 저는 많이 잃었어서 요즘은 끊고 있어요",
          "summary": "나는 코인을 끊고 있다",
          "date": "2022-10-19",
          "time": "08:50:31",
          "terminate": "false"
        },
        {
          "speaker": "speaker1",
          "personaID": "20380",
          "participantID": "3494",
          "utterance": "안타깝네요 저도 얼른 끊어야 할텐데요",
          "summary": "나는 안타깝다",
          "date": "2022-10-19",
          "time": "14:47:29",
          "terminate": "false"
        },
        {
          "speaker": "speaker2",
          "personaID": "10810",
          "participantID": "3485",
          "utterance": "코인 말고 다른 것을 하신 적 있으신가요?",
          "summary": "",
          "date": "2022-10-19",
          "time": "17:23:42",
          "terminate": "false"
        },
        {
          "speaker": "speaker1",
          "personaID": "20380",
          "participantID": "3494",
          "utterance": "저는 주식도 해봤는데 코인이 더 재밌더라구요",
          "summary": "나는 주식도 해봤다",
          "date": "2022-10-19",
          "time": "23:41:13",
          "terminate": "false"
        },
        {
          "speaker": "speaker2",
          "personaID": "10810",
          "participantID": "3485",
          "utterance": "코인이 수익을 단기간에 빨리 벌 수 있어서 좋은 것 같아요",
          "summary": "나는 코인이 좋은 거 같다",
          "date": "2022-10-19",
          "time": "23:58:06",
          "terminate": "false"
        },
        {
          "speaker": "speaker1",
          "personaID": "20380",
          "participantID": "3494",
          "utterance": "그만큼 단기간에 많은 돈을 잃을 수도 있다죠",
          "summary": "나는 단기간에 많은 돈을 잃을 수 있다고 생각한다",
          "date": "2022-10-21",
          "time": "00:59:55",
          "terminate": "false"
        },
        {
          "speaker": "speaker2",
          "personaID": "10810",
          "participantID": "3485",
          "utterance": "코인은 조심해서 할 필요가 있는 것 같아요",
          "summary": "나는 코인을 조심해야 된다고 생각한다",
          "date": "2022-10-21",
          "time": "08:40:30",
          "terminate": "false"
        },
        {
          "speaker": "speaker1",
          "personaID": "20380",
          "participantID": "3494",
          "utterance": "맞아요@ j@님도 조심히 하시길 빕니다",
          "summary": "나는 조심히 하시길 빈다",
          "date": "2022-10-21",
          "time": "23:20:52",
          "terminate": "false"
        },
        {
          "speaker": "speaker2",
          "personaID": "10810",
          "participantID": "3485",
          "utterance": "네 고마워요 저는 일이 있어서 가볼게요",
          "summary": "나는 일이 있어서 간다",
          "date": "2022-10-22",
          "time": "14:46:12",
          "terminate": "true"
        }
      ],
      "sessionPersonaSummary": {
        "speaker1": [
          "나는 반갑다",
          "나는 코인에 빠져있다",
          "ㅡ",
          "나는 안타깝다",
          "나는 주식도 해봤다",
          "나는 단기간에 많은 돈을 잃을 수 있다고 생각한다",
          "나는 조심히 하시길 빈다"
        ],
        "speaker2": [
          "나는 저번 주에 코인을 그만두었다.",
          "나는 코인을 끊고 있다",
          "나는 코인이 좋은 거 같다",
          "나는 코인을 조심해야 된다고 생각한다",
          "나는 일이 있어서 간다"
        ]
      },
      "prevAggregatedpersonaSummary": {
        "speaker1": [
          "나는 20대 남성이다",
          "나는 산업공학과를 부전공으로 이수중이다",
          "나의 친형은 선생님이다. 나의 친형은 경영학을 가르친다.",
          "나는 서늘한 날씨에 산책을 좋아한다",
          "나는 일식은 안 먹는다",
          "나는 중식을 가장 좋아한다",
          "나는 짬뽕을 가장 좋아한다",
          "나는 반갑다",
          "나는 요즘 코인을 즐겨한다",
          "나는 롱으로 친다",
          "나는 코인에 중독되면 위험하다고 생각한다",
          "나는 한번 돈 맛을 보니 코인을 끊기 힘들다",
          "나는 4천만 원을 벌고 다 날렸다",
          "나는 눈물을 흘렸다"
        ],
        "speaker2": [
          "나는 10대 남성이다",
          "나는 사회를 좋아하며 경영학을 배우고 싶다",
          "나는 서늘한 날씨가 좋다",
          "나는 가족이 애틋하지 않아서 산책을 별로 가지 않는다",
          "나는 일식을 좋아하고 중식을 싫어한다",
          "나는 짬뽕은 좋아한다",
          "나는 일이 있어서 간다",
          "나는 @브랜드명@에 투자하면서 지냈다. 내가 29시간 전에 대화를 마무리한 것은 코인 때문이다.",
          "나는 아는 지인이 8억을 잃었다",
          "나는 코인은 적당히 삶에 피해를 주지 않을 정도로 하는 게 좋은 것 같다고 생각한다",
          "나는 최대 천만 원까지 벌어봤다",
          "나는 이만 코 인하러 간다"
        ]
      }
    }
  ]
}