{
  "FileInfo": {
    "filename": "K3-00548-CL41460-CP20821-05-09-S3.json",
    "sessionLevel": "3"
  },
  "participantsInfo": {
    "numberOfParticipants": "2",
    "speaker1": {
      "participantID": "3016",
      "gender": "여성",
      "age": "30대",
      "occupation": "사무직",
      "bPlace": "부산/대구/울산/경상",
      "gPlace": "부산/대구/울산/경상",
      "rPlace": "부산/대구/울산/경상",
      "educationLevel": "대졸"
    },
    "speaker2": {
      "participantID": "3259",
      "gender": "남성",
      "age": "30대",
      "occupation": "자영업",
      "bPlace": "부산/대구/울산/경상",
      "gPlace": "서울/경기/인천",
      "rPlace": "서울/경기/인천",
      "educationLevel": "대졸"
    }
  },
  "multisessionInfo": {
    "multisessionID": "3-00548"
  },
  "personaInfo": {
    "clInfo": {
      "personaID": "41460",
      "personaFeatures": [
        "나는 여자이다.",
        "나는 40대이다.",
        "나는 요즘, 가끔 죄책감이 든다",
        "나는 자녀가 없다",
        "나는 주황색을 싫어한다"
      ],
      "speakerType": "speaker1"
    },
    "cpInfo": {
      "personaID": "20821",
      "personaFeatures": [
        "나는 남자이다.",
        "나는 20대이다.",
        "나의 여자 형제는 스튜어디스이다",
        "나는 한국어능력시험 자격증을 준비한다",
        "나는 스마트폰의 장단점을 분석한다"
      ],
      "speakerType": "speaker2"
    }
  },
  "topicInfo": {
    "topicID": "05-09",
    "topicType": "일과 직업>군대",
    "topicTitle": "면회"
  },
  "sessionInfo": [
    {
      "prevSessionID": null,
      "prevTimeInfo": {
        "timeNum": null,
        "timeUnit": null
      },
      "nthSession": "1",
      "numberOfUtterances": "15",
      "numberOfTurns": "7",
      "sessionID": "3-00548-1",
      "dialog": [
        {
          "speaker": "speaker1",
          "personaID": "41460",
          "participantID": "3016",
          "utterance": "안녕하세요 저는 40대 여성입니다.",
          "summary": "나는 40대이다.\n나는 여자이다.",
          "date": "2022-10-05",
          "time": "08:39:14",
          "terminate": "false"
        },
        {
          "speaker": "speaker2",
          "personaID": "20821",
          "participantID": "3259",
          "utterance": "안녕하세요. 저는 20대 남성입니다.",
          "summary": "나는 20대 남성이다.",
          "date": "2022-10-05",
          "time": "10:01:35",
          "terminate": "false"
        },
        {
          "speaker": "speaker1",
          "personaID": "41460",
          "participantID": "3016",
          "utterance": "네~ 그럼 아직 학생이신가요~?",
          "summary": "",
          "date": "2022-10-05",
          "time": "10:05:55",
          "terminate": "false"
        },
        {
          "speaker": "speaker2",
          "personaID": "20821",
          "participantID": "3259",
          "utterance": "네 맞아요. 저는 한국어 능력 시험 자격증을 준비하고 있어요 ",
          "summary": "나는 한국어 능력시험 자격증을 준비하고 있다.",
          "date": "2022-10-05",
          "time": "15:41:10",
          "terminate": "false"
        },
        {
          "speaker": "speaker1",
          "personaID": "41460",
          "participantID": "3016",
          "utterance": "오! 저도 한국인이라면 한번 쯤 준비해보고 싶었는데 멋진데요? 요즘 공부하시느라 바쁘시겠어요",
          "summary": "나는 한국인이라면 한 번쯤 준비해보고 싶은 것이었다",
          "date": "2022-10-05",
          "time": "17:02:10",
          "terminate": "false"
        },
        {
          "speaker": "speaker2",
          "personaID": "20821",
          "participantID": "3259",
          "utterance": "네 그리고 스마트폰 장단점 분석하기를 좋아합니다. 취미가 있으신가요?",
          "summary": "나는 스마트폰 장단점 분석하기를 좋아한다.",
          "date": "2022-10-05",
          "time": "17:23:43",
          "terminate": "false"
        },
        {
          "speaker": "speaker1",
          "personaID": "41460",
          "participantID": "3016",
          "utterance": "멋진 취미를 가지고 계시네요! 저는 요즘 살이 너무 많이쪄서 죄책감들어서 운동하고있어요! 러닝이요~",
          "summary": "나는 살이 쪄서 죄책감이 든다. \n나는 러닝 운동을 한다. ",
          "date": "2022-10-05",
          "time": "17:29:18",
          "terminate": "false"
        },
        {
          "speaker": "speaker2",
          "personaID": "20821",
          "participantID": "3259",
          "utterance": "저희 누나도 러닝하는데 누나가 스튜디어스에요. 제가 보기엔 날씬한데 매일 살쪘냐고 물어봐요. ",
          "summary": "나의 누나는 스튜어디스다.",
          "date": "2022-10-05",
          "time": "18:01:15",
          "terminate": "false"
        },
        {
          "speaker": "speaker1",
          "personaID": "41460",
          "participantID": "3016",
          "utterance": "본인에겐 엄격한 법이죠,, 누나가 계시구나~ 저는 결혼은 했지만 딩크족이라 자녀는 없어요",
          "summary": "나는 결혼을 했다. \n나는 딩크족이라 자녀가 없다",
          "date": "2022-10-05",
          "time": "18:39:17",
          "terminate": "false"
        },
        {
          "speaker": "speaker2",
          "personaID": "20821",
          "participantID": "3259",
          "utterance": "그렇군요. 저는 아직 결혼 자녀 생각은 안 해봤네요. ",
          "summary": "나는 미혼이다.",
          "date": "2022-10-05",
          "time": "21:53:49",
          "terminate": "false"
        },
        {
          "speaker": "speaker1",
          "personaID": "41460",
          "participantID": "3016",
          "utterance": "아직 나이 어리시니까 나중에 충분히 생각헤보셔도 될 것 같아요~ 혹시 퍼스널컬러 검사해보신적 있나요?",
          "summary": "",
          "date": "2022-10-05",
          "time": "21:58:03",
          "terminate": "false"
        },
        {
          "speaker": "speaker2",
          "personaID": "20821",
          "participantID": "3259",
          "utterance": "아니요 안 해봤어요. 퍼스널 컬러 해보셨나요?",
          "summary": "나는 퍼스널 컬러 검사를 안 해봤다.",
          "date": "2022-10-06",
          "time": "08:33:07",
          "terminate": "false"
        },
        {
          "speaker": "speaker1",
          "personaID": "41460",
          "participantID": "3016",
          "utterance": "네 해봤는데 완전 쿨톤으로 나욌더라구요~ 그래서 제가 웜톤 색깔인 주황색을 그렇게 싫어했나봐요 저는 출근 중인데 오늘 뭐하실 계획인가요?",
          "summary": "나는 퍼스널 컬러가 쿨톤이다. \n나는 주황색을 싫어한다.  나는 출근 중이다.",
          "date": "2022-10-06",
          "time": "08:36:50",
          "terminate": "false"
        },
        {
          "speaker": "speaker2",
          "personaID": "20821",
          "participantID": "3259",
          "utterance": "오늘도 공부 하려고요. 이제 강의 시작 시간이라 가봐야겠어요. 다음에 또 이야기 나눠요! ",
          "summary": "나는 공부 시작을 하려고 한다.",
          "date": "2022-10-06",
          "time": "12:48:38",
          "terminate": "false"
        },
        {
          "speaker": "speaker1",
          "personaID": "41460",
          "participantID": "3016",
          "utterance": "네 오늘 하루도 공부 열심히 하세요~!",
          "summary": "",
          "date": "2022-10-06",
          "time": "13:04:37",
          "terminate": "true"
        }
      ],
      "sessionPersonaSummary": {
        "speaker1": [
          "나는 40대이다.\n나는 여자이다.",
          "나는 한국인이라면 한 번쯤 준비해보고 싶은 것이었다",
          "나는 살이 쪄서 죄책감이 든다. \n나는 러닝 운동을 한다. ",
          "나는 결혼을 했다. \n나는 딩크족이라 자녀가 없다",
          "나는 퍼스널 컬러가 쿨톤이다. \n나는 주황색을 싫어한다. ",
          "나는 출근 중이다."
        ],
        "speaker2": [
          "나는 20대 남성이다.",
          "나는 한국어 능력시험 자격증을 준비하고 있다.",
          "나는 스마트폰 장단점 분석하기를 좋아한다.",
          "나의 누나는 스튜어디스다.",
          "나는 미혼이다.",
          "나는 퍼스널 컬러 검사를 안 해봤다.",
          "나는 공부 시작을 하려고 한다."
        ]
      },
      "prevAggregatedpersonaSummary": {
        "speaker1": [],
        "speaker2": []
      }
    },
    {
      "prevSessionID": "3-00548-1",
      "prevTimeInfo": {
        "timeNum": "16",
        "timeUnit": "시간"
      },
      "nthSession": "2",
      "numberOfUtterances": "15",
      "numberOfTurns": "7",
      "sessionID": "3-00548-2",
      "dialog": [
        {
          "speaker": "speaker1",
          "personaID": "41460",
          "participantID": "3016",
          "utterance": "안녕하세요 ~ 시간이 벌써 16시간이나 흘렀네요!",
          "summary": "",
          "date": "2022-10-06",
          "time": "18:16:47",
          "terminate": "false"
        },
        {
          "speaker": "speaker2",
          "personaID": "20821",
          "participantID": "3259",
          "utterance": "네 좀 전에 저는 밖에 나왔어요. 친구들이랑 스마트폰 같이 분석하거든요. ",
          "summary": "나는 친구들과 스마트폰 같이 분석한다.",
          "date": "2022-10-07",
          "time": "12:22:55",
          "terminate": "false"
        },
        {
          "speaker": "speaker1",
          "personaID": "41460",
          "participantID": "3016",
          "utterance": "오늘도 어김없이 스마트폰의 장단점을 연구하고 계시네요~  저는 이번 주말에 조카 군대 면회가기로 했어요 혹시 군대 이미 다녀오셨나요 ? ",
          "summary": " 나는 이번 주말에 조카 군대 면회를 가기로 했다.",
          "date": "2022-10-07",
          "time": "15:50:42",
          "terminate": "false"
        },
        {
          "speaker": "speaker2",
          "personaID": "20821",
          "participantID": "3259",
          "utterance": "네 저는 다녀왔어요. 조카 면회 가세요? ",
          "summary": "나는 군대 다녀왔다.",
          "date": "2022-10-07",
          "time": "19:01:58",
          "terminate": "false"
        },
        {
          "speaker": "speaker1",
          "personaID": "41460",
          "participantID": "3016",
          "utterance": "네~ 처음 면회를 가보네요~ 온 가족들 총 출동해서 조카 얼굴 보러가요~",
          "summary": "나는 처음 면회를 가 본다. \n나는 가족들과 함께 면회를 간다. ",
          "date": "2022-10-07",
          "time": "19:11:20",
          "terminate": "false"
        },
        {
          "speaker": "speaker2",
          "personaID": "20821",
          "participantID": "3259",
          "utterance": "조카 입장에서는 엄청 감동일 겁니다. 사랑이 가득한 가족이네요. ",
          "summary": "나는 사랑이 가득한 가족이라고 생각한다.",
          "date": "2022-10-07",
          "time": "21:54:38",
          "terminate": "false"
        },
        {
          "speaker": "speaker1",
          "personaID": "41460",
          "participantID": "3016",
          "utterance": "그렇죠~ 얼마나 멋진 모습으로 변했을지 기대가 되네요~ ",
          "summary": "나는 조카가 얼마나 멋지게 변했을지 기대가 된다",
          "date": "2022-10-08",
          "time": "09:34:35",
          "terminate": "false"
        },
        {
          "speaker": "speaker2",
          "personaID": "20821",
          "participantID": "3259",
          "utterance": "따뜻하네요. 저도 예전에 군대 있을 때 저희 누나가 면회 왔던 거 생각나네요. 정말 고맙더라고요.",
          "summary": "나는 군인이었을 때 누나가 면회 왔던 게 생각난다.",
          "date": "2022-10-08",
          "time": "15:37:49",
          "terminate": "false"
        },
        {
          "speaker": "speaker1",
          "personaID": "41460",
          "participantID": "3016",
          "utterance": "그쵸? 다른 가족들은 바리바리 맛있는거 싸서 갈 텐데 .. 혼자 덩그러니 있으면 얼마나 속상할까 싶어서 면회 가능하다고 하자마자 바로 달려갔어요",
          "summary": "나는 혼자 있으면 속상할까 싶어 바로 면회를 갔다.",
          "date": "2022-10-08",
          "time": "16:03:56",
          "terminate": "false"
        },
        {
          "speaker": "speaker2",
          "personaID": "20821",
          "participantID": "3259",
          "utterance": "많이 좋아할 거예요. 저도 그랬거든요. 특히 누나가 예뻐서 주변 선임들이 귀찮게 소개해 달라고 했던 기억도 나네요.",
          "summary": "나는 누나가 이뻐서 주변 선임들이 소개해달라고 했었다.",
          "date": "2022-10-08",
          "time": "17:03:53",
          "terminate": "false"
        },
        {
          "speaker": "speaker1",
          "personaID": "41460",
          "participantID": "3016",
          "utterance": "아 그런 일화는 연예인들 통해서도 많이들었어요~ 박은빈 배우 오빠분은 끝까지 여동생인걸 안밝혔다고 하더라구요~",
          "summary": "",
          "date": "2022-10-08",
          "time": "18:34:25",
          "terminate": "false"
        },
        {
          "speaker": "speaker2",
          "personaID": "20821",
          "participantID": "3259",
          "utterance": "그런 일화도 있었군요. 저는 못된 선임이랑 같이 생활 했었는데 누나 덕분에 군 생활 그나마 편하게 했던 것 같습니다. ",
          "summary": "나는 못된 선임이랑 생활했었는데 누나 덕분에 편하게 생활했다.",
          "date": "2022-10-09",
          "time": "12:55:39",
          "terminate": "false"
        },
        {
          "speaker": "speaker1",
          "personaID": "41460",
          "participantID": "3016",
          "utterance": "재밌네요~ 코로나 한창 심했을 때는 면회도 힘들어서 엄청 힘들어했다고 하더라구요",
          "summary": "나는 코로나로 인해 면회가 안돼서 힘들었다고 들었다",
          "date": "2022-10-09",
          "time": "13:04:35",
          "terminate": "false"
        },
        {
          "speaker": "speaker2",
          "personaID": "20821",
          "participantID": "3259",
          "utterance": "네 저는 일이 있어서 먼저 가볼게요. 다음에 이야기 나눠요. ",
          "summary": "나는 일이 있어서 가봐야 한다.",
          "date": "2022-10-09",
          "time": "16:36:25",
          "terminate": "false"
        },
        {
          "speaker": "speaker1",
          "personaID": "41460",
          "participantID": "3016",
          "utterance": "네 즐거운 저녁시간 되세요~~",
          "summary": "",
          "date": "2022-10-09",
          "time": "18:46:06",
          "terminate": "true"
        }
      ],
      "sessionPersonaSummary": {
        "speaker1": [
          "나는 이번 주말에 조카 군대 면회를 가기로 했다.",
          "나는 처음 면회를 가 본다. \n나는 가족들과 함께 면회를 간다. ",
          "나는 조카가 얼마나 멋지게 변했을지 기대가 된다",
          "나는 혼자 있으면 속상할까 싶어 바로 면회를 갔다.",
          "나는 코로나로 인해 면회가 안돼서 힘들었다고 들었다"
        ],
        "speaker2": [
          "나는 친구들과 스마트폰 같이 분석한다.",
          "나는 군대 다녀왔다.",
          "나는 사랑이 가득한 가족이라고 생각한다.",
          "나는 군인이었을 때 누나가 면회 왔던 게 생각난다.",
          "나는 누나가 이뻐서 주변 선임들이 소개해달라고 했었다.",
          "나는 못된 선임이랑 생활했었는데 누나 덕분에 편하게 생활했다.",
          "나는 일이 있어서 가봐야 한다."
        ]
      },
      "prevAggregatedpersonaSummary": {
        "speaker1": [
          "나는 40대이다.\n나는 여자이다.",
          "나는 한국인이라면 한 번쯤 준비해보고 싶은 것이었다",
          "나는 살이 쪄서 죄책감이 든다. \n나는 러닝 운동을 한다. ",
          "나는 결혼을 했다. \n나는 딩크족이라 자녀가 없다",
          "나는 퍼스널 컬러가 쿨톤이다. \n나는 주황색을 싫어한다. ",
          "나는 출근 중이다."
        ],
        "speaker2": [
          "나는 20대 남성이다.",
          "나는 한국어 능력시험 자격증을 준비하고 있다.",
          "나는 스마트폰 장단점 분석하기를 좋아한다.",
          "나의 누나는 스튜어디스다.",
          "나는 미혼이다.",
          "나는 퍼스널 컬러 검사를 안 해봤다.",
          "나는 공부 시작을 하려고 한다."
        ]
      }
    },
    {
      "prevSessionID": "3-00548-2",
      "prevTimeInfo": {
        "timeNum": "9",
        "timeUnit": "시간"
      },
      "nthSession": "3",
      "numberOfUtterances": "15",
      "numberOfTurns": "7",
      "sessionID": "3-00548-3",
      "dialog": [
        {
          "speaker": "speaker1",
          "personaID": "41460",
          "participantID": "3016",
          "utterance": "9시간 만이네요~ 조카 면회 가기전에 조언을 구하고 싶어서 연락드렸어요!",
          "summary": "나는 조카 면회 가기 전에 조언을 구하고 싶다.",
          "date": "2022-10-11",
          "time": "00:04:17",
          "terminate": "false"
        },
        {
          "speaker": "speaker2",
          "personaID": "20821",
          "participantID": "3259",
          "utterance": "네 제가 도움이 될 지 모르겠네요. ",
          "summary": "나는 도움이 될지 모르겠다.",
          "date": "2022-10-11",
          "time": "10:59:28",
          "terminate": "false"
        },
        {
          "speaker": "speaker1",
          "personaID": "41460",
          "participantID": "3016",
          "utterance": "가족들이 군대 면회 왔을 때 어떤 음식을 먹었을 때가 제일 좋으셨어요 ? 외식 메뉴 정하기가 쉽지않네요",
          "summary": "나는 외식 메뉴 정하기가 쉽지 않다.",
          "date": "2022-10-11",
          "time": "11:03:06",
          "terminate": "false"
        },
        {
          "speaker": "speaker2",
          "personaID": "20821",
          "participantID": "3259",
          "utterance": "저는 치킨 먹었어요. 치킨이 많이 먹고 싶었거든요 ",
          "summary": "나는 치킨이 먹고 싶었다.",
          "date": "2022-10-11",
          "time": "11:13:01",
          "terminate": "false"
        },
        {
          "speaker": "speaker1",
          "personaID": "41460",
          "participantID": "3016",
          "utterance": "치킨 무난하니 괜찮네요~ 치킨은 별개로 포장해야겠어요.. 그리고 또 군대에서 가장 필요했던게 뭐에요 ? ",
          "summary": "나는 조카 면회를 갈 때 치킨을 별개로 포장할 계획이다.",
          "date": "2022-10-11",
          "time": "11:38:10",
          "terminate": "false"
        },
        {
          "speaker": "speaker2",
          "personaID": "20821",
          "participantID": "3259",
          "utterance": "사람마다 다를 것 같아서 제가 조카 분 성향을 모르니 딱 말씀드리기가 어렵네요. ",
          "summary": "나는 조카 성향을 몰라서 말해주기가 어렵다.",
          "date": "2022-10-11",
          "time": "17:00:08",
          "terminate": "false"
        },
        {
          "speaker": "speaker1",
          "personaID": "41460",
          "participantID": "3016",
          "utterance": "그냥 간단하게 참고만 하려구요~ 보통의 20대 남성이시니깐.. 제가 자녀도 없고 첫 조카다 보니 어렵네요",
          "summary": "나는 자녀가 없다 보니 필요한 게 무엇인지 모르겠다",
          "date": "2022-10-11",
          "time": "17:44:03",
          "terminate": "false"
        },
        {
          "speaker": "speaker2",
          "personaID": "20821",
          "participantID": "3259",
          "utterance": "무엇보다 군 생활은 사수나 같이 있는 사람들이 좋은 게 가장 좋은 것 같아요.",
          "summary": "나는 군생활은 사수가 좋아야 된다고 생각한다.",
          "date": "2022-10-11",
          "time": "19:09:13",
          "terminate": "false"
        },
        {
          "speaker": "speaker1",
          "personaID": "41460",
          "participantID": "3016",
          "utterance": "뭐 요즘은 핸드폰도 사용하고 편하게는 지내더라구요 군 복무 기간도 짧고~ 앞으로 면회는 몇번이나 더 갈 수 있을지 모르겠네요",
          "summary": "나는 앞으로 면회를 몇 번 더 갈 수 있을지 모르겠다",
          "date": "2022-10-11",
          "time": "20:26:24",
          "terminate": "false"
        },
        {
          "speaker": "speaker2",
          "personaID": "20821",
          "participantID": "3259",
          "utterance": "와 정말 조카는 행복할 것 같네요. 저는 누나가 두 번 왔는데 그것 만으로도 너무 고마웠답니다. ",
          "summary": "나는 누나가 면회를 2번 외줬다.",
          "date": "2022-10-11",
          "time": "21:03:09",
          "terminate": "false"
        },
        {
          "speaker": "speaker1",
          "personaID": "41460",
          "participantID": "3016",
          "utterance": "2번이면 그래도 누나가 자주 간 것 같은데요~? @이름@님도 좋은 누나를 두셔서 좋았겠어요~",
          "summary": "나는 @이름@님이 좋은 누나를 두신 것 같다",
          "date": "2022-10-11",
          "time": "21:13:08",
          "terminate": "false"
        },
        {
          "speaker": "speaker2",
          "personaID": "20821",
          "participantID": "3259",
          "utterance": "네 고맙죠. 더 잘하고 싶은데 누나가 챙겨주는 게 많네요",
          "summary": "나는 누나가 챙겨주는 게. 많아서 안타깝게 생각한다.",
          "date": "2022-10-11",
          "time": "23:25:41",
          "terminate": "false"
        },
        {
          "speaker": "speaker1",
          "personaID": "41460",
          "participantID": "3016",
          "utterance": "조카 면회가는 길이 차로 6시간은 열심히 달려야하는데 ~ 매번 면회 가는 분들 참 대단하네요..",
          "summary": "나는 조카 면회 가는데 차로 6시간이 걸렸다",
          "date": "2022-10-12",
          "time": "08:14:19",
          "terminate": "false"
        },
        {
          "speaker": "speaker2",
          "personaID": "20821",
          "participantID": "3259",
          "utterance": "네 저는 일이 있어서 먼저 가 볼게요. 다음에 또 이야기 나눠요! ",
          "summary": "나는 일이 있어서 대화가 끝나야 한다.",
          "date": "2022-10-12",
          "time": "20:38:57",
          "terminate": "false"
        },
        {
          "speaker": "speaker1",
          "personaID": "41460",
          "participantID": "3016",
          "utterance": "네 다음번에 또 만났으면 좋겠어요!",
          "summary": "",
          "date": "2022-10-13",
          "time": "00:43:44",
          "terminate": "true"
        }
      ],
      "sessionPersonaSummary": {
        "speaker1": [
          "나는 조카 면회 가기 전에 조언을 구하고 싶다.",
          "나는 외식 메뉴 정하기가 쉽지 않다.",
          "나는 조카 면회를 갈 때 치킨을 별개로 포장할 계획이다.",
          "나는 자녀가 없다 보니 필요한 게 무엇인지 모르겠다",
          "나는 앞으로 면회를 몇 번 더 갈 수 있을지 모르겠다",
          "나는 @이름@님이 좋은 누나를 두신 것 같다",
          "나는 조카 면회 가는데 차로 6시간이 걸렸다"
        ],
        "speaker2": [
          "나는 도움이 될지 모르겠다.",
          "나는 치킨이 먹고 싶었다.",
          "나는 조카 성향을 몰라서 말해주기가 어렵다.",
          "나는 군생활은 사수가 좋아야 된다고 생각한다.",
          "나는 누나가 면회를 2번 외줬다.",
          "나는 누나가 챙겨주는 게. 많아서 안타깝게 생각한다.",
          "나는 일이 있어서 대화가 끝나야 한다."
        ]
      },
      "prevAggregatedpersonaSummary": {
        "speaker1": [
          "나는 40대이다.\n나는 여자이다.",
          "나는 한국인이라면 한 번쯤 준비해보고 싶은 것이었다",
          "나는 살이 쪄서 죄책감이 든다. \n나는 러닝 운동을 한다. ",
          "나는 결혼을 했다. \n나는 딩크족이라 자녀가 없다",
          "나는 퍼스널 컬러가 쿨톤이다. \n나는 주황색을 싫어한다. ",
          "나는 출근 중이다.",
          "나는 이번 주말에 조카 군대 면회를 가기로 했다.",
          "나는 처음 면회를 가 본다. \n나는 가족들과 함께 면회를 간다. ",
          "나는 조카가 얼마나 멋지게 변했을지 기대가 된다",
          "나는 혼자 있으면 속상할까 싶어 바로 면회를 갔다.",
          "나는 코로나로 인해 면회가 안돼서 힘들었다고 들었다"
        ],
        "speaker2": [
          "나는 20대 남성이다.",
          "나는 한국어 능력시험 자격증을 준비하고 있다.",
          "나는 스마트폰 장단점 분석하기를 좋아한다.",
          "나의 누나는 스튜어디스다.",
          "나는 미혼이다.",
          "나는 퍼스널 컬러 검사를 안 해봤다.",
          "나는 공부 시작을 하려고 한다.",
          "나는 친구들과 스마트폰 같이 분석한다.",
          "나는 군대 다녀왔다.",
          "나는 사랑이 가득한 가족이라고 생각한다.",
          "나는 군인이었을 때 누나가 면회 왔던 게 생각난다.",
          "나는 누나가 이뻐서 주변 선임들이 소개해달라고 했었다.",
          "나는 못된 선임이랑 생활했었는데 누나 덕분에 편하게 생활했다.",
          "나는 일이 있어서 가봐야 한다."
        ]
      }
    }
  ]
}