{
  "FileInfo": {
    "filename": "K3-00332-CL31798-CP30878-02-02-S3.json",
    "sessionLevel": "3"
  },
  "participantsInfo": {
    "numberOfParticipants": "2",
    "speaker1": {
      "participantID": "0751",
      "gender": "여성",
      "age": "30대",
      "occupation": "주부",
      "bPlace": "광주/전라/제주",
      "gPlace": "광주/전라/제주",
      "rPlace": "광주/전라/제주",
      "educationLevel": "고졸"
    },
    "speaker2": {
      "participantID": "0717",
      "gender": "남성",
      "age": "30대",
      "occupation": "무직",
      "bPlace": "서울/경기/인천",
      "gPlace": "서울/경기/인천",
      "rPlace": "서울/경기/인천",
      "educationLevel": "대졸"
    }
  },
  "multisessionInfo": {
    "multisessionID": "3-00332"
  },
  "personaInfo": {
    "clInfo": {
      "personaID": "31798",
      "personaFeatures": [
        "나는 여자이다.",
        "나는 30대이다.",
        "나의 거주지는 춘천이다.",
        "나는 새로운 것을 좋아한다.",
        "나는 스포츠 TV를 자주 본다."
      ],
      "speakerType": "speaker1"
    },
    "cpInfo": {
      "personaID": "30878",
      "personaFeatures": [
        "나는 남자이다.",
        "나는 30대이다.",
        "나는 영양사이다.",
        "나는 자전거를 가끔 탄다.",
        "나는 위인전기를 가끔 읽는다."
      ],
      "speakerType": "speaker2"
    }
  },
  "topicInfo": {
    "topicID": "02-02",
    "topicType": "주거와 생활",
    "topicTitle": "아파트"
  },
  "sessionInfo": [
    {
      "prevSessionID": null,
      "prevTimeInfo": {
        "timeNum": null,
        "timeUnit": null
      },
      "nthSession": "1",
      "numberOfUtterances": "16",
      "numberOfTurns": "8",
      "sessionID": "3-00332-1",
      "dialog": [
        {
          "speaker": "speaker1",
          "personaID": "31798",
          "participantID": "0751",
          "utterance": "안녕하세요 저는 30대 여자입니다 저는 현재 춘천에 살고 있습니다 반가워요.",
          "summary": "나는 30대 여성이다. 나의 거주지는 춘천이다.",
          "date": "2022-10-10",
          "time": "13:33:56",
          "terminate": "false"
        },
        {
          "speaker": "speaker2",
          "personaID": "30878",
          "participantID": "0717",
          "utterance": "안녕하세요 저는 30대 남자고 영양사입니다.",
          "summary": "나는 30대 남성이다. 나는 영양사이다.",
          "date": "2022-10-10",
          "time": "13:33:58",
          "terminate": "false"
        },
        {
          "speaker": "speaker1",
          "personaID": "31798",
          "participantID": "0751",
          "utterance": "영양사분이라니... 식단관리 철처 하실듯요 ㅋ.",
          "summary": "",
          "date": "2022-10-10",
          "time": "13:34:08",
          "terminate": "false"
        },
        {
          "speaker": "speaker2",
          "personaID": "30878",
          "participantID": "0717",
          "utterance": "ㅎㅎ 맞습니다 학교에서 일하거든요. 애들 먹일 거 잘해야죠.",
          "summary": "나는 학교에서 일한다.",
          "date": "2022-10-10",
          "time": "13:34:16",
          "terminate": "false"
        },
        {
          "speaker": "speaker1",
          "personaID": "31798",
          "participantID": "0751",
          "utterance": "크... 나도 중학생 때 이런분이 계셨다면.. 저는 뭐든 잘 먹어서 문제 없었지만 ㅋㅋ..",
          "summary": "나는 뭐든 잘 먹는다.",
          "date": "2022-10-10",
          "time": "13:34:28",
          "terminate": "false"
        },
        {
          "speaker": "speaker2",
          "personaID": "30878",
          "participantID": "0717",
          "utterance": "ㅋㅋ잘먹는 학생 좋죠 혹시 지금은 뭐하고 계셨나요?",
          "summary": "",
          "date": "2022-10-10",
          "time": "13:34:37",
          "terminate": "false"
        },
        {
          "speaker": "speaker1",
          "personaID": "31798",
          "participantID": "0751",
          "utterance": "저는 스포츠 TV 자주 봐서 보고 있었어요 그 쪽은요?",
          "summary": "나는 스포츠 TV를 자주 본다. 나는 스포츠 프로그램을 보고 있었다.",
          "date": "2022-10-10",
          "time": "13:34:48",
          "terminate": "false"
        },
        {
          "speaker": "speaker2",
          "personaID": "30878",
          "participantID": "0717",
          "utterance": "아 저는 위인 전기를 가끔 읽어서 이거 보고 있었어요.",
          "summary": "나는 위인전기를 가끔 읽는다.",
          "date": "2022-10-10",
          "time": "13:34:55",
          "terminate": "false"
        },
        {
          "speaker": "speaker1",
          "personaID": "31798",
          "participantID": "0751",
          "utterance": "위인전기요..? 오 저도 옛날에 한번식 읽긴 했는데 잼던데요 ㅎ.",
          "summary": "나는 옛날에 위인전기를 한 번씩 읽었다.",
          "date": "2022-10-10",
          "time": "13:35:16",
          "terminate": "false"
        },
        {
          "speaker": "speaker2",
          "personaID": "30878",
          "participantID": "0717",
          "utterance": "ㅎㅎ 저는 어릴 때부터 읽던 습관이 들어서... 스포츠 좋아하세요?",
          "summary": "",
          "date": "2022-10-10",
          "time": "13:35:25",
          "terminate": "false"
        },
        {
          "speaker": "speaker1",
          "personaID": "31798",
          "participantID": "0751",
          "utterance": "넹 좋아해요... 특히 유산소 운동요 좋아합니당 ㅋ.",
          "summary": "나는 유산소 운동을 좋아한다.",
          "date": "2022-10-10",
          "time": "13:35:35",
          "terminate": "false"
        },
        {
          "speaker": "speaker2",
          "personaID": "30878",
          "participantID": "0717",
          "utterance": "ㅋㅋ살 빼는데는 아주 와따죠 ㅋㅋ 저도 자전거 가끔 탑니다.",
          "summary": "나는 자전거를 가끔 탄다.",
          "date": "2022-10-10",
          "time": "13:35:48",
          "terminate": "false"
        },
        {
          "speaker": "speaker1",
          "personaID": "31798",
          "participantID": "0751",
          "utterance": "오 자전거요? 저는 자전거 타다 넘어졌던 기억이 ㅠㅠ..",
          "summary": "나는 자전거를 타다가 넘어진 기억이 생각났다.",
          "date": "2022-10-10",
          "time": "13:35:53",
          "terminate": "false"
        },
        {
          "speaker": "speaker2",
          "personaID": "30878",
          "participantID": "0717",
          "utterance": "헉... ㅠㅠ 그럼 이제는 안 타시겠네요 안 좋은 추억 때문에.",
          "summary": "",
          "date": "2022-10-10",
          "time": "13:36:15",
          "terminate": "false"
        },
        {
          "speaker": "speaker1",
          "personaID": "31798",
          "participantID": "0751",
          "utterance": "좀 그렇죠...? 저 일단 용무가 잠깐 있어서 갔다 올게요 ㅎ.",
          "summary": "나는 용무를 보러 갈 예정이다.",
          "date": "2022-10-10",
          "time": "13:36:27",
          "terminate": "false"
        },
        {
          "speaker": "speaker2",
          "personaID": "30878",
          "participantID": "0717",
          "utterance": "앗 넵 다녀오시고 그럼 다음에 다시 연락 주세요 ^^",
          "summary": "",
          "date": "2022-10-10",
          "time": "13:36:37",
          "terminate": "true"
        }
      ],
      "sessionPersonaSummary": {
        "speaker1": [
          "나는 30대 여성이다. 나의 거주지는 춘천이다.",
          "나는 뭐든 잘 먹는다.",
          "나는 스포츠 TV를 자주 본다. 나는 스포츠 프로그램을 보고 있었다.",
          "나는 옛날에 위인전기를 한 번씩 읽었다.",
          "나는 유산소 운동을 좋아한다.",
          "나는 자전거를 타다가 넘어진 기억이 생각났다.",
          "나는 용무를 보러 갈 예정이다."
        ],
        "speaker2": [
          "나는 30대 남성이다. 나는 영양사이다.",
          "나는 학교에서 일한다.",
          "나는 위인전기를 가끔 읽는다.",
          "나는 자전거를 가끔 탄다."
        ]
      },
      "prevAggregatedpersonaSummary": {
        "speaker1": [],
        "speaker2": []
      }
    },
    {
      "prevSessionID": "3-00332-1",
      "prevTimeInfo": {
        "timeNum": "6",
        "timeUnit": "시간"
      },
      "nthSession": "2",
      "numberOfUtterances": "16",
      "numberOfTurns": "8",
      "sessionID": "3-00332-2",
      "dialog": [
        {
          "speaker": "speaker1",
          "personaID": "31798",
          "participantID": "0751",
          "utterance": "6시간만이네요 너무 늦은거 아니죠? ㅎㅎㅎ 일부러 시간을 넉넉하게 잡고 ㅎㅎ.",
          "summary": "",
          "date": "2022-10-10",
          "time": "13:36:40",
          "terminate": "false"
        },
        {
          "speaker": "speaker2",
          "personaID": "30878",
          "participantID": "0717",
          "utterance": "아 오늘 오셨네요 ㅎㅎ 저는 다음날에나 오실 줄...",
          "summary": "",
          "date": "2022-10-10",
          "time": "13:36:49",
          "terminate": "false"
        },
        {
          "speaker": "speaker1",
          "personaID": "31798",
          "participantID": "0751",
          "utterance": "아 그런가요...? 빨리 와서 싫으신...?",
          "summary": "",
          "date": "2022-10-10",
          "time": "13:36:57",
          "terminate": "false"
        },
        {
          "speaker": "speaker2",
          "personaID": "30878",
          "participantID": "0717",
          "utterance": "아뇨 좋아요 ㅎㅎ안 그래도 심심하던 참이에요.",
          "summary": "나는 심심하다.",
          "date": "2022-10-10",
          "time": "13:37:12",
          "terminate": "false"
        },
        {
          "speaker": "speaker1",
          "personaID": "31798",
          "participantID": "0751",
          "utterance": "아 그런가요... 반어법으로 생각하겠습니다... ㅋㅋ 근데 뭔가 기분은 이상한..? ㅋㅋㅋ.",
          "summary": "",
          "date": "2022-10-10",
          "time": "13:37:20",
          "terminate": "false"
        },
        {
          "speaker": "speaker2",
          "personaID": "30878",
          "participantID": "0717",
          "utterance": ";;진짠데... 음 아파트 분양 받고 싶어서 좀 보고 있었어요.",
          "summary": "나는 아파트를 분양받고 싶다.",
          "date": "2022-10-10",
          "time": "13:37:31",
          "terminate": "false"
        },
        {
          "speaker": "speaker1",
          "personaID": "31798",
          "participantID": "0751",
          "utterance": "아 그런가요...? 청약으로 받으실려구요?",
          "summary": "",
          "date": "2022-10-10",
          "time": "13:37:37",
          "terminate": "false"
        },
        {
          "speaker": "speaker2",
          "personaID": "30878",
          "participantID": "0717",
          "utterance": "네... 이번에 청년 주택 청약으로 한번 도전해보게요.",
          "summary": "",
          "date": "2022-10-10",
          "time": "13:37:49",
          "terminate": "false"
        },
        {
          "speaker": "speaker1",
          "personaID": "31798",
          "participantID": "0751",
          "utterance": "오호.. 30대 분이셔서 가능성 있을수도요? 붙으시면 저도 방 하나주세요 ㅋ.",
          "summary": "",
          "date": "2022-10-10",
          "time": "13:37:56",
          "terminate": "false"
        },
        {
          "speaker": "speaker2",
          "personaID": "30878",
          "participantID": "0717",
          "utterance": "그렇죠? 제 동생은 20대인데 넣었다가 떨어졌다더라고요.",
          "summary": "나는 동생이 있다. 나의 동생은 20대다.",
          "date": "2022-10-10",
          "time": "13:38:06",
          "terminate": "false"
        },
        {
          "speaker": "speaker1",
          "personaID": "31798",
          "participantID": "0751",
          "utterance": "20대들은 거의 가능성 없어요.. 꾸준히 넣고 몇십년 되야 거의 붙는거라 아쉬운게 아님!",
          "summary": "",
          "date": "2022-10-10",
          "time": "13:38:19",
          "terminate": "false"
        },
        {
          "speaker": "speaker2",
          "personaID": "30878",
          "participantID": "0717",
          "utterance": "ㅋㅋ저희집에 방세 내고 들어오시면 들여보내드릴게요.",
          "summary": "",
          "date": "2022-10-10",
          "time": "13:38:34",
          "terminate": "false"
        },
        {
          "speaker": "speaker1",
          "personaID": "31798",
          "participantID": "0751",
          "utterance": "알겠습니다 ㅋㅋㅋ 그럼 그거 보시고 천천히 연락주세요 ㅎ.",
          "summary": "",
          "date": "2022-10-10",
          "time": "13:38:41",
          "terminate": "false"
        },
        {
          "speaker": "speaker2",
          "personaID": "30878",
          "participantID": "0717",
          "utterance": "ㅋㅋㅋ아 진짜요? 네 그러면 나중에 다시 연락할게요.",
          "summary": "",
          "date": "2022-10-10",
          "time": "13:38:51",
          "terminate": "false"
        },
        {
          "speaker": "speaker1",
          "personaID": "31798",
          "participantID": "0751",
          "utterance": "넹 나중에 연락 한번 합시다~ 수고해용.",
          "summary": "",
          "date": "2022-10-10",
          "time": "13:39:00",
          "terminate": "false"
        },
        {
          "speaker": "speaker2",
          "personaID": "30878",
          "participantID": "0717",
          "utterance": "님도 할 거 하고 계세요~ 수고하시고요.",
          "summary": "",
          "date": "2022-10-10",
          "time": "13:39:08",
          "terminate": "true"
        }
      ],
      "sessionPersonaSummary": {
        "speaker1": [],
        "speaker2": [
          "나는 심심하다.",
          "나는 아파트를 분양받고 싶다.",
          "나는 동생이 있다. 나의 동생은 20대다."
        ]
      },
      "prevAggregatedpersonaSummary": {
        "speaker1": [
          "나는 30대 여성이다. 나의 거주지는 춘천이다.",
          "나는 뭐든 잘 먹는다.",
          "나는 스포츠 TV를 자주 본다. 나는 스포츠 프로그램을 보고 있었다.",
          "나는 옛날에 위인전기를 한 번씩 읽었다.",
          "나는 유산소 운동을 좋아한다.",
          "나는 자전거를 타다가 넘어진 기억이 생각났다.",
          "나는 용무를 보러 갈 예정이다."
        ],
        "speaker2": [
          "나는 30대 남성이다. 나는 영양사이다.",
          "나는 학교에서 일한다.",
          "나는 위인전기를 가끔 읽는다.",
          "나는 자전거를 가끔 탄다."
        ]
      }
    },
    {
      "prevSessionID": "3-00332-2",
      "prevTimeInfo": {
        "timeNum": "1",
        "timeUnit": "일"
      },
      "nthSession": "3",
      "numberOfUtterances": "16",
      "numberOfTurns": "8",
      "sessionID": "3-00332-3",
      "dialog": [
        {
          "speaker": "speaker1",
          "personaID": "31798",
          "participantID": "0751",
          "utterance": "1일만인가요? 연락도 안주고~ 또 내가 연락을 하고~ 이게 뭐신감...",
          "summary": "",
          "date": "2022-10-10",
          "time": "13:39:13",
          "terminate": "false"
        },
        {
          "speaker": "speaker2",
          "personaID": "30878",
          "participantID": "0717",
          "utterance": "아~;; 이게 어쩔수가 없네요... ㅋㅋㅋ 그런 게 있습니다.",
          "summary": "",
          "date": "2022-10-10",
          "time": "13:39:24",
          "terminate": "false"
        },
        {
          "speaker": "speaker1",
          "personaID": "31798",
          "participantID": "0751",
          "utterance": "ㅋㅋㅋㅋ 바빳다고 생각하고 있었어요.. 뭐하고 있었나요~",
          "summary": "",
          "date": "2022-10-10",
          "time": "13:39:29",
          "terminate": "false"
        },
        {
          "speaker": "speaker2",
          "personaID": "30878",
          "participantID": "0717",
          "utterance": "ㅠㅠ저번에 아파트 분양 결과 확인하려고요 두근두근.",
          "summary": "나는 분양 결과를 확인할 예정이다.",
          "date": "2022-10-10",
          "time": "13:39:40",
          "terminate": "false"
        },
        {
          "speaker": "speaker1",
          "personaID": "31798",
          "participantID": "0751",
          "utterance": "꼭 붙었으면 좋겠네요! 근데 현실은 힘들꺼에요 ㅋ.",
          "summary": "",
          "date": "2022-10-10",
          "time": "13:39:50",
          "terminate": "false"
        },
        {
          "speaker": "speaker2",
          "personaID": "30878",
          "participantID": "0717",
          "utterance": "아... 안 됐네요 ㅋㅋ 역시나... 기대도 안 하긴 했어요 ㅋ.",
          "summary": "나는 아파트 분양을 실패했다.",
          "date": "2022-10-10",
          "time": "13:39:58",
          "terminate": "false"
        },
        {
          "speaker": "speaker1",
          "personaID": "31798",
          "participantID": "0751",
          "utterance": "아구.. 깝이요 ㅠ 다음을 기약해보세요 ㅋ 언젠가는 붙겠죠..?",
          "summary": "",
          "date": "2022-10-10",
          "time": "13:40:10",
          "terminate": "false"
        },
        {
          "speaker": "speaker2",
          "personaID": "30878",
          "participantID": "0717",
          "utterance": "네 ㅠㅠ 꾸준히 넣어봐야죠 에휴... 님은 뭐하고 계셨나요?",
          "summary": "",
          "date": "2022-10-10",
          "time": "13:40:21",
          "terminate": "false"
        },
        {
          "speaker": "speaker1",
          "personaID": "31798",
          "participantID": "0751",
          "utterance": "저는 파쿠르 잠시 연습 하고 있었어요 ㅋ.",
          "summary": "나는 파쿠르를 연습하고 있었다.",
          "date": "2022-10-10",
          "time": "13:40:29",
          "terminate": "false"
        },
        {
          "speaker": "speaker2",
          "personaID": "30878",
          "participantID": "0717",
          "utterance": "파쿠르가 뭐예요? 무슨 운동 같은 건가요?",
          "summary": "",
          "date": "2022-10-10",
          "time": "13:40:38",
          "terminate": "false"
        },
        {
          "speaker": "speaker1",
          "personaID": "31798",
          "participantID": "0751",
          "utterance": "그거 뛰어넘고 하고... 구르고 하는건데 스포츠에요 한번 확인해보세요 영상으로 ㅋ.",
          "summary": "",
          "date": "2022-10-10",
          "time": "13:40:56",
          "terminate": "false"
        },
        {
          "speaker": "speaker2",
          "personaID": "30878",
          "participantID": "0717",
          "utterance": "흠... 한번 검색해서 볼게요 근데 격한 걸 하시네;",
          "summary": "",
          "date": "2022-10-10",
          "time": "13:41:08",
          "terminate": "false"
        },
        {
          "speaker": "speaker1",
          "personaID": "31798",
          "participantID": "0751",
          "utterance": "제가 새로운 걸 좋아해서 그냥 흥미 생겨서 하는중이에요 ㅋ.",
          "summary": "나는 새로운 것을 좋아한다. 나는 흥미가 생겨서 파쿠르를 하고 있다.",
          "date": "2022-10-10",
          "time": "13:41:17",
          "terminate": "false"
        },
        {
          "speaker": "speaker2",
          "personaID": "30878",
          "participantID": "0717",
          "utterance": "도전 정신이 투철한 분이셨군요 ㅋㅋ...그럼 방해 안할게요.",
          "summary": "",
          "date": "2022-10-10",
          "time": "13:41:28",
          "terminate": "false"
        },
        {
          "speaker": "speaker1",
          "personaID": "31798",
          "participantID": "0751",
          "utterance": "넹.. 영상 일단 확인 해보세요 저는 다시 파쿠르 하러갑니다~~",
          "summary": "나는 다시 파쿠르를 하러 갈 예정이다.",
          "date": "2022-10-10",
          "time": "13:41:37",
          "terminate": "false"
        },
        {
          "speaker": "speaker2",
          "personaID": "30878",
          "participantID": "0717",
          "utterance": "네 ㅋㅋ 재밌게 하고 계세요 전 영상 보고 올게요 ㅎ.",
          "summary": "",
          "date": "2022-10-10",
          "time": "13:41:44",
          "terminate": "true"
        }
      ],
      "sessionPersonaSummary": {
        "speaker1": [
          "나는 파쿠르를 연습하고 있었다.",
          "나는 새로운 것을 좋아한다. 나는 흥미가 생겨서 파쿠르를 하고 있다.",
          "나는 다시 파쿠르를 하러 갈 예정이다."
        ],
        "speaker2": [
          "나는 분양 결과를 확인할 예정이다.",
          "나는 아파트 분양을 실패했다."
        ]
      },
      "prevAggregatedpersonaSummary": {
        "speaker1": [
          "나는 30대 여성이다. 나의 거주지는 춘천이다.",
          "나는 뭐든 잘 먹는다.",
          "나는 스포츠 TV를 자주 본다. 나는 스포츠 프로그램을 보고 있었다.",
          "나는 옛날에 위인전기를 한 번씩 읽었다.",
          "나는 유산소 운동을 좋아한다.",
          "나는 자전거를 타다가 넘어진 기억이 생각났다.",
          "나는 용무를 보러 갈 예정이다."
        ],
        "speaker2": [
          "나는 30대 남성이다. 나는 영양사이다.",
          "나는 학교에서 일한다.",
          "나는 위인전기를 가끔 읽는다.",
          "나는 자전거를 가끔 탄다.",
          "나는 심심하다.",
          "나는 아파트를 분양받고 싶다.",
          "나는 동생이 있다. 나의 동생은 20대다."
        ]
      }
    }
  ]
}