{
  "FileInfo": {
    "filename": "K3-00150-CL50384-CP21129-17-08-S3.json",
    "sessionLevel": "3"
  },
  "participantsInfo": {
    "numberOfParticipants": "2",
    "speaker1": {
      "participantID": "3019",
      "gender": "남성",
      "age": "40대",
      "occupation": "자영업",
      "bPlace": "서울/경기/인천",
      "gPlace": "서울/경기/인천",
      "rPlace": "서울/경기/인천",
      "educationLevel": "대졸"
    },
    "speaker2": {
      "participantID": "3553",
      "gender": "남성",
      "age": "30대",
      "occupation": "사무직",
      "bPlace": "광주/전라/제주",
      "gPlace": "광주/전라/제주",
      "rPlace": "광주/전라/제주",
      "educationLevel": "대졸"
    }
  },
  "multisessionInfo": {
    "multisessionID": "3-00150"
  },
  "personaInfo": {
    "clInfo": {
      "personaID": "50384",
      "personaFeatures": [
        "나는 남자이다.",
        "나는 50대이다.",
        "나는 요즘, 가끔 두렵다",
        "나는 사진 동호회에 관심 있다",
        "나는 더운 날씨를 좋아한다"
      ],
      "speakerType": "speaker1"
    },
    "cpInfo": {
      "personaID": "21129",
      "personaFeatures": [
        "나는 남자이다.",
        "나는 20대이다.",
        "나는 요즘, 지인의 부고 소식에 비통하다",
        "나는 토익스피킹 자격증을 취득했다",
        "나는 홈트레이닝을 좋아한다"
      ],
      "speakerType": "speaker2"
    }
  },
  "topicInfo": {
    "topicID": "17-08",
    "topicType": "미용과 건강>건강",
    "topicTitle": "병원"
  },
  "sessionInfo": [
    {
      "prevSessionID": null,
      "prevTimeInfo": {
        "timeNum": null,
        "timeUnit": null
      },
      "nthSession": "1",
      "numberOfUtterances": "14",
      "numberOfTurns": "7",
      "sessionID": "3-00150-1",
      "dialog": [
        {
          "speaker": "speaker1",
          "personaID": "50384",
          "participantID": "3019",
          "utterance": "안녕하세요. 저는 50대 남성입니다. 반갑습니다.",
          "summary": "50대 남성이다",
          "date": "2022-10-19",
          "time": "14:36:55",
          "terminate": "false"
        },
        {
          "speaker": "speaker2",
          "personaID": "21129",
          "participantID": "3553",
          "utterance": "안녕하세요 저는 20대 남성입니다 반갑습니다",
          "summary": "나는 20대 남성이다.",
          "date": "2022-10-19",
          "time": "14:37:10",
          "terminate": "false"
        },
        {
          "speaker": "speaker1",
          "personaID": "50384",
          "participantID": "3019",
          "utterance": "날씨가 많이 쌀쌀해졌네요. 저는 더운 날씨를 좋아해요. 그래서 날이 추워지면 힘들어 한답니다.",
          "summary": "나는 더운 날씨를 좋아한다",
          "date": "2022-10-19",
          "time": "14:38:09",
          "terminate": "false"
        },
        {
          "speaker": "speaker2",
          "personaID": "21129",
          "participantID": "3553",
          "utterance": "네 저는 홈트레이닝을 좋아해서 날씨영항은 많이 받지않습니다 취미생활이 있나요 궁금합니다!!",
          "summary": "나는 홈 트레이닝을 좋아한다.",
          "date": "2022-10-19",
          "time": "14:40:02",
          "terminate": "false"
        },
        {
          "speaker": "speaker1",
          "personaID": "50384",
          "participantID": "3019",
          "utterance": "특별한 취미는 없었는데 요즘들어 사진 동호회에 관심이 생겼어요.",
          "summary": "나는 사진동호회에 관심이 있다",
          "date": "2022-10-19",
          "time": "14:40:45",
          "terminate": "false"
        },
        {
          "speaker": "speaker2",
          "personaID": "21129",
          "participantID": "3553",
          "utterance": "좋은 취미네요 요즘 주변에 안좋은 일은 없나요 저는 요즘 지인의 부고소식에 비통함을 느끼고있습니다",
          "summary": "나는 요즘 지인의 부고 소식에 비통함을 느낀다.",
          "date": "2022-10-22",
          "time": "12:38:54",
          "terminate": "false"
        },
        {
          "speaker": "speaker1",
          "personaID": "50384",
          "participantID": "3019",
          "utterance": "저도 부고 소식을 종종 듣네요. 그래서인지 저는 요즘 가끔 두렵습니다.",
          "summary": "나는 부고 소식을 종종 들어 두렵다",
          "date": "2022-10-22",
          "time": "15:48:49",
          "terminate": "false"
        },
        {
          "speaker": "speaker2",
          "personaID": "21129",
          "participantID": "3553",
          "utterance": "잘 이겨낼 방법을 아직 어려서인지 모르겠습니다 다만 취업준비를 위해 공부에 집중해서 토익스피킹 자격증을 취득했습니다.",
          "summary": "나는 잘 이겨낼 방법을 모르겠다. 나는 취업준비를 위해 공부에 집중해서 토익스피킹 자격증을 취득했다.",
          "date": "2022-10-22",
          "time": "16:38:55",
          "terminate": "false"
        },
        {
          "speaker": "speaker1",
          "personaID": "50384",
          "participantID": "3019",
          "utterance": "취업준비생 이군요. 요즘 취업이 힘들던데 고생이 많으시네요.",
          "summary": "나는 취업 준비하는 상대방이 걱정된다.",
          "date": "2022-10-22",
          "time": "16:46:02",
          "terminate": "false"
        },
        {
          "speaker": "speaker2",
          "personaID": "21129",
          "participantID": "3553",
          "utterance": "취업도 어려운데 최근 기업들의 안좋은 모습을 뉴스로 접하면서 취업을 해야는지 회의감이 듭니다",
          "summary": "나는 기업들의 안 좋은 모습을 뉴스로 접하면서 취업을 해야 하는지 회의감이 든다.",
          "date": "2022-10-22",
          "time": "16:48:10",
          "terminate": "false"
        },
        {
          "speaker": "speaker1",
          "personaID": "50384",
          "participantID": "3019",
          "utterance": "자영업은 어떠세요? 저는 젊었을때 자영업을 해본적이 있는데 꽤 벌이가 좋았답니다.",
          "summary": "나는 자영업을 권유한다",
          "date": "2022-10-22",
          "time": "16:50:17",
          "terminate": "false"
        },
        {
          "speaker": "speaker2",
          "personaID": "21129",
          "participantID": "3553",
          "utterance": "어떤 일을 했는지 물어봐도 될까요",
          "summary": "",
          "date": "2022-10-22",
          "time": "17:32:30",
          "terminate": "false"
        },
        {
          "speaker": "speaker1",
          "personaID": "50384",
          "participantID": "3019",
          "utterance": "저는 더운 날씨를 좋아하다보니 여름 해수욕장에서 음료를 파는 일을 했었어요. 대화를 나누다보니 시간이 훌쩍 지났네요.",
          "summary": "나는 해수욕장에서 음료를 팔았다",
          "date": "2022-10-22",
          "time": "17:37:05",
          "terminate": "false"
        },
        {
          "speaker": "speaker2",
          "personaID": "21129",
          "participantID": "3553",
          "utterance": "더울텐데 힘들었겠어요 다음에 다시 얘기 나눌까요",
          "summary": "",
          "date": "2022-10-22",
          "time": "17:44:19",
          "terminate": "true"
        }
      ],
      "sessionPersonaSummary": {
        "speaker1": [
          "50대 남성이다",
          "나는 더운 날씨를 좋아한다",
          "나는 사진동호회에 관심이 있다",
          "나는 부고 소식을 종종 들어 두렵다",
          "나는 취업 준비하는 상대방이 걱정된다.",
          "나는 자영업을 권유한다",
          "나는 해수욕장에서 음료를 팔았다"
        ],
        "speaker2": [
          "나는 20대 남성이다.",
          "나는 홈 트레이닝을 좋아한다.",
          "나는 요즘 지인의 부고 소식에 비통함을 느낀다.",
          "나는 잘 이겨낼 방법을 모르겠다.",
          "나는 취업준비를 위해 공부에 집중해서 토익스피킹 자격증을 취득했다.",
          "나는 기업들의 안 좋은 모습을 뉴스로 접하면서 취업을 해야 하는지 회의감이 든다."
        ]
      },
      "prevAggregatedpersonaSummary": {
        "speaker1": [],
        "speaker2": []
      }
    },
    {
      "prevSessionID": "3-00150-1",
      "prevTimeInfo": {
        "timeNum": "45",
        "timeUnit": "시간"
      },
      "nthSession": "2",
      "numberOfUtterances": "14",
      "numberOfTurns": "7",
      "sessionID": "3-00150-2",
      "dialog": [
        {
          "speaker": "speaker1",
          "personaID": "50384",
          "participantID": "3019",
          "utterance": "45시간이 지났네요. 무얼 하고 계신가요?",
          "summary": "",
          "date": "2022-10-22",
          "time": "22:16:46",
          "terminate": "false"
        },
        {
          "speaker": "speaker2",
          "personaID": "21129",
          "participantID": "3553",
          "utterance": "저는 nba를 봤어요  뭐하고 지내셨나요",
          "summary": "나는 NBA를 봤다.",
          "date": "2022-10-22",
          "time": "23:06:31",
          "terminate": "false"
        },
        {
          "speaker": "speaker1",
          "personaID": "50384",
          "participantID": "3019",
          "utterance": "저는 건강이 좀 좋지 않아 어제 병원에 다녀왔어요.",
          "summary": "나는 병원에 다녀왔다",
          "date": "2022-10-22",
          "time": "23:08:08",
          "terminate": "false"
        },
        {
          "speaker": "speaker2",
          "personaID": "21129",
          "participantID": "3553",
          "utterance": "병원 다녀온 결과는 좋게 나왔을까요?",
          "summary": "",
          "date": "2022-10-22",
          "time": "23:08:36",
          "terminate": "false"
        },
        {
          "speaker": "speaker1",
          "personaID": "50384",
          "participantID": "3019",
          "utterance": "글쎄요. 검사 결과는 내일 나온다니 내일 병원에 한번 더 가봐야겠죠.",
          "summary": "나는 병원에 한번 더 가야 한다",
          "date": "2022-10-22",
          "time": "23:10:01",
          "terminate": "false"
        },
        {
          "speaker": "speaker2",
          "personaID": "21129",
          "participantID": "3553",
          "utterance": "좋은결과가 있길 바랍니다. 저도 감기때문에 병원에 다녀왔습니다",
          "summary": "나는 감기 때문에 병원에 다녀왔다.",
          "date": "2022-10-23",
          "time": "10:25:31",
          "terminate": "false"
        },
        {
          "speaker": "speaker1",
          "personaID": "50384",
          "participantID": "3019",
          "utterance": "병원에서 처방을 잘 내려주던가요? 저는 감기에는 주사 맞는게 최고던데요.",
          "summary": "나는 감기엔 주사가 최고다",
          "date": "2022-10-23",
          "time": "15:50:37",
          "terminate": "false"
        },
        {
          "speaker": "speaker2",
          "personaID": "21129",
          "participantID": "3553",
          "utterance": "네 저도 주사가 최고라고 생각해서 수액을 맞았더니 많이 회복되었습니다",
          "summary": "나는 수액을 맞았더니 많이 회복되었다.",
          "date": "2022-10-23",
          "time": "17:36:52",
          "terminate": "false"
        },
        {
          "speaker": "speaker1",
          "personaID": "50384",
          "participantID": "3019",
          "utterance": "잘 하셨어요. 저도 전에 감기 걸렸을때 수액 맞았는데 정말 빨리 낫더라구요.",
          "summary": "나는 수액에 맞으면 감기에 빨리 낫는다",
          "date": "2022-10-23",
          "time": "17:54:17",
          "terminate": "false"
        },
        {
          "speaker": "speaker2",
          "personaID": "21129",
          "participantID": "3553",
          "utterance": "맞아요 오랜만에 아파서 오늘은 하루종일 집에서 쉬었네요",
          "summary": "나는 아파서 오늘 하루 종일 집에서 쉬었다.",
          "date": "2022-10-23",
          "time": "18:52:29",
          "terminate": "false"
        },
        {
          "speaker": "speaker1",
          "personaID": "50384",
          "participantID": "3019",
          "utterance": "저도 수액 맞고 그낭 하루 종일 잠을 잤더니 다음날엔 개운해 졌었어요. 푹 쉬셔야 해요. ",
          "summary": "나는 하루 종일 잠을 자면 개운해진다.",
          "date": "2022-10-23",
          "time": "18:57:47",
          "terminate": "false"
        },
        {
          "speaker": "speaker2",
          "personaID": "21129",
          "participantID": "3553",
          "utterance": "걱정해주셔서 감사합니다. 쉬다보니 주말이 다 갔네요",
          "summary": "",
          "date": "2022-10-23",
          "time": "19:34:43",
          "terminate": "false"
        },
        {
          "speaker": "speaker1",
          "personaID": "50384",
          "participantID": "3019",
          "utterance": "이제 내일 출근 준비를 해야겠네요. 대화 나누다보면 시간 가는줄 모르겠어요.",
          "summary": "나는 출근 준비를 해야 한다.",
          "date": "2022-10-23",
          "time": "19:40:53",
          "terminate": "false"
        },
        {
          "speaker": "speaker2",
          "personaID": "21129",
          "participantID": "3553",
          "utterance": "네 시간이 늦었으니 다음에 다시 얘기 나눌까요",
          "summary": "",
          "date": "2022-10-23",
          "time": "20:29:04",
          "terminate": "true"
        }
      ],
      "sessionPersonaSummary": {
        "speaker1": [
          "나는 병원에 다녀왔다",
          "나는 병원에 한번 더 가야 한다",
          "나는 감기엔 주사가 최고다",
          "나는 수액에 맞으면 감기에 빨리 낫는다",
          "나는 하루 종일 잠을 자면 개운해진다.",
          "나는 출근 준비를 해야 한다."
        ],
        "speaker2": [
          "나는 NBA를 봤다.",
          "나는 감기 때문에 병원에 다녀왔다.",
          "나는 수액을 맞았더니 많이 회복되었다.",
          "나는 아파서 오늘 하루 종일 집에서 쉬었다."
        ]
      },
      "prevAggregatedpersonaSummary": {
        "speaker1": [
          "50대 남성이다",
          "나는 더운 날씨를 좋아한다",
          "나는 사진동호회에 관심이 있다",
          "나는 부고 소식을 종종 들어 두렵다",
          "나는 취업 준비하는 상대방이 걱정된다.",
          "나는 자영업을 권유한다",
          "나는 해수욕장에서 음료를 팔았다"
        ],
        "speaker2": [
          "나는 20대 남성이다.",
          "나는 홈 트레이닝을 좋아한다.",
          "나는 요즘 지인의 부고 소식에 비통함을 느낀다.",
          "나는 잘 이겨낼 방법을 모르겠다.",
          "나는 취업준비를 위해 공부에 집중해서 토익스피킹 자격증을 취득했다.",
          "나는 기업들의 안 좋은 모습을 뉴스로 접하면서 취업을 해야 하는지 회의감이 든다."
        ]
      }
    },
    {
      "prevSessionID": "3-00150-2",
      "prevTimeInfo": {
        "timeNum": "4",
        "timeUnit": "주"
      },
      "nthSession": "3",
      "numberOfUtterances": "14",
      "numberOfTurns": "7",
      "sessionID": "3-00150-3",
      "dialog": [
        {
          "speaker": "speaker1",
          "personaID": "50384",
          "participantID": "3019",
          "utterance": "벌써 4주나 지났네요. 잘 지내셨나요?",
          "summary": "나는 4주 후 연락했다",
          "date": "2022-10-23",
          "time": "20:59:42",
          "terminate": "false"
        },
        {
          "speaker": "speaker2",
          "personaID": "21129",
          "participantID": "3553",
          "utterance": "벌써 한달 가까이 지났네요 검사 결과는 잘 나오셨나요",
          "summary": "",
          "date": "2022-10-23",
          "time": "22:09:33",
          "terminate": "false"
        },
        {
          "speaker": "speaker1",
          "personaID": "50384",
          "participantID": "3019",
          "utterance": "특별한 이상은 없다네요. 그래도 건강이 좀 좋지 않으니 병원에 통원 치료 좀 다니기로 했어요.",
          "summary": "나는 병원 통원치료를 하기로 했다",
          "date": "2022-10-23",
          "time": "22:10:32",
          "terminate": "false"
        },
        {
          "speaker": "speaker2",
          "personaID": "21129",
          "participantID": "3553",
          "utterance": "그해도 큰이상은 없다하니 다행이네요 새로운 주가 시작했는데 무얼하시나요",
          "summary": "",
          "date": "2022-10-24",
          "time": "12:52:25",
          "terminate": "false"
        },
        {
          "speaker": "speaker1",
          "personaID": "50384",
          "participantID": "3019",
          "utterance": "병원 진료비 영수증 정리중이었어요. 이게 의외로 금액이 틀리는 경우가 종종 있더라구요.",
          "summary": "나는 진료비 영수증을 정리한다",
          "date": "2022-10-24",
          "time": "12:53:44",
          "terminate": "false"
        },
        {
          "speaker": "speaker2",
          "personaID": "21129",
          "participantID": "3553",
          "utterance": "와 엄청 꼼꼼하시네요 배우고싶은 성격이네요",
          "summary": "나는 상대방의 성격을 배우고 싶다.",
          "date": "2022-10-24",
          "time": "12:57:02",
          "terminate": "false"
        },
        {
          "speaker": "speaker1",
          "personaID": "50384",
          "participantID": "3019",
          "utterance": "병원에서 수납하는데 수납 직원이 좀 못 미덥더라구요. 정산하는데 금액이 두번이나 틀렸었어요.",
          "summary": "나의 병원 수납 정산이 2번 틀렸었다",
          "date": "2022-10-24",
          "time": "12:59:41",
          "terminate": "false"
        },
        {
          "speaker": "speaker2",
          "personaID": "21129",
          "participantID": "3553",
          "utterance": "헐 그럼 다시 확인할수밖에 없겠네요 돈문제인데 원무과 직원이 문제가있네요",
          "summary": "",
          "date": "2022-10-24",
          "time": "13:00:37",
          "terminate": "false"
        },
        {
          "speaker": "speaker1",
          "personaID": "50384",
          "participantID": "3019",
          "utterance": "제가 다니는 병원은 의사선생님은 참 좋은데 다른 직원들이 별로에요.",
          "summary": "나는 다니는 병원 직원들이 별로다",
          "date": "2022-10-24",
          "time": "13:06:23",
          "terminate": "false"
        },
        {
          "speaker": "speaker2",
          "personaID": "21129",
          "participantID": "3553",
          "utterance": "저는 다행히 다 친절하고 전문적이라 마음에 듭니다  사진동호회에 관심이 있다고하셨는데 가을에 갈만한 사진명소가 있나요",
          "summary": "나는 다니는 병원이 다행히 다 친절하고 전문적이라 마음에 든다.",
          "date": "2022-10-24",
          "time": "19:47:46",
          "terminate": "false"
        },
        {
          "speaker": "speaker1",
          "personaID": "50384",
          "participantID": "3019",
          "utterance": "저는 더운 날씨를 좋아해서 주로 여름의 사진 명소를 많이 알고있어요. 가을의 사진 명소는 잘 모르겠네요.",
          "summary": "나는 가을 사진 명소는 잘 모른다",
          "date": "2022-10-24",
          "time": "19:52:04",
          "terminate": "false"
        },
        {
          "speaker": "speaker2",
          "personaID": "21129",
          "participantID": "3553",
          "utterance": "여름 사진 명소는 어떤곳이 있나요?",
          "summary": "",
          "date": "2022-10-24",
          "time": "19:52:25",
          "terminate": "false"
        },
        {
          "speaker": "speaker1",
          "personaID": "50384",
          "participantID": "3019",
          "utterance": "거제도 바람의 언덕이 참 좋습니다. 이국적인 풍경이죠. 대화 나누다 보니 출출해졌네요. 저녁식사를 해야겠어요.",
          "summary": "나는 거제도 바람의 언덕이 사진 명소라 생각한다.",
          "date": "2022-10-24",
          "time": "20:00:21",
          "terminate": "false"
        },
        {
          "speaker": "speaker2",
          "personaID": "21129",
          "participantID": "3553",
          "utterance": "네 시간이 늦었으니 다음에 다시 얘기 나눌까요",
          "summary": "",
          "date": "2022-10-24",
          "time": "20:18:34",
          "terminate": "true"
        }
      ],
      "sessionPersonaSummary": {
        "speaker1": [
          "나는 4주 후 연락했다",
          "나는 병원 통원치료를 하기로 했다",
          "나는 진료비 영수증을 정리한다",
          "나의 병원 수납 정산이 2번 틀렸었다",
          "나는 다니는 병원 직원들이 별로다",
          "나는 가을 사진 명소는 잘 모른다",
          "나는 거제도 바람의 언덕이 사진 명소라 생각한다."
        ],
        "speaker2": [
          "나는 상대방의 성격을 배우고 싶다.",
          "나는 다니는 병원이 다행히 다 친절하고 전문적이라 마음에 든다."
        ]
      },
      "prevAggregatedpersonaSummary": {
        "speaker1": [
          "50대 남성이다",
          "나는 더운 날씨를 좋아한다",
          "나는 사진동호회에 관심이 있다",
          "나는 부고 소식을 종종 들어 두렵다",
          "나는 취업 준비하는 상대방이 걱정된다.",
          "나는 자영업을 권유한다",
          "나는 해수욕장에서 음료를 팔았다",
          "나는 병원에 다녀왔다",
          "나는 병원에 한번 더 가야 한다",
          "나는 감기엔 주사가 최고다",
          "나는 수액에 맞으면 감기에 빨리 낫는다",
          "나는 하루 종일 잠을 자면 개운해진다.",
          "나는 출근 준비를 해야 한다."
        ],
        "speaker2": [
          "나는 20대 남성이다.",
          "나는 홈 트레이닝을 좋아한다.",
          "나는 요즘 지인의 부고 소식에 비통함을 느낀다.",
          "나는 잘 이겨낼 방법을 모르겠다.",
          "나는 취업준비를 위해 공부에 집중해서 토익스피킹 자격증을 취득했다.",
          "나는 기업들의 안 좋은 모습을 뉴스로 접하면서 취업을 해야 하는지 회의감이 든다.",
          "나는 NBA를 봤다.",
          "나는 감기 때문에 병원에 다녀왔다.",
          "나는 수액을 맞았더니 많이 회복되었다.",
          "나는 아파서 오늘 하루 종일 집에서 쉬었다."
        ]
      }
    }
  ]
}