{
  "FileInfo": {
    "filename": "K3-00549-CL20277-CP41906-05-07-S3.json",
    "sessionLevel": "3"
  },
  "participantsInfo": {
    "numberOfParticipants": "2",
    "speaker1": {
      "participantID": "4163",
      "gender": "남성",
      "age": "20대",
      "occupation": "기타",
      "bPlace": "대전/세종/충청/강원",
      "gPlace": "대전/세종/충청/강원",
      "rPlace": "대전/세종/충청/강원",
      "educationLevel": "대졸"
    },
    "speaker2": {
      "participantID": "3170",
      "gender": "여성",
      "age": "30대",
      "occupation": "사무직",
      "bPlace": "서울/경기/인천",
      "gPlace": "서울/경기/인천",
      "rPlace": "서울/경기/인천",
      "educationLevel": "대졸"
    }
  },
  "multisessionInfo": {
    "multisessionID": "3-00549"
  },
  "personaInfo": {
    "clInfo": {
      "personaID": "20277",
      "personaFeatures": [
        "나는 남자이다.",
        "나는 20대이다.",
        "나의 아버지는 의사이다",
        "나는 변리사이다",
        "나는 발라드 음악을 싫어한다"
      ],
      "speakerType": "speaker1"
    },
    "cpInfo": {
      "personaID": "41906",
      "personaFeatures": [
        "나는 여자이다.",
        "나는 40대이다.",
        "나는 매우 털털하다",
        "나는 친구와 거의 만나지 않는다",
        "나는 물고기를 키우고 싶다"
      ],
      "speakerType": "speaker2"
    }
  },
  "topicInfo": {
    "topicID": "05-07",
    "topicType": "일과 직업>군대",
    "topicTitle": "훈련소"
  },
  "sessionInfo": [
    {
      "prevSessionID": null,
      "prevTimeInfo": {
        "timeNum": null,
        "timeUnit": null
      },
      "nthSession": "1",
      "numberOfUtterances": "14",
      "numberOfTurns": "7",
      "sessionID": "3-00549-1",
      "dialog": [
        {
          "speaker": "speaker1",
          "personaID": "20277",
          "participantID": "4163",
          "utterance": "안녕하세요 저는 20대 남성입니다 앞으로 잘 부탁드리겠습니다",
          "summary": "나는 20대 남성이다",
          "date": "2022-10-24",
          "time": "13:13:50",
          "terminate": "false"
        },
        {
          "speaker": "speaker2",
          "personaID": "41906",
          "participantID": "3170",
          "utterance": "안녕하세요 저는 40대 여성입니다 반가워요",
          "summary": "나는 40대 여성이다",
          "date": "2022-10-24",
          "time": "13:14:07",
          "terminate": "false"
        },
        {
          "speaker": "speaker1",
          "personaID": "20277",
          "participantID": "4163",
          "utterance": "넵 안녕하세요 ㅎ 현재 무슨 일을 하고 계신가요? 저는 변리사로 일하는 중인데 많이 힘드네요",
          "summary": "나는 변리사이다",
          "date": "2022-10-24",
          "time": "13:16:57",
          "terminate": "false"
        },
        {
          "speaker": "speaker2",
          "personaID": "41906",
          "participantID": "3170",
          "utterance": "변리사 정말 훌륭한 직업을 가지셨네요 일등신랑감이라고 생각들어요 저는 사교육 수학학원 강사 입니다 변리사님도 수학 과학 아주 잘하셨지요?",
          "summary": "나는 수학학원 강사이다",
          "date": "2022-10-24",
          "time": "13:18:39",
          "terminate": "false"
        },
        {
          "speaker": "speaker1",
          "personaID": "20277",
          "participantID": "4163",
          "utterance": "넵 수학 과학이라면 아버지에게 지긋지긋하게 교육 받았습니다 ㅎ..아버지가 의사이다보니 같은 직종을 가지시길 바라셔서 교육에 엄하셨거든요 강사님도 혹시 음악 중에 싫어하는 장르가 있으신가요?",
          "summary": "나는 아버지가 의사이다\n나는 아버지가 수학 과학을 가르쳐주셨고, 아버지는 내가 의사가 되길 바라셨다",
          "date": "2022-10-24",
          "time": "13:19:49",
          "terminate": "false"
        },
        {
          "speaker": "speaker2",
          "personaID": "41906",
          "participantID": "3170",
          "utterance": "싫어하는 장르라,,,, 저는 흥이 안나면 듣기 싫더라고요 저는 매우 털털한 성격이라, 기분좋게 훌훌 털어버리는 음악을 좋아해요 어떤 장르 좋아하세요 ",
          "summary": "나는 털털한 성격이다",
          "date": "2022-10-24",
          "time": "13:22:46",
          "terminate": "false"
        },
        {
          "speaker": "speaker1",
          "personaID": "20277",
          "participantID": "4163",
          "utterance": "아 저는 랩을 좋아하는데 반대로 발라드 음악은 싫더라고요",
          "summary": "나는 랩 장르를 즐겨 듣고, 발라드는 싫다",
          "date": "2022-10-24",
          "time": "13:27:58",
          "terminate": "false"
        },
        {
          "speaker": "speaker2",
          "personaID": "41906",
          "participantID": "3170",
          "utterance": "랩을 좋아하시는군요 20대라 친구가 한창 좋은 나이지요? 저는 이제 친구와 거의 만나지 않아요",
          "summary": "나는 친구와 만나지 않는다",
          "date": "2022-10-24",
          "time": "13:30:42",
          "terminate": "false"
        },
        {
          "speaker": "speaker1",
          "personaID": "20277",
          "participantID": "4163",
          "utterance": "놀고 싶은 마음은 굴뚝 같지만 졸업하고 취업한 뒤로는 예전 만큼 만나서 놀수 있는 기회가 흔치 않네요 ㅠ",
          "summary": "나는 취업 후 친구와 놀기회가 줄었다",
          "date": "2022-10-24",
          "time": "13:32:30",
          "terminate": "false"
        },
        {
          "speaker": "speaker2",
          "personaID": "41906",
          "participantID": "3170",
          "utterance": "변리사시면 주변에서 알고지내고 싶어하는 사람들이 참 많을것같아요 반려동물은 안키우시나요 저는 물고기를 키우고 싶답니다",
          "summary": "나는 물고기를 키우고 있다",
          "date": "2022-10-24",
          "time": "13:33:49",
          "terminate": "false"
        },
        {
          "speaker": "speaker1",
          "personaID": "20277",
          "participantID": "4163",
          "utterance": "앗 저도 물고기와 고양이를 키우고 있는데 저녁만 되면 고양이가 수족관 앞에서 물고기 구경을 하더라고요 ㅎ",
          "summary": "나는 물고기와 고양이를 키운다",
          "date": "2022-10-24",
          "time": "13:36:04",
          "terminate": "false"
        },
        {
          "speaker": "speaker2",
          "personaID": "41906",
          "participantID": "3170",
          "utterance": "우와 그모습 너무 귀여워요 그림의 떡인건가요 하하하",
          "summary": "",
          "date": "2022-10-24",
          "time": "13:37:04",
          "terminate": "false"
        },
        {
          "speaker": "speaker1",
          "personaID": "20277",
          "participantID": "4163",
          "utterance": "엄청 귀엽더라고요 ㅎㅎㅎ 배가 고파서인가 싶어서 간식도 줬는데 별 반응이 없던걸로 보아 그냥 신기해서 지켜보던거 같아요 :)",
          "summary": "나는 나의 고양이가 엄청 귀엽다",
          "date": "2022-10-24",
          "time": "13:40:20",
          "terminate": "false"
        },
        {
          "speaker": "speaker2",
          "personaID": "41906",
          "participantID": "3170",
          "utterance": "심쿵할듯해요 대화즐거웠습니다 또봬요",
          "summary": "",
          "date": "2022-10-24",
          "time": "13:40:47",
          "terminate": "false"
        }
      ],
      "sessionPersonaSummary": {
        "speaker1": [
          "나는 20대 남성이다",
          "나는 변리사이다",
          "나는 아버지가 의사이다\n나는 아버지가 수학 과학을 가르쳐주셨고, 아버지는 내가 의사가 되길 바라셨다",
          "나는 랩 장르를 즐겨 듣고, 발라드는 싫다",
          "나는 취업 후 친구와 놀기회가 줄었다",
          "나는 물고기와 고양이를 키운다",
          "나는 나의 고양이가 엄청 귀엽다"
        ],
        "speaker2": [
          "나는 40대 여성이다",
          "나는 수학학원 강사이다",
          "나는 털털한 성격이다",
          "나는 친구와 만나지 않는다",
          "나는 물고기를 키우고 있다"
        ]
      },
      "prevAggregatedpersonaSummary": {
        "speaker1": [],
        "speaker2": []
      }
    },
    {
      "prevSessionID": "3-00549-1",
      "prevTimeInfo": {
        "timeNum": "6",
        "timeUnit": "주"
      },
      "nthSession": "2",
      "numberOfUtterances": "14",
      "numberOfTurns": "7",
      "sessionID": "3-00549-2",
      "dialog": [
        {
          "speaker": "speaker1",
          "personaID": "20277",
          "participantID": "4163",
          "utterance": "와 6주만에 뵙네요 ㅎㅎ 그동안 잘 지내셨나요?",
          "summary": "",
          "date": "2022-10-24",
          "time": "13:49:35",
          "terminate": "false"
        },
        {
          "speaker": "speaker2",
          "personaID": "41906",
          "participantID": "3170",
          "utterance": "한달도 넘었네요 잘지냈어요? 하하",
          "summary": "",
          "date": "2022-10-24",
          "time": "13:50:27",
          "terminate": "false"
        },
        {
          "speaker": "speaker1",
          "personaID": "20277",
          "participantID": "4163",
          "utterance": "한달 동안 많은 일이 있었죠 ㅋㅋ..동생이 입대하게 되어서 얼마전에 훈련소에 다녀왔네요",
          "summary": "나는 얼마전 동생이 입대했다\n나는 동생 훈련소에 다녀왔다",
          "date": "2022-10-24",
          "time": "13:54:55",
          "terminate": "false"
        },
        {
          "speaker": "speaker2",
          "personaID": "41906",
          "participantID": "3170",
          "utterance": "와 그랬군요~~ 마음이 어떠셨나요?",
          "summary": "나는 상대방의 마음이 궁금하다",
          "date": "2022-10-24",
          "time": "13:55:36",
          "terminate": "false"
        },
        {
          "speaker": "speaker1",
          "personaID": "20277",
          "participantID": "4163",
          "utterance": "처음에는 웃음이 나왔는데 막상 훈련소에 들어가는 동생을 보고 있으니까 살짝 걱정도 되고 눈물 흘리는 어머니 보니까 가슴이 아프더라고요 ㅎ.. 그래서 그날은 하루종일 부모님들이랑 이야기 나누면서 기분 풀어드리고 왔어요 ㅎ",
          "summary": "나는 훈련소 가는 동생이 걱정됐다\n나는 슬퍼하는 어머니를 보고 가슴 아팠다 나는 부모님을 위해 하루 종일 기분을 풀어드렸다",
          "date": "2022-10-24",
          "time": "13:57:36",
          "terminate": "false"
        },
        {
          "speaker": "speaker2",
          "personaID": "41906",
          "participantID": "3170",
          "utterance": "너무 착하고 듬직한 아드님이네요 저는 대학생때 남자친구가 군대간 경험이 있어요 처음에는 기다리다가 어찌어찌 헤어졌어요 편지와 선물 보냈던 기억이 나요 하하 추억이죠",
          "summary": "나는 대학생 때 남자 친구가 군대에 갔다 그리고 헤어지게 되었다 나는 남자 친구에게 편지와 선물을 보냈던 추억이 있다",
          "date": "2022-10-24",
          "time": "13:58:51",
          "terminate": "false"
        },
        {
          "speaker": "speaker1",
          "personaID": "20277",
          "participantID": "4163",
          "utterance": "앗 저도 군대에 복무할때 여자친구가 선물이랑 편지를 자주 보내줬는데 정말 큰힘이 되더라고요",
          "summary": "나는 군 복무 시절 여자 친구가 선물과 편지를 보내줘서 힘이 됐다",
          "date": "2022-10-24",
          "time": "15:25:04",
          "terminate": "false"
        },
        {
          "speaker": "speaker2",
          "personaID": "41906",
          "participantID": "3170",
          "utterance": "와 그런 추억이 있군요~~ 영화중에 전쟁영화보고나면 나라지키는 군인분들에게 감사하는 마음이 들어요",
          "summary": "나는 군인들에게 감사한 마음이 있다",
          "date": "2022-10-24",
          "time": "15:32:57",
          "terminate": "false"
        },
        {
          "speaker": "speaker1",
          "personaID": "20277",
          "participantID": "4163",
          "utterance": "저도 전역한지 몇년이 지났지만 항상 군복무 하는 장병들에게 감사한 마음이죠 ㅎㅎㅎ 그래도 훈련소가 많이 좋아졌더라고요 인편도 가능하고 간식도 넉넉하게 챙겨준다고 하네요",
          "summary": "나는 군 복무 장병들에게 감사하다 나는 훈련소가 좋아졌다고 느꼈다",
          "date": "2022-10-24",
          "time": "15:36:36",
          "terminate": "false"
        },
        {
          "speaker": "speaker2",
          "personaID": "41906",
          "participantID": "3170",
          "utterance": "스마트폰 소지가 가능하다고 들었어요 동생분과 자유롭게 통화도 가능한가요?",
          "summary": "나는 군대에서 스마트폰 소지가 가능하다는 정보를 알고 있다",
          "date": "2022-10-24",
          "time": "15:59:24",
          "terminate": "false"
        },
        {
          "speaker": "speaker1",
          "personaID": "20277",
          "participantID": "4163",
          "utterance": "맞아요 스마트폰으로 자유롭게 인터넷 사용이 가능하다고 하더라고요 동생 녀석은 한번 연락하더니 그 뒤로는 연락이 없네요 ㅋㅋ",
          "summary": "나는 동생이 연락이 잘 안 온다",
          "date": "2022-10-24",
          "time": "15:59:49",
          "terminate": "false"
        },
        {
          "speaker": "speaker2",
          "personaID": "41906",
          "participantID": "3170",
          "utterance": "무소식이 희소식일수도 있어요 ",
          "summary": "",
          "date": "2022-10-24",
          "time": "16:00:25",
          "terminate": "false"
        },
        {
          "speaker": "speaker1",
          "personaID": "20277",
          "participantID": "4163",
          "utterance": "그렇죠 그래도 부모님들한테는 가끔씩 연락하는거 봐서는 군생활에 적응 잘하고 있는거 같아요",
          "summary": "나의 동생은 군생활을 잘하고 있는 거 같다.",
          "date": "2022-10-24",
          "time": "16:01:10",
          "terminate": "false"
        },
        {
          "speaker": "speaker2",
          "personaID": "41906",
          "participantID": "3170",
          "utterance": "다행이네요 대화 즐거웠어요 다음에 또 봬요",
          "summary": "",
          "date": "2022-10-24",
          "time": "16:02:47",
          "terminate": "true"
        }
      ],
      "sessionPersonaSummary": {
        "speaker1": [
          "나는 얼마전 동생이 입대했다\n나는 동생 훈련소에 다녀왔다",
          "나는 훈련소 가는 동생이 걱정됐다\n나는 슬퍼하는 어머니를 보고 가슴 아팠다",
          "나는 부모님을 위해 하루 종일 기분을 풀어드렸다",
          "나는 군 복무 시절 여자 친구가 선물과 편지를 보내줘서 힘이 됐다",
          "나는 군 복무 장병들에게 감사하다",
          "나는 훈련소가 좋아졌다고 느꼈다",
          "나는 동생이 연락이 잘 안 온다",
          "나의 동생은 군생활을 잘하고 있는 거 같다."
        ],
        "speaker2": [
          "나는 상대방의 마음이 궁금하다",
          "나는 대학생 때 남자 친구가 군대에 갔다 그리고 헤어지게 되었다",
          "나는 남자 친구에게 편지와 선물을 보냈던 추억이 있다",
          "나는 군인들에게 감사한 마음이 있다",
          "나는 군대에서 스마트폰 소지가 가능하다는 정보를 알고 있다"
        ]
      },
      "prevAggregatedpersonaSummary": {
        "speaker1": [
          "나는 20대 남성이다",
          "나는 변리사이다",
          "나는 아버지가 의사이다\n나는 아버지가 수학 과학을 가르쳐주셨고, 아버지는 내가 의사가 되길 바라셨다",
          "나는 랩 장르를 즐겨 듣고, 발라드는 싫다",
          "나는 취업 후 친구와 놀기회가 줄었다",
          "나는 물고기와 고양이를 키운다",
          "나는 나의 고양이가 엄청 귀엽다"
        ],
        "speaker2": [
          "나는 40대 여성이다",
          "나는 수학학원 강사이다",
          "나는 털털한 성격이다",
          "나는 친구와 만나지 않는다",
          "나는 물고기를 키우고 있다"
        ]
      }
    },
    {
      "prevSessionID": "3-00549-2",
      "prevTimeInfo": {
        "timeNum": "5",
        "timeUnit": "주"
      },
      "nthSession": "3",
      "numberOfUtterances": "15",
      "numberOfTurns": "7",
      "sessionID": "3-00549-3",
      "dialog": [
        {
          "speaker": "speaker1",
          "personaID": "20277",
          "participantID": "4163",
          "utterance": "안녕하세요 잘 지내셨어요? 5주만에 연락을 드리네요",
          "summary": "",
          "date": "2022-10-24",
          "time": "16:18:26",
          "terminate": "false"
        },
        {
          "speaker": "speaker2",
          "personaID": "41906",
          "participantID": "3170",
          "utterance": "안녕하세요~ 아직 동생분 연락 안왔나요? 점점 추워지는데 제가 다 걱정되네요",
          "summary": "나는 동생에게 연락이 왔는지 궁금하다\n",
          "date": "2022-10-24",
          "time": "16:41:57",
          "terminate": "false"
        },
        {
          "speaker": "speaker1",
          "personaID": "20277",
          "participantID": "4163",
          "utterance": "얼마전에 연락 왔어요 자대 배치 받았고 선임들도 다 좋은 사람이라고 하네요 걱정해주셔서 고마워요 :( 앗 :) 웃음으로 보내야하는데 오타를 보내버렸네요",
          "summary": "나는 얼마 전 동생이 군대에서 잘 지낸다는 연락이 왔다",
          "date": "2022-10-24",
          "time": "17:07:40",
          "terminate": "false"
        },
        {
          "speaker": "speaker2",
          "personaID": "41906",
          "participantID": "3170",
          "utterance": "하하하하 그럴수있지요 육군 나오셨나요? 공군 해군 해병대 육국 카추사 저는 여자라서 군대하면 이정도만 알아요",
          "summary": "나는 군대에 대해서 잘 모르지만 기초적인 건 알고 있다",
          "date": "2022-10-24",
          "time": "17:49:50",
          "terminate": "false"
        },
        {
          "speaker": "speaker1",
          "personaID": "20277",
          "participantID": "4163",
          "utterance": "아 넵 전 육군 나왔어요 ㅋㅋ 육군훈련소였는데 잘 모르시겠네요",
          "summary": "나는 육군 출신이다",
          "date": "2022-10-24",
          "time": "17:57:27",
          "terminate": "false"
        },
        {
          "speaker": "speaker2",
          "personaID": "41906",
          "participantID": "3170",
          "utterance": "네 잘몰라요 저는 러시아 우크라이나 전쟁을 보니까 여자도 스스로 몸을 지킬수있도록 총쏘는 방법이나 적이 나타났을때 어떻게 해야하는지 정도는 훈련을 받으면 좋겠다 생각했어요",
          "summary": "나는 여자여도 스스로 몸을 지킬 수 있어야 한다고 생각한다",
          "date": "2022-10-24",
          "time": "20:52:36",
          "terminate": "false"
        },
        {
          "speaker": "speaker1",
          "personaID": "20277",
          "participantID": "4163",
          "utterance": "그게 맞긴하죠 저희가 분단국가이며 휴전국인걸 생각하면 여성분들도 기초적인 훈련은 받으면 좋을거 같아요 :)",
          "summary": "나는 여성들도 기초 훈련을 받는다면 그것도 좋은 생각이라고 본다",
          "date": "2022-10-24",
          "time": "20:53:05",
          "terminate": "false"
        },
        {
          "speaker": "speaker2",
          "personaID": "41906",
          "participantID": "3170",
          "utterance": "고등학교때 쓸데없이 교련시간이 있었어요 그런거 들어보셨나요? 저희때는 있었는데 붕대감는법 배웠어요 아무짝에도 쓸모없어요. 친구도 거의 안만나서 누구 해줄사람도 없는걸요.",
          "summary": "나는 고등학생 때 붕대 감는 법을 배웠다",
          "date": "2022-10-24",
          "time": "20:59:20",
          "terminate": "false"
        },
        {
          "speaker": "speaker1",
          "personaID": "20277",
          "participantID": "4163",
          "utterance": "저는 붕대감는법을 군대에서 배웠는데 학창시절때는 배운적이 없는거 같아요",
          "summary": "나는 붕대 감는 법을 군대에서 배웠다",
          "date": "2022-10-24",
          "time": "21:00:40",
          "terminate": "false"
        },
        {
          "speaker": "speaker2",
          "personaID": "41906",
          "participantID": "3170",
          "utterance": "오 mz세대들은 그런걸 안배웠나보네요 호신술 배우면 좋을까요? ",
          "summary": "나는 호신술에 관심이 있다",
          "date": "2022-10-24",
          "time": "21:02:49",
          "terminate": "false"
        },
        {
          "speaker": "speaker1",
          "personaID": "20277",
          "participantID": "4163",
          "utterance": "음 배워두면 안좋은건 아니니까 여유가 된다면 배우는걸 추천드리고 싶네요 :)",
          "summary": "나는 호신술을 배우는 걸 추천한다.",
          "date": "2022-10-24",
          "time": "21:03:47",
          "terminate": "false"
        },
        {
          "speaker": "speaker2",
          "personaID": "41906",
          "participantID": "3170",
          "utterance": "오 한번 동네 태권도학원이나 합기도학원있던데 성인교실도 있나 가봐야겠어요",
          "summary": "나는 근처에 호신술을 배울 수 있는 곳을 찾아볼 것이다",
          "date": "2022-10-24",
          "time": "21:04:37",
          "terminate": "false"
        },
        {
          "speaker": "speaker1",
          "personaID": "20277",
          "participantID": "4163",
          "utterance": "태권도 학원 정말 오랜만에 들어보네요 ㅎ 좋은 곳 찾아서 큰 도움이 되면 좋겠네요 :)",
          "summary": "",
          "date": "2022-10-24",
          "time": "21:05:18",
          "terminate": "false"
        },
        {
          "speaker": "speaker2",
          "personaID": "41906",
          "participantID": "3170",
          "utterance": "네 대화 즐거웠습니다 다음에 뵐게요",
          "summary": "",
          "date": "2022-10-24",
          "time": "21:06:14",
          "terminate": "false"
        },
        {
          "speaker": "speaker1",
          "personaID": "20277",
          "participantID": "4163",
          "utterance": "넵 즐거웠습니다 다음에 또 뵙겠습니다 :)",
          "summary": "",
          "date": "2022-10-24",
          "time": "21:06:38",
          "terminate": "true"
        }
      ],
      "sessionPersonaSummary": {
        "speaker1": [
          "나는 얼마 전 동생이 군대에서 잘 지낸다는 연락이 왔다",
          "나는 육군 출신이다",
          "나는 여성들도 기초 훈련을 받는다면 그것도 좋은 생각이라고 본다",
          "나는 붕대 감는 법을 군대에서 배웠다",
          "나는 호신술을 배우는 걸 추천한다."
        ],
        "speaker2": [
          "나는 동생에게 연락이 왔는지 궁금하다\n",
          "나는 군대에 대해서 잘 모르지만 기초적인 건 알고 있다",
          "나는 여자여도 스스로 몸을 지킬 수 있어야 한다고 생각한다",
          "나는 고등학생 때 붕대 감는 법을 배웠다",
          "나는 호신술에 관심이 있다",
          "나는 근처에 호신술을 배울 수 있는 곳을 찾아볼 것이다"
        ]
      },
      "prevAggregatedpersonaSummary": {
        "speaker1": [
          "나는 20대 남성이다",
          "나는 변리사이다",
          "나는 아버지가 의사이다\n나는 아버지가 수학 과학을 가르쳐주셨고, 아버지는 내가 의사가 되길 바라셨다",
          "나는 랩 장르를 즐겨 듣고, 발라드는 싫다",
          "나는 취업 후 친구와 놀기회가 줄었다",
          "나는 물고기와 고양이를 키운다",
          "나는 나의 고양이가 엄청 귀엽다",
          "나는 얼마전 동생이 입대했다\n나는 동생 훈련소에 다녀왔다",
          "나는 훈련소 가는 동생이 걱정됐다\n나는 슬퍼하는 어머니를 보고 가슴 아팠다",
          "나는 부모님을 위해 하루 종일 기분을 풀어드렸다",
          "나는 군 복무 시절 여자 친구가 선물과 편지를 보내줘서 힘이 됐다",
          "나는 군 복무 장병들에게 감사하다",
          "나는 훈련소가 좋아졌다고 느꼈다",
          "나는 동생이 연락이 잘 안 온다",
          "나의 동생은 군생활을 잘하고 있는 거 같다."
        ],
        "speaker2": [
          "나는 40대 여성이다",
          "나는 수학학원 강사이다",
          "나는 털털한 성격이다",
          "나는 친구와 만나지 않는다",
          "나는 물고기를 키우고 있다",
          "나는 상대방의 마음이 궁금하다",
          "나는 대학생 때 남자 친구가 군대에 갔다 그리고 헤어지게 되었다",
          "나는 남자 친구에게 편지와 선물을 보냈던 추억이 있다",
          "나는 군인들에게 감사한 마음이 있다",
          "나는 군대에서 스마트폰 소지가 가능하다는 정보를 알고 있다"
        ]
      }
    }
  ]
}