{
  "FileInfo": {
    "filename": "K3-00386-CL03877-CP01072-02-10-S3.json",
    "sessionLevel": "3"
  },
  "participantsInfo": {
    "numberOfParticipants": "2",
    "speaker1": {
      "participantID": "0383",
      "gender": "여성",
      "age": "30대",
      "occupation": "판매직",
      "bPlace": "부산/대구/울산/경상",
      "gPlace": "부산/대구/울산/경상",
      "rPlace": "부산/대구/울산/경상",
      "educationLevel": "대졸"
    },
    "speaker2": {
      "participantID": "0025",
      "gender": "남성",
      "age": "20대",
      "occupation": "무직",
      "bPlace": "서울/경기/인천",
      "gPlace": "서울/경기/인천",
      "rPlace": "서울/경기/인천",
      "educationLevel": "대졸"
    }
  },
  "multisessionInfo": {
    "multisessionID": "3-00386"
  },
  "personaInfo": {
    "clInfo": {
      "personaID": "03877",
      "personaFeatures": [
        "나는 여자이다.",
        "나는 40대이다.",
        "나의 거주지는 강원도이다.",
        "나는 댄스 음악을 자주 듣는다.",
        "나는 삼겹살을 싫어한다."
      ],
      "speakerType": "speaker1"
    },
    "cpInfo": {
      "personaID": "01072",
      "personaFeatures": [
        "나는 남자이다.",
        "나는 20대이다.",
        "나는 종교가 없다.",
        "나는 바이올린 연주를 가끔 한다.",
        "나는 요즘, 가끔 행복하다."
      ],
      "speakerType": "speaker2"
    }
  },
  "topicInfo": {
    "topicID": "02-10",
    "topicType": "주거와 생활",
    "topicTitle": "주거 환경"
  },
  "sessionInfo": [
    {
      "prevSessionID": null,
      "prevTimeInfo": {
        "timeNum": null,
        "timeUnit": null
      },
      "nthSession": "1",
      "numberOfUtterances": "16",
      "numberOfTurns": "8",
      "sessionID": "3-00386-1",
      "dialog": [
        {
          "speaker": "speaker1",
          "personaID": "03877",
          "participantID": "0383",
          "utterance": "안녕하세요. 저는 40대 여자에요. 자기소개 부탁드려요.",
          "summary": "나는 40대 여자이다.",
          "date": "2022-09-08",
          "time": "18:25:18",
          "terminate": "false"
        },
        {
          "speaker": "speaker2",
          "personaID": "01072",
          "participantID": "0025",
          "utterance": "안녕하세요! 20대 남자입니다.",
          "summary": "나는 20대 남자이다.",
          "date": "2022-09-08",
          "time": "18:25:31",
          "terminate": "false"
        },
        {
          "speaker": "speaker1",
          "personaID": "03877",
          "participantID": "0383",
          "utterance": "반가워요. 사는 곳은 어디에요?",
          "summary": "",
          "date": "2022-09-08",
          "time": "18:25:35",
          "terminate": "false"
        },
        {
          "speaker": "speaker2",
          "personaID": "01072",
          "participantID": "0025",
          "utterance": "저는 대구 삽니다. 님은요?",
          "summary": "나는 대구에 산다.",
          "date": "2022-09-08",
          "time": "18:25:44",
          "terminate": "false"
        },
        {
          "speaker": "speaker1",
          "personaID": "03877",
          "participantID": "0383",
          "utterance": "저는 강원도 살고 있어요. 주말에는 뭐하세요?",
          "summary": "나의 거주지는 강원도이다.",
          "date": "2022-09-08",
          "time": "18:25:56",
          "terminate": "false"
        },
        {
          "speaker": "speaker2",
          "personaID": "01072",
          "participantID": "0025",
          "utterance": "저는 바이올린에 관심이 생겨서 가끔 연주해요.",
          "summary": "나는 바이올린에 관심이 생겨서 가끔 연주한다.",
          "date": "2022-09-08",
          "time": "18:26:12",
          "terminate": "false"
        },
        {
          "speaker": "speaker1",
          "personaID": "03877",
          "participantID": "0383",
          "utterance": "오 정말요? 음악쪽에 관심이 있나요?",
          "summary": "",
          "date": "2022-09-08",
          "time": "18:26:23",
          "terminate": "false"
        },
        {
          "speaker": "speaker2",
          "personaID": "01072",
          "participantID": "0025",
          "utterance": "네. 비이올린 연주를 하면서부터 가끔 연주할 때는 행복해요.",
          "summary": "나는 가끔 바이올린 연주를 할 때 행복하다.",
          "date": "2022-09-08",
          "time": "18:26:40",
          "terminate": "false"
        },
        {
          "speaker": "speaker1",
          "personaID": "03877",
          "participantID": "0383",
          "utterance": "오. 댄스음악은 안들으시나요? 저는 댄스 음악 자주 들으니 좋던데요.",
          "summary": "나는 댄스 음악을 자주 듣는다.",
          "date": "2022-09-08",
          "time": "18:27:06",
          "terminate": "false"
        },
        {
          "speaker": "speaker2",
          "personaID": "01072",
          "participantID": "0025",
          "utterance": "오 저도 노동요로는 댄스 음악들어요~",
          "summary": "나는 일할 때 댄스 음악을 듣는다.",
          "date": "2022-09-08",
          "time": "18:27:23",
          "terminate": "false"
        },
        {
          "speaker": "speaker1",
          "personaID": "03877",
          "participantID": "0383",
          "utterance": "노동요라니 ㅎㅎ 종교는 없으세요?",
          "summary": "",
          "date": "2022-09-08",
          "time": "18:27:38",
          "terminate": "false"
        },
        {
          "speaker": "speaker2",
          "personaID": "01072",
          "participantID": "0025",
          "utterance": "네. 저는 무교예요! 종교 있으세요?",
          "summary": "나는 무교이다.",
          "date": "2022-09-08",
          "time": "18:27:49",
          "terminate": "false"
        },
        {
          "speaker": "speaker1",
          "personaID": "03877",
          "participantID": "0383",
          "utterance": "네ㅎㅎ 저는 기독교에요. 지금 교회갈 준비하고 있어요.",
          "summary": "나는 기독교이다.",
          "date": "2022-09-08",
          "time": "18:28:00",
          "terminate": "false"
        },
        {
          "speaker": "speaker2",
          "personaID": "01072",
          "participantID": "0025",
          "utterance": "아하 기독교시구나 ㅎㅎ 제가 준비에 방해가 되는게 아니면 좋겠네요.",
          "summary": "",
          "date": "2022-09-08",
          "time": "18:28:17",
          "terminate": "false"
        },
        {
          "speaker": "speaker1",
          "personaID": "03877",
          "participantID": "0383",
          "utterance": "네ㅎㅎ 준비 끝났네요. 교회 다녀와서 연락드릴게요.",
          "summary": "나는 교회에 간다.",
          "date": "2022-09-08",
          "time": "18:28:30",
          "terminate": "false"
        },
        {
          "speaker": "speaker2",
          "personaID": "01072",
          "participantID": "0025",
          "utterance": "네. 기도 잘 하시고 오세요. 끝나고 대화해요~",
          "summary": "",
          "date": "2022-09-08",
          "time": "18:28:42",
          "terminate": "true"
        }
      ],
      "sessionPersonaSummary": {
        "speaker1": [
          "나는 40대 여자이다.",
          "나의 거주지는 강원도이다.",
          "나는 댄스 음악을 자주 듣는다.",
          "나는 기독교이다.",
          "나는 교회에 간다."
        ],
        "speaker2": [
          "나는 20대 남자이다.",
          "나는 대구에 산다.",
          "나는 바이올린에 관심이 생겨서 가끔 연주한다.",
          "나는 가끔 바이올린 연주를 할 때 행복하다.",
          "나는 일할 때 댄스 음악을 듣는다.",
          "나는 무교이다."
        ]
      },
      "prevAggregatedpersonaSummary": {
        "speaker1": [],
        "speaker2": []
      }
    },
    {
      "prevSessionID": "3-00386-1",
      "prevTimeInfo": {
        "timeNum": "6",
        "timeUnit": "시간"
      },
      "nthSession": "2",
      "numberOfUtterances": "16",
      "numberOfTurns": "8",
      "sessionID": "3-00386-2",
      "dialog": [
        {
          "speaker": "speaker1",
          "personaID": "03877",
          "participantID": "0383",
          "utterance": "교회 분들하고 떠들고 놀다보니 6시간이 흘렀네요. 집에서 쉬시나요?",
          "summary": "",
          "date": "2022-09-08",
          "time": "18:28:57",
          "terminate": "false"
        },
        {
          "speaker": "speaker2",
          "personaID": "01072",
          "participantID": "0025",
          "utterance": "네. 간만에 점심으로 삼겹살 먹었네요.",
          "summary": "나는 점심으로 삼겹살을 먹었다.",
          "date": "2022-09-08",
          "time": "18:29:14",
          "terminate": "false"
        },
        {
          "speaker": "speaker1",
          "personaID": "03877",
          "participantID": "0383",
          "utterance": "아 정말요? 저는 삼겹살 기름냄새 때문에 잘 안먹어요.",
          "summary": "나는 삼겹살을 싫어한다.",
          "date": "2022-09-08",
          "time": "18:29:29",
          "terminate": "false"
        },
        {
          "speaker": "speaker2",
          "personaID": "01072",
          "participantID": "0025",
          "utterance": "아니 삼겹살을 싫어하시다니...! 처음 뵙네요.",
          "summary": "",
          "date": "2022-09-08",
          "time": "18:29:43",
          "terminate": "false"
        },
        {
          "speaker": "speaker1",
          "personaID": "03877",
          "participantID": "0383",
          "utterance": "흔하지 않죠. 삼겹살을 집에서 드세요?",
          "summary": "",
          "date": "2022-09-08",
          "time": "18:29:52",
          "terminate": "false"
        },
        {
          "speaker": "speaker2",
          "personaID": "01072",
          "participantID": "0025",
          "utterance": "집에서 먹어요! 기름 청소는 힘들다만..",
          "summary": "나는 삼겹살을 집에서 주로 먹는다.",
          "date": "2022-09-08",
          "time": "18:30:05",
          "terminate": "false"
        },
        {
          "speaker": "speaker1",
          "personaID": "03877",
          "participantID": "0383",
          "utterance": "집에서 먹으면 다른 옆집에게 피해가 가지 않나요?",
          "summary": "",
          "date": "2022-09-08",
          "time": "18:30:24",
          "terminate": "false"
        },
        {
          "speaker": "speaker2",
          "personaID": "01072",
          "participantID": "0025",
          "utterance": "딱히 모르겠어요. 아 고등어같은 생선 냄새는 좀 나더라구요.",
          "summary": "",
          "date": "2022-09-08",
          "time": "18:30:47",
          "terminate": "false"
        },
        {
          "speaker": "speaker1",
          "personaID": "03877",
          "participantID": "0383",
          "utterance": "그렇군요. 원룸 같은 곳에서 사세요?",
          "summary": "",
          "date": "2022-09-08",
          "time": "18:30:55",
          "terminate": "false"
        },
        {
          "speaker": "speaker2",
          "personaID": "01072",
          "participantID": "0025",
          "utterance": "아니요~ 아파트요! 저는 자취하는게 아니라서요.",
          "summary": "나는 가족들과 아파트에 산다.",
          "date": "2022-09-08",
          "time": "18:31:19",
          "terminate": "false"
        },
        {
          "speaker": "speaker1",
          "personaID": "03877",
          "participantID": "0383",
          "utterance": "오 아파트라니 가족이랑 사시나 보군요?",
          "summary": "",
          "date": "2022-09-08",
          "time": "18:31:29",
          "terminate": "false"
        },
        {
          "speaker": "speaker2",
          "personaID": "01072",
          "participantID": "0025",
          "utterance": "네. 제가 또 은근 겁이 많아서 ㅠㅠ 안전한 아파트에 삽니다.",
          "summary": "나는 겁이 많다.",
          "date": "2022-09-08",
          "time": "18:31:53",
          "terminate": "false"
        },
        {
          "speaker": "speaker1",
          "personaID": "03877",
          "participantID": "0383",
          "utterance": "아하 좋은 곳에 사시네요. 전세겠네요?",
          "summary": "",
          "date": "2022-09-08",
          "time": "18:32:29",
          "terminate": "false"
        },
        {
          "speaker": "speaker2",
          "personaID": "01072",
          "participantID": "0025",
          "utterance": "아니요. 자가요! 오르기전에 운이 좋게 미리 사뒀어요ㅎㅎ.",
          "summary": "",
          "date": "2022-09-08",
          "time": "18:32:46",
          "terminate": "false"
        },
        {
          "speaker": "speaker1",
          "personaID": "03877",
          "participantID": "0383",
          "utterance": "대단하시군요ㅎㅎ 저는 피곤해서 잠을 좀 자야겠네요~ 다음에 연락드릴게요.",
          "summary": "",
          "date": "2022-09-08",
          "time": "18:33:17",
          "terminate": "false"
        },
        {
          "speaker": "speaker2",
          "personaID": "01072",
          "participantID": "0025",
          "utterance": "네. 주무시고 일어나시면 연락주세요~",
          "summary": "",
          "date": "2022-09-08",
          "time": "18:33:27",
          "terminate": "true"
        }
      ],
      "sessionPersonaSummary": {
        "speaker1": [
          "나는 삼겹살을 싫어한다."
        ],
        "speaker2": [
          "나는 점심으로 삼겹살을 먹었다.",
          "나는 삼겹살을 집에서 주로 먹는다.",
          "나는 가족들과 아파트에 산다.",
          "나는 겁이 많다."
        ]
      },
      "prevAggregatedpersonaSummary": {
        "speaker1": [
          "나는 40대 여자이다.",
          "나의 거주지는 강원도이다.",
          "나는 댄스 음악을 자주 듣는다.",
          "나는 기독교이다.",
          "나는 교회에 간다."
        ],
        "speaker2": [
          "나는 20대 남자이다.",
          "나는 대구에 산다.",
          "나는 바이올린에 관심이 생겨서 가끔 연주한다.",
          "나는 가끔 바이올린 연주를 할 때 행복하다.",
          "나는 일할 때 댄스 음악을 듣는다.",
          "나는 무교이다."
        ]
      }
    },
    {
      "prevSessionID": "3-00386-2",
      "prevTimeInfo": {
        "timeNum": "7",
        "timeUnit": "일"
      },
      "nthSession": "3",
      "numberOfUtterances": "16",
      "numberOfTurns": "8",
      "sessionID": "3-00386-3",
      "dialog": [
        {
          "speaker": "speaker1",
          "personaID": "03877",
          "participantID": "0383",
          "utterance": "일주일동안 잘지내셨나요? 뭐하고 계세요?",
          "summary": "",
          "date": "2022-09-08",
          "time": "18:34:25",
          "terminate": "false"
        },
        {
          "speaker": "speaker2",
          "personaID": "01072",
          "participantID": "0025",
          "utterance": "저는 뭐 먹을까 고민중이예요.",
          "summary": "나는 식사 메뉴를 고민 중이다,.",
          "date": "2022-09-08",
          "time": "18:34:41",
          "terminate": "false"
        },
        {
          "speaker": "speaker1",
          "personaID": "03877",
          "participantID": "0383",
          "utterance": "후보지 있으세요? 제가 골라드릴게요.",
          "summary": "",
          "date": "2022-09-08",
          "time": "18:35:08",
          "terminate": "false"
        },
        {
          "speaker": "speaker2",
          "personaID": "01072",
          "participantID": "0025",
          "utterance": "불닭 볶음면 vs 곱창전골 골라주세요!",
          "summary": "",
          "date": "2022-09-08",
          "time": "18:35:24",
          "terminate": "false"
        },
        {
          "speaker": "speaker1",
          "personaID": "03877",
          "participantID": "0383",
          "utterance": "어우 당연 고기 아니겠습니까? 당연한 질문을?",
          "summary": "",
          "date": "2022-09-08",
          "time": "18:35:43",
          "terminate": "false"
        },
        {
          "speaker": "speaker2",
          "personaID": "01072",
          "participantID": "0025",
          "utterance": "그런가요? 불닭 볶음면도 너무 맛있는걸요ㅠㅠ.",
          "summary": "나는 불닭 볶음면을 좋아한다.",
          "date": "2022-09-08",
          "time": "18:36:09",
          "terminate": "false"
        },
        {
          "speaker": "speaker1",
          "personaID": "03877",
          "participantID": "0383",
          "utterance": "저는 매운걸 못먹어서 불닭을 못먹어요. 위 괜찮아요?",
          "summary": "나는 매운 음식을 못 먹는다.",
          "date": "2022-09-08",
          "time": "18:36:58",
          "terminate": "false"
        },
        {
          "speaker": "speaker2",
          "personaID": "01072",
          "participantID": "0025",
          "utterance": "저도 그래서 소스 반만 넣고 먹어요 ㅎㅎ.",
          "summary": "나는 불닭 볶음면 소스를 반만 넣고 먹는다,.",
          "date": "2022-09-08",
          "time": "18:37:23",
          "terminate": "false"
        },
        {
          "speaker": "speaker1",
          "personaID": "03877",
          "participantID": "0383",
          "utterance": "저는 그래도 맵더라구요. 그래서 누가 옆에서 먹으면 옆에서 면 한가닥만 먹죠?",
          "summary": "",
          "date": "2022-09-08",
          "time": "18:37:58",
          "terminate": "false"
        },
        {
          "speaker": "speaker2",
          "personaID": "01072",
          "participantID": "0025",
          "utterance": "어우 한가닥만 먹고 그걸 어찌 참나요 ㅠㅠ 전 두개 삶을까 고민중인데.",
          "summary": "",
          "date": "2022-09-08",
          "time": "18:38:22",
          "terminate": "false"
        },
        {
          "speaker": "speaker1",
          "personaID": "03877",
          "participantID": "0383",
          "utterance": "결국 메뉴는 불닭으로 정하신건가요?",
          "summary": "",
          "date": "2022-09-08",
          "time": "18:38:33",
          "terminate": "false"
        },
        {
          "speaker": "speaker2",
          "personaID": "01072",
          "participantID": "0025",
          "utterance": "오늘도 불닭으로 갈까 생각중입니다. 불닭 너무 맛있어요 ㅠㅠ.",
          "summary": "",
          "date": "2022-09-08",
          "time": "18:38:54",
          "terminate": "false"
        },
        {
          "speaker": "speaker1",
          "personaID": "03877",
          "participantID": "0383",
          "utterance": "그렇군요. 저는 저녁으로 양고기를 먹고 와야겠네요.",
          "summary": "나는 양고기를 먹는다.",
          "date": "2022-09-08",
          "time": "18:39:06",
          "terminate": "false"
        },
        {
          "speaker": "speaker2",
          "personaID": "01072",
          "participantID": "0025",
          "utterance": "엇 양고기요? 냄새 안 나시던가요?",
          "summary": "",
          "date": "2022-09-08",
          "time": "18:39:21",
          "terminate": "false"
        },
        {
          "speaker": "speaker1",
          "personaID": "03877",
          "participantID": "0383",
          "utterance": "저는 양고기 좋아요. 너무 맛있어요. 식사 맛있게 하세요. 저는 밥을 먹으러 갈게요.",
          "summary": "",
          "date": "2022-09-08",
          "time": "18:39:39",
          "terminate": "false"
        },
        {
          "speaker": "speaker2",
          "personaID": "01072",
          "participantID": "0025",
          "utterance": "네. 양고기와 함께하는 맛있는 식사 시간 되세요~",
          "summary": "",
          "date": "2022-09-08",
          "time": "18:48:50",
          "terminate": "true"
        }
      ],
      "sessionPersonaSummary": {
        "speaker1": [
          "나는 매운 음식을 못 먹는다.",
          "나는 양고기를 먹는다."
        ],
        "speaker2": [
          "나는 식사 메뉴를 고민 중이다,.",
          "나는 불닭 볶음면을 좋아한다.",
          "나는 불닭 볶음면 소스를 반만 넣고 먹는다,."
        ]
      },
      "prevAggregatedpersonaSummary": {
        "speaker1": [
          "나는 40대 여자이다.",
          "나의 거주지는 강원도이다.",
          "나는 댄스 음악을 자주 듣는다.",
          "나는 기독교이다.",
          "나는 교회에 간다.",
          "나는 삼겹살을 싫어한다."
        ],
        "speaker2": [
          "나는 20대 남자이다.",
          "나는 대구에 산다.",
          "나는 바이올린에 관심이 생겨서 가끔 연주한다.",
          "나는 가끔 바이올린 연주를 할 때 행복하다.",
          "나는 일할 때 댄스 음악을 듣는다.",
          "나는 무교이다.",
          "나는 점심으로 삼겹살을 먹었다.",
          "나는 삼겹살을 집에서 주로 먹는다.",
          "나는 가족들과 아파트에 산다.",
          "나는 겁이 많다."
        ]
      }
    }
  ]
}