{
  "FileInfo": {
    "filename": "K3-00291-CL20647-CP22443-04-02-S3.json",
    "sessionLevel": "3"
  },
  "participantsInfo": {
    "numberOfParticipants": "2",
    "speaker1": {
      "participantID": "0163",
      "gender": "남성",
      "age": "30대",
      "occupation": "사무직",
      "bPlace": "서울/경기/인천",
      "gPlace": "서울/경기/인천",
      "rPlace": "서울/경기/인천",
      "educationLevel": "대졸"
    },
    "speaker2": {
      "participantID": "0514",
      "gender": "여성",
      "age": "30대",
      "occupation": "자영업",
      "bPlace": "광주/전라/제주",
      "gPlace": "광주/전라/제주",
      "rPlace": "광주/전라/제주",
      "educationLevel": "고졸"
    }
  },
  "multisessionInfo": {
    "multisessionID": "3-00291"
  },
  "personaInfo": {
    "clInfo": {
      "personaID": "20647",
      "personaFeatures": [
        "나는 남자이다.",
        "나는 20대이다.",
        "나는 커피를 좋아한다.",
        "나는 매일 지하철로 출퇴근한다.",
        "나는 인도 음식을 좋아한다."
      ],
      "speakerType": "speaker1"
    },
    "cpInfo": {
      "personaID": "22443",
      "personaFeatures": [
        "나는 여자이다.",
        "나는 20대이다.",
        "나는 요즘, 자주 짜증이 난다.",
        "나는 워드프로세서 자격증을 취득했다.",
        "나는 스포츠 영화를 가끔 본다."
      ],
      "speakerType": "speaker2"
    }
  },
  "topicInfo": {
    "topicID": "04-02",
    "topicType": "일과 직업>회사/아르바이트",
    "topicTitle": "아르바이트"
  },
  "sessionInfo": [
    {
      "prevSessionID": null,
      "prevTimeInfo": {
        "timeNum": null,
        "timeUnit": null
      },
      "nthSession": "1",
      "numberOfUtterances": "16",
      "numberOfTurns": "8",
      "sessionID": "3-00291-1",
      "dialog": [
        {
          "speaker": "speaker1",
          "personaID": "20647",
          "participantID": "0163",
          "utterance": "안녕하세요. 카페에 대해 궁금하신 분 맞으시죠?",
          "summary": "",
          "date": "2022-09-25",
          "time": "23:06:34",
          "terminate": "false"
        },
        {
          "speaker": "speaker2",
          "personaID": "22443",
          "participantID": "0514",
          "utterance": "아, 네 맞습니다. 안녕하세요 사장님!",
          "summary": "",
          "date": "2022-09-25",
          "time": "23:06:42",
          "terminate": "false"
        },
        {
          "speaker": "speaker1",
          "personaID": "20647",
          "participantID": "0163",
          "utterance": "저는 커피를 좋아하는 20대 남자사장입니다. 반갑습니다.",
          "summary": "나는 커피를 좋아한다. 나는 20대 남자이다.",
          "date": "2022-09-25",
          "time": "23:07:13",
          "terminate": "false"
        },
        {
          "speaker": "speaker2",
          "personaID": "22443",
          "participantID": "0514",
          "utterance": "저는 카페 앞 대학에 다니는 20대 여자입니다.",
          "summary": "나는 카페 앞 대학에 다닌다. 나는 20대 여자이다.",
          "date": "2022-09-25",
          "time": "23:07:38",
          "terminate": "false"
        },
        {
          "speaker": "speaker1",
          "personaID": "20647",
          "participantID": "0163",
          "utterance": "오! 대학생이시구나, 너무 반갑습니다. 궁금하신거 문의 하시면 됩니다.",
          "summary": "",
          "date": "2022-09-25",
          "time": "23:08:01",
          "terminate": "false"
        },
        {
          "speaker": "speaker2",
          "personaID": "22443",
          "participantID": "0514",
          "utterance": "제가 사실 카페 가끔 들렸는데 향이 너무 좋더라구요. 어디 원두를 사용하시나요?",
          "summary": "나는 카페에 가끔 들렀다. 나는 원두가 궁금하다.",
          "date": "2022-09-25",
          "time": "23:09:25",
          "terminate": "false"
        },
        {
          "speaker": "speaker1",
          "personaID": "20647",
          "participantID": "0163",
          "utterance": "수입산을 쓰고 있어요. 저는 매일 지하철로 출퇴근하고 있는데, 제 옷에도 원두 냄새나는지 커피향이 좋다 하더라구요.",
          "summary": "나는 수입 원두를 쓴다. 나는 매일 지하철로 출퇴근한다.,.",
          "date": "2022-09-25",
          "time": "23:10:05",
          "terminate": "false"
        },
        {
          "speaker": "speaker2",
          "personaID": "22443",
          "participantID": "0514",
          "utterance": "그렇군요. 요즘 자주 짜증이 났는데 커피를 매일 마실 생각을 하니 기뻐요!",
          "summary": "나는 요즘, 자주 짜증이 났다. 나는 커피를 매일 마실 생각에 기쁘다.",
          "date": "2022-09-25",
          "time": "23:10:53",
          "terminate": "false"
        },
        {
          "speaker": "speaker1",
          "personaID": "20647",
          "participantID": "0163",
          "utterance": "ㅎㅎ 매일 오시려구요??",
          "summary": "",
          "date": "2022-09-25",
          "time": "23:11:34",
          "terminate": "false"
        },
        {
          "speaker": "speaker2",
          "personaID": "22443",
          "participantID": "0514",
          "utterance": "제가 매일 컴퓨터학원을 다니거든요. 그래서 커피가 필요해요!",
          "summary": "나는 매일 컴퓨터학원을 다닌다.",
          "date": "2022-09-25",
          "time": "23:12:19",
          "terminate": "false"
        },
        {
          "speaker": "speaker1",
          "personaID": "20647",
          "participantID": "0163",
          "utterance": "컴터 학원에서 어떤거 하시나요? 단골 고객 확정입니까? 제가 물어볼게 있는데,, 손님 생각은 어떠신지 대답해주실수 있나요?",
          "summary": "나는 물어볼 게 있다.",
          "date": "2022-09-25",
          "time": "23:12:45",
          "terminate": "false"
        },
        {
          "speaker": "speaker2",
          "personaID": "22443",
          "participantID": "0514",
          "utterance": "한달 뒤 컴활 자격증을 따려고 공부하고있어요. 얼마 전엔 워드프로세서 자격증을 취득했구요. 어떤게 궁금하세요?",
          "summary": "나는 한 달 뒤 컴퓨터 활용능력 자격증을 따려고 공부 중이다. 나는 얼마 전 워드프로세서 자격증을 취득했다.",
          "date": "2022-09-25",
          "time": "23:12:41",
          "terminate": "false"
        },
        {
          "speaker": "speaker1",
          "personaID": "20647",
          "participantID": "0163",
          "utterance": "오! 그러시구나, 제가 인도음식을 진짜찐짜 좋아하는데.. 커피랑 인도음식은 궁합이 아니겠죠..?",
          "summary": "나는 인도음식을 좋아한다.",
          "date": "2022-09-25",
          "time": "23:13:39",
          "terminate": "false"
        },
        {
          "speaker": "speaker2",
          "personaID": "22443",
          "participantID": "0514",
          "utterance": "음 아무래도 둘 다 향이 강해서 별로이지 않을까요?",
          "summary": "",
          "date": "2022-09-25",
          "time": "23:14:13",
          "terminate": "false"
        },
        {
          "speaker": "speaker1",
          "personaID": "20647",
          "participantID": "0163",
          "utterance": "그렇죠... 제가 생각해도 아니긴 했는데, 너무 좋아하는거라서 고민을 잠시 해봤습니다. 학원 가기전 커피 마시러 오세요.",
          "summary": "",
          "date": "2022-09-25",
          "time": "23:15:12",
          "terminate": "false"
        },
        {
          "speaker": "speaker2",
          "personaID": "22443",
          "participantID": "0514",
          "utterance": "넵 ㅎㅎ 오늘 학원 가기 전에 들리겠습니다!",
          "summary": "나는 오늘 학원에 가기 전 카페에 들를 것이다.",
          "date": "2022-09-25",
          "time": "23:15:37",
          "terminate": "true"
        }
      ],
      "sessionPersonaSummary": {
        "speaker1": [
          "나는 커피를 좋아한다. 나는 20대 남자이다.",
          "나는 수입 원두를 쓴다. 나는 매일 지하철로 출퇴근한다.,.",
          "나는 물어볼 게 있다.",
          "나는 인도음식을 좋아한다."
        ],
        "speaker2": [
          "나는 카페 앞 대학에 다닌다. 나는 20대 여자이다.",
          "나는 카페에 가끔 들렀다. 나는 원두가 궁금하다.",
          "나는 요즘, 자주 짜증이 났다. 나는 커피를 매일 마실 생각에 기쁘다.",
          "나는 매일 컴퓨터학원을 다닌다.",
          "나는 한 달 뒤 컴퓨터 활용능력 자격증을 따려고 공부 중이다. 나는 얼마 전 워드프로세서 자격증을 취득했다.",
          "나는 오늘 학원에 가기 전 카페에 들를 것이다."
        ]
      },
      "prevAggregatedpersonaSummary": {
        "speaker1": [],
        "speaker2": []
      }
    },
    {
      "prevSessionID": "3-00291-1",
      "prevTimeInfo": {
        "timeNum": "4",
        "timeUnit": "주"
      },
      "nthSession": "2",
      "numberOfUtterances": "16",
      "numberOfTurns": "8",
      "sessionID": "3-00291-2",
      "dialog": [
        {
          "speaker": "speaker1",
          "personaID": "20647",
          "participantID": "0163",
          "utterance": "지금은 합격 발표 났나요! 한달 후면 나온다고 하셨잖아요.",
          "summary": "",
          "date": "2022-09-25",
          "time": "23:16:07",
          "terminate": "false"
        },
        {
          "speaker": "speaker2",
          "personaID": "22443",
          "participantID": "0514",
          "utterance": "안녕하세요! 네. 컴활 자격증 취득했어요!",
          "summary": "나는 컴퓨터 활용능력 자격증을 취득했다.",
          "date": "2022-09-25",
          "time": "23:16:30",
          "terminate": "false"
        },
        {
          "speaker": "speaker1",
          "personaID": "20647",
          "participantID": "0163",
          "utterance": "ㅎㅎ 이제 더 공부하실 자격증이 있나요?",
          "summary": "",
          "date": "2022-09-25",
          "time": "23:16:58",
          "terminate": "false"
        },
        {
          "speaker": "speaker2",
          "personaID": "22443",
          "participantID": "0514",
          "utterance": "아뇨 ㅎㅎ 이제 그만하려구요! 그래서 요즘 저녁에 시간이 남네요.",
          "summary": "나는 요즘 저녁에 시간이 남는다.",
          "date": "2022-09-25",
          "time": "23:17:17",
          "terminate": "false"
        },
        {
          "speaker": "speaker1",
          "personaID": "20647",
          "participantID": "0163",
          "utterance": "그럼 저희 카페에 아르바이트 해보실래요? 저 요즘 아르바이트생을 모집 중인데..",
          "summary": "나는 아르바이트생을 구하고 있다.",
          "date": "2022-09-25",
          "time": "23:17:22",
          "terminate": "false"
        },
        {
          "speaker": "speaker2",
          "personaID": "22443",
          "participantID": "0514",
          "utterance": "앗 저 스카우트 해주시는건가요?? 마침 시간도 비고 좋아요!",
          "summary": "",
          "date": "2022-09-25",
          "time": "23:17:32",
          "terminate": "false"
        },
        {
          "speaker": "speaker1",
          "personaID": "20647",
          "participantID": "0163",
          "utterance": "ㅎㅎ 대화해보니 성격이 너무 좋으셔가지구, 같이 일하고 싶네요.",
          "summary": "",
          "date": "2022-09-25",
          "time": "23:17:59",
          "terminate": "false"
        },
        {
          "speaker": "speaker2",
          "personaID": "22443",
          "participantID": "0514",
          "utterance": "좋게 봐주셔서 감사합니다. ㅎㅎ 안그래도 요즘엔 바리스타에 관심이 많았어요.",
          "summary": "나는 요즘 바리스타에 관심이 많다.",
          "date": "2022-09-25",
          "time": "23:18:25",
          "terminate": "false"
        },
        {
          "speaker": "speaker1",
          "personaID": "20647",
          "participantID": "0163",
          "utterance": "원하는 시간대나 요일은 있으신가요? 알바비는 최저시급 플러스 인센으로 드릴께요.",
          "summary": "",
          "date": "2022-09-25",
          "time": "23:18:31",
          "terminate": "false"
        },
        {
          "speaker": "speaker2",
          "personaID": "22443",
          "participantID": "0514",
          "utterance": "평일 6시 이후부터 11시까지 근무 가능해요.",
          "summary": "나는 평일 6시부터 11시까지 근무 가능하다.",
          "date": "2022-09-25",
          "time": "23:19:17",
          "terminate": "false"
        },
        {
          "speaker": "speaker1",
          "personaID": "20647",
          "participantID": "0163",
          "utterance": "오케이! 그럼 오늘 한번 오실 수 있으시겠어요?",
          "summary": "",
          "date": "2022-09-25",
          "time": "23:19:21",
          "terminate": "false"
        },
        {
          "speaker": "speaker2",
          "personaID": "22443",
          "participantID": "0514",
          "utterance": "네. 어차피 매일 들리는걸요! 이력서 써갈까요?",
          "summary": "",
          "date": "2022-09-25",
          "time": "23:19:33",
          "terminate": "false"
        },
        {
          "speaker": "speaker1",
          "personaID": "20647",
          "participantID": "0163",
          "utterance": "ㅎㅎ좋습니다. 또 손님으로 오는거랑 알바생으로 오는거랑은 다르죠.",
          "summary": "",
          "date": "2022-09-25",
          "time": "23:19:54",
          "terminate": "false"
        },
        {
          "speaker": "speaker2",
          "personaID": "22443",
          "participantID": "0514",
          "utterance": "그런데 오늘은 8시는 돼야 갈 수 있어요. 제가 친구랑 스포츠 영화를 가끔 보는데 오늘이 그날이어서요.",
          "summary": "나는 친구랑 스포츠 영화를 가끔 본다.",
          "date": "2022-09-25",
          "time": "23:20:26",
          "terminate": "false"
        },
        {
          "speaker": "speaker1",
          "personaID": "20647",
          "participantID": "0163",
          "utterance": "그럼, 조금있다가 8시까지 시간 맞춰서 가게로 와주세요.",
          "summary": "",
          "date": "2022-09-25",
          "time": "23:20:36",
          "terminate": "false"
        },
        {
          "speaker": "speaker2",
          "personaID": "22443",
          "participantID": "0514",
          "utterance": "알겠습니다. 그럼 연락 후 8시까지 카페로 방문드리겠습니다.",
          "summary": "나는 연락 후 8시까지 카페로 방문할 것이다.",
          "date": "2022-09-25",
          "time": "23:20:56",
          "terminate": "true"
        }
      ],
      "sessionPersonaSummary": {
        "speaker1": [
          "나는 아르바이트생을 구하고 있다."
        ],
        "speaker2": [
          "나는 컴퓨터 활용능력 자격증을 취득했다.",
          "나는 요즘 저녁에 시간이 남는다.",
          "나는 요즘 바리스타에 관심이 많다.",
          "나는 평일 6시부터 11시까지 근무 가능하다.",
          "나는 친구랑 스포츠 영화를 가끔 본다.",
          "나는 연락 후 8시까지 카페로 방문할 것이다."
        ]
      },
      "prevAggregatedpersonaSummary": {
        "speaker1": [
          "나는 커피를 좋아한다. 나는 20대 남자이다.",
          "나는 수입 원두를 쓴다. 나는 매일 지하철로 출퇴근한다.,.",
          "나는 물어볼 게 있다.",
          "나는 인도음식을 좋아한다."
        ],
        "speaker2": [
          "나는 카페 앞 대학에 다닌다. 나는 20대 여자이다.",
          "나는 카페에 가끔 들렀다. 나는 원두가 궁금하다.",
          "나는 요즘, 자주 짜증이 났다. 나는 커피를 매일 마실 생각에 기쁘다.",
          "나는 매일 컴퓨터학원을 다닌다.",
          "나는 한 달 뒤 컴퓨터 활용능력 자격증을 따려고 공부 중이다. 나는 얼마 전 워드프로세서 자격증을 취득했다.",
          "나는 오늘 학원에 가기 전 카페에 들를 것이다."
        ]
      }
    },
    {
      "prevSessionID": "3-00291-2",
      "prevTimeInfo": {
        "timeNum": "3",
        "timeUnit": "시간"
      },
      "nthSession": "3",
      "numberOfUtterances": "16",
      "numberOfTurns": "8",
      "sessionID": "3-00291-3",
      "dialog": [
        {
          "speaker": "speaker1",
          "personaID": "20647",
          "participantID": "0163",
          "utterance": "다음주 부터 일 같이 하시죠. 집에는 잘 들어가셨나요?",
          "summary": "",
          "date": "2022-09-25",
          "time": "23:23:06",
          "terminate": "false"
        },
        {
          "speaker": "speaker2",
          "personaID": "22443",
          "participantID": "0514",
          "utterance": "네. 잘 들어왔습니다! 사장님 그런데 제가 더 궁금한게 있어요.",
          "summary": "나는 궁금한 게 더 있다.",
          "date": "2022-09-25",
          "time": "23:23:23",
          "terminate": "false"
        },
        {
          "speaker": "speaker1",
          "personaID": "20647",
          "participantID": "0163",
          "utterance": "네. 궁금한거 언제든지 물어봐주세요.",
          "summary": "",
          "date": "2022-09-25",
          "time": "23:23:37",
          "terminate": "false"
        },
        {
          "speaker": "speaker2",
          "personaID": "22443",
          "participantID": "0514",
          "utterance": "혹시 시험기간에는 아르바이트를 며칠간 뺄 수 있을까요?",
          "summary": "",
          "date": "2022-09-25",
          "time": "23:23:48",
          "terminate": "false"
        },
        {
          "speaker": "speaker1",
          "personaID": "20647",
          "participantID": "0163",
          "utterance": "ㅎㅎ 그건 걱정마세요. 대학생이라고 하셔서, 이미 그정도는 생각하고 있었습니다.",
          "summary": "",
          "date": "2022-09-25",
          "time": "23:24:07",
          "terminate": "false"
        },
        {
          "speaker": "speaker2",
          "personaID": "22443",
          "participantID": "0514",
          "utterance": "그런 생각까지 해주셨다니.. 너무 감동적이에요!",
          "summary": "",
          "date": "2022-09-25",
          "time": "23:24:22",
          "terminate": "false"
        },
        {
          "speaker": "speaker1",
          "personaID": "20647",
          "participantID": "0163",
          "utterance": "저도 다 겪어본 대학생활인걸요. 몇년이 흘러도 비슷한 생활아니겠어요.",
          "summary": "나도 대학생활을 했다.",
          "date": "2022-09-25",
          "time": "23:24:33",
          "terminate": "false"
        },
        {
          "speaker": "speaker2",
          "personaID": "22443",
          "participantID": "0514",
          "utterance": "사장님은 대학 어디나오셨어요?",
          "summary": "",
          "date": "2022-09-25",
          "time": "23:24:53",
          "terminate": "false"
        },
        {
          "speaker": "speaker1",
          "personaID": "20647",
          "participantID": "0163",
          "utterance": "저는 이동네 아니고 다른지역에 있는 대학교를 다녔습니다.",
          "summary": "나는 다른 지역 대학교를 다녔다.",
          "date": "2022-09-25",
          "time": "23:25:08",
          "terminate": "false"
        },
        {
          "speaker": "speaker2",
          "personaID": "22443",
          "participantID": "0514",
          "utterance": "그러시구나. 혹시 대학 선배님이 아닐까 했어요.",
          "summary": "",
          "date": "2022-09-25",
          "time": "23:25:19",
          "terminate": "false"
        },
        {
          "speaker": "speaker1",
          "personaID": "20647",
          "participantID": "0163",
          "utterance": "ㅎㅎ 아쉽네요. 대학 선배님이면 더 좋았을텐데요.",
          "summary": "",
          "date": "2022-09-25",
          "time": "23:25:45",
          "terminate": "false"
        },
        {
          "speaker": "speaker2",
          "personaID": "22443",
          "participantID": "0514",
          "utterance": "그러게요! 아 저녁식사 시간은 따로 없나요?",
          "summary": "",
          "date": "2022-09-25",
          "time": "23:26:09",
          "terminate": "false"
        },
        {
          "speaker": "speaker1",
          "personaID": "20647",
          "participantID": "0163",
          "utterance": "네. 미리 먹고 와주세요 ㅠㅠ 시간이 애매해서 또 오후에는 그 시간대가 피크타임이라..",
          "summary": "오후는 피크 타임이다.",
          "date": "2022-09-25",
          "time": "23:26:29",
          "terminate": "false"
        },
        {
          "speaker": "speaker2",
          "personaID": "22443",
          "participantID": "0514",
          "utterance": "알겠습니다. 그냥 궁금해서 여쭤봤어요!",
          "summary": "",
          "date": "2022-09-25",
          "time": "23:26:47",
          "terminate": "false"
        },
        {
          "speaker": "speaker1",
          "personaID": "20647",
          "participantID": "0163",
          "utterance": "그럼 푹 쉬시고, 다음주 부터 같이 열심히 해봐요!",
          "summary": "",
          "date": "2022-09-25",
          "time": "23:27:01",
          "terminate": "false"
        },
        {
          "speaker": "speaker2",
          "personaID": "22443",
          "participantID": "0514",
          "utterance": "앞으로 잘 부탁드립니다. 열심히 일하겠습니다!",
          "summary": "",
          "date": "2022-09-25",
          "time": "23:27:03",
          "terminate": "true"
        }
      ],
      "sessionPersonaSummary": {
        "speaker1": [
          "나도 대학생활을 했다.",
          "나는 다른 지역 대학교를 다녔다.",
          "오후는 피크 타임이다."
        ],
        "speaker2": [
          "나는 궁금한 게 더 있다."
        ]
      },
      "prevAggregatedpersonaSummary": {
        "speaker1": [
          "나는 커피를 좋아한다. 나는 20대 남자이다.",
          "나는 수입 원두를 쓴다. 나는 매일 지하철로 출퇴근한다.,.",
          "나는 물어볼 게 있다.",
          "나는 인도음식을 좋아한다.",
          "나는 아르바이트생을 구하고 있다."
        ],
        "speaker2": [
          "나는 카페 앞 대학에 다닌다. 나는 20대 여자이다.",
          "나는 카페에 가끔 들렀다. 나는 원두가 궁금하다.",
          "나는 요즘, 자주 짜증이 났다. 나는 커피를 매일 마실 생각에 기쁘다.",
          "나는 매일 컴퓨터학원을 다닌다.",
          "나는 한 달 뒤 컴퓨터 활용능력 자격증을 따려고 공부 중이다. 나는 얼마 전 워드프로세서 자격증을 취득했다.",
          "나는 오늘 학원에 가기 전 카페에 들를 것이다.",
          "나는 컴퓨터 활용능력 자격증을 취득했다.",
          "나는 요즘 저녁에 시간이 남는다.",
          "나는 요즘 바리스타에 관심이 많다.",
          "나는 평일 6시부터 11시까지 근무 가능하다.",
          "나는 친구랑 스포츠 영화를 가끔 본다.",
          "나는 연락 후 8시까지 카페로 방문할 것이다."
        ]
      }
    }
  ]
}