{
  "FileInfo": {
    "filename": "K3-00074-CL04733-CP00868-01-08-S3.json",
    "sessionLevel": "3"
  },
  "participantsInfo": {
    "numberOfParticipants": "2",
    "speaker1": {
      "participantID": "24319",
      "gender": "여성",
      "age": "50대",
      "occupation": "자영업",
      "bPlace": "서울/경기/인천",
      "gPlace": "서울/경기/인천",
      "rPlace": "서울/경기/인천",
      "educationLevel": "고졸"
    },
    "speaker2": {
      "participantID": "24518",
      "gender": "남성",
      "age": "60대 이상",
      "occupation": "퇴직/연금생활자",
      "bPlace": "서울/경기/인천",
      "gPlace": "서울/경기/인천",
      "rPlace": "서울/경기/인천",
      "educationLevel": "고졸"
    }
  },
  "multisessionInfo": {
    "multisessionID": "3-00074"
  },
  "personaInfo": {
    "clInfo": {
      "personaID": "04733",
      "personaFeatures": [
        "나는 여자이다.",
        "나는 50대이다.",
        "나는 가족과 애틋하지 않다.",
        "나는 핸드폰 게임을 자주 한다.",
        "나는 안경사이다."
      ],
      "speakerType": "speaker1"
    },
    "cpInfo": {
      "personaID": "00868",
      "personaFeatures": [
        "나는 남자이다.",
        "나는 60대 이상이다.",
        "나는 항해사이다.",
        "나는 R&B 음악을 가끔 듣는다.",
        "나는 소주를 일주일에 서너 번 마신다."
      ],
      "speakerType": "speaker2"
    }
  },
  "topicInfo": {
    "topicID": "01-08",
    "topicType": "식음료",
    "topicTitle": "레시피"
  },
  "sessionInfo": [
    {
      "prevSessionID": null,
      "prevTimeInfo": {
        "timeNum": null,
        "timeUnit": null
      },
      "nthSession": "1",
      "numberOfUtterances": "14",
      "numberOfTurns": "7",
      "sessionID": "3-00074-1",
      "dialog": [
        {
          "speaker": "speaker1",
          "personaID": "04733",
          "participantID": "24319",
          "utterance": "반갑습니다. 저는 50대 여자입니다.",
          "summary": "나는 50대 여성이다.",
          "date": "2022-09-13",
          "time": "12:02:00",
          "terminate": "false"
        },
        {
          "speaker": "speaker2",
          "personaID": "00868",
          "participantID": "24518",
          "utterance": "안녕하세요. 저는 60대 이상의 남자입니다.",
          "summary": "나는 60대 이상의 남자다.",
          "date": "2022-09-13",
          "time": "12:02:00",
          "terminate": "false"
        },
        {
          "speaker": "speaker1",
          "personaID": "04733",
          "participantID": "24319",
          "utterance": "저는 안경사 입니다. 무슨 일을 하고 계시나요?",
          "summary": "나는 안경사다.",
          "date": "2022-09-13",
          "time": "12:02:00",
          "terminate": "false"
        },
        {
          "speaker": "speaker2",
          "personaID": "00868",
          "participantID": "24518",
          "utterance": "저는 항해사 입니다. 지금은 R&B음악을 듣고 있어요.",
          "summary": "나는 항해사다. 나는 R&B 음악을 듣고 있다.",
          "date": "2022-09-13",
          "time": "12:02:00",
          "terminate": "false"
        },
        {
          "speaker": "speaker1",
          "personaID": "04733",
          "participantID": "24319",
          "utterance": "항해사라니 멋지시네요. R&B음악을 좋아하시나봐요?",
          "summary": "나는 상대방의 직업이 멋지다고 생각한다.",
          "date": "2022-09-13",
          "time": "12:02:00",
          "terminate": "false"
        },
        {
          "speaker": "speaker2",
          "personaID": "00868",
          "participantID": "24518",
          "utterance": "네. 안경사도 멋있으십니다. 저도 안경을 써서 매번 안경원에 자주 들러요.",
          "summary": "나는 안경을 쓴다.",
          "date": "2022-09-13",
          "time": "12:02:00",
          "terminate": "false"
        },
        {
          "speaker": "speaker1",
          "personaID": "04733",
          "participantID": "24319",
          "utterance": "저도 핸드폰 게임을 자주 했더니 안경을 쓰게 됐는데 안경사라 바로 맞춤 안경을 만들어 썼어요.",
          "summary": "나는 핸드폰 게임을 자주 해서 안경을 쓰게 됐다.",
          "date": "2022-09-13",
          "time": "12:02:00",
          "terminate": "false"
        },
        {
          "speaker": "speaker2",
          "personaID": "00868",
          "participantID": "24518",
          "utterance": "직업이라서 참 좋은 점이네요. 기술이 참 부럽습니다.",
          "summary": "나는 상대방의 기술이 참 부럽다.",
          "date": "2022-09-13",
          "time": "12:02:00",
          "terminate": "false"
        },
        {
          "speaker": "speaker1",
          "personaID": "04733",
          "participantID": "24319",
          "utterance": "감사합니다. 지금도 항해 중이신가요?",
          "summary": "나는 상대방이 항해 중인지 궁금하다.",
          "date": "2022-09-13",
          "time": "12:02:00",
          "terminate": "false"
        },
        {
          "speaker": "speaker2",
          "personaID": "00868",
          "participantID": "24518",
          "utterance": "아죠. 지금은 소주를 마시고 있어요. 일주일에 서너 번은 마시네요.",
          "summary": "나는 소주를 마시고 있다. 나는 일주일에 서너 번은 소주를 마신다.",
          "date": "2022-09-13",
          "time": "12:02:00",
          "terminate": "false"
        },
        {
          "speaker": "speaker1",
          "personaID": "04733",
          "participantID": "24319",
          "utterance": "술을 자주 드시는군요. 몸에 안좋지 않나요?",
          "summary": "나는 상대방이 술을 자주 먹는다고 생각한다.",
          "date": "2022-09-13",
          "time": "12:02:00",
          "terminate": "false"
        },
        {
          "speaker": "speaker2",
          "personaID": "00868",
          "participantID": "24518",
          "utterance": "알지만 마시는 거죠. 술을 잘 안드시나 봐요?",
          "summary": "나는 술이 몸에 안 좋은 걸 알지만 마신다.",
          "date": "2022-09-13",
          "time": "12:02:00",
          "terminate": "false"
        },
        {
          "speaker": "speaker1",
          "personaID": "04733",
          "participantID": "24319",
          "utterance": "사실 저는 술을 좋아해요. 그래서 가족과도 싸워서 애틋하지않게 됐네요. 저 잠시 일 하고 올게요.",
          "summary": "나는 술을 좋아한다. 나는 술 때문에 가족과 싸워서 애틋하지 않게 됐다.",
          "date": "2022-09-13",
          "time": "12:02:00",
          "terminate": "false"
        },
        {
          "speaker": "speaker2",
          "personaID": "00868",
          "participantID": "24518",
          "utterance": "참 슬픈 이야기군요. 그럼 나중에 또 연락해요.",
          "summary": "",
          "date": "2022-09-13",
          "time": "12:02:00",
          "terminate": "true"
        }
      ],
      "sessionPersonaSummary": {
        "speaker1": [
          "나는 50대 여성이다.",
          "나는 안경사다.",
          "나는 상대방의 직업이 멋지다고 생각한다.",
          "나는 핸드폰 게임을 자주 해서 안경을 쓰게 됐다.",
          "나는 상대방이 항해 중인지 궁금하다.",
          "나는 상대방이 술을 자주 먹는다고 생각한다.",
          "나는 술을 좋아한다. 나는 술 때문에 가족과 싸워서 애틋하지 않게 됐다."
        ],
        "speaker2": [
          "나는 60대 이상의 남자다.",
          "나는 항해사다. 나는 R&B 음악을 듣고 있다.",
          "나는 안경을 쓴다.",
          "나는 상대방의 기술이 참 부럽다.",
          "나는 소주를 마시고 있다. 나는 일주일에 서너 번은 소주를 마신다.",
          "나는 술이 몸에 안 좋은 걸 알지만 마신다."
        ]
      },
      "prevAggregatedpersonaSummary": {
        "speaker1": [],
        "speaker2": []
      }
    },
    {
      "prevSessionID": "3-00074-1",
      "prevTimeInfo": {
        "timeNum": "3",
        "timeUnit": "시간"
      },
      "nthSession": "2",
      "numberOfUtterances": "14",
      "numberOfTurns": "7",
      "sessionID": "3-00074-2",
      "dialog": [
        {
          "speaker": "speaker1",
          "personaID": "04733",
          "participantID": "24319",
          "utterance": "드디어 퇴근이네요. 아직 술을 드시나요?",
          "summary": "나는 퇴근을 했다.",
          "date": "2022-09-13",
          "time": "12:02:00",
          "terminate": "false"
        },
        {
          "speaker": "speaker2",
          "personaID": "00868",
          "participantID": "24518",
          "utterance": "네. 시원한 조개탕과 마시고 있네요. 맛 좋네요.",
          "summary": "나는 시원한 조개탕과 소주를 마시고 있다.",
          "date": "2022-09-13",
          "time": "12:02:00",
          "terminate": "false"
        },
        {
          "speaker": "speaker1",
          "personaID": "04733",
          "participantID": "24319",
          "utterance": "안주가 조개탕이라니 완벽하네요. 저는 음료 마시러 카페왔어요.",
          "summary": "나는 음료를 마시러 카페에 왔다.",
          "date": "2022-09-13",
          "time": "12:02:00",
          "terminate": "false"
        },
        {
          "speaker": "speaker2",
          "personaID": "00868",
          "participantID": "24518",
          "utterance": "그러시군요. 카페라니 참 젊은 분이신것 같아요.",
          "summary": "나는 상대방이 젊은것 같다.",
          "date": "2022-09-13",
          "time": "12:02:00",
          "terminate": "false"
        },
        {
          "speaker": "speaker1",
          "personaID": "04733",
          "participantID": "24319",
          "utterance": "요즘 나이 상관없이 카페는 다들 잘 가요. 색다른 음료를 시켰는데 레시피가 궁금하네요.",
          "summary": "나는 색다른 음료를 시켰는데 레시피가 궁금하다.",
          "date": "2022-09-13",
          "time": "12:02:00",
          "terminate": "false"
        },
        {
          "speaker": "speaker2",
          "personaID": "00868",
          "participantID": "24518",
          "utterance": "무슨 음료를 시켰나요? 저는 항해사라 그런지 카페 갈 시간이 없네요.",
          "summary": "나는 항해사라서 카페에 갈 시간이 없다.",
          "date": "2022-09-13",
          "time": "12:02:00",
          "terminate": "false"
        },
        {
          "speaker": "speaker1",
          "personaID": "04733",
          "participantID": "24319",
          "utterance": "초코 쉐이크인데 뭔가 좀 다른거같아요. 직원한테 레시피를 물어보면 알려줄까요?",
          "summary": "나는 초코 셰이크를 시켰는데 다른 거 같다. 나는 직원한테 레시피를 물어보고 싶다.",
          "date": "2022-09-13",
          "time": "12:02:00",
          "terminate": "false"
        },
        {
          "speaker": "speaker2",
          "personaID": "00868",
          "participantID": "24518",
          "utterance": "글쎄요. 그런 걸 알려줄지 저는 잘 모르겠네요.",
          "summary": "나는 레시피를 알려줄지 잘 모르겠다.",
          "date": "2022-09-13",
          "time": "12:02:00",
          "terminate": "false"
        },
        {
          "speaker": "speaker1",
          "personaID": "04733",
          "participantID": "24319",
          "utterance": "한번 물어봐야겠어요. 알려주면 레시피 따라 집에서 만들거에요.",
          "summary": "나는 직원에게 레시피를 물어볼 것이다.",
          "date": "2022-09-13",
          "time": "12:02:00",
          "terminate": "false"
        },
        {
          "speaker": "speaker2",
          "personaID": "00868",
          "participantID": "24518",
          "utterance": "엄청 맛이 있나 보네요. 초코 쉐이크라니 참 귀여운것 같습니다.",
          "summary": "나는 초코 셰이크가 엄청 맛이 있나 보다고 생각한다.",
          "date": "2022-09-13",
          "time": "12:02:00",
          "terminate": "false"
        },
        {
          "speaker": "speaker1",
          "personaID": "04733",
          "participantID": "24319",
          "utterance": "귀엽다니요. 아무튼 다음에 카페 가시게 되면 초코 쉐이크 한번 드셔보세요.",
          "summary": "나는 초코 셰이크를 추천한다.",
          "date": "2022-09-13",
          "time": "12:02:00",
          "terminate": "false"
        },
        {
          "speaker": "speaker2",
          "personaID": "00868",
          "participantID": "24518",
          "utterance": "네. 다음에 기회가 되면 먹어 볼게요. 저는 이제 동료들과 이야기를 해야 겠어요.",
          "summary": "나는 동료들과 이야기를 해야 한다.",
          "date": "2022-09-13",
          "time": "12:02:00",
          "terminate": "false"
        },
        {
          "speaker": "speaker1",
          "personaID": "04733",
          "participantID": "24319",
          "utterance": "다행히 직원이 레시피를 알려주네요. 저는 얼른 집으로 가봐야겠어요. 다음에 봬요.",
          "summary": "나는 집으로 갈 것이다.",
          "date": "2022-09-13",
          "time": "12:02:00",
          "terminate": "false"
        },
        {
          "speaker": "speaker2",
          "personaID": "00868",
          "participantID": "24518",
          "utterance": "네. 그럼 축하드려요. 다음에 또 연락해요.",
          "summary": "",
          "date": "2022-09-13",
          "time": "12:02:00",
          "terminate": "true"
        }
      ],
      "sessionPersonaSummary": {
        "speaker1": [
          "나는 퇴근을 했다.",
          "나는 음료를 마시러 카페에 왔다.",
          "나는 색다른 음료를 시켰는데 레시피가 궁금하다.",
          "나는 초코 셰이크를 시켰는데 다른 거 같다. 나는 직원한테 레시피를 물어보고 싶다.",
          "나는 직원에게 레시피를 물어볼 것이다.",
          "나는 초코 셰이크를 추천한다.",
          "나는 집으로 갈 것이다."
        ],
        "speaker2": [
          "나는 시원한 조개탕과 소주를 마시고 있다.",
          "나는 상대방이 젊은것 같다.",
          "나는 항해사라서 카페에 갈 시간이 없다.",
          "나는 레시피를 알려줄지 잘 모르겠다.",
          "나는 초코 셰이크가 엄청 맛이 있나 보다고 생각한다.",
          "나는 동료들과 이야기를 해야 한다."
        ]
      },
      "prevAggregatedpersonaSummary": {
        "speaker1": [
          "나는 50대 여성이다.",
          "나는 안경사다.",
          "나는 상대방의 직업이 멋지다고 생각한다.",
          "나는 핸드폰 게임을 자주 해서 안경을 쓰게 됐다.",
          "나는 상대방이 항해 중인지 궁금하다.",
          "나는 상대방이 술을 자주 먹는다고 생각한다.",
          "나는 술을 좋아한다. 나는 술 때문에 가족과 싸워서 애틋하지 않게 됐다."
        ],
        "speaker2": [
          "나는 60대 이상의 남자다.",
          "나는 항해사다. 나는 R&B 음악을 듣고 있다.",
          "나는 안경을 쓴다.",
          "나는 상대방의 기술이 참 부럽다.",
          "나는 소주를 마시고 있다. 나는 일주일에 서너 번은 소주를 마신다.",
          "나는 술이 몸에 안 좋은 걸 알지만 마신다."
        ]
      }
    },
    {
      "prevSessionID": "3-00074-2",
      "prevTimeInfo": {
        "timeNum": "2",
        "timeUnit": "일"
      },
      "nthSession": "3",
      "numberOfUtterances": "18",
      "numberOfTurns": "9",
      "sessionID": "3-00074-3",
      "dialog": [
        {
          "speaker": "speaker1",
          "personaID": "04733",
          "participantID": "24319",
          "utterance": "오랜만입니다. 오늘 혹시 항해 하시나요?",
          "summary": "나는 오랜만이다.",
          "date": "2022-09-13",
          "time": "12:02:00",
          "terminate": "false"
        },
        {
          "speaker": "speaker2",
          "personaID": "00868",
          "participantID": "24518",
          "utterance": "저는 일주일간 휴가입니다. 일하시나요?",
          "summary": "나는 일주일간 휴가다.",
          "date": "2022-09-13",
          "time": "12:02:00",
          "terminate": "false"
        },
        {
          "speaker": "speaker1",
          "personaID": "04733",
          "participantID": "24319",
          "utterance": "긴 휴가를 보내시고 계시네요. 네. 저는 지금 안경원입니다.",
          "summary": "나는 지금 안경원에 있다.",
          "date": "2022-09-13",
          "time": "12:02:00",
          "terminate": "false"
        },
        {
          "speaker": "speaker2",
          "personaID": "00868",
          "participantID": "24518",
          "utterance": "그렇군요. 일년중에 제일 소중한 시간이죠. 오늘은 테니스를 치러 갈 거에요.",
          "summary": "나는 테니스를 치러 갈 것이다.",
          "date": "2022-09-13",
          "time": "12:02:00",
          "terminate": "false"
        },
        {
          "speaker": "speaker1",
          "personaID": "04733",
          "participantID": "24319",
          "utterance": "테니스 치는게 취미인가요? 멋지시네요.",
          "summary": "나는 테니스를 치는 상대방이 멋지다.",
          "date": "2022-09-13",
          "time": "12:02:00",
          "terminate": "false"
        },
        {
          "speaker": "speaker2",
          "personaID": "00868",
          "participantID": "24518",
          "utterance": "취미라고 할 수 도 없는게 칠 수 있는 시간이 거의 없어요.",
          "summary": "나는 테니스를 칠 수 있는 시간이 거의 없다.",
          "date": "2022-09-13",
          "time": "12:02:00",
          "terminate": "false"
        },
        {
          "speaker": "speaker1",
          "personaID": "04733",
          "participantID": "24319",
          "utterance": "그러시겠네요. 테니스는 언제부터 치셨어요?",
          "summary": "나는 상대방이 언제부터 테니스를 쳤는지 궁금하다.",
          "date": "2022-09-13",
          "time": "12:02:00",
          "terminate": "false"
        },
        {
          "speaker": "speaker2",
          "personaID": "00868",
          "participantID": "24518",
          "utterance": "저는 젊을때 테니스부였어요. 그래서 가끔 칠 수 있는 거랍니다.",
          "summary": "나는 젊을 때 테니스부였다.",
          "date": "2022-09-13",
          "time": "12:02:00",
          "terminate": "false"
        },
        {
          "speaker": "speaker1",
          "personaID": "04733",
          "participantID": "24319",
          "utterance": "그러시군요.테니스 어렵나요? 저도 한번 치고싶네요.",
          "summary": "나는 테니스를 쳐보고 싶다.",
          "date": "2022-09-13",
          "time": "12:02:00",
          "terminate": "false"
        },
        {
          "speaker": "speaker2",
          "personaID": "00868",
          "participantID": "24518",
          "utterance": "재밌어요~ 팔꿈치만 괜찮으시면 추천드립니다.",
          "summary": "나는 팔꿈치만 괜찮으면 테니스를 추천한다.",
          "date": "2022-09-13",
          "time": "12:02:00",
          "terminate": "false"
        },
        {
          "speaker": "speaker1",
          "personaID": "04733",
          "participantID": "24319",
          "utterance": "팔꿈치가 테니스 치는데 관련이 많이 있나요?",
          "summary": "나는 팔꿈치가 테니스 치는데 관련이 많은지 궁금하다.",
          "date": "2022-09-13",
          "time": "12:02:00",
          "terminate": "false"
        },
        {
          "speaker": "speaker2",
          "personaID": "00868",
          "participantID": "24518",
          "utterance": "테니스 엘보에 걸리는 사람이 많이 있어요. 점심은 드셨나요?",
          "summary": "나는 테니스 엘보에 걸리는 사람이 많다고 말했다.",
          "date": "2022-09-13",
          "time": "12:02:16",
          "terminate": "false"
        },
        {
          "speaker": "speaker1",
          "personaID": "04733",
          "participantID": "24319",
          "utterance": "그런 일도 있군요. 아직이요. 점심 먹으려고 배달 시켰어요.",
          "summary": "나는 점심을 먹으려고 배달을 시켜놨다.",
          "date": "2022-09-13",
          "time": "12:02:28",
          "terminate": "false"
        },
        {
          "speaker": "speaker2",
          "personaID": "00868",
          "participantID": "24518",
          "utterance": "어떤것을 드시나요? 점심은 저도 밖에서 먹어야 할 것 같은데 고민이네요.",
          "summary": "나는 점심을 고민한다.",
          "date": "2022-09-13",
          "time": "12:02:48",
          "terminate": "false"
        },
        {
          "speaker": "speaker1",
          "personaID": "04733",
          "participantID": "24319",
          "utterance": "마라탕을 먹으려고 시켰어요. 점심 마라탕 어떠세요?",
          "summary": "나는 마라탕을 시켜놨다.",
          "date": "2022-09-13",
          "time": "12:02:51",
          "terminate": "false"
        },
        {
          "speaker": "speaker2",
          "personaID": "00868",
          "participantID": "24518",
          "utterance": "그렇군요. 저는 마라탕과 비슷한 짬뽕을 먹어야 겠어요.",
          "summary": "나는 짬뽕을 먹어야겠다.",
          "date": "2022-09-13",
          "time": "12:03:20",
          "terminate": "false"
        },
        {
          "speaker": "speaker1",
          "personaID": "04733",
          "participantID": "24319",
          "utterance": "그럼 저는 점심을 먹어야겠어요. 점심 맛있게 드세요!",
          "summary": "나는 점심을 먹을 것이다.",
          "date": "2022-09-13",
          "time": "12:03:29",
          "terminate": "false"
        },
        {
          "speaker": "speaker2",
          "personaID": "00868",
          "participantID": "24518",
          "utterance": "네. 그럼 식사 맛있게 하세요. 오늘은 이만 여기까지 연락 하겠습니다.",
          "summary": "",
          "date": "2022-09-13",
          "time": "12:03:42",
          "terminate": "true"
        }
      ],
      "sessionPersonaSummary": {
        "speaker1": [
          "나는 오랜만이다.",
          "나는 지금 안경원에 있다.",
          "나는 테니스를 치는 상대방이 멋지다.",
          "나는 상대방이 언제부터 테니스를 쳤는지 궁금하다.",
          "나는 테니스를 쳐보고 싶다.",
          "나는 팔꿈치가 테니스 치는데 관련이 많은지 궁금하다.",
          "나는 점심을 먹으려고 배달을 시켜놨다.",
          "나는 마라탕을 시켜놨다.",
          "나는 점심을 먹을 것이다."
        ],
        "speaker2": [
          "나는 일주일간 휴가다.",
          "나는 테니스를 치러 갈 것이다.",
          "나는 테니스를 칠 수 있는 시간이 거의 없다.",
          "나는 젊을 때 테니스부였다.",
          "나는 팔꿈치만 괜찮으면 테니스를 추천한다.",
          "나는 테니스 엘보에 걸리는 사람이 많다고 말했다.",
          "나는 점심을 고민한다.",
          "나는 짬뽕을 먹어야겠다."
        ]
      },
      "prevAggregatedpersonaSummary": {
        "speaker1": [
          "나는 50대 여성이다.",
          "나는 안경사다.",
          "나는 상대방의 직업이 멋지다고 생각한다.",
          "나는 핸드폰 게임을 자주 해서 안경을 쓰게 됐다.",
          "나는 상대방이 항해 중인지 궁금하다.",
          "나는 상대방이 술을 자주 먹는다고 생각한다.",
          "나는 술을 좋아한다. 나는 술 때문에 가족과 싸워서 애틋하지 않게 됐다.",
          "나는 퇴근을 했다.",
          "나는 음료를 마시러 카페에 왔다.",
          "나는 색다른 음료를 시켰는데 레시피가 궁금하다.",
          "나는 초코 셰이크를 시켰는데 다른 거 같다. 나는 직원한테 레시피를 물어보고 싶다.",
          "나는 직원에게 레시피를 물어볼 것이다.",
          "나는 초코 셰이크를 추천한다.",
          "나는 집으로 갈 것이다."
        ],
        "speaker2": [
          "나는 60대 이상의 남자다.",
          "나는 항해사다. 나는 R&B 음악을 듣고 있다.",
          "나는 안경을 쓴다.",
          "나는 상대방의 기술이 참 부럽다.",
          "나는 소주를 마시고 있다. 나는 일주일에 서너 번은 소주를 마신다.",
          "나는 술이 몸에 안 좋은 걸 알지만 마신다.",
          "나는 시원한 조개탕과 소주를 마시고 있다.",
          "나는 상대방이 젊은것 같다.",
          "나는 항해사라서 카페에 갈 시간이 없다.",
          "나는 레시피를 알려줄지 잘 모르겠다.",
          "나는 초코 셰이크가 엄청 맛이 있나 보다고 생각한다.",
          "나는 동료들과 이야기를 해야 한다."
        ]
      }
    }
  ]
}