{
  "FileInfo": {
    "filename": "K3-00127-CL01389-CP00290-09-04-S3.json",
    "sessionLevel": "3"
  },
  "participantsInfo": {
    "numberOfParticipants": "2",
    "speaker1": {
      "participantID": "25469",
      "gender": "남성",
      "age": "20대",
      "occupation": "사무직",
      "bPlace": "서울/경기/인천",
      "gPlace": "서울/경기/인천",
      "rPlace": "서울/경기/인천",
      "educationLevel": "고졸"
    },
    "speaker2": {
      "participantID": "24001",
      "gender": "남성",
      "age": "30대",
      "occupation": "자영업",
      "bPlace": "서울/경기/인천",
      "gPlace": "서울/경기/인천",
      "rPlace": "서울/경기/인천",
      "educationLevel": "대졸"
    }
  },
  "multisessionInfo": {
    "multisessionID": "3-00127"
  },
  "personaInfo": {
    "clInfo": {
      "personaID": "01389",
      "personaFeatures": [
        "나는 남자이다.",
        "나는 20대이다.",
        "나의 아버지는 자영업을 한다.",
        "나는 매우 사교적이다.",
        "나는 작가이다."
      ],
      "speakerType": "speaker1"
    },
    "cpInfo": {
      "personaID": "00290",
      "personaFeatures": [
        "나는 남자이다.",
        "나는 30대이다.",
        "나는 정원을 가꾸는 게 지루하다.",
        "나는 홈트레이닝을 가끔 한다.",
        "나는 파전을 안 먹는다."
      ],
      "speakerType": "speaker2"
    }
  },
  "topicInfo": {
    "topicID": "09-04",
    "topicType": "개인 및 관계>반려동물",
    "topicTitle": "반려동물 용품"
  },
  "sessionInfo": [
    {
      "prevSessionID": null,
      "prevTimeInfo": {
        "timeNum": null,
        "timeUnit": null
      },
      "nthSession": "1",
      "numberOfUtterances": "14",
      "numberOfTurns": "7",
      "sessionID": "3-00127-1",
      "dialog": [
        {
          "speaker": "speaker1",
          "personaID": "01389",
          "participantID": "25469",
          "utterance": "안녕하세요. 저는 20대 남자입니다.",
          "summary": "나는 20대 남성이다.",
          "date": "2022-09-13",
          "time": "12:57:26",
          "terminate": "false"
        },
        {
          "speaker": "speaker2",
          "personaID": "00290",
          "participantID": "24001",
          "utterance": "안녕하세요. 저는 30대 남자입니다.",
          "summary": "나는 30대 남성이다.",
          "date": "2022-09-13",
          "time": "12:57:34",
          "terminate": "false"
        },
        {
          "speaker": "speaker1",
          "personaID": "01389",
          "participantID": "25469",
          "utterance": "저는 작가입니다. 책을 씁니다. 혹시 책 좋아하세요?",
          "summary": "나는 작가이다.",
          "date": "2022-09-13",
          "time": "12:57:55",
          "terminate": "false"
        },
        {
          "speaker": "speaker2",
          "personaID": "00290",
          "participantID": "24001",
          "utterance": "저는 책보다는 운동을 좋아해서 지금 홈트레이닝 중이에요. 운동은 좋아하세요?",
          "summary": "나는 홈트레이닝 중이다.",
          "date": "2022-09-13",
          "time": "12:58:26",
          "terminate": "false"
        },
        {
          "speaker": "speaker1",
          "personaID": "01389",
          "participantID": "25469",
          "utterance": "운동 좋아해요. 그래서 저는 운동 클럽도 가입했어요. 매우 사교적이죠.",
          "summary": "나는 운동 클럽도 가입했다. 나는 매우 사교적이다.",
          "date": "2022-09-13",
          "time": "12:58:41",
          "terminate": "false"
        },
        {
          "speaker": "speaker2",
          "personaID": "00290",
          "participantID": "24001",
          "utterance": "그러시군요. 저도 가끔 홈트레이닝을 하고 헬스랑 스피닝도 해요.",
          "summary": "나는 가끔 홈트레이닝과 헬스와 스피닝을 한다.",
          "date": "2022-09-13",
          "time": "12:59:04",
          "terminate": "false"
        },
        {
          "speaker": "speaker1",
          "personaID": "01389",
          "participantID": "25469",
          "utterance": "운동에 진심이시네요. 직업이 어떻게 되세요?",
          "summary": "나는 상대방이 운동에 진심이라고 생각한다.",
          "date": "2022-09-13",
          "time": "12:59:22",
          "terminate": "false"
        },
        {
          "speaker": "speaker2",
          "personaID": "00290",
          "participantID": "24001",
          "utterance": "저는 정원사에요. 그런데 정원을 가꾸는게 지루해서 트레이너로 전향할까 싶어요.",
          "summary": "나는 정원사이지만 정원을 가꾸는 게 지루해서 트레이너로 전향할 생각을 하고 있다.",
          "date": "2022-09-13",
          "time": "12:59:43",
          "terminate": "false"
        },
        {
          "speaker": "speaker1",
          "personaID": "01389",
          "participantID": "25469",
          "utterance": "멋지시네요. 트레이너 하시면 정말 잘 하실거같아요.",
          "summary": "나는 상대방이 트레이너를 하면 잘할 거 같다.",
          "date": "2022-09-13",
          "time": "13:00:04",
          "terminate": "false"
        },
        {
          "speaker": "speaker2",
          "personaID": "00290",
          "participantID": "24001",
          "utterance": "감사합니다. 작가분께서는 어떤 책을 쓰셨나요?",
          "summary": "나는 상대방이 어떤 책을 썼는지 궁금하다.",
          "date": "2022-09-13",
          "time": "13:00:23",
          "terminate": "false"
        },
        {
          "speaker": "speaker1",
          "personaID": "01389",
          "participantID": "25469",
          "utterance": "저는 이번에 베스트 셀러 5위를 했어요. 혹시 아시나요?",
          "summary": "나는 이번에 베스트셀러 5위를 했다.",
          "date": "2022-09-13",
          "time": "13:00:36",
          "terminate": "false"
        },
        {
          "speaker": "speaker2",
          "personaID": "00290",
          "participantID": "24001",
          "utterance": "찾아 볼게요! 그럼 일단 저는 저녁을 먹어야 겠어요.",
          "summary": "나는 저녁을 먹어야겠다.",
          "date": "2022-09-13",
          "time": "13:00:52",
          "terminate": "false"
        },
        {
          "speaker": "speaker1",
          "personaID": "01389",
          "participantID": "25469",
          "utterance": "네 알겠습니다. 저녁 맛있게 드시고 연락주세요!",
          "summary": "",
          "date": "2022-09-13",
          "time": "13:00:57",
          "terminate": "false"
        },
        {
          "speaker": "speaker2",
          "personaID": "00290",
          "participantID": "24001",
          "utterance": "네. 그럼 나중에 또 연락할게요! 좋은 저녁 보내세요.",
          "summary": "",
          "date": "2022-09-13",
          "time": "13:01:10",
          "terminate": "true"
        }
      ],
      "sessionPersonaSummary": {
        "speaker1": [
          "나는 20대 남성이다.",
          "나는 작가이다.",
          "나는 운동 클럽도 가입했다. 나는 매우 사교적이다.",
          "나는 상대방이 운동에 진심이라고 생각한다.",
          "나는 상대방이 트레이너를 하면 잘할 거 같다.",
          "나는 이번에 베스트셀러 5위를 했다."
        ],
        "speaker2": [
          "나는 30대 남성이다.",
          "나는 홈트레이닝 중이다.",
          "나는 가끔 홈트레이닝과 헬스와 스피닝을 한다.",
          "나는 정원사이지만 정원을 가꾸는 게 지루해서 트레이너로 전향할 생각을 하고 있다.",
          "나는 상대방이 어떤 책을 썼는지 궁금하다.",
          "나는 저녁을 먹어야겠다."
        ]
      },
      "prevAggregatedpersonaSummary": {
        "speaker1": [],
        "speaker2": []
      }
    },
    {
      "prevSessionID": "3-00127-1",
      "prevTimeInfo": {
        "timeNum": "1",
        "timeUnit": "일"
      },
      "nthSession": "2",
      "numberOfUtterances": "18",
      "numberOfTurns": "9",
      "sessionID": "3-00127-2",
      "dialog": [
        {
          "speaker": "speaker1",
          "personaID": "01389",
          "participantID": "25469",
          "utterance": "좋은 하루가 시작되었네요. 저는 제 미미 데리고 쇼핑중이에요.",
          "summary": "나는 미미를 데리고 쇼핑 중이다.",
          "date": "2022-09-13",
          "time": "13:01:20",
          "terminate": "false"
        },
        {
          "speaker": "speaker2",
          "personaID": "00290",
          "participantID": "24001",
          "utterance": "미미가 혹시 반려 동물인가요? 인형은 아니죠..?",
          "summary": "나는 미미가 반려 동물인지 궁금하다.",
          "date": "2022-09-13",
          "time": "13:01:35",
          "terminate": "false"
        },
        {
          "speaker": "speaker1",
          "personaID": "01389",
          "participantID": "25469",
          "utterance": "맞아요! 바로 알아채시네요! 제가 키우는 강아지랍니다.",
          "summary": "나는 강아지를 키운다.",
          "date": "2022-09-13",
          "time": "13:01:44",
          "terminate": "false"
        },
        {
          "speaker": "speaker2",
          "personaID": "00290",
          "participantID": "24001",
          "utterance": "그렇군요. 미미가 참 귀여울것 같아요. 쇼핑은 무슨 쇼핑을 하고 계시나요?",
          "summary": "나는 미미가 참 귀여울 것 같다.",
          "date": "2022-09-13",
          "time": "13:02:15",
          "terminate": "false"
        },
        {
          "speaker": "speaker1",
          "personaID": "01389",
          "participantID": "25469",
          "utterance": "강아지 옷이랑 간식이랑 장난감 사려구요.",
          "summary": "나는 강아지 옷이랑 간식, 장난감을 살 것이다.",
          "date": "2022-09-13",
          "time": "13:03:02",
          "terminate": "false"
        },
        {
          "speaker": "speaker2",
          "personaID": "00290",
          "participantID": "24001",
          "utterance": "그렇군요. 저도 얘전에 강아지를 키울때 썼던 장난감이 있는데 새거는 혹시 보내드릴까요?",
          "summary": "나는 예전에 강아지를 키울 때 썼던 장난감이 있다.",
          "date": "2022-09-13",
          "time": "13:03:27",
          "terminate": "false"
        },
        {
          "speaker": "speaker1",
          "personaID": "01389",
          "participantID": "25469",
          "utterance": "네 완전 좋죠! 요즘 반려동물 용품도 너무 비싸요.",
          "summary": "나는 요즘 반려동물 용품이 너무 비싸다고 생각한다.",
          "date": "2022-09-13",
          "time": "13:03:37",
          "terminate": "false"
        },
        {
          "speaker": "speaker2",
          "personaID": "00290",
          "participantID": "24001",
          "utterance": "맞아요. 그때도 비쌌는데 지금은 더 비싼가봐요!",
          "summary": "나는 반려동물 용품이 그때도 비쌌다고 말했다.",
          "date": "2022-09-13",
          "time": "13:03:57",
          "terminate": "false"
        },
        {
          "speaker": "speaker1",
          "personaID": "01389",
          "participantID": "25469",
          "utterance": "맞아요. 강아지 사료값도 엄청 올라서 제 밥값보다 더 나가요.",
          "summary": "나는 내 밥값보다 강아지 사료값이 더 나간다.",
          "date": "2022-09-13",
          "time": "13:04:13",
          "terminate": "false"
        },
        {
          "speaker": "speaker2",
          "personaID": "00290",
          "participantID": "24001",
          "utterance": "그렇군요. 역시 동물을 키우는것은 참 쉽지가 않네요.",
          "summary": "나는 동물을 키우는 것은 쉽지가 않다고 생각한다.",
          "date": "2022-09-13",
          "time": "13:04:29",
          "terminate": "false"
        },
        {
          "speaker": "speaker1",
          "personaID": "01389",
          "participantID": "25469",
          "utterance": "맞아요. 강아지는 키우는게 다가 아니라 용품도 사야하고 병원도 가야하니까요.",
          "summary": "나는 상대방의 말에 동의한다.",
          "date": "2022-09-13",
          "time": "13:04:43",
          "terminate": "false"
        },
        {
          "speaker": "speaker2",
          "personaID": "00290",
          "participantID": "24001",
          "utterance": "맞아요. 저도 반려동물 용품이 너무 비싸서 두번은 못키우겠더라고요.",
          "summary": "나는 반려동물 용품이 너무 비싸서 반려동물을 두 번은 못 키우겠다.",
          "date": "2022-09-13",
          "time": "13:04:55",
          "terminate": "false"
        },
        {
          "speaker": "speaker1",
          "personaID": "01389",
          "participantID": "25469",
          "utterance": "예전에 언제 강아지를 키우셨나요? 아 혹시 대형견인가요?",
          "summary": "나는 상대방이 언제 강아지를 키웠는지 궁금하다.",
          "date": "2022-09-13",
          "time": "13:05:22",
          "terminate": "false"
        },
        {
          "speaker": "speaker2",
          "personaID": "00290",
          "participantID": "24001",
          "utterance": "네. 3년전에 하늘로 갔어요. 시베리아 허스키였어요.",
          "summary": "나는 3년 전 시베리아 허스키가 하늘로 갔다.",
          "date": "2022-09-13",
          "time": "13:05:41",
          "terminate": "false"
        },
        {
          "speaker": "speaker1",
          "personaID": "01389",
          "participantID": "25469",
          "utterance": "강아지 하늘나라에 가는거 생각하면 너무 끔찍해요. 강아지가 매우 대형견이네요!",
          "summary": "나는 강아지가 하늘나라에 가는 거 생각하면 끔찍하다.",
          "date": "2022-09-13",
          "time": "13:05:53",
          "terminate": "false"
        },
        {
          "speaker": "speaker2",
          "personaID": "00290",
          "participantID": "24001",
          "utterance": "어떤 강아지를 키우고 있나요? 미미는 왠지 프렌치 불독일것 같아요!",
          "summary": "나는 미미가 프렌치 불도그일 것 같다.",
          "date": "2022-09-13",
          "time": "13:06:28",
          "terminate": "false"
        },
        {
          "speaker": "speaker1",
          "personaID": "01389",
          "participantID": "25469",
          "utterance": "헉 맞아요! 딱 잘 아시네요. 그리고 수컷이랍니다. 저는 이만 쇼핑 하고 올게요.",
          "summary": "나는 수컷을 키운다. 나는 이만 쇼핑을 할 것이다.",
          "date": "2022-09-13",
          "time": "13:06:51",
          "terminate": "false"
        },
        {
          "speaker": "speaker2",
          "personaID": "00290",
          "participantID": "24001",
          "utterance": "네. 그럼 다음에 또 연락해요! 그럼 즐거운 쇼핑하세요~",
          "summary": "",
          "date": "2022-09-13",
          "time": "13:09:09",
          "terminate": "true"
        }
      ],
      "sessionPersonaSummary": {
        "speaker1": [
          "나는 미미를 데리고 쇼핑 중이다.",
          "나는 강아지를 키운다.",
          "나는 강아지 옷이랑 간식, 장난감을 살 것이다.",
          "나는 요즘 반려동물 용품이 너무 비싸다고 생각한다.",
          "나는 내 밥값보다 강아지 사료값이 더 나간다.",
          "나는 상대방의 말에 동의한다.",
          "나는 상대방이 언제 강아지를 키웠는지 궁금하다.",
          "나는 강아지가 하늘나라에 가는 거 생각하면 끔찍하다.",
          "나는 수컷을 키운다. 나는 이만 쇼핑을 할 것이다."
        ],
        "speaker2": [
          "나는 미미가 반려 동물인지 궁금하다.",
          "나는 미미가 참 귀여울 것 같다.",
          "나는 예전에 강아지를 키울 때 썼던 장난감이 있다.",
          "나는 반려동물 용품이 그때도 비쌌다고 말했다.",
          "나는 동물을 키우는 것은 쉽지가 않다고 생각한다.",
          "나는 반려동물 용품이 너무 비싸서 반려동물을 두 번은 못 키우겠다.",
          "나는 3년 전 시베리아 허스키가 하늘로 갔다.",
          "나는 미미가 프렌치 불도그일 것 같다."
        ]
      },
      "prevAggregatedpersonaSummary": {
        "speaker1": [
          "나는 20대 남성이다.",
          "나는 작가이다.",
          "나는 운동 클럽도 가입했다. 나는 매우 사교적이다.",
          "나는 상대방이 운동에 진심이라고 생각한다.",
          "나는 상대방이 트레이너를 하면 잘할 거 같다.",
          "나는 이번에 베스트셀러 5위를 했다."
        ],
        "speaker2": [
          "나는 30대 남성이다.",
          "나는 홈트레이닝 중이다.",
          "나는 가끔 홈트레이닝과 헬스와 스피닝을 한다.",
          "나는 정원사이지만 정원을 가꾸는 게 지루해서 트레이너로 전향할 생각을 하고 있다.",
          "나는 상대방이 어떤 책을 썼는지 궁금하다.",
          "나는 저녁을 먹어야겠다."
        ]
      }
    },
    {
      "prevSessionID": "3-00127-2",
      "prevTimeInfo": {
        "timeNum": "2",
        "timeUnit": "일"
      },
      "nthSession": "3",
      "numberOfUtterances": "14",
      "numberOfTurns": "7",
      "sessionID": "3-00127-3",
      "dialog": [
        {
          "speaker": "speaker1",
          "personaID": "01389",
          "participantID": "25469",
          "utterance": "잘 지내고 계시나요? 저는 아버지 자영업을 도와드리고있어요.",
          "summary": "나는 아버지 자영업을 도와주고 있다.",
          "date": "2022-09-13",
          "time": "13:09:59",
          "terminate": "false"
        },
        {
          "speaker": "speaker2",
          "personaID": "00290",
          "participantID": "24001",
          "utterance": "정말 잘 키운 아들이시네요! 저는 지금 점심 먹을 궁리나 하고 있네요.",
          "summary": "나는 점심 먹을 궁리를 하고 있다.",
          "date": "2022-09-13",
          "time": "13:11:11",
          "terminate": "false"
        },
        {
          "speaker": "speaker1",
          "personaID": "01389",
          "participantID": "25469",
          "utterance": "점심 뭐 드실건가요? 저도 점심 먹어야해요!",
          "summary": "나는 점심을 먹을 것이다.",
          "date": "2022-09-13",
          "time": "13:11:19",
          "terminate": "false"
        },
        {
          "speaker": "speaker2",
          "personaID": "00290",
          "participantID": "24001",
          "utterance": "저는 집에 파전이 있는데 제가 안먹어서.. 된장찌개를 끓여볼까 싶어요.",
          "summary": "나는 파전을 먹지 않는다. 나는 된장찌개를 끓여볼까 싶다.",
          "date": "2022-09-13",
          "time": "13:11:39",
          "terminate": "false"
        },
        {
          "speaker": "speaker1",
          "personaID": "01389",
          "participantID": "25469",
          "utterance": "요리 잘 하세요? 저는 요리는 못해요.",
          "summary": "나는 요리는 못한다.",
          "date": "2022-09-13",
          "time": "13:11:47",
          "terminate": "false"
        },
        {
          "speaker": "speaker2",
          "personaID": "00290",
          "participantID": "24001",
          "utterance": "그렇군요. 저는 요리를 좀 잘하는 편이긴 해요.",
          "summary": "나는 요리를 잘하는 편이다.",
          "date": "2022-09-13",
          "time": "13:12:00",
          "terminate": "false"
        },
        {
          "speaker": "speaker1",
          "personaID": "01389",
          "participantID": "25469",
          "utterance": "부럽네요. 그러면 오늘 일은 안하세요?",
          "summary": "",
          "date": "2022-09-13",
          "time": "13:12:45",
          "terminate": "false"
        },
        {
          "speaker": "speaker2",
          "personaID": "00290",
          "participantID": "24001",
          "utterance": "아빠가 요리사라서 옆에서 곁눈질로 배웠어요. 저는 정원사 일을 그만뒀어요.",
          "summary": "나는 요리사인 아빠 옆에서 곁눈질로 요리를 배웠다. 나는 정원사를 그만뒀다.",
          "date": "2022-09-13",
          "time": "13:12:56",
          "terminate": "false"
        },
        {
          "speaker": "speaker1",
          "personaID": "01389",
          "participantID": "25469",
          "utterance": "곁눈질로 배운건데도 잘 하시나봐요! 대단하시네요. 그럼 이제 트레이너 하시는건가요?",
          "summary": "",
          "date": "2022-09-13",
          "time": "13:13:18",
          "terminate": "false"
        },
        {
          "speaker": "speaker2",
          "personaID": "00290",
          "participantID": "24001",
          "utterance": "이력서를 넣고 있어요. 잘 됐으면 좋겠어요.",
          "summary": "나는 이력서를 넣고 있다.",
          "date": "2022-09-13",
          "time": "13:13:46",
          "terminate": "false"
        },
        {
          "speaker": "speaker1",
          "personaID": "01389",
          "participantID": "25469",
          "utterance": "잘 되실거에요! 너무 걱정하지마세요. 트레이너 되시면 저도 pt받으러 갈게요.",
          "summary": "나는 상대방이 트레이너가 되면 pt 받으러 갈 것이다.",
          "date": "2022-09-13",
          "time": "13:14:01",
          "terminate": "false"
        },
        {
          "speaker": "speaker2",
          "personaID": "00290",
          "participantID": "24001",
          "utterance": "네. 감사합니다. 좋은 가격으로 해드릴게요. 저는 이제 전화를 좀 해야 할 것 같아요.",
          "summary": "나는 전화를 좀 해야 할 것 같다.",
          "date": "2022-09-13",
          "time": "13:14:19",
          "terminate": "false"
        },
        {
          "speaker": "speaker1",
          "personaID": "01389",
          "participantID": "25469",
          "utterance": "감사합니다. 전화 받고 오세요 !저는 점심 먹고 올게요.",
          "summary": "나는 점심을 먹고 올 것이다.",
          "date": "2022-09-13",
          "time": "13:14:23",
          "terminate": "false"
        },
        {
          "speaker": "speaker2",
          "personaID": "00290",
          "participantID": "24001",
          "utterance": "네! 그럼 좋은 하루 보내세요. 오늘 참 즐거운 대화였습니다.",
          "summary": "",
          "date": "2022-09-13",
          "time": "13:14:42",
          "terminate": "true"
        }
      ],
      "sessionPersonaSummary": {
        "speaker1": [
          "나는 아버지 자영업을 도와주고 있다.",
          "나는 점심을 먹을 것이다.",
          "나는 요리는 못한다.",
          "나는 상대방이 트레이너가 되면 pt 받으러 갈 것이다.",
          "나는 점심을 먹고 올 것이다."
        ],
        "speaker2": [
          "나는 점심 먹을 궁리를 하고 있다.",
          "나는 파전을 먹지 않는다. 나는 된장찌개를 끓여볼까 싶다.",
          "나는 요리를 잘하는 편이다.",
          "나는 요리사인 아빠 옆에서 곁눈질로 요리를 배웠다. 나는 정원사를 그만뒀다.",
          "나는 이력서를 넣고 있다.",
          "나는 전화를 좀 해야 할 것 같다."
        ]
      },
      "prevAggregatedpersonaSummary": {
        "speaker1": [
          "나는 20대 남성이다.",
          "나는 작가이다.",
          "나는 운동 클럽도 가입했다. 나는 매우 사교적이다.",
          "나는 상대방이 운동에 진심이라고 생각한다.",
          "나는 상대방이 트레이너를 하면 잘할 거 같다.",
          "나는 이번에 베스트셀러 5위를 했다.",
          "나는 미미를 데리고 쇼핑 중이다.",
          "나는 강아지를 키운다.",
          "나는 강아지 옷이랑 간식, 장난감을 살 것이다.",
          "나는 요즘 반려동물 용품이 너무 비싸다고 생각한다.",
          "나는 내 밥값보다 강아지 사료값이 더 나간다.",
          "나는 상대방의 말에 동의한다.",
          "나는 상대방이 언제 강아지를 키웠는지 궁금하다.",
          "나는 강아지가 하늘나라에 가는 거 생각하면 끔찍하다.",
          "나는 수컷을 키운다. 나는 이만 쇼핑을 할 것이다."
        ],
        "speaker2": [
          "나는 30대 남성이다.",
          "나는 홈트레이닝 중이다.",
          "나는 가끔 홈트레이닝과 헬스와 스피닝을 한다.",
          "나는 정원사이지만 정원을 가꾸는 게 지루해서 트레이너로 전향할 생각을 하고 있다.",
          "나는 상대방이 어떤 책을 썼는지 궁금하다.",
          "나는 저녁을 먹어야겠다.",
          "나는 미미가 반려 동물인지 궁금하다.",
          "나는 미미가 참 귀여울 것 같다.",
          "나는 예전에 강아지를 키울 때 썼던 장난감이 있다.",
          "나는 반려동물 용품이 그때도 비쌌다고 말했다.",
          "나는 동물을 키우는 것은 쉽지가 않다고 생각한다.",
          "나는 반려동물 용품이 너무 비싸서 반려동물을 두 번은 못 키우겠다.",
          "나는 3년 전 시베리아 허스키가 하늘로 갔다.",
          "나는 미미가 프렌치 불도그일 것 같다."
        ]
      }
    }
  ]
}