{
  "FileInfo": {
    "filename": "K3-00537-CL03829-CP02302-16-13-S3.json",
    "sessionLevel": "3"
  },
  "participantsInfo": {
    "numberOfParticipants": "2",
    "speaker1": {
      "participantID": "25718",
      "gender": "여성",
      "age": "40대",
      "occupation": "사무직",
      "bPlace": "대전/세종/충청/강원",
      "gPlace": "대전/세종/충청/강원",
      "rPlace": "대전/세종/충청/강원",
      "educationLevel": "대졸"
    },
    "speaker2": {
      "participantID": "24495",
      "gender": "남성",
      "age": "30대",
      "occupation": "사무직",
      "bPlace": "서울/경기/인천",
      "gPlace": "서울/경기/인천",
      "rPlace": "서울/경기/인천",
      "educationLevel": "대졸"
    }
  },
  "multisessionInfo": {
    "multisessionID": "3-00537"
  },
  "personaInfo": {
    "clInfo": {
      "personaID": "03829",
      "personaFeatures": [
        "나는 여자이다.",
        "나는 40대이다.",
        "나는 종교가 없다.",
        "나는 판타지 영화를 가끔 본다.",
        "나는 포크음악을 싫어한다."
      ],
      "speakerType": "speaker1"
    },
    "cpInfo": {
      "personaID": "02302",
      "personaFeatures": [
        "나는 남자이다.",
        "나는 30대이다.",
        "나의 거주지는 경기도이다.",
        "나는 함박스테이크를 싫어한다.",
        "나는 판타지 영화를 좋아한다."
      ],
      "speakerType": "speaker2"
    }
  },
  "topicInfo": {
    "topicID": "16-13",
    "topicType": "미용과 건강>미용",
    "topicTitle": "기미"
  },
  "sessionInfo": [
    {
      "prevSessionID": null,
      "prevTimeInfo": {
        "timeNum": null,
        "timeUnit": null
      },
      "nthSession": "1",
      "numberOfUtterances": "16",
      "numberOfTurns": "8",
      "sessionID": "3-00537-1",
      "dialog": [
        {
          "speaker": "speaker1",
          "personaID": "03829",
          "participantID": "25718",
          "utterance": "안녕하세요ㅎㅎ무 종교인 40대 여자입니다.",
          "summary": "나는 40대 여자이다. 나는 종교가 없다.",
          "date": "2022-09-12",
          "time": "14:32:02",
          "terminate": "false"
        },
        {
          "speaker": "speaker2",
          "personaID": "02302",
          "participantID": "24495",
          "utterance": "만나서 반갑습니다! 경기도 사는 30대 남성입니다 ㅎㅎ.",
          "summary": "나는 30대 남성이다. 나의 거주지는 경기도이다.",
          "date": "2022-09-12",
          "time": "14:32:09",
          "terminate": "false"
        },
        {
          "speaker": "speaker1",
          "personaID": "03829",
          "participantID": "25718",
          "utterance": "ㅎㅎ반갑습니다. 어떤 일 하세요? 저는 동네에서 카페를 운영해요.",
          "summary": "나는 카페를 운영한다.",
          "date": "2022-09-12",
          "time": "14:32:21",
          "terminate": "false"
        },
        {
          "speaker": "speaker2",
          "personaID": "02302",
          "participantID": "24495",
          "utterance": "카페 운영을 하시는군요! 저는 작은 옷가게를 운영하고 있습니다 ㅎㅎ.",
          "summary": "나는 옷가게를 운영한다.",
          "date": "2022-09-12",
          "time": "14:32:37",
          "terminate": "false"
        },
        {
          "speaker": "speaker1",
          "personaID": "03829",
          "participantID": "25718",
          "utterance": "좋네요ㅎㅎ다음에 놀러갈게요. 주로 어떤 옷을 판매하시나요?",
          "summary": "",
          "date": "2022-09-12",
          "time": "14:32:47",
          "terminate": "false"
        },
        {
          "speaker": "speaker2",
          "personaID": "02302",
          "participantID": "24495",
          "utterance": "세미캐쥬얼을 많이 판매하는 편이에요 ㅎㅎ 작은 가게다보니 단골손님 위주로 판매되네요 ㅎㅎ.",
          "summary": "나는 세미 캐주얼을 판매하는 옷장사를 한다.",
          "date": "2022-09-12",
          "time": "14:33:08",
          "terminate": "false"
        },
        {
          "speaker": "speaker1",
          "personaID": "03829",
          "participantID": "25718",
          "utterance": "그래도 자영업을 하시는게 멋진데요ㅎㅎ운영하신진 얼마나 되셨어요?",
          "summary": "나는 자영업을 하는 상대방이 멋지다고 생각한다.",
          "date": "2022-09-12",
          "time": "14:33:22",
          "terminate": "false"
        },
        {
          "speaker": "speaker2",
          "personaID": "02302",
          "participantID": "24495",
          "utterance": "선생님도 같은 자영업인데 대단하십니다~ㅎㅎ 저는 7년 됐어요 ㅎㅎ 그래도 좀 일찍 시작해서..",
          "summary": "나는 상대방이 대단하다고 생각한다. 나는 7년간 옷가게를 운영했다.",
          "date": "2022-09-12",
          "time": "14:33:44",
          "terminate": "false"
        },
        {
          "speaker": "speaker1",
          "personaID": "03829",
          "participantID": "25718",
          "utterance": "야무지셨네요ㅎㅎ처음엔 옷 장사를 어떻게 시작하게 되셨어요?",
          "summary": "",
          "date": "2022-09-12",
          "time": "14:33:57",
          "terminate": "false"
        },
        {
          "speaker": "speaker2",
          "personaID": "02302",
          "participantID": "24495",
          "utterance": "제가 패션에 관심이 많다 보니 자연스레 시작하게 되었어요 ㅎㅎ 선생님의 계기도 궁금하네요!",
          "summary": "나는 패션에 관심이 많다.",
          "date": "2022-09-12",
          "time": "14:34:22",
          "terminate": "false"
        },
        {
          "speaker": "speaker1",
          "personaID": "03829",
          "participantID": "25718",
          "utterance": "저는 커피를 좋아하다보니 돈 모아서 카페를 차리게 됐어요ㅎㅎ평소엔 주말에 쉬시나요?",
          "summary": "나는 커피를 좋아한다.",
          "date": "2022-09-12",
          "time": "14:34:25",
          "terminate": "false"
        },
        {
          "speaker": "speaker2",
          "personaID": "02302",
          "participantID": "24495",
          "utterance": "아뇨~ 저는 아무래도 주말에 쇼핑하시는 분들이 많다보니..평일에 하루 쉬네요ㅠㅠ.",
          "summary": "나는 주말에 쉬지 못한다.",
          "date": "2022-09-12",
          "time": "14:34:45",
          "terminate": "false"
        },
        {
          "speaker": "speaker1",
          "personaID": "03829",
          "participantID": "25718",
          "utterance": "ㅠㅠ워커홀릭이시구만요. 여자친구는 있나요?",
          "summary": "",
          "date": "2022-09-12",
          "time": "14:34:57",
          "terminate": "false"
        },
        {
          "speaker": "speaker2",
          "personaID": "02302",
          "participantID": "24495",
          "utterance": "ㅎㅎ아뇨..말씀처럼 워커홀릭이라 여자친구가 없나봐요..ㅠㅠ.",
          "summary": "나는 여자 친구가 없다.",
          "date": "2022-09-12",
          "time": "14:35:10",
          "terminate": "false"
        },
        {
          "speaker": "speaker1",
          "personaID": "03829",
          "participantID": "25718",
          "utterance": "ㅎㅎ그럴수있죠. 혼자만의 매력이 있답니다. 식사하고 마저 대화할까요?",
          "summary": "",
          "date": "2022-09-12",
          "time": "14:35:21",
          "terminate": "false"
        },
        {
          "speaker": "speaker2",
          "personaID": "02302",
          "participantID": "24495",
          "utterance": "네 좋아요, 그럼 식사 맛있게 하세요!",
          "summary": "",
          "date": "2022-09-12",
          "time": "14:35:32",
          "terminate": "true"
        }
      ],
      "sessionPersonaSummary": {
        "speaker1": [
          "나는 40대 여자이다. 나는 종교가 없다.",
          "나는 카페를 운영한다.",
          "나는 자영업을 하는 상대방이 멋지다고 생각한다.",
          "나는 커피를 좋아한다."
        ],
        "speaker2": [
          "나는 30대 남성이다. 나의 거주지는 경기도이다.",
          "나는 옷가게를 운영한다.",
          "나는 세미 캐주얼을 판매하는 옷장사를 한다.",
          "나는 상대방이 대단하다고 생각한다. 나는 7년간 옷가게를 운영했다.",
          "나는 패션에 관심이 많다.",
          "나는 주말에 쉬지 못한다.",
          "나는 여자 친구가 없다."
        ]
      },
      "prevAggregatedpersonaSummary": {
        "speaker1": [],
        "speaker2": []
      }
    },
    {
      "prevSessionID": "3-00537-1",
      "prevTimeInfo": {
        "timeNum": "2",
        "timeUnit": "시간"
      },
      "nthSession": "2",
      "numberOfUtterances": "16",
      "numberOfTurns": "8",
      "sessionID": "3-00537-2",
      "dialog": [
        {
          "speaker": "speaker1",
          "personaID": "03829",
          "participantID": "25718",
          "utterance": "ㅎㅎ밥먹었더니 2시간 금방가네요. 식사 챙겨 드셨나요?",
          "summary": "",
          "date": "2022-09-12",
          "time": "14:35:34",
          "terminate": "false"
        },
        {
          "speaker": "speaker2",
          "personaID": "02302",
          "participantID": "24495",
          "utterance": "네! 직원이 함박스테이크를 먹으러 가자고 해서ㅠㅠ전 싫어해서 대신 돈까스 먹었네요 ㅎㅎ.",
          "summary": "나는 함박스테이크를 싫어한다.",
          "date": "2022-09-12",
          "time": "14:35:52",
          "terminate": "false"
        },
        {
          "speaker": "speaker1",
          "personaID": "03829",
          "participantID": "25718",
          "utterance": "오호~ 돈까스는 일반돈가스랑 치즈중에 어떤거 선호하세요?",
          "summary": "",
          "date": "2022-09-12",
          "time": "14:36:08",
          "terminate": "false"
        },
        {
          "speaker": "speaker2",
          "personaID": "02302",
          "participantID": "24495",
          "utterance": "묻지도 따지지도 않고 치즈 돈가스 입니다!ㅋㅋㅋ 부드럽고 쫄깃하고~맛있어요.",
          "summary": "나는 치즈 돈가스를 좋아한다.",
          "date": "2022-09-12",
          "time": "14:36:29",
          "terminate": "false"
        },
        {
          "speaker": "speaker1",
          "personaID": "03829",
          "participantID": "25718",
          "utterance": "ㅎㅎㅎ치즈 맛있죠. 뭘 좀 아시네요. 그나저나 휴, 평소에 기미로 걱정 없으시겠죠?",
          "summary": "",
          "date": "2022-09-12",
          "time": "14:36:53",
          "terminate": "false"
        },
        {
          "speaker": "speaker2",
          "personaID": "02302",
          "participantID": "24495",
          "utterance": "앗 네, 저는 실내에서 일해서.. 기미 걱정 있으시나보네요~",
          "summary": "나는 기미 걱정이 없다.",
          "date": "2022-09-12",
          "time": "14:37:13",
          "terminate": "false"
        },
        {
          "speaker": "speaker1",
          "personaID": "03829",
          "participantID": "25718",
          "utterance": "ㅋㅋㅋ나이를 먹었더니 얼굴에 기미가 생기네요. 젊음이 짱인데, 어머님도 기미 걱정 없으세요?",
          "summary": "나는 기미가 생겼다.",
          "date": "2022-09-12",
          "time": "14:37:30",
          "terminate": "false"
        },
        {
          "speaker": "speaker2",
          "personaID": "02302",
          "participantID": "24495",
          "utterance": "ㅋㅋㅋ맞아요 그럴 수 있죠.. 저희 어머니는 피부과 관리 받으러 다니시는걸로 알아요!",
          "summary": "나의 어머니는 기미 고민으로 인해 피부과 시술을 받는다.",
          "date": "2022-09-12",
          "time": "14:37:52",
          "terminate": "false"
        },
        {
          "speaker": "speaker1",
          "personaID": "03829",
          "participantID": "25718",
          "utterance": "부지런하시네요ㅎㅎ저도 피부과 가야겠어요. 부모님하고는 같이사나요?",
          "summary": "",
          "date": "2022-09-12",
          "time": "14:38:05",
          "terminate": "false"
        },
        {
          "speaker": "speaker2",
          "personaID": "02302",
          "participantID": "24495",
          "utterance": "네 부모님과 같이 살고 있어요 ㅎㅎㅎ 피부과 효과가 꽤나 좋던걸요 꼭 한 번 가보세요~",
          "summary": "나는 부모님과 함께 살고 있다.",
          "date": "2022-09-12",
          "time": "14:38:21",
          "terminate": "false"
        },
        {
          "speaker": "speaker1",
          "personaID": "03829",
          "participantID": "25718",
          "utterance": "다음에 가볼게요ㅎㅎ형제 관계는 어떻게 되세요?",
          "summary": "",
          "date": "2022-09-12",
          "time": "14:38:35",
          "terminate": "false"
        },
        {
          "speaker": "speaker2",
          "personaID": "02302",
          "participantID": "24495",
          "utterance": "ㅎㅎ저는 남동생이 하나 있어요 ㅎㅎ 선생님 가족관계도 궁금하네요~",
          "summary": "",
          "date": "2022-09-12",
          "time": "14:39:02",
          "terminate": "false"
        },
        {
          "speaker": "speaker1",
          "personaID": "03829",
          "participantID": "25718",
          "utterance": "저는 외동이에요ㅎㅎ남동생 있으면 좋겠다는 생각은 평소에도 하네요. 몇살 터울나세요?",
          "summary": "나는 외동이다. 나는 평소 남동생이 있으면 좋겠다는 생각을 한다.",
          "date": "2022-09-12",
          "time": "14:39:17",
          "terminate": "false"
        },
        {
          "speaker": "speaker2",
          "personaID": "02302",
          "participantID": "24495",
          "utterance": "저는 외동이 부럽던걸요 ㅎㅎㅎ 6살 터울 납니다 ㅎㅎ 좀 나죠..",
          "summary": "나는 남동생과 6살 터울이다.",
          "date": "2022-09-12",
          "time": "14:39:40",
          "terminate": "false"
        },
        {
          "speaker": "speaker1",
          "personaID": "03829",
          "participantID": "25718",
          "utterance": "ㅎㅎㅎ남동생분 어리광이 있으실거같아요. 부럽네요. 저 다시 업무 하러가볼게요! 또 연락해요ㅎㅎ.",
          "summary": "나는 업무 하러 간다.",
          "date": "2022-09-12",
          "time": "14:40:05",
          "terminate": "false"
        },
        {
          "speaker": "speaker2",
          "personaID": "02302",
          "participantID": "24495",
          "utterance": "ㅎㅎ네 수고하시고 또 대화해요!",
          "summary": "",
          "date": "2022-09-12",
          "time": "14:40:14",
          "terminate": "true"
        }
      ],
      "sessionPersonaSummary": {
        "speaker1": [
          "나는 기미가 생겼다.",
          "나는 외동이다. 나는 평소 남동생이 있으면 좋겠다는 생각을 한다.",
          "나는 업무 하러 간다."
        ],
        "speaker2": [
          "나는 함박스테이크를 싫어한다.",
          "나는 치즈 돈가스를 좋아한다.",
          "나는 기미 걱정이 없다.",
          "나의 어머니는 기미 고민으로 인해 피부과 시술을 받는다.",
          "나는 부모님과 함께 살고 있다.",
          "나는 남동생과 6살 터울이다."
        ]
      },
      "prevAggregatedpersonaSummary": {
        "speaker1": [
          "나는 40대 여자이다. 나는 종교가 없다.",
          "나는 카페를 운영한다.",
          "나는 자영업을 하는 상대방이 멋지다고 생각한다.",
          "나는 커피를 좋아한다."
        ],
        "speaker2": [
          "나는 30대 남성이다. 나의 거주지는 경기도이다.",
          "나는 옷가게를 운영한다.",
          "나는 세미 캐주얼을 판매하는 옷장사를 한다.",
          "나는 상대방이 대단하다고 생각한다. 나는 7년간 옷가게를 운영했다.",
          "나는 패션에 관심이 많다.",
          "나는 주말에 쉬지 못한다.",
          "나는 여자 친구가 없다."
        ]
      }
    },
    {
      "prevSessionID": "3-00537-2",
      "prevTimeInfo": {
        "timeNum": "1",
        "timeUnit": "일"
      },
      "nthSession": "3",
      "numberOfUtterances": "16",
      "numberOfTurns": "8",
      "sessionID": "3-00537-3",
      "dialog": [
        {
          "speaker": "speaker1",
          "personaID": "03829",
          "participantID": "25718",
          "utterance": "어젠 잘 쉬셨나요?ㅎㅎ 휴, 저는 오늘만 일하면 쉰답니다.",
          "summary": "나는 내일 휴무이다.",
          "date": "2022-09-12",
          "time": "14:40:34",
          "terminate": "false"
        },
        {
          "speaker": "speaker2",
          "personaID": "02302",
          "participantID": "24495",
          "utterance": "고생 많으시네요ㅠㅠ많이 힘드신가봐요~ 네 영화 한 편 보고 잤네요 ㅎㅎ.",
          "summary": "나는 어제 영화를 보고 잠들었다.",
          "date": "2022-09-12",
          "time": "14:40:53",
          "terminate": "false"
        },
        {
          "speaker": "speaker1",
          "personaID": "03829",
          "participantID": "25718",
          "utterance": "오ㅎㅎ평소에 영화 좋아하시는 편이에여? 저도 판타지 영화 가끔 보거든요.",
          "summary": "나는 판타지 영화를 가끔 본다.",
          "date": "2022-09-12",
          "time": "14:41:12",
          "terminate": "false"
        },
        {
          "speaker": "speaker2",
          "personaID": "02302",
          "participantID": "24495",
          "utterance": "헉 통하셨네요..저 판타지 영화를 좋아해서 되게 자주 보거든요.",
          "summary": "나는 파타지 영화를 좋아한다.",
          "date": "2022-09-12",
          "time": "14:41:25",
          "terminate": "false"
        },
        {
          "speaker": "speaker1",
          "personaID": "03829",
          "participantID": "25718",
          "utterance": "ㅋㅋㅋ신기하다. 어떤 작품 보셨나요? 전 최근에 아바타 봤네요.",
          "summary": "나는 최근 영화 아바타를 봤다.",
          "date": "2022-09-12",
          "time": "14:41:34",
          "terminate": "false"
        },
        {
          "speaker": "speaker2",
          "personaID": "02302",
          "participantID": "24495",
          "utterance": "오호 아바타도 좋죠~ 저는 반지의 제왕 봤어요 ㅎㅎ.",
          "summary": "나는 어제 영화 반지의 제왕을 봤다.",
          "date": "2022-09-12",
          "time": "14:42:01",
          "terminate": "false"
        },
        {
          "speaker": "speaker1",
          "personaID": "03829",
          "participantID": "25718",
          "utterance": "그 작품도 재밌죠ㅎㅎㅎ시리즈 전 편 다 보셨나요?",
          "summary": "",
          "date": "2022-09-12",
          "time": "14:42:18",
          "terminate": "false"
        },
        {
          "speaker": "speaker2",
          "personaID": "02302",
          "participantID": "24495",
          "utterance": "다 본 거 같긴 한데 가~끔 뒤죽박죽으로 봐서 좀 헷갈리긴해요 ㅋㅋㅋ.",
          "summary": "나는 반지의 제왕 전 시리즈를 다 봤다.",
          "date": "2022-09-12",
          "time": "14:42:33",
          "terminate": "false"
        },
        {
          "speaker": "speaker1",
          "personaID": "03829",
          "participantID": "25718",
          "utterance": "ㅋㅋㅋ저도 옛날에 본거라 헷갈립니다. 속편인 호빗도 아세요?",
          "summary": "",
          "date": "2022-09-12",
          "time": "14:42:41",
          "terminate": "false"
        },
        {
          "speaker": "speaker2",
          "personaID": "02302",
          "participantID": "24495",
          "utterance": "그럼요! 호빗ㅋㅋ봤죠 너무 짧게 나오는게 귀여웠어요.",
          "summary": "",
          "date": "2022-09-12",
          "time": "14:42:57",
          "terminate": "false"
        },
        {
          "speaker": "speaker1",
          "personaID": "03829",
          "participantID": "25718",
          "utterance": "ㅎㅎ저는 속편인 호빗이 더 재밌더라구요. 해리포터는 보셨어요?",
          "summary": "나는 반지의 제왕보다 호빗 시리즈가 더 재미있었다.",
          "date": "2022-09-12",
          "time": "14:43:52",
          "terminate": "false"
        },
        {
          "speaker": "speaker2",
          "personaID": "02302",
          "participantID": "24495",
          "utterance": "그럼요 ㅋㅋ링가디움레비오사! ㅋㅋㅋ재밌었어요 갈수록 @이름1@이 커서 좀 징그러웠지만요 ㅋㅋㅋ.",
          "summary": "나는 해리포터를 봤다.",
          "date": "2022-09-12",
          "time": "14:44:11",
          "terminate": "false"
        },
        {
          "speaker": "speaker1",
          "personaID": "03829",
          "participantID": "25718",
          "utterance": "ㅋㅋㅋㅋ본인의 기준으로 제일 재미있던 편은 뭔가요?",
          "summary": "",
          "date": "2022-09-12",
          "time": "14:44:25",
          "terminate": "false"
        },
        {
          "speaker": "speaker2",
          "personaID": "02302",
          "participantID": "24495",
          "utterance": "저는 아무래도 시리즈 첫 편이 제일 재밌었던 것 같아요 ㅋㅋㅋ 모든 시리즈가 그런 느낌이더라구요.",
          "summary": "나는 모든 시리즈의 첫 편을 좋아한다.",
          "date": "2022-09-12",
          "time": "14:44:47",
          "terminate": "false"
        },
        {
          "speaker": "speaker1",
          "personaID": "03829",
          "participantID": "25718",
          "utterance": "ㅎㅎ풋풋함을 좋아하시는군요. 휴, 잠시만요 제가 싫어하는 포크 음악이 자꾸 거실에서 나와서 끄러 가볼게요ㅋㅋ또 연락 드릴게요!",
          "summary": "나는 노래를 끄러 간다. 나는 포크 음악을 싫어한다.",
          "date": "2022-09-12",
          "time": "14:45:19",
          "terminate": "false"
        },
        {
          "speaker": "speaker2",
          "personaID": "02302",
          "participantID": "24495",
          "utterance": "포크음악 싫어하시는군요 ㅎㅎㅎ 네! 대화 즐거웠어요 또 대화 나눠요!",
          "summary": "",
          "date": "2022-09-12",
          "time": "14:45:36",
          "terminate": "true"
        }
      ],
      "sessionPersonaSummary": {
        "speaker1": [
          "나는 내일 휴무이다.",
          "나는 판타지 영화를 가끔 본다.",
          "나는 최근 영화 아바타를 봤다.",
          "나는 반지의 제왕보다 호빗 시리즈가 더 재미있었다.",
          "나는 노래를 끄러 간다. 나는 포크 음악을 싫어한다."
        ],
        "speaker2": [
          "나는 어제 영화를 보고 잠들었다.",
          "나는 파타지 영화를 좋아한다.",
          "나는 어제 영화 반지의 제왕을 봤다.",
          "나는 반지의 제왕 전 시리즈를 다 봤다.",
          "나는 해리포터를 봤다.",
          "나는 모든 시리즈의 첫 편을 좋아한다."
        ]
      },
      "prevAggregatedpersonaSummary": {
        "speaker1": [
          "나는 40대 여자이다. 나는 종교가 없다.",
          "나는 카페를 운영한다.",
          "나는 자영업을 하는 상대방이 멋지다고 생각한다.",
          "나는 커피를 좋아한다.",
          "나는 기미가 생겼다.",
          "나는 외동이다. 나는 평소 남동생이 있으면 좋겠다는 생각을 한다.",
          "나는 업무 하러 간다."
        ],
        "speaker2": [
          "나는 30대 남성이다. 나의 거주지는 경기도이다.",
          "나는 옷가게를 운영한다.",
          "나는 세미 캐주얼을 판매하는 옷장사를 한다.",
          "나는 상대방이 대단하다고 생각한다. 나는 7년간 옷가게를 운영했다.",
          "나는 패션에 관심이 많다.",
          "나는 주말에 쉬지 못한다.",
          "나는 여자 친구가 없다.",
          "나는 함박스테이크를 싫어한다.",
          "나는 치즈 돈가스를 좋아한다.",
          "나는 기미 걱정이 없다.",
          "나의 어머니는 기미 고민으로 인해 피부과 시술을 받는다.",
          "나는 부모님과 함께 살고 있다.",
          "나는 남동생과 6살 터울이다."
        ]
      }
    }
  ]
}