{
  "FileInfo": {
    "filename": "K3-00365-CL40126-CP32573-08-10-S3.json",
    "sessionLevel": "3"
  },
  "participantsInfo": {
    "numberOfParticipants": "2",
    "speaker1": {
      "participantID": "3988",
      "gender": "남성",
      "age": "40대",
      "occupation": "전문직",
      "bPlace": "대전/세종/충청/강원",
      "gPlace": "대전/세종/충청/강원",
      "rPlace": "서울/경기/인천",
      "educationLevel": "고졸"
    },
    "speaker2": {
      "participantID": "3556",
      "gender": "여성",
      "age": "40대",
      "occupation": "주부",
      "bPlace": "서울/경기/인천",
      "gPlace": "서울/경기/인천",
      "rPlace": "서울/경기/인천",
      "educationLevel": "대졸"
    }
  },
  "multisessionInfo": {
    "multisessionID": "3-00365"
  },
  "personaInfo": {
    "clInfo": {
      "personaID": "40126",
      "personaFeatures": [
        "나는 남자이다.",
        "나는 40대이다.",
        "나는 초등학교 교사이다",
        "나는 시를 가끔 읽는다",
        "나는 전자 음악을 좋아한다"
      ],
      "speakerType": "speaker1"
    },
    "cpInfo": {
      "personaID": "32573",
      "personaFeatures": [
        "나는 여자이다.",
        "나는 30대이다.",
        "나의 거주지는 당진이다",
        "나는 매일 행복하다",
        "나는 포도를 싫어한다"
      ],
      "speakerType": "speaker2"
    }
  },
  "topicInfo": {
    "topicID": "08-10",
    "topicType": "개인 및 관계>연애/결혼",
    "topicTitle": "데이트 코스"
  },
  "sessionInfo": [
    {
      "prevSessionID": null,
      "prevTimeInfo": {
        "timeNum": null,
        "timeUnit": null
      },
      "nthSession": "1",
      "numberOfUtterances": "14",
      "numberOfTurns": "7",
      "sessionID": "3-00365-1",
      "dialog": [
        {
          "speaker": "speaker1",
          "personaID": "40126",
          "participantID": "3988",
          "utterance": "안녕하세요 40대 남성이고 초등학교 교사입니다",
          "summary": "나는 40대 남자이다 \n나는 초등학교 교사이다",
          "date": "2022-10-28",
          "time": "17:42:22",
          "terminate": "false"
        },
        {
          "speaker": "speaker2",
          "personaID": "32573",
          "participantID": "3556",
          "utterance": "안녕하세요 저는 30대 여성입니다.",
          "summary": "나는 30대 여성이다",
          "date": "2022-10-28",
          "time": "17:43:18",
          "terminate": "false"
        },
        {
          "speaker": "speaker1",
          "personaID": "40126",
          "participantID": "3988",
          "utterance": "시를 좋아 하시나요? 저는 시를 가끔 읽어요 아이들에게 이야기 해줍니다",
          "summary": "나는 시를 가끔 읽는다.",
          "date": "2022-10-28",
          "time": "17:44:20",
          "terminate": "false"
        },
        {
          "speaker": "speaker2",
          "personaID": "32573",
          "participantID": "3556",
          "utterance": "아~그러시군요. 시는 자주 읽지는 않는데 한번 보기 시작하면 너무 좋죠. 참 저의 거주지는 당진입니다. 어디에 사시나요?",
          "summary": "나의 거주지는 당진이다",
          "date": "2022-10-28",
          "time": "17:45:16",
          "terminate": "false"
        },
        {
          "speaker": "speaker1",
          "personaID": "40126",
          "participantID": "3988",
          "utterance": "저는 서울에 살고 있고 전자 음악을 좋아해서 퇴근후에는 전자음악 악기를 배우러 다닙니다",
          "summary": "나는 전자 음악을 좋아한다 나의 거주지는 서울이다",
          "date": "2022-10-28",
          "time": "20:19:42",
          "terminate": "false"
        },
        {
          "speaker": "speaker2",
          "personaID": "32573",
          "participantID": "3556",
          "utterance": "아 그러시군요. 멋진 악기를 연주하시는군요. 저는 피아노를 매일 치는데요 칠때마다 매일 행복해요.",
          "summary": "나는 매일 피아노를 친다 나는 매일 행복하다",
          "date": "2022-10-28",
          "time": "20:21:02",
          "terminate": "false"
        },
        {
          "speaker": "speaker1",
          "personaID": "40126",
          "participantID": "3988",
          "utterance": "피아노도 좋은 악기죠. 기본이니까요~",
          "summary": "",
          "date": "2022-10-28",
          "time": "20:21:32",
          "terminate": "false"
        },
        {
          "speaker": "speaker2",
          "personaID": "32573",
          "participantID": "3556",
          "utterance": "네~맞아요. 혹시 좋아하는 과일 있으신가요? 저는 포도를 싫어하고 다른 것은 다 좋아해요. ",
          "summary": "나는 포도를 싫어한다",
          "date": "2022-10-28",
          "time": "20:22:01",
          "terminate": "false"
        },
        {
          "speaker": "speaker1",
          "personaID": "40126",
          "participantID": "3988",
          "utterance": "저는 과일은 다 잘먹는거 같아요~",
          "summary": "나는 과일은 다 잘 먹는다.",
          "date": "2022-10-28",
          "time": "20:22:40",
          "terminate": "false"
        },
        {
          "speaker": "speaker2",
          "personaID": "32573",
          "participantID": "3556",
          "utterance": "아 요즘 가을이라 먹는게 풍성하죠. 감이나 귤도 많고요. 저녁시간이라 또 먹고 싶네요. ",
          "summary": "나는 과일이 먹고 싶다",
          "date": "2022-10-28",
          "time": "20:23:42",
          "terminate": "false"
        },
        {
          "speaker": "speaker1",
          "personaID": "40126",
          "participantID": "3988",
          "utterance": "생각해보니 깍아 먹는 과일은 좀 귀찮은거 같긴 하네요",
          "summary": "나는 깎아 먹는 과일은 좀 귀찮다.",
          "date": "2022-10-28",
          "time": "20:24:29",
          "terminate": "false"
        },
        {
          "speaker": "speaker2",
          "personaID": "32573",
          "participantID": "3556",
          "utterance": "아 그렇긴 해요. 깍을때 손도 많이 아프긴 해요. 그냥 따서 먹는 샤인머스캣이 좋은것 같긴해요. ",
          "summary": "나는 샤인 머스캣이 좋다",
          "date": "2022-10-28",
          "time": "20:25:34",
          "terminate": "false"
        },
        {
          "speaker": "speaker1",
          "personaID": "40126",
          "participantID": "3988",
          "utterance": "샤인머스켓 요즘 한창 이더라구요. 비싸서 자주는 안사먹지만요",
          "summary": "",
          "date": "2022-10-28",
          "time": "20:26:01",
          "terminate": "false"
        },
        {
          "speaker": "speaker2",
          "personaID": "32573",
          "participantID": "3556",
          "utterance": "맞아요. 비싸요. 저는 뭐 좀 먹으러 가야겠네요. 이만 가볼께요. ",
          "summary": "",
          "date": "2022-10-28",
          "time": "20:27:07",
          "terminate": "true"
        }
      ],
      "sessionPersonaSummary": {
        "speaker1": [
          "나는 40대 남자이다 \n나는 초등학교 교사이다",
          "나는 시를 가끔 읽는다.",
          "나는 전자 음악을 좋아한다 나의 거주지는 서울이다",
          "나는 과일은 다 잘 먹는다.",
          "나는 깎아 먹는 과일은 좀 귀찮다."
        ],
        "speaker2": [
          "나는 30대 여성이다",
          "나의 거주지는 당진이다",
          "나는 매일 피아노를 친다 나는 매일 행복하다",
          "나는 포도를 싫어한다",
          "나는 과일이 먹고 싶다",
          "나는 샤인 머스캣이 좋다"
        ]
      },
      "prevAggregatedpersonaSummary": {
        "speaker1": [],
        "speaker2": []
      }
    },
    {
      "prevSessionID": "3-00365-1",
      "prevTimeInfo": {
        "timeNum": "7",
        "timeUnit": "시간"
      },
      "nthSession": "2",
      "numberOfUtterances": "14",
      "numberOfTurns": "7",
      "sessionID": "3-00365-2",
      "dialog": [
        {
          "speaker": "speaker1",
          "personaID": "40126",
          "participantID": "3988",
          "utterance": "7시간 만입니다. 요즘 직장생활이 너무 즐겁네요",
          "summary": "나는 요즘 직장생활이 너무 즐겁다.",
          "date": "2022-10-28",
          "time": "20:35:53",
          "terminate": "false"
        },
        {
          "speaker": "speaker2",
          "personaID": "32573",
          "participantID": "3556",
          "utterance": "아 그러시군요. 혹시 결혼은 하셨나요? 저는 연애해서 결혼했거든요. 그래서 매일 행복해요.",
          "summary": "나는 연애결혼을 했다",
          "date": "2022-10-28",
          "time": "20:37:16",
          "terminate": "false"
        },
        {
          "speaker": "speaker1",
          "personaID": "40126",
          "participantID": "3988",
          "utterance": "저는 지금 한창 연애중입니다. 새로부임하신 선생님과 어찌 그렇게 되엇네요 ㅎ",
          "summary": "나는 지금 새로 부임하신 선생님과 한창 연애 중이다.",
          "date": "2022-10-28",
          "time": "20:37:55",
          "terminate": "false"
        },
        {
          "speaker": "speaker2",
          "personaID": "32573",
          "participantID": "3556",
          "utterance": "어머 그러시군요. 직장 커플인거네요. 저도 사실 교회에서 만났거든요. ",
          "summary": "나는 배우자를 교회에서 만났다",
          "date": "2022-10-28",
          "time": "20:38:23",
          "terminate": "false"
        },
        {
          "speaker": "speaker1",
          "personaID": "40126",
          "participantID": "3988",
          "utterance": "공동단체에서 만나면 장단점이 있을까요? 선배로서?",
          "summary": "",
          "date": "2022-10-28",
          "time": "20:39:04",
          "terminate": "false"
        },
        {
          "speaker": "speaker2",
          "personaID": "32573",
          "participantID": "3556",
          "utterance": "음 결혼해서 잘되면 상관이 없는데 중간에 헤어지면 그게 좀 그렇더라구요. 그리고 웬지 쑥스럽기도 하구요. ",
          "summary": "",
          "date": "2022-10-28",
          "time": "20:39:28",
          "terminate": "false"
        },
        {
          "speaker": "speaker1",
          "personaID": "40126",
          "participantID": "3988",
          "utterance": "그건 여자분이 좀더 손해란 말씀이실까요?",
          "summary": "",
          "date": "2022-10-28",
          "time": "20:40:05",
          "terminate": "false"
        },
        {
          "speaker": "speaker2",
          "personaID": "32573",
          "participantID": "3556",
          "utterance": "음 그럴수도 있는것 같아요. 그런데 장점은 매일 자주 볼수있지 않으실까요? ",
          "summary": "",
          "date": "2022-10-28",
          "time": "20:41:21",
          "terminate": "false"
        },
        {
          "speaker": "speaker1",
          "personaID": "40126",
          "participantID": "3988",
          "utterance": "요즘은 남는시간에 인스타 보면서 데이트코스짜는게 일상이네요",
          "summary": "나는 요즘 남는 시간에 인스타 보면서 데이트 코스 짜는 게 일상이다.",
          "date": "2022-10-28",
          "time": "23:14:06",
          "terminate": "false"
        },
        {
          "speaker": "speaker2",
          "personaID": "32573",
          "participantID": "3556",
          "utterance": "아 그러게요 데이트 말만 들어도 설레는 단어네요. 정말 연애할때 데이트 날짜 잡고 보내는게 정말 좋았던것 같아요. ",
          "summary": "나는 데이트 날짜 잡고 보내는 게 좋았다",
          "date": "2022-10-29",
          "time": "08:19:42",
          "terminate": "false"
        },
        {
          "speaker": "speaker1",
          "personaID": "40126",
          "participantID": "3988",
          "utterance": "괜히 어설프게 했다가 점수 잃을까봐 노총각이 애 많이 쓰고 있습니다.",
          "summary": "",
          "date": "2022-10-29",
          "time": "08:34:19",
          "terminate": "false"
        },
        {
          "speaker": "speaker2",
          "personaID": "32573",
          "participantID": "3556",
          "utterance": "ㅋ 진심이 닿으면 다 아실거에요. 데이트할때는 뭐든 다 좋지요~ ",
          "summary": "나는 데이트할 때 뭐든 좋았다",
          "date": "2022-10-29",
          "time": "08:35:16",
          "terminate": "false"
        },
        {
          "speaker": "speaker1",
          "personaID": "40126",
          "participantID": "3988",
          "utterance": "그나마 다행인게 예쁜 카페가 많이 생겨서 그러곳 하나 알아두면 좋더라구요.",
          "summary": "나는 예쁜 카페가 많이 생겨 알아두니 좋다.",
          "date": "2022-10-29",
          "time": "08:36:08",
          "terminate": "false"
        },
        {
          "speaker": "speaker2",
          "personaID": "32573",
          "participantID": "3556",
          "utterance": "맞아요. 단골 카페도 있으면 좋더라구요. 추억도 생기고요. 저는 모닝커피나 하러 가야겠네요. 저는 이만 가볼께요~",
          "summary": "나는 단골 카페가 있어서 좋다",
          "date": "2022-10-29",
          "time": "08:43:00",
          "terminate": "true"
        }
      ],
      "sessionPersonaSummary": {
        "speaker1": [
          "나는 요즘 직장생활이 너무 즐겁다.",
          "나는 지금 새로 부임하신 선생님과 한창 연애 중이다.",
          "나는 요즘 남는 시간에 인스타 보면서 데이트 코스 짜는 게 일상이다.",
          "나는 예쁜 카페가 많이 생겨 알아두니 좋다."
        ],
        "speaker2": [
          "나는 연애결혼을 했다",
          "나는 배우자를 교회에서 만났다",
          "나는 데이트 날짜 잡고 보내는 게 좋았다",
          "나는 데이트할 때 뭐든 좋았다",
          "나는 단골 카페가 있어서 좋다"
        ]
      },
      "prevAggregatedpersonaSummary": {
        "speaker1": [
          "나는 40대 남자이다 \n나는 초등학교 교사이다",
          "나는 시를 가끔 읽는다.",
          "나는 전자 음악을 좋아한다 나의 거주지는 서울이다",
          "나는 과일은 다 잘 먹는다.",
          "나는 깎아 먹는 과일은 좀 귀찮다."
        ],
        "speaker2": [
          "나는 30대 여성이다",
          "나의 거주지는 당진이다",
          "나는 매일 피아노를 친다 나는 매일 행복하다",
          "나는 포도를 싫어한다",
          "나는 과일이 먹고 싶다",
          "나는 샤인 머스캣이 좋다"
        ]
      }
    },
    {
      "prevSessionID": "3-00365-2",
      "prevTimeInfo": {
        "timeNum": "6",
        "timeUnit": "주"
      },
      "nthSession": "3",
      "numberOfUtterances": "14",
      "numberOfTurns": "7",
      "sessionID": "3-00365-3",
      "dialog": [
        {
          "speaker": "speaker1",
          "personaID": "40126",
          "participantID": "3988",
          "utterance": "6주만입니다. 잘 지내셨나요? 데이트 코스를 인스타 보고 찾아서 다니는데 막상 가면 생각만큼 아닌곳도 있는데 추천해 주실만한 곳이 있을까요?",
          "summary": "",
          "date": "2022-10-29",
          "time": "12:16:14",
          "terminate": "false"
        },
        {
          "speaker": "speaker2",
          "personaID": "32573",
          "participantID": "3556",
          "utterance": "아 저는 서울쪽은 남산타워 많이 가시는것 같아요. 파주쪽에 임진각 평화누리공원 이런곳도 좋더라구요.",
          "summary": "나는 남산타워 가는 가는 거 같다",
          "date": "2022-10-29",
          "time": "12:22:27",
          "terminate": "false"
        },
        {
          "speaker": "speaker1",
          "personaID": "40126",
          "participantID": "3988",
          "utterance": "공원도 좋을것 같네요.산책겸 걸어도 좋겠구요. 참고해야 겠네요",
          "summary": "나는 공원도 좋을 것 같고 산책 겸 걸어도 좋은 것 같다.",
          "date": "2022-10-29",
          "time": "13:02:41",
          "terminate": "false"
        },
        {
          "speaker": "speaker2",
          "personaID": "32573",
          "participantID": "3556",
          "utterance": "네~그리고 주로 영화보거나 맛집가거나 그러지 않으시나요? 저는 콘서트장도 가긴했었거든요. ",
          "summary": "나는 콘서트장도 갔다",
          "date": "2022-10-29",
          "time": "13:32:25",
          "terminate": "false"
        },
        {
          "speaker": "speaker1",
          "personaID": "40126",
          "participantID": "3988",
          "utterance": "야구장도 한번 가보려구요. 그런데표구하기가 쉽지 않네요",
          "summary": "나는 야구장도 한번 가보려고 한다.",
          "date": "2022-10-29",
          "time": "13:47:00",
          "terminate": "false"
        },
        {
          "speaker": "speaker2",
          "personaID": "32573",
          "participantID": "3556",
          "utterance": "아 야구장도 너무 재미있겠는데요. 저희는 스포츠를 안좋아해서 운동 이런거는 안해봤네요. 그런데 같이 운동하는것도 좋을것 같아요.",
          "summary": "나는 야구장도 좋을 것 같다",
          "date": "2022-10-29",
          "time": "13:49:59",
          "terminate": "false"
        },
        {
          "speaker": "speaker1",
          "personaID": "40126",
          "participantID": "3988",
          "utterance": "상대분도 좋아해 주셨으면 좋겠네요",
          "summary": "나는 상대분도 좋아해 주셨으면 좋겠다.",
          "date": "2022-10-29",
          "time": "13:50:46",
          "terminate": "false"
        },
        {
          "speaker": "speaker2",
          "personaID": "32573",
          "participantID": "3556",
          "utterance": "아마 노력하시는 모습을 더 좋아하실 것 같아요. 여자는 나를 위해서 상대방이 노력하고 애쓰는 것에 더 감동을 받거든요.",
          "summary": "나는 상대방이 노력하는 거에 감동을 받는다",
          "date": "2022-10-29",
          "time": "13:52:08",
          "terminate": "false"
        },
        {
          "speaker": "speaker1",
          "personaID": "40126",
          "participantID": "3988",
          "utterance": "오 좋은 말씀이네요 참고해야 겠습니다.",
          "summary": "",
          "date": "2022-10-29",
          "time": "13:52:25",
          "terminate": "false"
        },
        {
          "speaker": "speaker2",
          "personaID": "32573",
          "participantID": "3556",
          "utterance": "네~진심은 다 통하게 되어있습니다. 즐겁게 데이트 하시고 좋은 추억 많이 쌓으셨으면 좋겠어요. 그래도 데이트 할때가 제일 좋거든요~",
          "summary": "나는 데이트할 때가 좋은 거 같다",
          "date": "2022-10-29",
          "time": "13:53:11",
          "terminate": "false"
        },
        {
          "speaker": "speaker1",
          "personaID": "40126",
          "participantID": "3988",
          "utterance": "1박으로 놀러 가고 싶은데 말꺼내기가 좀 조심스럽네요",
          "summary": "나는 1박으로 놀러 가고 싶은데 말 꺼내기가 좀 조심스럽다.",
          "date": "2022-10-29",
          "time": "13:53:41",
          "terminate": "false"
        },
        {
          "speaker": "speaker2",
          "personaID": "32573",
          "participantID": "3556",
          "utterance": "아 그러시군요. 그거는 좀 더 친해지시면 가보시는게 어떨까 싶어요. 상대방은 또 어떻게 생각할지 모르니까요.",
          "summary": "나는 좀 더 기다리는 게 좋을 것 같다",
          "date": "2022-10-29",
          "time": "13:54:47",
          "terminate": "false"
        },
        {
          "speaker": "speaker1",
          "personaID": "40126",
          "participantID": "3988",
          "utterance": "그래서요 나이먹고 하는 데이트라 더 조심스럽네요 ㅎ 이번엔 장가 가야합니다",
          "summary": "나는 나이 먹고 하는 데이트라 더 조심스럽고 이번에는 장가를 가야 한다.",
          "date": "2022-10-29",
          "time": "13:57:16",
          "terminate": "false"
        },
        {
          "speaker": "speaker2",
          "personaID": "32573",
          "participantID": "3556",
          "utterance": "꼭 좋은 관계 이어가서 좋은 결과있으시길 바랄께요. 그럼 저처럼 매일 행복할거에요. 저는 이만 외출을 해야해서요. 즐거웠어요. 저는 먼저 가볼께요.",
          "summary": "나는 이만 외출한다",
          "date": "2022-10-29",
          "time": "13:58:43",
          "terminate": "true"
        }
      ],
      "sessionPersonaSummary": {
        "speaker1": [
          "나는 공원도 좋을 것 같고 산책 겸 걸어도 좋은 것 같다.",
          "나는 야구장도 한번 가보려고 한다.",
          "나는 상대분도 좋아해 주셨으면 좋겠다.",
          "나는 1박으로 놀러 가고 싶은데 말 꺼내기가 좀 조심스럽다.",
          "나는 나이 먹고 하는 데이트라 더 조심스럽고 이번에는 장가를 가야 한다."
        ],
        "speaker2": [
          "나는 남산타워 가는 가는 거 같다",
          "나는 콘서트장도 갔다",
          "나는 야구장도 좋을 것 같다",
          "나는 상대방이 노력하는 거에 감동을 받는다",
          "나는 데이트할 때가 좋은 거 같다",
          "나는 좀 더 기다리는 게 좋을 것 같다",
          "나는 이만 외출한다"
        ]
      },
      "prevAggregatedpersonaSummary": {
        "speaker1": [
          "나는 40대 남자이다 \n나는 초등학교 교사이다",
          "나는 시를 가끔 읽는다.",
          "나는 전자 음악을 좋아한다 나의 거주지는 서울이다",
          "나는 과일은 다 잘 먹는다.",
          "나는 깎아 먹는 과일은 좀 귀찮다.",
          "나는 요즘 직장생활이 너무 즐겁다.",
          "나는 지금 새로 부임하신 선생님과 한창 연애 중이다.",
          "나는 요즘 남는 시간에 인스타 보면서 데이트 코스 짜는 게 일상이다.",
          "나는 예쁜 카페가 많이 생겨 알아두니 좋다."
        ],
        "speaker2": [
          "나는 30대 여성이다",
          "나의 거주지는 당진이다",
          "나는 매일 피아노를 친다 나는 매일 행복하다",
          "나는 포도를 싫어한다",
          "나는 과일이 먹고 싶다",
          "나는 샤인 머스캣이 좋다",
          "나는 연애결혼을 했다",
          "나는 배우자를 교회에서 만났다",
          "나는 데이트 날짜 잡고 보내는 게 좋았다",
          "나는 데이트할 때 뭐든 좋았다",
          "나는 단골 카페가 있어서 좋다"
        ]
      }
    }
  ]
}