{
  "FileInfo": {
    "filename": "K3-00137-CL25824-CP61876-01-03-S3.json",
    "sessionLevel": "3"
  },
  "participantsInfo": {
    "numberOfParticipants": "2",
    "speaker1": {
      "participantID": "3569",
      "gender": "여성",
      "age": "20대",
      "occupation": "무직",
      "bPlace": "서울/경기/인천",
      "gPlace": "서울/경기/인천",
      "rPlace": "서울/경기/인천",
      "educationLevel": "대졸"
    },
    "speaker2": {
      "participantID": "3970",
      "gender": "여성",
      "age": "50대",
      "occupation": "기타",
      "bPlace": "서울/경기/인천",
      "gPlace": "서울/경기/인천",
      "rPlace": "광주/전라/제주",
      "educationLevel": "고졸"
    }
  },
  "multisessionInfo": {
    "multisessionID": "3-00137"
  },
  "personaInfo": {
    "clInfo": {
      "personaID": "25824",
      "personaFeatures": [
        "나는 여자이다.",
        "나는 20대이다.",
        "나의 아버지는 의사이다",
        "나는 안마사이다",
        "나는 로맨스 영화를 자주 본다",
        "나는 중식을 싫어한다",
        "나는 매우 상냥하다"
      ],
      "speakerType": "speaker1"
    },
    "cpInfo": {
      "personaID": "61876",
      "personaFeatures": [
        "나는 여자이다.",
        "나는 60대 이상이다.",
        "나는 매우 게으르다",
        "나는 SF 영화를 좋아한다",
        "나는 커피를 매일 2잔 이상 마신다"
      ],
      "speakerType": "speaker2"
    }
  },
  "topicInfo": {
    "topicID": "01-03",
    "topicType": "식음료",
    "topicTitle": "음료"
  },
  "sessionInfo": [
    {
      "prevSessionID": null,
      "prevTimeInfo": {
        "timeNum": null,
        "timeUnit": null
      },
      "nthSession": "1",
      "numberOfUtterances": "14",
      "numberOfTurns": "7",
      "sessionID": "3-00137-1",
      "dialog": [
        {
          "speaker": "speaker1",
          "personaID": "25824",
          "participantID": "3569",
          "utterance": "안녕하세요. 저는 20대 여성입니다 만나서 반가워요",
          "summary": "나는 20대 여성이다",
          "date": "2022-11-14",
          "time": "11:53:51",
          "terminate": "false"
        },
        {
          "speaker": "speaker2",
          "personaID": "61876",
          "participantID": "3970",
          "utterance": "반갑습니다ㅎ저는 60대 여성입니다!",
          "summary": "나는 60대 여성이다",
          "date": "2022-11-14",
          "time": "11:55:30",
          "terminate": "false"
        },
        {
          "speaker": "speaker1",
          "personaID": "25824",
          "participantID": "3569",
          "utterance": "저는 안마사입니다 반가워요. 직업이 있으신가요?",
          "summary": "나는 안마사이다",
          "date": "2022-11-14",
          "time": "12:03:07",
          "terminate": "false"
        },
        {
          "speaker": "speaker2",
          "personaID": "61876",
          "participantID": "3970",
          "utterance": "저는 전업주부입니다ㅎ @이름@님은 좋아하시는 영화장르 있으신가요",
          "summary": "나는 전업주부이다",
          "date": "2022-11-14",
          "time": "12:10:39",
          "terminate": "false"
        },
        {
          "speaker": "speaker1",
          "personaID": "25824",
          "participantID": "3569",
          "utterance": "저는 로맨스영화를 자주본답니다, 좋아하시는 장르 있나요?",
          "summary": "나는 로맨스 영화를 자주 본다",
          "date": "2022-11-14",
          "time": "13:42:16",
          "terminate": "false"
        },
        {
          "speaker": "speaker2",
          "personaID": "61876",
          "participantID": "3970",
          "utterance": "저는 SF영화를 좋아해요! 님은 성격이 어떤편이세요?",
          "summary": "나는 SF영화를 좋아한다",
          "date": "2022-11-14",
          "time": "14:18:48",
          "terminate": "false"
        },
        {
          "speaker": "speaker1",
          "personaID": "25824",
          "participantID": "3569",
          "utterance": "저는 매우 상냥한 성격이예요. 어떤 성격이신가요?",
          "summary": "나는 매우 상냥하다",
          "date": "2022-11-14",
          "time": "14:27:38",
          "terminate": "false"
        },
        {
          "speaker": "speaker2",
          "personaID": "61876",
          "participantID": "3970",
          "utterance": "저는 매우 게으른성격이예요ㅜ 나이들수록 왜이렇게 게을러지는지 모르겠어요",
          "summary": "나는 매우 게으른 성격이다",
          "date": "2022-11-14",
          "time": "14:32:48",
          "terminate": "false"
        },
        {
          "speaker": "speaker1",
          "personaID": "25824",
          "participantID": "3569",
          "utterance": "맞아요. 저도 그래요. 나이들면 들수록 저는 입맛도 달라져요. 중식을 싫어해요",
          "summary": "나는 중식을 싫어한다",
          "date": "2022-11-14",
          "time": "17:28:09",
          "terminate": "false"
        },
        {
          "speaker": "speaker2",
          "personaID": "61876",
          "participantID": "3970",
          "utterance": "커피는 자주마시나요? 저는 요즘 피곤해서 커피를 매일2잔이상 마셔요",
          "summary": "나는 요즘 피곤해서 커피를 매일 2잔 이상 마신다",
          "date": "2022-11-14",
          "time": "17:31:31",
          "terminate": "false"
        },
        {
          "speaker": "speaker1",
          "personaID": "25824",
          "participantID": "3569",
          "utterance": "저도 매일 3잔은 마시는 것 같아요. 없이는 못살죠",
          "summary": "",
          "date": "2022-11-14",
          "time": "17:32:06",
          "terminate": "false"
        },
        {
          "speaker": "speaker2",
          "personaID": "61876",
          "participantID": "3970",
          "utterance": "와우 3잔씩 마셔도 잠을 잘 주무세요?",
          "summary": "",
          "date": "2022-11-14",
          "time": "17:32:57",
          "terminate": "false"
        },
        {
          "speaker": "speaker1",
          "personaID": "25824",
          "participantID": "3569",
          "utterance": "아니요 잠을 항살 못자요. 그러나 안마시면 생활이 안됩니다",
          "summary": "",
          "date": "2022-11-14",
          "time": "17:38:14",
          "terminate": "false"
        },
        {
          "speaker": "speaker2",
          "personaID": "61876",
          "participantID": "3970",
          "utterance": "선택의 여지가 없네요ㅜ저는 일이있어서 나가볼게요 다음에 또 이야기해요",
          "summary": "",
          "date": "2022-11-14",
          "time": "17:42:43",
          "terminate": "true"
        }
      ],
      "sessionPersonaSummary": {
        "speaker1": [
          "나는 20대 여성이다",
          "나는 안마사이다",
          "나는 로맨스 영화를 자주 본다",
          "나는 매우 상냥하다",
          "나는 중식을 싫어한다"
        ],
        "speaker2": [
          "나는 60대 여성이다",
          "나는 전업주부이다",
          "나는 SF영화를 좋아한다",
          "나는 매우 게으른 성격이다",
          "나는 요즘 피곤해서 커피를 매일 2잔 이상 마신다"
        ]
      },
      "prevAggregatedpersonaSummary": {
        "speaker1": [],
        "speaker2": []
      }
    },
    {
      "prevSessionID": "3-00137-1",
      "prevTimeInfo": {
        "timeNum": "48",
        "timeUnit": "시간"
      },
      "nthSession": "2",
      "numberOfUtterances": "14",
      "numberOfTurns": "7",
      "sessionID": "3-00137-2",
      "dialog": [
        {
          "speaker": "speaker1",
          "personaID": "25824",
          "participantID": "3569",
          "utterance": "벌써 2일이나 지났어요. 그동안 잘 계셨어요?",
          "summary": "",
          "date": "2022-11-14",
          "time": "20:29:07",
          "terminate": "false"
        },
        {
          "speaker": "speaker2",
          "personaID": "61876",
          "participantID": "3970",
          "utterance": "네 저는 잘 지냈습니다 님도 잘 지내셨지요?",
          "summary": "",
          "date": "2022-11-14",
          "time": "20:29:29",
          "terminate": "false"
        },
        {
          "speaker": "speaker1",
          "personaID": "25824",
          "participantID": "3569",
          "utterance": "그럼요 하하. 저는 요즘 새로운 음료들을 마시는데 빠져있답니다",
          "summary": "나는 새로운 음료들을 마시는데 빠져있다",
          "date": "2022-11-14",
          "time": "20:29:48",
          "terminate": "false"
        },
        {
          "speaker": "speaker2",
          "personaID": "61876",
          "participantID": "3970",
          "utterance": "최근에 어떤 음료수를 드셔보셨나요?",
          "summary": "",
          "date": "2022-11-14",
          "time": "20:30:29",
          "terminate": "false"
        },
        {
          "speaker": "speaker1",
          "personaID": "25824",
          "participantID": "3569",
          "utterance": "@브랜드명@  마시멜로우 에디션 아시나요? 그거 마셨답니다",
          "summary": "",
          "date": "2022-11-14",
          "time": "20:48:31",
          "terminate": "false"
        },
        {
          "speaker": "speaker2",
          "personaID": "61876",
          "participantID": "3970",
          "utterance": "그런것도 있나요? 신기하네요 맛이 다른가요?",
          "summary": "",
          "date": "2022-11-14",
          "time": "20:59:48",
          "terminate": "false"
        },
        {
          "speaker": "speaker1",
          "personaID": "25824",
          "participantID": "3569",
          "utterance": "리미티드 에디션이네요 지금 보니까요!",
          "summary": "",
          "date": "2022-11-15",
          "time": "00:41:12",
          "terminate": "false"
        },
        {
          "speaker": "speaker2",
          "personaID": "61876",
          "participantID": "3970",
          "utterance": "저는 탄산은 잘 안먹어서 신기하네요ㅎ",
          "summary": "나는 탄산은 잘 안 먹는다",
          "date": "2022-11-15",
          "time": "07:14:22",
          "terminate": "false"
        },
        {
          "speaker": "speaker1",
          "personaID": "25824",
          "participantID": "3569",
          "utterance": "오 왜 안드시는 지 궁금하네요",
          "summary": "",
          "date": "2022-11-15",
          "time": "11:29:57",
          "terminate": "false"
        },
        {
          "speaker": "speaker2",
          "personaID": "61876",
          "participantID": "3970",
          "utterance": "목이 쏘는게 아파서 싫더라구요ㅜ그래서 술도 맥주는 잘 안먹고 소주먹어요",
          "summary": "나는 탄산이 목에 쏘는 것이 아파 싫어서 맥주는 안 먹고 소주만 먹는다",
          "date": "2022-11-15",
          "time": "11:38:46",
          "terminate": "false"
        },
        {
          "speaker": "speaker1",
          "personaID": "25824",
          "participantID": "3569",
          "utterance": "아하 그렇군요! 쏘는 느낌을 싫어하시는 군요. 저는 그런 분을 처음 뵙는 것 같아 신기하네요",
          "summary": "",
          "date": "2022-11-15",
          "time": "11:44:42",
          "terminate": "false"
        },
        {
          "speaker": "speaker2",
          "personaID": "61876",
          "participantID": "3970",
          "utterance": "아,정말요? 저는 그래서 김빠진거좋아해요ㅎ",
          "summary": "나는 김 빠진 음료를 좋아한다",
          "date": "2022-11-15",
          "time": "11:49:33",
          "terminate": "false"
        },
        {
          "speaker": "speaker1",
          "personaID": "25824",
          "participantID": "3569",
          "utterance": "우와 완전 독특한데요? 김이 빠진 콜라라니 저도 도전해봐야겠어요 그매력이 뭘까요",
          "summary": "",
          "date": "2022-11-15",
          "time": "11:53:18",
          "terminate": "false"
        },
        {
          "speaker": "speaker2",
          "personaID": "61876",
          "participantID": "3970",
          "utterance": "하하 그냥 단맛만나요! 저는 점심먹으러 가볼게요 다음에 또 이야기해요",
          "summary": "",
          "date": "2022-11-15",
          "time": "11:58:08",
          "terminate": "true"
        }
      ],
      "sessionPersonaSummary": {
        "speaker1": [
          "나는 새로운 음료들을 마시는데 빠져있다"
        ],
        "speaker2": [
          "나는 탄산은 잘 안 먹는다",
          "나는 탄산이 목에 쏘는 것이 아파 싫어서 맥주는 안 먹고 소주만 먹는다",
          "나는 김 빠진 음료를 좋아한다"
        ]
      },
      "prevAggregatedpersonaSummary": {
        "speaker1": [
          "나는 20대 여성이다",
          "나는 안마사이다",
          "나는 로맨스 영화를 자주 본다",
          "나는 매우 상냥하다",
          "나는 중식을 싫어한다"
        ],
        "speaker2": [
          "나는 60대 여성이다",
          "나는 전업주부이다",
          "나는 SF영화를 좋아한다",
          "나는 매우 게으른 성격이다",
          "나는 요즘 피곤해서 커피를 매일 2잔 이상 마신다"
        ]
      }
    },
    {
      "prevSessionID": "3-00137-2",
      "prevTimeInfo": {
        "timeNum": "10",
        "timeUnit": "일"
      },
      "nthSession": "3",
      "numberOfUtterances": "14",
      "numberOfTurns": "7",
      "sessionID": "3-00137-3",
      "dialog": [
        {
          "speaker": "speaker1",
          "personaID": "25824",
          "participantID": "3569",
          "utterance": "10일이나 지났어요! 잘 지내셨나요?",
          "summary": "",
          "date": "2022-11-15",
          "time": "12:54:10",
          "terminate": "false"
        },
        {
          "speaker": "speaker2",
          "personaID": "61876",
          "participantID": "3970",
          "utterance": "네 저는 잘 지냈습니다 @이름@님도 잘 지내셨지요?",
          "summary": "",
          "date": "2022-11-15",
          "time": "13:56:14",
          "terminate": "false"
        },
        {
          "speaker": "speaker1",
          "personaID": "25824",
          "participantID": "3569",
          "utterance": "네! 저는 요즘 과거에 마시던 음료수들을 다시 마시고 있어요",
          "summary": "",
          "date": "2022-11-15",
          "time": "14:02:40",
          "terminate": "false"
        },
        {
          "speaker": "speaker2",
          "personaID": "61876",
          "participantID": "3970",
          "utterance": "어떤음료수를 마시나요? 저는 요즘 @브랜드명@  음료에 빠졌네요",
          "summary": "나는 요즘 @브랜드명@ 음료에 빠졌다",
          "date": "2022-11-15",
          "time": "14:12:33",
          "terminate": "false"
        },
        {
          "speaker": "speaker1",
          "personaID": "25824",
          "participantID": "3569",
          "utterance": "오 어떤 것을 드시나요? 저는 레몬녹차를 마셨어요",
          "summary": "나는 레몬 녹자를 마셨다",
          "date": "2022-11-15",
          "time": "14:15:21",
          "terminate": "false"
        },
        {
          "speaker": "speaker2",
          "personaID": "61876",
          "participantID": "3970",
          "utterance": "레몬녹차는 처음듣네요ㅎ 딸아이랑 최근에 쿨라임이라는걸 먹었는데 너무 맛있더라구요",
          "summary": "나는 최근 딸아이랑 쿨 라임이라는 걸 먹었는데 맛있었다",
          "date": "2022-11-15",
          "time": "14:18:22",
          "terminate": "false"
        },
        {
          "speaker": "speaker1",
          "personaID": "25824",
          "participantID": "3569",
          "utterance": "쿨라임 너무 맛있죠! 저도 완전 좋아해요",
          "summary": "",
          "date": "2022-11-15",
          "time": "14:21:47",
          "terminate": "false"
        },
        {
          "speaker": "speaker2",
          "personaID": "61876",
          "participantID": "3970",
          "utterance": "와 그러시군요! 저는 처음먹어봤는데 뭐지 싶었는데 먹을수록 맛있더라구요",
          "summary": "",
          "date": "2022-11-15",
          "time": "14:24:17",
          "terminate": "false"
        },
        {
          "speaker": "speaker1",
          "personaID": "25824",
          "participantID": "3569",
          "utterance": "약간 @브랜드명@ 비슷한 맛 나지 않나요?",
          "summary": "",
          "date": "2022-11-15",
          "time": "14:36:13",
          "terminate": "false"
        },
        {
          "speaker": "speaker2",
          "personaID": "61876",
          "participantID": "3970",
          "utterance": "맞아요ㅎ거기에 탄산이랑 라임섞인맛 같아요ㅎ",
          "summary": "",
          "date": "2022-11-15",
          "time": "14:39:48",
          "terminate": "false"
        },
        {
          "speaker": "speaker1",
          "personaID": "25824",
          "participantID": "3569",
          "utterance": "그쵸? 공감해주시니 확신이 드네요 하하",
          "summary": "",
          "date": "2022-11-15",
          "time": "14:40:19",
          "terminate": "false"
        },
        {
          "speaker": "speaker2",
          "personaID": "61876",
          "participantID": "3970",
          "utterance": "요번에 새로나온것도 맛있떠라구요 딸기 아사이? 뭐 그런 이름이였어요",
          "summary": "",
          "date": "2022-11-15",
          "time": "14:41:18",
          "terminate": "false"
        },
        {
          "speaker": "speaker1",
          "personaID": "25824",
          "participantID": "3569",
          "utterance": "오 그거 미국에서는 유명하고 잘나간 음료였다면서요? 아셨어요?",
          "summary": "",
          "date": "2022-11-15",
          "time": "14:41:44",
          "terminate": "false"
        },
        {
          "speaker": "speaker2",
          "personaID": "61876",
          "participantID": "3970",
          "utterance": "엇 몰랐어요ㅎ딸이사줘서 먹었는데 달콤하니 맛있떠라구요ㅎ저는 일이있어서 나가볼게요 대화 즐거웠습니다",
          "summary": "",
          "date": "2022-11-15",
          "time": "14:43:10",
          "terminate": "true"
        }
      ],
      "sessionPersonaSummary": {
        "speaker1": [
          "나는 레몬 녹자를 마셨다"
        ],
        "speaker2": [
          "나는 요즘 @브랜드명@ 음료에 빠졌다",
          "나는 최근 딸아이랑 쿨 라임이라는 걸 먹었는데 맛있었다"
        ]
      },
      "prevAggregatedpersonaSummary": {
        "speaker1": [
          "나는 20대 여성이다",
          "나는 안마사이다",
          "나는 로맨스 영화를 자주 본다",
          "나는 매우 상냥하다",
          "나는 중식을 싫어한다",
          "나는 새로운 음료들을 마시는데 빠져있다"
        ],
        "speaker2": [
          "나는 60대 여성이다",
          "나는 전업주부이다",
          "나는 SF영화를 좋아한다",
          "나는 매우 게으른 성격이다",
          "나는 요즘 피곤해서 커피를 매일 2잔 이상 마신다",
          "나는 탄산은 잘 안 먹는다",
          "나는 탄산이 목에 쏘는 것이 아파 싫어서 맥주는 안 먹고 소주만 먹는다",
          "나는 김 빠진 음료를 좋아한다"
        ]
      }
    }
  ]
}