{
  "FileInfo": {
    "filename": "K3-00385-CL11169-CP51817-12-02-S3.json",
    "sessionLevel": "3"
  },
  "participantsInfo": {
    "numberOfParticipants": "2",
    "speaker1": {
      "participantID": "3688",
      "gender": "여성",
      "age": "20대",
      "occupation": "사무직",
      "bPlace": "서울/경기/인천",
      "gPlace": "서울/경기/인천",
      "rPlace": "서울/경기/인천",
      "educationLevel": "대학원졸"
    },
    "speaker2": {
      "participantID": "3777",
      "gender": "여성",
      "age": "40대",
      "occupation": "주부",
      "bPlace": "서울/경기/인천",
      "gPlace": "서울/경기/인천",
      "rPlace": "서울/경기/인천",
      "educationLevel": "고졸"
    }
  },
  "multisessionInfo": {
    "multisessionID": "3-00385"
  },
  "personaInfo": {
    "clInfo": {
      "personaID": "11169",
      "personaFeatures": [
        "나는 여자이다.",
        "나는 10대이다.",
        "내가 사는 곳은 인천이다",
        "나는 무슨 일이든지 빨리 한다",
        "나는 블루베리를 좋아한다"
      ],
      "speakerType": "speaker1"
    },
    "cpInfo": {
      "personaID": "51817",
      "personaFeatures": [
        "나는 여자이다.",
        "나는 50대이다.",
        "나는 주부이다",
        "나는 2년 전에 병에 걸렸다",
        "나는 해금 연주를 배우고 싶다"
      ],
      "speakerType": "speaker2"
    }
  },
  "topicInfo": {
    "topicID": "12-02",
    "topicType": "여가와 오락>여행",
    "topicTitle": "여행지"
  },
  "sessionInfo": [
    {
      "prevSessionID": null,
      "prevTimeInfo": {
        "timeNum": null,
        "timeUnit": null
      },
      "nthSession": "1",
      "numberOfUtterances": "14",
      "numberOfTurns": "7",
      "sessionID": "3-00385-1",
      "dialog": [
        {
          "speaker": "speaker1",
          "personaID": "11169",
          "participantID": "3688",
          "utterance": "안녕하세요. 10대 여성입니다.",
          "summary": "나는 10대 여성이다",
          "date": "2022-10-31",
          "time": "17:48:25",
          "terminate": "false"
        },
        {
          "speaker": "speaker2",
          "personaID": "51817",
          "participantID": "3777",
          "utterance": "안녕하세요 저는 50대 여성입니다",
          "summary": "나는 50대 여성이다.",
          "date": "2022-10-31",
          "time": "18:20:37",
          "terminate": "false"
        },
        {
          "speaker": "speaker1",
          "personaID": "11169",
          "participantID": "3688",
          "utterance": "반갑습니다. 사시는 곳이 어디이신가요? 저는 인천에서 거주하고 있습니다.",
          "summary": "나는 인천에 거주하고 있다",
          "date": "2022-11-01",
          "time": "13:26:53",
          "terminate": "false"
        },
        {
          "speaker": "speaker2",
          "personaID": "51817",
          "participantID": "3777",
          "utterance": "일산 살아요  저는 주부입니다",
          "summary": "나는 일산에 살고 있으며 주부이다.",
          "date": "2022-11-01",
          "time": "13:40:23",
          "terminate": "false"
        },
        {
          "speaker": "speaker1",
          "personaID": "11169",
          "participantID": "3688",
          "utterance": "좋아하시는 과일 있으세요? 저는 블루베리를 좋아해요.",
          "summary": "나는 블루베리를 좋아한다",
          "date": "2022-11-01",
          "time": "14:31:22",
          "terminate": "false"
        },
        {
          "speaker": "speaker2",
          "personaID": "51817",
          "participantID": "3777",
          "utterance": "저는 2년전  병에 걸렀어요 그래서 음식조절하는데  과일,야채는 맘놓고 먹을 수있어 다 좋아해요",
          "summary": "나는 2년 전에 병에 걸려서 음식조절을 하고 있으며 과일과 야채를 좋아한다.",
          "date": "2022-11-01",
          "time": "14:37:53",
          "terminate": "false"
        },
        {
          "speaker": "speaker1",
          "personaID": "11169",
          "participantID": "3688",
          "utterance": "어떤 병에 걸리신 건가요? 큰 병이 아니셔야하는데..",
          "summary": "",
          "date": "2022-11-01",
          "time": "14:59:23",
          "terminate": "false"
        },
        {
          "speaker": "speaker2",
          "personaID": "51817",
          "participantID": "3777",
          "utterance": "갑상선암이요  요즘은 암으로 안쳐준다는 ㅋ  잘치료했어요",
          "summary": "나는 갑상선암에 걸렸으나 잘 치료했다.",
          "date": "2022-11-01",
          "time": "15:29:20",
          "terminate": "false"
        },
        {
          "speaker": "speaker1",
          "personaID": "11169",
          "participantID": "3688",
          "utterance": "그래도 잘 치료 하셨다니 다행이네요. 취미있으신가요? 저는 무슨 일이든지 빨리 해서 만화 몰아서 보는 것을 좋아해요.",
          "summary": "나는 무슨 일이든지 빨리 해서 만화 몰아서 보는 것을 좋아한다",
          "date": "2022-11-01",
          "time": "15:49:01",
          "terminate": "false"
        },
        {
          "speaker": "speaker2",
          "personaID": "51817",
          "participantID": "3777",
          "utterance": "저도 학창시절엔 시험 끝나고 달려가서 봤었죠 취미는 기타치고 피아노 치고요  지금은 해금연주를 배우고 싶어요",
          "summary": "나는 기타, 피아노를 치는 것이 취미이며, 해금을 배워보고 싶다.",
          "date": "2022-11-01",
          "time": "16:09:40",
          "terminate": "false"
        },
        {
          "speaker": "speaker1",
          "personaID": "11169",
          "participantID": "3688",
          "utterance": "와 악기를 잘 다루시나봐요. 저는 악보보는 것이 어려워서 악기를 배우기가 힘들어요 ㅋㅋ",
          "summary": "나는 악보 보기가 어려워 악기 배우기가 힘들다",
          "date": "2022-11-03",
          "time": "10:50:54",
          "terminate": "false"
        },
        {
          "speaker": "speaker2",
          "personaID": "51817",
          "participantID": "3777",
          "utterance": "실력급은 아니구요 그냥 좋아해요  인생은 짧은거 같아요 하고싶은것이 있으면 미루지 않으려구요",
          "summary": "나는 하고 싶은 것이 있으면 미루지 않으려고 한다.",
          "date": "2022-11-03",
          "time": "11:39:22",
          "terminate": "false"
        },
        {
          "speaker": "speaker1",
          "personaID": "11169",
          "participantID": "3688",
          "utterance": "인생관이 확고하시군요! 멋진 마인드이신 것 같아요. 점심식사는 드셨나요?",
          "summary": "",
          "date": "2022-11-03",
          "time": "13:09:12",
          "terminate": "false"
        },
        {
          "speaker": "speaker2",
          "personaID": "51817",
          "participantID": "3777",
          "utterance": "아니요 이제 하러 가려구요 맛점하세요",
          "summary": "나는 이제 점심 식사를 할 것이다.",
          "date": "2022-11-03",
          "time": "13:26:27",
          "terminate": "true"
        }
      ],
      "sessionPersonaSummary": {
        "speaker1": [
          "나는 10대 여성이다",
          "나는 인천에 거주하고 있다",
          "나는 블루베리를 좋아한다",
          "나는 무슨 일이든지 빨리 해서 만화 몰아서 보는 것을 좋아한다",
          "나는 악보 보기가 어려워 악기 배우기가 힘들다"
        ],
        "speaker2": [
          "나는 50대 여성이다.",
          "나는 일산에 살고 있으며 주부이다.",
          "나는 2년 전에 병에 걸려서 음식조절을 하고 있으며 과일과 야채를 좋아한다.",
          "나는 갑상선암에 걸렸으나 잘 치료했다.",
          "나는 기타, 피아노를 치는 것이 취미이며, 해금을 배워보고 싶다.",
          "나는 하고 싶은 것이 있으면 미루지 않으려고 한다.",
          "나는 이제 점심 식사를 할 것이다."
        ]
      },
      "prevAggregatedpersonaSummary": {
        "speaker1": [],
        "speaker2": []
      }
    },
    {
      "prevSessionID": "3-00385-1",
      "prevTimeInfo": {
        "timeNum": "2",
        "timeUnit": "주"
      },
      "nthSession": "2",
      "numberOfUtterances": "16",
      "numberOfTurns": "8",
      "sessionID": "3-00385-2",
      "dialog": [
        {
          "speaker": "speaker1",
          "personaID": "11169",
          "participantID": "3688",
          "utterance": "안녕하세요~ 2주만에 연락드리네요. 잘 지내셨나요?",
          "summary": "",
          "date": "2022-11-03",
          "time": "14:03:27",
          "terminate": "false"
        },
        {
          "speaker": "speaker2",
          "personaID": "51817",
          "participantID": "3777",
          "utterance": "네 보름이지났군요  잘지내셨나요?",
          "summary": "",
          "date": "2022-11-03",
          "time": "14:24:07",
          "terminate": "false"
        },
        {
          "speaker": "speaker1",
          "personaID": "11169",
          "participantID": "3688",
          "utterance": "네. 저는 이번에 단양으로 단풍보러 여행다녀왔어요~",
          "summary": "나는 단양으로 단풍 보러 여행 갔다 왔다",
          "date": "2022-11-03",
          "time": "14:26:42",
          "terminate": "false"
        },
        {
          "speaker": "speaker2",
          "personaID": "51817",
          "participantID": "3777",
          "utterance": "인천에서 단양까지 가셨군요 ~ 학생들도 단풍보러가요? ㅎ 저도 지난주 속초 갔다왔어요",
          "summary": "나는 지난주에 속초에 갔다 왔다.",
          "date": "2022-11-03",
          "time": "16:06:14",
          "terminate": "false"
        },
        {
          "speaker": "speaker1",
          "personaID": "11169",
          "participantID": "3688",
          "utterance": "가족끼리 같이 당일치기로 여행갔다왔어요!ㅎㅎ 속초에는 가족여행으로 가신건가요?",
          "summary": "나는 가족과 같이 당일치기로 여행 갔다 왔다",
          "date": "2022-11-03",
          "time": "17:33:30",
          "terminate": "false"
        },
        {
          "speaker": "speaker2",
          "personaID": "51817",
          "participantID": "3777",
          "utterance": "아니요 후배들하고 갔다왔어요 설악산은 너무 막혀서 멀리서 울산바위만 바라봤네요",
          "summary": "나는 후배들과 울산바위를 보았다.",
          "date": "2022-11-03",
          "time": "18:00:56",
          "terminate": "false"
        },
        {
          "speaker": "speaker1",
          "personaID": "11169",
          "participantID": "3688",
          "utterance": "자연 속에서 여행을 보내셨군요 ㅎㅎ 가서 맛있는 것도 드시고 오셨겠어요?",
          "summary": "",
          "date": "2022-11-04",
          "time": "09:13:25",
          "terminate": "false"
        },
        {
          "speaker": "speaker2",
          "personaID": "51817",
          "participantID": "3777",
          "utterance": "여행은 먹거리죠 속초시장 근처 문어국밥이 제일 맛있었어요",
          "summary": "나는 속초시장 근처에서 문어 국밥을 먹었다.",
          "date": "2022-11-04",
          "time": "09:25:04",
          "terminate": "false"
        },
        {
          "speaker": "speaker1",
          "personaID": "11169",
          "participantID": "3688",
          "utterance": "문어국밥 처음들어봐요!! 특색있는걸 드셨네요~!",
          "summary": "나는 문어 국밥을 처음 들어본다.",
          "date": "2022-11-04",
          "time": "09:27:03",
          "terminate": "false"
        },
        {
          "speaker": "speaker2",
          "personaID": "51817",
          "participantID": "3777",
          "utterance": "정말 개운하고 시원하더라구요 전날 꽃새우랑 회먹으면서 술한잔 했거든요 과음하신분들 속풀이에는 딱이에요",
          "summary": " 나는 전날 꽃새우와 회를 먹으면서 술 한잔했다.",
          "date": "2022-11-04",
          "time": "09:54:53",
          "terminate": "false"
        },
        {
          "speaker": "speaker1",
          "personaID": "11169",
          "participantID": "3688",
          "utterance": "와 꽃새우회 정말 맛있으셨겠어요. 음주와 해장을 잘 하셨나봐요 단양도 한적하고, 산을 보니 마음이 탁 트이는 기분이 들더라고요",
          "summary": " 나는 단양이 한적했고 단양의 산을 보니 마음이 탁 트이는 기분이 들었다.",
          "date": "2022-11-04",
          "time": "10:04:39",
          "terminate": "false"
        },
        {
          "speaker": "speaker2",
          "personaID": "51817",
          "participantID": "3777",
          "utterance": " 단양 레프팅, 페러글라이딩도 재밌고 경치도 너무 좋죠",
          "summary": "나는 단양 래프팅, 페러글라이딩을 좋아한다.",
          "date": "2022-11-04",
          "time": "12:08:30",
          "terminate": "false"
        },
        {
          "speaker": "speaker1",
          "personaID": "11169",
          "participantID": "3688",
          "utterance": "비록 날이 추워서 페러글라이딩은 못했지만, 날이 풀리면 도전해봐야겠어요!ㅎㅎ",
          "summary": "나는 날이 풀리면 패러글라이딩을 도전해 봐야겠다",
          "date": "2022-11-04",
          "time": "13:42:33",
          "terminate": "false"
        },
        {
          "speaker": "speaker2",
          "personaID": "51817",
          "participantID": "3777",
          "utterance": "비록 나이가 들었지만 여행도 레져가 있음 더 재미나더라구요",
          "summary": "나는 레저 여행이 재미있다.",
          "date": "2022-11-04",
          "time": "21:23:39",
          "terminate": "false"
        },
        {
          "speaker": "speaker1",
          "personaID": "11169",
          "participantID": "3688",
          "utterance": "저도 그렇게 짜릿한 레져를 하면 스트레스가 풀리더라고요~",
          "summary": "나는 짜릿한 레저를 하면 스트레스가 풀린다",
          "date": "2022-11-05",
          "time": "11:41:17",
          "terminate": "false"
        },
        {
          "speaker": "speaker2",
          "personaID": "51817",
          "participantID": "3777",
          "utterance": "벌써 가고싶네요  이만 나가봐야해요",
          "summary": "",
          "date": "2022-11-05",
          "time": "12:05:59",
          "terminate": "true"
        }
      ],
      "sessionPersonaSummary": {
        "speaker1": [
          "나는 단양으로 단풍 보러 여행 갔다 왔다",
          "나는 가족과 같이 당일치기로 여행 갔다 왔다",
          "나는 문어 국밥을 처음 들어본다.",
          "나는 단양이 한적했고 단양의 산을 보니 마음이 탁 트이는 기분이 들었다.",
          "나는 날이 풀리면 패러글라이딩을 도전해 봐야겠다",
          "나는 짜릿한 레저를 하면 스트레스가 풀린다"
        ],
        "speaker2": [
          "나는 지난주에 속초에 갔다 왔다.",
          "나는 후배들과 울산바위를 보았다.",
          "나는 속초시장 근처에서 문어 국밥을 먹었다.",
          "나는 전날 꽃새우와 회를 먹으면서 술 한잔했다.",
          "나는 단양 래프팅, 페러글라이딩을 좋아한다.",
          "나는 레저 여행이 재미있다."
        ]
      },
      "prevAggregatedpersonaSummary": {
        "speaker1": [
          "나는 10대 여성이다",
          "나는 인천에 거주하고 있다",
          "나는 블루베리를 좋아한다",
          "나는 무슨 일이든지 빨리 해서 만화 몰아서 보는 것을 좋아한다",
          "나는 악보 보기가 어려워 악기 배우기가 힘들다"
        ],
        "speaker2": [
          "나는 50대 여성이다.",
          "나는 일산에 살고 있으며 주부이다.",
          "나는 2년 전에 병에 걸려서 음식조절을 하고 있으며 과일과 야채를 좋아한다.",
          "나는 갑상선암에 걸렸으나 잘 치료했다.",
          "나는 기타, 피아노를 치는 것이 취미이며, 해금을 배워보고 싶다.",
          "나는 하고 싶은 것이 있으면 미루지 않으려고 한다.",
          "나는 이제 점심 식사를 할 것이다."
        ]
      }
    },
    {
      "prevSessionID": "3-00385-2",
      "prevTimeInfo": {
        "timeNum": "18",
        "timeUnit": "시간"
      },
      "nthSession": "3",
      "numberOfUtterances": "15",
      "numberOfTurns": "7",
      "sessionID": "3-00385-3",
      "dialog": [
        {
          "speaker": "speaker1",
          "personaID": "11169",
          "participantID": "3688",
          "utterance": "18시간이 지났네요 ㅎㅎ 저번 대화에서 레져 좋아하신다고 하시는데, 조만간 여행계획 있으신가요?",
          "summary": "",
          "date": "2022-11-05",
          "time": "13:43:36",
          "terminate": "false"
        },
        {
          "speaker": "speaker2",
          "personaID": "51817",
          "participantID": "3777",
          "utterance": "봄에 전라도쪽 한번 투어하려구요 완도 해산물도 많요고 어디 좋은곳 여행계획 있으세요?",
          "summary": "나는 봄에 전라도 쪽 한번 투어 할 것이다.",
          "date": "2022-11-05",
          "time": "14:01:04",
          "terminate": "false"
        },
        {
          "speaker": "speaker1",
          "personaID": "11169",
          "participantID": "3688",
          "utterance": "전라도는 맛있는 것이 많아서 맛집투어하기 좋은 것 같아요! 저는 이번에 경주쪽으로 갈 까 생각중에용~",
          "summary": "나는 경주로 여행할까 생각 중이다",
          "date": "2022-11-05",
          "time": "14:38:48",
          "terminate": "false"
        },
        {
          "speaker": "speaker2",
          "personaID": "51817",
          "participantID": "3777",
          "utterance": "경주좋으네요 버스투어도 괜찮다더라구요 아이가 어리면 설명해주시는 분도 있대요",
          "summary": "",
          "date": "2022-11-05",
          "time": "15:11:17",
          "terminate": "false"
        },
        {
          "speaker": "speaker1",
          "personaID": "11169",
          "participantID": "3688",
          "utterance": "그렇군요~ 저는 친구랑 갈 계획이라 주로 관광지나 맛집 위주로 여행을 할 것 같아요 ㅎㅎ 버스투어도 한 번 알아봐야겠네요~ 뚜벅이로 가는 거라, 좋을 것 같아요!",
          "summary": "나는 친구랑 주로 관광지나 맛집 위주로 경주 여행을 할 예정이다 나는 뚜벅이로 여행할 예정이라 버스 투어도 좋을 것 같다",
          "date": "2022-11-07",
          "time": "10:02:28",
          "terminate": "false"
        },
        {
          "speaker": "speaker2",
          "personaID": "51817",
          "participantID": "3777",
          "utterance": "주말에 주차하느라 시간이 마니 소요되는데 버스투어는 입구에 바로 내려준다고 아주 편하다고 하더라구요",
          "summary": "",
          "date": "2022-11-07",
          "time": "11:45:57",
          "terminate": "false"
        },
        {
          "speaker": "speaker1",
          "personaID": "11169",
          "participantID": "3688",
          "utterance": "우와 정말 편리하겠네요! 저도 친구랑 얘기를 해봐야겠어요~ 꿀팁 감사합니다!",
          "summary": "나는 버스 투어에 대해 친구랑 얘기해 봐야겠다",
          "date": "2022-11-07",
          "time": "14:13:56",
          "terminate": "false"
        },
        {
          "speaker": "speaker2",
          "personaID": "51817",
          "participantID": "3777",
          "utterance": "도움이 되면 저도 좋네요 저는 친정엄마와 제주도 가려구요",
          "summary": "나는 친정엄마와 제주도 갈 것이다.",
          "date": "2022-11-07",
          "time": "14:55:24",
          "terminate": "false"
        },
        {
          "speaker": "speaker1",
          "personaID": "11169",
          "participantID": "3688",
          "utterance": "우와 오붓하게 모녀끼리 가시는군요~ 제주도 어느 지역으로 생각중이세요?",
          "summary": "",
          "date": "2022-11-07",
          "time": "15:05:26",
          "terminate": "false"
        },
        {
          "speaker": "speaker2",
          "personaID": "51817",
          "participantID": "3777",
          "utterance": "협제 금녕쪽으로 가려구요 바다색깔이 너무 예뻐요",
          "summary": "나는 어머니와 협제 금녕으로 갈 것이다.",
          "date": "2022-11-07",
          "time": "16:15:02",
          "terminate": "false"
        },
        {
          "speaker": "speaker1",
          "personaID": "11169",
          "participantID": "3688",
          "utterance": "와 저도 거긴 안가봤는데 유명한 관광지가 많더라고요~ 몇 박으로 가세요?",
          "summary": "나는 제주도 협제 금능 쪽은 안 가봤다",
          "date": "2022-11-07",
          "time": "16:19:33",
          "terminate": "false"
        },
        {
          "speaker": "speaker2",
          "personaID": "51817",
          "participantID": "3777",
          "utterance": "2박3일 가려구요 제주도는 2박3일은 가야 먹거리와 볼거리가 해결되더라구요",
          "summary": "나는 제주도로 2박 3일 여행을 갈 것이다.",
          "date": "2022-11-07",
          "time": "16:24:11",
          "terminate": "false"
        },
        {
          "speaker": "speaker1",
          "personaID": "11169",
          "participantID": "3688",
          "utterance": "맞아요 ㅎㅎ 제주도는 워낙 볼거리랑 먹거리가 많아서 여유롭게 일정을 잡아도 부족하더라고요~ㅎㅎ",
          "summary": "",
          "date": "2022-11-07",
          "time": "16:26:41",
          "terminate": "false"
        },
        {
          "speaker": "speaker2",
          "personaID": "51817",
          "participantID": "3777",
          "utterance": "제게 여행은 언제나 힐링의 진리에요 경주여행 좋은시간되세요 저는 저녁하러갑니다",
          "summary": "나는 여행을 하면 언제나 힐링을 느낀다. 나는 저녁을 하러 갈 것이다.",
          "date": "2022-11-07",
          "time": "16:40:35",
          "terminate": "false"
        },
        {
          "speaker": "speaker1",
          "personaID": "11169",
          "participantID": "3688",
          "utterance": "네!ㅎㅎ 오늘도 대화 즐거웠습니다. 오늘 하루도 파이팅하세요~",
          "summary": "",
          "date": "2022-11-08",
          "time": "09:41:33",
          "terminate": "true"
        }
      ],
      "sessionPersonaSummary": {
        "speaker1": [
          "나는 경주로 여행할까 생각 중이다",
          "나는 친구랑 주로 관광지나 맛집 위주로 경주 여행을 할 예정이다",
          "나는 뚜벅이로 여행할 예정이라 버스 투어도 좋을 것 같다",
          "나는 버스 투어에 대해 친구랑 얘기해 봐야겠다",
          "나는 제주도 협제 금능 쪽은 안 가봤다"
        ],
        "speaker2": [
          "나는 봄에 전라도 쪽 한번 투어 할 것이다.",
          "나는 친정엄마와 제주도 갈 것이다.",
          "나는 어머니와 협제 금녕으로 갈 것이다.",
          "나는 제주도로 2박 3일 여행을 갈 것이다.",
          "나는 여행을 하면 언제나 힐링을 느낀다. 나는 저녁을 하러 갈 것이다."
        ]
      },
      "prevAggregatedpersonaSummary": {
        "speaker1": [
          "나는 10대 여성이다",
          "나는 인천에 거주하고 있다",
          "나는 블루베리를 좋아한다",
          "나는 무슨 일이든지 빨리 해서 만화 몰아서 보는 것을 좋아한다",
          "나는 악보 보기가 어려워 악기 배우기가 힘들다",
          "나는 단양으로 단풍 보러 여행 갔다 왔다",
          "나는 가족과 같이 당일치기로 여행 갔다 왔다",
          "나는 문어 국밥을 처음 들어본다.",
          "나는 단양이 한적했고 단양의 산을 보니 마음이 탁 트이는 기분이 들었다.",
          "나는 날이 풀리면 패러글라이딩을 도전해 봐야겠다",
          "나는 짜릿한 레저를 하면 스트레스가 풀린다"
        ],
        "speaker2": [
          "나는 50대 여성이다.",
          "나는 일산에 살고 있으며 주부이다.",
          "나는 2년 전에 병에 걸려서 음식조절을 하고 있으며 과일과 야채를 좋아한다.",
          "나는 갑상선암에 걸렸으나 잘 치료했다.",
          "나는 기타, 피아노를 치는 것이 취미이며, 해금을 배워보고 싶다.",
          "나는 하고 싶은 것이 있으면 미루지 않으려고 한다.",
          "나는 이제 점심 식사를 할 것이다.",
          "나는 지난주에 속초에 갔다 왔다.",
          "나는 후배들과 울산바위를 보았다.",
          "나는 속초시장 근처에서 문어 국밥을 먹었다.",
          "나는 전날 꽃새우와 회를 먹으면서 술 한잔했다.",
          "나는 단양 래프팅, 페러글라이딩을 좋아한다.",
          "나는 레저 여행이 재미있다."
        ]
      }
    }
  ]
}