{
  "FileInfo": {
    "filename": "K3-00323-CL35043-CP52033-07-11-S3.json",
    "sessionLevel": "3"
  },
  "participantsInfo": {
    "numberOfParticipants": "2",
    "speaker1": {
      "participantID": "4390",
      "gender": "여성",
      "age": "40대",
      "occupation": "교직",
      "bPlace": "서울/경기/인천",
      "gPlace": "서울/경기/인천",
      "rPlace": "서울/경기/인천",
      "educationLevel": "대학원졸"
    },
    "speaker2": {
      "participantID": "4449",
      "gender": "여성",
      "age": "40대",
      "occupation": "서비스직",
      "bPlace": "부산/대구/울산/경상",
      "gPlace": "부산/대구/울산/경상",
      "rPlace": "부산/대구/울산/경상",
      "educationLevel": "대졸"
    }
  },
  "multisessionInfo": {
    "multisessionID": "3-00323"
  },
  "personaInfo": {
    "clInfo": {
      "personaID": "35043",
      "personaFeatures": [
        "나는 여자이다.",
        "나는 30대이다.",
        "나는 햄스터 한 마리를 키운다",
        "나는 조향사이다",
        "나는 사진을 찍는 것을 싫어한다",
        "나는 자주 짜증이 난다",
        "나는 수필을 가끔 읽는다"
      ],
      "speakerType": "speaker1"
    },
    "cpInfo": {
      "personaID": "52033",
      "personaFeatures": [
        "나는 여자이다.",
        "나는 50대이다.",
        "나는 서기관이다",
        "나는 수영을 좋아한다",
        "나는 장구 연주를 자주 한다"
      ],
      "speakerType": "speaker2"
    }
  },
  "topicInfo": {
    "topicID": "07-11",
    "topicType": "개인 및 관계>가족",
    "topicTitle": "자녀"
  },
  "sessionInfo": [
    {
      "prevSessionID": null,
      "prevTimeInfo": {
        "timeNum": null,
        "timeUnit": null
      },
      "nthSession": "1",
      "numberOfUtterances": "14",
      "numberOfTurns": "7",
      "sessionID": "3-00323-1",
      "dialog": [
        {
          "speaker": "speaker1",
          "personaID": "35043",
          "participantID": "4390",
          "utterance": "안녕하세요. 저는 30대 여성입니다. ",
          "summary": "나는 30대 여성이다.",
          "date": "2022-11-21",
          "time": "17:16:16",
          "terminate": "false"
        },
        {
          "speaker": "speaker2",
          "personaID": "52033",
          "participantID": "4449",
          "utterance": "안녕하세요. 저는 50대 여성입니다.",
          "summary": "나는 50대 여성입니다",
          "date": "2022-11-21",
          "time": "17:27:38",
          "terminate": "false"
        },
        {
          "speaker": "speaker1",
          "personaID": "35043",
          "participantID": "4390",
          "utterance": "간만에 어르신과 대화를 나누게 되어 기쁩니다. 저는.조향사에요. 햄스터 한 마리를 키우고 있지요. ",
          "summary": "나는 조향사이다. 나는 햄스터 한 마리를 키우고 있다.",
          "date": "2022-11-21",
          "time": "17:30:04",
          "terminate": "false"
        },
        {
          "speaker": "speaker2",
          "personaID": "52033",
          "participantID": "4449",
          "utterance": "설마 꼰대라는 뜻은 아니겠지요? 저는 서기관입니다. 수영를 좋아하고 요즘은 취미로 장구 연주를 자주해요",
          "summary": "나는 서기관이다. \n나는 수영을 좋아한다. \n나는 취미로 장구 연주를 자주 한다.",
          "date": "2022-11-21",
          "time": "17:33:30",
          "terminate": "false"
        },
        {
          "speaker": "speaker1",
          "personaID": "35043",
          "participantID": "4390",
          "utterance": "아니 무슨. 그런 무서운 말씀을요. ^^,, 서기관이시면 공무원 중에 급수가 높으시겠습니다. 저는 수필을 가끔 읽고요. 그림은 좋아하는데 사진 찍는 것을 싫어합니다. ",
          "summary": "나는 수필을 가끔 읽는다. 나는 그림을 좋아하고 사진 찍는 것은 싫어한다.",
          "date": "2022-11-21",
          "time": "19:00:22",
          "terminate": "false"
        },
        {
          "speaker": "speaker2",
          "personaID": "52033",
          "participantID": "4449",
          "utterance": "농담입니다~ 4급공무원이고 저도 그림을 좋아합니다. 특히 해바라기 그림을 좋아합니다. 해바라기 그림을 걸어놓으면 돈이 많이 들어온다고 하더라구요. 하하",
          "summary": "나는 4급 공무원이다. \n나는 그림을 좋아한다. \n나는 특히 해바라기 그림을 좋아한다. ",
          "date": "2022-11-21",
          "time": "19:03:47",
          "terminate": "false"
        },
        {
          "speaker": "speaker1",
          "personaID": "35043",
          "participantID": "4390",
          "utterance": "저도 어디서 그런 이야기를 들어본 적이 있는 것 같아요. ^^ 요즘 자주 짜증이 납니다. 왜 그런지 모르겠지만요.  유쾌하신 분과의대화를 통해 즐거움을 찾고 싶네요. ",
          "summary": "나는 요즘 자주 짜증이 난다.",
          "date": "2022-11-21",
          "time": "19:49:39",
          "terminate": "false"
        },
        {
          "speaker": "speaker2",
          "personaID": "52033",
          "participantID": "4449",
          "utterance": "저도 갱년긴지 불쑥 불쑥 짜증이 날 때가 있답니다. 그럴때는 집 근처 수영장에서 수영으로 스트레스를 풀 곤 한답니다.",
          "summary": "나는 갱년기인지 불쑥불쑥 짜증이 난다\n나는 집 근처 수영장에서 수영으로 스트레스를 푼다. ",
          "date": "2022-11-21",
          "time": "20:02:43",
          "terminate": "false"
        },
        {
          "speaker": "speaker1",
          "personaID": "35043",
          "participantID": "4390",
          "utterance": "아 이런 마음을 이해받다니.. 위로가 됩니다. 저는 조향사이다.보니 여러가지 주변의 향기에 관심이 많고 또 예민하기도 합니다. ",
          "summary": "나는 이해를 받아 위로가 된다. 나는 조향사라서 주변 향기에 관심이 많고 예민하다.",
          "date": "2022-11-21",
          "time": "20:49:39",
          "terminate": "false"
        },
        {
          "speaker": "speaker2",
          "personaID": "52033",
          "participantID": "4449",
          "utterance": "보통사람보다 후각이 예민하다는 것은 좋은 일이긴 하지만 오히려 힘든 경우도 있을 것 같아요.",
          "summary": "",
          "date": "2022-11-21",
          "time": "20:52:40",
          "terminate": "false"
        },
        {
          "speaker": "speaker1",
          "personaID": "35043",
          "participantID": "4390",
          "utterance": "그럼요. 예민하다는 것은.전문적인 일을 할 때는 좋지만 평소에는 피곤한 요소가 되기도 하지요. ",
          "summary": "",
          "date": "2022-11-21",
          "time": "20:53:35",
          "terminate": "false"
        },
        {
          "speaker": "speaker2",
          "personaID": "52033",
          "participantID": "4449",
          "utterance": "그렇군요. 저도 수영을 좋아하긴 하지만 수영선수가 되었다면 지금처럼 좋아만 하진 못했을지도 모르지요.",
          "summary": "",
          "date": "2022-11-21",
          "time": "20:58:25",
          "terminate": "false"
        },
        {
          "speaker": "speaker1",
          "personaID": "35043",
          "participantID": "4390",
          "utterance": "그렇죠. 아무래도 즐기는 것과 직업은 다르니까요. ",
          "summary": "",
          "date": "2022-11-21",
          "time": "21:01:37",
          "terminate": "false"
        },
        {
          "speaker": "speaker2",
          "personaID": "52033",
          "participantID": "4449",
          "utterance": "맞지요~ 이렇게 서로 공감을 할 수 있으니 너무 좋아요.",
          "summary": "나는 서로 공감하는 것이 좋다.",
          "date": "2022-11-21",
          "time": "21:03:33",
          "terminate": "true"
        }
      ],
      "sessionPersonaSummary": {
        "speaker1": [
          "나는 30대 여성이다.",
          "나는 조향사이다. 나는 햄스터 한 마리를 키우고 있다.",
          "나는 수필을 가끔 읽는다. 나는 그림을 좋아하고 사진 찍는 것은 싫어한다.",
          "나는 요즘 자주 짜증이 난다.",
          "나는 이해를 받아 위로가 된다. 나는 조향사라서 주변 향기에 관심이 많고 예민하다."
        ],
        "speaker2": [
          "나는 50대 여성입니다",
          "나는 서기관이다. \n나는 수영을 좋아한다. \n나는 취미로 장구 연주를 자주 한다.",
          "나는 4급 공무원이다. \n나는 그림을 좋아한다. \n나는 특히 해바라기 그림을 좋아한다. ",
          "나는 갱년기인지 불쑥불쑥 짜증이 난다\n나는 집 근처 수영장에서 수영으로 스트레스를 푼다. ",
          "나는 서로 공감하는 것이 좋다."
        ]
      },
      "prevAggregatedpersonaSummary": {
        "speaker1": [],
        "speaker2": []
      }
    },
    {
      "prevSessionID": "3-00323-1",
      "prevTimeInfo": {
        "timeNum": "10",
        "timeUnit": "일"
      },
      "nthSession": "2",
      "numberOfUtterances": "14",
      "numberOfTurns": "7",
      "sessionID": "3-00323-2",
      "dialog": [
        {
          "speaker": "speaker1",
          "personaID": "35043",
          "participantID": "4390",
          "utterance": "잘 지내셨어요? 몇 주가 벌써 지났네요. 가족들도 모두 평안하신지요",
          "summary": "",
          "date": "2022-11-21",
          "time": "21:43:32",
          "terminate": "false"
        },
        {
          "speaker": "speaker2",
          "personaID": "52033",
          "participantID": "4449",
          "utterance": "벌써 시간이 그렇게 됐네요.  네 며칠 전 수능이 끝나서 좀 살만해요 제 아들녀석이 삼수생이 였거든요.",
          "summary": "나는 삼수생 아들이 있다.",
          "date": "2022-11-21",
          "time": "21:46:09",
          "terminate": "false"
        },
        {
          "speaker": "speaker1",
          "personaID": "35043",
          "participantID": "4390",
          "utterance": "아이고... 뒷바라지 하느라.고생 많으셨겠어요. 자녀 뒷바라지는 연령 불문하고 쉽지 않죠. ",
          "summary": "",
          "date": "2022-11-21",
          "time": "21:50:58",
          "terminate": "false"
        },
        {
          "speaker": "speaker2",
          "personaID": "52033",
          "participantID": "4449",
          "utterance": "자식이 하나라 버뎠지 둘만 되도 못했을 꺼에요",
          "summary": "나는 자식이 둘만 되었더라도 버티기 어려웠을 것 같아요.",
          "date": "2022-11-21",
          "time": "22:01:32",
          "terminate": "false"
        },
        {
          "speaker": "speaker1",
          "personaID": "35043",
          "participantID": "4390",
          "utterance": "하나시군요. 저는 쌍둥이 아가가 있어요. 여자 쌍둥이에요. 아직 아가들이라  양가에서 많이 챙겨주십니다. 제가 일을 할 수 있도록 뒷받침을 해주시죠",
          "summary": "나는 쌍둥이 여자 아이가 있다. 나는 양가에서 지원을 받고 있다.",
          "date": "2022-11-21",
          "time": "22:44:25",
          "terminate": "false"
        },
        {
          "speaker": "speaker2",
          "personaID": "52033",
          "participantID": "4449",
          "utterance": "많이 힘드시겠네요. 요즘은 하나도 힘들다고 하는데 정말 대단하세요~",
          "summary": "",
          "date": "2022-11-21",
          "time": "23:21:09",
          "terminate": "false"
        },
        {
          "speaker": "speaker1",
          "personaID": "35043",
          "participantID": "4390",
          "utterance": "그래도 남편도 그렇게 가족들이.최선을 다해 도와주시고. 육아도 저의 가장 중요한 일이라고 생각하고 있어서 그런지 남들이 걱정해주는 만큼 마구 힘들거나 지치지는 않아요. 아이들이 주는 기쁨도 크고요",
          "summary": "나는 육아가 많이 힘들지 않다. 나는 남편과 가족들에게 도움을 받는다. 나는 아이들에게 기쁨을 받는다.",
          "date": "2022-11-21",
          "time": "23:49:13",
          "terminate": "false"
        },
        {
          "speaker": "speaker2",
          "personaID": "52033",
          "participantID": "4449",
          "utterance": "그렇죠. 저는 독박육아라는 말을 처음 들었을 때 너무 놀랐어요 아이를 키우는 일에 그런 말을 쓰는 세상이 됐다는 게 슬퍼요.",
          "summary": "나는 독박 육아라는 말을 처음 들었을 때 너무 놀랐다.",
          "date": "2022-11-21",
          "time": "23:51:50",
          "terminate": "false"
        },
        {
          "speaker": "speaker1",
          "personaID": "35043",
          "participantID": "4390",
          "utterance": "서글프죠. 나 자신도 누군가의 사랑과 희생으로 잘 자란 것인데. 다음 세대에 대한 양보심이 전혀 없다는 건 참 씁쓸한 일입니다. ",
          "summary": "나는 요즘 세상이 다음 세대에 대한 양보심이 없다는 데 씁쓸함을 느낀다.",
          "date": "2022-11-24",
          "time": "23:04:02",
          "terminate": "false"
        },
        {
          "speaker": "speaker2",
          "personaID": "52033",
          "participantID": "4449",
          "utterance": "동감이에요. 가족을 고객처럼 사랑하라는 말이 나올 정도로 가족끼리도 이해심과 배려가 부족한 게 현실이지요.",
          "summary": "",
          "date": "2022-11-25",
          "time": "00:10:27",
          "terminate": "false"
        },
        {
          "speaker": "speaker1",
          "personaID": "35043",
          "participantID": "4390",
          "utterance": "역시. 어른이셔서 그런지 잘 공감해주시네요. 참... 그래서 세상은 모든 연령이 잘 어우러져서ㅜ지내야 하는 것 같아요. ",
          "summary": "",
          "date": "2022-11-25",
          "time": "08:46:19",
          "terminate": "false"
        },
        {
          "speaker": "speaker2",
          "personaID": "52033",
          "participantID": "4449",
          "utterance": "맞아요~ 어떻게 보면 가족과 잘 지내는게 제일 쉬운 일인데 오히려 가장 어려운 일이 되어버린 요즘이 너무 아쉬워요.",
          "summary": "나는 가족과 잘 지내는 것이 가장 어려운 일이 되어버린 것이 너무 아쉽다.",
          "date": "2022-11-25",
          "time": "09:00:50",
          "terminate": "false"
        },
        {
          "speaker": "speaker1",
          "personaID": "35043",
          "participantID": "4390",
          "utterance": "저도 같은 생각입니다. 자녀를 사랑하면서 키우는데 그 사랑이 올바르게 전달되지 못한 부분이 있다는 것이 서글픕니다. ",
          "summary": "나는 자녀를 키우는데 그 사랑이 제대로 전달되지 못하는 점에 서글픔을 느낀다.",
          "date": "2022-11-25",
          "time": "10:43:28",
          "terminate": "false"
        },
        {
          "speaker": "speaker2",
          "personaID": "52033",
          "participantID": "4449",
          "utterance": "그래도 아쉬운게 있으면 바꿔가며 살아야겠죠?   이런! 시간이 벌써 이렇게 됐네요.  저는 이만 가봐야 할것 같아요.",
          "summary": "",
          "date": "2022-11-25",
          "time": "11:57:46",
          "terminate": "true"
        }
      ],
      "sessionPersonaSummary": {
        "speaker1": [
          "나는 쌍둥이 여자 아이가 있다.",
          "나는 양가에서 지원을 받고 있다.",
          "나는 육아가 많이 힘들지 않다. 나는 남편과 가족들에게 도움을 받는다. 나는 아이들에게 기쁨을 받는다.",
          "나는 요즘 세상이 다음 세대에 대한 양보심이 없다는 데 씁쓸함을 느낀다.",
          "나는 자녀를 키우는데 그 사랑이 제대로 전달되지 못하는 점에 서글픔을 느낀다."
        ],
        "speaker2": [
          "나는 삼수생 아들이 있다.",
          "나는 자식이 둘만 되었더라도 버티기 어려웠을 것 같아요.",
          "나는 독박 육아라는 말을 처음 들었을 때 너무 놀랐다.",
          "나는 가족과 잘 지내는 것이 가장 어려운 일이 되어버린 것이 너무 아쉽다."
        ]
      },
      "prevAggregatedpersonaSummary": {
        "speaker1": [
          "나는 30대 여성이다.",
          "나는 조향사이다. 나는 햄스터 한 마리를 키우고 있다.",
          "나는 수필을 가끔 읽는다. 나는 그림을 좋아하고 사진 찍는 것은 싫어한다.",
          "나는 요즘 자주 짜증이 난다.",
          "나는 이해를 받아 위로가 된다. 나는 조향사라서 주변 향기에 관심이 많고 예민하다."
        ],
        "speaker2": [
          "나는 50대 여성입니다",
          "나는 서기관이다. \n나는 수영을 좋아한다. \n나는 취미로 장구 연주를 자주 한다.",
          "나는 4급 공무원이다. \n나는 그림을 좋아한다. \n나는 특히 해바라기 그림을 좋아한다. ",
          "나는 갱년기인지 불쑥불쑥 짜증이 난다\n나는 집 근처 수영장에서 수영으로 스트레스를 푼다. ",
          "나는 서로 공감하는 것이 좋다."
        ]
      }
    },
    {
      "prevSessionID": "3-00323-2",
      "prevTimeInfo": {
        "timeNum": "24",
        "timeUnit": "시간"
      },
      "nthSession": "3",
      "numberOfUtterances": "14",
      "numberOfTurns": "7",
      "sessionID": "3-00323-3",
      "dialog": [
        {
          "speaker": "speaker1",
          "personaID": "35043",
          "participantID": "4390",
          "utterance": "꼬박 하루가 지났네요. 별 일 없으셨죠. ^^ 자녀들과는 자주 연락하시는지요. ",
          "summary": "",
          "date": "2022-11-25",
          "time": "18:50:48",
          "terminate": "false"
        },
        {
          "speaker": "speaker2",
          "personaID": "52033",
          "participantID": "4449",
          "utterance": "네 별일없이 잘 지냈습니다. 자식은 삼수생 아들 하나 뿐입니다. ",
          "summary": "나는 삼수생 아들이 있다.",
          "date": "2022-11-25",
          "time": "19:29:41",
          "terminate": "false"
        },
        {
          "speaker": "speaker1",
          "personaID": "35043",
          "participantID": "4390",
          "utterance": "아이가 늦은 편이시네요. 주변을 보면 40대에 자녀들이 대학생인 경우를 자주 봤거든요. ",
          "summary": "나는 40대에 대학생 자녀를 둔 경우를 자주 봤다.",
          "date": "2022-11-25",
          "time": "23:55:15",
          "terminate": "false"
        },
        {
          "speaker": "speaker2",
          "personaID": "52033",
          "participantID": "4449",
          "utterance": "우리 나이 때를 기준으로 보면 그렇지만 요즘은 40대 출산도 적지 않더라구요.",
          "summary": "",
          "date": "2022-11-26",
          "time": "07:26:42",
          "terminate": "false"
        },
        {
          "speaker": "speaker1",
          "personaID": "35043",
          "participantID": "4390",
          "utterance": "요즘 젊은 사람들은 결혼 자체를 안 하기도 하고. 제 주변만 봐도 결혼을 해도 아이를 낳지 않는 부부도 많구요.  너무 다양하더라고요",
          "summary": "나는 주변에 아이를 낳지 않는 부부가 많다.",
          "date": "2022-11-26",
          "time": "13:58:51",
          "terminate": "false"
        },
        {
          "speaker": "speaker2",
          "personaID": "52033",
          "participantID": "4449",
          "utterance": "그러니까요. \"둘만 낳아 잘 기르자\" 하던 것이 엊그제 같은데 이제 아이를 낳는 것이 애국이라는 시절이 되어 버렸어요.",
          "summary": "",
          "date": "2022-11-26",
          "time": "14:08:43",
          "terminate": "false"
        },
        {
          "speaker": "speaker1",
          "personaID": "35043",
          "participantID": "4390",
          "utterance": "진정 애국입니다. ^^ 곧 인구절벽 현상이 시작된다고 해요. 인간에 대한 소중함이 회복되고 미국처럼 출산률이 회복되는 시기가 왔으면 좋겠어요. ",
          "summary": "",
          "date": "2022-11-26",
          "time": "14:22:17",
          "terminate": "false"
        },
        {
          "speaker": "speaker2",
          "personaID": "52033",
          "participantID": "4449",
          "utterance": "오늘 뉴스에서도 출산률이 최저라고 걱정하더라고요.  저는 일단 제 가족들과 행복하게 사는 데 집중해 보려고요. 그러면 우리 아들도 가족을 이어가고 싶어 질테니까요.",
          "summary": " 나는 가족들과 행복하게 사는데 집중하고 싶다.",
          "date": "2022-11-30",
          "time": "19:57:35",
          "terminate": "false"
        },
        {
          "speaker": "speaker1",
          "personaID": "35043",
          "participantID": "4390",
          "utterance": "정말 좋은 생각입니다. 자녀는 부모의 거울이라는 말도 있잖아요. ",
          "summary": "",
          "date": "2022-12-01",
          "time": "10:05:36",
          "terminate": "false"
        },
        {
          "speaker": "speaker2",
          "personaID": "52033",
          "participantID": "4449",
          "utterance": "내가 할 수 있는 것을 생각하면 자꾸 범위를 좁힐 수 밖에 없는 것 같아요. 그래서 내 가족부터 그러다가 내 자신부터 잘 하자 뭐 이런거죠~",
          "summary": " 나는 나 자신부터 생각하는 것이 중요하다고 생각한다.",
          "date": "2022-12-01",
          "time": "10:33:08",
          "terminate": "false"
        },
        {
          "speaker": "speaker1",
          "personaID": "35043",
          "participantID": "4390",
          "utterance": "자신을 잘 돌보는.것도 참 중요한 일이라는데 동감합니다. ",
          "summary": "나는 자신을 돌보는 것도 중요한 일이라 생각한다.",
          "date": "2022-12-03",
          "time": "20:28:15",
          "terminate": "false"
        },
        {
          "speaker": "speaker2",
          "personaID": "52033",
          "participantID": "4449",
          "utterance": "고맙습니다. 잘 공감해 주시는 제가 많이 떠들게 되네요~",
          "summary": "나는 공감해주는 사람과 잘 이야기한다.",
          "date": "2022-12-03",
          "time": "21:45:51",
          "terminate": "false"
        },
        {
          "speaker": "speaker1",
          "personaID": "35043",
          "participantID": "4390",
          "utterance": "저도 그래요. 이야기가 잘 통하니 주절주절 자꾸 이야기하게 되네요. ",
          "summary": "",
          "date": "2022-12-05",
          "time": "10:47:57",
          "terminate": "false"
        },
        {
          "speaker": "speaker2",
          "personaID": "52033",
          "participantID": "4449",
          "utterance": "저에겐 자신과 가족에 관해 다시 생각해 보는 시간이었어요. 이제 나가봐야 할 시간인 것 같아요.",
          "summary": "나는 자신과 가족에 대해 다시 생각해볼 수 있었다.",
          "date": "2022-12-05",
          "time": "18:40:52",
          "terminate": "true"
        }
      ],
      "sessionPersonaSummary": {
        "speaker1": [
          "나는 40대에 대학생 자녀를 둔 경우를 자주 봤다.",
          "나는 주변에 아이를 낳지 않는 부부가 많다.",
          "나는 자신을 돌보는 것도 중요한 일이라 생각한다."
        ],
        "speaker2": [
          "나는 삼수생 아들이 있다.",
          "나는 가족들과 행복하게 사는데 집중하고 싶다.",
          "나는 나 자신부터 생각하는 것이 중요하다고 생각한다.",
          "나는 공감해주는 사람과 잘 이야기한다.",
          "나는 자신과 가족에 대해 다시 생각해볼 수 있었다."
        ]
      },
      "prevAggregatedpersonaSummary": {
        "speaker1": [
          "나는 30대 여성이다.",
          "나는 조향사이다. 나는 햄스터 한 마리를 키우고 있다.",
          "나는 수필을 가끔 읽는다. 나는 그림을 좋아하고 사진 찍는 것은 싫어한다.",
          "나는 요즘 자주 짜증이 난다.",
          "나는 이해를 받아 위로가 된다. 나는 조향사라서 주변 향기에 관심이 많고 예민하다.",
          "나는 쌍둥이 여자 아이가 있다.",
          "나는 양가에서 지원을 받고 있다.",
          "나는 육아가 많이 힘들지 않다. 나는 남편과 가족들에게 도움을 받는다. 나는 아이들에게 기쁨을 받는다.",
          "나는 요즘 세상이 다음 세대에 대한 양보심이 없다는 데 씁쓸함을 느낀다.",
          "나는 자녀를 키우는데 그 사랑이 제대로 전달되지 못하는 점에 서글픔을 느낀다."
        ],
        "speaker2": [
          "나는 50대 여성입니다",
          "나는 서기관이다. \n나는 수영을 좋아한다. \n나는 취미로 장구 연주를 자주 한다.",
          "나는 4급 공무원이다. \n나는 그림을 좋아한다. \n나는 특히 해바라기 그림을 좋아한다. ",
          "나는 갱년기인지 불쑥불쑥 짜증이 난다\n나는 집 근처 수영장에서 수영으로 스트레스를 푼다. ",
          "나는 서로 공감하는 것이 좋다.",
          "나는 삼수생 아들이 있다.",
          "나는 자식이 둘만 되었더라도 버티기 어려웠을 것 같아요.",
          "나는 독박 육아라는 말을 처음 들었을 때 너무 놀랐다.",
          "나는 가족과 잘 지내는 것이 가장 어려운 일이 되어버린 것이 너무 아쉽다."
        ]
      }
    }
  ]
}