{
  "FileInfo": {
    "filename": "K3-00577-CL40473-CP34364-10-07-S3.json",
    "sessionLevel": "3"
  },
  "participantsInfo": {
    "numberOfParticipants": "2",
    "speaker1": {
      "participantID": "4168",
      "gender": "남성",
      "age": "40대",
      "occupation": "자영업",
      "bPlace": "광주/전라/제주",
      "gPlace": "서울/경기/인천",
      "rPlace": "서울/경기/인천",
      "educationLevel": "대졸"
    },
    "speaker2": {
      "participantID": "0180",
      "gender": "여성",
      "age": "20대",
      "occupation": "사무직",
      "bPlace": "서울/경기/인천",
      "gPlace": "서울/경기/인천",
      "rPlace": "대전/세종/충청/강원",
      "educationLevel": "대졸"
    }
  },
  "multisessionInfo": {
    "multisessionID": "3-00577"
  },
  "personaInfo": {
    "clInfo": {
      "personaID": "40473",
      "personaFeatures": [
        "나는 남자이다.",
        "나는 40대이다.",
        "나는 자기 주장이 강하다",
        "나는 저녁에 청소를 한다",
        "나는 발라드 음악을 싫어한다"
      ],
      "speakerType": "speaker1"
    },
    "cpInfo": {
      "personaID": "34364",
      "personaFeatures": [
        "나는 여자이다.",
        "나는 30대이다.",
        "나는 밤에 인기 노래 차트를 확인한다",
        "나는 안마사이다",
        "나는 혈액형이 AB형이다"
      ],
      "speakerType": "speaker2"
    }
  },
  "topicInfo": {
    "topicID": "10-07",
    "topicType": "여가와 오락>스포츠/레져",
    "topicTitle": "운동 경기"
  },
  "sessionInfo": [
    {
      "prevSessionID": null,
      "prevTimeInfo": {
        "timeNum": null,
        "timeUnit": null
      },
      "nthSession": "1",
      "numberOfUtterances": "14",
      "numberOfTurns": "7",
      "sessionID": "3-00577-1",
      "dialog": [
        {
          "speaker": "speaker1",
          "personaID": "40473",
          "participantID": "4168",
          "utterance": "안녕하세요 나는 40대 남성입니다",
          "summary": "저는 40이다 남성입니다.",
          "date": "2022-11-04",
          "time": "15:55:38",
          "terminate": "false"
        },
        {
          "speaker": "speaker2",
          "personaID": "34364",
          "participantID": "0180",
          "utterance": "안녕하세요. 저는 30대 여성이에요.",
          "summary": "나는 30대 여성이다",
          "date": "2022-11-04",
          "time": "17:05:46",
          "terminate": "false"
        },
        {
          "speaker": "speaker1",
          "personaID": "40473",
          "participantID": "4168",
          "utterance": "반갑습니다 저는 인천에서 아내와 함께 작은 전통주점을 운영하고 있습니다 @이름@님은 어떤 일을 하고 계신가요?",
          "summary": "나는 인천에서 아내와 함께 작은 전통주점을 운영하고 있다.",
          "date": "2022-11-04",
          "time": "17:20:23",
          "terminate": "false"
        },
        {
          "speaker": "speaker2",
          "personaID": "34364",
          "participantID": "0180",
          "utterance": "저는 안마사로 일하고있어 많은분들의 피로를 풀어들이고있습니다.",
          "summary": "나는 안마사로 일하고 있다",
          "date": "2022-11-04",
          "time": "20:36:45",
          "terminate": "false"
        },
        {
          "speaker": "speaker1",
          "personaID": "40473",
          "participantID": "4168",
          "utterance": "저도 가끔 이용을 하곤 하는데 정말 쉽지 않은 일인거같더라구요 일하신지는 오래되셨나요 ? ",
          "summary": "나는 안마를 가끔 이용한다.",
          "date": "2022-11-04",
          "time": "22:55:41",
          "terminate": "false"
        },
        {
          "speaker": "speaker2",
          "personaID": "34364",
          "participantID": "0180",
          "utterance": "5년정도된거같아요. 취미가어떻게되시나요?",
          "summary": "나는 일한 지 5년 정도 되었다",
          "date": "2022-11-05",
          "time": "09:07:11",
          "terminate": "false"
        },
        {
          "speaker": "speaker1",
          "personaID": "40473",
          "participantID": "4168",
          "utterance": "저는 시간이 될때마다 도움이 될만한 매장일을 돌아보거나 집에서는 영화나 음악을 주로 듣는 편입니다 ",
          "summary": "나는 집에서 영화나 음악을 주로 듣는 편이다.",
          "date": "2022-11-05",
          "time": "12:20:16",
          "terminate": "false"
        },
        {
          "speaker": "speaker2",
          "personaID": "34364",
          "participantID": "0180",
          "utterance": "저도 음악을 듣는걸좋아해서 밤에 인기 노래 차트를 확인해요.",
          "summary": "나는 음악 듣는 걸 좋아해서 밤에 인기 노래 차트를 확인한다",
          "date": "2022-11-05",
          "time": "12:32:18",
          "terminate": "false"
        },
        {
          "speaker": "speaker1",
          "personaID": "40473",
          "participantID": "4168",
          "utterance": "집에서 저도 음악듣는걸 좋아해서 저녁에 청소를 할때마다 신나는 음악을 듣곤 합니다 발라드음악을 들으면 왠지 기분이 가라앉아서 발라드음악은 좋아하지 않구요",
          "summary": "나는 신나는 음악을 듣곤 하지만 발라드 음악은 좋아하지 않는다.",
          "date": "2022-11-05",
          "time": "12:47:04",
          "terminate": "false"
        },
        {
          "speaker": "speaker2",
          "personaID": "34364",
          "participantID": "0180",
          "utterance": "맞는거같아요. 혹시 혈액형이 어떻게되시나요?",
          "summary": "",
          "date": "2022-11-05",
          "time": "20:41:44",
          "terminate": "false"
        },
        {
          "speaker": "speaker1",
          "personaID": "40473",
          "participantID": "4168",
          "utterance": "저는 B형입니다 B형 특징이 어떤지는 잘 모르지만요",
          "summary": "나는 혈액형이 B형입니다.",
          "date": "2022-11-05",
          "time": "20:47:53",
          "terminate": "false"
        },
        {
          "speaker": "speaker2",
          "personaID": "34364",
          "participantID": "0180",
          "utterance": "저는 AB형입니다. B형은 혼자하는걸좋아한다 하던데요.",
          "summary": "나는 AB형이다",
          "date": "2022-11-05",
          "time": "20:52:26",
          "terminate": "false"
        },
        {
          "speaker": "speaker1",
          "personaID": "40473",
          "participantID": "4168",
          "utterance": "그럼 저는 반만 맞는거같네요 상황에 따라 달라서요 한참 혈액형 관련 내용에 대해 많이들 얘기했었었는데 요즘은 MBTI 얘기를 많이들 하더라구요",
          "summary": "나는 혈액형 관련 내용에 대해 많이 얘기했다.",
          "date": "2022-11-05",
          "time": "20:54:20",
          "terminate": "false"
        },
        {
          "speaker": "speaker2",
          "personaID": "34364",
          "participantID": "0180",
          "utterance": "근데 MBTI와 혈액형이 잘맞는거 같아요. 제가 일이생겨서 다음에 대화를 나눠야 될꺼같아요.,",
          "summary": "나는 mbti와 혈액형이 잘 맞는 거 같다.",
          "date": "2022-11-05",
          "time": "23:21:53",
          "terminate": "true"
        }
      ],
      "sessionPersonaSummary": {
        "speaker1": [
          "저는 40이다 남성입니다.",
          "나는 인천에서 아내와 함께 작은 전통주점을 운영하고 있다.",
          "나는 안마를 가끔 이용한다.",
          "나는 집에서 영화나 음악을 주로 듣는 편이다.",
          "나는 신나는 음악을 듣곤 하지만 발라드 음악은 좋아하지 않는다.",
          "나는 혈액형이 B형입니다.",
          "나는 혈액형 관련 내용에 대해 많이 얘기했다."
        ],
        "speaker2": [
          "나는 30대 여성이다",
          "나는 안마사로 일하고 있다",
          "나는 일한 지 5년 정도 되었다",
          "나는 음악 듣는 걸 좋아해서 밤에 인기 노래 차트를 확인한다",
          "나는 AB형이다",
          "나는 mbti와 혈액형이 잘 맞는 거 같다."
        ]
      },
      "prevAggregatedpersonaSummary": {
        "speaker1": [],
        "speaker2": []
      }
    },
    {
      "prevSessionID": "3-00577-1",
      "prevTimeInfo": {
        "timeNum": "29",
        "timeUnit": "시간"
      },
      "nthSession": "2",
      "numberOfUtterances": "14",
      "numberOfTurns": "7",
      "sessionID": "3-00577-2",
      "dialog": [
        {
          "speaker": "speaker1",
          "personaID": "40473",
          "participantID": "4168",
          "utterance": "식사는 하셨나요 ? 어제는 별일 없으셨어요 ?  29시간이 흘렀네요.",
          "summary": "",
          "date": "2022-11-06",
          "time": "07:29:01",
          "terminate": "false"
        },
        {
          "speaker": "speaker2",
          "personaID": "34364",
          "participantID": "0180",
          "utterance": "식사했습니다. 어제 새로운 운동을 시도했습니다.",
          "summary": "나는 어제 새로운 운동을 시도했다",
          "date": "2022-11-06",
          "time": "09:37:04",
          "terminate": "false"
        },
        {
          "speaker": "speaker1",
          "personaID": "40473",
          "participantID": "4168",
          "utterance": "어떤 운동이신가요 ? 저는 가족들과 종종 볼링을 하러 다니곤합니다",
          "summary": "나는 가족들과 종종 볼링을 하러 다닌다.\n",
          "date": "2022-11-06",
          "time": "12:33:00",
          "terminate": "false"
        },
        {
          "speaker": "speaker2",
          "personaID": "34364",
          "participantID": "0180",
          "utterance": "3종경기가 신기하던데 나중에 경기도나가보고싶어요.",
          "summary": "나는 3종 경기가 신기하며 나중에 경기도 참여해보고 싶다",
          "date": "2022-11-06",
          "time": "14:37:39",
          "terminate": "false"
        },
        {
          "speaker": "speaker1",
          "personaID": "40473",
          "participantID": "4168",
          "utterance": "전 가끔 TV에서나 봤었던 적이 있는데 정말 체력적으로 대단한거 같더라구요",
          "summary": "나는 3종 경기를 안 해봤다.",
          "date": "2022-11-06",
          "time": "14:57:23",
          "terminate": "false"
        },
        {
          "speaker": "speaker2",
          "personaID": "34364",
          "participantID": "0180",
          "utterance": "한종목했는데 벌써 힘들더라구요. 볼링은 어떠신가요?",
          "summary": "나는 한 종목을 해봤는데 힘들었다",
          "date": "2022-11-07",
          "time": "09:12:51",
          "terminate": "false"
        },
        {
          "speaker": "speaker1",
          "personaID": "40473",
          "participantID": "4168",
          "utterance": "볼링은 움직이지 그다지 큰 운동은 아니라 체력소모 목적으로는 맞지는 않는거같더라구요 하지만 가족들이나 남녀노소 함께 어울 릴 수 있는 운동이다보니 이런점이 장점인것같네요",
          "summary": "나는 볼링은 가족들과 남녀노소 함께 어울릴 수 있는 운동이라고 생각한다.",
          "date": "2022-11-07",
          "time": "09:37:35",
          "terminate": "false"
        },
        {
          "speaker": "speaker2",
          "personaID": "34364",
          "participantID": "0180",
          "utterance": "예전에 볼링한번해봤는데 한경기하고나면 팔이 너무 아프더라구요,",
          "summary": "나는 예전에 볼링을 해봤는데 한경 기하고 나면 팔이 너무 아팠다",
          "date": "2022-11-07",
          "time": "09:42:22",
          "terminate": "false"
        },
        {
          "speaker": "speaker1",
          "personaID": "40473",
          "participantID": "4168",
          "utterance": "저도 잘은 모르지만 익숙하지 않은 자세로 공이 맞지 않으면 그러실수도 있지 않을까싶어요 운동경기를 저는 보는것도 좋지만 직접 해보는 재미도 좋더라구요 곧 축구 프리미엄 경기가 있어서 기대가 됩니다",
          "summary": "나는 운동경기를 보는 것도 좋지만 직접 해보는 재미도 좋다.\n 나는 곧 축구 프리미엄 경기가 있어서 기대가 된다",
          "date": "2022-11-07",
          "time": "09:44:37",
          "terminate": "false"
        },
        {
          "speaker": "speaker2",
          "personaID": "34364",
          "participantID": "0180",
          "utterance": "축구 경기는 평소에는 안보는데 큰경기는 보는 재미가 있더라구요.",
          "summary": "나는 평소에는 축구 경기를 안 보지만 큰 경기는 보는 재미가 있다",
          "date": "2022-11-07",
          "time": "09:45:23",
          "terminate": "false"
        },
        {
          "speaker": "speaker1",
          "personaID": "40473",
          "participantID": "4168",
          "utterance": "유럽축구는 속도감이나 경기진행이 빨리되서 지루할 틈이 없더라구요 그 큰 경기장이 매번 꽉차는걸 보면 정말 놀라울 따름입니다",
          "summary": "나는 경기장이 매번 꽉 차는 걸 보면 정말 놀랍다",
          "date": "2022-11-07",
          "time": "09:46:32",
          "terminate": "false"
        },
        {
          "speaker": "speaker2",
          "personaID": "34364",
          "participantID": "0180",
          "utterance": "나중에 해외에서 직접 보면 더 떨릴꺼같아요.",
          "summary": "나는 나중에 해외에서 직접 보게 되면 더 떨릴 것 같다",
          "date": "2022-11-07",
          "time": "09:48:48",
          "terminate": "false"
        },
        {
          "speaker": "speaker1",
          "personaID": "40473",
          "participantID": "4168",
          "utterance": "저는 아들과 함께 직관하는게 저의 버킷리스트입니다",
          "summary": "나는 아들과 함께 직관하는 게 나의 버킷리스트다.",
          "date": "2022-11-07",
          "time": "09:50:13",
          "terminate": "false"
        },
        {
          "speaker": "speaker2",
          "personaID": "34364",
          "participantID": "0180",
          "utterance": "저는 이제 일이있어서 먼저가봐야할꺼같아요. 다음에 다시 연락드리겠습니다.",
          "summary": "나는 볼일이 있다.",
          "date": "2022-11-07",
          "time": "09:50:46",
          "terminate": "true"
        }
      ],
      "sessionPersonaSummary": {
        "speaker1": [
          "나는 가족들과 종종 볼링을 하러 다닌다.\n",
          "나는 3종 경기를 안 해봤다.",
          "나는 볼링은 가족들과 남녀노소 함께 어울릴 수 있는 운동이라고 생각한다.",
          "나는 운동경기를 보는 것도 좋지만 직접 해보는 재미도 좋다.\n",
          "나는 곧 축구 프리미엄 경기가 있어서 기대가 된다",
          "나는 경기장이 매번 꽉 차는 걸 보면 정말 놀랍다",
          "나는 아들과 함께 직관하는 게 나의 버킷리스트다."
        ],
        "speaker2": [
          "나는 어제 새로운 운동을 시도했다",
          "나는 3종 경기가 신기하며 나중에 경기도 참여해보고 싶다",
          "나는 한 종목을 해봤는데 힘들었다",
          "나는 예전에 볼링을 해봤는데 한경 기하고 나면 팔이 너무 아팠다",
          "나는 평소에는 축구 경기를 안 보지만 큰 경기는 보는 재미가 있다",
          "나는 나중에 해외에서 직접 보게 되면 더 떨릴 것 같다",
          "나는 볼일이 있다."
        ]
      },
      "prevAggregatedpersonaSummary": {
        "speaker1": [
          "저는 40이다 남성입니다.",
          "나는 인천에서 아내와 함께 작은 전통주점을 운영하고 있다.",
          "나는 안마를 가끔 이용한다.",
          "나는 집에서 영화나 음악을 주로 듣는 편이다.",
          "나는 신나는 음악을 듣곤 하지만 발라드 음악은 좋아하지 않는다.",
          "나는 혈액형이 B형입니다.",
          "나는 혈액형 관련 내용에 대해 많이 얘기했다."
        ],
        "speaker2": [
          "나는 30대 여성이다",
          "나는 안마사로 일하고 있다",
          "나는 일한 지 5년 정도 되었다",
          "나는 음악 듣는 걸 좋아해서 밤에 인기 노래 차트를 확인한다",
          "나는 AB형이다",
          "나는 mbti와 혈액형이 잘 맞는 거 같다."
        ]
      }
    },
    {
      "prevSessionID": "3-00577-2",
      "prevTimeInfo": {
        "timeNum": "40",
        "timeUnit": "시간"
      },
      "nthSession": "3",
      "numberOfUtterances": "14",
      "numberOfTurns": "7",
      "sessionID": "3-00577-3",
      "dialog": [
        {
          "speaker": "speaker1",
          "personaID": "40473",
          "participantID": "4168",
          "utterance": "@이름@ 님 잘 지내셨어요 ? 40시간 만이네요. 그동안 운동은 계속 하고 계신가요 ?",
          "summary": "-",
          "date": "2022-11-07",
          "time": "09:54:46",
          "terminate": "false"
        },
        {
          "speaker": "speaker2",
          "personaID": "34364",
          "participantID": "0180",
          "utterance": "잘지냈습니다. 동네 축구모임에 한번 체험해보고왔어요,.",
          "summary": "나는 동네 축구모임에 한번 체험해보고 왔다",
          "date": "2022-11-07",
          "time": "09:56:27",
          "terminate": "false"
        },
        {
          "speaker": "speaker1",
          "personaID": "40473",
          "participantID": "4168",
          "utterance": "요즘 축구프로그램에 여자 연예인분들이 참여하는 프로그램이 인기가 있던데 어떠셨나요 ?",
          "summary": "축구 프로그램에 여자 연예인분들이 참여하는 프로그램이 인기가 있다",
          "date": "2022-11-07",
          "time": "10:38:53",
          "terminate": "false"
        },
        {
          "speaker": "speaker2",
          "personaID": "34364",
          "participantID": "0180",
          "utterance": "안하던 운동을 격하게하니 체력이 많이 안좋았더라구요.",
          "summary": "나는 안 하던 운동을 격하게 하니 체력이 많이 안 좋았다",
          "date": "2022-11-07",
          "time": "11:54:31",
          "terminate": "false"
        },
        {
          "speaker": "speaker1",
          "personaID": "40473",
          "participantID": "4168",
          "utterance": "참여하시는 분들은 많이 계신가요 ? 요즘 TV 프로그램 인기때문에 사람도 더 많아졌을수도 있겠네요",
          "summary": "",
          "date": "2022-11-07",
          "time": "13:55:41",
          "terminate": "false"
        },
        {
          "speaker": "speaker2",
          "personaID": "34364",
          "participantID": "0180",
          "utterance": "맞아요. TV프로그램보고 오시는경우도 있었어요.",
          "summary": "",
          "date": "2022-11-07",
          "time": "15:22:21",
          "terminate": "false"
        },
        {
          "speaker": "speaker1",
          "personaID": "40473",
          "participantID": "4168",
          "utterance": "운동 안하시던 분들한테는 체력적으로 너무 힘든 운동이실꺼같긴해요@이름@ 님은 계속 하실의향이신건가요 ?",
          "summary": "-",
          "date": "2022-11-07",
          "time": "16:01:13",
          "terminate": "false"
        },
        {
          "speaker": "speaker2",
          "personaID": "34364",
          "participantID": "0180",
          "utterance": "일단은 당분간은 해보고 싶어요.",
          "summary": "나는 일단 당분간은 해보고 싶다",
          "date": "2022-11-07",
          "time": "16:01:39",
          "terminate": "false"
        },
        {
          "speaker": "speaker1",
          "personaID": "40473",
          "participantID": "4168",
          "utterance": "그래도 재미가 있으셨나봐요 여자분들이 격한 운동을 할 수 있는게 많진 안잖아요",
          "summary": "",
          "date": "2022-11-07",
          "time": "16:02:20",
          "terminate": "false"
        },
        {
          "speaker": "speaker2",
          "personaID": "34364",
          "participantID": "0180",
          "utterance": "그래도 새로운 스포츠를 시작한다는건 즐거워요.",
          "summary": "나는 새로운 스포츠를 시작한 다라는 것이 즐겁다",
          "date": "2022-11-07",
          "time": "16:13:42",
          "terminate": "false"
        },
        {
          "speaker": "speaker1",
          "personaID": "40473",
          "participantID": "4168",
          "utterance": "활동적인걸 확실히 좋아하시나봐요 저는 직업이 그래서인지 새로운 음식만나는걸 좋아하거든요",
          "summary": "나는 새로운 음식을 만나는 걸 좋아한다.",
          "date": "2022-11-07",
          "time": "16:22:04",
          "terminate": "false"
        },
        {
          "speaker": "speaker2",
          "personaID": "34364",
          "participantID": "0180",
          "utterance": "메뉴 개발하시는건 어렵지 않으시나요?",
          "summary": "",
          "date": "2022-11-07",
          "time": "16:23:25",
          "terminate": "false"
        },
        {
          "speaker": "speaker1",
          "personaID": "40473",
          "participantID": "4168",
          "utterance": "좋아하는 일이다 보니 힘들거나 하진 않더라구요 트랜드를 잘 읽어서 적절히 활용해야하는 점들이 다소 어렵긴 하지만요 ",
          "summary": "좋아하는 일은 힘들지 않지만 다소 어렵긴 하다.",
          "date": "2022-11-07",
          "time": "16:41:09",
          "terminate": "false"
        },
        {
          "speaker": "speaker2",
          "personaID": "34364",
          "participantID": "0180",
          "utterance": "대단하신거같아요. 저는 이제 일이있어서 먼저가봐야할꺼같아요. 다음에 다시연락드리겠습니다.",
          "summary": "",
          "date": "2022-11-08",
          "time": "10:10:25",
          "terminate": "true"
        }
      ],
      "sessionPersonaSummary": {
        "speaker1": [
          "-",
          "축구 프로그램에 여자 연예인분들이 참여하는 프로그램이 인기가 있다",
          "-",
          "나는 새로운 음식을 만나는 걸 좋아한다.",
          "좋아하는 일은 힘들지 않지만 다소 어렵긴 하다."
        ],
        "speaker2": [
          "나는 동네 축구모임에 한번 체험해보고 왔다",
          "나는 안 하던 운동을 격하게 하니 체력이 많이 안 좋았다",
          "나는 일단 당분간은 해보고 싶다",
          "나는 새로운 스포츠를 시작한 다라는 것이 즐겁다"
        ]
      },
      "prevAggregatedpersonaSummary": {
        "speaker1": [
          "저는 40이다 남성입니다.",
          "나는 인천에서 아내와 함께 작은 전통주점을 운영하고 있다.",
          "나는 안마를 가끔 이용한다.",
          "나는 집에서 영화나 음악을 주로 듣는 편이다.",
          "나는 신나는 음악을 듣곤 하지만 발라드 음악은 좋아하지 않는다.",
          "나는 혈액형이 B형입니다.",
          "나는 혈액형 관련 내용에 대해 많이 얘기했다.",
          "나는 가족들과 종종 볼링을 하러 다닌다.\n",
          "나는 3종 경기를 안 해봤다.",
          "나는 볼링은 가족들과 남녀노소 함께 어울릴 수 있는 운동이라고 생각한다.",
          "나는 운동경기를 보는 것도 좋지만 직접 해보는 재미도 좋다.\n",
          "나는 곧 축구 프리미엄 경기가 있어서 기대가 된다",
          "나는 경기장이 매번 꽉 차는 걸 보면 정말 놀랍다",
          "나는 아들과 함께 직관하는 게 나의 버킷리스트다."
        ],
        "speaker2": [
          "나는 30대 여성이다",
          "나는 안마사로 일하고 있다",
          "나는 일한 지 5년 정도 되었다",
          "나는 음악 듣는 걸 좋아해서 밤에 인기 노래 차트를 확인한다",
          "나는 AB형이다",
          "나는 mbti와 혈액형이 잘 맞는 거 같다.",
          "나는 어제 새로운 운동을 시도했다",
          "나는 3종 경기가 신기하며 나중에 경기도 참여해보고 싶다",
          "나는 한 종목을 해봤는데 힘들었다",
          "나는 예전에 볼링을 해봤는데 한경 기하고 나면 팔이 너무 아팠다",
          "나는 평소에는 축구 경기를 안 보지만 큰 경기는 보는 재미가 있다",
          "나는 나중에 해외에서 직접 보게 되면 더 떨릴 것 같다",
          "나는 볼일이 있다."
        ]
      }
    }
  ]
}