{
  "FileInfo": {
    "filename": "K3-00346-CL30256-CP31046-08-05-S3.json",
    "sessionLevel": "3"
  },
  "participantsInfo": {
    "numberOfParticipants": "2",
    "speaker1": {
      "participantID": "24123",
      "gender": "남성",
      "age": "30대",
      "occupation": "무직",
      "bPlace": "부산/대구/울산/경상",
      "gPlace": "부산/대구/울산/경상",
      "rPlace": "부산/대구/울산/경상",
      "educationLevel": "대졸"
    },
    "speaker2": {
      "participantID": "25348",
      "gender": "남성",
      "age": "30대",
      "occupation": "사무직",
      "bPlace": "서울/경기/인천",
      "gPlace": "서울/경기/인천",
      "rPlace": "서울/경기/인천",
      "educationLevel": "고졸"
    }
  },
  "multisessionInfo": {
    "multisessionID": "3-00346"
  },
  "personaInfo": {
    "clInfo": {
      "personaID": "30256",
      "personaFeatures": [
        "나는 남자이다.",
        "나는 30대이다.",
        "나는 사회복지사이다.",
        "나는 오후에 인터넷 쇼핑을 한다.",
        "나는 신 음식을 좋아한다."
      ],
      "speakerType": "speaker1"
    },
    "cpInfo": {
      "personaID": "31046",
      "personaFeatures": [
        "나는 남자이다.",
        "나는 30대이다.",
        "나는 일주일에 한두 번 버스로 출퇴근한다.",
        "나는 오전에 유튜브를 본다.",
        "나는 돈가스를 안 먹는다."
      ],
      "speakerType": "speaker2"
    }
  },
  "topicInfo": {
    "topicID": "08-05",
    "topicType": "개인 및 관계>연애/결혼",
    "topicTitle": "육아"
  },
  "sessionInfo": [
    {
      "prevSessionID": null,
      "prevTimeInfo": {
        "timeNum": null,
        "timeUnit": null
      },
      "nthSession": "1",
      "numberOfUtterances": "14",
      "numberOfTurns": "7",
      "sessionID": "3-00346-1",
      "dialog": [
        {
          "speaker": "speaker1",
          "personaID": "30256",
          "participantID": "24123",
          "utterance": "반갑습니다. 30대 남자랍니다~ 사회복지사로 일합니다.",
          "summary": "나는 사회복지사로 일하는 30대 남자다.",
          "date": "2022-10-18",
          "time": "17:34:06",
          "terminate": "false"
        },
        {
          "speaker": "speaker2",
          "personaID": "31046",
          "participantID": "25348",
          "utterance": "반가워요. 저는 30대 남자 사무보조원입니다.",
          "summary": "나는 30대 남자이다. 나는 사무보조원이다.",
          "date": "2022-10-18",
          "time": "17:36:10",
          "terminate": "false"
        },
        {
          "speaker": "speaker1",
          "personaID": "30256",
          "participantID": "24123",
          "utterance": "반갑습니다. 주말인데 뭘 하시나요?",
          "summary": "",
          "date": "2022-10-18",
          "time": "17:41:33",
          "terminate": "false"
        },
        {
          "speaker": "speaker2",
          "personaID": "31046",
          "participantID": "25348",
          "utterance": "@브랜드명1@나 보려고요~ 제가 원래 오전에 @브랜드명1@를 보는데 주말이니까요~",
          "summary": "나는 @브랜드명1@를 볼 것이다. 나는 오전에 @브랜드명1@를 본다.",
          "date": "2022-10-18",
          "time": "17:42:12",
          "terminate": "false"
        },
        {
          "speaker": "speaker1",
          "personaID": "30256",
          "participantID": "24123",
          "utterance": "그러시군요. 저는 오후에 인터넷 쇼핑을 해서 쇼핑을 했네요.",
          "summary": "나는 오후에 인터넷 쇼핑을 한다.",
          "date": "2022-10-18",
          "time": "17:42:19",
          "terminate": "false"
        },
        {
          "speaker": "speaker2",
          "personaID": "31046",
          "participantID": "25348",
          "utterance": "그러시구나~ 어떤 품목을 봤나요?",
          "summary": "",
          "date": "2022-10-18",
          "time": "17:43:13",
          "terminate": "false"
        },
        {
          "speaker": "speaker1",
          "personaID": "30256",
          "participantID": "24123",
          "utterance": "제가 신음식을 좋아해서 레몬즙을 샀어요.",
          "summary": "나는 신 음식을 좋아한다. 나는 레몬즙을 샀다.",
          "date": "2022-10-18",
          "time": "17:43:18",
          "terminate": "false"
        },
        {
          "speaker": "speaker2",
          "personaID": "31046",
          "participantID": "25348",
          "utterance": "그렇군요. 레몬즙은 몸에도 좋지 않나요?",
          "summary": "",
          "date": "2022-10-18",
          "time": "17:43:30",
          "terminate": "false"
        },
        {
          "speaker": "speaker1",
          "personaID": "30256",
          "participantID": "24123",
          "utterance": "맞아요~ 레몬즙 2L 짜리는 인터넷에서만 파네요~",
          "summary": "나는 레몬즙 2L를 구매했다.",
          "date": "2022-10-18",
          "time": "17:43:42",
          "terminate": "false"
        },
        {
          "speaker": "speaker2",
          "personaID": "31046",
          "participantID": "25348",
          "utterance": "아~ 대용량으로 주문하셨네요~ㅎㅎ.",
          "summary": "",
          "date": "2022-10-18",
          "time": "17:43:55",
          "terminate": "false"
        },
        {
          "speaker": "speaker1",
          "personaID": "30256",
          "participantID": "24123",
          "utterance": "아무래도 그게 싸네요~ 저는 자주 먹으니까요.",
          "summary": "나는 레몬즙을 자주 먹는다.",
          "date": "2022-10-18",
          "time": "17:44:02",
          "terminate": "false"
        },
        {
          "speaker": "speaker2",
          "personaID": "31046",
          "participantID": "25348",
          "utterance": "맞아요. 대용량으로 쟁여놓고 먹으면 되니까요~",
          "summary": "",
          "date": "2022-10-18",
          "time": "17:44:20",
          "terminate": "false"
        },
        {
          "speaker": "speaker1",
          "personaID": "30256",
          "participantID": "24123",
          "utterance": "그러네요~ 저는 이만 청소하러 갈게요.",
          "summary": "나는 청소하러 간다.",
          "date": "2022-10-18",
          "time": "17:44:29",
          "terminate": "false"
        },
        {
          "speaker": "speaker2",
          "personaID": "31046",
          "participantID": "25348",
          "utterance": "네. 알겠습니다. 다음에 이야기해요.",
          "summary": "",
          "date": "2022-10-18",
          "time": "17:44:38",
          "terminate": "true"
        }
      ],
      "sessionPersonaSummary": {
        "speaker1": [
          "나는 사회복지사로 일하는 30대 남자다.",
          "나는 오후에 인터넷 쇼핑을 한다.",
          "나는 신 음식을 좋아한다. 나는 레몬즙을 샀다.",
          "나는 레몬즙 2L를 구매했다.",
          "나는 레몬즙을 자주 먹는다.",
          "나는 청소하러 간다."
        ],
        "speaker2": [
          "나는 30대 남자이다. 나는 사무보조원이다.",
          "나는 @브랜드명1@를 볼 것이다. 나는 오전에 @브랜드명1@를 본다."
        ]
      },
      "prevAggregatedpersonaSummary": {
        "speaker1": [],
        "speaker2": []
      }
    },
    {
      "prevSessionID": "3-00346-1",
      "prevTimeInfo": {
        "timeNum": "3",
        "timeUnit": "시간"
      },
      "nthSession": "2",
      "numberOfUtterances": "14",
      "numberOfTurns": "7",
      "sessionID": "3-00346-2",
      "dialog": [
        {
          "speaker": "speaker1",
          "personaID": "30256",
          "participantID": "24123",
          "utterance": "청소하고 오니까 3시간이 흘렀네요~",
          "summary": "나는 청소를 했다.",
          "date": "2022-10-18",
          "time": "17:44:49",
          "terminate": "false"
        },
        {
          "speaker": "speaker2",
          "personaID": "31046",
          "participantID": "25348",
          "utterance": "오래 청소하셨네요~ 대청소였나요?",
          "summary": "",
          "date": "2022-10-18",
          "time": "17:44:59",
          "terminate": "false"
        },
        {
          "speaker": "speaker1",
          "personaID": "30256",
          "participantID": "24123",
          "utterance": "주말이라 마음먹고 대청소를 했죠~ 결혼은 했나요?",
          "summary": "나는 대청소를 했다.",
          "date": "2022-10-18",
          "time": "17:45:05",
          "terminate": "false"
        },
        {
          "speaker": "speaker2",
          "personaID": "31046",
          "participantID": "25348",
          "utterance": "네. 결혼했습니다. 기름값 아끼려고 일 주에 한두 번은 버스로 출퇴근하네요.",
          "summary": "나는 기혼이다. 나는 일 주에 한두 번 버스로 출퇴근한다.",
          "date": "2022-10-18",
          "time": "17:45:19",
          "terminate": "false"
        },
        {
          "speaker": "speaker1",
          "personaID": "30256",
          "participantID": "24123",
          "utterance": "그러시군요~ 저는 오늘 아내가 처가에 아이 데리고 가서~ 자유네요~",
          "summary": "나의 아내는 처가에 아이 데리고 갔다. 나는 자유다.",
          "date": "2022-10-18",
          "time": "17:45:32",
          "terminate": "false"
        },
        {
          "speaker": "speaker2",
          "personaID": "31046",
          "participantID": "25348",
          "utterance": "그거 편하시겠네요~ 육아가 피곤하기는 하죠.",
          "summary": "",
          "date": "2022-10-18",
          "time": "17:45:44",
          "terminate": "false"
        },
        {
          "speaker": "speaker1",
          "personaID": "30256",
          "participantID": "24123",
          "utterance": "맞아요~ 보통일은 아니네요. 분명히 아이가 좋은데 힘들어요.",
          "summary": "나는 육아가 힘들다. 나는 아이가 좋다.",
          "date": "2022-10-18",
          "time": "17:45:59",
          "terminate": "false"
        },
        {
          "speaker": "speaker2",
          "personaID": "31046",
          "participantID": "25348",
          "utterance": "그쵸. 눈에 넣어도 안 아플 자식이지만 힘든 건 힘든 거죠.",
          "summary": "",
          "date": "2022-10-18",
          "time": "17:46:11",
          "terminate": "false"
        },
        {
          "speaker": "speaker1",
          "personaID": "30256",
          "participantID": "24123",
          "utterance": "그러네요. 그러고 보니까 아들인가요?",
          "summary": "",
          "date": "2022-10-18",
          "time": "17:46:24",
          "terminate": "false"
        },
        {
          "speaker": "speaker2",
          "personaID": "31046",
          "participantID": "25348",
          "utterance": "네. 자녀는 아들이에요! 딸인가요? 아들인가요?",
          "summary": "나의 자녀는 아들이다.",
          "date": "2022-10-18",
          "time": "17:46:39",
          "terminate": "false"
        },
        {
          "speaker": "speaker1",
          "personaID": "30256",
          "participantID": "24123",
          "utterance": "아들이군요~ 저는 딸이네요~ 몇 살이예요?",
          "summary": "나의 자녀는 딸이다.",
          "date": "2022-10-18",
          "time": "17:46:44",
          "terminate": "false"
        },
        {
          "speaker": "speaker2",
          "personaID": "31046",
          "participantID": "25348",
          "utterance": "지금 4살이네요. 한참 시끄러울 나이이죠.",
          "summary": "",
          "date": "2022-10-18",
          "time": "17:46:54",
          "terminate": "false"
        },
        {
          "speaker": "speaker1",
          "personaID": "30256",
          "participantID": "24123",
          "utterance": "저는 이제 2살이네요~ㅎㅎ 옹알이를 하네요~ 저는 이만 맥주 사러 갈게요~",
          "summary": "내 딸은 2살이다. 나는 맥주 사러 간다.",
          "date": "2022-10-18",
          "time": "17:47:08",
          "terminate": "false"
        },
        {
          "speaker": "speaker2",
          "personaID": "31046",
          "participantID": "25348",
          "utterance": "옹알이 귀엽겠네요~ㅎㅎ 네. 다음에 이야기해요.",
          "summary": "",
          "date": "2022-10-18",
          "time": "17:47:22",
          "terminate": "true"
        }
      ],
      "sessionPersonaSummary": {
        "speaker1": [
          "나는 청소를 했다.",
          "나는 대청소를 했다.",
          "나의 아내는 처가에 아이 데리고 갔다. 나는 자유다.",
          "나는 육아가 힘들다. 나는 아이가 좋다.",
          "나의 자녀는 딸이다.",
          "내 딸은 2살이다. 나는 맥주 사러 간다."
        ],
        "speaker2": [
          "나는 기혼이다. 나는 일 주에 한두 번 버스로 출퇴근한다.",
          "나의 자녀는 아들이다."
        ]
      },
      "prevAggregatedpersonaSummary": {
        "speaker1": [
          "나는 사회복지사로 일하는 30대 남자다.",
          "나는 오후에 인터넷 쇼핑을 한다.",
          "나는 신 음식을 좋아한다. 나는 레몬즙을 샀다.",
          "나는 레몬즙 2L를 구매했다.",
          "나는 레몬즙을 자주 먹는다.",
          "나는 청소하러 간다."
        ],
        "speaker2": [
          "나는 30대 남자이다. 나는 사무보조원이다.",
          "나는 @브랜드명1@를 볼 것이다. 나는 오전에 @브랜드명1@를 본다."
        ]
      }
    },
    {
      "prevSessionID": "3-00346-2",
      "prevTimeInfo": {
        "timeNum": "7",
        "timeUnit": "일"
      },
      "nthSession": "3",
      "numberOfUtterances": "14",
      "numberOfTurns": "7",
      "sessionID": "3-00346-3",
      "dialog": [
        {
          "speaker": "speaker1",
          "personaID": "30256",
          "participantID": "24123",
          "utterance": "일 주가 지나서 주말이 돌아왔어요~ 오늘은 딸이랑 소풍 가기로 했네요.",
          "summary": "나는 딸과 소풍을 갈 거다.",
          "date": "2022-10-18",
          "time": "17:47:40",
          "terminate": "false"
        },
        {
          "speaker": "speaker2",
          "personaID": "31046",
          "participantID": "25348",
          "utterance": "좋은 아버지시네요! 가족이랑 시간도 잘 보내시고~",
          "summary": "",
          "date": "2022-10-18",
          "time": "17:47:58",
          "terminate": "false"
        },
        {
          "speaker": "speaker1",
          "personaID": "30256",
          "participantID": "24123",
          "utterance": "귀여울때 많이 놀아야죠~ 나중에 사춘기 되면 본척도 안할텐데~",
          "summary": "",
          "date": "2022-10-18",
          "time": "17:48:12",
          "terminate": "false"
        },
        {
          "speaker": "speaker2",
          "personaID": "31046",
          "participantID": "25348",
          "utterance": "그러니까요.. 딸은 사춘기 되면 아버지를 기피하더라고요..",
          "summary": "",
          "date": "2022-10-18",
          "time": "17:48:24",
          "terminate": "false"
        },
        {
          "speaker": "speaker1",
          "personaID": "30256",
          "participantID": "24123",
          "utterance": "그렇게 되나봐요~ 그래서 최대한 자연스럽게 스킨쉽도 많이 해두려고요~",
          "summary": "나는 자연스럽게 스킨십을 많이 할 거다.",
          "date": "2022-10-18",
          "time": "17:48:41",
          "terminate": "false"
        },
        {
          "speaker": "speaker2",
          "personaID": "31046",
          "participantID": "25348",
          "utterance": "그게 좋은 거죠! 커서는 기억 못하겠지만요.",
          "summary": "",
          "date": "2022-10-18",
          "time": "17:48:50",
          "terminate": "false"
        },
        {
          "speaker": "speaker1",
          "personaID": "30256",
          "participantID": "24123",
          "utterance": "커서도 조금이라도 거부감이 없겠죠~",
          "summary": "",
          "date": "2022-10-18",
          "time": "17:48:57",
          "terminate": "false"
        },
        {
          "speaker": "speaker2",
          "personaID": "31046",
          "participantID": "25348",
          "utterance": "그렇겠네요. 정말 딸을 많이 생각하시네요.",
          "summary": "",
          "date": "2022-10-18",
          "time": "17:49:12",
          "terminate": "false"
        },
        {
          "speaker": "speaker1",
          "personaID": "30256",
          "participantID": "24123",
          "utterance": "제 보물이네요~ 아드님은 잘 따르나요?",
          "summary": "내 딸은 나의 보물이다.",
          "date": "2022-10-18",
          "time": "17:49:21",
          "terminate": "false"
        },
        {
          "speaker": "speaker2",
          "personaID": "31046",
          "participantID": "25348",
          "utterance": "네. 잘 따르네요. 근데 돈가스를 너무 좋아해요.. 저는 돈가스를 안 먹는데..",
          "summary": "나의 아들은 말을 잘 듣는다. 나의 아들은 돈가스를 좋아한다. 나는 돈가스를 안 먹는다.",
          "date": "2022-10-18",
          "time": "17:49:40",
          "terminate": "false"
        },
        {
          "speaker": "speaker1",
          "personaID": "30256",
          "participantID": "24123",
          "utterance": "어려서부터 너무 기름진거 먹이면 안 좋다던데~",
          "summary": "",
          "date": "2022-10-18",
          "time": "17:49:51",
          "terminate": "false"
        },
        {
          "speaker": "speaker2",
          "personaID": "31046",
          "participantID": "25348",
          "utterance": "네. 안 먹이니까 더 찾는 것 같아요.",
          "summary": "나는 아들에게 돈가스를 안 먹인다.",
          "date": "2022-10-18",
          "time": "17:50:01",
          "terminate": "false"
        },
        {
          "speaker": "speaker1",
          "personaID": "30256",
          "participantID": "24123",
          "utterance": "이미 맛을 알아버렸군요... 저는 이만 소풍갈게요~",
          "summary": "나는 소풍을 간다.",
          "date": "2022-10-18",
          "time": "17:50:13",
          "terminate": "false"
        },
        {
          "speaker": "speaker2",
          "personaID": "31046",
          "participantID": "25348",
          "utterance": "네. 알겠습니다. 다음에 이야기해요!",
          "summary": "",
          "date": "2022-10-18",
          "time": "17:50:20",
          "terminate": "true"
        }
      ],
      "sessionPersonaSummary": {
        "speaker1": [
          "나는 딸과 소풍을 갈 거다.",
          "나는 자연스럽게 스킨십을 많이 할 거다.",
          "내 딸은 나의 보물이다.",
          "나는 소풍을 간다."
        ],
        "speaker2": [
          "나의 아들은 말을 잘 듣는다. 나의 아들은 돈가스를 좋아한다. 나는 돈가스를 안 먹는다.",
          "나는 아들에게 돈가스를 안 먹인다."
        ]
      },
      "prevAggregatedpersonaSummary": {
        "speaker1": [
          "나는 사회복지사로 일하는 30대 남자다.",
          "나는 오후에 인터넷 쇼핑을 한다.",
          "나는 신 음식을 좋아한다. 나는 레몬즙을 샀다.",
          "나는 레몬즙 2L를 구매했다.",
          "나는 레몬즙을 자주 먹는다.",
          "나는 청소하러 간다.",
          "나는 청소를 했다.",
          "나는 대청소를 했다.",
          "나의 아내는 처가에 아이 데리고 갔다. 나는 자유다.",
          "나는 육아가 힘들다. 나는 아이가 좋다.",
          "나의 자녀는 딸이다.",
          "내 딸은 2살이다. 나는 맥주 사러 간다."
        ],
        "speaker2": [
          "나는 30대 남자이다. 나는 사무보조원이다.",
          "나는 @브랜드명1@를 볼 것이다. 나는 오전에 @브랜드명1@를 본다.",
          "나는 기혼이다. 나는 일 주에 한두 번 버스로 출퇴근한다.",
          "나의 자녀는 아들이다."
        ]
      }
    }
  ]
}