{
  "FileInfo": {
    "filename": "K3-00440-CL42235-CP20829-15-05-S3.json",
    "sessionLevel": "3"
  },
  "participantsInfo": {
    "numberOfParticipants": "2",
    "speaker1": {
      "participantID": "4352",
      "gender": "여성",
      "age": "40대",
      "occupation": "주부",
      "bPlace": "서울/경기/인천",
      "gPlace": "서울/경기/인천",
      "rPlace": "서울/경기/인천",
      "educationLevel": "대졸"
    },
    "speaker2": {
      "participantID": "8684",
      "gender": "남성",
      "age": "30대",
      "occupation": "교직",
      "bPlace": "부산/대구/울산/경상",
      "gPlace": "부산/대구/울산/경상",
      "rPlace": "부산/대구/울산/경상",
      "educationLevel": "대졸"
    }
  },
  "multisessionInfo": {
    "multisessionID": "3-00440"
  },
  "personaInfo": {
    "clInfo": {
      "personaID": "42235",
      "personaFeatures": [
        "나는 여자이다.",
        "나는 40대이다.",
        "나는 다소 상냥하다",
        "나는 오전에 인터넷 쇼핑을 한다",
        "나는 혈액형이 O형이다"
      ],
      "speakerType": "speaker1"
    },
    "cpInfo": {
      "personaID": "20829",
      "personaFeatures": [
        "나는 남자이다.",
        "나는 20대이다.",
        "나의 거주지는 서산이다",
        "나는 조각가이다",
        "나는 일식을 안 먹는다"
      ],
      "speakerType": "speaker2"
    }
  },
  "topicInfo": {
    "topicID": "15-05",
    "topicType": "시사/사회>타국가이슈(해외)",
    "topicTitle": "경제"
  },
  "sessionInfo": [
    {
      "prevSessionID": null,
      "prevTimeInfo": {
        "timeNum": null,
        "timeUnit": null
      },
      "nthSession": "1",
      "numberOfUtterances": "14",
      "numberOfTurns": "7",
      "sessionID": "3-00440-1",
      "dialog": [
        {
          "speaker": "speaker1",
          "personaID": "42235",
          "participantID": "4352",
          "utterance": "안녕하세요. 저는 40대 여성입니다.",
          "summary": "나는 40대 여성이다.",
          "date": "2022-11-10",
          "time": "14:54:26",
          "terminate": "false"
        },
        {
          "speaker": "speaker2",
          "personaID": "20829",
          "participantID": "8684",
          "utterance": "안녕하세요 저는 20대 남성입니다.",
          "summary": "나는 20대 남성이다.",
          "date": "2022-11-10",
          "time": "14:57:39",
          "terminate": "false"
        },
        {
          "speaker": "speaker1",
          "personaID": "42235",
          "participantID": "4352",
          "utterance": "저는 오전에 인터넷 쇼핑을 해요.",
          "summary": "나는 오전에 인터넷 쇼핑을 한다.",
          "date": "2022-11-10",
          "time": "14:58:11",
          "terminate": "false"
        },
        {
          "speaker": "speaker2",
          "personaID": "20829",
          "participantID": "8684",
          "utterance": "오전에 쇼핑을 하시는 구나~좋으시겠네요. 저는 서산에 살고 있는데 어디에 사세요?",
          "summary": " 나는 서산에 살고 있다.",
          "date": "2022-11-10",
          "time": "14:59:09",
          "terminate": "false"
        },
        {
          "speaker": "speaker1",
          "personaID": "42235",
          "participantID": "4352",
          "utterance": "저는 수원에 살고 있어요. 저는 혈액형이 O형이라 다소 성격이 상냥해요.",
          "summary": "나는 성격이 상냥하다.",
          "date": "2022-11-10",
          "time": "15:00:21",
          "terminate": "false"
        },
        {
          "speaker": "speaker2",
          "personaID": "20829",
          "participantID": "8684",
          "utterance": "그렇군요! 저의 혈액형은 B형입니다! 저는 서산에서 조각가로 일하고 있어요.",
          "summary": "나의 혈액형은 B형이다. 나는 서산에서 조각가로 일하고 있다.",
          "date": "2022-11-10",
          "time": "15:06:16",
          "terminate": "false"
        },
        {
          "speaker": "speaker1",
          "personaID": "42235",
          "participantID": "4352",
          "utterance": "멋지네요. 저는 인터넷 쇼핑몰도 운영하고 있어요.",
          "summary": "나는 인터넷 쇼핑몰을 운영하고 있다.",
          "date": "2022-11-10",
          "time": "15:08:00",
          "terminate": "false"
        },
        {
          "speaker": "speaker2",
          "personaID": "20829",
          "participantID": "8684",
          "utterance": "인터넷 쇼핑몰 요즘 경기가 어떤가요? 제 아는 형도 하는데 많이 힘들어 하시더라고요. 혹시 좋아하시는 음식 있으신가요? 저는 한식은 좋아하는데 일식은 안먹어요.",
          "summary": "나의 아는 형도 인터넷 쇼핑몰을 하는데 많이 힘들어한다. 나는 한식을 좋아하지만 일식은 먹지 않는다.",
          "date": "2022-11-10",
          "time": "15:09:34",
          "terminate": "false"
        },
        {
          "speaker": "speaker1",
          "personaID": "42235",
          "participantID": "4352",
          "utterance": "인터넷 쇼핑몰 경기도 좋지 않아 많이 힘들어요. 저는 마라탕을 좋아하고 한식 일식 양식 다 좋아해요.",
          "summary": "나는 마라탕을 좋아한다.",
          "date": "2022-11-10",
          "time": "15:10:43",
          "terminate": "false"
        },
        {
          "speaker": "speaker2",
          "personaID": "20829",
          "participantID": "8684",
          "utterance": "마라탕 좋죠! 저도 마라탕 좋아해요! 특히 옥수수면이요!",
          "summary": "나는 마라탕을 좋아하고 특히 옥수수 면을 좋아한다.",
          "date": "2022-11-10",
          "time": "15:12:14",
          "terminate": "false"
        },
        {
          "speaker": "speaker1",
          "personaID": "42235",
          "participantID": "4352",
          "utterance": "저는 요즘 같은 늦은 가을인 계절을 좋아합니다.",
          "summary": "나는 가을을 좋아한다.",
          "date": "2022-11-10",
          "time": "15:15:10",
          "terminate": "false"
        },
        {
          "speaker": "speaker2",
          "personaID": "20829",
          "participantID": "8684",
          "utterance": "저도 벌레 많이 없고 시원해서 가을을 좋아해요! 근데 곧 겨울이네요ㅠ",
          "summary": "나는 벌레가 많이 없는 시원한 가을을 좋아한다.",
          "date": "2022-11-10",
          "time": "15:15:32",
          "terminate": "false"
        },
        {
          "speaker": "speaker1",
          "personaID": "42235",
          "participantID": "4352",
          "utterance": "저는 겨울도 좋지만 갈수록 추위에 약해지네요.",
          "summary": "나는 겨울도 좋아하지만 추위는 약하다.",
          "date": "2022-11-10",
          "time": "15:16:38",
          "terminate": "false"
        },
        {
          "speaker": "speaker2",
          "personaID": "20829",
          "participantID": "8684",
          "utterance": "제가 선약이 있어서 먼저 나가봐야 할 것 같아요~다음에 또 이야기해요!",
          "summary": "나는 선약이 있어서 먼저 나가봐야 할 것 같다.",
          "date": "2022-11-10",
          "time": "15:18:38",
          "terminate": "true"
        }
      ],
      "sessionPersonaSummary": {
        "speaker1": [
          "나는 40대 여성이다.",
          "나는 오전에 인터넷 쇼핑을 한다.",
          "나는 성격이 상냥하다.",
          "나는 인터넷 쇼핑몰을 운영하고 있다.",
          "나는 마라탕을 좋아한다.",
          "나는 가을을 좋아한다.",
          "나는 겨울도 좋아하지만 추위는 약하다."
        ],
        "speaker2": [
          "나는 20대 남성이다.",
          "나는 서산에 살고 있다.",
          "나의 혈액형은 B형이다.",
          "나는 서산에서 조각가로 일하고 있다.",
          "나의 아는 형도 인터넷 쇼핑몰을 하는데 많이 힘들어한다.",
          "나는 한식을 좋아하지만 일식은 먹지 않는다.",
          "나는 마라탕을 좋아하고 특히 옥수수 면을 좋아한다.",
          "나는 벌레가 많이 없는 시원한 가을을 좋아한다.",
          "나는 선약이 있어서 먼저 나가봐야 할 것 같다."
        ]
      },
      "prevAggregatedpersonaSummary": {
        "speaker1": [],
        "speaker2": []
      }
    },
    {
      "prevSessionID": "3-00440-1",
      "prevTimeInfo": {
        "timeNum": "3",
        "timeUnit": "일"
      },
      "nthSession": "2",
      "numberOfUtterances": "14",
      "numberOfTurns": "7",
      "sessionID": "3-00440-2",
      "dialog": [
        {
          "speaker": "speaker1",
          "personaID": "42235",
          "participantID": "4352",
          "utterance": "벌써 3일이 지났네요. 요즘 전세계적으로 경제가 너무 안 좋은데 어떻게 생각하시나요?",
          "summary": "",
          "date": "2022-11-11",
          "time": "12:51:27",
          "terminate": "false"
        },
        {
          "speaker": "speaker2",
          "personaID": "20829",
          "participantID": "8684",
          "utterance": "전 사실 경제에 그렇게 크게 관심이 없는 편이기 한데 요즘은 정말 난리 인 것 같아요.",
          "summary": "나는 경제에 관심이 크게 없는 편이다.",
          "date": "2022-11-11",
          "time": "12:52:23",
          "terminate": "false"
        },
        {
          "speaker": "speaker1",
          "personaID": "42235",
          "participantID": "4352",
          "utterance": "저도 경제에 관심은 있지만 깊게는 알지 못하는데 요즘엔 실생활에서 피부로 와닿는 것 같아요.",
          "summary": "나는 경제에 관심은 있지만 깊게 알지는 못한다.",
          "date": "2022-11-11",
          "time": "12:53:18",
          "terminate": "false"
        },
        {
          "speaker": "speaker2",
          "personaID": "20829",
          "participantID": "8684",
          "utterance": "아무래도 그렇죠? 저도 우리나라 물가가 너무 많이 오른 것 같아요. 우리나라 말고 다른 나라도 이렇게 물가가 많이 치솟고 있을까요?",
          "summary": "나는 우리나라 물가가 너무 많이 오른 것 같다.",
          "date": "2022-11-11",
          "time": "12:53:47",
          "terminate": "false"
        },
        {
          "speaker": "speaker1",
          "personaID": "42235",
          "participantID": "4352",
          "utterance": "다른 나라도 비슷한 것 같아요. 여러가지로 살기가 예전 보다 더 어려워진 느낌입니다.",
          "summary": "나는 여러 가지로 살기가 예전보다 어려워진 느낌이다.",
          "date": "2022-11-11",
          "time": "12:54:20",
          "terminate": "false"
        },
        {
          "speaker": "speaker2",
          "personaID": "20829",
          "participantID": "8684",
          "utterance": "저도 그렇게 느끼고 있어요. 내년에는 국 내외 전부 경제가 더 악화 될꺼라는 경제 지표도 있는 것 같더라고요.",
          "summary": "나도 그렇게 느끼고 있다.",
          "date": "2022-11-11",
          "time": "12:56:50",
          "terminate": "false"
        },
        {
          "speaker": "speaker1",
          "personaID": "42235",
          "participantID": "4352",
          "utterance": "내년에는 좀 좋아질까 기대했는데 더 악화된다니 너무 실망스럽네요.",
          "summary": "나는 내년에는 경제가 더 나아질 것이라고 기대한다.",
          "date": "2022-11-11",
          "time": "12:57:30",
          "terminate": "false"
        },
        {
          "speaker": "speaker2",
          "personaID": "20829",
          "participantID": "8684",
          "utterance": "그러니까요 언제 다시 경제가 안정될지 걱정이네요.",
          "summary": "나는 언제 다시 경제가 안정될지 걱정이다.",
          "date": "2022-11-11",
          "time": "12:58:45",
          "terminate": "false"
        },
        {
          "speaker": "speaker1",
          "personaID": "42235",
          "participantID": "4352",
          "utterance": "경제가 어려우니 청년들 취업에도 영향을 끼치는 것 같아요.",
          "summary": "나는 경제가 어려우니까 청년들 취업에도 영향을 주는 것 같다.",
          "date": "2022-11-11",
          "time": "12:59:18",
          "terminate": "false"
        },
        {
          "speaker": "speaker2",
          "personaID": "20829",
          "participantID": "8684",
          "utterance": "맞아요 그런 것 같아요. 제 친구들도 다들 요즘 취업하기 힘들다고 호소 하더라고요.",
          "summary": "",
          "date": "2022-11-11",
          "time": "13:01:24",
          "terminate": "false"
        },
        {
          "speaker": "speaker1",
          "personaID": "42235",
          "participantID": "4352",
          "utterance": "요즘엔 경제구조가 달라짐에 따라 점점 회사 취업보다는 프리랜서를 선호하는 것 같아요. ",
          "summary": "",
          "date": "2022-11-11",
          "time": "13:03:19",
          "terminate": "false"
        },
        {
          "speaker": "speaker2",
          "personaID": "20829",
          "participantID": "8684",
          "utterance": "그런가요? 하긴 요즘은 딱 정해진 직업만 하는 게 아니라 아르바이트 하면서도 살아 갈 수 있는 것 같기도 해요.",
          "summary": "나는 요즘은 딱 정해진 직업만 하는 게 아니라 아르바이트하면서도 살아갈 수 있는 것 같기도 하다.",
          "date": "2022-11-11",
          "time": "13:10:26",
          "terminate": "false"
        },
        {
          "speaker": "speaker1",
          "personaID": "42235",
          "participantID": "4352",
          "utterance": "점점 안정적인 직업보다는 시간이 자유롭고 본인이 하고 싶은 일을 하는 것을 좋아하기 때문인 것 같아요.",
          "summary": "나는 요즘 사람들은 안정적인 직업보다는 시간이 자유로운 일을 하는 것을 더 선호하는 것 같다.",
          "date": "2022-11-11",
          "time": "13:13:38",
          "terminate": "false"
        }
      ],
      "sessionPersonaSummary": {
        "speaker1": [
          "나는 경제에 관심은 있지만 깊게 알지는 못한다.",
          "나는 여러 가지로 살기가 예전보다 어려워진 느낌이다.",
          "나는 내년에는 경제가 더 나아질 것이라고 기대한다.",
          "나는 경제가 어려우니까 청년들 취업에도 영향을 주는 것 같다.",
          "나는 요즘 사람들은 안정적인 직업보다는 시간이 자유로운 일을 하는 것을 더 선호하는 것 같다."
        ],
        "speaker2": [
          "나는 경제에 관심이 크게 없는 편이다.",
          "나는 우리나라 물가가 너무 많이 오른 것 같다.",
          "나도 그렇게 느끼고 있다.",
          "나는 언제 다시 경제가 안정될지 걱정이다.",
          "나는 요즘은 딱 정해진 직업만 하는 게 아니라 아르바이트하면서도 살아갈 수 있는 것 같기도 하다."
        ]
      },
      "prevAggregatedpersonaSummary": {
        "speaker1": [
          "나는 40대 여성이다.",
          "나는 오전에 인터넷 쇼핑을 한다.",
          "나는 성격이 상냥하다.",
          "나는 인터넷 쇼핑몰을 운영하고 있다.",
          "나는 마라탕을 좋아한다.",
          "나는 가을을 좋아한다.",
          "나는 겨울도 좋아하지만 추위는 약하다."
        ],
        "speaker2": [
          "나는 20대 남성이다.",
          "나는 서산에 살고 있다.",
          "나의 혈액형은 B형이다.",
          "나는 서산에서 조각가로 일하고 있다.",
          "나의 아는 형도 인터넷 쇼핑몰을 하는데 많이 힘들어한다.",
          "나는 한식을 좋아하지만 일식은 먹지 않는다.",
          "나는 마라탕을 좋아하고 특히 옥수수 면을 좋아한다.",
          "나는 벌레가 많이 없는 시원한 가을을 좋아한다.",
          "나는 선약이 있어서 먼저 나가봐야 할 것 같다."
        ]
      }
    },
    {
      "prevSessionID": "3-00440-2",
      "prevTimeInfo": {
        "timeNum": "3",
        "timeUnit": "주"
      },
      "nthSession": "3",
      "numberOfUtterances": "14",
      "numberOfTurns": "7",
      "sessionID": "3-00440-3",
      "dialog": [
        {
          "speaker": "speaker1",
          "personaID": "42235",
          "participantID": "4352",
          "utterance": "벌써 3주가 흘렀네요. 우크라이나 전쟁이나 코로나 등 여러가지 타국가 이슈로도 경제에 영향이 많은 것 같아요.",
          "summary": "나는 우크라이나 전쟁과 코로나가 세계 경제에 영향을 준 것 같다.",
          "date": "2022-11-11",
          "time": "13:28:47",
          "terminate": "false"
        },
        {
          "speaker": "speaker2",
          "personaID": "20829",
          "participantID": "8684",
          "utterance": "반갑습니다 벌써 3주가 흘렀나요? 시간 빠르네요. 안그래도 러시아 전쟁때문에 경제가 더 어수선 한 것 같아요.",
          "summary": " 나는 러시아 전쟁 때문에 경제가 더 어수선한 것 같다.",
          "date": "2022-11-11",
          "time": "13:34:59",
          "terminate": "false"
        },
        {
          "speaker": "speaker1",
          "personaID": "42235",
          "participantID": "4352",
          "utterance": "러시아 우크라이나 전쟁은 언제 쯤이면 안정화 되려나요. 분단국가에 사는 사람으로 남의 일 같지가 않네요.",
          "summary": "나는 러시아 우크라이나 전쟁이 언제 안정 화 될지 궁금하다.",
          "date": "2022-11-11",
          "time": "16:33:43",
          "terminate": "false"
        },
        {
          "speaker": "speaker2",
          "personaID": "20829",
          "participantID": "8684",
          "utterance": "맞아요 외국은 러시아 전쟁 때문에 가스료가 엄청 올랐다고 하던 뉴스 본 것 같아요.여러모로 여러 국각에 엄청난 피해에요",
          "summary": "나는 러시아 전쟁 때문에 가스료가 엄청 올랐다는 뉴스를 봤고 여러 국가에 엄청난 피해라고 생각한다.",
          "date": "2022-11-11",
          "time": "16:35:20",
          "terminate": "false"
        },
        {
          "speaker": "speaker1",
          "personaID": "42235",
          "participantID": "4352",
          "utterance": "난민들에 대한 영상들이나 가족을 잃은 아이들의 모습이 담긴 영상들을 보면 마음이 많이 아픕니다.",
          "summary": "나는 전쟁 난민들의 소식을 보면 마음이 아프다.",
          "date": "2022-11-11",
          "time": "16:37:31",
          "terminate": "false"
        },
        {
          "speaker": "speaker2",
          "personaID": "20829",
          "participantID": "8684",
          "utterance": "혹시 님 쇼핑몰은 어떤걸 판매하세요?",
          "summary": "",
          "date": "2022-11-11",
          "time": "16:38:40",
          "terminate": "false"
        },
        {
          "speaker": "speaker1",
          "personaID": "42235",
          "participantID": "4352",
          "utterance": "저는 쇼핑몰에서 여성 패션 잡화 쪽을 판매하는데 국내 경제도 좋지 않아 수월하지 않네요.",
          "summary": "나는 운영하는 쇼핑몰의 사정이 좋지 않은 편이다.",
          "date": "2022-11-11",
          "time": "16:52:53",
          "terminate": "false"
        },
        {
          "speaker": "speaker2",
          "personaID": "20829",
          "participantID": "8684",
          "utterance": "저희 사촌 형은 중국에서 물건을 매입해서 판매하는데 요즘엔 중국 상품도 가격이 많이 올라서 힘들다고 하더라고요. 이래저래 서민들 살기가 더 힘들어 지는 것 같아요.",
          "summary": " 나는 이래저래 서민들 살기가 더 힘들어지는 것 같다.",
          "date": "2022-11-11",
          "time": "16:54:09",
          "terminate": "false"
        },
        {
          "speaker": "speaker1",
          "personaID": "42235",
          "participantID": "4352",
          "utterance": "아 맞아요. 주로 중국 매입을 많이들 하죠.  저는 이젠 세계가 하나라 타국가 이슈들이 경제에 미치는 영향이 크다고 생각해요.",
          "summary": "나는 이제 모든 나라가 서로의 경제에 미치는 영향이 크다고 생각한다.",
          "date": "2022-11-11",
          "time": "17:01:35",
          "terminate": "false"
        },
        {
          "speaker": "speaker2",
          "personaID": "20829",
          "participantID": "8684",
          "utterance": "맞아요. 특히 경제적인 부분에서는 더 그런 것 같아요. 우리나라도 이번에 수출이 엄청 줄어서 무역적자가 심하다고 하잖아요?",
          "summary": "",
          "date": "2022-11-11",
          "time": "17:03:45",
          "terminate": "false"
        },
        {
          "speaker": "speaker1",
          "personaID": "42235",
          "participantID": "4352",
          "utterance": "맞아요. 외교적인 문제도 있어서 저는 우리나라가 지리학적으로 주변국가들에 눈치를 많이 볼 수 밖에 없는 현실이 안타깝다고 생각해요.",
          "summary": "나는 우리나라가 지리학적으로 주변 국가의 눈치를 많이 볼 수밖에 없는 위치라고 생각한다.",
          "date": "2022-11-11",
          "time": "17:07:18",
          "terminate": "false"
        },
        {
          "speaker": "speaker2",
          "personaID": "20829",
          "participantID": "8684",
          "utterance": "우리나라고 다른 나라고 경제적으로 좀 안정이 되면 좋겠네요.",
          "summary": "나는 경제적으로 좀 안정이 되면 좋겠다.",
          "date": "2022-11-11",
          "time": "17:10:41",
          "terminate": "false"
        },
        {
          "speaker": "speaker1",
          "personaID": "42235",
          "participantID": "4352",
          "utterance": "저는 젊을 때는 경제관념이 좀 없는 편이었는데 이제는 너무 몰라도 안될 것 같아 경제 뉴스나 재테크 관련 뉴스도 관심을 가져야 겠다고 생각이 들었네요.",
          "summary": "나는 젊은 시절에는 경제관념이 없는 편이었다.",
          "date": "2022-11-11",
          "time": "17:15:22",
          "terminate": "false"
        },
        {
          "speaker": "speaker2",
          "personaID": "20829",
          "participantID": "8684",
          "utterance": "저도 경제는 영 관심이 없는데 앞으로를 위해서 좀 관심 가져야 할 것 같네요. 저는 친구랑 약속이 있어서 좀 준비해야 할 것 같아요. 다음에 또 뵈요!",
          "summary": "나는 경제는 영 관심이 없는데 앞으로 관심을 가져야겠다. 나는 친구랑 약속이 있어서 준비를 해야 할 것 같다.",
          "date": "2022-11-11",
          "time": "17:17:32",
          "terminate": "true"
        }
      ],
      "sessionPersonaSummary": {
        "speaker1": [
          "나는 우크라이나 전쟁과 코로나가 세계 경제에 영향을 준 것 같다.",
          "나는 러시아 우크라이나 전쟁이 언제 안정 화 될지 궁금하다.",
          "나는 전쟁 난민들의 소식을 보면 마음이 아프다.",
          "나는 운영하는 쇼핑몰의 사정이 좋지 않은 편이다.",
          "나는 이제 모든 나라가 서로의 경제에 미치는 영향이 크다고 생각한다.",
          "나는 우리나라가 지리학적으로 주변 국가의 눈치를 많이 볼 수밖에 없는 위치라고 생각한다.",
          "나는 젊은 시절에는 경제관념이 없는 편이었다."
        ],
        "speaker2": [
          "나는 러시아 전쟁 때문에 경제가 더 어수선한 것 같다.",
          "나는 러시아 전쟁 때문에 가스료가 엄청 올랐다는 뉴스를 봤고 여러 국가에 엄청난 피해라고 생각한다.",
          "나는 이래저래 서민들 살기가 더 힘들어지는 것 같다.",
          "나는 경제적으로 좀 안정이 되면 좋겠다.",
          "나는 경제는 영 관심이 없는데 앞으로 관심을 가져야겠다.",
          "나는 친구랑 약속이 있어서 준비를 해야 할 것 같다."
        ]
      },
      "prevAggregatedpersonaSummary": {
        "speaker1": [
          "나는 40대 여성이다.",
          "나는 오전에 인터넷 쇼핑을 한다.",
          "나는 성격이 상냥하다.",
          "나는 인터넷 쇼핑몰을 운영하고 있다.",
          "나는 마라탕을 좋아한다.",
          "나는 가을을 좋아한다.",
          "나는 겨울도 좋아하지만 추위는 약하다.",
          "나는 경제에 관심은 있지만 깊게 알지는 못한다.",
          "나는 여러 가지로 살기가 예전보다 어려워진 느낌이다.",
          "나는 내년에는 경제가 더 나아질 것이라고 기대한다.",
          "나는 경제가 어려우니까 청년들 취업에도 영향을 주는 것 같다.",
          "나는 요즘 사람들은 안정적인 직업보다는 시간이 자유로운 일을 하는 것을 더 선호하는 것 같다."
        ],
        "speaker2": [
          "나는 20대 남성이다.",
          "나는 서산에 살고 있다.",
          "나의 혈액형은 B형이다.",
          "나는 서산에서 조각가로 일하고 있다.",
          "나의 아는 형도 인터넷 쇼핑몰을 하는데 많이 힘들어한다.",
          "나는 한식을 좋아하지만 일식은 먹지 않는다.",
          "나는 마라탕을 좋아하고 특히 옥수수 면을 좋아한다.",
          "나는 벌레가 많이 없는 시원한 가을을 좋아한다.",
          "나는 선약이 있어서 먼저 나가봐야 할 것 같다.",
          "나는 경제에 관심이 크게 없는 편이다.",
          "나는 우리나라 물가가 너무 많이 오른 것 같다.",
          "나도 그렇게 느끼고 있다.",
          "나는 언제 다시 경제가 안정될지 걱정이다.",
          "나는 요즘은 딱 정해진 직업만 하는 게 아니라 아르바이트하면서도 살아갈 수 있는 것 같기도 하다."
        ]
      }
    }
  ]
}