{
  "FileInfo": {
    "filename": "K3-00528-CL21385-CP22264-13-03-S3.json",
    "sessionLevel": "3"
  },
  "participantsInfo": {
    "numberOfParticipants": "2",
    "speaker1": {
      "participantID": "0166",
      "gender": "여성",
      "age": "20대",
      "occupation": "기능직",
      "bPlace": "부산/대구/울산/경상",
      "gPlace": "부산/대구/울산/경상",
      "rPlace": "부산/대구/울산/경상",
      "educationLevel": "대졸"
    },
    "speaker2": {
      "participantID": "0457",
      "gender": "여성",
      "age": "20대",
      "occupation": "학생",
      "bPlace": "부산/대구/울산/경상",
      "gPlace": "부산/대구/울산/경상",
      "rPlace": "부산/대구/울산/경상",
      "educationLevel": "고졸"
    }
  },
  "multisessionInfo": {
    "multisessionID": "3-00528"
  },
  "personaInfo": {
    "clInfo": {
      "personaID": "21385",
      "personaFeatures": [
        "나는 여자이다.",
        "나는 20대이다.",
        "나의 종교는 개신교이다.",
        "나는 건설환경공학부 전공이다.",
        "나는 노트북을 잘 활용한다."
      ],
      "speakerType": "speaker1"
    },
    "cpInfo": {
      "personaID": "22264",
      "personaFeatures": [
        "나는 여자이다.",
        "나는 20대이다.",
        "나는 가끔 국내 여행을 한다.",
        "나는 축구부 동아리에 관심이 없다.",
        "나는 PC게임을 매일 한다."
      ],
      "speakerType": "speaker2"
    }
  },
  "topicInfo": {
    "topicID": "13-03",
    "topicType": "기후>계절/날씨",
    "topicTitle": "천재지변"
  },
  "sessionInfo": [
    {
      "prevSessionID": null,
      "prevTimeInfo": {
        "timeNum": null,
        "timeUnit": null
      },
      "nthSession": "1",
      "numberOfUtterances": "16",
      "numberOfTurns": "8",
      "sessionID": "3-00528-1",
      "dialog": [
        {
          "speaker": "speaker1",
          "personaID": "21385",
          "participantID": "0166",
          "utterance": "안녕하세요. 저는 20대 여자예요.",
          "summary": "나는 20대 여성이다.",
          "date": "2022-09-29",
          "time": "09:54:39",
          "terminate": "false"
        },
        {
          "speaker": "speaker2",
          "personaID": "22264",
          "participantID": "0457",
          "utterance": "안녕하세요. 저도 20대 여자예요.",
          "summary": "나는 20대 여성이다.",
          "date": "2022-09-29",
          "time": "09:55:01",
          "terminate": "false"
        },
        {
          "speaker": "speaker1",
          "personaID": "21385",
          "participantID": "0166",
          "utterance": "잘 부탁드려요. 저는 에너지공기업에서 일하고 있어요. 건설환경공학과를 나왔어요.",
          "summary": "나는 에너지 공기업에서 근무한다. 나는 건설환경공학부 전공이다.",
          "date": "2022-09-29",
          "time": "09:56:37",
          "terminate": "false"
        },
        {
          "speaker": "speaker2",
          "personaID": "22264",
          "participantID": "0457",
          "utterance": "오, 그럼 대학교 졸업 하신 거에요? 전 아직 대학생이에요.",
          "summary": "나는 대학생이다.",
          "date": "2022-09-29",
          "time": "09:57:02",
          "terminate": "false"
        },
        {
          "speaker": "speaker1",
          "personaID": "21385",
          "participantID": "0166",
          "utterance": "그렇죠. 대학생이시구나. 무슨 전공이세요?",
          "summary": "나는 대학교를 졸업했다.",
          "date": "2022-09-29",
          "time": "09:57:54",
          "terminate": "false"
        },
        {
          "speaker": "speaker2",
          "personaID": "22264",
          "participantID": "0457",
          "utterance": "저는 경제학과에요. 오늘도 강의 들었어요.",
          "summary": "나는 경제학과 전공이다. 나는 강의를 들었다.",
          "date": "2022-09-29",
          "time": "09:58:45",
          "terminate": "false"
        },
        {
          "speaker": "speaker1",
          "personaID": "21385",
          "participantID": "0166",
          "utterance": "열심이네요. 저도 오늘 출근했어요. 그러고보니 종교가 있으신가요?",
          "summary": "나는 출근했다.",
          "date": "2022-09-29",
          "time": "09:59:06",
          "terminate": "false"
        },
        {
          "speaker": "speaker2",
          "personaID": "22264",
          "participantID": "0457",
          "utterance": "아뇨. 없어요. 이제 강의 듣고 집에 가요. 축구부 동아리 활동이 한창이네요.",
          "summary": "나는 집에 간다. 축구부 동아리가 활동하고 있다.",
          "date": "2022-09-29",
          "time": "10:00:11",
          "terminate": "false"
        },
        {
          "speaker": "speaker1",
          "personaID": "21385",
          "participantID": "0166",
          "utterance": "그렇군요. 전 개신교예요. 축구부에 관심 있으세요?",
          "summary": "나의 종교는 개신교이다.",
          "date": "2022-09-29",
          "time": "10:00:25",
          "terminate": "false"
        },
        {
          "speaker": "speaker2",
          "personaID": "22264",
          "participantID": "0457",
          "utterance": "아뇨. 저는 축구부 동아리엔 관심 없어요. 그냥 집가서 게임하고 싶어요.",
          "summary": "나는 축구부 동아리에 관심이 없다. 나는 집에서 게임이 하고 싶다.",
          "date": "2022-09-29",
          "time": "10:00:59",
          "terminate": "false"
        },
        {
          "speaker": "speaker1",
          "personaID": "21385",
          "participantID": "0166",
          "utterance": "오, 게임 좋아하세요? 어떤 게임하세요?",
          "summary": "",
          "date": "2022-09-29",
          "time": "10:01:17",
          "terminate": "false"
        },
        {
          "speaker": "speaker2",
          "personaID": "22264",
          "participantID": "0457",
          "utterance": "전 PC게임을 매일 해요. 로스트아크라고 있어요.",
          "summary": "나는 PC게임을 매일 한다. 나는 로스트 아크를 한다.",
          "date": "2022-09-29",
          "time": "10:01:49",
          "terminate": "false"
        },
        {
          "speaker": "speaker1",
          "personaID": "21385",
          "participantID": "0166",
          "utterance": "그렇군요. 저는 게임을 안 해서요. 잘 하는 분들 보면 신기하네요.",
          "summary": "나는 게임을 하지 않는다. 나는 게임을 잘하는 사람이 신기하다.",
          "date": "2022-09-29",
          "time": "10:02:39",
          "terminate": "false"
        },
        {
          "speaker": "speaker2",
          "personaID": "22264",
          "participantID": "0457",
          "utterance": "아 그러시구나. 저도 엄청나게 잘 하는 건 아니에요.",
          "summary": "나의 게임 실력은 보통이다.",
          "date": "2022-09-29",
          "time": "10:03:18",
          "terminate": "false"
        },
        {
          "speaker": "speaker1",
          "personaID": "21385",
          "participantID": "0166",
          "utterance": "나중에 한 번 구경하고 싶네요ㅎㅎ. 전 이만 가볼게요. 다음에 봬요.",
          "summary": "",
          "date": "2022-09-29",
          "time": "10:03:36",
          "terminate": "false"
        },
        {
          "speaker": "speaker2",
          "personaID": "22264",
          "participantID": "0457",
          "utterance": "그럼 저도 이만 가볼게요. 다음에 또 대화해요.",
          "summary": "",
          "date": "2022-09-29",
          "time": "10:03:57",
          "terminate": "true"
        }
      ],
      "sessionPersonaSummary": {
        "speaker1": [
          "나는 20대 여성이다.",
          "나는 에너지 공기업에서 근무한다. 나는 건설환경공학부 전공이다.",
          "나는 대학교를 졸업했다.",
          "나는 출근했다.",
          "나의 종교는 개신교이다.",
          "나는 게임을 하지 않는다. 나는 게임을 잘하는 사람이 신기하다."
        ],
        "speaker2": [
          "나는 20대 여성이다.",
          "나는 대학생이다.",
          "나는 경제학과 전공이다. 나는 강의를 들었다.",
          "나는 집에 간다. 축구부 동아리가 활동하고 있다.",
          "나는 축구부 동아리에 관심이 없다. 나는 집에서 게임이 하고 싶다.",
          "나는 PC게임을 매일 한다. 나는 로스트 아크를 한다.",
          "나의 게임 실력은 보통이다."
        ]
      },
      "prevAggregatedpersonaSummary": {
        "speaker1": [],
        "speaker2": []
      }
    },
    {
      "prevSessionID": "3-00528-1",
      "prevTimeInfo": {
        "timeNum": "3",
        "timeUnit": "일"
      },
      "nthSession": "2",
      "numberOfUtterances": "16",
      "numberOfTurns": "8",
      "sessionID": "3-00528-2",
      "dialog": [
        {
          "speaker": "speaker1",
          "personaID": "21385",
          "participantID": "0166",
          "utterance": "사흘만에 연락드리네요. 오늘도 학교 가셨어요?",
          "summary": "",
          "date": "2022-09-29",
          "time": "10:04:39",
          "terminate": "false"
        },
        {
          "speaker": "speaker2",
          "personaID": "22264",
          "participantID": "0457",
          "utterance": "그렇죠. 그래도 날씨가 좋아서 기분이 좋아요.",
          "summary": "나는 학교에 갔다. 오늘은 날씨가 좋다. 나는 기분이 좋다.",
          "date": "2022-09-29",
          "time": "10:05:54",
          "terminate": "false"
        },
        {
          "speaker": "speaker1",
          "personaID": "21385",
          "participantID": "0166",
          "utterance": "저는 출근해서 잠깐 쉬고 있는데, 차가 갑자기 생긴 싱크홀에 빠지는 영상을 봤어요.",
          "summary": "나는 출근했다. 나는 쉬고 있다. 나는 차가 싱크홀에 빠지는 영상을 봤다.",
          "date": "2022-09-29",
          "time": "10:06:27",
          "terminate": "false"
        },
        {
          "speaker": "speaker2",
          "personaID": "22264",
          "participantID": "0457",
          "utterance": "오마이갓. 그 사람은 무사하대요?",
          "summary": "",
          "date": "2022-09-29",
          "time": "10:07:10",
          "terminate": "false"
        },
        {
          "speaker": "speaker1",
          "personaID": "21385",
          "participantID": "0166",
          "utterance": "그건 모르겠어요. 차가 순식간에 빠지더라고요. 천재지변은 정말 무섭네요.",
          "summary": "",
          "date": "2022-09-29",
          "time": "10:07:55",
          "terminate": "false"
        },
        {
          "speaker": "speaker2",
          "personaID": "22264",
          "participantID": "0457",
          "utterance": "그러게요. 씽크홀이란건 도대체 뭐에요?",
          "summary": "",
          "date": "2022-09-29",
          "time": "10:09:09",
          "terminate": "false"
        },
        {
          "speaker": "speaker1",
          "personaID": "21385",
          "participantID": "0166",
          "utterance": "땅의 지반이 내려앉아 생기는 현상이래요.",
          "summary": "씽크홀은 땅의 지반이 내려앉아 생기는 현상이다.",
          "date": "2022-09-29",
          "time": "10:09:35",
          "terminate": "false"
        },
        {
          "speaker": "speaker2",
          "personaID": "22264",
          "participantID": "0457",
          "utterance": "발생하는 이유가 뭔지도 아세요?",
          "summary": "",
          "date": "2022-09-29",
          "time": "10:10:03",
          "terminate": "false"
        },
        {
          "speaker": "speaker1",
          "personaID": "21385",
          "participantID": "0166",
          "utterance": "여러 가지 있지만 지하수가 빠지면 쉽게 발생한다네요.",
          "summary": "씽크홀은 지하수가 빠지면 쉽게 발생한다.",
          "date": "2022-09-29",
          "time": "10:11:13",
          "terminate": "false"
        },
        {
          "speaker": "speaker2",
          "personaID": "22264",
          "participantID": "0457",
          "utterance": "그렇구나. 똑똑하시네요. 저번에 힌남노라는 태풍이 왔잖아요.",
          "summary": "힌남노가 대한민국을 강타했다.",
          "date": "2022-09-29",
          "time": "10:12:02",
          "terminate": "false"
        },
        {
          "speaker": "speaker1",
          "personaID": "21385",
          "participantID": "0166",
          "utterance": "그렇죠. 남부 지방이 많은 피해를 받았죠.",
          "summary": "태풍 힌남노로 인해 남부지방이 많은 피해를 입었다.",
          "date": "2022-09-29",
          "time": "10:12:22",
          "terminate": "false"
        },
        {
          "speaker": "speaker2",
          "personaID": "22264",
          "participantID": "0457",
          "utterance": "태풍이 와도 강의는 하더라고요. 그래서 등교했어요. 천재지변은 좋은 게 하나도 없네요.",
          "summary": "나는 태풍이 왔을 때 등교했다.",
          "date": "2022-09-29",
          "time": "10:13:05",
          "terminate": "false"
        },
        {
          "speaker": "speaker1",
          "personaID": "21385",
          "participantID": "0166",
          "utterance": "아, 정말요? 하긴 태풍이 와도 출근은 하니까요.",
          "summary": "나는 태풍이 왔을 때 출근했다.",
          "date": "2022-09-29",
          "time": "10:13:23",
          "terminate": "false"
        },
        {
          "speaker": "speaker2",
          "personaID": "22264",
          "participantID": "0457",
          "utterance": "그때 비 많이 맞아서 다 젖고 고생했죠.",
          "summary": "나는 힌남노가 왔을 때 비에 흠뻑 젖었다.",
          "date": "2022-09-29",
          "time": "10:14:09",
          "terminate": "false"
        },
        {
          "speaker": "speaker1",
          "personaID": "21385",
          "participantID": "0166",
          "utterance": "세상에, 힘드셨겠어요. 저는 이만 일하러 가볼게요. 다음에 대화해요.",
          "summary": "",
          "date": "2022-09-29",
          "time": "10:15:05",
          "terminate": "false"
        },
        {
          "speaker": "speaker2",
          "personaID": "22264",
          "participantID": "0457",
          "utterance": "그럼 저도 이만 가볼게요. 다음에 봐요.",
          "summary": "",
          "date": "2022-09-29",
          "time": "10:15:07",
          "terminate": "true"
        }
      ],
      "sessionPersonaSummary": {
        "speaker1": [
          "나는 출근했다. 나는 쉬고 있다. 나는 차가 싱크홀에 빠지는 영상을 봤다.",
          "씽크홀은 땅의 지반이 내려앉아 생기는 현상이다.",
          "씽크홀은 지하수가 빠지면 쉽게 발생한다.",
          "태풍 힌남노로 인해 남부지방이 많은 피해를 입었다.",
          "나는 태풍이 왔을 때 출근했다."
        ],
        "speaker2": [
          "나는 학교에 갔다. 오늘은 날씨가 좋다. 나는 기분이 좋다.",
          "힌남노가 대한민국을 강타했다.",
          "나는 태풍이 왔을 때 등교했다.",
          "나는 힌남노가 왔을 때 비에 흠뻑 젖었다."
        ]
      },
      "prevAggregatedpersonaSummary": {
        "speaker1": [
          "나는 20대 여성이다.",
          "나는 에너지 공기업에서 근무한다. 나는 건설환경공학부 전공이다.",
          "나는 대학교를 졸업했다.",
          "나는 출근했다.",
          "나의 종교는 개신교이다.",
          "나는 게임을 하지 않는다. 나는 게임을 잘하는 사람이 신기하다."
        ],
        "speaker2": [
          "나는 20대 여성이다.",
          "나는 대학생이다.",
          "나는 경제학과 전공이다. 나는 강의를 들었다.",
          "나는 집에 간다. 축구부 동아리가 활동하고 있다.",
          "나는 축구부 동아리에 관심이 없다. 나는 집에서 게임이 하고 싶다.",
          "나는 PC게임을 매일 한다. 나는 로스트 아크를 한다.",
          "나의 게임 실력은 보통이다."
        ]
      }
    },
    {
      "prevSessionID": "3-00528-2",
      "prevTimeInfo": {
        "timeNum": "1",
        "timeUnit": "일"
      },
      "nthSession": "3",
      "numberOfUtterances": "16",
      "numberOfTurns": "8",
      "sessionID": "3-00528-3",
      "dialog": [
        {
          "speaker": "speaker1",
          "personaID": "21385",
          "participantID": "0166",
          "utterance": "어젠 잘 들어가셨죠? 그러고보니 게임 말고 다른 취미는 있으세요?",
          "summary": "",
          "date": "2022-09-29",
          "time": "10:17:28",
          "terminate": "false"
        },
        {
          "speaker": "speaker2",
          "personaID": "22264",
          "participantID": "0457",
          "utterance": "그럼요. 전 국내 여행을 가끔 가요.",
          "summary": "나는 가끔 국내 여행을 한다.",
          "date": "2022-09-29",
          "time": "10:18:04",
          "terminate": "false"
        },
        {
          "speaker": "speaker1",
          "personaID": "21385",
          "participantID": "0166",
          "utterance": "멋지네요. 가장 좋았던 데가 어디예요?",
          "summary": "",
          "date": "2022-09-29",
          "time": "10:19:36",
          "terminate": "false"
        },
        {
          "speaker": "speaker2",
          "personaID": "22264",
          "participantID": "0457",
          "utterance": "저는 제주도가 가장 좋았어요.",
          "summary": "나는 국내 여행지로 제주도가 가장 좋았다.",
          "date": "2022-09-29",
          "time": "10:20:25",
          "terminate": "false"
        },
        {
          "speaker": "speaker1",
          "personaID": "21385",
          "participantID": "0166",
          "utterance": "그러시군요. 저도 제주도에 가본 적 있는데 참 좋더라고요.",
          "summary": "나는 제주도에 가본 적이 있다. 나는 제주도가 좋았다.",
          "date": "2022-09-29",
          "time": "10:20:44",
          "terminate": "false"
        },
        {
          "speaker": "speaker2",
          "personaID": "22264",
          "participantID": "0457",
          "utterance": "그렇군요. 개신교이신데 종교 여행도 따로 가시나요?",
          "summary": "",
          "date": "2022-09-29",
          "time": "10:21:36",
          "terminate": "false"
        },
        {
          "speaker": "speaker1",
          "personaID": "21385",
          "participantID": "0166",
          "utterance": "아뇨. 종교 여행은 따로 안 가네요. 전 지금 아는 동생과 카페에 있어요.",
          "summary": "나는 종교 여행을 가지 않는다. 나는 지인과 카페에 있다.",
          "date": "2022-09-29",
          "time": "10:22:10",
          "terminate": "false"
        },
        {
          "speaker": "speaker2",
          "personaID": "22264",
          "participantID": "0457",
          "utterance": "카페에서 뭐 하세요? 취미활동 하시나요?",
          "summary": "",
          "date": "2022-09-29",
          "time": "10:22:50",
          "terminate": "false"
        },
        {
          "speaker": "speaker1",
          "personaID": "21385",
          "participantID": "0166",
          "utterance": "아니요. 동생 노트북이 고장나서 제가 고쳐줬어요. 제가 노트북을 잘 활용하는 편이거든요.",
          "summary": "나의 지인의 노트북이 고장 났다. 나는 지인의 노트북을 고쳤다. 나는 노트북을 잘 활용한다.",
          "date": "2022-09-29",
          "time": "10:23:28",
          "terminate": "false"
        },
        {
          "speaker": "speaker2",
          "personaID": "22264",
          "participantID": "0457",
          "utterance": "멋있으세요~ 그럼 취미가 뭐에요?",
          "summary": "",
          "date": "2022-09-29",
          "time": "10:23:57",
          "terminate": "false"
        },
        {
          "speaker": "speaker1",
          "personaID": "21385",
          "participantID": "0166",
          "utterance": "ㅎㅎ감사해요. 저는 음악 듣는 걸 좋아해요.",
          "summary": "나의 취미는 음악 감상이다.",
          "date": "2022-09-29",
          "time": "10:24:24",
          "terminate": "false"
        },
        {
          "speaker": "speaker2",
          "personaID": "22264",
          "participantID": "0457",
          "utterance": "무슨 음악 좋아하세요? 저는 발라드요.",
          "summary": "나는 발라드 음악을 좋아한다.",
          "date": "2022-09-29",
          "time": "10:25:06",
          "terminate": "false"
        },
        {
          "speaker": "speaker1",
          "personaID": "21385",
          "participantID": "0166",
          "utterance": "저는 요들송이요. 들으면 마음이 편안해져요.",
          "summary": "나는 요들송을 좋아한다. 나는 요들송을 들으면 마음이 편안해진다.",
          "date": "2022-09-29",
          "time": "10:25:34",
          "terminate": "false"
        },
        {
          "speaker": "speaker2",
          "personaID": "22264",
          "participantID": "0457",
          "utterance": "특이하시네요. 서로 더 잘 알게 되서 좋네요.",
          "summary": "",
          "date": "2022-09-29",
          "time": "10:26:24",
          "terminate": "false"
        },
        {
          "speaker": "speaker1",
          "personaID": "21385",
          "participantID": "0166",
          "utterance": "그러게요. 저는 이만 들어가볼게요. 대화 나눠서 즐거웠어요. 다음에 봐요.",
          "summary": "",
          "date": "2022-09-29",
          "time": "10:27:04",
          "terminate": "false"
        },
        {
          "speaker": "speaker2",
          "personaID": "22264",
          "participantID": "0457",
          "utterance": "그럼 저도 이만 가볼게요. 대화 즐거웠어요.",
          "summary": "",
          "date": "2022-09-29",
          "time": "10:27:07",
          "terminate": "true"
        }
      ],
      "sessionPersonaSummary": {
        "speaker1": [
          "나는 제주도에 가본 적이 있다. 나는 제주도가 좋았다.",
          "나는 종교 여행을 가지 않는다. 나는 지인과 카페에 있다.",
          "나의 지인의 노트북이 고장 났다. 나는 지인의 노트북을 고쳤다. 나는 노트북을 잘 활용한다.",
          "나의 취미는 음악 감상이다.",
          "나는 요들송을 좋아한다. 나는 요들송을 들으면 마음이 편안해진다."
        ],
        "speaker2": [
          "나는 가끔 국내 여행을 한다.",
          "나는 국내 여행지로 제주도가 가장 좋았다.",
          "나는 발라드 음악을 좋아한다."
        ]
      },
      "prevAggregatedpersonaSummary": {
        "speaker1": [
          "나는 20대 여성이다.",
          "나는 에너지 공기업에서 근무한다. 나는 건설환경공학부 전공이다.",
          "나는 대학교를 졸업했다.",
          "나는 출근했다.",
          "나의 종교는 개신교이다.",
          "나는 게임을 하지 않는다. 나는 게임을 잘하는 사람이 신기하다.",
          "나는 출근했다. 나는 쉬고 있다. 나는 차가 싱크홀에 빠지는 영상을 봤다.",
          "씽크홀은 땅의 지반이 내려앉아 생기는 현상이다.",
          "씽크홀은 지하수가 빠지면 쉽게 발생한다.",
          "태풍 힌남노로 인해 남부지방이 많은 피해를 입었다.",
          "나는 태풍이 왔을 때 출근했다."
        ],
        "speaker2": [
          "나는 20대 여성이다.",
          "나는 대학생이다.",
          "나는 경제학과 전공이다. 나는 강의를 들었다.",
          "나는 집에 간다. 축구부 동아리가 활동하고 있다.",
          "나는 축구부 동아리에 관심이 없다. 나는 집에서 게임이 하고 싶다.",
          "나는 PC게임을 매일 한다. 나는 로스트 아크를 한다.",
          "나의 게임 실력은 보통이다.",
          "나는 학교에 갔다. 오늘은 날씨가 좋다. 나는 기분이 좋다.",
          "힌남노가 대한민국을 강타했다.",
          "나는 태풍이 왔을 때 등교했다.",
          "나는 힌남노가 왔을 때 비에 흠뻑 젖었다."
        ]
      }
    }
  ]
}