{
  "FileInfo": {
    "filename": "K3-00004-CL51235-CP34388-20-04-S3.json",
    "sessionLevel": "3"
  },
  "participantsInfo": {
    "numberOfParticipants": "2",
    "speaker1": {
      "participantID": "3345",
      "gender": "여성",
      "age": "40대",
      "occupation": "서비스직",
      "bPlace": "부산/대구/울산/경상",
      "gPlace": "서울/경기/인천",
      "rPlace": "광주/전라/제주",
      "educationLevel": "대졸"
    },
    "speaker2": {
      "participantID": "4293",
      "gender": "여성",
      "age": "30대",
      "occupation": "기타",
      "bPlace": "광주/전라/제주",
      "gPlace": "대전/세종/충청/강원",
      "rPlace": "서울/경기/인천",
      "educationLevel": "고졸"
    }
  },
  "multisessionInfo": {
    "multisessionID": "3-00004"
  },
  "personaInfo": {
    "clInfo": {
      "personaID": "51235",
      "personaFeatures": [
        "나는 여자이다.",
        "나는 50대이다.",
        "나는 다소 성격이 급하다",
        "나의 자녀는 직장에 다닌다",
        "나는 사과를 즐겨 먹는다"
      ],
      "speakerType": "speaker1"
    },
    "cpInfo": {
      "personaID": "34388",
      "personaFeatures": [
        "나는 여자이다.",
        "나는 30대이다.",
        "나는 더운 날씨를 싫어한다",
        "나는 주말에 화장실을 청소한다",
        "나는 혈액형이 B형이다"
      ],
      "speakerType": "speaker2"
    }
  },
  "topicInfo": {
    "topicID": "20-04",
    "topicType": "예술문화 생활>영화/만화",
    "topicTitle": "애니메이션"
  },
  "sessionInfo": [
    {
      "prevSessionID": null,
      "prevTimeInfo": {
        "timeNum": null,
        "timeUnit": null
      },
      "nthSession": "1",
      "numberOfUtterances": "15",
      "numberOfTurns": "7",
      "sessionID": "3-00004-1",
      "dialog": [
        {
          "speaker": "speaker1",
          "personaID": "51235",
          "participantID": "3345",
          "utterance": "안녕하세요 저는50대 여성입니다",
          "summary": "나는 50대 여성이다",
          "date": "2022-11-04",
          "time": "10:08:05",
          "terminate": "false"
        },
        {
          "speaker": "speaker2",
          "personaID": "34388",
          "participantID": "4293",
          "utterance": "반갑습니다 저는 30대 여성입니다",
          "summary": "나는 30대 여성입니다",
          "date": "2022-11-04",
          "time": "10:12:02",
          "terminate": "false"
        },
        {
          "speaker": "speaker1",
          "personaID": "51235",
          "participantID": "3345",
          "utterance": "그러시군요 혹시 뭐하고 계셨어요? 저는 사과를 즐겨먹어서 지금 혼자 티타임하면서 사과 먹고있어요",
          "summary": "니는 혼자 티타임 하면서 사과를 먹는다",
          "date": "2022-11-04",
          "time": "11:26:34",
          "terminate": "false"
        },
        {
          "speaker": "speaker2",
          "personaID": "34388",
          "participantID": "4293",
          "utterance": "저는 집에세 멍때리고 있었습니다 혼자만의 시간. 혹시 혈액형은 어떻게 되세요? ",
          "summary": "나는 집에서 멍 때리고 있습니다",
          "date": "2022-11-04",
          "time": "11:30:12",
          "terminate": "false"
        },
        {
          "speaker": "speaker1",
          "personaID": "51235",
          "participantID": "3345",
          "utterance": "저는 비형이에요.그래서인가 다소 성격이 급하긴 하네요 ",
          "summary": "나는 성격 급한 비형이다",
          "date": "2022-11-04",
          "time": "11:38:20",
          "terminate": "false"
        },
        {
          "speaker": "speaker2",
          "personaID": "34388",
          "participantID": "4293",
          "utterance": "저도 혈액형 B형인데 B형이 성격이 좀 급한가요?잘 몰라서요",
          "summary": "나는 혈액형이 B형입니다",
          "date": "2022-11-04",
          "time": "11:41:11",
          "terminate": "false"
        },
        {
          "speaker": "speaker1",
          "personaID": "51235",
          "participantID": "3345",
          "utterance": "네 저보면 그런거 같아요.ㅋ제가 아이를 일찍낳아서 직장을 다니는 자녀가 있는데요  그아이도 절닮아 성격이 급한지 빨리독립하고 빨리 돈벌고 싶다고 일하기 시작한거 거든요",
          "summary": "나는 직장을 다니는 자녀가 있다 ㅡ",
          "date": "2022-11-04",
          "time": "12:06:09",
          "terminate": "false"
        },
        {
          "speaker": "speaker2",
          "personaID": "34388",
          "participantID": "4293",
          "utterance": "엄마 닮아성격이 급하군요 조금 천천히 독립해도 될텐데 .요즘 날씨가 너무 추워졌어요 어떤 계절을 좋아하나요?",
          "summary": "ㅡ",
          "date": "2022-11-04",
          "time": "12:28:16",
          "terminate": "false"
        },
        {
          "speaker": "speaker1",
          "personaID": "51235",
          "participantID": "3345",
          "utterance": "저는 가을을 좋아해요 더위.추위를 많이타서 극단적날씨는 너무 싫으네요",
          "summary": "나는 가을을 좋아한다",
          "date": "2022-11-05",
          "time": "00:10:12",
          "terminate": "false"
        },
        {
          "speaker": "speaker2",
          "personaID": "34388",
          "participantID": "4293",
          "utterance": "그러시군요 저는 더운날씨를 싫어합니다 그래서 오히려 추운게 좋아요",
          "summary": "나는 더운 날씨를 싫어합니다",
          "date": "2022-11-05",
          "time": "00:17:11",
          "terminate": "false"
        },
        {
          "speaker": "speaker1",
          "personaID": "51235",
          "participantID": "3345",
          "utterance": "추우면 옷이 너무두꺼워져서 불편하지 않나요? 겨울좋아하신다니 겨울스포츠도 관심이 있으신가요?",
          "summary": "ㅡ",
          "date": "2022-11-05",
          "time": "00:25:50",
          "terminate": "false"
        },
        {
          "speaker": "speaker2",
          "personaID": "34388",
          "participantID": "4293",
          "utterance": "스포츠는 관심 없어요 님 주말에 무얼 하시나요?",
          "summary": "나는 스포츠에 관심이 없습니다",
          "date": "2022-11-05",
          "time": "00:27:02",
          "terminate": "false"
        },
        {
          "speaker": "speaker1",
          "personaID": "51235",
          "participantID": "3345",
          "utterance": "주말에 직장다니는 자녀를 만나기로 했어요",
          "summary": "나는 주말에 자녀를 만난다",
          "date": "2022-11-05",
          "time": "00:31:30",
          "terminate": "false"
        },
        {
          "speaker": "speaker2",
          "personaID": "34388",
          "participantID": "4293",
          "utterance": "저는 주말엔 화장실 청소를 합니다",
          "summary": "나는 주말에 화장실 청소를 합니다",
          "date": "2022-11-05",
          "time": "00:37:51",
          "terminate": "false"
        },
        {
          "speaker": "speaker1",
          "personaID": "51235",
          "participantID": "3345",
          "utterance": "저도 청소 특히 화장실은 주말에 몰아하는 편이에요",
          "summary": "나는 화장실 청소를 주말에 몰아서 한다",
          "date": "2022-11-05",
          "time": "00:38:47",
          "terminate": "false"
        }
      ],
      "sessionPersonaSummary": {
        "speaker1": [
          "나는 50대 여성이다",
          "니는 혼자 티타임 하면서 사과를 먹는다",
          "나는 성격 급한 비형이다",
          "나는 직장을 다니는 자녀가 있다",
          "ㅡ",
          "나는 가을을 좋아한다",
          "ㅡ",
          "나는 주말에 자녀를 만난다",
          "나는 화장실 청소를 주말에 몰아서 한다",
          "ㅡ"
        ],
        "speaker2": [
          "나는 30대 여성입니다",
          "나는 집에서 멍 때리고 있습니다",
          "나는 혈액형이 B형입니다",
          "ㅡ",
          "나는 더운 날씨를 싫어합니다",
          "나는 스포츠에 관심이 없습니다",
          "나는 주말에 화장실 청소를 합니다"
        ]
      },
      "prevAggregatedpersonaSummary": {
        "speaker1": [],
        "speaker2": []
      }
    },
    {
      "prevSessionID": "3-00004-1",
      "prevTimeInfo": {
        "timeNum": "6",
        "timeUnit": "주"
      },
      "nthSession": "2",
      "numberOfUtterances": "14",
      "numberOfTurns": "7",
      "sessionID": "3-00004-2",
      "dialog": [
        {
          "speaker": "speaker1",
          "personaID": "51235",
          "participantID": "3345",
          "utterance": " 6주가 훌쩍 지나버렸네요 요즘도 화장실 청소를 주말에 몰아서 하시나요?",
          "summary": "ㅡ",
          "date": "2022-11-11",
          "time": "00:16:06",
          "terminate": "false"
        },
        {
          "speaker": "speaker2",
          "personaID": "34388",
          "participantID": "4293",
          "utterance": "네 여전히 주말에 청소한답니다 요즘 어떻게 지내셨나요?",
          "summary": "나는 주말에 청소를 한다",
          "date": "2022-11-11",
          "time": "01:02:01",
          "terminate": "false"
        },
        {
          "speaker": "speaker1",
          "personaID": "51235",
          "participantID": "3345",
          "utterance": " 저는 화장실뿐만 아니라 집을 뒤집었어요 대청소를 했거든요.그런데 뭘발견 했는지  아시나요,예  달려라하니라고 옛날 만화 영화를 비디오로 발견했네요",
          "summary": "나는 대청소를 했다 나는 옛날 만화영화를 발견했다",
          "date": "2022-11-11",
          "time": "10:27:46",
          "terminate": "false"
        },
        {
          "speaker": "speaker2",
          "personaID": "34388",
          "participantID": "4293",
          "utterance": "어머나 달려라하니 오랜만에 듣네요 어릴적 좋아하던 만화였는데 하하",
          "summary": "나는 달려라 하니라는 만화를 어릴 적 좋아했다",
          "date": "2022-11-11",
          "time": "13:08:10",
          "terminate": "false"
        },
        {
          "speaker": "speaker1",
          "personaID": "51235",
          "participantID": "3345",
          "utterance": "아  아시는군요 그거랑 영심이랑 아기공룡 둘리 세개는 죽을때 까지 못잊을거 같아요!  추억의  만화죠",
          "summary": "ㅡ",
          "date": "2022-11-11",
          "time": "13:18:08",
          "terminate": "false"
        },
        {
          "speaker": "speaker2",
          "personaID": "34388",
          "participantID": "4293",
          "utterance": "아하 저도 그 만화들 즐겨보던 세대라~요즘 만화는 그런 만화느낌이 안나더라구요",
          "summary": "나는 요즘 만화는 예전 느낌이 안 난다",
          "date": "2022-11-11",
          "time": "13:35:55",
          "terminate": "false"
        },
        {
          "speaker": "speaker1",
          "personaID": "51235",
          "participantID": "3345",
          "utterance": "맞아요 요즘껀 너무 세련되서 예전같이 투박한 느낌의 만화가 저는 정서에 맞고 좋네요~ 같은 관점으로 영화도 예전거 보면 말투부터 요즘이랑 조금 다른걸 느껴요  ",
          "summary": "나는 예전 같이 투박한 느낌의 만화가 정서에 맞고 좋다",
          "date": "2022-11-11",
          "time": "17:11:37",
          "terminate": "false"
        },
        {
          "speaker": "speaker2",
          "personaID": "34388",
          "participantID": "4293",
          "utterance": "그러게요;이게 세대차이란 거겠죠?;그래도 옛날게 좋으니하하 영화쪽도 좋아하시나요?",
          "summary": "ㅡ",
          "date": "2022-11-11",
          "time": "17:23:49",
          "terminate": "false"
        },
        {
          "speaker": "speaker1",
          "personaID": "51235",
          "participantID": "3345",
          "utterance": "네 왕눈이 안경쓰고 청청 패션에 세상촌시려운 말투,, 이런시대꺼 좋아해요 예를 들면 어른들은 몰라요.행복은 성적순이 아니잖아요 .이런거요 이당시 배우들이 다 제 연배거든요. ",
          "summary": "나는 옛날 거를 좋아한다",
          "date": "2022-11-11",
          "time": "18:05:29",
          "terminate": "false"
        },
        {
          "speaker": "speaker2",
          "personaID": "34388",
          "participantID": "4293",
          "utterance": "아하하 저도 그런 옛날 영화 옛날 만화 좋아해요~이게 나이를 먹었단거겠죠?;;;하하",
          "summary": "나는 옛날 영화나 만화를 좋아한다",
          "date": "2022-11-11",
          "time": "18:38:05",
          "terminate": "false"
        },
        {
          "speaker": "speaker1",
          "personaID": "51235",
          "participantID": "3345",
          "utterance": "티브이에서 가끔나오는데 확실히 연예인이라 곱게 늙더라구요. 확실히 결이다른 느낌? 반면에 망가진 분들도 보이고요,,, 그럴땐 좀 안타깝더라구요",
          "summary": "ㅡ",
          "date": "2022-11-11",
          "time": "18:46:24",
          "terminate": "false"
        },
        {
          "speaker": "speaker2",
          "personaID": "34388",
          "participantID": "4293",
          "utterance": "확실히 일반인하고 다르기는 하죠?벌써 저녁시간이네요",
          "summary": "ㅡ",
          "date": "2022-11-11",
          "time": "19:10:59",
          "terminate": "false"
        },
        {
          "speaker": "speaker1",
          "personaID": "51235",
          "participantID": "3345",
          "utterance": "어제 저녁 모임이 있어 급하게 나가서 답장을 못했네요 이젠 벌써 점심시간이네요~ 지금 케이블 보는데 아이들 에니메이션 나오네요 뭔지도 모르고 그림이 예뻐서 틀어놓고 있어요\\",
          "summary": "나는 애니메이션을 틀어놓고 있다",
          "date": "2022-11-12",
          "time": "13:09:13",
          "terminate": "false"
        },
        {
          "speaker": "speaker2",
          "personaID": "34388",
          "participantID": "4293",
          "utterance": "그러셨군요 전 주말이라 아이들과 함께 놀아줘야할거 같아요",
          "summary": "나는 주말이라 아이들과 놀아줘야 할 것 같다",
          "date": "2022-11-12",
          "time": "13:50:47",
          "terminate": "true"
        }
      ],
      "sessionPersonaSummary": {
        "speaker1": [
          "ㅡ",
          "나는 대청소를 했다",
          "나는 옛날 만화영화를 발견했다",
          "ㅡ",
          "나는 예전 같이 투박한 느낌의 만화가 정서에 맞고 좋다",
          "나는 옛날 거를 좋아한다",
          "ㅡ",
          "나는 애니메이션을 틀어놓고 있다"
        ],
        "speaker2": [
          "나는 주말에 청소를 한다",
          "나는 달려라 하니라는 만화를 어릴 적 좋아했다",
          "나는 요즘 만화는 예전 느낌이 안 난다",
          "ㅡ",
          "나는 옛날 영화나 만화를 좋아한다",
          "ㅡ",
          "나는 주말이라 아이들과 놀아줘야 할 것 같다"
        ]
      },
      "prevAggregatedpersonaSummary": {
        "speaker1": [
          "나는 50대 여성이다",
          "니는 혼자 티타임 하면서 사과를 먹는다",
          "나는 성격 급한 비형이다",
          "나는 직장을 다니는 자녀가 있다",
          "ㅡ",
          "나는 가을을 좋아한다",
          "ㅡ",
          "나는 주말에 자녀를 만난다",
          "나는 화장실 청소를 주말에 몰아서 한다",
          "ㅡ"
        ],
        "speaker2": [
          "나는 30대 여성입니다",
          "나는 집에서 멍 때리고 있습니다",
          "나는 혈액형이 B형입니다",
          "ㅡ",
          "나는 더운 날씨를 싫어합니다",
          "나는 스포츠에 관심이 없습니다",
          "나는 주말에 화장실 청소를 합니다"
        ]
      }
    },
    {
      "prevSessionID": "3-00004-2",
      "prevTimeInfo": {
        "timeNum": "3",
        "timeUnit": "주"
      },
      "nthSession": "3",
      "numberOfUtterances": "14",
      "numberOfTurns": "7",
      "sessionID": "3-00004-3",
      "dialog": [
        {
          "speaker": "speaker1",
          "personaID": "51235",
          "participantID": "3345",
          "utterance": " 벌써 삼주만이네요  주말마다 아이들과 놀아 주셨나요?",
          "summary": "ㅡ",
          "date": "2022-11-12",
          "time": "23:14:54",
          "terminate": "false"
        },
        {
          "speaker": "speaker2",
          "personaID": "34388",
          "participantID": "4293",
          "utterance": "아니요 그렇지도 않아요 이젠 체력이 힘들더라구요",
          "summary": "나는 이제 아이들과 놀아주기에 체력이 힘들다",
          "date": "2022-11-12",
          "time": "23:17:35",
          "terminate": "false"
        },
        {
          "speaker": "speaker1",
          "personaID": "51235",
          "participantID": "3345",
          "utterance": " 아이들이 이쁘긴 하지만 그에너지를 감당하기엔 힘에부칠것 같네요.그럴때 영화같은거 보여주면 좋지 않을까요?",
          "summary": "나는 아이들이 이쁜 긴 하지만 에너지를 감당하기엔 힘이 부칠 것 같다",
          "date": "2022-11-12",
          "time": "23:19:34",
          "terminate": "false"
        },
        {
          "speaker": "speaker2",
          "personaID": "34388",
          "participantID": "4293",
          "utterance": "네 그래서 애니메이션을 자주 틀어주고 있지요",
          "summary": "나는 애니메이션을 자주 틀어주고 있다",
          "date": "2022-11-12",
          "time": "23:29:31",
          "terminate": "false"
        },
        {
          "speaker": "speaker1",
          "personaID": "51235",
          "participantID": "3345",
          "utterance": "아이들이 성향도 비슷한가요?보면 서로 다른거 보겠다고 싸우더라구요",
          "summary": "ㅡ",
          "date": "2022-11-13",
          "time": "00:15:08",
          "terminate": "false"
        },
        {
          "speaker": "speaker2",
          "personaID": "34388",
          "participantID": "4293",
          "utterance": "네 매일같이 서로 다른것 보겠다고 싸우는게 일이죠 그런땐 한아이는 태블릿으로 보여주고 있어요",
          "summary": "나는 한 아이는 태블릿으로 보여주고 있다",
          "date": "2022-11-13",
          "time": "00:44:33",
          "terminate": "false"
        },
        {
          "speaker": "speaker1",
          "personaID": "51235",
          "participantID": "3345",
          "utterance": " 아 그거 현명하신 방법이네요.식당가보면 테블릿으로 영화보는 아이들 많더라구요.어쩔수 없는거같아요.아니면 너무떠드니까  부모도 어쩔수 없는듯요",
          "summary": "나는 태블릿 보여주는 게 현명한 방법 같다",
          "date": "2022-11-13",
          "time": "10:37:02",
          "terminate": "false"
        },
        {
          "speaker": "speaker2",
          "personaID": "34388",
          "participantID": "4293",
          "utterance": "네 어쩔수 없더라구요 거기다 동생이 오빠하는걸 다 따라하려다보니 둘다 태블으로 만화를 보여주기도한답니다",
          "summary": "나는 둘 다 태블릿으로 만화를 보여주기도 한다",
          "date": "2022-11-13",
          "time": "12:03:45",
          "terminate": "false"
        },
        {
          "speaker": "speaker1",
          "personaID": "51235",
          "participantID": "3345",
          "utterance": " 맞아요.그러고 보면 제가 아이들 키울땐 그런거 없었는데 어떻게 키웠나 싶네요.",
          "summary": "나는 그런 것 없었는데 어떻게 키웠나 싶다",
          "date": "2022-11-13",
          "time": "16:43:18",
          "terminate": "false"
        },
        {
          "speaker": "speaker2",
          "personaID": "34388",
          "participantID": "4293",
          "utterance": "아 그러게요 예전엔 어떻게 키우셨나요?저는 무조건 태블릿으로 만화를 보여주게 되요",
          "summary": "나는 무조건 태블릿으로 만화를 보여주게 된다",
          "date": "2022-11-13",
          "time": "18:17:08",
          "terminate": "false"
        },
        {
          "speaker": "speaker1",
          "personaID": "51235",
          "participantID": "3345",
          "utterance": " 어쨌든 좋은 시대인것도 맞고 그걸 누리는 이들도 복이 많은거겠죠.옛날 영화나 밤새서 보고 싶네요",
          "summary": "나는 \u0000옛날영화사 밤새서 봐야겠다",
          "date": "2022-11-14",
          "time": "10:25:02",
          "terminate": "false"
        },
        {
          "speaker": "speaker2",
          "personaID": "34388",
          "participantID": "4293",
          "utterance": "하하 저도 어릴때 좋아했던 만화를 아이들과 다시 같이 봐야겠어요",
          "summary": "나는 어릴 때 좋아했던 만화를 아이들과 다시 같이 봐야겠다",
          "date": "2022-11-14",
          "time": "10:27:31",
          "terminate": "false"
        },
        {
          "speaker": "speaker1",
          "personaID": "51235",
          "participantID": "3345",
          "utterance": " 그러게요 같이 추억놀이나 하는 시간을 보내도록 해요",
          "summary": "ㅡ",
          "date": "2022-11-14",
          "time": "11:02:12",
          "terminate": "false"
        },
        {
          "speaker": "speaker2",
          "personaID": "34388",
          "participantID": "4293",
          "utterance": "네 그래야 겠어요 오늘 하루 잘보내세요",
          "summary": "ㅡ",
          "date": "2022-11-14",
          "time": "11:20:40",
          "terminate": "true"
        }
      ],
      "sessionPersonaSummary": {
        "speaker1": [
          "ㅡ",
          "나는 아이들이 이쁜 긴 하지만 에너지를 감당하기엔 힘이 부칠 것 같다",
          "ㅡ",
          "나는 태블릿 보여주는 게 현명한 방법 같다",
          "나는 그런 것 없었는데 어떻게 키웠나 싶다",
          "나는 \u0000옛날영화사 밤새서 봐야겠다",
          "ㅡ"
        ],
        "speaker2": [
          "나는 이제 아이들과 놀아주기에 체력이 힘들다",
          "나는 애니메이션을 자주 틀어주고 있다",
          "나는 한 아이는 태블릿으로 보여주고 있다",
          "나는 둘 다 태블릿으로 만화를 보여주기도 한다",
          "나는 무조건 태블릿으로 만화를 보여주게 된다",
          "나는 어릴 때 좋아했던 만화를 아이들과 다시 같이 봐야겠다",
          "ㅡ"
        ]
      },
      "prevAggregatedpersonaSummary": {
        "speaker1": [
          "나는 50대 여성이다",
          "니는 혼자 티타임 하면서 사과를 먹는다",
          "나는 성격 급한 비형이다",
          "나는 직장을 다니는 자녀가 있다",
          "ㅡ",
          "나는 가을을 좋아한다",
          "ㅡ",
          "나는 주말에 자녀를 만난다",
          "나는 화장실 청소를 주말에 몰아서 한다",
          "ㅡ",
          "ㅡ",
          "나는 대청소를 했다",
          "나는 옛날 만화영화를 발견했다",
          "ㅡ",
          "나는 예전 같이 투박한 느낌의 만화가 정서에 맞고 좋다",
          "나는 옛날 거를 좋아한다",
          "ㅡ",
          "나는 애니메이션을 틀어놓고 있다"
        ],
        "speaker2": [
          "나는 30대 여성입니다",
          "나는 집에서 멍 때리고 있습니다",
          "나는 혈액형이 B형입니다",
          "ㅡ",
          "나는 더운 날씨를 싫어합니다",
          "나는 스포츠에 관심이 없습니다",
          "나는 주말에 화장실 청소를 합니다",
          "나는 주말에 청소를 한다",
          "나는 달려라 하니라는 만화를 어릴 적 좋아했다",
          "나는 요즘 만화는 예전 느낌이 안 난다",
          "ㅡ",
          "나는 옛날 영화나 만화를 좋아한다",
          "ㅡ",
          "나는 주말이라 아이들과 놀아줘야 할 것 같다"
        ]
      }
    }
  ]
}