{
  "FileInfo": {
    "filename": "K3-00212-CL21520-CP20869-12-09-S3.json",
    "sessionLevel": "3"
  },
  "participantsInfo": {
    "numberOfParticipants": "2",
    "speaker1": {
      "participantID": "0678",
      "gender": "여성",
      "age": "20대",
      "occupation": "학생",
      "bPlace": "광주/전라/제주",
      "gPlace": "광주/전라/제주",
      "rPlace": "광주/전라/제주",
      "educationLevel": "고졸"
    },
    "speaker2": {
      "participantID": "0597",
      "gender": "남성",
      "age": "20대",
      "occupation": "서비스직",
      "bPlace": "서울/경기/인천",
      "gPlace": "서울/경기/인천",
      "rPlace": "서울/경기/인천",
      "educationLevel": "대졸"
    }
  },
  "multisessionInfo": {
    "multisessionID": "3-00212"
  },
  "personaInfo": {
    "clInfo": {
      "personaID": "21520",
      "personaFeatures": [
        "나는 여자이다.",
        "나는 20대이다.",
        "나의 거주지는 경주이다.",
        "나는 검도부 동아리에 관심 있다.",
        "나는 걷기를 좋아한다."
      ],
      "speakerType": "speaker1"
    },
    "cpInfo": {
      "personaID": "20869",
      "personaFeatures": [
        "나는 남자이다.",
        "나는 20대이다.",
        "나는 새벽에 일어난다.",
        "나는 국사학이 부전공이다.",
        "나는 필라테스를 좋아한다."
      ],
      "speakerType": "speaker2"
    }
  },
  "topicInfo": {
    "topicID": "12-09",
    "topicType": "여가와 오락>여행",
    "topicTitle": "캠핑/글램핑"
  },
  "sessionInfo": [
    {
      "prevSessionID": null,
      "prevTimeInfo": {
        "timeNum": null,
        "timeUnit": null
      },
      "nthSession": "1",
      "numberOfUtterances": "16",
      "numberOfTurns": "8",
      "sessionID": "3-00212-1",
      "dialog": [
        {
          "speaker": "speaker1",
          "personaID": "21520",
          "participantID": "0678",
          "utterance": "헬로헬로. 저는 20대 여자입니다.",
          "summary": "나는 20대 여자이다.",
          "date": "2022-09-29",
          "time": "17:33:26",
          "terminate": "false"
        },
        {
          "speaker": "speaker2",
          "personaID": "20869",
          "participantID": "0597",
          "utterance": "하이루루!! 저는 20대 남자입니다.",
          "summary": "나는 20대 남자이다.",
          "date": "2022-09-29",
          "time": "17:33:36",
          "terminate": "false"
        },
        {
          "speaker": "speaker1",
          "personaID": "21520",
          "participantID": "0678",
          "utterance": "아 안녕하세요~ 혹시 어디 사시나요??",
          "summary": "",
          "date": "2022-09-29",
          "time": "17:34:09",
          "terminate": "false"
        },
        {
          "speaker": "speaker2",
          "personaID": "20869",
          "participantID": "0597",
          "utterance": "아 저는 수도권에 삽니다. 님은요?",
          "summary": "나는 수도권에 산다.",
          "date": "2022-09-29",
          "time": "17:34:52",
          "terminate": "false"
        },
        {
          "speaker": "speaker1",
          "personaID": "21520",
          "participantID": "0678",
          "utterance": "아 수도권 너무 가보고 싶어요! 저는 경주 살거든요.",
          "summary": "나는 경주에 거주한다.",
          "date": "2022-09-29",
          "time": "17:35:00",
          "terminate": "false"
        },
        {
          "speaker": "speaker2",
          "personaID": "20869",
          "participantID": "0597",
          "utterance": "아 경주 사시는구나. 경주는 어때요?",
          "summary": "",
          "date": "2022-09-29",
          "time": "17:35:10",
          "terminate": "false"
        },
        {
          "speaker": "speaker1",
          "personaID": "21520",
          "participantID": "0678",
          "utterance": "문화재가 유명하다고 해도 한번이고, 재미없는 동네에요.",
          "summary": "",
          "date": "2022-09-29",
          "time": "17:35:19",
          "terminate": "false"
        },
        {
          "speaker": "speaker2",
          "personaID": "20869",
          "participantID": "0597",
          "utterance": "아 그렇군요. 하긴 저도 예전 수학여행때 가본 거 같아요.",
          "summary": "",
          "date": "2022-09-29",
          "time": "17:35:34",
          "terminate": "false"
        },
        {
          "speaker": "speaker1",
          "personaID": "21520",
          "participantID": "0678",
          "utterance": "그니까요. 수학여행 철되면 @이름1@이 진짜 떼로.. 있어요.",
          "summary": "",
          "date": "2022-09-29",
          "time": "17:35:47",
          "terminate": "false"
        },
        {
          "speaker": "speaker2",
          "personaID": "20869",
          "participantID": "0597",
          "utterance": "오우.. 힘드시겠네요..? 그럼 지금 혹시 학생이세요?",
          "summary": "",
          "date": "2022-09-29",
          "time": "17:35:59",
          "terminate": "false"
        },
        {
          "speaker": "speaker1",
          "personaID": "21520",
          "participantID": "0678",
          "utterance": "네 맞아요. 경주에서 학교 다니는건 아니고요. 지금은 방학이라 잠깐 내려와있습니다.",
          "summary": "나는 대학생이다.",
          "date": "2022-09-29",
          "time": "17:36:15",
          "terminate": "false"
        },
        {
          "speaker": "speaker2",
          "personaID": "20869",
          "participantID": "0597",
          "utterance": "그러시구나. 저도 학생이에요. 그럼 전공이 어떻게 되세요?",
          "summary": "",
          "date": "2022-09-29",
          "time": "17:36:28",
          "terminate": "false"
        },
        {
          "speaker": "speaker1",
          "personaID": "21520",
          "participantID": "0678",
          "utterance": "저는 시각디자인과를 나왔어요~ ㅎㅎ.",
          "summary": "나는 시각디자인과를 나왔다.",
          "date": "2022-09-29",
          "time": "17:36:35",
          "terminate": "false"
        },
        {
          "speaker": "speaker2",
          "personaID": "20869",
          "participantID": "0597",
          "utterance": "아 그러시군요. 저는 고고학 전공에 국사학이 부전공이에요.",
          "summary": "나는 고고학 전공이다. 나는 국사학이 부전공이다.",
          "date": "2022-09-29",
          "time": "17:37:02",
          "terminate": "false"
        },
        {
          "speaker": "speaker1",
          "personaID": "21520",
          "participantID": "0678",
          "utterance": "그렇군요. 전공 공부 힘내시고! 제가 일정이 있어서 가볼게요!",
          "summary": "",
          "date": "2022-09-29",
          "time": "17:37:14",
          "terminate": "false"
        },
        {
          "speaker": "speaker2",
          "personaID": "20869",
          "participantID": "0597",
          "utterance": "네 감사합니다. 저도 그럼 시험공부하러 가볼게요!",
          "summary": "",
          "date": "2022-09-29",
          "time": "17:37:25",
          "terminate": "true"
        }
      ],
      "sessionPersonaSummary": {
        "speaker1": [
          "나는 20대 여자이다.",
          "나는 경주에 거주한다.",
          "나는 대학생이다.",
          "나는 시각디자인과를 나왔다."
        ],
        "speaker2": [
          "나는 20대 남자이다.",
          "나는 수도권에 산다.",
          "나는 고고학 전공이다. 나는 국사학이 부전공이다."
        ]
      },
      "prevAggregatedpersonaSummary": {
        "speaker1": [],
        "speaker2": []
      }
    },
    {
      "prevSessionID": "3-00212-1",
      "prevTimeInfo": {
        "timeNum": "4",
        "timeUnit": "일"
      },
      "nthSession": "2",
      "numberOfUtterances": "14",
      "numberOfTurns": "7",
      "sessionID": "3-00212-2",
      "dialog": [
        {
          "speaker": "speaker1",
          "personaID": "21520",
          "participantID": "0678",
          "utterance": "하이네요! 4일동안 시험공부는 좀 잘하셨어요?",
          "summary": "",
          "date": "2022-09-29",
          "time": "17:37:43",
          "terminate": "false"
        },
        {
          "speaker": "speaker2",
          "personaID": "20869",
          "participantID": "0597",
          "utterance": "아 네 이게 부전공이 더 어렵네요.. 새벽에 일어나서 공부하고 있었어요..",
          "summary": "",
          "date": "2022-09-29",
          "time": "17:37:57",
          "terminate": "false"
        },
        {
          "speaker": "speaker1",
          "personaID": "21520",
          "participantID": "0678",
          "utterance": "그나저나 계절학기 드시나봐요. 저는 방학인데 말이죠.",
          "summary": "",
          "date": "2022-09-29",
          "time": "17:38:04",
          "terminate": "false"
        },
        {
          "speaker": "speaker2",
          "personaID": "20869",
          "participantID": "0597",
          "utterance": "네 조기 졸업하려고요. ㅎㅎ 확실히 근데 새벽에 일어나니까 하루가 길어서 좋네요.",
          "summary": "나는 새벽에 일어난다.",
          "date": "2022-09-29",
          "time": "17:38:27",
          "terminate": "false"
        },
        {
          "speaker": "speaker1",
          "personaID": "21520",
          "participantID": "0678",
          "utterance": "오~ 항상 새벽에 일어나세요?",
          "summary": "",
          "date": "2022-09-29",
          "time": "17:38:36",
          "terminate": "false"
        },
        {
          "speaker": "speaker2",
          "personaID": "20869",
          "participantID": "0597",
          "utterance": "네 보통 특별한 일 없어도 그렇게 일어나요.",
          "summary": "",
          "date": "2022-09-29",
          "time": "17:38:47",
          "terminate": "false"
        },
        {
          "speaker": "speaker1",
          "personaID": "21520",
          "participantID": "0678",
          "utterance": "진짜 좋네요. 특별한 일 없어도 그렇게 일어나신다는게요. 저는 여행날에도 잘 못일어나거든요.",
          "summary": "",
          "date": "2022-09-29",
          "time": "17:39:17",
          "terminate": "false"
        },
        {
          "speaker": "speaker2",
          "personaID": "20869",
          "participantID": "0597",
          "utterance": "어릴적부터 습관이에요. 아 정말요? ㅎㅎ.",
          "summary": "",
          "date": "2022-09-29",
          "time": "17:39:27",
          "terminate": "false"
        },
        {
          "speaker": "speaker1",
          "personaID": "21520",
          "participantID": "0678",
          "utterance": "네. 곧 글램핑도 가기로했는데요. 무조건 못일어날것 같아요.",
          "summary": "나는 곧 글램핑을 가기로 했다.",
          "date": "2022-09-29",
          "time": "17:39:37",
          "terminate": "false"
        },
        {
          "speaker": "speaker2",
          "personaID": "20869",
          "participantID": "0597",
          "utterance": "아 저런.. 여행에 늦으면 기다리는 분들이 좀 그럴텐데요..",
          "summary": "",
          "date": "2022-09-29",
          "time": "17:40:03",
          "terminate": "false"
        },
        {
          "speaker": "speaker1",
          "personaID": "21520",
          "participantID": "0678",
          "utterance": "보통은 어떻게든 일어나서 가는편이긴 합니다. 근데 이걸로 화낸 경우도 많이 봤어요. 사과하죠. 무조건 제잘못이니까요.",
          "summary": "",
          "date": "2022-09-29",
          "time": "17:40:19",
          "terminate": "false"
        },
        {
          "speaker": "speaker2",
          "personaID": "20869",
          "participantID": "0597",
          "utterance": "아 그렇군요.. 네 그럴 수 있을 거 같네용....ㅠ.",
          "summary": "",
          "date": "2022-09-29",
          "time": "17:40:40",
          "terminate": "false"
        },
        {
          "speaker": "speaker1",
          "personaID": "21520",
          "participantID": "0678",
          "utterance": "그럼 저는 이만 가볼게요~! 글램핑 준비좀 해야겠네요.",
          "summary": "나는 글램핑 준비를 하러 간다.",
          "date": "2022-09-29",
          "time": "17:40:56",
          "terminate": "false"
        },
        {
          "speaker": "speaker2",
          "personaID": "20869",
          "participantID": "0597",
          "utterance": "네 그럼 저도 필라테스 할 시간이라 이만..!",
          "summary": "",
          "date": "2022-09-29",
          "time": "17:40:59",
          "terminate": "true"
        }
      ],
      "sessionPersonaSummary": {
        "speaker1": [
          "나는 곧 글램핑을 가기로 했다.",
          "나는 글램핑 준비를 하러 간다."
        ],
        "speaker2": [
          "나는 새벽에 일어난다."
        ]
      },
      "prevAggregatedpersonaSummary": {
        "speaker1": [
          "나는 20대 여자이다.",
          "나는 경주에 거주한다.",
          "나는 대학생이다.",
          "나는 시각디자인과를 나왔다."
        ],
        "speaker2": [
          "나는 20대 남자이다.",
          "나는 수도권에 산다.",
          "나는 고고학 전공이다. 나는 국사학이 부전공이다."
        ]
      }
    },
    {
      "prevSessionID": "3-00212-2",
      "prevTimeInfo": {
        "timeNum": "3",
        "timeUnit": "주"
      },
      "nthSession": "3",
      "numberOfUtterances": "18",
      "numberOfTurns": "9",
      "sessionID": "3-00212-3",
      "dialog": [
        {
          "speaker": "speaker1",
          "personaID": "21520",
          "participantID": "0678",
          "utterance": "아 3주만에 돌아왔습니다~! 그쪽은 학기중이신가요~!",
          "summary": "",
          "date": "2022-09-29",
          "time": "17:41:07",
          "terminate": "false"
        },
        {
          "speaker": "speaker2",
          "personaID": "20869",
          "participantID": "0597",
          "utterance": "아 네 그럼요. 쉴 시간이 없네요. 글램핑은 잘 다녀오셨어요?",
          "summary": "",
          "date": "2022-09-29",
          "time": "17:41:23",
          "terminate": "false"
        },
        {
          "speaker": "speaker1",
          "personaID": "21520",
          "participantID": "0678",
          "utterance": "네! 그때 그러고보니 필라테스 한다고 하시던데 맞아요?",
          "summary": "",
          "date": "2022-09-29",
          "time": "17:41:30",
          "terminate": "false"
        },
        {
          "speaker": "speaker2",
          "personaID": "20869",
          "participantID": "0597",
          "utterance": "네 맞아요. 제가 필라테스를 좋아해서 나름 자주 해요.",
          "summary": "나는 필라테스를 좋아한다.",
          "date": "2022-09-29",
          "time": "17:41:40",
          "terminate": "false"
        },
        {
          "speaker": "speaker1",
          "personaID": "21520",
          "participantID": "0678",
          "utterance": "그렇군요. 저는 걷기를 좋아하거든요! 나름 비슷한 취미네요?",
          "summary": "나는 걷기를 좋아한다.",
          "date": "2022-09-29",
          "time": "17:42:02",
          "terminate": "false"
        },
        {
          "speaker": "speaker2",
          "personaID": "20869",
          "participantID": "0597",
          "utterance": "아 그렇군요. 운동 좋아하세요 그럼?",
          "summary": "",
          "date": "2022-09-29",
          "time": "17:42:12",
          "terminate": "false"
        },
        {
          "speaker": "speaker1",
          "personaID": "21520",
          "participantID": "0678",
          "utterance": "네 그럼요. 운동 좋아하죠! 그래서 요즘은 동아리도 관심 가지고 있어요.",
          "summary": "나는 운동을 좋아한다.",
          "date": "2022-09-29",
          "time": "17:42:26",
          "terminate": "false"
        },
        {
          "speaker": "speaker2",
          "personaID": "20869",
          "participantID": "0597",
          "utterance": "오 정말요?? 무슨 동아리요??",
          "summary": "",
          "date": "2022-09-29",
          "time": "17:42:39",
          "terminate": "false"
        },
        {
          "speaker": "speaker1",
          "personaID": "21520",
          "participantID": "0678",
          "utterance": "저는 검도부 동아리에 관심 가지고 있어요. ㅎㅎ.",
          "summary": "나는 검도부 동아리에 관심을 가지고 있다.",
          "date": "2022-09-29",
          "time": "17:42:47",
          "terminate": "false"
        },
        {
          "speaker": "speaker2",
          "personaID": "20869",
          "participantID": "0597",
          "utterance": "오우 검도부 멋지네요. ㅎㅎ 운동으로 제격이겠어요!",
          "summary": "",
          "date": "2022-09-29",
          "time": "17:43:02",
          "terminate": "false"
        },
        {
          "speaker": "speaker1",
          "personaID": "21520",
          "participantID": "0678",
          "utterance": "이 허허벌판에서, 뭐라도 취미를 가져야되요! 저는 원주에서 학교다니거든요.",
          "summary": "",
          "date": "2022-09-29",
          "time": "17:43:16",
          "terminate": "false"
        },
        {
          "speaker": "speaker2",
          "personaID": "20869",
          "participantID": "0597",
          "utterance": "아 원주에서요? 그러시군요. 취미로 좋겠어요!",
          "summary": "",
          "date": "2022-09-29",
          "time": "17:43:33",
          "terminate": "false"
        },
        {
          "speaker": "speaker1",
          "personaID": "21520",
          "participantID": "0678",
          "utterance": "그러니까요. 그쪽은 필라테스 말고 취미는 없어요?",
          "summary": "",
          "date": "2022-09-29",
          "time": "17:43:45",
          "terminate": "false"
        },
        {
          "speaker": "speaker2",
          "personaID": "20869",
          "participantID": "0597",
          "utterance": "아 저는 새벽에 명상하고 그래요.",
          "summary": "나는 새벽에 명상을 한다.",
          "date": "2022-09-29",
          "time": "17:44:11",
          "terminate": "false"
        },
        {
          "speaker": "speaker1",
          "personaID": "21520",
          "participantID": "0678",
          "utterance": "명상 진짜 좋은 습관이라고 들었어요. 건강해진다던데요?",
          "summary": "",
          "date": "2022-09-29",
          "time": "17:44:22",
          "terminate": "false"
        },
        {
          "speaker": "speaker2",
          "personaID": "20869",
          "participantID": "0597",
          "utterance": "네 좋더라고요. 마음이 정말로 차분해져요.",
          "summary": "",
          "date": "2022-09-29",
          "time": "17:44:32",
          "terminate": "false"
        },
        {
          "speaker": "speaker1",
          "personaID": "21520",
          "participantID": "0678",
          "utterance": "ㅎㅎ. 그럼 저는 이만 수업이 있어서 가볼게요.",
          "summary": "",
          "date": "2022-09-29",
          "time": "17:44:45",
          "terminate": "false"
        },
        {
          "speaker": "speaker2",
          "personaID": "20869",
          "participantID": "0597",
          "utterance": "네 그럼 저도 국사학 공부 좀 하러 가볼게요!",
          "summary": "",
          "date": "2022-09-29",
          "time": "17:44:47",
          "terminate": "true"
        }
      ],
      "sessionPersonaSummary": {
        "speaker1": [
          "나는 걷기를 좋아한다.",
          "나는 운동을 좋아한다.",
          "나는 검도부 동아리에 관심을 가지고 있다."
        ],
        "speaker2": [
          "나는 필라테스를 좋아한다.",
          "나는 새벽에 명상을 한다."
        ]
      },
      "prevAggregatedpersonaSummary": {
        "speaker1": [
          "나는 20대 여자이다.",
          "나는 경주에 거주한다.",
          "나는 대학생이다.",
          "나는 시각디자인과를 나왔다.",
          "나는 곧 글램핑을 가기로 했다.",
          "나는 글램핑 준비를 하러 간다."
        ],
        "speaker2": [
          "나는 20대 남자이다.",
          "나는 수도권에 산다.",
          "나는 고고학 전공이다. 나는 국사학이 부전공이다.",
          "나는 새벽에 일어난다."
        ]
      }
    }
  ]
}