{
  "FileInfo": {
    "filename": "K3-00319-CL30620-CP60534-17-13-S3.json",
    "sessionLevel": "3"
  },
  "participantsInfo": {
    "numberOfParticipants": "2",
    "speaker1": {
      "participantID": "1118",
      "gender": "남성",
      "age": "30대",
      "occupation": "자영업",
      "bPlace": "부산/대구/울산/경상",
      "gPlace": "부산/대구/울산/경상",
      "rPlace": "부산/대구/울산/경상",
      "educationLevel": "대졸"
    },
    "speaker2": {
      "participantID": "1108",
      "gender": "남성",
      "age": "60대 이상",
      "occupation": "퇴직/연금생활자",
      "bPlace": "서울/경기/인천",
      "gPlace": "서울/경기/인천",
      "rPlace": "서울/경기/인천",
      "educationLevel": "대졸"
    }
  },
  "multisessionInfo": {
    "multisessionID": "3-00319"
  },
  "personaInfo": {
    "clInfo": {
      "personaID": "30620",
      "personaFeatures": [
        "나는 남자이다.",
        "나는 30대이다.",
        "나는 건축가이다.",
        "나는 실외에서 스키 타는 것을 싫어한다.",
        "나는 싱거운 음식을 즐겨 먹는다."
      ],
      "speakerType": "speaker1"
    },
    "cpInfo": {
      "personaID": "60534",
      "personaFeatures": [
        "나는 남자이다.",
        "나는 60대 이상이다.",
        "나는 조각가이다.",
        "나는 주말에 유명한 맛집에 간다.",
        "나는 와인을 좋아한다."
      ],
      "speakerType": "speaker2"
    }
  },
  "topicInfo": {
    "topicID": "17-13",
    "topicType": "미용과 건강>건강",
    "topicTitle": "영양제"
  },
  "sessionInfo": [
    {
      "prevSessionID": null,
      "prevTimeInfo": {
        "timeNum": null,
        "timeUnit": null
      },
      "nthSession": "1",
      "numberOfUtterances": "18",
      "numberOfTurns": "9",
      "sessionID": "3-00319-1",
      "dialog": [
        {
          "speaker": "speaker1",
          "personaID": "30620",
          "participantID": "1118",
          "utterance": "안녕하세요 저는 30대 남자입니다. 반갑습니다.",
          "summary": "나는 30대 남자이다.",
          "date": "2022-10-25",
          "time": "15:11:57",
          "terminate": "false"
        },
        {
          "speaker": "speaker2",
          "personaID": "60534",
          "participantID": "1108",
          "utterance": "안녕하세요 저는 60대 남자입니다^^",
          "summary": "나는 60대 남자이다.",
          "date": "2022-10-25",
          "time": "15:12:06",
          "terminate": "false"
        },
        {
          "speaker": "speaker1",
          "personaID": "30620",
          "participantID": "1118",
          "utterance": "저는 일 때문에 강원도에 출장와있습니다. 선생님은 뭐하시는 분이세요?",
          "summary": "나는 강원도에 출장나 와 있다.",
          "date": "2022-10-25",
          "time": "15:12:34",
          "terminate": "false"
        },
        {
          "speaker": "speaker2",
          "personaID": "60534",
          "participantID": "1108",
          "utterance": "저는 조각가로 일하고 있어요! 어떤일을 하시나요?",
          "summary": "나는 조각가이다.",
          "date": "2022-10-25",
          "time": "15:12:51",
          "terminate": "false"
        },
        {
          "speaker": "speaker1",
          "personaID": "30620",
          "participantID": "1118",
          "utterance": "저랑 좀 비슷한 직업일수도 있겠네요. 저는 집만드는 건축가로 일하고 있어요.",
          "summary": "나는 건축가이다.",
          "date": "2022-10-25",
          "time": "15:13:14",
          "terminate": "false"
        },
        {
          "speaker": "speaker2",
          "personaID": "60534",
          "participantID": "1108",
          "utterance": "그러시군요! 저는 얼마 전 손을 다처서 집에서 쉬고 있네요...",
          "summary": "나는 얼마 전 손을 다쳤다. 나는 일을 쉬고 있다.",
          "date": "2022-10-25",
          "time": "15:13:28",
          "terminate": "false"
        },
        {
          "speaker": "speaker1",
          "personaID": "30620",
          "participantID": "1118",
          "utterance": "저희 같은 사람들은 손이 재산인데 조심하세요.... 크게 다치신겁니까?",
          "summary": "",
          "date": "2022-10-25",
          "time": "15:13:54",
          "terminate": "false"
        },
        {
          "speaker": "speaker2",
          "personaID": "60534",
          "participantID": "1108",
          "utterance": "작업 하다가 좀 찢어젔네요...하하하.",
          "summary": "나는 일하다 손이 찢어졌다.",
          "date": "2022-10-25",
          "time": "15:14:08",
          "terminate": "false"
        },
        {
          "speaker": "speaker1",
          "personaID": "30620",
          "participantID": "1118",
          "utterance": "선생님 저도 얼마전에 여기 온김에 스키타다가 크게 다칠뻔해서 이젠 무섭고 싫어서 안탑니다. 항상 조심하세요.",
          "summary": "나는 실외에서 스키 타는 것을 싫어한다.",
          "date": "2022-10-25",
          "time": "15:14:41",
          "terminate": "false"
        },
        {
          "speaker": "speaker2",
          "personaID": "60534",
          "participantID": "1108",
          "utterance": "그러시군요! 주말에는 뭐하시나요?",
          "summary": "",
          "date": "2022-10-25",
          "time": "15:14:57",
          "terminate": "false"
        },
        {
          "speaker": "speaker1",
          "personaID": "30620",
          "participantID": "1118",
          "utterance": "저는 보통은 가족들하고 외식을 합니다.",
          "summary": "나는 가족과 주말에 외식을 한다.",
          "date": "2022-10-25",
          "time": "15:15:19",
          "terminate": "false"
        },
        {
          "speaker": "speaker2",
          "personaID": "60534",
          "participantID": "1108",
          "utterance": "저는 주말에 유명한 맛집 가는게 취미거든요!",
          "summary": "나는 주말에 유명한 맛집에 간다.",
          "date": "2022-10-25",
          "time": "15:15:33",
          "terminate": "false"
        },
        {
          "speaker": "speaker1",
          "personaID": "30620",
          "participantID": "1118",
          "utterance": "아 계시는 곳이 어디신데요? 좀 추천좀 받아야겠는걸요? 싱거운 음식 잘하는 집 아세요? 저희 집이 좋아하거든요.",
          "summary": "나는 싱거운 음식을 즐겨 먹는다.",
          "date": "2022-10-25",
          "time": "15:16:02",
          "terminate": "false"
        },
        {
          "speaker": "speaker2",
          "personaID": "60534",
          "participantID": "1108",
          "utterance": "저는 서울에 살아요! 싱거운 음식은 평양냉면이죠^^",
          "summary": "나는 서울에 산다.",
          "date": "2022-10-25",
          "time": "15:16:20",
          "terminate": "false"
        },
        {
          "speaker": "speaker1",
          "personaID": "30620",
          "participantID": "1118",
          "utterance": "아 저도 평양냉면 좋아하죠. 저도 돌아가면 꼭 먹어야겠어요.",
          "summary": "나는 평양냉면을 좋아한다.",
          "date": "2022-10-25",
          "time": "15:16:45",
          "terminate": "false"
        },
        {
          "speaker": "speaker2",
          "personaID": "60534",
          "participantID": "1108",
          "utterance": "네 저는 와인도 좋아해서 와인바도 자주 갑니다.",
          "summary": "나는 와인을 좋아한다. 나는 와인바에 자주 간다.",
          "date": "2022-10-25",
          "time": "15:16:55",
          "terminate": "false"
        },
        {
          "speaker": "speaker1",
          "personaID": "30620",
          "participantID": "1118",
          "utterance": "식도락을 즐기시네요. 이왕 쉬는김에 맛있는거 많이 드십시오. 저 그럼 일좀 하고 연락드릴께요.",
          "summary": "",
          "date": "2022-10-25",
          "time": "15:17:27",
          "terminate": "false"
        },
        {
          "speaker": "speaker2",
          "personaID": "60534",
          "participantID": "1108",
          "utterance": "네 편하실때 또 연락주세요 선생님.",
          "summary": "",
          "date": "2022-10-25",
          "time": "15:17:38",
          "terminate": "true"
        }
      ],
      "sessionPersonaSummary": {
        "speaker1": [
          "나는 30대 남자이다.",
          "나는 강원도에 출장나 와 있다.",
          "나는 건축가이다.",
          "나는 실외에서 스키 타는 것을 싫어한다.",
          "나는 가족과 주말에 외식을 한다.",
          "나는 싱거운 음식을 즐겨 먹는다.",
          "나는 평양냉면을 좋아한다."
        ],
        "speaker2": [
          "나는 60대 남자이다.",
          "나는 조각가이다.",
          "나는 얼마 전 손을 다쳤다. 나는 일을 쉬고 있다.",
          "나는 일하다 손이 찢어졌다.",
          "나는 주말에 유명한 맛집에 간다.",
          "나는 서울에 산다.",
          "나는 와인을 좋아한다. 나는 와인바에 자주 간다."
        ]
      },
      "prevAggregatedpersonaSummary": {
        "speaker1": [],
        "speaker2": []
      }
    },
    {
      "prevSessionID": "3-00319-1",
      "prevTimeInfo": {
        "timeNum": "3",
        "timeUnit": "일"
      },
      "nthSession": "2",
      "numberOfUtterances": "18",
      "numberOfTurns": "9",
      "sessionID": "3-00319-2",
      "dialog": [
        {
          "speaker": "speaker1",
          "personaID": "30620",
          "participantID": "1118",
          "utterance": "선생님 3일만에 다시 연락드립니다. 다친 손은 좀 어떠세요?",
          "summary": "",
          "date": "2022-10-25",
          "time": "15:17:55",
          "terminate": "false"
        },
        {
          "speaker": "speaker2",
          "personaID": "60534",
          "participantID": "1108",
          "utterance": "아직 다 안아물었네요... 너무 답답하네요...",
          "summary": "나는 답답하다.",
          "date": "2022-10-25",
          "time": "15:18:18",
          "terminate": "false"
        },
        {
          "speaker": "speaker1",
          "personaID": "30620",
          "participantID": "1118",
          "utterance": "저도 오늘 작업 마무리하고 이제 집에 돌아가고 있습니다. 병원에선 뭐라는데요?",
          "summary": "나는 오늘 일이 끝났다.",
          "date": "2022-10-25",
          "time": "15:18:48",
          "terminate": "false"
        },
        {
          "speaker": "speaker2",
          "personaID": "60534",
          "participantID": "1108",
          "utterance": "피곤하시겠어요... 병원에서는 시간이 좀 걸린다고 하네요...",
          "summary": "",
          "date": "2022-10-25",
          "time": "15:19:08",
          "terminate": "false"
        },
        {
          "speaker": "speaker1",
          "personaID": "30620",
          "participantID": "1118",
          "utterance": "그럴때 새살 잘 돋는 약이 있는데 좀 드셔보실래요?",
          "summary": "",
          "date": "2022-10-25",
          "time": "15:19:30",
          "terminate": "false"
        },
        {
          "speaker": "speaker2",
          "personaID": "60534",
          "participantID": "1108",
          "utterance": "그런 약이 있나요? 병원에서는 항생제만 주던데요....",
          "summary": "",
          "date": "2022-10-25",
          "time": "15:19:48",
          "terminate": "false"
        },
        {
          "speaker": "speaker1",
          "personaID": "30620",
          "participantID": "1118",
          "utterance": "이게 미국사는 친구가 무슨 영양제를 보내줬는데, 효과가 좋다던데요.",
          "summary": "",
          "date": "2022-10-25",
          "time": "15:20:07",
          "terminate": "false"
        },
        {
          "speaker": "speaker2",
          "personaID": "60534",
          "participantID": "1108",
          "utterance": "저도 알려주세요. 찾아보고 구매를 해야겠네요!",
          "summary": "",
          "date": "2022-10-25",
          "time": "15:20:19",
          "terminate": "false"
        },
        {
          "speaker": "speaker1",
          "personaID": "30620",
          "participantID": "1118",
          "utterance": "네 제가 이따가 사진도 보내드릴께요. 선생님 영양제 따로 드시는건 있어요?",
          "summary": "",
          "date": "2022-10-25",
          "time": "15:20:48",
          "terminate": "false"
        },
        {
          "speaker": "speaker2",
          "personaID": "60534",
          "participantID": "1108",
          "utterance": "저는 멀티비타민만 챙겨먹고 있어요! 잘 모르겠더라구요...",
          "summary": "나는 멀티 비타민을 챙겨 먹는다.",
          "date": "2022-10-25",
          "time": "15:21:05",
          "terminate": "false"
        },
        {
          "speaker": "speaker1",
          "personaID": "30620",
          "participantID": "1118",
          "utterance": "오메가3 랑 루테인도 드셔야해요. 그건 외부로 따로 드셔야 합니다.",
          "summary": "",
          "date": "2022-10-25",
          "time": "15:21:24",
          "terminate": "false"
        },
        {
          "speaker": "speaker2",
          "personaID": "60534",
          "participantID": "1108",
          "utterance": "그런가요...? 제가 이런 쪽에 지식이 없어서 그냥 비타민만 먹네요...",
          "summary": "",
          "date": "2022-10-25",
          "time": "15:21:43",
          "terminate": "false"
        },
        {
          "speaker": "speaker1",
          "personaID": "30620",
          "participantID": "1118",
          "utterance": "조각가시면 정교한 작업하실텐데 눈 건강도 생각하셔야죠. 루테인은 꼭 드세요.",
          "summary": "",
          "date": "2022-10-25",
          "time": "15:22:08",
          "terminate": "false"
        },
        {
          "speaker": "speaker2",
          "personaID": "60534",
          "participantID": "1108",
          "utterance": "루테인이 눈 영양제 인가 보군요?!",
          "summary": "",
          "date": "2022-10-25",
          "time": "15:22:21",
          "terminate": "false"
        },
        {
          "speaker": "speaker1",
          "personaID": "30620",
          "participantID": "1118",
          "utterance": "네 저도 그래서 챙겨먹어요. 시력이 안나빠지고 좋더라구요.",
          "summary": "나는 루테인을 챙겨 먹는다.",
          "date": "2022-10-25",
          "time": "15:22:42",
          "terminate": "false"
        },
        {
          "speaker": "speaker2",
          "personaID": "60534",
          "participantID": "1108",
          "utterance": "저도 좀 챙겨먹어야 겠네요... 감사합니다.",
          "summary": "",
          "date": "2022-10-25",
          "time": "15:22:56",
          "terminate": "false"
        },
        {
          "speaker": "speaker1",
          "personaID": "30620",
          "participantID": "1118",
          "utterance": "네 선생님 그럼 제가 나중에 또 연락드릴께요. 건강관리 잘 하고 계세요.",
          "summary": "",
          "date": "2022-10-25",
          "time": "15:23:17",
          "terminate": "false"
        },
        {
          "speaker": "speaker2",
          "personaID": "60534",
          "participantID": "1108",
          "utterance": "네 다음에 또 연락주세요 선생님!",
          "summary": "",
          "date": "2022-10-25",
          "time": "15:23:28",
          "terminate": "true"
        }
      ],
      "sessionPersonaSummary": {
        "speaker1": [
          "나는 오늘 일이 끝났다.",
          "나는 루테인을 챙겨 먹는다."
        ],
        "speaker2": [
          "나는 답답하다.",
          "나는 멀티 비타민을 챙겨 먹는다."
        ]
      },
      "prevAggregatedpersonaSummary": {
        "speaker1": [
          "나는 30대 남자이다.",
          "나는 강원도에 출장나 와 있다.",
          "나는 건축가이다.",
          "나는 실외에서 스키 타는 것을 싫어한다.",
          "나는 가족과 주말에 외식을 한다.",
          "나는 싱거운 음식을 즐겨 먹는다.",
          "나는 평양냉면을 좋아한다."
        ],
        "speaker2": [
          "나는 60대 남자이다.",
          "나는 조각가이다.",
          "나는 얼마 전 손을 다쳤다. 나는 일을 쉬고 있다.",
          "나는 일하다 손이 찢어졌다.",
          "나는 주말에 유명한 맛집에 간다.",
          "나는 서울에 산다.",
          "나는 와인을 좋아한다. 나는 와인바에 자주 간다."
        ]
      }
    },
    {
      "prevSessionID": "3-00319-2",
      "prevTimeInfo": {
        "timeNum": "5",
        "timeUnit": "일"
      },
      "nthSession": "3",
      "numberOfUtterances": "18",
      "numberOfTurns": "9",
      "sessionID": "3-00319-3",
      "dialog": [
        {
          "speaker": "speaker1",
          "personaID": "30620",
          "participantID": "1118",
          "utterance": "선생님 한 5 일 만에 연락드리네요. 제가 보내드린 약은 사 먹어보셨어요?",
          "summary": "",
          "date": "2022-10-25",
          "time": "15:23:55",
          "terminate": "false"
        },
        {
          "speaker": "speaker2",
          "personaID": "60534",
          "participantID": "1108",
          "utterance": "네 잘 먹고 있습니다. 회복이 좀 빠른거 같아요! 감사해요!",
          "summary": "나는 회복이 좀 빨라졌다.",
          "date": "2022-10-25",
          "time": "15:24:13",
          "terminate": "false"
        },
        {
          "speaker": "speaker1",
          "personaID": "30620",
          "participantID": "1118",
          "utterance": "네 저는 오늘 다시 출장을 가는데, 좀 쉬고 싶네요.",
          "summary": "",
          "date": "2022-10-25",
          "time": "15:24:34",
          "terminate": "false"
        },
        {
          "speaker": "speaker2",
          "personaID": "60534",
          "participantID": "1108",
          "utterance": "오늘은 어디로 출장을 가시나요?",
          "summary": "",
          "date": "2022-10-25",
          "time": "15:24:48",
          "terminate": "false"
        },
        {
          "speaker": "speaker1",
          "personaID": "30620",
          "participantID": "1118",
          "utterance": "오늘은 파주로 갑니다. 거기서 한 1주일 있어야 될거 같네요.",
          "summary": "나는 파주로 출장을 간다.",
          "date": "2022-10-25",
          "time": "15:25:02",
          "terminate": "false"
        },
        {
          "speaker": "speaker2",
          "personaID": "60534",
          "participantID": "1108",
          "utterance": "여기저기 엄청 많이 다니시는군요! 돈 많이 벌겠어요!",
          "summary": "",
          "date": "2022-10-25",
          "time": "15:25:20",
          "terminate": "false"
        },
        {
          "speaker": "speaker1",
          "personaID": "30620",
          "participantID": "1118",
          "utterance": "돈이 없어서 다니는걸요 하하.",
          "summary": "",
          "date": "2022-10-25",
          "time": "15:25:35",
          "terminate": "false"
        },
        {
          "speaker": "speaker2",
          "personaID": "60534",
          "participantID": "1108",
          "utterance": "저도 요즘 일을 못해서 손해가 이만저만 아니네요...",
          "summary": "나는 일을 못해서 손해가 많다.",
          "date": "2022-10-25",
          "time": "15:25:53",
          "terminate": "false"
        },
        {
          "speaker": "speaker1",
          "personaID": "30620",
          "participantID": "1118",
          "utterance": "선생님께서 미리 만들어 놓으신 물건같은건 안파시나요?",
          "summary": "",
          "date": "2022-10-25",
          "time": "15:26:09",
          "terminate": "false"
        },
        {
          "speaker": "speaker2",
          "personaID": "60534",
          "participantID": "1108",
          "utterance": "네 저는 주문제작만 하고 있어서요...하하하.",
          "summary": "나는 주문제작을 한다.",
          "date": "2022-10-25",
          "time": "15:26:24",
          "terminate": "false"
        },
        {
          "speaker": "speaker1",
          "personaID": "30620",
          "participantID": "1118",
          "utterance": "아고... 그럼 손해가 막심하실거 같네요. 어서 쾌차하셔야죠.",
          "summary": "",
          "date": "2022-10-25",
          "time": "15:26:40",
          "terminate": "false"
        },
        {
          "speaker": "speaker2",
          "personaID": "60534",
          "participantID": "1108",
          "utterance": "그래야죠... 그래도 조금 있으면 일 할 수 있을것 같네요!",
          "summary": "",
          "date": "2022-10-25",
          "time": "15:26:55",
          "terminate": "false"
        },
        {
          "speaker": "speaker1",
          "personaID": "30620",
          "participantID": "1118",
          "utterance": "앞으론 장갑같은 보호용구 꼭 착용하고 하십시오.",
          "summary": "",
          "date": "2022-10-25",
          "time": "15:27:18",
          "terminate": "false"
        },
        {
          "speaker": "speaker2",
          "personaID": "60534",
          "participantID": "1108",
          "utterance": "저는 장갑을 끼면 일하기가 불편하더라구요...",
          "summary": "나는 장갑이 불편하다.",
          "date": "2022-10-25",
          "time": "15:27:32",
          "terminate": "false"
        },
        {
          "speaker": "speaker1",
          "personaID": "30620",
          "participantID": "1118",
          "utterance": "저도 일할때 벗고하는데 손에 못이 박힌뒤로는 꼭 하고 합니다.",
          "summary": "나는 손에 못이 박힌 적이 있다.",
          "date": "2022-10-25",
          "time": "15:27:50",
          "terminate": "false"
        },
        {
          "speaker": "speaker2",
          "personaID": "60534",
          "participantID": "1108",
          "utterance": "그러시군요... 우리 항상 조심하시죠^^",
          "summary": "",
          "date": "2022-10-25",
          "time": "15:28:00",
          "terminate": "false"
        },
        {
          "speaker": "speaker1",
          "personaID": "30620",
          "participantID": "1118",
          "utterance": "네 선생님 그럼 저 집좀 지으러 가볼께요.",
          "summary": "",
          "date": "2022-10-25",
          "time": "15:28:12",
          "terminate": "false"
        },
        {
          "speaker": "speaker2",
          "personaID": "60534",
          "participantID": "1108",
          "utterance": "네 편하실때 언제든지 연락주세요^^",
          "summary": "",
          "date": "2022-10-25",
          "time": "15:28:25",
          "terminate": "true"
        }
      ],
      "sessionPersonaSummary": {
        "speaker1": [
          "나는 파주로 출장을 간다.",
          "나는 손에 못이 박힌 적이 있다."
        ],
        "speaker2": [
          "나는 회복이 좀 빨라졌다.",
          "나는 일을 못해서 손해가 많다.",
          "나는 주문제작을 한다.",
          "나는 장갑이 불편하다."
        ]
      },
      "prevAggregatedpersonaSummary": {
        "speaker1": [
          "나는 30대 남자이다.",
          "나는 강원도에 출장나 와 있다.",
          "나는 건축가이다.",
          "나는 실외에서 스키 타는 것을 싫어한다.",
          "나는 가족과 주말에 외식을 한다.",
          "나는 싱거운 음식을 즐겨 먹는다.",
          "나는 평양냉면을 좋아한다.",
          "나는 오늘 일이 끝났다.",
          "나는 루테인을 챙겨 먹는다."
        ],
        "speaker2": [
          "나는 60대 남자이다.",
          "나는 조각가이다.",
          "나는 얼마 전 손을 다쳤다. 나는 일을 쉬고 있다.",
          "나는 일하다 손이 찢어졌다.",
          "나는 주말에 유명한 맛집에 간다.",
          "나는 서울에 산다.",
          "나는 와인을 좋아한다. 나는 와인바에 자주 간다.",
          "나는 답답하다.",
          "나는 멀티 비타민을 챙겨 먹는다."
        ]
      }
    }
  ]
}