{
  "FileInfo": {
    "filename": "K3-00320-CL50409-CP41868-04-15-S3.json",
    "sessionLevel": "3"
  },
  "participantsInfo": {
    "numberOfParticipants": "2",
    "speaker1": {
      "participantID": "3934",
      "gender": "남성",
      "age": "40대",
      "occupation": "기타",
      "bPlace": "서울/경기/인천",
      "gPlace": "서울/경기/인천",
      "rPlace": "서울/경기/인천",
      "educationLevel": "대졸"
    },
    "speaker2": {
      "participantID": "3294",
      "gender": "여성",
      "age": "30대",
      "occupation": "사무직",
      "bPlace": "서울/경기/인천",
      "gPlace": "광주/전라/제주",
      "rPlace": "서울/경기/인천",
      "educationLevel": "대졸"
    }
  },
  "multisessionInfo": {
    "multisessionID": "3-00320"
  },
  "personaInfo": {
    "clInfo": {
      "personaID": "50409",
      "personaFeatures": [
        "나는 남자이다.",
        "나는 50대이다.",
        "나의 거주지는 대구이다",
        "나는 밴드 동호회에 관심 있다",
        "나는 샤인머스캣을 안 먹는다"
      ],
      "speakerType": "speaker1"
    },
    "cpInfo": {
      "personaID": "41868",
      "personaFeatures": [
        "나는 여자이다.",
        "나는 40대이다.",
        "나의 거주지는 청주이다",
        "나의 가족은 2명이다",
        "나는 바나나를 싫어한다"
      ],
      "speakerType": "speaker2"
    }
  },
  "topicInfo": {
    "topicID": "04-15",
    "topicType": "일과 직업>회사/아르바이트",
    "topicTitle": "휴직"
  },
  "sessionInfo": [
    {
      "prevSessionID": null,
      "prevTimeInfo": {
        "timeNum": null,
        "timeUnit": null
      },
      "nthSession": "1",
      "numberOfUtterances": "14",
      "numberOfTurns": "7",
      "sessionID": "3-00320-1",
      "dialog": [
        {
          "speaker": "speaker1",
          "personaID": "50409",
          "participantID": "3934",
          "utterance": "안녕하세요. 저는 50대 남성입니다.",
          "summary": "나는 50대 남성이다.",
          "date": "2022-10-27",
          "time": "14:06:47",
          "terminate": "false"
        },
        {
          "speaker": "speaker2",
          "personaID": "41868",
          "participantID": "3294",
          "utterance": "안녕하세요, 40대 여성입니다.",
          "summary": "나는 40대 여성이다.",
          "date": "2022-10-27",
          "time": "14:07:22",
          "terminate": "false"
        },
        {
          "speaker": "speaker1",
          "personaID": "50409",
          "participantID": "3934",
          "utterance": "어디에 사시나요? 저는 대구에서 거주하고 있습니다.",
          "summary": "나는 대구에서 거주한다.",
          "date": "2022-10-27",
          "time": "14:08:11",
          "terminate": "false"
        },
        {
          "speaker": "speaker2",
          "personaID": "41868",
          "participantID": "3294",
          "utterance": "저는 청주에서 살고 있어요.  가족관계가 어떻게 되시나요? 저는 가족이 2명입니다.",
          "summary": "나는 청주에 산다. 나는 가족이 2명이다.",
          "date": "2022-10-27",
          "time": "14:48:37",
          "terminate": "false"
        },
        {
          "speaker": "speaker1",
          "personaID": "50409",
          "participantID": "3934",
          "utterance": "저의 가족은 세명입니다. 취미가 있습니까? 저는 밴드 동호회에 관심있습니다.",
          "summary": "나는 밴드 동호회에 관심이 있다.",
          "date": "2022-10-27",
          "time": "14:50:08",
          "terminate": "false"
        },
        {
          "speaker": "speaker2",
          "personaID": "41868",
          "participantID": "3294",
          "utterance": "특별한 취미는 없습니다. 좋아하는 과일은 있나요? 저는 바나나를 싫어해요. 식감이 물렁해서요.",
          "summary": "나는 취미가 없다. 나는 바나나를 싫어한다.",
          "date": "2022-10-27",
          "time": "14:59:07",
          "terminate": "false"
        },
        {
          "speaker": "speaker1",
          "personaID": "50409",
          "participantID": "3934",
          "utterance": "저는 바나나는 좋아해요. 저는 샤인머스캣은 안 먹어요.",
          "summary": "나는 바나나를 좋아한다.",
          "date": "2022-10-27",
          "time": "15:05:51",
          "terminate": "false"
        },
        {
          "speaker": "speaker2",
          "personaID": "41868",
          "participantID": "3294",
          "utterance": "저랑 반대시네요. 전 포도류는 다 좋아해요.",
          "summary": "나는 포도를 좋아한다.",
          "date": "2022-10-27",
          "time": "15:06:18",
          "terminate": "false"
        },
        {
          "speaker": "speaker1",
          "personaID": "50409",
          "participantID": "3934",
          "utterance": "저는 신 맛에 취약해서 먹으면 오그라지는 타입이에요. 그래서 감, 배, 참외 류를 좋아해요. ",
          "summary": "나는 신 맛에 취약하다.",
          "date": "2022-10-27",
          "time": "15:10:00",
          "terminate": "false"
        },
        {
          "speaker": "speaker2",
          "personaID": "41868",
          "participantID": "3294",
          "utterance": "그렇군요. 전 신맛을 좋아해서 냉면에 겨자와 식초를 엄청 넣어 먹어요.",
          "summary": "나는 신맛을 좋아한다.",
          "date": "2022-10-27",
          "time": "15:11:03",
          "terminate": "false"
        },
        {
          "speaker": "speaker1",
          "personaID": "50409",
          "participantID": "3934",
          "utterance": "네 또 뵙겠습니다. 감사합니다.",
          "summary": "",
          "date": "2022-10-27",
          "time": "15:12:12",
          "terminate": "false"
        },
        {
          "speaker": "speaker2",
          "personaID": "41868",
          "participantID": "3294",
          "utterance": "밴드 동호회에 관심있다고 하셨는데 악기 연주 가능하세요?",
          "summary": "",
          "date": "2022-10-27",
          "time": "15:36:44",
          "terminate": "false"
        },
        {
          "speaker": "speaker1",
          "personaID": "50409",
          "participantID": "3934",
          "utterance": "네 저는 드럼과 하모니카를 조금 다룰 수 있습니다. 무슨 악기 하세요?",
          "summary": "나는 드럼과 하모니카를 연주할 수 있다.",
          "date": "2022-10-27",
          "time": "15:41:39",
          "terminate": "false"
        },
        {
          "speaker": "speaker2",
          "personaID": "41868",
          "participantID": "3294",
          "utterance": "저는 피아노를 칠 수 있어요. 저 저녁준비하러 나가볼게요",
          "summary": "나는 피아노를 칠 수 있다.",
          "date": "2022-10-27",
          "time": "15:51:01",
          "terminate": "true"
        }
      ],
      "sessionPersonaSummary": {
        "speaker1": [
          "나는 50대 남성이다.",
          "나는 대구에서 거주한다.",
          "나는 밴드 동호회에 관심이 있다.",
          "나는 바나나를 좋아한다.",
          "나는 신 맛에 취약하다.",
          "나는 드럼과 하모니카를 연주할 수 있다."
        ],
        "speaker2": [
          "나는 40대 여성이다.",
          "나는 청주에 산다.",
          "나는 가족이 2명이다.",
          "나는 취미가 없다.",
          "나는 바나나를 싫어한다.",
          "나는 포도를 좋아한다.",
          "나는 신맛을 좋아한다.",
          "나는 피아노를 칠 수 있다."
        ]
      },
      "prevAggregatedpersonaSummary": {
        "speaker1": [],
        "speaker2": []
      }
    },
    {
      "prevSessionID": "3-00320-1",
      "prevTimeInfo": {
        "timeNum": "6",
        "timeUnit": "일"
      },
      "nthSession": "2",
      "numberOfUtterances": "14",
      "numberOfTurns": "7",
      "sessionID": "3-00320-2",
      "dialog": [
        {
          "speaker": "speaker1",
          "personaID": "50409",
          "participantID": "3934",
          "utterance": "6일만인가요? 저는 지금 휴직 중입니다.",
          "summary": "나는 지금 휴직 중이다.",
          "date": "2022-10-28",
          "time": "09:50:57",
          "terminate": "false"
        },
        {
          "speaker": "speaker2",
          "personaID": "41868",
          "participantID": "3294",
          "utterance": "어쩌다가 휴직하신건가요? 아프신가요?",
          "summary": "",
          "date": "2022-10-28",
          "time": "10:17:22",
          "terminate": "false"
        },
        {
          "speaker": "speaker1",
          "personaID": "50409",
          "participantID": "3934",
          "utterance": "저는 밴드 동호회에 관심이 있습니다.      그런데 진짜 밴드가 하고 싶습니다.",
          "summary": "나는 밴드 동호회에 관심이 있다.",
          "date": "2022-10-28",
          "time": "10:30:56",
          "terminate": "false"
        },
        {
          "speaker": "speaker2",
          "personaID": "41868",
          "participantID": "3294",
          "utterance": "네 밴드 동호회 가입하려고 휴직하셨나요? 휴직을 왜 하신거냐고 물어봤는데 갑자기 밴드 이야기를 하시네요",
          "summary": "",
          "date": "2022-10-28",
          "time": "11:26:22",
          "terminate": "false"
        },
        {
          "speaker": "speaker1",
          "personaID": "50409",
          "participantID": "3934",
          "utterance": "제가 봐도 말이 이상하네요. 죄송합니다. 네 동호회에서 사람을 모아 밴드를 꾸리기 위해 휴직을 했습니다. ",
          "summary": "",
          "date": "2022-10-28",
          "time": "11:36:13",
          "terminate": "false"
        },
        {
          "speaker": "speaker2",
          "personaID": "41868",
          "participantID": "3294",
          "utterance": "휴직까지 할 정도라니 엄청 대단하시네요.  전 회사 다니다가 육아휴직 뒤 그대로 사회생활을 끊었어요.",
          "summary": " 나는 육아휴직 뒤 사회생활은 하고 있지 않다,",
          "date": "2022-10-28",
          "time": "12:46:38",
          "terminate": "false"
        },
        {
          "speaker": "speaker1",
          "personaID": "50409",
          "participantID": "3934",
          "utterance": "육아는 정말 힘들죠. 저도 늦은 나이에  아이 키우다 보니 몸이 안따라 주네요. ",
          "summary": "나는 늦은 나이에 아이가 생겼다.",
          "date": "2022-10-28",
          "time": "12:49:57",
          "terminate": "false"
        },
        {
          "speaker": "speaker2",
          "personaID": "41868",
          "participantID": "3294",
          "utterance": "늦둥이 보신건가요? 축하드려요. 그런데 휴직을 하시다니 대단하세요.  돈이 원래 많으신 편인가봐요 ",
          "summary": "",
          "date": "2022-10-28",
          "time": "20:55:15",
          "terminate": "false"
        },
        {
          "speaker": "speaker1",
          "personaID": "50409",
          "participantID": "3934",
          "utterance": "아니요. 저는 요즘 트랜드따라 직업이 여러개라 그 중 하나를 정리 한거죠.",
          "summary": "나는 직업이 여러 개다.",
          "date": "2022-10-31",
          "time": "12:50:15",
          "terminate": "false"
        },
        {
          "speaker": "speaker2",
          "personaID": "41868",
          "participantID": "3294",
          "utterance": "직업이 여러 개에요? 능력자시군요. 부러워요. 그럼 휴직도 아니네요. 경제활동을 계속 하고 계시니까요",
          "summary": "",
          "date": "2022-10-31",
          "time": "13:33:25",
          "terminate": "false"
        },
        {
          "speaker": "speaker1",
          "personaID": "50409",
          "participantID": "3934",
          "utterance": "직장이었어서 휴직이고 다른 일은 제가 주최라 약간 의미가 달라요. 몸은 편하지만 마음은 불편해요. ",
          "summary": "",
          "date": "2022-10-31",
          "time": "13:40:09",
          "terminate": "false"
        },
        {
          "speaker": "speaker2",
          "personaID": "41868",
          "participantID": "3294",
          "utterance": "그렇군요. 저도 일해야하는데 휴직기간이 너무 길었어서 취직할 수 있을지 모르겠어요.",
          "summary": "나는 일을 시작해야 하나 다시 취직할 수 있을지 모르겠다.",
          "date": "2022-10-31",
          "time": "14:14:57",
          "terminate": "false"
        },
        {
          "speaker": "speaker1",
          "personaID": "50409",
          "participantID": "3934",
          "utterance": "저희는 맞벌이라 누구라도 준비만 된다면 한명이 아이를 온전히 케어 할 수 있는게 좋을 거 같은데 아직은 어렵네요.",
          "summary": "",
          "date": "2022-10-31",
          "time": "15:18:57",
          "terminate": "false"
        },
        {
          "speaker": "speaker2",
          "personaID": "41868",
          "participantID": "3294",
          "utterance": "그렇죠. 육아와 일을 병행하는 게 쉽지 않은 것 같아요. 저 이만 나가볼게요.",
          "summary": "육아와 일을 병행하는 건 쉽지 않다.",
          "date": "2022-10-31",
          "time": "15:21:09",
          "terminate": "true"
        }
      ],
      "sessionPersonaSummary": {
        "speaker1": [
          "나는 지금 휴직 중이다.",
          "나는 밴드 동호회에 관심이 있다.",
          "나는 늦은 나이에 아이가 생겼다.",
          "나는 직업이 여러 개다."
        ],
        "speaker2": [
          "나는 육아휴직 뒤 사회생활은 하고 있지 않다,",
          "나는 일을 시작해야 하나 다시 취직할 수 있을지 모르겠다.",
          "육아와 일을 병행하는 건 쉽지 않다."
        ]
      },
      "prevAggregatedpersonaSummary": {
        "speaker1": [
          "나는 50대 남성이다.",
          "나는 대구에서 거주한다.",
          "나는 밴드 동호회에 관심이 있다.",
          "나는 바나나를 좋아한다.",
          "나는 신 맛에 취약하다.",
          "나는 드럼과 하모니카를 연주할 수 있다."
        ],
        "speaker2": [
          "나는 40대 여성이다.",
          "나는 청주에 산다.",
          "나는 가족이 2명이다.",
          "나는 취미가 없다.",
          "나는 바나나를 싫어한다.",
          "나는 포도를 좋아한다.",
          "나는 신맛을 좋아한다.",
          "나는 피아노를 칠 수 있다."
        ]
      }
    },
    {
      "prevSessionID": "3-00320-2",
      "prevTimeInfo": {
        "timeNum": "4",
        "timeUnit": "시간"
      },
      "nthSession": "3",
      "numberOfUtterances": "14",
      "numberOfTurns": "7",
      "sessionID": "3-00320-3",
      "dialog": [
        {
          "speaker": "speaker1",
          "personaID": "50409",
          "participantID": "3934",
          "utterance": "4시간만의 대화군요. 저의 아내는 육아휴직 뒤 복직을 했습니다.",
          "summary": "나는 아내가 육아휴직을 다녀온 뒤 복직을 했다.",
          "date": "2022-10-31",
          "time": "15:52:34",
          "terminate": "false"
        },
        {
          "speaker": "speaker2",
          "personaID": "41868",
          "participantID": "3294",
          "utterance": "잘 적응하시나요? 전 조금 힘들어서 바로 그만뒀었거든요.",
          "summary": "나는 복직 후 힘들어서 바로 그만뒀다.",
          "date": "2022-10-31",
          "time": "15:59:32",
          "terminate": "false"
        },
        {
          "speaker": "speaker1",
          "personaID": "50409",
          "participantID": "3934",
          "utterance": "어후 많이 힘들었죠. 일과 육아의 병행은 힘드니까요. 그래도 함께 육아를 하면서 다 겪고 넘어가는 거다 생각했죠. 이제 좀 수월해 졌구요.  ",
          "summary": "",
          "date": "2022-10-31",
          "time": "16:27:37",
          "terminate": "false"
        },
        {
          "speaker": "speaker2",
          "personaID": "41868",
          "participantID": "3294",
          "utterance": "회사에선 차별대우 없었나요? 보통 육아휴직 다녀오면 승진 누락을 시킨다던지 그런 경우가 많아서요.",
          "summary": "",
          "date": "2022-10-31",
          "time": "16:29:49",
          "terminate": "false"
        },
        {
          "speaker": "speaker1",
          "personaID": "50409",
          "participantID": "3934",
          "utterance": "요즘은 거의 없는 것 같아요. 요즘은 노동청이든 신고하면 되니까요. 아내 회사는 그런 건 없었어요. 그걸 악용하는 직원들이 있긴하더라구요. 회사도 골아프죠. 육아휴직 돌아왔는데 바로 또 육아휴직 쓰고 복귀해서 1년 다니고 퇴직 . 이래도 암말 못하니까요.",
          "summary": "",
          "date": "2022-10-31",
          "time": "16:38:06",
          "terminate": "false"
        },
        {
          "speaker": "speaker2",
          "personaID": "41868",
          "participantID": "3294",
          "utterance": "맞아요. 악용하는 사람들이 문제죠. 같은 팀이 되보면 진짜 힘들겠더군요.  저도 휴직할 때 팀원한테 미안해서 작은 선물 줬었어요. 인원 충원을 한다고 해도 숙련도 이슈도 있고 거의 다 팀원이 할테니까요.",
          "summary": " 나는 휴직 때 미안한 마음에 작은 선물을 줬다.",
          "date": "2022-10-31",
          "time": "16:53:16",
          "terminate": "false"
        },
        {
          "speaker": "speaker1",
          "personaID": "50409",
          "participantID": "3934",
          "utterance": "좋은 분이시군요. 인원 충원 안해주는 곳도 많더라구요. 그렇게 서로 이간질 시키는게 회사의 대처인거 같아요.. 법이나 규정으론 다 못 하게 하니까요. ",
          "summary": "",
          "date": "2022-10-31",
          "time": "16:56:53",
          "terminate": "false"
        },
        {
          "speaker": "speaker2",
          "personaID": "41868",
          "participantID": "3294",
          "utterance": "네 맞아요. 근데 님은 휴직하고 밴드 만든다고 하셨는데 어떻게 되셨나요?",
          "summary": "",
          "date": "2022-10-31",
          "time": "16:58:10",
          "terminate": "false"
        },
        {
          "speaker": "speaker1",
          "personaID": "50409",
          "participantID": "3934",
          "utterance": "네 주변 휴직자나 노는 사람들 모아서 사부작 거리고 있어요. 근데 다들 바빠서 잘 못만나요. ",
          "summary": "",
          "date": "2022-10-31",
          "time": "17:01:12",
          "terminate": "false"
        },
        {
          "speaker": "speaker2",
          "personaID": "41868",
          "participantID": "3294",
          "utterance": "그렇군요 근데 무슨일 하셨어요? 전 그냥 사무직이였는데 휴직하고 나니까 기술직을 했어야 하나 싶더라고요. ",
          "summary": "나는 휴직 전 사무직이었다.",
          "date": "2022-10-31",
          "time": "17:02:08",
          "terminate": "false"
        },
        {
          "speaker": "speaker1",
          "personaID": "50409",
          "participantID": "3934",
          "utterance": "확실히 기술있는게 최고긴 하죠. 저는 패션 쪽 일을 했었어요. 그쪽이 유행에 민감해서 수명이 짧아요.",
          "summary": "나는 패션 쪽에서 일했었다.",
          "date": "2022-10-31",
          "time": "17:07:12",
          "terminate": "false"
        },
        {
          "speaker": "speaker2",
          "personaID": "41868",
          "participantID": "3294",
          "utterance": "아 그렇겠군요. 저는 확실히 대체가능한 일을 하다보니까 일년 쉬다오니까 밀린 것 같더라고요. ",
          "summary": "나는 대체 가능한 일을 해 육아휴직 후 밀린 것 같다.",
          "date": "2022-10-31",
          "time": "17:11:45",
          "terminate": "false"
        },
        {
          "speaker": "speaker1",
          "personaID": "50409",
          "participantID": "3934",
          "utterance": "전 회사에 지쳐서 힘들지만 지금이 나은것 같아요. 닥치니까 또 뭐라도 하게 되더라구요.",
          "summary": "",
          "date": "2022-10-31",
          "time": "17:19:05",
          "terminate": "false"
        },
        {
          "speaker": "speaker2",
          "personaID": "41868",
          "participantID": "3294",
          "utterance": "맞아요 상황이 그렇게 되면 하더라고요. 저 이제 가볼게요.",
          "summary": "",
          "date": "2022-10-31",
          "time": "17:26:21",
          "terminate": "true"
        }
      ],
      "sessionPersonaSummary": {
        "speaker1": [
          "나는 아내가 육아휴직을 다녀온 뒤 복직을 했다.",
          "나는 패션 쪽에서 일했었다."
        ],
        "speaker2": [
          "나는 복직 후 힘들어서 바로 그만뒀다.",
          "나는 휴직 때 미안한 마음에 작은 선물을 줬다.",
          "나는 휴직 전 사무직이었다.",
          "나는 대체 가능한 일을 해 육아휴직 후 밀린 것 같다."
        ]
      },
      "prevAggregatedpersonaSummary": {
        "speaker1": [
          "나는 50대 남성이다.",
          "나는 대구에서 거주한다.",
          "나는 밴드 동호회에 관심이 있다.",
          "나는 바나나를 좋아한다.",
          "나는 신 맛에 취약하다.",
          "나는 드럼과 하모니카를 연주할 수 있다.",
          "나는 지금 휴직 중이다.",
          "나는 밴드 동호회에 관심이 있다.",
          "나는 늦은 나이에 아이가 생겼다.",
          "나는 직업이 여러 개다."
        ],
        "speaker2": [
          "나는 40대 여성이다.",
          "나는 청주에 산다.",
          "나는 가족이 2명이다.",
          "나는 취미가 없다.",
          "나는 바나나를 싫어한다.",
          "나는 포도를 좋아한다.",
          "나는 신맛을 좋아한다.",
          "나는 피아노를 칠 수 있다.",
          "나는 육아휴직 뒤 사회생활은 하고 있지 않다,",
          "나는 일을 시작해야 하나 다시 취직할 수 있을지 모르겠다.",
          "육아와 일을 병행하는 건 쉽지 않다."
        ]
      }
    }
  ]
}