{
  "FileInfo": {
    "filename": "K3-00369-CL40150-CP61821-03-07-S3.json",
    "sessionLevel": "3"
  },
  "participantsInfo": {
    "numberOfParticipants": "2",
    "speaker1": {
      "participantID": "4341",
      "gender": "남성",
      "age": "50대",
      "occupation": "관리직",
      "bPlace": "부산/대구/울산/경상",
      "gPlace": "부산/대구/울산/경상",
      "rPlace": "서울/경기/인천",
      "educationLevel": "대학원졸"
    },
    "speaker2": {
      "participantID": "6483",
      "gender": "여성",
      "age": "50대",
      "occupation": "주부",
      "bPlace": "서울/경기/인천",
      "gPlace": "부산/대구/울산/경상",
      "rPlace": "서울/경기/인천",
      "educationLevel": "대졸"
    }
  },
  "multisessionInfo": {
    "multisessionID": "3-00369"
  },
  "personaInfo": {
    "clInfo": {
      "personaID": "40150",
      "personaFeatures": [
        "나는 남자이다.",
        "나는 40대이다.",
        "나는 대학원에 재학 중이다",
        "나는 일본어 공부에 관심 없다",
        "나는 공포 영화를 좋아한다"
      ],
      "speakerType": "speaker1"
    },
    "cpInfo": {
      "personaID": "61821",
      "personaFeatures": [
        "나는 여자이다.",
        "나는 60대 이상이다.",
        "나는 가끔 열등감을 느낀다",
        "나는 뉴질랜드에 가 보고 싶다",
        "나는 포도를 좋아한다"
      ],
      "speakerType": "speaker2"
    }
  },
  "topicInfo": {
    "topicID": "03-07",
    "topicType": "교통",
    "topicTitle": "KTX"
  },
  "sessionInfo": [
    {
      "prevSessionID": null,
      "prevTimeInfo": {
        "timeNum": null,
        "timeUnit": null
      },
      "nthSession": "1",
      "numberOfUtterances": "14",
      "numberOfTurns": "7",
      "sessionID": "3-00369-1",
      "dialog": [
        {
          "speaker": "speaker1",
          "personaID": "40150",
          "participantID": "4341",
          "utterance": "안녕하세요 저는 40대 남성입니다",
          "summary": "나는 40대 남성이다.",
          "date": "2022-11-15",
          "time": "18:07:14",
          "terminate": "false"
        },
        {
          "speaker": "speaker2",
          "personaID": "61821",
          "participantID": "6483",
          "utterance": "안녕하세요 저는 60대 여성입니다 ",
          "summary": "나는 60대 여성이다",
          "date": "2022-11-15",
          "time": "18:32:07",
          "terminate": "false"
        },
        {
          "speaker": "speaker1",
          "personaID": "40150",
          "participantID": "4341",
          "utterance": "안녕하세요 저는 대학원에 재학 중이고 공포 영화를 좋아해요",
          "summary": "나는 공포영화를 좋아한다. 나는 대학원에 재학 중이다.",
          "date": "2022-11-15",
          "time": "18:51:32",
          "terminate": "false"
        },
        {
          "speaker": "speaker2",
          "personaID": "61821",
          "participantID": "6483",
          "utterance": "저는 뉴질랜드 에 꼭한번 가보고 싶어서  돈을 모우고 있어요 ",
          "summary": "나는 뉴질랜드에 꼭 한번 가보고 싶어서 돈을 모으고 있다",
          "date": "2022-11-15",
          "time": "18:55:00",
          "terminate": "false"
        },
        {
          "speaker": "speaker1",
          "personaID": "40150",
          "participantID": "4341",
          "utterance": "저는 일본에는 가 보고 싶은데 일본어 공부에는 관심이 없어요",
          "summary": "나는 일본어에는 관심이 없다",
          "date": "2022-11-15",
          "time": "19:03:57",
          "terminate": "false"
        },
        {
          "speaker": "speaker2",
          "personaID": "61821",
          "participantID": "6483",
          "utterance": "저도 일본어엔 전혀 관심없어요 여행만 좋으네요 ",
          "summary": "나도 일본어엔 전혀 관심이 없고 여행만 좋다",
          "date": "2022-11-15",
          "time": "19:31:29",
          "terminate": "false"
        },
        {
          "speaker": "speaker1",
          "personaID": "40150",
          "participantID": "4341",
          "utterance": "저도 뉴질랜드에 꼭 가보고 싶은데 시간이 언제 가능할지 모르겠어요",
          "summary": "",
          "date": "2022-11-15",
          "time": "19:35:15",
          "terminate": "false"
        },
        {
          "speaker": "speaker2",
          "personaID": "61821",
          "participantID": "6483",
          "utterance": "꿈꾸고 있어야 기회가 왔을때  갈수 있겠죠   ",
          "summary": "나는 꿈꾸고 있어야 기회가 왔을 때 갈 수 있다고 본다",
          "date": "2022-11-15",
          "time": "21:51:40",
          "terminate": "false"
        },
        {
          "speaker": "speaker1",
          "personaID": "40150",
          "participantID": "4341",
          "utterance": "뉴질랜드는 어떻게 알게 되었어요? 저는 지인의 소개로 알게 되었어요",
          "summary": "나는 뉴질랜드를 지인 소개로 알게 되었다",
          "date": "2022-11-15",
          "time": "22:07:25",
          "terminate": "false"
        },
        {
          "speaker": "speaker2",
          "personaID": "61821",
          "participantID": "6483",
          "utterance": "친구가 뉴질랜드 가서 사진을 많이 보냈어요  그래서 저도 꼭한번 가고 싶다고 생각합니다 ",
          "summary": "나는 친구가 뉴질랜드 가서 사진을 보냈는데 꼭 한 번 가고 싶다고 생각했다",
          "date": "2022-11-15",
          "time": "22:12:57",
          "terminate": "false"
        },
        {
          "speaker": "speaker1",
          "personaID": "40150",
          "participantID": "4341",
          "utterance": "뉴질랜드 경치가 그렇게 좋다고 하던데 사진 보고 반할 정도면 직접 가보면 넘어가겠어요",
          "summary": "",
          "date": "2022-11-15",
          "time": "22:14:25",
          "terminate": "false"
        },
        {
          "speaker": "speaker2",
          "personaID": "61821",
          "participantID": "6483",
          "utterance": "그래서 직접 가보고 싶습니다 혹시 여행 좋아하세요",
          "summary": "나는 그래서 직접 가보고 싶다",
          "date": "2022-11-15",
          "time": "22:20:57",
          "terminate": "false"
        },
        {
          "speaker": "speaker1",
          "personaID": "40150",
          "participantID": "4341",
          "utterance": "내 저도 여행을 좋아합니다 시간과 금전적 여유만 있으면 계속 여행을 가면 좋겠어요",
          "summary": "나도 여행을\n좋아한다",
          "date": "2022-11-15",
          "time": "22:22:12",
          "terminate": "false"
        },
        {
          "speaker": "speaker2",
          "personaID": "61821",
          "participantID": "6483",
          "utterance": "여행으로 재충전 얻고 그러는거 같아요  이만 1정리합니다",
          "summary": "나는 여행으로 재충전 얻는 것 같다",
          "date": "2022-11-15",
          "time": "22:27:25",
          "terminate": "true"
        }
      ],
      "sessionPersonaSummary": {
        "speaker1": [
          "나는 40대 남성이다.",
          "나는 공포영화를 좋아한다. 나는 대학원에 재학 중이다.",
          "나는 일본어에는 관심이 없다",
          "나는 뉴질랜드를 지인 소개로 알게 되었다",
          "나도 여행을\n좋아한다"
        ],
        "speaker2": [
          "나는 60대 여성이다",
          "나는 뉴질랜드에 꼭 한번 가보고 싶어서 돈을 모으고 있다",
          "나도 일본어엔 전혀 관심이 없고 여행만 좋다",
          "나는 꿈꾸고 있어야 기회가 왔을 때 갈 수 있다고 본다",
          "나는 친구가 뉴질랜드 가서 사진을 보냈는데 꼭 한 번 가고 싶다고 생각했다",
          "나는 그래서 직접 가보고 싶다",
          "나는 여행으로 재충전 얻는 것 같다"
        ]
      },
      "prevAggregatedpersonaSummary": {
        "speaker1": [],
        "speaker2": []
      }
    },
    {
      "prevSessionID": "3-00369-1",
      "prevTimeInfo": {
        "timeNum": "5",
        "timeUnit": "일"
      },
      "nthSession": "2",
      "numberOfUtterances": "14",
      "numberOfTurns": "7",
      "sessionID": "3-00369-2",
      "dialog": [
        {
          "speaker": "speaker1",
          "personaID": "40150",
          "participantID": "4341",
          "utterance": "벌써 5일이 지났네요 날씨가 추워지는데 잘 지내셨어요?",
          "summary": "5일이 지났다",
          "date": "2022-11-15",
          "time": "22:53:56",
          "terminate": "false"
        },
        {
          "speaker": "speaker2",
          "personaID": "61821",
          "participantID": "6483",
          "utterance": "벌써 시간이 5일 지났군요 잘 지내고 있습니다 ",
          "summary": "나는 잘 지내고 있다",
          "date": "2022-11-15",
          "time": "23:16:29",
          "terminate": "false"
        },
        {
          "speaker": "speaker1",
          "personaID": "40150",
          "participantID": "4341",
          "utterance": "국내 여행은 자주 다니시는가요. 저는 요새 논문 때문에 지방에 자주 내려갑니다. KTX를 자주 타세요?",
          "summary": "",
          "date": "2022-11-15",
          "time": "23:18:27",
          "terminate": "false"
        },
        {
          "speaker": "speaker2",
          "personaID": "61821",
          "participantID": "6483",
          "utterance": "KTX 회원 이거든요  자주타고 있어요",
          "summary": "나는 KTX 회원이라 자주 타고 다닌다",
          "date": "2022-11-15",
          "time": "23:19:56",
          "terminate": "false"
        },
        {
          "speaker": "speaker1",
          "personaID": "40150",
          "participantID": "4341",
          "utterance": "KTX 회원이시군요 KTX를 정말 많이 이용하시나 봐요 저도 출장 중에 만 가끔 타고 있어요",
          "summary": "난 출장 때 ktx를 탄다",
          "date": "2022-11-15",
          "time": "23:29:21",
          "terminate": "false"
        },
        {
          "speaker": "speaker2",
          "personaID": "61821",
          "participantID": "6483",
          "utterance": "대구 부산쪽에 한번씩 다녀서 회원으로 가입해서 다니고 있어요 ",
          "summary": "나는 대구 부산 쪽에 한 번씩 다녀서 회원으로 가입했다",
          "date": "2022-11-15",
          "time": "23:30:56",
          "terminate": "false"
        },
        {
          "speaker": "speaker1",
          "personaID": "40150",
          "participantID": "4341",
          "utterance": "KTX 회원이면 혜택이 있는 가요?",
          "summary": "",
          "date": "2022-11-15",
          "time": "23:35:52",
          "terminate": "false"
        },
        {
          "speaker": "speaker2",
          "personaID": "61821",
          "participantID": "6483",
          "utterance": "조금씩 적립이 쌓이는데 많치는 않아요  ",
          "summary": "나는 조금씩 정립이 쌓이는데 많지는 않다",
          "date": "2022-11-15",
          "time": "23:37:03",
          "terminate": "false"
        },
        {
          "speaker": "speaker1",
          "personaID": "40150",
          "participantID": "4341",
          "utterance": "저도 KTX 회원이 앱으로 발권을 하고 있어요 가끔 지연이 되면 할인권도 받고요",
          "summary": "나는 Ktx는 회원 할인을 받는다",
          "date": "2022-11-15",
          "time": "23:38:40",
          "terminate": "false"
        },
        {
          "speaker": "speaker2",
          "personaID": "61821",
          "participantID": "6483",
          "utterance": "지인 할인도 같이 되는것 같아요  kTX가 빠르고 좋아요",
          "summary": "나는 지인 할인도 같이 되는 것 같다 KTX가 빠르고 좋다",
          "date": "2022-11-15",
          "time": "23:41:03",
          "terminate": "false"
        },
        {
          "speaker": "speaker1",
          "personaID": "40150",
          "participantID": "4341",
          "utterance": "SRT는 타 보셨나요 KTX 와 비교가 되나요?",
          "summary": "",
          "date": "2022-11-15",
          "time": "23:44:52",
          "terminate": "false"
        },
        {
          "speaker": "speaker2",
          "personaID": "61821",
          "participantID": "6483",
          "utterance": "녜 타 봤어요 서로서로 비슷하게 빠른것 같아요 ",
          "summary": "나는 타 봤다 서로서로 비슷하게 빠른 것 같다",
          "date": "2022-11-15",
          "time": "23:46:48",
          "terminate": "false"
        },
        {
          "speaker": "speaker1",
          "personaID": "40150",
          "participantID": "4341",
          "utterance": "저도 SRT를 한 번 다 봤는데 KTX 보다는 좁은 것 같은 느낌이 들었어요",
          "summary": "나는 SRT가 좀 좁다고 느꼈다.",
          "date": "2022-11-15",
          "time": "23:48:33",
          "terminate": "false"
        },
        {
          "speaker": "speaker2",
          "personaID": "61821",
          "participantID": "6483",
          "utterance": "저는 빠르기가 비슷해서 좁은 건 몰랐어요. 저 잠시 할 일이 있어 가보겠습니다. ",
          "summary": "",
          "date": "2022-11-15",
          "time": "23:50:30",
          "terminate": "true"
        }
      ],
      "sessionPersonaSummary": {
        "speaker1": [
          "5일이 지났다",
          "난 출장 때 ktx를 탄다",
          "나는 Ktx는 회원 할인을 받는다",
          "나는 SRT가 좀 좁다고 느꼈다."
        ],
        "speaker2": [
          "나는 잘 지내고 있다",
          "나는 KTX 회원이라 자주 타고 다닌다",
          "나는 대구 부산 쪽에 한 번씩 다녀서 회원으로 가입했다",
          "나는 조금씩 정립이 쌓이는데 많지는 않다",
          "나는 지인 할인도 같이 되는 것 같다 KTX가 빠르고 좋다",
          "나는 타 봤다 서로서로 비슷하게 빠른 것 같다"
        ]
      },
      "prevAggregatedpersonaSummary": {
        "speaker1": [
          "나는 40대 남성이다.",
          "나는 공포영화를 좋아한다. 나는 대학원에 재학 중이다.",
          "나는 일본어에는 관심이 없다",
          "나는 뉴질랜드를 지인 소개로 알게 되었다",
          "나도 여행을\n좋아한다"
        ],
        "speaker2": [
          "나는 60대 여성이다",
          "나는 뉴질랜드에 꼭 한번 가보고 싶어서 돈을 모으고 있다",
          "나도 일본어엔 전혀 관심이 없고 여행만 좋다",
          "나는 꿈꾸고 있어야 기회가 왔을 때 갈 수 있다고 본다",
          "나는 친구가 뉴질랜드 가서 사진을 보냈는데 꼭 한 번 가고 싶다고 생각했다",
          "나는 그래서 직접 가보고 싶다",
          "나는 여행으로 재충전 얻는 것 같다"
        ]
      }
    },
    {
      "prevSessionID": "3-00369-2",
      "prevTimeInfo": {
        "timeNum": "20",
        "timeUnit": "시간"
      },
      "nthSession": "3",
      "numberOfUtterances": "14",
      "numberOfTurns": "7",
      "sessionID": "3-00369-3",
      "dialog": [
        {
          "speaker": "speaker1",
          "personaID": "40150",
          "participantID": "4341",
          "utterance": "20시간 만에 다시 또 보게 되네요 잘 지내셨죠?",
          "summary": "나는 20시간 만에 연락을 했다.",
          "date": "2022-11-15",
          "time": "23:58:53",
          "terminate": "false"
        },
        {
          "speaker": "speaker2",
          "personaID": "61821",
          "participantID": "6483",
          "utterance": "20시간이 금방 지나간것 같아요  ",
          "summary": "나는 20시간이 금방 지나간 것 같다",
          "date": "2022-11-16",
          "time": "07:09:17",
          "terminate": "false"
        },
        {
          "speaker": "speaker1",
          "personaID": "40150",
          "participantID": "4341",
          "utterance": "어제는 열차탈선이 있어서 KTX도 연착이 되더군요 저의 지인이 2시간 가량 지연되서 새벽 2시에 집에 갔대요",
          "summary": "",
          "date": "2022-11-16",
          "time": "07:27:10",
          "terminate": "false"
        },
        {
          "speaker": "speaker2",
          "personaID": "61821",
          "participantID": "6483",
          "utterance": "한번씩 사고로 지연 이 있군요   저는 교통이 편리해서 ktx 잘 탔거든요 ",
          "summary": "나는 교통이 편리해서 KTX를 잘 탄다",
          "date": "2022-11-16",
          "time": "07:36:26",
          "terminate": "false"
        },
        {
          "speaker": "speaker1",
          "personaID": "40150",
          "participantID": "4341",
          "utterance": "KTX가 빠르긴 한데 추월해서 가지는 못하네요 ^^",
          "summary": "나는 KTX가 빠르긴 하다고 느낀다.",
          "date": "2022-11-16",
          "time": "09:09:14",
          "terminate": "false"
        },
        {
          "speaker": "speaker2",
          "personaID": "61821",
          "participantID": "6483",
          "utterance": "한번 사고가 나면 대체가 없어서  계속 기다려야 하는게 안 좋으네요",
          "summary": "나는 한번 사고가 나면 대체가 없어서 계속 기다려야 하니 안 좋은 것 같다",
          "date": "2022-11-16",
          "time": "09:11:11",
          "terminate": "false"
        },
        {
          "speaker": "speaker1",
          "personaID": "40150",
          "participantID": "4341",
          "utterance": "저는 몇번 지연된 경험이 있는데 코레일에서 보상을 해주더라고요",
          "summary": "나는 지연 시 코레일에서 보상을 받았다.",
          "date": "2022-11-16",
          "time": "09:14:06",
          "terminate": "false"
        },
        {
          "speaker": "speaker2",
          "personaID": "61821",
          "participantID": "6483",
          "utterance": "저는 보상을 아직까지는 못 받았어요   사고만 없다면 교통체증없으니 좋은거 같아요 ",
          "summary": "나는 보상을 아직까지 못 받았다 사고만 없으면 교통체증이 없으니 좋은 것 같다",
          "date": "2022-11-16",
          "time": "09:15:26",
          "terminate": "false"
        },
        {
          "speaker": "speaker1",
          "personaID": "40150",
          "participantID": "4341",
          "utterance": "보상은 지연되는 시간에 따라 차등하여 차비를 반환해줘요",
          "summary": "",
          "date": "2022-11-16",
          "time": "09:16:56",
          "terminate": "false"
        },
        {
          "speaker": "speaker2",
          "personaID": "61821",
          "participantID": "6483",
          "utterance": "글쿤요 그건 좋은 제도 이네요  ",
          "summary": "나는 그건 좋은 제도인 것 같다",
          "date": "2022-11-16",
          "time": "09:18:02",
          "terminate": "false"
        },
        {
          "speaker": "speaker1",
          "personaID": "40150",
          "participantID": "4341",
          "utterance": "그런데 KTX는 잘 지연이 되지 않고 KTX를 먼저 보내기 위해서 무궁화호가 지연이 많이 되더러고요 ",
          "summary": "",
          "date": "2022-11-16",
          "time": "09:23:03",
          "terminate": "false"
        },
        {
          "speaker": "speaker2",
          "personaID": "61821",
          "participantID": "6483",
          "utterance": "글쿤요  ktx에 대해 잘 아시네요 ",
          "summary": "",
          "date": "2022-11-16",
          "time": "09:24:19",
          "terminate": "false"
        },
        {
          "speaker": "speaker1",
          "personaID": "40150",
          "participantID": "4341",
          "utterance": "출장으로 가끔 타다보니 정보를 알게 되네요^^",
          "summary": "나는 출장 때문에 ktx에 대한 정보를 알게 되었다.",
          "date": "2022-11-16",
          "time": "09:39:08",
          "terminate": "false"
        },
        {
          "speaker": "speaker2",
          "personaID": "61821",
          "participantID": "6483",
          "utterance": "녜 좋은정보 감사합니다 또 뵙겠습니다   ",
          "summary": "나는 좋은 정보에 감사하다",
          "date": "2022-11-16",
          "time": "10:17:06",
          "terminate": "true"
        }
      ],
      "sessionPersonaSummary": {
        "speaker1": [
          "나는 20시간 만에 연락을 했다.",
          "나는 KTX가 빠르긴 하다고 느낀다.",
          "나는 지연 시 코레일에서 보상을 받았다.",
          "나는 출장 때문에 ktx에 대한 정보를 알게 되었다."
        ],
        "speaker2": [
          "나는 20시간이 금방 지나간 것 같다",
          "나는 교통이 편리해서 KTX를 잘 탄다",
          "나는 한번 사고가 나면 대체가 없어서 계속 기다려야 하니 안 좋은 것 같다",
          "나는 보상을 아직까지 못 받았다 사고만 없으면 교통체증이 없으니 좋은 것 같다",
          "나는 그건 좋은 제도인 것 같다",
          "나는 좋은 정보에 감사하다"
        ]
      },
      "prevAggregatedpersonaSummary": {
        "speaker1": [
          "나는 40대 남성이다.",
          "나는 공포영화를 좋아한다. 나는 대학원에 재학 중이다.",
          "나는 일본어에는 관심이 없다",
          "나는 뉴질랜드를 지인 소개로 알게 되었다",
          "나도 여행을\n좋아한다",
          "5일이 지났다",
          "난 출장 때 ktx를 탄다",
          "나는 Ktx는 회원 할인을 받는다",
          "나는 SRT가 좀 좁다고 느꼈다."
        ],
        "speaker2": [
          "나는 60대 여성이다",
          "나는 뉴질랜드에 꼭 한번 가보고 싶어서 돈을 모으고 있다",
          "나도 일본어엔 전혀 관심이 없고 여행만 좋다",
          "나는 꿈꾸고 있어야 기회가 왔을 때 갈 수 있다고 본다",
          "나는 친구가 뉴질랜드 가서 사진을 보냈는데 꼭 한 번 가고 싶다고 생각했다",
          "나는 그래서 직접 가보고 싶다",
          "나는 여행으로 재충전 얻는 것 같다",
          "나는 잘 지내고 있다",
          "나는 KTX 회원이라 자주 타고 다닌다",
          "나는 대구 부산 쪽에 한 번씩 다녀서 회원으로 가입했다",
          "나는 조금씩 정립이 쌓이는데 많지는 않다",
          "나는 지인 할인도 같이 되는 것 같다 KTX가 빠르고 좋다",
          "나는 타 봤다 서로서로 비슷하게 빠른 것 같다"
        ]
      }
    }
  ]
}