{
  "FileInfo": {
    "filename": "K3-00451-CL25977-CP12665-11-04-S3.json",
    "sessionLevel": "3"
  },
  "participantsInfo": {
    "numberOfParticipants": "2",
    "speaker1": {
      "participantID": "4575",
      "gender": "여성",
      "age": "20대",
      "occupation": "학생",
      "bPlace": "부산/대구/울산/경상",
      "gPlace": "부산/대구/울산/경상",
      "rPlace": "부산/대구/울산/경상",
      "educationLevel": "대졸"
    },
    "speaker2": {
      "participantID": "4405",
      "gender": "여성",
      "age": "20대",
      "occupation": "학생",
      "bPlace": "부산/대구/울산/경상",
      "gPlace": "광주/전라/제주",
      "rPlace": "광주/전라/제주",
      "educationLevel": "고졸"
    }
  },
  "multisessionInfo": {
    "multisessionID": "3-00451"
  },
  "personaInfo": {
    "clInfo": {
      "personaID": "25977",
      "personaFeatures": [
        "나는 여자이다.",
        "나는 20대이다.",
        "나는 가족과 만나면 싸우게 된다",
        "나는 조선해양공학과 전공이다",
        "나는 음악 영화를 싫어한다",
        "나는 바닐라라테를 좋아한다",
        "나는 요즘, 3년 전 일 때문에  부모님께 죄책감이 든다"
      ],
      "speakerType": "speaker1"
    },
    "cpInfo": {
      "personaID": "12665",
      "personaFeatures": [
        "나는 여자이다.",
        "나는 10대이다.",
        "나의 어머니는 초등학교 선생님이다",
        "내가 좋아하는 과목은 윤리이다",
        "나는 동남아 음식을 좋아한다",
        "나는 다소 부지런하다"
      ],
      "speakerType": "speaker2"
    }
  },
  "topicInfo": {
    "topicID": "11-04",
    "topicType": "여가와 오락>게임",
    "topicTitle": "콘솔게임"
  },
  "sessionInfo": [
    {
      "prevSessionID": null,
      "prevTimeInfo": {
        "timeNum": null,
        "timeUnit": null
      },
      "nthSession": "1",
      "numberOfUtterances": "14",
      "numberOfTurns": "7",
      "sessionID": "3-00451-1",
      "dialog": [
        {
          "speaker": "speaker1",
          "personaID": "25977",
          "participantID": "4575",
          "utterance": "안녕하세요 저는 20대 여성입니다",
          "summary": "나는 20대 여성이다",
          "date": "2022-11-16",
          "time": "08:45:30",
          "terminate": "false"
        },
        {
          "speaker": "speaker2",
          "personaID": "12665",
          "participantID": "4405",
          "utterance": "안녕하세요 저는 10대 여성이에요.",
          "summary": "나는 10대 여성이다",
          "date": "2022-11-17",
          "time": "19:41:57",
          "terminate": "false"
        },
        {
          "speaker": "speaker1",
          "personaID": "25977",
          "participantID": "4575",
          "utterance": "저는 조선해양공학과 전공입니다. 고등학생이세요?",
          "summary": "나는 조선해양공학과 전공이다",
          "date": "2022-11-17",
          "time": "19:45:08",
          "terminate": "false"
        },
        {
          "speaker": "speaker2",
          "personaID": "12665",
          "participantID": "4405",
          "utterance": "네 오늘 수능 보고 온 고등학교 3학년이에요 ㅎㅎ 평소에 윤리를 좋아해서 더 많이 공부했는데, 잘 본 것 같아요.",
          "summary": "나는 오늘 수능을 봤다. 나는 윤리 시험을 잘 본 것 같다",
          "date": "2022-11-17",
          "time": "19:47:06",
          "terminate": "false"
        },
        {
          "speaker": "speaker1",
          "personaID": "25977",
          "participantID": "4575",
          "utterance": "정말 수고 많으셨네요. 좋은 결과가 있을 겁니다. 수능도 끝났는데 하고 싶은거 없으세요?",
          "summary": "",
          "date": "2022-11-17",
          "time": "19:48:57",
          "terminate": "false"
        },
        {
          "speaker": "speaker2",
          "personaID": "12665",
          "participantID": "4405",
          "utterance": "하고 싶은 건 많지만 다른 과목이 걱정되네요. 제 어머니가 초등학교 선생님이라 저도 따라서 교육대학에 원서 넣고 싶은데... 성적표가 뜨기만을 기다리면서 야식으로 동남아 음식 먹으려구요. 좋아하거든요!",
          "summary": "나는 초등학교 선생님인 어머니를 따라 교육대학에 진학하고 싶다. 나는 야식으로 좋아하는 동남아 음식을 먹을 것이다",
          "date": "2022-11-17",
          "time": "19:52:04",
          "terminate": "false"
        },
        {
          "speaker": "speaker1",
          "personaID": "25977",
          "participantID": "4575",
          "utterance": "너무 걱정하지마세요. 다 잘 될거예요!! 저는 바닐라라떼를 좋아해서 지금 마시고 있어요. 영화 좋아하세요?",
          "summary": "나는 바닐라라테를 좋아한다",
          "date": "2022-11-17",
          "time": "19:54:11",
          "terminate": "false"
        },
        {
          "speaker": "speaker2",
          "personaID": "12665",
          "participantID": "4405",
          "utterance": "영화 완전 좋아하죠! 제가 부지런한 편이라서 항상 조조시간에 영화 보러 가요.",
          "summary": "나는 부지런한 편이다",
          "date": "2022-11-17",
          "time": "19:56:28",
          "terminate": "false"
        },
        {
          "speaker": "speaker1",
          "personaID": "25977",
          "participantID": "4575",
          "utterance": "저는 판타지 영화는 좋아하는데 음악 영화는 싫어해요. 님은 부모님과 사이 좋나요?",
          "summary": "나는 판타지 영화를 좋아하고 음악영화는 싫어한다",
          "date": "2022-11-17",
          "time": "19:58:01",
          "terminate": "false"
        },
        {
          "speaker": "speaker2",
          "personaID": "12665",
          "participantID": "4405",
          "utterance": "좋은 편인 것 같아요. @이름@님은요?",
          "summary": "",
          "date": "2022-11-17",
          "time": "19:59:20",
          "terminate": "false"
        },
        {
          "speaker": "speaker1",
          "personaID": "25977",
          "participantID": "4575",
          "utterance": "저는 요즘 가족과 만나면 싸우게 돼요.. 3년 전 일 때문에 부모님께 죄책감이 들어서 그런 것 같아요",
          "summary": "나는 요즘 가족과 만나면 싸우게 된다. 나는 요즘, 3년 전 일 때문에 부모님께 죄책감이 든다.",
          "date": "2022-11-17",
          "time": "20:02:04",
          "terminate": "false"
        },
        {
          "speaker": "speaker2",
          "personaID": "12665",
          "participantID": "4405",
          "utterance": "3년 전에 어떤 일이 있으셨던 건가요?",
          "summary": "",
          "date": "2022-11-18",
          "time": "23:57:02",
          "terminate": "false"
        },
        {
          "speaker": "speaker1",
          "personaID": "25977",
          "participantID": "4575",
          "utterance": "개인적인 일이라 자세히는 말할 수 없지만 제가 불효를 저질렀어요ㅠ ",
          "summary": "나는 부모님께 불효를 저질렀다",
          "date": "2022-11-19",
          "time": "00:15:25",
          "terminate": "false"
        },
        {
          "speaker": "speaker2",
          "personaID": "12665",
          "participantID": "4405",
          "utterance": "그러셨구나. 저는 이만 자러 가 봐야 할 것 같아요. 다음에 또 이야기 해요!",
          "summary": "나는 자러 가야 한다",
          "date": "2022-11-20",
          "time": "00:57:36",
          "terminate": "true"
        }
      ],
      "sessionPersonaSummary": {
        "speaker1": [
          "나는 20대 여성이다",
          "나는 조선해양공학과 전공이다",
          "나는 바닐라라테를 좋아한다",
          "나는 판타지 영화를 좋아하고 음악영화는 싫어한다",
          "나는 요즘 가족과 만나면 싸우게 된다. 나는 요즘, 3년 전 일 때문에 부모님께 죄책감이 든다.",
          "나는 부모님께 불효를 저질렀다"
        ],
        "speaker2": [
          "나는 10대 여성이다",
          "나는 오늘 수능을 봤다. 나는 윤리 시험을 잘 본 것 같다",
          "나는 초등학교 선생님인 어머니를 따라 교육대학에 진학하고 싶다. 나는 야식으로 좋아하는 동남아 음식을 먹을 것이다",
          "나는 부지런한 편이다",
          "나는 자러 가야 한다"
        ]
      },
      "prevAggregatedpersonaSummary": {
        "speaker1": [],
        "speaker2": []
      }
    },
    {
      "prevSessionID": "3-00451-1",
      "prevTimeInfo": {
        "timeNum": "21",
        "timeUnit": "시간"
      },
      "nthSession": "2",
      "numberOfUtterances": "14",
      "numberOfTurns": "7",
      "sessionID": "3-00451-2",
      "dialog": [
        {
          "speaker": "speaker1",
          "personaID": "25977",
          "participantID": "4575",
          "utterance": "21시간이 지났네요. 잘 주무셨어요?",
          "summary": "",
          "date": "2022-11-21",
          "time": "23:06:04",
          "terminate": "false"
        },
        {
          "speaker": "speaker2",
          "personaID": "12665",
          "participantID": "4405",
          "utterance": "네! 일찍 일어나서 @브랜드명@ 가지고 놀았어요.",
          "summary": "나는 일찍 일어나서 @브랜드명@을 가지고 놀았다",
          "date": "2022-11-24",
          "time": "00:05:24",
          "terminate": "false"
        },
        {
          "speaker": "speaker1",
          "personaID": "25977",
          "participantID": "4575",
          "utterance": "저도 @브랜드명@으로 게임 즐겨하는데 무슨 게임 좋아하세요?",
          "summary": "나는 @브랜드명@으로 게임을 즐겨한다",
          "date": "2022-11-24",
          "time": "01:04:12",
          "terminate": "false"
        },
        {
          "speaker": "speaker2",
          "personaID": "12665",
          "participantID": "4405",
          "utterance": "저는 아주 옛날 기기인 2를 가지고 있어서 다양한 게임은 못 하지만… 브라보 뮤직 즐겨 해요!",
          "summary": "나는 @브랜드명@으로 브라보 뮤직을 즐겨한다",
          "date": "2022-11-25",
          "time": "14:08:24",
          "terminate": "false"
        },
        {
          "speaker": "speaker1",
          "personaID": "25977",
          "participantID": "4575",
          "utterance": "브라보 게임 재밌죠~ 저는 월드컵기간이니 피파를 즐겨합니다 ",
          "summary": "나는 피파를 즐겨한다",
          "date": "2022-11-25",
          "time": "16:04:42",
          "terminate": "false"
        },
        {
          "speaker": "speaker2",
          "personaID": "12665",
          "participantID": "4405",
          "utterance": "피파라면 그 축구 게임 맞나요?! 피파 하는 친구들이 거기서 무슨 선수들 사고 그러던데, 저는 안 해봐서 잘 모르겠네요.",
          "summary": "나는 피파는 아직 해보지 않았다",
          "date": "2022-11-27",
          "time": "02:44:15",
          "terminate": "false"
        },
        {
          "speaker": "speaker1",
          "personaID": "25977",
          "participantID": "4575",
          "utterance": "맞아요. 현실에서 유명한 선수들은 게임 속에서도 엄청 비싼 몸값으로 캐릭터를 사야해요ㅋㅋ",
          "summary": "",
          "date": "2022-11-27",
          "time": "20:49:45",
          "terminate": "false"
        },
        {
          "speaker": "speaker2",
          "personaID": "12665",
          "participantID": "4405",
          "utterance": "오 그렇구나. 피파는 컴퓨터로만 하는 게임인가요?",
          "summary": "나는 피파가 컴퓨터로 하는 게임인지 궁금하다",
          "date": "2022-11-28",
          "time": "04:06:03",
          "terminate": "false"
        },
        {
          "speaker": "speaker1",
          "personaID": "25977",
          "participantID": "4575",
          "utterance": "저는@브랜드명@으로만 해봤습니다. 아마 컴퓨터로도 가능한 걸로 알고 있어요",
          "summary": "",
          "date": "2022-11-28",
          "time": "08:53:23",
          "terminate": "false"
        },
        {
          "speaker": "speaker2",
          "personaID": "12665",
          "participantID": "4405",
          "utterance": "아하. 저는 브라보 뮤직 말고도 기어 클럽이었나? 레이싱 게임이 있는데 이것도 즐겨 해요. 집에 @브랜드명@ 핸들도 있거든요. 아주 옛날 거지만 진동도 느껴지고 진짜 차를 타고 있는 것 같은 느낌이 들어요.",
          "summary": "나는 @브랜드명@ 핸들이 있어서 레이싱 게임을 즐겨한다",
          "date": "2022-11-29",
          "time": "01:34:05",
          "terminate": "false"
        },
        {
          "speaker": "speaker1",
          "personaID": "25977",
          "participantID": "4575",
          "utterance": "저도@브랜드명@ 핸들을 갖고 싶어요!! 레이싱 게임하면 스트레스 풀리고 너무 재밌을 것 같아요.",
          "summary": "나는 @브랜드명@ 핸들을 갖고 싶다",
          "date": "2022-11-29",
          "time": "10:46:32",
          "terminate": "false"
        },
        {
          "speaker": "speaker2",
          "personaID": "12665",
          "participantID": "4405",
          "utterance": "맞아요. 그리고 레이싱 게임에서 가다가 벽에 박으면 핸들에서 충격이 전해져서 정말 진짜 레이싱을 하고 있는 것 같아요! 핸들이 비싸긴 하지만 그만큼 값어치를 하니 나중에라도 구매해서 플레이해 보세요 ㅎㅎ",
          "summary": "나는 레이싱 게임을 하다가 벽에 충돌하면 @브랜드명@ 핸들에도 실제로 충격이 전해져서 진짜 레이싱을 하고 있는 것 같은 느낌이 든다",
          "date": "2022-11-30",
          "time": "02:28:18",
          "terminate": "false"
        },
        {
          "speaker": "speaker1",
          "personaID": "25977",
          "participantID": "4575",
          "utterance": "우와 충격도 전해진다니 정말 생동감 넘치겠는걸요?! 네 다음에 꼭 구매해봐야겠어요!!",
          "summary": "",
          "date": "2022-11-30",
          "time": "11:14:35",
          "terminate": "false"
        },
        {
          "speaker": "speaker2",
          "personaID": "12665",
          "participantID": "4405",
          "utterance": "네 분명 좋아하실 거예요 ㅎㅎ 저는 이제 자러 가 볼게요. 다음에 또 이야기해요!",
          "summary": "나는 이제 자러 가야 한다",
          "date": "2022-12-01",
          "time": "02:38:46",
          "terminate": "true"
        }
      ],
      "sessionPersonaSummary": {
        "speaker1": [
          "나는 @브랜드명@으로 게임을 즐겨한다",
          "나는 피파를 즐겨한다",
          "나는 @브랜드명@ 핸들을 갖고 싶다"
        ],
        "speaker2": [
          "나는 일찍 일어나서 @브랜드명@을 가지고 놀았다",
          "나는 @브랜드명@으로 브라보 뮤직을 즐겨한다",
          "나는 피파는 아직 해보지 않았다",
          "나는 피파가 컴퓨터로 하는 게임인지 궁금하다",
          "나는 @브랜드명@ 핸들이 있어서 레이싱 게임을 즐겨한다",
          "나는 레이싱 게임을 하다가 벽에 충돌하면 @브랜드명@ 핸들에도 실제로 충격이 전해져서 진짜 레이싱을 하고 있는 것 같은 느낌이 든다",
          "나는 이제 자러 가야 한다"
        ]
      },
      "prevAggregatedpersonaSummary": {
        "speaker1": [
          "나는 20대 여성이다",
          "나는 조선해양공학과 전공이다",
          "나는 바닐라라테를 좋아한다",
          "나는 판타지 영화를 좋아하고 음악영화는 싫어한다",
          "나는 요즘 가족과 만나면 싸우게 된다. 나는 요즘, 3년 전 일 때문에 부모님께 죄책감이 든다.",
          "나는 부모님께 불효를 저질렀다"
        ],
        "speaker2": [
          "나는 10대 여성이다",
          "나는 오늘 수능을 봤다. 나는 윤리 시험을 잘 본 것 같다",
          "나는 초등학교 선생님인 어머니를 따라 교육대학에 진학하고 싶다. 나는 야식으로 좋아하는 동남아 음식을 먹을 것이다",
          "나는 부지런한 편이다",
          "나는 자러 가야 한다"
        ]
      }
    },
    {
      "prevSessionID": "3-00451-2",
      "prevTimeInfo": {
        "timeNum": "6",
        "timeUnit": "주"
      },
      "nthSession": "3",
      "numberOfUtterances": "14",
      "numberOfTurns": "7",
      "sessionID": "3-00451-3",
      "dialog": [
        {
          "speaker": "speaker1",
          "personaID": "25977",
          "participantID": "4575",
          "utterance": "6주만에 뵙습니다. 그동안 잘 지내셨나요?  ",
          "summary": "",
          "date": "2022-12-02",
          "time": "00:28:42",
          "terminate": "false"
        },
        {
          "speaker": "speaker2",
          "personaID": "12665",
          "participantID": "4405",
          "utterance": "네 잘 지내셨죠? 저는 얼마 전에 @브랜드명@이 출시된다는 걸 보고 구매하려고 기다리고 있어요.",
          "summary": "나는 @브랜드명@이 출시된다는 소식을 듣고 구매하려고 기다리는 중이다",
          "date": "2022-12-02",
          "time": "09:45:25",
          "terminate": "false"
        },
        {
          "speaker": "speaker1",
          "personaID": "25977",
          "participantID": "4575",
          "utterance": "저도 구매하고 싶지만 저는 추천해주신 @브랜드명@ 핸들을 구매해서 돈이 없네요ㅜ 핸들 너무 좋은데요?!",
          "summary": "나는 @브랜드명@핸들을 구매해서 돈이 없다",
          "date": "2022-12-02",
          "time": "10:58:07",
          "terminate": "false"
        },
        {
          "speaker": "speaker2",
          "personaID": "12665",
          "participantID": "4405",
          "utterance": "오 그러시구나! 핸들 이용해서 레이싱 게임 해보셨나요?!",
          "summary": "",
          "date": "2022-12-03",
          "time": "12:59:58",
          "terminate": "false"
        },
        {
          "speaker": "speaker1",
          "personaID": "25977",
          "participantID": "4575",
          "utterance": "네 해봤는데 진짜 충격이 전해지더라구요. 실제로 달리는 기분이라 너무 좋았어요",
          "summary": "나는 핸들을 사용하니 실제로 달리는 기분이라 좋았다",
          "date": "2022-12-03",
          "time": "13:51:53",
          "terminate": "false"
        },
        {
          "speaker": "speaker2",
          "personaID": "12665",
          "participantID": "4405",
          "utterance": "그렇죠 ㅎㅎ 저는 새로운 게임을 사 볼까 하는데, 혹시 추천 해주실 만한 게임 있으세요? 제가 갖고 있는 게임은 전부 옛날에 구매한 것들 뿐이라 슬슬 질리네요.",
          "summary": "나는 옛날 게임만 가지고 있어 새로운 게임을 사보고 싶어 추천받길 원한다.",
          "date": "2022-12-03",
          "time": "19:43:18",
          "terminate": "false"
        },
        {
          "speaker": "speaker1",
          "personaID": "25977",
          "participantID": "4575",
          "utterance": "추리게임 좋아하시면 셜록홈즈 강력 추천해요!! 셜록홈즈가 되어 스스로 추리하면서 사건을 풀어 나가는건데 정말 재밌어요",
          "summary": "나는 셜록홈스라는 게임을 재밌다고 느낀다",
          "date": "2022-12-03",
          "time": "20:55:40",
          "terminate": "false"
        },
        {
          "speaker": "speaker2",
          "personaID": "12665",
          "participantID": "4405",
          "utterance": "우와 @브랜드명@으로 그런 게임도 할 수 있나요?",
          "summary": "",
          "date": "2022-12-03",
          "time": "21:52:30",
          "terminate": "false"
        },
        {
          "speaker": "speaker1",
          "personaID": "25977",
          "participantID": "4575",
          "utterance": "네 안해봤으면 꼭 해보세요!! 저스트댄스도 재밌어요. 춤추는건데 다이어트 되더라구요ㅋㅋ",
          "summary": "",
          "date": "2022-12-03",
          "time": "22:12:33",
          "terminate": "false"
        },
        {
          "speaker": "speaker2",
          "personaID": "12665",
          "participantID": "4405",
          "utterance": "아 저스트댄스는 저도 알아요! 유튜버가 라스푸틴 추는 영상 보고 너무 웃겨서 시작하게 됐는데, 재밌더라고요.",
          "summary": "나는 유튜버가 라스푸틴 추는 영상을 보고 웃겨서 저스트 댄스 게임을 시작했다",
          "date": "2022-12-03",
          "time": "22:29:23",
          "terminate": "false"
        },
        {
          "speaker": "speaker1",
          "personaID": "25977",
          "participantID": "4575",
          "utterance": "가족들이랑도 같이 할 수 있어서 좋은 것 같아요. @브랜드명@은 언제 출시 예정인가요?",
          "summary": "",
          "date": "2022-12-03",
          "time": "22:47:25",
          "terminate": "false"
        },
        {
          "speaker": "speaker2",
          "personaID": "12665",
          "participantID": "4405",
          "utterance": "2027년 이전까지는 발매하지 않는다는 기밀 문서가 유출됐었는데, 그래서 사람들이 27년 이후로 예상하고 있더라고요! 제가 아직 10대니까 6이 나올 때 쯤이면 성인이 되어 돈을 직접 벌어서 살 수 있을 것 같아서 기다리고 있어요 ㅎㅎ",
          "summary": "나는 2027년까지는 발매하지 않을 것이라는 기밀문서가 유출됐다는 소식을 들었다",
          "date": "2022-12-03",
          "time": "23:36:31",
          "terminate": "false"
        },
        {
          "speaker": "speaker1",
          "personaID": "25977",
          "participantID": "4575",
          "utterance": "어머 기밀문서가 유출되었었군요. 그럼 저도 그때까지 돈을 열심히 모아서 구매해야겠어요",
          "summary": "나는 돈을 열심히 모아서@브랜드명@구매해야겠다",
          "date": "2022-12-04",
          "time": "00:19:36",
          "terminate": "false"
        },
        {
          "speaker": "speaker2",
          "personaID": "12665",
          "participantID": "4405",
          "utterance": "좋아요 ㅎㅎ 저는 이만 자러 가 볼게요. 다음에 또 이야기해요!",
          "summary": "나는 자러 가야 한다",
          "date": "2022-12-04",
          "time": "00:44:51",
          "terminate": "true"
        }
      ],
      "sessionPersonaSummary": {
        "speaker1": [
          "나는 @브랜드명@핸들을 구매해서 돈이 없다",
          "나는 핸들을 사용하니 실제로 달리는 기분이라 좋았다",
          "나는 셜록홈스라는 게임을 재밌다고 느낀다",
          "나는 돈을 열심히 모아서@브랜드명@구매해야겠다"
        ],
        "speaker2": [
          "나는 @브랜드명@이 출시된다는 소식을 듣고 구매하려고 기다리는 중이다",
          "나는 옛날 게임만 가지고 있어 새로운 게임을 사보고 싶어 추천받길 원한다.",
          "나는 유튜버가 라스푸틴 추는 영상을 보고 웃겨서 저스트 댄스 게임을 시작했다",
          "나는 2027년까지는 발매하지 않을 것이라는 기밀문서가 유출됐다는 소식을 들었다",
          "나는 자러 가야 한다"
        ]
      },
      "prevAggregatedpersonaSummary": {
        "speaker1": [
          "나는 20대 여성이다",
          "나는 조선해양공학과 전공이다",
          "나는 바닐라라테를 좋아한다",
          "나는 판타지 영화를 좋아하고 음악영화는 싫어한다",
          "나는 요즘 가족과 만나면 싸우게 된다. 나는 요즘, 3년 전 일 때문에 부모님께 죄책감이 든다.",
          "나는 부모님께 불효를 저질렀다",
          "나는 @브랜드명@으로 게임을 즐겨한다",
          "나는 피파를 즐겨한다",
          "나는 @브랜드명@ 핸들을 갖고 싶다"
        ],
        "speaker2": [
          "나는 10대 여성이다",
          "나는 오늘 수능을 봤다. 나는 윤리 시험을 잘 본 것 같다",
          "나는 초등학교 선생님인 어머니를 따라 교육대학에 진학하고 싶다. 나는 야식으로 좋아하는 동남아 음식을 먹을 것이다",
          "나는 부지런한 편이다",
          "나는 자러 가야 한다",
          "나는 일찍 일어나서 @브랜드명@을 가지고 놀았다",
          "나는 @브랜드명@으로 브라보 뮤직을 즐겨한다",
          "나는 피파는 아직 해보지 않았다",
          "나는 피파가 컴퓨터로 하는 게임인지 궁금하다",
          "나는 @브랜드명@ 핸들이 있어서 레이싱 게임을 즐겨한다",
          "나는 레이싱 게임을 하다가 벽에 충돌하면 @브랜드명@ 핸들에도 실제로 충격이 전해져서 진짜 레이싱을 하고 있는 것 같은 느낌이 든다",
          "나는 이제 자러 가야 한다"
        ]
      }
    }
  ]
}