{
  "FileInfo": {
    "filename": "K3-00285-CL20615-CP20716-14-07-S3.json",
    "sessionLevel": "3"
  },
  "participantsInfo": {
    "numberOfParticipants": "2",
    "speaker1": {
      "participantID": "0093",
      "gender": "남성",
      "age": "30대",
      "occupation": "사무직",
      "bPlace": "대전/세종/충청/강원",
      "gPlace": "대전/세종/충청/강원",
      "rPlace": "대전/세종/충청/강원",
      "educationLevel": "대졸"
    },
    "speaker2": {
      "participantID": "0208",
      "gender": "남성",
      "age": "20대",
      "occupation": "학생",
      "bPlace": "서울/경기/인천",
      "gPlace": "서울/경기/인천",
      "rPlace": "서울/경기/인천",
      "educationLevel": "고졸"
    }
  },
  "multisessionInfo": {
    "multisessionID": "3-00285"
  },
  "personaInfo": {
    "clInfo": {
      "personaID": "20615",
      "personaFeatures": [
        "나는 남자이다.",
        "나는 20대이다.",
        "나는 요즘, 가끔 걱정스럽다.",
        "나는 정치외교학부 전공이다.",
        "나는 배구를 가끔 한다."
      ],
      "speakerType": "speaker1"
    },
    "cpInfo": {
      "personaID": "20716",
      "personaFeatures": [
        "나는 남자이다.",
        "나는 20대이다.",
        "나의 남자 형제는 선생님이다.",
        "나는 주말에 쇼핑몰에 간다.",
        "나는 오렌지를 안 먹는다."
      ],
      "speakerType": "speaker2"
    }
  },
  "topicInfo": {
    "topicID": "14-07",
    "topicType": "시사/사회>사회이슈(국내)",
    "topicTitle": "사회 갈등"
  },
  "sessionInfo": [
    {
      "prevSessionID": null,
      "prevTimeInfo": {
        "timeNum": null,
        "timeUnit": null
      },
      "nthSession": "1",
      "numberOfUtterances": "14",
      "numberOfTurns": "7",
      "sessionID": "3-00285-1",
      "dialog": [
        {
          "speaker": "speaker1",
          "personaID": "20615",
          "participantID": "0093",
          "utterance": "안녕하세요~ 저는 20대 남자고, 대학생입니다. 반갑습니다 ㅎㅎ.",
          "summary": "나는 20대 남자이다. 나는 대학생이다.",
          "date": "2022-09-28",
          "time": "15:46:58",
          "terminate": "false"
        },
        {
          "speaker": "speaker2",
          "personaID": "20716",
          "participantID": "0208",
          "utterance": "대학생ㅠㅠ부럽네요. 저는 자영업하는 20대 남자입니다~!",
          "summary": "나는 20대 남자이다. 나는 자영업을 한다.",
          "date": "2022-09-28",
          "time": "15:51:02",
          "terminate": "false"
        },
        {
          "speaker": "speaker1",
          "personaID": "20615",
          "participantID": "0093",
          "utterance": "ㅎㅎ 아닙니다.. 저는 얼른 졸업하고 싶어요 ㅋㅋ 선생님은 대학 다닐때 무슨 전공이셨나요?",
          "summary": "",
          "date": "2022-09-28",
          "time": "15:51:37",
          "terminate": "false"
        },
        {
          "speaker": "speaker2",
          "personaID": "20716",
          "participantID": "0208",
          "utterance": "경영학과 나왔어요ㅎㅎ지금은 서울에서 고기집하고 있습니다~! 다음에 한번 놀러오세요~!",
          "summary": "나는 서울에서 고깃집을 운영한다. 나는 경영학과 전공이다.",
          "date": "2022-09-28",
          "time": "15:52:16",
          "terminate": "false"
        },
        {
          "speaker": "speaker1",
          "personaID": "20615",
          "participantID": "0093",
          "utterance": "오~ 다음에 근처 가면 놀러가볼게요! 서울 어느쪽인가요?",
          "summary": "",
          "date": "2022-09-28",
          "time": "15:52:54",
          "terminate": "false"
        },
        {
          "speaker": "speaker2",
          "personaID": "20716",
          "participantID": "0208",
          "utterance": "노원구쪽이에요ㅎㅎ노원구 와보신적 있으세요?",
          "summary": "나는 노원구에서 고깃집을 한다.",
          "date": "2022-09-28",
          "time": "15:53:13",
          "terminate": "false"
        },
        {
          "speaker": "speaker1",
          "personaID": "20615",
          "participantID": "0093",
          "utterance": "아~ 옛날에 친가가 도봉구라 근처 자주 갔었어요! 방학동쪽이요 ㅋㅋ.",
          "summary": "나는 예전 친가가 도봉구다.",
          "date": "2022-09-28",
          "time": "15:53:46",
          "terminate": "false"
        },
        {
          "speaker": "speaker2",
          "personaID": "20716",
          "participantID": "0208",
          "utterance": "아하~방학ㅎㅎㅎ그렇군요! 다음에 놀러오시면 서비스 많이 드릴게요ㅋㅋ반갑네요.",
          "summary": "",
          "date": "2022-09-28",
          "time": "15:54:03",
          "terminate": "false"
        },
        {
          "speaker": "speaker1",
          "personaID": "20615",
          "participantID": "0093",
          "utterance": "좋아요 ㅎㅎ 돼지고기집인가요? 아님 소고기?!",
          "summary": "",
          "date": "2022-09-28",
          "time": "15:54:42",
          "terminate": "false"
        },
        {
          "speaker": "speaker2",
          "personaID": "20716",
          "participantID": "0208",
          "utterance": "돼지고기입니다ㅎㅎㅎㅎ저희 매장이 또 된장찌개도 유명하거든요~",
          "summary": "나는 매장에서 돼지고기를 취급한다.",
          "date": "2022-09-28",
          "time": "15:54:59",
          "terminate": "false"
        },
        {
          "speaker": "speaker1",
          "personaID": "20615",
          "participantID": "0093",
          "utterance": "오.. 돼지고기에 된찌 조합 최고죠..! 좋아요 다음에 꼭 가볼게요 ㅎㅎ 오늘은 일하시는건가요?",
          "summary": "나는 돼지고기와 된장찌개 조합을 좋아한다.",
          "date": "2022-09-28",
          "time": "15:55:32",
          "terminate": "false"
        },
        {
          "speaker": "speaker2",
          "personaID": "20716",
          "participantID": "0208",
          "utterance": "넵~ㅎㅎ근무중에 잠깐 심심해서 연락하게 되었어요ㅎㅎ평일 23시에 마감합니다ㅠ.",
          "summary": "나는 23시에 가게를 마감하고 퇴근한다.",
          "date": "2022-09-28",
          "time": "15:56:04",
          "terminate": "false"
        },
        {
          "speaker": "speaker1",
          "personaID": "20615",
          "participantID": "0093",
          "utterance": "앗 그렇군요..! 늦게까지 하시네요ㅠㅠ 저도 정치외교학과라 과제가 많네요.. 과제좀 하고 올테니 나중에 시간 널널할때 또 연락해요!",
          "summary": "나는 정치외교학부 전공이다. 나는 과제를 하러 간다.",
          "date": "2022-09-28",
          "time": "15:56:24",
          "terminate": "false"
        },
        {
          "speaker": "speaker2",
          "personaID": "20716",
          "participantID": "0208",
          "utterance": "ㅎㅎㅎ넵~과제 파이팅입니다~ 또 연락 나누어요~!",
          "summary": "",
          "date": "2022-09-28",
          "time": "15:56:55",
          "terminate": "true"
        }
      ],
      "sessionPersonaSummary": {
        "speaker1": [
          "나는 20대 남자이다. 나는 대학생이다.",
          "나는 예전 친가가 도봉구다.",
          "나는 돼지고기와 된장찌개 조합을 좋아한다.",
          "나는 정치외교학부 전공이다. 나는 과제를 하러 간다."
        ],
        "speaker2": [
          "나는 20대 남자이다. 나는 자영업을 한다.",
          "나는 서울에서 고깃집을 운영한다. 나는 경영학과 전공이다.",
          "나는 노원구에서 고깃집을 한다.",
          "나는 매장에서 돼지고기를 취급한다.",
          "나는 23시에 가게를 마감하고 퇴근한다."
        ]
      },
      "prevAggregatedpersonaSummary": {
        "speaker1": [],
        "speaker2": []
      }
    },
    {
      "prevSessionID": "3-00285-1",
      "prevTimeInfo": {
        "timeNum": "7",
        "timeUnit": "시간"
      },
      "nthSession": "2",
      "numberOfUtterances": "18",
      "numberOfTurns": "9",
      "sessionID": "3-00285-2",
      "dialog": [
        {
          "speaker": "speaker1",
          "personaID": "20615",
          "participantID": "0093",
          "utterance": "과제 하느라 7시간이나 지났네요.. 외교란 어려운일입니다.. 12신데 퇴근하셨나요?",
          "summary": "나는 7시간 동안 과제를 했다.",
          "date": "2022-09-28",
          "time": "15:57:15",
          "terminate": "false"
        },
        {
          "speaker": "speaker2",
          "personaID": "20716",
          "participantID": "0208",
          "utterance": "넵ㅎㅎ퇴근했습니다. 아까 전공이 정치 외교학과라고 하셨죠?",
          "summary": "",
          "date": "2022-09-28",
          "time": "15:59:04",
          "terminate": "false"
        },
        {
          "speaker": "speaker1",
          "personaID": "20615",
          "participantID": "0093",
          "utterance": "네 맞아요 ㅎㅎ 재밌어보여서 선택했는데 과제가 꽤나 어렵네요ㅠㅠ 이제 곧 주무시겠네요?",
          "summary": "나는 재밌어 보여서 정치외교학과를 선택했다.",
          "date": "2022-09-28",
          "time": "15:59:32",
          "terminate": "false"
        },
        {
          "speaker": "speaker2",
          "personaID": "20716",
          "participantID": "0208",
          "utterance": "조금 쉬다가 ㅠㅠ내일을 위해서 또 자려구요ㅠㅠ그나저나 뉴스보는데 요즘 저 출산으로 사회 갈등이 심한가봐요.",
          "summary": "나는 요즘 저출산으로 인한 사회 갈등이 심하다는 뉴스 기사를 보았다.",
          "date": "2022-09-28",
          "time": "15:59:44",
          "terminate": "false"
        },
        {
          "speaker": "speaker1",
          "personaID": "20615",
          "participantID": "0093",
          "utterance": "쉴 시간이 많이 없으시겠네요ㅠㅠ 그러게요.. 요즘 출생율이 1%도 안된다고 하더라고요 ㅋㅋ.",
          "summary": "나는 저출산에 관한 사회 문제를 알고 있다.",
          "date": "2022-09-28",
          "time": "16:00:22",
          "terminate": "false"
        },
        {
          "speaker": "speaker2",
          "personaID": "20716",
          "participantID": "0208",
          "utterance": "다들 딩크족으로 사는 인원들이 많아서일까요..ㅠㅠ저 출산 문제도 걱정이긴해요.",
          "summary": "나는 저출산의 이유가 딩크족이 늘어서라고 추측한다.",
          "date": "2022-09-28",
          "time": "16:00:47",
          "terminate": "false"
        },
        {
          "speaker": "speaker1",
          "personaID": "20615",
          "participantID": "0093",
          "utterance": "맞아요.. 전 이러다 망하겠네.. 하면서 살고있습니다.. 주변에 아이 낳은 친구들 있으신가요?",
          "summary": "",
          "date": "2022-09-28",
          "time": "16:01:22",
          "terminate": "false"
        },
        {
          "speaker": "speaker2",
          "personaID": "20716",
          "participantID": "0208",
          "utterance": "한 두명 있어요ㅎㅎㅎ아직 저는 덜 컸는데, 친구들은 점점 어른이 되어 가고 있네요ㅠ.",
          "summary": "나는 주변에 출산한 친구들이 몇 있다.",
          "date": "2022-09-28",
          "time": "16:01:38",
          "terminate": "false"
        },
        {
          "speaker": "speaker1",
          "personaID": "20615",
          "participantID": "0093",
          "utterance": "오, 벌써요..? 제 주변에는 결혼 안한다는 친구들이 많던데 ㅋㅋㅋㅋ 맞는 말씀이네요.. 씁쓸해요ㅠㅠ.",
          "summary": "나는 주변에 비혼인 친구들이 많다.",
          "date": "2022-09-28",
          "time": "16:02:15",
          "terminate": "false"
        },
        {
          "speaker": "speaker2",
          "personaID": "20716",
          "participantID": "0208",
          "utterance": "20대 중반인데ㅎㅎ빠른이라 친구들은 후반이라서요..ㅠㅠ마냥 어린 나이는 아니죠..저도 결혼 안하지 싶어요.",
          "summary": "나는 결혼을 안 할 생각이다.",
          "date": "2022-09-28",
          "time": "16:02:54",
          "terminate": "false"
        },
        {
          "speaker": "speaker1",
          "personaID": "20615",
          "participantID": "0093",
          "utterance": "그렇군요.. 요즘은 30 넘어서들 많이 하던데 그래도 빨리 하시나보네요..? 결혼 안하시는 이유가 있을까요?",
          "summary": "",
          "date": "2022-09-28",
          "time": "16:03:30",
          "terminate": "false"
        },
        {
          "speaker": "speaker2",
          "personaID": "20716",
          "participantID": "0208",
          "utterance": "음..결혼하고 싶은 만큼 좋은 사람을 아직 못 만났어요!ㅎㅎ연애도 재미 없어서 오래 못하거든요ㅠ.",
          "summary": "나는 결혼하고 싶은 사람을 못 만났다. 나는 평소 연애에 흥미가 없어 오래 교제하지 못한다.",
          "date": "2022-09-28",
          "time": "16:03:57",
          "terminate": "false"
        },
        {
          "speaker": "speaker1",
          "personaID": "20615",
          "participantID": "0093",
          "utterance": "그렇군요..! 그럴 수 있습니다.. 저도 결혼 안하다가 노후엔 심심할까봐 요즘 가끔 걱정스럽네요..",
          "summary": "나는 요즘, 가끔 걱정스럽다.",
          "date": "2022-09-28",
          "time": "16:04:32",
          "terminate": "false"
        },
        {
          "speaker": "speaker2",
          "personaID": "20716",
          "participantID": "0208",
          "utterance": "ㅎㅎㅎ살다보면 짝을 만나겠거니..하고 있습니다!ㅎㅎ직업이 선생님인 제 남동생은 벌써 결혼했어요.",
          "summary": "나의 남자 형제는 선생님이다. 나는 결혼한 남동생이 있다.",
          "date": "2022-09-28",
          "time": "16:05:24",
          "terminate": "false"
        },
        {
          "speaker": "speaker1",
          "personaID": "20615",
          "participantID": "0093",
          "utterance": "오.. 형보다 먼저 결혼 하다니.. 진짜 일찍 가셨네요! 전 주변에 결혼한 사람들이 없는데.. 결혼식장 자주 가시겠네요?",
          "summary": "",
          "date": "2022-09-28",
          "time": "16:06:33",
          "terminate": "false"
        },
        {
          "speaker": "speaker2",
          "personaID": "20716",
          "participantID": "0208",
          "utterance": "네 ㅎㅎㅎ요즘 점점 가는 빈도가 잦아지고 있어요ㅋㅋ축의금 내느라 지갑도 얇아집니다.",
          "summary": "나는 요즘 결혼식장에 자주 가 축의금 낼 일이 많다.",
          "date": "2022-09-28",
          "time": "16:07:07",
          "terminate": "false"
        },
        {
          "speaker": "speaker1",
          "personaID": "20615",
          "participantID": "0093",
          "utterance": "아이고.. 축의금은 낸만큼 받아야하는데..! 저 친구가 불러서, 가끔 하는 배구좀 하다 오겠습니다!",
          "summary": "나는 배구를 가끔 한다. 나는 배구를 하러 간다.",
          "date": "2022-09-28",
          "time": "16:07:51",
          "terminate": "false"
        },
        {
          "speaker": "speaker2",
          "personaID": "20716",
          "participantID": "0208",
          "utterance": "ㅋㅋㅋ얼른 결혼해야겠는데요..?ㅋㅋ다녀오세요~! 저는 한숨 자고 올게요~!",
          "summary": "나는 한숨 자러 간다.",
          "date": "2022-09-28",
          "time": "16:08:03",
          "terminate": "true"
        }
      ],
      "sessionPersonaSummary": {
        "speaker1": [
          "나는 7시간 동안 과제를 했다.",
          "나는 재밌어 보여서 정치외교학과를 선택했다.",
          "나는 저출산에 관한 사회 문제를 알고 있다.",
          "나는 주변에 비혼인 친구들이 많다.",
          "나는 요즘, 가끔 걱정스럽다.",
          "나는 배구를 가끔 한다. 나는 배구를 하러 간다."
        ],
        "speaker2": [
          "나는 요즘 저출산으로 인한 사회 갈등이 심하다는 뉴스 기사를 보았다.",
          "나는 저출산의 이유가 딩크족이 늘어서라고 추측한다.",
          "나는 주변에 출산한 친구들이 몇 있다.",
          "나는 결혼을 안 할 생각이다.",
          "나는 결혼하고 싶은 사람을 못 만났다. 나는 평소 연애에 흥미가 없어 오래 교제하지 못한다.",
          "나의 남자 형제는 선생님이다. 나는 결혼한 남동생이 있다.",
          "나는 요즘 결혼식장에 자주 가 축의금 낼 일이 많다.",
          "나는 한숨 자러 간다."
        ]
      },
      "prevAggregatedpersonaSummary": {
        "speaker1": [
          "나는 20대 남자이다. 나는 대학생이다.",
          "나는 예전 친가가 도봉구다.",
          "나는 돼지고기와 된장찌개 조합을 좋아한다.",
          "나는 정치외교학부 전공이다. 나는 과제를 하러 간다."
        ],
        "speaker2": [
          "나는 20대 남자이다. 나는 자영업을 한다.",
          "나는 서울에서 고깃집을 운영한다. 나는 경영학과 전공이다.",
          "나는 노원구에서 고깃집을 한다.",
          "나는 매장에서 돼지고기를 취급한다.",
          "나는 23시에 가게를 마감하고 퇴근한다."
        ]
      }
    },
    {
      "prevSessionID": "3-00285-2",
      "prevTimeInfo": {
        "timeNum": "1",
        "timeUnit": "일"
      },
      "nthSession": "3",
      "numberOfUtterances": "16",
      "numberOfTurns": "8",
      "sessionID": "3-00285-3",
      "dialog": [
        {
          "speaker": "speaker1",
          "personaID": "20615",
          "participantID": "0093",
          "utterance": "안녕히 주무셨나요? 좋은 아침입니다.. 하루만이네요.. 전 어제 배구하고 뻗었습니다 ㅋㅋ.",
          "summary": "나는 어제 배구를 하고 잤다.",
          "date": "2022-09-28",
          "time": "16:08:45",
          "terminate": "false"
        },
        {
          "speaker": "speaker2",
          "personaID": "20716",
          "participantID": "0208",
          "utterance": "ㅎㅎ운동 열심히 하셨나요ㅎㅎ가끔 가다 배구 하시나봐요? 저는 아침대신 사과를 먹고 있습니다. 오렌지를 안 먹어서요~!",
          "summary": "나는 오렌지를 안 먹는다. 나는 아침식사 대신 사과를 먹고 있다.",
          "date": "2022-09-28",
          "time": "16:09:06",
          "terminate": "false"
        },
        {
          "speaker": "speaker1",
          "personaID": "20615",
          "participantID": "0093",
          "utterance": "네 ㅎㅎ 배구 하는걸 좋아하거든요 ㅎㅎ 오렌지는 싫어하시는건가요?",
          "summary": "나는 배구하는 것을 좋아한다.",
          "date": "2022-09-28",
          "time": "16:09:47",
          "terminate": "false"
        },
        {
          "speaker": "speaker2",
          "personaID": "20716",
          "participantID": "0208",
          "utterance": "오렌지만 먹으면 이상하게 배탈이 나서ㅠ안 먹습니다ㅠㅠ오렌지에게 저주 받았나 봐요ㅠ.",
          "summary": "나는 오렌지를 먹으면 배탈이 난다.",
          "date": "2022-09-28",
          "time": "16:09:58",
          "terminate": "false"
        },
        {
          "speaker": "speaker1",
          "personaID": "20615",
          "participantID": "0093",
          "utterance": "앗.. 오렌지의 저주네요.. 너무하다.. 그럼 귤이나 한라봉 이런것도 안드시나요?",
          "summary": "",
          "date": "2022-09-28",
          "time": "16:10:54",
          "terminate": "false"
        },
        {
          "speaker": "speaker2",
          "personaID": "20716",
          "participantID": "0208",
          "utterance": "귤이나 한라봉은 또 잘 먹어요ㅎㅎㅎ전생에 오렌지에게 죄를 지었나 봐요..",
          "summary": "나는 귤, 한라봉을 먹을 땐 몸에 이상이 없다.",
          "date": "2022-09-28",
          "time": "16:11:11",
          "terminate": "false"
        },
        {
          "speaker": "speaker1",
          "personaID": "20615",
          "participantID": "0093",
          "utterance": "헉.. 오렌지가 잘못했네요.. 나쁜자슥.. 오늘은 출근하시나요?",
          "summary": "",
          "date": "2022-09-28",
          "time": "16:11:38",
          "terminate": "false"
        },
        {
          "speaker": "speaker2",
          "personaID": "20716",
          "participantID": "0208",
          "utterance": "오늘은 주말이라~! 알바들에게 가게를 맡기고 저는 쇼핑몰을 갑니다~! 주말마다 쇼핑몰에 가서 쇼핑하거든요~!",
          "summary": "나는 주말에 쇼핑몰에 간다. 나는 오늘 쇼핑하러 간다.",
          "date": "2022-09-28",
          "time": "16:12:07",
          "terminate": "false"
        },
        {
          "speaker": "speaker1",
          "personaID": "20615",
          "participantID": "0093",
          "utterance": "오~ 역시 사장님이네요 ㅋㅋ 어떤걸 사실 예정이에요?",
          "summary": "",
          "date": "2022-09-28",
          "time": "16:12:32",
          "terminate": "false"
        },
        {
          "speaker": "speaker2",
          "personaID": "20716",
          "participantID": "0208",
          "utterance": "오늘은 가을 옷을 좀 사려고해요~! 맥 코트나 블레이저를 살겁니다~!",
          "summary": "나는 오늘 가을 옷을 살 것이다.",
          "date": "2022-09-28",
          "time": "16:12:49",
          "terminate": "false"
        },
        {
          "speaker": "speaker1",
          "personaID": "20615",
          "participantID": "0093",
          "utterance": "오~ 좋네요! 아우터 사시는군요 ㅋㅋ 저도 옷을 사야하는데 셔츠VS롱슬리브 티 뭐가 좋을까요..?",
          "summary": "",
          "date": "2022-09-28",
          "time": "16:13:29",
          "terminate": "false"
        },
        {
          "speaker": "speaker2",
          "personaID": "20716",
          "participantID": "0208",
          "utterance": "저는 셔츠를 더 좋아해요! 단지 제 취향이지만요ㅋㅋㅋ저는 헨리넥 셔츠를 좋아합니다ㅋㅋ.",
          "summary": "나는 헨리넥 셔츠를 좋아한다.",
          "date": "2022-09-28",
          "time": "16:13:57",
          "terminate": "false"
        },
        {
          "speaker": "speaker1",
          "personaID": "20615",
          "participantID": "0093",
          "utterance": "오~ 윗부분에 단추달린거 맞나요? 제가 결정을 잘 못해서.. 추천해주신 셔츠 쇼핑해야겠습니다 ㅎㅎ 감사해요.",
          "summary": "",
          "date": "2022-09-28",
          "time": "16:15:18",
          "terminate": "false"
        },
        {
          "speaker": "speaker2",
          "personaID": "20716",
          "participantID": "0208",
          "utterance": "맞아요ㅎㅎㅎㅎ오..그래도 제 취향이 반영이 됐다니 묘하게 기분이 좋네요~!",
          "summary": "",
          "date": "2022-09-28",
          "time": "16:15:45",
          "terminate": "false"
        },
        {
          "speaker": "speaker1",
          "personaID": "20615",
          "participantID": "0093",
          "utterance": "ㅎㅎ 대신 골라주니 제가 더 좋죠 ㅎㅎ 전 잠시 요리좀 하다 올게요~ 출출하네요 ㅎㅎ.",
          "summary": "나는 요리하러 간다.",
          "date": "2022-09-28",
          "time": "16:16:13",
          "terminate": "false"
        },
        {
          "speaker": "speaker2",
          "personaID": "20716",
          "participantID": "0208",
          "utterance": "넵ㅎㅎ다치지 않게 조심하시구요~! 식사 맛있게 드세요~!",
          "summary": "",
          "date": "2022-09-28",
          "time": "16:16:27",
          "terminate": "true"
        }
      ],
      "sessionPersonaSummary": {
        "speaker1": [
          "나는 어제 배구를 하고 잤다.",
          "나는 배구하는 것을 좋아한다.",
          "나는 요리하러 간다."
        ],
        "speaker2": [
          "나는 오렌지를 안 먹는다. 나는 아침식사 대신 사과를 먹고 있다.",
          "나는 오렌지를 먹으면 배탈이 난다.",
          "나는 귤, 한라봉을 먹을 땐 몸에 이상이 없다.",
          "나는 주말에 쇼핑몰에 간다. 나는 오늘 쇼핑하러 간다.",
          "나는 오늘 가을 옷을 살 것이다.",
          "나는 헨리넥 셔츠를 좋아한다."
        ]
      },
      "prevAggregatedpersonaSummary": {
        "speaker1": [
          "나는 20대 남자이다. 나는 대학생이다.",
          "나는 예전 친가가 도봉구다.",
          "나는 돼지고기와 된장찌개 조합을 좋아한다.",
          "나는 정치외교학부 전공이다. 나는 과제를 하러 간다.",
          "나는 7시간 동안 과제를 했다.",
          "나는 재밌어 보여서 정치외교학과를 선택했다.",
          "나는 저출산에 관한 사회 문제를 알고 있다.",
          "나는 주변에 비혼인 친구들이 많다.",
          "나는 요즘, 가끔 걱정스럽다.",
          "나는 배구를 가끔 한다. 나는 배구를 하러 간다."
        ],
        "speaker2": [
          "나는 20대 남자이다. 나는 자영업을 한다.",
          "나는 서울에서 고깃집을 운영한다. 나는 경영학과 전공이다.",
          "나는 노원구에서 고깃집을 한다.",
          "나는 매장에서 돼지고기를 취급한다.",
          "나는 23시에 가게를 마감하고 퇴근한다.",
          "나는 요즘 저출산으로 인한 사회 갈등이 심하다는 뉴스 기사를 보았다.",
          "나는 저출산의 이유가 딩크족이 늘어서라고 추측한다.",
          "나는 주변에 출산한 친구들이 몇 있다.",
          "나는 결혼을 안 할 생각이다.",
          "나는 결혼하고 싶은 사람을 못 만났다. 나는 평소 연애에 흥미가 없어 오래 교제하지 못한다.",
          "나의 남자 형제는 선생님이다. 나는 결혼한 남동생이 있다.",
          "나는 요즘 결혼식장에 자주 가 축의금 낼 일이 많다.",
          "나는 한숨 자러 간다."
        ]
      }
    }
  ]
}