{
  "FileInfo": {
    "filename": "K3-00161-CL22848-CP23402-02-05-S3.json",
    "sessionLevel": "3"
  },
  "participantsInfo": {
    "numberOfParticipants": "2",
    "speaker1": {
      "participantID": "0813",
      "gender": "남성",
      "age": "20대",
      "occupation": "무직",
      "bPlace": "서울/경기/인천",
      "gPlace": "서울/경기/인천",
      "rPlace": "서울/경기/인천",
      "educationLevel": "고졸"
    },
    "speaker2": {
      "participantID": "0961",
      "gender": "남성",
      "age": "20대",
      "occupation": "학생",
      "bPlace": "서울/경기/인천",
      "gPlace": "서울/경기/인천",
      "rPlace": "서울/경기/인천",
      "educationLevel": "대졸"
    }
  },
  "multisessionInfo": {
    "multisessionID": "3-00161"
  },
  "personaInfo": {
    "clInfo": {
      "personaID": "22848",
      "personaFeatures": [
        "나는 남자이다.",
        "나는 20대이다.",
        "나는 요즘, 가끔 안도감이 든다.",
        "나는 유치원 교사이다.",
        "나는 걷기를 가끔 한다.",
        "나는 짠 음식을 좋아한다."
      ],
      "speakerType": "speaker1"
    },
    "cpInfo": {
      "personaID": "23402",
      "personaFeatures": [
        "나는 남자이다.",
        "나는 20대이다.",
        "나는 요즘, 매일 화가 난다.",
        "나는 봉사단 동아리에 참여한다.",
        "나는 검은색을 싫어한다.",
        "나는 아이스 카페라테를 좋아한다."
      ],
      "speakerType": "speaker2"
    }
  },
  "topicInfo": {
    "topicID": "02-05",
    "topicType": "주거와 생활",
    "topicTitle": "청약"
  },
  "sessionInfo": [
    {
      "prevSessionID": null,
      "prevTimeInfo": {
        "timeNum": null,
        "timeUnit": null
      },
      "nthSession": "1",
      "numberOfUtterances": "14",
      "numberOfTurns": "7",
      "sessionID": "3-00161-1",
      "dialog": [
        {
          "speaker": "speaker1",
          "personaID": "22848",
          "participantID": "0813",
          "utterance": "반갑습니다. 저는 20대 남자에요. 처음 뵙겠습니다.",
          "summary": "나는 20대 남자이다.",
          "date": "2022-10-22",
          "time": "07:56:44",
          "terminate": "false"
        },
        {
          "speaker": "speaker2",
          "personaID": "23402",
          "participantID": "0961",
          "utterance": "안녕하세요. 저는 20대 남자입니다. 반가워요.",
          "summary": "나는 20대 남자이다.",
          "date": "2022-10-22",
          "time": "07:56:51",
          "terminate": "false"
        },
        {
          "speaker": "speaker1",
          "personaID": "22848",
          "participantID": "0813",
          "utterance": "처음 뵙네요 ㅎㅎ. 그러면 어떤거 하는 분인가요?",
          "summary": "",
          "date": "2022-10-22",
          "time": "07:56:56",
          "terminate": "false"
        },
        {
          "speaker": "speaker2",
          "personaID": "23402",
          "participantID": "0961",
          "utterance": "저는 봉사활동 동아리하는 대학생이에요~ 그쪽은요?",
          "summary": "나는 봉사단 동아리에 참여한다. 나는 대학생이다.",
          "date": "2022-10-22",
          "time": "07:57:09",
          "terminate": "false"
        },
        {
          "speaker": "speaker1",
          "personaID": "22848",
          "participantID": "0813",
          "utterance": "저는 유치원 교사입니다~ 그러면 취미는 있으세요?",
          "summary": "나는 유치원 교사이다.",
          "date": "2022-10-22",
          "time": "07:57:13",
          "terminate": "false"
        },
        {
          "speaker": "speaker2",
          "personaID": "23402",
          "participantID": "0961",
          "utterance": "저는 아이스 카페라떼 좋아해요~ 먹기좋은날씨네요 ㅎㅎ.",
          "summary": "나는 아이스 카페라테를 좋아한다.",
          "date": "2022-10-22",
          "time": "07:57:28",
          "terminate": "false"
        },
        {
          "speaker": "speaker1",
          "personaID": "22848",
          "participantID": "0813",
          "utterance": "그렇네요 ㅎㅎ. 요즘 날씨가 좋아서 저는 걷기를 가끔해요.",
          "summary": "나는 걷기를 가끔 한다.",
          "date": "2022-10-22",
          "time": "07:57:35",
          "terminate": "false"
        },
        {
          "speaker": "speaker2",
          "personaID": "23402",
          "participantID": "0961",
          "utterance": "운동을 자주 해주시나보네요 ㅋㅋ. 저는 운동은 싫더라구요. 좋아하는거 있으신가요?",
          "summary": "나는 운동을 싫어한다.",
          "date": "2022-10-22",
          "time": "07:57:59",
          "terminate": "false"
        },
        {
          "speaker": "speaker1",
          "personaID": "22848",
          "participantID": "0813",
          "utterance": "저는 먹는것도 좋아해요 ㅎㅎ. 입맛 도는 짠걸 주로 먹네요~",
          "summary": "나는 짠 음식을 좋아한다.",
          "date": "2022-10-22",
          "time": "07:58:03",
          "terminate": "false"
        },
        {
          "speaker": "speaker2",
          "personaID": "23402",
          "participantID": "0961",
          "utterance": "저도 짠음식 좋아해서 된장찌개 잘먹어요! 싱거운 음식 먹으면 매일 화나더라구요.",
          "summary": "나는 요즘, 매일 화가 난다.",
          "date": "2022-10-22",
          "time": "07:58:42",
          "terminate": "false"
        },
        {
          "speaker": "speaker1",
          "personaID": "22848",
          "participantID": "0813",
          "utterance": "그러시군요 ㅋㅋ. 저도 입맛이 비슷해서 안도감이 드네요~",
          "summary": "나는 요즘, 가끔 안도감이 든다.",
          "date": "2022-10-22",
          "time": "07:58:45",
          "terminate": "false"
        },
        {
          "speaker": "speaker2",
          "personaID": "23402",
          "participantID": "0961",
          "utterance": "ㅋㅋ 그렇네요. 그럼 다음에 또 연락해봐요! 저는 수업이 있어서요!",
          "summary": "나는 수업이 있다.",
          "date": "2022-10-22",
          "time": "07:59:27",
          "terminate": "false"
        },
        {
          "speaker": "speaker1",
          "personaID": "22848",
          "participantID": "0813",
          "utterance": "그러면 다음에 또 얘기 나눠요~ 재밌었습니다.",
          "summary": "",
          "date": "2022-10-22",
          "time": "07:59:29",
          "terminate": "false"
        },
        {
          "speaker": "speaker2",
          "personaID": "23402",
          "participantID": "0961",
          "utterance": "다음에 연락하면 좋겠네요. 이야기 즐거웠어요!",
          "summary": "",
          "date": "2022-10-22",
          "time": "07:59:36",
          "terminate": "true"
        }
      ],
      "sessionPersonaSummary": {
        "speaker1": [
          "나는 20대 남자이다.",
          "나는 유치원 교사이다.",
          "나는 걷기를 가끔 한다.",
          "나는 짠 음식을 좋아한다.",
          "나는 요즘, 가끔 안도감이 든다."
        ],
        "speaker2": [
          "나는 20대 남자이다.",
          "나는 봉사단 동아리에 참여한다. 나는 대학생이다.",
          "나는 아이스 카페라테를 좋아한다.",
          "나는 운동을 싫어한다.",
          "나는 요즘, 매일 화가 난다.",
          "나는 수업이 있다."
        ]
      },
      "prevAggregatedpersonaSummary": {
        "speaker1": [],
        "speaker2": []
      }
    },
    {
      "prevSessionID": "3-00161-1",
      "prevTimeInfo": {
        "timeNum": "2",
        "timeUnit": "일"
      },
      "nthSession": "2",
      "numberOfUtterances": "18",
      "numberOfTurns": "9",
      "sessionID": "3-00161-2",
      "dialog": [
        {
          "speaker": "speaker1",
          "personaID": "22848",
          "participantID": "0813",
          "utterance": "이틀만입니다~ 오늘은 잘 지내고 계시나요?",
          "summary": "",
          "date": "2022-10-22",
          "time": "07:59:43",
          "terminate": "false"
        },
        {
          "speaker": "speaker2",
          "personaID": "23402",
          "participantID": "0961",
          "utterance": "시간이 참 빠르네요~ 요즘에 검은차들이 많이보여서 지루하네요~",
          "summary": "나는 검은색을 싫어한다.",
          "date": "2022-10-22",
          "time": "07:59:57",
          "terminate": "false"
        },
        {
          "speaker": "speaker1",
          "personaID": "22848",
          "participantID": "0813",
          "utterance": "맞아요~ 저는 요즘은 청년 주택을 알아보고 있어요 ㅎㅎ.",
          "summary": "나는 청년 주택을 알아보고 있다.",
          "date": "2022-10-22",
          "time": "08:00:01",
          "terminate": "false"
        },
        {
          "speaker": "speaker2",
          "personaID": "23402",
          "participantID": "0961",
          "utterance": "오~ 좋은걸 알아보고 계시군요. 저는 청약통장 이제야 만들까해요 ㅎㅎ.",
          "summary": "나는 청약 통장을 만들 것이다.",
          "date": "2022-10-22",
          "time": "08:00:20",
          "terminate": "false"
        },
        {
          "speaker": "speaker1",
          "personaID": "22848",
          "participantID": "0813",
          "utterance": "청약 통장을 잘 들어둬서 저는 이번부터 신청 하려구요.",
          "summary": "나는 청년 주택을 신청한다.",
          "date": "2022-10-22",
          "time": "08:00:21",
          "terminate": "false"
        },
        {
          "speaker": "speaker2",
          "personaID": "23402",
          "participantID": "0961",
          "utterance": "청약 통장이 있으면 청년주택에 들어갈수있나봐요?",
          "summary": "",
          "date": "2022-10-22",
          "time": "08:00:46",
          "terminate": "false"
        },
        {
          "speaker": "speaker1",
          "personaID": "22848",
          "participantID": "0813",
          "utterance": "맞아요 ㅎㅎ. 운이지만 그래도 지원 자격이 되어요~",
          "summary": "",
          "date": "2022-10-22",
          "time": "08:00:51",
          "terminate": "false"
        },
        {
          "speaker": "speaker2",
          "personaID": "23402",
          "participantID": "0961",
          "utterance": "저도 미리 만들어둘걸 그랬네요 ㅎㅎ. 어디에 가고싶으신가요?",
          "summary": "",
          "date": "2022-10-22",
          "time": "08:01:08",
          "terminate": "false"
        },
        {
          "speaker": "speaker1",
          "personaID": "22848",
          "participantID": "0813",
          "utterance": "저는 인천에 사는데 여기 저희 집 근처로 가고싶어요 ㅎㅎ.",
          "summary": "나의 거주지는 인천이다.",
          "date": "2022-10-22",
          "time": "08:01:09",
          "terminate": "false"
        },
        {
          "speaker": "speaker2",
          "personaID": "23402",
          "participantID": "0961",
          "utterance": "그렇군요. 직장도 인천에 있으신가보네요.",
          "summary": "",
          "date": "2022-10-22",
          "time": "08:01:10",
          "terminate": "false"
        },
        {
          "speaker": "speaker1",
          "personaID": "22848",
          "participantID": "0813",
          "utterance": "맞아요. 지금 집에서 가까워서 너무 멀리 안가려고요.",
          "summary": "",
          "date": "2022-10-22",
          "time": "08:02:20",
          "terminate": "false"
        },
        {
          "speaker": "speaker2",
          "personaID": "23402",
          "participantID": "0961",
          "utterance": "저도 대학졸업하고 취업하면 직장근처에 얻어보고싶네요.",
          "summary": "나는 직장 근처에 청약을 넣고 싶다.",
          "date": "2022-10-22",
          "time": "08:02:30",
          "terminate": "false"
        },
        {
          "speaker": "speaker1",
          "personaID": "22848",
          "participantID": "0813",
          "utterance": "그게 최고죠 ㅎㅎ. 출퇴근은 가까운게 짱이더라고요.",
          "summary": "나는 출퇴근이 가까운 걸 선호한다.",
          "date": "2022-10-22",
          "time": "08:02:40",
          "terminate": "false"
        },
        {
          "speaker": "speaker2",
          "personaID": "23402",
          "participantID": "0961",
          "utterance": "그게 맞죠 ㅋㅋ. 나중에 집은 구매하실 생각이신가요?",
          "summary": "",
          "date": "2022-10-22",
          "time": "08:02:50",
          "terminate": "false"
        },
        {
          "speaker": "speaker1",
          "personaID": "22848",
          "participantID": "0813",
          "utterance": "글쎄요 ㅎㅎ. 할수 있을지 모르겠네요. 계획은 있어요.",
          "summary": "",
          "date": "2022-10-22",
          "time": "08:03:00",
          "terminate": "false"
        },
        {
          "speaker": "speaker2",
          "personaID": "23402",
          "participantID": "0961",
          "utterance": "저는 10년후에 은퇴해서 집을 살수있으면 좋겠네요 ㅋㅋ.",
          "summary": "나는 10년 후에 집을 사는 것이 목표이다.",
          "date": "2022-10-22",
          "time": "08:03:10",
          "terminate": "false"
        },
        {
          "speaker": "speaker1",
          "personaID": "22848",
          "participantID": "0813",
          "utterance": "짱이네요 ㅋㅋ. 그러면 다음에 또 얘기 나눌게요 ㅎㅎ. 다음에 봐요!",
          "summary": "",
          "date": "2022-10-22",
          "time": "08:03:20",
          "terminate": "false"
        },
        {
          "speaker": "speaker2",
          "personaID": "23402",
          "participantID": "0961",
          "utterance": "그러면 저는 이만 약속이 있어서 먼저 가보겠어요. 또 봐요.",
          "summary": "나는 약속이 있다.",
          "date": "2022-10-22",
          "time": "08:03:30",
          "terminate": "true"
        }
      ],
      "sessionPersonaSummary": {
        "speaker1": [
          "나는 청년 주택을 알아보고 있다.",
          "나는 청년 주택을 신청한다.",
          "나의 거주지는 인천이다.",
          "나는 출퇴근이 가까운 걸 선호한다."
        ],
        "speaker2": [
          "나는 검은색을 싫어한다.",
          "나는 청약 통장을 만들 것이다.",
          "나는 직장 근처에 청약을 넣고 싶다.",
          "나는 10년 후에 집을 사는 것이 목표이다.",
          "나는 약속이 있다."
        ]
      },
      "prevAggregatedpersonaSummary": {
        "speaker1": [
          "나는 20대 남자이다.",
          "나는 유치원 교사이다.",
          "나는 걷기를 가끔 한다.",
          "나는 짠 음식을 좋아한다.",
          "나는 요즘, 가끔 안도감이 든다."
        ],
        "speaker2": [
          "나는 20대 남자이다.",
          "나는 봉사단 동아리에 참여한다. 나는 대학생이다.",
          "나는 아이스 카페라테를 좋아한다.",
          "나는 운동을 싫어한다.",
          "나는 요즘, 매일 화가 난다.",
          "나는 수업이 있다."
        ]
      }
    },
    {
      "prevSessionID": "3-00161-2",
      "prevTimeInfo": {
        "timeNum": "1",
        "timeUnit": "일"
      },
      "nthSession": "3",
      "numberOfUtterances": "16",
      "numberOfTurns": "8",
      "sessionID": "3-00161-3",
      "dialog": [
        {
          "speaker": "speaker1",
          "personaID": "22848",
          "participantID": "0813",
          "utterance": "하이요~ 오늘은 수업 잘 듣고 있으세요? 하루만입니다.",
          "summary": "",
          "date": "2022-10-22",
          "time": "08:03:35",
          "terminate": "false"
        },
        {
          "speaker": "speaker2",
          "personaID": "23402",
          "participantID": "0961",
          "utterance": "반갑네요 ㅎㅎ. 오늘은 봉사동아리에서 봉사하고 왔어요.",
          "summary": "나는 봉사동아리에 참여했다.",
          "date": "2022-10-22",
          "time": "08:03:40",
          "terminate": "false"
        },
        {
          "speaker": "speaker1",
          "personaID": "22848",
          "participantID": "0813",
          "utterance": "아 그러시구나 ㅎㅎ. 좋은 일 하시네요~",
          "summary": "",
          "date": "2022-10-22",
          "time": "08:03:45",
          "terminate": "false"
        },
        {
          "speaker": "speaker2",
          "personaID": "23402",
          "participantID": "0961",
          "utterance": "유기견 센터가서 견분 치워주고왔어요~ 힘들더라구요.",
          "summary": "나는 유기견 센터에서 봉사했다.",
          "date": "2022-10-22",
          "time": "08:03:50",
          "terminate": "false"
        },
        {
          "speaker": "speaker1",
          "personaID": "22848",
          "participantID": "0813",
          "utterance": "그렇군요. 님은 그러면 강아지 좋아하시나요?",
          "summary": "",
          "date": "2022-10-22",
          "time": "08:03:55",
          "terminate": "false"
        },
        {
          "speaker": "speaker2",
          "personaID": "23402",
          "participantID": "0961",
          "utterance": "강아지 정말 좋아하죠 ㅎㅎ. 진돗개가 늠름하고 멋지더라구요.",
          "summary": "나는 진돗개를 좋아한다.",
          "date": "2022-10-22",
          "time": "08:04:26",
          "terminate": "false"
        },
        {
          "speaker": "speaker1",
          "personaID": "22848",
          "participantID": "0813",
          "utterance": "오~ 진돗개 유기견이 있구나... 그거 참 불쌍하네요.",
          "summary": "",
          "date": "2022-10-22",
          "time": "08:04:26",
          "terminate": "false"
        },
        {
          "speaker": "speaker2",
          "personaID": "23402",
          "participantID": "0961",
          "utterance": "그렇죠 ㅠㅠ. 친한 친구 진돌이가 있는데 한쪽눈이 없답니다.",
          "summary": "",
          "date": "2022-10-22",
          "time": "08:04:44",
          "terminate": "false"
        },
        {
          "speaker": "speaker1",
          "personaID": "22848",
          "participantID": "0813",
          "utterance": "저도 진돗개를 정말 좋아해서요. 그거 참 마음이 아프네요.",
          "summary": "나는 진돗개를 좋아한다.",
          "date": "2022-10-22",
          "time": "08:04:45",
          "terminate": "false"
        },
        {
          "speaker": "speaker2",
          "personaID": "23402",
          "participantID": "0961",
          "utterance": "다음에 기회가 되시면 봉사활동해보셔도 좋겠어요.",
          "summary": "",
          "date": "2022-10-22",
          "time": "08:04:58",
          "terminate": "false"
        },
        {
          "speaker": "speaker1",
          "personaID": "22848",
          "participantID": "0813",
          "utterance": "그렇네요. 어릴때 시골에서 진돗개를 키워서요. 정이 많이 갈거같아요.",
          "summary": "나는 시골에서 진돗개를 키웠다.",
          "date": "2022-10-22",
          "time": "08:05:00",
          "terminate": "false"
        },
        {
          "speaker": "speaker2",
          "personaID": "23402",
          "participantID": "0961",
          "utterance": "저는 어릴때는 뽀미라는 개를 키웠는데 나이가 들어서 천국으로 가버렸네요..",
          "summary": "나는 뽀미라는 이름의 개를 키웠다.",
          "date": "2022-10-22",
          "time": "08:05:30",
          "terminate": "false"
        },
        {
          "speaker": "speaker1",
          "personaID": "22848",
          "participantID": "0813",
          "utterance": "그렇군요... 아무래도 그래서 강아지 키우는게 힘든거같아요.",
          "summary": "",
          "date": "2022-10-22",
          "time": "08:05:34",
          "terminate": "false"
        },
        {
          "speaker": "speaker2",
          "personaID": "23402",
          "participantID": "0961",
          "utterance": "그런거같아요~ 다음에도 봉사하러 가고싶네요.",
          "summary": "",
          "date": "2022-10-22",
          "time": "08:06:03",
          "terminate": "false"
        },
        {
          "speaker": "speaker1",
          "personaID": "22848",
          "participantID": "0813",
          "utterance": "네 ㅎㅎ. 그러면 다음에 저도 가볼게요~ 다음에 연락할게요!",
          "summary": "",
          "date": "2022-10-22",
          "time": "08:06:05",
          "terminate": "false"
        },
        {
          "speaker": "speaker2",
          "personaID": "23402",
          "participantID": "0961",
          "utterance": "그럼 오늘 하루 재미있게 보내세요! 다음에 또 연락해요.",
          "summary": "",
          "date": "2022-10-22",
          "time": "08:06:12",
          "terminate": "true"
        }
      ],
      "sessionPersonaSummary": {
        "speaker1": [
          "나는 진돗개를 좋아한다.",
          "나는 시골에서 진돗개를 키웠다."
        ],
        "speaker2": [
          "나는 봉사동아리에 참여했다.",
          "나는 유기견 센터에서 봉사했다.",
          "나는 진돗개를 좋아한다.",
          "나는 뽀미라는 이름의 개를 키웠다."
        ]
      },
      "prevAggregatedpersonaSummary": {
        "speaker1": [
          "나는 20대 남자이다.",
          "나는 유치원 교사이다.",
          "나는 걷기를 가끔 한다.",
          "나는 짠 음식을 좋아한다.",
          "나는 요즘, 가끔 안도감이 든다.",
          "나는 청년 주택을 알아보고 있다.",
          "나는 청년 주택을 신청한다.",
          "나의 거주지는 인천이다.",
          "나는 출퇴근이 가까운 걸 선호한다."
        ],
        "speaker2": [
          "나는 20대 남자이다.",
          "나는 봉사단 동아리에 참여한다. 나는 대학생이다.",
          "나는 아이스 카페라테를 좋아한다.",
          "나는 운동을 싫어한다.",
          "나는 요즘, 매일 화가 난다.",
          "나는 수업이 있다.",
          "나는 검은색을 싫어한다.",
          "나는 청약 통장을 만들 것이다.",
          "나는 직장 근처에 청약을 넣고 싶다.",
          "나는 10년 후에 집을 사는 것이 목표이다.",
          "나는 약속이 있다."
        ]
      }
    }
  ]
}