{
  "FileInfo": {
    "filename": "K3-00584-CL03205-CP02406-14-04-S3.json",
    "sessionLevel": "3"
  },
  "participantsInfo": {
    "numberOfParticipants": "2",
    "speaker1": {
      "participantID": "0084",
      "gender": "남성",
      "age": "30대",
      "occupation": "기능직",
      "bPlace": "대전/세종/충청/강원",
      "gPlace": "대전/세종/충청/강원",
      "rPlace": "대전/세종/충청/강원",
      "educationLevel": "대졸"
    },
    "speaker2": {
      "participantID": "0043",
      "gender": "남성",
      "age": "30대",
      "occupation": "사무직",
      "bPlace": "서울/경기/인천",
      "gPlace": "서울/경기/인천",
      "rPlace": "서울/경기/인천",
      "educationLevel": "고졸"
    }
  },
  "multisessionInfo": {
    "multisessionID": "3-00584"
  },
  "personaInfo": {
    "clInfo": {
      "personaID": "03205",
      "personaFeatures": [
        "나는 남자이다.",
        "나는 40대이다.",
        "나는 부모님과 마찰이 있다.",
        "나는 중국어에 관심 있지만 배울 시간이 없다.",
        "나는 레게 음악을 자주 듣는다."
      ],
      "speakerType": "speaker1"
    },
    "cpInfo": {
      "personaID": "02406",
      "personaFeatures": [
        "나는 남자이다.",
        "나는 30대이다.",
        "나의 남자 형제는 세무사이다.",
        "나는 트럼펫을 배우고 싶다.",
        "나는 요즘, 자주 스트레스를 받는다."
      ],
      "speakerType": "speaker2"
    }
  },
  "topicInfo": {
    "topicID": "14-04",
    "topicType": "시사/사회>사회이슈(국내)",
    "topicTitle": "법과 제도"
  },
  "sessionInfo": [
    {
      "prevSessionID": null,
      "prevTimeInfo": {
        "timeNum": null,
        "timeUnit": null
      },
      "nthSession": "1",
      "numberOfUtterances": "16",
      "numberOfTurns": "8",
      "sessionID": "3-00584-1",
      "dialog": [
        {
          "speaker": "speaker1",
          "personaID": "03205",
          "participantID": "0084",
          "utterance": "안녕하세요 저는 40대 남자입니다.",
          "summary": "나는 남자이다. 나는 40대이다.",
          "date": "2022-08-05",
          "time": "13:16:20",
          "terminate": "false"
        },
        {
          "speaker": "speaker2",
          "personaID": "02406",
          "participantID": "0043",
          "utterance": "반갑습니다 저는 30대 남자입니다.",
          "summary": "나는 남자이다. 나는 30대이다.",
          "date": "2022-08-05",
          "time": "13:16:37",
          "terminate": "false"
        },
        {
          "speaker": "speaker1",
          "personaID": "03205",
          "participantID": "0084",
          "utterance": "혹시 이번에 발의 된 법안보셨나요??",
          "summary": "",
          "date": "2022-08-05",
          "time": "13:17:35",
          "terminate": "false"
        },
        {
          "speaker": "speaker2",
          "personaID": "02406",
          "participantID": "0043",
          "utterance": "법안이요?어떤 법안 말씀하시는거에요??",
          "summary": "",
          "date": "2022-08-05",
          "time": "13:17:49",
          "terminate": "false"
        },
        {
          "speaker": "speaker1",
          "personaID": "03205",
          "participantID": "0084",
          "utterance": "결혼을 하지않은 솔로들에게 솔로세금을 부과하는 법안이요.",
          "summary": "",
          "date": "2022-08-05",
          "time": "13:18:06",
          "terminate": "false"
        },
        {
          "speaker": "speaker2",
          "personaID": "02406",
          "participantID": "0043",
          "utterance": "그런 법안이 발의가 됐었군요.몰랐어요.",
          "summary": "",
          "date": "2022-08-05",
          "time": "13:18:17",
          "terminate": "false"
        },
        {
          "speaker": "speaker1",
          "personaID": "03205",
          "participantID": "0084",
          "utterance": "혹시 결혼을 하셨거나 계획이 있으세요?",
          "summary": "",
          "date": "2022-08-05",
          "time": "13:18:31",
          "terminate": "false"
        },
        {
          "speaker": "speaker2",
          "personaID": "02406",
          "participantID": "0043",
          "utterance": "아니요 요즘 안그래도 부모님이 자꾸 결혼하라고 하셔서 자주 스트레스를 받아요.",
          "summary": "나는 요즘, 자주 스트레스를 받는다.",
          "date": "2022-08-05",
          "time": "13:18:46",
          "terminate": "false"
        },
        {
          "speaker": "speaker1",
          "personaID": "03205",
          "participantID": "0084",
          "utterance": "저도 저 법안 발의 된 이후로 부모님하고 결혼문제로 자주 부딪히네요.",
          "summary": "나는 부모님과 마찰이 있다.",
          "date": "2022-08-05",
          "time": "13:19:05",
          "terminate": "false"
        },
        {
          "speaker": "speaker2",
          "personaID": "02406",
          "participantID": "0043",
          "utterance": "저 법안이 통과되면 반발이 굉장할거같은데요?",
          "summary": "",
          "date": "2022-08-05",
          "time": "13:19:39",
          "terminate": "false"
        },
        {
          "speaker": "speaker1",
          "personaID": "03205",
          "participantID": "0084",
          "utterance": "이미 누리꾼들 사이에서는 저 법안이 뜨거운 감자에요.",
          "summary": "",
          "date": "2022-08-05",
          "time": "13:19:53",
          "terminate": "false"
        },
        {
          "speaker": "speaker2",
          "personaID": "02406",
          "participantID": "0043",
          "utterance": "제가 볼 때는 통과는 안될것같네요.",
          "summary": "",
          "date": "2022-08-05",
          "time": "13:20:52",
          "terminate": "false"
        },
        {
          "speaker": "speaker1",
          "personaID": "03205",
          "participantID": "0084",
          "utterance": "저도 그렇게 생각하는데 저런 법안이 나온거 자체가 좀 불편하네요.",
          "summary": "",
          "date": "2022-08-05",
          "time": "13:21:09",
          "terminate": "false"
        },
        {
          "speaker": "speaker2",
          "personaID": "02406",
          "participantID": "0043",
          "utterance": "그러게요.결혼을 하기싫어서 못하는게 아닌데 말이에요.",
          "summary": "",
          "date": "2022-08-05",
          "time": "13:21:23",
          "terminate": "false"
        },
        {
          "speaker": "speaker1",
          "personaID": "03205",
          "participantID": "0084",
          "utterance": "앞으로 어떻게 될지 추세를 좀 지켜봐야겠네요.",
          "summary": "",
          "date": "2022-08-05",
          "time": "13:21:39",
          "terminate": "false"
        },
        {
          "speaker": "speaker2",
          "personaID": "02406",
          "participantID": "0043",
          "utterance": "저도 좀 관심을 가져야겠어요.",
          "summary": "",
          "date": "2022-08-05",
          "time": "13:21:49",
          "terminate": "true"
        }
      ],
      "sessionPersonaSummary": {
        "speaker1": [
          "나는 남자이다. 나는 40대이다.",
          "나는 부모님과 마찰이 있다."
        ],
        "speaker2": [
          "나는 남자이다. 나는 30대이다.",
          "나는 요즘, 자주 스트레스를 받는다."
        ]
      },
      "prevAggregatedpersonaSummary": {
        "speaker1": [],
        "speaker2": []
      }
    },
    {
      "prevSessionID": "3-00584-1",
      "prevTimeInfo": {
        "timeNum": "7",
        "timeUnit": "일"
      },
      "nthSession": "2",
      "numberOfUtterances": "16",
      "numberOfTurns": "8",
      "sessionID": "3-00584-2",
      "dialog": [
        {
          "speaker": "speaker1",
          "personaID": "03205",
          "participantID": "0084",
          "utterance": "잘지내시죠?요즘은 뭐하면서 지내세요?",
          "summary": "",
          "date": "2022-08-05",
          "time": "13:22:38",
          "terminate": "false"
        },
        {
          "speaker": "speaker2",
          "personaID": "02406",
          "participantID": "0043",
          "utterance": "저야 잘지내죠.다니던 회사를 그만두고 세무사준비를 하고있어요.",
          "summary": "나는 회사를 그만뒀다.",
          "date": "2022-08-05",
          "time": "13:22:55",
          "terminate": "false"
        },
        {
          "speaker": "speaker1",
          "personaID": "03205",
          "participantID": "0084",
          "utterance": "다니면서 준비해도 되지않나요??",
          "summary": "",
          "date": "2022-08-05",
          "time": "13:23:22",
          "terminate": "false"
        },
        {
          "speaker": "speaker2",
          "personaID": "02406",
          "participantID": "0043",
          "utterance": "그렇게 했었는데 만만치가 않더라고요.",
          "summary": "",
          "date": "2022-08-05",
          "time": "13:23:32",
          "terminate": "false"
        },
        {
          "speaker": "speaker1",
          "personaID": "03205",
          "participantID": "0084",
          "utterance": "근데 갑자기 세무사는 왜 준비하시게된거에요?",
          "summary": "",
          "date": "2022-08-05",
          "time": "13:23:45",
          "terminate": "false"
        },
        {
          "speaker": "speaker2",
          "personaID": "02406",
          "participantID": "0043",
          "utterance": "저희 형이 세무사를 하는데 회사에 자리가 하나 났다고해서요.",
          "summary": "나의 남자 형제는 세무사이다.",
          "date": "2022-08-05",
          "time": "13:23:58",
          "terminate": "false"
        },
        {
          "speaker": "speaker1",
          "personaID": "03205",
          "participantID": "0084",
          "utterance": "아 그렇군요 저는 회사일때문에 배우고싶은것도 못배우고 있네요.",
          "summary": "",
          "date": "2022-08-05",
          "time": "13:24:16",
          "terminate": "false"
        },
        {
          "speaker": "speaker2",
          "personaID": "02406",
          "participantID": "0043",
          "utterance": "어떤 거 배우시고 싶으신데요??",
          "summary": "",
          "date": "2022-08-05",
          "time": "13:24:25",
          "terminate": "false"
        },
        {
          "speaker": "speaker1",
          "personaID": "03205",
          "participantID": "0084",
          "utterance": "저는 중국어에 관심이 있어서요.근데 회사때문에 시간없다고 그만두고 배우고싶지않네요.",
          "summary": "나는 중국어에 관심 있지만 배울 시간이 없다.",
          "date": "2022-08-05",
          "time": "13:25:02",
          "terminate": "false"
        },
        {
          "speaker": "speaker2",
          "personaID": "02406",
          "participantID": "0043",
          "utterance": "중국어는 굉장히 난이도가 높다고 들었어요.",
          "summary": "",
          "date": "2022-08-05",
          "time": "13:25:19",
          "terminate": "false"
        },
        {
          "speaker": "speaker1",
          "personaID": "03205",
          "participantID": "0084",
          "utterance": "네 성조도 그렇고 중국지역마다 언어편차가 커요.",
          "summary": "",
          "date": "2022-08-05",
          "time": "13:25:40",
          "terminate": "false"
        },
        {
          "speaker": "speaker2",
          "personaID": "02406",
          "participantID": "0043",
          "utterance": "혹시 음악쪽은 관심없으세요??",
          "summary": "",
          "date": "2022-08-05",
          "time": "13:25:52",
          "terminate": "false"
        },
        {
          "speaker": "speaker1",
          "personaID": "03205",
          "participantID": "0084",
          "utterance": "음악좋아해요!저는 레게음악을 자주 듣거든요.그쪽은요?",
          "summary": "나는 레게 음악을 자주 듣는다.",
          "date": "2022-08-05",
          "time": "13:26:04",
          "terminate": "false"
        },
        {
          "speaker": "speaker2",
          "personaID": "02406",
          "participantID": "0043",
          "utterance": "저도 음악좋아해서 세무사가 되면 트럼펫을 배우고싶어요.",
          "summary": "나는 트럼펫을 배우고 싶다.",
          "date": "2022-08-05",
          "time": "13:26:27",
          "terminate": "false"
        },
        {
          "speaker": "speaker1",
          "personaID": "03205",
          "participantID": "0084",
          "utterance": "아 저는 악기에는 소질이 없어서 관심이 없네요.",
          "summary": "나는 악기에 관심이 없다.",
          "date": "2022-08-05",
          "time": "13:27:02",
          "terminate": "false"
        },
        {
          "speaker": "speaker2",
          "personaID": "02406",
          "participantID": "0043",
          "utterance": "저도 그냥 가벼운 마음으로 해보려고요.",
          "summary": "",
          "date": "2022-08-05",
          "time": "13:27:28",
          "terminate": "true"
        }
      ],
      "sessionPersonaSummary": {
        "speaker1": [
          "나는 중국어에 관심 있지만 배울 시간이 없다.",
          "나는 레게 음악을 자주 듣는다.",
          "나는 악기에 관심이 없다."
        ],
        "speaker2": [
          "나는 회사를 그만뒀다.",
          "나의 남자 형제는 세무사이다.",
          "나는 트럼펫을 배우고 싶다."
        ]
      },
      "prevAggregatedpersonaSummary": {
        "speaker1": [
          "나는 남자이다. 나는 40대이다.",
          "나는 부모님과 마찰이 있다."
        ],
        "speaker2": [
          "나는 남자이다. 나는 30대이다.",
          "나는 요즘, 자주 스트레스를 받는다."
        ]
      }
    },
    {
      "prevSessionID": "3-00584-2",
      "prevTimeInfo": {
        "timeNum": "7",
        "timeUnit": "일"
      },
      "nthSession": "3",
      "numberOfUtterances": "16",
      "numberOfTurns": "8",
      "sessionID": "3-00584-3",
      "dialog": [
        {
          "speaker": "speaker1",
          "personaID": "03205",
          "participantID": "0084",
          "utterance": "세무사준비는 잘하고 계세요?",
          "summary": "",
          "date": "2022-08-05",
          "time": "13:28:04",
          "terminate": "false"
        },
        {
          "speaker": "speaker2",
          "personaID": "02406",
          "participantID": "0043",
          "utterance": "네 형이 많이 도와줘서 열심히 하고있네요.그쪽은요?",
          "summary": "",
          "date": "2022-08-05",
          "time": "13:28:13",
          "terminate": "false"
        },
        {
          "speaker": "speaker1",
          "personaID": "03205",
          "participantID": "0084",
          "utterance": "저는 요새 야근도 많고 회식도 많아서 몸이 망가진거같아서 휴가중이에요.",
          "summary": "",
          "date": "2022-08-05",
          "time": "13:28:38",
          "terminate": "false"
        },
        {
          "speaker": "speaker2",
          "personaID": "02406",
          "participantID": "0043",
          "utterance": "아이고 조심하세요.건강이 최고의 재산이라잖아요.",
          "summary": "",
          "date": "2022-08-05",
          "time": "13:29:03",
          "terminate": "false"
        },
        {
          "speaker": "speaker1",
          "personaID": "03205",
          "participantID": "0084",
          "utterance": "그러니까말이에요 워라밸을 찾아서 이직을 할까봐요..",
          "summary": "",
          "date": "2022-08-05",
          "time": "13:29:13",
          "terminate": "false"
        },
        {
          "speaker": "speaker2",
          "personaID": "02406",
          "participantID": "0043",
          "utterance": "돈을 조금만 포기하면 시간을 얻을수있지않을까요?",
          "summary": "",
          "date": "2022-08-05",
          "time": "13:29:33",
          "terminate": "false"
        },
        {
          "speaker": "speaker1",
          "personaID": "03205",
          "participantID": "0084",
          "utterance": "그러니까요 근데 또 평소에 쓰던 습관이 있으니까 막상 옮기기가 쉽진않네요.",
          "summary": "",
          "date": "2022-08-05",
          "time": "13:29:53",
          "terminate": "false"
        },
        {
          "speaker": "speaker2",
          "personaID": "02406",
          "participantID": "0043",
          "utterance": "저도 일을 그만두고 준비중이라 생활비가 빠듯하긴한데 금방 적응돼요.",
          "summary": "나는 생활비가 빠듯하다.",
          "date": "2022-08-05",
          "time": "13:30:24",
          "terminate": "false"
        },
        {
          "speaker": "speaker1",
          "personaID": "03205",
          "participantID": "0084",
          "utterance": "저도 빠듯한 생활에 잘 적응할수있을까요?",
          "summary": "",
          "date": "2022-08-05",
          "time": "13:30:36",
          "terminate": "false"
        },
        {
          "speaker": "speaker2",
          "personaID": "02406",
          "participantID": "0043",
          "utterance": "그럼요 저도 회사다닐때는 맨날 물쓰듯이 돈 썼었는데 오히려 없으니까 안쓰게되더라고요.",
          "summary": "",
          "date": "2022-08-05",
          "time": "13:30:57",
          "terminate": "false"
        },
        {
          "speaker": "speaker1",
          "personaID": "03205",
          "participantID": "0084",
          "utterance": "그러면 진지하게 한번 생각해봐야겠네요.",
          "summary": "",
          "date": "2022-08-05",
          "time": "13:31:05",
          "terminate": "false"
        },
        {
          "speaker": "speaker2",
          "personaID": "02406",
          "participantID": "0043",
          "utterance": "이직하게되면 정시출근 정시퇴근하는곳으로 가시겠네요?",
          "summary": "",
          "date": "2022-08-05",
          "time": "13:31:19",
          "terminate": "false"
        },
        {
          "speaker": "speaker1",
          "personaID": "03205",
          "participantID": "0084",
          "utterance": "아무래도 그걸 제일 우선순위로 볼 거 같아요.",
          "summary": "나의 우선순위는 워라밸이다.",
          "date": "2022-08-05",
          "time": "13:31:34",
          "terminate": "false"
        },
        {
          "speaker": "speaker2",
          "personaID": "02406",
          "participantID": "0043",
          "utterance": "너무 극단적이긴한데 그러면 이직 할 곳 구하시기전까지 편의점알바라도 가볍게 하시는건 어때요?",
          "summary": "",
          "date": "2022-08-05",
          "time": "13:31:58",
          "terminate": "false"
        },
        {
          "speaker": "speaker1",
          "personaID": "03205",
          "participantID": "0084",
          "utterance": "오 그거 괜찮네요 제가 왜 알바를 생각을 못했을까요 감사합니다.",
          "summary": "",
          "date": "2022-08-05",
          "time": "13:32:08",
          "terminate": "false"
        },
        {
          "speaker": "speaker2",
          "personaID": "02406",
          "participantID": "0043",
          "utterance": "네 몸조리잘하시고 또 연락주세요~",
          "summary": "",
          "date": "2022-08-05",
          "time": "13:32:09",
          "terminate": "true"
        }
      ],
      "sessionPersonaSummary": {
        "speaker1": [
          "나의 우선순위는 워라밸이다."
        ],
        "speaker2": [
          "나는 생활비가 빠듯하다."
        ]
      },
      "prevAggregatedpersonaSummary": {
        "speaker1": [
          "나는 남자이다. 나는 40대이다.",
          "나는 부모님과 마찰이 있다.",
          "나는 중국어에 관심 있지만 배울 시간이 없다.",
          "나는 레게 음악을 자주 듣는다.",
          "나는 악기에 관심이 없다."
        ],
        "speaker2": [
          "나는 남자이다. 나는 30대이다.",
          "나는 요즘, 자주 스트레스를 받는다.",
          "나는 회사를 그만뒀다.",
          "나의 남자 형제는 세무사이다.",
          "나는 트럼펫을 배우고 싶다."
        ]
      }
    }
  ]
}