{
  "FileInfo": {
    "filename": "K3-00248-CL21694-CP21313-02-10-S3.json",
    "sessionLevel": "3"
  },
  "participantsInfo": {
    "numberOfParticipants": "2",
    "speaker1": {
      "participantID": "6541",
      "gender": "여성",
      "age": "30대",
      "occupation": "무직",
      "bPlace": "서울/경기/인천",
      "gPlace": "서울/경기/인천",
      "rPlace": "서울/경기/인천",
      "educationLevel": "대졸"
    },
    "speaker2": {
      "participantID": "3533",
      "gender": "남성",
      "age": "20대",
      "occupation": "사무직",
      "bPlace": "서울/경기/인천",
      "gPlace": "서울/경기/인천",
      "rPlace": "서울/경기/인천",
      "educationLevel": "대졸"
    }
  },
  "multisessionInfo": {
    "multisessionID": "3-00248"
  },
  "personaInfo": {
    "clInfo": {
      "personaID": "21694",
      "personaFeatures": [
        "나는 여자이다.",
        "나는 20대이다.",
        "나의 어머니는 요리사이다",
        "나는 영국으로 유학을 간다",
        "나는 오보에 연주를 배우고 있다"
      ],
      "speakerType": "speaker1"
    },
    "cpInfo": {
      "personaID": "21313",
      "personaFeatures": [
        "나는 남자이다.",
        "나는 20대이다.",
        "나는 호랑이에 관심이 없다",
        "나는 인생에서 가장 기쁘던 때는 혼자서 자전거를 타게 되었던 때이다",
        "나는 오보에 연주를 배우고 싶다"
      ],
      "speakerType": "speaker2"
    }
  },
  "topicInfo": {
    "topicID": "02-10",
    "topicType": "주거와 생활",
    "topicTitle": "주거 환경"
  },
  "sessionInfo": [
    {
      "prevSessionID": null,
      "prevTimeInfo": {
        "timeNum": null,
        "timeUnit": null
      },
      "nthSession": "1",
      "numberOfUtterances": "14",
      "numberOfTurns": "7",
      "sessionID": "3-00248-1",
      "dialog": [
        {
          "speaker": "speaker1",
          "personaID": "21694",
          "participantID": "6541",
          "utterance": "저는 오보에 연주를 배우고 있는 20대 여성입니다~",
          "summary": "나는 20대 여성이다. 나는 오보에 연주를 배우고 있다.",
          "date": "2022-10-28",
          "time": "00:49:39",
          "terminate": "false"
        },
        {
          "speaker": "speaker2",
          "personaID": "21313",
          "participantID": "3533",
          "utterance": "반가워요 ~ 저는 20대 남자에요 ",
          "summary": "나는 20대 남자이다",
          "date": "2022-10-28",
          "time": "01:05:08",
          "terminate": "false"
        },
        {
          "speaker": "speaker1",
          "personaID": "21694",
          "participantID": "6541",
          "utterance": "네 ㅎㅎ취미있으세요?  악기라던지요~",
          "summary": "",
          "date": "2022-10-28",
          "time": "11:57:07",
          "terminate": "false"
        },
        {
          "speaker": "speaker2",
          "personaID": "21313",
          "participantID": "3533",
          "utterance": "저는 오보에 연주를 배우고 싶어요",
          "summary": "나는 오보에 연주를 배우고 싶다",
          "date": "2022-10-28",
          "time": "12:06:23",
          "terminate": "false"
        },
        {
          "speaker": "speaker1",
          "personaID": "21694",
          "participantID": "6541",
          "utterance": "우와~ 반갑습니다! 같은 종족이네요",
          "summary": "",
          "date": "2022-10-28",
          "time": "18:51:29",
          "terminate": "false"
        },
        {
          "speaker": "speaker2",
          "personaID": "21313",
          "participantID": "3533",
          "utterance": "그런데 가격이 좀 나가서 약간 고민만 하고 있어요",
          "summary": "",
          "date": "2022-10-28",
          "time": "20:30:17",
          "terminate": "false"
        },
        {
          "speaker": "speaker1",
          "personaID": "21694",
          "participantID": "6541",
          "utterance": "충분히 그럴만 해요 ㅎㅎ 공감합니다~ 전 어머니가 요리사신대 오늘 만찬을 해주셔서 즐기다보니 벌써 이렇게 됐네요",
          "summary": "나는 어머니가 요리사 이시다",
          "date": "2022-10-28",
          "time": "22:37:28",
          "terminate": "false"
        },
        {
          "speaker": "speaker2",
          "personaID": "21313",
          "participantID": "3533",
          "utterance": "우와 그렇군요 너무 부러워요~",
          "summary": "",
          "date": "2022-10-28",
          "time": "23:03:37",
          "terminate": "false"
        },
        {
          "speaker": "speaker1",
          "personaID": "21694",
          "participantID": "6541",
          "utterance": "제가 곧 영국으로 유학갈예정이라서 날마다 진수성찬으로 차려주시네요ㅎㅎ",
          "summary": "나는 곧 영국으로 유학 갈 예정이다",
          "date": "2022-10-29",
          "time": "16:37:38",
          "terminate": "false"
        },
        {
          "speaker": "speaker2",
          "personaID": "21313",
          "participantID": "3533",
          "utterance": "유학간다니 정말 기쁘시겠어요 저는 인생에서 가장 기뻤던 때가 혼자서 자전거를 타게 되었을 때에요",
          "summary": "나는 인생에서 가장 기쁘던 때는 혼자서 자전거를 타게 되었던 때이다.",
          "date": "2022-10-29",
          "time": "18:29:22",
          "terminate": "false"
        },
        {
          "speaker": "speaker1",
          "personaID": "21694",
          "participantID": "6541",
          "utterance": "아 자전거~  요즘에도 자전거 자주 타시나요",
          "summary": "",
          "date": "2022-10-29",
          "time": "19:46:13",
          "terminate": "false"
        },
        {
          "speaker": "speaker2",
          "personaID": "21313",
          "participantID": "3533",
          "utterance": "네 저는 자전거로 가끔 집 주변 동물원 구경하러 가는데요 저는 호랑이에는 관심이 없어요",
          "summary": "나는 집 주변 동물원에 구경 간다. 나는 호랑이에 관심이 없다.",
          "date": "2022-10-29",
          "time": "20:44:24",
          "terminate": "false"
        },
        {
          "speaker": "speaker1",
          "personaID": "21694",
          "participantID": "6541",
          "utterance": "집주변에 동물원이 있어요?  ",
          "summary": "",
          "date": "2022-10-29",
          "time": "22:12:45",
          "terminate": "false"
        },
        {
          "speaker": "speaker2",
          "personaID": "21313",
          "participantID": "3533",
          "utterance": "네 작게 있어요 저는 먼저 자러 가볼게요~",
          "summary": "",
          "date": "2022-10-30",
          "time": "05:06:15",
          "terminate": "true"
        }
      ],
      "sessionPersonaSummary": {
        "speaker1": [
          "나는 20대 여성이다. 나는 오보에 연주를 배우고 있다.",
          "나는 어머니가 요리사 이시다",
          "나는 곧 영국으로 유학 갈 예정이다"
        ],
        "speaker2": [
          "나는 20대 남자이다",
          "나는 오보에 연주를 배우고 싶다",
          "나는 인생에서 가장 기쁘던 때는 혼자서 자전거를 타게 되었던 때이다.",
          "나는 집 주변 동물원에 구경 간다. 나는 호랑이에 관심이 없다."
        ]
      },
      "prevAggregatedpersonaSummary": {
        "speaker1": [],
        "speaker2": []
      }
    },
    {
      "prevSessionID": "3-00248-1",
      "prevTimeInfo": {
        "timeNum": "8",
        "timeUnit": "일"
      },
      "nthSession": "2",
      "numberOfUtterances": "14",
      "numberOfTurns": "7",
      "sessionID": "3-00248-2",
      "dialog": [
        {
          "speaker": "speaker1",
          "personaID": "21694",
          "participantID": "6541",
          "utterance": "어머 벌써 8일이나 지났습니다~ 잘 지내셨나요?",
          "summary": "",
          "date": "2022-10-31",
          "time": "15:56:05",
          "terminate": "false"
        },
        {
          "speaker": "speaker2",
          "personaID": "21313",
          "participantID": "3533",
          "utterance": "와 벌써요~ 아뇨 저는 잘 못지났어용 ㅠ",
          "summary": "",
          "date": "2022-10-31",
          "time": "16:56:34",
          "terminate": "false"
        },
        {
          "speaker": "speaker1",
          "personaID": "21694",
          "participantID": "6541",
          "utterance": "왜 못지내셨어요~ 무슨일 있으세요?",
          "summary": "",
          "date": "2022-10-31",
          "time": "20:00:48",
          "terminate": "false"
        },
        {
          "speaker": "speaker2",
          "personaID": "21313",
          "participantID": "3533",
          "utterance": "제가 오피스텔에 살고 있는데 주차장이 협소하거든요 이중주차 하다가 싸움날뻔 했어요",
          "summary": "나는 이중주차문제로 싸움할뻔했다",
          "date": "2022-10-31",
          "time": "20:43:13",
          "terminate": "false"
        },
        {
          "speaker": "speaker1",
          "personaID": "21694",
          "participantID": "6541",
          "utterance": "아이고 그러셨구나ㅜ 그런데 이중주차가 무슨뜻인가요?",
          "summary": "",
          "date": "2022-11-02",
          "time": "11:36:57",
          "terminate": "false"
        },
        {
          "speaker": "speaker2",
          "personaID": "21313",
          "participantID": "3533",
          "utterance": "아 주차 공간이 없어서 원래 주차 공간말고 그 앞에 막는 형태로 주차를 하는거에요 ",
          "summary": "",
          "date": "2022-11-02",
          "time": "12:03:49",
          "terminate": "false"
        },
        {
          "speaker": "speaker1",
          "personaID": "21694",
          "participantID": "6541",
          "utterance": "아 그런상황 말씀이구나 그럴때는 황당하다가 싸움이 솟구치죠 연락이라도 빨리 닿아야하는데 너무 자기생각만 하는거 아닌가요? ㅎ",
          "summary": "",
          "date": "2022-11-02",
          "time": "18:21:21",
          "terminate": "false"
        },
        {
          "speaker": "speaker2",
          "personaID": "21313",
          "participantID": "3533",
          "utterance": "맞아요 젊은 사람들이 살아서 그런지 제가 사는 곳은 일주일에 한번 정도 주차로 싸움이 나고 있습니다",
          "summary": "",
          "date": "2022-11-02",
          "time": "18:51:53",
          "terminate": "false"
        },
        {
          "speaker": "speaker1",
          "personaID": "21694",
          "participantID": "6541",
          "utterance": "사람 만큼이나 차가 많다보니 그런일이 많네요 싸움 날 일이 많아서 불편하시겠다 ;ㅎㅎ 그렇다고 매번 참기만 할 수도 없구요",
          "summary": "",
          "date": "2022-11-02",
          "time": "19:03:34",
          "terminate": "false"
        },
        {
          "speaker": "speaker2",
          "personaID": "21313",
          "participantID": "3533",
          "utterance": "맞아요 조금 사람이 살만한 곳으로 가려면 사람이 많은 주거지로 가는게 좋다고 생각해요",
          "summary": "나는 사람 많은 주거지가 좋다고 생각한다",
          "date": "2022-11-02",
          "time": "20:26:04",
          "terminate": "false"
        },
        {
          "speaker": "speaker1",
          "personaID": "21694",
          "participantID": "6541",
          "utterance": "지금 거주하는곳은 사람이 별로 없는편인가요?",
          "summary": "",
          "date": "2022-11-02",
          "time": "21:00:50",
          "terminate": "false"
        },
        {
          "speaker": "speaker2",
          "personaID": "21313",
          "participantID": "3533",
          "utterance": "좀 작은 오피스텔이여서 그런지 관리두 잘 안되고 그렇네요 ㅠㅠ",
          "summary": "나는 관리 안 되는 오피스텔이 싫다",
          "date": "2022-11-02",
          "time": "21:46:15",
          "terminate": "false"
        },
        {
          "speaker": "speaker1",
          "personaID": "21694",
          "participantID": "6541",
          "utterance": "오피스텔이면 보통 세대가 아주 많지 않나요? ",
          "summary": "",
          "date": "2022-11-02",
          "time": "21:48:00",
          "terminate": "false"
        },
        {
          "speaker": "speaker2",
          "personaID": "21313",
          "participantID": "3533",
          "utterance": "음 제가 비교하는 오피스텔보다는 작은 편이라 별로네유 ㅠㅠ 음 저는 이제 자러 갈게요! 담에 또 이야기해용",
          "summary": "",
          "date": "2022-11-02",
          "time": "21:50:42",
          "terminate": "true"
        }
      ],
      "sessionPersonaSummary": {
        "speaker1": [],
        "speaker2": [
          "나는 이중주차문제로 싸움할뻔했다",
          "나는 사람 많은 주거지가 좋다고 생각한다",
          "나는 관리 안 되는 오피스텔이 싫다"
        ]
      },
      "prevAggregatedpersonaSummary": {
        "speaker1": [
          "나는 20대 여성이다. 나는 오보에 연주를 배우고 있다.",
          "나는 어머니가 요리사 이시다",
          "나는 곧 영국으로 유학 갈 예정이다"
        ],
        "speaker2": [
          "나는 20대 남자이다",
          "나는 오보에 연주를 배우고 싶다",
          "나는 인생에서 가장 기쁘던 때는 혼자서 자전거를 타게 되었던 때이다.",
          "나는 집 주변 동물원에 구경 간다. 나는 호랑이에 관심이 없다."
        ]
      }
    },
    {
      "prevSessionID": "3-00248-2",
      "prevTimeInfo": {
        "timeNum": "1",
        "timeUnit": "주"
      },
      "nthSession": "3",
      "numberOfUtterances": "14",
      "numberOfTurns": "7",
      "sessionID": "3-00248-3",
      "dialog": [
        {
          "speaker": "speaker1",
          "personaID": "21694",
          "participantID": "6541",
          "utterance": "일주일만에 인사드립니다 ~그동안에는 주차문제로 별탈 없으셨나요?",
          "summary": "",
          "date": "2022-11-03",
          "time": "03:08:18",
          "terminate": "false"
        },
        {
          "speaker": "speaker2",
          "personaID": "21313",
          "participantID": "3533",
          "utterance": "우와 벌써 1주일이나 지났네요!",
          "summary": "",
          "date": "2022-11-03",
          "time": "10:45:26",
          "terminate": "false"
        },
        {
          "speaker": "speaker1",
          "personaID": "21694",
          "participantID": "6541",
          "utterance": "그러니까요 님은 자동차 운전을 하시는것 같은데 운전하신지는 오래 되셨어요 ? ",
          "summary": "",
          "date": "2022-11-03",
          "time": "19:24:23",
          "terminate": "false"
        },
        {
          "speaker": "speaker2",
          "personaID": "21313",
          "participantID": "3533",
          "utterance": "저는 이제 운전한지 오년 되었어용",
          "summary": "나는 운전한 지 오 년이 되었다",
          "date": "2022-11-03",
          "time": "19:43:56",
          "terminate": "false"
        },
        {
          "speaker": "speaker1",
          "personaID": "21694",
          "participantID": "6541",
          "utterance": "오래되셨네요~ 차량있고 자주 운전하시면 주거지역에 주차할공간도 필수적인데 요즘엔 가정마다 두대이상 차를 소유한가구도 많아서 더 부족한거 같아요 사람만큼이나 차도 많아졌달요ㅎㅎ",
          "summary": "",
          "date": "2022-11-07",
          "time": "21:03:34",
          "terminate": "false"
        },
        {
          "speaker": "speaker2",
          "personaID": "21313",
          "participantID": "3533",
          "utterance": "맞아요 두대이상인 가정들이 많더라구요!",
          "summary": "나는 차가 두대 이상 되는 가정이 많다고 본다",
          "date": "2022-11-07",
          "time": "21:38:32",
          "terminate": "false"
        },
        {
          "speaker": "speaker1",
          "personaID": "21694",
          "participantID": "6541",
          "utterance": "저희집 근처에는 편의점이 많거든요?",
          "summary": "나는 집 근처에 편의점이 많다",
          "date": "2022-11-07",
          "time": "22:23:44",
          "terminate": "false"
        },
        {
          "speaker": "speaker2",
          "personaID": "21313",
          "participantID": "3533",
          "utterance": "우와 편의점 많으셔서 좋으시겠어요 전 집 주변에 딱 하나 밖에 없어요",
          "summary": "",
          "date": "2022-11-07",
          "time": "22:26:16",
          "terminate": "false"
        },
        {
          "speaker": "speaker1",
          "personaID": "21694",
          "participantID": "6541",
          "utterance": "네 아무래도 근처에 많으니까 편리하긴 하더라구요",
          "summary": "",
          "date": "2022-11-07",
          "time": "22:28:55",
          "terminate": "false"
        },
        {
          "speaker": "speaker2",
          "personaID": "21313",
          "participantID": "3533",
          "utterance": "저 이번에 친구집에 놀러갔었는데  친구집이 아파트 대단지 인데 안에 피아노실도 있더라구요??? 너무 놀라웠어요",
          "summary": "",
          "date": "2022-11-07",
          "time": "22:30:36",
          "terminate": "false"
        },
        {
          "speaker": "speaker1",
          "personaID": "21694",
          "participantID": "6541",
          "utterance": "피아노실이요?  거주공간 외에 편의시설에요?",
          "summary": "",
          "date": "2022-11-07",
          "time": "22:31:46",
          "terminate": "false"
        },
        {
          "speaker": "speaker2",
          "personaID": "21313",
          "participantID": "3533",
          "utterance": "네~ 따로 있더라구요 너무 놀라웠어요 정말 편의시설이 다양하고 잘되어있더라구요",
          "summary": "",
          "date": "2022-11-07",
          "time": "22:32:26",
          "terminate": "false"
        },
        {
          "speaker": "speaker1",
          "personaID": "21694",
          "participantID": "6541",
          "utterance": "저는 헬스장이나 골프연습장 있는건 봣는데 요즘 아파트 단지는 여가시설이 잘되어 있군요~",
          "summary": "나는 요즘 아파트 단지는 여가 시설이 잘되어있다고 생각한다",
          "date": "2022-11-07",
          "time": "22:33:15",
          "terminate": "false"
        },
        {
          "speaker": "speaker2",
          "personaID": "21313",
          "participantID": "3533",
          "utterance": "그러게요 너무 부러웠어요 저도 아파트로 이사가고 싶어요 음 저는 이제 일이 있어서 먼저 가볼게요",
          "summary": "",
          "date": "2022-11-07",
          "time": "22:33:47",
          "terminate": "true"
        }
      ],
      "sessionPersonaSummary": {
        "speaker1": [
          "나는 집 근처에 편의점이 많다",
          "나는 요즘 아파트 단지는 여가 시설이 잘되어있다고 생각한다"
        ],
        "speaker2": [
          "나는 운전한 지 오 년이 되었다",
          "나는 차가 두대 이상 되는 가정이 많다고 본다"
        ]
      },
      "prevAggregatedpersonaSummary": {
        "speaker1": [
          "나는 20대 여성이다. 나는 오보에 연주를 배우고 있다.",
          "나는 어머니가 요리사 이시다",
          "나는 곧 영국으로 유학 갈 예정이다"
        ],
        "speaker2": [
          "나는 20대 남자이다",
          "나는 오보에 연주를 배우고 싶다",
          "나는 인생에서 가장 기쁘던 때는 혼자서 자전거를 타게 되었던 때이다.",
          "나는 집 주변 동물원에 구경 간다. 나는 호랑이에 관심이 없다.",
          "나는 이중주차문제로 싸움할뻔했다",
          "나는 사람 많은 주거지가 좋다고 생각한다",
          "나는 관리 안 되는 오피스텔이 싫다"
        ]
      }
    }
  ]
}