{
  "FileInfo": {
    "filename": "K3-00515-CL20036-CP20762-18-06-S3.json",
    "sessionLevel": "3"
  },
  "participantsInfo": {
    "numberOfParticipants": "2",
    "speaker1": {
      "participantID": "0101",
      "gender": "남성",
      "age": "20대",
      "occupation": "무직",
      "bPlace": "서울/경기/인천",
      "gPlace": "서울/경기/인천",
      "rPlace": "서울/경기/인천",
      "educationLevel": "대졸"
    },
    "speaker2": {
      "participantID": "0211",
      "gender": "남성",
      "age": "20대",
      "occupation": "학생",
      "bPlace": "서울/경기/인천",
      "gPlace": "서울/경기/인천",
      "rPlace": "서울/경기/인천",
      "educationLevel": "고졸"
    }
  },
  "multisessionInfo": {
    "multisessionID": "3-00515"
  },
  "personaInfo": {
    "clInfo": {
      "personaID": "20036",
      "personaFeatures": [
        "나는 남자이다.",
        "나는 20대이다.",
        "나의 종교는 개신교이다.",
        "나는 호주로 유학을 간다.",
        "나는 PC게임에 관심이 없다."
      ],
      "speakerType": "speaker1"
    },
    "cpInfo": {
      "personaID": "20762",
      "personaFeatures": [
        "나는 남자이다.",
        "나는 20대이다.",
        "나의 어머니는 주부이다.",
        "나는 운전하는 것을 좋아한다.",
        "나는 전쟁 영화를 싫어한다."
      ],
      "speakerType": "speaker2"
    }
  },
  "topicInfo": {
    "topicID": "18-06",
    "topicType": "상거래 전반",
    "topicTitle": "결제방법"
  },
  "sessionInfo": [
    {
      "prevSessionID": null,
      "prevTimeInfo": {
        "timeNum": null,
        "timeUnit": null
      },
      "nthSession": "1",
      "numberOfUtterances": "14",
      "numberOfTurns": "7",
      "sessionID": "3-00515-1",
      "dialog": [
        {
          "speaker": "speaker1",
          "personaID": "20036",
          "participantID": "0101",
          "utterance": "안녕하세요~ 20대 남자입니다! 반가워요.",
          "summary": "",
          "date": "2022-09-20",
          "time": "09:00:18",
          "terminate": "false"
        },
        {
          "speaker": "speaker2",
          "personaID": "20762",
          "participantID": "0211",
          "utterance": "안녕하세요. 서울 사는 20대 남자입니다~",
          "summary": "나는 20대 남자이다. 나는 서울에 산다.",
          "date": "2022-09-20",
          "time": "09:00:24",
          "terminate": "false"
        },
        {
          "speaker": "speaker1",
          "personaID": "20036",
          "participantID": "0101",
          "utterance": "요즘 갑자기 날씨가 춥네요. 따뜻하게 입으셨나요?",
          "summary": "",
          "date": "2022-09-20",
          "time": "09:00:45",
          "terminate": "false"
        },
        {
          "speaker": "speaker2",
          "personaID": "20762",
          "participantID": "0211",
          "utterance": "집에 있어서 아직 외출은 안했는데, 기온이 19도까지 떨어졌더라구요ㄷㄷ.",
          "summary": "",
          "date": "2022-09-20",
          "time": "09:01:04",
          "terminate": "false"
        },
        {
          "speaker": "speaker1",
          "personaID": "20036",
          "participantID": "0101",
          "utterance": "오 맞아요, 일어났는데 너무 추워서 놀랐지 뭐에요.. 그럼 집에서 뭐하고 계세요?",
          "summary": "나는 오늘 날씨가 너무 추워서 놀랐다.",
          "date": "2022-09-20",
          "time": "09:01:28",
          "terminate": "false"
        },
        {
          "speaker": "speaker2",
          "personaID": "20762",
          "participantID": "0211",
          "utterance": "주부인 어머니랑 아침 밥 먹었습니다! 아침으로는 간단하게 된장찌개 먹었어요.",
          "summary": "나의 어머니는 주부이다. 나는 아침메뉴로 된장찌개를 먹었다.",
          "date": "2022-09-20",
          "time": "09:02:06",
          "terminate": "false"
        },
        {
          "speaker": "speaker1",
          "personaID": "20036",
          "participantID": "0101",
          "utterance": "오 된장찌개 맛있겠네요! 저는 쑥국 먹었는데. 그럼 이제 뭐하실 예정이신가요?",
          "summary": "나는 아침식사로 쑥국을 먹었다.",
          "date": "2022-09-20",
          "time": "09:02:28",
          "terminate": "false"
        },
        {
          "speaker": "speaker2",
          "personaID": "20762",
          "participantID": "0211",
          "utterance": "크게 계획이 없어요ㅎㅎ영화볼까하는데, 괜찮은 영화 추천해주세요!",
          "summary": "나는 영화를 볼 생각이다.",
          "date": "2022-09-20",
          "time": "09:02:49",
          "terminate": "false"
        },
        {
          "speaker": "speaker1",
          "personaID": "20036",
          "participantID": "0101",
          "utterance": "오 영화.. 어떤 장르 좋아하세요? 싫어하는 장르도 있으시면 빼고 추천해드릴게요!",
          "summary": "",
          "date": "2022-09-20",
          "time": "09:03:14",
          "terminate": "false"
        },
        {
          "speaker": "speaker2",
          "personaID": "20762",
          "participantID": "0211",
          "utterance": "전쟁영화를 싫어하는 편이라 빼곤 다 좋을거 같아요ㅎㅎㅎ.",
          "summary": "나는 전쟁 영화를 싫어한다.",
          "date": "2022-09-20",
          "time": "09:03:30",
          "terminate": "false"
        },
        {
          "speaker": "speaker1",
          "personaID": "20036",
          "participantID": "0101",
          "utterance": "엇 저는 전쟁영화 좋아하는데 아쉽네요 ㅎㅎ 혹시 미 비포 유라는 영화 보셨나요?",
          "summary": "나는 전쟁 영화를 좋아한다.",
          "date": "2022-09-20",
          "time": "09:03:59",
          "terminate": "false"
        },
        {
          "speaker": "speaker2",
          "personaID": "20762",
          "participantID": "0211",
          "utterance": "헉, 봤어요ㅋㅋㅋㅋ재밌게 봤던 기억이 있네요.",
          "summary": "나는 영화 미 비포 유를 재밌게 봤던 기억이 있다.",
          "date": "2022-09-20",
          "time": "09:04:17",
          "terminate": "false"
        },
        {
          "speaker": "speaker1",
          "personaID": "20036",
          "participantID": "0101",
          "utterance": "오, 저는 책으로도 보고 영화로도 봤는데 재밌더라고요 ㅎㅎ 앗 그럼 잠시 외출하러 갔다 올게요~!",
          "summary": "나는 영화 미 비포 유를 책, 영화 모두 봤다.",
          "date": "2022-09-20",
          "time": "09:04:38",
          "terminate": "false"
        },
        {
          "speaker": "speaker2",
          "personaID": "20762",
          "participantID": "0211",
          "utterance": "넵~차조심하시구 심심하시거든 또 연락해요~!",
          "summary": "",
          "date": "2022-09-20",
          "time": "09:04:52",
          "terminate": "true"
        }
      ],
      "sessionPersonaSummary": {
        "speaker1": [
          "나는 오늘 날씨가 너무 추워서 놀랐다.",
          "나는 아침식사로 쑥국을 먹었다.",
          "나는 전쟁 영화를 좋아한다.",
          "나는 영화 미 비포 유를 책, 영화 모두 봤다."
        ],
        "speaker2": [
          "나는 20대 남자이다. 나는 서울에 산다.",
          "나의 어머니는 주부이다. 나는 아침메뉴로 된장찌개를 먹었다.",
          "나는 영화를 볼 생각이다.",
          "나는 전쟁 영화를 싫어한다.",
          "나는 영화 미 비포 유를 재밌게 봤던 기억이 있다."
        ]
      },
      "prevAggregatedpersonaSummary": {
        "speaker1": [],
        "speaker2": []
      }
    },
    {
      "prevSessionID": "3-00515-1",
      "prevTimeInfo": {
        "timeNum": "3",
        "timeUnit": "시간"
      },
      "nthSession": "2",
      "numberOfUtterances": "18",
      "numberOfTurns": "9",
      "sessionID": "3-00515-2",
      "dialog": [
        {
          "speaker": "speaker1",
          "personaID": "20036",
          "participantID": "0101",
          "utterance": "헉 벌써 세시간이나 지났네요 ㅠㅠ 혹시 핸드폰 뭐 쓰세요? 아이폰 아님 갤럭시?",
          "summary": "",
          "date": "2022-09-20",
          "time": "09:05:21",
          "terminate": "false"
        },
        {
          "speaker": "speaker2",
          "personaID": "20762",
          "participantID": "0211",
          "utterance": "갤럭시 쓰고 있습니다! 왜그러시는지 여쭤봐도 될까요?",
          "summary": "나는 갤럭시폰을 사용한다.",
          "date": "2022-09-20",
          "time": "09:05:45",
          "terminate": "false"
        },
        {
          "speaker": "speaker1",
          "personaID": "20036",
          "participantID": "0101",
          "utterance": "아하! 저는 아이폰 쓰는데 아까 공강시간에 @브랜드명1@가 들어온다는 얘기를 들어가지고요 ㅎㅎ 갤럭시면 @브랜드명2@ 편하겠네요?",
          "summary": "나는 아이폰을 사용한다.",
          "date": "2022-09-20",
          "time": "09:06:13",
          "terminate": "false"
        },
        {
          "speaker": "speaker2",
          "personaID": "20762",
          "participantID": "0211",
          "utterance": "ㅋㅋㅋㅋ아 그렇군요. 넵 ㅋㅋㅋ여러모로 @브랜드명2@ 결제방법이 편리해서 좋게 이용하고 있어요.",
          "summary": "나는 결제방법이 편리한 @브랜드명2@를 잘 이용하고 있다.",
          "date": "2022-09-20",
          "time": "09:06:36",
          "terminate": "false"
        },
        {
          "speaker": "speaker1",
          "personaID": "20036",
          "participantID": "0101",
          "utterance": "저도 지갑 두고 나가서 결제하는 기분 한번 느껴보고 싶어요ㅠㅠ 아직 @브랜드명1@는 국내에 안들어와서 부럽네요!",
          "summary": "나는 @브랜드명2@를 쓰는 상대방이 부럽다.",
          "date": "2022-09-20",
          "time": "09:07:04",
          "terminate": "false"
        },
        {
          "speaker": "speaker2",
          "personaID": "20762",
          "participantID": "0211",
          "utterance": "ㅋㅋㅋ갤럭시로 바꾸시면 되죠! 하하하하 근데 개인적으로 @브랜드명3@이 기기는 더 이쁘더라구요.",
          "summary": "나는 @브랜드명3@의 기기가 갤럭시보다 예쁘다고 느낀다.",
          "date": "2022-09-20",
          "time": "09:07:33",
          "terminate": "false"
        },
        {
          "speaker": "speaker1",
          "personaID": "20036",
          "participantID": "0101",
          "utterance": "아이패드 에어팟을 두고 바꾸기가 힘드네요ㅠㅠ @브랜드명3@ 디자인이 예쁘기는 하죠 ㅎㅎ 그럼 갤럭시 무슨 기종 쓰고 계세요?",
          "summary": "",
          "date": "2022-09-20",
          "time": "09:08:09",
          "terminate": "false"
        },
        {
          "speaker": "speaker2",
          "personaID": "20762",
          "participantID": "0211",
          "utterance": "노트쓰고 있어요ㅎㅎㅎ전 화면에 기록하는게 편리하고 좋더라구요.",
          "summary": "나는 갤럭시 노트를 쓰고 있다.",
          "date": "2022-09-20",
          "time": "09:08:25",
          "terminate": "false"
        },
        {
          "speaker": "speaker1",
          "personaID": "20036",
          "participantID": "0101",
          "utterance": "오, 저는 손이 작아서 노트같은 큰 핸드폰을 쓰면 팔이 아프던데 선생님은 괜찮으신가요?",
          "summary": "나는 손이 작다. 나는 큰 핸드폰을 쓰면 팔이 아프다.",
          "date": "2022-09-20",
          "time": "09:08:55",
          "terminate": "false"
        },
        {
          "speaker": "speaker2",
          "personaID": "20762",
          "participantID": "0211",
          "utterance": "음ㅎㅎㅎ그럴수있겠네요ㅎㅎㅎ어릴때부터 드럼을 배워서 손목에 힘이 있어서 그런지 그런건 크게 못 느꼈어요.",
          "summary": "나는 어린 시절부터 드럼을 배웠다. 나는 갤럭시 노트를 쓸 때 불편함을 못 느꼈다.",
          "date": "2022-09-20",
          "time": "09:09:29",
          "terminate": "false"
        },
        {
          "speaker": "speaker1",
          "personaID": "20036",
          "participantID": "0101",
          "utterance": "오 부러워요.. 전 어릴때부터 손목이 안좋아서 친구들도 많이 하는 PC 게임에도 관심이 없어지더라구요ㅠㅠ.",
          "summary": "나는 손목이 좋지 않다. 나는 PC게임에 관심이 없다.",
          "date": "2022-09-20",
          "time": "09:10:11",
          "terminate": "false"
        },
        {
          "speaker": "speaker2",
          "personaID": "20762",
          "participantID": "0211",
          "utterance": "그럴수있죠ㅠㅠ평상시에 손목 스트레칭 자주 해보세요. 훨씬 덜 아플거에요.",
          "summary": "나는 상대방에게 손목 스트레칭을 추천했다.",
          "date": "2022-09-20",
          "time": "09:10:39",
          "terminate": "false"
        },
        {
          "speaker": "speaker1",
          "personaID": "20036",
          "participantID": "0101",
          "utterance": "오! 꿀팁 감사합니다 ㅎㅎ 그럼 혹시 요즘 하고 계시는 취미나 그런거 있으신가요?",
          "summary": "",
          "date": "2022-09-20",
          "time": "09:11:07",
          "terminate": "false"
        },
        {
          "speaker": "speaker2",
          "personaID": "20762",
          "participantID": "0211",
          "utterance": "건반을 하나사서 심심할때마다 피아노 연습을 하고 있어요ㅎㅎ.",
          "summary": "나는 취미로 피아노 연습을 한다.",
          "date": "2022-09-20",
          "time": "09:11:31",
          "terminate": "false"
        },
        {
          "speaker": "speaker1",
          "personaID": "20036",
          "participantID": "0101",
          "utterance": "오 피아노 연습 좋네요! 저는 동아리 뭐 들어야할지 고민중인데 동아리 하고 계시나요?",
          "summary": "",
          "date": "2022-09-20",
          "time": "09:11:53",
          "terminate": "false"
        },
        {
          "speaker": "speaker2",
          "personaID": "20762",
          "participantID": "0211",
          "utterance": "대학은 졸업해서 지금은 안하고 있는데 ㅎㅎ학교다닐땐 밴드 동아리를 했어요.",
          "summary": "나는 대학교를 졸업했다. 나는 학창 시절 밴드 동아리를 했다.",
          "date": "2022-09-20",
          "time": "09:12:25",
          "terminate": "false"
        },
        {
          "speaker": "speaker1",
          "personaID": "20036",
          "participantID": "0101",
          "utterance": "아하 밴드 좋죠! 흠 저는 개신교를 다녀서 종교 동아리를 들까 고민이 되네요.. 그럼 일단 동아리 등록하러 가볼게요! 이따 또 대화해요^^",
          "summary": "나의 종교는 개신교이다.",
          "date": "2022-09-20",
          "time": "09:13:06",
          "terminate": "false"
        },
        {
          "speaker": "speaker2",
          "personaID": "20762",
          "participantID": "0211",
          "utterance": "넵~대학생활 재밌어보여서 부럽네요ㅎㅎ또 대화 나눠요.",
          "summary": "나는 상대방의 대학 생활이 재밌어 보여 부럽다.",
          "date": "2022-09-20",
          "time": "09:13:23",
          "terminate": "true"
        }
      ],
      "sessionPersonaSummary": {
        "speaker1": [
          "나는 아이폰을 사용한다.",
          "나는 @브랜드명2@를 쓰는 상대방이 부럽다.",
          "나는 손이 작다. 나는 큰 핸드폰을 쓰면 팔이 아프다.",
          "나는 손목이 좋지 않다. 나는 PC게임에 관심이 없다.",
          "나의 종교는 개신교이다."
        ],
        "speaker2": [
          "나는 갤럭시폰을 사용한다.",
          "나는 결제방법이 편리한 @브랜드명2@를 잘 이용하고 있다.",
          "나는 @브랜드명3@의 기기가 갤럭시보다 예쁘다고 느낀다.",
          "나는 갤럭시 노트를 쓰고 있다.",
          "나는 어린 시절부터 드럼을 배웠다. 나는 갤럭시 노트를 쓸 때 불편함을 못 느꼈다.",
          "나는 상대방에게 손목 스트레칭을 추천했다.",
          "나는 취미로 피아노 연습을 한다.",
          "나는 대학교를 졸업했다. 나는 학창 시절 밴드 동아리를 했다.",
          "나는 상대방의 대학 생활이 재밌어 보여 부럽다."
        ]
      },
      "prevAggregatedpersonaSummary": {
        "speaker1": [
          "나는 오늘 날씨가 너무 추워서 놀랐다.",
          "나는 아침식사로 쑥국을 먹었다.",
          "나는 전쟁 영화를 좋아한다.",
          "나는 영화 미 비포 유를 책, 영화 모두 봤다."
        ],
        "speaker2": [
          "나는 20대 남자이다. 나는 서울에 산다.",
          "나의 어머니는 주부이다. 나는 아침메뉴로 된장찌개를 먹었다.",
          "나는 영화를 볼 생각이다.",
          "나는 전쟁 영화를 싫어한다.",
          "나는 영화 미 비포 유를 재밌게 봤던 기억이 있다."
        ]
      }
    },
    {
      "prevSessionID": "3-00515-2",
      "prevTimeInfo": {
        "timeNum": "5",
        "timeUnit": "주"
      },
      "nthSession": "3",
      "numberOfUtterances": "16",
      "numberOfTurns": "8",
      "sessionID": "3-00515-3",
      "dialog": [
        {
          "speaker": "speaker1",
          "personaID": "20036",
          "participantID": "0101",
          "utterance": "안녕하세요~ 벌써 5주나 지났네요.. 저 갑자기 호주로 유학을 가게 돼서 그동안 연락을 못드렸어요ㅠㅠ.",
          "summary": "나는 호주로 유학을 간다.",
          "date": "2022-09-20",
          "time": "09:13:55",
          "terminate": "false"
        },
        {
          "speaker": "speaker2",
          "personaID": "20762",
          "participantID": "0211",
          "utterance": "ㅎㅎ괜찮아요. 운전하는거 좋아하는 편이라 요새 바쁘게 드라이브 다니고 있어서 몰랐네요. 호주 좋겠어요!",
          "summary": "나는 운전하는 것을 좋아한다. 나는 요새 드라이브를 다니며 시간을 보냈다.",
          "date": "2022-09-20",
          "time": "09:14:28",
          "terminate": "false"
        },
        {
          "speaker": "speaker1",
          "personaID": "20036",
          "participantID": "0101",
          "utterance": "벌써 너무 기대되네요 ㅎㅎ 오, 운전 면허는 언제 따셨어요?",
          "summary": "나는 호주에 가는 것이 기대된다.",
          "date": "2022-09-20",
          "time": "09:14:57",
          "terminate": "false"
        },
        {
          "speaker": "speaker2",
          "personaID": "20762",
          "participantID": "0211",
          "utterance": "20살 되자마자 땄어요ㅎㅎㅎ운전한진 얼마 안됐지만요.",
          "summary": "나는 20살 되자마자 운전면허를 땄다. 나는 운전을 시작한 지 얼마 안 됐다.",
          "date": "2022-09-20",
          "time": "09:15:13",
          "terminate": "false"
        },
        {
          "speaker": "speaker1",
          "personaID": "20036",
          "participantID": "0101",
          "utterance": "오 저는 운전면허 있는것만해도 부럽네요 ㅋㅋ 면허시험 어렵진 않으셨나요?",
          "summary": "나는 운전면허가 있는 상대방이 부럽다.",
          "date": "2022-09-20",
          "time": "09:15:33",
          "terminate": "false"
        },
        {
          "speaker": "speaker2",
          "personaID": "20762",
          "participantID": "0211",
          "utterance": "네ㅎㅎ대부분 기본적인거라 큰 어려움 없이 성공했네요. 실기는 재밌더라구요.",
          "summary": "나는 운전면허 시험이 어렵지 않았다. 나는 실기 시험이 재밌었다.",
          "date": "2022-09-20",
          "time": "09:15:50",
          "terminate": "false"
        },
        {
          "speaker": "speaker1",
          "personaID": "20036",
          "participantID": "0101",
          "utterance": "오 정말요? 전 운전하는게 무서워서 시도를 못해봤는데 저도 조만간 학원 등록해봐야겠어요ㅠㅠ.",
          "summary": "나는 조만간 운전면허 시험을 등록하기로 마음먹었다.",
          "date": "2022-09-20",
          "time": "09:16:14",
          "terminate": "false"
        },
        {
          "speaker": "speaker2",
          "personaID": "20762",
          "participantID": "0211",
          "utterance": "한번 따 놓으면 나중에 여러모로 도움이 많이 돼요ㅎㅎㅎ도전 해보세요.",
          "summary": "나는 운전을 할 수 있는 능력이 나중에 도움이 많이 된다고 생각한다.",
          "date": "2022-09-20",
          "time": "09:16:32",
          "terminate": "false"
        },
        {
          "speaker": "speaker1",
          "personaID": "20036",
          "participantID": "0101",
          "utterance": "그래야겠어요 ㅎㅎ 흠, 혹시 취미는 없으세요?",
          "summary": "",
          "date": "2022-09-20",
          "time": "09:17:09",
          "terminate": "false"
        },
        {
          "speaker": "speaker2",
          "personaID": "20762",
          "participantID": "0211",
          "utterance": "음 ㅎㅎ여태 말씀드린게 다 인데, 선생님 취미도 알려주세요~",
          "summary": "",
          "date": "2022-09-20",
          "time": "09:17:35",
          "terminate": "false"
        },
        {
          "speaker": "speaker1",
          "personaID": "20036",
          "participantID": "0101",
          "utterance": "앗 그러시구나 ㅎㅎ 저는 책 읽는게 취미에요! 혹시 책 읽는거 좋아하시나요?",
          "summary": "나는 책 읽는 게 취미이다.",
          "date": "2022-09-20",
          "time": "09:18:12",
          "terminate": "false"
        },
        {
          "speaker": "speaker2",
          "personaID": "20762",
          "participantID": "0211",
          "utterance": "어릴때 많이 읽었어요ㅎㅎㅎ저는 베르나르 베르베르의 소설을 좋아했어요.",
          "summary": "나는 어릴 때 독서를 많이 했다. 나는 베르나르 베르베르 작가의 소설을 좋아했다.",
          "date": "2022-09-20",
          "time": "09:18:33",
          "terminate": "false"
        },
        {
          "speaker": "speaker1",
          "personaID": "20036",
          "participantID": "0101",
          "utterance": "오 베르나르 베르베르 하면 개미죠ㅎㅎ 전 이건 못 읽어봤는데ㅠㅠ 재밌나요?",
          "summary": "나는 소설가 베르나르 베르베르 하면 개미라는 책이 가장 먼저 생각난다.",
          "date": "2022-09-20",
          "time": "09:19:00",
          "terminate": "false"
        },
        {
          "speaker": "speaker2",
          "personaID": "20762",
          "participantID": "0211",
          "utterance": "넵ㅎㅎㅎ워낙 어릴때라 세세한 내용이 기억나진 않지만 재밌게 읽었답니다.",
          "summary": "나는 베르나르 베르베르 소설을 재밌게 읽은 기억이 있다.",
          "date": "2022-09-20",
          "time": "09:19:24",
          "terminate": "false"
        },
        {
          "speaker": "speaker1",
          "personaID": "20036",
          "participantID": "0101",
          "utterance": "다음에 서점가면 베르나르 베르베르 소설 한번 읽어봐야겠네요. 대화 재밌었습니다! 다음에 또 연락해요~",
          "summary": "나는 다음에 서점에 가면 베르나르 베르베르 소설을 읽어보기로 했다.",
          "date": "2022-09-20",
          "time": "09:19:54",
          "terminate": "false"
        },
        {
          "speaker": "speaker2",
          "personaID": "20762",
          "participantID": "0211",
          "utterance": "저도 대화 재밌었습니다~! 다음에 또 연락 나눠요ㅎㅎㅎ.",
          "summary": "",
          "date": "2022-09-20",
          "time": "09:20:29",
          "terminate": "true"
        }
      ],
      "sessionPersonaSummary": {
        "speaker1": [
          "나는 호주로 유학을 간다.",
          "나는 호주에 가는 것이 기대된다.",
          "나는 운전면허가 있는 상대방이 부럽다.",
          "나는 조만간 운전면허 시험을 등록하기로 마음먹었다.",
          "나는 책 읽는 게 취미이다.",
          "나는 소설가 베르나르 베르베르 하면 개미라는 책이 가장 먼저 생각난다.",
          "나는 다음에 서점에 가면 베르나르 베르베르 소설을 읽어보기로 했다."
        ],
        "speaker2": [
          "나는 운전하는 것을 좋아한다. 나는 요새 드라이브를 다니며 시간을 보냈다.",
          "나는 20살 되자마자 운전면허를 땄다. 나는 운전을 시작한 지 얼마 안 됐다.",
          "나는 운전면허 시험이 어렵지 않았다. 나는 실기 시험이 재밌었다.",
          "나는 운전을 할 수 있는 능력이 나중에 도움이 많이 된다고 생각한다.",
          "나는 어릴 때 독서를 많이 했다. 나는 베르나르 베르베르 작가의 소설을 좋아했다.",
          "나는 베르나르 베르베르 소설을 재밌게 읽은 기억이 있다."
        ]
      },
      "prevAggregatedpersonaSummary": {
        "speaker1": [
          "나는 오늘 날씨가 너무 추워서 놀랐다.",
          "나는 아침식사로 쑥국을 먹었다.",
          "나는 전쟁 영화를 좋아한다.",
          "나는 영화 미 비포 유를 책, 영화 모두 봤다.",
          "나는 아이폰을 사용한다.",
          "나는 @브랜드명2@를 쓰는 상대방이 부럽다.",
          "나는 손이 작다. 나는 큰 핸드폰을 쓰면 팔이 아프다.",
          "나는 손목이 좋지 않다. 나는 PC게임에 관심이 없다.",
          "나의 종교는 개신교이다."
        ],
        "speaker2": [
          "나는 20대 남자이다. 나는 서울에 산다.",
          "나의 어머니는 주부이다. 나는 아침메뉴로 된장찌개를 먹었다.",
          "나는 영화를 볼 생각이다.",
          "나는 전쟁 영화를 싫어한다.",
          "나는 영화 미 비포 유를 재밌게 봤던 기억이 있다.",
          "나는 갤럭시폰을 사용한다.",
          "나는 결제방법이 편리한 @브랜드명2@를 잘 이용하고 있다.",
          "나는 @브랜드명3@의 기기가 갤럭시보다 예쁘다고 느낀다.",
          "나는 갤럭시 노트를 쓰고 있다.",
          "나는 어린 시절부터 드럼을 배웠다. 나는 갤럭시 노트를 쓸 때 불편함을 못 느꼈다.",
          "나는 상대방에게 손목 스트레칭을 추천했다.",
          "나는 취미로 피아노 연습을 한다.",
          "나는 대학교를 졸업했다. 나는 학창 시절 밴드 동아리를 했다.",
          "나는 상대방의 대학 생활이 재밌어 보여 부럽다."
        ]
      }
    }
  ]
}