{
  "FileInfo": {
    "filename": "K3-00381-CL30460-CP32115-14-07-S3.json",
    "sessionLevel": "3"
  },
  "participantsInfo": {
    "numberOfParticipants": "2",
    "speaker1": {
      "participantID": "0986",
      "gender": "남성",
      "age": "30대",
      "occupation": "판매직",
      "bPlace": "서울/경기/인천",
      "gPlace": "서울/경기/인천",
      "rPlace": "서울/경기/인천",
      "educationLevel": "대졸"
    },
    "speaker2": {
      "participantID": "0984",
      "gender": "여성",
      "age": "30대",
      "occupation": "무직",
      "bPlace": "서울/경기/인천",
      "gPlace": "서울/경기/인천",
      "rPlace": "서울/경기/인천",
      "educationLevel": "고졸"
    }
  },
  "multisessionInfo": {
    "multisessionID": "3-00381"
  },
  "personaInfo": {
    "clInfo": {
      "personaID": "30460",
      "personaFeatures": [
        "나는 남자이다.",
        "나는 30대이다.",
        "나는 환경미화원이다.",
        "나는 힐링 여행에 관심 없다.",
        "나는 TV 드라마를 가끔 본다."
      ],
      "speakerType": "speaker1"
    },
    "cpInfo": {
      "personaID": "32115",
      "personaFeatures": [
        "나는 여자이다.",
        "나는 30대이다.",
        "나의 거주지는 동해이다.",
        "나는 앵무새 두 마리를 키운다.",
        "나는 딸기를 안 먹는다."
      ],
      "speakerType": "speaker2"
    }
  },
  "topicInfo": {
    "topicID": "14-07",
    "topicType": "시사/사회>사회이슈(국내)",
    "topicTitle": "사회 갈등"
  },
  "sessionInfo": [
    {
      "prevSessionID": null,
      "prevTimeInfo": {
        "timeNum": null,
        "timeUnit": null
      },
      "nthSession": "1",
      "numberOfUtterances": "16",
      "numberOfTurns": "8",
      "sessionID": "3-00381-1",
      "dialog": [
        {
          "speaker": "speaker1",
          "personaID": "30460",
          "participantID": "0986",
          "utterance": "헬로헬로~ 저는 30대 남자입니다.",
          "summary": "나는 30대 남자이다.",
          "date": "2022-10-21",
          "time": "09:44:10",
          "terminate": "false"
        },
        {
          "speaker": "speaker2",
          "personaID": "32115",
          "participantID": "0984",
          "utterance": "헬로우! 저는 30대 여자입니다~",
          "summary": "나는 30대 여자이다.",
          "date": "2022-10-21",
          "time": "09:44:21",
          "terminate": "false"
        },
        {
          "speaker": "speaker1",
          "personaID": "30460",
          "participantID": "0986",
          "utterance": "그쪽은 혹시 드라마 좀 좋아하세요?",
          "summary": "",
          "date": "2022-10-21",
          "time": "09:44:32",
          "terminate": "false"
        },
        {
          "speaker": "speaker2",
          "personaID": "32115",
          "participantID": "0984",
          "utterance": "드라마 좋아하죠~ ㅎㅎ 그쪽은요?",
          "summary": "",
          "date": "2022-10-21",
          "time": "09:44:40",
          "terminate": "false"
        },
        {
          "speaker": "speaker1",
          "personaID": "30460",
          "participantID": "0986",
          "utterance": "저는 TV 드라마를 가끔 보고 있거든요.",
          "summary": "나는 TV 드라마를 가끔 본다.",
          "date": "2022-10-21",
          "time": "09:45:00",
          "terminate": "false"
        },
        {
          "speaker": "speaker2",
          "personaID": "32115",
          "participantID": "0984",
          "utterance": "아 그러시구나. 어떤거 보세요?",
          "summary": "",
          "date": "2022-10-21",
          "time": "09:45:06",
          "terminate": "false"
        },
        {
          "speaker": "speaker1",
          "personaID": "30460",
          "participantID": "0986",
          "utterance": "저는 고스트 닥터라는 프로그램을 최근 다시 보고있어요.",
          "summary": "",
          "date": "2022-10-21",
          "time": "09:45:31",
          "terminate": "false"
        },
        {
          "speaker": "speaker2",
          "personaID": "32115",
          "participantID": "0984",
          "utterance": "그렇군요. 처음 들어봐요. 사실 저도 돌볼 반려동물이 있어서 자주 보지는 않아요.",
          "summary": "",
          "date": "2022-10-21",
          "time": "09:45:44",
          "terminate": "false"
        },
        {
          "speaker": "speaker1",
          "personaID": "30460",
          "participantID": "0986",
          "utterance": "아 그렇군요. 반려동물 키우시나봐요?",
          "summary": "",
          "date": "2022-10-21",
          "time": "09:45:55",
          "terminate": "false"
        },
        {
          "speaker": "speaker2",
          "personaID": "32115",
          "participantID": "0984",
          "utterance": "네 맞아요. 저는 앵무새 두 마리를 키우고 있죠!",
          "summary": "나는 앵무새 두 마리를 키운다.",
          "date": "2022-10-21",
          "time": "09:46:01",
          "terminate": "false"
        },
        {
          "speaker": "speaker1",
          "personaID": "30460",
          "participantID": "0986",
          "utterance": "아 앵무새 두마리 나쁘지 않네요. 귀여울것 같은데요?",
          "summary": "",
          "date": "2022-10-21",
          "time": "09:46:09",
          "terminate": "false"
        },
        {
          "speaker": "speaker2",
          "personaID": "32115",
          "participantID": "0984",
          "utterance": "네 ㅎㅎ 맞습니다. 아주 귀엽고 이뻐요!",
          "summary": "",
          "date": "2022-10-21",
          "time": "09:46:16",
          "terminate": "false"
        },
        {
          "speaker": "speaker1",
          "personaID": "30460",
          "participantID": "0986",
          "utterance": "나중에 사진이나 영상같은거 보내주실수 있나요?",
          "summary": "",
          "date": "2022-10-21",
          "time": "09:46:31",
          "terminate": "false"
        },
        {
          "speaker": "speaker2",
          "personaID": "32115",
          "participantID": "0984",
          "utterance": "아 그럼요! 얼마든지 보내드릴게요~",
          "summary": "",
          "date": "2022-10-21",
          "time": "09:46:39",
          "terminate": "false"
        },
        {
          "speaker": "speaker1",
          "personaID": "30460",
          "participantID": "0986",
          "utterance": "좋네요. 그러면 저는 이만 일하러 가볼게요. 담에 또 이야기 나눠요~!",
          "summary": "",
          "date": "2022-10-21",
          "time": "09:46:42",
          "terminate": "false"
        },
        {
          "speaker": "speaker2",
          "personaID": "32115",
          "participantID": "0984",
          "utterance": "네 그럼 좋은 하루 되세요~ ㅎㅎ 일 화이팅!",
          "summary": "",
          "date": "2022-10-21",
          "time": "09:46:45",
          "terminate": "true"
        }
      ],
      "sessionPersonaSummary": {
        "speaker1": [
          "나는 30대 남자이다.",
          "나는 TV 드라마를 가끔 본다."
        ],
        "speaker2": [
          "나는 30대 여자이다.",
          "나는 앵무새 두 마리를 키운다."
        ]
      },
      "prevAggregatedpersonaSummary": {
        "speaker1": [],
        "speaker2": []
      }
    },
    {
      "prevSessionID": "3-00381-1",
      "prevTimeInfo": {
        "timeNum": "5",
        "timeUnit": "일"
      },
      "nthSession": "2",
      "numberOfUtterances": "16",
      "numberOfTurns": "8",
      "sessionID": "3-00381-2",
      "dialog": [
        {
          "speaker": "speaker1",
          "personaID": "30460",
          "participantID": "0986",
          "utterance": "5일정도 흘러서 연락드리는것 같아요. 앵무새 두마리는 잘 지내나요?",
          "summary": "",
          "date": "2022-10-21",
          "time": "09:46:52",
          "terminate": "false"
        },
        {
          "speaker": "speaker2",
          "personaID": "32115",
          "participantID": "0984",
          "utterance": "아 오랜만이에요~ 네 잘 지내고 있습니다!",
          "summary": "",
          "date": "2022-10-21",
          "time": "09:46:58",
          "terminate": "false"
        },
        {
          "speaker": "speaker1",
          "personaID": "30460",
          "participantID": "0986",
          "utterance": "잘 지낸다니 다행이에요. 그쪽은 혹시 무슨 일 하고 계세요?",
          "summary": "",
          "date": "2022-10-21",
          "time": "09:47:12",
          "terminate": "false"
        },
        {
          "speaker": "speaker2",
          "personaID": "32115",
          "participantID": "0984",
          "utterance": "아 저는 동해에 거주하면서 직장 다니고 있어요. ㅎㅎ 회사원이죠.",
          "summary": "나는 동해에 거주한다. 나는 회사원이다.",
          "date": "2022-10-21",
          "time": "09:47:26",
          "terminate": "false"
        },
        {
          "speaker": "speaker1",
          "personaID": "30460",
          "participantID": "0986",
          "utterance": "회사원이시구나. 저는 사실 환경미화원이거든요.",
          "summary": "나는 환경미화원이다.",
          "date": "2022-10-21",
          "time": "09:47:41",
          "terminate": "false"
        },
        {
          "speaker": "speaker2",
          "personaID": "32115",
          "participantID": "0984",
          "utterance": "아 그러세요? 요즘 환경미화원도 되기 엄청 어렵다던데 맞나요?",
          "summary": "",
          "date": "2022-10-21",
          "time": "09:47:59",
          "terminate": "false"
        },
        {
          "speaker": "speaker1",
          "personaID": "30460",
          "participantID": "0986",
          "utterance": "맞아요. 그런데 요즘 일하기 힘들때가 많아요.",
          "summary": "",
          "date": "2022-10-21",
          "time": "09:48:10",
          "terminate": "false"
        },
        {
          "speaker": "speaker2",
          "personaID": "32115",
          "participantID": "0984",
          "utterance": "그래요? 어떤 부분이 힘드신가요?",
          "summary": "",
          "date": "2022-10-21",
          "time": "09:48:17",
          "terminate": "false"
        },
        {
          "speaker": "speaker1",
          "personaID": "30460",
          "participantID": "0986",
          "utterance": "사실 일 자체는 할만한데요. 수거하러 가는곳이 사회 갈등으로 부부싸움이 좀 만연해있더라고요.",
          "summary": "",
          "date": "2022-10-21",
          "time": "09:48:39",
          "terminate": "false"
        },
        {
          "speaker": "speaker2",
          "personaID": "32115",
          "participantID": "0984",
          "utterance": "아 그래요? 으.. 사회 갈등은 어딜가도 끊이질 않나보네요... ㅠ.",
          "summary": "",
          "date": "2022-10-21",
          "time": "09:48:53",
          "terminate": "false"
        },
        {
          "speaker": "speaker1",
          "personaID": "30460",
          "participantID": "0986",
          "utterance": "맞아요. 특히나 수거할때 제 앞에서 쓰레기가지고 부부싸움 하면은 정말 곤란해요.",
          "summary": "",
          "date": "2022-10-21",
          "time": "09:49:10",
          "terminate": "false"
        },
        {
          "speaker": "speaker2",
          "personaID": "32115",
          "participantID": "0984",
          "utterance": "아.. 그거 정말 너무 곤란하겠는걸요?",
          "summary": "",
          "date": "2022-10-21",
          "time": "09:49:19",
          "terminate": "false"
        },
        {
          "speaker": "speaker1",
          "personaID": "30460",
          "participantID": "0986",
          "utterance": "그니까요. 굉장히 곤란함을 느낄때가 많아요.",
          "summary": "",
          "date": "2022-10-21",
          "time": "09:49:30",
          "terminate": "false"
        },
        {
          "speaker": "speaker2",
          "personaID": "32115",
          "participantID": "0984",
          "utterance": "고생하시네요. 뜻하지도 않은 사회 갈등이 님을 힘들게 만들다니...",
          "summary": "",
          "date": "2022-10-21",
          "time": "09:49:42",
          "terminate": "false"
        },
        {
          "speaker": "speaker1",
          "personaID": "30460",
          "participantID": "0986",
          "utterance": "ㅠㅠ 위로 감사합니다. 오늘 제 푸념 들어줘서 고마워요. 그럼 저는 이만 가볼게요.",
          "summary": "",
          "date": "2022-10-21",
          "time": "09:49:57",
          "terminate": "false"
        },
        {
          "speaker": "speaker2",
          "personaID": "32115",
          "participantID": "0984",
          "utterance": "힘내세요! 네 저도 가보겠습니다! 친구가 연락이 와서요!",
          "summary": "",
          "date": "2022-10-21",
          "time": "09:50:00",
          "terminate": "true"
        }
      ],
      "sessionPersonaSummary": {
        "speaker1": [
          "나는 환경미화원이다."
        ],
        "speaker2": [
          "나는 동해에 거주한다. 나는 회사원이다."
        ]
      },
      "prevAggregatedpersonaSummary": {
        "speaker1": [
          "나는 30대 남자이다.",
          "나는 TV 드라마를 가끔 본다."
        ],
        "speaker2": [
          "나는 30대 여자이다.",
          "나는 앵무새 두 마리를 키운다."
        ]
      }
    },
    {
      "prevSessionID": "3-00381-2",
      "prevTimeInfo": {
        "timeNum": "6",
        "timeUnit": "일"
      },
      "nthSession": "3",
      "numberOfUtterances": "16",
      "numberOfTurns": "8",
      "sessionID": "3-00381-3",
      "dialog": [
        {
          "speaker": "speaker1",
          "personaID": "30460",
          "participantID": "0986",
          "utterance": "6일정도 흘렀죠? 안녕하세요.",
          "summary": "",
          "date": "2022-10-21",
          "time": "09:50:07",
          "terminate": "false"
        },
        {
          "speaker": "speaker2",
          "personaID": "32115",
          "participantID": "0984",
          "utterance": "아 안녕하세요! 환경미화원님~ ㅎㅎ.",
          "summary": "",
          "date": "2022-10-21",
          "time": "09:50:14",
          "terminate": "false"
        },
        {
          "speaker": "speaker1",
          "personaID": "30460",
          "participantID": "0986",
          "utterance": "반가워요. 회사원님. 그쪽은 혹시 여행 좀 좋아하세요?",
          "summary": "",
          "date": "2022-10-21",
          "time": "09:50:25",
          "terminate": "false"
        },
        {
          "speaker": "speaker2",
          "personaID": "32115",
          "participantID": "0984",
          "utterance": "여행이요? 안그래도 제 친구가 곧 제가사는 동해로 놀러온다고 하더라고요.",
          "summary": "",
          "date": "2022-10-21",
          "time": "09:50:38",
          "terminate": "false"
        },
        {
          "speaker": "speaker1",
          "personaID": "30460",
          "participantID": "0986",
          "utterance": "그래요? 동해 놀러가면 나름 재밌을것 같은데요?",
          "summary": "",
          "date": "2022-10-21",
          "time": "09:50:48",
          "terminate": "false"
        },
        {
          "speaker": "speaker2",
          "personaID": "32115",
          "participantID": "0984",
          "utterance": "그죠? 근데 여기 딸기 농장이랑 카페가 있는데 그렇게 가보고 싶다고 해서...ㅎㅎ.",
          "summary": "",
          "date": "2022-10-21",
          "time": "09:51:04",
          "terminate": "false"
        },
        {
          "speaker": "speaker1",
          "personaID": "30460",
          "participantID": "0986",
          "utterance": "나쁘지 않네요. 저도 그럼 가보고 싶어요! 체험 여행 좋아하고, 힐링 여행엔 관심이 없어서요.",
          "summary": "나는 체험 여행을 좋아한다. 나는 힐링 여행에 관심이 없다.",
          "date": "2022-10-21",
          "time": "09:51:29",
          "terminate": "false"
        },
        {
          "speaker": "speaker2",
          "personaID": "32115",
          "participantID": "0984",
          "utterance": "아 그래요? 미화원님은 딸기 좋아하세요?",
          "summary": "",
          "date": "2022-10-21",
          "time": "09:51:40",
          "terminate": "false"
        },
        {
          "speaker": "speaker1",
          "personaID": "30460",
          "participantID": "0986",
          "utterance": "딸기 좋죠. 농장에서 일하면서 딸기 따먹으면 좋을것 같은데요?",
          "summary": "",
          "date": "2022-10-21",
          "time": "09:51:58",
          "terminate": "false"
        },
        {
          "speaker": "speaker2",
          "personaID": "32115",
          "participantID": "0984",
          "utterance": "오... 그러시구나.. 저는 딸기를 안 먹어요..",
          "summary": "나는 딸기를 안 먹는다.",
          "date": "2022-10-21",
          "time": "09:52:08",
          "terminate": "false"
        },
        {
          "speaker": "speaker1",
          "personaID": "30460",
          "participantID": "0986",
          "utterance": "아 그래요? 딸기 맛이 문제인가요? 아니면 식감...?",
          "summary": "",
          "date": "2022-10-21",
          "time": "09:52:19",
          "terminate": "false"
        },
        {
          "speaker": "speaker2",
          "personaID": "32115",
          "participantID": "0984",
          "utterance": "예전에 딸기에 붙어있던 벌레를 보고 너무 놀라서 그 후로는 안 먹네요...",
          "summary": "",
          "date": "2022-10-21",
          "time": "09:52:32",
          "terminate": "false"
        },
        {
          "speaker": "speaker1",
          "personaID": "30460",
          "participantID": "0986",
          "utterance": "헉.. 그런 트라우마가 있었다면 당연히 그럴수 있겠네요.",
          "summary": "",
          "date": "2022-10-21",
          "time": "09:52:44",
          "terminate": "false"
        },
        {
          "speaker": "speaker2",
          "personaID": "32115",
          "participantID": "0984",
          "utterance": "그러니까요.. 그 뒤로 사실 다른 딸기에서는 못 보긴 했는데, 자꾸 그때가 생각이 나요..",
          "summary": "",
          "date": "2022-10-21",
          "time": "09:52:57",
          "terminate": "false"
        },
        {
          "speaker": "speaker1",
          "personaID": "30460",
          "participantID": "0986",
          "utterance": "저도 트라우마 음식 있는데 어쩔수 없는것 같아요.그럼 저는 이만 가볼게요. 담에 또 이야기 나눠요.",
          "summary": "",
          "date": "2022-10-21",
          "time": "09:53:20",
          "terminate": "false"
        },
        {
          "speaker": "speaker2",
          "personaID": "32115",
          "participantID": "0984",
          "utterance": "그러니까 말입니다. 네 그럼 오늘도 좋은 하루 되세요~",
          "summary": "",
          "date": "2022-10-21",
          "time": "09:53:26",
          "terminate": "true"
        }
      ],
      "sessionPersonaSummary": {
        "speaker1": [
          "나는 체험 여행을 좋아한다. 나는 힐링 여행에 관심이 없다."
        ],
        "speaker2": [
          "나는 딸기를 안 먹는다."
        ]
      },
      "prevAggregatedpersonaSummary": {
        "speaker1": [
          "나는 30대 남자이다.",
          "나는 TV 드라마를 가끔 본다.",
          "나는 환경미화원이다."
        ],
        "speaker2": [
          "나는 30대 여자이다.",
          "나는 앵무새 두 마리를 키운다.",
          "나는 동해에 거주한다. 나는 회사원이다."
        ]
      }
    }
  ]
}