{
  "FileInfo": {
    "filename": "K3-00526-CL31799-CP50994-18-13-S3.json",
    "sessionLevel": "3"
  },
  "participantsInfo": {
    "numberOfParticipants": "2",
    "speaker1": {
      "participantID": "3488",
      "gender": "여성",
      "age": "20대",
      "occupation": "학생",
      "bPlace": "서울/경기/인천",
      "gPlace": "서울/경기/인천",
      "rPlace": "서울/경기/인천",
      "educationLevel": "고졸"
    },
    "speaker2": {
      "participantID": "3495",
      "gender": "남성",
      "age": "40대",
      "occupation": "판매직",
      "bPlace": "서울/경기/인천",
      "gPlace": "서울/경기/인천",
      "rPlace": "서울/경기/인천",
      "educationLevel": "대졸"
    }
  },
  "multisessionInfo": {
    "multisessionID": "3-00526"
  },
  "personaInfo": {
    "clInfo": {
      "personaID": "31799",
      "personaFeatures": [
        "나는 여자이다.",
        "나는 30대이다.",
        "나는 10년 후 세계 일주를 하는 것이 목표이다",
        "나는 가끔 만족스럽다",
        "나는 오렌지를 싫어한다"
      ],
      "speakerType": "speaker1"
    },
    "cpInfo": {
      "personaID": "50994",
      "personaFeatures": [
        "나는 남자이다.",
        "나는 50대이다.",
        "나는 요즘, 매일 평온하다",
        "나는 새벽에 운동한다",
        "나는 블루스 음악을 가끔 듣는다"
      ],
      "speakerType": "speaker2"
    }
  },
  "topicInfo": {
    "topicID": "18-13",
    "topicType": "상거래 전반",
    "topicTitle": "주식"
  },
  "sessionInfo": [
    {
      "prevSessionID": null,
      "prevTimeInfo": {
        "timeNum": null,
        "timeUnit": null
      },
      "nthSession": "1",
      "numberOfUtterances": "14",
      "numberOfTurns": "7",
      "sessionID": "3-00526-1",
      "dialog": [
        {
          "speaker": "speaker1",
          "personaID": "31799",
          "participantID": "3488",
          "utterance": "저는 30대 여성입니다.",
          "summary": "나는 30대 여성이다",
          "date": "2022-10-15",
          "time": "01:50:30",
          "terminate": "false"
        },
        {
          "speaker": "speaker2",
          "personaID": "50994",
          "participantID": "3495",
          "utterance": "저는 요즘 매일 평온함을 느끼고 있는 50대 남성이에요",
          "summary": "나는 요즘 매일 평온하다. 나는 50대 남성이다.",
          "date": "2022-10-15",
          "time": "07:37:50",
          "terminate": "false"
        },
        {
          "speaker": "speaker1",
          "personaID": "31799",
          "participantID": "3488",
          "utterance": "매일 평온하시다니 부럽네요~ 저는 매일이 평온하진 않지만 가끔 만족스러움을 느끼며 평범하세 살고 있답니다!",
          "summary": "나는 가끔 만족스럽다.",
          "date": "2022-10-15",
          "time": "14:37:06",
          "terminate": "false"
        },
        {
          "speaker": "speaker2",
          "personaID": "50994",
          "participantID": "3495",
          "utterance": "네 매일의 평범한 만족이 중요하죠 잘살고 계시네요 저는 평정심을 유지하기 위해 새벽에 운동도 열심히 하고 좋아하는 블루스 음악도 듣는 등 열심히 자기관리를 하려고 노력한답니다",
          "summary": "나는 새벽에 운동한다. 나는 블루스 음악을 가끔 듣는다.",
          "date": "2022-10-15",
          "time": "17:56:30",
          "terminate": "false"
        },
        {
          "speaker": "speaker1",
          "personaID": "31799",
          "participantID": "3488",
          "utterance": "좋은 생활의 자세네요~ 배울 점이 많아서 좋은 것 같아요! 저는 10년 후에 세계 일주 하는 것이 목표인데 혹시 이런 목표가 있으신가요?",
          "summary": "나는 10년 후 세계일주를 하는 것이 목표이다.",
          "date": "2022-10-15",
          "time": "18:21:15",
          "terminate": "false"
        },
        {
          "speaker": "speaker2",
          "personaID": "50994",
          "participantID": "3495",
          "utterance": "아 세계일주 도 너무나 매력적인 목표네요 말씀만들어도 가슴이 설레여요. 저는 나중에 사업을 크게 확장하고 싶은 목표가 있어요",
          "summary": "나는 나중에 사업을 확장하는 것이 목표이다.",
          "date": "2022-10-15",
          "time": "19:10:34",
          "terminate": "false"
        },
        {
          "speaker": "speaker1",
          "personaID": "31799",
          "participantID": "3488",
          "utterance": "오호 어떤 사업을 하고 계신지 여쭤 봐도 될까요?",
          "summary": "",
          "date": "2022-10-15",
          "time": "22:48:53",
          "terminate": "false"
        },
        {
          "speaker": "speaker2",
          "personaID": "50994",
          "participantID": "3495",
          "utterance": "아 지금은 아직 중소규모인 주류사업을 하고 있습니다",
          "summary": "나는 중소규모인 주류 사업을 하고 있다.",
          "date": "2022-10-16",
          "time": "01:45:59",
          "terminate": "false"
        },
        {
          "speaker": "speaker1",
          "personaID": "31799",
          "participantID": "3488",
          "utterance": "그렇군요~술을 좋아하시나봐요??",
          "summary": "",
          "date": "2022-10-16",
          "time": "13:37:36",
          "terminate": "false"
        },
        {
          "speaker": "speaker2",
          "personaID": "50994",
          "participantID": "3495",
          "utterance": "네 술은 위스키류를 매우 좋아하죠",
          "summary": "나는 위스키류를 매우 좋아한다.",
          "date": "2022-10-16",
          "time": "13:55:09",
          "terminate": "false"
        },
        {
          "speaker": "speaker1",
          "personaID": "31799",
          "participantID": "3488",
          "utterance": "저는 오렌지를 싫어하다보니 오렌지맛 술만 아니면 다 괜찮은 것 같아요~ 혹시 추천해줄 술이 있으신가요?",
          "summary": "나는 오렌지를 싫어한다.",
          "date": "2022-10-16",
          "time": "18:38:29",
          "terminate": "false"
        },
        {
          "speaker": "speaker2",
          "personaID": "50994",
          "participantID": "3495",
          "utterance": "저는 @주류@를 좋아합니다 근데 처음 입문하시면 많이 독하실거에요",
          "summary": "나는 @주류@를 좋아한다.",
          "date": "2022-10-17",
          "time": "06:47:02",
          "terminate": "false"
        },
        {
          "speaker": "speaker1",
          "personaID": "31799",
          "participantID": "3488",
          "utterance": "오 독하지 않은 종류 중에는 추천해주실 만한건 없을까요? 저는 @주류2@정도나 칵테일만 조금 마셔봤어요",
          "summary": "니는 위스키 추천을 요청한다 나는 @주류2@나 칵테일 마셔봤다",
          "date": "2022-10-17",
          "time": "19:56:49",
          "terminate": "false"
        },
        {
          "speaker": "speaker2",
          "personaID": "50994",
          "participantID": "3495",
          "utterance": "하이볼 형태로 마시면 안독하실거에요! 저 잠시만 일좀 보고 올게요^^\n",
          "summary": "",
          "date": "2022-10-17",
          "time": "22:01:24",
          "terminate": "true"
        }
      ],
      "sessionPersonaSummary": {
        "speaker1": [
          "나는 30대 여성이다",
          "나는 가끔 만족스럽다.",
          "나는 10년 후 세계일주를 하는 것이 목표이다.",
          "나는 오렌지를 싫어한다.",
          "니는 위스키 추천을 요청한다",
          "나는 @주류2@나 칵테일 마셔봤다"
        ],
        "speaker2": [
          "나는 요즘 매일 평온하다. 나는 50대 남성이다.",
          "나는 새벽에 운동한다. 나는 블루스 음악을 가끔 듣는다.",
          "나는 나중에 사업을 확장하는 것이 목표이다.",
          "나는 중소규모인 주류 사업을 하고 있다.",
          "나는 위스키류를 매우 좋아한다.",
          "나는 @주류@를 좋아한다."
        ]
      },
      "prevAggregatedpersonaSummary": {
        "speaker1": [],
        "speaker2": []
      }
    },
    {
      "prevSessionID": "3-00526-1",
      "prevTimeInfo": {
        "timeNum": "22",
        "timeUnit": "시간"
      },
      "nthSession": "2",
      "numberOfUtterances": "14",
      "numberOfTurns": "7",
      "sessionID": "3-00526-2",
      "dialog": [
        {
          "speaker": "speaker1",
          "personaID": "31799",
          "participantID": "3488",
          "utterance": "안녕하세요~ 24시간 조금 안돼서 연락드리네요~ 주류 사업하신다니 여쭤볼게 있어서요!",
          "summary": "",
          "date": "2022-10-18",
          "time": "12:48:17",
          "terminate": "false"
        },
        {
          "speaker": "speaker2",
          "personaID": "50994",
          "participantID": "3495",
          "utterance": "아네네  반갑습니다 말씀하십시오!",
          "summary": "",
          "date": "2022-10-18",
          "time": "14:34:00",
          "terminate": "false"
        },
        {
          "speaker": "speaker1",
          "personaID": "31799",
          "participantID": "3488",
          "utterance": "혹시 주류 관련된 주식 중에 괜찮은 주식이 있나요?",
          "summary": "",
          "date": "2022-10-18",
          "time": "16:01:01",
          "terminate": "false"
        },
        {
          "speaker": "speaker2",
          "personaID": "50994",
          "participantID": "3495",
          "utterance": "주류관련주라.. ㅎㅎ 주식으로는 생각을 못해봤어요 @브랜드명1@이 @브랜드명2@계열이라 탄탄하니 주가도 왠지 괜찮을것 같긴한데.. 잘은 몰라용 ",
          "summary": "",
          "date": "2022-10-18",
          "time": "19:23:43",
          "terminate": "false"
        },
        {
          "speaker": "speaker1",
          "personaID": "31799",
          "participantID": "3488",
          "utterance": "아 저는 요즘 주식으로 하는 부업에 관심을 두고 있어서 여쭤봤습니다.",
          "summary": "나는 요새 주식에 관심이 많다.",
          "date": "2022-10-18",
          "time": "21:05:19",
          "terminate": "false"
        },
        {
          "speaker": "speaker2",
          "personaID": "50994",
          "participantID": "3495",
          "utterance": "그러시구나 저도 몇년전에 주식한창하다가 사고쳐서 접었어요 ㅠ",
          "summary": "",
          "date": "2022-10-18",
          "time": "21:37:20",
          "terminate": "false"
        },
        {
          "speaker": "speaker1",
          "personaID": "31799",
          "participantID": "3488",
          "utterance": "아이고 손실이 많이 나셨나요?",
          "summary": "",
          "date": "2022-10-18",
          "time": "21:45:17",
          "terminate": "false"
        },
        {
          "speaker": "speaker2",
          "personaID": "50994",
          "participantID": "3495",
          "utterance": "네 그래서 와이프한테 혼났어요 ㅠㅠ 주식 금지",
          "summary": "",
          "date": "2022-10-18",
          "time": "21:49:56",
          "terminate": "false"
        },
        {
          "speaker": "speaker1",
          "personaID": "31799",
          "participantID": "3488",
          "utterance": "저런 주변에서 주식으로 큰 손실 보신분들을 꽤 보는 거 같아요 ㅎㅎ ",
          "summary": "",
          "date": "2022-10-18",
          "time": "21:51:58",
          "terminate": "false"
        },
        {
          "speaker": "speaker2",
          "personaID": "50994",
          "participantID": "3495",
          "utterance": "지금때 했어야 했는데 그때 한창 대북주  유행할때 했었거든요 좀 됐죠",
          "summary": "",
          "date": "2022-10-18",
          "time": "21:54:06",
          "terminate": "false"
        },
        {
          "speaker": "speaker1",
          "personaID": "31799",
          "participantID": "3488",
          "utterance": "지금도 엄청난 하락장이라 고생 많이들 하신다고 들었는데 ㅎㅎ ",
          "summary": "",
          "date": "2022-10-18",
          "time": "21:54:39",
          "terminate": "false"
        },
        {
          "speaker": "speaker2",
          "personaID": "50994",
          "participantID": "3495",
          "utterance": " 지금 저점이라 이때 조금씩 매수함 좋았을텐데.. 근데 무섭긴하죠 계속 경기 안좋다고들 하니",
          "summary": "",
          "date": "2022-10-18",
          "time": "21:55:49",
          "terminate": "false"
        },
        {
          "speaker": "speaker1",
          "personaID": "31799",
          "participantID": "3488",
          "utterance": "아~ 저점매수 ㅎㅎ 저는 주식은 잘 몰라서 간단한 용어들만 조금 알고 있습니다 ㅎㅎ",
          "summary": "나는 주식 용어는 간단한 용어들만 안다. 나는 주식을 잘 모른다.",
          "date": "2022-10-18",
          "time": "21:56:26",
          "terminate": "false"
        },
        {
          "speaker": "speaker2",
          "personaID": "50994",
          "participantID": "3495",
          "utterance": "네 확실히 배우고 들어가세요 안그럼  저처럼 나락갑니다 ㅠ ",
          "summary": "",
          "date": "2022-10-18",
          "time": "21:57:49",
          "terminate": "true"
        }
      ],
      "sessionPersonaSummary": {
        "speaker1": [
          "나는 요새 주식에 관심이 많다.",
          "나는 주식 용어는 간단한 용어들만 안다. 나는 주식을 잘 모른다."
        ],
        "speaker2": []
      },
      "prevAggregatedpersonaSummary": {
        "speaker1": [
          "나는 30대 여성이다",
          "나는 가끔 만족스럽다.",
          "나는 10년 후 세계일주를 하는 것이 목표이다.",
          "나는 오렌지를 싫어한다.",
          "니는 위스키 추천을 요청한다",
          "나는 @주류2@나 칵테일 마셔봤다"
        ],
        "speaker2": [
          "나는 요즘 매일 평온하다. 나는 50대 남성이다.",
          "나는 새벽에 운동한다. 나는 블루스 음악을 가끔 듣는다.",
          "나는 나중에 사업을 확장하는 것이 목표이다.",
          "나는 중소규모인 주류 사업을 하고 있다.",
          "나는 위스키류를 매우 좋아한다.",
          "나는 @주류@를 좋아한다."
        ]
      }
    },
    {
      "prevSessionID": "3-00526-2",
      "prevTimeInfo": {
        "timeNum": "5",
        "timeUnit": "주"
      },
      "nthSession": "3",
      "numberOfUtterances": "14",
      "numberOfTurns": "7",
      "sessionID": "3-00526-3",
      "dialog": [
        {
          "speaker": "speaker1",
          "personaID": "31799",
          "participantID": "3488",
          "utterance": "5주만에 연락드렸습니다. 잘지내시지요?",
          "summary": "",
          "date": "2022-10-18",
          "time": "22:07:08",
          "terminate": "false"
        },
        {
          "speaker": "speaker2",
          "personaID": "50994",
          "participantID": "3495",
          "utterance": "안녕하세요 오랜만에 뵙습니다요",
          "summary": "",
          "date": "2022-10-18",
          "time": "22:09:05",
          "terminate": "false"
        },
        {
          "speaker": "speaker1",
          "personaID": "31799",
          "participantID": "3488",
          "utterance": "요즘 주식에 관한 뉴스들이나 소식들이 참 많이 들려오는 거 같아요 ㅎㅎ",
          "summary": "",
          "date": "2022-10-18",
          "time": "22:18:09",
          "terminate": "false"
        },
        {
          "speaker": "speaker2",
          "personaID": "50994",
          "participantID": "3495",
          "utterance": "맞아요 하락하는 주식등등 매일 매일 뉴스거리죠 ㅎㅎ",
          "summary": "",
          "date": "2022-10-18",
          "time": "22:30:35",
          "terminate": "false"
        },
        {
          "speaker": "speaker1",
          "personaID": "31799",
          "participantID": "3488",
          "utterance": "미국 증시도 굉장히 불안하다는 뉴스를 본거 같아요 ㅎㅎ",
          "summary": "",
          "date": "2022-10-20",
          "time": "19:50:18",
          "terminate": "false"
        },
        {
          "speaker": "speaker2",
          "personaID": "50994",
          "participantID": "3495",
          "utterance": "네 요새 뉴스 보니 주식 하락장이 맞는것같아요",
          "summary": "",
          "date": "2022-10-20",
          "time": "21:30:29",
          "terminate": "false"
        },
        {
          "speaker": "speaker1",
          "personaID": "31799",
          "participantID": "3488",
          "utterance": "하락장에 투자를 해두는거라고 들었는데 투자 계획 있으신가요?",
          "summary": "",
          "date": "2022-10-20",
          "time": "23:51:02",
          "terminate": "false"
        },
        {
          "speaker": "speaker2",
          "personaID": "50994",
          "participantID": "3495",
          "utterance": "아 사고싶은 주식이 있는데 아직은 보고 있어요",
          "summary": "나는 관심 있는 주식 종류가 있다.",
          "date": "2022-10-21",
          "time": "06:09:16",
          "terminate": "false"
        },
        {
          "speaker": "speaker1",
          "personaID": "31799",
          "participantID": "3488",
          "utterance": "그렇군요~혹시 어떤 주식인 여쭤봐도 될까요?",
          "summary": "",
          "date": "2022-10-21",
          "time": "23:22:02",
          "terminate": "false"
        },
        {
          "speaker": "speaker2",
          "personaID": "50994",
          "participantID": "3495",
          "utterance": "우리나라사람들이 가장 많이 가진 주식일것같은데요",
          "summary": "",
          "date": "2022-10-22",
          "time": "01:38:20",
          "terminate": "false"
        },
        {
          "speaker": "speaker1",
          "personaID": "31799",
          "participantID": "3488",
          "utterance": "아하~이해했습니다~~ 지금이 워낙 하락장 끝이라서 지금 사면 무조건 번다고 하는데 저는 모아둔 돈이 없어서 아쉽네요",
          "summary": "",
          "date": "2022-10-22",
          "time": "09:33:39",
          "terminate": "false"
        },
        {
          "speaker": "speaker2",
          "personaID": "50994",
          "participantID": "3495",
          "utterance": "저도에요 ㅠ 모아둔 현금이 있으면 바로 살텐데 ㅠ",
          "summary": "",
          "date": "2022-10-22",
          "time": "11:33:08",
          "terminate": "false"
        },
        {
          "speaker": "speaker1",
          "personaID": "31799",
          "participantID": "3488",
          "utterance": "이제부터라도 목돈을 열심히 모아서 다음 기회를 노려봐야겠어요",
          "summary": "",
          "date": "2022-10-22",
          "time": "18:37:57",
          "terminate": "false"
        },
        {
          "speaker": "speaker2",
          "personaID": "50994",
          "participantID": "3495",
          "utterance": "앗 이제 나갈 시간이네요 다음에 또 뵈요",
          "summary": "",
          "date": "2022-10-22",
          "time": "18:53:48",
          "terminate": "true"
        }
      ],
      "sessionPersonaSummary": {
        "speaker1": [],
        "speaker2": [
          "나는 관심 있는 주식 종류가 있다."
        ]
      },
      "prevAggregatedpersonaSummary": {
        "speaker1": [
          "나는 30대 여성이다",
          "나는 가끔 만족스럽다.",
          "나는 10년 후 세계일주를 하는 것이 목표이다.",
          "나는 오렌지를 싫어한다.",
          "니는 위스키 추천을 요청한다",
          "나는 @주류2@나 칵테일 마셔봤다",
          "나는 요새 주식에 관심이 많다.",
          "나는 주식 용어는 간단한 용어들만 안다. 나는 주식을 잘 모른다."
        ],
        "speaker2": [
          "나는 요즘 매일 평온하다. 나는 50대 남성이다.",
          "나는 새벽에 운동한다. 나는 블루스 음악을 가끔 듣는다.",
          "나는 나중에 사업을 확장하는 것이 목표이다.",
          "나는 중소규모인 주류 사업을 하고 있다.",
          "나는 위스키류를 매우 좋아한다.",
          "나는 @주류@를 좋아한다."
        ]
      }
    }
  ]
}