{
  "FileInfo": {
    "filename": "K3-00199-CL21660-CP20988-08-04-S3.json",
    "sessionLevel": "3"
  },
  "participantsInfo": {
    "numberOfParticipants": "2",
    "speaker1": {
      "participantID": "3922",
      "gender": "여성",
      "age": "10대",
      "occupation": "무직",
      "bPlace": "부산/대구/울산/경상",
      "gPlace": "부산/대구/울산/경상",
      "rPlace": "부산/대구/울산/경상",
      "educationLevel": "고졸"
    },
    "speaker2": {
      "participantID": "3845",
      "gender": "남성",
      "age": "30대",
      "occupation": "전문직",
      "bPlace": "서울/경기/인천",
      "gPlace": "서울/경기/인천",
      "rPlace": "서울/경기/인천",
      "educationLevel": "대졸"
    }
  },
  "multisessionInfo": {
    "multisessionID": "3-00199"
  },
  "personaInfo": {
    "clInfo": {
      "personaID": "21660",
      "personaFeatures": [
        "나는 여자이다.",
        "나는 20대이다.",
        "나는 요즘, 가끔 환멸을 느낀다",
        "나는 드론 동아리에 관심이 없다",
        "나는 일렉기타 연주를 배우고 싶다"
      ],
      "speakerType": "speaker1"
    },
    "cpInfo": {
      "personaID": "20988",
      "personaFeatures": [
        "나는 남자이다.",
        "나는 20대이다.",
        "나의 거주지는 부천이다",
        "나는 건축학이 부전공이다",
        "나는 드럼 연구를 가끔 한다"
      ],
      "speakerType": "speaker2"
    }
  },
  "topicInfo": {
    "topicID": "08-04",
    "topicType": "개인 및 관계>연애/결혼",
    "topicTitle": "남편/아내"
  },
  "sessionInfo": [
    {
      "prevSessionID": null,
      "prevTimeInfo": {
        "timeNum": null,
        "timeUnit": null
      },
      "nthSession": "1",
      "numberOfUtterances": "15",
      "numberOfTurns": "7",
      "sessionID": "3-00199-1",
      "dialog": [
        {
          "speaker": "speaker1",
          "personaID": "21660",
          "participantID": "3922",
          "utterance": "안녕하세요 저는 20대 여성입니다",
          "summary": "나는 20대 여성이다",
          "date": "2022-10-27",
          "time": "22:48:41",
          "terminate": "false"
        },
        {
          "speaker": "speaker2",
          "personaID": "20988",
          "participantID": "3845",
          "utterance": "안녕하세요. 저는 부천에 살고있는 20대 남성입니다",
          "summary": "나는 20대 남자다\n나의 거주지는 부천이다",
          "date": "2022-10-27",
          "time": "22:50:01",
          "terminate": "false"
        },
        {
          "speaker": "speaker1",
          "personaID": "21660",
          "participantID": "3922",
          "utterance": "반가워요 저는 요즘, 가끔 환멸을 느껴요 ",
          "summary": "나는 요즘, 가끔 환멸을 느낀다",
          "date": "2022-10-27",
          "time": "22:50:53",
          "terminate": "false"
        },
        {
          "speaker": "speaker2",
          "personaID": "20988",
          "participantID": "3845",
          "utterance": "그렇군요. 저는 환멸이 느껴질때면 가끔 드럼 연구를 하곤합니다",
          "summary": "나는 드럼 연구를 가끔 한다",
          "date": "2022-10-27",
          "time": "22:53:11",
          "terminate": "false"
        },
        {
          "speaker": "speaker1",
          "personaID": "21660",
          "participantID": "3922",
          "utterance": "대단하네요 저는 드론 동아리에 관심이 없는데 주변에서 자꾸 드론 동아리에 가입하라고 강요를 하거든요 취미가 있으신가요?",
          "summary": "나는 드론 동아리에 관심이 없다",
          "date": "2022-10-27",
          "time": "22:54:39",
          "terminate": "false"
        },
        {
          "speaker": "speaker2",
          "personaID": "20988",
          "participantID": "3845",
          "utterance": "드론 재밌을것 같은대요. 저는 건축학을 부전공으로 하고있어서 취미로 건축 전시회 같은곳을 찾아다녀요",
          "summary": "나는 건축학이 부전공이다 나는 건축 전시회를 찾아다닌다",
          "date": "2022-10-27",
          "time": "22:56:56",
          "terminate": "false"
        },
        {
          "speaker": "speaker1",
          "personaID": "21660",
          "participantID": "3922",
          "utterance": "멋있네요 저는 일렉기타 연주를 배우고 싶어서 알아보는 중입니다 ",
          "summary": "나는 일렉기타 연주를 배우고 싶다",
          "date": "2022-10-27",
          "time": "23:02:29",
          "terminate": "false"
        },
        {
          "speaker": "speaker2",
          "personaID": "20988",
          "participantID": "3845",
          "utterance": "일렉기타도 재밌겠네요. 나중에 취미로 밴드활동을 하실 생각이 있으신가요??",
          "summary": "",
          "date": "2022-10-27",
          "time": "23:47:17",
          "terminate": "false"
        },
        {
          "speaker": "speaker1",
          "personaID": "21660",
          "participantID": "3922",
          "utterance": "실력이 된다면 한 번 해보고 싶네요 좋은 경험이 될 것 같아요",
          "summary": "",
          "date": "2022-10-27",
          "time": "23:49:27",
          "terminate": "false"
        },
        {
          "speaker": "speaker2",
          "personaID": "20988",
          "participantID": "3845",
          "utterance": "나중에 실력이 좋아지시면 같이 밴드 활동을 해보시죠",
          "summary": "",
          "date": "2022-10-27",
          "time": "23:52:02",
          "terminate": "false"
        },
        {
          "speaker": "speaker1",
          "personaID": "21660",
          "participantID": "3922",
          "utterance": "좋아요 현재 밴드 활동을 하시나요?",
          "summary": "",
          "date": "2022-10-27",
          "time": "23:52:56",
          "terminate": "false"
        },
        {
          "speaker": "speaker2",
          "personaID": "20988",
          "participantID": "3845",
          "utterance": "저도 아직 초보 수준이라 개인 연습중입니다",
          "summary": "나는 드럼 초보이다.",
          "date": "2022-10-28",
          "time": "00:04:40",
          "terminate": "false"
        },
        {
          "speaker": "speaker1",
          "personaID": "21660",
          "participantID": "3922",
          "utterance": "멋있네요 어떤 악기를 연주하시나요?",
          "summary": "",
          "date": "2022-10-28",
          "time": "00:08:06",
          "terminate": "false"
        },
        {
          "speaker": "speaker2",
          "personaID": "20988",
          "participantID": "3845",
          "utterance": "저는 드럼을 연마하고 있습니다 다음에 또 연락하도록 해요^^",
          "summary": "나는 드럼을 연주한다",
          "date": "2022-10-28",
          "time": "00:12:13",
          "terminate": "false"
        },
        {
          "speaker": "speaker1",
          "personaID": "21660",
          "participantID": "3922",
          "utterance": "네 알겠습니다 다음에 또 대화해요",
          "summary": "",
          "date": "2022-10-28",
          "time": "00:15:56",
          "terminate": "true"
        }
      ],
      "sessionPersonaSummary": {
        "speaker1": [
          "나는 20대 여성이다",
          "나는 요즘, 가끔 환멸을 느낀다",
          "나는 드론 동아리에 관심이 없다",
          "나는 일렉기타 연주를 배우고 싶다"
        ],
        "speaker2": [
          "나는 20대 남자다\n나의 거주지는 부천이다",
          "나는 드럼 연구를 가끔 한다",
          "나는 건축학이 부전공이다 나는 건축 전시회를 찾아다닌다",
          "나는 드럼 초보이다.",
          "나는 드럼을 연주한다"
        ]
      },
      "prevAggregatedpersonaSummary": {
        "speaker1": [],
        "speaker2": []
      }
    },
    {
      "prevSessionID": "3-00199-1",
      "prevTimeInfo": {
        "timeNum": "4",
        "timeUnit": "주"
      },
      "nthSession": "2",
      "numberOfUtterances": "15",
      "numberOfTurns": "7",
      "sessionID": "3-00199-2",
      "dialog": [
        {
          "speaker": "speaker1",
          "personaID": "21660",
          "participantID": "3922",
          "utterance": "4주만이네요 오랜만이에요 요즘도 드럼 연주 하시나요?",
          "summary": "",
          "date": "2022-10-28",
          "time": "00:18:25",
          "terminate": "false"
        },
        {
          "speaker": "speaker2",
          "personaID": "20988",
          "participantID": "3845",
          "utterance": "네 오랜만이네요! 학교 방학이라 열심히 연습하고 있네요! @이름 님은 뭐하면서 지내셨어요??",
          "summary": "나는 방학이다.\n나는 드럼 연구를 가끔 한다",
          "date": "2022-10-28",
          "time": "00:21:27",
          "terminate": "false"
        },
        {
          "speaker": "speaker1",
          "personaID": "21660",
          "participantID": "3922",
          "utterance": "저는 남편이랑 여행을 다녀왔어요 실례지만 @이름 @님은 결혼하셨나요?",
          "summary": "나는 남편과 여행을 다녀왔다.",
          "date": "2022-10-28",
          "time": "00:22:50",
          "terminate": "false"
        },
        {
          "speaker": "speaker2",
          "personaID": "20988",
          "participantID": "3845",
          "utterance": "저는 학생이라 아직 결혼을 안했어요.20대인데 결혼을 일찍 하셨네요?",
          "summary": "나는 아직 결혼을 안 했다",
          "date": "2022-10-28",
          "time": "00:25:00",
          "terminate": "false"
        },
        {
          "speaker": "speaker1",
          "personaID": "21660",
          "participantID": "3922",
          "utterance": "네 맞아요 일찍 결혼했어요 결혼 계획은 있으신가요?",
          "summary": "나는 일찍 결혼했다.",
          "date": "2022-10-28",
          "time": "00:25:46",
          "terminate": "false"
        },
        {
          "speaker": "speaker2",
          "personaID": "20988",
          "participantID": "3845",
          "utterance": "네 저도 빨리 결혼하고싶어요!",
          "summary": "나는 빨리 결혼하고 싶다",
          "date": "2022-10-28",
          "time": "00:26:37",
          "terminate": "false"
        },
        {
          "speaker": "speaker1",
          "personaID": "21660",
          "participantID": "3922",
          "utterance": "그렇군요 현재 만나는 분이 있으신가요?",
          "summary": "",
          "date": "2022-10-28",
          "time": "00:27:35",
          "terminate": "false"
        },
        {
          "speaker": "speaker2",
          "personaID": "20988",
          "participantID": "3845",
          "utterance": "네 지금 연애는 하고있어요. 결혼은 몇살때 하셨어요??",
          "summary": "나는 지금 연애하고 있다",
          "date": "2022-10-28",
          "time": "00:31:49",
          "terminate": "false"
        },
        {
          "speaker": "speaker1",
          "personaID": "21660",
          "participantID": "3922",
          "utterance": "대학교 졸업하고 바로 결혼했어요 너무 일찍한 것 같다는 생각이 들어요",
          "summary": "나는 대학교 졸업하고 바로 결혼했다.",
          "date": "2022-10-28",
          "time": "00:37:33",
          "terminate": "false"
        },
        {
          "speaker": "speaker2",
          "personaID": "20988",
          "participantID": "3845",
          "utterance": "저는 일찍 결혼하고싶은데 안좋은가요??",
          "summary": "",
          "date": "2022-10-28",
          "time": "00:38:20",
          "terminate": "false"
        },
        {
          "speaker": "speaker1",
          "personaID": "21660",
          "participantID": "3922",
          "utterance": "20대를 즐기고 나중에 해도 늦지 않은 것 같아요",
          "summary": "",
          "date": "2022-10-28",
          "time": "00:59:21",
          "terminate": "false"
        },
        {
          "speaker": "speaker2",
          "personaID": "20988",
          "participantID": "3845",
          "utterance": "가장 후회하는것중에 하나가 무엇인가요??",
          "summary": "",
          "date": "2022-10-28",
          "time": "01:00:02",
          "terminate": "false"
        },
        {
          "speaker": "speaker1",
          "personaID": "21660",
          "participantID": "3922",
          "utterance": "20대에 할 수 있는 다양한 경험들을 못 해서 아쉬워요 ",
          "summary": "나는 20대에 할 수 있는 다양한 경험들을 못해서 아쉽다.",
          "date": "2022-10-28",
          "time": "01:01:47",
          "terminate": "false"
        },
        {
          "speaker": "speaker2",
          "personaID": "20988",
          "participantID": "3845",
          "utterance": "저는 결혼에 대한 환상이 있어요.",
          "summary": "나는 결혼에 대한 환상이 있다",
          "date": "2022-10-28",
          "time": "01:06:00",
          "terminate": "false"
        },
        {
          "speaker": "speaker1",
          "personaID": "21660",
          "participantID": "3922",
          "utterance": "그렇군요 저도 그랬어요 다음에 또 대화해요",
          "summary": "",
          "date": "2022-10-28",
          "time": "14:09:22",
          "terminate": "true"
        }
      ],
      "sessionPersonaSummary": {
        "speaker1": [
          "나는 남편과 여행을 다녀왔다.",
          "나는 일찍 결혼했다.",
          "나는 대학교 졸업하고 바로 결혼했다.",
          "나는 20대에 할 수 있는 다양한 경험들을 못해서 아쉽다."
        ],
        "speaker2": [
          "나는 방학이다.\n나는 드럼 연구를 가끔 한다",
          "나는 아직 결혼을 안 했다",
          "나는 빨리 결혼하고 싶다",
          "나는 지금 연애하고 있다",
          "나는 결혼에 대한 환상이 있다"
        ]
      },
      "prevAggregatedpersonaSummary": {
        "speaker1": [
          "나는 20대 여성이다",
          "나는 요즘, 가끔 환멸을 느낀다",
          "나는 드론 동아리에 관심이 없다",
          "나는 일렉기타 연주를 배우고 싶다"
        ],
        "speaker2": [
          "나는 20대 남자다\n나의 거주지는 부천이다",
          "나는 드럼 연구를 가끔 한다",
          "나는 건축학이 부전공이다 나는 건축 전시회를 찾아다닌다",
          "나는 드럼 초보이다.",
          "나는 드럼을 연주한다"
        ]
      }
    },
    {
      "prevSessionID": "3-00199-2",
      "prevTimeInfo": {
        "timeNum": "29",
        "timeUnit": "시간"
      },
      "nthSession": "3",
      "numberOfUtterances": "15",
      "numberOfTurns": "7",
      "sessionID": "3-00199-3",
      "dialog": [
        {
          "speaker": "speaker1",
          "personaID": "21660",
          "participantID": "3922",
          "utterance": "29시간만이네요 잘 지내셨나요?",
          "summary": "",
          "date": "2022-10-29",
          "time": "20:02:40",
          "terminate": "false"
        },
        {
          "speaker": "speaker2",
          "personaID": "20988",
          "participantID": "3845",
          "utterance": "안녕하세요~ 어제는 잘 주무셨나요??",
          "summary": "",
          "date": "2022-10-29",
          "time": "20:46:42",
          "terminate": "false"
        },
        {
          "speaker": "speaker1",
          "personaID": "21660",
          "participantID": "3922",
          "utterance": "아니요 남편이랑 싸웠거든요 @이름@ 님은 잘 주무셨나요?",
          "summary": "나는 남편이랑 싸웠다.",
          "date": "2022-10-29",
          "time": "20:54:49",
          "terminate": "false"
        },
        {
          "speaker": "speaker2",
          "personaID": "20988",
          "participantID": "3845",
          "utterance": "그렇군요! 저도 여자친구랑 다투다가 잠들었습니다. 연애는 참 쉽지않은것같아요",
          "summary": "나는 연애가 어렵다.",
          "date": "2022-10-29",
          "time": "21:23:03",
          "terminate": "false"
        },
        {
          "speaker": "speaker1",
          "personaID": "21660",
          "participantID": "3922",
          "utterance": "맞아요 연애도 결혼도 쉽지 않아요",
          "summary": "",
          "date": "2022-10-30",
          "time": "14:14:01",
          "terminate": "false"
        },
        {
          "speaker": "speaker2",
          "personaID": "20988",
          "participantID": "3845",
          "utterance": "저는 여자의 마음을 잘 공감하지 못하는 편인것 같아요",
          "summary": "나는 여자의 마음을 잘 공감하지 못하는 편이다",
          "date": "2022-10-30",
          "time": "14:58:25",
          "terminate": "false"
        },
        {
          "speaker": "speaker1",
          "personaID": "21660",
          "participantID": "3922",
          "utterance": "맞아요 상대방을 이해하고 공감해주는 게 가장 어려운 일이죠",
          "summary": "",
          "date": "2022-10-30",
          "time": "17:48:36",
          "terminate": "false"
        },
        {
          "speaker": "speaker2",
          "personaID": "20988",
          "participantID": "3845",
          "utterance": "저는 공감을 잘 못해서 그런지 자주 싸우는것 같아요",
          "summary": "나는 여자 친구와 자주 싸운다",
          "date": "2022-10-30",
          "time": "18:11:49",
          "terminate": "false"
        },
        {
          "speaker": "speaker1",
          "personaID": "21660",
          "participantID": "3922",
          "utterance": "그렇군요 저희는 가치관이나 생각하는 게 달라서 자주 싸워요",
          "summary": "나는 남편과 가치관과 생각하는 게 달라서 자주 싸운다.",
          "date": "2022-10-30",
          "time": "18:14:20",
          "terminate": "false"
        },
        {
          "speaker": "speaker2",
          "personaID": "20988",
          "participantID": "3845",
          "utterance": "싸우지 않으려면 어떻게 하는게 좋을까요???",
          "summary": "",
          "date": "2022-10-30",
          "time": "20:01:51",
          "terminate": "false"
        },
        {
          "speaker": "speaker1",
          "personaID": "21660",
          "participantID": "3922",
          "utterance": "서로 노력해야 하는 것 같아요 서로 배려해주고 서로를 이해하려고 노력해야죠 쉽진 않지만요 ",
          "summary": "",
          "date": "2022-10-30",
          "time": "21:34:07",
          "terminate": "false"
        },
        {
          "speaker": "speaker2",
          "personaID": "20988",
          "participantID": "3845",
          "utterance": "그래야겠군요. 남편분과는 잘 맞는편인가요?? 저는 여자친구와 성격이 잘 맞아요",
          "summary": "나는 여자 친구와 성격이 잘 맞는다",
          "date": "2022-10-30",
          "time": "21:43:29",
          "terminate": "false"
        },
        {
          "speaker": "speaker1",
          "personaID": "21660",
          "participantID": "3922",
          "utterance": "성격이 잘 맞으셔서 다행이에요 저희도 성격은 잘 맞아요",
          "summary": "나는 남편과 성격이 잘 안 맞다.",
          "date": "2022-10-30",
          "time": "22:14:49",
          "terminate": "false"
        },
        {
          "speaker": "speaker2",
          "personaID": "20988",
          "participantID": "3845",
          "utterance": "그렇군요 행복하게 잘 사시구요.",
          "summary": "",
          "date": "2022-10-30",
          "time": "22:23:47",
          "terminate": "false"
        },
        {
          "speaker": "speaker1",
          "personaID": "21660",
          "participantID": "3922",
          "utterance": "네 감사합니다 예쁜 연애하세요",
          "summary": "",
          "date": "2022-10-30",
          "time": "22:30:39",
          "terminate": "true"
        }
      ],
      "sessionPersonaSummary": {
        "speaker1": [
          "나는 남편이랑 싸웠다.",
          "나는 남편과 가치관과 생각하는 게 달라서 자주 싸운다.",
          "나는 남편과 성격이 잘 안 맞다."
        ],
        "speaker2": [
          "나는 연애가 어렵다.",
          "나는 여자의 마음을 잘 공감하지 못하는 편이다",
          "나는 여자 친구와 자주 싸운다",
          "나는 여자 친구와 성격이 잘 맞는다"
        ]
      },
      "prevAggregatedpersonaSummary": {
        "speaker1": [
          "나는 20대 여성이다",
          "나는 요즘, 가끔 환멸을 느낀다",
          "나는 드론 동아리에 관심이 없다",
          "나는 일렉기타 연주를 배우고 싶다",
          "나는 남편과 여행을 다녀왔다.",
          "나는 일찍 결혼했다.",
          "나는 대학교 졸업하고 바로 결혼했다.",
          "나는 20대에 할 수 있는 다양한 경험들을 못해서 아쉽다."
        ],
        "speaker2": [
          "나는 20대 남자다\n나의 거주지는 부천이다",
          "나는 드럼 연구를 가끔 한다",
          "나는 건축학이 부전공이다 나는 건축 전시회를 찾아다닌다",
          "나는 드럼 초보이다.",
          "나는 드럼을 연주한다",
          "나는 방학이다.\n나는 드럼 연구를 가끔 한다",
          "나는 아직 결혼을 안 했다",
          "나는 빨리 결혼하고 싶다",
          "나는 지금 연애하고 있다",
          "나는 결혼에 대한 환상이 있다"
        ]
      }
    }
  ]
}