{
  "FileInfo": {
    "filename": "K3-00242-CL51175-CP32278-14-01-S3.json",
    "sessionLevel": "3"
  },
  "participantsInfo": {
    "numberOfParticipants": "2",
    "speaker1": {
      "participantID": "1141",
      "gender": "여성",
      "age": "50대",
      "occupation": "주부",
      "bPlace": "대전/세종/충청/강원",
      "gPlace": "대전/세종/충청/강원",
      "rPlace": "대전/세종/충청/강원",
      "educationLevel": "고졸"
    },
    "speaker2": {
      "participantID": "1093",
      "gender": "여성",
      "age": "30대",
      "occupation": "무직",
      "bPlace": "서울/경기/인천",
      "gPlace": "서울/경기/인천",
      "rPlace": "서울/경기/인천",
      "educationLevel": "대졸"
    }
  },
  "multisessionInfo": {
    "multisessionID": "3-00242"
  },
  "personaInfo": {
    "clInfo": {
      "personaID": "51175",
      "personaFeatures": [
        "나는 여자이다.",
        "나는 50대이다.",
        "나는 화가이다.",
        "나는 자녀가 없다.",
        "나는 배를 안 먹는다."
      ],
      "speakerType": "speaker1"
    },
    "cpInfo": {
      "personaID": "32278",
      "personaFeatures": [
        "나는 여자이다.",
        "나는 30대이다.",
        "나는 속기사이다.",
        "나는 물고기를 키우고 싶다.",
        "나는 TV 뉴스를 자주 본다."
      ],
      "speakerType": "speaker2"
    }
  },
  "topicInfo": {
    "topicID": "14-01",
    "topicType": "시사/사회>사회이슈(국내)",
    "topicTitle": "물가"
  },
  "sessionInfo": [
    {
      "prevSessionID": null,
      "prevTimeInfo": {
        "timeNum": null,
        "timeUnit": null
      },
      "nthSession": "1",
      "numberOfUtterances": "16",
      "numberOfTurns": "8",
      "sessionID": "3-00242-1",
      "dialog": [
        {
          "speaker": "speaker1",
          "personaID": "51175",
          "participantID": "1141",
          "utterance": "안녕하세요 저는 50대 여자입니다.",
          "summary": "나는 50대 여자이다.",
          "date": "2022-10-29",
          "time": "22:00:27",
          "terminate": "false"
        },
        {
          "speaker": "speaker2",
          "personaID": "32278",
          "participantID": "1093",
          "utterance": "반갑습니다. 저는 30대 여자입니다^^ 잘부탁드려요!",
          "summary": "나는 30대 여자이다.",
          "date": "2022-10-29",
          "time": "22:00:42",
          "terminate": "false"
        },
        {
          "speaker": "speaker1",
          "personaID": "51175",
          "participantID": "1141",
          "utterance": "반갑습니다. 하시는 일이 어떻게 되시나요?",
          "summary": "",
          "date": "2022-10-29",
          "time": "22:00:47",
          "terminate": "false"
        },
        {
          "speaker": "speaker2",
          "personaID": "32278",
          "participantID": "1093",
          "utterance": "저는 속기사에요~ 선생님은 직장을 다니시나요?",
          "summary": "나는 속기사이다.",
          "date": "2022-10-29",
          "time": "22:01:02",
          "terminate": "false"
        },
        {
          "speaker": "speaker1",
          "personaID": "51175",
          "participantID": "1141",
          "utterance": "그러시군요 저는 화가입니다^^",
          "summary": "나는 화가이다.",
          "date": "2022-10-29",
          "time": "22:01:12",
          "terminate": "false"
        },
        {
          "speaker": "speaker2",
          "personaID": "32278",
          "participantID": "1093",
          "utterance": "우와~ 예술가시군요^^ 부러워요 ㅠㅠ.",
          "summary": "",
          "date": "2022-10-29",
          "time": "22:01:29",
          "terminate": "false"
        },
        {
          "speaker": "speaker1",
          "personaID": "51175",
          "participantID": "1141",
          "utterance": "아닙니다. 결혼은 하셨나요?",
          "summary": "",
          "date": "2022-10-29",
          "time": "22:01:45",
          "terminate": "false"
        },
        {
          "speaker": "speaker2",
          "personaID": "32278",
          "participantID": "1093",
          "utterance": "네! 저는 조금 일찍 결혼을 햇어요! 선생님은요?",
          "summary": "나는 일찍 결혼했다.",
          "date": "2022-10-29",
          "time": "22:02:01",
          "terminate": "false"
        },
        {
          "speaker": "speaker1",
          "personaID": "51175",
          "participantID": "1141",
          "utterance": "저도 결혼은 했는데 자녀는 없습니다^^",
          "summary": "나는 자녀가 없다.",
          "date": "2022-10-29",
          "time": "22:02:09",
          "terminate": "false"
        },
        {
          "speaker": "speaker2",
          "personaID": "32278",
          "participantID": "1093",
          "utterance": "그렇군요! 일부러 자녀계획이 없으신건가요?",
          "summary": "",
          "date": "2022-10-29",
          "time": "22:02:56",
          "terminate": "false"
        },
        {
          "speaker": "speaker1",
          "personaID": "51175",
          "participantID": "1141",
          "utterance": "그런건 아니고 개인적인 사정이 있어요^^",
          "summary": "",
          "date": "2022-10-29",
          "time": "22:03:07",
          "terminate": "false"
        },
        {
          "speaker": "speaker2",
          "personaID": "32278",
          "participantID": "1093",
          "utterance": "그렇군요 ㅠㅠ 제가 실수한거면 죄송해요!",
          "summary": "",
          "date": "2022-10-29",
          "time": "22:03:17",
          "terminate": "false"
        },
        {
          "speaker": "speaker1",
          "personaID": "51175",
          "participantID": "1141",
          "utterance": "아닙니다. 뭐하고 계신가요 선생님?",
          "summary": "",
          "date": "2022-10-29",
          "time": "22:03:29",
          "terminate": "false"
        },
        {
          "speaker": "speaker2",
          "personaID": "32278",
          "participantID": "1093",
          "utterance": "저는 지금 티비뉴스 보고있어요~ 자주 보거든요^^",
          "summary": "나는 TV 뉴스를 자주 본다.",
          "date": "2022-10-29",
          "time": "22:04:01",
          "terminate": "false"
        },
        {
          "speaker": "speaker1",
          "personaID": "51175",
          "participantID": "1141",
          "utterance": "지적이신 분이네요! 저 그림 좀 그리고 올게요!",
          "summary": "",
          "date": "2022-10-29",
          "time": "22:04:05",
          "terminate": "false"
        },
        {
          "speaker": "speaker2",
          "personaID": "32278",
          "participantID": "1093",
          "utterance": "네!!! 다녀오시고 또 연락주세요~",
          "summary": "",
          "date": "2022-10-29",
          "time": "22:04:15",
          "terminate": "true"
        }
      ],
      "sessionPersonaSummary": {
        "speaker1": [
          "나는 50대 여자이다.",
          "나는 화가이다.",
          "나는 자녀가 없다."
        ],
        "speaker2": [
          "나는 30대 여자이다.",
          "나는 속기사이다.",
          "나는 일찍 결혼했다.",
          "나는 TV 뉴스를 자주 본다."
        ]
      },
      "prevAggregatedpersonaSummary": {
        "speaker1": [],
        "speaker2": []
      }
    },
    {
      "prevSessionID": "3-00242-1",
      "prevTimeInfo": {
        "timeNum": "4",
        "timeUnit": "일"
      },
      "nthSession": "2",
      "numberOfUtterances": "18",
      "numberOfTurns": "9",
      "sessionID": "3-00242-2",
      "dialog": [
        {
          "speaker": "speaker1",
          "personaID": "51175",
          "participantID": "1141",
          "utterance": "4일만에 연락드려요! 잘지내고 계시죠?",
          "summary": "",
          "date": "2022-10-29",
          "time": "22:04:22",
          "terminate": "false"
        },
        {
          "speaker": "speaker2",
          "personaID": "32278",
          "participantID": "1093",
          "utterance": "그럼요... 선생님도 잘 지내셨나요?",
          "summary": "",
          "date": "2022-10-29",
          "time": "22:04:27",
          "terminate": "false"
        },
        {
          "speaker": "speaker1",
          "personaID": "51175",
          "participantID": "1141",
          "utterance": "네 근데 요즘 우리나라 물가가 너무 비싸지 않나요?",
          "summary": "",
          "date": "2022-10-29",
          "time": "22:04:32",
          "terminate": "false"
        },
        {
          "speaker": "speaker2",
          "personaID": "32278",
          "participantID": "1093",
          "utterance": "그러게말이에요... 이제 과자하나사는것도 무섭네요.,,,",
          "summary": "",
          "date": "2022-10-29",
          "time": "22:04:38",
          "terminate": "false"
        },
        {
          "speaker": "speaker1",
          "personaID": "51175",
          "participantID": "1141",
          "utterance": "그러게요. 어제 화방에 갔다가 물감을 사는데 너무 올랐더라구요...",
          "summary": "나는 어제 화방에 갔다.",
          "date": "2022-10-29",
          "time": "22:04:50",
          "terminate": "false"
        },
        {
          "speaker": "speaker2",
          "personaID": "32278",
          "participantID": "1093",
          "utterance": "맞아요 ㅠㅠ 그거아세요? 애완동물값도 많이 오른거...?",
          "summary": "",
          "date": "2022-10-29",
          "time": "22:05:02",
          "terminate": "false"
        },
        {
          "speaker": "speaker1",
          "personaID": "51175",
          "participantID": "1141",
          "utterance": "네? 애완동물도 가격이 올랐다구요?",
          "summary": "",
          "date": "2022-10-29",
          "time": "22:05:08",
          "terminate": "false"
        },
        {
          "speaker": "speaker2",
          "personaID": "32278",
          "participantID": "1093",
          "utterance": "네 ㅠㅠㅠ... 제가 사실 물고기를 키우고 싶었는데... 물가 올랐다고 물고기 분양가도 올랐네요.",
          "summary": "나는 물고기를 키우고 싶다.",
          "date": "2022-10-29",
          "time": "22:05:22",
          "terminate": "false"
        },
        {
          "speaker": "speaker1",
          "personaID": "51175",
          "participantID": "1141",
          "utterance": "물고기도 외국에서 수입을 해와서 그런가 보네요...",
          "summary": "",
          "date": "2022-10-29",
          "time": "22:05:25",
          "terminate": "false"
        },
        {
          "speaker": "speaker2",
          "personaID": "32278",
          "participantID": "1093",
          "utterance": "맞아요 ㅠㅠ... 요즘 밀가루 값이 제일 많이 올랐다던데요?",
          "summary": "",
          "date": "2022-10-29",
          "time": "22:05:41",
          "terminate": "false"
        },
        {
          "speaker": "speaker1",
          "personaID": "51175",
          "participantID": "1141",
          "utterance": "아 맞아요! 우크라이나 전쟁 때문에 그렇다고 하더라구요.",
          "summary": "",
          "date": "2022-10-29",
          "time": "22:05:48",
          "terminate": "false"
        },
        {
          "speaker": "speaker2",
          "personaID": "32278",
          "participantID": "1093",
          "utterance": "그쵸? 전쟁이 하루빨리 종전에 되야 물가가 안정이 될텐데...",
          "summary": "",
          "date": "2022-10-29",
          "time": "22:06:04",
          "terminate": "false"
        },
        {
          "speaker": "speaker1",
          "personaID": "51175",
          "participantID": "1141",
          "utterance": "네. 그나저나 금리를 또 올린다고 하는데.... 걱정이네요.",
          "summary": "나는 금리가 오를까 봐 걱정이다.",
          "date": "2022-10-29",
          "time": "22:06:07",
          "terminate": "false"
        },
        {
          "speaker": "speaker2",
          "personaID": "32278",
          "participantID": "1093",
          "utterance": "정말요? 이러다 정말 큰일나는거 아닌가 모르겠네요 ㅠㅠ.",
          "summary": "",
          "date": "2022-10-29",
          "time": "22:06:21",
          "terminate": "false"
        },
        {
          "speaker": "speaker1",
          "personaID": "51175",
          "participantID": "1141",
          "utterance": "금리가 오르면 모든 사람이 힘들텐데....",
          "summary": "",
          "date": "2022-10-29",
          "time": "22:06:39",
          "terminate": "false"
        },
        {
          "speaker": "speaker2",
          "personaID": "32278",
          "participantID": "1093",
          "utterance": "그러게요~ 이제 현금부자들만 좋을일이네요...",
          "summary": "",
          "date": "2022-10-29",
          "time": "22:06:52",
          "terminate": "false"
        },
        {
          "speaker": "speaker1",
          "personaID": "51175",
          "participantID": "1141",
          "utterance": "맞아요! 저 그림 좀 마저 그리러 갈게요!",
          "summary": "",
          "date": "2022-10-29",
          "time": "22:07:07",
          "terminate": "false"
        },
        {
          "speaker": "speaker2",
          "personaID": "32278",
          "participantID": "1093",
          "utterance": "네! 다녀오시고 시간 여유생기면 또 연락주세요~!",
          "summary": "",
          "date": "2022-10-29",
          "time": "22:07:18",
          "terminate": "true"
        }
      ],
      "sessionPersonaSummary": {
        "speaker1": [
          "나는 어제 화방에 갔다.",
          "나는 금리가 오를까 봐 걱정이다."
        ],
        "speaker2": [
          "나는 물고기를 키우고 싶다."
        ]
      },
      "prevAggregatedpersonaSummary": {
        "speaker1": [
          "나는 50대 여자이다.",
          "나는 화가이다.",
          "나는 자녀가 없다."
        ],
        "speaker2": [
          "나는 30대 여자이다.",
          "나는 속기사이다.",
          "나는 일찍 결혼했다.",
          "나는 TV 뉴스를 자주 본다."
        ]
      }
    },
    {
      "prevSessionID": "3-00242-2",
      "prevTimeInfo": {
        "timeNum": "1",
        "timeUnit": "주"
      },
      "nthSession": "3",
      "numberOfUtterances": "18",
      "numberOfTurns": "9",
      "sessionID": "3-00242-3",
      "dialog": [
        {
          "speaker": "speaker1",
          "personaID": "51175",
          "participantID": "1141",
          "utterance": "제가 일주일만에 연락드리네요! 잘지내시죠?",
          "summary": "",
          "date": "2022-10-29",
          "time": "22:07:20",
          "terminate": "false"
        },
        {
          "speaker": "speaker2",
          "personaID": "32278",
          "participantID": "1093",
          "utterance": "그럼요~ 그러던 그림은 다 그리셨나요?",
          "summary": "",
          "date": "2022-10-29",
          "time": "22:07:29",
          "terminate": "false"
        },
        {
          "speaker": "speaker1",
          "personaID": "51175",
          "participantID": "1141",
          "utterance": "아직이요! 요즘 나이가 드니 그림도 잘 안그려지네요!",
          "summary": "",
          "date": "2022-10-29",
          "time": "22:07:41",
          "terminate": "false"
        },
        {
          "speaker": "speaker2",
          "personaID": "32278",
          "participantID": "1093",
          "utterance": "그래요 ㅠㅠ? 그림도 마감기일이 따로 있는건가요?",
          "summary": "",
          "date": "2022-10-29",
          "time": "22:07:53",
          "terminate": "false"
        },
        {
          "speaker": "speaker1",
          "personaID": "51175",
          "participantID": "1141",
          "utterance": "그런건 아닙니다. 그냥 소소하게 그리는거에요!",
          "summary": "",
          "date": "2022-10-29",
          "time": "22:08:06",
          "terminate": "false"
        },
        {
          "speaker": "speaker2",
          "personaID": "32278",
          "participantID": "1093",
          "utterance": "하하하 그렇군요 ㅠㅠ.. 작품이 완성되면 쉬는텀을 두시나요?",
          "summary": "",
          "date": "2022-10-29",
          "time": "22:08:30",
          "terminate": "false"
        },
        {
          "speaker": "speaker1",
          "personaID": "51175",
          "participantID": "1141",
          "utterance": "네 작품하나 끝나면 너무 힘들어서 몇달은 쉬고 있어요!",
          "summary": "",
          "date": "2022-10-29",
          "time": "22:08:41",
          "terminate": "false"
        },
        {
          "speaker": "speaker2",
          "personaID": "32278",
          "participantID": "1093",
          "utterance": "그렇군요~~~그럴때마다 뭐하러 다니는지 물어봐도 되나요?",
          "summary": "",
          "date": "2022-10-29",
          "time": "22:08:56",
          "terminate": "false"
        },
        {
          "speaker": "speaker1",
          "personaID": "51175",
          "participantID": "1141",
          "utterance": "저는 앞마당에 농사를 짓고 있는데 그거 관리해요!",
          "summary": "나는 앞마당에 농사를 짓는다.",
          "date": "2022-10-29",
          "time": "22:09:20",
          "terminate": "false"
        },
        {
          "speaker": "speaker2",
          "personaID": "32278",
          "participantID": "1093",
          "utterance": "그래요? 어떤걸 주로 농사지어요? 혹시 과일도 농사 짓나요? 제가 과일을 좋아하거든요.",
          "summary": "나는 과일을 좋아한다.",
          "date": "2022-10-29",
          "time": "22:09:44",
          "terminate": "false"
        },
        {
          "speaker": "speaker1",
          "personaID": "51175",
          "participantID": "1141",
          "utterance": "제가 과일을 싫어해요... 특히 배는 먹지도 않습니다.",
          "summary": "나는 배를 안 먹는다.",
          "date": "2022-10-29",
          "time": "22:10:35",
          "terminate": "false"
        },
        {
          "speaker": "speaker2",
          "personaID": "32278",
          "participantID": "1093",
          "utterance": "왜요? 배 너무 맛있지 않나요 ㅠㅠ? 저는 배가 최애 과일이거든요.",
          "summary": "나는 배가 내 최애 과일이다.",
          "date": "2022-10-29",
          "time": "22:10:45",
          "terminate": "false"
        },
        {
          "speaker": "speaker1",
          "personaID": "51175",
          "participantID": "1141",
          "utterance": "저는 이상하게 어릴적부터 과일이 싫더라구요.",
          "summary": "나는 어릴 때부터 과일이 싫었다.",
          "date": "2022-10-29",
          "time": "22:11:01",
          "terminate": "false"
        },
        {
          "speaker": "speaker2",
          "personaID": "32278",
          "participantID": "1093",
          "utterance": "그럴수 있죠 ㅠㅠ 하... 저 잠시 남편좀 마중다녀와야겠네요.",
          "summary": "",
          "date": "2022-10-29",
          "time": "22:11:24",
          "terminate": "false"
        },
        {
          "speaker": "speaker1",
          "personaID": "51175",
          "participantID": "1141",
          "utterance": "아 그러세요! 저도 좀 쉬다가 그림 마저 그려야겠어요!",
          "summary": "",
          "date": "2022-10-29",
          "time": "22:11:52",
          "terminate": "false"
        },
        {
          "speaker": "speaker2",
          "personaID": "32278",
          "participantID": "1093",
          "utterance": "아휴.. 근데 왤케 마중나가기 싫은지 모르겠네요!",
          "summary": "",
          "date": "2022-10-29",
          "time": "22:12:16",
          "terminate": "false"
        },
        {
          "speaker": "speaker1",
          "personaID": "51175",
          "participantID": "1141",
          "utterance": "웃으면서 다녀오세요! 다음에 또 연락드릴게요!",
          "summary": "",
          "date": "2022-10-29",
          "time": "22:12:29",
          "terminate": "false"
        },
        {
          "speaker": "speaker2",
          "personaID": "32278",
          "participantID": "1093",
          "utterance": "네!!! 다녀오겠습니다~ 우리 또 연락해요^^",
          "summary": "",
          "date": "2022-10-29",
          "time": "22:12:43",
          "terminate": "true"
        }
      ],
      "sessionPersonaSummary": {
        "speaker1": [
          "나는 앞마당에 농사를 짓는다.",
          "나는 배를 안 먹는다.",
          "나는 어릴 때부터 과일이 싫었다."
        ],
        "speaker2": [
          "나는 과일을 좋아한다.",
          "나는 배가 내 최애 과일이다."
        ]
      },
      "prevAggregatedpersonaSummary": {
        "speaker1": [
          "나는 50대 여자이다.",
          "나는 화가이다.",
          "나는 자녀가 없다.",
          "나는 어제 화방에 갔다.",
          "나는 금리가 오를까 봐 걱정이다."
        ],
        "speaker2": [
          "나는 30대 여자이다.",
          "나는 속기사이다.",
          "나는 일찍 결혼했다.",
          "나는 TV 뉴스를 자주 본다.",
          "나는 물고기를 키우고 싶다."
        ]
      }
    }
  ]
}