{
  "FileInfo": {
    "filename": "K3-00508-CL10462-CP52005-13-09-S3.json",
    "sessionLevel": "3"
  },
  "participantsInfo": {
    "numberOfParticipants": "2",
    "speaker1": {
      "participantID": "4557",
      "gender": "남성",
      "age": "10대",
      "occupation": "학생",
      "bPlace": "대전/세종/충청/강원",
      "gPlace": "서울/경기/인천",
      "rPlace": "서울/경기/인천",
      "educationLevel": "중졸"
    },
    "speaker2": {
      "participantID": "4300",
      "gender": "여성",
      "age": "40대",
      "occupation": "전문직",
      "bPlace": "서울/경기/인천",
      "gPlace": "서울/경기/인천",
      "rPlace": "서울/경기/인천",
      "educationLevel": "대학원졸"
    }
  },
  "multisessionInfo": {
    "multisessionID": "3-00508"
  },
  "personaInfo": {
    "clInfo": {
      "personaID": "10462",
      "personaFeatures": [
        "나는 남자이다.",
        "나는 10대이다.",
        "나의 어머니는 유치원 선생님이다",
        "나는 매일 화가 난다",
        "나는 중간고사를 보는 게 괴롭다"
      ],
      "speakerType": "speaker1"
    },
    "cpInfo": {
      "personaID": "52005",
      "personaFeatures": [
        "나는 여자이다.",
        "나는 50대이다.",
        "나는 드라마 PD이다",
        "나는 저녁에 책을 읽는다",
        "나는 커피를 좋아한다"
      ],
      "speakerType": "speaker2"
    }
  },
  "topicInfo": {
    "topicID": "13-09",
    "topicType": "기후>계절/날씨",
    "topicTitle": "폭염"
  },
  "sessionInfo": [
    {
      "prevSessionID": null,
      "prevTimeInfo": {
        "timeNum": null,
        "timeUnit": null
      },
      "nthSession": "1",
      "numberOfUtterances": "14",
      "numberOfTurns": "7",
      "sessionID": "3-00508-1",
      "dialog": [
        {
          "speaker": "speaker1",
          "personaID": "10462",
          "participantID": "4557",
          "utterance": "안녕하세요 저는 10대 남성입니다",
          "summary": "나는 10대 남자이다",
          "date": "2022-11-14",
          "time": "15:39:39",
          "terminate": "false"
        },
        {
          "speaker": "speaker2",
          "personaID": "52005",
          "participantID": "4300",
          "utterance": "안녕하세요 저는 50대 여성이에요~ 나이가 제가 더 많네요. 만나서 반가워요. 나는 드라마 PD일을 하고 있어요. 학생이신거죠?",
          "summary": "나는 50대 여성이고 드라마 PD 일을 하고 있다",
          "date": "2022-11-14",
          "time": "15:40:19",
          "terminate": "false"
        },
        {
          "speaker": "speaker1",
          "personaID": "10462",
          "participantID": "4557",
          "utterance": "저는 중간고사를 보는 것이 괴로운 학생입니다",
          "summary": "나는 중간고사 보는 것이 괴로운 학생이다",
          "date": "2022-11-14",
          "time": "15:48:52",
          "terminate": "false"
        },
        {
          "speaker": "speaker2",
          "personaID": "52005",
          "participantID": "4300",
          "utterance": "학생들은 시험이 항상 싫을것 같아요. 나도 그랬으니... 나는 저녁에 책을 읽어요. 시험기간이 아닐땐 무엇을 하나요?",
          "summary": "나도 그랬다 나는 저녁에 책을 읽는다",
          "date": "2022-11-14",
          "time": "15:49:38",
          "terminate": "false"
        },
        {
          "speaker": "speaker1",
          "personaID": "10462",
          "participantID": "4557",
          "utterance": "시험기간이 아니면 게임하고 유투브 보고 놀아요 저의 어머니니는 유치원 선생님이세요",
          "summary": "나의 어머니는 유치원 선생님이다",
          "date": "2022-11-14",
          "time": "16:58:28",
          "terminate": "false"
        },
        {
          "speaker": "speaker2",
          "personaID": "52005",
          "participantID": "4300",
          "utterance": "저도 한때 유치원 교사를 잠깐 했어요. 지금은 드라마 PD일을 하고있지만요. ",
          "summary": "나는 한때 유치원 교사를 했고 지금은 드라마 PD 일을 하고 있다",
          "date": "2022-11-14",
          "time": "16:59:26",
          "terminate": "false"
        },
        {
          "speaker": "speaker1",
          "personaID": "10462",
          "participantID": "4557",
          "utterance": "그러시군요 저는 요즘 매일 화가 나요",
          "summary": "나는 요즘 매일 화가 난다",
          "date": "2022-11-14",
          "time": "17:00:46",
          "terminate": "false"
        },
        {
          "speaker": "speaker2",
          "personaID": "52005",
          "participantID": "4300",
          "utterance": "나는 커피를 좋아해요. 아직 학생이라 커피 많이 안먹죠?",
          "summary": "나는 커피를 좋아한다",
          "date": "2022-11-14",
          "time": "17:01:19",
          "terminate": "false"
        },
        {
          "speaker": "speaker1",
          "personaID": "10462",
          "participantID": "4557",
          "utterance": "커피를 먹지는 않는데 화가 날 때 커피가 좋은가요?",
          "summary": "",
          "date": "2022-11-14",
          "time": "17:14:46",
          "terminate": "false"
        },
        {
          "speaker": "speaker2",
          "personaID": "52005",
          "participantID": "4300",
          "utterance": "저는 달달한 커피는 피곤하거나 화날때 한잔씩하면 좀 진정 되더라구요. 학생이니 디카페인 추천해요",
          "summary": "나는 피곤하거나 화가 날 때 달달한 커피로 진정하곤 한다",
          "date": "2022-11-14",
          "time": "17:20:54",
          "terminate": "false"
        },
        {
          "speaker": "speaker1",
          "personaID": "10462",
          "participantID": "4557",
          "utterance": "디카페인을 먹어봐야 겠네요 저는 달콤한 것을 좋아해요^^",
          "summary": "나는 달콤한 것을 좋아한다",
          "date": "2022-11-14",
          "time": "17:22:34",
          "terminate": "false"
        },
        {
          "speaker": "speaker2",
          "personaID": "52005",
          "participantID": "4300",
          "utterance": "달콤한 음식은 기분전환에 좋은 것 같아요",
          "summary": "나는 달콤한 음식은 기분전환에 좋은 것 같다",
          "date": "2022-11-14",
          "time": "17:26:52",
          "terminate": "false"
        },
        {
          "speaker": "speaker1",
          "personaID": "10462",
          "participantID": "4557",
          "utterance": "저도 화가 날 때 달콤한 음식을 먹고 기분 전환을 해야겠네요",
          "summary": "나는 화가 날 때 달콤한 음식을 먹고 기분 전환을 해야겠다",
          "date": "2022-11-14",
          "time": "17:30:16",
          "terminate": "false"
        },
        {
          "speaker": "speaker2",
          "personaID": "52005",
          "participantID": "4300",
          "utterance": "저는 하던 업무를 좀 볼께요. 담에 또 이야기 나눠요~",
          "summary": "나는 하던 업무 좀 볼 거다",
          "date": "2022-11-14",
          "time": "17:30:48",
          "terminate": "true"
        }
      ],
      "sessionPersonaSummary": {
        "speaker1": [
          "나는 10대 남자이다",
          "나는 중간고사 보는 것이 괴로운 학생이다",
          "나의 어머니는 유치원 선생님이다",
          "나는 요즘 매일 화가 난다",
          "나는 달콤한 것을 좋아한다",
          "나는 화가 날 때 달콤한 음식을 먹고 기분 전환을 해야겠다"
        ],
        "speaker2": [
          "나는 50대 여성이고 드라마 PD 일을 하고 있다",
          "나도 그랬다 나는 저녁에 책을 읽는다",
          "나는 한때 유치원 교사를 했고 지금은 드라마 PD 일을 하고 있다",
          "나는 커피를 좋아한다",
          "나는 피곤하거나 화가 날 때 달달한 커피로 진정하곤 한다",
          "나는 달콤한 음식은 기분전환에 좋은 것 같다",
          "나는 하던 업무 좀 볼 거다"
        ]
      },
      "prevAggregatedpersonaSummary": {
        "speaker1": [],
        "speaker2": []
      }
    },
    {
      "prevSessionID": "3-00508-1",
      "prevTimeInfo": {
        "timeNum": "1",
        "timeUnit": "일"
      },
      "nthSession": "2",
      "numberOfUtterances": "14",
      "numberOfTurns": "7",
      "sessionID": "3-00508-2",
      "dialog": [
        {
          "speaker": "speaker1",
          "personaID": "10462",
          "participantID": "4557",
          "utterance": "어제 보고 또 보네요 잘 지내셨죠?",
          "summary": "",
          "date": "2022-11-14",
          "time": "17:45:43",
          "terminate": "false"
        },
        {
          "speaker": "speaker2",
          "personaID": "52005",
          "participantID": "4300",
          "utterance": "그러네요 1일만에 뵈니 더 반가운것 같아요",
          "summary": "나는 1일 만에 보니 더 반갑다",
          "date": "2022-11-14",
          "time": "17:46:30",
          "terminate": "false"
        },
        {
          "speaker": "speaker1",
          "personaID": "10462",
          "participantID": "4557",
          "utterance": "지난 여름에 폭염을 잘 보내셨어요? 학교는 난리였어요",
          "summary": "",
          "date": "2022-11-14",
          "time": "17:55:46",
          "terminate": "false"
        },
        {
          "speaker": "speaker2",
          "personaID": "52005",
          "participantID": "4300",
          "utterance": "너무 더웠죠 여름에.. 드라마촬영 외부에서 할때마다 모두 넘 힘든시간이었죠",
          "summary": "나는 너무 더웠다 드라마 촬영을 외부에서 할 때마다 모두 너무 힘든 시간이었다",
          "date": "2022-11-14",
          "time": "18:36:28",
          "terminate": "false"
        },
        {
          "speaker": "speaker1",
          "personaID": "10462",
          "participantID": "4557",
          "utterance": "학교는 다행히 에어컨을 빵빵하게 틀어서 자율학습에는 지장이 없었어요",
          "summary": "",
          "date": "2022-11-14",
          "time": "18:52:25",
          "terminate": "false"
        },
        {
          "speaker": "speaker2",
          "personaID": "52005",
          "participantID": "4300",
          "utterance": "요즘 학교는 시설이 참 좋은 것 같아요. 폭염에도 에어컨이 빵빵한걸 보니~ ",
          "summary": "나는 요즘 학교시설이 참 좋은 것 같다 폭염에도 에어컨 빵빵하게 트는 것을 보니 말이다",
          "date": "2022-11-16",
          "time": "10:23:53",
          "terminate": "false"
        },
        {
          "speaker": "speaker1",
          "personaID": "10462",
          "participantID": "4557",
          "utterance": "학교 내부시설은 좋은데 외부시설은 너무 안 좋아요 좁고 콘크리트 밖에 없어서요ㅠㅠ",
          "summary": "",
          "date": "2022-11-16",
          "time": "10:29:01",
          "terminate": "false"
        },
        {
          "speaker": "speaker2",
          "personaID": "52005",
          "participantID": "4300",
          "utterance": "그럴법도 하네요. 저는 여름보다 겨울을 좋아해요. 어떤 계절 좋아해요?",
          "summary": "나는 그럴 법하다 나는 여름보다 겨울을 좋아한다",
          "date": "2022-11-16",
          "time": "10:30:28",
          "terminate": "false"
        },
        {
          "speaker": "speaker1",
          "personaID": "10462",
          "participantID": "4557",
          "utterance": "저도 겨울을 좋아해요 겨울에 태어나서 그런지 더 좋아요 왜 겨울을 좋아하세요?",
          "summary": "나는 겨울을 좋아한다",
          "date": "2022-11-16",
          "time": "10:31:08",
          "terminate": "false"
        },
        {
          "speaker": "speaker2",
          "personaID": "52005",
          "participantID": "4300",
          "utterance": "저랑 같네요. 저도 겨울에 태어나서 겨울이 더 좋더라구요",
          "summary": "나는 겨울에 태어나서 겨울이 더 좋다",
          "date": "2022-11-16",
          "time": "11:15:43",
          "terminate": "false"
        },
        {
          "speaker": "speaker1",
          "personaID": "10462",
          "participantID": "4557",
          "utterance": "저는 겨울에 태어나서 폭염이 더 싫은가 봐요^^",
          "summary": "나는 겨울에 태어나서 폭염이 더 싫다",
          "date": "2022-11-16",
          "time": "12:37:19",
          "terminate": "false"
        },
        {
          "speaker": "speaker2",
          "personaID": "52005",
          "participantID": "4300",
          "utterance": "겨울에 태어난 사람들이 좀 그런것 같아요. 겨울 스포츠도 좋아하나요?",
          "summary": "나는 겨울에 태어난 사람들이 좀 그런 것 같다",
          "date": "2022-11-16",
          "time": "13:02:22",
          "terminate": "false"
        },
        {
          "speaker": "speaker1",
          "personaID": "10462",
          "participantID": "4557",
          "utterance": "네 스키 타는 것도 좋아해요^^ 겨울이 기다려 집니다^^",
          "summary": "나는 스키 타는 것을 좋아한다\n",
          "date": "2022-11-16",
          "time": "13:25:42",
          "terminate": "false"
        },
        {
          "speaker": "speaker2",
          "personaID": "52005",
          "participantID": "4300",
          "utterance": "폭염에는 수영장이 최고 겨울에는 춥지만 스키장이 최고죠!",
          "summary": "나는 폭염에는 수영장이 최고이고 겨울에는 스키장이 최고이다",
          "date": "2022-11-16",
          "time": "13:26:23",
          "terminate": "true"
        }
      ],
      "sessionPersonaSummary": {
        "speaker1": [
          "나는 겨울을 좋아한다",
          "나는 겨울에 태어나서 폭염이 더 싫다",
          "나는 스키 타는 것을 좋아한다\n"
        ],
        "speaker2": [
          "나는 1일 만에 보니 더 반갑다",
          "나는 너무 더웠다 드라마 촬영을 외부에서 할 때마다 모두 너무 힘든 시간이었다",
          "나는 요즘 학교시설이 참 좋은 것 같다 폭염에도 에어컨 빵빵하게 트는 것을 보니 말이다",
          "나는 그럴 법하다 나는 여름보다 겨울을 좋아한다",
          "나는 겨울에 태어나서 겨울이 더 좋다",
          "나는 겨울에 태어난 사람들이 좀 그런 것 같다",
          "나는 폭염에는 수영장이 최고이고 겨울에는 스키장이 최고이다"
        ]
      },
      "prevAggregatedpersonaSummary": {
        "speaker1": [
          "나는 10대 남자이다",
          "나는 중간고사 보는 것이 괴로운 학생이다",
          "나의 어머니는 유치원 선생님이다",
          "나는 요즘 매일 화가 난다",
          "나는 달콤한 것을 좋아한다",
          "나는 화가 날 때 달콤한 음식을 먹고 기분 전환을 해야겠다"
        ],
        "speaker2": [
          "나는 50대 여성이고 드라마 PD 일을 하고 있다",
          "나도 그랬다 나는 저녁에 책을 읽는다",
          "나는 한때 유치원 교사를 했고 지금은 드라마 PD 일을 하고 있다",
          "나는 커피를 좋아한다",
          "나는 피곤하거나 화가 날 때 달달한 커피로 진정하곤 한다",
          "나는 달콤한 음식은 기분전환에 좋은 것 같다",
          "나는 하던 업무 좀 볼 거다"
        ]
      }
    },
    {
      "prevSessionID": "3-00508-2",
      "prevTimeInfo": {
        "timeNum": "22",
        "timeUnit": "시간"
      },
      "nthSession": "3",
      "numberOfUtterances": "14",
      "numberOfTurns": "7",
      "sessionID": "3-00508-3",
      "dialog": [
        {
          "speaker": "speaker1",
          "personaID": "10462",
          "participantID": "4557",
          "utterance": "거의 하루가 지났네요 22시간이 흘렀어요",
          "summary": "",
          "date": "2022-11-16",
          "time": "13:43:27",
          "terminate": "false"
        },
        {
          "speaker": "speaker2",
          "personaID": "52005",
          "participantID": "4300",
          "utterance": "그러네요. 22시간이 흘렀네요. 그나저나 날씨가 부쩍 쌀쌀해져서 언제 더웠나 싶어요",
          "summary": "나는 날씨가 부쩍 쌀쌀해져서 언제 더웠나 싶다",
          "date": "2022-11-16",
          "time": "13:47:44",
          "terminate": "false"
        },
        {
          "speaker": "speaker1",
          "personaID": "10462",
          "participantID": "4557",
          "utterance": "날씨가 추워지니깐 지난 폭염이 괜히 그리워지네요^^",
          "summary": "나는 날씨가 추워지니깐 지난 폭염이 괜히 그리워진다",
          "date": "2022-11-16",
          "time": "13:49:13",
          "terminate": "false"
        },
        {
          "speaker": "speaker2",
          "personaID": "52005",
          "participantID": "4300",
          "utterance": "참 사람맘이 그래요. 추울땐 더운게 더울땐 추운게... 저도 그러네요~",
          "summary": "나는 사람 맘이 추울 땐 더운 게 더울 땐 추운 게 그립다",
          "date": "2022-11-16",
          "time": "13:49:44",
          "terminate": "false"
        },
        {
          "speaker": "speaker1",
          "personaID": "10462",
          "participantID": "4557",
          "utterance": "PD하시면 여름에 겨울드라마 찍으신 적은 없으신가요? ",
          "summary": "",
          "date": "2022-11-16",
          "time": "13:51:08",
          "terminate": "false"
        },
        {
          "speaker": "speaker2",
          "personaID": "52005",
          "participantID": "4300",
          "utterance": "눈 오는날 찍을 장면을 지금 준비하고 있어요. 스키장을 컨택하고 왔죠",
          "summary": "나는 눈 오는 날 찍을 장면을 지금 준비하고 있다 스키장을 컨택하고 왔다",
          "date": "2022-11-16",
          "time": "13:54:05",
          "terminate": "false"
        },
        {
          "speaker": "speaker1",
          "personaID": "10462",
          "participantID": "4557",
          "utterance": "여름에는 눈오는 장면을 연출할 때 시원하겠어요^^ 진짜로 눈을 만드나요?",
          "summary": "",
          "date": "2022-11-16",
          "time": "14:17:17",
          "terminate": "false"
        },
        {
          "speaker": "speaker2",
          "personaID": "52005",
          "participantID": "4300",
          "utterance": "기계를 이용하여 만들기도 하고 자연환경 장면에서는 CG를 많이 활용해요",
          "summary": "나는 기계를 이용하여 만들기도 하고 자연환경 장면에서는 CG를 많이 활용하다",
          "date": "2022-11-16",
          "time": "14:17:53",
          "terminate": "false"
        },
        {
          "speaker": "speaker1",
          "personaID": "10462",
          "participantID": "4557",
          "utterance": "CG를 이용하는군요 폭염에 촬용할 때 돈 많이 버는 배우분이 아이스크림 쏘지 않으세요?",
          "summary": "",
          "date": "2022-11-16",
          "time": "14:19:02",
          "terminate": "false"
        },
        {
          "speaker": "speaker2",
          "personaID": "52005",
          "participantID": "4300",
          "utterance": "주로 아아를 많이 쏘시죠. ㅎㅎ 그리고 컵빙수도 잘 쏘세요~",
          "summary": "나는 주로 아이스 아메리카노로 쏘는 것을 본다 나는 컵빙수도 잘 쏘는 것 같다",
          "date": "2022-11-16",
          "time": "14:19:55",
          "terminate": "false"
        },
        {
          "speaker": "speaker1",
          "personaID": "10462",
          "participantID": "4557",
          "utterance": "촬영현장이 재미있으시겠어요 저도 알바라도 하고 싶어요 촬영장에서 ^^",
          "summary": "나는 촬영장에서 아르바이트라도 하고 싶다",
          "date": "2022-11-16",
          "time": "14:21:41",
          "terminate": "false"
        },
        {
          "speaker": "speaker2",
          "personaID": "52005",
          "participantID": "4300",
          "utterance": "다음에 기회가 되면 한번 얘기할께요~ 재미있는 경험이 될거에요",
          "summary": "나는 다음에 기회가 되면 한번 얘기할 거다",
          "date": "2022-11-16",
          "time": "14:23:53",
          "terminate": "false"
        },
        {
          "speaker": "speaker1",
          "personaID": "10462",
          "participantID": "4557",
          "utterance": "기대가 되네요 올겨울은 추울때 지난 여름 폭염을 기억하면서 이겨내야 겠어요^^",
          "summary": "",
          "date": "2022-11-16",
          "time": "14:49:41",
          "terminate": "false"
        },
        {
          "speaker": "speaker2",
          "personaID": "52005",
          "participantID": "4300",
          "utterance": "그래요 감기 걸리지 말고 건강한 겨울 보내요~",
          "summary": "",
          "date": "2022-11-16",
          "time": "14:53:12",
          "terminate": "true"
        }
      ],
      "sessionPersonaSummary": {
        "speaker1": [
          "나는 날씨가 추워지니깐 지난 폭염이 괜히 그리워진다",
          "나는 촬영장에서 아르바이트라도 하고 싶다"
        ],
        "speaker2": [
          "나는 날씨가 부쩍 쌀쌀해져서 언제 더웠나 싶다",
          "나는 사람 맘이 추울 땐 더운 게 더울 땐 추운 게 그립다",
          "나는 눈 오는 날 찍을 장면을 지금 준비하고 있다 스키장을 컨택하고 왔다",
          "나는 기계를 이용하여 만들기도 하고 자연환경 장면에서는 CG를 많이 활용하다",
          "나는 주로 아이스 아메리카노로 쏘는 것을 본다 나는 컵빙수도 잘 쏘는 것 같다",
          "나는 다음에 기회가 되면 한번 얘기할 거다"
        ]
      },
      "prevAggregatedpersonaSummary": {
        "speaker1": [
          "나는 10대 남자이다",
          "나는 중간고사 보는 것이 괴로운 학생이다",
          "나의 어머니는 유치원 선생님이다",
          "나는 요즘 매일 화가 난다",
          "나는 달콤한 것을 좋아한다",
          "나는 화가 날 때 달콤한 음식을 먹고 기분 전환을 해야겠다",
          "나는 겨울을 좋아한다",
          "나는 겨울에 태어나서 폭염이 더 싫다",
          "나는 스키 타는 것을 좋아한다\n"
        ],
        "speaker2": [
          "나는 50대 여성이고 드라마 PD 일을 하고 있다",
          "나도 그랬다 나는 저녁에 책을 읽는다",
          "나는 한때 유치원 교사를 했고 지금은 드라마 PD 일을 하고 있다",
          "나는 커피를 좋아한다",
          "나는 피곤하거나 화가 날 때 달달한 커피로 진정하곤 한다",
          "나는 달콤한 음식은 기분전환에 좋은 것 같다",
          "나는 하던 업무 좀 볼 거다",
          "나는 1일 만에 보니 더 반갑다",
          "나는 너무 더웠다 드라마 촬영을 외부에서 할 때마다 모두 너무 힘든 시간이었다",
          "나는 요즘 학교시설이 참 좋은 것 같다 폭염에도 에어컨 빵빵하게 트는 것을 보니 말이다",
          "나는 그럴 법하다 나는 여름보다 겨울을 좋아한다",
          "나는 겨울에 태어나서 겨울이 더 좋다",
          "나는 겨울에 태어난 사람들이 좀 그런 것 같다",
          "나는 폭염에는 수영장이 최고이고 겨울에는 스키장이 최고이다"
        ]
      }
    }
  ]
}