{
  "FileInfo": {
    "filename": "K3-00186-CL21948-CP22748-20-05-S3.json",
    "sessionLevel": "3"
  },
  "participantsInfo": {
    "numberOfParticipants": "2",
    "speaker1": {
      "participantID": "0180",
      "gender": "여성",
      "age": "20대",
      "occupation": "학생",
      "bPlace": "광주/전라/제주",
      "gPlace": "광주/전라/제주",
      "rPlace": "광주/전라/제주",
      "educationLevel": "고졸"
    },
    "speaker2": {
      "participantID": "0485",
      "gender": "여성",
      "age": "20대",
      "occupation": "학생",
      "bPlace": "서울/경기/인천",
      "gPlace": "서울/경기/인천",
      "rPlace": "서울/경기/인천",
      "educationLevel": "고졸"
    }
  },
  "multisessionInfo": {
    "multisessionID": "3-00186"
  },
  "personaInfo": {
    "clInfo": {
      "personaID": "21948",
      "personaFeatures": [
        "나는 여자이다.",
        "나는 20대이다.",
        "나는 종교가 없다.",
        "나는 인생에서 가장 슬펐던 때는 첫사랑과 헤어졌던 때이다.",
        "나는 베이스 연주를 배우고 싶다."
      ],
      "speakerType": "speaker1"
    },
    "cpInfo": {
      "personaID": "22748",
      "personaFeatures": [
        "나는 여자이다.",
        "나는 20대이다.",
        "나의 종교는 개신교이다.",
        "나는 만화부 동아리에 참여한다.",
        "나는 TV 음악 프로그램을 가끔 본다."
      ],
      "speakerType": "speaker2"
    }
  },
  "topicInfo": {
    "topicID": "20-05",
    "topicType": "예술문화 생활>영화/만화",
    "topicTitle": "영화관"
  },
  "sessionInfo": [
    {
      "prevSessionID": null,
      "prevTimeInfo": {
        "timeNum": null,
        "timeUnit": null
      },
      "nthSession": "1",
      "numberOfUtterances": "16",
      "numberOfTurns": "8",
      "sessionID": "3-00186-1",
      "dialog": [
        {
          "speaker": "speaker1",
          "personaID": "21948",
          "participantID": "0180",
          "utterance": "안녕하세요. 저는 20대 여자입니다.",
          "summary": "나는 20대 여자이다.",
          "date": "2022-09-27",
          "time": "12:42:27",
          "terminate": "false"
        },
        {
          "speaker": "speaker2",
          "personaID": "22748",
          "participantID": "0485",
          "utterance": "반가워요. 저도 20대 여자에요. ㅎㅎ.",
          "summary": "나는 20대 여자이다.",
          "date": "2022-09-27",
          "time": "12:42:29",
          "terminate": "false"
        },
        {
          "speaker": "speaker1",
          "personaID": "21948",
          "participantID": "0180",
          "utterance": "주말인데, 님은 뭐하고 계셨나요?",
          "summary": "",
          "date": "2022-09-27",
          "time": "12:42:47",
          "terminate": "false"
        },
        {
          "speaker": "speaker2",
          "personaID": "22748",
          "participantID": "0485",
          "utterance": "전 티비를 보고 있었어요. TV 음악프로그램을 가끔 보거든요.",
          "summary": "나는 TV 음악프로그램을 가끔 본다.",
          "date": "2022-09-27",
          "time": "12:43:16",
          "terminate": "false"
        },
        {
          "speaker": "speaker1",
          "personaID": "21948",
          "participantID": "0180",
          "utterance": "그러시구나, 저는 베이스 연주를 배우고 싶어서 학원 찾아보고 있었어요.",
          "summary": "나는 베이스 연주를 배우고 싶다.",
          "date": "2022-09-27",
          "time": "12:43:32",
          "terminate": "false"
        },
        {
          "speaker": "speaker2",
          "personaID": "22748",
          "participantID": "0485",
          "utterance": "와, 멋진 취미인데요? 저도 예전엔 악기를 배워보고 싶었어요.",
          "summary": "나는 예전에 악기를 배워보고 싶었다.",
          "date": "2022-09-27",
          "time": "12:43:41",
          "terminate": "false"
        },
        {
          "speaker": "speaker1",
          "personaID": "21948",
          "participantID": "0180",
          "utterance": "ㅎㅎ 그쵸? 제가 종교가 없다 보니까, 주말에는 딱히 할 게 없더라구요. 교회인은 교회라도 가지만.",
          "summary": "나는 종교가 없다.",
          "date": "2022-09-27",
          "time": "12:44:15",
          "terminate": "false"
        },
        {
          "speaker": "speaker2",
          "personaID": "22748",
          "participantID": "0485",
          "utterance": "아하. 전 개신교라 일요일에는 교회를 가긴 하네요.",
          "summary": "나의 종교는 개신교이다.",
          "date": "2022-09-27",
          "time": "12:44:40",
          "terminate": "false"
        },
        {
          "speaker": "speaker1",
          "personaID": "21948",
          "participantID": "0180",
          "utterance": "그러시구나, 저도 헤어진 남자친구가 기독교라 따라서 몇번 가보긴 했어요.",
          "summary": "나는 헤어진 남자 친구가 있다. 남자 친구는 기독교였다.",
          "date": "2022-09-27",
          "time": "12:45:05",
          "terminate": "false"
        },
        {
          "speaker": "speaker2",
          "personaID": "22748",
          "participantID": "0485",
          "utterance": "ㅎㅎ 재미없죠? 베이스를 배우는게 훨씬 재미있을거에요.",
          "summary": "",
          "date": "2022-09-27",
          "time": "12:45:22",
          "terminate": "false"
        },
        {
          "speaker": "speaker1",
          "personaID": "21948",
          "participantID": "0180",
          "utterance": "네. 베이스가 훨씬 재밌을거 같아요. 배워보고 후기 알려드릴게요.",
          "summary": "",
          "date": "2022-09-27",
          "time": "12:45:47",
          "terminate": "false"
        },
        {
          "speaker": "speaker2",
          "personaID": "22748",
          "participantID": "0485",
          "utterance": "갑자기 저도 가슴이 두근두근 하는걸요! 저도 꼭 알려주세요.",
          "summary": "나는 가슴이 두근거린다.",
          "date": "2022-09-27",
          "time": "12:45:52",
          "terminate": "false"
        },
        {
          "speaker": "speaker1",
          "personaID": "21948",
          "participantID": "0180",
          "utterance": "네. 님은 교회는 다녀오셨나요?",
          "summary": "",
          "date": "2022-09-27",
          "time": "12:46:23",
          "terminate": "false"
        },
        {
          "speaker": "speaker2",
          "personaID": "22748",
          "participantID": "0485",
          "utterance": "아직이요. 있다 저녁예배에 가려구요.",
          "summary": "나는 저녁예배에 갈 것이다.",
          "date": "2022-09-27",
          "time": "12:46:39",
          "terminate": "false"
        },
        {
          "speaker": "speaker1",
          "personaID": "21948",
          "participantID": "0180",
          "utterance": "그러시구나, 그럼 저는 학원을 등록 하러 갔다올게요.",
          "summary": "나는 학원을 등록하러 간다.",
          "date": "2022-09-27",
          "time": "12:47:09",
          "terminate": "false"
        },
        {
          "speaker": "speaker2",
          "personaID": "22748",
          "participantID": "0485",
          "utterance": "네. 다녀오세요! ^^ 저는 TV 보고 있겠습니다.",
          "summary": "",
          "date": "2022-09-27",
          "time": "12:47:16",
          "terminate": "true"
        }
      ],
      "sessionPersonaSummary": {
        "speaker1": [
          "나는 20대 여자이다.",
          "나는 베이스 연주를 배우고 싶다.",
          "나는 종교가 없다.",
          "나는 헤어진 남자 친구가 있다. 남자 친구는 기독교였다.",
          "나는 학원을 등록하러 간다."
        ],
        "speaker2": [
          "나는 20대 여자이다.",
          "나는 TV 음악프로그램을 가끔 본다.",
          "나는 예전에 악기를 배워보고 싶었다.",
          "나의 종교는 개신교이다.",
          "나는 가슴이 두근거린다.",
          "나는 저녁예배에 갈 것이다."
        ]
      },
      "prevAggregatedpersonaSummary": {
        "speaker1": [],
        "speaker2": []
      }
    },
    {
      "prevSessionID": "3-00186-1",
      "prevTimeInfo": {
        "timeNum": "1",
        "timeUnit": "일"
      },
      "nthSession": "2",
      "numberOfUtterances": "16",
      "numberOfTurns": "8",
      "sessionID": "3-00186-2",
      "dialog": [
        {
          "speaker": "speaker1",
          "personaID": "21948",
          "participantID": "0180",
          "utterance": "안녕하세요. 하루가 금새 지나고 오늘은 월요일이네요.",
          "summary": "오늘은 월요일이다.",
          "date": "2022-09-27",
          "time": "12:47:41",
          "terminate": "false"
        },
        {
          "speaker": "speaker2",
          "personaID": "22748",
          "participantID": "0485",
          "utterance": "벌써 한 주 시작이네요. 시간이 참 빨라요.",
          "summary": "",
          "date": "2022-09-27",
          "time": "12:47:51",
          "terminate": "false"
        },
        {
          "speaker": "speaker1",
          "personaID": "21948",
          "participantID": "0180",
          "utterance": "지긋지긋합니다. ㅎㅎ 쳇바퀴 도는 다람쥐 같네요.",
          "summary": "",
          "date": "2022-09-27",
          "time": "12:48:05",
          "terminate": "false"
        },
        {
          "speaker": "speaker2",
          "personaID": "22748",
          "participantID": "0485",
          "utterance": "평일에는 보통 뭘 하며 시간을 보내시나요?",
          "summary": "",
          "date": "2022-09-27",
          "time": "12:48:28",
          "terminate": "false"
        },
        {
          "speaker": "speaker1",
          "personaID": "21948",
          "participantID": "0180",
          "utterance": "저는 평일에는 별로 하는 거없이 집에서 시간을 보내요. 님은요?",
          "summary": "나는 평일에는 집에서 시간을 보낸다.",
          "date": "2022-09-27",
          "time": "12:48:54",
          "terminate": "false"
        },
        {
          "speaker": "speaker2",
          "personaID": "22748",
          "participantID": "0485",
          "utterance": "저는 오늘 영화관에 갈까 해요. 님은 영화 좋아하세요?",
          "summary": "나는 영화관에 갈 것이다.",
          "date": "2022-09-27",
          "time": "12:49:02",
          "terminate": "false"
        },
        {
          "speaker": "speaker1",
          "personaID": "21948",
          "participantID": "0180",
          "utterance": "아 저는, 첫사랑이랑 헤어진게 영화관이라서요. 인생에서 가장 슬펐거든요. 그래서 영화관을 안갑니다.",
          "summary": "나는 인생에서 가장 슬펐던 때는 첫사랑과 헤어졌을 때이다.",
          "date": "2022-09-27",
          "time": "12:49:39",
          "terminate": "false"
        },
        {
          "speaker": "speaker2",
          "personaID": "22748",
          "participantID": "0485",
          "utterance": "저런, 그러시구나. 그래도 시간이 지나면 잊혀지지 않을까요?",
          "summary": "",
          "date": "2022-09-27",
          "time": "12:49:57",
          "terminate": "false"
        },
        {
          "speaker": "speaker1",
          "personaID": "21948",
          "participantID": "0180",
          "utterance": "아직은.. 너무 생생해서요. 시간이 해결해 줄거라고 생각하긴 합니다.",
          "summary": "시간이 해결해준다고 믿는다.",
          "date": "2022-09-27",
          "time": "12:50:28",
          "terminate": "false"
        },
        {
          "speaker": "speaker2",
          "personaID": "22748",
          "participantID": "0485",
          "utterance": "그날이 오면 저희 같이 영화보러가요! ㅎㅎ.",
          "summary": "",
          "date": "2022-09-27",
          "time": "12:50:49",
          "terminate": "false"
        },
        {
          "speaker": "speaker1",
          "personaID": "21948",
          "participantID": "0180",
          "utterance": "네. 그때는 제가 먼저 알려드리도록 하겠습니다! 영화를 참 좋아하시는가봐요.",
          "summary": "",
          "date": "2022-09-27",
          "time": "12:51:13",
          "terminate": "false"
        },
        {
          "speaker": "speaker2",
          "personaID": "22748",
          "participantID": "0485",
          "utterance": "좋아하는 편이에요. 특히 만화영화를 좋아해서 만화부 동아리에도 참여한답니다.",
          "summary": "나는 영화를 좋아한다. 나는 만화부 동아리에 참여한다.",
          "date": "2022-09-27",
          "time": "12:51:33",
          "terminate": "false"
        },
        {
          "speaker": "speaker1",
          "personaID": "21948",
          "participantID": "0180",
          "utterance": "아 정말요? 저 만화책은 좋아해요!",
          "summary": "나는 만화책을 좋아한다.",
          "date": "2022-09-27",
          "time": "12:52:30",
          "terminate": "false"
        },
        {
          "speaker": "speaker2",
          "personaID": "22748",
          "participantID": "0485",
          "utterance": "그래요?? 그럼 같이 만화책 보러 가실래요?",
          "summary": "",
          "date": "2022-09-27",
          "time": "12:52:53",
          "terminate": "false"
        },
        {
          "speaker": "speaker1",
          "personaID": "21948",
          "participantID": "0180",
          "utterance": "좋아요. 그럼 만화책방으로 놀러가요. 제가 연락드릴게요.",
          "summary": "",
          "date": "2022-09-27",
          "time": "12:52:59",
          "terminate": "false"
        },
        {
          "speaker": "speaker2",
          "personaID": "22748",
          "participantID": "0485",
          "utterance": "네. 알겠습니다! 너무 재미있을 것 같네요.",
          "summary": "",
          "date": "2022-09-27",
          "time": "12:53:20",
          "terminate": "true"
        }
      ],
      "sessionPersonaSummary": {
        "speaker1": [
          "오늘은 월요일이다.",
          "나는 평일에는 집에서 시간을 보낸다.",
          "나는 인생에서 가장 슬펐던 때는 첫사랑과 헤어졌을 때이다.",
          "시간이 해결해준다고 믿는다.",
          "나는 만화책을 좋아한다."
        ],
        "speaker2": [
          "나는 영화관에 갈 것이다.",
          "나는 영화를 좋아한다. 나는 만화부 동아리에 참여한다."
        ]
      },
      "prevAggregatedpersonaSummary": {
        "speaker1": [
          "나는 20대 여자이다.",
          "나는 베이스 연주를 배우고 싶다.",
          "나는 종교가 없다.",
          "나는 헤어진 남자 친구가 있다. 남자 친구는 기독교였다.",
          "나는 학원을 등록하러 간다."
        ],
        "speaker2": [
          "나는 20대 여자이다.",
          "나는 TV 음악프로그램을 가끔 본다.",
          "나는 예전에 악기를 배워보고 싶었다.",
          "나의 종교는 개신교이다.",
          "나는 가슴이 두근거린다.",
          "나는 저녁예배에 갈 것이다."
        ]
      }
    },
    {
      "prevSessionID": "3-00186-2",
      "prevTimeInfo": {
        "timeNum": "2",
        "timeUnit": "일"
      },
      "nthSession": "3",
      "numberOfUtterances": "16",
      "numberOfTurns": "8",
      "sessionID": "3-00186-3",
      "dialog": [
        {
          "speaker": "speaker1",
          "personaID": "21948",
          "participantID": "0180",
          "utterance": "우리가 연락하며 지낸지도 좀 됬네요. 집에 잘 들어가셨나요? 저는 잘 들어왔어요.",
          "summary": "나는 집에 잘 들어왔다.",
          "date": "2022-09-27",
          "time": "12:53:23",
          "terminate": "false"
        },
        {
          "speaker": "speaker2",
          "personaID": "22748",
          "participantID": "0485",
          "utterance": "네 잘 들어왔어요. ㅎㅎ 오늘 너무 재밌었어요.",
          "summary": "",
          "date": "2022-09-27",
          "time": "12:53:35",
          "terminate": "false"
        },
        {
          "speaker": "speaker1",
          "personaID": "21948",
          "participantID": "0180",
          "utterance": "제가 추천 했던 만화책 진짜 재밌지 않아요?",
          "summary": "",
          "date": "2022-09-27",
          "time": "12:53:59",
          "terminate": "false"
        },
        {
          "speaker": "speaker2",
          "personaID": "22748",
          "participantID": "0485",
          "utterance": "맞아요. 너무 재밌어서 집에 가기 싫더라니까요.ㅋㅋ.",
          "summary": "나는 추천받은 만화책이 재미있었다.",
          "date": "2022-09-27",
          "time": "12:54:14",
          "terminate": "false"
        },
        {
          "speaker": "speaker1",
          "personaID": "21948",
          "participantID": "0180",
          "utterance": "저 그거 집에도 사서 가지고 있거든요. 제 최애 만화책입니다.",
          "summary": "나는 만화책을 가지고 있다.",
          "date": "2022-09-27",
          "time": "12:54:26",
          "terminate": "false"
        },
        {
          "speaker": "speaker2",
          "personaID": "22748",
          "participantID": "0485",
          "utterance": "저도 완결까지 읽어보고 사야겠어요. 시간가는 줄 모를 정도로 재밌었어요.",
          "summary": "",
          "date": "2022-09-27",
          "time": "12:54:38",
          "terminate": "false"
        },
        {
          "speaker": "speaker1",
          "personaID": "21948",
          "participantID": "0180",
          "utterance": "아니면 제가 빌려드릴께요! 사지마세요 ㅎㅎ.",
          "summary": "나는 만화책을 빌려줄 것이다.",
          "date": "2022-09-27",
          "time": "12:54:56",
          "terminate": "false"
        },
        {
          "speaker": "speaker2",
          "personaID": "22748",
          "participantID": "0485",
          "utterance": "괜찮아요. 재미있는 책을 모으는걸 좋아해거든요. ㅋㅋ.",
          "summary": "나는 재밌는 책을 모으는 걸 좋아한다.",
          "date": "2022-09-27",
          "time": "12:55:18",
          "terminate": "false"
        },
        {
          "speaker": "speaker1",
          "personaID": "21948",
          "participantID": "0180",
          "utterance": "아 그러시면 저는 추천합니다. 좋아하시면 저건 소장본으로 추천합니다.",
          "summary": "나는 만화책을 추천한다.",
          "date": "2022-09-27",
          "time": "12:55:36",
          "terminate": "false"
        },
        {
          "speaker": "speaker2",
          "personaID": "22748",
          "participantID": "0485",
          "utterance": "ㅎㅎ 덕분에 좋은 책을 알아가네요.",
          "summary": "",
          "date": "2022-09-27",
          "time": "12:56:07",
          "terminate": "false"
        },
        {
          "speaker": "speaker1",
          "personaID": "21948",
          "participantID": "0180",
          "utterance": "다음에 또 가서 서로 만화책 추천하면서 읽어@이름1@요.",
          "summary": "나는 만화책 추천하면서 읽고 싶다.",
          "date": "2022-09-27",
          "time": "12:56:24",
          "terminate": "false"
        },
        {
          "speaker": "speaker2",
          "personaID": "22748",
          "participantID": "0485",
          "utterance": "저는 너무 좋습니다. 저희 친구된건가요?",
          "summary": "",
          "date": "2022-09-27",
          "time": "12:56:31",
          "terminate": "false"
        },
        {
          "speaker": "speaker1",
          "personaID": "21948",
          "participantID": "0180",
          "utterance": "ㅎㅎ 그럼요. 좋은 친구가 될 것같아요. 저는 이렇게 급친될줄 몰랐어요.",
          "summary": "좋은 친구가 될 것 같다.",
          "date": "2022-09-27",
          "time": "12:56:52",
          "terminate": "false"
        },
        {
          "speaker": "speaker2",
          "personaID": "22748",
          "participantID": "0485",
          "utterance": "아무래도 관심사가 통하니 더 좋네요. ㅎㅎ.",
          "summary": "",
          "date": "2022-09-27",
          "time": "12:57:18",
          "terminate": "false"
        },
        {
          "speaker": "speaker1",
          "personaID": "21948",
          "participantID": "0180",
          "utterance": "ㅎ다음에 만날때까지 잘 지내고 계세요. 제가 또 연락드리겠습니다.",
          "summary": "내가 먼저 연락 주기로 했다.",
          "date": "2022-09-27",
          "time": "12:57:36",
          "terminate": "false"
        },
        {
          "speaker": "speaker2",
          "personaID": "22748",
          "participantID": "0485",
          "utterance": "네~ ^^ 심심하면 또 연락해요!",
          "summary": "",
          "date": "2022-09-27",
          "time": "12:57:44",
          "terminate": "true"
        }
      ],
      "sessionPersonaSummary": {
        "speaker1": [
          "나는 집에 잘 들어왔다.",
          "나는 만화책을 가지고 있다.",
          "나는 만화책을 빌려줄 것이다.",
          "나는 만화책을 추천한다.",
          "나는 만화책 추천하면서 읽고 싶다.",
          "좋은 친구가 될 것 같다.",
          "내가 먼저 연락 주기로 했다."
        ],
        "speaker2": [
          "나는 추천받은 만화책이 재미있었다.",
          "나는 재밌는 책을 모으는 걸 좋아한다."
        ]
      },
      "prevAggregatedpersonaSummary": {
        "speaker1": [
          "나는 20대 여자이다.",
          "나는 베이스 연주를 배우고 싶다.",
          "나는 종교가 없다.",
          "나는 헤어진 남자 친구가 있다. 남자 친구는 기독교였다.",
          "나는 학원을 등록하러 간다.",
          "오늘은 월요일이다.",
          "나는 평일에는 집에서 시간을 보낸다.",
          "나는 인생에서 가장 슬펐던 때는 첫사랑과 헤어졌을 때이다.",
          "시간이 해결해준다고 믿는다.",
          "나는 만화책을 좋아한다."
        ],
        "speaker2": [
          "나는 20대 여자이다.",
          "나는 TV 음악프로그램을 가끔 본다.",
          "나는 예전에 악기를 배워보고 싶었다.",
          "나의 종교는 개신교이다.",
          "나는 가슴이 두근거린다.",
          "나는 저녁예배에 갈 것이다.",
          "나는 영화관에 갈 것이다.",
          "나는 영화를 좋아한다. 나는 만화부 동아리에 참여한다."
        ]
      }
    }
  ]
}