{
  "FileInfo": {
    "filename": "K3-00540-CL00181-CP00536-09-07-S3.json",
    "sessionLevel": "3"
  },
  "participantsInfo": {
    "numberOfParticipants": "2",
    "speaker1": {
      "participantID": "25276",
      "gender": "여성",
      "age": "20대",
      "occupation": "학생",
      "bPlace": "광주/전라/제주",
      "gPlace": "광주/전라/제주",
      "rPlace": "광주/전라/제주",
      "educationLevel": "대졸"
    },
    "speaker2": {
      "participantID": "24671",
      "gender": "여성",
      "age": "40대",
      "occupation": "교직",
      "bPlace": "광주/전라/제주",
      "gPlace": "광주/전라/제주",
      "rPlace": "광주/전라/제주",
      "educationLevel": "대졸"
    }
  },
  "multisessionInfo": {
    "multisessionID": "3-00540"
  },
  "personaInfo": {
    "clInfo": {
      "personaID": "00181",
      "personaFeatures": [
        "나는 여자이다.",
        "나는 20대이다.",
        "나는 매일 걸어서 출퇴근한다.",
        "나는 피아노 연주를 가끔 한다.",
        "나는 싱거운 음식을 싫어한다."
      ],
      "speakerType": "speaker1"
    },
    "cpInfo": {
      "personaID": "00536",
      "personaFeatures": [
        "나는 여자이다.",
        "나는 40대이다.",
        "나는 중학교 사회 교사이다.",
        "나는 요즘, 자주 외롭다.",
        "나는 중식을 좋아한다."
      ],
      "speakerType": "speaker2"
    }
  },
  "topicInfo": {
    "topicID": "09-07",
    "topicType": "개인 및 관계>반려동물",
    "topicTitle": "동물병원"
  },
  "sessionInfo": [
    {
      "prevSessionID": null,
      "prevTimeInfo": {
        "timeNum": null,
        "timeUnit": null
      },
      "nthSession": "1",
      "numberOfUtterances": "16",
      "numberOfTurns": "8",
      "sessionID": "3-00540-1",
      "dialog": [
        {
          "speaker": "speaker1",
          "personaID": "00181",
          "participantID": "25276",
          "utterance": "안녕하세요~ 저는 20대 여자입니다. 반가워요.",
          "summary": "나는 20대 여자이다.",
          "date": "2022-09-08",
          "time": "17:18:46",
          "terminate": "false"
        },
        {
          "speaker": "speaker2",
          "personaID": "00536",
          "participantID": "24671",
          "utterance": "네 안녕하세요 저는 40대 여자 입니다.",
          "summary": "나는 40대 여자이다.",
          "date": "2022-09-08",
          "time": "17:18:51",
          "terminate": "false"
        },
        {
          "speaker": "speaker1",
          "personaID": "00181",
          "participantID": "25276",
          "utterance": "그러시군요, 직장다니세요? 무슨 일 하세요?",
          "summary": "",
          "date": "2022-09-08",
          "time": "17:19:08",
          "terminate": "false"
        },
        {
          "speaker": "speaker2",
          "personaID": "00536",
          "participantID": "24671",
          "utterance": "저는 중학교에서 사회를 가르치고 있어요.",
          "summary": "나는 중학교 사회교사이다.",
          "date": "2022-09-08",
          "time": "17:19:28",
          "terminate": "false"
        },
        {
          "speaker": "speaker1",
          "personaID": "00181",
          "participantID": "25276",
          "utterance": "저는 매일 걸어서 출퇴근 하는데, 어떻게 출퇴근 하세요?",
          "summary": "나는 매일 걸어서 출퇴근을 한다.",
          "date": "2022-09-08",
          "time": "17:19:33",
          "terminate": "false"
        },
        {
          "speaker": "speaker2",
          "personaID": "00536",
          "participantID": "24671",
          "utterance": "저는 자가용으로 출퇴근해요 거리가 멀어서요.",
          "summary": "나는 자가용으로 출퇴근을 한다.",
          "date": "2022-09-08",
          "time": "17:20:17",
          "terminate": "false"
        },
        {
          "speaker": "speaker1",
          "personaID": "00181",
          "participantID": "25276",
          "utterance": "학생들 가르키면 너무 재밌겠어요, 적성에 잘 맞으세요?",
          "summary": "",
          "date": "2022-09-08",
          "time": "17:20:31",
          "terminate": "false"
        },
        {
          "speaker": "speaker2",
          "personaID": "00536",
          "participantID": "24671",
          "utterance": "아니요. 요즘 학생들 선생님을 선생으로 보는거 같지 않아 거리감이 느껴져서 자주 외롭네요.",
          "summary": "나는 자주 외롭다.",
          "date": "2022-09-08",
          "time": "17:21:15",
          "terminate": "false"
        },
        {
          "speaker": "speaker1",
          "personaID": "00181",
          "participantID": "25276",
          "utterance": "외로움을 많이 타시나봐요, 취미는 없으세요? 저는 피아노연주를 가끔해요!",
          "summary": "나는 피아노 연주를 가끔 한다.",
          "date": "2022-09-08",
          "time": "17:21:34",
          "terminate": "false"
        },
        {
          "speaker": "speaker2",
          "personaID": "00536",
          "participantID": "24671",
          "utterance": "취미는 없고 스트레스 받으면 맛잇는 음식을 먹는걸로 풀어요.",
          "summary": "나는 음식을 먹음으로써 스트레스를 푼다.",
          "date": "2022-09-08",
          "time": "17:22:05",
          "terminate": "false"
        },
        {
          "speaker": "speaker1",
          "personaID": "00181",
          "participantID": "25276",
          "utterance": "그러시구나, 저는 딱히 메뉴는 없지만 좀 짜게 먹는 편이에요.ㅎㅎ 좋아하는 음식 있어요?",
          "summary": "나는 싱거운 음식을 싫어한다.",
          "date": "2022-09-08",
          "time": "17:22:21",
          "terminate": "false"
        },
        {
          "speaker": "speaker2",
          "personaID": "00536",
          "participantID": "24671",
          "utterance": "저는 중식을 좋아해서 중식 즐겨 먹습니다.",
          "summary": "나는 중식을 좋아한다.",
          "date": "2022-09-08",
          "time": "17:22:44",
          "terminate": "false"
        },
        {
          "speaker": "speaker1",
          "personaID": "00181",
          "participantID": "25276",
          "utterance": "그러면 점심 메뉴는 중식 드시는거에요?ㅎㅎ.",
          "summary": "",
          "date": "2022-09-08",
          "time": "17:23:16",
          "terminate": "false"
        },
        {
          "speaker": "speaker2",
          "personaID": "00536",
          "participantID": "24671",
          "utterance": "네 짬뽕 맛있게 하는데가 있다고 해서 가보려구요.",
          "summary": "나는 짬뽕을 먹으러 갈 거다.",
          "date": "2022-09-08",
          "time": "17:23:34",
          "terminate": "false"
        },
        {
          "speaker": "speaker1",
          "personaID": "00181",
          "participantID": "25276",
          "utterance": "저도 점심시간이라 점심식사 하러 가봐야겠어요! 식사 맛있게 하세요!",
          "summary": "",
          "date": "2022-09-08",
          "time": "17:25:03",
          "terminate": "false"
        },
        {
          "speaker": "speaker2",
          "personaID": "00536",
          "participantID": "24671",
          "utterance": "네 1님도 식사 맛있게 하세요.",
          "summary": "",
          "date": "2022-09-08",
          "time": "17:26:45",
          "terminate": "true"
        }
      ],
      "sessionPersonaSummary": {
        "speaker1": [
          "나는 20대 여자이다.",
          "나는 매일 걸어서 출퇴근을 한다.",
          "나는 피아노 연주를 가끔 한다.",
          "나는 싱거운 음식을 싫어한다."
        ],
        "speaker2": [
          "나는 40대 여자이다.",
          "나는 중학교 사회교사이다.",
          "나는 자가용으로 출퇴근을 한다.",
          "나는 자주 외롭다.",
          "나는 음식을 먹음으로써 스트레스를 푼다.",
          "나는 중식을 좋아한다.",
          "나는 짬뽕을 먹으러 갈 거다."
        ]
      },
      "prevAggregatedpersonaSummary": {
        "speaker1": [],
        "speaker2": []
      }
    },
    {
      "prevSessionID": "3-00540-1",
      "prevTimeInfo": {
        "timeNum": "7",
        "timeUnit": "시간"
      },
      "nthSession": "2",
      "numberOfUtterances": "16",
      "numberOfTurns": "8",
      "sessionID": "3-00540-2",
      "dialog": [
        {
          "speaker": "speaker1",
          "personaID": "00181",
          "participantID": "25276",
          "utterance": "점심 먹고 일하고 나오니까 7시간이나 지났네요, 바쁘세요?",
          "summary": "",
          "date": "2022-09-08",
          "time": "17:27:00",
          "terminate": "false"
        },
        {
          "speaker": "speaker2",
          "personaID": "00536",
          "participantID": "24671",
          "utterance": "아니요. 한가합니다. 그냥 티비보고있어요.",
          "summary": "나는 한가하다. 나는 티브이를 보고 있다.",
          "date": "2022-09-08",
          "time": "17:27:55",
          "terminate": "false"
        },
        {
          "speaker": "speaker1",
          "personaID": "00181",
          "participantID": "25276",
          "utterance": "방송 뭐 보고 계세요? 저는 동물농장 좋아해요!",
          "summary": "나는 TV 프로그램 동물농장을 좋아한다.",
          "date": "2022-09-08",
          "time": "17:29:42",
          "terminate": "false"
        },
        {
          "speaker": "speaker2",
          "personaID": "00536",
          "participantID": "24671",
          "utterance": "저도 그프로 좋아합니다. 강아지도 한마리 키우구요.",
          "summary": "나는 동물농장 프로를 좋아한다. 나는 강아지도 한 마리 키운다.",
          "date": "2022-09-08",
          "time": "17:30:03",
          "terminate": "false"
        },
        {
          "speaker": "speaker1",
          "personaID": "00181",
          "participantID": "25276",
          "utterance": "강아지 키우시면 동물병원 자주 가시겠어요! 접종은 다 맞췄어요?",
          "summary": "",
          "date": "2022-09-08",
          "time": "17:32:29",
          "terminate": "false"
        },
        {
          "speaker": "speaker2",
          "personaID": "00536",
          "participantID": "24671",
          "utterance": "당연하죠 . 요즘 접종할게 너무 많아요. 챙겨서 접종하고 있습니다.",
          "summary": "나는 강아지 접종 종류가 많다고 생각한다. 나는 챙겨서 접종시키고 있다.",
          "date": "2022-09-08",
          "time": "17:34:19",
          "terminate": "false"
        },
        {
          "speaker": "speaker1",
          "personaID": "00181",
          "participantID": "25276",
          "utterance": "저도 강아지 키우고 싶어서 알아보는데 동물병원은 가까운 곳이 좋나요? 큰 병원이 좋나요?",
          "summary": "나는 강아지가 키우고 싶다.",
          "date": "2022-09-08",
          "time": "17:37:24",
          "terminate": "false"
        },
        {
          "speaker": "speaker2",
          "personaID": "00536",
          "participantID": "24671",
          "utterance": "아주 큰수술이 아니면 저는 우선 가까운 곳이 좋다고 생각해요.",
          "summary": "나는 동물병원이 가까우면 좋다고 생각한다.",
          "date": "2022-09-08",
          "time": "17:37:58",
          "terminate": "false"
        },
        {
          "speaker": "speaker1",
          "personaID": "00181",
          "participantID": "25276",
          "utterance": "그렇구나, 고양이 진료하는 동물병원이 별로 없다던데, 다니시는 곳은 고양이도 보나요?",
          "summary": "",
          "date": "2022-09-08",
          "time": "17:39:26",
          "terminate": "false"
        },
        {
          "speaker": "speaker2",
          "personaID": "00536",
          "participantID": "24671",
          "utterance": "네 보는걸로 알고 있어요. 고양이 데리고 오는 사람 본적있어요.",
          "summary": "내가 다니는 동물병원은 고양이도 진료한다.",
          "date": "2022-09-08",
          "time": "17:39:57",
          "terminate": "false"
        },
        {
          "speaker": "speaker1",
          "personaID": "00181",
          "participantID": "25276",
          "utterance": "강아지 동물병원 무서워 하지 않나요? 가자마자 안다던데 ㅋㅋ.",
          "summary": "",
          "date": "2022-09-08",
          "time": "17:40:15",
          "terminate": "false"
        },
        {
          "speaker": "speaker2",
          "personaID": "00536",
          "participantID": "24671",
          "utterance": "의사선생님이 센스가 있어서 그래도 좀 덜무서워하는거 같아요.",
          "summary": "내가 다니는 동물병원 의사는 센스가 있다. 나의 강아지는 병원을 무서워하지 않는다.",
          "date": "2022-09-08",
          "time": "17:41:17",
          "terminate": "false"
        },
        {
          "speaker": "speaker1",
          "personaID": "00181",
          "participantID": "25276",
          "utterance": "아! 역시 동물병원 고르는 기준은 의사선생님인가봐요?",
          "summary": "",
          "date": "2022-09-08",
          "time": "17:41:43",
          "terminate": "false"
        },
        {
          "speaker": "speaker2",
          "personaID": "00536",
          "participantID": "24671",
          "utterance": "아무래도 그렇죠. 불친절한 곳은 정말 불친절해요.",
          "summary": "나는 동물병원 고르는 기준이 의사 선생님이다.",
          "date": "2022-09-08",
          "time": "17:42:07",
          "terminate": "false"
        },
        {
          "speaker": "speaker1",
          "personaID": "00181",
          "participantID": "25276",
          "utterance": "알겠습니다. 강아지 입양전에 동물병원부터 알아봐야겠어요~좋은 저녁 되시구 다음에 또 대화할까요?",
          "summary": "나는 강아지 입양 전 동물병원을 알아볼 예정이다.",
          "date": "2022-09-08",
          "time": "17:42:14",
          "terminate": "false"
        },
        {
          "speaker": "speaker2",
          "personaID": "00536",
          "participantID": "24671",
          "utterance": "네 그래요 , 대화 즐거웠어요 나중에 또해요!",
          "summary": "",
          "date": "2022-09-08",
          "time": "17:42:47",
          "terminate": "true"
        }
      ],
      "sessionPersonaSummary": {
        "speaker1": [
          "나는 TV 프로그램 동물농장을 좋아한다.",
          "나는 강아지가 키우고 싶다.",
          "나는 강아지 입양 전 동물병원을 알아볼 예정이다."
        ],
        "speaker2": [
          "나는 한가하다. 나는 티브이를 보고 있다.",
          "나는 동물농장 프로를 좋아한다. 나는 강아지도 한 마리 키운다.",
          "나는 강아지 접종 종류가 많다고 생각한다. 나는 챙겨서 접종시키고 있다.",
          "나는 동물병원이 가까우면 좋다고 생각한다.",
          "내가 다니는 동물병원은 고양이도 진료한다.",
          "내가 다니는 동물병원 의사는 센스가 있다. 나의 강아지는 병원을 무서워하지 않는다.",
          "나는 동물병원 고르는 기준이 의사 선생님이다."
        ]
      },
      "prevAggregatedpersonaSummary": {
        "speaker1": [
          "나는 20대 여자이다.",
          "나는 매일 걸어서 출퇴근을 한다.",
          "나는 피아노 연주를 가끔 한다.",
          "나는 싱거운 음식을 싫어한다."
        ],
        "speaker2": [
          "나는 40대 여자이다.",
          "나는 중학교 사회교사이다.",
          "나는 자가용으로 출퇴근을 한다.",
          "나는 자주 외롭다.",
          "나는 음식을 먹음으로써 스트레스를 푼다.",
          "나는 중식을 좋아한다.",
          "나는 짬뽕을 먹으러 갈 거다."
        ]
      }
    },
    {
      "prevSessionID": "3-00540-2",
      "prevTimeInfo": {
        "timeNum": "7",
        "timeUnit": "일"
      },
      "nthSession": "3",
      "numberOfUtterances": "16",
      "numberOfTurns": "8",
      "sessionID": "3-00540-3",
      "dialog": [
        {
          "speaker": "speaker1",
          "personaID": "00181",
          "participantID": "25276",
          "utterance": "일주일이나 지났네요! 저 강아지 데려왔는데 알려준 것보다 어려보여서 몇개월인지 모르겠어요. 병원가서 물어보면 알려주시나요?",
          "summary": "나는 최근 강아지를 입양했다.",
          "date": "2022-09-08",
          "time": "17:43:48",
          "terminate": "false"
        },
        {
          "speaker": "speaker2",
          "personaID": "00536",
          "participantID": "24671",
          "utterance": "네 알려줍니다. 어릴수록 접종을 위해 병원 한 번 데리고 가셔야해요.",
          "summary": "나는 강아지가 어릴수록 병원에 가봐야 한다고 생각한다.",
          "date": "2022-09-08",
          "time": "17:44:32",
          "terminate": "false"
        },
        {
          "speaker": "speaker1",
          "personaID": "00181",
          "participantID": "25276",
          "utterance": "강아지가 이가 너무 작아서 사료도 잘 못먹는데 어떡하죠?ㅠ.",
          "summary": "",
          "date": "2022-09-08",
          "time": "17:45:15",
          "terminate": "false"
        },
        {
          "speaker": "speaker2",
          "personaID": "00536",
          "participantID": "24671",
          "utterance": "그것도 병원에서 알려줄거애요. 어릴때는 사료 물에 불려서 줄겁니다.",
          "summary": "",
          "date": "2022-09-08",
          "time": "17:45:48",
          "terminate": "false"
        },
        {
          "speaker": "speaker1",
          "personaID": "00181",
          "participantID": "25276",
          "utterance": "동물병원 찾아보니까 저희집에서 조금 멀어서 강아지 데리고 갈 때 대중교통 이용이 필요하더라구요, 그냥 안고 타도 되나요? 엄청 작은데.",
          "summary": "나는 동물병원이 집에서 대중교통을 이용해야 한다.",
          "date": "2022-09-08",
          "time": "17:47:04",
          "terminate": "false"
        },
        {
          "speaker": "speaker2",
          "personaID": "00536",
          "participantID": "24671",
          "utterance": "강아지 전용 캐리어 있어요. 거기에 넣어서 타야할거에요.",
          "summary": "",
          "date": "2022-09-08",
          "time": "17:47:53",
          "terminate": "false"
        },
        {
          "speaker": "speaker1",
          "personaID": "00181",
          "participantID": "25276",
          "utterance": "강아지 캐리어부터 구입해야겠어요ㅠ 동물병원에서도 파나요?",
          "summary": "나는 강아지 캐리어를 구입할 생각이다.",
          "date": "2022-09-08",
          "time": "17:49:09",
          "terminate": "false"
        },
        {
          "speaker": "speaker2",
          "personaID": "00536",
          "participantID": "24671",
          "utterance": "글쎄요. 병원마다 다른데 판매하지 않을까요?",
          "summary": "",
          "date": "2022-09-08",
          "time": "17:49:42",
          "terminate": "false"
        },
        {
          "speaker": "speaker1",
          "personaID": "00181",
          "participantID": "25276",
          "utterance": "한 번 가서 물어봐야겠네요! 참 강아지 중성화수술 하셨어요? 필수라던데.",
          "summary": "나는 강아지 중성화 수술이 필수라고 들었다.",
          "date": "2022-09-08",
          "time": "17:50:30",
          "terminate": "false"
        },
        {
          "speaker": "speaker2",
          "personaID": "00536",
          "participantID": "24671",
          "utterance": "필수라기 보다는 건강을 위해 시키는걸로 알고 있어요. 어릴때 하는게 좋다고 하던데.",
          "summary": "",
          "date": "2022-09-08",
          "time": "17:51:53",
          "terminate": "false"
        },
        {
          "speaker": "speaker1",
          "personaID": "00181",
          "participantID": "25276",
          "utterance": "그건 동물병원에서 시기를 알려주시나요?",
          "summary": "",
          "date": "2022-09-08",
          "time": "17:52:06",
          "terminate": "false"
        },
        {
          "speaker": "speaker2",
          "personaID": "00536",
          "participantID": "24671",
          "utterance": "네 병원에서 상담받아보시면 자세히 알려줄거애요!",
          "summary": "",
          "date": "2022-09-08",
          "time": "17:52:30",
          "terminate": "false"
        },
        {
          "speaker": "speaker1",
          "personaID": "00181",
          "participantID": "25276",
          "utterance": "그렇군요! 강아지 미용도 동물병원에서 가능한가요?",
          "summary": "나는 강아지 미용이 동물병원에서 가능한지 궁금하다.",
          "date": "2022-09-08",
          "time": "17:53:19",
          "terminate": "false"
        },
        {
          "speaker": "speaker2",
          "personaID": "00536",
          "participantID": "24671",
          "utterance": "가능은한데. 그건 동물병원마다 다른걸로 알고 있습니다.",
          "summary": "",
          "date": "2022-09-08",
          "time": "17:53:49",
          "terminate": "false"
        },
        {
          "speaker": "speaker1",
          "personaID": "00181",
          "participantID": "25276",
          "utterance": "우선은 방문을 해야 하겠네요~ 정보 감사합니다! 강아지 밥줄 시간이 되서 나중에 또 대화해요!",
          "summary": "나는 강아지 밥을 주러 갈 시간이다.",
          "date": "2022-09-08",
          "time": "17:54:10",
          "terminate": "false"
        },
        {
          "speaker": "speaker2",
          "personaID": "00536",
          "participantID": "24671",
          "utterance": "네네 그래요. 이쁘게 키우세요. 반가웠습니다.",
          "summary": "",
          "date": "2022-09-08",
          "time": "17:54:42",
          "terminate": "true"
        }
      ],
      "sessionPersonaSummary": {
        "speaker1": [
          "나는 최근 강아지를 입양했다.",
          "나는 동물병원이 집에서 대중교통을 이용해야 한다.",
          "나는 강아지 캐리어를 구입할 생각이다.",
          "나는 강아지 중성화 수술이 필수라고 들었다.",
          "나는 강아지 미용이 동물병원에서 가능한지 궁금하다.",
          "나는 강아지 밥을 주러 갈 시간이다."
        ],
        "speaker2": [
          "나는 강아지가 어릴수록 병원에 가봐야 한다고 생각한다."
        ]
      },
      "prevAggregatedpersonaSummary": {
        "speaker1": [
          "나는 20대 여자이다.",
          "나는 매일 걸어서 출퇴근을 한다.",
          "나는 피아노 연주를 가끔 한다.",
          "나는 싱거운 음식을 싫어한다.",
          "나는 TV 프로그램 동물농장을 좋아한다.",
          "나는 강아지가 키우고 싶다.",
          "나는 강아지 입양 전 동물병원을 알아볼 예정이다."
        ],
        "speaker2": [
          "나는 40대 여자이다.",
          "나는 중학교 사회교사이다.",
          "나는 자가용으로 출퇴근을 한다.",
          "나는 자주 외롭다.",
          "나는 음식을 먹음으로써 스트레스를 푼다.",
          "나는 중식을 좋아한다.",
          "나는 짬뽕을 먹으러 갈 거다.",
          "나는 한가하다. 나는 티브이를 보고 있다.",
          "나는 동물농장 프로를 좋아한다. 나는 강아지도 한 마리 키운다.",
          "나는 강아지 접종 종류가 많다고 생각한다. 나는 챙겨서 접종시키고 있다.",
          "나는 동물병원이 가까우면 좋다고 생각한다.",
          "내가 다니는 동물병원은 고양이도 진료한다.",
          "내가 다니는 동물병원 의사는 센스가 있다. 나의 강아지는 병원을 무서워하지 않는다.",
          "나는 동물병원 고르는 기준이 의사 선생님이다."
        ]
      }
    }
  ]
}