{
  "FileInfo": {
    "filename": "K3-00454-CL51372-CP31007-17-14-S3.json",
    "sessionLevel": "3"
  },
  "participantsInfo": {
    "numberOfParticipants": "2",
    "speaker1": {
      "participantID": "9632",
      "gender": "여성",
      "age": "50대",
      "occupation": "주부",
      "bPlace": "대전/세종/충청/강원",
      "gPlace": "서울/경기/인천",
      "rPlace": "대전/세종/충청/강원",
      "educationLevel": "대졸"
    },
    "speaker2": {
      "participantID": "3947",
      "gender": "남성",
      "age": "20대",
      "occupation": "기타",
      "bPlace": "서울/경기/인천",
      "gPlace": "서울/경기/인천",
      "rPlace": "부산/대구/울산/경상",
      "educationLevel": "대졸"
    }
  },
  "multisessionInfo": {
    "multisessionID": "3-00454"
  },
  "personaInfo": {
    "clInfo": {
      "personaID": "51372",
      "personaFeatures": [
        "나는 여자이다.",
        "나는 50대이다.",
        "나는 벤처기업에 다닌다",
        "나는 자전거 동호회에 관심 있다",
        "나는 홍시를 안 먹는다"
      ],
      "speakerType": "speaker1"
    },
    "cpInfo": {
      "personaID": "31007",
      "personaFeatures": [
        "나는 남자이다.",
        "나는 30대이다.",
        "나는 작가이다",
        "나는 사람을 깊이 사귀지 못한다",
        "나는 샌드위치를 즐겨 먹는다"
      ],
      "speakerType": "speaker2"
    }
  },
  "topicInfo": {
    "topicID": "17-14",
    "topicType": "미용과 건강>건강",
    "topicTitle": "건강식품"
  },
  "sessionInfo": [
    {
      "prevSessionID": null,
      "prevTimeInfo": {
        "timeNum": null,
        "timeUnit": null
      },
      "nthSession": "1",
      "numberOfUtterances": "14",
      "numberOfTurns": "7",
      "sessionID": "3-00454-1",
      "dialog": [
        {
          "speaker": "speaker1",
          "personaID": "51372",
          "participantID": "9632",
          "utterance": "안녕하세요? 저는 50대 여성이고 벤처기업에 다녀요~",
          "summary": "나는 50대 여성이고 벤처기업에 다닌다.",
          "date": "2022-11-13",
          "time": "13:31:43",
          "terminate": "false"
        },
        {
          "speaker": "speaker2",
          "personaID": "31007",
          "participantID": "3947",
          "utterance": "안녕하세요. 저는 30대 남성입니다. 직업은 작가에요.",
          "summary": "나는 30대 남성이고 작가이다",
          "date": "2022-11-13",
          "time": "19:19:40",
          "terminate": "false"
        },
        {
          "speaker": "speaker1",
          "personaID": "51372",
          "participantID": "9632",
          "utterance": "안녕하세요? 저는 벤처기업에 다니는 50대 여성입니다.",
          "summary": "나는 벤처기업에서 근무한다.",
          "date": "2022-11-13",
          "time": "19:20:41",
          "terminate": "false"
        },
        {
          "speaker": "speaker2",
          "personaID": "31007",
          "participantID": "3947",
          "utterance": "반갑습니다. 저녁 식사는 하셨나요?",
          "summary": "",
          "date": "2022-11-13",
          "time": "19:23:15",
          "terminate": "false"
        },
        {
          "speaker": "speaker1",
          "personaID": "51372",
          "participantID": "9632",
          "utterance": "네~ 마침 지금 먹었어요~ 고등어 조림을 친구가 해줬어요~",
          "summary": "나는 방금 친구가 고등어조림을 해줬다.",
          "date": "2022-11-13",
          "time": "19:24:54",
          "terminate": "false"
        },
        {
          "speaker": "speaker2",
          "personaID": "31007",
          "participantID": "3947",
          "utterance": "정말 친한 친구분인가봐요. 요리도 해주고. 저는 사람을 깊이 사귀지 못해요. 그래서 그런 친구가 없습니다.",
          "summary": "나는 친구가 없다",
          "date": "2022-11-14",
          "time": "01:04:10",
          "terminate": "false"
        },
        {
          "speaker": "speaker1",
          "personaID": "51372",
          "participantID": "9632",
          "utterance": "네~ 저는 자전거 동호회에 관심이 있는데 그럼 취미로 동호회같은거 해보시면 어떨까요?",
          "summary": "나는 자전거 동호회에 관심이 있다.",
          "date": "2022-11-14",
          "time": "08:58:17",
          "terminate": "false"
        },
        {
          "speaker": "speaker2",
          "personaID": "31007",
          "participantID": "3947",
          "utterance": "동호회에 들어가 볼 생각은 하지 못했어요. 처음에 어색함이 두려워서 더 그런 것 같아요.",
          "summary": "",
          "date": "2022-11-14",
          "time": "11:47:58",
          "terminate": "false"
        },
        {
          "speaker": "speaker1",
          "personaID": "51372",
          "participantID": "9632",
          "utterance": "네.. 그러시군요~ 요즘에는 혼자하는 사람을 위한곳이 많더라구요. 혼밥, 혼영,혼술등~~",
          "summary": "",
          "date": "2022-11-14",
          "time": "14:44:33",
          "terminate": "false"
        },
        {
          "speaker": "speaker2",
          "personaID": "31007",
          "participantID": "3947",
          "utterance": "맞아요. 저는 카페에서 혼자 작업하고 혼자 끼니를 떼우는 경우가 많아요. 그렇다보니 제가 가장 좋아하는 음식도 샌드위치가 되었네요.",
          "summary": "나는 샌드위치를 가장 좋아한다",
          "date": "2022-11-14",
          "time": "23:39:40",
          "terminate": "false"
        },
        {
          "speaker": "speaker1",
          "personaID": "51372",
          "participantID": "9632",
          "utterance": "네~ 그래요~ 혼자가 편할때도 있죠 . 남신경안쓰고요..",
          "summary": "",
          "date": "2022-11-15",
          "time": "00:38:44",
          "terminate": "false"
        },
        {
          "speaker": "speaker2",
          "personaID": "31007",
          "participantID": "3947",
          "utterance": "특히 작가라는 직업이 아이러니하게도 혼자 있을 때 일이 잘될 수도 있는 반면에 사람을 만나면서 얻는 영감들을 무시 못해요. 그래서 저는 비율을 8:2정도로 둬요. 혼자있는 시간 8, 사람 만나는 시간 2. 이런 식이죠.",
          "summary": "나는 혼자 있는 시간과 사람 만나는 시간 비율이 8:2 다",
          "date": "2022-11-15",
          "time": "00:43:38",
          "terminate": "false"
        },
        {
          "speaker": "speaker1",
          "personaID": "51372",
          "participantID": "9632",
          "utterance": "내~ 그러시군요.. 작가는 외로운 직업인것 같네요..",
          "summary": "내 생각에 작가는 외로운 직업인 것 같다.",
          "date": "2022-11-15",
          "time": "00:47:08",
          "terminate": "false"
        },
        {
          "speaker": "speaker2",
          "personaID": "31007",
          "participantID": "3947",
          "utterance": "외로우면서도 한편으로는 그 외로움으로 얻는 것에 위안을 받아요. 참 아이러니하죠 저는 이만 글을 쓰러 가볼게요. 다음에 또 이야기 나눠요.",
          "summary": "",
          "date": "2022-11-15",
          "time": "02:59:32",
          "terminate": "true"
        }
      ],
      "sessionPersonaSummary": {
        "speaker1": [
          "나는 50대 여성이고 벤처기업에 다닌다.",
          "나는 벤처기업에서 근무한다.",
          "나는 방금 친구가 고등어조림을 해줬다.",
          "나는 자전거 동호회에 관심이 있다.",
          "내 생각에 작가는 외로운 직업인 것 같다."
        ],
        "speaker2": [
          "나는 30대 남성이고 작가이다",
          "나는 친구가 없다",
          "나는 샌드위치를 가장 좋아한다",
          "나는 혼자 있는 시간과 사람 만나는 시간 비율이 8:2 다"
        ]
      },
      "prevAggregatedpersonaSummary": {
        "speaker1": [],
        "speaker2": []
      }
    },
    {
      "prevSessionID": "3-00454-1",
      "prevTimeInfo": {
        "timeNum": "10",
        "timeUnit": "일"
      },
      "nthSession": "2",
      "numberOfUtterances": "14",
      "numberOfTurns": "7",
      "sessionID": "3-00454-2",
      "dialog": [
        {
          "speaker": "speaker1",
          "personaID": "51372",
          "participantID": "9632",
          "utterance": "안녕하세요? 10일만이네요~ 잘지내셨어요?",
          "summary": "",
          "date": "2022-11-15",
          "time": "23:38:34",
          "terminate": "false"
        },
        {
          "speaker": "speaker2",
          "personaID": "31007",
          "participantID": "3947",
          "utterance": "안녕하세요. 오랜만이네요. 저는 요즘 헬스를 시작해서 프로틴을 구매해보려고 알아보는 중이에요.",
          "summary": "나는 요즌 헬스를 시작해서\n프로틴을 구매하려고 한다",
          "date": "2022-11-16",
          "time": "01:51:40",
          "terminate": "false"
        },
        {
          "speaker": "speaker1",
          "personaID": "51372",
          "participantID": "9632",
          "utterance": "아~ 네~ 그러시군요~~ 저도 건강식품을 챙겨먹어야 되는 나이가 된것 같아요~",
          "summary": "나는 건강식품을 챙겨 먹어야 되는 나이가 된 것 같다.",
          "date": "2022-11-16",
          "time": "11:51:26",
          "terminate": "false"
        },
        {
          "speaker": "speaker2",
          "personaID": "31007",
          "participantID": "3947",
          "utterance": "건강 챙기는 건 나이와 상관 없죠. 빠르면 빨리 관리할 수록 좋다고 하죠. 평소에 건강식품은 아예 드시지 않으셨나요?",
          "summary": "나는 건강챙시는건 빠를수록 좋은 것 같다",
          "date": "2022-11-16",
          "time": "17:24:43",
          "terminate": "false"
        },
        {
          "speaker": "speaker1",
          "personaID": "51372",
          "participantID": "9632",
          "utterance": "네~ 비타민이랑 유산균같은 기본적인 것은 먹고있어요~",
          "summary": "나는 비타민이랑 유산균같이 기본적인 것을 먹고 있다.",
          "date": "2022-11-16",
          "time": "18:19:18",
          "terminate": "false"
        },
        {
          "speaker": "speaker2",
          "personaID": "31007",
          "participantID": "3947",
          "utterance": "저도 최근에 비타민 D에 관심이 생겼어요. 효과가 있으신가요??",
          "summary": "나는 최근에 비타민 D에 관심이 생겼다",
          "date": "2022-11-17",
          "time": "19:28:23",
          "terminate": "false"
        },
        {
          "speaker": "speaker1",
          "personaID": "51372",
          "participantID": "9632",
          "utterance": "네~ 저는 비타민D를 1000U를 먹고있어요~~",
          "summary": "나는 비타민 D을 100OU 먹고 있다.",
          "date": "2022-11-17",
          "time": "20:39:29",
          "terminate": "false"
        },
        {
          "speaker": "speaker2",
          "personaID": "31007",
          "participantID": "3947",
          "utterance": "유산균은 어떻게 챙겨드세요? 따로 스틱형으로 나온걸 드시는 편인가요? 예전에 알약으로 된 유산균을 먹었는데 효과가 너무 강해서 설사를 줄줄이 한 적이 있어요.",
          "summary": "나는 유산균을 알약으로 먹었는데 강했는지 설사가 나왔다",
          "date": "2022-11-17",
          "time": "21:19:40",
          "terminate": "false"
        },
        {
          "speaker": "speaker1",
          "personaID": "51372",
          "participantID": "9632",
          "utterance": "네~ 저도 알약으로 먹다가 지금은 스틱형으로 먹고있습니다~",
          "summary": "나는 요즘 스틱형으로 유산균을 먹고 있다.",
          "date": "2022-11-18",
          "time": "00:44:20",
          "terminate": "false"
        },
        {
          "speaker": "speaker2",
          "personaID": "31007",
          "participantID": "3947",
          "utterance": "약간의 맛도 있다보니 스틱형이 더 좋았던 것 같아요. 홍삼진액같은건 드셔보셨어요?",
          "summary": "나는 스틱형이 좋다",
          "date": "2022-11-18",
          "time": "13:53:33",
          "terminate": "false"
        },
        {
          "speaker": "speaker1",
          "personaID": "51372",
          "participantID": "9632",
          "utterance": "네~ 스틱형으로 먹었은데 요번에 선물 받은건 한스푼씩 물에 타 먹은건게 좀 번거롭네요.",
          "summary": "나는 유산균을 스푼으로 물에 타 먹는 게 좀 번거롭다.",
          "date": "2022-11-18",
          "time": "14:09:28",
          "terminate": "false"
        },
        {
          "speaker": "speaker2",
          "personaID": "31007",
          "participantID": "3947",
          "utterance": "아 저는 빨아먹는 스틱형을 말했어요. 간편하게 먹을 수 있어서 좋더라고요.",
          "summary": "",
          "date": "2022-11-18",
          "time": "16:12:28",
          "terminate": "false"
        },
        {
          "speaker": "speaker1",
          "personaID": "51372",
          "participantID": "9632",
          "utterance": "다음엔 스틱형으로 사야겠어요~ 볼일이 있어서 담에 뵈요~",
          "summary": "다음엔 스틱형으로 살 예정이다.",
          "date": "2022-11-18",
          "time": "16:14:31",
          "terminate": "false"
        },
        {
          "speaker": "speaker2",
          "personaID": "31007",
          "participantID": "3947",
          "utterance": "네. 저두 글쓰러 갈께요. 다음에 또 이야기 나눌 수 있으면 좋겠어요.",
          "summary": "",
          "date": "2022-11-18",
          "time": "21:54:27",
          "terminate": "true"
        }
      ],
      "sessionPersonaSummary": {
        "speaker1": [
          "나는 건강식품을 챙겨 먹어야 되는 나이가 된 것 같다.",
          "나는 비타민이랑 유산균같이 기본적인 것을 먹고 있다.",
          "나는 비타민 D을 100OU 먹고 있다.",
          "나는 요즘 스틱형으로 유산균을 먹고 있다.",
          "나는 유산균을 스푼으로 물에 타 먹는 게 좀 번거롭다.",
          "다음엔 스틱형으로 살 예정이다."
        ],
        "speaker2": [
          "나는 요즌 헬스를 시작해서\n프로틴을 구매하려고 한다",
          "나는 건강챙시는건 빠를수록 좋은 것 같다",
          "나는 최근에 비타민 D에 관심이 생겼다",
          "나는 유산균을 알약으로 먹었는데 강했는지 설사가 나왔다",
          "나는 스틱형이 좋다"
        ]
      },
      "prevAggregatedpersonaSummary": {
        "speaker1": [
          "나는 50대 여성이고 벤처기업에 다닌다.",
          "나는 벤처기업에서 근무한다.",
          "나는 방금 친구가 고등어조림을 해줬다.",
          "나는 자전거 동호회에 관심이 있다.",
          "내 생각에 작가는 외로운 직업인 것 같다."
        ],
        "speaker2": [
          "나는 30대 남성이고 작가이다",
          "나는 친구가 없다",
          "나는 샌드위치를 가장 좋아한다",
          "나는 혼자 있는 시간과 사람 만나는 시간 비율이 8:2 다"
        ]
      }
    },
    {
      "prevSessionID": "3-00454-2",
      "prevTimeInfo": {
        "timeNum": "7",
        "timeUnit": "일"
      },
      "nthSession": "3",
      "numberOfUtterances": "14",
      "numberOfTurns": "7",
      "sessionID": "3-00454-3",
      "dialog": [
        {
          "speaker": "speaker1",
          "personaID": "51372",
          "participantID": "9632",
          "utterance": "안녕하세요~ 7일 만이네요? 잘지냈어요?",
          "summary": "",
          "date": "2022-11-19",
          "time": "00:08:33",
          "terminate": "false"
        },
        {
          "speaker": "speaker2",
          "personaID": "31007",
          "participantID": "3947",
          "utterance": "네. 잘 지내셨어요? 저는 요즘 건강식품에 관심이 생겨서 이것저것 알아보는 중인데 드셔보신 적 있으신가요?",
          "summary": "나는 요즘 건강식품을 알아보고 있다",
          "date": "2022-11-19",
          "time": "00:18:23",
          "terminate": "false"
        },
        {
          "speaker": "speaker1",
          "personaID": "51372",
          "participantID": "9632",
          "utterance": "네~ 비타민C와 유산균은 기본으로 먹고 있어요~",
          "summary": "나는 비타민C와 유산균을 기본으로 먹고 있다.",
          "date": "2022-11-20",
          "time": "07:55:50",
          "terminate": "false"
        },
        {
          "speaker": "speaker2",
          "personaID": "31007",
          "participantID": "3947",
          "utterance": "저도 비타민은 주기적으로 먹고 있어요. 유산균은 어떻게 드세요? 알약형으로 드시나요?",
          "summary": "나는 비타민을 주기적으로 먹고 있다",
          "date": "2022-11-20",
          "time": "15:28:01",
          "terminate": "false"
        },
        {
          "speaker": "speaker1",
          "personaID": "51372",
          "participantID": "9632",
          "utterance": "아니요~ 스틱형으로 먹고있어요~ 그리고 비타민D 하루에1000U씩 꾸준히 먹어요~",
          "summary": "나는 유산균은 스틱형으로 먹고 있고 비타민D를 하루에 1000U씩 먹는다.",
          "date": "2022-11-20",
          "time": "18:27:22",
          "terminate": "false"
        },
        {
          "speaker": "speaker2",
          "personaID": "31007",
          "participantID": "3947",
          "utterance": "대단하시네요. 저는 또 최근에 헬스를 시작해서 단백질 보충제도 알아보는 중이에요.",
          "summary": "나는 최근에 단백질 보충제를 알아보는 중이다",
          "date": "2022-11-21",
          "time": "00:16:52",
          "terminate": "false"
        },
        {
          "speaker": "speaker1",
          "personaID": "51372",
          "participantID": "9632",
          "utterance": "네~ 그러시군요. 저도 프로틴 파우더를 먹었는데 너무 힘들어서 지금은 안먹어요.",
          "summary": "나는 예전에 프로틴을 먹었지만 지금은 힘들어서 지금 안 먹는다.",
          "date": "2022-11-21",
          "time": "00:20:07",
          "terminate": "false"
        },
        {
          "speaker": "speaker2",
          "personaID": "31007",
          "participantID": "3947",
          "utterance": "저도 예전에 먹다 그만둬서 남긴게 있는데 유통기한이 한참 지났더라더라고요. 쓰레기는 어떻게 배출해야 할까요?",
          "summary": "",
          "date": "2022-11-21",
          "time": "02:21:05",
          "terminate": "false"
        },
        {
          "speaker": "speaker1",
          "personaID": "51372",
          "participantID": "9632",
          "utterance": "네~ 이것도 음식물쓰레기니까 거기에 버리면 될것같아요~",
          "summary": "",
          "date": "2022-11-21",
          "time": "06:55:20",
          "terminate": "false"
        },
        {
          "speaker": "speaker2",
          "personaID": "31007",
          "participantID": "3947",
          "utterance": "그렇군요. 요즘 철분도 떨어지는 것 같아서 눈이 좀 떨려요. 철분제 드시는게 따로 있나요?",
          "summary": "나는 철분제를 먹어야 될 것 같다",
          "date": "2022-11-21",
          "time": "12:18:18",
          "terminate": "false"
        },
        {
          "speaker": "speaker1",
          "personaID": "51372",
          "participantID": "9632",
          "utterance": "아니요~ 철분제는 따로 안먹고 음식으로 보충하고 있어요~",
          "summary": "나는 철분제는 따로 먹지 않고 음식으로 보충하고 있다.",
          "date": "2022-11-21",
          "time": "12:28:37",
          "terminate": "false"
        },
        {
          "speaker": "speaker2",
          "personaID": "31007",
          "participantID": "3947",
          "utterance": "그러시군요. 저는 글을 쓰다보면  제때 잘 챙겨먹지 않게되서 이렇게 영양제를 잘 섭취해야겠더라고요.",
          "summary": "",
          "date": "2022-11-21",
          "time": "13:43:54",
          "terminate": "false"
        },
        {
          "speaker": "speaker1",
          "personaID": "51372",
          "participantID": "9632",
          "utterance": "그래요. 밥만 잘 먹어도 된다고 하쟎아요~~",
          "summary": "",
          "date": "2022-11-21",
          "time": "14:45:34",
          "terminate": "false"
        },
        {
          "speaker": "speaker2",
          "personaID": "31007",
          "participantID": "3947",
          "utterance": "맞아요. 밥 얘기가 나오니 저는 슬슬 배가 고파지네요. 이만 밥 먹으러 가볼게요. 다음에 또 이야기 나눠요.",
          "summary": "나는 밥 먹으러 가야 한다",
          "date": "2022-11-21",
          "time": "15:55:32",
          "terminate": "true"
        }
      ],
      "sessionPersonaSummary": {
        "speaker1": [
          "나는 비타민C와 유산균을 기본으로 먹고 있다.",
          "나는 유산균은 스틱형으로 먹고 있고 비타민D를 하루에 1000U씩 먹는다.",
          "나는 예전에 프로틴을 먹었지만 지금은 힘들어서 지금 안 먹는다.",
          "나는 철분제는 따로 먹지 않고 음식으로 보충하고 있다."
        ],
        "speaker2": [
          "나는 요즘 건강식품을 알아보고 있다",
          "나는 비타민을 주기적으로 먹고 있다",
          "나는 최근에 단백질 보충제를 알아보는 중이다",
          "나는 철분제를 먹어야 될 것 같다",
          "나는 밥 먹으러 가야 한다"
        ]
      },
      "prevAggregatedpersonaSummary": {
        "speaker1": [
          "나는 50대 여성이고 벤처기업에 다닌다.",
          "나는 벤처기업에서 근무한다.",
          "나는 방금 친구가 고등어조림을 해줬다.",
          "나는 자전거 동호회에 관심이 있다.",
          "내 생각에 작가는 외로운 직업인 것 같다.",
          "나는 건강식품을 챙겨 먹어야 되는 나이가 된 것 같다.",
          "나는 비타민이랑 유산균같이 기본적인 것을 먹고 있다.",
          "나는 비타민 D을 100OU 먹고 있다.",
          "나는 요즘 스틱형으로 유산균을 먹고 있다.",
          "나는 유산균을 스푼으로 물에 타 먹는 게 좀 번거롭다.",
          "다음엔 스틱형으로 살 예정이다."
        ],
        "speaker2": [
          "나는 30대 남성이고 작가이다",
          "나는 친구가 없다",
          "나는 샌드위치를 가장 좋아한다",
          "나는 혼자 있는 시간과 사람 만나는 시간 비율이 8:2 다",
          "나는 요즌 헬스를 시작해서\n프로틴을 구매하려고 한다",
          "나는 건강챙시는건 빠를수록 좋은 것 같다",
          "나는 최근에 비타민 D에 관심이 생겼다",
          "나는 유산균을 알약으로 먹었는데 강했는지 설사가 나왔다",
          "나는 스틱형이 좋다"
        ]
      }
    }
  ]
}