{
  "FileInfo": {
    "filename": "K3-00438-CL40478-CP11810-05-01-S3.json",
    "sessionLevel": "3"
  },
  "participantsInfo": {
    "numberOfParticipants": "2",
    "speaker1": {
      "participantID": "3360",
      "gender": "남성",
      "age": "30대",
      "occupation": "기타",
      "bPlace": "서울/경기/인천",
      "gPlace": "서울/경기/인천",
      "rPlace": "서울/경기/인천",
      "educationLevel": "대졸"
    },
    "speaker2": {
      "participantID": "3441",
      "gender": "여성",
      "age": "20대",
      "occupation": "무직",
      "bPlace": "부산/대구/울산/경상",
      "gPlace": "부산/대구/울산/경상",
      "rPlace": "서울/경기/인천",
      "educationLevel": "대졸"
    }
  },
  "multisessionInfo": {
    "multisessionID": "3-00438"
  },
  "personaInfo": {
    "clInfo": {
      "personaID": "40478",
      "personaFeatures": [
        "나는 남자이다.",
        "나는 40대이다.",
        "나는 매우 고집이 세다",
        "나는 점심 시간마다 주식 앱을 본다",
        "나는 전쟁 영화를 가끔 본다"
      ],
      "speakerType": "speaker1"
    },
    "cpInfo": {
      "personaID": "11810",
      "personaFeatures": [
        "나는 여자이다.",
        "나는 10대이다.",
        "나는 가족과 함께 있는 시간이 즐겁다",
        "나는 측량사가 되고 싶다",
        "나는 강아지 한 마리를 키운다"
      ],
      "speakerType": "speaker2"
    }
  },
  "topicInfo": {
    "topicID": "05-01",
    "topicType": "일과 직업>군대",
    "topicTitle": "군대 생활"
  },
  "sessionInfo": [
    {
      "prevSessionID": null,
      "prevTimeInfo": {
        "timeNum": null,
        "timeUnit": null
      },
      "nthSession": "1",
      "numberOfUtterances": "14",
      "numberOfTurns": "7",
      "sessionID": "3-00438-1",
      "dialog": [
        {
          "speaker": "speaker1",
          "personaID": "40478",
          "participantID": "3360",
          "utterance": "안녕하세요 저는 40대 남성입니다",
          "summary": "나는 40대 남성이다",
          "date": "2022-10-19",
          "time": "22:49:13",
          "terminate": "false"
        },
        {
          "speaker": "speaker2",
          "personaID": "11810",
          "participantID": "3441",
          "utterance": "안녕하세요 저는 10대 여자입니다",
          "summary": "나는 10대 여자이다",
          "date": "2022-10-19",
          "time": "23:04:25",
          "terminate": "false"
        },
        {
          "speaker": "speaker1",
          "personaID": "40478",
          "participantID": "3360",
          "utterance": "밤에 잠이안오면 저는 전쟁영화를 가끔 봅니다",
          "summary": "나는 밤에 잠이 안 오면 가끔 전쟁영화를 본다",
          "date": "2022-10-19",
          "time": "23:05:18",
          "terminate": "false"
        },
        {
          "speaker": "speaker2",
          "personaID": "11810",
          "participantID": "3441",
          "utterance": "신기하네요 왜 전쟁영화를 보시나요?",
          "summary": "",
          "date": "2022-10-20",
          "time": "00:14:03",
          "terminate": "false"
        },
        {
          "speaker": "speaker1",
          "personaID": "40478",
          "participantID": "3360",
          "utterance": "전쟁영화는 대부분 실화가 많기도 하고 하나의 역사를 보는거라고생각합니다.",
          "summary": "나는 전쟁영화가 하나의 역사를 보는 거라고 생각한다",
          "date": "2022-10-20",
          "time": "08:50:24",
          "terminate": "false"
        },
        {
          "speaker": "speaker2",
          "personaID": "11810",
          "participantID": "3441",
          "utterance": "멋지네요 저는 강아지 한 마리를 키우는데 잠이 안오면 산책을 나가요",
          "summary": "나는 강아지 한 마리를 키운다. 잠이 안 오면 산책을 간다",
          "date": "2022-10-20",
          "time": "10:20:44",
          "terminate": "false"
        },
        {
          "speaker": "speaker1",
          "personaID": "40478",
          "participantID": "3360",
          "utterance": "산책 좋치요 저는 매우 고집이 세요, 고집센 강아지를 만나 산책을 강제로 나가는건 아니겠지요?",
          "summary": "나는 고집이 매우 세다",
          "date": "2022-10-20",
          "time": "11:01:09",
          "terminate": "false"
        },
        {
          "speaker": "speaker2",
          "personaID": "11810",
          "participantID": "3441",
          "utterance": "하하 네 아닙니다. 꼭 하루에 한번씩은 나가려고 해요. 주인의 의무죠",
          "summary": "나는 하루에 한 번씩 강아지와 산책을 나가려고 한다",
          "date": "2022-10-20",
          "time": "11:02:38",
          "terminate": "false"
        },
        {
          "speaker": "speaker1",
          "personaID": "40478",
          "participantID": "3360",
          "utterance": "곧 점심시간이네요 저는 점심 시간마다 주식앱을 보곤합니다.",
          "summary": "나는 점심시간마다 주식앱을 보곤 한다",
          "date": "2022-10-20",
          "time": "11:06:58",
          "terminate": "false"
        },
        {
          "speaker": "speaker2",
          "personaID": "11810",
          "participantID": "3441",
          "utterance": "그러시군요 저는 아직 어려서 주식에 대해선 잘 몰라요",
          "summary": "나는 아직 어려서 주식에 대해 잘 모른다",
          "date": "2022-10-20",
          "time": "11:40:13",
          "terminate": "false"
        },
        {
          "speaker": "speaker1",
          "personaID": "40478",
          "participantID": "3360",
          "utterance": "그럼 부모님과 같이 살고 있겠네요",
          "summary": "",
          "date": "2022-10-20",
          "time": "11:42:59",
          "terminate": "false"
        },
        {
          "speaker": "speaker2",
          "personaID": "11810",
          "participantID": "3441",
          "utterance": "네 저는 부모님이랑 같이 살아요 ㅎㅎ 가족과 함께 있는 시간이 즐거워서 만족하고 있어요",
          "summary": "나는 부모님이랑 같이 산다",
          "date": "2022-10-20",
          "time": "12:38:16",
          "terminate": "false"
        },
        {
          "speaker": "speaker1",
          "personaID": "40478",
          "participantID": "3360",
          "utterance": "가족과 같이 있을때가 제일 좋았던것 같아요 저도",
          "summary": "나는 가족과 있을 때 제일 좋았었다",
          "date": "2022-10-20",
          "time": "13:08:14",
          "terminate": "false"
        },
        {
          "speaker": "speaker2",
          "personaID": "11810",
          "participantID": "3441",
          "utterance": "이번 주말에도 가족과 등산을 가려고 해요^^ 저는 이만 공부를 해야해서 또 뵐게요!",
          "summary": "나는 이번 주말에 가족과 등산을 가려고 한다",
          "date": "2022-10-20",
          "time": "15:00:20",
          "terminate": "true"
        }
      ],
      "sessionPersonaSummary": {
        "speaker1": [
          "나는 40대 남성이다",
          "나는 밤에 잠이 안 오면 가끔 전쟁영화를 본다",
          "나는 전쟁영화가 하나의 역사를 보는 거라고 생각한다",
          "나는 고집이 매우 세다",
          "나는 점심시간마다 주식앱을 보곤 한다",
          "나는 가족과 있을 때 제일 좋았었다"
        ],
        "speaker2": [
          "나는 10대 여자이다",
          "나는 강아지 한 마리를 키운다. 잠이 안 오면 산책을 간다",
          "나는 하루에 한 번씩 강아지와 산책을 나가려고 한다",
          "나는 아직 어려서 주식에 대해 잘 모른다",
          "나는 부모님이랑 같이 산다",
          "나는 이번 주말에 가족과 등산을 가려고 한다"
        ]
      },
      "prevAggregatedpersonaSummary": {
        "speaker1": [],
        "speaker2": []
      }
    },
    {
      "prevSessionID": "3-00438-1",
      "prevTimeInfo": {
        "timeNum": "43",
        "timeUnit": "시간"
      },
      "nthSession": "2",
      "numberOfUtterances": "14",
      "numberOfTurns": "7",
      "sessionID": "3-00438-2",
      "dialog": [
        {
          "speaker": "speaker1",
          "personaID": "40478",
          "participantID": "3360",
          "utterance": "안녕하세요 43시간만이네요 그동안 잘지냈나요?",
          "summary": "",
          "date": "2022-10-20",
          "time": "15:08:22",
          "terminate": "false"
        },
        {
          "speaker": "speaker2",
          "personaID": "11810",
          "participantID": "3441",
          "utterance": "네~ 별 일 없으셨죠? 저는 잘 지냈습니다",
          "summary": "",
          "date": "2022-10-20",
          "time": "16:47:14",
          "terminate": "false"
        },
        {
          "speaker": "speaker1",
          "personaID": "40478",
          "participantID": "3360",
          "utterance": "아들이 지난주 군대를 갔네요 ",
          "summary": "나는 아들리 지난주 군대를 갔다",
          "date": "2022-10-20",
          "time": "16:58:25",
          "terminate": "false"
        },
        {
          "speaker": "speaker2",
          "personaID": "11810",
          "participantID": "3441",
          "utterance": "그러셨군요 ㅠ 저희 오빠도 군대에 가있어요",
          "summary": "나의 오빠는 군대에 가있다",
          "date": "2022-10-20",
          "time": "17:27:14",
          "terminate": "false"
        },
        {
          "speaker": "speaker1",
          "personaID": "40478",
          "participantID": "3360",
          "utterance": "뭔가 허전한 기분이 드네요 군대 생활을 잘보내야 할텐데요",
          "summary": "나는 아들이 없어서 허전한 가분이 근다",
          "date": "2022-10-20",
          "time": "18:52:28",
          "terminate": "false"
        },
        {
          "speaker": "speaker2",
          "personaID": "11810",
          "participantID": "3441",
          "utterance": "그러게요. 아마 잘 보내고 있을 거에요. 수료식때 봤는데 살이 많이 빠졌더라구요",
          "summary": "나의 오빠는 수료식 때 살이 많이 빠졌다",
          "date": "2022-10-21",
          "time": "11:53:29",
          "terminate": "false"
        },
        {
          "speaker": "speaker1",
          "personaID": "40478",
          "participantID": "3360",
          "utterance": "저희 아들은 백령도에 가서 얼굴을 못봤네요",
          "summary": "나의 아들은 백령도에 갔다",
          "date": "2022-10-21",
          "time": "12:15:56",
          "terminate": "false"
        },
        {
          "speaker": "speaker2",
          "personaID": "11810",
          "participantID": "3441",
          "utterance": "보고 싶으시겠어요 ㅠ 군대라는 건 참 힘들 것 같아요",
          "summary": "",
          "date": "2022-10-21",
          "time": "12:59:43",
          "terminate": "false"
        },
        {
          "speaker": "speaker1",
          "personaID": "40478",
          "participantID": "3360",
          "utterance": "다 성장 중 하나의 과정이니깐요 해병대도 본인이 선택에서 일찍 갔는걸요 ",
          "summary": "나의 아들은 해병대에 본인이 선택해서 갔다",
          "date": "2022-10-21",
          "time": "13:03:36",
          "terminate": "false"
        },
        {
          "speaker": "speaker2",
          "personaID": "11810",
          "participantID": "3441",
          "utterance": "멋지네요. 저도 여군을 잠시 생각해본 적이 있어요",
          "summary": "나는 여군을 생각해본 적 있다",
          "date": "2022-10-21",
          "time": "14:44:37",
          "terminate": "false"
        },
        {
          "speaker": "speaker1",
          "personaID": "40478",
          "participantID": "3360",
          "utterance": "와이프가 키가 작은편인데 키가 좀 컸더라면 ROTC 여군으로 지원했을거라는 농담을 한적이 있네요",
          "summary": "나는 와이프 키가 작은 편이다",
          "date": "2022-10-21",
          "time": "14:51:57",
          "terminate": "false"
        },
        {
          "speaker": "speaker2",
          "personaID": "11810",
          "participantID": "3441",
          "utterance": "멋있으시네요 저는 키가 커서 가능할건 같네요 하하",
          "summary": "나는 키가 커서 여군이 가능할 것 같다",
          "date": "2022-10-21",
          "time": "16:22:07",
          "terminate": "false"
        },
        {
          "speaker": "speaker1",
          "personaID": "40478",
          "participantID": "3360",
          "utterance": "여자들도 군대생활 잘할것 같아요",
          "summary": "나는 여자들도 군대 생활 잘할 것 같다 생각한다",
          "date": "2022-10-21",
          "time": "16:28:01",
          "terminate": "false"
        },
        {
          "speaker": "speaker2",
          "personaID": "11810",
          "participantID": "3441",
          "utterance": "하하 그럴수 있을 것 같아요 주말이라 저는 약속이 있어서 이만 가볼게요~",
          "summary": "",
          "date": "2022-10-21",
          "time": "18:26:13",
          "terminate": "true"
        }
      ],
      "sessionPersonaSummary": {
        "speaker1": [
          "나는 아들리 지난주 군대를 갔다",
          "나는 아들이 없어서 허전한 가분이 근다",
          "나의 아들은 백령도에 갔다",
          "나의 아들은 해병대에 본인이 선택해서 갔다",
          "나는 와이프 키가 작은 편이다",
          "나는 여자들도 군대 생활 잘할 것 같다 생각한다"
        ],
        "speaker2": [
          "나의 오빠는 군대에 가있다",
          "나의 오빠는 수료식 때 살이 많이 빠졌다",
          "나는 여군을 생각해본 적 있다",
          "나는 키가 커서 여군이 가능할 것 같다"
        ]
      },
      "prevAggregatedpersonaSummary": {
        "speaker1": [
          "나는 40대 남성이다",
          "나는 밤에 잠이 안 오면 가끔 전쟁영화를 본다",
          "나는 전쟁영화가 하나의 역사를 보는 거라고 생각한다",
          "나는 고집이 매우 세다",
          "나는 점심시간마다 주식앱을 보곤 한다",
          "나는 가족과 있을 때 제일 좋았었다"
        ],
        "speaker2": [
          "나는 10대 여자이다",
          "나는 강아지 한 마리를 키운다. 잠이 안 오면 산책을 간다",
          "나는 하루에 한 번씩 강아지와 산책을 나가려고 한다",
          "나는 아직 어려서 주식에 대해 잘 모른다",
          "나는 부모님이랑 같이 산다",
          "나는 이번 주말에 가족과 등산을 가려고 한다"
        ]
      }
    },
    {
      "prevSessionID": "3-00438-2",
      "prevTimeInfo": {
        "timeNum": "14",
        "timeUnit": "시간"
      },
      "nthSession": "3",
      "numberOfUtterances": "14",
      "numberOfTurns": "7",
      "sessionID": "3-00438-3",
      "dialog": [
        {
          "speaker": "speaker1",
          "personaID": "40478",
          "participantID": "3360",
          "utterance": "안녕하세요 14시간 만이네요~~",
          "summary": "",
          "date": "2022-10-22",
          "time": "15:35:33",
          "terminate": "false"
        },
        {
          "speaker": "speaker2",
          "personaID": "11810",
          "participantID": "3441",
          "utterance": "네 오랜만이네요~ 잘 지내셨죠?",
          "summary": "",
          "date": "2022-10-22",
          "time": "17:39:45",
          "terminate": "false"
        },
        {
          "speaker": "speaker1",
          "personaID": "40478",
          "participantID": "3360",
          "utterance": "저는 아들 잘 지내고 있는지 궁금해서 인터넷 편지를 쓰고있었어요",
          "summary": "나는 아들이 잘 지내고 있는지 궁금해서 인터넷 편지를 쓰고 있다",
          "date": "2022-10-22",
          "time": "17:50:15",
          "terminate": "false"
        },
        {
          "speaker": "speaker2",
          "personaID": "11810",
          "participantID": "3441",
          "utterance": "그러시군요 요즘은 그래도 일과 끝에 핸드폰으로 연락할 수 있지 않나요?",
          "summary": "나는 요즘 일과 끝에 핸드폰으로 연락 가능한 걸로 알고 있다",
          "date": "2022-10-23",
          "time": "11:53:16",
          "terminate": "false"
        },
        {
          "speaker": "speaker1",
          "personaID": "40478",
          "participantID": "3360",
          "utterance": "아들이 간 해병대쪽은 엄격한것 같네요",
          "summary": "나는 아들이 간 해병대 쪽은 엄격하다고 생각한다",
          "date": "2022-10-23",
          "time": "12:03:34",
          "terminate": "false"
        },
        {
          "speaker": "speaker2",
          "personaID": "11810",
          "participantID": "3441",
          "utterance": "그렇군요 힘들겠어요 ㅠ 아는 오빠도 해병대 출신인데 많이 힘들었다고 하더라구요",
          "summary": "나의 아는 오빠는 해병대 출신인데 많이 힘들어했다",
          "date": "2022-10-23",
          "time": "23:28:18",
          "terminate": "false"
        },
        {
          "speaker": "speaker1",
          "personaID": "40478",
          "participantID": "3360",
          "utterance": "저도 말리고 싶었는데 본인 선택이 확고해서 말리지 못했네요",
          "summary": "나는 아들을 말리고 싶었지만 그러지 못했다",
          "date": "2022-10-23",
          "time": "23:29:04",
          "terminate": "false"
        },
        {
          "speaker": "speaker2",
          "personaID": "11810",
          "participantID": "3441",
          "utterance": "그렇군요 마음이 쓰이시겠어요 그래도 군대 다녀오면 다들 건강해지는 것 같아요!",
          "summary": "나는 다들 군대에 다녀오면 건강해지는 것 같다",
          "date": "2022-10-23",
          "time": "23:32:21",
          "terminate": "false"
        },
        {
          "speaker": "speaker1",
          "personaID": "40478",
          "participantID": "3360",
          "utterance": "저때는 군대 복무기간도 길어서 휴가나오는것도 힘들었는데 지금은 복무기간도 줄고 그렇게 막 힘든 군대생활은 아닐꺼라 생각합니다",
          "summary": "나는 군대에서 복무기간이 길어 휴가 나오는 것이 힘들었다 나는 지금 군대생활은 그렇게 막 힘들진 않을 것이라 생각한다",
          "date": "2022-10-23",
          "time": "23:33:25",
          "terminate": "false"
        },
        {
          "speaker": "speaker2",
          "personaID": "11810",
          "participantID": "3441",
          "utterance": "맞아요 건강히 잘 지내다 오실 겁니다 군생활에선 어떤게 가장 힘든가요?",
          "summary": "",
          "date": "2022-10-23",
          "time": "23:55:04",
          "terminate": "false"
        },
        {
          "speaker": "speaker1",
          "personaID": "40478",
          "participantID": "3360",
          "utterance": "내가 잘못없는데  무조건 까이는거? 단체생활이다보니 매일같이 벌받은 기억밖에 없네요",
          "summary": "나는 군대에서 매일 같이 벌 받은 기억밖에 없다",
          "date": "2022-10-24",
          "time": "03:55:19",
          "terminate": "false"
        },
        {
          "speaker": "speaker2",
          "personaID": "11810",
          "participantID": "3441",
          "utterance": "그렇군요 그런건 진짜 부당하다고 느낄 것 같아요 우리 오빠도 비만 부대 같은데 선임이 지목해서 들어가서 억지로 밥 적게 먹고 살이 빠졌더라구요 ㅠ",
          "summary": "나는 진짜 부당하다고 느낄 것 같다 나의 오빠도 비만 부대 같은데 선임이 지목해서 들어가서 억지로 밥 적게 먹고 살이 빠졌다",
          "date": "2022-10-24",
          "time": "14:32:35",
          "terminate": "false"
        },
        {
          "speaker": "speaker1",
          "personaID": "40478",
          "participantID": "3360",
          "utterance": "군대 생활에 따라 체질이 아예 바뀌는경우도 있더라구요,  아는 동생도 살 진짜 많이 빠져서 나오기도 했어요",
          "summary": " 나는 아는 동생이 군대에 사 살 많이 빠져서 나오기도 하였다",
          "date": "2022-10-24",
          "time": "14:40:05",
          "terminate": "false"
        },
        {
          "speaker": "speaker2",
          "personaID": "11810",
          "participantID": "3441",
          "utterance": "그렇죠? 사람마다 적응하기 나름인 것 같기도 해요 저는 이만 공부하러 가야할 것 같아요!",
          "summary": "나는 사람마다 적응하기 나름인 것 같다",
          "date": "2022-10-24",
          "time": "14:41:20",
          "terminate": "true"
        }
      ],
      "sessionPersonaSummary": {
        "speaker1": [
          "나는 아들이 잘 지내고 있는지 궁금해서 인터넷 편지를 쓰고 있다",
          "나는 아들이 간 해병대 쪽은 엄격하다고 생각한다",
          "나는 아들을 말리고 싶었지만 그러지 못했다",
          "나는 군대에서 복무기간이 길어 휴가 나오는 것이 힘들었다",
          "나는 지금 군대생활은 그렇게 막 힘들진 않을 것이라 생각한다",
          "나는 군대에서 매일 같이 벌 받은 기억밖에 없다",
          "나는 아는 동생이 군대에 사 살 많이 빠져서 나오기도 하였다"
        ],
        "speaker2": [
          "나는 요즘 일과 끝에 핸드폰으로 연락 가능한 걸로 알고 있다",
          "나의 아는 오빠는 해병대 출신인데 많이 힘들어했다",
          "나는 다들 군대에 다녀오면 건강해지는 것 같다",
          "나는 진짜 부당하다고 느낄 것 같다",
          "나의 오빠도 비만 부대 같은데 선임이 지목해서 들어가서 억지로 밥 적게 먹고 살이 빠졌다",
          "나는 사람마다 적응하기 나름인 것 같다"
        ]
      },
      "prevAggregatedpersonaSummary": {
        "speaker1": [
          "나는 40대 남성이다",
          "나는 밤에 잠이 안 오면 가끔 전쟁영화를 본다",
          "나는 전쟁영화가 하나의 역사를 보는 거라고 생각한다",
          "나는 고집이 매우 세다",
          "나는 점심시간마다 주식앱을 보곤 한다",
          "나는 가족과 있을 때 제일 좋았었다",
          "나는 아들리 지난주 군대를 갔다",
          "나는 아들이 없어서 허전한 가분이 근다",
          "나의 아들은 백령도에 갔다",
          "나의 아들은 해병대에 본인이 선택해서 갔다",
          "나는 와이프 키가 작은 편이다",
          "나는 여자들도 군대 생활 잘할 것 같다 생각한다"
        ],
        "speaker2": [
          "나는 10대 여자이다",
          "나는 강아지 한 마리를 키운다. 잠이 안 오면 산책을 간다",
          "나는 하루에 한 번씩 강아지와 산책을 나가려고 한다",
          "나는 아직 어려서 주식에 대해 잘 모른다",
          "나는 부모님이랑 같이 산다",
          "나는 이번 주말에 가족과 등산을 가려고 한다",
          "나의 오빠는 군대에 가있다",
          "나의 오빠는 수료식 때 살이 많이 빠졌다",
          "나는 여군을 생각해본 적 있다",
          "나는 키가 커서 여군이 가능할 것 같다"
        ]
      }
    }
  ]
}