{
  "FileInfo": {
    "filename": "K3-00168-CL04581-CP04998-05-04-S3.json",
    "sessionLevel": "3"
  },
  "participantsInfo": {
    "numberOfParticipants": "2",
    "speaker1": {
      "participantID": "2052",
      "gender": "남성",
      "age": "50대",
      "occupation": "서비스직",
      "bPlace": "광주/전라/제주",
      "gPlace": "광주/전라/제주",
      "rPlace": "광주/전라/제주",
      "educationLevel": "고졸"
    },
    "speaker2": {
      "participantID": "0299",
      "gender": "여성",
      "age": "50대",
      "occupation": "주부",
      "bPlace": "서울/경기/인천",
      "gPlace": "서울/경기/인천",
      "rPlace": "서울/경기/인천",
      "educationLevel": "대졸"
    }
  },
  "multisessionInfo": {
    "multisessionID": "3-00168"
  },
  "personaInfo": {
    "clInfo": {
      "personaID": "04581",
      "personaFeatures": [
        "나는 남자이다.",
        "나는 50대이다.",
        "나의 거주지는 충청도이다.",
        "나는 하얀색을 싫어한다.",
        "나는 K-POP 음악을 좋아한다."
      ],
      "speakerType": "speaker1"
    },
    "cpInfo": {
      "personaID": "04998",
      "personaFeatures": [
        "나는 여자이다.",
        "나는 50대이다.",
        "나의 거주지는 서울이다.",
        "나는 TV 교육 프로그램을 좋아한다.",
        "나는 홈트레이닝을 가끔 한다."
      ],
      "speakerType": "speaker2"
    }
  },
  "topicInfo": {
    "topicID": "05-04",
    "topicType": "일과 직업>군대",
    "topicTitle": "훈련"
  },
  "sessionInfo": [
    {
      "prevSessionID": null,
      "prevTimeInfo": {
        "timeNum": null,
        "timeUnit": null
      },
      "nthSession": "1",
      "numberOfUtterances": "16",
      "numberOfTurns": "8",
      "sessionID": "3-00168-1",
      "dialog": [
        {
          "speaker": "speaker1",
          "personaID": "04581",
          "participantID": "2052",
          "utterance": "반갑습니다. 50대 남자입니다.",
          "summary": "나는 50대 남자이다.",
          "date": "2022-09-05",
          "time": "22:04:02",
          "terminate": "false"
        },
        {
          "speaker": "speaker2",
          "personaID": "04998",
          "participantID": "0299",
          "utterance": "네 반가워요 저도 50대인 여자에요.",
          "summary": "나는 50대 여자이다.",
          "date": "2022-09-05",
          "time": "22:04:09",
          "terminate": "false"
        },
        {
          "speaker": "speaker1",
          "personaID": "04581",
          "participantID": "2052",
          "utterance": "반갑습니다. 요즘 취미가 어떻게 되시나요?",
          "summary": "",
          "date": "2022-09-05",
          "time": "22:04:26",
          "terminate": "false"
        },
        {
          "speaker": "speaker2",
          "personaID": "04998",
          "participantID": "0299",
          "utterance": "저는 그냥 주로 티비를 봐요.",
          "summary": "나는 주로 티브이를 본다.",
          "date": "2022-09-05",
          "time": "22:04:38",
          "terminate": "false"
        },
        {
          "speaker": "speaker1",
          "personaID": "04581",
          "participantID": "2052",
          "utterance": "그중에서도 어떤 티비를 보세요?",
          "summary": "",
          "date": "2022-09-05",
          "time": "22:04:54",
          "terminate": "false"
        },
        {
          "speaker": "speaker2",
          "personaID": "04998",
          "participantID": "0299",
          "utterance": "글쎄요 제가 교사라 교육 프로그램을 좋아하긴 해요.",
          "summary": "나는 교사이다. 나는 교육 프로그램을 좋아한다.",
          "date": "2022-09-05",
          "time": "22:05:13",
          "terminate": "false"
        },
        {
          "speaker": "speaker1",
          "personaID": "04581",
          "participantID": "2052",
          "utterance": "아 선생님이셨구나. 그럼 중학교나 고등학교 교사인가요?",
          "summary": "",
          "date": "2022-09-05",
          "time": "22:05:37",
          "terminate": "false"
        },
        {
          "speaker": "speaker2",
          "personaID": "04998",
          "participantID": "0299",
          "utterance": "네 서울에서 고등학교 교사로 일하고있어요.",
          "summary": "나의 거주지는 서울이다. 나는 고등학교 교사이다.",
          "date": "2022-09-05",
          "time": "22:05:55",
          "terminate": "false"
        },
        {
          "speaker": "speaker1",
          "personaID": "04581",
          "participantID": "2052",
          "utterance": "그러시군요. 저는 충청도에서 군인하고 있습니다.",
          "summary": "나의 거주지는 충청도이다. 나는 군인이다.",
          "date": "2022-09-05",
          "time": "22:06:13",
          "terminate": "false"
        },
        {
          "speaker": "speaker2",
          "personaID": "04998",
          "participantID": "0299",
          "utterance": "아 그래요? 제 아들이 얼마전에 군대에 갔는데.",
          "summary": "나는 아들이 있다. 나의 아들은 군인이다.",
          "date": "2022-09-05",
          "time": "22:06:29",
          "terminate": "false"
        },
        {
          "speaker": "speaker1",
          "personaID": "04581",
          "participantID": "2052",
          "utterance": "어느부대로 갔는지 기억하십니까?",
          "summary": "",
          "date": "2022-09-05",
          "time": "22:06:40",
          "terminate": "false"
        },
        {
          "speaker": "speaker2",
          "personaID": "04998",
          "participantID": "0299",
          "utterance": "강원도쪽이었는데 잘 기억이 안나네요.",
          "summary": "나의 아들은 강원도에서 복무한다.",
          "date": "2022-09-05",
          "time": "22:06:49",
          "terminate": "false"
        },
        {
          "speaker": "speaker1",
          "personaID": "04581",
          "participantID": "2052",
          "utterance": "강원도로 갔군요. 참 힘들겠습니다.",
          "summary": "",
          "date": "2022-09-05",
          "time": "22:07:01",
          "terminate": "false"
        },
        {
          "speaker": "speaker2",
          "personaID": "04998",
          "participantID": "0299",
          "utterance": "그러게요 날씨도 추운데 잘 지낼지 걱정이에요.",
          "summary": "나는 아들이 잘 지낼지 걱정이다.",
          "date": "2022-09-05",
          "time": "22:07:13",
          "terminate": "false"
        },
        {
          "speaker": "speaker1",
          "personaID": "04581",
          "participantID": "2052",
          "utterance": "그래도 남자가 되려면 그런경험도 있어야죠. 저는 호출이 있어서 잠시 갔다오겠습니다.",
          "summary": "",
          "date": "2022-09-05",
          "time": "22:07:33",
          "terminate": "false"
        },
        {
          "speaker": "speaker2",
          "personaID": "04998",
          "participantID": "0299",
          "utterance": "네 저도 일하던 중이라 이따 연락해요.",
          "summary": "",
          "date": "2022-09-05",
          "time": "22:07:43",
          "terminate": "true"
        }
      ],
      "sessionPersonaSummary": {
        "speaker1": [
          "나는 50대 남자이다.",
          "나의 거주지는 충청도이다. 나는 군인이다."
        ],
        "speaker2": [
          "나는 50대 여자이다.",
          "나는 주로 티브이를 본다.",
          "나는 교사이다. 나는 교육 프로그램을 좋아한다.",
          "나의 거주지는 서울이다. 나는 고등학교 교사이다.",
          "나는 아들이 있다. 나의 아들은 군인이다.",
          "나의 아들은 강원도에서 복무한다.",
          "나는 아들이 잘 지낼지 걱정이다."
        ]
      },
      "prevAggregatedpersonaSummary": {
        "speaker1": [],
        "speaker2": []
      }
    },
    {
      "prevSessionID": "3-00168-1",
      "prevTimeInfo": {
        "timeNum": "2",
        "timeUnit": "시간"
      },
      "nthSession": "2",
      "numberOfUtterances": "16",
      "numberOfTurns": "8",
      "sessionID": "3-00168-2",
      "dialog": [
        {
          "speaker": "speaker1",
          "personaID": "04581",
          "participantID": "2052",
          "utterance": "죄송합니다. 훈련 문제로 갔다왔네요.",
          "summary": "",
          "date": "2022-09-05",
          "time": "22:08:01",
          "terminate": "false"
        },
        {
          "speaker": "speaker2",
          "personaID": "04998",
          "participantID": "0299",
          "utterance": "요즘 시기에는 무슨 훈련을 해요?",
          "summary": "",
          "date": "2022-09-05",
          "time": "22:08:09",
          "terminate": "false"
        },
        {
          "speaker": "speaker1",
          "personaID": "04581",
          "participantID": "2052",
          "utterance": "아무래도 겨울이라 혹한기 훈련을 하죠.",
          "summary": "나는 혹한기 훈련을 한다.",
          "date": "2022-09-05",
          "time": "22:08:22",
          "terminate": "false"
        },
        {
          "speaker": "speaker2",
          "personaID": "04998",
          "participantID": "0299",
          "utterance": "저도 아는거보니깐 힘든 훈련일거같네요. 제 아들도 하겠죠?",
          "summary": "",
          "date": "2022-09-05",
          "time": "22:08:40",
          "terminate": "false"
        },
        {
          "speaker": "speaker1",
          "personaID": "04581",
          "participantID": "2052",
          "utterance": "그럼요. 아 근데 아드님이 언제 군대에 갔습니까?",
          "summary": "",
          "date": "2022-09-05",
          "time": "22:08:54",
          "terminate": "false"
        },
        {
          "speaker": "speaker2",
          "personaID": "04998",
          "participantID": "0299",
          "utterance": "세달정도 됐어요. 다음주에 휴가나온다고 했어요.",
          "summary": "나의 아들은 군대 간 지 3달 됐다. 나의 아들은 다음 주에 휴가를 나온다.",
          "date": "2022-09-05",
          "time": "22:09:23",
          "terminate": "false"
        },
        {
          "speaker": "speaker1",
          "personaID": "04581",
          "participantID": "2052",
          "utterance": "아까 얼마전이라길래 훈련병일줄 알았는데 자대에 갔겠네요. 혹한기 훈련도 하겠습니다.",
          "summary": "",
          "date": "2022-09-05",
          "time": "22:09:55",
          "terminate": "false"
        },
        {
          "speaker": "speaker2",
          "personaID": "04998",
          "participantID": "0299",
          "utterance": "제발 다치지만 않았으면 소원이 없겠어요.",
          "summary": "나는 아들인 안 다쳤으면 좋겠다.",
          "date": "2022-09-05",
          "time": "22:10:15",
          "terminate": "false"
        },
        {
          "speaker": "speaker1",
          "personaID": "04581",
          "participantID": "2052",
          "utterance": "그래도 요즘엔 간부들이 잘 케어해주니깐 괜찮을겁니다.",
          "summary": "",
          "date": "2022-09-05",
          "time": "22:10:32",
          "terminate": "false"
        },
        {
          "speaker": "speaker2",
          "personaID": "04998",
          "participantID": "0299",
          "utterance": "그러면 다행이네요. 그럼 군대에 뭐 보내줄건 없을까요?",
          "summary": "",
          "date": "2022-09-05",
          "time": "22:10:48",
          "terminate": "false"
        },
        {
          "speaker": "speaker1",
          "personaID": "04581",
          "participantID": "2052",
          "utterance": "있다고하더라도 PX가 더 싸서 차라리 돈을 보내주는게 좋을수도있어요.",
          "summary": "",
          "date": "2022-09-05",
          "time": "22:11:08",
          "terminate": "false"
        },
        {
          "speaker": "speaker2",
          "personaID": "04998",
          "participantID": "0299",
          "utterance": "하긴 거기는 물건들이 반값이라면서요?",
          "summary": "",
          "date": "2022-09-05",
          "time": "22:11:17",
          "terminate": "false"
        },
        {
          "speaker": "speaker1",
          "personaID": "04581",
          "participantID": "2052",
          "utterance": "네 세금이 거의 없다보니 물건들이 많이 쌉니다.",
          "summary": "",
          "date": "2022-09-05",
          "time": "22:11:32",
          "terminate": "false"
        },
        {
          "speaker": "speaker2",
          "personaID": "04998",
          "participantID": "0299",
          "utterance": "그럼 돈을 보내주고 휴가나올때 뭐 좀 사오라고 해야겠네요.",
          "summary": "나는 아들에게 휴가 나올 때 물건을 사 오라고 할 예정이다.",
          "date": "2022-09-05",
          "time": "22:11:48",
          "terminate": "false"
        },
        {
          "speaker": "speaker1",
          "personaID": "04581",
          "participantID": "2052",
          "utterance": "요즘 달팽이크림을 그렇게 사간다는데 한번 부탁해보세요. 저는 이제 업무가 있어서 다음에 연락드리겠습니다.",
          "summary": "",
          "date": "2022-09-05",
          "time": "22:12:11",
          "terminate": "false"
        },
        {
          "speaker": "speaker2",
          "personaID": "04998",
          "participantID": "0299",
          "utterance": "달팽이크림 저도 들어봤어요. 그거 사오라고 해야겠네요. 그럼 다음에 연락주세요.",
          "summary": "나는 아들에게 달팽이 크림을 부탁할 예정이다.",
          "date": "2022-09-05",
          "time": "22:12:30",
          "terminate": "true"
        }
      ],
      "sessionPersonaSummary": {
        "speaker1": [
          "나는 혹한기 훈련을 한다."
        ],
        "speaker2": [
          "나의 아들은 군대 간 지 3달 됐다. 나의 아들은 다음 주에 휴가를 나온다.",
          "나는 아들인 안 다쳤으면 좋겠다.",
          "나는 아들에게 휴가 나올 때 물건을 사 오라고 할 예정이다.",
          "나는 아들에게 달팽이 크림을 부탁할 예정이다."
        ]
      },
      "prevAggregatedpersonaSummary": {
        "speaker1": [
          "나는 50대 남자이다.",
          "나의 거주지는 충청도이다. 나는 군인이다."
        ],
        "speaker2": [
          "나는 50대 여자이다.",
          "나는 주로 티브이를 본다.",
          "나는 교사이다. 나는 교육 프로그램을 좋아한다.",
          "나의 거주지는 서울이다. 나는 고등학교 교사이다.",
          "나는 아들이 있다. 나의 아들은 군인이다.",
          "나의 아들은 강원도에서 복무한다.",
          "나는 아들이 잘 지낼지 걱정이다."
        ]
      }
    },
    {
      "prevSessionID": "3-00168-2",
      "prevTimeInfo": {
        "timeNum": "1",
        "timeUnit": "일"
      },
      "nthSession": "3",
      "numberOfUtterances": "16",
      "numberOfTurns": "8",
      "sessionID": "3-00168-3",
      "dialog": [
        {
          "speaker": "speaker1",
          "personaID": "04581",
          "participantID": "2052",
          "utterance": "어제는 너무 바빠서 더 연락을 못드렸습니다.",
          "summary": "",
          "date": "2022-09-05",
          "time": "22:12:44",
          "terminate": "false"
        },
        {
          "speaker": "speaker2",
          "personaID": "04998",
          "participantID": "0299",
          "utterance": "괜찮아요. 군인들이 다 바쁘죠. 어제 많이 바빴나봐요?",
          "summary": "",
          "date": "2022-09-05",
          "time": "22:13:00",
          "terminate": "false"
        },
        {
          "speaker": "speaker1",
          "personaID": "04581",
          "participantID": "2052",
          "utterance": "갑자기 눈이 많이와서 치우느라 한참 걸렸네요. 제가 군대와서 하얀색을 싫어하게 됐습니다.",
          "summary": "나는 눈을 치웠다. 나는 하얀색을 싫어한다.",
          "date": "2022-09-05",
          "time": "22:13:27",
          "terminate": "false"
        },
        {
          "speaker": "speaker2",
          "personaID": "04998",
          "participantID": "0299",
          "utterance": "눈때문에요? 근데 충청도는 눈 별로 안오지 않아요?",
          "summary": "",
          "date": "2022-09-05",
          "time": "22:13:42",
          "terminate": "false"
        },
        {
          "speaker": "speaker1",
          "personaID": "04581",
          "participantID": "2052",
          "utterance": "제가 젊었을때는 강원도쪽에 오래 있어서 눈을 정말 많이 봤었어요.",
          "summary": "나는 젊었을 때 강원도에서 복무했다.",
          "date": "2022-09-05",
          "time": "22:14:02",
          "terminate": "false"
        },
        {
          "speaker": "speaker2",
          "personaID": "04998",
          "participantID": "0299",
          "utterance": "제 아들도 그럼 눈 엄청 치우겠네요..어쩌면좋아.",
          "summary": "",
          "date": "2022-09-05",
          "time": "22:14:15",
          "terminate": "false"
        },
        {
          "speaker": "speaker1",
          "personaID": "04581",
          "participantID": "2052",
          "utterance": "조금 힘들긴해도 쉬는시간은 충분히 주니깐 걱정하지마요.",
          "summary": "",
          "date": "2022-09-05",
          "time": "22:14:54",
          "terminate": "false"
        },
        {
          "speaker": "speaker2",
          "personaID": "04998",
          "participantID": "0299",
          "utterance": "그래도 어떻게 지내는지 모르니깐 걱정이 되는건 어쩔수없네요.",
          "summary": "",
          "date": "2022-09-05",
          "time": "22:15:09",
          "terminate": "false"
        },
        {
          "speaker": "speaker1",
          "personaID": "04581",
          "participantID": "2052",
          "utterance": "아마 지금쯤은 쉬고 있을겁니다. 한번 전화해보세요.",
          "summary": "",
          "date": "2022-09-05",
          "time": "22:15:25",
          "terminate": "false"
        },
        {
          "speaker": "speaker2",
          "personaID": "04998",
          "participantID": "0299",
          "utterance": "아까 전화했는데 무슨 음악 듣는다고 나중에 전화한다고 하더라구요.",
          "summary": "나의 아들은 음악을 듣는다.",
          "date": "2022-09-05",
          "time": "22:15:40",
          "terminate": "false"
        },
        {
          "speaker": "speaker1",
          "personaID": "04581",
          "participantID": "2052",
          "utterance": "음악방송을 보나봅니다. 남자들밖에 없으니 걸그룹 무대를 많이 봐요.",
          "summary": "",
          "date": "2022-09-05",
          "time": "22:16:02",
          "terminate": "false"
        },
        {
          "speaker": "speaker2",
          "personaID": "04998",
          "participantID": "0299",
          "utterance": "어머 그럼 간부님도 좋아하세요?",
          "summary": "",
          "date": "2022-09-05",
          "time": "22:16:15",
          "terminate": "false"
        },
        {
          "speaker": "speaker1",
          "personaID": "04581",
          "participantID": "2052",
          "utterance": "네 저도 K-POP 음악 좋아합니다. 요즘 인기잖아요.",
          "summary": "나는 K-POP 음악을 좋아한다.",
          "date": "2022-09-05",
          "time": "22:16:39",
          "terminate": "false"
        },
        {
          "speaker": "speaker2",
          "personaID": "04998",
          "participantID": "0299",
          "utterance": "글쎄요. 저는 음악을 잘 안들어서요.",
          "summary": "나는 음악을 안 듣는다.",
          "date": "2022-09-05",
          "time": "22:17:07",
          "terminate": "false"
        },
        {
          "speaker": "speaker1",
          "personaID": "04581",
          "participantID": "2052",
          "utterance": "그러시군요. 저는 이제 퇴근해야겠습니다. 나중에 연락할게요.",
          "summary": "",
          "date": "2022-09-05",
          "time": "22:17:38",
          "terminate": "false"
        },
        {
          "speaker": "speaker2",
          "personaID": "04998",
          "participantID": "0299",
          "utterance": "네 저도 운동해야겠네요. 가끔 홈트 하거든요. 그럼 다음에 연락해요.",
          "summary": "나는 홈트레이닝은 가끔 한다.",
          "date": "2022-09-05",
          "time": "22:18:08",
          "terminate": "true"
        }
      ],
      "sessionPersonaSummary": {
        "speaker1": [
          "나는 눈을 치웠다. 나는 하얀색을 싫어한다.",
          "나는 젊었을 때 강원도에서 복무했다.",
          "나는 K-POP 음악을 좋아한다."
        ],
        "speaker2": [
          "나의 아들은 음악을 듣는다.",
          "나는 음악을 안 듣는다.",
          "나는 홈트레이닝은 가끔 한다."
        ]
      },
      "prevAggregatedpersonaSummary": {
        "speaker1": [
          "나는 50대 남자이다.",
          "나의 거주지는 충청도이다. 나는 군인이다.",
          "나는 혹한기 훈련을 한다."
        ],
        "speaker2": [
          "나는 50대 여자이다.",
          "나는 주로 티브이를 본다.",
          "나는 교사이다. 나는 교육 프로그램을 좋아한다.",
          "나의 거주지는 서울이다. 나는 고등학교 교사이다.",
          "나는 아들이 있다. 나의 아들은 군인이다.",
          "나의 아들은 강원도에서 복무한다.",
          "나는 아들이 잘 지낼지 걱정이다.",
          "나의 아들은 군대 간 지 3달 됐다. 나의 아들은 다음 주에 휴가를 나온다.",
          "나는 아들인 안 다쳤으면 좋겠다.",
          "나는 아들에게 휴가 나올 때 물건을 사 오라고 할 예정이다.",
          "나는 아들에게 달팽이 크림을 부탁할 예정이다."
        ]
      }
    }
  ]
}