{
  "FileInfo": {
    "filename": "K3-00621-CL21823-CP22304-17-02-S3.json",
    "sessionLevel": "3"
  },
  "participantsInfo": {
    "numberOfParticipants": "2",
    "speaker1": {
      "participantID": "0112",
      "gender": "여성",
      "age": "30대",
      "occupation": "서비스직",
      "bPlace": "부산/대구/울산/경상",
      "gPlace": "부산/대구/울산/경상",
      "rPlace": "부산/대구/울산/경상",
      "educationLevel": "고졸"
    },
    "speaker2": {
      "participantID": "0419",
      "gender": "여성",
      "age": "20대",
      "occupation": "사무직",
      "bPlace": "광주/전라/제주",
      "gPlace": "광주/전라/제주",
      "rPlace": "광주/전라/제주",
      "educationLevel": "고졸"
    }
  },
  "multisessionInfo": {
    "multisessionID": "3-00621"
  },
  "personaInfo": {
    "clInfo": {
      "personaID": "21823",
      "personaFeatures": [
        "나는 여자이다.",
        "나는 20대이다.",
        "나는 앵무새 한 마리를 키운다",
        "나는 영어에 관심이 없다",
        "나는 블루투스 스피커를 잘 활용한다"
      ],
      "speakerType": "speaker1"
    },
    "cpInfo": {
      "personaID": "22304",
      "personaFeatures": [
        "나는 여자이다.",
        "나는 20대이다.",
        "나는 요즘, 항상 감사하다",
        "나는 대학생이다",
        "나는 뮤지컬 영화를 자주 본다"
      ],
      "speakerType": "speaker2"
    }
  },
  "topicInfo": {
    "topicID": "17-02",
    "topicType": "미용과 건강>건강",
    "topicTitle": "위생"
  },
  "sessionInfo": [
    {
      "prevSessionID": null,
      "prevTimeInfo": {
        "timeNum": null,
        "timeUnit": null
      },
      "nthSession": "1",
      "numberOfUtterances": "14",
      "numberOfTurns": "7",
      "sessionID": "3-00621-1",
      "dialog": [
        {
          "speaker": "speaker1",
          "personaID": "21823",
          "participantID": "0112",
          "utterance": "안녕하세요.! 저는 20대 여자입니다. 반가워요. ㅎㅎ",
          "summary": "나는 20대 여자이다.",
          "date": "2022-10-24",
          "time": "15:14:25",
          "terminate": "false"
        },
        {
          "speaker": "speaker2",
          "personaID": "22304",
          "participantID": "0419",
          "utterance": "안녕하세요 저는 20대이고 성별은 여자입니다.반가워요^^",
          "summary": "나는 20대 여자이다.",
          "date": "2022-10-24",
          "time": "15:14:43",
          "terminate": "false"
        },
        {
          "speaker": "speaker1",
          "personaID": "21823",
          "participantID": "0112",
          "utterance": "저도 너무 반가워요.^^ 주말인데 뭐하고 계셨어요?ㅎㅎ",
          "summary": "",
          "date": "2022-10-24",
          "time": "15:15:17",
          "terminate": "false"
        },
        {
          "speaker": "speaker2",
          "personaID": "22304",
          "participantID": "0419",
          "utterance": "저는 뮤지컬 영화를 자주 보는데 이번 주말도 뮤지컬 영화를 보러 왔어요 선생님은뭐하세요 ??",
          "summary": "나는 뮤지컬 영화를 자주 본다.",
          "date": "2022-10-24",
          "time": "15:15:56",
          "terminate": "false"
        },
        {
          "speaker": "speaker1",
          "personaID": "21823",
          "participantID": "0112",
          "utterance": "저는 앵무새 한마리를 키우고 있거든요. 앵무새가 음악을 좋아해서 블루투스 스피커를 잘 활용해서 들려주고 있어요. 뮤지컬 영화도 좋죠. 영화관에서 보는거에요?",
          "summary": "나는 앵무새 한 마리를 키운다.\n나는 블루투스 스피커를 잘 활용한다.",
          "date": "2022-10-24",
          "time": "15:17:57",
          "terminate": "false"
        },
        {
          "speaker": "speaker2",
          "personaID": "22304",
          "participantID": "0419",
          "utterance": "앵무새 너무 귀엽겠네요 뮤지컬영화는 영화관에서 봐요 ~^^선생님은 혹시 직업이 어떻게 되세요 ?",
          "summary": "",
          "date": "2022-10-24",
          "time": "15:22:02",
          "terminate": "false"
        },
        {
          "speaker": "speaker1",
          "personaID": "21823",
          "participantID": "0112",
          "utterance": "저는 홈쇼핑 MD를 하고 있어요. 당신은 무슨일 하세요?ㅎㅎ",
          "summary": "나는 홈쇼핑 MD이다.",
          "date": "2022-10-24",
          "time": "15:22:41",
          "terminate": "false"
        },
        {
          "speaker": "speaker2",
          "personaID": "22304",
          "participantID": "0419",
          "utterance": "멋진 직업이네요~^^ 저는 아직 대학생 이에요 ",
          "summary": "나는 대학생이다.",
          "date": "2022-10-24",
          "time": "15:24:51",
          "terminate": "false"
        },
        {
          "speaker": "speaker1",
          "personaID": "21823",
          "participantID": "0112",
          "utterance": "대학생이라니 힘들지 않으세요? 저는 대학생때 힘들었던 기억밖에 없거든요. ㅎㅎ 영어에 관심도 없는데 엄청 공부했던 기억만 나네요.",
          "summary": "나는 영어에 관심이 없다.",
          "date": "2022-10-24",
          "time": "15:25:49",
          "terminate": "false"
        },
        {
          "speaker": "speaker2",
          "personaID": "22304",
          "participantID": "0419",
          "utterance": "많이 힘들지만 가족들이 응원도 해주고 여러가지로 도와주셔서 요즘 항상 감사해요~^^",
          "summary": "나는 요즘, 항상 감사하다.",
          "date": "2022-10-24",
          "time": "15:26:41",
          "terminate": "false"
        },
        {
          "speaker": "speaker1",
          "personaID": "21823",
          "participantID": "0112",
          "utterance": "가족들이 응원해준다니 부럽네요.^^ 저는 가족들이랑 데면데면하거든요.ㅜㅜ",
          "summary": "나는 가족들과 데면데면하다.",
          "date": "2022-10-24",
          "time": "15:27:30",
          "terminate": "false"
        },
        {
          "speaker": "speaker2",
          "personaID": "22304",
          "participantID": "0419",
          "utterance": "남는건 가족밖에 없어요 지금부터라도 친해져 보려고 노력해보세요ㅠㅠ",
          "summary": "",
          "date": "2022-10-24",
          "time": "15:29:40",
          "terminate": "false"
        },
        {
          "speaker": "speaker1",
          "personaID": "21823",
          "participantID": "0112",
          "utterance": "자주 연락해야 되는데 쉽지가 않더라고요.ㅠㅠ 말 나온김에 연락해봐야겠어요. 다음에 연락할게요.^^",
          "summary": "나는 가족들에게 연락을 하러 간다.",
          "date": "2022-10-24",
          "time": "15:30:01",
          "terminate": "false"
        },
        {
          "speaker": "speaker2",
          "personaID": "22304",
          "participantID": "0419",
          "utterance": "네 선생님 오늘 대화 너무 즐거웠어요 다음에 또 대화 나눠요^^",
          "summary": "",
          "date": "2022-10-24",
          "time": "15:30:31",
          "terminate": "true"
        }
      ],
      "sessionPersonaSummary": {
        "speaker1": [
          "나는 20대 여자이다.",
          "나는 앵무새 한 마리를 키운다.\n나는 블루투스 스피커를 잘 활용한다.",
          "나는 홈쇼핑 MD이다.",
          "나는 영어에 관심이 없다.",
          "나는 가족들과 데면데면하다.",
          "나는 가족들에게 연락을 하러 간다."
        ],
        "speaker2": [
          "나는 20대 여자이다.",
          "나는 뮤지컬 영화를 자주 본다.",
          "나는 대학생이다.",
          "나는 요즘, 항상 감사하다."
        ]
      },
      "prevAggregatedpersonaSummary": {
        "speaker1": [],
        "speaker2": []
      }
    },
    {
      "prevSessionID": "3-00621-1",
      "prevTimeInfo": {
        "timeNum": "8",
        "timeUnit": "시간"
      },
      "nthSession": "2",
      "numberOfUtterances": "14",
      "numberOfTurns": "7",
      "sessionID": "3-00621-2",
      "dialog": [
        {
          "speaker": "speaker1",
          "personaID": "21823",
          "participantID": "0112",
          "utterance": "벌써 8시간이나 지났어요. 뭐하고 있어요?",
          "summary": "",
          "date": "2022-10-24",
          "time": "15:39:10",
          "terminate": "false"
        },
        {
          "speaker": "speaker2",
          "personaID": "22304",
          "participantID": "0419",
          "utterance": "요즘 마스크 때문에 그런지 피부에 트러블이 올라와서 피부과 왔어요 선생님은 뭐 하세요?",
          "summary": "나는 요즘 피부 트러블이 난다.",
          "date": "2022-10-24",
          "time": "15:39:40",
          "terminate": "false"
        },
        {
          "speaker": "speaker1",
          "personaID": "21823",
          "participantID": "0112",
          "utterance": "저도 피부때문에 스트레스 받아서 요즘에 피부 관리 신경 많이 쓰고 있어요. 마스크 자주 갈아주고 있어요?",
          "summary": "나는 스트레스를 받는다.\n나는 피부관리에 신경을 많이 쓴다.",
          "date": "2022-10-24",
          "time": "15:40:55",
          "terminate": "false"
        },
        {
          "speaker": "speaker2",
          "personaID": "22304",
          "participantID": "0419",
          "utterance": "네 저는 위생에 신경을 쓰는 편이라 하루에 3번은 바꿔서 착용해요~",
          "summary": "나는 위생에 신경을 쓴다.",
          "date": "2022-10-24",
          "time": "15:42:50",
          "terminate": "false"
        },
        {
          "speaker": "speaker1",
          "personaID": "21823",
          "participantID": "0112",
          "utterance": "오! 엄청 자주 갈아주네요. 그런데도 피부에 트러블 일어났어요? ㅜㅜ",
          "summary": "",
          "date": "2022-10-24",
          "time": "15:43:32",
          "terminate": "false"
        },
        {
          "speaker": "speaker2",
          "personaID": "22304",
          "participantID": "0419",
          "utterance": "네 정말 스트레스 받아요 특히 턱에 트러블이 자주 올라와서 속상해요",
          "summary": "나는 턱에 트러블이 올라온다. 나는 자주 속상하다.",
          "date": "2022-10-24",
          "time": "15:44:18",
          "terminate": "false"
        },
        {
          "speaker": "speaker1",
          "personaID": "21823",
          "participantID": "0112",
          "utterance": "아! 저도 집에서 피부관리 하고 있어요. ㅜㅜ 마스크팩도 자주 하고 마스크도 자주 갈아주거든요. 위생이 중요하긴 한것 같아요.",
          "summary": "나는 집에서 피부 관리를 한다.\n나는 마스크팩을 자주한다.",
          "date": "2022-10-24",
          "time": "15:45:37",
          "terminate": "false"
        },
        {
          "speaker": "speaker2",
          "personaID": "22304",
          "participantID": "0419",
          "utterance": "네 맞아요 그리고 요즘 날이 더워서 음식위생에도 신경 잘 써야겠더라구요",
          "summary": "",
          "date": "2022-10-24",
          "time": "15:48:11",
          "terminate": "false"
        },
        {
          "speaker": "speaker1",
          "personaID": "21823",
          "participantID": "0112",
          "utterance": "맞아요. 겨울에도 노로바이러스 때문에 장염에 걸리는 사람이 꽤 있더라구요.",
          "summary": "",
          "date": "2022-10-24",
          "time": "15:48:47",
          "terminate": "false"
        },
        {
          "speaker": "speaker2",
          "personaID": "22304",
          "participantID": "0419",
          "utterance": "네 그러게요 혹시 선생님은 건강을 위해 챙겨 드시는 건강식품이 있어요 ??",
          "summary": "",
          "date": "2022-10-24",
          "time": "15:50:13",
          "terminate": "false"
        },
        {
          "speaker": "speaker1",
          "personaID": "21823",
          "participantID": "0112",
          "utterance": "종합 비타민이랑 오메가-3 먹고 있어요. 영양제 드세요?ㅎㅎ",
          "summary": "나는 종합 비타민과 오메가 3 먹고 있다.",
          "date": "2022-10-24",
          "time": "15:50:36",
          "terminate": "false"
        },
        {
          "speaker": "speaker2",
          "personaID": "22304",
          "participantID": "0419",
          "utterance": "네 저도 멀티비타민이랑 마그네슘 챙겨 먹고 있어요~^^",
          "summary": "나는 영양제를 챙겨 먹는다.",
          "date": "2022-10-24",
          "time": "15:51:06",
          "terminate": "false"
        },
        {
          "speaker": "speaker1",
          "personaID": "21823",
          "participantID": "0112",
          "utterance": "그렇군요. 20대라도 건강 잘 챙겨야겠어요. ㅎㅎ 전 약속때문에 가봐야겠어요.",
          "summary": "나는 약속 때문에 나간다.",
          "date": "2022-10-24",
          "time": "15:51:50",
          "terminate": "false"
        },
        {
          "speaker": "speaker2",
          "personaID": "22304",
          "participantID": "0419",
          "utterance": "네 선생님 잘 다녀오세요 짧은 시간이었지만 대화 즐거웠어요^^",
          "summary": "",
          "date": "2022-10-24",
          "time": "15:52:30",
          "terminate": "true"
        }
      ],
      "sessionPersonaSummary": {
        "speaker1": [
          "나는 스트레스를 받는다.\n나는 피부관리에 신경을 많이 쓴다.",
          "나는 집에서 피부 관리를 한다.\n나는 마스크팩을 자주한다.",
          "나는 종합 비타민과 오메가 3 먹고 있다.",
          "나는 약속 때문에 나간다."
        ],
        "speaker2": [
          "나는 요즘 피부 트러블이 난다.",
          "나는 위생에 신경을 쓴다.",
          "나는 턱에 트러블이 올라온다. 나는 자주 속상하다.",
          "나는 영양제를 챙겨 먹는다."
        ]
      },
      "prevAggregatedpersonaSummary": {
        "speaker1": [
          "나는 20대 여자이다.",
          "나는 앵무새 한 마리를 키운다.\n나는 블루투스 스피커를 잘 활용한다.",
          "나는 홈쇼핑 MD이다.",
          "나는 영어에 관심이 없다.",
          "나는 가족들과 데면데면하다.",
          "나는 가족들에게 연락을 하러 간다."
        ],
        "speaker2": [
          "나는 20대 여자이다.",
          "나는 뮤지컬 영화를 자주 본다.",
          "나는 대학생이다.",
          "나는 요즘, 항상 감사하다."
        ]
      }
    },
    {
      "prevSessionID": "3-00621-2",
      "prevTimeInfo": {
        "timeNum": "5",
        "timeUnit": "일"
      },
      "nthSession": "3",
      "numberOfUtterances": "14",
      "numberOfTurns": "7",
      "sessionID": "3-00621-3",
      "dialog": [
        {
          "speaker": "speaker1",
          "personaID": "21823",
          "participantID": "0112",
          "utterance": "안녕하세요. 5일만인데 그동안 잘지냈어요? 뭐하고 있어요. ㅎㅎ",
          "summary": "",
          "date": "2022-10-24",
          "time": "15:54:36",
          "terminate": "false"
        },
        {
          "speaker": "speaker2",
          "personaID": "22304",
          "participantID": "0419",
          "utterance": "저는 건강을 위해 운동하고 있었어요 선생님은요~?",
          "summary": "",
          "date": "2022-10-24",
          "time": "15:55:06",
          "terminate": "false"
        },
        {
          "speaker": "speaker1",
          "personaID": "21823",
          "participantID": "0112",
          "utterance": "오! 무슨 운동 하세요? 저는 앵무새 집 청소 하고 있었어요.",
          "summary": "나는 앵무새 집 청소하고 있었다.",
          "date": "2022-10-24",
          "time": "15:55:49",
          "terminate": "false"
        },
        {
          "speaker": "speaker2",
          "personaID": "22304",
          "participantID": "0419",
          "utterance": "저는 스피닝을 해요 앵무새 집 총소는 할만 한가요~?",
          "summary": "나는 스피닝을 한다.",
          "date": "2022-10-24",
          "time": "16:00:59",
          "terminate": "false"
        },
        {
          "speaker": "speaker1",
          "personaID": "21823",
          "participantID": "0112",
          "utterance": "스피닝은 헬스장가서 해요? 앵무새 집 청소 처음에 힘들었는데 지금은 계속 하니깐 익숙해졌어요. ㅋㅋ",
          "summary": "나는 앵무새 집 청소가 처음에는 힘들었지만 지금은 괜찮다.",
          "date": "2022-10-24",
          "time": "16:01:20",
          "terminate": "false"
        },
        {
          "speaker": "speaker2",
          "personaID": "22304",
          "participantID": "0419",
          "utterance": "익숙해 졌다니 다행이군요^^스피닝은 헬스장 가서 해요 건강을 위해 하는데 하다가 죽을 것 같아요ㅋㅋ",
          "summary": "나는 헬스장에서 운동을 한다.",
          "date": "2022-10-24",
          "time": "16:02:09",
          "terminate": "false"
        },
        {
          "speaker": "speaker1",
          "personaID": "21823",
          "participantID": "0112",
          "utterance": "스피닝도 엄청 힘들다고 들었어요. 저는 요즘에 운동을 거의 안해서 그런지 몸이 둔해졌어요. ㅋㅋ 다리 풀리지 않아요?",
          "summary": "나는 요즘 운동을 거의 하지 않는다.",
          "date": "2022-10-24",
          "time": "16:02:52",
          "terminate": "false"
        },
        {
          "speaker": "speaker2",
          "personaID": "22304",
          "participantID": "0419",
          "utterance": "저도 운동 초반에는 계단을 못 내려갔는데 지금은 근육이 생겼는지 할만해요^^",
          "summary": "",
          "date": "2022-10-24",
          "time": "16:03:22",
          "terminate": "false"
        },
        {
          "speaker": "speaker1",
          "personaID": "21823",
          "participantID": "0112",
          "utterance": "아! 역시 뭐든 익숙해져야 하나봐요.^^ 그래도 대단한걸요?ㅎㅎ",
          "summary": "",
          "date": "2022-10-24",
          "time": "16:03:55",
          "terminate": "false"
        },
        {
          "speaker": "speaker2",
          "personaID": "22304",
          "participantID": "0419",
          "utterance": "칭찬 감사합니당^^ 선생님도 건강을위해 가벼운 산책이라도 해보세요! ",
          "summary": "",
          "date": "2022-10-24",
          "time": "16:04:37",
          "terminate": "false"
        },
        {
          "speaker": "speaker1",
          "personaID": "21823",
          "participantID": "0112",
          "utterance": "운동을 일단 시작부터 해야되는데 행동에 옮기기 쉽지 않네요.^^ 꼭 운동 시작해야겠어요. 스피닝 한지는 얼마나 됐어요?",
          "summary": "나는 행동으로 옮기기 쉽지 않다.",
          "date": "2022-10-24",
          "time": "16:05:06",
          "terminate": "false"
        },
        {
          "speaker": "speaker2",
          "personaID": "22304",
          "participantID": "0419",
          "utterance": "처음이 어렵지 해보면 왜 안했을까 ? 할거에요~ 스피닝은 6개월 했어요!",
          "summary": "나는 스피닝 한지 6개월 됐다.",
          "date": "2022-10-24",
          "time": "16:07:09",
          "terminate": "false"
        },
        {
          "speaker": "speaker1",
          "personaID": "21823",
          "participantID": "0112",
          "utterance": "오! 꾸준히 열심히 하시네요. 멋져요! 저도 말 나온김에 산책하러 가볼게요. ㅎㅎ",
          "summary": "나는 산책을 하러 간다.",
          "date": "2022-10-24",
          "time": "16:07:49",
          "terminate": "false"
        },
        {
          "speaker": "speaker2",
          "personaID": "22304",
          "participantID": "0419",
          "utterance": "네 선생님 화이팅 하시구여 오늘 대화 너무 즐거웠어요^^",
          "summary": "",
          "date": "2022-10-24",
          "time": "16:10:48",
          "terminate": "true"
        }
      ],
      "sessionPersonaSummary": {
        "speaker1": [
          "나는 앵무새 집 청소하고 있었다.",
          "나는 앵무새 집 청소가 처음에는 힘들었지만 지금은 괜찮다.",
          "나는 요즘 운동을 거의 하지 않는다.",
          "나는 행동으로 옮기기 쉽지 않다.",
          "나는 산책을 하러 간다."
        ],
        "speaker2": [
          "나는 스피닝을 한다.",
          "나는 헬스장에서 운동을 한다.",
          "나는 스피닝 한지 6개월 됐다."
        ]
      },
      "prevAggregatedpersonaSummary": {
        "speaker1": [
          "나는 20대 여자이다.",
          "나는 앵무새 한 마리를 키운다.\n나는 블루투스 스피커를 잘 활용한다.",
          "나는 홈쇼핑 MD이다.",
          "나는 영어에 관심이 없다.",
          "나는 가족들과 데면데면하다.",
          "나는 가족들에게 연락을 하러 간다.",
          "나는 스트레스를 받는다.\n나는 피부관리에 신경을 많이 쓴다.",
          "나는 집에서 피부 관리를 한다.\n나는 마스크팩을 자주한다.",
          "나는 종합 비타민과 오메가 3 먹고 있다.",
          "나는 약속 때문에 나간다."
        ],
        "speaker2": [
          "나는 20대 여자이다.",
          "나는 뮤지컬 영화를 자주 본다.",
          "나는 대학생이다.",
          "나는 요즘, 항상 감사하다.",
          "나는 요즘 피부 트러블이 난다.",
          "나는 위생에 신경을 쓴다.",
          "나는 턱에 트러블이 올라온다. 나는 자주 속상하다.",
          "나는 영양제를 챙겨 먹는다."
        ]
      }
    }
  ]
}