{
  "FileInfo": {
    "filename": "K3-00306-CL31716-CP32551-12-11-S3.json",
    "sessionLevel": "3"
  },
  "participantsInfo": {
    "numberOfParticipants": "2",
    "speaker1": {
      "participantID": "3940",
      "gender": "여성",
      "age": "30대",
      "occupation": "주부",
      "bPlace": "서울/경기/인천",
      "gPlace": "서울/경기/인천",
      "rPlace": "서울/경기/인천",
      "educationLevel": "대졸"
    },
    "speaker2": {
      "participantID": "3026",
      "gender": "여성",
      "age": "30대",
      "occupation": "주부",
      "bPlace": "서울/경기/인천",
      "gPlace": "서울/경기/인천",
      "rPlace": "서울/경기/인천",
      "educationLevel": "대졸"
    }
  },
  "multisessionInfo": {
    "multisessionID": "3-00306"
  },
  "personaInfo": {
    "clInfo": {
      "personaID": "31716",
      "personaFeatures": [
        "나는 여자이다.",
        "나는 30대이다.",
        "나는 결혼을 안 했다",
        "나는 일이 귀찮다",
        "나는 배를 즐겨 먹는다"
      ],
      "speakerType": "speaker1"
    },
    "cpInfo": {
      "personaID": "32551",
      "personaFeatures": [
        "나는 여자이다.",
        "나는 30대이다.",
        "나의 거주지는 서산이다",
        "나는 실외에서 조깅하는 것을 좋아한다",
        "나는 트럼펫을 배우고 싶다"
      ],
      "speakerType": "speaker2"
    }
  },
  "topicInfo": {
    "topicID": "12-11",
    "topicType": "여가와 오락>여행",
    "topicTitle": "MT"
  },
  "sessionInfo": [
    {
      "prevSessionID": null,
      "prevTimeInfo": {
        "timeNum": null,
        "timeUnit": null
      },
      "nthSession": "1",
      "numberOfUtterances": "14",
      "numberOfTurns": "7",
      "sessionID": "3-00306-1",
      "dialog": [
        {
          "speaker": "speaker1",
          "personaID": "31716",
          "participantID": "3940",
          "utterance": "안녕하세요 저는 결혼을 안한 30대 여성입니다",
          "summary": "나는 결혼 안 한 30대 여성이다",
          "date": "2022-10-27",
          "time": "14:02:58",
          "terminate": "false"
        },
        {
          "speaker": "speaker2",
          "personaID": "32551",
          "participantID": "3026",
          "utterance": "안녕하세요 저는 30대 여성입니다 반갑습니다 ",
          "summary": "나는 30대 여성이다.",
          "date": "2022-10-27",
          "time": "14:04:39",
          "terminate": "false"
        },
        {
          "speaker": "speaker1",
          "personaID": "31716",
          "participantID": "3940",
          "utterance": "즐겨먹는 과일 있으실까요? 저는 배를 즐겨먹어든요",
          "summary": "나는 배를 즐겨먹는다",
          "date": "2022-10-27",
          "time": "14:07:33",
          "terminate": "false"
        },
        {
          "speaker": "speaker2",
          "personaID": "32551",
          "participantID": "3026",
          "utterance": "저도 좋아해요 제 거주지는 서산인데 어디 거주하세요?",
          "summary": "나의 거주지는 서산이다",
          "date": "2022-10-27",
          "time": "14:13:06",
          "terminate": "false"
        },
        {
          "speaker": "speaker1",
          "personaID": "31716",
          "participantID": "3940",
          "utterance": "서산에 계시군요 저는 서울에 있어요",
          "summary": "나는 서울에 있다",
          "date": "2022-10-27",
          "time": "14:13:40",
          "terminate": "false"
        },
        {
          "speaker": "speaker2",
          "personaID": "32551",
          "participantID": "3026",
          "utterance": "멀리계시네요 저는 실외에서 조깅하는 것을 좋아하는데 운동 좋아하세요?",
          "summary": "나는 실외에서 조깅하는 것을 좋아한다",
          "date": "2022-10-27",
          "time": "14:14:30",
          "terminate": "false"
        },
        {
          "speaker": "speaker1",
          "personaID": "31716",
          "participantID": "3940",
          "utterance": "아뇨 운동 안좋아해요 일이 귀찮아지니 운동도 안하게 되더라구요..!ㅜㅜ",
          "summary": "나는 일이 귀찮아서 운동도 안 하게 된다",
          "date": "2022-10-27",
          "time": "14:15:31",
          "terminate": "false"
        },
        {
          "speaker": "speaker2",
          "personaID": "32551",
          "participantID": "3026",
          "utterance": "아고 그러시군요 전 트럼펫을 배우고 싶은데 취미생활 하시는거 있으세요?",
          "summary": "나는 트럼펫을 배우고 싶다",
          "date": "2022-10-27",
          "time": "14:17:08",
          "terminate": "false"
        },
        {
          "speaker": "speaker1",
          "personaID": "31716",
          "participantID": "3940",
          "utterance": "트럼펫 멋있네요!저는 음악 듣는게 취미에요",
          "summary": "나는 음악 듣는 게 취미다",
          "date": "2022-10-27",
          "time": "14:18:42",
          "terminate": "false"
        },
        {
          "speaker": "speaker2",
          "personaID": "32551",
          "participantID": "3026",
          "utterance": "저도 요새 아이돌노래 많이 듣고있어요",
          "summary": "나는 아이돌 노래를 많이 듣는다",
          "date": "2022-10-27",
          "time": "14:19:16",
          "terminate": "false"
        },
        {
          "speaker": "speaker1",
          "personaID": "31716",
          "participantID": "3940",
          "utterance": "아이돌 노래 좋죠 저는 이제 일을 하러 슬슬 가야할 것 같아요",
          "summary": "나는 이제 일하러 가야 할 것 같다",
          "date": "2022-10-27",
          "time": "14:20:27",
          "terminate": "false"
        },
        {
          "speaker": "speaker2",
          "personaID": "32551",
          "participantID": "3026",
          "utterance": "벌써요? 저는 아직 시간이 조금 남았네요",
          "summary": "",
          "date": "2022-10-27",
          "time": "14:22:23",
          "terminate": "false"
        },
        {
          "speaker": "speaker1",
          "personaID": "31716",
          "participantID": "3940",
          "utterance": "어떤걸 더 하셔야하나요?ㅎㅎ말씀하시면 들어드릴게요",
          "summary": "",
          "date": "2022-10-27",
          "time": "14:23:12",
          "terminate": "false"
        },
        {
          "speaker": "speaker2",
          "personaID": "32551",
          "participantID": "3026",
          "utterance": "아니에요 저도 이제 커피한잔 사러가야겠어요 다음에 봬요",
          "summary": "나는 커피 한잔 사러 간다",
          "date": "2022-10-27",
          "time": "14:24:32",
          "terminate": "true"
        }
      ],
      "sessionPersonaSummary": {
        "speaker1": [
          "나는 결혼 안 한 30대 여성이다",
          "나는 배를 즐겨먹는다",
          "나는 서울에 있다",
          "나는 일이 귀찮아서 운동도 안 하게 된다",
          "나는 음악 듣는 게 취미다",
          "나는 이제 일하러 가야 할 것 같다"
        ],
        "speaker2": [
          "나는 30대 여성이다.",
          "나의 거주지는 서산이다",
          "나는 실외에서 조깅하는 것을 좋아한다",
          "나는 트럼펫을 배우고 싶다",
          "나는 아이돌 노래를 많이 듣는다",
          "나는 커피 한잔 사러 간다"
        ]
      },
      "prevAggregatedpersonaSummary": {
        "speaker1": [],
        "speaker2": []
      }
    },
    {
      "prevSessionID": "3-00306-1",
      "prevTimeInfo": {
        "timeNum": "5",
        "timeUnit": "일"
      },
      "nthSession": "2",
      "numberOfUtterances": "14",
      "numberOfTurns": "7",
      "sessionID": "3-00306-2",
      "dialog": [
        {
          "speaker": "speaker1",
          "personaID": "31716",
          "participantID": "3940",
          "utterance": "안녕하세요 5일이라는 시간이 지났네요 잘 지내셨나요?",
          "summary": "",
          "date": "2022-10-27",
          "time": "14:49:48",
          "terminate": "false"
        },
        {
          "speaker": "speaker2",
          "personaID": "32551",
          "participantID": "3026",
          "utterance": "네 전 잘지냈어요 별일없으셨나요?",
          "summary": "나는 잘 지냈다",
          "date": "2022-10-27",
          "time": "14:59:13",
          "terminate": "false"
        },
        {
          "speaker": "speaker1",
          "personaID": "31716",
          "participantID": "3940",
          "utterance": "네 저는 그동안 친구들이랑 mt여행을 갔다왔어요 ",
          "summary": "나는 친구들과 MT 여행을 갔다 왔다",
          "date": "2022-10-27",
          "time": "15:00:38",
          "terminate": "false"
        },
        {
          "speaker": "speaker2",
          "personaID": "32551",
          "participantID": "3026",
          "utterance": "너무 재밌으셨겠어요 저는 대학때 MT다녀보고 가본적이 없네요",
          "summary": "나는 대학 mt 빼고 가본 적이 없다",
          "date": "2022-10-27",
          "time": "15:06:45",
          "terminate": "false"
        },
        {
          "speaker": "speaker1",
          "personaID": "31716",
          "participantID": "3940",
          "utterance": "그쳐 대학다닐때는 mt 많이 다녔는데 요즘은 드문드문 가게 되는거 같아요",
          "summary": "",
          "date": "2022-10-27",
          "time": "15:20:16",
          "terminate": "false"
        },
        {
          "speaker": "speaker2",
          "personaID": "32551",
          "participantID": "3026",
          "utterance": "코로나때문에도 학생들은 MT 못갔는데 이제 또 가기 시작한다네요",
          "summary": "나는 코로나 때문에 학생들이 mt를 못 갔었다",
          "date": "2022-10-27",
          "time": "15:38:41",
          "terminate": "false"
        },
        {
          "speaker": "speaker1",
          "personaID": "31716",
          "participantID": "3940",
          "utterance": "맞아요 코로나때문에 즐거운 mt여행을 못다녀온 학생들은 뭔가 아쉬울 것 같아요",
          "summary": "",
          "date": "2022-10-27",
          "time": "15:40:41",
          "terminate": "false"
        },
        {
          "speaker": "speaker2",
          "personaID": "32551",
          "participantID": "3026",
          "utterance": "동아리나 과에서도 MT가고 참 재밌던 기억이 나네요",
          "summary": "나는 mt가 재미있었다",
          "date": "2022-10-27",
          "time": "15:56:58",
          "terminate": "false"
        },
        {
          "speaker": "speaker1",
          "personaID": "31716",
          "participantID": "3940",
          "utterance": "이렇게 mt이야기를 하니 또 다시 가고 싶네요 저는 이제 슬슬 장보고 저녁 준비하러 가야겠어요",
          "summary": "나는 또다시 MT 가고 싶다",
          "date": "2022-10-27",
          "time": "15:58:23",
          "terminate": "false"
        },
        {
          "speaker": "speaker2",
          "personaID": "32551",
          "participantID": "3026",
          "utterance": "전 mt는 이제 가기가 힘들어서 캠핑을 더 가는것같아요",
          "summary": "나는 이제는 캠핑을 다닌다",
          "date": "2022-10-27",
          "time": "16:00:01",
          "terminate": "false"
        },
        {
          "speaker": "speaker1",
          "personaID": "31716",
          "participantID": "3940",
          "utterance": "요새 캠핑이 대세라고 하죠 !",
          "summary": "",
          "date": "2022-10-27",
          "time": "16:01:50",
          "terminate": "false"
        },
        {
          "speaker": "speaker2",
          "personaID": "32551",
          "participantID": "3026",
          "utterance": "맞아요 그땐 캠핑문화를 몰라서 민박집잡아 MT를 다녔지요",
          "summary": "",
          "date": "2022-10-27",
          "time": "16:03:27",
          "terminate": "false"
        },
        {
          "speaker": "speaker1",
          "personaID": "31716",
          "participantID": "3940",
          "utterance": "그런게 또 재미지요 저는 이제 슬슬 장보고 저녁 준비하러 가야겠어요",
          "summary": "나는 장보고 저녁 준비하러 가야겠다",
          "date": "2022-10-27",
          "time": "16:03:54",
          "terminate": "false"
        },
        {
          "speaker": "speaker2",
          "personaID": "32551",
          "participantID": "3026",
          "utterance": "네 저도 일 마무리 해야겠네요 저녁 맛있게드세요",
          "summary": "",
          "date": "2022-10-27",
          "time": "16:04:38",
          "terminate": "true"
        }
      ],
      "sessionPersonaSummary": {
        "speaker1": [
          "나는 친구들과 MT 여행을 갔다 왔다",
          "나는 또다시 MT 가고 싶다",
          "나는 장보고 저녁 준비하러 가야겠다"
        ],
        "speaker2": [
          "나는 잘 지냈다",
          "나는 대학 mt 빼고 가본 적이 없다",
          "나는 코로나 때문에 학생들이 mt를 못 갔었다",
          "나는 mt가 재미있었다",
          "나는 이제는 캠핑을 다닌다"
        ]
      },
      "prevAggregatedpersonaSummary": {
        "speaker1": [
          "나는 결혼 안 한 30대 여성이다",
          "나는 배를 즐겨먹는다",
          "나는 서울에 있다",
          "나는 일이 귀찮아서 운동도 안 하게 된다",
          "나는 음악 듣는 게 취미다",
          "나는 이제 일하러 가야 할 것 같다"
        ],
        "speaker2": [
          "나는 30대 여성이다.",
          "나의 거주지는 서산이다",
          "나는 실외에서 조깅하는 것을 좋아한다",
          "나는 트럼펫을 배우고 싶다",
          "나는 아이돌 노래를 많이 듣는다",
          "나는 커피 한잔 사러 간다"
        ]
      }
    },
    {
      "prevSessionID": "3-00306-2",
      "prevTimeInfo": {
        "timeNum": "1",
        "timeUnit": "주"
      },
      "nthSession": "3",
      "numberOfUtterances": "14",
      "numberOfTurns": "7",
      "sessionID": "3-00306-3",
      "dialog": [
        {
          "speaker": "speaker1",
          "personaID": "31716",
          "participantID": "3940",
          "utterance": "안녕하세요 일주일만에 연락드리네요",
          "summary": "",
          "date": "2022-10-27",
          "time": "16:06:51",
          "terminate": "false"
        },
        {
          "speaker": "speaker2",
          "personaID": "32551",
          "participantID": "3026",
          "utterance": "시간이 진짜 빠르네요 잘지내셨어요?",
          "summary": "",
          "date": "2022-10-27",
          "time": "16:07:11",
          "terminate": "false"
        },
        {
          "speaker": "speaker1",
          "personaID": "31716",
          "participantID": "3940",
          "utterance": "네 잘 지내셨나요?? 이번주말에 친구들과 mt여행을 떠나려 하는데 추천할만한 곳이 있을까요?",
          "summary": "나는 주말에 친구들과 mt여행을 떠나려 한다",
          "date": "2022-10-27",
          "time": "16:08:06",
          "terminate": "false"
        },
        {
          "speaker": "speaker2",
          "personaID": "32551",
          "participantID": "3026",
          "utterance": "서울쪽에 사시면 강원도쪽 많이 가지 않나요?",
          "summary": "",
          "date": "2022-10-27",
          "time": "16:08:57",
          "terminate": "false"
        },
        {
          "speaker": "speaker1",
          "personaID": "31716",
          "participantID": "3940",
          "utterance": "그렇죠 강원도에 가는만큼 설레는 곳이 없죠 님은 가고 싶은 mt장소가 있을까요?",
          "summary": "",
          "date": "2022-10-27",
          "time": "16:10:25",
          "terminate": "false"
        },
        {
          "speaker": "speaker2",
          "personaID": "32551",
          "participantID": "3026",
          "utterance": "저는 대학때 대성리로 MT갔던 기억이 나요 4륜오토바이도 탔구요",
          "summary": "나는 대성리로 mt를 갔으며 4륜 오토바이를 탔다",
          "date": "2022-10-27",
          "time": "16:12:22",
          "terminate": "false"
        },
        {
          "speaker": "speaker1",
          "personaID": "31716",
          "participantID": "3940",
          "utterance": "아 mt장소로 대표적이죠 대성리. 저도 대학mt때 대성리 갔었거든요",
          "summary": "나는 대학 때 대성리로 mt를 갔다",
          "date": "2022-10-27",
          "time": "16:13:18",
          "terminate": "false"
        },
        {
          "speaker": "speaker2",
          "personaID": "32551",
          "participantID": "3026",
          "utterance": "대성리나 강촌쪽은 꼭 갔던것 같아요 MT의 최애장소였죠",
          "summary": "나는 최애 장소는 대성리나 강촌이다",
          "date": "2022-10-27",
          "time": "16:14:37",
          "terminate": "false"
        },
        {
          "speaker": "speaker1",
          "personaID": "31716",
          "participantID": "3940",
          "utterance": "그럼 이번에는 대학 mt때의 기억을 살려 대성리쪽 가봐야겠어요 저는 친구놈이 갑자기 나오라고 해서 준비하고 나가야할 것 같아요",
          "summary": "나는 이번에 대성리로 가봐야겠다",
          "date": "2022-10-27",
          "time": "16:15:50",
          "terminate": "false"
        },
        {
          "speaker": "speaker2",
          "personaID": "32551",
          "participantID": "3026",
          "utterance": "옛생각나고 좋겠네요 미혼이시라 마음껏 MT도 다녀서 부럽네요",
          "summary": "",
          "date": "2022-10-27",
          "time": "16:17:51",
          "terminate": "false"
        },
        {
          "speaker": "speaker1",
          "personaID": "31716",
          "participantID": "3940",
          "utterance": "네 결혼하기 전에 실컷 즐겨야죠^^ 그럼 친구 만나러 갔다오겠습니다",
          "summary": "나는 결혼 전에 실컷 즐겨야겠다",
          "date": "2022-10-27",
          "time": "16:18:23",
          "terminate": "false"
        },
        {
          "speaker": "speaker2",
          "personaID": "32551",
          "participantID": "3026",
          "utterance": "맞아요 그때가 가장 좋은때인것 같아요",
          "summary": "",
          "date": "2022-10-27",
          "time": "16:18:58",
          "terminate": "false"
        },
        {
          "speaker": "speaker1",
          "personaID": "31716",
          "participantID": "3940",
          "utterance": "아아 그걸 잘 몰랏어요ㅜㅜ죄송합니다 이번여행에서도 실컷 즐기고 와보겠습니더",
          "summary": "나는 이번 여행도 실컷 즐기고 오겠다",
          "date": "2022-10-27",
          "time": "16:22:11",
          "terminate": "false"
        },
        {
          "speaker": "speaker2",
          "personaID": "32551",
          "participantID": "3026",
          "utterance": "즐거운여행되세요 저는 퇴근준비해야겠어요 즐거운대화였습니다",
          "summary": "나는 퇴근 준비를 한다",
          "date": "2022-10-27",
          "time": "16:22:53",
          "terminate": "true"
        }
      ],
      "sessionPersonaSummary": {
        "speaker1": [
          "나는 주말에 친구들과 mt여행을 떠나려 한다",
          "나는 대학 때 대성리로 mt를 갔다",
          "나는 이번에 대성리로 가봐야겠다",
          "나는 결혼 전에 실컷 즐겨야겠다",
          "나는 이번 여행도 실컷 즐기고 오겠다"
        ],
        "speaker2": [
          "나는 대성리로 mt를 갔으며 4륜 오토바이를 탔다",
          "나는 최애 장소는 대성리나 강촌이다",
          "나는 퇴근 준비를 한다"
        ]
      },
      "prevAggregatedpersonaSummary": {
        "speaker1": [
          "나는 결혼 안 한 30대 여성이다",
          "나는 배를 즐겨먹는다",
          "나는 서울에 있다",
          "나는 일이 귀찮아서 운동도 안 하게 된다",
          "나는 음악 듣는 게 취미다",
          "나는 이제 일하러 가야 할 것 같다",
          "나는 친구들과 MT 여행을 갔다 왔다",
          "나는 또다시 MT 가고 싶다",
          "나는 장보고 저녁 준비하러 가야겠다"
        ],
        "speaker2": [
          "나는 30대 여성이다.",
          "나의 거주지는 서산이다",
          "나는 실외에서 조깅하는 것을 좋아한다",
          "나는 트럼펫을 배우고 싶다",
          "나는 아이돌 노래를 많이 듣는다",
          "나는 커피 한잔 사러 간다",
          "나는 잘 지냈다",
          "나는 대학 mt 빼고 가본 적이 없다",
          "나는 코로나 때문에 학생들이 mt를 못 갔었다",
          "나는 mt가 재미있었다",
          "나는 이제는 캠핑을 다닌다"
        ]
      }
    }
  ]
}