{
  "FileInfo": {
    "filename": "K3-00125-CL11086-CP32399-07-05-S3.json",
    "sessionLevel": "3"
  },
  "participantsInfo": {
    "numberOfParticipants": "2",
    "speaker1": {
      "participantID": "3850",
      "gender": "여성",
      "age": "20대",
      "occupation": "무직",
      "bPlace": "서울/경기/인천",
      "gPlace": "서울/경기/인천",
      "rPlace": "서울/경기/인천",
      "educationLevel": "대졸"
    },
    "speaker2": {
      "participantID": "3787",
      "gender": "여성",
      "age": "40대",
      "occupation": "주부",
      "bPlace": "서울/경기/인천",
      "gPlace": "서울/경기/인천",
      "rPlace": "대전/세종/충청/강원",
      "educationLevel": "대졸"
    }
  },
  "multisessionInfo": {
    "multisessionID": "3-00125"
  },
  "personaInfo": {
    "clInfo": {
      "personaID": "11086",
      "personaFeatures": [
        "나는 여자이다.",
        "나는 10대이다.",
        "나의 생일은 9월이다",
        "나는 생물학과에 진학하고 싶다",
        "나는 스파게티를 싫어한다"
      ],
      "speakerType": "speaker1"
    },
    "cpInfo": {
      "personaID": "32399",
      "personaFeatures": [
        "나는 여자이다.",
        "나는 30대이다.",
        "나는 보험설계사이다",
        "나는 칠레에 가봤다",
        "나는 마라탕을 즐겨 먹는다"
      ],
      "speakerType": "speaker2"
    }
  },
  "topicInfo": {
    "topicID": "07-05",
    "topicType": "개인 및 관계>가족",
    "topicTitle": "친척"
  },
  "sessionInfo": [
    {
      "prevSessionID": null,
      "prevTimeInfo": {
        "timeNum": null,
        "timeUnit": null
      },
      "nthSession": "1",
      "numberOfUtterances": "14",
      "numberOfTurns": "7",
      "sessionID": "3-00125-1",
      "dialog": [
        {
          "speaker": "speaker1",
          "personaID": "11086",
          "participantID": "3850",
          "utterance": "안녕하세요 저는 10대 여성입니다",
          "summary": "나는 10대 여성입니다.",
          "date": "2022-10-25",
          "time": "15:17:11",
          "terminate": "false"
        },
        {
          "speaker": "speaker2",
          "personaID": "32399",
          "participantID": "3787",
          "utterance": "안녕하세요. 저는 30대 여성입니다.",
          "summary": "나는 30대 여성이다.",
          "date": "2022-10-25",
          "time": "15:17:31",
          "terminate": "false"
        },
        {
          "speaker": "speaker1",
          "personaID": "11086",
          "participantID": "3850",
          "utterance": "벌써 10월이네요 제 생일은 저번 달 9월이였어요",
          "summary": "나는 생일이 9월이다.",
          "date": "2022-10-25",
          "time": "15:18:25",
          "terminate": "false"
        },
        {
          "speaker": "speaker2",
          "personaID": "32399",
          "participantID": "3787",
          "utterance": "늦었지만 생일 축하드려요. 저는 보험설계사 일을 하고 있어요. 학생이시죠?",
          "summary": "나는 보험설계사 일을 하고 있다.",
          "date": "2022-10-25",
          "time": "15:19:06",
          "terminate": "false"
        },
        {
          "speaker": "speaker1",
          "personaID": "11086",
          "participantID": "3850",
          "utterance": "감사합니다. 네. 나중에 생물학과에 진학하고싶어요 ",
          "summary": "나는 생물학과를 진학하고 싶다.",
          "date": "2022-10-25",
          "time": "15:30:12",
          "terminate": "false"
        },
        {
          "speaker": "speaker2",
          "personaID": "32399",
          "participantID": "3787",
          "utterance": "꼭 원하는 학과에 가길 바랄게요~ 저는 해외여행 가는 걸 좋아하는데 최근에 칠레에 갔다왔어요. 해외여행 가는 거 좋아하세요?",
          "summary": "나는 해외여행 가는 걸 좋아한다.",
          "date": "2022-10-25",
          "time": "15:32:31",
          "terminate": "false"
        },
        {
          "speaker": "speaker1",
          "personaID": "11086",
          "participantID": "3850",
          "utterance": "9월에 생일이였는데 그때 가족끼리 다같이 제주도에 다녀왔어요",
          "summary": "나는 9월 생일에 가족끼리 제주도에 다녀왔다.",
          "date": "2022-10-25",
          "time": "15:44:10",
          "terminate": "false"
        },
        {
          "speaker": "speaker2",
          "personaID": "32399",
          "participantID": "3787",
          "utterance": "생일에 다같이 제주도라니 너무 좋았겠어요. 여행은 즐거웠나요? 저는 마라탕을 좋아해서 즐겨 먹는데 좋아하는 음식 있으세요?",
          "summary": " 나는 마라탕을 즐겨먹는다",
          "date": "2022-10-25",
          "time": "15:45:47",
          "terminate": "false"
        },
        {
          "speaker": "speaker1",
          "personaID": "11086",
          "participantID": "3850",
          "utterance": "어지간한건 다 잘먹어요!! 그치만 스파게티는 싫어해요ㅠ",
          "summary": "나는 스파게티를 싫어한다.",
          "date": "2022-10-25",
          "time": "15:47:10",
          "terminate": "false"
        },
        {
          "speaker": "speaker2",
          "personaID": "32399",
          "participantID": "3787",
          "utterance": "저는 스파게티도 좋아하는데 싫어하는 이유가 있을까요?",
          "summary": "나는 스파게티를 좋아한다.",
          "date": "2022-10-25",
          "time": "15:47:45",
          "terminate": "false"
        },
        {
          "speaker": "speaker1",
          "personaID": "11086",
          "participantID": "3850",
          "utterance": "스파게티 면이 고무줄 같아서요ㅠㅠ 앗 저 곧 강아지 산책 시켜야할것같아요",
          "summary": "나는 스파게티 면이 고무줄 같아서 싫다. 나는 강아지 산책을 시킨다.",
          "date": "2022-10-25",
          "time": "15:55:48",
          "terminate": "false"
        },
        {
          "speaker": "speaker2",
          "personaID": "32399",
          "participantID": "3787",
          "utterance": "아 그럴 수도 있겠네요. 강아지 산책은 주로 어디로 가세요?",
          "summary": "",
          "date": "2022-10-25",
          "time": "15:56:21",
          "terminate": "false"
        },
        {
          "speaker": "speaker1",
          "personaID": "11086",
          "participantID": "3850",
          "utterance": "근처 공원에 가요 강아지 친구가 많아서요 혹시 저녁준비하러 안 가셔도 되나요?",
          "summary": "나는 근처 공원으로 간다.",
          "date": "2022-10-25",
          "time": "15:58:01",
          "terminate": "false"
        },
        {
          "speaker": "speaker2",
          "personaID": "32399",
          "participantID": "3787",
          "utterance": "저는 오늘 약속이 있어서 마라탕 먹으러 가요. 일이 있어서 가볼게요.",
          "summary": "",
          "date": "2022-10-25",
          "time": "15:58:37",
          "terminate": "true"
        }
      ],
      "sessionPersonaSummary": {
        "speaker1": [
          "나는 10대 여성입니다.",
          "나는 생일이 9월이다.",
          "나는 생물학과를 진학하고 싶다.",
          "나는 9월 생일에 가족끼리 제주도에 다녀왔다.",
          "나는 스파게티를 싫어한다.",
          "나는 스파게티 면이 고무줄 같아서 싫다. 나는 강아지 산책을 시킨다.",
          "나는 근처 공원으로 간다."
        ],
        "speaker2": [
          "나는 30대 여성이다.",
          "나는 보험설계사 일을 하고 있다.",
          "나는 해외여행 가는 걸 좋아한다.",
          "나는 마라탕을 즐겨먹는다",
          "나는 스파게티를 좋아한다."
        ]
      },
      "prevAggregatedpersonaSummary": {
        "speaker1": [],
        "speaker2": []
      }
    },
    {
      "prevSessionID": "3-00125-1",
      "prevTimeInfo": {
        "timeNum": "2",
        "timeUnit": "주"
      },
      "nthSession": "2",
      "numberOfUtterances": "14",
      "numberOfTurns": "7",
      "sessionID": "3-00125-2",
      "dialog": [
        {
          "speaker": "speaker1",
          "personaID": "11086",
          "participantID": "3850",
          "utterance": "오랜만이에요 한 2주 됐나요?",
          "summary": "",
          "date": "2022-10-25",
          "time": "16:07:44",
          "terminate": "false"
        },
        {
          "speaker": "speaker2",
          "personaID": "32399",
          "participantID": "3787",
          "utterance": "벌써 2주가 지났네요. 강아지 산책은 잘 다녀오셨어요?",
          "summary": "",
          "date": "2022-10-25",
          "time": "16:09:14",
          "terminate": "false"
        },
        {
          "speaker": "speaker1",
          "personaID": "11086",
          "participantID": "3850",
          "utterance": "네! 곧 기말고사라 요즘엔 엄마가 대신 강아지 산책시켜주세요 ㅋ쿠ㅠ",
          "summary": "나는 곧 기말고사다.",
          "date": "2022-10-25",
          "time": "16:10:31",
          "terminate": "false"
        },
        {
          "speaker": "speaker2",
          "personaID": "32399",
          "participantID": "3787",
          "utterance": "기말고사 시즌이 돌아오고 있군요. 저는 얼마전에 친척 결혼식에 다녀왔는데, 오랜만에 얼굴을 보니 반갑더라고요.",
          "summary": "나는 얼마 전에 친척 결혼식에 다녀왔다.",
          "date": "2022-10-25",
          "time": "16:12:43",
          "terminate": "false"
        },
        {
          "speaker": "speaker1",
          "personaID": "11086",
          "participantID": "3850",
          "utterance": "저도 곧 친척언니가 결혼을 하는데 오랜만에 얼굴 볼걸 생각하니 기뻐요 친척들은 가깝게 살지 않으면 자주 못보니까요ㅠ",
          "summary": "나는 친척 언니 결혼식에 가서 친척들을 볼 생각에 기쁘다.",
          "date": "2022-10-25",
          "time": "16:16:56",
          "terminate": "false"
        },
        {
          "speaker": "speaker2",
          "personaID": "32399",
          "participantID": "3787",
          "utterance": "저도 예전에는 친척들이 가까이 살아서 좋았는데 요즘은 멀리 사니깐 보기도 힘들고 요즘은 코로나 때문에 행사를 안가다 보니 더 못 보는 것 같아요. ",
          "summary": "나는 요즘 친척들과 만나기 힘들다.",
          "date": "2022-10-25",
          "time": "16:18:03",
          "terminate": "false"
        },
        {
          "speaker": "speaker1",
          "personaID": "11086",
          "participantID": "3850",
          "utterance": "그래도 SNS같은 연락망이 있어서 좋은것같아요 친인척들 소식도 듣고",
          "summary": "나는 SNS 같은 연락망이 있어서 좋다.",
          "date": "2022-10-25",
          "time": "16:21:18",
          "terminate": "false"
        },
        {
          "speaker": "speaker2",
          "personaID": "32399",
          "participantID": "3787",
          "utterance": "요즘은 만나는 것보다 SNS를 통해서 소식을 더 듣는 것 같아요. 친척은 많아요?",
          "summary": "나는 SNS를 통해 친척들의 소식을 듣는다.",
          "date": "2022-10-25",
          "time": "16:22:17",
          "terminate": "false"
        },
        {
          "speaker": "speaker1",
          "personaID": "11086",
          "participantID": "3850",
          "utterance": "부모님 형제분들이 많아서 30여명 되는것같아요 그 중에서 제가 제일 막내구요!",
          "summary": "나는 부모님 형제 분들 중에 제일 막내다.",
          "date": "2022-10-25",
          "time": "16:23:32",
          "terminate": "false"
        },
        {
          "speaker": "speaker2",
          "personaID": "32399",
          "participantID": "3787",
          "utterance": "막내라서 귀여움 많이 받겠네요. 저희는 아버지쪽은 형제가 많아서 친척이 많고 어머니쪽은 별로 없어요.저는 거의 첫째구요!",
          "summary": "나는 친척들 중 첫째이다.",
          "date": "2022-10-25",
          "time": "16:24:36",
          "terminate": "false"
        },
        {
          "speaker": "speaker1",
          "personaID": "11086",
          "participantID": "3850",
          "utterance": "저희 둘다 친척이 많네요 저는 항상 친척 언니 오빠들과 비교당해서 슬펐었어요",
          "summary": "나는 친척이 많지만 친척 언니 오빠들과 비교를 당해서 슬프다.",
          "date": "2022-10-25",
          "time": "16:29:47",
          "terminate": "false"
        },
        {
          "speaker": "speaker2",
          "personaID": "32399",
          "participantID": "3787",
          "utterance": "그러게요. 둘 다 친척이 많네요. 친척 언니 오빠들과 왜 비교 당했어요? 친척 언니 오빠들이 완젼 우등생인가 봐요~",
          "summary": "",
          "date": "2022-10-25",
          "time": "16:39:54",
          "terminate": "false"
        },
        {
          "speaker": "speaker1",
          "personaID": "11086",
          "participantID": "3850",
          "utterance": "다들 공부도 잘하고 직장도 잘잡아서 그런가봐요. 그래도 저랑은 다른데 말이죠 ",
          "summary": "나는 친척들이 나랑 다르다고 생각한다.",
          "date": "2022-10-25",
          "time": "16:42:52",
          "terminate": "false"
        },
        {
          "speaker": "speaker2",
          "personaID": "32399",
          "participantID": "3787",
          "utterance": "제가 님을 잘 알지는 못 하지만, 님도 모든지 잘하실 것 같아요. 저는 일이 있어서 가볼게요.",
          "summary": "",
          "date": "2022-10-25",
          "time": "16:43:38",
          "terminate": "true"
        }
      ],
      "sessionPersonaSummary": {
        "speaker1": [
          "나는 곧 기말고사다.",
          "나는 친척 언니 결혼식에 가서 친척들을 볼 생각에 기쁘다.",
          "나는 SNS 같은 연락망이 있어서 좋다.",
          "나는 부모님 형제 분들 중에 제일 막내다.",
          "나는 친척이 많지만 친척 언니 오빠들과 비교를 당해서 슬프다.",
          "나는 친척들이 나랑 다르다고 생각한다."
        ],
        "speaker2": [
          "나는 얼마 전에 친척 결혼식에 다녀왔다.",
          "나는 요즘 친척들과 만나기 힘들다.",
          "나는 SNS를 통해 친척들의 소식을 듣는다.",
          "나는 친척들 중 첫째이다."
        ]
      },
      "prevAggregatedpersonaSummary": {
        "speaker1": [
          "나는 10대 여성입니다.",
          "나는 생일이 9월이다.",
          "나는 생물학과를 진학하고 싶다.",
          "나는 9월 생일에 가족끼리 제주도에 다녀왔다.",
          "나는 스파게티를 싫어한다.",
          "나는 스파게티 면이 고무줄 같아서 싫다. 나는 강아지 산책을 시킨다.",
          "나는 근처 공원으로 간다."
        ],
        "speaker2": [
          "나는 30대 여성이다.",
          "나는 보험설계사 일을 하고 있다.",
          "나는 해외여행 가는 걸 좋아한다.",
          "나는 마라탕을 즐겨먹는다",
          "나는 스파게티를 좋아한다."
        ]
      }
    },
    {
      "prevSessionID": "3-00125-2",
      "prevTimeInfo": {
        "timeNum": "4",
        "timeUnit": "시간"
      },
      "nthSession": "3",
      "numberOfUtterances": "14",
      "numberOfTurns": "7",
      "sessionID": "3-00125-3",
      "dialog": [
        {
          "speaker": "speaker1",
          "personaID": "11086",
          "participantID": "3850",
          "utterance": "일은 다 끝나셨나요? 벌써 4시간이 흘렀네요",
          "summary": "",
          "date": "2022-10-25",
          "time": "16:49:54",
          "terminate": "false"
        },
        {
          "speaker": "speaker2",
          "personaID": "32399",
          "participantID": "3787",
          "utterance": "한 것도 없는 것 같은데 벌써 4시간이나 흘렀네요. 이제 슬슬 퇴근 할려고요.",
          "summary": "",
          "date": "2022-10-25",
          "time": "16:50:52",
          "terminate": "false"
        },
        {
          "speaker": "speaker1",
          "personaID": "11086",
          "participantID": "3850",
          "utterance": "저도 곧 학교끝나고 집에 갈것같아요 집 가는 길이 신나네요 엄마가 김치찌개 해놓는다고 했거든요",
          "summary": "나는 엄마가 김치찌개를 해놓는다고 해서 집 가는 길이 신난다.",
          "date": "2022-10-25",
          "time": "16:51:56",
          "terminate": "false"
        },
        {
          "speaker": "speaker2",
          "personaID": "32399",
          "participantID": "3787",
          "utterance": "제가 정말 좋아하는 음식 중에 하나가 김치찌개인데 너무 맛나겠어요. 저는 오늘 퇴근하고 친척언니 만나기로 했어요. ",
          "summary": "나는 김치찌개를 좋아한다.",
          "date": "2022-10-25",
          "time": "16:52:44",
          "terminate": "false"
        },
        {
          "speaker": "speaker1",
          "personaID": "11086",
          "participantID": "3850",
          "utterance": "만나서 저녁드시나요? 너무 재미있을것같아요 저도 김치찌개 너무 좋아해요 밥이랑 계란말이랑 같이 먹으면 끝짱나요",
          "summary": " 나는 김치찌개는 밥 계란말이랑 먹는 걸 좋아한다.",
          "date": "2022-10-25",
          "time": "16:53:57",
          "terminate": "false"
        },
        {
          "speaker": "speaker2",
          "personaID": "32399",
          "participantID": "3787",
          "utterance": "김치찌개에는 계란말이죠!! 저는 친척언니 만나서 제가 좋아하는 마라탕 먹을려고요. 오랜만에 만날 생각에 저도 설레이네요^^",
          "summary": "나는 오늘 친척 언니를 만날 예정이다.",
          "date": "2022-10-25",
          "time": "16:54:57",
          "terminate": "false"
        },
        {
          "speaker": "speaker1",
          "personaID": "11086",
          "participantID": "3850",
          "utterance": "언니분이랑 맛있는 마라탕집 가시길 바래요 !! 저도 나중에 엄마와 둘이서 마라탕 시켜먹으려구요",
          "summary": "나는 엄마랑 나중에 마라탕을 시켜먹을 예정이다.",
          "date": "2022-10-25",
          "time": "16:58:05",
          "terminate": "false"
        },
        {
          "speaker": "speaker2",
          "personaID": "32399",
          "participantID": "3787",
          "utterance": "전에는 친척언니랑 자주 만나서 놀았는데 언니가 결혼하고 나서 만나기 쉽지 않더라고요. 마라탕 좋아하세요?",
          "summary": "",
          "date": "2022-10-25",
          "time": "16:59:43",
          "terminate": "false"
        },
        {
          "speaker": "speaker1",
          "personaID": "11086",
          "participantID": "3850",
          "utterance": "마라탕 좋아해요ㅜㅜ 엄마도 마라탕 국물을 좋아하셔서 배달 시키면 그 국물에 밥 말아드시더라구요 저는 그 사이에 꿔바로우를 다 먹어버리고요",
          "summary": "나는 마라탕을 좋아한다. 나는 꿔바로우를 다 먹어버린다.",
          "date": "2022-10-25",
          "time": "17:04:38",
          "terminate": "false"
        },
        {
          "speaker": "speaker2",
          "personaID": "32399",
          "participantID": "3787",
          "utterance": "엄마도 마라탕 좋아하신다니 너무 좋네요. 저희 엄마는 마라탕을 안 좋아하셔서 같이 먹고 싶지만 못 드세요. 그래도 꿔바로우는 잘드시니 같이 외식 해야겠네요~",
          "summary": "",
          "date": "2022-10-25",
          "time": "17:08:00",
          "terminate": "false"
        },
        {
          "speaker": "speaker1",
          "personaID": "11086",
          "participantID": "3850",
          "utterance": "즐거운 외식이 되시길 바래요!! 역시 가족들과 함께 먹는 밥이 제일 맛있는것 같아요",
          "summary": "나는 가족들과 함께 먹는 밥이 제일 맛있다.",
          "date": "2022-10-25",
          "time": "17:09:45",
          "terminate": "false"
        },
        {
          "speaker": "speaker2",
          "personaID": "32399",
          "participantID": "3787",
          "utterance": "저도 가족들과 도란도란 이야기 나누면서 먹는 밥이 세상에서 제일 맛있더라고요.",
          "summary": "나는 가족들과 도란도란 이야기 나누면서 먹는 밥을 좋아한다.",
          "date": "2022-10-25",
          "time": "17:12:29",
          "terminate": "false"
        },
        {
          "speaker": "speaker1",
          "personaID": "11086",
          "participantID": "3850",
          "utterance": "저는 가족들하고 Tv 앞에서 같이 밥 먹는걸 제일 좋아하는데 오늘 저녁에 해봐야겠어요   오늘도 좋은 하루 되시길 바래요!!",
          "summary": "나는 가족들과 TV 앞에서 같이 밥 먹는 걸 제일 좋아한다.",
          "date": "2022-10-25",
          "time": "17:14:06",
          "terminate": "false"
        },
        {
          "speaker": "speaker2",
          "personaID": "32399",
          "participantID": "3787",
          "utterance": "네 오늘 저녁에 꼭 해보세요. 좋은 하루 보내세요 저는 이만 퇴근할게요~",
          "summary": "",
          "date": "2022-10-25",
          "time": "17:15:19",
          "terminate": "true"
        }
      ],
      "sessionPersonaSummary": {
        "speaker1": [
          "나는 엄마가 김치찌개를 해놓는다고 해서 집 가는 길이 신난다.",
          "나는 김치찌개는 밥 계란말이랑 먹는 걸 좋아한다.",
          "나는 엄마랑 나중에 마라탕을 시켜먹을 예정이다.",
          "나는 마라탕을 좋아한다.",
          "나는 꿔바로우를 다 먹어버린다.",
          "나는 가족들과 함께 먹는 밥이 제일 맛있다.",
          "나는 가족들과 TV 앞에서 같이 밥 먹는 걸 제일 좋아한다."
        ],
        "speaker2": [
          "나는 김치찌개를 좋아한다.",
          "나는 오늘 친척 언니를 만날 예정이다.",
          "나는 가족들과 도란도란 이야기 나누면서 먹는 밥을 좋아한다."
        ]
      },
      "prevAggregatedpersonaSummary": {
        "speaker1": [
          "나는 10대 여성입니다.",
          "나는 생일이 9월이다.",
          "나는 생물학과를 진학하고 싶다.",
          "나는 9월 생일에 가족끼리 제주도에 다녀왔다.",
          "나는 스파게티를 싫어한다.",
          "나는 스파게티 면이 고무줄 같아서 싫다. 나는 강아지 산책을 시킨다.",
          "나는 근처 공원으로 간다.",
          "나는 곧 기말고사다.",
          "나는 친척 언니 결혼식에 가서 친척들을 볼 생각에 기쁘다.",
          "나는 SNS 같은 연락망이 있어서 좋다.",
          "나는 부모님 형제 분들 중에 제일 막내다.",
          "나는 친척이 많지만 친척 언니 오빠들과 비교를 당해서 슬프다.",
          "나는 친척들이 나랑 다르다고 생각한다."
        ],
        "speaker2": [
          "나는 30대 여성이다.",
          "나는 보험설계사 일을 하고 있다.",
          "나는 해외여행 가는 걸 좋아한다.",
          "나는 마라탕을 즐겨먹는다",
          "나는 스파게티를 좋아한다.",
          "나는 얼마 전에 친척 결혼식에 다녀왔다.",
          "나는 요즘 친척들과 만나기 힘들다.",
          "나는 SNS를 통해 친척들의 소식을 듣는다.",
          "나는 친척들 중 첫째이다."
        ]
      }
    }
  ]
}