{
  "FileInfo": {
    "filename": "K3-00439-CL22031-CP21093-18-01-S3.json",
    "sessionLevel": "3"
  },
  "participantsInfo": {
    "numberOfParticipants": "2",
    "speaker1": {
      "participantID": "0576",
      "gender": "여성",
      "age": "20대",
      "occupation": "학생",
      "bPlace": "서울/경기/인천",
      "gPlace": "서울/경기/인천",
      "rPlace": "서울/경기/인천",
      "educationLevel": "고졸"
    },
    "speaker2": {
      "participantID": "0611",
      "gender": "남성",
      "age": "20대",
      "occupation": "무직",
      "bPlace": "서울/경기/인천",
      "gPlace": "서울/경기/인천",
      "rPlace": "서울/경기/인천",
      "educationLevel": "대졸"
    }
  },
  "multisessionInfo": {
    "multisessionID": "3-00439"
  },
  "personaInfo": {
    "clInfo": {
      "personaID": "22031",
      "personaFeatures": [
        "나는 여자이다.",
        "나는 20대이다.",
        "나는 딸이 1명 있다.",
        "나는 해외 주식에 관심이 많다.",
        "나는 태블릿을 리뷰하는 것을 좋아한다."
      ],
      "speakerType": "speaker1"
    },
    "cpInfo": {
      "personaID": "21093",
      "personaFeatures": [
        "나는 남자이다.",
        "나는 20대이다.",
        "나는 물고기에 관심이 없다.",
        "나는 법무사이다.",
        "나는 팝 음악을 좋아한다."
      ],
      "speakerType": "speaker2"
    }
  },
  "topicInfo": {
    "topicID": "18-01",
    "topicType": "상거래 전반",
    "topicTitle": "쇼핑"
  },
  "sessionInfo": [
    {
      "prevSessionID": null,
      "prevTimeInfo": {
        "timeNum": null,
        "timeUnit": null
      },
      "nthSession": "1",
      "numberOfUtterances": "16",
      "numberOfTurns": "8",
      "sessionID": "3-00439-1",
      "dialog": [
        {
          "speaker": "speaker1",
          "personaID": "22031",
          "participantID": "0576",
          "utterance": "안녕하세요! 저는 민선이 엄마이며 20대 여자에요!",
          "summary": "나는 여자이며 딸이 1명 있다.",
          "date": "2022-09-29",
          "time": "14:01:22",
          "terminate": "false"
        },
        {
          "speaker": "speaker2",
          "personaID": "21093",
          "participantID": "0611",
          "utterance": "안녕하세요. 저는 법무사인 20대 남자입니다.",
          "summary": "나는 법무사인 20대 남자이다.",
          "date": "2022-09-29",
          "time": "14:01:42",
          "terminate": "false"
        },
        {
          "speaker": "speaker1",
          "personaID": "22031",
          "participantID": "0576",
          "utterance": "젊은나이에 법무사라니 엄청 능력 있으시네요.",
          "summary": "",
          "date": "2022-09-29",
          "time": "14:02:28",
          "terminate": "false"
        },
        {
          "speaker": "speaker2",
          "personaID": "21093",
          "participantID": "0611",
          "utterance": "군대가기전부터 준비를 해서 자격증을 땄습니다. 여자친구도 못만들어봤어요.",
          "summary": "",
          "date": "2022-09-29",
          "time": "14:02:57",
          "terminate": "false"
        },
        {
          "speaker": "speaker1",
          "personaID": "22031",
          "participantID": "0576",
          "utterance": "헉 앞으로 여자친구만 있으시면 더 좋으시겠어요?ㅎㅎ 요즘 해외주식이 많이 뜨네요.",
          "summary": "나는 해외 주식에 관심이 많다.",
          "date": "2022-09-29",
          "time": "14:03:16",
          "terminate": "false"
        },
        {
          "speaker": "speaker2",
          "personaID": "21093",
          "participantID": "0611",
          "utterance": "해외 주식에 관심이 있으신가보군요. 요즘엔 국내 주식보다 해외주식을 챙기는 분들도 주변에 많더라구요.",
          "summary": "",
          "date": "2022-09-29",
          "time": "14:03:46",
          "terminate": "false"
        },
        {
          "speaker": "speaker1",
          "personaID": "22031",
          "participantID": "0576",
          "utterance": "맞아요. 안그래도 저도 최근에 주식계좌 하나 개설했어요. 이제 좀 재테크좀 해볼려고요 ㅎㅎ.",
          "summary": "나는 재테크에 관심이 많다.",
          "date": "2022-09-29",
          "time": "14:04:32",
          "terminate": "false"
        },
        {
          "speaker": "speaker2",
          "personaID": "21093",
          "participantID": "0611",
          "utterance": "재테크에 관심이 많으시면 주식을 한번쯤 도전해보시는것도 나쁜 경험은 아니라고 생각합니다.",
          "summary": "",
          "date": "2022-09-29",
          "time": "14:05:22",
          "terminate": "false"
        },
        {
          "speaker": "speaker1",
          "personaID": "22031",
          "participantID": "0576",
          "utterance": "네 너무 무리하게 대출은 안할거고 월급에서 30%정도만 투자 해볼려고요 ㅎㅎ.",
          "summary": "",
          "date": "2022-09-29",
          "time": "14:06:00",
          "terminate": "false"
        },
        {
          "speaker": "speaker2",
          "personaID": "21093",
          "participantID": "0611",
          "utterance": "월급에서 어느정도 투자하는게 현명하죠. 현명한 재테크 방법을 아시네요.",
          "summary": "",
          "date": "2022-09-29",
          "time": "14:07:02",
          "terminate": "false"
        },
        {
          "speaker": "speaker1",
          "personaID": "22031",
          "participantID": "0576",
          "utterance": "네 안그래도 요즘 @브랜드명1@나 @브랜드명2@에서 책 쇼핑을 통해서 지식을 얻고 있어요 ㅎㅎ 법무사님도 요즘 관심 있는 분야가 있으신가요?",
          "summary": "나는 쇼핑을 한다.",
          "date": "2022-09-29",
          "time": "14:07:50",
          "terminate": "false"
        },
        {
          "speaker": "speaker2",
          "personaID": "21093",
          "participantID": "0611",
          "utterance": "저는 팝 음악을 좋아해서 그쪽에 관심이 있고 아이쇼핑을 좋아해요.",
          "summary": "나는 팝 음악을 좋아한다.",
          "date": "2022-09-29",
          "time": "14:08:27",
          "terminate": "false"
        },
        {
          "speaker": "speaker1",
          "personaID": "22031",
          "participantID": "0576",
          "utterance": "팝 음악이라니 좋죠 요즘 직장인분들 턴테이블 사서 팝송 많이들 들으시더라고요.",
          "summary": "",
          "date": "2022-09-29",
          "time": "14:09:05",
          "terminate": "false"
        },
        {
          "speaker": "speaker2",
          "personaID": "21093",
          "participantID": "0611",
          "utterance": "저도 점심시간에 혼자 느긋하니 음악을 듣는걸 좋아해서요.",
          "summary": "",
          "date": "2022-09-29",
          "time": "14:09:54",
          "terminate": "false"
        },
        {
          "speaker": "speaker1",
          "personaID": "22031",
          "participantID": "0576",
          "utterance": "그렇군요 벌써 점심시간인데 저도 노래만 들으면서 밥이나 먹어야 겠네요 있다 봽겠습니다!",
          "summary": "",
          "date": "2022-09-29",
          "time": "14:10:25",
          "terminate": "false"
        },
        {
          "speaker": "speaker2",
          "personaID": "21093",
          "participantID": "0611",
          "utterance": "네, 즐거운 점심시간되세요. 서로 맛점해요.",
          "summary": "",
          "date": "2022-09-29",
          "time": "14:11:10",
          "terminate": "true"
        }
      ],
      "sessionPersonaSummary": {
        "speaker1": [
          "나는 여자이며 딸이 1명 있다.",
          "나는 해외 주식에 관심이 많다.",
          "나는 재테크에 관심이 많다.",
          "나는 쇼핑을 한다."
        ],
        "speaker2": [
          "나는 법무사인 20대 남자이다.",
          "나는 팝 음악을 좋아한다."
        ]
      },
      "prevAggregatedpersonaSummary": {
        "speaker1": [],
        "speaker2": []
      }
    },
    {
      "prevSessionID": "3-00439-1",
      "prevTimeInfo": {
        "timeNum": "2",
        "timeUnit": "시간"
      },
      "nthSession": "2",
      "numberOfUtterances": "16",
      "numberOfTurns": "8",
      "sessionID": "3-00439-2",
      "dialog": [
        {
          "speaker": "speaker1",
          "personaID": "22031",
          "participantID": "0576",
          "utterance": "점심은 맛있게 드셨나요? 저는 한식 먹었네요. 뭐 드셨나요?",
          "summary": "나는 한식을 먹었다.",
          "date": "2022-09-29",
          "time": "14:11:31",
          "terminate": "false"
        },
        {
          "speaker": "speaker2",
          "personaID": "21093",
          "participantID": "0611",
          "utterance": "저는 초밥을 먹고 왔습니다. 회사에서 두 블럭 걸어가면 맛집이 있어요.",
          "summary": "나는 초밥을 먹었다.",
          "date": "2022-09-29",
          "time": "14:11:54",
          "terminate": "false"
        },
        {
          "speaker": "speaker1",
          "personaID": "22031",
          "participantID": "0576",
          "utterance": "초밥이라니 맛있겠네요. 저도 남편이랑 저번주에 회전초밥집을 다녀 왔는데 괜찮더라고요.",
          "summary": "",
          "date": "2022-09-29",
          "time": "14:13:29",
          "terminate": "false"
        },
        {
          "speaker": "speaker2",
          "personaID": "21093",
          "participantID": "0611",
          "utterance": "저는 초밥을 되게 좋아하는데 웃긴게 물고기에는 관심이 없어서 수족관도 안가네요. 웃기죠? ㅋㅋ.",
          "summary": "나는 물고기에는 관심이 없다.",
          "date": "2022-09-29",
          "time": "14:14:06",
          "terminate": "false"
        },
        {
          "speaker": "speaker1",
          "personaID": "22031",
          "participantID": "0576",
          "utterance": "참 신기하네 보통 초밥 좋아하시면 물고기 종류도 관심 있는데 취향 존중합니다.",
          "summary": "",
          "date": "2022-09-29",
          "time": "14:15:38",
          "terminate": "false"
        },
        {
          "speaker": "speaker2",
          "personaID": "21093",
          "participantID": "0611",
          "utterance": "취향 존중 감사합니다. 얼마전에 인터넷 쇼핑으로 K-방석 샀는데 너무 편안하네요. 추천드립니다.",
          "summary": "",
          "date": "2022-09-29",
          "time": "14:16:17",
          "terminate": "false"
        },
        {
          "speaker": "speaker1",
          "personaID": "22031",
          "participantID": "0576",
          "utterance": "K-방석이라니 괜찮나보네요. 저도 수면에 관심이 많아서 인터넷에서 마약베개 주문 했는데 이것도 괜찮네요.",
          "summary": "",
          "date": "2022-09-29",
          "time": "14:17:40",
          "terminate": "false"
        },
        {
          "speaker": "speaker2",
          "personaID": "21093",
          "participantID": "0611",
          "utterance": "그거 효과가 좋나요? 저도 요즘 잠을 잘 못자서 관심이 계속 가더라구요.",
          "summary": "",
          "date": "2022-09-29",
          "time": "14:18:09",
          "terminate": "false"
        },
        {
          "speaker": "speaker1",
          "personaID": "22031",
          "participantID": "0576",
          "utterance": "잠이 솔솔 너무 잘 와서 리뷰 별점도 5개나 줬네요 ㅎㅎ.",
          "summary": "",
          "date": "2022-09-29",
          "time": "14:18:47",
          "terminate": "false"
        },
        {
          "speaker": "speaker2",
          "personaID": "21093",
          "participantID": "0611",
          "utterance": "그 정도면 효과가 백점만점이네요. 어디 샵에서 사셨나요?",
          "summary": "",
          "date": "2022-09-29",
          "time": "14:19:12",
          "terminate": "false"
        },
        {
          "speaker": "speaker1",
          "personaID": "22031",
          "participantID": "0576",
          "utterance": "저는 @홈페이지1@ 스마트스토어에서 구매했네요. 요즘 워낙 인터넷 쇼핑이 발달 했다 보니 쉽게 구했습니다 ㅋㅋ.",
          "summary": "",
          "date": "2022-09-29",
          "time": "14:19:34",
          "terminate": "false"
        },
        {
          "speaker": "speaker2",
          "personaID": "21093",
          "participantID": "0611",
          "utterance": "저도 거기서 얼렁 구매해봐야겠네요. 잠을 못자니 사람이 피폐해져서요.",
          "summary": "",
          "date": "2022-09-29",
          "time": "14:19:57",
          "terminate": "false"
        },
        {
          "speaker": "speaker1",
          "personaID": "22031",
          "participantID": "0576",
          "utterance": "헉 잘 주무셔야 할 텐데 잠이 보약이라 잖아요. 침구류나 베개 좋은걸로 바꿔 보시는 걸 추천드립니다.",
          "summary": "",
          "date": "2022-09-29",
          "time": "14:21:15",
          "terminate": "false"
        },
        {
          "speaker": "speaker2",
          "personaID": "21093",
          "participantID": "0611",
          "utterance": "일단 배개부터 바꿔봐야죠. 배개의 효과를 보고 다음걸 결정하면 될 것 같네요.",
          "summary": "",
          "date": "2022-09-29",
          "time": "14:21:55",
          "terminate": "false"
        },
        {
          "speaker": "speaker1",
          "personaID": "22031",
          "participantID": "0576",
          "utterance": "네 예전에는 라텍스가 좋았는데 요즘은 메모리폼의 뜨고 있어서 그걸로 사람들의 많이 사더라고요.",
          "summary": "",
          "date": "2022-09-29",
          "time": "14:22:57",
          "terminate": "false"
        },
        {
          "speaker": "speaker2",
          "personaID": "21093",
          "participantID": "0611",
          "utterance": "추천 감사합니다. 관련 제품으로 사보고 나중에 결과보고 한 번 할게요.",
          "summary": "",
          "date": "2022-09-29",
          "time": "14:23:41",
          "terminate": "true"
        }
      ],
      "sessionPersonaSummary": {
        "speaker1": [
          "나는 한식을 먹었다."
        ],
        "speaker2": [
          "나는 초밥을 먹었다.",
          "나는 물고기에는 관심이 없다."
        ]
      },
      "prevAggregatedpersonaSummary": {
        "speaker1": [
          "나는 여자이며 딸이 1명 있다.",
          "나는 해외 주식에 관심이 많다.",
          "나는 재테크에 관심이 많다.",
          "나는 쇼핑을 한다."
        ],
        "speaker2": [
          "나는 법무사인 20대 남자이다.",
          "나는 팝 음악을 좋아한다."
        ]
      }
    },
    {
      "prevSessionID": "3-00439-2",
      "prevTimeInfo": {
        "timeNum": "3",
        "timeUnit": "일"
      },
      "nthSession": "3",
      "numberOfUtterances": "16",
      "numberOfTurns": "8",
      "sessionID": "3-00439-3",
      "dialog": [
        {
          "speaker": "speaker1",
          "personaID": "22031",
          "participantID": "0576",
          "utterance": "안녕하세요! 저번에 말씀 드렸던 베개는 사용 해보셧나요?",
          "summary": "",
          "date": "2022-09-29",
          "time": "14:24:03",
          "terminate": "false"
        },
        {
          "speaker": "speaker2",
          "personaID": "21093",
          "participantID": "0611",
          "utterance": "네 빠른 배송으로 시켜서 금방 받아서 이틀 써봤네요. 너무 좋던데요.",
          "summary": "",
          "date": "2022-09-29",
          "time": "14:24:34",
          "terminate": "false"
        },
        {
          "speaker": "speaker1",
          "personaID": "22031",
          "participantID": "0576",
          "utterance": "맞아요. 요즘 새벽배송 로켓배송 등 쇼핑몰들 사이에서 트렌드더라고요.",
          "summary": "",
          "date": "2022-09-29",
          "time": "14:25:24",
          "terminate": "false"
        },
        {
          "speaker": "speaker2",
          "personaID": "21093",
          "participantID": "0611",
          "utterance": "덕분에 이틀이나 잘 잤죠. 편안한 잠을 보장한다는 광고가 아쉽지않더라구요.",
          "summary": "",
          "date": "2022-09-29",
          "time": "14:25:52",
          "terminate": "false"
        },
        {
          "speaker": "speaker1",
          "personaID": "22031",
          "participantID": "0576",
          "utterance": "잘 구매 하셨다니 다행이네요. 이게 또 사람 체형마다 다르다고 해서 걱정 했거든요.",
          "summary": "",
          "date": "2022-09-29",
          "time": "14:27:15",
          "terminate": "false"
        },
        {
          "speaker": "speaker2",
          "personaID": "21093",
          "participantID": "0611",
          "utterance": "걱정해주신 덕분에 잘 구매해서 꿀잠잤습니다. 좋은 추천 감사해요.",
          "summary": "",
          "date": "2022-09-29",
          "time": "14:27:53",
          "terminate": "false"
        },
        {
          "speaker": "speaker1",
          "personaID": "22031",
          "participantID": "0576",
          "utterance": "네 저는 요즘 태블릿에 관심이 생겨서 태블릿 기기 하나 장만했네요.",
          "summary": "나는 태블릿에 관심이 있다.",
          "date": "2022-09-29",
          "time": "14:28:16",
          "terminate": "false"
        },
        {
          "speaker": "speaker2",
          "personaID": "21093",
          "participantID": "0611",
          "utterance": "어느 회사거 관심이 가세요?",
          "summary": "",
          "date": "2022-09-29",
          "time": "14:28:42",
          "terminate": "false"
        },
        {
          "speaker": "speaker1",
          "personaID": "22031",
          "participantID": "0576",
          "utterance": "저는 @브랜드명3@ 아이패드가 마음에 들어서 그걸로 구매 했고 리뷰 작성하는 걸 좋아해서 리뷰도 작성했습니다.",
          "summary": "나는 태블릿을 리뷰하는 것을 좋아한다.",
          "date": "2022-09-29",
          "time": "14:29:38",
          "terminate": "false"
        },
        {
          "speaker": "speaker2",
          "personaID": "21093",
          "participantID": "0611",
          "utterance": "잘하셨네요. 태블릿은 아이패드가 최고라고 칭찬이 자자한데 꼼꼼히 살펴보신거 같네요.",
          "summary": "",
          "date": "2022-09-29",
          "time": "14:30:13",
          "terminate": "false"
        },
        {
          "speaker": "speaker1",
          "personaID": "22031",
          "participantID": "0576",
          "utterance": "맞아요. 예전에 @브랜드명4@ 써봤는데 기능만 많지 쓰지도 못하고 별로더라고요.",
          "summary": "",
          "date": "2022-09-29",
          "time": "14:31:29",
          "terminate": "false"
        },
        {
          "speaker": "speaker2",
          "personaID": "21093",
          "participantID": "0611",
          "utterance": "이미 @브랜드명4@써보셨으면 단점을 아셨겠네요. 아이패드는 실제로 써보시니 어떤가요?",
          "summary": "",
          "date": "2022-09-29",
          "time": "14:32:12",
          "terminate": "false"
        },
        {
          "speaker": "speaker1",
          "personaID": "22031",
          "participantID": "0576",
          "utterance": "좋아요 ㅎㅎ 제가 그림 그리는 걸 워낙 좋아해서 아이패드 스케치 기능이 마음에 들더라고요.",
          "summary": "나는 그림 그리는 것을 좋아한다.",
          "date": "2022-09-29",
          "time": "14:32:37",
          "terminate": "false"
        },
        {
          "speaker": "speaker2",
          "personaID": "21093",
          "participantID": "0611",
          "utterance": "그림을 그리는걸 좋아하시면 재밌는 기능이 많죠. 제 친구도 그걸로 그림그리더라구요.",
          "summary": "",
          "date": "2022-09-29",
          "time": "14:33:15",
          "terminate": "false"
        },
        {
          "speaker": "speaker1",
          "personaID": "22031",
          "participantID": "0576",
          "utterance": "맞아요. 그래서 메모는 @브랜드명5@, 그림은 아이패드라는 말이 있죠. 오늘 대화 즐거웠습니다! 다음에 또 연락해요.",
          "summary": "",
          "date": "2022-09-29",
          "time": "14:34:09",
          "terminate": "false"
        },
        {
          "speaker": "speaker2",
          "personaID": "21093",
          "participantID": "0611",
          "utterance": "네네, 즐겁게 하루보내시고 다음에 또 연락해요.",
          "summary": "",
          "date": "2022-09-29",
          "time": "14:34:24",
          "terminate": "true"
        }
      ],
      "sessionPersonaSummary": {
        "speaker1": [
          "나는 태블릿에 관심이 있다.",
          "나는 태블릿을 리뷰하는 것을 좋아한다.",
          "나는 그림 그리는 것을 좋아한다."
        ],
        "speaker2": []
      },
      "prevAggregatedpersonaSummary": {
        "speaker1": [
          "나는 여자이며 딸이 1명 있다.",
          "나는 해외 주식에 관심이 많다.",
          "나는 재테크에 관심이 많다.",
          "나는 쇼핑을 한다.",
          "나는 한식을 먹었다."
        ],
        "speaker2": [
          "나는 법무사인 20대 남자이다.",
          "나는 팝 음악을 좋아한다.",
          "나는 초밥을 먹었다.",
          "나는 물고기에는 관심이 없다."
        ]
      }
    }
  ]
}