{
  "FileInfo": {
    "filename": "K3-00554-CL31660-CP24323-04-05-S3.json",
    "sessionLevel": "3"
  },
  "participantsInfo": {
    "numberOfParticipants": "2",
    "speaker1": {
      "participantID": "1115",
      "gender": "여성",
      "age": "30대",
      "occupation": "무직",
      "bPlace": "서울/경기/인천",
      "gPlace": "서울/경기/인천",
      "rPlace": "서울/경기/인천",
      "educationLevel": "대졸"
    },
    "speaker2": {
      "participantID": "1152",
      "gender": "여성",
      "age": "20대",
      "occupation": "학생",
      "bPlace": "서울/경기/인천",
      "gPlace": "서울/경기/인천",
      "rPlace": "서울/경기/인천",
      "educationLevel": "대졸"
    }
  },
  "multisessionInfo": {
    "multisessionID": "3-00554"
  },
  "personaInfo": {
    "clInfo": {
      "personaID": "31660",
      "personaFeatures": [
        "나는 여자이다.",
        "나는 30대이다.",
        "나는 미술품 감정사이다.",
        "나는 점심에 책을 읽는다.",
        "나는 로큰롤 음악을 자주 듣는다."
      ],
      "speakerType": "speaker1"
    },
    "cpInfo": {
      "personaID": "24323",
      "personaFeatures": [
        "나는 여자이다.",
        "나는 20대이다.",
        "나는 요즘, 종종 신이 난다.",
        "나는 치과의 사이다.",
        "나는 콘솔 게임을 자주 한다.",
        "나는 오렌지를 안 먹는다."
      ],
      "speakerType": "speaker2"
    }
  },
  "topicInfo": {
    "topicID": "04-05",
    "topicType": "일과 직업>회사/아르바이트",
    "topicTitle": "직장 생활"
  },
  "sessionInfo": [
    {
      "prevSessionID": null,
      "prevTimeInfo": {
        "timeNum": null,
        "timeUnit": null
      },
      "nthSession": "1",
      "numberOfUtterances": "18",
      "numberOfTurns": "9",
      "sessionID": "3-00554-1",
      "dialog": [
        {
          "speaker": "speaker1",
          "personaID": "31660",
          "participantID": "1115",
          "utterance": "안녕하세요~ 저는 30대 여자입니다!! 간단하게 소개부탁드려요~!",
          "summary": "나는 30대 여자이다.",
          "date": "2022-11-03",
          "time": "08:12:47",
          "terminate": "false"
        },
        {
          "speaker": "speaker2",
          "personaID": "24323",
          "participantID": "1152",
          "utterance": "안녕하세요 저는 20대 여자입니다 반가워요^^",
          "summary": "나는 20대 여자이다.",
          "date": "2022-11-03",
          "time": "08:12:52",
          "terminate": "false"
        },
        {
          "speaker": "speaker1",
          "personaID": "31660",
          "participantID": "1115",
          "utterance": "점심시간인데 식사는 하셨나요?ㅎㅎ저는 점심 시간이 좀 남아서 책을 읽고 있어요~",
          "summary": "나는 점심에 책을 읽는다.",
          "date": "2022-11-03",
          "time": "08:12:57",
          "terminate": "false"
        },
        {
          "speaker": "speaker2",
          "personaID": "24323",
          "participantID": "1152",
          "utterance": "그럼요! 저는 밥먹고 후식으로 오렌지 안먹는데 오렌지 주스를 먹고있네요!",
          "summary": "나는 오렌지를 안 먹는다.",
          "date": "2022-11-03",
          "time": "08:13:20",
          "terminate": "false"
        },
        {
          "speaker": "speaker1",
          "personaID": "31660",
          "participantID": "1115",
          "utterance": "오렌지 주스 맛있지 않나요? 왜 안드세요? 설마 당이 많아서 치아가 상할까봐....?",
          "summary": "",
          "date": "2022-11-03",
          "time": "08:13:41",
          "terminate": "false"
        },
        {
          "speaker": "speaker2",
          "personaID": "24323",
          "participantID": "1152",
          "utterance": "네 맞아요! 제가 치과의사이거든요! 하하 선생님은 어떤일하세요?",
          "summary": "나는 치과의 사이다.",
          "date": "2022-11-03",
          "time": "08:13:59",
          "terminate": "false"
        },
        {
          "speaker": "speaker1",
          "personaID": "31660",
          "participantID": "1115",
          "utterance": "우와~ 진짜요? 대단하시네요!!! 저는 미술품 감정사로 일하고 있어요ㅎㅎ.",
          "summary": "나는 미술품 감정사이다.",
          "date": "2022-11-03",
          "time": "08:14:14",
          "terminate": "false"
        },
        {
          "speaker": "speaker2",
          "personaID": "24323",
          "participantID": "1152",
          "utterance": "앗정말요? 그럼 예술가이신가요? 멋있으세요!",
          "summary": "",
          "date": "2022-11-03",
          "time": "08:14:34",
          "terminate": "false"
        },
        {
          "speaker": "speaker1",
          "personaID": "31660",
          "participantID": "1115",
          "utterance": "뭐 그렇다고 봐야죠?ㅎㅎ호호 근데 선생님은 취미 생활이 있으신가요?",
          "summary": "",
          "date": "2022-11-03",
          "time": "08:14:55",
          "terminate": "false"
        },
        {
          "speaker": "speaker2",
          "personaID": "24323",
          "participantID": "1152",
          "utterance": "저는 콜솔게임을 자주해요! 콘솔게임 아세요?",
          "summary": "나는 콘솔게임을 자주 한다.",
          "date": "2022-11-03",
          "time": "08:15:07",
          "terminate": "false"
        },
        {
          "speaker": "speaker1",
          "personaID": "31660",
          "participantID": "1115",
          "utterance": "그게 뭐예요? 처음 들어봤어요ㅎㅎㅎ콘솔게임?",
          "summary": "",
          "date": "2022-11-03",
          "time": "08:15:14",
          "terminate": "false"
        },
        {
          "speaker": "speaker2",
          "personaID": "24323",
          "participantID": "1152",
          "utterance": "@브랜드명1@ 같은 게임이예요~ tv라 설치해서 하는게임이요!",
          "summary": "",
          "date": "2022-11-03",
          "time": "08:15:30",
          "terminate": "false"
        },
        {
          "speaker": "speaker1",
          "personaID": "31660",
          "participantID": "1115",
          "utterance": "아 조카들이 하는거 봤어요!! 아 그거구나~ ㅎㅎ저는 일상에서 음악듣는거 좋아해요!",
          "summary": "나는 음악 듣는 것을 좋아한다.",
          "date": "2022-11-03",
          "time": "08:15:49",
          "terminate": "false"
        },
        {
          "speaker": "speaker2",
          "personaID": "24323",
          "participantID": "1152",
          "utterance": "오 어떤음악 좋아하세요? 저도 춤추는 게임을 하거든요!",
          "summary": "나는 춤추는 게임을 한다.",
          "date": "2022-11-03",
          "time": "08:16:05",
          "terminate": "false"
        },
        {
          "speaker": "speaker1",
          "personaID": "31660",
          "participantID": "1115",
          "utterance": "로큰롤 음악 자주 들어요~ 예~~~~~~~!!!!!!아!!!!!!!!!!!!!!!!!!!!!!",
          "summary": "나는 로큰롤 음악을 자주 듣는다.",
          "date": "2022-11-03",
          "time": "08:16:20",
          "terminate": "false"
        },
        {
          "speaker": "speaker2",
          "personaID": "24323",
          "participantID": "1152",
          "utterance": "오 정말요? 선생님 엄청 텐션이 좋은가봐요~ 종종 신이나요!",
          "summary": "나는 요즘, 종종 신이 난다.",
          "date": "2022-11-03",
          "time": "08:16:37",
          "terminate": "false"
        },
        {
          "speaker": "speaker1",
          "personaID": "31660",
          "participantID": "1115",
          "utterance": "ㅋㅋㅋㅋ신이 났다니까 다행이네요~ 저 점심시간 끝나서 업무 시작해야겠어요ㅠㅠ.",
          "summary": "",
          "date": "2022-11-03",
          "time": "08:16:52",
          "terminate": "false"
        },
        {
          "speaker": "speaker2",
          "personaID": "24323",
          "participantID": "1152",
          "utterance": "네 알겠습니다! 그럼 힘내세요! 저도 진료보러 들어갈게요.",
          "summary": "",
          "date": "2022-11-03",
          "time": "08:17:07",
          "terminate": "true"
        }
      ],
      "sessionPersonaSummary": {
        "speaker1": [
          "나는 30대 여자이다.",
          "나는 점심에 책을 읽는다.",
          "나는 미술품 감정사이다.",
          "나는 음악 듣는 것을 좋아한다.",
          "나는 로큰롤 음악을 자주 듣는다."
        ],
        "speaker2": [
          "나는 20대 여자이다.",
          "나는 오렌지를 안 먹는다.",
          "나는 치과의 사이다.",
          "나는 콘솔게임을 자주 한다.",
          "나는 춤추는 게임을 한다.",
          "나는 요즘, 종종 신이 난다."
        ]
      },
      "prevAggregatedpersonaSummary": {
        "speaker1": [],
        "speaker2": []
      }
    },
    {
      "prevSessionID": "3-00554-1",
      "prevTimeInfo": {
        "timeNum": "8",
        "timeUnit": "시간"
      },
      "nthSession": "2",
      "numberOfUtterances": "18",
      "numberOfTurns": "9",
      "sessionID": "3-00554-2",
      "dialog": [
        {
          "speaker": "speaker1",
          "personaID": "31660",
          "participantID": "1115",
          "utterance": "8시간정도 지났난 것같네요? 저 이제 퇴근했어요~ 퇴근하셨나요?",
          "summary": "",
          "date": "2022-11-03",
          "time": "08:17:07",
          "terminate": "false"
        },
        {
          "speaker": "speaker2",
          "personaID": "24323",
          "participantID": "1152",
          "utterance": "네! 후 너무 배가고프네요! 오늘 환자들이 너무 많았거든요!",
          "summary": "나는 오늘 환자들이 너무 많았다.",
          "date": "2022-11-03",
          "time": "08:17:30",
          "terminate": "false"
        },
        {
          "speaker": "speaker1",
          "personaID": "31660",
          "participantID": "1115",
          "utterance": "아이고 고생하셨어요ㅠㅠ저도 야근하느라 아직도 밥을 못먹었어요.",
          "summary": "나는 야근하느라 밥을 못 먹었다.",
          "date": "2022-11-03",
          "time": "08:17:52",
          "terminate": "false"
        },
        {
          "speaker": "speaker2",
          "personaID": "24323",
          "participantID": "1152",
          "utterance": "앗정말요? 배 안고프세요? 먹고 살자고 하는게 일인데 왜 안드셨어요~",
          "summary": "",
          "date": "2022-11-03",
          "time": "08:18:18",
          "terminate": "false"
        },
        {
          "speaker": "speaker1",
          "personaID": "31660",
          "participantID": "1115",
          "utterance": "그러게요 먹을 시간이 없어가지고ㅠㅠ직장 생활이 제 맘처럼 안되네요^^",
          "summary": "",
          "date": "2022-11-03",
          "time": "08:18:35",
          "terminate": "false"
        },
        {
          "speaker": "speaker2",
          "personaID": "24323",
          "participantID": "1152",
          "utterance": "직장생활에 적응을 아직 못한건가요? ㅠㅠ.",
          "summary": "",
          "date": "2022-11-03",
          "time": "08:18:49",
          "terminate": "false"
        },
        {
          "speaker": "speaker1",
          "personaID": "31660",
          "participantID": "1115",
          "utterance": "음~ 경력은 꽤 있어서 그건 아닌데 저희가 하는 일이 거의 열정페이거든요.",
          "summary": "나는 열정 페이로 근무한다.",
          "date": "2022-11-03",
          "time": "08:19:10",
          "terminate": "false"
        },
        {
          "speaker": "speaker2",
          "personaID": "24323",
          "participantID": "1152",
          "utterance": "앗정말요? 봉사하시는건가요? ㅠㅠ 대단하시네요!",
          "summary": "",
          "date": "2022-11-03",
          "time": "08:19:28",
          "terminate": "false"
        },
        {
          "speaker": "speaker1",
          "personaID": "31660",
          "participantID": "1115",
          "utterance": "근데 선생님은 의사가 된 지 몇 년차인가요? 어린나이에 성공하셔서 부러워요.",
          "summary": "",
          "date": "2022-11-03",
          "time": "08:19:51",
          "terminate": "false"
        },
        {
          "speaker": "speaker2",
          "personaID": "24323",
          "participantID": "1152",
          "utterance": "저는 이제 1년차입니다 그래서 저도 힘들다는게 공감이되네요!",
          "summary": "나는 근무한 지 1년 차이다.",
          "date": "2022-11-03",
          "time": "08:20:08",
          "terminate": "false"
        },
        {
          "speaker": "speaker1",
          "personaID": "31660",
          "participantID": "1115",
          "utterance": "집에서 의사가 나왔으니ㅎㅎ가족들이 엄청 좋아하시겠어요.",
          "summary": "",
          "date": "2022-11-03",
          "time": "08:20:30",
          "terminate": "false"
        },
        {
          "speaker": "speaker2",
          "personaID": "24323",
          "participantID": "1152",
          "utterance": "아니예요~ 저도 빨리 경력이쌓여서 개인병원하고 시네요!",
          "summary": "나는 경력이 쌓여서 개인병원을 하고 싶다.",
          "date": "2022-11-03",
          "time": "08:20:49",
          "terminate": "false"
        },
        {
          "speaker": "speaker1",
          "personaID": "31660",
          "participantID": "1115",
          "utterance": "분명 잘 할 수 있을 거예요~ 근데 선생님은 공부하느라 아르바이트 이런 것도 경험이 없겠네요?ㅠㅠ.",
          "summary": "",
          "date": "2022-11-03",
          "time": "08:21:06",
          "terminate": "false"
        },
        {
          "speaker": "speaker2",
          "personaID": "24323",
          "participantID": "1152",
          "utterance": "네 저는 아르바이트를 한번도 해본적이없어요! 선생님은 해보셨나요?",
          "summary": "나는 아르바이트를 해본 적이 없다.",
          "date": "2022-11-03",
          "time": "08:21:36",
          "terminate": "false"
        },
        {
          "speaker": "speaker1",
          "personaID": "31660",
          "participantID": "1115",
          "utterance": "아 저는 20대때 진짜 안해본 일이 없죠! 택배 상하차 아르바이트도 해봤답니다~",
          "summary": "나는 안 해본 아르바이트가 없다. 나는 택배 상하차 아르바트를 해봤다.",
          "date": "2022-11-03",
          "time": "08:21:51",
          "terminate": "false"
        },
        {
          "speaker": "speaker2",
          "personaID": "24323",
          "participantID": "1152",
          "utterance": "앗정말요? 어떠셨나요? 알바 많이 힘든가요? 고생하셨네요!",
          "summary": "",
          "date": "2022-11-03",
          "time": "08:22:10",
          "terminate": "false"
        },
        {
          "speaker": "speaker1",
          "personaID": "31660",
          "participantID": "1115",
          "utterance": "엄청 힘들었죠ㅠㅠ 근데 저 집 도착해가지구 얼른 씻고 밥먹어야겠어요^^",
          "summary": "",
          "date": "2022-11-03",
          "time": "08:22:28",
          "terminate": "false"
        },
        {
          "speaker": "speaker2",
          "personaID": "24323",
          "participantID": "1152",
          "utterance": "네 그럼 식사 맛있게 드시고 나중에 또 연락주세요^^",
          "summary": "",
          "date": "2022-11-03",
          "time": "08:22:40",
          "terminate": "true"
        }
      ],
      "sessionPersonaSummary": {
        "speaker1": [
          "나는 야근하느라 밥을 못 먹었다.",
          "나는 열정 페이로 근무한다.",
          "나는 안 해본 아르바이트가 없다. 나는 택배 상하차 아르바트를 해봤다."
        ],
        "speaker2": [
          "나는 오늘 환자들이 너무 많았다.",
          "나는 근무한 지 1년 차이다.",
          "나는 경력이 쌓여서 개인병원을 하고 싶다.",
          "나는 아르바이트를 해본 적이 없다."
        ]
      },
      "prevAggregatedpersonaSummary": {
        "speaker1": [
          "나는 30대 여자이다.",
          "나는 점심에 책을 읽는다.",
          "나는 미술품 감정사이다.",
          "나는 음악 듣는 것을 좋아한다.",
          "나는 로큰롤 음악을 자주 듣는다."
        ],
        "speaker2": [
          "나는 20대 여자이다.",
          "나는 오렌지를 안 먹는다.",
          "나는 치과의 사이다.",
          "나는 콘솔게임을 자주 한다.",
          "나는 춤추는 게임을 한다.",
          "나는 요즘, 종종 신이 난다."
        ]
      }
    },
    {
      "prevSessionID": "3-00554-2",
      "prevTimeInfo": {
        "timeNum": "3",
        "timeUnit": "일"
      },
      "nthSession": "3",
      "numberOfUtterances": "18",
      "numberOfTurns": "9",
      "sessionID": "3-00554-3",
      "dialog": [
        {
          "speaker": "speaker1",
          "personaID": "31660",
          "participantID": "1115",
          "utterance": "3일만에 다시 연락드리네요~ 주말 어떻게 보내고 계세요?",
          "summary": "",
          "date": "2022-11-03",
          "time": "08:22:45",
          "terminate": "false"
        },
        {
          "speaker": "speaker2",
          "personaID": "24323",
          "participantID": "1152",
          "utterance": "저는 오늘 주말이라 푹 쉬려구요! 하하.",
          "summary": "나는 주말에 푹 쉴 것이다.",
          "date": "2022-11-03",
          "time": "08:22:59",
          "terminate": "false"
        },
        {
          "speaker": "speaker1",
          "personaID": "31660",
          "participantID": "1115",
          "utterance": "주말답게 보내시는군요^^ 저는 뭘 먹을지 고민하고 있었어요ㅎㅎ.",
          "summary": "나는 뭘 먹을지 고민하고 있었다.",
          "date": "2022-11-03",
          "time": "08:23:13",
          "terminate": "false"
        },
        {
          "speaker": "speaker2",
          "personaID": "24323",
          "participantID": "1152",
          "utterance": "저도 오늘은 맛있는거 먹고싶은데! 뭘먹어야 좋을까요?",
          "summary": "",
          "date": "2022-11-03",
          "time": "08:23:26",
          "terminate": "false"
        },
        {
          "speaker": "speaker1",
          "personaID": "31660",
          "participantID": "1115",
          "utterance": "음~ 한식 좋아하세요? 김치찌개 어때요?ㅎㅎ.",
          "summary": "",
          "date": "2022-11-03",
          "time": "08:23:35",
          "terminate": "false"
        },
        {
          "speaker": "speaker2",
          "personaID": "24323",
          "participantID": "1152",
          "utterance": "네! 저는 채소를 참 좋아해요! 선생님님은 어떤가요?",
          "summary": "",
          "date": "2022-11-03",
          "time": "08:23:53",
          "terminate": "false"
        },
        {
          "speaker": "speaker1",
          "personaID": "31660",
          "participantID": "1115",
          "utterance": "제 나이에 친구들은 밥 먹을거 없으면 나물 이것 저것 넣고 비빔밥 먹는다는데 저는 비빔밥을 안 먹어요ㅎㅎ.",
          "summary": "나는 비빔밥을 안 먹는다.",
          "date": "2022-11-03",
          "time": "08:24:28",
          "terminate": "false"
        },
        {
          "speaker": "speaker2",
          "personaID": "24323",
          "participantID": "1152",
          "utterance": "앗정말요? 왜요? 맛있지않나요? 저는 콩나물 비빔밥 좋아하거든요!",
          "summary": "나는 콩나물 비빔밥을 좋아한다.",
          "date": "2022-11-03",
          "time": "08:24:54",
          "terminate": "false"
        },
        {
          "speaker": "speaker1",
          "personaID": "31660",
          "participantID": "1115",
          "utterance": "저는 음식이 섞이는게 뭔가 좀..... 역하게 느껴져요..하하 별나죠?",
          "summary": "",
          "date": "2022-11-03",
          "time": "08:25:31",
          "terminate": "false"
        },
        {
          "speaker": "speaker2",
          "personaID": "24323",
          "participantID": "1152",
          "utterance": "아니요 그럴수있죠! 선생님은 매운음식 좋아하세요?",
          "summary": "",
          "date": "2022-11-03",
          "time": "08:25:39",
          "terminate": "false"
        },
        {
          "speaker": "speaker1",
          "personaID": "31660",
          "participantID": "1115",
          "utterance": "오~ 매운 음식은 진짜 좋아해요!! 오늘 떡볶이나 시켜먹을까요?ㅎㅎ.",
          "summary": "나는 매운 음식을 좋아한다.",
          "date": "2022-11-03",
          "time": "08:25:53",
          "terminate": "false"
        },
        {
          "speaker": "speaker2",
          "personaID": "24323",
          "participantID": "1152",
          "utterance": "마라탕이나 마라샹궈 어떠세요? 제 최애음식이거든요!",
          "summary": "나는 마라탕, 마라샹궈가 최애 음식이다.",
          "date": "2022-11-03",
          "time": "08:26:14",
          "terminate": "false"
        },
        {
          "speaker": "speaker1",
          "personaID": "31660",
          "participantID": "1115",
          "utterance": "한번도 안 먹어봤는데~ 한번 도전해볼게요! 체인 맛집 아는 곳 있어요?ㅎㅎ.",
          "summary": "",
          "date": "2022-11-03",
          "time": "08:26:30",
          "terminate": "false"
        },
        {
          "speaker": "speaker2",
          "personaID": "24323",
          "participantID": "1152",
          "utterance": "상상챈마라탕이라고 있는데 배달 한번 시켜먹어보세요!",
          "summary": "",
          "date": "2022-11-03",
          "time": "08:26:44",
          "terminate": "false"
        },
        {
          "speaker": "speaker1",
          "personaID": "31660",
          "participantID": "1115",
          "utterance": "알겠어요!! 근데 선생님은 뭐 드시려구요?ㅎㅎ저만.. 메뉴를 정했네요?",
          "summary": "",
          "date": "2022-11-03",
          "time": "08:27:01",
          "terminate": "false"
        },
        {
          "speaker": "speaker2",
          "personaID": "24323",
          "participantID": "1152",
          "utterance": "저도 마라탕 먹으려구요! 갑자기 침고이는데요?",
          "summary": "",
          "date": "2022-11-03",
          "time": "08:27:14",
          "terminate": "false"
        },
        {
          "speaker": "speaker1",
          "personaID": "31660",
          "participantID": "1115",
          "utterance": "오우~ 좋아요^^그럼 각자 밥먹고 대화 마저 나눠요~",
          "summary": "",
          "date": "2022-11-03",
          "time": "08:27:26",
          "terminate": "false"
        },
        {
          "speaker": "speaker2",
          "personaID": "24323",
          "participantID": "1152",
          "utterance": "그럼 저 주문하러 가볼게요! 또 대화해요^^",
          "summary": "",
          "date": "2022-11-03",
          "time": "08:27:31",
          "terminate": "true"
        }
      ],
      "sessionPersonaSummary": {
        "speaker1": [
          "나는 뭘 먹을지 고민하고 있었다.",
          "나는 비빔밥을 안 먹는다.",
          "나는 매운 음식을 좋아한다."
        ],
        "speaker2": [
          "나는 주말에 푹 쉴 것이다.",
          "나는 콩나물 비빔밥을 좋아한다.",
          "나는 마라탕, 마라샹궈가 최애 음식이다."
        ]
      },
      "prevAggregatedpersonaSummary": {
        "speaker1": [
          "나는 30대 여자이다.",
          "나는 점심에 책을 읽는다.",
          "나는 미술품 감정사이다.",
          "나는 음악 듣는 것을 좋아한다.",
          "나는 로큰롤 음악을 자주 듣는다.",
          "나는 야근하느라 밥을 못 먹었다.",
          "나는 열정 페이로 근무한다.",
          "나는 안 해본 아르바이트가 없다. 나는 택배 상하차 아르바트를 해봤다."
        ],
        "speaker2": [
          "나는 20대 여자이다.",
          "나는 오렌지를 안 먹는다.",
          "나는 치과의 사이다.",
          "나는 콘솔게임을 자주 한다.",
          "나는 춤추는 게임을 한다.",
          "나는 요즘, 종종 신이 난다.",
          "나는 오늘 환자들이 너무 많았다.",
          "나는 근무한 지 1년 차이다.",
          "나는 경력이 쌓여서 개인병원을 하고 싶다.",
          "나는 아르바이트를 해본 적이 없다."
        ]
      }
    }
  ]
}