{
  "FileInfo": {
    "filename": "K3-00172-CL30418-CP35503-11-05-S3.json",
    "sessionLevel": "3"
  },
  "participantsInfo": {
    "numberOfParticipants": "2",
    "speaker1": {
      "participantID": "3900",
      "gender": "남성",
      "age": "40대",
      "occupation": "서비스직",
      "bPlace": "서울/경기/인천",
      "gPlace": "서울/경기/인천",
      "rPlace": "서울/경기/인천",
      "educationLevel": "대졸"
    },
    "speaker2": {
      "participantID": "6453",
      "gender": "여성",
      "age": "20대",
      "occupation": "학생",
      "bPlace": "대전/세종/충청/강원",
      "gPlace": "대전/세종/충청/강원",
      "rPlace": "대전/세종/충청/강원",
      "educationLevel": "고졸"
    }
  },
  "multisessionInfo": {
    "multisessionID": "3-00172"
  },
  "personaInfo": {
    "clInfo": {
      "personaID": "30418",
      "personaFeatures": [
        "나는 남자이다.",
        "나는 30대이다.",
        "나는 통역가이다",
        "나는 일이 귀찮다",
        "나는 소주를 좋아한다"
      ],
      "speakerType": "speaker1"
    },
    "cpInfo": {
      "personaID": "35503",
      "personaFeatures": [
        "나는 여자이다.",
        "나는 30대이다.",
        "나의 거주지는 경기도이다",
        "나는 자전거를 자주 탄다",
        "나는 TV 애니메이션을 좋아한다",
        "나는 혈액형이 B형이다"
      ],
      "speakerType": "speaker2"
    }
  },
  "topicInfo": {
    "topicID": "11-05",
    "topicType": "여가와 오락>게임",
    "topicTitle": "모바일게임"
  },
  "sessionInfo": [
    {
      "prevSessionID": null,
      "prevTimeInfo": {
        "timeNum": null,
        "timeUnit": null
      },
      "nthSession": "1",
      "numberOfUtterances": "14",
      "numberOfTurns": "7",
      "sessionID": "3-00172-1",
      "dialog": [
        {
          "speaker": "speaker1",
          "personaID": "30418",
          "participantID": "3900",
          "utterance": "안녕하세요. 30대 남성입니다.",
          "summary": "나는 30대 남성이다",
          "date": "2022-11-29",
          "time": "09:35:03",
          "terminate": "false"
        },
        {
          "speaker": "speaker2",
          "personaID": "35503",
          "participantID": "6453",
          "utterance": " 안녕하세요 저는 경기도에 거주하는 30대 여성입니다",
          "summary": "나는 경기도에 거주하는 30대 여성이다.",
          "date": "2022-11-29",
          "time": "09:35:26",
          "terminate": "false"
        },
        {
          "speaker": "speaker1",
          "personaID": "30418",
          "participantID": "3900",
          "utterance": "저는 통역가 입니다. 무슨일 하세요?",
          "summary": "나는 통역가이다",
          "date": "2022-11-29",
          "time": "09:35:42",
          "terminate": "false"
        },
        {
          "speaker": "speaker2",
          "personaID": "35503",
          "participantID": "6453",
          "utterance": "저는 사회복지사에요 혈액형이 어떻게 되시나요? 저는 혈액형이 B형이에요 ",
          "summary": "나는 사회복지사이다.",
          "date": "2022-11-29",
          "time": "11:02:55",
          "terminate": "false"
        },
        {
          "speaker": "speaker1",
          "personaID": "30418",
          "participantID": "3900",
          "utterance": "저는 o형이에요. 저는 하는 일이 귀찮아요. 요즘 스트레스에요.",
          "summary": "나는 요즘 하는 일이 귀찮아 스트레스를 받는다",
          "date": "2022-11-29",
          "time": "11:23:02",
          "terminate": "false"
        },
        {
          "speaker": "speaker2",
          "personaID": "35503",
          "participantID": "6453",
          "utterance": "스트레스 받으시면 어떻게 해결하세요? 저는 자전거를 자주 타요",
          "summary": "나는 스트레스받으면 자전거를 탄다.",
          "date": "2022-11-29",
          "time": "12:18:42",
          "terminate": "false"
        },
        {
          "speaker": "speaker1",
          "personaID": "30418",
          "participantID": "3900",
          "utterance": "그러시군요. 자전거 운동에 좋아요. 저는 소주를 좋아해요. 소주 좋아하세요?",
          "summary": "나는 소주를 좋아한다",
          "date": "2022-11-29",
          "time": "12:24:40",
          "terminate": "false"
        },
        {
          "speaker": "speaker2",
          "personaID": "35503",
          "participantID": "6453",
          "utterance": "술은 잘 안 마셔요 주량은 어떻게 되시나요",
          "summary": "나는 술을 잘 안 마신다.",
          "date": "2022-11-29",
          "time": "16:35:32",
          "terminate": "false"
        },
        {
          "speaker": "speaker1",
          "personaID": "30418",
          "participantID": "3900",
          "utterance": "저는 한병 반 정도 마시는거 같아요. 더 이상 먹으면 잠들어버려요. ",
          "summary": "",
          "date": "2022-11-29",
          "time": "18:51:53",
          "terminate": "false"
        },
        {
          "speaker": "speaker2",
          "personaID": "35503",
          "participantID": "6453",
          "utterance": " 그래도 무난한 주사이시네요 ㅎㅎ",
          "summary": "나는 잠자는 주사가 무난하다고 생각한다.",
          "date": "2022-11-29",
          "time": "19:38:58",
          "terminate": "false"
        },
        {
          "speaker": "speaker1",
          "personaID": "30418",
          "participantID": "3900",
          "utterance": "친구들이랑 마시면 긴장이 풀려서 그런지 더 빨리 잠에 들어버려요. 중요한 술자리에는 정신차리고 있어야 하니 그게 너무 힘드네요.",
          "summary": "",
          "date": "2022-11-29",
          "time": "20:09:18",
          "terminate": "false"
        },
        {
          "speaker": "speaker2",
          "personaID": "35503",
          "participantID": "6453",
          "utterance": " 그럴것 같아요 저는 TV애니메이션 좋아하는데 어떠세요?",
          "summary": "\n나는 tv 애니메이션을 좋아한다.",
          "date": "2022-11-29",
          "time": "20:58:17",
          "terminate": "false"
        },
        {
          "speaker": "speaker1",
          "personaID": "30418",
          "participantID": "3900",
          "utterance": "저도 애니메이션 좋아해요. 일본애니든 디즈니든 다 좋아해요. 보고 있으면 동심으로 빠질때도 있고 유치하게 힘싸움하는것도 재미있고요. 벌써 시간이 이렇게 됐네요.\n",
          "summary": "나는 애니메이션을 좋아한다",
          "date": "2022-11-29",
          "time": "21:17:59",
          "terminate": "false"
        },
        {
          "speaker": "speaker2",
          "personaID": "35503",
          "participantID": "6453",
          "utterance": "그러게요 저는 일이 생겨서 가볼게요",
          "summary": "",
          "date": "2022-11-29",
          "time": "21:48:18",
          "terminate": "true"
        }
      ],
      "sessionPersonaSummary": {
        "speaker1": [
          "나는 30대 남성이다",
          "나는 통역가이다",
          "나는 요즘 하는 일이 귀찮아 스트레스를 받는다",
          "나는 소주를 좋아한다",
          "나는 애니메이션을 좋아한다"
        ],
        "speaker2": [
          "나는 경기도에 거주하는 30대 여성이다.",
          "나는 사회복지사이다.",
          "나는 스트레스받으면 자전거를 탄다.",
          "나는 술을 잘 안 마신다.",
          "나는 잠자는 주사가 무난하다고 생각한다.",
          "\n나는 tv 애니메이션을 좋아한다."
        ]
      },
      "prevAggregatedpersonaSummary": {
        "speaker1": [],
        "speaker2": []
      }
    },
    {
      "prevSessionID": "3-00172-1",
      "prevTimeInfo": {
        "timeNum": "5",
        "timeUnit": "주"
      },
      "nthSession": "2",
      "numberOfUtterances": "14",
      "numberOfTurns": "7",
      "sessionID": "3-00172-2",
      "dialog": [
        {
          "speaker": "speaker1",
          "personaID": "30418",
          "participantID": "3900",
          "utterance": "안녕하세요. 5주만이네요. 잘지내셨어요?",
          "summary": "",
          "date": "2022-11-29",
          "time": "22:09:46",
          "terminate": "false"
        },
        {
          "speaker": "speaker2",
          "personaID": "35503",
          "participantID": "6453",
          "utterance": " 네 잘 지냈습니다 뭐하고 지내셨나요",
          "summary": "",
          "date": "2022-11-29",
          "time": "23:42:05",
          "terminate": "false"
        },
        {
          "speaker": "speaker1",
          "personaID": "30418",
          "participantID": "3900",
          "utterance": "저는 최근에 모바일게임을 접해서 즐기고 있어요.  혹시 모바일 게임 좋아하시나요? ",
          "summary": "나는 최근 모바일 게임을 즐기고 있다",
          "date": "2022-11-30",
          "time": "00:27:57",
          "terminate": "false"
        },
        {
          "speaker": "speaker2",
          "personaID": "35503",
          "participantID": "6453",
          "utterance": " 저는 생존게임 좋아해서 하고있어요!",
          "summary": "나는 생존게임을 좋아한다.",
          "date": "2022-11-30",
          "time": "12:36:45",
          "terminate": "false"
        },
        {
          "speaker": "speaker1",
          "personaID": "30418",
          "participantID": "3900",
          "utterance": "그러시군요. 저는 부르마블을 간단하게 하고 있었요. 시간가는 줄 모르겠어요. 시간 떼우기 좋은거 같아요.",
          "summary": "나는 브루마블을 한다",
          "date": "2022-11-30",
          "time": "13:46:58",
          "terminate": "false"
        },
        {
          "speaker": "speaker2",
          "personaID": "35503",
          "participantID": "6453",
          "utterance": " 모바일 브루마블이요?      ",
          "summary": "",
          "date": "2022-11-30",
          "time": "13:47:51",
          "terminate": "false"
        },
        {
          "speaker": "speaker1",
          "personaID": "30418",
          "participantID": "3900",
          "utterance": "네 맞습니다. 보드게임 이것 저것 하고 있어요. 오목도 두고요. 새로운 상대방이랑 보드를 게임을 해서 제가 이길때면 쾌락도 있고 좋아요.",
          "summary": "나는 보드게임을 해서 이기면 쾌락을 느낀다",
          "date": "2022-11-30",
          "time": "13:50:07",
          "terminate": "false"
        },
        {
          "speaker": "speaker2",
          "personaID": "35503",
          "participantID": "6453",
          "utterance": " 아 저도 보드게임 진짜 좋아해요 동호회 들어가고 싶어요!",
          "summary": "나는 보드게임을 좋아해서 동호회에 들어가고 싶다.",
          "date": "2022-11-30",
          "time": "13:55:24",
          "terminate": "false"
        },
        {
          "speaker": "speaker1",
          "personaID": "30418",
          "participantID": "3900",
          "utterance": "인터넷카페가보면 주기적으로 정모도 하고 재미있게 모바일 게임을 즐기시더라고요. 카페 한 번 알아보세요.",
          "summary": "",
          "date": "2022-11-30",
          "time": "14:07:35",
          "terminate": "false"
        },
        {
          "speaker": "speaker2",
          "personaID": "35503",
          "participantID": "6453",
          "utterance": " 네 그래야겠어요 클루 아세요?",
          "summary": "",
          "date": "2022-11-30",
          "time": "14:08:57",
          "terminate": "false"
        },
        {
          "speaker": "speaker1",
          "personaID": "30418",
          "participantID": "3900",
          "utterance": "클루는 보드게임이네요. 저는 잘몰라서 찾아봤어요. 재미있나요?",
          "summary": "",
          "date": "2022-11-30",
          "time": "14:13:09",
          "terminate": "false"
        },
        {
          "speaker": "speaker2",
          "personaID": "35503",
          "participantID": "6453",
          "utterance": " 네 모바일로도 있는데 초반엔 ai랑 해도 재밌더니 나중엔 아쉽더라구요",
          "summary": "나는 클루라는 보드게임을 재미있게 즐겼다.",
          "date": "2022-11-30",
          "time": "14:16:43",
          "terminate": "false"
        },
        {
          "speaker": "speaker1",
          "personaID": "30418",
          "participantID": "3900",
          "utterance": "한번 도전 해봐야겠습니다. 감사합니다. 오늘 이야기 재미있었어요.",
          "summary": "",
          "date": "2022-11-30",
          "time": "14:17:09",
          "terminate": "false"
        },
        {
          "speaker": "speaker2",
          "personaID": "35503",
          "participantID": "6453",
          "utterance": " 네 저도 재미있었습니다 일이 생겨서 가볼게요",
          "summary": "",
          "date": "2022-11-30",
          "time": "14:18:06",
          "terminate": "true"
        }
      ],
      "sessionPersonaSummary": {
        "speaker1": [
          "나는 최근 모바일 게임을 즐기고 있다",
          "나는 브루마블을 한다",
          "나는 보드게임을 해서 이기면 쾌락을 느낀다"
        ],
        "speaker2": [
          "나는 생존게임을 좋아한다.",
          "나는 보드게임을 좋아해서 동호회에 들어가고 싶다.",
          "나는 클루라는 보드게임을 재미있게 즐겼다."
        ]
      },
      "prevAggregatedpersonaSummary": {
        "speaker1": [
          "나는 30대 남성이다",
          "나는 통역가이다",
          "나는 요즘 하는 일이 귀찮아 스트레스를 받는다",
          "나는 소주를 좋아한다",
          "나는 애니메이션을 좋아한다"
        ],
        "speaker2": [
          "나는 경기도에 거주하는 30대 여성이다.",
          "나는 사회복지사이다.",
          "나는 스트레스받으면 자전거를 탄다.",
          "나는 술을 잘 안 마신다.",
          "나는 잠자는 주사가 무난하다고 생각한다.",
          "\n나는 tv 애니메이션을 좋아한다."
        ]
      }
    },
    {
      "prevSessionID": "3-00172-2",
      "prevTimeInfo": {
        "timeNum": "5",
        "timeUnit": "주"
      },
      "nthSession": "3",
      "numberOfUtterances": "14",
      "numberOfTurns": "7",
      "sessionID": "3-00172-3",
      "dialog": [
        {
          "speaker": "speaker1",
          "personaID": "30418",
          "participantID": "3900",
          "utterance": "안녕하세요. 5주만이네요. 잘지내셨어요? 아직 통역가일이 귀찮네요.",
          "summary": "",
          "date": "2022-11-30",
          "time": "16:24:16",
          "terminate": "false"
        },
        {
          "speaker": "speaker2",
          "personaID": "35503",
          "participantID": "6453",
          "utterance": " 잘 지냈습니다 시간이 벌써 이렇게 됐네요",
          "summary": "",
          "date": "2022-11-30",
          "time": "16:25:23",
          "terminate": "false"
        },
        {
          "speaker": "speaker1",
          "personaID": "30418",
          "participantID": "3900",
          "utterance": "그러게요. 날씨도 많이 추워졌어요. 저는 사실 작년에 돈을 쓰는 rpg 게임을 했다가 수백만원을 썼던 적이있어요. 경쟁게임이다보니 계속 좋은 장비와 방어구를 캐시를 주고 구입해야 하더라고요.",
          "summary": "나는 rpg게임에 수백만 원을 썼었다",
          "date": "2022-11-30",
          "time": "16:28:25",
          "terminate": "false"
        },
        {
          "speaker": "speaker2",
          "personaID": "35503",
          "participantID": "6453",
          "utterance": " 와 게임에 상당히 진심이셨나봐요",
          "summary": "나는 상대가 모바일 게임에 대해 진지하다고 생각한다.",
          "date": "2022-11-30",
          "time": "16:36:09",
          "terminate": "false"
        },
        {
          "speaker": "speaker1",
          "personaID": "30418",
          "participantID": "3900",
          "utterance": "모바일게임하다보니 저도 모르게 돈을 쓰고 있더라고요. 이런 과금시스템을 가지고 있는 모바일게임이 요즘 많아요. 조심해야 돼요.",
          "summary": "",
          "date": "2022-11-30",
          "time": "16:36:55",
          "terminate": "false"
        },
        {
          "speaker": "speaker2",
          "personaID": "35503",
          "participantID": "6453",
          "utterance": " 맞아요 어린친구들은 훨씬 유혹을 견디기 어렵겠어요",
          "summary": "나는 어린아이들이 모바일 게임의 유혹을 견디기 어렵다고 생각한다.",
          "date": "2022-11-30",
          "time": "16:37:35",
          "terminate": "false"
        },
        {
          "speaker": "speaker1",
          "personaID": "30418",
          "participantID": "3900",
          "utterance": "맞아요. 부모님 신용카드로 결제를 하는 아이들도 많다고 하더라고요. 뒤늦게 부모가 알게돼서 게임사에 연락하는 일도 많고요. 아이들한테도 모바일 게임하는 것에 대해 교육시켜야 하겠어요.",
          "summary": "",
          "date": "2022-11-30",
          "time": "16:40:01",
          "terminate": "false"
        },
        {
          "speaker": "speaker2",
          "personaID": "35503",
          "participantID": "6453",
          "utterance": "  맞아요 그 게임은 무과금은 어려운게임인가요",
          "summary": "나는 모바일 게임에 돈을 들이지 않지 않으면 안 되는 게 의구심을 가지고 있다.\n",
          "date": "2022-11-30",
          "time": "16:48:02",
          "terminate": "false"
        },
        {
          "speaker": "speaker1",
          "personaID": "30418",
          "participantID": "3900",
          "utterance": "남들보다 더 쎄지고 싶다는 인간의 심리를 잘 파고드는거 같아요. 과금을 해야 남들에게 싸움에서 지지 않으니 상대보다 더 과금을 해야 게임을 이어 나갈 수 있어요. 도박같아요. 중독도 심하고요.",
          "summary": "",
          "date": "2022-11-30",
          "time": "16:50:43",
          "terminate": "false"
        },
        {
          "speaker": "speaker2",
          "personaID": "35503",
          "participantID": "6453",
          "utterance": " 아아 그렇군요 저는 혼자 무인도에서 자원캐서 살아남는 그런게임 좋아해서 잘 몰랐네요!",
          "summary": "나는 무인도에서 자원 캐서 살아남는 게임을 좋아한다.",
          "date": "2022-11-30",
          "time": "16:51:38",
          "terminate": "false"
        },
        {
          "speaker": "speaker1",
          "personaID": "30418",
          "participantID": "3900",
          "utterance": "저도 이제 과금하는 게임은 안하려고요. 너무 상술같아요. 결국에는 돈만 날리는거 같아요. 재미도 없고요.",
          "summary": "나는 이제 과금 게임은 하지 않을 것이다",
          "date": "2022-11-30",
          "time": "17:15:23",
          "terminate": "false"
        },
        {
          "speaker": "speaker2",
          "personaID": "35503",
          "participantID": "6453",
          "utterance": " 맞아요 게임은 너무 딥하게 가면 더 어렵죠",
          "summary": "나는 게임을 너무 깊게 빠지면 안 된다고 생각한다.",
          "date": "2022-11-30",
          "time": "17:27:22",
          "terminate": "false"
        },
        {
          "speaker": "speaker1",
          "personaID": "30418",
          "participantID": "3900",
          "utterance": "오늘 이야기 유익했어요. 다음에 또 대화해요.",
          "summary": "",
          "date": "2022-11-30",
          "time": "17:28:22",
          "terminate": "false"
        },
        {
          "speaker": "speaker2",
          "personaID": "35503",
          "participantID": "6453",
          "utterance": " 좋아요 다음에 봬요 가보겠습니다",
          "summary": "",
          "date": "2022-11-30",
          "time": "17:29:32",
          "terminate": "true"
        }
      ],
      "sessionPersonaSummary": {
        "speaker1": [
          "나는 rpg게임에 수백만 원을 썼었다",
          "나는 이제 과금 게임은 하지 않을 것이다"
        ],
        "speaker2": [
          "나는 상대가 모바일 게임에 대해 진지하다고 생각한다.",
          "나는 어린아이들이 모바일 게임의 유혹을 견디기 어렵다고 생각한다.",
          "나는 모바일 게임에 돈을 들이지 않지 않으면 안 되는 게 의구심을 가지고 있다.\n",
          "나는 무인도에서 자원 캐서 살아남는 게임을 좋아한다.",
          "나는 게임을 너무 깊게 빠지면 안 된다고 생각한다."
        ]
      },
      "prevAggregatedpersonaSummary": {
        "speaker1": [
          "나는 30대 남성이다",
          "나는 통역가이다",
          "나는 요즘 하는 일이 귀찮아 스트레스를 받는다",
          "나는 소주를 좋아한다",
          "나는 애니메이션을 좋아한다",
          "나는 최근 모바일 게임을 즐기고 있다",
          "나는 브루마블을 한다",
          "나는 보드게임을 해서 이기면 쾌락을 느낀다"
        ],
        "speaker2": [
          "나는 경기도에 거주하는 30대 여성이다.",
          "나는 사회복지사이다.",
          "나는 스트레스받으면 자전거를 탄다.",
          "나는 술을 잘 안 마신다.",
          "나는 잠자는 주사가 무난하다고 생각한다.",
          "\n나는 tv 애니메이션을 좋아한다.",
          "나는 생존게임을 좋아한다.",
          "나는 보드게임을 좋아해서 동호회에 들어가고 싶다.",
          "나는 클루라는 보드게임을 재미있게 즐겼다."
        ]
      }
    }
  ]
}