{
  "FileInfo": {
    "filename": "K3-00282-CL25768-CP61930-02-02-S3.json",
    "sessionLevel": "3"
  },
  "participantsInfo": {
    "numberOfParticipants": "2",
    "speaker1": {
      "participantID": "3833",
      "gender": "여성",
      "age": "20대",
      "occupation": "전문직",
      "bPlace": "대전/세종/충청/강원",
      "gPlace": "대전/세종/충청/강원",
      "rPlace": "대전/세종/충청/강원",
      "educationLevel": "대졸"
    },
    "speaker2": {
      "participantID": "3784",
      "gender": "여성",
      "age": "50대",
      "occupation": "교직",
      "bPlace": "서울/경기/인천",
      "gPlace": "서울/경기/인천",
      "rPlace": "서울/경기/인천",
      "educationLevel": "대졸"
    }
  },
  "multisessionInfo": {
    "multisessionID": "3-00282"
  },
  "personaInfo": {
    "clInfo": {
      "personaID": "25768",
      "personaFeatures": [
        "나는 여자이다.",
        "나는 20대이다.",
        "나의 거주지는 익산이다",
        "나는 안마사이다",
        "나는 음악 영화를 가끔 본다",
        "나는 인도 음식을 즐겨 먹는다",
        "나는 체험 여행을 자주 간다"
      ],
      "speakerType": "speaker1"
    },
    "cpInfo": {
      "personaID": "61930",
      "personaFeatures": [
        "나는 여자이다.",
        "나는 60대 이상이다.",
        "나는 다소 소극적이다",
        "나는 오전에 등산을 간다",
        "나는 요리를 다른 사람에게 자주 해 준다"
      ],
      "speakerType": "speaker2"
    }
  },
  "topicInfo": {
    "topicID": "02-02",
    "topicType": "주거와 생활",
    "topicTitle": "아파트"
  },
  "sessionInfo": [
    {
      "prevSessionID": null,
      "prevTimeInfo": {
        "timeNum": null,
        "timeUnit": null
      },
      "nthSession": "1",
      "numberOfUtterances": "14",
      "numberOfTurns": "7",
      "sessionID": "3-00282-1",
      "dialog": [
        {
          "speaker": "speaker1",
          "personaID": "25768",
          "participantID": "3833",
          "utterance": "안녕하세요 저눈 익산사는 20대 여성입니다",
          "summary": "나는 익산에 사는 20대 여성이다",
          "date": "2022-11-12",
          "time": "02:25:50",
          "terminate": "false"
        },
        {
          "speaker": "speaker2",
          "personaID": "61930",
          "participantID": "3784",
          "utterance": "안녕하세요 저는 60대여성입니다..주말 오전에는 등산을 가요...산을 좋아합니다",
          "summary": "나는 주말 오전에 등산을 간다",
          "date": "2022-11-12",
          "time": "02:57:00",
          "terminate": "false"
        },
        {
          "speaker": "speaker1",
          "personaID": "25768",
          "participantID": "3833",
          "utterance": "와 등산 멋져요 저는 체험여행을 자주가요 좋아하는 음식은 있으세뇨?",
          "summary": "나는 체험여행을 자주 간다",
          "date": "2022-11-12",
          "time": "02:58:56",
          "terminate": "false"
        },
        {
          "speaker": "speaker2",
          "personaID": "61930",
          "participantID": "3784",
          "utterance": "다 잘먹어요.특히 다른사람에게 요리해주는걸 좋아해서 자주 요리를 합니다.",
          "summary": "나는 다 잘 먹는다",
          "date": "2022-11-12",
          "time": "10:09:40",
          "terminate": "false"
        },
        {
          "speaker": "speaker1",
          "personaID": "25768",
          "participantID": "3833",
          "utterance": "와 멋져요 저는 안마사에요 안마 받아보셨너요?",
          "summary": "나는 안마사다",
          "date": "2022-11-13",
          "time": "16:20:08",
          "terminate": "false"
        },
        {
          "speaker": "speaker2",
          "personaID": "61930",
          "participantID": "3784",
          "utterance": "안마좋아해요.코로나 전에는 자주 갔었어요.코로나 이후에는 안갔네요..성격이 다소 소극적이라서그런지 처음안마받을때는 부끄러웠어요 ㅋ",
          "summary": "나는 다소 소극적이다\n",
          "date": "2022-11-13",
          "time": "16:30:10",
          "terminate": "false"
        },
        {
          "speaker": "speaker1",
          "personaID": "25768",
          "participantID": "3833",
          "utterance": "그러시구나 저는 인도음식을 즐겨먹어요 혹시 좋아하시나요?",
          "summary": "나는 인도음식을 즐겨먹는다",
          "date": "2022-11-13",
          "time": "21:58:24",
          "terminate": "false"
        },
        {
          "speaker": "speaker2",
          "personaID": "61930",
          "participantID": "3784",
          "utterance": "전 인도음식 별로 안좋아해요.향신료를 그다지 좋아하지않는것같아요.",
          "summary": "나는 인도음식을 안 좋아한다",
          "date": "2022-11-13",
          "time": "21:59:25",
          "terminate": "false"
        },
        {
          "speaker": "speaker1",
          "personaID": "25768",
          "participantID": "3833",
          "utterance": "아 정말요 저는 정말 환장하는데 혹시 영화 좋아하세요 저는 음악영화를 가끔보거든요",
          "summary": "나는 음악영화를 가끔 본다",
          "date": "2022-11-13",
          "time": "22:03:08",
          "terminate": "false"
        },
        {
          "speaker": "speaker2",
          "personaID": "61930",
          "participantID": "3784",
          "utterance": "저도 영화좋아해요.스릴러물이나 추리물 수사극 긴장감있는 영화나 드라마 좋아합니다",
          "summary": "나는 수리 물이나 추리물 영화 드라마를 좋아한다",
          "date": "2022-11-13",
          "time": "22:03:40",
          "terminate": "false"
        },
        {
          "speaker": "speaker1",
          "personaID": "25768",
          "participantID": "3833",
          "utterance": "저도요 시그널을 정말 재미있게 봤거든요 혹시 보셨나요",
          "summary": "나는 시그널을 재미있게 봤다",
          "date": "2022-11-13",
          "time": "22:06:54",
          "terminate": "false"
        },
        {
          "speaker": "speaker2",
          "personaID": "61930",
          "participantID": "3784",
          "utterance": "재방으로 잠깐 본거같은데..재미있나요?추천해주시면 볼까 싶네요",
          "summary": "",
          "date": "2022-11-13",
          "time": "22:07:34",
          "terminate": "false"
        },
        {
          "speaker": "speaker1",
          "personaID": "25768",
          "participantID": "3833",
          "utterance": "네 너무 재미있어요 다들 연기를 너무잘하거든요",
          "summary": "",
          "date": "2022-11-13",
          "time": "22:08:20",
          "terminate": "false"
        },
        {
          "speaker": "speaker2",
          "personaID": "61930",
          "participantID": "3784",
          "utterance": "한번 봐야겠네요...다음에 또 뵙고싶습니다..좋은밤  시간되세요",
          "summary": "",
          "date": "2022-11-13",
          "time": "22:09:25",
          "terminate": "true"
        }
      ],
      "sessionPersonaSummary": {
        "speaker1": [
          "나는 익산에 사는 20대 여성이다",
          "나는 체험여행을 자주 간다",
          "나는 안마사다",
          "나는 인도음식을 즐겨먹는다",
          "나는 음악영화를 가끔 본다",
          "나는 시그널을 재미있게 봤다"
        ],
        "speaker2": [
          "나는 주말 오전에 등산을 간다",
          "나는 다 잘 먹는다",
          "나는 다소 소극적이다\n",
          "나는 인도음식을 안 좋아한다",
          "나는 수리 물이나 추리물 영화 드라마를 좋아한다"
        ]
      },
      "prevAggregatedpersonaSummary": {
        "speaker1": [],
        "speaker2": []
      }
    },
    {
      "prevSessionID": "3-00282-1",
      "prevTimeInfo": {
        "timeNum": "2",
        "timeUnit": "일"
      },
      "nthSession": "2",
      "numberOfUtterances": "14",
      "numberOfTurns": "7",
      "sessionID": "3-00282-2",
      "dialog": [
        {
          "speaker": "speaker1",
          "personaID": "25768",
          "participantID": "3833",
          "utterance": "2일만이네요 혹시 아파트에서 사시나요",
          "summary": "",
          "date": "2022-11-13",
          "time": "22:15:55",
          "terminate": "false"
        },
        {
          "speaker": "speaker2",
          "personaID": "61930",
          "participantID": "3784",
          "utterance": "안녕하세요 2일만이네요.네 전 아파트에 살아요 12층",
          "summary": "나는 아파트에 산다",
          "date": "2022-11-13",
          "time": "22:16:14",
          "terminate": "false"
        },
        {
          "speaker": "speaker1",
          "personaID": "25768",
          "participantID": "3833",
          "utterance": "오 저는 26층에살아요 아파트 생활은 어떠세요",
          "summary": "나는 아파트 26층에 산다",
          "date": "2022-11-13",
          "time": "22:17:00",
          "terminate": "false"
        },
        {
          "speaker": "speaker2",
          "personaID": "61930",
          "participantID": "3784",
          "utterance": "전 아파트가 편해요.결혼전에는 단독주택에 살았는데 난방비도 더 많이 들고 관리가 더 힘들다고 하시는 엄마 말씀을 많이 들었거든요",
          "summary": "나는 아파트가 편하다",
          "date": "2022-11-13",
          "time": "22:18:09",
          "terminate": "false"
        },
        {
          "speaker": "speaker1",
          "personaID": "25768",
          "participantID": "3833",
          "utterance": "맞아요 단독주택은 청소하는것도 너무 힘들고 관리도 힘들어요",
          "summary": "나는 단독주택은 청소하기도 힘들고 관리가 힘들 것 같다",
          "date": "2022-11-13",
          "time": "22:18:43",
          "terminate": "false"
        },
        {
          "speaker": "speaker2",
          "personaID": "61930",
          "participantID": "3784",
          "utterance": "장점도 있긴해요집 마당에 모과나무랑 앵두나무가 있었는데  열매따고 먹는 재미가 있었어요",
          "summary": "",
          "date": "2022-11-13",
          "time": "22:19:39",
          "terminate": "false"
        },
        {
          "speaker": "speaker1",
          "personaID": "25768",
          "participantID": "3833",
          "utterance": "오 정말 맛있겠어요 저는 아파트에서 상추랑 토마토를 키우고싶어요",
          "summary": "나는 아파트에서 상추랑 토마토를 키우고 싶다",
          "date": "2022-11-13",
          "time": "22:21:09",
          "terminate": "false"
        },
        {
          "speaker": "speaker2",
          "personaID": "61930",
          "participantID": "3784",
          "utterance": "아파트 베란다에서도 많이들 키우시더라구요...저희 엄마도 베란다에다 고추랑 방울토마토 심으셨는데 잘 자라더라구요",
          "summary": "나는 엄마가 베란다에 고추랑 방울토마토를 심었다",
          "date": "2022-11-13",
          "time": "22:22:02",
          "terminate": "false"
        },
        {
          "speaker": "speaker1",
          "personaID": "25768",
          "participantID": "3833",
          "utterance": "오 정말요 저도 키우고싶어요 그리고 바질도요",
          "summary": "나는 바질도 키우고 싶다",
          "date": "2022-11-13",
          "time": "22:35:07",
          "terminate": "false"
        },
        {
          "speaker": "speaker2",
          "personaID": "61930",
          "participantID": "3784",
          "utterance": "바질은 잘 자라는것같아요..저도 키워서 요리에 넣어 먹었는데 어느날 죽었어요 ㅋ",
          "summary": "",
          "date": "2022-11-13",
          "time": "22:36:30",
          "terminate": "false"
        },
        {
          "speaker": "speaker1",
          "personaID": "25768",
          "participantID": "3833",
          "utterance": "아 아쉬워요...아파트에서도 여러가지 식물을 키울수 잇었으면 좋겠네뇨",
          "summary": "나는 아파트에서 여러 가지 식물을 키울 수 있었으면 좋겠다",
          "date": "2022-11-13",
          "time": "22:45:47",
          "terminate": "false"
        },
        {
          "speaker": "speaker2",
          "personaID": "61930",
          "participantID": "3784",
          "utterance": "요즘 빌라에는 마당이 있는곳이 더러있어다구요..",
          "summary": "",
          "date": "2022-11-13",
          "time": "22:46:48",
          "terminate": "false"
        },
        {
          "speaker": "speaker1",
          "personaID": "25768",
          "participantID": "3833",
          "utterance": "맞아요 그건 정말 부러워요 저는 다시 청소하러 가볼게요",
          "summary": "",
          "date": "2022-11-13",
          "time": "23:04:17",
          "terminate": "false"
        },
        {
          "speaker": "speaker2",
          "personaID": "61930",
          "participantID": "3784",
          "utterance": "네 다음에 또 만나서 많은 이야기 나눠요.좋은 밤되세요.",
          "summary": "",
          "date": "2022-11-13",
          "time": "23:04:43",
          "terminate": "true"
        }
      ],
      "sessionPersonaSummary": {
        "speaker1": [
          "나는 아파트 26층에 산다",
          "나는 단독주택은 청소하기도 힘들고 관리가 힘들 것 같다",
          "나는 아파트에서 상추랑 토마토를 키우고 싶다",
          "나는 바질도 키우고 싶다",
          "나는 아파트에서 여러 가지 식물을 키울 수 있었으면 좋겠다"
        ],
        "speaker2": [
          "나는 아파트에 산다",
          "나는 아파트가 편하다",
          "나는 엄마가 베란다에 고추랑 방울토마토를 심었다"
        ]
      },
      "prevAggregatedpersonaSummary": {
        "speaker1": [
          "나는 익산에 사는 20대 여성이다",
          "나는 체험여행을 자주 간다",
          "나는 안마사다",
          "나는 인도음식을 즐겨먹는다",
          "나는 음악영화를 가끔 본다",
          "나는 시그널을 재미있게 봤다"
        ],
        "speaker2": [
          "나는 주말 오전에 등산을 간다",
          "나는 다 잘 먹는다",
          "나는 다소 소극적이다\n",
          "나는 인도음식을 안 좋아한다",
          "나는 수리 물이나 추리물 영화 드라마를 좋아한다"
        ]
      }
    },
    {
      "prevSessionID": "3-00282-2",
      "prevTimeInfo": {
        "timeNum": "10",
        "timeUnit": "일"
      },
      "nthSession": "3",
      "numberOfUtterances": "14",
      "numberOfTurns": "7",
      "sessionID": "3-00282-3",
      "dialog": [
        {
          "speaker": "speaker1",
          "personaID": "25768",
          "participantID": "3833",
          "utterance": "10일만이에요 얼마전에는 꿈에 그리던 바질을 아파트 화단에 키웠어요",
          "summary": "나는 꿈에 그리던 바질을 아파트 화단에 키웠다",
          "date": "2022-11-13",
          "time": "23:06:38",
          "terminate": "false"
        },
        {
          "speaker": "speaker2",
          "personaID": "61930",
          "participantID": "3784",
          "utterance": "안녕하세요 10일만이네요..바질향이 너무 좋겠어요.",
          "summary": "",
          "date": "2022-11-13",
          "time": "23:07:14",
          "terminate": "false"
        },
        {
          "speaker": "speaker1",
          "personaID": "25768",
          "participantID": "3833",
          "utterance": "맞아요저는 바질토마토 파스타를 좋아해서 그걸 해먹으려고요 아파트가 좋네요\n",
          "summary": "나는 바질 토마토 파스타를 좋아한다",
          "date": "2022-11-13",
          "time": "23:13:43",
          "terminate": "false"
        },
        {
          "speaker": "speaker2",
          "personaID": "61930",
          "participantID": "3784",
          "utterance": "파스타 맛있죠..전 마늘 넣은오일 파스타 좋아합니다...배고프네요 ㅋ",
          "summary": "나는 마늘 넣은 오일 파스타를 좋아한다",
          "date": "2022-11-13",
          "time": "23:17:05",
          "terminate": "false"
        },
        {
          "speaker": "speaker1",
          "personaID": "25768",
          "participantID": "3833",
          "utterance": "와 저도요 .. 마늘넣은 오일파스타 넘 맛있죠  아파트에서 살면서 불편한점은 없으신가요",
          "summary": "",
          "date": "2022-11-13",
          "time": "23:39:10",
          "terminate": "false"
        },
        {
          "speaker": "speaker2",
          "personaID": "61930",
          "participantID": "3784",
          "utterance": "불편한점은 딱히 없어요.단 층간소음정도?",
          "summary": "",
          "date": "2022-11-13",
          "time": "23:39:50",
          "terminate": "false"
        },
        {
          "speaker": "speaker1",
          "personaID": "25768",
          "participantID": "3833",
          "utterance": "저도요 그리고 아침에 엘레베이터 타는게 오래걸려서 힘들다는점.",
          "summary": "나는 아침에 엘리베이터 타는데 오래 건 린다는 점이 힘들다",
          "date": "2022-11-13",
          "time": "23:41:15",
          "terminate": "false"
        },
        {
          "speaker": "speaker2",
          "personaID": "61930",
          "participantID": "3784",
          "utterance": "그래도 아파트가 관리하기도 편하고 근처에 공원도 있어서 산책하기도 좋아요",
          "summary": "나는 아파트가 관리도 편하고 근처 주거환경이 좋다고 생각한다",
          "date": "2022-11-13",
          "time": "23:45:44",
          "terminate": "false"
        },
        {
          "speaker": "speaker1",
          "personaID": "25768",
          "participantID": "3833",
          "utterance": "맞아요 그리고 강 근처에 있으면 너무 시원하고 좋아요 다음에도 아파트에 사실껀가요?",
          "summary": "",
          "date": "2022-11-14",
          "time": "00:31:54",
          "terminate": "false"
        },
        {
          "speaker": "speaker2",
          "personaID": "61930",
          "participantID": "3784",
          "utterance": "나이들수록 아파트가  좋다고들하는데  근교에  집짓고살고싶기도해요",
          "summary": "",
          "date": "2022-11-14",
          "time": "08:01:51",
          "terminate": "false"
        },
        {
          "speaker": "speaker1",
          "personaID": "25768",
          "participantID": "3833",
          "utterance": "맞아요 저도요 저는 주택을 가꾸고 살고싶어요",
          "summary": "나는 주택을 가구며 살고 싶다",
          "date": "2022-11-14",
          "time": "12:13:41",
          "terminate": "false"
        },
        {
          "speaker": "speaker2",
          "personaID": "61930",
          "participantID": "3784",
          "utterance": "한곳에서 이십년을 살았네요.이제  새  아파트에서  살아보고싶기도 해요",
          "summary": "",
          "date": "2022-11-14",
          "time": "12:26:26",
          "terminate": "false"
        },
        {
          "speaker": "speaker1",
          "personaID": "25768",
          "participantID": "3833",
          "utterance": "저도요 전 좀더 높은곳으로 이사가고싶네요",
          "summary": "나는 좀 더 높은 곳으로 이사 가고 싶다",
          "date": "2022-11-14",
          "time": "12:59:22",
          "terminate": "false"
        },
        {
          "speaker": "speaker2",
          "personaID": "61930",
          "participantID": "3784",
          "utterance": "네 즐거운 시간이였습니다.좋은 저녁시간되세요",
          "summary": "",
          "date": "2022-11-14",
          "time": "17:32:36",
          "terminate": "true"
        }
      ],
      "sessionPersonaSummary": {
        "speaker1": [
          "나는 꿈에 그리던 바질을 아파트 화단에 키웠다",
          "나는 바질 토마토 파스타를 좋아한다",
          "나는 아침에 엘리베이터 타는데 오래 건 린다는 점이 힘들다",
          "나는 주택을 가구며 살고 싶다",
          "나는 좀 더 높은 곳으로 이사 가고 싶다"
        ],
        "speaker2": [
          "나는 마늘 넣은 오일 파스타를 좋아한다",
          "나는 아파트가 관리도 편하고 근처 주거환경이 좋다고 생각한다"
        ]
      },
      "prevAggregatedpersonaSummary": {
        "speaker1": [
          "나는 익산에 사는 20대 여성이다",
          "나는 체험여행을 자주 간다",
          "나는 안마사다",
          "나는 인도음식을 즐겨먹는다",
          "나는 음악영화를 가끔 본다",
          "나는 시그널을 재미있게 봤다",
          "나는 아파트 26층에 산다",
          "나는 단독주택은 청소하기도 힘들고 관리가 힘들 것 같다",
          "나는 아파트에서 상추랑 토마토를 키우고 싶다",
          "나는 바질도 키우고 싶다",
          "나는 아파트에서 여러 가지 식물을 키울 수 있었으면 좋겠다"
        ],
        "speaker2": [
          "나는 주말 오전에 등산을 간다",
          "나는 다 잘 먹는다",
          "나는 다소 소극적이다\n",
          "나는 인도음식을 안 좋아한다",
          "나는 수리 물이나 추리물 영화 드라마를 좋아한다",
          "나는 아파트에 산다",
          "나는 아파트가 편하다",
          "나는 엄마가 베란다에 고추랑 방울토마토를 심었다"
        ]
      }
    }
  ]
}