{
  "FileInfo": {
    "filename": "K3-00173-CL35872-CP36001-09-05-S3.json",
    "sessionLevel": "3"
  },
  "participantsInfo": {
    "numberOfParticipants": "2",
    "speaker1": {
      "participantID": "4081",
      "gender": "여성",
      "age": "30대",
      "occupation": "사무직",
      "bPlace": "부산/대구/울산/경상",
      "gPlace": "부산/대구/울산/경상",
      "rPlace": "부산/대구/울산/경상",
      "educationLevel": "대졸"
    },
    "speaker2": {
      "participantID": "4742",
      "gender": "여성",
      "age": "20대",
      "occupation": "학생",
      "bPlace": "서울/경기/인천",
      "gPlace": "대전/세종/충청/강원",
      "rPlace": "대전/세종/충청/강원",
      "educationLevel": "고졸"
    }
  },
  "multisessionInfo": {
    "multisessionID": "3-00173"
  },
  "personaInfo": {
    "clInfo": {
      "personaID": "35872",
      "personaFeatures": [
        "나는 여자이다.",
        "나는 30대이다.",
        "나는 동료와 잘 어울린다",
        "나는 법무사이다",
        "나는 플루트 연주를 가끔 한다",
        "나는 혈액형이 O형이다",
        "나는 수박을 좋아한다"
      ],
      "speakerType": "speaker1"
    },
    "cpInfo": {
      "personaID": "36001",
      "personaFeatures": [
        "나는 여자이다.",
        "나는 30대이다.",
        "나는 동물을 싫어한다",
        "나는 사회복지사이다",
        "나는 야근을 하는 것을 싫어한다",
        "나는 혈액형이 B형이다",
        "나는 초밥을 즐겨 먹는다"
      ],
      "speakerType": "speaker2"
    }
  },
  "topicInfo": {
    "topicID": "09-05",
    "topicType": "개인 및 관계>반려동물",
    "topicTitle": "유기견"
  },
  "sessionInfo": [
    {
      "prevSessionID": null,
      "prevTimeInfo": {
        "timeNum": null,
        "timeUnit": null
      },
      "nthSession": "1",
      "numberOfUtterances": "14",
      "numberOfTurns": "7",
      "sessionID": "3-00173-1",
      "dialog": [
        {
          "speaker": "speaker1",
          "personaID": "35872",
          "participantID": "4081",
          "utterance": "안녕하세요~ 저는 30대 여성입니다.",
          "summary": "나는 30대 여성이다.",
          "date": "2022-11-23",
          "time": "15:20:47",
          "terminate": "false"
        },
        {
          "speaker": "speaker2",
          "personaID": "36001",
          "participantID": "4742",
          "utterance": "안녕하세요 저는 30대 여성이에요!",
          "summary": "나는 30대 여성이다.",
          "date": "2022-11-23",
          "time": "15:29:57",
          "terminate": "false"
        },
        {
          "speaker": "speaker1",
          "personaID": "35872",
          "participantID": "4081",
          "utterance": "저는 법무사로 일을 하고 있어요~ 직업이 뭔가요~?",
          "summary": "나는 법무사다.",
          "date": "2022-11-23",
          "time": "15:31:34",
          "terminate": "false"
        },
        {
          "speaker": "speaker2",
          "personaID": "36001",
          "participantID": "4742",
          "utterance": "저는 사회복지사로 일하고 있습니다. 저는 야근하는 것을 싫어하는데 야근이 너무 많네요 법무사도 야근이 많은 편인가요?\n",
          "summary": "나는 사회복지사이다. 나는 야근하는 것을 싫어한다.",
          "date": "2022-11-23",
          "time": "15:32:43",
          "terminate": "false"
        },
        {
          "speaker": "speaker1",
          "personaID": "35872",
          "participantID": "4081",
          "utterance": "야근 많은 편입니다. 그래도 동료와 잘 어울리면서 극복해내고 있어요.. 취미가 있나요?",
          "summary": "나는 야근이 많다. 나는 동료와 잘 어울린다.",
          "date": "2022-11-23",
          "time": "15:33:22",
          "terminate": "false"
        },
        {
          "speaker": "speaker2",
          "personaID": "36001",
          "participantID": "4742",
          "utterance": "저는 취미는 딱히 없고 초밥 먹는 것을 좋아해요 싫어하는 것은 동물이요! 님도 싫어하는 것이 있나요?",
          "summary": "나는 취미가 없고 초밥 먹는 걸 좋아한다. 동물을 싫어한다.",
          "date": "2022-11-23",
          "time": "15:35:19",
          "terminate": "false"
        },
        {
          "speaker": "speaker1",
          "personaID": "35872",
          "participantID": "4081",
          "utterance": "저는 취미로 가끔 플루트 연주를해요. 그리고 수박을 좋아하고 딱히 싫어하는건 없는 것 같아요~ ㅎㅎ ",
          "summary": "나는 취미가 플루트 연주다. 나는 수박을 좋아한다. 나는 딱히 싫어하는 게 없다.",
          "date": "2022-11-23",
          "time": "15:36:46",
          "terminate": "false"
        },
        {
          "speaker": "speaker2",
          "personaID": "36001",
          "participantID": "4742",
          "utterance": "취미로 플루트 연주라니 대단하시네요 저는 악기는 잘 못 다뤄서 악기를 잘 다루는 분들을 보면 부러워요! 저는 얼마전에 헌혈을 하러 갔는데 혈액형이 B형이더라고요 저는 평생 A형인줄 알았는데 너무 놀랐었어요..",
          "summary": "나는 악기를 잘 못 다룬다. 나는 A형인 줄 알았는데 헌혈하러 가니 B형이었다.",
          "date": "2022-11-23",
          "time": "15:39:41",
          "terminate": "false"
        },
        {
          "speaker": "speaker1",
          "personaID": "35872",
          "participantID": "4081",
          "utterance": "아 예전에 그런 경우가 많다고 들었는데 아직도 있나봐요! 저는 O형이에요ㅎㅎ",
          "summary": "나는 O형이다.",
          "date": "2022-11-23",
          "time": "15:46:57",
          "terminate": "false"
        },
        {
          "speaker": "speaker2",
          "personaID": "36001",
          "participantID": "4742",
          "utterance": "취미로 플루트를 하신다고 하셨는데 플루트는 배우신지 얼마나 되셨나요? 콩쿠르 같은 곳도 나가신 경험이 있으신가요?",
          "summary": "",
          "date": "2022-11-23",
          "time": "16:27:19",
          "terminate": "true"
        }
      ],
      "sessionPersonaSummary": {
        "speaker1": [
          "나는 30대 여성이다.",
          "나는 법무사다.",
          "나는 야근이 많다. 나는 동료와 잘 어울린다.",
          "나는 취미가 플루트 연주다. 나는 수박을 좋아한다. 나는 딱히 싫어하는 게 없다.",
          "나는 O형이다."
        ],
        "speaker2": [
          "나는 30대 여성이다.",
          "나는 사회복지사이다. 나는 야근하는 것을 싫어한다.",
          "나는 취미가 없고 초밥 먹는 걸 좋아한다. 동물을 싫어한다.",
          "나는 악기를 잘 못 다룬다.",
          "나는 A형인 줄 알았는데 헌혈하러 가니 B형이었다."
        ]
      },
      "prevAggregatedpersonaSummary": {
        "speaker1": [],
        "speaker2": []
      }
    },
    {
      "prevSessionID": "3-00173-1",
      "prevTimeInfo": {
        "timeNum": "3",
        "timeUnit": "주"
      },
      "nthSession": "2",
      "numberOfUtterances": "14",
      "numberOfTurns": "7",
      "sessionID": "3-00173-2",
      "dialog": [
        {
          "speaker": "speaker1",
          "personaID": "35872",
          "participantID": "4081",
          "utterance": "안녕하세요. 3주만이네요.  요즘도 야근이 많으신가요 요즘도 야근 자주 하시나요? 복지사님?",
          "summary": "",
          "date": "2022-11-23",
          "time": "16:34:55",
          "terminate": "false"
        },
        {
          "speaker": "speaker2",
          "personaID": "36001",
          "participantID": "4742",
          "utterance": "오랜만이네요 요즘은 야근이 별로 없어서 좋아요!",
          "summary": "나는 요즘 야근이 없어서 좋다",
          "date": "2022-11-23",
          "time": "16:40:32",
          "terminate": "false"
        },
        {
          "speaker": "speaker1",
          "personaID": "35872",
          "participantID": "4081",
          "utterance": "다행히네요~ 저는 지난주에 야근을 했는데 야근 후 퇴근길에 유기견을 만났어요.",
          "summary": "나는 지난주에 야근 후 퇴근길에 유기견을 봤다.",
          "date": "2022-11-23",
          "time": "16:46:21",
          "terminate": "false"
        },
        {
          "speaker": "speaker2",
          "personaID": "36001",
          "participantID": "4742",
          "utterance": "유기견이요? 저는 동물을 싫어하지만 동물을 유기하는 사람들은 정말 책임감이 없다고 생각해요",
          "summary": "나는 동물은 싫어하지만 동물을 유기하는 사람들은 정말 무책임하다고 생각한다.",
          "date": "2022-11-23",
          "time": "16:47:38",
          "terminate": "false"
        },
        {
          "speaker": "speaker1",
          "personaID": "35872",
          "participantID": "4081",
          "utterance": "네. 몇일을 못먹었는지 너무 말랐더라구요. 저도 님 말에 공감합니다.",
          "summary": "나는 유기견이 너무 말라 보였다.",
          "date": "2022-11-23",
          "time": "16:49:31",
          "terminate": "false"
        },
        {
          "speaker": "speaker2",
          "personaID": "36001",
          "participantID": "4742",
          "utterance": "불쌍하네요 그래서 그 유기견은 어떻게 됐나요?\n",
          "summary": "",
          "date": "2022-11-23",
          "time": "16:58:31",
          "terminate": "false"
        },
        {
          "speaker": "speaker1",
          "personaID": "35872",
          "participantID": "4081",
          "utterance": "저는 부모님과 함께 살고 있어서 데려오진 못하고 유기견 보호소에 맡겼어요ㅠㅠ",
          "summary": "나는 부모님과 함께 살 거 유기견은 보호소에 맡겼다.",
          "date": "2022-11-23",
          "time": "16:59:23",
          "terminate": "false"
        },
        {
          "speaker": "speaker2",
          "personaID": "36001",
          "participantID": "4742",
          "utterance": "좋은 선택이네요 책임지지 못 하는것보다 낫죠",
          "summary": "",
          "date": "2022-11-23",
          "time": "18:24:52",
          "terminate": "false"
        },
        {
          "speaker": "speaker1",
          "personaID": "35872",
          "participantID": "4081",
          "utterance": "근데 유기견 보호소를 처음 가봤는데 유기견들이 너무 많더라구요,,",
          "summary": "나는 유기견 보호소를 처음 가봤고 유기견들이 많았다.",
          "date": "2022-11-23",
          "time": "21:54:29",
          "terminate": "false"
        },
        {
          "speaker": "speaker2",
          "personaID": "36001",
          "participantID": "4742",
          "utterance": "버려지는 유기견이 정말 많다고 듣기는 했어요 얼마전에 야근 끝나고 차타고 가는데 강아지가 위험하게 도로에 있더라고요 이렇게 버려지는 유기견들이 정말 많은 거 같아요 혹시 키우시는 동물은 있으신가요?",
          "summary": "나는 유기견이 많다고 들었다. 나는 얼마 전 퇴근길에 도로에 위험하게 앉아 있는 강아지를 봤다.",
          "date": "2022-11-23",
          "time": "21:56:16",
          "terminate": "false"
        },
        {
          "speaker": "speaker1",
          "personaID": "35872",
          "participantID": "4081",
          "utterance": "저는 강아지 한 마리 키우고 있어요. 그리고 길냥이 임시보호하고 친구에게 입양했구요. 유기된 동물들 보면 너무 안쓰러워요..",
          "summary": "나는 강아지 한 마리를 키우고 길냥이를 임보 하는 중 친구가 입양했다.",
          "date": "2022-11-23",
          "time": "21:57:47",
          "terminate": "false"
        },
        {
          "speaker": "speaker2",
          "personaID": "36001",
          "participantID": "4742",
          "utterance": "동물을 정말 사랑하시나보네요! 저는 사람들과 관계를 맺는거는 좋아하는데 동물들과는 힘든거같아요..",
          "summary": "나는 사람들과 관계를 맺는 거는 좋아하는데 동물들과는 힘들다.",
          "date": "2022-11-24",
          "time": "15:49:18",
          "terminate": "false"
        },
        {
          "speaker": "speaker1",
          "personaID": "35872",
          "participantID": "4081",
          "utterance": "네! 가끔씩 동물들이 사람보다 낫다는 생각 들때가 많더라구요. 말은 못해도 안쓰러워요",
          "summary": "나는 가끔 동물들이 사람보다 낫다는 생각이 든다.",
          "date": "2022-11-24",
          "time": "16:03:11",
          "terminate": "false"
        },
        {
          "speaker": "speaker2",
          "personaID": "36001",
          "participantID": "4742",
          "utterance": "맞아요.. 저는 이만 급한 일이 생겨서 가보겠습니다!",
          "summary": "",
          "date": "2022-11-24",
          "time": "16:22:39",
          "terminate": "true"
        }
      ],
      "sessionPersonaSummary": {
        "speaker1": [
          "나는 지난주에 야근 후 퇴근길에 유기견을 봤다.",
          "나는 유기견이 너무 말라 보였다.",
          "나는 부모님과 함께 살 거 유기견은 보호소에 맡겼다.",
          "나는 유기견 보호소를 처음 가봤고 유기견들이 많았다.",
          "나는 강아지 한 마리를 키우고 길냥이를 임보 하는 중 친구가 입양했다.",
          "나는 가끔 동물들이 사람보다 낫다는 생각이 든다."
        ],
        "speaker2": [
          "나는 요즘 야근이 없어서 좋다",
          "나는 동물은 싫어하지만 동물을 유기하는 사람들은 정말 무책임하다고 생각한다.",
          "나는 유기견이 많다고 들었다. 나는 얼마 전 퇴근길에 도로에 위험하게 앉아 있는 강아지를 봤다.",
          "나는 사람들과 관계를 맺는 거는 좋아하는데 동물들과는 힘들다."
        ]
      },
      "prevAggregatedpersonaSummary": {
        "speaker1": [
          "나는 30대 여성이다.",
          "나는 법무사다.",
          "나는 야근이 많다. 나는 동료와 잘 어울린다.",
          "나는 취미가 플루트 연주다. 나는 수박을 좋아한다. 나는 딱히 싫어하는 게 없다.",
          "나는 O형이다."
        ],
        "speaker2": [
          "나는 30대 여성이다.",
          "나는 사회복지사이다. 나는 야근하는 것을 싫어한다.",
          "나는 취미가 없고 초밥 먹는 걸 좋아한다. 동물을 싫어한다.",
          "나는 악기를 잘 못 다룬다.",
          "나는 A형인 줄 알았는데 헌혈하러 가니 B형이었다."
        ]
      }
    },
    {
      "prevSessionID": "3-00173-2",
      "prevTimeInfo": {
        "timeNum": "2",
        "timeUnit": "주"
      },
      "nthSession": "3",
      "numberOfUtterances": "14",
      "numberOfTurns": "7",
      "sessionID": "3-00173-3",
      "dialog": [
        {
          "speaker": "speaker1",
          "personaID": "35872",
          "participantID": "4081",
          "utterance": "2주 만에 뵙네요~ 요즘도 야근이 줄었나요~?",
          "summary": "",
          "date": "2022-11-24",
          "time": "16:34:46",
          "terminate": "false"
        },
        {
          "speaker": "speaker2",
          "personaID": "36001",
          "participantID": "4742",
          "utterance": "오랜만이네요! 야근이 다시 늘었어요.. 스트레스 받네요",
          "summary": "나는 야근이 다시 늘어서 스트레스받는다.",
          "date": "2022-11-24",
          "time": "16:37:58",
          "terminate": "false"
        },
        {
          "speaker": "speaker1",
          "personaID": "35872",
          "participantID": "4081",
          "utterance": "아이고,, 힘드시겠네요. 저는 지난번에 유기견 보호소에 맡겼던 강아지가 새로운 주인을 찾았다는 소식을 들었어요",
          "summary": "나는 지난번에 유기견 보호소에 맡긴 강아지가 새 주인을 찾았다는 소식을 들었다.",
          "date": "2022-11-24",
          "time": "16:46:24",
          "terminate": "false"
        },
        {
          "speaker": "speaker2",
          "personaID": "36001",
          "participantID": "4742",
          "utterance": "좋은 소식이네요~ 저도 얼마전 사회복지사 동료가 유기견을 입양했다고 하더라고요 ",
          "summary": "나의 동료는 얼마 전에 유기견을 입양했다.",
          "date": "2022-11-24",
          "time": "16:47:41",
          "terminate": "false"
        },
        {
          "speaker": "speaker1",
          "personaID": "35872",
          "participantID": "4081",
          "utterance": "맞아요 너무 기뻤어요. 제가 데려오진 못했지만ㅠㅠ",
          "summary": "나는 너무 기뻤다.",
          "date": "2022-11-24",
          "time": "16:48:09",
          "terminate": "false"
        },
        {
          "speaker": "speaker2",
          "personaID": "36001",
          "participantID": "4742",
          "utterance": "저는 동물을 좋아하지 않아서 이해가 안 가는데 동물을 키움으로써 얻는게 무엇일까요?",
          "summary": "나는 동물을 좋아하지는 않는다.",
          "date": "2022-11-24",
          "time": "16:49:45",
          "terminate": "false"
        },
        {
          "speaker": "speaker1",
          "personaID": "35872",
          "participantID": "4081",
          "utterance": "행복감이요,,?ㅎㅎ 사랑스럽잖아요~ 요즘엔 애견샵말고 유기견 입양이 추세더라구요.",
          "summary": "나는 강아지가 사랑스럽고 요즘은 유기견 입양이 추세다.",
          "date": "2022-11-24",
          "time": "16:52:05",
          "terminate": "false"
        },
        {
          "speaker": "speaker2",
          "personaID": "36001",
          "participantID": "4742",
          "utterance": "그런가요? 동물을 키우는데 비용도 어마어마 하다던데 키우기까지 많은 고민이 필요하겠네요!",
          "summary": "나는 동물 키우는 비용이 어마어마하다고 하던데 많은 고민이 필요할 것 같다.",
          "date": "2022-11-24",
          "time": "16:53:55",
          "terminate": "false"
        },
        {
          "speaker": "speaker1",
          "personaID": "35872",
          "participantID": "4081",
          "utterance": "안그래도 유기되는 동물들을 보면 병원비 감당이 안되어서 유기하는 사람들이 많다고 하더라구요.",
          "summary": "나는 병원비가 감당이 안돼서 동물을 유기하는 사람이 많다고 들었다.",
          "date": "2022-11-24",
          "time": "16:58:13",
          "terminate": "false"
        },
        {
          "speaker": "speaker2",
          "personaID": "36001",
          "participantID": "4742",
          "utterance": "안타깝네요 그런거는 다 감수하고 키워야하는데..서로 더불어가는 게 반려동물인데 책임감이 없는 행동이네요",
          "summary": "",
          "date": "2022-11-24",
          "time": "17:12:47",
          "terminate": "false"
        },
        {
          "speaker": "speaker1",
          "personaID": "35872",
          "participantID": "4081",
          "utterance": "맞아요, 생명을 끝까지 책임지고 키우려면 엄청난 책임감이 필요한데 말이죠ㅠㅠ",
          "summary": "나는 생명을 끝까지 책임지고 키우려면 엄청난 책임감이 필요하다고 생각한다.",
          "date": "2022-11-24",
          "time": "17:26:21",
          "terminate": "false"
        },
        {
          "speaker": "speaker2",
          "personaID": "36001",
          "participantID": "4742",
          "utterance": "맞아요 저는 키우는 사람의 자격도 정말 중요하다고 생각해요 반려동물의 크기가 작던 크던 목줄을 꼭 했으면 좋겠어요 저처럼 동물을 무서워하는 사람들은 정말 길을 지나가기 겁나거든요..",
          "summary": "나는 동물을 키우는 사람의 자격도 정말 중요하다고 생각한다. 나는 강아지가 산책할 때 목줄을 꼭 했으면 좋겠다.",
          "date": "2022-11-24",
          "time": "17:28:31",
          "terminate": "false"
        },
        {
          "speaker": "speaker1",
          "personaID": "35872",
          "participantID": "4081",
          "utterance": "아. 그것도 맞는 말씀이에요. 강아지 무서워 하는 사람들에게는 큰 공포더라구요",
          "summary": "나는 강아지를 무서워하는 사람들에게는 큰 공포라고 생각한다.",
          "date": "2022-11-24",
          "time": "17:40:35",
          "terminate": "false"
        },
        {
          "speaker": "speaker2",
          "personaID": "36001",
          "participantID": "4742",
          "utterance": "네 맞아요 저보다 작아도 무섭더라고요 저는 이만 가볼게요!",
          "summary": "나는 강아지가 작아도 무섭다.",
          "date": "2022-11-24",
          "time": "17:42:22",
          "terminate": "true"
        }
      ],
      "sessionPersonaSummary": {
        "speaker1": [
          "나는 지난번에 유기견 보호소에 맡긴 강아지가 새 주인을 찾았다는 소식을 들었다.",
          "나는 너무 기뻤다.",
          "나는 강아지가 사랑스럽고 요즘은 유기견 입양이 추세다.",
          "나는 병원비가 감당이 안돼서 동물을 유기하는 사람이 많다고 들었다.",
          "나는 생명을 끝까지 책임지고 키우려면 엄청난 책임감이 필요하다고 생각한다.",
          "나는 강아지를 무서워하는 사람들에게는 큰 공포라고 생각한다."
        ],
        "speaker2": [
          "나는 야근이 다시 늘어서 스트레스받는다.",
          "나의 동료는 얼마 전에 유기견을 입양했다.",
          "나는 동물을 좋아하지는 않는다.",
          "나는 동물 키우는 비용이 어마어마하다고 하던데 많은 고민이 필요할 것 같다.",
          "나는 동물을 키우는 사람의 자격도 정말 중요하다고 생각한다. 나는 강아지가 산책할 때 목줄을 꼭 했으면 좋겠다.",
          "나는 강아지가 작아도 무섭다."
        ]
      },
      "prevAggregatedpersonaSummary": {
        "speaker1": [
          "나는 30대 여성이다.",
          "나는 법무사다.",
          "나는 야근이 많다. 나는 동료와 잘 어울린다.",
          "나는 취미가 플루트 연주다. 나는 수박을 좋아한다. 나는 딱히 싫어하는 게 없다.",
          "나는 O형이다.",
          "나는 지난주에 야근 후 퇴근길에 유기견을 봤다.",
          "나는 유기견이 너무 말라 보였다.",
          "나는 부모님과 함께 살 거 유기견은 보호소에 맡겼다.",
          "나는 유기견 보호소를 처음 가봤고 유기견들이 많았다.",
          "나는 강아지 한 마리를 키우고 길냥이를 임보 하는 중 친구가 입양했다.",
          "나는 가끔 동물들이 사람보다 낫다는 생각이 든다."
        ],
        "speaker2": [
          "나는 30대 여성이다.",
          "나는 사회복지사이다. 나는 야근하는 것을 싫어한다.",
          "나는 취미가 없고 초밥 먹는 걸 좋아한다. 동물을 싫어한다.",
          "나는 악기를 잘 못 다룬다.",
          "나는 A형인 줄 알았는데 헌혈하러 가니 B형이었다.",
          "나는 요즘 야근이 없어서 좋다",
          "나는 동물은 싫어하지만 동물을 유기하는 사람들은 정말 무책임하다고 생각한다.",
          "나는 유기견이 많다고 들었다. 나는 얼마 전 퇴근길에 도로에 위험하게 앉아 있는 강아지를 봤다.",
          "나는 사람들과 관계를 맺는 거는 좋아하는데 동물들과는 힘들다."
        ]
      }
    }
  ]
}