{
  "FileInfo": {
    "filename": "K3-00160-CL35060-CP50728-14-07-S3.json",
    "sessionLevel": "3"
  },
  "participantsInfo": {
    "numberOfParticipants": "2",
    "speaker1": {
      "participantID": "4302",
      "gender": "여성",
      "age": "40대",
      "occupation": "사무직",
      "bPlace": "서울/경기/인천",
      "gPlace": "서울/경기/인천",
      "rPlace": "서울/경기/인천",
      "educationLevel": "대졸"
    },
    "speaker2": {
      "participantID": "3394",
      "gender": "남성",
      "age": "40대",
      "occupation": "기능직",
      "bPlace": "부산/대구/울산/경상",
      "gPlace": "부산/대구/울산/경상",
      "rPlace": "서울/경기/인천",
      "educationLevel": "대졸"
    }
  },
  "multisessionInfo": {
    "multisessionID": "3-00160"
  },
  "personaInfo": {
    "clInfo": {
      "personaID": "35060",
      "personaFeatures": [
        "나는 여자이다.",
        "나는 30대이다.",
        "나는 검은색을 좋아한다",
        "나는 심리학과를 전공했다",
        "나는 오후에 SNS를 한다",
        "나는 10년 후 자가를 마련하는 것이 목표이다",
        "나는 곱창을 즐겨 먹는다"
      ],
      "speakerType": "speaker1"
    },
    "cpInfo": {
      "personaID": "50728",
      "personaFeatures": [
        "나는 남자이다.",
        "나는 50대이다.",
        "나는 매우 긍정적이다",
        "나는 멜로 영화를 가끔 본다",
        "나는 한식을 안 먹는다"
      ],
      "speakerType": "speaker2"
    }
  },
  "topicInfo": {
    "topicID": "14-07",
    "topicType": "시사/사회>사회이슈(국내)",
    "topicTitle": "사회 갈등"
  },
  "sessionInfo": [
    {
      "prevSessionID": null,
      "prevTimeInfo": {
        "timeNum": null,
        "timeUnit": null
      },
      "nthSession": "1",
      "numberOfUtterances": "14",
      "numberOfTurns": "7",
      "sessionID": "3-00160-1",
      "dialog": [
        {
          "speaker": "speaker1",
          "personaID": "35060",
          "participantID": "4302",
          "utterance": "안녕하세요 저는 30대 여성입니다",
          "summary": "나는 30대 여성이다",
          "date": "2022-11-08",
          "time": "15:06:25",
          "terminate": "false"
        },
        {
          "speaker": "speaker2",
          "personaID": "50728",
          "participantID": "3394",
          "utterance": "안녕하세요 저는 50대 남성입니다 저는 매우 긍정적인 성격이에요. 반가워요",
          "summary": "나는 50대 남성이다 나는 매우 긍정적인 성격이다",
          "date": "2022-11-08",
          "time": "15:10:50",
          "terminate": "false"
        },
        {
          "speaker": "speaker1",
          "personaID": "35060",
          "participantID": "4302",
          "utterance": "저는 심리학을 전공했는데 긍정적인 성격이 되려고 노력해요, ",
          "summary": "나는 심리학을 전공했다",
          "date": "2022-11-08",
          "time": "23:19:24",
          "terminate": "false"
        },
        {
          "speaker": "speaker2",
          "personaID": "50728",
          "participantID": "3394",
          "utterance": "저는 멜로 영화를 가끔 봐요. 영화 좋아하시나요?",
          "summary": "나는 멜로 영화를 가끔 본다",
          "date": "2022-11-09",
          "time": "00:14:36",
          "terminate": "false"
        },
        {
          "speaker": "speaker1",
          "personaID": "35060",
          "participantID": "4302",
          "utterance": "네 영화좋아해요~ 어떤 장르 좋아하시나요? 저는 검정색을 좋아해서 주로 어두운배경인 공포영화를 많이 봐요",
          "summary": "나는 영화를 좋아한다 나는 검은색을 좋아한다",
          "date": "2022-11-09",
          "time": "13:46:28",
          "terminate": "false"
        },
        {
          "speaker": "speaker2",
          "personaID": "50728",
          "participantID": "3394",
          "utterance": "장르 안가리고 좋아합니다. 공포영화는 보고나면 무서운 생각이 오래 남더라구요. 저는 한식을 안 먹어요. 싫어하는 음식이 있나요?",
          "summary": "나는 영화는 장르 안 가리고 좋아한다 나는 한식을 안 먹는다",
          "date": "2022-11-09",
          "time": "13:56:28",
          "terminate": "false"
        },
        {
          "speaker": "speaker1",
          "personaID": "35060",
          "participantID": "4302",
          "utterance": "저는 딱히 싫어하는 음식은 없구요. 곱창을 좋아해서 즐겨먹어요~",
          "summary": "나는 곱창을 좋아한다",
          "date": "2022-11-10",
          "time": "06:07:47",
          "terminate": "false"
        },
        {
          "speaker": "speaker2",
          "personaID": "50728",
          "participantID": "3394",
          "utterance": "곱창 맛있죠. 저는 막창 구워서 먹는 것도 좋아해요",
          "summary": "나는 곱창과 막창 구워 먹는 것을 좋아한다",
          "date": "2022-11-10",
          "time": "09:32:56",
          "terminate": "false"
        },
        {
          "speaker": "speaker1",
          "personaID": "35060",
          "participantID": "4302",
          "utterance": "sns는 하시나요? 전 주말이면 오전에 산책하면서 사진을 찍고 오후에는sns를 해요",
          "summary": "나는 오전에 사진을 찍고 오후에 SNS를 한다",
          "date": "2022-11-10",
          "time": "22:28:30",
          "terminate": "false"
        },
        {
          "speaker": "speaker2",
          "personaID": "50728",
          "participantID": "3394",
          "utterance": "다양한 SNS는 안하고 카톡 정도만 합니다",
          "summary": "나는 다양한 sns를 하지 않는다",
          "date": "2022-11-10",
          "time": "22:30:01",
          "terminate": "false"
        },
        {
          "speaker": "speaker1",
          "personaID": "35060",
          "participantID": "4302",
          "utterance": "10년후에 계획은 어떻게 되시나요? 저는 자가를 마련하는게 목표라 돈을 열심히 모으려고 하는데 쉽지가 않네요 ㅠㅠ",
          "summary": "나는 10년 후 자가를 마련하는 게 목표다",
          "date": "2022-11-10",
          "time": "23:20:07",
          "terminate": "false"
        },
        {
          "speaker": "speaker2",
          "personaID": "50728",
          "participantID": "3394",
          "utterance": "10년 후 자가를 마련하는 꿈 너무 멋집니다. 저는 10년 후 자연에서 살고 싶습니다",
          "summary": "나는 10년 후에 자연에서 살고 싶다",
          "date": "2022-11-11",
          "time": "09:33:46",
          "terminate": "false"
        },
        {
          "speaker": "speaker1",
          "personaID": "35060",
          "participantID": "4302",
          "utterance": "저도 자연에서 살고 싶네요~ 다음에 또 얘기 나눠요~",
          "summary": "나는 자연에서 살고 싶다",
          "date": "2022-11-11",
          "time": "15:44:03",
          "terminate": "false"
        },
        {
          "speaker": "speaker2",
          "personaID": "50728",
          "participantID": "3394",
          "utterance": "돈만 모으며 젊은 시절을 보내기 보다 하고 싶은 걸 하며 보내길 바랍니다. 다음 대화대 봐요",
          "summary": "",
          "date": "2022-11-11",
          "time": "22:24:25",
          "terminate": "true"
        }
      ],
      "sessionPersonaSummary": {
        "speaker1": [
          "나는 30대 여성이다",
          "나는 심리학을 전공했다",
          "나는 영화를 좋아한다",
          "나는 검은색을 좋아한다",
          "나는 곱창을 좋아한다",
          "나는 오전에 사진을 찍고 오후에 SNS를 한다",
          "나는 10년 후 자가를 마련하는 게 목표다",
          "나는 자연에서 살고 싶다"
        ],
        "speaker2": [
          "나는 50대 남성이다",
          "나는 매우 긍정적인 성격이다",
          "나는 멜로 영화를 가끔 본다",
          "나는 영화는 장르 안 가리고 좋아한다",
          "나는 한식을 안 먹는다",
          "나는 곱창과 막창 구워 먹는 것을 좋아한다",
          "나는 다양한 sns를 하지 않는다",
          "나는 10년 후에 자연에서 살고 싶다"
        ]
      },
      "prevAggregatedpersonaSummary": {
        "speaker1": [],
        "speaker2": []
      }
    },
    {
      "prevSessionID": "3-00160-1",
      "prevTimeInfo": {
        "timeNum": "25",
        "timeUnit": "시간"
      },
      "nthSession": "2",
      "numberOfUtterances": "14",
      "numberOfTurns": "7",
      "sessionID": "3-00160-2",
      "dialog": [
        {
          "speaker": "speaker1",
          "personaID": "35060",
          "participantID": "4302",
          "utterance": "25시간만에 어제는 미세먼지로 뿌옇더니 오늘은 그래도 비가와서 다행이네요",
          "summary": "나는 미세먼지가 심한데 비가 와서 다행이다",
          "date": "2022-11-12",
          "time": "22:36:11",
          "terminate": "false"
        },
        {
          "speaker": "speaker2",
          "personaID": "50728",
          "participantID": "3394",
          "utterance": "비 오면 추워지겠죠. 대신 미세먼지는 좀 가라앉을 거 같아요",
          "summary": "",
          "date": "2022-11-12",
          "time": "23:40:14",
          "terminate": "false"
        },
        {
          "speaker": "speaker1",
          "personaID": "35060",
          "participantID": "4302",
          "utterance": "네 추워질꺼 같더라구요. 요새 뉴스를 보면 국내 사회이슈로 하루도 조용한 날이 없는것 같아요",
          "summary": "나는 국내 사회이슈로 조용할 날이 없는 것 같다",
          "date": "2022-11-13",
          "time": "22:38:17",
          "terminate": "false"
        },
        {
          "speaker": "speaker2",
          "personaID": "50728",
          "participantID": "3394",
          "utterance": "회사에서 세미나때문에 뉴스를 못 봤더니 어떤 이슈가 있는지 잘 몰랐어요. 어떤일이 있었나요?",
          "summary": "나는 회사 세미나 때문에 뉴스를 못 봐 어떤 이슈가 있는지 잘 모른다",
          "date": "2022-11-13",
          "time": "22:48:39",
          "terminate": "false"
        },
        {
          "speaker": "speaker1",
          "personaID": "35060",
          "participantID": "4302",
          "utterance": "이태원도 그렇고 여러가지 사회갈등을 일으키는 문제가 많은것 같아서 정말 걱정이이예요ㅠ",
          "summary": "나는 사회갈등 일으키는 문제가 많아서 걱정이다",
          "date": "2022-11-14",
          "time": "15:48:11",
          "terminate": "false"
        },
        {
          "speaker": "speaker2",
          "personaID": "50728",
          "participantID": "3394",
          "utterance": "너무도 어이없고 황당한 사건이죠. 청춘들의 목숨을 앗아가서 너무 마음이 아픕니다",
          "summary": "나는 너무 어이없는 사건에 청춘들의 목숨이 빼앗겨서 너무 마음이 아프다",
          "date": "2022-11-14",
          "time": "21:39:05",
          "terminate": "false"
        },
        {
          "speaker": "speaker1",
          "personaID": "35060",
          "participantID": "4302",
          "utterance": "그러게요.. 생각지도 못했는데 정말 황당하죠 ㅠㅠ",
          "summary": "나는 정말 황당하다",
          "date": "2022-11-14",
          "time": "22:02:31",
          "terminate": "false"
        },
        {
          "speaker": "speaker2",
          "personaID": "50728",
          "participantID": "3394",
          "utterance": "외국인 사망자도 많아서 세계적 큰 이슈거리였죠 ㅠ",
          "summary": "",
          "date": "2022-11-14",
          "time": "22:17:14",
          "terminate": "false"
        },
        {
          "speaker": "speaker1",
          "personaID": "35060",
          "participantID": "4302",
          "utterance": "그러네요 국내 사회이슈를 넘어서 해외이슈까지,,, 좋은일은 아니죠 ㅠㅠ",
          "summary": "나는 세계 이슈가 좋은 일이 아니라 안타깝다",
          "date": "2022-11-14",
          "time": "22:49:21",
          "terminate": "false"
        },
        {
          "speaker": "speaker2",
          "personaID": "50728",
          "participantID": "3394",
          "utterance": "부끄럽고 창피한 일이죠. 좋은 이슈였음 좋았을텐데요",
          "summary": "",
          "date": "2022-11-14",
          "time": "22:53:12",
          "terminate": "false"
        },
        {
          "speaker": "speaker1",
          "personaID": "35060",
          "participantID": "4302",
          "utterance": "그러게요,, 좋은이슈로 나왔음 좋은데,,, 요새는 뉴스 보기가 싫더라구요",
          "summary": "나는 뉴스 보기가 싫다",
          "date": "2022-11-14",
          "time": "23:13:43",
          "terminate": "false"
        },
        {
          "speaker": "speaker2",
          "personaID": "50728",
          "participantID": "3394",
          "utterance": "저도 뉴스를 잘 안보고 있어요. 자꾸 보니 우울하더라구요",
          "summary": "나는 요새 뉴스를 보면 우울해서 잘 안 보고 있다",
          "date": "2022-11-14",
          "time": "23:49:56",
          "terminate": "false"
        },
        {
          "speaker": "speaker1",
          "personaID": "35060",
          "participantID": "4302",
          "utterance": "그러니까요...다 안좋은 이슈에 사회갈등만 부추기는거 같아서 먹고살기도 힘든데 안보게되네요",
          "summary": "나는 안 좋은 이슈가 사회갈등을 부추기는 것 같아서 안 보려고 한다",
          "date": "2022-11-14",
          "time": "23:52:21",
          "terminate": "false"
        },
        {
          "speaker": "speaker2",
          "personaID": "50728",
          "participantID": "3394",
          "utterance": "좋은 소식이 쏟아지기를 기대합니다. 저는 자러 갑니다. 다음에 봐요",
          "summary": "나는 뉴스에서 좋은 소식이 쏟아지길 기대한다",
          "date": "2022-11-14",
          "time": "23:57:29",
          "terminate": "true"
        }
      ],
      "sessionPersonaSummary": {
        "speaker1": [
          "나는 미세먼지가 심한데 비가 와서 다행이다",
          "나는 국내 사회이슈로 조용할 날이 없는 것 같다",
          "나는 사회갈등 일으키는 문제가 많아서 걱정이다",
          "나는 정말 황당하다",
          "나는 세계 이슈가 좋은 일이 아니라 안타깝다",
          "나는 뉴스 보기가 싫다",
          "나는 안 좋은 이슈가 사회갈등을 부추기는 것 같아서 안 보려고 한다"
        ],
        "speaker2": [
          "나는 회사 세미나 때문에 뉴스를 못 봐 어떤 이슈가 있는지 잘 모른다",
          "나는 너무 어이없는 사건에 청춘들의 목숨이 빼앗겨서 너무 마음이 아프다",
          "나는 요새 뉴스를 보면 우울해서 잘 안 보고 있다",
          "나는 뉴스에서 좋은 소식이 쏟아지길 기대한다"
        ]
      },
      "prevAggregatedpersonaSummary": {
        "speaker1": [
          "나는 30대 여성이다",
          "나는 심리학을 전공했다",
          "나는 영화를 좋아한다",
          "나는 검은색을 좋아한다",
          "나는 곱창을 좋아한다",
          "나는 오전에 사진을 찍고 오후에 SNS를 한다",
          "나는 10년 후 자가를 마련하는 게 목표다",
          "나는 자연에서 살고 싶다"
        ],
        "speaker2": [
          "나는 50대 남성이다",
          "나는 매우 긍정적인 성격이다",
          "나는 멜로 영화를 가끔 본다",
          "나는 영화는 장르 안 가리고 좋아한다",
          "나는 한식을 안 먹는다",
          "나는 곱창과 막창 구워 먹는 것을 좋아한다",
          "나는 다양한 sns를 하지 않는다",
          "나는 10년 후에 자연에서 살고 싶다"
        ]
      }
    },
    {
      "prevSessionID": "3-00160-2",
      "prevTimeInfo": {
        "timeNum": "2",
        "timeUnit": "주"
      },
      "nthSession": "3",
      "numberOfUtterances": "14",
      "numberOfTurns": "7",
      "sessionID": "3-00160-3",
      "dialog": [
        {
          "speaker": "speaker1",
          "personaID": "35060",
          "participantID": "4302",
          "utterance": "2주동안 어떻게 지내셨나요~~",
          "summary": "나는 2주 동안 안부를 물었다",
          "date": "2022-11-15",
          "time": "14:50:07",
          "terminate": "false"
        },
        {
          "speaker": "speaker2",
          "personaID": "50728",
          "participantID": "3394",
          "utterance": "2주동안 단풍 들었던것이 다 떨어져 버렸네요. 가을이 가고 있습니다",
          "summary": "나는 가을이 가고 있는 것 같다",
          "date": "2022-11-15",
          "time": "15:42:26",
          "terminate": "false"
        },
        {
          "speaker": "speaker1",
          "personaID": "35060",
          "participantID": "4302",
          "utterance": "인제 곧 겨울이 오려나봐요 오늘 갑자기 소나기가 막 내리면서 바람이 차더라구요",
          "summary": "나는 소나기 오면서 바람이 찬 것을 느꼈다",
          "date": "2022-11-15",
          "time": "22:49:25",
          "terminate": "false"
        },
        {
          "speaker": "speaker2",
          "personaID": "50728",
          "participantID": "3394",
          "utterance": "비가 올 때마다 기온이 뚝뚝 떨어지는것 같아요. 정치판은 왜 만날 서로 할퀴고 뜯는지 모르겠네요",
          "summary": "나는 비가 올 때마다 기온이 떨어지는 것 같다",
          "date": "2022-11-16",
          "time": "17:10:14",
          "terminate": "false"
        },
        {
          "speaker": "speaker1",
          "personaID": "35060",
          "participantID": "4302",
          "utterance": "그러니까요,,, 정말 국민은 없고 사회갈등과 분열만 조장하는것 같아서  뉴스 보기도 싫어요",
          "summary": "나는 사회갈등과 분열만 조장하는 것 같아 뉴스를 보기 싫다",
          "date": "2022-11-16",
          "time": "17:22:41",
          "terminate": "false"
        },
        {
          "speaker": "speaker2",
          "personaID": "50728",
          "participantID": "3394",
          "utterance": "저도 요즘은 뉴스체널을 잘 안보려고 합니다. 반가운 뉴스가 없어요",
          "summary": "나는 요즘 뉴스 채널을 잘 안 보려고 한다",
          "date": "2022-11-17",
          "time": "08:43:32",
          "terminate": "false"
        },
        {
          "speaker": "speaker1",
          "personaID": "35060",
          "participantID": "4302",
          "utterance": "어제는 간만에 달탐사 뉴스가 나와서 반갑더라구요.",
          "summary": "나는 달 탐사 뉴스가 나와서 반갑다",
          "date": "2022-11-17",
          "time": "10:01:00",
          "terminate": "false"
        },
        {
          "speaker": "speaker2",
          "personaID": "50728",
          "participantID": "3394",
          "utterance": "우리나라 우주선 발사 성공에 가슴 벅차더라구요",
          "summary": "나는 우리나라 우주선 발사 성공에 가슴이 벅차다",
          "date": "2022-11-17",
          "time": "20:58:39",
          "terminate": "false"
        },
        {
          "speaker": "speaker1",
          "personaID": "35060",
          "participantID": "4302",
          "utterance": "네 어제 간만에 기분좋은 사회이슈였죠. 사회갈등속에서 빛나는 하나 ㅋㅋ",
          "summary": "나는 오랜만에 기분 좋은 사회 이슈였다",
          "date": "2022-11-17",
          "time": "21:21:08",
          "terminate": "false"
        },
        {
          "speaker": "speaker2",
          "personaID": "50728",
          "participantID": "3394",
          "utterance": "달탐사선은 잘 안착 했나요? 저는 어제 뉴스를 못 봤어요",
          "summary": "나는 어제 뉴스를 못 봤다",
          "date": "2022-11-17",
          "time": "21:25:17",
          "terminate": "false"
        },
        {
          "speaker": "speaker1",
          "personaID": "35060",
          "participantID": "4302",
          "utterance": "저도 사실 @브랜드명@ 자막으로만 봤어요 몇십년만에 성공했다더라구요",
          "summary": "나는 @브랜드명@ 자막으로 잠깐 봤는데 몇십 년 만에 성공했다고 한다",
          "date": "2022-11-17",
          "time": "21:26:51",
          "terminate": "false"
        },
        {
          "speaker": "speaker2",
          "personaID": "50728",
          "participantID": "3394",
          "utterance": "그런가요? 반가운 소식 맞네요. 점점 과학이 발전하고 있어요",
          "summary": "나는 과학이 점점 발전하는 것 같다",
          "date": "2022-11-17",
          "time": "21:27:54",
          "terminate": "false"
        },
        {
          "speaker": "speaker1",
          "personaID": "35060",
          "participantID": "4302",
          "utterance": "그러니까요~ 나쁜 사회이슈말고 그런 좋은 사회이슈가 많이 나왔음 좋겠어요",
          "summary": "나는 좋은 사회 이슈가 나왔으면 좋겠다",
          "date": "2022-11-17",
          "time": "21:31:00",
          "terminate": "false"
        },
        {
          "speaker": "speaker2",
          "personaID": "50728",
          "participantID": "3394",
          "utterance": "저도 달탐사 기사 보러 가야겠습니다. 다음에 또 대화나누어요!",
          "summary": "나는 달 탐사 기사를 볼 예정이다",
          "date": "2022-11-17",
          "time": "21:32:25",
          "terminate": "true"
        }
      ],
      "sessionPersonaSummary": {
        "speaker1": [
          "나는 2주 동안 안부를 물었다",
          "나는 소나기 오면서 바람이 찬 것을 느꼈다",
          "나는 사회갈등과 분열만 조장하는 것 같아 뉴스를 보기 싫다",
          "나는 달 탐사 뉴스가 나와서 반갑다",
          "나는 오랜만에 기분 좋은 사회 이슈였다",
          "나는 @브랜드명@ 자막으로 잠깐 봤는데 몇십 년 만에 성공했다고 한다",
          "나는 좋은 사회 이슈가 나왔으면 좋겠다"
        ],
        "speaker2": [
          "나는 가을이 가고 있는 것 같다",
          "나는 비가 올 때마다 기온이 떨어지는 것 같다",
          "나는 요즘 뉴스 채널을 잘 안 보려고 한다",
          "나는 우리나라 우주선 발사 성공에 가슴이 벅차다",
          "나는 어제 뉴스를 못 봤다",
          "나는 과학이 점점 발전하는 것 같다",
          "나는 달 탐사 기사를 볼 예정이다"
        ]
      },
      "prevAggregatedpersonaSummary": {
        "speaker1": [
          "나는 30대 여성이다",
          "나는 심리학을 전공했다",
          "나는 영화를 좋아한다",
          "나는 검은색을 좋아한다",
          "나는 곱창을 좋아한다",
          "나는 오전에 사진을 찍고 오후에 SNS를 한다",
          "나는 10년 후 자가를 마련하는 게 목표다",
          "나는 자연에서 살고 싶다",
          "나는 미세먼지가 심한데 비가 와서 다행이다",
          "나는 국내 사회이슈로 조용할 날이 없는 것 같다",
          "나는 사회갈등 일으키는 문제가 많아서 걱정이다",
          "나는 정말 황당하다",
          "나는 세계 이슈가 좋은 일이 아니라 안타깝다",
          "나는 뉴스 보기가 싫다",
          "나는 안 좋은 이슈가 사회갈등을 부추기는 것 같아서 안 보려고 한다"
        ],
        "speaker2": [
          "나는 50대 남성이다",
          "나는 매우 긍정적인 성격이다",
          "나는 멜로 영화를 가끔 본다",
          "나는 영화는 장르 안 가리고 좋아한다",
          "나는 한식을 안 먹는다",
          "나는 곱창과 막창 구워 먹는 것을 좋아한다",
          "나는 다양한 sns를 하지 않는다",
          "나는 10년 후에 자연에서 살고 싶다",
          "나는 회사 세미나 때문에 뉴스를 못 봐 어떤 이슈가 있는지 잘 모른다",
          "나는 너무 어이없는 사건에 청춘들의 목숨이 빼앗겨서 너무 마음이 아프다",
          "나는 요새 뉴스를 보면 우울해서 잘 안 보고 있다",
          "나는 뉴스에서 좋은 소식이 쏟아지길 기대한다"
        ]
      }
    }
  ]
}