{
  "FileInfo": {
    "filename": "K3-00555-CL31832-CP42304-12-02-S3.json",
    "sessionLevel": "3"
  },
  "participantsInfo": {
    "numberOfParticipants": "2",
    "speaker1": {
      "participantID": "3684",
      "gender": "여성",
      "age": "40대",
      "occupation": "서비스직",
      "bPlace": "부산/대구/울산/경상",
      "gPlace": "부산/대구/울산/경상",
      "rPlace": "부산/대구/울산/경상",
      "educationLevel": "대졸"
    },
    "speaker2": {
      "participantID": "4193",
      "gender": "여성",
      "age": "30대",
      "occupation": "기타",
      "bPlace": "부산/대구/울산/경상",
      "gPlace": "부산/대구/울산/경상",
      "rPlace": "부산/대구/울산/경상",
      "educationLevel": "고졸"
    }
  },
  "multisessionInfo": {
    "multisessionID": "3-00555"
  },
  "personaInfo": {
    "clInfo": {
      "personaID": "31832",
      "personaFeatures": [
        "나는 여자이다.",
        "나는 30대이다.",
        "나는 가족과 별로 연락을 하지 않는다",
        "나는 중국에 가 보고 싶다",
        "나는 빨간색을 싫어한다"
      ],
      "speakerType": "speaker1"
    },
    "cpInfo": {
      "personaID": "42304",
      "personaFeatures": [
        "나는 여자이다.",
        "나는 40대이다.",
        "나는 혈액형이 AB형이다",
        "나는 새벽에 운동한다",
        "나는 피아노 연주를 가끔 한다"
      ],
      "speakerType": "speaker2"
    }
  },
  "topicInfo": {
    "topicID": "12-02",
    "topicType": "여가와 오락>여행",
    "topicTitle": "여행지"
  },
  "sessionInfo": [
    {
      "prevSessionID": null,
      "prevTimeInfo": {
        "timeNum": null,
        "timeUnit": null
      },
      "nthSession": "1",
      "numberOfUtterances": "14",
      "numberOfTurns": "7",
      "sessionID": "3-00555-1",
      "dialog": [
        {
          "speaker": "speaker1",
          "personaID": "31832",
          "participantID": "3684",
          "utterance": "안녕하세요 저는 30대여성입니다",
          "summary": "나는 30대 여성이다.",
          "date": "2022-11-03",
          "time": "14:19:52",
          "terminate": "false"
        },
        {
          "speaker": "speaker2",
          "personaID": "42304",
          "participantID": "4193",
          "utterance": "안녕하세요 저는 40대 여성입니다.",
          "summary": "나는 40대 여성이다",
          "date": "2022-11-03",
          "time": "14:30:03",
          "terminate": "false"
        },
        {
          "speaker": "speaker1",
          "personaID": "31832",
          "participantID": "3684",
          "utterance": "저는 뺠간색을 좋아하는데 무슨색 좋아해요?",
          "summary": "나는 빨간색을 좋아한다.",
          "date": "2022-11-04",
          "time": "18:10:39",
          "terminate": "false"
        },
        {
          "speaker": "speaker2",
          "personaID": "42304",
          "participantID": "4193",
          "utterance": "저도 빨간색을 좋아해요.그래서 새벽에 운동을 해요 해가 붉게뜰때요.",
          "summary": "나는 빨간색을 좋아한다\n나는 새벽에 운동을 한다",
          "date": "2022-11-04",
          "time": "18:17:52",
          "terminate": "false"
        },
        {
          "speaker": "speaker1",
          "personaID": "31832",
          "participantID": "3684",
          "utterance": "부지런하시네요~저두요즘 운동을 해야겠다 생각이 들더라구요~",
          "summary": "나는 요즘 운동을 해야겠다 생각한다.",
          "date": "2022-11-05",
          "time": "08:59:40",
          "terminate": "false"
        },
        {
          "speaker": "speaker2",
          "personaID": "42304",
          "participantID": "4193",
          "utterance": "운동 후에 가끔 피아노 연주도 해요.악기좋아하시나요?",
          "summary": "나는 운동 후 가끔 피아노 연주도 한다",
          "date": "2022-11-05",
          "time": "10:00:57",
          "terminate": "false"
        },
        {
          "speaker": "speaker1",
          "personaID": "31832",
          "participantID": "3684",
          "utterance": "어릴때 피아노를 쳐봤는데~지금 다시 배워보고 싶어요~",
          "summary": "나는 어릴 때 피아노를 쳐봤다. 나는 피아노를 배우고 싶다.",
          "date": "2022-11-05",
          "time": "13:59:21",
          "terminate": "false"
        },
        {
          "speaker": "speaker2",
          "personaID": "42304",
          "participantID": "4193",
          "utterance": "다시 배워봐도 좋을거 같아요.혹시 혈액형은 어떻게 되시나요?",
          "summary": "",
          "date": "2022-11-05",
          "time": "14:27:52",
          "terminate": "false"
        },
        {
          "speaker": "speaker1",
          "personaID": "31832",
          "participantID": "3684",
          "utterance": "저는 혈액형은 B형이에요~^^가족들과는 같이사시나요?저는 혼자살아요~",
          "summary": "나는 B형이고 혼자 살고 있다.",
          "date": "2022-11-05",
          "time": "17:40:13",
          "terminate": "false"
        },
        {
          "speaker": "speaker2",
          "personaID": "42304",
          "participantID": "4193",
          "utterance": "저는 AB형입니다.저도 혼자살고있어요.",
          "summary": "나는 AB형이다\n나는 혼자산다",
          "date": "2022-11-05",
          "time": "18:39:34",
          "terminate": "false"
        },
        {
          "speaker": "speaker1",
          "personaID": "31832",
          "participantID": "3684",
          "utterance": "저는 요즘 가족과 별로 연락을 하지 않고 있어요.",
          "summary": "나는 요즘 가족과 연락을 안 하고 있다.",
          "date": "2022-11-06",
          "time": "19:37:53",
          "terminate": "false"
        },
        {
          "speaker": "speaker2",
          "personaID": "42304",
          "participantID": "4193",
          "utterance": "무슨일이 있었던건가요? 왜 가족들과 연락을 안하죠?",
          "summary": "",
          "date": "2022-11-06",
          "time": "21:24:40",
          "terminate": "false"
        },
        {
          "speaker": "speaker1",
          "personaID": "31832",
          "participantID": "3684",
          "utterance": "부모님이랑 사이가 좋지 않아 독립을 한 이후로는 연락을 잘안하게 되더라구요~",
          "summary": "나는 독립 후 부모님과 사이좋지 않다.",
          "date": "2022-11-06",
          "time": "21:25:42",
          "terminate": "false"
        },
        {
          "speaker": "speaker2",
          "personaID": "42304",
          "participantID": "4193",
          "utterance": "그렇군요.마음이안좋네요.저는 이만 약속이있어 나가봐야겠어요.",
          "summary": "",
          "date": "2022-11-06",
          "time": "21:34:11",
          "terminate": "true"
        }
      ],
      "sessionPersonaSummary": {
        "speaker1": [
          "나는 30대 여성이다.",
          "나는 빨간색을 좋아한다.",
          "나는 요즘 운동을 해야겠다 생각한다.",
          "나는 어릴 때 피아노를 쳐봤다. 나는 피아노를 배우고 싶다.",
          "나는 B형이고 혼자 살고 있다.",
          "나는 요즘 가족과 연락을 안 하고 있다.",
          "나는 독립 후 부모님과 사이좋지 않다."
        ],
        "speaker2": [
          "나는 40대 여성이다",
          "나는 빨간색을 좋아한다\n나는 새벽에 운동을 한다",
          "나는 운동 후 가끔 피아노 연주도 한다",
          "나는 AB형이다\n나는 혼자산다"
        ]
      },
      "prevAggregatedpersonaSummary": {
        "speaker1": [],
        "speaker2": []
      }
    },
    {
      "prevSessionID": "3-00555-1",
      "prevTimeInfo": {
        "timeNum": "2",
        "timeUnit": "일"
      },
      "nthSession": "2",
      "numberOfUtterances": "14",
      "numberOfTurns": "7",
      "sessionID": "3-00555-2",
      "dialog": [
        {
          "speaker": "speaker1",
          "personaID": "31832",
          "participantID": "3684",
          "utterance": "대화 나눈지 2일만이네요~잘자내셨어요?",
          "summary": "",
          "date": "2022-11-06",
          "time": "21:38:17",
          "terminate": "false"
        },
        {
          "speaker": "speaker2",
          "personaID": "42304",
          "participantID": "4193",
          "utterance": "네 새벽에 운동도 하면서 잘지냈어요.2일동안 여행지를 찾아보고있었어요. @이름1@님은 어떻게 지냈나요?",
          "summary": "나는 여행지를 찾아보고 있었다",
          "date": "2022-11-06",
          "time": "21:49:19",
          "terminate": "false"
        },
        {
          "speaker": "speaker1",
          "personaID": "31832",
          "participantID": "3684",
          "utterance": "저두 이번주말에 가족들과 여행을 가려고 하고 있었어요~ 여행지 추천해 주실곳 있어요?",
          "summary": "나는 이번 주말 가족들과 여행을 가려고 한다.",
          "date": "2022-11-07",
          "time": "14:25:56",
          "terminate": "false"
        },
        {
          "speaker": "speaker2",
          "personaID": "42304",
          "participantID": "4193",
          "utterance": "저는 경주를 추천드리고 싶어요.한옥이 너무 이쁘더라고요",
          "summary": "나는 한옥이 너무 이쁘다",
          "date": "2022-11-07",
          "time": "14:44:44",
          "terminate": "false"
        },
        {
          "speaker": "speaker1",
          "personaID": "31832",
          "participantID": "3684",
          "utterance": "맞아요~요즘은 한옥을 호텔처럼 잘 운영하는곳도 많던데 가보고 싶더라구요~^^",
          "summary": "나는 요즘 한옥을 호텔처럼 운영하는 곳을 가보고 싶다.",
          "date": "2022-11-07",
          "time": "23:57:18",
          "terminate": "false"
        },
        {
          "speaker": "speaker2",
          "personaID": "42304",
          "participantID": "4193",
          "utterance": "네 저도 한번더 경주로 놀러가보고싶어요. 1박을 너무 아쉽고 2박 3일로요",
          "summary": "나도 다시 경주로 놀러 가 보고 싶다 나는 1박은 아쉽고 2박 3일로 가고 싶다",
          "date": "2022-11-08",
          "time": "00:08:12",
          "terminate": "false"
        },
        {
          "speaker": "speaker1",
          "personaID": "31832",
          "participantID": "3684",
          "utterance": "여행은 언제나 좋으니 계획잡아보세요~^^저는 다음주 서울로 친구만나러 가요~^^",
          "summary": "나는 다음 주 친구 만나러 서울에 간다.",
          "date": "2022-11-08",
          "time": "03:21:30",
          "terminate": "false"
        },
        {
          "speaker": "speaker2",
          "personaID": "42304",
          "participantID": "4193",
          "utterance": "그렇군요.친구와 뭘 할지 계획은 세우셨나요?",
          "summary": "",
          "date": "2022-11-08",
          "time": "07:45:34",
          "terminate": "false"
        },
        {
          "speaker": "speaker1",
          "personaID": "31832",
          "participantID": "3684",
          "utterance": "친구가 완전 계획형인간이라 알아서 계획을 짜고 있어요~너무계획하는바람에 좀 두렵네요~",
          "summary": "나는 친구가 완전 계획형 인간이라 알아서 계획을 짠다,",
          "date": "2022-11-08",
          "time": "23:44:54",
          "terminate": "false"
        },
        {
          "speaker": "speaker2",
          "personaID": "42304",
          "participantID": "4193",
          "utterance": "그런 친구와 여행을 가면 편할거 같아요.아닌가요?",
          "summary": "",
          "date": "2022-11-08",
          "time": "23:53:21",
          "terminate": "false"
        },
        {
          "speaker": "speaker1",
          "personaID": "31832",
          "participantID": "3684",
          "utterance": "너무 두렵게도 너무 디테일하게 타임라인까지 엑셀로 만들어서 보내는 통에 일정이 너무 빡셀꺼 같아요~ㅎㅎ",
          "summary": "나는 두렵게도 디테일하게 타임라인까지 엑셀로 만들어 일정이 힘들 거 같다.",
          "date": "2022-11-08",
          "time": "23:55:58",
          "terminate": "false"
        },
        {
          "speaker": "speaker2",
          "personaID": "42304",
          "participantID": "4193",
          "utterance": "와 그럼 정말 계획적인 친구분들 두셨군요하하",
          "summary": "",
          "date": "2022-11-09",
          "time": "07:03:31",
          "terminate": "false"
        },
        {
          "speaker": "speaker1",
          "personaID": "31832",
          "participantID": "3684",
          "utterance": "정말 드라마에서 보던 캐릭터보다 2배는 더 심한거 같아요~ㅋㅋ그래도 여행은 기대가 되네요~^^",
          "summary": "나는 드라마에서 보던 캐릭터보다 2배는 더 심한 거 같지만 여행은 기대가 된다.",
          "date": "2022-11-09",
          "time": "15:53:41",
          "terminate": "false"
        },
        {
          "speaker": "speaker2",
          "personaID": "42304",
          "participantID": "4193",
          "utterance": "그렇군요.저도 그럼 친구와 약속이있어 이만 나가볼게요.",
          "summary": "나는 친구와 약속이 있다",
          "date": "2022-11-09",
          "time": "16:24:33",
          "terminate": "false"
        }
      ],
      "sessionPersonaSummary": {
        "speaker1": [
          "나는 이번 주말 가족들과 여행을 가려고 한다.",
          "나는 요즘 한옥을 호텔처럼 운영하는 곳을 가보고 싶다.",
          "나는 다음 주 친구 만나러 서울에 간다.",
          "나는 친구가 완전 계획형 인간이라 알아서 계획을 짠다,",
          "나는 두렵게도 디테일하게 타임라인까지 엑셀로 만들어 일정이 힘들 거 같다.",
          "나는 드라마에서 보던 캐릭터보다 2배는 더 심한 거 같지만 여행은 기대가 된다."
        ],
        "speaker2": [
          "나는 여행지를 찾아보고 있었다",
          "나는 한옥이 너무 이쁘다",
          "나도 다시 경주로 놀러 가 보고 싶다",
          "나는 1박은 아쉽고 2박 3일로 가고 싶다",
          "나는 친구와 약속이 있다"
        ]
      },
      "prevAggregatedpersonaSummary": {
        "speaker1": [
          "나는 30대 여성이다.",
          "나는 빨간색을 좋아한다.",
          "나는 요즘 운동을 해야겠다 생각한다.",
          "나는 어릴 때 피아노를 쳐봤다. 나는 피아노를 배우고 싶다.",
          "나는 B형이고 혼자 살고 있다.",
          "나는 요즘 가족과 연락을 안 하고 있다.",
          "나는 독립 후 부모님과 사이좋지 않다."
        ],
        "speaker2": [
          "나는 40대 여성이다",
          "나는 빨간색을 좋아한다\n나는 새벽에 운동을 한다",
          "나는 운동 후 가끔 피아노 연주도 한다",
          "나는 AB형이다\n나는 혼자산다"
        ]
      }
    },
    {
      "prevSessionID": "3-00555-2",
      "prevTimeInfo": {
        "timeNum": "1",
        "timeUnit": "주"
      },
      "nthSession": "3",
      "numberOfUtterances": "14",
      "numberOfTurns": "7",
      "sessionID": "3-00555-3",
      "dialog": [
        {
          "speaker": "speaker1",
          "personaID": "31832",
          "participantID": "3684",
          "utterance": "일주일만이네요~벌써시간이 빨리 지나갔네요~ 여행은 다녀오신곳 있으신가요?",
          "summary": "",
          "date": "2022-11-10",
          "time": "13:30:56",
          "terminate": "false"
        },
        {
          "speaker": "speaker2",
          "personaID": "42304",
          "participantID": "4193",
          "utterance": "저번에 말씀드린 경주로 2박3일로 한번더 갔어요.  @이름1@님은 어떻게 일주일을 보냈나요?",
          "summary": "나는 경주에 2박 3일 갔다 왔다",
          "date": "2022-11-10",
          "time": "13:32:02",
          "terminate": "false"
        },
        {
          "speaker": "speaker1",
          "personaID": "31832",
          "participantID": "3684",
          "utterance": "경주에서 재미있게 보내셨나요? 저는 서울에 정말 알차게 구경하고 왔어요~ㅎㅎ",
          "summary": "나는 서울구경을 알차게 했다.",
          "date": "2022-11-10",
          "time": "13:33:46",
          "terminate": "false"
        },
        {
          "speaker": "speaker2",
          "personaID": "42304",
          "participantID": "4193",
          "utterance": "사울에서 어떤곳을 갔나요?저는 서울에서 많이 못놀아봤어요",
          "summary": "나는 서울에서 많이 못 놀아봤다",
          "date": "2022-11-10",
          "time": "13:34:29",
          "terminate": "false"
        },
        {
          "speaker": "speaker1",
          "personaID": "31832",
          "participantID": "3684",
          "utterance": "저는 이번 삼성코엑스가 가볼만 하더라구요~엄청넓고 시설과 볼거리가 많았어요~^^",
          "summary": "나는 삼성 코엑스가 넓고 볼거리가 많아서 볼만했다.",
          "date": "2022-11-10",
          "time": "13:37:16",
          "terminate": "false"
        },
        {
          "speaker": "speaker2",
          "personaID": "42304",
          "participantID": "4193",
          "utterance": "사람은 많지 않던가요 ? 저는 다행히 경주에 사람이 없더라고요.",
          "summary": "나는 경주에 사람이 없었다",
          "date": "2022-11-10",
          "time": "13:38:26",
          "terminate": "false"
        },
        {
          "speaker": "speaker1",
          "personaID": "31832",
          "participantID": "3684",
          "utterance": "사람이 많더라구요~친구 아니었으면 길만 찾아다니다 시간 다보내거나 미아되었을꺼에요~",
          "summary": "나는 사람이 많아서 미아가 될뻔했다.",
          "date": "2022-11-10",
          "time": "13:39:36",
          "terminate": "false"
        },
        {
          "speaker": "speaker2",
          "personaID": "42304",
          "participantID": "4193",
          "utterance": "그래도 다친곳없이 잘 다녀오셔서 다행이에요.저는 다음엔 전주도 한번 가보도싶어요.",
          "summary": "나는 다음에 전주에 가보고 싶다",
          "date": "2022-11-10",
          "time": "13:40:47",
          "terminate": "false"
        },
        {
          "speaker": "speaker1",
          "personaID": "31832",
          "participantID": "3684",
          "utterance": "전주 너무 예쁘던데요~ 연예때 데이트한다고 여행갔던게 생각나네요~",
          "summary": "나는 전주를 연애 때 여행을 갔었다.",
          "date": "2022-11-10",
          "time": "15:29:27",
          "terminate": "false"
        },
        {
          "speaker": "speaker2",
          "personaID": "42304",
          "participantID": "4193",
          "utterance": "저는 전주는 한번도 안가봤어요. 전주에 맛있는것도 많이 있던데 어떤걸 먹어보셨나요 ?",
          "summary": "나는 전주에 한 번도 못 가봤다",
          "date": "2022-11-10",
          "time": "15:32:29",
          "terminate": "false"
        },
        {
          "speaker": "speaker1",
          "personaID": "31832",
          "participantID": "3684",
          "utterance": "ㅋㅋㅋ전주는 비빔밥?? 그냥 한정식도 엄청 푸짐하게 나오더라구요~",
          "summary": "나는 전주비빔밥과 한정식이 푸짐하게 잘 나왔다.",
          "date": "2022-11-10",
          "time": "15:34:29",
          "terminate": "false"
        },
        {
          "speaker": "speaker2",
          "personaID": "42304",
          "participantID": "4193",
          "utterance": "저는 비빔밥 정말 좋아하는데 꼭 한번 가봐야겠네요",
          "summary": "나는 비빔밥을 정말 좋아한다",
          "date": "2022-11-10",
          "time": "15:34:50",
          "terminate": "false"
        },
        {
          "speaker": "speaker1",
          "personaID": "31832",
          "participantID": "3684",
          "utterance": "한옥마을가봤는데 거기도 꼭 들리시구요~길이 너무 예쁘더라구요",
          "summary": "나는 한옥마을을 갔는데 길이 너무 이뻤다.",
          "date": "2022-11-10",
          "time": "15:36:51",
          "terminate": "false"
        },
        {
          "speaker": "speaker2",
          "personaID": "42304",
          "participantID": "4193",
          "utterance": " @이름1@님이 알려주신대로 전주여행코스를 한번 알아보러 저는 이만 나가볼게요.",
          "summary": "",
          "date": "2022-11-10",
          "time": "15:37:37",
          "terminate": "true"
        }
      ],
      "sessionPersonaSummary": {
        "speaker1": [
          "나는 서울구경을 알차게 했다.",
          "나는 삼성 코엑스가 넓고 볼거리가 많아서 볼만했다.",
          "나는 사람이 많아서 미아가 될뻔했다.",
          "나는 전주를 연애 때 여행을 갔었다.",
          "나는 전주비빔밥과 한정식이 푸짐하게 잘 나왔다.",
          "나는 한옥마을을 갔는데 길이 너무 이뻤다."
        ],
        "speaker2": [
          "나는 경주에 2박 3일 갔다 왔다",
          "나는 서울에서 많이 못 놀아봤다",
          "나는 경주에 사람이 없었다",
          "나는 다음에 전주에 가보고 싶다",
          "나는 전주에 한 번도 못 가봤다",
          "나는 비빔밥을 정말 좋아한다"
        ]
      },
      "prevAggregatedpersonaSummary": {
        "speaker1": [
          "나는 30대 여성이다.",
          "나는 빨간색을 좋아한다.",
          "나는 요즘 운동을 해야겠다 생각한다.",
          "나는 어릴 때 피아노를 쳐봤다. 나는 피아노를 배우고 싶다.",
          "나는 B형이고 혼자 살고 있다.",
          "나는 요즘 가족과 연락을 안 하고 있다.",
          "나는 독립 후 부모님과 사이좋지 않다.",
          "나는 이번 주말 가족들과 여행을 가려고 한다.",
          "나는 요즘 한옥을 호텔처럼 운영하는 곳을 가보고 싶다.",
          "나는 다음 주 친구 만나러 서울에 간다.",
          "나는 친구가 완전 계획형 인간이라 알아서 계획을 짠다,",
          "나는 두렵게도 디테일하게 타임라인까지 엑셀로 만들어 일정이 힘들 거 같다.",
          "나는 드라마에서 보던 캐릭터보다 2배는 더 심한 거 같지만 여행은 기대가 된다."
        ],
        "speaker2": [
          "나는 40대 여성이다",
          "나는 빨간색을 좋아한다\n나는 새벽에 운동을 한다",
          "나는 운동 후 가끔 피아노 연주도 한다",
          "나는 AB형이다\n나는 혼자산다",
          "나는 여행지를 찾아보고 있었다",
          "나는 한옥이 너무 이쁘다",
          "나도 다시 경주로 놀러 가 보고 싶다",
          "나는 1박은 아쉽고 2박 3일로 가고 싶다",
          "나는 친구와 약속이 있다"
        ]
      }
    }
  ]
}