{
  "FileInfo": {
    "filename": "K3-00247-CL03517-CP02434-15-05-S3.json",
    "sessionLevel": "3"
  },
  "participantsInfo": {
    "numberOfParticipants": "2",
    "speaker1": {
      "participantID": "0084",
      "gender": "남성",
      "age": "30대",
      "occupation": "기능직",
      "bPlace": "대전/세종/충청/강원",
      "gPlace": "대전/세종/충청/강원",
      "rPlace": "대전/세종/충청/강원",
      "educationLevel": "대졸"
    },
    "speaker2": {
      "participantID": "0043",
      "gender": "남성",
      "age": "30대",
      "occupation": "사무직",
      "bPlace": "서울/경기/인천",
      "gPlace": "서울/경기/인천",
      "rPlace": "서울/경기/인천",
      "educationLevel": "고졸"
    }
  },
  "multisessionInfo": {
    "multisessionID": "3-00247"
  },
  "personaInfo": {
    "clInfo": {
      "personaID": "03517",
      "personaFeatures": [
        "나는 남자이다.",
        "나는 40대이다.",
        "나의 거주지는 전라도이다.",
        "나는 고추잡채를 좋아한다.",
        "나는 중학교 국어 교사이다."
      ],
      "speakerType": "speaker1"
    },
    "cpInfo": {
      "personaID": "02434",
      "personaFeatures": [
        "나는 남자이다.",
        "나는 30대이다.",
        "나의 아버지는 농사일을 한다.",
        "나는 햄스터 한 마리를 키운다.",
        "나는 햄버거와 감자튀김을 좋아한다."
      ],
      "speakerType": "speaker2"
    }
  },
  "topicInfo": {
    "topicID": "15-05",
    "topicType": "시사/사회>타국가이슈(해외)",
    "topicTitle": "경제"
  },
  "sessionInfo": [
    {
      "prevSessionID": null,
      "prevTimeInfo": {
        "timeNum": null,
        "timeUnit": null
      },
      "nthSession": "1",
      "numberOfUtterances": "14",
      "numberOfTurns": "7",
      "sessionID": "3-00247-1",
      "dialog": [
        {
          "speaker": "speaker1",
          "personaID": "03517",
          "participantID": "0084",
          "utterance": "안녕하세요 저는 전라도에 사는 40대 남자입니다.",
          "summary": "나는 남자이다. 나는 40대이다. 나의 거주지는 전라도이다.",
          "date": "2022-08-05",
          "time": "15:29:28",
          "terminate": "false"
        },
        {
          "speaker": "speaker2",
          "personaID": "02434",
          "participantID": "0043",
          "utterance": "안녕하세요 저는 30대 남자입니다.",
          "summary": "나는 남자이다. 나는 30대이다.",
          "date": "2022-08-05",
          "time": "15:29:39",
          "terminate": "false"
        },
        {
          "speaker": "speaker1",
          "personaID": "03517",
          "participantID": "0084",
          "utterance": "저희집 강아지랑 산책을 나왔는데 날씨가 너무 좋네요.",
          "summary": "나는 강아지를 키운다.",
          "date": "2022-08-05",
          "time": "15:30:39",
          "terminate": "false"
        },
        {
          "speaker": "speaker2",
          "personaID": "02434",
          "participantID": "0043",
          "utterance": "그러게요 오랜만에 날씨가 좋네요.",
          "summary": "",
          "date": "2022-08-05",
          "time": "15:30:46",
          "terminate": "false"
        },
        {
          "speaker": "speaker1",
          "personaID": "03517",
          "participantID": "0084",
          "utterance": "저희 집 강아지 엄청 귀여운데 사진 좀 보내드릴까요?",
          "summary": "",
          "date": "2022-08-05",
          "time": "15:30:58",
          "terminate": "false"
        },
        {
          "speaker": "speaker2",
          "personaID": "02434",
          "participantID": "0043",
          "utterance": "네. 그러면 감사하죠. 저도 햄스터 한 마리를 키우는데 사진 보내드릴까요?",
          "summary": "나는 햄스터 한 마리를 키운다.",
          "date": "2022-08-05",
          "time": "15:31:10",
          "terminate": "false"
        },
        {
          "speaker": "speaker1",
          "personaID": "03517",
          "participantID": "0084",
          "utterance": "네 그러면 저희 서로 애완동물 사진 교환해요.",
          "summary": "",
          "date": "2022-08-05",
          "time": "15:31:21",
          "terminate": "false"
        },
        {
          "speaker": "speaker2",
          "personaID": "02434",
          "participantID": "0043",
          "utterance": "와 강아지가 너무 귀엽네요 무슨 종이에요?",
          "summary": "",
          "date": "2022-08-05",
          "time": "15:31:39",
          "terminate": "false"
        },
        {
          "speaker": "speaker1",
          "personaID": "03517",
          "participantID": "0084",
          "utterance": "저희 집 강아지는 시츄에요. 그쪽 햄스터도 너무 귀엽네요.",
          "summary": "나의 강아지는 시츄이다.",
          "date": "2022-08-05",
          "time": "15:31:56",
          "terminate": "false"
        },
        {
          "speaker": "speaker2",
          "personaID": "02434",
          "participantID": "0043",
          "utterance": "그렇군요. 저희집 햄스터는 '앉아'도 할 수 있어요.",
          "summary": "",
          "date": "2022-08-05",
          "time": "15:32:16",
          "terminate": "false"
        },
        {
          "speaker": "speaker1",
          "personaID": "03517",
          "participantID": "0084",
          "utterance": "와! 교육을 잘 시키셨나봐요.",
          "summary": "",
          "date": "2022-08-05",
          "time": "15:32:22",
          "terminate": "false"
        },
        {
          "speaker": "speaker2",
          "personaID": "02434",
          "participantID": "0043",
          "utterance": "그쪽 집 강아지도 교육 시킨 거 있으신가요?",
          "summary": "",
          "date": "2022-08-05",
          "time": "15:32:51",
          "terminate": "false"
        },
        {
          "speaker": "speaker1",
          "personaID": "03517",
          "participantID": "0084",
          "utterance": "저희 집 강아지는 '빵야'하면 죽은 척 할 수 있어요.",
          "summary": "",
          "date": "2022-08-05",
          "time": "15:33:03",
          "terminate": "false"
        },
        {
          "speaker": "speaker2",
          "personaID": "02434",
          "participantID": "0043",
          "utterance": "정말 귀엽겠네요. 저는 일이 있어서 이만 끊을게요 좋은 하루 보내세요.",
          "summary": "",
          "date": "2022-08-05",
          "time": "15:33:17",
          "terminate": "true"
        }
      ],
      "sessionPersonaSummary": {
        "speaker1": [
          "나는 남자이다. 나는 40대이다. 나의 거주지는 전라도이다.",
          "나는 강아지를 키운다.",
          "나의 강아지는 시츄이다."
        ],
        "speaker2": [
          "나는 남자이다. 나는 30대이다.",
          "나는 햄스터 한 마리를 키운다."
        ]
      },
      "prevAggregatedpersonaSummary": {
        "speaker1": [],
        "speaker2": []
      }
    },
    {
      "prevSessionID": "3-00247-1",
      "prevTimeInfo": {
        "timeNum": "7",
        "timeUnit": "일"
      },
      "nthSession": "2",
      "numberOfUtterances": "18",
      "numberOfTurns": "9",
      "sessionID": "3-00247-2",
      "dialog": [
        {
          "speaker": "speaker1",
          "personaID": "03517",
          "participantID": "0084",
          "utterance": "안녕하세요 오랜만에 그쪽 햄스터 사진 보고 싶어서 연락드렸어요.",
          "summary": "",
          "date": "2022-08-05",
          "time": "15:34:34",
          "terminate": "false"
        },
        {
          "speaker": "speaker2",
          "personaID": "02434",
          "participantID": "0043",
          "utterance": "하하 마음에 드셨나보네요 그러면 저희 또 사진 교환 할까요?",
          "summary": "",
          "date": "2022-08-05",
          "time": "15:34:44",
          "terminate": "false"
        },
        {
          "speaker": "speaker1",
          "personaID": "03517",
          "participantID": "0084",
          "utterance": "좋아요. 사진 보냈어요 받으셨나요?",
          "summary": "",
          "date": "2022-08-05",
          "time": "15:34:59",
          "terminate": "false"
        },
        {
          "speaker": "speaker2",
          "personaID": "02434",
          "participantID": "0043",
          "utterance": "네. 저도 보냈어요. 받으쎴나요?",
          "summary": "",
          "date": "2022-08-05",
          "time": "15:35:07",
          "terminate": "false"
        },
        {
          "speaker": "speaker1",
          "personaID": "03517",
          "participantID": "0084",
          "utterance": "네. 그쪽은 해외에 사신다고 하셨죠?",
          "summary": "",
          "date": "2022-08-05",
          "time": "15:35:23",
          "terminate": "false"
        },
        {
          "speaker": "speaker2",
          "personaID": "02434",
          "participantID": "0043",
          "utterance": "네. 지금 튀르키예 이스탄불에서 살고 있어요.",
          "summary": "나는 튀르키예 이스탄불에 살고 있다.",
          "date": "2022-08-05",
          "time": "15:35:29",
          "terminate": "false"
        },
        {
          "speaker": "speaker1",
          "personaID": "03517",
          "participantID": "0084",
          "utterance": "제가 뉴스를 보니까 요즘 튀르키예 경제가 안좋다는데 괜찮으세요?",
          "summary": "",
          "date": "2022-08-05",
          "time": "15:35:41",
          "terminate": "false"
        },
        {
          "speaker": "speaker2",
          "personaID": "02434",
          "participantID": "0043",
          "utterance": "아니요. 요즘 인플레이션때문에 물가가 말도 안되게 올라서 힘들어요.",
          "summary": "",
          "date": "2022-08-05",
          "time": "15:35:51",
          "terminate": "false"
        },
        {
          "speaker": "speaker1",
          "personaID": "03517",
          "participantID": "0084",
          "utterance": "큰일이네요. 여행객들은 상대적으로 저렴해진 튀르키예 물가에 터키에 여행을 많이 간대요.",
          "summary": "",
          "date": "2022-08-05",
          "time": "15:36:18",
          "terminate": "false"
        },
        {
          "speaker": "speaker2",
          "personaID": "02434",
          "participantID": "0043",
          "utterance": "네. 요즘 관광객은 오히려 늘었더라고요.",
          "summary": "",
          "date": "2022-08-05",
          "time": "15:36:29",
          "terminate": "false"
        },
        {
          "speaker": "speaker1",
          "personaID": "03517",
          "participantID": "0084",
          "utterance": "그런데 현지인이나 현지에 사는 한국인 분들은 리라가 폭락해서 힘들겠네요.",
          "summary": "",
          "date": "2022-08-05",
          "time": "15:36:44",
          "terminate": "false"
        },
        {
          "speaker": "speaker2",
          "personaID": "02434",
          "participantID": "0043",
          "utterance": "어쩔 수 없죠. 시간이 지나서 해결되기를 기다리고 있어요.",
          "summary": "",
          "date": "2022-08-05",
          "time": "15:37:05",
          "terminate": "false"
        },
        {
          "speaker": "speaker1",
          "personaID": "03517",
          "participantID": "0084",
          "utterance": "제가 도움이 드릴 방법은 없지만 힘내세요.",
          "summary": "",
          "date": "2022-08-05",
          "time": "15:37:19",
          "terminate": "false"
        },
        {
          "speaker": "speaker2",
          "personaID": "02434",
          "participantID": "0043",
          "utterance": "네. 감사해요. 지금 한국은 점심 시간일텐데 식사하셨어요?",
          "summary": "",
          "date": "2022-08-05",
          "time": "15:37:37",
          "terminate": "false"
        },
        {
          "speaker": "speaker1",
          "personaID": "03517",
          "participantID": "0084",
          "utterance": "네 저는 좋아하는 고추잡채를 먹었어요.",
          "summary": "나는 고추잡채를 좋아한다.",
          "date": "2022-08-05",
          "time": "15:38:04",
          "terminate": "false"
        },
        {
          "speaker": "speaker2",
          "personaID": "02434",
          "participantID": "0043",
          "utterance": "고추잡채 맛있죠. 저는 점심으로 좋아하는 햄버거랑 감자튀김을 먹었어요.",
          "summary": "나는 햄버거와 감자튀김을 좋아한다.",
          "date": "2022-08-05",
          "time": "15:38:27",
          "terminate": "false"
        },
        {
          "speaker": "speaker1",
          "personaID": "03517",
          "participantID": "0084",
          "utterance": "그 말 들으니 저도 햄버거랑 감자튀김이 땡기네요. 사러 가야겠어요.",
          "summary": "",
          "date": "2022-08-05",
          "time": "15:38:47",
          "terminate": "false"
        },
        {
          "speaker": "speaker2",
          "personaID": "02434",
          "participantID": "0043",
          "utterance": "하하 저는 일이 있어서 이만 끊을게요. 좋은 하루 되세요.",
          "summary": "",
          "date": "2022-08-05",
          "time": "15:39:44",
          "terminate": "true"
        }
      ],
      "sessionPersonaSummary": {
        "speaker1": [
          "나는 고추잡채를 좋아한다."
        ],
        "speaker2": [
          "나는 튀르키예 이스탄불에 살고 있다.",
          "나는 햄버거와 감자튀김을 좋아한다."
        ]
      },
      "prevAggregatedpersonaSummary": {
        "speaker1": [
          "나는 남자이다. 나는 40대이다. 나의 거주지는 전라도이다.",
          "나는 강아지를 키운다.",
          "나의 강아지는 시츄이다."
        ],
        "speaker2": [
          "나는 남자이다. 나는 30대이다.",
          "나는 햄스터 한 마리를 키운다."
        ]
      }
    },
    {
      "prevSessionID": "3-00247-2",
      "prevTimeInfo": {
        "timeNum": "7",
        "timeUnit": "일"
      },
      "nthSession": "3",
      "numberOfUtterances": "16",
      "numberOfTurns": "8",
      "sessionID": "3-00247-3",
      "dialog": [
        {
          "speaker": "speaker1",
          "personaID": "03517",
          "participantID": "0084",
          "utterance": "안녕하세요? 저번에 그쪽 아버지가 농사일 하신다고 하셨죠?",
          "summary": "",
          "date": "2022-08-05",
          "time": "15:40:07",
          "terminate": "false"
        },
        {
          "speaker": "speaker2",
          "personaID": "02434",
          "participantID": "0043",
          "utterance": "네. 아버지가 강원도에서 옥수수랑 감자 농사를 하세요.",
          "summary": "나의 아버지는 농사일을 한다.",
          "date": "2022-08-05",
          "time": "15:40:15",
          "terminate": "false"
        },
        {
          "speaker": "speaker1",
          "personaID": "03517",
          "participantID": "0084",
          "utterance": "제가 요즘 옥수수랑 감자가 먹고 싶어서 사고 싶은데 개인적으로도 살 수 있나요?",
          "summary": "",
          "date": "2022-08-05",
          "time": "15:40:29",
          "terminate": "false"
        },
        {
          "speaker": "speaker2",
          "personaID": "02434",
          "participantID": "0043",
          "utterance": "제가 아버지 전화번호를 드릴게요 통화해보세요.",
          "summary": "",
          "date": "2022-08-05",
          "time": "15:40:43",
          "terminate": "false"
        },
        {
          "speaker": "speaker1",
          "personaID": "03517",
          "participantID": "0084",
          "utterance": "네. 알려주셔서 감사합니다.",
          "summary": "",
          "date": "2022-08-05",
          "time": "15:40:56",
          "terminate": "false"
        },
        {
          "speaker": "speaker2",
          "personaID": "02434",
          "participantID": "0043",
          "utterance": "별말씀을요. 제가 감사하죠.",
          "summary": "",
          "date": "2022-08-05",
          "time": "15:42:18",
          "terminate": "false"
        },
        {
          "speaker": "speaker1",
          "personaID": "03517",
          "participantID": "0084",
          "utterance": "그리고 저번에 그쪽이 중학교 교사라고 하셨죠?",
          "summary": "",
          "date": "2022-08-05",
          "time": "15:42:32",
          "terminate": "false"
        },
        {
          "speaker": "speaker2",
          "personaID": "02434",
          "participantID": "0043",
          "utterance": "네. 지금 터키 한인학교에서 중학교 국어교사로 일하고 있어요.",
          "summary": "나는 중학교 국어 교사이다.",
          "date": "2022-08-05",
          "time": "15:42:48",
          "terminate": "false"
        },
        {
          "speaker": "speaker1",
          "personaID": "03517",
          "participantID": "0084",
          "utterance": "지금 저희 첫째가 이번에 중학교 올라가는데 여쭤보고 싶은게 있어서요.",
          "summary": "",
          "date": "2022-08-05",
          "time": "15:43:09",
          "terminate": "false"
        },
        {
          "speaker": "speaker2",
          "personaID": "02434",
          "participantID": "0043",
          "utterance": "네. 물어보셔도 돼요. 뭐가 궁금하세요?",
          "summary": "",
          "date": "2022-08-05",
          "time": "15:43:16",
          "terminate": "false"
        },
        {
          "speaker": "speaker1",
          "personaID": "03517",
          "participantID": "0084",
          "utterance": "지금 6학년 여름방학인데 늦었지만 지금부터라도 선행학습을 해서 중학교 과정을 미리 배워야하는지 고민중이에요.",
          "summary": "",
          "date": "2022-08-05",
          "time": "15:43:44",
          "terminate": "false"
        },
        {
          "speaker": "speaker2",
          "personaID": "02434",
          "participantID": "0043",
          "utterance": "지금 진도를 잘 따라가고 있으면 조금은 선행학습 해도 괜찮을 것 같아요.",
          "summary": "",
          "date": "2022-08-05",
          "time": "15:44:05",
          "terminate": "false"
        },
        {
          "speaker": "speaker1",
          "personaID": "03517",
          "participantID": "0084",
          "utterance": "그렇군요. 첫째는 자기 뺴고 친구들은 이미 선행학습했다고 불안해 하더라고요.",
          "summary": "",
          "date": "2022-08-05",
          "time": "15:44:27",
          "terminate": "false"
        },
        {
          "speaker": "speaker2",
          "personaID": "02434",
          "participantID": "0043",
          "utterance": "그런데 선행학습이 과하면 했던거라 지루해서 수업시간이 집중을 못 할 수 있으니 예습 정도로만 추천드려요.",
          "summary": "",
          "date": "2022-08-05",
          "time": "15:44:52",
          "terminate": "false"
        },
        {
          "speaker": "speaker1",
          "personaID": "03517",
          "participantID": "0084",
          "utterance": "네 알겠습니다. 알려주셔서 감사해요.",
          "summary": "",
          "date": "2022-08-05",
          "time": "15:44:58",
          "terminate": "false"
        },
        {
          "speaker": "speaker2",
          "personaID": "02434",
          "participantID": "0043",
          "utterance": "네. 다음에 또 궁금한 것 있으시면 물어보세요. 저는 해야하는 일이 있어서 끊을게요.",
          "summary": "",
          "date": "2022-08-05",
          "time": "15:45:20",
          "terminate": "true"
        }
      ],
      "sessionPersonaSummary": {
        "speaker1": [],
        "speaker2": [
          "나의 아버지는 농사일을 한다.",
          "나는 중학교 국어 교사이다."
        ]
      },
      "prevAggregatedpersonaSummary": {
        "speaker1": [
          "나는 남자이다. 나는 40대이다. 나의 거주지는 전라도이다.",
          "나는 강아지를 키운다.",
          "나의 강아지는 시츄이다.",
          "나는 고추잡채를 좋아한다."
        ],
        "speaker2": [
          "나는 남자이다. 나는 30대이다.",
          "나는 햄스터 한 마리를 키운다.",
          "나는 튀르키예 이스탄불에 살고 있다.",
          "나는 햄버거와 감자튀김을 좋아한다."
        ]
      }
    }
  ]
}