{
  "FileInfo": {
    "filename": "K3-00626-CL11265-CP52153-03-09-S3.json",
    "sessionLevel": "3"
  },
  "participantsInfo": {
    "numberOfParticipants": "2",
    "speaker1": {
      "participantID": "3958",
      "gender": "여성",
      "age": "20대",
      "occupation": "사무직",
      "bPlace": "서울/경기/인천",
      "gPlace": "광주/전라/제주",
      "rPlace": "서울/경기/인천",
      "educationLevel": "대학원졸"
    },
    "speaker2": {
      "participantID": "3447",
      "gender": "여성",
      "age": "50대",
      "occupation": "주부",
      "bPlace": "부산/대구/울산/경상",
      "gPlace": "부산/대구/울산/경상",
      "rPlace": "부산/대구/울산/경상",
      "educationLevel": "대졸"
    }
  },
  "multisessionInfo": {
    "multisessionID": "3-00626"
  },
  "personaInfo": {
    "clInfo": {
      "personaID": "11265",
      "personaFeatures": [
        "나는 여자이다.",
        "나는 10대이다.",
        "나의 어머니는 조리사이다",
        "나는 영어영문학과에 진학하고 싶다",
        "나는 전쟁영화 보는 것을 싫어한다"
      ],
      "speakerType": "speaker1"
    },
    "cpInfo": {
      "personaID": "52153",
      "personaFeatures": [
        "나는 여자이다.",
        "나는 50대이다.",
        "나는 요즘, 매일 상처를 받는다",
        "나는 스포츠 영화를 자주 본다",
        "나는 고량주를 싫어한다"
      ],
      "speakerType": "speaker2"
    }
  },
  "topicInfo": {
    "topicID": "03-09",
    "topicType": "교통",
    "topicTitle": "신호등/횡단보도"
  },
  "sessionInfo": [
    {
      "prevSessionID": null,
      "prevTimeInfo": {
        "timeNum": null,
        "timeUnit": null
      },
      "nthSession": "1",
      "numberOfUtterances": "14",
      "numberOfTurns": "7",
      "sessionID": "3-00626-1",
      "dialog": [
        {
          "speaker": "speaker1",
          "personaID": "11265",
          "participantID": "3958",
          "utterance": "안녕하세요 저는 10대 여성입니다",
          "summary": "나는 10대 여성이다.",
          "date": "2022-11-01",
          "time": "14:44:29",
          "terminate": "false"
        },
        {
          "speaker": "speaker2",
          "personaID": "52153",
          "participantID": "3447",
          "utterance": "안녕하세요~ 저는 50대 여성입니다.",
          "summary": "나는 50대 여성이다",
          "date": "2022-11-02",
          "time": "12:10:17",
          "terminate": "false"
        },
        {
          "speaker": "speaker1",
          "personaID": "11265",
          "participantID": "3958",
          "utterance": "저희어머니랑 비슷한 연배시네요. 제 어머니는 조리사세요. 어떤 일을 하시나요?",
          "summary": "나는 엄마가 조리사이다.",
          "date": "2022-11-02",
          "time": "12:46:43",
          "terminate": "false"
        },
        {
          "speaker": "speaker2",
          "personaID": "52153",
          "participantID": "3447",
          "utterance": "맛있는거 많이 드시겠네요. 저는 학습지 채점 검수를 하고 있어요.",
          "summary": "나는 학습지 채점 검수를 한다",
          "date": "2022-11-02",
          "time": "13:24:21",
          "terminate": "false"
        },
        {
          "speaker": "speaker1",
          "personaID": "11265",
          "participantID": "3958",
          "utterance": "그렇군요 학원에서 일하시는 건가요? 저도 학원을 다니고 있어요. 저는 수능준비중인데 영어영문학과에 진학하고 싶어요.",
          "summary": "나는 학원을 다니고 있다.",
          "date": "2022-11-02",
          "time": "16:45:33",
          "terminate": "false"
        },
        {
          "speaker": "speaker2",
          "personaID": "52153",
          "participantID": "3447",
          "utterance": "학원은 아니고 집에서 하는 학습지예요, 영어 멋지네요",
          "summary": "",
          "date": "2022-11-02",
          "time": "17:25:35",
          "terminate": "false"
        },
        {
          "speaker": "speaker1",
          "personaID": "11265",
          "participantID": "3958",
          "utterance": "네 공부하기는 힘들지만요. 취미가 있으신가요? 저는 영화를 좋아하는데 전쟁영화는 안좋아해요. ",
          "summary": "나는 영화를 좋아한다.",
          "date": "2022-11-03",
          "time": "01:12:08",
          "terminate": "false"
        },
        {
          "speaker": "speaker2",
          "personaID": "52153",
          "participantID": "3447",
          "utterance": "저는 스포츠 영화를 자주 보는 편이예요. 특별한 취미가 있는건 아녜요",
          "summary": "나는 스포츠 영화를 자주 본다",
          "date": "2022-11-03",
          "time": "12:19:05",
          "terminate": "false"
        },
        {
          "speaker": "speaker1",
          "personaID": "11265",
          "participantID": "3958",
          "utterance": "그렇군요. 스포츠 영화중에 좋아하는게 어떤 영화인가요?",
          "summary": "",
          "date": "2022-11-04",
          "time": "09:13:08",
          "terminate": "false"
        },
        {
          "speaker": "speaker2",
          "personaID": "52153",
          "participantID": "3447",
          "utterance": "좀 오래되긴 했지만 국가대표 같은 재밌으면서 감동도 있는 그런 영화가 좋아요",
          "summary": "나는 재밌으면서 감동도 있는 그런 영화가 좋다",
          "date": "2022-11-04",
          "time": "12:14:03",
          "terminate": "false"
        },
        {
          "speaker": "speaker1",
          "personaID": "11265",
          "participantID": "3958",
          "utterance": "아하 저도 국가대표 재밌게 봤었어요. 오랜만에 영화관에 가고싶네요.",
          "summary": "나는 영화관에 가고 싶다.",
          "date": "2022-11-04",
          "time": "13:58:25",
          "terminate": "false"
        },
        {
          "speaker": "speaker2",
          "personaID": "52153",
          "participantID": "3447",
          "utterance": "저는 집에서 맥주한잔 하면서 보는게 더 좋더라구요. 도수가 높은 고량주는 싫어하지만, 맥주는 좋아하거든요.",
          "summary": "나는 맥주를 좋아한다",
          "date": "2022-11-04",
          "time": "16:04:35",
          "terminate": "false"
        },
        {
          "speaker": "speaker1",
          "personaID": "11265",
          "participantID": "3958",
          "utterance": "저는 술을 잘 못마셔서 술자리에서 안주만 먹어요. 맥주는 너무 배불러요",
          "summary": "나는 술자리에서 안주만 먹는다.",
          "date": "2022-11-04",
          "time": "16:32:47",
          "terminate": "false"
        },
        {
          "speaker": "speaker2",
          "personaID": "52153",
          "participantID": "3447",
          "utterance": "저도 많이 먹지는 못해요. 안주 먹으려고 술먹는 정도? ㅎㅎ",
          "summary": "나는 술을 많이 못 먹는다.",
          "date": "2022-11-04",
          "time": "21:00:16",
          "terminate": "true"
        }
      ],
      "sessionPersonaSummary": {
        "speaker1": [
          "나는 10대 여성이다.",
          "나는 엄마가 조리사이다.",
          "나는 학원을 다니고 있다.",
          "나는 영화를 좋아한다.",
          "나는 영화관에 가고 싶다.",
          "나는 술자리에서 안주만 먹는다."
        ],
        "speaker2": [
          "나는 50대 여성이다",
          "나는 학습지 채점 검수를 한다",
          "나는 스포츠 영화를 자주 본다",
          "나는 재밌으면서 감동도 있는 그런 영화가 좋다",
          "나는 맥주를 좋아한다",
          "나는 술을 많이 못 먹는다."
        ]
      },
      "prevAggregatedpersonaSummary": {
        "speaker1": [],
        "speaker2": []
      }
    },
    {
      "prevSessionID": "3-00626-1",
      "prevTimeInfo": {
        "timeNum": "1",
        "timeUnit": "일"
      },
      "nthSession": "2",
      "numberOfUtterances": "14",
      "numberOfTurns": "7",
      "sessionID": "3-00626-2",
      "dialog": [
        {
          "speaker": "speaker1",
          "personaID": "11265",
          "participantID": "3958",
          "utterance": "안녕하세요 어제는 잘 쉬셨나요?",
          "summary": "",
          "date": "2022-11-04",
          "time": "22:56:13",
          "terminate": "false"
        },
        {
          "speaker": "speaker2",
          "personaID": "52153",
          "participantID": "3447",
          "utterance": "네, 하루만에 날씨가 좀 풀렸네요. ",
          "summary": "",
          "date": "2022-11-05",
          "time": "12:39:31",
          "terminate": "false"
        },
        {
          "speaker": "speaker1",
          "personaID": "11265",
          "participantID": "3958",
          "utterance": "네 오늘은 좀 따뜻하네요. 저는 어제 학원에서 귀가하다가 횡단보도에서 사고날 뻔 했어요",
          "summary": "나는 어제 횡단보도에서 사고가 날 뻔했다.",
          "date": "2022-11-06",
          "time": "12:16:37",
          "terminate": "false"
        },
        {
          "speaker": "speaker2",
          "personaID": "52153",
          "participantID": "3447",
          "utterance": "저런~ 큰일날뻔 했네요. 다치지는 않았나요? ",
          "summary": "",
          "date": "2022-11-06",
          "time": "17:12:26",
          "terminate": "false"
        },
        {
          "speaker": "speaker1",
          "personaID": "11265",
          "participantID": "3958",
          "utterance": "네 다행히 차가 바로 멈춰서서요. 횡단보도가 초록불인데 그냥 가려는 차들이 너무 많아서 위험하더라구요. ",
          "summary": "",
          "date": "2022-11-07",
          "time": "16:27:44",
          "terminate": "false"
        },
        {
          "speaker": "speaker2",
          "personaID": "52153",
          "participantID": "3447",
          "utterance": "다행이네요. 요즘 보행자 위주로 법들이 많이 바뀌긴 했지만 아직도 신호등 안지키는 사람들이 많죠?",
          "summary": "",
          "date": "2022-11-07",
          "time": "18:53:07",
          "terminate": "false"
        },
        {
          "speaker": "speaker1",
          "personaID": "11265",
          "participantID": "3958",
          "utterance": "네 그렇죠 그래서 횡단보도 건너기가 조금 무서워요 사고를 겪은 적이 있으신가요?",
          "summary": "나는 횡단보도 건너기가 무섭다.",
          "date": "2022-11-08",
          "time": "11:20:30",
          "terminate": "false"
        },
        {
          "speaker": "speaker2",
          "personaID": "52153",
          "participantID": "3447",
          "utterance": "제가 겪어보진 않았는데 사고를 목격한 적은 있어요. 끔찍했어요.",
          "summary": "나는 사고를 목격한 적이 있다",
          "date": "2022-11-08",
          "time": "12:25:22",
          "terminate": "false"
        },
        {
          "speaker": "speaker1",
          "personaID": "11265",
          "participantID": "3958",
          "utterance": "트라우마가 있으시겠네요. 저는 그래서 초록불 들어오면 바로 안건너고 몇 초 기다렸다가 건너요. 운전도 하시나요?",
          "summary": "나는 초록불이 켜진 뒤 기다렸다 건넌다.",
          "date": "2022-11-09",
          "time": "09:21:35",
          "terminate": "false"
        },
        {
          "speaker": "speaker2",
          "personaID": "52153",
          "participantID": "3447",
          "utterance": "운전도 합니다. 아직은 사고 난 적은 없어요. ",
          "summary": "나는 운전을 할 줄 안다",
          "date": "2022-11-09",
          "time": "13:19:46",
          "terminate": "false"
        },
        {
          "speaker": "speaker1",
          "personaID": "11265",
          "participantID": "3958",
          "utterance": "다행이네요. 저도 성인되면 면허를 따고 싶어요. 요즘 면허 따기가 쉽지 않다그래서 걱정되네요.",
          "summary": "나는 성인이 되면 면허를 따고 싶다.",
          "date": "2022-11-09",
          "time": "16:56:28",
          "terminate": "false"
        },
        {
          "speaker": "speaker2",
          "personaID": "52153",
          "participantID": "3447",
          "utterance": "빨리 딸수록 유리해요. 나이들면 운전이 더 어려워져요",
          "summary": "나는 나이 들면 운전이 더 어렵다고 생각한다",
          "date": "2022-11-09",
          "time": "17:10:10",
          "terminate": "false"
        },
        {
          "speaker": "speaker1",
          "personaID": "11265",
          "participantID": "3958",
          "utterance": "그렇군요 면허도 면허인데 운전자들이 횡단보도에서 정지선지키기 같은 기본적인것도 잘 지켜줬으면 좋겠네요. ",
          "summary": "나는 운전자들이 기본 질서를 잘 지켜줬으면 좋겠다고 생각한다.",
          "date": "2022-11-10",
          "time": "00:57:02",
          "terminate": "false"
        },
        {
          "speaker": "speaker2",
          "personaID": "52153",
          "participantID": "3447",
          "utterance": "운전은 습관이 중요한거 같아요. 정지선이나  신호는 어기는 사람이 계속 어기게 되더라구요.",
          "summary": "운전은 습관이 중요하다",
          "date": "2022-11-10",
          "time": "08:04:15",
          "terminate": "true"
        }
      ],
      "sessionPersonaSummary": {
        "speaker1": [
          "나는 어제 횡단보도에서 사고가 날 뻔했다.",
          "나는 횡단보도 건너기가 무섭다.",
          "나는 초록불이 켜진 뒤 기다렸다 건넌다.",
          "나는 성인이 되면 면허를 따고 싶다.",
          "나는 운전자들이 기본 질서를 잘 지켜줬으면 좋겠다고 생각한다."
        ],
        "speaker2": [
          "나는 사고를 목격한 적이 있다",
          "나는 운전을 할 줄 안다",
          "나는 나이 들면 운전이 더 어렵다고 생각한다",
          "운전은 습관이 중요하다"
        ]
      },
      "prevAggregatedpersonaSummary": {
        "speaker1": [
          "나는 10대 여성이다.",
          "나는 엄마가 조리사이다.",
          "나는 학원을 다니고 있다.",
          "나는 영화를 좋아한다.",
          "나는 영화관에 가고 싶다.",
          "나는 술자리에서 안주만 먹는다."
        ],
        "speaker2": [
          "나는 50대 여성이다",
          "나는 학습지 채점 검수를 한다",
          "나는 스포츠 영화를 자주 본다",
          "나는 재밌으면서 감동도 있는 그런 영화가 좋다",
          "나는 맥주를 좋아한다",
          "나는 술을 많이 못 먹는다."
        ]
      }
    },
    {
      "prevSessionID": "3-00626-2",
      "prevTimeInfo": {
        "timeNum": "7",
        "timeUnit": "주"
      },
      "nthSession": "3",
      "numberOfUtterances": "14",
      "numberOfTurns": "7",
      "sessionID": "3-00626-3",
      "dialog": [
        {
          "speaker": "speaker1",
          "personaID": "11265",
          "participantID": "3958",
          "utterance": "안녕하세요 7주만이네요 잘지내셨나요?",
          "summary": "",
          "date": "2022-11-11",
          "time": "13:25:39",
          "terminate": "false"
        },
        {
          "speaker": "speaker2",
          "personaID": "52153",
          "participantID": "3447",
          "utterance": "7주란 시간이 금방 지나가 버렸네요. 이번주에 김장을 했어요. ",
          "summary": "나는 이번 주에 김장을 했다",
          "date": "2022-11-11",
          "time": "18:11:07",
          "terminate": "false"
        },
        {
          "speaker": "speaker1",
          "personaID": "11265",
          "participantID": "3958",
          "utterance": "와 김장철이군요 몇명이서 하셨어요?",
          "summary": "",
          "date": "2022-11-11",
          "time": "19:51:13",
          "terminate": "false"
        },
        {
          "speaker": "speaker2",
          "personaID": "52153",
          "participantID": "3447",
          "utterance": "부모님이랑 동생네랑 다 같이 모여서 했어요",
          "summary": "나는 부모님, 동생네랑 김장을 했다.",
          "date": "2022-11-11",
          "time": "21:39:48",
          "terminate": "false"
        },
        {
          "speaker": "speaker1",
          "personaID": "11265",
          "participantID": "3958",
          "utterance": "그랬군요. 저는 오늘 등교를 하다가 횡단보도에서 앞을 안보고 핸드폰만 하는 사람들을 너무 많이 보는데 정말 위험해보이더라구요.",
          "summary": "나는 횡단보도에서 핸드폰 하는 사람들이 위험해 보였다.",
          "date": "2022-11-11",
          "time": "22:20:45",
          "terminate": "false"
        },
        {
          "speaker": "speaker2",
          "personaID": "52153",
          "participantID": "3447",
          "utterance": "요즘 그게 참 문제예요. 잠시도 폰을 놓지 않으니... 불안해요",
          "summary": "",
          "date": "2022-11-12",
          "time": "10:29:46",
          "terminate": "false"
        },
        {
          "speaker": "speaker1",
          "personaID": "11265",
          "participantID": "3958",
          "utterance": "저는 조카한테 횡단보도에서 조심하라고 주의를 자주 주는데 자녀분들한테 어렸을때 교통 교육을 자주 시키셨나요?",
          "summary": "나는 조카에서 교통 교육을 자주 시킨다.",
          "date": "2022-11-12",
          "time": "15:57:57",
          "terminate": "false"
        },
        {
          "speaker": "speaker2",
          "personaID": "52153",
          "participantID": "3447",
          "utterance": "네, 그런 교육은 자주 시켰죠. 손들고 건너고 그랬죠. ",
          "summary": "나는 자녀들에게 교통 교육을 시켰었다",
          "date": "2022-11-12",
          "time": "21:15:09",
          "terminate": "false"
        },
        {
          "speaker": "speaker1",
          "personaID": "11265",
          "participantID": "3958",
          "utterance": "그랬군요. 요즘에는 이제 횡단보도에서는 스마트폰을 보지 않는것도 교육에 꼭 들어가야 할 것 같아요",
          "summary": "나는 횡단보도에서 휴대폰을 보지 않도록 교육해야 한다고 생각한다.",
          "date": "2022-11-12",
          "time": "22:37:11",
          "terminate": "false"
        },
        {
          "speaker": "speaker2",
          "personaID": "52153",
          "participantID": "3447",
          "utterance": "요즘은 어른들도 길에서 스마트폰 보느라 차가 지나가도 모르니... ",
          "summary": "\n-",
          "date": "2022-11-13",
          "time": "09:16:40",
          "terminate": "false"
        },
        {
          "speaker": "speaker1",
          "personaID": "11265",
          "participantID": "3958",
          "utterance": "맞아요 핸드폰 보느라 초록불 켜진줄도 모르는 사람도 자주봐요",
          "summary": "",
          "date": "2022-11-13",
          "time": "10:08:45",
          "terminate": "false"
        },
        {
          "speaker": "speaker2",
          "personaID": "52153",
          "participantID": "3447",
          "utterance": "요즘은 우회전시 일단 정지 안하면 위반인데 아직도 안지켜지는게 많아요.",
          "summary": "",
          "date": "2022-11-13",
          "time": "19:28:23",
          "terminate": "false"
        },
        {
          "speaker": "speaker1",
          "personaID": "11265",
          "participantID": "3958",
          "utterance": "그래서 요즘 횡단보도에서 초록불켜져도 몇 초 지나서 건너요... 불안해서... 무튼 저부터도 신호등 잘 지켜야겠어요",
          "summary": "나는 신호등을 잘 지켜야 한다고 생각한다.",
          "date": "2022-11-13",
          "time": "21:52:56",
          "terminate": "false"
        },
        {
          "speaker": "speaker2",
          "personaID": "52153",
          "participantID": "3447",
          "utterance": "맞아요, 기본부터 지키는게 아주 중요하니까요. 저녁 먹을 시간이 됐네요. 스포츠영화보면서 먹을거예요.ㅎㅎ 담에대화해요.",
          "summary": "나는 스포츠 영화를 보면서 밥을 먹을 것이다.",
          "date": "2022-11-14",
          "time": "18:38:09",
          "terminate": "true"
        }
      ],
      "sessionPersonaSummary": {
        "speaker1": [
          "나는 횡단보도에서 핸드폰 하는 사람들이 위험해 보였다.",
          "나는 조카에서 교통 교육을 자주 시킨다.",
          "나는 횡단보도에서 휴대폰을 보지 않도록 교육해야 한다고 생각한다.",
          "나는 신호등을 잘 지켜야 한다고 생각한다."
        ],
        "speaker2": [
          "나는 이번 주에 김장을 했다",
          "나는 부모님, 동생네랑 김장을 했다.",
          "나는 자녀들에게 교통 교육을 시켰었다",
          "\n-",
          "나는 스포츠 영화를 보면서 밥을 먹을 것이다."
        ]
      },
      "prevAggregatedpersonaSummary": {
        "speaker1": [
          "나는 10대 여성이다.",
          "나는 엄마가 조리사이다.",
          "나는 학원을 다니고 있다.",
          "나는 영화를 좋아한다.",
          "나는 영화관에 가고 싶다.",
          "나는 술자리에서 안주만 먹는다.",
          "나는 어제 횡단보도에서 사고가 날 뻔했다.",
          "나는 횡단보도 건너기가 무섭다.",
          "나는 초록불이 켜진 뒤 기다렸다 건넌다.",
          "나는 성인이 되면 면허를 따고 싶다.",
          "나는 운전자들이 기본 질서를 잘 지켜줬으면 좋겠다고 생각한다."
        ],
        "speaker2": [
          "나는 50대 여성이다",
          "나는 학습지 채점 검수를 한다",
          "나는 스포츠 영화를 자주 본다",
          "나는 재밌으면서 감동도 있는 그런 영화가 좋다",
          "나는 맥주를 좋아한다",
          "나는 술을 많이 못 먹는다.",
          "나는 사고를 목격한 적이 있다",
          "나는 운전을 할 줄 안다",
          "나는 나이 들면 운전이 더 어렵다고 생각한다",
          "운전은 습관이 중요하다"
        ]
      }
    }
  ]
}