{
  "FileInfo": {
    "filename": "K3-00575-CL13752-CP62982-07-07-S3.json",
    "sessionLevel": "3"
  },
  "participantsInfo": {
    "numberOfParticipants": "2",
    "speaker1": {
      "participantID": "4854",
      "gender": "여성",
      "age": "10대",
      "occupation": "학생",
      "bPlace": "서울/경기/인천",
      "gPlace": "서울/경기/인천",
      "rPlace": "서울/경기/인천",
      "educationLevel": "고졸"
    },
    "speaker2": {
      "participantID": "6450",
      "gender": "남성",
      "age": "50대",
      "occupation": "관리직",
      "bPlace": "부산/대구/울산/경상",
      "gPlace": "부산/대구/울산/경상",
      "rPlace": "서울/경기/인천",
      "educationLevel": "대학원졸"
    }
  },
  "multisessionInfo": {
    "multisessionID": "3-00575"
  },
  "personaInfo": {
    "clInfo": {
      "personaID": "13752",
      "personaFeatures": [
        "나는 여자이다.",
        "나는 10대이다.",
        "내가 사는 곳은 광주이다",
        "나는 사회학과에 진학하고 싶다",
        "나의 생일은 6월이다",
        "나는 분홍색을 좋아한다",
        "나는 액션 영화를 자주 본다"
      ],
      "speakerType": "speaker1"
    },
    "cpInfo": {
      "personaID": "62982",
      "personaFeatures": [
        "나는 남자이다.",
        "나는 60대 이상이다.",
        "나의 거주지는 포항이다",
        "나는 소주를 최근에 끊었다",
        "나는 매일 편안하다",
        "나는 백화점에 가는 것을 좋아한다",
        "나는 미국에 가봤다"
      ],
      "speakerType": "speaker2"
    }
  },
  "topicInfo": {
    "topicID": "07-07",
    "topicType": "개인 및 관계>가족",
    "topicTitle": "가족 사랑"
  },
  "sessionInfo": [
    {
      "prevSessionID": null,
      "prevTimeInfo": {
        "timeNum": null,
        "timeUnit": null
      },
      "nthSession": "1",
      "numberOfUtterances": "14",
      "numberOfTurns": "7",
      "sessionID": "3-00575-1",
      "dialog": [
        {
          "speaker": "speaker1",
          "personaID": "13752",
          "participantID": "4854",
          "utterance": "안녕하세요 저는 10대 여성입니다",
          "summary": "나는 10대 여성이다\n",
          "date": "2022-11-28",
          "time": "16:43:25",
          "terminate": "false"
        },
        {
          "speaker": "speaker2",
          "personaID": "62982",
          "participantID": "6450",
          "utterance": "안녕하세요 저는 60대 남성입니다",
          "summary": "나는 60대 남성이다",
          "date": "2022-11-30",
          "time": "21:29:25",
          "terminate": "false"
        },
        {
          "speaker": "speaker1",
          "personaID": "13752",
          "participantID": "4854",
          "utterance": "저는 광주에 살고 있는 학생입니다 반갑습니다",
          "summary": "나는 광주에 살고 있는 학생이다",
          "date": "2022-11-30",
          "time": "21:29:50",
          "terminate": "false"
        },
        {
          "speaker": "speaker2",
          "personaID": "62982",
          "participantID": "6450",
          "utterance": "저는 포항에 살고 있고 배를 타다가 지금은 은퇴하고 집에 있어요",
          "summary": "나는 포항에 살고 있고 배를 타다가 은퇴하고 집에 있다",
          "date": "2022-11-30",
          "time": "21:30:31",
          "terminate": "false"
        },
        {
          "speaker": "speaker1",
          "personaID": "13752",
          "participantID": "4854",
          "utterance": "어부셨어요? 저는 사회학과에 진학하기 위해 공부를 하고 있어요",
          "summary": "나는 사회학과에 진학하고 싶다",
          "date": "2022-11-30",
          "time": "21:31:01",
          "terminate": "false"
        },
        {
          "speaker": "speaker2",
          "personaID": "62982",
          "participantID": "6450",
          "utterance": "어부였어요 지금은 그만두었고요 그러면서 최근에 소주까지 끊었어요",
          "summary": "나는 어부였다 최근에는 소주를 끊었다",
          "date": "2022-11-30",
          "time": "21:31:31",
          "terminate": "false"
        },
        {
          "speaker": "speaker1",
          "personaID": "13752",
          "participantID": "4854",
          "utterance": "술을 끊으셨다니 축하드려요 저는 생일이 6월입니다 님은 생일이 언제세요?",
          "summary": "나는 6월생이다",
          "date": "2022-11-30",
          "time": "21:32:16",
          "terminate": "false"
        },
        {
          "speaker": "speaker2",
          "personaID": "62982",
          "participantID": "6450",
          "utterance": "저는 생일이 9월입니다 그래서 가을을 좋아해요 요즘 저는 집에 있으니 매일 편안해요",
          "summary": "나는 생일이 9월이다 그래서 가을을 좋다고 매일 편안하다",
          "date": "2022-11-30",
          "time": "21:32:48",
          "terminate": "false"
        },
        {
          "speaker": "speaker1",
          "personaID": "13752",
          "participantID": "4854",
          "utterance": "저는 매일 학교다니고 바빠요ㅠㅠ 저는 분홍색을 좋아해요 좋아하는 색이 있으세요?",
          "summary": "나는 분홍색을 좋아한다",
          "date": "2022-11-30",
          "time": "21:33:28",
          "terminate": "false"
        },
        {
          "speaker": "speaker2",
          "personaID": "62982",
          "participantID": "6450",
          "utterance": "저는 파란색을 좋아해요 바다색깔이라서요 저는 요즘 백화점 가는 것을 좋아해요 ",
          "summary": "나는 파란색을 좋아한다 나는 백화점 가는 것을 좋아한다",
          "date": "2022-11-30",
          "time": "21:34:00",
          "terminate": "false"
        },
        {
          "speaker": "speaker1",
          "personaID": "13752",
          "participantID": "4854",
          "utterance": "백화점 좋지요 저는 액션영화를 좋아해요 스트레스를 날릴 수 있어서요",
          "summary": "나는 액션 영화를 좋아한다",
          "date": "2022-11-30",
          "time": "21:34:45",
          "terminate": "false"
        },
        {
          "speaker": "speaker2",
          "personaID": "62982",
          "participantID": "6450",
          "utterance": "최근에 저는 미국에 가봤어요 아들 덕분에 여행다녀왔어요",
          "summary": "나는 최근에 미국에 여행을 가봤다",
          "date": "2022-11-30",
          "time": "21:35:05",
          "terminate": "false"
        },
        {
          "speaker": "speaker1",
          "personaID": "13752",
          "participantID": "4854",
          "utterance": "우와 좋으셨겠어요 구경 많이 하셨어요?",
          "summary": "",
          "date": "2022-11-30",
          "time": "21:35:22",
          "terminate": "false"
        },
        {
          "speaker": "speaker2",
          "personaID": "62982",
          "participantID": "6450",
          "utterance": "아주 좋은 경험이었어요 백화점 갈 시간이라 담에 또 봐요",
          "summary": "나는 백화점 갈 시간이다",
          "date": "2022-11-30",
          "time": "21:35:47",
          "terminate": "true"
        }
      ],
      "sessionPersonaSummary": {
        "speaker1": [
          "나는 10대 여성이다\n",
          "나는 광주에 살고 있는 학생이다",
          "나는 사회학과에 진학하고 싶다",
          "나는 6월생이다",
          "나는 분홍색을 좋아한다",
          "나는 액션 영화를 좋아한다"
        ],
        "speaker2": [
          "나는 60대 남성이다",
          "나는 포항에 살고 있고 배를 타다가 은퇴하고 집에 있다",
          "나는 어부였다 최근에는 소주를 끊었다",
          "나는 생일이 9월이다 그래서 가을을 좋다고 매일 편안하다",
          "나는 파란색을 좋아한다 나는 백화점 가는 것을 좋아한다",
          "나는 최근에 미국에 여행을 가봤다",
          "나는 백화점 갈 시간이다"
        ]
      },
      "prevAggregatedpersonaSummary": {
        "speaker1": [],
        "speaker2": []
      }
    },
    {
      "prevSessionID": "3-00575-1",
      "prevTimeInfo": {
        "timeNum": "42",
        "timeUnit": "시간"
      },
      "nthSession": "2",
      "numberOfUtterances": "14",
      "numberOfTurns": "7",
      "sessionID": "3-00575-2",
      "dialog": [
        {
          "speaker": "speaker1",
          "personaID": "13752",
          "participantID": "4854",
          "utterance": "42시간만에 다시 인사드립니다 잘 지내셨어요?",
          "summary": "",
          "date": "2022-11-30",
          "time": "21:39:43",
          "terminate": "false"
        },
        {
          "speaker": "speaker2",
          "personaID": "62982",
          "participantID": "6450",
          "utterance": "네 백화점 구경도 하고 잘 지냈어요 학생은 가족이 어떻게 되요?",
          "summary": "나는 백화점 구경하고 지냈다",
          "date": "2022-11-30",
          "time": "21:40:15",
          "terminate": "false"
        },
        {
          "speaker": "speaker1",
          "personaID": "13752",
          "participantID": "4854",
          "utterance": "저는 네식구가 같이 살아요 엄마 아빠 언니랑 있어요",
          "summary": "나는 엄마, 아빠, 언니랑 네 식구가 같이 산다",
          "date": "2022-11-30",
          "time": "21:41:37",
          "terminate": "false"
        },
        {
          "speaker": "speaker2",
          "personaID": "62982",
          "participantID": "6450",
          "utterance": "단란한 가정이네요 저는 아들 둘인데 둘다 결혼해서 도시에 살아요",
          "summary": "나는 결혼한 아들 둘이 있다",
          "date": "2022-11-30",
          "time": "21:42:03",
          "terminate": "false"
        },
        {
          "speaker": "speaker1",
          "personaID": "13752",
          "participantID": "4854",
          "utterance": "자녀분을 보고싶지 않으세요? 저는 같이 살아서 분가의 느낌을 잘 몰라서요",
          "summary": "나는 같이 살아서 분가의 느낌을 모른다",
          "date": "2022-11-30",
          "time": "21:43:02",
          "terminate": "false"
        },
        {
          "speaker": "speaker2",
          "personaID": "62982",
          "participantID": "6450",
          "utterance": "자식들 보고 싶죠 그런데 다들 자기 일이 있다보니 얼굴보기가 어렵네요^^",
          "summary": "나는 자식 얼굴 보기 어렵다",
          "date": "2022-11-30",
          "time": "21:43:31",
          "terminate": "false"
        },
        {
          "speaker": "speaker1",
          "personaID": "13752",
          "participantID": "4854",
          "utterance": "자주 오라고 연락하세요 그러면 오지 않을까요? 저는 아빠엄마보고 필요한 것 있으면 언제라도 말하거든요",
          "summary": "나는 엄마 아빠에게 필요한 게 있으면 언제라도 말한다",
          "date": "2022-11-30",
          "time": "21:44:37",
          "terminate": "false"
        },
        {
          "speaker": "speaker2",
          "personaID": "62982",
          "participantID": "6450",
          "utterance": "자식들 부담될까봐 그러지도 못해요 그래도 지난 봄에 배를 그만 탄다니 내려와서 술한잔 했어요",
          "summary": "나는 지난봄에 배를 그만 탈 때 아들이 와서 술 한잔 했다",
          "date": "2022-11-30",
          "time": "21:45:18",
          "terminate": "false"
        },
        {
          "speaker": "speaker1",
          "personaID": "13752",
          "participantID": "4854",
          "utterance": "그때는 술을 드셨군요 아드님이 그래도 의리가 있네요",
          "summary": "",
          "date": "2022-11-30",
          "time": "21:45:47",
          "terminate": "false"
        },
        {
          "speaker": "speaker2",
          "personaID": "62982",
          "participantID": "6450",
          "utterance": "아들은 진작에 배를 타지 마시라고 했어요 위험하다고요 제가 고집부려 더 탔죠^^",
          "summary": "나는 내가 고집부려서 배를 탔다",
          "date": "2022-11-30",
          "time": "21:46:23",
          "terminate": "false"
        },
        {
          "speaker": "speaker1",
          "personaID": "13752",
          "participantID": "4854",
          "utterance": "아드님이 효자시네요 저도 엄마아빠 힘드시지 않게 해드려야 하는데",
          "summary": "나는 엄마 아빠 힘드시지 않게 해 드려야겠다",
          "date": "2022-11-30",
          "time": "21:46:52",
          "terminate": "false"
        },
        {
          "speaker": "speaker2",
          "personaID": "62982",
          "participantID": "6450",
          "utterance": "학생은 공부 잘하는 것이 부모님께 효도하는 거예요^^ ",
          "summary": "",
          "date": "2022-11-30",
          "time": "21:47:17",
          "terminate": "false"
        },
        {
          "speaker": "speaker1",
          "personaID": "13752",
          "participantID": "4854",
          "utterance": "그런가요 공부를 더 열심히 해야겠네요 ",
          "summary": "나는 공부를 더 열심히 해야겠다",
          "date": "2022-11-30",
          "time": "21:47:30",
          "terminate": "false"
        },
        {
          "speaker": "speaker2",
          "personaID": "62982",
          "participantID": "6450",
          "utterance": "아들한테 전화가 와서 이만 나갈께요 담에 봐요",
          "summary": "",
          "date": "2022-11-30",
          "time": "21:47:56",
          "terminate": "true"
        }
      ],
      "sessionPersonaSummary": {
        "speaker1": [
          "나는 엄마, 아빠, 언니랑 네 식구가 같이 산다",
          "나는 같이 살아서 분가의 느낌을 모른다",
          "나는 엄마 아빠에게 필요한 게 있으면 언제라도 말한다",
          "나는 엄마 아빠 힘드시지 않게 해 드려야겠다",
          "나는 공부를 더 열심히 해야겠다"
        ],
        "speaker2": [
          "나는 백화점 구경하고 지냈다",
          "나는 결혼한 아들 둘이 있다",
          "나는 자식 얼굴 보기 어렵다",
          "나는 지난봄에 배를 그만 탈 때 아들이 와서 술 한잔 했다",
          "나는 내가 고집부려서 배를 탔다"
        ]
      },
      "prevAggregatedpersonaSummary": {
        "speaker1": [
          "나는 10대 여성이다\n",
          "나는 광주에 살고 있는 학생이다",
          "나는 사회학과에 진학하고 싶다",
          "나는 6월생이다",
          "나는 분홍색을 좋아한다",
          "나는 액션 영화를 좋아한다"
        ],
        "speaker2": [
          "나는 60대 남성이다",
          "나는 포항에 살고 있고 배를 타다가 은퇴하고 집에 있다",
          "나는 어부였다 최근에는 소주를 끊었다",
          "나는 생일이 9월이다 그래서 가을을 좋다고 매일 편안하다",
          "나는 파란색을 좋아한다 나는 백화점 가는 것을 좋아한다",
          "나는 최근에 미국에 여행을 가봤다",
          "나는 백화점 갈 시간이다"
        ]
      }
    },
    {
      "prevSessionID": "3-00575-2",
      "prevTimeInfo": {
        "timeNum": "1",
        "timeUnit": "일"
      },
      "nthSession": "3",
      "numberOfUtterances": "14",
      "numberOfTurns": "7",
      "sessionID": "3-00575-3",
      "dialog": [
        {
          "speaker": "speaker1",
          "personaID": "13752",
          "participantID": "4854",
          "utterance": "하루가 지났네요 건강 이상없으시죠?",
          "summary": "",
          "date": "2022-11-30",
          "time": "21:51:58",
          "terminate": "false"
        },
        {
          "speaker": "speaker2",
          "personaID": "62982",
          "participantID": "6450",
          "utterance": "잘 지냈어요?  저는 어제 저녁에 몸살이 나서 혼났어요",
          "summary": "나는 어제저녁에 몸살이 나서 혼났다",
          "date": "2022-11-30",
          "time": "21:52:30",
          "terminate": "false"
        },
        {
          "speaker": "speaker1",
          "personaID": "13752",
          "participantID": "4854",
          "utterance": "병원에는 다녀오셨어요? 많이 아프지 않으세요?",
          "summary": "",
          "date": "2022-11-30",
          "time": "21:52:52",
          "terminate": "false"
        },
        {
          "speaker": "speaker2",
          "personaID": "62982",
          "participantID": "6450",
          "utterance": "병원에는 안가고 대신 아내가 약국에서 약을 타와서 먹었어요 ",
          "summary": "나는 병원에는 안 가고 아내가 준 약을 먹었다",
          "date": "2022-11-30",
          "time": "21:53:19",
          "terminate": "false"
        },
        {
          "speaker": "speaker1",
          "personaID": "13752",
          "participantID": "4854",
          "utterance": "사모님이 옆에 계시니 다행이네요 저도 아플때 엄마가 다 해줘요",
          "summary": "나는 아플 때 엄마가 다 해주셨다",
          "date": "2022-11-30",
          "time": "21:53:44",
          "terminate": "false"
        },
        {
          "speaker": "speaker2",
          "personaID": "62982",
          "participantID": "6450",
          "utterance": "맞아요 아내가 없으면 저는 못 살것 같아요 어제 아내는 저를 간병한다고 잠을 제대로 못 잤어요",
          "summary": "나는 아내 없으면 못 살 것 같다 밤새 아내 간병으로 버텼다",
          "date": "2022-11-30",
          "time": "21:54:42",
          "terminate": "false"
        },
        {
          "speaker": "speaker1",
          "personaID": "13752",
          "participantID": "4854",
          "utterance": "사모님이 쓰러지시면 어떡해요? 건강 챙겨드려야 겠어요",
          "summary": "",
          "date": "2022-11-30",
          "time": "21:55:45",
          "terminate": "false"
        },
        {
          "speaker": "speaker2",
          "personaID": "62982",
          "participantID": "6450",
          "utterance": "제가 지금까지 아내한테 해준것이 별로 없어서 미안해요 맨날 받기만 한 것 같아요",
          "summary": "나는 아내한테 해준 것이 없어서 미안하다",
          "date": "2022-11-30",
          "time": "21:56:25",
          "terminate": "false"
        },
        {
          "speaker": "speaker1",
          "personaID": "13752",
          "participantID": "4854",
          "utterance": "저희집 엄마도 아빠를 많이 챙겨주시는 것을 봤어요",
          "summary": "나는 엄마가 아빠를 챙겨주시는 것을 봤다",
          "date": "2022-11-30",
          "time": "21:57:05",
          "terminate": "false"
        },
        {
          "speaker": "speaker2",
          "personaID": "62982",
          "participantID": "6450",
          "utterance": "이제 늙었지만 그동안 못해준 것들 다 해줘야겠어요",
          "summary": "나는 이제라도 못 해준 것들을 해줘야겠다",
          "date": "2022-11-30",
          "time": "21:57:32",
          "terminate": "false"
        },
        {
          "speaker": "speaker1",
          "personaID": "13752",
          "participantID": "4854",
          "utterance": "네 맛있는 거 드시고 좋은 곳 여행다니시고 하시면 좋겠어요",
          "summary": "",
          "date": "2022-11-30",
          "time": "21:58:00",
          "terminate": "false"
        },
        {
          "speaker": "speaker2",
          "personaID": "62982",
          "participantID": "6450",
          "utterance": "이제 백화점에 가서 구경만 하지 않고 아내가 좋아하는 것 사고 먹고 해야겠어요",
          "summary": "나는 백화점 가서 아내에게 좋은 것 먹이고 사줘야겠다",
          "date": "2022-11-30",
          "time": "21:58:37",
          "terminate": "false"
        },
        {
          "speaker": "speaker1",
          "personaID": "13752",
          "participantID": "4854",
          "utterance": "좋은 생각이시네요 저도 엄마아빠한테 좋은 선물 해드려야 겠어요",
          "summary": "나는 엄마 아빠에게 좋은 선물 해 드려야겠다",
          "date": "2022-11-30",
          "time": "21:59:05",
          "terminate": "false"
        },
        {
          "speaker": "speaker2",
          "personaID": "62982",
          "participantID": "6450",
          "utterance": "건강하고 행복하게 사는 게 가장 좋은 선물이죠^^ 아내한테 가봐야 겠어요 담에 봐요",
          "summary": "",
          "date": "2022-11-30",
          "time": "21:59:47",
          "terminate": "true"
        }
      ],
      "sessionPersonaSummary": {
        "speaker1": [
          "나는 아플 때 엄마가 다 해주셨다",
          "나는 엄마가 아빠를 챙겨주시는 것을 봤다",
          "나는 엄마 아빠에게 좋은 선물 해 드려야겠다"
        ],
        "speaker2": [
          "나는 어제저녁에 몸살이 나서 혼났다",
          "나는 병원에는 안 가고 아내가 준 약을 먹었다",
          "나는 아내 없으면 못 살 것 같다 밤새 아내 간병으로 버텼다",
          "나는 아내한테 해준 것이 없어서 미안하다",
          "나는 이제라도 못 해준 것들을 해줘야겠다",
          "나는 백화점 가서 아내에게 좋은 것 먹이고 사줘야겠다"
        ]
      },
      "prevAggregatedpersonaSummary": {
        "speaker1": [
          "나는 10대 여성이다\n",
          "나는 광주에 살고 있는 학생이다",
          "나는 사회학과에 진학하고 싶다",
          "나는 6월생이다",
          "나는 분홍색을 좋아한다",
          "나는 액션 영화를 좋아한다",
          "나는 엄마, 아빠, 언니랑 네 식구가 같이 산다",
          "나는 같이 살아서 분가의 느낌을 모른다",
          "나는 엄마 아빠에게 필요한 게 있으면 언제라도 말한다",
          "나는 엄마 아빠 힘드시지 않게 해 드려야겠다",
          "나는 공부를 더 열심히 해야겠다"
        ],
        "speaker2": [
          "나는 60대 남성이다",
          "나는 포항에 살고 있고 배를 타다가 은퇴하고 집에 있다",
          "나는 어부였다 최근에는 소주를 끊었다",
          "나는 생일이 9월이다 그래서 가을을 좋다고 매일 편안하다",
          "나는 파란색을 좋아한다 나는 백화점 가는 것을 좋아한다",
          "나는 최근에 미국에 여행을 가봤다",
          "나는 백화점 갈 시간이다",
          "나는 백화점 구경하고 지냈다",
          "나는 결혼한 아들 둘이 있다",
          "나는 자식 얼굴 보기 어렵다",
          "나는 지난봄에 배를 그만 탈 때 아들이 와서 술 한잔 했다",
          "나는 내가 고집부려서 배를 탔다"
        ]
      }
    }
  ]
}