{
  "FileInfo": {
    "filename": "K3-00197-CL30306-CP31221-08-15-S3.json",
    "sessionLevel": "3"
  },
  "participantsInfo": {
    "numberOfParticipants": "2",
    "speaker1": {
      "participantID": "2146",
      "gender": "남성",
      "age": "30대",
      "occupation": "사무직",
      "bPlace": "서울/경기/인천",
      "gPlace": "서울/경기/인천",
      "rPlace": "서울/경기/인천",
      "educationLevel": "대졸"
    },
    "speaker2": {
      "participantID": "2046",
      "gender": "남성",
      "age": "30대",
      "occupation": "무직",
      "bPlace": "부산/대구/울산/경상",
      "gPlace": "부산/대구/울산/경상",
      "rPlace": "부산/대구/울산/경상",
      "educationLevel": "대졸"
    }
  },
  "multisessionInfo": {
    "multisessionID": "3-00197"
  },
  "personaInfo": {
    "clInfo": {
      "personaID": "30306",
      "personaFeatures": [
        "나는 남자이다.",
        "나는 30대이다.",
        "나는 20년 후 자랑스러운 부모가 되는 것이 목표이다.",
        "나는 혼자 있는 것을 참지 못한다.",
        "나는 맛있는 음식을 먹으면 스트레스가 풀린다."
      ],
      "speakerType": "speaker1"
    },
    "cpInfo": {
      "personaID": "31221",
      "personaFeatures": [
        "나는 남자이다.",
        "나는 30대이다.",
        "나는 2년 전에 다리를 다쳤다.",
        "나는 매일 슬프다.",
        "나는 마라탕을 안 먹는다."
      ],
      "speakerType": "speaker2"
    }
  },
  "topicInfo": {
    "topicID": "08-15",
    "topicType": "개인 및 관계>연애/결혼",
    "topicTitle": "신부/신랑 수업"
  },
  "sessionInfo": [
    {
      "prevSessionID": null,
      "prevTimeInfo": {
        "timeNum": null,
        "timeUnit": null
      },
      "nthSession": "1",
      "numberOfUtterances": "16",
      "numberOfTurns": "8",
      "sessionID": "3-00197-1",
      "dialog": [
        {
          "speaker": "speaker1",
          "personaID": "30306",
          "participantID": "2146",
          "utterance": "어서오세요. 서울에사는 30대 남자입니다.",
          "summary": "나는 30대 남자다.",
          "date": "2022-10-15",
          "time": "11:10:30",
          "terminate": "false"
        },
        {
          "speaker": "speaker2",
          "personaID": "31221",
          "participantID": "2046",
          "utterance": "저도 서울에 살고 있습니다~ 30대 남자입니다!",
          "summary": "나는 서울에 거주한다. 나는 30대 남자이다.",
          "date": "2022-10-15",
          "time": "11:10:52",
          "terminate": "false"
        },
        {
          "speaker": "speaker1",
          "personaID": "30306",
          "participantID": "2146",
          "utterance": "반갑습니다. 어떤일을 하시나요?",
          "summary": "",
          "date": "2022-10-15",
          "time": "11:10:57",
          "terminate": "false"
        },
        {
          "speaker": "speaker2",
          "personaID": "31221",
          "participantID": "2046",
          "utterance": "축구 선수였는데 2년 전에 다리를 다쳐서 중학교 코치를 하고 있어요~",
          "summary": "나는 축구 선수였다. 나는 2년 전에 다리를 다쳤다. 나는 중학교 코치이다.",
          "date": "2022-10-15",
          "time": "11:11:19",
          "terminate": "false"
        },
        {
          "speaker": "speaker1",
          "personaID": "30306",
          "participantID": "2146",
          "utterance": "그러시구나~ 저는 변호사로 일해요.",
          "summary": "나는 변호사다.",
          "date": "2022-10-15",
          "time": "11:11:33",
          "terminate": "false"
        },
        {
          "speaker": "speaker2",
          "personaID": "31221",
          "participantID": "2046",
          "utterance": "좋은 직업이시네요! 벌이가 괜찮으시겠네~ㅎㅎ.",
          "summary": "",
          "date": "2022-10-15",
          "time": "11:11:57",
          "terminate": "false"
        },
        {
          "speaker": "speaker1",
          "personaID": "30306",
          "participantID": "2146",
          "utterance": "요즘에는 그렇지도 않아요~ 스트레스는 어떻게 푸세요?",
          "summary": "",
          "date": "2022-10-15",
          "time": "11:12:23",
          "terminate": "false"
        },
        {
          "speaker": "speaker2",
          "personaID": "31221",
          "participantID": "2046",
          "utterance": "축구 기본기 연습을 해요. 2년 전만 생각하면 매일 슬프네요~",
          "summary": "나는 축구 기본기 연습을 한다. 나는 매일 슬프다.",
          "date": "2022-10-15",
          "time": "11:12:51",
          "terminate": "false"
        },
        {
          "speaker": "speaker1",
          "personaID": "30306",
          "participantID": "2146",
          "utterance": "저는 맛있는걸 먹으면 스트레스가 풀리네요. 부상은 정말 안타깝네요.",
          "summary": "나는 맛있는 음식을 먹으면 스트레스가 풀린다. 나는 안타깝다.",
          "date": "2022-10-15",
          "time": "11:13:02",
          "terminate": "false"
        },
        {
          "speaker": "speaker2",
          "personaID": "31221",
          "participantID": "2046",
          "utterance": "저도 안타깝다고 생각해요~ 맛있는 거는 뭐를 드시나요?",
          "summary": "나는 안타깝다.",
          "date": "2022-10-15",
          "time": "11:13:29",
          "terminate": "false"
        },
        {
          "speaker": "speaker1",
          "personaID": "30306",
          "participantID": "2146",
          "utterance": "저는 주로 단걸 먹어요~ 단 음식 좋아해요?",
          "summary": "나는 단 음식을 주로 먹는다.",
          "date": "2022-10-15",
          "time": "11:13:38",
          "terminate": "false"
        },
        {
          "speaker": "speaker2",
          "personaID": "31221",
          "participantID": "2046",
          "utterance": "단 음식은 안 좋아하네요~ 저는 간이 센 걸 좋아해요~ 근데 마라탕은 안 먹네요~",
          "summary": "나는 단 은식을 안 좋아한다. 나는 간이 센 음식을 좋아한다. 나는 마라탕을 안 먹는다.",
          "date": "2022-10-15",
          "time": "11:14:01",
          "terminate": "false"
        },
        {
          "speaker": "speaker1",
          "personaID": "30306",
          "participantID": "2146",
          "utterance": "마라탕은 호불호가 갈리긴하죠~ 애들은 말 잘듣나요?",
          "summary": "",
          "date": "2022-10-15",
          "time": "11:14:18",
          "terminate": "false"
        },
        {
          "speaker": "speaker2",
          "personaID": "31221",
          "participantID": "2046",
          "utterance": "그런 것 같아요~ 네. 애들은 말 잘 듣네요~ 운동부라서 그런지~ㅎㅎ.",
          "summary": "나의 학생들은 말을 잘 듣는다.",
          "date": "2022-10-15",
          "time": "11:14:39",
          "terminate": "false"
        },
        {
          "speaker": "speaker1",
          "personaID": "30306",
          "participantID": "2146",
          "utterance": "그렇군요~ 잠시만요. 전화가 오네요.",
          "summary": "나에게 전화가 왔다.",
          "date": "2022-10-15",
          "time": "11:14:47",
          "terminate": "false"
        },
        {
          "speaker": "speaker2",
          "personaID": "31221",
          "participantID": "2046",
          "utterance": "네. 알겠습니다. 통화하시고 오세요~",
          "summary": "",
          "date": "2022-10-15",
          "time": "11:14:52",
          "terminate": "true"
        }
      ],
      "sessionPersonaSummary": {
        "speaker1": [
          "나는 30대 남자다.",
          "나는 변호사다.",
          "나는 맛있는 음식을 먹으면 스트레스가 풀린다. 나는 안타깝다.",
          "나는 단 음식을 주로 먹는다.",
          "나에게 전화가 왔다."
        ],
        "speaker2": [
          "나는 서울에 거주한다. 나는 30대 남자이다.",
          "나는 축구 선수였다. 나는 2년 전에 다리를 다쳤다. 나는 중학교 코치이다.",
          "나는 축구 기본기 연습을 한다. 나는 매일 슬프다.",
          "나는 안타깝다.",
          "나는 단 은식을 안 좋아한다. 나는 간이 센 음식을 좋아한다. 나는 마라탕을 안 먹는다.",
          "나의 학생들은 말을 잘 듣는다."
        ]
      },
      "prevAggregatedpersonaSummary": {
        "speaker1": [],
        "speaker2": []
      }
    },
    {
      "prevSessionID": "3-00197-1",
      "prevTimeInfo": {
        "timeNum": "3",
        "timeUnit": "시간"
      },
      "nthSession": "2",
      "numberOfUtterances": "16",
      "numberOfTurns": "8",
      "sessionID": "3-00197-2",
      "dialog": [
        {
          "speaker": "speaker1",
          "personaID": "30306",
          "participantID": "2146",
          "utterance": "예비 신부가 전화와서 3시간동안 통화를 했네요.",
          "summary": "나는 예비신부와 통화를 했다.",
          "date": "2022-10-15",
          "time": "11:15:08",
          "terminate": "false"
        },
        {
          "speaker": "speaker2",
          "personaID": "31221",
          "participantID": "2046",
          "utterance": "아~ 예비 신랑님이셨구나~ 언제 결혼하시나요?",
          "summary": "",
          "date": "2022-10-15",
          "time": "11:15:30",
          "terminate": "false"
        },
        {
          "speaker": "speaker1",
          "personaID": "30306",
          "participantID": "2146",
          "utterance": "3달 뒤에 합니다. 근데 신랑수업을 들어야 된다고 하네요.",
          "summary": "나는 3달 뒤 결혼 예정이다.",
          "date": "2022-10-15",
          "time": "11:15:54",
          "terminate": "false"
        },
        {
          "speaker": "speaker2",
          "personaID": "31221",
          "participantID": "2046",
          "utterance": "아.. 요즘도 신랑 수업 같은 게 있나요?",
          "summary": "",
          "date": "2022-10-15",
          "time": "11:16:07",
          "terminate": "false"
        },
        {
          "speaker": "speaker1",
          "personaID": "30306",
          "participantID": "2146",
          "utterance": "저도 생소하네요. 여자친구 집안이 좀 보수적이긴해요.",
          "summary": "내 여자 친구 집이 보수적이다.",
          "date": "2022-10-15",
          "time": "11:16:18",
          "terminate": "false"
        },
        {
          "speaker": "speaker2",
          "personaID": "31221",
          "participantID": "2046",
          "utterance": "그렇구나.. 신부 쪽이 조금 사는 집안인가 보네요~",
          "summary": "",
          "date": "2022-10-15",
          "time": "11:16:36",
          "terminate": "false"
        },
        {
          "speaker": "speaker1",
          "personaID": "30306",
          "participantID": "2146",
          "utterance": "조금 그래요. 그래서 제가 모르는 부분이 많아요.",
          "summary": "내 여자 친구 집은 잘 산다.",
          "date": "2022-10-15",
          "time": "11:16:47",
          "terminate": "false"
        },
        {
          "speaker": "speaker2",
          "personaID": "31221",
          "participantID": "2046",
          "utterance": "그럴 수도 있죠~ 신랑 수업은 정말 생소하네요~",
          "summary": "나는 신랑 수업이 생소하다.",
          "date": "2022-10-15",
          "time": "11:17:01",
          "terminate": "false"
        },
        {
          "speaker": "speaker1",
          "personaID": "30306",
          "participantID": "2146",
          "utterance": "저도 이해가 안가서 이것저것 많이 물어봤는데 아직도 이해가 안돼요.",
          "summary": "나는 신랑 수업이 이해가 안 된다.",
          "date": "2022-10-15",
          "time": "11:17:15",
          "terminate": "false"
        },
        {
          "speaker": "speaker2",
          "personaID": "31221",
          "participantID": "2046",
          "utterance": "어쩔 수 없죠.. 차근차근 배워나가면 되죠~",
          "summary": "",
          "date": "2022-10-15",
          "time": "11:17:29",
          "terminate": "false"
        },
        {
          "speaker": "speaker1",
          "personaID": "30306",
          "participantID": "2146",
          "utterance": "하라면 해야죠. 결혼식 비용도 신부쪽에서 다 내는데.",
          "summary": "내 결혼식 비용은 예비 처가에서 낸다.",
          "date": "2022-10-15",
          "time": "11:17:42",
          "terminate": "false"
        },
        {
          "speaker": "speaker2",
          "personaID": "31221",
          "participantID": "2046",
          "utterance": "우와.. 그거 정말 대단한 집안이네요~",
          "summary": "",
          "date": "2022-10-15",
          "time": "11:17:57",
          "terminate": "false"
        },
        {
          "speaker": "speaker1",
          "personaID": "30306",
          "participantID": "2146",
          "utterance": "꽉 잡혀 살것 같아서 겁나긴 하지만 어쩔수 없죠.",
          "summary": "나는 겁난다.",
          "date": "2022-10-15",
          "time": "11:18:09",
          "terminate": "false"
        },
        {
          "speaker": "speaker2",
          "personaID": "31221",
          "participantID": "2046",
          "utterance": "확실히 눈치도 보이고 그러겠네요..",
          "summary": "",
          "date": "2022-10-15",
          "time": "11:18:18",
          "terminate": "false"
        },
        {
          "speaker": "speaker1",
          "personaID": "30306",
          "participantID": "2146",
          "utterance": "아무래도 그렇겠죠. 저는 이만 약속이 있어서요.",
          "summary": "나는 약속이 있다.",
          "date": "2022-10-15",
          "time": "11:18:32",
          "terminate": "false"
        },
        {
          "speaker": "speaker2",
          "personaID": "31221",
          "participantID": "2046",
          "utterance": "네. 알겠습니다~ 다음에 연락 주세요~",
          "summary": "",
          "date": "2022-10-15",
          "time": "11:18:43",
          "terminate": "true"
        }
      ],
      "sessionPersonaSummary": {
        "speaker1": [
          "나는 예비신부와 통화를 했다.",
          "나는 3달 뒤 결혼 예정이다.",
          "내 여자 친구 집이 보수적이다.",
          "내 여자 친구 집은 잘 산다.",
          "나는 신랑 수업이 이해가 안 된다.",
          "내 결혼식 비용은 예비 처가에서 낸다.",
          "나는 겁난다.",
          "나는 약속이 있다."
        ],
        "speaker2": [
          "나는 신랑 수업이 생소하다."
        ]
      },
      "prevAggregatedpersonaSummary": {
        "speaker1": [
          "나는 30대 남자다.",
          "나는 변호사다.",
          "나는 맛있는 음식을 먹으면 스트레스가 풀린다. 나는 안타깝다.",
          "나는 단 음식을 주로 먹는다.",
          "나에게 전화가 왔다."
        ],
        "speaker2": [
          "나는 서울에 거주한다. 나는 30대 남자이다.",
          "나는 축구 선수였다. 나는 2년 전에 다리를 다쳤다. 나는 중학교 코치이다.",
          "나는 축구 기본기 연습을 한다. 나는 매일 슬프다.",
          "나는 안타깝다.",
          "나는 단 은식을 안 좋아한다. 나는 간이 센 음식을 좋아한다. 나는 마라탕을 안 먹는다.",
          "나의 학생들은 말을 잘 듣는다."
        ]
      }
    },
    {
      "prevSessionID": "3-00197-2",
      "prevTimeInfo": {
        "timeNum": "7",
        "timeUnit": "주"
      },
      "nthSession": "3",
      "numberOfUtterances": "16",
      "numberOfTurns": "8",
      "sessionID": "3-00197-3",
      "dialog": [
        {
          "speaker": "speaker1",
          "personaID": "30306",
          "participantID": "2146",
          "utterance": "7주가 흘렀네요. 신랑수업이라고 들어갔는데 예의범절 수업 같은거네요.",
          "summary": "나는 신랑수업을 들었다.",
          "date": "2022-10-15",
          "time": "11:19:09",
          "terminate": "false"
        },
        {
          "speaker": "speaker2",
          "personaID": "31221",
          "participantID": "2046",
          "utterance": "오랜만입니다! 아, 그런 거구나~ 고위층 예의범절인가..",
          "summary": "",
          "date": "2022-10-15",
          "time": "11:19:34",
          "terminate": "false"
        },
        {
          "speaker": "speaker1",
          "personaID": "30306",
          "participantID": "2146",
          "utterance": "부유층들끼리 하는 예의 차리고 하는거 이런거네요.",
          "summary": "",
          "date": "2022-10-15",
          "time": "11:19:43",
          "terminate": "false"
        },
        {
          "speaker": "speaker2",
          "personaID": "31221",
          "participantID": "2046",
          "utterance": "아~ 무슨 느낌인지 알 것 같네요~",
          "summary": "",
          "date": "2022-10-15",
          "time": "11:19:55",
          "terminate": "false"
        },
        {
          "speaker": "speaker1",
          "personaID": "30306",
          "participantID": "2146",
          "utterance": "솔직히 손발이 오그라들기는 하는데 알고는 있어야죠.",
          "summary": "나는 쑥스럽다.",
          "date": "2022-10-15",
          "time": "11:20:08",
          "terminate": "false"
        },
        {
          "speaker": "speaker2",
          "personaID": "31221",
          "participantID": "2046",
          "utterance": "하긴 그렇겠네요.. 배우라고 하면 배워야죠..",
          "summary": "",
          "date": "2022-10-15",
          "time": "11:20:22",
          "terminate": "false"
        },
        {
          "speaker": "speaker1",
          "personaID": "30306",
          "participantID": "2146",
          "utterance": "그렇죠~ 근데 쉬는날은 보통 뭐 해요?",
          "summary": "",
          "date": "2022-10-15",
          "time": "11:20:32",
          "terminate": "false"
        },
        {
          "speaker": "speaker2",
          "personaID": "31221",
          "participantID": "2046",
          "utterance": "쉬는 날에는 @브랜드명1@를 보네요~",
          "summary": "나는 쉬는 날에 @브랜드명1@를 본다.",
          "date": "2022-10-15",
          "time": "11:20:51",
          "terminate": "false"
        },
        {
          "speaker": "speaker1",
          "personaID": "30306",
          "participantID": "2146",
          "utterance": "@브랜드명1@는 주로 뭐를 보시나요?",
          "summary": "",
          "date": "2022-10-15",
          "time": "11:20:56",
          "terminate": "false"
        },
        {
          "speaker": "speaker2",
          "personaID": "31221",
          "participantID": "2046",
          "utterance": "축구 @브랜드명1@를 봐요~ 축구 경기요~",
          "summary": "나는 축구 @브랜드명1@를 본다.",
          "date": "2022-10-15",
          "time": "11:21:07",
          "terminate": "false"
        },
        {
          "speaker": "speaker1",
          "personaID": "30306",
          "participantID": "2146",
          "utterance": "그렇군요~ 저는 요즘 여행 @브랜드명1@를 보네요.",
          "summary": "나는 요즘 여행 @브랜드명1@를 본다.",
          "date": "2022-10-15",
          "time": "11:21:16",
          "terminate": "false"
        },
        {
          "speaker": "speaker2",
          "personaID": "31221",
          "participantID": "2046",
          "utterance": "그렇구나~ 여행을 좋아하시나 봐요?",
          "summary": "",
          "date": "2022-10-15",
          "time": "11:21:28",
          "terminate": "false"
        },
        {
          "speaker": "speaker1",
          "personaID": "30306",
          "participantID": "2146",
          "utterance": "신혼 여행지를 정해야 되는데 어디로 갈지 몰라서요.",
          "summary": "나는 신혼 여행지를 정하고 있다.",
          "date": "2022-10-15",
          "time": "11:21:35",
          "terminate": "false"
        },
        {
          "speaker": "speaker2",
          "personaID": "31221",
          "participantID": "2046",
          "utterance": "아~ 역시 신혼 여행은 해외가 좋죠~",
          "summary": "",
          "date": "2022-10-15",
          "time": "11:21:50",
          "terminate": "false"
        },
        {
          "speaker": "speaker1",
          "personaID": "30306",
          "participantID": "2146",
          "utterance": "유럽쪽으로 생각중이네요. 저는 이만 사우나 갈게요. 다음에 봐요.",
          "summary": "나는 사우나에 간다. 나는 유럽으로 갈까 한다.",
          "date": "2022-10-15",
          "time": "11:22:06",
          "terminate": "false"
        },
        {
          "speaker": "speaker2",
          "personaID": "31221",
          "participantID": "2046",
          "utterance": "좋은 생각이네요~ 네. 다음에 연락 주세요~",
          "summary": "",
          "date": "2022-10-15",
          "time": "11:22:14",
          "terminate": "true"
        }
      ],
      "sessionPersonaSummary": {
        "speaker1": [
          "나는 신랑수업을 들었다.",
          "나는 쑥스럽다.",
          "나는 요즘 여행 @브랜드명1@를 본다.",
          "나는 신혼 여행지를 정하고 있다.",
          "나는 사우나에 간다. 나는 유럽으로 갈까 한다."
        ],
        "speaker2": [
          "나는 쉬는 날에 @브랜드명1@를 본다.",
          "나는 축구 @브랜드명1@를 본다."
        ]
      },
      "prevAggregatedpersonaSummary": {
        "speaker1": [
          "나는 30대 남자다.",
          "나는 변호사다.",
          "나는 맛있는 음식을 먹으면 스트레스가 풀린다. 나는 안타깝다.",
          "나는 단 음식을 주로 먹는다.",
          "나에게 전화가 왔다.",
          "나는 예비신부와 통화를 했다.",
          "나는 3달 뒤 결혼 예정이다.",
          "내 여자 친구 집이 보수적이다.",
          "내 여자 친구 집은 잘 산다.",
          "나는 신랑 수업이 이해가 안 된다.",
          "내 결혼식 비용은 예비 처가에서 낸다.",
          "나는 겁난다.",
          "나는 약속이 있다."
        ],
        "speaker2": [
          "나는 서울에 거주한다. 나는 30대 남자이다.",
          "나는 축구 선수였다. 나는 2년 전에 다리를 다쳤다. 나는 중학교 코치이다.",
          "나는 축구 기본기 연습을 한다. 나는 매일 슬프다.",
          "나는 안타깝다.",
          "나는 단 은식을 안 좋아한다. 나는 간이 센 음식을 좋아한다. 나는 마라탕을 안 먹는다.",
          "나의 학생들은 말을 잘 듣는다.",
          "나는 신랑 수업이 생소하다."
        ]
      }
    }
  ]
}