{
  "FileInfo": {
    "filename": "K3-00279-CL30284-CP25334-12-08-S3.json",
    "sessionLevel": "3"
  },
  "participantsInfo": {
    "numberOfParticipants": "2",
    "speaker1": {
      "participantID": "3984",
      "gender": "남성",
      "age": "20대",
      "occupation": "사무직",
      "bPlace": "서울/경기/인천",
      "gPlace": "서울/경기/인천",
      "rPlace": "서울/경기/인천",
      "educationLevel": "대졸"
    },
    "speaker2": {
      "participantID": "3446",
      "gender": "남성",
      "age": "30대",
      "occupation": "교직",
      "bPlace": "대전/세종/충청/강원",
      "gPlace": "대전/세종/충청/강원",
      "rPlace": "대전/세종/충청/강원",
      "educationLevel": "대졸"
    }
  },
  "multisessionInfo": {
    "multisessionID": "3-00279"
  },
  "personaInfo": {
    "clInfo": {
      "personaID": "30284",
      "personaFeatures": [
        "나는 남자이다.",
        "나는 30대이다.",
        "나는 선박 정비원이다",
        "나는 지인의 부고 소식에 비통하다",
        "나는 플루트를 배우고 싶다"
      ],
      "speakerType": "speaker1"
    },
    "cpInfo": {
      "personaID": "25334",
      "personaFeatures": [
        "나는 남자이다.",
        "나는 20대이다.",
        "나는 가족과 사진을 많이 찍는다",
        "나는 간호조무사이다",
        "나는 SF 영화를 자주 본다",
        "나는 한국사능력검정 자격증을 준비한다",
        "나는 저녁에 청소를 한다"
      ],
      "speakerType": "speaker2"
    }
  },
  "topicInfo": {
    "topicID": "12-08",
    "topicType": "여가와 오락>여행",
    "topicTitle": "숙박 시설"
  },
  "sessionInfo": [
    {
      "prevSessionID": null,
      "prevTimeInfo": {
        "timeNum": null,
        "timeUnit": null
      },
      "nthSession": "1",
      "numberOfUtterances": "14",
      "numberOfTurns": "7",
      "sessionID": "3-00279-1",
      "dialog": [
        {
          "speaker": "speaker1",
          "personaID": "30284",
          "participantID": "3984",
          "utterance": "안녕하세요. 저는 30대 남성입니다.",
          "summary": "나는 30대 남성이다",
          "date": "2022-11-10",
          "time": "16:52:46",
          "terminate": "false"
        },
        {
          "speaker": "speaker2",
          "personaID": "25334",
          "participantID": "3446",
          "utterance": "안녕하세요 저는 20대 남성입니다.",
          "summary": "나는 20대 남성이다.",
          "date": "2022-11-10",
          "time": "20:11:24",
          "terminate": "false"
        },
        {
          "speaker": "speaker1",
          "personaID": "30284",
          "participantID": "3984",
          "utterance": "저는 선박정비원을 하고있습니다. 혹시 직업이 어떻게 되시나여?",
          "summary": "나는 선박 정비원이다.",
          "date": "2022-11-11",
          "time": "15:29:23",
          "terminate": "false"
        },
        {
          "speaker": "speaker2",
          "personaID": "25334",
          "participantID": "3446",
          "utterance": "저는 간호조무사입니다. 요즘 너무 바쁘네요. 혹시 취미가 무엇인가요? 저는 sf영화를 자주 봅니다.",
          "summary": "나는 간호조무사다. 나는 SF영화를 자주 본다.",
          "date": "2022-11-11",
          "time": "19:56:40",
          "terminate": "false"
        },
        {
          "speaker": "speaker1",
          "personaID": "30284",
          "participantID": "3984",
          "utterance": "저는 스노우보드타는게 취미에요. 최근에는 플루트도 배워보고싶네요.",
          "summary": "나는 스노보드가 취미이고 최근 플루트를 배워보고 싶다.",
          "date": "2022-11-13",
          "time": "16:11:52",
          "terminate": "false"
        },
        {
          "speaker": "speaker2",
          "personaID": "25334",
          "participantID": "3446",
          "utterance": "멋진 취미시네요. 저는 가족과 사진을 많이 찍어요. 추억을 많이 남기고 싶어서요. ",
          "summary": "나는 가족과 사진을 많이 찍는다.",
          "date": "2022-11-13",
          "time": "18:37:28",
          "terminate": "false"
        },
        {
          "speaker": "speaker1",
          "personaID": "30284",
          "participantID": "3984",
          "utterance": "사진 진짜 많이 찍어 두는게 좋은 것 같아요. 나중에 추억을 되 돌아볼수도 있고 좋은 취미인거 같아요.",
          "summary": "나는 사진이 좋은 취미라 생각한다.",
          "date": "2022-11-14",
          "time": "09:24:21",
          "terminate": "false"
        },
        {
          "speaker": "speaker2",
          "personaID": "25334",
          "participantID": "3446",
          "utterance": "네. 선박정비원 이시면 특별한 자격증이 있으실것 같아요. 저는 요즘 한국사능력검정 자격증을 준비중인데 생각보다 어렵네요.",
          "summary": "나는 한국사 능력 검정 자격증을 준비 중이다.",
          "date": "2022-11-14",
          "time": "10:02:14",
          "terminate": "false"
        },
        {
          "speaker": "speaker1",
          "personaID": "30284",
          "participantID": "3984",
          "utterance": "기술만 배우시면 시작 할 수 있어요. 처음에 배우시는게 어려운데 해보면 매력 있는 직업이에요.",
          "summary": "나는 선박 정비원이 매력적인 직업이라고 생각한다.",
          "date": "2022-11-15",
          "time": "08:47:39",
          "terminate": "false"
        },
        {
          "speaker": "speaker2",
          "personaID": "25334",
          "participantID": "3446",
          "utterance": "그래도 쉬운 일은 아닐것 같아요. 저녁때는 무엇을 하시면서 휴식하시나요? 저는 저녁에 청소를 해요. 청소를 하면서 복잡한 마음을 정리한답니다.",
          "summary": "나는 저녁에 청소를 한다.",
          "date": "2022-11-15",
          "time": "09:04:02",
          "terminate": "false"
        },
        {
          "speaker": "speaker1",
          "personaID": "30284",
          "participantID": "3984",
          "utterance": "저녁에는 게임을 하거나 친구와 통화로 시간을 보내곤 합니다.",
          "summary": "나는 저녁에 게임을 하거나 친구와 전화통화를 한다.",
          "date": "2022-11-15",
          "time": "13:01:30",
          "terminate": "false"
        },
        {
          "speaker": "speaker2",
          "personaID": "25334",
          "participantID": "3446",
          "utterance": "통화하는것 참 좋은 일인것 같아요. 사람이 말을 하면서 많은 감정이 풀리기도 하고 정리가 되더라구요. 저도 이야기 하는것을 참 좋아라해요.",
          "summary": "나는 이야기하는 것을 좋아한다.",
          "date": "2022-11-15",
          "time": "17:25:37",
          "terminate": "false"
        },
        {
          "speaker": "speaker1",
          "personaID": "30284",
          "participantID": "3984",
          "utterance": "맞아요. 저는 이야기하는걸 좋아해서 통화하는걸 좋아합니다.",
          "summary": "나는 이야기하는 것을 좋아한다.",
          "date": "2022-11-16",
          "time": "10:52:22",
          "terminate": "false"
        },
        {
          "speaker": "speaker2",
          "personaID": "25334",
          "participantID": "3446",
          "utterance": "저도 지금 님과 대화하는게 즐겁네요. 제가 잠시 일이 생겨서 자리를 비워야겠네요. 다음에 다시 이야기 나누실까요?",
          "summary": "나는 지금 대화가 즐거웠다.",
          "date": "2022-11-16",
          "time": "11:15:25",
          "terminate": "true"
        }
      ],
      "sessionPersonaSummary": {
        "speaker1": [
          "나는 30대 남성이다",
          "나는 선박 정비원이다.",
          "나는 스노보드가 취미이고 최근 플루트를 배워보고 싶다.",
          "나는 사진이 좋은 취미라 생각한다.",
          "나는 선박 정비원이 매력적인 직업이라고 생각한다.",
          "나는 저녁에 게임을 하거나 친구와 전화통화를 한다.",
          "나는 이야기하는 것을 좋아한다."
        ],
        "speaker2": [
          "나는 20대 남성이다.",
          "나는 간호조무사다.",
          "나는 SF영화를 자주 본다.",
          "나는 가족과 사진을 많이 찍는다.",
          "나는 한국사 능력 검정 자격증을 준비 중이다.",
          "나는 저녁에 청소를 한다.",
          "나는 이야기하는 것을 좋아한다.",
          "나는 지금 대화가 즐거웠다."
        ]
      },
      "prevAggregatedpersonaSummary": {
        "speaker1": [],
        "speaker2": []
      }
    },
    {
      "prevSessionID": "3-00279-1",
      "prevTimeInfo": {
        "timeNum": "48",
        "timeUnit": "시간"
      },
      "nthSession": "2",
      "numberOfUtterances": "14",
      "numberOfTurns": "7",
      "sessionID": "3-00279-2",
      "dialog": [
        {
          "speaker": "speaker1",
          "personaID": "30284",
          "participantID": "3984",
          "utterance": "2일만이네요. 잘지내셨나요? 요번주 주말에 1박2일로 놀러가는데 너무 기대가 되요",
          "summary": "나는 이번 주말에 1박 2일로 놀러 갈 것이다.",
          "date": "2022-11-17",
          "time": "09:19:38",
          "terminate": "false"
        },
        {
          "speaker": "speaker2",
          "personaID": "25334",
          "participantID": "3446",
          "utterance": "저도 이번 주말에 할머니댁에 방문하기로 했어요. 할머니댁에 가면 고급 호텔에 비할바는 아니지만 가족의 집이라는 따스함이 있어 좋더군요. 어디로 놀러가시나요?",
          "summary": "나는 주말에 할머니 댁에 방문하기로 했다.\n나는 할머니 댁이 고급 호텔에 비할바는 아니지만 가족의 집이라는 따스함이 좋다.",
          "date": "2022-11-17",
          "time": "11:26:20",
          "terminate": "false"
        },
        {
          "speaker": "speaker1",
          "personaID": "30284",
          "participantID": "3984",
          "utterance": "저는 당진으로 놀러 갈 것 같아요. 지금 충청도에 아직 단풍이 남아있을까요? ",
          "summary": "나는 당진으로 놀러 갈 것이다.",
          "date": "2022-11-18",
          "time": "08:42:49",
          "terminate": "false"
        },
        {
          "speaker": "speaker2",
          "personaID": "25334",
          "participantID": "3446",
          "utterance": "아쉽지만 단풍은 이미 다 진것 같아요. 요즘 날씨가 좋아 관광객이 많아지긴 한것 같아요. 저는 예전에 에어비엔비를 이용한 적이 있었는데, 가정집을 숙박 시설로 빌려주더라구요. 일반 숙소보다 값이 싸면서 위치가 좋아서 좋은 기억으로 남아있습니다.",
          "summary": "나는 요즘 날씨가 좋아 관광객이 많아지는 것 같다. 나는 예전에 에어비엔비를 이용한 적이 있다.\n나는 일반 숙소보다 값이 싸면서 위치가 좋아서 좋은 기억으로 남았다.",
          "date": "2022-11-18",
          "time": "13:29:19",
          "terminate": "false"
        },
        {
          "speaker": "speaker1",
          "personaID": "30284",
          "participantID": "3984",
          "utterance": "저는 에어비엔비는 예약은 해본적이없지만 지인들이 예약해서 같이간적은 있어요",
          "summary": "나는 에어비앤비를 예약해본 적 없다.",
          "date": "2022-11-18",
          "time": "14:28:12",
          "terminate": "false"
        },
        {
          "speaker": "speaker2",
          "personaID": "25334",
          "participantID": "3446",
          "utterance": "어떤 뉴스를 보니 에어비앤비가 불법의 소지가 있다고 하더라구요. 정식으로 숙박시설로 등록하지 않은 일반 주거지를 숙박업으로 사용한다는 뜻에서요.",
          "summary": "나는 어떤 뉴스를 보니 에어비앤비가 불법의 소지가 있다고 했다.",
          "date": "2022-11-18",
          "time": "19:26:16",
          "terminate": "false"
        },
        {
          "speaker": "speaker1",
          "personaID": "30284",
          "participantID": "3984",
          "utterance": "아 그러면 숙박업 신고 없이도 등록이 가능한 가봐요.",
          "summary": "나는 숙박업 신고제에 대해 궁금하다.",
          "date": "2022-11-21",
          "time": "08:34:28",
          "terminate": "false"
        },
        {
          "speaker": "speaker2",
          "personaID": "25334",
          "participantID": "3446",
          "utterance": "네 그런것 같았어요. 그런데 그게 일종의 편법같은 거여서 논란이 많더라구요. 관광지에 있는 아파트의 집을 에어비앤비로 사용하면서 관광객이 막 요란스럽게 사용을 하니 기존 주민들도 생활에 불편함도 겪게 되구요.",
          "summary": "나는 일종의 편법으로 논란이 많다고 봤다.",
          "date": "2022-11-21",
          "time": "13:01:37",
          "terminate": "false"
        },
        {
          "speaker": "speaker1",
          "personaID": "30284",
          "participantID": "3984",
          "utterance": "맞죠. 아무래도 빌리는사람은 놀러가는거라 엄청 시끄럽게 지낼꺼같아요.",
          "summary": "나는 에어비앤비를 사용하는 사람들이 시끄럽게 사용할 것이라 생각한다.",
          "date": "2022-11-22",
          "time": "10:15:13",
          "terminate": "false"
        },
        {
          "speaker": "speaker2",
          "personaID": "25334",
          "participantID": "3446",
          "utterance": "저는 언젠가 풀빌라를 빌려서 애인과 놀러가보는게 꿈이에요. 앞마당에는 수영장이 있는 풀빌라요",
          "summary": "나는 풀빌라를 빌려서 애인과 놀러 가 보는 게 꿈이다.",
          "date": "2022-11-22",
          "time": "13:07:24",
          "terminate": "false"
        },
        {
          "speaker": "speaker1",
          "personaID": "30284",
          "participantID": "3984",
          "utterance": "오호 풀빌라도 좋죠. 저도 같이 가보고싶네요. 애인이랑",
          "summary": "나는 풀빌라에 애인과 가보고 싶다.",
          "date": "2022-11-22",
          "time": "15:53:56",
          "terminate": "false"
        },
        {
          "speaker": "speaker2",
          "personaID": "25334",
          "participantID": "3446",
          "utterance": "그런 곳에 가면 저 멀리 몰디브도 부럽지 않을것 같아요. 정말 일상에서 벗어난 여행이랄까요?",
          "summary": "나는 그런 곳에 가면 몰디브도 부럽지 않을 것 같다.",
          "date": "2022-11-22",
          "time": "15:58:50",
          "terminate": "false"
        },
        {
          "speaker": "speaker1",
          "personaID": "30284",
          "participantID": "3984",
          "utterance": "맞아요. 제친구가 사업으로 풀빌라 짓고잇는데 완공되면 놀게 해준다했어요.",
          "summary": "나는 사업으로 풀빌라를 짓고 있는 친구가 있다.",
          "date": "2022-11-22",
          "time": "16:46:40",
          "terminate": "false"
        },
        {
          "speaker": "speaker2",
          "personaID": "25334",
          "participantID": "3446",
          "utterance": "정말 부럽네요. 그런 친구 저에게도 있었으면 좋겠어요. 죄송하지만 제가 일이 생겨서 나중에 다시 대화나눠도 될까요?",
          "summary": "나는 일이 생겨서 가봐야겠다.",
          "date": "2022-11-22",
          "time": "19:04:26",
          "terminate": "true"
        }
      ],
      "sessionPersonaSummary": {
        "speaker1": [
          "나는 이번 주말에 1박 2일로 놀러 갈 것이다.",
          "나는 당진으로 놀러 갈 것이다.",
          "나는 에어비앤비를 예약해본 적 없다.",
          "나는 숙박업 신고제에 대해 궁금하다.",
          "나는 에어비앤비를 사용하는 사람들이 시끄럽게 사용할 것이라 생각한다.",
          "나는 풀빌라에 애인과 가보고 싶다.",
          "나는 사업으로 풀빌라를 짓고 있는 친구가 있다."
        ],
        "speaker2": [
          "나는 주말에 할머니 댁에 방문하기로 했다.\n나는 할머니 댁이 고급 호텔에 비할바는 아니지만 가족의 집이라는 따스함이 좋다.",
          "나는 요즘 날씨가 좋아 관광객이 많아지는 것 같다.",
          "나는 예전에 에어비엔비를 이용한 적이 있다.\n나는 일반 숙소보다 값이 싸면서 위치가 좋아서 좋은 기억으로 남았다.",
          "나는 어떤 뉴스를 보니 에어비앤비가 불법의 소지가 있다고 했다.",
          "나는 일종의 편법으로 논란이 많다고 봤다.",
          "나는 풀빌라를 빌려서 애인과 놀러 가 보는 게 꿈이다.",
          "나는 그런 곳에 가면 몰디브도 부럽지 않을 것 같다.",
          "나는 일이 생겨서 가봐야겠다."
        ]
      },
      "prevAggregatedpersonaSummary": {
        "speaker1": [
          "나는 30대 남성이다",
          "나는 선박 정비원이다.",
          "나는 스노보드가 취미이고 최근 플루트를 배워보고 싶다.",
          "나는 사진이 좋은 취미라 생각한다.",
          "나는 선박 정비원이 매력적인 직업이라고 생각한다.",
          "나는 저녁에 게임을 하거나 친구와 전화통화를 한다.",
          "나는 이야기하는 것을 좋아한다."
        ],
        "speaker2": [
          "나는 20대 남성이다.",
          "나는 간호조무사다.",
          "나는 SF영화를 자주 본다.",
          "나는 가족과 사진을 많이 찍는다.",
          "나는 한국사 능력 검정 자격증을 준비 중이다.",
          "나는 저녁에 청소를 한다.",
          "나는 이야기하는 것을 좋아한다.",
          "나는 지금 대화가 즐거웠다."
        ]
      }
    },
    {
      "prevSessionID": "3-00279-2",
      "prevTimeInfo": {
        "timeNum": "5",
        "timeUnit": "일"
      },
      "nthSession": "3",
      "numberOfUtterances": "14",
      "numberOfTurns": "7",
      "sessionID": "3-00279-3",
      "dialog": [
        {
          "speaker": "speaker1",
          "personaID": "30284",
          "participantID": "3984",
          "utterance": "5일만이네요. 잘지내셨나요? 요번에 숙박업소 할인 이벤트를 하더라구요",
          "summary": "나는 숙박 업소 할인 이벤트를 하는 걸 보았다.",
          "date": "2022-11-24",
          "time": "13:02:52",
          "terminate": "false"
        },
        {
          "speaker": "speaker2",
          "personaID": "25334",
          "participantID": "3446",
          "utterance": "괜찮은 모텔이나 호텔 할인행사를 하면 미리 사놓는것도 좋을것 같아요. 사길 숙박비가 저렴하진 안잖아요.",
          "summary": "나는 괜찮은 모텔이나 호텔 할인 행사를 하면 미리 사놓는 것도 좋을 것 같다.",
          "date": "2022-11-24",
          "time": "16:05:13",
          "terminate": "false"
        },
        {
          "speaker": "speaker1",
          "personaID": "30284",
          "participantID": "3984",
          "utterance": "맞아요 그래두 요번에 강릉에 2인 15만원이더라구요",
          "summary": "나는 강릉에 15만 원짜리 숙소를 보았다",
          "date": "2022-11-24",
          "time": "16:37:37",
          "terminate": "false"
        },
        {
          "speaker": "speaker2",
          "personaID": "25334",
          "participantID": "3446",
          "utterance": "숙박시설에 들어가는 관리가 어렵고 힘들다는건 알지만 가끔씩 이 가격이 맞는 일인가 싶을때도 있어요. 가끔은 비싼 돈 주고 들어갔는데 관리가 너무 안된 경우도 있구요.",
          "summary": "나는 숙박시설에 들어가는 관리가 어렵고 힘들다는 건 알지만 가끔씩 이 가격이 맞는 일인가 싶을 때도 있다.",
          "date": "2022-11-25",
          "time": "10:01:29",
          "terminate": "false"
        },
        {
          "speaker": "speaker1",
          "personaID": "30284",
          "participantID": "3984",
          "utterance": "맞아요. 저도 작년에 친구들과 60만원? 짜리 숙박업소를 갓는데 생각보다 별로였어요.",
          "summary": "나는 비싼데 별로인 숙박업소를 사용해 번 적 있다.",
          "date": "2022-11-25",
          "time": "13:45:13",
          "terminate": "false"
        },
        {
          "speaker": "speaker2",
          "personaID": "25334",
          "participantID": "3446",
          "utterance": "숙박시설은 정말 후기에 대하여 많이 영향을 받게 되더라구요.",
          "summary": "나는 숙박시설은 정말 후기에 많은 영향을 받는 것 같다고 생각한다.",
          "date": "2022-11-25",
          "time": "14:41:44",
          "terminate": "false"
        },
        {
          "speaker": "speaker1",
          "personaID": "30284",
          "participantID": "3984",
          "utterance": "요즘 리뷰나 블로그가 너무 잘되어있어서 아무래도 타격이 엄청 크죠!",
          "summary": "나는 리뷰가 숙박업소에 타격을 줄 수 있다고 생각한다.",
          "date": "2022-11-28",
          "time": "09:26:51",
          "terminate": "false"
        },
        {
          "speaker": "speaker2",
          "personaID": "25334",
          "participantID": "3446",
          "utterance": "예전에 tv에서 후기가 최악인데 인기가 많은 숙박시설을 소개해줘서 흥미롭게 본 기억이 있네요. 정말로 시설도 최악이고 서비스도 불친절한데 그런 최악을 경험해보려고 사람들이 찾는다고 하더라구요. 약간 욕쟁이 할머니 식당 같은 느낌이더라구요.",
          "summary": "나는 예전에 tv에서 후기가 최악인데 인기 많은 숙박시설을 소개해주는 것을 봤다.",
          "date": "2022-11-28",
          "time": "11:19:20",
          "terminate": "false"
        },
        {
          "speaker": "speaker1",
          "personaID": "30284",
          "participantID": "3984",
          "utterance": "아진짜요? 먼가 돈아까울꺼같은데. 저는 이해는 안되네요",
          "summary": "나는 서비스가 안 좋은 숙박업소를 일부로 찾는 행위가 이해가 안 간다.",
          "date": "2022-11-28",
          "time": "13:52:27",
          "terminate": "false"
        },
        {
          "speaker": "speaker2",
          "personaID": "25334",
          "participantID": "3446",
          "utterance": "그쵸? 저도 그렇게 생각했어요. 비슷한 숙박 시설일 수도 있겠는데, 귀신이 나오는 숙박시설도 인기가 많다고 들었어요.",
          "summary": "나는 귀신이 나오는 숙박시설도 인기가 많다고 들었다.",
          "date": "2022-11-28",
          "time": "14:36:04",
          "terminate": "false"
        },
        {
          "speaker": "speaker1",
          "personaID": "30284",
          "participantID": "3984",
          "utterance": "귀신이 나와서 저렴한 숙박시설이면 한번 가볼만할거같아요",
          "summary": "나는 귀신 나오는 숙박업소는 가볼 만하다고 생각한다.",
          "date": "2022-11-28",
          "time": "14:39:53",
          "terminate": "false"
        },
        {
          "speaker": "speaker2",
          "personaID": "25334",
          "participantID": "3446",
          "utterance": "저는 절대 절대 못갈것 같아요. 정말 겁이 많거든요. 누가 그 자리에서 극단적인 선택을 했다고 생각하면 너무 끔찍해요.",
          "summary": "나는 겁이 많아서 절대 못 갈 것 같다.",
          "date": "2022-11-28",
          "time": "14:47:27",
          "terminate": "false"
        },
        {
          "speaker": "speaker1",
          "personaID": "30284",
          "participantID": "3984",
          "utterance": "아 귀신이 나오면 또 그런 방일수도 있네요 거기까지는 생각을 못해본거같아요.",
          "summary": "나는 귀신 나오는 숙박업소가 찝찝할 수도 있다 생각한다.",
          "date": "2022-11-28",
          "time": "14:48:39",
          "terminate": "false"
        },
        {
          "speaker": "speaker2",
          "personaID": "25334",
          "participantID": "3446",
          "utterance": "그래도 그런 특이한 숙박시설이 있다는 것만으로도 웃음을 주는것 겉아요. 시간이 벌써 이렇게 됐네요. 제가 일이 있어서 일어나봐야겠네요. 다음에 다시 이야기 나누실까요?",
          "summary": "나는 특이한 숙박시설이 있다는 것만으로도 웃음을 주는 것 같다.",
          "date": "2022-11-28",
          "time": "14:50:46",
          "terminate": "true"
        }
      ],
      "sessionPersonaSummary": {
        "speaker1": [
          "나는 숙박 업소 할인 이벤트를 하는 걸 보았다.",
          "나는 강릉에 15만 원짜리 숙소를 보았다",
          "나는 비싼데 별로인 숙박업소를 사용해 번 적 있다.",
          "나는 리뷰가 숙박업소에 타격을 줄 수 있다고 생각한다.",
          "나는 서비스가 안 좋은 숙박업소를 일부로 찾는 행위가 이해가 안 간다.",
          "나는 귀신 나오는 숙박업소는 가볼 만하다고 생각한다.",
          "나는 귀신 나오는 숙박업소가 찝찝할 수도 있다 생각한다."
        ],
        "speaker2": [
          "나는 괜찮은 모텔이나 호텔 할인 행사를 하면 미리 사놓는 것도 좋을 것 같다.",
          "나는 숙박시설에 들어가는 관리가 어렵고 힘들다는 건 알지만 가끔씩 이 가격이 맞는 일인가 싶을 때도 있다.",
          "나는 숙박시설은 정말 후기에 많은 영향을 받는 것 같다고 생각한다.",
          "나는 예전에 tv에서 후기가 최악인데 인기 많은 숙박시설을 소개해주는 것을 봤다.",
          "나는 귀신이 나오는 숙박시설도 인기가 많다고 들었다.",
          "나는 겁이 많아서 절대 못 갈 것 같다.",
          "나는 특이한 숙박시설이 있다는 것만으로도 웃음을 주는 것 같다."
        ]
      },
      "prevAggregatedpersonaSummary": {
        "speaker1": [
          "나는 30대 남성이다",
          "나는 선박 정비원이다.",
          "나는 스노보드가 취미이고 최근 플루트를 배워보고 싶다.",
          "나는 사진이 좋은 취미라 생각한다.",
          "나는 선박 정비원이 매력적인 직업이라고 생각한다.",
          "나는 저녁에 게임을 하거나 친구와 전화통화를 한다.",
          "나는 이야기하는 것을 좋아한다.",
          "나는 이번 주말에 1박 2일로 놀러 갈 것이다.",
          "나는 당진으로 놀러 갈 것이다.",
          "나는 에어비앤비를 예약해본 적 없다.",
          "나는 숙박업 신고제에 대해 궁금하다.",
          "나는 에어비앤비를 사용하는 사람들이 시끄럽게 사용할 것이라 생각한다.",
          "나는 풀빌라에 애인과 가보고 싶다.",
          "나는 사업으로 풀빌라를 짓고 있는 친구가 있다."
        ],
        "speaker2": [
          "나는 20대 남성이다.",
          "나는 간호조무사다.",
          "나는 SF영화를 자주 본다.",
          "나는 가족과 사진을 많이 찍는다.",
          "나는 한국사 능력 검정 자격증을 준비 중이다.",
          "나는 저녁에 청소를 한다.",
          "나는 이야기하는 것을 좋아한다.",
          "나는 지금 대화가 즐거웠다.",
          "나는 주말에 할머니 댁에 방문하기로 했다.\n나는 할머니 댁이 고급 호텔에 비할바는 아니지만 가족의 집이라는 따스함이 좋다.",
          "나는 요즘 날씨가 좋아 관광객이 많아지는 것 같다.",
          "나는 예전에 에어비엔비를 이용한 적이 있다.\n나는 일반 숙소보다 값이 싸면서 위치가 좋아서 좋은 기억으로 남았다.",
          "나는 어떤 뉴스를 보니 에어비앤비가 불법의 소지가 있다고 했다.",
          "나는 일종의 편법으로 논란이 많다고 봤다.",
          "나는 풀빌라를 빌려서 애인과 놀러 가 보는 게 꿈이다.",
          "나는 그런 곳에 가면 몰디브도 부럽지 않을 것 같다.",
          "나는 일이 생겨서 가봐야겠다."
        ]
      }
    }
  ]
}