{
  "FileInfo": {
    "filename": "K3-00507-CL30633-CP32439-16-14-S3.json",
    "sessionLevel": "3"
  },
  "participantsInfo": {
    "numberOfParticipants": "2",
    "speaker1": {
      "participantID": "0127",
      "gender": "남성",
      "age": "20대",
      "occupation": "기타",
      "bPlace": "서울/경기/인천",
      "gPlace": "서울/경기/인천",
      "rPlace": "서울/경기/인천",
      "educationLevel": "대졸"
    },
    "speaker2": {
      "participantID": "0095",
      "gender": "여성",
      "age": "30대",
      "occupation": "무직",
      "bPlace": "서울/경기/인천",
      "gPlace": "서울/경기/인천",
      "rPlace": "서울/경기/인천",
      "educationLevel": "대학원졸"
    }
  },
  "multisessionInfo": {
    "multisessionID": "3-00507"
  },
  "personaInfo": {
    "clInfo": {
      "personaID": "30633",
      "personaFeatures": [
        "나는 남자이다.",
        "나는 30대이다.",
        "나는 수학교육과를 전공했다",
        "나는 자주 상처를 받는다",
        "나는 하얀색을 좋아한다"
      ],
      "speakerType": "speaker1"
    },
    "cpInfo": {
      "personaID": "32439",
      "personaFeatures": [
        "나는 여자이다.",
        "나는 30대이다.",
        "나는 과일 재배원이다",
        "나는 식물을 키우는 것을 좋아한다",
        "나는 뮤지컬 영화를 가끔 본다"
      ],
      "speakerType": "speaker2"
    }
  },
  "topicInfo": {
    "topicID": "16-14",
    "topicType": "미용과 건강>미용",
    "topicTitle": "주름"
  },
  "sessionInfo": [
    {
      "prevSessionID": null,
      "prevTimeInfo": {
        "timeNum": null,
        "timeUnit": null
      },
      "nthSession": "1",
      "numberOfUtterances": "14",
      "numberOfTurns": "7",
      "sessionID": "3-00507-1",
      "dialog": [
        {
          "speaker": "speaker1",
          "personaID": "30633",
          "participantID": "0127",
          "utterance": "안녕하세요. 저는 30대 남자입니다.",
          "summary": "나는 30대 남자이다.",
          "date": "2022-10-26",
          "time": "21:03:32",
          "terminate": "false"
        },
        {
          "speaker": "speaker2",
          "personaID": "32439",
          "participantID": "0095",
          "utterance": "안녕하세요. 저는 30대 여자에요. 반갑습니다^^",
          "summary": "나는 30대 여자이다.",
          "date": "2022-10-26",
          "time": "21:03:56",
          "terminate": "false"
        },
        {
          "speaker": "speaker1",
          "personaID": "30633",
          "participantID": "0127",
          "utterance": "반가워요~ 저는 수학교육과를 전공한 수학 선생님이에요 ~",
          "summary": "나는 수학교육과를 전공한 수학 선생님이다.",
          "date": "2022-10-26",
          "time": "21:04:13",
          "terminate": "false"
        },
        {
          "speaker": "speaker2",
          "personaID": "32439",
          "participantID": "0095",
          "utterance": "저는 과일 재배원이네요ㅎㅎ 수학을 잘하시겠네요~~",
          "summary": "나는 과일 재배원이다.",
          "date": "2022-10-26",
          "time": "21:04:40",
          "terminate": "false"
        },
        {
          "speaker": "speaker1",
          "personaID": "30633",
          "participantID": "0127",
          "utterance": "그렇죠. 수학을 잘하기도 하고, 좋아해요. 근데 남학생들이 많이 거칠어서 자주 상처를 받아요..",
          "summary": "나는 수학을 잘하고 좋아한다. 나는 남학생들이 거칠어서 자주 상처를 받는다.",
          "date": "2022-10-26",
          "time": "21:05:10",
          "terminate": "false"
        },
        {
          "speaker": "speaker2",
          "personaID": "32439",
          "participantID": "0095",
          "utterance": "요즘 아이들이 보통이 아니죠ㅠㅠ 힘드시겠어요ㅠㅠ 스트레스 받으면 보통 어떻게 하세요?",
          "summary": "나는 아이들이랑 있는 게 힘들거라 생각한다.",
          "date": "2022-10-26",
          "time": "21:05:45",
          "terminate": "false"
        },
        {
          "speaker": "speaker1",
          "personaID": "30633",
          "participantID": "0127",
          "utterance": "저는 하얀색을 좋아하는데 하얀 이불속에서 노래 들으며 쉬는게 제일 좋더라구요.",
          "summary": "나는 하얀색을 좋아한다. 나는 하얀 이불속에서 노래 들으며 쉬는 게 좋다.",
          "date": "2022-10-26",
          "time": "21:06:38",
          "terminate": "false"
        },
        {
          "speaker": "speaker2",
          "personaID": "32439",
          "participantID": "0095",
          "utterance": "그렇군요. 저는 뮤지컬 영화를 가끔 봐요. 영화 좋아하세요??",
          "summary": "나는 뮤지컬 영화를 가끔 본다.",
          "date": "2022-10-26",
          "time": "21:07:54",
          "terminate": "false"
        },
        {
          "speaker": "speaker1",
          "personaID": "30633",
          "participantID": "0127",
          "utterance": "저 영화 싫어하진 않아요. 어떤 장르 자주 보세요?",
          "summary": "나는 여화를 싫어하진 않는다.",
          "date": "2022-10-26",
          "time": "21:08:07",
          "terminate": "false"
        },
        {
          "speaker": "speaker2",
          "personaID": "32439",
          "participantID": "0095",
          "utterance": "저는 로맨스를 봐요. 어떤 장르를 좋아하세요?",
          "summary": "나는 로맨스 영화를 본다.",
          "date": "2022-10-26",
          "time": "21:08:38",
          "terminate": "false"
        },
        {
          "speaker": "speaker1",
          "personaID": "30633",
          "participantID": "0127",
          "utterance": "저는 판타지나 애니메이션 가끔 봐요. 요즘 날씨 참 좋네요~",
          "summary": "나는 판타지나 애니메이션을 가끔 본다. 나는 날씨가 참 좋다고 생각한다.",
          "date": "2022-10-26",
          "time": "21:08:56",
          "terminate": "false"
        },
        {
          "speaker": "speaker2",
          "personaID": "32439",
          "participantID": "0095",
          "utterance": "그러게요. 식물이 자라기 좋은 날씨네요. 제가 식물 키우는 것을 좋아해서 잘 알아요.",
          "summary": "나는 식물 키우는 것을 좋아한다. 나는 식물 키우는 것을 좋아한다.",
          "date": "2022-10-26",
          "time": "21:10:01",
          "terminate": "false"
        },
        {
          "speaker": "speaker1",
          "personaID": "30633",
          "participantID": "0127",
          "utterance": "그렇군요. 집에서 식물 많이 키우시나봐요? 저도 식물 키워보고 싶네요.",
          "summary": "나는 식물을 키워보고 싶다.",
          "date": "2022-10-26",
          "time": "21:11:11",
          "terminate": "false"
        },
        {
          "speaker": "speaker2",
          "personaID": "32439",
          "participantID": "0095",
          "utterance": "그럼요. 저 급한 전화가 와서 다음에 또 대화해야겠네요~~ 좋은 하루 되세요^^",
          "summary": "",
          "date": "2022-10-26",
          "time": "21:11:54",
          "terminate": "true"
        }
      ],
      "sessionPersonaSummary": {
        "speaker1": [
          "나는 30대 남자이다.",
          "나는 수학교육과를 전공한 수학 선생님이다.",
          "나는 수학을 잘하고 좋아한다. 나는 남학생들이 거칠어서 자주 상처를 받는다.",
          "나는 하얀색을 좋아한다. 나는 하얀 이불속에서 노래 들으며 쉬는 게 좋다.",
          "나는 여화를 싫어하진 않는다.",
          "나는 판타지나 애니메이션을 가끔 본다. 나는 날씨가 참 좋다고 생각한다.",
          "나는 식물을 키워보고 싶다."
        ],
        "speaker2": [
          "나는 30대 여자이다.",
          "나는 과일 재배원이다.",
          "나는 아이들이랑 있는 게 힘들거라 생각한다.",
          "나는 뮤지컬 영화를 가끔 본다.",
          "나는 로맨스 영화를 본다.",
          "나는 식물 키우는 것을 좋아한다. 나는 식물 키우는 것을 좋아한다."
        ]
      },
      "prevAggregatedpersonaSummary": {
        "speaker1": [],
        "speaker2": []
      }
    },
    {
      "prevSessionID": "3-00507-1",
      "prevTimeInfo": {
        "timeNum": "4",
        "timeUnit": "시간"
      },
      "nthSession": "2",
      "numberOfUtterances": "14",
      "numberOfTurns": "7",
      "sessionID": "3-00507-2",
      "dialog": [
        {
          "speaker": "speaker1",
          "personaID": "30633",
          "participantID": "0127",
          "utterance": "통화는 잘 하고 오셨어요? 4시간동안 통화하고 오신거에요~?",
          "summary": "",
          "date": "2022-10-26",
          "time": "21:15:01",
          "terminate": "false"
        },
        {
          "speaker": "speaker2",
          "personaID": "32439",
          "participantID": "0095",
          "utterance": "네 잘 했습니다ㅎㅎ 하얀 이불속에서 노래는 많이 들으셨나요??",
          "summary": "",
          "date": "2022-10-26",
          "time": "21:15:31",
          "terminate": "false"
        },
        {
          "speaker": "speaker1",
          "personaID": "30633",
          "participantID": "0127",
          "utterance": "너무 포근해서 3시간 정도 자다가 왔어요. 피부가 좋아진 것 같아요~",
          "summary": "나는 3시간 정도 자다가 왔다. 나는 피부가 좋아진 것 같다.",
          "date": "2022-10-26",
          "time": "21:16:34",
          "terminate": "false"
        },
        {
          "speaker": "speaker2",
          "personaID": "32439",
          "participantID": "0095",
          "utterance": "좋네요ㅎㅎ 그나저나 제가 일을 고되게 했는지 주름이 요즘 많아졌어요ㅠㅠ",
          "summary": "나는 최근에 주름이 많아졌다.",
          "date": "2022-10-26",
          "time": "21:17:22",
          "terminate": "false"
        },
        {
          "speaker": "speaker1",
          "personaID": "30633",
          "participantID": "0127",
          "utterance": "그러셨구나. 피부 관리 샵에 가서 관리 받으시면 훨씬 좋으실 거에요. 받아 보셨어요?",
          "summary": "나는 피부 관리 샵에 가서 관리받으면 훨씬 좋을 것이라 생각한다.",
          "date": "2022-10-26",
          "time": "21:18:10",
          "terminate": "false"
        },
        {
          "speaker": "speaker2",
          "personaID": "32439",
          "participantID": "0095",
          "utterance": "이번에 가보려구요. 5회에 18만원 하는 곳을 찾았거든요!",
          "summary": "나는 피부관리를 받아볼 예정이다.",
          "date": "2022-10-26",
          "time": "21:20:36",
          "terminate": "false"
        },
        {
          "speaker": "speaker1",
          "personaID": "30633",
          "participantID": "0127",
          "utterance": "와, 거기 어디에요? 제가 피부관리 받으러 피부과 다니는데 그런 가격엔 절대 못받아요. 정보 좀 주세요~",
          "summary": "나는 피부관리받으러 피부과 다니는데 절대 그런 가격에 못 받는다고 생각한다.",
          "date": "2022-10-26",
          "time": "21:21:06",
          "terminate": "false"
        },
        {
          "speaker": "speaker2",
          "personaID": "32439",
          "participantID": "0095",
          "utterance": "저희 집 근처에 있는 피부샵이에요ㅎㅎ 피부샵에서 관리 많이 받아보셨어요??",
          "summary": "나는 집 근처 피부숍으로 다닐 예정이다.",
          "date": "2022-10-26",
          "time": "21:22:31",
          "terminate": "false"
        },
        {
          "speaker": "speaker1",
          "personaID": "30633",
          "participantID": "0127",
          "utterance": "저는 20대 때 성인 여드름이 꽤 있었거든요. 그래서 피부과는 꾸준히 다니고 있는 중이에요. ",
          "summary": "나는 20대 때 성인 여드름이 꽤 있었다. 나는 피부과를 꾸준히 다닌다.",
          "date": "2022-10-26",
          "time": "21:23:10",
          "terminate": "false"
        },
        {
          "speaker": "speaker2",
          "personaID": "32439",
          "participantID": "0095",
          "utterance": "그렇군요. 저도 피부과에 한번 가봐야겠네요. 그나저나 오늘 계획이 어떻게 되세요?",
          "summary": "나는 피부과에 가볼 것이다.",
          "date": "2022-10-26",
          "time": "21:24:14",
          "terminate": "false"
        },
        {
          "speaker": "speaker1",
          "personaID": "30633",
          "participantID": "0127",
          "utterance": "저는 오늘 잠은 꽤 잤으니 운동을 좀 하려고 해요. 님은요?",
          "summary": "나는 오늘 잠은 꽤 자서 운동을 할 것이다.",
          "date": "2022-10-26",
          "time": "21:25:59",
          "terminate": "false"
        },
        {
          "speaker": "speaker2",
          "personaID": "32439",
          "participantID": "0095",
          "utterance": "저는 책을 좀 읽으려고 해요ㅎㅎ 요즘 책을 안읽어서요. 운동은 어떤거 하실거에요?",
          "summary": "나는 요즘 책을 안 읽는다. 나는 책을 읽을 예정이다.",
          "date": "2022-10-26",
          "time": "21:27:09",
          "terminate": "false"
        },
        {
          "speaker": "speaker1",
          "personaID": "30633",
          "participantID": "0127",
          "utterance": "저는 집에 러닝머신이 있어서 유산소먼저 시작할까 해요. 이제 운동하러 가봐야겠네요~",
          "summary": "나는 러닝머신을 할 것이다.",
          "date": "2022-10-26",
          "time": "21:28:03",
          "terminate": "false"
        },
        {
          "speaker": "speaker2",
          "personaID": "32439",
          "participantID": "0095",
          "utterance": "네 저도 이제 독서하러 가볼게요! 다음에 또 연락해요^^",
          "summary": "나는 책을 읽을 예정이다.",
          "date": "2022-10-26",
          "time": "21:28:49",
          "terminate": "true"
        }
      ],
      "sessionPersonaSummary": {
        "speaker1": [
          "나는 3시간 정도 자다가 왔다. 나는 피부가 좋아진 것 같다.",
          "나는 피부 관리 샵에 가서 관리받으면 훨씬 좋을 것이라 생각한다.",
          "나는 피부관리받으러 피부과 다니는데 절대 그런 가격에 못 받는다고 생각한다.",
          "나는 20대 때 성인 여드름이 꽤 있었다. 나는 피부과를 꾸준히 다닌다.",
          "나는 오늘 잠은 꽤 자서 운동을 할 것이다.",
          "나는 러닝머신을 할 것이다."
        ],
        "speaker2": [
          "나는 최근에 주름이 많아졌다.",
          "나는 피부관리를 받아볼 예정이다.",
          "나는 집 근처 피부숍으로 다닐 예정이다.",
          "나는 피부과에 가볼 것이다.",
          "나는 요즘 책을 안 읽는다. 나는 책을 읽을 예정이다.",
          "나는 책을 읽을 예정이다."
        ]
      },
      "prevAggregatedpersonaSummary": {
        "speaker1": [
          "나는 30대 남자이다.",
          "나는 수학교육과를 전공한 수학 선생님이다.",
          "나는 수학을 잘하고 좋아한다. 나는 남학생들이 거칠어서 자주 상처를 받는다.",
          "나는 하얀색을 좋아한다. 나는 하얀 이불속에서 노래 들으며 쉬는 게 좋다.",
          "나는 여화를 싫어하진 않는다.",
          "나는 판타지나 애니메이션을 가끔 본다. 나는 날씨가 참 좋다고 생각한다.",
          "나는 식물을 키워보고 싶다."
        ],
        "speaker2": [
          "나는 30대 여자이다.",
          "나는 과일 재배원이다.",
          "나는 아이들이랑 있는 게 힘들거라 생각한다.",
          "나는 뮤지컬 영화를 가끔 본다.",
          "나는 로맨스 영화를 본다.",
          "나는 식물 키우는 것을 좋아한다. 나는 식물 키우는 것을 좋아한다."
        ]
      }
    },
    {
      "prevSessionID": "3-00507-2",
      "prevTimeInfo": {
        "timeNum": "3",
        "timeUnit": "일"
      },
      "nthSession": "3",
      "numberOfUtterances": "14",
      "numberOfTurns": "7",
      "sessionID": "3-00507-3",
      "dialog": [
        {
          "speaker": "speaker1",
          "personaID": "30633",
          "participantID": "0127",
          "utterance": "3일 만에 오셨네요. 잘 지내셨어요?",
          "summary": "",
          "date": "2022-10-26",
          "time": "21:31:03",
          "terminate": "false"
        },
        {
          "speaker": "speaker2",
          "personaID": "32439",
          "participantID": "0095",
          "utterance": "네 잘 지냈습니다. 운동은 잘 하셨나요?^^",
          "summary": "",
          "date": "2022-10-26",
          "time": "21:32:52",
          "terminate": "false"
        },
        {
          "speaker": "speaker1",
          "personaID": "30633",
          "participantID": "0127",
          "utterance": "네~ 최근에 계속 운동하느라 늦게 잤더니 좀 피곤하네요. ",
          "summary": "나는 최근에 계속 운동하느라 늦게 자서 피곤하다.",
          "date": "2022-10-26",
          "time": "21:35:00",
          "terminate": "false"
        },
        {
          "speaker": "speaker2",
          "personaID": "32439",
          "participantID": "0095",
          "utterance": "그렇군요. 최근에 관리를 좀 했더니 주름이 없어졌어요. 기분이 너무 좋네요.",
          "summary": "나는 피부 관리를 받고 주름이 많이 없어졌다고 생각한다.",
          "date": "2022-10-26",
          "time": "21:36:15",
          "terminate": "false"
        },
        {
          "speaker": "speaker1",
          "personaID": "30633",
          "participantID": "0127",
          "utterance": "그러셨구나. 가격이 많이 저렴했는데, 만족하셨어요?",
          "summary": "",
          "date": "2022-10-26",
          "time": "21:37:05",
          "terminate": "false"
        },
        {
          "speaker": "speaker2",
          "personaID": "32439",
          "participantID": "0095",
          "utterance": "네 만족했어요. 가성비 짱입니다. 그리고 물을 많이 마시라더군요.",
          "summary": "나는 물을 많이 마셔야 한다고 했다.",
          "date": "2022-10-26",
          "time": "21:39:21",
          "terminate": "false"
        },
        {
          "speaker": "speaker1",
          "personaID": "30633",
          "participantID": "0127",
          "utterance": "아 그래요? 저는 피부과에서 대뜸 화장품을 추천하시더라구요..",
          "summary": "나는 피부과로부터 화장품 추천을 받았다.",
          "date": "2022-10-26",
          "time": "21:41:22",
          "terminate": "false"
        },
        {
          "speaker": "speaker2",
          "personaID": "32439",
          "participantID": "0095",
          "utterance": "영업일 수도 있어요ㅎㅎ 인터넷에서 검색해보고 구입하세요!",
          "summary": "",
          "date": "2022-10-26",
          "time": "21:41:56",
          "terminate": "false"
        },
        {
          "speaker": "speaker1",
          "personaID": "30633",
          "participantID": "0127",
          "utterance": "그러니까요. 저는 1회에 20만원 주고 하는 관리 받고 있거든요 ㅜㅜ",
          "summary": "나는 1회에 20만 원 주고 관리를 받고 있다.",
          "date": "2022-10-26",
          "time": "21:42:30",
          "terminate": "false"
        },
        {
          "speaker": "speaker2",
          "personaID": "32439",
          "participantID": "0095",
          "utterance": "비싸네요ㅠㅠ 저는 받기 힘들 것 같아요ㅠㅠ 혹시 얼굴에 기미는 있으신가요?",
          "summary": "",
          "date": "2022-10-26",
          "time": "21:43:06",
          "terminate": "false"
        },
        {
          "speaker": "speaker1",
          "personaID": "30633",
          "participantID": "0127",
          "utterance": "저는 기미는 없고, 여드름때문에 흉터가 많아요.",
          "summary": "나는 기미는 없고, 여드름 때문에 흉터가 많다.",
          "date": "2022-10-26",
          "time": "21:43:48",
          "terminate": "false"
        },
        {
          "speaker": "speaker2",
          "personaID": "32439",
          "participantID": "0095",
          "utterance": "그렇군요. 과일재배하다보니 기미가 나서요 ㅠㅠ 님은 그럼 흉터 관리를 하셔야 겠어요. 그나저나 식사는 하셨어요?",
          "summary": "",
          "date": "2022-10-26",
          "time": "21:44:07",
          "terminate": "false"
        },
        {
          "speaker": "speaker1",
          "personaID": "30633",
          "participantID": "0127",
          "utterance": "물론이죠. 저는 소불고기에 당면 넣어서 먹었어요.",
          "summary": "나는 소불고기를 먹었다.",
          "date": "2022-10-26",
          "time": "21:45:09",
          "terminate": "false"
        },
        {
          "speaker": "speaker2",
          "personaID": "32439",
          "participantID": "0095",
          "utterance": "맛있겠네요. 저는 이만 식사하러 가볼게요! 오늘 대화 즐거웠습니다^^",
          "summary": "나는 밥을 먹으러 가야 한다.",
          "date": "2022-10-26",
          "time": "21:45:37",
          "terminate": "true"
        }
      ],
      "sessionPersonaSummary": {
        "speaker1": [
          "나는 최근에 계속 운동하느라 늦게 자서 피곤하다.",
          "나는 피부과로부터 화장품 추천을 받았다.",
          "나는 1회에 20만 원 주고 관리를 받고 있다.",
          "나는 기미는 없고, 여드름 때문에 흉터가 많다.",
          "나는 소불고기를 먹었다."
        ],
        "speaker2": [
          "나는 피부 관리를 받고 주름이 많이 없어졌다고 생각한다.",
          "나는 물을 많이 마셔야 한다고 했다.",
          "나는 밥을 먹으러 가야 한다."
        ]
      },
      "prevAggregatedpersonaSummary": {
        "speaker1": [
          "나는 30대 남자이다.",
          "나는 수학교육과를 전공한 수학 선생님이다.",
          "나는 수학을 잘하고 좋아한다. 나는 남학생들이 거칠어서 자주 상처를 받는다.",
          "나는 하얀색을 좋아한다. 나는 하얀 이불속에서 노래 들으며 쉬는 게 좋다.",
          "나는 여화를 싫어하진 않는다.",
          "나는 판타지나 애니메이션을 가끔 본다. 나는 날씨가 참 좋다고 생각한다.",
          "나는 식물을 키워보고 싶다.",
          "나는 3시간 정도 자다가 왔다. 나는 피부가 좋아진 것 같다.",
          "나는 피부 관리 샵에 가서 관리받으면 훨씬 좋을 것이라 생각한다.",
          "나는 피부관리받으러 피부과 다니는데 절대 그런 가격에 못 받는다고 생각한다.",
          "나는 20대 때 성인 여드름이 꽤 있었다. 나는 피부과를 꾸준히 다닌다.",
          "나는 오늘 잠은 꽤 자서 운동을 할 것이다.",
          "나는 러닝머신을 할 것이다."
        ],
        "speaker2": [
          "나는 30대 여자이다.",
          "나는 과일 재배원이다.",
          "나는 아이들이랑 있는 게 힘들거라 생각한다.",
          "나는 뮤지컬 영화를 가끔 본다.",
          "나는 로맨스 영화를 본다.",
          "나는 식물 키우는 것을 좋아한다. 나는 식물 키우는 것을 좋아한다.",
          "나는 최근에 주름이 많아졌다.",
          "나는 피부관리를 받아볼 예정이다.",
          "나는 집 근처 피부숍으로 다닐 예정이다.",
          "나는 피부과에 가볼 것이다.",
          "나는 요즘 책을 안 읽는다. 나는 책을 읽을 예정이다.",
          "나는 책을 읽을 예정이다."
        ]
      }
    }
  ]
}