{
  "FileInfo": {
    "filename": "K3-00371-CL21878-CP41787-10-06-S3.json",
    "sessionLevel": "3"
  },
  "participantsInfo": {
    "numberOfParticipants": "2",
    "speaker1": {
      "participantID": "4466",
      "gender": "여성",
      "age": "30대",
      "occupation": "사무직",
      "bPlace": "서울/경기/인천",
      "gPlace": "서울/경기/인천",
      "rPlace": "서울/경기/인천",
      "educationLevel": "대졸"
    },
    "speaker2": {
      "participantID": "3751",
      "gender": "여성",
      "age": "40대",
      "occupation": "전문직",
      "bPlace": "서울/경기/인천",
      "gPlace": "서울/경기/인천",
      "rPlace": "서울/경기/인천",
      "educationLevel": "대졸"
    }
  },
  "multisessionInfo": {
    "multisessionID": "3-00371"
  },
  "personaInfo": {
    "clInfo": {
      "personaID": "21878",
      "personaFeatures": [
        "나는 여자이다.",
        "나는 20대이다.",
        "나는 토끼를 키우고 싶다",
        "나는 변리사이다",
        "나는 첼로 연주를 자주 한다"
      ],
      "speakerType": "speaker1"
    },
    "cpInfo": {
      "personaID": "41787",
      "personaFeatures": [
        "나는 여자이다.",
        "나는 40대이다.",
        "나는 중학교 영어 교사이다",
        "나는 아침에 주스를 마신다",
        "나는 분홍색을 좋아한다"
      ],
      "speakerType": "speaker2"
    }
  },
  "topicInfo": {
    "topicID": "10-06",
    "topicType": "여가와 오락>스포츠/레져",
    "topicTitle": "월드컵"
  },
  "sessionInfo": [
    {
      "prevSessionID": null,
      "prevTimeInfo": {
        "timeNum": null,
        "timeUnit": null
      },
      "nthSession": "1",
      "numberOfUtterances": "17",
      "numberOfTurns": "8",
      "sessionID": "3-00371-1",
      "dialog": [
        {
          "speaker": "speaker1",
          "personaID": "21878",
          "participantID": "4466",
          "utterance": "만나서 반가워요~ 저는 20대 여성이예요^^",
          "summary": "나는 20대 여성이다",
          "date": "2022-10-26",
          "time": "23:17:47",
          "terminate": "false"
        },
        {
          "speaker": "speaker2",
          "personaID": "41787",
          "participantID": "3751",
          "utterance": "안녕하세요  저는 40대 여성입니다",
          "summary": "나는 40대 여성이다",
          "date": "2022-10-26",
          "time": "23:18:16",
          "terminate": "false"
        },
        {
          "speaker": "speaker1",
          "personaID": "21878",
          "participantID": "4466",
          "utterance": "무슨일을 하세요? 저는 변리사로 일하고 있어요 ^^",
          "summary": "나는 변리사이다",
          "date": "2022-10-26",
          "time": "23:19:25",
          "terminate": "false"
        },
        {
          "speaker": "speaker2",
          "personaID": "41787",
          "participantID": "3751",
          "utterance": "멋진 직업이네요 저는 중학교 영어교사입니다. ",
          "summary": "나는 중학교 영어교사이다",
          "date": "2022-10-26",
          "time": "23:21:19",
          "terminate": "false"
        },
        {
          "speaker": "speaker1",
          "personaID": "21878",
          "participantID": "4466",
          "utterance": "중학교 영어선생님이시군요~ 멋지시네요 ^^ 동물 좋아하시나요?",
          "summary": "",
          "date": "2022-10-26",
          "time": "23:23:12",
          "terminate": "false"
        },
        {
          "speaker": "speaker2",
          "personaID": "41787",
          "participantID": "3751",
          "utterance": "네 돼지를 좋아해요 분홍색 아기돼지요 제가 분홍색을 너무 좋아하거든요",
          "summary": "나는 분홍색 아기돼지를 좋아한다 나는 분홍색을 너무 좋아한다",
          "date": "2022-10-26",
          "time": "23:24:42",
          "terminate": "false"
        },
        {
          "speaker": "speaker1",
          "personaID": "21878",
          "participantID": "4466",
          "utterance": "분홍아기돼지 너무 귀엽죠~ 저는 요즘 토끼가 너무 귀여워보여요~~한번 키워보고 싶더라구요~",
          "summary": "나는 요즘 토끼가 귀여워 시한번 키우고 싶다",
          "date": "2022-10-26",
          "time": "23:28:55",
          "terminate": "false"
        },
        {
          "speaker": "speaker2",
          "personaID": "41787",
          "participantID": "3751",
          "utterance": "네 아주 귀여운 동물이지요 사랑스럽구요",
          "summary": "",
          "date": "2022-10-26",
          "time": "23:29:58",
          "terminate": "false"
        },
        {
          "speaker": "speaker1",
          "personaID": "21878",
          "participantID": "4466",
          "utterance": "맞아요~~^^  혹시 연주하실 수 있는 악기 있으신가요?",
          "summary": "",
          "date": "2022-10-26",
          "time": "23:33:46",
          "terminate": "false"
        },
        {
          "speaker": "speaker2",
          "personaID": "41787",
          "participantID": "3751",
          "utterance": "피아노를 조금 칠수있어요 초보주준이지만요",
          "summary": "나는 피아노를 조금 칠 수 있다",
          "date": "2022-10-26",
          "time": "23:34:44",
          "terminate": "false"
        },
        {
          "speaker": "speaker1",
          "personaID": "21878",
          "participantID": "4466",
          "utterance": "와~ 피아노 치시는 군요~~ 저는 첼로를 연주하는 것을 좋아해서 자주하는 편이예요 ^^",
          "summary": "나는 첼로 연주를 좋아하고 자주 연주한다",
          "date": "2022-10-26",
          "time": "23:36:27",
          "terminate": "false"
        },
        {
          "speaker": "speaker2",
          "personaID": "41787",
          "participantID": "3751",
          "utterance": "멋있으시네요 첼로는 소리가 참아름답지요",
          "summary": "나는 첼로 소리가 아름답다고 생각한다",
          "date": "2022-10-26",
          "time": "23:36:59",
          "terminate": "false"
        },
        {
          "speaker": "speaker1",
          "personaID": "21878",
          "participantID": "4466",
          "utterance": "네~ 중저음의 묵직한 현 소리가 너무 매력적이예요~ 영어 교사시면 영어를 잘하시겠어요~~",
          "summary": "",
          "date": "2022-10-26",
          "time": "23:40:28",
          "terminate": "false"
        },
        {
          "speaker": "speaker2",
          "personaID": "41787",
          "participantID": "3751",
          "utterance": "직업이니까요 하지만 공부를 매일 합니다",
          "summary": "나는 영어 공부를 매일 한다",
          "date": "2022-10-26",
          "time": "23:41:16",
          "terminate": "false"
        },
        {
          "speaker": "speaker1",
          "personaID": "21878",
          "participantID": "4466",
          "utterance": "영어 잘하시는 분들이 부러워요~ 저는 약간 영어 울렁증이 있거든요~~",
          "summary": "나는 영어 잘하는 사람이 부럽다",
          "date": "2022-10-26",
          "time": "23:44:03",
          "terminate": "false"
        },
        {
          "speaker": "speaker2",
          "personaID": "41787",
          "participantID": "3751",
          "utterance": "다들 그렇죠 자국언어가 아니니까요 즐거웠어요  다음에 뵈요",
          "summary": "",
          "date": "2022-10-26",
          "time": "23:45:19",
          "terminate": "false"
        },
        {
          "speaker": "speaker1",
          "personaID": "21878",
          "participantID": "4466",
          "utterance": "네~~ 저도 즐거운 대화 감사해요~ 좋은 하루 되세요^^",
          "summary": "",
          "date": "2022-10-26",
          "time": "23:45:33",
          "terminate": "true"
        }
      ],
      "sessionPersonaSummary": {
        "speaker1": [
          "나는 20대 여성이다",
          "나는 변리사이다",
          "나는 요즘 토끼가 귀여워 시한번 키우고 싶다",
          "나는 첼로 연주를 좋아하고 자주 연주한다",
          "나는 영어 잘하는 사람이 부럽다"
        ],
        "speaker2": [
          "나는 40대 여성이다",
          "나는 중학교 영어교사이다",
          "나는 분홍색 아기돼지를 좋아한다",
          "나는 분홍색을 너무 좋아한다",
          "나는 피아노를 조금 칠 수 있다",
          "나는 첼로 소리가 아름답다고 생각한다",
          "나는 영어 공부를 매일 한다"
        ]
      },
      "prevAggregatedpersonaSummary": {
        "speaker1": [],
        "speaker2": []
      }
    },
    {
      "prevSessionID": "3-00371-1",
      "prevTimeInfo": {
        "timeNum": "4",
        "timeUnit": "주"
      },
      "nthSession": "2",
      "numberOfUtterances": "16",
      "numberOfTurns": "8",
      "sessionID": "3-00371-2",
      "dialog": [
        {
          "speaker": "speaker1",
          "personaID": "21878",
          "participantID": "4466",
          "utterance": "안녕하세요? 잘지내셨어요? 4주만에 뵙네요 ^^",
          "summary": "",
          "date": "2022-10-26",
          "time": "23:48:33",
          "terminate": "false"
        },
        {
          "speaker": "speaker2",
          "personaID": "41787",
          "participantID": "3751",
          "utterance": "네 잘 지내셨나요  곧 겨울이 될것같네요",
          "summary": "나는 곧 겨울이 될 것 같다고 생각한다",
          "date": "2022-10-26",
          "time": "23:49:48",
          "terminate": "false"
        },
        {
          "speaker": "speaker1",
          "personaID": "21878",
          "participantID": "4466",
          "utterance": "네~ 잘지냈어요~  날이 많이 추워졌어요~ 원래는 아침에 산책을 다녔는데 너무 추워서 나가기 힘들더라구요~",
          "summary": "나는 원래 아침산책을 했는데 너무 추워져서 나가기 힘들다",
          "date": "2022-10-26",
          "time": "23:52:34",
          "terminate": "false"
        },
        {
          "speaker": "speaker2",
          "personaID": "41787",
          "participantID": "3751",
          "utterance": "맞아요 아침마다 주스를 마시는데요 이제 차가운 음료는 이가 시려요",
          "summary": "나는 아침마다 주스를 마신다 나는 차가운 음료는 이가 시린다",
          "date": "2022-10-26",
          "time": "23:54:13",
          "terminate": "false"
        },
        {
          "speaker": "speaker1",
          "personaID": "21878",
          "participantID": "4466",
          "utterance": "그러시군요~ 좋아하는 운동있으세요? 저는 집근처 수영장에서 수영을 배워요~",
          "summary": "나는 집 근처 수영장에서 수영을 배운다",
          "date": "2022-10-26",
          "time": "23:56:52",
          "terminate": "false"
        },
        {
          "speaker": "speaker2",
          "personaID": "41787",
          "participantID": "3751",
          "utterance": "저는 추워서 수영은그만두었고 요가를 배우고있어요",
          "summary": "나는 추워서 수영은 그만두었고 요가를 배우고 있다",
          "date": "2022-10-26",
          "time": "23:59:42",
          "terminate": "false"
        },
        {
          "speaker": "speaker1",
          "personaID": "21878",
          "participantID": "4466",
          "utterance": "저도 요새 날씨가 추워져서 다른 운동으로 바꿔볼까하는데 요가 배우기 괜찮은가요?",
          "summary": "나는 추운 날씨 때문에 다른 운동으로 바꿀까 한다.",
          "date": "2022-10-27",
          "time": "00:04:22",
          "terminate": "false"
        },
        {
          "speaker": "speaker2",
          "personaID": "41787",
          "participantID": "3751",
          "utterance": "네 유연성을 키우는데 좋은것같아요",
          "summary": "나는 요가가 유연성을 키우는데 좋은 것 같다고 생각한다",
          "date": "2022-10-27",
          "time": "00:04:54",
          "terminate": "false"
        },
        {
          "speaker": "speaker1",
          "personaID": "21878",
          "participantID": "4466",
          "utterance": "제가  몸이 엄청 뻣뻣하거든요~ 요가를 배우면 좀 유연해질까요?",
          "summary": "나는 몸이 뻣뻣하다",
          "date": "2022-10-27",
          "time": "00:07:18",
          "terminate": "false"
        },
        {
          "speaker": "speaker2",
          "personaID": "41787",
          "participantID": "3751",
          "utterance": "네 스트레칭부터 배우시면  가능하세요",
          "summary": "",
          "date": "2022-10-27",
          "time": "00:12:34",
          "terminate": "false"
        },
        {
          "speaker": "speaker1",
          "personaID": "21878",
          "participantID": "4466",
          "utterance": "그렇군요~ 나중에 저도 한번 도전해봐야 겠어요~ 운동은 한두개정도 꾸준히 하는게 좋은거 같아요^^",
          "summary": "",
          "date": "2022-10-27",
          "time": "00:17:28",
          "terminate": "false"
        },
        {
          "speaker": "speaker2",
          "personaID": "41787",
          "participantID": "3751",
          "utterance": "맞아요 꾸준한 운동으로 면역력을 키워야해요",
          "summary": "나는 꾸준한 운동으로 면역력을 키워야 된다고 생각한다",
          "date": "2022-10-27",
          "time": "00:23:01",
          "terminate": "false"
        },
        {
          "speaker": "speaker1",
          "personaID": "21878",
          "participantID": "4466",
          "utterance": "네~^^ 또 해보신 운동중에 추천해주실만한 거 있으시나요?",
          "summary": "",
          "date": "2022-10-27",
          "time": "00:24:51",
          "terminate": "false"
        },
        {
          "speaker": "speaker2",
          "personaID": "41787",
          "participantID": "3751",
          "utterance": "등산도 추천드립니다 저는 주말마다 산에 올라요",
          "summary": "나는 등산을 주말마다 다닌다",
          "date": "2022-10-27",
          "time": "10:11:39",
          "terminate": "false"
        },
        {
          "speaker": "speaker1",
          "personaID": "21878",
          "participantID": "4466",
          "utterance": "등산도 하시는군요~ 엄청 부지런하신거 같아요 ^^ ",
          "summary": "",
          "date": "2022-10-27",
          "time": "10:13:47",
          "terminate": "false"
        },
        {
          "speaker": "speaker2",
          "personaID": "41787",
          "participantID": "3751",
          "utterance": "출근해야해서요 좋은하루 되세요 ",
          "summary": "나는 출근한다",
          "date": "2022-10-27",
          "time": "10:15:39",
          "terminate": "true"
        }
      ],
      "sessionPersonaSummary": {
        "speaker1": [
          "나는 원래 아침산책을 했는데 너무 추워져서 나가기 힘들다",
          "나는 집 근처 수영장에서 수영을 배운다",
          "나는 추운 날씨 때문에 다른 운동으로 바꿀까 한다.",
          "나는 몸이 뻣뻣하다"
        ],
        "speaker2": [
          "나는 곧 겨울이 될 것 같다고 생각한다",
          "나는 아침마다 주스를 마신다",
          "나는 차가운 음료는 이가 시린다",
          "나는 추워서 수영은 그만두었고 요가를 배우고 있다",
          "나는 요가가 유연성을 키우는데 좋은 것 같다고 생각한다",
          "나는 꾸준한 운동으로 면역력을 키워야 된다고 생각한다",
          "나는 등산을 주말마다 다닌다",
          "나는 출근한다"
        ]
      },
      "prevAggregatedpersonaSummary": {
        "speaker1": [
          "나는 20대 여성이다",
          "나는 변리사이다",
          "나는 요즘 토끼가 귀여워 시한번 키우고 싶다",
          "나는 첼로 연주를 좋아하고 자주 연주한다",
          "나는 영어 잘하는 사람이 부럽다"
        ],
        "speaker2": [
          "나는 40대 여성이다",
          "나는 중학교 영어교사이다",
          "나는 분홍색 아기돼지를 좋아한다",
          "나는 분홍색을 너무 좋아한다",
          "나는 피아노를 조금 칠 수 있다",
          "나는 첼로 소리가 아름답다고 생각한다",
          "나는 영어 공부를 매일 한다"
        ]
      }
    },
    {
      "prevSessionID": "3-00371-2",
      "prevTimeInfo": {
        "timeNum": "5",
        "timeUnit": "일"
      },
      "nthSession": "3",
      "numberOfUtterances": "15",
      "numberOfTurns": "7",
      "sessionID": "3-00371-3",
      "dialog": [
        {
          "speaker": "speaker1",
          "personaID": "21878",
          "participantID": "4466",
          "utterance": "잘 지내셨나요? 5일만에 대화하네요 ^^",
          "summary": "",
          "date": "2022-10-27",
          "time": "10:19:59",
          "terminate": "false"
        },
        {
          "speaker": "speaker2",
          "personaID": "41787",
          "participantID": "3751",
          "utterance": "네 잘 지내셨나요  오늘도 날씨가 쌀쌀하네요",
          "summary": "",
          "date": "2022-10-27",
          "time": "10:21:13",
          "terminate": "false"
        },
        {
          "speaker": "speaker1",
          "personaID": "21878",
          "participantID": "4466",
          "utterance": "그러네요~  혹시 축구 좋아하시나요?",
          "summary": "",
          "date": "2022-10-27",
          "time": "10:22:05",
          "terminate": "false"
        },
        {
          "speaker": "speaker2",
          "personaID": "41787",
          "participantID": "3751",
          "utterance": "네 좋아해요 아들이 축구선수가 꿈이거든요",
          "summary": "나는 아들이 축구선수가 되는 것이 꿈이다",
          "date": "2022-10-27",
          "time": "11:09:52",
          "terminate": "false"
        },
        {
          "speaker": "speaker1",
          "personaID": "21878",
          "participantID": "4466",
          "utterance": "와~ 아드님이 축구선수가 꿈이군요~ 요새 월드컵하던데 아드님 열심히 보시겠어요?",
          "summary": "",
          "date": "2022-10-27",
          "time": "11:11:54",
          "terminate": "false"
        },
        {
          "speaker": "speaker2",
          "personaID": "41787",
          "participantID": "3751",
          "utterance": "네 아들과함께 치킨을 먹으며 시청하는데 매우 행복합니다",
          "summary": "나는 아들과 함께 치킨을 먹으며 월드컵을 시청한다",
          "date": "2022-10-27",
          "time": "11:22:49",
          "terminate": "false"
        },
        {
          "speaker": "speaker1",
          "personaID": "21878",
          "participantID": "4466",
          "utterance": "그러시군요~ 아드님은 어떤 좋아하는 축구선수 좋아하나요?",
          "summary": "",
          "date": "2022-10-27",
          "time": "11:24:14",
          "terminate": "false"
        },
        {
          "speaker": "speaker2",
          "personaID": "41787",
          "participantID": "3751",
          "utterance": "가장 유명한 선수좋아하죠  @소속@에 있는 ㅎㅎ 저역시 팬입니다",
          "summary": "나는 @소속@에 있는 가장 유명한 축구선수를 좋아한다",
          "date": "2022-10-27",
          "time": "11:25:15",
          "terminate": "false"
        },
        {
          "speaker": "speaker1",
          "personaID": "21878",
          "participantID": "4466",
          "utterance": "아~~ 저도 축구는 잘 모르지만 아는 선수네요 ^^ 온 국민이 다 응원하고 있죠.  좋아하는 선수지요^^ 선수의 실제 경기 보신 적 있어요?",
          "summary": "나는 축구는 잘 모르지만 @소속@ 선수는 알고 있다",
          "date": "2022-10-27",
          "time": "11:26:24",
          "terminate": "false"
        },
        {
          "speaker": "speaker2",
          "personaID": "41787",
          "participantID": "3751",
          "utterance": "너무 오래되서 2002년 월드컵때 잠실에서요 ",
          "summary": "나는 잠실에서 2002년 월드컵을 봤다",
          "date": "2022-10-27",
          "time": "11:26:56",
          "terminate": "false"
        },
        {
          "speaker": "speaker1",
          "personaID": "21878",
          "participantID": "4466",
          "utterance": "2002년 월드컵때면 제가 아주 어렸을때네요~ 그때 엄청 난리였다고 들었어요~",
          "summary": "",
          "date": "2022-10-27",
          "time": "11:29:09",
          "terminate": "false"
        },
        {
          "speaker": "speaker2",
          "personaID": "41787",
          "participantID": "3751",
          "utterance": "네 정말 잊을수없는경험입니다 다시는 못 느끼겠죠",
          "summary": "나는 그때 잊을 수 없는 경험을 했다",
          "date": "2022-10-27",
          "time": "11:55:26",
          "terminate": "false"
        },
        {
          "speaker": "speaker1",
          "personaID": "21878",
          "participantID": "4466",
          "utterance": "저도 한번 그 열기를 느껴보고 싶네요~ 우리나라에서는 언제쯤 월드컵이 개최될까요?",
          "summary": "나는 우리나라에서 열린 월드컵 열기를 느껴보고 싶다",
          "date": "2022-10-27",
          "time": "12:10:05",
          "terminate": "false"
        },
        {
          "speaker": "speaker2",
          "personaID": "41787",
          "participantID": "3751",
          "utterance": "운이 좋다면 또 열릴수도 있겠죠 전이만 식사하러가볼께요",
          "summary": "",
          "date": "2022-10-27",
          "time": "12:13:04",
          "terminate": "false"
        },
        {
          "speaker": "speaker1",
          "personaID": "21878",
          "participantID": "4466",
          "utterance": "네~ 그럼 나중에 또 뵐께요 ~  좋은 하루 되세요^^",
          "summary": "",
          "date": "2022-10-27",
          "time": "12:15:36",
          "terminate": "true"
        }
      ],
      "sessionPersonaSummary": {
        "speaker1": [
          "나는 축구는 잘 모르지만 @소속@ 선수는 알고 있다",
          "나는 우리나라에서 열린 월드컵 열기를 느껴보고 싶다"
        ],
        "speaker2": [
          "나는 아들이 축구선수가 되는 것이 꿈이다",
          "나는 아들과 함께 치킨을 먹으며 월드컵을 시청한다",
          "나는 @소속@에 있는 가장 유명한 축구선수를 좋아한다",
          "나는 잠실에서 2002년 월드컵을 봤다",
          "나는 그때 잊을 수 없는 경험을 했다"
        ]
      },
      "prevAggregatedpersonaSummary": {
        "speaker1": [
          "나는 20대 여성이다",
          "나는 변리사이다",
          "나는 요즘 토끼가 귀여워 시한번 키우고 싶다",
          "나는 첼로 연주를 좋아하고 자주 연주한다",
          "나는 영어 잘하는 사람이 부럽다",
          "나는 원래 아침산책을 했는데 너무 추워져서 나가기 힘들다",
          "나는 집 근처 수영장에서 수영을 배운다",
          "나는 추운 날씨 때문에 다른 운동으로 바꿀까 한다.",
          "나는 몸이 뻣뻣하다"
        ],
        "speaker2": [
          "나는 40대 여성이다",
          "나는 중학교 영어교사이다",
          "나는 분홍색 아기돼지를 좋아한다",
          "나는 분홍색을 너무 좋아한다",
          "나는 피아노를 조금 칠 수 있다",
          "나는 첼로 소리가 아름답다고 생각한다",
          "나는 영어 공부를 매일 한다",
          "나는 곧 겨울이 될 것 같다고 생각한다",
          "나는 아침마다 주스를 마신다",
          "나는 차가운 음료는 이가 시린다",
          "나는 추워서 수영은 그만두었고 요가를 배우고 있다",
          "나는 요가가 유연성을 키우는데 좋은 것 같다고 생각한다",
          "나는 꾸준한 운동으로 면역력을 키워야 된다고 생각한다",
          "나는 등산을 주말마다 다닌다",
          "나는 출근한다"
        ]
      }
    }
  ]
}