{
  "FileInfo": {
    "filename": "K3-00516-CL30543-CP32198-12-12-S3.json",
    "sessionLevel": "3"
  },
  "participantsInfo": {
    "numberOfParticipants": "2",
    "speaker1": {
      "participantID": "1063",
      "gender": "남성",
      "age": "30대",
      "occupation": "서비스직",
      "bPlace": "서울/경기/인천",
      "gPlace": "서울/경기/인천",
      "rPlace": "서울/경기/인천",
      "educationLevel": "대졸"
    },
    "speaker2": {
      "participantID": "1069",
      "gender": "여성",
      "age": "30대",
      "occupation": "무직",
      "bPlace": "광주/전라/제주",
      "gPlace": "광주/전라/제주",
      "rPlace": "광주/전라/제주",
      "educationLevel": "대졸"
    }
  },
  "multisessionInfo": {
    "multisessionID": "3-00516"
  },
  "personaInfo": {
    "clInfo": {
      "personaID": "30543",
      "personaFeatures": [
        "나는 남자이다.",
        "나는 30대이다.",
        "나는 국어교육과를 전공했다.",
        "나는 야근을 하는 것을 싫어한다.",
        "나는 가을을 싫어한다."
      ],
      "speakerType": "speaker1"
    },
    "cpInfo": {
      "personaID": "32198",
      "personaFeatures": [
        "나는 여자이다.",
        "나는 30대이다.",
        "나는 미장공이다.",
        "나는 봉사활동을 하는 것을 좋아한다.",
        "나는 플루트를 배우고 싶다."
      ],
      "speakerType": "speaker2"
    }
  },
  "topicInfo": {
    "topicID": "12-12",
    "topicType": "여가와 오락>여행",
    "topicTitle": "패키지"
  },
  "sessionInfo": [
    {
      "prevSessionID": null,
      "prevTimeInfo": {
        "timeNum": null,
        "timeUnit": null
      },
      "nthSession": "1",
      "numberOfUtterances": "14",
      "numberOfTurns": "7",
      "sessionID": "3-00516-1",
      "dialog": [
        {
          "speaker": "speaker1",
          "personaID": "30543",
          "participantID": "1063",
          "utterance": "하@이름1@~ 저는 30대 남자입니다.",
          "summary": "나는 30대 남자이다.",
          "date": "2022-10-25",
          "time": "10:27:05",
          "terminate": "false"
        },
        {
          "speaker": "speaker2",
          "personaID": "32198",
          "participantID": "1069",
          "utterance": "아 안녕하세요. 저는 30대 여자입니다.",
          "summary": "나는 30대 여자이다.",
          "date": "2022-10-25",
          "time": "10:27:10",
          "terminate": "false"
        },
        {
          "speaker": "speaker1",
          "personaID": "30543",
          "participantID": "1063",
          "utterance": "안녕하세요~ 그쪽은 혹시 무슨일 하시고 계세요?",
          "summary": "",
          "date": "2022-10-25",
          "time": "10:27:20",
          "terminate": "false"
        },
        {
          "speaker": "speaker2",
          "personaID": "32198",
          "participantID": "1069",
          "utterance": "아 저는 미장공이에요. ㅎㅎ 건설현장에서 일하네요.",
          "summary": "나는 미장공이다.",
          "date": "2022-10-25",
          "time": "10:27:37",
          "terminate": "false"
        },
        {
          "speaker": "speaker1",
          "personaID": "30543",
          "participantID": "1063",
          "utterance": "아 미장공이시구나. 여성분이 일하기 쉽지 않을것 같은데요?",
          "summary": "",
          "date": "2022-10-25",
          "time": "10:27:53",
          "terminate": "false"
        },
        {
          "speaker": "speaker2",
          "personaID": "32198",
          "participantID": "1069",
          "utterance": "네 쉽지는 않습니다.. 현장일이 다 그렇더라고요.",
          "summary": "",
          "date": "2022-10-25",
          "time": "10:28:02",
          "terminate": "false"
        },
        {
          "speaker": "speaker1",
          "personaID": "30543",
          "participantID": "1063",
          "utterance": "화이팅입니다. 저는 사실 국어선생님이거든요. 국어교육과 전공해서 말이죠.",
          "summary": "나는 국어 선생님이다. 나는 국어교육과를 전공했다.",
          "date": "2022-10-25",
          "time": "10:28:20",
          "terminate": "false"
        },
        {
          "speaker": "speaker2",
          "personaID": "32198",
          "participantID": "1069",
          "utterance": "아 그렇군요. 국어선생님이라니 좋은 직업 갖고 계시네요.",
          "summary": "",
          "date": "2022-10-25",
          "time": "10:28:34",
          "terminate": "false"
        },
        {
          "speaker": "speaker1",
          "personaID": "30543",
          "participantID": "1063",
          "utterance": "감사합니다. 좋은 직업이라고 해주셔서요.ㅎㅎ.",
          "summary": "",
          "date": "2022-10-25",
          "time": "10:28:43",
          "terminate": "false"
        },
        {
          "speaker": "speaker2",
          "personaID": "32198",
          "participantID": "1069",
          "utterance": "아무래도 선생님이시면 저희 현장일보다는 대우도 더 잘 받을거 같네요.",
          "summary": "",
          "date": "2022-10-25",
          "time": "10:28:56",
          "terminate": "false"
        },
        {
          "speaker": "speaker1",
          "personaID": "30543",
          "participantID": "1063",
          "utterance": "대우는 그래도 뭐 월급은 사실 쥐꼬리만하긴 합니다.",
          "summary": "",
          "date": "2022-10-25",
          "time": "10:29:08",
          "terminate": "false"
        },
        {
          "speaker": "speaker2",
          "personaID": "32198",
          "participantID": "1069",
          "utterance": "아 그런가요? 그래도 연차가 쌓이면 좀 다르죠?",
          "summary": "",
          "date": "2022-10-25",
          "time": "10:29:32",
          "terminate": "false"
        },
        {
          "speaker": "speaker1",
          "personaID": "30543",
          "participantID": "1063",
          "utterance": "아무래도 그렇긴 하죠.. ㅎㅎ 그럼 저는 이만 가볼게요.",
          "summary": "",
          "date": "2022-10-25",
          "time": "10:29:38",
          "terminate": "false"
        },
        {
          "speaker": "speaker2",
          "personaID": "32198",
          "participantID": "1069",
          "utterance": "아 네 저도 그럼 가볼게요. 알아볼게 있어서요. 안녕히 계세요.",
          "summary": "",
          "date": "2022-10-25",
          "time": "10:30:00",
          "terminate": "true"
        }
      ],
      "sessionPersonaSummary": {
        "speaker1": [
          "나는 30대 남자이다.",
          "나는 국어 선생님이다. 나는 국어교육과를 전공했다."
        ],
        "speaker2": [
          "나는 30대 여자이다.",
          "나는 미장공이다."
        ]
      },
      "prevAggregatedpersonaSummary": {
        "speaker1": [],
        "speaker2": []
      }
    },
    {
      "prevSessionID": "3-00516-1",
      "prevTimeInfo": {
        "timeNum": "38",
        "timeUnit": "시간"
      },
      "nthSession": "2",
      "numberOfUtterances": "14",
      "numberOfTurns": "7",
      "sessionID": "3-00516-2",
      "dialog": [
        {
          "speaker": "speaker1",
          "personaID": "30543",
          "participantID": "1063",
          "utterance": "38시간 정도 지났군요? 반가워요. 미장공님.",
          "summary": "",
          "date": "2022-10-25",
          "time": "10:30:05",
          "terminate": "false"
        },
        {
          "speaker": "speaker2",
          "personaID": "32198",
          "participantID": "1069",
          "utterance": "아 안녕하세요. 국어선생님! ㅎㅎ.",
          "summary": "",
          "date": "2022-10-25",
          "time": "10:30:15",
          "terminate": "false"
        },
        {
          "speaker": "speaker1",
          "personaID": "30543",
          "participantID": "1063",
          "utterance": "맞습니다. 그쪽은 혹시 여행하는거 좋아하세요?",
          "summary": "",
          "date": "2022-10-25",
          "time": "10:30:35",
          "terminate": "false"
        },
        {
          "speaker": "speaker2",
          "personaID": "32198",
          "participantID": "1069",
          "utterance": "여행이요? 좋아해요. 사실 봉사활동 하는 것을 좋아해서, 해외로도 가끔 다니고 합니다.",
          "summary": "나는 봉사 활동하는 것을 좋아한다.",
          "date": "2022-10-25",
          "time": "10:30:55",
          "terminate": "false"
        },
        {
          "speaker": "speaker1",
          "personaID": "30543",
          "participantID": "1063",
          "utterance": "오 좋네요. 저도 야근하는것을 싫어해서 여행하는걸 좋아하거든요.",
          "summary": "나는 야근하는 것을 싫어한다.",
          "date": "2022-10-25",
          "time": "10:31:10",
          "terminate": "false"
        },
        {
          "speaker": "speaker2",
          "personaID": "32198",
          "participantID": "1069",
          "utterance": "아 그럼 퇴근하고 바로 여행도 가고 그러세요??",
          "summary": "",
          "date": "2022-10-25",
          "time": "10:31:39",
          "terminate": "false"
        },
        {
          "speaker": "speaker1",
          "personaID": "30543",
          "participantID": "1063",
          "utterance": "네. 금요일날 여행가서 일요일날 돌아오고 이런거 좋아합니다.",
          "summary": "",
          "date": "2022-10-25",
          "time": "10:31:53",
          "terminate": "false"
        },
        {
          "speaker": "speaker2",
          "personaID": "32198",
          "participantID": "1069",
          "utterance": "와 그러시구나. 그것도 너무 좋네요!",
          "summary": "",
          "date": "2022-10-25",
          "time": "10:32:12",
          "terminate": "false"
        },
        {
          "speaker": "speaker1",
          "personaID": "30543",
          "participantID": "1063",
          "utterance": "그래서 패키지 여행도 좀 많이 다녀요! 여행사가 준비하는것도 나쁘지 않더라고요.",
          "summary": "",
          "date": "2022-10-25",
          "time": "10:32:16",
          "terminate": "false"
        },
        {
          "speaker": "speaker2",
          "personaID": "32198",
          "participantID": "1069",
          "utterance": "아 패키지 여행이요? 저는 국내는 한 번도 안 해봤어요.",
          "summary": "",
          "date": "2022-10-25",
          "time": "10:32:39",
          "terminate": "false"
        },
        {
          "speaker": "speaker1",
          "personaID": "30543",
          "participantID": "1063",
          "utterance": "나름대로 괜찮아요! 색다른 경험도 많이 해볼수있거든요.",
          "summary": "",
          "date": "2022-10-25",
          "time": "10:32:52",
          "terminate": "false"
        },
        {
          "speaker": "speaker2",
          "personaID": "32198",
          "participantID": "1069",
          "utterance": "아 그렇군요! 그럼 괜찮은 여행사 좀 추천해주실래요??",
          "summary": "",
          "date": "2022-10-25",
          "time": "10:33:15",
          "terminate": "false"
        },
        {
          "speaker": "speaker1",
          "personaID": "30543",
          "participantID": "1063",
          "utterance": "S사 추천드립니다~! 그럼 저는 이만 가볼게요.",
          "summary": "",
          "date": "2022-10-25",
          "time": "10:33:21",
          "terminate": "false"
        },
        {
          "speaker": "speaker2",
          "personaID": "32198",
          "participantID": "1069",
          "utterance": "오 추천 감사합니다~ 저도 그럼 가볼게요~ 플루트 학원을 좀 알아봐야겠어요!",
          "summary": "",
          "date": "2022-10-25",
          "time": "10:33:30",
          "terminate": "true"
        }
      ],
      "sessionPersonaSummary": {
        "speaker1": [
          "나는 야근하는 것을 싫어한다."
        ],
        "speaker2": [
          "나는 봉사 활동하는 것을 좋아한다."
        ]
      },
      "prevAggregatedpersonaSummary": {
        "speaker1": [
          "나는 30대 남자이다.",
          "나는 국어 선생님이다. 나는 국어교육과를 전공했다."
        ],
        "speaker2": [
          "나는 30대 여자이다.",
          "나는 미장공이다."
        ]
      }
    },
    {
      "prevSessionID": "3-00516-2",
      "prevTimeInfo": {
        "timeNum": "39",
        "timeUnit": "시간"
      },
      "nthSession": "3",
      "numberOfUtterances": "18",
      "numberOfTurns": "9",
      "sessionID": "3-00516-3",
      "dialog": [
        {
          "speaker": "speaker1",
          "personaID": "30543",
          "participantID": "1063",
          "utterance": "39 시간 정도 지났네요. 안녕하세요? 봉사활동 좋아하시는 분.",
          "summary": "",
          "date": "2022-10-25",
          "time": "10:33:32",
          "terminate": "false"
        },
        {
          "speaker": "speaker2",
          "personaID": "32198",
          "participantID": "1069",
          "utterance": "오 안녕하세요. 국어선생님~ ㅎㅎ.",
          "summary": "",
          "date": "2022-10-25",
          "time": "10:33:43",
          "terminate": "false"
        },
        {
          "speaker": "speaker1",
          "personaID": "30543",
          "participantID": "1063",
          "utterance": "네 반가워요. 요즘 어떻게 지내고 계셨어요?",
          "summary": "",
          "date": "2022-10-25",
          "time": "10:34:06",
          "terminate": "false"
        },
        {
          "speaker": "speaker2",
          "personaID": "32198",
          "participantID": "1069",
          "utterance": "아 저는 저번부터 플루트 학원을 좀 알아보고 있어요. 플루트를 배우고 싶어서요.",
          "summary": "나는 플루트를 배우고 싶다.",
          "date": "2022-10-25",
          "time": "10:34:18",
          "terminate": "false"
        },
        {
          "speaker": "speaker1",
          "personaID": "30543",
          "participantID": "1063",
          "utterance": "아 그래서 그떄 플루트 학원을 알아보신다고 했군요.",
          "summary": "",
          "date": "2022-10-25",
          "time": "10:34:35",
          "terminate": "false"
        },
        {
          "speaker": "speaker2",
          "personaID": "32198",
          "participantID": "1069",
          "utterance": "네 맞습니다. 알아봤는데 아마 곧 이번 일 끝나고 조금 여유 생기면 시작해보려고요~",
          "summary": "",
          "date": "2022-10-25",
          "time": "10:34:53",
          "terminate": "false"
        },
        {
          "speaker": "speaker1",
          "personaID": "30543",
          "participantID": "1063",
          "utterance": "그렇군요. 나쁘지 않네요. 날도 추워지니까 그런 실내활동이 좋겠어요.",
          "summary": "",
          "date": "2022-10-25",
          "time": "10:35:19",
          "terminate": "false"
        },
        {
          "speaker": "speaker2",
          "personaID": "32198",
          "participantID": "1069",
          "utterance": "네 맞아요~ 그럼 선생님은 어떻게 지내고 계세요??",
          "summary": "",
          "date": "2022-10-25",
          "time": "10:35:49",
          "terminate": "false"
        },
        {
          "speaker": "speaker1",
          "personaID": "30543",
          "participantID": "1063",
          "utterance": "저는 사실 날이 추워져가지고 거의 집에만 있어요.",
          "summary": "",
          "date": "2022-10-25",
          "time": "10:36:01",
          "terminate": "false"
        },
        {
          "speaker": "speaker2",
          "personaID": "32198",
          "participantID": "1069",
          "utterance": "아 그렇군요. 추운 날이 좀 힘드세요?",
          "summary": "",
          "date": "2022-10-25",
          "time": "10:36:09",
          "terminate": "false"
        },
        {
          "speaker": "speaker1",
          "personaID": "30543",
          "participantID": "1063",
          "utterance": "네. 특히 이런 서늘한 날이요. 제가 가을을 싫어하거든요.",
          "summary": "나는 가을을 싫어한다.",
          "date": "2022-10-25",
          "time": "10:36:22",
          "terminate": "false"
        },
        {
          "speaker": "speaker2",
          "personaID": "32198",
          "participantID": "1069",
          "utterance": "아아 그렇군요.. 뭔가 애매하게 추운 날씨긴 하죠.",
          "summary": "",
          "date": "2022-10-25",
          "time": "10:36:29",
          "terminate": "false"
        },
        {
          "speaker": "speaker1",
          "personaID": "30543",
          "participantID": "1063",
          "utterance": "그러니까요.차라리 겨울이면 롱패딩 꺼내서 입으면 될것 같은데..",
          "summary": "",
          "date": "2022-10-25",
          "time": "10:36:51",
          "terminate": "false"
        },
        {
          "speaker": "speaker2",
          "personaID": "32198",
          "participantID": "1069",
          "utterance": "네 맞습니다.. 지금 롱패딩은 좀 너무 과한가 싶어서 괜히 눈치보이긴 하더라고요.",
          "summary": "",
          "date": "2022-10-25",
          "time": "10:37:04",
          "terminate": "false"
        },
        {
          "speaker": "speaker1",
          "personaID": "30543",
          "participantID": "1063",
          "utterance": "그러니까요. 그렇다고 바람막이나 가디건으론 좀 추워요.",
          "summary": "",
          "date": "2022-10-25",
          "time": "10:37:16",
          "terminate": "false"
        },
        {
          "speaker": "speaker2",
          "personaID": "32198",
          "participantID": "1069",
          "utterance": "맞습니다.. 너무 많이 껴입기도 좀 불편하고요.",
          "summary": "",
          "date": "2022-10-25",
          "time": "10:37:24",
          "terminate": "false"
        },
        {
          "speaker": "speaker1",
          "personaID": "30543",
          "participantID": "1063",
          "utterance": "그러니까요. ㅎㅎ 그럼 저는 이만 가볼게요.",
          "summary": "",
          "date": "2022-10-25",
          "time": "10:37:34",
          "terminate": "false"
        },
        {
          "speaker": "speaker2",
          "personaID": "32198",
          "participantID": "1069",
          "utterance": "네 저도 그럼 일하러 가볼게요! 휴식 시간이 끝났네요!",
          "summary": "",
          "date": "2022-10-25",
          "time": "10:37:35",
          "terminate": "true"
        }
      ],
      "sessionPersonaSummary": {
        "speaker1": [
          "나는 가을을 싫어한다."
        ],
        "speaker2": [
          "나는 플루트를 배우고 싶다."
        ]
      },
      "prevAggregatedpersonaSummary": {
        "speaker1": [
          "나는 30대 남자이다.",
          "나는 국어 선생님이다. 나는 국어교육과를 전공했다.",
          "나는 야근하는 것을 싫어한다."
        ],
        "speaker2": [
          "나는 30대 여자이다.",
          "나는 미장공이다.",
          "나는 봉사 활동하는 것을 좋아한다."
        ]
      }
    }
  ]
}