{
  "FileInfo": {
    "filename": "K3-00544-CL34331-CP42298-13-05-S3.json",
    "sessionLevel": "3"
  },
  "participantsInfo": {
    "numberOfParticipants": "2",
    "speaker1": {
      "participantID": "3481",
      "gender": "여성",
      "age": "40대",
      "occupation": "주부",
      "bPlace": "부산/대구/울산/경상",
      "gPlace": "서울/경기/인천",
      "rPlace": "서울/경기/인천",
      "educationLevel": "대졸"
    },
    "speaker2": {
      "participantID": "3298",
      "gender": "여성",
      "age": "30대",
      "occupation": "사무직",
      "bPlace": "부산/대구/울산/경상",
      "gPlace": "대전/세종/충청/강원",
      "rPlace": "서울/경기/인천",
      "educationLevel": "대졸"
    }
  },
  "multisessionInfo": {
    "multisessionID": "3-00544"
  },
  "personaInfo": {
    "clInfo": {
      "personaID": "34331",
      "personaFeatures": [
        "나는 여자이다.",
        "나는 30대이다.",
        "나는 저녁에 뉴스를 읽는다",
        "나는 혈액형이 A형이다",
        "나는 다소 상냥하다"
      ],
      "speakerType": "speaker1"
    },
    "cpInfo": {
      "personaID": "42298",
      "personaFeatures": [
        "나는 여자이다.",
        "나는 40대이다.",
        "나는 혈액형이 A형이다",
        "내가 가장 기쁘던 때는 아이 혼자서 자전거를 타게 되었을 때이다",
        "나는 뮤지컬 영화를 좋아한다"
      ],
      "speakerType": "speaker2"
    }
  },
  "topicInfo": {
    "topicID": "13-05",
    "topicType": "기후>계절/날씨",
    "topicTitle": "하늘"
  },
  "sessionInfo": [
    {
      "prevSessionID": null,
      "prevTimeInfo": {
        "timeNum": null,
        "timeUnit": null
      },
      "nthSession": "1",
      "numberOfUtterances": "14",
      "numberOfTurns": "7",
      "sessionID": "3-00544-1",
      "dialog": [
        {
          "speaker": "speaker1",
          "personaID": "34331",
          "participantID": "3481",
          "utterance": "안녕하세요. 만나서 반가워요. 나는 30대 여성이에요",
          "summary": "나는 30대 여성이다",
          "date": "2022-11-04",
          "time": "11:19:02",
          "terminate": "false"
        },
        {
          "speaker": "speaker2",
          "personaID": "42298",
          "participantID": "3298",
          "utterance": "안녕하세요 저는 40대 여성입니다!",
          "summary": "나는 40대 여성이다",
          "date": "2022-11-04",
          "time": "11:53:23",
          "terminate": "false"
        },
        {
          "speaker": "speaker1",
          "personaID": "34331",
          "participantID": "3481",
          "utterance": "저녁이라 뉴스보고 있었어요. 뭐하고 계셨어요?",
          "summary": "",
          "date": "2022-11-04",
          "time": "12:59:12",
          "terminate": "false"
        },
        {
          "speaker": "speaker2",
          "personaID": "42298",
          "participantID": "3298",
          "utterance": "저는 레미제라블 영화 보고있어요. 전 뮤지컬 영화를 좋아하거든요",
          "summary": "나는 뮤지컬 영화를 좋아한다",
          "date": "2022-11-04",
          "time": "13:30:51",
          "terminate": "false"
        },
        {
          "speaker": "speaker1",
          "personaID": "34331",
          "participantID": "3481",
          "utterance": " 그러시구나. 저는 몇년전에 라라랜드 몇번을 봤어요. 혹시 혈액형이 뭐에요? 전 A형. 주변에 A형들이 뮤지컬좋아하드라구요",
          "summary": "나는 혈액형이 A형이다",
          "date": "2022-11-04",
          "time": "13:34:36",
          "terminate": "false"
        },
        {
          "speaker": "speaker2",
          "personaID": "42298",
          "participantID": "3298",
          "utterance": "엇 저도 a형이에요! 반갑네요~ 살면서 가장 기뻣을때가 언제세오? 저는 최근ㅇ 아이 혼자서 자전거를 타게 되엇을때에요",
          "summary": "나는 A형이고 아이 혼자서 자전거를 타게 되었을 때 기뻤다",
          "date": "2022-11-04",
          "time": "14:27:22",
          "terminate": "false"
        },
        {
          "speaker": "speaker1",
          "personaID": "34331",
          "participantID": "3481",
          "utterance": "일상을 살면 언제 기뻤나싶은데 기쁜일은 늘있죠. 오늘은 둘째가 누나생일이라고 용돈으로 벼룩시장서 인형사온일요 너무 귀여웠어요",
          "summary": "나는 둘째가 누나 생일선물로 벼룩시장에서 인형 사온 일이 살면서 가장 기뻤다",
          "date": "2022-11-04",
          "time": "17:12:41",
          "terminate": "false"
        },
        {
          "speaker": "speaker2",
          "personaID": "42298",
          "participantID": "3298",
          "utterance": "어머 생각만 해도 사랑스러운 아이네요!",
          "summary": "",
          "date": "2022-11-04",
          "time": "19:34:49",
          "terminate": "false"
        },
        {
          "speaker": "speaker1",
          "personaID": "34331",
          "participantID": "3481",
          "utterance": "그쵸? 저는 좀 상냥한 편인데 그 아이가 그걸 닮아서 좋아요",
          "summary": "나는 좀 상냥한 편이다",
          "date": "2022-11-04",
          "time": "20:57:16",
          "terminate": "false"
        },
        {
          "speaker": "speaker2",
          "personaID": "42298",
          "participantID": "3298",
          "utterance": "ㅎㅎㅎ부모는 아이의 거울이죠~^^ 상냥함이라니! 좋으신 분일것 같아요^^",
          "summary": "",
          "date": "2022-11-04",
          "time": "21:52:47",
          "terminate": "false"
        },
        {
          "speaker": "speaker1",
          "personaID": "34331",
          "participantID": "3481",
          "utterance": "천성인거같아요. 좋은것도 있는데 남들한테 싫은소리 못하는건 좀 그래요. 할말은 하고 살아야되는데요 ",
          "summary": "나는 남들에게 싫은 소리를 못한다",
          "date": "2022-11-04",
          "time": "22:00:33",
          "terminate": "false"
        },
        {
          "speaker": "speaker2",
          "personaID": "42298",
          "participantID": "3298",
          "utterance": "맞아요 그런말 잘하는 사람이 결국 속 편하게 사는것 같아요 저도 소심해서 잘 말못해요",
          "summary": "나는 소심해서 말 잘 못한다",
          "date": "2022-11-05",
          "time": "08:19:36",
          "terminate": "false"
        },
        {
          "speaker": "speaker1",
          "personaID": "34331",
          "participantID": "3481",
          "utterance": "저도 예전엔 그런사람들은 이기적이고 예의없다고 생각했는데 요즘은 부러워요. 상대방과 다를땐 내생각을 말할줄 차분히 말하는 훈련이 필요한듯해요",
          "summary": "나는 요즘 상대방과 다른 내 생각을 차분히 말하는 훈련이 필요하다",
          "date": "2022-11-05",
          "time": "10:49:24",
          "terminate": "false"
        },
        {
          "speaker": "speaker2",
          "personaID": "42298",
          "participantID": "3298",
          "utterance": "공감합니다 ^^ 의미있는 대화 감사해요 다음에 또 대화해요",
          "summary": "",
          "date": "2022-11-05",
          "time": "12:16:59",
          "terminate": "true"
        }
      ],
      "sessionPersonaSummary": {
        "speaker1": [
          "나는 30대 여성이다",
          "나는 혈액형이 A형이다",
          "나는 둘째가 누나 생일선물로 벼룩시장에서 인형 사온 일이 살면서 가장 기뻤다",
          "나는 좀 상냥한 편이다",
          "나는 남들에게 싫은 소리를 못한다",
          "나는 요즘 상대방과 다른 내 생각을 차분히 말하는 훈련이 필요하다"
        ],
        "speaker2": [
          "나는 40대 여성이다",
          "나는 뮤지컬 영화를 좋아한다",
          "나는 A형이고 아이 혼자서 자전거를 타게 되었을 때 기뻤다",
          "나는 소심해서 말 잘 못한다"
        ]
      },
      "prevAggregatedpersonaSummary": {
        "speaker1": [],
        "speaker2": []
      }
    },
    {
      "prevSessionID": "3-00544-1",
      "prevTimeInfo": {
        "timeNum": "4",
        "timeUnit": "주"
      },
      "nthSession": "2",
      "numberOfUtterances": "14",
      "numberOfTurns": "7",
      "sessionID": "3-00544-2",
      "dialog": [
        {
          "speaker": "speaker1",
          "personaID": "34331",
          "participantID": "3481",
          "utterance": " 안녕하세요. 한달동안 잘 지내셨어요?",
          "summary": "",
          "date": "2022-11-05",
          "time": "12:36:31",
          "terminate": "false"
        },
        {
          "speaker": "speaker2",
          "personaID": "42298",
          "participantID": "3298",
          "utterance": "네네^^ 저 제천으로 가을여행 왔어요^^너~무 이쁘네요",
          "summary": "나는 제천으로 가을여행 왔다",
          "date": "2022-11-05",
          "time": "12:37:14",
          "terminate": "false"
        },
        {
          "speaker": "speaker1",
          "personaID": "34331",
          "participantID": "3481",
          "utterance": "제천요? 넘 좋으시겠다. 오늘 하늘도 이쁘고 단풍도 넘 이쁘죠?",
          "summary": "",
          "date": "2022-11-05",
          "time": "12:38:13",
          "terminate": "false"
        },
        {
          "speaker": "speaker2",
          "personaID": "42298",
          "participantID": "3298",
          "utterance": "네네 단풍이 너무 이뻐요. 일주일만 빨리 왔다면 절경이었을거 같아요!  부부의 세계 촬영지 라네요! 여기가",
          "summary": "",
          "date": "2022-11-05",
          "time": "12:39:36",
          "terminate": "false"
        },
        {
          "speaker": "speaker1",
          "personaID": "34331",
          "participantID": "3481",
          "utterance": "저 그 드라마는 못봤는데 촬영지가 어디라는 뉴스는 봤어요. 요즘은ㅈ어딜가나 촬영지가 명소가 되더라구요 ",
          "summary": "나는 드라마는 못 봤지만 촬영지가 어디라는 뉴스는 봤다",
          "date": "2022-11-05",
          "time": "12:42:26",
          "terminate": "false"
        },
        {
          "speaker": "speaker2",
          "personaID": "42298",
          "participantID": "3298",
          "utterance": "네네 근데 참 이렇게 예쁜 곳은 또 어떻게 귀신같이 찾아내는지 대단해요",
          "summary": "",
          "date": "2022-11-05",
          "time": "12:44:06",
          "terminate": "false"
        },
        {
          "speaker": "speaker1",
          "personaID": "34331",
          "participantID": "3481",
          "utterance": "장소섭외하시는분들 대단해요. 근데 또 화면이 더 이쁜 경우도 많대요. 막상가면 별거없는곳도 있드라구요",
          "summary": "",
          "date": "2022-11-05",
          "time": "12:48:03",
          "terminate": "false"
        },
        {
          "speaker": "speaker2",
          "personaID": "42298",
          "participantID": "3298",
          "utterance": "아 맞아요. 호텔이나 리조트도 그런게 심하죠 광곽으로 찍어서 그런가봐여ㅠ ",
          "summary": "",
          "date": "2022-11-05",
          "time": "18:34:35",
          "terminate": "false"
        },
        {
          "speaker": "speaker1",
          "personaID": "34331",
          "participantID": "3481",
          "utterance": " 오늘 하늘구경 보셨어요? 외국하늘도 이쁘긴한데 저는 우리나라 가을하늘이 너무 좋아요",
          "summary": "나는 우리나라 가을 하늘이 너무 좋다",
          "date": "2022-11-05",
          "time": "18:45:39",
          "terminate": "false"
        },
        {
          "speaker": "speaker2",
          "personaID": "42298",
          "participantID": "3298",
          "utterance": "저도요 가을하늘 만큼은 우리나라가 그 어디에도 꿀리지 않아요",
          "summary": "나는 가을 하늘이 좋다",
          "date": "2022-11-05",
          "time": "20:57:18",
          "terminate": "false"
        },
        {
          "speaker": "speaker1",
          "personaID": "34331",
          "participantID": "3481",
          "utterance": " 저는 가을에 자전거타고 공원도는거 너무 좋아해요. 하늘도 이쁘고 바람도 좋아서요",
          "summary": "나는 가을에 자전거 타고 공원 도는 게 너무 좋다",
          "date": "2022-11-05",
          "time": "20:59:30",
          "terminate": "false"
        },
        {
          "speaker": "speaker2",
          "personaID": "42298",
          "participantID": "3298",
          "utterance": "생각만 해도 예쁨이 그려지네요. 어떤계절 좋아하세요?",
          "summary": "",
          "date": "2022-11-05",
          "time": "22:46:04",
          "terminate": "false"
        },
        {
          "speaker": "speaker1",
          "personaID": "34331",
          "participantID": "3481",
          "utterance": "예전엔 가을이 좋았어요. 둘둘 싸매는것도 좋아하고 추운날 오뎅먹는걸 좋아하거든요. 그리고  가을은 우울했거든요? 근데 지금은 가을이 좋아요. 하늘도 이쁘고 자전거타기좋아서요. 나이드니 날추우면 몸이 으슬거리는게 싫어져서 겨울은별로요. 난방비도 마니 나오고요 하하",
          "summary": "나는 가을이 좋고 추운 날 어묵 먹는 걸 좋아한다 나는 나이 드니 추우면 몸 으슬거리는것과 난방비 많이 나오는 게 싫어서 겨울은 싫다",
          "date": "2022-11-05",
          "time": "23:04:39",
          "terminate": "false"
        },
        {
          "speaker": "speaker2",
          "personaID": "42298",
          "participantID": "3298",
          "utterance": "하하 저도 주부로서 난방비에 공감요. 늦어서 다음에 또 대화해요",
          "summary": "",
          "date": "2022-11-05",
          "time": "23:22:09",
          "terminate": "true"
        }
      ],
      "sessionPersonaSummary": {
        "speaker1": [
          "나는 드라마는 못 봤지만 촬영지가 어디라는 뉴스는 봤다",
          "나는 우리나라 가을 하늘이 너무 좋다",
          "나는 가을에 자전거 타고 공원 도는 게 너무 좋다",
          "나는 가을이 좋고 추운 날 어묵 먹는 걸 좋아한다",
          "나는 나이 드니 추우면 몸 으슬거리는것과 난방비 많이 나오는 게 싫어서 겨울은 싫다"
        ],
        "speaker2": [
          "나는 제천으로 가을여행 왔다",
          "나는 가을 하늘이 좋다"
        ]
      },
      "prevAggregatedpersonaSummary": {
        "speaker1": [
          "나는 30대 여성이다",
          "나는 혈액형이 A형이다",
          "나는 둘째가 누나 생일선물로 벼룩시장에서 인형 사온 일이 살면서 가장 기뻤다",
          "나는 좀 상냥한 편이다",
          "나는 남들에게 싫은 소리를 못한다",
          "나는 요즘 상대방과 다른 내 생각을 차분히 말하는 훈련이 필요하다"
        ],
        "speaker2": [
          "나는 40대 여성이다",
          "나는 뮤지컬 영화를 좋아한다",
          "나는 A형이고 아이 혼자서 자전거를 타게 되었을 때 기뻤다",
          "나는 소심해서 말 잘 못한다"
        ]
      }
    },
    {
      "prevSessionID": "3-00544-2",
      "prevTimeInfo": {
        "timeNum": "4",
        "timeUnit": "주"
      },
      "nthSession": "3",
      "numberOfUtterances": "14",
      "numberOfTurns": "7",
      "sessionID": "3-00544-3",
      "dialog": [
        {
          "speaker": "speaker1",
          "personaID": "34331",
          "participantID": "3481",
          "utterance": "안녕하세요. 오랜만에 인사드려요. 벌써 한달이 지났네요",
          "summary": "",
          "date": "2022-11-05",
          "time": "23:37:39",
          "terminate": "false"
        },
        {
          "speaker": "speaker2",
          "personaID": "42298",
          "participantID": "3298",
          "utterance": "그러게요 한달이 순식간이네여! 전 지금 별보려고 잠시 밖에 나왔어요",
          "summary": "나는 지금 별 보려고 잠시 밖에 나왔다",
          "date": "2022-11-05",
          "time": "23:40:45",
          "terminate": "false"
        },
        {
          "speaker": "speaker1",
          "personaID": "34331",
          "participantID": "3481",
          "utterance": "와 너무 낭만적이에요. 별보러 밤마실이라니. 계신곳에선 별이 잘보이나요?",
          "summary": "",
          "date": "2022-11-05",
          "time": "23:59:59",
          "terminate": "false"
        },
        {
          "speaker": "speaker2",
          "personaID": "42298",
          "participantID": "3298",
          "utterance": "네 제가 강원도 살거든요 ~~ 잘보여요! 가을은 유난히 더 그런거같아요",
          "summary": "나는 강원도에 산다",
          "date": "2022-11-06",
          "time": "09:24:39",
          "terminate": "false"
        },
        {
          "speaker": "speaker1",
          "personaID": "34331",
          "participantID": "3481",
          "utterance": "아. 강원도. 저 노후에 거기서 살고싶어요. 고성이 좋긴한데 생활인프라가 적어서 춘천이나 원주가고싶더라구요",
          "summary": "나는 노후에 강원도에서 살고 싶다.",
          "date": "2022-11-06",
          "time": "09:42:10",
          "terminate": "false"
        },
        {
          "speaker": "speaker2",
          "personaID": "42298",
          "participantID": "3298",
          "utterance": "생활인프라 중요하죠! 병원이나 은행 등등요 그래도 담주부터 추위가 좀 누그러 진대요",
          "summary": "",
          "date": "2022-11-06",
          "time": "10:00:28",
          "terminate": "false"
        },
        {
          "speaker": "speaker1",
          "personaID": "34331",
          "participantID": "3481",
          "utterance": " 그래요? 좀 덜 추워진다니 다행이긴한데 또 겨울이 너무 따뜻해도 해충이 안죽어서 농사엔 안좋다네요.  요즘 모기들도 안죽고 살아있잖아요",
          "summary": "",
          "date": "2022-11-06",
          "time": "12:48:27",
          "terminate": "false"
        },
        {
          "speaker": "speaker2",
          "personaID": "42298",
          "participantID": "3298",
          "utterance": "아 맞아요 모기가 살아있어요! ㅠ 그런 사실은 몰랐네요. 기후가 점점 이상해지는거 같긴해요 걱정되네요",
          "summary": "나는 기후가 점점 이상해지는 거 같아 걱정된다",
          "date": "2022-11-06",
          "time": "20:24:45",
          "terminate": "false"
        },
        {
          "speaker": "speaker1",
          "personaID": "34331",
          "participantID": "3481",
          "utterance": "2050년인가 지구가 사람이 살수없을 지경이 된다고도 해서 좀 걱정돼요. 옛날 공상만화나 SF에서 나오던 상상의 물건들이 지금 나오잖아요  화성으로 탈출하는 영화들보면 그런것도 현실되는거아닐까싶어서",
          "summary": "나는 2050년에 지구가 사람이 살 수 없을 지경이 된다고 해서 걱정된다",
          "date": "2022-11-06",
          "time": "21:11:48",
          "terminate": "false"
        },
        {
          "speaker": "speaker2",
          "personaID": "42298",
          "participantID": "3298",
          "utterance": "헉 무섭네요 2050년 까진 살것 같은데 말이에요!  오늘 백화점 가서 어그부츠를 샀어요. 올해는 엄청 추울거같아요 왜냐면 작년에 별로 안추웠어서 왠지 그래요",
          "summary": " 나는 오늘 백화점 가서 어그부츠를 샀다",
          "date": "2022-11-06",
          "time": "21:46:21",
          "terminate": "false"
        },
        {
          "speaker": "speaker1",
          "personaID": "34331",
          "participantID": "3481",
          "utterance": "춥든 안춥든 겨울은 겨울이니까요. 저는 실내에서 신을 어그슬리퍼고르고 있어요",
          "summary": "나는 실내에서 신을 어그 슬리퍼를 고르고 있다",
          "date": "2022-11-06",
          "time": "21:49:40",
          "terminate": "false"
        },
        {
          "speaker": "speaker2",
          "personaID": "42298",
          "participantID": "3298",
          "utterance": "집 안에서 어그를 신나요?!? 겨울 준비에 어그는 필수죠. 전 추우면 발이 시려서 매년 털신을 구매해요",
          "summary": "나는 추우면 발이 시려서 매년 털신을 구매한다",
          "date": "2022-11-06",
          "time": "22:23:25",
          "terminate": "false"
        },
        {
          "speaker": "speaker1",
          "personaID": "34331",
          "participantID": "3481",
          "utterance": " 네 생각보다 좋아요. 따뜻하고. 얼마전에 털크록스샀는데 신고나가기전에 거실서 신었거든요. 좋더라구요. 부드럽고따뜻해서",
          "summary": "",
          "date": "2022-11-06",
          "time": "22:26:45",
          "terminate": "false"
        },
        {
          "speaker": "speaker2",
          "personaID": "42298",
          "participantID": "3298",
          "utterance": "어머 ~ 생각만 해도 포근하네요. 그럼 우리 다음에 또 대화해요!",
          "summary": "",
          "date": "2022-11-07",
          "time": "09:02:06",
          "terminate": "true"
        }
      ],
      "sessionPersonaSummary": {
        "speaker1": [
          "나는 노후에 강원도에서 살고 싶다.",
          "나는 2050년에 지구가 사람이 살 수 없을 지경이 된다고 해서 걱정된다",
          "나는 실내에서 신을 어그 슬리퍼를 고르고 있다"
        ],
        "speaker2": [
          "나는 지금 별 보려고 잠시 밖에 나왔다",
          "나는 강원도에 산다",
          "나는 기후가 점점 이상해지는 거 같아 걱정된다",
          "나는 오늘 백화점 가서 어그부츠를 샀다",
          "나는 추우면 발이 시려서 매년 털신을 구매한다"
        ]
      },
      "prevAggregatedpersonaSummary": {
        "speaker1": [
          "나는 30대 여성이다",
          "나는 혈액형이 A형이다",
          "나는 둘째가 누나 생일선물로 벼룩시장에서 인형 사온 일이 살면서 가장 기뻤다",
          "나는 좀 상냥한 편이다",
          "나는 남들에게 싫은 소리를 못한다",
          "나는 요즘 상대방과 다른 내 생각을 차분히 말하는 훈련이 필요하다",
          "나는 드라마는 못 봤지만 촬영지가 어디라는 뉴스는 봤다",
          "나는 우리나라 가을 하늘이 너무 좋다",
          "나는 가을에 자전거 타고 공원 도는 게 너무 좋다",
          "나는 가을이 좋고 추운 날 어묵 먹는 걸 좋아한다",
          "나는 나이 드니 추우면 몸 으슬거리는것과 난방비 많이 나오는 게 싫어서 겨울은 싫다"
        ],
        "speaker2": [
          "나는 40대 여성이다",
          "나는 뮤지컬 영화를 좋아한다",
          "나는 A형이고 아이 혼자서 자전거를 타게 되었을 때 기뻤다",
          "나는 소심해서 말 잘 못한다",
          "나는 제천으로 가을여행 왔다",
          "나는 가을 하늘이 좋다"
        ]
      }
    }
  ]
}