{
  "FileInfo": {
    "filename": "K3-00370-CL60990-CP22364-15-06-S3.json",
    "sessionLevel": "3"
  },
  "participantsInfo": {
    "numberOfParticipants": "2",
    "speaker1": {
      "participantID": "0397",
      "gender": "여성",
      "age": "60대 이상",
      "occupation": "주부",
      "bPlace": "서울/경기/인천",
      "gPlace": "서울/경기/인천",
      "rPlace": "서울/경기/인천",
      "educationLevel": "대졸"
    },
    "speaker2": {
      "participantID": "0673",
      "gender": "여성",
      "age": "20대",
      "occupation": "기타",
      "bPlace": "서울/경기/인천",
      "gPlace": "서울/경기/인천",
      "rPlace": "서울/경기/인천",
      "educationLevel": "고졸"
    }
  },
  "multisessionInfo": {
    "multisessionID": "3-00370"
  },
  "personaInfo": {
    "clInfo": {
      "personaID": "60990",
      "personaFeatures": [
        "나는 여자이다.",
        "나는 60대 이상이다.",
        "나는 매일 괴롭다.",
        "나는 판타지 영화를 좋아한다.",
        "나는 양식을 안 먹는다."
      ],
      "speakerType": "speaker1"
    },
    "cpInfo": {
      "personaID": "22364",
      "personaFeatures": [
        "나는 여자이다.",
        "나는 20대이다.",
        "나의 거주지는 춘천이다.",
        "나는 시스템 소프트웨어 개발자이다.",
        "나는 베이스 연주를 가끔 한다."
      ],
      "speakerType": "speaker2"
    }
  },
  "topicInfo": {
    "topicID": "15-06",
    "topicType": "시사/사회>타국가이슈(해외)",
    "topicTitle": "전쟁"
  },
  "sessionInfo": [
    {
      "prevSessionID": null,
      "prevTimeInfo": {
        "timeNum": null,
        "timeUnit": null
      },
      "nthSession": "1",
      "numberOfUtterances": "16",
      "numberOfTurns": "8",
      "sessionID": "3-00370-1",
      "dialog": [
        {
          "speaker": "speaker1",
          "personaID": "60990",
          "participantID": "0397",
          "utterance": "반가워요^^ 저는 60대 여자입니다.",
          "summary": "나는 60대 여자이다.",
          "date": "2022-10-06",
          "time": "00:38:21",
          "terminate": "false"
        },
        {
          "speaker": "speaker2",
          "personaID": "22364",
          "participantID": "0673",
          "utterance": "안녕하세요 저는 20대 여자입니다~ 반가워요!!",
          "summary": "나는 20대 여자이다.",
          "date": "2022-10-06",
          "time": "00:38:29",
          "terminate": "false"
        },
        {
          "speaker": "speaker1",
          "personaID": "60990",
          "participantID": "0397",
          "utterance": "나이차가 좀 있네요~^^ 그래도 편하게 대해주실거죠?",
          "summary": "",
          "date": "2022-10-06",
          "time": "00:38:31",
          "terminate": "false"
        },
        {
          "speaker": "speaker2",
          "personaID": "22364",
          "participantID": "0673",
          "utterance": "그럼요~ 너무 편해서 도망가실수도있어요 호호호~",
          "summary": "",
          "date": "2022-10-06",
          "time": "00:38:43",
          "terminate": "false"
        },
        {
          "speaker": "speaker1",
          "personaID": "60990",
          "participantID": "0397",
          "utterance": "혹시 호칭은 어떻게 할까요? 선생님 어때요?",
          "summary": "",
          "date": "2022-10-06",
          "time": "00:38:47",
          "terminate": "false"
        },
        {
          "speaker": "speaker2",
          "personaID": "22364",
          "participantID": "0673",
          "utterance": "아주 좋아요~~~ !! 선생님~ 어디사세요?",
          "summary": "",
          "date": "2022-10-06",
          "time": "00:39:05",
          "terminate": "false"
        },
        {
          "speaker": "speaker1",
          "personaID": "60990",
          "participantID": "0397",
          "utterance": "우리 선생님은 어디에 거주하나요?",
          "summary": "",
          "date": "2022-10-06",
          "time": "00:39:10",
          "terminate": "false"
        },
        {
          "speaker": "speaker2",
          "personaID": "22364",
          "participantID": "0673",
          "utterance": "저는 춘천에 살아요! 아시려나.. 닭갈비가 유명하거든요^^",
          "summary": "나의 거주지는 춘천이다.",
          "date": "2022-10-06",
          "time": "00:39:20",
          "terminate": "false"
        },
        {
          "speaker": "speaker1",
          "personaID": "60990",
          "participantID": "0397",
          "utterance": "그렇군요! 저는 제주도에 거주한답니다. 선생님은 직업이 있나요?",
          "summary": "나의 거주지는 제주도이다.",
          "date": "2022-10-06",
          "time": "00:39:22",
          "terminate": "false"
        },
        {
          "speaker": "speaker2",
          "personaID": "22364",
          "participantID": "0673",
          "utterance": "전 개발자에요. 음 생소하시려나요? 시스템 소프트웨어 개발자요!",
          "summary": "나는 시스템 소프트웨어 개발자이다.",
          "date": "2022-10-06",
          "time": "00:39:39",
          "terminate": "false"
        },
        {
          "speaker": "speaker1",
          "personaID": "60990",
          "participantID": "0397",
          "utterance": "와우.. 엄청 생소한데요? 그거 참 듣기만했는데 힘들어 보여요?",
          "summary": "",
          "date": "2022-10-06",
          "time": "00:39:56",
          "terminate": "false"
        },
        {
          "speaker": "speaker2",
          "personaID": "22364",
          "participantID": "0673",
          "utterance": "이름부터 심상치않죠~ 너무 일이 고되긴 해요~ 흑 ㅠㅠ. 스트레스가많아요.",
          "summary": "",
          "date": "2022-10-06",
          "time": "00:40:18",
          "terminate": "false"
        },
        {
          "speaker": "speaker1",
          "personaID": "60990",
          "participantID": "0397",
          "utterance": "하하하.. 스트레스 관리를 잘하셔야겠네요. 저는 잘 못해서 매일 괴롭거든요. 선생님은 어떻게 관리하세요?",
          "summary": "나는 매일 괴롭다.",
          "date": "2022-10-06",
          "time": "00:40:37",
          "terminate": "false"
        },
        {
          "speaker": "speaker2",
          "personaID": "22364",
          "participantID": "0673",
          "utterance": "저는 가끔 베이스 연주 하고있어요! 멋진가요..?흠흠.",
          "summary": "나는 베이스 연주를 가끔 한다.",
          "date": "2022-10-06",
          "time": "00:40:49",
          "terminate": "false"
        },
        {
          "speaker": "speaker1",
          "personaID": "60990",
          "participantID": "0397",
          "utterance": "오우... 뭔가 있어보이는데요? ㅎㅎ 저 잠깐만 통화좀 하고 올게요!",
          "summary": "",
          "date": "2022-10-06",
          "time": "00:41:05",
          "terminate": "false"
        },
        {
          "speaker": "speaker2",
          "personaID": "22364",
          "participantID": "0673",
          "utterance": "네~ 다녀오세요! 저도 베이스 좀 치고올게요!",
          "summary": "",
          "date": "2022-10-06",
          "time": "00:41:15",
          "terminate": "true"
        }
      ],
      "sessionPersonaSummary": {
        "speaker1": [
          "나는 60대 여자이다.",
          "나의 거주지는 제주도이다.",
          "나는 매일 괴롭다."
        ],
        "speaker2": [
          "나는 20대 여자이다.",
          "나의 거주지는 춘천이다.",
          "나는 시스템 소프트웨어 개발자이다.",
          "나는 베이스 연주를 가끔 한다."
        ]
      },
      "prevAggregatedpersonaSummary": {
        "speaker1": [],
        "speaker2": []
      }
    },
    {
      "prevSessionID": "3-00370-1",
      "prevTimeInfo": {
        "timeNum": "1",
        "timeUnit": "시간"
      },
      "nthSession": "2",
      "numberOfUtterances": "16",
      "numberOfTurns": "8",
      "sessionID": "3-00370-2",
      "dialog": [
        {
          "speaker": "speaker1",
          "personaID": "60990",
          "participantID": "0397",
          "utterance": "통화하고 나니 1시간이 지났네요.",
          "summary": "",
          "date": "2022-10-06",
          "time": "00:41:25",
          "terminate": "false"
        },
        {
          "speaker": "speaker2",
          "personaID": "22364",
          "participantID": "0673",
          "utterance": "베이스 쳤더니 시간이 아휴~ 잡았다 하면 1시간이에요 전.",
          "summary": "",
          "date": "2022-10-06",
          "time": "00:41:29",
          "terminate": "false"
        },
        {
          "speaker": "speaker1",
          "personaID": "60990",
          "participantID": "0397",
          "utterance": "그렇군요. ㅎㅎ 혹시 뉴스 보셨어요?",
          "summary": "",
          "date": "2022-10-06",
          "time": "00:41:37",
          "terminate": "false"
        },
        {
          "speaker": "speaker2",
          "personaID": "22364",
          "participantID": "0673",
          "utterance": "최근에요?ㅠㅠ 일이 바빠서 못봤어요ㅠㅠ.",
          "summary": "",
          "date": "2022-10-06",
          "time": "00:41:48",
          "terminate": "false"
        },
        {
          "speaker": "speaker1",
          "personaID": "60990",
          "participantID": "0397",
          "utterance": "요번에 우크라이나랑 러시아랑 전쟁난거 보셨어요?",
          "summary": "",
          "date": "2022-10-06",
          "time": "00:41:52",
          "terminate": "false"
        },
        {
          "speaker": "speaker2",
          "personaID": "22364",
          "participantID": "0673",
          "utterance": "아 그건 넘 시끌시끌해서 알겠더라구요. 에휴~!!",
          "summary": "",
          "date": "2022-10-06",
          "time": "00:42:08",
          "terminate": "false"
        },
        {
          "speaker": "speaker1",
          "personaID": "60990",
          "participantID": "0397",
          "utterance": "저는 판타지 영화를 좋아하는데.. 이런 판타지가 실제로 겪다니.. 입이 떡 벌어져요.",
          "summary": "나는 판타지 영화를 좋아한다.",
          "date": "2022-10-06",
          "time": "00:42:20",
          "terminate": "false"
        },
        {
          "speaker": "speaker2",
          "personaID": "22364",
          "participantID": "0673",
          "utterance": "진짜 영화같은 일 아닌가요? 영화에서도 보기 힘든일이에요.",
          "summary": "",
          "date": "2022-10-06",
          "time": "00:42:49",
          "terminate": "false"
        },
        {
          "speaker": "speaker1",
          "personaID": "60990",
          "participantID": "0397",
          "utterance": "그러니까 말이에요... 아이고.. 전쟁 규모가 점점 커질꺼같아 무섭네요.",
          "summary": "",
          "date": "2022-10-06",
          "time": "00:43:08",
          "terminate": "false"
        },
        {
          "speaker": "speaker2",
          "personaID": "22364",
          "participantID": "0673",
          "utterance": "맞아요. 에휴 근데 저희도 남북 분단 국가잖아요.",
          "summary": "",
          "date": "2022-10-06",
          "time": "00:43:22",
          "terminate": "false"
        },
        {
          "speaker": "speaker1",
          "personaID": "60990",
          "participantID": "0397",
          "utterance": "저희도 그렇죠... 근데 다들 러시아를 압박하는 분위기인데.. 이러다 제 3차 전쟁이 터지면 어쩌죠?",
          "summary": "",
          "date": "2022-10-06",
          "time": "00:43:23",
          "terminate": "false"
        },
        {
          "speaker": "speaker2",
          "personaID": "22364",
          "participantID": "0673",
          "utterance": "설마요. 진짜 그럴일은 없을 것 같아요. 너무 걱정마세요.",
          "summary": "",
          "date": "2022-10-06",
          "time": "00:43:48",
          "terminate": "false"
        },
        {
          "speaker": "speaker1",
          "personaID": "60990",
          "participantID": "0397",
          "utterance": "왜요? 그렇게 생각하는 이유가 뭐에요?",
          "summary": "",
          "date": "2022-10-06",
          "time": "00:44:01",
          "terminate": "false"
        },
        {
          "speaker": "speaker2",
          "personaID": "22364",
          "participantID": "0673",
          "utterance": "음 아무래도전쟁이 절대 쉬운일은 아니거든요~ 제가 인생 경험은 짧지만!",
          "summary": "",
          "date": "2022-10-06",
          "time": "00:44:20",
          "terminate": "false"
        },
        {
          "speaker": "speaker1",
          "personaID": "60990",
          "participantID": "0397",
          "utterance": "그렇군요^^ 그럼 젊은 양반 말만 믿고 꿀 잠자러 가야겠네요.",
          "summary": "",
          "date": "2022-10-06",
          "time": "00:44:44",
          "terminate": "false"
        },
        {
          "speaker": "speaker2",
          "personaID": "22364",
          "participantID": "0673",
          "utterance": "헷 꿀잠자고오세요~!! ^^ 저도 눈 좀 붙일래요!",
          "summary": "",
          "date": "2022-10-06",
          "time": "00:44:56",
          "terminate": "true"
        }
      ],
      "sessionPersonaSummary": {
        "speaker1": [
          "나는 판타지 영화를 좋아한다."
        ],
        "speaker2": []
      },
      "prevAggregatedpersonaSummary": {
        "speaker1": [
          "나는 60대 여자이다.",
          "나의 거주지는 제주도이다.",
          "나는 매일 괴롭다."
        ],
        "speaker2": [
          "나는 20대 여자이다.",
          "나의 거주지는 춘천이다.",
          "나는 시스템 소프트웨어 개발자이다.",
          "나는 베이스 연주를 가끔 한다."
        ]
      }
    },
    {
      "prevSessionID": "3-00370-2",
      "prevTimeInfo": {
        "timeNum": "4",
        "timeUnit": "일"
      },
      "nthSession": "3",
      "numberOfUtterances": "16",
      "numberOfTurns": "8",
      "sessionID": "3-00370-3",
      "dialog": [
        {
          "speaker": "speaker1",
          "personaID": "60990",
          "participantID": "0397",
          "utterance": "4일만에 다시 연락드리네요~ 심심해서 연락드렸어요!",
          "summary": "",
          "date": "2022-10-06",
          "time": "00:44:56",
          "terminate": "false"
        },
        {
          "speaker": "speaker2",
          "personaID": "22364",
          "participantID": "0673",
          "utterance": "안녕하세요 잘지내셨어요~? 식사는 하셨나요 점심이 지났는데~!",
          "summary": "",
          "date": "2022-10-06",
          "time": "00:45:14",
          "terminate": "false"
        },
        {
          "speaker": "speaker1",
          "personaID": "60990",
          "participantID": "0397",
          "utterance": "오랫만에 친구들 만났는데.. 파스타 먹으러 왔는데... 저는 양식을 안먹어서.. 가만히 있어요.",
          "summary": "나는 양식을 안 먹는다.",
          "date": "2022-10-06",
          "time": "00:45:29",
          "terminate": "false"
        },
        {
          "speaker": "speaker2",
          "personaID": "22364",
          "participantID": "0673",
          "utterance": "헉 진짜요? 양식을 왜 안좋아하세요? 느끼해서요?",
          "summary": "",
          "date": "2022-10-06",
          "time": "00:45:46",
          "terminate": "false"
        },
        {
          "speaker": "speaker1",
          "personaID": "60990",
          "participantID": "0397",
          "utterance": "네.. 선생님은 어떤 음식을 가장 좋아하세요?",
          "summary": "",
          "date": "2022-10-06",
          "time": "00:46:00",
          "terminate": "false"
        },
        {
          "speaker": "speaker2",
          "personaID": "22364",
          "participantID": "0673",
          "utterance": "전 제일 좋아하는 메뉴가 양식인데.. 허허 파스타요! 그럼 한식파?",
          "summary": "나는 양식을 좋아한다.",
          "date": "2022-10-06",
          "time": "00:46:06",
          "terminate": "false"
        },
        {
          "speaker": "speaker1",
          "personaID": "60990",
          "participantID": "0397",
          "utterance": "그래요? 네.. 저는 나이가 있다보니 요즘 한식이 좋네요.. ㅎㅎ 한식은 별로에요?",
          "summary": "나는 한식을 좋아한다.",
          "date": "2022-10-06",
          "time": "00:46:32",
          "terminate": "false"
        },
        {
          "speaker": "speaker2",
          "personaID": "22364",
          "participantID": "0673",
          "utterance": "한식도 좋구 중식도 좋고,, 음 그러고보니 전 편식을 안하는거같아요.",
          "summary": "나는 편식을 하지 않는다.",
          "date": "2022-10-06",
          "time": "00:46:48",
          "terminate": "false"
        },
        {
          "speaker": "speaker1",
          "personaID": "60990",
          "participantID": "0397",
          "utterance": "그렇군요^^한식 메뉴중에 어떤걸 제일 좋아하세요?",
          "summary": "",
          "date": "2022-10-06",
          "time": "00:47:03",
          "terminate": "false"
        },
        {
          "speaker": "speaker2",
          "personaID": "22364",
          "participantID": "0673",
          "utterance": "된장찌개요~ 엄마가 끓여주는 손맛이 장난아닌데. 선생님도 찌개파?",
          "summary": "",
          "date": "2022-10-06",
          "time": "00:47:21",
          "terminate": "false"
        },
        {
          "speaker": "speaker1",
          "personaID": "60990",
          "participantID": "0397",
          "utterance": "호호.. 저는 찜파.. ㅋㅋㅋ 저는 김치찜 이런걸 좋아해요.",
          "summary": "",
          "date": "2022-10-06",
          "time": "00:47:36",
          "terminate": "false"
        },
        {
          "speaker": "speaker2",
          "personaID": "22364",
          "participantID": "0673",
          "utterance": "찜도 뭐 거의 찌개종류죠 얼큰하니 김치찜 땡기네요~!",
          "summary": "",
          "date": "2022-10-06",
          "time": "00:47:54",
          "terminate": "false"
        },
        {
          "speaker": "speaker1",
          "personaID": "60990",
          "participantID": "0397",
          "utterance": "갑자기 음식이야기하니까... 한식이 먹고싶어지잖아요. 더 괴로운데요?",
          "summary": "",
          "date": "2022-10-06",
          "time": "00:47:57",
          "terminate": "false"
        },
        {
          "speaker": "speaker2",
          "personaID": "22364",
          "participantID": "0673",
          "utterance": "저두요..... 전쟁이고 나발이고 지금 제 배가 전쟁이에요.",
          "summary": "",
          "date": "2022-10-06",
          "time": "00:48:10",
          "terminate": "false"
        },
        {
          "speaker": "speaker1",
          "personaID": "60990",
          "participantID": "0397",
          "utterance": "친구들이랑 모임만 끝나면 얼른 한식먹어야겠어요.",
          "summary": "",
          "date": "2022-10-06",
          "time": "00:48:13",
          "terminate": "false"
        },
        {
          "speaker": "speaker2",
          "personaID": "22364",
          "participantID": "0673",
          "utterance": "저두요 오늘 저녁은 김치찜이에요~! 맛있게 드세요^^",
          "summary": "",
          "date": "2022-10-06",
          "time": "00:48:24",
          "terminate": "true"
        }
      ],
      "sessionPersonaSummary": {
        "speaker1": [
          "나는 양식을 안 먹는다.",
          "나는 한식을 좋아한다."
        ],
        "speaker2": [
          "나는 양식을 좋아한다.",
          "나는 편식을 하지 않는다."
        ]
      },
      "prevAggregatedpersonaSummary": {
        "speaker1": [
          "나는 60대 여자이다.",
          "나의 거주지는 제주도이다.",
          "나는 매일 괴롭다.",
          "나는 판타지 영화를 좋아한다."
        ],
        "speaker2": [
          "나는 20대 여자이다.",
          "나의 거주지는 춘천이다.",
          "나는 시스템 소프트웨어 개발자이다.",
          "나는 베이스 연주를 가끔 한다."
        ]
      }
    }
  ]
}