{
  "FileInfo": {
    "filename": "K3-00151-CL21593-CP22642-18-11-S3.json",
    "sessionLevel": "3"
  },
  "participantsInfo": {
    "numberOfParticipants": "2",
    "speaker1": {
      "participantID": "0116",
      "gender": "여성",
      "age": "20대",
      "occupation": "학생",
      "bPlace": "서울/경기/인천",
      "gPlace": "서울/경기/인천",
      "rPlace": "서울/경기/인천",
      "educationLevel": "고졸"
    },
    "speaker2": {
      "participantID": "0343",
      "gender": "여성",
      "age": "20대",
      "occupation": "학생",
      "bPlace": "광주/전라/제주",
      "gPlace": "광주/전라/제주",
      "rPlace": "광주/전라/제주",
      "educationLevel": "고졸"
    }
  },
  "multisessionInfo": {
    "multisessionID": "3-00151"
  },
  "personaInfo": {
    "clInfo": {
      "personaID": "21593",
      "personaFeatures": [
        "나는 여자이다.",
        "나는 20대이다.",
        "나는 친구가 많다.",
        "나는 약사이다.",
        "나는 중식을 싫어한다."
      ],
      "speakerType": "speaker1"
    },
    "cpInfo": {
      "personaID": "22642",
      "personaFeatures": [
        "나는 여자이다.",
        "나는 20대이다.",
        "나는 다소 부지런하다.",
        "나는 병원에 가는 것을 싫어한다.",
        "나는 CCM 음악을 좋아한다."
      ],
      "speakerType": "speaker2"
    }
  },
  "topicInfo": {
    "topicID": "18-11",
    "topicType": "상거래 전반",
    "topicTitle": "시장"
  },
  "sessionInfo": [
    {
      "prevSessionID": null,
      "prevTimeInfo": {
        "timeNum": null,
        "timeUnit": null
      },
      "nthSession": "1",
      "numberOfUtterances": "16",
      "numberOfTurns": "8",
      "sessionID": "3-00151-1",
      "dialog": [
        {
          "speaker": "speaker1",
          "personaID": "21593",
          "participantID": "0116",
          "utterance": "안녕하세요. 저는 자칭 핵인싸 20대 여자입니다~",
          "summary": "나는 자칭 핵인@이름1@다. 나는 20대 여자이다.",
          "date": "2022-09-25",
          "time": "22:34:15",
          "terminate": "false"
        },
        {
          "speaker": "speaker2",
          "personaID": "22642",
          "participantID": "0343",
          "utterance": "안녕하세요. 저도 20대 여자 예요. 신실한 기독교인 입니다.",
          "summary": "나는 20대 여자이다. 나는 기독교인이다.",
          "date": "2022-09-25",
          "time": "22:34:23",
          "terminate": "false"
        },
        {
          "speaker": "speaker1",
          "personaID": "21593",
          "participantID": "0116",
          "utterance": "아 기독교시구나 저는 무교니까 전도할 생각 말아요~",
          "summary": "나는 무교이다.",
          "date": "2022-09-25",
          "time": "22:34:34",
          "terminate": "false"
        },
        {
          "speaker": "speaker2",
          "personaID": "22642",
          "participantID": "0343",
          "utterance": "아. 전도는 안해요. 그냥 ccm 음악을 좋아해서 말씀드렸어요.",
          "summary": "나는 ccm 음악을 좋아한다.",
          "date": "2022-09-25",
          "time": "22:34:48",
          "terminate": "false"
        },
        {
          "speaker": "speaker1",
          "personaID": "21593",
          "participantID": "0116",
          "utterance": "아그래요? 저는 한번도 들어본적이 없어요. 저는 약사라 갈 시간도없고...",
          "summary": "나는 약사이다. 나는 ccm음악을 들어본 적이 없다.",
          "date": "2022-09-25",
          "time": "22:35:15",
          "terminate": "false"
        },
        {
          "speaker": "speaker2",
          "personaID": "22642",
          "participantID": "0343",
          "utterance": "일요일에도 영업을 하시나봐요.",
          "summary": "",
          "date": "2022-09-25",
          "time": "22:35:23",
          "terminate": "false"
        },
        {
          "speaker": "speaker1",
          "personaID": "21593",
          "participantID": "0116",
          "utterance": "아뇨. 영업 안해요. 저는 친구가 많아서 꼭 주말엔 친구랑 놀아야 하거든요~",
          "summary": "나는 일요일에 영업을 안 한다. 나는 친구가 많다. 나는 주말엔 친구랑 놀아야 한다.",
          "date": "2022-09-25",
          "time": "22:35:46",
          "terminate": "false"
        },
        {
          "speaker": "speaker2",
          "personaID": "22642",
          "participantID": "0343",
          "utterance": "그러시구나. 저는 병원에 가는 것도 싫어하고, 약국 가는 것도 안좋아해요..",
          "summary": "나는 병원 가는 것을 싫어한다.",
          "date": "2022-09-25",
          "time": "22:36:01",
          "terminate": "false"
        },
        {
          "speaker": "speaker1",
          "personaID": "21593",
          "participantID": "0116",
          "utterance": "병원을 좋아하시는 분이 어딨겠습니까 점심은 드셨어요?",
          "summary": "",
          "date": "2022-09-25",
          "time": "22:36:20",
          "terminate": "false"
        },
        {
          "speaker": "speaker2",
          "personaID": "22642",
          "participantID": "0343",
          "utterance": "저는 짜장면 해먹으려구요. 기름진게 땡겨서.",
          "summary": "나는 짜장면을 먹을 예정이다.",
          "date": "2022-09-25",
          "time": "22:36:28",
          "terminate": "false"
        },
        {
          "speaker": "speaker1",
          "personaID": "21593",
          "participantID": "0116",
          "utterance": "중식좋아하시나봐요? 저는 중식을 싫어해요. 으악..조미료냄새...",
          "summary": "나는 중식을 싫어한다.",
          "date": "2022-09-25",
          "time": "22:36:58",
          "terminate": "false"
        },
        {
          "speaker": "speaker2",
          "personaID": "22642",
          "participantID": "0343",
          "utterance": "그러시구나. 저는 엄청 좋아해서 직접 해먹어요. 제가 꽤 부지런하죠?",
          "summary": "나는 중식을 좋아한다. 나는 부지런하다.",
          "date": "2022-09-25",
          "time": "22:37:07",
          "terminate": "false"
        },
        {
          "speaker": "speaker1",
          "personaID": "21593",
          "participantID": "0116",
          "utterance": "오와 진짜 부지런하네요. 그건 인정합니다.. 나중에 놀러가면 저도 해주시나요?",
          "summary": "",
          "date": "2022-09-25",
          "time": "22:37:23",
          "terminate": "false"
        },
        {
          "speaker": "speaker2",
          "personaID": "22642",
          "participantID": "0343",
          "utterance": "중식 싫어하셔서.. 중식말고 할 줄 아는게 별로 없어요ㅜ 음식 사오시면 그거로 한번 해볼게요.",
          "summary": "",
          "date": "2022-09-25",
          "time": "22:37:37",
          "terminate": "false"
        },
        {
          "speaker": "speaker1",
          "personaID": "21593",
          "participantID": "0116",
          "utterance": "그래요? 주변에 찾아보고 제가 사가지고 갈게요! 저는 카레를 좋아한답니다~",
          "summary": "나는 카레를 좋아한다.",
          "date": "2022-09-25",
          "time": "22:38:15",
          "terminate": "false"
        },
        {
          "speaker": "speaker2",
          "personaID": "22642",
          "participantID": "0343",
          "utterance": "카레, 좋죠! 제가 레시피 한번 찾아보고 재료 말씀드릴게요. 잠시만요.",
          "summary": "",
          "date": "2022-09-25",
          "time": "22:38:32",
          "terminate": "true"
        }
      ],
      "sessionPersonaSummary": {
        "speaker1": [
          "나는 자칭 핵인@이름1@다. 나는 20대 여자이다.",
          "나는 무교이다.",
          "나는 약사이다. 나는 ccm음악을 들어본 적이 없다.",
          "나는 일요일에 영업을 안 한다. 나는 친구가 많다. 나는 주말엔 친구랑 놀아야 한다.",
          "나는 중식을 싫어한다.",
          "나는 카레를 좋아한다."
        ],
        "speaker2": [
          "나는 20대 여자이다. 나는 기독교인이다.",
          "나는 ccm 음악을 좋아한다.",
          "나는 병원 가는 것을 싫어한다.",
          "나는 짜장면을 먹을 예정이다.",
          "나는 중식을 좋아한다. 나는 부지런하다."
        ]
      },
      "prevAggregatedpersonaSummary": {
        "speaker1": [],
        "speaker2": []
      }
    },
    {
      "prevSessionID": "3-00151-1",
      "prevTimeInfo": {
        "timeNum": "1",
        "timeUnit": "시간"
      },
      "nthSession": "2",
      "numberOfUtterances": "16",
      "numberOfTurns": "8",
      "sessionID": "3-00151-2",
      "dialog": [
        {
          "speaker": "speaker1",
          "personaID": "21593",
          "participantID": "0116",
          "utterance": "저 1시간동안 여기 돌아다니고 있는데... 혹시 카레에 뭐뭐 필요해요..?",
          "summary": "",
          "date": "2022-09-25",
          "time": "22:38:50",
          "terminate": "false"
        },
        {
          "speaker": "speaker2",
          "personaID": "22642",
          "participantID": "0343",
          "utterance": "지금 어디이세요..? 얼른 찾아서 말씀드려야겠네요.",
          "summary": "",
          "date": "2022-09-25",
          "time": "22:39:03",
          "terminate": "false"
        },
        {
          "speaker": "speaker1",
          "personaID": "21593",
          "participantID": "0116",
          "utterance": "아 저 지금 시장인데.. 생각나는게 당근이랑 감자밖에 없어요ㅠ.",
          "summary": "나는 지금 시장이다.",
          "date": "2022-09-25",
          "time": "22:39:21",
          "terminate": "false"
        },
        {
          "speaker": "speaker2",
          "personaID": "22642",
          "participantID": "0343",
          "utterance": "그냥 양파, 당근, 감자.. 저도 생각나는게 없어요..! 그냥 오세요..!",
          "summary": "",
          "date": "2022-09-25",
          "time": "22:39:36",
          "terminate": "false"
        },
        {
          "speaker": "speaker1",
          "personaID": "21593",
          "participantID": "0116",
          "utterance": "앜ㅋㅋ 근데 여기 진짜 사요, 시장 엄청 오랜만에 오거든요...",
          "summary": "나는 시장에 오랜만에 왔다.",
          "date": "2022-09-25",
          "time": "22:39:56",
          "terminate": "false"
        },
        {
          "speaker": "speaker2",
          "personaID": "22642",
          "participantID": "0343",
          "utterance": "저는 집 근처라서 이 시장 진짜 자주 와요. 새우 엄청 실하던데.",
          "summary": "나는 시장에 자주 간다.",
          "date": "2022-09-25",
          "time": "22:40:13",
          "terminate": "false"
        },
        {
          "speaker": "speaker1",
          "personaID": "21593",
          "participantID": "0116",
          "utterance": "그래요? 그럼 새우 제가 사갈께요. 저희 새우 구워먹어요. 소금도 있어요?",
          "summary": "나는 새우를 사갈 예정이다.",
          "date": "2022-09-25",
          "time": "22:40:31",
          "terminate": "false"
        },
        {
          "speaker": "speaker2",
          "personaID": "22642",
          "participantID": "0343",
          "utterance": "저희 집에 신안 소금 있어요! 그냥 오세요!",
          "summary": "나의 집에는 소금이 있다.",
          "date": "2022-09-25",
          "time": "22:40:43",
          "terminate": "false"
        },
        {
          "speaker": "speaker1",
          "personaID": "21593",
          "participantID": "0116",
          "utterance": "넵. 알겠습니다. 시장에 휴지가 큰거 하나에 5천원 떨이를 한다네요..이것도 드릴까요?",
          "summary": "",
          "date": "2022-09-25",
          "time": "22:41:11",
          "terminate": "false"
        },
        {
          "speaker": "speaker2",
          "personaID": "22642",
          "participantID": "0343",
          "utterance": "와, 센스쟁이. 사다 주시면 너무 감사하게 받을게요.",
          "summary": "",
          "date": "2022-09-25",
          "time": "22:41:22",
          "terminate": "false"
        },
        {
          "speaker": "speaker1",
          "personaID": "21593",
          "participantID": "0116",
          "utterance": "네. 알겠어요. 근데 이제 다 샀는데 버스는 어떻게 타면 되나요?",
          "summary": "",
          "date": "2022-09-25",
          "time": "22:41:38",
          "terminate": "false"
        },
        {
          "speaker": "speaker2",
          "personaID": "22642",
          "participantID": "0343",
          "utterance": "저, 버스 좀 돌아올 수 있어서요. 잠시만요. 이거 찾아봐 드려야 될 것 같은데요.",
          "summary": "",
          "date": "2022-09-25",
          "time": "22:41:54",
          "terminate": "false"
        },
        {
          "speaker": "speaker1",
          "personaID": "21593",
          "participantID": "0116",
          "utterance": "아그래요? 그럼 저 여기서 기다리고 있을께요. 짐이 너무 무거워서요.",
          "summary": "나는 무거운 짐을 들고 있다.",
          "date": "2022-09-25",
          "time": "22:42:06",
          "terminate": "false"
        },
        {
          "speaker": "speaker2",
          "personaID": "22642",
          "participantID": "0343",
          "utterance": "네, 많이 무거우시죠. 조금만 기다려 주세요ㅜ.",
          "summary": "",
          "date": "2022-09-25",
          "time": "22:42:09",
          "terminate": "false"
        },
        {
          "speaker": "speaker1",
          "personaID": "21593",
          "participantID": "0116",
          "utterance": "넵! 기다리고 있을께요! 빨리 답변 주셔야 해요!",
          "summary": "",
          "date": "2022-09-25",
          "time": "22:42:38",
          "terminate": "false"
        },
        {
          "speaker": "speaker2",
          "personaID": "22642",
          "participantID": "0343",
          "utterance": "네네! 아, 지금 보니까 길 건너셔야 될 것같아요. 25번 버스 타시고 연락주세요. 5분 남았대요.",
          "summary": "",
          "date": "2022-09-25",
          "time": "22:42:56",
          "terminate": "true"
        }
      ],
      "sessionPersonaSummary": {
        "speaker1": [
          "나는 지금 시장이다.",
          "나는 시장에 오랜만에 왔다.",
          "나는 새우를 사갈 예정이다.",
          "나는 무거운 짐을 들고 있다."
        ],
        "speaker2": [
          "나는 시장에 자주 간다.",
          "나의 집에는 소금이 있다."
        ]
      },
      "prevAggregatedpersonaSummary": {
        "speaker1": [
          "나는 자칭 핵인@이름1@다. 나는 20대 여자이다.",
          "나는 무교이다.",
          "나는 약사이다. 나는 ccm음악을 들어본 적이 없다.",
          "나는 일요일에 영업을 안 한다. 나는 친구가 많다. 나는 주말엔 친구랑 놀아야 한다.",
          "나는 중식을 싫어한다.",
          "나는 카레를 좋아한다."
        ],
        "speaker2": [
          "나는 20대 여자이다. 나는 기독교인이다.",
          "나는 ccm 음악을 좋아한다.",
          "나는 병원 가는 것을 싫어한다.",
          "나는 짜장면을 먹을 예정이다.",
          "나는 중식을 좋아한다. 나는 부지런하다."
        ]
      }
    },
    {
      "prevSessionID": "3-00151-2",
      "prevTimeInfo": {
        "timeNum": "5",
        "timeUnit": "시간"
      },
      "nthSession": "3",
      "numberOfUtterances": "16",
      "numberOfTurns": "8",
      "sessionID": "3-00151-3",
      "dialog": [
        {
          "speaker": "speaker1",
          "personaID": "21593",
          "participantID": "0116",
          "utterance": "저 , 5시간밖에 있진 않았지만 진짜 맛있게 먹었습니다. 요리솜씨가 장난 아니네요.",
          "summary": "",
          "date": "2022-09-25",
          "time": "22:43:13",
          "terminate": "false"
        },
        {
          "speaker": "speaker2",
          "personaID": "22642",
          "participantID": "0343",
          "utterance": "제가 재료를 미리 찾아놨어야 했는데, 죄송해요.. 아쉬운 마음이 너무 커요.",
          "summary": "",
          "date": "2022-09-25",
          "time": "22:43:20",
          "terminate": "false"
        },
        {
          "speaker": "speaker1",
          "personaID": "21593",
          "participantID": "0116",
          "utterance": "아니에요! 근데 사실 감동한게 시장에 계신 할머님들이 너무 생각나요.",
          "summary": "",
          "date": "2022-09-25",
          "time": "22:43:34",
          "terminate": "false"
        },
        {
          "speaker": "speaker2",
          "personaID": "22642",
          "participantID": "0343",
          "utterance": "왜요? 할머님께 기억남은 만한게 뭐가 있죠..",
          "summary": "",
          "date": "2022-09-25",
          "time": "22:43:47",
          "terminate": "false"
        },
        {
          "speaker": "speaker1",
          "personaID": "21593",
          "participantID": "0116",
          "utterance": "제가 그 버스를 기다리면서 다른곳을 둘러봤는데 말을 잘 걸어주셨어요. 저는 할머니가 돌아가셨거든요.",
          "summary": "나의 할머니는 돌아가셨다.",
          "date": "2022-09-25",
          "time": "22:43:55",
          "terminate": "false"
        },
        {
          "speaker": "speaker2",
          "personaID": "22642",
          "participantID": "0343",
          "utterance": "아이고. 그러셨구나. 할머니가 많이 그리우셨겠어요.",
          "summary": "",
          "date": "2022-09-25",
          "time": "22:44:17",
          "terminate": "false"
        },
        {
          "speaker": "speaker1",
          "personaID": "21593",
          "participantID": "0116",
          "utterance": "저는 또 가고싶어요. 님님 만나러 가는거 아니여도 자주 가려고요. 이런게 시장의 매력인가요?",
          "summary": "나는 127 번님 만나러 가는 거 아니어도 근처 시장을 갈 예정이다.",
          "date": "2022-09-25",
          "time": "22:44:32",
          "terminate": "false"
        },
        {
          "speaker": "speaker2",
          "personaID": "22642",
          "participantID": "0343",
          "utterance": "아아- 아녜요. 자주 오세요. 저는 요리 연습하고 좋아요. 시장 최고죠?",
          "summary": "",
          "date": "2022-09-25",
          "time": "22:44:43",
          "terminate": "false"
        },
        {
          "speaker": "speaker1",
          "personaID": "21593",
          "participantID": "0116",
          "utterance": "네네..!! 가깝기도 하고. 버스도 한번이고 좋아요~ 시장이 더 번창해야할텐데..",
          "summary": "",
          "date": "2022-09-25",
          "time": "22:45:06",
          "terminate": "false"
        },
        {
          "speaker": "speaker2",
          "personaID": "22642",
          "participantID": "0343",
          "utterance": "그러게요. 인터넷 때문에 시장이 많이 죽었어요.",
          "summary": "",
          "date": "2022-09-25",
          "time": "22:45:18",
          "terminate": "false"
        },
        {
          "speaker": "speaker1",
          "personaID": "21593",
          "participantID": "0116",
          "utterance": "제말이요.. 사람이 확없어진 시장을 보니까 마음이 아파요...",
          "summary": "나는 시장에 사람이 없어진 것을 보고 마음이 아프다.",
          "date": "2022-09-25",
          "time": "22:45:25",
          "terminate": "false"
        },
        {
          "speaker": "speaker2",
          "personaID": "22642",
          "participantID": "0343",
          "utterance": "저도 같은 마음이에요. 그래서 더 자주 가게 되는 것 같아요.",
          "summary": "",
          "date": "2022-09-25",
          "time": "22:45:32",
          "terminate": "false"
        },
        {
          "speaker": "speaker1",
          "personaID": "21593",
          "participantID": "0116",
          "utterance": "착하시네요!? 생각보다!? 저도 그렇게 생각해요~~ 저희는 마음이 잘 맞는것같아요.",
          "summary": "",
          "date": "2022-09-25",
          "time": "22:45:39",
          "terminate": "false"
        },
        {
          "speaker": "speaker2",
          "personaID": "22642",
          "participantID": "0343",
          "utterance": "그러니까 한번 더 오세요~~ 제가 맛난 거 또 대접해드릴게요^^",
          "summary": "",
          "date": "2022-09-25",
          "time": "22:45:46",
          "terminate": "false"
        },
        {
          "speaker": "speaker1",
          "personaID": "21593",
          "participantID": "0116",
          "utterance": "넵! 제가 일정한번 확인해보고 또 연락드릴게요~",
          "summary": "",
          "date": "2022-09-25",
          "time": "22:45:53",
          "terminate": "false"
        },
        {
          "speaker": "speaker2",
          "personaID": "22642",
          "participantID": "0343",
          "utterance": "네, 좋아요. 저는 레시피 찾아볼게요 ㅎㅎ 연락주세요.",
          "summary": "",
          "date": "2022-09-25",
          "time": "22:46:00",
          "terminate": "true"
        }
      ],
      "sessionPersonaSummary": {
        "speaker1": [
          "나의 할머니는 돌아가셨다.",
          "나는 127 번님 만나러 가는 거 아니어도 근처 시장을 갈 예정이다.",
          "나는 시장에 사람이 없어진 것을 보고 마음이 아프다."
        ],
        "speaker2": []
      },
      "prevAggregatedpersonaSummary": {
        "speaker1": [
          "나는 자칭 핵인@이름1@다. 나는 20대 여자이다.",
          "나는 무교이다.",
          "나는 약사이다. 나는 ccm음악을 들어본 적이 없다.",
          "나는 일요일에 영업을 안 한다. 나는 친구가 많다. 나는 주말엔 친구랑 놀아야 한다.",
          "나는 중식을 싫어한다.",
          "나는 카레를 좋아한다.",
          "나는 지금 시장이다.",
          "나는 시장에 오랜만에 왔다.",
          "나는 새우를 사갈 예정이다.",
          "나는 무거운 짐을 들고 있다."
        ],
        "speaker2": [
          "나는 20대 여자이다. 나는 기독교인이다.",
          "나는 ccm 음악을 좋아한다.",
          "나는 병원 가는 것을 싫어한다.",
          "나는 짜장면을 먹을 예정이다.",
          "나는 중식을 좋아한다. 나는 부지런하다.",
          "나는 시장에 자주 간다.",
          "나의 집에는 소금이 있다."
        ]
      }
    }
  ]
}