{
  "FileInfo": {
    "filename": "K3-00246-CL21478-CP21332-14-07-S3.json",
    "sessionLevel": "3"
  },
  "participantsInfo": {
    "numberOfParticipants": "2",
    "speaker1": {
      "participantID": "0135",
      "gender": "여성",
      "age": "20대",
      "occupation": "무직",
      "bPlace": "서울/경기/인천",
      "gPlace": "서울/경기/인천",
      "rPlace": "서울/경기/인천",
      "educationLevel": "대졸"
    },
    "speaker2": {
      "participantID": "0241",
      "gender": "남성",
      "age": "20대",
      "occupation": "사무직",
      "bPlace": "서울/경기/인천",
      "gPlace": "서울/경기/인천",
      "rPlace": "서울/경기/인천",
      "educationLevel": "대졸"
    }
  },
  "multisessionInfo": {
    "multisessionID": "3-00246"
  },
  "personaInfo": {
    "clInfo": {
      "personaID": "21478",
      "personaFeatures": [
        "나는 여자이다.",
        "나는 20대이다.",
        "나의 종교는 원불교이다.",
        "나는 국사학이 부전공이다.",
        "나는 줄넘기를 자주 한다."
      ],
      "speakerType": "speaker1"
    },
    "cpInfo": {
      "personaID": "21332",
      "personaFeatures": [
        "나는 남자이다.",
        "나는 20대이다.",
        "나는 점심에 인터넷 쇼핑을 한다.",
        "나는 일본어에 관심이 없다.",
        "나는 댄스 음악을 가끔 듣는다."
      ],
      "speakerType": "speaker2"
    }
  },
  "topicInfo": {
    "topicID": "14-07",
    "topicType": "시사/사회>사회이슈(국내)",
    "topicTitle": "사회 갈등"
  },
  "sessionInfo": [
    {
      "prevSessionID": null,
      "prevTimeInfo": {
        "timeNum": null,
        "timeUnit": null
      },
      "nthSession": "1",
      "numberOfUtterances": "14",
      "numberOfTurns": "7",
      "sessionID": "3-00246-1",
      "dialog": [
        {
          "speaker": "speaker1",
          "personaID": "21478",
          "participantID": "0135",
          "utterance": "안녕하세요. 저는 20대 여자입니다.",
          "summary": "나는 20대 여자이다.",
          "date": "2022-09-17",
          "time": "10:00:30",
          "terminate": "false"
        },
        {
          "speaker": "speaker2",
          "personaID": "21332",
          "participantID": "0241",
          "utterance": "안녕하세요. 저는 20대 남자입니다.",
          "summary": "나는 20대 남자이다.",
          "date": "2022-09-17",
          "time": "10:00:45",
          "terminate": "false"
        },
        {
          "speaker": "speaker1",
          "personaID": "21478",
          "participantID": "0135",
          "utterance": "반갑습니다. 저는 아직 학생인데 취업하셨나요?",
          "summary": "나는 학생이다.",
          "date": "2022-09-17",
          "time": "10:01:11",
          "terminate": "false"
        },
        {
          "speaker": "speaker2",
          "personaID": "21332",
          "participantID": "0241",
          "utterance": "반가워요. 저도 아직 학생이에요. 휴학중입니다ㅎㅎ.",
          "summary": "나는 휴학 중인 학생이다.",
          "date": "2022-09-17",
          "time": "10:01:42",
          "terminate": "false"
        },
        {
          "speaker": "speaker1",
          "personaID": "21478",
          "participantID": "0135",
          "utterance": "휴학한 거부러워요 ㅠ 저는 사학과 전공에 국사학 부전공인데 개강하자마자 방학이 그립네요.",
          "summary": "나는 사학과 전공에 국사학이 부전공이다. 나는 개강하자마자 방학이 그립다.",
          "date": "2022-09-17",
          "time": "10:02:03",
          "terminate": "false"
        },
        {
          "speaker": "speaker2",
          "personaID": "21332",
          "participantID": "0241",
          "utterance": "저는 사실 자퇴하고 싶어요ㅠㅠ 저는 일본어 관심 없는데 대충 성적 맞춰서 일문과 왔거든요ㅠㅠ.",
          "summary": "나는 일본어에 관심이 없다. 나는 일문과다.",
          "date": "2022-09-17",
          "time": "10:02:51",
          "terminate": "false"
        },
        {
          "speaker": "speaker1",
          "personaID": "21478",
          "participantID": "0135",
          "utterance": "전과는 알아보셨어요? 제 동기 중에 사학과에서 경영학과로 전과한 친구 있어요.",
          "summary": "나의 동기는 사학과에서 경영학과로 전과했다.",
          "date": "2022-09-17",
          "time": "10:03:21",
          "terminate": "false"
        },
        {
          "speaker": "speaker2",
          "personaID": "21332",
          "participantID": "0241",
          "utterance": "원래 역사를 좋아하시는 거예요? 안그래도 편입 준비하다가 다시 전과 알아보고 있었어요!",
          "summary": "나는 편입을 준비하다 전과를 알아보고 있다.",
          "date": "2022-09-17",
          "time": "10:04:04",
          "terminate": "false"
        },
        {
          "speaker": "speaker1",
          "personaID": "21478",
          "participantID": "0135",
          "utterance": "네. 전 역사 엄청 관심 많아요. 한국사 자격증도 1급 땄어요. 어느 과로 전과하고 싶으세요?",
          "summary": "나는 역사에 관심이 많다. 나는 한국사 자격증 1급을 땄다.",
          "date": "2022-09-17",
          "time": "10:04:54",
          "terminate": "false"
        },
        {
          "speaker": "speaker2",
          "personaID": "21332",
          "participantID": "0241",
          "utterance": "그거 시험 어렵다고 들었는데 멋있네요! 저도 무난하게 경영 생각하고 있어요!",
          "summary": "나는 경영학과로의 전과를 고려중이다.",
          "date": "2022-09-17",
          "time": "10:05:25",
          "terminate": "false"
        },
        {
          "speaker": "speaker1",
          "personaID": "21478",
          "participantID": "0135",
          "utterance": "경영학과가 취업이 잘 된다고 하더라구요. 에휴 그냥 학교 졸업하면 취업되는 건 줄 알았는데 어렵네요.",
          "summary": "나는 그냥 학교를 졸업하면 취업이 되는 줄 알았는데 어렵다고 생각한다.",
          "date": "2022-09-17",
          "time": "10:05:47",
          "terminate": "false"
        },
        {
          "speaker": "speaker2",
          "personaID": "21332",
          "participantID": "0241",
          "utterance": "그러니까요...경영학과 가서 취업동아리 같은 거도 할까봐요ㅠㅠ.",
          "summary": "나는 경영학과에 간 뒤 취업동아리 활동을 하려고 한다.",
          "date": "2022-09-17",
          "time": "10:06:18",
          "terminate": "false"
        },
        {
          "speaker": "speaker1",
          "personaID": "21478",
          "participantID": "0135",
          "utterance": "어디든 제 자리 하나는 있겠죠 뭐 하하. 긍정적으로 생각해보자구요! 또 연락 드릴게요.",
          "summary": "",
          "date": "2022-09-17",
          "time": "10:06:51",
          "terminate": "false"
        },
        {
          "speaker": "speaker2",
          "personaID": "21332",
          "participantID": "0241",
          "utterance": "네! 어디든 있겠죠 뭐! ㅠㅠ 좋은 하루 보내세요!",
          "summary": "",
          "date": "2022-09-17",
          "time": "10:07:14",
          "terminate": "true"
        }
      ],
      "sessionPersonaSummary": {
        "speaker1": [
          "나는 20대 여자이다.",
          "나는 학생이다.",
          "나는 사학과 전공에 국사학이 부전공이다. 나는 개강하자마자 방학이 그립다.",
          "나의 동기는 사학과에서 경영학과로 전과했다.",
          "나는 역사에 관심이 많다. 나는 한국사 자격증 1급을 땄다.",
          "나는 그냥 학교를 졸업하면 취업이 되는 줄 알았는데 어렵다고 생각한다."
        ],
        "speaker2": [
          "나는 20대 남자이다.",
          "나는 휴학 중인 학생이다.",
          "나는 일본어에 관심이 없다. 나는 일문과다.",
          "나는 편입을 준비하다 전과를 알아보고 있다.",
          "나는 경영학과로의 전과를 고려중이다.",
          "나는 경영학과에 간 뒤 취업동아리 활동을 하려고 한다."
        ]
      },
      "prevAggregatedpersonaSummary": {
        "speaker1": [],
        "speaker2": []
      }
    },
    {
      "prevSessionID": "3-00246-1",
      "prevTimeInfo": {
        "timeNum": "1",
        "timeUnit": "일"
      },
      "nthSession": "2",
      "numberOfUtterances": "14",
      "numberOfTurns": "7",
      "sessionID": "3-00246-2",
      "dialog": [
        {
          "speaker": "speaker1",
          "personaID": "21478",
          "participantID": "0135",
          "utterance": "안녕하세요. 전 하루만에 너무 기분 안 좋은 일이 있었어요.",
          "summary": "나는 오늘 너무 기분 안 좋은 일이 있었다.",
          "date": "2022-09-17",
          "time": "10:07:59",
          "terminate": "false"
        },
        {
          "speaker": "speaker2",
          "personaID": "21332",
          "participantID": "0241",
          "utterance": "안녕하세요! 무슨 일이래요ㅠㅠ.",
          "summary": "",
          "date": "2022-09-17",
          "time": "10:08:14",
          "terminate": "false"
        },
        {
          "speaker": "speaker1",
          "personaID": "21478",
          "participantID": "0135",
          "utterance": "제가 오늘 공강이라 조카를 봐줬거든요. 조카랑 동네 카페에 갔는데 노키즈존이라고 해서 못 들어갔어요.",
          "summary": "나는 오늘 공강이라 조카를 봐줬다. 나는 조카와 동네 카페에 갔는데 노 키즈존이라고 해서 들어가지 못했다.",
          "date": "2022-09-17",
          "time": "10:08:32",
          "terminate": "false"
        },
        {
          "speaker": "speaker2",
          "personaID": "21332",
          "participantID": "0241",
          "utterance": "아 요즘 노키즈 노펫 이런 곳 많더라고요ㅠ.",
          "summary": "",
          "date": "2022-09-17",
          "time": "10:08:55",
          "terminate": "false"
        },
        {
          "speaker": "speaker1",
          "personaID": "21478",
          "participantID": "0135",
          "utterance": "저는 @이름1@이 시끄럽고 말썽을 피우는 건 당연한 거라고 생각해요. 이런 걸 이해 못 하는 어른들이 사회 갈등을 만들어낸다고 생각해요.",
          "summary": "나는 @이름1@이 시끄럽고 말썽을 피우는 건 당연한 것이라고 생각한다. 나는 이런 것을 이해 못 하는 어른들이 사회 갈등을 만들어 낸다고 생각한다.",
          "date": "2022-09-17",
          "time": "10:09:24",
          "terminate": "false"
        },
        {
          "speaker": "speaker2",
          "personaID": "21332",
          "participantID": "0241",
          "utterance": "ㅠㅠ그쵸...저출산 얘기들 하지만 @이름1@이 살기 좋은 세상은 아니니까 안 낳는 것 같기도 해요.",
          "summary": "나는 @이름1@이 살기 좋은 세상이 아니기에 아이를 낳지 않는 풍조가 생겼다고 생각한다.",
          "date": "2022-09-17",
          "time": "10:10:10",
          "terminate": "false"
        },
        {
          "speaker": "speaker1",
          "personaID": "21478",
          "participantID": "0135",
          "utterance": "조카가 카페 못 들어가서 눈치 보는데 화나서 사장한테 욕할 뻔 했어요. 제가 종교가 원불교라 평소에 욕 안 하는 사람이거든요.",
          "summary": "나는 조카가 카페에 못 들어가서 눈치를 봐서 화가 나서 사장한테 욕할 뻔했다. 나의 종교는 원불교이다. 나는 종교적 이유로 평소에 욕을 안 한다.",
          "date": "2022-09-17",
          "time": "10:10:42",
          "terminate": "false"
        },
        {
          "speaker": "speaker2",
          "personaID": "21332",
          "participantID": "0241",
          "utterance": "원불교이신 분 처음 보는 것 같아요ㅎㅎ 그럼 다른 카페 가신거예요?ㅠ.",
          "summary": "나는 원불교 신자를 처음 봤다.",
          "date": "2022-09-17",
          "time": "10:11:36",
          "terminate": "false"
        },
        {
          "speaker": "speaker1",
          "personaID": "21478",
          "participantID": "0135",
          "utterance": "네. 마트에 있는 키즈 카페로 갔어요. 그나마 조카가 키즈 카페에서 잘 놀아서 걱정 덜었어요.",
          "summary": "나는 조카와 마트에 있는 키즈 카페를 갔다. 나는 조카가 키즈 카페에서 잘 놀아서 걱정을 덜었다.",
          "date": "2022-09-17",
          "time": "10:11:55",
          "terminate": "false"
        },
        {
          "speaker": "speaker2",
          "personaID": "21332",
          "participantID": "0241",
          "utterance": "요즘 키즈카페 잘 되어있는 것 같긴 하더라구요! 사람들이 서로 배려하고 살았으면 좋겠어요.",
          "summary": "",
          "date": "2022-09-17",
          "time": "10:12:29",
          "terminate": "false"
        },
        {
          "speaker": "speaker1",
          "personaID": "21478",
          "participantID": "0135",
          "utterance": "맞아요. 왜 어린 @이름1@한테 눈치를 주는 지 이해가 안 되네요. 오히려 진상은 어른들이 더 많잖아요.",
          "summary": "나는 왜 어린 @이름1@한 테 눈치를 주는지 이해가 안 된다. 나는 오히려 어른들이 진상이 더 많다고 생각한다.",
          "date": "2022-09-17",
          "time": "10:13:10",
          "terminate": "false"
        },
        {
          "speaker": "speaker2",
          "personaID": "21332",
          "participantID": "0241",
          "utterance": "넹 막상 스무살 넘어보니까 어른답지 않은 어른이 너무 많아요ㅠ.",
          "summary": "나는 어른답지 않은 어른이 많다고 생각한다.",
          "date": "2022-09-17",
          "time": "10:13:28",
          "terminate": "false"
        },
        {
          "speaker": "speaker1",
          "personaID": "21478",
          "participantID": "0135",
          "utterance": "저도 아직 철 덜 들었지만 적어도 사회 갈등 조장은 안 하고 산다구요. 오늘 얘기 들어주셔서 감사해요.",
          "summary": "나는 아직 철이 덜 들었지만 적어도 사회 갈등 조장은 안 하고 산다.",
          "date": "2022-09-17",
          "time": "10:13:59",
          "terminate": "false"
        },
        {
          "speaker": "speaker2",
          "personaID": "21332",
          "participantID": "0241",
          "utterance": "ㅠㅠ평화로운게 제일이죠! 또 얘기 나눠요!",
          "summary": "",
          "date": "2022-09-17",
          "time": "10:14:29",
          "terminate": "true"
        }
      ],
      "sessionPersonaSummary": {
        "speaker1": [
          "나는 오늘 너무 기분 안 좋은 일이 있었다.",
          "나는 오늘 공강이라 조카를 봐줬다. 나는 조카와 동네 카페에 갔는데 노 키즈존이라고 해서 들어가지 못했다.",
          "나는 @이름1@이 시끄럽고 말썽을 피우는 건 당연한 것이라고 생각한다. 나는 이런 것을 이해 못 하는 어른들이 사회 갈등을 만들어 낸다고 생각한다.",
          "나는 조카가 카페에 못 들어가서 눈치를 봐서 화가 나서 사장한테 욕할 뻔했다. 나의 종교는 원불교이다. 나는 종교적 이유로 평소에 욕을 안 한다.",
          "나는 조카와 마트에 있는 키즈 카페를 갔다. 나는 조카가 키즈 카페에서 잘 놀아서 걱정을 덜었다.",
          "나는 왜 어린 @이름1@한 테 눈치를 주는지 이해가 안 된다. 나는 오히려 어른들이 진상이 더 많다고 생각한다.",
          "나는 아직 철이 덜 들었지만 적어도 사회 갈등 조장은 안 하고 산다."
        ],
        "speaker2": [
          "나는 @이름1@이 살기 좋은 세상이 아니기에 아이를 낳지 않는 풍조가 생겼다고 생각한다.",
          "나는 원불교 신자를 처음 봤다.",
          "나는 어른답지 않은 어른이 많다고 생각한다."
        ]
      },
      "prevAggregatedpersonaSummary": {
        "speaker1": [
          "나는 20대 여자이다.",
          "나는 학생이다.",
          "나는 사학과 전공에 국사학이 부전공이다. 나는 개강하자마자 방학이 그립다.",
          "나의 동기는 사학과에서 경영학과로 전과했다.",
          "나는 역사에 관심이 많다. 나는 한국사 자격증 1급을 땄다.",
          "나는 그냥 학교를 졸업하면 취업이 되는 줄 알았는데 어렵다고 생각한다."
        ],
        "speaker2": [
          "나는 20대 남자이다.",
          "나는 휴학 중인 학생이다.",
          "나는 일본어에 관심이 없다. 나는 일문과다.",
          "나는 편입을 준비하다 전과를 알아보고 있다.",
          "나는 경영학과로의 전과를 고려중이다.",
          "나는 경영학과에 간 뒤 취업동아리 활동을 하려고 한다."
        ]
      }
    },
    {
      "prevSessionID": "3-00246-2",
      "prevTimeInfo": {
        "timeNum": "1",
        "timeUnit": "일"
      },
      "nthSession": "3",
      "numberOfUtterances": "14",
      "numberOfTurns": "7",
      "sessionID": "3-00246-3",
      "dialog": [
        {
          "speaker": "speaker1",
          "personaID": "21478",
          "participantID": "0135",
          "utterance": "안녕하세요. 어제 잘 주무셨어요? 뭐하고 계세요? 전 이제 운동하러 나가려구요 ~",
          "summary": "나는 운동하러 나갈 것이다.",
          "date": "2022-09-17",
          "time": "10:14:43",
          "terminate": "false"
        },
        {
          "speaker": "speaker2",
          "personaID": "21332",
          "participantID": "0241",
          "utterance": "저는 댄스음악 가끔 들어서 틀어놓고 공부하고 있었어요! 운동은 무슨 운동하세요?",
          "summary": "나는 댄스음악을 가끔 듣는다. 나는 노래를 들으며 공부한다.",
          "date": "2022-09-17",
          "time": "10:15:03",
          "terminate": "false"
        },
        {
          "speaker": "speaker1",
          "personaID": "21478",
          "participantID": "0135",
          "utterance": "저는 줄넘기를 자주 해요. 제가 단독주택에 살고 있어서 집 마당에서 운동하기 편해요.",
          "summary": "나는 줄넘기를 자주 한다. 나는 단독주택에 살고 있어서 집 마당에서 운동하기 편하다.",
          "date": "2022-09-17",
          "time": "10:15:20",
          "terminate": "false"
        },
        {
          "speaker": "speaker2",
          "personaID": "21332",
          "participantID": "0241",
          "utterance": "부럽네요! 저는 자취해서 홈트도 겨우 하고 있어요ㅠㅠ.",
          "summary": "나는 자취를 한다. 나는 홈트를 한다.",
          "date": "2022-09-17",
          "time": "10:16:08",
          "terminate": "false"
        },
        {
          "speaker": "speaker1",
          "personaID": "21478",
          "participantID": "0135",
          "utterance": "지금 오피스텔에 사시는 거예요?",
          "summary": "",
          "date": "2022-09-17",
          "time": "10:16:30",
          "terminate": "false"
        },
        {
          "speaker": "speaker2",
          "personaID": "21332",
          "participantID": "0241",
          "utterance": "고시원 살다가 올해부터 오피스텔로 옮겨서 공간이 좀 넓어졌어요!!ㅎㅎ.",
          "summary": "나는 고시원에서 오피스텔로 이사를 했다.",
          "date": "2022-09-17",
          "time": "10:17:04",
          "terminate": "false"
        },
        {
          "speaker": "speaker1",
          "personaID": "21478",
          "participantID": "0135",
          "utterance": "잘하셨어요! 어느 정도 공간이 있어야 집에서 쉬기 편하죠. 혼자 사는 건 어때요?",
          "summary": "나는 어느 정도 공간이 있어야 집에서 쉬기 편하다고 생각한다.",
          "date": "2022-09-17",
          "time": "10:17:21",
          "terminate": "false"
        },
        {
          "speaker": "speaker2",
          "personaID": "21332",
          "participantID": "0241",
          "utterance": "편한데 가끔 심심하고 외로워서 자꾸 인터넷으로 뭘 사요ㅋㅋ.",
          "summary": "나는 가끔 심심하고 외로워서 인터넷 쇼핑을 자주 한다.",
          "date": "2022-09-17",
          "time": "10:17:58",
          "terminate": "false"
        },
        {
          "speaker": "speaker1",
          "personaID": "21478",
          "participantID": "0135",
          "utterance": "하하 전 가족들이랑 살고 있는데도 쇼핑 엄청 해요. 최근에 뭐 사셨는데요?",
          "summary": "나는 가족들이랑 살고 있는데도 쇼핑을 엄청 한다.",
          "date": "2022-09-17",
          "time": "10:18:15",
          "terminate": "false"
        },
        {
          "speaker": "speaker2",
          "personaID": "21332",
          "participantID": "0241",
          "utterance": "저는 오전 공부 끝내고 점심에 인터넷 쇼핑할 건데 폼롤러를 좀 새로 사려구요!",
          "summary": "나는 오전 공부를 마치고 점심에 인터넷 쇼핑을 한다. 나는 폼롤러를 구입할 것이다.",
          "date": "2022-09-17",
          "time": "10:18:46",
          "terminate": "false"
        },
        {
          "speaker": "speaker1",
          "personaID": "21478",
          "participantID": "0135",
          "utterance": "폼롤러 좋죠! 과제 좀 하면 어깨 엄청 뭉치지 않나요? 저는 어깨가 맨날 돌같이 딱딱해요.",
          "summary": "나는 어깨가 맨날 돌같이 딱딱하다.",
          "date": "2022-09-17",
          "time": "10:19:05",
          "terminate": "false"
        },
        {
          "speaker": "speaker2",
          "personaID": "21332",
          "participantID": "0241",
          "utterance": "네 맞아요! 앉아있는 시간이 많아지니까 뭉친 걸 좀 풀고 싶어요!ㅠㅠ.",
          "summary": "나는 앉아있는 시간이 길어져 뭉친 근육을 풀고 싶다.",
          "date": "2022-09-17",
          "time": "10:19:26",
          "terminate": "false"
        },
        {
          "speaker": "speaker1",
          "personaID": "21478",
          "participantID": "0135",
          "utterance": "저도 폼롤러 사두고 자기 전에 매일 마사지 하고 있어요. 어깨 좀 말랑말랑해졌으면 좋겠네요. 또 연락할게요!",
          "summary": "나는 폼롤러를 사두고 자기 전에 매일 마사지하고 있다. 나는 어깨가 말랑말랑해졌으면 좋겠다.",
          "date": "2022-09-17",
          "time": "10:19:54",
          "terminate": "false"
        },
        {
          "speaker": "speaker2",
          "personaID": "21332",
          "participantID": "0241",
          "utterance": "넵! 운동 잘 다녀오세요!!넘 무리하진 마시구요!",
          "summary": "",
          "date": "2022-09-17",
          "time": "10:20:18",
          "terminate": "true"
        }
      ],
      "sessionPersonaSummary": {
        "speaker1": [
          "나는 운동하러 나갈 것이다.",
          "나는 줄넘기를 자주 한다. 나는 단독주택에 살고 있어서 집 마당에서 운동하기 편하다.",
          "나는 어느 정도 공간이 있어야 집에서 쉬기 편하다고 생각한다.",
          "나는 가족들이랑 살고 있는데도 쇼핑을 엄청 한다.",
          "나는 어깨가 맨날 돌같이 딱딱하다.",
          "나는 폼롤러를 사두고 자기 전에 매일 마사지하고 있다. 나는 어깨가 말랑말랑해졌으면 좋겠다."
        ],
        "speaker2": [
          "나는 댄스음악을 가끔 듣는다. 나는 노래를 들으며 공부한다.",
          "나는 자취를 한다. 나는 홈트를 한다.",
          "나는 고시원에서 오피스텔로 이사를 했다.",
          "나는 가끔 심심하고 외로워서 인터넷 쇼핑을 자주 한다.",
          "나는 오전 공부를 마치고 점심에 인터넷 쇼핑을 한다. 나는 폼롤러를 구입할 것이다.",
          "나는 앉아있는 시간이 길어져 뭉친 근육을 풀고 싶다."
        ]
      },
      "prevAggregatedpersonaSummary": {
        "speaker1": [
          "나는 20대 여자이다.",
          "나는 학생이다.",
          "나는 사학과 전공에 국사학이 부전공이다. 나는 개강하자마자 방학이 그립다.",
          "나의 동기는 사학과에서 경영학과로 전과했다.",
          "나는 역사에 관심이 많다. 나는 한국사 자격증 1급을 땄다.",
          "나는 그냥 학교를 졸업하면 취업이 되는 줄 알았는데 어렵다고 생각한다.",
          "나는 오늘 너무 기분 안 좋은 일이 있었다.",
          "나는 오늘 공강이라 조카를 봐줬다. 나는 조카와 동네 카페에 갔는데 노 키즈존이라고 해서 들어가지 못했다.",
          "나는 @이름1@이 시끄럽고 말썽을 피우는 건 당연한 것이라고 생각한다. 나는 이런 것을 이해 못 하는 어른들이 사회 갈등을 만들어 낸다고 생각한다.",
          "나는 조카가 카페에 못 들어가서 눈치를 봐서 화가 나서 사장한테 욕할 뻔했다. 나의 종교는 원불교이다. 나는 종교적 이유로 평소에 욕을 안 한다.",
          "나는 조카와 마트에 있는 키즈 카페를 갔다. 나는 조카가 키즈 카페에서 잘 놀아서 걱정을 덜었다.",
          "나는 왜 어린 @이름1@한 테 눈치를 주는지 이해가 안 된다. 나는 오히려 어른들이 진상이 더 많다고 생각한다.",
          "나는 아직 철이 덜 들었지만 적어도 사회 갈등 조장은 안 하고 산다."
        ],
        "speaker2": [
          "나는 20대 남자이다.",
          "나는 휴학 중인 학생이다.",
          "나는 일본어에 관심이 없다. 나는 일문과다.",
          "나는 편입을 준비하다 전과를 알아보고 있다.",
          "나는 경영학과로의 전과를 고려중이다.",
          "나는 경영학과에 간 뒤 취업동아리 활동을 하려고 한다.",
          "나는 @이름1@이 살기 좋은 세상이 아니기에 아이를 낳지 않는 풍조가 생겼다고 생각한다.",
          "나는 원불교 신자를 처음 봤다.",
          "나는 어른답지 않은 어른이 많다고 생각한다."
        ]
      }
    }
  ]
}