{
  "FileInfo": {
    "filename": "K3-00120-CL00941-CP20731-08-08-S3.json",
    "sessionLevel": "3"
  },
  "participantsInfo": {
    "numberOfParticipants": "2",
    "speaker1": {
      "participantID": "25094",
      "gender": "여성",
      "age": "60대 이상",
      "occupation": "자영업",
      "bPlace": "광주/전라/제주",
      "gPlace": "광주/전라/제주",
      "rPlace": "광주/전라/제주",
      "educationLevel": "대졸"
    },
    "speaker2": {
      "participantID": "25510",
      "gender": "남성",
      "age": "20대",
      "occupation": "학생",
      "bPlace": "대전/세종/충청/강원",
      "gPlace": "대전/세종/충청/강원",
      "rPlace": "대전/세종/충청/강원",
      "educationLevel": "고졸"
    }
  },
  "multisessionInfo": {
    "multisessionID": "3-00120"
  },
  "personaInfo": {
    "clInfo": {
      "personaID": "00941",
      "personaFeatures": [
        "나는 여자이다.",
        "나는 60대 이상이다.",
        "나는 공인중개사이다.",
        "나는 요즘, 가끔 우울하다.",
        "나는 순두부찌개를 좋아한다."
      ],
      "speakerType": "speaker1"
    },
    "cpInfo": {
      "personaID": "20731",
      "personaFeatures": [
        "나는 남자이다.",
        "나는 20대이다.",
        "나는 가족과 자주 외식을 한다.",
        "나는 보석 감정사이다.",
        "나는 파란색을 싫어한다."
      ],
      "speakerType": "speaker2"
    }
  },
  "topicInfo": {
    "topicID": "08-08",
    "topicType": "개인 및 관계>연애/결혼",
    "topicTitle": "이상형"
  },
  "sessionInfo": [
    {
      "prevSessionID": null,
      "prevTimeInfo": {
        "timeNum": null,
        "timeUnit": null
      },
      "nthSession": "1",
      "numberOfUtterances": "16",
      "numberOfTurns": "8",
      "sessionID": "3-00120-1",
      "dialog": [
        {
          "speaker": "speaker1",
          "personaID": "00941",
          "participantID": "25094",
          "utterance": "안녕하세요, 저는 60대 여자예요.",
          "summary": "나는 60대 여성이다.",
          "date": "2022-09-14",
          "time": "09:45:28",
          "terminate": "false"
        },
        {
          "speaker": "speaker2",
          "personaID": "20731",
          "participantID": "25510",
          "utterance": "안녕하세요. 저는 20대 남자예요.",
          "summary": "나는 20대 남자이다.",
          "date": "2022-09-14",
          "time": "09:47:42",
          "terminate": "false"
        },
        {
          "speaker": "speaker1",
          "personaID": "00941",
          "participantID": "25094",
          "utterance": "반가워요. 직업이 어떻게 되세요? 저는 출입국 심사관이에요.",
          "summary": "나는 출입국 심사관이다.",
          "date": "2022-09-14",
          "time": "09:48:27",
          "terminate": "false"
        },
        {
          "speaker": "speaker2",
          "personaID": "20731",
          "participantID": "25510",
          "utterance": "저도 만나서 반가워요. 저는 보석 감정사에요.",
          "summary": "나는 보석 감정사이다.",
          "date": "2022-09-14",
          "time": "09:49:25",
          "terminate": "false"
        },
        {
          "speaker": "speaker1",
          "personaID": "00941",
          "participantID": "25094",
          "utterance": "멋지네요. 저는 요즘 은퇴가 코앞이라 가끔 우울해져요.",
          "summary": "나의 은퇴가 다가왔다. 나는 요즘, 가끔 우울하다.",
          "date": "2022-09-14",
          "time": "09:49:44",
          "terminate": "false"
        },
        {
          "speaker": "speaker2",
          "personaID": "20731",
          "participantID": "25510",
          "utterance": "저런. 우울하시겠어요. 위로의 말씀 드릴게요.",
          "summary": "",
          "date": "2022-09-14",
          "time": "09:50:47",
          "terminate": "false"
        },
        {
          "speaker": "speaker1",
          "personaID": "00941",
          "participantID": "25094",
          "utterance": "고마워요. 뭐하고 계셨어요?",
          "summary": "",
          "date": "2022-09-14",
          "time": "09:51:24",
          "terminate": "false"
        },
        {
          "speaker": "speaker2",
          "personaID": "20731",
          "participantID": "25510",
          "utterance": "저는 책상 정리정돈 중이었어요.",
          "summary": "나는 책상 정리정돈을 했다.",
          "date": "2022-09-14",
          "time": "09:52:20",
          "terminate": "false"
        },
        {
          "speaker": "speaker1",
          "personaID": "00941",
          "participantID": "25094",
          "utterance": "깔끔한 성격이신가 봐요. 취미가 있으세요?",
          "summary": "",
          "date": "2022-09-14",
          "time": "09:53:03",
          "terminate": "false"
        },
        {
          "speaker": "speaker2",
          "personaID": "20731",
          "participantID": "25510",
          "utterance": "제 취미는 딱히 없어요. 취미가 어떻게 되세요?",
          "summary": "나는 취미가 없다.",
          "date": "2022-09-14",
          "time": "09:53:56",
          "terminate": "false"
        },
        {
          "speaker": "speaker1",
          "personaID": "00941",
          "participantID": "25094",
          "utterance": "저는 요리하는 걸 좋아해요. 어제도 요리를 했답니다.",
          "summary": "나는 요리하는 걸 좋아한다. 나는 어제 요리를 했다.",
          "date": "2022-09-14",
          "time": "09:54:59",
          "terminate": "false"
        },
        {
          "speaker": "speaker2",
          "personaID": "20731",
          "participantID": "25510",
          "utterance": "아아. 어제는 무슨 요리를 하셨어요?",
          "summary": "",
          "date": "2022-09-14",
          "time": "09:55:24",
          "terminate": "false"
        },
        {
          "speaker": "speaker1",
          "personaID": "00941",
          "participantID": "25094",
          "utterance": "제가 순두부찌개를 좋아해서 순두부찌개를 했어요.",
          "summary": "나는 순두부찌개를 좋아한다. 나는 어제 순두부찌개를 만들었다.",
          "date": "2022-09-14",
          "time": "09:55:44",
          "terminate": "false"
        },
        {
          "speaker": "speaker2",
          "personaID": "20731",
          "participantID": "25510",
          "utterance": "저희 가족들은 외식을 좋아해서 자주 사먹어요.",
          "summary": "나는 가족과 자주 외식을 한다.",
          "date": "2022-09-14",
          "time": "09:56:02",
          "terminate": "false"
        },
        {
          "speaker": "speaker1",
          "personaID": "00941",
          "participantID": "25094",
          "utterance": "외식도 편하고 좋죠. 저는 이만 들어가볼게요. 다음에 또 봐요.",
          "summary": "",
          "date": "2022-09-14",
          "time": "09:56:33",
          "terminate": "false"
        },
        {
          "speaker": "speaker2",
          "personaID": "20731",
          "participantID": "25510",
          "utterance": "네, 그럼 대화 즐거웠어요. 다음에 봐요.",
          "summary": "",
          "date": "2022-09-14",
          "time": "09:56:47",
          "terminate": "true"
        }
      ],
      "sessionPersonaSummary": {
        "speaker1": [
          "나는 60대 여성이다.",
          "나는 출입국 심사관이다.",
          "나의 은퇴가 다가왔다. 나는 요즘, 가끔 우울하다.",
          "나는 요리하는 걸 좋아한다. 나는 어제 요리를 했다.",
          "나는 순두부찌개를 좋아한다. 나는 어제 순두부찌개를 만들었다."
        ],
        "speaker2": [
          "나는 20대 남자이다.",
          "나는 보석 감정사이다.",
          "나는 책상 정리정돈을 했다.",
          "나는 취미가 없다.",
          "나는 가족과 자주 외식을 한다."
        ]
      },
      "prevAggregatedpersonaSummary": {
        "speaker1": [],
        "speaker2": []
      }
    },
    {
      "prevSessionID": "3-00120-1",
      "prevTimeInfo": {
        "timeNum": "2",
        "timeUnit": "일"
      },
      "nthSession": "2",
      "numberOfUtterances": "16",
      "numberOfTurns": "8",
      "sessionID": "3-00120-2",
      "dialog": [
        {
          "speaker": "speaker1",
          "personaID": "00941",
          "participantID": "25094",
          "utterance": "그러고보니 결혼은 하셨어요?",
          "summary": "",
          "date": "2022-09-14",
          "time": "09:56:55",
          "terminate": "false"
        },
        {
          "speaker": "speaker2",
          "personaID": "20731",
          "participantID": "25510",
          "utterance": "아직 20대인데 결혼하기엔 이르죠.",
          "summary": "나는 미혼이다.",
          "date": "2022-09-14",
          "time": "09:57:17",
          "terminate": "false"
        },
        {
          "speaker": "speaker1",
          "personaID": "00941",
          "participantID": "25094",
          "utterance": "그럼 여자친구는 있으신가요?",
          "summary": "",
          "date": "2022-09-14",
          "time": "09:57:43",
          "terminate": "false"
        },
        {
          "speaker": "speaker2",
          "personaID": "20731",
          "participantID": "25510",
          "utterance": "아직 없어요. 여자친구가 생기면 좋겠네요.",
          "summary": "나는 애인이 없다.",
          "date": "2022-09-14",
          "time": "09:58:13",
          "terminate": "false"
        },
        {
          "speaker": "speaker1",
          "personaID": "00941",
          "participantID": "25094",
          "utterance": "이상형이 어떻게 되시는데요?",
          "summary": "",
          "date": "2022-09-14",
          "time": "09:58:25",
          "terminate": "false"
        },
        {
          "speaker": "speaker2",
          "personaID": "20731",
          "participantID": "25510",
          "utterance": "키가 크고 절 리드해줄 수 있는 연상이면 좋겠어요.",
          "summary": "나의 이상형은 키가 큰 사람이다. 나의 이상형은 나를 이끌어주는 사람이다. 나의 이상형은 연상이다.",
          "date": "2022-09-14",
          "time": "09:58:46",
          "terminate": "false"
        },
        {
          "speaker": "speaker1",
          "personaID": "00941",
          "participantID": "25094",
          "utterance": "그렇군요. 이상형에 맞는 좋은 분 만나실 거예요.",
          "summary": "",
          "date": "2022-09-14",
          "time": "09:59:12",
          "terminate": "false"
        },
        {
          "speaker": "speaker2",
          "personaID": "20731",
          "participantID": "25510",
          "utterance": "소개팅이라도 받아봐야겠어요. 결혼은 하셨나요?",
          "summary": "",
          "date": "2022-09-14",
          "time": "09:59:18",
          "terminate": "false"
        },
        {
          "speaker": "speaker1",
          "personaID": "00941",
          "participantID": "25094",
          "utterance": "네, 전 결혼해서 자식들도 장성했죠.",
          "summary": "나는 결혼했다. 나는 자녀가 있다. 나의 자녀들은 장성했다.",
          "date": "2022-09-14",
          "time": "09:59:44",
          "terminate": "false"
        },
        {
          "speaker": "speaker2",
          "personaID": "20731",
          "participantID": "25510",
          "utterance": "결혼은 이상형인분이랑 결혼 하신 건가요?",
          "summary": "",
          "date": "2022-09-14",
          "time": "10:00:16",
          "terminate": "false"
        },
        {
          "speaker": "speaker1",
          "personaID": "00941",
          "participantID": "25094",
          "utterance": "그렇죠. 마을에서 제일 잘생긴 남자랑 했답니다, 호호.",
          "summary": "나는 이상형과 결혼했다. 나의 남편은 마을에서 가장 잘생겼다.",
          "date": "2022-09-14",
          "time": "10:00:42",
          "terminate": "false"
        },
        {
          "speaker": "speaker2",
          "personaID": "20731",
          "participantID": "25510",
          "utterance": "너무 부러워요. 그럼 아직까지도 잘생겨보이시겠어요.",
          "summary": "",
          "date": "2022-09-14",
          "time": "10:01:37",
          "terminate": "false"
        },
        {
          "speaker": "speaker1",
          "personaID": "00941",
          "participantID": "25094",
          "utterance": "그럼요. 꼭 마음에 드는 분 만나시길 바라요.",
          "summary": "",
          "date": "2022-09-14",
          "time": "10:02:01",
          "terminate": "false"
        },
        {
          "speaker": "speaker2",
          "personaID": "20731",
          "participantID": "25510",
          "utterance": "감사해요. 저도 이상형이랑 결혼하고 싶네요.",
          "summary": "",
          "date": "2022-09-14",
          "time": "10:02:32",
          "terminate": "false"
        },
        {
          "speaker": "speaker1",
          "personaID": "00941",
          "participantID": "25094",
          "utterance": "저는 이만 가볼게요. 좋은 하루 되세요.",
          "summary": "",
          "date": "2022-09-14",
          "time": "10:02:36",
          "terminate": "false"
        },
        {
          "speaker": "speaker2",
          "personaID": "20731",
          "participantID": "25510",
          "utterance": "그럼 다음에 대화해요. 대화 즐거웠어요.",
          "summary": "",
          "date": "2022-09-14",
          "time": "10:02:41",
          "terminate": "true"
        }
      ],
      "sessionPersonaSummary": {
        "speaker1": [
          "나는 결혼했다. 나는 자녀가 있다. 나의 자녀들은 장성했다.",
          "나는 이상형과 결혼했다. 나의 남편은 마을에서 가장 잘생겼다."
        ],
        "speaker2": [
          "나는 미혼이다.",
          "나는 애인이 없다.",
          "나의 이상형은 키가 큰 사람이다. 나의 이상형은 나를 이끌어주는 사람이다. 나의 이상형은 연상이다."
        ]
      },
      "prevAggregatedpersonaSummary": {
        "speaker1": [
          "나는 60대 여성이다.",
          "나는 출입국 심사관이다.",
          "나의 은퇴가 다가왔다. 나는 요즘, 가끔 우울하다.",
          "나는 요리하는 걸 좋아한다. 나는 어제 요리를 했다.",
          "나는 순두부찌개를 좋아한다. 나는 어제 순두부찌개를 만들었다."
        ],
        "speaker2": [
          "나는 20대 남자이다.",
          "나는 보석 감정사이다.",
          "나는 책상 정리정돈을 했다.",
          "나는 취미가 없다.",
          "나는 가족과 자주 외식을 한다."
        ]
      }
    },
    {
      "prevSessionID": "3-00120-2",
      "prevTimeInfo": {
        "timeNum": "5",
        "timeUnit": "일"
      },
      "nthSession": "3",
      "numberOfUtterances": "16",
      "numberOfTurns": "8",
      "sessionID": "3-00120-3",
      "dialog": [
        {
          "speaker": "speaker1",
          "personaID": "00941",
          "participantID": "25094",
          "utterance": "안녕하세요, 잘 지내고 계시죠?",
          "summary": "",
          "date": "2022-09-14",
          "time": "10:02:46",
          "terminate": "false"
        },
        {
          "speaker": "speaker2",
          "personaID": "20731",
          "participantID": "25510",
          "utterance": "네~ 잘 지내고 있어요. 무슨 일 이세요?",
          "summary": "",
          "date": "2022-09-14",
          "time": "10:03:04",
          "terminate": "false"
        },
        {
          "speaker": "speaker1",
          "personaID": "00941",
          "participantID": "25094",
          "utterance": "그냥 궁금해서요. 뭐하고 계셨어요?",
          "summary": "",
          "date": "2022-09-14",
          "time": "10:03:24",
          "terminate": "false"
        },
        {
          "speaker": "speaker2",
          "personaID": "20731",
          "participantID": "25510",
          "utterance": "휴대폰 케이스를 구매하려구요.",
          "summary": "나는 휴대폰 케이스를 살 예정이다.",
          "date": "2022-09-14",
          "time": "10:03:44",
          "terminate": "false"
        },
        {
          "speaker": "speaker1",
          "personaID": "00941",
          "participantID": "25094",
          "utterance": "오, 예쁜 걸로 사시면 좋겠네요.",
          "summary": "",
          "date": "2022-09-14",
          "time": "10:04:12",
          "terminate": "false"
        },
        {
          "speaker": "speaker2",
          "personaID": "20731",
          "participantID": "25510",
          "utterance": "전 파란색을 싫어해서 초록색으로 사려구요.",
          "summary": "나는 파란색을 싫어한다. 나는 초록색 케이스를 살 예정이다.",
          "date": "2022-09-14",
          "time": "10:04:34",
          "terminate": "false"
        },
        {
          "speaker": "speaker1",
          "personaID": "00941",
          "participantID": "25094",
          "utterance": "좋네요. 기종이 어떻게 돼요?",
          "summary": "",
          "date": "2022-09-14",
          "time": "10:04:59",
          "terminate": "false"
        },
        {
          "speaker": "speaker2",
          "personaID": "20731",
          "participantID": "25510",
          "utterance": "전 아이폰이에요. 그건 왜요?",
          "summary": "나의 핸드폰 기종은 아이폰이다.",
          "date": "2022-09-14",
          "time": "10:05:36",
          "terminate": "false"
        },
        {
          "speaker": "speaker1",
          "personaID": "00941",
          "participantID": "25094",
          "utterance": "아이폰은 예쁜 케이스가 많이 나오더라고요. 부럽네요.",
          "summary": "",
          "date": "2022-09-14",
          "time": "10:05:52",
          "terminate": "false"
        },
        {
          "speaker": "speaker2",
          "personaID": "20731",
          "participantID": "25510",
          "utterance": "개성있는 케이스가 참 많죠. 케이스 많이 쓰세요?",
          "summary": "",
          "date": "2022-09-14",
          "time": "10:06:06",
          "terminate": "false"
        },
        {
          "speaker": "speaker1",
          "personaID": "00941",
          "participantID": "25094",
          "utterance": "예전엔 그랬는데 지금은 그냥 투명 케이스만 써요.",
          "summary": "나는 예전에 핸드폰 케이스를 다양하게 썼다. 나는 투명 케이스를 쓴다.",
          "date": "2022-09-14",
          "time": "10:06:43",
          "terminate": "false"
        },
        {
          "speaker": "speaker2",
          "personaID": "20731",
          "participantID": "25510",
          "utterance": "오, 그렇게 변하신 이유가 있나요?",
          "summary": "",
          "date": "2022-09-14",
          "time": "10:07:31",
          "terminate": "false"
        },
        {
          "speaker": "speaker1",
          "personaID": "00941",
          "participantID": "25094",
          "utterance": "많이 사봤자 별로 쓰지 않더라고요.",
          "summary": "",
          "date": "2022-09-14",
          "time": "10:08:01",
          "terminate": "false"
        },
        {
          "speaker": "speaker2",
          "personaID": "20731",
          "participantID": "25510",
          "utterance": "기분에 따라 바꿔쓰면 되죠. 근데 귀찮기는 해요.",
          "summary": "",
          "date": "2022-09-14",
          "time": "10:08:58",
          "terminate": "false"
        },
        {
          "speaker": "speaker1",
          "personaID": "00941",
          "participantID": "25094",
          "utterance": "그렇죠. 저는 이만 가봐야겠어요. 다음에 또 대화해요.",
          "summary": "",
          "date": "2022-09-14",
          "time": "10:09:11",
          "terminate": "false"
        },
        {
          "speaker": "speaker2",
          "personaID": "20731",
          "participantID": "25510",
          "utterance": "대화 즐거웠어요. 그럼 저도 이만 가볼게요.",
          "summary": "",
          "date": "2022-09-14",
          "time": "10:09:25",
          "terminate": "true"
        }
      ],
      "sessionPersonaSummary": {
        "speaker1": [
          "나는 예전에 핸드폰 케이스를 다양하게 썼다. 나는 투명 케이스를 쓴다."
        ],
        "speaker2": [
          "나는 휴대폰 케이스를 살 예정이다.",
          "나는 파란색을 싫어한다. 나는 초록색 케이스를 살 예정이다.",
          "나의 핸드폰 기종은 아이폰이다."
        ]
      },
      "prevAggregatedpersonaSummary": {
        "speaker1": [
          "나는 60대 여성이다.",
          "나는 출입국 심사관이다.",
          "나의 은퇴가 다가왔다. 나는 요즘, 가끔 우울하다.",
          "나는 요리하는 걸 좋아한다. 나는 어제 요리를 했다.",
          "나는 순두부찌개를 좋아한다. 나는 어제 순두부찌개를 만들었다.",
          "나는 결혼했다. 나는 자녀가 있다. 나의 자녀들은 장성했다.",
          "나는 이상형과 결혼했다. 나의 남편은 마을에서 가장 잘생겼다."
        ],
        "speaker2": [
          "나는 20대 남자이다.",
          "나는 보석 감정사이다.",
          "나는 책상 정리정돈을 했다.",
          "나는 취미가 없다.",
          "나는 가족과 자주 외식을 한다.",
          "나는 미혼이다.",
          "나는 애인이 없다.",
          "나의 이상형은 키가 큰 사람이다. 나의 이상형은 나를 이끌어주는 사람이다. 나의 이상형은 연상이다."
        ]
      }
    }
  ]
}