{
  "FileInfo": {
    "filename": "K3-00303-CL01717-CP03852-16-10-S3.json",
    "sessionLevel": "3"
  },
  "participantsInfo": {
    "numberOfParticipants": "2",
    "speaker1": {
      "participantID": "0052",
      "gender": "여성",
      "age": "20대",
      "occupation": "무직",
      "bPlace": "부산/대구/울산/경상",
      "gPlace": "부산/대구/울산/경상",
      "rPlace": "부산/대구/울산/경상",
      "educationLevel": "대졸"
    },
    "speaker2": {
      "participantID": "0058",
      "gender": "여성",
      "age": "40대",
      "occupation": "사무직",
      "bPlace": "부산/대구/울산/경상",
      "gPlace": "부산/대구/울산/경상",
      "rPlace": "부산/대구/울산/경상",
      "educationLevel": "대졸"
    }
  },
  "multisessionInfo": {
    "multisessionID": "3-00303"
  },
  "personaInfo": {
    "clInfo": {
      "personaID": "01717",
      "personaFeatures": [
        "나는 여자이다.",
        "나는 20대이다.",
        "나의 거주지는 경기도이다.",
        "나는 매우 내성적이다.",
        "나는 사진을 찍는 게 지루하다."
      ],
      "speakerType": "speaker1"
    },
    "cpInfo": {
      "personaID": "03852",
      "personaFeatures": [
        "나는 여자이다.",
        "나는 40대이다.",
        "나는 친구와 자주 만난다.",
        "나는 스포츠 TV를 좋아한다.",
        "나는 맥주를 최근에 끊었다."
      ],
      "speakerType": "speaker2"
    }
  },
  "topicInfo": {
    "topicID": "16-10",
    "topicType": "미용과 건강>미용",
    "topicTitle": "퍼스널컬러"
  },
  "sessionInfo": [
    {
      "prevSessionID": null,
      "prevTimeInfo": {
        "timeNum": null,
        "timeUnit": null
      },
      "nthSession": "1",
      "numberOfUtterances": "16",
      "numberOfTurns": "8",
      "sessionID": "3-00303-1",
      "dialog": [
        {
          "speaker": "speaker1",
          "personaID": "01717",
          "participantID": "0052",
          "utterance": "안녕하세요~ 저는 20대 여자입니다!",
          "summary": "나는 20대 여성이다.",
          "date": "2022-08-01",
          "time": "04:01:44",
          "terminate": "false"
        },
        {
          "speaker": "speaker2",
          "personaID": "03852",
          "participantID": "0058",
          "utterance": "안녕하세요 저는 40대 여자입니다.",
          "summary": "나는 40대 여성이다.",
          "date": "2022-08-01",
          "time": "04:01:50",
          "terminate": "false"
        },
        {
          "speaker": "speaker1",
          "personaID": "01717",
          "participantID": "0052",
          "utterance": "저는 경기도에 거주해요!! 만나서 반갑습니다.",
          "summary": "나는 경기도에 거주한다.",
          "date": "2022-08-01",
          "time": "04:02:00",
          "terminate": "false"
        },
        {
          "speaker": "speaker2",
          "personaID": "03852",
          "participantID": "0058",
          "utterance": "저도 경기도에 거주합니다. 반갑습니다.",
          "summary": "나는 경기도에 거주한다.",
          "date": "2022-08-01",
          "time": "04:02:12",
          "terminate": "false"
        },
        {
          "speaker": "speaker1",
          "personaID": "01717",
          "participantID": "0052",
          "utterance": "그러시구나~ 무슨일을 하시나요?",
          "summary": "",
          "date": "2022-08-01",
          "time": "04:02:27",
          "terminate": "false"
        },
        {
          "speaker": "speaker2",
          "personaID": "03852",
          "participantID": "0058",
          "utterance": "저는 따로 일을 하지않고 가정 주부입니다.",
          "summary": "나는 가정주부이다.",
          "date": "2022-08-01",
          "time": "04:02:45",
          "terminate": "false"
        },
        {
          "speaker": "speaker1",
          "personaID": "01717",
          "participantID": "0052",
          "utterance": "그러시구나~ 저는 아직 대학생이에요!",
          "summary": "나는 대학생이다.",
          "date": "2022-08-01",
          "time": "04:03:58",
          "terminate": "false"
        },
        {
          "speaker": "speaker2",
          "personaID": "03852",
          "participantID": "0058",
          "utterance": "부럽네요. 젊음이라는 큰 무기를 가지고 계셔서요.",
          "summary": "",
          "date": "2022-08-01",
          "time": "04:04:17",
          "terminate": "false"
        },
        {
          "speaker": "speaker1",
          "personaID": "01717",
          "participantID": "0052",
          "utterance": "하하 감사합니다ㅎㅎ 결혼은 하신거에요?",
          "summary": "",
          "date": "2022-08-01",
          "time": "04:04:35",
          "terminate": "false"
        },
        {
          "speaker": "speaker2",
          "personaID": "03852",
          "participantID": "0058",
          "utterance": "네, 저는 결혼을 했습니다.",
          "summary": "나는 결혼을 했다.",
          "date": "2022-08-01",
          "time": "04:05:01",
          "terminate": "false"
        },
        {
          "speaker": "speaker1",
          "personaID": "01717",
          "participantID": "0052",
          "utterance": "우와.. 자녀분도 계시는 건가요?",
          "summary": "",
          "date": "2022-08-01",
          "time": "04:05:09",
          "terminate": "false"
        },
        {
          "speaker": "speaker2",
          "personaID": "03852",
          "participantID": "0058",
          "utterance": "네 @이름1@도 2명이나 있어요.",
          "summary": "나는 자녀가 2명이다.",
          "date": "2022-08-01",
          "time": "04:05:16",
          "terminate": "false"
        },
        {
          "speaker": "speaker1",
          "personaID": "01717",
          "participantID": "0052",
          "utterance": "예쁜 가정을 꾸리시다니 너무 부럽네요..",
          "summary": "나는 예쁜 가정을 꾸린 것이 부럽다.",
          "date": "2022-08-01",
          "time": "04:05:27",
          "terminate": "false"
        },
        {
          "speaker": "speaker2",
          "personaID": "03852",
          "participantID": "0058",
          "utterance": "제가 한 것 중 가장 잘한 일이라고 생각합니다.",
          "summary": "나는 가정을 꾸린 것이 가장 잘한 일이다.",
          "date": "2022-08-01",
          "time": "04:05:51",
          "terminate": "false"
        },
        {
          "speaker": "speaker1",
          "personaID": "01717",
          "participantID": "0052",
          "utterance": "멋지시네요~ 오늘 대화 즐거웠어요!",
          "summary": "",
          "date": "2022-08-01",
          "time": "04:05:58",
          "terminate": "false"
        },
        {
          "speaker": "speaker2",
          "personaID": "03852",
          "participantID": "0058",
          "utterance": "저도 대화 즐거웠습니다 좋은 하루 보내세요.",
          "summary": "",
          "date": "2022-08-01",
          "time": "04:06:07",
          "terminate": "true"
        }
      ],
      "sessionPersonaSummary": {
        "speaker1": [
          "나는 20대 여성이다.",
          "나는 경기도에 거주한다.",
          "나는 대학생이다.",
          "나는 예쁜 가정을 꾸린 것이 부럽다."
        ],
        "speaker2": [
          "나는 40대 여성이다.",
          "나는 경기도에 거주한다.",
          "나는 가정주부이다.",
          "나는 결혼을 했다.",
          "나는 자녀가 2명이다.",
          "나는 가정을 꾸린 것이 가장 잘한 일이다."
        ]
      },
      "prevAggregatedpersonaSummary": {
        "speaker1": [],
        "speaker2": []
      }
    },
    {
      "prevSessionID": "3-00303-1",
      "prevTimeInfo": {
        "timeNum": "7",
        "timeUnit": "일"
      },
      "nthSession": "2",
      "numberOfUtterances": "16",
      "numberOfTurns": "8",
      "sessionID": "3-00303-2",
      "dialog": [
        {
          "speaker": "speaker1",
          "personaID": "01717",
          "participantID": "0052",
          "utterance": "안녕하세요~ 일주일이 지났네요! 잘 지내셨나요?",
          "summary": "",
          "date": "2022-08-01",
          "time": "04:06:38",
          "terminate": "false"
        },
        {
          "speaker": "speaker2",
          "personaID": "03852",
          "participantID": "0058",
          "utterance": "네, 저는 잘 지냈습니다. 잘 지내셨나요?",
          "summary": "",
          "date": "2022-08-01",
          "time": "04:06:44",
          "terminate": "false"
        },
        {
          "speaker": "speaker1",
          "personaID": "01717",
          "participantID": "0052",
          "utterance": "저도 잘 지냈어요!! 오늘은 무엇을 하시나요?",
          "summary": "",
          "date": "2022-08-01",
          "time": "04:06:55",
          "terminate": "false"
        },
        {
          "speaker": "speaker2",
          "personaID": "03852",
          "participantID": "0058",
          "utterance": "저는 오늘 친구들을 만나러 가려고 해요. 자주만나는 모임이 있거든요.",
          "summary": "나는 친구들을 만나러 간다. 자주 만나는 모임이 있다.",
          "date": "2022-08-01",
          "time": "04:07:08",
          "terminate": "false"
        },
        {
          "speaker": "speaker1",
          "personaID": "01717",
          "participantID": "0052",
          "utterance": "그러시구나~ 저는 오늘 퍼스널컬러 진단을 하러가요!",
          "summary": "나는 퍼스널 컬러진단을 한다.",
          "date": "2022-08-01",
          "time": "04:07:28",
          "terminate": "false"
        },
        {
          "speaker": "speaker2",
          "personaID": "03852",
          "participantID": "0058",
          "utterance": "퍼스널컬러라는 말은 처음 들어보네요.",
          "summary": "나는 퍼스널 컬러라는 말을 처음 듣는다.",
          "date": "2022-08-01",
          "time": "04:07:40",
          "terminate": "false"
        },
        {
          "speaker": "speaker1",
          "personaID": "01717",
          "participantID": "0052",
          "utterance": "퍼스널컬러는 자기 피부톤에 맞는 색이에요!",
          "summary": "",
          "date": "2022-08-01",
          "time": "04:08:10",
          "terminate": "false"
        },
        {
          "speaker": "speaker2",
          "personaID": "03852",
          "participantID": "0058",
          "utterance": "그렇군요. 그런 것도 진단을 하는 건가요?",
          "summary": "",
          "date": "2022-08-01",
          "time": "04:08:16",
          "terminate": "false"
        },
        {
          "speaker": "speaker1",
          "personaID": "01717",
          "participantID": "0052",
          "utterance": "네네~ 비용은 조금 비싸지만.. 해두면 옷이나 화장같은 거 하기 쉽거든요!",
          "summary": "",
          "date": "2022-08-01",
          "time": "04:08:27",
          "terminate": "false"
        },
        {
          "speaker": "speaker2",
          "personaID": "03852",
          "participantID": "0058",
          "utterance": "비용은 얼마나 드는지 알 수 있을까요?",
          "summary": "",
          "date": "2022-08-01",
          "time": "04:08:35",
          "terminate": "false"
        },
        {
          "speaker": "speaker1",
          "personaID": "01717",
          "participantID": "0052",
          "utterance": "기본 7~8만원 이상 들어요..!!",
          "summary": "",
          "date": "2022-08-01",
          "time": "04:08:45",
          "terminate": "false"
        },
        {
          "speaker": "speaker2",
          "personaID": "03852",
          "participantID": "0058",
          "utterance": "가격대가 엄청나네요.. 원래 그렇게 비싼가요?",
          "summary": "",
          "date": "2022-08-01",
          "time": "04:08:55",
          "terminate": "false"
        },
        {
          "speaker": "speaker1",
          "personaID": "01717",
          "participantID": "0052",
          "utterance": "네..ㅎㅎ 거기에다가 여러가지 옵션 추가하면 더 비싸져요ㅠ.",
          "summary": "",
          "date": "2022-08-01",
          "time": "04:09:07",
          "terminate": "false"
        },
        {
          "speaker": "speaker2",
          "personaID": "03852",
          "participantID": "0058",
          "utterance": "그렇군요. 저는 할 일이 없을 것 같긴하네요.",
          "summary": "나는 퍼스널 컬러를 할 일이 없다.",
          "date": "2022-08-01",
          "time": "04:09:39",
          "terminate": "false"
        },
        {
          "speaker": "speaker1",
          "personaID": "01717",
          "participantID": "0052",
          "utterance": "ㅎㅎ 오늘도 대화 즐거웠습니다~ 좋은 하루 보내세요!",
          "summary": "",
          "date": "2022-08-01",
          "time": "04:09:46",
          "terminate": "false"
        },
        {
          "speaker": "speaker2",
          "personaID": "03852",
          "participantID": "0058",
          "utterance": "저도 대화 즐거웠습니다. 좋은 하루 보내세요.",
          "summary": "",
          "date": "2022-08-01",
          "time": "04:09:54",
          "terminate": "true"
        }
      ],
      "sessionPersonaSummary": {
        "speaker1": [
          "나는 퍼스널 컬러진단을 한다."
        ],
        "speaker2": [
          "나는 친구들을 만나러 간다. 자주 만나는 모임이 있다.",
          "나는 퍼스널 컬러라는 말을 처음 듣는다.",
          "나는 퍼스널 컬러를 할 일이 없다."
        ]
      },
      "prevAggregatedpersonaSummary": {
        "speaker1": [
          "나는 20대 여성이다.",
          "나는 경기도에 거주한다.",
          "나는 대학생이다.",
          "나는 예쁜 가정을 꾸린 것이 부럽다."
        ],
        "speaker2": [
          "나는 40대 여성이다.",
          "나는 경기도에 거주한다.",
          "나는 가정주부이다.",
          "나는 결혼을 했다.",
          "나는 자녀가 2명이다.",
          "나는 가정을 꾸린 것이 가장 잘한 일이다."
        ]
      }
    },
    {
      "prevSessionID": "3-00303-2",
      "prevTimeInfo": {
        "timeNum": "7",
        "timeUnit": "일"
      },
      "nthSession": "3",
      "numberOfUtterances": "16",
      "numberOfTurns": "8",
      "sessionID": "3-00303-3",
      "dialog": [
        {
          "speaker": "speaker1",
          "personaID": "01717",
          "participantID": "0052",
          "utterance": "안녕하세요~ 일주일이 또 지났네요! 잘 지내셨어요?",
          "summary": "",
          "date": "2022-08-01",
          "time": "04:10:11",
          "terminate": "false"
        },
        {
          "speaker": "speaker2",
          "personaID": "03852",
          "participantID": "0058",
          "utterance": "네, 저는 잘 지냈습니다. 잘 지내셨나요?",
          "summary": "",
          "date": "2022-08-01",
          "time": "04:10:17",
          "terminate": "false"
        },
        {
          "speaker": "speaker1",
          "personaID": "01717",
          "participantID": "0052",
          "utterance": "저도 잘 지냈습니다! 오늘은 무엇을 하시나요?",
          "summary": "",
          "date": "2022-08-01",
          "time": "04:10:24",
          "terminate": "false"
        },
        {
          "speaker": "speaker2",
          "personaID": "03852",
          "participantID": "0058",
          "utterance": "저는 오늘 스포츠 티비를 보려해요. 최근에 맥주를 끊어서 맥주 없이 볼 수 있을지 모르겠네요. 퍼스널컬러는 잘 보셨나요?",
          "summary": "나는 스포츠 티브이를 본다. 최근에 맥주를 끊었다.",
          "date": "2022-08-01",
          "time": "04:10:39",
          "terminate": "false"
        },
        {
          "speaker": "speaker1",
          "personaID": "01717",
          "participantID": "0052",
          "utterance": "네네! 저는 봄웜톤이라고 하더라구요~",
          "summary": "나는 봄 웜톤이다.",
          "date": "2022-08-01",
          "time": "04:10:51",
          "terminate": "false"
        },
        {
          "speaker": "speaker2",
          "personaID": "03852",
          "participantID": "0058",
          "utterance": "뭔지는 모르겠지만 그렇군요. 8만원이나 주면서 할 만한가요?",
          "summary": "",
          "date": "2022-08-01",
          "time": "04:11:09",
          "terminate": "false"
        },
        {
          "speaker": "speaker1",
          "personaID": "01717",
          "participantID": "0052",
          "utterance": "네 ㅎㅎ 저는 괜찮았어요~ 근데 제가 너무 내성적인데 선생님께서는 활기차셔서 부담스럽긴 했네요..",
          "summary": "나는 내성적이지만 선생님이 활기차셔서 부담스러웠다.",
          "date": "2022-08-01",
          "time": "04:11:34",
          "terminate": "false"
        },
        {
          "speaker": "speaker2",
          "personaID": "03852",
          "participantID": "0058",
          "utterance": "그렇군요. 오늘은 무엇을 하시나요?",
          "summary": "",
          "date": "2022-08-01",
          "time": "04:11:41",
          "terminate": "false"
        },
        {
          "speaker": "speaker1",
          "personaID": "01717",
          "participantID": "0052",
          "utterance": "오늘은 퍼스널컬러에 맞는 옷이랑 화장을 하고 인생샷 건지러 갑니다..!!",
          "summary": "나는 퍼스널 컬러를 토대로 한 코디를 하고 인생 샷을 찍으러 간다.",
          "date": "2022-08-01",
          "time": "04:12:33",
          "terminate": "false"
        },
        {
          "speaker": "speaker2",
          "personaID": "03852",
          "participantID": "0058",
          "utterance": "퍼스널컬러라는 게 요즘에 엠비티아이 같은건가요?",
          "summary": "",
          "date": "2022-08-01",
          "time": "04:13:08",
          "terminate": "false"
        },
        {
          "speaker": "speaker1",
          "personaID": "01717",
          "participantID": "0052",
          "utterance": "아니에요ㅋㅋ 엠비티아이는 성격이에요!",
          "summary": "",
          "date": "2022-08-01",
          "time": "04:13:31",
          "terminate": "false"
        },
        {
          "speaker": "speaker2",
          "personaID": "03852",
          "participantID": "0058",
          "utterance": "그렇군요. 젊은 친구라 그런지 잘 아시네요.",
          "summary": "",
          "date": "2022-08-01",
          "time": "04:14:06",
          "terminate": "false"
        },
        {
          "speaker": "speaker1",
          "personaID": "01717",
          "participantID": "0052",
          "utterance": "ㅎㅎ 아니에요 오늘 사진 찍어야하는데 제가 사진찍는 걸 지루해해서 큰일이네요ㅠ.",
          "summary": "나는 사진 찍는 것을 지루해한다.",
          "date": "2022-08-01",
          "time": "04:14:25",
          "terminate": "false"
        },
        {
          "speaker": "speaker2",
          "personaID": "03852",
          "participantID": "0058",
          "utterance": "저도 사진 찍는 거 별로 안 좋아해요. 사람마다 다른거죠.",
          "summary": "나는 사진 찍는 것을 안 좋아한다.",
          "date": "2022-08-01",
          "time": "04:14:48",
          "terminate": "false"
        },
        {
          "speaker": "speaker1",
          "personaID": "01717",
          "participantID": "0052",
          "utterance": "맞아요~ 오늘도 대화 즐거웠습니다!",
          "summary": "",
          "date": "2022-08-01",
          "time": "04:15:29",
          "terminate": "false"
        },
        {
          "speaker": "speaker2",
          "personaID": "03852",
          "participantID": "0058",
          "utterance": "저도즐거웠습니다. 좋은 하루 보내세요.",
          "summary": "",
          "date": "2022-08-01",
          "time": "04:15:36",
          "terminate": "true"
        }
      ],
      "sessionPersonaSummary": {
        "speaker1": [
          "나는 봄 웜톤이다.",
          "나는 내성적이지만 선생님이 활기차셔서 부담스러웠다.",
          "나는 퍼스널 컬러를 토대로 한 코디를 하고 인생 샷을 찍으러 간다.",
          "나는 사진 찍는 것을 지루해한다."
        ],
        "speaker2": [
          "나는 스포츠 티브이를 본다. 최근에 맥주를 끊었다.",
          "나는 사진 찍는 것을 안 좋아한다."
        ]
      },
      "prevAggregatedpersonaSummary": {
        "speaker1": [
          "나는 20대 여성이다.",
          "나는 경기도에 거주한다.",
          "나는 대학생이다.",
          "나는 예쁜 가정을 꾸린 것이 부럽다.",
          "나는 퍼스널 컬러진단을 한다."
        ],
        "speaker2": [
          "나는 40대 여성이다.",
          "나는 경기도에 거주한다.",
          "나는 가정주부이다.",
          "나는 결혼을 했다.",
          "나는 자녀가 2명이다.",
          "나는 가정을 꾸린 것이 가장 잘한 일이다.",
          "나는 친구들을 만나러 간다. 자주 만나는 모임이 있다.",
          "나는 퍼스널 컬러라는 말을 처음 듣는다.",
          "나는 퍼스널 컬러를 할 일이 없다."
        ]
      }
    }
  ]
}