{
  "FileInfo": {
    "filename": "K3-00426-CL62781-CP36056-06-04-S3.json",
    "sessionLevel": "3"
  },
  "participantsInfo": {
    "numberOfParticipants": "2",
    "speaker1": {
      "participantID": "4532",
      "gender": "남성",
      "age": "60대 이상",
      "occupation": "퇴직/연금생활자",
      "bPlace": "대전/세종/충청/강원",
      "gPlace": "대전/세종/충청/강원",
      "rPlace": "대전/세종/충청/강원",
      "educationLevel": "대졸"
    },
    "speaker2": {
      "participantID": "4792",
      "gender": "여성",
      "age": "30대",
      "occupation": "주부",
      "bPlace": "서울/경기/인천",
      "gPlace": "서울/경기/인천",
      "rPlace": "서울/경기/인천",
      "educationLevel": "고졸"
    }
  },
  "multisessionInfo": {
    "multisessionID": "3-00426"
  },
  "personaInfo": {
    "clInfo": {
      "personaID": "62781",
      "personaFeatures": [
        "나는 남자이다.",
        "나는 60대 이상이다.",
        "나는 매일 자차를 이용한다",
        "내가 가장 기쁘던 때는 결혼을 했을 때이다",
        "나는 자주 부끄러운 감정이 든다",
        "나는 햄스터 한 마리를 키운다",
        "나는 인도에 가보고 싶다"
      ],
      "speakerType": "speaker1"
    },
    "cpInfo": {
      "personaID": "36056",
      "personaFeatures": [
        "나는 여자이다.",
        "나는 30대이다.",
        "나는 스포츠 TV를 가끔 본다",
        "나는 서기관이다",
        "나는 축구를 가끔 한다",
        "나의 생일은 5월이다",
        "나는 쌀국수를 안 먹는다"
      ],
      "speakerType": "speaker2"
    }
  },
  "topicInfo": {
    "topicID": "06-04",
    "topicType": "교육",
    "topicTitle": "학원"
  },
  "sessionInfo": [
    {
      "prevSessionID": null,
      "prevTimeInfo": {
        "timeNum": null,
        "timeUnit": null
      },
      "nthSession": "1",
      "numberOfUtterances": "15",
      "numberOfTurns": "7",
      "sessionID": "3-00426-1",
      "dialog": [
        {
          "speaker": "speaker1",
          "personaID": "62781",
          "participantID": "4532",
          "utterance": "안녕하세요. 저는 60대 남성입니다. 반갑습니다.",
          "summary": "나는 60대 남성이다.",
          "date": "2022-11-24",
          "time": "17:02:15",
          "terminate": "false"
        },
        {
          "speaker": "speaker2",
          "personaID": "36056",
          "participantID": "4792",
          "utterance": "안녕하세요? 저는 30대 여성이고, 서기관 으로 일하고 입니다.",
          "summary": "나는 30대 여성이며, 서기관으로 일하고 있다.",
          "date": "2022-11-24",
          "time": "17:05:06",
          "terminate": "false"
        },
        {
          "speaker": "speaker1",
          "personaID": "62781",
          "participantID": "4532",
          "utterance": "저는 사무직으로 일하고 있는데, 지금 사무실에 도착했어요. 저는 매일 자차를 이용해서, 출근을 해요. 혹시 평상시 어떤 교통편을 이용하시나요?",
          "summary": "나는 자차로 사무실에 출근하는 사무직원이다.",
          "date": "2022-11-24",
          "time": "19:48:14",
          "terminate": "false"
        },
        {
          "speaker": "speaker2",
          "personaID": "36056",
          "participantID": "4792",
          "utterance": "저는 주로 버스를 이용했는데 버스 정류장에 제가 싫어하는 쌀국수 가게가 생겨서 냄새를 피해 지하철을 이용합니다.",
          "summary": "나는 주로 버스를 이용했으나, 버스 정류장에 내가 싫어하는 쌀국수 가게가 생겨 지하철을 이용한다.",
          "date": "2022-11-24",
          "time": "19:52:06",
          "terminate": "false"
        },
        {
          "speaker": "speaker1",
          "personaID": "62781",
          "participantID": "4532",
          "utterance": "살면서 가장 기뻤던 순간은 언제 인가요? 저는 가장 기쁘던 때는 결혼을 했을 때 입니다.",
          "summary": "나는 결혼을 했을 때가 가장 기쁜 순간이었다.",
          "date": "2022-11-24",
          "time": "20:00:17",
          "terminate": "false"
        },
        {
          "speaker": "speaker2",
          "personaID": "36056",
          "participantID": "4792",
          "utterance": "저는 스포츠 tv를 가끔 보면서 축구도 가끔 하고 있는데 축구공 가지고 놀때가 가장 행복 합니다.",
          "summary": "나는 스포츠 TV를 가끔 보고, 축구를 가끔 하는데, 축구공을 가지고 놀 때 행복하다.",
          "date": "2022-11-24",
          "time": "20:02:47",
          "terminate": "false"
        },
        {
          "speaker": "speaker1",
          "personaID": "62781",
          "participantID": "4532",
          "utterance": "혹시 애완동물 키우시는 거 있으세요? 저는 햄스터 한 마리를 키우는데, 햄스터가 번식을 위해 자주 짝짓기를 할려고 하는 걸 보고 있으면 저는 자주 부끄러운 감정이 들어요.",
          "summary": "나는 햄스터를 키우는데 짝짓기를 하려 할 때 부끄러운 감정이 든다.",
          "date": "2022-11-24",
          "time": "20:30:29",
          "terminate": "false"
        },
        {
          "speaker": "speaker2",
          "personaID": "36056",
          "participantID": "4792",
          "utterance": "저의 생일이 5월이었는데 그때 귀여운 토끼를 선물 받았어요. 너무 사랑스러워서 한 마리 더 입양 하려 구요.  햄스터도 너무 귀여워요!!",
          "summary": "나는 생일이 5월이며, 토끼를 선물 받았는데, 한 마리 더 입양할 거다.",
          "date": "2022-11-24",
          "time": "20:38:25",
          "terminate": "false"
        },
        {
          "speaker": "speaker1",
          "personaID": "62781",
          "participantID": "4532",
          "utterance": "혹시 해외 여행 가보신 적 있으세요? 저는 인도에 가보고 싶어요.",
          "summary": "나는 인도에 가보고 싶다.",
          "date": "2022-11-25",
          "time": "09:34:05",
          "terminate": "false"
        },
        {
          "speaker": "speaker2",
          "personaID": "36056",
          "participantID": "4792",
          "utterance": "저도 인도여행 하고 싶어요. 요가도 하고요. 요가 좋아하세요?",
          "summary": "나는 인도 여행을 하고 싶다.",
          "date": "2022-11-25",
          "time": "11:06:16",
          "terminate": "false"
        },
        {
          "speaker": "speaker1",
          "personaID": "62781",
          "participantID": "4532",
          "utterance": "저는 요가하는 걸 좋아해요. 스트레칭 할 때 근육이 늘어나는 느낌이 좋더라고요. 혹시 혈액형이 어떻게 되세요?",
          "summary": "나는 요가하는 것을 좋아한다.",
          "date": "2022-11-25",
          "time": "11:09:57",
          "terminate": "false"
        },
        {
          "speaker": "speaker2",
          "personaID": "36056",
          "participantID": "4792",
          "utterance": "저는 A형이에요. 혈액형이 어떻게 되세요?",
          "summary": "나는 A형이다.",
          "date": "2022-11-25",
          "time": "11:11:17",
          "terminate": "false"
        },
        {
          "speaker": "speaker1",
          "personaID": "62781",
          "participantID": "4532",
          "utterance": "저는 혈액형이 AB형이에요. 혹시 좋아하는 과일은 있으세요?",
          "summary": "나는 혈액형이 AB형이다.",
          "date": "2022-11-25",
          "time": "11:12:48",
          "terminate": "false"
        },
        {
          "speaker": "speaker2",
          "personaID": "36056",
          "participantID": "4792",
          "utterance": "저는 일이 있어서 가볼게요. ",
          "summary": "나는 일이 있다.",
          "date": "2022-11-25",
          "time": "11:15:34",
          "terminate": "false"
        },
        {
          "speaker": "speaker1",
          "personaID": "62781",
          "participantID": "4532",
          "utterance": "네 그럼 다음에 또 연락해요.",
          "summary": "나는 다음에 또 연락하겠다.",
          "date": "2022-11-25",
          "time": "13:05:43",
          "terminate": "true"
        }
      ],
      "sessionPersonaSummary": {
        "speaker1": [
          "나는 60대 남성이다.",
          "나는 자차로 사무실에 출근하는 사무직원이다.",
          "나는 결혼을 했을 때가 가장 기쁜 순간이었다.",
          "나는 햄스터를 키우는데 짝짓기를 하려 할 때 부끄러운 감정이 든다.",
          "나는 인도에 가보고 싶다.",
          "나는 요가하는 것을 좋아한다.",
          "나는 혈액형이 AB형이다.",
          "나는 다음에 또 연락하겠다."
        ],
        "speaker2": [
          "나는 30대 여성이며, 서기관으로 일하고 있다.",
          "나는 주로 버스를 이용했으나, 버스 정류장에 내가 싫어하는 쌀국수 가게가 생겨 지하철을 이용한다.",
          "나는 스포츠 TV를 가끔 보고, 축구를 가끔 하는데, 축구공을 가지고 놀 때 행복하다.",
          "나는 생일이 5월이며, 토끼를 선물 받았는데, 한 마리 더 입양할 거다.",
          "나는 인도 여행을 하고 싶다.",
          "나는 A형이다.",
          "나는 일이 있다."
        ]
      },
      "prevAggregatedpersonaSummary": {
        "speaker1": [],
        "speaker2": []
      }
    },
    {
      "prevSessionID": "3-00426-1",
      "prevTimeInfo": {
        "timeNum": "3",
        "timeUnit": "주"
      },
      "nthSession": "2",
      "numberOfUtterances": "14",
      "numberOfTurns": "7",
      "sessionID": "3-00426-2",
      "dialog": [
        {
          "speaker": "speaker1",
          "personaID": "62781",
          "participantID": "4532",
          "utterance": "3주만에 뵙습니다. 어떻게 지내셨나요?",
          "summary": "",
          "date": "2022-11-27",
          "time": "18:04:14",
          "terminate": "false"
        },
        {
          "speaker": "speaker2",
          "personaID": "36056",
          "participantID": "4792",
          "utterance": "오랜만 이네요. 저는 그동안 축구 학원을 다녔어요. ",
          "summary": "나는 축구 학원을 다녔다",
          "date": "2022-11-27",
          "time": "19:30:15",
          "terminate": "false"
        },
        {
          "speaker": "speaker1",
          "personaID": "62781",
          "participantID": "4532",
          "utterance": "축구 학원이요? 갑자기 어떤 계기가 생기신건가요? 요즘 TV를 보니까 젊은 여성분들이 축구도 많이 하시긴 하던데, 취미 생활로 배우시는 건가요?",
          "summary": "나는 요즘 tv를 보니 젊은 여성 분들이 축구를 많이 하고 있다.",
          "date": "2022-11-27",
          "time": "19:36:00",
          "terminate": "false"
        },
        {
          "speaker": "speaker2",
          "personaID": "36056",
          "participantID": "4792",
          "utterance": "저는 가끔 축구를 하는데 잘 하고 싶어서 학원을 등록 했답니다. ",
          "summary": "나는 가끔 축구를 하는데 잘하고 싶어서 학원을 등록했다.",
          "date": "2022-11-27",
          "time": "19:40:15",
          "terminate": "false"
        },
        {
          "speaker": "speaker1",
          "personaID": "62781",
          "participantID": "4532",
          "utterance": "저는 축구학원에 근처도 안가봐서, 혹시 축구학원에 가면 어떤 부분 부터 가르쳐 주나요?",
          "summary": "나는 축구 학원에 안 가봤다",
          "date": "2022-11-27",
          "time": "19:41:02",
          "terminate": "false"
        },
        {
          "speaker": "speaker2",
          "personaID": "36056",
          "participantID": "4792",
          "utterance": "학원에서는 공차기 부터 트레이닝 시켜 주던데요.  생각보다 재미 없어요.",
          "summary": "나는 공차기 트레이닝부터 해서 생각보다 재미가 없다",
          "date": "2022-11-27",
          "time": "19:42:43",
          "terminate": "false"
        },
        {
          "speaker": "speaker1",
          "personaID": "62781",
          "participantID": "4532",
          "utterance": "마트 문화센터 가보신 적 있으세요? 저는 마트 문화센터에서 요즘은 요가 강의를 듣고 있어요.",
          "summary": "나는 마트 문화센터에서 요가 강의를 듣는다",
          "date": "2022-11-27",
          "time": "22:13:59",
          "terminate": "false"
        },
        {
          "speaker": "speaker2",
          "personaID": "36056",
          "participantID": "4792",
          "utterance": "요가는 좋은 운동 이에요.저는 문화센터에서 홈패션 강의를 듣습니다.",
          "summary": "나는 문화센터에서 홈패션 강의를 듣는다.",
          "date": "2022-11-28",
          "time": "09:06:04",
          "terminate": "false"
        },
        {
          "speaker": "speaker1",
          "personaID": "62781",
          "participantID": "4532",
          "utterance": "생각보다 일을 하시면서도 많은 강좌를 들으시네요. 저는 나이가 들어서 요가 강의를 듣다보니 내가 그동안 내 몸에 신경을 너무 안썼구나를 깨달았어요. 요가 강의 들어본 적 있으신가요?",
          "summary": "나는 나이가 들어서 요가 강의를 듣다 보니 그동안 내가 몸에 신경을 너무 안 썼구나 깨달았다",
          "date": "2022-11-28",
          "time": "10:11:05",
          "terminate": "false"
        },
        {
          "speaker": "speaker2",
          "personaID": "36056",
          "participantID": "4792",
          "utterance": "네 요가 강의를 들을 때는 몸이 참 유연해 졌었는데 그만두니 다시 뻣뻣해 졌어요 ",
          "summary": "나는 요가 강의를 들을 때는 몸이 유연했는데 그만두니 뻣뻣하다",
          "date": "2022-11-28",
          "time": "10:16:39",
          "terminate": "false"
        },
        {
          "speaker": "speaker1",
          "personaID": "62781",
          "participantID": "4532",
          "utterance": "지난번에 요가때문에 인도여행도 고려하신다고 생각한다고 하셨던 것 같은데 생각보다 요가에 진심이시군요. 하하 요가는 유연함속에 힘이 있는 사람이 진짜 잘하는 사람이라고 하더라구요",
          "summary": "나는 요가가 유연함 속에 힘이 있는 사람이 잘하는 사람이라고 한다",
          "date": "2022-11-28",
          "time": "11:27:43",
          "terminate": "false"
        },
        {
          "speaker": "speaker2",
          "personaID": "36056",
          "participantID": "4792",
          "utterance": "나중에 인도 여행을 가면 다시 진지하게 요가수행을 해보려구요",
          "summary": "나는 인도 여행을 가면 요가 수행을 해보겠다",
          "date": "2022-11-28",
          "time": "11:31:15",
          "terminate": "false"
        },
        {
          "speaker": "speaker1",
          "personaID": "62781",
          "participantID": "4532",
          "utterance": "그래도 인도는 여자들이 여행하기에 좋지 않은 곳이니 너무 진지하게 고민하지는 마세요 ㅎ 60대에도 배움에 대한 열정이 있는데 요즘 자꾸 깜빡깜빡 해서 정신이 온전할 때 더 많이 배우고 싶네요",
          "summary": "나는 배움에 대한 열정이 있다. 정신이 온전할 때 더 많이 배우고 싶다",
          "date": "2022-11-28",
          "time": "11:41:07",
          "terminate": "false"
        },
        {
          "speaker": "speaker2",
          "personaID": "36056",
          "participantID": "4792",
          "utterance": "점심 시간이네요 다음에 다시 만나요",
          "summary": "",
          "date": "2022-11-28",
          "time": "12:33:07",
          "terminate": "true"
        }
      ],
      "sessionPersonaSummary": {
        "speaker1": [
          "나는 요즘 tv를 보니 젊은 여성 분들이 축구를 많이 하고 있다.",
          "나는 축구 학원에 안 가봤다",
          "나는 마트 문화센터에서 요가 강의를 듣는다",
          "나는 나이가 들어서 요가 강의를 듣다 보니 그동안 내가 몸에 신경을 너무 안 썼구나 깨달았다",
          "나는 요가가 유연함 속에 힘이 있는 사람이 잘하는 사람이라고 한다",
          "나는 배움에 대한 열정이 있다. 정신이 온전할 때 더 많이 배우고 싶다"
        ],
        "speaker2": [
          "나는 축구 학원을 다녔다",
          "나는 가끔 축구를 하는데 잘하고 싶어서 학원을 등록했다.",
          "나는 공차기 트레이닝부터 해서 생각보다 재미가 없다",
          "나는 문화센터에서 홈패션 강의를 듣는다.",
          "나는 요가 강의를 들을 때는 몸이 유연했는데 그만두니 뻣뻣하다",
          "나는 인도 여행을 가면 요가 수행을 해보겠다"
        ]
      },
      "prevAggregatedpersonaSummary": {
        "speaker1": [
          "나는 60대 남성이다.",
          "나는 자차로 사무실에 출근하는 사무직원이다.",
          "나는 결혼을 했을 때가 가장 기쁜 순간이었다.",
          "나는 햄스터를 키우는데 짝짓기를 하려 할 때 부끄러운 감정이 든다.",
          "나는 인도에 가보고 싶다.",
          "나는 요가하는 것을 좋아한다.",
          "나는 혈액형이 AB형이다.",
          "나는 다음에 또 연락하겠다."
        ],
        "speaker2": [
          "나는 30대 여성이며, 서기관으로 일하고 있다.",
          "나는 주로 버스를 이용했으나, 버스 정류장에 내가 싫어하는 쌀국수 가게가 생겨 지하철을 이용한다.",
          "나는 스포츠 TV를 가끔 보고, 축구를 가끔 하는데, 축구공을 가지고 놀 때 행복하다.",
          "나는 생일이 5월이며, 토끼를 선물 받았는데, 한 마리 더 입양할 거다.",
          "나는 인도 여행을 하고 싶다.",
          "나는 A형이다.",
          "나는 일이 있다."
        ]
      }
    },
    {
      "prevSessionID": "3-00426-2",
      "prevTimeInfo": {
        "timeNum": "3",
        "timeUnit": "주"
      },
      "nthSession": "3",
      "numberOfUtterances": "15",
      "numberOfTurns": "7",
      "sessionID": "3-00426-3",
      "dialog": [
        {
          "speaker": "speaker1",
          "personaID": "62781",
          "participantID": "4532",
          "utterance": "3주만이에요. 그동안 잘 지내셨나요?",
          "summary": "",
          "date": "2022-11-28",
          "time": "17:46:21",
          "terminate": "false"
        },
        {
          "speaker": "speaker2",
          "personaID": "36056",
          "participantID": "4792",
          "utterance": "3주만에 날씨가 무척 쌀쌀해 졌어요. 잘 지내셨나요?",
          "summary": "나는 날씨가 너무 쌀쌀하다.",
          "date": "2022-11-28",
          "time": "18:01:59",
          "terminate": "false"
        },
        {
          "speaker": "speaker1",
          "personaID": "62781",
          "participantID": "4532",
          "utterance": "네 저는 오늘도 마트 문화 센터에 왔어요. 오늘은 부동산 경매 강의를 들으러 왔어요. 오늘은 뭐하시나요?",
          "summary": "나는 마트 문화 센 테에 부동산 경매 강의를 들으러 왔다",
          "date": "2022-11-28",
          "time": "18:06:05",
          "terminate": "false"
        },
        {
          "speaker": "speaker2",
          "personaID": "36056",
          "participantID": "4792",
          "utterance": "저는 인터넷 으로 요리 강의를 보고 있었어요.",
          "summary": "나는 인터넷으로 요리 강의를 보고 있다.",
          "date": "2022-11-28",
          "time": "18:13:44",
          "terminate": "false"
        },
        {
          "speaker": "speaker1",
          "personaID": "62781",
          "participantID": "4532",
          "utterance": "인터넷으로 요리 강의는 들을만 한가요? 제 아들도 보니까 스마트폰 어플로 요리 강의도 실시간으로 듣고 하긴 하더라고요.",
          "summary": "나는 스마트폰으로 요리 강의를 실시간으로 듣는다",
          "date": "2022-11-28",
          "time": "18:14:56",
          "terminate": "false"
        },
        {
          "speaker": "speaker2",
          "personaID": "36056",
          "participantID": "4792",
          "utterance": "네 보고 따라 만들어 보기가 아주 쉽네요. 요리 강의도 들어 보세요",
          "summary": "나는 인터넷 요리강의가 보고 따라 만들어 보기가 아주 쉽다.",
          "date": "2022-11-28",
          "time": "18:15:56",
          "terminate": "false"
        },
        {
          "speaker": "speaker1",
          "personaID": "62781",
          "participantID": "4532",
          "utterance": "혹시 인터넷으로 어떤 식으로 듣는지 자세히 설명해 주실 수 있나요? 저는 인터넷으로 요리강의를 들어본 적이 없어서요.",
          "summary": "나는 인터넷으로 요리 강의를 들어 본 적이 없다",
          "date": "2022-11-28",
          "time": "18:26:37",
          "terminate": "false"
        },
        {
          "speaker": "speaker2",
          "personaID": "36056",
          "participantID": "4792",
          "utterance": "인터넷 들어 가셔서 관심분야 강의 검색 해 보시면 자세히 나온답니다",
          "summary": "",
          "date": "2022-11-28",
          "time": "18:29:28",
          "terminate": "false"
        },
        {
          "speaker": "speaker1",
          "personaID": "62781",
          "participantID": "4532",
          "utterance": "인터넷 강의도 실시간으로 진행하는건가요? 저는 실시간으로 하는 강의를 원하거든요. 모를 때 질문도 하고 싶어서요.",
          "summary": "나는 실시간으로 하는 강의를 원한다",
          "date": "2022-11-28",
          "time": "18:30:20",
          "terminate": "false"
        },
        {
          "speaker": "speaker2",
          "personaID": "36056",
          "participantID": "4792",
          "utterance": "요리 강의는 실시간이 거의 없는 걸로 알아요",
          "summary": "",
          "date": "2022-11-28",
          "time": "18:31:42",
          "terminate": "false"
        },
        {
          "speaker": "speaker1",
          "personaID": "62781",
          "participantID": "4532",
          "utterance": "그러면 편하게 찾아봐야 겠네요. 오늘 저녁은 요리강의를 들으면서 만들어 봐야겠어요.",
          "summary": "나는 오늘 저녁은 요리 강의를 들으면서 만들어 봐야겠다",
          "date": "2022-11-28",
          "time": "18:35:48",
          "terminate": "false"
        },
        {
          "speaker": "speaker2",
          "personaID": "36056",
          "participantID": "4792",
          "utterance": "시간 날때 요리학원에 다녀 보시는 것도 좋을것같아요",
          "summary": "",
          "date": "2022-11-28",
          "time": "18:52:35",
          "terminate": "false"
        },
        {
          "speaker": "speaker1",
          "personaID": "62781",
          "participantID": "4532",
          "utterance": "네. 오늘은 요리강의를 들어보고 어려우면 내일은 요리학원을 알아볼게요. 벌써 시간이 이렇게나 지났네요.",
          "summary": "나는 요리강의를 들어보고 내일은 요리 학원을 알아보겠다",
          "date": "2022-11-28",
          "time": "19:17:50",
          "terminate": "false"
        },
        {
          "speaker": "speaker2",
          "personaID": "36056",
          "participantID": "4792",
          "utterance": "네 저도 다음에 다시 들어올게요",
          "summary": "나는 다음에 다시 들어오겠다.",
          "date": "2022-11-28",
          "time": "19:30:57",
          "terminate": "false"
        },
        {
          "speaker": "speaker1",
          "personaID": "62781",
          "participantID": "4532",
          "utterance": "네 다음에 뵈요. 나중에 또 연락 주세요.",
          "summary": "",
          "date": "2022-11-28",
          "time": "19:33:00",
          "terminate": "true"
        }
      ],
      "sessionPersonaSummary": {
        "speaker1": [
          "나는 마트 문화 센 테에 부동산 경매 강의를 들으러 왔다",
          "나는 스마트폰으로 요리 강의를 실시간으로 듣는다",
          "나는 인터넷으로 요리 강의를 들어 본 적이 없다",
          "나는 실시간으로 하는 강의를 원한다",
          "나는 오늘 저녁은 요리 강의를 들으면서 만들어 봐야겠다",
          "나는 요리강의를 들어보고 내일은 요리 학원을 알아보겠다"
        ],
        "speaker2": [
          "나는 날씨가 너무 쌀쌀하다.",
          "나는 인터넷으로 요리 강의를 보고 있다.",
          "나는 인터넷 요리강의가 보고 따라 만들어 보기가 아주 쉽다.",
          "나는 다음에 다시 들어오겠다."
        ]
      },
      "prevAggregatedpersonaSummary": {
        "speaker1": [
          "나는 60대 남성이다.",
          "나는 자차로 사무실에 출근하는 사무직원이다.",
          "나는 결혼을 했을 때가 가장 기쁜 순간이었다.",
          "나는 햄스터를 키우는데 짝짓기를 하려 할 때 부끄러운 감정이 든다.",
          "나는 인도에 가보고 싶다.",
          "나는 요가하는 것을 좋아한다.",
          "나는 혈액형이 AB형이다.",
          "나는 다음에 또 연락하겠다.",
          "나는 요즘 tv를 보니 젊은 여성 분들이 축구를 많이 하고 있다.",
          "나는 축구 학원에 안 가봤다",
          "나는 마트 문화센터에서 요가 강의를 듣는다",
          "나는 나이가 들어서 요가 강의를 듣다 보니 그동안 내가 몸에 신경을 너무 안 썼구나 깨달았다",
          "나는 요가가 유연함 속에 힘이 있는 사람이 잘하는 사람이라고 한다",
          "나는 배움에 대한 열정이 있다. 정신이 온전할 때 더 많이 배우고 싶다"
        ],
        "speaker2": [
          "나는 30대 여성이며, 서기관으로 일하고 있다.",
          "나는 주로 버스를 이용했으나, 버스 정류장에 내가 싫어하는 쌀국수 가게가 생겨 지하철을 이용한다.",
          "나는 스포츠 TV를 가끔 보고, 축구를 가끔 하는데, 축구공을 가지고 놀 때 행복하다.",
          "나는 생일이 5월이며, 토끼를 선물 받았는데, 한 마리 더 입양할 거다.",
          "나는 인도 여행을 하고 싶다.",
          "나는 A형이다.",
          "나는 일이 있다.",
          "나는 축구 학원을 다녔다",
          "나는 가끔 축구를 하는데 잘하고 싶어서 학원을 등록했다.",
          "나는 공차기 트레이닝부터 해서 생각보다 재미가 없다",
          "나는 문화센터에서 홈패션 강의를 듣는다.",
          "나는 요가 강의를 들을 때는 몸이 유연했는데 그만두니 뻣뻣하다",
          "나는 인도 여행을 가면 요가 수행을 해보겠다"
        ]
      }
    }
  ]
}