{
  "FileInfo": {
    "filename": "K3-00304-CL02749-CP02030-14-03-S3.json",
    "sessionLevel": "3"
  },
  "participantsInfo": {
    "numberOfParticipants": "2",
    "speaker1": {
      "participantID": "0036",
      "gender": "여성",
      "age": "30대",
      "occupation": "무직",
      "bPlace": "서울/경기/인천",
      "gPlace": "서울/경기/인천",
      "rPlace": "서울/경기/인천",
      "educationLevel": "대졸"
    },
    "speaker2": {
      "participantID": "0124",
      "gender": "남성",
      "age": "30대",
      "occupation": "사무직",
      "bPlace": "부산/대구/울산/경상",
      "gPlace": "부산/대구/울산/경상",
      "rPlace": "부산/대구/울산/경상",
      "educationLevel": "대졸"
    }
  },
  "multisessionInfo": {
    "multisessionID": "3-00304"
  },
  "personaInfo": {
    "clInfo": {
      "personaID": "02749",
      "personaFeatures": [
        "나는 여자이다.",
        "나는 30대이다.",
        "나의 가족은 3명이다.",
        "나는 중학교 국어 교사이다.",
        "나는 자기 표현을 잘한다."
      ],
      "speakerType": "speaker1"
    },
    "cpInfo": {
      "personaID": "02030",
      "personaFeatures": [
        "나는 남자이다.",
        "나는 30대이다.",
        "나는 가족과 갈등 있을 때가 많다.",
        "나는 토끼 두 마리를 키운다.",
        "나는 더운 날씨를 싫어한다."
      ],
      "speakerType": "speaker2"
    }
  },
  "topicInfo": {
    "topicID": "14-03",
    "topicType": "시사/사회>사회이슈(국내)",
    "topicTitle": "사건 및 사고"
  },
  "sessionInfo": [
    {
      "prevSessionID": null,
      "prevTimeInfo": {
        "timeNum": null,
        "timeUnit": null
      },
      "nthSession": "1",
      "numberOfUtterances": "16",
      "numberOfTurns": "8",
      "sessionID": "3-00304-1",
      "dialog": [
        {
          "speaker": "speaker1",
          "personaID": "02749",
          "participantID": "0036",
          "utterance": "반가워요 30대 여자입니다.",
          "summary": "나는 30대 여자이다.",
          "date": "2022-08-09",
          "time": "12:15:12",
          "terminate": "false"
        },
        {
          "speaker": "speaker2",
          "personaID": "02030",
          "participantID": "0124",
          "utterance": "저는 30대 남자입니다.",
          "summary": "나는 30대 남자이다.",
          "date": "2022-08-09",
          "time": "12:15:19",
          "terminate": "false"
        },
        {
          "speaker": "speaker1",
          "personaID": "02749",
          "participantID": "0036",
          "utterance": "요즘 국내에 여성혐오 사고가 많아진것같아요.",
          "summary": "",
          "date": "2022-08-09",
          "time": "12:15:49",
          "terminate": "false"
        },
        {
          "speaker": "speaker2",
          "personaID": "02030",
          "participantID": "0124",
          "utterance": "맞아요. 여성혐오가 만연해서 여자들이 살기힘들어졌죠.",
          "summary": "",
          "date": "2022-08-09",
          "time": "12:16:02",
          "terminate": "false"
        },
        {
          "speaker": "speaker1",
          "personaID": "02749",
          "participantID": "0036",
          "utterance": "저는 외동이라 부모님과 함께 사는데 정말 두려워요.",
          "summary": "나의 가족은 3명이다.",
          "date": "2022-08-09",
          "time": "12:16:12",
          "terminate": "false"
        },
        {
          "speaker": "speaker2",
          "personaID": "02030",
          "participantID": "0124",
          "utterance": "저는 가족과 갈등있을때가 많지만 그래도 안심됩니다.",
          "summary": "나는 가족과 갈등 있을 때가 많다.",
          "date": "2022-08-09",
          "time": "12:16:35",
          "terminate": "false"
        },
        {
          "speaker": "speaker1",
          "personaID": "02749",
          "participantID": "0036",
          "utterance": "그건 기득권층인 남자라 그런게 아닐까요? 여자는 언제나 두려워져요.",
          "summary": "",
          "date": "2022-08-09",
          "time": "12:16:54",
          "terminate": "false"
        },
        {
          "speaker": "speaker2",
          "personaID": "02030",
          "participantID": "0124",
          "utterance": "그런가봐요. 여성이 살기 좋은나라를 만들어야 하는데.",
          "summary": "",
          "date": "2022-08-09",
          "time": "12:17:05",
          "terminate": "false"
        },
        {
          "speaker": "speaker1",
          "personaID": "02749",
          "participantID": "0036",
          "utterance": "게다가 통계 자료를 보면 여성임금이 남자보다 훨씬 낮아요!!",
          "summary": "",
          "date": "2022-08-09",
          "time": "12:17:18",
          "terminate": "false"
        },
        {
          "speaker": "speaker2",
          "personaID": "02030",
          "participantID": "0124",
          "utterance": "맞아요. 직종이나 그런건 신경안쓰고 집게했지만 통계를 믿어야죠.",
          "summary": "",
          "date": "2022-08-09",
          "time": "12:17:36",
          "terminate": "false"
        },
        {
          "speaker": "speaker1",
          "personaID": "02749",
          "participantID": "0036",
          "utterance": "저는 강남역사건을 아직 잊지 못하고 있어요. 기억하시죠?",
          "summary": "",
          "date": "2022-08-09",
          "time": "12:17:57",
          "terminate": "false"
        },
        {
          "speaker": "speaker2",
          "personaID": "02030",
          "participantID": "0124",
          "utterance": "그럼요. 그때 제가 토끼 두마리를 샀는데 아직도 키우고 있습니다.",
          "summary": "나는 토끼 두 마리를 키운다.",
          "date": "2022-08-09",
          "time": "12:18:15",
          "terminate": "false"
        },
        {
          "speaker": "speaker1",
          "personaID": "02749",
          "participantID": "0036",
          "utterance": "사건이 일어난 날 강남역에서 토끼를 사신 건가요?",
          "summary": "",
          "date": "2022-08-09",
          "time": "12:18:29",
          "terminate": "false"
        },
        {
          "speaker": "speaker2",
          "personaID": "02030",
          "participantID": "0124",
          "utterance": "아니요 모란시장에서 샀습니다.",
          "summary": "",
          "date": "2022-08-09",
          "time": "12:18:37",
          "terminate": "false"
        },
        {
          "speaker": "speaker1",
          "personaID": "02749",
          "participantID": "0036",
          "utterance": "그럼 토끼와 강남역이 무슨 상관이란 말이죠?",
          "summary": "",
          "date": "2022-08-09",
          "time": "12:18:57",
          "terminate": "false"
        },
        {
          "speaker": "speaker2",
          "personaID": "02030",
          "participantID": "0124",
          "utterance": "강남역을 잊지 않기위해 각각 '강남'과 '사건'이라는 이름을 붙여주었어요.",
          "summary": "",
          "date": "2022-08-09",
          "time": "12:19:16",
          "terminate": "true"
        }
      ],
      "sessionPersonaSummary": {
        "speaker1": [
          "나는 30대 여자이다.",
          "나의 가족은 3명이다."
        ],
        "speaker2": [
          "나는 30대 남자이다.",
          "나는 가족과 갈등 있을 때가 많다.",
          "나는 토끼 두 마리를 키운다."
        ]
      },
      "prevAggregatedpersonaSummary": {
        "speaker1": [],
        "speaker2": []
      }
    },
    {
      "prevSessionID": "3-00304-1",
      "prevTimeInfo": {
        "timeNum": "1",
        "timeUnit": "일"
      },
      "nthSession": "2",
      "numberOfUtterances": "16",
      "numberOfTurns": "8",
      "sessionID": "3-00304-2",
      "dialog": [
        {
          "speaker": "speaker1",
          "personaID": "02749",
          "participantID": "0036",
          "utterance": "제가 하루동안 고심해봤는데 역시 여성인권이 중요하다고 생각해요.",
          "summary": "",
          "date": "2022-08-09",
          "time": "12:19:33",
          "terminate": "false"
        },
        {
          "speaker": "speaker2",
          "personaID": "02030",
          "participantID": "0124",
          "utterance": "어쩌다 그런 결론을 내리게 된거죠?",
          "summary": "",
          "date": "2022-08-09",
          "time": "12:19:41",
          "terminate": "false"
        },
        {
          "speaker": "speaker1",
          "personaID": "02749",
          "participantID": "0036",
          "utterance": "저는 중학교 국어 교사에요. 언제나 학생들에게 자기표현을 중시하도록 가르쳤죠.",
          "summary": "나는 중학교 국어 교사이다.",
          "date": "2022-08-09",
          "time": "12:20:00",
          "terminate": "false"
        },
        {
          "speaker": "speaker2",
          "personaID": "02030",
          "participantID": "0124",
          "utterance": "말하기 듣기 쓰기에서 듣기 말하기 쓰기로 바뀐게 생각나네요.",
          "summary": "",
          "date": "2022-08-09",
          "time": "12:20:20",
          "terminate": "false"
        },
        {
          "speaker": "speaker1",
          "personaID": "02749",
          "participantID": "0036",
          "utterance": "저도 어릴때 그렇게 배워서 자기 표현을 무척 잘하거든요.",
          "summary": "나는 자기표현을 무척 잘한다.",
          "date": "2022-08-09",
          "time": "12:20:38",
          "terminate": "false"
        },
        {
          "speaker": "speaker2",
          "personaID": "02030",
          "participantID": "0124",
          "utterance": "말을 똑부러지게 하는걸 보니 그런거같습니다.",
          "summary": "",
          "date": "2022-08-09",
          "time": "12:20:56",
          "terminate": "false"
        },
        {
          "speaker": "speaker1",
          "personaID": "02749",
          "participantID": "0036",
          "utterance": "여성들이 이렇게 목소리를 낼 수 있어야 혐오 범죄가 사라질거에요.",
          "summary": "",
          "date": "2022-08-09",
          "time": "12:21:12",
          "terminate": "false"
        },
        {
          "speaker": "speaker2",
          "personaID": "02030",
          "participantID": "0124",
          "utterance": "구체적으로는 어떻게 말씀이시죠?",
          "summary": "",
          "date": "2022-08-09",
          "time": "12:21:18",
          "terminate": "false"
        },
        {
          "speaker": "speaker1",
          "personaID": "02749",
          "participantID": "0036",
          "utterance": "여성들이 모여서 단체 시위를 하고 커뮤니티에서 목소리를 내야 해요.",
          "summary": "",
          "date": "2022-08-09",
          "time": "12:21:31",
          "terminate": "false"
        },
        {
          "speaker": "speaker2",
          "personaID": "02030",
          "participantID": "0124",
          "utterance": "그건 현실적인 방안이네요. 근데 더운 날씨에 시위를요?",
          "summary": "",
          "date": "2022-08-09",
          "time": "12:21:45",
          "terminate": "false"
        },
        {
          "speaker": "speaker1",
          "personaID": "02749",
          "participantID": "0036",
          "utterance": "비가오고 눈이와도 시위는 멈춰선 안되요.",
          "summary": "",
          "date": "2022-08-09",
          "time": "12:22:02",
          "terminate": "false"
        },
        {
          "speaker": "speaker2",
          "personaID": "02030",
          "participantID": "0124",
          "utterance": "으. 나는 더운 날씨가 싫어요, 이런 날에는 시위가 안될거같은데.",
          "summary": "나는 더운 날씨가 싫다.",
          "date": "2022-08-09",
          "time": "12:22:15",
          "terminate": "false"
        },
        {
          "speaker": "speaker1",
          "personaID": "02749",
          "participantID": "0036",
          "utterance": "그게 결속력의 차이에요. 남자들과 다르게 여자들은 생각을 공감할수있어요.",
          "summary": "",
          "date": "2022-08-09",
          "time": "12:22:36",
          "terminate": "false"
        },
        {
          "speaker": "speaker2",
          "personaID": "02030",
          "participantID": "0124",
          "utterance": "덥고 추운것도 공감할수 있단 말인가요?",
          "summary": "",
          "date": "2022-08-09",
          "time": "12:22:45",
          "terminate": "false"
        },
        {
          "speaker": "speaker1",
          "personaID": "02749",
          "participantID": "0036",
          "utterance": "나는 그렇게 생각해요. 오병이어의 기적도 여성들 덕분에 가능했던 거고요.",
          "summary": "",
          "date": "2022-08-09",
          "time": "12:22:58",
          "terminate": "false"
        },
        {
          "speaker": "speaker2",
          "personaID": "02030",
          "participantID": "0124",
          "utterance": "성경까지 그렇게 해석하실줄 몰랐습니다.",
          "summary": "",
          "date": "2022-08-09",
          "time": "12:23:05",
          "terminate": "true"
        }
      ],
      "sessionPersonaSummary": {
        "speaker1": [
          "나는 중학교 국어 교사이다.",
          "나는 자기표현을 무척 잘한다."
        ],
        "speaker2": [
          "나는 더운 날씨가 싫다."
        ]
      },
      "prevAggregatedpersonaSummary": {
        "speaker1": [
          "나는 30대 여자이다.",
          "나의 가족은 3명이다."
        ],
        "speaker2": [
          "나는 30대 남자이다.",
          "나는 가족과 갈등 있을 때가 많다.",
          "나는 토끼 두 마리를 키운다."
        ]
      }
    },
    {
      "prevSessionID": "3-00304-2",
      "prevTimeInfo": {
        "timeNum": "1",
        "timeUnit": "일"
      },
      "nthSession": "3",
      "numberOfUtterances": "16",
      "numberOfTurns": "8",
      "sessionID": "3-00304-3",
      "dialog": [
        {
          "speaker": "speaker1",
          "personaID": "02749",
          "participantID": "0036",
          "utterance": "제가 심사숙고해서 내린 결론을 실행하고자 합니다.",
          "summary": "",
          "date": "2022-08-09",
          "time": "12:23:21",
          "terminate": "false"
        },
        {
          "speaker": "speaker2",
          "personaID": "02030",
          "participantID": "0124",
          "utterance": "어제 말씀하신 그거 말이군요.",
          "summary": "",
          "date": "2022-08-09",
          "time": "12:23:26",
          "terminate": "false"
        },
        {
          "speaker": "speaker1",
          "personaID": "02749",
          "participantID": "0036",
          "utterance": "네 맞아요. 이제는 여자들이 들고 일어날 때에요.",
          "summary": "",
          "date": "2022-08-09",
          "time": "12:23:37",
          "terminate": "false"
        },
        {
          "speaker": "speaker2",
          "personaID": "02030",
          "participantID": "0124",
          "utterance": "무엇을 들고 일어날지 궁금하네요.",
          "summary": "",
          "date": "2022-08-09",
          "time": "12:23:43",
          "terminate": "false"
        },
        {
          "speaker": "speaker1",
          "personaID": "02749",
          "participantID": "0036",
          "utterance": "우리들이 손에 들 건 명품백밖에 없어요. 하지만 그전에 권리를 되찾아야 합니다.",
          "summary": "",
          "date": "2022-08-09",
          "time": "12:24:03",
          "terminate": "false"
        },
        {
          "speaker": "speaker2",
          "personaID": "02030",
          "participantID": "0124",
          "utterance": "각오를 보면 프랑스 혁명이 떠오르는군요.",
          "summary": "",
          "date": "2022-08-09",
          "time": "12:24:15",
          "terminate": "false"
        },
        {
          "speaker": "speaker1",
          "personaID": "02749",
          "participantID": "0036",
          "utterance": "프랑스 혁명때는 여성들을 생각하지 않았죠 그래서 프랑스가 그모양이고요.",
          "summary": "",
          "date": "2022-08-09",
          "time": "12:24:39",
          "terminate": "false"
        },
        {
          "speaker": "speaker2",
          "personaID": "02030",
          "participantID": "0124",
          "utterance": "난민들을 받을 때도 여성 우선으로 받아야 겠군요.",
          "summary": "",
          "date": "2022-08-09",
          "time": "12:24:53",
          "terminate": "false"
        },
        {
          "speaker": "speaker1",
          "personaID": "02749",
          "participantID": "0036",
          "utterance": "당연한걸 물어보세요. 레이디 퍼스트가 먼지 몰라요?",
          "summary": "",
          "date": "2022-08-09",
          "time": "12:25:07",
          "terminate": "false"
        },
        {
          "speaker": "speaker2",
          "personaID": "02030",
          "participantID": "0124",
          "utterance": "지뢰밭 지날때 여자 먼저 보냈다는 이야기인가요?",
          "summary": "",
          "date": "2022-08-09",
          "time": "12:25:17",
          "terminate": "false"
        },
        {
          "speaker": "speaker1",
          "personaID": "02749",
          "participantID": "0036",
          "utterance": "그건 완전 허황된 이야기에요! 그런일은 일어나지도 않았어요!",
          "summary": "",
          "date": "2022-08-09",
          "time": "12:25:32",
          "terminate": "false"
        },
        {
          "speaker": "speaker2",
          "personaID": "02030",
          "participantID": "0124",
          "utterance": "죄송합니다. 그럴줄은 몰랐어요.",
          "summary": "",
          "date": "2022-08-09",
          "time": "12:25:43",
          "terminate": "false"
        },
        {
          "speaker": "speaker1",
          "personaID": "02749",
          "participantID": "0036",
          "utterance": "괜찮아요. 사람은 배우는 법이죠. 여자를 존중하는 법도 말이에요.",
          "summary": "",
          "date": "2022-08-09",
          "time": "12:25:54",
          "terminate": "false"
        },
        {
          "speaker": "speaker2",
          "personaID": "02030",
          "participantID": "0124",
          "utterance": "이번 시위로 사람들이 많이 배울 것 같아요.",
          "summary": "",
          "date": "2022-08-09",
          "time": "12:26:03",
          "terminate": "false"
        },
        {
          "speaker": "speaker1",
          "personaID": "02749",
          "participantID": "0036",
          "utterance": "그럼 저는 함께할 자매분들을 모집해야겠어요.",
          "summary": "",
          "date": "2022-08-09",
          "time": "12:26:15",
          "terminate": "false"
        },
        {
          "speaker": "speaker2",
          "personaID": "02030",
          "participantID": "0124",
          "utterance": "뭐가됐든 열심히 하면 보상 받을겁니다.",
          "summary": "",
          "date": "2022-08-09",
          "time": "12:26:24",
          "terminate": "true"
        }
      ],
      "sessionPersonaSummary": {
        "speaker1": [],
        "speaker2": []
      },
      "prevAggregatedpersonaSummary": {
        "speaker1": [
          "나는 30대 여자이다.",
          "나의 가족은 3명이다.",
          "나는 중학교 국어 교사이다.",
          "나는 자기표현을 무척 잘한다."
        ],
        "speaker2": [
          "나는 30대 남자이다.",
          "나는 가족과 갈등 있을 때가 많다.",
          "나는 토끼 두 마리를 키운다.",
          "나는 더운 날씨가 싫다."
        ]
      }
    }
  ]
}