{
  "FileInfo": {
    "filename": "K3-00330-CL23031-CP33398-10-07-S3.json",
    "sessionLevel": "3"
  },
  "participantsInfo": {
    "numberOfParticipants": "2",
    "speaker1": {
      "participantID": "1023",
      "gender": "남성",
      "age": "20대",
      "occupation": "학생",
      "bPlace": "부산/대구/울산/경상",
      "gPlace": "부산/대구/울산/경상",
      "rPlace": "부산/대구/울산/경상",
      "educationLevel": "대졸"
    },
    "speaker2": {
      "participantID": "1148",
      "gender": "남성",
      "age": "30대",
      "occupation": "서비스직",
      "bPlace": "광주/전라/제주",
      "gPlace": "광주/전라/제주",
      "rPlace": "광주/전라/제주",
      "educationLevel": "대졸"
    }
  },
  "multisessionInfo": {
    "multisessionID": "3-00330"
  },
  "personaInfo": {
    "clInfo": {
      "personaID": "23031",
      "personaFeatures": [
        "나는 남자이다.",
        "나는 20대이다.",
        "나는 동료와 협력한다.",
        "나는 금속공예 만들기에 흥미가 있다.",
        "나는 베이스 연주를 배우고 있다.",
        "나는 일식을 싫어한다."
      ],
      "speakerType": "speaker1"
    },
    "cpInfo": {
      "personaID": "33398",
      "personaFeatures": [
        "나는 남자이다.",
        "나는 30대이다.",
        "나는 분홍색을 좋아한다.",
        "나는 변리사이다.",
        "나는 실외에서 래프팅 하는 것을 싫어한다.",
        "나는 블루베리를 싫어한다."
      ],
      "speakerType": "speaker2"
    }
  },
  "topicInfo": {
    "topicID": "10-07",
    "topicType": "여가와 오락>스포츠/레져",
    "topicTitle": "운동 경기"
  },
  "sessionInfo": [
    {
      "prevSessionID": null,
      "prevTimeInfo": {
        "timeNum": null,
        "timeUnit": null
      },
      "nthSession": "1",
      "numberOfUtterances": "16",
      "numberOfTurns": "8",
      "sessionID": "3-00330-1",
      "dialog": [
        {
          "speaker": "speaker1",
          "personaID": "23031",
          "participantID": "1023",
          "utterance": "반가워요. 20대 남자입니다. 하이루!",
          "summary": "나는 20대 남자이다.",
          "date": "2022-10-28",
          "time": "10:16:02",
          "terminate": "false"
        },
        {
          "speaker": "speaker2",
          "personaID": "33398",
          "participantID": "1148",
          "utterance": "하이루! 말투에서 저같은 30대가 느껴지네요. 저도 남자입니다.",
          "summary": "나는 30대 남자이다.",
          "date": "2022-10-28",
          "time": "10:16:21",
          "terminate": "false"
        },
        {
          "speaker": "speaker1",
          "personaID": "23031",
          "participantID": "1023",
          "utterance": "네 반가워요. 어떤일을 하시는지 궁금하네요!!",
          "summary": "",
          "date": "2022-10-28",
          "time": "10:16:23",
          "terminate": "false"
        },
        {
          "speaker": "speaker2",
          "personaID": "33398",
          "participantID": "1148",
          "utterance": "저는 변리사랍니다. 꽤 괜찮은 업종이죠!",
          "summary": "나는 변리사이다.",
          "date": "2022-10-28",
          "time": "10:16:37",
          "terminate": "false"
        },
        {
          "speaker": "speaker1",
          "personaID": "23031",
          "participantID": "1023",
          "utterance": "저는 금속공예에 관심이 많아 관련 업무를 하고 있어요.",
          "summary": "나는 금속공예 만들기에 흥미가 있다.",
          "date": "2022-10-28",
          "time": "10:16:48",
          "terminate": "false"
        },
        {
          "speaker": "speaker2",
          "personaID": "33398",
          "participantID": "1148",
          "utterance": "금속공예 좋네요! 저는 분홍색을 좋아해서 분홍색 금속공예 좋아요.",
          "summary": "나는 분홍색을 좋아한다.",
          "date": "2022-10-28",
          "time": "10:17:08",
          "terminate": "false"
        },
        {
          "speaker": "speaker1",
          "personaID": "23031",
          "participantID": "1023",
          "utterance": "대신 동료와 협력하는게 생각보다 어려운 작업입니다.",
          "summary": "나는 동료와 협력한다.",
          "date": "2022-10-28",
          "time": "10:17:15",
          "terminate": "false"
        },
        {
          "speaker": "speaker2",
          "personaID": "33398",
          "participantID": "1148",
          "utterance": "그렇군요. 저는 실외에서 리프팅 타는게 싫어요.",
          "summary": "나는 실외에서 래프팅 하는 것을 싫어한다.",
          "date": "2022-10-28",
          "time": "10:17:23",
          "terminate": "false"
        },
        {
          "speaker": "speaker1",
          "personaID": "23031",
          "participantID": "1023",
          "utterance": "그래도 베이스 연주를 하면서 하루하루를 보내고 있어요.",
          "summary": "나는 베이스 연주를 배우고 있다.",
          "date": "2022-10-28",
          "time": "10:17:47",
          "terminate": "false"
        },
        {
          "speaker": "speaker2",
          "personaID": "33398",
          "participantID": "1148",
          "utterance": "베이스 연주라 멋지네요. 저도 악기 배우고싶어요.",
          "summary": "",
          "date": "2022-10-28",
          "time": "10:17:54",
          "terminate": "false"
        },
        {
          "speaker": "speaker1",
          "personaID": "23031",
          "participantID": "1023",
          "utterance": "일식 좋아하시나요? 저는 별로 안좋아합니다.",
          "summary": "나는 일식을 싫어한다.",
          "date": "2022-10-28",
          "time": "10:18:00",
          "terminate": "false"
        },
        {
          "speaker": "speaker2",
          "personaID": "33398",
          "participantID": "1148",
          "utterance": "저는 일식 좋아해요! 블루베리는 싫어하지만요.",
          "summary": "나는 블루베리를 싫어한다.",
          "date": "2022-10-28",
          "time": "10:18:08",
          "terminate": "false"
        },
        {
          "speaker": "speaker1",
          "personaID": "23031",
          "participantID": "1023",
          "utterance": "그러시군요! 대신 중식을 선호하는 편입니다 ㅎㅎ.",
          "summary": "",
          "date": "2022-10-28",
          "time": "10:18:13",
          "terminate": "false"
        },
        {
          "speaker": "speaker2",
          "personaID": "33398",
          "participantID": "1148",
          "utterance": "중식 맛있죠. 짬짜면 먹고싶어지는 하루네요!",
          "summary": "",
          "date": "2022-10-28",
          "time": "10:18:23",
          "terminate": "false"
        },
        {
          "speaker": "speaker1",
          "personaID": "23031",
          "participantID": "1023",
          "utterance": "네 그럼 다음에 또 볼게요. 그동안 잘지내셔야 합니당.",
          "summary": "",
          "date": "2022-10-28",
          "time": "10:18:25",
          "terminate": "false"
        },
        {
          "speaker": "speaker2",
          "personaID": "33398",
          "participantID": "1148",
          "utterance": "네. 좋은하루 보내세요! 덕분에 재밌었답니다.",
          "summary": "",
          "date": "2022-10-28",
          "time": "10:18:33",
          "terminate": "true"
        }
      ],
      "sessionPersonaSummary": {
        "speaker1": [
          "나는 20대 남자이다.",
          "나는 금속공예 만들기에 흥미가 있다.",
          "나는 동료와 협력한다.",
          "나는 베이스 연주를 배우고 있다.",
          "나는 일식을 싫어한다."
        ],
        "speaker2": [
          "나는 30대 남자이다.",
          "나는 변리사이다.",
          "나는 분홍색을 좋아한다.",
          "나는 실외에서 래프팅 하는 것을 싫어한다.",
          "나는 블루베리를 싫어한다."
        ]
      },
      "prevAggregatedpersonaSummary": {
        "speaker1": [],
        "speaker2": []
      }
    },
    {
      "prevSessionID": "3-00330-1",
      "prevTimeInfo": {
        "timeNum": "1",
        "timeUnit": "일"
      },
      "nthSession": "2",
      "numberOfUtterances": "18",
      "numberOfTurns": "9",
      "sessionID": "3-00330-2",
      "dialog": [
        {
          "speaker": "speaker1",
          "personaID": "23031",
          "participantID": "1023",
          "utterance": "하루만이네요. 어제밤을 어떻게 시간을 보내셨나요.",
          "summary": "",
          "date": "2022-10-28",
          "time": "10:18:38",
          "terminate": "false"
        },
        {
          "speaker": "speaker2",
          "personaID": "33398",
          "participantID": "1148",
          "utterance": "변리사 일을 하며 지냈어요! 일이 많다보니까요.",
          "summary": "나는 변리사이다.",
          "date": "2022-10-28",
          "time": "10:18:46",
          "terminate": "false"
        },
        {
          "speaker": "speaker1",
          "personaID": "23031",
          "participantID": "1023",
          "utterance": "그러시구나. 정말 멋진 밤이였을거 같아요.",
          "summary": "",
          "date": "2022-10-28",
          "time": "10:18:49",
          "terminate": "false"
        },
        {
          "speaker": "speaker2",
          "personaID": "33398",
          "participantID": "1148",
          "utterance": "그렇죠. 일에 몰입하는게 좋죠. 좋아하는 수박을 먹으면서요.",
          "summary": "나는 수박을 좋아한다.",
          "date": "2022-10-28",
          "time": "10:19:01",
          "terminate": "false"
        },
        {
          "speaker": "speaker1",
          "personaID": "23031",
          "participantID": "1023",
          "utterance": "요즘 동료와 협동심을 기르기 위해서 운동경기에 나가볼까봐요.",
          "summary": "나는 동료와 협력한다.",
          "date": "2022-10-28",
          "time": "10:19:17",
          "terminate": "false"
        },
        {
          "speaker": "speaker2",
          "personaID": "33398",
          "participantID": "1148",
          "utterance": "운동경기 멋지네요! 블루베리는 싫어하지만 말이에요! 안맞더라구요.",
          "summary": "나는 블루베리를 싫어한다.",
          "date": "2022-10-28",
          "time": "10:19:18",
          "terminate": "false"
        },
        {
          "speaker": "speaker1",
          "personaID": "23031",
          "participantID": "1023",
          "utterance": "네 맞아요. 블루베리는 생각보다 맛이없는 과일이죠.",
          "summary": "",
          "date": "2022-10-28",
          "time": "10:19:36",
          "terminate": "false"
        },
        {
          "speaker": "speaker2",
          "personaID": "33398",
          "participantID": "1148",
          "utterance": "운동 경기에 그런거 먹으면 더 별로일거같아요.",
          "summary": "",
          "date": "2022-10-28",
          "time": "10:19:54",
          "terminate": "false"
        },
        {
          "speaker": "speaker1",
          "personaID": "23031",
          "participantID": "1023",
          "utterance": "그래도 건강에 좋다고 하니까 운동경기전에 먹고 가야겠어요.",
          "summary": "",
          "date": "2022-10-28",
          "time": "10:19:57",
          "terminate": "false"
        },
        {
          "speaker": "speaker2",
          "personaID": "33398",
          "participantID": "1148",
          "utterance": "건강에는 좋죠. 그건 좋은 생각인것같아요.",
          "summary": "",
          "date": "2022-10-28",
          "time": "10:20:09",
          "terminate": "false"
        },
        {
          "speaker": "speaker1",
          "personaID": "23031",
          "participantID": "1023",
          "utterance": "이제 건강을 챙겨야 할 나이이신데 드셔야죠.",
          "summary": "나는 권유한다.",
          "date": "2022-10-28",
          "time": "10:20:15",
          "terminate": "false"
        },
        {
          "speaker": "speaker2",
          "personaID": "33398",
          "participantID": "1148",
          "utterance": "그럴 나이는 아닙니다ㅎㅎ. 아직 30대인데 말이에요.",
          "summary": "나는 30대 남자이다.",
          "date": "2022-10-28",
          "time": "10:20:29",
          "terminate": "false"
        },
        {
          "speaker": "speaker1",
          "personaID": "23031",
          "participantID": "1023",
          "utterance": "그래도 30대면 조심하셔야합니다 ㅎㅎ. 저도 힘든데요.",
          "summary": "나는 힘이 든다.",
          "date": "2022-10-28",
          "time": "10:20:40",
          "terminate": "false"
        },
        {
          "speaker": "speaker2",
          "personaID": "33398",
          "participantID": "1148",
          "utterance": "님은 영원히 20대일거같죠? 금방입니다.",
          "summary": "",
          "date": "2022-10-28",
          "time": "10:20:49",
          "terminate": "false"
        },
        {
          "speaker": "speaker1",
          "personaID": "23031",
          "participantID": "1023",
          "utterance": "네 맞아요. 그러니까 편식하지말고 블루베리 먹자구요!",
          "summary": "나는 동의한다.",
          "date": "2022-10-28",
          "time": "10:21:03",
          "terminate": "false"
        },
        {
          "speaker": "speaker2",
          "personaID": "33398",
          "participantID": "1148",
          "utterance": "알겠습니다. 편식하지 않도록 노력할게요.",
          "summary": "",
          "date": "2022-10-28",
          "time": "10:21:23",
          "terminate": "false"
        },
        {
          "speaker": "speaker1",
          "personaID": "23031",
          "participantID": "1023",
          "utterance": "역시 그렇군요. 오늘 즐거웠어요. 다음에 봐요!",
          "summary": "",
          "date": "2022-10-28",
          "time": "10:21:30",
          "terminate": "false"
        },
        {
          "speaker": "speaker2",
          "personaID": "33398",
          "participantID": "1148",
          "utterance": "네. 다음에 뵙도록 하죠. 즐거웠어요!",
          "summary": "",
          "date": "2022-10-28",
          "time": "10:21:36",
          "terminate": "true"
        }
      ],
      "sessionPersonaSummary": {
        "speaker1": [
          "나는 동료와 협력한다.",
          "나는 권유한다.",
          "나는 힘이 든다.",
          "나는 동의한다."
        ],
        "speaker2": [
          "나는 변리사이다.",
          "나는 수박을 좋아한다.",
          "나는 블루베리를 싫어한다.",
          "나는 30대 남자이다."
        ]
      },
      "prevAggregatedpersonaSummary": {
        "speaker1": [
          "나는 20대 남자이다.",
          "나는 금속공예 만들기에 흥미가 있다.",
          "나는 동료와 협력한다.",
          "나는 베이스 연주를 배우고 있다.",
          "나는 일식을 싫어한다."
        ],
        "speaker2": [
          "나는 30대 남자이다.",
          "나는 변리사이다.",
          "나는 분홍색을 좋아한다.",
          "나는 실외에서 래프팅 하는 것을 싫어한다.",
          "나는 블루베리를 싫어한다."
        ]
      }
    },
    {
      "prevSessionID": "3-00330-2",
      "prevTimeInfo": {
        "timeNum": "2",
        "timeUnit": "일"
      },
      "nthSession": "3",
      "numberOfUtterances": "20",
      "numberOfTurns": "10",
      "sessionID": "3-00330-3",
      "dialog": [
        {
          "speaker": "speaker1",
          "personaID": "23031",
          "participantID": "1023",
          "utterance": "2일만에 보네요. 지난 밤은 따뜻하게 잘보내셨나요?",
          "summary": "",
          "date": "2022-10-28",
          "time": "10:21:38",
          "terminate": "false"
        },
        {
          "speaker": "speaker2",
          "personaID": "33398",
          "participantID": "1148",
          "utterance": "네! 저는 좋아하는 분홍색 잠바를 사서 말이에요!",
          "summary": "나는 분홍색을 좋아한다.",
          "date": "2022-10-28",
          "time": "10:21:48",
          "terminate": "false"
        },
        {
          "speaker": "speaker1",
          "personaID": "23031",
          "participantID": "1023",
          "utterance": "네! 멋집니다. 저도 분홍색 잠바를 너무 좋아합니다.",
          "summary": "",
          "date": "2022-10-28",
          "time": "10:22:02",
          "terminate": "false"
        },
        {
          "speaker": "speaker2",
          "personaID": "33398",
          "participantID": "1148",
          "utterance": "하지만 실외 래프팅용인데 실외 래프팅은 싫어요.",
          "summary": "나는 실외에서 래프팅 하는 것을 싫어한다.",
          "date": "2022-10-28",
          "time": "10:22:20",
          "terminate": "false"
        },
        {
          "speaker": "speaker1",
          "personaID": "23031",
          "participantID": "1023",
          "utterance": "분홍색 잠바를 입고 운동경기에 나가면 더 성적이 좋을같아요.",
          "summary": "",
          "date": "2022-10-28",
          "time": "10:22:22",
          "terminate": "false"
        },
        {
          "speaker": "speaker2",
          "personaID": "33398",
          "participantID": "1148",
          "utterance": "맞아요. 운동경기에 탁월하죠. 눈에도 잘 띄구요!",
          "summary": "",
          "date": "2022-10-28",
          "time": "10:22:39",
          "terminate": "false"
        },
        {
          "speaker": "speaker1",
          "personaID": "23031",
          "participantID": "1023",
          "utterance": "네 맞아요. 동료와의 협력도 잘 될거같습니다.",
          "summary": "나는 동료와 협력한다.",
          "date": "2022-10-28",
          "time": "10:22:50",
          "terminate": "false"
        },
        {
          "speaker": "speaker2",
          "personaID": "33398",
          "participantID": "1148",
          "utterance": "단체로 분홍색 입은 운동경기 팀이 있다면 응원할래요.",
          "summary": "",
          "date": "2022-10-28",
          "time": "10:23:02",
          "terminate": "false"
        },
        {
          "speaker": "speaker1",
          "personaID": "23031",
          "participantID": "1023",
          "utterance": "변리사님도 동료와 협력할 기회가 많이 없죠?",
          "summary": "",
          "date": "2022-10-28",
          "time": "10:23:10",
          "terminate": "false"
        },
        {
          "speaker": "speaker2",
          "personaID": "33398",
          "participantID": "1148",
          "utterance": "저는 아무래도 사무소 직원들이랑 그렇게 하네요.",
          "summary": "나는 기회가 있다.",
          "date": "2022-10-28",
          "time": "10:23:29",
          "terminate": "false"
        },
        {
          "speaker": "speaker1",
          "personaID": "23031",
          "participantID": "1023",
          "utterance": "금속 공예 일을 하다보면 동료와의 협력은 긴밀해지더라구요.",
          "summary": "나는 금속공예 만들기에 흥미가 있다.",
          "date": "2022-10-28",
          "time": "10:23:33",
          "terminate": "false"
        },
        {
          "speaker": "speaker2",
          "personaID": "33398",
          "participantID": "1148",
          "utterance": "금속공예 좋다고 생각해요. 협력으로 짱일거같아요.",
          "summary": "",
          "date": "2022-10-28",
          "time": "10:23:57",
          "terminate": "false"
        },
        {
          "speaker": "speaker1",
          "personaID": "23031",
          "participantID": "1023",
          "utterance": "맞아요. 내일 동료랑 축구경기가 있는데 너무 기대가 되네요!",
          "summary": "나는 기대한다.",
          "date": "2022-10-28",
          "time": "10:23:59",
          "terminate": "false"
        },
        {
          "speaker": "speaker2",
          "personaID": "33398",
          "participantID": "1148",
          "utterance": "운동경기로 여러가지 구기종목 하고싶네요. 전 농구 좋아해요.",
          "summary": "나는 농구를 좋아한다.",
          "date": "2022-10-28",
          "time": "10:24:13",
          "terminate": "false"
        },
        {
          "speaker": "speaker1",
          "personaID": "23031",
          "participantID": "1023",
          "utterance": "축구경기가 끝나면 회식도 해야겠어요. 일식은 피해서요!",
          "summary": "나는 일식을 싫어한다.",
          "date": "2022-10-28",
          "time": "10:24:21",
          "terminate": "false"
        },
        {
          "speaker": "speaker2",
          "personaID": "33398",
          "participantID": "1148",
          "utterance": "일식을 여전히 안좋아하시는군요. 회를 못먹으면 싫어할만하죠.",
          "summary": "",
          "date": "2022-10-28",
          "time": "10:24:38",
          "terminate": "false"
        },
        {
          "speaker": "speaker1",
          "personaID": "23031",
          "participantID": "1023",
          "utterance": "집에 가면 베이스 연주도 배우고 자야겠어요! 부지런하게요!",
          "summary": "나는 베이스 연주를 배우고 있다.",
          "date": "2022-10-28",
          "time": "10:24:40",
          "terminate": "false"
        },
        {
          "speaker": "speaker2",
          "personaID": "33398",
          "participantID": "1148",
          "utterance": "와. 너무 부지런한걸요? 운동경기에 베이스라니 대단해요.",
          "summary": "나는 대단하다고 생각한다.",
          "date": "2022-10-28",
          "time": "10:24:50",
          "terminate": "false"
        },
        {
          "speaker": "speaker1",
          "personaID": "23031",
          "participantID": "1023",
          "utterance": "오늘 즐거웠습니다. 좋은 하루 마무리하시고 다음에 봐요!",
          "summary": "",
          "date": "2022-10-28",
          "time": "10:24:59",
          "terminate": "false"
        },
        {
          "speaker": "speaker2",
          "personaID": "33398",
          "participantID": "1148",
          "utterance": "네. 덕분에 즐거운 하루였습니다. 다음에도 또 연락해요!",
          "summary": "",
          "date": "2022-10-28",
          "time": "10:25:07",
          "terminate": "true"
        }
      ],
      "sessionPersonaSummary": {
        "speaker1": [
          "나는 동료와 협력한다.",
          "나는 금속공예 만들기에 흥미가 있다.",
          "나는 기대한다.",
          "나는 일식을 싫어한다.",
          "나는 베이스 연주를 배우고 있다."
        ],
        "speaker2": [
          "나는 분홍색을 좋아한다.",
          "나는 실외에서 래프팅 하는 것을 싫어한다.",
          "나는 기회가 있다.",
          "나는 농구를 좋아한다.",
          "나는 대단하다고 생각한다."
        ]
      },
      "prevAggregatedpersonaSummary": {
        "speaker1": [
          "나는 20대 남자이다.",
          "나는 금속공예 만들기에 흥미가 있다.",
          "나는 동료와 협력한다.",
          "나는 베이스 연주를 배우고 있다.",
          "나는 일식을 싫어한다.",
          "나는 동료와 협력한다.",
          "나는 권유한다.",
          "나는 힘이 든다.",
          "나는 동의한다."
        ],
        "speaker2": [
          "나는 30대 남자이다.",
          "나는 변리사이다.",
          "나는 분홍색을 좋아한다.",
          "나는 실외에서 래프팅 하는 것을 싫어한다.",
          "나는 블루베리를 싫어한다.",
          "나는 변리사이다.",
          "나는 수박을 좋아한다.",
          "나는 블루베리를 싫어한다.",
          "나는 30대 남자이다."
        ]
      }
    }
  ]
}