{
  "FileInfo": {
    "filename": "K3-00607-CL20510-CP22152-15-03-S3.json",
    "sessionLevel": "3"
  },
  "participantsInfo": {
    "numberOfParticipants": "2",
    "speaker1": {
      "participantID": "0760",
      "gender": "남성",
      "age": "20대",
      "occupation": "무직",
      "bPlace": "광주/전라/제주",
      "gPlace": "광주/전라/제주",
      "rPlace": "광주/전라/제주",
      "educationLevel": "고졸"
    },
    "speaker2": {
      "participantID": "0642",
      "gender": "여성",
      "age": "20대",
      "occupation": "학생",
      "bPlace": "서울/경기/인천",
      "gPlace": "서울/경기/인천",
      "rPlace": "서울/경기/인천",
      "educationLevel": "고졸"
    }
  },
  "multisessionInfo": {
    "multisessionID": "3-00607"
  },
  "personaInfo": {
    "clInfo": {
      "personaID": "20510",
      "personaFeatures": [
        "나는 남자이다.",
        "나는 20대이다.",
        "나는 매우 소극적이다.",
        "나는 중국어에 관심이 없다.",
        "나는 복숭아를 즐겨 먹는다."
      ],
      "speakerType": "speaker1"
    },
    "cpInfo": {
      "personaID": "22152",
      "personaFeatures": [
        "나는 여자이다.",
        "나는 20대이다.",
        "나의 거주지는 서울이다.",
        "나는 미용사이다.",
        "나는 비올라 연주를 배우고 싶다."
      ],
      "speakerType": "speaker2"
    }
  },
  "topicInfo": {
    "topicID": "15-03",
    "topicType": "시사/사회>타국가이슈(해외)",
    "topicTitle": "바이러스"
  },
  "sessionInfo": [
    {
      "prevSessionID": null,
      "prevTimeInfo": {
        "timeNum": null,
        "timeUnit": null
      },
      "nthSession": "1",
      "numberOfUtterances": "16",
      "numberOfTurns": "8",
      "sessionID": "3-00607-1",
      "dialog": [
        {
          "speaker": "speaker1",
          "personaID": "20510",
          "participantID": "0760",
          "utterance": "안녕하십니까? 저는 20대 남자입니다.",
          "summary": "나는 20대 남자이다.",
          "date": "2022-10-11",
          "time": "10:50:15",
          "terminate": "false"
        },
        {
          "speaker": "speaker2",
          "personaID": "22152",
          "participantID": "0642",
          "utterance": "네 안녕하세요~ 저는 20대 여자이고 미용사예요.",
          "summary": "나는 20대 여자이다. 나는 미용사이다.",
          "date": "2022-10-11",
          "time": "10:50:26",
          "terminate": "false"
        },
        {
          "speaker": "speaker1",
          "personaID": "20510",
          "participantID": "0760",
          "utterance": "아 제가 매우 소극적이라서, 말할때 조금 서투를수 있습니다.",
          "summary": "나는 매우 소극적이다.",
          "date": "2022-10-11",
          "time": "10:50:41",
          "terminate": "false"
        },
        {
          "speaker": "speaker2",
          "personaID": "22152",
          "participantID": "0642",
          "utterance": "네 괜찮아요~ 저도 그렇게 말을 잘 하진 않아서 편하게 하세요.",
          "summary": "",
          "date": "2022-10-11",
          "time": "10:50:53",
          "terminate": "false"
        },
        {
          "speaker": "speaker1",
          "personaID": "20510",
          "participantID": "0760",
          "utterance": "감사합니다. 미용사 일은 좀 할만하신가요?",
          "summary": "",
          "date": "2022-10-11",
          "time": "10:51:14",
          "terminate": "false"
        },
        {
          "speaker": "speaker2",
          "personaID": "22152",
          "participantID": "0642",
          "utterance": "처음에는 체력적으로 힘들었는데요. 하다보니 적응이 되더라고요.",
          "summary": "",
          "date": "2022-10-11",
          "time": "10:51:26",
          "terminate": "false"
        },
        {
          "speaker": "speaker1",
          "personaID": "20510",
          "participantID": "0760",
          "utterance": "그렇군요. 저는 그런 몸쓰는 일은 잘 못해서..",
          "summary": "",
          "date": "2022-10-11",
          "time": "10:51:51",
          "terminate": "false"
        },
        {
          "speaker": "speaker2",
          "personaID": "22152",
          "participantID": "0642",
          "utterance": "그럴 수 있죠. 체력이 약하시면요.",
          "summary": "",
          "date": "2022-10-11",
          "time": "10:52:01",
          "terminate": "false"
        },
        {
          "speaker": "speaker1",
          "personaID": "20510",
          "participantID": "0760",
          "utterance": "네.. 저는 지금 무역회사에서 일하고 있어요.",
          "summary": "나는 무역회사에서 일한다.",
          "date": "2022-10-11",
          "time": "10:52:16",
          "terminate": "false"
        },
        {
          "speaker": "speaker2",
          "personaID": "22152",
          "participantID": "0642",
          "utterance": "아 그러시군요? 그럼 그냥 컴퓨터 앞에서 일하시는 건가요?",
          "summary": "",
          "date": "2022-10-11",
          "time": "10:52:42",
          "terminate": "false"
        },
        {
          "speaker": "speaker1",
          "personaID": "20510",
          "participantID": "0760",
          "utterance": "네 맞아요. 그래서 조금 부담스럽습니다. 요즘 압박이 들어오거든요.",
          "summary": "",
          "date": "2022-10-11",
          "time": "10:52:54",
          "terminate": "false"
        },
        {
          "speaker": "speaker2",
          "personaID": "22152",
          "participantID": "0642",
          "utterance": "그래요? 어떤 압박이 들어오나요?",
          "summary": "",
          "date": "2022-10-11",
          "time": "10:53:01",
          "terminate": "false"
        },
        {
          "speaker": "speaker1",
          "personaID": "20510",
          "participantID": "0760",
          "utterance": "중국어를 배우라는 압박이 들어옵니다. 관심 없는데요..",
          "summary": "나는 중국어에 관심이 없다.",
          "date": "2022-10-11",
          "time": "10:53:06",
          "terminate": "false"
        },
        {
          "speaker": "speaker2",
          "personaID": "22152",
          "participantID": "0642",
          "utterance": "아.. 저런.. 그래도 방법이 없지 않나요?",
          "summary": "",
          "date": "2022-10-11",
          "time": "10:53:16",
          "terminate": "false"
        },
        {
          "speaker": "speaker1",
          "personaID": "20510",
          "participantID": "0760",
          "utterance": "그렇죠.. 그만 둘수 없으니까요. 그럼 저는 이만 가보도록 하겠습니다.",
          "summary": "",
          "date": "2022-10-11",
          "time": "10:53:26",
          "terminate": "false"
        },
        {
          "speaker": "speaker2",
          "personaID": "22152",
          "participantID": "0642",
          "utterance": "네 그럼 저도 이만 손님이 오셔서 가볼게요.",
          "summary": "",
          "date": "2022-10-11",
          "time": "10:53:32",
          "terminate": "true"
        }
      ],
      "sessionPersonaSummary": {
        "speaker1": [
          "나는 20대 남자이다.",
          "나는 매우 소극적이다.",
          "나는 무역회사에서 일한다.",
          "나는 중국어에 관심이 없다."
        ],
        "speaker2": [
          "나는 20대 여자이다. 나는 미용사이다."
        ]
      },
      "prevAggregatedpersonaSummary": {
        "speaker1": [],
        "speaker2": []
      }
    },
    {
      "prevSessionID": "3-00607-1",
      "prevTimeInfo": {
        "timeNum": "2",
        "timeUnit": "주"
      },
      "nthSession": "2",
      "numberOfUtterances": "14",
      "numberOfTurns": "7",
      "sessionID": "3-00607-2",
      "dialog": [
        {
          "speaker": "speaker1",
          "personaID": "20510",
          "participantID": "0760",
          "utterance": "2주만입니다. 안녕하십니까? 미용사님.",
          "summary": "",
          "date": "2022-10-11",
          "time": "10:53:37",
          "terminate": "false"
        },
        {
          "speaker": "speaker2",
          "personaID": "22152",
          "participantID": "0642",
          "utterance": "아 안녕하세요. 무역회사 다니시는 분. 그 중국어는 어떻게 되셨어요?",
          "summary": "",
          "date": "2022-10-11",
          "time": "10:53:47",
          "terminate": "false"
        },
        {
          "speaker": "speaker1",
          "personaID": "20510",
          "participantID": "0760",
          "utterance": "다 올스탑입니다. 지금 회사가 큰일 났거든요.",
          "summary": "",
          "date": "2022-10-11",
          "time": "10:53:56",
          "terminate": "false"
        },
        {
          "speaker": "speaker2",
          "personaID": "22152",
          "participantID": "0642",
          "utterance": "정말요? 왜요? 무슨 일이 있나요??",
          "summary": "",
          "date": "2022-10-11",
          "time": "10:54:11",
          "terminate": "false"
        },
        {
          "speaker": "speaker1",
          "personaID": "20510",
          "participantID": "0760",
          "utterance": "지금 거래처에 있던 해외직원분이 바이러스인 원숭이두창에 걸렸다고 하더라고요.",
          "summary": "",
          "date": "2022-10-11",
          "time": "10:54:25",
          "terminate": "false"
        },
        {
          "speaker": "speaker2",
          "personaID": "22152",
          "participantID": "0642",
          "utterance": "아 정말요..? 우리나라는 다행히도 많이 안 퍼졌는데 해외는 바이러스가 심각한가 봐요..",
          "summary": "",
          "date": "2022-10-11",
          "time": "10:54:46",
          "terminate": "false"
        },
        {
          "speaker": "speaker1",
          "personaID": "20510",
          "participantID": "0760",
          "utterance": "막 그쪽도 코로나급은 아닌것 같은데, 그래도 걸리는 사람이 있긴 한가봐요.",
          "summary": "",
          "date": "2022-10-11",
          "time": "10:55:01",
          "terminate": "false"
        },
        {
          "speaker": "speaker2",
          "personaID": "22152",
          "participantID": "0642",
          "utterance": "그렇군요.. 에고 제가 사는 서울에서도 확진자 한 명 나왔던거 같은데..",
          "summary": "나는 서울에 거주한다.",
          "date": "2022-10-11",
          "time": "10:55:16",
          "terminate": "false"
        },
        {
          "speaker": "speaker1",
          "personaID": "20510",
          "participantID": "0760",
          "utterance": "맞아요. 먼 바이러스가 이렇게 성황을 하는지..",
          "summary": "",
          "date": "2022-10-11",
          "time": "10:55:30",
          "terminate": "false"
        },
        {
          "speaker": "speaker2",
          "personaID": "22152",
          "participantID": "0642",
          "utterance": "그러니까요.. 이게 단지 시작일까봐 좀 무섭기도 해요..",
          "summary": "",
          "date": "2022-10-11",
          "time": "10:55:43",
          "terminate": "false"
        },
        {
          "speaker": "speaker1",
          "personaID": "20510",
          "participantID": "0760",
          "utterance": "그러니까요. 당분간 좀 회사가 바빠지겠네요.",
          "summary": "",
          "date": "2022-10-11",
          "time": "10:56:03",
          "terminate": "false"
        },
        {
          "speaker": "speaker2",
          "personaID": "22152",
          "participantID": "0642",
          "utterance": "고생하십니다. 그 바이러스는 전파력이 강하지 않기를 빌어야겠네요.",
          "summary": "",
          "date": "2022-10-11",
          "time": "10:56:20",
          "terminate": "false"
        },
        {
          "speaker": "speaker1",
          "personaID": "20510",
          "participantID": "0760",
          "utterance": "그럼 저는 이만 가보도록 할게요. 업무가 많아서 가봐야할것 같습니다.",
          "summary": "",
          "date": "2022-10-11",
          "time": "10:56:25",
          "terminate": "false"
        },
        {
          "speaker": "speaker2",
          "personaID": "22152",
          "participantID": "0642",
          "utterance": "네 그럼 저도 이만 학원을 좀 알아보러 가려고요. 수고하세요.",
          "summary": "",
          "date": "2022-10-11",
          "time": "10:56:32",
          "terminate": "true"
        }
      ],
      "sessionPersonaSummary": {
        "speaker1": [],
        "speaker2": [
          "나는 서울에 거주한다."
        ]
      },
      "prevAggregatedpersonaSummary": {
        "speaker1": [
          "나는 20대 남자이다.",
          "나는 매우 소극적이다.",
          "나는 무역회사에서 일한다.",
          "나는 중국어에 관심이 없다."
        ],
        "speaker2": [
          "나는 20대 여자이다. 나는 미용사이다."
        ]
      }
    },
    {
      "prevSessionID": "3-00607-2",
      "prevTimeInfo": {
        "timeNum": "3",
        "timeUnit": "주"
      },
      "nthSession": "3",
      "numberOfUtterances": "18",
      "numberOfTurns": "9",
      "sessionID": "3-00607-3",
      "dialog": [
        {
          "speaker": "speaker1",
          "personaID": "20510",
          "participantID": "0760",
          "utterance": "3주 지나서 연락드립니다. 잘 지내셨습니까?",
          "summary": "",
          "date": "2022-10-11",
          "time": "10:56:42",
          "terminate": "false"
        },
        {
          "speaker": "speaker2",
          "personaID": "22152",
          "participantID": "0642",
          "utterance": "아 네 안녕하세요. 저는 비올라 연주를 배우고 싶어서 학원 알아보고 지냈어요.",
          "summary": "나는 비올라 연주를 배우고 싶다.",
          "date": "2022-10-11",
          "time": "10:56:55",
          "terminate": "false"
        },
        {
          "speaker": "speaker1",
          "personaID": "20510",
          "participantID": "0760",
          "utterance": "아 저번에 학원 알아본다는게 그거였군요.",
          "summary": "",
          "date": "2022-10-11",
          "time": "10:57:04",
          "terminate": "false"
        },
        {
          "speaker": "speaker2",
          "personaID": "22152",
          "participantID": "0642",
          "utterance": "네 맞아요. 요즘 관심이 생기기는 했는데, 통 시간이 나질 않네요.",
          "summary": "",
          "date": "2022-10-11",
          "time": "10:57:18",
          "terminate": "false"
        },
        {
          "speaker": "speaker1",
          "personaID": "20510",
          "participantID": "0760",
          "utterance": "확실히 미용사 분이시면 늦게 퇴근하시잖아요.",
          "summary": "",
          "date": "2022-10-11",
          "time": "10:57:30",
          "terminate": "false"
        },
        {
          "speaker": "speaker2",
          "personaID": "22152",
          "participantID": "0642",
          "utterance": "맞아요.. 그래서 웬만한 곳은 다 문을 닫더라고요.",
          "summary": "",
          "date": "2022-10-11",
          "time": "10:57:38",
          "terminate": "false"
        },
        {
          "speaker": "speaker1",
          "personaID": "20510",
          "participantID": "0760",
          "utterance": "확실히 그렇겠네요. 저도 뭐 배우려고 하면 다 그렇더라고요.",
          "summary": "",
          "date": "2022-10-11",
          "time": "10:58:30",
          "terminate": "false"
        },
        {
          "speaker": "speaker2",
          "personaID": "22152",
          "participantID": "0642",
          "utterance": "그렇군요. 님도 뭐 배우고 싶은게 있으세요?",
          "summary": "",
          "date": "2022-10-11",
          "time": "10:58:38",
          "terminate": "false"
        },
        {
          "speaker": "speaker1",
          "personaID": "20510",
          "participantID": "0760",
          "utterance": "저는 최근에는 과일이 키워보고 싶더라고요.",
          "summary": "",
          "date": "2022-10-11",
          "time": "10:58:57",
          "terminate": "false"
        },
        {
          "speaker": "speaker2",
          "personaID": "22152",
          "participantID": "0642",
          "utterance": "아 과일을 키우신다고요? 직접요??",
          "summary": "",
          "date": "2022-10-11",
          "time": "10:59:22",
          "terminate": "false"
        },
        {
          "speaker": "speaker1",
          "personaID": "20510",
          "participantID": "0760",
          "utterance": "네. 제가 복숭아를 즐겨 먹는데, 복숭아 키워보고 싶다는 생각도 들어서요.",
          "summary": "나는 복숭아를 즐겨 먹는다.",
          "date": "2022-10-11",
          "time": "10:59:30",
          "terminate": "false"
        },
        {
          "speaker": "speaker2",
          "personaID": "22152",
          "participantID": "0642",
          "utterance": "오우 그럼 나무를 키우시는건데 쉽지 않겠는걸요?",
          "summary": "",
          "date": "2022-10-11",
          "time": "11:00:00",
          "terminate": "false"
        },
        {
          "speaker": "speaker1",
          "personaID": "20510",
          "participantID": "0760",
          "utterance": "맞아요. 그래서 좀 전문적으로 배워보고 싶은데 찾기가 쉽지 않네요.",
          "summary": "",
          "date": "2022-10-11",
          "time": "11:00:15",
          "terminate": "false"
        },
        {
          "speaker": "speaker2",
          "personaID": "22152",
          "participantID": "0642",
          "utterance": "그렇군요. 아마 그런 자격증은 있을텐데 그래도 회사다니시면서 배우긴 좀 어렵겠어요.",
          "summary": "",
          "date": "2022-10-11",
          "time": "11:00:34",
          "terminate": "false"
        },
        {
          "speaker": "speaker1",
          "personaID": "20510",
          "participantID": "0760",
          "utterance": "맞습니다. 아 슬슬 저 일하러 갈 시간이네요.",
          "summary": "",
          "date": "2022-10-11",
          "time": "11:00:50",
          "terminate": "false"
        },
        {
          "speaker": "speaker2",
          "personaID": "22152",
          "participantID": "0642",
          "utterance": "네 그러시군요. 저희도 영업 시작시간이네요!",
          "summary": "",
          "date": "2022-10-11",
          "time": "11:01:13",
          "terminate": "false"
        },
        {
          "speaker": "speaker1",
          "personaID": "20510",
          "participantID": "0760",
          "utterance": "그럼 담에 또 이야기 나눠요. 오늘 취미 이야기 정말 즐거웠습니다.",
          "summary": "",
          "date": "2022-10-11",
          "time": "11:01:15",
          "terminate": "false"
        },
        {
          "speaker": "speaker2",
          "personaID": "22152",
          "participantID": "0642",
          "utterance": "넵 다음에 또 연락주세요~ 수고하시고요!",
          "summary": "",
          "date": "2022-10-11",
          "time": "11:01:23",
          "terminate": "true"
        }
      ],
      "sessionPersonaSummary": {
        "speaker1": [
          "나는 복숭아를 즐겨 먹는다."
        ],
        "speaker2": [
          "나는 비올라 연주를 배우고 싶다."
        ]
      },
      "prevAggregatedpersonaSummary": {
        "speaker1": [
          "나는 20대 남자이다.",
          "나는 매우 소극적이다.",
          "나는 무역회사에서 일한다.",
          "나는 중국어에 관심이 없다."
        ],
        "speaker2": [
          "나는 20대 여자이다. 나는 미용사이다.",
          "나는 서울에 거주한다."
        ]
      }
    }
  ]
}