{
  "FileInfo": {
    "filename": "K3-00600-CL04341-CP05130-06-02-S3.json",
    "sessionLevel": "3"
  },
  "participantsInfo": {
    "numberOfParticipants": "2",
    "speaker1": {
      "participantID": "0048",
      "gender": "남성",
      "age": "50대",
      "occupation": "서비스직",
      "bPlace": "부산/대구/울산/경상",
      "gPlace": "부산/대구/울산/경상",
      "rPlace": "부산/대구/울산/경상",
      "educationLevel": "고졸"
    },
    "speaker2": {
      "participantID": "0051",
      "gender": "여성",
      "age": "50대",
      "occupation": "주부",
      "bPlace": "부산/대구/울산/경상",
      "gPlace": "부산/대구/울산/경상",
      "rPlace": "부산/대구/울산/경상",
      "educationLevel": "고졸"
    }
  },
  "multisessionInfo": {
    "multisessionID": "3-00600"
  },
  "personaInfo": {
    "clInfo": {
      "personaID": "04341",
      "personaFeatures": [
        "나는 남자이다.",
        "나는 50대이다.",
        "나는 종교가 없다.",
        "나는 역사/문화 여행을 좋아한다.",
        "나는 노란색을 싫어한다."
      ],
      "speakerType": "speaker1"
    },
    "cpInfo": {
      "personaID": "05130",
      "personaFeatures": [
        "나는 여자이다.",
        "나는 50대이다.",
        "나의 여자 형제는 변호사이다.",
        "나는 응급 구조 사이다.",
        "나는 요즘, 자주 느긋해진다."
      ],
      "speakerType": "speaker2"
    }
  },
  "topicInfo": {
    "topicID": "06-02",
    "topicType": "교육",
    "topicTitle": "교수님"
  },
  "sessionInfo": [
    {
      "prevSessionID": null,
      "prevTimeInfo": {
        "timeNum": null,
        "timeUnit": null
      },
      "nthSession": "1",
      "numberOfUtterances": "16",
      "numberOfTurns": "8",
      "sessionID": "3-00600-1",
      "dialog": [
        {
          "speaker": "speaker1",
          "personaID": "04341",
          "participantID": "0048",
          "utterance": "반갑습니다! 나는 50대 남자입니다!!",
          "summary": "나는 50대 남자이다.",
          "date": "2022-08-08",
          "time": "10:43:52",
          "terminate": "false"
        },
        {
          "speaker": "speaker2",
          "personaID": "05130",
          "participantID": "0051",
          "utterance": "저도 반가워요! 저는 50대 여자에요!!!",
          "summary": "나는 50대 여자이다.",
          "date": "2022-08-08",
          "time": "10:43:55",
          "terminate": "false"
        },
        {
          "speaker": "speaker1",
          "personaID": "04341",
          "participantID": "0048",
          "utterance": "갑자기 저 대학생때 저 가르치셨던 교수님이 생각 나네요..",
          "summary": "나는 대학생 때 날 가르쳐준 교수님이 생각난다.",
          "date": "2022-08-08",
          "time": "10:44:16",
          "terminate": "false"
        },
        {
          "speaker": "speaker2",
          "personaID": "05130",
          "participantID": "0051",
          "utterance": "갑자기요..? 대학생때면 와..30년전기억인데..",
          "summary": "",
          "date": "2022-08-08",
          "time": "10:44:18",
          "terminate": "false"
        },
        {
          "speaker": "speaker1",
          "personaID": "04341",
          "participantID": "0048",
          "utterance": "네.. 정말 약간 뭐랄까요 사랑으로 가르쳐 주셨던 분이라..",
          "summary": "",
          "date": "2022-08-08",
          "time": "10:44:29",
          "terminate": "false"
        },
        {
          "speaker": "speaker2",
          "personaID": "05130",
          "participantID": "0051",
          "utterance": "아 그렇구나.. 정말 좋으신분이였나부네요.. 무슨과였어요?",
          "summary": "",
          "date": "2022-08-08",
          "time": "10:44:34",
          "terminate": "false"
        },
        {
          "speaker": "speaker1",
          "personaID": "04341",
          "participantID": "0048",
          "utterance": "저는 사학과였어요.. 역사에 관심이 많고. 그쪽으로 선생님이 되고싶어가지고.",
          "summary": "나는 사회과였다.",
          "date": "2022-08-08",
          "time": "10:44:53",
          "terminate": "false"
        },
        {
          "speaker": "speaker2",
          "personaID": "05130",
          "participantID": "0051",
          "utterance": "아 그러셨구나..! 정말 그럼 생각이 날수도있겠네요!",
          "summary": "",
          "date": "2022-08-08",
          "time": "10:44:57",
          "terminate": "false"
        },
        {
          "speaker": "speaker1",
          "personaID": "04341",
          "participantID": "0048",
          "utterance": "네 뭐하고 계셨어요? 주말인데 !!",
          "summary": "",
          "date": "2022-08-08",
          "time": "10:45:15",
          "terminate": "false"
        },
        {
          "speaker": "speaker2",
          "personaID": "05130",
          "participantID": "0051",
          "utterance": "저는 일하고있어요! 출동 나갔다가 잠시 쉬는중입니다.",
          "summary": "나는 오늘 일을 한다.",
          "date": "2022-08-08",
          "time": "10:45:23",
          "terminate": "false"
        },
        {
          "speaker": "speaker1",
          "personaID": "04341",
          "participantID": "0048",
          "utterance": "출동이요? 무슨 소방관이나 경찰 쪽에서 일하시나봐요~",
          "summary": "",
          "date": "2022-08-08",
          "time": "10:45:32",
          "terminate": "false"
        },
        {
          "speaker": "speaker2",
          "personaID": "05130",
          "participantID": "0051",
          "utterance": "아니요! 저는 응급 구조사입니다! 뭐 비슷하긴 하죠 사실.",
          "summary": "나는 응급 구조 사이다.",
          "date": "2022-08-08",
          "time": "10:45:34",
          "terminate": "false"
        },
        {
          "speaker": "speaker1",
          "personaID": "04341",
          "participantID": "0048",
          "utterance": "대단한일 하시네요 !! 멋지십니다. 항상 감사드려요~",
          "summary": "",
          "date": "2022-08-08",
          "time": "10:45:52",
          "terminate": "false"
        },
        {
          "speaker": "speaker2",
          "personaID": "05130",
          "participantID": "0051",
          "utterance": "그렇게 말씀해주시니 감사하네요!ㅎㅎ.",
          "summary": "",
          "date": "2022-08-08",
          "time": "10:46:08",
          "terminate": "false"
        },
        {
          "speaker": "speaker1",
          "personaID": "04341",
          "participantID": "0048",
          "utterance": "저는 오늘 너무 피곤해서 일찍 자볼께요 !! 또 연락 드릴께요 ~",
          "summary": "나는 피곤해서 일찍 잔다.",
          "date": "2022-08-08",
          "time": "10:46:19",
          "terminate": "false"
        },
        {
          "speaker": "speaker2",
          "personaID": "05130",
          "participantID": "0051",
          "utterance": "네 알겠습니다~ 그럼 나중에 또 연락해요!",
          "summary": "",
          "date": "2022-08-08",
          "time": "10:46:20",
          "terminate": "true"
        }
      ],
      "sessionPersonaSummary": {
        "speaker1": [
          "나는 50대 남자이다.",
          "나는 대학생 때 날 가르쳐준 교수님이 생각난다.",
          "나는 사회과였다.",
          "나는 피곤해서 일찍 잔다."
        ],
        "speaker2": [
          "나는 50대 여자이다.",
          "나는 오늘 일을 한다.",
          "나는 응급 구조 사이다."
        ]
      },
      "prevAggregatedpersonaSummary": {
        "speaker1": [],
        "speaker2": []
      }
    },
    {
      "prevSessionID": "3-00600-1",
      "prevTimeInfo": {
        "timeNum": "1",
        "timeUnit": "일"
      },
      "nthSession": "2",
      "numberOfUtterances": "16",
      "numberOfTurns": "8",
      "sessionID": "3-00600-2",
      "dialog": [
        {
          "speaker": "speaker1",
          "personaID": "04341",
          "participantID": "0048",
          "utterance": "좋은아침 !!! 안녕히 주무셨어요? 날씨 너무좋네요 !!",
          "summary": "",
          "date": "2022-08-08",
          "time": "10:46:31",
          "terminate": "false"
        },
        {
          "speaker": "speaker2",
          "personaID": "05130",
          "participantID": "0051",
          "utterance": "그러게요 오늘 진짜 너무 덥지도않고 딱 좋네요.",
          "summary": "",
          "date": "2022-08-08",
          "time": "10:46:36",
          "terminate": "false"
        },
        {
          "speaker": "speaker1",
          "personaID": "04341",
          "participantID": "0048",
          "utterance": "오늘도 일하러 가시나요?ㅎㅎ.",
          "summary": "",
          "date": "2022-08-08",
          "time": "10:46:50",
          "terminate": "false"
        },
        {
          "speaker": "speaker2",
          "personaID": "05130",
          "participantID": "0051",
          "utterance": "아니요 오늘 쉽니다! ㅎㅎ 하루는 저도 쉬어야죠.",
          "summary": "",
          "date": "2022-08-08",
          "time": "10:46:52",
          "terminate": "false"
        },
        {
          "speaker": "speaker1",
          "personaID": "04341",
          "participantID": "0048",
          "utterance": "따로 계획 있으세요? 그래도 일요일은 쉬어서 다행이네요 !!",
          "summary": "",
          "date": "2022-08-08",
          "time": "10:47:03",
          "terminate": "false"
        },
        {
          "speaker": "speaker2",
          "personaID": "05130",
          "participantID": "0051",
          "utterance": "네 ㅎㅎ 저는 그냥 집에있을거에요~ 요즘 자주 느긋해지거든요 집에있으면.",
          "summary": "나는 요즘, 자주 느긋해진다.",
          "date": "2022-08-08",
          "time": "10:47:14",
          "terminate": "false"
        },
        {
          "speaker": "speaker1",
          "personaID": "04341",
          "participantID": "0048",
          "utterance": "그런 상태 부러운걸요~ 저는 여행 계획 중이에요 !!",
          "summary": "나는 여행 계획 중이다.",
          "date": "2022-08-08",
          "time": "10:47:29",
          "terminate": "false"
        },
        {
          "speaker": "speaker2",
          "personaID": "05130",
          "participantID": "0051",
          "utterance": "오 여행가기 딱 좋은 시즌이죠! 어디로가시게요?",
          "summary": "",
          "date": "2022-08-08",
          "time": "10:47:39",
          "terminate": "false"
        },
        {
          "speaker": "speaker1",
          "personaID": "04341",
          "participantID": "0048",
          "utterance": "경주로 가려구요~ 또 역사적으로 볼꺼리도 많으니까요 ㅎㅎ!!",
          "summary": "나는 역사/문화 여행을 좋아한다.",
          "date": "2022-08-08",
          "time": "10:47:53",
          "terminate": "false"
        },
        {
          "speaker": "speaker2",
          "personaID": "05130",
          "participantID": "0051",
          "utterance": "오 경주 만큼 좋은 역사 여행지는 또 없죠! 좋으시겠어요.",
          "summary": "",
          "date": "2022-08-08",
          "time": "10:48:03",
          "terminate": "false"
        },
        {
          "speaker": "speaker1",
          "personaID": "04341",
          "participantID": "0048",
          "utterance": "뭐 따로 하시는건 없으세요 오늘??",
          "summary": "",
          "date": "2022-08-08",
          "time": "10:48:09",
          "terminate": "false"
        },
        {
          "speaker": "speaker2",
          "personaID": "05130",
          "participantID": "0051",
          "utterance": "저는 말 그대도 그냥 집콕합니다! 집. 콕.~",
          "summary": "",
          "date": "2022-08-08",
          "time": "10:48:13",
          "terminate": "false"
        },
        {
          "speaker": "speaker1",
          "personaID": "04341",
          "participantID": "0048",
          "utterance": "그러시구나 ㅎㅎ.. 저도 뭐 여행 계획 하고 쉬는거죠.. 딱히 종교도 없으니까 일요일도 여유러워요.",
          "summary": "나는 종교가 없다.",
          "date": "2022-08-08",
          "time": "10:48:25",
          "terminate": "false"
        },
        {
          "speaker": "speaker2",
          "personaID": "05130",
          "participantID": "0051",
          "utterance": "저도 그래요 저도 종교가 없어서ㅋㅋ.",
          "summary": "나는 종교가 없다.",
          "date": "2022-08-08",
          "time": "10:48:31",
          "terminate": "false"
        },
        {
          "speaker": "speaker1",
          "personaID": "04341",
          "participantID": "0048",
          "utterance": "그러면 푹 쉬세요~ 나중에 연락 드릴께요~",
          "summary": "",
          "date": "2022-08-08",
          "time": "10:48:38",
          "terminate": "false"
        },
        {
          "speaker": "speaker2",
          "personaID": "05130",
          "participantID": "0051",
          "utterance": "알겠습니다! 나중에 또 연락합시다!",
          "summary": "",
          "date": "2022-08-08",
          "time": "10:48:40",
          "terminate": "true"
        }
      ],
      "sessionPersonaSummary": {
        "speaker1": [
          "나는 여행 계획 중이다.",
          "나는 역사/문화 여행을 좋아한다.",
          "나는 종교가 없다."
        ],
        "speaker2": [
          "나는 요즘, 자주 느긋해진다.",
          "나는 종교가 없다."
        ]
      },
      "prevAggregatedpersonaSummary": {
        "speaker1": [
          "나는 50대 남자이다.",
          "나는 대학생 때 날 가르쳐준 교수님이 생각난다.",
          "나는 사회과였다.",
          "나는 피곤해서 일찍 잔다."
        ],
        "speaker2": [
          "나는 50대 여자이다.",
          "나는 오늘 일을 한다.",
          "나는 응급 구조 사이다."
        ]
      }
    },
    {
      "prevSessionID": "3-00600-2",
      "prevTimeInfo": {
        "timeNum": "5",
        "timeUnit": "시간"
      },
      "nthSession": "3",
      "numberOfUtterances": "16",
      "numberOfTurns": "8",
      "sessionID": "3-00600-3",
      "dialog": [
        {
          "speaker": "speaker1",
          "personaID": "04341",
          "participantID": "0048",
          "utterance": "하이~ 점심은 먹었어요? ㅎㅎ 저는 먹었어요 !!",
          "summary": "나는 점심을 먹었다.",
          "date": "2022-08-08",
          "time": "10:48:50",
          "terminate": "false"
        },
        {
          "speaker": "speaker2",
          "personaID": "05130",
          "participantID": "0051",
          "utterance": "네! 저도 점심먹었습니다! 배불러요~",
          "summary": "나는 점심을 먹어서 배부르다.",
          "date": "2022-08-08",
          "time": "10:48:51",
          "terminate": "false"
        },
        {
          "speaker": "speaker1",
          "personaID": "04341",
          "participantID": "0048",
          "utterance": "뭐드셨어요? 저는 그냥 집에 있는거 대충 먹었답니다.",
          "summary": "",
          "date": "2022-08-08",
          "time": "10:48:57",
          "terminate": "false"
        },
        {
          "speaker": "speaker2",
          "personaID": "05130",
          "participantID": "0051",
          "utterance": "저도 그냥 대충 먹었어요ㅋㅋ 정말 간단히 대충 ㅋㅋ.",
          "summary": "",
          "date": "2022-08-08",
          "time": "10:49:12",
          "terminate": "false"
        },
        {
          "speaker": "speaker1",
          "personaID": "04341",
          "participantID": "0048",
          "utterance": "둘다 뭐 그냥 평범한 주말을 보내고있네요 !! 뭐하고 계셨어요?",
          "summary": "",
          "date": "2022-08-08",
          "time": "10:49:20",
          "terminate": "false"
        },
        {
          "speaker": "speaker2",
          "personaID": "05130",
          "participantID": "0051",
          "utterance": "언니랑 통화했어요ㅋㅋ 엄청 길게 해서 힘드네요.",
          "summary": "나는 언니랑 길게 통화했다.",
          "date": "2022-08-08",
          "time": "10:49:33",
          "terminate": "false"
        },
        {
          "speaker": "speaker1",
          "personaID": "04341",
          "participantID": "0048",
          "utterance": "얼마나 길게 하셨는데요? ㅎㅎ 언니분이 계시는구나..",
          "summary": "",
          "date": "2022-08-08",
          "time": "10:49:46",
          "terminate": "false"
        },
        {
          "speaker": "speaker2",
          "personaID": "05130",
          "participantID": "0051",
          "utterance": "언니가 변호사라 너무 바빠서 대화를 주로 일요일에 몰아서 해요 ㅎㅎ.. 5시간정도 했어요.",
          "summary": "나의 여자 형제는 변호사이다.",
          "date": "2022-08-08",
          "time": "10:50:02",
          "terminate": "false"
        },
        {
          "speaker": "speaker1",
          "personaID": "04341",
          "participantID": "0048",
          "utterance": "이야~ 길게도 하셨네요 ㅋㅋ 별의별 이야기 다했겠는데요?",
          "summary": "",
          "date": "2022-08-08",
          "time": "10:50:13",
          "terminate": "false"
        },
        {
          "speaker": "speaker2",
          "personaID": "05130",
          "participantID": "0051",
          "utterance": "아 이제 조카 태어 나는데.. 여자인거 같은데 뭐 신발은 무슨색으로 하나~ 이런이야기 ㅋㅋ.",
          "summary": "",
          "date": "2022-08-08",
          "time": "10:50:25",
          "terminate": "false"
        },
        {
          "speaker": "speaker1",
          "personaID": "04341",
          "participantID": "0048",
          "utterance": "그랬구나 ㅎㅎ.. 그런 시덥잖은 걸로 길게 대화 나누는게 형제죠 뭐 ㅎㅎ.",
          "summary": "",
          "date": "2022-08-08",
          "time": "10:50:38",
          "terminate": "false"
        },
        {
          "speaker": "speaker2",
          "personaID": "05130",
          "participantID": "0051",
          "utterance": "그럼 님도 저희 조카 신발 색 추천해주시죠!",
          "summary": "",
          "date": "2022-08-08",
          "time": "10:50:40",
          "terminate": "false"
        },
        {
          "speaker": "speaker1",
          "personaID": "04341",
          "participantID": "0048",
          "utterance": "저는뭐~ 남자인지 여자인지 모르겠지만.. 노란색만 아니면 되겠는데요 ㅋㅋ 워낙 싫어해서..",
          "summary": "나는 노란색을 싫어한다.",
          "date": "2022-08-08",
          "time": "10:51:02",
          "terminate": "false"
        },
        {
          "speaker": "speaker2",
          "personaID": "05130",
          "participantID": "0051",
          "utterance": "저는 그쪽 취향 물어본게 아니였는데... 어린애한테 어울릴걸 물어봤는데 허허.",
          "summary": "",
          "date": "2022-08-08",
          "time": "10:51:04",
          "terminate": "false"
        },
        {
          "speaker": "speaker1",
          "personaID": "04341",
          "participantID": "0048",
          "utterance": "그런가요 ㅋㅋ 여튼! 저는 노란색 말고 생각 없음 !!! 저 배가 아파서 화장실좀 갔다가 연락드릴께요 ~",
          "summary": "",
          "date": "2022-08-08",
          "time": "10:51:21",
          "terminate": "false"
        },
        {
          "speaker": "speaker2",
          "personaID": "05130",
          "participantID": "0051",
          "utterance": "알겠습니다! 나중에 또 연락합시다! 바이바이.",
          "summary": "",
          "date": "2022-08-08",
          "time": "10:51:23",
          "terminate": "true"
        }
      ],
      "sessionPersonaSummary": {
        "speaker1": [
          "나는 점심을 먹었다.",
          "나는 노란색을 싫어한다."
        ],
        "speaker2": [
          "나는 점심을 먹어서 배부르다.",
          "나는 언니랑 길게 통화했다.",
          "나의 여자 형제는 변호사이다."
        ]
      },
      "prevAggregatedpersonaSummary": {
        "speaker1": [
          "나는 50대 남자이다.",
          "나는 대학생 때 날 가르쳐준 교수님이 생각난다.",
          "나는 사회과였다.",
          "나는 피곤해서 일찍 잔다.",
          "나는 여행 계획 중이다.",
          "나는 역사/문화 여행을 좋아한다.",
          "나는 종교가 없다."
        ],
        "speaker2": [
          "나는 50대 여자이다.",
          "나는 오늘 일을 한다.",
          "나는 응급 구조 사이다.",
          "나는 요즘, 자주 느긋해진다.",
          "나는 종교가 없다."
        ]
      }
    }
  ]
}