{
  "FileInfo": {
    "filename": "K3-00140-CL40537-CP34383-12-04-S3.json",
    "sessionLevel": "3"
  },
  "participantsInfo": {
    "numberOfParticipants": "2",
    "speaker1": {
      "participantID": "3584",
      "gender": "남성",
      "age": "40대",
      "occupation": "전문직",
      "bPlace": "서울/경기/인천",
      "gPlace": "서울/경기/인천",
      "rPlace": "서울/경기/인천",
      "educationLevel": "대졸"
    },
    "speaker2": {
      "participantID": "3979",
      "gender": "여성",
      "age": "40대",
      "occupation": "주부",
      "bPlace": "서울/경기/인천",
      "gPlace": "서울/경기/인천",
      "rPlace": "서울/경기/인천",
      "educationLevel": "대졸"
    }
  },
  "multisessionInfo": {
    "multisessionID": "3-00140"
  },
  "personaInfo": {
    "clInfo": {
      "personaID": "40537",
      "personaFeatures": [
        "나는 남자이다.",
        "나는 40대이다.",
        "나는 치과의사이다",
        "나는 설거지하는 것을 싫어한다",
        "나는 PC 게임을 자주 한다"
      ],
      "speakerType": "speaker1"
    },
    "cpInfo": {
      "personaID": "34383",
      "personaFeatures": [
        "나는 여자이다.",
        "나는 30대이다.",
        "나는 군사학과를 전공했다",
        "나는 한 달에 한번은 꼭 국내여행을 간다",
        "나는 혈액형이 AB형이다"
      ],
      "speakerType": "speaker2"
    }
  },
  "topicInfo": {
    "topicID": "12-04",
    "topicType": "여가와 오락>여행",
    "topicTitle": "여행 팁"
  },
  "sessionInfo": [
    {
      "prevSessionID": null,
      "prevTimeInfo": {
        "timeNum": null,
        "timeUnit": null
      },
      "nthSession": "1",
      "numberOfUtterances": "14",
      "numberOfTurns": "7",
      "sessionID": "3-00140-1",
      "dialog": [
        {
          "speaker": "speaker1",
          "personaID": "40537",
          "participantID": "3584",
          "utterance": "안녕하세요 저는 40대 남성입니다.",
          "summary": "나는 40대 남성이다. \n",
          "date": "2022-11-04",
          "time": "14:35:23",
          "terminate": "false"
        },
        {
          "speaker": "speaker2",
          "personaID": "34383",
          "participantID": "3979",
          "utterance": "안녕하세요. 저는 30대 여성입니다.",
          "summary": "나는 30대 여성이다.",
          "date": "2022-11-04",
          "time": "14:35:48",
          "terminate": "false"
        },
        {
          "speaker": "speaker1",
          "personaID": "40537",
          "participantID": "3584",
          "utterance": "제가 하는 일은 치과의사입니다.",
          "summary": "나는 치과의 사이다.",
          "date": "2022-11-04",
          "time": "14:36:38",
          "terminate": "false"
        },
        {
          "speaker": "speaker2",
          "personaID": "34383",
          "participantID": "3979",
          "utterance": "치과의사 멋지시네요. 전 군사학과를 전공했는데 직업은 전공과 상관없이 여행사에 취업했어요. 여행은 좋아하시나요?",
          "summary": "나는 군사학과를 전공했다.\n나는 여행사에 취업했다.",
          "date": "2022-11-04",
          "time": "14:41:32",
          "terminate": "false"
        },
        {
          "speaker": "speaker1",
          "personaID": "40537",
          "participantID": "3584",
          "utterance": "여행도 좋은 취미 같네요! 저는 PC 게임을 자주 합니다",
          "summary": "나는 PC 게임을 자주 한다.",
          "date": "2022-11-04",
          "time": "14:46:57",
          "terminate": "false"
        },
        {
          "speaker": "speaker2",
          "personaID": "34383",
          "participantID": "3979",
          "utterance": "저는 직업상 한 달에 한번은 꼭 국내여행을 가요. PC게임도 취미로 좋네요.",
          "summary": "나는 한 달에 한 번은 꼭 국내여행을 간다.",
          "date": "2022-11-04",
          "time": "14:47:50",
          "terminate": "false"
        },
        {
          "speaker": "speaker1",
          "personaID": "40537",
          "participantID": "3584",
          "utterance": "여행 멋지네요! 매번 그렇지만 무언가 먹고 나서 저는 설거지하는 것을 싫어하네요.",
          "summary": "나는 설거지하는 것을 싫어한다.",
          "date": "2022-11-04",
          "time": "14:51:25",
          "terminate": "false"
        },
        {
          "speaker": "speaker2",
          "personaID": "34383",
          "participantID": "3979",
          "utterance": "혈액형이 B형이신가요?저희 남편이 B형인데 먹고 나면 꼭 설겆이를 안하고 그냥 놔두더라구요. 전 깔끔한 성격의 혈액형이 AB형이라 그런 모습을 보면 화가 나요.",
          "summary": "나는 혈액형이 AB형이다. 나의 남편은 혈액형이 b형이다. \n나의 남편은 설거지를 안한다. \n",
          "date": "2022-11-04",
          "time": "14:58:10",
          "terminate": "false"
        },
        {
          "speaker": "speaker1",
          "personaID": "40537",
          "participantID": "3584",
          "utterance": "아 그러시구나. 그 혈액형은 아니지만 그럴수도 있겠네요.",
          "summary": "",
          "date": "2022-11-04",
          "time": "15:03:04",
          "terminate": "false"
        },
        {
          "speaker": "speaker2",
          "personaID": "34383",
          "participantID": "3979",
          "utterance": "무슨 음식 좋아하세요? 전 스테이크랑 파스타를 좋아해요.",
          "summary": "나는 스테이크랑 파스타를 좋아한다.",
          "date": "2022-11-04",
          "time": "15:04:40",
          "terminate": "false"
        },
        {
          "speaker": "speaker1",
          "personaID": "40537",
          "participantID": "3584",
          "utterance": "딱히 가리지 않는 것 같아요.",
          "summary": "나는 음식을 가리지 않는다.",
          "date": "2022-11-04",
          "time": "15:06:34",
          "terminate": "false"
        },
        {
          "speaker": "speaker2",
          "personaID": "34383",
          "participantID": "3979",
          "utterance": "맛집 찾아다니며 여행하는것이 취미인데 우리나라 맛집이 참 많은거 같아요.",
          "summary": "나는 여행하는 것이 취미이다.",
          "date": "2022-11-04",
          "time": "15:08:34",
          "terminate": "false"
        },
        {
          "speaker": "speaker1",
          "personaID": "40537",
          "participantID": "3584",
          "utterance": "좋은 취미를 가지셨네요. 우리나라 맛집이 많죠!",
          "summary": "",
          "date": "2022-11-04",
          "time": "15:14:00",
          "terminate": "false"
        },
        {
          "speaker": "speaker2",
          "personaID": "34383",
          "participantID": "3979",
          "utterance": "요즘 같이 날씨 좋을때 맛집 투어 해보시면 좋을것같아요.",
          "summary": "",
          "date": "2022-11-04",
          "time": "15:18:12",
          "terminate": "true"
        }
      ],
      "sessionPersonaSummary": {
        "speaker1": [
          "나는 40대 남성이다. \n",
          "나는 치과의 사이다.",
          "나는 PC 게임을 자주 한다.",
          "나는 설거지하는 것을 싫어한다.",
          "나는 음식을 가리지 않는다."
        ],
        "speaker2": [
          "나는 30대 여성이다.",
          "나는 군사학과를 전공했다.\n나는 여행사에 취업했다.",
          "나는 한 달에 한 번은 꼭 국내여행을 간다.",
          "나는 혈액형이 AB형이다. 나의 남편은 혈액형이 b형이다. \n나의 남편은 설거지를 안한다. \n",
          "나는 스테이크랑 파스타를 좋아한다.",
          "나는 여행하는 것이 취미이다."
        ]
      },
      "prevAggregatedpersonaSummary": {
        "speaker1": [],
        "speaker2": []
      }
    },
    {
      "prevSessionID": "3-00140-1",
      "prevTimeInfo": {
        "timeNum": "29",
        "timeUnit": "시간"
      },
      "nthSession": "2",
      "numberOfUtterances": "14",
      "numberOfTurns": "7",
      "sessionID": "3-00140-2",
      "dialog": [
        {
          "speaker": "speaker1",
          "personaID": "40537",
          "participantID": "3584",
          "utterance": "어우 며칠 좀 바빴네요. 오랜만이에요 29시간만에연락드리네요 ㅎ",
          "summary": "",
          "date": "2022-11-04",
          "time": "15:27:11",
          "terminate": "false"
        },
        {
          "speaker": "speaker2",
          "personaID": "34383",
          "participantID": "3979",
          "utterance": "반가워요. 잘 지냈죠?ㅎㅎ 치과의사면 바쁠만도 하죠 ~ 저는 요즘 가족 여행을 가려고 준비중이예요.",
          "summary": "나는 가족여행을 준비 중이다",
          "date": "2022-11-04",
          "time": "19:07:27",
          "terminate": "false"
        },
        {
          "speaker": "speaker1",
          "personaID": "40537",
          "participantID": "3584",
          "utterance": "아 국내 여행 자주 다니신다고 하셨죠? 가족 여행지는 이번에 어디로 계획중이신가요?",
          "summary": "",
          "date": "2022-11-05",
          "time": "14:29:01",
          "terminate": "false"
        },
        {
          "speaker": "speaker2",
          "personaID": "34383",
          "participantID": "3979",
          "utterance": "이번에는 제주도 여행을 하려고 해요. 곧 시어머니 칠순이시거든요.",
          "summary": "나는 제주도 여행을 하려고 한다.\n나의 시어머니는 곧 칠순이시다.",
          "date": "2022-11-06",
          "time": "05:50:30",
          "terminate": "false"
        },
        {
          "speaker": "speaker1",
          "personaID": "40537",
          "participantID": "3584",
          "utterance": "제주도 좋은 생각 같아요! 저는 여행을 많이 다니지 않아서 제주도는 한 번 다녀온 게 전부네요.",
          "summary": "나는 여행을 많이 다니지 않는다. 나는 제주도는 한 번 다녀왔다.",
          "date": "2022-11-06",
          "time": "10:26:44",
          "terminate": "false"
        },
        {
          "speaker": "speaker2",
          "personaID": "34383",
          "participantID": "3979",
          "utterance": "그렇군요. 저는 제주도를 많이 갔었는데 에메랄드 우도 바다 색깔을 잊지못해요. 여행 팁이라고 하면 제주도 가기 전에 미리 관광지 선택하여 입장권을 미리사면 경비를 절감할 수 있어요.",
          "summary": "나는 제주도를 많이 갔다. 나는 제주도에 가기 전에 입장권을 미리 사서 경비를 절감했다.",
          "date": "2022-11-06",
          "time": "13:22:11",
          "terminate": "false"
        },
        {
          "speaker": "speaker1",
          "personaID": "40537",
          "participantID": "3584",
          "utterance": "아하! 예약하면 경비가 절감되는 군요! 스테이크랑 파스타를 좋아하신다고 하셨는데 제주도 스테이크 맛집 추천 좀 해주세요",
          "summary": "",
          "date": "2022-11-08",
          "time": "14:44:13",
          "terminate": "false"
        },
        {
          "speaker": "speaker2",
          "personaID": "34383",
          "participantID": "3979",
          "utterance": "제주도에서는 스테이크보다 오분자,갈치,성게미역국 맛집이 유명해요.",
          "summary": "",
          "date": "2022-11-08",
          "time": "20:26:23",
          "terminate": "false"
        },
        {
          "speaker": "speaker1",
          "personaID": "40537",
          "participantID": "3584",
          "utterance": "해산물이 유명하군요! 숙소는 어디로 하셨나요?",
          "summary": "",
          "date": "2022-11-08",
          "time": "22:26:13",
          "terminate": "false"
        },
        {
          "speaker": "speaker2",
          "personaID": "34383",
          "participantID": "3979",
          "utterance": "저는 숙소는 바다가 바로 앞에 있는 @브랜드명@콘도로 했어요.",
          "summary": "",
          "date": "2022-11-08",
          "time": "22:27:31",
          "terminate": "false"
        },
        {
          "speaker": "speaker1",
          "personaID": "40537",
          "participantID": "3584",
          "utterance": "바다가 바로 앞이라니 전망이 근사할 것 같아요. 전에 갔을때 호텔에서 묵었는데. 제주도는 숙소도 참 다양하더라구요. 숙소 잡는데도 팁이 있나요?",
          "summary": " 나는 호텔에서 묵었다.",
          "date": "2022-11-08",
          "time": "22:30:45",
          "terminate": "false"
        },
        {
          "speaker": "speaker2",
          "personaID": "34383",
          "participantID": "3979",
          "utterance": "글쎄요. 전 여행 팁이라면 몇 달 전부터 계획해서 핫 딜이 있나 검색해요.",
          "summary": "나는 여행 알 몇 달 전부터 계획해서 핫딜을 검색한다.",
          "date": "2022-11-08",
          "time": "22:35:05",
          "terminate": "false"
        },
        {
          "speaker": "speaker1",
          "personaID": "40537",
          "participantID": "3584",
          "utterance": "아 그렇군요. 전 호텔에만 머물러서인지 게스트하우스나 펜션 쪽도 한번 가보고 싶더라구요. 저도 제주도 여행 한번 알아봐야겠어요.",
          "summary": "나는 게스트하우스나 펜션 쪽도 한번 가보고 싶다.",
          "date": "2022-11-08",
          "time": "22:39:54",
          "terminate": "false"
        },
        {
          "speaker": "speaker2",
          "personaID": "34383",
          "participantID": "3979",
          "utterance": "네. 잘 알아보시고 저한테 궁금한거 물어보세요. 전 잠시 아이가 불러서 다녀올께요.",
          "summary": "",
          "date": "2022-11-08",
          "time": "22:41:02",
          "terminate": "true"
        }
      ],
      "sessionPersonaSummary": {
        "speaker1": [
          "나는 여행을 많이 다니지 않는다. 나는 제주도는 한 번 다녀왔다.",
          "나는 호텔에서 묵었다.",
          "나는 게스트하우스나 펜션 쪽도 한번 가보고 싶다."
        ],
        "speaker2": [
          "나는 가족여행을 준비 중이다",
          "나는 제주도 여행을 하려고 한다.\n나의 시어머니는 곧 칠순이시다.",
          "나는 제주도를 많이 갔다.",
          "나는 제주도에 가기 전에 입장권을 미리 사서 경비를 절감했다.",
          "나는 여행 알 몇 달 전부터 계획해서 핫딜을 검색한다."
        ]
      },
      "prevAggregatedpersonaSummary": {
        "speaker1": [
          "나는 40대 남성이다. \n",
          "나는 치과의 사이다.",
          "나는 PC 게임을 자주 한다.",
          "나는 설거지하는 것을 싫어한다.",
          "나는 음식을 가리지 않는다."
        ],
        "speaker2": [
          "나는 30대 여성이다.",
          "나는 군사학과를 전공했다.\n나는 여행사에 취업했다.",
          "나는 한 달에 한 번은 꼭 국내여행을 간다.",
          "나는 혈액형이 AB형이다. 나의 남편은 혈액형이 b형이다. \n나의 남편은 설거지를 안한다. \n",
          "나는 스테이크랑 파스타를 좋아한다.",
          "나는 여행하는 것이 취미이다."
        ]
      }
    },
    {
      "prevSessionID": "3-00140-2",
      "prevTimeInfo": {
        "timeNum": "37",
        "timeUnit": "시간"
      },
      "nthSession": "3",
      "numberOfUtterances": "14",
      "numberOfTurns": "7",
      "sessionID": "3-00140-3",
      "dialog": [
        {
          "speaker": "speaker1",
          "personaID": "40537",
          "participantID": "3584",
          "utterance": "37시간지났네요 ㅎ그제는 잘 들어가셨어요? 저도 찾아보고 제주도 비행기 예약을 해뒀네요",
          "summary": "나는 제주도 비행기 예약을 했다..",
          "date": "2022-11-09",
          "time": "10:15:29",
          "terminate": "false"
        },
        {
          "speaker": "speaker2",
          "personaID": "34383",
          "participantID": "3979",
          "utterance": "와. 잘하셨네요. 요즘 제주도 여행하기 날씨가 좋을것 같아요.",
          "summary": "",
          "date": "2022-11-09",
          "time": "10:16:12",
          "terminate": "false"
        },
        {
          "speaker": "speaker1",
          "personaID": "40537",
          "participantID": "3584",
          "utterance": "조언으로 바로는 아니고 한달 뒤로 예약해뒀어요. 마침 소셜에서 반값 할인 행사를 하더군요.",
          "summary": "나는 소셜에서 반값 할인 행사를 하는 걸로 예약했다.",
          "date": "2022-11-09",
          "time": "10:21:34",
          "terminate": "false"
        },
        {
          "speaker": "speaker2",
          "personaID": "34383",
          "participantID": "3979",
          "utterance": "제가 여행 팁을 알려드렸는데 바로 적용하셨군요. 잘하셨어요.",
          "summary": "",
          "date": "2022-11-09",
          "time": "14:07:07",
          "terminate": "false"
        },
        {
          "speaker": "speaker1",
          "personaID": "40537",
          "participantID": "3584",
          "utterance": "네 저를 위한 맞춤 조언이였네요. 감사해요. 슬슬 숙소를 찾고 있는데 이번에는 게스트하우스로 알아보고 있어요. 다른 나라 사람들도 만나볼 수 있는 장소로요.",
          "summary": " 나는 게스트하우스로 알아보고 있다.",
          "date": "2022-11-09",
          "time": "14:10:37",
          "terminate": "false"
        },
        {
          "speaker": "speaker2",
          "personaID": "34383",
          "participantID": "3979",
          "utterance": "오~좋은 경험을 하시겠네요. 제주도는 관광지다보니 오락시설도 많고 힐링하기도 넘 좋은거 같아요.",
          "summary": "",
          "date": "2022-11-09",
          "time": "14:36:25",
          "terminate": "false"
        },
        {
          "speaker": "speaker1",
          "personaID": "40537",
          "participantID": "3584",
          "utterance": "말씀 듣다보니 저에게 좋은 자극이 되어서요. 새로운 경험에 도전해 보고 싶어졌어요.",
          "summary": "나는 새로운 경험에 도전해 보고 싶다.",
          "date": "2022-11-09",
          "time": "14:41:32",
          "terminate": "false"
        },
        {
          "speaker": "speaker2",
          "personaID": "34383",
          "participantID": "3979",
          "utterance": "제 친구들은 제주도에 여행 갔다가 너무 좋아서 아이와 제주도 한달 살기도 하더라구요.",
          "summary": "나의 친구들은 제주도에 여행을 갔다.\n나의 친구들은 아이와 제주도에서 한달 살기를 했다.",
          "date": "2022-11-09",
          "time": "14:59:19",
          "terminate": "false"
        },
        {
          "speaker": "speaker1",
          "personaID": "40537",
          "participantID": "3584",
          "utterance": "아이가 어릴때는 한달 살기도 괜찮은 것 같아요. 크면 이래저래 시간도 없고 힘드니까요. 저도 생업만 문제 없다면 제주도에서 사는 것도 좋을 것 같아요.",
          "summary": "나는 새로운 경험에 도전해 보고 싶다. 나는 생업만 문제없다면 제주도에서 사는 것도 좋을 것 같다.",
          "date": "2022-11-09",
          "time": "15:06:36",
          "terminate": "false"
        },
        {
          "speaker": "speaker2",
          "personaID": "34383",
          "participantID": "3979",
          "utterance": "아무래도 남자들은 생업이 중요하니 한달살기는 보통 엄마들만 제주도로 가는거 같아요. ㅎ",
          "summary": "",
          "date": "2022-11-09",
          "time": "15:12:53",
          "terminate": "false"
        },
        {
          "speaker": "speaker1",
          "personaID": "40537",
          "participantID": "3584",
          "utterance": "그렇군요. 그래도 가족끼리 떨어져 지내면 저는 좀 슬플 것 같아요. 그리고 혹시 제주도에서 꼭 가봐야 할 곳이 있나요? 올레길?",
          "summary": "나는 가족끼리 떨어져 지내면 슬플 것 같다.",
          "date": "2022-11-09",
          "time": "15:18:49",
          "terminate": "false"
        },
        {
          "speaker": "speaker2",
          "personaID": "34383",
          "participantID": "3979",
          "utterance": "올레길은 좀 많아서 거리를 알아보시고 도전해보세요. 전  너무 긴 거리는 힘들더라구요.",
          "summary": "",
          "date": "2022-11-09",
          "time": "15:19:55",
          "terminate": "false"
        },
        {
          "speaker": "speaker1",
          "personaID": "40537",
          "participantID": "3584",
          "utterance": "아 그렇군요. 마냥 제주도 하면 막연히 올레길 가야지 했는데.. 저는 초보자이니 잘 알아봐야겠네요. 팁 감사합니다!",
          "summary": "",
          "date": "2022-11-09",
          "time": "15:21:29",
          "terminate": "false"
        },
        {
          "speaker": "speaker2",
          "personaID": "34383",
          "participantID": "3979",
          "utterance": "저 잠시 약속이 있어 나가봐야할 것 같아요. 다음에 만나면 여행 팁 알려드릴께요.",
          "summary": "",
          "date": "2022-11-09",
          "time": "15:22:36",
          "terminate": "true"
        }
      ],
      "sessionPersonaSummary": {
        "speaker1": [
          "나는 제주도 비행기 예약을 했다..",
          "나는 소셜에서 반값 할인 행사를 하는 걸로 예약했다.",
          "나는 게스트하우스로 알아보고 있다.",
          "나는 새로운 경험에 도전해 보고 싶다.",
          "나는 새로운 경험에 도전해 보고 싶다.",
          "나는 생업만 문제없다면 제주도에서 사는 것도 좋을 것 같다.",
          "나는 가족끼리 떨어져 지내면 슬플 것 같다."
        ],
        "speaker2": [
          "나의 친구들은 제주도에 여행을 갔다.\n나의 친구들은 아이와 제주도에서 한달 살기를 했다."
        ]
      },
      "prevAggregatedpersonaSummary": {
        "speaker1": [
          "나는 40대 남성이다. \n",
          "나는 치과의 사이다.",
          "나는 PC 게임을 자주 한다.",
          "나는 설거지하는 것을 싫어한다.",
          "나는 음식을 가리지 않는다.",
          "나는 여행을 많이 다니지 않는다. 나는 제주도는 한 번 다녀왔다.",
          "나는 호텔에서 묵었다.",
          "나는 게스트하우스나 펜션 쪽도 한번 가보고 싶다."
        ],
        "speaker2": [
          "나는 30대 여성이다.",
          "나는 군사학과를 전공했다.\n나는 여행사에 취업했다.",
          "나는 한 달에 한 번은 꼭 국내여행을 간다.",
          "나는 혈액형이 AB형이다. 나의 남편은 혈액형이 b형이다. \n나의 남편은 설거지를 안한다. \n",
          "나는 스테이크랑 파스타를 좋아한다.",
          "나는 여행하는 것이 취미이다.",
          "나는 가족여행을 준비 중이다",
          "나는 제주도 여행을 하려고 한다.\n나의 시어머니는 곧 칠순이시다.",
          "나는 제주도를 많이 갔다.",
          "나는 제주도에 가기 전에 입장권을 미리 사서 경비를 절감했다.",
          "나는 여행 알 몇 달 전부터 계획해서 핫딜을 검색한다."
        ]
      }
    }
  ]
}