{
  "FileInfo": {
    "filename": "K3-00230-CL41283-CP43919-11-04-S3.json",
    "sessionLevel": "3"
  },
  "participantsInfo": {
    "numberOfParticipants": "2",
    "speaker1": {
      "participantID": "2096",
      "gender": "여성",
      "age": "30대",
      "occupation": "주부",
      "bPlace": "부산/대구/울산/경상",
      "gPlace": "부산/대구/울산/경상",
      "rPlace": "부산/대구/울산/경상",
      "educationLevel": "대졸"
    },
    "speaker2": {
      "participantID": "6459",
      "gender": "여성",
      "age": "30대",
      "occupation": "기타",
      "bPlace": "부산/대구/울산/경상",
      "gPlace": "부산/대구/울산/경상",
      "rPlace": "부산/대구/울산/경상",
      "educationLevel": "기타"
    }
  },
  "multisessionInfo": {
    "multisessionID": "3-00230"
  },
  "personaInfo": {
    "clInfo": {
      "personaID": "41283",
      "personaFeatures": [
        "나는 여자이다.",
        "나는 40대이다.",
        "나는 요즘, 매일 질투가 난다",
        "나는 종교 여행을 좋아한다",
        "나는 위스키를 싫어한다"
      ],
      "speakerType": "speaker1"
    },
    "cpInfo": {
      "personaID": "43919",
      "personaFeatures": [
        "나는 여자이다.",
        "나는 40대이다.",
        "나는 운송 관련직에 종사한다",
        "나는 이웃과 갈등이 있다",
        "나는 TV 시사 프로그램을 자주 본다",
        "나는 햄스터 두 마리를 키운다",
        "나는 의외로 혼자 있는 것을 좋아한다"
      ],
      "speakerType": "speaker2"
    }
  },
  "topicInfo": {
    "topicID": "11-04",
    "topicType": "여가와 오락>게임",
    "topicTitle": "콘솔게임"
  },
  "sessionInfo": [
    {
      "prevSessionID": null,
      "prevTimeInfo": {
        "timeNum": null,
        "timeUnit": null
      },
      "nthSession": "1",
      "numberOfUtterances": "14",
      "numberOfTurns": "7",
      "sessionID": "3-00230-1",
      "dialog": [
        {
          "speaker": "speaker1",
          "personaID": "41283",
          "participantID": "2096",
          "utterance": "안녕하세요? 저는 40대 여성입니다.",
          "summary": "나는 40대 여성이다",
          "date": "2022-11-24",
          "time": "13:25:43",
          "terminate": "false"
        },
        {
          "speaker": "speaker2",
          "personaID": "43919",
          "participantID": "6459",
          "utterance": "안녕하세요 저는 운송 관련직에 종사하고있는 40대 여성입니다",
          "summary": "나는 운송 관련직에 종사하고 있는 40대 여성이다.",
          "date": "2022-11-24",
          "time": "13:29:18",
          "terminate": "false"
        },
        {
          "speaker": "speaker1",
          "personaID": "41283",
          "participantID": "2096",
          "utterance": "운송관련직에 종사하고 계시는 군요. 술 잘 드시나요? 저는 위스키를 싫어해요. ",
          "summary": "나는 위스키를 싫어한다",
          "date": "2022-11-24",
          "time": "13:32:10",
          "terminate": "false"
        },
        {
          "speaker": "speaker2",
          "personaID": "43919",
          "participantID": "6459",
          "utterance": "저는 술을 좋아하진 않지만 술자리를 좋아합니다 TV 시사 프로그램을 자주 보는데 TV프로 좋아하시는거 있나요 ?",
          "summary": "나는 술을 좋아하지 않지만 술자리를 좋아한다. 나는 TV 시사 프로그램을 자주 본다.",
          "date": "2022-11-24",
          "time": "13:52:08",
          "terminate": "false"
        },
        {
          "speaker": "speaker1",
          "personaID": "41283",
          "participantID": "2096",
          "utterance": "시사프로그램을 자주 보시는 군요. 저는 예능이나 드라마를 자주 봐요. 요즘은 나는 솔로를 재밌게 보고 있어요.",
          "summary": "나는 예능이나 드라마를 자주 보며 요즘 \"나는 솔로\"를 재밌게 보고 있다",
          "date": "2022-11-25",
          "time": "01:59:12",
          "terminate": "false"
        },
        {
          "speaker": "speaker2",
          "personaID": "43919",
          "participantID": "6459",
          "utterance": "그렇군요 저는 의외로 혼자 있는 것을 좋아해요 근데 윗집 아이들이 심하게 뛰어 이웃과 갈등이 있어요",
          "summary": "나는 의외로 혼자 있는 것을 좋아한다. 나는 윗집 아이들이 심하게 뛰어 이웃과 갈등이 있다.",
          "date": "2022-11-25",
          "time": "08:04:29",
          "terminate": "false"
        },
        {
          "speaker": "speaker1",
          "personaID": "41283",
          "participantID": "2096",
          "utterance": "윗집이많이시끄러워서 힘드시겠어요.저는최근 친구가 큰집으로이사를했는데 너무좋더라구요. 그러면안되는줄알면서도 매일 질투가나요.",
          "summary": "나의 친구는 최근 큰집으로 이사를 했다 나는 매일 질투가 난다",
          "date": "2022-11-25",
          "time": "09:32:00",
          "terminate": "false"
        },
        {
          "speaker": "speaker2",
          "personaID": "43919",
          "participantID": "6459",
          "utterance": "님도 곧 좋은 집에서 생활할수있으실거에요 힘내세요 혹시 애완동물 키우시는거 있나요 ?저는 햄스터 두 마리를 키우고 있어요",
          "summary": " 나는 햄스터 두 마리를 키우고 있다.",
          "date": "2022-11-25",
          "time": "09:33:31",
          "terminate": "false"
        },
        {
          "speaker": "speaker1",
          "personaID": "41283",
          "participantID": "2096",
          "utterance": "햄스터를2마리나키우시는군요.귀엽겠어요. 주말엔뭐하실계획이세요?저는종교여행을좋아해서 주말에 다녀올것같아요",
          "summary": " 나는 종교여행을 좋아해서 주말에 다녀올 거다",
          "date": "2022-11-25",
          "time": "09:36:25",
          "terminate": "false"
        },
        {
          "speaker": "speaker2",
          "personaID": "43919",
          "participantID": "6459",
          "utterance": "저는 휴식을 취할 예정입니다 ! 너무 일만하며 지내서 좀 쉬어야 될거 같아요 !",
          "summary": "나는 휴식을 취할 예정이다.",
          "date": "2022-11-25",
          "time": "16:53:46",
          "terminate": "false"
        },
        {
          "speaker": "speaker1",
          "personaID": "41283",
          "participantID": "2096",
          "utterance": "그러시군요. 많이 바쁘셨나봐요. ",
          "summary": "",
          "date": "2022-11-29",
          "time": "16:37:05",
          "terminate": "false"
        },
        {
          "speaker": "speaker2",
          "personaID": "43919",
          "participantID": "6459",
          "utterance": "네 요즘엔 쉬지도 못하고 일을 했거든요! 님은 무엇을 할 예정이신가요 ?",
          "summary": "나는 요즘에 쉬지 못하고 일을 많이 했다.",
          "date": "2022-11-29",
          "time": "16:56:30",
          "terminate": "false"
        },
        {
          "speaker": "speaker1",
          "personaID": "41283",
          "participantID": "2096",
          "utterance": "못쉬시고 일하셨군요. 건강이 제일 입니다. 챙기면서 하세요.ㅎㅎ  저는 오늘은 어서 아이 재우고 혼자 조용하게 책읽으려고 생각하고있어요. 햄스터는 잘 자라고있나요? ㅎㅎ햄스터도 손이 많이 가죠?",
          "summary": "나는 오늘 아이 재우고 혼자 조용하게 책 읽으려고 생각하고 있다",
          "date": "2022-11-29",
          "time": "18:34:15",
          "terminate": "false"
        },
        {
          "speaker": "speaker2",
          "personaID": "43919",
          "participantID": "6459",
          "utterance": "네 여름에는 손이 더 많이 가더라고요 ! 지금은 그래도 여름보다는 덜가는편인데 지금 햄스터 밥줄시간이라 이만 나가볼게요",
          "summary": "나는 햄스터가 여름에 손이 더 많이 간다고 느낀다. 나는 햄스터 밥줄 시간이라 나가야 한다.",
          "date": "2022-11-29",
          "time": "19:12:01",
          "terminate": "true"
        }
      ],
      "sessionPersonaSummary": {
        "speaker1": [
          "나는 40대 여성이다",
          "나는 위스키를 싫어한다",
          "나는 예능이나 드라마를 자주 보며 요즘 나는 솔로를 재밌게 보고 있다",
          "나의 친구는 최근 큰집으로 이사를 했다",
          "나는 매일 질투가 난다",
          "나는 종교여행을 좋아해서 주말에 다녀올 거다",
          "나는 오늘 아이 재우고 혼자 조용하게 책 읽으려고 생각하고 있다"
        ],
        "speaker2": [
          "나는 운송 관련직에 종사하고 있는 40대 여성이다.",
          "나는 술을 좋아하지 않지만 술자리를 좋아한다.",
          "나는 TV 시사 프로그램을 자주 본다.",
          "나는 의외로 혼자 있는 것을 좋아한다.",
          "나는 윗집 아이들이 심하게 뛰어 이웃과 갈등이 있다.",
          "나는 햄스터 두 마리를 키우고 있다.",
          "나는 휴식을 취할 예정이다.",
          "나는 요즘에 쉬지 못하고 일을 많이 했다.",
          "나는 햄스터가 여름에 손이 더 많이 간다고 느낀다.",
          "나는 햄스터 밥줄 시간이라 나가야 한다."
        ]
      },
      "prevAggregatedpersonaSummary": {
        "speaker1": [],
        "speaker2": []
      }
    },
    {
      "prevSessionID": "3-00230-1",
      "prevTimeInfo": {
        "timeNum": "5",
        "timeUnit": "일"
      },
      "nthSession": "2",
      "numberOfUtterances": "14",
      "numberOfTurns": "7",
      "sessionID": "3-00230-2",
      "dialog": [
        {
          "speaker": "speaker1",
          "personaID": "41283",
          "participantID": "2096",
          "utterance": "5일만이네요. 잘 지내셨어요?? 오늘은 날이 엄청 추워졌대요 ",
          "summary": "나는 날이 엄철 추워졌다고 생각한다",
          "date": "2022-11-30",
          "time": "02:38:52",
          "terminate": "false"
        },
        {
          "speaker": "speaker2",
          "personaID": "43919",
          "participantID": "6459",
          "utterance": "네 5일동안 여가생활을 즐기다가 아침에 밖에 나와 너무 놀랐습니다 !  님은 어떻게 지냈나요 ????   ",
          "summary": "나는 5일 동안 여가생활을 즐기다 아침에 밖에 나와서 놀랐다.",
          "date": "2022-11-30",
          "time": "08:24:32",
          "terminate": "false"
        },
        {
          "speaker": "speaker1",
          "personaID": "41283",
          "participantID": "2096",
          "utterance": "저는 이사했다던 친구집에 또 초대받아서 놀러갔다왔어요. 가족끼리 가서 함께 @브랜드명@ wii 하고 놀았는데 너무 재밌더라구요. 플레이스테이션도 있어서 같이 하구요. 혹시 해보셨나요??",
          "summary": "나는 이사한 친구 집에 놀러 가서 @브랜드명@ wii를 하고 놀았다 나는 플레이스테이션도 했다",
          "date": "2022-11-30",
          "time": "12:11:47",
          "terminate": "false"
        },
        {
          "speaker": "speaker2",
          "personaID": "43919",
          "participantID": "6459",
          "utterance": "저는 해보지는 않았지만 이야기는 많이 들었어요 ! ",
          "summary": "나는 플레이스테이션을 안 해 봤다.",
          "date": "2022-11-30",
          "time": "12:50:52",
          "terminate": "false"
        },
        {
          "speaker": "speaker1",
          "personaID": "41283",
          "participantID": "2096",
          "utterance": "생각보다 재밌더라구요, 저는 닌텐도가 재밌었어요. ",
          "summary": "나는 생각보다 재밌었다",
          "date": "2022-12-01",
          "time": "00:11:48",
          "terminate": "false"
        },
        {
          "speaker": "speaker2",
          "personaID": "43919",
          "participantID": "6459",
          "utterance": "@브랜드명@는 저도 몇번해봤는데 게임도 많아서 재밋더라고요 꼭 어릴때 오락실게임들이 생각나더라고요",
          "summary": "나는 @브랜드명@를 몇 번 해봤는데 게임이 많아서 재밌었다. 나는 어릴 때 오락실 게임들이 생각났다.",
          "date": "2022-12-01",
          "time": "07:52:09",
          "terminate": "false"
        },
        {
          "speaker": "speaker1",
          "personaID": "41283",
          "participantID": "2096",
          "utterance": "맞아요. 생각보다 단순한 게임하면서 같이 환호하고 아쉬워하면서 재밌더라구요.  어른이라고 어른이랑 어린이 합성어있던데 아직 그런가봐요 ㅎㅎㅎㅎㅎ",
          "summary": "나는 단순한 게임이라 환호하며 재밌게 했다",
          "date": "2022-12-01",
          "time": "10:43:03",
          "terminate": "false"
        },
        {
          "speaker": "speaker2",
          "personaID": "43919",
          "participantID": "6459",
          "utterance": "맞아요 ! 요즘엔 집에서도 레트로 게임기도 유행이 하는거 같아요 !",
          "summary": "나는 요즘은 집에서 하는 레트로 게임기가 유행이라고 생각한다.",
          "date": "2022-12-01",
          "time": "10:46:25",
          "terminate": "false"
        },
        {
          "speaker": "speaker1",
          "personaID": "41283",
          "participantID": "2096",
          "utterance": "맞아요 맞아요. 가족간에 단합도 되고 좋은 거 같아요. 하나 살까 고민되기도 하네요^^",
          "summary": "나는 게임을 하면 단합도 되고 좋은 거 같다",
          "date": "2022-12-01",
          "time": "10:46:54",
          "terminate": "false"
        },
        {
          "speaker": "speaker2",
          "personaID": "43919",
          "participantID": "6459",
          "utterance": "금액대는 꽤있던데 저는 아는 지인이 중고로 팔려고 하길래 구매할까 고민중이에요 !",
          "summary": "나는 지인이 중고로 팔려고 해서 구매할까 고민 중이다.",
          "date": "2022-12-01",
          "time": "10:50:44",
          "terminate": "false"
        },
        {
          "speaker": "speaker1",
          "personaID": "41283",
          "participantID": "2096",
          "utterance": "오 그러시군요 저도 중고거래 한번 찾아봐야겠어요. 저희 아이들은 게임중에서도 포켓몬스터 나오는 걸 엄청 좋아해요 ",
          "summary": "나는 중고거래로 한번 찾아봐야겠다",
          "date": "2022-12-01",
          "time": "10:56:01",
          "terminate": "false"
        },
        {
          "speaker": "speaker2",
          "personaID": "43919",
          "participantID": "6459",
          "utterance": "요즘 아이들 사이에서 포켓몬스터 게임이 또 유행하더라고요 금액대들도 너무 비싸기도하고요",
          "summary": "나는 요즘 아이들 사이에서 포켓몬스터 게임이 유행인 것을 알고 있다. 나는 금액이 비싸다고 생각한다.",
          "date": "2022-12-01",
          "time": "10:56:48",
          "terminate": "false"
        },
        {
          "speaker": "speaker1",
          "personaID": "41283",
          "participantID": "2096",
          "utterance": "맞아요. 너무 비싸죠. 마트가면 포켓몬스터 오락기앞에 초등학생 애들 줄 엄청 서있더라구요 ",
          "summary": "나는 포켓몬스터 오락기 앞에 초등학생들이 줄 서있는 걸 봤다",
          "date": "2022-12-01",
          "time": "10:57:27",
          "terminate": "false"
        },
        {
          "speaker": "speaker2",
          "personaID": "43919",
          "participantID": "6459",
          "utterance": "그렇더라고요! 저는 햄스터 두마리 밥도 줘야하고 이만 식사를 하러 나가볼게요",
          "summary": "",
          "date": "2022-12-01",
          "time": "11:31:47",
          "terminate": "true"
        }
      ],
      "sessionPersonaSummary": {
        "speaker1": [
          "나는 날이 엄철 추워졌다고 생각한다",
          "나는 이사한 친구 집에 놀러 가서 @브랜드명@ wii를 하고 놀았다",
          "나는 플레이스테이션도 했다",
          "나는 생각보다 재밌었다",
          "나는 단순한 게임이라 환호하며 재밌게 했다",
          "나는 게임을 하면 단합도 되고 좋은 거 같다",
          "나는 중고거래로 한번 찾아봐야겠다",
          "나는 포켓몬스터 오락기 앞에 초등학생들이 줄 서있는 걸 봤다"
        ],
        "speaker2": [
          "나는 5일 동안 여가생활을 즐기다 아침에 밖에 나와서 놀랐다.",
          "나는 플레이스테이션을 안 해 봤다.",
          "나는 @브랜드명@를 몇 번 해봤는데 게임이 많아서 재밌었다.",
          "나는 어릴 때 오락실 게임들이 생각났다.",
          "나는 요즘은 집에서 하는 레트로 게임기가 유행이라고 생각한다.",
          "나는 지인이 중고로 팔려고 해서 구매할까 고민 중이다.",
          "나는 요즘 아이들 사이에서 포켓몬스터 게임이 유행인 것을 알고 있다.",
          "나는 금액이 비싸다고 생각한다."
        ]
      },
      "prevAggregatedpersonaSummary": {
        "speaker1": [
          "나는 40대 여성이다",
          "나는 위스키를 싫어한다",
          "나는 예능이나 드라마를 자주 보며 요즘 나는 솔로를 재밌게 보고 있다",
          "나의 친구는 최근 큰집으로 이사를 했다",
          "나는 매일 질투가 난다",
          "나는 종교여행을 좋아해서 주말에 다녀올 거다",
          "나는 오늘 아이 재우고 혼자 조용하게 책 읽으려고 생각하고 있다"
        ],
        "speaker2": [
          "나는 운송 관련직에 종사하고 있는 40대 여성이다.",
          "나는 술을 좋아하지 않지만 술자리를 좋아한다.",
          "나는 TV 시사 프로그램을 자주 본다.",
          "나는 의외로 혼자 있는 것을 좋아한다.",
          "나는 윗집 아이들이 심하게 뛰어 이웃과 갈등이 있다.",
          "나는 햄스터 두 마리를 키우고 있다.",
          "나는 휴식을 취할 예정이다.",
          "나는 요즘에 쉬지 못하고 일을 많이 했다.",
          "나는 햄스터가 여름에 손이 더 많이 간다고 느낀다.",
          "나는 햄스터 밥줄 시간이라 나가야 한다."
        ]
      }
    },
    {
      "prevSessionID": "3-00230-2",
      "prevTimeInfo": {
        "timeNum": "1",
        "timeUnit": "시간"
      },
      "nthSession": "3",
      "numberOfUtterances": "14",
      "numberOfTurns": "7",
      "sessionID": "3-00230-3",
      "dialog": [
        {
          "speaker": "speaker1",
          "personaID": "41283",
          "participantID": "2096",
          "utterance": "한 시간 만이죠 식사맛있게 하셨어요???ㅎㅎㅎ저는 볶음밥 먹었어요. 뭐드셨나요??",
          "summary": "",
          "date": "2022-12-01",
          "time": "12:34:49",
          "terminate": "false"
        },
        {
          "speaker": "speaker2",
          "personaID": "43919",
          "participantID": "6459",
          "utterance": "저는 카레를 먹었어요 ! 너무 맛있어서 이틀연속으로 먹었네요",
          "summary": "",
          "date": "2022-12-01",
          "time": "12:56:49",
          "terminate": "false"
        },
        {
          "speaker": "speaker1",
          "personaID": "41283",
          "participantID": "2096",
          "utterance": "카레 좋지요. 엄마가 해주신 카레 먹고싶네요. 나이드니 엄마음식이 그저 그립네요  놀이터에서 놀고 오락실에서 오락하다가 집에가면 엄마가해주시는 밥먹고 ㅎㅎ",
          "summary": " 나는 놀이터에서 놀고 오락실 오락하다가 집에 가면 엄마가 해주는 밥 먹는 게 기억에 난다",
          "date": "2022-12-01",
          "time": "13:02:20",
          "terminate": "false"
        },
        {
          "speaker": "speaker2",
          "personaID": "43919",
          "participantID": "6459",
          "utterance": "와 그건 정말 추억이죠 ! 잊을수없는!!! 오락실에 동전 한가득 들고서 말이죠!",
          "summary": " 나는 오락실에 동전을 한가득 돌고 간 기억이 있다.",
          "date": "2022-12-01",
          "time": "13:22:14",
          "terminate": "false"
        },
        {
          "speaker": "speaker1",
          "personaID": "41283",
          "participantID": "2096",
          "utterance": "맞아요. 그때는 잘 못하면서도 스트레이트 파이터나 보글보글?? 그런것도 많이 했던 것 같아요. ",
          "summary": "나는 게임을 잘 못하면서도 많이 했던 것 같다",
          "date": "2022-12-01",
          "time": "14:25:55",
          "terminate": "false"
        },
        {
          "speaker": "speaker2",
          "personaID": "43919",
          "participantID": "6459",
          "utterance": "맞아요 ! 시대도 비슷한거 같네요 우리",
          "summary": "나는 상대방과 시대도 비슷한 것 같아 반갑다",
          "date": "2022-12-01",
          "time": "14:26:27",
          "terminate": "false"
        },
        {
          "speaker": "speaker1",
          "personaID": "41283",
          "participantID": "2096",
          "utterance": "그러게말이에요  연령이 비슷해서 그런가 공감이 많이되네요",
          "summary": "나는 연령대가 비슷해서 공감이 많이 된다",
          "date": "2022-12-01",
          "time": "14:27:20",
          "terminate": "false"
        },
        {
          "speaker": "speaker2",
          "personaID": "43919",
          "participantID": "6459",
          "utterance": "그런가보네요 ! 나중에 같이 오락실 체험 해도 재밌을거 같아요 !",
          "summary": "나는 나중에 상대방과 같이 오락실 체험해도 재미있을 거 같다고 생각한다",
          "date": "2022-12-01",
          "time": "14:28:16",
          "terminate": "false"
        },
        {
          "speaker": "speaker1",
          "personaID": "41283",
          "participantID": "2096",
          "utterance": "그러게요. 요즘도 가끔 영화관 같은데 가면 오락실 있던데 가본지가 오래되서 기억이 안나네요 ㅎㅎ 맞다. 요즘 저희 동네에는 일반 카페면서  @브랜드명@ wii게임 할 수 있는 공간이 함께있는 카페도 있어요 ",
          "summary": "나는 가끔 영화관 같은데 가면 있는 오락실도 잘 기억이 안 난다 나는 동네 카페 가면 @브랜드명@ wii 게임을 할 수 있는 공간이 함께 있는 곳도 있다",
          "date": "2022-12-01",
          "time": "14:29:56",
          "terminate": "false"
        },
        {
          "speaker": "speaker2",
          "personaID": "43919",
          "participantID": "6459",
          "utterance": "정말요 ??? 그런곳은 가보고싶어지네요 ! 사시는 지역이 어디라고 하셨죠??",
          "summary": "나는 그런 곳에 가보고 싶다.",
          "date": "2022-12-01",
          "time": "14:30:36",
          "terminate": "false"
        },
        {
          "speaker": "speaker1",
          "personaID": "41283",
          "participantID": "2096",
          "utterance": "저는 부산에 살고 있어요. 그죠 아이디어 좋은 것 같아요. 노키즈존 때문에 아이들이랑 못가는데도 많은데 저런데는 같이가서 놀 수 있으니까요 ㅎㅎㅎㅎ",
          "summary": "나는 부산에 살고 있다 나는 아이들과 같이 가서 놀 수 있어서 좋은 것 같다",
          "date": "2022-12-01",
          "time": "14:34:50",
          "terminate": "false"
        },
        {
          "speaker": "speaker2",
          "personaID": "43919",
          "participantID": "6459",
          "utterance": "저도 부산에 살고있는데 한번쯤 가보면 좋을거 같네요 !  이번주말에 한번 찾아서 다녀와봐야겠어요",
          "summary": "나는 부산에 살고 있는데 한 번쯤 @브랜드명@가 있는 카페에 가보면 좋을 것 같다. 나는 이번 주말에 한번 찾아서 다녀와볼 계획이다.",
          "date": "2022-12-01",
          "time": "14:35:36",
          "terminate": "false"
        },
        {
          "speaker": "speaker1",
          "personaID": "41283",
          "participantID": "2096",
          "utterance": "오 부산에 사시는 군요. 저는 @주소@에 사는데 저희 동네에 그런게 있어요. 아마 님 근처에도 있지 않을까요???",
          "summary": "",
          "date": "2022-12-01",
          "time": "14:37:55",
          "terminate": "false"
        },
        {
          "speaker": "speaker2",
          "personaID": "43919",
          "participantID": "6459",
          "utterance": "그럴거 같네요 저는 기다리던 TV 시사 프로그램이 있어서 보러 갈게요.",
          "summary": "",
          "date": "2022-12-01",
          "time": "14:59:53",
          "terminate": "true"
        }
      ],
      "sessionPersonaSummary": {
        "speaker1": [
          "나는 놀이터에서 놀고 오락실 오락하다가 집에 가면 엄마가 해주는 밥 먹는 게 기억에 난다",
          "나는 게임을 잘 못하면서도 많이 했던 것 같다",
          "나는 연령대가 비슷해서 공감이 많이 된다",
          "나는 가끔 영화관 같은데 가면 있는 오락실도 잘 기억이 안 난다",
          "나는 동네 카페 가면 @브랜드명@ wii 게임을 할 수 있는 공간이 함께 있는 곳도 있다",
          "나는 부산에 살고 있다",
          "나는 아이들과 같이 가서 놀 수 있어서 좋은 것 같다"
        ],
        "speaker2": [
          "나는 오락실에 동전을 한가득 돌고 간 기억이 있다.",
          "나는 상대방과 시대도 비슷한 것 같아 반갑다",
          "나는 나중에 상대방과 같이 오락실 체험해도 재미있을 거 같다고 생각한다",
          "나는 그런 곳에 가보고 싶다.",
          "나는 부산에 살고 있는데 한 번쯤 @브랜드명@가 있는 카페에 가보면 좋을 것 같다.",
          "나는 이번 주말에 한번 찾아서 다녀와볼 계획이다."
        ]
      },
      "prevAggregatedpersonaSummary": {
        "speaker1": [
          "나는 40대 여성이다",
          "나는 위스키를 싫어한다",
          "나는 예능이나 드라마를 자주 보며 요즘 나는 솔로를 재밌게 보고 있다",
          "나의 친구는 최근 큰집으로 이사를 했다",
          "나는 매일 질투가 난다",
          "나는 종교여행을 좋아해서 주말에 다녀올 거다",
          "나는 오늘 아이 재우고 혼자 조용하게 책 읽으려고 생각하고 있다",
          "나는 날이 엄철 추워졌다고 생각한다",
          "나는 이사한 친구 집에 놀러 가서 @브랜드명@ wii를 하고 놀았다",
          "나는 플레이스테이션도 했다",
          "나는 생각보다 재밌었다",
          "나는 단순한 게임이라 환호하며 재밌게 했다",
          "나는 게임을 하면 단합도 되고 좋은 거 같다",
          "나는 중고거래로 한번 찾아봐야겠다",
          "나는 포켓몬스터 오락기 앞에 초등학생들이 줄 서있는 걸 봤다"
        ],
        "speaker2": [
          "나는 운송 관련직에 종사하고 있는 40대 여성이다.",
          "나는 술을 좋아하지 않지만 술자리를 좋아한다.",
          "나는 TV 시사 프로그램을 자주 본다.",
          "나는 의외로 혼자 있는 것을 좋아한다.",
          "나는 윗집 아이들이 심하게 뛰어 이웃과 갈등이 있다.",
          "나는 햄스터 두 마리를 키우고 있다.",
          "나는 휴식을 취할 예정이다.",
          "나는 요즘에 쉬지 못하고 일을 많이 했다.",
          "나는 햄스터가 여름에 손이 더 많이 간다고 느낀다.",
          "나는 햄스터 밥줄 시간이라 나가야 한다.",
          "나는 5일 동안 여가생활을 즐기다 아침에 밖에 나와서 놀랐다.",
          "나는 플레이스테이션을 안 해 봤다.",
          "나는 @브랜드명@를 몇 번 해봤는데 게임이 많아서 재밌었다.",
          "나는 어릴 때 오락실 게임들이 생각났다.",
          "나는 요즘은 집에서 하는 레트로 게임기가 유행이라고 생각한다.",
          "나는 지인이 중고로 팔려고 해서 구매할까 고민 중이다.",
          "나는 요즘 아이들 사이에서 포켓몬스터 게임이 유행인 것을 알고 있다.",
          "나는 금액이 비싸다고 생각한다."
        ]
      }
    }
  ]
}