{
  "FileInfo": {
    "filename": "K3-00520-CL21800-CP32142-06-02-S3.json",
    "sessionLevel": "3"
  },
  "participantsInfo": {
    "numberOfParticipants": "2",
    "speaker1": {
      "participantID": "3227",
      "gender": "여성",
      "age": "20대",
      "occupation": "학생",
      "bPlace": "부산/대구/울산/경상",
      "gPlace": "부산/대구/울산/경상",
      "rPlace": "부산/대구/울산/경상",
      "educationLevel": "고졸"
    },
    "speaker2": {
      "participantID": "2182",
      "gender": "여성",
      "age": "30대",
      "occupation": "교직",
      "bPlace": "서울/경기/인천",
      "gPlace": "서울/경기/인천",
      "rPlace": "서울/경기/인천",
      "educationLevel": "대졸"
    }
  },
  "multisessionInfo": {
    "multisessionID": "3-00520"
  },
  "personaInfo": {
    "clInfo": {
      "personaID": "21800",
      "personaFeatures": [
        "나는 여자이다.",
        "나는 20대이다.",
        "나는 요즘, 생각하는 것이 귀찮다",
        "나는 병원에 가는 것을 싫어한다",
        "나는 요가를 좋아한다"
      ],
      "speakerType": "speaker1"
    },
    "cpInfo": {
      "personaID": "32142",
      "personaFeatures": [
        "나는 여자이다.",
        "나는 30대이다.",
        "나는 일본어를 싫어한다",
        "나는 핀란드에 가봤다",
        "나는 피아노 연주를 가끔 한다"
      ],
      "speakerType": "speaker2"
    }
  },
  "topicInfo": {
    "topicID": "06-02",
    "topicType": "교육",
    "topicTitle": "교수님"
  },
  "sessionInfo": [
    {
      "prevSessionID": null,
      "prevTimeInfo": {
        "timeNum": null,
        "timeUnit": null
      },
      "nthSession": "1",
      "numberOfUtterances": "14",
      "numberOfTurns": "7",
      "sessionID": "3-00520-1",
      "dialog": [
        {
          "speaker": "speaker1",
          "personaID": "21800",
          "participantID": "3227",
          "utterance": "안녕하세요 저는 20대 여성입니다!",
          "summary": "나는 20대 여성이다",
          "date": "2022-10-21",
          "time": "18:16:10",
          "terminate": "false"
        },
        {
          "speaker": "speaker2",
          "personaID": "32142",
          "participantID": "2182",
          "utterance": "안녕하세요 저는 30대 여성입니다",
          "summary": "나는 30대 여성이다",
          "date": "2022-10-21",
          "time": "18:17:53",
          "terminate": "false"
        },
        {
          "speaker": "speaker1",
          "personaID": "21800",
          "participantID": "3227",
          "utterance": "저는 요가를 좋아하는데, 혹시 관심사가 있으신가요?",
          "summary": "나는 요가를 좋아한다",
          "date": "2022-10-21",
          "time": "18:18:23",
          "terminate": "false"
        },
        {
          "speaker": "speaker2",
          "personaID": "32142",
          "participantID": "2182",
          "utterance": "전 외국어와 해외여행에 관심이 있어요",
          "summary": "나는 외국어와 해외여행에 관심이 있다",
          "date": "2022-10-21",
          "time": "18:26:38",
          "terminate": "false"
        },
        {
          "speaker": "speaker1",
          "personaID": "21800",
          "participantID": "3227",
          "utterance": "오 어떤 외국어에 관심이 있으신가요?",
          "summary": "",
          "date": "2022-10-21",
          "time": "18:33:11",
          "terminate": "false"
        },
        {
          "speaker": "speaker2",
          "personaID": "32142",
          "participantID": "2182",
          "utterance": "그때 그때 마다 다른데 코로나 전에 핀란드 갔었을때가 제일 좋았어요!",
          "summary": "나는 핀란드에 갔을 때가 가장 좋았다",
          "date": "2022-10-21",
          "time": "18:35:00",
          "terminate": "false"
        },
        {
          "speaker": "speaker1",
          "personaID": "21800",
          "participantID": "3227",
          "utterance": "아 그럼 핀란드어에 관심이 있으신건가요?",
          "summary": "",
          "date": "2022-10-21",
          "time": "18:36:17",
          "terminate": "false"
        },
        {
          "speaker": "speaker2",
          "personaID": "32142",
          "participantID": "2182",
          "utterance": "네~ 관심은 있는데 잘은 못해요^^ 다양하게 배워보는 중인데 가장 싫은 건 일본어에요 배울수록 어려워서요",
          "summary": "나는 일본어를 싫어한다",
          "date": "2022-10-21",
          "time": "18:38:52",
          "terminate": "false"
        },
        {
          "speaker": "speaker1",
          "personaID": "21800",
          "participantID": "3227",
          "utterance": "아하 그렇군요 저는 요새 요가하다가 자세를 잘못한건지 안 아픈 곳이 없는데 병원 가는 걸 싫어해서 안 가고 있어요",
          "summary": "나는 요가를 하다 다쳐서 병원에 가야 하는데 병원 가는 것을 싫어한다.",
          "date": "2022-10-21",
          "time": "18:42:05",
          "terminate": "false"
        },
        {
          "speaker": "speaker2",
          "personaID": "32142",
          "participantID": "2182",
          "utterance": "저도 필라테스를 했었는데 쉽지 않더라구요~ 혹시 음악 좋아하시나요?",
          "summary": "나는 필라테스를 했었다",
          "date": "2022-10-21",
          "time": "18:53:10",
          "terminate": "false"
        },
        {
          "speaker": "speaker1",
          "personaID": "21800",
          "participantID": "3227",
          "utterance": "음악은 잘 몰라요 듣기만 자주 듣죠~",
          "summary": "나는 음악에 대해 잘 모른다.",
          "date": "2022-10-21",
          "time": "18:54:40",
          "terminate": "false"
        },
        {
          "speaker": "speaker2",
          "personaID": "32142",
          "participantID": "2182",
          "utterance": "저는 어렸을때 배웠던 기억으로 가끔 피아노 연주를 해보곤 하는데  마음의 안정을 주는거 같아요",
          "summary": "나는 어렸을 때 피아노를 배워서 가끔 연주한다",
          "date": "2022-10-21",
          "time": "18:57:31",
          "terminate": "false"
        },
        {
          "speaker": "speaker1",
          "personaID": "21800",
          "participantID": "3227",
          "utterance": "오 피아노를 배우셨군요! 저는 요즘 생각하는 것이 귀찮네요",
          "summary": "나는 요즘, 생각하는 것이 귀찮다.",
          "date": "2022-10-21",
          "time": "18:58:50",
          "terminate": "false"
        },
        {
          "speaker": "speaker2",
          "personaID": "32142",
          "participantID": "2182",
          "utterance": "그럴때가 있죠~ 멍때리며 조용한 시간을 보내보세요~!! 다음에 우리 또 이야기 해봐요^^",
          "summary": "",
          "date": "2022-10-21",
          "time": "19:09:07",
          "terminate": "true"
        }
      ],
      "sessionPersonaSummary": {
        "speaker1": [
          "나는 20대 여성이다",
          "나는 요가를 좋아한다",
          "나는 요가를 하다 다쳐서 병원에 가야 하는데 병원 가는 것을 싫어한다.",
          "나는 음악에 대해 잘 모른다.",
          "나는 요즘, 생각하는 것이 귀찮다."
        ],
        "speaker2": [
          "나는 30대 여성이다",
          "나는 외국어와 해외여행에 관심이 있다",
          "나는 핀란드에 갔을 때가 가장 좋았다",
          "나는 일본어를 싫어한다",
          "나는 필라테스를 했었다",
          "나는 어렸을 때 피아노를 배워서 가끔 연주한다"
        ]
      },
      "prevAggregatedpersonaSummary": {
        "speaker1": [],
        "speaker2": []
      }
    },
    {
      "prevSessionID": "3-00520-1",
      "prevTimeInfo": {
        "timeNum": "5",
        "timeUnit": "주"
      },
      "nthSession": "2",
      "numberOfUtterances": "14",
      "numberOfTurns": "7",
      "sessionID": "3-00520-2",
      "dialog": [
        {
          "speaker": "speaker1",
          "personaID": "21800",
          "participantID": "3227",
          "utterance": "5주만이네요 30대 언니~ 오랜만이죠? 잘 지내셨나요?",
          "summary": "",
          "date": "2022-10-21",
          "time": "19:20:28",
          "terminate": "false"
        },
        {
          "speaker": "speaker2",
          "personaID": "32142",
          "participantID": "2182",
          "utterance": "너무 오랜만이에요 잘 지내셨죠?",
          "summary": "",
          "date": "2022-10-21",
          "time": "19:21:02",
          "terminate": "false"
        },
        {
          "speaker": "speaker1",
          "personaID": "21800",
          "participantID": "3227",
          "utterance": "저는 잘 지내요~ 중간고사 기간이라 좀 힘들긴 했지만요 ㅠㅠ",
          "summary": "나는 중간고사 기간이라 힘들었다.",
          "date": "2022-10-21",
          "time": "19:38:54",
          "terminate": "false"
        },
        {
          "speaker": "speaker2",
          "personaID": "32142",
          "participantID": "2182",
          "utterance": "저도 대학시절 시험 어렵게 내는 교수님이 계셔서 고생했던 생각이 나네요",
          "summary": "나는 대학시절 시험 어렵게 내는 교수님이 계셔서 고생했다",
          "date": "2022-10-21",
          "time": "19:50:12",
          "terminate": "false"
        },
        {
          "speaker": "speaker1",
          "personaID": "21800",
          "participantID": "3227",
          "utterance": "어딜 가든 무슨 학과든 그런 교수님이 꼭 계신가봐요",
          "summary": "나는 어디든 어려운 시험을 내는 교수님이 있다고 생각한다.",
          "date": "2022-10-21",
          "time": "19:52:54",
          "terminate": "false"
        },
        {
          "speaker": "speaker2",
          "personaID": "32142",
          "participantID": "2182",
          "utterance": "그런거같아요. 교수계의 빌런 느낌이랄까요 ",
          "summary": "",
          "date": "2022-10-21",
          "time": "19:55:47",
          "terminate": "false"
        },
        {
          "speaker": "speaker1",
          "personaID": "21800",
          "participantID": "3227",
          "utterance": "저도 이번에 학과 커뮤니티에 난리가 났더라고요 교수님 저희한테 왜그러시냐며.. 시험이 엄청 어려웠거든요",
          "summary": "나는 시험이 엄청 어려웠다.",
          "date": "2022-10-21",
          "time": "20:00:55",
          "terminate": "false"
        },
        {
          "speaker": "speaker2",
          "personaID": "32142",
          "participantID": "2182",
          "utterance": "전공마다 꼭 한두분씩은 계시는거 같아요 아마도 본인들도 어렵게 공부하셨기에 그만큼 하길 바라시는거 같아요",
          "summary": "",
          "date": "2022-10-21",
          "time": "20:03:06",
          "terminate": "false"
        },
        {
          "speaker": "speaker1",
          "personaID": "21800",
          "participantID": "3227",
          "utterance": "교수님들 특징이 어려운 거 없으셔서 학생들도 안 어려울거라고 생각하시는 거잖아요 ㅎㅎ",
          "summary": "",
          "date": "2022-10-21",
          "time": "20:04:18",
          "terminate": "false"
        },
        {
          "speaker": "speaker2",
          "personaID": "32142",
          "participantID": "2182",
          "utterance": "맞아요~ 본인들은 저희보다 더 많이 공부한 분야인데 똑같길 바라시는거 같네요^^",
          "summary": "",
          "date": "2022-10-21",
          "time": "20:04:48",
          "terminate": "false"
        },
        {
          "speaker": "speaker1",
          "personaID": "21800",
          "participantID": "3227",
          "utterance": "학생들한테 기대가 많으신 거 같기도 하고요.. 정말 쉽지않아요~~",
          "summary": "나는 교수님들은 학생들에게 기대가 많다고 느낀다.",
          "date": "2022-10-21",
          "time": "20:21:16",
          "terminate": "false"
        },
        {
          "speaker": "speaker2",
          "personaID": "32142",
          "participantID": "2182",
          "utterance": "교수가 되기까지 계속 공부하고 연구했던 분들이니 학생들의 공부하는 모습이 부족해 보이실수도 있을꺼 같아요 그래서 어렵게 내시나봐요",
          "summary": "",
          "date": "2022-10-21",
          "time": "20:32:13",
          "terminate": "false"
        },
        {
          "speaker": "speaker1",
          "personaID": "21800",
          "participantID": "3227",
          "utterance": "똑똑하신 분들도 많으시니 당연히 알거라고 생각하시기도 하구요~",
          "summary": "",
          "date": "2022-10-21",
          "time": "20:57:13",
          "terminate": "false"
        },
        {
          "speaker": "speaker2",
          "personaID": "32142",
          "participantID": "2182",
          "utterance": "맞아요! 교수님이 학생들을 이해해주시면 좋을 텐데요!! 우리 다음에 더 이야기 해봐요! 즐거운 밤되세요",
          "summary": "",
          "date": "2022-10-21",
          "time": "21:08:30",
          "terminate": "true"
        }
      ],
      "sessionPersonaSummary": {
        "speaker1": [
          "나는 중간고사 기간이라 힘들었다.",
          "나는 어디든 어려운 시험을 내는 교수님이 있다고 생각한다.",
          "나는 시험이 엄청 어려웠다.",
          "나는 교수님들은 학생들에게 기대가 많다고 느낀다."
        ],
        "speaker2": [
          "나는 대학시절 시험 어렵게 내는 교수님이 계셔서 고생했다"
        ]
      },
      "prevAggregatedpersonaSummary": {
        "speaker1": [
          "나는 20대 여성이다",
          "나는 요가를 좋아한다",
          "나는 요가를 하다 다쳐서 병원에 가야 하는데 병원 가는 것을 싫어한다.",
          "나는 음악에 대해 잘 모른다.",
          "나는 요즘, 생각하는 것이 귀찮다."
        ],
        "speaker2": [
          "나는 30대 여성이다",
          "나는 외국어와 해외여행에 관심이 있다",
          "나는 핀란드에 갔을 때가 가장 좋았다",
          "나는 일본어를 싫어한다",
          "나는 필라테스를 했었다",
          "나는 어렸을 때 피아노를 배워서 가끔 연주한다"
        ]
      }
    },
    {
      "prevSessionID": "3-00520-2",
      "prevTimeInfo": {
        "timeNum": "26",
        "timeUnit": "시간"
      },
      "nthSession": "3",
      "numberOfUtterances": "14",
      "numberOfTurns": "7",
      "sessionID": "3-00520-3",
      "dialog": [
        {
          "speaker": "speaker1",
          "personaID": "21800",
          "participantID": "3227",
          "utterance": "벌써 26시간이나 지났네요~ 뭐 하고 계셨나요?",
          "summary": "",
          "date": "2022-10-21",
          "time": "21:40:43",
          "terminate": "false"
        },
        {
          "speaker": "speaker2",
          "personaID": "32142",
          "participantID": "2182",
          "utterance": "전 뒤늦게 공부를 시작했는데 교수님이 내주신 과제를 하고 있었어요",
          "summary": "나는 뒤늦게 공부를 시작했다",
          "date": "2022-10-21",
          "time": "22:28:43",
          "terminate": "false"
        },
        {
          "speaker": "speaker1",
          "personaID": "21800",
          "participantID": "3227",
          "utterance": "아 정말요? 어떤 공부 시작하셨나요?",
          "summary": "",
          "date": "2022-10-21",
          "time": "22:40:48",
          "terminate": "false"
        },
        {
          "speaker": "speaker2",
          "personaID": "32142",
          "participantID": "2182",
          "utterance": "심리학 공부를 시작했는데 생각보다 어렵네요ㅠ",
          "summary": "나는 심리학 공부를 시작했다",
          "date": "2022-10-21",
          "time": "22:41:07",
          "terminate": "false"
        },
        {
          "speaker": "speaker1",
          "personaID": "21800",
          "participantID": "3227",
          "utterance": "오 대단하신데요? 교수님은 좋으신가요?",
          "summary": "",
          "date": "2022-10-21",
          "time": "22:41:33",
          "terminate": "false"
        },
        {
          "speaker": "speaker2",
          "personaID": "32142",
          "participantID": "2182",
          "utterance": "교수님은 좋으신데 제가 오랜만에 공부하는거라 잘 안되는거 같아요",
          "summary": "",
          "date": "2022-10-21",
          "time": "22:44:26",
          "terminate": "false"
        },
        {
          "speaker": "speaker1",
          "personaID": "21800",
          "participantID": "3227",
          "utterance": "대학원 가신 건가요? 교수님이 예쁘게 봐주실 것 같은데요?!",
          "summary": "",
          "date": "2022-10-21",
          "time": "22:46:20",
          "terminate": "false"
        },
        {
          "speaker": "speaker2",
          "personaID": "32142",
          "participantID": "2182",
          "utterance": "네~ 열심히 하려고 애쓰는 모습을 이쁘게 봐주시는거 같아요 ",
          "summary": "",
          "date": "2022-10-21",
          "time": "22:48:05",
          "terminate": "false"
        },
        {
          "speaker": "speaker1",
          "personaID": "21800",
          "participantID": "3227",
          "utterance": "대학원이면 거의 교수님과 내내 같이 연구하는 거 아닌가요 ?!",
          "summary": "나는 대학원에 대해서 궁금하다.",
          "date": "2022-10-21",
          "time": "22:48:41",
          "terminate": "false"
        },
        {
          "speaker": "speaker2",
          "personaID": "32142",
          "participantID": "2182",
          "utterance": "저는 연구는 아니고 회사를 다녀면서 대학원을 다니는 거라 수업만 들어요",
          "summary": "나는 회사를 다니면서 대학원을 다닌다",
          "date": "2022-10-21",
          "time": "22:50:47",
          "terminate": "false"
        },
        {
          "speaker": "speaker1",
          "personaID": "21800",
          "participantID": "3227",
          "utterance": "아하~ 저는 공대 다니는 친구들 보니까, 교수님께서 좀 마음에 들고 잘 하는 친구들 있으면 대학원 생각 없냐고 면담 많이 하시더라고요~",
          "summary": "나는 교수님이 친구들에게 대학원 권유를 하는 것을 보았다.",
          "date": "2022-10-21",
          "time": "22:54:32",
          "terminate": "false"
        },
        {
          "speaker": "speaker2",
          "personaID": "32142",
          "participantID": "2182",
          "utterance": "맞아요 교수님들의 선택을 받으면 너무 기분이 좋을꺼 같아요",
          "summary": "",
          "date": "2022-10-21",
          "time": "22:55:08",
          "terminate": "false"
        },
        {
          "speaker": "speaker1",
          "personaID": "21800",
          "participantID": "3227",
          "utterance": "앗 그치만 저는 대학원은 절대 가고싶지 않아요..",
          "summary": "나는 대학원은 가고 싶지 않다.",
          "date": "2022-10-21",
          "time": "22:56:02",
          "terminate": "false"
        },
        {
          "speaker": "speaker2",
          "personaID": "32142",
          "participantID": "2182",
          "utterance": "맞아요 저도 후회할때가 있어요! 오늘처럼 과제가 많은 날이요. 전 이제 과제하러 가볼께요",
          "summary": "",
          "date": "2022-10-21",
          "time": "23:00:07",
          "terminate": "true"
        }
      ],
      "sessionPersonaSummary": {
        "speaker1": [
          "나는 대학원에 대해서 궁금하다.",
          "나는 교수님이 친구들에게 대학원 권유를 하는 것을 보았다.",
          "나는 대학원은 가고 싶지 않다."
        ],
        "speaker2": [
          "나는 뒤늦게 공부를 시작했다",
          "나는 심리학 공부를 시작했다",
          "나는 회사를 다니면서 대학원을 다닌다"
        ]
      },
      "prevAggregatedpersonaSummary": {
        "speaker1": [
          "나는 20대 여성이다",
          "나는 요가를 좋아한다",
          "나는 요가를 하다 다쳐서 병원에 가야 하는데 병원 가는 것을 싫어한다.",
          "나는 음악에 대해 잘 모른다.",
          "나는 요즘, 생각하는 것이 귀찮다.",
          "나는 중간고사 기간이라 힘들었다.",
          "나는 어디든 어려운 시험을 내는 교수님이 있다고 생각한다.",
          "나는 시험이 엄청 어려웠다.",
          "나는 교수님들은 학생들에게 기대가 많다고 느낀다."
        ],
        "speaker2": [
          "나는 30대 여성이다",
          "나는 외국어와 해외여행에 관심이 있다",
          "나는 핀란드에 갔을 때가 가장 좋았다",
          "나는 일본어를 싫어한다",
          "나는 필라테스를 했었다",
          "나는 어렸을 때 피아노를 배워서 가끔 연주한다",
          "나는 대학시절 시험 어렵게 내는 교수님이 계셔서 고생했다"
        ]
      }
    }
  ]
}