{
  "FileInfo": {
    "filename": "K3-00360-CL21617-CP22253-12-06-S3.json",
    "sessionLevel": "3"
  },
  "participantsInfo": {
    "numberOfParticipants": "2",
    "speaker1": {
      "participantID": "0607",
      "gender": "여성",
      "age": "30대",
      "occupation": "자영업",
      "bPlace": "서울/경기/인천",
      "gPlace": "서울/경기/인천",
      "rPlace": "서울/경기/인천",
      "educationLevel": "대졸"
    },
    "speaker2": {
      "participantID": "0642",
      "gender": "여성",
      "age": "20대",
      "occupation": "학생",
      "bPlace": "서울/경기/인천",
      "gPlace": "서울/경기/인천",
      "rPlace": "서울/경기/인천",
      "educationLevel": "고졸"
    }
  },
  "multisessionInfo": {
    "multisessionID": "3-00360"
  },
  "personaInfo": {
    "clInfo": {
      "personaID": "21617",
      "personaFeatures": [
        "나는 여자이다.",
        "나는 20대이다.",
        "나는 저녁에 친구를 만난다.",
        "나는 심리학과가 부전공이다.",
        "나는 단소 연주를 자주 한다."
      ],
      "speakerType": "speaker1"
    },
    "cpInfo": {
      "personaID": "22253",
      "personaFeatures": [
        "나는 여자이다.",
        "나는 20대이다.",
        "나는 정이 많다.",
        "나는 검도부 동아리에 관심이 없다.",
        "나는 추운 날씨를 싫어한다."
      ],
      "speakerType": "speaker2"
    }
  },
  "topicInfo": {
    "topicID": "12-06",
    "topicType": "여가와 오락>여행",
    "topicTitle": "이동수단"
  },
  "sessionInfo": [
    {
      "prevSessionID": null,
      "prevTimeInfo": {
        "timeNum": null,
        "timeUnit": null
      },
      "nthSession": "1",
      "numberOfUtterances": "16",
      "numberOfTurns": "8",
      "sessionID": "3-00360-1",
      "dialog": [
        {
          "speaker": "speaker1",
          "personaID": "21617",
          "participantID": "0607",
          "utterance": "안녕하세요. 저는 20대 여자입니다. 반가워요.",
          "summary": "나는 20대 여자이다.",
          "date": "2022-10-01",
          "time": "14:23:38",
          "terminate": "false"
        },
        {
          "speaker": "speaker2",
          "personaID": "22253",
          "participantID": "0642",
          "utterance": "안녕하세요. 20대 여자입니다! 반갑습니다!",
          "summary": "나는 20대 여자이다.",
          "date": "2022-10-01",
          "time": "14:23:46",
          "terminate": "false"
        },
        {
          "speaker": "speaker1",
          "personaID": "21617",
          "participantID": "0607",
          "utterance": "대학생이신가요? 저 요즘 전공보다 부전공이 더 재밌어서 전과하고 싶어요.",
          "summary": "나는 요즘 전공보다 부전공 공부가 더 재미있어서 전과하고 싶다.",
          "date": "2022-10-01",
          "time": "14:24:00",
          "terminate": "false"
        },
        {
          "speaker": "speaker2",
          "personaID": "22253",
          "participantID": "0642",
          "utterance": "네 저도 대학생이에요!! 저는 일문과라 이번 학기는 일본으로 교환학생 와 있어요^^; 전공이랑 부전공이 뭐에요??",
          "summary": "나는 일문과다. 나는 지금 일본 교환학생 유학 중이다.",
          "date": "2022-10-01",
          "time": "14:24:38",
          "terminate": "false"
        },
        {
          "speaker": "speaker1",
          "personaID": "21617",
          "participantID": "0607",
          "utterance": "그러시군요! 저는 주전공은 영문학과이고 심리학과 부전공하고 있어요.",
          "summary": "나는 영문학과가 주전공이다. 나는 심리학과가 부전공이다.",
          "date": "2022-10-01",
          "time": "14:25:14",
          "terminate": "false"
        },
        {
          "speaker": "speaker2",
          "personaID": "22253",
          "participantID": "0642",
          "utterance": "주전공은 같은 어문계열이네요ㅎㅎ심리학과 재밌을 것 같긴하네요!저 @브랜드명1@에 그 김경일 교수님 자꾸 떠요ㅋㅋ.",
          "summary": "나의 @브랜드명1@ 알고리즘에 김경일 교수님이 뜬다.",
          "date": "2022-10-01",
          "time": "14:25:41",
          "terminate": "false"
        },
        {
          "speaker": "speaker1",
          "personaID": "21617",
          "participantID": "0607",
          "utterance": "제 @브랜드명1@ 창은 @이름1@ 선생님 영상으로 가득해요.",
          "summary": "나의 @브랜드명1@ 창은 @이름1@ 선생님 영상으로 가득하다.",
          "date": "2022-10-01",
          "time": "14:26:00",
          "terminate": "false"
        },
        {
          "speaker": "speaker2",
          "personaID": "22253",
          "participantID": "0642",
          "utterance": "마음이 따뜻하시네요. 저는 주로 범죄 프로파일러 이런 거 생각했는데 말입니다ㅎㅎ.",
          "summary": "",
          "date": "2022-10-01",
          "time": "14:26:31",
          "terminate": "false"
        },
        {
          "speaker": "speaker1",
          "personaID": "21617",
          "participantID": "0607",
          "utterance": "제가 무서운 건 잘 못 봐서요. 교환학생 생활은 어떠세요?",
          "summary": "나는 무서운 것을 잘 못 본다.",
          "date": "2022-10-01",
          "time": "14:26:43",
          "terminate": "false"
        },
        {
          "speaker": "speaker2",
          "personaID": "22253",
          "participantID": "0642",
          "utterance": "그렇군요ㅎㅎ한국학교랑 또 달라서 재밌는 것 같아요! 저는 검도부 동아리에 관심이 없는데 잘생긴 친구가 있어서 친구랑 맨날 검도훈련 구경가요ㅋㅋ.",
          "summary": "나는 검도부 동아리에 관심이 없지만 검도부에 잘생긴 사람이 있어서 훈련 구경을 간다.",
          "date": "2022-10-01",
          "time": "14:27:34",
          "terminate": "false"
        },
        {
          "speaker": "speaker1",
          "personaID": "21617",
          "participantID": "0607",
          "utterance": "하하 일본에 잘생긴 학생들 많아요?",
          "summary": "",
          "date": "2022-10-01",
          "time": "14:27:46",
          "terminate": "false"
        },
        {
          "speaker": "speaker2",
          "personaID": "22253",
          "participantID": "0642",
          "utterance": "ㅎㅎ순정만화 남자주인공은 잘 없어요ㅎㅎ 저는 검도부 그 친구가 제일 잘생긴 것 같아요ㅋㅋ.",
          "summary": "나는 검도부 친구가 제일 잘생겼다.",
          "date": "2022-10-01",
          "time": "14:28:32",
          "terminate": "false"
        },
        {
          "speaker": "speaker1",
          "personaID": "21617",
          "participantID": "0607",
          "utterance": "학교 가는 재미가 쏠쏠하겠어요. 생활은 기숙사에서 하시는 건가요?",
          "summary": "",
          "date": "2022-10-01",
          "time": "14:29:06",
          "terminate": "false"
        },
        {
          "speaker": "speaker2",
          "personaID": "22253",
          "participantID": "0642",
          "utterance": "네 유학생 기숙사가 따로 있어서 거기서 2인실 쓰고 있어요!",
          "summary": "나는 유학생 2인실 기숙사에 살고 있다.",
          "date": "2022-10-01",
          "time": "14:29:18",
          "terminate": "false"
        },
        {
          "speaker": "speaker1",
          "personaID": "21617",
          "participantID": "0607",
          "utterance": "그렇군요. 저는 자취나 기숙사 생활은 해본 적 없어서 부럽네요. 오늘 대화 즐거웠어요.",
          "summary": "나는 자취나 기숙사 생활은 해본 적 없어서 기숙사 생활을 하는 상대방이 부럽다.",
          "date": "2022-10-01",
          "time": "14:29:42",
          "terminate": "false"
        },
        {
          "speaker": "speaker2",
          "personaID": "22253",
          "participantID": "0642",
          "utterance": "저도 여기 와서 처음 집 나와서 살아보는데 재밌는 것 같기도 해요ㅎㅎ.",
          "summary": "나는 유학을 오며 처음으로 부모님 집을 떠났다.",
          "date": "2022-10-01",
          "time": "14:29:59",
          "terminate": "true"
        }
      ],
      "sessionPersonaSummary": {
        "speaker1": [
          "나는 20대 여자이다.",
          "나는 요즘 전공보다 부전공 공부가 더 재미있어서 전과하고 싶다.",
          "나는 영문학과가 주전공이다. 나는 심리학과가 부전공이다.",
          "나의 @브랜드명1@ 창은 @이름1@ 선생님 영상으로 가득하다.",
          "나는 무서운 것을 잘 못 본다.",
          "나는 자취나 기숙사 생활은 해본 적 없어서 기숙사 생활을 하는 상대방이 부럽다."
        ],
        "speaker2": [
          "나는 20대 여자이다.",
          "나는 일문과다. 나는 지금 일본 교환학생 유학 중이다.",
          "나의 @브랜드명1@ 알고리즘에 김경일 교수님이 뜬다.",
          "나는 검도부 동아리에 관심이 없지만 검도부에 잘생긴 사람이 있어서 훈련 구경을 간다.",
          "나는 검도부 친구가 제일 잘생겼다.",
          "나는 유학생 2인실 기숙사에 살고 있다.",
          "나는 유학을 오며 처음으로 부모님 집을 떠났다."
        ]
      },
      "prevAggregatedpersonaSummary": {
        "speaker1": [],
        "speaker2": []
      }
    },
    {
      "prevSessionID": "3-00360-1",
      "prevTimeInfo": {
        "timeNum": "5",
        "timeUnit": "일"
      },
      "nthSession": "2",
      "numberOfUtterances": "16",
      "numberOfTurns": "8",
      "sessionID": "3-00360-2",
      "dialog": [
        {
          "speaker": "speaker1",
          "personaID": "21617",
          "participantID": "0607",
          "utterance": "안녕하세요. 5일 동안 학교 잘 다니셨나요? 드디어 토요일이에요 ~",
          "summary": "",
          "date": "2022-10-01",
          "time": "14:30:20",
          "terminate": "false"
        },
        {
          "speaker": "speaker2",
          "personaID": "22253",
          "participantID": "0642",
          "utterance": "네! 잘 다니셨나요?ㅎㅎ 부전공까지 하시려면 과제 많지 않나요?",
          "summary": "",
          "date": "2022-10-01",
          "time": "14:30:49",
          "terminate": "false"
        },
        {
          "speaker": "speaker1",
          "personaID": "21617",
          "participantID": "0607",
          "utterance": "과제 많아요. 심리학과 전공인 친구들 따라가려면 공부 진짜 많이 해야 돼요.",
          "summary": "나는 부전공까지 하느라 과제가 많다. 나는 심리학과가 전공인 친구들을 따라가려면 공부를 많이 해야 한다.",
          "date": "2022-10-01",
          "time": "14:31:12",
          "terminate": "false"
        },
        {
          "speaker": "speaker2",
          "personaID": "22253",
          "participantID": "0642",
          "utterance": "그래도 학교는 집에서 가까운 편이신가요?",
          "summary": "",
          "date": "2022-10-01",
          "time": "14:31:36",
          "terminate": "false"
        },
        {
          "speaker": "speaker1",
          "personaID": "21617",
          "participantID": "0607",
          "utterance": "아니요. 집은 서울인데 학교가 경기도여서 스쿨버스 타고 1시간 30분 정도 걸려요.",
          "summary": "나는 서울에 거주 중이다. 나는 경기도 소재의 대학교를 다닌다. 나는 집에서 스쿨버스를 타고 1시간 30분 정도 걸려서 학교에 간다.",
          "date": "2022-10-01",
          "time": "14:31:57",
          "terminate": "false"
        },
        {
          "speaker": "speaker2",
          "personaID": "22253",
          "participantID": "0642",
          "utterance": "이동시간만으로도 꽤 오래걸리네요!ㅠㅠ 심리학을 사랑하시는 진심이 느껴졌습니다.",
          "summary": "",
          "date": "2022-10-01",
          "time": "14:32:25",
          "terminate": "false"
        },
        {
          "speaker": "speaker1",
          "personaID": "21617",
          "participantID": "0607",
          "utterance": "그래도 이번 학기는 주3일만 학교 나가서 버틸만 해요. 기숙사가 학교 안에 있나요?",
          "summary": "나는 이번 학기는 주 3일만 학교에 가서 집과 학교의 거리가 멀어도 버틸만하다.",
          "date": "2022-10-01",
          "time": "14:32:47",
          "terminate": "false"
        },
        {
          "speaker": "speaker2",
          "personaID": "22253",
          "participantID": "0642",
          "utterance": "ㅎㅎ그나마 좀 낫네요. 기숙사가 조금 떨어져 있는데 멀지 않아서 자전거 타고 다녀요!",
          "summary": "나는 기숙사에서 학교까지 자전거를 타고 통학한다.",
          "date": "2022-10-01",
          "time": "14:33:12",
          "terminate": "false"
        },
        {
          "speaker": "speaker1",
          "personaID": "21617",
          "participantID": "0607",
          "utterance": "일본 사람들은 자전거를 많이 탄다고 하던데 진짜인가요?",
          "summary": "나는 일본 사람들은 자전거를 많이 탄다고 알고 있다.",
          "date": "2022-10-01",
          "time": "14:33:24",
          "terminate": "false"
        },
        {
          "speaker": "speaker2",
          "personaID": "22253",
          "participantID": "0642",
          "utterance": "네 한집에 한대는 있는 것 같아요!ㅎㅎ 교통비가 비싸서 그런 것 같기도 하구요!",
          "summary": "나는 일본집 자전거 소유대수가 많다고 생각한다.",
          "date": "2022-10-01",
          "time": "14:33:56",
          "terminate": "false"
        },
        {
          "speaker": "speaker1",
          "personaID": "21617",
          "participantID": "0607",
          "utterance": "일본이 한국보다 대중교통비가 비싸군요? 일본에 안 가봐서 몰랐어요. 오늘은 뭐 하실 건가요?",
          "summary": "나는 일본에 안 가봐서 일본이 한국보다 대중교통비가 비싼지 몰랐다.",
          "date": "2022-10-01",
          "time": "14:34:23",
          "terminate": "false"
        },
        {
          "speaker": "speaker2",
          "personaID": "22253",
          "participantID": "0642",
          "utterance": "아 그렇군요!약간 비싸요ㅎㅎ 오늘은 외국친구들 불러서 부침개 만들어주기로 했어요. 제가 정이 좀 많아서 맛있는 건 같이 먹고 싶더라구요ㅎㅎ.",
          "summary": "나는 외국인 친구들에게 부침개를 대접할 것이다. 나는 정이 많아 맛있는 건 같이 먹고 싶다.",
          "date": "2022-10-01",
          "time": "14:35:05",
          "terminate": "false"
        },
        {
          "speaker": "speaker1",
          "personaID": "21617",
          "participantID": "0607",
          "utterance": "우와 어떤 부침개 부치실 거예요? 저녁에 친구 만나기로 했는데 저도 친구한테 부침개 사먹자고 할래요.",
          "summary": "나는 저녁에 친구를 만난다. 나는 저녁에 친구한테 부침개를 먹자고 할 것이다.",
          "date": "2022-10-01",
          "time": "14:35:33",
          "terminate": "false"
        },
        {
          "speaker": "speaker2",
          "personaID": "22253",
          "participantID": "0642",
          "utterance": "저 파전과 김치부침개 두 종류로 가려고 합니다!! 친구들 어디서 보세요??ㅎㅎ.",
          "summary": "나는 파전과 김치부침개를 만들 것이다.",
          "date": "2022-10-01",
          "time": "14:36:04",
          "terminate": "false"
        },
        {
          "speaker": "speaker1",
          "personaID": "21617",
          "participantID": "0607",
          "utterance": "경기도에서 오는 친구라 강남에서 보기로 했어요. 저는 오늘 파전 먹어야겠네요! 오늘 좋은 시간 보내세요!",
          "summary": "나는 경기도에서 오는 친구를 강남에서 만나기로 했다. 나는 오늘 파전을 먹을 것이다.",
          "date": "2022-10-01",
          "time": "14:36:38",
          "terminate": "false"
        },
        {
          "speaker": "speaker2",
          "personaID": "22253",
          "participantID": "0642",
          "utterance": "경기도 사람들은 진짜 다 서울에서 약속 잡는 것 같아요ㅎㅎ 같이 부침개 맛있게 먹어요~!!",
          "summary": "나는 경기도 사람들이 서울에서 약속을 많이 잡는다고 생각한다.",
          "date": "2022-10-01",
          "time": "14:37:00",
          "terminate": "true"
        }
      ],
      "sessionPersonaSummary": {
        "speaker1": [
          "나는 부전공까지 하느라 과제가 많다. 나는 심리학과가 전공인 친구들을 따라가려면 공부를 많이 해야 한다.",
          "나는 서울에 거주 중이다. 나는 경기도 소재의 대학교를 다닌다. 나는 집에서 스쿨버스를 타고 1시간 30분 정도 걸려서 학교에 간다.",
          "나는 이번 학기는 주 3일만 학교에 가서 집과 학교의 거리가 멀어도 버틸만하다.",
          "나는 일본 사람들은 자전거를 많이 탄다고 알고 있다.",
          "나는 일본에 안 가봐서 일본이 한국보다 대중교통비가 비싼지 몰랐다.",
          "나는 저녁에 친구를 만난다. 나는 저녁에 친구한테 부침개를 먹자고 할 것이다.",
          "나는 경기도에서 오는 친구를 강남에서 만나기로 했다. 나는 오늘 파전을 먹을 것이다."
        ],
        "speaker2": [
          "나는 기숙사에서 학교까지 자전거를 타고 통학한다.",
          "나는 일본집 자전거 소유대수가 많다고 생각한다.",
          "나는 외국인 친구들에게 부침개를 대접할 것이다. 나는 정이 많아 맛있는 건 같이 먹고 싶다.",
          "나는 파전과 김치부침개를 만들 것이다.",
          "나는 경기도 사람들이 서울에서 약속을 많이 잡는다고 생각한다."
        ]
      },
      "prevAggregatedpersonaSummary": {
        "speaker1": [
          "나는 20대 여자이다.",
          "나는 요즘 전공보다 부전공 공부가 더 재미있어서 전과하고 싶다.",
          "나는 영문학과가 주전공이다. 나는 심리학과가 부전공이다.",
          "나의 @브랜드명1@ 창은 @이름1@ 선생님 영상으로 가득하다.",
          "나는 무서운 것을 잘 못 본다.",
          "나는 자취나 기숙사 생활은 해본 적 없어서 기숙사 생활을 하는 상대방이 부럽다."
        ],
        "speaker2": [
          "나는 20대 여자이다.",
          "나는 일문과다. 나는 지금 일본 교환학생 유학 중이다.",
          "나의 @브랜드명1@ 알고리즘에 김경일 교수님이 뜬다.",
          "나는 검도부 동아리에 관심이 없지만 검도부에 잘생긴 사람이 있어서 훈련 구경을 간다.",
          "나는 검도부 친구가 제일 잘생겼다.",
          "나는 유학생 2인실 기숙사에 살고 있다.",
          "나는 유학을 오며 처음으로 부모님 집을 떠났다."
        ]
      }
    },
    {
      "prevSessionID": "3-00360-2",
      "prevTimeInfo": {
        "timeNum": "1",
        "timeUnit": "일"
      },
      "nthSession": "3",
      "numberOfUtterances": "16",
      "numberOfTurns": "8",
      "sessionID": "3-00360-3",
      "dialog": [
        {
          "speaker": "speaker1",
          "personaID": "21617",
          "participantID": "0607",
          "utterance": "안녕하세요. 어제는 친구분들이랑 부침개 맛있게 드셨나요?",
          "summary": "",
          "date": "2022-10-01",
          "time": "14:37:10",
          "terminate": "false"
        },
        {
          "speaker": "speaker2",
          "personaID": "22253",
          "participantID": "0642",
          "utterance": "네 엄청 배터지게 먹었어요. 친구분 잘 만나고 오셨어요?",
          "summary": "나는 어제 부침개를 배 터지게 먹었다.",
          "date": "2022-10-01",
          "time": "14:37:22",
          "terminate": "false"
        },
        {
          "speaker": "speaker1",
          "personaID": "21617",
          "participantID": "0607",
          "utterance": "네. 저도 친구 잘 만나고 왔어요. 저는 부침개 사먹은 거라 배터질 때까진 못 먹어서 아쉬워요.",
          "summary": "나는 어제 친구를 잘 만나고 왔다. 나는 부침개를 사 먹은 거라 배 터질 때까지 못 먹어서 아쉽다.",
          "date": "2022-10-01",
          "time": "14:37:39",
          "terminate": "false"
        },
        {
          "speaker": "speaker2",
          "personaID": "22253",
          "participantID": "0642",
          "utterance": "아 그런데 맛있었을 것 같아요ㅠㅠ 김치가 좀 부족해서 몇장은 일본김치로 만들었더니 맛이 좀 반감되어서 아쉬웠거든요.",
          "summary": "나는 일본 김치로 부침개를 부쳤더니 한국 부침개 맛이 안나 아쉬웠다.",
          "date": "2022-10-01",
          "time": "14:38:17",
          "terminate": "false"
        },
        {
          "speaker": "speaker1",
          "personaID": "21617",
          "participantID": "0607",
          "utterance": "일본 김치랑 우리나라 김치랑 맛 차이가 많이 나요?",
          "summary": "",
          "date": "2022-10-01",
          "time": "14:38:28",
          "terminate": "false"
        },
        {
          "speaker": "speaker2",
          "personaID": "22253",
          "participantID": "0642",
          "utterance": "약간 매운 맛이 부족하고 단 맛이 강한 것 같아요.",
          "summary": "나는 일본 김치가 한국 김치보다 달다고 생각한다.",
          "date": "2022-10-01",
          "time": "14:38:57",
          "terminate": "false"
        },
        {
          "speaker": "speaker1",
          "personaID": "21617",
          "participantID": "0607",
          "utterance": "그렇군요. 일본 사람들이 매운 음식을 못 먹나 보네요. 김치는 칼칼해야 제맛이죠.",
          "summary": "나는 김치는 칼칼해야 제맛이라고 생각한다.",
          "date": "2022-10-01",
          "time": "14:39:12",
          "terminate": "false"
        },
        {
          "speaker": "speaker2",
          "personaID": "22253",
          "participantID": "0642",
          "utterance": "그러니까요! 얼큰한 국물 먹고 싶네요ㅎㅎ 한국 요즘 날씨는 어때요?",
          "summary": "나는 얼큰한 국물이 먹고 싶다.",
          "date": "2022-10-01",
          "time": "14:39:51",
          "terminate": "false"
        },
        {
          "speaker": "speaker1",
          "personaID": "21617",
          "participantID": "0607",
          "utterance": "완연한 가을 날씨에요. 오늘 날씨도 좋으니 마당에 나가서 단소 좀 불어야겠네요.",
          "summary": "나는 오늘 날씨가 좋아서 마당에 나가서 단소를 불 것이다.",
          "date": "2022-10-01",
          "time": "14:40:06",
          "terminate": "false"
        },
        {
          "speaker": "speaker2",
          "personaID": "22253",
          "participantID": "0642",
          "utterance": "ㅎㅎ네 추운 날씨를 싫어하는데 가을까지는 참 좋은 것 같아요! 단소 부시는 게 취미인 거예요?",
          "summary": "나는 추운 날씨를 싫어한다. 하지만 가을을 좋아한다.",
          "date": "2022-10-01",
          "time": "14:41:02",
          "terminate": "false"
        },
        {
          "speaker": "speaker1",
          "personaID": "21617",
          "participantID": "0607",
          "utterance": "네. 제가 유일하게 연주할 줄 아는 악기가 단소여서 단소 연주 자주 해요.",
          "summary": "나는 악기 중 단소만 유일하게 연주할 줄 안다. 나는 단소 연주를 자주 한다.",
          "date": "2022-10-01",
          "time": "14:41:27",
          "terminate": "false"
        },
        {
          "speaker": "speaker2",
          "personaID": "22253",
          "participantID": "0642",
          "utterance": "저는 리코더요ㅎㅎ 단소는 소리가 안 나더라구요.",
          "summary": "나는 단소 소리를 낼 줄 모른다. 나는 리코더를 불 수 있다.",
          "date": "2022-10-01",
          "time": "14:41:46",
          "terminate": "false"
        },
        {
          "speaker": "speaker1",
          "personaID": "21617",
          "participantID": "0607",
          "utterance": "리코더는 음역대가 너무 높아서 자주 연주하기엔 시끄러운 거 같아요. 오늘은 뭐 하실 건가요?",
          "summary": "나는 리코더는 음역대가 너무 높아서 자주 연주하기엔 시끄러운 것 같다.",
          "date": "2022-10-01",
          "time": "14:42:24",
          "terminate": "false"
        },
        {
          "speaker": "speaker2",
          "personaID": "22253",
          "participantID": "0642",
          "utterance": "확실히 단소소리가 좀 더 고요한 느낌이네요! 어제 일을 너무 벌여서 오늘은 그냥 기숙사에서 쉬려구요ㅎㅎ 오늘 이제 뭐하세요?",
          "summary": "나는 어제가 힘들어 오늘은 기숙사에서 쉴 예정이다.",
          "date": "2022-10-01",
          "time": "14:43:01",
          "terminate": "false"
        },
        {
          "speaker": "speaker1",
          "personaID": "21617",
          "participantID": "0607",
          "utterance": "저는 단소 연주 좀 하고 이불 빨래 하려고요. 날이 서늘해져서 여름 이불 넣어야 할 거 같아요. 좋은 하루 보내세요.",
          "summary": "나는 오늘 단소 연주를 한 후 이불 빨래를 할 것이다. 나는 날이 서늘해져서 여름 이불을 정리할 것이다.",
          "date": "2022-10-01",
          "time": "14:43:48",
          "terminate": "false"
        },
        {
          "speaker": "speaker2",
          "personaID": "22253",
          "participantID": "0642",
          "utterance": "네 일교차 큰데 감기 조심하시구요!!ㅎㅎ 오늘도 좋은 하루 보내세요!",
          "summary": "",
          "date": "2022-10-01",
          "time": "14:44:07",
          "terminate": "true"
        }
      ],
      "sessionPersonaSummary": {
        "speaker1": [
          "나는 어제 친구를 잘 만나고 왔다. 나는 부침개를 사 먹은 거라 배 터질 때까지 못 먹어서 아쉽다.",
          "나는 김치는 칼칼해야 제맛이라고 생각한다.",
          "나는 오늘 날씨가 좋아서 마당에 나가서 단소를 불 것이다.",
          "나는 악기 중 단소만 유일하게 연주할 줄 안다. 나는 단소 연주를 자주 한다.",
          "나는 리코더는 음역대가 너무 높아서 자주 연주하기엔 시끄러운 것 같다.",
          "나는 오늘 단소 연주를 한 후 이불 빨래를 할 것이다. 나는 날이 서늘해져서 여름 이불을 정리할 것이다."
        ],
        "speaker2": [
          "나는 어제 부침개를 배 터지게 먹었다.",
          "나는 일본 김치로 부침개를 부쳤더니 한국 부침개 맛이 안나 아쉬웠다.",
          "나는 일본 김치가 한국 김치보다 달다고 생각한다.",
          "나는 얼큰한 국물이 먹고 싶다.",
          "나는 추운 날씨를 싫어한다. 하지만 가을을 좋아한다.",
          "나는 단소 소리를 낼 줄 모른다. 나는 리코더를 불 수 있다.",
          "나는 어제가 힘들어 오늘은 기숙사에서 쉴 예정이다."
        ]
      },
      "prevAggregatedpersonaSummary": {
        "speaker1": [
          "나는 20대 여자이다.",
          "나는 요즘 전공보다 부전공 공부가 더 재미있어서 전과하고 싶다.",
          "나는 영문학과가 주전공이다. 나는 심리학과가 부전공이다.",
          "나의 @브랜드명1@ 창은 @이름1@ 선생님 영상으로 가득하다.",
          "나는 무서운 것을 잘 못 본다.",
          "나는 자취나 기숙사 생활은 해본 적 없어서 기숙사 생활을 하는 상대방이 부럽다.",
          "나는 부전공까지 하느라 과제가 많다. 나는 심리학과가 전공인 친구들을 따라가려면 공부를 많이 해야 한다.",
          "나는 서울에 거주 중이다. 나는 경기도 소재의 대학교를 다닌다. 나는 집에서 스쿨버스를 타고 1시간 30분 정도 걸려서 학교에 간다.",
          "나는 이번 학기는 주 3일만 학교에 가서 집과 학교의 거리가 멀어도 버틸만하다.",
          "나는 일본 사람들은 자전거를 많이 탄다고 알고 있다.",
          "나는 일본에 안 가봐서 일본이 한국보다 대중교통비가 비싼지 몰랐다.",
          "나는 저녁에 친구를 만난다. 나는 저녁에 친구한테 부침개를 먹자고 할 것이다.",
          "나는 경기도에서 오는 친구를 강남에서 만나기로 했다. 나는 오늘 파전을 먹을 것이다."
        ],
        "speaker2": [
          "나는 20대 여자이다.",
          "나는 일문과다. 나는 지금 일본 교환학생 유학 중이다.",
          "나의 @브랜드명1@ 알고리즘에 김경일 교수님이 뜬다.",
          "나는 검도부 동아리에 관심이 없지만 검도부에 잘생긴 사람이 있어서 훈련 구경을 간다.",
          "나는 검도부 친구가 제일 잘생겼다.",
          "나는 유학생 2인실 기숙사에 살고 있다.",
          "나는 유학을 오며 처음으로 부모님 집을 떠났다.",
          "나는 기숙사에서 학교까지 자전거를 타고 통학한다.",
          "나는 일본집 자전거 소유대수가 많다고 생각한다.",
          "나는 외국인 친구들에게 부침개를 대접할 것이다. 나는 정이 많아 맛있는 건 같이 먹고 싶다.",
          "나는 파전과 김치부침개를 만들 것이다.",
          "나는 경기도 사람들이 서울에서 약속을 많이 잡는다고 생각한다."
        ]
      }
    }
  ]
}