{
  "FileInfo": {
    "filename": "K3-00581-CL00277-CP02572-14-07-S3.json",
    "sessionLevel": "3"
  },
  "participantsInfo": {
    "numberOfParticipants": "2",
    "speaker1": {
      "participantID": "0043",
      "gender": "남성",
      "age": "30대",
      "occupation": "사무직",
      "bPlace": "서울/경기/인천",
      "gPlace": "서울/경기/인천",
      "rPlace": "서울/경기/인천",
      "educationLevel": "고졸"
    },
    "speaker2": {
      "participantID": "0074",
      "gender": "남성",
      "age": "20대",
      "occupation": "학생",
      "bPlace": "서울/경기/인천",
      "gPlace": "서울/경기/인천",
      "rPlace": "서울/경기/인천",
      "educationLevel": "고졸"
    }
  },
  "multisessionInfo": {
    "multisessionID": "3-00581"
  },
  "personaInfo": {
    "clInfo": {
      "personaID": "00277",
      "personaFeatures": [
        "나는 남자이다.",
        "나는 30대이다.",
        "나는 생명과학 연구원이다.",
        "나는 TV 교육 프로그램을 자주 본다.",
        "나는 봄을 싫어한다."
      ],
      "speakerType": "speaker1"
    },
    "cpInfo": {
      "personaID": "02572",
      "personaFeatures": [
        "나는 남자이다.",
        "나는 30대이다.",
        "나의 종교는 가톨릭이다.",
        "나는 잔치국수를 즐겨 먹는다.",
        "나는 디스코 음악을 싫어한다."
      ],
      "speakerType": "speaker2"
    }
  },
  "topicInfo": {
    "topicID": "14-07",
    "topicType": "시사/사회>사회이슈(국내)",
    "topicTitle": "사회 갈등"
  },
  "sessionInfo": [
    {
      "prevSessionID": null,
      "prevTimeInfo": {
        "timeNum": null,
        "timeUnit": null
      },
      "nthSession": "1",
      "numberOfUtterances": "16",
      "numberOfTurns": "8",
      "sessionID": "3-00581-1",
      "dialog": [
        {
          "speaker": "speaker1",
          "personaID": "00277",
          "participantID": "0043",
          "utterance": "안녕하세요~ 저는 30대 남자입니다.",
          "summary": "나는 30대 남자이다.",
          "date": "2022-08-10",
          "time": "21:34:52",
          "terminate": "false"
        },
        {
          "speaker": "speaker2",
          "personaID": "02572",
          "participantID": "0074",
          "utterance": "안녕하세요 ~ 저도 30대 남자에요 반가워요,",
          "summary": "나는 30대 남자이다.",
          "date": "2022-08-10",
          "time": "21:35:01",
          "terminate": "false"
        },
        {
          "speaker": "speaker1",
          "personaID": "00277",
          "participantID": "0043",
          "utterance": "비슷한 나이대네요 ~ 반갑습니다ㅎㅎ 주말인데 뭐하세요?",
          "summary": "",
          "date": "2022-08-10",
          "time": "21:36:18",
          "terminate": "false"
        },
        {
          "speaker": "speaker2",
          "personaID": "02572",
          "participantID": "0074",
          "utterance": "음 전 카톨릭 신도라 종교활동 할 예정입니다.",
          "summary": "나의 종교는 가톨릭이다.",
          "date": "2022-08-10",
          "time": "21:36:38",
          "terminate": "false"
        },
        {
          "speaker": "speaker1",
          "personaID": "00277",
          "participantID": "0043",
          "utterance": "카톨릭 신자시구나ㅎㅎ 어릴때 부터 가신건가요?",
          "summary": "",
          "date": "2022-08-10",
          "time": "21:36:55",
          "terminate": "false"
        },
        {
          "speaker": "speaker2",
          "personaID": "02572",
          "participantID": "0074",
          "utterance": "네 부모님도 가톨릭 신자고 모태신앙입니다.",
          "summary": "나의 부모님도 가톨릭이다. 나는 모태신앙이다.",
          "date": "2022-08-10",
          "time": "21:37:03",
          "terminate": "false"
        },
        {
          "speaker": "speaker1",
          "personaID": "00277",
          "participantID": "0043",
          "utterance": "그러시구나 요즘 남녀 갈등 어떻게 생각하세요?",
          "summary": "",
          "date": "2022-08-10",
          "time": "21:37:22",
          "terminate": "false"
        },
        {
          "speaker": "speaker2",
          "personaID": "02572",
          "participantID": "0074",
          "utterance": "요즘 정말 혐오의 시대라고 할만큼 갈등 요소가 많네요.",
          "summary": "요즘은 갈등 요소가 많다.",
          "date": "2022-08-10",
          "time": "21:37:33",
          "terminate": "false"
        },
        {
          "speaker": "speaker1",
          "personaID": "00277",
          "participantID": "0043",
          "utterance": "그쵸 남녀갈등 뿐만 아니라 세대 갈등에 약자혐오가 너무 만연한거 같아요.",
          "summary": "",
          "date": "2022-08-10",
          "time": "21:37:46",
          "terminate": "false"
        },
        {
          "speaker": "speaker2",
          "personaID": "02572",
          "participantID": "0074",
          "utterance": "그러니까요 서로 조금만 이해해주고 존중해주면 좋겠는데.",
          "summary": "",
          "date": "2022-08-10",
          "time": "21:37:54",
          "terminate": "false"
        },
        {
          "speaker": "speaker1",
          "personaID": "00277",
          "participantID": "0043",
          "utterance": "다들 마음에 여유가 없나봐요 종교활동 말곤 어떤거 하세요?",
          "summary": "",
          "date": "2022-08-10",
          "time": "21:38:31",
          "terminate": "false"
        },
        {
          "speaker": "speaker2",
          "personaID": "02572",
          "participantID": "0074",
          "utterance": "음 저는 요리하는거 좋아해서 집에서 밥해먹죠.",
          "summary": "나는 요리하는 걸 좋아한다.",
          "date": "2022-08-10",
          "time": "21:38:47",
          "terminate": "false"
        },
        {
          "speaker": "speaker1",
          "personaID": "00277",
          "participantID": "0043",
          "utterance": "오 요리하는남자 멋진데요 ? 오늘점심 메뉴는 어떤거에요?",
          "summary": "",
          "date": "2022-08-10",
          "time": "21:39:50",
          "terminate": "false"
        },
        {
          "speaker": "speaker2",
          "personaID": "02572",
          "participantID": "0074",
          "utterance": "아직 고민은 안해봤는데 잔치국수 즐겨먹어서 아마 잔치국수 먹을거에요.",
          "summary": "나는 잔치국수를 즐겨 먹는다.",
          "date": "2022-08-10",
          "time": "21:40:04",
          "terminate": "false"
        },
        {
          "speaker": "speaker1",
          "personaID": "00277",
          "participantID": "0043",
          "utterance": "잔치국수 좋죠 저도 생각 난김에 잔치국수 먹으러 가야겠어요.",
          "summary": "",
          "date": "2022-08-10",
          "time": "21:40:14",
          "terminate": "false"
        },
        {
          "speaker": "speaker2",
          "personaID": "02572",
          "participantID": "0074",
          "utterance": "맛있게 드세요 저도 재료 준비 해놔야겠네요.",
          "summary": "",
          "date": "2022-08-10",
          "time": "21:40:23",
          "terminate": "true"
        }
      ],
      "sessionPersonaSummary": {
        "speaker1": [
          "나는 30대 남자이다."
        ],
        "speaker2": [
          "나는 30대 남자이다.",
          "나의 종교는 가톨릭이다.",
          "나의 부모님도 가톨릭이다. 나는 모태신앙이다.",
          "요즘은 갈등 요소가 많다.",
          "나는 요리하는 걸 좋아한다.",
          "나는 잔치국수를 즐겨 먹는다."
        ]
      },
      "prevAggregatedpersonaSummary": {
        "speaker1": [],
        "speaker2": []
      }
    },
    {
      "prevSessionID": "3-00581-1",
      "prevTimeInfo": {
        "timeNum": "3",
        "timeUnit": "일"
      },
      "nthSession": "2",
      "numberOfUtterances": "16",
      "numberOfTurns": "8",
      "sessionID": "3-00581-2",
      "dialog": [
        {
          "speaker": "speaker1",
          "personaID": "00277",
          "participantID": "0043",
          "utterance": "주말 잘 보내셨나요? 제가 주말에 재밌는걸 봐서요.",
          "summary": "",
          "date": "2022-08-10",
          "time": "21:41:08",
          "terminate": "false"
        },
        {
          "speaker": "speaker2",
          "personaID": "02572",
          "participantID": "0074",
          "utterance": "네 잘 보냈습니다. 어떤거 보셨길래요?",
          "summary": "",
          "date": "2022-08-10",
          "time": "21:41:20",
          "terminate": "false"
        },
        {
          "speaker": "speaker1",
          "personaID": "00277",
          "participantID": "0043",
          "utterance": "tv 교육 프로그램을 자주 보는데 환경오염 문제가 심각 하더라구요.",
          "summary": "나는 tv 교육 프로그램을 자주 본다.",
          "date": "2022-08-10",
          "time": "21:42:00",
          "terminate": "false"
        },
        {
          "speaker": "speaker2",
          "personaID": "02572",
          "participantID": "0074",
          "utterance": "아 요즘 안그래도 말이 많더라구요.",
          "summary": "",
          "date": "2022-08-10",
          "time": "21:42:07",
          "terminate": "false"
        },
        {
          "speaker": "speaker1",
          "personaID": "00277",
          "participantID": "0043",
          "utterance": "휴 신경쓸게 너무 많은거 같아요 혹시 좋아하는 계절있으세요?",
          "summary": "",
          "date": "2022-08-10",
          "time": "21:42:19",
          "terminate": "false"
        },
        {
          "speaker": "speaker2",
          "personaID": "02572",
          "participantID": "0074",
          "utterance": "저는 가을을 제 일 좋아해요 선선한날씨가 좋아서.",
          "summary": "나는 가을을 제 일 좋아한다.",
          "date": "2022-08-10",
          "time": "21:42:27",
          "terminate": "false"
        },
        {
          "speaker": "speaker1",
          "personaID": "00277",
          "participantID": "0043",
          "utterance": "저는 벌레가 많아져서 봄 여름을 싫어하는데 이대로면 한국도 2계절이 되겠어요.",
          "summary": "나는 봄, 여름을 싫어한다.",
          "date": "2022-08-10",
          "time": "21:42:59",
          "terminate": "false"
        },
        {
          "speaker": "speaker2",
          "personaID": "02572",
          "participantID": "0074",
          "utterance": "그러게요 어릴땐 사계절이 뚜렸했는데 점점 여름 겨울만 남는거 같아요.",
          "summary": "내가 어릴 땐 사계절이 뚜렷했다.",
          "date": "2022-08-10",
          "time": "21:43:11",
          "terminate": "false"
        },
        {
          "speaker": "speaker1",
          "personaID": "00277",
          "participantID": "0043",
          "utterance": "제가 좋아하는 가을이 없어진다 생각하니 너무 슬픈데요.",
          "summary": "",
          "date": "2022-08-10",
          "time": "21:43:52",
          "terminate": "false"
        },
        {
          "speaker": "speaker2",
          "personaID": "02572",
          "participantID": "0074",
          "utterance": "작은거라도 조금씩환경을 위하면 달라지지 않을까요?",
          "summary": "",
          "date": "2022-08-10",
          "time": "21:44:07",
          "terminate": "false"
        },
        {
          "speaker": "speaker1",
          "personaID": "00277",
          "participantID": "0043",
          "utterance": "그렇겠죠? 제가 생명과학 연구원 일을하는데 정말 걱정이에요.",
          "summary": "나는 생명과학 연구원이다.",
          "date": "2022-08-10",
          "time": "21:44:23",
          "terminate": "false"
        },
        {
          "speaker": "speaker2",
          "personaID": "02572",
          "participantID": "0074",
          "utterance": "생명과학연구원이요? 제가 자세히 몰라서.",
          "summary": "",
          "date": "2022-08-10",
          "time": "21:45:21",
          "terminate": "false"
        },
        {
          "speaker": "speaker1",
          "personaID": "00277",
          "participantID": "0043",
          "utterance": "보통 유전자 해석이나 난치병예방 치료기술 개발같은걸 하죠.",
          "summary": "생명과학 연구원은 유전자 해석, 난치병 예방 치료기술 개발을 한다.",
          "date": "2022-08-10",
          "time": "21:45:42",
          "terminate": "false"
        },
        {
          "speaker": "speaker2",
          "personaID": "02572",
          "participantID": "0074",
          "utterance": "와 정말 멋진분이셨네요.",
          "summary": "",
          "date": "2022-08-10",
          "time": "21:46:06",
          "terminate": "false"
        },
        {
          "speaker": "speaker1",
          "personaID": "00277",
          "participantID": "0043",
          "utterance": "과찬입니다ㅎㅎ전이만 근무 시간이라 가볼게요.",
          "summary": "",
          "date": "2022-08-10",
          "time": "21:46:14",
          "terminate": "false"
        },
        {
          "speaker": "speaker2",
          "personaID": "02572",
          "participantID": "0074",
          "utterance": "네네 오늘도 화이팅입니다 들어가세요.",
          "summary": "",
          "date": "2022-08-10",
          "time": "21:46:25",
          "terminate": "true"
        }
      ],
      "sessionPersonaSummary": {
        "speaker1": [
          "나는 tv 교육 프로그램을 자주 본다.",
          "나는 봄, 여름을 싫어한다.",
          "나는 생명과학 연구원이다.",
          "생명과학 연구원은 유전자 해석, 난치병 예방 치료기술 개발을 한다."
        ],
        "speaker2": [
          "나는 가을을 제 일 좋아한다.",
          "내가 어릴 땐 사계절이 뚜렷했다."
        ]
      },
      "prevAggregatedpersonaSummary": {
        "speaker1": [
          "나는 30대 남자이다."
        ],
        "speaker2": [
          "나는 30대 남자이다.",
          "나의 종교는 가톨릭이다.",
          "나의 부모님도 가톨릭이다. 나는 모태신앙이다.",
          "요즘은 갈등 요소가 많다.",
          "나는 요리하는 걸 좋아한다.",
          "나는 잔치국수를 즐겨 먹는다."
        ]
      }
    },
    {
      "prevSessionID": "3-00581-2",
      "prevTimeInfo": {
        "timeNum": "4",
        "timeUnit": "시간"
      },
      "nthSession": "3",
      "numberOfUtterances": "16",
      "numberOfTurns": "8",
      "sessionID": "3-00581-3",
      "dialog": [
        {
          "speaker": "speaker1",
          "personaID": "00277",
          "participantID": "0043",
          "utterance": "저는 퇴근 시간인데 선생님은 퇴근 하셨나요?",
          "summary": "",
          "date": "2022-08-10",
          "time": "21:46:44",
          "terminate": "false"
        },
        {
          "speaker": "speaker2",
          "personaID": "02572",
          "participantID": "0074",
          "utterance": "네 저는 노래 들으면서 지하철입니다.",
          "summary": "나는 지하철로 퇴근한다.",
          "date": "2022-08-10",
          "time": "21:47:01",
          "terminate": "false"
        },
        {
          "speaker": "speaker1",
          "personaID": "00277",
          "participantID": "0043",
          "utterance": "노래 좋죠 저는 팝송 좋아하는데 어떤거 좋아하세요?",
          "summary": "나는 팝송을 좋아한다.",
          "date": "2022-08-10",
          "time": "21:47:16",
          "terminate": "false"
        },
        {
          "speaker": "speaker2",
          "personaID": "02572",
          "participantID": "0074",
          "utterance": "음 디스코음악은 싫어하는 편이고 다른건 특별히 가리진 않아요.",
          "summary": "나는 디스코 음악을 싫어한다.",
          "date": "2022-08-10",
          "time": "21:47:38",
          "terminate": "false"
        },
        {
          "speaker": "speaker1",
          "personaID": "00277",
          "participantID": "0043",
          "utterance": "그래도 특별히 좋아하는 장르가 있지 않나요?",
          "summary": "",
          "date": "2022-08-10",
          "time": "21:47:46",
          "terminate": "false"
        },
        {
          "speaker": "speaker2",
          "personaID": "02572",
          "participantID": "0074",
          "utterance": "@소속1@ 좋아해서 락발라드는 좋아해요.",
          "summary": "나는 락발라드를 좋아한다. 나는 @이름1@밴드를 좋아한다.",
          "date": "2022-08-10",
          "time": "21:47:59",
          "terminate": "false"
        },
        {
          "speaker": "speaker1",
          "personaID": "00277",
          "participantID": "0043",
          "utterance": "캬 @이름1@밴드 좋죠 나는나비 노래방가면 항상 부르는 노래에요.",
          "summary": "나는 노래방 가면 나는 나비를 부른다.",
          "date": "2022-08-10",
          "time": "21:48:10",
          "terminate": "false"
        },
        {
          "speaker": "speaker2",
          "personaID": "02572",
          "participantID": "0074",
          "utterance": "저랑 똑같네요 ㅋㅋ노래방 가면 락발라드 불러줘야죠.",
          "summary": "",
          "date": "2022-08-10",
          "time": "21:48:23",
          "terminate": "false"
        },
        {
          "speaker": "speaker1",
          "personaID": "00277",
          "participantID": "0043",
          "utterance": "통하는게 있는데요?ㅋㅋ 2002년 월드컵 생각 나네요.",
          "summary": "",
          "date": "2022-08-10",
          "time": "21:48:49",
          "terminate": "false"
        },
        {
          "speaker": "speaker2",
          "personaID": "02572",
          "participantID": "0074",
          "utterance": "그때 정말 좋았죠ㅋㅋ 학생이었는데.",
          "summary": "",
          "date": "2022-08-10",
          "time": "21:49:05",
          "terminate": "false"
        },
        {
          "speaker": "speaker1",
          "personaID": "00277",
          "participantID": "0043",
          "utterance": "저도 다같이 광장에서 응원하던거 생각 나네요.",
          "summary": "",
          "date": "2022-08-10",
          "time": "21:49:19",
          "terminate": "false"
        },
        {
          "speaker": "speaker2",
          "personaID": "02572",
          "participantID": "0074",
          "utterance": "그땐 사회갈등이 이렇게 심하지 않았던거 같은데 말이죠.",
          "summary": "",
          "date": "2022-08-10",
          "time": "21:49:28",
          "terminate": "false"
        },
        {
          "speaker": "speaker1",
          "personaID": "00277",
          "participantID": "0043",
          "utterance": "그러니까요 다시한번 그때의 분위기를 느낄 수 있을까요?",
          "summary": "",
          "date": "2022-08-10",
          "time": "21:49:51",
          "terminate": "false"
        },
        {
          "speaker": "speaker2",
          "personaID": "02572",
          "participantID": "0074",
          "utterance": "힘들지 않을까요? @이름2@ 선수가 힘내 줬으면 좋겠네요.",
          "summary": "",
          "date": "2022-08-10",
          "time": "21:49:59",
          "terminate": "false"
        },
        {
          "speaker": "speaker1",
          "personaID": "00277",
          "participantID": "0043",
          "utterance": "그러게요 저도이제 퇴근준비하러 가볼게요~",
          "summary": "",
          "date": "2022-08-10",
          "time": "21:50:15",
          "terminate": "false"
        },
        {
          "speaker": "speaker2",
          "personaID": "02572",
          "participantID": "0074",
          "utterance": "네 알겠습니다. 조심해서 들어가세요~",
          "summary": "",
          "date": "2022-08-10",
          "time": "21:50:20",
          "terminate": "true"
        }
      ],
      "sessionPersonaSummary": {
        "speaker1": [
          "나는 팝송을 좋아한다.",
          "나는 노래방 가면 나는 나비를 부른다."
        ],
        "speaker2": [
          "나는 지하철로 퇴근한다.",
          "나는 디스코 음악을 싫어한다.",
          "나는 락발라드를 좋아한다. 나는 @이름1@밴드를 좋아한다."
        ]
      },
      "prevAggregatedpersonaSummary": {
        "speaker1": [
          "나는 30대 남자이다.",
          "나는 tv 교육 프로그램을 자주 본다.",
          "나는 봄, 여름을 싫어한다.",
          "나는 생명과학 연구원이다.",
          "생명과학 연구원은 유전자 해석, 난치병 예방 치료기술 개발을 한다."
        ],
        "speaker2": [
          "나는 30대 남자이다.",
          "나의 종교는 가톨릭이다.",
          "나의 부모님도 가톨릭이다. 나는 모태신앙이다.",
          "요즘은 갈등 요소가 많다.",
          "나는 요리하는 걸 좋아한다.",
          "나는 잔치국수를 즐겨 먹는다.",
          "나는 가을을 제 일 좋아한다.",
          "내가 어릴 땐 사계절이 뚜렷했다."
        ]
      }
    }
  ]
}