{
  "FileInfo": {
    "filename": "K3-00171-CL31393-CP32013-11-03-S3.json",
    "sessionLevel": "3"
  },
  "participantsInfo": {
    "numberOfParticipants": "2",
    "speaker1": {
      "participantID": "0570",
      "gender": "여성",
      "age": "30대",
      "occupation": "무직",
      "bPlace": "서울/경기/인천",
      "gPlace": "서울/경기/인천",
      "rPlace": "서울/경기/인천",
      "educationLevel": "대졸"
    },
    "speaker2": {
      "participantID": "0588",
      "gender": "여성",
      "age": "30대",
      "occupation": "서비스직",
      "bPlace": "광주/전라/제주",
      "gPlace": "광주/전라/제주",
      "rPlace": "광주/전라/제주",
      "educationLevel": "대졸"
    }
  },
  "multisessionInfo": {
    "multisessionID": "3-00171"
  },
  "personaInfo": {
    "clInfo": {
      "personaID": "31393",
      "personaFeatures": [
        "나는 여자이다.",
        "나는 30대이다.",
        "나는 미용사이다.",
        "나는 주말에 쇼핑몰에 간다.",
        "나는 족발을 안 먹는다."
      ],
      "speakerType": "speaker1"
    },
    "cpInfo": {
      "personaID": "32013",
      "personaFeatures": [
        "나는 여자이다.",
        "나는 30대이다.",
        "나는 웹 개발자다.",
        "나는 불의를 참지 못한다.",
        "나는 SF 영화를 가끔 본다."
      ],
      "speakerType": "speaker2"
    }
  },
  "topicInfo": {
    "topicID": "11-03",
    "topicType": "여가와 오락>게임",
    "topicTitle": "전통/민속놀이"
  },
  "sessionInfo": [
    {
      "prevSessionID": null,
      "prevTimeInfo": {
        "timeNum": null,
        "timeUnit": null
      },
      "nthSession": "1",
      "numberOfUtterances": "14",
      "numberOfTurns": "7",
      "sessionID": "3-00171-1",
      "dialog": [
        {
          "speaker": "speaker1",
          "personaID": "31393",
          "participantID": "0570",
          "utterance": "안녕하세요, 저는 30대 여자예요.",
          "summary": "나는 30대 여성이다.",
          "date": "2022-10-06",
          "time": "16:21:00",
          "terminate": "false"
        },
        {
          "speaker": "speaker2",
          "personaID": "32013",
          "participantID": "0588",
          "utterance": "안녕하세요. 저도 30대 여자예요.",
          "summary": "나는 30대 여성이다.",
          "date": "2022-10-06",
          "time": "16:21:06",
          "terminate": "false"
        },
        {
          "speaker": "speaker1",
          "personaID": "31393",
          "participantID": "0570",
          "utterance": "잘 부탁드려요. 저는 미용사로 일하고 있어요.",
          "summary": "나는 미용사이다.",
          "date": "2022-10-06",
          "time": "16:21:35",
          "terminate": "false"
        },
        {
          "speaker": "speaker2",
          "personaID": "32013",
          "participantID": "0588",
          "utterance": "저는 웹 개발자에요. 멋지시네요.",
          "summary": "나는 웹 개발자다.",
          "date": "2022-10-06",
          "time": "16:22:05",
          "terminate": "false"
        },
        {
          "speaker": "speaker1",
          "personaID": "31393",
          "participantID": "0570",
          "utterance": "개발자도 멋진걸요. 저는 주말에 쇼핑몰에 갈 거예요. 이번 주말에 뭐하세요?",
          "summary": "나는 주말에 쇼핑몰에 간다.",
          "date": "2022-10-06",
          "time": "16:22:38",
          "terminate": "false"
        },
        {
          "speaker": "speaker2",
          "personaID": "32013",
          "participantID": "0588",
          "utterance": "오, 뭐 사러 가세요? 전 영화보려구요.",
          "summary": "나는 주말에 영화를 본다.",
          "date": "2022-10-06",
          "time": "16:23:16",
          "terminate": "false"
        },
        {
          "speaker": "speaker1",
          "personaID": "31393",
          "participantID": "0570",
          "utterance": "제가 쇼핑을 좋아해서 그냥 둘러보려고요. 영화 자주 봐요?",
          "summary": "나는 쇼핑을 좋아한다.",
          "date": "2022-10-06",
          "time": "16:23:33",
          "terminate": "false"
        },
        {
          "speaker": "speaker2",
          "personaID": "32013",
          "participantID": "0588",
          "utterance": "전 SF 영화를 가끔 봐요. 혼자 가세요?",
          "summary": "나는 SF 영화를 가끔 본다.",
          "date": "2022-10-06",
          "time": "16:24:17",
          "terminate": "false"
        },
        {
          "speaker": "speaker1",
          "personaID": "31393",
          "participantID": "0570",
          "utterance": "아뇨, 친구랑 가요. 다른 사람이 있어야 잘 어울리는지 봐줄 수 있잖아요.",
          "summary": "나는 친구와 쇼핑몰에 갈 예정이다.",
          "date": "2022-10-06",
          "time": "16:24:47",
          "terminate": "false"
        },
        {
          "speaker": "speaker2",
          "personaID": "32013",
          "participantID": "0588",
          "utterance": "옷 사러 가시는거구나. 친구도 쇼핑 좋아하나봐요.",
          "summary": "",
          "date": "2022-10-06",
          "time": "16:26:00",
          "terminate": "false"
        },
        {
          "speaker": "speaker1",
          "personaID": "31393",
          "participantID": "0570",
          "utterance": "옷도 보고 악세사리도 보고 하겠죠. 네, 친구도 쇼핑을 좋아해요. 잘 맞지 않아요?",
          "summary": "나는 옷을 볼 예정이다. 나는 액세서리를 볼 예정이다. 나의 친구는 쇼핑을 좋아한다.",
          "date": "2022-10-06",
          "time": "16:26:31",
          "terminate": "false"
        },
        {
          "speaker": "speaker2",
          "personaID": "32013",
          "participantID": "0588",
          "utterance": "잘 맞는 친구가 있어 좋겠네요. 전 쇼핑이 힘들던데요.",
          "summary": "나는 쇼핑이 힘들다.",
          "date": "2022-10-06",
          "time": "16:27:08",
          "terminate": "false"
        },
        {
          "speaker": "speaker1",
          "personaID": "31393",
          "participantID": "0570",
          "utterance": "그러시군요. 전 이만 들어가볼게요. 다음에 다시 연락드릴게요.",
          "summary": "",
          "date": "2022-10-06",
          "time": "16:27:17",
          "terminate": "false"
        },
        {
          "speaker": "speaker2",
          "personaID": "32013",
          "participantID": "0588",
          "utterance": "그럼 저도 이만 가볼게요. 다음에 또 대화해요.",
          "summary": "",
          "date": "2022-10-06",
          "time": "16:27:25",
          "terminate": "true"
        }
      ],
      "sessionPersonaSummary": {
        "speaker1": [
          "나는 30대 여성이다.",
          "나는 미용사이다.",
          "나는 주말에 쇼핑몰에 간다.",
          "나는 쇼핑을 좋아한다.",
          "나는 친구와 쇼핑몰에 갈 예정이다.",
          "나는 옷을 볼 예정이다. 나는 액세서리를 볼 예정이다. 나의 친구는 쇼핑을 좋아한다."
        ],
        "speaker2": [
          "나는 30대 여성이다.",
          "나는 웹 개발자다.",
          "나는 주말에 영화를 본다.",
          "나는 SF 영화를 가끔 본다.",
          "나는 쇼핑이 힘들다."
        ]
      },
      "prevAggregatedpersonaSummary": {
        "speaker1": [],
        "speaker2": []
      }
    },
    {
      "prevSessionID": "3-00171-1",
      "prevTimeInfo": {
        "timeNum": "1",
        "timeUnit": "일"
      },
      "nthSession": "2",
      "numberOfUtterances": "14",
      "numberOfTurns": "7",
      "sessionID": "3-00171-2",
      "dialog": [
        {
          "speaker": "speaker1",
          "personaID": "31393",
          "participantID": "0570",
          "utterance": "하루만에 연락드리네요. 저한테 초등학교 다니는 아들이 있는데 너무 귀여워요.",
          "summary": "나는 아들이 있다. 나의 아들은 초등학생이다.",
          "date": "2022-10-06",
          "time": "16:28:08",
          "terminate": "false"
        },
        {
          "speaker": "speaker2",
          "personaID": "32013",
          "participantID": "0588",
          "utterance": "아들이 있으시군요. 정말 귀엽겠어요.",
          "summary": "",
          "date": "2022-10-06",
          "time": "16:29:07",
          "terminate": "false"
        },
        {
          "speaker": "speaker1",
          "personaID": "31393",
          "participantID": "0570",
          "utterance": "네, 오늘 아들 숙제가 민속놀이에 대한 거예요.",
          "summary": "내 아들의 숙제는 민속놀이에 대한 것이다.",
          "date": "2022-10-06",
          "time": "16:29:48",
          "terminate": "false"
        },
        {
          "speaker": "speaker2",
          "personaID": "32013",
          "participantID": "0588",
          "utterance": "민속놀이에 대해 조사라도 하는 건가요?",
          "summary": "",
          "date": "2022-10-06",
          "time": "16:30:15",
          "terminate": "false"
        },
        {
          "speaker": "speaker1",
          "personaID": "31393",
          "participantID": "0570",
          "utterance": "네, 맞아요. 그래서 추석에 했던 윷놀이 윷을 가지고 오더라고요.",
          "summary": "나의 가족은 추석에 윷놀이를 했다. 나의 아들은 나에게 윷을 가져왔다.",
          "date": "2022-10-06",
          "time": "16:30:40",
          "terminate": "false"
        },
        {
          "speaker": "speaker2",
          "personaID": "32013",
          "participantID": "0588",
          "utterance": "오. 윷놀이 해봤는데 재밌죠. 그래서요?",
          "summary": "나는 윷놀이를 해봤다.",
          "date": "2022-10-06",
          "time": "16:31:30",
          "terminate": "false"
        },
        {
          "speaker": "speaker1",
          "personaID": "31393",
          "participantID": "0570",
          "utterance": "민속놀이 숙제해야 한다고 윷놀이하자고 어찌나 그러던지. 결국에 윷놀이를 했어요.",
          "summary": "나의 아들은 나에게 윷놀이를 하자고 했다. 나는 아들과 윷놀이를 했다.",
          "date": "2022-10-06",
          "time": "16:31:52",
          "terminate": "false"
        },
        {
          "speaker": "speaker2",
          "personaID": "32013",
          "participantID": "0588",
          "utterance": "정말 귀엽네요. 미용사시면 아들 머리도 직접 잘라주시나요?",
          "summary": "",
          "date": "2022-10-06",
          "time": "16:32:30",
          "terminate": "false"
        },
        {
          "speaker": "speaker1",
          "personaID": "31393",
          "participantID": "0570",
          "utterance": "네, 집에서 잘라줘요. 그럼 아들은 친구들한테 자랑한다고 하더라고요.",
          "summary": "나는 아들의 머리카락을 집에서 잘라준다. 내가 머리를 잘라주면 아들은 친구들에게 자랑한다.",
          "date": "2022-10-06",
          "time": "16:33:14",
          "terminate": "false"
        },
        {
          "speaker": "speaker2",
          "personaID": "32013",
          "participantID": "0588",
          "utterance": "그러시구나. 혹시 미용실에 진상 손님은 없죠?",
          "summary": "",
          "date": "2022-10-06",
          "time": "16:33:39",
          "terminate": "false"
        },
        {
          "speaker": "speaker1",
          "personaID": "31393",
          "participantID": "0570",
          "utterance": "없을 수가 없죠. 그럴 때마다 힘드네요.",
          "summary": "내가 근무하는 미용실에 진상 손님이 있다. 나는 진상 손님이 오면 힘들다.",
          "date": "2022-10-06",
          "time": "16:34:58",
          "terminate": "false"
        },
        {
          "speaker": "speaker2",
          "personaID": "32013",
          "participantID": "0588",
          "utterance": "전 불의를 참지 못해서 그런걸 보면 그냥 못 넘어가요.",
          "summary": "나는 불의를 참지 못한다.",
          "date": "2022-10-06",
          "time": "16:36:34",
          "terminate": "false"
        },
        {
          "speaker": "speaker1",
          "personaID": "31393",
          "participantID": "0570",
          "utterance": "좋은 분이시네요. 저는 들어가봐야할 것 같네요. 다음에 또 얘기해요.",
          "summary": "",
          "date": "2022-10-06",
          "time": "16:36:53",
          "terminate": "false"
        },
        {
          "speaker": "speaker2",
          "personaID": "32013",
          "participantID": "0588",
          "utterance": "그럼 저도 이만 가볼게요. 다음에 또 대화해요.",
          "summary": "",
          "date": "2022-10-06",
          "time": "16:37:16",
          "terminate": "true"
        }
      ],
      "sessionPersonaSummary": {
        "speaker1": [
          "나는 아들이 있다. 나의 아들은 초등학생이다.",
          "내 아들의 숙제는 민속놀이에 대한 것이다.",
          "나의 가족은 추석에 윷놀이를 했다. 나의 아들은 나에게 윷을 가져왔다.",
          "나의 아들은 나에게 윷놀이를 하자고 했다. 나는 아들과 윷놀이를 했다.",
          "나는 아들의 머리카락을 집에서 잘라준다. 내가 머리를 잘라주면 아들은 친구들에게 자랑한다.",
          "내가 근무하는 미용실에 진상 손님이 있다. 나는 진상 손님이 오면 힘들다."
        ],
        "speaker2": [
          "나는 윷놀이를 해봤다.",
          "나는 불의를 참지 못한다."
        ]
      },
      "prevAggregatedpersonaSummary": {
        "speaker1": [
          "나는 30대 여성이다.",
          "나는 미용사이다.",
          "나는 주말에 쇼핑몰에 간다.",
          "나는 쇼핑을 좋아한다.",
          "나는 친구와 쇼핑몰에 갈 예정이다.",
          "나는 옷을 볼 예정이다. 나는 액세서리를 볼 예정이다. 나의 친구는 쇼핑을 좋아한다."
        ],
        "speaker2": [
          "나는 30대 여성이다.",
          "나는 웹 개발자다.",
          "나는 주말에 영화를 본다.",
          "나는 SF 영화를 가끔 본다.",
          "나는 쇼핑이 힘들다."
        ]
      }
    },
    {
      "prevSessionID": "3-00171-2",
      "prevTimeInfo": {
        "timeNum": "2",
        "timeUnit": "일"
      },
      "nthSession": "3",
      "numberOfUtterances": "18",
      "numberOfTurns": "9",
      "sessionID": "3-00171-3",
      "dialog": [
        {
          "speaker": "speaker1",
          "personaID": "31393",
          "participantID": "0570",
          "utterance": "벌써 이틀이 지났네요. 주말인데 SF 영화는 보셨나요?",
          "summary": "",
          "date": "2022-10-06",
          "time": "16:37:33",
          "terminate": "false"
        },
        {
          "speaker": "speaker2",
          "personaID": "32013",
          "participantID": "0588",
          "utterance": "그러네요. 아직이요. 저녁에 보려구요.",
          "summary": "나는 저녁에 SF 영화를 볼 예정이다.",
          "date": "2022-10-06",
          "time": "16:38:30",
          "terminate": "false"
        },
        {
          "speaker": "speaker1",
          "personaID": "31393",
          "participantID": "0570",
          "utterance": "그러시군요. 저는 지금 친구랑 쇼핑몰 구경하는 중이에요.",
          "summary": "나는 친구와 쇼핑몰에 왔다. 나는 쇼핑몰을 둘러보고 있다.",
          "date": "2022-10-06",
          "time": "16:38:47",
          "terminate": "false"
        },
        {
          "speaker": "speaker2",
          "personaID": "32013",
          "participantID": "0588",
          "utterance": "그러시구나. 마음에 드는 건 좀 있어요?",
          "summary": "",
          "date": "2022-10-06",
          "time": "16:39:54",
          "terminate": "false"
        },
        {
          "speaker": "speaker1",
          "personaID": "31393",
          "participantID": "0570",
          "utterance": "음, 아직까진 괜찮은 게 없네요. 그냥 푸드코너에 가서 밥이나 먼저 먹을까 싶어요.",
          "summary": "나는 마음에 드는 물건을 발견하지 못했다. 나는 푸드코너에 갈 예정이다. 나는 밥을 먹을 예정이다.",
          "date": "2022-10-06",
          "time": "16:40:19",
          "terminate": "false"
        },
        {
          "speaker": "speaker2",
          "personaID": "32013",
          "participantID": "0588",
          "utterance": "그러세요. 밥을 먹어야 돌아다닐 힘이 나죠.",
          "summary": "",
          "date": "2022-10-06",
          "time": "16:42:23",
          "terminate": "false"
        },
        {
          "speaker": "speaker1",
          "personaID": "31393",
          "participantID": "0570",
          "utterance": "네. 저는 초밥을 먹고 싶네요~ 점심 드셨어요?",
          "summary": "나는 초밥을 먹고 싶다.",
          "date": "2022-10-06",
          "time": "16:42:45",
          "terminate": "false"
        },
        {
          "speaker": "speaker2",
          "personaID": "32013",
          "participantID": "0588",
          "utterance": "네. 전 먹었어요. 초밥 맛있겠네요.",
          "summary": "나는 점심을 먹었다.",
          "date": "2022-10-06",
          "time": "16:44:25",
          "terminate": "false"
        },
        {
          "speaker": "speaker1",
          "personaID": "31393",
          "participantID": "0570",
          "utterance": "어떤 거 드셨어요? 저는 아직 못 먹어서 배고프네요.",
          "summary": "나는 점심식사를 하지 않았다. 나는 배고프다.",
          "date": "2022-10-06",
          "time": "16:44:40",
          "terminate": "false"
        },
        {
          "speaker": "speaker2",
          "personaID": "32013",
          "participantID": "0588",
          "utterance": "전 콩나물국 먹었어요. 얼른 드세요.",
          "summary": "나는 콩나물국을 먹었다.",
          "date": "2022-10-06",
          "time": "16:46:26",
          "terminate": "false"
        },
        {
          "speaker": "speaker1",
          "personaID": "31393",
          "participantID": "0570",
          "utterance": "그래야죠. 그런데 웹 개발자시면 야근이 많나요?",
          "summary": "",
          "date": "2022-10-06",
          "time": "16:46:50",
          "terminate": "false"
        },
        {
          "speaker": "speaker2",
          "personaID": "32013",
          "participantID": "0588",
          "utterance": "네. 전 항상 야근하는 것 같아요.",
          "summary": "나는 항상 야근한다.",
          "date": "2022-10-06",
          "time": "16:49:27",
          "terminate": "false"
        },
        {
          "speaker": "speaker1",
          "personaID": "31393",
          "participantID": "0570",
          "utterance": "그러시구나. 힘드시겠어요. 저도 일이 많긴 한데 야근은 별로 안 해요.",
          "summary": "나는 일이 많다. 나는 야근을 별로 하지 않는다.",
          "date": "2022-10-06",
          "time": "16:50:04",
          "terminate": "false"
        },
        {
          "speaker": "speaker2",
          "personaID": "32013",
          "participantID": "0588",
          "utterance": "그렇겠죠? 그래도 미용사 일도 힘들잖아요.",
          "summary": "",
          "date": "2022-10-06",
          "time": "16:51:51",
          "terminate": "false"
        },
        {
          "speaker": "speaker1",
          "personaID": "31393",
          "participantID": "0570",
          "utterance": "하하, 그렇긴 하죠. 그래도 아들 먹여살리려면 열심히 해야죠.",
          "summary": "",
          "date": "2022-10-06",
          "time": "16:52:06",
          "terminate": "false"
        },
        {
          "speaker": "speaker2",
          "personaID": "32013",
          "participantID": "0588",
          "utterance": "화이팅 합시다. 우리만 힘든 것도 아닌데요.",
          "summary": "",
          "date": "2022-10-06",
          "time": "16:52:40",
          "terminate": "false"
        },
        {
          "speaker": "speaker1",
          "personaID": "31393",
          "participantID": "0570",
          "utterance": "네, 힘내죠. 저는 이만 들어가볼게요. 다음에 또 연락드릴게요. 대화 즐거웠어요.",
          "summary": "",
          "date": "2022-10-06",
          "time": "16:52:51",
          "terminate": "false"
        },
        {
          "speaker": "speaker2",
          "personaID": "32013",
          "participantID": "0588",
          "utterance": "그럼 저도 이만 가볼게요. 대화 재밌었어요.",
          "summary": "",
          "date": "2022-10-06",
          "time": "16:52:53",
          "terminate": "true"
        }
      ],
      "sessionPersonaSummary": {
        "speaker1": [
          "나는 친구와 쇼핑몰에 왔다. 나는 쇼핑몰을 둘러보고 있다.",
          "나는 마음에 드는 물건을 발견하지 못했다. 나는 푸드코너에 갈 예정이다. 나는 밥을 먹을 예정이다.",
          "나는 초밥을 먹고 싶다.",
          "나는 점심식사를 하지 않았다. 나는 배고프다.",
          "나는 일이 많다. 나는 야근을 별로 하지 않는다."
        ],
        "speaker2": [
          "나는 저녁에 SF 영화를 볼 예정이다.",
          "나는 점심을 먹었다.",
          "나는 콩나물국을 먹었다.",
          "나는 항상 야근한다."
        ]
      },
      "prevAggregatedpersonaSummary": {
        "speaker1": [
          "나는 30대 여성이다.",
          "나는 미용사이다.",
          "나는 주말에 쇼핑몰에 간다.",
          "나는 쇼핑을 좋아한다.",
          "나는 친구와 쇼핑몰에 갈 예정이다.",
          "나는 옷을 볼 예정이다. 나는 액세서리를 볼 예정이다. 나의 친구는 쇼핑을 좋아한다.",
          "나는 아들이 있다. 나의 아들은 초등학생이다.",
          "내 아들의 숙제는 민속놀이에 대한 것이다.",
          "나의 가족은 추석에 윷놀이를 했다. 나의 아들은 나에게 윷을 가져왔다.",
          "나의 아들은 나에게 윷놀이를 하자고 했다. 나는 아들과 윷놀이를 했다.",
          "나는 아들의 머리카락을 집에서 잘라준다. 내가 머리를 잘라주면 아들은 친구들에게 자랑한다.",
          "내가 근무하는 미용실에 진상 손님이 있다. 나는 진상 손님이 오면 힘들다."
        ],
        "speaker2": [
          "나는 30대 여성이다.",
          "나는 웹 개발자다.",
          "나는 주말에 영화를 본다.",
          "나는 SF 영화를 가끔 본다.",
          "나는 쇼핑이 힘들다.",
          "나는 윷놀이를 해봤다.",
          "나는 불의를 참지 못한다."
        ]
      }
    }
  ]
}