{
  "FileInfo": {
    "filename": "K3-00258-CL24261-CP22581-08-01-S3.json",
    "sessionLevel": "3"
  },
  "participantsInfo": {
    "numberOfParticipants": "2",
    "speaker1": {
      "participantID": "0801",
      "gender": "여성",
      "age": "20대",
      "occupation": "학생",
      "bPlace": "부산/대구/울산/경상",
      "gPlace": "부산/대구/울산/경상",
      "rPlace": "부산/대구/울산/경상",
      "educationLevel": "대졸"
    },
    "speaker2": {
      "participantID": "0805",
      "gender": "여성",
      "age": "20대",
      "occupation": "학생",
      "bPlace": "대전/세종/충청/강원",
      "gPlace": "대전/세종/충청/강원",
      "rPlace": "대전/세종/충청/강원",
      "educationLevel": "고졸"
    }
  },
  "multisessionInfo": {
    "multisessionID": "3-00258"
  },
  "personaInfo": {
    "clInfo": {
      "personaID": "24261",
      "personaFeatures": [
        "나는 여자이다.",
        "나는 20대이다.",
        "나는 맛집 여행에 관심 없다.",
        "나는 방송 연출 보조이다.",
        "나는 홈트레이닝을 가끔 한다.",
        "나는 와인을 좋아한다."
      ],
      "speakerType": "speaker1"
    },
    "cpInfo": {
      "personaID": "22581",
      "personaFeatures": [
        "나는 여자이다.",
        "나는 20대이다.",
        "나는 선후배가 없다.",
        "나는 조선해양공학과가 부전공이다.",
        "나는 전자책을 잘 활용한다."
      ],
      "speakerType": "speaker2"
    }
  },
  "topicInfo": {
    "topicID": "08-01",
    "topicType": "개인 및 관계>연애/결혼",
    "topicTitle": "결혼식"
  },
  "sessionInfo": [
    {
      "prevSessionID": null,
      "prevTimeInfo": {
        "timeNum": null,
        "timeUnit": null
      },
      "nthSession": "1",
      "numberOfUtterances": "16",
      "numberOfTurns": "8",
      "sessionID": "3-00258-1",
      "dialog": [
        {
          "speaker": "speaker1",
          "personaID": "24261",
          "participantID": "0801",
          "utterance": "반갑습니다. 저는 20대 여성입니다.",
          "summary": "나는 20대 여성이다.",
          "date": "2022-11-01",
          "time": "10:02:53",
          "terminate": "false"
        },
        {
          "speaker": "speaker2",
          "personaID": "22581",
          "participantID": "0805",
          "utterance": "안녕하세요. 저도 20대 여성입니다.",
          "summary": "나는 20대 여성이다.",
          "date": "2022-11-01",
          "time": "10:02:59",
          "terminate": "false"
        },
        {
          "speaker": "speaker1",
          "personaID": "24261",
          "participantID": "0801",
          "utterance": "저는 방송연출 보조일을 합니다. 어떤 일을 하세요?",
          "summary": "나는 방송 연출 보조이다.",
          "date": "2022-11-01",
          "time": "10:03:19",
          "terminate": "false"
        },
        {
          "speaker": "speaker2",
          "personaID": "22581",
          "participantID": "0805",
          "utterance": "저는 지금 대학생이고 조선해양공학과가 부전공입니다.",
          "summary": "나는 대학생이다, 나는 조선해양공학과가 부전공이다.",
          "date": "2022-11-01",
          "time": "10:03:24",
          "terminate": "false"
        },
        {
          "speaker": "speaker1",
          "personaID": "24261",
          "participantID": "0801",
          "utterance": "저는 일이 많아서 매일 야근을 해요.",
          "summary": "나는 매일 야근을 한다.",
          "date": "2022-11-01",
          "time": "10:04:01",
          "terminate": "false"
        },
        {
          "speaker": "speaker2",
          "personaID": "22581",
          "participantID": "0805",
          "utterance": "아무래도 방송일이니까 야근도 많으신것같네요ㅠ.",
          "summary": "",
          "date": "2022-11-01",
          "time": "10:04:22",
          "terminate": "false"
        },
        {
          "speaker": "speaker1",
          "personaID": "24261",
          "participantID": "0801",
          "utterance": "보조일은 일이 너무 많은거 같아요ㅠ 오늘은 학교인가요?",
          "summary": "",
          "date": "2022-11-01",
          "time": "10:04:48",
          "terminate": "false"
        },
        {
          "speaker": "speaker2",
          "personaID": "22581",
          "participantID": "0805",
          "utterance": "그럴것같아요ㅠ 일 하는거에 비해서 수입은 많지 않죠?ㅠ 저는 지금 학교예요.",
          "summary": "",
          "date": "2022-11-01",
          "time": "10:05:04",
          "terminate": "false"
        },
        {
          "speaker": "speaker1",
          "personaID": "24261",
          "participantID": "0801",
          "utterance": "수입이 많이 적어요ㅠ 학교 수업은 많나요?",
          "summary": "나는 수입이 많이 적다.",
          "date": "2022-11-01",
          "time": "10:05:34",
          "terminate": "false"
        },
        {
          "speaker": "speaker2",
          "personaID": "22581",
          "participantID": "0805",
          "utterance": "그렇군요ㅠ 저는 다행히 이제 수업 끝났어요~!",
          "summary": "",
          "date": "2022-11-01",
          "time": "10:05:57",
          "terminate": "false"
        },
        {
          "speaker": "speaker1",
          "personaID": "24261",
          "participantID": "0801",
          "utterance": "그렇군요. 그럼 이제 뭐 하실 계획이세요? 식사는 했어요?",
          "summary": "",
          "date": "2022-11-01",
          "time": "10:06:16",
          "terminate": "false"
        },
        {
          "speaker": "speaker2",
          "personaID": "22581",
          "participantID": "0805",
          "utterance": "저는 아직 안먹었어요. 시내에 가서 친구랑 양식을 먹으려고요.",
          "summary": "나는 양식을 먹을 거다.",
          "date": "2022-11-01",
          "time": "10:06:32",
          "terminate": "false"
        },
        {
          "speaker": "speaker1",
          "personaID": "24261",
          "participantID": "0801",
          "utterance": "그렇군요. 친구랑 양식은 뭐로 드세요?",
          "summary": "",
          "date": "2022-11-01",
          "time": "10:06:59",
          "terminate": "false"
        },
        {
          "speaker": "speaker2",
          "personaID": "22581",
          "participantID": "0805",
          "utterance": "파스타, 리조또, 피자를 시켜서 먹으려고요~!",
          "summary": "",
          "date": "2022-11-01",
          "time": "10:07:17",
          "terminate": "false"
        },
        {
          "speaker": "speaker1",
          "personaID": "24261",
          "participantID": "0801",
          "utterance": "그렇군요. 그럼 식사 맛있게 하세요!",
          "summary": "",
          "date": "2022-11-01",
          "time": "10:07:42",
          "terminate": "false"
        },
        {
          "speaker": "speaker2",
          "personaID": "22581",
          "participantID": "0805",
          "utterance": "네 그럼 오늘 하루 잘 보내시길 바래요.",
          "summary": "",
          "date": "2022-11-01",
          "time": "10:07:52",
          "terminate": "true"
        }
      ],
      "sessionPersonaSummary": {
        "speaker1": [
          "나는 20대 여성이다.",
          "나는 방송 연출 보조이다.",
          "나는 매일 야근을 한다.",
          "나는 수입이 많이 적다."
        ],
        "speaker2": [
          "나는 20대 여성이다.",
          "나는 대학생이다, 나는 조선해양공학과가 부전공이다.",
          "나는 양식을 먹을 거다."
        ]
      },
      "prevAggregatedpersonaSummary": {
        "speaker1": [],
        "speaker2": []
      }
    },
    {
      "prevSessionID": "3-00258-1",
      "prevTimeInfo": {
        "timeNum": "10",
        "timeUnit": "일"
      },
      "nthSession": "2",
      "numberOfUtterances": "14",
      "numberOfTurns": "7",
      "sessionID": "3-00258-2",
      "dialog": [
        {
          "speaker": "speaker1",
          "personaID": "24261",
          "participantID": "0801",
          "utterance": "10일이 지났네요. 그동안 어떻게 지냈나요?",
          "summary": "",
          "date": "2022-11-01",
          "time": "10:08:06",
          "terminate": "false"
        },
        {
          "speaker": "speaker2",
          "personaID": "22581",
          "participantID": "0805",
          "utterance": "네 저는 잘 지냈어요. 그동안 별일 없으셨죠?",
          "summary": "",
          "date": "2022-11-01",
          "time": "10:08:23",
          "terminate": "false"
        },
        {
          "speaker": "speaker1",
          "personaID": "24261",
          "participantID": "0801",
          "utterance": "그동안 매일 야근을 했어요. 저는 오늘 친구 결혼식에 왔어요.",
          "summary": "나는 친구 결혼식에 왔다.",
          "date": "2022-11-01",
          "time": "10:08:52",
          "terminate": "false"
        },
        {
          "speaker": "speaker2",
          "personaID": "22581",
          "participantID": "0805",
          "utterance": "그렇군요ㅠ 친한 친구 결혼식인가 보네요?",
          "summary": "",
          "date": "2022-11-01",
          "time": "10:09:09",
          "terminate": "false"
        },
        {
          "speaker": "speaker1",
          "personaID": "24261",
          "participantID": "0801",
          "utterance": "많이 친한 친구는 아닌데 결혼식에 참석은 해야할거 같아서 왔어요.",
          "summary": "",
          "date": "2022-11-01",
          "time": "10:09:41",
          "terminate": "false"
        },
        {
          "speaker": "speaker2",
          "personaID": "22581",
          "participantID": "0805",
          "utterance": "그럼 결혼식 축의금은 얼마 정도 내시나요?",
          "summary": "",
          "date": "2022-11-01",
          "time": "10:09:59",
          "terminate": "false"
        },
        {
          "speaker": "speaker1",
          "personaID": "24261",
          "participantID": "0801",
          "utterance": "고민하다가 적당하게 낸거 같아요. 요즘 주위에 결혼식이 많네요.",
          "summary": "나는 요즘 주위에 결혼식이 많다.",
          "date": "2022-11-01",
          "time": "10:10:32",
          "terminate": "false"
        },
        {
          "speaker": "speaker2",
          "personaID": "22581",
          "participantID": "0805",
          "utterance": "결혼식이 많으면 그만큼 돈도 많이 나가겠네요ㅠ.",
          "summary": "",
          "date": "2022-11-01",
          "time": "10:10:44",
          "terminate": "false"
        },
        {
          "speaker": "speaker1",
          "personaID": "24261",
          "participantID": "0801",
          "utterance": "그러니까요ㅠ 식사도 하고 가라고 해서 왔는데 제가 와인을 좋아해서 한잔 해야겠네요. 오늘은 학교 안가셨죠?",
          "summary": "나는 와인을 좋아한다.",
          "date": "2022-11-01",
          "time": "10:11:21",
          "terminate": "false"
        },
        {
          "speaker": "speaker2",
          "personaID": "22581",
          "participantID": "0805",
          "utterance": "네 그러세요. 저는 오늘은 주말이라서 지금 집이였어요.",
          "summary": "",
          "date": "2022-11-01",
          "time": "10:11:39",
          "terminate": "false"
        },
        {
          "speaker": "speaker1",
          "personaID": "24261",
          "participantID": "0801",
          "utterance": "맞아요. 주말인데 오늘은 뭐하면서 쉬세요?",
          "summary": "",
          "date": "2022-11-01",
          "time": "10:12:06",
          "terminate": "false"
        },
        {
          "speaker": "speaker2",
          "personaID": "22581",
          "participantID": "0805",
          "utterance": "지금 전자책을 보고 있었어요. 제가 전자책을 잘 활용하다보니 이제는 종이책보다 편하네요.",
          "summary": "나는 전자책을 잘 활용한다.",
          "date": "2022-11-01",
          "time": "10:12:26",
          "terminate": "false"
        },
        {
          "speaker": "speaker1",
          "personaID": "24261",
          "participantID": "0801",
          "utterance": "요즘은 전자책으로 많이 보더라구요. 저도 그래요. 그럼 잘 쉬시고 또 봐요.",
          "summary": "",
          "date": "2022-11-01",
          "time": "10:12:52",
          "terminate": "false"
        },
        {
          "speaker": "speaker2",
          "personaID": "22581",
          "participantID": "0805",
          "utterance": "네 맞아요. 그럼 오늘 결혼식 잘 다녀오시고 다음에 또 연락해요.",
          "summary": "",
          "date": "2022-11-01",
          "time": "10:13:07",
          "terminate": "true"
        }
      ],
      "sessionPersonaSummary": {
        "speaker1": [
          "나는 친구 결혼식에 왔다.",
          "나는 요즘 주위에 결혼식이 많다.",
          "나는 와인을 좋아한다."
        ],
        "speaker2": [
          "나는 전자책을 잘 활용한다."
        ]
      },
      "prevAggregatedpersonaSummary": {
        "speaker1": [
          "나는 20대 여성이다.",
          "나는 방송 연출 보조이다.",
          "나는 매일 야근을 한다.",
          "나는 수입이 많이 적다."
        ],
        "speaker2": [
          "나는 20대 여성이다.",
          "나는 대학생이다, 나는 조선해양공학과가 부전공이다.",
          "나는 양식을 먹을 거다."
        ]
      }
    },
    {
      "prevSessionID": "3-00258-2",
      "prevTimeInfo": {
        "timeNum": "2",
        "timeUnit": "주"
      },
      "nthSession": "3",
      "numberOfUtterances": "18",
      "numberOfTurns": "9",
      "sessionID": "3-00258-3",
      "dialog": [
        {
          "speaker": "speaker1",
          "personaID": "24261",
          "participantID": "0801",
          "utterance": "잘 지내셨어요? 2주일이 지났네요. 오늘은 어디에 계신가요?",
          "summary": "",
          "date": "2022-11-01",
          "time": "10:13:34",
          "terminate": "false"
        },
        {
          "speaker": "speaker2",
          "personaID": "22581",
          "participantID": "0805",
          "utterance": "저는 지금 학교였어요. 오늘도 일하시나요?",
          "summary": "",
          "date": "2022-11-01",
          "time": "10:13:44",
          "terminate": "false"
        },
        {
          "speaker": "speaker1",
          "personaID": "24261",
          "participantID": "0801",
          "utterance": "오늘은 쉬는날이예요. 학교 수업은 많나요?",
          "summary": "",
          "date": "2022-11-01",
          "time": "10:14:03",
          "terminate": "false"
        },
        {
          "speaker": "speaker2",
          "personaID": "22581",
          "participantID": "0805",
          "utterance": "네 오늘은 수업이 많이 있네요ㅠ 사실 저는 선후배가 없어요.",
          "summary": "나는 선후배가 없다.",
          "date": "2022-11-01",
          "time": "10:14:22",
          "terminate": "false"
        },
        {
          "speaker": "speaker1",
          "personaID": "24261",
          "participantID": "0801",
          "utterance": "그렇군요. 혹시 학교에 복학하셨나요?",
          "summary": "",
          "date": "2022-11-01",
          "time": "10:14:43",
          "terminate": "false"
        },
        {
          "speaker": "speaker2",
          "personaID": "22581",
          "participantID": "0805",
          "utterance": "네 맞아요. 그래서 선후배라고 말하기도 그렇네요ㅠ.",
          "summary": "",
          "date": "2022-11-01",
          "time": "10:15:04",
          "terminate": "false"
        },
        {
          "speaker": "speaker1",
          "personaID": "24261",
          "participantID": "0801",
          "utterance": "그럼 선후배가 없겠네요. 그래도 찬찬히 친해지면 될거 같아요.",
          "summary": "",
          "date": "2022-11-01",
          "time": "10:15:43",
          "terminate": "false"
        },
        {
          "speaker": "speaker2",
          "personaID": "22581",
          "participantID": "0805",
          "utterance": "네 근데 아무래도 복학을 해서 그런지 다가가기가 쉽지는 않은것같아요.",
          "summary": "",
          "date": "2022-11-01",
          "time": "10:16:00",
          "terminate": "false"
        },
        {
          "speaker": "speaker1",
          "personaID": "24261",
          "participantID": "0801",
          "utterance": "맞아요. 그럴거 같아요. 저는 홈트레이닝을 가끔 하는데 오늘 운동을 좀 해야겠어요.",
          "summary": "나는 홈트레이닝을 가끔 한다.",
          "date": "2022-11-01",
          "time": "10:16:24",
          "terminate": "false"
        },
        {
          "speaker": "speaker2",
          "personaID": "22581",
          "participantID": "0805",
          "utterance": "운동을 하시군요. 저는 요즘 운동을 통 안해서 해야될것같아요.",
          "summary": "",
          "date": "2022-11-01",
          "time": "10:16:39",
          "terminate": "false"
        },
        {
          "speaker": "speaker1",
          "personaID": "24261",
          "participantID": "0801",
          "utterance": "산책이나 조깅도 편하게 하기 좋으니까 가끔씩 해보세요.",
          "summary": "",
          "date": "2022-11-01",
          "time": "10:16:58",
          "terminate": "false"
        },
        {
          "speaker": "speaker2",
          "personaID": "22581",
          "participantID": "0805",
          "utterance": "네 일단 쉬운 것부터 시작해봐야겠네요.",
          "summary": "",
          "date": "2022-11-01",
          "time": "10:17:13",
          "terminate": "false"
        },
        {
          "speaker": "speaker1",
          "personaID": "24261",
          "participantID": "0801",
          "utterance": "그게 좋을거 같아요. 저는 맛집 여행에 관심 없는데 친구가 가자고 연락이 왔네요.",
          "summary": "나는 맛집 여행에 관심 없다.",
          "date": "2022-11-01",
          "time": "10:17:41",
          "terminate": "false"
        },
        {
          "speaker": "speaker2",
          "personaID": "22581",
          "participantID": "0805",
          "utterance": "관심도 없는데 친구분이 강요를 하시네요ㅠ 안간다고 하시는게 좋겠어요.",
          "summary": "",
          "date": "2022-11-01",
          "time": "10:18:03",
          "terminate": "false"
        },
        {
          "speaker": "speaker1",
          "personaID": "24261",
          "participantID": "0801",
          "utterance": "네 그래야겠어요. 오늘은 저는 집에서 쉴거 같은데 수업 끝나면 뭐하시나요?",
          "summary": "",
          "date": "2022-11-01",
          "time": "10:18:23",
          "terminate": "false"
        },
        {
          "speaker": "speaker2",
          "personaID": "22581",
          "participantID": "0805",
          "utterance": "저는 수업 끝나고 나서 집에 가서 영화를 보려고요.",
          "summary": "",
          "date": "2022-11-01",
          "time": "10:18:38",
          "terminate": "false"
        },
        {
          "speaker": "speaker1",
          "personaID": "24261",
          "participantID": "0801",
          "utterance": "영화보는걸 좋아하시나요? 그럼 집에 가서 쉬시고 또 연락해요.",
          "summary": "",
          "date": "2022-11-01",
          "time": "10:19:00",
          "terminate": "false"
        },
        {
          "speaker": "speaker2",
          "personaID": "22581",
          "participantID": "0805",
          "utterance": "네 코미디 영화를 보려고요. 그럼 다음에 연락주세요.",
          "summary": "나는 코미디 영화를 볼 거다.",
          "date": "2022-11-01",
          "time": "10:19:09",
          "terminate": "true"
        }
      ],
      "sessionPersonaSummary": {
        "speaker1": [
          "나는 홈트레이닝을 가끔 한다.",
          "나는 맛집 여행에 관심 없다."
        ],
        "speaker2": [
          "나는 선후배가 없다.",
          "나는 코미디 영화를 볼 거다."
        ]
      },
      "prevAggregatedpersonaSummary": {
        "speaker1": [
          "나는 20대 여성이다.",
          "나는 방송 연출 보조이다.",
          "나는 매일 야근을 한다.",
          "나는 수입이 많이 적다.",
          "나는 친구 결혼식에 왔다.",
          "나는 요즘 주위에 결혼식이 많다.",
          "나는 와인을 좋아한다."
        ],
        "speaker2": [
          "나는 20대 여성이다.",
          "나는 대학생이다, 나는 조선해양공학과가 부전공이다.",
          "나는 양식을 먹을 거다.",
          "나는 전자책을 잘 활용한다."
        ]
      }
    }
  ]
}