{
  "FileInfo": {
    "filename": "K3-00527-CL20267-CP20924-03-09-S3.json",
    "sessionLevel": "3"
  },
  "participantsInfo": {
    "numberOfParticipants": "2",
    "speaker1": {
      "participantID": "0248",
      "gender": "남성",
      "age": "20대",
      "occupation": "학생",
      "bPlace": "서울/경기/인천",
      "gPlace": "서울/경기/인천",
      "rPlace": "서울/경기/인천",
      "educationLevel": "고졸"
    },
    "speaker2": {
      "participantID": "0102",
      "gender": "남성",
      "age": "20대",
      "occupation": "학생",
      "bPlace": "서울/경기/인천",
      "gPlace": "서울/경기/인천",
      "rPlace": "서울/경기/인천",
      "educationLevel": "고졸"
    }
  },
  "multisessionInfo": {
    "multisessionID": "3-00527"
  },
  "personaInfo": {
    "clInfo": {
      "personaID": "20267",
      "personaFeatures": [
        "나는 남자이다.",
        "나는 20대이다.",
        "나는 요즘, 매일 부끄러운 감정이 든다.",
        "나는 환경미화원이다.",
        "나는 첼로 연주를 배우고 있다."
      ],
      "speakerType": "speaker1"
    },
    "cpInfo": {
      "personaID": "20924",
      "personaFeatures": [
        "나는 남자이다.",
        "나는 20대이다.",
        "나는 매우 고집이 세다.",
        "나는 영화부 동아리에 관심이 없다.",
        "나는 수필을 가끔 읽는다."
      ],
      "speakerType": "speaker2"
    }
  },
  "topicInfo": {
    "topicID": "03-09",
    "topicType": "교통",
    "topicTitle": "신호등/횡단보도"
  },
  "sessionInfo": [
    {
      "prevSessionID": null,
      "prevTimeInfo": {
        "timeNum": null,
        "timeUnit": null
      },
      "nthSession": "1",
      "numberOfUtterances": "16",
      "numberOfTurns": "8",
      "sessionID": "3-00527-1",
      "dialog": [
        {
          "speaker": "speaker1",
          "personaID": "20267",
          "participantID": "0248",
          "utterance": "안녕하세요!. 저는 20대 남자입니다 반가워요ㅋㅋ.",
          "summary": "나는 20대 남성이다.",
          "date": "2022-09-21",
          "time": "17:27:45",
          "terminate": "false"
        },
        {
          "speaker": "speaker2",
          "personaID": "20924",
          "participantID": "0102",
          "utterance": "저도 20대 남자에요ㅋㅋ. 안녕하세용.",
          "summary": "나는 20대 남성이다.",
          "date": "2022-09-21",
          "time": "17:27:48",
          "terminate": "false"
        },
        {
          "speaker": "speaker1",
          "personaID": "20267",
          "participantID": "0248",
          "utterance": "오 반가워요ㅋㅋ. 뭐 하는 중이셨어요?",
          "summary": "",
          "date": "2022-09-21",
          "time": "17:28:00",
          "terminate": "false"
        },
        {
          "speaker": "speaker2",
          "personaID": "20924",
          "participantID": "0102",
          "utterance": "전 지금 학교 끝나고 친구들이랑 술 마시러 가용.",
          "summary": "",
          "date": "2022-09-21",
          "time": "17:28:12",
          "terminate": "false"
        },
        {
          "speaker": "speaker1",
          "personaID": "20267",
          "participantID": "0248",
          "utterance": "말만 들었는데 저도 같이 끼고 싶어요. 술 진짜 좋아하거든요ㅋㅋ.",
          "summary": "나는 술을 좋아한다.",
          "date": "2022-09-21",
          "time": "17:28:30",
          "terminate": "false"
        },
        {
          "speaker": "speaker2",
          "personaID": "20924",
          "participantID": "0102",
          "utterance": "저도 술 진짜 좋아해요^^. 일 다니세용?",
          "summary": "나는 술을 좋아한다.",
          "date": "2022-09-21",
          "time": "17:28:41",
          "terminate": "false"
        },
        {
          "speaker": "speaker1",
          "personaID": "20267",
          "participantID": "0248",
          "utterance": "저는 환경미화원으로 일 하고 있어요. 저는 요즘 웬만하면 밤에 일하려 하는 편이에요.",
          "summary": "나는 환경미화원이다.",
          "date": "2022-09-21",
          "time": "17:28:58",
          "terminate": "false"
        },
        {
          "speaker": "speaker2",
          "personaID": "20924",
          "participantID": "0102",
          "utterance": "그러시구나!. 오늘도 그럼 일 하세요?!",
          "summary": "",
          "date": "2022-09-21",
          "time": "17:29:35",
          "terminate": "false"
        },
        {
          "speaker": "speaker1",
          "personaID": "20267",
          "participantID": "0248",
          "utterance": "네. 밤에 해요^^. 요즘 좀 고민이에요. 제가 남 눈치를 보는지 사람들 시선이 곱지가 않아서 요즘 매일 부끄러운 감정이 들더라구요.",
          "summary": "나는 요즘, 매일 부끄러운 감정이 든다. 나는 밤에 일한다.",
          "date": "2022-09-21",
          "time": "17:30:07",
          "terminate": "false"
        },
        {
          "speaker": "speaker2",
          "personaID": "20924",
          "participantID": "0102",
          "utterance": "그런 생각 하지 마세요!. 전혀 부끄러울 일이 아닌데요?^^",
          "summary": "",
          "date": "2022-09-21",
          "time": "17:30:41",
          "terminate": "false"
        },
        {
          "speaker": "speaker1",
          "personaID": "20267",
          "participantID": "0248",
          "utterance": "제가 남의 시선을 지나치게 보나봐요. 저도 알고 있는데도 쉽지가 않더라구요. 그렇게 말해주셔서 고마워요^^",
          "summary": "나는 남의 시선을 지나치게 신경 쓴다.",
          "date": "2022-09-21",
          "time": "17:30:59",
          "terminate": "false"
        },
        {
          "speaker": "speaker2",
          "personaID": "20924",
          "participantID": "0102",
          "utterance": "네ㅎㅎ. 밤에 일하시면 낮에는 주무셨겠네요?",
          "summary": "",
          "date": "2022-09-21",
          "time": "17:31:30",
          "terminate": "false"
        },
        {
          "speaker": "speaker1",
          "personaID": "20267",
          "participantID": "0248",
          "utterance": "맞아요. 이제 출근 준비 하고 있거든요. 밤낮이 바껴서 좀 힘들긴 해요ㅋㅋ. 술 늦게까지 드세요?",
          "summary": "",
          "date": "2022-09-21",
          "time": "17:32:01",
          "terminate": "false"
        },
        {
          "speaker": "speaker2",
          "personaID": "20924",
          "participantID": "0102",
          "utterance": "아마 그럴 것 같아요!!. 친구들이 다 술을 좋아해서요ㅋㅋㅋ.",
          "summary": "",
          "date": "2022-09-21",
          "time": "17:32:30",
          "terminate": "false"
        },
        {
          "speaker": "speaker1",
          "personaID": "20267",
          "participantID": "0248",
          "utterance": "오늘 재밌게 노세요ㅎㅎ. 전 출근 준비하러 가볼게요. 내일 또 연락해요.",
          "summary": "",
          "date": "2022-09-21",
          "time": "17:32:47",
          "terminate": "false"
        },
        {
          "speaker": "speaker2",
          "personaID": "20924",
          "participantID": "0102",
          "utterance": "네ㅎㅎ. 일 화이팅하시고 다시 연락해요.",
          "summary": "",
          "date": "2022-09-21",
          "time": "17:32:59",
          "terminate": "true"
        }
      ],
      "sessionPersonaSummary": {
        "speaker1": [
          "나는 20대 남성이다.",
          "나는 술을 좋아한다.",
          "나는 환경미화원이다.",
          "나는 요즘, 매일 부끄러운 감정이 든다. 나는 밤에 일한다.",
          "나는 남의 시선을 지나치게 신경 쓴다."
        ],
        "speaker2": [
          "나는 20대 남성이다.",
          "나는 술을 좋아한다."
        ]
      },
      "prevAggregatedpersonaSummary": {
        "speaker1": [],
        "speaker2": []
      }
    },
    {
      "prevSessionID": "3-00527-1",
      "prevTimeInfo": {
        "timeNum": "1",
        "timeUnit": "일"
      },
      "nthSession": "2",
      "numberOfUtterances": "16",
      "numberOfTurns": "8",
      "sessionID": "3-00527-2",
      "dialog": [
        {
          "speaker": "speaker1",
          "personaID": "20267",
          "participantID": "0248",
          "utterance": "어제 재밌게 노셨어요? 전 오늘 쉬는 날이에요ㅎㅎ.",
          "summary": "",
          "date": "2022-09-21",
          "time": "17:33:15",
          "terminate": "false"
        },
        {
          "speaker": "speaker2",
          "personaID": "20924",
          "participantID": "0102",
          "utterance": "네ㅎㅎ. 친구가 자꾸 동아리 들자고 졸라서 힘들었네요.",
          "summary": "",
          "date": "2022-09-21",
          "time": "17:33:40",
          "terminate": "false"
        },
        {
          "speaker": "speaker1",
          "personaID": "20267",
          "participantID": "0248",
          "utterance": "동아리 재밌겠어요ㅋㅋ. 어떤 동아리요?",
          "summary": "",
          "date": "2022-09-21",
          "time": "17:33:58",
          "terminate": "false"
        },
        {
          "speaker": "speaker2",
          "personaID": "20924",
          "participantID": "0102",
          "utterance": "영화부 동아리요!. 근데 저는 영화부 동아리에 관심 없거든요. 같이 하자는데 제가 고집이 엄청 세서 싫다고 계속 거절했어요ㅋㅋ.",
          "summary": "나는 매우 고집이 세다. 나는 영화부 동아리에 관심이 없다.",
          "date": "2022-09-21",
          "time": "17:34:33",
          "terminate": "false"
        },
        {
          "speaker": "speaker1",
          "personaID": "20267",
          "participantID": "0248",
          "utterance": "저는 영화 좋아해서 나름 재밌을 법 한데 관심 없으시면 어쩔 수 업겠어요ㅋㅋ. 저는 계속 잠 설쳐서 제대로 못잤어요.",
          "summary": "나는 영화를 좋아한다.",
          "date": "2022-09-21",
          "time": "17:34:42",
          "terminate": "false"
        },
        {
          "speaker": "speaker2",
          "personaID": "20924",
          "participantID": "0102",
          "utterance": "잠을 왜 설치셨어요?ㅠㅠ. 원래 푹 못주무세요?",
          "summary": "",
          "date": "2022-09-21",
          "time": "17:35:15",
          "terminate": "false"
        },
        {
          "speaker": "speaker1",
          "personaID": "20267",
          "participantID": "0248",
          "utterance": "집 앞에 횡단보도 설치한다고 공사하는데 도로가 좁아서 차들이 빵빵대고 난리도 아니였어요ㅜ.",
          "summary": "",
          "date": "2022-09-21",
          "time": "17:35:42",
          "terminate": "false"
        },
        {
          "speaker": "speaker2",
          "personaID": "20924",
          "participantID": "0102",
          "utterance": "아우. 생각만해도 짜증나네요ㅠㅠ. 진짜 시끄러우셨겠어요.",
          "summary": "",
          "date": "2022-09-21",
          "time": "17:36:16",
          "terminate": "false"
        },
        {
          "speaker": "speaker1",
          "personaID": "20267",
          "participantID": "0248",
          "utterance": "그러니까요. 그래도 오늘 쉬니까 이따 또 푹 자야죠ㅋㅋ. 오늘은 뭐 하세요?",
          "summary": "",
          "date": "2022-09-21",
          "time": "17:36:35",
          "terminate": "false"
        },
        {
          "speaker": "speaker2",
          "personaID": "20924",
          "participantID": "0102",
          "utterance": "전 오늘 집에서 푹 쉬려구요ㅋㅋ. 아직도 숙취가 있어요ㅠㅠ.",
          "summary": "",
          "date": "2022-09-21",
          "time": "17:36:59",
          "terminate": "false"
        },
        {
          "speaker": "speaker1",
          "personaID": "20267",
          "participantID": "0248",
          "utterance": "저는 아무리 마셔도 숙취가 없는 편이거든요ㅋㅋ. 저도 오늘 저녁에 한 잔 하려구요.",
          "summary": "나는 숙취가 없다.",
          "date": "2022-09-21",
          "time": "17:37:23",
          "terminate": "false"
        },
        {
          "speaker": "speaker2",
          "personaID": "20924",
          "participantID": "0102",
          "utterance": "오늘 뭐에 한 잔 하시려구요?^^",
          "summary": "",
          "date": "2022-09-21",
          "time": "17:37:40",
          "terminate": "false"
        },
        {
          "speaker": "speaker1",
          "personaID": "20267",
          "participantID": "0248",
          "utterance": "그냥 간단하게 족발 같은 거 시켜 먹으려구요. 족발 좋아하거든요ㅋㅋ.",
          "summary": "",
          "date": "2022-09-21",
          "time": "17:37:59",
          "terminate": "false"
        },
        {
          "speaker": "speaker2",
          "personaID": "20924",
          "participantID": "0102",
          "utterance": "족발 완전 맛있죠ㅋㅋ. 저는 불족발 좋아해요.",
          "summary": "나는 불족발을 좋아한다.",
          "date": "2022-09-21",
          "time": "17:38:43",
          "terminate": "false"
        },
        {
          "speaker": "speaker1",
          "personaID": "20267",
          "participantID": "0248",
          "utterance": "ㅋㅋ저는 슬슬 밀린 청소 좀 해야겠어요. 이따 또 연락해요.",
          "summary": "",
          "date": "2022-09-21",
          "time": "17:38:50",
          "terminate": "false"
        },
        {
          "speaker": "speaker2",
          "personaID": "20924",
          "participantID": "0102",
          "utterance": "네^^. 청소 잘 하시고 다시 연락해요.",
          "summary": "",
          "date": "2022-09-21",
          "time": "17:39:26",
          "terminate": "true"
        }
      ],
      "sessionPersonaSummary": {
        "speaker1": [
          "나는 영화를 좋아한다.",
          "나는 숙취가 없다."
        ],
        "speaker2": [
          "나는 매우 고집이 세다. 나는 영화부 동아리에 관심이 없다.",
          "나는 불족발을 좋아한다."
        ]
      },
      "prevAggregatedpersonaSummary": {
        "speaker1": [
          "나는 20대 남성이다.",
          "나는 술을 좋아한다.",
          "나는 환경미화원이다.",
          "나는 요즘, 매일 부끄러운 감정이 든다. 나는 밤에 일한다.",
          "나는 남의 시선을 지나치게 신경 쓴다."
        ],
        "speaker2": [
          "나는 20대 남성이다.",
          "나는 술을 좋아한다."
        ]
      }
    },
    {
      "prevSessionID": "3-00527-2",
      "prevTimeInfo": {
        "timeNum": "3",
        "timeUnit": "시간"
      },
      "nthSession": "3",
      "numberOfUtterances": "16",
      "numberOfTurns": "8",
      "sessionID": "3-00527-3",
      "dialog": [
        {
          "speaker": "speaker1",
          "personaID": "20267",
          "participantID": "0248",
          "utterance": "얼마 안됐다 생각했는데 벌써 3시간이나 지났네요. 학원 갈 시간이에요ㅜ.",
          "summary": "",
          "date": "2022-09-21",
          "time": "17:39:46",
          "terminate": "false"
        },
        {
          "speaker": "speaker2",
          "personaID": "20924",
          "participantID": "0102",
          "utterance": "학원 다니세요?. 뭐 배우러 다니세용?",
          "summary": "",
          "date": "2022-09-21",
          "time": "17:40:02",
          "terminate": "false"
        },
        {
          "speaker": "speaker1",
          "personaID": "20267",
          "participantID": "0248",
          "utterance": "저는 요즘 첼로 연주 배우고 있어요. @브랜드명1@ 보다가 꽃혀서 바로 등록 했거든요.",
          "summary": "나는 첼로 연주를 배우고 있다.",
          "date": "2022-09-21",
          "time": "17:40:14",
          "terminate": "false"
        },
        {
          "speaker": "speaker2",
          "personaID": "20924",
          "participantID": "0102",
          "utterance": "첼로 완전 멋있네요ㅋㅋ. 악기 다루는 거 멋있어요.",
          "summary": "",
          "date": "2022-09-21",
          "time": "17:40:48",
          "terminate": "false"
        },
        {
          "speaker": "speaker1",
          "personaID": "20267",
          "participantID": "0248",
          "utterance": "악기 하나 완전히 다룰 줄 아는게 약간 로망 같은 거였거든요. 배우는 동안은 다른 생각 안들어서 좋더라구요.",
          "summary": "",
          "date": "2022-09-21",
          "time": "17:41:19",
          "terminate": "false"
        },
        {
          "speaker": "speaker2",
          "personaID": "20924",
          "participantID": "0102",
          "utterance": "저도 하나 배워볼까봐요ㅋㅋ. 저는 피아노가 끌리더라구요.",
          "summary": "",
          "date": "2022-09-21",
          "time": "17:41:31",
          "terminate": "false"
        },
        {
          "speaker": "speaker1",
          "personaID": "20267",
          "participantID": "0248",
          "utterance": "피아노도 좋죠. 피아노 연주 소리 듣는 거 좋아하거든요.",
          "summary": "나는 피아노 연주 듣는 것을 좋아한다.",
          "date": "2022-09-21",
          "time": "17:41:49",
          "terminate": "false"
        },
        {
          "speaker": "speaker2",
          "personaID": "20924",
          "participantID": "0102",
          "utterance": "어릴 때는 쳤었는데 성인되고는 한 번도 안 쳤어요ㅋㅋ.",
          "summary": "",
          "date": "2022-09-21",
          "time": "17:42:18",
          "terminate": "false"
        },
        {
          "speaker": "speaker1",
          "personaID": "20267",
          "participantID": "0248",
          "utterance": "어릴 때 몇번 치셨으면 금방 감 찾으시겠네요ㅋㅋ. 저는 음악 감각이 없어서 배우는데 엄청 오래 걸리거든요.",
          "summary": "",
          "date": "2022-09-21",
          "time": "17:42:52",
          "terminate": "false"
        },
        {
          "speaker": "speaker2",
          "personaID": "20924",
          "participantID": "0102",
          "utterance": "한 번 생각해봐야겠어요ㅎㅎ. 저는 이제 책 읽으려구용ㅎㅎ.",
          "summary": "",
          "date": "2022-09-21",
          "time": "17:43:08",
          "terminate": "false"
        },
        {
          "speaker": "speaker1",
          "personaID": "20267",
          "participantID": "0248",
          "utterance": "책 읽으시는 구나. 어떤 책 주로 읽으세요?",
          "summary": "",
          "date": "2022-09-21",
          "time": "17:43:22",
          "terminate": "false"
        },
        {
          "speaker": "speaker2",
          "personaID": "20924",
          "participantID": "0102",
          "utterance": "저는 수필 가끔 읽어요ㅎㅎ. 오늘 읽으려구요.",
          "summary": "나는 수필을 가끔 읽는다.",
          "date": "2022-09-21",
          "time": "17:44:03",
          "terminate": "false"
        },
        {
          "speaker": "speaker1",
          "personaID": "20267",
          "participantID": "0248",
          "utterance": "수필 좋더라구요. 수필 만의 매력이 분명 있는 거 같아요. 저도 다음에 나가면 책 한권 사올까봐요.",
          "summary": "",
          "date": "2022-09-21",
          "time": "17:44:06",
          "terminate": "false"
        },
        {
          "speaker": "speaker2",
          "personaID": "20924",
          "participantID": "0102",
          "utterance": "네ㅎㅎ. 책 읽으면 마음도 편안해지고 좋은 것 같아요.",
          "summary": "",
          "date": "2022-09-21",
          "time": "17:44:28",
          "terminate": "false"
        },
        {
          "speaker": "speaker1",
          "personaID": "20267",
          "participantID": "0248",
          "utterance": "ㅋㅋㅋ잘 읽고 저도 추천 많이 해주세요. 전 이제 학원 가보려구요. 좋은 하루 되세요.",
          "summary": "",
          "date": "2022-09-21",
          "time": "17:44:53",
          "terminate": "false"
        },
        {
          "speaker": "speaker2",
          "personaID": "20924",
          "participantID": "0102",
          "utterance": "네^^. 대화 즐거웠어요ㅎㅎ. 학원 잘 다녀오세요.",
          "summary": "",
          "date": "2022-09-21",
          "time": "17:44:57",
          "terminate": "true"
        }
      ],
      "sessionPersonaSummary": {
        "speaker1": [
          "나는 첼로 연주를 배우고 있다.",
          "나는 피아노 연주 듣는 것을 좋아한다."
        ],
        "speaker2": [
          "나는 수필을 가끔 읽는다."
        ]
      },
      "prevAggregatedpersonaSummary": {
        "speaker1": [
          "나는 20대 남성이다.",
          "나는 술을 좋아한다.",
          "나는 환경미화원이다.",
          "나는 요즘, 매일 부끄러운 감정이 든다. 나는 밤에 일한다.",
          "나는 남의 시선을 지나치게 신경 쓴다.",
          "나는 영화를 좋아한다.",
          "나는 숙취가 없다."
        ],
        "speaker2": [
          "나는 20대 남성이다.",
          "나는 술을 좋아한다.",
          "나는 매우 고집이 세다. 나는 영화부 동아리에 관심이 없다.",
          "나는 불족발을 좋아한다."
        ]
      }
    }
  ]
}