{
  "FileInfo": {
    "filename": "K3-00413-CL21481-CP20712-19-06-S3.json",
    "sessionLevel": "3"
  },
  "participantsInfo": {
    "numberOfParticipants": "2",
    "speaker1": {
      "participantID": "0155",
      "gender": "여성",
      "age": "20대",
      "occupation": "무직",
      "bPlace": "서울/경기/인천",
      "gPlace": "서울/경기/인천",
      "rPlace": "서울/경기/인천",
      "educationLevel": "고졸"
    },
    "speaker2": {
      "participantID": "0338",
      "gender": "남성",
      "age": "20대",
      "occupation": "학생",
      "bPlace": "광주/전라/제주",
      "gPlace": "광주/전라/제주",
      "rPlace": "광주/전라/제주",
      "educationLevel": "고졸"
    }
  },
  "multisessionInfo": {
    "multisessionID": "3-00413"
  },
  "personaInfo": {
    "clInfo": {
      "personaID": "21481",
      "personaFeatures": [
        "나는 여자이다.",
        "나는 20대이다.",
        "나의 거주지는 서울이다.",
        "나는 노무사이다.",
        "나는 SF 영화를 싫어한다."
      ],
      "speakerType": "speaker1"
    },
    "cpInfo": {
      "personaID": "20712",
      "personaFeatures": [
        "나는 남자이다.",
        "나는 20대이다.",
        "나는 다소 고집이 세다.",
        "나는 야구부 동아리에 참여한다.",
        "나는 더운 날씨를 싫어한다."
      ],
      "speakerType": "speaker2"
    }
  },
  "topicInfo": {
    "topicID": "19-06",
    "topicType": "예술문화 생활>방송/연예",
    "topicTitle": "라디오"
  },
  "sessionInfo": [
    {
      "prevSessionID": null,
      "prevTimeInfo": {
        "timeNum": null,
        "timeUnit": null
      },
      "nthSession": "1",
      "numberOfUtterances": "16",
      "numberOfTurns": "8",
      "sessionID": "3-00413-1",
      "dialog": [
        {
          "speaker": "speaker1",
          "personaID": "21481",
          "participantID": "0155",
          "utterance": "반가워요!!. 여자이고 나이는 20대에요ㅎㅎ.",
          "summary": "나는 20대 여성이다.",
          "date": "2022-09-19",
          "time": "12:40:31",
          "terminate": "false"
        },
        {
          "speaker": "speaker2",
          "personaID": "20712",
          "participantID": "0338",
          "utterance": "넹. 안녕하세요. 저는 20대 남자에용.",
          "summary": "나는 20대 남성이다.",
          "date": "2022-09-19",
          "time": "12:40:45",
          "terminate": "false"
        },
        {
          "speaker": "speaker1",
          "personaID": "21481",
          "participantID": "0155",
          "utterance": "안녕하세요^^. 일 하는 중이신가요?",
          "summary": "",
          "date": "2022-09-19",
          "time": "12:41:00",
          "terminate": "false"
        },
        {
          "speaker": "speaker2",
          "personaID": "20712",
          "participantID": "0338",
          "utterance": "아뇨ㅎㅎ. 전 대학생이에요!. 일하세요?",
          "summary": "나는 대학생이다.",
          "date": "2022-09-19",
          "time": "12:41:55",
          "terminate": "false"
        },
        {
          "speaker": "speaker1",
          "personaID": "21481",
          "participantID": "0155",
          "utterance": "저는 노무사로 일하는 중이에요. 대학생이시구나^^",
          "summary": "나는 노무사이다.",
          "date": "2022-09-19",
          "time": "12:42:33",
          "terminate": "false"
        },
        {
          "speaker": "speaker2",
          "personaID": "20712",
          "participantID": "0338",
          "utterance": "노무사 멋있어요^^. 저도 얼른 졸업하고싶어요ㅋㅋ.",
          "summary": "",
          "date": "2022-09-19",
          "time": "12:43:26",
          "terminate": "false"
        },
        {
          "speaker": "speaker1",
          "personaID": "21481",
          "participantID": "0155",
          "utterance": "졸업하면 뭐 하시려구요? 어떤 거 배우고 계셔요?ㅎㅎ.",
          "summary": "",
          "date": "2022-09-19",
          "time": "12:44:01",
          "terminate": "false"
        },
        {
          "speaker": "speaker2",
          "personaID": "20712",
          "participantID": "0338",
          "utterance": "전 사회복지학과에요ㅋㅋ. 아직까지는 취업을 어디로 할 지 못정했네용ㅠㅠㅠ.",
          "summary": "나는 사회복지과이다.",
          "date": "2022-09-19",
          "time": "12:45:12",
          "terminate": "false"
        },
        {
          "speaker": "speaker1",
          "personaID": "21481",
          "participantID": "0155",
          "utterance": "멋진 일이네요^^. 적성에는 잘 맞는 편이에요?",
          "summary": "",
          "date": "2022-09-19",
          "time": "12:45:49",
          "terminate": "false"
        },
        {
          "speaker": "speaker2",
          "personaID": "20712",
          "participantID": "0338",
          "utterance": "네ㅎㅎ. 어쩌다보니 오게 된 과인데 다니다보니 잘 맞는편 같아용ㅋㅋ. 노무사는 어떠세용?",
          "summary": "",
          "date": "2022-09-19",
          "time": "12:46:27",
          "terminate": "false"
        },
        {
          "speaker": "speaker1",
          "personaID": "21481",
          "participantID": "0155",
          "utterance": "저도 잘 맞는 거 같아요. 남 도와주는 걸 좋아해서 그런지 좋더라구요ㅎㅎ.",
          "summary": "나는 남을 도와주는 걸 좋아한다.",
          "date": "2022-09-19",
          "time": "12:47:17",
          "terminate": "false"
        },
        {
          "speaker": "speaker2",
          "personaID": "20712",
          "participantID": "0338",
          "utterance": "다행이네용^^!. 그럼 지금 일 하시는 중이세용?",
          "summary": "",
          "date": "2022-09-19",
          "time": "12:48:02",
          "terminate": "false"
        },
        {
          "speaker": "speaker1",
          "personaID": "21481",
          "participantID": "0155",
          "utterance": "네. 일 하다가 점심 먹기 전에 잠깐 쉬는 중이에요ㅋㅋ. 점심 메뉴 정하셨어여?",
          "summary": "",
          "date": "2022-09-19",
          "time": "12:48:38",
          "terminate": "false"
        },
        {
          "speaker": "speaker2",
          "personaID": "20712",
          "participantID": "0338",
          "utterance": "뭔가 오늘 토스트가 너무 땡겨요ㅠㅠㅋㅋ. 토스트 먹으려구용.",
          "summary": "",
          "date": "2022-09-19",
          "time": "12:49:14",
          "terminate": "false"
        },
        {
          "speaker": "speaker1",
          "personaID": "21481",
          "participantID": "0155",
          "utterance": "저는 아직 생각중이라서요ㅎㅎ. 식사 하고 다시 연락해요.",
          "summary": "",
          "date": "2022-09-19",
          "time": "12:49:45",
          "terminate": "false"
        },
        {
          "speaker": "speaker2",
          "personaID": "20712",
          "participantID": "0338",
          "utterance": "네ㅎㅎ. 식사 맛있게 하세용!",
          "summary": "",
          "date": "2022-09-19",
          "time": "12:49:55",
          "terminate": "true"
        }
      ],
      "sessionPersonaSummary": {
        "speaker1": [
          "나는 20대 여성이다.",
          "나는 노무사이다.",
          "나는 남을 도와주는 걸 좋아한다."
        ],
        "speaker2": [
          "나는 20대 남성이다.",
          "나는 대학생이다.",
          "나는 사회복지과이다."
        ]
      },
      "prevAggregatedpersonaSummary": {
        "speaker1": [],
        "speaker2": []
      }
    },
    {
      "prevSessionID": "3-00413-1",
      "prevTimeInfo": {
        "timeNum": "1",
        "timeUnit": "시간"
      },
      "nthSession": "2",
      "numberOfUtterances": "16",
      "numberOfTurns": "8",
      "sessionID": "3-00413-2",
      "dialog": [
        {
          "speaker": "speaker1",
          "personaID": "21481",
          "participantID": "0155",
          "utterance": "휴식 시간은 진짜 빨리 가네요ㅋㅋ. 토스트 맛있게 드셨어요?",
          "summary": "",
          "date": "2022-09-19",
          "time": "12:50:29",
          "terminate": "false"
        },
        {
          "speaker": "speaker2",
          "personaID": "20712",
          "participantID": "0338",
          "utterance": "네. 먹었어요^^. 친구는 햄버거 먹자는데 제가 토스트가 너무 먹고 싶어서 결국 토스트 먹었어요ㅋㅋ. 제가 고집이 좀 세서요..",
          "summary": "나는 다소 고집이 세다.",
          "date": "2022-09-19",
          "time": "12:51:06",
          "terminate": "false"
        },
        {
          "speaker": "speaker1",
          "personaID": "21481",
          "participantID": "0155",
          "utterance": "ㅋㅋㅋ다음에 햄버거 먹으면 되죠. 지금은 학교인 거에요?",
          "summary": "",
          "date": "2022-09-19",
          "time": "12:51:48",
          "terminate": "false"
        },
        {
          "speaker": "speaker2",
          "personaID": "20712",
          "participantID": "0338",
          "utterance": "네ㅎㅎ. 수업은 끝났는데 이따 동아리 활동때문에 아직 학교에 있어용.",
          "summary": "",
          "date": "2022-09-19",
          "time": "12:52:44",
          "terminate": "false"
        },
        {
          "speaker": "speaker1",
          "personaID": "21481",
          "participantID": "0155",
          "utterance": "동아리 오랜만에 들어보네요. 무슨 동아리세요?",
          "summary": "",
          "date": "2022-09-19",
          "time": "12:53:18",
          "terminate": "false"
        },
        {
          "speaker": "speaker2",
          "personaID": "20712",
          "participantID": "0338",
          "utterance": "전 야구부동아리 참여하고 있어요^^. 야구를 좋아해서요.",
          "summary": "나는 야구부 동아리에 참여한다.",
          "date": "2022-09-19",
          "time": "12:53:38",
          "terminate": "false"
        },
        {
          "speaker": "speaker1",
          "personaID": "21481",
          "participantID": "0155",
          "utterance": "저는 방송 동아리였거든요^^. 그래서 연습한다고 라디오 진짜 엄청 들었었어요ㅋㅋ.",
          "summary": "나는 대학생 때 방송 동아리였다.",
          "date": "2022-09-19",
          "time": "12:54:02",
          "terminate": "false"
        },
        {
          "speaker": "speaker2",
          "personaID": "20712",
          "participantID": "0338",
          "utterance": "방송동아리 멋져용ㅋㅋ. 라디오 전 밤에 아주 가끔 들을 때 있어요ㅋ.",
          "summary": "나는 밤에 가끔 라디오를 듣는다.",
          "date": "2022-09-19",
          "time": "12:55:03",
          "terminate": "false"
        },
        {
          "speaker": "speaker1",
          "personaID": "21481",
          "participantID": "0155",
          "utterance": "저도 그때 처음 들어봤는데 왜 어른들이 라디오 듣는 지 조금은 알 거 같더라구요. 라디오만의 감성이 있는 거 같아요.",
          "summary": "나는 라디오가 매력 있다고 생각한다.",
          "date": "2022-09-19",
          "time": "12:55:42",
          "terminate": "false"
        },
        {
          "speaker": "speaker2",
          "personaID": "20712",
          "participantID": "0338",
          "utterance": "맞아요ㅋㅋ. 전 뭔가 밤에 잠 안올 때 들으면 잠도 잘 오는 느낌이더라구요.",
          "summary": "",
          "date": "2022-09-19",
          "time": "12:56:00",
          "terminate": "false"
        },
        {
          "speaker": "speaker1",
          "personaID": "21481",
          "participantID": "0155",
          "utterance": "그니까요ㅎㅎ. 집에 가서는 뭐 하는 편이에요?",
          "summary": "",
          "date": "2022-09-19",
          "time": "12:56:50",
          "terminate": "false"
        },
        {
          "speaker": "speaker2",
          "personaID": "20712",
          "participantID": "0338",
          "utterance": "전 과제있을 때는 과제 하고 없을 때는 @브랜드명1@ 많이 봐용ㅎㅎ.",
          "summary": "",
          "date": "2022-09-19",
          "time": "12:57:19",
          "terminate": "false"
        },
        {
          "speaker": "speaker1",
          "personaID": "21481",
          "participantID": "0155",
          "utterance": "@브랜드명1@는 모든 사람들의 킬링타임이네요ㅎㅎ. 잠이랑 맞바꾼 재미...",
          "summary": "",
          "date": "2022-09-19",
          "time": "12:58:13",
          "terminate": "false"
        },
        {
          "speaker": "speaker2",
          "personaID": "20712",
          "participantID": "0338",
          "utterance": "맞아요ㅋㅋ. 맨날 밤에도 @브랜드명1@ 보느라 아침마다 피곤해죽겠어요ㅋㅋ.",
          "summary": "",
          "date": "2022-09-19",
          "time": "12:58:54",
          "terminate": "false"
        },
        {
          "speaker": "speaker1",
          "personaID": "21481",
          "participantID": "0155",
          "utterance": "ㅋㅋㅋ오늘 푹 쉬셔요. 전 오늘 일이 진짜 많아서 아마 죽기 전에 퇴근 할 거라 연락 못할 거에요. 다시 연락 할게요.",
          "summary": "",
          "date": "2022-09-19",
          "time": "13:00:07",
          "terminate": "false"
        },
        {
          "speaker": "speaker2",
          "personaID": "20712",
          "participantID": "0338",
          "utterance": "일 진짜 많으시구나. 고생하시고 다시 연락해요!!",
          "summary": "",
          "date": "2022-09-19",
          "time": "13:00:29",
          "terminate": "true"
        }
      ],
      "sessionPersonaSummary": {
        "speaker1": [
          "나는 대학생 때 방송 동아리였다.",
          "나는 라디오가 매력 있다고 생각한다."
        ],
        "speaker2": [
          "나는 다소 고집이 세다.",
          "나는 야구부 동아리에 참여한다.",
          "나는 밤에 가끔 라디오를 듣는다."
        ]
      },
      "prevAggregatedpersonaSummary": {
        "speaker1": [
          "나는 20대 여성이다.",
          "나는 노무사이다.",
          "나는 남을 도와주는 걸 좋아한다."
        ],
        "speaker2": [
          "나는 20대 남성이다.",
          "나는 대학생이다.",
          "나는 사회복지과이다."
        ]
      }
    },
    {
      "prevSessionID": "3-00413-2",
      "prevTimeInfo": {
        "timeNum": "2",
        "timeUnit": "일"
      },
      "nthSession": "3",
      "numberOfUtterances": "16",
      "numberOfTurns": "8",
      "sessionID": "3-00413-3",
      "dialog": [
        {
          "speaker": "speaker1",
          "personaID": "21481",
          "participantID": "0155",
          "utterance": "죽을 줄 알았는데 아직 안죽었네요ㅎㅎ. 이틀동안 뭐 하셨어요?",
          "summary": "",
          "date": "2022-09-19",
          "time": "13:01:15",
          "terminate": "false"
        },
        {
          "speaker": "speaker2",
          "personaID": "20712",
          "participantID": "0338",
          "utterance": "저도 학교 수업 들으러 다니고 과제지옥에 빠져있었어요ㅠㅠ.",
          "summary": "",
          "date": "2022-09-19",
          "time": "13:01:47",
          "terminate": "false"
        },
        {
          "speaker": "speaker1",
          "personaID": "21481",
          "participantID": "0155",
          "utterance": "고생이네요ㅜ. 저는 오늘 드디어 쉬는 날이라 바람 좀 쐬러 가려구요. 집 앞이 이태원이거든요.",
          "summary": "나의 거주지는 서울이다.",
          "date": "2022-09-19",
          "time": "13:02:37",
          "terminate": "false"
        },
        {
          "speaker": "speaker2",
          "personaID": "20712",
          "participantID": "0338",
          "utterance": "이태원 근처 사시는구나. 부러워요ㅋㅋ. 저는 천안살아용ㅋㅋ.",
          "summary": "나는 천안에 거주한다.",
          "date": "2022-09-19",
          "time": "13:03:11",
          "terminate": "false"
        },
        {
          "speaker": "speaker1",
          "personaID": "21481",
          "participantID": "0155",
          "utterance": "가깝다면 가깝네요ㅎㅎ. 주말인데 뭐 하시려구요?",
          "summary": "",
          "date": "2022-09-19",
          "time": "13:03:53",
          "terminate": "false"
        },
        {
          "speaker": "speaker2",
          "personaID": "20712",
          "participantID": "0338",
          "utterance": "오늘 친구 만나기로 해서 나갈것 같아요ㅎㅎ. 근데 날씨가 왜 이렇게 더운거죠 진짜 ㅠㅠㅠ.",
          "summary": "",
          "date": "2022-09-19",
          "time": "13:04:48",
          "terminate": "false"
        },
        {
          "speaker": "speaker1",
          "personaID": "21481",
          "participantID": "0155",
          "utterance": "그니까요. 좀 시원해진다 싶더니 또 더워졌더라구요. 적응하기 힘들어 죽겠어요.",
          "summary": "",
          "date": "2022-09-19",
          "time": "13:05:19",
          "terminate": "false"
        },
        {
          "speaker": "speaker2",
          "personaID": "20712",
          "participantID": "0338",
          "utterance": "아까 잠깐 편의점 다녀오는데 죽을 뻔 했어요ㅠ. 전 더운날씨가 너무 싫어용..ㅋㅋ.",
          "summary": "나는 더운 날씨를 싫어한다.",
          "date": "2022-09-19",
          "time": "13:06:06",
          "terminate": "false"
        },
        {
          "speaker": "speaker1",
          "personaID": "21481",
          "participantID": "0155",
          "utterance": "저도 더운 날씨 진짜 싫어해요. 이런 날엔 영화관 가서 시원하게 영화보면 좋은데요ㅋㅋ.",
          "summary": "나는 더운 날씨를 싫어한다.",
          "date": "2022-09-19",
          "time": "13:06:41",
          "terminate": "false"
        },
        {
          "speaker": "speaker2",
          "personaID": "20712",
          "participantID": "0338",
          "utterance": "맞죠ㅎㅎ. 영화 좋아하세용?!!",
          "summary": "",
          "date": "2022-09-19",
          "time": "13:07:36",
          "terminate": "false"
        },
        {
          "speaker": "speaker1",
          "personaID": "21481",
          "participantID": "0155",
          "utterance": "웬만한 영화는 다 좋아해요. SF영화는 좀 제 스타일 아니라 싫어하고 다른 건 다 좋아해요ㅋㅋ.",
          "summary": "나는 SF 영화를 싫어한다.",
          "date": "2022-09-19",
          "time": "13:08:08",
          "terminate": "false"
        },
        {
          "speaker": "speaker2",
          "personaID": "20712",
          "participantID": "0338",
          "utterance": "저도 sf영화는 별로더라구요ㅋㅋ. 전 액션영화 좋아해용.",
          "summary": "나는 액션 영화를 좋아한다.",
          "date": "2022-09-19",
          "time": "13:08:45",
          "terminate": "false"
        },
        {
          "speaker": "speaker1",
          "personaID": "21481",
          "participantID": "0155",
          "utterance": "저는 개인적으로는 범죄 영화를 제일 좋아해요ㅋㅋ. 대리만족 하는 느낌 들더라구요.",
          "summary": "나는 범죄 영화를 좋아한다.",
          "date": "2022-09-19",
          "time": "13:09:20",
          "terminate": "false"
        },
        {
          "speaker": "speaker2",
          "personaID": "20712",
          "participantID": "0338",
          "utterance": "범죄영화도 재미있죠ㅎㅎ. 오늘 영화관이나 갈까봐요ㅋㅋ. 너무 더워서 밖은 못 돌아다닐 것 같아요ㅋㅋ.",
          "summary": "",
          "date": "2022-09-19",
          "time": "13:09:50",
          "terminate": "false"
        },
        {
          "speaker": "speaker1",
          "personaID": "21481",
          "participantID": "0155",
          "utterance": "그러셔요ㅎㅎ. 전 슬슬 씻고 준비 하려구요. 친구분이랑 오늘 재밌게 노세요ㅎㅎ.",
          "summary": "",
          "date": "2022-09-19",
          "time": "13:10:31",
          "terminate": "false"
        },
        {
          "speaker": "speaker2",
          "personaID": "20712",
          "participantID": "0338",
          "utterance": "네^^. 좋은 하루 보내셔용~!!",
          "summary": "",
          "date": "2022-09-19",
          "time": "13:10:51",
          "terminate": "true"
        }
      ],
      "sessionPersonaSummary": {
        "speaker1": [
          "나의 거주지는 서울이다.",
          "나는 더운 날씨를 싫어한다.",
          "나는 SF 영화를 싫어한다.",
          "나는 범죄 영화를 좋아한다."
        ],
        "speaker2": [
          "나는 천안에 거주한다.",
          "나는 더운 날씨를 싫어한다.",
          "나는 액션 영화를 좋아한다."
        ]
      },
      "prevAggregatedpersonaSummary": {
        "speaker1": [
          "나는 20대 여성이다.",
          "나는 노무사이다.",
          "나는 남을 도와주는 걸 좋아한다.",
          "나는 대학생 때 방송 동아리였다.",
          "나는 라디오가 매력 있다고 생각한다."
        ],
        "speaker2": [
          "나는 20대 남성이다.",
          "나는 대학생이다.",
          "나는 사회복지과이다.",
          "나는 다소 고집이 세다.",
          "나는 야구부 동아리에 참여한다.",
          "나는 밤에 가끔 라디오를 듣는다."
        ]
      }
    }
  ]
}