{
  "FileInfo": {
    "filename": "K3-00417-CL21550-CP51676-03-03-S3.json",
    "sessionLevel": "3"
  },
  "participantsInfo": {
    "numberOfParticipants": "2",
    "speaker1": {
      "participantID": "0557",
      "gender": "여성",
      "age": "20대",
      "occupation": "학생",
      "bPlace": "서울/경기/인천",
      "gPlace": "서울/경기/인천",
      "rPlace": "서울/경기/인천",
      "educationLevel": "고졸"
    },
    "speaker2": {
      "participantID": "0738",
      "gender": "여성",
      "age": "50대",
      "occupation": "주부",
      "bPlace": "부산/대구/울산/경상",
      "gPlace": "부산/대구/울산/경상",
      "rPlace": "부산/대구/울산/경상",
      "educationLevel": "대졸"
    }
  },
  "multisessionInfo": {
    "multisessionID": "3-00417"
  },
  "personaInfo": {
    "clInfo": {
      "personaID": "21550",
      "personaFeatures": [
        "나는 여자이다.",
        "나는 20대이다.",
        "나는 요즘, 가끔 짜증이 난다.",
        "나는 토익 자격증을 준비한다.",
        "나는 초록색을 좋아한다."
      ],
      "speakerType": "speaker1"
    },
    "cpInfo": {
      "personaID": "51676",
      "personaFeatures": [
        "나는 여자이다.",
        "나는 50대이다.",
        "나는 변호사이다.",
        "나는 TV 예능을 싫어한다.",
        "나는 홍시를 즐겨 먹는다."
      ],
      "speakerType": "speaker2"
    }
  },
  "topicInfo": {
    "topicID": "03-03",
    "topicType": "교통",
    "topicTitle": "택시"
  },
  "sessionInfo": [
    {
      "prevSessionID": null,
      "prevTimeInfo": {
        "timeNum": null,
        "timeUnit": null
      },
      "nthSession": "1",
      "numberOfUtterances": "16",
      "numberOfTurns": "8",
      "sessionID": "3-00417-1",
      "dialog": [
        {
          "speaker": "speaker1",
          "personaID": "21550",
          "participantID": "0557",
          "utterance": "반갑습니다! 저는 20대 여자입니다! 잘부탁드려요!!",
          "summary": "나는 20대 여자이다.",
          "date": "2022-10-12",
          "time": "21:25:53",
          "terminate": "false"
        },
        {
          "speaker": "speaker2",
          "personaID": "51676",
          "participantID": "0738",
          "utterance": "반가워요^^ 저는 50대 여자입니다.",
          "summary": "나는 50대 여자이다.",
          "date": "2022-10-12",
          "time": "21:25:57",
          "terminate": "false"
        },
        {
          "speaker": "speaker1",
          "personaID": "21550",
          "participantID": "0557",
          "utterance": "우와 이렇게 만날수도있고 너무 신기한데요?ㅎㅎㅎ.",
          "summary": "",
          "date": "2022-10-12",
          "time": "21:26:36",
          "terminate": "false"
        },
        {
          "speaker": "speaker2",
          "personaID": "51676",
          "participantID": "0738",
          "utterance": "그러게요~^^ 나이차가 좀 나서 부담스럽죠?",
          "summary": "",
          "date": "2022-10-12",
          "time": "21:26:55",
          "terminate": "false"
        },
        {
          "speaker": "speaker1",
          "personaID": "21550",
          "participantID": "0557",
          "utterance": "아니요?? 전혀요!! 절대 그렇게 생각하지 않아요!!저는 오히려 영광입니다!",
          "summary": "",
          "date": "2022-10-12",
          "time": "21:27:12",
          "terminate": "false"
        },
        {
          "speaker": "speaker2",
          "personaID": "51676",
          "participantID": "0738",
          "utterance": "그럼 편하게 대해주세요! 저도 편하게 할게요!",
          "summary": "",
          "date": "2022-10-12",
          "time": "21:27:33",
          "terminate": "false"
        },
        {
          "speaker": "speaker1",
          "personaID": "21550",
          "participantID": "0557",
          "utterance": "좋아요!!! 호칭은 어떻게 하는게 좋을까요?ㅎㅎ.",
          "summary": "",
          "date": "2022-10-12",
          "time": "21:27:45",
          "terminate": "false"
        },
        {
          "speaker": "speaker2",
          "personaID": "51676",
          "participantID": "0738",
          "utterance": "음... 선생님이라는 호칭이 좋지 않겠어요?",
          "summary": "",
          "date": "2022-10-12",
          "time": "21:27:54",
          "terminate": "false"
        },
        {
          "speaker": "speaker1",
          "personaID": "21550",
          "participantID": "0557",
          "utterance": "그게 제일 깔끔할 것같아요!! 선생님은 어디에 거주하고 계신가요?",
          "summary": "",
          "date": "2022-10-12",
          "time": "21:28:16",
          "terminate": "false"
        },
        {
          "speaker": "speaker2",
          "personaID": "51676",
          "participantID": "0738",
          "utterance": "저는 서울에 거주하고 있답니다. 선생님은요?",
          "summary": "나의 거주지는 서울이다.",
          "date": "2022-10-12",
          "time": "21:28:36",
          "terminate": "false"
        },
        {
          "speaker": "speaker1",
          "personaID": "21550",
          "participantID": "0557",
          "utterance": "저는 경기도에 살고있어요!! 꽤 가까이 거주하네요?ㅎㅎ.",
          "summary": "나의 거주지는 경기도이다.",
          "date": "2022-10-12",
          "time": "21:29:02",
          "terminate": "false"
        },
        {
          "speaker": "speaker2",
          "personaID": "51676",
          "participantID": "0738",
          "utterance": "그렇군요! 경기도에서 직장생활을 하나보네요?",
          "summary": "",
          "date": "2022-10-12",
          "time": "21:29:36",
          "terminate": "false"
        },
        {
          "speaker": "speaker1",
          "personaID": "21550",
          "participantID": "0557",
          "utterance": "아 아직은 취업 준비생이라서 토익 자격증을 준비하고 있어요!",
          "summary": "나는 토익 자격증을 준비한다.",
          "date": "2022-10-12",
          "time": "21:29:43",
          "terminate": "false"
        },
        {
          "speaker": "speaker2",
          "personaID": "51676",
          "participantID": "0738",
          "utterance": "아고고.. 그러시군요^^ 저는 변호사랍니다.",
          "summary": "나는 변호사이다.",
          "date": "2022-10-12",
          "time": "21:29:53",
          "terminate": "false"
        },
        {
          "speaker": "speaker1",
          "personaID": "21550",
          "participantID": "0557",
          "utterance": "와.. 저 변호사 처음 만나봐요!!!! 신기해요!!!",
          "summary": "",
          "date": "2022-10-12",
          "time": "21:30:01",
          "terminate": "false"
        },
        {
          "speaker": "speaker2",
          "personaID": "51676",
          "participantID": "0738",
          "utterance": "하하하 아닙니다. 저 잠깐 재판 좀 다녀올게요~^^",
          "summary": "",
          "date": "2022-10-12",
          "time": "21:30:11",
          "terminate": "true"
        }
      ],
      "sessionPersonaSummary": {
        "speaker1": [
          "나는 20대 여자이다.",
          "나의 거주지는 경기도이다.",
          "나는 토익 자격증을 준비한다."
        ],
        "speaker2": [
          "나는 50대 여자이다.",
          "나의 거주지는 서울이다.",
          "나는 변호사이다."
        ]
      },
      "prevAggregatedpersonaSummary": {
        "speaker1": [],
        "speaker2": []
      }
    },
    {
      "prevSessionID": "3-00417-1",
      "prevTimeInfo": {
        "timeNum": "1",
        "timeUnit": "일"
      },
      "nthSession": "2",
      "numberOfUtterances": "16",
      "numberOfTurns": "8",
      "sessionID": "3-00417-2",
      "dialog": [
        {
          "speaker": "speaker1",
          "personaID": "21550",
          "participantID": "0557",
          "utterance": "어제 연락드린다는게 깜빡했네요ㅠㅠ바쁘신가요?",
          "summary": "",
          "date": "2022-10-12",
          "time": "21:30:13",
          "terminate": "false"
        },
        {
          "speaker": "speaker2",
          "personaID": "51676",
          "participantID": "0738",
          "utterance": "하하하 아니에요^^ 선생님도 공부 열심히 하고 계신가요?",
          "summary": "",
          "date": "2022-10-12",
          "time": "21:30:43",
          "terminate": "false"
        },
        {
          "speaker": "speaker1",
          "personaID": "21550",
          "participantID": "0557",
          "utterance": "아..저 요즘 너무 짜증이나요ㅠㅠ제 스스로가 너무 답답해요.",
          "summary": "나는 요즘, 가끔 짜증이 난다.",
          "date": "2022-10-12",
          "time": "21:30:51",
          "terminate": "false"
        },
        {
          "speaker": "speaker2",
          "personaID": "51676",
          "participantID": "0738",
          "utterance": "아이고.. 왜요 무슨일이 있나요?",
          "summary": "",
          "date": "2022-10-12",
          "time": "21:31:13",
          "terminate": "false"
        },
        {
          "speaker": "speaker1",
          "personaID": "21550",
          "participantID": "0557",
          "utterance": "아침잠이 많아가지고.. @브랜드명1@학원을 매일 지각해요.. 그래서 택시타고 가는데 택시비가 너무 아깝네요.",
          "summary": "나는 아침잠이 많다. 나는 @브랜드명1@학원을 매일 지각한다.",
          "date": "2022-10-12",
          "time": "21:31:21",
          "terminate": "false"
        },
        {
          "speaker": "speaker2",
          "personaID": "51676",
          "participantID": "0738",
          "utterance": "아고고... 요즘 택시비가격이 엄청 올랐는데...ㅠㅠ 그래도 되요?",
          "summary": "",
          "date": "2022-10-12",
          "time": "21:31:40",
          "terminate": "false"
        },
        {
          "speaker": "speaker1",
          "personaID": "21550",
          "participantID": "0557",
          "utterance": "그니까요.... 그래서 매일 일찍 일어나려고 다짐하고 자는데.. 반복이네요ㅠㅠ.",
          "summary": "",
          "date": "2022-10-12",
          "time": "21:31:53",
          "terminate": "false"
        },
        {
          "speaker": "speaker2",
          "personaID": "51676",
          "participantID": "0738",
          "utterance": "그럴수있죠. 요즘 택시 요금이 부척 올랐죠?",
          "summary": "",
          "date": "2022-10-12",
          "time": "21:32:23",
          "terminate": "false"
        },
        {
          "speaker": "speaker1",
          "personaID": "21550",
          "participantID": "0557",
          "utterance": "맞아요.. 지금 3300원이죠.. 예~전에 저희 엄마때는 기본요금이 1500원이었다던데..",
          "summary": "",
          "date": "2022-10-12",
          "time": "21:32:41",
          "terminate": "false"
        },
        {
          "speaker": "speaker2",
          "personaID": "51676",
          "participantID": "0738",
          "utterance": "저 젊었을때는 1100원이였답니다. 호호호.",
          "summary": "",
          "date": "2022-10-12",
          "time": "21:33:01",
          "terminate": "false"
        },
        {
          "speaker": "speaker1",
          "personaID": "21550",
          "participantID": "0557",
          "utterance": "진짜요..? 헉..... 그럼 지금 버스 요금보다 싸네요..?하핫.",
          "summary": "",
          "date": "2022-10-12",
          "time": "21:33:15",
          "terminate": "false"
        },
        {
          "speaker": "speaker2",
          "personaID": "51676",
          "participantID": "0738",
          "utterance": "맞아요. 근데 그때 새우깡이 500원 하던 시절이랍니다.",
          "summary": "",
          "date": "2022-10-12",
          "time": "21:33:45",
          "terminate": "false"
        },
        {
          "speaker": "speaker1",
          "personaID": "21550",
          "participantID": "0557",
          "utterance": "새우깡이 500원이었던 적이 있었어요..? 대박이네요..",
          "summary": "",
          "date": "2022-10-12",
          "time": "21:34:02",
          "terminate": "false"
        },
        {
          "speaker": "speaker2",
          "personaID": "51676",
          "participantID": "0738",
          "utterance": "맞아요. 근데 그때는 택시 기사님들이 차안에서 담배를 무척 피던 시절이였어요 ㅠ.",
          "summary": "",
          "date": "2022-10-12",
          "time": "21:34:30",
          "terminate": "false"
        },
        {
          "speaker": "speaker1",
          "personaID": "21550",
          "participantID": "0557",
          "utterance": "와... 진짜요? 지금은 상상도 할 수 없는 일이잖아요! 후.. 우선 저 @브랜드명1@학원 도착해서 수업 받고 올게요!",
          "summary": "",
          "date": "2022-10-12",
          "time": "21:34:50",
          "terminate": "false"
        },
        {
          "speaker": "speaker2",
          "personaID": "51676",
          "participantID": "0738",
          "utterance": "네~ 수업 열심히 듣고 또 연락주세요!",
          "summary": "",
          "date": "2022-10-12",
          "time": "21:35:02",
          "terminate": "true"
        }
      ],
      "sessionPersonaSummary": {
        "speaker1": [
          "나는 요즘, 가끔 짜증이 난다.",
          "나는 아침잠이 많다. 나는 @브랜드명1@학원을 매일 지각한다."
        ],
        "speaker2": []
      },
      "prevAggregatedpersonaSummary": {
        "speaker1": [
          "나는 20대 여자이다.",
          "나의 거주지는 경기도이다.",
          "나는 토익 자격증을 준비한다."
        ],
        "speaker2": [
          "나는 50대 여자이다.",
          "나의 거주지는 서울이다.",
          "나는 변호사이다."
        ]
      }
    },
    {
      "prevSessionID": "3-00417-2",
      "prevTimeInfo": {
        "timeNum": "4",
        "timeUnit": "시간"
      },
      "nthSession": "3",
      "numberOfUtterances": "16",
      "numberOfTurns": "8",
      "sessionID": "3-00417-3",
      "dialog": [
        {
          "speaker": "speaker1",
          "personaID": "21550",
          "participantID": "0557",
          "utterance": "수업끝나니 네시간이 지났네요~ 뭐하고 계셨어요?",
          "summary": "",
          "date": "2022-10-12",
          "time": "21:35:07",
          "terminate": "false"
        },
        {
          "speaker": "speaker2",
          "personaID": "51676",
          "participantID": "0738",
          "utterance": "저는 재판 끝나고 이제 집가고 있네요~",
          "summary": "",
          "date": "2022-10-12",
          "time": "21:35:19",
          "terminate": "false"
        },
        {
          "speaker": "speaker1",
          "personaID": "21550",
          "participantID": "0557",
          "utterance": "우와.. 근데 저 궁금한거 있는데 여쭤봐도 돼요?",
          "summary": "",
          "date": "2022-10-12",
          "time": "21:35:30",
          "terminate": "false"
        },
        {
          "speaker": "speaker2",
          "personaID": "51676",
          "participantID": "0738",
          "utterance": "네~^^ 그럼요 편하게 물어봐 주세요!",
          "summary": "",
          "date": "2022-10-12",
          "time": "21:35:39",
          "terminate": "false"
        },
        {
          "speaker": "speaker1",
          "personaID": "21550",
          "participantID": "0557",
          "utterance": "혹시 중요한 재판 들어가는날에는 하면 안되는 징크스 같은게 있나요?",
          "summary": "",
          "date": "2022-10-12",
          "time": "21:35:44",
          "terminate": "false"
        },
        {
          "speaker": "speaker2",
          "personaID": "51676",
          "participantID": "0738",
          "utterance": "네.. 저는 예능을 안봐요. 예능을 보는 날이면 항상 지더라고요.",
          "summary": "나는 TV 예능을 싫어한다.",
          "date": "2022-10-12",
          "time": "21:36:11",
          "terminate": "false"
        },
        {
          "speaker": "speaker1",
          "personaID": "21550",
          "participantID": "0557",
          "utterance": "와 진짜요? 그럼 이건 꼭 해야한다 이런것도 있어요? 약간 좋은 기운을 불어넣어주는듯한?",
          "summary": "",
          "date": "2022-10-12",
          "time": "21:36:31",
          "terminate": "false"
        },
        {
          "speaker": "speaker2",
          "personaID": "51676",
          "participantID": "0738",
          "utterance": "음.. 저는 샐러드를 먹어요. 샐러드를 먹으면 몸이 가볍고 머리가 잘 돌아가거든요.",
          "summary": "",
          "date": "2022-10-12",
          "time": "21:37:14",
          "terminate": "false"
        },
        {
          "speaker": "speaker1",
          "personaID": "21550",
          "participantID": "0557",
          "utterance": "오 진짜 신기해요!! 저는 초록색을 좋아하는 것도 있지만 중요한 날에는 꼭 초록색 속옷을 입어요!!",
          "summary": "나는 초록색을 좋아한다. 나는 중요한 날에 초록색 속옷을 입는다.",
          "date": "2022-10-12",
          "time": "21:37:18",
          "terminate": "false"
        },
        {
          "speaker": "speaker2",
          "personaID": "51676",
          "participantID": "0738",
          "utterance": "그렇군요^^ 초록색 속옷이라.. ㅎㅎ 신기하네요!",
          "summary": "",
          "date": "2022-10-12",
          "time": "21:37:42",
          "terminate": "false"
        },
        {
          "speaker": "speaker1",
          "personaID": "21550",
          "participantID": "0557",
          "utterance": "하핫 일급비밀인데.. 선생님한테만 알려드린겁니다^^퇴근 후에는 일정 있으신가요?",
          "summary": "",
          "date": "2022-10-12",
          "time": "21:37:53",
          "terminate": "false"
        },
        {
          "speaker": "speaker2",
          "personaID": "51676",
          "participantID": "0738",
          "utterance": "그렇군요. ㅎㅎ 저는 영화를 좀 보려고요.",
          "summary": "나는 영화를 볼 것이다.",
          "date": "2022-10-12",
          "time": "21:38:23",
          "terminate": "false"
        },
        {
          "speaker": "speaker1",
          "personaID": "21550",
          "participantID": "0557",
          "utterance": "오 어떤 영화 보시려구요?ㅎㅎ요즘 개봉한 영화가 많긴하던데~",
          "summary": "",
          "date": "2022-10-12",
          "time": "21:38:33",
          "terminate": "false"
        },
        {
          "speaker": "speaker2",
          "personaID": "51676",
          "participantID": "0738",
          "utterance": "맞아요. ㅎㅎ 영화보면서 과일먹으면 참 힐링이 되요~^^",
          "summary": "나는 영화를 보면서 과일을 먹으면 힐링이 된다.",
          "date": "2022-10-12",
          "time": "21:39:04",
          "terminate": "false"
        },
        {
          "speaker": "speaker1",
          "personaID": "21550",
          "participantID": "0557",
          "utterance": "오 진짜요? 어떤 과일을 드시는데요?ㅎㅎ.",
          "summary": "",
          "date": "2022-10-12",
          "time": "21:39:19",
          "terminate": "false"
        },
        {
          "speaker": "speaker2",
          "personaID": "51676",
          "participantID": "0738",
          "utterance": "저는 홍시를 즐겨 먹어요!^^ ㅎㅎ 저 이제 영화좀 보고 올게요!",
          "summary": "나는 홍시를 즐겨 먹는다.",
          "date": "2022-10-12",
          "time": "21:39:35",
          "terminate": "true"
        }
      ],
      "sessionPersonaSummary": {
        "speaker1": [
          "나는 초록색을 좋아한다. 나는 중요한 날에 초록색 속옷을 입는다."
        ],
        "speaker2": [
          "나는 TV 예능을 싫어한다.",
          "나는 영화를 볼 것이다.",
          "나는 영화를 보면서 과일을 먹으면 힐링이 된다.",
          "나는 홍시를 즐겨 먹는다."
        ]
      },
      "prevAggregatedpersonaSummary": {
        "speaker1": [
          "나는 20대 여자이다.",
          "나의 거주지는 경기도이다.",
          "나는 토익 자격증을 준비한다.",
          "나는 요즘, 가끔 짜증이 난다.",
          "나는 아침잠이 많다. 나는 @브랜드명1@학원을 매일 지각한다."
        ],
        "speaker2": [
          "나는 50대 여자이다.",
          "나의 거주지는 서울이다.",
          "나는 변호사이다."
        ]
      }
    }
  ]
}