{
  "FileInfo": {
    "filename": "K3-00474-CL00845-CP01578-06-17-S3.json",
    "sessionLevel": "3"
  },
  "participantsInfo": {
    "numberOfParticipants": "2",
    "speaker1": {
      "participantID": "0048",
      "gender": "남성",
      "age": "50대",
      "occupation": "서비스직",
      "bPlace": "부산/대구/울산/경상",
      "gPlace": "부산/대구/울산/경상",
      "rPlace": "부산/대구/울산/경상",
      "educationLevel": "고졸"
    },
    "speaker2": {
      "participantID": "0121",
      "gender": "여성",
      "age": "20대",
      "occupation": "무직",
      "bPlace": "부산/대구/울산/경상",
      "gPlace": "부산/대구/울산/경상",
      "rPlace": "부산/대구/울산/경상",
      "educationLevel": "고졸"
    }
  },
  "multisessionInfo": {
    "multisessionID": "3-00474"
  },
  "personaInfo": {
    "clInfo": {
      "personaID": "00845",
      "personaFeatures": [
        "나는 남자이다.",
        "나는 60대 이상이다.",
        "나는 의사이다.",
        "나는 재즈 음악을 싫어한다.",
        "나는 된장찌개를 좋아한다."
      ],
      "speakerType": "speaker1"
    },
    "cpInfo": {
      "personaID": "01578",
      "personaFeatures": [
        "나는 여자이다.",
        "나는 20대이다.",
        "나는 연인이 없지만 신경 쓰지 않는다.",
        "나는 된장찌개를 즐겨 먹는다.",
        "나는 요즘, 자주 걱정스럽다."
      ],
      "speakerType": "speaker2"
    }
  },
  "topicInfo": {
    "topicID": "06-17",
    "topicType": "교육",
    "topicTitle": "대학원"
  },
  "sessionInfo": [
    {
      "prevSessionID": null,
      "prevTimeInfo": {
        "timeNum": null,
        "timeUnit": null
      },
      "nthSession": "1",
      "numberOfUtterances": "14",
      "numberOfTurns": "7",
      "sessionID": "3-00474-1",
      "dialog": [
        {
          "speaker": "speaker1",
          "personaID": "00845",
          "participantID": "0048",
          "utterance": "안녕하세요 반가워요 저는 60대 남자예요.",
          "summary": "나는 60대 남자이다.",
          "date": "2022-08-10",
          "time": "20:14:49",
          "terminate": "false"
        },
        {
          "speaker": "speaker2",
          "personaID": "01578",
          "participantID": "0121",
          "utterance": "안녕하세요 저는 20대 여성입니다.",
          "summary": "나는 20대 여자다.",
          "date": "2022-08-10",
          "time": "20:15:02",
          "terminate": "false"
        },
        {
          "speaker": "speaker1",
          "personaID": "00845",
          "participantID": "0048",
          "utterance": "저는 의사예요 님은 무슨일을 하세요?",
          "summary": "나는 의사이다.",
          "date": "2022-08-10",
          "time": "20:33:23",
          "terminate": "false"
        },
        {
          "speaker": "speaker2",
          "personaID": "01578",
          "participantID": "0121",
          "utterance": "저는 그냥 학원에서 @이름1@을 가르치는 일을 하고 있어요.",
          "summary": "나는 학원강사다.",
          "date": "2022-08-10",
          "time": "20:33:23",
          "terminate": "false"
        },
        {
          "speaker": "speaker1",
          "personaID": "00845",
          "participantID": "0048",
          "utterance": "그렇군요 어떤 과목을 가르치세요?",
          "summary": "나는 어떤 과목을 가르치는지 궁금하다.",
          "date": "2022-08-10",
          "time": "20:33:23",
          "terminate": "false"
        },
        {
          "speaker": "speaker2",
          "personaID": "01578",
          "participantID": "0121",
          "utterance": "정해진 과목은 따로 없고 @이름1@ 교재를 봐주는 일이에요 학습지요ㅎㅎ.",
          "summary": "",
          "date": "2022-08-10",
          "time": "20:33:23",
          "terminate": "false"
        },
        {
          "speaker": "speaker1",
          "personaID": "00845",
          "participantID": "0048",
          "utterance": "그렇군요 저는 오늘 대학원 강의가 있네요.",
          "summary": "나는 오늘 대학원 강의가 있다.",
          "date": "2022-08-10",
          "time": "20:33:23",
          "terminate": "false"
        },
        {
          "speaker": "speaker2",
          "personaID": "01578",
          "participantID": "0121",
          "utterance": "의사업무에 대학원 강의까지 업무가 상당하시네요 엄청 바쁘시겠어요.",
          "summary": "나는 업무가 상당한 거 같다.",
          "date": "2022-08-10",
          "time": "20:33:23",
          "terminate": "false"
        },
        {
          "speaker": "speaker1",
          "personaID": "00845",
          "participantID": "0048",
          "utterance": "아니요 가끔 가는거라 할만한거같아요ㅋㅋ.",
          "summary": "나는 가끔 있는 대학 강의가 할만하다.",
          "date": "2022-08-10",
          "time": "20:33:23",
          "terminate": "false"
        },
        {
          "speaker": "speaker2",
          "personaID": "01578",
          "participantID": "0121",
          "utterance": "그래도 뭔가 대단히 멋져보여요ㅎㅎ 저는 쉬는 시간이라 잠깐 카페에 나왔어요.",
          "summary": "나는 쉬는 시간이라 카페에 왔다.",
          "date": "2022-08-10",
          "time": "20:33:23",
          "terminate": "false"
        },
        {
          "speaker": "speaker1",
          "personaID": "00845",
          "participantID": "0048",
          "utterance": "그렇군요 커피 마시는것도 좋은거같네요.",
          "summary": "나는 커피 마시는 게 좋은 거 같다.",
          "date": "2022-08-10",
          "time": "20:33:23",
          "terminate": "false"
        },
        {
          "speaker": "speaker2",
          "personaID": "01578",
          "participantID": "0121",
          "utterance": "그럼 대학원 강의가 끝나면 또 의사업무를 보러 병원으로 다시 가시나요?",
          "summary": "",
          "date": "2022-08-10",
          "time": "20:33:23",
          "terminate": "false"
        },
        {
          "speaker": "speaker1",
          "personaID": "00845",
          "participantID": "0048",
          "utterance": "아니요 강의 있는날은 바로 퇴근해요 그럼 다음에 또 얘기해요.",
          "summary": "",
          "date": "2022-08-10",
          "time": "20:33:23",
          "terminate": "false"
        },
        {
          "speaker": "speaker2",
          "personaID": "01578",
          "participantID": "0121",
          "utterance": "그렇군요 반가웠습니다 다음에 또 이야기 나눠요 !",
          "summary": "",
          "date": "2022-08-10",
          "time": "20:33:23",
          "terminate": "true"
        }
      ],
      "sessionPersonaSummary": {
        "speaker1": [
          "나는 60대 남자이다.",
          "나는 의사이다.",
          "나는 어떤 과목을 가르치는지 궁금하다.",
          "나는 오늘 대학원 강의가 있다.",
          "나는 가끔 있는 대학 강의가 할만하다.",
          "나는 커피 마시는 게 좋은 거 같다."
        ],
        "speaker2": [
          "나는 20대 여자다.",
          "나는 학원강사다.",
          "나는 업무가 상당한 거 같다.",
          "나는 쉬는 시간이라 카페에 왔다."
        ]
      },
      "prevAggregatedpersonaSummary": {
        "speaker1": [],
        "speaker2": []
      }
    },
    {
      "prevSessionID": "3-00474-1",
      "prevTimeInfo": {
        "timeNum": "3",
        "timeUnit": "일"
      },
      "nthSession": "2",
      "numberOfUtterances": "14",
      "numberOfTurns": "7",
      "sessionID": "3-00474-2",
      "dialog": [
        {
          "speaker": "speaker1",
          "personaID": "00845",
          "participantID": "0048",
          "utterance": "안녕하세요 잘 지내셨나요? 님은 대학원 생각은 없으세요?",
          "summary": "",
          "date": "2022-08-10",
          "time": "20:33:23",
          "terminate": "false"
        },
        {
          "speaker": "speaker2",
          "personaID": "01578",
          "participantID": "0121",
          "utterance": "안녕하세요! 저는 대학원까지는 생각이 없어서 공부에 취미가 없달까요..",
          "summary": "나는 대학원 생각이 없고 공부에 취미가 없다.",
          "date": "2022-08-10",
          "time": "20:33:23",
          "terminate": "false"
        },
        {
          "speaker": "speaker1",
          "personaID": "00845",
          "participantID": "0048",
          "utterance": "아 그러시군요 요즘 직장다니면서도 공부하는 분들이 많더라구요.",
          "summary": "나는 요즘 직장 다니면서 공부하는 분들이 많다고 알고 있다.",
          "date": "2022-08-10",
          "time": "20:33:23",
          "terminate": "false"
        },
        {
          "speaker": "speaker2",
          "personaID": "01578",
          "participantID": "0121",
          "utterance": "맞아요 학점은행제라고 해서 학점으로 학사 학위 받는 분들도 많구요.",
          "summary": "나는 학사 학위 받는 분들이 많았다.",
          "date": "2022-08-10",
          "time": "20:33:23",
          "terminate": "false"
        },
        {
          "speaker": "speaker1",
          "personaID": "00845",
          "participantID": "0048",
          "utterance": "네 그렇더라구요 오늘은 좀 한가해서 음악을 듣고 있어요.",
          "summary": "나는 한가해서 음악을 듣는다.",
          "date": "2022-08-10",
          "time": "20:33:23",
          "terminate": "false"
        },
        {
          "speaker": "speaker2",
          "personaID": "01578",
          "participantID": "0121",
          "utterance": "한가할때 듣는 음악 좋죠 저는 그럴때는 신나는 음악이 좋던데 신나는 음악 좋아하세요?",
          "summary": "나는 신나는 음악이 좋다.",
          "date": "2022-08-10",
          "time": "20:33:23",
          "terminate": "false"
        },
        {
          "speaker": "speaker1",
          "personaID": "00845",
          "participantID": "0048",
          "utterance": "네 그런편인데 재즈 음악은 싫어해요.",
          "summary": "나는 재즈 음악을 싫어한다.",
          "date": "2022-08-10",
          "time": "20:33:23",
          "terminate": "false"
        },
        {
          "speaker": "speaker2",
          "personaID": "01578",
          "participantID": "0121",
          "utterance": "저도 재즈음악은 별로 딱히 땡기지 않더라구요ㅋㅋ.",
          "summary": "나는 재즈음악은 별로다.",
          "date": "2022-08-10",
          "time": "20:33:23",
          "terminate": "false"
        },
        {
          "speaker": "speaker1",
          "personaID": "00845",
          "participantID": "0048",
          "utterance": "네 그렇네요 그냥 크게 상관없이 모든음악 다 듣기는해요.",
          "summary": "나는 모든 음악을 상관없이 듣는다.",
          "date": "2022-08-10",
          "time": "20:33:23",
          "terminate": "false"
        },
        {
          "speaker": "speaker2",
          "personaID": "01578",
          "participantID": "0121",
          "utterance": "그렇군요ㅎㅎ저는 오늘 저녁으로 즐겨먹는 된장찌개를 먹어볼까해요 저녁드셨어요?",
          "summary": "나는 된장찌개를 즐겨먹는다.",
          "date": "2022-08-10",
          "time": "20:33:23",
          "terminate": "false"
        },
        {
          "speaker": "speaker1",
          "personaID": "00845",
          "participantID": "0048",
          "utterance": "아니요 아직이요 저도 된장지개를 좋아하긴해요.",
          "summary": "나는 된장찌개를 좋아한다.",
          "date": "2022-08-10",
          "time": "20:33:23",
          "terminate": "false"
        },
        {
          "speaker": "speaker2",
          "personaID": "01578",
          "participantID": "0121",
          "utterance": "음식 공통점이 하나 생겼네요!!ㅎㅎ 공통점이 생기는건 친해지는 지름길인거 같아요.",
          "summary": "",
          "date": "2022-08-10",
          "time": "20:33:23",
          "terminate": "false"
        },
        {
          "speaker": "speaker1",
          "personaID": "00845",
          "participantID": "0048",
          "utterance": "그렇겠네요 그럼 다음에 한번 식사하죠 먼저 가볼게요.",
          "summary": "나는 다음에 식사하자고 했다.",
          "date": "2022-08-10",
          "time": "20:33:23",
          "terminate": "false"
        },
        {
          "speaker": "speaker2",
          "personaID": "01578",
          "participantID": "0121",
          "utterance": "네 그럴기회가 생기면 좋겠네요 담에 뵈요!",
          "summary": "나는 식사할 기회가 생기면 좋겠다.",
          "date": "2022-08-10",
          "time": "20:33:23",
          "terminate": "true"
        }
      ],
      "sessionPersonaSummary": {
        "speaker1": [
          "나는 요즘 직장 다니면서 공부하는 분들이 많다고 알고 있다.",
          "나는 한가해서 음악을 듣는다.",
          "나는 재즈 음악을 싫어한다.",
          "나는 모든 음악을 상관없이 듣는다.",
          "나는 된장찌개를 좋아한다.",
          "나는 다음에 식사하자고 했다."
        ],
        "speaker2": [
          "나는 대학원 생각이 없고 공부에 취미가 없다.",
          "나는 학사 학위 받는 분들이 많았다.",
          "나는 신나는 음악이 좋다.",
          "나는 재즈음악은 별로다.",
          "나는 된장찌개를 즐겨먹는다.",
          "나는 식사할 기회가 생기면 좋겠다."
        ]
      },
      "prevAggregatedpersonaSummary": {
        "speaker1": [
          "나는 60대 남자이다.",
          "나는 의사이다.",
          "나는 어떤 과목을 가르치는지 궁금하다.",
          "나는 오늘 대학원 강의가 있다.",
          "나는 가끔 있는 대학 강의가 할만하다.",
          "나는 커피 마시는 게 좋은 거 같다."
        ],
        "speaker2": [
          "나는 20대 여자다.",
          "나는 학원강사다.",
          "나는 업무가 상당한 거 같다.",
          "나는 쉬는 시간이라 카페에 왔다."
        ]
      }
    },
    {
      "prevSessionID": "3-00474-2",
      "prevTimeInfo": {
        "timeNum": "7",
        "timeUnit": "일"
      },
      "nthSession": "3",
      "numberOfUtterances": "14",
      "numberOfTurns": "7",
      "sessionID": "3-00474-3",
      "dialog": [
        {
          "speaker": "speaker1",
          "personaID": "00845",
          "participantID": "0048",
          "utterance": "안녕하세요 그동안 잘 지내셨나요?",
          "summary": "",
          "date": "2022-08-10",
          "time": "20:33:23",
          "terminate": "false"
        },
        {
          "speaker": "speaker2",
          "personaID": "01578",
          "participantID": "0121",
          "utterance": "오랜만이네요! 잘지내셨어요? 저는 요즘 하도 주위에서 소개팅을 하라고 해서 귀찮네요ㅎㅎ.",
          "summary": "나는 주위에서 소개팅을 하라고 해서 귀찮다.",
          "date": "2022-08-10",
          "time": "20:33:23",
          "terminate": "false"
        },
        {
          "speaker": "speaker1",
          "personaID": "00845",
          "participantID": "0048",
          "utterance": "아 그럼 만나는 분이 없으신가보네요?",
          "summary": "",
          "date": "2022-08-10",
          "time": "20:33:23",
          "terminate": "false"
        },
        {
          "speaker": "speaker2",
          "personaID": "01578",
          "participantID": "0121",
          "utterance": "네 아직 인연을 못 만났어요ㅎㅎ 근데 연인이 없어도 그렇게 신경쓰지 않아요ㅋㅋ.",
          "summary": "나는 연인이 없어도 신경 쓰지 않는다.",
          "date": "2022-08-10",
          "time": "20:33:23",
          "terminate": "false"
        },
        {
          "speaker": "speaker1",
          "personaID": "00845",
          "participantID": "0048",
          "utterance": "그렇군요 자기 편한대로 사는거죠 뭐 ㅋㅋ.",
          "summary": "나는 자기 편한 대로 사는 거라 생각한다.",
          "date": "2022-08-10",
          "time": "20:33:23",
          "terminate": "false"
        },
        {
          "speaker": "speaker2",
          "personaID": "01578",
          "participantID": "0121",
          "utterance": "맞아요 굳이 꼭 소개팅을 해서까지 만날 필요가있나요ㅋㅋ.",
          "summary": "나는 꼭 소개팅을 해서 만날 필요가 있나 싶다.",
          "date": "2022-08-10",
          "time": "20:33:23",
          "terminate": "false"
        },
        {
          "speaker": "speaker1",
          "personaID": "00845",
          "participantID": "0048",
          "utterance": "네 마음 가시는 대로 하는게 좋을거같네요.",
          "summary": "나는 마음 가는 대로 하면 된다고 생각한다.",
          "date": "2022-08-10",
          "time": "20:33:23",
          "terminate": "false"
        },
        {
          "speaker": "speaker2",
          "personaID": "01578",
          "participantID": "0121",
          "utterance": "그런데 요즘 자주 걱정스러운게 있긴 하네요.",
          "summary": "나는 요즘 자주 걱정스러운 게 있다.",
          "date": "2022-08-10",
          "time": "20:33:23",
          "terminate": "false"
        },
        {
          "speaker": "speaker1",
          "personaID": "00845",
          "participantID": "0048",
          "utterance": "아 그래요? 무슨 걱정이 있으신가요?",
          "summary": "",
          "date": "2022-08-10",
          "time": "20:33:23",
          "terminate": "false"
        },
        {
          "speaker": "speaker2",
          "personaID": "01578",
          "participantID": "0121",
          "utterance": "조금 더 나이 먹기전에 전에 말씀하셨던 대학원을 진학 해보려고 알아보고있는데 쉽지않아서요ㅎㅎ.",
          "summary": "나는 대학원 진학을 알아보는데 쉽지 않다.",
          "date": "2022-08-10",
          "time": "20:33:23",
          "terminate": "false"
        },
        {
          "speaker": "speaker1",
          "personaID": "00845",
          "participantID": "0048",
          "utterance": "그러시군요 그래도 찬찬히 알아보시고 결정하면 될 거같아요.",
          "summary": "나는 찬찬히 알아보고 결정하면 될 거 같다.",
          "date": "2022-08-10",
          "time": "20:33:23",
          "terminate": "false"
        },
        {
          "speaker": "speaker2",
          "personaID": "01578",
          "participantID": "0121",
          "utterance": "항상 좋은 조언만 해주시는거 같아요 늘 감사하네요ㅎㅎ.",
          "summary": "",
          "date": "2022-08-10",
          "time": "20:33:23",
          "terminate": "false"
        },
        {
          "speaker": "speaker1",
          "personaID": "00845",
          "participantID": "0048",
          "utterance": "뭐든 잘 선택하시길 바랍니다 그럼 다음에 봐요.",
          "summary": "",
          "date": "2022-08-10",
          "time": "20:33:41",
          "terminate": "false"
        },
        {
          "speaker": "speaker2",
          "personaID": "01578",
          "participantID": "0121",
          "utterance": "네 감사합니다 좋은 선택할께요! 그럼 담에 또 이야기나눠요!",
          "summary": "",
          "date": "2022-08-10",
          "time": "20:34:01",
          "terminate": "true"
        }
      ],
      "sessionPersonaSummary": {
        "speaker1": [
          "나는 자기 편한 대로 사는 거라 생각한다.",
          "나는 마음 가는 대로 하면 된다고 생각한다.",
          "나는 찬찬히 알아보고 결정하면 될 거 같다."
        ],
        "speaker2": [
          "나는 주위에서 소개팅을 하라고 해서 귀찮다.",
          "나는 연인이 없어도 신경 쓰지 않는다.",
          "나는 꼭 소개팅을 해서 만날 필요가 있나 싶다.",
          "나는 요즘 자주 걱정스러운 게 있다.",
          "나는 대학원 진학을 알아보는데 쉽지 않다."
        ]
      },
      "prevAggregatedpersonaSummary": {
        "speaker1": [
          "나는 60대 남자이다.",
          "나는 의사이다.",
          "나는 어떤 과목을 가르치는지 궁금하다.",
          "나는 오늘 대학원 강의가 있다.",
          "나는 가끔 있는 대학 강의가 할만하다.",
          "나는 커피 마시는 게 좋은 거 같다.",
          "나는 요즘 직장 다니면서 공부하는 분들이 많다고 알고 있다.",
          "나는 한가해서 음악을 듣는다.",
          "나는 재즈 음악을 싫어한다.",
          "나는 모든 음악을 상관없이 듣는다.",
          "나는 된장찌개를 좋아한다.",
          "나는 다음에 식사하자고 했다."
        ],
        "speaker2": [
          "나는 20대 여자다.",
          "나는 학원강사다.",
          "나는 업무가 상당한 거 같다.",
          "나는 쉬는 시간이라 카페에 왔다.",
          "나는 대학원 생각이 없고 공부에 취미가 없다.",
          "나는 학사 학위 받는 분들이 많았다.",
          "나는 신나는 음악이 좋다.",
          "나는 재즈음악은 별로다.",
          "나는 된장찌개를 즐겨먹는다.",
          "나는 식사할 기회가 생기면 좋겠다."
        ]
      }
    }
  ]
}