{
  "FileInfo": {
    "filename": "K3-00041-CL25676-CP13442-12-12-S3.json",
    "sessionLevel": "3"
  },
  "participantsInfo": {
    "numberOfParticipants": "2",
    "speaker1": {
      "participantID": "4561",
      "gender": "여성",
      "age": "20대",
      "occupation": "전문직",
      "bPlace": "광주/전라/제주",
      "gPlace": "광주/전라/제주",
      "rPlace": "광주/전라/제주",
      "educationLevel": "대졸"
    },
    "speaker2": {
      "participantID": "4634",
      "gender": "여성",
      "age": "20대",
      "occupation": "서비스직",
      "bPlace": "부산/대구/울산/경상",
      "gPlace": "부산/대구/울산/경상",
      "rPlace": "부산/대구/울산/경상",
      "educationLevel": "고졸"
    }
  },
  "multisessionInfo": {
    "multisessionID": "3-00041"
  },
  "personaInfo": {
    "clInfo": {
      "personaID": "25676",
      "personaFeatures": [
        "나는 여자이다.",
        "나는 20대이다.",
        "나는 가을을 좋아한다",
        "나는 한약사이다",
        "나는 멜로 영화를 좋아한다",
        "나는 소주를 싫어한다",
        "나는 요즘, 매일 괴롭다"
      ],
      "speakerType": "speaker1"
    },
    "cpInfo": {
      "personaID": "13442",
      "personaFeatures": [
        "나는 여자이다.",
        "나는 10대이다.",
        "나의 아버지는 중학교 선생님이다",
        "내가 좋아하는 과목은 윤리이다",
        "나는 콘솔 게임 하는 것을 좋아한다",
        "나는 매우 소극적이다",
        "나는 공포 영화 보는 것을 싫어한다"
      ],
      "speakerType": "speaker2"
    }
  },
  "topicInfo": {
    "topicID": "12-12",
    "topicType": "여가와 오락>여행",
    "topicTitle": "패키지"
  },
  "sessionInfo": [
    {
      "prevSessionID": null,
      "prevTimeInfo": {
        "timeNum": null,
        "timeUnit": null
      },
      "nthSession": "1",
      "numberOfUtterances": "14",
      "numberOfTurns": "7",
      "sessionID": "3-00041-1",
      "dialog": [
        {
          "speaker": "speaker1",
          "personaID": "25676",
          "participantID": "4561",
          "utterance": "안녕하세요~ 저는 20대 여성입니다!",
          "summary": "나는 20대 여성이다",
          "date": "2022-11-17",
          "time": "19:18:43",
          "terminate": "false"
        },
        {
          "speaker": "speaker2",
          "personaID": "13442",
          "participantID": "4634",
          "utterance": "안녕하세요 저는 10대 여성이에요!",
          "summary": "나는 10대 여성이다.",
          "date": "2022-11-17",
          "time": "19:19:49",
          "terminate": "false"
        },
        {
          "speaker": "speaker1",
          "personaID": "25676",
          "participantID": "4561",
          "utterance": "저는 가을을 좋아하는 한약사입니다~ 어떤걸 좋아하세요?",
          "summary": "나는 가을을 좋아하는 한약사다",
          "date": "2022-11-17",
          "time": "19:21:22",
          "terminate": "false"
        },
        {
          "speaker": "speaker2",
          "personaID": "13442",
          "participantID": "4634",
          "utterance": "한약사라니 멋있으세요! 저는 아직 학생이애요 대신 아버지가 중학교 선생님이셔서 저도 윤리과목을 좋아해요!",
          "summary": "나는 윤리과목을 좋아하고 나의 아버지는 중학교 선생님이시다.",
          "date": "2022-11-17",
          "time": "19:24:27",
          "terminate": "false"
        },
        {
          "speaker": "speaker1",
          "personaID": "25676",
          "participantID": "4561",
          "utterance": "저는 멜로 영화와 가을을 좋아해요! 요즘 어떠세요?",
          "summary": "나는 멜로 영화와 가을을 좋아한다",
          "date": "2022-11-17",
          "time": "19:30:31",
          "terminate": "false"
        },
        {
          "speaker": "speaker2",
          "personaID": "13442",
          "participantID": "4634",
          "utterance": "멜로 영화를 좋아하시는군요 저도 영화는 다 좋지만 공포영화는 싫어해요",
          "summary": "나는 공포영화를 싫어한다.",
          "date": "2022-11-17",
          "time": "19:31:20",
          "terminate": "false"
        },
        {
          "speaker": "speaker1",
          "personaID": "25676",
          "participantID": "4561",
          "utterance": "저는 요즘 매일 괴롭네요 .. 남들은 괴로울 때 소주를 먹는다고 하는데 저는 소주를 싫어합니다",
          "summary": "나는 요즘 매일 괴롭다 나는 소주를 싫어한다",
          "date": "2022-11-17",
          "time": "19:38:54",
          "terminate": "false"
        },
        {
          "speaker": "speaker2",
          "personaID": "13442",
          "participantID": "4634",
          "utterance": "왜 괴로우실까요.. 저는 힘들때 콘솔게임하는걸 좋아하는데 한번 해보세요 기분이 훨씬 나아지더라구요",
          "summary": "나는 콘솔게임을 좋아한다.",
          "date": "2022-11-17",
          "time": "19:40:07",
          "terminate": "false"
        },
        {
          "speaker": "speaker1",
          "personaID": "25676",
          "participantID": "4561",
          "utterance": "좋은 조언 감사합니다! 콘솔게임 배워볼게요 ^^",
          "summary": "",
          "date": "2022-11-17",
          "time": "19:42:12",
          "terminate": "false"
        },
        {
          "speaker": "speaker2",
          "personaID": "13442",
          "participantID": "4634",
          "utterance": "제가 매우 소극적인 편이라 집에서 스트레스를 풀거든요",
          "summary": "나는 매우 소극적이다.",
          "date": "2022-11-17",
          "time": "19:44:39",
          "terminate": "false"
        },
        {
          "speaker": "speaker1",
          "personaID": "25676",
          "participantID": "4561",
          "utterance": "아 그러시구나  혹시 거주하시는 곳은 어디세요?",
          "summary": "",
          "date": "2022-11-17",
          "time": "19:45:51",
          "terminate": "false"
        },
        {
          "speaker": "speaker2",
          "personaID": "13442",
          "participantID": "4634",
          "utterance": "저는 대구에 살고 있어요 @이름@님은 어디에 거주하세요?",
          "summary": "나는 대구에 거주하고 있다.",
          "date": "2022-11-17",
          "time": "19:46:14",
          "terminate": "false"
        },
        {
          "speaker": "speaker1",
          "personaID": "25676",
          "participantID": "4561",
          "utterance": "저는 서울에 거주하고 있습니다! 대구와 서울은 아주 먼거리네요~",
          "summary": "나는 서울에 거주한다",
          "date": "2022-11-17",
          "time": "20:23:09",
          "terminate": "false"
        },
        {
          "speaker": "speaker2",
          "personaID": "13442",
          "participantID": "4634",
          "utterance": "그러게요! 저는 이만 일이 있어서 가봐야 할것같아요 우리 다음에 마저 대화해요!",
          "summary": "",
          "date": "2022-11-17",
          "time": "20:23:50",
          "terminate": "true"
        }
      ],
      "sessionPersonaSummary": {
        "speaker1": [
          "나는 20대 여성이다",
          "나는 가을을 좋아하는 한약사다",
          "나는 멜로 영화와 가을을 좋아한다",
          "나는 요즘 매일 괴롭다",
          "나는 소주를 싫어한다",
          "나는 서울에 거주한다"
        ],
        "speaker2": [
          "나는 10대 여성이다.",
          "나는 윤리과목을 좋아하고 나의 아버지는 중학교 선생님이시다.",
          "나는 공포영화를 싫어한다.",
          "나는 콘솔게임을 좋아한다.",
          "나는 매우 소극적이다.",
          "나는 대구에 거주하고 있다."
        ]
      },
      "prevAggregatedpersonaSummary": {
        "speaker1": [],
        "speaker2": []
      }
    },
    {
      "prevSessionID": "3-00041-1",
      "prevTimeInfo": {
        "timeNum": "39",
        "timeUnit": "시간"
      },
      "nthSession": "2",
      "numberOfUtterances": "14",
      "numberOfTurns": "7",
      "sessionID": "3-00041-2",
      "dialog": [
        {
          "speaker": "speaker1",
          "personaID": "25676",
          "participantID": "4561",
          "utterance": "안녕하세요! 며칠동안 학교는 잘 다녀오셨어요? 저는 여가시간에 여행을 다녀왔어요~",
          "summary": "나는 여가시간에 여행을 다녀왔다",
          "date": "2022-11-17",
          "time": "20:35:56",
          "terminate": "false"
        },
        {
          "speaker": "speaker2",
          "personaID": "13442",
          "participantID": "4634",
          "utterance": "거의 이틀만이네요! 여행 재밌으셨겠어요! ",
          "summary": "",
          "date": "2022-11-17",
          "time": "20:39:53",
          "terminate": "false"
        },
        {
          "speaker": "speaker1",
          "personaID": "25676",
          "participantID": "4561",
          "utterance": "가족과 패키지 여행을 다녀왔는데 꽤 즐거운 추억이었습니다 @이름1@님은 여행 좋아하세요?",
          "summary": "나는 가족과 패키지여행을 다녀왔다",
          "date": "2022-11-17",
          "time": "20:44:11",
          "terminate": "false"
        },
        {
          "speaker": "speaker2",
          "personaID": "13442",
          "participantID": "4634",
          "utterance": "네 저도 여행 엄청 좋아해요 아버지가 방학기간이 되시면 가족끼리 많이 여행다녔어요",
          "summary": "나는 여행을 좋아한다. 아버지가 선생님이라 아버지 방학 때 여행을 많이 다녔다.",
          "date": "2022-11-17",
          "time": "21:00:41",
          "terminate": "false"
        },
        {
          "speaker": "speaker1",
          "personaID": "25676",
          "participantID": "4561",
          "utterance": "요즘 매일 괴로운 일상의 연속이었는데 여행을 다녀오니 기분전환 제대로 됐습니다! 기회가 되면 @이름1@님이 거주하시는 대구로도 여행을 가봐야겠어요~ 대구에 추천 여행지 있으실까요?",
          "summary": "나는 괴로운 일상이었는데 여행을 다녀와서 기분전환이 됐다 나는 대구로 여행을 가보려 한다",
          "date": "2022-11-17",
          "time": "21:05:02",
          "terminate": "false"
        },
        {
          "speaker": "speaker2",
          "personaID": "13442",
          "participantID": "4634",
          "utterance": "다행이에요 괴로운데 좀 사라지셔가지구 대구에는 볼게 많아요! 맛집도 많구요!",
          "summary": "대구에는 볼 것과 맛집이 많다.",
          "date": "2022-11-17",
          "time": "21:06:03",
          "terminate": "false"
        },
        {
          "speaker": "speaker1",
          "personaID": "25676",
          "participantID": "4561",
          "utterance": "우와 꼭 여행가보겠습니다.@이름1@님 여행 좋아하신다고 하시니 기회 되시면 전주로 여행가보세요~ 한옥마을도 있고 패키지 여행으로도 많이 오시더라구요^^",
          "summary": "",
          "date": "2022-11-17",
          "time": "21:17:55",
          "terminate": "false"
        },
        {
          "speaker": "speaker2",
          "personaID": "13442",
          "participantID": "4634",
          "utterance": "@이름2@님 서울에 거주 하시는거 아니었나요?! 전주가 본가인거에요?",
          "summary": "",
          "date": "2022-11-17",
          "time": "21:24:00",
          "terminate": "false"
        },
        {
          "speaker": "speaker1",
          "personaID": "25676",
          "participantID": "4561",
          "utterance": "네 서울에 거주하고 있는데 전주에 가족이 있어서 자주 왕래를 합니다 제 본가예요!",
          "summary": "",
          "date": "2022-11-17",
          "time": "21:34:02",
          "terminate": "false"
        },
        {
          "speaker": "speaker2",
          "personaID": "13442",
          "participantID": "4634",
          "utterance": "전주는 한번도 안가봐서 꼭 가보고 싶어요! ",
          "summary": "나는 전주에 가보고 싶다.",
          "date": "2022-11-17",
          "time": "21:37:45",
          "terminate": "false"
        },
        {
          "speaker": "speaker1",
          "personaID": "25676",
          "participantID": "4561",
          "utterance": "정말 너무 좋았다 싶었던 여행지 있으세요?",
          "summary": "",
          "date": "2022-11-17",
          "time": "21:42:40",
          "terminate": "false"
        },
        {
          "speaker": "speaker2",
          "personaID": "13442",
          "participantID": "4634",
          "utterance": "저는 코로나 이전에 괌에 다녀온게 가장 기억에 남아요",
          "summary": "나는 괌에 다녀온 게 가장 기억에 남는다.",
          "date": "2022-11-17",
          "time": "21:43:28",
          "terminate": "false"
        },
        {
          "speaker": "speaker1",
          "personaID": "25676",
          "participantID": "4561",
          "utterance": "우와 저는 괌은 한 번도 안가봤어요 이제 코로나도 풀렸으니 해외 여행도 자유로워져서 너무 설레네요~",
          "summary": "나는 해외여행 갈 생각에 설렌다",
          "date": "2022-11-17",
          "time": "21:44:29",
          "terminate": "false"
        },
        {
          "speaker": "speaker2",
          "personaID": "13442",
          "participantID": "4634",
          "utterance": "맞아요 얼른 여행다녀오고 싶어요 저는 이제 약속이 있어서 나가봐야할것같아요! 다음에 또 대화 나눠요!",
          "summary": "나는 얼른 여행을 가고 싶다.",
          "date": "2022-11-17",
          "time": "21:46:39",
          "terminate": "true"
        }
      ],
      "sessionPersonaSummary": {
        "speaker1": [
          "나는 여가시간에 여행을 다녀왔다",
          "나는 가족과 패키지여행을 다녀왔다",
          "나는 괴로운 일상이었는데 여행을 다녀와서 기분전환이 됐다",
          "나는 대구로 여행을 가보려 한다",
          "나는 해외여행 갈 생각에 설렌다"
        ],
        "speaker2": [
          "나는 여행을 좋아한다. 아버지가 선생님이라 아버지 방학 때 여행을 많이 다녔다.",
          "대구에는 볼 것과 맛집이 많다.",
          "나는 전주에 가보고 싶다.",
          "나는 괌에 다녀온 게 가장 기억에 남는다.",
          "나는 얼른 여행을 가고 싶다."
        ]
      },
      "prevAggregatedpersonaSummary": {
        "speaker1": [
          "나는 20대 여성이다",
          "나는 가을을 좋아하는 한약사다",
          "나는 멜로 영화와 가을을 좋아한다",
          "나는 요즘 매일 괴롭다",
          "나는 소주를 싫어한다",
          "나는 서울에 거주한다"
        ],
        "speaker2": [
          "나는 10대 여성이다.",
          "나는 윤리과목을 좋아하고 나의 아버지는 중학교 선생님이시다.",
          "나는 공포영화를 싫어한다.",
          "나는 콘솔게임을 좋아한다.",
          "나는 매우 소극적이다.",
          "나는 대구에 거주하고 있다."
        ]
      }
    },
    {
      "prevSessionID": "3-00041-2",
      "prevTimeInfo": {
        "timeNum": "2",
        "timeUnit": "일"
      },
      "nthSession": "3",
      "numberOfUtterances": "14",
      "numberOfTurns": "7",
      "sessionID": "3-00041-3",
      "dialog": [
        {
          "speaker": "speaker1",
          "personaID": "25676",
          "participantID": "4561",
          "utterance": "안녕하세요~ 그제 약속은 잘 다녀오셨어요 ?",
          "summary": "나는 그제 대화를 마지막으로 했다",
          "date": "2022-11-17",
          "time": "21:55:36",
          "terminate": "false"
        },
        {
          "speaker": "speaker2",
          "personaID": "13442",
          "participantID": "4634",
          "utterance": "안녕하세요 우리 2일만인가요? 그 동안 뭐하고 지내셨어요?",
          "summary": "",
          "date": "2022-11-17",
          "time": "22:03:04",
          "terminate": "false"
        },
        {
          "speaker": "speaker1",
          "personaID": "25676",
          "participantID": "4561",
          "utterance": "2일동안 또 여행을 다녀왔어요 여수로 여행다녀왔습니다 밤바다가 너무 감동적이었어요. @이름1@님은 이틀동안 뭐하고 지내셨어요?",
          "summary": "나는 여수로 여행을 다녀왔다 나는 밤바다가 너무 감동적이었다",
          "date": "2022-11-17",
          "time": "22:06:49",
          "terminate": "false"
        },
        {
          "speaker": "speaker2",
          "personaID": "13442",
          "participantID": "4634",
          "utterance": "와 여수 저도 너무 가보고 싶어요! 저는 아버지랑 당일치기로 재주도에 다녀왔어요",
          "summary": "나는 아버지와 당일치기 제주도 여행을 다녀왔다.",
          "date": "2022-11-17",
          "time": "22:07:47",
          "terminate": "false"
        },
        {
          "speaker": "speaker1",
          "personaID": "25676",
          "participantID": "4561",
          "utterance": "우와 당일치기 제주도는 처음 들어봐요 제가 다녀왔던 제주도 여행에서는 흑돼지가 최고였어요 제주도 여행에서 어떤게 제일 기억에 남아요?",
          "summary": " 나는 제주도 여행에서 흑돼지가 최고였다",
          "date": "2022-11-17",
          "time": "22:19:40",
          "terminate": "false"
        },
        {
          "speaker": "speaker2",
          "personaID": "13442",
          "participantID": "4634",
          "utterance": "저도 흑돼지 먹었는데 진짜 천국의 맛이었어요 저는 조용히 바닷가 구경한게 제일 좋았던거같아요",
          "summary": "나는 조용한 바닷가를 구경하는 게 좋았다.",
          "date": "2022-11-17",
          "time": "22:25:37",
          "terminate": "false"
        },
        {
          "speaker": "speaker1",
          "personaID": "25676",
          "participantID": "4561",
          "utterance": "그쵸 흑돼지 진짜 맛있었어요 고기국수도 맛있었구요 @이름1@님은 활동적인 여행이 좋으세요 힐링 여행이 좋으세요?",
          "summary": "나는 흑돼지도 좋아하지만 고기국수도 맛있게 먹었다",
          "date": "2022-11-17",
          "time": "22:29:44",
          "terminate": "false"
        },
        {
          "speaker": "speaker2",
          "personaID": "13442",
          "participantID": "4634",
          "utterance": "저는 소극적인 편이라 조용하개 힐링할 수 있는 여행이 조금 더 좋은것같아요",
          "summary": "나는 소극적인 편이다.",
          "date": "2022-11-17",
          "time": "22:30:27",
          "terminate": "false"
        },
        {
          "speaker": "speaker1",
          "personaID": "25676",
          "participantID": "4561",
          "utterance": "저도 여행중에 간단히 맥주 마시면서 힐링하는 여행이 좋아요 소주는 여행중에도 싫어요^^",
          "summary": "나는 여행 중에 간단히 맥주 마시면서 힐링하는 여행이 좋다",
          "date": "2022-11-17",
          "time": "22:52:41",
          "terminate": "false"
        },
        {
          "speaker": "speaker2",
          "personaID": "13442",
          "participantID": "4634",
          "utterance": "소주를 정말 싫어 하시나봐요!! 저는 아직 학생이라 술을 못마셔요ㅎ",
          "summary": "나는 학생이다.",
          "date": "2022-11-18",
          "time": "02:05:08",
          "terminate": "false"
        },
        {
          "speaker": "speaker1",
          "personaID": "25676",
          "participantID": "4561",
          "utterance": "어른이 돼서 다녀오고 싶은 여행 있으세요?",
          "summary": "",
          "date": "2022-11-18",
          "time": "09:54:13",
          "terminate": "false"
        },
        {
          "speaker": "speaker2",
          "personaID": "13442",
          "participantID": "4634",
          "utterance": "저는 일본에 다녀오고 싶어요 게임문화가 잘 잡혀있는걸로 알고있어서요!",
          "summary": "나는 일본에 다녀오고 싶다.",
          "date": "2022-11-18",
          "time": "10:09:31",
          "terminate": "false"
        },
        {
          "speaker": "speaker1",
          "personaID": "25676",
          "participantID": "4561",
          "utterance": "우와 일본 생각만 해도 좋네요 저도 일본 여행 다녀왔을때 인형 뽑기를 엄청 재밌게 하고 왔어요!",
          "summary": "나는 일본 여행에서 인형 뽑기를 재밌게 했다",
          "date": "2022-11-18",
          "time": "12:08:10",
          "terminate": "false"
        },
        {
          "speaker": "speaker2",
          "personaID": "13442",
          "participantID": "4634",
          "utterance": "인형뽑기 저는 잘 못하는 편인것같아요! 저는이만 수업들으러 가봐야 할거같아요 우리 다음에 또 대화해요!",
          "summary": "",
          "date": "2022-11-18",
          "time": "13:44:07",
          "terminate": "true"
        }
      ],
      "sessionPersonaSummary": {
        "speaker1": [
          "나는 그제 대화를 마지막으로 했다",
          "나는 여수로 여행을 다녀왔다",
          "나는 밤바다가 너무 감동적이었다",
          "나는 제주도 여행에서 흑돼지가 최고였다",
          "나는 흑돼지도 좋아하지만 고기국수도 맛있게 먹었다",
          "나는 여행 중에 간단히 맥주 마시면서 힐링하는 여행이 좋다",
          "나는 일본 여행에서 인형 뽑기를 재밌게 했다"
        ],
        "speaker2": [
          "나는 아버지와 당일치기 제주도 여행을 다녀왔다.",
          "나는 조용한 바닷가를 구경하는 게 좋았다.",
          "나는 소극적인 편이다.",
          "나는 학생이다.",
          "나는 일본에 다녀오고 싶다."
        ]
      },
      "prevAggregatedpersonaSummary": {
        "speaker1": [
          "나는 20대 여성이다",
          "나는 가을을 좋아하는 한약사다",
          "나는 멜로 영화와 가을을 좋아한다",
          "나는 요즘 매일 괴롭다",
          "나는 소주를 싫어한다",
          "나는 서울에 거주한다",
          "나는 여가시간에 여행을 다녀왔다",
          "나는 가족과 패키지여행을 다녀왔다",
          "나는 괴로운 일상이었는데 여행을 다녀와서 기분전환이 됐다",
          "나는 대구로 여행을 가보려 한다",
          "나는 해외여행 갈 생각에 설렌다"
        ],
        "speaker2": [
          "나는 10대 여성이다.",
          "나는 윤리과목을 좋아하고 나의 아버지는 중학교 선생님이시다.",
          "나는 공포영화를 싫어한다.",
          "나는 콘솔게임을 좋아한다.",
          "나는 매우 소극적이다.",
          "나는 대구에 거주하고 있다.",
          "나는 여행을 좋아한다. 아버지가 선생님이라 아버지 방학 때 여행을 많이 다녔다.",
          "대구에는 볼 것과 맛집이 많다.",
          "나는 전주에 가보고 싶다.",
          "나는 괌에 다녀온 게 가장 기억에 남는다.",
          "나는 얼른 여행을 가고 싶다."
        ]
      }
    }
  ]
}