{
  "FileInfo": {
    "filename": "K3-00263-CL61008-CP22382-06-08-S3.json",
    "sessionLevel": "3"
  },
  "participantsInfo": {
    "numberOfParticipants": "2",
    "speaker1": {
      "participantID": "0454",
      "gender": "여성",
      "age": "60대 이상",
      "occupation": "사무직",
      "bPlace": "부산/대구/울산/경상",
      "gPlace": "부산/대구/울산/경상",
      "rPlace": "부산/대구/울산/경상",
      "educationLevel": "고졸"
    },
    "speaker2": {
      "participantID": "0678",
      "gender": "여성",
      "age": "20대",
      "occupation": "학생",
      "bPlace": "광주/전라/제주",
      "gPlace": "광주/전라/제주",
      "rPlace": "광주/전라/제주",
      "educationLevel": "고졸"
    }
  },
  "multisessionInfo": {
    "multisessionID": "3-00263"
  },
  "personaInfo": {
    "clInfo": {
      "personaID": "61008",
      "personaFeatures": [
        "나는 여자이다.",
        "나는 60대 이상이다.",
        "나는 매우 활발하다.",
        "나는 약을 먹는 것을 싫어한다.",
        "나는 귤을 좋아한다."
      ],
      "speakerType": "speaker1"
    },
    "cpInfo": {
      "personaID": "22382",
      "personaFeatures": [
        "나는 여자이다.",
        "나는 20대이다.",
        "나는 매우 덤벙댄다.",
        "나는 철학 전공이다.",
        "나는 양식을 안 먹는다."
      ],
      "speakerType": "speaker2"
    }
  },
  "topicInfo": {
    "topicID": "06-08",
    "topicType": "교육",
    "topicTitle": "성적"
  },
  "sessionInfo": [
    {
      "prevSessionID": null,
      "prevTimeInfo": {
        "timeNum": null,
        "timeUnit": null
      },
      "nthSession": "1",
      "numberOfUtterances": "16",
      "numberOfTurns": "8",
      "sessionID": "3-00263-1",
      "dialog": [
        {
          "speaker": "speaker1",
          "personaID": "61008",
          "participantID": "0454",
          "utterance": "반가워요^^ 저는 60대 여자입니다~~~",
          "summary": "나는 60대 여자이다.",
          "date": "2022-10-06",
          "time": "12:50:34",
          "terminate": "false"
        },
        {
          "speaker": "speaker2",
          "personaID": "22382",
          "participantID": "0678",
          "utterance": "안녕하세요 저는 20대 여자입니다~ 하하~^^",
          "summary": "나는 20대 여자이다.",
          "date": "2022-10-06",
          "time": "12:57:26",
          "terminate": "false"
        },
        {
          "speaker": "speaker1",
          "personaID": "61008",
          "participantID": "0454",
          "utterance": "나이차가 많지만 그래도 우리 편하게 이야기할까요?",
          "summary": "",
          "date": "2022-10-06",
          "time": "12:57:26",
          "terminate": "false"
        },
        {
          "speaker": "speaker2",
          "personaID": "22382",
          "participantID": "0678",
          "utterance": "좋지요~ 전 매우 덤벙거리는 성격이라 선생님같은 분이 필요해요.",
          "summary": "나는 매우 덤벙댄다.",
          "date": "2022-10-06",
          "time": "12:57:43",
          "terminate": "false"
        },
        {
          "speaker": "speaker1",
          "personaID": "61008",
          "participantID": "0454",
          "utterance": "저는 활발해서! 잘 맞을거에요!혹시 거주하는 곳이 어딘지 물어봐도 될까요?",
          "summary": "나는 매우 활발하다.",
          "date": "2022-10-06",
          "time": "12:57:43",
          "terminate": "false"
        },
        {
          "speaker": "speaker2",
          "personaID": "22382",
          "participantID": "0678",
          "utterance": "전 시골에 살아요! 엄청 깊숙한 지방이요,, 학교때문에요 ㅠㅠ.",
          "summary": "",
          "date": "2022-10-06",
          "time": "12:57:57",
          "terminate": "false"
        },
        {
          "speaker": "speaker1",
          "personaID": "61008",
          "participantID": "0454",
          "utterance": "헉.. 왜요? 대학생인가보네요?",
          "summary": "",
          "date": "2022-10-06",
          "time": "12:58:17",
          "terminate": "false"
        },
        {
          "speaker": "speaker2",
          "personaID": "22382",
          "participantID": "0678",
          "utterance": "네, 제가 전공하는게 매우 특이해서 대학교에 많이 없거든요~",
          "summary": "",
          "date": "2022-10-06",
          "time": "12:58:24",
          "terminate": "false"
        },
        {
          "speaker": "speaker1",
          "personaID": "61008",
          "participantID": "0454",
          "utterance": "아이고.. 무슨 전공을 하는지 물어봐도되요?",
          "summary": "",
          "date": "2022-10-06",
          "time": "12:58:32",
          "terminate": "false"
        },
        {
          "speaker": "speaker2",
          "personaID": "22382",
          "participantID": "0678",
          "utterance": "철학 전공이에요.. 20대 여자가 하기엔 좀 웃긴 전공이죠?",
          "summary": "나는 철학 전공이다.",
          "date": "2022-10-06",
          "time": "12:58:35",
          "terminate": "false"
        },
        {
          "speaker": "speaker1",
          "personaID": "61008",
          "participantID": "0454",
          "utterance": "소크라테스의 예비제자군요? 호호호공부한느데 안힘들어요?",
          "summary": "",
          "date": "2022-10-06",
          "time": "12:58:45",
          "terminate": "false"
        },
        {
          "speaker": "speaker2",
          "personaID": "22382",
          "participantID": "0678",
          "utterance": "힘들긴한데, 알아가는 기쁨이 또 쏠쏠하거든요!",
          "summary": "",
          "date": "2022-10-06",
          "time": "12:59:05",
          "terminate": "false"
        },
        {
          "speaker": "speaker1",
          "personaID": "61008",
          "participantID": "0454",
          "utterance": "그렇군요^^ 밥은 먹고 하는거죠?",
          "summary": "",
          "date": "2022-10-06",
          "time": "12:59:20",
          "terminate": "false"
        },
        {
          "speaker": "speaker2",
          "personaID": "22382",
          "participantID": "0678",
          "utterance": "전 곧 친구들이랑 학식 먹으러 갈거같은데요~? 선생님은요?",
          "summary": "",
          "date": "2022-10-06",
          "time": "12:59:36",
          "terminate": "false"
        },
        {
          "speaker": "speaker1",
          "personaID": "61008",
          "participantID": "0454",
          "utterance": "그렇군요^^ 저는 오랫만에 파스타 먹으려고요! 파스타 좋아해요?",
          "summary": "",
          "date": "2022-10-06",
          "time": "12:59:54",
          "terminate": "false"
        },
        {
          "speaker": "speaker2",
          "personaID": "22382",
          "participantID": "0678",
          "utterance": "저도 지금 친구들이 양식 먹는다네요, 전 양식을 안먹어서. 흠 전 굶어야겠어요 다녀오세요~",
          "summary": "나는 양식을 안 먹는다.",
          "date": "2022-10-06",
          "time": "13:00:18",
          "terminate": "true"
        }
      ],
      "sessionPersonaSummary": {
        "speaker1": [
          "나는 60대 여자이다.",
          "나는 매우 활발하다."
        ],
        "speaker2": [
          "나는 20대 여자이다.",
          "나는 매우 덤벙댄다.",
          "나는 철학 전공이다.",
          "나는 양식을 안 먹는다."
        ]
      },
      "prevAggregatedpersonaSummary": {
        "speaker1": [],
        "speaker2": []
      }
    },
    {
      "prevSessionID": "3-00263-1",
      "prevTimeInfo": {
        "timeNum": "2",
        "timeUnit": "시간"
      },
      "nthSession": "2",
      "numberOfUtterances": "16",
      "numberOfTurns": "8",
      "sessionID": "3-00263-2",
      "dialog": [
        {
          "speaker": "speaker1",
          "personaID": "61008",
          "participantID": "0454",
          "utterance": "친구분들이랑 학식 맛있게 드시고오셨어요? 벌써 2시간이 지났는데~~ ㅎㅎ.",
          "summary": "",
          "date": "2022-10-06",
          "time": "13:00:19",
          "terminate": "false"
        },
        {
          "speaker": "speaker2",
          "personaID": "22382",
          "participantID": "0678",
          "utterance": "전 굶었어요 결국에도.. 양식은 왜이렇게 느끼한거죠?",
          "summary": "",
          "date": "2022-10-06",
          "time": "13:00:34",
          "terminate": "false"
        },
        {
          "speaker": "speaker1",
          "personaID": "61008",
          "participantID": "0454",
          "utterance": "아이고.. 그렇군요. 저는 밥 맛있게 먹고 이제 약을 먹으려고 하는데.. 여간 먹기 싫네요.",
          "summary": "나는 약을 먹는 것을 싫어한다.",
          "date": "2022-10-06",
          "time": "13:00:40",
          "terminate": "false"
        },
        {
          "speaker": "speaker2",
          "personaID": "22382",
          "participantID": "0678",
          "utterance": "어디아프세요 선생님? 왠 약이에요? 저희 아빠도 매일 드시긴 하는데..",
          "summary": "",
          "date": "2022-10-06",
          "time": "13:01:10",
          "terminate": "false"
        },
        {
          "speaker": "speaker1",
          "personaID": "61008",
          "participantID": "0454",
          "utterance": "하하하.. 영양제랍니다. 이나이에 약없인 못살거든요!",
          "summary": "",
          "date": "2022-10-06",
          "time": "13:01:23",
          "terminate": "false"
        },
        {
          "speaker": "speaker2",
          "personaID": "22382",
          "participantID": "0678",
          "utterance": "그런소리 하지마셔요~ 너무 슬프잖아요 ㅠㅠ....",
          "summary": "",
          "date": "2022-10-06",
          "time": "13:01:28",
          "terminate": "false"
        },
        {
          "speaker": "speaker1",
          "personaID": "61008",
          "participantID": "0454",
          "utterance": "하하하... 그나저나 밥 못먹어서 어째요? 공부해야하는거아니에요?",
          "summary": "",
          "date": "2022-10-06",
          "time": "13:01:50",
          "terminate": "false"
        },
        {
          "speaker": "speaker2",
          "personaID": "22382",
          "participantID": "0678",
          "utterance": "괜찮아요 집에서 과일 도시락 싸다녀서 이걸로 떼웠어요.",
          "summary": "",
          "date": "2022-10-06",
          "time": "13:02:08",
          "terminate": "false"
        },
        {
          "speaker": "speaker1",
          "personaID": "61008",
          "participantID": "0454",
          "utterance": "오. 과일을 좋아하보네요. 저도 귤을 좋아하는데.",
          "summary": "나는 귤을 좋아한다.",
          "date": "2022-10-06",
          "time": "13:02:21",
          "terminate": "false"
        },
        {
          "speaker": "speaker2",
          "personaID": "22382",
          "participantID": "0678",
          "utterance": "오 그러시군요~!! 하 전 걱정이에요 오늘도..",
          "summary": "",
          "date": "2022-10-06",
          "time": "13:02:49",
          "terminate": "false"
        },
        {
          "speaker": "speaker1",
          "personaID": "61008",
          "participantID": "0454",
          "utterance": "왜요? 무슨 걱정이 또 있을까요?",
          "summary": "",
          "date": "2022-10-06",
          "time": "13:02:55",
          "terminate": "false"
        },
        {
          "speaker": "speaker2",
          "personaID": "22382",
          "participantID": "0678",
          "utterance": "이따 집에가면 엄마한테 한소리 들을 것 같네요. 성적이 나왔거든요.",
          "summary": "",
          "date": "2022-10-06",
          "time": "13:03:08",
          "terminate": "false"
        },
        {
          "speaker": "speaker1",
          "personaID": "61008",
          "participantID": "0454",
          "utterance": "아이고.. 어머니가 성적관리를 좀 해주시나보네요?",
          "summary": "",
          "date": "2022-10-06",
          "time": "13:03:16",
          "terminate": "false"
        },
        {
          "speaker": "speaker2",
          "personaID": "22382",
          "participantID": "0678",
          "utterance": "네 간섭하시는거죠..학사경고는 피했지만,, 학점이 더 떨어졌어요!!",
          "summary": "",
          "date": "2022-10-06",
          "time": "13:03:32",
          "terminate": "false"
        },
        {
          "speaker": "speaker1",
          "personaID": "61008",
          "participantID": "0454",
          "utterance": "이래놓고 선생님 성적 올 A아닌가요? 어쩌다 A-고 호호....",
          "summary": "",
          "date": "2022-10-06",
          "time": "13:03:35",
          "terminate": "false"
        },
        {
          "speaker": "speaker2",
          "personaID": "22382",
          "participantID": "0678",
          "utterance": "흑.. 엄마한테 혼나기전에 변명 좀 생각해야겠어요... 잠시만요!",
          "summary": "",
          "date": "2022-10-06",
          "time": "13:03:53",
          "terminate": "true"
        }
      ],
      "sessionPersonaSummary": {
        "speaker1": [
          "나는 약을 먹는 것을 싫어한다.",
          "나는 귤을 좋아한다."
        ],
        "speaker2": []
      },
      "prevAggregatedpersonaSummary": {
        "speaker1": [
          "나는 60대 여자이다.",
          "나는 매우 활발하다."
        ],
        "speaker2": [
          "나는 20대 여자이다.",
          "나는 매우 덤벙댄다.",
          "나는 철학 전공이다.",
          "나는 양식을 안 먹는다."
        ]
      }
    },
    {
      "prevSessionID": "3-00263-2",
      "prevTimeInfo": {
        "timeNum": "5",
        "timeUnit": "주"
      },
      "nthSession": "3",
      "numberOfUtterances": "16",
      "numberOfTurns": "8",
      "sessionID": "3-00263-3",
      "dialog": [
        {
          "speaker": "speaker1",
          "personaID": "61008",
          "participantID": "0454",
          "utterance": "제가 5주만에 연락을 드리네요! 잘지내셧나요?",
          "summary": "",
          "date": "2022-10-06",
          "time": "13:04:07",
          "terminate": "false"
        },
        {
          "speaker": "speaker2",
          "personaID": "22382",
          "participantID": "0678",
          "utterance": "네~ 저는 그뒤로 공부하느라 바빴어요. 성적관리 중요하더라구요.",
          "summary": "나는 공부하느라 바빴다.",
          "date": "2022-10-06",
          "time": "13:04:19",
          "terminate": "false"
        },
        {
          "speaker": "speaker1",
          "personaID": "61008",
          "participantID": "0454",
          "utterance": "그랫군요? 저 사실 해외여행에 다녀왔었거든요^^ 하하하..",
          "summary": "나는 해외여행에 다녀왔다.",
          "date": "2022-10-06",
          "time": "13:04:23",
          "terminate": "false"
        },
        {
          "speaker": "speaker2",
          "personaID": "22382",
          "participantID": "0678",
          "utterance": "여행 다녀오셨어요~? 어디 다녀오셨나요?",
          "summary": "",
          "date": "2022-10-06",
          "time": "13:04:59",
          "terminate": "false"
        },
        {
          "speaker": "speaker1",
          "personaID": "61008",
          "participantID": "0454",
          "utterance": "저는 유럽일주 투어를했어요! 부럽죠?",
          "summary": "나는 유럽 일주 투어 했다.",
          "date": "2022-10-06",
          "time": "13:05:10",
          "terminate": "false"
        },
        {
          "speaker": "speaker2",
          "personaID": "22382",
          "participantID": "0678",
          "utterance": "와~~ 너무 부러워요 패키지로 다녀오셨나보네요!? 선생님은 제또래 자녀가 없으신가요?",
          "summary": "",
          "date": "2022-10-06",
          "time": "13:05:28",
          "terminate": "false"
        },
        {
          "speaker": "speaker1",
          "personaID": "61008",
          "participantID": "0454",
          "utterance": "네.. 저는 일찍 결혼해서 @이름1@이 전부 30대에요!",
          "summary": "나의 @이름1@은 30대이다. 나는 일찍 결혼했다.",
          "date": "2022-10-06",
          "time": "13:05:43",
          "terminate": "false"
        },
        {
          "speaker": "speaker2",
          "personaID": "22382",
          "participantID": "0678",
          "utterance": "저희 엄마는 제 성적관리하느라 여행도 못간다고 투덜 거리셔요.",
          "summary": "",
          "date": "2022-10-06",
          "time": "13:05:54",
          "terminate": "false"
        },
        {
          "speaker": "speaker1",
          "personaID": "61008",
          "participantID": "0454",
          "utterance": "이번에 시원하게 한번 보내드리는거 어때요?",
          "summary": "",
          "date": "2022-10-06",
          "time": "13:06:04",
          "terminate": "false"
        },
        {
          "speaker": "speaker2",
          "personaID": "22382",
          "participantID": "0678",
          "utterance": "음 . 제가 아직 대학생이라 이 철학전공 잘 살려서 취업하고 보내드려야겠어요.",
          "summary": "",
          "date": "2022-10-06",
          "time": "13:06:23",
          "terminate": "false"
        },
        {
          "speaker": "speaker1",
          "personaID": "61008",
          "participantID": "0454",
          "utterance": "저는 @이름1@ 성적관리는 커녕 암것도 안해줘서 선생님 부모님이 대단해 보이네요.",
          "summary": "",
          "date": "2022-10-06",
          "time": "13:06:29",
          "terminate": "false"
        },
        {
          "speaker": "speaker2",
          "personaID": "22382",
          "participantID": "0678",
          "utterance": "어머.. 그런가요? 갑자기 엄마한테 감사한 마음이 드네요.",
          "summary": "",
          "date": "2022-10-06",
          "time": "13:06:50",
          "terminate": "false"
        },
        {
          "speaker": "speaker1",
          "personaID": "61008",
          "participantID": "0454",
          "utterance": "하하하.. 어머니께 영양제하나라도 사드려요!",
          "summary": "",
          "date": "2022-10-06",
          "time": "13:06:59",
          "terminate": "false"
        },
        {
          "speaker": "speaker2",
          "personaID": "22382",
          "participantID": "0678",
          "utterance": "그래야겠어요 저희 어머니도 선생님처럼 약 드시는거 싫어하시긴 한데..",
          "summary": "",
          "date": "2022-10-06",
          "time": "13:07:14",
          "terminate": "false"
        },
        {
          "speaker": "speaker1",
          "personaID": "61008",
          "participantID": "0454",
          "utterance": "저 그럼 오랫만에 와서 다죽어가는 식물 관리좀 해야겠네요~ 또 연락하도록해요!",
          "summary": "",
          "date": "2022-10-06",
          "time": "13:07:15",
          "terminate": "false"
        },
        {
          "speaker": "speaker2",
          "personaID": "22382",
          "participantID": "0678",
          "utterance": "오늘 대화 너무 즐거웠어요~! 다음에 또 대화해요^^.",
          "summary": "",
          "date": "2022-10-06",
          "time": "13:07:22",
          "terminate": "true"
        }
      ],
      "sessionPersonaSummary": {
        "speaker1": [
          "나는 해외여행에 다녀왔다.",
          "나는 유럽 일주 투어 했다.",
          "나의 @이름1@은 30대이다. 나는 일찍 결혼했다."
        ],
        "speaker2": [
          "나는 공부하느라 바빴다."
        ]
      },
      "prevAggregatedpersonaSummary": {
        "speaker1": [
          "나는 60대 여자이다.",
          "나는 매우 활발하다.",
          "나는 약을 먹는 것을 싫어한다.",
          "나는 귤을 좋아한다."
        ],
        "speaker2": [
          "나는 20대 여자이다.",
          "나는 매우 덤벙댄다.",
          "나는 철학 전공이다.",
          "나는 양식을 안 먹는다."
        ]
      }
    }
  ]
}